

TREE # 1

  0  0.0000  14254.280723  x:  0.10630   0.05388   0.08226   0.01036   0.05957   0.02150   0.09577   0.08937   0.05713   0.05355   0.05026   0.07019   0.05197   0.02628   0.01330   0.02623   0.02945   0.02584   0.07012   0.10458   0.02268   0.05351   0.03311   0.05759   0.10478   0.06141   0.05235   0.06963   0.07520   0.04185   0.03200   0.04012   0.03222   0.06913   0.03203   0.05850   0.09890   0.06682   0.01013   0.08236   0.04466   0.04933   0.03347   0.10442   0.01959   0.06091   0.06494   0.06950   0.09380   0.01076   0.10360   0.07730   0.06887   0.07747   0.03402   0.08193   0.10377   0.03138   0.01415   0.07421   0.07219   0.09829   0.10656   0.10756   0.04369   0.06281   0.03250   0.10354   0.05571   0.08501   0.10368   0.04787   0.01878   0.07859   0.06135   0.06293   0.07189   0.07419   0.02740   0.01770   0.08043   0.06616   0.04713   0.01096   0.04379   0.01623   0.07845   0.03884   0.05480   0.06262   0.05713   0.03255   0.02819   0.05793   0.04280   0.02729   0.09035   0.03424   0.02541   0.09819   0.09743   0.06892   0.04688   0.07435   0.02406   0.09962   0.06745   0.01681   0.03995   0.01171   0.08168   0.02141   0.06634   0.09679   0.06353   0.08251   0.07970   0.05562   0.09545   0.02850   0.10477   0.09388   0.01091   0.01497   0.01414   0.03434   0.05529   0.03660   0.02655   0.04364   0.04469   0.09361   0.07114   0.04735   0.07736   0.02371   0.05975   0.08165   0.02748   0.08557   0.08456   0.10501   0.02595   0.05463   0.03321   0.06838   0.10783   0.51466   0.55709   0.41481  
  1 99.0000  12932.421325  x:  0.13498   0.06555   0.09311   0.12928   0.08602   0.08029   0.10166   0.08790   0.05521   0.06119   0.13268   0.07534   0.02970   0.01222   0.19745   0.12294   0.05498   0.03606   0.08331   0.14784   0.29330   0.12091   0.00428   0.03158   0.07860   0.04332   0.03080   0.05198   0.05005   0.02009   0.10093   0.02571   0.05022   0.10099   0.13467   0.03449   0.09032   0.07138   0.32504   0.10230   0.26107   0.05984   0.16941   0.11290   0.00418   0.05836   0.05340   0.13281   0.23057   0.54784   0.09184   0.10150   0.09426   0.11738   0.01487   0.05348   0.08182   0.04298   0.04378   0.14320   0.11989   0.14881   0.14190   0.08096   0.09224   0.07248   0.02431   0.08848   0.03791   0.06494   0.09168   0.08330   0.15122   0.09291   0.10648   0.04727   0.06662   0.12718   0.20055   0.04061   0.11394   0.05318   0.03797   0.69912   0.04824   0.12940   0.06286   0.04564   0.04803   0.06377   0.14733   0.00900   0.00000   0.05831   0.05433   0.11464   0.10949   0.16924   0.16345   0.13976   0.17030   0.10629   0.12568   0.08596   0.08405   0.11851   0.07645   0.30727   0.09479   0.02079   0.06415   0.13969   0.07989   0.09940   0.11759   0.07542   0.07112   0.07370   0.08554   0.05034   0.10017   0.07764   0.10260   0.04741   0.04699   0.07597   0.06333   0.02648   0.01893   0.03386   0.04236   0.08110   0.05190   0.02806   0.06272   0.06141   0.04191   0.08922   0.03431   0.08448   0.10764   0.10451   0.02467   0.05651   0.09090   0.14991   0.13760   0.53574   0.56282   0.42758  
  2 7777.3658  12902.479407  x:  0.13835   0.06595   0.09340   0.13172   0.08710   0.08236   0.10224   0.08769   0.05493   0.06207   0.13697   0.07444   0.02590   0.00880   0.19574   0.12267   0.05446   0.03523   0.08369   0.15033   0.29327   0.12308   0.00000   0.02776   0.07432   0.04043   0.02721   0.04832   0.04618   0.01687   0.10139   0.02428   0.05033   0.10299   0.13516   0.03094   0.08871   0.07063   0.32274   0.10408   0.26358   0.06115   0.17031   0.11368   0.00369   0.05484   0.05055   0.13544   0.23714   0.54577   0.09050   0.10342   0.09582   0.11998   0.01360   0.04918   0.07860   0.04303   0.04283   0.14657   0.12244   0.15242   0.14494   0.07691   0.09361   0.07307   0.02398   0.08654   0.03479   0.06193   0.08922   0.08456   0.15056   0.09344   0.10925   0.04446   0.06507   0.12893   0.20102   0.03950   0.11656   0.05156   0.03451   0.69725   0.04452   0.12831   0.06079   0.04631   0.04706   0.06339   0.14979   0.00724   0.00000   0.05643   0.05300   0.11490   0.11078   0.17061   0.16382   0.14311   0.17475   0.10890   0.12783   0.08557   0.08569   0.12061   0.07592   0.30658   0.09516   0.02034   0.06172   0.13888   0.07960   0.09876   0.12119   0.07413   0.06965   0.07517   0.08384   0.05105   0.09940   0.07518   0.10160   0.04662   0.04689   0.07742   0.06394   0.02540   0.01851   0.03254   0.04216   0.07937   0.04900   0.02515   0.06051   0.06309   0.03915   0.08919   0.03456   0.08438   0.10969   0.10440   0.02448   0.05676   0.09244   0.15395   0.14019   0.53756   0.56353   0.42922  
  3 1173.5147  12838.243780  x:  0.14556   0.06636   0.09349   0.13865   0.08985   0.08694   0.10381   0.08698   0.05400   0.06451   0.14588   0.07240   0.01227   0.00000   0.19196   0.12269   0.05447   0.03421   0.08500   0.15494   0.29452   0.12602   0.00000   0.01537   0.05790   0.03125   0.01764   0.03443   0.03359   0.01236   0.10281   0.02560   0.05017   0.10487   0.13707   0.02224   0.08481   0.07001   0.31664   0.10577   0.27171   0.06313   0.17304   0.11492   0.02617   0.04268   0.04180   0.13913   0.24892   0.54166   0.08800   0.10505   0.09742   0.12309   0.02274   0.03313   0.06725   0.04190   0.04049   0.15104   0.12534   0.15768   0.14985   0.06196   0.09484   0.07374   0.02531   0.08177   0.02336   0.05233   0.07932   0.08561   0.14939   0.09436   0.11333   0.03473   0.05967   0.13193   0.20345   0.03758   0.12012   0.04836   0.02350   0.69460   0.03144   0.12597   0.05648   0.04588   0.04627   0.06297   0.15449   0.03098   0.00000   0.05283   0.05100   0.11574   0.11276   0.17456   0.16544   0.14844   0.18069   0.11258   0.13226   0.08321   0.08859   0.12604   0.07518   0.30605   0.09630   0.02383   0.05607   0.13721   0.07877   0.09524   0.12765   0.06936   0.06426   0.07698   0.07739   0.05163   0.09728   0.06658   0.09936   0.04561   0.04710   0.07938   0.06463   0.02476   0.01984   0.02992   0.04207   0.07409   0.03815   0.01428   0.05322   0.06580   0.02890   0.08768   0.03456   0.08422   0.11272   0.10406   0.02377   0.05760   0.09481   0.16030   0.14428   0.54193   0.56588   0.43436  
  4 2464.4274  12802.715814  x:  0.14741   0.06570   0.09264   0.14267   0.09103   0.08818   0.10468   0.08643   0.05329   0.06592   0.14761   0.07198   0.00033   0.00000   0.19093   0.12326   0.05550   0.03484   0.08631   0.15510   0.29637   0.12441   0.00000   0.00000   0.04169   0.02137   0.01487   0.02163   0.02489   0.01474   0.10347   0.02745   0.04973   0.10298   0.13844   0.02075   0.08341   0.07101   0.31287   0.10412   0.27717   0.06349   0.17454   0.11477   0.02201   0.03215   0.03638   0.13878   0.24871   0.54013   0.08647   0.10323   0.09594   0.12250   0.02052   0.01806   0.05778   0.04134   0.04001   0.14922   0.12349   0.15636   0.14934   0.04850   0.09364   0.07320   0.02543   0.07995   0.01301   0.04563   0.06991   0.08429   0.14922   0.09446   0.11303   0.02741   0.05563   0.13166   0.20567   0.03776   0.11895   0.04859   0.01624   0.69515   0.02028   0.12526   0.05591   0.04479   0.04751   0.06345   0.15485   0.03542   0.00000   0.05258   0.05139   0.11607   0.11234   0.17666   0.16681   0.14804   0.17825   0.11201   0.13349   0.08067   0.08879   0.12871   0.07572   0.30705   0.09682   0.02472   0.05354   0.13646   0.07835   0.09158   0.12828   0.06538   0.05971   0.07617   0.07159   0.05103   0.09617   0.05931   0.09856   0.04615   0.04752   0.07865   0.06415   0.02603   0.02031   0.02975   0.04236   0.07069   0.02797   0.00408   0.04779   0.06590   0.01940   0.08545   0.03437   0.08434   0.11194   0.10383   0.02311   0.05830   0.09432   0.15945   0.14364   0.54365   0.56770   0.43804  
  5 1552.2278  12801.956179  x:  0.14741   0.06566   0.09260   0.14274   0.09103   0.08817   0.10469   0.08641   0.05328   0.06595   0.14758   0.07200   0.00000   0.00000   0.19092   0.12326   0.05548   0.03485   0.08630   0.15507   0.29641   0.12440   0.00000   0.00000   0.04115   0.02124   0.01506   0.02129   0.02483   0.01456   0.10347   0.02733   0.04974   0.10299   0.13847   0.02090   0.08341   0.07104   0.31277   0.10412   0.27726   0.06356   0.17454   0.11477   0.02205   0.03189   0.03635   0.13878   0.24865   0.54010   0.08649   0.10323   0.09597   0.12251   0.02059   0.01759   0.05757   0.04138   0.04002   0.14920   0.12348   0.15634   0.14934   0.04811   0.09366   0.07321   0.02542   0.07995   0.01274   0.04555   0.06966   0.08428   0.14921   0.09447   0.11309   0.02733   0.05558   0.13164   0.20569   0.03777   0.11895   0.04865   0.01621   0.69518   0.01999   0.12525   0.05593   0.04482   0.04751   0.06346   0.15483   0.03541   0.00000   0.05258   0.05138   0.11605   0.11233   0.17668   0.16683   0.14805   0.17822   0.11206   0.13355   0.08063   0.08880   0.12875   0.07575   0.30708   0.09682   0.02469   0.05353   0.13644   0.07835   0.09153   0.12830   0.06531   0.05962   0.07617   0.07145   0.05105   0.09617   0.05913   0.09856   0.04616   0.04751   0.07864   0.06415   0.02600   0.02027   0.02977   0.04235   0.07064   0.02765   0.00376   0.04769   0.06594   0.01912   0.08540   0.03440   0.08435   0.11192   0.10383   0.02309   0.05832   0.09430   0.15943   0.14363   0.54368   0.56775   0.43813  
  6 2181.1055  12794.549002  x:  0.14733   0.06525   0.09213   0.14319   0.09082   0.08796   0.10480   0.08630   0.05315   0.06609   0.14708   0.07244   0.00000   0.00000   0.19088   0.12325   0.05541   0.03492   0.08617   0.15485   0.29674   0.12440   0.00000   0.00000   0.03456   0.01935   0.01472   0.01689   0.02526   0.01216   0.10359   0.02760   0.04966   0.10317   0.13890   0.02290   0.08353   0.07123   0.31182   0.10407   0.27779   0.06421   0.17443   0.11482   0.02265   0.02964   0.03671   0.13887   0.24823   0.53985   0.08682   0.10332   0.09606   0.12250   0.02020   0.01206   0.05598   0.04123   0.04002   0.14919   0.12355   0.15634   0.14944   0.04390   0.09378   0.07332   0.02556   0.08009   0.01016   0.04528   0.06731   0.08422   0.14911   0.09464   0.11370   0.02721   0.05526   0.13152   0.20570   0.03782   0.11889   0.04931   0.01692   0.69565   0.01700   0.12533   0.05606   0.04446   0.04739   0.06339   0.15468   0.03547   0.00000   0.05245   0.05120   0.11588   0.11236   0.17667   0.16698   0.14825   0.17812   0.11248   0.13415   0.08054   0.08889   0.12897   0.07586   0.30737   0.09682   0.02511   0.05379   0.13635   0.07833   0.09128   0.12864   0.06487   0.05895   0.07629   0.07012   0.05113   0.09623   0.05738   0.09854   0.04617   0.04749   0.07863   0.06416   0.02598   0.02069   0.02986   0.04233   0.07042   0.02390   0.00000   0.04699   0.06635   0.01590   0.08497   0.03444   0.08442   0.11183   0.10385   0.02286   0.05850   0.09425   0.15943   0.14356   0.54383   0.56823   0.43884  
  7 5143.0449  12779.527104  x:  0.14732   0.06441   0.09117   0.14411   0.09031   0.08759   0.10500   0.08607   0.05291   0.06636   0.14619   0.07321   0.00000   0.00000   0.19081   0.12323   0.05538   0.03501   0.08602   0.15456   0.29733   0.12441   0.00000   0.00000   0.02005   0.01442   0.01423   0.00674   0.02608   0.00675   0.10390   0.02801   0.04940   0.10338   0.14005   0.02734   0.08374   0.07161   0.30982   0.10387   0.27891   0.06565   0.17419   0.11492   0.02347   0.02519   0.03755   0.13904   0.24763   0.53934   0.08741   0.10339   0.09605   0.12240   0.01990   0.00000   0.05304   0.04103   0.03991   0.14918   0.12362   0.15638   0.14967   0.03504   0.09393   0.07345   0.02560   0.08031   0.00487   0.04487   0.06263   0.08396   0.14884   0.09496   0.11470   0.02697   0.05461   0.13139   0.20563   0.03795   0.11869   0.05046   0.01850   0.69664   0.01062   0.12547   0.05622   0.04418   0.04733   0.06330   0.15447   0.03605   0.00000   0.05206   0.05087   0.11558   0.11243   0.17667   0.16725   0.14858   0.17795   0.11313   0.13541   0.08039   0.08900   0.12932   0.07591   0.30793   0.09684   0.02536   0.05413   0.13616   0.07826   0.09088   0.12930   0.06415   0.05772   0.07644   0.06739   0.05118   0.09638   0.05388   0.09851   0.04620   0.04747   0.07861   0.06416   0.02602   0.02099   0.02994   0.04233   0.07009   0.01570   0.00000   0.04571   0.06715   0.00900   0.08403   0.03447   0.08455   0.11173   0.10392   0.02235   0.05885   0.09417   0.15947   0.14349   0.54424   0.56922   0.44025  
  8 81478.9378  12768.864338  x:  0.14746   0.06358   0.09021   0.14476   0.08957   0.08722   0.10516   0.08587   0.05273   0.06651   0.14541   0.07390   0.00000   0.00000   0.19077   0.12313   0.05544   0.03486   0.08588   0.15466   0.29771   0.12482   0.00000   0.00000   0.00494   0.01271   0.01329   0.00140   0.02805   0.00930   0.10419   0.02904   0.04882   0.10367   0.14098   0.03042   0.08398   0.07154   0.30795   0.10395   0.27946   0.06681   0.17380   0.11498   0.02394   0.02110   0.03920   0.13951   0.24790   0.53885   0.08810   0.10364   0.09587   0.12232   0.02119   0.00000   0.05096   0.04096   0.03947   0.14968   0.12399   0.15701   0.15033   0.02617   0.09405   0.07344   0.02466   0.08055   0.00000   0.04529   0.05833   0.08365   0.14847   0.09529   0.11560   0.02759   0.05426   0.13160   0.20516   0.03800   0.11863   0.05118   0.02123   0.69761   0.00446   0.12563   0.05611   0.04532   0.04753   0.06316   0.15457   0.03659   0.00000   0.05126   0.05045   0.11533   0.11270   0.17648   0.16738   0.14919   0.17849   0.11368   0.13680   0.08056   0.08911   0.12942   0.07557   0.30837   0.09686   0.02347   0.05421   0.13597   0.07815   0.09105   0.13028   0.06390   0.05694   0.07670   0.06499   0.05108   0.09669   0.05070   0.09852   0.04611   0.04747   0.07880   0.06425   0.02612   0.01958   0.02970   0.04235   0.07018   0.00728   0.00000   0.04496   0.06797   0.00204   0.08317   0.03428   0.08466   0.11198   0.10403   0.02184   0.05917   0.09436   0.16006   0.14379   0.54451   0.57016   0.44147  
  9 2505.1386  12766.219249  x:  0.14770   0.06340   0.08999   0.14494   0.08930   0.08724   0.10519   0.08584   0.05270   0.06652   0.14541   0.07394   0.00000   0.00000   0.19076   0.12311   0.05552   0.03479   0.08593   0.15484   0.29773   0.12491   0.00000   0.00000   0.00009   0.01250   0.01394   0.00100   0.02827   0.00951   0.10423   0.02888   0.04891   0.10354   0.14117   0.03032   0.08397   0.07148   0.30748   0.10390   0.27952   0.06671   0.17374   0.11497   0.02378   0.02043   0.03963   0.13959   0.24823   0.53873   0.08812   0.10359   0.09575   0.12228   0.02100   0.00000   0.05081   0.04099   0.03936   0.14978   0.12399   0.15717   0.15048   0.02380   0.09403   0.07347   0.02507   0.08051   0.00000   0.04549   0.05754   0.08351   0.14832   0.09538   0.11561   0.02765   0.05418   0.13177   0.20497   0.03804   0.11856   0.05120   0.02194   0.69788   0.00266   0.12563   0.05597   0.04522   0.04755   0.06314   0.15471   0.03708   0.00000   0.05099   0.05042   0.11534   0.11276   0.17647   0.16737   0.14924   0.17863   0.11364   0.13714   0.08063   0.08907   0.12937   0.07529   0.30840   0.09690   0.02383   0.05426   0.13598   0.07809   0.09116   0.13046   0.06403   0.05692   0.07669   0.06443   0.05102   0.09677   0.05006   0.09851   0.04610   0.04750   0.07883   0.06425   0.02621   0.01975   0.02960   0.04237   0.07030   0.00465   0.00000   0.04496   0.06815   0.00000   0.08292   0.03425   0.08466   0.11209   0.10410   0.02168   0.05923   0.09443   0.16019   0.14390   0.54458   0.57040   0.44170  
 10 2324.2678  12766.181046  x:  0.14770   0.06340   0.08999   0.14495   0.08930   0.08724   0.10519   0.08584   0.05270   0.06652   0.14541   0.07394   0.00000   0.00000   0.19076   0.12311   0.05552   0.03479   0.08593   0.15484   0.29773   0.12490   0.00000   0.00000   0.00000   0.01250   0.01393   0.00100   0.02827   0.00951   0.10423   0.02887   0.04891   0.10354   0.14117   0.03031   0.08397   0.07148   0.30747   0.10390   0.27952   0.06671   0.17374   0.11497   0.02378   0.02043   0.03963   0.13959   0.24823   0.53873   0.08812   0.10359   0.09575   0.12229   0.02100   0.00000   0.05081   0.04100   0.03936   0.14978   0.12398   0.15717   0.15048   0.02377   0.09403   0.07347   0.02506   0.08051   0.00000   0.04550   0.05753   0.08351   0.14832   0.09538   0.11561   0.02765   0.05418   0.13177   0.20497   0.03804   0.11856   0.05120   0.02194   0.69789   0.00263   0.12563   0.05597   0.04522   0.04755   0.06314   0.15471   0.03708   0.00000   0.05099   0.05042   0.11534   0.11276   0.17648   0.16737   0.14924   0.17863   0.11364   0.13714   0.08063   0.08906   0.12937   0.07529   0.30840   0.09690   0.02383   0.05426   0.13598   0.07809   0.09116   0.13046   0.06403   0.05692   0.07668   0.06442   0.05102   0.09677   0.05005   0.09851   0.04610   0.04750   0.07883   0.06424   0.02621   0.01975   0.02960   0.04237   0.07030   0.00460   0.00000   0.04496   0.06815   0.00000   0.08292   0.03426   0.08466   0.11209   0.10411   0.02168   0.05923   0.09443   0.16019   0.14390   0.54458   0.57040   0.44170  
 11 4600.6143  12764.310293  x:  0.14803   0.06324   0.08974   0.14536   0.08893   0.08732   0.10524   0.08580   0.05269   0.06657   0.14535   0.07408   0.00000   0.00000   0.19073   0.12312   0.05545   0.03482   0.08590   0.15481   0.29772   0.12488   0.00000   0.00000   0.00000   0.01248   0.01358   0.00122   0.02799   0.00916   0.10424   0.02907   0.04875   0.10369   0.14107   0.03005   0.08392   0.07156   0.30695   0.10396   0.27959   0.06683   0.17379   0.11502   0.02383   0.02026   0.03961   0.13958   0.24820   0.53863   0.08805   0.10366   0.09588   0.12237   0.02117   0.00000   0.05077   0.04094   0.03940   0.14976   0.12400   0.15714   0.15046   0.02089   0.09418   0.07363   0.02591   0.08044   0.00000   0.04541   0.05732   0.08370   0.14826   0.09538   0.11571   0.02735   0.05416   0.13182   0.20490   0.03806   0.11855   0.05168   0.02237   0.69832   0.00000   0.12554   0.05600   0.04547   0.04756   0.06317   0.15470   0.03720   0.00000   0.05088   0.05030   0.11529   0.11277   0.17659   0.16738   0.14927   0.17863   0.11375   0.13697   0.08067   0.08907   0.12940   0.07524   0.30844   0.09688   0.02369   0.05416   0.13597   0.07813   0.09109   0.13048   0.06427   0.05696   0.07674   0.06363   0.05108   0.09678   0.04952   0.09848   0.04612   0.04748   0.07884   0.06425   0.02612   0.01948   0.02964   0.04235   0.07029   0.00025   0.00000   0.04491   0.06830   0.00000   0.08263   0.03423   0.08465   0.11205   0.10427   0.02142   0.05930   0.09440   0.16014   0.14387   0.54463   0.57073   0.44191  
 12 2468.1890  12764.235270  x:  0.14804   0.06323   0.08973   0.14538   0.08891   0.08733   0.10524   0.08580   0.05269   0.06658   0.14535   0.07408   0.00000   0.00000   0.19073   0.12312   0.05544   0.03482   0.08590   0.15480   0.29772   0.12488   0.00000   0.00000   0.00000   0.01248   0.01360   0.00122   0.02797   0.00917   0.10424   0.02911   0.04874   0.10370   0.14106   0.03006   0.08391   0.07156   0.30693   0.10397   0.27959   0.06683   0.17380   0.11503   0.02384   0.02026   0.03958   0.13958   0.24820   0.53862   0.08804   0.10366   0.09589   0.12237   0.02117   0.00000   0.05076   0.04094   0.03940   0.14977   0.12401   0.15714   0.15046   0.02077   0.09418   0.07363   0.02590   0.08043   0.00000   0.04539   0.05733   0.08370   0.14826   0.09538   0.11572   0.02733   0.05416   0.13182   0.20490   0.03806   0.11855   0.05171   0.02237   0.69834   0.00000   0.12553   0.05600   0.04548   0.04756   0.06317   0.15470   0.03719   0.00000   0.05087   0.05029   0.11528   0.11277   0.17660   0.16738   0.14929   0.17864   0.11376   0.13696   0.08067   0.08907   0.12940   0.07524   0.30844   0.09688   0.02371   0.05416   0.13597   0.07813   0.09109   0.13049   0.06429   0.05697   0.07674   0.06359   0.05108   0.09678   0.04950   0.09848   0.04612   0.04748   0.07884   0.06426   0.02612   0.01949   0.02964   0.04235   0.07028   0.00000   0.00000   0.04490   0.06830   0.00000   0.08262   0.03422   0.08465   0.11205   0.10428   0.02141   0.05930   0.09440   0.16015   0.14387   0.54463   0.57074   0.44192  
 13 1655.4317  12762.361739  x:  0.14863   0.06309   0.08934   0.14685   0.08810   0.08731   0.10532   0.08575   0.05262   0.06683   0.14459   0.07398   0.00000   0.00000   0.19039   0.12313   0.05555   0.03475   0.08583   0.15470   0.29777   0.12508   0.00000   0.00000   0.00000   0.01350   0.01337   0.00000   0.02776   0.01001   0.10419   0.02823   0.04954   0.10345   0.14090   0.03132   0.08382   0.07130   0.30611   0.10403   0.27980   0.06643   0.17391   0.11487   0.02501   0.02089   0.03825   0.13989   0.24813   0.53809   0.08812   0.10368   0.09566   0.12226   0.02028   0.00000   0.05016   0.04116   0.03919   0.15002   0.12420   0.15747   0.15075   0.01715   0.09417   0.07374   0.02658   0.08047   0.00000   0.04431   0.05784   0.08315   0.14855   0.09528   0.11594   0.02721   0.05384   0.13176   0.20518   0.03796   0.11839   0.05174   0.02143   0.69899   0.00000   0.12549   0.05598   0.04447   0.04737   0.06304   0.15460   0.03704   0.00000   0.05071   0.05025   0.11507   0.11295   0.17679   0.16763   0.14976   0.17886   0.11397   0.13750   0.08028   0.08933   0.12995   0.07574   0.30834   0.09690   0.02315   0.05404   0.13570   0.07811   0.09057   0.13101   0.06479   0.05696   0.07683   0.06154   0.05102   0.09652   0.04935   0.09829   0.04604   0.04751   0.07891   0.06428   0.02623   0.01979   0.02952   0.04238   0.06955   0.00000   0.00000   0.04409   0.06826   0.00000   0.08279   0.03456   0.08473   0.11207   0.10465   0.02067   0.05936   0.09450   0.16061   0.14398   0.54466   0.57148   0.44238  
 14 377.8828  12741.990529  x:  0.15407   0.06166   0.08438   0.16753   0.07631   0.08261   0.10671   0.08479   0.05089   0.07107   0.12766   0.06829   0.00000   0.00000   0.18502   0.12243   0.05544   0.03462   0.08594   0.15597   0.30193   0.12756   0.00000   0.00000   0.00000   0.00326   0.00543   0.00000   0.04309   0.00949   0.09965   0.02087   0.04912   0.09863   0.14297   0.03785   0.08645   0.06777   0.29952   0.10233   0.28312   0.06888   0.17236   0.11224   0.02681   0.01564   0.02938   0.14281   0.25036   0.52745   0.09371   0.10287   0.09587   0.12183   0.02504   0.00000   0.02684   0.03608   0.04052   0.15123   0.12342   0.16054   0.15511   0.00108   0.09520   0.07645   0.02532   0.08417   0.00000   0.03393   0.04823   0.07770   0.15335   0.09860   0.12135   0.03782   0.04634   0.13007   0.21066   0.03858   0.12071   0.03476   0.00000   0.70343   0.00000   0.12999   0.05541   0.05657   0.04742   0.06615   0.15399   0.03765   0.00000   0.05433   0.05593   0.11596   0.11294   0.17413   0.17164   0.15158   0.17753   0.11719   0.15344   0.07055   0.09370   0.13807   0.08285   0.30784   0.09925   0.04283   0.06121   0.13216   0.07434   0.08222   0.14009   0.06514   0.05017   0.07659   0.02946   0.05493   0.09363   0.04835   0.09695   0.04551   0.04829   0.07948   0.06388   0.02269   0.01682   0.02852   0.04187   0.05847   0.00000   0.00000   0.02774   0.07045   0.00000   0.09290   0.03836   0.08660   0.11419   0.10793   0.00971   0.05999   0.09545   0.16555   0.14583   0.54361   0.58093   0.45051  
 15 283.0544  12736.442821  x:  0.15657   0.06164   0.08341   0.17338   0.07310   0.08180   0.10734   0.08445   0.05024   0.07238   0.12452   0.06653   0.00000   0.00000   0.18355   0.12231   0.05534   0.03471   0.08614   0.15669   0.30369   0.12777   0.00000   0.00000   0.00000   0.00000   0.00828   0.00000   0.04757   0.00729   0.10030   0.02478   0.04771   0.09954   0.14468   0.03626   0.08707   0.06893   0.29832   0.10147   0.28500   0.07012   0.17191   0.11277   0.02683   0.01137   0.02927   0.14328   0.25179   0.52397   0.09478   0.10297   0.09633   0.12207   0.02360   0.00000   0.01965   0.03608   0.04069   0.15118   0.12331   0.16091   0.15619   0.00412   0.09548   0.07656   0.02559   0.08460   0.00000   0.03243   0.04316   0.07879   0.15416   0.09948   0.12310   0.04080   0.04391   0.12959   0.21248   0.03850   0.12298   0.03349   0.00000   0.70343   0.00000   0.13189   0.05499   0.05432   0.04693   0.06585   0.15459   0.04010   0.00000   0.05626   0.05638   0.11653   0.11268   0.17377   0.17238   0.15159   0.17677   0.11759   0.15512   0.06758   0.09547   0.14028   0.08497   0.30815   0.09981   0.03816   0.06042   0.13088   0.07343   0.07995   0.14276   0.06383   0.04697   0.07688   0.02044   0.05528   0.09304   0.04752   0.09677   0.04549   0.04834   0.07953   0.06386   0.02292   0.01771   0.02846   0.04183   0.05608   0.00000   0.00000   0.02389   0.07020   0.00000   0.09548   0.03805   0.08706   0.11446   0.10832   0.00667   0.06018   0.09556   0.16640   0.14627   0.54382   0.58322   0.45308  
 16 357.9702  12727.317397  x:  0.16351   0.06207   0.08208   0.18486   0.06688   0.08221   0.10917   0.08363   0.04874   0.07506   0.12268   0.06292   0.00000   0.00000   0.18141   0.12269   0.05666   0.03405   0.08671   0.15737   0.30812   0.12690   0.00000   0.00000   0.00000   0.00000   0.00419   0.00000   0.05007   0.00460   0.10680   0.01900   0.04558   0.10242   0.15021   0.03824   0.08648   0.07451   0.29572   0.09967   0.29182   0.07252   0.17171   0.11613   0.02164   0.00000   0.03154   0.14435   0.25366   0.51681   0.09435   0.10320   0.09441   0.12243   0.02779   0.00000   0.01678   0.04222   0.03839   0.15099   0.12423   0.16135   0.15844   0.01851   0.09350   0.07297   0.02701   0.08339   0.00000   0.03160   0.03114   0.08037   0.15391   0.09922   0.12594   0.04119   0.03933   0.12904   0.21610   0.03787   0.12517   0.04280   0.00000   0.70147   0.00000   0.13389   0.05407   0.05196   0.04941   0.06330   0.15661   0.04452   0.00000   0.05694   0.05242   0.11636   0.11306   0.17520   0.17326   0.15314   0.17583   0.11728   0.15314   0.06171   0.10008   0.14376   0.08874   0.30957   0.10066   0.04001   0.05875   0.12949   0.07337   0.07637   0.14904   0.05979   0.03927   0.07809   0.00365   0.05182   0.09230   0.04277   0.09652   0.04547   0.04822   0.07939   0.06410   0.02718   0.02105   0.02794   0.04255   0.05395   0.00000   0.00000   0.02235   0.06469   0.00000   0.09705   0.03443   0.08765   0.11314   0.10765   0.00081   0.06079   0.09557   0.16746   0.14681   0.54561   0.58714   0.45867  
 17 334.9392  12726.072712  x:  0.16450   0.06204   0.08185   0.18641   0.06605   0.08245   0.10951   0.08347   0.04850   0.07545   0.12275   0.06271   0.00000   0.00000   0.18125   0.12278   0.05669   0.03417   0.08673   0.15727   0.30888   0.12678   0.00000   0.00000   0.00000   0.00000   0.00435   0.00000   0.04968   0.00447   0.10724   0.01903   0.04610   0.10234   0.15069   0.03818   0.08615   0.07487   0.29514   0.09967   0.29298   0.07230   0.17182   0.11640   0.02149   0.00000   0.03210   0.14460   0.25358   0.51590   0.09410   0.10322   0.09438   0.12242   0.02717   0.00000   0.01759   0.04082   0.03844   0.15096   0.12430   0.16115   0.15848   0.02045   0.09337   0.07284   0.02695   0.08306   0.00000   0.03157   0.02965   0.08062   0.15362   0.09917   0.12638   0.04015   0.03881   0.12908   0.21645   0.03785   0.12462   0.04280   0.00000   0.70103   0.00000   0.13386   0.05410   0.05230   0.04946   0.06338   0.15664   0.04495   0.00000   0.05658   0.05205   0.11631   0.11312   0.17555   0.17342   0.15352   0.17574   0.11732   0.15265   0.06090   0.10066   0.14420   0.08922   0.30999   0.10071   0.04055   0.05843   0.12941   0.07347   0.07596   0.15011   0.05914   0.03810   0.07817   0.00149   0.05184   0.09227   0.04124   0.09649   0.04551   0.04822   0.07939   0.06410   0.02688   0.01976   0.02796   0.04253   0.05397   0.00000   0.00000   0.02289   0.06457   0.00000   0.09701   0.03478   0.08770   0.11299   0.10734   0.00000   0.06096   0.09552   0.16747   0.14676   0.54590   0.58767   0.45965  
 18 257.6695  12724.946320  x:  0.16522   0.06187   0.08150   0.18756   0.06521   0.08264   0.10981   0.08331   0.04830   0.07571   0.12270   0.06252   0.00000   0.00000   0.18133   0.12283   0.05658   0.03424   0.08675   0.15723   0.30959   0.12674   0.00000   0.00000   0.00000   0.00000   0.00426   0.00000   0.04854   0.00464   0.10676   0.01931   0.04566   0.10196   0.15066   0.03771   0.08582   0.07448   0.29455   0.09986   0.29374   0.07214   0.17198   0.11622   0.02118   0.00000   0.03246   0.14453   0.25351   0.51530   0.09381   0.10313   0.09459   0.12246   0.02735   0.00000   0.01742   0.04148   0.03872   0.15091   0.12418   0.16112   0.15813   0.02180   0.09348   0.07314   0.02703   0.08282   0.00000   0.03181   0.02963   0.08087   0.15319   0.09932   0.12658   0.03849   0.03853   0.12920   0.21647   0.03801   0.12415   0.04177   0.00000   0.70065   0.00000   0.13367   0.05412   0.05307   0.04929   0.06374   0.15654   0.04493   0.00000   0.05613   0.05232   0.11637   0.11310   0.17576   0.17358   0.15371   0.17569   0.11730   0.15256   0.06028   0.10098   0.14429   0.08923   0.31055   0.10070   0.04062   0.05802   0.12945   0.07348   0.07591   0.15109   0.05899   0.03744   0.07806   0.00000   0.05227   0.09242   0.03944   0.09650   0.04558   0.04826   0.07936   0.06405   0.02645   0.02064   0.02804   0.04245   0.05430   0.00000   0.00000   0.02311   0.06505   0.00000   0.09673   0.03493   0.08759   0.11308   0.10685   0.00000   0.06117   0.09548   0.16739   0.14667   0.54604   0.58810   0.46052  
 19 235.8704  12712.991096  x:  0.17200   0.05692   0.07427   0.20131   0.05137   0.08275   0.11349   0.08113   0.04647   0.07798   0.11631   0.06097   0.00000   0.00000   0.18439   0.12277   0.05590   0.03348   0.08790   0.15997   0.31791   0.12737   0.00000   0.00000   0.00000   0.00000   0.00435   0.00000   0.02458   0.00895   0.09797   0.01504   0.04445   0.10494   0.14469   0.01429   0.08593   0.06971   0.28609   0.09779   0.29521   0.07837   0.17389   0.11237   0.01702   0.00000   0.02714   0.13986   0.25816   0.50947   0.09156   0.10258   0.09631   0.12366   0.03315   0.00000   0.00171   0.03685   0.03698   0.15020   0.12113   0.16111   0.15609   0.03331   0.09459   0.07207   0.02690   0.08250   0.00000   0.03070   0.03709   0.08063   0.14869   0.10234   0.12407   0.01561   0.03707   0.12715   0.21531   0.03889   0.13562   0.04021   0.00000   0.69523   0.00000   0.13226   0.05217   0.04400   0.04905   0.06105   0.15816   0.04055   0.00000   0.05815   0.06050   0.11983   0.11125   0.17449   0.17601   0.15233   0.17472   0.11568   0.15912   0.05524   0.10347   0.14291   0.08414   0.31958   0.10100   0.04854   0.05655   0.13087   0.07143   0.07740   0.15813   0.06533   0.03499   0.07720   0.00000   0.05079   0.09558   0.01694   0.09660   0.04634   0.04878   0.07944   0.06370   0.02996   0.00561   0.02640   0.04277   0.05588   0.00000   0.00000   0.00991   0.07220   0.00000   0.08750   0.02593   0.08517   0.11600   0.09553   0.00000   0.06488   0.09571   0.16650   0.14709   0.54529   0.59424   0.47006  
 20 204.4607  12709.893452  x:  0.17391   0.05490   0.07137   0.20713   0.04679   0.08204   0.11477   0.08029   0.04578   0.07907   0.11255   0.06018   0.00000   0.00000   0.18493   0.12257   0.05552   0.03332   0.08855   0.16153   0.32097   0.12758   0.00000   0.00000   0.00000   0.00000   0.00463   0.00000   0.01599   0.01083   0.09476   0.01386   0.04451   0.10669   0.14231   0.00559   0.08698   0.06872   0.28286   0.09629   0.29538   0.08244   0.17448   0.11094   0.01529   0.00000   0.02230   0.13811   0.26078   0.50705   0.09169   0.10235   0.09736   0.12454   0.03650   0.00000   0.00882   0.03353   0.03684   0.14959   0.11972   0.16100   0.15650   0.03551   0.09516   0.07168   0.02723   0.08303   0.00000   0.02725   0.03652   0.08031   0.14820   0.10394   0.12340   0.00987   0.03567   0.12553   0.21593   0.03887   0.14234   0.03889   0.00000   0.69313   0.00000   0.13250   0.05128   0.04235   0.04944   0.06026   0.15918   0.03856   0.00000   0.06134   0.06455   0.12177   0.11007   0.17325   0.17738   0.15104   0.17357   0.11577   0.16385   0.05293   0.10437   0.14334   0.08263   0.32283   0.10140   0.04864   0.05600   0.13069   0.06999   0.07654   0.15927   0.06698   0.03321   0.07698   0.00000   0.05032   0.09619   0.01040   0.09638   0.04664   0.04896   0.07951   0.06356   0.03126   0.00630   0.02583   0.04287   0.05384   0.00000   0.00000   0.00322   0.07551   0.00000   0.08471   0.02425   0.08477   0.11716   0.09094   0.00000   0.06632   0.09576   0.16627   0.14748   0.54486   0.59681   0.47382  
 21 512.1438  12706.098352  x:  0.17701   0.05255   0.06798   0.21423   0.04207   0.08173   0.11625   0.07935   0.04517   0.08036   0.10950   0.05899   0.00000   0.00000   0.18521   0.12226   0.05510   0.03325   0.09003   0.16482   0.32394   0.12754   0.00000   0.00000   0.00000   0.00000   0.00457   0.00000   0.00391   0.01269   0.09189   0.01277   0.04635   0.10932   0.13881   0.00290   0.08874   0.06904   0.27899   0.09395   0.29471   0.08730   0.17556   0.10975   0.01199   0.00000   0.01440   0.13603   0.26665   0.50440   0.09135   0.10192   0.09896   0.12629   0.03996   0.00000   0.00951   0.02656   0.03701   0.14843   0.11768   0.16047   0.15782   0.03584   0.09583   0.07104   0.02776   0.08314   0.00000   0.02109   0.03411   0.08055   0.14820   0.10594   0.12171   0.00632   0.03391   0.12353   0.21722   0.03832   0.15270   0.03748   0.00000   0.68997   0.00000   0.13281   0.04950   0.04203   0.05064   0.05966   0.16179   0.03772   0.00000   0.06711   0.06997   0.12517   0.10815   0.17158   0.17904   0.14835   0.17180   0.11575   0.16975   0.05060   0.10499   0.14408   0.07977   0.32639   0.10219   0.04742   0.05442   0.13026   0.06789   0.07481   0.15781   0.06922   0.03126   0.07671   0.00000   0.04948   0.09653   0.00754   0.09579   0.04714   0.04922   0.07967   0.06339   0.03272   0.01003   0.02507   0.04300   0.04971   0.00000   0.00000   0.01364   0.08022   0.00000   0.08063   0.02566   0.08478   0.11863   0.08453   0.00000   0.06812   0.09584   0.16574   0.14843   0.54447   0.59979   0.47776  
 22 378.3771  12702.467277  x:  0.18296   0.05052   0.06498   0.22170   0.03822   0.08385   0.11805   0.07837   0.04469   0.08171   0.11159   0.05745   0.00000   0.00000   0.18539   0.12220   0.05457   0.03360   0.09251   0.16946   0.32645   0.12644   0.00000   0.00000   0.00000   0.00000   0.00422   0.00000   0.00098   0.01223   0.08956   0.01318   0.04792   0.11092   0.13424   0.01195   0.08922   0.07032   0.27448   0.09205   0.29481   0.08917   0.17796   0.10916   0.00684   0.00000   0.00769   0.13364   0.27525   0.50206   0.08823   0.10076   0.10129   0.12888   0.03989   0.00000   0.01111   0.02381   0.03848   0.14625   0.11480   0.15898   0.15810   0.03356   0.09668   0.07124   0.02771   0.08077   0.00000   0.01548   0.03217   0.08303   0.14725   0.10780   0.11875   0.00227   0.03215   0.12280   0.21854   0.03784   0.16252   0.03540   0.00000   0.68576   0.00000   0.13178   0.04703   0.04211   0.05160   0.06043   0.16578   0.04073   0.00000   0.07263   0.07562   0.12963   0.10583   0.17140   0.18038   0.14460   0.16958   0.11477   0.17249   0.04863   0.10498   0.14459   0.07502   0.32989   0.10315   0.04731   0.05017   0.13026   0.06607   0.07286   0.15430   0.07152   0.02940   0.07587   0.00000   0.04957   0.09674   0.00780   0.09488   0.04806   0.04960   0.07956   0.06297   0.03303   0.00985   0.02473   0.04295   0.04615   0.00000   0.00000   0.01262   0.08567   0.00000   0.07430   0.02726   0.08437   0.12016   0.07715   0.00000   0.07013   0.09571   0.16401   0.14933   0.54491   0.60259   0.48158  
 23 347.4484  12700.646911  x:  0.18652   0.04942   0.06330   0.22645   0.03615   0.08530   0.11911   0.07781   0.04440   0.08261   0.11291   0.05665   0.00000   0.00000   0.18536   0.12228   0.05439   0.03382   0.09385   0.17167   0.32787   0.12567   0.00000   0.00000   0.00000   0.00000   0.00442   0.00000   0.00446   0.01235   0.08848   0.01296   0.04893   0.11167   0.13158   0.01405   0.08910   0.07101   0.27163   0.09115   0.29538   0.09016   0.17964   0.10881   0.00471   0.00000   0.00302   0.13247   0.27942   0.50068   0.08617   0.10011   0.10234   0.13023   0.04015   0.00000   0.01167   0.02280   0.03913   0.14502   0.11333   0.15807   0.15812   0.03103   0.09699   0.07122   0.02772   0.07920   0.00000   0.01151   0.03189   0.08409   0.14685   0.10850   0.11716   0.00000   0.03104   0.12227   0.21962   0.03747   0.16743   0.03489   0.00000   0.68352   0.00000   0.13082   0.04584   0.04264   0.05235   0.06088   0.16778   0.04152   0.00000   0.07544   0.07843   0.13182   0.10466   0.17175   0.18128   0.14291   0.16833   0.11435   0.17353   0.04730   0.10513   0.14521   0.07284   0.33183   0.10361   0.04733   0.04748   0.13018   0.06528   0.07132   0.15237   0.07281   0.02826   0.07545   0.00000   0.04947   0.09658   0.00780   0.09422   0.04857   0.04979   0.07945   0.06275   0.03330   0.01015   0.02457   0.04296   0.04373   0.00000   0.00000   0.01342   0.08833   0.00000   0.07049   0.02832   0.08415   0.12070   0.07306   0.00000   0.07128   0.09557   0.16305   0.14967   0.54535   0.60433   0.48385  
 24 1501.2759  12697.260983  x:  0.19178   0.04802   0.06104   0.23368   0.03360   0.08765   0.12064   0.07702   0.04398   0.08404   0.11519   0.05572   0.00000   0.00000   0.18509   0.12253   0.05439   0.03424   0.09565   0.17415   0.32977   0.12428   0.00000   0.00000   0.00000   0.00000   0.00472   0.00000   0.00532   0.01287   0.08775   0.01279   0.05019   0.11184   0.12828   0.01471   0.08840   0.07206   0.26738   0.09027   0.29698   0.09069   0.18225   0.10843   0.00424   0.00000   0.00000   0.13156   0.28430   0.49864   0.08293   0.09906   0.10321   0.13175   0.03920   0.00000   0.01182   0.02360   0.04002   0.14324   0.11155   0.15665   0.15786   0.02609   0.09704   0.07118   0.02765   0.07666   0.00000   0.00692   0.03167   0.08508   0.14648   0.10894   0.11540   0.00643   0.02959   0.12162   0.22160   0.03689   0.17251   0.03428   0.00000   0.68042   0.00000   0.12906   0.04459   0.04461   0.05362   0.06186   0.17019   0.04088   0.00000   0.07875   0.08176   0.13442   0.10332   0.17283   0.18267   0.14124   0.16665   0.11387   0.17404   0.04522   0.10550   0.14653   0.07058   0.33437   0.10416   0.04775   0.04347   0.12993   0.06466   0.06864   0.14965   0.07429   0.02632   0.07485   0.00000   0.04937   0.09602   0.00860   0.09315   0.04928   0.05006   0.07918   0.06243   0.03344   0.00984   0.02455   0.04298   0.04016   0.00000   0.00000   0.01320   0.09138   0.00000   0.06498   0.03001   0.08391   0.12093   0.06742   0.00000   0.07289   0.09524   0.16169   0.14987   0.54628   0.60689   0.48713  
 25 812.4091  12687.864220  x:  0.21017   0.04341   0.05288   0.26351   0.02577   0.09479   0.12579   0.07436   0.04271   0.09001   0.11974   0.05171   0.00000   0.00000   0.18192   0.12333   0.05569   0.03538   0.10239   0.18320   0.33547   0.11948   0.00000   0.00000   0.00000   0.00000   0.00611   0.00000   0.00664   0.01671   0.08817   0.01117   0.05558   0.11167   0.11814   0.01505   0.08722   0.07710   0.25243   0.08640   0.30220   0.09375   0.19164   0.10727   0.01210   0.00000   0.01694   0.13220   0.30306   0.49023   0.07303   0.09531   0.10382   0.13626   0.03355   0.00000   0.01085   0.02767   0.04183   0.13737   0.10627   0.15250   0.15963   0.00493   0.09570   0.06965   0.02750   0.06887   0.00000   0.00112   0.02975   0.08455   0.14928   0.10958   0.10976   0.00739   0.02308   0.11777   0.23229   0.03385   0.19305   0.03123   0.00000   0.66870   0.00000   0.12383   0.04055   0.05328   0.05990   0.06491   0.17913   0.03070   0.00000   0.09509   0.09453   0.14391   0.09882   0.17579   0.18865   0.13565   0.15981   0.11355   0.17964   0.03645   0.10761   0.15450   0.06598   0.34192   0.10668   0.04721   0.03025   0.12708   0.06223   0.05527   0.13689   0.07984   0.01853   0.07309   0.00000   0.04759   0.09149   0.02245   0.08822   0.05132   0.05101   0.07828   0.06140   0.03557   0.01091   0.02400   0.04349   0.02135   0.00000   0.00000   0.01139   0.10024   0.00000   0.04733   0.03708   0.08431   0.12094   0.04617   0.00000   0.07855   0.09433   0.15885   0.15125   0.54954   0.61704   0.49818  
 26 794.4054  12685.394001  x:  0.21405   0.04245   0.05114   0.27022   0.02429   0.09627   0.12690   0.07379   0.04243   0.09139   0.12055   0.05089   0.00000   0.00000   0.18106   0.12351   0.05596   0.03563   0.10375   0.18497   0.33669   0.11851   0.00000   0.00000   0.00000   0.00000   0.00643   0.00000   0.00687   0.01751   0.08839   0.01083   0.05684   0.11158   0.11614   0.01508   0.08694   0.07819   0.24918   0.08569   0.30353   0.09440   0.19368   0.10705   0.01345   0.00000   0.01791   0.13238   0.30679   0.48833   0.07108   0.09459   0.10391   0.13715   0.03254   0.00000   0.01060   0.02822   0.04218   0.13622   0.10533   0.15168   0.16011   0.00000   0.09541   0.06937   0.02745   0.06728   0.00000   0.00498   0.02918   0.08428   0.15012   0.10961   0.10892   0.00777   0.02166   0.11689   0.23487   0.03317   0.19732   0.03056   0.00000   0.66617   0.00000   0.12273   0.03982   0.05492   0.06116   0.06553   0.18093   0.02880   0.00000   0.09871   0.09718   0.14583   0.09795   0.17648   0.19003   0.13471   0.15839   0.11375   0.18095   0.03444   0.10823   0.15652   0.06544   0.34346   0.10722   0.04699   0.02761   0.12633   0.06178   0.05217   0.13425   0.08085   0.01664   0.07279   0.00000   0.04728   0.09033   0.02530   0.08709   0.05171   0.05118   0.07810   0.06121   0.03596   0.01125   0.02391   0.04359   0.01751   0.00000   0.00000   0.01093   0.10206   0.00000   0.04375   0.03868   0.08446   0.12084   0.04160   0.00000   0.07977   0.09414   0.15842   0.15154   0.55027   0.61930   0.50062  
 27 2265.0312  12668.432687  x:  0.24054   0.03112   0.03227   0.32878   0.01913   0.10323   0.13345   0.07025   0.04229   0.10251   0.11761   0.05683   0.00000   0.00000   0.16989   0.12438   0.06066   0.03512   0.10725   0.19010   0.33758   0.11673   0.00000   0.00000   0.00000   0.00000   0.00988   0.00000   0.00429   0.01679   0.10410   0.00815   0.06400   0.09775   0.12297   0.00839   0.08560   0.08480   0.21650   0.09192   0.31101   0.08655   0.20464   0.10798   0.01663   0.00000   0.00834   0.14269   0.32237   0.47476   0.06924   0.09497   0.09481   0.13282   0.02507   0.00000   0.00757   0.04530   0.04106   0.13825   0.11338   0.15397   0.16795   0.00000   0.09170   0.07362   0.02578   0.06291   0.00000   0.00587   0.00979   0.06962   0.16357   0.10463   0.12086   0.00172   0.02924   0.11618   0.25687   0.03177   0.20847   0.02651   0.00000   0.65098   0.00000   0.11513   0.04599   0.05746   0.06448   0.07019   0.18816   0.02659   0.00000   0.12448   0.11177   0.15339   0.10051   0.17876   0.19895   0.14275   0.15687   0.12104   0.19342   0.02723   0.11582   0.17550   0.07473   0.35040   0.10983   0.03024   0.03150   0.11656   0.06751   0.03586   0.11305   0.09741   0.00412   0.07372   0.00000   0.05009   0.07742   0.05020   0.07768   0.05070   0.05045   0.07757   0.06143   0.03380   0.00931   0.02583   0.04395   0.05521   0.00000   0.00000   0.00684   0.11777   0.00000   0.01595   0.04833   0.08921   0.11500   0.00000   0.00000   0.09072   0.09434   0.16649   0.15404   0.55568   0.64251   0.51677  
 28 228.3679  12661.253140  x:  0.24682   0.02755   0.02621   0.34648   0.01930   0.10451   0.13504   0.06946   0.04231   0.10587   0.11628   0.05655   0.00000   0.00000   0.16653   0.12459   0.06112   0.03442   0.10660   0.18908   0.33708   0.11770   0.00000   0.00000   0.00000   0.00000   0.01089   0.00000   0.00462   0.01580   0.10499   0.00415   0.06492   0.09580   0.12738   0.00905   0.08413   0.08429   0.20686   0.09259   0.31506   0.08393   0.20626   0.10847   0.01215   0.00000   0.01132   0.14454   0.32240   0.47095   0.07067   0.09557   0.09360   0.13144   0.02775   0.00000   0.00710   0.04252   0.03991   0.14005   0.11459   0.15557   0.16883   0.00000   0.09175   0.07404   0.02579   0.06326   0.00000   0.00573   0.01392   0.07079   0.16641   0.10401   0.12424   0.00295   0.02693   0.11698   0.26231   0.03204   0.20518   0.02763   0.00000   0.64836   0.00000   0.11372   0.04645   0.05255   0.06302   0.06992   0.18793   0.03003   0.00000   0.12818   0.11343   0.15295   0.10197   0.17961   0.20064   0.14567   0.15900   0.12173   0.19588   0.02529   0.11821   0.18086   0.07711   0.35131   0.11018   0.02349   0.03322   0.11417   0.06830   0.03800   0.11597   0.10283   0.00000   0.07402   0.00000   0.05087   0.07480   0.04902   0.07640   0.04988   0.05023   0.07762   0.06161   0.03280   0.01121   0.02538   0.04378   0.05250   0.00000   0.00000   0.00631   0.12288   0.00000   0.01556   0.04726   0.09001   0.11366   0.00000   0.00000   0.09404   0.09488   0.16999   0.15416   0.55695   0.65019   0.52148  
 29 250.7525  12649.798688  x:  0.25927   0.01875   0.01092   0.38842   0.02074   0.10593   0.13811   0.06809   0.04273   0.11354   0.11220   0.04974   0.00000   0.00000   0.15933   0.12476   0.06345   0.02997   0.10489   0.18693   0.33426   0.12103   0.00000   0.00000   0.00000   0.00000   0.01068   0.00000   0.00456   0.00390   0.10454   0.01393   0.08237   0.08919   0.13992   0.00900   0.08111   0.08088   0.18556   0.09024   0.32488   0.07629   0.20712   0.10909   0.00445   0.00000   0.01327   0.14609   0.32199   0.46233   0.07582   0.09429   0.08934   0.12980   0.03789   0.00000   0.01147   0.05866   0.03658   0.14452   0.11542   0.16315   0.17215   0.00000   0.09009   0.07197   0.02427   0.06589   0.00000   0.00509   0.01284   0.06709   0.17183   0.10330   0.12686   0.00295   0.01962   0.12017   0.27281   0.03334   0.19122   0.03088   0.00000   0.64358   0.00000   0.11210   0.04451   0.03943   0.05923   0.06814   0.18687   0.03048   0.00000   0.13232   0.11660   0.15031   0.10538   0.17986   0.20318   0.15068   0.16481   0.12084   0.20878   0.02047   0.12288   0.19134   0.07856   0.35169   0.11132   0.01105   0.03752   0.10983   0.06761   0.04665   0.12760   0.11715   0.00000   0.07352   0.00000   0.04887   0.07116   0.04254   0.07540   0.04757   0.05067   0.07823   0.06168   0.03248   0.00209   0.02205   0.04399   0.03617   0.00000   0.00000   0.01217   0.13216   0.00000   0.02100   0.04756   0.09181   0.11299   0.00000   0.00000   0.10209   0.09718   0.17863   0.15491   0.55885   0.66937   0.53158  
 30 642.5529  12645.137898  x:  0.26369   0.01603   0.00557   0.40193   0.02065   0.10651   0.13873   0.06806   0.04326   0.11553   0.11302   0.04556   0.00000   0.00000   0.15802   0.12468   0.06443   0.02827   0.10427   0.18676   0.33187   0.12254   0.00000   0.00000   0.00000   0.00000   0.01046   0.00000   0.00443   0.00000   0.10525   0.01593   0.09395   0.08931   0.14591   0.00903   0.08012   0.08029   0.18034   0.08835   0.32784   0.07483   0.20562   0.11061   0.00684   0.00000   0.01132   0.14533   0.32224   0.46015   0.07717   0.09375   0.08809   0.12994   0.04047   0.00000   0.00896   0.05744   0.03494   0.14621   0.11513   0.16550   0.17333   0.00000   0.08903   0.06966   0.02435   0.06668   0.00000   0.00496   0.00733   0.06638   0.17180   0.10284   0.12440   0.00242   0.01934   0.12274   0.27359   0.03380   0.18274   0.03270   0.00000   0.64296   0.00000   0.11224   0.04278   0.04142   0.05921   0.06712   0.18673   0.02576   0.00000   0.13023   0.11553   0.14874   0.10630   0.17932   0.20216   0.15129   0.16716   0.11815   0.21064   0.02012   0.12389   0.19237   0.07682   0.35064   0.11150   0.00408   0.03707   0.10985   0.06692   0.05167   0.13228   0.12335   0.00000   0.07331   0.00000   0.04609   0.07229   0.03784   0.07667   0.04675   0.05099   0.07907   0.06194   0.03215   0.00583   0.02011   0.04430   0.03293   0.00000   0.00000   0.00938   0.13238   0.00000   0.02387   0.04642   0.09183   0.11410   0.00000   0.00000   0.10477   0.09826   0.18049   0.15540   0.55924   0.67616   0.53333  
 31 431.3160  12638.423502  x:  0.26806   0.01396   0.00000   0.41646   0.01961   0.10583   0.13877   0.06851   0.04391   0.11745   0.11379   0.04061   0.00000   0.00000   0.15638   0.12391   0.06319   0.02838   0.10345   0.18789   0.32807   0.12445   0.00000   0.00000   0.00000   0.00000   0.01078   0.00000   0.00422   0.00000   0.10636   0.01298   0.09919   0.09629   0.15397   0.00933   0.08092   0.08203   0.17786   0.08710   0.33048   0.07977   0.20159   0.11363   0.01285   0.00000   0.00806   0.14291   0.32415   0.45671   0.07972   0.09468   0.09217   0.13225   0.03587   0.00000   0.00963   0.06374   0.03708   0.14714   0.11461   0.16776   0.17428   0.00000   0.09144   0.07087   0.02463   0.06790   0.00000   0.00499   0.00326   0.07512   0.17110   0.10436   0.12292   0.00128   0.01966   0.12543   0.27232   0.03378   0.17663   0.03155   0.00000   0.64386   0.00000   0.11628   0.04107   0.03891   0.05555   0.06633   0.18688   0.02286   0.00000   0.12901   0.11361   0.14750   0.10567   0.17749   0.19934   0.14942   0.16800   0.11585   0.20934   0.01986   0.12479   0.19253   0.07631   0.34766   0.11123   0.00549   0.02987   0.10931   0.06488   0.05402   0.13506   0.12794   0.00000   0.07375   0.00000   0.04662   0.07507   0.03179   0.07919   0.04622   0.05109   0.08038   0.06226   0.03069   0.00431   0.02070   0.04396   0.03328   0.00000   0.00000   0.01055   0.13233   0.00000   0.02925   0.04776   0.09191   0.11718   0.00000   0.00000   0.10716   0.09908   0.18046   0.15607   0.55972   0.68419   0.53408  
 32 239.5448  12638.423502  x:  0.26806   0.01396   0.00000   0.41646   0.01961   0.10583   0.13877   0.06851   0.04391   0.11745   0.11379   0.04061   0.00000   0.00000   0.15638   0.12391   0.06319   0.02838   0.10345   0.18789   0.32807   0.12445   0.00000   0.00000   0.00000   0.00000   0.01078   0.00000   0.00422   0.00000   0.10636   0.01298   0.09919   0.09629   0.15397   0.00933   0.08092   0.08203   0.17786   0.08710   0.33048   0.07977   0.20159   0.11363   0.01285   0.00000   0.00806   0.14291   0.32415   0.45671   0.07972   0.09468   0.09217   0.13225   0.03587   0.00000   0.00963   0.06374   0.03708   0.14714   0.11461   0.16776   0.17428   0.00000   0.09144   0.07087   0.02463   0.06790   0.00000   0.00499   0.00326   0.07512   0.17110   0.10436   0.12292   0.00128   0.01966   0.12543   0.27232   0.03378   0.17663   0.03155   0.00000   0.64386   0.00000   0.11628   0.04107   0.03891   0.05555   0.06633   0.18688   0.02286   0.00000   0.12901   0.11361   0.14750   0.10567   0.17749   0.19934   0.14942   0.16800   0.11585   0.20934   0.01986   0.12479   0.19253   0.07631   0.34766   0.11123   0.00549   0.02987   0.10931   0.06488   0.05402   0.13506   0.12794   0.00000   0.07375   0.00000   0.04662   0.07507   0.03179   0.07919   0.04622   0.05109   0.08038   0.06226   0.03069   0.00431   0.02070   0.04396   0.03328   0.00000   0.00000   0.01055   0.13233   0.00000   0.02925   0.04776   0.09191   0.11718   0.00000   0.00000   0.10716   0.09908   0.18046   0.15607   0.55972   0.68419   0.53408  
 33 263.6587  12590.323244  x:  0.27799   0.01657   0.00201   0.42154   0.02297   0.11255   0.14010   0.06836   0.04320   0.11943   0.13044   0.04144   0.00000   0.00000   0.15164   0.12252   0.05909   0.02672   0.10177   0.19334   0.32624   0.13402   0.00000   0.00000   0.00000   0.00000   0.00000   0.00000   0.00936   0.00000   0.10846   0.01004   0.08947   0.10745   0.15488   0.01094   0.07456   0.07796   0.17372   0.09960   0.33708   0.08247   0.20222   0.11744   0.00690   0.00000   0.00744   0.15498   0.34210   0.44961   0.07517   0.10581   0.10034   0.14159   0.02113   0.00000   0.00457   0.05839   0.03424   0.16223   0.12807   0.18098   0.18366   0.00000   0.09858   0.07467   0.02325   0.06171   0.00000   0.02183   0.01502   0.08554   0.16613   0.10543   0.13847   0.01792   0.01801   0.13264   0.26980   0.02920   0.17926   0.02783   0.00000   0.63674   0.00000   0.11240   0.03643   0.04504   0.04961   0.06463   0.19287   0.00718   0.00000   0.11502   0.10137   0.14419   0.11226   0.18245   0.19826   0.16635   0.18866   0.12809   0.20880   0.02141   0.13163   0.19743   0.07775   0.34313   0.11106   0.04847   0.03008   0.10899   0.06648   0.05508   0.15135   0.12338   0.00000   0.08123   0.00000   0.05184   0.07461   0.02224   0.07710   0.04273   0.04974   0.08628   0.06542   0.02475   0.03917   0.01830   0.04247   0.03253   0.00000   0.00000   0.00831   0.13489   0.00000   0.03045   0.04599   0.09079   0.12413   0.00000   0.00000   0.10749   0.10463   0.19513   0.16524   0.56556   0.68563   0.53705  
 34 931.6727  12575.643548  x:  0.28222   0.01768   0.00287   0.42370   0.02440   0.11542   0.14067   0.06830   0.04290   0.12028   0.13753   0.04179   0.00000   0.00000   0.14962   0.12193   0.05735   0.02601   0.10105   0.19567   0.32547   0.13810   0.00000   0.00000   0.00000   0.00000   0.00042   0.00031   0.01154   0.00000   0.10935   0.00880   0.08533   0.11220   0.15527   0.01163   0.07185   0.07623   0.17196   0.10492   0.33989   0.08362   0.20249   0.11906   0.00438   0.00000   0.00717   0.16012   0.34975   0.44659   0.07324   0.11054   0.10382   0.14557   0.01486   0.00000   0.00242   0.05611   0.03303   0.16866   0.13380   0.18661   0.18765   0.00000   0.10162   0.07629   0.02267   0.05907   0.00000   0.02898   0.02002   0.08997   0.16401   0.10588   0.14509   0.02499   0.01731   0.13571   0.26872   0.02725   0.18038   0.02625   0.00000   0.63371   0.00000   0.11074   0.03446   0.04765   0.04707   0.06391   0.19543   0.00050   0.00000   0.10906   0.09615   0.14277   0.11507   0.18456   0.19781   0.17357   0.19746   0.13330   0.20858   0.02207   0.13454   0.19951   0.07836   0.34121   0.11099   0.06674   0.03016   0.10885   0.06716   0.05553   0.15828   0.12144   0.00000   0.08442   0.00000   0.05407   0.07442   0.01817   0.07621   0.04125   0.04917   0.08880   0.06676   0.02222   0.05399   0.01728   0.04184   0.03221   0.00000   0.00000   0.00736   0.13598   0.00000   0.03096   0.04524   0.09032   0.12709   0.00000   0.00000   0.10764   0.10700   0.20138   0.16915   0.56804   0.68624   0.53831  
 35 68613.4675  12571.428462  x:  0.28315   0.01792   0.00305   0.42418   0.02471   0.11605   0.14080   0.06829   0.04283   0.12047   0.13906   0.04186   0.00000   0.00000   0.14918   0.12180   0.05698   0.02586   0.10090   0.19617   0.32529   0.13897   0.00000   0.00000   0.00000   0.00000   0.00052   0.00000   0.01173   0.00000   0.10954   0.00864   0.08443   0.11319   0.15536   0.01171   0.07127   0.07587   0.17158   0.10602   0.34051   0.08386   0.20254   0.11941   0.00420   0.00000   0.00710   0.16122   0.35143   0.44591   0.07282   0.11153   0.10454   0.14642   0.01360   0.00000   0.00231   0.05563   0.03278   0.17003   0.13501   0.18782   0.18851   0.00000   0.10225   0.07663   0.02257   0.05852   0.00000   0.03010   0.02081   0.09087   0.16354   0.10598   0.14647   0.02607   0.01716   0.13637   0.26848   0.02686   0.18063   0.02594   0.00000   0.63303   0.00000   0.11039   0.03406   0.04816   0.04654   0.06375   0.19598   0.00290   0.00000   0.10774   0.09500   0.14246   0.11567   0.18502   0.19770   0.17509   0.19932   0.13439   0.20853   0.02220   0.13516   0.19998   0.07849   0.34078   0.11097   0.06987   0.03005   0.10880   0.06730   0.05561   0.15978   0.12099   0.00000   0.08509   0.00000   0.05452   0.07438   0.01730   0.07602   0.04093   0.04905   0.08934   0.06704   0.02168   0.05653   0.01706   0.04171   0.03215   0.00000   0.00000   0.00722   0.13622   0.00000   0.03106   0.04508   0.09022   0.12773   0.00000   0.00000   0.10767   0.10750   0.20273   0.16998   0.56858   0.68638   0.53859  
 36 4324.4449  12536.330174  x:  0.29581   0.02049   0.00490   0.43088   0.02852   0.12433   0.14249   0.06810   0.04192   0.12312   0.15871   0.04219   0.00000   0.00000   0.14339   0.12029   0.05305   0.02402   0.09889   0.20282   0.32284   0.14920   0.00000   0.00000   0.00000   0.00000   0.00150   0.00000   0.00000   0.00000   0.11174   0.01285   0.07305   0.12362   0.15642   0.00918   0.06434   0.07169   0.16644   0.11694   0.34890   0.08641   0.20330   0.12345   0.02218   0.00000   0.00537   0.17404   0.37376   0.43635   0.06809   0.12190   0.11237   0.15627   0.00434   0.00000   0.01942   0.05040   0.03045   0.18594   0.14841   0.20260   0.19952   0.00000   0.10896   0.07998   0.02249   0.05239   0.00000   0.02245   0.01611   0.09888   0.15710   0.10684   0.16061   0.01741   0.01574   0.14487   0.26510   0.02360   0.18410   0.02385   0.00000   0.62320   0.00000   0.10600   0.03100   0.05178   0.04059   0.06173   0.20300   0.00244   0.00000   0.08942   0.07906   0.13836   0.12252   0.19110   0.19585   0.19229   0.22054   0.14583   0.20785   0.02258   0.14243   0.20642   0.07993   0.33503   0.11066   0.06768   0.02212   0.10733   0.06857   0.05556   0.17832   0.11405   0.00000   0.09245   0.00000   0.05874   0.07395   0.00702   0.07367   0.03760   0.04778   0.09585   0.07024   0.01525   0.05564   0.01441   0.04038   0.03162   0.00000   0.00000   0.00900   0.13925   0.00000   0.03208   0.04339   0.08897   0.13551   0.00000   0.00000   0.10813   0.11356   0.21950   0.18017   0.57524   0.68829   0.54243  
 37 1189.3439  12536.330174  x:  0.29581   0.02049   0.00490   0.43088   0.02852   0.12433   0.14249   0.06810   0.04192   0.12312   0.15871   0.04219   0.00000   0.00000   0.14339   0.12029   0.05305   0.02402   0.09889   0.20282   0.32284   0.14920   0.00000   0.00000   0.00000   0.00000   0.00150   0.00000   0.00000   0.00000   0.11174   0.01285   0.07305   0.12362   0.15642   0.00918   0.06434   0.07169   0.16644   0.11694   0.34890   0.08641   0.20330   0.12345   0.02218   0.00000   0.00537   0.17404   0.37376   0.43635   0.06809   0.12190   0.11237   0.15627   0.00434   0.00000   0.01942   0.05040   0.03045   0.18594   0.14841   0.20260   0.19952   0.00000   0.10896   0.07998   0.02249   0.05239   0.00000   0.02245   0.01611   0.09888   0.15710   0.10684   0.16061   0.01741   0.01574   0.14487   0.26510   0.02360   0.18410   0.02385   0.00000   0.62320   0.00000   0.10600   0.03100   0.05178   0.04059   0.06173   0.20300   0.00244   0.00000   0.08942   0.07906   0.13836   0.12252   0.19110   0.19585   0.19229   0.22054   0.14583   0.20785   0.02258   0.14243   0.20642   0.07993   0.33503   0.11066   0.06768   0.02212   0.10733   0.06857   0.05556   0.17832   0.11405   0.00000   0.09245   0.00000   0.05874   0.07395   0.00702   0.07367   0.03760   0.04778   0.09585   0.07024   0.01525   0.05564   0.01441   0.04038   0.03162   0.00000   0.00000   0.00900   0.13925   0.00000   0.03208   0.04339   0.08897   0.13551   0.00000   0.00000   0.10813   0.11356   0.21950   0.18017   0.57524   0.68829   0.54243  
 38 33354.1707  12530.750557  x:  0.29581   0.02049   0.00490   0.43088   0.02852   0.12434   0.14249   0.06810   0.04192   0.12312   0.15871   0.04219   0.00000   0.00000   0.14339   0.12029   0.05305   0.02402   0.09889   0.20282   0.32284   0.14921   0.00000   0.00000   0.00000   0.00000   0.00152   0.00000   0.00524   0.00010   0.11174   0.01285   0.07305   0.12362   0.15642   0.00918   0.06434   0.07169   0.16643   0.11694   0.34891   0.08641   0.20330   0.12346   0.02218   0.00000   0.00537   0.17404   0.37377   0.43635   0.06808   0.12190   0.11238   0.15627   0.00435   0.00000   0.01941   0.05040   0.03045   0.18594   0.14841   0.20260   0.19953   0.00000   0.10896   0.07998   0.02249   0.05239   0.00000   0.02245   0.01611   0.09888   0.15710   0.10684   0.16061   0.01741   0.01574   0.14487   0.26510   0.02360   0.18410   0.02385   0.00000   0.62320   0.00000   0.10600   0.03100   0.05178   0.04059   0.06173   0.20300   0.00245   0.00000   0.08942   0.07906   0.13836   0.12252   0.19110   0.19585   0.19229   0.22054   0.14584   0.20785   0.02258   0.14243   0.20642   0.07993   0.33502   0.11066   0.06767   0.02212   0.10733   0.06857   0.05556   0.17832   0.11404   0.00000   0.09245   0.00000   0.05874   0.07395   0.00702   0.07367   0.03760   0.04778   0.09585   0.07024   0.01525   0.05563   0.01441   0.04038   0.03162   0.00000   0.00000   0.00900   0.13925   0.00000   0.03208   0.04339   0.08897   0.13551   0.00000   0.00000   0.10813   0.11356   0.21951   0.18017   0.57524   0.68829   0.54243  
 39 128380.5743  12530.451927  x:  0.29585   0.02049   0.00490   0.43090   0.02853   0.12436   0.14249   0.06810   0.04192   0.12313   0.15877   0.04218   0.00000   0.00000   0.14337   0.12029   0.05304   0.02402   0.09888   0.20284   0.32283   0.14923   0.00000   0.00000   0.00000   0.00000   0.00176   0.00000   0.00524   0.00000   0.11174   0.01284   0.07302   0.12364   0.15643   0.00919   0.06433   0.07169   0.16642   0.11696   0.34893   0.08641   0.20330   0.12346   0.02213   0.00000   0.00536   0.17407   0.37383   0.43632   0.06807   0.12192   0.11239   0.15630   0.00449   0.00000   0.01936   0.05038   0.03045   0.18598   0.14844   0.20264   0.19955   0.00000   0.10897   0.07999   0.02249   0.05238   0.00000   0.02241   0.01607   0.09889   0.15708   0.10684   0.16064   0.01736   0.01574   0.14489   0.26509   0.02360   0.18411   0.02386   0.00000   0.62316   0.00000   0.10599   0.03101   0.05179   0.04058   0.06173   0.20302   0.00256   0.00000   0.08936   0.07901   0.13835   0.12254   0.19111   0.19584   0.19233   0.22060   0.14586   0.20785   0.02258   0.14245   0.20644   0.07994   0.33501   0.11066   0.06762   0.02211   0.10733   0.06857   0.05555   0.17837   0.11402   0.00000   0.09246   0.00000   0.05874   0.07395   0.00703   0.07366   0.03759   0.04778   0.09587   0.07025   0.01524   0.05559   0.01441   0.04037   0.03162   0.00000   0.00000   0.00900   0.13926   0.00000   0.03208   0.04339   0.08896   0.13553   0.00000   0.00000   0.10813   0.11358   0.21955   0.18019   0.57526   0.68830   0.54244  
 40 774.2558  12525.055539  x:  0.29792   0.02078   0.00508   0.43205   0.02907   0.12566   0.14276   0.06808   0.04177   0.12359   0.16173   0.04211   0.00000   0.00000   0.14251   0.12010   0.05271   0.02382   0.09860   0.20385   0.32241   0.15054   0.00000   0.00000   0.00000   0.00000   0.00022   0.00000   0.00529   0.00000   0.11201   0.01215   0.07150   0.12473   0.15657   0.00964   0.06356   0.07125   0.16564   0.11805   0.35028   0.08667   0.20341   0.12396   0.01927   0.00000   0.00512   0.17580   0.37733   0.43461   0.06735   0.12307   0.11322   0.15753   0.00966   0.00000   0.01669   0.04969   0.03010   0.18803   0.15003   0.20468   0.20098   0.00000   0.10968   0.08028   0.02259   0.05184   0.00000   0.02011   0.01435   0.09969   0.15606   0.10693   0.16236   0.01471   0.01539   0.14605   0.26455   0.02354   0.18463   0.02397   0.00000   0.62141   0.00000   0.10546   0.03104   0.05192   0.04012   0.06147   0.20403   0.00575   0.00000   0.08633   0.07648   0.13773   0.12339   0.19203   0.19553   0.19459   0.22336   0.14721   0.20774   0.02236   0.14339   0.20753   0.08009   0.33403   0.11063   0.06454   0.02133   0.10707   0.06865   0.05530   0.18105   0.11265   0.00000   0.09331   0.00000   0.05908   0.07393   0.00722   0.07337   0.03734   0.04769   0.09673   0.07064   0.01490   0.05325   0.01423   0.04027   0.03161   0.00000   0.00000   0.00891   0.13969   0.00000   0.03215   0.04317   0.08879   0.13660   0.00000   0.00000   0.10821   0.11438   0.22194   0.18158   0.57619   0.68863   0.54309  
 41 1054.6699  12504.002930  x:  0.30656   0.02195   0.00578   0.43683   0.03134   0.13108   0.14390   0.06796   0.04115   0.12552   0.17405   0.04181   0.00000   0.00000   0.13895   0.11932   0.05135   0.02301   0.09741   0.20804   0.32064   0.15599   0.00000   0.00000   0.00000   0.00000   0.00025   0.00346   0.00546   0.00000   0.11309   0.00958   0.06523   0.12923   0.15719   0.01118   0.06040   0.06948   0.16237   0.12253   0.35593   0.08772   0.20387   0.12603   0.00768   0.00000   0.00414   0.18294   0.39191   0.42747   0.06440   0.12779   0.11663   0.16265   0.01513   0.00000   0.00578   0.04687   0.02872   0.19652   0.15659   0.21313   0.20691   0.00000   0.11257   0.08149   0.02296   0.04966   0.00000   0.01075   0.00729   0.10300   0.15179   0.10726   0.16948   0.00386   0.01393   0.15083   0.26227   0.02327   0.18676   0.02445   0.00000   0.61408   0.00000   0.10329   0.03120   0.05246   0.03824   0.06044   0.20823   0.00028   0.00000   0.07369   0.06597   0.13514   0.12691   0.19586   0.19426   0.20397   0.23484   0.15282   0.20730   0.02143   0.14732   0.21209   0.08074   0.32995   0.11053   0.05177   0.01830   0.10602   0.06894   0.05420   0.19215   0.10691   0.00000   0.09682   0.00000   0.06047   0.07384   0.00792   0.07214   0.03629   0.04731   0.10028   0.07226   0.01358   0.04350   0.01350   0.03986   0.03154   0.00000   0.00000   0.00858   0.14149   0.00000   0.03243   0.04225   0.08805   0.14103   0.00000   0.00000   0.10855   0.11768   0.23184   0.18733   0.58006   0.69000   0.54579  
 42 2734.6184  12496.957251  x:  0.30976   0.02237   0.00603   0.43860   0.03217   0.13309   0.14432   0.06791   0.04092   0.12623   0.17860   0.04170   0.00000   0.00000   0.13763   0.11904   0.05086   0.02272   0.09697   0.20958   0.31999   0.15799   0.00000   0.00000   0.00000   0.00000   0.00017   0.00549   0.00551   0.00000   0.11349   0.00876   0.06294   0.13088   0.15741   0.01165   0.05925   0.06883   0.16117   0.12417   0.35801   0.08810   0.20403   0.12679   0.00366   0.00000   0.00378   0.18556   0.39729   0.42483   0.06333   0.12952   0.11788   0.16452   0.01421   0.00000   0.00194   0.04585   0.02823   0.19964   0.15899   0.21624   0.20910   0.00000   0.11363   0.08193   0.02309   0.04887   0.00000   0.00744   0.00474   0.10423   0.15022   0.10739   0.17211   0.00000   0.01338   0.15259   0.26143   0.02317   0.18754   0.02462   0.00000   0.61136   0.00000   0.10250   0.03126   0.05266   0.03757   0.06006   0.20978   0.00103   0.00000   0.06902   0.06210   0.13419   0.12820   0.19727   0.19379   0.20742   0.23906   0.15488   0.20714   0.02107   0.14877   0.21378   0.08098   0.32844   0.11049   0.04708   0.01727   0.10563   0.06905   0.05379   0.19624   0.10477   0.00000   0.09811   0.00000   0.06097   0.07381   0.00815   0.07170   0.03592   0.04717   0.10159   0.07286   0.01312   0.03991   0.01324   0.03971   0.03152   0.00000   0.00000   0.00847   0.14215   0.00000   0.03252   0.04191   0.08778   0.14266   0.00000   0.00000   0.10868   0.11889   0.23548   0.18944   0.58148   0.69050   0.54679  
 43 11646.6761  12496.957251  x:  0.30976   0.02237   0.00603   0.43860   0.03217   0.13309   0.14432   0.06791   0.04092   0.12623   0.17860   0.04170   0.00000   0.00000   0.13763   0.11904   0.05086   0.02272   0.09697   0.20958   0.31999   0.15799   0.00000   0.00000   0.00000   0.00000   0.00017   0.00549   0.00551   0.00000   0.11349   0.00876   0.06294   0.13088   0.15741   0.01165   0.05925   0.06883   0.16117   0.12417   0.35801   0.08810   0.20403   0.12679   0.00366   0.00000   0.00378   0.18556   0.39729   0.42483   0.06333   0.12952   0.11788   0.16452   0.01421   0.00000   0.00194   0.04585   0.02823   0.19964   0.15899   0.21624   0.20910   0.00000   0.11363   0.08193   0.02309   0.04887   0.00000   0.00744   0.00474   0.10423   0.15022   0.10739   0.17211   0.00000   0.01338   0.15259   0.26143   0.02317   0.18754   0.02462   0.00000   0.61136   0.00000   0.10250   0.03126   0.05266   0.03757   0.06006   0.20978   0.00103   0.00000   0.06902   0.06210   0.13419   0.12820   0.19727   0.19379   0.20742   0.23906   0.15488   0.20714   0.02107   0.14877   0.21378   0.08098   0.32844   0.11049   0.04708   0.01727   0.10563   0.06905   0.05379   0.19624   0.10477   0.00000   0.09811   0.00000   0.06097   0.07381   0.00815   0.07170   0.03592   0.04717   0.10159   0.07286   0.01312   0.03991   0.01324   0.03971   0.03152   0.00000   0.00000   0.00847   0.14215   0.00000   0.03252   0.04191   0.08778   0.14266   0.00000   0.00000   0.10868   0.11889   0.23548   0.18944   0.58148   0.69050   0.54679  
 44 1638.0491  12493.713258  x:  0.31032   0.02242   0.00605   0.43892   0.03231   0.13343   0.14439   0.06791   0.04088   0.12636   0.17936   0.04166   0.00000   0.00000   0.13743   0.11900   0.05082   0.02269   0.09691   0.20984   0.31987   0.15828   0.00000   0.00000   0.00000   0.00000   0.01136   0.00499   0.00542   0.00000   0.11354   0.00910   0.06267   0.13111   0.15745   0.01146   0.05912   0.06876   0.16098   0.12439   0.35839   0.08815   0.20406   0.12689   0.00541   0.00000   0.00373   0.18595   0.39822   0.42436   0.06324   0.12975   0.11805   0.16480   0.01379   0.00000   0.00346   0.04580   0.02824   0.20011   0.15934   0.21672   0.20948   0.00000   0.11377   0.08198   0.02309   0.04881   0.00000   0.00775   0.00468   0.10444   0.14997   0.10740   0.17258   0.00070   0.01327   0.15284   0.26129   0.02315   0.18765   0.02463   0.00000   0.61086   0.00000   0.10241   0.03126   0.05268   0.03753   0.06002   0.21002   0.00750   0.00000   0.06824   0.06151   0.13404   0.12839   0.19750   0.19373   0.20799   0.23974   0.15520   0.20711   0.02097   0.14899   0.21408   0.08102   0.32817   0.11049   0.04644   0.01744   0.10557   0.06905   0.05369   0.19691   0.10436   0.00000   0.09829   0.00000   0.06103   0.07380   0.00808   0.07163   0.03588   0.04715   0.10178   0.07294   0.01317   0.03935   0.01326   0.03969   0.03152   0.00000   0.00000   0.00850   0.14226   0.00000   0.03253   0.04187   0.08774   0.14291   0.00000   0.00000   0.10870   0.11907   0.23607   0.18977   0.58170   0.69060   0.54697  
 45 1628.1289  12488.837270  x:  0.31222   0.02259   0.00612   0.44001   0.03276   0.13458   0.14463   0.06788   0.04075   0.12680   0.18194   0.04156   0.00000   0.00000   0.13674   0.11887   0.05068   0.02258   0.09668   0.21068   0.31947   0.15928   0.00000   0.00000   0.00000   0.00000   0.01124   0.00000   0.00523   0.00000   0.11372   0.01009   0.06178   0.13187   0.15756   0.01086   0.05870   0.06854   0.16033   0.12511   0.35960   0.08830   0.20415   0.12725   0.00850   0.00000   0.00358   0.18728   0.40132   0.42274   0.06290   0.13053   0.11864   0.16572   0.01246   0.00000   0.00588   0.04558   0.02827   0.20170   0.16053   0.21834   0.21071   0.00000   0.11424   0.08214   0.02307   0.04859   0.00000   0.00862   0.00446   0.10515   0.14913   0.10743   0.17412   0.00226   0.01289   0.15368   0.26082   0.02308   0.18802   0.02468   0.00000   0.60916   0.00000   0.10210   0.03127   0.05275   0.03741   0.05988   0.21084   0.00761   0.00000   0.06563   0.05954   0.13353   0.12903   0.19828   0.19354   0.20989   0.24200   0.15628   0.20702   0.02063   0.14976   0.21511   0.08114   0.32725   0.11048   0.04428   0.01800   0.10539   0.06907   0.05334   0.19918   0.10294   0.00000   0.09890   0.00000   0.06122   0.07377   0.00789   0.07142   0.03577   0.04709   0.10240   0.07320   0.01332   0.03746   0.01331   0.03965   0.03151   0.00000   0.00000   0.00860   0.14262   0.00000   0.03253   0.04174   0.08761   0.14375   0.00000   0.00000   0.10878   0.11968   0.23804   0.19086   0.58247   0.69091   0.54758  
 46 464.8465  12469.283315  x:  0.32481   0.02363   0.00649   0.44729   0.03572   0.14220   0.14625   0.06773   0.03989   0.12975   0.19892   0.04081   0.00000   0.00000   0.13232   0.11804   0.04992   0.02191   0.09525   0.21621   0.31685   0.16566   0.00000   0.00000   0.00000   0.00000   0.01320   0.00000   0.00583   0.00000   0.11482   0.01160   0.05626   0.13661   0.15829   0.00913   0.05618   0.06716   0.15613   0.12970   0.36756   0.08923   0.20473   0.12952   0.00446   0.00000   0.00251   0.19593   0.42174   0.41188   0.06032   0.13552   0.12232   0.17160   0.00773   0.00000   0.00170   0.04375   0.02792   0.21190   0.16807   0.22886   0.21846   0.00000   0.11715   0.08315   0.02300   0.04737   0.00000   0.01008   0.00298   0.10965   0.14361   0.10769   0.18376   0.00000   0.01028   0.15912   0.25764   0.02305   0.19046   0.02499   0.00000   0.59775   0.00000   0.10011   0.03131   0.05318   0.03672   0.05903   0.21612   0.00879   0.00000   0.04890   0.04703   0.13032   0.13308   0.20337   0.19222   0.22208   0.25642   0.16308   0.20643   0.01823   0.15475   0.22192   0.08196   0.32116   0.11041   0.03095   0.02069   0.10420   0.06911   0.05096   0.21402   0.09336   0.00000   0.10277   0.00000   0.06238   0.07358   0.00724   0.07010   0.03514   0.04676   0.10638   0.07479   0.01419   0.02544   0.01370   0.03939   0.03149   0.00000   0.00000   0.00897   0.14495   0.00000   0.03253   0.04087   0.08676   0.14920   0.00000   0.00000   0.10932   0.12361   0.25086   0.19795   0.58736   0.69301   0.55165  
 47 1484.0244  12469.283315  x:  0.32481   0.02363   0.00649   0.44729   0.03572   0.14220   0.14625   0.06773   0.03989   0.12975   0.19892   0.04081   0.00000   0.00000   0.13232   0.11804   0.04992   0.02191   0.09525   0.21621   0.31685   0.16566   0.00000   0.00000   0.00000   0.00000   0.01320   0.00000   0.00583   0.00000   0.11482   0.01160   0.05626   0.13661   0.15829   0.00913   0.05618   0.06716   0.15613   0.12970   0.36756   0.08923   0.20473   0.12952   0.00446   0.00000   0.00251   0.19593   0.42174   0.41188   0.06032   0.13552   0.12232   0.17160   0.00773   0.00000   0.00170   0.04375   0.02792   0.21190   0.16807   0.22886   0.21846   0.00000   0.11715   0.08315   0.02300   0.04737   0.00000   0.01008   0.00298   0.10965   0.14361   0.10769   0.18376   0.00000   0.01028   0.15912   0.25764   0.02305   0.19046   0.02499   0.00000   0.59775   0.00000   0.10011   0.03131   0.05318   0.03672   0.05903   0.21612   0.00879   0.00000   0.04890   0.04703   0.13032   0.13308   0.20337   0.19222   0.22208   0.25642   0.16308   0.20643   0.01823   0.15475   0.22192   0.08196   0.32116   0.11041   0.03095   0.02069   0.10420   0.06911   0.05096   0.21402   0.09336   0.00000   0.10277   0.00000   0.06238   0.07358   0.00724   0.07010   0.03514   0.04676   0.10638   0.07479   0.01419   0.02544   0.01370   0.03939   0.03149   0.00000   0.00000   0.00897   0.14495   0.00000   0.03253   0.04087   0.08676   0.14920   0.00000   0.00000   0.10932   0.12361   0.25086   0.19795   0.58736   0.69301   0.55165  
 48 1207.7639  12462.901547  x:  0.33020   0.02389   0.00646   0.45050   0.03689   0.14539   0.14693   0.06767   0.03954   0.13105   0.20597   0.04045   0.00000   0.00000   0.13070   0.11776   0.04981   0.02171   0.09473   0.21840   0.31573   0.16798   0.00000   0.00000   0.00000   0.00000   0.00307   0.00000   0.00422   0.00000   0.11518   0.01107   0.05494   0.13819   0.15855   0.01064   0.05565   0.06684   0.15454   0.13124   0.37085   0.08949   0.20496   0.13030   0.01815   0.00000   0.00200   0.19912   0.43026   0.40715   0.05986   0.13721   0.12359   0.17372   0.01359   0.00000   0.01966   0.04385   0.02804   0.21574   0.17079   0.23288   0.22161   0.00000   0.11808   0.08343   0.02302   0.04717   0.00000   0.00923   0.00285   0.11124   0.14146   0.10778   0.18751   0.00488   0.01002   0.16114   0.25631   0.02311   0.19134   0.02513   0.00000   0.59266   0.00000   0.09953   0.03132   0.05327   0.03665   0.05883   0.21812   0.00227   0.00000   0.04332   0.04336   0.12919   0.13454   0.20541   0.19180   0.22681   0.26201   0.16547   0.20620   0.01695   0.15673   0.22489   0.08230   0.31853   0.11038   0.02819   0.02106   0.10382   0.06906   0.04980   0.22006   0.08892   0.00000   0.10413   0.00000   0.06271   0.07350   0.00765   0.06967   0.03504   0.04667   0.10772   0.07522   0.01443   0.02205   0.01399   0.03933   0.03148   0.00000   0.00000   0.00887   0.14586   0.00000   0.03243   0.04059   0.08646   0.15125   0.00000   0.00000   0.10957   0.12506   0.25593   0.20064   0.58923   0.69394   0.55343  
 49 417.4206  12448.977255  x:  0.35246   0.02477   0.00617   0.46385   0.04166   0.15846   0.14971   0.06743   0.03811   0.13648   0.23484   0.03890   0.00000   0.00000   0.12427   0.11667   0.04947   0.02093   0.09267   0.22723   0.31111   0.17724   0.00000   0.00000   0.00000   0.00000   0.00652   0.00000   0.00914   0.00000   0.11658   0.01019   0.05019   0.14442   0.15960   0.01223   0.05365   0.06566   0.14816   0.13721   0.38433   0.09049   0.20585   0.13337   0.03108   0.00000   0.00000   0.21212   0.46508   0.38738   0.05723   0.14398   0.12840   0.18213   0.01758   0.00000   0.03896   0.04258   0.02683   0.23113   0.18154   0.24909   0.23348   0.00000   0.12174   0.08449   0.02308   0.04647   0.00000   0.00745   0.00189   0.11747   0.13289   0.10809   0.20211   0.00658   0.00829   0.16926   0.25080   0.02368   0.19493   0.02574   0.00000   0.57148   0.00000   0.09722   0.03133   0.05360   0.03641   0.05811   0.22614   0.03522   0.00000   0.02242   0.02988   0.12480   0.14027   0.21368   0.18991   0.24568   0.28424   0.17501   0.20526   0.01150   0.16483   0.23716   0.08371   0.30768   0.11031   0.01900   0.02262   0.10240   0.06881   0.04496   0.24477   0.07030   0.00000   0.10948   0.00000   0.06393   0.07319   0.00830   0.06799   0.03467   0.04634   0.11300   0.07685   0.01542   0.01010   0.01506   0.03913   0.03145   0.00000   0.00000   0.00868   0.14957   0.00000   0.03196   0.03950   0.08527   0.15950   0.00000   0.00000   0.11060   0.13083   0.27651   0.21143   0.59661   0.69780   0.56081  
 50 587.5045  12434.834990  x:  0.36941   0.02501   0.00552   0.47424   0.04509   0.16824   0.15178   0.06727   0.03709   0.14070   0.25640   0.03769   0.00000   0.00000   0.12015   0.11600   0.04946   0.02048   0.09134   0.23347   0.30766   0.18342   0.00000   0.00000   0.00000   0.00000   0.00226   0.00000   0.00171   0.00000   0.11741   0.01169   0.04853   0.14832   0.16028   0.00962   0.05282   0.06517   0.14391   0.14090   0.39426   0.09101   0.20647   0.13529   0.02469   0.00000   0.00000   0.22114   0.49097   0.37211   0.05548   0.14838   0.13128   0.18769   0.01126   0.00000   0.03561   0.04122   0.02526   0.24172   0.18862   0.26039   0.24129   0.00000   0.12393   0.08504   0.02307   0.04625   0.00000   0.00909   0.00103   0.12144   0.12722   0.10820   0.21189   0.00000   0.00713   0.17480   0.24666   0.02417   0.19738   0.02639   0.00000   0.55498   0.00000   0.09592   0.03131   0.05373   0.03636   0.05784   0.23163   0.03107   0.00000   0.01732   0.02629   0.12226   0.14402   0.21962   0.18856   0.25876   0.29970   0.18136   0.20460   0.00687   0.17076   0.24657   0.08481   0.29946   0.11031   0.01978   0.02405   0.10169   0.06853   0.04120   0.26301   0.05548   0.00000   0.11295   0.00000   0.06457   0.07294   0.00760   0.06700   0.03453   0.04615   0.11632   0.07768   0.01615   0.01330   0.01561   0.03904   0.03143   0.00000   0.00000   0.00894   0.15219   0.00000   0.03143   0.03892   0.08453   0.16515   0.00000   0.00000   0.11143   0.13472   0.29127   0.21888   0.60153   0.70078   0.56647  
 51 756.5505  12434.834990  x:  0.36941   0.02501   0.00552   0.47424   0.04509   0.16824   0.15178   0.06727   0.03709   0.14070   0.25640   0.03769   0.00000   0.00000   0.12015   0.11600   0.04946   0.02048   0.09134   0.23347   0.30766   0.18342   0.00000   0.00000   0.00000   0.00000   0.00226   0.00000   0.00171   0.00000   0.11741   0.01169   0.04853   0.14832   0.16028   0.00962   0.05282   0.06517   0.14391   0.14090   0.39426   0.09101   0.20647   0.13529   0.02469   0.00000   0.00000   0.22114   0.49097   0.37211   0.05548   0.14838   0.13128   0.18769   0.01126   0.00000   0.03561   0.04122   0.02526   0.24172   0.18862   0.26039   0.24129   0.00000   0.12393   0.08504   0.02307   0.04625   0.00000   0.00909   0.00103   0.12144   0.12722   0.10820   0.21189   0.00000   0.00713   0.17480   0.24666   0.02417   0.19738   0.02639   0.00000   0.55498   0.00000   0.09592   0.03131   0.05373   0.03636   0.05784   0.23163   0.03107   0.00000   0.01732   0.02629   0.12226   0.14402   0.21962   0.18856   0.25876   0.29970   0.18136   0.20460   0.00687   0.17076   0.24657   0.08481   0.29946   0.11031   0.01978   0.02405   0.10169   0.06853   0.04120   0.26301   0.05548   0.00000   0.11295   0.00000   0.06457   0.07294   0.00760   0.06700   0.03453   0.04615   0.11632   0.07768   0.01615   0.01330   0.01561   0.03904   0.03143   0.00000   0.00000   0.00894   0.15219   0.00000   0.03143   0.03892   0.08453   0.16515   0.00000   0.00000   0.11143   0.13472   0.29127   0.21888   0.60153   0.70078   0.56647  
 52 4155.6826  12432.139306  x:  0.37155   0.02483   0.00523   0.47567   0.04543   0.16940   0.15201   0.06726   0.03700   0.14128   0.25893   0.03752   0.00000   0.00000   0.12003   0.11600   0.04955   0.02050   0.09129   0.23402   0.30726   0.18378   0.00000   0.00000   0.00000   0.00000   0.01356   0.00000   0.01950   0.00000   0.11741   0.01142   0.04908   0.14842   0.16031   0.01003   0.05304   0.06527   0.14370   0.14098   0.39534   0.09097   0.20651   0.13534   0.01976   0.00000   0.00000   0.22180   0.49391   0.37016   0.05550   0.14855   0.13131   0.18798   0.01061   0.00000   0.02992   0.04111   0.02511   0.24252   0.18902   0.26132   0.24178   0.00000   0.12393   0.08500   0.02305   0.04634   0.00000   0.00877   0.00112   0.12159   0.12694   0.10819   0.21260   0.00003   0.00740   0.17518   0.24621   0.02411   0.19754   0.02646   0.00000   0.55274   0.00000   0.09597   0.03130   0.05368   0.03640   0.05792   0.23204   0.02402   0.00000   0.02167   0.02867   0.12232   0.14419   0.22014   0.18850   0.25984   0.30105   0.18169   0.20454   0.00606   0.17140   0.24780   0.08497   0.29849   0.11034   0.02143   0.02382   0.10175   0.06846   0.04075   0.26506   0.05336   0.00000   0.11310   0.00000   0.06452   0.07292   0.00760   0.06702   0.03458   0.04616   0.11645   0.07763   0.01591   0.01475   0.01537   0.03906   0.03143   0.00000   0.00000   0.00897   0.15243   0.00000   0.03129   0.03894   0.08452   0.16556   0.00000   0.00000   0.11155   0.13498   0.29270   0.21944   0.60183   0.70118   0.56719  
 53 557.0188  12423.745673  x:  0.37825   0.02424   0.00428   0.48014   0.04646   0.17299   0.15274   0.06723   0.03673   0.14309   0.26684   0.03700   0.00000   0.00000   0.11967   0.11598   0.04981   0.02051   0.09116   0.23569   0.30604   0.18488   0.00000   0.00000   0.00000   0.00000   0.01050   0.00000   0.01925   0.00000   0.11739   0.01107   0.05058   0.14871   0.16039   0.01005   0.05364   0.06555   0.14306   0.14120   0.39868   0.09084   0.20664   0.13549   0.00613   0.00000   0.00000   0.22384   0.50308   0.36407   0.05558   0.14905   0.13144   0.18887   0.00970   0.00000   0.01267   0.04086   0.02479   0.24498   0.19025   0.26417   0.24335   0.00000   0.12394   0.08487   0.02302   0.04658   0.00000   0.00819   0.00123   0.12200   0.12610   0.10815   0.21479   0.00001   0.00794   0.17630   0.24482   0.02382   0.19801   0.02647   0.00475   0.54567   0.00000   0.09611   0.03128   0.05357   0.03652   0.05814   0.23330   0.00276   0.00000   0.03059   0.03427   0.12241   0.14467   0.22169   0.18827   0.26315   0.30522   0.18270   0.20438   0.00355   0.17342   0.25162   0.08549   0.29547   0.11043   0.02510   0.02299   0.10190   0.06826   0.03936   0.27146   0.04673   0.00000   0.11355   0.00000   0.06437   0.07286   0.00758   0.06707   0.03471   0.04618   0.11685   0.07749   0.01524   0.01781   0.01467   0.03910   0.03142   0.00000   0.00000   0.00902   0.15315   0.00000   0.03086   0.03899   0.08446   0.16682   0.00000   0.00000   0.11194   0.13576   0.29713   0.22116   0.60271   0.70244   0.56946  
 54 383.7247  12423.656523  x:  0.37836   0.02423   0.00426   0.48021   0.04648   0.17305   0.15275   0.06723   0.03673   0.14312   0.26697   0.03699   0.00000   0.00000   0.11967   0.11598   0.04982   0.02051   0.09115   0.23572   0.30602   0.18490   0.00000   0.00000   0.00000   0.00000   0.01047   0.00000   0.01925   0.00000   0.11739   0.01107   0.05059   0.14872   0.16039   0.01005   0.05365   0.06556   0.14305   0.14121   0.39874   0.09084   0.20664   0.13550   0.00613   0.00000   0.00000   0.22387   0.50323   0.36397   0.05559   0.14905   0.13145   0.18889   0.00971   0.00000   0.01244   0.04086   0.02479   0.24502   0.19027   0.26422   0.24337   0.00000   0.12394   0.08487   0.02302   0.04658   0.00000   0.00819   0.00123   0.12201   0.12609   0.10815   0.21483   0.00000   0.00794   0.17632   0.24480   0.02381   0.19802   0.02646   0.00471   0.54556   0.00000   0.09610   0.03128   0.05356   0.03653   0.05814   0.23332   0.00282   0.00000   0.03066   0.03433   0.12241   0.14468   0.22171   0.18826   0.26320   0.30529   0.18272   0.20438   0.00351   0.17345   0.25169   0.08550   0.29543   0.11043   0.02513   0.02298   0.10190   0.06825   0.03934   0.27157   0.04662   0.00000   0.11355   0.00000   0.06436   0.07285   0.00758   0.06707   0.03472   0.04618   0.11686   0.07748   0.01523   0.01783   0.01466   0.03910   0.03142   0.00000   0.00000   0.00902   0.15316   0.00000   0.03085   0.03899   0.08446   0.16684   0.00000   0.00000   0.11195   0.13577   0.29720   0.22119   0.60273   0.70246   0.56950  
 55 360.5055  12421.166971  x:  0.38395   0.02363   0.00336   0.48401   0.04729   0.17601   0.15335   0.06720   0.03651   0.14466   0.27351   0.03656   0.00000   0.00000   0.11942   0.11597   0.04995   0.02048   0.09105   0.23702   0.30504   0.18572   0.00000   0.00000   0.00000   0.00000   0.01031   0.00000   0.01915   0.00000   0.11737   0.01116   0.05122   0.14893   0.16045   0.01010   0.05394   0.06570   0.14258   0.14137   0.40144   0.09075   0.20674   0.13560   0.01133   0.00000   0.00000   0.22537   0.51076   0.35905   0.05595   0.14935   0.13161   0.18955   0.01031   0.00000   0.00450   0.04107   0.02524   0.24691   0.19124   0.26642   0.24480   0.00000   0.12394   0.08479   0.02301   0.04668   0.00000   0.00838   0.00110   0.12231   0.12551   0.10811   0.21647   0.00000   0.00782   0.17711   0.24376   0.02347   0.19834   0.02611   0.00066   0.53946   0.00000   0.09574   0.03130   0.05354   0.03652   0.05820   0.23434   0.00075   0.00000   0.03210   0.03568   0.12235   0.14496   0.22276   0.18806   0.26577   0.30859   0.18348   0.20426   0.00140   0.17518   0.25490   0.08597   0.29300   0.11049   0.02554   0.02241   0.10195   0.06811   0.03828   0.27685   0.04116   0.00000   0.11388   0.00000   0.06427   0.07281   0.00759   0.06710   0.03477   0.04619   0.11720   0.07743   0.01499   0.01806   0.01440   0.03912   0.03142   0.00000   0.00000   0.00900   0.15374   0.00000   0.03051   0.03901   0.08442   0.16781   0.00000   0.00000   0.11229   0.13638   0.30076   0.22251   0.60335   0.70351   0.57140  
 56 1198.3081  12419.297902  x:  0.38767   0.02317   0.00271   0.48656   0.04781   0.17796   0.15373   0.06719   0.03638   0.14569   0.27781   0.03627   0.00000   0.00000   0.11928   0.11596   0.05000   0.02044   0.09099   0.23783   0.30440   0.18621   0.00000   0.00000   0.00000   0.00000   0.01062   0.00000   0.01891   0.00000   0.11736   0.01117   0.05141   0.14905   0.16048   0.01006   0.05405   0.06576   0.14231   0.14146   0.40319   0.09070   0.20681   0.13567   0.01207   0.00000   0.00000   0.22630   0.51567   0.35582   0.05606   0.14953   0.13169   0.18995   0.00990   0.00000   0.00540   0.04142   0.02579   0.24809   0.19185   0.26778   0.24582   0.00000   0.12395   0.08476   0.02302   0.04670   0.00000   0.00836   0.00105   0.12248   0.12517   0.10809   0.21750   0.00000   0.00771   0.17759   0.24312   0.02330   0.19855   0.02602   0.00147   0.53542   0.00000   0.09568   0.03131   0.05351   0.03655   0.05824   0.23498   0.00076   0.00000   0.03205   0.03578   0.12226   0.14512   0.22340   0.18793   0.26738   0.31069   0.18395   0.20419   0.00000   0.17636   0.25703   0.08629   0.29143   0.11053   0.02535   0.02227   0.10196   0.06802   0.03763   0.28033   0.03760   0.00000   0.11407   0.00000   0.06422   0.07279   0.00759   0.06711   0.03479   0.04620   0.11742   0.07741   0.01498   0.01785   0.01437   0.03913   0.03142   0.00000   0.00000   0.00899   0.15412   0.00000   0.03030   0.03901   0.08440   0.16840   0.00000   0.00000   0.11252   0.13675   0.30304   0.22333   0.60373   0.70422   0.57265  
 57 520.3758  12418.310486  x:  0.38991   0.02280   0.00222   0.48816   0.04807   0.17910   0.15395   0.06719   0.03632   0.14633   0.28035   0.03609   0.00000   0.00000   0.11923   0.11595   0.04999   0.02041   0.09096   0.23824   0.30405   0.18643   0.00000   0.00000   0.00000   0.00000   0.01081   0.00000   0.01884   0.00000   0.11736   0.01114   0.05128   0.14910   0.16050   0.01009   0.05401   0.06575   0.14221   0.14149   0.40415   0.09069   0.20683   0.13569   0.01086   0.00000   0.00000   0.22673   0.51849   0.35395   0.05600   0.14961   0.13170   0.19012   0.01047   0.00000   0.00607   0.04144   0.02577   0.24866   0.19212   0.26844   0.24637   0.00000   0.12395   0.08475   0.02302   0.04667   0.00000   0.00829   0.00105   0.12256   0.12506   0.10809   0.21799   0.00000   0.00767   0.17780   0.24281   0.02332   0.19865   0.02604   0.00000   0.53291   0.00000   0.09555   0.03131   0.05351   0.03654   0.05822   0.23531   0.00071   0.00000   0.03114   0.03521   0.12220   0.14516   0.22367   0.18787   0.26819   0.31178   0.18415   0.20415   0.00000   0.17710   0.25833   0.08649   0.29057   0.11055   0.02502   0.02250   0.10196   0.06799   0.03732   0.28237   0.03564   0.00000   0.11415   0.00000   0.06420   0.07278   0.00759   0.06711   0.03478   0.04619   0.11751   0.07741   0.01509   0.01758   0.01448   0.03913   0.03142   0.00000   0.00000   0.00900   0.15432   0.00000   0.03019   0.03900   0.08439   0.16868   0.00000   0.00000   0.11266   0.13695   0.30428   0.22372   0.60389   0.70465   0.57340  
 58 902.7743  12416.464497  x:  0.39619   0.02095   0.00000   0.49315   0.04841   0.18199   0.15443   0.06720   0.03627   0.14828   0.28693   0.03557   0.00000   0.00000   0.11941   0.11594   0.04965   0.02034   0.09098   0.23868   0.30336   0.18640   0.00000   0.00000   0.00000   0.00000   0.01130   0.00000   0.01936   0.00000   0.11737   0.01118   0.04923   0.14899   0.16047   0.01028   0.05320   0.06537   0.14241   0.14140   0.40613   0.09077   0.20685   0.13564   0.00923   0.00000   0.00000   0.22688   0.52514   0.34953   0.05531   0.14947   0.13156   0.19003   0.01285   0.00000   0.00311   0.04005   0.02330   0.24903   0.19208   0.26904   0.24725   0.00000   0.12394   0.08488   0.02304   0.04634   0.00000   0.00824   0.00108   0.12253   0.12544   0.10809   0.21828   0.00000   0.00765   0.17780   0.24253   0.02425   0.19874   0.02685   0.00248   0.52556   0.00000   0.09557   0.03127   0.05360   0.03647   0.05801   0.23567   0.00067   0.00000   0.02306   0.02941   0.12199   0.14489   0.22360   0.18776   0.26910   0.31340   0.18410   0.20414   0.00000   0.17918   0.26199   0.08716   0.28883   0.11058   0.02272   0.02479   0.10188   0.06804   0.03713   0.28761   0.03177   0.00000   0.11405   0.00000   0.06431   0.07279   0.00759   0.06705   0.03457   0.04614   0.11750   0.07750   0.01606   0.01598   0.01554   0.03905   0.03141   0.00000   0.00000   0.00904   0.15470   0.00000   0.03006   0.03886   0.08439   0.16883   0.00000   0.00000   0.11317   0.13717   0.30656   0.22401   0.60380   0.70591   0.57548  
 59 355.3376  12415.565900  x:  0.40279   0.01709   0.00000   0.49960   0.04781   0.18432   0.15464   0.06727   0.03650   0.15071   0.29264   0.03488   0.00000   0.00000   0.12018   0.11597   0.04903   0.02043   0.09120   0.23763   0.30330   0.18503   0.00000   0.00000   0.00000   0.00000   0.00817   0.00000   0.02144   0.00000   0.11742   0.01136   0.04633   0.14843   0.16033   0.00988   0.05177   0.06465   0.14359   0.14095   0.40653   0.09106   0.20671   0.13537   0.00944   0.00000   0.00000   0.22480   0.52929   0.34682   0.05406   0.14871   0.13107   0.18879   0.00660   0.00000   0.00323   0.03726   0.01894   0.24698   0.19048   0.26701   0.24661   0.00000   0.12391   0.08522   0.02304   0.04589   0.00000   0.00841   0.00119   0.12198   0.12714   0.10815   0.21626   0.00000   0.00821   0.17668   0.24336   0.02631   0.19832   0.02856   0.00143   0.51716   0.00000   0.09562   0.03112   0.05385   0.03627   0.05762   0.23473   0.00069   0.00000   0.02233   0.02682   0.12233   0.14413   0.22215   0.18792   0.26716   0.31189   0.18281   0.20431   0.00000   0.18077   0.26588   0.08797   0.28850   0.11054   0.02373   0.02718   0.10194   0.06830   0.03810   0.29187   0.03170   0.00000   0.11331   0.00000   0.06463   0.07286   0.00760   0.06688   0.03426   0.04605   0.11674   0.07755   0.01650   0.01783   0.01623   0.03892   0.03138   0.00000   0.00000   0.00906   0.15465   0.00000   0.03027   0.03860   0.08446   0.16763   0.00000   0.00000   0.11389   0.13678   0.30627   0.22258   0.60266   0.70740   0.57756  
 60 123.9808  12414.410409  x:  0.41472   0.00896   0.00000   0.51197   0.04616   0.18814   0.15485   0.06742   0.03703   0.15530   0.30224   0.03353   0.00000   0.00000   0.12173   0.11604   0.04806   0.02066   0.09166   0.23502   0.30355   0.18204   0.00000   0.00000   0.00000   0.00000   0.00440   0.00000   0.02373   0.00000   0.11750   0.01162   0.04245   0.14727   0.16003   0.00991   0.04957   0.06349   0.14603   0.14005   0.40638   0.09164   0.20641   0.13480   0.01134   0.00000   0.00000   0.22007   0.53522   0.34300   0.05208   0.14714   0.13012   0.18611   0.01153   0.00000   0.00554   0.03349   0.01485   0.24225   0.18709   0.26217   0.24466   0.00000   0.12387   0.08583   0.02304   0.04529   0.00000   0.00874   0.00141   0.12079   0.13062   0.10825   0.21157   0.00000   0.00883   0.17418   0.24529   0.02928   0.19727   0.03100   0.00233   0.50176   0.00000   0.09598   0.03091   0.05429   0.03598   0.05701   0.23241   0.00069   0.00000   0.02634   0.02649   0.12322   0.14268   0.21901   0.18831   0.26224   0.30760   0.17998   0.20469   0.00000   0.18312   0.27288   0.08946   0.28869   0.11044   0.02597   0.02935   0.10215   0.06882   0.04013   0.29872   0.03353   0.00000   0.11175   0.00000   0.06523   0.07297   0.00761   0.06658   0.03380   0.04591   0.11507   0.07760   0.01644   0.02114   0.01656   0.03871   0.03133   0.00000   0.00000   0.00906   0.15432   0.00000   0.03079   0.03815   0.08461   0.16487   0.00000   0.00000   0.11532   0.13577   0.30434   0.21922   0.60023   0.71018   0.58126  
 61 253.3219  12412.979454  x:  0.42652   0.00000   0.00000   0.52481   0.04407   0.19161   0.15495   0.06758   0.03761   0.16000   0.31116   0.03209   0.00000   0.00000   0.12324   0.11613   0.04740   0.02088   0.09212   0.23208   0.30402   0.17891   0.00000   0.00000   0.00000   0.00000   0.00940   0.00000   0.02008   0.00000   0.11758   0.01172   0.04079   0.14613   0.15973   0.01035   0.04821   0.06269   0.14847   0.13916   0.40563   0.09218   0.20609   0.13423   0.01139   0.00000   0.00000   0.21504   0.53991   0.34003   0.05073   0.14563   0.12924   0.18335   0.01169   0.00000   0.00528   0.03231   0.01693   0.23717   0.18374   0.25684   0.24230   0.00000   0.12383   0.08635   0.02305   0.04498   0.00000   0.00883   0.00165   0.11956   0.13402   0.10835   0.20647   0.00000   0.00880   0.17147   0.24742   0.03078   0.19606   0.03199   0.00242   0.48637   0.00000   0.09634   0.03087   0.05463   0.03579   0.05655   0.22981   0.00072   0.00000   0.02842   0.02726   0.12407   0.14130   0.21563   0.18875   0.25663   0.30249   0.17703   0.20510   0.00000   0.18498   0.27976   0.09094   0.28941   0.11032   0.02614   0.02946   0.10236   0.06928   0.04202   0.30467   0.03638   0.00000   0.11016   0.00000   0.06575   0.07307   0.00761   0.06632   0.03354   0.04580   0.11338   0.07765   0.01601   0.02210   0.01631   0.03857   0.03129   0.00000   0.00000   0.00904   0.15383   0.00000   0.03137   0.03781   0.08477   0.16189   0.00000   0.00000   0.11681   0.13462   0.30150   0.21552   0.59774   0.71302   0.58483  
 62 349.7753  12411.567593  x:  0.44392   0.00000   0.00000   0.54506   0.03993   0.19610   0.15491   0.06778   0.03839   0.16726   0.32311   0.02971   0.00000   0.00000   0.12477   0.11627   0.04769   0.02107   0.09264   0.22776   0.30503   0.17497   0.00000   0.00000   0.00000   0.00000   0.00450   0.00000   0.02377   0.00000   0.11765   0.01139   0.04547   0.14491   0.15940   0.00962   0.04943   0.06301   0.15125   0.13824   0.40369   0.09263   0.20565   0.13360   0.01039   0.00000   0.00000   0.20838   0.54473   0.33716   0.05152   0.14408   0.12846   0.17997   0.01063   0.00000   0.00415   0.03769   0.02521   0.23010   0.17971   0.24923   0.23869   0.00000   0.12379   0.08659   0.02307   0.04549   0.00000   0.00868   0.00200   0.11805   0.13768   0.10842   0.19954   0.00000   0.00812   0.16781   0.25047   0.02852   0.19419   0.02930   0.00261   0.46389   0.00000   0.09678   0.03122   0.05468   0.03590   0.05658   0.22607   0.00070   0.00000   0.02630   0.02971   0.12487   0.13991   0.21103   0.18941   0.24829   0.29451   0.17336   0.20564   0.00000   0.18643   0.28968   0.09308   0.29120   0.11012   0.02249   0.02527   0.10262   0.06961   0.04347   0.31127   0.04111   0.00000   0.10831   0.00000   0.06602   0.07309   0.00760   0.06615   0.03383   0.04579   0.11141   0.07773   0.01530   0.01808   0.01508   0.03863   0.03130   0.00000   0.00000   0.00906   0.15286   0.00000   0.03210   0.03777   0.08494   0.15780   0.00000   0.00000   0.11916   0.13295   0.29613   0.21033   0.59480   0.71739   0.58982  
 63 259.1320  12410.893345  x:  0.45439   0.00000   0.00000   0.55943   0.03550   0.19775   0.15460   0.06781   0.03860   0.17211   0.32809   0.02788   0.00000   0.00000   0.12414   0.11632   0.04927   0.02112   0.09260   0.22602   0.30596   0.17464   0.00000   0.00000   0.00000   0.00000   0.00577   0.00000   0.02291   0.00000   0.11761   0.01128   0.05122   0.14529   0.15947   0.01083   0.05331   0.06494   0.15094   0.13859   0.40160   0.09225   0.20553   0.13371   0.01027   0.00000   0.00000   0.20715   0.54456   0.33775   0.05524   0.14464   0.12902   0.17992   0.01069   0.00000   0.00460   0.04128   0.01754   0.22763   0.17906   0.24638   0.23713   0.00000   0.12383   0.08587   0.02298   0.04653   0.00000   0.00939   0.00192   0.11804   0.13691   0.10831   0.19802   0.00000   0.01022   0.16714   0.25188   0.02364   0.19365   0.02513   0.00288   0.45150   0.00000   0.09652   0.03138   0.05405   0.03630   0.05753   0.22482   0.00069   0.00000   0.02510   0.03104   0.12450   0.14043   0.20993   0.18973   0.24496   0.29045   0.17321   0.20578   0.00000   0.18509   0.29513   0.09436   0.29304   0.11001   0.02524   0.02398   0.10268   0.06924   0.04189   0.31143   0.04355   0.00000   0.10846   0.00000   0.06533   0.07292   0.00762   0.06642   0.03464   0.04598   0.11152   0.07772   0.01644   0.01595   0.01563   0.03898   0.03139   0.00000   0.00000   0.00903   0.15204   0.00000   0.03224   0.03841   0.08490   0.15673   0.00000   0.00000   0.12080   0.13232   0.29196   0.20870   0.59504   0.72033   0.59232  
 64 98.4459  12410.316216  x:  0.46505   0.00000   0.00000   0.57644   0.02868   0.19831   0.15403   0.06775   0.03853   0.17755   0.33055   0.02579   0.00000   0.00000   0.12226   0.11623   0.05028   0.02106   0.09229   0.22541   0.30712   0.17629   0.00000   0.00000   0.00000   0.00000   0.00604   0.00000   0.02275   0.00000   0.11750   0.01083   0.05095   0.14655   0.15976   0.00664   0.05513   0.06633   0.14882   0.13960   0.39879   0.09147   0.20558   0.13426   0.01039   0.00000   0.00000   0.20879   0.54135   0.34058   0.05785   0.14623   0.13011   0.18171   0.01101   0.00000   0.00455   0.04053   0.01881   0.22779   0.18075   0.24570   0.23644   0.00000   0.12391   0.08484   0.02298   0.04673   0.00000   0.00740   0.00260   0.11889   0.13358   0.10820   0.19916   0.00440   0.01048   0.16811   0.25317   0.02237   0.19420   0.02572   0.00295   0.44061   0.00000   0.09565   0.03115   0.05338   0.03652   0.05837   0.22494   0.00070   0.00000   0.02553   0.02919   0.12346   0.14188   0.21053   0.18970   0.24375   0.28781   0.17492   0.20570   0.00000   0.18207   0.30005   0.09602   0.29553   0.10994   0.02588   0.02563   0.10241   0.06868   0.03917   0.30779   0.04531   0.00000   0.10971   0.00000   0.06426   0.07271   0.00753   0.06683   0.03497   0.04613   0.11268   0.07757   0.01692   0.01836   0.01685   0.03921   0.03141   0.00000   0.00000   0.00894   0.15113   0.00000   0.03217   0.03903   0.08470   0.15717   0.00000   0.00000   0.12272   0.13215   0.28754   0.20887   0.59709   0.72365   0.59428  
 65 81.5393  12409.221095  x:  0.48888   0.00000   0.00000   0.61529   0.01253   0.19920   0.15272   0.06759   0.03828   0.18984   0.33509   0.02106   0.00000   0.00000   0.11809   0.11598   0.05177   0.02088   0.09158   0.22454   0.30967   0.18032   0.00000   0.00000   0.00000   0.00000   0.00517   0.00000   0.02309   0.00000   0.11728   0.01095   0.04856   0.14937   0.16042   0.01300   0.05768   0.06851   0.14391   0.14193   0.39255   0.08982   0.20574   0.13552   0.01038   0.00000   0.00000   0.21312   0.53348   0.34736   0.06189   0.14973   0.13242   0.18596   0.01089   0.00000   0.00450   0.03794   0.02283   0.22901   0.18496   0.24503   0.23534   0.00000   0.12407   0.08285   0.02303   0.04676   0.00000   0.00760   0.00249   0.12079   0.12605   0.10790   0.20206   0.00297   0.00965   0.17071   0.25587   0.02200   0.19570   0.02807   0.00306   0.41724   0.00000   0.09372   0.03076   0.05220   0.03688   0.05981   0.22564   0.00072   0.00000   0.02687   0.02600   0.12123   0.14514   0.21236   0.18936   0.24184   0.28254   0.17915   0.20548   0.00000   0.17529   0.31074   0.09998   0.30103   0.10981   0.02543   0.02830   0.10177   0.06760   0.03380   0.29874   0.04889   0.00000   0.11261   0.00000   0.06211   0.07228   0.00752   0.06767   0.03532   0.04640   0.11537   0.07719   0.01705   0.02210   0.01830   0.03954   0.03141   0.00000   0.00000   0.00886   0.14920   0.00000   0.03205   0.04008   0.08424   0.15861   0.00000   0.00000   0.12710   0.13196   0.27819   0.20988   0.60191   0.73116   0.59843  
 66 354.5177  12408.718890  x:  0.49605   0.00000   0.00000   0.62737   0.00712   0.19932   0.15235   0.06754   0.03819   0.19358   0.33592   0.01957   0.00000   0.00000   0.11721   0.11590   0.05166   0.02081   0.09144   0.22453   0.31035   0.18143   0.00000   0.00000   0.00000   0.00000   0.00533   0.00000   0.02304   0.00000   0.11724   0.01129   0.04779   0.15000   0.16058   0.01099   0.05723   0.06843   0.14269   0.14242   0.39087   0.08954   0.20581   0.13582   0.01023   0.00000   0.00000   0.21445   0.53099   0.34941   0.06172   0.15048   0.13285   0.18708   0.01092   0.00000   0.00448   0.03745   0.02225   0.22963   0.18609   0.24523   0.23524   0.00000   0.12409   0.08266   0.02305   0.04659   0.00000   0.00887   0.00180   0.12123   0.12431   0.10786   0.20300   0.00000   0.00923   0.17151   0.25648   0.02285   0.19615   0.02833   0.00311   0.41101   0.00000   0.09333   0.03083   0.05219   0.03690   0.05983   0.22600   0.00072   0.00000   0.02692   0.02682   0.12081   0.14590   0.21301   0.18921   0.24176   0.28150   0.18029   0.20539   0.00000   0.17369   0.31377   0.10138   0.30250   0.10980   0.02465   0.02788   0.10164   0.06750   0.03339   0.29588   0.04979   0.00000   0.11333   0.00000   0.06184   0.07222   0.00759   0.06779   0.03518   0.04640   0.11604   0.07710   0.01661   0.02141   0.01769   0.03949   0.03139   0.00000   0.00000   0.00893   0.14876   0.00000   0.03209   0.04009   0.08412   0.15914   0.00000   0.00000   0.12846   0.13199   0.27606   0.21042   0.60316   0.73346   0.59954  
 67 262.3377  12408.104720  x:  0.50401   0.00000   0.00000   0.64160   0.00000   0.19913   0.15196   0.06748   0.03804   0.19783   0.33579   0.01772   0.00000   0.00000   0.11687   0.11582   0.05079   0.02072   0.09138   0.22497   0.31094   0.18250   0.00000   0.00000   0.00000   0.00000   0.00532   0.00000   0.02306   0.00000   0.11723   0.01134   0.04673   0.15033   0.16068   0.01146   0.05518   0.06732   0.14180   0.14266   0.38934   0.08957   0.20590   0.13604   0.01014   0.00000   0.00000   0.21601   0.52792   0.35178   0.05955   0.15083   0.13290   0.18806   0.01077   0.00000   0.00446   0.03723   0.02093   0.23080   0.18722   0.24618   0.23554   0.00000   0.12409   0.08304   0.02308   0.04619   0.00000   0.00878   0.00153   0.12160   0.12319   0.10794   0.20446   0.00184   0.00889   0.17236   0.25683   0.02456   0.19664   0.02826   0.00315   0.40562   0.00000   0.09318   0.03105   0.05265   0.03676   0.05926   0.22668   0.00072   0.00000   0.02673   0.02891   0.12071   0.14636   0.21390   0.18907   0.24262   0.28143   0.18129   0.20527   0.00000   0.17263   0.31677   0.10329   0.30383   0.10983   0.02361   0.02644   0.10158   0.06771   0.03473   0.29237   0.05049   0.00000   0.11386   0.00000   0.06211   0.07226   0.00761   0.06771   0.03472   0.04631   0.11657   0.07703   0.01582   0.01914   0.01608   0.03925   0.03134   0.00000   0.00000   0.00901   0.14851   0.00000   0.03225   0.03966   0.08403   0.15993   0.00000   0.00000   0.13005   0.13216   0.27484   0.21143   0.60425   0.73612   0.60051  
 68 233.1450  12407.361962  x:  0.51625   0.00000   0.00000   0.66450   0.00000   0.19855   0.15154   0.06741   0.03784   0.20439   0.33411   0.01427   0.00000   0.00000   0.11776   0.11583   0.04972   0.02068   0.09151   0.22608   0.31144   0.18322   0.00000   0.00000   0.00000   0.00000   0.00530   0.00000   0.02301   0.00000   0.11729   0.01036   0.04800   0.14998   0.16063   0.01164   0.05283   0.06560   0.14189   0.14232   0.38797   0.09014   0.20604   0.13600   0.01045   0.00000   0.00000   0.21759   0.52366   0.35479   0.05585   0.15040   0.13234   0.18851   0.01083   0.00000   0.00435   0.03876   0.02113   0.23275   0.18809   0.24823   0.23641   0.00000   0.12403   0.08418   0.02305   0.04613   0.00000   0.00519   0.00358   0.12184   0.12372   0.10829   0.20631   0.00000   0.00874   0.17279   0.25657   0.02381   0.19713   0.02669   0.00320   0.40025   0.00000   0.09354   0.03108   0.05342   0.03649   0.05820   0.22781   0.00074   0.00000   0.02664   0.02820   0.12116   0.14597   0.21497   0.18903   0.24489   0.28267   0.18168   0.20511   0.00000   0.17288   0.32075   0.10668   0.30500   0.10992   0.02656   0.02628   0.10169   0.06823   0.03853   0.28760   0.05122   0.00000   0.11390   0.00000   0.06320   0.07241   0.00739   0.06732   0.03438   0.04614   0.11677   0.07715   0.01690   0.01885   0.01634   0.03899   0.03135   0.00000   0.00000   0.00886   0.14855   0.00000   0.03266   0.03887   0.08404   0.16099   0.00000   0.00000   0.13258   0.13254   0.27507   0.21303   0.60470   0.74029   0.60159  
 69 175.0230  12406.463585  x:  0.53810   0.00000   0.00000   0.70672   0.00000   0.19715   0.15096   0.06730   0.03749   0.21621   0.32950   0.00851   0.00000   0.00000   0.12026   0.11595   0.04849   0.02065   0.09183   0.22845   0.31191   0.18377   0.00000   0.00000   0.00000   0.00000   0.00516   0.00000   0.02307   0.00000   0.11743   0.01102   0.05092   0.14878   0.16041   0.01134   0.05036   0.06327   0.14314   0.14123   0.38649   0.09141   0.20625   0.13564   0.01037   0.00000   0.00000   0.21979   0.51643   0.35960   0.05052   0.14900   0.13103   0.18852   0.01107   0.00000   0.00415   0.04116   0.02355   0.23638   0.18898   0.25240   0.23834   0.00000   0.12390   0.08622   0.02297   0.04639   0.00000   0.01214   0.00393   0.12170   0.12647   0.10868   0.20945   0.00117   0.00888   0.17302   0.25554   0.02078   0.19785   0.02461   0.00321   0.39371   0.00000   0.09454   0.03089   0.05445   0.03605   0.05661   0.22991   0.00076   0.00000   0.02701   0.02506   0.12237   0.14452   0.21667   0.18897   0.24978   0.28637   0.18184   0.20483   0.00000   0.17480   0.32720   0.11305   0.30628   0.11007   0.03112   0.02697   0.10190   0.06901   0.04526   0.27955   0.05214   0.00000   0.11339   0.00000   0.06530   0.07273   0.00750   0.06655   0.03422   0.04591   0.11662   0.07746   0.01897   0.02105   0.01851   0.03874   0.03143   0.00000   0.00000   0.00888   0.14897   0.00000   0.03337   0.03773   0.08419   0.16277   0.00000   0.00000   0.13722   0.13330   0.27725   0.21586   0.60464   0.74786   0.60303  
 70 380.8989  12405.706858  x:  0.54844   0.00000   0.00000   0.72775   0.00000   0.19631   0.15088   0.06728   0.03739   0.22188   0.32624   0.00760   0.00000   0.00000   0.12167   0.11609   0.04913   0.02064   0.09196   0.22961   0.31174   0.18336   0.00000   0.00000   0.00000   0.00000   0.00519   0.00000   0.02301   0.00000   0.11750   0.01174   0.05159   0.14795   0.16023   0.01141   0.05214   0.06388   0.14443   0.14052   0.38673   0.09188   0.20631   0.13528   0.01034   0.00000   0.00000   0.22003   0.51391   0.36100   0.05171   0.14815   0.13050   0.18784   0.01108   0.00000   0.00411   0.04075   0.02342   0.23772   0.18864   0.25426   0.23935   0.00000   0.12384   0.08653   0.02298   0.04674   0.00000   0.01108   0.00000   0.12105   0.12853   0.10880   0.21010   0.00109   0.00963   0.17273   0.25470   0.02027   0.19801   0.02552   0.00316   0.39315   0.00000   0.09511   0.03080   0.05425   0.03604   0.05679   0.23072   0.00077   0.00000   0.02728   0.02513   0.12309   0.14354   0.21707   0.18894   0.25213   0.28886   0.18115   0.20475   0.00000   0.17665   0.32971   0.11608   0.30609   0.11009   0.02957   0.02693   0.10193   0.06887   0.04660   0.27676   0.05229   0.00000   0.11274   0.00000   0.06583   0.07282   0.00777   0.06631   0.03468   0.04593   0.11611   0.07757   0.01855   0.02238   0.01945   0.03893   0.03145   0.00000   0.00000   0.00922   0.14934   0.00000   0.03352   0.03793   0.08436   0.16329   0.00000   0.00000   0.13951   0.13363   0.27934   0.21679   0.60383   0.75151   0.60333  
 71 191.5840  12404.047231  x:  0.59122   0.00000   0.00000   0.81710   0.00000   0.19259   0.15101   0.06725   0.03710   0.24547   0.31080   0.00768   0.00000   0.00000   0.12647   0.11668   0.05288   0.02069   0.09222   0.23401   0.31029   0.18072   0.00000   0.00000   0.00000   0.00000   0.00545   0.00000   0.02267   0.00000   0.11769   0.00993   0.05113   0.14476   0.15948   0.01149   0.06180   0.06879   0.14996   0.13787   0.38958   0.09300   0.20642   0.13370   0.01009   0.00000   0.00000   0.21953   0.50599   0.36464   0.06209   0.14496   0.12903   0.18432   0.01089   0.00000   0.00408   0.03667   0.02059   0.24202   0.18607   0.26100   0.24332   0.00000   0.12368   0.08591   0.02302   0.04779   0.00000   0.01208   0.01023   0.12014   0.13675   0.10887   0.21232   0.00000   0.00882   0.17038   0.25089   0.02121   0.19821   0.03015   0.00291   0.39569   0.00000   0.09693   0.03070   0.05230   0.03652   0.05922   0.23336   0.00081   0.00000   0.02827   0.02891   0.12565   0.13981   0.21786   0.18934   0.26141   0.29938   0.17774   0.20457   0.00000   0.18482   0.33901   0.12689   0.30366   0.11015   0.01969   0.02673   0.10182   0.06685   0.04636   0.26801   0.05231   0.00000   0.10981   0.00000   0.06632   0.07297   0.00709   0.06592   0.03670   0.04616   0.11349   0.07778   0.01486   0.02500   0.02024   0.03998   0.03145   0.00000   0.00000   0.00883   0.15092   0.00000   0.03339   0.03995   0.08506   0.16468   0.00000   0.00000   0.14914   0.13482   0.28911   0.21940   0.59944   0.76673   0.60384  
 72 407.5467  12402.415232  x:  0.62554   0.00000   0.00000   0.89391   0.00000   0.18948   0.15222   0.06734   0.03719   0.26481   0.29489   0.01097   0.00000   0.00000   0.12530   0.11656   0.05305   0.02089   0.09154   0.23583   0.30788   0.17835   0.00000   0.00000   0.00000   0.00000   0.00492   0.00000   0.02305   0.00000   0.11758   0.01539   0.04565   0.14454   0.15929   0.01108   0.06271   0.07143   0.15168   0.13788   0.39497   0.09155   0.20629   0.13311   0.00976   0.00000   0.00000   0.21707   0.50577   0.36294   0.06941   0.14450   0.12968   0.18192   0.01089   0.00000   0.00385   0.03630   0.02380   0.24260   0.18365   0.26341   0.24502   0.00000   0.12379   0.08230   0.02301   0.04624   0.00000   0.01221   0.01074   0.11908   0.13853   0.10761   0.21074   0.00000   0.00713   0.16908   0.24763   0.02643   0.19728   0.02813   0.00287   0.40608   0.00000   0.09577   0.03133   0.05117   0.03733   0.06155   0.23366   0.00084   0.00000   0.02670   0.03022   0.12521   0.13940   0.21696   0.18947   0.26504   0.30658   0.17558   0.20469   0.00000   0.18892   0.34421   0.12762   0.29859   0.11044   0.03067   0.02981   0.10156   0.06294   0.03463   0.26787   0.05117   0.00000   0.10853   0.00000   0.06325   0.07278   0.00861   0.06692   0.03590   0.04634   0.11181   0.07746   0.01624   0.01783   0.01243   0.03993   0.03122   0.00000   0.00000   0.00756   0.15184   0.00000   0.03153   0.04179   0.08512   0.16416   0.00000   0.00000   0.15725   0.13513   0.29705   0.21890   0.59599   0.77918   0.60286  
 73 190.2128  12400.939829  x:  0.65028   0.00000   0.00000   0.95239   0.00000   0.18735   0.15378   0.06745   0.03737   0.27898   0.28169   0.01285   0.00000   0.00000   0.12184   0.11616   0.05131   0.02106   0.09076   0.23600   0.30570   0.17729   0.00000   0.00000   0.00000   0.00000   0.00482   0.00000   0.02296   0.00000   0.11737   0.00660   0.04354   0.14579   0.15947   0.01104   0.05837   0.07083   0.15071   0.13919   0.40009   0.08978   0.20614   0.13336   0.00976   0.00000   0.00000   0.21494   0.50935   0.35916   0.06984   0.14549   0.13085   0.18126   0.01083   0.00000   0.00359   0.03757   0.02385   0.24146   0.18237   0.26328   0.24520   0.00000   0.12398   0.07991   0.02321   0.04517   0.00000   0.01349   0.00836   0.11873   0.13640   0.10640   0.20843   0.00000   0.00790   0.16883   0.24542   0.02756   0.19635   0.02565   0.00282   0.41712   0.00000   0.09372   0.03122   0.05142   0.03752   0.06190   0.23289   0.00087   0.00000   0.02817   0.02907   0.12361   0.14079   0.21590   0.18953   0.26520   0.31012   0.17515   0.20488   0.00000   0.18941   0.34666   0.12293   0.29370   0.11084   0.03169   0.02731   0.10098   0.06077   0.02479   0.27206   0.04956   0.00000   0.10870   0.00000   0.06051   0.07252   0.00570   0.06794   0.03439   0.04634   0.11157   0.07725   0.01713   0.01680   0.01401   0.03943   0.03122   0.00000   0.00000   0.00989   0.15241   0.00000   0.02969   0.04226   0.08483   0.16308   0.00000   0.00000   0.16333   0.13500   0.30240   0.21750   0.59455   0.78829   0.60157  
 74 282.0032  12399.042771  x:  0.68678   0.00000   0.00000   1.04155   0.00000   0.18444   0.15675   0.06764   0.03770   0.30008   0.26090   0.01551   0.00000   0.00000   0.11515   0.11545   0.04842   0.02125   0.08953   0.23526   0.30227   0.17670   0.00000   0.00000   0.00000   0.00000   0.00501   0.00000   0.02269   0.00000   0.11703   0.01347   0.04532   0.14884   0.16001   0.01118   0.05005   0.06840   0.14727   0.14205   0.40833   0.08702   0.20590   0.13437   0.00953   0.00000   0.00000   0.21209   0.51792   0.35143   0.06649   0.14807   0.13304   0.18159   0.01080   0.00000   0.00325   0.03956   0.02166   0.23867   0.18133   0.26149   0.24452   0.00000   0.12432   0.07754   0.02350   0.04456   0.00000   0.01232   0.01010   0.11937   0.13015   0.10488   0.20473   0.00000   0.00868   0.16905   0.24255   0.02602   0.19499   0.02345   0.00267   0.43577   0.00000   0.09026   0.03069   0.05235   0.03741   0.06122   0.23103   0.00092   0.00000   0.03133   0.02697   0.12041   0.14422   0.21427   0.18961   0.26334   0.31346   0.17573   0.20523   0.00000   0.18764   0.34908   0.11197   0.28577   0.11155   0.02619   0.02144   0.09986   0.05937   0.01414   0.28209   0.04630   0.00000   0.11003   0.00000   0.05698   0.07217   0.00701   0.06949   0.03252   0.04643   0.11220   0.07691   0.01735   0.02037   0.02039   0.03862   0.03137   0.00000   0.00000   0.01014   0.15320   0.00000   0.02701   0.04170   0.08407   0.16116   0.00000   0.00000   0.17249   0.13455   0.30976   0.21494   0.59387   0.80179   0.59927  
 75 529.3106  12396.844880  x:  0.72325   0.00000   0.00000   1.13646   0.00000   0.18220   0.16099   0.06780   0.03800   0.32158   0.23839   0.02159   0.00000   0.00000   0.10806   0.11503   0.04991   0.02114   0.08864   0.23306   0.29888   0.17845   0.00000   0.00000   0.00000   0.00000   0.00499   0.00000   0.02253   0.00000   0.11671   0.01086   0.05023   0.15315   0.16095   0.01128   0.05066   0.06789   0.14101   0.14578   0.41703   0.08504   0.20574   0.13636   0.00968   0.00000   0.00000   0.21105   0.53225   0.34021   0.06280   0.15248   0.13591   0.18457   0.01084   0.00000   0.00316   0.03859   0.02146   0.23495   0.18267   0.25739   0.24236   0.00000   0.12463   0.07778   0.02315   0.04648   0.00000   0.01297   0.00927   0.12117   0.11967   0.10428   0.20127   0.00000   0.00812   0.17109   0.24101   0.02234   0.19423   0.02848   0.00239   0.45698   0.00000   0.08794   0.03102   0.05212   0.03729   0.06055   0.22838   0.00097   0.00000   0.03050   0.03029   0.11678   0.14942   0.21317   0.18920   0.25794   0.31329   0.17888   0.20556   0.00000   0.18138   0.34928   0.09706   0.27755   0.11216   0.02420   0.02796   0.09892   0.06248   0.02455   0.29872   0.04072   0.00000   0.11317   0.00000   0.05577   0.07172   0.01130   0.07068   0.03394   0.04689   0.11430   0.07619   0.01535   0.02213   0.01756   0.03887   0.03140   0.00000   0.00000   0.00345   0.15408   0.00000   0.02543   0.04029   0.08306   0.15937   0.00000   0.00000   0.18199   0.13385   0.31568   0.21240   0.59659   0.81531   0.59658  
 76 323.4067  12396.134642  x:  0.73853   0.00000   0.00000   1.17792   0.00000   0.18149   0.16313   0.06786   0.03809   0.33070   0.22863   0.02497   0.00000   0.00000   0.10603   0.11498   0.05123   0.02105   0.08854   0.23191   0.29760   0.17969   0.00000   0.00000   0.00000   0.00000   0.00497   0.00000   0.02248   0.00000   0.11663   0.01180   0.05197   0.15485   0.16136   0.01128   0.05274   0.06799   0.13824   0.14717   0.42054   0.08479   0.20572   0.13728   0.00978   0.00000   0.00000   0.21125   0.53954   0.33484   0.06114   0.15438   0.13694   0.18630   0.01089   0.00000   0.00316   0.03778   0.02177   0.23344   0.18381   0.25537   0.24120   0.00000   0.12471   0.07874   0.02304   0.04735   0.00000   0.01309   0.00995   0.12222   0.11529   0.10450   0.20024   0.00000   0.00816   0.17240   0.24076   0.02133   0.19408   0.03053   0.00223   0.46608   0.00000   0.08769   0.03117   0.05190   0.03725   0.06025   0.22728   0.00100   0.00000   0.02991   0.03152   0.11560   0.15152   0.21297   0.18895   0.25514   0.31233   0.18062   0.20567   0.00000   0.17805   0.34876   0.09072   0.27434   0.11230   0.02431   0.03055   0.09886   0.06462   0.03019   0.30685   0.03767   0.00000   0.11469   0.00000   0.05629   0.07152   0.01042   0.07084   0.03487   0.04701   0.11547   0.07594   0.01482   0.02264   0.01536   0.03917   0.03139   0.00000   0.00000   0.01157   0.15465   0.00000   0.02535   0.04007   0.08281   0.15878   0.00000   0.00000   0.18604   0.13356   0.31740   0.21151   0.59847   0.82097   0.59534  
 77 602.7578  12395.490165  x:  0.74521   0.00000   0.00000   1.20047   0.00000   0.18181   0.16497   0.06783   0.03800   0.33494   0.22372   0.02828   0.00000   0.00000   0.10812   0.11523   0.05251   0.02095   0.08924   0.23105   0.29750   0.18134   0.00000   0.00000   0.00000   0.00000   0.00491   0.00000   0.02249   0.00000   0.11676   0.01341   0.05072   0.15499   0.16149   0.01115   0.05630   0.06844   0.13725   0.14705   0.42153   0.08624   0.20582   0.13771   0.00970   0.00000   0.00000   0.21293   0.54572   0.33108   0.06034   0.15495   0.13671   0.18797   0.01092   0.00000   0.00309   0.03736   0.02218   0.23315   0.18555   0.25405   0.24024   0.00000   0.12460   0.08089   0.02324   0.04721   0.00000   0.01322   0.00996   0.12298   0.11459   0.10575   0.20092   0.00000   0.00969   0.17409   0.24160   0.02303   0.19437   0.02951   0.00204   0.47026   0.00000   0.08948   0.03101   0.05177   0.03724   0.06012   0.22698   0.00101   0.00000   0.03024   0.03036   0.11626   0.15177   0.21362   0.18863   0.25298   0.30991   0.18213   0.20561   0.00000   0.17543   0.34694   0.08852   0.27379   0.11199   0.02506   0.02800   0.09985   0.06682   0.03166   0.31275   0.03450   0.00000   0.11559   0.00000   0.05884   0.07152   0.00406   0.06999   0.03535   0.04681   0.11663   0.07618   0.01581   0.02267   0.01507   0.03952   0.03139   0.00000   0.00000   0.01024   0.15504   0.00000   0.02674   0.03963   0.08290   0.15917   0.00000   0.00000   0.18797   0.13355   0.31585   0.21165   0.60085   0.82341   0.59449  
 78 144.4124  12394.645894  x:  0.75401   0.00000   0.00000   1.23581   0.00000   0.18302   0.16852   0.06772   0.03773   0.34085   0.21656   0.03409   0.00000   0.00000   0.11405   0.11582   0.05425   0.02073   0.09094   0.22959   0.29795   0.18462   0.00000   0.00000   0.00000   0.00000   0.00483   0.00000   0.02249   0.00000   0.11710   0.01232   0.04699   0.15429   0.16156   0.01092   0.06225   0.06917   0.13652   0.14594   0.42210   0.08962   0.20608   0.13814   0.00958   0.00000   0.00000   0.21695   0.55742   0.32458   0.05945   0.15523   0.13556   0.19103   0.01095   0.00000   0.00291   0.03699   0.02261   0.23337   0.18911   0.25204   0.23857   0.00000   0.12428   0.08501   0.02351   0.04640   0.00000   0.01348   0.01030   0.12419   0.11550   0.10851   0.20316   0.00000   0.01117   0.17731   0.24379   0.02616   0.19519   0.02629   0.00169   0.47579   0.00000   0.09369   0.03064   0.05172   0.03717   0.05995   0.22688   0.00103   0.00000   0.03136   0.02748   0.11850   0.15117   0.21535   0.18792   0.24924   0.30454   0.18478   0.20540   0.00000   0.17107   0.34257   0.08626   0.27421   0.11111   0.02662   0.02171   0.10214   0.07049   0.03121   0.32315   0.02812   0.00000   0.11689   0.00000   0.06410   0.07187   0.00920   0.06802   0.03600   0.04651   0.11877   0.07686   0.01735   0.02252   0.01605   0.04005   0.03138   0.00000   0.00000   0.01006   0.15568   0.00000   0.02988   0.03913   0.08337   0.16046   0.00000   0.00000   0.19070   0.13372   0.31102   0.21246   0.60552   0.82653   0.59299  
 79 247.2242  12393.770651  x:  0.75685   0.00000   0.00000   1.26377   0.00000   0.18575   0.17284   0.06753   0.03723   0.34362   0.21284   0.03602   0.00000   0.00000   0.12038   0.11618   0.05199   0.02025   0.09260   0.22876   0.29956   0.18764   0.00000   0.00000   0.00000   0.00000   0.00479   0.00000   0.02243   0.00000   0.11745   0.01222   0.04774   0.15192   0.16126   0.01102   0.06002   0.06834   0.13813   0.14348   0.42020   0.09206   0.20636   0.13750   0.00956   0.00000   0.00000   0.22204   0.57063   0.31881   0.06014   0.15386   0.13335   0.19323   0.01086   0.00000   0.00276   0.03835   0.02153   0.23528   0.19255   0.25153   0.23753   0.00000   0.12390   0.08580   0.02255   0.04587   0.00000   0.01317   0.00916   0.12412   0.12018   0.11058   0.20684   0.00000   0.00416   0.17941   0.24690   0.02246   0.19662   0.02659   0.00148   0.47702   0.00000   0.09701   0.03108   0.05253   0.03670   0.05975   0.22769   0.00106   0.00000   0.03128   0.03032   0.12181   0.14873   0.21811   0.18689   0.24675   0.29831   0.18645   0.20500   0.00000   0.16926   0.33556   0.08540   0.27749   0.10982   0.02629   0.02752   0.10382   0.07084   0.02542   0.33327   0.02099   0.00000   0.11710   0.00000   0.06627   0.07223   0.00861   0.06621   0.03495   0.04604   0.12019   0.07749   0.01356   0.02209   0.01784   0.03958   0.03140   0.00000   0.00000   0.01000   0.15524   0.00000   0.03194   0.03959   0.08421   0.16276   0.00000   0.00000   0.19206   0.13446   0.30278   0.21422   0.60957   0.82725   0.59161  
 80 91.4939  12393.167673  x:  0.75636   0.00000   0.00000   1.28379   0.00000   0.18886   0.17674   0.06734   0.03676   0.34432   0.21210   0.03492   0.00000   0.00000   0.12296   0.11623   0.04981   0.02009   0.09321   0.22865   0.30125   0.18941   0.00000   0.00000   0.00000   0.00000   0.00471   0.00000   0.02240   0.00000   0.11757   0.01216   0.05021   0.14988   0.16090   0.01114   0.05579   0.06788   0.14006   0.14159   0.41763   0.09219   0.20653   0.13651   0.00970   0.00000   0.00000   0.22584   0.58208   0.31477   0.06214   0.15237   0.13184   0.19415   0.01091   0.00000   0.00267   0.03852   0.02237   0.23766   0.19466   0.25224   0.23733   0.00000   0.12371   0.08378   0.02304   0.04642   0.00000   0.01342   0.00994   0.12378   0.12393   0.11083   0.21076   0.00238   0.01208   0.18047   0.24940   0.02127   0.19794   0.02905   0.00137   0.47521   0.00000   0.09757   0.03126   0.05281   0.03651   0.05982   0.22883   0.00109   0.00000   0.03089   0.03261   0.12365   0.14649   0.22042   0.18671   0.24672   0.29362   0.18708   0.20463   0.00000   0.16973   0.32859   0.08505   0.28114   0.10887   0.02472   0.03112   0.10437   0.06912   0.02276   0.34142   0.01636   0.00000   0.11669   0.00000   0.06488   0.07235   0.00896   0.06587   0.03445   0.04598   0.12060   0.07763   0.01482   0.02223   0.01530   0.03912   0.03136   0.00000   0.00000   0.01001   0.15406   0.00000   0.03209   0.04032   0.08477   0.16484   0.00000   0.00000   0.19247   0.13542   0.29577   0.21601   0.61170   0.82655   0.59076  
 81 113.7729  12392.866659  x:  0.75547   0.00000   0.00000   1.28852   0.00000   0.18995   0.17789   0.06729   0.03663   0.34408   0.21257   0.03417   0.00000   0.00000   0.12278   0.11620   0.04969   0.02012   0.09313   0.22880   0.30172   0.18967   0.00000   0.00000   0.00000   0.00000   0.00472   0.00000   0.02237   0.00000   0.11754   0.01213   0.05065   0.14949   0.16081   0.01114   0.05509   0.06802   0.14054   0.14128   0.41680   0.09175   0.20655   0.13621   0.00967   0.00000   0.00000   0.22665   0.58541   0.31382   0.06283   0.15201   0.13165   0.19417   0.01091   0.00000   0.00266   0.03826   0.02234   0.23844   0.19498   0.25275   0.23749   0.00000   0.12371   0.08288   0.02322   0.04666   0.00000   0.01344   0.00993   0.12355   0.12453   0.11049   0.21164   0.00000   0.01223   0.18051   0.24998   0.02135   0.19826   0.02931   0.00138   0.47402   0.00000   0.09712   0.03117   0.05271   0.03657   0.05991   0.22924   0.00109   0.00000   0.03102   0.03244   0.12373   0.14601   0.22100   0.18663   0.24710   0.29273   0.18707   0.20454   0.00000   0.17030   0.32638   0.08515   0.28219   0.10871   0.02463   0.03064   0.10434   0.06842   0.02321   0.34366   0.01579   0.00000   0.11650   0.00000   0.06390   0.07232   0.00894   0.06611   0.03457   0.04607   0.12055   0.07759   0.01545   0.02242   0.01461   0.03911   0.03136   0.00000   0.00000   0.01003   0.15360   0.00000   0.03178   0.04047   0.08482   0.16538   0.00000   0.00000   0.19239   0.13576   0.29416   0.21656   0.61188   0.82600   0.59064  
 82 110.4718  12391.549113  x:  0.74586   0.00000   0.00000   1.31829   0.00000   0.19856   0.18621   0.06697   0.03578   0.34040   0.21920   0.02785   0.00000   0.00000   0.11766   0.11582   0.05125   0.02050   0.09143   0.23056   0.30489   0.19026   0.00000   0.00000   0.00000   0.00000   0.00478   0.00000   0.02225   0.00000   0.11715   0.01208   0.05087   0.14795   0.16029   0.01100   0.05366   0.06991   0.14312   0.14041   0.41073   0.08716   0.20662   0.13441   0.00929   0.00000   0.00000   0.23077   0.60933   0.30813   0.06690   0.15004   0.13145   0.19325   0.01091   0.00000   0.00254   0.03580   0.02142   0.24401   0.19582   0.25735   0.23939   0.00000   0.12394   0.07662   0.02362   0.04782   0.00000   0.01328   0.00895   0.12149   0.12604   0.10658   0.21743   0.00556   0.00557   0.17956   0.25338   0.02284   0.19995   0.02842   0.00163   0.46235   0.00000   0.09172   0.03042   0.05139   0.03738   0.06071   0.23231   0.00113   0.00000   0.03225   0.02917   0.12232   0.14376   0.22432   0.18635   0.25160   0.28945   0.18625   0.20397   0.00000   0.17576   0.30985   0.08734   0.28935   0.10824   0.02649   0.02252   0.10327   0.06356   0.03036   0.35913   0.01552   0.00000   0.11493   0.00000   0.05583   0.07190   0.00829   0.06895   0.03607   0.04692   0.11962   0.07701   0.01683   0.02356   0.01306   0.03953   0.03138   0.00000   0.00000   0.01024   0.15017   0.00000   0.02853   0.04093   0.08467   0.16867   0.00000   0.00000   0.19089   0.13834   0.28493   0.22036   0.61125   0.82050   0.59033  
 83 182.3726  12390.375740  x:  0.73425   0.00000   0.00000   1.34046   0.00000   0.20683   0.19298   0.06684   0.03537   0.33493   0.22975   0.02507   0.00000   0.00000   0.11097   0.11542   0.05357   0.02017   0.08938   0.23277   0.30663   0.18903   0.00000   0.00000   0.00000   0.00000   0.00450   0.00000   0.02232   0.00000   0.11676   0.01286   0.04683   0.14922   0.16030   0.01092   0.05815   0.07050   0.14266   0.14203   0.40662   0.08490   0.20662   0.13449   0.00935   0.00000   0.00000   0.23100   0.62894   0.30522   0.06505   0.15010   0.13288   0.19162   0.01088   0.00000   0.00225   0.03838   0.02256   0.24750   0.19468   0.26182   0.24169   0.00000   0.12430   0.07815   0.02177   0.04598   0.00000   0.01353   0.00934   0.12118   0.12274   0.10379   0.22025   0.00413   0.00935   0.17774   0.25396   0.02561   0.20034   0.02448   0.00195   0.44779   0.00000   0.08796   0.03171   0.05116   0.03764   0.06097   0.23434   0.00117   0.00000   0.03211   0.03210   0.11937   0.14491   0.22531   0.18716   0.25746   0.29086   0.18519   0.20380   0.00000   0.18002   0.29593   0.09324   0.29362   0.10907   0.02845   0.02516   0.10134   0.06339   0.03157   0.36985   0.01852   0.00000   0.11415   0.00000   0.05505   0.07171   0.00842   0.07067   0.03557   0.04709   0.11869   0.07666   0.00948   0.02155   0.02139   0.03991   0.03145   0.00000   0.00000   0.01044   0.14902   0.00000   0.02744   0.03950   0.08379   0.16991   0.00000   0.00000   0.18844   0.13992   0.28205   0.22253   0.60859   0.81386   0.59106  
 84 105.2025  12389.121152  x:  0.71800   0.00000   0.00000   1.36349   0.00000   0.21699   0.20020   0.06683   0.03522   0.32651   0.24641   0.02370   0.00000   0.00000   0.10488   0.11507   0.05505   0.02025   0.08755   0.23557   0.30758   0.18669   0.00000   0.00000   0.00000   0.00000   0.00433   0.00000   0.02220   0.00000   0.11650   0.01292   0.04435   0.15233   0.16070   0.01087   0.06386   0.06990   0.13998   0.14519   0.40342   0.08523   0.20662   0.13605   0.00954   0.00000   0.00000   0.22867   0.65026   0.30370   0.06067   0.15173   0.13535   0.18965   0.01073   0.00000   0.00188   0.04016   0.02239   0.24984   0.19216   0.26653   0.24442   0.00000   0.12469   0.08421   0.02294   0.04418   0.00000   0.01370   0.00876   0.12207   0.11662   0.10271   0.22111   0.00443   0.00723   0.17476   0.25275   0.02435   0.20017   0.02485   0.00211   0.42715   0.00000   0.08655   0.03230   0.05161   0.03743   0.06102   0.23591   0.00124   0.00000   0.03352   0.03778   0.11602   0.14831   0.22474   0.18838   0.26442   0.29624   0.18406   0.20390   0.00000   0.18316   0.28086   0.10171   0.29628   0.11079   0.02520   0.02969   0.09908   0.06595   0.02649   0.37914   0.02131   0.00000   0.11404   0.00000   0.05982   0.07163   0.00884   0.07105   0.03399   0.04676   0.11757   0.07625   0.02139   0.02096   0.02258   0.03990   0.03134   0.00000   0.00000   0.01041   0.14978   0.00000   0.02853   0.03766   0.08265   0.16985   0.00000   0.00000   0.18451   0.14071   0.28352   0.22367   0.60467   0.80441   0.59291  
 85 156.5806  12387.455398  x:  0.69805   0.00000   0.00000   1.38453   0.00000   0.22812   0.20618   0.06703   0.03550   0.31495   0.27041   0.02078   0.00000   0.00000   0.10535   0.11510   0.05401   0.02146   0.08751   0.23819   0.30668   0.18441   0.00000   0.00000   0.00000   0.00000   0.00450   0.00000   0.02195   0.00000   0.11665   0.01172   0.05048   0.15655   0.16156   0.01054   0.06473   0.06850   0.13499   0.14887   0.40339   0.08890   0.20663   0.13896   0.00940   0.00000   0.00000   0.22393   0.66959   0.30448   0.05868   0.15547   0.13816   0.18889   0.01088   0.00000   0.00186   0.03624   0.02174   0.24950   0.18936   0.26960   0.24654   0.00000   0.12481   0.08886   0.02400   0.04663   0.00000   0.01383   0.00841   0.12500   0.11008   0.10565   0.21904   0.00413   0.00741   0.17231   0.24895   0.02053   0.19940   0.02974   0.00194   0.40103   0.00000   0.08983   0.02975   0.05182   0.03722   0.06093   0.23633   0.00130   0.00000   0.03476   0.03179   0.11424   0.15309   0.22188   0.18997   0.27045   0.30574   0.18410   0.20437   0.00000   0.18219   0.26873   0.10733   0.29452   0.11282   0.02670   0.02656   0.09852   0.06883   0.01757   0.38368   0.01957   0.00000   0.11547   0.00000   0.06649   0.07139   0.00884   0.06921   0.03406   0.04632   0.11668   0.07541   0.01368   0.02280   0.01148   0.03946   0.03119   0.00000   0.00000   0.00984   0.15291   0.00000   0.03156   0.03820   0.08209   0.16795   0.00000   0.00000   0.17884   0.13972   0.29263   0.22271   0.60162   0.79217   0.59670  
 86 121.7908  12385.747423  x:  0.67633   0.00000   0.00000   1.39993   0.00000   0.23907   0.20858   0.06743   0.03608   0.30020   0.30345   0.01668   0.00000   0.00000   0.11446   0.11570   0.05152   0.01963   0.08975   0.23906   0.30293   0.18476   0.00000   0.00000   0.00000   0.00000   0.00433   0.00000   0.02189   0.00000   0.11722   0.01184   0.05122   0.15945   0.16256   0.01073   0.05822   0.07003   0.13033   0.15048   0.40932   0.09168   0.20660   0.14120   0.00913   0.00000   0.00000   0.21974   0.68309   0.30704   0.06840   0.16044   0.13967   0.19174   0.01097   0.00000   0.00170   0.03589   0.02272   0.24563   0.18942   0.26879   0.24637   0.00000   0.12441   0.08253   0.01970   0.04818   0.00000   0.01439   0.00830   0.12889   0.10874   0.11149   0.21414   0.00422   0.00684   0.17431   0.24301   0.02617   0.19774   0.02890   0.00179   0.37298   0.00000   0.09540   0.03386   0.05103   0.03738   0.06192   0.23471   0.00137   0.00000   0.03329   0.03551   0.11716   0.15728   0.21790   0.19060   0.27152   0.31728   0.18699   0.20505   0.00000   0.17461   0.26608   0.10429   0.28569   0.11316   0.02875   0.02541   0.10035   0.06737   0.02092   0.38139   0.00957   0.00000   0.11888   0.00000   0.06527   0.07097   0.00871   0.06645   0.03662   0.04648   0.11919   0.07665   0.01597   0.02437   0.01743   0.03949   0.03152   0.00000   0.00000   0.00986   0.15659   0.00000   0.03223   0.04282   0.08310   0.16471   0.00000   0.00000   0.17116   0.13675   0.31099   0.21935   0.60357   0.77732   0.60351  
 87 94.2056  12384.910224  x:  0.66689   0.00000   0.00000   1.40445   0.00000   0.24440   0.20728   0.06760   0.03614   0.29178   0.32500   0.01863   0.00000   0.00000   0.11762   0.11602   0.05250   0.02109   0.09099   0.23861   0.29978   0.18745   0.00000   0.00000   0.00000   0.00000   0.00421   0.00000   0.02183   0.00000   0.11736   0.01241   0.04609   0.15851   0.16263   0.01067   0.05818   0.07124   0.13118   0.14899   0.41572   0.09021   0.20659   0.14054   0.00900   0.00000   0.00000   0.22087   0.68761   0.30685   0.06935   0.16098   0.13818   0.19475   0.01087   0.00000   0.00135   0.03875   0.02233   0.24390   0.19205   0.26728   0.24541   0.00000   0.12414   0.07940   0.03010   0.04586   0.00000   0.01419   0.00850   0.12927   0.11194   0.11217   0.21267   0.00418   0.00754   0.17767   0.23988   0.02248   0.19730   0.02540   0.00182   0.36170   0.00000   0.09450   0.02963   0.05155   0.03697   0.06119   0.23379   0.00141   0.00000   0.03585   0.03484   0.11945   0.15666   0.21756   0.18981   0.26959   0.32214   0.18945   0.20514   0.00000   0.17074   0.27218   0.10164   0.27817   0.11180   0.02670   0.02797   0.10168   0.06600   0.02296   0.37896   0.00980   0.00000   0.12044   0.00000   0.06113   0.07127   0.00870   0.06657   0.03573   0.04643   0.12118   0.07710   0.01488   0.02354   0.01674   0.03981   0.03131   0.00000   0.00000   0.00997   0.15743   0.00000   0.02967   0.04203   0.08364   0.16406   0.00000   0.00000   0.16647   0.13623   0.32162   0.21828   0.60754   0.76922   0.60857  
 88 88.9433  12383.845474  x:  0.65857   0.00000   0.00000   1.40565   0.00000   0.25019   0.20283   0.06770   0.03587   0.28134   0.35463   0.02385   0.00000   0.00000   0.11721   0.11608   0.05442   0.02040   0.09146   0.23727   0.29545   0.19205   0.00000   0.00000   0.00000   0.00000   0.00421   0.00000   0.02167   0.00000   0.11723   0.01239   0.04565   0.15511   0.16215   0.01048   0.06190   0.07166   0.13518   0.14544   0.42578   0.08667   0.20664   0.13818   0.00910   0.00000   0.00000   0.22561   0.69048   0.30437   0.06496   0.15902   0.13468   0.19865   0.01085   0.00000   0.00116   0.03932   0.02191   0.24308   0.19692   0.26492   0.24368   0.00000   0.12392   0.07932   0.02002   0.04332   0.00000   0.01397   0.00899   0.12753   0.11740   0.10969   0.21272   0.00394   0.00854   0.18308   0.23759   0.01919   0.19784   0.02620   0.00188   0.35375   0.00000   0.09021   0.03000   0.05243   0.03684   0.06003   0.23324   0.00146   0.00000   0.03794   0.03304   0.12138   0.15313   0.21924   0.18753   0.26526   0.32554   0.19239   0.20489   0.00000   0.16861   0.28762   0.09837   0.26770   0.10938   0.02519   0.02833   0.10319   0.06513   0.02067   0.37561   0.01514   0.00000   0.12126   0.00000   0.05656   0.07193   0.00875   0.06828   0.03374   0.04635   0.12343   0.07715   0.01561   0.02315   0.01362   0.04000   0.03109   0.00000   0.00000   0.01002   0.15763   0.00000   0.02528   0.03829   0.08396   0.16484   0.00000   0.00000   0.16030   0.13700   0.33246   0.21837   0.61379   0.75971   0.61587  
 89 98.4314  12383.134519  x:  0.65521   0.00000   0.00000   1.40294   0.00000   0.25382   0.19719   0.06769   0.03551   0.27354   0.37883   0.02644   0.00000   0.00000   0.11305   0.11570   0.05435   0.01915   0.09077   0.23600   0.29276   0.19470   0.00000   0.00000   0.00000   0.00000   0.00425   0.00000   0.02159   0.00000   0.11694   0.01180   0.05194   0.15237   0.16153   0.01049   0.06416   0.07085   0.13817   0.14324   0.43332   0.08526   0.20672   0.13646   0.00936   0.00000   0.00000   0.23003   0.69038   0.30111   0.06189   0.15641   0.13281   0.20005   0.01099   0.00000   0.00137   0.03674   0.02251   0.24373   0.19987   0.26342   0.24237   0.00000   0.12401   0.08252   0.02501   0.04755   0.00000   0.01420   0.00931   0.12500   0.11920   0.10622   0.21378   0.00407   0.00753   0.18638   0.23799   0.02406   0.19882   0.02955   0.00192   0.35320   0.00000   0.08747   0.03355   0.05170   0.03739   0.06061   0.23351   0.00149   0.00000   0.03530   0.03529   0.12080   0.14994   0.22147   0.18525   0.26145   0.32534   0.19332   0.20450   0.00000   0.17043   0.30479   0.09579   0.26125   0.10843   0.02820   0.02706   0.10354   0.06569   0.01684   0.37313   0.01636   0.00000   0.12057   0.00000   0.05743   0.07200   0.00885   0.06974   0.03453   0.04657   0.12417   0.07686   0.01563   0.02410   0.01658   0.03977   0.03135   0.00000   0.00000   0.01000   0.15795   0.00000   0.02427   0.03723   0.08385   0.16641   0.00000   0.00000   0.15538   0.13806   0.33664   0.21951   0.61704   0.75305   0.62196  
 90 91.6742  12382.151307  x:  0.65677   0.00000   0.00000   1.39328   0.00000   0.25762   0.18532   0.06756   0.03496   0.26319   0.41549   0.02541   0.00000   0.00000   0.10515   0.11486   0.05217   0.02237   0.08922   0.23487   0.29114   0.19527   0.00000   0.00000   0.00000   0.00000   0.00409   0.00000   0.02161   0.00000   0.11652   0.01196   0.04890   0.15117   0.16080   0.01056   0.06185   0.06938   0.13863   0.14361   0.44182   0.08803   0.20693   0.13614   0.00938   0.00000   0.00000   0.23502   0.68702   0.29454   0.06571   0.15336   0.13428   0.19809   0.01096   0.00000   0.00129   0.03633   0.02288   0.24688   0.20061   0.26325   0.24169   0.00000   0.12452   0.08551   0.02243   0.04873   0.00000   0.01431   0.00936   0.12181   0.11507   0.10274   0.21658   0.00413   0.00787   0.18696   0.24089   0.02185   0.20001   0.02596   0.00175   0.36238   0.00000   0.08847   0.02696   0.04920   0.03795   0.06352   0.23512   0.00154   0.00000   0.03452   0.03744   0.11660   0.14755   0.22521   0.18293   0.25792   0.32054   0.19158   0.20381   0.00000   0.17796   0.33754   0.09303   0.25779   0.11004   0.02823   0.02651   0.10199   0.06787   0.01790   0.37140   0.00932   0.00000   0.11772   0.00000   0.06447   0.07095   0.00875   0.06995   0.03736   0.04697   0.12246   0.07566   0.01546   0.02581   0.01612   0.03935   0.03147   0.00000   0.00000   0.00977   0.15897   0.00000   0.02880   0.04211   0.08327   0.16955   0.00000   0.00000   0.14818   0.13954   0.33464   0.22263   0.61633   0.74507   0.63113  
 91 70.4584  12381.562861  x:  0.66140   0.00000   0.00000   1.38414   0.00000   0.25964   0.17631   0.06746   0.03477   0.25706   0.43975   0.02436   0.00000   0.00000   0.10593   0.11496   0.05344   0.01858   0.08877   0.23537   0.29128   0.19408   0.00000   0.00000   0.00000   0.00000   0.00418   0.00000   0.02141   0.00000   0.11658   0.01214   0.04753   0.15266   0.16087   0.01047   0.06053   0.07001   0.13616   0.14555   0.44585   0.09006   0.20705   0.13724   0.00940   0.00000   0.00000   0.23683   0.68547   0.28940   0.06808   0.15349   0.13643   0.19629   0.01094   0.00000   0.00100   0.03920   0.02218   0.24983   0.19982   0.26508   0.24250   0.00000   0.12468   0.08395   0.02401   0.04546   0.00000   0.01436   0.00907   0.12233   0.11142   0.10448   0.21894   0.00419   0.00796   0.18564   0.24302   0.02003   0.20085   0.02649   0.00141   0.37218   0.00000   0.09082   0.03589   0.05089   0.03792   0.06335   0.23672   0.00158   0.00000   0.03769   0.03412   0.11509   0.14859   0.22716   0.18261   0.25854   0.31743   0.19033   0.20352   0.00000   0.18145   0.36134   0.09352   0.25853   0.11155   0.02704   0.02661   0.10127   0.06850   0.01944   0.37335   0.00831   0.00000   0.11658   0.00000   0.06566   0.07059   0.00874   0.06866   0.03578   0.04659   0.12101   0.07542   0.01482   0.02503   0.01440   0.03968   0.03118   0.00000   0.00000   0.00979   0.15866   0.00000   0.03038   0.04287   0.08273   0.17132   0.00000   0.00000   0.14354   0.14061   0.33074   0.22488   0.61427   0.74093   0.63673  
 92 90.3494  12380.952183  x:  0.67039   0.00000   0.00000   1.37121   0.00000   0.26122   0.16606   0.06740   0.03490   0.25150   0.46455   0.02319   0.00000   0.00000   0.11299   0.11568   0.05538   0.02082   0.09015   0.23749   0.29265   0.19253   0.00000   0.00000   0.00000   0.00000   0.00422   0.00000   0.02128   0.00000   0.11701   0.01200   0.05149   0.15610   0.16160   0.01039   0.06086   0.07160   0.13167   0.14840   0.44791   0.09056   0.20712   0.13923   0.00960   0.00000   0.00000   0.23667   0.68547   0.28414   0.06745   0.15623   0.13856   0.19510   0.01096   0.00000   0.00098   0.03892   0.02239   0.25326   0.19820   0.26891   0.24459   0.00000   0.12450   0.08024   0.02355   0.04480   0.00000   0.01464   0.00843   0.12595   0.10909   0.10986   0.22148   0.00424   0.00732   0.18336   0.24465   0.02344   0.20138   0.02826   0.00112   0.38510   0.00000   0.09327   0.03052   0.05306   0.03663   0.06009   0.23844   0.00162   0.00000   0.03815   0.03422   0.11645   0.15258   0.22803   0.18384   0.26284   0.31566   0.18989   0.20351   0.00000   0.18119   0.38760   0.09650   0.26217   0.11256   0.02744   0.02743   0.10150   0.06761   0.01928   0.37910   0.01222   0.00000   0.11713   0.00000   0.06213   0.07086   0.00888   0.06677   0.03323   0.04604   0.12024   0.07622   0.01556   0.02313   0.01647   0.04007   0.03116   0.00000   0.00000   0.01005   0.15707   0.00000   0.02928   0.04003   0.08235   0.17228   0.00000   0.00000   0.13887   0.14147   0.32498   0.22680   0.61157   0.73803   0.64161  
 93 84.0613  12380.668878  x:  0.67821   0.00000   0.00000   1.36199   0.00000   0.26120   0.16105   0.06743   0.03531   0.24983   0.47454   0.02159   0.00000   0.00000   0.11516   0.11583   0.05366   0.01913   0.09063   0.23905   0.29413   0.19169   0.00000   0.00000   0.00000   0.00000   0.00406   0.00000   0.02141   0.00000   0.11718   0.01199   0.04903   0.15753   0.16216   0.01044   0.06256   0.07142   0.13103   0.14884   0.44612   0.08846   0.20704   0.13970   0.00965   0.00000   0.00000   0.23450   0.68621   0.28397   0.06444   0.15847   0.13817   0.19565   0.01095   0.00000   0.00113   0.03608   0.02296   0.25384   0.19723   0.27113   0.24586   0.00000   0.12425   0.08129   0.02353   0.04821   0.00000   0.01453   0.00805   0.12821   0.11090   0.11116   0.22187   0.00396   0.00749   0.18187   0.24389   0.02072   0.20079   0.02575   0.00114   0.39136   0.00000   0.09249   0.03154   0.05142   0.03700   0.06012   0.23840   0.00163   0.00000   0.03590   0.03656   0.11851   0.15489   0.22696   0.18577   0.26687   0.31642   0.19055   0.20382   0.00000   0.17739   0.40002   0.09895   0.26572   0.11174   0.02765   0.02661   0.10201   0.06634   0.01834   0.38352   0.01053   0.00000   0.11871   0.00000   0.05924   0.07125   0.00877   0.06740   0.03606   0.04648   0.12066   0.07654   0.01539   0.02516   0.01549   0.03966   0.03137   0.00000   0.00000   0.01002   0.15597   0.00000   0.02744   0.03839   0.08273   0.17145   0.00000   0.00000   0.13692   0.14080   0.32188   0.22651   0.61067   0.73814   0.64255  
 94 47.4157  12380.451815  x:  0.68816   0.00000   0.00000   1.35080   0.00000   0.26033   0.15744   0.06749   0.03581   0.24960   0.47989   0.01936   0.00000   0.00000   0.11375   0.11573   0.05247   0.02169   0.09066   0.24036   0.29567   0.19204   0.00000   0.00000   0.00000   0.00000   0.00422   0.00000   0.02125   0.00000   0.11712   0.01199   0.04924   0.15747   0.16247   0.01041   0.06376   0.07082   0.13258   0.14784   0.44210   0.08673   0.20696   0.13941   0.00970   0.00000   0.00000   0.23186   0.68786   0.28634   0.06418   0.16016   0.13679   0.19737   0.01104   0.00000   0.00098   0.03993   0.02229   0.25302   0.19717   0.27275   0.24665   0.00000   0.12410   0.08352   0.02344   0.04649   0.00000   0.01450   0.00793   0.12908   0.11340   0.10951   0.22161   0.00401   0.00694   0.18136   0.24224   0.02263   0.20019   0.02825   0.00106   0.39527   0.00000   0.09052   0.03184   0.05036   0.03782   0.06246   0.23772   0.00166   0.00000   0.03644   0.03541   0.11977   0.15555   0.22512   0.18770   0.27089   0.31880   0.19203   0.20422   0.00000   0.17233   0.40905   0.10088   0.26916   0.11027   0.02757   0.02658   0.10237   0.06590   0.01845   0.38856   0.00758   0.00000   0.12064   0.00000   0.05960   0.07158   0.00876   0.06861   0.03652   0.04664   0.12208   0.07662   0.01513   0.02543   0.01493   0.03958   0.03124   0.00000   0.00000   0.00999   0.15604   0.00000   0.02716   0.03981   0.08349   0.16995   0.00000   0.00000   0.13573   0.13963   0.32033   0.22531   0.61125   0.73988   0.64154  
 95 36.9007  12380.241576  x:  0.70144   0.00000   0.00000   1.33657   0.00000   0.25891   0.15484   0.06753   0.03617   0.25057   0.48239   0.01750   0.00000   0.00000   0.11159   0.11562   0.05338   0.01789   0.08979   0.24131   0.29686   0.19309   0.00000   0.00000   0.00000   0.00000   0.00415   0.00000   0.02127   0.00000   0.11698   0.01202   0.05054   0.15629   0.16244   0.01037   0.06222   0.07041   0.13434   0.14630   0.43701   0.08756   0.20702   0.13895   0.00965   0.00000   0.00000   0.23032   0.69108   0.28960   0.06680   0.16074   0.13545   0.19963   0.01099   0.00000   0.00107   0.03720   0.02273   0.25196   0.19823   0.27376   0.24719   0.00000   0.12410   0.08362   0.02365   0.04530   0.00000   0.01438   0.00790   0.12859   0.11432   0.10708   0.22158   0.00390   0.00689   0.18219   0.23971   0.02247   0.19955   0.02729   0.00100   0.39730   0.00000   0.08999   0.03043   0.05120   0.03763   0.06332   0.23692   0.00167   0.00000   0.03721   0.03498   0.11968   0.15472   0.22370   0.18896   0.27434   0.32239   0.19394   0.20451   0.00000   0.16881   0.41649   0.10228   0.27152   0.10929   0.02733   0.02687   0.10263   0.06670   0.01877   0.39470   0.00947   0.00000   0.12215   0.00000   0.06240   0.07155   0.00878   0.06876   0.03452   0.04638   0.12388   0.07657   0.01530   0.02362   0.01548   0.03982   0.03120   0.00000   0.00000   0.00991   0.15730   0.00000   0.02862   0.04171   0.08395   0.16870   0.00000   0.00000   0.13500   0.13901   0.32071   0.22418   0.61302   0.74323   0.63896  
 96 40.4059  12380.039004  x:  0.71789   0.00000   0.00000   1.31884   0.00000   0.25687   0.15333   0.06752   0.03625   0.25270   0.48186   0.01699   0.00000   0.00000   0.11067   0.11558   0.05517   0.02299   0.08959   0.24157   0.29754   0.19478   0.00000   0.00000   0.00000   0.00000   0.00408   0.00000   0.02130   0.00000   0.11688   0.01203   0.04967   0.15494   0.16211   0.01039   0.06077   0.07097   0.13483   0.14541   0.43147   0.08957   0.20712   0.13856   0.00967   0.00000   0.00000   0.23028   0.69459   0.29332   0.06825   0.15981   0.13505   0.20105   0.01097   0.00000   0.00117   0.03605   0.02303   0.25087   0.19967   0.27379   0.24706   0.00000   0.12425   0.08148   0.02356   0.04741   0.00000   0.01435   0.00801   0.12723   0.11297   0.10610   0.22161   0.00374   0.00702   0.18373   0.23748   0.02140   0.19923   0.02653   0.00092   0.39678   0.00000   0.09121   0.03322   0.05202   0.03706   0.06107   0.23627   0.00169   0.00000   0.03669   0.03560   0.11829   0.15311   0.22321   0.18890   0.27579   0.32570   0.19515   0.20453   0.00000   0.16907   0.42226   0.10347   0.27249   0.10952   0.02740   0.02665   0.10264   0.06767   0.01813   0.39997   0.01107   0.00000   0.12237   0.00000   0.06342   0.07103   0.00876   0.06799   0.03420   0.04632   0.12480   0.07628   0.01532   0.02370   0.01552   0.03995   0.03133   0.00000   0.00000   0.00991   0.15843   0.00000   0.02934   0.04063   0.08352   0.16810   0.00000   0.00000   0.13468   0.13897   0.32234   0.22345   0.61478   0.74810   0.63489  
 97 44.5055  12379.665638  x:  0.75004   0.00000   0.00000   1.28339   0.00000   0.25263   0.15218   0.06746   0.03604   0.25780   0.47722   0.01718   0.00000   0.00000   0.11091   0.11546   0.05565   0.01886   0.08878   0.24090   0.29797   0.19619   0.00000   0.00000   0.00000   0.00000   0.00421   0.00000   0.02115   0.00000   0.11684   0.01196   0.04836   0.15358   0.16145   0.01042   0.06150   0.07237   0.13370   0.14553   0.42241   0.09139   0.20721   0.13811   0.00992   0.00000   0.00000   0.23182   0.69989   0.29944   0.06750   0.15709   0.13585   0.20151   0.01108   0.00000   0.00116   0.04058   0.02244   0.24938   0.20165   0.27267   0.24611   0.00000   0.12455   0.07893   0.02342   0.04853   0.00000   0.01451   0.00831   0.12502   0.10947   0.10714   0.22148   0.00372   0.00685   0.18634   0.23530   0.02245   0.19932   0.02855   0.00075   0.39239   0.00000   0.09347   0.03092   0.05165   0.03670   0.05770   0.23571   0.00174   0.00000   0.03571   0.03625   0.11568   0.15071   0.22364   0.18711   0.27520   0.32980   0.19561   0.20426   0.00000   0.17371   0.43006   0.10454   0.27241   0.11106   0.02782   0.02629   0.10217   0.06792   0.01655   0.40625   0.00879   0.00000   0.12107   0.00000   0.06135   0.07008   0.00874   0.06686   0.03666   0.04666   0.12480   0.07582   0.01508   0.02558   0.01461   0.03977   0.03137   0.00000   0.00000   0.01001   0.15932   0.00000   0.02837   0.03714   0.08227   0.16815   0.00000   0.00000   0.13460   0.13937   0.32589   0.22288   0.61648   0.75826   0.62642  
 98 69.3635  12379.211694  x:  0.79191   0.00000   0.00000   1.23697   0.00000   0.24776   0.15290   0.06735   0.03551   0.26551   0.46835   0.01788   0.00000   0.00000   0.11310   0.11538   0.05221   0.02026   0.08966   0.23996   0.29739   0.19661   0.00000   0.00000   0.00000   0.00000   0.00413   0.00000   0.02111   0.00000   0.11701   0.01193   0.05108   0.15474   0.16127   0.01023   0.06422   0.07216   0.13072   0.14767   0.41572   0.08922   0.20716   0.13830   0.01026   0.00000   0.00000   0.23525   0.70550   0.30281   0.06548   0.15543   0.13807   0.19993   0.01098   0.00000   0.00141   0.03619   0.02310   0.24991   0.20252   0.27127   0.24563   0.00000   0.12456   0.08182   0.02385   0.04374   0.00000   0.01453   0.00831   0.12518   0.10806   0.11076   0.22168   0.00367   0.00714   0.18823   0.23513   0.02181   0.19988   0.02672   0.00068   0.38382   0.00000   0.09345   0.03149   0.05133   0.03731   0.06258   0.23637   0.00179   0.00000   0.03700   0.03560   0.11565   0.15099   0.22589   0.18419   0.27223   0.33207   0.19441   0.20372   0.00000   0.17950   0.43656   0.10356   0.27009   0.11255   0.02716   0.02689   0.10126   0.06574   0.01661   0.41005   0.00584   0.00000   0.11903   0.00000   0.05790   0.07035   0.00878   0.06721   0.03580   0.04650   0.12376   0.07626   0.01540   0.02307   0.01550   0.03962   0.03116   0.00000   0.00000   0.00988   0.15938   0.00000   0.02606   0.03906   0.08217   0.17007   0.00000   0.00000   0.13506   0.14073   0.33036   0.22391   0.61621   0.77188   0.61622  
 99 81.2201  12378.832152  x:  0.83028   0.00000   0.00000   1.19488   0.00000   0.24502   0.15576   0.06729   0.03504   0.27357   0.45904   0.01893   0.00000   0.00000   0.11444   0.11569   0.05223   0.01987   0.09078   0.24008   0.29587   0.19573   0.00000   0.00000   0.00000   0.00000   0.00419   0.00000   0.02100   0.00000   0.11716   0.01201   0.04882   0.15753   0.16193   0.01023   0.06282   0.07036   0.12942   0.14955   0.41672   0.08660   0.20715   0.13938   0.01045   0.00000   0.00000   0.23852   0.71051   0.29947   0.06729   0.15737   0.13941   0.19818   0.01103   0.00000   0.00142   0.03951   0.02275   0.25319   0.20199   0.27206   0.24673   0.00000   0.12421   0.08429   0.02345   0.04917   0.00000   0.01456   0.00805   0.12800   0.11066   0.11210   0.22285   0.00366   0.00721   0.18799   0.23731   0.02157   0.20095   0.02758   0.00074   0.37481   0.00000   0.09072   0.03149   0.05049   0.03797   0.06506   0.23840   0.00184   0.00000   0.03673   0.03533   0.11869   0.15424   0.22858   0.18263   0.27019   0.33183   0.19309   0.20335   0.00000   0.17993   0.43922   0.10133   0.26661   0.11219   0.02713   0.02657   0.10105   0.06440   0.01692   0.41015   0.01080   0.00000   0.11873   0.00000   0.06059   0.07169   0.00874   0.06858   0.03449   0.04640   0.12272   0.07683   0.01535   0.02345   0.01517   0.03988   0.03148   0.00000   0.00000   0.00969   0.15971   0.00000   0.02673   0.04336   0.08350   0.17287   0.00000   0.00000   0.13601   0.14258   0.33357   0.22658   0.61450   0.78438   0.60931  
100 79.5829  12378.449552  x:  0.86855   0.00000   0.00000   1.15272   0.00000   0.24432   0.16053   0.06735   0.03499   0.28273   0.44894   0.02122   0.00000   0.00000   0.11198   0.11594   0.05646   0.02008   0.09056   0.24086   0.29426   0.19345   0.00000   0.00000   0.00000   0.00000   0.00419   0.00000   0.02095   0.00000   0.11702   0.01184   0.05010   0.15933   0.16275   0.01026   0.06139   0.07077   0.13201   0.14946   0.42398   0.08665   0.20717   0.14034   0.01070   0.00000   0.00000   0.23879   0.71305   0.29215   0.06821   0.16068   0.13844   0.19660   0.01108   0.00000   0.00163   0.03831   0.02304   0.25697   0.19952   0.27399   0.24886   0.00000   0.12400   0.08153   0.02367   0.04566   0.00000   0.01451   0.00760   0.13009   0.11350   0.10856   0.22355   0.00365   0.00713   0.18497   0.24094   0.02147   0.20160   0.02671   0.00094   0.36530   0.00000   0.08744   0.03161   0.05126   0.03735   0.05988   0.24044   0.00189   0.00000   0.03573   0.03588   0.12049   0.15736   0.22958   0.18366   0.26976   0.32869   0.19171   0.20346   0.00000   0.17555   0.43829   0.10093   0.26424   0.11058   0.02740   0.02627   0.10159   0.06588   0.01653   0.40446   0.00718   0.00000   0.11993   0.00000   0.06353   0.07227   0.00868   0.06950   0.03583   0.04678   0.12182   0.07686   0.01520   0.02421   0.01504   0.04001   0.03121   0.00000   0.00000   0.00979   0.15917   0.00000   0.02813   0.04028   0.08399   0.17440   0.00000   0.00000   0.13748   0.14276   0.33370   0.22904   0.61149   0.79662   0.60590  
101 71.3640  12378.225737  x:  0.89197   0.00000   0.00000   1.12789   0.00000   0.24693   0.16499   0.06744   0.03523   0.28942   0.44382   0.02042   0.00000   0.00000   0.11062   0.11538   0.05203   0.02014   0.08954   0.24211   0.29358   0.19299   0.00000   0.00000   0.00000   0.00000   0.00419   0.00000   0.02088   0.00000   0.11692   0.01198   0.04976   0.15768   0.16262   0.01014   0.06326   0.07250   0.13376   0.14749   0.43309   0.08974   0.20729   0.13993   0.01089   0.00000   0.00000   0.23676   0.71450   0.28551   0.06730   0.16116   0.13647   0.19763   0.01104   0.00000   0.00163   0.03843   0.02299   0.25837   0.19867   0.27614   0.25055   0.00000   0.12427   0.08047   0.02356   0.04756   0.00000   0.01443   0.00745   0.12884   0.11157   0.10644   0.22444   0.00363   0.00698   0.18277   0.24229   0.02161   0.20165   0.02692   0.00064   0.36134   0.00000   0.09184   0.03151   0.05123   0.03730   0.06215   0.24103   0.00192   0.00000   0.03711   0.03488   0.11822   0.15609   0.22834   0.18619   0.27253   0.32644   0.19253   0.20384   0.00000   0.17251   0.43443   0.10009   0.26418   0.11038   0.02682   0.02679   0.10251   0.06670   0.01704   0.39884   0.00813   0.00000   0.12132   0.00000   0.06080   0.07086   0.00873   0.06773   0.03556   0.04651   0.12262   0.07647   0.01543   0.02221   0.01562   0.03956   0.03157   0.00000   0.00000   0.00986   0.15822   0.00000   0.02822   0.03870   0.08334   0.17377   0.00000   0.00000   0.13892   0.14198   0.33197   0.22934   0.61140   0.80354   0.60840  
102 43.7157  12378.099782  x:  0.90571   0.00000   0.00000   1.11444   0.00000   0.25114   0.16835   0.06748   0.03535   0.29436   0.44249   0.02017   0.00000   0.00000   0.11201   0.11553   0.05454   0.02016   0.08934   0.24283   0.29379   0.19390   0.00000   0.00000   0.00000   0.00000   0.00423   0.00000   0.02085   0.00000   0.11695   0.01186   0.04978   0.15591   0.16211   0.01026   0.06251   0.07119   0.13248   0.14678   0.43971   0.08902   0.20727   0.13889   0.01102   0.00000   0.00000   0.23485   0.71529   0.28280   0.06703   0.15979   0.13631   0.19923   0.01113   0.00000   0.00179   0.03885   0.02298   0.25750   0.19942   0.27700   0.25085   0.00000   0.12447   0.08247   0.02374   0.04559   0.00000   0.01448   0.00734   0.12732   0.10962   0.10822   0.22504   0.00354   0.00676   0.18250   0.24156   0.02183   0.20126   0.02645   0.00064   0.36142   0.00000   0.09219   0.03155   0.05115   0.03758   0.06249   0.24025   0.00194   0.00000   0.03520   0.03630   0.11651   0.15383   0.22665   0.18765   0.27532   0.32560   0.19393   0.20407   0.00000   0.17342   0.42949   0.10055   0.26532   0.11099   0.02713   0.02624   0.10252   0.06591   0.01706   0.39484   0.00919   0.00000   0.12159   0.00000   0.05953   0.07052   0.00873   0.06751   0.03484   0.04642   0.12355   0.07612   0.01518   0.02477   0.01476   0.04009   0.03092   0.00000   0.00000   0.00972   0.15761   0.00000   0.02772   0.04150   0.08299   0.17238   0.00000   0.00000   0.14023   0.14108   0.32977   0.22817   0.61303   0.80688   0.61398  
103 28.5410  12378.005105  x:  0.91585   0.00000   0.00000   1.10522   0.00000   0.25607   0.17096   0.06747   0.03529   0.29884   0.44298   0.02058   0.00000   0.00000   0.11249   0.11563   0.05508   0.01998   0.08962   0.24294   0.29435   0.19492   0.00000   0.00000   0.00000   0.00000   0.00421   0.00000   0.02081   0.00000   0.11699   0.01199   0.04964   0.15550   0.16180   0.01015   0.06220   0.07064   0.13092   0.14734   0.44388   0.08731   0.20719   0.13843   0.01107   0.00000   0.00000   0.23385   0.71554   0.28301   0.06737   0.15849   0.13727   0.20014   0.01105   0.00000   0.00178   0.03843   0.02306   0.25577   0.20051   0.27675   0.25042   0.00000   0.12444   0.08263   0.02353   0.04744   0.00000   0.01445   0.00734   0.12693   0.10959   0.11003   0.22526   0.00351   0.00676   0.18311   0.24018   0.02127   0.20091   0.02730   0.00068   0.36329   0.00000   0.08972   0.03145   0.05116   0.03716   0.06128   0.23916   0.00195   0.00000   0.03679   0.03520   0.11669   0.15271   0.22556   0.18788   0.27694   0.32551   0.19474   0.20409   0.00000   0.17560   0.42390   0.10159   0.26663   0.11146   0.02695   0.02644   0.10175   0.06547   0.01743   0.39170   0.00784   0.00000   0.12111   0.00000   0.06097   0.07121   0.00870   0.06845   0.03556   0.04664   0.12408   0.07638   0.01543   0.02203   0.01569   0.03987   0.03172   0.00000   0.00000   0.00974   0.15750   0.00000   0.02756   0.04136   0.08278   0.17112   0.00000   0.00000   0.14159   0.14041   0.32781   0.22682   0.61449   0.80869   0.62089  
104 26.8127  12377.917547  x:  0.92507   0.00000   0.00000   1.09785   0.00000   0.26228   0.17301   0.06740   0.03500   0.30388   0.44524   0.02005   0.00000   0.00000   0.11176   0.11551   0.05223   0.02000   0.09008   0.24263   0.29489   0.19582   0.00000   0.00000   0.00000   0.00000   0.00429   0.00000   0.02073   0.00000   0.11700   0.01191   0.05016   0.15661   0.16192   0.01020   0.06277   0.07173   0.13070   0.14850   0.44593   0.08759   0.20720   0.13914   0.01114   0.00000   0.00000   0.23469   0.71602   0.28512   0.06782   0.15821   0.13833   0.20016   0.01110   0.00000   0.00192   0.03869   0.02302   0.25439   0.20169   0.27600   0.24970   0.00000   0.12422   0.08105   0.02361   0.04645   0.00000   0.01441   0.00723   0.12795   0.11116   0.10992   0.22547   0.00355   0.00656   0.18471   0.23854   0.02225   0.20074   0.02611   0.00068   0.36675   0.00000   0.08903   0.03169   0.05124   0.03787   0.06164   0.23849   0.00196   0.00000   0.03615   0.03520   0.11849   0.15357   0.22581   0.18674   0.27726   0.32654   0.19483   0.20387   0.00000   0.17726   0.41701   0.10146   0.26721   0.11155   0.02654   0.02673   0.10098   0.06596   0.01772   0.38999   0.00897   0.00000   0.12034   0.00000   0.06267   0.07182   0.00871   0.06881   0.03555   0.04656   0.12368   0.07649   0.01523   0.02344   0.01485   0.03948   0.03092   0.00000   0.00000   0.00984   0.15807   0.00000   0.02814   0.03933   0.08297   0.17081   0.00000   0.00000   0.14326   0.14063   0.32692   0.22628   0.61523   0.80947   0.62956  
105 22.0368  12377.836741  x:  0.93298   0.00000   0.00000   1.09214   0.00000   0.26858   0.17402   0.06734   0.03473   0.30918   0.44846   0.01971   0.00000   0.00000   0.11131   0.11561   0.05365   0.01997   0.09006   0.24201   0.29515   0.19578   0.00000   0.00000   0.00000   0.00000   0.00428   0.00000   0.02073   0.00000   0.11697   0.01196   0.04934   0.15782   0.16227   0.01018   0.06247   0.07182   0.13213   0.14889   0.44538   0.08885   0.20724   0.13998   0.01122   0.00000   0.00000   0.23632   0.71580   0.28815   0.06686   0.15883   0.13823   0.19921   0.01110   0.00000   0.00202   0.03856   0.02314   0.25393   0.20193   0.27500   0.24919   0.00000   0.12411   0.08117   0.02373   0.04593   0.00000   0.01437   0.00734   0.12893   0.11213   0.10798   0.22528   0.00341   0.00687   0.18574   0.23762   0.02073   0.20091   0.02820   0.00051   0.37062   0.00000   0.09071   0.03145   0.05095   0.03698   0.06258   0.23850   0.00198   0.00000   0.03530   0.03578   0.11936   0.15515   0.22702   0.18524   0.27608   0.32790   0.19404   0.20361   0.00000   0.17703   0.40962   0.10097   0.26695   0.11123   0.02740   0.02549   0.10130   0.06642   0.01759   0.38917   0.00860   0.00000   0.11980   0.00000   0.06110   0.07131   0.00868   0.06814   0.03464   0.04631   0.12286   0.07648   0.01530   0.02276   0.01569   0.03997   0.03148   0.00000   0.00000   0.00980   0.15846   0.00000   0.02800   0.03976   0.08343   0.17143   0.00000   0.00000   0.14512   0.14116   0.32713   0.22665   0.61449   0.80930   0.63829  
106 22.7893  12377.782063  x:  0.93756   0.00000   0.00000   1.08897   0.00000   0.27263   0.17386   0.06733   0.03466   0.31305   0.45104   0.02024   0.00000   0.00000   0.11165   0.11567   0.05503   0.01995   0.08983   0.24163   0.29504   0.19525   0.00000   0.00000   0.00000   0.00000   0.00435   0.00000   0.02064   0.00000   0.11695   0.01194   0.05003   0.15790   0.16242   0.01018   0.06209   0.07114   0.13309   0.14834   0.44361   0.08900   0.20725   0.13998   0.01129   0.00000   0.00000   0.23741   0.71506   0.28981   0.06645   0.15946   0.13745   0.19847   0.01110   0.00000   0.00207   0.03874   0.02305   0.25443   0.20147   0.27455   0.24923   0.00000   0.12419   0.08217   0.02349   0.04716   0.00000   0.01433   0.00729   0.12890   0.11181   0.10709   0.22493   0.00353   0.00679   0.18604   0.23774   0.02205   0.20099   0.02650   0.00042   0.37319   0.00000   0.09162   0.03151   0.05131   0.03769   0.06191   0.23897   0.00199   0.00000   0.03616   0.03486   0.11873   0.15563   0.22803   0.18456   0.27469   0.32881   0.19339   0.20353   0.00000   0.17575   0.40440   0.10086   0.26624   0.11090   0.02634   0.02684   0.10194   0.06635   0.01737   0.38920   0.00809   0.00000   0.11984   0.00000   0.05981   0.07074   0.00874   0.06767   0.03531   0.04643   0.12233   0.07627   0.01537   0.02255   0.01517   0.03995   0.03136   0.00000   0.00000   0.00977   0.15850   0.00000   0.02747   0.04087   0.08351   0.17221   0.00000   0.00000   0.14652   0.14152   0.32803   0.22741   0.61346   0.80853   0.64377  
107 22.8264  12377.713813  x:  0.94156   0.00000   0.00000   1.08662   0.00000   0.27653   0.17186   0.06740   0.03484   0.31828   0.45447   0.02153   0.00000   0.00000   0.11278   0.11548   0.05278   0.02012   0.08966   0.24163   0.29431   0.19424   0.00000   0.00000   0.00000   0.00000   0.00438   0.00000   0.02060   0.00000   0.11701   0.01196   0.04985   0.15637   0.16228   0.01019   0.06223   0.07065   0.13277   0.14666   0.43969   0.08763   0.20724   0.13885   0.01132   0.00000   0.00000   0.23804   0.71310   0.28979   0.06771   0.15999   0.13613   0.19823   0.01112   0.00000   0.00217   0.03878   0.02312   0.25645   0.20029   0.27486   0.25012   0.00000   0.12443   0.08248   0.02362   0.04622   0.00000   0.01439   0.00740   0.12764   0.11030   0.10857   0.22448   0.00346   0.00700   0.18522   0.23916   0.02140   0.20125   0.02709   0.00042   0.37571   0.00000   0.09077   0.03159   0.05130   0.03688   0.06066   0.24000   0.00200   0.00000   0.03575   0.03502   0.11680   0.15452   0.22899   0.18498   0.27282   0.32954   0.19312   0.20369   0.00000   0.17339   0.39814   0.10037   0.26437   0.11061   0.02665   0.02635   0.10298   0.06562   0.01751   0.39044   0.00871   0.00000   0.12067   0.00000   0.06109   0.07089   0.00870   0.06789   0.03603   0.04665   0.12238   0.07607   0.01538   0.02243   0.01557   0.03925   0.03078   0.00000   0.00000   0.00979   0.15839   0.00000   0.02702   0.04072   0.08286   0.17323   0.00000   0.00000   0.14850   0.14171   0.33048   0.22891   0.61233   0.80630   0.64868  
108 13.7137  12377.649995  x:  0.94322   0.00000   0.00000   1.08571   0.00000   0.27840   0.16848   0.06749   0.03512   0.32330   0.45710   0.02109   0.00000   0.00000   0.11265   0.11559   0.05385   0.02004   0.08988   0.24205   0.29349   0.19384   0.00000   0.00000   0.00000   0.00000   0.00443   0.00000   0.02053   0.00000   0.11703   0.01195   0.04963   0.15519   0.16199   0.01021   0.06240   0.07141   0.13174   0.14626   0.43609   0.08770   0.20727   0.13830   0.01142   0.00000   0.00000   0.23735   0.71009   0.28799   0.06675   0.15947   0.13602   0.19883   0.01114   0.00000   0.00227   0.03885   0.02311   0.25808   0.19963   0.27564   0.25110   0.00000   0.12442   0.08139   0.02352   0.04691   0.00000   0.01437   0.00737   0.12680   0.11060   0.10996   0.22422   0.00343   0.00701   0.18420   0.24073   0.02149   0.20133   0.02677   0.00044   0.37687   0.00000   0.08990   0.03143   0.05163   0.03826   0.06241   0.24058   0.00201   0.00000   0.03536   0.03525   0.11710   0.15307   0.22876   0.18610   0.27208   0.32935   0.19350   0.20393   0.00000   0.17321   0.39317   0.09879   0.26279   0.11076   0.02653   0.02638   0.10244   0.06582   0.01716   0.39178   0.00758   0.00000   0.12124   0.00000   0.06191   0.07155   0.00873   0.06836   0.03372   0.04615   0.12289   0.07617   0.01530   0.02276   0.01529   0.04038   0.03242   0.00000   0.00000   0.00983   0.15834   0.00000   0.02758   0.03926   0.08251   0.17336   0.00000   0.00000   0.15042   0.14132   0.33273   0.22971   0.61251   0.80311   0.65048  
109 12.1101  12377.544427  x:  0.94383   0.00000   0.00000   1.08563   0.00000   0.27958   0.16205   0.06756   0.03540   0.33155   0.46072   0.02169   0.00000   0.00000   0.11161   0.11577   0.05502   0.01997   0.09035   0.24300   0.29222   0.19446   0.00000   0.00000   0.00000   0.00000   0.00452   0.00000   0.02039   0.00000   0.11701   0.01194   0.04987   0.15497   0.16174   0.01019   0.06152   0.07182   0.13089   0.14723   0.43248   0.08939   0.20738   0.13869   0.01159   0.00000   0.00000   0.23598   0.70538   0.28352   0.06534   0.15829   0.13716   0.20034   0.01112   0.00000   0.00243   0.03899   0.02308   0.25962   0.20000   0.27712   0.25234   0.00000   0.12413   0.08096   0.02348   0.04661   0.00000   0.01422   0.00717   0.12693   0.11234   0.10998   0.22463   0.00337   0.00693   0.18340   0.24229   0.02163   0.20143   0.02658   0.00043   0.37760   0.00000   0.09011   0.03159   0.05001   0.03638   0.06343   0.24087   0.00203   0.00000   0.03567   0.03481   0.11946   0.15198   0.22766   0.18758   0.27269   0.32861   0.19465   0.20416   0.00000   0.17514   0.38657   0.09764   0.26096   0.11118   0.02622   0.02669   0.10123   0.06698   0.01646   0.39466   0.00811   0.00000   0.12148   0.00000   0.06099   0.07148   0.00869   0.06849   0.03620   0.04642   0.12396   0.07655   0.01539   0.02191   0.01540   0.03996   0.02992   0.00000   0.00000   0.00978   0.15826   0.00000   0.02861   0.03988   0.08307   0.17291   0.00000   0.00000   0.15358   0.14080   0.33589   0.23001   0.61428   0.79689   0.65027  
110 16.9177  12377.415136  x:  0.94281   0.00000   0.00000   1.08664   0.00000   0.27950   0.15451   0.06756   0.03546   0.34149   0.46440   0.02369   0.00000   0.00000   0.11115   0.11563   0.05311   0.01994   0.09034   0.24379   0.29121   0.19572   0.00000   0.00000   0.00000   0.00000   0.00463   0.00000   0.02023   0.00000   0.11697   0.01195   0.04975   0.15609   0.16182   0.01020   0.06153   0.07092   0.13203   0.14848   0.43154   0.08975   0.20740   0.13945   0.01173   0.00000   0.00000   0.23511   0.70074   0.27892   0.06638   0.15756   0.13831   0.20126   0.01114   0.00000   0.00268   0.03901   0.02319   0.25969   0.20132   0.27824   0.25292   0.00000   0.12395   0.08247   0.02355   0.04608   0.00000   0.01408   0.00696   0.12801   0.11334   0.10782   0.22575   0.00323   0.00686   0.18354   0.24239   0.02100   0.20150   0.02716   0.00037   0.37766   0.00000   0.09130   0.03146   0.05215   0.03929   0.06048   0.24053   0.00205   0.00000   0.03520   0.03473   0.12070   0.15254   0.22656   0.18797   0.27463   0.32778   0.19546   0.20411   0.00000   0.17780   0.38046   0.09824   0.26009   0.11140   0.02652   0.02609   0.10130   0.06698   0.01684   0.39816   0.00806   0.00000   0.12085   0.00000   0.05973   0.07082   0.00864   0.06775   0.03626   0.04664   0.12443   0.07661   0.01540   0.02176   0.01570   0.03878   0.03209   0.00000   0.00000   0.00973   0.15779   0.00000   0.02825   0.04135   0.08387   0.17214   0.00000   0.00000   0.15731   0.14065   0.33844   0.22935   0.61610   0.78874   0.64748  
111 22.8928  12377.245613  x:  0.93975   0.00000   0.00000   1.08894   0.00000   0.27812   0.14671   0.06747   0.03529   0.35363   0.46820   0.02311   0.00000   0.00000   0.11276   0.11549   0.05213   0.01977   0.08983   0.24414   0.29080   0.19676   0.00000   0.00000   0.00000   0.00000   0.00481   0.00000   0.01998   0.00000   0.11697   0.01192   0.04983   0.15732   0.16212   0.01024   0.06214   0.06972   0.13469   0.14841   0.43462   0.08804   0.20730   0.13965   0.01192   0.00000   0.00000   0.23558   0.69727   0.27599   0.06729   0.15752   0.13778   0.20058   0.01117   0.00000   0.00303   0.03932   0.02320   0.25820   0.20286   0.27865   0.25272   0.00000   0.12410   0.08360   0.02339   0.04719   0.00000   0.01391   0.00665   0.12900   0.11299   0.10573   0.22742   0.00316   0.00654   0.18469   0.24061   0.02172   0.20142   0.02609   0.00041   0.37740   0.00000   0.09191   0.03164   0.05207   0.03456   0.05973   0.23983   0.00208   0.00000   0.03483   0.03440   0.11920   0.15406   0.22633   0.18678   0.27762   0.32757   0.19511   0.20372   0.00000   0.17958   0.37539   0.09832   0.26048   0.11120   0.02602   0.02626   0.10266   0.06528   0.01738   0.40194   0.00639   0.00000   0.11948   0.00000   0.06099   0.07065   0.00869   0.06706   0.03297   0.04624   0.12365   0.07623   0.01526   0.02231   0.01509   0.04010   0.03192   0.00000   0.00000   0.00978   0.15748   0.00000   0.02705   0.04020   0.08386   0.17159   0.00000   0.00000   0.16170   0.14122   0.33988   0.22808   0.61643   0.77825   0.64183  
112 26.1789  12376.993739  x:  0.93357   0.00000   0.00000   1.09355   0.00000   0.27527   0.13851   0.06732   0.03501   0.37123   0.47324   0.01956   0.00000   0.00000   0.11578   0.11559   0.05392   0.01991   0.08950   0.24421   0.29104   0.19715   0.00000   0.00000   0.00000   0.00000   0.00499   0.00000   0.01966   0.00000   0.11708   0.01198   0.04927   0.15733   0.16242   0.01024   0.06078   0.06959   0.13674   0.14635   0.44346   0.08667   0.20719   0.13906   0.01224   0.00000   0.00000   0.23808   0.69639   0.27519   0.06556   0.15808   0.13510   0.19832   0.01113   0.00000   0.00353   0.03911   0.02330   0.25587   0.20415   0.27859   0.25216   0.00000   0.12448   0.08242   0.02341   0.04649   0.00000   0.01368   0.00639   0.12915   0.11216   0.10651   0.22978   0.00293   0.00652   0.18656   0.23676   0.02101   0.20142   0.02721   0.00028   0.37741   0.00000   0.09228   0.03136   0.05114   0.03892   0.06214   0.23931   0.00212   0.00000   0.03477   0.03422   0.11616   0.15527   0.22774   0.18421   0.28165   0.32902   0.19358   0.20306   0.00000   0.17946   0.37121   0.09816   0.26170   0.11044   0.02563   0.02632   0.10430   0.06446   0.01707   0.40707   0.00671   0.00000   0.11802   0.00000   0.06400   0.07106   0.00859   0.06755   0.03583   0.04634   0.12199   0.07601   0.01545   0.02025   0.01584   0.04092   0.02938   0.00000   0.00000   0.00983   0.15848   0.00000   0.02708   0.03815   0.08306   0.17202   0.00000   0.00000   0.16781   0.14295   0.34069   0.22721   0.61481   0.76281   0.63208  
113 36.1798  12376.731181  x:  0.92538   0.00000   0.00000   1.09945   0.00000   0.27192   0.13549   0.06726   0.03510   0.38860   0.47778   0.01927   0.00000   0.00000   0.11456   0.11564   0.05344   0.01987   0.09008   0.24397   0.29194   0.19596   0.00000   0.00000   0.00000   0.00000   0.00528   0.00000   0.01926   0.00000   0.11713   0.01195   0.04963   0.15512   0.16217   0.01032   0.05960   0.07136   0.13453   0.14432   0.45415   0.08897   0.20728   0.13818   0.01252   0.00000   0.00000   0.24089   0.70016   0.27838   0.06346   0.15848   0.13347   0.19647   0.01117   0.00000   0.00411   0.03975   0.02332   0.25505   0.20347   0.27813   0.25211   0.00000   0.12447   0.08077   0.02343   0.04575   0.00000   0.01354   0.00622   0.12753   0.11273   0.11018   0.23054   0.00274   0.00648   0.18751   0.23382   0.02157   0.20130   0.02657   0.00041   0.37851   0.00000   0.09002   0.03161   0.05084   0.03656   0.06327   0.23982   0.00216   0.00000   0.03397   0.03384   0.11668   0.15379   0.23006   0.18281   0.28336   0.33215   0.19212   0.20284   0.00000   0.17735   0.37109   0.10199   0.26271   0.10971   0.02512   0.02636   0.10346   0.06783   0.01744   0.41062   0.00701   0.00000   0.11834   0.00000   0.06222   0.07167   0.00851   0.06865   0.03701   0.04653   0.12110   0.07639   0.01538   0.02042   0.01541   0.03803   0.03492   0.00000   0.00000   0.00971   0.16044   0.00000   0.02846   0.04091   0.08287   0.17375   0.00000   0.00000   0.17343   0.14438   0.34054   0.22830   0.61217   0.74772   0.62211  
114 34.9173  12376.480491  x:  0.91650   0.00000   0.00000   1.10550   0.00000   0.26882   0.13820   0.06733   0.03549   0.40278   0.48083   0.01766   0.00000   0.00000   0.11189   0.11567   0.05206   0.01978   0.09072   0.24381   0.29285   0.19425   0.00000   0.00000   0.00000   0.00000   0.00549   0.00000   0.01892   0.00000   0.11710   0.01203   0.04902   0.15287   0.16162   0.01032   0.06026   0.07092   0.13162   0.14429   0.46184   0.09111   0.20744   0.13764   0.01266   0.00000   0.00000   0.24194   0.70674   0.28325   0.06396   0.15799   0.13449   0.19642   0.01118   0.00000   0.00462   0.03983   0.02348   0.25637   0.20153   0.27796   0.25295   0.00000   0.12414   0.08243   0.02330   0.04731   0.00000   0.01338   0.00628   0.12575   0.11415   0.11154   0.22942   0.00253   0.00667   0.18688   0.23349   0.02114   0.20122   0.02704   0.00043   0.38055   0.00000   0.08960   0.03145   0.05249   0.03755   0.06021   0.24109   0.00220   0.00000   0.03333   0.03357   0.11987   0.15091   0.23156   0.18361   0.28245   0.33570   0.19174   0.20319   0.00000   0.17617   0.37474   0.10449   0.26277   0.11008   0.02520   0.02566   0.10169   0.06867   0.01829   0.41106   0.00537   0.00000   0.11976   0.00000   0.05976   0.07188   0.00848   0.06838   0.03343   0.04628   0.12167   0.07702   0.01538   0.01968   0.01573   0.03974   0.02925   0.00000   0.00000   0.00966   0.16145   0.00000   0.02820   0.04157   0.08325   0.17539   0.00000   0.00000   0.17753   0.14449   0.34023   0.23029   0.61069   0.73592   0.61464  
115 36.0628  12376.172436  x:  0.90358   0.00000   0.00000   1.11390   0.00000   0.26514   0.14832   0.06746   0.03587   0.41805   0.48299   0.01325   0.00000   0.00000   0.11254   0.11586   0.05273   0.02003   0.09074   0.24435   0.29337   0.19317   0.00000   0.00000   0.00000   0.00000   0.00579   0.00000   0.01845   0.00000   0.11710   0.01206   0.04888   0.15223   0.16113   0.01033   0.05990   0.06763   0.13143   0.14644   0.46635   0.09031   0.20759   0.13772   0.01283   0.00000   0.00000   0.24094   0.71889   0.28824   0.06509   0.15636   0.13733   0.19881   0.01116   0.00000   0.00523   0.03993   0.02350   0.26059   0.19943   0.27913   0.25528   0.00000   0.12375   0.08511   0.02336   0.04553   0.00000   0.01303   0.00619   0.12526   0.11535   0.10877   0.22704   0.00235   0.00684   0.18524   0.23601   0.02152   0.20131   0.02674   0.00027   0.38451   0.00000   0.09336   0.03161   0.05162   0.03659   0.05933   0.24322   0.00224   0.00000   0.03321   0.03299   0.12278   0.14825   0.23182   0.18646   0.27973   0.34054   0.19310   0.20398   0.00000   0.17766   0.38399   0.10460   0.26130   0.11180   0.02439   0.02606   0.10100   0.06464   0.01864   0.40835   0.00688   0.00000   0.12153   0.00000   0.06185   0.07114   0.00842   0.06682   0.03619   0.04667   0.12378   0.07725   0.01538   0.01845   0.01531   0.04139   0.03305   0.00000   0.00000   0.00979   0.16146   0.00000   0.02612   0.03780   0.08395   0.17665   0.00000   0.00000   0.18109   0.14348   0.34095   0.23299   0.61171   0.72448   0.60881  
116 33.3779  12375.877052  x:  0.88952   0.00000   0.00000   1.12246   0.00000   0.26165   0.16185   0.06748   0.03559   0.42980   0.48288   0.01640   0.00000   0.00000   0.11605   0.11579   0.05314   0.01989   0.08979   0.24543   0.29304   0.19369   0.00000   0.00000   0.00000   0.00000   0.00608   0.00000   0.01799   0.00000   0.11713   0.01206   0.04909   0.15411   0.16134   0.01040   0.05801   0.06929   0.13539   0.14752   0.46415   0.08754   0.20756   0.13825   0.01310   0.00000   0.00000   0.23808   0.73129   0.28961   0.06197   0.15500   0.13740   0.20070   0.01118   0.00000   0.00583   0.04047   0.02350   0.26409   0.19921   0.28112   0.25742   0.00000   0.12403   0.08179   0.02324   0.04656   0.00000   0.01272   0.00586   0.12678   0.11495   0.10606   0.22551   0.00211   0.00706   0.18389   0.23901   0.02097   0.20140   0.02661   0.00027   0.38841   0.00000   0.09380   0.03134   0.05307   0.03695   0.06296   0.24415   0.00228   0.00000   0.03247   0.03286   0.12017   0.14932   0.23024   0.18827   0.27806   0.34378   0.19450   0.20436   0.00000   0.18104   0.39615   0.10884   0.25966   0.11234   0.02415   0.02559   0.10258   0.06430   0.02010   0.40277   0.00611   0.00000   0.12117   0.00000   0.06400   0.07098   0.00837   0.06697   0.03496   0.04603   0.12499   0.07671   0.01530   0.01850   0.01554   0.03697   0.03115   0.00000   0.00000   0.00980   0.16145   0.00000   0.02634   0.03884   0.08422   0.17622   0.00000   0.00000   0.18286   0.14202   0.34297   0.23413   0.61377   0.71745   0.60743  
117 34.3670  12375.616777  x:  0.87564   0.00000   0.00000   1.13042   0.00000   0.25866   0.17503   0.06734   0.03461   0.43682   0.48012   0.01390   0.00000   0.00000   0.11772   0.11557   0.05094   0.01981   0.08976   0.24702   0.29184   0.19517   0.00000   0.00000   0.00000   0.00000   0.00632   0.00000   0.01758   0.00000   0.11724   0.01205   0.04890   0.15541   0.16188   0.01040   0.05849   0.07060   0.13825   0.14541   0.45697   0.08930   0.20754   0.13873   0.01330   0.00000   0.00000   0.23606   0.74174   0.28562   0.06040   0.15516   0.13411   0.19985   0.01113   0.00000   0.00635   0.04043   0.02350   0.26494   0.20108   0.28353   0.25844   0.00000   0.12441   0.08175   0.02326   0.04602   0.00000   0.01245   0.00547   0.12830   0.11562   0.10840   0.22684   0.00186   0.00700   0.18418   0.23956   0.02094   0.20151   0.02658   0.00045   0.39127   0.00000   0.09085   0.03164   0.05086   0.03728   0.05942   0.24355   0.00231   0.00000   0.03250   0.03266   0.11698   0.15209   0.22839   0.18713   0.28022   0.34514   0.19426   0.20387   0.00000   0.18357   0.40892   0.10768   0.25815   0.11093   0.02364   0.02580   0.10340   0.06739   0.01980   0.39668   0.00662   0.00000   0.11869   0.00000   0.06252   0.07165   0.00835   0.06813   0.03488   0.04629   0.12377   0.07652   0.01542   0.01723   0.01554   0.04206   0.03201   0.00000   0.00000   0.00961   0.16176   0.00000   0.02877   0.04181   0.08372   0.17473   0.00000   0.00000   0.18255   0.14188   0.34669   0.23324   0.61432   0.71585   0.61076  
118 30.8074  12375.424261  x:  0.86465   0.00000   0.00000   1.13649   0.00000   0.25665   0.18356   0.06722   0.03387   0.43883   0.47600   0.01278   0.00000   0.00000   0.11587   0.11575   0.05235   0.01978   0.09046   0.24809   0.29064   0.19571   0.00000   0.00000   0.00000   0.00000   0.00649   0.00000   0.01728   0.00000   0.11723   0.01204   0.04842   0.15449   0.16200   0.01043   0.05823   0.06796   0.13662   0.14325   0.45002   0.09119   0.20746   0.13824   0.01333   0.00000   0.00000   0.23627   0.74773   0.27994   0.06270   0.15634   0.13222   0.19733   0.01113   0.00000   0.00675   0.04062   0.02360   0.26317   0.20262   0.28495   0.25819   0.00000   0.12428   0.08433   0.02319   0.04619   0.00000   0.01232   0.00522   0.12772   0.11631   0.11068   0.22946   0.00168   0.00681   0.18529   0.23735   0.02106   0.20148   0.02669   0.00052   0.39203   0.00000   0.09083   0.03143   0.05416   0.03641   0.06091   0.24245   0.00233   0.00000   0.03211   0.03239   0.11823   0.15274   0.22788   0.18484   0.28469   0.34501   0.19269   0.20317   0.00000   0.18310   0.41879   0.10631   0.25766   0.10956   0.02361   0.02557   0.10321   0.06798   0.01997   0.39315   0.00635   0.00000   0.11701   0.00000   0.06137   0.07207   0.00829   0.06787   0.03523   0.04650   0.12151   0.07696   0.01543   0.01687   0.01557   0.03805   0.03155   0.00000   0.00000   0.00973   0.16097   0.00000   0.02800   0.03865   0.08297   0.17354   0.00000   0.00000   0.18070   0.14286   0.35037   0.23146   0.61267   0.71873   0.61647  
119 28.1759  12375.299622  x:  0.85717   0.00000   0.00000   1.14072   0.00000   0.25575   0.18681   0.06723   0.03388   0.43692   0.47171   0.01616   0.00000   0.00000   0.11447   0.11584   0.05207   0.01974   0.09066   0.24833   0.28995   0.19497   0.00000   0.00000   0.00000   0.00000   0.00662   0.00000   0.01706   0.00000   0.11719   0.01203   0.04902   0.15288   0.16169   0.01045   0.05683   0.06790   0.13426   0.14348   0.44664   0.09003   0.20737   0.13737   0.01337   0.00000   0.00000   0.23795   0.74982   0.27611   0.06152   0.15682   0.13315   0.19567   0.01112   0.00000   0.00700   0.04079   0.02366   0.26094   0.20252   0.28524   0.25758   0.00000   0.12398   0.08316   0.02320   0.04600   0.00000   0.01219   0.00503   0.12623   0.11626   0.10955   0.23134   0.00158   0.00668   0.18603   0.23435   0.02097   0.20132   0.02660   0.00043   0.39110   0.00000   0.09343   0.03152   0.05080   0.03731   0.06084   0.24196   0.00234   0.00000   0.03205   0.03189   0.12086   0.15104   0.22890   0.18380   0.28879   0.34458   0.19138   0.20292   0.00000   0.18125   0.42485   0.10777   0.25807   0.11005   0.02346   0.02553   0.10307   0.06629   0.02051   0.39348   0.00619   0.00000   0.11745   0.00000   0.06297   0.07166   0.00830   0.06690   0.03447   0.04598   0.12050   0.07721   0.01543   0.01669   0.01582   0.03964   0.03182   0.00000   0.00000   0.00975   0.16053   0.00000   0.02675   0.03871   0.08346   0.17368   0.00000   0.00000   0.17790   0.14395   0.35297   0.23058   0.61065   0.72443   0.62261  
120 20.8062  12375.181961  x:  0.85015   0.00000   0.00000   1.14508   0.00000   0.25563   0.18660   0.06732   0.03438   0.43115   0.46605   0.01457   0.00000   0.00000   0.11616   0.11586   0.05166   0.01985   0.09031   0.24810   0.28969   0.19347   0.00000   0.00000   0.00000   0.00000   0.00671   0.00000   0.01687   0.00000   0.11722   0.01204   0.04858   0.15205   0.16129   0.01043   0.05820   0.06985   0.13460   0.14512   0.44656   0.08886   0.20740   0.13718   0.01337   0.00000   0.00000   0.24004   0.74971   0.27463   0.05910   0.15606   0.13512   0.19553   0.01110   0.00000   0.00725   0.04083   0.02376   0.25955   0.20103   0.28504   0.25730   0.00000   0.12393   0.08214   0.02315   0.04606   0.00000   0.01200   0.00491   0.12561   0.11657   0.10746   0.23211   0.00146   0.00653   0.18590   0.23180   0.02109   0.20107   0.02683   0.00056   0.38910   0.00000   0.09325   0.03149   0.05470   0.03614   0.05999   0.24231   0.00234   0.00000   0.03174   0.03213   0.12139   0.14870   0.23087   0.18452   0.29201   0.34460   0.19092   0.20318   0.00000   0.18046   0.42942   0.10622   0.25861   0.11190   0.02334   0.02551   0.10259   0.06510   0.01978   0.39723   0.00572   0.00000   0.11895   0.00000   0.06412   0.07121   0.00830   0.06686   0.03570   0.04616   0.12093   0.07697   0.01544   0.01641   0.01568   0.03996   0.03170   0.00000   0.00000   0.00957   0.16138   0.00000   0.02759   0.04115   0.08428   0.17491   0.00000   0.00000   0.17337   0.14463   0.35513   0.23117   0.60948   0.73411   0.63013  
121 18.3469  12374.982639  x:  0.83925   0.00000   0.00000   1.15299   0.00000   0.25675   0.18234   0.06743   0.03510   0.41649   0.45582   0.01394   0.00000   0.00000   0.11898   0.11577   0.05164   0.01997   0.08982   0.24774   0.28996   0.19176   0.00000   0.00000   0.00000   0.00000   0.00688   0.00000   0.01651   0.00000   0.11731   0.01200   0.04862   0.15285   0.16112   0.01045   0.05718   0.06818   0.13773   0.14662   0.45086   0.09024   0.20766   0.13819   0.01317   0.00000   0.00000   0.24209   0.74779   0.27597   0.06076   0.15441   0.13628   0.19726   0.01105   0.00000   0.00760   0.04101   0.02394   0.25999   0.19851   0.28481   0.25796   0.00000   0.12427   0.08397   0.02317   0.04592   0.00000   0.01177   0.00450   0.12687   0.11748   0.10753   0.23177   0.00126   0.00639   0.18465   0.23036   0.02118   0.20077   0.02671   0.00080   0.38504   0.00000   0.09131   0.03156   0.05107   0.03723   0.05992   0.24381   0.00234   0.00000   0.03184   0.03208   0.11870   0.14759   0.23348   0.18718   0.29449   0.34589   0.19177   0.20390   0.00000   0.18215   0.43508   0.10644   0.25914   0.11296   0.02327   0.02540   0.10186   0.06778   0.01943   0.40710   0.00509   0.00000   0.12047   0.00000   0.06198   0.07165   0.00826   0.06785   0.03388   0.04627   0.12256   0.07646   0.01546   0.01580   0.01570   0.03746   0.03170   0.00000   0.00000   0.00968   0.16284   0.00000   0.02841   0.03864   0.08382   0.17702   0.00000   0.00000   0.16356   0.14472   0.35787   0.23399   0.60992   0.75489   0.64296  
122 25.8823  12374.853277  x:  0.83352   0.00000   0.00000   1.15874   0.00000   0.25865   0.17802   0.06735   0.03487   0.40391   0.45003   0.01553   0.00000   0.00000   0.11699   0.11572   0.05115   0.01990   0.09028   0.24818   0.29044   0.19236   0.00000   0.00000   0.00000   0.00000   0.00699   0.00000   0.01626   0.00000   0.11727   0.01195   0.04872   0.15349   0.16142   0.01049   0.05587   0.06707   0.13779   0.14486   0.45518   0.09109   0.20774   0.13824   0.01303   0.00000   0.00000   0.24122   0.74655   0.27841   0.06114   0.15419   0.13407   0.19791   0.01102   0.00000   0.00782   0.04136   0.02394   0.26240   0.19870   0.28555   0.25921   0.00000   0.12425   0.08371   0.02313   0.04600   0.00000   0.01167   0.00431   0.12751   0.11770   0.10958   0.23129   0.00112   0.00647   0.18391   0.23203   0.02107   0.20092   0.02658   0.00093   0.38282   0.00000   0.09185   0.03138   0.05390   0.03659   0.06191   0.24473   0.00234   0.00000   0.03171   0.03202   0.11872   0.14940   0.23308   0.18784   0.29382   0.34784   0.19244   0.20394   0.00000   0.18446   0.43720   0.10887   0.25879   0.11095   0.02338   0.02516   0.10240   0.06731   0.01948   0.41372   0.00474   0.00000   0.11913   0.00000   0.06225   0.07157   0.00820   0.06740   0.03576   0.04617   0.12268   0.07680   0.01543   0.01584   0.01572   0.04148   0.03176   0.00000   0.00000   0.00973   0.16276   0.00000   0.02688   0.03803   0.08323   0.17727   0.00000   0.00000   0.15601   0.14431   0.35876   0.23538   0.61093   0.77017   0.64957  
123 29.3483  12374.753239  x:  0.83081   0.00000   0.00000   1.16357   0.00000   0.26109   0.17419   0.06720   0.03427   0.39208   0.44707   0.01326   0.00000   0.00000   0.11522   0.11584   0.05168   0.01975   0.09075   0.24908   0.29079   0.19384   0.00000   0.00000   0.00000   0.00000   0.00707   0.00000   0.01606   0.00000   0.11723   0.01197   0.04855   0.15325   0.16166   0.01048   0.05689   0.06818   0.13638   0.14271   0.45854   0.09062   0.20767   0.13754   0.01293   0.00000   0.00000   0.23931   0.74610   0.28034   0.05972   0.15469   0.13186   0.19742   0.01098   0.00000   0.00798   0.04124   0.02383   0.26521   0.20027   0.28692   0.26048   0.00000   0.12403   0.08298   0.02315   0.04585   0.00000   0.01153   0.00435   0.12704   0.11760   0.11035   0.23121   0.00100   0.00665   0.18386   0.23457   0.02103   0.20132   0.02645   0.00096   0.38199   0.00000   0.09352   0.03149   0.05268   0.03671   0.05990   0.24507   0.00233   0.00000   0.03187   0.03200   0.12041   0.15095   0.23136   0.18693   0.29204   0.35008   0.19245   0.20354   0.00000   0.18590   0.43733   0.10888   0.25787   0.10949   0.02315   0.02523   0.10326   0.06515   0.01937   0.41739   0.00436   0.00000   0.11702   0.00000   0.06379   0.07142   0.00823   0.06643   0.03470   0.04582   0.12180   0.07720   0.01543   0.01544   0.01567   0.03873   0.03168   0.00000   0.00000   0.00962   0.16256   0.00000   0.02629   0.03966   0.08329   0.17654   0.00000   0.00000   0.14961   0.14401   0.35885   0.23559   0.61140   0.78233   0.65208  
124 28.1546  12374.688989  x:  0.83155   0.00000   0.00000   1.16745   0.00000   0.26394   0.17171   0.06715   0.03393   0.38145   0.44767   0.01286   0.00000   0.00000   0.11667   0.11588   0.05142   0.01972   0.09039   0.24994   0.29075   0.19488   0.00000   0.00000   0.00000   0.00000   0.00713   0.00000   0.01591   0.00000   0.11727   0.01197   0.04855   0.15232   0.16155   0.01049   0.05645   0.06824   0.13559   0.14297   0.45970   0.08987   0.20754   0.13701   0.01278   0.00000   0.00000   0.23811   0.74684   0.28045   0.05977   0.15538   0.13271   0.19629   0.01096   0.00000   0.00808   0.04128   0.02374   0.26675   0.20187   0.28835   0.26104   0.00000   0.12396   0.08347   0.02315   0.04582   0.00000   0.01143   0.00446   0.12593   0.11742   0.10860   0.23171   0.00090   0.00683   0.18469   0.23599   0.02090   0.20172   0.02642   0.00103   0.38267   0.00000   0.09323   0.03147   0.05276   0.03671   0.06016   0.24470   0.00232   0.00000   0.03191   0.03202   0.12107   0.15022   0.22987   0.18512   0.29054   0.35197   0.19181   0.20307   0.00000   0.18501   0.43557   0.10959   0.25700   0.11065   0.02310   0.02520   0.10351   0.06619   0.01957   0.41697   0.00439   0.00341   0.11640   0.00000   0.06303   0.07144   0.00820   0.06692   0.03470   0.04622   0.12072   0.07704   0.01544   0.01535   0.01570   0.03901   0.03170   0.00000   0.00000   0.00964   0.16261   0.00000   0.02773   0.03902   0.08367   0.17545   0.00000   0.00000   0.14478   0.14425   0.35838   0.23491   0.61088   0.79037   0.64997  
125 15.8243  12374.599608  x:  0.83329   0.00000   0.00000   1.17257   0.00000   0.26783   0.16880   0.06713   0.03365   0.36713   0.44920   0.01258   0.00000   0.00000   0.11842   0.11589   0.05107   0.01970   0.08994   0.25093   0.29060   0.19587   0.00000   0.00000   0.00000   0.00000   0.00721   0.00000   0.01573   0.00000   0.11731   0.01197   0.04857   0.15130   0.16135   0.01051   0.05596   0.06794   0.13508   0.14363   0.46072   0.08940   0.20740   0.13659   0.01257   0.00000   0.00000   0.23695   0.74800   0.28019   0.05982   0.15600   0.13399   0.19501   0.01093   0.00000   0.00820   0.04133   0.02365   0.26826   0.20355   0.29002   0.26157   0.00000   0.12393   0.08388   0.02316   0.04580   0.00000   0.01131   0.00457   0.12481   0.11745   0.10677   0.23228   0.00079   0.00703   0.18578   0.23733   0.02074   0.20215   0.02640   0.00113   0.38387   0.00000   0.09272   0.03145   0.05294   0.03672   0.06058   0.24416   0.00231   0.00000   0.03194   0.03206   0.12140   0.14904   0.22833   0.18301   0.28887   0.35424   0.19103   0.20256   0.00000   0.18375   0.43282   0.11039   0.25594   0.11207   0.02307   0.02514   0.10347   0.06746   0.01991   0.41557   0.00446   0.00000   0.11608   0.00000   0.06223   0.07149   0.00817   0.06753   0.03479   0.04653   0.11963   0.07682   0.01544   0.01526   0.01574   0.03952   0.03173   0.00000   0.00000   0.00966   0.16246   0.00000   0.02902   0.03832   0.08410   0.17423   0.00000   0.00000   0.13858   0.14472   0.35771   0.23396   0.61017   0.80039   0.64622  
126 53.2442  12374.410325  x:  0.84195   0.00000   0.00000   1.18506   0.00000   0.27752   0.16413   0.06744   0.03452   0.33021   0.45690   0.01308   0.00000   0.00000   0.11744   0.11571   0.05109   0.01975   0.09021   0.25145   0.28978   0.19436   0.00000   0.00000   0.00000   0.00000   0.00740   0.00000   0.01528   0.00000   0.11729   0.01196   0.04861   0.15181   0.16097   0.01051   0.05629   0.06632   0.13874   0.14557   0.45997   0.09289   0.20755   0.13808   0.01211   0.00000   0.00000   0.23831   0.75174   0.27734   0.05847   0.15408   0.13506   0.19507   0.01086   0.00000   0.00851   0.04139   0.02370   0.26729   0.20260   0.29124   0.26092   0.00000   0.12430   0.08272   0.02319   0.04585   0.00000   0.01109   0.00431   0.12615   0.11979   0.10990   0.23237   0.00057   0.00711   0.18710   0.23586   0.02081   0.20210   0.02647   0.00134   0.38833   0.00000   0.09235   0.03145   0.05293   0.03677   0.06024   0.24336   0.00227   0.00000   0.03207   0.03219   0.11857   0.14673   0.22927   0.18252   0.28836   0.35710   0.19061   0.20284   0.00000   0.18270   0.42395   0.11000   0.25478   0.11155   0.02309   0.02481   0.10126   0.06573   0.02125   0.40737   0.00476   0.00074   0.11863   0.00000   0.06412   0.07159   0.00814   0.06678   0.03491   0.04486   0.12076   0.07694   0.01538   0.01521   0.01572   0.03914   0.03169   0.00000   0.00000   0.00963   0.16033   0.00000   0.02571   0.03960   0.08376   0.17422   0.00000   0.00000   0.12462   0.14548   0.35683   0.23250   0.60933   0.82099   0.63218  
127 25.8557  12374.305567  x:  0.84863   0.00000   0.00000   1.19212   0.00000   0.28211   0.16320   0.06756   0.03491   0.30789   0.46194   0.01363   0.00000   0.00000   0.11657   0.11586   0.05116   0.01981   0.09072   0.25054   0.28928   0.19279   0.00000   0.00000   0.00000   0.00000   0.00749   0.00000   0.01502   0.00000   0.11729   0.01193   0.04869   0.15235   0.16117   0.01055   0.05486   0.06850   0.13830   0.14360   0.45906   0.08997   0.20759   0.13736   0.01184   0.00000   0.00000   0.23992   0.75351   0.27610   0.05846   0.15299   0.13265   0.19647   0.01081   0.00000   0.00867   0.04151   0.02384   0.26525   0.20017   0.28990   0.26025   0.00000   0.12406   0.08443   0.02318   0.04577   0.00000   0.01098   0.00403   0.12640   0.11912   0.10992   0.23152   0.00049   0.00698   0.18595   0.23363   0.02099   0.20142   0.02650   0.00142   0.39110   0.00000   0.09392   0.03145   0.05322   0.03655   0.05990   0.24381   0.00225   0.00000   0.03221   0.03203   0.12031   0.14819   0.23141   0.18510   0.29039   0.35645   0.19132   0.20351   0.00000   0.18512   0.41852   0.10905   0.25520   0.11071   0.02307   0.02475   0.10276   0.06602   0.02180   0.40249   0.00510   0.00051   0.11858   0.00000   0.06327   0.07194   0.00807   0.06651   0.03454   0.04740   0.12194   0.07738   0.01532   0.01518   0.01566   0.03924   0.03173   0.00000   0.00000   0.00967   0.16177   0.00000   0.02825   0.03857   0.08338   0.17583   0.00000   0.00000   0.11784   0.14504   0.35784   0.23350   0.61006   0.83033   0.62390  
128 27.2538  12374.269100  x:  0.85209   0.00000   0.00000   1.19441   0.00000   0.28247   0.16427   0.06747   0.03460   0.29926   0.46348   0.01361   0.00000   0.00000   0.11753   0.11590   0.05093   0.01982   0.09051   0.24987   0.28920   0.19297   0.00000   0.00000   0.00000   0.00000   0.00753   0.00000   0.01492   0.00000   0.11731   0.01193   0.04864   0.15189   0.16133   0.01055   0.05580   0.06623   0.13698   0.14252   0.45903   0.09022   0.20765   0.13693   0.01172   0.00000   0.00000   0.23999   0.75354   0.27650   0.05837   0.15366   0.13206   0.19679   0.01079   0.00000   0.00871   0.04154   0.02388   0.26472   0.19971   0.28868   0.26031   0.00000   0.12394   0.08310   0.02321   0.04574   0.00000   0.01092   0.00396   0.12578   0.11865   0.10841   0.23132   0.00046   0.00691   0.18482   0.23311   0.02108   0.20109   0.02652   0.00151   0.39192   0.00000   0.09346   0.03147   0.05317   0.03661   0.05995   0.24436   0.00224   0.00000   0.03226   0.03206   0.12132   0.14905   0.23199   0.18627   0.29206   0.35476   0.19165   0.20358   0.00000   0.18614   0.41670   0.10852   0.25570   0.11073   0.02305   0.02476   0.10363   0.06713   0.02163   0.40181   0.00514   0.00055   0.11741   0.00000   0.06323   0.07161   0.00810   0.06729   0.03481   0.04498   0.12182   0.07728   0.01533   0.01518   0.01565   0.03922   0.03172   0.00000   0.00000   0.00963   0.16245   0.00000   0.02777   0.03889   0.08384   0.17670   0.00000   0.00000   0.11680   0.14448   0.35932   0.23476   0.61061   0.83135   0.62188  
129 12.4738  12374.216791  x:  0.85913   0.00000   0.00000   1.19729   0.00000   0.28029   0.16822   0.06722   0.03377   0.28532   0.46471   0.01386   0.00000   0.00000   0.11845   0.11578   0.05087   0.01977   0.09013   0.24922   0.28938   0.19452   0.00000   0.00000   0.00000   0.00000   0.00756   0.00000   0.01477   0.00000   0.11730   0.01191   0.04866   0.15091   0.16137   0.01057   0.05506   0.06780   0.13651   0.14280   0.45982   0.09226   0.20771   0.13687   0.01147   0.00000   0.00000   0.23906   0.75233   0.27825   0.05796   0.15531   0.13312   0.19632   0.01076   0.00000   0.00874   0.04159   0.02387   0.26518   0.20076   0.28704   0.26102   0.00000   0.12406   0.08400   0.02317   0.04577   0.00000   0.01083   0.00374   0.12528   0.11935   0.10770   0.23202   0.00044   0.00677   0.18352   0.23356   0.02109   0.20103   0.02647   0.00168   0.39247   0.00000   0.09234   0.03143   0.05306   0.03674   0.06014   0.24522   0.00222   0.00000   0.03238   0.03224   0.12052   0.14890   0.23168   0.18661   0.29479   0.35091   0.19175   0.20320   0.00000   0.18577   0.41445   0.10822   0.25636   0.11064   0.02313   0.02466   0.10326   0.06660   0.02148   0.40334   0.00513   0.00056   0.11578   0.00000   0.06403   0.07168   0.00806   0.06684   0.03456   0.04711   0.12081   0.07693   0.01532   0.01520   0.01567   0.03920   0.03173   0.00000   0.00000   0.00963   0.16324   0.00000   0.02509   0.03886   0.08435   0.17734   0.00000   0.00000   0.11817   0.14380   0.36278   0.23659   0.61102   0.82820   0.62147  
130  9.3284  12374.143712  x:  0.87015   0.00000   0.00000   1.20082   0.00000   0.27523   0.17453   0.06715   0.03355   0.26521   0.46488   0.01386   0.00000   0.00000   0.11685   0.11577   0.05099   0.01968   0.09073   0.24952   0.28979   0.19542   0.00000   0.00000   0.00000   0.00000   0.00761   0.00000   0.01454   0.00000   0.11728   0.01187   0.04879   0.15118   0.16113   0.01056   0.05525   0.06690   0.13843   0.14399   0.46117   0.09013   0.20756   0.13686   0.01108   0.00000   0.00000   0.23831   0.74980   0.27992   0.05769   0.15467   0.13365   0.19552   0.01070   0.00000   0.00877   0.04157   0.02382   0.26652   0.20225   0.28680   0.26174   0.00000   0.12416   0.08390   0.02314   0.04580   0.00000   0.01074   0.00343   0.12612   0.12013   0.10976   0.23364   0.00037   0.00666   0.18378   0.23457   0.02110   0.20155   0.02639   0.00176   0.39248   0.00000   0.09406   0.03144   0.05327   0.03654   0.05973   0.24554   0.00219   0.00000   0.03261   0.03251   0.11956   0.14757   0.23072   0.18562   0.29654   0.34754   0.19137   0.20279   0.00000   0.18456   0.41175   0.10881   0.25662   0.11079   0.02328   0.02452   0.10222   0.06530   0.02123   0.40679   0.00496   0.00058   0.11644   0.00000   0.06298   0.07178   0.00806   0.06668   0.03483   0.04532   0.12026   0.07723   0.01531   0.01525   0.01566   0.03915   0.03174   0.00000   0.00000   0.00962   0.16535   0.00000   0.02789   0.03840   0.08365   0.17697   0.00000   0.00000   0.12227   0.14412   0.36647   0.23706   0.61048   0.82019   0.62325  
131 15.5961  12374.065188  x:  0.88228   0.00000   0.00000   1.20394   0.00000   0.26872   0.17998   0.06744   0.03448   0.24440   0.46278   0.01214   0.00000   0.00000   0.11731   0.11600   0.05085   0.01975   0.09084   0.25084   0.28997   0.19366   0.00000   0.00000   0.00000   0.00000   0.00766   0.00000   0.01428   0.00000   0.11735   0.01183   0.04872   0.15229   0.16101   0.01057   0.05522   0.06649   0.13843   0.14305   0.46187   0.09000   0.20755   0.13732   0.01063   0.00000   0.00000   0.23952   0.74692   0.27897   0.05793   0.15176   0.13182   0.19579   0.01063   0.00000   0.00881   0.04156   0.02382   0.26724   0.20161   0.28937   0.26132   0.00000   0.12389   0.08334   0.02312   0.04580   0.00000   0.01063   0.00338   0.12635   0.11859   0.10910   0.23454   0.00023   0.00674   0.18568   0.23470   0.02102   0.20207   0.02637   0.00197   0.39162   0.00000   0.09392   0.03140   0.05321   0.03663   0.05991   0.24455   0.00216   0.00000   0.03286   0.03275   0.12162   0.14760   0.23071   0.18474   0.29476   0.34933   0.19093   0.20313   0.00000   0.18532   0.40948   0.11000   0.25613   0.11161   0.02337   0.02442   0.10318   0.06779   0.02084   0.41016   0.00461   0.00074   0.11871   0.00000   0.06367   0.07182   0.00803   0.06713   0.03457   0.04687   0.12158   0.07747   0.01526   0.01528   0.01548   0.03920   0.03170   0.00000   0.00000   0.00959   0.16335   0.00000   0.02589   0.03893   0.08343   0.17583   0.00000   0.00000   0.12821   0.14559   0.36652   0.23499   0.60961   0.80879   0.62724  
132 15.6530  12374.023146  x:  0.88857   0.00000   0.00000   1.20525   0.00000   0.26566   0.18098   0.06750   0.03441   0.23464   0.46047   0.01230   0.00000   0.00000   0.11802   0.11582   0.05078   0.01984   0.09011   0.25124   0.28971   0.19306   0.00000   0.00000   0.00000   0.00000   0.00768   0.00000   0.01413   0.00000   0.11730   0.01182   0.04886   0.15159   0.16122   0.01058   0.05464   0.06764   0.13723   0.14251   0.46164   0.09156   0.20767   0.13712   0.01041   0.00000   0.00000   0.24062   0.74629   0.27721   0.05760   0.15295   0.13226   0.19640   0.01060   0.00000   0.00883   0.04159   0.02385   0.26681   0.20070   0.29092   0.26079   0.00000   0.12403   0.08450   0.02307   0.04581   0.00000   0.01054   0.00346   0.12568   0.11932   0.10826   0.23382   0.00011   0.00689   0.18596   0.23388   0.02099   0.20182   0.02642   0.00213   0.39066   0.00000   0.09292   0.03141   0.05315   0.03668   0.05987   0.24424   0.00214   0.00000   0.03305   0.03287   0.12085   0.14844   0.23159   0.18516   0.29311   0.35316   0.19125   0.20340   0.00000   0.18620   0.40879   0.11051   0.25559   0.11044   0.02342   0.02432   0.10328   0.06567   0.02129   0.41095   0.00455   0.00074   0.11794   0.00000   0.06340   0.07150   0.00804   0.06691   0.03487   0.04499   0.12178   0.07700   0.01523   0.01536   0.01550   0.03917   0.03171   0.00000   0.00000   0.00963   0.16251   0.00000   0.02748   0.03831   0.08394   0.17588   0.00000   0.00000   0.13172   0.14580   0.36429   0.23400   0.61010   0.80181   0.63006  
133 12.9361  12373.997443  x:  0.89203   0.00000   0.00000   1.20570   0.00000   0.26479   0.17969   0.06740   0.03385   0.23046   0.45823   0.01249   0.00000   0.00000   0.11775   0.11576   0.05077   0.01979   0.09026   0.25105   0.28936   0.19360   0.00000   0.00000   0.00000   0.00000   0.00770   0.00000   0.01403   0.00000   0.11729   0.01182   0.04893   0.15082   0.16128   0.01057   0.05530   0.06603   0.13751   0.14284   0.46114   0.09090   0.20769   0.13661   0.01025   0.00000   0.00000   0.24075   0.74717   0.27599   0.05720   0.15453   0.13302   0.19641   0.01057   0.00000   0.00882   0.04156   0.02387   0.26627   0.20052   0.29109   0.26071   0.00000   0.12412   0.08341   0.02307   0.04582   0.00000   0.01048   0.00351   0.12539   0.12036   0.10875   0.23281   0.00002   0.00700   0.18531   0.23321   0.02105   0.20141   0.02644   0.00216   0.38981   0.00000   0.09380   0.03142   0.05320   0.03664   0.05985   0.24465   0.00213   0.00000   0.03318   0.03299   0.12003   0.14838   0.23216   0.18559   0.29273   0.35626   0.19156   0.20333   0.00000   0.18631   0.40887   0.11016   0.25527   0.11042   0.02349   0.02424   0.10292   0.06623   0.02138   0.41040   0.00455   0.00078   0.11644   0.00000   0.06341   0.07176   0.00801   0.06653   0.03457   0.04697   0.12113   0.07698   0.01523   0.01542   0.01553   0.03914   0.03169   0.00000   0.00000   0.00962   0.16214   0.00000   0.02795   0.03857   0.08402   0.17656   0.00000   0.00000   0.13380   0.14523   0.36218   0.23469   0.61070   0.79730   0.63197  
134  8.3903  12373.984963  x:  0.89282   0.00000   0.00000   1.20572   0.00000   0.26497   0.17883   0.06738   0.03374   0.22996   0.45744   0.01253   0.00000   0.00000   0.11767   0.11580   0.05077   0.01977   0.09043   0.25092   0.28925   0.19385   0.00000   0.00000   0.00000   0.00000   0.00770   0.00000   0.01400   0.00000   0.11730   0.01181   0.04894   0.15084   0.16124   0.01057   0.05511   0.06637   0.13781   0.14297   0.46097   0.09068   0.20768   0.13661   0.01020   0.00000   0.00000   0.24055   0.74783   0.27585   0.05727   0.15451   0.13298   0.19627   0.01057   0.00000   0.00881   0.04157   0.02387   0.26620   0.20065   0.29086   0.26081   0.00000   0.12409   0.08362   0.02307   0.04582   0.00000   0.01047   0.00350   0.12543   0.12028   0.10890   0.23261   0.00000   0.00702   0.18510   0.23316   0.02106   0.20133   0.02642   0.00218   0.38957   0.00000   0.09395   0.03141   0.05324   0.03661   0.05978   0.24485   0.00213   0.00000   0.03322   0.03301   0.12019   0.14817   0.23216   0.18558   0.29293   0.35683   0.19154   0.20325   0.00000   0.18623   0.40905   0.10994   0.25522   0.11068   0.02351   0.02422   0.10294   0.06657   0.02140   0.40999   0.00459   0.00077   0.11628   0.00000   0.06347   0.07176   0.00801   0.06668   0.03462   0.04654   0.12090   0.07707   0.01523   0.01544   0.01553   0.03914   0.03169   0.00000   0.00000   0.00962   0.16209   0.00000   0.02759   0.03857   0.08390   0.17676   0.00000   0.00000   0.13428   0.14503   0.36177   0.23512   0.61072   0.79611   0.63245  
135  6.5989  12373.934276  x:  0.89757   0.00000   0.00000   1.20525   0.00000   0.26856   0.17125   0.06743   0.03423   0.22998   0.45149   0.01341   0.00000   0.00000   0.11819   0.11584   0.05069   0.01977   0.09020   0.25061   0.28875   0.19433   0.00000   0.00000   0.00000   0.00000   0.00772   0.00000   0.01376   0.00000   0.11730   0.01178   0.04914   0.15180   0.16100   0.01056   0.05552   0.06535   0.13771   0.14264   0.46013   0.09228   0.20767   0.13747   0.00980   0.00000   0.00000   0.23921   0.75407   0.27652   0.05693   0.15200   0.13184   0.19564   0.01051   0.00000   0.00874   0.04164   0.02384   0.26691   0.20154   0.28967   0.26192   0.00000   0.12398   0.08335   0.02305   0.04585   0.00000   0.01040   0.00341   0.12584   0.11895   0.10814   0.23090   0.00000   0.00711   0.18512   0.23315   0.02096   0.20187   0.02636   0.00242   0.38837   0.00000   0.09247   0.03143   0.05304   0.03678   0.05997   0.24565   0.00210   0.00000   0.03346   0.03328   0.12140   0.14751   0.23145   0.18422   0.29497   0.35645   0.19105   0.20300   0.00000   0.18632   0.41095   0.10959   0.25516   0.11045   0.02366   0.02412   0.10328   0.06431   0.02175   0.40645   0.00483   0.00064   0.11778   0.00000   0.06320   0.07174   0.00799   0.06635   0.03446   0.04759   0.12083   0.07697   0.01522   0.01570   0.01556   0.03912   0.03167   0.00000   0.00000   0.00961   0.16376   0.00000   0.02841   0.03839   0.08375   0.17707   0.00000   0.00000   0.13703   0.14476   0.36150   0.23686   0.60959   0.78834   0.63534  
136  7.9337  12373.875037  x:  0.90197   0.00000   0.00000   1.20422   0.00000   0.27443   0.16405   0.06759   0.03527   0.23357   0.44543   0.01215   0.00000   0.00000   0.11819   0.11552   0.05071   0.01994   0.08937   0.25149   0.28905   0.19248   0.00000   0.00000   0.00000   0.00000   0.00773   0.00000   0.01348   0.00000   0.11722   0.01174   0.04924   0.15103   0.16132   0.01056   0.05532   0.06572   0.13613   0.14201   0.45986   0.09085   0.20764   0.13656   0.00935   0.00000   0.00000   0.23976   0.76030   0.27844   0.05688   0.15261   0.13306   0.19648   0.01045   0.00000   0.00865   0.04158   0.02387   0.26832   0.20065   0.29047   0.26214   0.00000   0.12430   0.08350   0.02303   0.04586   0.00000   0.01027   0.00330   0.12531   0.12141   0.10787   0.23097   0.00000   0.00703   0.18663   0.23364   0.02096   0.20269   0.02633   0.00255   0.38777   0.00000   0.09382   0.03140   0.05324   0.03665   0.05972   0.24509   0.00208   0.00000   0.03380   0.03364   0.11927   0.14895   0.23110   0.18399   0.29564   0.35251   0.19089   0.20351   0.00000   0.18750   0.41331   0.11076   0.25524   0.10918   0.02389   0.02393   0.10247   0.06600   0.02156   0.40336   0.00495   0.00055   0.11870   0.00000   0.06334   0.07150   0.00798   0.06602   0.03450   0.04710   0.12227   0.07630   0.01517   0.01584   0.01539   0.03913   0.03163   0.00000   0.00000   0.00958   0.16416   0.00000   0.02740   0.03828   0.08481   0.17589   0.00000   0.00000   0.13920   0.14590   0.36459   0.23565   0.60914   0.78112   0.63721  
137  8.6201  12373.821499  x:  0.90502   0.00000   0.00000   1.20304   0.00000   0.28033   0.16184   0.06743   0.03476   0.24016   0.44215   0.01107   0.00000   0.00000   0.11750   0.11596   0.05073   0.01989   0.09060   0.25258   0.29003   0.19165   0.00000   0.00000   0.00000   0.00000   0.00775   0.00000   0.01320   0.00000   0.11736   0.01170   0.04937   0.15029   0.16136   0.01056   0.05527   0.06549   0.13841   0.14297   0.46011   0.09193   0.20777   0.13655   0.00896   0.00000   0.00000   0.24134   0.76228   0.27949   0.05645   0.15507   0.13309   0.19693   0.01040   0.00000   0.00859   0.04152   0.02391   0.26843   0.19913   0.29268   0.26108   0.00000   0.12398   0.08356   0.02302   0.04590   0.00000   0.01018   0.00304   0.12488   0.12005   0.10851   0.23303   0.00000   0.00693   0.18611   0.23368   0.02108   0.20197   0.02633   0.00273   0.38770   0.00000   0.09332   0.03140   0.05315   0.03672   0.05976   0.24420   0.00206   0.00000   0.03397   0.03393   0.12062   0.14849   0.23191   0.18596   0.29422   0.35028   0.19145   0.20380   0.00000   0.18744   0.41521   0.11272   0.25566   0.11164   0.02399   0.02384   0.10395   0.06477   0.02150   0.40301   0.00504   0.00044   0.11643   0.00000   0.06320   0.07196   0.00795   0.06712   0.03444   0.04734   0.12179   0.07733   0.01512   0.01605   0.01526   0.03916   0.03159   0.00000   0.00000   0.00957   0.16338   0.00000   0.02791   0.03837   0.08359   0.17530   0.00000   0.00000   0.14005   0.14616   0.36823   0.23319   0.61033   0.77696   0.63698  
138  6.5705  12373.723762  x:  0.90910   0.00000   0.00000   1.20074   0.00000   0.28960   0.16544   0.06718   0.03347   0.25637   0.44064   0.00977   0.00000   0.00000   0.11865   0.11556   0.05054   0.01994   0.08869   0.25255   0.29101   0.19372   0.00000   0.00000   0.00000   0.00000   0.00779   0.00000   0.01268   0.00000   0.11715   0.01160   0.04954   0.15175   0.16083   0.01055   0.05508   0.06541   0.13789   0.14286   0.46045   0.09060   0.20775   0.13719   0.00827   0.00000   0.00000   0.24184   0.75882   0.27893   0.05643   0.15284   0.13144   0.19577   0.01031   0.00000   0.00843   0.04138   0.02398   0.26689   0.19933   0.29507   0.25969   0.00000   0.12406   0.08359   0.02300   0.04598   0.00000   0.00996   0.00250   0.12626   0.11920   0.10788   0.23562   0.00000   0.00693   0.18282   0.23274   0.02136   0.20052   0.02628   0.00302   0.38751   0.00000   0.09276   0.03137   0.05305   0.03681   0.05980   0.24428   0.00203   0.00000   0.03429   0.03449   0.12160   0.14659   0.23316   0.18776   0.29220   0.35170   0.19156   0.20325   0.00000   0.18633   0.41762   0.11414   0.25617   0.10917   0.02448   0.02340   0.09996   0.06555   0.02123   0.40604   0.00505   0.00038   0.11547   0.00000   0.06326   0.07118   0.00793   0.06448   0.03460   0.04703   0.11963   0.07617   0.01509   0.01635   0.01524   0.03921   0.03157   0.00000   0.00000   0.00956   0.16106   0.00000   0.02872   0.03820   0.08395   0.17645   0.00000   0.00000   0.14001   0.14482   0.37130   0.23283   0.61068   0.77356   0.63389  
139  7.0184  12373.593368  x:  0.91367   0.00000   0.00000   1.19783   0.00000   0.29874   0.17376   0.06740   0.03400   0.27998   0.44190   0.01004   0.00000   0.00000   0.11793   0.11552   0.05059   0.01982   0.08979   0.25195   0.29105   0.19466   0.00000   0.00000   0.00000   0.00000   0.00786   0.00000   0.01195   0.00000   0.11727   0.01150   0.05004   0.15147   0.16100   0.01056   0.05488   0.06525   0.13600   0.14152   0.46040   0.09182   0.20769   0.13703   0.00744   0.00000   0.00000   0.24053   0.75093   0.27729   0.05587   0.15051   0.13249   0.19515   0.01022   0.00000   0.00815   0.04133   0.02403   0.26594   0.20111   0.29506   0.26011   0.00000   0.12433   0.08381   0.02296   0.04606   0.00000   0.00967   0.00220   0.12608   0.12226   0.10766   0.23563   0.00000   0.00709   0.18237   0.23184   0.02150   0.20116   0.02614   0.00325   0.38693   0.00000   0.09484   0.03135   0.05333   0.03661   0.05917   0.24539   0.00200   0.00000   0.03484   0.03523   0.11914   0.14799   0.23298   0.18633   0.29317   0.35572   0.19086   0.20283   0.00000   0.18728   0.41945   0.11355   0.25679   0.11067   0.02479   0.02317   0.10409   0.06476   0.02136   0.41123   0.00488   0.00041   0.11816   0.00000   0.06334   0.07237   0.00784   0.06872   0.03441   0.04752   0.12030   0.07640   0.01498   0.01700   0.01509   0.03911   0.03155   0.00000   0.00000   0.00956   0.15999   0.00000   0.02904   0.03789   0.08500   0.17778   0.00000   0.00000   0.13917   0.14449   0.37102   0.23529   0.60927   0.77197   0.62918  
140 14.5536  12373.511533  x:  0.91623   0.00000   0.00000   1.19646   0.00000   0.30019   0.17888   0.06765   0.03493   0.29467   0.44471   0.01057   0.00000   0.00000   0.11838   0.11602   0.05040   0.01987   0.09076   0.25199   0.28987   0.19255   0.00000   0.00000   0.00000   0.00000   0.00790   0.00000   0.01149   0.00000   0.11739   0.01144   0.05029   0.14971   0.16136   0.01056   0.05469   0.06512   0.13853   0.14195   0.46007   0.09137   0.20767   0.13600   0.00702   0.00000   0.00000   0.24006   0.74638   0.27647   0.05545   0.15318   0.13280   0.19607   0.01017   0.00000   0.00795   0.04141   0.02407   0.26736   0.20089   0.29334   0.26172   0.00000   0.12397   0.08392   0.02295   0.04614   0.00000   0.00956   0.00228   0.12432   0.12143   0.10825   0.23319   0.00000   0.00719   0.18592   0.23219   0.02127   0.20264   0.02602   0.00352   0.38659   0.00000   0.09302   0.03133   0.05308   0.03683   0.05939   0.24573   0.00199   0.00000   0.03505   0.03562   0.12073   0.14872   0.23190   0.18424   0.29640   0.35780   0.19062   0.20336   0.00000   0.18925   0.41906   0.11226   0.25609   0.11040   0.02508   0.02288   0.10389   0.06557   0.02153   0.41390   0.00468   0.00042   0.11824   0.00000   0.06338   0.07132   0.00784   0.06469   0.03467   0.04698   0.12207   0.07729   0.01489   0.01742   0.01492   0.03909   0.03154   0.00000   0.00000   0.00953   0.16187   0.00000   0.02851   0.03784   0.08380   0.17720   0.00000   0.00000   0.13853   0.14620   0.36847   0.23670   0.60874   0.77283   0.62705  
141 13.1078  12373.457492  x:  0.91795   0.00000   0.00000   1.19633   0.00000   0.29522   0.18028   0.06748   0.03437   0.30359   0.44859   0.01077   0.00000   0.00000   0.11916   0.11557   0.05032   0.02008   0.08904   0.25264   0.28846   0.19126   0.00000   0.00000   0.00000   0.00000   0.00794   0.00000   0.01119   0.00000   0.11720   0.01141   0.05048   0.15023   0.16105   0.01055   0.05455   0.06505   0.13879   0.14225   0.45992   0.09166   0.20777   0.13653   0.00685   0.00000   0.00000   0.24115   0.74603   0.27639   0.05522   0.15396   0.13120   0.19645   0.01016   0.00000   0.00783   0.04145   0.02410   0.26943   0.19928   0.29238   0.26254   0.00000   0.12407   0.08405   0.02294   0.04618   0.00000   0.00947   0.00218   0.12486   0.12071   0.10826   0.23099   0.00000   0.00718   0.18811   0.23281   0.02117   0.20261   0.02597   0.00352   0.38667   0.00000   0.09479   0.03129   0.05330   0.03665   0.05893   0.24538   0.00200   0.00000   0.03505   0.03582   0.12164   0.14685   0.23170   0.18402   0.29867   0.35799   0.19088   0.20376   0.00000   0.18912   0.41671   0.11224   0.25469   0.10930   0.02527   0.02268   0.10162   0.06515   0.02185   0.41424   0.00458   0.00045   0.11596   0.00000   0.06347   0.07221   0.00778   0.06832   0.03450   0.04738   0.12157   0.07616   0.01488   0.01761   0.01500   0.03908   0.03153   0.00000   0.00000   0.00950   0.16449   0.00000   0.02743   0.03783   0.08415   0.17603   0.00000   0.00000   0.13830   0.14743   0.36657   0.23570   0.60959   0.77532   0.62751  
142  7.4250  12373.340256  x:  0.92215   0.00000   0.00000   1.19744   0.00000   0.27684   0.17932   0.06704   0.03287   0.32049   0.45876   0.00939   0.00000   0.00000   0.11813   0.11553   0.05033   0.01996   0.09016   0.25424   0.28690   0.19203   0.00000   0.00000   0.00000   0.00000   0.00802   0.00000   0.01053   0.00000   0.11733   0.01134   0.05077   0.15154   0.16051   0.01054   0.05431   0.06491   0.13681   0.14122   0.46006   0.09111   0.20786   0.13710   0.00661   0.00000   0.00000   0.24324   0.75011   0.27658   0.05497   0.15080   0.13095   0.19556   0.01015   0.00000   0.00760   0.04138   0.02417   0.27185   0.19763   0.29242   0.26229   0.00000   0.12429   0.08408   0.02294   0.04625   0.00000   0.00922   0.00172   0.12613   0.12321   0.10788   0.22949   0.00000   0.00716   0.18728   0.23319   0.02138   0.20082   0.02594   0.00366   0.38756   0.00000   0.09346   0.03127   0.05319   0.03676   0.05896   0.24456   0.00204   0.00000   0.03493   0.03626   0.11981   0.14547   0.23283   0.18524   0.29987   0.35733   0.19108   0.20356   0.00000   0.18782   0.40900   0.11369   0.25268   0.11206   0.02538   0.02244   0.10477   0.06567   0.02225   0.41233   0.00478   0.00028   0.11434   0.00000   0.06328   0.07145   0.00775   0.06497   0.03467   0.04687   0.11902   0.07651   0.01485   0.01787   0.01495   0.03907   0.03147   0.00000   0.00000   0.00945   0.16816   0.00000   0.02604   0.03749   0.08524   0.17509   0.00000   0.00000   0.13854   0.14729   0.36514   0.23310   0.61090   0.78252   0.63149  
143 10.1287  12373.210205  x:  0.92767   0.00000   0.00000   1.19993   0.00000   0.25359   0.17627   0.06732   0.03425   0.33821   0.47057   0.00796   0.00000   0.00000   0.11933   0.11630   0.05007   0.01983   0.09101   0.25390   0.28777   0.19378   0.00000   0.00000   0.00000   0.00000   0.00813   0.00000   0.00973   0.00000   0.11742   0.01127   0.05110   0.14892   0.16115   0.01054   0.05397   0.06465   0.13970   0.14125   0.46067   0.09153   0.20772   0.13553   0.00649   0.00000   0.00000   0.24197   0.75681   0.27685   0.05427   0.15063   0.13302   0.19483   0.01016   0.00000   0.00734   0.04122   0.02424   0.27011   0.19978   0.29402   0.26088   0.00000   0.12376   0.08432   0.02293   0.04632   0.00000   0.00900   0.00131   0.12335   0.12213   0.10767   0.23238   0.00000   0.00722   0.18365   0.23228   0.02178   0.20071   0.02574   0.00369   0.38874   0.00000   0.09416   0.03125   0.05330   0.03670   0.05861   0.24487   0.00212   0.00000   0.03466   0.03663   0.12140   0.14851   0.23341   0.18561   0.29723   0.35672   0.19037   0.20295   0.00000   0.18985   0.39942   0.11535   0.25309   0.10884   0.02560   0.02203   0.10286   0.06549   0.02258   0.40872   0.00522   0.00000   0.11792   0.00000   0.06333   0.07195   0.00768   0.06691   0.03453   0.04705   0.12016   0.07749   0.01472   0.01823   0.01471   0.03905   0.03138   0.00000   0.00000   0.00946   0.16665   0.00000   0.02639   0.03748   0.08331   0.17658   0.00000   0.00000   0.13969   0.14526   0.36674   0.23388   0.60916   0.79103   0.63733  
144 16.5544  12373.154746  x:  0.93023   0.00000   0.00000   1.20187   0.00000   0.24789   0.17510   0.06755   0.03510   0.34253   0.47359   0.00819   0.00000   0.00000   0.11882   0.11527   0.05015   0.02009   0.08892   0.25244   0.28944   0.19227   0.00000   0.00000   0.00000   0.00000   0.00817   0.00000   0.00942   0.00000   0.11717   0.01123   0.05128   0.14934   0.16102   0.01053   0.05387   0.06459   0.13933   0.14160   0.46104   0.09138   0.20767   0.13597   0.00659   0.00000   0.00000   0.23992   0.75875   0.27688   0.05414   0.15305   0.13040   0.19578   0.01018   0.00000   0.00723   0.04116   0.02433   0.26793   0.20044   0.29470   0.26120   0.00000   0.12423   0.08440   0.02292   0.04634   0.00000   0.00889   0.00102   0.12464   0.12298   0.10839   0.23386   0.00000   0.00720   0.18476   0.23205   0.02177   0.20252   0.02560   0.00368   0.38881   0.00000   0.09392   0.03125   0.05332   0.03670   0.05853   0.24570   0.00216   0.00000   0.03446   0.03683   0.12178   0.14628   0.23236   0.18495   0.29577   0.35697   0.19013   0.20338   0.00000   0.19101   0.39688   0.11504   0.25536   0.11103   0.02566   0.02190   0.10341   0.06525   0.02255   0.40742   0.00532   0.00000   0.11700   0.00000   0.06337   0.07178   0.00767   0.06628   0.03454   0.04698   0.12166   0.07560   0.01471   0.01827   0.01471   0.03904   0.03135   0.00000   0.00000   0.00947   0.16266   0.00000   0.02782   0.03720   0.08467   0.17740   0.00000   0.00000   0.14103   0.14564   0.36869   0.23668   0.60834   0.79312   0.63896  
145  7.5558  12373.059849  x:  0.93531   0.00000   0.00000   1.20713   0.00000   0.24844   0.17437   0.06731   0.03399   0.34387   0.47419   0.00858   0.00000   0.00000   0.11942   0.11696   0.04988   0.01992   0.09306   0.25157   0.29214   0.18974   0.00000   0.00000   0.00000   0.00000   0.00825   0.00000   0.00888   0.00000   0.11777   0.01117   0.05152   0.15058   0.16045   0.01051   0.05372   0.06451   0.13836   0.14040   0.46117   0.09131   0.20780   0.13663   0.00699   0.00000   0.00000   0.23904   0.75910   0.27669   0.05380   0.15095   0.13142   0.19629   0.01026   0.00000   0.00702   0.04116   0.02449   0.26676   0.19866   0.29473   0.26297   0.00000   0.12369   0.08454   0.02291   0.04639   0.00000   0.00870   0.00082   0.12463   0.12297   0.10603   0.23294   0.00000   0.00716   0.18793   0.23296   0.02163   0.20370   0.02549   0.00353   0.38799   0.00000   0.09379   0.03126   0.05335   0.03669   0.05831   0.24664   0.00227   0.00000   0.03381   0.03708   0.12005   0.14487   0.23095   0.18461   0.29624   0.35783   0.19053   0.20405   0.00000   0.18971   0.39605   0.11426   0.25830   0.10895   0.02568   0.02166   0.10218   0.06528   0.02243   0.40681   0.00534   0.00000   0.11365   0.00000   0.06348   0.07192   0.00764   0.06673   0.03451   0.04704   0.12022   0.07909   0.01463   0.01844   0.01453   0.03901   0.03132   0.00000   0.00000   0.00949   0.15706   0.00000   0.02978   0.03731   0.08367   0.17706   0.00000   0.00000   0.14519   0.14760   0.37110   0.23941   0.60947   0.79326   0.63936  
146  3.9443  12372.742755  x:  0.95442   0.00000   0.00000   1.22838   0.00000   0.26277   0.17402   0.06678   0.03177   0.34223   0.47056   0.00775   0.00000   0.00000   0.11900   0.11484   0.04979   0.02037   0.08613   0.25102   0.29394   0.19191   0.00000   0.00000   0.00000   0.00000   0.00856   0.00000   0.00694   0.00000   0.11655   0.01105   0.05220   0.14782   0.16081   0.01042   0.05289   0.06403   0.14177   0.14113   0.45965   0.09147   0.20799   0.13475   0.00881   0.00000   0.00000   0.24202   0.75593   0.27643   0.05279   0.14564   0.13478   0.19404   0.01056   0.00000   0.00635   0.04100   0.02488   0.26902   0.19561   0.29316   0.26511   0.00000   0.12388   0.08493   0.02286   0.04666   0.00000   0.00828   0.00000   0.12126   0.12391   0.10994   0.22730   0.00000   0.00718   0.18880   0.23533   0.02201   0.20105   0.02512   0.00300   0.38419   0.00000   0.09327   0.03124   0.05349   0.03661   0.05770   0.24661   0.00270   0.00000   0.03121   0.03726   0.12400   0.14980   0.23117   0.18454   0.30000   0.35910   0.19089   0.20353   0.00000   0.18917   0.39687   0.11465   0.26078   0.10968   0.02536   0.02095   0.10505   0.06572   0.02274   0.40727   0.00563   0.00000   0.11500   0.00000   0.06365   0.07229   0.00749   0.06640   0.03456   0.04680   0.11599   0.07409   0.01462   0.01814   0.01467   0.03893   0.03120   0.00000   0.00000   0.00941   0.15196   0.00000   0.03132   0.03726   0.08260   0.17512   0.00000   0.00000   0.16178   0.14897   0.37291   0.23830   0.61140   0.78970   0.63782  
147  8.6007  12372.742755  x:  0.95442   0.00000   0.00000   1.22838   0.00000   0.26277   0.17402   0.06678   0.03177   0.34223   0.47056   0.00775   0.00000   0.00000   0.11900   0.11484   0.04979   0.02037   0.08613   0.25102   0.29394   0.19191   0.00000   0.00000   0.00000   0.00000   0.00856   0.00000   0.00694   0.00000   0.11655   0.01105   0.05220   0.14782   0.16081   0.01042   0.05289   0.06403   0.14177   0.14113   0.45965   0.09147   0.20799   0.13475   0.00881   0.00000   0.00000   0.24202   0.75593   0.27643   0.05279   0.14564   0.13478   0.19404   0.01056   0.00000   0.00635   0.04100   0.02488   0.26902   0.19561   0.29316   0.26511   0.00000   0.12388   0.08493   0.02286   0.04666   0.00000   0.00828   0.00000   0.12126   0.12391   0.10994   0.22730   0.00000   0.00718   0.18880   0.23533   0.02201   0.20105   0.02512   0.00300   0.38419   0.00000   0.09327   0.03124   0.05349   0.03661   0.05770   0.24661   0.00270   0.00000   0.03121   0.03726   0.12400   0.14980   0.23117   0.18454   0.30000   0.35910   0.19089   0.20353   0.00000   0.18917   0.39687   0.11465   0.26078   0.10968   0.02536   0.02095   0.10505   0.06572   0.02274   0.40727   0.00563   0.00000   0.11500   0.00000   0.06365   0.07229   0.00749   0.06640   0.03456   0.04680   0.11599   0.07409   0.01462   0.01814   0.01467   0.03893   0.03120   0.00000   0.00000   0.00941   0.15196   0.00000   0.03132   0.03726   0.08260   0.17512   0.00000   0.00000   0.16178   0.14897   0.37291   0.23830   0.61140   0.78970   0.63782  
148 18.6686  12372.408928  x:  0.95445   0.00000   0.00000   1.22842   0.00000   0.26280   0.17401   0.06680   0.03182   0.34223   0.47056   0.00780   0.00000   0.00000   0.11898   0.11487   0.04981   0.02036   0.08627   0.25103   0.29391   0.19191   0.00000   0.00000   0.00000   0.00000   0.00699   0.00000   0.00595   0.00000   0.11657   0.01109   0.05217   0.14788   0.16081   0.01029   0.05299   0.06414   0.14172   0.14116   0.45959   0.09143   0.20798   0.13478   0.00916   0.00000   0.00000   0.24197   0.75588   0.27648   0.05302   0.14579   0.13471   0.19405   0.01050   0.00000   0.00603   0.04104   0.02494   0.26900   0.19567   0.29314   0.26505   0.00000   0.12388   0.08491   0.02290   0.04666   0.00000   0.00817   0.00044   0.12137   0.12387   0.10988   0.22735   0.00000   0.00713   0.18872   0.23531   0.02202   0.20106   0.02517   0.00291   0.38411   0.00000   0.09326   0.03126   0.05348   0.03660   0.05773   0.24660   0.00651   0.00000   0.03105   0.03714   0.12393   0.14972   0.23117   0.18455   0.29996   0.35906   0.19086   0.20352   0.00000   0.18919   0.39691   0.11471   0.26074   0.10971   0.02529   0.02115   0.10498   0.06572   0.02270   0.40724   0.00565   0.00000   0.11502   0.00000   0.06364   0.07228   0.00752   0.06642   0.03456   0.04676   0.11606   0.07418   0.01469   0.01797   0.01465   0.03894   0.03120   0.00000   0.00000   0.00936   0.15207   0.00000   0.03127   0.03729   0.08264   0.17514   0.00000   0.00000   0.16177   0.14891   0.37283   0.23827   0.61134   0.78970   0.63782  
149 207.6071  12372.301767  x:  0.95451   0.00000   0.00000   1.22849   0.00000   0.26287   0.17400   0.06682   0.03192   0.34223   0.47057   0.00788   0.00000   0.00000   0.11894   0.11494   0.04986   0.02034   0.08653   0.25106   0.29384   0.19191   0.00000   0.00000   0.00000   0.00000   0.00486   0.00000   0.00487   0.00000   0.11662   0.01114   0.05211   0.14799   0.16081   0.01014   0.05317   0.06435   0.14164   0.14121   0.45948   0.09136   0.20797   0.13485   0.00961   0.00000   0.00000   0.24188   0.75578   0.27658   0.05345   0.14607   0.13459   0.19406   0.01043   0.00000   0.00561   0.04112   0.02506   0.26896   0.19580   0.29311   0.26495   0.00000   0.12389   0.08488   0.02295   0.04664   0.00000   0.00801   0.00094   0.12154   0.12381   0.10976   0.22744   0.00000   0.00707   0.18856   0.23526   0.02204   0.20108   0.02526   0.00281   0.38395   0.00000   0.09324   0.03129   0.05348   0.03659   0.05779   0.24657   0.00607   0.00000   0.03076   0.03693   0.12380   0.14954   0.23117   0.18455   0.29987   0.35899   0.19081   0.20351   0.00000   0.18924   0.39699   0.11482   0.26067   0.10977   0.02516   0.02150   0.10486   0.06572   0.02262   0.40719   0.00570   0.00000   0.11504   0.00000   0.06360   0.07225   0.00757   0.06646   0.03457   0.04668   0.11621   0.07436   0.01481   0.01769   0.01462   0.03895   0.03122   0.00000   0.00000   0.00926   0.15228   0.00000   0.03116   0.03734   0.08272   0.17518   0.00000   0.00000   0.16175   0.14880   0.37268   0.23820   0.61123   0.78971   0.63781  
150 77.5399  12372.222628  x:  0.95481   0.00000   0.00000   1.22888   0.00000   0.26321   0.17391   0.06693   0.03241   0.34223   0.47061   0.00826   0.00000   0.00000   0.11873   0.11524   0.05008   0.02025   0.08781   0.25119   0.29349   0.19192   0.00000   0.00000   0.00000   0.00000   0.00497   0.00000   0.00587   0.00000   0.11686   0.01126   0.05182   0.14854   0.16081   0.00983   0.05402   0.06532   0.14121   0.14147   0.45890   0.09102   0.20790   0.13518   0.01053   0.00000   0.00000   0.24138   0.75528   0.27708   0.05542   0.14747   0.13395   0.19412   0.01029   0.00000   0.00480   0.04154   0.02560   0.26872   0.19642   0.29294   0.26443   0.00000   0.12391   0.08471   0.02317   0.04658   0.00000   0.00747   0.00185   0.12234   0.12349   0.10913   0.22784   0.00000   0.00685   0.18779   0.23500   0.02216   0.20118   0.02568   0.00275   0.38314   0.00000   0.09317   0.03142   0.05346   0.03654   0.05809   0.24643   0.00605   0.00000   0.02953   0.03598   0.12318   0.14869   0.23115   0.18453   0.29939   0.35862   0.19054   0.20346   0.00000   0.18946   0.39740   0.11536   0.26029   0.11005   0.02454   0.02288   0.10422   0.06570   0.02227   0.40692   0.00590   0.00000   0.11517   0.00000   0.06345   0.07213   0.00769   0.06667   0.03462   0.04633   0.11693   0.07522   0.01529   0.01651   0.01452   0.03899   0.03127   0.00000   0.00000   0.00894   0.15339   0.00000   0.03059   0.03762   0.08309   0.17539   0.00000   0.00000   0.16166   0.14821   0.37193   0.23787   0.61068   0.78974   0.63776  
151 32.5523  12372.167232  x:  0.95513   0.00000   0.00000   1.22928   0.00000   0.26357   0.17382   0.06703   0.03288   0.34223   0.47065   0.00852   0.00000   0.00000   0.11854   0.11552   0.05025   0.02016   0.08897   0.25130   0.29314   0.19194   0.00000   0.00000   0.00000   0.00000   0.00564   0.00000   0.00480   0.00000   0.11708   0.01124   0.05160   0.14906   0.16080   0.00994   0.05467   0.06611   0.14081   0.14171   0.45832   0.09070   0.20783   0.13549   0.01025   0.00000   0.00000   0.24089   0.75477   0.27756   0.05695   0.14878   0.13333   0.19417   0.01036   0.00000   0.00541   0.04188   0.02597   0.26849   0.19702   0.29276   0.26395   0.00000   0.12392   0.08457   0.02326   0.04653   0.00000   0.00749   0.00150   0.12301   0.12321   0.10855   0.22821   0.00000   0.00679   0.18708   0.23473   0.02225   0.20127   0.02594   0.00288   0.38234   0.00000   0.09312   0.03150   0.05344   0.03651   0.05833   0.24629   0.00602   0.00000   0.02875   0.03535   0.12263   0.14789   0.23114   0.18451   0.29891   0.35826   0.19030   0.20341   0.00000   0.18967   0.39783   0.11583   0.25991   0.11033   0.02407   0.02358   0.10365   0.06568   0.02199   0.40664   0.00603   0.00000   0.11530   0.00000   0.06332   0.07202   0.00768   0.06684   0.03466   0.04603   0.11761   0.07599   0.01554   0.01593   0.01451   0.03903   0.03131   0.00000   0.00000   0.00887   0.15450   0.00000   0.03004   0.03786   0.08344   0.17559   0.00000   0.00000   0.16156   0.14764   0.37118   0.23755   0.61016   0.78977   0.63771  
152 64.3404  12372.129587  x:  0.95545   0.00000   0.00000   1.22969   0.00000   0.26393   0.17373   0.06713   0.03330   0.34223   0.47069   0.00860   0.00000   0.00000   0.11838   0.11575   0.05035   0.02009   0.08992   0.25140   0.29279   0.19196   0.00000   0.00000   0.00000   0.00000   0.00504   0.00000   0.00535   0.00000   0.11726   0.01116   0.05148   0.14950   0.16080   0.01018   0.05503   0.06660   0.14046   0.14192   0.45774   0.09045   0.20777   0.13576   0.00939   0.00000   0.00000   0.24043   0.75425   0.27802   0.05787   0.14990   0.13276   0.19422   0.01049   0.00000   0.00592   0.04203   0.02604   0.26827   0.19756   0.29259   0.26349   0.00000   0.12394   0.08446   0.02322   0.04650   0.00000   0.00789   0.00056   0.12356   0.12298   0.10805   0.22855   0.00000   0.00688   0.18644   0.23448   0.02232   0.20134   0.02600   0.00294   0.38157   0.00000   0.09306   0.03149   0.05342   0.03652   0.05847   0.24615   0.00608   0.00000   0.02860   0.03515   0.12217   0.14719   0.23115   0.18449   0.29845   0.35792   0.19010   0.20336   0.00000   0.18986   0.39826   0.11618   0.25954   0.11058   0.02387   0.02350   0.10318   0.06564   0.02185   0.40637   0.00606   0.00000   0.11541   0.00000   0.06322   0.07193   0.00759   0.06698   0.03469   0.04583   0.11821   0.07661   0.01550   0.01609   0.01458   0.03905   0.03133   0.00000   0.00000   0.00901   0.15557   0.00000   0.02950   0.03800   0.08373   0.17577   0.00000   0.00000   0.16146   0.14709   0.37045   0.23725   0.60968   0.78981   0.63766  
153 53.1297  12372.085229  x:  0.95607   0.00000   0.00000   1.23047   0.00000   0.26461   0.17355   0.06727   0.03394   0.34223   0.47075   0.00840   0.00000   0.00000   0.11815   0.11604   0.05036   0.01999   0.09113   0.25153   0.29217   0.19202   0.00000   0.00000   0.00000   0.00000   0.00526   0.00000   0.00513   0.00000   0.11749   0.01111   0.05151   0.15014   0.16079   0.01007   0.05505   0.06686   0.13995   0.14222   0.45671   0.09014   0.20767   0.13617   0.00932   0.00000   0.00000   0.23966   0.75329   0.27881   0.05827   0.15149   0.13191   0.19429   0.01038   0.00000   0.00486   0.04185   0.02560   0.26787   0.19839   0.29229   0.26269   0.00000   0.12396   0.08436   0.02300   0.04650   0.00000   0.00826   0.00050   0.12444   0.12266   0.10740   0.22919   0.00000   0.00710   0.18536   0.23403   0.02240   0.20144   0.02574   0.00270   0.38020   0.00000   0.09298   0.03137   0.05340   0.03658   0.05852   0.24590   0.00606   0.00000   0.02944   0.03562   0.12160   0.14620   0.23119   0.18453   0.29768   0.35728   0.18976   0.20328   0.00000   0.19017   0.39908   0.11661   0.25890   0.11098   0.02416   0.02229   0.10256   0.06556   0.02187   0.40586   0.00599   0.00000   0.11558   0.00000   0.06311   0.07183   0.00753   0.06712   0.03470   0.04568   0.11911   0.07737   0.01501   0.01734   0.01468   0.03905   0.03131   0.00000   0.00000   0.00926   0.15743   0.00000   0.02859   0.03805   0.08411   0.17606   0.00000   0.00000   0.16126   0.14620   0.36916   0.23675   0.60892   0.78988   0.63757  
154 35.6043  12372.063089  x:  0.95653   0.00000   0.00000   1.23106   0.00000   0.26510   0.17342   0.06735   0.03429   0.34223   0.47080   0.00813   0.00000   0.00000   0.11805   0.11616   0.05030   0.01995   0.09163   0.25159   0.29174   0.19206   0.00000   0.00000   0.00000   0.00000   0.00521   0.00000   0.00524   0.00000   0.11758   0.01118   0.05162   0.15046   0.16079   0.00998   0.05481   0.06673   0.13968   0.14237   0.45600   0.09002   0.20762   0.13639   0.00993   0.00000   0.00000   0.23918   0.75259   0.27933   0.05797   0.15228   0.13146   0.19434   0.01038   0.00000   0.00571   0.04171   0.02534   0.26762   0.19888   0.29210   0.26220   0.00000   0.12397   0.08434   0.02295   0.04653   0.00000   0.00789   0.00097   0.12492   0.12251   0.10714   0.22963   0.00000   0.00710   0.18468   0.23375   0.02243   0.20150   0.02553   0.00302   0.37928   0.00000   0.09296   0.03131   0.05338   0.03663   0.05847   0.24575   0.00606   0.00000   0.03004   0.03607   0.12135   0.14569   0.23121   0.18459   0.29718   0.35683   0.18956   0.20324   0.00000   0.19034   0.39968   0.11681   0.25849   0.11122   0.02460   0.02179   0.10227   0.06550   0.02203   0.40551   0.00597   0.00000   0.11568   0.00000   0.06308   0.07178   0.00761   0.06715   0.03469   0.04570   0.11961   0.07767   0.01479   0.01773   0.01457   0.03904   0.03129   0.00000   0.00000   0.00914   0.15866   0.00000   0.02801   0.03796   0.08428   0.17624   0.00000   0.00000   0.16112   0.14565   0.36828   0.23643   0.60848   0.78994   0.63751  
155 38.7472  12372.043007  x:  0.95723   0.00000   0.00000   1.23195   0.00000   0.26582   0.17322   0.06741   0.03458   0.34223   0.47086   0.00767   0.00000   0.00000   0.11803   0.11616   0.05016   0.01995   0.09165   0.25162   0.29120   0.19212   0.00000   0.00000   0.00000   0.00000   0.00520   0.00000   0.00521   0.00000   0.11757   0.01121   0.05181   0.15064   0.16079   0.01018   0.05426   0.06616   0.13954   0.14244   0.45506   0.09005   0.20757   0.13654   0.00976   0.00000   0.00000   0.23867   0.75160   0.27989   0.05677   0.15273   0.13117   0.19438   0.01050   0.00000   0.00559   0.04146   0.02520   0.26734   0.19935   0.29188   0.26165   0.00000   0.12397   0.08442   0.02313   0.04659   0.00000   0.00736   0.00058   0.12516   0.12246   0.10712   0.23011   0.00000   0.00685   0.18397   0.23347   0.02237   0.20157   0.02535   0.00262   0.37810   0.00000   0.09294   0.03134   0.05339   0.03663   0.05829   0.24559   0.00606   0.00000   0.03023   0.03649   0.12130   0.14539   0.23123   0.18469   0.29660   0.35626   0.18938   0.20320   0.00000   0.19050   0.40056   0.11699   0.25803   0.11142   0.02513   0.02228   0.10213   0.06545   0.02244   0.40503   0.00608   0.00000   0.11575   0.00000   0.06312   0.07179   0.00768   0.06710   0.03465   0.04590   0.12003   0.07766   0.01495   0.01701   0.01418   0.03901   0.03126   0.00000   0.00000   0.00873   0.16014   0.00000   0.02737   0.03768   0.08431   0.17642   0.00000   0.00000   0.16091   0.14510   0.36716   0.23609   0.60809   0.79002   0.63740  
156 20.8444  12372.032283  x:  0.95776   0.00000   0.00000   1.23264   0.00000   0.26636   0.17307   0.06744   0.03469   0.34223   0.47092   0.00742   0.00000   0.00000   0.11806   0.11611   0.05008   0.01997   0.09144   0.25161   0.29084   0.19217   0.00000   0.00000   0.00000   0.00000   0.00520   0.00000   0.00521   0.00000   0.11753   0.01115   0.05189   0.15065   0.16080   0.01006   0.05397   0.06577   0.13953   0.14244   0.45442   0.09013   0.20755   0.13657   0.00966   0.00000   0.00000   0.23838   0.75087   0.28023   0.05598   0.15279   0.13113   0.19440   0.01038   0.00000   0.00543   0.04138   0.02527   0.26717   0.19958   0.29175   0.26133   0.00000   0.12397   0.08448   0.02319   0.04661   0.00000   0.00787   0.00064   0.12523   0.12251   0.10721   0.23045   0.00000   0.00680   0.18356   0.23333   0.02234   0.20162   0.02537   0.00323   0.37732   0.00000   0.09298   0.03139   0.05340   0.03662   0.05819   0.24550   0.00606   0.00000   0.03007   0.03655   0.12136   0.14534   0.23123   0.18478   0.29625   0.35587   0.18932   0.20318   0.00000   0.19058   0.40122   0.11712   0.25776   0.11149   0.02503   0.02257   0.10214   0.06544   0.02272   0.40468   0.00616   0.00000   0.11578   0.00000   0.06317   0.07180   0.00760   0.06703   0.03463   0.04606   0.12021   0.07752   0.01511   0.01660   0.01416   0.03899   0.03125   0.00000   0.00000   0.00887   0.16110   0.00000   0.02700   0.03754   0.08428   0.17652   0.00000   0.00000   0.16074   0.14480   0.36639   0.23590   0.60792   0.79008   0.63732  
157 25.9079  12372.022353  x:  0.95841   0.00000   0.00000   1.23349   0.00000   0.26700   0.17289   0.06745   0.03473   0.34223   0.47098   0.00730   0.00000   0.00000   0.11813   0.11601   0.05005   0.02000   0.09102   0.25159   0.29049   0.19221   0.00000   0.00000   0.00000   0.00000   0.00521   0.00000   0.00523   0.00000   0.11744   0.01112   0.05189   0.15056   0.16080   0.00997   0.05387   0.06550   0.13962   0.14239   0.45373   0.09025   0.20754   0.13654   0.00982   0.00000   0.00000   0.23816   0.75001   0.28054   0.05546   0.15263   0.13126   0.19441   0.01035   0.00000   0.00563   0.04144   0.02547   0.26702   0.19974   0.29163   0.26105   0.00000   0.12397   0.08455   0.02314   0.04659   0.00000   0.00821   0.00077   0.12516   0.12260   0.10741   0.23078   0.00000   0.00697   0.18324   0.23322   0.02238   0.20167   0.02549   0.00275   0.37648   0.00000   0.09298   0.03143   0.05342   0.03657   0.05812   0.24544   0.00606   0.00000   0.02967   0.03636   0.12152   0.14545   0.23122   0.18492   0.29593   0.35544   0.18930   0.20317   0.00000   0.19062   0.40201   0.11731   0.25752   0.11150   0.02450   0.02258   0.10226   0.06545   0.02294   0.40427   0.00621   0.00000   0.11578   0.00000   0.06322   0.07182   0.00754   0.06695   0.03462   0.04619   0.12028   0.07724   0.01521   0.01662   0.01444   0.03899   0.03126   0.00000   0.00000   0.00922   0.16204   0.00000   0.02668   0.03746   0.08420   0.17659   0.00000   0.00000   0.16054   0.14458   0.36556   0.23573   0.60784   0.79016   0.63722  
158 21.5406  12372.012603  x:  0.95929   0.00000   0.00000   1.23463   0.00000   0.26783   0.17265   0.06743   0.03468   0.34223   0.47107   0.00729   0.00000   0.00000   0.11824   0.11588   0.05008   0.02004   0.09045   0.25156   0.29012   0.19225   0.00000   0.00000   0.00000   0.00000   0.00520   0.00000   0.00521   0.00000   0.11733   0.01119   0.05181   0.15038   0.16081   0.01015   0.05401   0.06542   0.13979   0.14230   0.45292   0.09041   0.20754   0.13645   0.00988   0.00000   0.00000   0.23799   0.74892   0.28081   0.05536   0.15226   0.13155   0.19442   0.01049   0.00000   0.00548   0.04156   0.02565   0.26688   0.19981   0.29152   0.26080   0.00000   0.12396   0.08461   0.02302   0.04656   0.00000   0.00764   0.00058   0.12494   0.12272   0.10771   0.23110   0.00000   0.00715   0.18299   0.23315   0.02249   0.20172   0.02565   0.00304   0.37556   0.00000   0.09302   0.03143   0.05344   0.03653   0.05812   0.24539   0.00606   0.00000   0.02933   0.03605   0.12177   0.14570   0.23120   0.18509   0.29562   0.35496   0.18930   0.20317   0.00000   0.19062   0.40304   0.11756   0.25729   0.11145   0.02401   0.02243   0.10248   0.06549   0.02308   0.40375   0.00622   0.00000   0.11576   0.00000   0.06327   0.07185   0.00763   0.06687   0.03461   0.04627   0.12022   0.07685   0.01516   0.01701   0.01474   0.03900   0.03128   0.00000   0.00000   0.00917   0.16301   0.00000   0.02639   0.03744   0.08406   0.17665   0.00000   0.00000   0.16028   0.14442   0.36459   0.23559   0.60787   0.79026   0.63708  
159 22.0122  12372.001027  x:  0.96066   0.00000   0.00000   1.23643   0.00000   0.26909   0.17229   0.06739   0.03451   0.34223   0.47120   0.00740   0.00000   0.00000   0.11838   0.11572   0.05019   0.02008   0.08976   0.25151   0.28972   0.19228   0.00000   0.00000   0.00000   0.00000   0.00521   0.00000   0.00522   0.00000   0.11719   0.01118   0.05166   0.15006   0.16081   0.00997   0.05445   0.06571   0.14008   0.14214   0.45186   0.09057   0.20755   0.13625   0.00952   0.00000   0.00000   0.23792   0.74730   0.28104   0.05603   0.15157   0.13207   0.19440   0.01024   0.00000   0.00555   0.04172   0.02560   0.26675   0.19972   0.29141   0.26060   0.00000   0.12395   0.08463   0.02302   0.04653   0.00000   0.00779   0.00080   0.12456   0.12290   0.10807   0.23144   0.00000   0.00679   0.18284   0.23313   0.02252   0.20176   0.02565   0.00297   0.37442   0.00000   0.09305   0.03137   0.05347   0.03652   0.05822   0.24537   0.00606   0.00000   0.02949   0.03581   0.12212   0.14617   0.23119   0.18531   0.29531   0.35435   0.18938   0.20319   0.00000   0.19057   0.40461   0.11788   0.25707   0.11128   0.02442   0.02246   0.10285   0.06556   0.02308   0.40301   0.00618   0.00000   0.11570   0.00000   0.06329   0.07187   0.00764   0.06682   0.03463   0.04622   0.11997   0.07635   0.01494   0.01731   0.01455   0.03902   0.03130   0.00000   0.00000   0.00859   0.16405   0.00000   0.02611   0.03753   0.08387   0.17668   0.00000   0.00000   0.15987   0.14438   0.36331   0.23549   0.60806   0.79042   0.63688  
160 18.2594  12371.994595  x:  0.96161   0.00000   0.00000   1.23768   0.00000   0.26992   0.17205   0.06736   0.03437   0.34223   0.47128   0.00743   0.00000   0.00000   0.11844   0.11566   0.05024   0.02010   0.08953   0.25150   0.28956   0.19228   0.00000   0.00000   0.00000   0.00000   0.00521   0.00000   0.00522   0.00000   0.11715   0.01116   0.05162   0.14988   0.16082   0.01009   0.05465   0.06595   0.14023   0.14205   0.45127   0.09061   0.20756   0.13613   0.00988   0.00000   0.00000   0.23796   0.74625   0.28110   0.05658   0.15116   0.13235   0.19439   0.01056   0.00000   0.00552   0.04173   0.02546   0.26671   0.19959   0.29137   0.26057   0.00000   0.12394   0.08461   0.02310   0.04653   0.00000   0.00797   0.00058   0.12432   0.12298   0.10820   0.23157   0.00000   0.00677   0.18287   0.23316   0.02251   0.20176   0.02555   0.00298   0.37383   0.00000   0.09306   0.03135   0.05347   0.03655   0.05829   0.24538   0.00606   0.00000   0.02978   0.03587   0.12228   0.14645   0.23118   0.18542   0.29519   0.35402   0.18945   0.20320   0.00000   0.19051   0.40567   0.11798   0.25700   0.11115   0.02478   0.02248   0.10303   0.06559   0.02304   0.40255   0.00620   0.00000   0.11565   0.00000   0.06328   0.07187   0.00757   0.06683   0.03465   0.04612   0.11976   0.07618   0.01494   0.01711   0.01432   0.03903   0.03130   0.00000   0.00000   0.00893   0.16450   0.00000   0.02600   0.03767   0.08381   0.17666   0.00000   0.00000   0.15959   0.14444   0.36260   0.23548   0.60824   0.79053   0.63674  
161 21.0092  12371.989499  x:  0.96262   0.00000   0.00000   1.23903   0.00000   0.27075   0.17181   0.06733   0.03422   0.34223   0.47136   0.00735   0.00000   0.00000   0.11843   0.11567   0.05023   0.02010   0.08965   0.25152   0.28955   0.19225   0.00000   0.00000   0.00000   0.00000   0.00520   0.00000   0.00522   0.00000   0.11718   0.01119   0.05168   0.14979   0.16081   0.01006   0.05458   0.06612   0.14029   0.14202   0.45085   0.09055   0.20758   0.13605   0.00967   0.00000   0.00000   0.23810   0.74526   0.28104   0.05689   0.15089   0.13246   0.19437   0.01022   0.00000   0.00554   0.04162   0.02534   0.26673   0.19940   0.29138   0.26065   0.00000   0.12394   0.08455   0.02315   0.04656   0.00000   0.00773   0.00068   0.12420   0.12297   0.10816   0.23158   0.00000   0.00706   0.18303   0.23323   0.02249   0.20174   0.02540   0.00298   0.37349   0.00000   0.09305   0.03138   0.05343   0.03660   0.05831   0.24542   0.00606   0.00000   0.03000   0.03614   0.12229   0.14661   0.23118   0.18550   0.29522   0.35380   0.18952   0.20322   0.00000   0.19044   0.40672   0.11792   0.25702   0.11104   0.02473   0.02236   0.10308   0.06560   0.02302   0.40215   0.00626   0.00000   0.11562   0.00000   0.06324   0.07186   0.00762   0.06688   0.03466   0.04600   0.11957   0.07627   0.01513   0.01674   0.01434   0.03903   0.03128   0.00000   0.00000   0.00931   0.16458   0.00000   0.02598   0.03778   0.08382   0.17660   0.00000   0.00000   0.15929   0.14461   0.36211   0.23555   0.60844   0.79066   0.63661  
162 13.0253  12371.980061  x:  0.96488   0.00000   0.00000   1.24205   0.00000   0.27250   0.17130   0.06727   0.03396   0.34222   0.47151   0.00713   0.00000   0.00000   0.11833   0.11579   0.05014   0.02007   0.09026   0.25157   0.28969   0.19216   0.00000   0.00000   0.00000   0.00000   0.00521   0.00000   0.00522   0.00000   0.11731   0.01116   0.05188   0.14973   0.16081   0.00999   0.05418   0.06627   0.14028   0.14202   0.45018   0.09035   0.20762   0.13594   0.00956   0.00000   0.00000   0.23848   0.74321   0.28077   0.05707   0.15056   0.13245   0.19433   0.01070   0.00000   0.00553   0.04138   0.02529   0.26685   0.19897   0.29145   0.26096   0.00000   0.12395   0.08441   0.02311   0.04661   0.00000   0.00786   0.00086   0.12411   0.12289   0.10788   0.23146   0.00000   0.00713   0.18347   0.23343   0.02235   0.20169   0.02527   0.00298   0.37309   0.00000   0.09299   0.03144   0.05336   0.03665   0.05831   0.24554   0.00606   0.00000   0.03004   0.03660   0.12213   0.14676   0.23116   0.18557   0.29541   0.35352   0.18966   0.20326   0.00000   0.19029   0.40899   0.11765   0.25717   0.11086   0.02430   0.02223   0.10300   0.06560   0.02306   0.40139   0.00634   0.00000   0.11556   0.00000   0.06316   0.07185   0.00765   0.06702   0.03467   0.04581   0.11920   0.07671   0.01538   0.01652   0.01472   0.03901   0.03125   0.00000   0.00000   0.00881   0.16430   0.00000   0.02604   0.03783   0.08389   0.17646   0.00000   0.00000   0.15864   0.14503   0.36135   0.23575   0.60884   0.79093   0.63633  
163 18.4017  12371.970953  x:  0.96724   0.00000   0.00000   1.24524   0.00000   0.27427   0.17078   0.06722   0.03375   0.34220   0.47165   0.00707   0.00000   0.00000   0.11821   0.11593   0.05007   0.02002   0.09090   0.25163   0.28989   0.19207   0.00000   0.00000   0.00000   0.00000   0.00520   0.00000   0.00521   0.00000   0.11744   0.01114   0.05197   0.14975   0.16080   0.01015   0.05387   0.06625   0.14022   0.14205   0.44965   0.09017   0.20765   0.13590   0.00995   0.00000   0.00000   0.23887   0.74119   0.28047   0.05691   0.15040   0.13233   0.19430   0.01020   0.00000   0.00554   0.04130   0.02542   0.26701   0.19858   0.29154   0.26130   0.00000   0.12395   0.08433   0.02305   0.04663   0.00000   0.00794   0.00051   0.12408   0.12278   0.10758   0.23123   0.00000   0.00682   0.18391   0.23365   0.02225   0.20165   0.02536   0.00299   0.37286   0.00000   0.09293   0.03145   0.05332   0.03665   0.05827   0.24566   0.00606   0.00000   0.02981   0.03668   0.12191   0.14678   0.23113   0.18555   0.29564   0.35334   0.18978   0.20329   0.00000   0.19016   0.41129   0.11740   0.25737   0.11074   0.02425   0.02244   0.10288   0.06562   0.02318   0.40068   0.00632   0.00000   0.11552   0.00000   0.06310   0.07184   0.00757   0.06713   0.03467   0.04573   0.11889   0.07715   0.01527   0.01681   0.01483   0.03899   0.03124   0.00000   0.00000   0.00866   0.16383   0.00000   0.02614   0.03781   0.08400   0.17631   0.00000   0.00000   0.15796   0.14544   0.36076   0.23598   0.60919   0.79121   0.63605  
164 31.8310  12371.961661  x:  0.96991   0.00000   0.00000   1.24885   0.00000   0.27617   0.17023   0.06720   0.03362   0.34219   0.47178   0.00723   0.00000   0.00000   0.11811   0.11605   0.05006   0.01997   0.09142   0.25166   0.29015   0.19200   0.00000   0.00000   0.00000   0.00000   0.00521   0.00000   0.00522   0.00000   0.11754   0.01118   0.05192   0.14984   0.16080   0.01003   0.05379   0.06609   0.14010   0.14211   0.44926   0.09006   0.20768   0.13593   0.00968   0.00000   0.00000   0.23924   0.73910   0.28012   0.05646   0.15044   0.13210   0.19427   0.01046   0.00000   0.00553   0.04143   0.02562   0.26718   0.19826   0.29166   0.26166   0.00000   0.12396   0.08432   0.02305   0.04659   0.00000   0.00774   0.00076   0.12419   0.12268   0.10732   0.23097   0.00000   0.00663   0.18432   0.23388   0.02229   0.20162   0.02560   0.00300   0.37281   0.00000   0.09287   0.03138   0.05333   0.03659   0.05823   0.24579   0.00606   0.00000   0.02951   0.03635   0.12166   0.14666   0.23110   0.18549   0.29594   0.35325   0.18986   0.20331   0.00000   0.19006   0.41379   0.11723   0.25760   0.11071   0.02459   0.02273   0.10274   0.06565   0.02337   0.40001   0.00622   0.00000   0.11550   0.00000   0.06308   0.07185   0.00759   0.06717   0.03466   0.04581   0.11867   0.07749   0.01492   0.01725   0.01450   0.03899   0.03126   0.00000   0.00000   0.00918   0.16317   0.00000   0.02632   0.03777   0.08412   0.17617   0.00000   0.00000   0.15720   0.14581   0.36035   0.23621   0.60943   0.79153   0.63577  
165 32.8613  12371.953090  x:  0.97268   0.00000   0.00000   1.25267   0.00000   0.27794   0.16973   0.06722   0.03370   0.34217   0.47185   0.00770   0.00000   0.00000   0.11810   0.11607   0.05017   0.01998   0.09138   0.25165   0.29042   0.19199   0.00000   0.00000   0.00000   0.00000   0.00521   0.00000   0.00522   0.00000   0.11752   0.01114   0.05165   0.15002   0.16079   0.01009   0.05427   0.06583   0.13997   0.14219   0.44921   0.09015   0.20769   0.13608   0.00979   0.00000   0.00000   0.23944   0.73731   0.27984   0.05601   0.15084   0.13184   0.19427   0.01041   0.00000   0.00550   0.04175   0.02560   0.26732   0.19820   0.29177   0.26193   0.00000   0.12396   0.08446   0.02316   0.04652   0.00000   0.00790   0.00073   0.12444   0.12266   0.10731   0.23071   0.00000   0.00727   0.18453   0.23399   0.02249   0.20160   0.02569   0.00299   0.37310   0.00000   0.09286   0.03133   0.05344   0.03653   0.05823   0.24587   0.00606   0.00000   0.02964   0.03580   0.12154   0.14637   0.23108   0.18535   0.29625   0.35337   0.18985   0.20331   0.00000   0.19006   0.41617   0.11723   0.25782   0.11087   0.02471   0.02230   0.10266   0.06567   0.02353   0.39957   0.00622   0.00000   0.11553   0.00000   0.06317   0.07189   0.00771   0.06707   0.03464   0.04608   0.11875   0.07747   0.01493   0.01698   0.01402   0.03901   0.03131   0.00000   0.00000   0.00888   0.16240   0.00000   0.02658   0.03763   0.08415   0.17609   0.00000   0.00000   0.15643   0.14595   0.36035   0.23637   0.60938   0.79186   0.63551  
166 18.7332  12371.944039  x:  0.97588   0.00000   0.00000   1.25713   0.00000   0.27973   0.16922   0.06729   0.03396   0.34214   0.47185   0.00806   0.00000   0.00000   0.11817   0.11597   0.05028   0.02002   0.09083   0.25158   0.29067   0.19204   0.00000   0.00000   0.00000   0.00000   0.00520   0.00000   0.00522   0.00000   0.11740   0.01127   0.05149   0.15023   0.16079   0.00994   0.05483   0.06565   0.13984   0.14226   0.44949   0.09039   0.20767   0.13629   0.00978   0.00000   0.00000   0.23945   0.73569   0.27963   0.05591   0.15148   0.13165   0.19429   0.01042   0.00000   0.00550   0.04188   0.02538   0.26742   0.19840   0.29186   0.26207   0.00000   0.12396   0.08465   0.02311   0.04649   0.00000   0.00776   0.00066   0.12472   0.12270   0.10755   0.23042   0.00000   0.00670   0.18450   0.23399   0.02240   0.20158   0.02547   0.00298   0.37372   0.00000   0.09293   0.03138   0.05354   0.03654   0.05824   0.24589   0.00605   0.00000   0.03001   0.03571   0.12160   0.14601   0.23108   0.18511   0.29651   0.35372   0.18974   0.20328   0.00000   0.19016   0.41866   0.11720   0.25802   0.11116   0.02460   0.02212   0.10263   0.06563   0.02356   0.39932   0.00633   0.00000   0.11561   0.00000   0.06331   0.07192   0.00734   0.06688   0.03462   0.04634   0.11914   0.07715   0.01522   0.01674   0.01455   0.03904   0.03132   0.00000   0.00000   0.00901   0.16158   0.00000   0.02691   0.03759   0.08413   0.17610   0.00000   0.00000   0.15557   0.14585   0.36073   0.23643   0.60906   0.79226   0.63526  
167 20.1110  12371.937769  x:  0.97833   0.00000   0.00000   1.26059   0.00000   0.28093   0.16888   0.06735   0.03421   0.34211   0.47177   0.00803   0.00000   0.00000   0.11825   0.11587   0.05028   0.02006   0.09029   0.25152   0.29082   0.19211   0.00000   0.00000   0.00000   0.00000   0.00521   0.00000   0.00522   0.00000   0.11728   0.01107   0.05156   0.15033   0.16079   0.01025   0.05490   0.06567   0.13980   0.14228   0.44987   0.09055   0.20765   0.13642   0.00976   0.00000   0.00000   0.23933   0.73474   0.27957   0.05612   0.15192   0.13162   0.19432   0.01040   0.00000   0.00551   0.04176   0.02531   0.26746   0.19866   0.29190   0.26208   0.00000   0.12395   0.08472   0.02305   0.04653   0.00000   0.00786   0.00077   0.12488   0.12276   0.10778   0.23028   0.00000   0.00670   0.18434   0.23391   0.02233   0.20157   0.02536   0.00297   0.37429   0.00000   0.09301   0.03142   0.05352   0.03658   0.05825   0.24586   0.00605   0.00000   0.03004   0.03601   0.12173   0.14582   0.23110   0.18495   0.29666   0.35406   0.18962   0.20325   0.00000   0.19027   0.42039   0.11708   0.25811   0.11136   0.02458   0.02246   0.10262   0.06557   0.02347   0.39929   0.00635   0.00000   0.11567   0.00000   0.06338   0.07193   0.00792   0.06679   0.03462   0.04637   0.11948   0.07681   0.01521   0.01687   0.01481   0.03904   0.03130   0.00000   0.00000   0.00909   0.16107   0.00000   0.02713   0.03763   0.08407   0.17615   0.00000   0.00000   0.15492   0.14565   0.36121   0.23641   0.60872   0.79256   0.63509  
168 24.2732  12371.930749  x:  0.98119   0.00000   0.00000   1.26470   0.00000   0.28217   0.16855   0.06741   0.03449   0.34208   0.47162   0.00778   0.00000   0.00000   0.11833   0.11575   0.05021   0.02009   0.08973   0.25146   0.29093   0.19218   0.00000   0.00000   0.00000   0.00000   0.00521   0.00000   0.00521   0.00000   0.11718   0.01117   0.05179   0.15038   0.16079   0.00988   0.05460   0.06581   0.13981   0.14228   0.45045   0.09065   0.20762   0.13649   0.00979   0.00000   0.00000   0.23910   0.73392   0.27958   0.05650   0.15228   0.13169   0.19435   0.01043   0.00000   0.00553   0.04150   0.02540   0.26746   0.19903   0.29191   0.26199   0.00000   0.12395   0.08471   0.02305   0.04660   0.00000   0.00785   0.00062   0.12493   0.12283   0.10802   0.23021   0.00000   0.00715   0.18407   0.23377   0.02233   0.20159   0.02542   0.00297   0.37501   0.00000   0.09309   0.03142   0.05344   0.03661   0.05826   0.24579   0.00605   0.00000   0.02978   0.03644   0.12193   0.14572   0.23112   0.18482   0.29676   0.35449   0.18949   0.20322   0.00000   0.19041   0.42222   0.11690   0.25815   0.11152   0.02454   0.02279   0.10263   0.06548   0.02330   0.39940   0.00630   0.00000   0.11574   0.00000   0.06340   0.07192   0.00766   0.06675   0.03463   0.04623   0.11985   0.07643   0.01502   0.01709   0.01459   0.03902   0.03126   0.00000   0.00000   0.00899   0.16064   0.00000   0.02733   0.03772   0.08398   0.17626   0.00000   0.00000   0.15418   0.14532   0.36189   0.23631   0.60833   0.79292   0.63493  
169 28.4448  12371.926820  x:  0.98294   0.00000   0.00000   1.26725   0.00000   0.28275   0.16839   0.06744   0.03460   0.34205   0.47146   0.00761   0.00000   0.00000   0.11836   0.11571   0.05014   0.02010   0.08961   0.25145   0.29095   0.19222   0.00000   0.00000   0.00000   0.00000   0.00521   0.00000   0.00522   0.00000   0.11716   0.01121   0.05189   0.15033   0.16080   0.01027   0.05428   0.06594   0.13986   0.14226   0.45087   0.09061   0.20760   0.13646   0.00973   0.00000   0.00000   0.23891   0.73370   0.27967   0.05663   0.15229   0.13180   0.19437   0.01041   0.00000   0.00552   0.04142   0.02551   0.26743   0.19925   0.29189   0.26186   0.00000   0.12395   0.08462   0.02311   0.04661   0.00000   0.00786   0.00081   0.12487   0.12285   0.10808   0.23024   0.00000   0.00702   0.18386   0.23367   0.02235   0.20161   0.02555   0.00296   0.37542   0.00000   0.09310   0.03138   0.05338   0.03659   0.05825   0.24572   0.00605   0.00000   0.02959   0.03645   0.12203   0.14577   0.23113   0.18478   0.29674   0.35475   0.18942   0.20320   0.00000   0.19048   0.42316   0.11685   0.25811   0.11151   0.02446   0.02251   0.10266   0.06547   0.02321   0.39960   0.00629   0.00000   0.11576   0.00000   0.06335   0.07190   0.00739   0.06680   0.03465   0.04607   0.11999   0.07632   0.01497   0.01704   0.01427   0.03901   0.03125   0.00000   0.00000   0.00898   0.16055   0.00000   0.02738   0.03778   0.08393   0.17634   0.00000   0.00000   0.15374   0.14510   0.36239   0.23621   0.60813   0.79313   0.63487  
170 18.9737  12371.921420  x:  0.98548   0.00000   0.00000   1.27104   0.00000   0.28340   0.16823   0.06746   0.03468   0.34201   0.47115   0.00749   0.00000   0.00000   0.11837   0.11571   0.05007   0.02009   0.08972   0.25145   0.29092   0.19225   0.00000   0.00000   0.00000   0.00000   0.00520   0.00000   0.00522   0.00000   0.11720   0.01110   0.05190   0.15020   0.16081   0.00998   0.05386   0.06612   0.13998   0.14219   0.45154   0.09045   0.20757   0.13634   0.00977   0.00000   0.00000   0.23861   0.73370   0.27987   0.05664   0.15205   0.13200   0.19440   0.01042   0.00000   0.00551   0.04146   0.02561   0.26733   0.19952   0.29185   0.26161   0.00000   0.12395   0.08445   0.02316   0.04658   0.00000   0.00782   0.00065   0.12464   0.12285   0.10804   0.23034   0.00000   0.00669   0.18357   0.23351   0.02241   0.20165   0.02571   0.00296   0.37597   0.00000   0.09306   0.03132   0.05333   0.03655   0.05825   0.24562   0.00605   0.00000   0.02947   0.03619   0.12211   0.14596   0.23116   0.18478   0.29662   0.35512   0.18936   0.20319   0.00000   0.19055   0.42430   0.11691   0.25799   0.11136   0.02449   0.02203   0.10271   0.06552   0.02310   0.40002   0.00631   0.00000   0.11576   0.00000   0.06325   0.07187   0.00776   0.06694   0.03468   0.04583   0.12009   0.07637   0.01505   0.01687   0.01411   0.03899   0.03128   0.00000   0.00000   0.00905   0.16063   0.00000   0.02734   0.03781   0.08388   0.17647   0.00000   0.00000   0.15313   0.14478   0.36315   0.23604   0.60796   0.79344   0.63481  
171 22.2984  12371.911472  x:  0.99044   0.00000   0.00000   1.27855   0.00000   0.28430   0.16804   0.06745   0.03467   0.34193   0.47039   0.00756   0.00000   0.00000   0.11833   0.11581   0.05006   0.02005   0.09033   0.25151   0.29078   0.19227   0.00000   0.00000   0.00000   0.00000   0.00520   0.00000   0.00522   0.00000   0.11736   0.01126   0.05171   0.14988   0.16082   0.01010   0.05363   0.06628   0.14023   0.14206   0.45284   0.09009   0.20752   0.13604   0.00975   0.00000   0.00000   0.23807   0.73421   0.28035   0.05632   0.15130   0.13234   0.19442   0.01042   0.00000   0.00551   0.04169   0.02549   0.26710   0.19988   0.29173   0.26108   0.00000   0.12395   0.08419   0.02306   0.04649   0.00000   0.00787   0.00074   0.12417   0.12281   0.10779   0.23068   0.00000   0.00705   0.18313   0.23320   0.02258   0.20171   0.02564   0.00295   0.37687   0.00000   0.09295   0.03135   0.05337   0.03653   0.05825   0.24542   0.00605   0.00000   0.02977   0.03562   0.12216   0.14643   0.23123   0.18495   0.29630   0.35571   0.18932   0.20318   0.00000   0.19062   0.42614   0.11727   0.25771   0.11096   0.02498   0.02231   0.10278   0.06568   0.02300   0.40103   0.00637   0.00000   0.11571   0.00000   0.06305   0.07183   0.00762   0.06719   0.03471   0.04560   0.12008   0.07677   0.01519   0.01689   0.01477   0.03900   0.03134   0.00000   0.00000   0.00899   0.16111   0.00000   0.02713   0.03775   0.08384   0.17669   0.00000   0.00000   0.15198   0.14430   0.36461   0.23572   0.60784   0.79404   0.63474  
172 24.8868  12371.904056  x:  0.99430   0.00000   0.00000   1.28455   0.00000   0.28463   0.16801   0.06741   0.03451   0.34185   0.46964   0.00766   0.00000   0.00000   0.11827   0.11592   0.05019   0.02001   0.09083   0.25157   0.29060   0.19224   0.00000   0.00000   0.00000   0.00000   0.00520   0.00000   0.00522   0.00000   0.11746   0.01084   0.05161   0.14974   0.16083   0.01004   0.05429   0.06608   0.14031   0.14202   0.45367   0.09003   0.20752   0.13591   0.00975   0.00000   0.00000   0.23786   0.73508   0.28068   0.05614   0.15078   0.13242   0.19442   0.01042   0.00000   0.00553   0.04170   0.02530   0.26694   0.19987   0.29163   0.26077   0.00000   0.12396   0.08428   0.02312   0.04654   0.00000   0.00779   0.00075   0.12398   0.12277   0.10760   0.23094   0.00000   0.00698   0.18303   0.23305   0.02248   0.20171   0.02534   0.00295   0.37726   0.00000   0.09292   0.03145   0.05347   0.03661   0.05826   0.24530   0.00605   0.00000   0.02996   0.03597   0.12206   0.14670   0.23127   0.18514   0.29600   0.35597   0.18938   0.20319   0.00000   0.19058   0.42715   0.11756   0.25749   0.11076   0.02435   0.02262   0.10280   0.06574   0.02296   0.40189   0.00626   0.00000   0.11565   0.00000   0.06305   0.07184   0.00751   0.06718   0.03467   0.04588   0.11982   0.07707   0.01497   0.01702   0.01436   0.03902   0.03129   0.00000   0.00000   0.00901   0.16169   0.00000   0.02689   0.03764   0.08389   0.17678   0.00000   0.00000   0.15114   0.14418   0.36551   0.23554   0.60800   0.79449   0.63475  
173 19.2860  12371.899988  x:  0.99653   0.00000   0.00000   1.28809   0.00000   0.28467   0.16804   0.06738   0.03438   0.34181   0.46913   0.00765   0.00000   0.00000   0.11824   0.11596   0.05025   0.01999   0.09101   0.25159   0.29048   0.19222   0.00000   0.00000   0.00000   0.00000   0.00521   0.00000   0.00522   0.00000   0.11748   0.01144   0.05165   0.14973   0.16083   0.01007   0.05467   0.06591   0.14030   0.14202   0.45403   0.09011   0.20754   0.13590   0.00974   0.00000   0.00000   0.23784   0.73575   0.28082   0.05616   0.15060   0.13237   0.19441   0.01042   0.00000   0.00554   0.04164   0.02530   0.26687   0.19976   0.29158   0.26067   0.00000   0.12396   0.08441   0.02313   0.04657   0.00000   0.00788   0.00072   0.12399   0.12276   0.10753   0.23107   0.00000   0.00690   0.18307   0.23302   0.02242   0.20171   0.02533   0.00294   0.37734   0.00000   0.09294   0.03144   0.05349   0.03663   0.05826   0.24527   0.00604   0.00000   0.02989   0.03623   0.12196   0.14676   0.23129   0.18524   0.29583   0.35602   0.18944   0.20320   0.00000   0.19052   0.42756   0.11764   0.25739   0.11073   0.02419   0.02263   0.10281   0.06572   0.02291   0.40238   0.00622   0.00000   0.11562   0.00000   0.06311   0.07186   0.00770   0.06711   0.03464   0.04612   0.11964   0.07719   0.01494   0.01705   0.01420   0.03903   0.03126   0.00000   0.00000   0.00901   0.16207   0.00000   0.02675   0.03760   0.08394   0.17679   0.00000   0.00000   0.15067   0.14423   0.36589   0.23549   0.60817   0.79475   0.63476  
174 27.2996  12371.888671  x:  1.00282   0.00000   0.00000   1.29829   0.00000   0.28429   0.16830   0.06728   0.03396   0.34167   0.46747   0.00738   0.00000   0.00000   0.11816   0.11601   0.05027   0.02001   0.09102   0.25161   0.29012   0.19214   0.00000   0.00000   0.00000   0.00000   0.00520   0.00000   0.00522   0.00000   0.11742   0.01113   0.05189   0.14990   0.16081   0.01005   0.05515   0.06543   0.14007   0.14214   0.45465   0.09057   0.20761   0.13608   0.00974   0.00000   0.00000   0.23810   0.73807   0.28103   0.05655   0.15058   0.13201   0.19435   0.01042   0.00000   0.00553   0.04138   0.02568   0.26677   0.19919   0.29148   0.26061   0.00000   0.12396   0.08489   0.02305   0.04665   0.00000   0.00783   0.00071   0.12435   0.12277   0.10755   0.23130   0.00000   0.00695   0.18351   0.23313   0.02245   0.20168   0.02583   0.00295   0.37709   0.00000   0.09305   0.03126   0.05343   0.03655   0.05826   0.24528   0.00604   0.00000   0.02930   0.03664   0.12164   0.14659   0.23128   0.18548   0.29543   0.35584   0.18966   0.20326   0.00000   0.19030   0.42815   0.11757   0.25716   0.11094   0.02491   0.02221   0.10286   0.06550   0.02273   0.40372   0.00625   0.00000   0.11554   0.00000   0.06339   0.07190   0.00760   0.06677   0.03456   0.04667   0.11911   0.07725   0.01522   0.01693   0.01456   0.03904   0.03123   0.00000   0.00000   0.00899   0.16314   0.00000   0.02639   0.03758   0.08413   0.17669   0.00000   0.00000   0.14943   0.14475   0.36646   0.23550   0.60880   0.79542   0.63486  
175 24.8530  12371.872386  x:  1.01202   0.00000   0.00000   1.31361   0.00000   0.28307   0.16892   0.06719   0.03358   0.34145   0.46467   0.00743   0.00000   0.00000   0.11815   0.11589   0.05004   0.02005   0.09034   0.25158   0.28970   0.19206   0.00000   0.00000   0.00000   0.00000   0.00520   0.00000   0.00521   0.00000   0.11722   0.01117   0.05185   0.15030   0.16078   0.01007   0.05395   0.06565   0.13968   0.14234   0.45481   0.09097   0.20771   0.13643   0.00973   0.00000   0.00000   0.23880   0.74186   0.28097   0.05682   0.15123   0.13145   0.19426   0.01042   0.00000   0.00553   0.04156   0.02548   0.26677   0.19829   0.29143   0.26091   0.00000   0.12395   0.08495   0.02318   0.04649   0.00000   0.00782   0.00067   0.12504   0.12284   0.10781   0.23135   0.00000   0.00691   0.18431   0.23345   0.02241   0.20158   0.02546   0.00294   0.37614   0.00000   0.09314   0.03152   0.05333   0.03652   0.05825   0.24547   0.00604   0.00000   0.02994   0.03568   0.12142   0.14598   0.23123   0.18561   0.29512   0.35518   0.18992   0.20332   0.00000   0.19002   0.42818   0.11739   0.25707   0.11145   0.02451   0.02244   0.10277   0.06530   0.02258   0.40536   0.00602   0.00000   0.11552   0.00000   0.06354   0.07188   0.00762   0.06658   0.03463   0.04631   0.11866   0.07683   0.01477   0.01684   0.01456   0.03899   0.03136   0.00000   0.00000   0.00897   0.16429   0.00000   0.02604   0.03773   0.08428   0.17640   0.00000   0.00000   0.14774   0.14571   0.36645   0.23575   0.60950   0.79634   0.63504  
176 24.8790  12371.864166  x:  1.01676   0.00000   0.00000   1.32182   0.00000   0.28205   0.16939   0.06721   0.03369   0.34133   0.46297   0.00789   0.00000   0.00000   0.11823   0.11581   0.05012   0.02008   0.09006   0.25156   0.28968   0.19205   0.00000   0.00000   0.00000   0.00000   0.00521   0.00000   0.00521   0.00000   0.11720   0.01118   0.05165   0.15037   0.16077   0.01007   0.05391   0.06614   0.13969   0.14233   0.45441   0.09066   0.20771   0.13644   0.00975   0.00000   0.00000   0.23910   0.74379   0.28072   0.05642   0.15164   0.13148   0.19425   0.01042   0.00000   0.00553   0.04172   0.02542   0.26689   0.19815   0.29148   0.26121   0.00000   0.12395   0.08453   0.02295   0.04652   0.00000   0.00783   0.00068   0.12507   0.12283   0.10788   0.23118   0.00000   0.00690   0.18449   0.23363   0.02245   0.20154   0.02547   0.00295   0.37548   0.00000   0.09308   0.03129   0.05344   0.03663   0.05824   0.24559   0.00603   0.00000   0.02988   0.03600   0.12163   0.14582   0.23118   0.18548   0.29520   0.35474   0.18989   0.20331   0.00000   0.19001   0.42769   0.11735   0.25719   0.11151   0.02448   0.02257   0.10267   0.06544   0.02268   0.40584   0.00609   0.00000   0.11557   0.00000   0.06333   0.07186   0.00761   0.06682   0.03470   0.04581   0.11884   0.07662   0.01568   0.01725   0.01421   0.03901   0.03128   0.00000   0.00000   0.00897   0.16434   0.00000   0.02602   0.03771   0.08417   0.17625   0.00000   0.00000   0.14697   0.14601   0.36596   0.23595   0.60943   0.79676   0.63514  
177 21.4026  12371.853743  x:  1.02265   0.00000   0.00000   1.33229   0.00000   0.28046   0.17008   0.06730   0.03404   0.34118   0.46061   0.00837   0.00000   0.00000   0.11836   0.11575   0.05029   0.02009   0.08994   0.25154   0.28982   0.19208   0.00000   0.00000   0.00000   0.00000   0.00520   0.00000   0.00521   0.00000   0.11726   0.01119   0.05153   0.15031   0.16078   0.01007   0.05437   0.06656   0.13987   0.14224   0.45355   0.09005   0.20767   0.13630   0.00977   0.00000   0.00000   0.23934   0.74605   0.28030   0.05591   0.15203   0.13177   0.19428   0.01042   0.00000   0.00551   0.04175   0.02549   0.26709   0.19830   0.29157   0.26162   0.00000   0.12394   0.08399   0.02313   0.04663   0.00000   0.00784   0.00070   0.12480   0.12278   0.10787   0.23085   0.00000   0.00691   0.18445   0.23382   0.02240   0.20152   0.02562   0.00297   0.37461   0.00000   0.09295   0.03122   0.05355   0.03665   0.05825   0.24573   0.00603   0.00000   0.02954   0.03658   0.12206   0.14583   0.23113   0.18518   0.29551   0.35417   0.18974   0.20328   0.00000   0.19014   0.42664   0.11712   0.25746   0.11138   0.02461   0.02239   0.10255   0.06567   0.02286   0.40606   0.00608   0.00000   0.11566   0.00000   0.06296   0.07183   0.00762   0.06721   0.03474   0.04542   0.11936   0.07649   0.01489   0.01685   0.01456   0.03905   0.03119   0.00000   0.00000   0.00898   0.16391   0.00000   0.02615   0.03761   0.08395   0.17611   0.00000   0.00000   0.14611   0.14611   0.36498   0.23620   0.60900   0.79721   0.63526  
178 31.2623  12371.842967  x:  1.02868   0.00000   0.00000   1.34356   0.00000   0.27838   0.17096   0.06743   0.03454   0.34103   0.45776   0.00805   0.00000   0.00000   0.11838   0.11578   0.05019   0.02004   0.09032   0.25156   0.29023   0.19214   0.00000   0.00000   0.00000   0.00000   0.00520   0.00000   0.00521   0.00000   0.11739   0.01117   0.05193   0.15004   0.16080   0.01006   0.05467   0.06586   0.14018   0.14208   0.45225   0.08979   0.20759   0.13610   0.00975   0.00000   0.00000   0.23923   0.74791   0.27982   0.05629   0.15197   0.13229   0.19435   0.01042   0.00000   0.00552   0.04141   0.02555   0.26733   0.19892   0.29171   0.26195   0.00000   0.12395   0.08420   0.02317   0.04654   0.00000   0.00785   0.00074   0.12425   0.12273   0.10773   0.23046   0.00000   0.00697   0.18399   0.23385   0.02222   0.20157   0.02547   0.00299   0.37390   0.00000   0.09284   0.03177   0.05336   0.03642   0.05828   0.24582   0.00603   0.00000   0.02976   0.03597   0.12232   0.14612   0.23109   0.18483   0.29606   0.35376   0.18946   0.20321   0.00000   0.19040   0.42487   0.11634   0.25781   0.11104   0.02464   0.02238   0.10256   0.06567   0.02289   0.40560   0.00591   0.00000   0.11576   0.00000   0.06291   0.07185   0.00761   0.06725   0.03462   0.04610   0.12004   0.07671   0.01514   0.01701   0.01442   0.03902   0.03135   0.00000   0.00000   0.00900   0.16282   0.00000   0.02651   0.03757   0.08378   0.17611   0.00000   0.00000   0.14541   0.14570   0.36359   0.23633   0.60825   0.79758   0.63537  
179 20.2256  12371.838391  x:  1.03113   0.00000   0.00000   1.34852   0.00000   0.27731   0.17140   0.06745   0.03462   0.34097   0.45633   0.00826   0.00000   0.00000   0.11832   0.11585   0.05011   0.02005   0.09055   0.25156   0.29045   0.19218   0.00000   0.00000   0.00000   0.00000   0.00520   0.00000   0.00521   0.00000   0.11741   0.01118   0.05180   0.14994   0.16081   0.01007   0.05432   0.06562   0.14021   0.14206   0.45165   0.09014   0.20758   0.13610   0.00974   0.00000   0.00000   0.23900   0.74826   0.27974   0.05654   0.15167   0.13233   0.19438   0.01042   0.00000   0.00552   0.04156   0.02542   0.26737   0.19925   0.29177   0.26193   0.00000   0.12395   0.08458   0.02296   0.04652   0.00000   0.00786   0.00074   0.12416   0.12274   0.10770   0.23037   0.00000   0.00693   0.18373   0.23378   0.02254   0.20163   0.02552   0.00298   0.37384   0.00000   0.09290   0.03105   0.05338   0.03666   0.05823   0.24580   0.00602   0.00000   0.02985   0.03601   0.12218   0.14630   0.23109   0.18479   0.29629   0.35377   0.18938   0.20319   0.00000   0.19050   0.42377   0.11625   0.25794   0.11095   0.02450   0.02250   0.10270   0.06563   0.02293   0.40504   0.00631   0.00000   0.11575   0.00000   0.06314   0.07185   0.00761   0.06703   0.03460   0.04634   0.12013   0.07688   0.01501   0.01695   0.01440   0.03900   0.03129   0.00000   0.00000   0.00900   0.16221   0.00000   0.02674   0.03765   0.08385   0.17621   0.00000   0.00000   0.14526   0.14537   0.36299   0.23627   0.60805   0.79766   0.63540  
180 14.2620  12371.833874  x:  1.03340   0.00000   0.00000   1.35366   0.00000   0.27604   0.17191   0.06742   0.03449   0.34091   0.45462   0.00870   0.00000   0.00000   0.11822   0.11592   0.05013   0.02002   0.09064   0.25156   0.29066   0.19220   0.00000   0.00000   0.00000   0.00000   0.00520   0.00000   0.00521   0.00000   0.11735   0.01119   0.05155   0.14994   0.16082   0.01007   0.05400   0.06585   0.14011   0.14212   0.45110   0.09072   0.20758   0.13618   0.00974   0.00000   0.00000   0.23862   0.74799   0.27983   0.05652   0.15120   0.13209   0.19440   0.01042   0.00000   0.00551   0.04179   0.02540   0.26734   0.19950   0.29180   0.26170   0.00000   0.12396   0.08487   0.02335   0.04660   0.00000   0.00786   0.00072   0.12431   0.12280   0.10774   0.23044   0.00000   0.00693   0.18347   0.23361   0.02249   0.20169   0.02551   0.00298   0.37412   0.00000   0.09304   0.03142   0.05346   0.03670   0.05826   0.24569   0.00602   0.00000   0.02967   0.03629   0.12182   0.14642   0.23113   0.18492   0.29646   0.35403   0.18938   0.20320   0.00000   0.19052   0.42225   0.11637   0.25799   0.11098   0.02458   0.02242   0.10291   0.06559   0.02305   0.40404   0.00602   0.00000   0.11568   0.00000   0.06345   0.07183   0.00762   0.06676   0.03464   0.04617   0.11991   0.07700   0.01512   0.01702   0.01447   0.03901   0.03121   0.00000   0.00000   0.00900   0.16160   0.00000   0.02697   0.03774   0.08403   0.17639   0.00000   0.00000   0.14529   0.14491   0.36251   0.23610   0.60811   0.79763   0.63539  
181 11.5844  12371.830319  x:  1.03503   0.00000   0.00000   1.35784   0.00000   0.27494   0.17235   0.06737   0.03426   0.34088   0.45307   0.00863   0.00000   0.00000   0.11818   0.11594   0.05020   0.02003   0.09053   0.25154   0.29077   0.19222   0.00000   0.00000   0.00000   0.00000   0.00520   0.00000   0.00521   0.00000   0.11729   0.01118   0.05168   0.15002   0.16082   0.01007   0.05422   0.06617   0.13998   0.14220   0.45080   0.09088   0.20759   0.13624   0.00975   0.00000   0.00000   0.23833   0.74730   0.28003   0.05634   0.15094   0.13182   0.19439   0.01042   0.00000   0.00552   0.04162   0.02547   0.26726   0.19954   0.29179   0.26143   0.00000   0.12396   0.08470   0.02276   0.04655   0.00000   0.00784   0.00069   0.12455   0.12284   0.10780   0.23061   0.00000   0.00695   0.18337   0.23345   0.02228   0.20173   0.02550   0.00297   0.37456   0.00000   0.09309   0.03160   0.05345   0.03645   0.05828   0.24557   0.00602   0.00000   0.02970   0.03622   0.12159   0.14639   0.23117   0.18513   0.29650   0.35437   0.18946   0.20321   0.00000   0.19047   0.42079   0.11634   0.25793   0.11109   0.02461   0.02241   0.10296   0.06556   0.02317   0.40303   0.00624   0.00000   0.11561   0.00000   0.06348   0.07183   0.00762   0.06672   0.03469   0.04587   0.11957   0.07696   0.01502   0.01691   0.01438   0.03902   0.03128   0.00000   0.00000   0.00900   0.16127   0.00000   0.02709   0.03771   0.08415   0.17654   0.00000   0.00000   0.14549   0.14466   0.36230   0.23592   0.60834   0.79754   0.63537  
182 11.4773  12371.826967  x:  1.03645   0.00000   0.00000   1.36195   0.00000   0.27383   0.17280   0.06731   0.03402   0.34086   0.45143   0.00835   0.00000   0.00000   0.11819   0.11590   0.05022   0.02006   0.09034   0.25152   0.29079   0.19221   0.00000   0.00000   0.00000   0.00000   0.00520   0.00000   0.00521   0.00000   0.11726   0.01117   0.05189   0.15012   0.16081   0.01006   0.05454   0.06622   0.13988   0.14225   0.45068   0.09065   0.20759   0.13625   0.00975   0.00000   0.00000   0.23815   0.74627   0.28028   0.05626   0.15092   0.13165   0.19437   0.01042   0.00000   0.00553   0.04141   0.02549   0.26715   0.19942   0.29176   0.26116   0.00000   0.12396   0.08438   0.02327   0.04654   0.00000   0.00784   0.00067   0.12476   0.12285   0.10782   0.23082   0.00000   0.00692   0.18341   0.23333   0.02240   0.20174   0.02554   0.00296   0.37509   0.00000   0.09306   0.03125   0.05342   0.03645   0.05823   0.24547   0.00602   0.00000   0.02983   0.03602   0.12154   0.14628   0.23120   0.18533   0.29644   0.35474   0.18957   0.20324   0.00000   0.19038   0.41919   0.11624   0.25782   0.11119   0.02453   0.02246   0.10287   0.06558   0.02324   0.40196   0.00640   0.00000   0.11556   0.00000   0.06331   0.07187   0.00762   0.06686   0.03470   0.04576   0.11923   0.07684   0.01509   0.01701   0.01446   0.03903   0.03135   0.00000   0.00000   0.00901   0.16115   0.00000   0.02711   0.03765   0.08416   0.17665   0.00000   0.00000   0.14580   0.14457   0.36226   0.23577   0.60863   0.79738   0.63534  
183 13.1926  12371.823941  x:  1.03753   0.00000   0.00000   1.36577   0.00000   0.27284   0.17322   0.06728   0.03391   0.34085   0.44978   0.00839   0.00000   0.00000   0.11827   0.11583   0.05014   0.02005   0.09021   0.25151   0.29070   0.19218   0.00000   0.00000   0.00000   0.00000   0.00520   0.00000   0.00521   0.00000   0.11730   0.01118   0.05178   0.15017   0.16080   0.01006   0.05441   0.06583   0.13988   0.14224   0.45080   0.09016   0.20760   0.13620   0.00974   0.00000   0.00000   0.23820   0.74492   0.28049   0.05645   0.15124   0.13175   0.19434   0.01042   0.00000   0.00553   0.04159   0.02543   0.26704   0.19917   0.29172   0.26100   0.00000   0.12395   0.08424   0.02304   0.04654   0.00000   0.00784   0.00067   0.12478   0.12280   0.10777   0.23102   0.00000   0.00688   0.18360   0.23331   0.02263   0.20170   0.02552   0.00296   0.37558   0.00000   0.09299   0.03136   0.05343   0.03679   0.05820   0.24543   0.00602   0.00000   0.02973   0.03608   0.12179   0.14614   0.23121   0.18543   0.29628   0.35503   0.18966   0.20326   0.00000   0.19029   0.41758   0.11634   0.25766   0.11120   0.02456   0.02244   0.10268   0.06567   0.02321   0.40100   0.00607   0.00000   0.11557   0.00000   0.06307   0.07193   0.00762   0.06707   0.03464   0.04605   0.11911   0.07672   0.01510   0.01692   0.01448   0.03901   0.03125   0.00000   0.00000   0.00901   0.16135   0.00000   0.02702   0.03765   0.08403   0.17665   0.00000   0.00000   0.14627   0.14470   0.36245   0.23571   0.60883   0.79717   0.63529  
184  9.1407  12371.822252  x:  1.03800   0.00000   0.00000   1.36802   0.00000   0.27231   0.17346   0.06729   0.03396   0.34086   0.44876   0.00858   0.00000   0.00000   0.11831   0.11581   0.05014   0.02006   0.09026   0.25152   0.29059   0.19215   0.00000   0.00000   0.00000   0.00000   0.00520   0.00000   0.00521   0.00000   0.11734   0.01118   0.05166   0.15015   0.16079   0.01007   0.05423   0.06573   0.13995   0.14220   0.45103   0.09004   0.20761   0.13618   0.00974   0.00000   0.00000   0.23837   0.74394   0.28054   0.05651   0.15149   0.13193   0.19433   0.01042   0.00000   0.00552   0.04169   0.02547   0.26701   0.19900   0.29169   0.26102   0.00000   0.12395   0.08440   0.02314   0.04657   0.00000   0.00783   0.00068   0.12465   0.12276   0.10773   0.23107   0.00000   0.00692   0.18373   0.23335   0.02236   0.20165   0.02550   0.00296   0.37579   0.00000   0.09294   0.03147   0.05340   0.03656   0.05828   0.24544   0.00602   0.00000   0.02969   0.03617   0.12200   0.14610   0.23121   0.18539   0.29615   0.35511   0.18967   0.20326   0.00000   0.19026   0.41660   0.11645   0.25758   0.11117   0.02459   0.02241   0.10260   0.06569   0.02319   0.40061   0.00648   0.00000   0.11561   0.00000   0.06307   0.07193   0.00761   0.06710   0.03462   0.04620   0.11921   0.07672   0.01507   0.01699   0.01444   0.03901   0.03125   0.00000   0.00000   0.00900   0.16166   0.00000   0.02692   0.03770   0.08394   0.17659   0.00000   0.00000   0.14667   0.14493   0.36269   0.23574   0.60882   0.79700   0.63527  
185  7.4398  12371.820619  x:  1.03825   0.00000   0.00000   1.37032   0.00000   0.27187   0.17369   0.06734   0.03415   0.34088   0.44766   0.00863   0.00000   0.00000   0.11831   0.11584   0.05019   0.02005   0.09043   0.25155   0.29044   0.19213   0.00000   0.00000   0.00000   0.00000   0.00520   0.00000   0.00521   0.00000   0.11737   0.01118   0.05173   0.15007   0.16079   0.01007   0.05425   0.06599   0.14008   0.14213   0.45142   0.09029   0.20762   0.13620   0.00975   0.00000   0.00000   0.23866   0.74278   0.28047   0.05636   0.15167   0.13213   0.19433   0.01042   0.00000   0.00552   0.04155   0.02550   0.26703   0.19889   0.29165   0.26119   0.00000   0.12395   0.08470   0.02309   0.04656   0.00000   0.00784   0.00071   0.12442   0.12275   0.10770   0.23099   0.00000   0.00694   0.18386   0.23346   0.02232   0.20160   0.02559   0.00296   0.37581   0.00000   0.09295   0.03127   0.05341   0.03640   0.05830   0.24552   0.00601   0.00000   0.02978   0.03614   0.12210   0.14615   0.23119   0.18522   0.29600   0.35504   0.18962   0.20325   0.00000   0.19029   0.41559   0.11643   0.25753   0.11112   0.02455   0.02245   0.10264   0.06561   0.02319   0.40045   0.00617   0.00000   0.11567   0.00000   0.06327   0.07187   0.00762   0.06697   0.03464   0.04611   0.11951   0.07682   0.01509   0.01695   0.01446   0.03902   0.03133   0.00000   0.00000   0.00899   0.16212   0.00000   0.02676   0.03775   0.08389   0.17645   0.00000   0.00000   0.14722   0.14519   0.36306   0.23587   0.60863   0.79678   0.63524  
186  5.3817  12371.819851  x:  1.03824   0.00000   0.00000   1.37148   0.00000   0.27173   0.17378   0.06736   0.03426   0.34090   0.44708   0.00855   0.00000   0.00000   0.11829   0.11586   0.05019   0.02004   0.09049   0.25156   0.29037   0.19213   0.00000   0.00000   0.00000   0.00000   0.00520   0.00000   0.00521   0.00000   0.11736   0.01118   0.05178   0.15003   0.16080   0.01007   0.05434   0.06606   0.14011   0.14212   0.45166   0.09046   0.20762   0.13621   0.00975   0.00000   0.00000   0.23879   0.74216   0.28038   0.05631   0.15162   0.13214   0.19434   0.01042   0.00000   0.00552   0.04154   0.02547   0.26707   0.19891   0.29165   0.26132   0.00000   0.12395   0.08467   0.02310   0.04655   0.00000   0.00785   0.00072   0.12436   0.12277   0.10772   0.23088   0.00000   0.00692   0.18390   0.23353   0.02250   0.20158   0.02552   0.00296   0.37571   0.00000   0.09300   0.03144   0.05345   0.03667   0.05824   0.24558   0.00601   0.00000   0.02973   0.03609   0.12203   0.14620   0.23118   0.18510   0.29595   0.35494   0.18957   0.20323   0.00000   0.19033   0.41511   0.11633   0.25755   0.11112   0.02458   0.02243   0.10271   0.06556   0.02319   0.40056   0.00633   0.00000   0.11569   0.00000   0.06333   0.07185   0.00762   0.06690   0.03466   0.04600   0.11966   0.07687   0.01507   0.01698   0.01443   0.03902   0.03129   0.00000   0.00000   0.00899   0.16234   0.00000   0.02668   0.03772   0.08392   0.17638   0.00000   0.00000   0.14759   0.14529   0.36326   0.23595   0.60851   0.79664   0.63522  
187  4.3629  12371.819019  x:  1.03795   0.00000   0.00000   1.37291   0.00000   0.27173   0.17386   0.06737   0.03431   0.34096   0.44637   0.00857   0.00000   0.00000   0.11823   0.11588   0.05012   0.02005   0.09044   0.25156   0.29031   0.19216   0.00000   0.00000   0.00000   0.00000   0.00520   0.00000   0.00521   0.00000   0.11731   0.01118   0.05171   0.15003   0.16081   0.01007   0.05436   0.06585   0.14004   0.14216   0.45196   0.09050   0.20761   0.13620   0.00975   0.00000   0.00000   0.23885   0.74143   0.28021   0.05642   0.15135   0.13197   0.19436   0.01042   0.00000   0.00552   0.04169   0.02546   0.26714   0.19907   0.29166   0.26150   0.00000   0.12396   0.08432   0.02311   0.04656   0.00000   0.00784   0.00072   0.12445   0.12282   0.10780   0.23068   0.00000   0.00695   0.18383   0.23359   0.02236   0.20160   0.02548   0.00296   0.37539   0.00000   0.09303   0.03135   0.05339   0.03657   0.05822   0.24564   0.00601   0.00000   0.02973   0.03612   0.12179   0.14628   0.23116   0.18500   0.29595   0.35471   0.18951   0.20322   0.00000   0.19039   0.41462   0.11621   0.25763   0.11114   0.02457   0.02243   0.10282   0.06559   0.02313   0.40104   0.00625   0.00000   0.11567   0.00000   0.06323   0.07186   0.00762   0.06691   0.03466   0.04596   0.11972   0.07687   0.01508   0.01697   0.01444   0.03901   0.03122   0.00000   0.00000   0.00900   0.16250   0.00000   0.02662   0.03763   0.08404   0.17632   0.00000   0.00000   0.14820   0.14523   0.36347   0.23605   0.60838   0.79642   0.63520  
188  2.5703  12371.818525  x:  1.03758   0.00000   0.00000   1.37387   0.00000   0.27185   0.17388   0.06736   0.03426   0.34100   0.44591   0.00873   0.00000   0.00000   0.11824   0.11588   0.05018   0.02003   0.09038   0.25155   0.29033   0.19218   0.00000   0.00000   0.00000   0.00000   0.00520   0.00000   0.00521   0.00000   0.11730   0.01118   0.05174   0.15006   0.16081   0.01007   0.05429   0.06588   0.13998   0.14219   0.45210   0.09037   0.20760   0.13618   0.00975   0.00000   0.00000   0.23879   0.74103   0.28012   0.05643   0.15122   0.13188   0.19437   0.01042   0.00000   0.00552   0.04154   0.02545   0.26719   0.19918   0.29168   0.26156   0.00000   0.12395   0.08438   0.02311   0.04655   0.00000   0.00785   0.00071   0.12454   0.12282   0.10780   0.23059   0.00000   0.00693   0.18376   0.23360   0.02248   0.20164   0.02563   0.00296   0.37513   0.00000   0.09300   0.03143   0.05344   0.03654   0.05827   0.24565   0.00601   0.00000   0.02980   0.03616   0.12175   0.14628   0.23116   0.18500   0.29599   0.35456   0.18950   0.20322   0.00000   0.19041   0.41438   0.11620   0.25769   0.11113   0.02455   0.02245   0.10280   0.06563   0.02309   0.40151   0.00627   0.00000   0.11565   0.00000   0.06317   0.07188   0.00762   0.06696   0.03465   0.04607   0.11964   0.07682   0.01508   0.01697   0.01444   0.03902   0.03135   0.00000   0.00000   0.00899   0.16247   0.00000   0.02664   0.03768   0.08408   0.17633   0.00000   0.00000   0.14871   0.14513   0.36353   0.23607   0.60839   0.79625   0.63519  
189  2.3295  12371.818055  x:  1.03707   0.00000   0.00000   1.37489   0.00000   0.27204   0.17387   0.06734   0.03417   0.34107   0.44546   0.00876   0.00000   0.00000   0.11827   0.11585   0.05021   0.02007   0.09035   0.25155   0.29037   0.19219   0.00000   0.00000   0.00000   0.00000   0.00520   0.00000   0.00521   0.00000   0.11732   0.01118   0.05177   0.15010   0.16081   0.01007   0.05428   0.06600   0.13995   0.14221   0.45217   0.09024   0.20759   0.13618   0.00975   0.00000   0.00000   0.23868   0.74073   0.28008   0.05639   0.15121   0.13186   0.19437   0.01042   0.00000   0.00552   0.04151   0.02548   0.26722   0.19924   0.29170   0.26155   0.00000   0.12395   0.08459   0.02310   0.04655   0.00000   0.00785   0.00070   0.12459   0.12279   0.10776   0.23057   0.00000   0.00694   0.18370   0.23357   0.02239   0.20167   0.02543   0.00297   0.37489   0.00000   0.09297   0.03135   0.05346   0.03662   0.05827   0.24564   0.00601   0.00000   0.02970   0.03610   0.12182   0.14623   0.23116   0.18508   0.29606   0.35444   0.18952   0.20323   0.00000   0.19040   0.41421   0.11613   0.25775   0.11111   0.02458   0.02242   0.10273   0.06564   0.02306   0.40206   0.00624   0.00000   0.11562   0.00000   0.06317   0.07189   0.00762   0.06701   0.03464   0.04613   0.11951   0.07679   0.01508   0.01697   0.01445   0.03903   0.03132   0.00000   0.00000   0.00899   0.16236   0.00000   0.02669   0.03773   0.08404   0.17638   0.00000   0.00000   0.14929   0.14501   0.36354   0.23605   0.60848   0.79607   0.63518  
190  2.8124  12371.817623  x:  1.03643   0.00000   0.00000   1.37592   0.00000   0.27231   0.17385   0.06732   0.03410   0.34114   0.44504   0.00866   0.00000   0.00000   0.11829   0.11583   0.05015   0.02002   0.09038   0.25155   0.29044   0.19218   0.00000   0.00000   0.00000   0.00000   0.00520   0.00000   0.00521   0.00000   0.11735   0.01118   0.05173   0.15011   0.16080   0.01007   0.05434   0.06602   0.13998   0.14219   0.45214   0.09027   0.20760   0.13620   0.00975   0.00000   0.00000   0.23857   0.74056   0.28011   0.05637   0.15134   0.13195   0.19436   0.01042   0.00000   0.00552   0.04168   0.02546   0.26721   0.19922   0.29172   0.26146   0.00000   0.12395   0.08466   0.02310   0.04656   0.00000   0.00784   0.00070   0.12456   0.12275   0.10772   0.23064   0.00000   0.00693   0.18366   0.23353   0.02242   0.20169   0.02556   0.00297   0.37474   0.00000   0.09295   0.03139   0.05339   0.03657   0.05824   0.24561   0.00601   0.00000   0.02978   0.03614   0.12196   0.14618   0.23116   0.18518   0.29613   0.35440   0.18956   0.20324   0.00000   0.19037   0.41413   0.11604   0.25777   0.11111   0.02456   0.02244   0.10267   0.06559   0.02305   0.40257   0.00623   0.00000   0.11562   0.00000   0.06325   0.07187   0.00762   0.06699   0.03465   0.04604   0.11941   0.07680   0.01508   0.01697   0.01445   0.03901   0.03119   0.00000   0.00000   0.00900   0.16218   0.00000   0.02674   0.03769   0.08396   0.17644   0.00000   0.00000   0.14993   0.14495   0.36348   0.23599   0.60860   0.79588   0.63518  
191  2.5256  12371.817175  x:  1.03556   0.00000   0.00000   1.37712   0.00000   0.27268   0.17380   0.06732   0.03409   0.34124   0.44463   0.00874   0.00000   0.00000   0.11829   0.11585   0.05014   0.02009   0.09045   0.25155   0.29051   0.19216   0.00000   0.00000   0.00000   0.00000   0.00520   0.00000   0.00521   0.00000   0.11735   0.01118   0.05173   0.15008   0.16080   0.01007   0.05433   0.06587   0.14005   0.14215   0.45201   0.09045   0.20761   0.13623   0.00975   0.00000   0.00000   0.23851   0.74055   0.28021   0.05640   0.15153   0.13207   0.19434   0.01042   0.00000   0.00552   0.04158   0.02543   0.26716   0.19911   0.29172   0.26134   0.00000   0.12395   0.08445   0.02310   0.04656   0.00000   0.00784   0.00070   0.12448   0.12275   0.10772   0.23081   0.00000   0.00692   0.18368   0.23349   0.02244   0.20168   0.02550   0.00297   0.37472   0.00000   0.09299   0.03139   0.05341   0.03656   0.05824   0.24557   0.00601   0.00000   0.02972   0.03614   0.12203   0.14616   0.23116   0.18527   0.29619   0.35443   0.18960   0.20324   0.00000   0.19033   0.41415   0.11610   0.25775   0.11113   0.02457   0.02243   0.10269   0.06557   0.02305   0.40298   0.00621   0.00000   0.11564   0.00000   0.06329   0.07185   0.00762   0.06692   0.03467   0.04595   0.11942   0.07685   0.01508   0.01697   0.01445   0.03901   0.03137   0.00000   0.00000   0.00900   0.16200   0.00000   0.02680   0.03764   0.08392   0.17649   0.00000   0.00000   0.15070   0.14499   0.36337   0.23591   0.60866   0.79566   0.63519  
192  2.3200  12371.816788  x:  1.03463   0.00000   0.00000   1.37826   0.00000   0.27304   0.17373   0.06734   0.03416   0.34134   0.44433   0.00876   0.00000   0.00000   0.11826   0.11588   0.05021   0.01991   0.09044   0.25154   0.29053   0.19213   0.00000   0.00000   0.00000   0.00000   0.00520   0.00000   0.00521   0.00000   0.11733   0.01118   0.05177   0.15004   0.16080   0.01007   0.05430   0.06590   0.14007   0.14213   0.45183   0.09047   0.20762   0.13621   0.00975   0.00000   0.00000   0.23855   0.74071   0.28031   0.05638   0.15156   0.13207   0.19434   0.01042   0.00000   0.00552   0.04153   0.02555   0.26711   0.19901   0.29171   0.26125   0.00000   0.12395   0.08437   0.02311   0.04656   0.00000   0.00784   0.00070   0.12445   0.12280   0.10777   0.23094   0.00000   0.00692   0.18373   0.23348   0.02239   0.20164   0.02551   0.00296   0.37486   0.00000   0.09302   0.03137   0.05347   0.03661   0.05827   0.24555   0.00600   0.00000   0.02978   0.03611   0.12193   0.14620   0.23117   0.18526   0.29619   0.35453   0.18960   0.20324   0.00000   0.19032   0.41427   0.11617   0.25771   0.11115   0.02457   0.02243   0.10276   0.06560   0.02304   0.40313   0.00620   0.00000   0.11567   0.00000   0.06322   0.07186   0.00762   0.06691   0.03465   0.04605   0.11953   0.07687   0.01508   0.01697   0.01444   0.03903   0.03123   0.00000   0.00000   0.00900   0.16192   0.00000   0.02683   0.03770   0.08397   0.17649   0.00000   0.00000   0.15143   0.14512   0.36325   0.23587   0.60862   0.79546   0.63520  
193  2.1818  12371.816313  x:  1.03337   0.00000   0.00000   1.37974   0.00000   0.27350   0.17364   0.06736   0.03426   0.34148   0.44401   0.00867   0.00000   0.00000   0.11823   0.11589   0.05022   0.02015   0.09041   0.25154   0.29052   0.19213   0.00000   0.00000   0.00000   0.00000   0.00520   0.00000   0.00521   0.00000   0.11729   0.01118   0.05177   0.15002   0.16080   0.01007   0.05429   0.06600   0.14006   0.14214   0.45160   0.09040   0.20762   0.13617   0.00975   0.00000   0.00000   0.23865   0.74100   0.28041   0.05636   0.15149   0.13200   0.19433   0.01042   0.00000   0.00552   0.04159   0.02547   0.26706   0.19892   0.29169   0.26120   0.00000   0.12395   0.08444   0.02310   0.04656   0.00000   0.00784   0.00070   0.12446   0.12284   0.10782   0.23104   0.00000   0.00692   0.18378   0.23348   0.02243   0.20161   0.02555   0.00296   0.37510   0.00000   0.09303   0.03139   0.05345   0.03657   0.05827   0.24555   0.00600   0.00000   0.02977   0.03611   0.12178   0.14625   0.23118   0.18520   0.29616   0.35467   0.18957   0.20324   0.00000   0.19033   0.41449   0.11619   0.25764   0.11115   0.02456   0.02244   0.10282   0.06563   0.02303   0.40314   0.00618   0.00000   0.11569   0.00000   0.06314   0.07188   0.00761   0.06694   0.03463   0.04616   0.11968   0.07686   0.01507   0.01697   0.01444   0.03903   0.03118   0.00000   0.00000   0.00899   0.16191   0.00000   0.02685   0.03774   0.08405   0.17647   0.00000   0.00000   0.15235   0.14528   0.36313   0.23585   0.60852   0.79522   0.63523  
194  4.0546  12371.815952  x:  1.03234   0.00000   0.00000   1.38092   0.00000   0.27384   0.17357   0.06737   0.03430   0.34160   0.44383   0.00862   0.00000   0.00000   0.11823   0.11587   0.05013   0.01999   0.09036   0.25154   0.29049   0.19213   0.00000   0.00000   0.00000   0.00000   0.00520   0.00000   0.00521   0.00000   0.11730   0.01118   0.05171   0.15003   0.16081   0.01007   0.05433   0.06599   0.14002   0.14217   0.45146   0.09031   0.20761   0.13616   0.00975   0.00000   0.00000   0.23873   0.74130   0.28043   0.05638   0.15137   0.13193   0.19434   0.01042   0.00000   0.00552   0.04164   0.02541   0.26704   0.19893   0.29167   0.26123   0.00000   0.12395   0.08457   0.02310   0.04656   0.00000   0.00784   0.00070   0.12450   0.12284   0.10780   0.23102   0.00000   0.00692   0.18380   0.23350   0.02244   0.20159   0.02550   0.00296   0.37530   0.00000   0.09300   0.03138   0.05339   0.03655   0.05824   0.24556   0.00600   0.00000   0.02971   0.03614   0.12176   0.14628   0.23118   0.18513   0.29611   0.35477   0.18955   0.20323   0.00000   0.19035   0.41470   0.11619   0.25760   0.11112   0.02457   0.02244   0.10280   0.06562   0.02305   0.40299   0.00619   0.00000   0.11568   0.00000   0.06317   0.07188   0.00761   0.06699   0.03464   0.04608   0.11972   0.07682   0.01507   0.01697   0.01444   0.03901   0.03137   0.00000   0.00000   0.00900   0.16198   0.00000   0.02682   0.03767   0.08406   0.17643   0.00000   0.00000   0.15306   0.14533   0.36308   0.23588   0.60844   0.79504   0.63525  
195  3.4023  12371.815569  x:  1.03114   0.00000   0.00000   1.38223   0.00000   0.27414   0.17350   0.06736   0.03426   0.34172   0.44376   0.00870   0.00000   0.00000   0.11828   0.11584   0.05013   0.02008   0.09037   0.25154   0.29044   0.19216   0.00000   0.00000   0.00000   0.00000   0.00520   0.00000   0.00521   0.00000   0.11734   0.01118   0.05173   0.15008   0.16081   0.01007   0.05434   0.06588   0.13998   0.14219   0.45141   0.09030   0.20761   0.13618   0.00974   0.00000   0.00000   0.23878   0.74168   0.28036   0.05643   0.15127   0.13190   0.19436   0.01042   0.00000   0.00552   0.04157   0.02555   0.26708   0.19906   0.29166   0.26133   0.00000   0.12395   0.08461   0.02310   0.04655   0.00000   0.00784   0.00070   0.12456   0.12278   0.10772   0.23087   0.00000   0.00694   0.18378   0.23353   0.02239   0.20160   0.02554   0.00296   0.37546   0.00000   0.09297   0.03139   0.05342   0.03663   0.05823   0.24559   0.00600   0.00000   0.02979   0.03613   0.12188   0.14625   0.23118   0.18507   0.29605   0.35482   0.18953   0.20323   0.00000   0.19039   0.41498   0.11622   0.25759   0.11108   0.02456   0.02244   0.10272   0.06559   0.02308   0.40263   0.00620   0.00000   0.11565   0.00000   0.06328   0.07186   0.00762   0.06699   0.03467   0.04593   0.11964   0.07679   0.01508   0.01697   0.01444   0.03901   0.03130   0.00000   0.00000   0.00900   0.16213   0.00000   0.02676   0.03760   0.08400   0.17638   0.00000   0.00000   0.15378   0.14527   0.36310   0.23595   0.60842   0.79487   0.63527  
196  2.8426  12371.815310  x:  1.03028   0.00000   0.00000   1.38316   0.00000   0.27429   0.17345   0.06735   0.03420   0.34182   0.44380   0.00871   0.00000   0.00000   0.11830   0.11584   0.05020   0.02004   0.09040   0.25155   0.29040   0.19217   0.00000   0.00000   0.00000   0.00000   0.00520   0.00000   0.00521   0.00000   0.11736   0.01118   0.05177   0.15011   0.16081   0.01007   0.05432   0.06590   0.13998   0.14219   0.45145   0.09036   0.20760   0.13621   0.00975   0.00000   0.00000   0.23876   0.74194   0.28027   0.05641   0.15128   0.13194   0.19437   0.01042   0.00000   0.00552   0.04156   0.02540   0.26712   0.19915   0.29166   0.26143   0.00000   0.12395   0.08450   0.02310   0.04656   0.00000   0.00784   0.00071   0.12456   0.12275   0.10770   0.23072   0.00000   0.00694   0.18376   0.23355   0.02244   0.20163   0.02552   0.00296   0.37549   0.00000   0.09297   0.03138   0.05344   0.03654   0.05828   0.24561   0.00599   0.00000   0.02971   0.03610   0.12197   0.14621   0.23117   0.18506   0.29602   0.35481   0.18953   0.20323   0.00000   0.19039   0.41519   0.11618   0.25762   0.11110   0.02457   0.02243   0.10268   0.06557   0.02308   0.40230   0.00622   0.00000   0.11563   0.00000   0.06329   0.07185   0.00762   0.06695   0.03466   0.04599   0.11954   0.07680   0.01508   0.01697   0.01445   0.03903   0.03121   0.00000   0.00000   0.00900   0.16225   0.00000   0.02671   0.03768   0.08396   0.17637   0.00000   0.00000   0.15423   0.14515   0.36316   0.23600   0.60846   0.79477   0.63529  
197  2.5736  12371.815144  x:  1.02968   0.00000   0.00000   1.38379   0.00000   0.27432   0.17343   0.06734   0.03416   0.34188   0.44391   0.00868   0.00000   0.00000   0.11829   0.11585   0.05019   0.02005   0.09043   0.25155   0.29039   0.19218   0.00000   0.00000   0.00000   0.00000   0.00520   0.00000   0.00521   0.00000   0.11734   0.01118   0.05174   0.15010   0.16080   0.01007   0.05431   0.06597   0.14001   0.14217   0.45156   0.09041   0.20760   0.13622   0.00975   0.00000   0.00000   0.23870   0.74210   0.28020   0.05638   0.15137   0.13199   0.19436   0.01042   0.00000   0.00552   0.04163   0.02548   0.26715   0.19920   0.29168   0.26147   0.00000   0.12395   0.08444   0.02310   0.04656   0.00000   0.00785   0.00071   0.12452   0.12276   0.10773   0.23064   0.00000   0.00694   0.18374   0.23354   0.02242   0.20165   0.02552   0.00296   0.37543   0.00000   0.09300   0.03138   0.05342   0.03659   0.05826   0.24562   0.00599   0.00000   0.02975   0.03613   0.12197   0.14619   0.23117   0.18509   0.29602   0.35476   0.18955   0.20323   0.00000   0.19038   0.41535   0.11614   0.25766   0.11114   0.02457   0.02244   0.10271   0.06557   0.02308   0.40203   0.00624   0.00000   0.11562   0.00000   0.06323   0.07186   0.00762   0.06692   0.03464   0.04610   0.11948   0.07683   0.01508   0.01697   0.01445   0.03902   0.03132   0.00000   0.00000   0.00899   0.16230   0.00000   0.02670   0.03774   0.08396   0.17638   0.00000   0.00000   0.15447   0.14506   0.36324   0.23602   0.60852   0.79473   0.63530  
198  1.8073  12371.814983  x:  1.02904   0.00000   0.00000   1.38446   0.00000   0.27423   0.17343   0.06733   0.03415   0.34195   0.44418   0.00871   0.00000   0.00000   0.11824   0.11587   0.05011   0.02004   0.09042   0.25155   0.29040   0.19217   0.00000   0.00000   0.00000   0.00000   0.00520   0.00000   0.00521   0.00000   0.11731   0.01118   0.05173   0.15005   0.16080   0.01007   0.05432   0.06596   0.14005   0.14215   0.45175   0.09037   0.20760   0.13619   0.00975   0.00000   0.00000   0.23861   0.74220   0.28016   0.05639   0.15148   0.13202   0.19435   0.01042   0.00000   0.00552   0.04155   0.02545   0.26718   0.19915   0.29170   0.26146   0.00000   0.12395   0.08453   0.02310   0.04655   0.00000   0.00785   0.00071   0.12446   0.12281   0.10781   0.23064   0.00000   0.00694   0.18374   0.23353   0.02240   0.20167   0.02554   0.00296   0.37525   0.00000   0.09302   0.03138   0.05340   0.03659   0.05823   0.24560   0.00599   0.00000   0.02974   0.03612   0.12186   0.14620   0.23117   0.18515   0.29605   0.35467   0.18957   0.20324   0.00000   0.19036   0.41551   0.11615   0.25772   0.11117   0.02457   0.02244   0.10277   0.06562   0.02309   0.40177   0.00625   0.00000   0.11565   0.00000   0.06317   0.07189   0.00762   0.06696   0.03465   0.04606   0.11949   0.07685   0.01508   0.01697   0.01445   0.03900   0.03126   0.00000   0.00000   0.00900   0.16228   0.00000   0.02670   0.03765   0.08400   0.17642   0.00000   0.00000   0.15462   0.14500   0.36334   0.23600   0.60858   0.79472   0.63531  
199  1.1093  12371.814857  x:  1.02849   0.00000   0.00000   1.38501   0.00000   0.27406   0.17344   0.06734   0.03418   0.34200   0.44450   0.00867   0.00000   0.00000   0.11824   0.11588   0.05021   0.02005   0.09040   0.25155   0.29042   0.19215   0.00000   0.00000   0.00000   0.00000   0.00520   0.00000   0.00521   0.00000   0.11731   0.01118   0.05177   0.15004   0.16080   0.01007   0.05431   0.06590   0.14005   0.14215   0.45191   0.09034   0.20760   0.13617   0.00975   0.00000   0.00000   0.23857   0.74222   0.28017   0.05639   0.15149   0.13199   0.19434   0.01042   0.00000   0.00552   0.04162   0.02550   0.26718   0.19908   0.29171   0.26141   0.00000   0.12395   0.08456   0.02310   0.04656   0.00000   0.00785   0.00071   0.12445   0.12282   0.10780   0.23071   0.00000   0.00692   0.18376   0.23351   0.02246   0.20166   0.02549   0.00296   0.37507   0.00000   0.09299   0.03138   0.05345   0.03654   0.05827   0.24559   0.00599   0.00000   0.02975   0.03614   0.12182   0.14623   0.23117   0.18518   0.29608   0.35459   0.18957   0.20324   0.00000   0.19034   0.41563   0.11615   0.25773   0.11113   0.02457   0.02244   0.10277   0.06561   0.02309   0.40161   0.00625   0.00000   0.11567   0.00000   0.06322   0.07188   0.00762   0.06698   0.03466   0.04599   0.11954   0.07684   0.01508   0.01697   0.01444   0.03903   0.03128   0.00000   0.00000   0.00900   0.16221   0.00000   0.02673   0.03767   0.08403   0.17645   0.00000   0.00000   0.15465   0.14502   0.36340   0.23596   0.60858   0.79475   0.63532  
200  1.1199  12371.814724  x:  1.02788   0.00000   0.00000   1.38562   0.00000   0.27382   0.17346   0.06735   0.03422   0.34206   0.44493   0.00864   0.00000   0.00000   0.11827   0.11585   0.05021   0.02005   0.09038   0.25154   0.29045   0.19214   0.00000   0.00000   0.00000   0.00000   0.00520   0.00000   0.00521   0.00000   0.11734   0.01118   0.05174   0.15005   0.16080   0.01007   0.05432   0.06591   0.14002   0.14217   0.45206   0.09034   0.20761   0.13617   0.00975   0.00000   0.00000   0.23858   0.74219   0.28022   0.05639   0.15142   0.13194   0.19434   0.01042   0.00000   0.00552   0.04161   0.02543   0.26716   0.19901   0.29171   0.26134   0.00000   0.12395   0.08450   0.02310   0.04656   0.00000   0.00784   0.00070   0.12449   0.12280   0.10774   0.23082   0.00000   0.00693   0.18375   0.23350   0.02237   0.20164   0.02556   0.00296   0.37491   0.00000   0.09297   0.03138   0.05344   0.03661   0.05827   0.24557   0.00599   0.00000   0.02974   0.03612   0.12185   0.14625   0.23117   0.18518   0.29612   0.35452   0.18956   0.20324   0.00000   0.19034   0.41576   0.11618   0.25773   0.11108   0.02457   0.02243   0.10272   0.06558   0.02308   0.40152   0.00625   0.00000   0.11567   0.00000   0.06329   0.07186   0.00762   0.06696   0.03465   0.04602   0.11960   0.07681   0.01508   0.01697   0.01444   0.03903   0.03130   0.00000   0.00000   0.00899   0.16212   0.00000   0.02677   0.03773   0.08402   0.17646   0.00000   0.00000   0.15461   0.14508   0.36344   0.23592   0.60854   0.79480   0.63533  
201  1.4393  12371.814613  x:  1.02736   0.00000   0.00000   1.38615   0.00000   0.27358   0.17349   0.06736   0.03424   0.34211   0.44535   0.00865   0.00000   0.00000   0.11828   0.11584   0.05012   0.02005   0.09039   0.25154   0.29047   0.19214   0.00000   0.00000   0.00000   0.00000   0.00520   0.00000   0.00521   0.00000   0.11735   0.01118   0.05172   0.15008   0.16080   0.01007   0.05432   0.06597   0.13999   0.14218   0.45212   0.09037   0.20761   0.13619   0.00975   0.00000   0.00000   0.23862   0.74212   0.28026   0.05639   0.15134   0.13193   0.19434   0.01042   0.00000   0.00552   0.04157   0.02549   0.26713   0.19901   0.29171   0.26131   0.00000   0.12395   0.08447   0.02310   0.04655   0.00000   0.00784   0.00069   0.12454   0.12277   0.10771   0.23089   0.00000   0.00692   0.18375   0.23350   0.02244   0.20162   0.02551   0.00297   0.37484   0.00000   0.09297   0.03139   0.05339   0.03657   0.05824   0.24557   0.00598   0.00000   0.02975   0.03613   0.12192   0.14624   0.23116   0.18516   0.29613   0.35450   0.18955   0.20323   0.00000   0.19035   0.41585   0.11623   0.25771   0.11108   0.02457   0.02243   0.10270   0.06558   0.02309   0.40153   0.00625   0.00000   0.11566   0.00000   0.06327   0.07186   0.00762   0.06693   0.03465   0.04608   0.11962   0.07680   0.01508   0.01697   0.01444   0.03900   0.03127   0.00000   0.00000   0.00900   0.16206   0.00000   0.02678   0.03771   0.08399   0.17646   0.00000   0.00000   0.15452   0.14514   0.36344   0.23590   0.60850   0.79486   0.63533  
202  1.4919  12371.814418  x:  1.02641   0.00000   0.00000   1.38709   0.00000   0.27311   0.17354   0.06735   0.03421   0.34220   0.44618   0.00857   0.00000   0.00000   0.11828   0.11586   0.05017   0.02004   0.09044   0.25155   0.29048   0.19216   0.00000   0.00000   0.00000   0.00000   0.00520   0.00000   0.00521   0.00000   0.11733   0.01117   0.05179   0.15011   0.16081   0.01007   0.05430   0.06596   0.13999   0.14218   0.45207   0.09042   0.20761   0.13623   0.00974   0.00000   0.00000   0.23873   0.74193   0.28032   0.05641   0.15130   0.13199   0.19436   0.01042   0.00000   0.00552   0.04162   0.02546   0.26710   0.19910   0.29169   0.26132   0.00000   0.12395   0.08453   0.02310   0.04657   0.00000   0.00784   0.00069   0.12458   0.12277   0.10775   0.23091   0.00000   0.00693   0.18371   0.23352   0.02241   0.20162   0.02553   0.00296   0.37491   0.00000   0.09302   0.03138   0.05347   0.03657   0.05826   0.24559   0.00598   0.00000   0.02975   0.03612   0.12199   0.14619   0.23116   0.18512   0.29613   0.35454   0.18954   0.20323   0.00000   0.19039   0.41595   0.11630   0.25764   0.11119   0.02457   0.02243   0.10274   0.06562   0.02310   0.40172   0.00624   0.00000   0.11562   0.00000   0.06313   0.07188   0.00762   0.06695   0.03465   0.04606   0.11953   0.07685   0.01508   0.01697   0.01445   0.03902   0.03129   0.00000   0.00000   0.00901   0.16204   0.00000   0.02678   0.03760   0.08393   0.17640   0.00000   0.00000   0.15422   0.14518   0.36336   0.23594   0.60846   0.79499   0.63534  
203  1.2450  12371.814270  x:  1.02569   0.00000   0.00000   1.38780   0.00000   0.27277   0.17358   0.06734   0.03417   0.34226   0.44682   0.00852   0.00000   0.00000   0.11826   0.11588   0.05020   0.02004   0.09043   0.25155   0.29046   0.19218   0.00000   0.00000   0.00000   0.00000   0.00520   0.00000   0.00521   0.00000   0.11731   0.01118   0.05169   0.15009   0.16080   0.01007   0.05433   0.06591   0.14002   0.14216   0.45195   0.09036   0.20760   0.13622   0.00975   0.00000   0.00000   0.23877   0.74175   0.28033   0.05638   0.15137   0.13202   0.19437   0.01042   0.00000   0.00552   0.04157   0.02547   0.26709   0.19917   0.29167   0.26137   0.00000   0.12395   0.08453   0.02310   0.04654   0.00000   0.00784   0.00070   0.12453   0.12279   0.10779   0.23085   0.00000   0.00693   0.18370   0.23354   0.02242   0.20164   0.02552   0.00296   0.37506   0.00000   0.09302   0.03138   0.05340   0.03658   0.05825   0.24561   0.00598   0.00000   0.02975   0.03613   0.12192   0.14618   0.23117   0.18511   0.29611   0.35460   0.18954   0.20323   0.00000   0.19040   0.41600   0.11633   0.25761   0.11119   0.02457   0.02244   0.10275   0.06559   0.02307   0.40194   0.00623   0.00000   0.11562   0.00000   0.06319   0.07188   0.00762   0.06697   0.03466   0.04600   0.11948   0.07685   0.01508   0.01697   0.01445   0.03902   0.03128   0.00000   0.00000   0.00899   0.16210   0.00000   0.02678   0.03774   0.08398   0.17638   0.00000   0.00000   0.15393   0.14515   0.36327   0.23597   0.60848   0.79510   0.63534  
204  1.5007  12371.814201  x:  1.02535   0.00000   0.00000   1.38813   0.00000   0.27264   0.17360   0.06734   0.03417   0.34229   0.44711   0.00855   0.00000   0.00000   0.11825   0.11586   0.05014   0.02005   0.09040   0.25155   0.29044   0.19217   0.00000   0.00000   0.00000   0.00000   0.00520   0.00000   0.00521   0.00000   0.11732   0.01118   0.05177   0.15006   0.16080   0.01007   0.05432   0.06594   0.14003   0.14216   0.45185   0.09034   0.20760   0.13619   0.00975   0.00000   0.00000   0.23873   0.74167   0.28029   0.05638   0.15142   0.13200   0.19436   0.01042   0.00000   0.00552   0.04160   0.02546   0.26711   0.19916   0.29167   0.26140   0.00000   0.12395   0.08450   0.02310   0.04658   0.00000   0.00784   0.00070   0.12449   0.12280   0.10777   0.23078   0.00000   0.00693   0.18371   0.23354   0.02242   0.20165   0.02552   0.00296   0.37516   0.00000   0.09298   0.03138   0.05342   0.03658   0.05826   0.24561   0.00597   0.00000   0.02975   0.03612   0.12187   0.14621   0.23117   0.18513   0.29609   0.35464   0.18955   0.20323   0.00000   0.19038   0.41599   0.11635   0.25762   0.11113   0.02457   0.02243   0.10274   0.06558   0.02308   0.40205   0.00623   0.00000   0.11564   0.00000   0.06327   0.07188   0.00762   0.06696   0.03465   0.04604   0.11950   0.07683   0.01508   0.01697   0.01445   0.03901   0.03128   0.00000   0.00000   0.00900   0.16215   0.00000   0.02675   0.03771   0.08401   0.17638   0.00000   0.00000   0.15375   0.14511   0.36324   0.23599   0.60852   0.79516   0.63534  
205  0.9663  12371.814165  x:  1.02519   0.00000   0.00000   1.38828   0.00000   0.27264   0.17359   0.06734   0.03418   0.34230   0.44722   0.00853   0.00000   0.00000   0.11827   0.11585   0.05019   0.02005   0.09039   0.25155   0.29042   0.19216   0.00000   0.00000   0.00000   0.00000   0.00520   0.00000   0.00521   0.00000   0.11734   0.01118   0.05172   0.15005   0.16080   0.01007   0.05431   0.06596   0.14002   0.14217   0.45179   0.09037   0.20761   0.13619   0.00975   0.00000   0.00000   0.23867   0.74164   0.28025   0.05640   0.15142   0.13196   0.19435   0.01042   0.00000   0.00552   0.04159   0.02547   0.26713   0.19911   0.29168   0.26141   0.00000   0.12395   0.08450   0.02310   0.04653   0.00000   0.00784   0.00070   0.12449   0.12279   0.10774   0.23074   0.00000   0.00693   0.18374   0.23353   0.02242   0.20165   0.02552   0.00296   0.37520   0.00000   0.09298   0.03138   0.05343   0.03658   0.05825   0.24560   0.00597   0.00000   0.02974   0.03613   0.12187   0.14623   0.23117   0.18515   0.29607   0.35466   0.18956   0.20324   0.00000   0.19036   0.41595   0.11631   0.25766   0.11110   0.02457   0.02243   0.10273   0.06558   0.02309   0.40210   0.00623   0.00000   0.11566   0.00000   0.06324   0.07187   0.00762   0.06695   0.03465   0.04606   0.11954   0.07682   0.01508   0.01697   0.01445   0.03902   0.03128   0.00000   0.00000   0.00900   0.16219   0.00000   0.02673   0.03764   0.08400   0.17641   0.00000   0.00000   0.15361   0.14508   0.36325   0.23598   0.60854   0.79519   0.63534  
206  0.4325  12371.814123  x:  1.02501   0.00000   0.00000   1.38844   0.00000   0.27271   0.17358   0.06735   0.03421   0.34231   0.44730   0.00856   0.00000   0.00000   0.11828   0.11585   0.05017   0.02005   0.09041   0.25155   0.29042   0.19215   0.00000   0.00000   0.00000   0.00000   0.00520   0.00000   0.00521   0.00000   0.11734   0.01118   0.05174   0.15006   0.16080   0.01007   0.05432   0.06593   0.14000   0.14218   0.45172   0.09040   0.20761   0.13619   0.00975   0.00000   0.00000   0.23859   0.74163   0.28019   0.05639   0.15139   0.13194   0.19434   0.01042   0.00000   0.00552   0.04159   0.02547   0.26716   0.19904   0.29170   0.26140   0.00000   0.12395   0.08452   0.02310   0.04659   0.00000   0.00784   0.00070   0.12451   0.12278   0.10774   0.23072   0.00000   0.00693   0.18378   0.23351   0.02242   0.20165   0.02552   0.00296   0.37523   0.00000   0.09300   0.03138   0.05341   0.03658   0.05825   0.24558   0.00597   0.00000   0.02975   0.03612   0.12192   0.14624   0.23117   0.18516   0.29606   0.35467   0.18956   0.20324   0.00000   0.19034   0.41586   0.11629   0.25771   0.11111   0.02457   0.02243   0.10274   0.06561   0.02307   0.40213   0.00623   0.00000   0.11567   0.00000   0.06318   0.07186   0.00762   0.06696   0.03465   0.04603   0.11960   0.07682   0.01508   0.01697   0.01444   0.03902   0.03128   0.00000   0.00000   0.00900   0.16223   0.00000   0.02673   0.03769   0.08399   0.17645   0.00000   0.00000   0.15339   0.14507   0.36328   0.23595   0.60855   0.79522   0.63534  
207  0.3872  12371.814051  x:  1.02474   0.00000   0.00000   1.38866   0.00000   0.27294   0.17354   0.06735   0.03423   0.34231   0.44734   0.00858   0.00000   0.00000   0.11826   0.11587   0.05012   0.02005   0.09043   0.25155   0.29042   0.19214   0.00000   0.00000   0.00000   0.00000   0.00520   0.00000   0.00521   0.00000   0.11732   0.01117   0.05177   0.15009   0.16081   0.01007   0.05433   0.06593   0.14000   0.14218   0.45165   0.09035   0.20761   0.13621   0.00975   0.00000   0.00000   0.23854   0.74163   0.28016   0.05639   0.15135   0.13199   0.19434   0.01042   0.00000   0.00552   0.04161   0.02546   0.26719   0.19900   0.29172   0.26137   0.00000   0.12395   0.08451   0.02311   0.04648   0.00000   0.00785   0.00070   0.12454   0.12278   0.10778   0.23073   0.00000   0.00693   0.18381   0.23349   0.02242   0.20163   0.02553   0.00296   0.37522   0.00000   0.09301   0.03138   0.05345   0.03657   0.05827   0.24557   0.00597   0.00000   0.02974   0.03613   0.12194   0.14621   0.23117   0.18514   0.29605   0.35467   0.18955   0.20324   0.00000   0.19034   0.41565   0.11626   0.25777   0.11117   0.02457   0.02243   0.10276   0.06561   0.02307   0.40213   0.00623   0.00000   0.11565   0.00000   0.06323   0.07188   0.00762   0.06697   0.03466   0.04603   0.11961   0.07685   0.01507   0.01697   0.01444   0.03901   0.03128   0.00000   0.00000   0.00899   0.16226   0.00000   0.02673   0.03772   0.08397   0.17648   0.00000   0.00000   0.15294   0.14509   0.36335   0.23592   0.60853   0.79526   0.63533  
208  0.4069  12371.813926  x:  1.02429   0.00000   0.00000   1.38903   0.00000   0.27337   0.17345   0.06735   0.03421   0.34231   0.44736   0.00858   0.00000   0.00000   0.11824   0.11589   0.05018   0.02005   0.09043   0.25155   0.29042   0.19215   0.00000   0.00000   0.00000   0.00000   0.00519   0.00000   0.00521   0.00000   0.11730   0.01118   0.05171   0.15011   0.16081   0.01007   0.05431   0.06596   0.14002   0.14216   0.45158   0.09030   0.20761   0.13622   0.00974   0.00000   0.00000   0.23855   0.74166   0.28015   0.05640   0.15132   0.13205   0.19436   0.01042   0.00000   0.00552   0.04158   0.02547   0.26720   0.19902   0.29173   0.26133   0.00000   0.12395   0.08449   0.02310   0.04660   0.00000   0.00785   0.00070   0.12454   0.12279   0.10782   0.23077   0.00000   0.00693   0.18380   0.23347   0.02242   0.20161   0.02553   0.00296   0.37517   0.00000   0.09300   0.03138   0.05343   0.03658   0.05825   0.24555   0.00596   0.00000   0.02975   0.03612   0.12192   0.14616   0.23117   0.18510   0.29604   0.35465   0.18954   0.20323   0.00000   0.19037   0.41528   0.11623   0.25781   0.11120   0.02457   0.02243   0.10275   0.06558   0.02308   0.40209   0.00623   0.00000   0.11562   0.00000   0.06332   0.07191   0.00761   0.06697   0.03465   0.04606   0.11956   0.07687   0.01507   0.01697   0.01444   0.03902   0.03128   0.00000   0.00000   0.00900   0.16225   0.00000   0.02672   0.03766   0.08397   0.17649   0.00000   0.00000   0.15214   0.14514   0.36346   0.23589   0.60849   0.79534   0.63532  
209  1.1644  12371.813777  x:  1.02380   0.00000   0.00000   1.38943   0.00000   0.27389   0.17334   0.06734   0.03417   0.34230   0.44731   0.00859   0.00000   0.00000   0.11826   0.11586   0.05020   0.02005   0.09039   0.25155   0.29043   0.19217   0.00000   0.00000   0.00000   0.00000   0.00519   0.00000   0.00521   0.00000   0.11734   0.01117   0.05177   0.15007   0.16080   0.01007   0.05432   0.06594   0.14004   0.14216   0.45160   0.09038   0.20761   0.13621   0.00974   0.00000   0.00000   0.23866   0.74170   0.28021   0.05639   0.15140   0.13201   0.19437   0.01042   0.00000   0.00552   0.04160   0.02546   0.26716   0.19912   0.29172   0.26132   0.00000   0.12395   0.08451   0.02310   0.04654   0.00000   0.00785   0.00070   0.12448   0.12279   0.10775   0.23082   0.00000   0.00693   0.18374   0.23349   0.02242   0.20161   0.02552   0.00296   0.37510   0.00000   0.09297   0.03139   0.05337   0.03659   0.05824   0.24557   0.00595   0.00000   0.02974   0.03613   0.12185   0.14618   0.23117   0.18509   0.29606   0.35463   0.18954   0.20323   0.00000   0.19039   0.41486   0.11628   0.25777   0.11111   0.02457   0.02243   0.10269   0.06559   0.02306   0.40204   0.00623   0.00000   0.11561   0.00000   0.06320   0.07186   0.00761   0.06694   0.03465   0.04604   0.11948   0.07682   0.01508   0.01697   0.01445   0.03901   0.03128   0.00000   0.00000   0.00900   0.16219   0.00000   0.02672   0.03767   0.08401   0.17644   0.00000   0.00000   0.15121   0.14517   0.36352   0.23590   0.60848   0.79542   0.63530  
210  1.1319  12371.813723  x:  1.02366   0.00000   0.00000   1.38955   0.00000   0.27403   0.17330   0.06734   0.03417   0.34229   0.44726   0.00853   0.00000   0.00000   0.11827   0.11585   0.05014   0.02005   0.09039   0.25155   0.29044   0.19217   0.00000   0.00000   0.00000   0.00000   0.00519   0.00000   0.00521   0.00000   0.11735   0.01118   0.05172   0.15006   0.16080   0.01007   0.05432   0.06593   0.14002   0.14216   0.45166   0.09039   0.20761   0.13619   0.00974   0.00000   0.00000   0.23870   0.74171   0.28025   0.05639   0.15142   0.13197   0.19436   0.01042   0.00000   0.00552   0.04158   0.02547   0.26714   0.19914   0.29170   0.26135   0.00000   0.12395   0.08451   0.02310   0.04657   0.00000   0.00784   0.00070   0.12448   0.12279   0.10773   0.23081   0.00000   0.00693   0.18372   0.23351   0.02242   0.20163   0.02552   0.00296   0.37509   0.00000   0.09298   0.03138   0.05347   0.03657   0.05828   0.24558   0.00595   0.00000   0.02975   0.03612   0.12187   0.14622   0.23117   0.18512   0.29608   0.35463   0.18955   0.20323   0.00000   0.19038   0.41476   0.11629   0.25771   0.11110   0.02456   0.02243   0.10271   0.06560   0.02307   0.40203   0.00623   0.00000   0.11564   0.00000   0.06319   0.07186   0.00761   0.06695   0.03466   0.04603   0.11950   0.07681   0.01508   0.01697   0.01445   0.03902   0.03128   0.00000   0.00000   0.00900   0.16217   0.00000   0.02674   0.03770   0.08401   0.17641   0.00000   0.00000   0.15091   0.14514   0.36348   0.23594   0.60851   0.79544   0.63529  
211  0.6198  12371.813642  x:  1.02351   0.00000   0.00000   1.38968   0.00000   0.27415   0.17326   0.06734   0.03420   0.34227   0.44713   0.00852   0.00000   0.00000   0.11829   0.11586   0.05018   0.02005   0.09043   0.25155   0.29044   0.19216   0.00000   0.00000   0.00000   0.00000   0.00519   0.00000   0.00521   0.00000   0.11733   0.01118   0.05175   0.15005   0.16080   0.01007   0.05432   0.06594   0.14000   0.14218   0.45181   0.09036   0.20760   0.13617   0.00974   0.00000   0.00000   0.23872   0.74173   0.28031   0.05640   0.15142   0.13192   0.19434   0.01042   0.00000   0.00552   0.04159   0.02547   0.26710   0.19913   0.29167   0.26141   0.00000   0.12395   0.08450   0.02310   0.04656   0.00000   0.00784   0.00070   0.12452   0.12280   0.10775   0.23077   0.00000   0.00693   0.18372   0.23356   0.02242   0.20167   0.02552   0.00296   0.37511   0.00000   0.09302   0.03138   0.05341   0.03658   0.05823   0.24561   0.00594   0.00000   0.02974   0.03612   0.12194   0.14627   0.23117   0.18519   0.29610   0.35462   0.18957   0.20324   0.00000   0.19034   0.41471   0.11636   0.25761   0.11114   0.02456   0.02244   0.10280   0.06561   0.02310   0.40202   0.00624   0.00000   0.11569   0.00000   0.06326   0.07189   0.00761   0.06698   0.03465   0.04605   0.11958   0.07684   0.01507   0.01697   0.01445   0.03902   0.03128   0.00000   0.00000   0.00900   0.16215   0.00000   0.02678   0.03769   0.08398   0.17638   0.00000   0.00000   0.15056   0.14506   0.36335   0.23600   0.60857   0.79546   0.63527  
212  0.4741  12371.813478  x:  1.02338   0.00000   0.00000   1.38985   0.00000   0.27415   0.17320   0.06735   0.03424   0.34222   0.44681   0.00853   0.00000   0.00000   0.11823   0.11589   0.05017   0.02005   0.09039   0.25155   0.29042   0.19214   0.00000   0.00000   0.00000   0.00000   0.00519   0.00000   0.00520   0.00000   0.11731   0.01118   0.05174   0.15011   0.16081   0.01007   0.05432   0.06594   0.14002   0.14217   0.45211   0.09034   0.20761   0.13622   0.00974   0.00000   0.00000   0.23862   0.74172   0.28031   0.05638   0.15133   0.13205   0.19433   0.01042   0.00000   0.00552   0.04159   0.02547   0.26709   0.19903   0.29163   0.26148   0.00000   0.12395   0.08451   0.02310   0.04656   0.00000   0.00785   0.00070   0.12454   0.12278   0.10780   0.23071   0.00000   0.00693   0.18376   0.23358   0.02242   0.20168   0.02552   0.00296   0.37519   0.00000   0.09294   0.03138   0.05340   0.03659   0.05831   0.24563   0.00593   0.00000   0.02974   0.03613   0.12189   0.14618   0.23116   0.18521   0.29611   0.35463   0.18958   0.20324   0.00000   0.19032   0.41486   0.11637   0.25750   0.11114   0.02456   0.02243   0.10271   0.06554   0.02305   0.40203   0.00624   0.00000   0.11567   0.00000   0.06321   0.07186   0.00761   0.06689   0.03466   0.04603   0.11964   0.07685   0.01507   0.01697   0.01445   0.03899   0.03128   0.00000   0.00000   0.00900   0.16212   0.00000   0.02669   0.03766   0.08399   0.17639   0.00000   0.00000   0.15013   0.14500   0.36301   0.23604   0.60857   0.79545   0.63525  
213  0.2892  12371.813227  x:  1.02330   0.00000   0.00000   1.39003   0.00000   0.27401   0.17317   0.06735   0.03424   0.34212   0.44630   0.00856   0.00000   0.00000   0.11823   0.11587   0.05016   0.02005   0.09038   0.25155   0.29040   0.19214   0.00000   0.00000   0.00000   0.00000   0.00519   0.00000   0.00520   0.00000   0.11734   0.01117   0.05175   0.15012   0.16081   0.01007   0.05432   0.06593   0.14005   0.14214   0.45238   0.09038   0.20761   0.13625   0.00974   0.00000   0.00000   0.23852   0.74170   0.28025   0.05643   0.15131   0.13210   0.19435   0.01042   0.00000   0.00552   0.04160   0.02547   0.26712   0.19897   0.29163   0.26147   0.00000   0.12395   0.08451   0.02310   0.04656   0.00000   0.00785   0.00070   0.12449   0.12276   0.10775   0.23070   0.00000   0.00693   0.18379   0.23354   0.02242   0.20164   0.02552   0.00296   0.37528   0.00000   0.09295   0.03139   0.05345   0.03656   0.05816   0.24560   0.00590   0.00000   0.02974   0.03613   0.12182   0.14612   0.23116   0.18513   0.29610   0.35465   0.18954   0.20324   0.00000   0.19035   0.41522   0.11631   0.25753   0.11114   0.02456   0.02243   0.10264   0.06562   0.02328   0.40207   0.00624   0.00000   0.11560   0.00000   0.06319   0.07185   0.00761   0.06695   0.03464   0.04603   0.11957   0.07682   0.01507   0.01697   0.01445   0.03910   0.03128   0.00000   0.00000   0.00900   0.16220   0.00000   0.02677   0.03773   0.08403   0.17646   0.00000   0.00000   0.14966   0.14504   0.36272   0.23600   0.60849   0.79541   0.63523  
214  0.5986  12371.812728  x:  1.02327   0.00000   0.00000   1.39036   0.00000   0.27364   0.17315   0.06734   0.03417   0.34193   0.44535   0.00865   0.00000   0.00000   0.11833   0.11581   0.05019   0.02005   0.09041   0.25155   0.29039   0.19217   0.00000   0.00000   0.00000   0.00000   0.00518   0.00000   0.00520   0.00000   0.11739   0.01117   0.05174   0.15005   0.16080   0.01007   0.05432   0.06595   0.14005   0.14215   0.45260   0.09041   0.20761   0.13621   0.00974   0.00000   0.00000   0.23847   0.74163   0.28014   0.05639   0.15142   0.13195   0.19439   0.01042   0.00000   0.00552   0.04159   0.02547   0.26720   0.19902   0.29168   0.26135   0.00000   0.12395   0.08450   0.02310   0.04656   0.00000   0.00785   0.00070   0.12442   0.12279   0.10767   0.23075   0.00000   0.00694   0.18382   0.23345   0.02242   0.20156   0.02553   0.00295   0.37537   0.00000   0.09310   0.03138   0.05342   0.03658   0.05828   0.24555   0.00586   0.00000   0.02974   0.03612   0.12185   0.14617   0.23117   0.18498   0.29605   0.35468   0.18950   0.20322   0.00000   0.19043   0.41601   0.11616   0.25771   0.11116   0.02456   0.02243   0.10274   0.06568   0.02311   0.40211   0.00623   0.00000   0.11555   0.00000   0.06327   0.07190   0.00761   0.06708   0.03465   0.04606   0.11940   0.07678   0.01508   0.01697   0.01446   0.03890   0.03128   0.00000   0.00000   0.00900   0.16232   0.00000   0.02684   0.03765   0.08403   0.17654   0.00000   0.00000   0.14892   0.14520   0.36244   0.23588   0.60839   0.79533   0.63520  
215  1.1157  12371.812095  x:  1.02337   0.00000   0.00000   1.39073   0.00000   0.27316   0.17321   0.06733   0.03413   0.34170   0.44429   0.00875   0.00000   0.00000   0.11831   0.11585   0.05013   0.02004   0.09045   0.25156   0.29040   0.19220   0.00000   0.00000   0.00000   0.00000   0.00518   0.00000   0.00519   0.00000   0.11731   0.01117   0.05174   0.15000   0.16080   0.01007   0.05432   0.06594   0.13999   0.14219   0.45245   0.09033   0.20761   0.13613   0.00974   0.00000   0.00000   0.23862   0.74154   0.28009   0.05638   0.15151   0.13182   0.19439   0.01041   0.00000   0.00552   0.04159   0.02546   0.26724   0.19919   0.29175   0.26122   0.00000   0.12395   0.08451   0.02310   0.04656   0.00000   0.00785   0.00069   0.12448   0.12284   0.10778   0.23083   0.00000   0.00694   0.18378   0.23339   0.02243   0.20155   0.02553   0.00294   0.37535   0.00000   0.09302   0.03138   0.05338   0.03659   0.05829   0.24551   0.00581   0.00000   0.02974   0.03611   0.12198   0.14632   0.23119   0.18499   0.29600   0.35471   0.18952   0.20322   0.00000   0.19044   0.41698   0.11603   0.25792   0.11111   0.02455   0.02243   0.10287   0.06559   0.02307   0.40214   0.00622   0.00000   0.11563   0.00000   0.06323   0.07188   0.00761   0.06691   0.03463   0.04603   0.11939   0.07685   0.01508   0.01697   0.01446   0.03922   0.03128   0.00000   0.00000   0.00900   0.16228   0.00000   0.02655   0.03767   0.08397   0.17652   0.00000   0.00000   0.14823   0.14529   0.36259   0.23578   0.60845   0.79523   0.63518  
216  1.2705  12371.811437  x:  1.02359   0.00000   0.00000   1.39110   0.00000   0.27274   0.17334   0.06733   0.03415   0.34146   0.44337   0.00878   0.00000   0.00000   0.11823   0.11591   0.05021   0.02004   0.09043   0.25155   0.29042   0.19220   0.00000   0.00000   0.00000   0.00000   0.00517   0.00000   0.00519   0.00000   0.11727   0.01117   0.05174   0.15004   0.16080   0.01007   0.05433   0.06594   0.13996   0.14220   0.45207   0.09032   0.20760   0.13614   0.00973   0.00000   0.00000   0.23879   0.74143   0.28016   0.05644   0.15147   0.13191   0.19435   0.01041   0.00000   0.00552   0.04159   0.02546   0.26721   0.19928   0.29179   0.26119   0.00000   0.12395   0.08452   0.02310   0.04656   0.00000   0.00785   0.00068   0.12458   0.12282   0.10785   0.23087   0.00000   0.00693   0.18372   0.23343   0.02243   0.20160   0.02553   0.00295   0.37524   0.00000   0.09288   0.03139   0.05345   0.03657   0.05820   0.24552   0.00575   0.00000   0.02974   0.03611   0.12199   0.14634   0.23119   0.18513   0.29598   0.35471   0.18958   0.20323   0.00000   0.19039   0.41790   0.11599   0.25798   0.11105   0.02455   0.02243   0.10280   0.06558   0.02324   0.40218   0.00622   0.00000   0.11573   0.00000   0.06318   0.07185   0.00761   0.06683   0.03469   0.04602   0.11953   0.07689   0.01507   0.01697   0.01446   0.03886   0.03128   0.00000   0.00000   0.00900   0.16227   0.00000   0.02657   0.03774   0.08395   0.17643   0.00000   0.00000   0.14771   0.14523   0.36305   0.23581   0.60858   0.79514   0.63517  
217  1.7104  12371.810838  x:  1.02393   0.00000   0.00000   1.39143   0.00000   0.27247   0.17351   0.06735   0.03421   0.34127   0.44276   0.00876   0.00000   0.00000   0.11820   0.11589   0.05018   0.02005   0.09039   0.25154   0.29043   0.19217   0.00000   0.00000   0.00000   0.00000   0.00517   0.00000   0.00518   0.00000   0.11732   0.01117   0.05174   0.15012   0.16080   0.01007   0.05432   0.06594   0.14001   0.14217   0.45163   0.09040   0.20760   0.13622   0.00973   0.00000   0.00000   0.23884   0.74134   0.28028   0.05639   0.15134   0.13209   0.19432   0.01041   0.00000   0.00552   0.04159   0.02546   0.26714   0.19921   0.29176   0.26127   0.00000   0.12395   0.08451   0.02310   0.04656   0.00000   0.00785   0.00067   0.12457   0.12275   0.10777   0.23085   0.00000   0.00693   0.18368   0.23351   0.02242   0.20168   0.02552   0.00294   0.37509   0.00000   0.09297   0.03138   0.05339   0.03659   0.05828   0.24558   0.00569   0.00000   0.02974   0.03612   0.12186   0.14620   0.23118   0.18527   0.29600   0.35467   0.18961   0.20324   0.00000   0.19032   0.41858   0.11606   0.25785   0.11110   0.02455   0.02242   0.10265   0.06564   0.02302   0.40217   0.00623   0.00000   0.11574   0.00000   0.06323   0.07188   0.00760   0.06698   0.03462   0.04604   0.11967   0.07685   0.01507   0.01697   0.01446   0.03905   0.03128   0.00000   0.00000   0.00900   0.16230   0.00000   0.02686   0.03766   0.08399   0.17635   0.00000   0.00000   0.14744   0.14508   0.36355   0.23592   0.60864   0.79508   0.63518  
218  1.5157  12371.810292  x:  1.02451   0.00000   0.00000   1.39173   0.00000   0.27254   0.17372   0.06735   0.03423   0.34114   0.44275   0.00869   0.00000   0.00000   0.11836   0.11579   0.05019   0.02005   0.09041   0.25154   0.29043   0.19213   0.00000   0.00000   0.00000   0.00000   0.00516   0.00000   0.00518   0.00000   0.11739   0.01117   0.05174   0.15008   0.16080   0.01007   0.05433   0.06594   0.14007   0.14213   0.45138   0.09035   0.20761   0.13623   0.00973   0.00000   0.00000   0.23861   0.74127   0.28036   0.05642   0.15132   0.13200   0.19435   0.01041   0.00000   0.00551   0.04159   0.02548   0.26706   0.19896   0.29165   0.26145   0.00000   0.12395   0.08452   0.02310   0.04656   0.00000   0.00785   0.00068   0.12442   0.12278   0.10766   0.23078   0.00000   0.00693   0.18371   0.23359   0.02242   0.20168   0.02552   0.00293   0.37500   0.00000   0.09312   0.03139   0.05343   0.03656   0.05820   0.24564   0.00565   0.00000   0.02974   0.03612   0.12184   0.14610   0.23115   0.18519   0.29609   0.35459   0.18954   0.20324   0.00000   0.19034   0.41879   0.11621   0.25753   0.11126   0.02454   0.02242   0.10277   0.06557   0.02302   0.40217   0.00624   0.00000   0.11555   0.00000   0.06326   0.07185   0.00760   0.06703   0.03475   0.04607   0.11954   0.07676   0.01507   0.01697   0.01447   0.03902   0.03128   0.00000   0.00000   0.00900   0.16211   0.00000   0.02657   0.03770   0.08405   0.17639   0.00000   0.00000   0.14763   0.14499   0.36386   0.23604   0.60848   0.79507   0.63521  
219  0.6296  12371.809587  x:  1.02546   0.00000   0.00000   1.39212   0.00000   0.27289   0.17398   0.06734   0.03419   0.34101   0.44316   0.00862   0.00000   0.00000   0.11834   0.11584   0.05019   0.02004   0.09045   0.25155   0.29040   0.19213   0.00000   0.00000   0.00000   0.00000   0.00516   0.00000   0.00518   0.00000   0.11733   0.01117   0.05172   0.15002   0.16080   0.01007   0.05433   0.06594   0.14004   0.14215   0.45133   0.09032   0.20761   0.13619   0.00972   0.00000   0.00000   0.23835   0.74120   0.28038   0.05643   0.15141   0.13187   0.19440   0.01041   0.00000   0.00551   0.04159   0.02548   0.26702   0.19882   0.29154   0.26158   0.00000   0.12396   0.08451   0.02309   0.04656   0.00000   0.00786   0.00068   0.12442   0.12285   0.10777   0.23072   0.00000   0.00694   0.18377   0.23360   0.02241   0.20163   0.02552   0.00294   0.37498   0.00000   0.09298   0.03138   0.05341   0.03659   0.05829   0.24565   0.00558   0.00000   0.02974   0.03612   0.12194   0.14617   0.23113   0.18501   0.29616   0.35452   0.18947   0.20323   0.00000   0.19041   0.41873   0.11635   0.25725   0.11120   0.02454   0.02242   0.10280   0.06554   0.02308   0.40214   0.00624   0.00000   0.11546   0.00000   0.06321   0.07188   0.00761   0.06687   0.03435   0.04599   0.11937   0.07683   0.01507   0.01697   0.01447   0.03896   0.03128   0.00000   0.00000   0.00900   0.16213   0.00000   0.02673   0.03769   0.08400   0.17649   0.00000   0.00000   0.14820   0.14502   0.36396   0.23608   0.60833   0.79511   0.63525  
220  1.0010  12371.808588  x:  1.02693   0.00000   0.00000   1.39268   0.00000   0.27349   0.17428   0.06733   0.03412   0.34086   0.44397   0.00856   0.00000   0.00000   0.11820   0.11595   0.05019   0.02004   0.09045   0.25156   0.29037   0.19216   0.00000   0.00000   0.00000   0.00000   0.00515   0.00000   0.00517   0.00000   0.11724   0.01116   0.05174   0.15001   0.16081   0.01006   0.05433   0.06594   0.13997   0.14221   0.45144   0.09036   0.20762   0.13615   0.00972   0.00000   0.00000   0.23819   0.74112   0.28034   0.05642   0.15151   0.13183   0.19443   0.01041   0.00000   0.00551   0.04160   0.02548   0.26704   0.19886   0.29145   0.26162   0.00000   0.12396   0.08451   0.02309   0.04656   0.00000   0.00786   0.00067   0.12452   0.12287   0.10791   0.23069   0.00000   0.00694   0.18383   0.23356   0.02241   0.20156   0.02552   0.00293   0.37501   0.00000   0.09280   0.03139   0.05335   0.03661   0.05830   0.24562   0.00549   0.00000   0.02974   0.03611   0.12202   0.14632   0.23113   0.18487   0.29620   0.35447   0.18945   0.20322   0.00000   0.19048   0.41846   0.11644   0.25710   0.11104   0.02453   0.02242   0.10275   0.06557   0.02302   0.40210   0.00623   0.00000   0.11551   0.00000   0.06318   0.07189   0.00760   0.06682   0.03483   0.04605   0.11927   0.07694   0.01507   0.01697   0.01448   0.03905   0.03128   0.00000   0.00000   0.00901   0.16224   0.00000   0.02700   0.03766   0.08392   0.17660   0.00000   0.00000   0.14919   0.14514   0.36385   0.23604   0.60829   0.79517   0.63532  
221  2.3686  12371.807202  x:  1.02907   0.00000   0.00000   1.39346   0.00000   0.27443   0.17448   0.06733   0.03410   0.34070   0.44532   0.00856   0.00000   0.00000   0.11815   0.11592   0.05021   0.02004   0.09037   0.25156   0.29034   0.19221   0.00000   0.00000   0.00000   0.00000   0.00513   0.00000   0.00516   0.00000   0.11732   0.01116   0.05173   0.15011   0.16081   0.01006   0.05433   0.06595   0.13996   0.14221   0.45181   0.09045   0.20762   0.13619   0.00971   0.00000   0.00000   0.23845   0.74102   0.28022   0.05642   0.15143   0.13209   0.19438   0.01041   0.00000   0.00551   0.04159   0.02547   0.26714   0.19920   0.29152   0.26140   0.00000   0.12395   0.08452   0.02309   0.04655   0.00000   0.00786   0.00065   0.12462   0.12272   0.10779   0.23075   0.00000   0.00693   0.18382   0.23344   0.02242   0.20156   0.02553   0.00292   0.37514   0.00000   0.09302   0.03139   0.05345   0.03656   0.05816   0.24555   0.00537   0.00000   0.02974   0.03610   0.12188   0.14634   0.23117   0.18500   0.29613   0.35453   0.18955   0.20323   0.00000   0.19043   0.41788   0.11635   0.25738   0.11104   0.02453   0.02241   0.10271   0.06566   0.02298   0.40204   0.00622   0.00000   0.11577   0.00000   0.06327   0.07191   0.00759   0.06708   0.03462   0.04605   0.11950   0.07686   0.01507   0.01697   0.01448   0.03901   0.03128   0.00000   0.00000   0.00901   0.16222   0.00000   0.02662   0.03770   0.08395   0.17658   0.00000   0.00000   0.15072   0.14527   0.36345   0.23588   0.60856   0.79529   0.63538  
222  2.4176  12371.806949  x:  1.02948   0.00000   0.00000   1.39360   0.00000   0.27457   0.17435   0.06734   0.03415   0.34069   0.44559   0.00860   0.00000   0.00000   0.11827   0.11585   0.05020   0.02004   0.09042   0.25156   0.29036   0.19219   0.00000   0.00000   0.00000   0.00000   0.00513   0.00000   0.00516   0.00000   0.11734   0.01116   0.05173   0.15010   0.16080   0.01006   0.05433   0.06594   0.14002   0.14217   0.45190   0.09036   0.20761   0.13620   0.00971   0.00000   0.00000   0.23860   0.74100   0.28023   0.05643   0.15136   0.13204   0.19435   0.01041   0.00000   0.00551   0.04159   0.02547   0.26715   0.19920   0.29161   0.26132   0.00000   0.12395   0.08452   0.02309   0.04655   0.00000   0.00786   0.00065   0.12453   0.12276   0.10774   0.23080   0.00000   0.00693   0.18377   0.23345   0.02242   0.20160   0.02553   0.00291   0.37516   0.00000   0.09304   0.03138   0.05335   0.03660   0.05833   0.24554   0.00534   0.00000   0.02974   0.03611   0.12187   0.14622   0.23118   0.18511   0.29607   0.35458   0.18957   0.20323   0.00000   0.19038   0.41774   0.11629   0.25756   0.11116   0.02453   0.02241   0.10276   0.06559   0.02313   0.40204   0.00623   0.00000   0.11571   0.00000   0.06323   0.07186   0.00759   0.06694   0.03465   0.04604   0.11955   0.07682   0.01507   0.01697   0.01448   0.03902   0.03128   0.00000   0.00000   0.00901   0.16229   0.00000   0.02670   0.03768   0.08400   0.17650   0.00000   0.00000   0.15103   0.14519   0.36336   0.23587   0.60858   0.79533   0.63537  
223  1.1002  12371.806873  x:  1.02961   0.00000   0.00000   1.39364   0.00000   0.27459   0.17416   0.06735   0.03417   0.34072   0.44568   0.00862   0.00000   0.00000   0.11830   0.11585   0.05020   0.02004   0.09043   0.25155   0.29038   0.19216   0.00000   0.00000   0.00000   0.00000   0.00513   0.00000   0.00516   0.00000   0.11733   0.01116   0.05173   0.15007   0.16080   0.01006   0.05433   0.06594   0.14004   0.14215   0.45192   0.09035   0.20760   0.13621   0.00971   0.00000   0.00000   0.23867   0.74100   0.28026   0.05643   0.15135   0.13198   0.19435   0.01041   0.00000   0.00551   0.04159   0.02547   0.26714   0.19914   0.29166   0.26130   0.00000   0.12395   0.08452   0.02309   0.04655   0.00000   0.00786   0.00065   0.12449   0.12280   0.10776   0.23083   0.00000   0.00693   0.18373   0.23347   0.02242   0.20163   0.02552   0.00292   0.37516   0.00000   0.09298   0.03139   0.05341   0.03657   0.05821   0.24556   0.00534   0.00000   0.02973   0.03611   0.12190   0.14618   0.23118   0.18516   0.29604   0.35462   0.18956   0.20323   0.00000   0.19036   0.41768   0.11626   0.25766   0.11118   0.02453   0.02241   0.10275   0.06557   0.02304   0.40203   0.00623   0.00000   0.11563   0.00000   0.06322   0.07186   0.00759   0.06691   0.03465   0.04604   0.11955   0.07683   0.01507   0.01697   0.01448   0.03902   0.03128   0.00000   0.00000   0.00901   0.16232   0.00000   0.02673   0.03768   0.08401   0.17644   0.00000   0.00000   0.15114   0.14512   0.36332   0.23589   0.60854   0.79535   0.63534  
224  0.5656  12371.806814  x:  1.02971   0.00000   0.00000   1.39367   0.00000   0.27455   0.17379   0.06735   0.03419   0.34078   0.44574   0.00861   0.00000   0.00000   0.11825   0.11588   0.05020   0.02004   0.09041   0.25155   0.29040   0.19215   0.00000   0.00000   0.00000   0.00000   0.00513   0.00000   0.00516   0.00000   0.11731   0.01116   0.05173   0.15006   0.16080   0.01006   0.05433   0.06594   0.14002   0.14217   0.45192   0.09039   0.20761   0.13621   0.00971   0.00000   0.00000   0.23868   0.74100   0.28030   0.05643   0.15137   0.13197   0.19436   0.01041   0.00000   0.00551   0.04159   0.02547   0.26712   0.19906   0.29172   0.26130   0.00000   0.12395   0.08452   0.02309   0.04655   0.00000   0.00786   0.00065   0.12450   0.12281   0.10779   0.23085   0.00000   0.00693   0.18370   0.23351   0.02242   0.20165   0.02552   0.00292   0.37515   0.00000   0.09298   0.03139   0.05338   0.03659   0.05826   0.24558   0.00533   0.00000   0.02974   0.03611   0.12192   0.14619   0.23117   0.18517   0.29600   0.35465   0.18954   0.20323   0.00000   0.19036   0.41761   0.11624   0.25773   0.11112   0.02453   0.02241   0.10271   0.06562   0.02307   0.40204   0.00623   0.00000   0.11558   0.00000   0.06324   0.07189   0.00759   0.06698   0.03465   0.04605   0.11951   0.07686   0.01507   0.01697   0.01448   0.03902   0.03128   0.00000   0.00000   0.00901   0.16231   0.00000   0.02668   0.03769   0.08399   0.17640   0.00000   0.00000   0.15123   0.14506   0.36333   0.23593   0.60848   0.79538   0.63527  
225  0.3781  12371.806769  x:  1.02980   0.00000   0.00000   1.39369   0.00000   0.27448   0.17333   0.06734   0.03418   0.34088   0.44578   0.00861   0.00000   0.00000   0.11824   0.11587   0.05020   0.02004   0.09041   0.25155   0.29041   0.19216   0.00000   0.00000   0.00000   0.00000   0.00513   0.00000   0.00516   0.00000   0.11734   0.01116   0.05173   0.15008   0.16081   0.01006   0.05433   0.06595   0.14001   0.14218   0.45189   0.09036   0.20761   0.13620   0.00971   0.00000   0.00000   0.23863   0.74101   0.28032   0.05643   0.15139   0.13202   0.19437   0.01041   0.00000   0.00551   0.04159   0.02547   0.26710   0.19906   0.29172   0.26133   0.00000   0.12395   0.08452   0.02309   0.04655   0.00000   0.00786   0.00065   0.12454   0.12277   0.10775   0.23085   0.00000   0.00693   0.18371   0.23352   0.02242   0.20164   0.02552   0.00291   0.37513   0.00000   0.09302   0.03139   0.05340   0.03658   0.05825   0.24559   0.00533   0.00000   0.02974   0.03611   0.12189   0.14624   0.23117   0.18513   0.29599   0.35466   0.18954   0.20323   0.00000   0.19038   0.41754   0.11625   0.25771   0.11113   0.02453   0.02241   0.10275   0.06558   0.02307   0.40204   0.00623   0.00000   0.11563   0.00000   0.06322   0.07187   0.00759   0.06694   0.03465   0.04604   0.11950   0.07684   0.01507   0.01697   0.01449   0.03902   0.03128   0.00000   0.00000   0.00901   0.16232   0.00000   0.02671   0.03768   0.08399   0.17641   0.00000   0.00000   0.15131   0.14508   0.36335   0.23594   0.60848   0.79542   0.63519  
226  0.3217  12371.806755  x:  1.02982   0.00000   0.00000   1.39369   0.00000   0.27445   0.17317   0.06734   0.03418   0.34094   0.44579   0.00861   0.00000   0.00000   0.11827   0.11586   0.05020   0.02004   0.09042   0.25155   0.29040   0.19217   0.00000   0.00000   0.00000   0.00000   0.00513   0.00000   0.00516   0.00000   0.11733   0.01116   0.05173   0.15008   0.16081   0.01006   0.05433   0.06594   0.14002   0.14217   0.45188   0.09037   0.20761   0.13620   0.00971   0.00000   0.00000   0.23862   0.74101   0.28030   0.05643   0.15137   0.13200   0.19436   0.01041   0.00000   0.00551   0.04159   0.02547   0.26711   0.19910   0.29169   0.26133   0.00000   0.12395   0.08452   0.02309   0.04655   0.00000   0.00786   0.00065   0.12451   0.12279   0.10777   0.23083   0.00000   0.00693   0.18373   0.23350   0.02242   0.20163   0.02552   0.00292   0.37512   0.00000   0.09298   0.03139   0.05339   0.03658   0.05825   0.24558   0.00533   0.00000   0.02974   0.03611   0.12190   0.14621   0.23117   0.18513   0.29601   0.35465   0.18955   0.20323   0.00000   0.19038   0.41752   0.11627   0.25767   0.11115   0.02453   0.02241   0.10274   0.06561   0.02307   0.40203   0.00623   0.00000   0.11565   0.00000   0.06323   0.07188   0.00759   0.06695   0.03465   0.04604   0.11952   0.07684   0.01507   0.01697   0.01448   0.03902   0.03128   0.00000   0.00000   0.00901   0.16231   0.00000   0.02670   0.03768   0.08400   0.17644   0.00000   0.00000   0.15134   0.14511   0.36336   0.23593   0.60851   0.79545   0.63516  
227  0.2038  12371.806752  x:  1.02983   0.00000   0.00000   1.39369   0.00000   0.27445   0.17314   0.06734   0.03419   0.34098   0.44578   0.00861   0.00000   0.00000   0.11826   0.11587   0.05020   0.02004   0.09042   0.25155   0.29039   0.19217   0.00000   0.00000   0.00000   0.00000   0.00513   0.00000   0.00516   0.00000   0.11732   0.01116   0.05173   0.15007   0.16080   0.01006   0.05433   0.06594   0.14002   0.14217   0.45188   0.09037   0.20761   0.13620   0.00971   0.00000   0.00000   0.23863   0.74101   0.28028   0.05643   0.15137   0.13199   0.19436   0.01041   0.00000   0.00551   0.04159   0.02547   0.26712   0.19911   0.29168   0.26132   0.00000   0.12395   0.08452   0.02309   0.04655   0.00000   0.00786   0.00065   0.12450   0.12280   0.10777   0.23082   0.00000   0.00693   0.18373   0.23349   0.02242   0.20163   0.02552   0.00291   0.37513   0.00000   0.09300   0.03139   0.05339   0.03658   0.05825   0.24557   0.00533   0.00000   0.02974   0.03611   0.12190   0.14620   0.23117   0.18514   0.29602   0.35464   0.18955   0.20323   0.00000   0.19037   0.41752   0.11627   0.25765   0.11114   0.02453   0.02241   0.10273   0.06559   0.02307   0.40203   0.00623   0.00000   0.11563   0.00000   0.06323   0.07188   0.00759   0.06695   0.03465   0.04604   0.11952   0.07685   0.01507   0.01697   0.01448   0.03902   0.03128   0.00000   0.00000   0.00901   0.16231   0.00000   0.02670   0.03768   0.08399   0.17645   0.00000   0.00000   0.15135   0.14512   0.36337   0.23591   0.60852   0.79546   0.63514  
228  0.0693  12371.806747  x:  1.02983   0.00000   0.00000   1.39367   0.00000   0.27444   0.17314   0.06735   0.03420   0.34115   0.44577   0.00860   0.00000   0.00000   0.11825   0.11587   0.05020   0.02004   0.09041   0.25155   0.29037   0.19216   0.00000   0.00000   0.00000   0.00000   0.00513   0.00000   0.00516   0.00000   0.11733   0.01116   0.05173   0.15007   0.16080   0.01006   0.05433   0.06594   0.14001   0.14217   0.45188   0.09037   0.20760   0.13620   0.00971   0.00000   0.00000   0.23866   0.74101   0.28026   0.05643   0.15138   0.13200   0.19436   0.01041   0.00000   0.00551   0.04159   0.02547   0.26714   0.19910   0.29165   0.26131   0.00000   0.12395   0.08452   0.02309   0.04655   0.00000   0.00786   0.00065   0.12452   0.12278   0.10776   0.23082   0.00000   0.00693   0.18373   0.23348   0.02242   0.20163   0.02552   0.00291   0.37514   0.00000   0.09299   0.03139   0.05339   0.03658   0.05825   0.24556   0.00533   0.00000   0.02974   0.03611   0.12190   0.14622   0.23118   0.18515   0.29604   0.35461   0.18955   0.20323   0.00000   0.19036   0.41751   0.11627   0.25763   0.11115   0.02453   0.02241   0.10275   0.06561   0.02306   0.40203   0.00623   0.00000   0.11561   0.00000   0.06323   0.07187   0.00759   0.06694   0.03465   0.04604   0.11952   0.07684   0.01507   0.01697   0.01448   0.03902   0.03128   0.00000   0.00000   0.00901   0.16230   0.00000   0.02670   0.03768   0.08399   0.17644   0.00000   0.00000   0.15135   0.14511   0.36337   0.23590   0.60851   0.79552   0.63512  
229  0.0578  12371.806734  x:  1.02983   0.00000   0.00000   1.39361   0.00000   0.27443   0.17318   0.06734   0.03419   0.34169   0.44572   0.00862   0.00000   0.00000   0.11829   0.11586   0.05020   0.02004   0.09043   0.25155   0.29036   0.19216   0.00000   0.00000   0.00000   0.00000   0.00513   0.00000   0.00516   0.00000   0.11732   0.01116   0.05173   0.15009   0.16081   0.01006   0.05433   0.06594   0.14002   0.14217   0.45187   0.09038   0.20761   0.13621   0.00971   0.00000   0.00000   0.23867   0.74101   0.28025   0.05643   0.15138   0.13201   0.19436   0.01041   0.00000   0.00551   0.04159   0.02547   0.26714   0.19907   0.29163   0.26130   0.00000   0.12395   0.08452   0.02309   0.04655   0.00000   0.00786   0.00064   0.12453   0.12279   0.10778   0.23083   0.00000   0.00693   0.18371   0.23348   0.02242   0.20164   0.02552   0.00292   0.37517   0.00000   0.09298   0.03139   0.05339   0.03658   0.05825   0.24556   0.00532   0.00000   0.02974   0.03611   0.12189   0.14623   0.23118   0.18515   0.29606   0.35457   0.18954   0.20323   0.00000   0.19037   0.41750   0.11626   0.25764   0.11113   0.02453   0.02241   0.10274   0.06557   0.02307   0.40204   0.00623   0.00000   0.11565   0.00000   0.06322   0.07189   0.00759   0.06697   0.03465   0.04605   0.11951   0.07684   0.01507   0.01697   0.01448   0.03902   0.03128   0.00000   0.00000   0.00901   0.16230   0.00000   0.02671   0.03768   0.08400   0.17643   0.00000   0.00000   0.15138   0.14509   0.36337   0.23589   0.60850   0.79570   0.63506  
230  0.1550  12371.806719  x:  1.02984   0.00000   0.00000   1.39354   0.00000   0.27442   0.17323   0.06734   0.03418   0.34229   0.44567   0.00862   0.00000   0.00000   0.11826   0.11587   0.05020   0.02004   0.09042   0.25155   0.29037   0.19217   0.00000   0.00000   0.00000   0.00000   0.00513   0.00000   0.00516   0.00000   0.11732   0.01116   0.05173   0.15008   0.16081   0.01006   0.05433   0.06594   0.14003   0.14216   0.45188   0.09036   0.20761   0.13620   0.00971   0.00000   0.00000   0.23863   0.74102   0.28027   0.05643   0.15137   0.13199   0.19436   0.01041   0.00000   0.00551   0.04159   0.02547   0.26713   0.19909   0.29166   0.26132   0.00000   0.12395   0.08451   0.02309   0.04655   0.00000   0.00786   0.00065   0.12451   0.12280   0.10777   0.23085   0.00000   0.00693   0.18371   0.23350   0.02242   0.20163   0.02552   0.00291   0.37517   0.00000   0.09301   0.03139   0.05340   0.03658   0.05825   0.24557   0.00532   0.00000   0.02974   0.03611   0.12190   0.14621   0.23117   0.18514   0.29605   0.35457   0.18955   0.20323   0.00000   0.19038   0.41750   0.11625   0.25767   0.11114   0.02453   0.02241   0.10272   0.06561   0.02307   0.40203   0.00623   0.00000   0.11567   0.00000   0.06323   0.07187   0.00759   0.06694   0.03465   0.04604   0.11952   0.07685   0.01507   0.01697   0.01448   0.03902   0.03128   0.00000   0.00000   0.00901   0.16231   0.00000   0.02670   0.03768   0.08400   0.17643   0.00000   0.00000   0.15140   0.14510   0.36337   0.23592   0.60851   0.79590   0.63501  
231  0.3887  12371.806713  x:  1.02984   0.00000   0.00000   1.39352   0.00000   0.27442   0.17325   0.06734   0.03419   0.34249   0.44566   0.00862   0.00000   0.00000   0.11825   0.11587   0.05020   0.02004   0.09041   0.25155   0.29039   0.19217   0.00000   0.00000   0.00000   0.00000   0.00513   0.00000   0.00516   0.00000   0.11733   0.01116   0.05173   0.15007   0.16080   0.01006   0.05433   0.06594   0.14002   0.14217   0.45188   0.09037   0.20761   0.13620   0.00971   0.00000   0.00000   0.23862   0.74102   0.28029   0.05643   0.15137   0.13199   0.19436   0.01041   0.00000   0.00551   0.04159   0.02547   0.26712   0.19911   0.29168   0.26133   0.00000   0.12395   0.08451   0.02309   0.04655   0.00000   0.00786   0.00065   0.12451   0.12279   0.10776   0.23084   0.00000   0.00693   0.18372   0.23350   0.02242   0.20163   0.02552   0.00292   0.37515   0.00000   0.09298   0.03139   0.05339   0.03658   0.05825   0.24558   0.00532   0.00000   0.02974   0.03611   0.12190   0.14621   0.23117   0.18514   0.29603   0.35461   0.18955   0.20323   0.00000   0.19037   0.41749   0.11625   0.25767   0.11115   0.02453   0.02241   0.10274   0.06559   0.02307   0.40203   0.00623   0.00000   0.11563   0.00000   0.06323   0.07188   0.00759   0.06696   0.03465   0.04604   0.11953   0.07684   0.01507   0.01697   0.01448   0.03902   0.03128   0.00000   0.00000   0.00901   0.16231   0.00000   0.02670   0.03769   0.08399   0.17644   0.00000   0.00000   0.15140   0.14512   0.36336   0.23593   0.60852   0.79595   0.63502  
232  0.1670  12371.806710  x:  1.02984   0.00000   0.00000   1.39350   0.00000   0.27441   0.17325   0.06735   0.03419   0.34258   0.44565   0.00862   0.00000   0.00000   0.11828   0.11586   0.05020   0.02004   0.09042   0.25155   0.29040   0.19216   0.00000   0.00000   0.00000   0.00000   0.00514   0.00000   0.00516   0.00000   0.11732   0.01116   0.05173   0.15008   0.16080   0.01006   0.05433   0.06594   0.14002   0.14217   0.45188   0.09037   0.20761   0.13620   0.00971   0.00000   0.00000   0.23863   0.74102   0.28029   0.05643   0.15138   0.13200   0.19436   0.01041   0.00000   0.00551   0.04159   0.02547   0.26711   0.19911   0.29169   0.26133   0.00000   0.12395   0.08451   0.02309   0.04655   0.00000   0.00786   0.00065   0.12452   0.12279   0.10777   0.23082   0.00000   0.00693   0.18373   0.23349   0.02242   0.20163   0.02552   0.00292   0.37512   0.00000   0.09300   0.03139   0.05340   0.03658   0.05825   0.24557   0.00532   0.00000   0.02974   0.03611   0.12190   0.14622   0.23117   0.18514   0.29601   0.35465   0.18955   0.20323   0.00000   0.19036   0.41749   0.11625   0.25766   0.11113   0.02453   0.02241   0.10273   0.06560   0.02307   0.40203   0.00623   0.00000   0.11562   0.00000   0.06323   0.07188   0.00759   0.06695   0.03465   0.04604   0.11952   0.07684   0.01507   0.01697   0.01448   0.03902   0.03128   0.00000   0.00000   0.00901   0.16231   0.00000   0.02670   0.03768   0.08400   0.17645   0.00000   0.00000   0.15140   0.14512   0.36336   0.23592   0.60852   0.79594   0.63507  
233  0.0697  12371.806705  x:  1.02984   0.00000   0.00000   1.39347   0.00000   0.27441   0.17324   0.06734   0.03418   0.34270   0.44566   0.00862   0.00000   0.00000   0.11826   0.11587   0.05020   0.02004   0.09041   0.25155   0.29040   0.19216   0.00000   0.00000   0.00000   0.00000   0.00514   0.00000   0.00516   0.00000   0.11733   0.01116   0.05173   0.15008   0.16081   0.01006   0.05433   0.06594   0.14003   0.14216   0.45188   0.09037   0.20761   0.13621   0.00971   0.00000   0.00000   0.23865   0.74102   0.28028   0.05643   0.15137   0.13199   0.19436   0.01041   0.00000   0.00551   0.04159   0.02547   0.26712   0.19909   0.29168   0.26132   0.00000   0.12395   0.08452   0.02309   0.04655   0.00000   0.00786   0.00065   0.12450   0.12279   0.10776   0.23079   0.00000   0.00693   0.18374   0.23348   0.02242   0.20163   0.02552   0.00292   0.37509   0.00000   0.09299   0.03139   0.05340   0.03658   0.05825   0.24556   0.00532   0.00000   0.02974   0.03611   0.12190   0.14621   0.23118   0.18513   0.29601   0.35471   0.18955   0.20323   0.00000   0.19037   0.41748   0.11626   0.25764   0.11115   0.02453   0.02241   0.10274   0.06559   0.02307   0.40203   0.00623   0.00000   0.11566   0.00000   0.06323   0.07187   0.00759   0.06695   0.03465   0.04604   0.11951   0.07684   0.01507   0.01697   0.01448   0.03902   0.03128   0.00000   0.00000   0.00901   0.16230   0.00000   0.02670   0.03768   0.08400   0.17644   0.00000   0.00000   0.15140   0.14510   0.36336   0.23590   0.60851   0.79589   0.63517  
234  0.0650  12371.806693  x:  1.02983   0.00000   0.00000   1.39339   0.00000   0.27438   0.17322   0.06734   0.03418   0.34289   0.44570   0.00861   0.00000   0.00000   0.11826   0.11585   0.05020   0.02004   0.09043   0.25155   0.29038   0.19217   0.00000   0.00000   0.00000   0.00000   0.00514   0.00000   0.00516   0.00000   0.11732   0.01116   0.05173   0.15005   0.16080   0.01007   0.05433   0.06594   0.14000   0.14218   0.45188   0.09037   0.20761   0.13620   0.00971   0.00000   0.00000   0.23863   0.74102   0.28026   0.05643   0.15137   0.13200   0.19436   0.01041   0.00000   0.00551   0.04159   0.02547   0.26713   0.19909   0.29165   0.26131   0.00000   0.12395   0.08452   0.02309   0.04655   0.00000   0.00786   0.00065   0.12450   0.12278   0.10778   0.23083   0.00000   0.00693   0.18373   0.23350   0.02242   0.20163   0.02552   0.00292   0.37511   0.00000   0.09300   0.03139   0.05340   0.03658   0.05825   0.24558   0.00532   0.00000   0.02974   0.03611   0.12189   0.14620   0.23117   0.18512   0.29603   0.35468   0.18956   0.20323   0.00000   0.19039   0.41746   0.11626   0.25765   0.11114   0.02453   0.02241   0.10273   0.06560   0.02307   0.40203   0.00623   0.00000   0.11564   0.00000   0.06323   0.07188   0.00759   0.06695   0.03465   0.04604   0.11953   0.07683   0.01507   0.01697   0.01448   0.03902   0.03128   0.00000   0.00000   0.00901   0.16230   0.00000   0.02671   0.03769   0.08397   0.17642   0.00000   0.00000   0.15139   0.14509   0.36336   0.23592   0.60853   0.79569   0.63539  
235  0.0764  12371.806682  x:  1.02981   0.00000   0.00000   1.39332   0.00000   0.27436   0.17320   0.06734   0.03419   0.34300   0.44574   0.00861   0.00000   0.00000   0.11827   0.11588   0.05019   0.02004   0.09040   0.25155   0.29037   0.19217   0.00000   0.00000   0.00000   0.00000   0.00514   0.00000   0.00517   0.00000   0.11733   0.01116   0.05173   0.15008   0.16080   0.01007   0.05433   0.06594   0.14003   0.14216   0.45187   0.09037   0.20761   0.13620   0.00971   0.00000   0.00000   0.23862   0.74103   0.28028   0.05642   0.15138   0.13200   0.19436   0.01041   0.00000   0.00551   0.04159   0.02547   0.26713   0.19911   0.29165   0.26133   0.00000   0.12395   0.08452   0.02309   0.04655   0.00000   0.00786   0.00064   0.12452   0.12280   0.10776   0.23085   0.00000   0.00693   0.18373   0.23351   0.02242   0.20163   0.02552   0.00292   0.37515   0.00000   0.09299   0.03139   0.05340   0.03658   0.05825   0.24558   0.00532   0.00000   0.02974   0.03611   0.12191   0.14622   0.23117   0.18514   0.29604   0.35462   0.18956   0.20323   0.00000   0.19037   0.41743   0.11626   0.25767   0.11114   0.02453   0.02241   0.10274   0.06559   0.02306   0.40203   0.00623   0.00000   0.11561   0.00000   0.06323   0.07187   0.00759   0.06695   0.03465   0.04604   0.11952   0.07685   0.01507   0.01697   0.01448   0.03902   0.03128   0.00000   0.00000   0.00901   0.16229   0.00000   0.02671   0.03768   0.08401   0.17642   0.00000   0.00000   0.15138   0.14511   0.36336   0.23594   0.60853   0.79550   0.63550  
236  0.1393  12371.806666  x:  1.02978   0.00000   0.00000   1.39320   0.00000   0.27433   0.17321   0.06735   0.03420   0.34310   0.44580   0.00860   0.00000   0.00000   0.11824   0.11585   0.05020   0.02004   0.09043   0.25155   0.29040   0.19214   0.00000   0.00000   0.00000   0.00000   0.00515   0.00000   0.00517   0.00000   0.11732   0.01116   0.05173   0.15009   0.16081   0.01007   0.05433   0.06594   0.14003   0.14216   0.45187   0.09037   0.20760   0.13621   0.00971   0.00000   0.00000   0.23863   0.74105   0.28031   0.05642   0.15137   0.13199   0.19435   0.01041   0.00000   0.00551   0.04159   0.02547   0.26710   0.19912   0.29171   0.26135   0.00000   0.12395   0.08452   0.02309   0.04656   0.00000   0.00786   0.00064   0.12451   0.12280   0.10777   0.23082   0.00000   0.00693   0.18372   0.23349   0.02242   0.20164   0.02552   0.00292   0.37519   0.00000   0.09300   0.03139   0.05340   0.03658   0.05825   0.24557   0.00532   0.00000   0.02974   0.03611   0.12190   0.14622   0.23117   0.18519   0.29604   0.35454   0.18955   0.20323   0.00000   0.19034   0.41739   0.11627   0.25767   0.11114   0.02453   0.02241   0.10273   0.06560   0.02306   0.40204   0.00623   0.00000   0.11565   0.00000   0.06323   0.07189   0.00759   0.06695   0.03465   0.04604   0.11950   0.07681   0.01507   0.01697   0.01448   0.03902   0.03128   0.00000   0.00000   0.00901   0.16230   0.00000   0.02670   0.03769   0.08398   0.17646   0.00000   0.00000   0.15137   0.14513   0.36336   0.23593   0.60849   0.79523   0.63547  
237  0.1047  12371.806635  x:  1.02971   0.00000   0.00000   1.39299   0.00000   0.27428   0.17325   0.06734   0.03417   0.34318   0.44591   0.00859   0.00000   0.00000   0.11829   0.11588   0.05018   0.02005   0.09039   0.25155   0.29045   0.19216   0.00000   0.00000   0.00000   0.00000   0.00516   0.00000   0.00518   0.00000   0.11733   0.01116   0.05174   0.15003   0.16080   0.01007   0.05433   0.06594   0.13999   0.14219   0.45187   0.09037   0.20760   0.13619   0.00971   0.00000   0.00000   0.23867   0.74111   0.28031   0.05642   0.15137   0.13200   0.19436   0.01041   0.00000   0.00551   0.04159   0.02547   0.26710   0.19909   0.29175   0.26136   0.00000   0.12395   0.08452   0.02309   0.04656   0.00000   0.00786   0.00065   0.12449   0.12277   0.10778   0.23079   0.00000   0.00693   0.18372   0.23347   0.02242   0.20164   0.02552   0.00292   0.37519   0.00000   0.09299   0.03139   0.05341   0.03658   0.05825   0.24556   0.00532   0.00000   0.02974   0.03611   0.12189   0.14619   0.23118   0.18516   0.29601   0.35454   0.18955   0.20323   0.00000   0.19037   0.41731   0.11628   0.25764   0.11114   0.02453   0.02241   0.10274   0.06560   0.02307   0.40205   0.00623   0.00000   0.11566   0.00000   0.06323   0.07186   0.00759   0.06696   0.03465   0.04605   0.11952   0.07686   0.01506   0.01697   0.01448   0.03902   0.03128   0.00000   0.00000   0.00901   0.16229   0.00000   0.02671   0.03769   0.08399   0.17647   0.00000   0.00000   0.15138   0.14510   0.36336   0.23590   0.60851   0.79479   0.63525  
238  0.1756  12371.806611  x:  1.02965   0.00000   0.00000   1.39281   0.00000   0.27424   0.17329   0.06734   0.03417   0.34319   0.44599   0.00858   0.00000   0.00000   0.11825   0.11586   0.05018   0.02004   0.09041   0.25155   0.29043   0.19218   0.00000   0.00000   0.00000   0.00000   0.00516   0.00000   0.00518   0.00000   0.11733   0.01116   0.05174   0.15008   0.16080   0.01007   0.05433   0.06594   0.14003   0.14216   0.45187   0.09037   0.20761   0.13620   0.00971   0.00000   0.00000   0.23865   0.74115   0.28027   0.05642   0.15138   0.13199   0.19436   0.01041   0.00000   0.00552   0.04159   0.02547   0.26712   0.19908   0.29171   0.26133   0.00000   0.12395   0.08452   0.02309   0.04656   0.00000   0.00786   0.00065   0.12451   0.12280   0.10776   0.23080   0.00000   0.00693   0.18373   0.23349   0.02242   0.20163   0.02552   0.00292   0.37515   0.00000   0.09299   0.03139   0.05341   0.03658   0.05825   0.24558   0.00532   0.00000   0.02974   0.03612   0.12191   0.14622   0.23117   0.18512   0.29602   0.35462   0.18956   0.20323   0.00000   0.19039   0.41725   0.11629   0.25764   0.11113   0.02454   0.02241   0.10274   0.06560   0.02307   0.40205   0.00623   0.00000   0.11562   0.00000   0.06323   0.07188   0.00759   0.06695   0.03465   0.04604   0.11955   0.07682   0.01507   0.01697   0.01448   0.03902   0.03128   0.00000   0.00000   0.00901   0.16229   0.00000   0.02671   0.03769   0.08401   0.17643   0.00000   0.00000   0.15140   0.14508   0.36336   0.23592   0.60855   0.79452   0.63505  
239  0.2358  12371.806597  x:  1.02959   0.00000   0.00000   1.39271   0.00000   0.27423   0.17331   0.06735   0.03420   0.34313   0.44602   0.00858   0.00000   0.00000   0.11827   0.11586   0.05018   0.02005   0.09041   0.25155   0.29037   0.19216   0.00000   0.00000   0.00000   0.00000   0.00517   0.00000   0.00519   0.00000   0.11733   0.01116   0.05174   0.15008   0.16081   0.01007   0.05433   0.06594   0.14003   0.14216   0.45187   0.09037   0.20761   0.13620   0.00971   0.00000   0.00000   0.23862   0.74117   0.28026   0.05642   0.15138   0.13198   0.19435   0.01041   0.00000   0.00552   0.04159   0.02547   0.26714   0.19911   0.29164   0.26133   0.00000   0.12395   0.08452   0.02309   0.04656   0.00000   0.00786   0.00064   0.12450   0.12279   0.10777   0.23082   0.00000   0.00693   0.18374   0.23353   0.02242   0.20164   0.02552   0.00293   0.37512   0.00000   0.09299   0.03139   0.05341   0.03658   0.05825   0.24559   0.00532   0.00000   0.02974   0.03612   0.12188   0.14623   0.23117   0.18516   0.29604   0.35469   0.18956   0.20323   0.00000   0.19035   0.41721   0.11628   0.25766   0.11114   0.02454   0.02241   0.10274   0.06559   0.02307   0.40205   0.00623   0.00000   0.11565   0.00000   0.06323   0.07186   0.00760   0.06696   0.03465   0.04605   0.11952   0.07684   0.01507   0.01697   0.01448   0.03902   0.03128   0.00000   0.00000   0.00901   0.16228   0.00000   0.02671   0.03769   0.08397   0.17642   0.00000   0.00000   0.15143   0.14511   0.36336   0.23595   0.60852   0.79451   0.63499  
240  0.0961  12371.806567  x:  1.02945   0.00000   0.00000   1.39248   0.00000   0.27419   0.17331   0.06734   0.03419   0.34285   0.44603   0.00859   0.00000   0.00000   0.11827   0.11589   0.05018   0.02005   0.09041   0.25155   0.29032   0.19214   0.00000   0.00000   0.00000   0.00000   0.00518   0.00000   0.00519   0.00000   0.11733   0.01116   0.05174   0.15002   0.16080   0.01007   0.05433   0.06594   0.13999   0.14219   0.45186   0.09038   0.20760   0.13618   0.00970   0.00000   0.00000   0.23862   0.74120   0.28028   0.05641   0.15137   0.13201   0.19435   0.01041   0.00000   0.00552   0.04159   0.02547   0.26713   0.19911   0.29160   0.26137   0.00000   0.12396   0.08451   0.02309   0.04656   0.00000   0.00786   0.00064   0.12450   0.12279   0.10775   0.23081   0.00000   0.00693   0.18373   0.23353   0.02242   0.20166   0.02552   0.00293   0.37511   0.00000   0.09299   0.03139   0.05342   0.03658   0.05825   0.24560   0.00532   0.00000   0.02974   0.03612   0.12193   0.14619   0.23116   0.18520   0.29608   0.35472   0.18955   0.20324   0.00000   0.19033   0.41712   0.11627   0.25770   0.11113   0.02454   0.02241   0.10274   0.06559   0.02307   0.40205   0.00623   0.00000   0.11567   0.00000   0.06323   0.07192   0.00760   0.06694   0.03466   0.04604   0.11951   0.07681   0.01507   0.01697   0.01448   0.03902   0.03128   0.00000   0.00000   0.00901   0.16227   0.00000   0.02671   0.03768   0.08405   0.17645   0.00000   0.00000   0.15155   0.14514   0.36336   0.23596   0.60849   0.79474   0.63502  
241  0.1087  12371.806500  x:  1.02911   0.00000   0.00000   1.39197   0.00000   0.27411   0.17330   0.06733   0.03415   0.34219   0.44604   0.00860   0.00000   0.00000   0.11826   0.11584   0.05017   0.02005   0.09041   0.25155   0.29032   0.19215   0.00000   0.00000   0.00000   0.00000   0.00520   0.00000   0.00521   0.00000   0.11733   0.01116   0.05174   0.15005   0.16080   0.01007   0.05432   0.06594   0.14003   0.14216   0.45185   0.09038   0.20760   0.13618   0.00970   0.00000   0.00000   0.23867   0.74124   0.28032   0.05640   0.15138   0.13199   0.19437   0.01041   0.00000   0.00552   0.04159   0.02547   0.26710   0.19907   0.29165   0.26140   0.00000   0.12395   0.08451   0.02309   0.04656   0.00000   0.00786   0.00064   0.12452   0.12281   0.10776   0.23078   0.00000   0.00693   0.18370   0.23350   0.02242   0.20165   0.02552   0.00293   0.37514   0.00000   0.09299   0.03139   0.05343   0.03658   0.05825   0.24558   0.00531   0.00000   0.02975   0.03612   0.12190   0.14622   0.23117   0.18516   0.29610   0.35468   0.18955   0.20324   0.00000   0.19037   0.41692   0.11626   0.25770   0.11112   0.02454   0.02241   0.10275   0.06560   0.02308   0.40205   0.00623   0.00000   0.11564   0.00000   0.06323   0.07183   0.00760   0.06696   0.03465   0.04605   0.11956   0.07683   0.01507   0.01698   0.01447   0.03902   0.03128   0.00000   0.00000   0.00901   0.16226   0.00000   0.02672   0.03768   0.08400   0.17649   0.00000   0.00000   0.15182   0.14511   0.36335   0.23595   0.60854   0.79539   0.63515  
242  0.4023  12371.806488  x:  1.02905   0.00000   0.00000   1.39187   0.00000   0.27410   0.17330   0.06734   0.03418   0.34206   0.44604   0.00860   0.00000   0.00000   0.11828   0.11586   0.05016   0.02005   0.09040   0.25155   0.29038   0.19216   0.00000   0.00000   0.00000   0.00000   0.00520   0.00000   0.00521   0.00000   0.11733   0.01116   0.05174   0.15007   0.16081   0.01007   0.05432   0.06594   0.14003   0.14216   0.45185   0.09037   0.20761   0.13620   0.00970   0.00000   0.00000   0.23866   0.74125   0.28029   0.05640   0.15138   0.13198   0.19435   0.01041   0.00000   0.00552   0.04159   0.02547   0.26711   0.19908   0.29168   0.26138   0.00000   0.12395   0.08451   0.02309   0.04656   0.00000   0.00786   0.00064   0.12449   0.12279   0.10776   0.23079   0.00000   0.00693   0.18373   0.23351   0.02242   0.20164   0.02552   0.00294   0.37515   0.00000   0.09299   0.03139   0.05343   0.03658   0.05825   0.24558   0.00531   0.00000   0.02975   0.03612   0.12189   0.14624   0.23117   0.18515   0.29607   0.35465   0.18956   0.20324   0.00000   0.19036   0.41689   0.11627   0.25767   0.11113   0.02455   0.02241   0.10274   0.06559   0.02308   0.40205   0.00623   0.00000   0.11564   0.00000   0.06323   0.07189   0.00760   0.06695   0.03465   0.04605   0.11954   0.07683   0.01507   0.01698   0.01447   0.03902   0.03128   0.00000   0.00000   0.00901   0.16225   0.00000   0.02672   0.03769   0.08398   0.17644   0.00000   0.00000   0.15187   0.14509   0.36335   0.23594   0.60855   0.79552   0.63518  
243  0.2332  12371.806486  x:  1.02904   0.00000   0.00000   1.39185   0.00000   0.27410   0.17330   0.06734   0.03419   0.34204   0.44604   0.00859   0.00000   0.00000   0.11827   0.11586   0.05016   0.02005   0.09040   0.25155   0.29040   0.19216   0.00000   0.00000   0.00000   0.00000   0.00520   0.00000   0.00521   0.00000   0.11733   0.01116   0.05174   0.15006   0.16080   0.01007   0.05432   0.06594   0.14002   0.14217   0.45185   0.09037   0.20761   0.13619   0.00970   0.00000   0.00000   0.23865   0.74125   0.28028   0.05640   0.15138   0.13198   0.19435   0.01041   0.00000   0.00552   0.04159   0.02547   0.26712   0.19909   0.29168   0.26136   0.00000   0.12395   0.08451   0.02309   0.04656   0.00000   0.00786   0.00064   0.12449   0.12279   0.10776   0.23079   0.00000   0.00693   0.18374   0.23352   0.02242   0.20164   0.02552   0.00294   0.37516   0.00000   0.09299   0.03139   0.05343   0.03658   0.05825   0.24558   0.00531   0.00000   0.02975   0.03612   0.12190   0.14623   0.23117   0.18516   0.29605   0.35464   0.18956   0.20324   0.00000   0.19036   0.41688   0.11627   0.25766   0.11113   0.02455   0.02241   0.10274   0.06559   0.02308   0.40205   0.00623   0.00000   0.11565   0.00000   0.06323   0.07187   0.00760   0.06695   0.03465   0.04605   0.11953   0.07682   0.01507   0.01698   0.01447   0.03902   0.03128   0.00000   0.00000   0.00901   0.16225   0.00000   0.02672   0.03769   0.08400   0.17642   0.00000   0.00000   0.15188   0.14509   0.36335   0.23595   0.60854   0.79554   0.63519  
244  0.0719  12371.806486  x:  1.02904   0.00000   0.00000   1.39185   0.00000   0.27409   0.17330   0.06734   0.03419   0.34204   0.44604   0.00859   0.00000   0.00000   0.11827   0.11586   0.05016   0.02005   0.09040   0.25155   0.29040   0.19216   0.00000   0.00000   0.00000   0.00000   0.00520   0.00000   0.00521   0.00000   0.11733   0.01116   0.05174   0.15006   0.16080   0.01007   0.05432   0.06594   0.14002   0.14216   0.45185   0.09037   0.20761   0.13619   0.00970   0.00000   0.00000   0.23865   0.74125   0.28027   0.05640   0.15138   0.13198   0.19435   0.01041   0.00000   0.00552   0.04159   0.02546   0.26712   0.19909   0.29168   0.26136   0.00000   0.12395   0.08451   0.02309   0.04656   0.00000   0.00786   0.00064   0.12450   0.12280   0.10776   0.23079   0.00000   0.00693   0.18374   0.23352   0.02242   0.20164   0.02552   0.00294   0.37516   0.00000   0.09299   0.03139   0.05343   0.03658   0.05825   0.24559   0.00531   0.00000   0.02975   0.03612   0.12190   0.14623   0.23117   0.18516   0.29605   0.35464   0.18956   0.20324   0.00000   0.19036   0.41688   0.11627   0.25765   0.11112   0.02455   0.02241   0.10274   0.06559   0.02308   0.40205   0.00623   0.00000   0.11565   0.00000   0.06323   0.07187   0.00760   0.06695   0.03465   0.04605   0.11953   0.07682   0.01507   0.01698   0.01447   0.03902   0.03128   0.00000   0.00000   0.00901   0.16225   0.00000   0.02672   0.03769   0.08399   0.17642   0.00000   0.00000   0.15188   0.14509   0.36335   0.23595   0.60854   0.79554   0.63519  
245  0.0125  12371.806486  x:  1.02904   0.00000   0.00000   1.39185   0.00000   0.27409   0.17330   0.06734   0.03419   0.34204   0.44604   0.00859   0.00000   0.00000   0.11827   0.11586   0.05016   0.02005   0.09040   0.25155   0.29041   0.19216   0.00000   0.00000   0.00000   0.00000   0.00520   0.00000   0.00521   0.00000   0.11733   0.01116   0.05174   0.15006   0.16080   0.01007   0.05432   0.06594   0.14002   0.14217   0.45185   0.09037   0.20761   0.13619   0.00970   0.00000   0.00000   0.23865   0.74125   0.28027   0.05640   0.15138   0.13198   0.19435   0.01041   0.00000   0.00552   0.04159   0.02546   0.26712   0.19909   0.29168   0.26136   0.00000   0.12395   0.08451   0.02309   0.04656   0.00000   0.00786   0.00064   0.12449   0.12279   0.10776   0.23079   0.00000   0.00693   0.18374   0.23352   0.02242   0.20165   0.02552   0.00294   0.37516   0.00000   0.09299   0.03139   0.05343   0.03658   0.05825   0.24559   0.00531   0.00000   0.02975   0.03612   0.12190   0.14623   0.23117   0.18516   0.29605   0.35464   0.18956   0.20324   0.00000   0.19036   0.41688   0.11627   0.25765   0.11112   0.02455   0.02241   0.10274   0.06559   0.02308   0.40205   0.00623   0.00000   0.11565   0.00000   0.06323   0.07187   0.00760   0.06695   0.03465   0.04605   0.11954   0.07682   0.01507   0.01698   0.01447   0.03902   0.03128   0.00000   0.00000   0.00901   0.16225   0.00000   0.02672   0.03769   0.08400   0.17642   0.00000   0.00000   0.15188   0.14509   0.36335   0.23595   0.60854   0.79554   0.63519  
246  0.0039  12371.806486  x:  1.02903   0.00000   0.00000   1.39184   0.00000   0.27409   0.17330   0.06735   0.03419   0.34204   0.44604   0.00859   0.00000   0.00000   0.11827   0.11585   0.05016   0.02005   0.09040   0.25155   0.29041   0.19216   0.00000   0.00000   0.00000   0.00000   0.00520   0.00000   0.00521   0.00000   0.11733   0.01116   0.05174   0.15006   0.16080   0.01007   0.05432   0.06594   0.14002   0.14217   0.45185   0.09037   0.20761   0.13619   0.00970   0.00000   0.00000   0.23865   0.74125   0.28027   0.05640   0.15138   0.13198   0.19435   0.01041   0.00000   0.00552   0.04159   0.02547   0.26712   0.19909   0.29167   0.26137   0.00000   0.12395   0.08451   0.02309   0.04656   0.00000   0.00786   0.00064   0.12449   0.12280   0.10776   0.23079   0.00000   0.00693   0.18373   0.23352   0.02242   0.20165   0.02552   0.00294   0.37516   0.00000   0.09299   0.03139   0.05343   0.03658   0.05825   0.24559   0.00531   0.00000   0.02975   0.03612   0.12190   0.14623   0.23117   0.18516   0.29604   0.35464   0.18956   0.20324   0.00000   0.19036   0.41688   0.11627   0.25766   0.11113   0.02455   0.02241   0.10274   0.06559   0.02308   0.40205   0.00623   0.00000   0.11565   0.00000   0.06323   0.07187   0.00760   0.06695   0.03465   0.04605   0.11953   0.07683   0.01507   0.01698   0.01447   0.03902   0.03128   0.00000   0.00000   0.00901   0.16225   0.00000   0.02672   0.03769   0.08400   0.17643   0.00000   0.00000   0.15188   0.14509   0.36335   0.23595   0.60854   0.79554   0.63519  
247  0.0019  12371.806486  x:  1.02900   0.00000   0.00000   1.39178   0.00000   0.27409   0.17330   0.06735   0.03419   0.34204   0.44605   0.00859   0.00000   0.00000   0.11827   0.11586   0.05016   0.02005   0.09040   0.25155   0.29042   0.19216   0.00000   0.00000   0.00000   0.00000   0.00520   0.00000   0.00521   0.00000   0.11733   0.01116   0.05174   0.15006   0.16080   0.01007   0.05432   0.06594   0.14003   0.14216   0.45185   0.09038   0.20761   0.13619   0.00970   0.00000   0.00000   0.23866   0.74126   0.28027   0.05640   0.15138   0.13198   0.19435   0.01041   0.00000   0.00552   0.04159   0.02547   0.26712   0.19909   0.29166   0.26137   0.00000   0.12395   0.08451   0.02309   0.04656   0.00000   0.00786   0.00064   0.12450   0.12280   0.10776   0.23080   0.00000   0.00693   0.18374   0.23351   0.02242   0.20164   0.02552   0.00294   0.37516   0.00000   0.09299   0.03139   0.05343   0.03658   0.05825   0.24558   0.00531   0.00000   0.02975   0.03612   0.12190   0.14622   0.23117   0.18515   0.29604   0.35464   0.18956   0.20323   0.00000   0.19036   0.41686   0.11627   0.25766   0.11112   0.02455   0.02241   0.10274   0.06559   0.02308   0.40205   0.00623   0.00000   0.11565   0.00000   0.06323   0.07187   0.00760   0.06695   0.03465   0.04605   0.11953   0.07682   0.01507   0.01698   0.01447   0.03902   0.03128   0.00000   0.00000   0.00901   0.16225   0.00000   0.02672   0.03769   0.08399   0.17643   0.00000   0.00000   0.15189   0.14509   0.36335   0.23595   0.60854   0.79553   0.63519  
248  0.0099  12371.806483  x:  1.02885   0.00000   0.00000   1.39145   0.00000   0.27405   0.17331   0.06735   0.03418   0.34205   0.44609   0.00859   0.00000   0.00000   0.11827   0.11585   0.05017   0.02005   0.09040   0.25155   0.29042   0.19216   0.00000   0.00000   0.00000   0.00000   0.00520   0.00000   0.00521   0.00000   0.11733   0.01116   0.05174   0.15007   0.16080   0.01007   0.05432   0.06594   0.14002   0.14216   0.45185   0.09037   0.20761   0.13619   0.00970   0.00000   0.00000   0.23865   0.74128   0.28028   0.05640   0.15138   0.13198   0.19436   0.01041   0.00000   0.00553   0.04159   0.02546   0.26712   0.19910   0.29166   0.26137   0.00000   0.12395   0.08451   0.02309   0.04656   0.00000   0.00786   0.00064   0.12450   0.12278   0.10776   0.23079   0.00000   0.00693   0.18375   0.23351   0.02242   0.20164   0.02552   0.00294   0.37515   0.00000   0.09299   0.03138   0.05342   0.03658   0.05825   0.24558   0.00531   0.00000   0.02975   0.03612   0.12190   0.14623   0.23117   0.18515   0.29604   0.35464   0.18956   0.20323   0.00000   0.19035   0.41679   0.11627   0.25767   0.11112   0.02455   0.02241   0.10274   0.06560   0.02308   0.40205   0.00623   0.00000   0.11565   0.00000   0.06323   0.07187   0.00760   0.06695   0.03465   0.04605   0.11954   0.07683   0.01507   0.01698   0.01447   0.03902   0.03128   0.00000   0.00000   0.00901   0.16225   0.00000   0.02672   0.03769   0.08400   0.17642   0.00000   0.00000   0.15194   0.14509   0.36334   0.23594   0.60853   0.79551   0.63520  
249  0.0665  12371.806482  x:  1.02879   0.00000   0.00000   1.39134   0.00000   0.27404   0.17331   0.06735   0.03418   0.34206   0.44610   0.00859   0.00000   0.00000   0.11827   0.11586   0.05017   0.02005   0.09040   0.25155   0.29041   0.19216   0.00000   0.00000   0.00000   0.00000   0.00520   0.00000   0.00521   0.00000   0.11733   0.01116   0.05174   0.15007   0.16081   0.01007   0.05432   0.06594   0.14002   0.14217   0.45185   0.09037   0.20761   0.13620   0.00970   0.00000   0.00000   0.23865   0.74129   0.28027   0.05640   0.15138   0.13199   0.19435   0.01041   0.00000   0.00553   0.04159   0.02546   0.26712   0.19910   0.29167   0.26136   0.00000   0.12395   0.08451   0.02309   0.04656   0.00000   0.00786   0.00064   0.12450   0.12280   0.10776   0.23079   0.00000   0.00693   0.18374   0.23351   0.02242   0.20164   0.02552   0.00294   0.37515   0.00000   0.09299   0.03138   0.05342   0.03658   0.05826   0.24558   0.00531   0.00000   0.02975   0.03612   0.12190   0.14623   0.23117   0.18515   0.29605   0.35464   0.18956   0.20324   0.00000   0.19036   0.41676   0.11627   0.25766   0.11113   0.02455   0.02241   0.10274   0.06559   0.02308   0.40205   0.00623   0.00000   0.11565   0.00000   0.06323   0.07187   0.00760   0.06695   0.03465   0.04605   0.11954   0.07683   0.01507   0.01698   0.01447   0.03902   0.03128   0.00000   0.00000   0.00901   0.16225   0.00000   0.02672   0.03769   0.08399   0.17642   0.00000   0.00000   0.15196   0.14510   0.36334   0.23594   0.60854   0.79550   0.63520  
250  0.0882  12371.806482  x:  1.02879   0.00000   0.00000   1.39133   0.00000   0.27404   0.17331   0.06734   0.03419   0.34206   0.44610   0.00859   0.00000   0.00000   0.11827   0.11586   0.05017   0.02005   0.09040   0.25155   0.29041   0.19216   0.00000   0.00000   0.00000   0.00000   0.00520   0.00000   0.00521   0.00000   0.11733   0.01116   0.05174   0.15006   0.16080   0.01007   0.05432   0.06594   0.14002   0.14217   0.45185   0.09037   0.20761   0.13619   0.00970   0.00000   0.00000   0.23865   0.74129   0.28027   0.05640   0.15138   0.13199   0.19435   0.01041   0.00000   0.00553   0.04159   0.02546   0.26712   0.19910   0.29168   0.26136   0.00000   0.12395   0.08451   0.02309   0.04656   0.00000   0.00786   0.00064   0.12450   0.12279   0.10776   0.23079   0.00000   0.00693   0.18374   0.23351   0.02242   0.20164   0.02552   0.00294   0.37515   0.00000   0.09299   0.03138   0.05342   0.03658   0.05826   0.24558   0.00531   0.00000   0.02975   0.03612   0.12190   0.14623   0.23117   0.18515   0.29605   0.35464   0.18956   0.20324   0.00000   0.19036   0.41676   0.11627   0.25766   0.11113   0.02455   0.02241   0.10274   0.06559   0.02308   0.40205   0.00623   0.00000   0.11565   0.00000   0.06323   0.07187   0.00760   0.06695   0.03465   0.04605   0.11953   0.07683   0.01507   0.01698   0.01447   0.03902   0.03128   0.00000   0.00000   0.00901   0.16225   0.00000   0.02672   0.03769   0.08399   0.17642   0.00000   0.00000   0.15196   0.14510   0.36334   0.23595   0.60854   0.79550   0.63520  
251  0.0155  12371.806482  x:  1.02879   0.00000   0.00000   1.39133   0.00000   0.27404   0.17331   0.06734   0.03419   0.34206   0.44610   0.00859   0.00000   0.00000   0.11827   0.11586   0.05017   0.02005   0.09040   0.25155   0.29041   0.19216   0.00000   0.00000   0.00000   0.00000   0.00520   0.00000   0.00521   0.00000   0.11733   0.01116   0.05174   0.15007   0.16080   0.01007   0.05432   0.06594   0.14002   0.14217   0.45185   0.09037   0.20761   0.13619   0.00970   0.00000   0.00000   0.23865   0.74129   0.28027   0.05640   0.15138   0.13199   0.19435   0.01041   0.00000   0.00553   0.04159   0.02546   0.26712   0.19910   0.29168   0.26136   0.00000   0.12395   0.08451   0.02309   0.04656   0.00000   0.00786   0.00064   0.12450   0.12279   0.10776   0.23079   0.00000   0.00693   0.18374   0.23351   0.02242   0.20164   0.02552   0.00294   0.37515   0.00000   0.09299   0.03138   0.05342   0.03658   0.05826   0.24558   0.00531   0.00000   0.02975   0.03612   0.12190   0.14623   0.23117   0.18515   0.29605   0.35464   0.18956   0.20323   0.00000   0.19036   0.41676   0.11627   0.25766   0.11113   0.02455   0.02241   0.10274   0.06559   0.02308   0.40205   0.00623   0.00000   0.11565   0.00000   0.06323   0.07187   0.00760   0.06695   0.03465   0.04605   0.11953   0.07683   0.01507   0.01698   0.01447   0.03902   0.03128   0.00000   0.00000   0.00901   0.16225   0.00000   0.02672   0.03769   0.08399   0.17642   0.00000   0.00000   0.15196   0.14510   0.36334   0.23595   0.60854   0.79550   0.63520  
252  0.0023  12371.806482  x:  1.02879   0.00000   0.00000   1.39133   0.00000   0.27404   0.17331   0.06734   0.03419   0.34206   0.44610   0.00859   0.00000   0.00000   0.11827   0.11586   0.05017   0.02005   0.09040   0.25155   0.29041   0.19216   0.00000   0.00000   0.00000   0.00000   0.00520   0.00000   0.00521   0.00000   0.11733   0.01116   0.05174   0.15007   0.16080   0.01007   0.05432   0.06594   0.14002   0.14217   0.45185   0.09037   0.20761   0.13619   0.00970   0.00000   0.00000   0.23865   0.74129   0.28027   0.05640   0.15138   0.13199   0.19435   0.01041   0.00000   0.00553   0.04159   0.02546   0.26712   0.19910   0.29168   0.26136   0.00000   0.12395   0.08451   0.02309   0.04656   0.00000   0.00786   0.00064   0.12450   0.12279   0.10776   0.23079   0.00000   0.00693   0.18374   0.23351   0.02242   0.20164   0.02552   0.00294   0.37515   0.00000   0.09299   0.03138   0.05342   0.03658   0.05826   0.24558   0.00531   0.00000   0.02975   0.03612   0.12190   0.14623   0.23117   0.18515   0.29605   0.35464   0.18956   0.20323   0.00000   0.19036   0.41676   0.11627   0.25766   0.11113   0.02455   0.02241   0.10274   0.06559   0.02308   0.40205   0.00623   0.00000   0.11565   0.00000   0.06323   0.07187   0.00760   0.06695   0.03465   0.04605   0.11953   0.07683   0.01507   0.01698   0.01447   0.03902   0.03128   0.00000   0.00000   0.00901   0.16225   0.00000   0.02672   0.03769   0.08399   0.17642   0.00000   0.00000   0.15196   0.14510   0.36334   0.23595   0.60854   0.79550   0.63520  
253  0.0007  12371.806482  x:  1.02879   0.00000   0.00000   1.39133   0.00000   0.27404   0.17331   0.06734   0.03419   0.34206   0.44610   0.00859   0.00000   0.00000   0.11827   0.11586   0.05017   0.02005   0.09040   0.25155   0.29041   0.19216   0.00000   0.00000   0.00000   0.00000   0.00520   0.00000   0.00521   0.00000   0.11733   0.01116   0.05174   0.15007   0.16080   0.01007   0.05432   0.06594   0.14002   0.14217   0.45185   0.09037   0.20761   0.13619   0.00970   0.00000   0.00000   0.23865   0.74129   0.28027   0.05640   0.15138   0.13199   0.19435   0.01041   0.00000   0.00553   0.04159   0.02546   0.26712   0.19910   0.29168   0.26136   0.00000   0.12395   0.08451   0.02309   0.04656   0.00000   0.00786   0.00064   0.12450   0.12279   0.10776   0.23079   0.00000   0.00693   0.18374   0.23351   0.02242   0.20164   0.02552   0.00294   0.37515   0.00000   0.09299   0.03138   0.05342   0.03658   0.05826   0.24558   0.00531   0.00000   0.02975   0.03612   0.12190   0.14623   0.23117   0.18515   0.29605   0.35464   0.18956   0.20323   0.00000   0.19036   0.41676   0.11627   0.25766   0.11113   0.02455   0.02241   0.10274   0.06559   0.02308   0.40205   0.00623   0.00000   0.11565   0.00000   0.06323   0.07187   0.00760   0.06695   0.03465   0.04605   0.11953   0.07683   0.01507   0.01698   0.01447   0.03902   0.03128   0.00000   0.00000   0.00901   0.16225   0.00000   0.02672   0.03769   0.08399   0.17642   0.00000   0.00000   0.15196   0.14510   0.36334   0.23595   0.60854   0.79550   0.63520  
254  0.0001  12371.806482  x:  1.02879   0.00000   0.00000   1.39133   0.00000   0.27404   0.17331   0.06734   0.03419   0.34206   0.44610   0.00859   0.00000   0.00000   0.11827   0.11586   0.05017   0.02005   0.09040   0.25155   0.29041   0.19216   0.00000   0.00000   0.00000   0.00000   0.00520   0.00000   0.00521   0.00000   0.11733   0.01116   0.05174   0.15007   0.16080   0.01007   0.05432   0.06594   0.14002   0.14217   0.45185   0.09037   0.20761   0.13619   0.00970   0.00000   0.00000   0.23865   0.74129   0.28027   0.05640   0.15138   0.13199   0.19435   0.01041   0.00000   0.00553   0.04159   0.02546   0.26713   0.19910   0.29168   0.26136   0.00000   0.12395   0.08451   0.02309   0.04656   0.00000   0.00786   0.00064   0.12450   0.12279   0.10776   0.23079   0.00000   0.00693   0.18374   0.23351   0.02242   0.20164   0.02552   0.00294   0.37515   0.00000   0.09299   0.03138   0.05342   0.03658   0.05826   0.24558   0.00531   0.00000   0.02975   0.03612   0.12190   0.14623   0.23117   0.18515   0.29605   0.35464   0.18956   0.20323   0.00000   0.19036   0.41676   0.11627   0.25766   0.11113   0.02455   0.02241   0.10274   0.06559   0.02308   0.40205   0.00623   0.00000   0.11565   0.00000   0.06323   0.07187   0.00760   0.06695   0.03465   0.04605   0.11953   0.07683   0.01507   0.01698   0.01447   0.03902   0.03128   0.00000   0.00000   0.00901   0.16225   0.00000   0.02672   0.03769   0.08399   0.17642   0.00000   0.00000   0.15196   0.14510   0.36334   0.23595   0.60854   0.79550   0.63520  
255  0.0001  12371.806482  x:  1.02879   0.00000   0.00000   1.39133   0.00000   0.27404   0.17331   0.06734   0.03419   0.34206   0.44610   0.00859   0.00000   0.00000   0.11827   0.11586   0.05017   0.02005   0.09040   0.25155   0.29041   0.19216   0.00000   0.00000   0.00000   0.00000   0.00520   0.00000   0.00521   0.00000   0.11733   0.01116   0.05174   0.15006   0.16080   0.01007   0.05432   0.06594   0.14002   0.14217   0.45185   0.09037   0.20761   0.13619   0.00970   0.00000   0.00000   0.23865   0.74129   0.28027   0.05640   0.15138   0.13199   0.19435   0.01041   0.00000   0.00553   0.04159   0.02546   0.26712   0.19910   0.29168   0.26136   0.00000   0.12395   0.08451   0.02309   0.04656   0.00000   0.00786   0.00064   0.12450   0.12279   0.10776   0.23079   0.00000   0.00693   0.18374   0.23351   0.02242   0.20164   0.02552   0.00294   0.37515   0.00000   0.09299   0.03138   0.05342   0.03658   0.05825   0.24558   0.00531   0.00000   0.02975   0.03612   0.12190   0.14623   0.23117   0.18515   0.29605   0.35464   0.18956   0.20323   0.00000   0.19036   0.41676   0.11627   0.25766   0.11113   0.02455   0.02241   0.10274   0.06559   0.02308   0.40205   0.00623   0.00000   0.11565   0.00000   0.06323   0.07187   0.00760   0.06695   0.03465   0.04605   0.11953   0.07683   0.01507   0.01698   0.01447   0.03902   0.03128   0.00000   0.00000   0.00901   0.16225   0.00000   0.02672   0.03769   0.08399   0.17642   0.00000   0.00000   0.15196   0.14510   0.36334   0.23595   0.60854   0.79550   0.63520  
256  0.0003  12371.806482  x:  1.02878   0.00000   0.00000   1.39132   0.00000   0.27404   0.17331   0.06734   0.03419   0.34205   0.44611   0.00859   0.00000   0.00000   0.11827   0.11586   0.05017   0.02005   0.09040   0.25155   0.29041   0.19216   0.00000   0.00000   0.00000   0.00000   0.00520   0.00000   0.00521   0.00000   0.11733   0.01116   0.05174   0.15006   0.16080   0.01007   0.05432   0.06594   0.14002   0.14217   0.45185   0.09037   0.20761   0.13619   0.00970   0.00000   0.00000   0.23865   0.74129   0.28027   0.05640   0.15138   0.13199   0.19435   0.01041   0.00000   0.00553   0.04159   0.02546   0.26712   0.19910   0.29168   0.26136   0.00000   0.12395   0.08451   0.02309   0.04656   0.00000   0.00786   0.00064   0.12450   0.12279   0.10776   0.23079   0.00000   0.00693   0.18374   0.23351   0.02242   0.20164   0.02552   0.00294   0.37515   0.00000   0.09299   0.03138   0.05342   0.03658   0.05825   0.24558   0.00531   0.00000   0.02975   0.03612   0.12190   0.14623   0.23117   0.18515   0.29605   0.35464   0.18956   0.20323   0.00000   0.19036   0.41677   0.11627   0.25766   0.11113   0.02455   0.02241   0.10274   0.06559   0.02308   0.40205   0.00623   0.00000   0.11565   0.00000   0.06323   0.07187   0.00760   0.06695   0.03465   0.04605   0.11953   0.07683   0.01507   0.01698   0.01447   0.03902   0.03128   0.00000   0.00000   0.00901   0.16225   0.00000   0.02672   0.03769   0.08399   0.17642   0.00000   0.00000   0.15195   0.14510   0.36334   0.23595   0.60854   0.79550   0.63520  
257  0.0036  12371.806482  x:  1.02878   0.00000   0.00000   1.39131   0.00000   0.27404   0.17331   0.06734   0.03419   0.34205   0.44611   0.00859   0.00000   0.00000   0.11827   0.11586   0.05017   0.02005   0.09040   0.25155   0.29041   0.19216   0.00000   0.00000   0.00000   0.00000   0.00520   0.00000   0.00521   0.00000   0.11733   0.01116   0.05174   0.15007   0.16080   0.01007   0.05432   0.06594   0.14002   0.14217   0.45185   0.09037   0.20761   0.13619   0.00970   0.00000   0.00000   0.23865   0.74128   0.28027   0.05640   0.15138   0.13199   0.19435   0.01041   0.00000   0.00553   0.04159   0.02546   0.26712   0.19910   0.29168   0.26136   0.00000   0.12395   0.08451   0.02309   0.04656   0.00000   0.00786   0.00064   0.12450   0.12279   0.10776   0.23079   0.00000   0.00693   0.18374   0.23351   0.02242   0.20164   0.02552   0.00294   0.37515   0.00000   0.09299   0.03138   0.05342   0.03658   0.05825   0.24558   0.00531   0.00000   0.02975   0.03612   0.12190   0.14623   0.23117   0.18515   0.29605   0.35464   0.18956   0.20324   0.00000   0.19036   0.41677   0.11627   0.25766   0.11113   0.02455   0.02241   0.10274   0.06559   0.02308   0.40204   0.00623   0.00000   0.11565   0.00000   0.06323   0.07187   0.00760   0.06695   0.03465   0.04605   0.11953   0.07683   0.01507   0.01698   0.01447   0.03902   0.03128   0.00000   0.00000   0.00901   0.16225   0.00000   0.02672   0.03769   0.08399   0.17642   0.00000   0.00000   0.15195   0.14510   0.36334   0.23595   0.60854   0.79550   0.63520  
258  0.0035  12371.806482  x:  1.02878   0.00000   0.00000   1.39131   0.00000   0.27404   0.17331   0.06734   0.03419   0.34205   0.44611   0.00859   0.00000   0.00000   0.11827   0.11586   0.05017   0.02005   0.09040   0.25155   0.29041   0.19216   0.00000   0.00000   0.00000   0.00000   0.00520   0.00000   0.00521   0.00000   0.11733   0.01116   0.05174   0.15006   0.16080   0.01007   0.05432   0.06594   0.14002   0.14217   0.45185   0.09037   0.20761   0.13619   0.00970   0.00000   0.00000   0.23865   0.74128   0.28027   0.05640   0.15138   0.13199   0.19435   0.01041   0.00000   0.00553   0.04159   0.02546   0.26712   0.19910   0.29168   0.26136   0.00000   0.12395   0.08451   0.02309   0.04656   0.00000   0.00786   0.00064   0.12450   0.12279   0.10776   0.23079   0.00000   0.00693   0.18374   0.23351   0.02242   0.20164   0.02552   0.00294   0.37515   0.00000   0.09299   0.03138   0.05342   0.03658   0.05825   0.24558   0.00531   0.00000   0.02975   0.03612   0.12190   0.14623   0.23117   0.18515   0.29605   0.35464   0.18956   0.20324   0.00000   0.19036   0.41677   0.11627   0.25766   0.11113   0.02455   0.02241   0.10274   0.06559   0.02308   0.40204   0.00623   0.00000   0.11565   0.00000   0.06323   0.07187   0.00760   0.06695   0.03465   0.04605   0.11953   0.07683   0.01507   0.01698   0.01447   0.03902   0.03128   0.00000   0.00000   0.00901   0.16225   0.00000   0.02672   0.03769   0.08399   0.17642   0.00000   0.00000   0.15195   0.14510   0.36334   0.23595   0.60854   0.79550   0.63520  
259  0.0007  12371.806482  x:  1.02878   0.00000   0.00000   1.39131   0.00000   0.27404   0.17331   0.06734   0.03419   0.34205   0.44611   0.00859   0.00000   0.00000   0.11827   0.11586   0.05017   0.02005   0.09040   0.25155   0.29041   0.19216   0.00000   0.00000   0.00000   0.00000   0.00520   0.00000   0.00521   0.00000   0.11733   0.01116   0.05174   0.15006   0.16080   0.01007   0.05432   0.06594   0.14002   0.14217   0.45185   0.09037   0.20761   0.13619   0.00970   0.00000   0.00000   0.23865   0.74128   0.28027   0.05640   0.15138   0.13199   0.19435   0.01041   0.00000   0.00553   0.04159   0.02546   0.26712   0.19910   0.29168   0.26136   0.00000   0.12395   0.08451   0.02309   0.04656   0.00000   0.00786   0.00064   0.12450   0.12279   0.10776   0.23079   0.00000   0.00693   0.18374   0.23351   0.02242   0.20164   0.02552   0.00294   0.37515   0.00000   0.09299   0.03138   0.05342   0.03658   0.05825   0.24558   0.00531   0.00000   0.02975   0.03612   0.12190   0.14623   0.23117   0.18515   0.29605   0.35464   0.18956   0.20324   0.00000   0.19036   0.41677   0.11627   0.25766   0.11113   0.02455   0.02241   0.10274   0.06559   0.02308   0.40204   0.00623   0.00000   0.11565   0.00000   0.06323   0.07187   0.00760   0.06695   0.03465   0.04605   0.11953   0.07683   0.01507   0.01698   0.01447   0.03902   0.03128   0.00000   0.00000   0.00901   0.16225   0.00000   0.02672   0.03769   0.08399   0.17642   0.00000   0.00000   0.15195   0.14510   0.36334   0.23595   0.60854   0.79550   0.63520  