Subfamily	chr	start	end	percent_divergence	GA_edit_count
TguLTR11	NW_005054297.1	146520	146599	8.400	0
TguLTR5e	NW_005054297.1	154167	154363	19.500	0
TguLTR5e	NW_005054297.1	199246	199521	26.600	0
TguLTR5a	NW_005054297.1	265327	265909	19.900	0
TguLTRL4c	NW_005054297.1	280595	281211	22.100	0
TguLTRL4d	NW_005054297.1	286377	286626	26.600	0
TguLTRL4c	NW_005054297.1	300533	301478	24.900	0
TguLTRL4c	NW_005054297.1	308884	309728	18.800	0
TguLTRL4c	NW_005054297.1	314067	314342	24.000	0
TguLTR5b	NW_005054297.1	329476	330065	12.100	0
TguLTRL4c	NW_005054297.1	345394	346198	24.000	0
TguLTRL4c	NW_005054297.1	346562	346811	21.700	0
TguLTR5d	NW_005054297.1	401040	401608	16.700	0
TguLTRL4c	NW_005054297.1	484018	485134	21.000	0
TguLTR6a	NW_005054297.1	623104	623316	20.500	0
TguLTRL6b	NW_005054297.1	623987	624230	20.200	0
TguLTR5a	NW_005054297.1	624871	625396	27.900	0
TguLTR5a	NW_005054297.1	625465	625504	27.900	0
TguLTRL6b	NW_005054297.1	648121	648229	23.900	0
TguLTR5b	NW_005054297.1	810113	810658	15.600	0
TguLTR5e	NW_005054297.1	828188	828744	29.800	0
TguLTR5d	NW_005054297.1	850275	850440	19.500	0
TguLTR5b	NW_005054297.1	987775	987868	20.400	0
TguLTR5e	NW_005054297.1	987868	988172	27.800	0
TguLTRL4c	NW_005054297.1	988665	989315	21.600	0
TguLTRL4c	NW_005054297.1	994335	994620	20.200	0
TguLTRL4c	NW_005054297.1	1094807	1094940	18.100	0
TguLTRL4c	NW_005054297.1	1094946	1095307	17.800	0
TguLTR5d	NW_005054297.1	1311780	1312343	18.300	0
TguLTRL4c	NW_005054297.1	1317206	1317287	16.400	0
TguLTR11	NW_005054297.1	1328130	1328189	15.200	0
TguLTR11	NW_005054297.1	1328878	1329119	15.700	0
TguLTR5b	NW_005054297.1	1510429	1511006	12.600	0
TguLTRL4c	NW_005054297.1	1745693	1745758	21.500	0
TguLTR5e	NW_005054297.1	1894834	1895093	25.300	0
TguLTR5e	NW_005054297.1	1895196	1895331	27.300	0
TguLTRL6b	NW_005054297.1	1986912	1987257	22.700	0
TguLTR5a	NW_005054297.1	2026856	2027435	22.000	0
TguLTR5a	NW_005054297.1	2075170	2075642	25.300	0
TguLTR5a	NW_005054297.1	2101043	2101646	19.300	0
TguLTRL4d	NW_005054297.1	2647106	2647292	26.800	0
TguLTRL4d	NW_005054297.1	2647309	2647651	25.500	0
TguLTRL4d	NW_005054297.1	2648740	2649516	26.700	0
TguLTRL4c	NW_005054297.1	2662859	2663788	21.800	0
TguLTR5b	NW_005054297.1	2701947	2702055	14.800	0
TguLTRL4d	NW_005054297.1	2722422	2722657	21.600	0
TguLTR11	NW_005054297.1	2754179	2754446	20.800	0
TguLTR11	NW_005054297.1	2754912	2755068	15.500	0
TguLTRL4b	NW_005054297.1	2760078	2761099	26.700	0
TguLTR5a	NW_005054297.1	2761551	2762090	22.600	0
TguLTR5d	NW_005054297.1	2847295	2847868	25.100	0
TguLTR5d	NW_005054297.1	2852234	2852835	22.500	0
TguLTR5a	NW_005054297.1	2903041	2903595	21.600	0
TguLTR5b	NW_005054297.1	2921801	2922413	16.200	0
TguLTR5b	NW_005054297.1	2926900	2927418	15.600	0
TguLTRL4b	NW_005054297.1	2943393	2944093	21.700	0
TguLTRL4d	NW_005054297.1	2959597	2960358	27.000	0
TguLTRL6b	NW_005054297.1	2964100	2964237	17.400	0
TguLTRL6b	NW_005054297.1	3100572	3100720	21.100	0
TguLTR6a	NW_005054297.1	3100840	3101086	19.600	0
TguLTR5e	NW_005054297.1	3153735	3154061	27.100	0
TguLTRL4d	NW_005054297.1	3155433	3155747	20.100	0
TguLTRL4b	NW_005054297.1	3202293	3203337	20.400	0
TguLTR5c	NW_005054297.1	3203337	3203384	10.000	0
TguLTRL6b	NW_005054297.1	3212941	3213365	24.800	0
TguLTRL4c	NW_005054297.1	3234957	3235254	23.200	0
TguLTRL4d	NW_005054297.1	3247930	3248044	24.100	0
TguLTRL4d	NW_005054297.1	3248156	3248704	27.800	0
TguLTRL4c	NW_005054297.1	3355549	3356337	19.900	0
TguLTR5a	NW_005054297.1	3371091	3371453	19.000	0
TguLTR5a	NW_005054297.1	3384166	3384478	22.500	0
TguLTR5d	NW_005054297.1	3451450	3452015	19.900	0
TguLTR5b	NW_005054297.1	3476826	3477416	14.600	0
TguLTRL4c	NW_005054297.1	3532125	3533123	20.000	0
TguLTR11	NW_005054297.1	3554003	3554673	14.600	0
TguLTRL4c	NW_005054297.1	3586920	3587064	13.900	0
TguLTRL4c	NW_005054297.1	3587082	3587180	17.400	0
TguLTRL4d	NW_005054297.1	3648853	3649108	21.900	0
TguLTR5d	NW_005054297.1	3786639	3787217	18.100	0
TguLTR5a	NW_005054297.1	3797411	3797980	18.900	0
TguLTRL4c	NW_005054297.1	3969214	3969883	29.300	0
TguLTR5e	NW_005054297.1	3996803	3997312	26.300	0
TguLTR11	NW_005054297.1	4041396	4041503	14.900	0
TguLTR5d	NW_005054297.1	4107190	4107690	19.300	0
TguLTRL4b	NW_005054297.1	4157415	4158482	15.400	0
TguLTRL6b	NW_005054297.1	4173712	4174121	19.600	0
TguLTR5b	NW_005054297.1	4195448	4195500	13.500	0
TguLTR5b	NW_005054297.1	4196492	4196761	17.100	0
TguLTR5b	NW_005054297.1	4197345	4197607	15.900	0
TguLTR5c	NW_005054297.1	4251096	4251617	18.400	0
TguLTR5c	NW_005054297.1	4257418	4257974	22.000	0
TguLTR5d	NW_005054297.1	4268346	4268891	18.400	0
TguLTR5d	NW_005054297.1	4329426	4330004	20.300	0
TguLTR5a	NW_005054297.1	4429401	4429942	17.400	0
TguLTRL4c	NW_005054297.1	4582713	4583803	21.500	0
TguLTR5c	NW_005054297.1	4604884	4604973	9.200	0
TguLTRL4c	NW_005054297.1	4608041	4608239	18.700	0
TguLTRL4c	NW_005054297.1	4608592	4609140	19.400	0
TguLTRL4c	NW_005054297.1	4609140	4609225	21.700	0
TguLTR5d	NW_005054297.1	4794227	4794793	15.200	0
TguLTRL4b	NW_005054297.1	4832845	4833852	17.600	0
TguLTR5d	NW_005054297.1	4871722	4872260	24.400	0
TguLTR5d	NW_005054297.1	4880732	4881012	18.400	0
TguLTR5d	NW_005054297.1	4881078	4881236	25.700	0
TguLTR5b	NW_005054297.1	4931655	4932219	12.900	0
TguLTR5d	NW_005054297.1	5156736	5157309	19.500	0
TguLTRL4d	NW_005054297.1	5203901	5204075	24.600	0
TguLTR5e	NW_005054297.1	5318936	5319327	23.600	0
TguLTR5e	NW_005054297.1	5400944	5401407	21.800	0
TguLTR5a	NW_005054297.1	5423224	5423719	19.300	0
TguLTRL6b	NW_005054297.1	5498613	5499009	18.000	0
TguLTR5e	NW_005054297.1	5531724	5532048	23.900	0
TguLTR5e	NW_005054297.1	5532083	5532207	27.800	0
TguLTRL4d	NW_005054297.1	5630998	5631809	24.800	0
TguLTRL4c	NW_005054297.1	5660448	5661005	26.600	0
TguLTR5d	NW_005054297.1	5680837	5681378	21.800	0
TguLTRL4c	NW_005054297.1	5743550	5744625	22.900	0
TguLTR5a	NW_005054297.1	5788088	5788668	19.200	0
TguLTRL4d	NW_005054297.1	5789704	5789957	29.700	0
TguLTRL4b	NW_005054297.1	5817809	5818835	19.400	0
TguLTR11	NW_005054297.1	5836373	5836611	23.200	0
TguLTR11	NW_005054297.1	5836657	5836923	16.400	0
TguLTR5d	NW_005054297.1	5853158	5853697	21.200	0
TguLTR5d	NW_005054297.1	5862719	5863274	17.400	0
TguLTRL4c	NW_005054297.1	5865733	5866777	22.200	0
TguLTR5b	NW_005054297.1	5866947	5867345	14.800	0
TguLTR5b	NW_005054297.1	5867391	5867526	14.800	0
TguLTRL4c	NW_005054297.1	5871762	5872844	21.700	0
TguLTRL6b	NW_005054297.1	5925149	5925301	21.000	0
TguLTR5b	NW_005054297.1	5950135	5950718	14.700	0
TguLTR5a	NW_005054297.1	5954565	5954859	23.500	0
TguLTR5a	NW_005054297.1	5961205	5961451	22.300	0
TguLTR6a	NW_005054297.1	5967619	5968072	24.300	0
TguLTR5b	NW_005054297.1	5971022	5971092	14.300	0
TguLTRL4d	NW_005054297.1	5979543	5980033	30.500	0
TguLTR5d	NW_005054297.1	6048898	6049520	20.600	0
TguLTRL4c	NW_005054297.1	6054044	6055111	19.200	0
TguLTR5d	NW_005054297.1	6055174	6055691	23.900	0
TguLTR5c	NW_005054297.1	6067186	6067755	18.200	0
TguLTR5c	NW_005054297.1	6115478	6115564	32.200	0
TguLTRL4d	NW_005054297.1	6120905	6121198	25.000	0
TguLTRL4c	NW_005054297.1	6128070	6129160	21.400	0
TguLTR5e	NW_005054297.1	6153035	6153580	27.600	0
TguLTR5c	NW_005054297.1	6165171	6165735	19.900	0
TguLTR5e	NW_005054297.1	6172715	6173005	24.500	0
TguLTRL4c	NW_005054297.1	6179047	6179510	25.400	0
TguLTR5d	NW_005054297.1	6180543	6181033	18.000	0
TguLTRL4c	NW_005054297.1	6190524	6190574	20.000	0
TguLTRL4c	NW_005054297.1	6190579	6190904	22.600	0
TguLTRL4b	NW_005054297.1	6200185	6200923	22.000	0
TguLTRL4b	NW_005054297.1	6218114	6218363	20.600	0
TguLTR5d	NW_005054297.1	6221468	6222080	19.800	0
TguLTRL4c	NW_005054297.1	6225736	6225980	17.900	0
TguLTR5d	NW_005054297.1	6231418	6231989	18.100	0
TguLTR6a	NW_005054297.1	6260026	6260459	21.900	0
TguLTR5d	NW_005054297.1	6322785	6323330	22.200	0
TguLTRL4c	NW_005054297.1	6346746	6347158	24.300	0
TguLTR5b	NW_005054297.1	6354662	6355149	15.400	0
TguLTR5d	NW_005054297.1	6382691	6383278	24.500	0
TguLTRL4d	NW_005054297.1	6432988	6433918	28.800	0
TguLTR5a	NW_005054297.1	6436764	6436823	20.300	0
TguLTR11	NW_005054297.1	6457933	6458178	17.800	0
TguLTR5b	NW_005054297.1	6477490	6478071	16.300	0
TguLTR5e	NW_005054297.1	6478276	6478370	23.400	0
TguLTR5a	NW_005054297.1	6485913	6485999	22.100	0
TguLTR5a	NW_005054297.1	6486025	6486399	24.800	0
TguLTR11	NW_005054297.1	6490752	6490994	15.000	0
TguLTRL4c	NW_005054297.1	6494880	6495866	24.000	0
TguLTR6a	NW_005054297.1	6498227	6498591	18.700	0
TguLTRL4b	NW_005054297.1	6508020	6509043	18.900	0
TguLTRL4d	NW_005054297.1	6509066	6509643	24.700	0
TguLTR5d	NW_005054297.1	6530199	6530479	18.100	0
TguLTR5a	NW_005054297.1	6553802	6554053	23.100	0
TguLTR5a	NW_005054297.1	6566093	6566477	23.100	0
TguLTRL4d	NW_005054297.1	6574559	6574994	31.200	0
TguLTRL4d	NW_005054297.1	6575005	6575189	28.900	0
TguLTR5a	NW_005054297.1	6591421	6591987	22.700	0
TguLTR5b	NW_005054297.1	6622091	6622661	18.600	0
TguLTRL4b	NW_005054297.1	6623082	6624115	18.500	0
TguLTR5d	NW_005054297.1	6627278	6627495	21.500	0
TguLTR5a	NW_005054297.1	6634265	6634574	21.900	0
TguLTR5a	NW_005054297.1	6655116	6655524	22.100	0
TguLTR5a	NW_005054297.1	6655629	6655806	22.600	0
TguLTR5d	NW_005054297.1	6674451	6675010	27.000	0
TguLTRL4c	NW_005054297.1	6683267	6683940	25.700	0
TguLTR5d	NW_005054297.1	6723982	6724558	20.400	0
TguLTRL4d	NW_005054297.1	6740976	6741205	31.100	0
TguLTR5d	NW_005054297.1	6749738	6749822	17.900	0
TguLTR5d	NW_005054297.1	6750955	6751044	27.100	0
TguLTR5e	NW_005054297.1	6768394	6768926	27.900	0
TguLTR5e	NW_005054297.1	6830358	6830920	22.900	0
TguLTR5d	NW_005054297.1	6970716	6970790	28.400	0
TguLTR5a	NW_005054297.1	6986343	6986824	25.100	0
TguLTR5a	NW_005054297.1	7005823	7006355	20.300	0
TguLTR5c	NW_005054297.1	7029313	7029868	17.100	0
TguLTR5d	NW_005054297.1	7038102	7038242	16.400	0
TguLTR5d	NW_005054297.1	7038346	7038426	21.200	0
TguLTR5d	NW_005054297.1	7043542	7043682	16.400	0
TguLTR5d	NW_005054297.1	7043786	7043866	21.200	0
TguLTR5e	NW_005054297.1	7093529	7094113	30.200	0
TguLTRL4d	NW_005054297.1	7114821	7115054	24.100	0
TguLTRL4d	NW_005054297.1	7115105	7115755	31.200	0
TguLTRL4c	NW_005054297.1	7129565	7129740	17.100	0
TguLTRL4b	NW_005054297.1	7175429	7176432	17.300	0
TguLTR5d	NW_005054297.1	7184785	7185122	22.300	0
TguLTR5e	NW_005054297.1	7187409	7187982	27.100	0
TguLTR5d	NW_005054297.1	7188418	7188560	26.200	0
TguLTR5b	NW_005054297.1	7207483	7208038	16.300	0
TguLTR5e	NW_005054297.1	7210683	7211028	23.800	0
TguLTR11	NW_005054297.1	7232158	7232371	19.200	0
TguLTR5c	NW_005054297.1	7242582	7243137	19.300	0
TguLTRL4b	NW_005054297.1	7272970	7273238	20.600	0
TguLTRL4b	NW_005054297.1	7273285	7273715	16.200	0
TguLTR5e	NW_005054297.1	7300503	7301071	26.300	0
TguLTR11	NW_005054297.1	7301824	7302064	25.200	0
TguLTR11	NW_005054297.1	7302138	7302335	17.600	0
TguLTRL4d	NW_005054297.1	7354292	7354690	32.400	0
TguLTRL4d	NW_005054297.1	7372084	7372266	17.100	0
TguLTRL4d	NW_005054297.1	7406384	7406456	26.400	0
TguLTRL4d	NW_005054297.1	7413121	7413756	31.500	0
TguLTRL4b	NW_005054297.1	7421575	7422514	17.700	0
TguLTR5e	NW_005054297.1	7423037	7423092	27.600	0
TguLTRL4d	NW_005054297.1	7430305	7430432	26.400	0
TguLTR5d	NW_005054297.1	7485503	7486061	19.200	0
TguLTR6a	NW_005054297.1	7487942	7488246	22.700	0
TguLTRL6b	NW_005054297.1	7488338	7488500	19.800	0
TguLTR11	NW_005054297.1	7510288	7510658	16.400	0
TguLTRL4d	NW_005054297.1	7513635	7513849	27.600	0
TguLTRL4b	NW_005054297.1	7538285	7538999	19.300	0
TguLTRL4c	NW_005054297.1	7542619	7542983	21.200	0
TguLTRL4c	NW_005054297.1	7542993	7543103	17.600	0
TguLTRL4b	NW_005054297.1	7546724	7546857	18.300	0
TguLTRL4d	NW_005054297.1	7555094	7555289	22.200	0
TguLTR5b	NW_005054297.1	7557813	7558133	15.400	0
TguLTR5b	NW_005054297.1	7558135	7558501	13.100	0
TguLTRL4d	NW_005054297.1	7566271	7566623	27.100	0
TguLTRL4d	NW_005054297.1	7587101	7588027	27.600	0
TguLTR5e	NW_005054297.1	7590930	7591422	30.600	0
TguLTR5e	NW_005054297.1	7604679	7605232	29.200	0
TguLTR5e	NW_005054297.1	7618972	7619526	26.000	0
TguLTR5c	NW_005054297.1	7630930	7631175	23.900	0
TguLTR11	NW_005054297.1	7643982	7644060	23.100	0
TguLTRL4d	NW_005054297.1	7651134	7651603	23.700	0
TguLTR5d	NW_005054297.1	7692652	7693239	19.600	0
TguLTR5c	NW_005054297.1	7699185	7699779	20.100	0
TguLTR5e	NW_005054297.1	7704406	7704949	26.600	0
TguLTRL4c	NW_005054297.1	7715261	7715423	25.900	0
TguLTRL4c	NW_005054297.1	7722832	7723799	20.400	0
TguLTR11	NW_005054297.1	7756202	7756437	18.100	0
TguLTR11	NW_005054297.1	7765649	7765941	15.100	0
TguLTR11	NW_005054297.1	7765990	7766203	15.200	0
TguLTR11	NW_005054297.1	7766254	7766317	14.700	0
TguLTR5d	NW_005054297.1	7793948	7794493	22.400	0
TguLTRL4c	NW_005054297.1	7805113	7805767	19.800	0
TguLTR5e	NW_005054297.1	7826477	7826567	19.400	0
TguLTR5e	NW_005054297.1	7826639	7826809	29.500	0
TguLTR5e	NW_005054297.1	7826906	7827121	28.600	0
TguLTRL6b	NW_005054297.1	7849656	7849971	30.200	0
TguLTRL4c	NW_005054297.1	7870983	7871248	18.200	0
TguLTRL4c	NW_005054297.1	7879793	7879940	19.700	0
TguLTRL4d	NW_005054297.1	7881080	7881228	27.700	0
TguLTRL4b	NW_005054297.1	7940966	7941436	23.100	0
TguLTRL4c	NW_005054297.1	7953443	7954488	22.100	0
TguLTR5a	NW_005054297.1	8033916	8034180	23.000	0
TguLTR5c	NW_005054297.1	8054858	8055430	28.900	0
TguLTR5a	NW_005054297.1	8058952	8059511	24.100	0
TguLTR11	NW_005054297.1	8071433	8071592	23.800	0
TguLTRL4c	NW_005054297.1	8101396	8102066	18.400	0
TguLTRL4b	NW_005054297.1	8103689	8104612	17.300	0
TguLTR5e	NW_005054297.1	8124600	8125138	30.200	0
TguLTRL4d	NW_005054297.1	8129777	8129938	23.400	0
TguLTRL4d	NW_005054297.1	8130016	8130377	29.600	0
TguLTR5b	NW_005054297.1	8144109	8144279	17.600	0
TguLTR5a	NW_005054297.1	8155577	8155631	20.400	0
TguLTR11	NW_005054297.1	8189425	8189631	21.700	0
TguLTR11	NW_005054297.1	8196064	8196293	19.000	0
TguLTR5e	NW_005054297.1	8228841	8229133	24.900	0
TguLTR5a	NW_005054297.1	8231558	8231971	16.600	0
TguLTR5b	NW_005054297.1	8250987	8251033	15.200	0
TguLTR5e	NW_005054297.1	8317518	8317634	25.500	0
TguLTR5e	NW_005054297.1	8317711	8317987	26.500	0
TguLTRL4d	NW_005054297.1	8410686	8411136	25.300	0
TguLTR11	NW_005054297.1	8418408	8418735	24.200	0
TguLTR11	NW_005054297.1	8418756	8418845	22.500	0
TguLTRL4c	NW_005054297.1	8517238	8517637	16.700	0
TguLTR5d	NW_005054297.1	8522272	8522821	18.700	0
TguLTR5a	NW_005054297.1	8531993	8532239	15.500	0
TguLTR5a	NW_005054297.1	8532267	8532414	20.800	0
TguLTRL4d	NW_005054297.1	8560960	8561591	23.800	0
TguLTR5d	NW_005054297.1	8587153	8587418	18.100	0
TguLTRL4c	NW_005054297.1	8671607	8672082	21.400	0
TguLTR5e	NW_005054297.1	8698278	8698670	27.700	0
TguLTR5e	NW_005054297.1	8700431	8700656	29.900	0
TguLTR5b	NW_005054297.1	8752924	8753519	19.200	0
TguLTR5b	NW_005054297.1	8771583	8772120	20.600	0
TguLTR5d	NW_005054297.1	8787781	8787820	12.800	0
TguLTR11	NW_005054297.1	8807905	8808032	24.400	0
TguLTR11	NW_005054297.1	8808557	8808825	14.400	0
TguLTR5b	NW_005054297.1	8924202	8924795	20.200	0
TguLTR5d	NW_005054297.1	9118005	9118319	14.500	0
TguLTR5d	NW_005054297.1	9118409	9118636	22.700	0
TguLTR5a	NW_005054297.1	9232302	9232887	20.700	0
TguLTRL4b	NW_005054297.1	9235950	9237018	13.800	0
TguLTRL4c	NW_005054297.1	9276880	9277067	24.600	0
TguLTRL6b	NW_005054297.1	9326807	9327217	17.100	0
TguLTR5a	NW_005054297.1	9601502	9602062	19.700	0
TguLTRL4b	NW_005054297.1	9704999	9706155	17.400	0
TguLTR5d	NW_005054297.1	9734064	9734630	16.900	0
TguLTRL6b	NW_005054297.1	9760146	9760212	17.500	0
TguLTRL4b	NW_005054297.1	9825741	9826033	11.400	0
TguLTR5c	NW_005054297.1	9848246	9848828	21.100	0
TguLTR5b	NW_005054297.1	9994067	9994400	13.200	0
TguLTR5b	NW_005054297.1	9994400	9994520	24.200	0
TguLTR5e	NW_005054297.1	10067751	10067904	27.400	0
TguLTR5e	NW_005054297.1	10067977	10068080	30.400	0
TguLTRL4c	NW_005054297.1	10121218	10122363	17.700	0
TguLTR5d	NW_005054297.1	10173288	10173367	27.900	0
TguLTR11	NW_005054297.1	10230351	10230687	17.200	0
TguLTR5a	NW_005054297.1	10259614	10260004	24.900	0
TguLTRL4c	NW_005054297.1	10497779	10498107	17.800	0
TguLTR5d	NW_005054297.1	10596183	10596242	12.800	0
TguLTR5d	NW_005054297.1	10596243	10596335	18.000	0
TguLTR11	NW_005054297.1	10601551	10601881	16.100	0
TguLTR5d	NW_005054297.1	10612364	10612446	15.800	0
TguLTR11	NW_005054297.1	10696151	10696299	23.800	0
TguLTR11	NW_005054297.1	10696790	10696968	25.700	0
TguLTR5a	NW_005054297.1	10722436	10722950	22.400	0
TguLTRL4d	NW_005054297.1	10754123	10754179	25.000	0
TguLTR11	NW_005054297.1	10779394	10779600	19.600	0
TguLTRL4d	NW_005054297.1	10876114	10876571	28.000	0
TguLTR5b	NW_005054297.1	10891491	10891809	20.400	0
TguLTR5d	NW_005054297.1	10976672	10977250	22.400	0
TguLTR5e	NW_005054297.1	10982744	10982974	29.000	0
TguLTR5d	NW_005054297.1	11003748	11004330	21.700	0
TguLTR5b	NW_005054297.1	11037739	11037791	3.900	0
TguLTR5d	NW_005054297.1	11067842	11068188	21.100	0
TguLTRL4c	NW_005054297.1	11077225	11078267	17.000	0
TguLTR11	NW_005054297.1	11079203	11079380	20.400	0
TguLTR11	NW_005054297.1	11079827	11079931	15.400	0
TguLTR11	NW_005054297.1	11081439	11081705	17.300	0
TguLTR5b	NW_005054297.1	11129055	11129638	13.900	0
TguLTR11	NW_005054297.1	11130267	11131157	16.100	0
TguLTR11	NW_005054297.1	11154676	11154912	17.200	0
TguLTR5b	NW_005054297.1	11180673	11181044	13.200	0
TguLTR11	NW_005054297.1	11287937	11288307	19.800	0
TguLTR5e	NW_005054297.1	11294706	11295209	23.900	0
TguLTR5c	NW_005054297.1	11320118	11320632	16.000	0
TguLTRL4d	NW_005054297.1	11369663	11369730	17.900	0
TguLTRL4d	NW_005054297.1	11369757	11369908	24.800	0
TguLTR5b	NW_005054297.1	11428217	11428802	15.400	0
TguLTR5d	NW_005054297.1	11456142	11456458	19.600	0
TguLTR5a	NW_005054297.1	11505093	11505624	22.800	0
TguLTR5d	NW_005054297.1	11530507	11530767	22.900	0
TguLTR5d	NW_005054297.1	11531310	11531526	17.000	0
TguLTR5b	NW_005054297.1	11538035	11538482	16.800	0
TguLTRL6b	NW_005054297.1	11552242	11552433	26.900	0
TguLTRL6b	NW_005054297.1	11552523	11552672	23.100	0
TguLTRL6b	NW_005054297.1	11566965	11567174	25.600	0
TguLTRL4b	NW_005054297.1	11569758	11570478	21.900	0
TguLTR5d	NW_005054297.1	11574239	11574710	21.800	0
TguLTR5a	NW_005054297.1	11575902	11576459	22.400	0
TguLTR5a	NW_005054297.1	11578395	11578645	23.300	0
TguLTR5a	NW_005054297.1	11585843	11586051	21.500	0
TguLTR11	NW_005054297.1	11587960	11588875	16.900	0
TguLTR5e	NW_005054297.1	11594350	11594481	23.800	0
TguLTRL4d	NW_005054297.1	11623089	11623202	27.600	0
TguLTR5e	NW_005054297.1	11630553	11631009	25.600	0
TguLTR5c	NW_005054297.1	11671522	11671753	18.500	0
TguLTR5a	NW_005054297.1	11688010	11688392	18.800	0
TguLTR5a	NW_005054297.1	11688421	11688593	18.800	0
TguLTRL6b	NW_005054297.1	11704233	11704473	13.500	0
TguLTRL6b	NW_005054297.1	11704605	11704781	19.300	0
TguLTRL4d	NW_005054297.1	11712379	11712694	26.100	0
TguLTR5a	NW_005054297.1	11746784	11746857	21.900	0
TguLTRL6b	NW_005054297.1	11791983	11792392	19.100	0
TguLTRL4c	NW_005054297.1	11825286	11825876	18.800	0
TguLTR11	NW_005054297.1	11838050	11838086	8.300	0
TguLTR11	NW_005054297.1	11838113	11838343	17.200	0
TguLTRL4c	NW_005054297.1	11999040	11999130	22.200	0
TguLTRL4c	NW_005054297.1	11999135	11999720	18.700	0
TguLTRL4b	NW_005054297.1	12065953	12066299	33.800	0
TguLTR5d	NW_005054297.1	12088620	12088855	23.300	0
TguLTR5d	NW_005054297.1	12088911	12089252	23.300	0
TguLTR5d	NW_005054297.1	12234005	12234087	12.200	0
TguLTRL4c	NW_005054297.1	12277483	12278453	22.100	0
TguLTRL4d	NW_005054297.1	12296109	12296814	26.800	0
TguLTRL4d	NW_005054297.1	12329469	12330168	26.700	0
TguLTR5a	NW_005054297.1	12414955	12415342	19.600	0
TguLTR5e	NW_005054297.1	12450785	12451291	25.200	0
TguLTR5b	NW_005054297.1	12475275	12475709	15.800	0
TguLTR5a	NW_005054297.1	12527863	12527934	15.500	0
TguLTR5d	NW_005054297.1	12760122	12760422	24.300	0
TguLTRL4b	NW_005054297.1	12799650	12800653	17.800	0
TguLTRL4c	NW_005054297.1	12949582	12949853	18.600	0
TguLTR5c	NW_005054297.1	13041656	13042237	27.600	0
TguLTR5a	NW_005054297.1	13079068	13079584	22.000	0
TguLTR5a	NW_005054297.1	13081307	13081579	19.500	0
TguLTR5a	NW_005054297.1	13102351	13102493	20.400	0
TguLTR5d	NW_005054297.1	13211051	13211630	14.400	0
TguLTR6a	NW_005054297.1	13751684	13752090	21.200	0
TguLTR5d	NW_005054297.1	14016073	14016646	22.900	0
TguLTR5d	NW_005054297.1	14016942	14017130	16.600	0
TguLTRL6b	NW_005054297.1	14106078	14106224	27.000	0
TguLTRL6b	NW_005054297.1	14106337	14106542	24.000	0
TguLTR5e	NW_005054297.1	14167490	14167805	29.100	0
TguLTR5e	NW_005054297.1	14167807	14167924	18.100	0
TguLTR5a	NW_005054297.1	14173201	14173560	18.400	0
TguLTR5a	NW_005054297.1	14173612	14173771	17.600	0
TguLTRL4d	NW_005054297.1	14180228	14180447	24.200	0
TguLTRL4c	NW_005054297.1	14238769	14239128	17.800	0
TguLTR5c	NW_005054297.1	14239199	14239553	18.900	0
TguLTRL4d	NW_005054297.1	14260873	14260949	15.800	0
TguLTR5b	NW_005054297.1	14412549	14413139	11.500	0
TguLTRL4c	NW_005054297.1	14490732	14491484	19.700	0
TguLTRL4c	NW_005054297.1	14500650	14501588	19.600	0
TguLTR5e	NW_005054297.1	14807537	14807851	24.700	0
TguLTRL4c	NW_005054297.1	14844955	14845212	18.100	0
TguLTRL4c	NW_005054297.1	14845217	14845684	23.400	0
TguLTR5b	NW_005054297.1	14854384	14854962	14.700	0
TguLTRL4c	NW_005054297.1	14912791	14913192	21.100	0
TguLTR5b	NW_005054297.1	14944889	14945484	14.800	0
TguLTR5d	NW_005054297.1	14985668	14985913	21.600	0
TguLTR5e	NW_005054297.1	15044703	15045146	27.100	0
TguLTRL6b	NW_005054297.1	15069709	15070124	20.600	0
TguLTRL4c	NW_005054297.1	15075114	15075284	27.700	0
TguLTRL4c	NW_005054297.1	15114386	15114525	31.200	0
TguLTR5d	NW_005054297.1	15124000	15124588	18.700	0
TguLTR5d	NW_005054297.1	15155288	15155427	19.600	0
TguLTR5c	NW_005054297.1	15207922	15208193	18.400	0
TguLTRL4c	NW_005054297.1	15210625	15210874	21.900	0
TguLTRL4c	NW_005054297.1	15210952	15211026	14.900	0
TguLTR5a	NW_005054297.1	15225664	15226152	23.700	0
TguLTR5a	NW_005054297.1	15249243	15249824	25.700	0
TguLTR5d	NW_005054297.1	15276844	15277461	20.300	0
TguLTR5a	NW_005054297.1	15282495	15283070	21.500	0
TguLTRL4c	NW_005054297.1	15307546	15308531	21.000	0
TguLTR11	NW_005054297.1	15375808	15375895	21.200	0
TguLTR5e	NW_005054297.1	15420656	15420974	28.300	0
TguLTR5d	NW_005054297.1	15446738	15447303	22.800	0
TguLTRL4c	NW_005054297.1	15458385	15459058	17.800	0
TguLTR11	NW_005054297.1	15540155	15540313	18.100	0
TguLTRL4c	NW_005054297.1	15551360	15551751	17.300	0
TguLTR5e	NW_005054297.1	15593112	15593608	27.700	0
TguLTRL4c	NW_005054297.1	15614110	15614515	17.100	0
TguLTRL4c	NW_005054297.1	15643756	15644039	19.700	0
TguLTRL4c	NW_005054297.1	15644097	15644236	13.800	0
TguLTR5d	NW_005054297.1	15651193	15651754	19.200	0
TguLTR11	NW_005054297.1	15674017	15674260	25.100	0
TguLTRL4c	NW_005054297.1	15706045	15706328	19.100	0
TguLTR5b	NW_005054297.1	15711495	15712029	13.900	0
TguLTR5b	NW_005054297.1	15764282	15764848	17.800	0
TguLTRL4b	NW_005054297.1	15802902	15803469	17.200	0
TguLTR5a	NW_005054297.1	15905191	15905426	17.900	0
TguLTR5e	NW_005054297.1	15918748	15918818	15.600	0
TguLTRL4b	NW_005054297.1	15932853	15932990	13.100	0
TguLTR5d	NW_005054297.1	15964861	15965475	22.700	0
TguLTR5b	NW_005054297.1	16000468	16000630	19.800	0
TguLTR5d	NW_005054297.1	16010666	16010956	19.700	0
TguLTR6a	NW_005054297.1	16066277	16066450	22.900	0
TguLTR6a	NW_005054297.1	16070285	16070700	21.100	0
TguLTRL4d	NW_005054297.1	16091928	16092799	24.300	0
TguLTR5b	NW_005054297.1	16131816	16132368	15.000	0
TguLTR5d	NW_005054297.1	16437408	16437975	20.600	0
TguLTR5d	NW_005054297.1	16447265	16447779	20.400	0
TguLTRL4d	NW_005054297.1	16484133	16484395	27.300	0
TguLTRL4d	NW_005054297.1	16504656	16505347	25.600	0
TguLTR5d	NW_005054297.1	16572743	16573315	18.900	0
TguLTR5b	NW_005054297.1	16584364	16584957	13.200	0
TguLTR11	NW_005054297.1	16597969	16598149	28.000	0
TguLTRL4c	NW_005054297.1	16663646	16664681	19.400	0
TguLTRL4b	NW_005054297.1	16700687	16701784	18.300	0
TguLTR5a	NW_005054297.1	16703810	16704194	19.800	0
TguLTR5d	NW_005054297.1	16704208	16704753	20.100	0
TguLTR5a	NW_005054297.1	16704753	16704953	15.600	0
TguLTR5c	NW_005054297.1	16764738	16765244	17.900	0
TguLTR5e	NW_005054297.1	16767663	16767949	25.800	0
TguLTR5e	NW_005054297.1	16768003	16768151	24.500	0
TguLTR11	NW_005054297.1	16796604	16796834	19.200	0
TguLTR5d	NW_005054297.1	16858501	16859072	20.400	0
TguLTRL4c	NW_005054297.1	16877489	16878567	20.800	0
TguLTR5d	NW_005054297.1	16899231	16899803	18.000	0
TguLTR5d	NW_005054297.1	16947390	16947582	13.500	0
TguLTR5d	NW_005054297.1	16948120	16948307	27.500	0
TguLTR5d	NW_005054297.1	16980432	16980722	17.900	0
TguLTRL4b	NW_005054297.1	17070171	17071200	15.300	0
TguLTRL4c	NW_005054297.1	17114139	17114569	23.400	0
TguLTRL4c	NW_005054297.1	17114588	17114779	23.500	0
TguLTR5d	NW_005054297.1	17114960	17115261	20.000	0
TguLTR5d	NW_005054297.1	17115296	17115395	20.000	0
TguLTR5b	NW_005054297.1	17115432	17115717	22.600	0
TguLTR5a	NW_005054297.1	17119994	17120283	20.100	0
TguLTR5d	NW_005054297.1	17221774	17222248	16.000	0
TguLTR5d	NW_005054297.1	17222341	17222416	13.300	0
TguLTR6a	NW_005054297.1	17240373	17240456	18.100	0
TguLTR5a	NW_005054297.1	17264529	17265072	22.600	0
TguLTR5a	NW_005054297.1	17290280	17290874	21.900	0
TguLTRL6b	NW_005054297.1	17336089	17336498	17.700	0
TguLTR5a	NW_005054297.1	17357741	17358116	20.500	0
TguLTR5a	NW_005054297.1	17358161	17358301	20.500	0
TguLTR5b	NW_005054297.1	17384189	17384718	16.200	0
TguLTR5d	NW_005054297.1	17688661	17689208	19.800	0
TguLTR5e	NW_005054297.1	17726227	17726377	30.200	0
TguLTR5d	NW_005054297.1	17744463	17744838	18.100	0
TguLTR11	NW_005054297.1	17798529	17798742	20.700	0
TguLTRL4d	NW_005054297.1	17805832	17806614	29.900	0
TguLTR5a	NW_005054297.1	17819274	17819842	22.800	0
TguLTR5e	NW_005054297.1	17888660	17888787	24.400	0
TguLTR5a	NW_005054297.1	17904529	17905156	17.600	0
TguLTRL4c	NW_005054297.1	17927772	17928041	20.100	0
TguLTR5b	NW_005054297.1	17961773	17961929	21.400	0
TguLTR5c	NW_005054297.1	17961941	17962438	20.000	0
TguLTR5b	NW_005054297.1	17967190	17967346	21.400	0
TguLTR5c	NW_005054297.1	17967358	17967855	20.000	0
TguLTRL4d	NW_005054297.1	17997260	17997323	21.300	0
TguLTRL4d	NW_005054297.1	17998424	17998630	24.600	0
TguLTRL4d	NW_005054297.1	17998661	17998987	25.800	0
TguLTR5a	NW_005054297.1	17999703	18000220	23.000	0
TguLTR5a	NW_005054297.1	18022258	18022449	11.000	0
TguLTR6a	NW_005054297.1	18027420	18027513	14.000	0
TguLTR6a	NW_005054297.1	18027538	18027605	15.200	0
TguLTR6a	NW_005054297.1	18027979	18028159	16.700	0
TguLTR5b	NW_005054297.1	18172365	18172632	12.800	0
TguLTR5b	NW_005054297.1	18315926	18316334	12.300	0
TguLTR5b	NW_005054297.1	18377496	18378063	12.900	0
TguLTR5b	NW_005054297.1	18406429	18407018	15.900	0
TguLTR5a	NW_005054297.1	18409002	18409102	26.200	0
TguLTR5a	NW_005054297.1	18409456	18409923	19.200	0
TguLTR11	NW_005054297.1	18434071	18434483	16.800	0
TguLTR5d	NW_005054297.1	18488800	18488986	30.400	0
TguLTR5d	NW_005054297.1	18489036	18489116	18.800	0
TguLTR5e	NW_005054297.1	18489383	18489570	13.800	0
TguLTR5b	NW_005054297.1	18501565	18501697	21.500	0
TguLTR5a	NW_005054297.1	18502891	18503046	12.300	0
TguLTR5a	NW_005054297.1	18503494	18503876	19.200	0
TguLTR5c	NW_005054297.1	18665230	18665467	18.400	0
TguLTR5b	NW_005054297.1	18729964	18730046	11.000	0
TguLTR5a	NW_005054297.1	18998996	18999502	16.200	0
TguLTR5a	NW_005054297.1	19193884	19194214	21.500	0
TguLTR5a	NW_005054297.1	19196098	19196647	20.300	0
TguLTR5a	NW_005054297.1	19216314	19216393	13.900	0
TguLTRL4c	NW_005054297.1	19250533	19251613	15.800	0
TguLTR5b	NW_005054297.1	19290721	19291240	13.200	0
TguLTRL4c	NW_005054297.1	19319770	19320657	16.700	0
TguLTR5a	NW_005054297.1	19425339	19425915	21.600	0
TguLTR5e	NW_005054297.1	19728944	19729333	27.600	0
TguLTR11	NW_005054297.1	19778293	19778473	18.600	0
TguLTR5a	NW_005054297.1	19903747	19904306	21.200	0
TguLTR5d	NW_005054297.1	19949765	19949925	16.200	0
TguLTR6a	NW_005054297.1	19953294	19953769	25.500	0
TguLTR5b	NW_005054297.1	20006040	20006138	26.100	0
TguLTR6a	NW_005054297.1	20007081	20007535	23.500	0
TguLTR5d	NW_005054297.1	20158564	20159165	25.000	0
TguLTR5b	NW_005054297.1	20172750	20173307	16.400	0
TguLTR11	NW_005054297.1	20176805	20176948	11.500	0
TguLTR11	NW_005054297.1	20176955	20177197	15.300	0
TguLTR5d	NW_005054297.1	20220968	20221554	23.000	0
TguLTRL4c	NW_005054297.1	20246216	20246672	22.100	0
TguLTR5a	NW_005054297.1	20276749	20277305	20.600	0
TguLTR5a	NW_005054297.1	20317197	20317586	21.300	0
TguLTR5a	NW_005054297.1	20317629	20317796	21.300	0
TguLTRL4c	NW_005054297.1	20388731	20389579	23.100	0
TguLTRL4c	NW_005054297.1	20411642	20412640	22.400	0
TguLTR5a	NW_005054297.1	20466450	20467036	20.100	0
TguLTR5d	NW_005054297.1	20467059	20467633	18.200	0
TguLTR5b	NW_005054297.1	20499863	20500000	13.100	0
TguLTRL4c	NW_005054297.1	20596804	20597561	20.900	0
TguLTR6a	NW_005054297.1	20610481	20610854	27.900	0
TguLTR5e	NW_005054297.1	20632089	20632422	25.300	0
TguLTR6a	NW_005054297.1	20652191	20652572	18.800	0
TguLTR5d	NW_005054297.1	20665856	20666430	21.100	0
TguLTRL4b	NW_005054297.1	20723092	20724158	20.300	0
TguLTR11	NW_005054297.1	20737880	20738146	22.200	0
TguLTR11	NW_005054297.1	20738227	20738434	23.000	0
TguLTR6a	NW_005054297.1	20741015	20741445	18.800	0
TguLTR11	NW_005054297.1	20757070	20757151	25.900	0
TguLTR11	NW_005054297.1	20757584	20757837	16.900	0
TguLTRL4c	NW_005054297.1	20763036	20764024	21.500	0
TguLTRL4b	NW_005054297.1	20803086	20804032	24.000	0
TguLTR5d	NW_005054297.1	20817719	20818281	22.800	0
TguLTRL4c	NW_005054297.1	20865147	20866149	26.700	0
TguLTR5b	NW_005054297.1	20908590	20908982	21.700	0
TguLTR5d	NW_005054297.1	20958734	20959291	22.700	0
TguLTR5b	NW_005054297.1	20992519	20993110	16.000	0
TguLTR5b	NW_005054297.1	21046426	21046788	18.000	0
TguLTRL4c	NW_005054297.1	21047279	21048310	22.500	0
TguLTR5a	NW_005054297.1	21055614	21056131	26.000	0
TguLTRL4c	NW_005054297.1	21114307	21115079	23.700	0
TguLTRL6b	NW_005054297.1	21127293	21127748	28.400	0
TguLTRL6b	NW_005054297.1	21160243	21160394	26.400	0
TguLTR5c	NW_005054297.1	21160425	21160707	21.600	0
TguLTRL4d	NW_005054297.1	21194453	21194954	27.100	0
TguLTRL4d	NW_005054297.1	21195023	21195041	24.200	0
TguLTRL4d	NW_005054297.1	21195055	21195119	16.400	0
TguLTR5c	NW_005054297.1	21219325	21219582	22.400	0
TguLTR6a	NW_005054297.1	21417309	21417580	18.900	0
TguLTR5a	NW_005054297.1	21577183	21577756	16.600	0
TguLTRL4c	NW_005054297.1	21646657	21646885	17.100	0
TguLTR5e	NW_005054297.1	21679006	21679532	26.900	0
TguLTRL4c	NW_005054297.1	21820651	21820747	19.800	0
TguLTR5b	NW_005054297.1	21884929	21885494	13.300	0
TguLTR11	NW_005054297.1	22000981	22001033	9.600	0
TguLTR5b	NW_005054297.1	22030810	22031388	14.600	0
TguLTR11	NW_005054297.1	22050162	22050416	23.300	0
TguLTR11	NW_005054297.1	22050479	22050572	22.800	0
TguLTR5d	NW_005054297.1	22062808	22063327	25.100	0
TguLTR5a	NW_005054297.1	22116011	22116151	18.900	0
TguLTR5a	NW_005054297.1	22116218	22116262	18.900	0
TguLTR5d	NW_005054297.1	22125971	22126207	20.900	0
TguLTR5e	NW_005054297.1	22136493	22136587	25.600	0
TguLTR5d	NW_005054297.1	22136673	22137241	25.300	0
TguLTR11	NW_005054297.1	22146931	22147340	21.800	0
TguLTR5b	NW_005054297.1	22222577	22223203	19.100	0
TguLTRL4c	NW_005054297.1	22281079	22281559	21.600	0
TguLTR5d	NW_005054297.1	22367952	22368107	17.400	0
TguLTR6a	NW_005054297.1	22393520	22393831	19.900	0
TguLTRL6b	NW_005054297.1	22628487	22628895	22.000	0
TguLTR5d	NW_005054297.1	22756060	22756583	15.700	0
TguLTR5a	NW_005054297.1	22825756	22826281	22.500	0
TguLTR5b	NW_005054297.1	22846115	22846555	9.600	0
TguLTR5e	NW_005054297.1	22875468	22875533	21.900	0
TguLTR5b	NW_005054297.1	22883862	22884428	12.900	0
TguLTR5d	NW_005054297.1	22906608	22907199	18.300	0
TguLTR5b	NW_005054297.1	22910652	22911216	13.200	0
TguLTR5d	NW_005054297.1	22958058	22958625	20.300	0
TguLTRL4c	NW_005054297.1	22968177	22968978	19.100	0
TguLTR6a	NW_005054297.1	23124045	23124441	25.500	0
TguLTRL4c	NW_005054297.1	23148199	23149292	19.400	0
TguLTR5b	NW_005054297.1	23179534	23179570	0.000	0
TguLTRL4c	NW_005054297.1	23193203	23193379	14.200	0
TguLTR5d	NW_005054297.1	23249005	23249595	21.000	0
TguLTR5c	NW_005054297.1	23313025	23313160	19.300	0
TguLTR5b	NW_005054297.1	23353086	23353680	16.400	0
TguLTR5d	NW_005054297.1	23357446	23358018	19.600	0
TguLTR5a	NW_005054297.1	23407338	23407409	22.500	0
TguLTR11	NW_005054297.1	23442654	23442944	14.000	0
TguLTR11	NW_005054297.1	23442975	23443089	13.800	0
TguLTR11	NW_005054297.1	23443183	23443342	19.800	0
TguLTR5c	NW_005054297.1	23484129	23484685	20.300	0
TguLTR5b	NW_005054297.1	23511076	23511378	24.600	0
TguLTR5a	NW_005054297.1	23539101	23539291	20.300	0
TguLTR5d	NW_005054297.1	23607539	23608076	19.900	0
TguLTRL4b	NW_005054297.1	23635380	23635656	18.200	0
TguLTRL4b	NW_005054297.1	23637535	23638584	20.400	0
TguLTRL4b	NW_005054297.1	23638782	23638839	17.500	0
TguLTRL4b	NW_005054297.1	23682289	23682476	18.900	0
TguLTRL4b	NW_005054297.1	23682480	23682904	17.600	0
TguLTR5d	NW_005054297.1	23687844	23688432	17.700	0
TguLTR5e	NW_005054297.1	23700557	23700949	29.400	0
TguLTR5a	NW_005054297.1	23730710	23731271	19.200	0
TguLTR5b	NW_005054297.1	23751862	23752437	14.000	0
TguLTR11	NW_005054297.1	23778189	23778334	21.400	0
TguLTR5d	NW_005054297.1	23790387	23790626	16.700	0
TguLTRL4c	NW_005054297.1	23927244	23927998	19.400	0
TguLTRL4b	NW_005054297.1	23928549	23928929	18.600	0
TguLTRL4c	NW_005054297.1	23958090	23959117	22.400	0
TguLTR5d	NW_005054297.1	23977869	23978249	16.600	0
TguLTRL4c	NW_005054297.1	24003619	24004156	25.300	0
TguLTR6a	NW_005054297.1	24028877	24029300	23.100	0
TguLTR5d	NW_005054297.1	24113808	24113898	13.500	0
TguLTR5d	NW_005054297.1	24340275	24340847	23.400	0
TguLTR6a	NW_005054297.1	24422467	24422618	20.000	0
TguLTR5b	NW_005054297.1	24484336	24484685	10.900	0
TguLTR5e	NW_005054297.1	24517564	24517817	24.600	0
TguLTRL4c	NW_005054297.1	24616977	24617963	19.700	0
TguLTRL4d	NW_005054297.1	24703186	24703964	29.300	0
TguLTRL4b	NW_005054297.1	24840672	24840836	16.000	0
TguLTRL6b	NW_005054297.1	24877335	24877761	19.700	0
TguLTR5b	NW_005054297.1	25070231	25070815	12.400	0
TguLTR5d	NW_005054297.1	25089378	25089694	15.200	0
TguLTR5b	NW_005054297.1	25109040	25109575	14.800	0
TguLTR5b	NW_005054297.1	25489980	25490554	12.400	0
TguLTR5d	NW_005054297.1	25532756	25533344	15.700	0
TguLTR5b	NW_005054297.1	25564605	25564991	11.900	0
TguLTR5a	NW_005054297.1	25573609	25574130	21.900	0
TguLTRL4c	NW_005054297.1	25579546	25580056	22.300	0
TguLTRL4c	NW_005054297.1	25580716	25581115	17.400	0
TguLTR5d	NW_005054297.1	25633658	25634180	19.800	0
TguLTR5e	NW_005054297.1	25635527	25635664	30.400	0
TguLTR6a	NW_005054297.1	25668794	25669099	23.200	0
TguLTR5e	NW_005054297.1	25672677	25673160	26.600	0
TguLTR5a	NW_005054297.1	25716077	25716669	21.000	0
TguLTR5d	NW_005054297.1	25814652	25814757	13.300	0
TguLTR5d	NW_005054297.1	25880571	25880795	16.100	0
TguLTR5a	NW_005054297.1	25898360	25898530	15.900	0
TguLTR5b	NW_005054297.1	25908512	25909073	13.600	0
TguLTRL4d	NW_005054297.1	25928273	25928647	27.100	0
TguLTR11	NW_005054297.1	25964862	25965079	21.200	0
TguLTR11	NW_005054297.1	25965944	25966018	18.900	0
TguLTR5d	NW_005054297.1	25980573	25981082	21.000	0
TguLTR5e	NW_005054297.1	26091319	26091394	26.700	0
TguLTRL6b	NW_005054297.1	26102153	26102572	22.100	0
TguLTR5d	NW_005054297.1	26125842	26126048	17.500	0
TguLTR5a	NW_005054297.1	26131829	26132413	25.300	0
TguLTR5a	NW_005054297.1	26180788	26181325	19.700	0
TguLTRL4b	NW_005054297.1	26243088	26244124	17.500	0
TguLTR5e	NW_005054297.1	26289108	26289412	29.600	0
TguLTRL4c	NW_005054297.1	26358360	26358813	19.200	0
TguLTR6a	NW_005054297.1	26400341	26400780	21.400	0
TguLTR11	NW_005054297.1	26401559	26401852	18.700	0
TguLTR11	NW_005054297.1	26401902	26402117	21.900	0
TguLTRL4c	NW_005054297.1	26448053	26449131	21.000	0
TguLTR5e	NW_005054297.1	26462586	26462655	21.700	0
TguLTR5e	NW_005054297.1	26470760	26471024	25.200	0
TguLTRL4d	NW_005054297.1	26507051	26507339	23.600	0
TguLTRL4c	NW_005054297.1	26528266	26529333	21.500	0
TguLTRL4c	NW_005054297.1	26529889	26530966	21.200	0
TguLTR5d	NW_005054297.1	26588497	26588999	23.800	0
TguLTR5a	NW_005054297.1	26591227	26591777	22.100	0
TguLTRL4c	NW_005054297.1	26684960	26686082	23.500	0
TguLTR5e	NW_005054297.1	26711321	26711878	28.100	0
TguLTR5b	NW_005054297.1	26739054	26739618	11.700	0
TguLTRL4d	NW_005054297.1	26747987	26748158	32.600	0
TguLTRL4d	NW_005054297.1	26748201	26748438	29.900	0
TguLTR5d	NW_005054297.1	26749658	26750191	19.100	0
TguLTRL4d	NW_005054297.1	26804007	26804439	25.600	0
TguLTR5a	NW_005054297.1	26877446	26877609	27.900	0
TguLTR5a	NW_005054297.1	26877644	26877839	27.900	0
TguLTR5a	NW_005054297.1	26877910	26878098	21.000	0
TguLTR5d	NW_005054297.1	26929659	26929844	17.800	0
TguLTRL4b	NW_005054297.1	26935051	26935544	15.100	0
TguLTR6a	NW_005054297.1	26935838	26935945	16.800	0
TguLTR5a	NW_005054297.1	26968275	26968795	24.400	0
TguLTR5a	NW_005054297.1	27015894	27016475	22.700	0
TguLTRL4c	NW_005054297.1	27089424	27090438	20.300	0
TguLTR6a	NW_005054297.1	27146396	27146591	21.500	0
TguLTR6a	NW_005054297.1	27215679	27215852	26.600	0
TguLTRL4b	NW_005054297.1	27217141	27217210	17.400	0
TguLTRL4b	NW_005054297.1	27578027	27578337	17.400	0
TguLTRL4c	NW_005054297.1	27647373	27647965	19.100	0
TguLTRL4c	NW_005054297.1	27776435	27776830	19.600	0
TguLTR5e	NW_005054297.1	27797269	27797392	27.900	0
TguLTRL6b	NW_005054297.1	27854156	27854565	15.200	0
TguLTR5a	NW_005054297.1	27872140	27872599	20.200	0
TguLTR5b	NW_005054297.1	27928104	27928481	19.200	0
TguLTR5b	NW_005054297.1	28131144	28131731	14.700	0
TguLTR5d	NW_005054297.1	28289777	28290370	20.300	0
TguLTRL6b	NW_005054297.1	28300374	28300491	21.100	0
TguLTR5e	NW_005054297.1	28329123	28329657	24.200	0
TguLTRL4b	NW_005054297.1	28521274	28521710	18.700	0
TguLTRL4d	NW_005054297.1	28554847	28555165	26.000	0
TguLTRL4d	NW_005054297.1	28555176	28555623	32.700	0
TguLTRL4c	NW_005054297.1	28762331	28762517	23.700	0
TguLTR5a	NW_005054297.1	28836073	28836568	20.100	0
TguLTRL4c	NW_005054297.1	29004599	29005234	19.900	0
TguLTRL4b	NW_005054297.1	29024695	29025049	14.800	0
TguLTR6a	NW_005054297.1	29061956	29062224	20.800	0
TguLTR5e	NW_005054297.1	29251680	29252259	24.100	0
TguLTR5b	NW_005054297.1	29935515	29935949	13.200	0
TguLTR5b	NW_005054297.1	29935949	29936074	18.400	0
TguLTR5a	NW_005054297.1	30074804	30075150	19.100	0
TguLTR5e	NW_005054297.1	30130083	30130321	25.700	0
TguLTR5b	NW_005054297.1	30208212	30208383	14.000	0
TguLTR11	NW_005054297.1	30269559	30269828	21.800	0
TguLTRL4c	NW_005054297.1	30314084	30314174	14.400	0
TguLTRL4c	NW_005054297.1	30314175	30314608	18.400	0
TguLTR5a	NW_005054298.1	49846	50056	20.200	0
TguLTR5e	NW_005054298.1	359373	359563	25.800	0
TguLTR5a	NW_005054298.1	1015247	1015419	23.800	0
TguLTRL4c	NW_005054298.1	1385763	1386641	22.900	0
TguLTR5d	NW_005054298.1	2766050	2766504	20.000	0
TguLTR5d	NW_005054298.1	3373856	3374050	21.600	0
TguLTR5a	NW_005054298.1	3767292	3767762	24.600	0
TguLTRL4c	NW_005054298.1	4071424	4071641	24.000	0
TguLTR5d	NW_005054298.1	4326374	4326510	11.800	0
TguLTRL4c	NW_005054298.1	4389667	4389950	18.100	0
TguLTRL4c	NW_005054298.1	4593041	4593520	15.300	0
TguLTRL4c	NW_005054298.1	4822397	4822761	18.200	0
TguLTRL4d	NW_005054298.1	4850144	4850808	26.500	0
TguLTRL4d	NW_005054298.1	5545400	5545720	24.600	0
TguLTR5d	NW_005054298.1	5592713	5592807	18.400	0
TguLTR5d	NW_005054298.1	5592982	5593425	32.500	0
TguLTR5a	NW_005054298.1	5626069	5626183	23.900	0
TguLTR5a	NW_005054298.1	5626183	5626479	17.400	0
TguLTRL4c	NW_005054298.1	5738472	5738597	17.600	0
TguLTR5b	NW_005054298.1	5830716	5830980	17.600	0
TguLTR5b	NW_005054298.1	5831467	5831746	19.400	0
TguLTR5d	NW_005054298.1	5915637	5915987	22.300	0
TguLTR5d	NW_005054298.1	5916668	5916899	18.600	0
TguLTR5d	NW_005054298.1	5918143	5918374	18.600	0
TguLTR5e	NW_005054298.1	5937224	5937351	22.800	0
TguLTR11	NW_005054298.1	6212262	6212326	27.000	0
TguLTRL4b	NW_005054298.1	6418211	6418293	33.400	0
TguLTR5a	NW_005054298.1	6546668	6546908	17.700	0
TguLTR5a	NW_005054298.1	6546935	6547066	16.800	0
TguLTR5d	NW_005054298.1	6632537	6632774	17.500	0
TguLTR5d	NW_005054298.1	6633201	6633459	23.100	0
TguLTR5d	NW_005054298.1	6641842	6641893	15.700	0
TguLTR5a	NW_005054298.1	7190929	7191052	13.000	0
TguLTR5e	NW_005054298.1	7281568	7282152	26.900	0
TguLTR5a	NW_005054298.1	7460602	7460650	10.400	0
TguLTR11	NW_005054298.1	7588511	7588874	18.600	0
TguLTR6a	NW_005054298.1	7590472	7590887	25.000	0
TguLTR5a	NW_005054298.1	7600354	7600474	15.800	0
TguLTR5d	NW_005054298.1	8044948	8045517	15.900	0
TguLTR5c	NW_005054298.1	8046332	8046897	16.300	0
TguLTR5c	NW_005054298.1	8050721	8051266	14.200	0
TguLTRL4c	NW_005054298.1	8446726	8447394	21.300	0
TguLTR5d	NW_005054298.1	8634090	8634125	5.700	0
TguLTR5a	NW_005054298.1	9012298	9012423	19.500	0
TguLTR5a	NW_005054298.1	9012514	9012897	19.500	0
TguLTR5d	NW_005054298.1	9105079	9105614	18.800	0
TguLTR5a	NW_005054298.1	9342388	9342940	18.400	0
TguLTRL4c	NW_005054298.1	9461366	9462287	20.100	0
TguLTR11	NW_005054298.1	9522087	9522749	18.100	0
TguLTR5a	NW_005054298.1	10799981	10800546	24.000	0
TguLTR5d	NW_005054298.1	10921512	10921809	19.400	0
TguLTR5d	NW_005054298.1	10934141	10934645	19.100	0
TguLTR5d	NW_005054298.1	11052517	11053117	18.300	0
TguLTR5a	NW_005054298.1	11059457	11060015	21.600	0
TguLTR5a	NW_005054298.1	11125930	11126494	16.500	0
TguLTRL4c	NW_005054298.1	11139699	11139845	15.800	0
TguLTR5d	NW_005054298.1	11193034	11193556	18.300	0
TguLTR5d	NW_005054298.1	11237013	11237538	16.000	0
TguLTR5d	NW_005054298.1	11288821	11289378	17.800	0
TguLTR5a	NW_005054298.1	11292197	11292476	23.900	0
TguLTR5b	NW_005054298.1	11406366	11406421	16.400	0
TguLTRL4c	NW_005054298.1	11415330	11415730	16.900	0
TguLTR5d	NW_005054298.1	11566545	11566634	20.200	0
TguLTR5d	NW_005054298.1	11566635	11566939	21.000	0
TguLTR5d	NW_005054298.1	11575044	11575177	15.900	0
TguLTR5d	NW_005054298.1	11615941	11616476	18.700	0
TguLTR5c	NW_005054298.1	11636659	11636955	20.000	0
TguLTRL4c	NW_005054298.1	11810747	11810851	16.400	0
TguLTR5a	NW_005054298.1	11812997	11813571	18.200	0
TguLTRL4b	NW_005054298.1	11973783	11974025	19.700	0
TguLTR11	NW_005054298.1	12015694	12015976	16.000	0
TguLTR11	NW_005054298.1	12016022	12016126	19.200	0
TguLTRL4b	NW_005054298.1	12039081	12039153	19.700	0
TguLTRL4c	NW_005054298.1	12122458	12122866	18.600	0
TguLTR5d	NW_005054298.1	12229066	12229183	19.700	0
TguLTRL6b	NW_005054298.1	12263142	12263302	25.900	0
TguLTR5a	NW_005054298.1	12416983	12417543	19.200	0
TguLTR5d	NW_005054298.1	12573515	12574094	19.200	0
TguLTR11	NW_005054298.1	12619272	12619559	16.800	0
TguLTR11	NW_005054298.1	12619606	12619681	21.900	0
TguLTR5b	NW_005054298.1	12654257	12654818	16.300	0
TguLTR5d	NW_005054298.1	12658464	12659018	16.700	0
TguLTR5a	NW_005054298.1	12714572	12714820	15.300	0
TguLTRL4c	NW_005054298.1	12888640	12889151	21.600	0
TguLTRL4c	NW_005054298.1	12889924	12890220	22.000	0
TguLTRL4c	NW_005054298.1	12897095	12897144	14.300	0
TguLTRL4c	NW_005054298.1	12897287	12897573	13.500	0
TguLTRL4c	NW_005054298.1	12944429	12944574	20.000	0
TguLTR5a	NW_005054298.1	13343356	13343883	15.000	0
TguLTR5d	NW_005054298.1	13784159	13784737	19.800	0
TguLTR6a	NW_005054298.1	13791954	13792380	22.900	0
TguLTR5b	NW_005054298.1	15227489	15228068	11.800	0
TguLTR5a	NW_005054298.1	15360770	15361322	16.300	0
TguLTR11	NW_005054298.1	15454284	15454676	18.500	0
TguLTR5a	NW_005054298.1	15507377	15507914	23.300	0
TguLTR5a	NW_005054298.1	15584978	15585529	25.900	0
TguLTR5d	NW_005054298.1	16060440	16060757	18.600	0
TguLTR5b	NW_005054298.1	16100241	16100824	18.400	0
TguLTRL4c	NW_005054298.1	16326758	16327652	23.100	0
TguLTR5d	NW_005054298.1	16663596	16664173	17.900	0
TguLTR5a	NW_005054298.1	16687553	16687828	18.300	0
TguLTR5b	NW_005054298.1	16701447	16702010	13.900	0
TguLTR6a	NW_005054298.1	16730812	16731246	21.300	0
TguLTRL4d	NW_005054298.1	16774094	16775054	24.800	0
TguLTRL4d	NW_005054298.1	16950070	16950362	23.400	0
TguLTRL4d	NW_005054298.1	16980740	16981451	27.300	0
TguLTR5a	NW_005054298.1	17009538	17009732	22.300	0
TguLTR5a	NW_005054298.1	17009769	17009947	21.800	0
TguLTR5b	NW_005054298.1	17042529	17043100	18.800	0
TguLTR5d	NW_005054298.1	17062761	17062869	13.200	0
TguLTR5e	NW_005054298.1	17082809	17083350	24.500	0
TguLTRL4d	NW_005054298.1	17083557	17084247	23.500	0
TguLTR5b	NW_005054298.1	17117327	17117676	23.800	0
TguLTR5d	NW_005054298.1	17226422	17226522	28.000	0
TguLTR5d	NW_005054298.1	17468827	17469401	19.600	0
TguLTR5a	NW_005054298.1	17723531	17724068	18.400	0
TguLTR5e	NW_005054298.1	17753826	17754352	24.500	0
TguLTR5a	NW_005054298.1	17818027	17818596	18.900	0
TguLTRL4c	NW_005054298.1	18096240	18096346	27.400	0
TguLTR5d	NW_005054298.1	18356120	18356701	20.800	0
TguLTRL4c	NW_005054298.1	18492319	18492813	23.200	0
TguLTR5b	NW_005054298.1	18517658	18518092	18.300	0
TguLTR5b	NW_005054298.1	18518120	18518364	17.600	0
TguLTRL4c	NW_005054298.1	18636312	18637274	21.200	0
TguLTR5d	NW_005054298.1	19135245	19135642	18.500	0
TguLTR5a	NW_005054298.1	19167800	19168365	21.800	0
TguLTR5c	NW_005054298.1	19178499	19179074	19.600	0
TguLTR5b	NW_005054298.1	19232050	19232632	15.000	0
TguLTRL4c	NW_005054298.1	19917419	19917896	21.200	0
TguLTR5a	NW_005054298.1	20058558	20058744	24.200	0
TguLTR5e	NW_005054298.1	20099480	20100005	23.600	0
TguLTR5d	NW_005054298.1	20425920	20426184	17.300	0
TguLTRL4d	NW_005054298.1	20567522	20568420	27.300	0
TguLTR5d	NW_005054298.1	20686776	20687277	17.800	0
TguLTR5e	NW_005054298.1	20688349	20688454	19.100	0
TguLTR5e	NW_005054298.1	20737217	20737722	24.600	0
TguLTR11	NW_005054298.1	20928477	20928652	17.300	0
TguLTR11	NW_005054298.1	20929221	20929465	24.500	0
TguLTR11	NW_005054298.1	20948661	20948991	22.300	0
TguLTR5a	NW_005054298.1	20980746	20981265	21.000	0
TguLTR5b	NW_005054298.1	21070908	21071458	13.500	0
TguLTR5d	NW_005054298.1	21160514	21161120	22.400	0
TguLTR5a	NW_005054298.1	21336729	21336835	22.100	0
TguLTRL4c	NW_005054298.1	21484116	21484227	17.100	0
TguLTR5a	NW_005054298.1	21716556	21716761	18.900	0
TguLTRL4d	NW_005054298.1	22071556	22072693	27.900	0
TguLTR5b	NW_005054298.1	22128501	22129061	12.400	0
TguLTR5d	NW_005054298.1	22390450	22391016	23.600	0
TguLTR11	NW_005054298.1	22661460	22661812	21.200	0
TguLTRL4c	NW_005054298.1	22802339	22803371	24.900	0
TguLTR5d	NW_005054298.1	22827251	22827811	27.200	0
TguLTR5c	NW_005054298.1	23152276	23152375	15.200	0
TguLTRL4d	NW_005054298.1	23241499	23242362	28.100	0
TguLTR5a	NW_005054298.1	23483165	23483532	21.900	0
TguLTR5a	NW_005054298.1	23886111	23886657	20.200	0
TguLTR5a	NW_005054298.1	23925979	23926490	23.300	0
TguLTRL4c	NW_005054298.1	24016886	24017040	17.300	0
TguLTRL4c	NW_005054298.1	24295067	24295227	20.800	0
TguLTRL4d	NW_005054298.1	24482708	24483259	25.100	0
TguLTRL4d	NW_005054298.1	24510630	24511225	25.700	0
TguLTR5d	NW_005054298.1	24527710	24528241	16.300	0
TguLTR5a	NW_005054298.1	24601022	24601438	22.900	0
TguLTR5c	NW_005054298.1	24992776	24992865	21.600	0
TguLTRL4c	NW_005054298.1	25230885	25230979	19.400	0
TguLTR11	NW_005054298.1	25255285	25255427	27.300	0
TguLTR5c	NW_005054298.1	25261980	25262142	16.200	0
TguLTR5b	NW_005054298.1	25262476	25262772	13.600	0
TguLTR5b	NW_005054298.1	25263075	25263259	21.700	0
TguLTR5d	NW_005054298.1	25291390	25291971	20.400	0
TguLTR5d	NW_005054298.1	25366310	25366540	13.500	0
TguLTR5d	NW_005054298.1	25366558	25366626	17.600	0
TguLTRL4c	NW_005054298.1	25373171	25373990	21.300	0
TguLTR5e	NW_005054298.1	25376720	25377296	24.700	0
TguLTR5e	NW_005054298.1	25414782	25415307	26.100	0
TguLTR5a	NW_005054298.1	25512650	25513186	20.400	0
TguLTR5d	NW_005054298.1	25643685	25643726	4.900	0
TguLTR5d	NW_005054298.1	25745006	25745092	22.100	0
TguLTR5d	NW_005054298.1	26346153	26346711	22.900	0
TguLTRL4c	NW_005054298.1	26453165	26453309	20.100	0
TguLTR5a	NW_005054298.1	26770423	26770562	15.100	0
TguLTR5a	NW_005054298.1	27217237	27217600	23.200	0
TguLTRL4c	NW_005054298.1	27257651	27257812	18.000	0
TguLTRL4c	NW_005054298.1	27258295	27258463	18.600	0
TguLTR5d	NW_005054298.1	27449365	27449692	21.200	0
TguLTRL4d	NW_005054298.1	27452155	27452558	27.100	0
TguLTRL4c	NW_005054298.1	27760838	27760909	19.700	0
TguLTR5b	NW_005054298.1	28085307	28085367	16.700	0
TguLTR11	NW_005054298.1	28209345	28209739	17.900	0
TguLTR5d	NW_005054298.1	28473161	28473733	18.600	0
TguLTR5d	NW_005054298.1	28485334	28485849	14.900	0
TguLTR5d	NW_005054298.1	28741196	28741263	6.900	0
TguLTR5e	NW_005054298.1	28785866	28786025	35.400	0
TguLTRL4c	NW_005054298.1	28818955	28819346	19.900	0
TguLTRL4c	NW_005054298.1	28822498	28822719	18.200	0
TguLTR5d	NW_005054298.1	28850185	28850739	16.200	0
TguLTR5a	NW_005054298.1	29160606	29160703	26.400	0
TguLTR5a	NW_005054298.1	29160724	29161056	26.000	0
TguLTR5e	NW_005054298.1	29274707	29274841	26.900	0
TguLTR11	NW_005054299.1	41387	41692	25.700	0
TguLTRL4d	NW_005054299.1	92569	92880	26.400	0
TguLTR6a	NW_005054299.1	610176	610261	24.100	0
TguLTR5d	NW_005054299.1	829087	829647	20.200	0
TguLTR5a	NW_005054299.1	947319	947875	21.500	0
TguLTRL4c	NW_005054299.1	1397639	1398335	24.600	0
TguLTR5a	NW_005054299.1	1450586	1451115	22.500	0
TguLTR5b	NW_005054299.1	1567978	1568223	15.400	0
TguLTR5e	NW_005054299.1	2515988	2516359	27.300	0
TguLTR11	NW_005054299.1	2590259	2591202	16.700	0
TguLTR5d	NW_005054299.1	2757900	2758080	15.100	0
TguLTR5a	NW_005054299.1	2810362	2810404	16.700	0
TguLTR5a	NW_005054299.1	2937025	2937559	18.800	0
TguLTR5a	NW_005054299.1	2970244	2970443	13.400	0
TguLTR5a	NW_005054299.1	2971505	2971733	18.600	0
TguLTRL4c	NW_005054299.1	2973329	2974378	19.900	0
TguLTR5a	NW_005054299.1	3639084	3639411	21.000	0
TguLTR5d	NW_005054299.1	3682529	3683062	17.200	0
TguLTR5b	NW_005054299.1	3960039	3960630	14.100	0
TguLTR5b	NW_005054299.1	3983487	3983575	18.600	0
TguLTRL4b	NW_005054299.1	4194281	4194345	18.800	0
TguLTR5b	NW_005054299.1	4320134	4320466	17.900	0
TguLTRL4c	NW_005054299.1	4483473	4484484	22.800	0
TguLTR5c	NW_005054299.1	4574215	4574786	17.800	0
TguLTRL4d	NW_005054299.1	4685984	4686940	25.100	0
TguLTR5b	NW_005054299.1	4705404	4705500	12.500	0
TguLTRL4c	NW_005054299.1	4798586	4799603	21.800	0
TguLTR5d	NW_005054299.1	4840332	4840398	25.800	0
TguLTR5d	NW_005054299.1	4877533	4878002	20.100	0
TguLTR5d	NW_005054299.1	4897990	4898575	20.500	0
TguLTRL4d	NW_005054299.1	4944411	4944523	32.100	0
TguLTRL4d	NW_005054299.1	4944571	4944993	26.200	0
TguLTR5a	NW_005054299.1	5172897	5173422	18.700	0
TguLTR5b	NW_005054299.1	5244759	5245337	15.200	0
TguLTRL4c	NW_005054299.1	5251669	5252765	20.100	0
TguLTR5a	NW_005054299.1	5353824	5353994	15.000	0
TguLTR5d	NW_005054299.1	5354966	5355239	22.000	0
TguLTR5a	NW_005054299.1	5370021	5370548	24.000	0
TguLTR5c	NW_005054299.1	5526197	5526254	22.800	0
TguLTRL4c	NW_005054299.1	5616396	5616955	24.300	0
TguLTRL4d	NW_005054299.1	5754212	5754455	29.900	0
TguLTR11	NW_005054299.1	6196266	6196658	17.800	0
TguLTR5d	NW_005054299.1	6264875	6265367	15.500	0
TguLTR5d	NW_005054299.1	6416812	6417395	17.200	0
TguLTR5b	NW_005054299.1	6492685	6492755	13.900	0
TguLTR6a	NW_005054299.1	6525420	6525838	20.100	0
TguLTR6a	NW_005054299.1	6586692	6587142	19.800	0
TguLTR5d	NW_005054299.1	7691519	7691616	15.500	0
TguLTRL4c	NW_005054299.1	7691618	7691698	18.800	0
TguLTR5d	NW_005054299.1	7700587	7700800	18.300	0
TguLTR5d	NW_005054299.1	7701904	7702121	22.100	0
TguLTR5a	NW_005054299.1	7802369	7802897	24.200	0
TguLTR5a	NW_005054299.1	7806892	7807436	20.200	0
TguLTR5b	NW_005054299.1	7905935	7906114	16.300	0
TguLTR5b	NW_005054299.1	7906162	7906525	14.700	0
TguLTRL4c	NW_005054299.1	7934107	7934284	23.700	0
TguLTR5d	NW_005054299.1	8140309	8140876	21.900	0
TguLTR5d	NW_005054299.1	8141038	8141623	19.600	0
TguLTR5d	NW_005054299.1	8351256	8351822	16.900	0
TguLTRL4c	NW_005054299.1	8479961	8480483	26.200	0
TguLTRL4c	NW_005054299.1	8769971	8770549	21.200	0
TguLTRL4c	NW_005054299.1	8788098	8788932	22.200	0
TguLTRL4c	NW_005054299.1	8789563	8789778	22.300	0
TguLTR5b	NW_005054299.1	9172324	9172883	12.100	0
TguLTR5d	NW_005054299.1	9360297	9360847	15.900	0
TguLTRL4d	NW_005054299.1	9638829	9639276	25.900	0
TguLTR5a	NW_005054299.1	9731249	9731816	17.700	0
TguLTRL4d	NW_005054299.1	9773157	9773357	24.200	0
TguLTRL4d	NW_005054299.1	9773428	9773865	29.200	0
TguLTR5e	NW_005054299.1	9796307	9796451	18.100	0
TguLTRL4c	NW_005054299.1	10098915	10099975	17.900	0
TguLTR5d	NW_005054299.1	10218895	10219372	19.600	0
TguLTRL4b	NW_005054299.1	10270437	10270484	10.900	0
TguLTRL6b	NW_005054299.1	10308639	10309116	22.900	0
TguLTR5c	NW_005054299.1	10336124	10336654	22.200	0
TguLTRL4c	NW_005054299.1	10362995	10364006	18.300	0
TguLTRL4c	NW_005054299.1	10367832	10368664	21.500	0
TguLTR5d	NW_005054299.1	10386096	10386630	18.000	0
TguLTR6a	NW_005054299.1	10389035	10389540	19.900	0
TguLTRL4c	NW_005054299.1	10498524	10498777	19.600	0
TguLTRL4c	NW_005054299.1	10498781	10499116	18.900	0
TguLTR6a	NW_005054299.1	10500650	10501056	22.300	0
TguLTR5a	NW_005054299.1	10516098	10516453	19.100	0
TguLTRL6b	NW_005054299.1	10519666	10519821	13.900	0
TguLTRL4b	NW_005054299.1	10619088	10619179	15.400	0
TguLTRL4b	NW_005054299.1	10622149	10623166	19.900	0
TguLTR6a	NW_005054299.1	10691083	10691499	23.600	0
TguLTRL4c	NW_005054299.1	10729541	10730313	22.300	0
TguLTRL4c	NW_005054299.1	10917702	10918373	16.000	0
TguLTR5a	NW_005054299.1	11078135	11078482	22.600	0
TguLTRL6b	NW_005054299.1	11087149	11087578	24.800	0
TguLTR11	NW_005054299.1	11145815	11146215	18.600	0
TguLTR6a	NW_005054299.1	11240175	11240384	19.900	0
TguLTR6a	NW_005054299.1	11240398	11240514	20.100	0
TguLTR5a	NW_005054299.1	11267838	11267895	10.500	0
TguLTRL4c	NW_005054299.1	11413770	11414836	20.700	0
TguLTRL6b	NW_005054299.1	11565225	11565445	29.400	0
TguLTRL6b	NW_005054299.1	11565509	11565707	21.200	0
TguLTRL4d	NW_005054299.1	11573585	11573819	24.900	0
TguLTR5d	NW_005054299.1	11587080	11587512	22.600	0
TguLTR6a	NW_005054299.1	11591444	11591877	21.600	0
TguLTR5d	NW_005054299.1	11662777	11663350	18.900	0
TguLTRL4b	NW_005054299.1	11758898	11759992	14.000	0
TguLTR5d	NW_005054299.1	11850531	11850736	17.100	0
TguLTRL4d	NW_005054299.1	11898182	11898362	24.900	0
TguLTRL4d	NW_005054299.1	11898379	11898482	30.400	0
TguLTR5e	NW_005054299.1	11898686	11899077	26.400	0
TguLTR5e	NW_005054299.1	11938489	11938927	26.600	0
TguLTR5a	NW_005054299.1	11969033	11969422	16.600	0
TguLTRL4d	NW_005054299.1	11995794	11996107	24.700	0
TguLTR11	NW_005054299.1	12057802	12058039	29.800	0
TguLTR5d	NW_005054299.1	12256417	12256748	16.400	0
TguLTR5d	NW_005054299.1	12260307	12260378	5.600	0
TguLTR6a	NW_005054299.1	12324269	12324692	19.100	0
TguLTR5d	NW_005054299.1	12530499	12531077	18.700	0
TguLTR11	NW_005054299.1	12542079	12542301	16.700	0
TguLTR11	NW_005054299.1	12542374	12542453	22.400	0
TguLTR5a	NW_005054299.1	12582654	12583190	20.600	0
TguLTR5c	NW_005054299.1	12609034	12609302	20.800	0
TguLTR5c	NW_005054299.1	12609316	12609558	14.200	0
TguLTR5b	NW_005054299.1	12671836	12672408	13.400	0
TguLTR5a	NW_005054299.1	12728371	12728902	22.000	0
TguLTR5d	NW_005054299.1	12790018	12790643	19.300	0
TguLTRL4b	NW_005054299.1	12923071	12924087	24.100	0
TguLTRL4b	NW_005054299.1	13024065	13025121	17.400	0
TguLTR5d	NW_005054299.1	13565487	13565922	15.000	0
TguLTR5b	NW_005054299.1	13589116	13589684	13.600	0
TguLTRL4c	NW_005054299.1	13677965	13678775	21.200	0
TguLTR5e	NW_005054299.1	13742177	13742396	23.700	0
TguLTRL4c	NW_005054299.1	13760230	13761266	22.100	0
TguLTR5b	NW_005054299.1	13860239	13860569	15.400	0
TguLTR5b	NW_005054299.1	13877817	13877951	8.200	0
TguLTR5e	NW_005054299.1	13904343	13904872	31.700	0
TguLTR11	NW_005054299.1	13924720	13924917	19.500	0
TguLTR11	NW_005054299.1	13925350	13925602	21.100	0
TguLTR5e	NW_005054299.1	14002016	14002554	26.400	0
TguLTRL4d	NW_005054299.1	14634719	14634838	18.500	0
TguLTR5b	NW_005054299.1	14659768	14659955	21.400	0
TguLTR5b	NW_005054299.1	14675326	14675567	12.900	0
TguLTR5b	NW_005054299.1	14675567	14675657	9.600	0
TguLTR11	NW_005054299.1	14689080	14689712	14.300	0
TguLTR5d	NW_005054299.1	14695526	14695610	18.900	0
TguLTR5b	NW_005054299.1	14815063	14815634	12.700	0
TguLTR5b	NW_005054299.1	14832602	14833213	12.300	0
TguLTRL4b	NW_005054299.1	14860657	14860722	20.000	0
TguLTR5d	NW_005054299.1	14870241	14870782	20.900	0
TguLTR5e	NW_005054299.1	15060249	15060565	23.500	0
TguLTRL6b	NW_005054299.1	15061753	15062095	20.700	0
TguLTRL4c	NW_005054299.1	15093351	15093569	20.300	0
TguLTRL4c	NW_005054299.1	15093574	15093806	18.400	0
TguLTR5b	NW_005054299.1	15100186	15100780	14.500	0
TguLTR5d	NW_005054299.1	15203180	15203700	17.700	0
TguLTRL4c	NW_005054299.1	15216995	15217368	17.300	0
TguLTR5c	NW_005054299.1	15436329	15436645	14.300	0
TguLTR5c	NW_005054299.1	15436649	15436813	21.200	0
TguLTR5d	NW_005054299.1	15478253	15478823	18.100	0
TguLTRL4c	NW_005054299.1	15516069	15517091	18.400	0
TguLTR5b	NW_005054299.1	15563838	15563908	15.800	0
TguLTR5e	NW_005054299.1	15647601	15647704	25.300	0
TguLTR5e	NW_005054299.1	15647756	15648052	21.800	0
TguLTR5c	NW_005054299.1	15691368	15691488	11.700	0
TguLTR11	NW_005054299.1	15793803	15794166	18.600	0
TguLTRL4c	NW_005054299.1	15860260	15860527	17.800	0
TguLTR5d	NW_005054299.1	15898636	15898776	15.700	0
TguLTR5a	NW_005054299.1	15915169	15915685	22.600	0
TguLTR11	NW_005054299.1	15952390	15952595	13.100	0
TguLTR11	NW_005054299.1	16027127	16027386	16.600	0
TguLTR11	NW_005054299.1	16027571	16027788	18.000	0
TguLTR11	NW_005054299.1	16037400	16038343	15.500	0
TguLTR5a	NW_005054299.1	16125390	16125934	25.900	0
TguLTRL4c	NW_005054299.1	16139036	16140102	18.100	0
TguLTR5b	NW_005054299.1	16390279	16390380	15.100	0
TguLTR5b	NW_005054299.1	16390443	16390903	15.100	0
TguLTRL4c	NW_005054299.1	16414814	16415924	23.800	0
TguLTRL4d	NW_005054299.1	16418418	16418639	28.900	0
TguLTR6a	NW_005054299.1	16421178	16421400	23.400	0
TguLTR5c	NW_005054299.1	16467746	16468320	20.000	0
TguLTRL4b	NW_005054299.1	16481269	16481595	16.100	0
TguLTRL6b	NW_005054299.1	16504712	16504782	22.400	0
TguLTRL6b	NW_005054299.1	16597741	16597918	23.900	0
TguLTR5d	NW_005054299.1	16603033	16603599	19.800	0
TguLTR5d	NW_005054299.1	16696264	16696830	18.200	0
TguLTR5d	NW_005054299.1	16913538	16914112	23.500	0
TguLTR5a	NW_005054299.1	17316043	17316300	18.800	0
TguLTR5a	NW_005054299.1	17316311	17316456	19.400	0
TguLTR6a	NW_005054299.1	17316906	17317319	23.300	0
TguLTR5e	NW_005054299.1	17328250	17328808	24.400	0
TguLTR5a	NW_005054299.1	17383196	17383797	18.900	0
TguLTR5a	NW_005054299.1	17556555	17557093	23.900	0
TguLTR6a	NW_005054299.1	17833973	17834099	15.200	0
TguLTR6a	NW_005054299.1	17834101	17834287	9.900	0
TguLTRL6b	NW_005054299.1	17834385	17834562	15.800	0
TguLTR5c	NW_005054299.1	18059585	18060113	17.800	0
TguLTR5b	NW_005054299.1	18122803	18123377	16.600	0
TguLTR5b	NW_005054299.1	18202366	18202844	11.100	0
TguLTRL4d	NW_005054299.1	18273053	18273476	27.300	0
TguLTR5a	NW_005054299.1	18435773	18436386	19.300	0
TguLTR5a	NW_005054299.1	18438332	18438869	21.400	0
TguLTR5a	NW_005054299.1	18548742	18549308	17.100	0
TguLTR5d	NW_005054299.1	18590631	18591140	14.900	0
TguLTR5a	NW_005054299.1	18704140	18704677	22.300	0
TguLTRL4d	NW_005054299.1	18735648	18735867	25.800	0
TguLTR5a	NW_005054299.1	18745850	18745964	23.000	0
TguLTR5e	NW_005054299.1	18759842	18760378	26.000	0
TguLTR5a	NW_005054299.1	18764927	18765546	16.400	0
TguLTR5a	NW_005054299.1	18993408	18994006	24.600	0
TguLTRL6b	NW_005054299.1	18995639	18995688	8.300	0
TguLTRL6b	NW_005054299.1	18995696	18995909	26.600	0
TguLTRL4d	NW_005054299.1	19086533	19086757	28.400	0
TguLTR5a	NW_005054299.1	19179962	19180521	19.900	0
TguLTR5a	NW_005054299.1	19241768	19242321	24.900	0
TguLTRL4c	NW_005054299.1	19264290	19264979	21.900	0
TguLTRL4c	NW_005054299.1	19265168	19265507	21.100	0
TguLTR5b	NW_005054299.1	19304063	19304164	12.900	0
TguLTR5b	NW_005054299.1	19304200	19304504	14.700	0
TguLTR5d	NW_005054299.1	19367630	19367935	18.600	0
TguLTRL6b	NW_005054299.1	19395529	19395992	22.500	0
TguLTR5a	NW_005054299.1	19441337	19441873	17.600	0
TguLTR5b	NW_005054299.1	19543985	19544262	15.900	0
TguLTR5b	NW_005054299.1	19992336	19992928	17.100	0
TguLTRL4d	NW_005054299.1	20080390	20080877	30.300	0
TguLTRL6b	NW_005054299.1	20098790	20099149	25.600	0
TguLTRL4c	NW_005054299.1	20227400	20228466	20.100	0
TguLTR5d	NW_005054299.1	20256590	20257145	19.300	0
TguLTRL4c	NW_005054299.1	20355618	20356780	21.100	0
TguLTR6a	NW_005054299.1	20409220	20409442	22.600	0
TguLTR5a	NW_005054299.1	20479499	20480115	20.200	0
TguLTR6a	NW_005054299.1	20529816	20530195	22.900	0
TguLTR5d	NW_005054299.1	20532732	20533296	18.100	0
TguLTR5b	NW_005054299.1	20856173	20856754	15.200	0
TguLTR5b	NW_005054299.1	21030591	21031183	14.600	0
TguLTRL4c	NW_005054299.1	21060058	21060425	19.700	0
TguLTR5a	NW_005054299.1	21075253	21075792	21.900	0
TguLTR5c	NW_005054299.1	21267777	21268060	25.700	0
TguLTR6a	NW_005054299.1	21347781	21348075	22.700	0
TguLTR5b	NW_005054299.1	21358397	21358463	13.600	0
TguLTR5b	NW_005054299.1	21358469	21358680	13.700	0
TguLTRL4c	NW_005054299.1	21496819	21496966	13.800	0
TguLTRL4c	NW_005054299.1	21511315	21512419	24.100	0
TguLTR5e	NW_005054299.1	21562400	21562711	21.200	0
TguLTR5a	NW_005054299.1	21597199	21597414	21.400	0
TguLTR5a	NW_005054299.1	21597638	21597683	17.800	0
TguLTR5d	NW_005054299.1	21600493	21601051	24.700	0
TguLTR6a	NW_005054299.1	21633977	21634213	17.400	0
TguLTR5a	NW_005054299.1	22010114	22010166	17.300	0
TguLTR5a	NW_005054299.1	22032956	22033112	17.900	0
TguLTR5a	NW_005054299.1	22033215	22033445	25.100	0
TguLTR5a	NW_005054299.1	22045759	22046090	17.800	0
TguLTR5d	NW_005054299.1	22071942	22072525	18.100	0
TguLTR5b	NW_005054299.1	22080480	22081063	14.300	0
TguLTRL4b	NW_005054299.1	22170194	22171224	20.900	0
TguLTR5a	NW_005054299.1	22191663	22192243	17.000	0
TguLTR5d	NW_005054299.1	22221965	22222547	24.400	0
TguLTRL6b	NW_005054300.1	262936	263369	22.900	0
TguLTR11	NW_005054300.1	268773	268940	21.800	0
TguLTR5a	NW_005054300.1	300691	301051	19.700	0
TguLTR5a	NW_005054300.1	301062	301201	17.600	0
TguLTR5d	NW_005054300.1	705961	706523	20.800	0
TguLTR5b	NW_005054300.1	754558	754932	17.600	0
TguLTR5d	NW_005054300.1	1180828	1180945	14.500	0
TguLTR5d	NW_005054300.1	1181896	1182460	20.800	0
TguLTR5d	NW_005054300.1	1480497	1481055	17.900	0
TguLTR5a	NW_005054300.1	1491257	1491827	20.100	0
TguLTR5a	NW_005054300.1	1558682	1559248	22.200	0
TguLTR5c	NW_005054300.1	1567971	1568217	15.100	0
TguLTR5b	NW_005054300.1	2534358	2534524	10.800	0
TguLTR5d	NW_005054300.1	2581154	2581615	20.700	0
TguLTRL4c	NW_005054300.1	2597245	2597390	17.900	0
TguLTR11	NW_005054300.1	2636250	2636466	18.600	0
TguLTR11	NW_005054300.1	2636950	2637070	25.200	0
TguLTR5b	NW_005054300.1	2662618	2662684	16.700	0
TguLTR5a	NW_005054300.1	2808835	2809341	23.200	0
TguLTR5a	NW_005054300.1	3222215	3222386	21.400	0
TguLTRL4c	NW_005054300.1	3403685	3404184	19.800	0
TguLTRL4c	NW_005054300.1	3506517	3507508	21.900	0
TguLTR5e	NW_005054300.1	3574247	3574352	27.900	0
TguLTR5e	NW_005054300.1	3574526	3574692	25.000	0
TguLTR5c	NW_005054300.1	3630834	3630966	20.600	0
TguLTR5a	NW_005054300.1	3677473	3677716	14.600	0
TguLTR5d	NW_005054300.1	3878550	3878732	19.800	0
TguLTR5d	NW_005054300.1	3878742	3878873	20.100	0
TguLTR5a	NW_005054300.1	3878878	3878935	5.500	0
TguLTR5c	NW_005054300.1	4144095	4144682	18.000	0
TguLTR5e	NW_005054300.1	5072691	5073216	26.300	0
TguLTRL4c	NW_005054300.1	5731358	5731572	19.600	0
TguLTR5a	NW_005054300.1	5780965	5781546	18.000	0
TguLTRL4c	NW_005054300.1	6039059	6039934	21.000	0
TguLTR5d	NW_005054300.1	6548672	6548919	15.200	0
TguLTRL6b	NW_005054300.1	7254379	7254744	19.600	0
TguLTR5a	NW_005054300.1	7540069	7540259	20.600	0
TguLTR5b	NW_005054300.1	7733464	7733684	17.200	0
TguLTR5a	NW_005054300.1	7760239	7760835	19.400	0
TguLTR5a	NW_005054300.1	8285376	8285427	13.700	0
TguLTR5d	NW_005054300.1	8293296	8293573	30.000	0
TguLTR5a	NW_005054300.1	8421352	8421899	19.700	0
TguLTR5d	NW_005054300.1	8426473	8426677	17.600	0
TguLTR5b	NW_005054300.1	8475165	8475717	12.900	0
TguLTR5d	NW_005054300.1	8566845	8566985	22.300	0
TguLTRL4d	NW_005054300.1	8579950	8580239	25.700	0
TguLTRL4d	NW_005054300.1	8580257	8580506	18.800	0
TguLTRL4b	NW_005054300.1	8595340	8595723	12.700	0
TguLTR5e	NW_005054300.1	8680422	8680969	28.700	0
TguLTR5a	NW_005054300.1	9005123	9005394	20.500	0
TguLTR5a	NW_005054300.1	9006199	9006479	18.600	0
TguLTR5a	NW_005054300.1	9299729	9299974	18.100	0
TguLTR5b	NW_005054300.1	9611035	9611076	7.300	0
TguLTR5d	NW_005054300.1	9835197	9835763	23.600	0
TguLTR5c	NW_005054300.1	9885824	9886142	16.800	0
TguLTR5c	NW_005054300.1	9886152	9886257	17.100	0
TguLTR5b	NW_005054300.1	9916993	9917153	7.100	0
TguLTRL4b	NW_005054300.1	10090718	10090890	12.200	0
TguLTR5c	NW_005054300.1	10090893	10091151	20.500	0
TguLTR6a	NW_005054300.1	10519491	10519849	20.700	0
TguLTRL4b	NW_005054300.1	10528892	10529971	16.300	0
TguLTR5d	NW_005054300.1	10704025	10704445	24.900	0
TguLTR5d	NW_005054300.1	10704470	10704616	24.900	0
TguLTR5e	NW_005054300.1	10705299	10705548	28.400	0
TguLTRL4c	NW_005054300.1	10875172	10875825	22.400	0
TguLTR5b	NW_005054300.1	11227383	11227928	15.900	0
TguLTR5e	NW_005054300.1	11736327	11736480	22.300	0
TguLTRL4d	NW_005054300.1	11760807	11761149	26.400	0
TguLTR5d	NW_005054300.1	11763998	11764587	18.900	0
TguLTR5e	NW_005054300.1	11790165	11790706	24.500	0
TguLTR5b	NW_005054300.1	11860015	11860310	18.700	0
TguLTR5b	NW_005054300.1	11870351	11870472	10.700	0
TguLTR5b	NW_005054300.1	11906414	11906963	12.100	0
TguLTR5b	NW_005054300.1	12129632	12129833	13.900	0
TguLTR5b	NW_005054300.1	12130136	12130314	13.500	0
TguLTRL4c	NW_005054300.1	12576384	12577482	16.800	0
TguLTRL4b	NW_005054300.1	12971531	12972155	16.600	0
TguLTR5a	NW_005054300.1	12977996	12978074	14.500	0
TguLTR5e	NW_005054300.1	13072671	13073167	24.300	0
TguLTR5d	NW_005054300.1	13293403	13293842	20.200	0
TguLTR6a	NW_005054300.1	13309073	13309479	21.200	0
TguLTRL6b	NW_005054300.1	13322243	13322446	21.700	0
TguLTR5a	NW_005054300.1	13462935	13463401	20.300	0
TguLTRL4b	NW_005054300.1	13487154	13487334	28.800	0
TguLTR5d	NW_005054300.1	13513129	13513174	15.600	0
TguLTR5b	NW_005054300.1	13538158	13538459	18.300	0
TguLTRL4c	NW_005054300.1	13566677	13567729	18.900	0
TguLTRL4c	NW_005054300.1	13677310	13677521	20.700	0
TguLTR5b	NW_005054300.1	13978100	13978190	14.400	0
TguLTR5b	NW_005054300.1	14047460	14047637	12.100	0
TguLTR5b	NW_005054300.1	14047637	14047814	11.300	0
TguLTR5e	NW_005054300.1	14209088	14209471	29.300	0
TguLTR5e	NW_005054300.1	14216908	14217077	22.000	0
TguLTR5a	NW_005054300.1	14338688	14339216	20.300	0
TguLTRL4b	NW_005054300.1	14488402	14489486	18.700	0
TguLTRL4b	NW_005054300.1	14574192	14575233	18.800	0
TguLTRL4b	NW_005054300.1	14758511	14758648	18.300	0
TguLTR5a	NW_005054300.1	14874908	14875446	21.600	0
TguLTR5d	NW_005054300.1	15012250	15012377	16.000	0
TguLTRL4c	NW_005054300.1	15154259	15154540	19.100	0
TguLTRL4c	NW_005054300.1	15154636	15154746	20.900	0
TguLTR5b	NW_005054300.1	15171148	15171652	15.300	0
TguLTR5d	NW_005054300.1	15193663	15194255	21.900	0
TguLTR5c	NW_005054300.1	15406465	15406926	18.500	0
TguLTR5d	NW_005054300.1	15481079	15481621	15.900	0
TguLTR5a	NW_005054300.1	15512559	15513111	22.600	0
TguLTR5b	NW_005054300.1	16188921	16189477	15.500	0
TguLTR5d	NW_005054300.1	16243870	16244455	23.000	0
TguLTR5a	NW_005054300.1	16356063	16356120	17.500	0
TguLTR5a	NW_005054300.1	16390729	16390861	16.200	0
TguLTR5a	NW_005054300.1	16390861	16391036	10.900	0
TguLTR5a	NW_005054300.1	16429137	16429697	18.800	0
TguLTR5b	NW_005054300.1	16741809	16742375	13.800	0
TguLTR5e	NW_005054300.1	17130477	17130733	22.600	0
TguLTR5d	NW_005054300.1	17258354	17258654	18.200	0
TguLTR5b	NW_005054300.1	17374342	17374611	15.600	0
TguLTR5c	NW_005054300.1	17544791	17544975	19.400	0
TguLTRL4c	NW_005054300.1	17573420	17573576	18.800	0
TguLTRL6b	NW_005054300.1	17618556	17618851	20.500	0
TguLTR5c	NW_005054300.1	17673321	17673414	19.500	0
TguLTR5d	NW_005054300.1	17712831	17713380	19.800	0
TguLTR5a	NW_005054300.1	17788312	17788435	14.100	0
TguLTR5d	NW_005054300.1	17927733	17928251	24.800	0
TguLTR5b	NW_005054300.1	17987353	17987511	13.900	0
TguLTRL4b	NW_005054300.1	18074222	18074461	20.800	0
TguLTR5b	NW_005054300.1	18118827	18119163	22.100	0
TguLTR5d	NW_005054300.1	18146734	18146790	19.600	0
TguLTR5d	NW_005054300.1	18264637	18265182	18.400	0
TguLTR5d	NW_005054300.1	18384485	18385050	16.900	0
TguLTRL4c	NW_005054300.1	18705366	18706227	18.100	0
TguLTRL4c	NW_005054300.1	18717639	18718688	21.100	0
TguLTR5c	NW_005054300.1	18904787	18905352	22.800	0
TguLTRL4c	NW_005054300.1	18928972	18929191	17.900	0
TguLTRL4c	NW_005054300.1	18929192	18929495	14.300	0
TguLTR5d	NW_005054300.1	18961677	18962232	17.900	0
TguLTR5a	NW_005054300.1	19008385	19008537	21.300	0
TguLTR5a	NW_005054300.1	19008578	19008985	23.900	0
TguLTRL4c	NW_005054300.1	19373798	19373968	23.700	0
TguLTR5a	NW_005054300.1	19424230	19424809	19.900	0
TguLTR5d	NW_005054300.1	19737518	19738098	21.400	0
TguLTR5d	NW_005054301.1	191938	192487	19.800	0
TguLTR5e	NW_005054301.1	226443	226768	24.400	0
TguLTR5a	NW_005054301.1	234320	234854	17.900	0
TguLTR6a	NW_005054301.1	294395	294602	19.500	0
TguLTR5a	NW_005054301.1	384423	384956	17.800	0
TguLTR5a	NW_005054301.1	386649	387238	16.000	0
TguLTR5a	NW_005054301.1	390626	391181	19.900	0
TguLTRL4b	NW_005054301.1	421994	422039	15.600	0
TguLTR5a	NW_005054301.1	515307	515840	19.500	0
TguLTR5b	NW_005054301.1	605554	606157	13.300	0
TguLTRL4c	NW_005054301.1	635035	635610	18.300	0
TguLTRL4c	NW_005054301.1	641832	642626	21.200	0
TguLTR5d	NW_005054301.1	655296	655370	20.300	0
TguLTRL4c	NW_005054301.1	669281	669673	18.600	0
TguLTRL4c	NW_005054301.1	670316	670463	19.800	0
TguLTR5b	NW_005054301.1	705109	705670	13.400	0
TguLTRL4c	NW_005054301.1	799319	800395	20.900	0
TguLTRL4d	NW_005054301.1	919085	919570	23.300	0
TguLTRL4d	NW_005054301.1	943446	943914	28.000	0
TguLTRL4d	NW_005054301.1	943998	944111	26.600	0
TguLTR5a	NW_005054301.1	1008461	1008834	20.500	0
TguLTR5a	NW_005054301.1	1008869	1009036	20.500	0
TguLTR5d	NW_005054301.1	1108040	1108606	21.200	0
TguLTRL4b	NW_005054301.1	1121561	1121640	14.300	0
TguLTRL4c	NW_005054301.1	1147204	1147272	14.700	0
TguLTR5e	NW_005054301.1	1175238	1175741	29.300	0
TguLTR5a	NW_005054301.1	1182837	1183188	18.400	0
TguLTRL4c	NW_005054301.1	1199864	1200476	19.600	0
TguLTR11	NW_005054301.1	1257125	1257185	15.000	0
TguLTR5b	NW_005054301.1	1276670	1277132	14.900	0
TguLTR5e	NW_005054301.1	1290202	1290337	27.100	0
TguLTR5e	NW_005054301.1	1290436	1290734	25.800	0
TguLTR5a	NW_005054301.1	1316613	1317131	21.400	0
TguLTR5d	NW_005054301.1	1378238	1378721	19.100	0
TguLTR5c	NW_005054301.1	1402593	1403043	23.400	0
TguLTR6a	NW_005054301.1	1444281	1444676	22.800	0
TguLTR5b	NW_005054301.1	1449814	1450329	15.300	0
TguLTRL4d	NW_005054301.1	1451647	1451770	30.300	0
TguLTRL4c	NW_005054301.1	1464378	1465395	23.400	0
TguLTR5c	NW_005054301.1	1493157	1493670	19.900	0
TguLTR5a	NW_005054301.1	1503823	1504354	19.900	0
TguLTRL4c	NW_005054301.1	1514049	1514725	23.600	0
TguLTR5a	NW_005054301.1	1547082	1547217	19.400	0
TguLTR5a	NW_005054301.1	1547225	1547374	12.800	0
TguLTRL4c	NW_005054301.1	1592258	1592689	24.000	0
TguLTR5d	NW_005054301.1	1606785	1607335	21.100	0
TguLTRL4c	NW_005054301.1	1917450	1917732	25.000	0
TguLTRL4c	NW_005054301.1	1917735	1918076	22.000	0
TguLTRL4c	NW_005054301.1	1988003	1988882	26.300	0
TguLTR5b	NW_005054301.1	2012993	2013587	14.400	0
TguLTR5d	NW_005054301.1	2041316	2041418	26.300	0
TguLTR5d	NW_005054301.1	2043490	2043961	19.600	0
TguLTRL4b	NW_005054301.1	2045233	2046148	16.200	0
TguLTRL4d	NW_005054301.1	2057150	2058025	25.500	0
TguLTR5e	NW_005054301.1	2095075	2095294	29.800	0
TguLTR5d	NW_005054301.1	2124995	2125601	23.900	0
TguLTRL4d	NW_005054301.1	2133155	2133894	28.600	0
TguLTRL4c	NW_005054301.1	2151224	2151599	20.900	0
TguLTR5a	NW_005054301.1	2209481	2209601	13.300	0
TguLTR5a	NW_005054301.1	2218927	2219480	26.600	0
TguLTR5b	NW_005054301.1	2417961	2418564	15.600	0
TguLTRL4b	NW_005054301.1	2472466	2472688	18.100	0
TguLTRL6b	NW_005054301.1	2498516	2498765	23.600	0
TguLTR5a	NW_005054301.1	2523258	2523336	21.100	0
TguLTR5d	NW_005054301.1	2593268	2593430	18.500	0
TguLTR5d	NW_005054301.1	2623340	2623935	17.700	0
TguLTR5e	NW_005054301.1	2676011	2676549	28.800	0
TguLTR5b	NW_005054301.1	2732343	2732455	15.500	0
TguLTR5b	NW_005054301.1	2732928	2733168	21.500	0
TguLTR5b	NW_005054301.1	2733277	2733488	19.500	0
TguLTR5b	NW_005054301.1	2757627	2758190	16.400	0
TguLTRL6b	NW_005054301.1	2921007	2921171	20.400	0
TguLTRL4b	NW_005054301.1	2936462	2937461	15.700	0
TguLTRL4b	NW_005054301.1	2948534	2948698	20.100	0
TguLTRL4d	NW_005054301.1	3039111	3039190	21.500	0
TguLTRL4d	NW_005054301.1	3039191	3039282	19.300	0
TguLTR5b	NW_005054301.1	3073612	3073770	9.500	0
TguLTR5b	NW_005054301.1	3112407	3112945	16.000	0
TguLTRL4d	NW_005054301.1	3128015	3128130	34.200	0
TguLTR5e	NW_005054301.1	3128246	3128318	20.000	0
TguLTRL4c	NW_005054301.1	3129270	3129619	25.100	0
TguLTR5d	NW_005054301.1	3129627	3129783	26.400	0
TguLTR5e	NW_005054301.1	3151785	3152005	34.200	0
TguLTR5e	NW_005054301.1	3152321	3152619	26.600	0
TguLTRL4c	NW_005054301.1	3179050	3179501	18.100	0
TguLTR5a	NW_005054301.1	3346625	3347197	26.500	0
TguLTR5d	NW_005054301.1	3374622	3374834	18.400	0
TguLTR5a	NW_005054301.1	3442821	3443191	23.500	0
TguLTRL4c	NW_005054301.1	3499940	3500072	23.500	0
TguLTR6a	NW_005054301.1	3523975	3524311	21.100	0
TguLTR6a	NW_005054301.1	3549431	3549719	19.600	0
TguLTRL6b	NW_005054301.1	3549794	3549952	19.700	0
TguLTR6a	NW_005054301.1	3555362	3555778	20.400	0
TguLTRL4c	NW_005054301.1	3833279	3833569	29.700	0
TguLTRL4c	NW_005054301.1	3833612	3833812	18.800	0
TguLTR5a	NW_005054301.1	3911365	3911941	20.800	0
TguLTRL4d	NW_005054301.1	3916369	3916669	24.200	0
TguLTRL4d	NW_005054301.1	3916742	3917115	26.500	0
TguLTR5e	NW_005054301.1	3925128	3925516	28.500	0
TguLTRL4c	NW_005054301.1	3961859	3962568	21.300	0
TguLTR5a	NW_005054301.1	3962605	3963155	18.000	0
TguLTRL4c	NW_005054301.1	3966368	3966488	24.400	0
TguLTR5d	NW_005054301.1	4124118	4124569	18.900	0
TguLTR5a	NW_005054301.1	4155132	4155655	25.600	0
TguLTRL4d	NW_005054301.1	4226159	4226920	26.800	0
TguLTR5a	NW_005054301.1	4275177	4275759	20.200	0
TguLTR5e	NW_005054301.1	4300292	4300389	17.500	0
TguLTRL6b	NW_005054301.1	4302215	4302674	18.900	0
TguLTR5a	NW_005054301.1	4306452	4306602	21.700	0
TguLTR5b	NW_005054301.1	4340605	4341165	15.600	0
TguLTRL6b	NW_005054301.1	4349694	4349756	11.500	0
TguLTR5b	NW_005054301.1	4365962	4366277	15.600	0
TguLTR11	NW_005054301.1	4385409	4386315	14.400	0
TguLTRL6b	NW_005054301.1	4477755	4478167	23.100	0
TguLTR5d	NW_005054301.1	4621787	4621863	18.900	0
TguLTR5a	NW_005054301.1	4622856	4623371	21.400	0
TguLTRL4c	NW_005054301.1	4635735	4636820	21.000	0
TguLTRL4c	NW_005054301.1	4640457	4641563	19.900	0
TguLTR5b	NW_005054301.1	4664979	4665588	12.200	0
TguLTR11	NW_005054301.1	4675021	4675250	15.700	0
TguLTR11	NW_005054301.1	4675730	4675783	11.800	0
TguLTR11	NW_005054301.1	4675815	4675895	20.000	0
TguLTRL6b	NW_005054301.1	4760978	4761301	17.900	0
TguLTRL4c	NW_005054301.1	4796053	4796360	17.200	0
TguLTRL4c	NW_005054301.1	4796509	4797290	18.600	0
TguLTRL4c	NW_005054301.1	5122518	5123631	20.400	0
TguLTRL4b	NW_005054301.1	5173625	5174650	19.900	0
TguLTR5b	NW_005054301.1	5295325	5295865	12.600	0
TguLTR5c	NW_005054301.1	5306668	5307265	19.800	0
TguLTR5d	NW_005054301.1	5400544	5400993	17.700	0
TguLTR5b	NW_005054301.1	5441417	5442012	14.900	0
TguLTRL4c	NW_005054301.1	5484160	5484424	25.800	0
TguLTR5e	NW_005054301.1	5497243	5497298	29.100	0
TguLTRL4d	NW_005054301.1	5592543	5592851	23.800	0
TguLTR5d	NW_005054301.1	5661908	5662485	20.800	0
TguLTRL4c	NW_005054301.1	5913274	5914304	23.200	0
TguLTR5a	NW_005054301.1	6050521	6050753	19.700	0
TguLTRL4b	NW_005054301.1	6489351	6489617	32.800	0
TguLTR5b	NW_005054301.1	6566001	6566558	14.900	0
TguLTR5d	NW_005054301.1	6642774	6643349	18.300	0
TguLTR5d	NW_005054301.1	6725078	6725655	17.100	0
TguLTR5a	NW_005054301.1	6805349	6805501	20.900	0
TguLTR5a	NW_005054301.1	6805623	6806027	17.300	0
TguLTRL4c	NW_005054301.1	6858404	6859478	19.200	0
TguLTR6a	NW_005054301.1	6893854	6894250	21.600	0
TguLTR5d	NW_005054301.1	6895839	6896434	21.100	0
TguLTR6a	NW_005054301.1	6941922	6942354	26.500	0
TguLTRL4c	NW_005054301.1	6950250	6950997	19.300	0
TguLTRL4d	NW_005054301.1	6975698	6975927	34.200	0
TguLTRL4d	NW_005054301.1	6975969	6976391	25.100	0
TguLTR5a	NW_005054301.1	7017355	7017882	21.700	0
TguLTR5a	NW_005054301.1	7041205	7041796	18.100	0
TguLTR5d	NW_005054301.1	7056174	7056756	18.900	0
TguLTR5b	NW_005054301.1	7115012	7115576	15.600	0
TguLTRL4c	NW_005054301.1	7117195	7117353	19.800	0
TguLTR5a	NW_005054301.1	7124596	7124694	18.100	0
TguLTRL4c	NW_005054301.1	7125344	7126434	20.400	0
TguLTR5b	NW_005054301.1	7201403	7201501	8.200	0
TguLTR5d	NW_005054301.1	7233909	7234208	17.600	0
TguLTR6a	NW_005054301.1	7235952	7236405	19.300	0
TguLTR5a	NW_005054301.1	7239360	7239941	19.300	0
TguLTRL6b	NW_005054301.1	7332825	7333262	15.600	0
TguLTRL6b	NW_005054301.1	7334544	7334953	17.400	0
TguLTR5e	NW_005054301.1	7361350	7361903	28.900	0
TguLTRL4c	NW_005054301.1	7368594	7369560	22.800	0
TguLTR5b	NW_005054301.1	7527741	7528305	12.200	0
TguLTR5d	NW_005054301.1	7682890	7683162	19.900	0
TguLTR5c	NW_005054301.1	7695517	7696103	17.900	0
TguLTRL4c	NW_005054301.1	7720864	7721952	19.200	0
TguLTR5a	NW_005054301.1	7946635	7946957	19.300	0
TguLTR5a	NW_005054301.1	7978153	7978757	18.800	0
TguLTR11	NW_005054301.1	8065590	8066590	21.600	0
TguLTR5a	NW_005054301.1	8114011	8114239	22.200	0
TguLTR5a	NW_005054301.1	8114628	8114980	20.900	0
TguLTRL4c	NW_005054301.1	8123389	8124473	18.800	0
TguLTR6a	NW_005054301.1	8171587	8172018	21.100	0
TguLTR6a	NW_005054301.1	8174398	8174804	18.400	0
TguLTRL4c	NW_005054301.1	8261497	8262551	20.700	0
TguLTR5c	NW_005054301.1	8298196	8298655	20.700	0
TguLTR11	NW_005054301.1	8441601	8441991	17.500	0
TguLTR5a	NW_005054301.1	8509070	8509583	19.600	0
TguLTR5b	NW_005054301.1	8541979	8542463	16.900	0
TguLTRL4b	NW_005054301.1	8551533	8552094	21.500	0
TguLTR5a	NW_005054301.1	8552094	8552325	18.600	0
TguLTR5a	NW_005054301.1	8552954	8553057	14.900	0
TguLTR5b	NW_005054301.1	8592023	8592581	14.200	0
TguLTR5d	NW_005054301.1	8675147	8675684	20.500	0
TguLTRL4c	NW_005054301.1	8744799	8745056	14.800	0
TguLTR5b	NW_005054301.1	8757372	8757544	12.200	0
TguLTRL4c	NW_005054301.1	8974770	8975409	21.900	0
TguLTRL4c	NW_005054301.1	9019083	9019485	22.200	0
TguLTRL6b	NW_005054301.1	9126334	9126497	22.100	0
TguLTRL4c	NW_005054301.1	9148329	9149442	20.300	0
TguLTR5d	NW_005054301.1	9162038	9162617	18.100	0
TguLTR5d	NW_005054301.1	9559844	9560418	18.900	0
TguLTRL4c	NW_005054301.1	9856968	9857788	17.600	0
TguLTR5b	NW_005054301.1	9910430	9910475	13.300	0
TguLTR5d	NW_005054301.1	9919014	9919324	19.100	0
TguLTR5d	NW_005054301.1	9921320	9921594	16.900	0
TguLTR5d	NW_005054301.1	10006042	10006340	16.900	0
TguLTR5d	NW_005054301.1	10007062	10007326	17.200	0
TguLTR5a	NW_005054301.1	10030689	10031266	19.900	0
TguLTRL4b	NW_005054301.1	10069013	10069959	19.600	0
TguLTR5d	NW_005054301.1	10210502	10211033	19.700	0
TguLTR5c	NW_005054301.1	10292518	10293136	19.900	0
TguLTR5d	NW_005054301.1	10327609	10327863	17.700	0
TguLTRL4b	NW_005054301.1	10340351	10340875	15.400	0
TguLTR11	NW_005054301.1	10340992	10341392	14.800	0
TguLTRL4b	NW_005054301.1	10341699	10342292	17.800	0
TguLTR5b	NW_005054301.1	10387916	10388493	14.600	0
TguLTR5e	NW_005054301.1	10416514	10416780	23.500	0
TguLTR5c	NW_005054301.1	10464642	10465189	20.800	0
TguLTR5b	NW_005054301.1	10467910	10468381	16.400	0
TguLTR5b	NW_005054301.1	10468385	10468695	16.000	0
TguLTRL4b	NW_005054301.1	10492256	10492908	25.500	0
TguLTRL4b	NW_005054301.1	10492908	10493021	19.500	0
TguLTRL4c	NW_005054301.1	10527158	10527599	20.800	0
TguLTRL4b	NW_005054301.1	10565670	10566109	19.300	0
TguLTRL4b	NW_005054301.1	10720526	10721495	19.600	0
TguLTRL4c	NW_005054301.1	10731830	10732313	19.500	0
TguLTRL4b	NW_005054301.1	10990000	10990853	18.400	0
TguLTR5d	NW_005054301.1	10992598	10993181	21.900	0
TguLTR5a	NW_005054301.1	11034825	11035389	19.200	0
TguLTRL4d	NW_005054301.1	11063250	11063328	31.200	0
TguLTR6a	NW_005054301.1	11099147	11099585	22.500	0
TguLTR5a	NW_005054301.1	11108049	11108254	20.100	0
TguLTRL6b	NW_005054301.1	11143885	11144270	20.600	0
TguLTR5a	NW_005054301.1	11175998	11176100	20.600	0
TguLTR5a	NW_005054301.1	11202834	11203414	21.000	0
TguLTRL4d	NW_005054301.1	11239595	11240445	30.700	0
TguLTRL4c	NW_005054301.1	11252801	11253089	17.800	0
TguLTR5b	NW_005054301.1	11255071	11255674	17.100	0
TguLTRL4c	NW_005054301.1	11256540	11257600	21.300	0
TguLTR5b	NW_005054301.1	11331538	11332075	17.200	0
TguLTRL4c	NW_005054301.1	11347959	11349026	28.300	0
TguLTR5e	NW_005054301.1	11389278	11389753	26.700	0
TguLTR5c	NW_005054301.1	11412753	11412860	19.200	0
TguLTR5c	NW_005054301.1	11412901	11412926	19.200	0
TguLTR5c	NW_005054301.1	11412939	11413261	13.700	0
TguLTRL4d	NW_005054301.1	11430251	11430406	24.100	0
TguLTR11	NW_005054301.1	11441007	11441194	22.500	0
TguLTR11	NW_005054301.1	11441286	11441519	18.200	0
TguLTR5c	NW_005054301.1	11480204	11480794	20.800	0
TguLTRL6b	NW_005054301.1	11486019	11486466	21.800	0
TguLTR5a	NW_005054301.1	11504129	11504696	19.300	0
TguLTRL4d	NW_005054301.1	11553984	11554619	26.400	0
TguLTRL4c	NW_005054301.1	11556373	11556522	19.500	0
TguLTR5e	NW_005054301.1	11609600	11609970	28.000	0
TguLTR5e	NW_005054301.1	11610661	11610807	27.300	0
TguLTR5d	NW_005054301.1	11797936	11798474	21.300	0
TguLTR5d	NW_005054301.1	11837421	11837983	20.700	0
TguLTRL4c	NW_005054301.1	11844602	11844667	30.800	0
TguLTR5e	NW_005054301.1	11863088	11863614	28.500	0
TguLTR5a	NW_005054301.1	11882318	11882478	22.900	0
TguLTR5b	NW_005054301.1	11919027	11919609	18.100	0
TguLTR5d	NW_005054301.1	11919866	11920309	26.700	0
TguLTR11	NW_005054301.1	11942835	11942881	19.600	0
TguLTR11	NW_005054301.1	11943250	11943401	20.400	0
TguLTRL4b	NW_005054301.1	11943545	11943815	31.100	0
TguLTR5d	NW_005054301.1	12003106	12003305	24.700	0
TguLTRL4c	NW_005054301.1	12016191	12016737	23.400	0
TguLTR5a	NW_005054301.1	12068309	12068924	20.900	0
TguLTRL4c	NW_005054301.1	12070192	12071102	22.300	0
TguLTRL6b	NW_005054301.1	12087784	12088218	18.900	0
TguLTRL4d	NW_005054301.1	12092399	12092654	22.000	0
TguLTR5e	NW_005054301.1	12200387	12200805	25.500	0
TguLTRL6b	NW_005054301.1	12202865	12203045	18.600	0
TguLTR5b	NW_005054301.1	12206058	12206640	15.700	0
TguLTR5d	NW_005054301.1	12214787	12215118	19.800	0
TguLTR5b	NW_005054301.1	12216437	12216601	20.700	0
TguLTR5b	NW_005054301.1	12216913	12217220	13.400	0
TguLTR5a	NW_005054301.1	12221978	12222097	17.400	0
TguLTR5d	NW_005054301.1	12239582	12240112	23.600	0
TguLTR5a	NW_005054301.1	12251958	12252516	19.800	0
TguLTRL4c	NW_005054301.1	12298462	12299343	21.200	0
TguLTR5d	NW_005054301.1	12302171	12302751	22.300	0
TguLTRL4d	NW_005054301.1	12429099	12429948	23.400	0
TguLTR5e	NW_005054301.1	12501829	12502322	23.000	0
TguLTR5e	NW_005054301.1	12564525	12564794	27.500	0
TguLTRL4d	NW_005054301.1	12638217	12639038	27.500	0
TguLTRL6b	NW_005054301.1	12639209	12639702	21.900	0
TguLTR6a	NW_005054301.1	12748693	12748844	17.300	0
TguLTR6a	NW_005054301.1	12748907	12749202	21.400	0
TguLTR5d	NW_005054301.1	12800677	12800980	18.100	0
TguLTRL4d	NW_005054301.1	12823220	12823334	21.400	0
TguLTRL6b	NW_005054301.1	12869766	12870251	24.200	0
TguLTR5b	NW_005054301.1	12893446	12893952	14.400	0
TguLTR5a	NW_005054301.1	12913110	12913514	23.400	0
TguLTR5d	NW_005054301.1	12914721	12915275	23.100	0
TguLTR5d	NW_005054301.1	12968493	12969037	22.300	0
TguLTRL4d	NW_005054301.1	12969157	12969281	26.100	0
TguLTRL4d	NW_005054301.1	12969674	12969825	30.700	0
TguLTR5a	NW_005054301.1	13010075	13010252	19.500	0
TguLTRL4d	NW_005054301.1	13015933	13016102	25.500	0
TguLTR5b	NW_005054301.1	13060061	13060653	15.600	0
TguLTR5b	NW_005054301.1	13091077	13091654	17.700	0
TguLTR5b	NW_005054301.1	13175380	13175900	16.100	0
TguLTR5d	NW_005054301.1	13352165	13352770	17.300	0
TguLTR5d	NW_005054301.1	13448566	13449083	21.200	0
TguLTRL4b	NW_005054301.1	13616748	13617780	14.900	0
TguLTRL4b	NW_005054301.1	13638407	13639114	20.600	0
TguLTRL4c	NW_005054301.1	13674720	13675842	18.500	0
TguLTRL4b	NW_005054301.1	13906044	13906201	18.100	0
TguLTR5b	NW_005054301.1	13994715	13995325	19.500	0
TguLTR5e	NW_005054301.1	14033228	14033483	21.600	0
TguLTR5a	NW_005054301.1	14043065	14043259	23.600	0
TguLTR5a	NW_005054301.1	14080156	14080309	20.000	0
TguLTR5e	NW_005054301.1	14096359	14096464	23.800	0
TguLTR5e	NW_005054301.1	14190310	14190461	27.600	0
TguLTR5e	NW_005054301.1	14190525	14190803	22.300	0
TguLTR5e	NW_005054301.1	14204699	14205058	24.900	0
TguLTR5e	NW_005054301.1	14205641	14205859	25.000	0
TguLTR6a	NW_005054301.1	14278223	14278620	23.900	0
TguLTR5b	NW_005054301.1	14302870	14302912	14.300	0
TguLTR5b	NW_005054301.1	14302922	14302982	10.000	0
TguLTR5e	NW_005054301.1	14327234	14327808	24.400	0
TguLTR11	NW_005054301.1	14376996	14377376	15.200	0
TguLTR5b	NW_005054301.1	14399889	14400483	13.500	0
TguLTR5b	NW_005054301.1	14405020	14405078	8.600	0
TguLTRL4b	NW_005054301.1	14476250	14476738	18.000	0
TguLTR6a	NW_005054301.1	14504471	14504848	22.300	0
TguLTR5e	NW_005054301.1	14543364	14543726	25.200	0
TguLTR11	NW_005054301.1	14593545	14593933	16.500	0
TguLTR5d	NW_005054301.1	14672492	14673062	19.400	0
TguLTRL4c	NW_005054301.1	14832404	14833056	21.000	0
TguLTR5b	NW_005054301.1	14843124	14843687	12.400	0
TguLTR6a	NW_005054301.1	14858041	14858393	20.300	0
TguLTR5c	NW_005054301.1	14870323	14870771	20.800	0
TguLTRL4c	NW_005054301.1	14967285	14968383	21.500	0
TguLTRL4c	NW_005054301.1	14988078	14989004	23.000	0
TguLTRL4c	NW_005054301.1	15049559	15049579	19.400	0
TguLTRL4c	NW_005054301.1	15049670	15050034	19.400	0
TguLTR6a	NW_005054301.1	15067228	15067539	17.000	0
TguLTRL6b	NW_005054301.1	15067550	15067731	18.700	0
TguLTR5a	NW_005054301.1	15078935	15079499	21.700	0
TguLTR6a	NW_005054301.1	15082030	15082187	26.300	0
TguLTR5e	NW_005054301.1	15116067	15116611	26.500	0
TguLTR11	NW_005054301.1	15203415	15204021	15.800	0
TguLTR5b	NW_005054301.1	15249272	15249720	11.600	0
TguLTR5b	NW_005054301.1	15249891	15250010	9.200	0
TguLTR6a	NW_005054301.1	15254240	15254607	18.100	0
TguLTR5a	NW_005054301.1	15408837	15408889	15.400	0
TguLTR5e	NW_005054301.1	15431954	15432165	31.800	0
TguLTR5a	NW_005054301.1	15445881	15446091	22.100	0
TguLTR5a	NW_005054301.1	15446410	15446806	18.200	0
TguLTR5e	NW_005054301.1	15507592	15507984	25.900	0
TguLTR5d	NW_005054301.1	15603324	15603898	17.000	0
TguLTR5b	NW_005054301.1	15655156	15655263	26.200	0
TguLTR5e	NW_005054301.1	15743584	15743868	22.100	0
TguLTR5e	NW_005054301.1	15743878	15744060	25.300	0
TguLTR5a	NW_005054301.1	15828123	15828427	23.300	0
TguLTR5a	NW_005054301.1	15994975	15995132	19.300	0
TguLTR5e	NW_005054301.1	16063622	16063761	25.400	0
TguLTRL4d	NW_005054301.1	16110093	16110195	25.500	0
TguLTR5b	NW_005054301.1	16123116	16123705	12.400	0
TguLTRL4b	NW_005054301.1	16888045	16888221	17.800	0
TguLTRL4b	NW_005054301.1	16888222	16888782	17.900	0
TguLTRL4d	NW_005054301.1	17045017	17045449	25.100	0
TguLTRL4b	NW_005054301.1	17110917	17111073	15.400	0
TguLTR11	NW_005054301.1	17161221	17161340	19.300	0
TguLTR11	NW_005054301.1	17201932	17202226	13.800	0
TguLTR11	NW_005054301.1	17202340	17202409	10.100	0
TguLTR5d	NW_005054301.1	17220388	17220914	21.100	0
TguLTR5d	NW_005054301.1	17230865	17230948	16.900	0
TguLTR5d	NW_005054301.1	17317666	17318236	18.200	0
TguLTR5a	NW_005054301.1	17445523	17445979	19.400	0
TguLTRL4c	NW_005054301.1	17464722	17464825	18.400	0
TguLTRL4c	NW_005054301.1	17464842	17465052	14.300	0
TguLTRL4c	NW_005054301.1	17466657	17466888	20.100	0
TguLTR5b	NW_005054301.1	17519865	17520471	11.100	0
TguLTRL4b	NW_005054301.1	17572967	17574014	18.800	0
TguLTR5d	NW_005054301.1	17757743	17758311	18.500	0
TguLTRL4c	NW_005054301.1	17768465	17769603	19.500	0
TguLTR5a	NW_005054301.1	17800313	17800350	8.100	0
TguLTR5b	NW_005054301.1	17908506	17909093	11.100	0
TguLTRL4c	NW_005054301.1	18209370	18209615	16.900	0
TguLTR5a	NW_005054301.1	18470864	18471040	17.800	0
TguLTRL4b	NW_005054301.1	18545495	18545948	12.900	0
TguLTRL4d	NW_005054301.1	18639517	18639684	28.100	0
TguLTR5d	NW_005054301.1	18682197	18682770	13.800	0
TguLTR5d	NW_005054301.1	18729289	18729879	20.200	0
TguLTRL4c	NW_005054301.1	18760415	18761346	23.700	0
TguLTRL4d	NW_005054301.1	18795545	18795761	25.600	0
TguLTRL4d	NW_005054301.1	18795840	18795952	24.700	0
TguLTR6a	NW_005054301.1	18884739	18885139	22.900	0
TguLTR11	NW_005054301.1	18924766	18925011	22.900	0
TguLTR11	NW_005054301.1	18925870	18926146	14.400	0
TguLTR11	NW_005054301.1	18926765	18926833	21.200	0
TguLTR5a	NW_005054301.1	19029891	19030458	19.200	0
TguLTRL4c	NW_005054302.1	45472	46232	18.100	0
TguLTRL6b	NW_005054302.1	162879	163322	19.400	0
TguLTRL4d	NW_005054302.1	273454	274154	23.000	0
TguLTR5d	NW_005054302.1	289276	289842	20.000	0
TguLTR5d	NW_005054302.1	381523	381688	17.000	0
TguLTR5b	NW_005054302.1	401944	402100	15.200	0
TguLTR5d	NW_005054302.1	447728	448301	16.400	0
TguLTRL4c	NW_005054302.1	851353	851572	17.900	0
TguLTRL4c	NW_005054302.1	1005571	1005866	16.900	0
TguLTRL4c	NW_005054302.1	1008651	1009648	18.800	0
TguLTR5a	NW_005054302.1	1010721	1011328	18.200	0
TguLTR5e	NW_005054302.1	1202701	1203274	25.200	0
TguLTR5a	NW_005054302.1	1257701	1258262	22.100	0
TguLTR6a	NW_005054302.1	1325855	1326271	26.400	0
TguLTR5b	NW_005054302.1	1328394	1328980	16.300	0
TguLTR5e	NW_005054302.1	1447640	1447866	25.000	0
TguLTR5e	NW_005054302.1	1447879	1448032	24.600	0
TguLTR5a	NW_005054302.1	1513752	1513814	16.100	0
TguLTR5c	NW_005054302.1	1545243	1545510	22.100	0
TguLTR5b	NW_005054302.1	1774528	1775083	15.000	0
TguLTRL4c	NW_005054302.1	1800497	1800616	12.600	0
TguLTRL4c	NW_005054302.1	1986261	1986770	22.800	0
TguLTRL6b	NW_005054302.1	2145743	2145878	22.500	0
TguLTR5d	NW_005054302.1	2360591	2360986	18.400	0
TguLTR5a	NW_005054302.1	2372335	2372895	16.800	0
TguLTR5a	NW_005054302.1	2383847	2384040	17.300	0
TguLTR5a	NW_005054302.1	2384191	2384761	20.100	0
TguLTR5d	NW_005054302.1	2400458	2400652	17.500	0
TguLTRL6b	NW_005054302.1	2482866	2483099	25.900	0
TguLTRL6b	NW_005054302.1	2485859	2486301	21.000	0
TguLTRL4c	NW_005054302.1	2505893	2507010	19.200	0
TguLTRL4b	NW_005054302.1	2551130	2551334	20.500	0
TguLTRL4c	NW_005054302.1	2570905	2571938	17.800	0
TguLTR5c	NW_005054302.1	2579489	2579582	27.400	0
TguLTR5d	NW_005054302.1	2598454	2598827	19.200	0
TguLTRL4c	NW_005054302.1	2621159	2621628	21.800	0
TguLTRL4c	NW_005054302.1	2628018	2628596	20.700	0
TguLTRL4c	NW_005054302.1	2639099	2639235	22.100	0
TguLTRL4b	NW_005054302.1	2919636	2920352	16.700	0
TguLTR5a	NW_005054302.1	2955205	2955785	18.400	0
TguLTR5d	NW_005054302.1	3124317	3124441	28.200	0
TguLTR5b	NW_005054302.1	3219415	3219987	13.100	0
TguLTRL4c	NW_005054302.1	3344159	3345225	15.900	0
TguLTRL4b	NW_005054302.1	3535932	3536925	17.800	0
TguLTR5d	NW_005054302.1	3565981	3566069	17.100	0
TguLTR5d	NW_005054302.1	3566729	3567212	17.200	0
TguLTR5a	NW_005054302.1	3771493	3771952	22.600	0
TguLTR5e	NW_005054302.1	3987275	3987461	25.400	0
TguLTRL4d	NW_005054302.1	4015699	4016106	26.600	0
TguLTR5b	NW_005054302.1	4038800	4039372	15.200	0
TguLTR5d	NW_005054302.1	4051386	4051777	17.000	0
TguLTR5d	NW_005054302.1	4051826	4051934	24.600	0
TguLTRL4c	NW_005054302.1	4178103	4178267	13.900	0
TguLTRL4c	NW_005054302.1	4244519	4244923	19.800	0
TguLTR5b	NW_005054302.1	4256328	4256848	12.300	0
TguLTR5a	NW_005054302.1	4268603	4269146	23.100	0
TguLTR11	NW_005054302.1	4308292	4308694	20.700	0
TguLTRL4d	NW_005054302.1	4367080	4367174	26.600	0
TguLTRL4d	NW_005054302.1	4367253	4367338	25.300	0
TguLTRL4d	NW_005054302.1	4367473	4367682	29.500	0
TguLTR5b	NW_005054302.1	4424435	4424995	14.300	0
TguLTRL4c	NW_005054302.1	4440619	4440772	13.200	0
TguLTR5d	NW_005054302.1	4446593	4447153	16.900	0
TguLTR5d	NW_005054302.1	4447721	4447867	20.100	0
TguLTR5d	NW_005054302.1	4510408	4510594	18.900	0
TguLTR5d	NW_005054302.1	4510648	4511046	17.300	0
TguLTR5b	NW_005054302.1	4675416	4675996	15.600	0
TguLTRL4c	NW_005054302.1	4711617	4712528	20.100	0
TguLTRL4c	NW_005054302.1	4731252	4731739	19.800	0
TguLTRL4c	NW_005054302.1	4732523	4732971	19.300	0
TguLTR11	NW_005054302.1	4733709	4733908	20.600	0
TguLTRL4b	NW_005054302.1	4761371	4762445	15.300	0
TguLTR5d	NW_005054302.1	4766693	4767290	15.600	0
TguLTR5d	NW_005054302.1	4794928	4795518	18.900	0
TguLTR5e	NW_005054302.1	4871450	4871975	25.600	0
TguLTR11	NW_005054302.1	4872928	4873188	18.700	0
TguLTR5a	NW_005054302.1	4878638	4879117	21.100	0
TguLTR5d	NW_005054302.1	4904213	4904775	17.500	0
TguLTR5d	NW_005054302.1	4905423	4905990	18.900	0
TguLTRL4d	NW_005054302.1	5111452	5111598	28.800	0
TguLTRL4b	NW_005054302.1	5112568	5112752	27.400	0
TguLTR5a	NW_005054302.1	5149651	5149722	9.100	0
TguLTR5d	NW_005054302.1	5195856	5196387	21.800	0
TguLTR5d	NW_005054302.1	5266437	5266981	26.700	0
TguLTR5a	NW_005054302.1	5288897	5289284	16.400	0
TguLTRL4c	NW_005054302.1	5304077	5304374	20.300	0
TguLTR5a	NW_005054302.1	5363530	5364029	18.800	0
TguLTR5e	NW_005054302.1	5379147	5379339	29.200	0
TguLTRL4c	NW_005054302.1	5399277	5399651	17.700	0
TguLTR5a	NW_005054302.1	5499675	5500235	15.400	0
TguLTRL4c	NW_005054302.1	5540548	5540778	14.300	0
TguLTR5c	NW_005054302.1	5608494	5608542	12.500	0
TguLTRL4d	NW_005054302.1	5645574	5645701	19.300	0
TguLTRL4d	NW_005054302.1	5645709	5645898	25.100	0
TguLTR5c	NW_005054302.1	5663666	5664257	21.500	0
TguLTR5a	NW_005054302.1	5773248	5773348	21.000	0
TguLTR5e	NW_005054302.1	5789377	5789548	25.000	0
TguLTR5a	NW_005054302.1	5813788	5813973	20.500	0
TguLTRL4c	NW_005054302.1	5820800	5821871	21.700	0
TguLTRL4c	NW_005054302.1	5940070	5940310	19.700	0
TguLTRL4c	NW_005054302.1	5940511	5940852	16.700	0
TguLTR5a	NW_005054302.1	5955335	5955621	19.400	0
TguLTRL4b	NW_005054302.1	5964239	5964920	16.300	0
TguLTRL4c	NW_005054302.1	5993133	5993921	23.900	0
TguLTRL4d	NW_005054302.1	6062501	6062807	26.500	0
TguLTRL4d	NW_005054302.1	6062809	6062942	24.200	0
TguLTR5d	NW_005054302.1	6069677	6070251	18.900	0
TguLTRL4d	NW_005054302.1	6072148	6072250	25.000	0
TguLTRL4c	NW_005054302.1	6077703	6078255	19.700	0
TguLTR5d	NW_005054302.1	6082520	6082653	11.500	0
TguLTRL4d	NW_005054302.1	6093841	6094073	23.900	0
TguLTR5a	NW_005054302.1	6116010	6116572	18.200	0
TguLTRL4d	NW_005054302.1	6185860	6186250	24.400	0
TguLTRL4c	NW_005054302.1	6217521	6218210	20.300	0
TguLTR11	NW_005054302.1	6222382	6222573	13.600	0
TguLTRL4c	NW_005054302.1	6242680	6243774	21.900	0
TguLTR5d	NW_005054302.1	6278676	6278768	26.100	0
TguLTR5d	NW_005054302.1	6326791	6327405	18.500	0
TguLTRL4d	NW_005054302.1	6330960	6331452	30.400	0
TguLTR5d	NW_005054302.1	6444283	6444808	20.400	0
TguLTR5c	NW_005054302.1	6514233	6514835	18.100	0
TguLTRL4b	NW_005054302.1	6567333	6567597	16.000	0
TguLTR5a	NW_005054302.1	6598826	6599000	19.300	0
TguLTR5a	NW_005054302.1	6599017	6599237	20.400	0
TguLTRL4b	NW_005054302.1	6660902	6661943	20.200	0
TguLTR5d	NW_005054302.1	6677611	6678195	16.300	0
TguLTR5d	NW_005054302.1	6719079	6719492	17.800	0
TguLTR5e	NW_005054302.1	6726236	6726800	27.000	0
TguLTR5c	NW_005054302.1	6739550	6740114	24.200	0
TguLTR5c	NW_005054302.1	6753449	6754014	17.100	0
TguLTR5d	NW_005054302.1	6788932	6789021	27.000	0
TguLTR5d	NW_005054302.1	6789025	6789148	17.700	0
TguLTR5d	NW_005054302.1	6789775	6790126	18.600	0
TguLTR5b	NW_005054302.1	6834460	6834517	15.800	0
TguLTRL4c	NW_005054302.1	6854528	6854956	19.400	0
TguLTRL4c	NW_005054302.1	6907513	6907692	19.700	0
TguLTR5a	NW_005054302.1	6949642	6950213	17.400	0
TguLTR5d	NW_005054302.1	6959021	6959076	20.000	0
TguLTR5e	NW_005054302.1	7125778	7126083	28.000	0
TguLTRL4c	NW_005054302.1	7223334	7223858	19.000	0
TguLTR5b	NW_005054302.1	7257239	7257307	14.700	0
TguLTRL4c	NW_005054302.1	7287632	7288702	19.500	0
TguLTR5d	NW_005054302.1	7338194	7338752	19.500	0
TguLTRL4c	NW_005054302.1	7412563	7412766	21.200	0
TguLTRL4c	NW_005054302.1	7412886	7413111	15.600	0
TguLTR5e	NW_005054302.1	7484817	7484987	26.800	0
TguLTR5e	NW_005054302.1	7485011	7485362	23.200	0
TguLTRL4c	NW_005054302.1	7487440	7487500	20.000	0
TguLTR6a	NW_005054302.1	7490469	7490906	22.000	0
TguLTRL4c	NW_005054302.1	7499365	7499774	16.500	0
TguLTR5a	NW_005054302.1	7577167	7577660	20.000	0
TguLTR6a	NW_005054302.1	7728630	7728858	22.300	0
TguLTRL4c	NW_005054302.1	7788491	7789018	19.900	0
TguLTRL4c	NW_005054302.1	7831614	7831705	28.600	0
TguLTR5b	NW_005054302.1	7853467	7853512	11.100	0
TguLTRL4c	NW_005054302.1	7862808	7863662	26.300	0
TguLTRL4c	NW_005054302.1	7898518	7899413	25.700	0
TguLTRL4c	NW_005054302.1	7899551	7899640	24.100	0
TguLTR5d	NW_005054302.1	7905578	7906117	21.800	0
TguLTR11	NW_005054302.1	7978262	7978519	21.100	0
TguLTR5b	NW_005054302.1	8030712	8030850	13.000	0
TguLTR5a	NW_005054302.1	8111171	8111600	19.000	0
TguLTR5a	NW_005054302.1	8266826	8267396	19.400	0
TguLTRL4b	NW_005054302.1	8269246	8269569	23.900	0
TguLTRL4b	NW_005054302.1	8287158	8287978	18.100	0
TguLTR5b	NW_005054302.1	8294111	8294693	16.200	0
TguLTR5d	NW_005054302.1	8355410	8355907	24.000	0
TguLTR5d	NW_005054302.1	8366337	8366721	17.000	0
TguLTRL4b	NW_005054302.1	8369792	8370869	19.700	0
TguLTR6a	NW_005054302.1	8381236	8381677	22.200	0
TguLTRL4d	NW_005054302.1	8383410	8384171	24.200	0
TguLTR5d	NW_005054302.1	8386414	8386508	19.500	0
TguLTRL4d	NW_005054302.1	8390824	8391174	27.700	0
TguLTRL4c	NW_005054302.1	8405226	8406374	21.700	0
TguLTRL4b	NW_005054302.1	8434611	8435566	19.500	0
TguLTR11	NW_005054302.1	8491498	8491984	16.400	0
TguLTR11	NW_005054302.1	8492396	8492667	19.300	0
TguLTRL6b	NW_005054302.1	8496436	8496866	19.700	0
TguLTRL4c	NW_005054302.1	8580839	8581018	24.100	0
TguLTR11	NW_005054302.1	8589268	8589400	26.900	0
TguLTR11	NW_005054302.1	8589473	8589617	23.500	0
TguLTR11	NW_005054302.1	8589649	8589762	23.500	0
TguLTRL4c	NW_005054302.1	8611263	8611689	29.700	0
TguLTR5c	NW_005054302.1	8612589	8612746	19.000	0
TguLTR5c	NW_005054302.1	8625956	8626490	21.500	0
TguLTR5e	NW_005054302.1	8633814	8634427	29.500	0
TguLTR5d	NW_005054302.1	8638258	8638830	20.600	0
TguLTR11	NW_005054302.1	8645489	8645730	15.900	0
TguLTR11	NW_005054302.1	8645777	8646025	22.000	0
TguLTR5d	NW_005054302.1	8650103	8650327	20.900	0
TguLTR5d	NW_005054302.1	8650363	8650666	20.900	0
TguLTR5d	NW_005054302.1	8716431	8716994	25.700	0
TguLTR5a	NW_005054302.1	8716994	8717589	23.500	0
TguLTRL4c	NW_005054302.1	8729384	8729479	20.000	0
TguLTR5a	NW_005054302.1	8733495	8733640	29.200	0
TguLTR6a	NW_005054302.1	8784919	8785072	25.600	0
TguLTR5d	NW_005054302.1	8809193	8809292	21.200	0
TguLTR5d	NW_005054302.1	8809319	8809699	20.800	0
TguLTR5e	NW_005054302.1	8822136	8822292	29.700	0
TguLTR5d	NW_005054302.1	8841555	8842099	21.900	0
TguLTRL4b	NW_005054302.1	8847764	8848534	21.100	0
TguLTR5e	NW_005054302.1	8859427	8859929	28.200	0
TguLTRL4c	NW_005054302.1	8875435	8876383	20.200	0
TguLTRL4b	NW_005054302.1	8905207	8906306	15.400	0
TguLTR5d	NW_005054302.1	8921114	8921510	22.600	0
TguLTR5d	NW_005054302.1	8923395	8923960	19.400	0
TguLTR5e	NW_005054302.1	8931685	8931738	20.800	0
TguLTRL4d	NW_005054302.1	8938743	8938861	21.200	0
TguLTR5e	NW_005054302.1	8938887	8938937	20.000	0
TguLTR5a	NW_005054302.1	8951221	8951822	20.800	0
TguLTRL4c	NW_005054302.1	8983050	8983279	22.800	0
TguLTRL4c	NW_005054302.1	8983283	8983489	19.400	0
TguLTRL4c	NW_005054302.1	8988755	8989275	20.300	0
TguLTRL4c	NW_005054302.1	8989528	8990025	21.600	0
TguLTR5d	NW_005054302.1	9001362	9001723	16.700	0
TguLTRL4b	NW_005054302.1	9021395	9022328	22.400	0
TguLTR5a	NW_005054302.1	9023680	9023980	18.700	0
TguLTRL4c	NW_005054302.1	9027503	9028438	24.800	0
TguLTRL4b	NW_005054302.1	9035765	9036004	16.700	0
TguLTR5d	NW_005054302.1	9051227	9051579	19.400	0
TguLTR5c	NW_005054302.1	9057076	9057375	20.600	0
TguLTR5c	NW_005054302.1	9063869	9064060	22.800	0
TguLTR11	NW_005054302.1	9075098	9075657	17.900	0
TguLTR5b	NW_005054302.1	9133366	9133913	16.300	0
TguLTR5d	NW_005054302.1	9137656	9138032	21.300	0
TguLTR5d	NW_005054302.1	9138032	9138115	16.900	0
TguLTRL4c	NW_005054302.1	9142579	9142709	23.600	0
TguLTRL4c	NW_005054302.1	9142867	9143126	20.600	0
TguLTR5e	NW_005054302.1	9156085	9156182	26.800	0
TguLTRL4d	NW_005054302.1	9156301	9156759	32.100	0
TguLTR5d	NW_005054302.1	9173037	9173188	27.600	0
TguLTR5d	NW_005054302.1	9173192	9173345	20.800	0
TguLTR11	NW_005054302.1	9190059	9190244	22.000	0
TguLTRL4c	NW_005054302.1	9216178	9216643	20.500	0
TguLTR5a	NW_005054302.1	9221405	9221950	19.600	0
TguLTRL4c	NW_005054302.1	9293790	9294126	18.600	0
TguLTR5d	NW_005054302.1	9295442	9295702	18.900	0
TguLTR5c	NW_005054302.1	9319357	9319949	19.500	0
TguLTR5a	NW_005054302.1	9685691	9686233	19.000	0
TguLTR5a	NW_005054302.1	9686646	9686700	16.700	0
TguLTRL4c	NW_005054302.1	9694330	9694665	19.600	0
TguLTR5d	NW_005054302.1	10000155	10000310	15.700	0
TguLTR5a	NW_005054302.1	10061584	10061998	17.000	0
TguLTR5a	NW_005054302.1	10062048	10062107	17.000	0
TguLTRL4c	NW_005054302.1	10076746	10077782	18.800	0
TguLTRL4c	NW_005054302.1	10083382	10083733	17.800	0
TguLTR5a	NW_005054302.1	10125008	10125292	19.400	0
TguLTRL4b	NW_005054302.1	10207048	10207319	30.200	0
TguLTR5b	NW_005054302.1	10332414	10333007	13.700	0
TguLTR5d	NW_005054302.1	10405578	10405952	16.800	0
TguLTR5d	NW_005054302.1	10406003	10406160	24.100	0
TguLTRL4c	NW_005054302.1	10418698	10419008	17.400	0
TguLTRL4c	NW_005054302.1	10502833	10503122	18.300	0
TguLTRL4c	NW_005054302.1	10516270	10516517	16.100	0
TguLTRL4c	NW_005054302.1	10517312	10518089	19.900	0
TguLTRL4c	NW_005054302.1	10611322	10611716	16.500	0
TguLTRL4c	NW_005054302.1	10620826	10621871	17.000	0
TguLTRL4c	NW_005054302.1	10623615	10624495	18.400	0
TguLTR5a	NW_005054302.1	10642315	10642680	20.600	0
TguLTRL6b	NW_005054302.1	10653480	10653551	11.300	0
TguLTR6a	NW_005054302.1	10653599	10653949	21.400	0
TguLTR5d	NW_005054302.1	10662174	10662765	15.100	0
TguLTR5b	NW_005054302.1	10663566	10663619	11.300	0
TguLTR5d	NW_005054302.1	10669626	10670153	18.400	0
TguLTRL4b	NW_005054302.1	10715794	10716866	14.200	0
TguLTRL4c	NW_005054302.1	10735570	10736188	18.700	0
TguLTR5e	NW_005054302.1	10774545	10775089	27.900	0
TguLTRL4d	NW_005054302.1	10781559	10781768	28.000	0
TguLTR5d	NW_005054302.1	10903037	10903554	15.600	0
TguLTR5a	NW_005054302.1	11023066	11023405	17.200	0
TguLTRL4c	NW_005054302.1	11084692	11085477	17.200	0
TguLTR6a	NW_005054302.1	11088926	11089348	20.200	0
TguLTRL4b	NW_005054302.1	11124904	11125104	16.800	0
TguLTRL4c	NW_005054302.1	11350906	11351788	17.500	0
TguLTRL4c	NW_005054302.1	11484197	11484884	26.500	0
TguLTRL4c	NW_005054302.1	11496422	11497491	17.600	0
TguLTR5d	NW_005054302.1	11501725	11502311	20.100	0
TguLTR5d	NW_005054302.1	11534363	11534642	22.100	0
TguLTR5a	NW_005054302.1	11551789	11552160	21.000	0
TguLTR5a	NW_005054302.1	11552193	11552364	21.000	0
TguLTR5d	NW_005054302.1	11570895	11571307	19.400	0
TguLTR5e	NW_005054302.1	11576781	11577360	30.000	0
TguLTRL4d	NW_005054302.1	11594470	11595199	26.600	0
TguLTRL4c	NW_005054302.1	11680714	11680970	12.700	0
TguLTRL4c	NW_005054302.1	11680976	11681102	20.600	0
TguLTR5b	NW_005054302.1	11709835	11710087	21.000	0
TguLTR11	NW_005054302.1	11753537	11753606	27.500	0
TguLTRL4d	NW_005054302.1	11841345	11841617	23.600	0
TguLTR5a	NW_005054302.1	11861434	11861983	24.700	0
TguLTRL4c	NW_005054302.1	11980462	11980697	23.700	0
TguLTRL4c	NW_005054302.1	11980976	11981291	16.300	0
TguLTR5b	NW_005054302.1	11996966	11997493	15.900	0
TguLTR5d	NW_005054302.1	12031651	12032192	18.200	0
TguLTRL6b	NW_005054302.1	12056042	12056227	21.400	0
TguLTR6a	NW_005054302.1	12056336	12056568	15.600	0
TguLTRL4b	NW_005054302.1	12080840	12081923	14.400	0
TguLTR5a	NW_005054302.1	12143627	12144186	21.900	0
TguLTRL4c	NW_005054302.1	12200172	12200518	15.800	0
TguLTRL4c	NW_005054302.1	12206171	12206426	22.300	0
TguLTR5a	NW_005054302.1	12266606	12267153	23.600	0
TguLTR5a	NW_005054302.1	12332775	12332858	20.500	0
TguLTRL4c	NW_005054302.1	12353125	12353656	24.100	0
TguLTR5b	NW_005054302.1	12375748	12376310	15.300	0
TguLTR5a	NW_005054302.1	12393485	12393606	20.700	0
TguLTR5b	NW_005054302.1	12468817	12469396	18.000	0
TguLTR5c	NW_005054302.1	12483086	12483488	15.700	0
TguLTR5d	NW_005054302.1	12530156	12530695	18.100	0
TguLTR5e	NW_005054302.1	12559238	12559817	27.000	0
TguLTR11	NW_005054302.1	12580198	12580430	16.600	0
TguLTR5d	NW_005054302.1	12610880	12610941	9.800	0
TguLTR5d	NW_005054302.1	12613247	12613357	24.400	0
TguLTRL4c	NW_005054302.1	12615002	12615423	20.000	0
TguLTRL4c	NW_005054302.1	12616580	12616966	22.000	0
TguLTRL4b	NW_005054302.1	12657902	12658878	18.600	0
TguLTRL6b	NW_005054302.1	12680113	12680448	22.900	0
TguLTR5c	NW_005054302.1	12717734	12718234	24.500	0
TguLTR5d	NW_005054302.1	12740965	12741311	17.200	0
TguLTRL4c	NW_005054302.1	12751781	12752578	20.400	0
TguLTR6a	NW_005054302.1	12783689	12784109	25.300	0
TguLTR5d	NW_005054302.1	13034868	13035420	18.100	0
TguLTR5a	NW_005054302.1	13055614	13055695	21.000	0
TguLTR11	NW_005054302.1	13137420	13138401	13.300	0
TguLTR5d	NW_005054302.1	13290542	13290807	15.900	0
TguLTR5d	NW_005054302.1	13415368	13415956	17.600	0
TguLTR5e	NW_005054302.1	13476122	13476394	25.500	0
TguLTR5e	NW_005054302.1	13476609	13476924	25.800	0
TguLTR5d	NW_005054302.1	13643528	13643809	19.200	0
TguLTRL4c	NW_005054302.1	13786458	13786692	19.700	0
TguLTR5b	NW_005054302.1	13936619	13937181	13.500	0
TguLTR5e	NW_005054302.1	13941113	13941664	25.600	0
TguLTRL4d	NW_005054302.1	13959577	13959661	22.600	0
TguLTR5b	NW_005054302.1	13977680	13977870	11.600	0
TguLTR5d	NW_005054302.1	13989543	13989746	20.200	0
TguLTR5a	NW_005054302.1	14109338	14109905	21.200	0
TguLTR5b	NW_005054302.1	14256141	14256707	13.000	0
TguLTRL4c	NW_005054302.1	14257315	14258366	18.600	0
TguLTR5d	NW_005054302.1	14305100	14305678	20.100	0
TguLTR5a	NW_005054302.1	14402139	14402681	22.700	0
TguLTR11	NW_005054302.1	14420526	14420752	23.900	0
TguLTR11	NW_005054302.1	14420825	14421032	16.600	0
TguLTRL4c	NW_005054302.1	14462078	14462906	20.600	0
TguLTRL6b	NW_005054302.1	14468012	14468413	22.100	0
TguLTRL4c	NW_005054302.1	14538686	14539714	19.100	0
TguLTR11	NW_005054302.1	14552184	14552562	15.600	0
TguLTRL4b	NW_005054302.1	14852731	14852916	19.500	0
TguLTRL4b	NW_005054302.1	14855064	14855450	22.600	0
TguLTR5b	NW_005054302.1	14861903	14862128	18.200	0
TguLTR5d	NW_005054302.1	14885093	14885299	17.600	0
TguLTR5e	NW_005054302.1	14925777	14926338	30.400	0
TguLTRL4c	NW_005054302.1	14952218	14953291	29.500	0
TguLTRL4c	NW_005054302.1	14956353	14956482	19.100	0
TguLTRL4c	NW_005054302.1	14956540	14956945	20.400	0
TguLTR5a	NW_005054302.1	14975194	14975824	17.400	0
TguLTR5d	NW_005054302.1	15005981	15006563	23.400	0
TguLTRL4d	NW_005054302.1	15022912	15023427	25.100	0
TguLTRL4c	NW_005054302.1	15033206	15033956	25.100	0
TguLTRL4c	NW_005054302.1	15087978	15088355	22.100	0
TguLTR5d	NW_005054302.1	15100184	15100782	17.200	0
TguLTRL4c	NW_005054302.1	15155616	15155745	24.800	0
TguLTR5c	NW_005054302.1	15174181	15174750	17.600	0
TguLTR5b	NW_005054302.1	15179789	15180323	16.700	0
TguLTR11	NW_005054302.1	15216385	15216617	22.000	0
TguLTR6a	NW_005054302.1	15230100	15230190	28.900	0
TguLTR5d	NW_005054302.1	15236856	15237440	17.500	0
TguLTR5c	NW_005054302.1	15264516	15265063	19.100	0
TguLTRL4c	NW_005054302.1	15268278	15268483	21.000	0
TguLTRL6b	NW_005054302.1	15273407	15273555	19.600	0
TguLTRL4b	NW_005054302.1	15366548	15366944	17.800	0
TguLTR5b	NW_005054302.1	15515201	15515771	15.100	0
TguLTRL4b	NW_005054302.1	15516641	15517655	18.700	0
TguLTRL4c	NW_005054302.1	15532454	15532528	16.600	0
TguLTR5b	NW_005054302.1	15585960	15586552	16.200	0
TguLTR5d	NW_005054302.1	15614745	15615344	17.400	0
TguLTR5a	NW_005054302.1	15615797	15615921	20.300	0
TguLTR5a	NW_005054302.1	15616013	15616396	20.600	0
TguLTR5a	NW_005054302.1	15620422	15620477	10.900	0
TguLTRL4c	NW_005054302.1	15660327	15660599	20.700	0
TguLTR6a	NW_005054302.1	15689446	15689712	24.000	0
TguLTR5d	NW_005054302.1	15700012	15700544	21.900	0
TguLTR5d	NW_005054302.1	15708373	15708894	18.700	0
TguLTR5d	NW_005054302.1	15754845	15755389	21.500	0
TguLTRL4c	NW_005054302.1	15757781	15757969	26.200	0
TguLTRL4c	NW_005054302.1	15822493	15823583	23.000	0
TguLTR6a	NW_005054302.1	15882986	15883414	24.200	0
TguLTR5a	NW_005054302.1	15893276	15893868	17.500	0
TguLTR5d	NW_005054302.1	16005887	16006505	26.300	0
TguLTR5a	NW_005054302.1	16008168	16008360	20.800	0
TguLTRL4c	NW_005054302.1	16069949	16070952	25.000	0
TguLTR5d	NW_005054302.1	16092269	16092400	27.100	0
TguLTR5d	NW_005054302.1	16105602	16106192	21.200	0
TguLTR5d	NW_005054302.1	16160424	16160993	21.400	0
TguLTR5c	NW_005054302.1	16265202	16265489	20.100	0
TguLTR5d	NW_005054302.1	16346195	16346436	27.400	0
TguLTRL4d	NW_005054302.1	16506023	16506257	23.100	0
TguLTRL4c	NW_005054302.1	16560569	16561145	20.500	0
TguLTR5d	NW_005054302.1	16721469	16722027	16.700	0
TguLTR5d	NW_005054302.1	16784581	16785145	14.900	0
TguLTR5b	NW_005054302.1	17020542	17020971	23.100	0
TguLTR5d	NW_005054303.1	2126	2447	17.400	0
TguLTR5d	NW_005054303.1	2570	2802	21.600	0
TguLTRL6b	NW_005054303.1	29676	30074	21.300	0
TguLTRL4b	NW_005054303.1	66421	66618	19.100	0
TguLTRL4b	NW_005054303.1	133896	134105	32.700	0
TguLTRL4d	NW_005054303.1	183251	183765	20.900	0
TguLTRL4d	NW_005054303.1	220835	221114	24.700	0
TguLTRL4d	NW_005054303.1	221142	221565	28.700	0
TguLTRL4c	NW_005054303.1	227419	228616	20.900	0
TguLTR5e	NW_005054303.1	299356	299400	22.700	0
TguLTR5b	NW_005054303.1	308969	309451	16.400	0
TguLTR5b	NW_005054303.1	333686	333910	13.400	0
TguLTR5b	NW_005054303.1	421301	421851	16.300	0
TguLTRL4c	NW_005054303.1	491740	492062	14.900	0
TguLTRL6b	NW_005054303.1	643350	643763	13.700	0
TguLTR6a	NW_005054303.1	733280	733707	21.400	0
TguLTR5e	NW_005054303.1	746206	746340	28.400	0
TguLTR5e	NW_005054303.1	746387	746703	22.800	0
TguLTRL4d	NW_005054303.1	766245	766433	21.100	0
TguLTR5e	NW_005054303.1	1153882	1154096	25.300	0
TguLTR5a	NW_005054303.1	1289366	1289498	12.800	0
TguLTR5b	NW_005054303.1	1386011	1386593	14.500	0
TguLTR5b	NW_005054303.1	1662143	1662704	13.600	0
TguLTRL4d	NW_005054303.1	1757974	1758514	24.900	0
TguLTRL4c	NW_005054303.1	1759584	1760357	25.000	0
TguLTRL4c	NW_005054303.1	1805687	1806687	20.900	0
TguLTR5d	NW_005054303.1	1906936	1907036	20.200	0
TguLTR5c	NW_005054303.1	2126203	2126283	16.200	0
TguLTR5c	NW_005054303.1	2126340	2126467	20.000	0
TguLTR5d	NW_005054303.1	2447944	2448530	21.400	0
TguLTRL4d	NW_005054303.1	2506662	2507138	27.600	0
TguLTR5b	NW_005054303.1	2514240	2514680	17.900	0
TguLTRL4c	NW_005054303.1	2660298	2660544	20.300	0
TguLTR5b	NW_005054303.1	2661507	2662090	14.700	0
TguLTR5a	NW_005054303.1	2665034	2665268	15.400	0
TguLTR11	NW_005054303.1	2742548	2743498	18.800	0
TguLTRL4b	NW_005054303.1	2751295	2752298	27.400	0
TguLTR11	NW_005054303.1	2756048	2756433	19.300	0
TguLTR5b	NW_005054303.1	2833569	2834121	13.600	0
TguLTR5d	NW_005054303.1	2850149	2850605	24.100	0
TguLTRL4c	NW_005054303.1	2863590	2864412	20.100	0
TguLTRL4c	NW_005054303.1	2881778	2882620	18.200	0
TguLTRL4d	NW_005054303.1	2931718	2932000	26.200	0
TguLTRL4d	NW_005054303.1	2932031	2932524	28.200	0
TguLTR5a	NW_005054303.1	2937769	2938325	17.500	0
TguLTRL4c	NW_005054303.1	3000383	3000822	21.300	0
TguLTRL4c	NW_005054303.1	3000846	3000924	10.300	0
TguLTR5c	NW_005054303.1	3099501	3100087	22.400	0
TguLTR5a	NW_005054303.1	3171346	3171580	20.600	0
TguLTR5d	NW_005054303.1	3269594	3270004	22.000	0
TguLTR6a	NW_005054303.1	3323029	3323476	26.400	0
TguLTR5b	NW_005054303.1	3472640	3473215	17.200	0
TguLTRL4c	NW_005054303.1	3527328	3527935	22.000	0
TguLTRL4b	NW_005054303.1	3631662	3632651	18.500	0
TguLTRL4d	NW_005054303.1	3681498	3681872	27.700	0
TguLTRL4d	NW_005054303.1	3753688	3753963	25.400	0
TguLTR5c	NW_005054303.1	3834760	3834992	23.700	0
TguLTR5c	NW_005054303.1	3835007	3835200	18.800	0
TguLTR5a	NW_005054303.1	4103054	4103632	19.100	0
TguLTRL4c	NW_005054303.1	4222538	4223631	20.900	0
TguLTRL4b	NW_005054303.1	4225304	4225537	17.900	0
TguLTRL4b	NW_005054303.1	4225720	4226088	16.000	0
TguLTR5d	NW_005054303.1	4358265	4358338	17.600	0
TguLTR5b	NW_005054303.1	4538162	4538692	13.000	0
TguLTR5e	NW_005054303.1	4645306	4645533	28.400	0
TguLTR5a	NW_005054303.1	4662073	4662631	17.200	0
TguLTR5d	NW_005054303.1	4790042	4790411	19.600	0
TguLTR5a	NW_005054303.1	4790564	4790872	17.300	0
TguLTR5a	NW_005054303.1	5008989	5009048	20.300	0
TguLTRL4c	NW_005054303.1	5116940	5117490	17.000	0
TguLTR5b	NW_005054303.1	5270756	5271175	10.700	0
TguLTRL4c	NW_005054303.1	5304243	5305049	19.700	0
TguLTRL6b	NW_005054303.1	5324478	5324862	18.600	0
TguLTR5a	NW_005054303.1	5599510	5599906	16.500	0
TguLTR5a	NW_005054303.1	5599970	5600136	16.500	0
TguLTR5d	NW_005054303.1	5743557	5744166	23.800	0
TguLTR5d	NW_005054303.1	5890545	5890802	17.300	0
TguLTRL4b	NW_005054303.1	5917058	5917939	17.100	0
TguLTR11	NW_005054303.1	5974624	5974863	21.900	0
TguLTR5c	NW_005054303.1	6209872	6210430	22.400	0
TguLTR5b	NW_005054303.1	6686077	6686152	16.000	0
TguLTR5e	NW_005054303.1	7109367	7109775	25.800	0
TguLTR5a	NW_005054303.1	7124112	7124226	13.400	0
TguLTRL4c	NW_005054303.1	7140990	7141346	22.000	0
TguLTRL4c	NW_005054303.1	7141358	7141441	22.500	0
TguLTR5b	NW_005054303.1	7621363	7621935	12.800	0
TguLTRL4c	NW_005054303.1	7632102	7632236	20.100	0
TguLTRL4c	NW_005054303.1	7632614	7633013	18.600	0
TguLTRL4c	NW_005054303.1	7694058	7694629	20.400	0
TguLTRL4c	NW_005054303.1	7695034	7695140	23.800	0
TguLTR5d	NW_005054303.1	7821512	7821658	20.600	0
TguLTRL4b	NW_005054303.1	7822536	7822903	14.700	0
TguLTRL4b	NW_005054303.1	7822938	7823162	17.900	0
TguLTR5b	NW_005054303.1	7852651	7853126	14.600	0
TguLTR5a	NW_005054303.1	7889589	7890158	22.600	0
TguLTR5c	NW_005054303.1	8133348	8133900	20.100	0
TguLTRL4d	NW_005054303.1	8146489	8146541	11.400	0
TguLTR5b	NW_005054303.1	8368730	8369316	12.300	0
TguLTR5d	NW_005054303.1	8467469	8468054	12.100	0
TguLTR5a	NW_005054303.1	9109377	9109952	23.600	0
TguLTRL4c	NW_005054303.1	9131891	9132093	16.500	0
TguLTRL4c	NW_005054303.1	9132113	9132957	18.500	0
TguLTR5a	NW_005054303.1	9161494	9162020	23.400	0
TguLTR5a	NW_005054303.1	9237187	9237730	23.300	0
TguLTRL4b	NW_005054303.1	9704281	9705336	13.700	0
TguLTRL4b	NW_005054303.1	9705587	9705813	15.600	0
TguLTR5b	NW_005054303.1	9730187	9730443	17.000	0
TguLTR5d	NW_005054303.1	9736119	9736194	17.300	0
TguLTR5d	NW_005054303.1	9736766	9737321	15.000	0
TguLTR5e	NW_005054303.1	10044922	10045386	22.200	0
TguLTR5a	NW_005054303.1	10325190	10325707	21.500	0
TguLTRL4b	NW_005054303.1	10358628	10358903	18.100	0
TguLTR5b	NW_005054303.1	10439341	10439558	11.500	0
TguLTR5a	NW_005054303.1	10568839	10569101	19.400	0
TguLTR5a	NW_005054303.1	10569502	10569846	24.100	0
TguLTR5a	NW_005054303.1	10782257	10782786	19.200	0
TguLTR6a	NW_005054303.1	11297425	11297465	12.500	0
TguLTRL6b	NW_005054303.1	11482922	11483078	23.400	0
TguLTR5a	NW_005054303.1	11501459	11501622	24.700	0
TguLTR5d	NW_005054303.1	11798928	11799129	15.400	0
TguLTR5c	NW_005054303.1	11852974	11853207	21.800	0
TguLTRL4c	NW_005054303.1	11868689	11868888	22.600	0
TguLTRL4c	NW_005054303.1	12579663	12579717	15.400	0
TguLTR6a	NW_005054303.1	12821258	12821705	18.500	0
TguLTRL4d	NW_005054303.1	13366418	13366630	26.100	0
TguLTRL4c	NW_005054303.1	13620455	13620531	13.500	0
TguLTR5a	NW_005054303.1	14132709	14133068	22.200	0
TguLTR5d	NW_005054303.1	15262282	15262575	24.500	0
TguLTR5a	NW_005054303.1	15426643	15426697	18.500	0
TguLTRL4c	NW_005054303.1	15509561	15509689	21.900	0
TguLTRL4c	NW_005054303.1	15509713	15509844	18.900	0
TguLTRL4c	NW_005054303.1	15509885	15510074	16.700	0
TguLTR5d	NW_005054303.1	15871552	15871727	22.600	0
TguLTR5a	NW_005054303.1	15963607	15963685	17.900	0
TguLTR5a	NW_005054303.1	16087963	16088013	18.000	0
TguLTR5d	NW_005054303.1	16153211	16153502	22.600	0
TguLTR11	NW_005054303.1	16176485	16176677	23.600	0
TguLTRL4c	NW_005054303.1	16817230	16817362	22.100	0
TguLTRL4c	NW_005054303.1	16872359	16872630	23.100	0
TguLTRL4c	NW_005054303.1	16873149	16873260	26.600	0
TguLTR5c	NW_005054303.1	16897067	16897274	18.500	0
TguLTRL4b	NW_005054303.1	16977045	16977958	22.700	0
TguLTR5d	NW_005054304.1	51740	51848	23.100	0
TguLTRL4c	NW_005054304.1	496271	496389	23.900	0
TguLTR5c	NW_005054304.1	556854	557417	18.800	0
TguLTR5c	NW_005054304.1	572835	573325	22.200	0
TguLTRL4d	NW_005054304.1	713345	713712	23.700	0
TguLTR5b	NW_005054304.1	835535	836062	15.400	0
TguLTR5d	NW_005054304.1	897294	897561	22.600	0
TguLTR5a	NW_005054304.1	952186	952496	22.100	0
TguLTR5a	NW_005054304.1	1142858	1143125	21.100	0
TguLTR5a	NW_005054304.1	1158935	1159454	15.800	0
TguLTR5b	NW_005054304.1	1218110	1218703	15.400	0
TguLTR5d	NW_005054304.1	1261638	1261999	17.100	0
TguLTR5d	NW_005054304.1	1262640	1262855	20.500	0
TguLTR5c	NW_005054304.1	1367339	1367430	23.100	0
TguLTR5c	NW_005054304.1	1367431	1367568	25.500	0
TguLTR5c	NW_005054304.1	1388017	1388125	20.400	0
TguLTR5d	NW_005054304.1	1393218	1393783	15.100	0
TguLTRL4b	NW_005054304.1	1442577	1442892	12.800	0
TguLTR5d	NW_005054304.1	1467423	1467552	18.600	0
TguLTR5a	NW_005054304.1	1817034	1817538	25.400	0
TguLTR5d	NW_005054304.1	1855135	1855656	17.400	0
TguLTR5d	NW_005054304.1	1923136	1923709	17.400	0
TguLTR5d	NW_005054304.1	1963250	1963336	24.700	0
TguLTR5d	NW_005054304.1	2167161	2167715	18.500	0
TguLTRL4b	NW_005054304.1	2188220	2189039	19.900	0
TguLTRL4c	NW_005054304.1	2552655	2553399	22.600	0
TguLTR5b	NW_005054304.1	2607779	2608018	13.400	0
TguLTR5a	NW_005054304.1	2751994	2752411	17.800	0
TguLTR5b	NW_005054304.1	2876792	2877305	14.600	0
TguLTR5a	NW_005054304.1	2915292	2915377	10.600	0
TguLTRL4c	NW_005054304.1	3090537	3091573	19.700	0
TguLTRL4c	NW_005054304.1	3170458	3170611	18.300	0
TguLTR5d	NW_005054304.1	3252243	3252802	15.600	0
TguLTR5d	NW_005054304.1	3253458	3253981	16.100	0
TguLTR5d	NW_005054304.1	3438844	3439420	15.600	0
TguLTRL4c	NW_005054304.1	3539514	3539618	17.300	0
TguLTR5a	NW_005054304.1	3541102	3541311	13.400	0
TguLTRL4b	NW_005054304.1	3654460	3655463	19.200	0
TguLTRL4b	NW_005054304.1	4179832	4179872	12.500	0
TguLTR5a	NW_005054304.1	4551369	4551451	25.100	0
TguLTR5d	NW_005054304.1	4562598	4562893	15.700	0
TguLTR5d	NW_005054304.1	4645420	4645870	19.900	0
TguLTR11	NW_005054304.1	4789761	4789799	7.900	0
TguLTRL6b	NW_005054304.1	4914790	4915073	25.100	0
TguLTR5d	NW_005054304.1	4922288	4922547	17.300	0
TguLTR5d	NW_005054304.1	4930566	4930639	13.700	0
TguLTR5d	NW_005054304.1	4930648	4930852	21.000	0
TguLTR11	NW_005054304.1	4981537	4982211	20.900	0
TguLTR5c	NW_005054304.1	4996192	4996454	21.600	0
TguLTR5d	NW_005054304.1	5016475	5016912	24.700	0
TguLTR5b	NW_005054304.1	5106106	5106687	19.700	0
TguLTR5d	NW_005054304.1	5166491	5166658	25.100	0
TguLTR5a	NW_005054304.1	5214361	5214924	19.600	0
TguLTRL4c	NW_005054304.1	5225938	5226235	23.900	0
TguLTR5a	NW_005054304.1	5230883	5231053	23.100	0
TguLTR5a	NW_005054304.1	5318708	5319246	22.000	0
TguLTR5a	NW_005054304.1	5355184	5355734	20.100	0
TguLTR5d	NW_005054304.1	5370781	5370989	22.700	0
TguLTR11	NW_005054304.1	5465755	5466269	15.900	0
TguLTRL4c	NW_005054304.1	5472168	5472282	18.600	0
TguLTRL4c	NW_005054304.1	5526211	5526358	23.800	0
TguLTRL4c	NW_005054304.1	5526366	5526543	22.100	0
TguLTRL4b	NW_005054304.1	5537444	5537538	21.300	0
TguLTR5b	NW_005054304.1	5547091	5547681	15.300	0
TguLTR5d	NW_005054304.1	5564591	5565164	15.800	0
TguLTR5d	NW_005054304.1	5710858	5711427	15.900	0
TguLTRL4c	NW_005054304.1	5729972	5730631	19.700	0
TguLTR5a	NW_005054304.1	5733961	5734024	25.400	0
TguLTR5a	NW_005054304.1	5734047	5734128	12.300	0
TguLTRL4c	NW_005054304.1	6077298	6077385	18.400	0
TguLTR11	NW_005054304.1	6284705	6285243	17.700	0
TguLTR11	NW_005054304.1	6285254	6285522	19.500	0
TguLTR5d	NW_005054304.1	6286851	6287431	15.200	0
TguLTR5a	NW_005054304.1	6331696	6331814	18.500	0
TguLTRL4b	NW_005054304.1	6390999	6391047	22.900	0
TguLTR5a	NW_005054304.1	6432002	6432566	21.400	0
TguLTR5b	NW_005054304.1	6522415	6522451	5.600	0
TguLTRL4c	NW_005054304.1	6544265	6545022	20.300	0
TguLTR5a	NW_005054304.1	6604128	6604717	21.300	0
TguLTRL4d	NW_005054304.1	6847503	6848301	23.700	0
TguLTR5b	NW_005054304.1	6990238	6990808	14.300	0
TguLTR5d	NW_005054304.1	7030592	7030700	13.000	0
TguLTR5a	NW_005054304.1	7250063	7250108	20.000	0
TguLTR5d	NW_005054304.1	7287369	7287633	16.900	0
TguLTR5d	NW_005054304.1	7288040	7288312	17.600	0
TguLTR5d	NW_005054304.1	7307672	7308258	19.500	0
TguLTR5b	NW_005054304.1	7317827	7318405	17.400	0
TguLTR5d	NW_005054304.1	7386350	7386740	16.900	0
TguLTR5d	NW_005054304.1	7386740	7386937	17.300	0
TguLTR5d	NW_005054304.1	7499626	7500193	25.300	0
TguLTR11	NW_005054304.1	7580917	7580967	12.000	0
TguLTR11	NW_005054304.1	7580971	7581121	13.300	0
TguLTR5d	NW_005054304.1	7596029	7596473	20.600	0
TguLTR5d	NW_005054304.1	7647021	7647478	17.300	0
TguLTRL4c	NW_005054304.1	7692667	7693618	25.900	0
TguLTR5b	NW_005054304.1	7730102	7730661	15.300	0
TguLTR5d	NW_005054304.1	7752906	7753278	21.700	0
TguLTRL4c	NW_005054304.1	7784519	7785390	21.800	0
TguLTRL4d	NW_005054304.1	7812013	7812348	27.800	0
TguLTR5b	NW_005054304.1	7899645	7900221	17.400	0
TguLTR5e	NW_005054304.1	7976073	7976233	13.200	0
TguLTRL4d	NW_005054304.1	8002503	8002628	24.800	0
TguLTR5a	NW_005054304.1	8143942	8144507	20.100	0
TguLTRL4d	NW_005054304.1	8218577	8218865	25.900	0
TguLTR11	NW_005054304.1	8226453	8226562	15.100	0
TguLTR11	NW_005054304.1	8226585	8226838	20.200	0
TguLTR11	NW_005054304.1	8279097	8279338	23.800	0
TguLTRL4d	NW_005054304.1	8345726	8345947	23.300	0
TguLTRL4d	NW_005054304.1	8376802	8376962	31.600	0
TguLTRL4d	NW_005054304.1	8477068	8477414	29.200	0
TguLTR5e	NW_005054304.1	8510287	8510801	29.500	0
TguLTR6a	NW_005054304.1	8709441	8709550	17.500	0
TguLTR5d	NW_005054304.1	8763522	8764093	20.000	0
TguLTRL4c	NW_005054304.1	8842419	8842518	21.600	0
TguLTRL4c	NW_005054304.1	8844353	8845431	19.100	0
TguLTRL4d	NW_005054304.1	8910644	8910819	25.700	0
TguLTRL4c	NW_005054304.1	8954047	8955070	21.400	0
TguLTR5a	NW_005054304.1	9238914	9238955	9.800	0
TguLTR5d	NW_005054304.1	9284241	9284755	23.500	0
TguLTRL6b	NW_005054304.1	9376041	9376456	21.800	0
TguLTR5d	NW_005054304.1	9582427	9582734	18.600	0
TguLTR5d	NW_005054304.1	9679741	9679939	18.800	0
TguLTR5d	NW_005054304.1	9679940	9679988	16.700	0
TguLTR5a	NW_005054304.1	9735666	9736235	24.200	0
TguLTR6a	NW_005054304.1	9743135	9743549	20.900	0
TguLTR5b	NW_005054304.1	9870173	9870746	17.800	0
TguLTR6a	NW_005054304.1	10065820	10066204	22.600	0
TguLTR5a	NW_005054304.1	10098778	10098865	21.700	0
TguLTR5d	NW_005054304.1	10104315	10104886	19.000	0
TguLTR5d	NW_005054304.1	10168163	10168420	21.500	0
TguLTRL4d	NW_005054304.1	10227926	10228229	25.600	0
TguLTRL4c	NW_005054304.1	10236254	10237111	21.000	0
TguLTR5d	NW_005054304.1	10250904	10251413	18.800	0
TguLTR5a	NW_005054304.1	10298909	10299379	25.200	0
TguLTR5a	NW_005054304.1	10299404	10299448	25.200	0
TguLTR5a	NW_005054304.1	10355237	10355808	18.400	0
TguLTR6a	NW_005054304.1	10459744	10459912	22.000	0
TguLTR5d	NW_005054304.1	10484420	10484769	20.200	0
TguLTRL4d	NW_005054304.1	10496448	10496849	24.800	0
TguLTRL4d	NW_005054304.1	10514084	10514818	26.000	0
TguLTR5d	NW_005054304.1	10539242	10539377	21.800	0
TguLTR5d	NW_005054304.1	10712913	10713176	17.600	0
TguLTRL4c	NW_005054304.1	10848444	10848526	15.600	0
TguLTR5a	NW_005054304.1	10861500	10862063	18.900	0
TguLTRL4c	NW_005054304.1	10882749	10883371	22.500	0
TguLTRL4c	NW_005054304.1	10946679	10946997	25.300	0
TguLTRL4c	NW_005054304.1	11083742	11084223	17.900	0
TguLTR5a	NW_005054304.1	11174213	11174395	23.800	0
TguLTR5a	NW_005054304.1	11279133	11279270	13.100	0
TguLTR5d	NW_005054304.1	11442211	11442799	18.100	0
TguLTR5d	NW_005054304.1	11443452	11443676	18.300	0
TguLTR5d	NW_005054304.1	11464322	11464924	15.500	0
TguLTRL4c	NW_005054304.1	11501561	11502209	24.000	0
TguLTR5a	NW_005054304.1	11538287	11538456	20.400	0
TguLTR5a	NW_005054304.1	11538529	11538908	19.400	0
TguLTR5d	NW_005054304.1	11539301	11539883	20.300	0
TguLTR5d	NW_005054304.1	11542613	11542789	17.700	0
TguLTRL4c	NW_005054304.1	11575351	11575631	18.100	0
TguLTR6a	NW_005054304.1	11654588	11654810	25.500	0
TguLTRL4c	NW_005054304.1	11719567	11719928	18.500	0
TguLTRL4d	NW_005054304.1	11733243	11733417	25.800	0
TguLTR5b	NW_005054304.1	11738895	11739506	16.700	0
TguLTRL4d	NW_005054304.1	11788150	11788381	27.700	0
TguLTRL4c	NW_005054304.1	11797010	11798090	19.900	0
TguLTRL4c	NW_005054304.1	11812260	11812602	19.000	0
TguLTR5a	NW_005054304.1	11909935	11910492	21.100	0
TguLTR5e	NW_005054304.1	11954937	11955483	26.000	0
TguLTR5d	NW_005054304.1	11988884	11989132	14.100	0
TguLTR5d	NW_005054304.1	11995137	11995610	22.500	0
TguLTR5a	NW_005054304.1	12325596	12326007	18.800	0
TguLTR5a	NW_005054304.1	12397423	12397987	21.700	0
TguLTR5a	NW_005054304.1	12533385	12533838	19.800	0
TguLTR5d	NW_005054304.1	12594083	12594659	17.700	0
TguLTRL4d	NW_005054304.1	12693844	12694042	24.800	0
TguLTR5d	NW_005054304.1	12851251	12851848	16.300	0
TguLTRL6b	NW_005054304.1	13002109	13002529	18.300	0
TguLTRL4c	NW_005054304.1	13028169	13028495	18.200	0
TguLTR5e	NW_005054304.1	13204012	13204208	23.600	0
TguLTR5a	NW_005054304.1	13207960	13208530	20.400	0
TguLTR5a	NW_005054304.1	13208899	13208988	15.700	0
TguLTR5a	NW_005054304.1	13209039	13209189	21.200	0
TguLTR5a	NW_005054304.1	13209427	13209492	22.200	0
TguLTR5b	NW_005054304.1	13250941	13251019	17.900	0
TguLTR11	NW_005054304.1	13315080	13315237	20.500	0
TguLTR11	NW_005054304.1	13316049	13316123	15.100	0
TguLTR5d	NW_005054304.1	13324518	13325121	16.000	0
TguLTR5d	NW_005054304.1	13404375	13404963	18.600	0
TguLTRL4d	NW_005054304.1	13436595	13437050	32.700	0
TguLTR5d	NW_005054304.1	13535631	13536239	21.300	0
TguLTR5b	NW_005054304.1	13801264	13801849	14.900	0
TguLTR5d	NW_005054304.1	14132184	14132581	14.400	0
TguLTR5d	NW_005054304.1	14134761	14134891	31.300	0
TguLTRL4c	NW_005054304.1	14151051	14151486	17.000	0
TguLTR5a	NW_005054304.1	14175126	14175687	21.000	0
TguLTR5b	NW_005054304.1	14306048	14306607	13.100	0
TguLTR6a	NW_005054304.1	14317480	14317893	27.400	0
TguLTRL4c	NW_005054304.1	14338147	14338318	16.800	0
TguLTR5a	NW_005054304.1	14463668	14464229	21.000	0
TguLTR11	NW_005054304.1	14628477	14628789	19.200	0
TguLTR11	NW_005054304.1	14639970	14640282	18.800	0
TguLTRL4c	NW_005054304.1	14716085	14716288	22.500	0
TguLTR5d	NW_005054304.1	14990209	14990681	17.000	0
TguLTR5d	NW_005054304.1	14990944	14991030	23.800	0
TguLTR5d	NW_005054304.1	15101085	15101592	18.400	0
TguLTR5a	NW_005054304.1	15197619	15198180	19.200	0
TguLTR5c	NW_005054304.1	15302750	15302853	19.400	0
TguLTRL4c	NW_005054304.1	15338784	15339016	20.600	0
TguLTR5d	NW_005054304.1	15932520	15933020	19.900	0
TguLTR5a	NW_005054304.1	15987205	15987295	15.600	0
TguLTRL4b	NW_005054304.1	16231021	16231242	19.600	0
TguLTRL4b	NW_005054304.1	16231244	16231678	17.400	0
TguLTR5a	NW_005054304.1	16235136	16235665	21.500	0
TguLTR5a	NW_005054304.1	16277755	16278323	22.500	0
TguLTR5b	NW_005054304.1	16399840	16400208	13.400	0
TguLTR6a	NW_005054305.1	6638	7081	22.500	0
TguLTRL4c	NW_005054305.1	102773	103782	26.300	0
TguLTRL4c	NW_005054305.1	143829	144259	20.300	0
TguLTR5c	NW_005054305.1	152382	152426	6.800	0
TguLTRL4b	NW_005054305.1	152426	152515	10.100	0
TguLTRL4c	NW_005054305.1	152872	153969	20.400	0
TguLTRL4b	NW_005054305.1	162326	162666	17.100	0
TguLTR6a	NW_005054305.1	534037	534270	20.000	0
TguLTR6a	NW_005054305.1	534284	534332	12.800	0
TguLTRL4d	NW_005054305.1	604367	605064	26.200	0
TguLTRL4b	NW_005054305.1	661246	661298	11.500	0
TguLTRL4b	NW_005054305.1	661361	662411	17.000	0
TguLTR5e	NW_005054305.1	669991	670287	25.900	0
TguLTR5a	NW_005054305.1	687187	687239	15.400	0
TguLTR5a	NW_005054305.1	687425	687937	24.200	0
TguLTRL4d	NW_005054305.1	738121	738231	23.600	0
TguLTR5b	NW_005054305.1	761645	762230	14.900	0
TguLTR5a	NW_005054305.1	790939	791442	25.800	0
TguLTR5b	NW_005054305.1	808538	809110	23.100	0
TguLTR5b	NW_005054305.1	867094	867654	19.100	0
TguLTR5a	NW_005054305.1	877722	878136	19.200	0
TguLTR5a	NW_005054305.1	878166	878301	19.200	0
TguLTR5c	NW_005054305.1	892399	892518	18.800	0
TguLTR5a	NW_005054305.1	909572	910186	22.500	0
TguLTR5a	NW_005054305.1	940853	941094	15.200	0
TguLTR5d	NW_005054305.1	949860	950072	19.700	0
TguLTR5d	NW_005054305.1	963393	963934	24.200	0
TguLTRL4b	NW_005054305.1	1014507	1015188	20.800	0
TguLTRL4b	NW_005054305.1	1015523	1015950	17.000	0
TguLTR11	NW_005054305.1	1022836	1023099	20.800	0
TguLTR11	NW_005054305.1	1028964	1029217	22.000	0
TguLTR5d	NW_005054305.1	1029773	1030028	24.900	0
TguLTR5d	NW_005054305.1	1059502	1059998	21.000	0
TguLTRL4c	NW_005054305.1	1061179	1062038	21.600	0
TguLTRL4c	NW_005054305.1	1106011	1106092	21.000	0
TguLTRL4c	NW_005054305.1	1106106	1106300	12.400	0
TguLTRL4d	NW_005054305.1	1250525	1250727	28.600	0
TguLTRL4d	NW_005054305.1	1250747	1250929	30.300	0
TguLTRL4c	NW_005054305.1	1253976	1255107	25.100	0
TguLTR5d	NW_005054305.1	1320358	1320873	17.400	0
TguLTR5b	NW_005054305.1	1398456	1399050	15.100	0
TguLTRL4b	NW_005054305.1	1419720	1420821	21.800	0
TguLTR5e	NW_005054305.1	1466998	1467514	23.400	0
TguLTR5d	NW_005054305.1	1509686	1509875	17.600	0
TguLTR5d	NW_005054305.1	1510030	1510427	16.400	0
TguLTR11	NW_005054305.1	1586282	1586420	13.700	0
TguLTR11	NW_005054305.1	1586831	1586941	21.200	0
TguLTRL4c	NW_005054305.1	1784811	1785822	22.100	0
TguLTR5d	NW_005054305.1	1908291	1908813	20.300	0
TguLTRL4d	NW_005054305.1	1970374	1970685	25.300	0
TguLTR5d	NW_005054305.1	2165664	2166269	24.000	0
TguLTR5d	NW_005054305.1	2289441	2290032	15.800	0
TguLTR5d	NW_005054305.1	2372092	2372474	20.200	0
TguLTRL4c	NW_005054305.1	2374991	2375319	19.500	0
TguLTR5a	NW_005054305.1	2557846	2558385	17.700	0
TguLTR5a	NW_005054305.1	2679491	2679584	19.800	0
TguLTRL4c	NW_005054305.1	2699394	2700109	24.300	0
TguLTRL6b	NW_005054305.1	2754104	2754571	23.200	0
TguLTR5e	NW_005054305.1	2819169	2819263	22.800	0
TguLTR5a	NW_005054305.1	2825907	2826180	21.500	0
TguLTR5a	NW_005054305.1	2826268	2826370	22.100	0
TguLTR5a	NW_005054305.1	2827928	2828476	25.100	0
TguLTRL4c	NW_005054305.1	2984853	2985042	27.500	0
TguLTR6a	NW_005054305.1	3553005	3553383	19.300	0
TguLTR5d	NW_005054305.1	3579646	3580224	16.600	0
TguLTR6a	NW_005054305.1	3593758	3593812	7.400	0
TguLTR6a	NW_005054305.1	3593862	3594123	18.100	0
TguLTR6a	NW_005054305.1	3615918	3616259	18.700	0
TguLTR5a	NW_005054305.1	3625796	3626055	14.700	0
TguLTR5a	NW_005054305.1	3626082	3626271	15.900	0
TguLTR6a	NW_005054305.1	3632772	3633134	21.000	0
TguLTR11	NW_005054305.1	3895890	3896188	18.400	0
TguLTR5e	NW_005054305.1	3925012	3925076	26.600	0
TguLTR5a	NW_005054305.1	3946777	3946883	10.500	0
TguLTR5a	NW_005054305.1	3946892	3947025	16.300	0
TguLTR5a	NW_005054305.1	4035966	4036488	24.000	0
TguLTRL4c	NW_005054305.1	4068587	4069152	20.500	0
TguLTR5a	NW_005054305.1	4080097	4080634	21.300	0
TguLTRL4b	NW_005054305.1	4175553	4176654	19.700	0
TguLTRL4c	NW_005054305.1	4249378	4249622	16.400	0
TguLTRL4d	NW_005054305.1	4283468	4283907	21.600	0
TguLTR5a	NW_005054305.1	4469968	4470396	18.800	0
TguLTR5a	NW_005054305.1	4470419	4470455	16.000	0
TguLTR5a	NW_005054305.1	4470486	4470636	16.000	0
TguLTR5a	NW_005054305.1	4553244	4553791	25.100	0
TguLTR5a	NW_005054305.1	4554851	4555112	16.800	0
TguLTR11	NW_005054305.1	4640918	4641527	16.100	0
TguLTR5a	NW_005054305.1	4648487	4649057	22.100	0
TguLTRL4b	NW_005054305.1	4674904	4675986	16.900	0
TguLTR5a	NW_005054305.1	4702001	4702558	21.400	0
TguLTRL4d	NW_005054305.1	4718939	4719164	28.900	0
TguLTR11	NW_005054305.1	4722833	4723707	19.500	0
TguLTR5d	NW_005054305.1	4745674	4745801	17.300	0
TguLTR5d	NW_005054305.1	4745829	4745928	24.500	0
TguLTR5b	NW_005054305.1	4806078	4806659	14.800	0
TguLTRL4c	NW_005054305.1	4818736	4819609	19.700	0
TguLTR5a	NW_005054305.1	4852403	4852773	20.400	0
TguLTR5a	NW_005054305.1	4852826	4853058	20.400	0
TguLTRL4c	NW_005054305.1	4944551	4945164	23.300	0
TguLTRL4d	NW_005054305.1	4973174	4973366	25.600	0
TguLTRL4d	NW_005054305.1	4973938	4974119	31.300	0
TguLTRL4c	NW_005054305.1	4996760	4996999	24.800	0
TguLTR5c	NW_005054305.1	5012806	5013319	21.200	0
TguLTRL4b	NW_005054305.1	5085576	5085879	27.200	0
TguLTRL4b	NW_005054305.1	5085884	5086267	25.700	0
TguLTRL4b	NW_005054305.1	5086644	5086744	18.400	0
TguLTRL4b	NW_005054305.1	5087314	5087442	27.400	0
TguLTRL4c	NW_005054305.1	5092507	5093316	22.900	0
TguLTR5e	NW_005054305.1	5186503	5186811	23.300	0
TguLTRL4d	NW_005054305.1	5186882	5187009	29.900	0
TguLTR5d	NW_005054305.1	5256738	5257125	18.700	0
TguLTR5d	NW_005054305.1	5257136	5257258	21.000	0
TguLTRL4c	NW_005054305.1	5260003	5260219	18.800	0
TguLTR5e	NW_005054305.1	5367691	5367901	25.600	0
TguLTR5a	NW_005054305.1	5390591	5391096	19.000	0
TguLTRL6b	NW_005054305.1	5405098	5405539	23.100	0
TguLTR5d	NW_005054305.1	5419028	5419548	20.300	0
TguLTRL4d	NW_005054305.1	5507625	5507843	32.800	0
TguLTR5d	NW_005054305.1	5609555	5609772	23.200	0
TguLTR5b	NW_005054305.1	5675676	5676238	15.000	0
TguLTRL4c	NW_005054305.1	5717967	5718027	17.600	0
TguLTRL4c	NW_005054305.1	5718069	5719119	17.600	0
TguLTR5d	NW_005054305.1	5773041	5773457	17.700	0
TguLTRL4c	NW_005054305.1	5784593	5785540	24.200	0
TguLTRL4c	NW_005054305.1	6044984	6045284	14.700	0
TguLTRL4c	NW_005054305.1	6045707	6045885	21.400	0
TguLTR5a	NW_005054305.1	6168507	6168641	12.000	0
TguLTRL4b	NW_005054305.1	6224023	6224682	19.200	0
TguLTR5d	NW_005054305.1	6273661	6273765	24.500	0
TguLTRL4c	NW_005054305.1	6308536	6309411	24.000	0
TguLTR5d	NW_005054305.1	6322882	6323451	19.200	0
TguLTR5a	NW_005054305.1	6351190	6351240	12.000	0
TguLTRL4c	NW_005054305.1	6355371	6356380	22.500	0
TguLTRL4d	NW_005054305.1	6408931	6409585	24.700	0
TguLTRL4c	NW_005054305.1	6420686	6421459	19.800	0
TguLTR5a	NW_005054305.1	6536659	6536958	19.100	0
TguLTR5a	NW_005054305.1	6540069	6540185	21.600	0
TguLTR5a	NW_005054305.1	6617138	6617735	20.100	0
TguLTR5a	NW_005054305.1	6674017	6674600	15.500	0
TguLTR5d	NW_005054305.1	6778063	6778658	17.200	0
TguLTRL4c	NW_005054305.1	6885387	6886339	21.200	0
TguLTR5a	NW_005054305.1	6926455	6926627	19.800	0
TguLTR5a	NW_005054305.1	6926685	6927090	19.800	0
TguLTR5e	NW_005054305.1	6931481	6932053	25.100	0
TguLTRL4b	NW_005054305.1	6957981	6959063	16.600	0
TguLTR5a	NW_005054305.1	7065407	7065549	19.800	0
TguLTR5a	NW_005054305.1	7065568	7065777	18.400	0
TguLTR5d	NW_005054305.1	7136860	7137431	21.600	0
TguLTRL4c	NW_005054305.1	7182249	7183349	18.200	0
TguLTR5d	NW_005054305.1	7376398	7376963	16.300	0
TguLTR5d	NW_005054305.1	7428310	7428843	15.700	0
TguLTR5c	NW_005054305.1	7499895	7500482	19.100	0
TguLTR5b	NW_005054305.1	7525859	7526438	14.900	0
TguLTRL6b	NW_005054305.1	7599976	7600373	23.800	0
TguLTR5a	NW_005054305.1	7790731	7791205	15.700	0
TguLTRL4c	NW_005054305.1	7853588	7854010	22.200	0
TguLTR5a	NW_005054305.1	7873922	7874460	18.400	0
TguLTR5a	NW_005054305.1	7928266	7928827	20.900	0
TguLTR5a	NW_005054305.1	7952379	7952837	17.800	0
TguLTR5b	NW_005054305.1	7952863	7952919	16.100	0
TguLTR5b	NW_005054305.1	7953033	7953094	18.000	0
TguLTR5b	NW_005054305.1	8011739	8012285	15.400	0
TguLTRL4c	NW_005054305.1	8037782	8038865	20.800	0
TguLTR11	NW_005054305.1	8070386	8070463	22.900	0
TguLTRL6b	NW_005054305.1	8077830	8078273	22.800	0
TguLTR5d	NW_005054305.1	8079196	8079341	19.900	0
TguLTR5d	NW_005054305.1	8105864	8106045	23.800	0
TguLTRL4c	NW_005054305.1	8190146	8191230	21.400	0
TguLTR5d	NW_005054305.1	8210956	8211420	21.500	0
TguLTRL4c	NW_005054305.1	8218278	8219108	21.300	0
TguLTR5a	NW_005054305.1	8277310	8277745	21.300	0
TguLTR5d	NW_005054305.1	8347744	8347932	20.200	0
TguLTR5c	NW_005054305.1	8350699	8351279	16.600	0
TguLTR5e	NW_005054305.1	8390211	8390485	22.800	0
TguLTR5e	NW_005054305.1	8390514	8390730	29.500	0
TguLTR5c	NW_005054305.1	8514369	8514912	22.400	0
TguLTRL4c	NW_005054305.1	8673743	8673927	31.800	0
TguLTRL4c	NW_005054305.1	8674054	8674510	26.200	0
TguLTRL6b	NW_005054305.1	8684763	8684811	16.700	0
TguLTRL4d	NW_005054305.1	8712137	8712496	28.400	0
TguLTRL4d	NW_005054305.1	8713076	8713209	26.700	0
TguLTR5e	NW_005054305.1	8721502	8721902	31.800	0
TguLTR5e	NW_005054305.1	8721920	8722485	27.100	0
TguLTR5e	NW_005054305.1	8722487	8722666	27.400	0
TguLTR5b	NW_005054305.1	8755589	8756163	16.800	0
TguLTR5e	NW_005054305.1	8808064	8808299	24.200	0
TguLTR5b	NW_005054305.1	8859069	8859549	16.000	0
TguLTR5c	NW_005054305.1	8872719	8873187	21.700	0
TguLTR6a	NW_005054305.1	8962727	8963138	20.600	0
TguLTRL4d	NW_005054305.1	8971977	8972394	25.200	0
TguLTR5a	NW_005054305.1	9026939	9027148	16.200	0
TguLTR6a	NW_005054305.1	9121425	9121832	23.800	0
TguLTR5d	NW_005054305.1	9253495	9254077	21.100	0
TguLTRL4b	NW_005054305.1	9381393	9382354	17.100	0
TguLTR5a	NW_005054305.1	9525586	9526099	17.900	0
TguLTR6a	NW_005054305.1	9545924	9546347	20.700	0
TguLTRL4c	NW_005054305.1	9637956	9638173	17.500	0
TguLTR5a	NW_005054305.1	9641591	9642151	19.400	0
TguLTRL4c	NW_005054305.1	9689238	9689369	21.400	0
TguLTRL4c	NW_005054305.1	9689394	9689906	25.100	0
TguLTR5a	NW_005054305.1	9710021	9710595	20.900	0
TguLTRL4b	NW_005054305.1	9753031	9753699	17.900	0
TguLTR5d	NW_005054305.1	9760016	9760365	18.200	0
TguLTR5e	NW_005054305.1	9774825	9775005	23.900	0
TguLTR5e	NW_005054305.1	9776712	9776841	18.000	0
TguLTRL4b	NW_005054305.1	9782300	9783309	28.000	0
TguLTR5a	NW_005054305.1	9786099	9786174	13.300	0
TguLTR5d	NW_005054305.1	9795031	9795582	20.800	0
TguLTR5a	NW_005054305.1	9805303	9805625	19.100	0
TguLTR5b	NW_005054305.1	9887525	9888034	15.700	0
TguLTR5b	NW_005054305.1	9903740	9904296	11.800	0
TguLTR5b	NW_005054305.1	10059326	10059407	22.500	0
TguLTRL4d	NW_005054305.1	10068585	10069397	28.300	0
TguLTR5b	NW_005054305.1	10097525	10097690	17.000	0
TguLTRL4b	NW_005054305.1	10210929	10211933	24.700	0
TguLTR5b	NW_005054305.1	10228483	10229057	13.100	0
TguLTRL4d	NW_005054305.1	10307741	10307826	20.500	0
TguLTR5c	NW_005054305.1	10307835	10308252	19.600	0
TguLTR5e	NW_005054305.1	10424918	10425075	22.900	0
TguLTR5b	NW_005054305.1	10444369	10444933	14.900	0
TguLTRL4d	NW_005054305.1	10458124	10458981	27.400	0
TguLTRL4b	NW_005054305.1	10527443	10528478	18.600	0
TguLTR5d	NW_005054305.1	10536431	10536577	16.000	0
TguLTR5a	NW_005054305.1	10548848	10549421	17.400	0
TguLTRL6b	NW_005054305.1	10571028	10571068	7.700	0
TguLTR5e	NW_005054305.1	10574617	10574793	26.200	0
TguLTR5a	NW_005054305.1	10622826	10622979	15.300	0
TguLTR5a	NW_005054305.1	10623006	10623080	15.300	0
TguLTR5a	NW_005054305.1	10623105	10623485	15.300	0
TguLTR5b	NW_005054305.1	10658255	10658837	13.200	0
TguLTR5b	NW_005054305.1	10871049	10871657	14.400	0
TguLTRL4c	NW_005054305.1	10960252	10960561	20.300	0
TguLTRL4c	NW_005054305.1	10960567	10960763	22.200	0
TguLTR5b	NW_005054305.1	10993392	10993964	12.800	0
TguLTRL4c	NW_005054305.1	11071540	11072310	17.800	0
TguLTR5a	NW_005054305.1	11140875	11141483	21.300	0
TguLTR5d	NW_005054305.1	11173262	11173833	17.700	0
TguLTR5a	NW_005054305.1	11188342	11188525	21.300	0
TguLTR5a	NW_005054305.1	11188527	11188649	13.900	0
TguLTR5d	NW_005054305.1	11357290	11357458	13.100	0
TguLTR5b	NW_005054305.1	11389490	11390043	11.800	0
TguLTR5d	NW_005054305.1	11524481	11524697	22.000	0
TguLTR5b	NW_005054305.1	11557010	11557123	18.600	0
TguLTR5a	NW_005054305.1	11582248	11582778	20.500	0
TguLTR5e	NW_005054305.1	11594688	11594941	26.900	0
TguLTR5d	NW_005054305.1	11628113	11628372	19.000	0
TguLTR5a	NW_005054305.1	11814908	11815491	21.100	0
TguLTR5b	NW_005054305.1	11837929	11838508	12.700	0
TguLTR5a	NW_005054305.1	11841902	11842465	16.400	0
TguLTR5a	NW_005054305.1	11849970	11850176	20.800	0
TguLTR5a	NW_005054305.1	11850178	11850399	18.500	0
TguLTR5b	NW_005054305.1	11951906	11952170	18.200	0
TguLTR5d	NW_005054305.1	11995012	11995123	21.800	0
TguLTRL4c	NW_005054305.1	12069079	12069480	18.300	0
TguLTR5d	NW_005054305.1	12119459	12119615	27.000	0
TguLTR5d	NW_005054305.1	12119717	12119838	25.600	0
TguLTR6a	NW_005054305.1	12178143	12178324	23.600	0
TguLTR5b	NW_005054305.1	12188231	12188740	14.900	0
TguLTR5d	NW_005054305.1	12188861	12189449	20.900	0
TguLTR5b	NW_005054305.1	12201301	12201891	13.200	0
TguLTR5b	NW_005054305.1	12281661	12282237	12.500	0
TguLTRL4d	NW_005054305.1	12313574	12314136	28.100	0
TguLTRL4b	NW_005054305.1	12322714	12322772	20.700	0
TguLTRL4b	NW_005054305.1	12323235	12324101	27.500	0
TguLTRL4d	NW_005054305.1	12338096	12338306	27.800	0
TguLTR5d	NW_005054305.1	12417837	12418422	17.000	0
TguLTR5a	NW_005054305.1	12434185	12434740	20.500	0
TguLTRL4c	NW_005054305.1	12475348	12475573	17.100	0
TguLTR5a	NW_005054305.1	12501875	12502485	21.600	0
TguLTRL4b	NW_005054305.1	12521652	12521746	31.200	0
TguLTRL4b	NW_005054305.1	12521998	12522205	34.800	0
TguLTRL4b	NW_005054305.1	12522347	12522637	33.700	0
TguLTRL4d	NW_005054305.1	12664492	12665297	25.600	0
TguLTR5d	NW_005054305.1	12694096	12694684	16.500	0
TguLTR5d	NW_005054305.1	12699113	12699457	19.700	0
TguLTRL4c	NW_005054305.1	12737246	12737696	20.300	0
TguLTRL4c	NW_005054305.1	12795945	12797038	20.300	0
TguLTRL4c	NW_005054305.1	12849200	12849712	19.200	0
TguLTRL4b	NW_005054305.1	12947271	12948055	20.500	0
TguLTR5d	NW_005054305.1	13022392	13022932	18.900	0
TguLTR5b	NW_005054305.1	13040868	13041414	13.600	0
TguLTRL4b	NW_005054305.1	13161783	13162841	20.400	0
TguLTR5a	NW_005054305.1	13220493	13221044	19.800	0
TguLTR11	NW_005054305.1	13234421	13234598	16.600	0
TguLTR11	NW_005054305.1	13234703	13234979	19.200	0
TguLTR5d	NW_005054305.1	13315378	13315988	18.100	0
TguLTR11	NW_005054305.1	13355792	13355969	15.300	0
TguLTR11	NW_005054305.1	13356565	13356736	20.400	0
TguLTR11	NW_005054305.1	13448927	13449185	14.500	0
TguLTR11	NW_005054305.1	13449213	13449498	12.600	0
TguLTR5b	NW_005054305.1	13512033	13512605	12.900	0
TguLTR5b	NW_005054305.1	13518214	13518798	12.200	0
TguLTR5e	NW_005054305.1	13534785	13534879	21.300	0
TguLTR5d	NW_005054305.1	13723127	13723186	25.400	0
TguLTRL4c	NW_005054305.1	13979653	13980716	17.900	0
TguLTRL4c	NW_005054305.1	14040454	14041319	24.200	0
TguLTR6a	NW_005054305.1	14209639	14210062	26.300	0
TguLTRL6b	NW_005054305.1	14246174	14246323	20.400	0
TguLTR5d	NW_005054305.1	14307395	14307931	23.100	0
TguLTRL4b	NW_005054305.1	14309633	14309702	17.600	0
TguLTR6a	NW_005054305.1	14338495	14338914	22.000	0
TguLTR5e	NW_005054305.1	14339788	14339905	33.400	0
TguLTR5a	NW_005054305.1	14383327	14383785	25.500	0
TguLTR11	NW_005054305.1	14383785	14384032	16.800	0
TguLTRL4c	NW_005054305.1	14389976	14390340	21.600	0
TguLTRL4c	NW_005054305.1	14390375	14390775	21.100	0
TguLTR6a	NW_005054306.1	9699	9868	18.600	0
TguLTR5c	NW_005054306.1	12659	13249	18.400	0
TguLTR5a	NW_005054306.1	22174	22266	26.400	0
TguLTRL4c	NW_005054306.1	38321	39425	25.200	0
TguLTR5c	NW_005054306.1	39440	40020	18.800	0
TguLTR5d	NW_005054306.1	41247	41774	19.100	0
TguLTR5e	NW_005054306.1	46707	47258	29.000	0
TguLTR5a	NW_005054306.1	63105	63523	19.000	0
TguLTR5a	NW_005054306.1	63560	63715	19.000	0
TguLTR5e	NW_005054306.1	71632	71939	24.800	0
TguLTR5e	NW_005054306.1	72109	72193	24.500	0
TguLTRL4b	NW_005054306.1	99527	99750	33.300	0
TguLTR5e	NW_005054306.1	106233	106336	22.300	0
TguLTRL4c	NW_005054306.1	178158	179221	19.200	0
TguLTRL4b	NW_005054306.1	268314	269435	23.100	0
TguLTR5d	NW_005054306.1	283094	283165	12.700	0
TguLTR5e	NW_005054306.1	293346	293756	22.100	0
TguLTRL4d	NW_005054306.1	299969	300074	27.500	0
TguLTRL4c	NW_005054306.1	327167	328148	17.700	0
TguLTR5b	NW_005054306.1	341341	341921	15.300	0
TguLTRL4c	NW_005054306.1	375825	375893	20.900	0
TguLTR5d	NW_005054306.1	430548	431115	16.800	0
TguLTR5d	NW_005054306.1	434383	434839	29.000	0
TguLTR11	NW_005054306.1	442220	442464	23.700	0
TguLTRL4c	NW_005054306.1	485510	486532	18.300	0
TguLTR5d	NW_005054306.1	629306	629863	13.200	0
TguLTRL4d	NW_005054306.1	653836	653966	23.900	0
TguLTRL4d	NW_005054306.1	654288	654581	24.800	0
TguLTR11	NW_005054306.1	999192	999604	18.900	0
TguLTR5e	NW_005054306.1	1320579	1321133	27.000	0
TguLTR5e	NW_005054306.1	1675119	1675262	24.900	0
TguLTR5e	NW_005054306.1	1675300	1675384	23.800	0
TguLTR5d	NW_005054306.1	1681599	1681659	21.700	0
TguLTRL4c	NW_005054306.1	2038515	2039253	21.600	0
TguLTRL4b	NW_005054306.1	2181116	2182172	17.100	0
TguLTRL4b	NW_005054306.1	2220568	2220638	11.400	0
TguLTRL4c	NW_005054306.1	2220638	2220807	20.700	0
TguLTR5e	NW_005054306.1	2270898	2271422	25.900	0
TguLTR5d	NW_005054306.1	2288173	2288289	19.000	0
TguLTRL4d	NW_005054306.1	2327188	2327887	28.500	0
TguLTR5e	NW_005054306.1	2377254	2377610	25.000	0
TguLTR5d	NW_005054306.1	2800527	2801068	17.500	0
TguLTR5a	NW_005054306.1	2850061	2850646	17.400	0
TguLTR5a	NW_005054306.1	2855051	2855636	18.000	0
TguLTR5d	NW_005054306.1	2865096	2865660	17.600	0
TguLTR5a	NW_005054306.1	2866701	2867218	21.300	0
TguLTR5a	NW_005054306.1	3159663	3160205	20.400	0
TguLTR11	NW_005054306.1	3170499	3170663	16.300	0
TguLTR5c	NW_005054306.1	3188206	3188775	21.900	0
TguLTRL4c	NW_005054306.1	3299541	3300607	20.500	0
TguLTRL4c	NW_005054306.1	3364473	3365362	17.500	0
TguLTRL4c	NW_005054306.1	3456775	3457865	16.700	0
TguLTR5d	NW_005054306.1	3519762	3520334	17.900	0
TguLTRL4d	NW_005054306.1	3528316	3528513	23.900	0
TguLTRL4c	NW_005054306.1	3583259	3583363	16.500	0
TguLTR5a	NW_005054306.1	3639377	3639913	20.400	0
TguLTRL4b	NW_005054306.1	3682383	3682603	17.100	0
TguLTRL4c	NW_005054306.1	3939358	3940201	22.500	0
TguLTR6a	NW_005054306.1	3981214	3981572	20.200	0
TguLTR11	NW_005054306.1	4004807	4005205	17.100	0
TguLTR5e	NW_005054306.1	4026286	4026784	25.100	0
TguLTR11	NW_005054306.1	4082295	4082693	16.300	0
TguLTRL4c	NW_005054306.1	4152658	4153127	17.700	0
TguLTRL4d	NW_005054306.1	4281628	4282305	28.600	0
TguLTR5a	NW_005054306.1	4385876	4386065	12.200	0
TguLTR5a	NW_005054306.1	4386067	4386184	17.900	0
TguLTR5a	NW_005054306.1	4386233	4386353	14.200	0
TguLTRL4b	NW_005054306.1	4389847	4390396	14.000	0
TguLTR5d	NW_005054306.1	4418765	4419364	16.200	0
TguLTR5e	NW_005054306.1	4432578	4432814	25.400	0
TguLTRL4c	NW_005054306.1	4483354	4484106	19.400	0
TguLTR5b	NW_005054306.1	4553281	4553882	11.300	0
TguLTRL4d	NW_005054306.1	4593673	4593929	21.100	0
TguLTR5b	NW_005054306.1	4647515	4647826	15.800	0
TguLTR5b	NW_005054306.1	4662599	4663115	15.600	0
TguLTRL4c	NW_005054306.1	4761058	4761891	21.900	0
TguLTR5b	NW_005054306.1	4845451	4846011	18.200	0
TguLTR5e	NW_005054306.1	5012000	5012591	26.000	0
TguLTR5d	NW_005054306.1	5049128	5049199	22.600	0
TguLTR5d	NW_005054306.1	5049250	5049294	22.600	0
TguLTR5e	NW_005054306.1	5119419	5119646	28.000	0
TguLTR5b	NW_005054306.1	5127219	5127769	16.600	0
TguLTRL4c	NW_005054306.1	5189335	5190396	22.800	0
TguLTR5d	NW_005054306.1	5192040	5192180	18.600	0
TguLTR5a	NW_005054306.1	5208575	5209188	24.800	0
TguLTR5d	NW_005054306.1	5355193	5355532	19.300	0
TguLTR5d	NW_005054306.1	5355579	5355812	19.300	0
TguLTR5b	NW_005054306.1	5367268	5367635	18.500	0
TguLTR11	NW_005054306.1	5518942	5519167	16.400	0
TguLTRL6b	NW_005054306.1	5722908	5723026	21.100	0
TguLTR11	NW_005054306.1	5771081	5771259	23.600	0
TguLTR11	NW_005054306.1	5771365	5771638	16.300	0
TguLTR5a	NW_005054306.1	5776276	5776787	19.300	0
TguLTRL4c	NW_005054306.1	5802959	5804153	20.900	0
TguLTRL4c	NW_005054306.1	5926956	5927373	20.600	0
TguLTR5b	NW_005054306.1	5961139	5961482	16.000	0
TguLTR5a	NW_005054306.1	6021042	6021348	23.400	0
TguLTR5a	NW_005054306.1	6052658	6052833	16.600	0
TguLTR5a	NW_005054306.1	6083943	6084225	18.900	0
TguLTR5d	NW_005054306.1	6134364	6134935	25.400	0
TguLTRL4d	NW_005054306.1	6158627	6159156	28.800	0
TguLTRL4c	NW_005054306.1	6170344	6170582	22.300	0
TguLTR5d	NW_005054306.1	6189284	6189817	20.700	0
TguLTR5c	NW_005054306.1	6197561	6197656	20.000	0
TguLTR5d	NW_005054306.1	6204286	6204862	20.000	0
TguLTRL6b	NW_005054306.1	6229598	6230065	23.000	0
TguLTR6a	NW_005054306.1	6256322	6256415	19.400	0
TguLTRL4b	NW_005054306.1	6262897	6263634	20.000	0
TguLTR6a	NW_005054306.1	6277599	6278029	18.400	0
TguLTR5a	NW_005054306.1	6386080	6386347	21.400	0
TguLTR5b	NW_005054306.1	6476119	6476717	15.300	0
TguLTR5d	NW_005054306.1	6523222	6523803	18.900	0
TguLTRL4c	NW_005054306.1	6598483	6599501	19.100	0
TguLTR5a	NW_005054306.1	6701320	6701881	24.500	0
TguLTR6a	NW_005054306.1	6761206	6761639	21.600	0
TguLTR5e	NW_005054306.1	6824680	6824937	21.800	0
TguLTR5b	NW_005054306.1	6997795	6998337	16.000	0
TguLTRL6b	NW_005054306.1	7181933	7182094	20.500	0
TguLTRL4d	NW_005054306.1	7206289	7206409	20.800	0
TguLTRL4c	NW_005054306.1	7270089	7271023	21.900	0
TguLTR11	NW_005054306.1	7347695	7347855	23.000	0
TguLTR5d	NW_005054306.1	7414642	7414713	19.800	0
TguLTR5d	NW_005054306.1	7421970	7422360	19.000	0
TguLTR5e	NW_005054306.1	7440467	7440796	20.500	0
TguLTRL4d	NW_005054306.1	7456162	7456497	26.000	0
TguLTRL4d	NW_005054306.1	7456550	7456677	24.400	0
TguLTR5d	NW_005054306.1	7498781	7499348	19.400	0
TguLTRL4c	NW_005054306.1	7508740	7508809	10.100	0
TguLTRL4c	NW_005054306.1	7642789	7643217	19.700	0
TguLTR5d	NW_005054306.1	7643237	7643813	20.000	0
TguLTRL4b	NW_005054306.1	7689030	7689701	19.200	0
TguLTR5d	NW_005054306.1	7711482	7712053	17.800	0
TguLTR5b	NW_005054306.1	7726436	7726615	10.100	0
TguLTR5e	NW_005054306.1	7838396	7838928	27.100	0
TguLTRL4c	NW_005054306.1	7852484	7853008	20.400	0
TguLTRL4c	NW_005054306.1	7881327	7882235	19.400	0
TguLTR6a	NW_005054306.1	7889733	7890163	22.200	0
TguLTR5d	NW_005054306.1	7943874	7944413	20.100	0
TguLTRL4b	NW_005054306.1	7979480	7980558	21.800	0
TguLTR5d	NW_005054306.1	7993379	7993894	19.100	0
TguLTR5c	NW_005054306.1	8067552	8067753	18.400	0
TguLTR6a	NW_005054306.1	8153312	8153742	18.600	0
TguLTRL4b	NW_005054306.1	8238623	8239729	15.000	0
TguLTR5b	NW_005054306.1	8244917	8245453	14.100	0
TguLTR5a	NW_005054306.1	8270558	8270967	21.500	0
TguLTR5a	NW_005054306.1	8271095	8271219	25.600	0
TguLTRL4c	NW_005054306.1	8272131	8273135	29.200	0
TguLTRL4b	NW_005054306.1	8362041	8362207	15.200	0
TguLTR5d	NW_005054306.1	8386926	8387066	20.400	0
TguLTRL4c	NW_005054306.1	8425000	8425124	24.400	0
TguLTR5b	NW_005054306.1	8460967	8461249	13.900	0
TguLTR5b	NW_005054306.1	8461335	8461479	16.700	0
TguLTR5b	NW_005054306.1	8463482	8463764	13.900	0
TguLTR5e	NW_005054306.1	8476875	8477192	30.400	0
TguLTR5a	NW_005054306.1	8491003	8491594	21.600	0
TguLTRL4c	NW_005054306.1	8711196	8711278	24.400	0
TguLTRL4b	NW_005054306.1	8721466	8721913	17.500	0
TguLTR5e	NW_005054306.1	8746770	8746848	14.500	0
TguLTR5e	NW_005054306.1	8746927	8747184	26.800	0
TguLTR5d	NW_005054306.1	8837384	8837736	19.600	0
TguLTRL4c	NW_005054306.1	8841656	8842533	24.600	0
TguLTR5a	NW_005054306.1	8972470	8973002	19.400	0
TguLTR5d	NW_005054306.1	8974833	8975443	18.100	0
TguLTRL4b	NW_005054306.1	9164925	9166027	17.100	0
TguLTR5b	NW_005054306.1	9267523	9267820	17.200	0
TguLTRL4d	NW_005054306.1	9278378	9278630	27.600	0
TguLTRL4d	NW_005054306.1	9278713	9278998	38.400	0
TguLTR5d	NW_005054306.1	9285476	9285584	27.800	0
TguLTR5d	NW_005054306.1	9285658	9286035	22.100	0
TguLTR5d	NW_005054306.1	9312321	9312376	18.200	0
TguLTR6a	NW_005054306.1	9330462	9330875	24.000	0
TguLTR5e	NW_005054306.1	9384203	9384590	27.000	0
TguLTRL4b	NW_005054306.1	9474249	9475245	23.800	0
TguLTR6a	NW_005054306.1	9522175	9522406	23.000	0
TguLTR6a	NW_005054306.1	9523184	9523609	19.600	0
TguLTRL4c	NW_005054306.1	9579070	9579942	20.300	0
TguLTRL4c	NW_005054306.1	9579967	9580055	20.300	0
TguLTRL6b	NW_005054306.1	9632955	9633076	18.800	0
TguLTR6a	NW_005054306.1	9677793	9678186	25.200	0
TguLTRL4c	NW_005054306.1	9692068	9692993	21.800	0
TguLTRL4c	NW_005054306.1	9701263	9702058	21.400	0
TguLTR5b	NW_005054306.1	9761496	9762055	23.000	0
TguLTRL4d	NW_005054306.1	9776533	9776947	21.700	0
TguLTR5d	NW_005054306.1	9804728	9805267	22.400	0
TguLTR5a	NW_005054306.1	9861408	9861665	17.900	0
TguLTR5a	NW_005054306.1	9861667	9861978	21.200	0
TguLTR11	NW_005054306.1	9885461	9885733	17.400	0
TguLTR11	NW_005054306.1	9885812	9886035	21.400	0
TguLTR5e	NW_005054306.1	9930791	9930969	24.900	0
TguLTRL4c	NW_005054306.1	10062319	10063271	19.100	0
TguLTR5d	NW_005054306.1	10100695	10101225	20.300	0
TguLTR5a	NW_005054306.1	10109896	10109950	16.700	0
TguLTRL4b	NW_005054306.1	10136649	10137635	15.200	0
TguLTRL4c	NW_005054306.1	10271055	10271378	19.600	0
TguLTR5a	NW_005054306.1	10343166	10343687	19.900	0
TguLTR5e	NW_005054306.1	10571971	10572138	22.200	0
TguLTR5e	NW_005054306.1	10572177	10572427	22.500	0
TguLTR5c	NW_005054306.1	10708888	10709029	18.100	0
TguLTRL4b	NW_005054306.1	10709101	10710033	19.400	0
TguLTRL4c	NW_005054306.1	10834798	10835314	18.100	0
TguLTR6a	NW_005054306.1	10925416	10925809	20.600	0
TguLTRL4c	NW_005054306.1	11075527	11076373	20.100	0
TguLTRL4b	NW_005054306.1	11097246	11098003	16.700	0
TguLTR5b	NW_005054306.1	11282293	11282815	16.500	0
TguLTR5e	NW_005054306.1	11318306	11318779	29.300	0
TguLTRL6b	NW_005054306.1	11348373	11348801	18.600	0
TguLTR5e	NW_005054306.1	11414844	11415040	22.600	0
TguLTR5e	NW_005054306.1	11415145	11415269	27.600	0
TguLTR5d	NW_005054306.1	11444370	11444436	27.300	0
TguLTR5c	NW_005054306.1	11447871	11448476	18.000	0
TguLTR5a	NW_005054306.1	11450136	11450627	21.500	0
TguLTR5e	NW_005054306.1	11592141	11592471	24.300	0
TguLTR5d	NW_005054306.1	11605764	11606372	18.700	0
TguLTRL4d	NW_005054306.1	11618306	11618495	21.000	0
TguLTRL4c	NW_005054306.1	11664875	11665077	20.400	0
TguLTRL4c	NW_005054306.1	11665095	11665264	17.700	0
TguLTR5b	NW_005054306.1	11848578	11849180	16.800	0
TguLTRL6b	NW_005054306.1	11901262	11901700	21.600	0
TguLTR5d	NW_005054306.1	11956153	11956396	22.900	0
TguLTRL4d	NW_005054306.1	11976401	11977058	25.100	0
TguLTRL4d	NW_005054306.1	11977069	11977169	21.500	0
TguLTRL4d	NW_005054306.1	12009189	12009950	25.700	0
TguLTR5e	NW_005054306.1	12052968	12053028	26.700	0
TguLTR5b	NW_005054306.1	12254289	12254554	12.500	0
TguLTR5a	NW_005054306.1	12266267	12266644	15.100	0
TguLTRL4b	NW_005054306.1	12474630	12475662	21.400	0
TguLTR5d	NW_005054306.1	12501284	12501826	17.900	0
TguLTR5a	NW_005054306.1	12579637	12579682	17.800	0
TguLTR5e	NW_005054306.1	12641414	12641989	32.700	0
TguLTR5d	NW_005054306.1	12666633	12666905	17.300	0
TguLTR5d	NW_005054306.1	12667013	12667278	19.100	0
TguLTRL4c	NW_005054306.1	12739034	12739272	18.400	0
TguLTR6a	NW_005054306.1	12809542	12809943	23.100	0
TguLTR5d	NW_005054306.1	12863255	12863822	18.000	0
TguLTR5a	NW_005054306.1	12899631	12900161	16.600	0
TguLTR5d	NW_005054306.1	13059560	13060015	23.200	0
TguLTR5a	NW_005054307.1	220868	221026	19.500	0
TguLTRL4c	NW_005054307.1	462252	462338	16.300	0
TguLTRL4c	NW_005054307.1	462393	462681	19.300	0
TguLTR5c	NW_005054307.1	542569	543146	25.200	0
TguLTR6a	NW_005054307.1	695981	696174	13.900	0
TguLTR5c	NW_005054307.1	699660	700238	20.900	0
TguLTRL4b	NW_005054307.1	778147	778684	15.300	0
TguLTR5a	NW_005054307.1	853866	854417	18.800	0
TguLTR5c	NW_005054307.1	859454	860018	19.000	0
TguLTR5a	NW_005054307.1	958846	959029	18.500	0
TguLTR5a	NW_005054307.1	959097	959505	18.500	0
TguLTRL4d	NW_005054307.1	963715	964282	26.900	0
TguLTR5d	NW_005054307.1	1018707	1019269	20.700	0
TguLTR5b	NW_005054307.1	1073619	1074178	12.700	0
TguLTRL4c	NW_005054307.1	1243706	1244106	17.300	0
TguLTR5a	NW_005054307.1	1380373	1380940	21.600	0
TguLTRL4c	NW_005054307.1	1609923	1610192	15.600	0
TguLTR5a	NW_005054307.1	1915521	1915953	15.600	0
TguLTR5d	NW_005054307.1	1951137	1951385	14.900	0
TguLTRL4c	NW_005054307.1	2387210	2387410	20.200	0
TguLTR5d	NW_005054307.1	2572241	2572463	25.200	0
TguLTR5b	NW_005054307.1	2742805	2743371	17.300	0
TguLTR5b	NW_005054307.1	2759650	2760208	14.200	0
TguLTR5d	NW_005054307.1	2773336	2773903	26.600	0
TguLTR5e	NW_005054307.1	2919625	2919686	22.900	0
TguLTR5e	NW_005054307.1	2919716	2920080	25.900	0
TguLTRL4b	NW_005054307.1	2920436	2921422	21.000	0
TguLTR5e	NW_005054307.1	3015095	3015642	21.800	0
TguLTRL4b	NW_005054307.1	3040005	3041077	18.700	0
TguLTR5d	NW_005054307.1	3063304	3063649	18.600	0
TguLTR5d	NW_005054307.1	3116646	3117180	16.300	0
TguLTR5d	NW_005054307.1	3214611	3214818	25.000	0
TguLTR11	NW_005054307.1	3386545	3387029	14.600	0
TguLTRL4b	NW_005054307.1	3399628	3400647	18.200	0
TguLTRL4c	NW_005054307.1	3454825	3455502	15.900	0
TguLTR5a	NW_005054307.1	3513023	3513102	10.400	0
TguLTR5a	NW_005054307.1	3513253	3513509	22.800	0
TguLTR5b	NW_005054307.1	3548165	3548749	17.600	0
TguLTR6a	NW_005054307.1	3576507	3576823	21.600	0
TguLTR5d	NW_005054307.1	3600785	3601328	19.900	0
TguLTR6a	NW_005054307.1	3652331	3652734	20.800	0
TguLTRL4d	NW_005054307.1	3686081	3686589	30.000	0
TguLTRL4b	NW_005054307.1	3690826	3691764	21.800	0
TguLTR5a	NW_005054307.1	3747368	3747886	22.000	0
TguLTR5d	NW_005054307.1	3755156	3755727	19.300	0
TguLTR5b	NW_005054307.1	3793186	3793777	15.800	0
TguLTRL4b	NW_005054307.1	3796705	3797779	18.100	0
TguLTR5a	NW_005054307.1	3798099	3798411	25.000	0
TguLTRL4b	NW_005054307.1	3807920	3808790	18.600	0
TguLTR5d	NW_005054307.1	3826899	3827408	19.000	0
TguLTRL4c	NW_005054307.1	3843053	3844146	25.700	0
TguLTR5c	NW_005054307.1	3896112	3896559	20.900	0
TguLTR5d	NW_005054307.1	3947566	3948101	24.500	0
TguLTR5b	NW_005054307.1	3954346	3954784	15.200	0
TguLTR5e	NW_005054307.1	4021649	4021973	27.400	0
TguLTR5d	NW_005054307.1	4107792	4108380	21.000	0
TguLTR5b	NW_005054307.1	4158430	4159002	18.100	0
TguLTR5d	NW_005054307.1	4168994	4169408	17.800	0
TguLTRL4d	NW_005054307.1	4172280	4172454	25.900	0
TguLTRL4c	NW_005054307.1	4258050	4258169	25.200	0
TguLTRL4c	NW_005054307.1	4258169	4258740	21.300	0
TguLTRL4b	NW_005054307.1	4295540	4296569	31.400	0
TguLTR11	NW_005054307.1	4308647	4308908	20.000	0
TguLTRL6b	NW_005054307.1	4349605	4350063	23.600	0
TguLTRL4c	NW_005054307.1	4383348	4383803	21.700	0
TguLTR5c	NW_005054307.1	4391277	4391507	16.200	0
TguLTRL4d	NW_005054307.1	4392372	4392746	22.800	0
TguLTRL4b	NW_005054307.1	4400193	4400389	13.900	0
TguLTRL4b	NW_005054307.1	4400399	4400489	21.100	0
TguLTR6a	NW_005054307.1	4410842	4411013	18.400	0
TguLTR5e	NW_005054307.1	4432974	4433545	32.700	0
TguLTR5d	NW_005054307.1	4478457	4478698	14.700	0
TguLTR5e	NW_005054307.1	4531495	4531713	33.200	0
TguLTR5e	NW_005054307.1	4531774	4531905	19.100	0
TguLTRL4c	NW_005054307.1	4759262	4759517	19.300	0
TguLTR5a	NW_005054307.1	4895221	4895754	22.600	0
TguLTR5c	NW_005054307.1	4997312	4997846	18.600	0
TguLTRL4c	NW_005054307.1	5000152	5001249	20.100	0
TguLTRL4d	NW_005054307.1	5064946	5065313	24.000	0
TguLTR5e	NW_005054307.1	5101364	5101895	26.500	0
TguLTR5b	NW_005054307.1	5115606	5116144	14.700	0
TguLTRL4b	NW_005054307.1	5150365	5151405	19.800	0
TguLTRL4c	NW_005054307.1	5158403	5158875	18.500	0
TguLTR5a	NW_005054307.1	5210189	5210568	17.600	0
TguLTR5e	NW_005054307.1	5231092	5231395	26.700	0
TguLTR5d	NW_005054307.1	5306876	5307446	13.100	0
TguLTRL4c	NW_005054307.1	5419829	5420858	20.500	0
TguLTRL4b	NW_005054307.1	6015943	6016968	22.900	0
TguLTR5a	NW_005054307.1	6115667	6115794	15.300	0
TguLTR5a	NW_005054307.1	6115875	6116305	23.700	0
TguLTR5d	NW_005054307.1	6239843	6240374	20.800	0
TguLTR5a	NW_005054307.1	6292133	6292579	19.100	0
TguLTRL4c	NW_005054307.1	6325906	6326289	21.700	0
TguLTRL4d	NW_005054307.1	6363467	6363863	22.900	0
TguLTR5a	NW_005054307.1	6463852	6464393	20.200	0
TguLTR5d	NW_005054307.1	6470364	6470948	19.100	0
TguLTR5b	NW_005054307.1	6494624	6495222	16.500	0
TguLTRL4c	NW_005054307.1	6503451	6503748	17.900	0
TguLTRL4c	NW_005054307.1	6504594	6505054	19.900	0
TguLTR5d	NW_005054307.1	6665598	6666206	20.200	0
TguLTR5d	NW_005054307.1	6770584	6770989	12.300	0
TguLTR5d	NW_005054307.1	6770999	6771067	14.700	0
TguLTR5d	NW_005054307.1	6782381	6782973	23.700	0
TguLTRL4b	NW_005054307.1	6868123	6868254	14.600	0
TguLTRL4b	NW_005054307.1	6868283	6868325	11.900	0
TguLTR5e	NW_005054307.1	6953380	6953496	33.300	0
TguLTRL4d	NW_005054307.1	6953647	6953742	24.700	0
TguLTRL4b	NW_005054307.1	7039471	7039854	23.000	0
TguLTRL4b	NW_005054307.1	7040298	7040809	28.100	0
TguLTRL4b	NW_005054307.1	7041098	7041287	25.900	0
TguLTRL4b	NW_005054307.1	7068019	7069094	20.300	0
TguLTRL4c	NW_005054307.1	7169328	7169892	23.300	0
TguLTR5e	NW_005054307.1	7314473	7314696	30.100	0
TguLTR5a	NW_005054307.1	7364051	7364425	18.900	0
TguLTR5a	NW_005054307.1	7448202	7448731	24.900	0
TguLTR11	NW_005054307.1	7504553	7505441	17.700	0
TguLTR5a	NW_005054307.1	7552620	7553105	22.000	0
TguLTR5c	NW_005054307.1	7641348	7641908	17.900	0
TguLTRL6b	NW_005054307.1	7929306	7929476	22.500	0
TguLTR5c	NW_005054307.1	7931128	7931704	17.900	0
TguLTR5e	NW_005054307.1	7939567	7940074	23.500	0
TguLTR5e	NW_005054307.1	7969542	7969963	23.200	0
TguLTR5e	NW_005054307.1	7982624	7982871	18.700	0
TguLTR5e	NW_005054307.1	7982993	7983092	22.400	0
TguLTR5e	NW_005054307.1	7999768	8000358	31.300	0
TguLTR11	NW_005054307.1	8040492	8040651	17.700	0
TguLTR5d	NW_005054307.1	8043107	8043670	18.600	0
TguLTRL4c	NW_005054307.1	8103689	8104769	20.400	0
TguLTR5d	NW_005054307.1	8135176	8135744	20.400	0
TguLTR5d	NW_005054307.1	8154479	8154780	22.300	0
TguLTR5d	NW_005054307.1	8154813	8154926	17.000	0
TguLTRL4c	NW_005054307.1	8233950	8234070	26.700	0
TguLTR11	NW_005054307.1	8255282	8255549	20.200	0
TguLTR6a	NW_005054307.1	8297596	8297740	15.000	0
TguLTRL4d	NW_005054307.1	8304805	8304895	26.500	0
TguLTRL4b	NW_005054307.1	8338592	8339751	19.300	0
TguLTR5d	NW_005054307.1	8378829	8379402	16.800	0
TguLTR5d	NW_005054307.1	8432985	8433029	6.800	0
TguLTRL4c	NW_005054307.1	8591281	8592386	18.100	0
TguLTR5d	NW_005054307.1	8597696	8598190	16.700	0
TguLTR5b	NW_005054307.1	8638360	8638989	16.500	0
TguLTRL4c	NW_005054307.1	8649996	8651025	24.000	0
TguLTRL4c	NW_005054307.1	8708725	8709715	25.100	0
TguLTR5a	NW_005054307.1	8726202	8726359	22.500	0
TguLTR5a	NW_005054307.1	8726400	8726778	22.500	0
TguLTR5a	NW_005054307.1	8729643	8729701	15.500	0
TguLTR5a	NW_005054307.1	8729745	8729881	22.100	0
TguLTR5e	NW_005054307.1	8819458	8819689	26.400	0
TguLTR5d	NW_005054307.1	8822871	8823445	24.800	0
TguLTR5a	NW_005054307.1	8996994	8997125	14.500	0
TguLTR5d	NW_005054307.1	9042992	9043390	24.400	0
TguLTR5a	NW_005054307.1	9049053	9049428	19.800	0
TguLTRL4c	NW_005054307.1	9070028	9070193	20.200	0
TguLTR5b	NW_005054307.1	9146690	9146991	19.200	0
TguLTRL4b	NW_005054307.1	9157875	9158295	15.400	0
TguLTR5a	NW_005054307.1	9159443	9160050	18.400	0
TguLTR5e	NW_005054307.1	9173208	9173781	23.800	0
TguLTR5a	NW_005054307.1	9243758	9244339	18.600	0
TguLTR6a	NW_005054307.1	9363264	9363700	18.800	0
TguLTRL4c	NW_005054307.1	9532428	9532910	21.000	0
TguLTR5b	NW_005054307.1	9544032	9544582	14.400	0
TguLTRL4c	NW_005054307.1	9630786	9631454	21.400	0
TguLTR5d	NW_005054307.1	9723382	9723737	18.500	0
TguLTRL4b	NW_005054307.1	9754788	9755042	29.600	0
TguLTR5a	NW_005054307.1	9776330	9776917	18.000	0
TguLTRL6b	NW_005054307.1	9924560	9924941	17.600	0
TguLTR5e	NW_005054307.1	10036414	10036620	28.100	0
TguLTR5e	NW_005054307.1	10036652	10036959	27.300	0
TguLTR5a	NW_005054307.1	10039581	10040163	21.300	0
TguLTR5a	NW_005054307.1	10111649	10112224	21.400	0
TguLTR5d	NW_005054307.1	10198426	10198699	22.400	0
TguLTR5d	NW_005054307.1	10200091	10200391	21.500	0
TguLTR5a	NW_005054307.1	10432501	10433125	18.300	0
TguLTR5b	NW_005054307.1	10503985	10504563	14.400	0
TguLTR5b	NW_005054307.1	10579531	10580111	13.000	0
TguLTRL4c	NW_005054307.1	10743222	10744139	17.900	0
TguLTRL4c	NW_005054307.1	10798011	10798869	24.100	0
TguLTR5a	NW_005054307.1	10846383	10846713	23.300	0
TguLTR5a	NW_005054307.1	10846872	10847043	20.800	0
TguLTR5d	NW_005054307.1	10896192	10896754	19.000	0
TguLTRL4c	NW_005054307.1	10946581	10946941	20.900	0
TguLTRL4c	NW_005054307.1	11040535	11040823	16.800	0
TguLTRL4c	NW_005054307.1	11041170	11041349	19.600	0
TguLTRL4c	NW_005054307.1	11041462	11042541	19.800	0
TguLTRL4c	NW_005054307.1	11046853	11047030	14.800	0
TguLTRL4c	NW_005054307.1	11047031	11047186	15.800	0
TguLTRL4c	NW_005054307.1	11084419	11085513	24.100	0
TguLTR5a	NW_005054307.1	11095947	11096577	21.100	0
TguLTRL4d	NW_005054307.1	11281058	11281830	22.900	0
TguLTR6a	NW_005054307.1	11502926	11503431	23.000	0
TguLTR5a	NW_005054307.1	11569988	11570579	19.400	0
TguLTR5a	NW_005054307.1	11628969	11629388	20.100	0
TguLTR5a	NW_005054307.1	11629431	11629610	24.600	0
TguLTR5e	NW_005054307.1	11653707	11654220	23.500	0
TguLTR5e	NW_005054307.1	11671698	11671919	30.800	0
TguLTRL4b	NW_005054307.1	11778011	11778422	16.600	0
TguLTR5c	NW_005054307.1	11778639	11778889	16.900	0
TguLTRL4c	NW_005054307.1	11875806	11876892	17.800	0
TguLTR5d	NW_005054307.1	11918935	11919506	14.800	0
TguLTRL4b	NW_005054307.1	11929129	11929793	16.800	0
TguLTRL4d	NW_005054307.1	12021674	12021917	18.300	0
TguLTRL4d	NW_005054307.1	12021923	12022324	23.900	0
TguLTR6a	NW_005054307.1	12023673	12024052	20.100	0
TguLTRL6b	NW_005054307.1	12129750	12129908	20.500	0
TguLTRL6b	NW_005054307.1	12129981	12130255	24.100	0
TguLTRL4c	NW_005054307.1	12181448	12182533	17.600	0
TguLTRL4c	NW_005054307.1	12423118	12423465	21.200	0
TguLTRL4c	NW_005054307.1	12423468	12423545	14.900	0
TguLTR5e	NW_005054307.1	12459041	12459559	27.600	0
TguLTR5d	NW_005054307.1	12528079	12528320	14.700	0
TguLTR5d	NW_005054307.1	12528463	12528790	18.700	0
TguLTRL4b	NW_005054307.1	12620358	12621300	18.000	0
TguLTRL4b	NW_005054307.1	12621307	12621447	18.700	0
TguLTR5b	NW_005054307.1	12642040	12642630	15.900	0
TguLTR5a	NW_005054308.1	311163	311700	19.200	0
TguLTR11	NW_005054308.1	325670	325905	16.300	0
TguLTR5a	NW_005054308.1	339013	339075	14.500	0
TguLTR5a	NW_005054308.1	339075	339435	25.000	0
TguLTR5d	NW_005054308.1	401107	401462	17.300	0
TguLTR5d	NW_005054308.1	401465	401526	19.700	0
TguLTR5d	NW_005054308.1	439531	440066	23.900	0
TguLTR5d	NW_005054308.1	454017	454613	20.600	0
TguLTRL4b	NW_005054308.1	565442	565896	25.200	0
TguLTR5d	NW_005054308.1	596973	597472	18.100	0
TguLTRL4d	NW_005054308.1	620330	620508	24.200	0
TguLTR11	NW_005054308.1	646474	646691	22.900	0
TguLTRL4b	NW_005054308.1	712493	712721	22.300	0
TguLTRL4b	NW_005054308.1	713104	713913	24.800	25
TguLTRL4d	NW_005054308.1	762002	762208	20.900	0
TguLTRL4b	NW_005054308.1	763352	763748	28.200	0
TguLTRL4b	NW_005054308.1	763872	764058	20.900	0
TguLTR5d	NW_005054308.1	808418	808558	20.000	0
TguLTR5a	NW_005054308.1	838202	838549	24.500	0
TguLTRL4b	NW_005054308.1	1000958	1001148	22.900	0
TguLTRL4b	NW_005054308.1	1258810	1258901	15.400	0
TguLTRL4b	NW_005054308.1	1309015	1309358	21.700	0
TguLTR5d	NW_005054308.1	1529413	1529595	15.200	0
TguLTR5d	NW_005054308.1	1529599	1529799	22.700	0
TguLTR5a	NW_005054308.1	1531295	1531774	25.500	0
TguLTRL4c	NW_005054308.1	1667050	1667218	22.000	0
TguLTRL4c	NW_005054308.1	1667224	1667566	21.600	0
TguLTR5a	NW_005054308.1	1699770	1700300	23.300	0
TguLTRL4b	NW_005054308.1	1827603	1827781	17.300	0
TguLTRL4b	NW_005054308.1	1828184	1828982	24.300	0
TguLTR11	NW_005054308.1	1833340	1833506	22.300	0
TguLTRL4c	NW_005054308.1	1892478	1892717	19.600	0
TguLTRL4b	NW_005054308.1	2490302	2490653	17.200	0
TguLTRL4b	NW_005054308.1	2490685	2490906	17.900	0
TguLTRL4b	NW_005054308.1	2626028	2627017	20.200	0
TguLTRL4b	NW_005054308.1	2674317	2674434	21.100	0
TguLTR5d	NW_005054308.1	3711881	3712384	21.800	0
TguLTR5a	NW_005054308.1	4218867	4219224	21.000	0
TguLTRL4b	NW_005054308.1	4457164	4457537	17.600	0
TguLTRL4c	NW_005054308.1	4719825	4719935	22.200	0
TguLTRL4c	NW_005054308.1	4862287	4862450	17.200	0
TguLTRL4c	NW_005054308.1	5400866	5401655	15.900	0
TguLTR5a	NW_005054308.1	5473702	5473771	17.600	0
TguLTR11	NW_005054308.1	5486744	5486995	17.600	0
TguLTR11	NW_005054308.1	5487287	5487371	17.900	0
TguLTR5d	NW_005054308.1	6769153	6769595	16.800	0
TguLTRL4c	NW_005054308.1	6952764	6952828	26.600	0
TguLTR5d	NW_005054308.1	7173159	7173646	17.500	0
TguLTRL4c	NW_005054308.1	7455772	7455883	17.100	0
TguLTR5d	NW_005054308.1	7541496	7542039	18.900	0
TguLTRL4b	NW_005054308.1	7646541	7647622	22.600	0
TguLTR5d	NW_005054308.1	7897730	7897987	20.400	0
TguLTRL4c	NW_005054308.1	8005794	8005931	27.700	0
TguLTR5d	NW_005054308.1	8319956	8320242	17.400	0
TguLTRL4c	NW_005054308.1	8683566	8684737	18.200	0
TguLTR5a	NW_005054308.1	8781494	8782065	19.700	0
TguLTR5a	NW_005054308.1	8797757	8798260	19.900	0
TguLTR5a	NW_005054308.1	9162148	9162498	17.200	0
TguLTR5a	NW_005054308.1	9162826	9162993	14.800	0
TguLTR5d	NW_005054308.1	9613440	9613926	15.800	0
TguLTRL4c	NW_005054308.1	9797277	9797428	20.500	0
TguLTRL4c	NW_005054308.1	9959984	9960260	18.800	0
TguLTR11	NW_005054308.1	10835474	10835574	15.100	0
TguLTR5a	NW_005054308.1	11115651	11116042	23.100	0
TguLTR5b	NW_005054308.1	12394565	12395159	15.200	0
TguLTR6a	NW_005054308.1	12426377	12426740	18.800	0
TguLTRL6b	NW_005054308.1	12474996	12475346	18.900	0
TguLTRL4d	NW_005054308.1	12527581	12528384	25.500	0
TguLTRL4d	NW_005054308.1	12528424	12528646	28.900	0
TguLTR5b	NW_005054309.1	479639	479766	21.100	0
TguLTR5b	NW_005054309.1	483649	483840	21.400	0
TguLTR5d	NW_005054309.1	1077495	1077585	12.300	0
TguLTR5d	NW_005054309.1	1124331	1124896	22.900	0
TguLTRL6b	NW_005054309.1	1228805	1229256	23.500	0
TguLTRL4b	NW_005054309.1	1265722	1266017	19.200	0
TguLTR5a	NW_005054309.1	1699068	1699193	26.100	0
TguLTR5b	NW_005054309.1	2290828	2291390	14.100	0
TguLTR5a	NW_005054309.1	2375779	2376345	18.600	0
TguLTR11	NW_005054309.1	2781418	2781667	20.900	0
TguLTR11	NW_005054309.1	2782119	2782263	20.200	0
TguLTR5d	NW_005054309.1	2802820	2803373	23.800	0
TguLTR5d	NW_005054309.1	3411496	3412016	19.200	0
TguLTRL4c	NW_005054309.1	4004648	4005628	20.500	0
TguLTR5a	NW_005054309.1	4060123	4060683	17.600	0
TguLTR5a	NW_005054309.1	4259946	4260439	20.400	0
TguLTR5b	NW_005054309.1	4322965	4323104	25.900	0
TguLTRL4d	NW_005054309.1	4394762	4395605	26.300	0
TguLTR5d	NW_005054309.1	4884351	4884968	26.900	0
TguLTRL4d	NW_005054309.1	4971197	4971343	22.900	0
TguLTR5d	NW_005054309.1	5048522	5049072	19.900	0
TguLTR5a	NW_005054309.1	6117447	6117993	23.000	0
TguLTR5d	NW_005054309.1	6242048	6242515	20.100	0
TguLTR5a	NW_005054309.1	6311513	6311965	22.700	0
TguLTR5a	NW_005054309.1	6383179	6383736	20.200	0
TguLTRL4d	NW_005054309.1	6492627	6492882	22.400	0
TguLTR5b	NW_005054309.1	6528716	6528965	11.500	0
TguLTR5d	NW_005054309.1	6758964	6759537	18.400	0
TguLTR5a	NW_005054309.1	7000020	7000533	23.800	0
TguLTR5d	NW_005054309.1	7018314	7018445	20.100	0
TguLTR5d	NW_005054309.1	7335480	7336067	14.800	0
TguLTR5a	NW_005054309.1	7708317	7708776	16.800	0
TguLTR5d	NW_005054309.1	7756710	7756775	12.300	0
TguLTR5e	NW_005054309.1	8054209	8054366	31.900	0
TguLTR5e	NW_005054309.1	8054471	8054579	16.700	0
TguLTR5d	NW_005054309.1	9380407	9380519	19.100	0
TguLTRL4c	NW_005054309.1	9604616	9604783	25.100	0
TguLTRL4c	NW_005054309.1	10228001	10228539	23.200	0
TguLTRL4c	NW_005054309.1	10228602	10228704	19.600	0
TguLTR5d	NW_005054309.1	10548125	10548227	23.800	0
TguLTR5d	NW_005054309.1	10878874	10879070	19.900	0
TguLTR5a	NW_005054309.1	11744410	11744583	22.600	0
TguLTR5b	NW_005054309.1	11774481	11775051	18.300	0
TguLTR5d	NW_005054309.1	11817774	11817907	18.100	0
TguLTR5b	NW_005054309.1	11917313	11917868	17.200	0
TguLTR5d	NW_005054309.1	11999681	11999816	18.200	0
TguLTRL4b	NW_005054309.1	12125472	12125911	20.800	0
TguLTRL4c	NW_005054310.1	98292	98421	20.200	0
TguLTR11	NW_005054310.1	120157	120785	16.400	0
TguLTR5a	NW_005054310.1	147682	148172	24.600	0
TguLTRL4b	NW_005054310.1	163140	163205	10.800	0
TguLTRL4b	NW_005054310.1	163533	163768	14.000	0
TguLTRL4b	NW_005054310.1	174822	174968	20.600	0
TguLTR6a	NW_005054310.1	187637	188001	24.800	0
TguLTR5d	NW_005054310.1	201132	201700	22.200	0
TguLTR5b	NW_005054310.1	210243	210833	15.600	0
TguLTR5d	NW_005054310.1	288523	289096	21.800	0
TguLTR5a	NW_005054310.1	299445	300028	20.400	0
TguLTR5a	NW_005054310.1	315730	316110	19.600	0
TguLTR5d	NW_005054310.1	408455	409038	25.600	0
TguLTR5e	NW_005054310.1	445776	446228	22.700	0
TguLTR6a	NW_005054310.1	468682	469105	17.200	0
TguLTR6a	NW_005054310.1	503992	504048	13.900	0
TguLTR5d	NW_005054310.1	541651	542182	19.400	0
TguLTRL4c	NW_005054310.1	789309	789459	23.600	0
TguLTRL4c	NW_005054310.1	789784	790804	21.600	0
TguLTRL4c	NW_005054310.1	862490	862818	17.400	0
TguLTR5d	NW_005054310.1	865391	865792	18.400	0
TguLTR5d	NW_005054310.1	868334	868523	22.300	0
TguLTR5e	NW_005054310.1	869424	869566	28.600	0
TguLTR5e	NW_005054310.1	869599	869838	24.000	0
TguLTR5d	NW_005054310.1	888688	889009	14.700	0
TguLTRL4c	NW_005054310.1	911288	912205	23.600	0
TguLTR11	NW_005054310.1	1092872	1093028	18.700	0
TguLTR5a	NW_005054310.1	1098342	1098932	20.600	0
TguLTRL4b	NW_005054310.1	1250528	1251051	17.600	0
TguLTR11	NW_005054310.1	1260264	1260427	18.600	0
TguLTR11	NW_005054310.1	1260802	1261042	15.100	0
TguLTR6a	NW_005054310.1	1271468	1271725	17.900	0
TguLTR5d	NW_005054310.1	1580326	1580884	28.600	0
TguLTR5c	NW_005054310.1	1645011	1645444	19.500	0
TguLTRL4c	NW_005054310.1	1683290	1683496	17.800	0
TguLTR5c	NW_005054310.1	1698930	1699494	17.900	0
TguLTRL4c	NW_005054310.1	2029477	2030348	20.700	0
TguLTRL4c	NW_005054310.1	2056557	2057636	18.800	0
TguLTRL6b	NW_005054310.1	2127372	2127787	17.900	0
TguLTRL4d	NW_005054310.1	2180364	2181021	24.600	0
TguLTR5e	NW_005054310.1	2193962	2194138	25.900	0
TguLTR5e	NW_005054310.1	2194203	2194486	26.900	0
TguLTR5a	NW_005054310.1	2247410	2247945	26.100	0
TguLTR5b	NW_005054310.1	2304460	2305061	18.200	0
TguLTRL4c	NW_005054310.1	2337713	2338819	16.900	0
TguLTRL6b	NW_005054310.1	2838883	2839288	20.400	0
TguLTR5a	NW_005054310.1	2839874	2840025	27.700	0
TguLTRL4d	NW_005054310.1	2932992	2933407	24.400	0
TguLTRL4c	NW_005054310.1	3025081	3026036	17.300	0
TguLTR5b	NW_005054310.1	3105883	3106452	14.500	0
TguLTR5d	NW_005054310.1	3161381	3161955	22.600	0
TguLTR5d	NW_005054310.1	3175197	3175733	22.700	0
TguLTRL4c	NW_005054310.1	3215524	3216555	21.700	0
TguLTR5d	NW_005054310.1	3243706	3243907	19.200	0
TguLTRL4b	NW_005054310.1	3315959	3316505	15.800	0
TguLTRL4b	NW_005054310.1	3357346	3357527	19.600	0
TguLTRL4c	NW_005054310.1	3383153	3383482	17.600	0
TguLTR5b	NW_005054310.1	3384198	3384656	12.800	0
TguLTRL4c	NW_005054310.1	3597069	3598136	17.900	0
TguLTR11	NW_005054310.1	3657754	3657868	19.300	0
TguLTR5e	NW_005054310.1	3783065	3783488	23.200	0
TguLTRL4c	NW_005054310.1	3794249	3794952	21.900	0
TguLTRL4b	NW_005054310.1	3802500	3803512	17.400	0
TguLTRL4d	NW_005054310.1	3811291	3811728	27.600	0
TguLTR11	NW_005054310.1	3959615	3959772	18.300	0
TguLTRL4c	NW_005054310.1	3993285	3994355	21.800	0
TguLTRL4b	NW_005054310.1	3996798	3997136	20.100	0
TguLTR5d	NW_005054310.1	4019019	4019564	27.100	0
TguLTRL4c	NW_005054310.1	4031285	4031615	22.900	0
TguLTR5d	NW_005054310.1	4086364	4086473	28.400	0
TguLTRL4c	NW_005054310.1	4122956	4123841	21.700	0
TguLTRL4c	NW_005054310.1	4129946	4130508	19.400	0
TguLTRL4c	NW_005054310.1	4130525	4130592	14.900	0
TguLTR5c	NW_005054310.1	4142586	4143188	21.700	0
TguLTR5a	NW_005054310.1	4229721	4230258	23.000	0
TguLTR5c	NW_005054310.1	4250124	4250429	20.700	0
TguLTR11	NW_005054310.1	4266202	4266420	26.300	0
TguLTR11	NW_005054310.1	4386359	4386751	16.400	0
TguLTR5b	NW_005054310.1	4400598	4401184	17.600	0
TguLTRL4c	NW_005054310.1	4409692	4409950	19.900	0
TguLTRL4b	NW_005054310.1	4545581	4546409	17.800	0
TguLTR5d	NW_005054310.1	4556402	4556958	18.300	0
TguLTRL4c	NW_005054310.1	4566257	4566367	20.900	0
TguLTR5b	NW_005054310.1	4648810	4649376	14.500	0
TguLTRL4c	NW_005054310.1	4718960	4719573	20.100	0
TguLTR5b	NW_005054310.1	4735830	4736267	14.900	0
TguLTR5e	NW_005054310.1	4824967	4825518	27.500	0
TguLTR5b	NW_005054310.1	4832053	4832117	17.200	0
TguLTR5a	NW_005054310.1	4916750	4917137	23.500	0
TguLTR5a	NW_005054310.1	4917332	4917507	13.100	0
TguLTR5a	NW_005054310.1	4931758	4932299	19.500	0
TguLTR5a	NW_005054310.1	4976023	4976158	18.800	0
TguLTR5a	NW_005054310.1	4977399	4977971	20.500	0
TguLTR5d	NW_005054310.1	5128731	5129272	28.100	0
TguLTR5b	NW_005054310.1	5129566	5129879	12.600	0
TguLTR5b	NW_005054310.1	5161642	5162221	16.400	0
TguLTR11	NW_005054310.1	5207648	5207901	16.900	0
TguLTR11	NW_005054310.1	5208259	5208401	21.800	0
TguLTRL6b	NW_005054310.1	5242484	5242929	23.600	0
TguLTR11	NW_005054310.1	5283174	5283431	17.000	0
TguLTR11	NW_005054310.1	5283786	5283893	19.600	0
TguLTRL4c	NW_005054310.1	5479279	5479894	18.500	0
TguLTR5c	NW_005054310.1	5560018	5560595	17.600	0
TguLTR5a	NW_005054310.1	5634411	5634950	23.300	0
TguLTRL4c	NW_005054310.1	5882784	5883376	20.700	0
TguLTR5a	NW_005054310.1	5919245	5919395	22.000	0
TguLTR5a	NW_005054310.1	5919397	5919468	22.500	0
TguLTR5a	NW_005054310.1	5922277	5922593	20.900	0
TguLTRL4c	NW_005054310.1	5943857	5944327	17.700	0
TguLTRL4c	NW_005054310.1	5944359	5944545	15.600	0
TguLTR5a	NW_005054310.1	5957061	5957431	18.500	0
TguLTR5a	NW_005054310.1	6009421	6009705	15.900	0
TguLTRL4c	NW_005054310.1	6083615	6084472	22.000	0
TguLTRL4b	NW_005054310.1	6084475	6085638	20.200	0
TguLTRL4c	NW_005054310.1	6085638	6085718	12.500	0
TguLTR5d	NW_005054310.1	6188773	6189334	18.200	0
TguLTR5b	NW_005054310.1	6270189	6270257	16.200	0
TguLTRL4c	NW_005054310.1	6538404	6539506	17.900	0
TguLTRL4b	NW_005054310.1	6617524	6618572	21.100	0
TguLTR5a	NW_005054310.1	6705270	6705841	21.800	0
TguLTR5d	NW_005054310.1	6995893	6996460	20.400	0
TguLTRL6b	NW_005054310.1	7000695	7001129	23.000	0
TguLTR5a	NW_005054310.1	7044277	7044858	18.500	0
TguLTR5a	NW_005054310.1	7165968	7166081	24.300	0
TguLTR11	NW_005054310.1	7228265	7228479	21.600	0
TguLTR11	NW_005054310.1	7229042	7229138	10.400	0
TguLTRL4d	NW_005054310.1	7398699	7398755	8.900	0
TguLTRL4c	NW_005054310.1	7454590	7455507	21.300	0
TguLTR5e	NW_005054310.1	7458849	7459013	26.800	0
TguLTR5d	NW_005054310.1	7680914	7681484	23.900	0
TguLTR5a	NW_005054310.1	7770909	7771399	21.100	0
TguLTR5e	NW_005054310.1	7926931	7927206	27.300	0
TguLTR5e	NW_005054310.1	7927262	7927425	26.000	0
TguLTRL4c	NW_005054310.1	7966153	7967100	23.400	0
TguLTRL4c	NW_005054310.1	8024668	8024744	14.500	0
TguLTR5d	NW_005054310.1	8026021	8026576	17.000	0
TguLTR5d	NW_005054310.1	8059600	8059765	17.100	0
TguLTR5d	NW_005054310.1	8060462	8060592	14.300	0
TguLTR5a	NW_005054310.1	8098173	8098718	16.500	0
TguLTR5d	NW_005054310.1	8125963	8126554	17.600	0
TguLTR5b	NW_005054310.1	8155697	8156159	18.100	0
TguLTR5c	NW_005054310.1	8320291	8320815	21.100	0
TguLTRL6b	NW_005054310.1	8348262	8348457	22.100	0
TguLTRL6b	NW_005054310.1	8403665	8404101	25.400	0
TguLTRL4c	NW_005054310.1	8405930	8406066	14.000	0
TguLTR6a	NW_005054310.1	8414948	8415219	16.000	0
TguLTRL6b	NW_005054310.1	8415285	8415459	25.900	0
TguLTR5d	NW_005054310.1	8438142	8438679	21.900	0
TguLTR5d	NW_005054310.1	8439324	8439390	19.700	0
TguLTR6a	NW_005054310.1	8450812	8450992	19.400	0
TguLTRL6b	NW_005054310.1	8472281	8472446	13.900	0
TguLTRL4b	NW_005054310.1	8474724	8475794	15.800	0
TguLTR5d	NW_005054310.1	8480087	8480682	18.600	0
TguLTR6a	NW_005054310.1	8488386	8488790	22.900	0
TguLTR5b	NW_005054310.1	8507326	8507386	23.300	0
TguLTR5d	NW_005054310.1	8541436	8541930	18.800	0
TguLTR11	NW_005054310.1	8571443	8571694	16.700	0
TguLTR5a	NW_005054310.1	8621125	8621663	17.700	0
TguLTR5e	NW_005054310.1	8654592	8655106	25.900	0
TguLTRL4c	NW_005054310.1	8657115	8658072	21.700	0
TguLTRL4c	NW_005054310.1	8664175	8664497	24.200	0
TguLTR5d	NW_005054310.1	8695879	8696428	19.900	0
TguLTR5d	NW_005054310.1	8767170	8767561	19.400	0
TguLTR5b	NW_005054310.1	8782295	8782697	17.000	0
TguLTR5a	NW_005054310.1	8783902	8784327	23.500	0
TguLTR5c	NW_005054310.1	8795597	8796176	21.600	0
TguLTRL4c	NW_005054310.1	8801741	8801974	22.300	0
TguLTRL4c	NW_005054310.1	8817942	8818193	20.400	0
TguLTRL6b	NW_005054310.1	8820140	8820529	20.600	0
TguLTR5a	NW_005054310.1	8834309	8834853	21.000	0
TguLTR5c	NW_005054310.1	8851028	8851569	20.100	0
TguLTR5d	NW_005054310.1	8888738	8888959	26.100	0
TguLTRL4b	NW_005054310.1	8911136	8911242	17.300	0
TguLTR5c	NW_005054310.1	8993926	8994432	18.500	0
TguLTRL4b	NW_005054310.1	9092847	9093031	22.500	0
TguLTR5d	NW_005054310.1	9108875	9109429	21.100	0
TguLTR5c	NW_005054310.1	9112081	9112671	24.100	0
TguLTR11	NW_005054310.1	9156872	9157057	16.800	0
TguLTR5d	NW_005054310.1	9277399	9277955	18.100	0
TguLTRL4b	NW_005054310.1	9304802	9304887	15.500	0
TguLTR5a	NW_005054310.1	9322439	9322686	21.200	0
TguLTR5a	NW_005054310.1	9372297	9372877	19.500	0
TguLTR5a	NW_005054310.1	9406035	9406592	21.200	0
TguLTRL4b	NW_005054310.1	9490016	9491047	17.400	0
TguLTR5d	NW_005054310.1	9547592	9547667	24.700	0
TguLTRL4b	NW_005054310.1	9618519	9619572	19.500	0
TguLTR5b	NW_005054310.1	9631067	9631655	14.000	0
TguLTRL4c	NW_005054310.1	9648198	9648289	17.100	0
TguLTR5c	NW_005054310.1	9725915	9726061	23.600	0
TguLTR5c	NW_005054310.1	9726435	9726778	24.200	0
TguLTRL4c	NW_005054310.1	9783696	9784451	31.100	0
TguLTRL4c	NW_005054310.1	9841235	9841720	23.700	0
TguLTR11	NW_005054310.1	9875894	9876253	15.600	0
TguLTR11	NW_005054310.1	9876259	9876757	15.100	0
TguLTRL4d	NW_005054310.1	9890784	9890868	22.600	0
TguLTR5a	NW_005054310.1	9891063	9891478	22.500	0
TguLTR5a	NW_005054310.1	9891509	9891585	22.500	0
TguLTR6a	NW_005054310.1	9914787	9915200	26.400	0
TguLTR5c	NW_005054310.1	9963641	9964227	17.100	0
TguLTR6a	NW_005054310.1	9998925	9999415	21.700	0
TguLTR5b	NW_005054310.1	10325809	10325854	8.900	0
TguLTRL4b	NW_005054310.1	10336215	10336361	26.600	0
TguLTRL4b	NW_005054310.1	10336808	10337650	29.700	0
TguLTR5a	NW_005054310.1	10359451	10359535	15.500	0
TguLTR6a	NW_005054310.1	10510078	10510498	20.600	0
TguLTR5b	NW_005054310.1	10729970	10730545	13.000	0
TguLTR5a	NW_005054310.1	10735145	10735725	18.700	0
TguLTR5d	NW_005054310.1	10782329	10782882	13.900	0
TguLTRL4b	NW_005054310.1	10803434	10803565	15.300	0
TguLTR5e	NW_005054310.1	10814445	10814508	22.200	0
TguLTR5e	NW_005054310.1	10814624	10814747	29.800	0
TguLTR5b	NW_005054310.1	10821294	10821875	14.300	0
TguLTR5b	NW_005054310.1	10840126	10840232	24.300	0
TguLTRL4c	NW_005054310.1	10857791	10857978	20.500	0
TguLTR11	NW_005054310.1	10892685	10892910	19.100	0
TguLTR5e	NW_005054310.1	11029431	11029542	21.800	0
TguLTR5c	NW_005054310.1	11030865	11031381	26.300	0
TguLTR5e	NW_005054310.1	11097751	11098295	27.300	0
TguLTR5a	NW_005054310.1	11153641	11154024	20.000	0
TguLTR5b	NW_005054310.1	11223185	11223712	14.200	0
TguLTR5d	NW_005054310.1	11246199	11246764	14.300	0
TguLTR5e	NW_005054310.1	11254251	11254515	27.000	0
TguLTR5d	NW_005054310.1	11270071	11270560	21.200	0
TguLTRL4c	NW_005054310.1	11393299	11393833	17.000	0
TguLTRL6b	NW_005054310.1	11394936	11395077	26.100	0
TguLTR5a	NW_005054310.1	11472936	11473530	20.800	0
TguLTR5d	NW_005054310.1	11587674	11588188	20.600	0
TguLTR5a	NW_005054310.1	11660436	11660568	17.200	0
TguLTR5d	NW_005054310.1	11722853	11723416	16.000	0
TguLTR5e	NW_005054310.1	11798339	11798864	26.100	0
TguLTRL4c	NW_005054310.1	11802748	11803858	19.000	0
TguLTR11	NW_005054310.1	11874069	11874190	24.100	0
TguLTR11	NW_005054310.1	11874629	11874899	16.200	0
TguLTRL4b	NW_005054310.1	11878558	11878891	18.300	0
TguLTRL4c	NW_005054311.1	54951	55086	20.000	0
TguLTR11	NW_005054311.1	66180	66309	22.000	0
TguLTR11	NW_005054311.1	66391	66643	19.400	0
TguLTR5d	NW_005054311.1	78848	79432	20.200	0
TguLTRL4c	NW_005054311.1	84807	85922	22.400	0
TguLTRL4b	NW_005054311.1	97625	98682	20.400	0
TguLTR5d	NW_005054311.1	118275	118574	20.100	0
TguLTRL4c	NW_005054311.1	118692	118965	20.900	0
TguLTRL4c	NW_005054311.1	184892	185600	23.300	0
TguLTR6a	NW_005054311.1	232839	233254	22.100	0
TguLTRL4d	NW_005054311.1	254142	254247	22.500	0
TguLTRL4d	NW_005054311.1	254254	254452	23.900	0
TguLTR5d	NW_005054311.1	276798	277304	19.000	0
TguLTR5d	NW_005054311.1	297352	297485	16.800	0
TguLTR6a	NW_005054311.1	297508	297790	19.600	0
TguLTR5d	NW_005054311.1	297790	298122	17.100	0
TguLTR5b	NW_005054311.1	304527	304968	18.100	0
TguLTRL4d	NW_005054311.1	395227	395555	27.100	0
TguLTRL4d	NW_005054311.1	421893	422271	32.700	0
TguLTR5b	NW_005054311.1	432387	432975	17.700	0
TguLTR5a	NW_005054311.1	458305	458761	20.000	0
TguLTRL4d	NW_005054311.1	478140	478592	27.800	0
TguLTR5b	NW_005054311.1	485564	486148	16.100	0
TguLTRL4c	NW_005054311.1	486333	487006	21.400	0
TguLTRL4c	NW_005054311.1	529700	529899	22.700	0
TguLTR5d	NW_005054311.1	566694	567276	21.500	0
TguLTRL4b	NW_005054311.1	583517	584329	22.200	0
TguLTR5d	NW_005054311.1	615797	615924	28.400	0
TguLTRL6b	NW_005054311.1	626768	626896	17.100	0
TguLTR6a	NW_005054311.1	627270	627401	23.900	0
TguLTR6a	NW_005054311.1	650345	650774	21.900	0
TguLTRL4b	NW_005054311.1	660274	661171	19.300	0
TguLTR5e	NW_005054311.1	678054	678190	31.100	0
TguLTR5e	NW_005054311.1	678303	678370	26.900	0
TguLTRL4b	NW_005054311.1	687881	688502	22.600	0
TguLTR5b	NW_005054311.1	721374	721584	15.800	0
TguLTRL4b	NW_005054311.1	732508	732837	33.200	0
TguLTRL4d	NW_005054311.1	778177	778310	25.200	0
TguLTR6a	NW_005054311.1	784486	784916	18.700	0
TguLTR11	NW_005054311.1	826003	826260	19.600	0
TguLTRL4b	NW_005054311.1	826395	827426	20.600	0
TguLTR11	NW_005054311.1	827761	827914	19.100	0
TguLTR5c	NW_005054311.1	828951	829063	23.400	0
TguLTRL4b	NW_005054311.1	830051	830792	17.600	0
TguLTRL6b	NW_005054311.1	846739	847186	25.900	0
TguLTR5e	NW_005054311.1	849009	849476	27.400	0
TguLTRL4d	NW_005054311.1	941045	941185	22.500	0
TguLTR5e	NW_005054311.1	971636	972200	26.200	0
TguLTR5d	NW_005054311.1	998673	998919	24.500	0
TguLTRL4c	NW_005054311.1	1054184	1054269	11.800	0
TguLTR5a	NW_005054311.1	1077739	1078345	24.300	0
TguLTRL6b	NW_005054311.1	1103585	1104042	22.200	0
TguLTRL6b	NW_005054311.1	1107679	1108073	23.100	0
TguLTR5d	NW_005054311.1	1122161	1122740	16.300	0
TguLTR5e	NW_005054311.1	1156880	1157206	28.700	0
TguLTRL4d	NW_005054311.1	1179547	1179757	29.400	0
TguLTRL4b	NW_005054311.1	1184509	1184734	35.700	0
TguLTRL4c	NW_005054311.1	1188957	1189287	18.800	0
TguLTR6a	NW_005054311.1	1193414	1193698	20.500	0
TguLTR5d	NW_005054311.1	1204739	1205202	21.700	0
TguLTR11	NW_005054311.1	1220922	1221924	18.900	0
TguLTRL4d	NW_005054311.1	1339527	1339830	22.600	0
TguLTR5d	NW_005054311.1	1448112	1448681	14.700	0
TguLTR5d	NW_005054311.1	2045499	2045778	18.900	0
TguLTR5d	NW_005054311.1	2064713	2065286	18.100	0
TguLTRL4c	NW_005054311.1	2079113	2079816	20.000	0
TguLTR5a	NW_005054311.1	2083497	2083807	17.800	0
TguLTRL4b	NW_005054311.1	2209339	2210349	18.300	0
TguLTR5d	NW_005054311.1	2251509	2251955	16.700	0
TguLTR5b	NW_005054311.1	2270149	2270521	13.500	0
TguLTR5b	NW_005054311.1	2270521	2270965	15.200	0
TguLTR5b	NW_005054311.1	2324079	2324660	16.700	0
TguLTRL4d	NW_005054311.1	2403626	2404066	27.500	0
TguLTRL4d	NW_005054311.1	2502613	2503071	28.600	0
TguLTR5e	NW_005054311.1	2686692	2686814	26.100	0
TguLTRL4c	NW_005054311.1	2692329	2693209	22.100	0
TguLTR5a	NW_005054311.1	2785599	2786175	17.300	0
TguLTRL4d	NW_005054311.1	2810723	2811039	22.200	0
TguLTRL4d	NW_005054311.1	2811065	2811153	24.100	0
TguLTR5b	NW_005054311.1	2901325	2901912	14.900	0
TguLTRL4b	NW_005054311.1	2945026	2945628	20.100	0
TguLTRL4c	NW_005054311.1	3012798	3013415	18.800	0
TguLTR5d	NW_005054311.1	3266505	3266837	20.400	0
TguLTR5d	NW_005054311.1	3268426	3268548	13.900	0
TguLTR5a	NW_005054311.1	3269409	3269713	25.400	0
TguLTR5b	NW_005054311.1	3283597	3284134	21.000	0
TguLTR5b	NW_005054311.1	3338159	3338739	17.900	0
TguLTRL4b	NW_005054311.1	3364409	3365268	17.800	0
TguLTR5d	NW_005054311.1	3390541	3391118	17.200	0
TguLTR5d	NW_005054311.1	3505799	3505876	15.600	0
TguLTR5e	NW_005054311.1	3512884	3513199	30.400	0
TguLTR6a	NW_005054311.1	3516830	3517270	21.100	0
TguLTR5d	NW_005054311.1	3567113	3567593	19.300	0
TguLTRL4b	NW_005054311.1	3678870	3679976	18.700	0
TguLTRL4b	NW_005054311.1	3681840	3682359	16.000	0
TguLTRL4d	NW_005054311.1	3708336	3708485	26.200	0
TguLTRL4d	NW_005054311.1	3711533	3711619	19.800	0
TguLTRL4d	NW_005054311.1	3712190	3712335	22.200	0
TguLTRL4c	NW_005054311.1	3905927	3906618	20.500	0
TguLTR5e	NW_005054311.1	4051249	4051516	22.200	0
TguLTR5d	NW_005054311.1	4052422	4052831	22.200	0
TguLTRL4b	NW_005054311.1	4083144	4083460	17.100	0
TguLTR5a	NW_005054311.1	4084109	4084497	17.900	0
TguLTR5a	NW_005054311.1	4129522	4129676	16.500	0
TguLTR5a	NW_005054311.1	4192749	4192910	17.200	0
TguLTR5a	NW_005054311.1	4192910	4193157	20.900	0
TguLTR5d	NW_005054311.1	4284445	4284790	21.700	0
TguLTR5a	NW_005054311.1	4382956	4383557	20.600	0
TguLTR5b	NW_005054311.1	4679709	4679793	11.900	0
TguLTR5d	NW_005054311.1	4695593	4696165	19.300	0
TguLTR5d	NW_005054311.1	4705223	4705755	21.300	0
TguLTR5b	NW_005054311.1	4771709	4772291	18.400	0
TguLTRL4b	NW_005054311.1	4931920	4932413	17.500	0
TguLTRL4d	NW_005054311.1	5013414	5013917	31.900	0
TguLTRL4d	NW_005054311.1	5013919	5014087	22.600	0
TguLTR6a	NW_005054311.1	5112483	5112548	19.100	0
TguLTR5d	NW_005054311.1	5168049	5168563	18.600	0
TguLTRL6b	NW_005054311.1	5214403	5214572	16.600	0
TguLTR5e	NW_005054311.1	5260619	5260759	30.100	0
TguLTR5e	NW_005054311.1	5260816	5260879	20.600	0
TguLTRL6b	NW_005054311.1	5314116	5314509	27.600	0
TguLTR5b	NW_005054311.1	5340882	5341164	19.100	0
TguLTR5c	NW_005054311.1	5410231	5410559	20.800	0
TguLTR6a	NW_005054311.1	5463671	5464061	24.500	0
TguLTR5a	NW_005054311.1	5514109	5514638	17.400	0
TguLTRL4c	NW_005054311.1	5554420	5555465	22.500	0
TguLTRL4d	NW_005054311.1	5644509	5644802	24.300	0
TguLTR5d	NW_005054311.1	5721386	5721763	20.200	0
TguLTRL4d	NW_005054311.1	5963878	5963950	22.500	0
TguLTRL4d	NW_005054311.1	5963971	5964202	27.900	0
TguLTRL4c	NW_005054311.1	5969483	5969551	22.800	0
TguLTRL6b	NW_005054311.1	6012784	6013186	18.900	0
TguLTR5a	NW_005054311.1	6042440	6042578	24.100	0
TguLTRL4c	NW_005054311.1	6229930	6230303	20.900	0
TguLTRL6b	NW_005054311.1	6282564	6282969	17.800	0
TguLTRL6b	NW_005054311.1	6310772	6310932	21.100	0
TguLTR5b	NW_005054311.1	6317630	6318161	17.600	0
TguLTR5b	NW_005054311.1	6318772	6318852	16.200	0
TguLTR6a	NW_005054311.1	6321545	6321973	18.300	0
TguLTR5e	NW_005054311.1	6332537	6332836	24.900	0
TguLTR5b	NW_005054311.1	6424203	6424795	16.000	0
TguLTR11	NW_005054311.1	6604653	6604932	13.300	0
TguLTR5d	NW_005054311.1	6641454	6641531	20.000	0
TguLTRL4c	NW_005054311.1	6725729	6726815	17.200	0
TguLTR5d	NW_005054311.1	6748654	6748801	21.500	0
TguLTRL4d	NW_005054311.1	6828026	6828923	22.000	0
TguLTR5a	NW_005054311.1	6903809	6904378	18.900	0
TguLTR6a	NW_005054311.1	6929542	6929999	21.000	0
TguLTR5e	NW_005054311.1	6949640	6950159	24.600	0
TguLTRL4c	NW_005054311.1	7000531	7001399	20.300	0
TguLTRL4c	NW_005054311.1	7045792	7046656	21.000	0
TguLTR5e	NW_005054311.1	7125569	7125956	27.300	0
TguLTR5e	NW_005054311.1	7174340	7174893	27.000	0
TguLTRL4c	NW_005054311.1	7265015	7266039	17.300	0
TguLTRL4b	NW_005054311.1	7272624	7273697	17.400	0
TguLTR5a	NW_005054311.1	7289410	7289635	22.200	0
TguLTRL4b	NW_005054311.1	7302075	7302264	18.900	0
TguLTRL4b	NW_005054311.1	7302620	7303373	26.100	0
TguLTR5a	NW_005054311.1	7322826	7323379	15.400	0
TguLTR5e	NW_005054311.1	7448796	7449350	27.800	0
TguLTRL4d	NW_005054311.1	7456895	7456985	20.000	0
TguLTRL4c	NW_005054311.1	7479015	7479369	16.200	0
TguLTR5d	NW_005054311.1	7591116	7591737	16.300	0
TguLTR5a	NW_005054311.1	7630681	7631154	26.500	0
TguLTRL4d	NW_005054311.1	7660036	7660893	24.800	0
TguLTR5a	NW_005054311.1	7666056	7666305	20.000	0
TguLTR5a	NW_005054311.1	7667789	7667997	13.500	0
TguLTR6a	NW_005054311.1	7683081	7683374	18.800	0
TguLTRL4d	NW_005054311.1	7766859	7767010	27.300	0
TguLTR5c	NW_005054311.1	7768100	7768663	21.600	0
TguLTR6a	NW_005054311.1	7801166	7801430	20.900	0
TguLTR6a	NW_005054311.1	7801528	7801683	25.300	0
TguLTR5b	NW_005054311.1	7855060	7855179	17.600	0
TguLTR5b	NW_005054311.1	7855429	7855880	13.300	0
TguLTRL4c	NW_005054311.1	7978498	7978649	20.100	0
TguLTR6a	NW_005054311.1	8007315	8007748	20.600	0
TguLTR5d	NW_005054311.1	8170991	8171356	17.900	0
TguLTR5d	NW_005054311.1	8171389	8171420	17.900	0
TguLTRL4c	NW_005054311.1	8207045	8207433	15.700	0
TguLTR5a	NW_005054311.1	8223955	8224497	21.800	0
TguLTR5d	NW_005054311.1	8390902	8391476	27.100	0
TguLTR5b	NW_005054311.1	8529742	8529779	2.700	0
TguLTR5a	NW_005054311.1	8555327	8555826	22.600	0
TguLTRL4c	NW_005054311.1	8555831	8556401	15.300	0
TguLTR5c	NW_005054311.1	8570817	8571363	21.800	0
TguLTRL4c	NW_005054311.1	8593603	8594664	21.300	0
TguLTR5d	NW_005054311.1	8634343	8634883	19.400	0
TguLTR5a	NW_005054311.1	8636154	8636377	18.100	0
TguLTR5b	NW_005054311.1	8661404	8661623	18.100	0
TguLTRL4d	NW_005054311.1	8664368	8664462	21.700	0
TguLTRL4c	NW_005054311.1	8669026	8669966	19.800	0
TguLTRL4c	NW_005054311.1	8704368	8705410	21.800	0
TguLTR5a	NW_005054311.1	8739296	8739861	18.100	0
TguLTRL4c	NW_005054311.1	8822947	8823002	7.300	0
TguLTR5e	NW_005054311.1	8961141	8961714	24.000	0
TguLTR5d	NW_005054311.1	8986709	8987031	18.900	0
TguLTRL6b	NW_005054311.1	9172393	9172822	20.000	0
TguLTR5d	NW_005054311.1	9289216	9289741	18.100	0
TguLTR5d	NW_005054311.1	9365599	9366189	19.200	0
TguLTR5d	NW_005054311.1	9385116	9385688	22.700	0
TguLTR5b	NW_005054311.1	9460689	9461271	14.600	0
TguLTR5d	NW_005054311.1	9877444	9878000	19.500	0
TguLTRL4c	NW_005054311.1	10159867	10160242	16.100	0
TguLTR5a	NW_005054311.1	10255838	10256373	22.000	0
TguLTR5a	NW_005054311.1	10257055	10257211	16.800	0
TguLTR5a	NW_005054311.1	10257231	10257572	20.700	0
TguLTR11	NW_005054311.1	10313834	10314195	15.600	0
TguLTR6a	NW_005054311.1	10334374	10334800	22.900	0
TguLTR11	NW_005054311.1	10353090	10353356	23.200	0
TguLTR5a	NW_005054311.1	10373857	10374052	19.000	0
TguLTRL6b	NW_005054311.1	10398728	10399156	20.600	0
TguLTR5e	NW_005054311.1	10407669	10407853	28.300	0
TguLTR5e	NW_005054311.1	10407872	10407968	32.300	0
TguLTRL6b	NW_005054311.1	10413762	10413906	17.400	0
TguLTR5e	NW_005054311.1	10417541	10417875	26.600	0
TguLTRL4c	NW_005054311.1	10446619	10447012	21.300	0
TguLTRL4d	NW_005054311.1	10491495	10491671	17.700	0
TguLTR5c	NW_005054311.1	10492120	10492295	24.500	0
TguLTR5d	NW_005054311.1	10501796	10501876	20.000	0
TguLTR5d	NW_005054311.1	10501883	10501987	21.400	0
TguLTR5b	NW_005054311.1	10543855	10544440	14.700	0
TguLTR11	NW_005054311.1	10564001	10564166	21.900	0
TguLTRL4c	NW_005054311.1	10586221	10586953	22.800	0
TguLTRL4d	NW_005054311.1	10615482	10616358	26.800	0
TguLTRL4c	NW_005054311.1	10621695	10622576	18.900	0
TguLTR5a	NW_005054311.1	10647160	10647635	21.600	0
TguLTRL4d	NW_005054311.1	10670913	10671153	31.900	0
TguLTRL4c	NW_005054311.1	10696863	10697997	19.200	0
TguLTRL6b	NW_005054311.1	10707450	10707638	27.300	0
TguLTRL4d	NW_005054311.1	10736391	10736821	27.800	0
TguLTR5e	NW_005054311.1	10836700	10836794	20.200	0
TguLTRL4b	NW_005054311.1	10874525	10875593	18.700	0
TguLTRL4d	NW_005054311.1	10877852	10878654	24.600	0
TguLTR5b	NW_005054311.1	10890489	10890966	13.600	0
TguLTR5b	NW_005054311.1	10891302	10891405	17.500	0
TguLTR5c	NW_005054311.1	10929555	10930156	20.500	0
TguLTR5e	NW_005054311.1	10961841	10962093	29.400	0
TguLTR5d	NW_005054311.1	10967687	10968282	23.100	0
TguLTR5a	NW_005054311.1	10992567	10992624	19.300	0
TguLTR5a	NW_005054312.1	50170	50279	22.200	0
TguLTR6a	NW_005054312.1	99899	99961	4.800	0
TguLTRL6b	NW_005054312.1	135165	135563	16.100	0
TguLTR5b	NW_005054312.1	382542	382604	11.300	0
TguLTRL6b	NW_005054312.1	530450	530618	20.600	0
TguLTRL4b	NW_005054312.1	530697	531755	22.500	0
TguLTR6a	NW_005054312.1	541115	541422	15.100	0
TguLTR5d	NW_005054312.1	667509	667634	19.700	0
TguLTR5d	NW_005054312.1	676272	676791	18.100	0
TguLTR5a	NW_005054312.1	786577	787180	18.800	0
TguLTR5c	NW_005054312.1	1016137	1016282	25.400	0
TguLTR6a	NW_005054312.1	1189340	1189710	20.400	0
TguLTR5b	NW_005054312.1	1248768	1249357	18.700	0
TguLTR5e	NW_005054312.1	1318154	1318516	23.600	0
TguLTRL4c	NW_005054312.1	1378845	1379924	19.800	0
TguLTR5a	NW_005054312.1	1381404	1381705	16.200	0
TguLTR5a	NW_005054312.1	1525186	1525774	17.800	0
TguLTR5a	NW_005054312.1	1540194	1540723	18.900	0
TguLTR5a	NW_005054312.1	1544430	1544698	21.100	0
TguLTR5d	NW_005054312.1	1674677	1675243	21.700	0
TguLTR5b	NW_005054312.1	1942880	1943453	13.000	0
TguLTRL4c	NW_005054312.1	2102975	2104068	18.700	0
TguLTR11	NW_005054312.1	2189319	2189740	19.600	0
TguLTR5a	NW_005054312.1	2229173	2229368	20.400	0
TguLTR5a	NW_005054312.1	2250088	2250396	17.700	0
TguLTRL4c	NW_005054312.1	2355545	2356650	21.500	0
TguLTR11	NW_005054312.1	2557257	2557503	22.300	0
TguLTR5a	NW_005054312.1	2660120	2660509	25.500	0
TguLTRL4c	NW_005054312.1	2992058	2992697	20.700	0
TguLTRL4c	NW_005054312.1	3002898	3003223	19.400	0
TguLTR5a	NW_005054312.1	3056730	3056977	16.100	0
TguLTR5b	NW_005054312.1	3145957	3146560	13.100	0
TguLTR5c	NW_005054312.1	3157471	3158044	18.700	0
TguLTR5d	NW_005054312.1	3240068	3240249	26.300	0
TguLTR5a	NW_005054312.1	3523903	3524282	18.100	0
TguLTR5d	NW_005054312.1	3543846	3544436	18.000	0
TguLTR5d	NW_005054312.1	3545965	3546555	18.200	0
TguLTR11	NW_005054312.1	3583474	3583793	25.700	0
TguLTR5c	NW_005054312.1	3602018	3602110	16.800	0
TguLTR5a	NW_005054312.1	3666526	3666744	21.600	0
TguLTRL4c	NW_005054312.1	3756655	3757567	18.400	0
TguLTR5d	NW_005054312.1	3831006	3831188	20.300	0
TguLTR5d	NW_005054312.1	3831366	3831461	21.300	0
TguLTR5d	NW_005054312.1	3919091	3919651	18.600	0
TguLTRL4d	NW_005054312.1	3940951	3941316	30.100	0
TguLTRL4b	NW_005054312.1	4058230	4059218	21.900	0
TguLTRL4c	NW_005054312.1	4129544	4129770	13.300	0
TguLTRL4c	NW_005054312.1	4129773	4130106	17.500	0
TguLTR5b	NW_005054312.1	4420146	4420735	13.800	0
TguLTRL6b	NW_005054312.1	4642233	4642627	18.900	0
TguLTR6a	NW_005054312.1	4730895	4731331	19.900	0
TguLTR5b	NW_005054312.1	4767716	4768333	12.600	0
TguLTRL4c	NW_005054312.1	5041814	5042791	20.500	0
TguLTR5d	NW_005054312.1	5078758	5079290	17.000	0
TguLTR5a	NW_005054312.1	5134536	5134835	22.600	0
TguLTR5b	NW_005054312.1	5231582	5231736	11.100	0
TguLTR5d	NW_005054312.1	5258081	5258665	19.800	0
TguLTR5a	NW_005054312.1	5286491	5286801	21.900	0
TguLTR5b	NW_005054312.1	5301560	5301629	14.500	0
TguLTR5a	NW_005054312.1	5326515	5326668	24.700	0
TguLTR5a	NW_005054312.1	5327690	5327732	11.900	0
TguLTR5e	NW_005054312.1	5345340	5345648	24.500	0
TguLTR5b	NW_005054312.1	5352199	5352264	10.800	0
TguLTRL4d	NW_005054312.1	5386718	5387147	22.800	0
TguLTR6a	NW_005054312.1	5402096	5402197	18.800	0
TguLTR5a	NW_005054312.1	5425017	5425559	21.400	0
TguLTRL6b	NW_005054312.1	5439951	5440101	21.900	0
TguLTR6a	NW_005054312.1	5492574	5492996	23.600	0
TguLTR5b	NW_005054312.1	5630382	5630967	17.700	0
TguLTRL4c	NW_005054312.1	5667233	5668119	22.700	0
TguLTR5a	NW_005054312.1	5673474	5674025	22.400	0
TguLTR5d	NW_005054312.1	5760411	5760740	21.600	0
TguLTRL4c	NW_005054312.1	5803204	5804278	20.400	0
TguLTR5d	NW_005054312.1	5824058	5824617	18.000	0
TguLTR5b	NW_005054312.1	5836454	5836997	25.000	0
TguLTRL4c	NW_005054312.1	5845450	5845784	21.300	0
TguLTRL4c	NW_005054312.1	5845792	5845867	12.000	0
TguLTRL4b	NW_005054312.1	5995887	5996415	17.100	0
TguLTR5d	NW_005054312.1	6080818	6081076	20.800	0
TguLTR5e	NW_005054312.1	6108292	6108855	24.500	0
TguLTRL6b	NW_005054312.1	6172372	6172430	15.500	0
TguLTR5a	NW_005054312.1	6193208	6193817	22.200	0
TguLTR5c	NW_005054312.1	6220654	6220783	23.600	0
TguLTR5c	NW_005054312.1	6257510	6257618	24.300	0
TguLTRL4c	NW_005054312.1	6271779	6271867	25.000	0
TguLTR5e	NW_005054312.1	6308335	6308471	25.000	0
TguLTRL4d	NW_005054312.1	6332472	6332670	25.100	0
TguLTR5c	NW_005054312.1	6356820	6357361	19.800	0
TguLTR5a	NW_005054312.1	6376049	6376642	27.100	0
TguLTR5d	NW_005054312.1	6390434	6390942	21.000	0
TguLTRL4c	NW_005054312.1	6404330	6404599	23.100	0
TguLTRL4c	NW_005054312.1	6404607	6404936	23.100	0
TguLTR5a	NW_005054312.1	6460421	6460786	23.000	0
TguLTR5a	NW_005054312.1	6460838	6460955	23.300	0
TguLTR5a	NW_005054312.1	6513514	6513660	17.400	0
TguLTR5b	NW_005054312.1	6526249	6526819	17.800	0
TguLTR5b	NW_005054312.1	6617271	6617517	10.600	0
TguLTR5a	NW_005054312.1	6640976	6641524	23.600	0
TguLTR5a	NW_005054312.1	6666467	6666892	28.400	0
TguLTR5a	NW_005054312.1	6680597	6681202	22.300	0
TguLTR5b	NW_005054312.1	6681320	6681686	20.300	0
TguLTRL4c	NW_005054312.1	6715159	6715393	21.000	0
TguLTR5d	NW_005054312.1	6726011	6726587	22.300	0
TguLTRL4c	NW_005054312.1	6735014	6735082	8.900	0
TguLTR5c	NW_005054312.1	6735841	6735984	21.000	0
TguLTR5c	NW_005054312.1	6735987	6736314	20.800	0
TguLTR5b	NW_005054312.1	6859168	6859258	11.100	0
TguLTR5c	NW_005054312.1	6873289	6873419	16.000	0
TguLTRL4b	NW_005054312.1	6910881	6911414	19.900	0
TguLTRL4c	NW_005054312.1	6927445	6927630	20.300	0
TguLTR5b	NW_005054312.1	6928038	6928611	16.800	0
TguLTR5d	NW_005054312.1	6932891	6933083	23.400	0
TguLTR5d	NW_005054312.1	6933101	6933201	16.500	0
TguLTRL4b	NW_005054312.1	6943175	6943447	15.300	0
TguLTRL4b	NW_005054312.1	6943473	6943730	14.400	0
TguLTR5b	NW_005054312.1	6970692	6970931	17.600	0
TguLTR5b	NW_005054312.1	7033071	7033638	12.600	0
TguLTRL4c	NW_005054312.1	7185509	7185779	18.600	0
TguLTRL4c	NW_005054312.1	7185779	7186001	21.000	0
TguLTR5d	NW_005054312.1	7330274	7330839	19.000	0
TguLTR5d	NW_005054312.1	7333028	7333606	14.900	0
TguLTR5d	NW_005054312.1	7358885	7359454	18.400	0
TguLTR5a	NW_005054312.1	7499489	7500017	21.000	0
TguLTRL4b	NW_005054312.1	7583785	7584795	17.500	0
TguLTR5b	NW_005054312.1	7597718	7598302	15.700	0
TguLTR5a	NW_005054312.1	7693339	7693949	23.200	0
TguLTRL4b	NW_005054312.1	7761181	7761605	25.400	0
TguLTR5d	NW_005054312.1	7782157	7782721	19.900	0
TguLTR5d	NW_005054312.1	7797318	7797417	12.100	0
TguLTR5d	NW_005054312.1	7878504	7878755	20.800	0
TguLTR5a	NW_005054312.1	7972396	7972586	20.600	0
TguLTR5b	NW_005054312.1	7974353	7974476	19.000	0
TguLTR5e	NW_005054312.1	7999259	7999420	17.100	0
TguLTR5a	NW_005054312.1	8006101	8006155	13.200	0
TguLTR6a	NW_005054312.1	8080675	8080723	14.600	0
TguLTR5c	NW_005054312.1	8082157	8082477	20.600	0
TguLTRL4c	NW_005054312.1	8117545	8117755	15.100	0
TguLTRL4c	NW_005054312.1	8206271	8206637	18.900	0
TguLTR5a	NW_005054312.1	8218835	8219189	18.600	0
TguLTR5a	NW_005054312.1	8219221	8219761	17.500	0
TguLTR5a	NW_005054312.1	8247955	8248005	20.000	0
TguLTR5a	NW_005054312.1	8248007	8248121	19.300	0
TguLTR5d	NW_005054312.1	8315707	8316271	17.100	0
TguLTR5d	NW_005054312.1	8409834	8410271	18.100	0
TguLTR5c	NW_005054312.1	8434159	8434484	18.100	0
TguLTR11	NW_005054312.1	8650812	8651471	15.600	0
TguLTR5a	NW_005054312.1	8764942	8765514	18.500	0
TguLTR5a	NW_005054312.1	8952019	8952470	19.300	0
TguLTR5a	NW_005054312.1	8952512	8952771	17.800	0
TguLTR5b	NW_005054312.1	8987984	8988577	10.900	0
TguLTR5c	NW_005054312.1	9013444	9013936	18.700	0
TguLTR5a	NW_005054312.1	9047313	9047647	19.200	0
TguLTRL4d	NW_005054312.1	9119858	9120185	22.300	0
TguLTR5a	NW_005054312.1	9162741	9163353	21.400	0
TguLTR5e	NW_005054312.1	9165129	9165483	23.400	0
TguLTR6a	NW_005054312.1	9243788	9243977	21.900	0
TguLTRL6b	NW_005054312.1	9243981	9244047	24.200	0
TguLTR5a	NW_005054312.1	9250153	9250316	17.200	0
TguLTRL4c	NW_005054312.1	9253313	9254035	17.800	0
TguLTR5b	NW_005054312.1	9403862	9404017	12.700	0
TguLTR5d	NW_005054312.1	9573160	9573732	17.600	0
TguLTR5e	NW_005054312.1	9583375	9583651	30.700	0
TguLTR5e	NW_005054312.1	9588800	9589077	31.500	0
TguLTR5e	NW_005054312.1	9603666	9604287	24.300	0
TguLTR5a	NW_005054312.1	9632845	9633340	21.500	0
TguLTR5a	NW_005054312.1	9633438	9633527	21.500	0
TguLTRL4c	NW_005054312.1	9638232	9638386	11.000	0
TguLTR5d	NW_005054312.1	9660696	9661067	17.400	0
TguLTRL4d	NW_005054312.1	9662827	9662988	28.100	0
TguLTRL4d	NW_005054312.1	9663076	9663149	21.900	0
TguLTR5c	NW_005054312.1	9761816	9762369	17.300	0
TguLTR5d	NW_005054312.1	9900881	9900933	14.000	0
TguLTR5d	NW_005054312.1	9994742	9994865	26.800	0
TguLTR5d	NW_005054312.1	9994932	9995301	22.200	0
TguLTR5b	NW_005054312.1	10010715	10011281	24.100	0
TguLTRL4c	NW_005054312.1	10067924	10068131	11.600	0
TguLTRL4d	NW_005054313.1	9831	9921	30.000	0
TguLTR5d	NW_005054313.1	693410	693625	11.700	0
TguLTRL4d	NW_005054313.1	857169	857666	24.300	0
TguLTR5d	NW_005054313.1	2079383	2079934	17.500	0
TguLTR5e	NW_005054313.1	2081292	2081839	28.300	0
TguLTRL4c	NW_005054313.1	2162796	2163042	15.600	0
TguLTRL4c	NW_005054313.1	2163046	2163102	10.700	0
TguLTRL4c	NW_005054313.1	2163319	2163458	16.600	0
TguLTR5a	NW_005054313.1	2479263	2479788	25.000	0
TguLTR5d	NW_005054313.1	2703748	2703847	12.500	0
TguLTR5d	NW_005054313.1	3087389	3087932	15.700	0
TguLTR5d	NW_005054313.1	3248161	3248286	12.000	0
TguLTR5c	NW_005054313.1	3902922	3903457	19.000	0
TguLTRL4d	NW_005054313.1	3996377	3996512	20.100	0
TguLTRL4d	NW_005054313.1	3996514	3996813	26.600	0
TguLTRL4d	NW_005054313.1	4191302	4191549	23.000	0
TguLTRL4d	NW_005054313.1	4261169	4261395	23.500	0
TguLTR5c	NW_005054313.1	4285100	4285345	14.200	0
TguLTR5a	NW_005054313.1	4306789	4307327	19.700	0
TguLTR5d	NW_005054313.1	4504161	4504727	20.100	0
TguLTR5a	NW_005054313.1	4705431	4705707	27.400	0
TguLTR5d	NW_005054313.1	4863401	4863629	17.000	0
TguLTR5e	NW_005054313.1	5164002	5164117	26.700	0
TguLTR5e	NW_005054313.1	5164237	5164481	24.300	0
TguLTR5a	NW_005054313.1	5224431	5224967	19.800	0
TguLTR11	NW_005054313.1	5249210	5249623	20.100	0
TguLTR5d	NW_005054313.1	5756872	5756993	21.500	0
TguLTRL4c	NW_005054313.1	5816440	5816773	18.300	0
TguLTR5b	NW_005054313.1	5912631	5913226	17.400	0
TguLTR5b	NW_005054313.1	5951115	5951170	18.200	0
TguLTR5b	NW_005054313.1	7105346	7105865	15.400	0
TguLTR5a	NW_005054313.1	7341892	7342070	20.500	0
TguLTR5d	NW_005054313.1	7437434	7437652	18.100	0
TguLTRL4b	NW_005054313.1	7628442	7629434	17.900	0
TguLTR5a	NW_005054313.1	7981378	7981544	20.500	0
TguLTR5e	NW_005054313.1	8042542	8042648	20.800	0
TguLTR5e	NW_005054313.1	8042673	8042829	27.000	0
TguLTR5d	NW_005054313.1	8383582	8383625	16.300	0
TguLTRL4b	NW_005054313.1	8421564	8421831	34.600	0
TguLTR5e	NW_005054313.1	8445464	8445520	23.200	0
TguLTR5e	NW_005054313.1	8474606	8474715	22.900	0
TguLTRL4d	NW_005054313.1	8476891	8477009	23.900	0
TguLTR5a	NW_005054313.1	8543789	8544367	17.000	0
TguLTR5a	NW_005054313.1	9021581	9021642	6.600	0
TguLTR5d	NW_005054313.1	9251883	9252026	15.400	0
TguLTR5d	NW_005054313.1	9252096	9252354	19.600	0
TguLTR5d	NW_005054313.1	9987069	9987107	7.900	0
TguLTRL4c	NW_005054314.1	57480	57566	17.800	0
TguLTR5b	NW_005054314.1	151171	151201	24.000	0
TguLTR5b	NW_005054314.1	151273	151562	24.000	0
TguLTRL4b	NW_005054314.1	224122	224384	25.700	0
TguLTRL4b	NW_005054314.1	224430	224591	20.000	0
TguLTR5d	NW_005054314.1	266562	267063	16.700	0
TguLTRL4b	NW_005054314.1	305134	305271	19.100	0
TguLTR5d	NW_005054314.1	476828	477327	19.100	0
TguLTR5a	NW_005054314.1	542939	543477	20.800	0
TguLTRL4b	NW_005054314.1	638552	638733	20.100	0
TguLTRL4b	NW_005054314.1	638918	639659	23.600	0
TguLTRL4b	NW_005054314.1	787478	787665	18.400	0
TguLTR5d	NW_005054314.1	821361	821571	19.400	0
TguLTRL4d	NW_005054314.1	864493	864663	18.400	0
TguLTRL4b	NW_005054314.1	965062	965327	20.400	0
TguLTR5a	NW_005054314.1	1095527	1095620	17.200	0
TguLTR5d	NW_005054314.1	1100003	1100543	16.300	0
TguLTRL4c	NW_005054314.1	1104696	1105222	20.600	0
TguLTR5d	NW_005054314.1	1235158	1235714	16.600	0
TguLTR5d	NW_005054314.1	1272195	1272493	13.800	0
TguLTR5d	NW_005054314.1	1305883	1306320	19.200	0
TguLTRL4c	NW_005054314.1	1372007	1372931	17.500	0
TguLTR5a	NW_005054314.1	1374792	1375035	17.700	0
TguLTR5b	NW_005054314.1	1502105	1502274	7.500	0
TguLTRL4b	NW_005054314.1	1547792	1547966	20.300	0
TguLTRL4b	NW_005054314.1	1548279	1548544	28.100	0
TguLTR5d	NW_005054314.1	1579172	1579652	17.800	0
TguLTRL4b	NW_005054314.1	1582975	1583163	21.600	0
TguLTR5a	NW_005054314.1	1621568	1621815	17.400	0
TguLTR5a	NW_005054314.1	1685714	1686233	18.100	0
TguLTRL4d	NW_005054314.1	1708533	1708879	23.100	0
TguLTRL4d	NW_005054314.1	1708883	1709021	19.600	0
TguLTRL4b	NW_005054314.1	1764756	1764867	20.500	0
TguLTR5a	NW_005054314.1	1806422	1806483	15.000	0
TguLTRL4b	NW_005054314.1	2240604	2240906	16.100	0
TguLTR11	NW_005054314.1	2270336	2270468	17.400	0
TguLTR11	NW_005054314.1	2278455	2278587	17.400	0
TguLTR11	NW_005054314.1	2278614	2278734	23.300	0
TguLTR11	NW_005054314.1	2279212	2279318	16.300	0
TguLTRL4c	NW_005054314.1	2334310	2334512	17.100	0
TguLTR5d	NW_005054314.1	2590942	2591178	19.600	0
TguLTR5d	NW_005054314.1	2591178	2591322	21.700	0
TguLTR5c	NW_005054314.1	2658554	2659095	22.400	0
TguLTR5d	NW_005054314.1	2692705	2693256	14.300	0
TguLTRL4c	NW_005054314.1	2700456	2700521	16.900	0
TguLTR5a	NW_005054314.1	2734867	2735138	25.000	0
TguLTR5a	NW_005054314.1	2759527	2759763	19.100	0
TguLTR5a	NW_005054314.1	2831633	2832024	21.400	0
TguLTR5d	NW_005054314.1	3034958	3035498	21.000	0
TguLTRL6b	NW_005054314.1	3035828	3036009	15.200	0
TguLTRL4c	NW_005054314.1	3440345	3440597	21.700	0
TguLTR5c	NW_005054314.1	3523547	3523615	17.600	0
TguLTR5c	NW_005054314.1	3620810	3621097	16.100	0
TguLTRL4c	NW_005054314.1	3788574	3788878	20.300	0
TguLTRL4b	NW_005054314.1	3885476	3885568	16.100	0
TguLTR5a	NW_005054314.1	3910269	3910320	15.700	0
TguLTRL4c	NW_005054314.1	3985783	3986120	22.300	0
TguLTRL4c	NW_005054314.1	4141503	4141687	25.000	0
TguLTR5d	NW_005054314.1	4154026	4154302	13.800	0
TguLTRL4c	NW_005054314.1	4526097	4526543	19.700	0
TguLTR5d	NW_005054314.1	4528404	4528484	17.500	0
TguLTR5d	NW_005054314.1	4528503	4528644	21.700	0
TguLTRL4c	NW_005054314.1	4536646	4536772	23.800	0
TguLTR5d	NW_005054314.1	4601061	4601581	13.600	0
TguLTR5a	NW_005054314.1	4658903	4659430	19.400	0
TguLTRL4b	NW_005054314.1	4667012	4667562	22.500	0
TguLTRL4b	NW_005054314.1	4667617	4668348	23.300	0
TguLTR5d	NW_005054314.1	4747154	4747560	14.600	0
TguLTR5d	NW_005054314.1	4747670	4748051	15.300	0
TguLTR5d	NW_005054314.1	5095150	5095647	16.200	0
TguLTRL4c	NW_005054314.1	5329868	5330898	20.100	0
TguLTR5a	NW_005054314.1	5682242	5682801	19.900	0
TguLTRL4c	NW_005054314.1	5723351	5724352	21.000	0
TguLTR5e	NW_005054314.1	5748889	5749031	13.600	0
TguLTRL4c	NW_005054314.1	5833611	5834393	18.700	0
TguLTRL4c	NW_005054314.1	5840146	5840704	26.200	0
TguLTR5d	NW_005054314.1	5860822	5861355	15.600	0
TguLTR5d	NW_005054314.1	6017276	6017809	17.600	0
TguLTR5c	NW_005054314.1	6136744	6136995	18.200	0
TguLTR5d	NW_005054314.1	6183265	6183509	20.300	0
TguLTR5d	NW_005054314.1	6269374	6269869	20.800	0
TguLTRL4c	NW_005054314.1	6285747	6285831	20.200	0
TguLTRL4c	NW_005054314.1	6362584	6362913	22.200	0
TguLTRL4c	NW_005054314.1	6366735	6367013	19.400	0
TguLTRL4c	NW_005054314.1	6368631	6369037	20.300	0
TguLTR5a	NW_005054314.1	6473924	6474455	21.800	0
TguLTR5b	NW_005054314.1	6486804	6487302	16.100	0
TguLTR5a	NW_005054314.1	6620395	6620575	21.000	0
TguLTR5d	NW_005054314.1	6639296	6639860	20.000	0
TguLTR5d	NW_005054314.1	6722954	6723361	24.100	0
TguLTR5a	NW_005054314.1	6797723	6798260	21.100	0
TguLTR5d	NW_005054314.1	6941158	6941631	20.100	0
TguLTRL4c	NW_005054314.1	6944930	6945562	17.100	0
TguLTRL4c	NW_005054314.1	6946167	6946622	20.400	0
TguLTRL4c	NW_005054314.1	6957102	6957340	19.300	0
TguLTR11	NW_005054314.1	7125834	7126244	21.000	0
TguLTRL4b	NW_005054314.1	7262741	7262858	19.700	0
TguLTRL4c	NW_005054314.1	7384685	7384777	18.500	0
TguLTRL4c	NW_005054314.1	7384802	7385103	21.900	0
TguLTR5b	NW_005054314.1	7464977	7465054	23.400	0
TguLTRL4b	NW_005054314.1	7474786	7474874	10.500	0
TguLTRL4d	NW_005054314.1	7478304	7478446	20.400	0
TguLTR5c	NW_005054314.1	7628339	7628879	19.500	0
TguLTR11	NW_005054314.1	8106795	8107171	22.000	0
TguLTR5c	NW_005054314.1	8169118	8169362	17.800	0
TguLTR5d	NW_005054314.1	8199302	8199706	16.600	0
TguLTR5c	NW_005054314.1	8286770	8286926	17.700	0
TguLTRL4b	NW_005054314.1	8319194	8319922	18.200	0
TguLTRL4b	NW_005054314.1	8320381	8320527	17.200	0
TguLTRL4b	NW_005054314.1	8321171	8321312	23.400	0
TguLTR5d	NW_005054314.1	8342600	8343054	16.000	0
TguLTR5d	NW_005054314.1	8481598	8481679	19.800	0
TguLTR5d	NW_005054314.1	8897254	8897615	16.100	0
TguLTR5a	NW_005054314.1	9055373	9055535	16.300	0
TguLTR5a	NW_005054314.1	9055549	9055825	21.100	0
TguLTRL4c	NW_005054314.1	9149655	9149963	17.800	0
TguLTR5d	NW_005054314.1	9272055	9272208	18.400	0
TguLTR5d	NW_005054314.1	9272341	9272715	17.700	0
TguLTR5a	NW_005054314.1	9333849	9334215	23.700	0
TguLTR5a	NW_005054314.1	9334240	9334386	23.400	0
TguLTR5b	NW_005054315.1	5773	5876	27.400	0
TguLTR5d	NW_005054315.1	13817	14237	18.100	0
TguLTRL4b	NW_005054315.1	46354	46488	16.700	0
TguLTRL4b	NW_005054315.1	54141	54648	18.400	0
TguLTRL4b	NW_005054315.1	54648	54864	20.400	0
TguLTR5d	NW_005054315.1	55493	55897	19.400	0
TguLTR5b	NW_005054315.1	58303	58885	13.900	0
TguLTR5a	NW_005054315.1	62800	62941	20.600	0
TguLTRL4c	NW_005054315.1	62965	63145	28.200	0
TguLTR6a	NW_005054315.1	63145	63576	23.800	0
TguLTRL4c	NW_005054315.1	63578	64461	21.000	0
TguLTR5d	NW_005054315.1	65092	65601	22.400	0
TguLTRL4c	NW_005054315.1	71315	71967	32.700	0
TguLTR5b	NW_005054315.1	87412	87534	22.300	0
TguLTR6a	NW_005054315.1	122608	122709	27.700	0
TguLTRL6b	NW_005054315.1	122785	122941	21.000	0
TguLTRL4c	NW_005054315.1	144692	144776	15.500	0
TguLTR5c	NW_005054315.1	159447	160028	21.900	0
TguLTR5d	NW_005054315.1	179988	180151	21.300	0
TguLTR5d	NW_005054315.1	203942	204358	27.300	0
TguLTR5a	NW_005054315.1	214284	214417	20.300	0
TguLTR6a	NW_005054315.1	215613	216021	26.800	0
TguLTR5a	NW_005054315.1	244331	244390	20.700	0
TguLTRL4c	NW_005054315.1	248665	249121	19.900	0
TguLTRL4c	NW_005054315.1	251881	252374	28.200	0
TguLTRL4c	NW_005054315.1	253868	254981	23.600	0
TguLTRL4b	NW_005054315.1	260928	261978	21.000	0
TguLTR5d	NW_005054315.1	278862	279422	20.400	0
TguLTRL4d	NW_005054315.1	290457	290610	24.300	0
TguLTR5b	NW_005054315.1	293739	294328	15.400	0
TguLTR5e	NW_005054315.1	295769	295929	27.900	0
TguLTR5e	NW_005054315.1	296845	297087	26.700	0
TguLTRL4c	NW_005054315.1	320097	321100	20.000	0
TguLTR5a	NW_005054315.1	321599	322173	21.200	0
TguLTR5b	NW_005054315.1	331136	331679	18.300	0
TguLTRL4c	NW_005054315.1	341784	342448	23.400	0
TguLTRL4c	NW_005054315.1	395862	396214	22.300	0
TguLTRL4d	NW_005054315.1	414789	414970	31.600	0
TguLTR6a	NW_005054315.1	417215	417640	28.100	0
TguLTRL4d	NW_005054315.1	431892	432459	26.000	0
TguLTR11	NW_005054315.1	432688	432786	21.600	0
TguLTR11	NW_005054315.1	432855	433114	19.100	0
TguLTRL4d	NW_005054315.1	433122	433510	25.600	0
TguLTRL4c	NW_005054315.1	454416	455069	32.100	0
TguLTR5d	NW_005054315.1	477607	477901	20.800	0
TguLTR5d	NW_005054315.1	477922	477989	26.200	0
TguLTR6a	NW_005054315.1	482132	482628	22.900	0
TguLTR5a	NW_005054315.1	484654	485087	19.900	0
TguLTR5a	NW_005054315.1	485203	485336	23.300	0
TguLTRL4b	NW_005054315.1	494769	494899	22.600	0
TguLTRL4b	NW_005054315.1	495024	495525	19.300	0
TguLTR5b	NW_005054315.1	557684	558106	14.200	0
TguLTR5a	NW_005054315.1	568107	568634	20.100	0
TguLTR5d	NW_005054315.1	585947	586290	20.100	0
TguLTR5a	NW_005054315.1	591510	591992	24.000	0
TguLTRL4b	NW_005054315.1	600434	600806	21.000	0
TguLTR5c	NW_005054315.1	600859	601403	19.200	0
TguLTRL4c	NW_005054315.1	619803	620331	19.900	0
TguLTRL4c	NW_005054315.1	625191	625728	22.100	0
TguLTR5b	NW_005054315.1	637615	638183	18.300	0
TguLTR5a	NW_005054315.1	638667	639229	19.500	0
TguLTR5d	NW_005054315.1	655636	656101	23.300	0
TguLTR5c	NW_005054315.1	679921	680147	22.900	0
TguLTR5a	NW_005054315.1	701248	701757	22.000	0
TguLTR5a	NW_005054315.1	728377	728471	23.700	0
TguLTR5a	NW_005054315.1	728503	728656	23.700	0
TguLTRL4c	NW_005054315.1	746274	746924	23.400	0
TguLTRL4c	NW_005054315.1	746936	747131	20.600	0
TguLTR5e	NW_005054315.1	769462	770067	29.500	0
TguLTRL4c	NW_005054315.1	774114	775092	21.100	0
TguLTRL4c	NW_005054315.1	791493	792378	20.300	0
TguLTR5d	NW_005054315.1	1044000	1044549	23.100	0
TguLTRL6b	NW_005054315.1	1124572	1125016	29.600	0
TguLTR5a	NW_005054315.1	1152575	1153165	21.900	0
TguLTR5b	NW_005054315.1	1179597	1180146	15.300	0
TguLTR5d	NW_005054315.1	1184691	1184840	18.100	0
TguLTR5d	NW_005054315.1	1185613	1185728	21.000	0
TguLTR5e	NW_005054315.1	1185816	1186238	28.600	0
TguLTRL4d	NW_005054315.1	1223166	1224057	26.800	0
TguLTR5b	NW_005054315.1	1230872	1230965	21.500	0
TguLTRL4c	NW_005054315.1	1239481	1240318	20.400	0
TguLTRL4d	NW_005054315.1	1254347	1254496	46.200	0
TguLTR5b	NW_005054315.1	1295594	1296162	14.800	0
TguLTR5b	NW_005054315.1	1314506	1315016	15.900	0
TguLTR5d	NW_005054315.1	1338050	1338583	16.800	0
TguLTRL4d	NW_005054315.1	1363545	1363814	26.000	0
TguLTRL4d	NW_005054315.1	1363873	1363995	27.100	0
TguLTR5d	NW_005054315.1	1494756	1495033	25.000	0
TguLTRL4c	NW_005054315.1	1548633	1548910	13.200	0
TguLTR5c	NW_005054315.1	1548910	1548967	15.500	0
TguLTR5c	NW_005054315.1	1561079	1561607	19.300	0
TguLTR5e	NW_005054315.1	1592972	1593534	25.700	0
TguLTR5d	NW_005054315.1	1641788	1642341	20.600	0
TguLTRL4b	NW_005054315.1	1647287	1648310	21.300	0
TguLTR5e	NW_005054315.1	1701395	1701932	27.100	0
TguLTR6a	NW_005054315.1	1828718	1828866	25.200	0
TguLTR5a	NW_005054315.1	1999961	2000251	20.200	0
TguLTR5a	NW_005054315.1	2205840	2206441	25.800	0
TguLTR5d	NW_005054315.1	2240670	2240823	17.400	0
TguLTR5d	NW_005054315.1	2241807	2242203	22.100	0
TguLTR6a	NW_005054315.1	2261099	2261516	20.200	0
TguLTRL4c	NW_005054315.1	2325988	2327038	18.900	0
TguLTR5c	NW_005054315.1	2396005	2396587	15.500	0
TguLTR5c	NW_005054315.1	2400240	2400795	16.700	0
TguLTR5d	NW_005054315.1	2458100	2458575	26.900	0
TguLTR5a	NW_005054315.1	2526821	2527369	23.900	0
TguLTR5d	NW_005054315.1	2547443	2547722	22.800	0
TguLTR5b	NW_005054315.1	2575813	2575966	23.800	0
TguLTRL4d	NW_005054315.1	2620582	2620702	22.700	0
TguLTRL4d	NW_005054315.1	2620739	2621247	26.200	0
TguLTR5a	NW_005054315.1	2622030	2622104	17.600	0
TguLTR5d	NW_005054315.1	2629203	2629748	18.100	0
TguLTRL4c	NW_005054315.1	2650931	2651288	17.100	0
TguLTR11	NW_005054315.1	2686364	2686437	16.700	0
TguLTR5a	NW_005054315.1	2699255	2699759	18.400	0
TguLTR6a	NW_005054315.1	2783866	2784301	20.400	0
TguLTRL4b	NW_005054315.1	2787715	2788801	17.400	0
TguLTR5a	NW_005054315.1	2905641	2906167	20.800	0
TguLTRL4c	NW_005054315.1	2939219	2939327	21.100	0
TguLTRL4c	NW_005054315.1	2939462	2939583	25.900	0
TguLTRL4c	NW_005054315.1	2939867	2940941	21.100	0
TguLTR5a	NW_005054315.1	2952183	2952725	18.100	0
TguLTRL4c	NW_005054315.1	2982781	2983866	19.900	0
TguLTRL4b	NW_005054315.1	3128451	3129631	21.900	0
TguLTRL4b	NW_005054315.1	3135470	3136545	17.700	0
TguLTR11	NW_005054315.1	3226157	3226520	13.900	0
TguLTR5e	NW_005054315.1	3341050	3341570	27.100	0
TguLTR5a	NW_005054315.1	3553329	3553884	17.400	0
TguLTR5a	NW_005054315.1	3555490	3556071	19.200	0
TguLTRL6b	NW_005054315.1	3708691	3709099	15.300	0
TguLTRL6b	NW_005054315.1	3835583	3835883	17.200	0
TguLTR5d	NW_005054315.1	3992839	3993380	16.500	0
TguLTR5d	NW_005054315.1	4043343	4043912	18.100	0
TguLTRL4d	NW_005054315.1	4281146	4281235	25.800	0
TguLTRL4d	NW_005054315.1	4281616	4282435	24.800	0
TguLTRL4c	NW_005054315.1	4327749	4327847	17.000	0
TguLTR11	NW_005054315.1	4370566	4370969	19.000	0
TguLTR5d	NW_005054315.1	4436606	4437125	20.900	0
TguLTR5d	NW_005054315.1	4621413	4621621	16.400	0
TguLTRL4c	NW_005054315.1	4665866	4666433	21.600	0
TguLTRL4b	NW_005054315.1	4687642	4687822	25.500	0
TguLTRL4b	NW_005054315.1	4688496	4689256	26.700	0
TguLTR5d	NW_005054315.1	4750596	4750697	22.800	0
TguLTR5c	NW_005054315.1	4786686	4787266	21.700	0
TguLTR5a	NW_005054315.1	4819992	4820519	19.500	0
TguLTR5c	NW_005054315.1	4966226	4966339	17.000	0
TguLTR5c	NW_005054315.1	4968585	4968937	19.800	0
TguLTRL4c	NW_005054315.1	4986459	4986882	17.600	0
TguLTR5d	NW_005054315.1	5000742	5000909	16.600	0
TguLTRL6b	NW_005054315.1	5029238	5029581	22.900	0
TguLTRL4b	NW_005054315.1	5131626	5132709	19.200	0
TguLTRL4b	NW_005054315.1	5147878	5147951	19.200	0
TguLTRL4b	NW_005054315.1	5159908	5160912	17.400	0
TguLTR5a	NW_005054315.1	5163770	5164355	22.300	0
TguLTRL6b	NW_005054315.1	5182159	5182254	19.400	0
TguLTRL4c	NW_005054315.1	5186494	5187206	27.300	0
TguLTR5a	NW_005054315.1	5201541	5202111	21.100	0
TguLTR11	NW_005054315.1	5207737	5208027	20.000	0
TguLTR5a	NW_005054315.1	5289149	5289737	21.800	0
TguLTRL4c	NW_005054315.1	5306749	5307497	17.900	0
TguLTRL4c	NW_005054315.1	5307693	5307965	25.200	0
TguLTRL4c	NW_005054315.1	5350527	5351510	23.100	0
TguLTRL4b	NW_005054315.1	5497655	5497925	30.700	0
TguLTRL6b	NW_005054315.1	5498586	5498750	20.200	0
TguLTR5a	NW_005054315.1	5509743	5510268	24.400	0
TguLTR5d	NW_005054315.1	5613314	5613908	21.600	0
TguLTR5e	NW_005054315.1	5683781	5683995	25.700	0
TguLTR5e	NW_005054315.1	5684022	5684286	27.000	0
TguLTR6a	NW_005054315.1	5918736	5919039	18.600	0
TguLTRL6b	NW_005054315.1	5919082	5919251	18.000	0
TguLTR11	NW_005054315.1	5925476	5925510	11.800	0
TguLTR6a	NW_005054315.1	5925639	5925901	19.400	0
TguLTR11	NW_005054315.1	5998750	5999135	14.000	0
TguLTR5b	NW_005054315.1	6038674	6038810	9.600	0
TguLTRL4c	NW_005054315.1	6299879	6301149	23.000	0
TguLTRL4c	NW_005054315.1	6344728	6345811	19.600	0
TguLTR5d	NW_005054315.1	6458145	6458745	21.200	0
TguLTRL4b	NW_005054315.1	6574528	6574810	24.000	0
TguLTRL4b	NW_005054315.1	6575599	6576405	19.400	0
TguLTRL4d	NW_005054315.1	6579295	6579455	28.900	0
TguLTRL4d	NW_005054315.1	6579500	6579981	33.300	0
TguLTR5b	NW_005054315.1	6697387	6697726	15.400	0
TguLTR5b	NW_005054315.1	6699754	6700328	14.800	0
TguLTR5e	NW_005054315.1	6723029	6723285	24.200	0
TguLTR5c	NW_005054315.1	6772276	6772864	20.300	0
TguLTRL4c	NW_005054315.1	6842927	6843531	25.200	0
TguLTR5b	NW_005054315.1	6905949	6906497	17.500	0
TguLTRL4c	NW_005054315.1	6913617	6914008	27.200	0
TguLTR5c	NW_005054315.1	6959116	6959674	21.600	0
TguLTRL4c	NW_005054315.1	7108933	7109982	17.400	0
TguLTR5d	NW_005054315.1	7163840	7164383	16.500	0
TguLTRL4c	NW_005054315.1	7278670	7279610	25.300	0
TguLTR5b	NW_005054315.1	7294918	7295323	14.800	0
TguLTRL4b	NW_005054315.1	7359505	7360514	17.300	0
TguLTR5a	NW_005054315.1	7360545	7360986	20.400	0
TguLTR5a	NW_005054315.1	7361036	7361178	15.900	0
TguLTR5d	NW_005054315.1	7372321	7372908	21.000	0
TguLTR5e	NW_005054315.1	7421318	7421864	28.500	0
TguLTRL4b	NW_005054315.1	7546826	7547833	20.800	0
TguLTRL4d	NW_005054315.1	7702602	7702710	25.000	0
TguLTRL4d	NW_005054315.1	7702778	7702929	27.200	0
TguLTRL4d	NW_005054315.1	7702959	7703070	21.600	0
TguLTRL4c	NW_005054315.1	7885596	7886713	19.100	0
TguLTR5d	NW_005054315.1	8022638	8023158	16.700	0
TguLTR5d	NW_005054315.1	8126826	8127402	18.400	0
TguLTRL4c	NW_005054315.1	8376580	8377227	16.200	0
TguLTR5a	NW_005054315.1	8411258	8411831	17.400	0
TguLTR5d	NW_005054315.1	8480381	8480766	17.100	0
TguLTRL4c	NW_005054315.1	8805544	8806549	20.500	0
TguLTRL4d	NW_005054315.1	8968978	8969225	22.100	0
TguLTRL4d	NW_005054315.1	9201733	9202656	24.200	0
TguLTR5d	NW_005054315.1	9275674	9276251	15.300	0
TguLTR5b	NW_005054315.1	9297788	9298371	18.200	0
TguLTR5e	NW_005054315.1	9330135	9330662	26.200	0
TguLTRL4c	NW_005054315.1	9336515	9337636	20.100	0
TguLTRL4c	NW_005054315.1	9376353	9376575	17.100	0
TguLTRL4c	NW_005054315.1	9376953	9377044	22.000	0
TguLTRL4c	NW_005054315.1	9377050	9377604	23.700	0
TguLTR5b	NW_005054316.1	75760	75895	14.100	0
TguLTR5e	NW_005054316.1	108588	109139	27.000	0
TguLTR5e	NW_005054316.1	368941	369081	30.400	0
TguLTR5e	NW_005054316.1	369168	369365	22.900	0
TguLTRL4c	NW_005054316.1	397193	397619	17.600	0
TguLTR5b	NW_005054316.1	446809	447402	18.900	0
TguLTRL4b	NW_005054316.1	449553	450588	19.700	0
TguLTR5a	NW_005054316.1	478455	478608	11.900	0
TguLTR5d	NW_005054316.1	623900	624000	28.300	0
TguLTRL4d	NW_005054316.1	624511	624678	22.800	0
TguLTR5d	NW_005054316.1	625217	625752	18.100	0
TguLTR5e	NW_005054316.1	783301	783465	28.900	0
TguLTR5d	NW_005054316.1	821644	822131	19.600	0
TguLTRL6b	NW_005054316.1	824412	824630	20.900	0
TguLTR5d	NW_005054316.1	852732	853266	16.500	0
TguLTRL4c	NW_005054316.1	904621	904693	20.300	0
TguLTR5b	NW_005054316.1	904693	904880	15.100	0
TguLTR5b	NW_005054316.1	924649	924927	13.700	0
TguLTRL4c	NW_005054316.1	1032248	1032845	17.400	0
TguLTR5a	NW_005054316.1	1172426	1172553	21.600	0
TguLTR5a	NW_005054316.1	1172553	1172678	19.400	0
TguLTRL4d	NW_005054316.1	1211855	1211987	27.500	0
TguLTR5d	NW_005054316.1	1212498	1213070	19.200	0
TguLTRL4c	NW_005054316.1	1279039	1279634	19.700	0
TguLTR5a	NW_005054316.1	1387487	1388044	19.700	0
TguLTR5e	NW_005054316.1	1426871	1427046	30.300	0
TguLTR5e	NW_005054316.1	1427068	1427144	25.000	0
TguLTR5d	NW_005054316.1	1453404	1453981	19.800	0
TguLTRL4c	NW_005054316.1	1462861	1463543	17.600	0
TguLTR6a	NW_005054316.1	1582370	1582774	28.900	0
TguLTR5c	NW_005054316.1	1585194	1585766	23.700	0
TguLTRL4d	NW_005054316.1	1661561	1661761	25.900	0
TguLTR11	NW_005054316.1	1677604	1677808	19.400	0
TguLTR11	NW_005054316.1	1678262	1678371	18.800	0
TguLTR5e	NW_005054316.1	1686255	1686323	25.000	0
TguLTR5d	NW_005054316.1	1709866	1710381	18.700	0
TguLTR5a	NW_005054316.1	1731876	1732317	17.900	0
TguLTR5d	NW_005054316.1	1786942	1787528	17.100	0
TguLTRL4b	NW_005054316.1	1791441	1792446	25.200	0
TguLTRL4c	NW_005054316.1	1825986	1826335	23.900	0
TguLTRL6b	NW_005054316.1	2058072	2058362	19.000	0
TguLTRL4c	NW_005054316.1	2067161	2067296	12.600	0
TguLTRL4d	NW_005054316.1	2156654	2156896	23.600	0
TguLTRL4d	NW_005054316.1	2156938	2157353	29.100	0
TguLTR5a	NW_005054316.1	2230031	2230358	20.700	0
TguLTRL4d	NW_005054316.1	2372150	2372459	27.300	0
TguLTRL6b	NW_005054316.1	2599177	2599603	18.400	0
TguLTRL6b	NW_005054316.1	2655591	2656038	18.100	0
TguLTR5a	NW_005054316.1	2686493	2687024	17.700	0
TguLTR5d	NW_005054316.1	2884612	2885001	17.600	0
TguLTR5e	NW_005054316.1	3009511	3010033	27.400	0
TguLTRL4c	NW_005054316.1	3020092	3020591	18.700	0
TguLTR5b	NW_005054316.1	3118709	3119278	11.400	0
TguLTR5d	NW_005054316.1	3120000	3120569	22.700	0
TguLTR5a	NW_005054316.1	3137082	3137170	15.700	0
TguLTR5a	NW_005054316.1	3170362	3170909	18.900	0
TguLTRL6b	NW_005054316.1	3190219	3190635	25.100	0
TguLTR5b	NW_005054316.1	3259167	3259449	17.400	0
TguLTR11	NW_005054316.1	3268366	3268462	16.700	0
TguLTR11	NW_005054316.1	3268523	3268805	16.400	0
TguLTRL6b	NW_005054316.1	3414998	3415392	17.300	0
TguLTR5b	NW_005054316.1	3498951	3499165	15.900	0
TguLTR5a	NW_005054316.1	3508200	3508414	18.600	0
TguLTRL4d	NW_005054316.1	3522495	3523009	26.000	0
TguLTRL4b	NW_005054316.1	3606962	3607887	19.200	0
TguLTR5e	NW_005054316.1	3616748	3617338	22.900	0
TguLTR5b	NW_005054316.1	3660367	3660431	15.600	0
TguLTR5a	NW_005054316.1	3684933	3685500	23.100	0
TguLTR6a	NW_005054316.1	3702738	3702968	18.400	0
TguLTR6a	NW_005054316.1	3731657	3732055	22.600	0
TguLTRL4c	NW_005054316.1	3766069	3766744	19.800	0
TguLTRL6b	NW_005054316.1	3893301	3893581	16.500	0
TguLTRL6b	NW_005054316.1	3893645	3893771	16.500	0
TguLTR5a	NW_005054316.1	4079333	4079937	20.300	0
TguLTRL4b	NW_005054316.1	4246886	4247247	16.800	0
TguLTR5d	NW_005054316.1	4514462	4515026	23.800	0
TguLTRL4c	NW_005054316.1	4517104	4517848	21.600	0
TguLTRL4c	NW_005054316.1	4518207	4518433	22.900	0
TguLTRL4c	NW_005054316.1	4528552	4529576	19.600	0
TguLTR5e	NW_005054316.1	4532843	4533386	27.100	0
TguLTR5d	NW_005054316.1	4653026	4653552	20.700	0
TguLTR5a	NW_005054316.1	4656614	4656759	19.200	0
TguLTR5a	NW_005054316.1	4656797	4657249	19.200	0
TguLTRL4c	NW_005054316.1	4681445	4682416	19.200	0
TguLTR11	NW_005054316.1	4748861	4749115	22.000	0
TguLTRL6b	NW_005054316.1	4772724	4773185	22.600	0
TguLTR5d	NW_005054316.1	4790839	4790989	20.000	0
TguLTR5d	NW_005054316.1	4791007	4791311	17.200	0
TguLTR5c	NW_005054316.1	4893587	4893813	21.500	0
TguLTRL4b	NW_005054316.1	4979281	4980252	23.000	0
TguLTR11	NW_005054316.1	5016128	5016266	18.900	0
TguLTR6a	NW_005054316.1	5036303	5036755	19.900	0
TguLTR11	NW_005054316.1	5066798	5067198	20.300	0
TguLTRL4d	NW_005054316.1	5087305	5087480	26.900	0
TguLTR5c	NW_005054316.1	5110914	5111016	13.700	0
TguLTRL4c	NW_005054316.1	5192332	5192897	19.000	0
TguLTR5a	NW_005054316.1	5262277	5262368	13.300	0
TguLTR5a	NW_005054316.1	5281486	5282060	23.300	0
TguLTR5b	NW_005054316.1	5289023	5289360	13.300	0
TguLTR6a	NW_005054316.1	5290077	5290539	21.400	0
TguLTRL4c	NW_005054316.1	5323102	5324113	18.300	0
TguLTRL4c	NW_005054316.1	5420328	5421191	17.900	0
TguLTR5d	NW_005054316.1	5510235	5510818	20.500	0
TguLTR5c	NW_005054316.1	5584478	5584940	17.600	0
TguLTR5d	NW_005054316.1	5659887	5660165	21.300	0
TguLTRL4d	NW_005054316.1	5967161	5967273	22.200	0
TguLTR5e	NW_005054316.1	5969308	5969580	28.500	0
TguLTRL4c	NW_005054316.1	6074211	6074302	19.800	0
TguLTRL4d	NW_005054316.1	6120532	6120757	23.000	0
TguLTRL4d	NW_005054316.1	6121363	6121568	21.400	0
TguLTR6a	NW_005054316.1	6138189	6138611	18.700	0
TguLTRL4b	NW_005054316.1	6283769	6284362	13.100	0
TguLTR5a	NW_005054316.1	6350253	6350390	22.600	0
TguLTR5a	NW_005054316.1	6350456	6350704	24.200	0
TguLTR5a	NW_005054316.1	6350760	6350842	21.900	0
TguLTRL4b	NW_005054316.1	6377630	6378707	18.600	0
TguLTR5d	NW_005054316.1	6439901	6440195	20.500	0
TguLTR5a	NW_005054316.1	7068748	7069278	23.900	0
TguLTR5b	NW_005054316.1	7156185	7156476	16.900	0
TguLTR5b	NW_005054316.1	7166446	7167007	17.500	0
TguLTR5e	NW_005054316.1	7307321	7307434	23.400	0
TguLTR5e	NW_005054316.1	7307519	7307831	26.000	0
TguLTR5b	NW_005054316.1	7347201	7347777	16.300	0
TguLTRL4d	NW_005054316.1	7387304	7387471	26.400	0
TguLTRL4b	NW_005054316.1	7407966	7408658	20.400	0
TguLTR5a	NW_005054316.1	7492320	7492870	22.200	0
TguLTRL6b	NW_005054316.1	7560271	7560428	20.600	0
TguLTRL4c	NW_005054316.1	7623911	7624897	17.600	0
TguLTR5e	NW_005054316.1	7690108	7690381	24.100	0
TguLTR5a	NW_005054316.1	8103945	8104532	22.300	0
TguLTR5a	NW_005054316.1	8145189	8145570	22.300	0
TguLTR5a	NW_005054316.1	8145602	8145644	9.500	0
TguLTRL4c	NW_005054316.1	8253323	8253446	21.100	0
TguLTR6a	NW_005054316.1	8274586	8274998	21.400	0
TguLTR5d	NW_005054316.1	8290380	8290722	15.000	0
TguLTR5a	NW_005054316.1	8416920	8417486	20.600	0
TguLTR5d	NW_005054316.1	8435858	8435987	16.500	0
TguLTR5a	NW_005054316.1	8462915	8463076	22.300	0
TguLTR5b	NW_005054316.1	8471388	8471921	15.100	0
TguLTR5e	NW_005054316.1	8527043	8527620	25.700	0
TguLTR5d	NW_005054316.1	8622204	8622745	23.300	0
TguLTR5a	NW_005054316.1	8655462	8656041	20.300	0
TguLTR5b	NW_005054316.1	8707204	8707794	14.700	0
TguLTRL4d	NW_005054316.1	8806051	8806137	21.200	0
TguLTR5c	NW_005054316.1	8915876	8916029	26.800	0
TguLTR5e	NW_005054316.1	8957966	8958504	22.100	0
TguLTR5a	NW_005054316.1	8974325	8974909	21.600	0
TguLTRL4c	NW_005054316.1	9000666	9001340	20.900	0
TguLTR6a	NW_005054316.1	9193124	9193529	27.400	0
TguLTR5b	NW_005054317.1	383669	383907	23.400	0
TguLTRL4b	NW_005054317.1	641025	641064	12.800	0
TguLTRL4c	NW_005054317.1	777876	778033	17.800	0
TguLTRL4c	NW_005054317.1	778060	778324	19.400	0
TguLTR5b	NW_005054317.1	1260074	1260469	12.000	0
TguLTR5a	NW_005054317.1	1807135	1807389	15.100	0
TguLTR5a	NW_005054317.1	1938420	1938855	26.800	0
TguLTR5a	NW_005054317.1	2149402	2149808	20.500	0
TguLTRL4d	NW_005054317.1	2274537	2274637	17.000	0
TguLTRL4c	NW_005054317.1	2722924	2723160	19.600	0
TguLTRL4c	NW_005054317.1	2723187	2723344	18.700	0
TguLTRL4c	NW_005054317.1	2762570	2762805	20.600	0
TguLTRL4c	NW_005054317.1	2904201	2904439	18.100	0
TguLTR5d	NW_005054317.1	3336823	3337326	15.800	0
TguLTR11	NW_005054317.1	3382060	3382438	18.200	0
TguLTRL4d	NW_005054317.1	3571220	3571505	27.900	0
TguLTRL4b	NW_005054317.1	3605700	3606161	19.700	0
TguLTR5a	NW_005054317.1	3701304	3701628	20.000	0
TguLTR5b	NW_005054317.1	3850193	3850765	13.000	0
TguLTRL4b	NW_005054317.1	4007253	4008254	28.100	0
TguLTRL4b	NW_005054317.1	4298159	4299228	21.800	0
TguLTRL4b	NW_005054317.1	4396739	4396843	15.800	0
TguLTRL4b	NW_005054317.1	4444208	4444494	24.300	0
TguLTRL4b	NW_005054317.1	4444499	4444641	22.500	0
TguLTRL4b	NW_005054317.1	5058016	5058996	20.300	0
TguLTR5a	NW_005054317.1	5322109	5322421	20.400	0
TguLTRL4c	NW_005054317.1	5368181	5368470	17.200	0
TguLTRL4c	NW_005054317.1	5389272	5389462	15.300	0
TguLTR5e	NW_005054317.1	5407315	5407471	21.400	0
TguLTRL4c	NW_005054317.1	5435047	5435095	18.800	0
TguLTR5a	NW_005054317.1	5587878	5588276	23.100	0
TguLTR5a	NW_005054317.1	5588305	5588456	23.100	0
TguLTRL4c	NW_005054317.1	5688813	5688966	18.900	0
TguLTRL4c	NW_005054317.1	5688972	5689167	18.600	0
TguLTRL4c	NW_005054317.1	5711401	5712260	18.000	0
TguLTR5a	NW_005054317.1	5819726	5820298	22.800	0
TguLTRL4c	NW_005054317.1	5823099	5823414	20.900	0
TguLTR5d	NW_005054317.1	5914601	5915157	19.300	0
TguLTR5d	NW_005054317.1	5918104	5918294	20.600	0
TguLTR5b	NW_005054317.1	6004710	6005318	12.000	0
TguLTR5d	NW_005054317.1	6055147	6055754	23.000	0
TguLTR5a	NW_005054317.1	6060404	6060897	24.500	0
TguLTR11	NW_005054317.1	6838314	6838534	27.400	0
TguLTRL4b	NW_005054317.1	7055692	7056880	21.800	0
TguLTR5d	NW_005054317.1	7103310	7103448	20.100	0
TguLTRL4d	NW_005054317.1	7353190	7353450	26.600	0
TguLTR5a	NW_005054317.1	7568410	7568499	18.500	0
TguLTR5d	NW_005054317.1	7619411	7619924	17.200	0
TguLTRL4b	NW_005054317.1	7626940	7626995	16.400	0
TguLTRL4c	NW_005054317.1	7759097	7759546	23.700	0
TguLTRL4c	NW_005054317.1	8020624	8020946	16.100	0
TguLTRL4c	NW_005054317.1	8165026	8165225	14.600	0
TguLTR5d	NW_005054317.1	8446212	8446777	17.000	0
TguLTR5a	NW_005054317.1	8685747	8686306	16.400	0
TguLTR5d	NW_005054318.1	6632	7185	20.900	0
TguLTRL6b	NW_005054318.1	88649	88754	23.600	0
TguLTRL4b	NW_005054318.1	127753	128847	22.200	0
TguLTRL4c	NW_005054318.1	179642	179774	22.700	0
TguLTRL4c	NW_005054318.1	180314	180732	20.600	0
TguLTR5b	NW_005054318.1	198335	198581	18.400	0
TguLTRL6b	NW_005054318.1	199795	199843	12.500	0
TguLTRL4c	NW_005054318.1	202373	202532	24.300	0
TguLTRL4c	NW_005054318.1	401755	402682	21.700	0
TguLTR5a	NW_005054318.1	443233	443353	19.300	0
TguLTRL4b	NW_005054318.1	452768	453806	19.000	0
TguLTRL4b	NW_005054318.1	479516	479987	18.000	0
TguLTRL4c	NW_005054318.1	501118	501351	26.600	0
TguLTR5d	NW_005054318.1	501364	501657	23.300	0
TguLTRL4c	NW_005054318.1	501657	501953	19.300	0
TguLTR5d	NW_005054318.1	521426	521963	22.000	0
TguLTR5e	NW_005054318.1	541288	541483	19.600	0
TguLTR5c	NW_005054318.1	647919	648442	22.800	0
TguLTR5d	NW_005054318.1	667668	668250	15.500	0
TguLTR5d	NW_005054318.1	682034	682575	21.000	0
TguLTRL4c	NW_005054318.1	699340	700333	19.000	0
TguLTR5a	NW_005054318.1	756187	756579	15.800	0
TguLTR5e	NW_005054318.1	828137	828674	26.400	0
TguLTR6a	NW_005054318.1	844581	844759	26.800	0
TguLTR5a	NW_005054318.1	908424	909005	16.300	0
TguLTR5e	NW_005054318.1	927143	927720	25.600	0
TguLTR11	NW_005054318.1	943284	943561	24.700	0
TguLTR11	NW_005054318.1	1093629	1093873	22.200	0
TguLTR11	NW_005054318.1	1094153	1094439	18.200	0
TguLTRL4c	NW_005054318.1	1123820	1124718	19.500	0
TguLTR5d	NW_005054318.1	1242363	1242909	14.900	0
TguLTRL4c	NW_005054318.1	1482907	1484014	16.600	0
TguLTRL6b	NW_005054318.1	1515078	1515325	21.200	0
TguLTR6a	NW_005054318.1	1596908	1597347	21.900	0
TguLTR6a	NW_005054318.1	1630741	1630876	22.400	0
TguLTRL6b	NW_005054318.1	1630886	1631102	21.200	0
TguLTR11	NW_005054318.1	1664828	1665127	14.300	0
TguLTR5b	NW_005054318.1	1713294	1713520	11.500	0
TguLTR5d	NW_005054318.1	1870170	1870692	22.600	0
TguLTR6a	NW_005054318.1	1940625	1940938	20.400	0
TguLTR5d	NW_005054318.1	2025753	2026343	19.200	0
TguLTRL4d	NW_005054318.1	2133490	2134283	27.800	0
TguLTR5d	NW_005054318.1	2188854	2189386	16.000	0
TguLTR5b	NW_005054318.1	2591900	2592374	12.900	0
TguLTR5a	NW_005054318.1	2596593	2596748	22.300	0
TguLTR5a	NW_005054318.1	2616283	2616760	23.600	0
TguLTR5a	NW_005054318.1	2617327	2617428	25.500	0
TguLTRL6b	NW_005054318.1	2632802	2632980	18.900	0
TguLTRL6b	NW_005054318.1	2633090	2633235	26.400	0
TguLTR5d	NW_005054318.1	2641297	2641863	18.200	0
TguLTR5a	NW_005054318.1	2651559	2652133	22.200	0
TguLTR5d	NW_005054318.1	2670124	2670338	26.000	0
TguLTRL4b	NW_005054318.1	2678465	2679506	20.700	0
TguLTR5d	NW_005054318.1	2767442	2767748	16.000	0
TguLTRL4c	NW_005054318.1	2792907	2792998	16.900	0
TguLTR5b	NW_005054318.1	2793090	2793681	14.400	0
TguLTRL6b	NW_005054318.1	2794163	2794341	14.000	0
TguLTRL4c	NW_005054318.1	2800041	2800225	19.600	0
TguLTRL4c	NW_005054318.1	2803560	2803638	14.100	0
TguLTR5a	NW_005054318.1	2804797	2805325	21.400	0
TguLTRL4c	NW_005054318.1	2869567	2870437	23.100	0
TguLTR5a	NW_005054318.1	2871882	2872426	19.900	0
TguLTR6a	NW_005054318.1	2873284	2873420	25.000	0
TguLTR5e	NW_005054318.1	2878288	2878560	30.700	0
TguLTR5d	NW_005054318.1	2878606	2879167	16.700	0
TguLTR5e	NW_005054318.1	2879200	2879434	31.300	0
TguLTR5b	NW_005054318.1	3052352	3052948	14.000	0
TguLTRL4b	NW_005054318.1	3067358	3068266	23.300	0
TguLTRL4b	NW_005054318.1	3068586	3068661	17.300	0
TguLTRL4d	NW_005054318.1	3142701	3143624	28.000	0
TguLTRL4b	NW_005054318.1	3155800	3156821	22.000	0
TguLTRL4c	NW_005054318.1	3198297	3198810	26.600	0
TguLTRL4d	NW_005054318.1	3238733	3239390	25.000	0
TguLTR5d	NW_005054318.1	3288774	3289234	23.700	0
TguLTRL4c	NW_005054318.1	3362001	3362149	14.200	0
TguLTRL4c	NW_005054318.1	3399799	3400564	19.200	0
TguLTRL4c	NW_005054318.1	3441388	3442481	19.700	0
TguLTR5a	NW_005054318.1	3528928	3529231	18.600	0
TguLTRL4d	NW_005054318.1	3542551	3543474	27.500	0
TguLTRL6b	NW_005054318.1	3903082	3903163	11.100	0
TguLTR5d	NW_005054318.1	3986859	3987437	18.800	0
TguLTR5d	NW_005054318.1	4027067	4027645	19.200	0
TguLTR5e	NW_005054318.1	4193161	4193294	24.400	0
TguLTR5e	NW_005054318.1	4219881	4220219	26.200	0
TguLTRL4c	NW_005054318.1	4273477	4273807	21.200	0
TguLTRL4c	NW_005054318.1	4281542	4281957	18.100	0
TguLTR5d	NW_005054318.1	4349485	4349731	21.900	0
TguLTR5d	NW_005054318.1	4350001	4350295	19.100	0
TguLTR6a	NW_005054318.1	4367429	4367782	24.600	0
TguLTRL4d	NW_005054318.1	4413227	4413767	29.600	0
TguLTRL4d	NW_005054318.1	4414236	4414500	26.700	0
TguLTR5e	NW_005054318.1	4423940	4424078	17.400	0
TguLTR5a	NW_005054318.1	4455113	4455304	24.600	0
TguLTR5a	NW_005054318.1	4455367	4455728	24.600	0
TguLTR5e	NW_005054318.1	4534750	4535315	29.600	0
TguLTRL4b	NW_005054318.1	4579365	4579566	26.000	0
TguLTRL4b	NW_005054318.1	4580625	4581459	29.200	0
TguLTRL6b	NW_005054318.1	4588857	4588997	22.400	0
TguLTRL4c	NW_005054318.1	4605675	4605990	23.100	0
TguLTRL4c	NW_005054318.1	4605990	4606456	19.000	0
TguLTR5c	NW_005054318.1	4624103	4624599	20.400	0
TguLTRL4c	NW_005054318.1	4645368	4646482	20.800	0
TguLTR5d	NW_005054318.1	4662034	4662134	30.300	0
TguLTR5b	NW_005054318.1	4671913	4672196	24.400	0
TguLTR5b	NW_005054318.1	4673483	4673750	15.400	0
TguLTR5a	NW_005054318.1	4683636	4684209	29.700	0
TguLTR5d	NW_005054318.1	4684607	4684718	16.000	0
TguLTR5d	NW_005054318.1	4712817	4712911	27.800	0
TguLTR5e	NW_005054318.1	4713105	4713201	27.100	0
TguLTRL4c	NW_005054318.1	4722648	4723445	18.000	0
TguLTRL4c	NW_005054318.1	4733365	4733433	20.600	0
TguLTR5b	NW_005054318.1	4744774	4745362	15.000	0
TguLTR5d	NW_005054318.1	4751170	4751745	24.900	0
TguLTRL4c	NW_005054318.1	4778493	4778863	21.100	0
TguLTR5b	NW_005054318.1	4780581	4781131	15.100	0
TguLTRL4b	NW_005054318.1	4795008	4796107	21.900	0
TguLTR5d	NW_005054318.1	4796631	4797213	20.900	0
TguLTRL4b	NW_005054318.1	4812007	4812214	38.100	0
TguLTRL4b	NW_005054318.1	4812260	4813093	38.100	0
TguLTR5d	NW_005054318.1	4843034	4843145	19.100	0
TguLTRL4c	NW_005054318.1	4851442	4851976	25.000	0
TguLTRL4c	NW_005054318.1	4852309	4852799	23.900	0
TguLTR5a	NW_005054318.1	4863766	4864278	29.000	0
TguLTR6a	NW_005054318.1	4950133	4950577	26.500	0
TguLTRL4c	NW_005054318.1	5003149	5003644	18.500	0
TguLTR11	NW_005054318.1	5005248	5005511	22.200	0
TguLTR11	NW_005054318.1	5005681	5005836	25.600	0
TguLTRL4c	NW_005054318.1	5044188	5045303	23.000	0
TguLTRL4c	NW_005054318.1	5054176	5055154	23.300	0
TguLTR5c	NW_005054318.1	5066739	5066993	20.500	0
TguLTR5d	NW_005054318.1	5066997	5067495	19.800	0
TguLTR5d	NW_005054318.1	5082469	5082926	16.500	0
TguLTRL4c	NW_005054318.1	5263962	5264693	20.900	0
TguLTR6a	NW_005054318.1	5311481	5311780	23.000	0
TguLTRL4c	NW_005054318.1	5333969	5334971	25.400	0
TguLTRL4c	NW_005054318.1	5399866	5400063	14.700	0
TguLTRL4c	NW_005054318.1	5446752	5447300	17.500	0
TguLTR5d	NW_005054318.1	5460664	5461228	19.900	0
TguLTR5a	NW_005054318.1	5462047	5462151	25.400	0
TguLTR5d	NW_005054318.1	5487413	5488049	21.100	0
TguLTRL4d	NW_005054318.1	5556269	5556752	31.900	0
TguLTRL4b	NW_005054318.1	5559965	5561049	16.200	0
TguLTR5c	NW_005054318.1	5639425	5639925	17.300	0
TguLTR5a	NW_005054318.1	5667846	5668430	20.000	0
TguLTRL4b	NW_005054318.1	5810715	5811718	19.800	0
TguLTR5a	NW_005054318.1	5998774	5999325	21.900	0
TguLTR5e	NW_005054318.1	6031392	6031555	23.100	0
TguLTRL4b	NW_005054318.1	6081578	6082671	22.800	0
TguLTR5b	NW_005054318.1	6155555	6156139	14.200	0
TguLTRL4c	NW_005054318.1	6290798	6290893	11.600	0
TguLTR5b	NW_005054318.1	6348519	6349113	15.000	0
TguLTR5a	NW_005054318.1	6396486	6397015	18.300	0
TguLTR5a	NW_005054318.1	6577833	6578408	19.900	0
TguLTR5a	NW_005054318.1	6582197	6582772	19.900	0
TguLTR5d	NW_005054318.1	6625259	6625815	17.300	0
TguLTR5a	NW_005054318.1	6708658	6709239	19.000	0
TguLTR5a	NW_005054318.1	6712983	6713473	17.700	0
TguLTRL4c	NW_005054318.1	6742477	6743362	17.500	0
TguLTRL4c	NW_005054318.1	6856637	6857060	16.900	0
TguLTR5d	NW_005054318.1	7010149	7010395	19.200	0
TguLTR5a	NW_005054318.1	7149425	7150014	22.300	0
TguLTR5a	NW_005054318.1	7248323	7248681	18.900	0
TguLTR5a	NW_005054318.1	7265642	7266208	20.600	0
TguLTRL4d	NW_005054318.1	7318771	7318873	33.300	0
TguLTRL4c	NW_005054318.1	7382307	7382548	17.100	0
TguLTR11	NW_005054318.1	7390003	7390127	18.600	0
TguLTRL4c	NW_005054318.1	7627846	7628923	18.800	0
TguLTRL4c	NW_005054318.1	7736489	7737489	20.900	0
TguLTRL4d	NW_005054318.1	7765345	7765598	29.800	0
TguLTRL4d	NW_005054318.1	7765919	7766001	24.400	0
TguLTRL4b	NW_005054318.1	7805773	7806745	21.200	0
TguLTRL6b	NW_005054318.1	7834696	7835085	16.800	0
TguLTRL4d	NW_005054318.1	7855428	7855546	30.700	0
TguLTRL4d	NW_005054318.1	7855604	7855791	32.300	0
TguLTR6a	NW_005054318.1	7856639	7856863	20.200	0
TguLTRL4c	NW_005054318.1	7868734	7869769	17.600	0
TguLTR5d	NW_005054318.1	7958698	7959263	20.200	0
TguLTR5b	NW_005054318.1	8016760	8017332	18.900	0
TguLTR5d	NW_005054318.1	8080924	8081298	19.500	0
TguLTR5d	NW_005054318.1	8081551	8081755	23.100	0
TguLTRL4c	NW_005054318.1	8097432	8097918	18.300	0
TguLTRL4d	NW_005054318.1	8119969	8120249	26.900	0
TguLTRL4c	NW_005054318.1	8315851	8316499	17.400	0
TguLTR5a	NW_005054318.1	8355445	8355989	23.900	0
TguLTR5c	NW_005054318.1	8373766	8374348	21.400	0
TguLTRL4c	NW_005054318.1	8374669	8374772	12.600	0
TguLTR11	NW_005054319.1	627631	627778	19.100	0
TguLTR11	NW_005054319.1	627779	628127	24.800	0
TguLTR5a	NW_005054319.1	757783	758109	22.100	0
TguLTR5e	NW_005054319.1	1117298	1117814	26.100	0
TguLTR5d	NW_005054319.1	1164905	1165485	18.400	0
TguLTR5d	NW_005054319.1	1215167	1215336	17.800	0
TguLTR5a	NW_005054319.1	1931004	1931065	18.000	0
TguLTRL4c	NW_005054319.1	2527293	2527500	16.800	0
TguLTRL4c	NW_005054319.1	2544892	2545116	19.600	0
TguLTR5a	NW_005054319.1	2796779	2796997	19.100	0
TguLTRL4c	NW_005054319.1	3234366	3234688	22.600	0
TguLTR5d	NW_005054319.1	3248570	3249175	21.000	0
TguLTRL4c	NW_005054319.1	3499445	3499720	14.500	0
TguLTR5a	NW_005054319.1	3564857	3565022	19.200	0
TguLTR5a	NW_005054319.1	3565321	3565495	24.000	0
TguLTRL4c	NW_005054319.1	3607585	3607772	19.800	0
TguLTR5d	NW_005054319.1	3993507	3994084	14.200	0
TguLTR5c	NW_005054319.1	4515923	4516073	17.300	0
TguLTR5c	NW_005054319.1	4516084	4516227	23.900	0
TguLTR5d	NW_005054319.1	4574394	4574721	12.500	0
TguLTR5b	NW_005054319.1	4602830	4603288	12.000	0
TguLTR5a	NW_005054319.1	4693521	4694036	20.000	0
TguLTR5a	NW_005054319.1	4705680	4706042	25.000	0
TguLTR5a	NW_005054319.1	4767967	4768109	26.300	0
TguLTRL4c	NW_005054319.1	5144713	5144805	20.900	0
TguLTR5d	NW_005054319.1	5383634	5383777	20.000	0
TguLTR5d	NW_005054319.1	5732565	5733129	18.700	0
TguLTR5a	NW_005054319.1	5752754	5752916	26.100	0
TguLTR5e	NW_005054319.1	6664723	6664854	27.700	0
TguLTR5a	NW_005054319.1	6669339	6669397	10.300	0
TguLTR5e	NW_005054319.1	6943835	6944013	27.500	0
TguLTR5d	NW_005054319.1	7041938	7042025	20.900	0
TguLTR5d	NW_005054319.1	7056290	7056382	21.700	0
TguLTR5d	NW_005054319.1	7071042	7071176	20.200	0
TguLTR5a	NW_005054319.1	7096629	7097009	23.700	0
TguLTRL4d	NW_005054319.1	7139303	7139487	19.500	0
TguLTR5a	NW_005054319.1	7161936	7162486	19.600	0
TguLTR5d	NW_005054319.1	7233446	7233939	16.500	0
TguLTRL4d	NW_005054319.1	7294386	7294455	24.600	0
TguLTRL4d	NW_005054319.1	7294465	7294924	21.700	0
TguLTR11	NW_005054319.1	7364508	7364679	17.600	0
TguLTR5a	NW_005054319.1	7759222	7759270	14.600	0
TguLTR5b	NW_005054319.1	7917107	7917663	18.100	0
TguLTRL4d	NW_005054319.1	8000092	8000212	27.400	0
TguLTRL4d	NW_005054319.1	8253205	8253402	20.300	0
TguLTR5d	NW_005054320.1	2807	3360	19.300	0
TguLTR5a	NW_005054320.1	31321	31893	15.900	0
TguLTRL4d	NW_005054320.1	50197	51007	23.000	0
TguLTR5e	NW_005054320.1	56643	56770	23.900	0
TguLTR5e	NW_005054320.1	133447	133522	18.700	0
TguLTR5d	NW_005054320.1	163507	164067	21.100	0
TguLTRL4c	NW_005054320.1	276276	276549	24.700	0
TguLTRL4c	NW_005054320.1	277335	278110	20.700	0
TguLTRL4c	NW_005054320.1	285726	286809	22.800	0
TguLTR5a	NW_005054320.1	295912	296422	22.600	0
TguLTRL4d	NW_005054320.1	332433	332489	16.100	0
TguLTRL4d	NW_005054320.1	332495	332884	30.100	0
TguLTRL4b	NW_005054320.1	360730	361584	25.600	0
TguLTRL4b	NW_005054320.1	449887	449966	18.200	0
TguLTR5a	NW_005054320.1	574994	575209	13.600	0
TguLTR5a	NW_005054320.1	575226	575487	18.400	0
TguLTR5d	NW_005054320.1	585881	586119	21.500	0
TguLTR5d	NW_005054320.1	719723	720295	20.000	0
TguLTRL4c	NW_005054320.1	800144	800293	20.800	0
TguLTRL4c	NW_005054320.1	800740	801070	21.000	0
TguLTR5d	NW_005054320.1	834334	834618	24.500	0
TguLTR5d	NW_005054320.1	834633	834794	21.100	0
TguLTR5e	NW_005054320.1	922157	922560	22.800	0
TguLTRL4d	NW_005054320.1	940182	940555	26.600	0
TguLTRL4b	NW_005054320.1	1049904	1050144	18.100	0
TguLTRL4b	NW_005054320.1	1050552	1050733	23.700	0
TguLTRL4b	NW_005054320.1	1050996	1051177	23.700	0
TguLTRL4b	NW_005054320.1	1051799	1052220	22.700	0
TguLTRL4b	NW_005054320.1	1052599	1052797	21.400	0
TguLTR5a	NW_005054320.1	1076700	1076773	15.800	0
TguLTR5a	NW_005054320.1	1077401	1077490	17.700	0
TguLTRL4b	NW_005054320.1	1102478	1102803	28.200	0
TguLTRL4b	NW_005054320.1	1103199	1103403	29.600	0
TguLTRL4b	NW_005054320.1	1103815	1103999	26.900	0
TguLTR5d	NW_005054320.1	1327307	1327884	22.000	0
TguLTR11	NW_005054320.1	1457144	1457225	23.500	0
TguLTR5a	NW_005054320.1	1555044	1555518	19.600	0
TguLTR11	NW_005054320.1	1620812	1620900	20.900	0
TguLTRL4b	NW_005054320.1	1685878	1686914	22.100	0
TguLTRL6b	NW_005054320.1	1733602	1734015	18.200	0
TguLTR5a	NW_005054320.1	1795777	1795917	21.400	0
TguLTR5d	NW_005054320.1	1812162	1812266	28.900	0
TguLTR5d	NW_005054320.1	1825297	1825857	15.400	0
TguLTRL4d	NW_005054320.1	1827653	1827927	24.700	0
TguLTR5d	NW_005054320.1	2065577	2065729	17.100	0
TguLTR5e	NW_005054320.1	2141316	2141890	25.900	0
TguLTR5e	NW_005054320.1	2142174	2142379	26.900	0
TguLTR5e	NW_005054320.1	2168730	2169295	29.400	0
TguLTR5d	NW_005054320.1	2324176	2324710	19.200	0
TguLTRL4c	NW_005054320.1	2332819	2333012	16.300	0
TguLTR5d	NW_005054320.1	2351437	2351732	21.500	0
TguLTR5d	NW_005054320.1	2786504	2787070	19.100	0
TguLTRL4c	NW_005054320.1	3040360	3041488	19.300	0
TguLTRL4c	NW_005054320.1	3339555	3340566	19.200	0
TguLTR5c	NW_005054320.1	3613599	3614179	17.100	0
TguLTRL4d	NW_005054320.1	3651944	3652033	19.500	0
TguLTR5b	NW_005054320.1	3714996	3715543	16.900	0
TguLTR5a	NW_005054320.1	3829063	3829652	20.800	0
TguLTR5a	NW_005054320.1	3881412	3881930	21.000	0
TguLTRL4c	NW_005054320.1	3953515	3953944	20.300	0
TguLTR5a	NW_005054320.1	4064811	4065409	22.000	0
TguLTRL4b	NW_005054320.1	4101131	4101941	16.400	0
TguLTRL4d	NW_005054320.1	4111586	4111691	23.100	0
TguLTRL4d	NW_005054320.1	4188632	4188701	15.400	0
TguLTR5b	NW_005054320.1	4201196	4201476	16.400	0
TguLTR5a	NW_005054320.1	4232669	4232722	22.600	0
TguLTRL4b	NW_005054320.1	4306627	4307007	17.900	0
TguLTRL4d	NW_005054320.1	4352728	4353636	27.700	0
TguLTR5d	NW_005054320.1	4383052	4383578	20.600	0
TguLTR5b	NW_005054320.1	4433961	4434513	15.400	0
TguLTRL4c	NW_005054320.1	4503764	4504709	21.100	0
TguLTRL4d	NW_005054320.1	4570746	4570940	24.900	0
TguLTRL4b	NW_005054320.1	4596279	4597358	16.600	0
TguLTR6a	NW_005054320.1	4719453	4719856	24.000	0
TguLTRL4b	NW_005054320.1	4730666	4731710	17.100	0
TguLTR5d	NW_005054320.1	4744964	4745522	16.800	0
TguLTR5e	NW_005054320.1	5167199	5167655	26.100	0
TguLTR5a	NW_005054320.1	5175583	5176135	20.700	0
TguLTR5a	NW_005054320.1	5186231	5186822	18.400	0
TguLTR5d	NW_005054320.1	5231067	5231151	24.400	0
TguLTR5a	NW_005054320.1	5274226	5274725	18.100	0
TguLTR5e	NW_005054320.1	5532774	5532961	25.100	0
TguLTRL4c	NW_005054320.1	5630417	5631330	20.000	0
TguLTR11	NW_005054320.1	5685282	5685689	17.400	0
TguLTRL4c	NW_005054320.1	5859182	5860239	20.100	0
TguLTR5b	NW_005054320.1	5931845	5932144	12.000	0
TguLTR5e	NW_005054320.1	6052610	6053195	26.500	0
TguLTR11	NW_005054320.1	6109555	6109709	18.100	0
TguLTRL4c	NW_005054320.1	6194943	6195985	17.400	0
TguLTR5e	NW_005054320.1	6231019	6231119	24.000	0
TguLTRL4d	NW_005054320.1	6303100	6303372	24.000	0
TguLTRL4b	NW_005054320.1	6444766	6445818	20.100	0
TguLTRL4b	NW_005054320.1	6497871	6498882	17.900	0
TguLTR11	NW_005054320.1	6873169	6873533	16.300	0
TguLTRL4c	NW_005054320.1	6956986	6957333	23.300	0
TguLTRL4c	NW_005054320.1	7127026	7127591	18.100	0
TguLTR5b	NW_005054320.1	7257454	7258061	13.300	0
TguLTRL6b	NW_005054320.1	7392404	7392799	19.800	0
TguLTRL4c	NW_005054320.1	7400311	7401308	17.600	0
TguLTR5e	NW_005054320.1	7427950	7428162	20.200	0
TguLTRL4c	NW_005054320.1	7678507	7679427	20.100	0
TguLTRL4c	NW_005054320.1	7890759	7891140	19.900	0
TguLTRL4c	NW_005054320.1	8057699	8058061	17.600	0
TguLTRL4c	NW_005054320.1	8058062	8058130	17.900	0
TguLTRL4c	NW_005054320.1	8077250	8078358	18.600	0
TguLTRL4d	NW_005054320.1	8082336	8083334	26.500	0
TguLTRL4b	NW_005054321.1	27903	28935	20.200	0
TguLTRL4c	NW_005054321.1	45667	46099	24.900	0
TguLTRL4c	NW_005054321.1	46119	46334	27.900	0
TguLTRL4d	NW_005054321.1	61955	62755	27.700	0
TguLTR5d	NW_005054321.1	63833	63940	22.400	0
TguLTR5d	NW_005054321.1	64223	64375	25.700	0
TguLTRL4d	NW_005054321.1	80458	81172	26.400	0
TguLTRL4d	NW_005054321.1	95829	96076	25.300	0
TguLTRL4b	NW_005054321.1	107136	108277	20.900	0
TguLTR5c	NW_005054321.1	116209	116440	25.800	0
TguLTR5c	NW_005054321.1	121193	121421	18.700	0
TguLTRL4b	NW_005054321.1	137313	138513	19.100	0
TguLTRL4c	NW_005054321.1	139159	139812	22.100	0
TguLTRL4c	NW_005054321.1	156260	156521	22.400	0
TguLTR6a	NW_005054321.1	202904	203348	22.700	0
TguLTR5b	NW_005054321.1	216173	216307	20.900	0
TguLTR5b	NW_005054321.1	221823	221928	16.000	0
TguLTR11	NW_005054321.1	222416	222562	15.600	0
TguLTR5b	NW_005054321.1	222607	223065	24.900	0
TguLTR5d	NW_005054321.1	241423	242002	18.400	0
TguLTR11	NW_005054321.1	248909	249183	19.000	0
TguLTR11	NW_005054321.1	249239	249516	18.800	0
TguLTR5d	NW_005054321.1	254132	254432	31.800	0
TguLTRL4b	NW_005054321.1	255015	256054	29.600	0
TguLTRL4c	NW_005054321.1	262105	263162	26.900	0
TguLTR5d	NW_005054321.1	266752	267321	21.100	0
TguLTR5e	NW_005054321.1	271818	272147	24.100	0
TguLTR5d	NW_005054321.1	276155	276329	23.000	0
TguLTR5d	NW_005054321.1	276331	276564	19.500	0
TguLTRL4d	NW_005054321.1	303299	303589	29.900	0
TguLTR11	NW_005054321.1	339254	339439	14.600	0
TguLTR11	NW_005054321.1	340793	341482	16.800	0
TguLTRL4d	NW_005054321.1	351309	351414	31.400	0
TguLTRL4d	NW_005054321.1	351419	351928	27.400	0
TguLTRL4b	NW_005054321.1	364804	365623	20.500	0
TguLTRL4b	NW_005054321.1	366413	366677	22.200	0
TguLTRL6b	NW_005054321.1	370894	371316	20.000	0
TguLTRL6b	NW_005054321.1	379707	380129	20.000	0
TguLTR5a	NW_005054321.1	385161	385301	12.900	0
TguLTR5a	NW_005054321.1	386048	386493	21.600	0
TguLTR5d	NW_005054321.1	402303	402418	17.500	0
TguLTR5d	NW_005054321.1	403332	403679	12.500	0
TguLTR5e	NW_005054321.1	405701	406050	26.900	0
TguLTRL4b	NW_005054321.1	408686	408833	25.700	0
TguLTRL4b	NW_005054321.1	409413	410266	30.600	0
TguLTR5d	NW_005054321.1	442010	442559	18.500	0
TguLTR5d	NW_005054321.1	456111	456610	25.500	0
TguLTR11	NW_005054321.1	460537	460610	19.200	0
TguLTRL6b	NW_005054321.1	461746	462141	18.300	0
TguLTR5a	NW_005054321.1	489730	489992	21.400	0
TguLTR5b	NW_005054321.1	501642	501973	17.500	0
TguLTR5b	NW_005054321.1	502706	502973	15.400	0
TguLTR5a	NW_005054321.1	515362	515960	23.300	0
TguLTR5d	NW_005054321.1	515960	516076	30.400	0
TguLTR11	NW_005054321.1	516272	516315	18.600	0
TguLTR11	NW_005054321.1	516522	516740	18.600	0
TguLTR11	NW_005054321.1	516760	517106	20.900	0
TguLTRL4b	NW_005054321.1	568543	568992	20.000	0
TguLTR5d	NW_005054321.1	572772	573253	19.500	0
TguLTRL4b	NW_005054321.1	601080	602111	25.800	0
TguLTR5d	NW_005054321.1	624638	624733	28.400	0
TguLTRL4c	NW_005054321.1	656437	656719	23.700	0
TguLTR5a	NW_005054321.1	768269	768624	20.800	0
TguLTRL6b	NW_005054321.1	786638	787077	19.600	0
TguLTR5d	NW_005054321.1	805805	806308	24.600	0
TguLTR5d	NW_005054321.1	825129	825482	21.200	0
TguLTR5a	NW_005054321.1	827160	827566	30.500	0
TguLTR5e	NW_005054321.1	872862	872959	29.200	0
TguLTR5d	NW_005054321.1	911854	911913	23.700	0
TguLTRL4c	NW_005054321.1	917607	918158	17.900	0
TguLTRL4d	NW_005054321.1	922272	923179	27.300	0
TguLTR5c	NW_005054321.1	926397	926550	20.900	0
TguLTR11	NW_005054321.1	926730	926906	21.500	0
TguLTR11	NW_005054321.1	927104	927229	26.400	0
TguLTR11	NW_005054321.1	927273	927427	16.600	0
TguLTR11	NW_005054321.1	930495	930729	20.900	0
TguLTR11	NW_005054321.1	930969	931047	15.400	0
TguLTR5d	NW_005054321.1	941021	941564	24.800	0
TguLTRL4d	NW_005054321.1	967245	967491	26.700	0
TguLTRL4d	NW_005054321.1	972579	972839	23.900	0
TguLTRL4c	NW_005054321.1	973200	973951	25.500	0
TguLTR5a	NW_005054321.1	1024464	1024915	24.400	0
TguLTRL4d	NW_005054321.1	1027288	1027486	32.800	0
TguLTRL4d	NW_005054321.1	1027657	1028049	32.200	0
TguLTR5e	NW_005054321.1	1031369	1031508	25.400	0
TguLTR5e	NW_005054321.1	1031618	1031892	27.000	0
TguLTRL4c	NW_005054321.1	1063403	1063765	28.200	0
TguLTRL4c	NW_005054321.1	1070510	1071567	21.800	0
TguLTR5b	NW_005054321.1	1142200	1142774	19.600	0
TguLTRL4d	NW_005054321.1	1145600	1145727	18.100	0
TguLTR5d	NW_005054321.1	1161129	1161665	23.600	0
TguLTRL4b	NW_005054321.1	1199789	1200840	19.200	0
TguLTR5d	NW_005054321.1	1256702	1256817	17.400	0
TguLTR5d	NW_005054321.1	1275107	1275645	17.100	0
TguLTR6a	NW_005054321.1	1293075	1293368	19.100	0
TguLTR6a	NW_005054321.1	1293435	1293580	15.200	0
TguLTR5a	NW_005054321.1	1305763	1306327	20.400	0
TguLTRL4c	NW_005054321.1	1309986	1310643	21.000	0
TguLTR5e	NW_005054321.1	1335764	1336106	30.500	0
TguLTR5e	NW_005054321.1	1336138	1336395	30.500	0
TguLTR5a	NW_005054321.1	1351873	1351992	27.500	0
TguLTR5a	NW_005054321.1	1352067	1352416	24.600	0
TguLTRL4c	NW_005054321.1	1360229	1361321	23.900	0
TguLTR11	NW_005054321.1	1371904	1372125	17.600	0
TguLTR11	NW_005054321.1	1372556	1372826	19.600	0
TguLTR5b	NW_005054321.1	1381480	1381559	16.700	0
TguLTRL6b	NW_005054321.1	1403623	1403901	18.100	0
TguLTR11	NW_005054321.1	1454910	1455036	22.200	0
TguLTRL4d	NW_005054321.1	1456992	1457919	25.900	0
TguLTR11	NW_005054321.1	1465650	1465735	14.200	0
TguLTR11	NW_005054321.1	1465763	1465774	14.200	0
TguLTR11	NW_005054321.1	1466308	1466471	17.300	0
TguLTR5e	NW_005054321.1	1489650	1490082	22.300	0
TguLTRL4d	NW_005054321.1	1491356	1491644	24.000	0
TguLTRL4d	NW_005054321.1	1506370	1506675	26.800	0
TguLTRL4d	NW_005054321.1	1506697	1507169	27.200	0
TguLTR5d	NW_005054321.1	1591017	1591550	20.000	0
TguLTR5d	NW_005054321.1	1610141	1610463	19.700	0
TguLTRL6b	NW_005054321.1	1610510	1610675	24.700	0
TguLTR5d	NW_005054321.1	1611111	1611394	21.500	0
TguLTR5d	NW_005054321.1	1618031	1618554	21.400	0
TguLTRL4c	NW_005054321.1	1629438	1630482	19.100	0
TguLTRL4c	NW_005054321.1	1657719	1658638	24.500	0
TguLTR5d	NW_005054321.1	1671603	1672147	20.000	0
TguLTR5d	NW_005054321.1	1705981	1706487	25.100	0
TguLTR5a	NW_005054321.1	1714620	1715028	24.300	0
TguLTR5a	NW_005054321.1	1715043	1715113	22.900	0
TguLTR6a	NW_005054321.1	1734794	1735218	21.800	0
TguLTRL4d	NW_005054321.1	1756705	1757430	26.600	0
TguLTR5e	NW_005054321.1	1780647	1780985	27.900	0
TguLTR5e	NW_005054321.1	1781015	1781161	24.100	0
TguLTRL4c	NW_005054321.1	1781889	1782987	21.400	0
TguLTRL4c	NW_005054321.1	1784212	1784606	21.600	0
TguLTR5e	NW_005054321.1	1793882	1794011	26.400	0
TguLTRL4c	NW_005054321.1	1794044	1794142	25.000	0
TguLTRL4c	NW_005054321.1	1794143	1794263	26.100	0
TguLTR5e	NW_005054321.1	1794264	1794688	26.900	0
TguLTRL4c	NW_005054321.1	1797689	1798630	21.600	0
TguLTR5d	NW_005054321.1	1840487	1841010	15.400	0
TguLTR11	NW_005054321.1	1842308	1842506	21.200	0
TguLTR5d	NW_005054321.1	1843083	1843198	21.700	0
TguLTRL4d	NW_005054321.1	1888805	1889600	24.000	0
TguLTR5d	NW_005054321.1	1954194	1954479	16.600	0
TguLTR5b	NW_005054321.1	2158249	2158639	17.800	0
TguLTRL4b	NW_005054321.1	2158641	2158841	16.100	0
TguLTR5b	NW_005054321.1	2158870	2158959	7.900	0
TguLTRL4c	NW_005054321.1	2188880	2189710	24.000	0
TguLTRL4c	NW_005054321.1	2196546	2196951	17.000	0
TguLTRL4c	NW_005054321.1	2196995	2197053	20.700	0
TguLTRL4c	NW_005054321.1	2215052	2216085	19.500	0
TguLTR5e	NW_005054321.1	2275386	2275897	22.900	0
TguLTRL6b	NW_005054321.1	2395801	2395973	22.900	0
TguLTR6a	NW_005054321.1	2396078	2396390	21.100	0
TguLTRL4c	NW_005054321.1	2429795	2430729	18.500	0
TguLTR5b	NW_005054321.1	2430729	2431321	12.200	0
TguLTR5d	NW_005054321.1	2433037	2433598	18.700	0
TguLTRL4b	NW_005054321.1	2472089	2472372	23.200	0
TguLTRL4c	NW_005054321.1	2505111	2505853	21.600	0
TguLTR11	NW_005054321.1	2591442	2591833	17.900	0
TguLTR5e	NW_005054321.1	2596290	2596388	21.400	0
TguLTR5d	NW_005054321.1	2608458	2609005	14.500	0
TguLTR5d	NW_005054321.1	2622160	2622532	18.200	0
TguLTR5d	NW_005054321.1	2637782	2637845	17.700	0
TguLTR5d	NW_005054321.1	2637845	2638007	20.600	0
TguLTR5a	NW_005054321.1	2660627	2661190	17.700	0
TguLTR6a	NW_005054321.1	2775223	2775611	18.600	0
TguLTR5d	NW_005054321.1	2804874	2805148	22.700	0
TguLTR5b	NW_005054321.1	2837783	2838119	15.500	0
TguLTRL4c	NW_005054321.1	2838398	2838494	18.800	0
TguLTRL4c	NW_005054321.1	2838495	2839002	20.000	0
TguLTR5a	NW_005054321.1	2850035	2850601	20.100	0
TguLTRL4b	NW_005054321.1	2893144	2894161	20.200	0
TguLTR5e	NW_005054321.1	2897115	2897208	19.000	0
TguLTR5e	NW_005054321.1	2897303	2897376	23.300	0
TguLTR5b	NW_005054321.1	2988567	2989141	14.500	0
TguLTR5b	NW_005054321.1	3031696	3032284	15.400	0
TguLTRL4c	NW_005054321.1	3158758	3159878	19.300	0
TguLTRL4c	NW_005054321.1	3165775	3166485	20.600	0
TguLTR5c	NW_005054321.1	3273965	3274547	19.900	0
TguLTR5a	NW_005054321.1	3282124	3282669	20.400	0
TguLTR5a	NW_005054321.1	3307292	3307455	20.900	0
TguLTR5b	NW_005054321.1	3307625	3308218	12.000	0
TguLTR5a	NW_005054321.1	3308351	3308577	21.700	0
TguLTR5a	NW_005054321.1	3366796	3367186	19.100	0
TguLTR5d	NW_005054321.1	3382695	3383203	16.100	0
TguLTR5b	NW_005054321.1	3487074	3487187	15.900	0
TguLTR5b	NW_005054321.1	3487714	3488307	15.200	0
TguLTR5d	NW_005054321.1	3488312	3488483	14.100	0
TguLTR5b	NW_005054321.1	3553185	3553761	16.800	0
TguLTRL4d	NW_005054321.1	3697088	3697262	15.500	0
TguLTR6a	NW_005054321.1	3775220	3775643	24.000	0
TguLTRL4d	NW_005054321.1	3927913	3928234	25.900	0
TguLTRL4d	NW_005054321.1	3928357	3928534	23.000	0
TguLTR5a	NW_005054321.1	3981907	3982457	19.700	0
TguLTRL4c	NW_005054321.1	4126210	4126818	15.900	0
TguLTRL4b	NW_005054321.1	4140069	4141160	18.100	0
TguLTR5d	NW_005054321.1	4173756	4174287	14.700	0
TguLTRL4b	NW_005054321.1	4324799	4325821	21.300	0
TguLTR5c	NW_005054321.1	4490832	4491386	19.500	0
TguLTRL4b	NW_005054321.1	4518040	4519071	18.400	0
TguLTR5a	NW_005054321.1	4553228	4553644	19.600	0
TguLTR5a	NW_005054321.1	4553709	4553795	19.600	0
TguLTR5a	NW_005054321.1	4553856	4553901	19.600	0
TguLTR5c	NW_005054321.1	4656738	4657304	22.700	0
TguLTR5a	NW_005054321.1	4724737	4724857	19.300	0
TguLTR5a	NW_005054321.1	4724913	4725289	20.800	0
TguLTR5d	NW_005054321.1	4765406	4765860	19.000	0
TguLTR5d	NW_005054321.1	4810102	4810664	21.200	0
TguLTRL4b	NW_005054321.1	4832246	4832390	15.400	0
TguLTRL4d	NW_005054321.1	4852674	4852998	24.500	0
TguLTR5d	NW_005054321.1	5010318	5010617	15.800	0
TguLTR5d	NW_005054321.1	5010674	5010737	9.500	0
TguLTRL4c	NW_005054321.1	5163251	5164286	16.500	0
TguLTR5b	NW_005054321.1	5208891	5209504	13.500	0
TguLTRL4b	NW_005054321.1	5274578	5275597	25.100	0
TguLTR5a	NW_005054321.1	5336633	5337014	21.000	0
TguLTR5a	NW_005054321.1	5337097	5337272	21.800	0
TguLTR11	NW_005054321.1	5425806	5426074	16.300	0
TguLTR11	NW_005054321.1	5473020	5473156	19.200	0
TguLTR5d	NW_005054321.1	5478775	5479356	13.400	0
TguLTR5d	NW_005054321.1	5481223	5481435	14.200	0
TguLTR5d	NW_005054321.1	5542783	5542933	14.700	0
TguLTRL4c	NW_005054321.1	5601074	5601568	16.200	0
TguLTR5c	NW_005054321.1	5680648	5680714	13.500	0
TguLTRL4d	NW_005054321.1	5715740	5715963	25.600	0
TguLTR5d	NW_005054321.1	5778141	5778708	12.300	0
TguLTR5b	NW_005054321.1	5828582	5829153	12.300	0
TguLTR5c	NW_005054321.1	5831666	5832223	16.300	0
TguLTRL4b	NW_005054321.1	6010506	6011476	17.400	0
TguLTR5d	NW_005054321.1	6049519	6049967	16.800	0
TguLTR5b	NW_005054321.1	6092958	6093330	11.800	0
TguLTRL4b	NW_005054321.1	6174969	6175988	18.400	0
TguLTR5a	NW_005054321.1	6203898	6204470	20.600	0
TguLTR5e	NW_005054321.1	6211314	6211433	23.900	0
TguLTR5e	NW_005054321.1	6211580	6211787	28.700	0
TguLTRL4c	NW_005054321.1	6298344	6298928	22.000	0
TguLTRL4c	NW_005054321.1	6299705	6300056	20.100	0
TguLTR5d	NW_005054321.1	6326198	6326517	19.700	0
TguLTR5d	NW_005054321.1	6326848	6327030	18.400	0
TguLTR5d	NW_005054321.1	6327088	6327128	18.400	0
TguLTRL4c	NW_005054321.1	6341144	6341636	25.000	0
TguLTRL4d	NW_005054321.1	6384316	6384438	33.600	0
TguLTRL4d	NW_005054321.1	6405894	6406100	24.000	0
TguLTRL4b	NW_005054321.1	6439225	6440251	19.700	0
TguLTRL4b	NW_005054321.1	6465673	6466749	19.200	0
TguLTR5d	NW_005054321.1	6472015	6472585	13.900	0
TguLTR6a	NW_005054321.1	6483256	6483632	20.500	0
TguLTR5d	NW_005054321.1	6505842	6506415	19.400	0
TguLTRL4c	NW_005054321.1	6541387	6542387	18.900	0
TguLTR5d	NW_005054321.1	6556887	6557459	14.500	0
TguLTR5d	NW_005054321.1	6577180	6577429	15.400	0
TguLTRL4c	NW_005054321.1	6647162	6648288	17.800	0
TguLTRL4d	NW_005054321.1	6682710	6682842	23.100	0
TguLTR6a	NW_005054321.1	6790686	6791100	21.000	0
TguLTR5a	NW_005054321.1	6800304	6800911	17.700	0
TguLTRL4b	NW_005054321.1	6943855	6944013	13.900	0
TguLTR6a	NW_005054321.1	7147911	7148368	20.600	0
TguLTRL4b	NW_005054321.1	7167063	7168098	14.900	0
TguLTRL4c	NW_005054321.1	7232785	7233429	24.700	0
TguLTRL4d	NW_005054321.1	7397976	7398268	23.600	0
TguLTR5d	NW_005054321.1	7526033	7526611	19.800	0
TguLTRL4c	NW_005054321.1	7606119	7606803	17.700	0
TguLTRL4c	NW_005054321.1	7771456	7771590	21.400	0
TguLTR5a	NW_005054321.1	7841911	7842455	19.000	0
TguLTR5a	NW_005054321.1	7933606	7933866	21.000	0
TguLTRL4c	NW_005054321.1	7954546	7954734	12.800	0
TguLTRL4c	NW_005054321.1	7960447	7961036	18.600	0
TguLTRL4b	NW_005054321.1	8122641	8123648	19.200	0
TguLTRL4d	NW_005054321.1	8135073	8135383	26.200	0
TguLTR5a	NW_005054321.1	8164690	8164889	21.100	0
TguLTR5a	NW_005054321.1	8165502	8165692	20.500	0
TguLTR5d	NW_005054321.1	8203028	8203604	25.500	0
TguLTR5a	NW_005054321.1	8213984	8214560	19.800	0
TguLTR5d	NW_005054321.1	8219861	8220442	15.500	0
TguLTR5b	NW_005054321.1	8230541	8231113	16.900	0
TguLTR5c	NW_005054322.1	18346	18874	24.100	0
TguLTR5b	NW_005054322.1	22008	22589	15.500	0
TguLTRL4c	NW_005054322.1	42187	42758	21.100	0
TguLTRL4d	NW_005054322.1	47149	47314	21.400	0
TguLTRL4c	NW_005054322.1	81633	81825	24.900	0
TguLTR5c	NW_005054322.1	85671	86256	21.500	0
TguLTRL4c	NW_005054322.1	151971	153007	21.900	0
TguLTRL4c	NW_005054322.1	158064	158311	30.000	0
TguLTRL4c	NW_005054322.1	193408	194510	20.700	0
TguLTR5e	NW_005054322.1	229133	229690	29.000	0
TguLTRL4d	NW_005054322.1	230291	230921	28.600	0
TguLTR6a	NW_005054322.1	259407	259829	20.500	0
TguLTR5a	NW_005054322.1	279139	279685	21.300	0
TguLTRL4c	NW_005054322.1	282984	283371	26.400	0
TguLTRL6b	NW_005054322.1	286606	286996	23.200	0
TguLTRL4c	NW_005054322.1	296352	297452	23.700	0
TguLTR5e	NW_005054322.1	317201	317294	28.000	0
TguLTR5e	NW_005054322.1	317450	317719	27.600	0
TguLTRL4d	NW_005054322.1	317908	318703	26.800	0
TguLTR5b	NW_005054322.1	333545	334108	13.700	0
TguLTR5d	NW_005054322.1	341965	342382	22.400	0
TguLTR6a	NW_005054322.1	378338	378511	21.800	0
TguLTRL6b	NW_005054322.1	378566	378641	30.700	0
TguLTR5a	NW_005054322.1	392906	392942	11.100	0
TguLTRL4c	NW_005054322.1	399258	400006	22.400	0
TguLTRL4c	NW_005054322.1	405467	406000	21.100	0
TguLTR5d	NW_005054322.1	425055	425604	16.600	0
TguLTRL4c	NW_005054322.1	439060	439233	22.000	0
TguLTRL4c	NW_005054322.1	439770	439963	24.300	0
TguLTR5c	NW_005054322.1	446749	447181	27.200	0
TguLTR5c	NW_005054322.1	447235	447386	31.100	0
TguLTR5d	NW_005054322.1	514145	514721	25.000	0
TguLTR5a	NW_005054322.1	550835	551262	16.900	0
TguLTR5a	NW_005054322.1	551318	551438	10.800	0
TguLTRL4d	NW_005054322.1	561833	562005	23.000	0
TguLTRL4d	NW_005054322.1	562367	562475	27.800	0
TguLTR5e	NW_005054322.1	564305	564528	27.400	0
TguLTR5e	NW_005054322.1	564546	564767	26.700	0
TguLTR5d	NW_005054322.1	569615	570143	20.500	0
TguLTRL4c	NW_005054322.1	639233	639579	18.900	0
TguLTR5d	NW_005054322.1	640728	641123	23.300	0
TguLTRL4c	NW_005054322.1	706724	707792	20.900	0
TguLTR6a	NW_005054322.1	833208	833619	26.400	0
TguLTR5b	NW_005054322.1	858486	859070	14.500	0
TguLTR5c	NW_005054322.1	879185	879763	18.500	0
TguLTRL6b	NW_005054322.1	901456	901885	17.800	0
TguLTR5e	NW_005054322.1	914636	914926	26.200	0
TguLTRL4d	NW_005054322.1	1104662	1104860	15.200	0
TguLTRL4c	NW_005054322.1	1118167	1119092	18.700	0
TguLTR6a	NW_005054322.1	1147421	1147906	19.500	0
TguLTR5e	NW_005054322.1	1328257	1328807	26.600	0
TguLTR5a	NW_005054322.1	1335966	1336531	22.200	0
TguLTRL4c	NW_005054322.1	1488241	1488923	16.600	0
TguLTR5d	NW_005054322.1	1525587	1525695	25.400	0
TguLTR6a	NW_005054322.1	1561061	1561242	25.400	0
TguLTRL4b	NW_005054322.1	1620521	1621005	15.800	0
TguLTR5d	NW_005054322.1	1663802	1664034	19.000	0
TguLTR5d	NW_005054322.1	1664354	1664616	21.700	0
TguLTRL4c	NW_005054322.1	1697448	1697819	22.000	0
TguLTR5d	NW_005054322.1	1850553	1850753	16.100	0
TguLTRL4c	NW_005054322.1	1895140	1896200	18.400	0
TguLTR5d	NW_005054322.1	1943673	1944213	15.900	0
TguLTR5d	NW_005054322.1	2119949	2120525	17.300	0
TguLTR5e	NW_005054322.1	2130805	2130929	32.000	0
TguLTR5a	NW_005054322.1	2248486	2249020	21.200	0
TguLTR5d	NW_005054322.1	2349647	2350234	16.400	0
TguLTRL6b	NW_005054322.1	2381807	2382109	22.200	0
TguLTR5d	NW_005054322.1	2388277	2388857	15.000	0
TguLTR6a	NW_005054322.1	2433374	2433837	20.700	0
TguLTR5a	NW_005054322.1	2440258	2440811	20.200	0
TguLTR5c	NW_005054322.1	2512762	2513298	24.900	0
TguLTRL6b	NW_005054322.1	2517604	2517731	22.100	0
TguLTR5c	NW_005054322.1	2639748	2640281	22.600	0
TguLTR5d	NW_005054322.1	2728858	2729434	16.500	0
TguLTR5d	NW_005054322.1	2794167	2794673	16.300	0
TguLTRL4d	NW_005054322.1	2795145	2795459	30.600	0
TguLTR5d	NW_005054322.1	2796084	2796598	18.600	0
TguLTR5b	NW_005054322.1	3088636	3088759	11.400	0
TguLTR5c	NW_005054322.1	3114157	3114559	20.600	0
TguLTR5a	NW_005054322.1	3139341	3139811	21.000	0
TguLTR5e	NW_005054322.1	3319029	3319576	28.300	0
TguLTRL4c	NW_005054322.1	3363577	3364656	17.900	0
TguLTR5a	NW_005054322.1	3390711	3391274	16.800	0
TguLTRL4c	NW_005054322.1	3495944	3496107	19.800	0
TguLTRL4c	NW_005054322.1	3496110	3496448	17.600	0
TguLTRL4d	NW_005054322.1	3515566	3516388	24.600	0
TguLTRL4c	NW_005054322.1	3523973	3524487	17.600	0
TguLTRL4c	NW_005054322.1	3524495	3524787	17.100	0
TguLTR5b	NW_005054322.1	3571919	3572505	14.000	0
TguLTR5d	NW_005054322.1	3615569	3615726	18.600	0
TguLTRL4c	NW_005054322.1	3646066	3646574	22.300	0
TguLTR11	NW_005054322.1	3729830	3730063	23.400	0
TguLTRL4c	NW_005054322.1	3737744	3738955	19.800	0
TguLTRL4d	NW_005054322.1	3785119	3785290	25.900	0
TguLTR5a	NW_005054322.1	3815407	3815974	19.600	0
TguLTR5c	NW_005054322.1	3849200	3849776	17.400	0
TguLTRL4c	NW_005054322.1	3961128	3961285	13.400	0
TguLTR5b	NW_005054322.1	3966216	3966807	12.700	0
TguLTR5a	NW_005054322.1	3986619	3986950	23.000	0
TguLTR5d	NW_005054322.1	3988747	3989335	20.300	0
TguLTR5a	NW_005054322.1	4002177	4002759	19.200	0
TguLTR5d	NW_005054322.1	4014259	4014652	17.600	0
TguLTR5e	NW_005054322.1	4017391	4017553	29.800	0
TguLTR5c	NW_005054322.1	4073030	4073550	19.900	0
TguLTRL4b	NW_005054322.1	4074737	4075801	18.100	0
TguLTR5a	NW_005054322.1	4135565	4136131	20.000	0
TguLTRL4b	NW_005054322.1	4147480	4148506	16.900	0
TguLTR5a	NW_005054322.1	4266926	4267115	23.300	0
TguLTRL4c	NW_005054322.1	4333756	4334267	18.900	0
TguLTR5b	NW_005054322.1	4375990	4376132	15.500	0
TguLTR5a	NW_005054322.1	4514212	4514741	19.600	0
TguLTRL4c	NW_005054322.1	4520590	4521010	21.600	0
TguLTRL4c	NW_005054322.1	4521205	4521766	14.800	0
TguLTR5d	NW_005054322.1	4551645	4552134	23.400	0
TguLTRL4b	NW_005054322.1	4617040	4618119	27.700	0
TguLTRL4c	NW_005054322.1	4738855	4738980	11.200	0
TguLTRL4c	NW_005054322.1	4738987	4739245	16.900	0
TguLTRL4b	NW_005054322.1	4761363	4762189	21.800	0
TguLTR5e	NW_005054322.1	4768066	4768646	26.000	0
TguLTR5a	NW_005054322.1	4920065	4920588	18.800	0
TguLTR5c	NW_005054322.1	4986527	4987072	17.100	0
TguLTRL4b	NW_005054322.1	5009692	5010667	23.300	0
TguLTR6a	NW_005054322.1	5049999	5050430	22.900	0
TguLTR5b	NW_005054322.1	5085685	5086271	12.600	0
TguLTRL4c	NW_005054322.1	5125038	5126094	19.700	0
TguLTRL4c	NW_005054322.1	5269319	5270374	19.300	0
TguLTR5a	NW_005054322.1	5271165	5271778	18.000	0
TguLTR11	NW_005054322.1	5400051	5400456	23.900	0
TguLTRL4c	NW_005054322.1	5406797	5407458	17.300	0
TguLTR5b	NW_005054322.1	5615856	5615955	13.100	0
TguLTR5b	NW_005054322.1	5616086	5616498	14.100	0
TguLTR5e	NW_005054322.1	5619740	5620322	24.500	0
TguLTRL4b	NW_005054322.1	5630515	5630654	26.700	0
TguLTRL4c	NW_005054322.1	5757306	5757425	15.100	0
TguLTRL4c	NW_005054322.1	5765587	5765726	18.000	0
TguLTRL4c	NW_005054322.1	5765797	5766079	18.300	0
TguLTR5e	NW_005054322.1	6133788	6133916	24.200	0
TguLTRL4d	NW_005054322.1	6134118	6134232	28.600	0
TguLTRL4d	NW_005054322.1	6134248	6134377	25.900	0
TguLTRL4b	NW_005054322.1	6410071	6410400	13.700	0
TguLTR5a	NW_005054322.1	6481334	6481896	19.200	0
TguLTRL4c	NW_005054322.1	6544327	6544985	24.500	0
TguLTRL4c	NW_005054322.1	6564685	6565039	20.700	0
TguLTRL4c	NW_005054322.1	6565039	6565440	17.200	0
TguLTR5d	NW_005054322.1	6670865	6671150	15.800	0
TguLTR5b	NW_005054322.1	6671157	6671248	26.700	0
TguLTRL4b	NW_005054322.1	6713627	6714650	23.400	0
TguLTR5c	NW_005054322.1	6750619	6750854	10.800	0
TguLTR5b	NW_005054322.1	6765537	6766141	14.600	0
TguLTRL4c	NW_005054322.1	6840436	6841460	19.500	0
TguLTRL4c	NW_005054322.1	6926742	6926922	13.300	0
TguLTRL4c	NW_005054322.1	6926930	6926988	13.800	0
TguLTRL4c	NW_005054322.1	6926994	6927302	20.100	0
TguLTRL4c	NW_005054322.1	7060042	7060705	22.100	0
TguLTRL4d	NW_005054322.1	7075837	7076338	25.500	0
TguLTRL4d	NW_005054322.1	7076343	7076604	23.000	0
TguLTRL4d	NW_005054322.1	7077745	7077845	18.200	0
TguLTRL4c	NW_005054322.1	7081235	7082155	25.100	0
TguLTRL4c	NW_005054322.1	7089979	7090140	20.800	0
TguLTRL4c	NW_005054322.1	7147431	7148097	20.200	0
TguLTR11	NW_005054322.1	7178985	7179568	15.800	0
TguLTR5d	NW_005054322.1	7212154	7212342	19.100	0
TguLTR5a	NW_005054322.1	7218083	7218655	20.500	0
TguLTRL4c	NW_005054322.1	7223247	7224347	21.000	0
TguLTR5a	NW_005054322.1	7291549	7291704	25.100	0
TguLTR5a	NW_005054322.1	7291755	7292127	25.100	0
TguLTR5d	NW_005054322.1	7355148	7355702	20.700	0
TguLTRL4d	NW_005054322.1	7410447	7410653	27.600	0
TguLTRL4d	NW_005054322.1	7410895	7411163	24.400	0
TguLTR5a	NW_005054322.1	7451318	7451365	21.300	0
TguLTRL4c	NW_005054322.1	7505869	7506820	23.800	0
TguLTR5d	NW_005054322.1	7530471	7531040	19.500	0
TguLTR5d	NW_005054322.1	7737761	7738155	22.900	0
TguLTR5d	NW_005054322.1	7738236	7738396	25.800	0
TguLTR11	NW_005054322.1	7742843	7743079	20.100	0
TguLTR11	NW_005054322.1	7743508	7743762	17.400	0
TguLTRL4b	NW_005054323.1	0	91	16.500	0
TguLTR6a	NW_005054323.1	34265	34667	29.200	0
TguLTRL6b	NW_005054323.1	35073	35444	17.900	0
TguLTRL4c	NW_005054323.1	77572	77892	27.700	0
TguLTRL4b	NW_005054323.1	98586	99664	17.300	0
TguLTR6a	NW_005054323.1	106330	106797	22.100	0
TguLTR5a	NW_005054323.1	215202	215802	18.000	0
TguLTRL4b	NW_005054323.1	413280	414101	17.500	0
TguLTRL4b	NW_005054323.1	414552	414828	16.500	0
TguLTRL6b	NW_005054323.1	439719	440205	20.100	0
TguLTRL6b	NW_005054323.1	452266	452427	20.200	0
TguLTRL6b	NW_005054323.1	452582	452732	29.200	0
TguLTRL6b	NW_005054323.1	458582	458768	20.000	0
TguLTRL6b	NW_005054323.1	459155	459539	18.600	0
TguLTRL4c	NW_005054323.1	520611	521813	21.500	0
TguLTR5a	NW_005054323.1	522433	522564	31.500	0
TguLTR5a	NW_005054323.1	522624	522785	32.700	0
TguLTR6a	NW_005054323.1	522797	523055	19.800	0
TguLTR6a	NW_005054323.1	523277	523365	14.800	0
TguLTR5a	NW_005054323.1	523384	523574	19.500	0
TguLTR5a	NW_005054323.1	529770	530094	23.600	0
TguLTRL4c	NW_005054323.1	531336	531444	29.600	0
TguLTR5a	NW_005054323.1	536633	537136	22.300	0
TguLTR5e	NW_005054323.1	541653	541916	28.200	0
TguLTRL6b	NW_005054323.1	556390	556834	22.400	0
TguLTR5a	NW_005054323.1	598574	599124	24.200	0
TguLTRL4d	NW_005054323.1	603647	604442	28.200	0
TguLTR5e	NW_005054323.1	628904	629469	31.100	0
TguLTR11	NW_005054323.1	632165	632288	24.000	0
TguLTR5e	NW_005054323.1	633256	633540	28.200	0
TguLTRL4b	NW_005054323.1	647405	647616	25.200	0
TguLTRL4b	NW_005054323.1	648104	649021	28.300	0
TguLTR5a	NW_005054323.1	664182	664304	22.900	0
TguLTR6a	NW_005054323.1	664327	664423	26.900	0
TguLTRL6b	NW_005054323.1	664678	665008	17.100	0
TguLTR5a	NW_005054323.1	668169	668439	20.600	0
TguLTR5a	NW_005054323.1	692626	692708	19.500	0
TguLTR5a	NW_005054323.1	744599	744682	20.500	0
TguLTR5a	NW_005054323.1	749925	750363	23.200	0
TguLTRL6b	NW_005054323.1	775485	775630	20.800	0
TguLTR5b	NW_005054323.1	798481	799009	17.800	0
TguLTRL4b	NW_005054323.1	809003	809242	13.900	0
TguLTRL4b	NW_005054323.1	809253	809386	19.600	0
TguLTRL4d	NW_005054323.1	835337	836102	26.200	0
TguLTR5b	NW_005054323.1	892075	892641	14.400	0
TguLTR5e	NW_005054323.1	943622	944179	30.600	0
TguLTRL4b	NW_005054323.1	944520	944615	29.700	0
TguLTR5a	NW_005054323.1	944912	945017	26.000	0
TguLTRL4b	NW_005054323.1	948376	948920	21.400	0
TguLTR5a	NW_005054323.1	954527	954986	20.200	0
TguLTR6a	NW_005054323.1	974733	974880	23.700	0
TguLTR5e	NW_005054323.1	1016400	1016913	28.100	0
TguLTRL4b	NW_005054323.1	1031085	1032163	22.200	0
TguLTR5e	NW_005054323.1	1040143	1040434	29.800	0
TguLTRL4d	NW_005054323.1	1041253	1041612	27.800	0
TguLTR5c	NW_005054323.1	1045731	1045800	14.500	0
TguLTR5c	NW_005054323.1	1045836	1046156	21.000	0
TguLTR5a	NW_005054323.1	1049821	1049906	19.700	0
TguLTR5a	NW_005054323.1	1049949	1050426	21.600	0
TguLTRL4b	NW_005054323.1	1095085	1095519	23.100	0
TguLTR5a	NW_005054323.1	1109058	1109665	20.000	0
TguLTR5d	NW_005054323.1	1187107	1187575	25.300	0
TguLTR5d	NW_005054323.1	1193501	1193564	18.500	0
TguLTRL4b	NW_005054323.1	1240132	1240436	22.200	0
TguLTR5e	NW_005054323.1	1268023	1268587	29.300	0
TguLTRL6b	NW_005054323.1	1274115	1274445	25.300	0
TguLTRL4c	NW_005054323.1	1516631	1517437	22.500	0
TguLTRL4b	NW_005054323.1	1517693	1518755	16.900	0
TguLTRL4d	NW_005054323.1	1529009	1529272	37.300	0
TguLTRL4d	NW_005054323.1	1529370	1529451	26.000	0
TguLTR6a	NW_005054323.1	1550027	1550492	25.600	0
TguLTR6a	NW_005054323.1	1552602	1553105	22.900	0
TguLTRL4c	NW_005054323.1	1598818	1598947	24.700	0
TguLTRL4c	NW_005054323.1	1599091	1599988	29.100	0
TguLTRL4b	NW_005054323.1	1602167	1603157	18.800	0
TguLTRL4c	NW_005054323.1	1625118	1626115	27.700	0
TguLTR5c	NW_005054323.1	1626722	1627284	23.500	0
TguLTR5e	NW_005054323.1	1642526	1642871	29.900	0
TguLTR5e	NW_005054323.1	1643556	1643650	16.100	0
TguLTRL4b	NW_005054323.1	1702556	1702705	26.900	0
TguLTR5b	NW_005054323.1	1703018	1703593	20.100	0
TguLTRL4c	NW_005054323.1	1704893	1705741	23.900	0
TguLTR5b	NW_005054323.1	1758920	1759482	22.700	0
TguLTRL4c	NW_005054323.1	1762960	1763566	28.500	0
TguLTR5d	NW_005054323.1	1800461	1800689	17.600	0
TguLTR11	NW_005054323.1	1800831	1801077	30.100	0
TguLTR5d	NW_005054323.1	1801300	1801634	20.100	0
TguLTRL4d	NW_005054323.1	1813280	1813844	26.500	0
TguLTRL6b	NW_005054323.1	1826562	1826710	21.800	0
TguLTR5c	NW_005054323.1	1879621	1880203	16.600	0
TguLTRL4b	NW_005054323.1	1885972	1887006	23.700	0
TguLTRL4b	NW_005054323.1	1912628	1912830	27.300	0
TguLTRL4b	NW_005054323.1	1913342	1913739	30.700	0
TguLTRL6b	NW_005054323.1	2003929	2004347	26.200	0
TguLTRL4b	NW_005054323.1	2094881	2095928	16.300	0
TguLTR5e	NW_005054323.1	2131644	2132204	28.800	0
TguLTR6a	NW_005054323.1	2163676	2164073	26.600	0
TguLTR5b	NW_005054323.1	2166323	2166912	19.300	0
TguLTRL4b	NW_005054323.1	2197326	2198249	21.800	0
TguLTRL6b	NW_005054323.1	2220405	2220801	16.300	0
TguLTRL4c	NW_005054323.1	2245928	2246841	20.400	0
TguLTR5d	NW_005054323.1	2274189	2274502	26.400	0
TguLTRL4c	NW_005054323.1	2307986	2308319	23.800	0
TguLTRL4c	NW_005054323.1	2317747	2318832	22.100	0
TguLTR5a	NW_005054323.1	2324986	2325431	24.400	0
TguLTR5a	NW_005054323.1	2325465	2325617	24.400	0
TguLTRL4b	NW_005054323.1	2349869	2350884	21.900	0
TguLTR11	NW_005054323.1	2361629	2361882	24.400	0
TguLTR5d	NW_005054323.1	2362423	2362971	30.000	0
TguLTRL4c	NW_005054323.1	2370001	2370879	21.000	0
TguLTRL4b	NW_005054323.1	2440388	2440584	21.800	0
TguLTRL4b	NW_005054323.1	2441050	2441824	33.500	0
TguLTR5e	NW_005054323.1	2462836	2463398	29.400	0
TguLTR5a	NW_005054323.1	2465308	2465881	23.100	0
TguLTRL4c	NW_005054323.1	2473742	2474101	19.500	0
TguLTR5e	NW_005054323.1	2482182	2482740	29.300	0
TguLTR5c	NW_005054323.1	2501698	2502245	21.300	0
TguLTRL4d	NW_005054323.1	2572040	2572210	31.700	0
TguLTR6a	NW_005054323.1	2592272	2592709	20.100	0
TguLTRL4d	NW_005054323.1	2595102	2595284	26.900	0
TguLTRL6b	NW_005054323.1	2595503	2595917	22.900	0
TguLTR5a	NW_005054323.1	2685899	2686443	22.400	0
TguLTR5b	NW_005054323.1	2737922	2738508	14.700	0
TguLTR5c	NW_005054323.1	2742566	2743128	18.100	0
TguLTR5d	NW_005054323.1	2753939	2754486	21.200	0
TguLTR5c	NW_005054323.1	2774470	2774919	19.300	0
TguLTR5b	NW_005054323.1	2778141	2778595	16.500	0
TguLTR5d	NW_005054323.1	2901610	2902156	18.100	0
TguLTRL4c	NW_005054323.1	2909303	2909636	22.100	0
TguLTRL4c	NW_005054323.1	2950944	2951897	23.600	0
TguLTR6a	NW_005054323.1	2956871	2957004	13.700	0
TguLTR5a	NW_005054323.1	3059630	3060067	21.900	0
TguLTR5d	NW_005054323.1	3073656	3074241	20.200	0
TguLTR11	NW_005054323.1	3082311	3082559	21.900	0
TguLTR5d	NW_005054323.1	3096278	3096479	20.900	0
TguLTR5b	NW_005054323.1	3106335	3106852	14.600	0
TguLTRL4c	NW_005054323.1	3138123	3139038	27.100	0
TguLTRL4c	NW_005054323.1	3140206	3140946	19.400	0
TguLTR5d	NW_005054323.1	3142825	3143361	21.700	0
TguLTR5d	NW_005054323.1	3231061	3231601	20.900	0
TguLTR5d	NW_005054323.1	3267770	3268363	19.000	0
TguLTRL4c	NW_005054323.1	3311413	3311627	24.300	0
TguLTRL4b	NW_005054323.1	3430229	3431266	18.400	0
TguLTRL4c	NW_005054323.1	3449356	3450360	26.100	0
TguLTR5a	NW_005054323.1	3496903	3497218	17.200	0
TguLTR5a	NW_005054323.1	3497251	3497440	24.000	0
TguLTR5b	NW_005054323.1	3505929	3506505	14.400	0
TguLTR5d	NW_005054323.1	3508557	3508643	24.400	0
TguLTR5c	NW_005054323.1	3531370	3531804	25.000	0
TguLTR5b	NW_005054323.1	3537292	3537865	15.400	0
TguLTRL4c	NW_005054323.1	3546177	3547148	24.100	0
TguLTRL4b	NW_005054323.1	3554504	3555577	15.200	0
TguLTR5d	NW_005054323.1	3608923	3609182	17.900	0
TguLTRL4d	NW_005054323.1	3631711	3631904	24.900	0
TguLTRL4b	NW_005054323.1	3703023	3704097	15.900	0
TguLTR5d	NW_005054323.1	3711709	3712206	20.500	0
TguLTRL4b	NW_005054323.1	3712517	3713029	18.700	0
TguLTRL4b	NW_005054323.1	3713042	3713768	21.300	0
TguLTR5d	NW_005054323.1	3729934	3730154	26.400	0
TguLTR6a	NW_005054323.1	3758559	3758981	24.700	0
TguLTR5d	NW_005054323.1	3808693	3808971	13.300	0
TguLTR5d	NW_005054323.1	3809657	3810244	25.500	0
TguLTRL4b	NW_005054323.1	3938912	3939548	29.700	0
TguLTRL4b	NW_005054323.1	3939936	3940085	27.000	0
TguLTRL4b	NW_005054323.1	3940582	3940754	25.600	0
TguLTRL4b	NW_005054323.1	3946193	3946368	19.100	0
TguLTRL4b	NW_005054323.1	3946708	3947141	27.200	0
TguLTRL4b	NW_005054323.1	3947154	3947328	27.900	0
TguLTR5d	NW_005054323.1	3968973	3969554	22.800	0
TguLTRL4c	NW_005054323.1	3995807	3996755	23.400	0
TguLTR5e	NW_005054323.1	3997217	3997466	30.800	0
TguLTR5e	NW_005054323.1	3997583	3997712	28.100	0
TguLTRL4b	NW_005054323.1	4065454	4065819	18.800	0
TguLTR5a	NW_005054323.1	4097056	4097297	24.900	0
TguLTR5b	NW_005054323.1	4111754	4111804	10.000	0
TguLTR5b	NW_005054323.1	4123821	4124396	11.900	0
TguLTR5a	NW_005054323.1	4198724	4199283	24.100	0
TguLTRL4b	NW_005054323.1	4271512	4272009	19.400	0
TguLTR5e	NW_005054323.1	4430734	4430989	22.900	0
TguLTRL4c	NW_005054323.1	4438714	4438905	21.300	0
TguLTRL4c	NW_005054323.1	4440948	4441622	20.500	0
TguLTR11	NW_005054323.1	4442044	4442207	18.700	0
TguLTR11	NW_005054323.1	4442249	4442482	27.200	0
TguLTRL4b	NW_005054323.1	4582086	4582477	14.000	0
TguLTRL4b	NW_005054323.1	4700982	4701891	24.100	0
TguLTR5d	NW_005054323.1	4703287	4703588	22.500	0
TguLTR5e	NW_005054323.1	4729070	4729377	25.500	0
TguLTR5e	NW_005054323.1	4729395	4729542	27.200	0
TguLTRL4b	NW_005054323.1	4772155	4772681	14.300	0
TguLTRL4b	NW_005054323.1	4773450	4773941	15.300	0
TguLTRL4b	NW_005054323.1	4785213	4786269	17.300	0
TguLTRL4d	NW_005054323.1	4815582	4816328	29.700	0
TguLTR5b	NW_005054323.1	4904918	4905440	15.800	0
TguLTRL6b	NW_005054323.1	4921942	4922425	24.000	0
TguLTRL4d	NW_005054323.1	4981993	4982531	28.300	0
TguLTR5b	NW_005054323.1	5021464	5022068	14.900	0
TguLTR5d	NW_005054323.1	5160165	5160358	22.100	0
TguLTR5a	NW_005054323.1	5251589	5252006	18.800	0
TguLTR5d	NW_005054323.1	5430017	5430615	20.600	0
TguLTRL4b	NW_005054323.1	5486649	5487546	20.500	0
TguLTRL4d	NW_005054323.1	5520497	5521272	27.500	0
TguLTR5e	NW_005054323.1	5575037	5575137	23.000	0
TguLTRL4b	NW_005054323.1	5575432	5576405	19.900	0
TguLTR6a	NW_005054323.1	5587902	5588337	20.900	0
TguLTR5a	NW_005054323.1	5636051	5636190	19.400	0
TguLTRL4c	NW_005054323.1	5654800	5654935	32.600	0
TguLTR5b	NW_005054323.1	5656676	5657226	15.100	0
TguLTR5c	NW_005054323.1	5672778	5672987	26.600	0
TguLTR5e	NW_005054323.1	5673473	5673823	22.400	0
TguLTR5b	NW_005054323.1	5693242	5693785	20.100	0
TguLTR5a	NW_005054323.1	5712167	5712692	21.000	0
TguLTR5b	NW_005054323.1	5719284	5719871	14.700	0
TguLTR5b	NW_005054323.1	5756416	5757028	15.100	0
TguLTR5d	NW_005054323.1	5857628	5858233	19.600	0
TguLTR5d	NW_005054323.1	5935356	5935945	18.800	0
TguLTRL4c	NW_005054323.1	5943881	5944970	20.900	0
TguLTR6a	NW_005054323.1	6009885	6010293	23.300	0
TguLTRL4d	NW_005054323.1	6077717	6078213	22.500	0
TguLTRL4d	NW_005054323.1	6078413	6078712	23.400	0
TguLTRL4d	NW_005054323.1	6225718	6226493	26.000	0
TguLTR5d	NW_005054323.1	6240880	6241449	23.100	0
TguLTR5a	NW_005054323.1	6287107	6287664	24.200	0
TguLTR5a	NW_005054323.1	6308926	6309507	22.500	0
TguLTR5a	NW_005054323.1	6314768	6314910	16.900	0
TguLTR5a	NW_005054323.1	6315571	6315984	28.700	0
TguLTR5a	NW_005054323.1	6322465	6322661	20.800	0
TguLTR5a	NW_005054323.1	6325408	6325550	20.900	0
TguLTR5a	NW_005054323.1	6325622	6326041	20.900	0
TguLTR6a	NW_005054323.1	6336178	6336637	22.600	0
TguLTR5a	NW_005054323.1	6343220	6343383	19.600	0
TguLTR5a	NW_005054323.1	6501956	6502500	20.600	0
TguLTRL4c	NW_005054323.1	6535710	6535801	13.200	0
TguLTRL4c	NW_005054323.1	6594120	6594510	20.600	0
TguLTR5b	NW_005054323.1	6617099	6617653	16.600	0
TguLTR5e	NW_005054323.1	6652416	6652916	29.300	0
TguLTR5d	NW_005054323.1	6736342	6736442	20.300	0
TguLTR5d	NW_005054323.1	6740184	6740409	25.500	0
TguLTR6a	NW_005054323.1	6744354	6744755	24.700	0
TguLTR6a	NW_005054323.1	6772770	6773084	19.200	0
TguLTR5c	NW_005054323.1	6779449	6780034	20.100	0
TguLTRL4d	NW_005054323.1	6805496	6805674	34.000	0
TguLTR5d	NW_005054323.1	6816022	6816597	22.000	0
TguLTRL4b	NW_005054323.1	6835769	6836841	23.900	0
TguLTRL4b	NW_005054323.1	6837052	6837318	34.000	0
TguLTR5d	NW_005054323.1	6845187	6845698	23.400	0
TguLTR5a	NW_005054323.1	6850324	6850461	21.300	0
TguLTR5a	NW_005054323.1	6850949	6851302	24.300	0
TguLTRL4d	NW_005054323.1	6851424	6851994	25.900	0
TguLTRL4d	NW_005054323.1	6852037	6852146	26.600	0
TguLTRL4b	NW_005054323.1	6874033	6875011	26.500	0
TguLTR5a	NW_005054323.1	6922400	6922496	21.500	0
TguLTRL4b	NW_005054323.1	6948915	6949202	19.600	0
TguLTRL4c	NW_005054323.1	6952204	6953312	23.400	0
TguLTR5b	NW_005054323.1	6955510	6956083	17.500	0
TguLTRL4c	NW_005054323.1	6964892	6966011	22.600	0
TguLTRL4c	NW_005054323.1	7043808	7043904	25.300	0
TguLTRL4c	NW_005054323.1	7050788	7051844	24.000	0
TguLTR5e	NW_005054323.1	7076937	7077470	27.400	0
TguLTR5c	NW_005054323.1	7168937	7169458	21.300	0
TguLTR5d	NW_005054323.1	7170770	7171333	24.000	0
TguLTR5b	NW_005054323.1	7194214	7194456	16.600	0
TguLTR5b	NW_005054323.1	7194598	7194908	19.700	0
TguLTRL4c	NW_005054323.1	7198752	7199501	23.500	0
TguLTR5a	NW_005054323.1	7201309	7201370	19.700	0
TguLTRL4b	NW_005054323.1	7205186	7206138	18.200	0
TguLTR5b	NW_005054323.1	7234727	7235319	15.700	0
TguLTR5e	NW_005054323.1	7244316	7244735	33.600	0
TguLTRL4c	NW_005054323.1	7244759	7244949	28.400	0
TguLTRL4c	NW_005054323.1	7245664	7246564	21.700	0
TguLTR5d	NW_005054323.1	7292119	7292385	22.600	0
TguLTR5a	NW_005054323.1	7294097	7294662	21.700	0
TguLTR11	NW_005054323.1	7305617	7306229	19.000	0
TguLTR6a	NW_005054323.1	7316517	7316916	22.800	0
TguLTR5a	NW_005054323.1	7330427	7330525	21.600	0
TguLTR5a	NW_005054323.1	7330588	7331073	21.600	0
TguLTR6a	NW_005054323.1	7347777	7348217	24.200	0
TguLTRL4d	NW_005054324.1	84148	84340	24.500	0
TguLTRL4c	NW_005054324.1	145859	146846	22.900	0
TguLTRL6b	NW_005054324.1	172600	172990	15.500	0
TguLTR5e	NW_005054324.1	487824	488374	25.800	0
TguLTR5a	NW_005054324.1	562407	562677	16.900	0
TguLTRL4b	NW_005054324.1	590540	591700	21.700	0
TguLTR5d	NW_005054324.1	762672	763007	17.100	0
TguLTRL4c	NW_005054324.1	814665	815704	20.800	0
TguLTRL4c	NW_005054324.1	863191	864025	23.900	0
TguLTR5b	NW_005054324.1	936994	937566	13.800	0
TguLTR5a	NW_005054324.1	985417	986028	19.800	0
TguLTR5d	NW_005054324.1	1072224	1072716	24.600	0
TguLTR5d	NW_005054324.1	1072773	1072810	25.500	0
TguLTR11	NW_005054324.1	1075030	1075092	13.500	0
TguLTR11	NW_005054324.1	1075125	1075282	23.900	0
TguLTR11	NW_005054324.1	1075830	1076082	16.600	0
TguLTR5e	NW_005054324.1	1099936	1100138	31.200	0
TguLTR5e	NW_005054324.1	1100178	1100446	27.600	0
TguLTR5b	NW_005054324.1	1123842	1124356	17.700	0
TguLTRL4c	NW_005054324.1	1240950	1241428	19.300	0
TguLTRL4b	NW_005054324.1	1255413	1256445	23.500	0
TguLTR5b	NW_005054324.1	1402805	1403394	14.000	0
TguLTRL4b	NW_005054324.1	1450975	1452030	16.000	0
TguLTRL6b	NW_005054324.1	1455852	1456219	19.800	0
TguLTRL4c	NW_005054324.1	1595311	1595954	20.900	0
TguLTR5e	NW_005054324.1	1617190	1617665	24.900	0
TguLTR5a	NW_005054324.1	1875415	1875739	23.900	0
TguLTR5b	NW_005054324.1	1952100	1952473	15.800	0
TguLTR11	NW_005054324.1	1964624	1964870	19.300	0
TguLTR5d	NW_005054324.1	1979502	1979583	24.700	0
TguLTRL4d	NW_005054324.1	1987333	1987594	28.500	0
TguLTR5e	NW_005054324.1	1988392	1988600	29.000	0
TguLTR5a	NW_005054324.1	2017605	2017888	18.800	0
TguLTR5a	NW_005054324.1	2017902	2018067	19.100	0
TguLTR5b	NW_005054324.1	2018067	2018211	10.300	0
TguLTR6a	NW_005054324.1	2043463	2043608	27.200	0
TguLTR5a	NW_005054324.1	2051274	2051853	17.400	0
TguLTR5d	NW_005054324.1	2109283	2109854	21.000	0
TguLTR5d	NW_005054324.1	2135291	2135833	16.100	0
TguLTR5a	NW_005054324.1	2150801	2151305	24.100	0
TguLTR11	NW_005054324.1	2162482	2162597	21.700	0
TguLTR11	NW_005054324.1	2162772	2162874	20.200	0
TguLTR11	NW_005054324.1	2162931	2163068	20.200	0
TguLTR11	NW_005054324.1	2164124	2164398	16.900	0
TguLTR11	NW_005054324.1	2164570	2164690	22.600	0
TguLTR11	NW_005054324.1	2172200	2173128	15.600	0
TguLTRL4c	NW_005054324.1	2174910	2175332	19.800	0
TguLTR5e	NW_005054324.1	2187403	2187634	26.600	0
TguLTRL4b	NW_005054324.1	2203806	2204070	38.000	0
TguLTRL4b	NW_005054324.1	2204314	2204579	36.500	0
TguLTRL4b	NW_005054324.1	2205084	2205283	31.800	0
TguLTR5e	NW_005054324.1	2222665	2222914	23.800	0
TguLTRL6b	NW_005054324.1	2243598	2244009	19.000	0
TguLTRL4b	NW_005054324.1	2265547	2266636	22.100	0
TguLTR6a	NW_005054324.1	2275364	2275503	19.400	0
TguLTR5a	NW_005054324.1	2281101	2281253	23.300	0
TguLTR11	NW_005054324.1	2286041	2286275	21.400	0
TguLTRL4c	NW_005054324.1	2286856	2287126	25.600	0
TguLTRL4c	NW_005054324.1	2287515	2288197	25.800	0
TguLTR5c	NW_005054324.1	2296134	2296363	26.000	0
TguLTR5d	NW_005054324.1	2301085	2301581	30.600	0
TguLTR11	NW_005054324.1	2315047	2315308	21.500	0
TguLTR11	NW_005054324.1	2315630	2315788	22.800	0
TguLTRL4c	NW_005054324.1	2315868	2316258	21.600	0
TguLTR6a	NW_005054324.1	2318057	2318438	24.600	0
TguLTR11	NW_005054324.1	2321400	2321677	16.100	0
TguLTR5a	NW_005054324.1	2341139	2341705	22.200	0
TguLTR5c	NW_005054324.1	2360348	2360923	20.000	0
TguLTRL4b	NW_005054324.1	2373531	2373675	16.700	0
TguLTR5c	NW_005054324.1	2414431	2415008	24.300	0
TguLTRL4c	NW_005054324.1	2415293	2415412	30.500	0
TguLTR11	NW_005054324.1	2419322	2419557	18.400	0
TguLTR5d	NW_005054324.1	2430400	2430685	22.100	0
TguLTRL4d	NW_005054324.1	2438976	2439863	30.400	0
TguLTR5a	NW_005054324.1	2450391	2450489	22.300	0
TguLTRL4d	NW_005054324.1	2452168	2452525	24.300	0
TguLTRL4c	NW_005054324.1	2455043	2455734	22.000	0
TguLTRL4b	NW_005054324.1	2460655	2461682	16.400	0
TguLTR5e	NW_005054324.1	2468619	2469140	27.800	0
TguLTRL4d	NW_005054324.1	2507560	2507752	33.100	0
TguLTRL4d	NW_005054324.1	2508298	2508490	26.000	0
TguLTR11	NW_005054324.1	2510455	2510719	20.800	0
TguLTR11	NW_005054324.1	2511230	2511399	20.500	0
TguLTRL4d	NW_005054324.1	2522619	2522739	28.000	0
TguLTR11	NW_005054324.1	2546335	2546594	17.700	0
TguLTRL6b	NW_005054324.1	2550597	2550736	19.700	0
TguLTR6a	NW_005054324.1	2550866	2551080	20.400	0
TguLTR6a	NW_005054324.1	2555804	2556247	21.800	0
TguLTRL4c	NW_005054324.1	2556585	2557482	25.400	0
TguLTR5d	NW_005054324.1	2558698	2559084	23.600	0
TguLTR5d	NW_005054324.1	2559214	2559342	24.200	0
TguLTR5a	NW_005054324.1	2787044	2787614	22.300	0
TguLTRL4c	NW_005054324.1	2839877	2840606	23.700	0
TguLTR5b	NW_005054324.1	2864448	2864544	17.700	0
TguLTR5d	NW_005054324.1	2867453	2867549	26.600	0
TguLTR5d	NW_005054324.1	2867560	2867716	18.600	0
TguLTRL4c	NW_005054324.1	2883279	2884311	21.300	0
TguLTRL6b	NW_005054324.1	2934149	2934571	17.600	0
TguLTRL4c	NW_005054324.1	2993271	2994233	23.100	0
TguLTR5d	NW_005054324.1	3010374	3010942	19.000	0
TguLTRL4c	NW_005054324.1	3018987	3019709	20.600	0
TguLTRL4c	NW_005054324.1	3020093	3020354	19.900	0
TguLTRL4c	NW_005054324.1	3071282	3072417	18.600	0
TguLTR5a	NW_005054324.1	3112252	3112418	24.100	0
TguLTR5a	NW_005054324.1	3112452	3112820	24.100	0
TguLTRL4d	NW_005054324.1	3209363	3210280	24.200	0
TguLTRL4c	NW_005054324.1	3246986	3247593	18.400	0
TguLTRL4c	NW_005054324.1	3247869	3248181	20.500	0
TguLTR5a	NW_005054324.1	3291715	3291987	13.400	0
TguLTR5a	NW_005054324.1	3291988	3292091	24.200	0
TguLTR5a	NW_005054324.1	3293272	3293544	13.400	0
TguLTR5a	NW_005054324.1	3293545	3293648	24.200	0
TguLTR5a	NW_005054324.1	3420041	3420618	17.100	0
TguLTRL4c	NW_005054324.1	3442247	3443016	24.500	0
TguLTRL4d	NW_005054324.1	3815161	3815967	24.000	0
TguLTR5b	NW_005054324.1	3920292	3920823	18.500	0
TguLTRL4d	NW_005054324.1	3923637	3924041	22.400	0
TguLTR5e	NW_005054324.1	3944904	3945426	27.900	0
TguLTRL4d	NW_005054324.1	3963168	3963397	25.100	0
TguLTR5e	NW_005054324.1	3975995	3976195	28.800	0
TguLTRL4c	NW_005054324.1	4004239	4005252	18.000	0
TguLTR5d	NW_005054324.1	4035158	4035292	15.200	0
TguLTR11	NW_005054324.1	4086377	4086648	26.000	0
TguLTR11	NW_005054324.1	4269695	4269861	21.900	0
TguLTRL4c	NW_005054324.1	4359088	4359952	19.500	0
TguLTR5c	NW_005054324.1	4369752	4369919	16.500	0
TguLTR5b	NW_005054324.1	4402689	4403252	16.600	0
TguLTR5d	NW_005054324.1	4433193	4433425	18.600	0
TguLTR5a	NW_005054324.1	4510721	4511276	16.800	0
TguLTR11	NW_005054324.1	4518497	4519354	16.500	0
TguLTR5c	NW_005054324.1	4524839	4525398	24.600	0
TguLTR6a	NW_005054324.1	4535795	4536255	23.600	0
TguLTRL4d	NW_005054324.1	4575863	4576024	25.800	0
TguLTRL4c	NW_005054324.1	4596095	4596433	20.900	0
TguLTR6a	NW_005054324.1	4606629	4607080	24.600	0
TguLTRL4d	NW_005054324.1	4609373	4610143	30.200	0
TguLTR5a	NW_005054324.1	4613586	4613785	20.500	0
TguLTR5d	NW_005054324.1	4619464	4619946	18.900	0
TguLTR5b	NW_005054324.1	4702678	4703284	16.800	0
TguLTR5b	NW_005054324.1	4752955	4753193	14.300	0
TguLTRL4d	NW_005054324.1	4813929	4814182	22.500	0
TguLTR5d	NW_005054324.1	4847402	4847930	18.900	0
TguLTRL4c	NW_005054324.1	4890981	4892032	23.600	0
TguLTR6a	NW_005054324.1	4922262	4922728	23.000	0
TguLTR5d	NW_005054324.1	4961648	4962213	18.400	0
TguLTRL4c	NW_005054324.1	4965360	4965437	19.700	0
TguLTRL4c	NW_005054324.1	4965501	4966166	19.800	0
TguLTRL4b	NW_005054324.1	4978311	4978823	19.400	0
TguLTR5b	NW_005054324.1	4988231	4988825	19.200	0
TguLTR5a	NW_005054324.1	5038283	5038348	20.300	0
TguLTR5a	NW_005054324.1	5125924	5125987	19.100	0
TguLTR5d	NW_005054324.1	5166947	5167507	18.200	0
TguLTRL4b	NW_005054324.1	5188864	5189932	19.300	0
TguLTR5d	NW_005054324.1	5285093	5285681	18.100	0
TguLTR5a	NW_005054324.1	5298174	5298744	24.400	0
TguLTR5a	NW_005054324.1	5312051	5312216	13.500	0
TguLTR5d	NW_005054324.1	5316117	5316684	17.200	0
TguLTR5d	NW_005054324.1	5323954	5324534	19.500	0
TguLTRL4b	NW_005054324.1	5460255	5461282	19.200	0
TguLTR5d	NW_005054324.1	5481518	5482104	14.300	0
TguLTRL4d	NW_005054324.1	5485190	5486009	24.600	0
TguLTR5e	NW_005054324.1	5493481	5493978	30.600	0
TguLTR5a	NW_005054324.1	5494756	5495357	21.400	0
TguLTRL6b	NW_005054324.1	5506031	5506448	24.200	0
TguLTRL4c	NW_005054324.1	5512749	5513832	18.500	0
TguLTRL4b	NW_005054324.1	5541098	5542118	17.100	0
TguLTR6a	NW_005054324.1	5711158	5711444	24.400	0
TguLTRL6b	NW_005054324.1	5711499	5711696	24.800	0
TguLTRL4c	NW_005054324.1	5744909	5745956	17.900	0
TguLTR5b	NW_005054324.1	5774660	5774723	15.900	0
TguLTR6a	NW_005054324.1	5818813	5819309	20.000	0
TguLTR5a	NW_005054324.1	5891467	5891602	25.400	0
TguLTRL4c	NW_005054324.1	5934197	5934761	22.800	0
TguLTR5d	NW_005054324.1	6128423	6129013	18.300	0
TguLTR5d	NW_005054324.1	6159121	6159709	16.800	0
TguLTRL4c	NW_005054324.1	6202357	6202478	17.400	0
TguLTRL4c	NW_005054324.1	6202490	6203282	21.300	0
TguLTR6a	NW_005054324.1	6302896	6302954	14.300	0
TguLTRL4d	NW_005054324.1	6304652	6305201	25.200	0
TguLTR5d	NW_005054324.1	6344121	6344732	19.500	0
TguLTR6a	NW_005054324.1	6388398	6388806	18.100	0
TguLTRL4d	NW_005054324.1	6470566	6470984	29.100	0
TguLTR5a	NW_005054324.1	6480987	6481143	18.800	0
TguLTR5b	NW_005054324.1	6498972	6499507	18.100	0
TguLTRL4b	NW_005054324.1	6542208	6542695	18.500	0
TguLTRL4d	NW_005054324.1	6585107	6585388	21.100	0
TguLTRL4c	NW_005054324.1	6613674	6614768	20.200	0
TguLTRL4c	NW_005054324.1	6628102	6628494	21.400	0
TguLTRL4c	NW_005054324.1	6633814	6634312	25.100	0
TguLTRL4d	NW_005054324.1	6701743	6702431	29.200	0
TguLTR6a	NW_005054324.1	6719611	6719730	26.200	0
TguLTR5a	NW_005054324.1	6772726	6773308	17.700	0
TguLTRL4b	NW_005054324.1	6804334	6804541	20.700	0
TguLTRL4d	NW_005054324.1	6852801	6853036	23.900	0
TguLTR5a	NW_005054324.1	6869073	6869636	22.700	0
TguLTR5d	NW_005054324.1	6936037	6936606	19.800	0
TguLTR5a	NW_005054324.1	7020178	7020752	20.900	0
TguLTRL4d	NW_005054324.1	7033813	7033921	16.700	0
TguLTR5d	NW_005054324.1	7096385	7096973	18.400	0
TguLTR5a	NW_005054324.1	7098557	7099153	16.000	0
TguLTR6a	NW_005054324.1	7108012	7108400	24.900	0
TguLTR5a	NW_005054325.1	18890	19029	21.500	0
TguLTR5d	NW_005054325.1	198245	198831	19.400	0
TguLTR5b	NW_005054325.1	205057	205611	13.300	0
TguLTRL4c	NW_005054325.1	224359	225482	24.500	0
TguLTR5a	NW_005054325.1	232723	233223	17.000	0
TguLTR5b	NW_005054325.1	370221	370356	21.600	0
TguLTRL4d	NW_005054325.1	389462	389569	17.800	0
TguLTR5c	NW_005054325.1	391282	391828	18.400	0
TguLTR5d	NW_005054325.1	445767	446323	20.100	0
TguLTR5e	NW_005054325.1	488350	488591	21.200	0
TguLTR5b	NW_005054325.1	505167	505745	15.700	0
TguLTRL4b	NW_005054325.1	526239	526726	29.400	0
TguLTRL4b	NW_005054325.1	527539	527802	30.400	0
TguLTRL4b	NW_005054325.1	528115	528265	26.500	0
TguLTR5a	NW_005054325.1	533114	533660	26.600	0
TguLTR5a	NW_005054325.1	551509	551738	26.100	0
TguLTR5e	NW_005054325.1	667803	668325	27.700	0
TguLTR5d	NW_005054325.1	693212	693507	25.900	0
TguLTRL4c	NW_005054325.1	733543	734641	19.700	0
TguLTR6a	NW_005054325.1	812146	812546	19.400	0
TguLTR5a	NW_005054325.1	837707	838238	19.800	0
TguLTR5a	NW_005054325.1	892283	892406	14.000	0
TguLTRL4b	NW_005054325.1	904640	904742	9.800	0
TguLTR5b	NW_005054325.1	928610	929200	14.800	0
TguLTRL4d	NW_005054325.1	1078951	1079931	24.000	0
TguLTR5a	NW_005054325.1	1227472	1227563	21.900	0
TguLTR5a	NW_005054325.1	1227611	1227681	14.300	0
TguLTR5a	NW_005054325.1	1227784	1227865	18.500	0
TguLTRL4c	NW_005054325.1	1428818	1429928	21.800	0
TguLTRL4b	NW_005054325.1	1457957	1458984	22.500	0
TguLTR5d	NW_005054325.1	1474164	1474472	19.900	0
TguLTR5d	NW_005054325.1	1481372	1481688	19.100	0
TguLTR5e	NW_005054325.1	1494057	1494146	21.600	0
TguLTR5b	NW_005054325.1	1652717	1653287	14.700	0
TguLTR5a	NW_005054325.1	1867103	1867217	21.400	0
TguLTR5a	NW_005054325.1	1867372	1867595	18.600	0
TguLTRL4d	NW_005054325.1	1910174	1910630	25.500	0
TguLTRL4d	NW_005054325.1	1910630	1910803	28.200	0
TguLTRL4d	NW_005054325.1	1939772	1939959	27.200	0
TguLTR11	NW_005054325.1	1987927	1988133	11.300	0
TguLTR11	NW_005054325.1	1988851	1989435	17.000	0
TguLTR5d	NW_005054325.1	2016555	2016980	18.800	0
TguLTR5a	NW_005054325.1	2061807	2062284	24.600	0
TguLTR11	NW_005054325.1	2091428	2092403	15.700	0
TguLTRL4b	NW_005054325.1	2125598	2126616	26.300	0
TguLTR11	NW_005054325.1	2280093	2280274	24.400	0
TguLTR5a	NW_005054325.1	2295158	2295706	19.500	0
TguLTRL4b	NW_005054325.1	2316699	2317744	19.100	0
TguLTR6a	NW_005054325.1	2341334	2341738	19.600	0
TguLTR5d	NW_005054325.1	2462700	2463281	18.800	0
TguLTRL4b	NW_005054325.1	2497763	2498817	21.000	0
TguLTR5d	NW_005054325.1	2543358	2543493	15.600	0
TguLTRL4b	NW_005054325.1	2556460	2557535	22.600	0
TguLTR5d	NW_005054325.1	2575268	2575851	21.000	0
TguLTRL4c	NW_005054325.1	2601074	2601607	20.100	0
TguLTR5b	NW_005054325.1	2644589	2645189	15.000	0
TguLTR5b	NW_005054325.1	2731037	2731618	14.900	0
TguLTRL4c	NW_005054325.1	2808338	2809343	21.600	0
TguLTR5b	NW_005054325.1	2842525	2842671	11.000	0
TguLTRL6b	NW_005054325.1	3160818	3160999	22.400	0
TguLTR6a	NW_005054325.1	3161022	3161326	20.800	0
TguLTRL4b	NW_005054325.1	3206231	3207297	18.800	0
TguLTR5d	NW_005054325.1	3355515	3355733	17.300	0
TguLTR5c	NW_005054325.1	3407920	3408111	12.000	0
TguLTR5a	NW_005054325.1	3455634	3455904	18.900	0
TguLTRL4d	NW_005054325.1	3601162	3602025	26.200	0
TguLTR5e	NW_005054325.1	3728340	3728772	27.200	0
TguLTR5c	NW_005054325.1	4014476	4015049	18.500	0
TguLTRL6b	NW_005054325.1	4401260	4401409	18.600	0
TguLTR5d	NW_005054325.1	4620578	4621185	26.400	0
TguLTRL6b	NW_005054325.1	4926776	4927200	18.800	0
TguLTRL4b	NW_005054325.1	4960744	4961743	20.400	0
TguLTRL6b	NW_005054325.1	5257691	5257837	21.700	0
TguLTR5d	NW_005054325.1	5497393	5497914	19.100	0
TguLTRL4d	NW_005054325.1	5620563	5620935	27.100	0
TguLTR5a	NW_005054325.1	5844539	5845001	23.100	0
TguLTR5d	NW_005054325.1	5913155	5913741	15.900	0
TguLTR5a	NW_005054325.1	6011421	6012019	19.900	0
TguLTRL4b	NW_005054325.1	6342618	6343546	18.800	0
TguLTR5e	NW_005054325.1	6345198	6345301	22.600	0
TguLTRL4c	NW_005054325.1	6434416	6435364	18.300	0
TguLTRL4b	NW_005054325.1	6435941	6436861	16.400	0
TguLTRL4b	NW_005054325.1	6437171	6437289	17.800	0
TguLTR5a	NW_005054325.1	6548278	6548844	24.600	0
TguLTR5b	NW_005054325.1	6620446	6621034	12.700	0
TguLTRL4c	NW_005054325.1	6630474	6630646	19.200	0
TguLTR6a	NW_005054325.1	6756373	6756798	23.000	0
TguLTR5b	NW_005054325.1	7069877	7069931	11.100	0
TguLTR5d	NW_005054325.1	7082367	7082948	17.400	0
TguLTR5a	NW_005054326.1	165745	166290	22.400	0
TguLTR5a	NW_005054326.1	248006	248326	17.900	0
TguLTR5d	NW_005054326.1	257909	258150	15.900	0
TguLTR5d	NW_005054326.1	305433	305726	14.500	0
TguLTRL4d	NW_005054326.1	447219	448250	26.300	0
TguLTR5d	NW_005054326.1	601910	602460	20.800	0
TguLTRL4d	NW_005054326.1	623087	623548	28.900	0
TguLTRL4d	NW_005054326.1	627716	628014	22.400	0
TguLTRL4c	NW_005054326.1	923540	923752	19.700	0
TguLTR5a	NW_005054326.1	1121540	1122007	16.800	0
TguLTR5a	NW_005054326.1	1266658	1267040	20.800	0
TguLTRL4b	NW_005054326.1	1376652	1376844	24.100	0
TguLTRL4b	NW_005054326.1	1453039	1453182	34.900	0
TguLTR6a	NW_005054326.1	1516215	1516521	22.200	0
TguLTR5a	NW_005054326.1	1532499	1532977	19.500	0
TguLTRL4b	NW_005054326.1	1684978	1685463	17.100	0
TguLTRL4b	NW_005054326.1	1817466	1817825	14.300	0
TguLTRL4b	NW_005054326.1	1818057	1818416	14.300	0
TguLTR5d	NW_005054326.1	2219280	2219421	24.700	0
TguLTR5d	NW_005054326.1	2315050	2315590	18.000	0
TguLTR5b	NW_005054326.1	2384470	2384543	20.600	0
TguLTR5d	NW_005054326.1	2459324	2459823	16.600	0
TguLTR5a	NW_005054326.1	2469985	2470259	17.700	0
TguLTR5b	NW_005054326.1	2474728	2475226	15.100	0
TguLTRL6b	NW_005054326.1	2731051	2731474	17.100	0
TguLTR6a	NW_005054326.1	2805320	2805791	19.400	0
TguLTR6a	NW_005054326.1	2893346	2893700	19.700	0
TguLTR5a	NW_005054326.1	3029296	3029752	20.400	0
TguLTRL4d	NW_005054326.1	3522855	3523242	26.500	0
TguLTRL4d	NW_005054326.1	3717649	3717807	21.000	0
TguLTRL4d	NW_005054326.1	3717926	3718084	30.800	0
TguLTRL4d	NW_005054326.1	3877781	3878041	19.900	0
TguLTR5e	NW_005054326.1	3907253	3907370	26.700	0
TguLTR5e	NW_005054326.1	3907487	3907741	24.400	0
TguLTRL4c	NW_005054326.1	3929089	3929724	20.800	0
TguLTRL4c	NW_005054326.1	3930133	3930465	22.100	0
TguLTR5d	NW_005054326.1	3935937	3936489	20.000	0
TguLTR5b	NW_005054326.1	4470274	4470348	6.800	0
TguLTR5b	NW_005054326.1	4470922	4471426	13.400	0
TguLTRL6b	NW_005054326.1	4501882	4502326	26.000	0
TguLTRL4c	NW_005054326.1	4627967	4628380	26.800	0
TguLTRL4d	NW_005054326.1	4927790	4928004	28.300	0
TguLTR5e	NW_005054326.1	4944369	4944729	28.400	0
TguLTR5a	NW_005054326.1	4944735	4945138	16.400	0
TguLTR5a	NW_005054326.1	4945214	4945430	17.700	0
TguLTR5a	NW_005054326.1	4948019	4948431	18.300	0
TguLTR5a	NW_005054326.1	4948477	4948634	18.300	0
TguLTR5d	NW_005054326.1	4962682	4963096	19.100	0
TguLTRL4c	NW_005054326.1	5001079	5002173	19.700	0
TguLTRL6b	NW_005054326.1	5080704	5081152	15.600	0
TguLTR5b	NW_005054326.1	5122070	5122208	6.500	0
TguLTR5d	NW_005054326.1	5164823	5165412	16.500	0
TguLTR5e	NW_005054326.1	5367868	5368244	22.600	0
TguLTR5b	NW_005054326.1	5561290	5561867	12.700	0
TguLTRL4c	NW_005054326.1	5587871	5588423	18.200	0
TguLTR5d	NW_005054326.1	5619161	5619719	18.900	0
TguLTR5a	NW_005054326.1	5638541	5638790	21.100	0
TguLTR5a	NW_005054326.1	5639383	5639679	15.900	0
TguLTR5b	NW_005054326.1	5856758	5856807	4.100	0
TguLTR5d	NW_005054326.1	5886141	5886703	17.000	0
TguLTR5d	NW_005054326.1	6051847	6052130	13.800	0
TguLTR5d	NW_005054326.1	6125712	6125851	17.600	0
TguLTR11	NW_005054326.1	6135889	6136143	29.900	0
TguLTR11	NW_005054326.1	6142602	6142672	24.300	0
TguLTR11	NW_005054326.1	6145349	6145502	20.900	0
TguLTR11	NW_005054326.1	6160525	6160750	18.300	0
TguLTR11	NW_005054326.1	6160920	6161136	19.000	0
TguLTR11	NW_005054326.1	6161409	6161483	16.400	0
TguLTR11	NW_005054326.1	6250553	6250836	17.900	0
TguLTR5e	NW_005054326.1	6268500	6268792	23.400	0
TguLTR5d	NW_005054326.1	6271118	6271237	13.400	0
TguLTR5d	NW_005054326.1	6271546	6272025	21.200	0
TguLTRL4b	NW_005054326.1	6462060	6462709	17.700	0
TguLTR5e	NW_005054326.1	6673651	6673741	21.900	0
TguLTR6a	NW_005054326.1	6711028	6711062	5.900	0
TguLTRL4c	NW_005054326.1	6794866	6795318	17.400	0
TguLTRL4c	NW_005054326.1	6795865	6796015	21.200	0
TguLTRL4c	NW_005054326.1	6796439	6796707	17.700	0
TguLTRL4c	NW_005054326.1	6824252	6824339	14.300	0
TguLTR5d	NW_005054326.1	6845790	6845898	19.400	0
TguLTR5d	NW_005054326.1	6879808	6879886	20.500	0
TguLTR5d	NW_005054326.1	6977438	6977478	10.000	0
TguLTR5d	NW_005054326.1	6980951	6981519	19.000	0
TguLTR5d	NW_005054327.1	2891	3404	22.400	0
TguLTRL4c	NW_005054327.1	5791	6748	28.700	0
TguLTRL4c	NW_005054327.1	51039	51732	26.100	0
TguLTR5a	NW_005054327.1	82129	82290	23.900	0
TguLTR5a	NW_005054327.1	82726	83240	25.100	0
TguLTRL4c	NW_005054327.1	85982	86490	21.700	0
TguLTR5e	NW_005054327.1	123203	123591	22.200	0
TguLTR6a	NW_005054327.1	144331	144770	24.200	0
TguLTR5e	NW_005054327.1	153117	153662	26.400	0
TguLTR5b	NW_005054327.1	199131	199220	21.400	0
TguLTR5a	NW_005054327.1	210602	210758	22.400	0
TguLTR5a	NW_005054327.1	210791	210992	18.400	0
TguLTRL4c	NW_005054327.1	222721	222930	26.700	0
TguLTR5b	NW_005054327.1	230035	230600	22.800	0
TguLTRL4c	NW_005054327.1	232524	233276	29.200	0
TguLTR5e	NW_005054327.1	239591	240162	26.500	0
TguLTRL4b	NW_005054327.1	266314	267326	19.600	0
TguLTR5c	NW_005054327.1	332426	333021	25.900	0
TguLTRL4c	NW_005054327.1	333255	334103	24.400	0
TguLTRL4b	NW_005054327.1	335019	336083	19.600	0
TguLTR5a	NW_005054327.1	350125	350698	26.000	0
TguLTR5d	NW_005054327.1	364673	365243	26.200	0
TguLTR11	NW_005054327.1	371753	371884	21.700	0
TguLTR11	NW_005054327.1	371964	372168	19.800	0
TguLTR5a	NW_005054327.1	376325	376535	16.300	0
TguLTR5a	NW_005054327.1	376538	376629	17.700	0
TguLTRL4c	NW_005054327.1	383018	384163	19.200	0
TguLTRL4c	NW_005054327.1	391098	392161	22.600	0
TguLTR5d	NW_005054327.1	399298	399658	22.800	0
TguLTRL4c	NW_005054327.1	405057	405571	25.000	0
TguLTR5d	NW_005054327.1	419308	419878	24.000	0
TguLTR6a	NW_005054327.1	455034	455444	23.400	0
TguLTR5d	NW_005054327.1	469258	469834	22.100	0
TguLTR5d	NW_005054327.1	485726	486122	17.900	0
TguLTRL4c	NW_005054327.1	493298	493569	16.500	0
TguLTR6a	NW_005054327.1	494328	494552	15.200	0
TguLTR6a	NW_005054327.1	498681	499081	20.900	0
TguLTRL4c	NW_005054327.1	505780	506154	20.900	0
TguLTRL4d	NW_005054327.1	512579	512996	25.900	0
TguLTRL6b	NW_005054327.1	513053	513182	27.300	0
TguLTR6a	NW_005054327.1	513272	513567	23.000	0
TguLTRL4d	NW_005054327.1	516122	516242	32.500	0
TguLTRL4b	NW_005054327.1	641087	642059	21.300	0
TguLTRL4b	NW_005054327.1	655463	656624	21.000	0
TguLTR5a	NW_005054327.1	661043	661561	17.900	0
TguLTRL4d	NW_005054327.1	679065	679360	26.800	0
TguLTR5d	NW_005054327.1	683074	683428	26.600	0
TguLTR5c	NW_005054327.1	720409	720682	16.900	0
TguLTR5a	NW_005054327.1	731420	731486	12.100	0
TguLTR5d	NW_005054327.1	748468	749035	22.300	0
TguLTR5a	NW_005054327.1	765165	765565	25.800	0
TguLTRL4d	NW_005054327.1	791134	791237	16.500	0
TguLTR11	NW_005054327.1	812328	812557	21.400	0
TguLTRL6b	NW_005054327.1	817513	817703	19.700	0
TguLTR5d	NW_005054327.1	841547	842128	19.500	0
TguLTR5d	NW_005054327.1	847391	847965	22.100	0
TguLTR5d	NW_005054327.1	848010	848123	16.800	0
TguLTRL4d	NW_005054327.1	852255	852502	22.900	0
TguLTR5d	NW_005054327.1	853165	853519	25.000	0
TguLTRL4d	NW_005054327.1	858996	859483	27.700	0
TguLTRL4c	NW_005054327.1	861480	861748	21.900	0
TguLTRL4c	NW_005054327.1	862856	863288	27.600	0
TguLTRL4c	NW_005054327.1	863682	863906	19.600	0
TguLTR5d	NW_005054327.1	875648	876149	25.400	0
TguLTRL4b	NW_005054327.1	882116	883099	23.800	0
TguLTRL4d	NW_005054327.1	899144	899479	26.600	0
TguLTR5b	NW_005054327.1	909069	909647	16.100	0
TguLTR5e	NW_005054327.1	958628	958890	35.000	0
TguLTR11	NW_005054327.1	959342	959509	23.500	0
TguLTRL4b	NW_005054327.1	976628	977674	20.000	0
TguLTR5d	NW_005054327.1	997191	997765	22.900	0
TguLTRL4d	NW_005054327.1	1000924	1001209	30.200	0
TguLTR11	NW_005054327.1	1016750	1017425	16.800	0
TguLTR5d	NW_005054327.1	1020283	1020550	20.300	0
TguLTR5a	NW_005054327.1	1021507	1021638	19.100	0
TguLTR6a	NW_005054327.1	1028538	1028796	21.500	0
TguLTRL4d	NW_005054327.1	1039409	1040184	28.600	0
TguLTRL4c	NW_005054327.1	1049545	1049971	27.300	0
TguLTR5d	NW_005054327.1	1053171	1053469	25.200	0
TguLTR5d	NW_005054327.1	1060477	1061063	17.100	0
TguLTRL4c	NW_005054327.1	1062389	1063030	22.400	0
TguLTRL4d	NW_005054327.1	1085432	1085740	31.800	0
TguLTRL4d	NW_005054327.1	1085799	1085883	19.100	0
TguLTR5a	NW_005054327.1	1102489	1103073	24.900	0
TguLTR5a	NW_005054327.1	1104984	1105154	23.500	0
TguLTR5a	NW_005054327.1	1105652	1105884	20.900	0
TguLTR5e	NW_005054327.1	1120695	1121202	26.700	0
TguLTR5b	NW_005054327.1	1125903	1126429	17.000	0
TguLTRL4d	NW_005054327.1	1139443	1139564	24.800	0
TguLTRL4d	NW_005054327.1	1139598	1140042	24.400	0
TguLTR5a	NW_005054327.1	1147927	1148534	23.900	0
TguLTRL4d	NW_005054327.1	1169246	1169404	23.600	0
TguLTR5d	NW_005054327.1	1169655	1169924	23.200	0
TguLTRL4d	NW_005054327.1	1192283	1192373	27.100	0
TguLTR5b	NW_005054327.1	1205830	1206396	19.300	0
TguLTR5b	NW_005054327.1	1209301	1209480	14.700	0
TguLTR5d	NW_005054327.1	1226442	1226576	24.600	0
TguLTR5c	NW_005054327.1	1234681	1235253	19.400	0
TguLTR5d	NW_005054327.1	1247815	1248227	21.500	0
TguLTR5d	NW_005054327.1	1252285	1252841	22.900	0
TguLTRL4d	NW_005054327.1	1286618	1287241	27.700	0
TguLTR5a	NW_005054327.1	1291269	1291863	23.400	0
TguLTR5c	NW_005054327.1	1294355	1294973	19.400	0
TguLTR11	NW_005054327.1	1299282	1299531	17.000	0
TguLTR11	NW_005054327.1	1299600	1299848	19.300	0
TguLTRL6b	NW_005054327.1	1301186	1301606	18.700	0
TguLTR5d	NW_005054327.1	1306168	1306741	20.100	0
TguLTR5a	NW_005054327.1	1311310	1311862	23.000	0
TguLTR5d	NW_005054327.1	1312835	1313049	20.600	0
TguLTR5d	NW_005054327.1	1313060	1313245	21.700	0
TguLTR5e	NW_005054327.1	1314215	1314766	26.600	0
TguLTR5a	NW_005054327.1	1323984	1324042	10.300	0
TguLTR5d	NW_005054327.1	1346173	1346214	12.200	0
TguLTR5d	NW_005054327.1	1346453	1347043	21.300	0
TguLTR5a	NW_005054327.1	1363512	1364141	20.900	0
TguLTR5d	NW_005054327.1	1373626	1373811	18.400	0
TguLTR5a	NW_005054327.1	1379973	1380078	15.400	0
TguLTRL4d	NW_005054327.1	1406890	1407387	33.200	0
TguLTR5e	NW_005054327.1	1431581	1432084	27.500	0
TguLTR11	NW_005054327.1	1432589	1432743	19.700	0
TguLTRL4d	NW_005054327.1	1448196	1448716	23.700	0
TguLTR5b	NW_005054327.1	1450270	1450835	18.800	0
TguLTR5d	NW_005054327.1	1463197	1463758	19.400	0
TguLTR5d	NW_005054327.1	1466028	1466599	24.300	0
TguLTR5d	NW_005054327.1	1491355	1491444	19.300	0
TguLTRL4c	NW_005054327.1	1494473	1494889	18.500	0
TguLTR5d	NW_005054327.1	1498072	1498344	24.400	0
TguLTR5c	NW_005054327.1	1515314	1515885	21.200	0
TguLTR5d	NW_005054327.1	1527709	1528143	23.400	0
TguLTR5d	NW_005054327.1	1563715	1564027	19.400	0
TguLTR5a	NW_005054327.1	1565672	1565937	15.900	0
TguLTR5a	NW_005054327.1	1576244	1576504	24.100	0
TguLTR5e	NW_005054327.1	1578942	1579069	25.200	0
TguLTRL4d	NW_005054327.1	1624251	1624785	26.900	0
TguLTR5d	NW_005054327.1	1629320	1629437	25.600	0
TguLTR5e	NW_005054327.1	1636742	1636856	22.900	0
TguLTR5e	NW_005054327.1	1636897	1637247	25.600	0
TguLTRL4c	NW_005054327.1	1642071	1643240	22.500	0
TguLTRL4d	NW_005054327.1	1654189	1654604	27.100	0
TguLTRL4d	NW_005054327.1	1663796	1664335	27.400	0
TguLTR5a	NW_005054327.1	1665119	1665202	16.900	0
TguLTR5d	NW_005054327.1	1667666	1668272	19.300	0
TguLTR5b	NW_005054327.1	1672499	1672649	12.800	0
TguLTRL4c	NW_005054327.1	1672739	1672804	15.400	0
TguLTRL4d	NW_005054327.1	1687624	1687826	30.700	0
TguLTR5e	NW_005054327.1	1687890	1688091	29.000	0
TguLTRL4c	NW_005054327.1	1695330	1695441	25.400	0
TguLTRL4b	NW_005054327.1	1713934	1714011	19.500	0
TguLTR5d	NW_005054327.1	1726633	1727189	20.900	0
TguLTRL4b	NW_005054327.1	1739544	1739747	19.100	0
TguLTR5a	NW_005054327.1	1740366	1740920	21.600	0
TguLTR5b	NW_005054327.1	1877848	1878442	16.900	0
TguLTRL6b	NW_005054327.1	1911809	1912223	16.200	0
TguLTR5d	NW_005054327.1	1961101	1961413	19.200	0
TguLTR5b	NW_005054327.1	1961413	1961993	14.200	0
TguLTR5d	NW_005054327.1	1961997	1962264	19.900	0
TguLTRL4b	NW_005054327.1	1966212	1966311	11.100	0
TguLTRL4d	NW_005054327.1	2055734	2055946	30.900	0
TguLTR5b	NW_005054327.1	2160498	2161022	15.300	0
TguLTRL4d	NW_005054327.1	2249028	2249094	27.000	0
TguLTRL4d	NW_005054327.1	2249141	2249807	23.900	0
TguLTR5e	NW_005054327.1	2455178	2455361	27.800	0
TguLTR5e	NW_005054327.1	2455806	2456104	26.800	0
TguLTR5e	NW_005054327.1	2459646	2459829	27.800	0
TguLTR5e	NW_005054327.1	2460274	2460572	26.800	0
TguLTRL4c	NW_005054327.1	2708326	2709261	26.300	0
TguLTR11	NW_005054327.1	2719980	2720958	15.800	0
TguLTR5d	NW_005054327.1	2754482	2754810	20.900	0
TguLTR5d	NW_005054327.1	2754885	2755011	20.600	0
TguLTRL4b	NW_005054327.1	2869742	2870808	21.300	0
TguLTRL4d	NW_005054327.1	2905919	2906717	26.200	0
TguLTR5e	NW_005054327.1	2962349	2962889	30.300	0
TguLTRL4d	NW_005054327.1	2972838	2973284	25.800	0
TguLTR5b	NW_005054327.1	2973323	2973840	17.800	0
TguLTRL4d	NW_005054327.1	2973840	2973895	11.100	0
TguLTRL4d	NW_005054327.1	2978377	2978888	25.300	0
TguLTRL4c	NW_005054327.1	3025364	3026288	22.500	0
TguLTRL4c	NW_005054327.1	3226429	3226691	16.000	0
TguLTR11	NW_005054327.1	3310621	3311581	20.200	0
TguLTR5d	NW_005054327.1	3351778	3352173	22.500	0
TguLTR5d	NW_005054327.1	3352394	3352664	16.100	0
TguLTR5d	NW_005054327.1	3367771	3368067	18.900	0
TguLTR5d	NW_005054327.1	3368224	3368511	19.800	0
TguLTR5b	NW_005054327.1	3372326	3372911	14.500	0
TguLTR5d	NW_005054327.1	3379594	3380164	17.800	0
TguLTR5a	NW_005054327.1	3397841	3398434	16.900	0
TguLTR5d	NW_005054327.1	3411802	3412391	22.600	0
TguLTRL4c	NW_005054327.1	3601299	3602338	18.500	0
TguLTRL4b	NW_005054327.1	3615033	3616044	18.700	0
TguLTR5d	NW_005054327.1	3691200	3691776	18.400	0
TguLTR5b	NW_005054327.1	3735353	3735878	19.500	0
TguLTR5e	NW_005054327.1	3741424	3741935	24.400	0
TguLTR5a	NW_005054327.1	3774858	3775398	19.800	0
TguLTR5e	NW_005054327.1	3887792	3888334	26.100	0
TguLTR5c	NW_005054327.1	3910708	3911259	19.900	0
TguLTRL4d	NW_005054327.1	3913648	3914164	20.900	0
TguLTRL6b	NW_005054327.1	3930020	3930251	24.300	0
TguLTR5c	NW_005054327.1	4087308	4087897	19.400	0
TguLTR5d	NW_005054327.1	4136434	4137022	17.700	0
TguLTRL6b	NW_005054327.1	4179067	4179495	21.400	0
TguLTRL4c	NW_005054327.1	4188446	4189510	20.900	0
TguLTRL6b	NW_005054327.1	4327970	4328137	27.400	0
TguLTR5b	NW_005054327.1	4332804	4333380	16.600	0
TguLTRL4c	NW_005054327.1	4357532	4358384	20.700	0
TguLTRL4c	NW_005054327.1	4511887	4512785	23.400	0
TguLTRL4d	NW_005054327.1	4663451	4663756	24.000	0
TguLTRL4b	NW_005054327.1	4686105	4687095	20.500	0
TguLTRL6b	NW_005054327.1	4692722	4692893	20.000	0
TguLTRL4d	NW_005054327.1	4736257	4736653	22.300	0
TguLTRL4d	NW_005054327.1	4736916	4737111	24.200	0
TguLTR5d	NW_005054327.1	4951437	4952035	18.400	0
TguLTRL4d	NW_005054327.1	5086643	5087419	25.200	0
TguLTRL4c	NW_005054327.1	5107512	5108164	18.400	0
TguLTR5d	NW_005054327.1	5129952	5130173	15.000	0
TguLTR5e	NW_005054327.1	5146382	5146725	24.100	0
TguLTR5b	NW_005054327.1	5306576	5307161	15.400	0
TguLTR5c	NW_005054327.1	5316108	5316690	21.500	0
TguLTR5d	NW_005054327.1	5487962	5488549	21.200	0
TguLTRL4d	NW_005054327.1	5529037	5529164	24.400	0
TguLTRL4d	NW_005054327.1	5529323	5529619	27.900	0
TguLTRL4c	NW_005054327.1	5799245	5799378	17.600	0
TguLTR5e	NW_005054327.1	5932824	5933124	24.100	0
TguLTR11	NW_005054327.1	5948172	5948329	16.800	0
TguLTR6a	NW_005054327.1	5951998	5952462	20.800	0
TguLTR5d	NW_005054327.1	5987963	5988309	19.500	0
TguLTRL4c	NW_005054327.1	6067358	6068092	24.100	0
TguLTRL4d	NW_005054327.1	6077409	6078217	29.600	0
TguLTR5a	NW_005054327.1	6122630	6123226	23.200	0
TguLTRL4c	NW_005054327.1	6125016	6125125	19.800	0
TguLTRL4b	NW_005054327.1	6135796	6136759	18.700	0
TguLTR5a	NW_005054327.1	6168871	6169469	22.300	0
TguLTR5d	NW_005054327.1	6206144	6206628	22.200	0
TguLTR5e	NW_005054327.1	6215532	6216073	24.900	0
TguLTRL4c	NW_005054327.1	6244246	6244596	28.100	0
TguLTRL4d	NW_005054327.1	6254719	6254835	23.300	0
TguLTR5d	NW_005054327.1	6264934	6265517	17.000	0
TguLTRL4c	NW_005054327.1	6279527	6279712	16.800	0
TguLTRL4d	NW_005054327.1	6291535	6291694	25.900	0
TguLTR5d	NW_005054327.1	6295444	6296013	19.200	0
TguLTRL4d	NW_005054327.1	6307267	6307454	22.900	0
TguLTRL4d	NW_005054327.1	6308012	6308436	28.000	0
TguLTRL4c	NW_005054327.1	6323771	6324718	26.800	0
TguLTRL4d	NW_005054327.1	6333373	6333581	29.600	0
TguLTRL4d	NW_005054327.1	6333663	6333785	31.100	0
TguLTRL4d	NW_005054327.1	6333968	6334161	27.600	0
TguLTR5e	NW_005054327.1	6352711	6352842	29.800	0
TguLTRL4d	NW_005054327.1	6367783	6368231	25.000	0
TguLTR11	NW_005054327.1	6370866	6371308	15.500	0
TguLTRL4d	NW_005054327.1	6429850	6430165	25.800	0
TguLTR11	NW_005054327.1	6468005	6468150	26.800	0
TguLTR11	NW_005054327.1	6468308	6468486	26.000	0
TguLTR5a	NW_005054327.1	6516714	6516893	16.100	0
TguLTRL4c	NW_005054327.1	6526757	6527137	15.400	0
TguLTRL4b	NW_005054327.1	6529307	6529872	21.400	0
TguLTR6a	NW_005054327.1	6564161	6564604	21.900	0
TguLTR5d	NW_005054327.1	6570981	6571066	16.500	0
TguLTR5a	NW_005054327.1	6586652	6586747	20.000	0
TguLTR6a	NW_005054327.1	6592133	6592587	21.300	0
TguLTR5e	NW_005054327.1	6594389	6594472	24.100	0
TguLTRL4b	NW_005054327.1	6600660	6600758	17.400	0
TguLTRL4d	NW_005054327.1	6642977	6643342	24.900	0
TguLTRL4c	NW_005054327.1	6692323	6693309	25.300	0
TguLTR5a	NW_005054327.1	6695148	6695446	17.000	0
TguLTR5a	NW_005054327.1	6725442	6725658	23.600	0
TguLTR5a	NW_005054327.1	6726008	6726313	26.100	0
TguLTR5b	NW_005054327.1	6735861	6736449	14.400	0
TguLTRL4b	NW_005054327.1	6738285	6739341	19.900	0
TguLTR11	NW_005054327.1	6826120	6826384	18.000	0
TguLTRL4d	NW_005054327.1	6865341	6865582	27.600	0
TguLTR5d	NW_005054327.1	6878048	6878612	23.700	0
TguLTRL6b	NW_005054327.1	6880587	6880729	22.600	0
TguLTRL6b	NW_005054327.1	6881293	6881413	15.100	0
TguLTR5c	NW_005054327.1	6895033	6895309	19.200	0
TguLTR5a	NW_005054327.1	6895314	6895385	9.900	0
TguLTR11	NW_005054327.1	6895984	6896110	19.100	0
TguLTRL4c	NW_005054327.1	6910696	6910851	18.200	0
TguLTR5e	NW_005054327.1	6918344	6918710	27.900	0
TguLTR5d	NW_005054327.1	6933678	6934265	19.100	0
TguLTR5b	NW_005054327.1	6935929	6936474	18.200	0
TguLTR5d	NW_005054327.1	6944195	6944785	21.300	0
TguLTRL4c	NW_005054327.1	6947962	6948509	26.400	0
TguLTRL4c	NW_005054328.1	1972	2454	20.400	0
TguLTR5d	NW_005054328.1	3127	3717	15.900	0
TguLTRL4d	NW_005054328.1	6284	6561	20.600	0
TguLTR5e	NW_005054328.1	46701	47195	27.500	0
TguLTRL4b	NW_005054328.1	92038	93077	22.300	0
TguLTRL4d	NW_005054328.1	184441	184811	32.700	0
TguLTRL4c	NW_005054328.1	223962	224383	16.500	0
TguLTRL4b	NW_005054328.1	306053	307105	17.900	0
TguLTRL4d	NW_005054328.1	343687	344252	24.300	0
TguLTR5e	NW_005054328.1	449101	449387	21.100	0
TguLTRL4b	NW_005054328.1	602466	603524	21.400	0
TguLTRL4b	NW_005054328.1	712548	713563	16.500	0
TguLTRL4c	NW_005054328.1	820616	820746	20.200	0
TguLTRL4b	NW_005054328.1	890370	890439	13.200	0
TguLTRL6b	NW_005054328.1	916160	916322	19.200	0
TguLTR6a	NW_005054328.1	1113388	1113845	20.100	0
TguLTRL6b	NW_005054328.1	1214325	1214745	23.100	0
TguLTR5a	NW_005054328.1	1273030	1273090	18.300	0
TguLTRL4c	NW_005054328.1	1362046	1362852	22.300	0
TguLTR5d	NW_005054328.1	1430208	1430727	21.100	0
TguLTRL4b	NW_005054328.1	1494912	1496044	18.400	0
TguLTR5c	NW_005054328.1	1496383	1496949	17.900	0
TguLTR5d	NW_005054328.1	1509791	1510070	15.600	0
TguLTR5d	NW_005054328.1	1510154	1510267	22.100	0
TguLTR5b	NW_005054328.1	1526051	1526605	15.400	0
TguLTR5d	NW_005054328.1	1683157	1683689	25.200	0
TguLTR5d	NW_005054328.1	1776694	1777269	15.200	0
TguLTRL6b	NW_005054328.1	1858688	1858841	22.300	0
TguLTR5d	NW_005054328.1	1980921	1981365	19.200	0
TguLTRL4b	NW_005054328.1	2121961	2122908	23.900	0
TguLTR5c	NW_005054328.1	2135978	2136368	18.200	0
TguLTR11	NW_005054328.1	2163942	2164181	25.200	0
TguLTRL4b	NW_005054328.1	2190071	2190400	14.100	0
TguLTR5c	NW_005054328.1	2219915	2220478	24.600	0
TguLTRL6b	NW_005054328.1	2245973	2246362	20.200	0
TguLTR5b	NW_005054328.1	2298476	2299037	13.500	0
TguLTR5e	NW_005054328.1	2333065	2333490	25.500	0
TguLTRL4c	NW_005054328.1	2412056	2413216	19.300	0
TguLTRL4b	NW_005054328.1	2433829	2434698	19.800	0
TguLTR5b	NW_005054328.1	2479791	2479857	12.100	0
TguLTR5a	NW_005054328.1	2481148	2481678	21.500	0
TguLTR6a	NW_005054328.1	2531561	2531919	19.100	0
TguLTR5c	NW_005054328.1	2600075	2600629	19.400	0
TguLTR5b	NW_005054328.1	2605939	2606521	14.300	0
TguLTRL4b	NW_005054328.1	2642177	2642384	21.800	0
TguLTRL4b	NW_005054328.1	2642429	2643243	21.800	0
TguLTR5c	NW_005054328.1	2646582	2646785	21.400	0
TguLTRL4c	NW_005054328.1	2660114	2661250	22.400	0
TguLTRL4c	NW_005054328.1	2673468	2674611	19.400	0
TguLTRL4b	NW_005054328.1	2679982	2680529	17.800	0
TguLTR5d	NW_005054328.1	2692077	2692663	19.700	0
TguLTRL4b	NW_005054328.1	2705354	2706419	16.900	0
TguLTR5c	NW_005054328.1	2736055	2736612	24.300	0
TguLTR5a	NW_005054328.1	2758885	2759242	17.100	0
TguLTR5a	NW_005054328.1	2831830	2831974	11.200	0
TguLTR5a	NW_005054328.1	2833102	2833526	15.300	0
TguLTRL4c	NW_005054328.1	2962525	2962828	19.700	0
TguLTR5d	NW_005054328.1	2976357	2976590	26.300	0
TguLTR6a	NW_005054328.1	2999436	2999930	22.400	0
TguLTRL4d	NW_005054328.1	3195119	3195713	26.900	0
TguLTRL4c	NW_005054328.1	3197879	3198684	18.900	0
TguLTRL4b	NW_005054328.1	3235629	3235726	18.600	0
TguLTRL4b	NW_005054328.1	3236063	3236805	23.700	0
TguLTRL4b	NW_005054328.1	3237404	3237559	20.000	0
TguLTR5a	NW_005054328.1	3275823	3276380	18.900	0
TguLTR5b	NW_005054328.1	3325399	3325981	15.100	0
TguLTR5d	NW_005054328.1	3465987	3466083	15.900	0
TguLTR5a	NW_005054328.1	3474947	3475358	18.600	0
TguLTR5a	NW_005054328.1	3475449	3475585	18.600	0
TguLTR5a	NW_005054328.1	3480049	3480460	18.600	0
TguLTR5a	NW_005054328.1	3480521	3480657	18.600	0
TguLTRL4c	NW_005054328.1	3567636	3567960	21.400	0
TguLTRL4c	NW_005054328.1	3577635	3577675	10.000	0
TguLTRL4d	NW_005054328.1	3602499	3603183	28.200	0
TguLTR5a	NW_005054328.1	3608596	3609072	23.100	0
TguLTRL6b	NW_005054328.1	3659493	3659817	21.800	0
TguLTRL4d	NW_005054328.1	3666445	3667412	26.600	0
TguLTRL4b	NW_005054328.1	3677230	3677852	16.700	0
TguLTRL4b	NW_005054328.1	3680911	3681533	16.400	0
TguLTRL4c	NW_005054328.1	3714287	3714353	22.700	0
TguLTRL4d	NW_005054328.1	3810504	3810640	25.000	0
TguLTR5a	NW_005054328.1	3979429	3979528	17.300	0
TguLTR5d	NW_005054328.1	4022024	4022592	19.200	0
TguLTR6a	NW_005054328.1	4093437	4093827	18.800	0
TguLTR5d	NW_005054328.1	4219328	4219656	22.000	0
TguLTRL4c	NW_005054328.1	4372435	4372981	14.900	0
TguLTRL4d	NW_005054328.1	4399725	4399943	22.900	0
TguLTR5e	NW_005054328.1	4429995	4430143	25.600	0
TguLTR5e	NW_005054328.1	4430624	4430888	26.400	0
TguLTRL4d	NW_005054328.1	4455565	4456429	25.500	0
TguLTRL4c	NW_005054328.1	4505080	4505155	13.300	0
TguLTR5e	NW_005054328.1	4510646	4510975	29.600	0
TguLTR5b	NW_005054328.1	4516122	4516667	15.800	0
TguLTR5b	NW_005054328.1	4582769	4583304	11.800	0
TguLTR5a	NW_005054328.1	4747314	4747843	19.600	0
TguLTRL4c	NW_005054328.1	4759305	4760124	19.200	0
TguLTR5a	NW_005054328.1	4774864	4775252	12.900	0
TguLTR5a	NW_005054328.1	4775319	4775502	23.300	0
TguLTRL4d	NW_005054328.1	4858141	4858437	25.300	0
TguLTR5e	NW_005054328.1	4958552	4958824	20.200	0
TguLTR5a	NW_005054328.1	5157258	5157539	26.300	0
TguLTR5a	NW_005054328.1	5157597	5157771	20.200	0
TguLTR5b	NW_005054328.1	5346943	5347221	14.400	0
TguLTRL4c	NW_005054328.1	5450617	5451670	20.100	0
TguLTR5a	NW_005054328.1	5641637	5642139	22.300	0
TguLTR5b	NW_005054328.1	5694553	5694965	13.600	0
TguLTR5b	NW_005054328.1	5695647	5695821	17.200	0
TguLTR5a	NW_005054328.1	5755555	5756141	16.800	0
TguLTR5a	NW_005054328.1	5798156	5798515	23.100	0
TguLTR11	NW_005054328.1	5893232	5893415	27.400	0
TguLTR5b	NW_005054328.1	5970170	5970298	17.200	0
TguLTR5b	NW_005054328.1	5970575	5971021	12.600	0
TguLTR5e	NW_005054328.1	6038673	6038784	22.900	0
TguLTR5a	NW_005054328.1	6065822	6066392	22.600	0
TguLTR5d	NW_005054328.1	6164785	6165342	17.600	0
TguLTR5a	NW_005054328.1	6227139	6227255	18.100	0
TguLTR5a	NW_005054328.1	6227300	6227726	18.100	0
TguLTR5a	NW_005054328.1	6278053	6278194	18.100	0
TguLTR5a	NW_005054328.1	6278263	6278672	18.100	0
TguLTR5a	NW_005054328.1	6347592	6348177	21.500	0
TguLTR5b	NW_005054328.1	6488362	6488417	10.900	0
TguLTR5b	NW_005054328.1	6505561	6506142	15.600	0
TguLTR5d	NW_005054328.1	6610318	6610879	21.100	0
TguLTR5e	NW_005054328.1	6618313	6618593	25.000	0
TguLTR5b	NW_005054328.1	6646917	6647450	15.100	0
TguLTR11	NW_005054328.1	6653153	6653346	29.900	0
TguLTR5e	NW_005054328.1	6666438	6666969	25.900	0
TguLTR11	NW_005054328.1	6708368	6708749	17.300	0
TguLTR5b	NW_005054328.1	6708837	6709376	13.700	0
TguLTR5d	NW_005054328.1	6738988	6739552	17.800	0
TguLTR5d	NW_005054328.1	6771526	6772053	16.200	0
TguLTR5e	NW_005054328.1	6834998	6835289	22.900	0
TguLTR5e	NW_005054328.1	6835317	6835469	20.400	0
TguLTR5a	NW_005054328.1	6895922	6896405	24.900	0
TguLTR5d	NW_005054329.1	56410	56966	26.400	0
TguLTR5c	NW_005054329.1	79719	80228	21.900	0
TguLTR5d	NW_005054329.1	186668	187211	22.000	0
TguLTR5d	NW_005054329.1	1219575	1219671	20.800	0
TguLTRL4d	NW_005054329.1	1303723	1303934	24.200	0
TguLTRL4c	NW_005054329.1	2233006	2233071	20.000	0
TguLTR5e	NW_005054329.1	5108419	5108942	25.500	0
TguLTR5e	NW_005054329.1	5109593	5109901	24.100	0
TguLTRL4b	NW_005054329.1	5122835	5123914	21.400	0
TguLTRL4c	NW_005054329.1	5281577	5282590	16.900	0
TguLTR5c	NW_005054329.1	5395418	5395825	20.000	0
TguLTR11	NW_005054329.1	5923395	5923937	14.400	0
TguLTR11	NW_005054329.1	5923961	5924192	19.900	0
TguLTR11	NW_005054329.1	6411803	6412053	20.300	0
TguLTR11	NW_005054329.1	6495830	6496086	28.800	0
TguLTR11	NW_005054329.1	6496119	6496190	24.600	0
TguLTR5d	NW_005054329.1	6634443	6634564	19.000	0
TguLTR5d	NW_005054329.1	6634661	6634743	21.900	0
TguLTR5d	NW_005054329.1	6634778	6634948	18.400	0
TguLTRL4c	NW_005054329.1	6695563	6695703	26.600	0
TguLTRL4c	NW_005054330.1	368343	368404	21.400	0
TguLTRL4c	NW_005054330.1	368431	368759	21.400	0
TguLTR6a	NW_005054330.1	922324	922591	16.000	0
TguLTR11	NW_005054330.1	982809	982862	18.900	0
TguLTR5a	NW_005054330.1	1151668	1151790	17.200	0
TguLTR5e	NW_005054330.1	1171465	1171753	21.300	0
TguLTR5e	NW_005054330.1	1171789	1171860	17.100	0
TguLTRL4d	NW_005054330.1	1680041	1680255	21.200	0
TguLTRL4c	NW_005054330.1	1823517	1824038	18.100	0
TguLTRL4c	NW_005054330.1	2056713	2056954	17.200	0
TguLTRL4c	NW_005054330.1	2205900	2206216	18.000	0
TguLTRL4c	NW_005054330.1	2606083	2606208	16.400	0
TguLTRL4d	NW_005054330.1	2758490	2758916	24.000	0
TguLTRL4b	NW_005054330.1	3561220	3561377	15.900	0
TguLTR5d	NW_005054330.1	3586343	3586654	15.100	0
TguLTR5a	NW_005054330.1	3725061	3725303	11.700	0
TguLTR5d	NW_005054330.1	3763030	3763413	14.800	0
TguLTR11	NW_005054330.1	4501870	4502043	24.100	0
TguLTRL4b	NW_005054330.1	4578248	4578446	22.200	0
TguLTRL4b	NW_005054330.1	5606520	5606572	17.700	0
TguLTR11	NW_005054330.1	5788677	5788841	17.400	0
TguLTRL4d	NW_005054330.1	5986093	5986213	14.300	0
TguLTR5e	NW_005054331.1	12713	12914	24.600	0
TguLTR5e	NW_005054331.1	12964	13190	31.400	0
TguLTRL4b	NW_005054331.1	23895	24601	18.500	0
TguLTRL4c	NW_005054331.1	26788	27359	25.900	0
TguLTR5c	NW_005054331.1	55743	56313	19.500	0
TguLTRL4b	NW_005054331.1	83828	84895	20.200	0
TguLTRL4b	NW_005054331.1	85899	86254	20.800	0
TguLTRL6b	NW_005054331.1	89299	89515	21.200	0
TguLTR5d	NW_005054331.1	124329	124459	19.500	0
TguLTRL4c	NW_005054331.1	149147	149650	22.100	0
TguLTR5e	NW_005054331.1	305045	305222	23.400	0
TguLTR5b	NW_005054331.1	432885	433437	15.400	0
TguLTRL4d	NW_005054331.1	441582	442363	27.300	0
TguLTR5e	NW_005054331.1	483967	484532	24.400	0
TguLTRL4c	NW_005054331.1	532790	533833	22.700	0
TguLTR5c	NW_005054331.1	572865	573452	19.500	0
TguLTR5d	NW_005054331.1	600724	601315	21.500	0
TguLTRL6b	NW_005054331.1	612031	612392	18.200	0
TguLTRL4c	NW_005054331.1	655179	656143	23.000	0
TguLTR5b	NW_005054331.1	695220	695814	13.700	0
TguLTR5e	NW_005054331.1	729042	729560	28.900	0
TguLTR5c	NW_005054331.1	766185	766549	15.800	0
TguLTR6a	NW_005054331.1	791307	791432	23.100	0
TguLTR5a	NW_005054331.1	855392	855571	21.400	0
TguLTRL4b	NW_005054331.1	877793	878583	15.500	0
TguLTRL4b	NW_005054331.1	878586	878687	15.700	0
TguLTR11	NW_005054331.1	897130	897339	22.400	0
TguLTR11	NW_005054331.1	897789	897926	24.600	0
TguLTRL4c	NW_005054331.1	999222	999473	22.600	0
TguLTR5a	NW_005054331.1	1100923	1101156	18.600	0
TguLTR5b	NW_005054331.1	1122198	1122622	21.800	0
TguLTR5e	NW_005054331.1	1132663	1132950	29.500	0
TguLTRL6b	NW_005054331.1	1138838	1139064	21.400	0
TguLTR5b	NW_005054331.1	1172134	1172669	15.700	0
TguLTRL4c	NW_005054331.1	1179978	1180681	23.000	0
TguLTRL4c	NW_005054331.1	1181095	1181308	25.900	0
TguLTR11	NW_005054331.1	1185940	1186588	15.800	0
TguLTR5d	NW_005054331.1	1202161	1202358	17.300	0
TguLTR5c	NW_005054331.1	1208875	1209132	27.000	0
TguLTRL4d	NW_005054331.1	1219954	1220075	22.000	0
TguLTR5a	NW_005054331.1	1231311	1231481	16.500	0
TguLTR5d	NW_005054331.1	1266560	1266832	20.700	0
TguLTR5a	NW_005054331.1	1292679	1293218	23.400	0
TguLTRL4c	NW_005054331.1	1343556	1343892	16.600	0
TguLTRL4c	NW_005054331.1	1451668	1451917	23.400	0
TguLTRL4c	NW_005054331.1	1451943	1452051	20.800	0
TguLTR5c	NW_005054331.1	1472063	1472590	22.300	0
TguLTRL6b	NW_005054331.1	1492210	1492358	26.000	0
TguLTR5a	NW_005054331.1	1558070	1558625	20.900	0
TguLTR11	NW_005054331.1	1577070	1578008	14.900	0
TguLTR5d	NW_005054331.1	1595354	1595484	29.200	0
TguLTR5d	NW_005054331.1	1595517	1595913	23.500	0
TguLTRL4c	NW_005054331.1	1638426	1638698	22.100	0
TguLTRL4c	NW_005054331.1	1638708	1639035	22.100	0
TguLTRL4d	NW_005054331.1	1641615	1642445	27.000	0
TguLTR5a	NW_005054331.1	1719644	1720155	21.200	0
TguLTR6a	NW_005054331.1	1817717	1818101	17.600	0
TguLTR5c	NW_005054331.1	2024019	2024440	19.800	0
TguLTR5c	NW_005054331.1	2024704	2024804	28.900	0
TguLTR5a	NW_005054331.1	2053301	2053500	21.400	0
TguLTR5a	NW_005054331.1	2053505	2053825	19.900	0
TguLTR5a	NW_005054331.1	2071663	2072180	21.900	0
TguLTR11	NW_005054331.1	2315470	2315621	20.600	0
TguLTR11	NW_005054331.1	2316099	2316343	19.000	0
TguLTR5c	NW_005054331.1	2349010	2349530	19.400	0
TguLTR5a	NW_005054331.1	2415057	2415583	20.700	0
TguLTR6a	NW_005054331.1	2418835	2419310	23.200	0
TguLTR11	NW_005054331.1	2447939	2448062	16.100	0
TguLTR5c	NW_005054331.1	2456721	2457289	21.600	0
TguLTR5b	NW_005054331.1	2642992	2643584	17.600	0
TguLTR5d	NW_005054331.1	2820132	2820392	20.400	0
TguLTR5c	NW_005054331.1	3010808	3011312	21.200	0
TguLTR6a	NW_005054331.1	3015417	3015864	22.500	0
TguLTR5a	NW_005054331.1	3079365	3079890	20.700	0
TguLTR5d	NW_005054331.1	3111301	3111635	16.500	0
TguLTRL4d	NW_005054331.1	3333690	3334107	23.200	0
TguLTRL4c	NW_005054331.1	3337110	3338104	20.000	0
TguLTR6a	NW_005054331.1	3437507	3437969	26.800	0
TguLTR6a	NW_005054331.1	3540455	3540861	21.200	0
TguLTRL4b	NW_005054331.1	3541661	3542090	15.700	0
TguLTR6a	NW_005054331.1	3618007	3618413	19.600	0
TguLTR5b	NW_005054331.1	3683607	3684180	14.900	0
TguLTR5d	NW_005054331.1	3789654	3790098	18.500	0
TguLTR5d	NW_005054331.1	3790099	3790448	17.600	0
TguLTRL4d	NW_005054331.1	3803230	3803881	25.800	0
TguLTR5b	NW_005054331.1	3807130	3807676	14.500	0
TguLTR5b	NW_005054331.1	3868887	3869452	16.300	0
TguLTR5d	NW_005054331.1	4236121	4236421	14.500	0
TguLTR5a	NW_005054331.1	4258933	4259095	19.800	0
TguLTR5e	NW_005054331.1	4357990	4358357	29.900	0
TguLTR5e	NW_005054331.1	4464596	4464718	20.500	0
TguLTR5d	NW_005054331.1	4472998	4473582	20.400	0
TguLTRL4d	NW_005054331.1	4601826	4602176	26.000	0
TguLTR5d	NW_005054331.1	4835614	4835736	19.100	0
TguLTR5d	NW_005054331.1	4835983	4836454	20.200	0
TguLTR5d	NW_005054331.1	4898993	4899599	18.100	0
TguLTR5d	NW_005054331.1	4935234	4935474	19.400	0
TguLTR5d	NW_005054331.1	4935612	4935915	17.200	0
TguLTR5d	NW_005054331.1	5043979	5044567	18.400	0
TguLTR5d	NW_005054331.1	5120916	5121493	15.200	0
TguLTRL6b	NW_005054331.1	5229598	5229782	19.500	0
TguLTR5c	NW_005054331.1	5443027	5443508	20.300	0
TguLTR5b	NW_005054331.1	5665532	5665688	15.500	0
TguLTR5a	NW_005054331.1	5725601	5725737	23.700	0
TguLTR5e	NW_005054331.1	5872837	5873390	27.500	0
TguLTRL4c	NW_005054331.1	6001705	6002813	20.700	0
TguLTR5a	NW_005054331.1	6124124	6124712	16.900	0
TguLTR5d	NW_005054331.1	6146799	6147358	17.100	0
TguLTRL4c	NW_005054331.1	6148158	6148431	29.900	0
TguLTR5d	NW_005054331.1	6148806	6149171	17.300	0
TguLTR5b	NW_005054331.1	6149174	6149717	12.600	0
TguLTR5d	NW_005054331.1	6149725	6149935	19.000	0
TguLTR5a	NW_005054331.1	6219275	6219800	24.700	0
TguLTR6a	NW_005054331.1	6278085	6278503	21.900	0
TguLTR6a	NW_005054331.1	6314353	6314743	18.600	0
TguLTR5a	NW_005054331.1	6360521	6360693	17.500	0
TguLTR5b	NW_005054331.1	6605892	6606472	17.200	0
TguLTR5d	NW_005054331.1	6644907	6645430	17.500	0
TguLTRL4c	NW_005054332.1	3089	3639	16.200	0
TguLTR5d	NW_005054332.1	6330	6502	13.900	0
TguLTR11	NW_005054332.1	52301	52429	19.900	0
TguLTR11	NW_005054332.1	52460	52557	19.900	0
TguLTR11	NW_005054332.1	52604	52897	16.100	0
TguLTRL6b	NW_005054332.1	54151	54304	25.600	0
TguLTR5d	NW_005054332.1	89694	90268	17.000	0
TguLTR5d	NW_005054332.1	141324	141915	14.700	0
TguLTR5e	NW_005054332.1	155805	155924	19.300	0
TguLTR5b	NW_005054332.1	179941	180510	12.900	0
TguLTR5e	NW_005054332.1	192073	192563	28.500	0
TguLTR5e	NW_005054332.1	195304	195534	22.800	0
TguLTR5e	NW_005054332.1	202599	203088	23.500	0
TguLTR5c	NW_005054332.1	204803	205286	23.900	0
TguLTR5d	NW_005054332.1	409725	410311	16.300	0
TguLTR5a	NW_005054332.1	410697	410792	24.200	0
TguLTRL4c	NW_005054332.1	470010	470314	19.700	0
TguLTR5e	NW_005054332.1	471915	472103	24.600	0
TguLTR5d	NW_005054332.1	621163	621584	16.400	0
TguLTRL4d	NW_005054332.1	730095	730450	27.600	0
TguLTRL4b	NW_005054332.1	763005	764089	20.200	0
TguLTR5e	NW_005054332.1	766267	766802	26.500	0
TguLTRL4d	NW_005054332.1	785876	785974	27.600	0
TguLTRL4d	NW_005054332.1	785993	786307	26.300	0
TguLTR5b	NW_005054332.1	832834	833396	13.400	0
TguLTR5e	NW_005054332.1	895122	895655	22.800	0
TguLTR5b	NW_005054332.1	1013344	1013578	11.500	0
TguLTR5a	NW_005054332.1	1162587	1163161	20.300	0
TguLTR5a	NW_005054332.1	1185324	1185918	20.900	0
TguLTR5e	NW_005054332.1	1207103	1207351	19.800	0
TguLTR5d	NW_005054332.1	1292225	1292770	18.600	0
TguLTRL4c	NW_005054332.1	1310301	1311366	18.600	0
TguLTRL4c	NW_005054332.1	1318289	1319188	23.700	0
TguLTRL4b	NW_005054332.1	1319320	1319819	23.300	0
TguLTRL4b	NW_005054332.1	1320133	1320345	16.000	0
TguLTR5c	NW_005054332.1	1320345	1320906	18.200	0
TguLTRL4d	NW_005054332.1	1321336	1321607	21.600	0
TguLTRL4c	NW_005054332.1	1337964	1339028	25.900	0
TguLTR5d	NW_005054332.1	1362832	1363338	24.000	0
TguLTRL4c	NW_005054332.1	1371020	1371786	21.900	0
TguLTRL4d	NW_005054332.1	1372624	1373053	26.600	0
TguLTRL4d	NW_005054332.1	1373073	1373488	26.800	0
TguLTRL4b	NW_005054332.1	1389703	1389856	20.300	0
TguLTRL4b	NW_005054332.1	1389862	1390313	15.500	0
TguLTRL4b	NW_005054332.1	1390700	1390935	17.100	0
TguLTRL4c	NW_005054332.1	1394803	1395879	19.100	0
TguLTRL4d	NW_005054332.1	1417745	1418137	27.100	0
TguLTRL4c	NW_005054332.1	1420997	1421180	17.800	0
TguLTR5a	NW_005054332.1	1427321	1427458	24.300	0
TguLTR5a	NW_005054332.1	1427497	1427910	24.300	0
TguLTR5d	NW_005054332.1	1428250	1428594	19.000	0
TguLTR5d	NW_005054332.1	1429303	1429543	20.000	0
TguLTRL4c	NW_005054332.1	1429769	1430284	21.100	0
TguLTRL4c	NW_005054332.1	1430971	1431283	25.000	0
TguLTR5d	NW_005054332.1	1438076	1438623	16.400	0
TguLTR5e	NW_005054332.1	1476646	1477246	24.000	0
TguLTRL4d	NW_005054332.1	1488072	1488654	25.100	0
TguLTR5d	NW_005054332.1	1507070	1507438	18.400	0
TguLTRL4d	NW_005054332.1	1520556	1520747	24.800	0
TguLTRL4d	NW_005054332.1	1520857	1521250	26.100	0
TguLTRL4d	NW_005054332.1	1545739	1546249	27.200	0
TguLTR5d	NW_005054332.1	1546588	1547165	22.400	0
TguLTR5b	NW_005054332.1	1551317	1551901	16.800	0
TguLTRL4d	NW_005054332.1	1563273	1563517	20.600	0
TguLTRL4c	NW_005054332.1	1563806	1563933	23.400	0
TguLTR11	NW_005054332.1	1605680	1605907	23.100	0
TguLTR11	NW_005054332.1	1606257	1606490	20.100	0
TguLTR6a	NW_005054332.1	1607338	1607854	24.000	0
TguLTRL4c	NW_005054332.1	1617411	1617525	14.900	0
TguLTR5d	NW_005054332.1	1627787	1628385	20.500	0
TguLTR6a	NW_005054332.1	1654555	1655044	21.600	0
TguLTR6a	NW_005054332.1	1672354	1672526	24.300	0
TguLTR6a	NW_005054332.1	1696013	1696194	22.300	0
TguLTRL4c	NW_005054332.1	1703890	1704224	24.700	0
TguLTRL4c	NW_005054332.1	1705432	1706478	19.800	0
TguLTR5c	NW_005054332.1	1710598	1711139	26.500	0
TguLTR5b	NW_005054332.1	1717857	1718102	16.700	0
TguLTRL6b	NW_005054332.1	1752612	1753010	19.400	0
TguLTRL4c	NW_005054332.1	1755105	1755184	30.800	0
TguLTRL4d	NW_005054332.1	1760481	1760789	23.300	0
TguLTRL4b	NW_005054332.1	1769407	1770432	17.500	0
TguLTR5a	NW_005054332.1	1790706	1791037	21.100	0
TguLTRL4c	NW_005054332.1	1795562	1795852	25.900	0
TguLTR11	NW_005054332.1	1799537	1800489	17.200	0
TguLTR5b	NW_005054332.1	1815297	1815884	14.500	0
TguLTR11	NW_005054332.1	1820513	1820787	19.700	0
TguLTRL4d	NW_005054332.1	1828147	1828943	25.200	0
TguLTR11	NW_005054332.1	1846060	1846280	18.900	0
TguLTR11	NW_005054332.1	1846353	1846621	21.300	0
TguLTRL4b	NW_005054332.1	1848457	1849502	19.600	0
TguLTR5e	NW_005054332.1	1871426	1871954	25.300	0
TguLTR5b	NW_005054332.1	1883307	1883891	14.900	0
TguLTRL4b	NW_005054332.1	1907843	1908176	16.700	0
TguLTRL4c	NW_005054332.1	1956475	1956566	14.800	0
TguLTRL4c	NW_005054332.1	1963638	1964187	23.100	0
TguLTRL4c	NW_005054332.1	1964849	1965036	25.400	0
TguLTR5b	NW_005054332.1	1985597	1986178	21.600	0
TguLTR5b	NW_005054332.1	1986205	1986537	19.600	0
TguLTR6a	NW_005054332.1	1987285	1987702	19.900	0
TguLTRL4d	NW_005054332.1	2003916	2004103	24.100	0
TguLTR11	NW_005054332.1	2077378	2077519	21.700	0
TguLTR11	NW_005054332.1	2078992	2079274	21.200	0
TguLTR5d	NW_005054332.1	2094433	2094981	26.100	0
TguLTR5d	NW_005054332.1	2102025	2102539	17.800	0
TguLTRL4d	NW_005054332.1	2104645	2105258	31.800	0
TguLTR5c	NW_005054332.1	2116098	2116685	17.600	0
TguLTRL4d	NW_005054332.1	2119202	2120012	26.600	0
TguLTRL4d	NW_005054332.1	2122237	2122505	25.400	0
TguLTR5d	NW_005054332.1	2130033	2130182	18.800	0
TguLTR5d	NW_005054332.1	2151475	2152051	19.400	0
TguLTR5b	NW_005054332.1	2179512	2179617	13.400	0
TguLTRL4c	NW_005054332.1	2180265	2180643	27.500	0
TguLTR5d	NW_005054332.1	2183560	2183667	15.900	0
TguLTRL4d	NW_005054332.1	2186310	2186474	27.100	0
TguLTRL4d	NW_005054332.1	2205862	2206601	27.000	0
TguLTRL4d	NW_005054332.1	2206609	2206672	21.000	0
TguLTR5a	NW_005054332.1	2207374	2207511	23.800	0
TguLTR5b	NW_005054332.1	2233507	2234089	17.400	0
TguLTR5e	NW_005054332.1	2277491	2277860	29.600	0
TguLTRL4d	NW_005054332.1	2278265	2278436	27.100	0
TguLTRL4c	NW_005054332.1	2281891	2282576	27.300	0
TguLTR11	NW_005054332.1	2284680	2284798	28.400	0
TguLTRL4d	NW_005054332.1	2309249	2309454	29.700	0
TguLTRL4c	NW_005054332.1	2336800	2337060	16.600	0
TguLTRL4c	NW_005054332.1	2337136	2337289	17.100	0
TguLTR5a	NW_005054332.1	2345695	2345887	27.000	0
TguLTR5a	NW_005054332.1	2350541	2351099	27.400	0
TguLTR5c	NW_005054332.1	2351368	2351954	28.800	0
TguLTRL4d	NW_005054332.1	2359429	2359635	27.600	0
TguLTRL4d	NW_005054332.1	2360690	2360810	19.600	0
TguLTRL4c	NW_005054332.1	2368978	2369531	25.800	0
TguLTRL4c	NW_005054332.1	2374656	2375024	20.000	0
TguLTRL4c	NW_005054332.1	2375041	2375457	23.700	0
TguLTRL4c	NW_005054332.1	2419911	2420337	21.500	0
TguLTR5c	NW_005054332.1	2436543	2437146	20.100	0
TguLTR5d	NW_005054332.1	2439111	2439395	23.200	0
TguLTR5b	NW_005054332.1	2459551	2460138	17.900	0
TguLTR5d	NW_005054332.1	2473924	2474493	21.800	0
TguLTRL4c	NW_005054332.1	2477593	2478675	21.700	0
TguLTRL4d	NW_005054332.1	2491201	2491468	31.100	0
TguLTR5d	NW_005054332.1	2498882	2499471	21.600	0
TguLTR5d	NW_005054332.1	2506545	2506927	25.900	0
TguLTR5d	NW_005054332.1	2507894	2508034	20.000	0
TguLTR5d	NW_005054332.1	2510447	2510656	17.300	0
TguLTR5d	NW_005054332.1	2546346	2546555	28.700	0
TguLTRL4b	NW_005054332.1	2564696	2565710	21.400	0
TguLTR5b	NW_005054332.1	2571738	2572347	14.200	0
TguLTRL4b	NW_005054332.1	2582917	2583981	15.400	0
TguLTRL4d	NW_005054332.1	2589536	2589781	22.900	0
TguLTR5d	NW_005054332.1	2595318	2595877	21.700	0
TguLTR5e	NW_005054332.1	2606024	2606520	23.700	0
TguLTRL4c	NW_005054332.1	2608527	2609132	21.100	0
TguLTRL4c	NW_005054332.1	2621962	2622436	18.400	0
TguLTRL4c	NW_005054332.1	2673382	2674176	22.100	0
TguLTR5e	NW_005054332.1	2680855	2681135	24.500	0
TguLTR5e	NW_005054332.1	2681184	2681300	26.800	0
TguLTRL4b	NW_005054332.1	2686766	2687158	17.400	0
TguLTRL4d	NW_005054332.1	2706862	2707149	26.400	0
TguLTR5e	NW_005054332.1	2714904	2715046	29.500	0
TguLTR5a	NW_005054332.1	2724717	2725254	22.900	0
TguLTRL4d	NW_005054332.1	2770721	2770825	25.200	0
TguLTRL6b	NW_005054332.1	2773822	2774221	19.000	0
TguLTRL4d	NW_005054332.1	2780271	2781205	29.500	0
TguLTRL4d	NW_005054332.1	2787326	2787517	27.600	0
TguLTRL4d	NW_005054332.1	2787577	2788062	26.500	0
TguLTR5d	NW_005054332.1	2812952	2813268	20.900	0
TguLTRL4b	NW_005054332.1	2813568	2814606	15.700	0
TguLTRL4d	NW_005054332.1	2840838	2841197	24.700	0
TguLTRL4b	NW_005054332.1	2911158	2911448	34.500	0
TguLTRL4b	NW_005054332.1	2911622	2911759	31.000	0
TguLTRL4b	NW_005054332.1	2912092	2912215	30.000	0
TguLTRL4c	NW_005054332.1	2946061	2946174	23.900	0
TguLTRL6b	NW_005054332.1	2953563	2953763	23.300	0
TguLTR5e	NW_005054332.1	2957956	2958458	27.700	0
TguLTR5d	NW_005054332.1	2988278	2988857	18.100	0
TguLTRL4b	NW_005054332.1	3023057	3024100	15.500	0
TguLTR5d	NW_005054332.1	3027221	3027320	20.800	0
TguLTR5a	NW_005054332.1	3051901	3052085	24.000	0
TguLTRL4d	NW_005054332.1	3057307	3057750	21.700	0
TguLTR5d	NW_005054332.1	3082096	3082424	21.500	0
TguLTR11	NW_005054332.1	3112172	3112720	16.300	0
TguLTRL4b	NW_005054332.1	3113062	3113851	26.800	0
TguLTR5e	NW_005054332.1	3115346	3115843	27.300	0
TguLTRL4c	NW_005054332.1	3126351	3126933	17.900	0
TguLTRL4c	NW_005054332.1	3137261	3137704	23.000	0
TguLTR5e	NW_005054332.1	3356497	3357055	22.800	0
TguLTRL4d	NW_005054332.1	3413469	3414114	28.200	0
TguLTRL4d	NW_005054332.1	3458665	3459037	23.200	0
TguLTR11	NW_005054332.1	3463015	3463275	16.700	0
TguLTR11	NW_005054332.1	3463682	3463744	15.000	0
TguLTRL4c	NW_005054332.1	3464337	3465192	23.600	0
TguLTR5c	NW_005054332.1	3476019	3476609	19.500	0
TguLTR5b	NW_005054332.1	3479534	3479917	17.500	0
TguLTR5d	NW_005054332.1	3487206	3487778	23.300	0
TguLTRL4d	NW_005054332.1	3530253	3530395	22.600	0
TguLTR5a	NW_005054332.1	3531600	3532120	24.300	0
TguLTRL4d	NW_005054332.1	3557723	3557994	24.000	0
TguLTRL4b	NW_005054332.1	3564318	3565003	19.200	0
TguLTRL4b	NW_005054332.1	3565759	3566138	21.200	0
TguLTRL4c	NW_005054332.1	3580229	3580513	24.000	0
TguLTR5d	NW_005054332.1	3618486	3618980	18.800	0
TguLTRL4c	NW_005054332.1	3620624	3621483	19.400	0
TguLTRL4c	NW_005054332.1	3632695	3633750	19.900	0
TguLTRL4b	NW_005054332.1	3658120	3658960	17.800	0
TguLTRL4b	NW_005054332.1	3659242	3659414	13.900	0
TguLTRL4d	NW_005054332.1	3661394	3661884	26.400	0
TguLTRL4d	NW_005054332.1	3661936	3662059	23.600	0
TguLTRL6b	NW_005054332.1	3669978	3670152	19.000	0
TguLTRL4b	NW_005054332.1	3677762	3678639	19.600	0
TguLTR6a	NW_005054332.1	3686922	3687354	22.100	0
TguLTRL4c	NW_005054332.1	3701898	3702411	23.600	0
TguLTRL4b	NW_005054332.1	3728561	3728674	10.600	0
TguLTRL4b	NW_005054332.1	3740956	3742026	18.900	0
TguLTR5d	NW_005054332.1	3752163	3752702	17.500	0
TguLTR5e	NW_005054332.1	3756332	3756447	21.900	0
TguLTR5a	NW_005054332.1	3791671	3791969	17.600	0
TguLTR5d	NW_005054332.1	3812406	3812658	17.200	0
TguLTR5d	NW_005054332.1	3812921	3813244	20.300	0
TguLTRL4b	NW_005054332.1	3834899	3836007	18.500	0
TguLTRL4c	NW_005054332.1	3867055	3867417	19.700	0
TguLTRL4b	NW_005054332.1	3872552	3873603	13.100	0
TguLTR5b	NW_005054332.1	3903558	3903653	23.200	0
TguLTRL4b	NW_005054332.1	3904078	3905003	15.900	0
TguLTRL4c	NW_005054332.1	3933001	3934050	18.300	0
TguLTRL4b	NW_005054332.1	4046643	4047689	19.900	0
TguLTRL4c	NW_005054332.1	4094683	4095348	19.600	0
TguLTRL4c	NW_005054332.1	4099524	4100618	18.900	0
TguLTRL4d	NW_005054332.1	4125881	4126799	26.200	0
TguLTRL4b	NW_005054332.1	4168590	4169186	15.100	0
TguLTRL4b	NW_005054332.1	4169576	4169977	17.300	0
TguLTRL4c	NW_005054332.1	4206579	4206723	18.100	0
TguLTR5a	NW_005054332.1	4251026	4251479	17.000	0
TguLTR5a	NW_005054332.1	4271609	4271939	20.400	0
TguLTRL4b	NW_005054332.1	4282967	4283966	19.100	0
TguLTR5a	NW_005054332.1	4292669	4292761	29.700	0
TguLTRL4d	NW_005054332.1	4302053	4302370	29.200	0
TguLTRL4d	NW_005054332.1	4314834	4315223	27.400	0
TguLTR5a	NW_005054332.1	4370074	4370340	18.600	0
TguLTR5a	NW_005054332.1	4380181	4380748	15.500	0
TguLTR5a	NW_005054332.1	4424113	4424184	8.400	0
TguLTR5a	NW_005054332.1	4475947	4476191	12.700	0
TguLTRL4b	NW_005054332.1	4519746	4520191	18.500	0
TguLTR5d	NW_005054332.1	4613691	4614245	22.000	0
TguLTR5d	NW_005054332.1	4629574	4629953	16.400	0
TguLTR5d	NW_005054332.1	4629955	4630106	19.200	0
TguLTR6a	NW_005054332.1	5062982	5063399	26.600	0
TguLTR5c	NW_005054332.1	5160375	5160514	12.400	0
TguLTR5c	NW_005054332.1	5160757	5161178	21.800	0
TguLTRL4c	NW_005054332.1	5215861	5216915	18.900	0
TguLTRL4c	NW_005054332.1	5232360	5233294	19.600	0
TguLTR11	NW_005054332.1	5251302	5251493	14.700	0
TguLTR5e	NW_005054332.1	5366605	5366887	25.200	0
TguLTR5c	NW_005054332.1	5375723	5375856	9.800	0
TguLTRL6b	NW_005054332.1	5483776	5483935	19.800	0
TguLTR5b	NW_005054332.1	5524474	5524882	13.700	0
TguLTRL4d	NW_005054332.1	5525237	5526170	24.000	0
TguLTRL4c	NW_005054332.1	5530419	5531471	19.100	0
TguLTR5a	NW_005054332.1	5620555	5620946	24.000	0
TguLTRL6b	NW_005054332.1	5621132	5621275	28.200	0
TguLTR6a	NW_005054332.1	5621324	5621628	23.900	0
TguLTR6a	NW_005054332.1	5659566	5660002	21.600	0
TguLTR5e	NW_005054332.1	5664591	5664865	22.700	0
TguLTR5e	NW_005054332.1	5664880	5665098	30.700	0
TguLTR6a	NW_005054332.1	5684314	5684632	22.400	0
TguLTR11	NW_005054332.1	5696810	5697054	29.400	0
TguLTRL4c	NW_005054332.1	5703265	5703989	19.100	0
TguLTR5e	NW_005054332.1	5725698	5725774	25.000	0
TguLTRL4d	NW_005054332.1	5741524	5741639	38.000	0
TguLTRL4d	NW_005054332.1	5741647	5741831	32.500	0
TguLTR6a	NW_005054332.1	5766565	5767033	22.700	0
TguLTR5e	NW_005054332.1	5770059	5770232	25.200	0
TguLTR6a	NW_005054332.1	5825685	5825909	27.000	0
TguLTRL4b	NW_005054332.1	5970718	5970803	14.100	0
TguLTRL4b	NW_005054332.1	5970826	5971292	18.000	0
TguLTR11	NW_005054332.1	5976606	5976754	23.000	0
TguLTR5d	NW_005054332.1	6008106	6008520	15.100	0
TguLTRL4b	NW_005054332.1	6040267	6040744	15.800	0
TguLTR11	NW_005054332.1	6145546	6145954	14.900	0
TguLTRL4c	NW_005054332.1	6273690	6273986	19.300	0
TguLTR5a	NW_005054332.1	6288092	6288477	23.200	0
TguLTR5a	NW_005054332.1	6288517	6288703	23.200	0
TguLTR5d	NW_005054332.1	6311981	6312548	22.500	0
TguLTR5d	NW_005054332.1	6330706	6330807	13.900	0
TguLTR5d	NW_005054332.1	6331031	6331329	21.600	0
TguLTRL4c	NW_005054332.1	6364212	6364584	22.700	0
TguLTRL4c	NW_005054332.1	6364862	6365411	21.000	0
TguLTRL4d	NW_005054332.1	6460100	6460300	26.800	0
TguLTRL4d	NW_005054332.1	6460490	6460856	28.800	0
TguLTR5b	NW_005054332.1	6462511	6462807	21.900	0
TguLTRL4c	NW_005054332.1	6518378	6518469	14.300	0
TguLTRL4c	NW_005054332.1	6583838	6584664	20.400	0
TguLTRL4c	NW_005054333.1	79341	79981	21.400	0
TguLTRL4c	NW_005054333.1	79992	80480	17.900	0
TguLTRL4c	NW_005054333.1	82028	82352	16.800	0
TguLTR5a	NW_005054333.1	130097	130148	13.700	0
TguLTR5e	NW_005054333.1	139996	140495	25.000	0
TguLTRL4b	NW_005054333.1	175168	175950	16.300	0
TguLTRL4b	NW_005054333.1	226997	227996	18.600	0
TguLTR5d	NW_005054333.1	232254	232797	17.700	0
TguLTRL4b	NW_005054333.1	429549	430098	18.100	0
TguLTR5a	NW_005054333.1	480932	481429	21.900	0
TguLTRL4b	NW_005054333.1	604192	605215	18.100	0
TguLTRL4d	NW_005054333.1	620489	621303	23.800	0
TguLTR5d	NW_005054333.1	819756	820066	18.800	0
TguLTR5c	NW_005054333.1	851700	851897	18.100	0
TguLTR5c	NW_005054333.1	851959	852346	18.000	0
TguLTR5a	NW_005054333.1	1002467	1003045	17.200	0
TguLTR6a	NW_005054333.1	1098201	1098447	13.000	0
TguLTR6a	NW_005054333.1	1098547	1098710	20.400	0
TguLTRL4b	NW_005054333.1	1137123	1138125	20.900	0
TguLTR5d	NW_005054333.1	1346103	1346264	16.800	0
TguLTR5d	NW_005054333.1	1346269	1346398	17.300	0
TguLTR5e	NW_005054333.1	1401618	1402115	27.500	0
TguLTRL4c	NW_005054333.1	1420279	1421233	20.700	0
TguLTR5a	NW_005054333.1	1469993	1470567	27.200	0
TguLTRL4b	NW_005054333.1	1472996	1473279	15.600	0
TguLTR11	NW_005054333.1	1481576	1481839	23.600	0
TguLTR5b	NW_005054333.1	1514734	1515286	18.800	0
TguLTRL6b	NW_005054333.1	1706206	1706366	19.400	0
TguLTRL4c	NW_005054333.1	1735801	1736051	23.100	0
TguLTR5d	NW_005054333.1	1857576	1858149	20.300	0
TguLTR5b	NW_005054333.1	2311489	2312074	12.800	0
TguLTR5a	NW_005054333.1	2342043	2342121	11.700	0
TguLTRL4b	NW_005054333.1	2450647	2451748	16.400	0
TguLTRL4d	NW_005054333.1	2528844	2528910	20.700	0
TguLTR5d	NW_005054333.1	2560599	2561140	18.200	0
TguLTRL4c	NW_005054333.1	2677104	2678196	17.500	0
TguLTR5d	NW_005054333.1	2772026	2772594	19.000	0
TguLTRL4c	NW_005054333.1	2845893	2846219	23.900	0
TguLTRL4c	NW_005054333.1	2846373	2846644	19.600	0
TguLTRL4c	NW_005054333.1	3072950	3073968	20.100	0
TguLTRL4c	NW_005054333.1	3123565	3124338	19.200	0
TguLTR5a	NW_005054333.1	3146755	3147357	16.700	0
TguLTRL6b	NW_005054333.1	3205216	3205668	22.400	0
TguLTR5d	NW_005054333.1	3570326	3570909	18.600	0
TguLTR5b	NW_005054333.1	3729421	3729992	13.900	0
TguLTR5d	NW_005054333.1	3842803	3843210	17.100	0
TguLTR5d	NW_005054333.1	3843274	3843460	17.700	0
TguLTR5d	NW_005054333.1	3948683	3948741	10.300	0
TguLTR5a	NW_005054333.1	4022939	4023494	21.000	0
TguLTR5a	NW_005054333.1	4025047	4025647	21.200	0
TguLTRL6b	NW_005054333.1	4085528	4085971	24.300	0
TguLTR5e	NW_005054333.1	4287770	4287879	17.900	0
TguLTRL4c	NW_005054333.1	4348398	4348838	23.200	0
TguLTR5b	NW_005054333.1	4425408	4425978	14.800	0
TguLTRL4c	NW_005054333.1	4457907	4458393	21.300	0
TguLTR5a	NW_005054333.1	4645532	4646158	23.500	0
TguLTRL4d	NW_005054333.1	4778420	4778985	27.600	0
TguLTR11	NW_005054333.1	4846435	4846684	27.200	0
TguLTR11	NW_005054333.1	4872575	4872937	15.600	0
TguLTR11	NW_005054333.1	5126432	5126825	14.000	0
TguLTR5a	NW_005054333.1	5135640	5135832	20.800	0
TguLTR6a	NW_005054333.1	5157429	5157693	20.900	0
TguLTR6a	NW_005054333.1	5157719	5157808	21.400	0
TguLTR5d	NW_005054333.1	5179665	5180250	16.500	0
TguLTR5b	NW_005054333.1	5213287	5213861	12.800	0
TguLTR5b	NW_005054333.1	5264660	5265237	11.900	0
TguLTR6a	NW_005054333.1	5387883	5388296	18.100	0
TguLTR5b	NW_005054333.1	5606865	5607055	4.200	0
TguLTR5a	NW_005054333.1	5724279	5724855	18.600	0
TguLTR5a	NW_005054333.1	5742905	5743410	21.300	0
TguLTR6a	NW_005054333.1	5814616	5814872	17.100	0
TguLTR5b	NW_005054333.1	5927835	5928405	19.800	0
TguLTRL6b	NW_005054333.1	6023285	6023437	18.500	0
TguLTR6a	NW_005054333.1	6080871	6080954	26.500	0
TguLTR5d	NW_005054333.1	6266003	6266366	23.700	0
TguLTRL4b	NW_005054333.1	6292036	6292641	18.800	0
TguLTR5d	NW_005054333.1	6312089	6312183	17.100	0
TguLTRL4d	NW_005054333.1	6329440	6329673	26.200	0
TguLTRL4d	NW_005054333.1	6329836	6329954	28.200	0
TguLTRL6b	NW_005054333.1	6485824	6486195	17.800	0
TguLTR5a	NW_005054334.1	56390	56978	20.900	0
TguLTR5d	NW_005054334.1	109882	110438	16.600	0
TguLTR5b	NW_005054334.1	252292	252344	15.400	0
TguLTR5a	NW_005054334.1	378552	379122	21.900	0
TguLTRL4c	NW_005054334.1	396762	396858	20.000	0
TguLTR5a	NW_005054334.1	508911	509422	20.800	0
TguLTRL4c	NW_005054334.1	660003	660733	22.800	0
TguLTR5c	NW_005054334.1	1316884	1317479	17.800	0
TguLTR5a	NW_005054334.1	1336250	1336321	14.100	0
TguLTR5e	NW_005054334.1	1386269	1386826	27.300	0
TguLTRL6b	NW_005054334.1	1407837	1407942	25.500	0
TguLTRL4c	NW_005054334.1	1446406	1447444	20.700	0
TguLTRL6b	NW_005054334.1	1470386	1470755	17.400	0
TguLTRL4c	NW_005054334.1	1474254	1474358	17.300	0
TguLTRL4c	NW_005054334.1	1475113	1475361	19.600	0
TguLTR5a	NW_005054334.1	1495816	1496394	16.600	0
TguLTR6a	NW_005054334.1	1558377	1558767	22.600	0
TguLTR5d	NW_005054334.1	1647321	1647894	15.100	0
TguLTRL6b	NW_005054334.1	1656451	1656596	23.200	0
TguLTR5d	NW_005054334.1	1750686	1750980	24.400	0
TguLTR5d	NW_005054334.1	1751078	1751344	20.800	0
TguLTR5b	NW_005054334.1	1769338	1769901	12.400	0
TguLTR5a	NW_005054334.1	1821232	1821308	17.200	0
TguLTRL4b	NW_005054334.1	1844339	1844394	9.100	0
TguLTR5d	NW_005054334.1	1849090	1849678	13.700	0
TguLTR5e	NW_005054334.1	1884112	1884693	27.400	0
TguLTR5a	NW_005054334.1	1888575	1889149	24.500	0
TguLTRL4c	NW_005054334.1	1928873	1929393	17.200	0
TguLTR5a	NW_005054334.1	2008952	2009533	17.900	0
TguLTR5d	NW_005054334.1	2400841	2401412	13.100	0
TguLTR5d	NW_005054334.1	2456121	2456637	14.900	0
TguLTR5a	NW_005054334.1	2517092	2517239	15.200	0
TguLTR11	NW_005054334.1	2544835	2545235	17.000	0
TguLTR5a	NW_005054334.1	2682532	2683125	17.100	0
TguLTR5d	NW_005054334.1	2712143	2712730	14.900	0
TguLTR5b	NW_005054334.1	2988784	2989369	11.500	0
TguLTR11	NW_005054334.1	3048929	3049138	22.900	0
TguLTRL4b	NW_005054334.1	3077065	3078032	18.500	0
TguLTR11	NW_005054334.1	3187309	3187377	22.100	0
TguLTR11	NW_005054334.1	3187461	3187621	19.600	0
TguLTR5b	NW_005054334.1	3315783	3316350	13.100	0
TguLTR11	NW_005054334.1	3328615	3328997	17.900	0
TguLTR5a	NW_005054334.1	3402236	3402627	20.600	0
TguLTR5a	NW_005054334.1	3402656	3402873	20.600	0
TguLTR5d	NW_005054334.1	3845304	3845893	17.300	0
TguLTR5a	NW_005054334.1	3873553	3874102	22.200	0
TguLTR5a	NW_005054334.1	4104693	4105227	15.400	0
TguLTR5d	NW_005054334.1	4184956	4185530	25.100	0
TguLTR5b	NW_005054334.1	4222177	4222228	19.600	0
TguLTR5d	NW_005054334.1	4274070	4274276	19.400	0
TguLTR5d	NW_005054334.1	4274733	4274813	10.000	0
TguLTRL4b	NW_005054334.1	4505112	4506126	26.500	0
TguLTRL6b	NW_005054334.1	4695616	4695668	9.600	0
TguLTR5d	NW_005054334.1	4711865	4712138	13.900	0
TguLTR5d	NW_005054334.1	4712166	4712351	22.700	0
TguLTR5a	NW_005054334.1	4755714	4756289	17.100	0
TguLTR5e	NW_005054334.1	5396181	5396282	23.800	0
TguLTRL4d	NW_005054334.1	5398633	5398765	29.300	0
TguLTR5e	NW_005054334.1	5478158	5478439	27.800	0
TguLTR5a	NW_005054334.1	5528118	5528308	19.600	0
TguLTR5a	NW_005054334.1	5528338	5528689	19.600	0
TguLTR11	NW_005054334.1	5558998	5559376	18.800	0
TguLTR5a	NW_005054334.1	5599061	5599218	16.600	0
TguLTR5a	NW_005054334.1	5653048	5653608	17.600	0
TguLTRL4d	NW_005054334.1	5750744	5750963	23.600	0
TguLTR6a	NW_005054334.1	5759349	5759806	22.700	0
TguLTR5a	NW_005054334.1	5760164	5760234	14.300	0
TguLTRL6b	NW_005054334.1	5771030	5771463	18.600	0
TguLTR6a	NW_005054334.1	5783412	5783873	21.000	0
TguLTRL4b	NW_005054334.1	5797204	5797796	20.200	0
TguLTRL4b	NW_005054334.1	5798164	5798622	16.000	0
TguLTR5c	NW_005054334.1	5907345	5907431	18.600	0
TguLTR5c	NW_005054334.1	5954990	5955125	5.900	0
TguLTR5a	NW_005054334.1	5999432	5999991	19.700	0
TguLTR5d	NW_005054334.1	6280258	6280612	15.500	0
TguLTRL4b	NW_005054335.1	1760	2120	34.300	0
TguLTR5b	NW_005054335.1	5558	6160	14.200	0
TguLTR11	NW_005054335.1	17479	17653	17.600	0
TguLTR5d	NW_005054335.1	31653	31968	22.400	0
TguLTRL4b	NW_005054335.1	35099	35785	19.300	0
TguLTRL4b	NW_005054335.1	35786	35995	16.800	0
TguLTR5d	NW_005054335.1	67335	67874	20.700	0
TguLTR5d	NW_005054335.1	67902	67930	20.700	0
TguLTR5b	NW_005054335.1	74145	74366	17.600	0
TguLTR5b	NW_005054335.1	74809	75178	17.400	0
TguLTR5d	NW_005054335.1	83805	84264	20.800	0
TguLTR11	NW_005054335.1	113992	114073	19.800	0
TguLTR11	NW_005054335.1	114604	114850	20.600	0
TguLTR5b	NW_005054335.1	190480	190978	15.100	0
TguLTRL4c	NW_005054335.1	240650	241583	23.600	0
TguLTR5d	NW_005054335.1	246178	246476	18.900	0
TguLTRL4b	NW_005054335.1	266223	267195	19.000	0
TguLTRL4b	NW_005054335.1	324386	325390	16.900	0
TguLTRL4b	NW_005054335.1	333810	334573	20.900	0
TguLTRL4c	NW_005054335.1	406240	406409	18.600	0
TguLTR5d	NW_005054335.1	431829	431977	21.200	0
TguLTR5d	NW_005054335.1	448964	449156	16.400	0
TguLTR5a	NW_005054335.1	468006	468239	22.800	0
TguLTR5a	NW_005054335.1	468532	468904	22.200	0
TguLTRL4b	NW_005054335.1	500798	501292	16.600	0
TguLTR5d	NW_005054335.1	510030	510105	20.000	0
TguLTRL4c	NW_005054335.1	510105	510350	18.000	0
TguLTR5d	NW_005054335.1	510777	511161	22.700	0
TguLTR6a	NW_005054335.1	525462	525647	23.200	0
TguLTR11	NW_005054335.1	588056	588144	9.100	0
TguLTR5d	NW_005054335.1	765116	765709	19.500	0
TguLTR5b	NW_005054335.1	829338	829942	12.300	0
TguLTR5b	NW_005054335.1	833291	833877	13.300	0
TguLTRL4b	NW_005054335.1	891515	891801	19.800	0
TguLTRL4b	NW_005054335.1	891802	892167	15.400	0
TguLTR6a	NW_005054335.1	913780	914257	26.400	0
TguLTR5b	NW_005054335.1	933869	934216	13.500	0
TguLTR5b	NW_005054335.1	934231	934395	21.300	0
TguLTRL4c	NW_005054335.1	939747	939912	24.200	0
TguLTRL4c	NW_005054335.1	941400	941530	21.700	0
TguLTR5b	NW_005054335.1	956663	957214	14.900	0
TguLTR5e	NW_005054335.1	960899	961177	28.800	0
TguLTR5e	NW_005054335.1	961702	961827	27.800	0
TguLTRL6b	NW_005054335.1	971910	972107	15.800	0
TguLTRL4b	NW_005054335.1	974296	975095	26.300	0
TguLTRL4b	NW_005054335.1	975296	975480	20.200	0
TguLTR5d	NW_005054335.1	987690	987877	22.100	0
TguLTR5d	NW_005054335.1	987996	988324	18.500	0
TguLTRL4b	NW_005054335.1	991237	992246	19.300	0
TguLTRL4b	NW_005054335.1	1019393	1020162	14.100	0
TguLTRL4c	NW_005054335.1	1064980	1065774	27.600	0
TguLTRL4c	NW_005054335.1	1073610	1074605	22.300	0
TguLTR5d	NW_005054335.1	1082882	1083409	22.100	0
TguLTR5a	NW_005054335.1	1198495	1199073	22.800	0
TguLTR5b	NW_005054335.1	1227571	1228149	16.600	0
TguLTRL4c	NW_005054335.1	1234957	1235984	20.400	0
TguLTRL4b	NW_005054335.1	1246073	1246446	32.000	0
TguLTR5a	NW_005054335.1	1294143	1294596	20.900	0
TguLTRL4b	NW_005054335.1	1343274	1344171	21.600	0
TguLTR5a	NW_005054335.1	1428113	1428693	18.900	0
TguLTR5c	NW_005054335.1	1441431	1441963	21.900	0
TguLTRL4c	NW_005054335.1	1558181	1559008	20.900	0
TguLTR5b	NW_005054335.1	1616231	1616799	12.700	0
TguLTR6a	NW_005054335.1	1689352	1689792	26.200	0
TguLTRL4b	NW_005054335.1	1790943	1792013	16.400	0
TguLTR5b	NW_005054335.1	1889450	1890042	14.600	0
TguLTR5a	NW_005054335.1	1957046	1957272	22.600	0
TguLTR5a	NW_005054335.1	1959826	1960341	22.600	0
TguLTRL4d	NW_005054335.1	2001631	2001849	28.400	0
TguLTR5a	NW_005054335.1	2049320	2049897	22.300	0
TguLTRL4c	NW_005054335.1	2050107	2050989	22.400	0
TguLTR5c	NW_005054335.1	2079494	2079778	17.700	0
TguLTRL4b	NW_005054335.1	2144828	2145793	23.100	0
TguLTRL4c	NW_005054335.1	2243476	2243633	15.300	0
TguLTRL4c	NW_005054335.1	2244062	2244307	21.700	0
TguLTR5a	NW_005054335.1	2359540	2360014	22.800	0
TguLTR5a	NW_005054335.1	2377543	2378128	18.900	0
TguLTRL6b	NW_005054335.1	2563022	2563122	14.500	0
TguLTR5d	NW_005054335.1	2692903	2693433	20.200	0
TguLTR5a	NW_005054335.1	2699724	2700246	23.100	0
TguLTR5b	NW_005054335.1	2819885	2820463	11.400	0
TguLTRL4c	NW_005054335.1	2820844	2821127	23.900	0
TguLTRL4b	NW_005054335.1	2852176	2852690	21.100	0
TguLTR5d	NW_005054335.1	2878661	2879048	20.000	0
TguLTRL4c	NW_005054335.1	3003718	3003790	12.500	0
TguLTRL4c	NW_005054335.1	3096723	3097692	22.900	0
TguLTR6a	NW_005054335.1	3121025	3121173	18.000	0
TguLTRL4c	NW_005054335.1	3207234	3208279	22.500	0
TguLTR5d	NW_005054335.1	3331053	3331616	20.800	0
TguLTR5a	NW_005054335.1	3362029	3362605	21.700	0
TguLTR5d	NW_005054335.1	3384637	3384750	17.100	0
TguLTR5b	NW_005054335.1	3461988	3462319	15.500	0
TguLTR5b	NW_005054335.1	3462398	3462648	10.800	0
TguLTRL4d	NW_005054335.1	3791598	3791718	21.800	0
TguLTR5d	NW_005054335.1	3859648	3859713	14.100	0
TguLTR5d	NW_005054335.1	3859732	3860148	17.500	0
TguLTRL4b	NW_005054335.1	3860507	3861542	15.800	0
TguLTR11	NW_005054335.1	3882046	3882175	17.800	0
TguLTR11	NW_005054335.1	3886736	3886888	20.400	0
TguLTR11	NW_005054335.1	3887767	3887936	21.000	0
TguLTR5d	NW_005054335.1	3915119	3915633	19.400	0
TguLTR5d	NW_005054335.1	3944789	3945370	18.400	0
TguLTRL4c	NW_005054335.1	4100025	4101066	23.500	0
TguLTR11	NW_005054335.1	4103261	4103958	19.700	0
TguLTR5a	NW_005054335.1	4137085	4137672	22.100	0
TguLTR5a	NW_005054335.1	4193541	4194125	23.300	0
TguLTR5b	NW_005054335.1	4366286	4366771	14.800	0
TguLTR5b	NW_005054335.1	4455273	4455872	16.700	0
TguLTR5c	NW_005054335.1	4499405	4499955	22.900	0
TguLTRL4c	NW_005054335.1	4504267	4505265	22.900	0
TguLTR5a	NW_005054335.1	4517272	4517876	22.000	0
TguLTRL4d	NW_005054335.1	4564802	4565221	23.800	0
TguLTRL4b	NW_005054335.1	4665086	4666073	20.600	0
TguLTR5d	NW_005054335.1	4715869	4716394	23.200	0
TguLTR5d	NW_005054335.1	4822042	4822565	23.100	0
TguLTR5b	NW_005054335.1	4852309	4852662	20.100	0
TguLTRL4b	NW_005054335.1	4873253	4874173	16.200	0
TguLTR5b	NW_005054335.1	4890162	4890735	15.500	0
TguLTRL6b	NW_005054335.1	4900066	4900448	19.200	0
TguLTRL4b	NW_005054335.1	4964875	4965888	16.300	0
TguLTR5e	NW_005054335.1	4980797	4980870	19.200	0
TguLTR5e	NW_005054335.1	4981448	4981567	24.400	0
TguLTRL4c	NW_005054335.1	5014345	5014449	20.400	0
TguLTRL4c	NW_005054335.1	5014494	5014694	15.600	0
TguLTRL4b	NW_005054335.1	5014781	5015516	19.600	0
TguLTR5d	NW_005054335.1	5035321	5035547	18.500	0
TguLTR5d	NW_005054335.1	5035549	5035719	19.400	0
TguLTR5d	NW_005054335.1	5064831	5065413	21.800	0
TguLTR5e	NW_005054335.1	5072807	5072990	32.800	0
TguLTR5e	NW_005054335.1	5074553	5074639	28.600	0
TguLTR5e	NW_005054335.1	5074692	5075083	30.400	0
TguLTR11	NW_005054335.1	5228025	5228174	29.100	0
TguLTR5a	NW_005054335.1	5267937	5268122	15.600	0
TguLTR5a	NW_005054335.1	5268182	5268601	26.400	0
TguLTR5b	NW_005054335.1	5447081	5447560	14.300	0
TguLTR5d	NW_005054335.1	5532072	5532125	7.500	0
TguLTR5d	NW_005054335.1	5532137	5532211	18.900	0
TguLTR5d	NW_005054335.1	5532371	5532524	29.000	0
TguLTR5d	NW_005054335.1	5597212	5597348	28.900	0
TguLTR5d	NW_005054335.1	5723019	5723366	24.300	0
TguLTR5d	NW_005054335.1	5769756	5770266	17.600	0
TguLTR6a	NW_005054335.1	5783805	5784257	26.800	0
TguLTR6a	NW_005054335.1	5843166	5843344	28.700	0
TguLTR6a	NW_005054335.1	5871197	5871623	19.100	0
TguLTR5a	NW_005054335.1	5954136	5954466	20.000	0
TguLTR5a	NW_005054335.1	5965280	5965709	28.700	0
TguLTRL4d	NW_005054335.1	6072358	6072486	26.800	0
TguLTR11	NW_005054335.1	6100741	6101128	24.100	0
TguLTRL4b	NW_005054335.1	6140261	6141326	17.700	0
TguLTR6a	NW_005054335.1	6154200	6154615	28.400	0
TguLTR5a	NW_005054335.1	6195594	6195743	16.100	0
TguLTR5a	NW_005054335.1	6341819	6342381	23.200	0
TguLTR5a	NW_005054335.1	6347551	6347755	23.100	0
TguLTR5b	NW_005054336.1	364138	364708	20.000	0
TguLTRL4c	NW_005054336.1	650742	651586	21.300	0
TguLTR5a	NW_005054336.1	888987	889525	23.400	0
TguLTR5a	NW_005054336.1	1050105	1050215	15.400	0
TguLTR5d	NW_005054336.1	1144956	1145047	21.400	0
TguLTRL6b	NW_005054336.1	1489422	1489524	17.800	0
TguLTR5a	NW_005054336.1	1511612	1511977	21.200	0
TguLTR5a	NW_005054336.1	1512035	1512205	21.200	0
TguLTR5b	NW_005054336.1	1521559	1521617	13.800	0
TguLTR5c	NW_005054336.1	1669355	1669971	17.400	0
TguLTR5d	NW_005054336.1	1785565	1786146	20.700	0
TguLTRL4d	NW_005054336.1	2195261	2195805	21.800	0
TguLTRL4b	NW_005054336.1	2463356	2464228	25.900	0
TguLTR5e	NW_005054336.1	2909358	2909876	24.600	0
TguLTR5a	NW_005054336.1	3192470	3192539	20.600	0
TguLTR5a	NW_005054336.1	3254750	3255313	19.000	0
TguLTRL4b	NW_005054336.1	3381811	3381971	13.100	0
TguLTR5c	NW_005054336.1	3410098	3410665	18.800	0
TguLTR5a	NW_005054336.1	3613995	3614045	12.000	0
TguLTR5d	NW_005054336.1	3843259	3843542	15.600	0
TguLTR5d	NW_005054336.1	3843635	3843901	19.800	0
TguLTR5a	NW_005054336.1	3921898	3922437	19.300	0
TguLTRL4b	NW_005054336.1	4193846	4194129	23.000	0
TguLTRL4b	NW_005054336.1	4200031	4200238	17.900	0
TguLTRL4c	NW_005054336.1	4231555	4231716	16.800	0
TguLTRL4c	NW_005054336.1	4232283	4232388	14.300	0
TguLTRL4b	NW_005054336.1	4251611	4251867	20.800	0
TguLTR5d	NW_005054336.1	4492227	4492734	18.500	0
TguLTR5d	NW_005054336.1	4509781	4510058	14.400	0
TguLTR5d	NW_005054336.1	4510161	4510427	15.500	0
TguLTR5d	NW_005054336.1	4762739	4763029	21.400	0
TguLTR5a	NW_005054336.1	4772704	4773225	19.500	0
TguLTRL4c	NW_005054336.1	4866475	4866672	22.300	0
TguLTR5d	NW_005054336.1	5130336	5130899	18.200	0
TguLTR5e	NW_005054336.1	5317639	5317787	21.800	0
TguLTR5e	NW_005054336.1	5350377	5350518	23.400	0
TguLTRL4d	NW_005054336.1	5469935	5470160	25.400	0
TguLTRL4d	NW_005054336.1	5470196	5470433	24.800	0
TguLTR5d	NW_005054336.1	5479935	5480023	21.600	0
TguLTRL4c	NW_005054336.1	5778085	5779024	19.800	0
TguLTR5e	NW_005054336.1	5800738	5801109	25.500	0
TguLTRL4d	NW_005054336.1	5909175	5909352	27.000	0
TguLTRL4c	NW_005054336.1	5985315	5985441	28.600	0
TguLTRL4c	NW_005054336.1	5997790	5997895	23.800	0
TguLTRL4c	NW_005054336.1	5997920	5998038	22.000	0
TguLTRL4b	NW_005054336.1	6025437	6026466	23.300	0
TguLTR5d	NW_005054336.1	6031740	6032030	21.400	0
TguLTR5d	NW_005054336.1	6187207	6187375	16.800	0
TguLTR5d	NW_005054336.1	6278143	6278303	19.500	0
TguLTRL4d	NW_005054337.1	93835	94011	18.800	0
TguLTR11	NW_005054337.1	641617	641815	14.400	0
TguLTRL4c	NW_005054337.1	1414304	1414403	20.200	0
TguLTR5d	NW_005054337.1	2389121	2389344	24.900	0
TguLTR5d	NW_005054337.1	2389399	2389534	25.300	0
TguLTR5e	NW_005054337.1	3349918	3350441	29.400	0
TguLTR5e	NW_005054337.1	3495087	3495225	21.700	0
TguLTR5a	NW_005054337.1	3555346	3555514	13.200	0
TguLTRL4d	NW_005054337.1	3652109	3652274	19.400	0
TguLTR5b	NW_005054337.1	3975171	3975228	12.300	0
TguLTR11	NW_005054337.1	4498981	4499216	23.900	0
TguLTR5b	NW_005054337.1	4578836	4578966	11.000	0
TguLTR5a	NW_005054337.1	4744129	4744241	8.100	0
TguLTR5a	NW_005054337.1	5453178	5453706	24.200	0
TguLTR5a	NW_005054337.1	5724567	5725070	25.600	0
TguLTR5d	NW_005054337.1	5882273	5882333	13.300	0
TguLTR5d	NW_005054337.1	5882593	5883107	21.400	0
TguLTRL4c	NW_005054337.1	5956027	5956709	21.700	0
TguLTR5d	NW_005054337.1	6096405	6096979	23.700	0
TguLTR6a	NW_005054338.1	7019	7124	15.200	0
TguLTR6a	NW_005054338.1	11555	11674	20.200	0
TguLTRL4d	NW_005054338.1	11748	11962	23.300	0
TguLTR5b	NW_005054338.1	13109	13281	12.800	0
TguLTR6a	NW_005054338.1	48000	48059	18.600	0
TguLTR5b	NW_005054338.1	117202	117276	21.600	0
TguLTR5b	NW_005054338.1	117280	117336	21.400	0
TguLTR6a	NW_005054338.1	142018	142130	20.200	0
TguLTR11	NW_005054338.1	181155	181338	21.600	0
TguLTRL6b	NW_005054338.1	203243	203365	23.900	0
TguLTRL4b	NW_005054338.1	311437	311624	19.200	0
TguLTRL4c	NW_005054338.1	514897	515161	20.500	0
TguLTRL4c	NW_005054338.1	613433	613603	18.400	0
TguLTR5d	NW_005054338.1	672292	672506	19.600	0
TguLTR5d	NW_005054338.1	672507	672751	17.200	0
TguLTR5d	NW_005054338.1	701271	701621	20.800	0
TguLTR5a	NW_005054338.1	1021139	1021261	13.900	0
TguLTR5d	NW_005054338.1	1130229	1130557	20.000	0
TguLTRL4c	NW_005054338.1	1165285	1165500	16.300	0
TguLTR5d	NW_005054338.1	1323283	1323373	17.800	0
TguLTRL4d	NW_005054338.1	1356419	1356634	22.200	0
TguLTR5b	NW_005054338.1	1473653	1473775	19.800	0
TguLTR5e	NW_005054338.1	1490502	1491011	28.900	0
TguLTR5a	NW_005054338.1	1613043	1613598	21.300	0
TguLTR5a	NW_005054338.1	1672371	1672942	18.100	0
TguLTR5e	NW_005054338.1	1688028	1688129	20.800	0
TguLTR11	NW_005054338.1	2029254	2029411	15.500	0
TguLTR11	NW_005054338.1	2187280	2187703	16.000	0
TguLTRL4b	NW_005054338.1	2304881	2305947	20.300	0
TguLTR5d	NW_005054338.1	2320442	2320878	21.200	0
TguLTR5d	NW_005054338.1	2374434	2374638	21.400	0
TguLTR5a	NW_005054338.1	2462793	2463107	20.400	0
TguLTR5a	NW_005054338.1	2673894	2674318	23.900	0
TguLTR5d	NW_005054338.1	2838106	2838679	19.400	0
TguLTRL4d	NW_005054338.1	3344193	3344257	17.800	0
TguLTR5e	NW_005054338.1	3345095	3345639	27.200	0
TguLTRL4c	NW_005054338.1	3366787	3367022	21.500	0
TguLTR5a	NW_005054338.1	3368172	3368241	11.600	0
TguLTRL4d	NW_005054338.1	3373988	3374735	21.100	0
TguLTRL4c	NW_005054338.1	3501529	3501841	22.800	0
TguLTRL4c	NW_005054338.1	3501886	3502127	17.300	0
TguLTR5d	NW_005054338.1	3505858	3506027	33.700	0
TguLTR5a	NW_005054338.1	3544437	3544828	21.300	0
TguLTRL4b	NW_005054338.1	3553696	3553894	13.700	0
TguLTR5e	NW_005054338.1	3557440	3558005	26.400	0
TguLTRL4b	NW_005054338.1	3819235	3819534	17.600	0
TguLTRL4d	NW_005054338.1	4124321	4124404	27.700	0
TguLTR5b	NW_005054338.1	4132442	4132519	24.700	0
TguLTRL4c	NW_005054338.1	4169026	4169355	17.100	0
TguLTRL4c	NW_005054338.1	4169670	4169774	16.400	0
TguLTRL4c	NW_005054338.1	4176685	4176810	15.200	0
TguLTR5b	NW_005054338.1	4196403	4196492	21.600	0
TguLTR5e	NW_005054338.1	4203017	4203255	20.200	0
TguLTR5e	NW_005054338.1	4203364	4203467	25.500	0
TguLTRL4b	NW_005054338.1	4247881	4247947	18.200	0
TguLTR5e	NW_005054338.1	4272512	4272609	25.800	0
TguLTR5e	NW_005054338.1	4272736	4272844	17.800	0
TguLTR5e	NW_005054338.1	4286229	4286755	24.300	0
TguLTR5a	NW_005054338.1	4314002	4314209	16.900	0
TguLTR5a	NW_005054338.1	4314216	4314278	22.600	0
TguLTR5d	NW_005054338.1	4349083	4349574	18.900	0
TguLTRL4d	NW_005054338.1	4358092	4358271	23.200	0
TguLTRL4d	NW_005054338.1	4358315	4358413	30.200	0
TguLTRL4c	NW_005054338.1	4534886	4534972	18.600	0
TguLTR5b	NW_005054338.1	4537009	4537557	16.000	0
TguLTRL4d	NW_005054338.1	4576064	4576434	24.000	0
TguLTRL4b	NW_005054338.1	4579635	4580029	17.500	0
TguLTRL4c	NW_005054338.1	4669567	4669646	23.100	0
TguLTR5d	NW_005054338.1	4710160	4710706	17.700	0
TguLTR5d	NW_005054338.1	4790852	4791411	19.100	0
TguLTR5d	NW_005054338.1	4806072	4806632	21.200	0
TguLTR6a	NW_005054338.1	4815707	4816015	20.600	0
TguLTR5a	NW_005054338.1	4818604	4819157	22.000	0
TguLTRL4c	NW_005054338.1	4847425	4848335	28.000	0
TguLTR5b	NW_005054338.1	4860247	4860765	14.400	0
TguLTRL4d	NW_005054338.1	4936512	4936612	23.500	0
TguLTR11	NW_005054338.1	4984746	4984954	21.400	0
TguLTR5b	NW_005054338.1	5025521	5025685	15.700	0
TguLTRL4c	NW_005054338.1	5114913	5115450	19.400	0
TguLTR11	NW_005054338.1	5158384	5158631	24.400	0
TguLTR5b	NW_005054338.1	5172064	5172650	16.400	0
TguLTR5a	NW_005054338.1	5300176	5300212	5.600	0
TguLTR5d	NW_005054338.1	5302766	5303023	23.100	0
TguLTR5e	NW_005054338.1	5352128	5352682	27.700	0
TguLTR5c	NW_005054338.1	5387100	5387651	22.200	0
TguLTR5d	NW_005054338.1	5407504	5407717	17.400	0
TguLTR5d	NW_005054338.1	5407774	5407990	20.500	0
TguLTR5c	NW_005054338.1	5429539	5429661	13.200	0
TguLTR5c	NW_005054338.1	5429687	5429746	20.300	0
TguLTR5b	NW_005054338.1	5449214	5449765	16.400	0
TguLTRL4b	NW_005054338.1	5451283	5452372	15.200	0
TguLTRL4d	NW_005054338.1	5557245	5557966	25.100	0
TguLTR5e	NW_005054338.1	5558110	5558252	20.700	0
TguLTRL4d	NW_005054338.1	5575355	5575887	25.300	0
TguLTRL4c	NW_005054338.1	5588899	5589949	19.100	0
TguLTR5b	NW_005054338.1	5746464	5747055	14.400	0
TguLTR5e	NW_005054338.1	5747110	5747202	23.900	0
TguLTR5e	NW_005054338.1	5747211	5747326	27.900	0
TguLTR5a	NW_005054338.1	5798821	5799275	19.700	0
TguLTRL4d	NW_005054338.1	5838375	5838779	25.200	0
TguLTRL4b	NW_005054338.1	5860845	5861902	16.200	0
TguLTR5d	NW_005054338.1	5886858	5887060	22.300	0
TguLTR5e	NW_005054338.1	5922679	5922820	25.800	0
TguLTRL4d	NW_005054338.1	5938458	5938534	21.100	0
TguLTRL4d	NW_005054338.1	5938553	5938656	15.000	0
TguLTRL4c	NW_005054338.1	5950895	5951194	16.700	0
TguLTR5a	NW_005054338.1	6000198	6000359	22.000	0
TguLTRL4d	NW_005054338.1	6004824	6005202	21.000	0
TguLTRL4c	NW_005054338.1	6029321	6029550	21.700	0
TguLTR5d	NW_005054339.1	286743	287311	17.500	0
TguLTR5d	NW_005054339.1	661801	662362	13.900	0
TguLTR5c	NW_005054339.1	863059	863478	20.500	0
TguLTRL4d	NW_005054339.1	906192	906559	24.500	0
TguLTR5e	NW_005054339.1	938498	938562	18.800	0
TguLTR5a	NW_005054339.1	2169155	2169241	22.100	0
TguLTR5e	NW_005054339.1	2193256	2193814	25.800	0
TguLTR5d	NW_005054339.1	2428780	2428902	21.500	0
TguLTR5a	NW_005054339.1	2514289	2514380	13.300	0
TguLTR5a	NW_005054339.1	2514440	2514534	14.900	0
TguLTR5d	NW_005054339.1	2693608	2694155	16.300	0
TguLTR5d	NW_005054339.1	2766135	2766658	22.800	0
TguLTR5a	NW_005054339.1	2811438	2811908	21.200	0
TguLTRL4b	NW_005054339.1	3261660	3262728	18.900	0
TguLTR5a	NW_005054339.1	3362338	3362601	21.500	0
TguLTR5a	NW_005054339.1	3362675	3362769	19.200	0
TguLTRL4b	NW_005054339.1	3666877	3667251	17.400	0
TguLTRL4b	NW_005054339.1	3710037	3710438	18.200	0
TguLTR5b	NW_005054339.1	4155053	4155120	10.400	0
TguLTR5a	NW_005054339.1	4269950	4270190	18.300	0
TguLTR5e	NW_005054339.1	4640983	4641508	24.900	0
TguLTR5c	NW_005054339.1	4675945	4676246	21.100	0
TguLTR5d	NW_005054339.1	4686193	4686271	16.700	0
TguLTR5a	NW_005054339.1	4881813	4881927	23.700	0
TguLTR5d	NW_005054339.1	5238469	5238996	18.100	0
TguLTR5d	NW_005054339.1	5303712	5303995	20.500	0
TguLTRL4b	NW_005054339.1	5372056	5373110	20.400	0
TguLTRL6b	NW_005054340.1	1953	2103	22.000	0
TguLTR5a	NW_005054340.1	2574	3124	18.900	0
TguLTRL4b	NW_005054340.1	47106	47393	13.100	0
TguLTR5e	NW_005054340.1	64963	65106	27.800	0
TguLTR5e	NW_005054340.1	140094	140620	30.100	0
TguLTR11	NW_005054340.1	177951	178183	28.000	0
TguLTRL4c	NW_005054340.1	197995	198096	19.800	0
TguLTR5c	NW_005054340.1	323362	323944	18.200	0
TguLTR5d	NW_005054340.1	331892	331981	22.500	0
TguLTR5e	NW_005054340.1	339542	339700	22.900	0
TguLTR11	NW_005054340.1	364711	364935	17.200	0
TguLTR11	NW_005054340.1	365005	365256	23.500	0
TguLTR6a	NW_005054340.1	366171	366480	21.500	0
TguLTRL6b	NW_005054340.1	472608	472810	17.400	0
TguLTR5d	NW_005054340.1	496275	496860	15.300	0
TguLTR5b	NW_005054340.1	565743	565927	21.600	0
TguLTRL4b	NW_005054340.1	855821	856775	22.200	0
TguLTR5e	NW_005054340.1	934240	934703	24.300	0
TguLTR5c	NW_005054340.1	941642	942143	17.800	0
TguLTR5e	NW_005054340.1	1118684	1119179	26.000	0
TguLTRL4d	NW_005054340.1	1141947	1142258	30.900	0
TguLTRL4b	NW_005054340.1	1170044	1171140	20.900	0
TguLTRL4d	NW_005054340.1	1175529	1175794	31.600	0
TguLTRL4c	NW_005054340.1	1205669	1206481	28.200	0
TguLTR5d	NW_005054340.1	1218546	1218727	19.300	0
TguLTR6a	NW_005054340.1	1223504	1223625	20.700	0
TguLTR5d	NW_005054340.1	1250445	1250789	21.500	0
TguLTR5d	NW_005054340.1	1250856	1251042	21.500	0
TguLTR5c	NW_005054340.1	1274170	1274404	24.900	0
TguLTR6a	NW_005054340.1	1290811	1291234	21.700	0
TguLTR5d	NW_005054340.1	1342293	1342727	23.400	0
TguLTRL4c	NW_005054340.1	1350568	1351645	19.400	0
TguLTR5b	NW_005054340.1	1354538	1355055	17.500	0
TguLTR5b	NW_005054340.1	1355710	1355783	23.300	0
TguLTRL4b	NW_005054340.1	1360790	1361856	21.100	0
TguLTR5a	NW_005054340.1	1372323	1372380	19.700	0
TguLTR5a	NW_005054340.1	1372409	1372931	19.700	0
TguLTR5e	NW_005054340.1	1394022	1394105	20.500	0
TguLTR5e	NW_005054340.1	1443389	1443891	29.300	0
TguLTR5a	NW_005054340.1	1491833	1491976	20.100	0
TguLTR5a	NW_005054340.1	1492033	1492467	20.100	0
TguLTR5a	NW_005054340.1	1520749	1520823	19.200	0
TguLTRL4d	NW_005054340.1	1525712	1525917	20.100	0
TguLTR11	NW_005054340.1	1544408	1544550	16.300	0
TguLTRL4b	NW_005054340.1	1545839	1546021	22.200	0
TguLTRL4b	NW_005054340.1	1546437	1547234	30.000	0
TguLTR5d	NW_005054340.1	1559663	1560245	22.200	0
TguLTR5a	NW_005054340.1	1584609	1585241	20.200	0
TguLTR5d	NW_005054340.1	1610456	1611034	20.700	0
TguLTR5d	NW_005054340.1	1627939	1628182	19.800	0
TguLTR6a	NW_005054340.1	1635825	1636256	22.200	0
TguLTR6a	NW_005054340.1	1638229	1638662	22.500	0
TguLTR5d	NW_005054340.1	1669505	1669575	24.200	0
TguLTR5a	NW_005054340.1	1707400	1707807	18.600	0
TguLTR5a	NW_005054340.1	1740307	1740908	18.600	0
TguLTR5b	NW_005054340.1	1757592	1757879	16.900	0
TguLTR5b	NW_005054340.1	1757905	1758096	16.200	0
TguLTR5c	NW_005054340.1	1841475	1842047	16.100	0
TguLTR5e	NW_005054340.1	1871464	1871977	28.100	0
TguLTR5e	NW_005054340.1	1877013	1877574	24.900	0
TguLTRL4b	NW_005054340.1	1891294	1891936	19.100	0
TguLTR5d	NW_005054340.1	1914846	1915373	21.900	0
TguLTR5d	NW_005054340.1	1920566	1920634	22.100	0
TguLTRL4c	NW_005054340.1	1927343	1928416	17.400	0
TguLTR6a	NW_005054340.1	1967341	1967648	27.000	0
TguLTR5d	NW_005054340.1	2169374	2169449	18.700	0
TguLTR5d	NW_005054340.1	2169575	2170020	14.900	0
TguLTR5b	NW_005054340.1	2171009	2171579	14.500	0
TguLTRL4d	NW_005054340.1	2245992	2246186	24.900	0
TguLTR5d	NW_005054340.1	2349591	2350183	18.800	0
TguLTRL4c	NW_005054340.1	2445006	2445584	20.800	0
TguLTR11	NW_005054340.1	2469929	2470123	22.500	0
TguLTRL4c	NW_005054340.1	2504072	2505557	18.400	0
TguLTR6a	NW_005054340.1	2523381	2523811	20.600	0
TguLTRL4c	NW_005054340.1	2623693	2624434	19.200	0
TguLTR5a	NW_005054340.1	2635424	2635752	16.600	0
TguLTR5a	NW_005054340.1	2643005	2643516	18.900	0
TguLTR6a	NW_005054340.1	2646885	2647130	18.800	0
TguLTR6a	NW_005054340.1	2724990	2725383	19.400	0
TguLTRL4d	NW_005054340.1	2728720	2729083	25.900	0
TguLTR5b	NW_005054340.1	2729969	2730531	20.900	0
TguLTR6a	NW_005054340.1	2864294	2864712	21.100	0
TguLTR5a	NW_005054340.1	2872628	2873161	21.700	0
TguLTRL4c	NW_005054340.1	2886354	2887381	20.500	0
TguLTRL4b	NW_005054340.1	3216561	3217528	21.500	0
TguLTR6a	NW_005054340.1	3226490	3226804	20.000	0
TguLTR5d	NW_005054340.1	3273103	3273692	17.700	0
TguLTRL6b	NW_005054340.1	3288718	3289153	21.000	0
TguLTRL4c	NW_005054340.1	3362126	3363250	18.300	0
TguLTR5d	NW_005054340.1	3372476	3373011	24.000	0
TguLTR5e	NW_005054340.1	3390101	3390645	26.400	0
TguLTRL4c	NW_005054340.1	3429483	3429795	20.600	0
TguLTR11	NW_005054340.1	3433935	3434864	15.900	0
TguLTR6a	NW_005054340.1	3471139	3471194	14.600	0
TguLTR6a	NW_005054340.1	3471588	3471981	23.800	0
TguLTRL4d	NW_005054340.1	3495776	3496238	24.100	0
TguLTRL4c	NW_005054340.1	3519604	3519994	20.100	0
TguLTR5d	NW_005054340.1	3529488	3529640	24.300	0
TguLTRL4d	NW_005054340.1	3548778	3549139	23.500	0
TguLTR5d	NW_005054340.1	3558355	3558892	19.900	0
TguLTRL4b	NW_005054340.1	3559118	3559612	19.100	0
TguLTRL4b	NW_005054340.1	3572196	3573259	19.500	0
TguLTRL4c	NW_005054340.1	3582255	3582694	22.100	0
TguLTRL4d	NW_005054340.1	3598789	3599226	31.100	0
TguLTRL4d	NW_005054340.1	3608730	3608917	21.800	0
TguLTR5c	NW_005054340.1	3615935	3616028	24.700	0
TguLTR5d	NW_005054340.1	3635139	3635478	22.700	0
TguLTR5d	NW_005054340.1	3635892	3636114	28.400	0
TguLTR5a	NW_005054340.1	3644483	3644613	24.800	0
TguLTR11	NW_005054340.1	3675575	3675790	19.700	0
TguLTR11	NW_005054340.1	3675870	3675948	18.400	0
TguLTRL4d	NW_005054340.1	3691957	3692256	23.900	0
TguLTR6a	NW_005054340.1	3716137	3716446	27.400	0
TguLTR5a	NW_005054340.1	3723057	3723191	25.900	0
TguLTR5d	NW_005054340.1	3757614	3758188	29.800	0
TguLTR5b	NW_005054340.1	3820695	3821279	16.900	0
TguLTRL4d	NW_005054340.1	3858793	3858902	26.600	0
TguLTR5d	NW_005054340.1	3860612	3860955	24.600	0
TguLTR5d	NW_005054340.1	3861045	3861239	19.100	0
TguLTR5d	NW_005054340.1	3862039	3862382	24.600	0
TguLTR5d	NW_005054340.1	3862472	3862706	19.200	0
TguLTR5c	NW_005054340.1	3863562	3863614	15.400	0
TguLTR5c	NW_005054340.1	3864043	3864224	22.100	0
TguLTR5b	NW_005054340.1	3865568	3866143	15.500	0
TguLTR5d	NW_005054340.1	3878586	3878967	26.000	0
TguLTR6a	NW_005054340.1	3881209	3881603	23.000	0
TguLTR11	NW_005054340.1	3897988	3898160	18.100	0
TguLTR11	NW_005054340.1	3898614	3899150	16.000	0
TguLTRL4c	NW_005054340.1	3912089	3912316	25.800	0
TguLTRL4c	NW_005054340.1	3916569	3916777	23.400	0
TguLTR6a	NW_005054340.1	3918562	3918974	23.200	0
TguLTR5b	NW_005054340.1	3928814	3929053	16.300	0
TguLTRL4b	NW_005054340.1	4016681	4017722	22.500	0
TguLTR5d	NW_005054340.1	4047016	4047609	18.700	0
TguLTR5d	NW_005054340.1	4138941	4139499	23.500	0
TguLTRL4d	NW_005054340.1	4181170	4181628	29.000	0
TguLTRL4b	NW_005054340.1	4319061	4319820	20.100	0
TguLTRL4b	NW_005054340.1	4320270	4320409	18.800	0
TguLTRL4d	NW_005054340.1	4358745	4358842	22.700	0
TguLTR11	NW_005054340.1	4404693	4405459	17.100	0
TguLTR11	NW_005054340.1	4405659	4405815	19.700	0
TguLTRL4c	NW_005054340.1	4435472	4436108	21.400	0
TguLTR5b	NW_005054340.1	4469804	4470350	23.500	0
TguLTR5c	NW_005054340.1	4487568	4488107	25.600	0
TguLTRL4d	NW_005054340.1	4492761	4493021	28.200	0
TguLTRL4c	NW_005054340.1	4559081	4559836	21.600	0
TguLTR5d	NW_005054340.1	4575051	4575629	27.000	0
TguLTR5d	NW_005054340.1	4597462	4597639	18.700	0
TguLTR5d	NW_005054340.1	4598540	4598821	23.300	0
TguLTR5d	NW_005054340.1	4604203	4604320	19.100	0
TguLTR5d	NW_005054340.1	4617318	4617905	21.300	0
TguLTR11	NW_005054340.1	4618329	4618444	18.900	0
TguLTR5d	NW_005054340.1	4622538	4623086	23.900	0
TguLTR5d	NW_005054340.1	4634607	4635173	24.100	0
TguLTRL4b	NW_005054340.1	4636857	4637823	19.400	0
TguLTR5a	NW_005054340.1	4646256	4646907	20.200	0
TguLTRL4b	NW_005054340.1	4655398	4655509	30.400	0
TguLTR5c	NW_005054340.1	4661341	4661746	25.100	0
TguLTRL4c	NW_005054340.1	4678836	4679374	23.900	0
TguLTR5d	NW_005054340.1	4717919	4718517	24.800	0
TguLTRL4c	NW_005054340.1	4721344	4722405	21.500	0
TguLTR5d	NW_005054340.1	4745529	4746095	25.200	0
TguLTR5a	NW_005054340.1	4748123	4748624	30.700	0
TguLTR5d	NW_005054340.1	4808570	4808764	20.100	0
TguLTR5b	NW_005054340.1	4808765	4809142	15.400	0
TguLTR6a	NW_005054340.1	4839276	4839655	21.000	0
TguLTR6a	NW_005054340.1	4865224	4865645	22.300	0
TguLTRL4b	NW_005054340.1	4882989	4883905	22.200	0
TguLTR11	NW_005054340.1	4884084	4884150	16.700	0
TguLTR11	NW_005054340.1	4884168	4884292	19.400	0
TguLTRL4b	NW_005054340.1	4885262	4886276	18.600	0
TguLTRL4b	NW_005054340.1	4896345	4896420	17.300	0
TguLTRL6b	NW_005054340.1	4909021	4909153	19.700	0
TguLTRL4b	NW_005054340.1	4909994	4910133	26.600	0
TguLTRL4c	NW_005054340.1	4929863	4930513	23.100	0
TguLTRL4b	NW_005054340.1	4982959	4983469	15.400	0
TguLTR11	NW_005054340.1	4991625	4991839	24.600	0
TguLTRL4d	NW_005054340.1	5008282	5008979	30.100	0
TguLTR5e	NW_005054340.1	5009030	5009168	27.500	0
TguLTRL4c	NW_005054340.1	5014143	5014216	25.000	0
TguLTR5b	NW_005054340.1	5017526	5018088	15.900	0
TguLTRL4c	NW_005054340.1	5030909	5031625	22.600	0
TguLTRL4c	NW_005054340.1	5031995	5032374	24.700	0
TguLTR5d	NW_005054340.1	5042113	5042696	20.500	0
TguLTRL4c	NW_005054340.1	5048848	5049878	21.400	0
TguLTR5e	NW_005054340.1	5056080	5056570	26.600	0
TguLTR5c	NW_005054340.1	5099538	5100074	21.500	0
TguLTR5b	NW_005054340.1	5163824	5163939	8.000	0
TguLTR5b	NW_005054340.1	5163951	5164620	16.700	0
TguLTR5d	NW_005054340.1	5223238	5223859	20.900	0
TguLTR5a	NW_005054340.1	5224888	5225478	23.600	0
TguLTR5a	NW_005054340.1	5243808	5244382	24.100	0
TguLTRL6b	NW_005054340.1	5256649	5256805	20.800	0
TguLTR11	NW_005054340.1	5258118	5258282	16.600	0
TguLTR11	NW_005054340.1	5258678	5258907	15.300	0
TguLTR5c	NW_005054340.1	5275276	5275802	17.400	0
TguLTR5b	NW_005054340.1	5299579	5300173	14.800	0
TguLTR6a	NW_005054340.1	5301174	5301351	27.000	0
TguLTR5b	NW_005054340.1	5334514	5334798	20.100	0
TguLTR5d	NW_005054340.1	5339529	5340092	25.000	0
TguLTR5d	NW_005054340.1	5355653	5356286	22.400	0
TguLTRL4d	NW_005054340.1	5398865	5399285	26.300	0
TguLTR6a	NW_005054340.1	5412499	5412942	24.900	0
TguLTRL4b	NW_005054340.1	5453289	5454372	20.100	0
TguLTR5d	NW_005054340.1	5474839	5475226	17.700	0
TguLTR6a	NW_005054340.1	5475236	5475649	20.900	0
TguLTR5d	NW_005054340.1	5475651	5475797	22.100	0
TguLTRL4d	NW_005054340.1	5480909	5481277	28.600	0
TguLTR5d	NW_005054340.1	5492785	5493339	20.300	0
TguLTRL4d	NW_005054340.1	5546846	5547154	31.300	0
TguLTRL4c	NW_005054340.1	5624829	5625961	24.800	0
TguLTR5c	NW_005054340.1	5629669	5629758	22.500	0
TguLTR5c	NW_005054340.1	5629762	5630021	27.400	0
TguLTR11	NW_005054340.1	5637705	5638649	17.200	0
TguLTR5d	NW_005054340.1	5652998	5653583	19.700	0
TguLTR5b	NW_005054340.1	5686732	5686978	21.100	0
TguLTR5b	NW_005054340.1	5687412	5687783	17.200	0
TguLTRL6b	NW_005054340.1	5734816	5734979	20.200	0
TguLTR5a	NW_005054340.1	5750334	5750572	16.000	0
TguLTRL4d	NW_005054340.1	5777861	5778331	29.200	0
TguLTR5d	NW_005054340.1	5850611	5851192	21.400	0
TguLTR5d	NW_005054340.1	5921283	5921642	22.100	0
TguLTR5d	NW_005054340.1	5934662	5935235	17.900	0
TguLTR5b	NW_005054340.1	5941420	5942012	14.500	0
TguLTR5a	NW_005054340.1	5945557	5946129	22.300	0
TguLTRL4b	NW_005054340.1	5952200	5953273	20.300	0
TguLTRL4b	NW_005054340.1	5957217	5958294	20.100	0
TguLTR5e	NW_005054340.1	5959016	5959524	28.300	0
TguLTR5d	NW_005054340.1	5971627	5971842	23.300	0
TguLTRL4d	NW_005054340.1	5973906	5974279	24.300	0
TguLTRL4b	NW_005054340.1	5983459	5984547	19.900	0
TguLTR5b	NW_005054340.1	5990367	5990938	14.900	0
TguLTRL4d	NW_005054340.1	5997161	5997367	23.400	0
TguLTRL4d	NW_005054341.1	433886	433972	22.100	0
TguLTRL4c	NW_005054341.1	507479	507985	20.000	0
TguLTRL4c	NW_005054341.1	508495	509143	18.300	0
TguLTRL4d	NW_005054341.1	2607015	2607219	30.200	0
TguLTR5a	NW_005054341.1	3191442	3191664	15.300	0
TguLTR5a	NW_005054341.1	3367084	3367615	21.700	0
TguLTR5a	NW_005054341.1	3492942	3493101	20.100	0
TguLTR5a	NW_005054341.1	3493103	3493408	18.200	0
TguLTR5c	NW_005054341.1	3717091	3717373	19.300	0
TguLTR5c	NW_005054341.1	3717530	3717569	10.300	0
TguLTRL4c	NW_005054341.1	3759114	3759439	15.500	0
TguLTR5a	NW_005054341.1	3996603	3997124	23.000	0
TguLTR5d	NW_005054341.1	4523275	4523408	17.500	0
TguLTR5a	NW_005054341.1	5267206	5267315	11.900	0
TguLTRL4b	NW_005054341.1	5300954	5301180	31.100	0
TguLTR5a	NW_005054341.1	5340231	5340300	18.800	0
TguLTR5a	NW_005054341.1	5620310	5620653	23.200	0
TguLTR5a	NW_005054341.1	5621308	5621503	16.000	0
TguLTR5a	NW_005054341.1	5649461	5650021	17.000	0
TguLTRL4c	NW_005054341.1	5815124	5815512	22.700	0
TguLTR5d	NW_005054341.1	5862650	5862827	14.800	0
TguLTR11	NW_005054341.1	5876379	5876657	25.900	0
TguLTR11	NW_005054341.1	5877455	5877733	25.900	0
TguLTR5d	NW_005054342.1	446	887	17.100	0
TguLTR5d	NW_005054342.1	13125	13686	16.500	0
TguLTR5d	NW_005054342.1	50656	50808	18.400	0
TguLTR5a	NW_005054342.1	200315	200919	18.800	0
TguLTR5a	NW_005054342.1	212333	212946	18.300	0
TguLTRL4b	NW_005054342.1	217447	217790	31.900	0
TguLTR6a	NW_005054342.1	408989	409415	19.300	0
TguLTR5d	NW_005054342.1	441334	441902	20.500	0
TguLTRL4b	NW_005054342.1	470530	471578	22.900	0
TguLTR5d	NW_005054342.1	502588	503148	18.300	0
TguLTRL4c	NW_005054342.1	513006	513091	12.500	0
TguLTRL4c	NW_005054342.1	517769	517831	19.400	0
TguLTR6a	NW_005054342.1	621389	621575	18.100	0
TguLTR5d	NW_005054342.1	678028	678626	21.200	0
TguLTR5e	NW_005054342.1	685988	686408	25.900	0
TguLTRL4b	NW_005054342.1	710329	711330	20.400	0
TguLTR5b	NW_005054342.1	729768	730373	12.500	0
TguLTR5d	NW_005054342.1	768039	768596	24.400	0
TguLTR5b	NW_005054342.1	788324	788908	14.100	0
TguLTR5d	NW_005054342.1	815328	815915	19.900	0
TguLTR11	NW_005054342.1	828171	828298	19.200	0
TguLTR11	NW_005054342.1	828370	828484	19.200	0
TguLTRL4b	NW_005054342.1	926722	927769	24.000	0
TguLTRL4c	NW_005054342.1	944532	945646	24.000	0
TguLTRL4c	NW_005054342.1	964044	965152	24.200	0
TguLTR5d	NW_005054342.1	989566	989988	23.200	0
TguLTR5a	NW_005054342.1	1003338	1003920	23.600	0
TguLTRL4b	NW_005054342.1	1024675	1025763	18.900	0
TguLTR5a	NW_005054342.1	1060874	1061420	25.800	0
TguLTR5b	NW_005054342.1	1070123	1070711	16.700	0
TguLTR5b	NW_005054342.1	1090776	1091308	12.500	0
TguLTR5d	NW_005054342.1	1121079	1121411	21.400	0
TguLTRL4c	NW_005054342.1	1130296	1130876	21.800	0
TguLTR5a	NW_005054342.1	1217252	1217837	20.600	0
TguLTR5b	NW_005054342.1	1286318	1286596	12.900	0
TguLTR5a	NW_005054342.1	1292150	1292553	23.900	0
TguLTR5a	NW_005054342.1	1292672	1292846	18.600	0
TguLTR5d	NW_005054342.1	1297047	1297271	29.300	0
TguLTRL4c	NW_005054342.1	1342652	1343284	21.200	0
TguLTR5a	NW_005054342.1	1350568	1350864	15.900	0
TguLTR5b	NW_005054342.1	1358340	1358901	18.100	0
TguLTR5b	NW_005054342.1	1367963	1368548	17.100	0
TguLTR5d	NW_005054342.1	1390087	1390465	21.700	0
TguLTR5d	NW_005054342.1	1442354	1442853	22.300	0
TguLTRL4c	NW_005054342.1	1532609	1533536	26.400	0
TguLTR5b	NW_005054342.1	1550039	1550365	17.000	0
TguLTR5b	NW_005054342.1	1550767	1551048	17.900	0
TguLTRL4c	NW_005054342.1	1552526	1553430	27.700	0
TguLTRL4c	NW_005054342.1	1597846	1598055	26.300	0
TguLTR5a	NW_005054342.1	1643017	1643580	24.200	0
TguLTR5d	NW_005054342.1	1656432	1657008	18.800	0
TguLTR5d	NW_005054342.1	1845536	1846122	25.200	0
TguLTRL4c	NW_005054342.1	1857273	1858117	18.500	0
TguLTR5b	NW_005054342.1	1932923	1933013	11.100	0
TguLTR5a	NW_005054342.1	2031679	2032222	24.500	0
TguLTRL4c	NW_005054342.1	2066079	2067178	21.200	0
TguLTRL4d	NW_005054342.1	2122937	2123097	23.600	0
TguLTRL4d	NW_005054342.1	2123415	2123642	27.100	0
TguLTRL4b	NW_005054342.1	2210444	2211525	17.300	0
TguLTR11	NW_005054342.1	2225293	2225489	16.300	0
TguLTR11	NW_005054342.1	2225493	2225988	15.600	0
TguLTR5d	NW_005054342.1	2256030	2256212	18.000	0
TguLTR5b	NW_005054342.1	2274159	2274738	15.200	0
TguLTR5d	NW_005054342.1	2315841	2316433	17.200	0
TguLTR5d	NW_005054342.1	2360648	2360787	28.800	0
TguLTR5d	NW_005054342.1	2360796	2360888	26.100	0
TguLTR5d	NW_005054342.1	2444567	2445126	15.800	0
TguLTRL4c	NW_005054342.1	2460560	2460876	18.100	0
TguLTR5a	NW_005054342.1	2530967	2531009	16.700	0
TguLTRL4c	NW_005054342.1	2558602	2559307	21.500	0
TguLTRL4c	NW_005054342.1	2559313	2559440	17.300	0
TguLTRL4b	NW_005054342.1	2572182	2573253	15.700	0
TguLTR11	NW_005054342.1	2589411	2589570	15.800	0
TguLTRL4c	NW_005054342.1	2701195	2702284	20.600	0
TguLTR5a	NW_005054342.1	2791688	2792214	20.400	0
TguLTR5a	NW_005054342.1	3013457	3013789	21.700	0
TguLTR5a	NW_005054342.1	3013789	3013885	22.800	0
TguLTR5b	NW_005054342.1	3016188	3016772	15.000	0
TguLTR5a	NW_005054342.1	3047784	3048155	21.800	0
TguLTR5d	NW_005054342.1	3067524	3068046	29.000	0
TguLTR11	NW_005054342.1	3100246	3101258	15.700	0
TguLTRL4b	NW_005054342.1	3106069	3106894	23.300	0
TguLTR5e	NW_005054342.1	3121040	3121161	17.500	0
TguLTR5d	NW_005054342.1	3150164	3150732	19.600	0
TguLTR5e	NW_005054342.1	3210441	3210882	26.600	0
TguLTR5e	NW_005054342.1	3213102	3213620	25.800	0
TguLTR5d	NW_005054342.1	3232801	3233013	23.300	0
TguLTR5b	NW_005054342.1	3296025	3296602	16.500	0
TguLTR5c	NW_005054342.1	3361036	3361414	22.800	0
TguLTR5c	NW_005054342.1	3361418	3361482	18.800	0
TguLTR5a	NW_005054342.1	3472019	3472634	19.800	0
TguLTR6a	NW_005054342.1	3484922	3485164	16.900	0
TguLTR6a	NW_005054342.1	3485181	3485284	12.600	0
TguLTR5d	NW_005054342.1	3609102	3609658	24.700	0
TguLTR5d	NW_005054342.1	3716352	3716863	15.800	0
TguLTR5d	NW_005054342.1	3717017	3717113	17.400	0
TguLTRL4b	NW_005054342.1	3733613	3733828	14.500	0
TguLTRL4b	NW_005054342.1	3733828	3734920	15.500	0
TguLTR5e	NW_005054342.1	3737785	3737969	27.200	0
TguLTRL4c	NW_005054342.1	3846442	3847373	24.900	0
TguLTRL4c	NW_005054342.1	3853295	3854289	20.900	0
TguLTR5b	NW_005054342.1	4104758	4105342	16.100	0
TguLTR5d	NW_005054342.1	4236447	4237021	16.900	0
TguLTRL4c	NW_005054342.1	4243597	4244680	16.400	0
TguLTR6a	NW_005054342.1	4314254	4314640	18.600	0
TguLTR5a	NW_005054342.1	4330157	4330770	19.000	0
TguLTRL4d	NW_005054342.1	4394599	4395002	25.100	0
TguLTR5d	NW_005054342.1	4402993	4403077	22.300	0
TguLTR5d	NW_005054342.1	4403447	4403974	16.800	0
TguLTR5d	NW_005054342.1	4488355	4488928	17.100	0
TguLTR5d	NW_005054342.1	4522812	4523009	16.200	0
TguLTR5d	NW_005054342.1	4523009	4523243	18.800	0
TguLTR5a	NW_005054342.1	4676750	4677276	21.500	0
TguLTRL4d	NW_005054342.1	4724278	4724524	23.600	0
TguLTR11	NW_005054342.1	4735434	4735480	10.900	0
TguLTR5b	NW_005054342.1	4894961	4895530	16.200	0
TguLTR5a	NW_005054342.1	4958495	4958884	22.100	0
TguLTR5a	NW_005054342.1	4958960	4959124	23.700	0
TguLTR5b	NW_005054342.1	5028080	5028649	14.800	0
TguLTRL4c	NW_005054342.1	5044035	5044304	20.500	0
TguLTR5a	NW_005054342.1	5045963	5046350	20.500	0
TguLTR6a	NW_005054342.1	5069428	5069864	23.100	0
TguLTR6a	NW_005054342.1	5130773	5130904	28.000	0
TguLTR5b	NW_005054342.1	5131828	5132375	13.800	0
TguLTRL6b	NW_005054342.1	5181572	5181688	28.200	0
TguLTRL6b	NW_005054342.1	5181737	5182006	23.600	0
TguLTRL6b	NW_005054342.1	5196085	5196199	15.200	0
TguLTR5d	NW_005054342.1	5201364	5201605	17.400	0
TguLTRL6b	NW_005054342.1	5231002	5231184	20.100	0
TguLTR5c	NW_005054342.1	5246920	5247470	19.400	0
TguLTR5a	NW_005054342.1	5256841	5257278	20.500	0
TguLTR5d	NW_005054342.1	5370841	5371078	12.500	0
TguLTRL4b	NW_005054342.1	5409730	5409780	12.000	0
TguLTR5a	NW_005054342.1	5417715	5417870	14.100	0
TguLTR5a	NW_005054342.1	5521193	5521512	23.200	0
TguLTR5c	NW_005054342.1	5593567	5594150	17.000	0
TguLTR6a	NW_005054342.1	5641131	5641551	21.500	0
TguLTRL4c	NW_005054342.1	5767918	5767991	26.000	0
TguLTRL4c	NW_005054342.1	5768013	5768180	23.700	0
TguLTR5b	NW_005054342.1	5780712	5780762	18.000	0
TguLTR5a	NW_005054343.1	841077	841182	15.200	0
TguLTR5d	NW_005054343.1	1430383	1430812	17.400	0
TguLTR5e	NW_005054343.1	1876950	1877127	28.600	0
TguLTR5d	NW_005054343.1	1912766	1912858	18.500	0
TguLTR5a	NW_005054343.1	2020198	2020313	13.000	0
TguLTRL4d	NW_005054343.1	2958708	2959156	28.300	0
TguLTRL4c	NW_005054343.1	3138174	3138320	14.900	0
TguLTR5e	NW_005054343.1	3321650	3322219	22.800	0
TguLTRL4b	NW_005054343.1	3623526	3624366	14.200	0
TguLTR5d	NW_005054343.1	3873939	3874515	21.500	0
TguLTR5d	NW_005054343.1	3949122	3949363	21.300	0
TguLTR5a	NW_005054343.1	4089663	4089961	22.400	0
TguLTR5d	NW_005054343.1	4183242	4183609	18.300	0
TguLTR5e	NW_005054343.1	4501327	4501631	26.100	0
TguLTR5e	NW_005054343.1	4501759	4501921	21.600	0
TguLTR5a	NW_005054343.1	4899013	4899091	14.100	0
TguLTR5d	NW_005054343.1	5450283	5450866	17.100	0
TguLTRL6b	NW_005054343.1	5840118	5840514	15.900	0
TguLTR5d	NW_005054344.1	115342	115892	17.600	0
TguLTR5b	NW_005054344.1	144508	144576	10.300	0
TguLTR5b	NW_005054344.1	145127	145207	20.000	0
TguLTR5b	NW_005054344.1	154730	155140	16.800	0
TguLTR5a	NW_005054344.1	178564	179172	17.700	0
TguLTRL6b	NW_005054344.1	195204	195603	18.600	0
TguLTR5d	NW_005054344.1	282459	283088	18.400	0
TguLTR5a	NW_005054344.1	308305	308394	17.600	0
TguLTR5a	NW_005054344.1	308395	308623	18.000	0
TguLTR5c	NW_005054344.1	329678	329876	17.800	0
TguLTR5e	NW_005054344.1	390316	390466	25.500	0
TguLTR5c	NW_005054344.1	511012	511570	22.500	0
TguLTR5a	NW_005054344.1	520200	520748	28.700	0
TguLTRL4b	NW_005054344.1	534759	534921	19.800	0
TguLTR5e	NW_005054344.1	541956	542038	24.400	0
TguLTR5a	NW_005054344.1	563737	564155	23.800	0
TguLTR5b	NW_005054344.1	569214	569808	15.200	0
TguLTR5a	NW_005054344.1	582389	582951	23.600	0
TguLTR5c	NW_005054344.1	587026	587548	24.600	0
TguLTRL6b	NW_005054344.1	592558	593025	25.600	0
TguLTRL4c	NW_005054344.1	596115	596869	22.100	0
TguLTR11	NW_005054344.1	601903	602118	25.800	0
TguLTR11	NW_005054344.1	641028	641228	25.800	0
TguLTRL4b	NW_005054344.1	681395	682477	17.500	0
TguLTR11	NW_005054344.1	690764	690917	17.000	0
TguLTR5b	NW_005054344.1	719617	720200	17.200	0
TguLTRL4d	NW_005054344.1	734428	734812	29.600	0
TguLTRL4d	NW_005054344.1	734935	735117	31.500	0
TguLTR5a	NW_005054344.1	848787	849341	18.800	0
TguLTR11	NW_005054344.1	884266	884543	28.400	0
TguLTRL4c	NW_005054344.1	939266	939373	25.700	0
TguLTR5a	NW_005054344.1	941096	941669	21.600	0
TguLTR5e	NW_005054344.1	1108784	1109041	26.100	0
TguLTR5e	NW_005054344.1	1109145	1109284	25.000	0
TguLTR6a	NW_005054344.1	1110287	1110738	22.700	0
TguLTR5a	NW_005054344.1	1152671	1153197	24.200	0
TguLTR11	NW_005054344.1	1231059	1231121	18.000	0
TguLTR5c	NW_005054344.1	1249513	1250088	16.900	0
TguLTRL4c	NW_005054344.1	1305834	1306040	15.000	0
TguLTRL4c	NW_005054344.1	1306040	1306333	18.400	0
TguLTRL4c	NW_005054344.1	1311437	1312439	19.200	0
TguLTR11	NW_005054344.1	1427616	1427854	26.800	0
TguLTRL4d	NW_005054344.1	1616281	1616469	28.100	0
TguLTRL4d	NW_005054344.1	1617009	1617157	29.200	0
TguLTRL6b	NW_005054344.1	1778487	1778896	16.100	0
TguLTR5b	NW_005054344.1	1805320	1805865	15.200	0
TguLTR11	NW_005054344.1	1845247	1845318	21.100	0
TguLTRL4b	NW_005054344.1	1845318	1845803	19.600	0
TguLTR11	NW_005054344.1	1845832	1846157	18.300	0
TguLTR6a	NW_005054344.1	1871709	1871762	17.700	0
TguLTR6a	NW_005054344.1	1872132	1872467	24.500	0
TguLTR5e	NW_005054344.1	1885104	1885631	28.500	0
TguLTRL4c	NW_005054344.1	1935261	1936279	20.400	0
TguLTRL4c	NW_005054344.1	1959623	1960134	28.700	0
TguLTRL4d	NW_005054344.1	1989956	1990741	26.400	0
TguLTRL4c	NW_005054344.1	1994391	1995427	21.400	0
TguLTRL4d	NW_005054344.1	2009681	2010049	27.900	0
TguLTRL4d	NW_005054344.1	2010063	2010208	21.400	0
TguLTR5d	NW_005054344.1	2030247	2030681	19.600	0
TguLTR5e	NW_005054344.1	2048182	2048449	27.800	0
TguLTRL4c	NW_005054344.1	2052414	2052537	23.900	0
TguLTR5a	NW_005054344.1	2072995	2073058	15.900	0
TguLTR5c	NW_005054344.1	2093761	2094103	18.700	0
TguLTRL6b	NW_005054344.1	2114169	2114565	26.600	0
TguLTR5c	NW_005054344.1	2128818	2129384	25.700	0
TguLTR5a	NW_005054344.1	2133891	2133987	15.600	0
TguLTR5a	NW_005054344.1	2134717	2135184	25.800	0
TguLTR6a	NW_005054344.1	2176418	2176864	21.700	0
TguLTRL6b	NW_005054344.1	2214578	2214713	20.100	0
TguLTRL4d	NW_005054344.1	2221351	2222109	27.200	0
TguLTRL4c	NW_005054344.1	2224030	2224704	19.800	0
TguLTR5d	NW_005054344.1	2381939	2382291	23.100	0
TguLTRL4c	NW_005054344.1	2485485	2486387	23.300	0
TguLTRL4d	NW_005054344.1	2492498	2493248	26.500	0
TguLTRL4c	NW_005054344.1	2558185	2558413	18.800	0
TguLTR5d	NW_005054344.1	2583446	2583922	17.600	0
TguLTR11	NW_005054344.1	2637214	2637483	23.000	0
TguLTRL4c	NW_005054344.1	2707972	2708463	19.000	0
TguLTRL4c	NW_005054344.1	2710423	2711433	22.000	0
TguLTRL4c	NW_005054344.1	2738950	2739267	24.000	0
TguLTR5d	NW_005054344.1	2741048	2741477	18.700	0
TguLTR5c	NW_005054344.1	2773057	2773640	22.500	0
TguLTR5a	NW_005054344.1	2852884	2853047	25.400	0
TguLTR5e	NW_005054344.1	2877648	2877807	26.400	0
TguLTR11	NW_005054344.1	2904156	2904524	18.400	0
TguLTR5c	NW_005054344.1	3067196	3067339	23.400	0
TguLTR5c	NW_005054344.1	3067353	3067580	11.500	0
TguLTR5d	NW_005054344.1	3073894	3074453	20.000	0
TguLTR5d	NW_005054344.1	3087461	3088034	22.300	0
TguLTR5d	NW_005054344.1	3100210	3100700	20.300	0
TguLTRL4c	NW_005054344.1	3103404	3104160	18.300	0
TguLTR5d	NW_005054344.1	3109629	3110030	21.300	0
TguLTR5d	NW_005054344.1	3117778	3118179	21.300	0
TguLTR11	NW_005054344.1	3152777	3153039	25.200	0
TguLTR5a	NW_005054344.1	3154977	3155117	14.300	0
TguLTR5a	NW_005054344.1	3155271	3155689	22.800	0
TguLTRL6b	NW_005054344.1	3172380	3172823	19.900	0
TguLTR5a	NW_005054344.1	3270416	3270934	16.400	0
TguLTR6a	NW_005054344.1	3320080	3320535	23.500	0
TguLTR5e	NW_005054344.1	3338538	3338671	25.600	0
TguLTR5a	NW_005054344.1	3445429	3445508	8.900	0
TguLTRL4b	NW_005054344.1	3457165	3457519	21.100	0
TguLTR5d	NW_005054344.1	3490840	3491136	18.700	0
TguLTR5d	NW_005054344.1	3491155	3491244	20.200	0
TguLTRL4b	NW_005054344.1	3503056	3504131	15.100	0
TguLTR5a	NW_005054344.1	3637361	3637954	22.500	0
TguLTRL6b	NW_005054344.1	3913629	3913779	23.400	0
TguLTR6a	NW_005054344.1	3959969	3960367	20.600	0
TguLTR5b	NW_005054344.1	4005047	4005641	13.000	0
TguLTRL4c	NW_005054344.1	4102918	4103384	18.600	0
TguLTRL4c	NW_005054344.1	4103507	4104120	22.500	0
TguLTR5d	NW_005054344.1	4153545	4154117	15.400	0
TguLTRL4c	NW_005054344.1	4159452	4159661	18.200	0
TguLTR6a	NW_005054344.1	4237823	4237914	25.300	0
TguLTRL4b	NW_005054344.1	4254881	4256108	20.600	0
TguLTR5d	NW_005054344.1	4319014	4319634	25.100	0
TguLTRL4b	NW_005054344.1	4351134	4352203	17.100	0
TguLTR5e	NW_005054344.1	4393099	4393642	22.700	0
TguLTRL4c	NW_005054344.1	4608923	4609977	19.400	0
TguLTR5a	NW_005054344.1	4681562	4681756	19.300	0
TguLTR5a	NW_005054344.1	4714243	4714836	16.400	0
TguLTRL4b	NW_005054344.1	4876266	4876420	16.300	0
TguLTR5d	NW_005054344.1	5018018	5018105	9.200	0
TguLTR5b	NW_005054344.1	5133463	5134057	14.900	0
TguLTR5d	NW_005054344.1	5205334	5205921	15.700	0
TguLTR5d	NW_005054344.1	5360127	5360682	28.100	0
TguLTR5b	NW_005054344.1	5585354	5585926	15.100	0
TguLTRL4b	NW_005054344.1	5646899	5647750	20.000	0
TguLTR5a	NW_005054344.1	5647750	5648213	17.100	0
TguLTR5a	NW_005054344.1	5662578	5663189	17.500	0
TguLTR5a	NW_005054345.1	271853	272012	16.400	0
TguLTR5a	NW_005054345.1	272048	272185	16.800	0
TguLTR5d	NW_005054345.1	300782	300912	20.800	0
TguLTRL4d	NW_005054345.1	527410	528051	27.700	0
TguLTR5b	NW_005054345.1	996496	997097	15.200	0
TguLTR5c	NW_005054345.1	1514892	1514943	17.600	0
TguLTRL4c	NW_005054345.1	1785626	1785713	25.300	0
TguLTR11	NW_005054345.1	1931469	1931856	14.000	0
TguLTR5d	NW_005054345.1	1979548	1980082	18.100	0
TguLTRL4c	NW_005054345.1	2380221	2381112	17.300	0
TguLTR5a	NW_005054345.1	2381698	2382226	17.900	0
TguLTR5d	NW_005054345.1	2776387	2776658	20.000	0
TguLTR5d	NW_005054345.1	2998392	2998490	14.300	0
TguLTR5d	NW_005054345.1	3172996	3173046	21.200	0
TguLTR5d	NW_005054345.1	3173101	3173240	19.200	0
TguLTRL4d	NW_005054345.1	3336278	3336485	25.000	0
TguLTRL4c	NW_005054345.1	3448040	3448634	20.400	0
TguLTR5a	NW_005054345.1	4676233	4676700	17.800	0
TguLTR5a	NW_005054345.1	5514893	5515049	22.200	0
TguLTR5e	NW_005054346.1	0	145	22.100	0
TguLTR5d	NW_005054346.1	1348	1904	20.400	0
TguLTR5e	NW_005054346.1	47146	47679	26.500	0
TguLTR5c	NW_005054346.1	165446	165550	24.000	0
TguLTR5b	NW_005054346.1	237789	237913	12.200	0
TguLTR5c	NW_005054346.1	241879	242002	13.000	0
TguLTR5c	NW_005054346.1	242014	242146	21.200	0
TguLTR5a	NW_005054346.1	505416	505906	19.700	0
TguLTR5a	NW_005054346.1	523343	523524	20.500	0
TguLTR5a	NW_005054346.1	523609	523995	20.500	0
TguLTRL4b	NW_005054346.1	712575	713201	23.100	0
TguLTR5b	NW_005054346.1	734152	734487	15.000	0
TguLTR5b	NW_005054346.1	734518	734564	15.000	0
TguLTR5d	NW_005054346.1	953875	954455	16.600	0
TguLTRL4b	NW_005054346.1	960737	961755	19.200	0
TguLTR5d	NW_005054346.1	1028536	1029082	23.100	0
TguLTRL4c	NW_005054346.1	1124042	1124126	24.400	0
TguLTR5d	NW_005054346.1	1161624	1162208	15.900	0
TguLTRL4b	NW_005054346.1	1199353	1200469	19.200	0
TguLTR6a	NW_005054346.1	1369678	1370097	13.700	0
TguLTRL4c	NW_005054346.1	1496521	1496865	19.900	0
TguLTRL4c	NW_005054346.1	1496865	1496964	10.300	0
TguLTRL4d	NW_005054346.1	1497074	1497958	27.200	0
TguLTR5b	NW_005054346.1	1556630	1557204	14.300	0
TguLTR5a	NW_005054346.1	1593329	1593579	17.200	0
TguLTR5a	NW_005054346.1	1593640	1594002	27.400	0
TguLTR5a	NW_005054346.1	1614558	1615128	24.600	0
TguLTR6a	NW_005054346.1	1764793	1765208	24.300	0
TguLTRL4d	NW_005054346.1	1932227	1933017	25.500	0
TguLTR5e	NW_005054346.1	2029631	2030160	26.800	0
TguLTRL6b	NW_005054346.1	2111462	2111944	18.300	0
TguLTR6a	NW_005054346.1	2236132	2236579	19.800	0
TguLTR5e	NW_005054346.1	2262186	2262367	23.800	0
TguLTR5d	NW_005054346.1	2411449	2411976	23.600	0
TguLTR5b	NW_005054346.1	2430899	2430967	20.600	0
TguLTRL4d	NW_005054346.1	2493240	2493982	31.600	0
TguLTR5b	NW_005054346.1	2514529	2515102	11.100	0
TguLTR5d	NW_005054346.1	2527083	2527606	20.100	0
TguLTR5a	NW_005054346.1	2536024	2536563	24.300	0
TguLTRL4c	NW_005054346.1	2563449	2563903	19.700	0
TguLTR11	NW_005054346.1	2565492	2565882	16.300	0
TguLTR5b	NW_005054346.1	2590909	2591493	13.900	0
TguLTR5a	NW_005054346.1	2662857	2663269	16.500	0
TguLTR5a	NW_005054346.1	2663344	2663476	16.500	0
TguLTR5e	NW_005054346.1	2844208	2844337	31.200	0
TguLTR5e	NW_005054346.1	2844442	2844706	23.500	0
TguLTR5a	NW_005054346.1	2967817	2968356	27.600	0
TguLTR5a	NW_005054346.1	2970035	2970413	26.100	0
TguLTRL4d	NW_005054346.1	2982897	2983234	23.700	0
TguLTR5d	NW_005054346.1	3295263	3295849	16.100	0
TguLTRL4b	NW_005054346.1	3322388	3322630	19.500	0
TguLTR5a	NW_005054346.1	3339750	3339827	19.700	0
TguLTRL4c	NW_005054346.1	3340278	3341336	18.000	0
TguLTRL4c	NW_005054346.1	3691686	3692561	23.000	0
TguLTR5d	NW_005054346.1	3760925	3761100	20.000	0
TguLTR5c	NW_005054346.1	3831914	3832486	20.700	0
TguLTR5b	NW_005054346.1	4017583	4018182	13.500	0
TguLTR5b	NW_005054346.1	4120928	4121123	5.200	0
TguLTR5d	NW_005054346.1	4136199	4136301	15.700	0
TguLTR5d	NW_005054346.1	4136301	4136412	14.800	0
TguLTR5a	NW_005054346.1	4205548	4205710	16.500	0
TguLTR5a	NW_005054346.1	4205755	4206201	16.700	0
TguLTR5d	NW_005054346.1	4251652	4251873	19.200	0
TguLTRL4c	NW_005054346.1	4475714	4475956	21.100	0
TguLTR6a	NW_005054346.1	4490765	4490997	19.600	0
TguLTRL6b	NW_005054346.1	4491114	4491284	22.700	0
TguLTR5d	NW_005054346.1	4495479	4496071	18.700	0
TguLTRL4c	NW_005054346.1	4515973	4516713	16.900	0
TguLTR6a	NW_005054346.1	4789813	4790231	21.600	0
TguLTRL4c	NW_005054346.1	4824626	4825159	18.000	0
TguLTR5c	NW_005054346.1	4829467	4829727	17.500	0
TguLTR5c	NW_005054346.1	4830629	4831227	17.200	0
TguLTR5e	NW_005054346.1	5116143	5116423	21.100	0
TguLTR5e	NW_005054346.1	5116547	5116670	30.000	0
TguLTR5d	NW_005054346.1	5248541	5248735	20.800	0
TguLTRL4c	NW_005054346.1	5279753	5280282	28.500	0
TguLTRL4c	NW_005054346.1	5366561	5367565	21.600	0
TguLTR5a	NW_005054347.1	148299	148759	21.300	0
TguLTR5d	NW_005054347.1	391223	391816	21.000	0
TguLTR5d	NW_005054347.1	491866	492206	20.600	0
TguLTR5d	NW_005054347.1	914974	915533	21.700	0
TguLTRL4c	NW_005054347.1	1225088	1225404	17.100	0
TguLTRL4c	NW_005054347.1	1755156	1756135	19.600	0
TguLTR5d	NW_005054347.1	1815588	1816118	18.400	0
TguLTRL4d	NW_005054347.1	1955221	1955473	22.200	0
TguLTR5d	NW_005054347.1	1964439	1964549	15.400	0
TguLTR6a	NW_005054347.1	2409148	2409576	19.300	0
TguLTR5a	NW_005054347.1	2452918	2453056	23.900	0
TguLTR5a	NW_005054347.1	3128782	3128820	0.000	0
TguLTRL4c	NW_005054347.1	3357310	3357391	16.500	0
TguLTRL4c	NW_005054347.1	3357402	3357550	18.400	0
TguLTRL4c	NW_005054347.1	3357553	3357724	12.300	0
TguLTR5d	NW_005054347.1	3914360	3914885	15.800	0
TguLTR5d	NW_005054347.1	4025489	4025852	17.500	0
TguLTRL4b	NW_005054347.1	4028839	4029839	18.900	0
TguLTR5d	NW_005054347.1	4089028	4089595	18.800	0
TguLTR5d	NW_005054347.1	4131049	4131620	19.000	0
TguLTR5a	NW_005054347.1	4389079	4389637	15.400	0
TguLTR11	NW_005054347.1	4794330	4794483	18.800	0
TguLTRL4d	NW_005054347.1	5114340	5114505	21.800	0
TguLTR5d	NW_005054347.1	5213921	5214022	26.700	0
TguLTR5c	NW_005054348.1	283650	284133	22.300	0
TguLTRL4d	NW_005054348.1	330339	330461	32.800	0
TguLTRL4d	NW_005054348.1	330485	330645	21.000	0
TguLTRL4b	NW_005054348.1	453444	454371	25.400	0
TguLTRL4d	NW_005054348.1	470251	470675	26.500	0
TguLTR5d	NW_005054348.1	493655	494240	20.000	0
TguLTR5e	NW_005054348.1	505922	506037	24.400	0
TguLTR5b	NW_005054348.1	565837	566413	16.500	0
TguLTRL4c	NW_005054348.1	587278	588072	26.200	0
TguLTRL4c	NW_005054348.1	588399	588727	20.500	0
TguLTR6a	NW_005054348.1	673035	673154	24.600	0
TguLTR11	NW_005054348.1	793999	794237	20.600	0
TguLTRL4c	NW_005054348.1	806312	806698	25.800	0
TguLTR11	NW_005054348.1	888985	889398	17.000	0
TguLTRL4b	NW_005054348.1	951957	952096	19.400	0
TguLTR5b	NW_005054348.1	954508	955034	18.500	0
TguLTR5c	NW_005054348.1	1223311	1223890	19.400	0
TguLTR5a	NW_005054348.1	1228975	1229528	20.300	0
TguLTR5b	NW_005054348.1	1272987	1273137	9.300	0
TguLTR5d	NW_005054348.1	1273772	1274063	20.300	0
TguLTR5e	NW_005054348.1	1314719	1315002	32.000	0
TguLTR5e	NW_005054348.1	1315168	1315246	26.300	0
TguLTR6a	NW_005054348.1	1347678	1348171	20.000	0
TguLTR5e	NW_005054348.1	1418707	1419232	26.100	0
TguLTRL6b	NW_005054348.1	1440908	1441093	21.300	0
TguLTR6a	NW_005054348.1	1441192	1441484	21.200	0
TguLTR5e	NW_005054348.1	1582041	1582242	24.900	0
TguLTR6a	NW_005054348.1	1640189	1640545	21.600	0
TguLTR5a	NW_005054348.1	1698127	1698211	17.900	0
TguLTR5a	NW_005054348.1	1802520	1803058	21.100	0
TguLTR5a	NW_005054348.1	1919647	1919789	21.800	0
TguLTRL4c	NW_005054348.1	1967962	1968937	20.700	0
TguLTR5a	NW_005054348.1	1991418	1991613	20.500	0
TguLTR5a	NW_005054348.1	2060059	2060122	9.800	0
TguLTRL4c	NW_005054348.1	2514147	2514228	15.000	0
TguLTRL4c	NW_005054348.1	2571650	2571797	16.800	0
TguLTRL4c	NW_005054348.1	2571802	2572363	21.400	0
TguLTR5a	NW_005054348.1	2627958	2628543	17.300	0
TguLTR5b	NW_005054348.1	2776121	2776708	19.600	0
TguLTR5a	NW_005054348.1	2784464	2784541	27.400	0
TguLTR5d	NW_005054348.1	2807081	2807147	18.200	0
TguLTR5d	NW_005054348.1	2807456	2807774	17.100	0
TguLTR6a	NW_005054348.1	2953693	2954150	21.200	0
TguLTR5e	NW_005054348.1	3145058	3145424	31.400	0
TguLTR5a	NW_005054348.1	3361524	3362112	16.200	0
TguLTR5b	NW_005054348.1	3367025	3367618	14.700	0
TguLTR5b	NW_005054348.1	3428651	3429235	13.900	0
TguLTR5a	NW_005054348.1	3494106	3494695	16.900	0
TguLTR5c	NW_005054348.1	3516211	3516789	17.400	0
TguLTR5d	NW_005054348.1	3585105	3585495	18.200	0
TguLTR5b	NW_005054348.1	3934023	3934611	15.800	0
TguLTR11	NW_005054348.1	3941093	3941341	23.600	0
TguLTR5a	NW_005054348.1	3972171	3972660	16.100	0
TguLTR5a	NW_005054348.1	3976449	3977027	15.700	0
TguLTR5b	NW_005054348.1	3985382	3985747	11.800	0
TguLTR5e	NW_005054348.1	4102962	4103104	27.000	0
TguLTRL4c	NW_005054348.1	4217921	4218215	23.400	0
TguLTR5b	NW_005054348.1	4398124	4398603	12.700	0
TguLTR5b	NW_005054348.1	4398668	4398713	13.600	0
TguLTR11	NW_005054348.1	4446094	4446408	17.800	0
TguLTR5a	NW_005054348.1	4452179	4452253	17.600	0
TguLTR5d	NW_005054348.1	4513862	4513941	22.800	0
TguLTR5a	NW_005054348.1	4585469	4586017	16.500	0
TguLTRL4c	NW_005054348.1	4592642	4592827	18.500	0
TguLTRL4c	NW_005054348.1	4609927	4610104	24.300	0
TguLTR5a	NW_005054348.1	4610300	4610545	21.200	0
TguLTR5a	NW_005054348.1	4610553	4610720	15.000	0
TguLTRL4c	NW_005054348.1	5102719	5103046	16.000	0
TguLTR5e	NW_005054348.1	5169976	5170547	27.600	0
TguLTR5e	NW_005054348.1	5192873	5193009	22.800	0
TguLTR5a	NW_005054348.1	5256667	5257227	18.300	0
TguLTRL4d	NW_005054349.1	65552	65696	22.100	0
TguLTR5d	NW_005054349.1	550682	550998	24.700	0
TguLTR5d	NW_005054349.1	612275	612454	23.100	0
TguLTR5d	NW_005054349.1	612501	612689	18.100	0
TguLTRL4c	NW_005054349.1	681963	682171	14.500	0
TguLTR5d	NW_005054349.1	1228662	1228963	22.600	0
TguLTR5d	NW_005054349.1	1612177	1612332	18.100	0
TguLTR5e	NW_005054349.1	1710970	1711089	28.400	0
TguLTR5e	NW_005054349.1	1711214	1711480	25.500	0
TguLTR5a	NW_005054349.1	1756261	1756573	25.800	0
TguLTRL4c	NW_005054349.1	1804125	1804300	19.900	0
TguLTR5d	NW_005054349.1	1906635	1906721	15.100	0
TguLTR5d	NW_005054349.1	2717425	2717886	16.700	0
TguLTRL4c	NW_005054349.1	2805992	2806155	13.400	0
TguLTRL4d	NW_005054349.1	2824201	2824303	26.500	0
TguLTR5a	NW_005054349.1	3134972	3135260	23.100	0
TguLTR5a	NW_005054349.1	3135693	3135955	19.000	0
TguLTRL4d	NW_005054349.1	3213414	3213484	18.600	0
TguLTR5a	NW_005054349.1	3285723	3286060	25.600	0
TguLTR5d	NW_005054349.1	3287454	3287604	27.500	0
TguLTRL4c	NW_005054349.1	3514166	3514261	19.400	0
TguLTRL4c	NW_005054349.1	3940605	3940857	16.800	0
TguLTRL4d	NW_005054349.1	4156004	4156230	24.800	0
TguLTR5d	NW_005054349.1	5135284	5135348	18.800	0
TguLTR5d	NW_005054350.1	18749	19287	19.800	0
TguLTR5d	NW_005054350.1	22166	22411	23.300	0
TguLTRL4b	NW_005054350.1	30205	30915	17.300	0
TguLTR5d	NW_005054350.1	73243	73813	22.400	0
TguLTR5b	NW_005054350.1	77601	78123	19.700	0
TguLTRL4c	NW_005054350.1	80706	80905	19.200	0
TguLTRL4b	NW_005054350.1	82907	83956	16.500	0
TguLTRL4c	NW_005054350.1	130635	130740	22.100	0
TguLTR5c	NW_005054350.1	142645	142866	18.600	0
TguLTR5c	NW_005054350.1	143511	143888	24.400	0
TguLTRL4d	NW_005054350.1	216159	216924	27.100	0
TguLTR5b	NW_005054350.1	235509	236118	16.900	0
TguLTRL6b	NW_005054350.1	272501	272604	18.800	0
TguLTR5b	NW_005054350.1	324889	325112	21.400	0
TguLTR5c	NW_005054350.1	325112	325171	16.900	0
TguLTR11	NW_005054350.1	325172	325323	23.200	0
TguLTR6a	NW_005054350.1	325328	325552	14.100	0
TguLTRL4c	NW_005054350.1	436734	437821	18.200	0
TguLTR5d	NW_005054350.1	449933	450502	16.000	0
TguLTRL4c	NW_005054350.1	479489	480092	29.300	0
TguLTR6a	NW_005054350.1	492366	492773	20.000	0
TguLTRL4b	NW_005054350.1	502875	503014	26.700	0
TguLTRL4c	NW_005054350.1	515289	515426	22.100	0
TguLTR5a	NW_005054350.1	533067	533632	24.100	0
TguLTR5d	NW_005054350.1	540332	540912	18.600	0
TguLTR5e	NW_005054350.1	568322	568583	24.000	0
TguLTR5e	NW_005054350.1	568671	568818	28.800	0
TguLTR11	NW_005054350.1	700845	701556	16.400	0
TguLTRL4c	NW_005054350.1	702406	703379	25.600	0
TguLTR5d	NW_005054350.1	786430	786727	24.600	0
TguLTRL4c	NW_005054350.1	801733	802512	26.000	0
TguLTR5d	NW_005054350.1	803527	803764	22.900	0
TguLTR5a	NW_005054350.1	807510	807761	18.600	0
TguLTRL4c	NW_005054350.1	849343	850432	22.500	0
TguLTRL4c	NW_005054350.1	961485	962257	20.700	0
TguLTR5e	NW_005054350.1	994328	994820	26.100	0
TguLTRL4c	NW_005054350.1	999629	1000474	24.300	0
TguLTRL4d	NW_005054350.1	1000639	1000764	25.600	0
TguLTRL4c	NW_005054350.1	1031158	1031844	20.100	0
TguLTR5d	NW_005054350.1	1033246	1033628	19.100	0
TguLTR5d	NW_005054350.1	1034001	1034189	21.100	0
TguLTRL4b	NW_005054350.1	1034765	1035444	20.600	0
TguLTR5e	NW_005054350.1	1063316	1063449	25.200	0
TguLTR5e	NW_005054350.1	1063638	1063773	22.100	0
TguLTR5d	NW_005054350.1	1068816	1069302	21.000	0
TguLTR5b	NW_005054350.1	1074671	1075219	16.700	0
TguLTR5d	NW_005054350.1	1095962	1096539	20.500	0
TguLTRL4d	NW_005054350.1	1100013	1100117	28.100	0
TguLTR11	NW_005054350.1	1100694	1100965	17.300	0
TguLTR6a	NW_005054350.1	1125993	1126088	17.000	0
TguLTRL4c	NW_005054350.1	1127102	1127174	14.500	0
TguLTRL4c	NW_005054350.1	1127175	1127496	18.200	0
TguLTR5a	NW_005054350.1	1158189	1158765	23.600	0
TguLTRL4c	NW_005054350.1	1165495	1165845	20.100	0
TguLTRL4c	NW_005054350.1	1179150	1179239	20.200	0
TguLTRL4c	NW_005054350.1	1179246	1179796	22.000	0
TguLTRL6b	NW_005054350.1	1204304	1204422	28.600	0
TguLTRL4c	NW_005054350.1	1206329	1206452	24.600	0
TguLTRL4c	NW_005054350.1	1216263	1216703	21.800	0
TguLTR5d	NW_005054350.1	1263794	1264358	22.600	0
TguLTR5a	NW_005054350.1	1281075	1281600	19.800	0
TguLTRL4d	NW_005054350.1	1288538	1289517	30.900	0
TguLTR5a	NW_005054350.1	1337652	1338196	21.800	0
TguLTR5e	NW_005054350.1	1405903	1406035	29.900	0
TguLTR5a	NW_005054350.1	1406295	1406871	23.000	0
TguLTR5e	NW_005054350.1	1433331	1433475	25.700	0
TguLTR5d	NW_005054350.1	1433515	1433741	24.300	0
TguLTR5d	NW_005054350.1	1439756	1439924	22.600	0
TguLTR5b	NW_005054350.1	1447253	1447476	18.800	0
TguLTRL4d	NW_005054350.1	1452994	1453393	27.400	0
TguLTR5a	NW_005054350.1	1492539	1493139	21.000	0
TguLTRL4d	NW_005054350.1	1507083	1507537	24.400	0
TguLTRL4d	NW_005054350.1	1507583	1507718	23.600	0
TguLTRL4c	NW_005054350.1	1512246	1513114	26.400	0
TguLTRL4b	NW_005054350.1	1545076	1545912	20.800	0
TguLTR5b	NW_005054350.1	1555258	1555831	19.800	0
TguLTR5e	NW_005054350.1	1563290	1563724	31.500	0
TguLTRL4d	NW_005054350.1	1602754	1602894	30.000	0
TguLTRL4c	NW_005054350.1	1649206	1649771	22.600	0
TguLTRL4c	NW_005054350.1	1650998	1651381	18.800	0
TguLTR11	NW_005054350.1	1661338	1661698	17.500	0
TguLTRL4d	NW_005054350.1	1677655	1678576	28.000	0
TguLTR5d	NW_005054350.1	1711170	1711695	21.100	0
TguLTRL4b	NW_005054350.1	1743765	1744792	17.200	0
TguLTR5c	NW_005054350.1	1751058	1751626	21.300	0
TguLTRL4d	NW_005054350.1	1755607	1755764	29.900	0
TguLTR5b	NW_005054350.1	1791883	1792466	15.600	0
TguLTR5d	NW_005054350.1	1880521	1880677	26.300	0
TguLTR5d	NW_005054350.1	1880739	1880853	28.900	0
TguLTR6a	NW_005054350.1	1909672	1909785	17.600	0
TguLTR5c	NW_005054350.1	1951215	1951782	21.400	0
TguLTR5d	NW_005054350.1	1960359	1960833	22.200	0
TguLTRL4d	NW_005054350.1	1968801	1969560	25.500	0
TguLTR11	NW_005054350.1	1977121	1977379	19.600	0
TguLTR11	NW_005054350.1	1977491	1977672	18.400	0
TguLTR5a	NW_005054350.1	1991473	1991970	28.700	0
TguLTRL4d	NW_005054350.1	2018155	2018898	25.800	0
TguLTRL4d	NW_005054350.1	2075152	2075406	25.800	0
TguLTRL4b	NW_005054350.1	2076631	2077433	27.400	0
TguLTRL4b	NW_005054350.1	2077823	2078029	26.400	0
TguLTR5e	NW_005054350.1	2130007	2130496	26.900	0
TguLTRL4b	NW_005054350.1	2173947	2174839	24.700	0
TguLTR5c	NW_005054350.1	2212707	2213260	20.600	0
TguLTRL4b	NW_005054350.1	2284189	2285004	17.200	0
TguLTRL4b	NW_005054350.1	2285423	2285677	17.900	0
TguLTRL4c	NW_005054350.1	2296903	2297195	21.200	0
TguLTR11	NW_005054350.1	2333939	2334064	25.100	0
TguLTR5a	NW_005054350.1	2338819	2339430	24.100	0
TguLTRL4b	NW_005054350.1	2351727	2352731	25.600	0
TguLTR5d	NW_005054350.1	2370045	2370310	26.000	0
TguLTR5e	NW_005054350.1	2370331	2370553	32.400	0
TguLTR5b	NW_005054350.1	2383158	2383737	15.400	0
TguLTRL4d	NW_005054350.1	2408320	2408413	21.600	0
TguLTR5d	NW_005054350.1	2439753	2440316	17.400	0
TguLTRL4c	NW_005054350.1	2462923	2464040	23.100	0
TguLTR11	NW_005054350.1	2482150	2482456	16.900	0
TguLTR6a	NW_005054350.1	2504368	2504805	22.300	0
TguLTRL4c	NW_005054350.1	2506053	2507130	29.200	0
TguLTR5d	NW_005054350.1	2521461	2522044	20.600	0
TguLTR5b	NW_005054350.1	2523362	2523921	12.700	0
TguLTRL4d	NW_005054350.1	2534839	2536018	26.800	0
TguLTR5c	NW_005054350.1	2572138	2572700	20.700	0
TguLTRL6b	NW_005054350.1	2620929	2621276	22.700	0
TguLTR5e	NW_005054350.1	2633710	2633984	29.900	0
TguLTR5e	NW_005054350.1	2634007	2634136	23.900	0
TguLTRL6b	NW_005054350.1	2636659	2636829	24.400	0
TguLTR5e	NW_005054350.1	2655626	2656193	24.900	0
TguLTR5e	NW_005054350.1	2667709	2668265	27.100	0
TguLTR5c	NW_005054350.1	2671634	2671881	28.100	0
TguLTRL4c	NW_005054350.1	2671897	2672631	17.900	0
TguLTRL4b	NW_005054350.1	2736765	2737614	21.200	0
TguLTRL4d	NW_005054350.1	2747419	2747742	25.700	0
TguLTRL4d	NW_005054350.1	2747758	2748144	23.500	0
TguLTRL6b	NW_005054350.1	2754034	2754462	26.300	0
TguLTRL4b	NW_005054350.1	2795679	2796414	22.300	0
TguLTRL4b	NW_005054350.1	2796476	2796925	19.600	0
TguLTRL4d	NW_005054350.1	2821472	2821967	31.700	0
TguLTRL4d	NW_005054350.1	2821995	2822237	31.200	0
TguLTR5b	NW_005054350.1	2836552	2837131	15.500	0
TguLTR6a	NW_005054350.1	2851657	2852090	22.100	0
TguLTRL4b	NW_005054350.1	2861069	2862131	18.200	0
TguLTR11	NW_005054350.1	2952469	2952532	14.300	0
TguLTR5d	NW_005054350.1	2963190	2963763	18.400	0
TguLTR5a	NW_005054350.1	2971648	2972201	23.500	0
TguLTR5b	NW_005054350.1	2986732	2987294	17.000	0
TguLTRL4c	NW_005054350.1	3025269	3025452	26.400	0
TguLTR5d	NW_005054350.1	3063783	3064363	23.300	0
TguLTR5d	NW_005054350.1	3094369	3094554	21.100	0
TguLTR5d	NW_005054350.1	3094562	3094811	21.400	0
TguLTR5e	NW_005054350.1	3095838	3096381	27.500	0
TguLTRL4c	NW_005054350.1	3104028	3104339	17.800	0
TguLTRL4d	NW_005054350.1	3114322	3114724	24.100	0
TguLTRL4c	NW_005054350.1	3129735	3130844	18.500	0
TguLTR5d	NW_005054350.1	3170277	3170831	19.700	0
TguLTR5e	NW_005054350.1	3306015	3306200	22.000	0
TguLTRL4c	NW_005054350.1	3406634	3407551	22.200	0
TguLTR5b	NW_005054350.1	3422335	3422898	15.100	0
TguLTRL4c	NW_005054350.1	3482744	3482829	12.900	0
TguLTR5e	NW_005054350.1	3499008	3499107	19.400	0
TguLTR5a	NW_005054350.1	3504776	3505339	17.700	0
TguLTR5e	NW_005054350.1	3601903	3602453	26.000	0
TguLTRL4d	NW_005054350.1	3814262	3815188	28.200	0
TguLTRL4c	NW_005054350.1	3888420	3888509	16.900	0
TguLTRL4c	NW_005054350.1	3888511	3888760	18.100	0
TguLTRL4c	NW_005054350.1	4123618	4123850	18.100	0
TguLTR5e	NW_005054350.1	4135955	4136238	25.900	0
TguLTRL4d	NW_005054350.1	4148585	4148870	22.800	0
TguLTR5e	NW_005054350.1	4152144	4152656	23.600	0
TguLTR5b	NW_005054350.1	4154301	4154341	10.000	0
TguLTR5d	NW_005054350.1	4248597	4248727	17.700	0
TguLTR5d	NW_005054350.1	4258332	4258897	17.500	0
TguLTRL4b	NW_005054350.1	4287516	4288620	18.300	0
TguLTR5a	NW_005054350.1	4305084	4305696	19.400	0
TguLTR5a	NW_005054350.1	4350874	4351331	22.100	0
TguLTR5d	NW_005054350.1	4361937	4362325	20.100	0
TguLTR5a	NW_005054350.1	4378909	4379505	16.100	0
TguLTR5a	NW_005054350.1	4609846	4610323	14.300	0
TguLTR5a	NW_005054350.1	4631424	4632052	16.900	0
TguLTR6a	NW_005054350.1	4650689	4650829	23.000	0
TguLTRL4c	NW_005054350.1	4691685	4691889	19.300	0
TguLTRL4c	NW_005054350.1	4691897	4692139	23.200	0
TguLTRL4c	NW_005054350.1	4789921	4790779	21.500	0
TguLTRL4c	NW_005054350.1	4856992	4858050	17.800	0
TguLTRL4b	NW_005054350.1	4948197	4948801	26.200	0
TguLTR5b	NW_005054350.1	4971187	4971772	15.200	0
TguLTR5d	NW_005054350.1	4996927	4997124	29.200	0
TguLTR5d	NW_005054350.1	5013944	5014024	12.500	0
TguLTR5d	NW_005054350.1	5014055	5014458	17.900	0
TguLTR5e	NW_005054350.1	5139835	5140395	24.300	0
TguLTR5d	NW_005054351.1	67962	68446	20.400	0
TguLTR6a	NW_005054351.1	187672	188073	27.800	0
TguLTRL4b	NW_005054351.1	241656	242347	18.100	0
TguLTRL4b	NW_005054351.1	242347	242468	17.400	0
TguLTR5a	NW_005054351.1	413619	414156	25.500	0
TguLTRL4c	NW_005054351.1	487106	487444	16.700	0
TguLTRL4c	NW_005054351.1	487599	487688	22.500	0
TguLTR5d	NW_005054351.1	553081	553558	17.800	0
TguLTRL4c	NW_005054351.1	585569	585668	19.200	0
TguLTR5b	NW_005054351.1	602683	603231	20.100	0
TguLTRL4d	NW_005054351.1	631879	631994	19.600	0
TguLTRL4c	NW_005054351.1	697484	697893	18.100	0
TguLTR5d	NW_005054351.1	878458	878661	19.300	0
TguLTRL4c	NW_005054351.1	879031	879974	20.700	0
TguLTRL4c	NW_005054351.1	992535	992963	21.400	0
TguLTR5e	NW_005054351.1	1688482	1689049	28.600	0
TguLTR5a	NW_005054351.1	1711159	1711738	21.400	0
TguLTR5d	NW_005054351.1	1905887	1906116	18.300	0
TguLTRL4b	NW_005054351.1	1925904	1926159	32.900	0
TguLTRL4b	NW_005054351.1	1926328	1926651	32.700	0
TguLTR11	NW_005054351.1	2001229	2001590	17.700	0
TguLTR11	NW_005054351.1	2076549	2076937	20.100	0
TguLTR11	NW_005054351.1	2077706	2077746	7.500	0
TguLTR5c	NW_005054351.1	2110203	2110377	14.900	0
TguLTR5c	NW_005054351.1	2110380	2110642	20.000	0
TguLTR11	NW_005054351.1	2119357	2120325	15.600	0
TguLTR5a	NW_005054351.1	2124676	2124852	19.900	0
TguLTR5a	NW_005054351.1	2135433	2135490	15.800	0
TguLTR5a	NW_005054351.1	2154689	2155255	18.800	0
TguLTR5d	NW_005054351.1	2410165	2410767	21.500	0
TguLTRL4b	NW_005054351.1	2412769	2413857	17.600	0
TguLTRL4b	NW_005054351.1	2435992	2437049	20.800	0
TguLTR5b	NW_005054351.1	2457898	2458468	15.000	0
TguLTR5a	NW_005054351.1	2473285	2473894	19.900	0
TguLTR5a	NW_005054351.1	2770995	2771543	19.000	0
TguLTRL4c	NW_005054351.1	2934432	2935551	21.200	0
TguLTR5a	NW_005054351.1	2989707	2989781	16.200	0
TguLTR6a	NW_005054351.1	3051802	3052196	16.500	0
TguLTRL4d	NW_005054351.1	3191369	3192120	23.600	0
TguLTR5b	NW_005054351.1	3785451	3786035	15.900	0
TguLTR5b	NW_005054351.1	3951811	3952283	12.400	0
TguLTR5d	NW_005054351.1	4114405	4114944	19.900	0
TguLTR5d	NW_005054351.1	4178863	4179435	20.000	0
TguLTRL4d	NW_005054351.1	4193112	4193364	28.200	0
TguLTRL4c	NW_005054351.1	4284075	4285181	20.200	0
TguLTRL4c	NW_005054351.1	4307592	4308447	20.900	0
TguLTR5a	NW_005054351.1	4407482	4408067	19.300	0
TguLTR5e	NW_005054351.1	4483935	4484092	21.000	0
TguLTR5e	NW_005054351.1	4484236	4484539	26.300	0
TguLTR5e	NW_005054351.1	4725838	4726421	23.100	0
TguLTR6a	NW_005054351.1	4764622	4764666	9.100	0
TguLTR5a	NW_005054351.1	4802533	4802922	16.900	0
TguLTR5a	NW_005054351.1	4802982	4803169	18.100	0
TguLTR5d	NW_005054351.1	4920485	4921041	15.100	0
TguLTRL4b	NW_005054352.1	70984	71845	19.500	0
TguLTRL4b	NW_005054352.1	85123	85589	26.600	0
TguLTRL4b	NW_005054352.1	86312	86573	30.100	0
TguLTRL4b	NW_005054352.1	86894	87032	25.700	0
TguLTRL4c	NW_005054352.1	130083	130173	16.500	0
TguLTRL4b	NW_005054352.1	377191	377982	28.200	0
TguLTRL4b	NW_005054352.1	378360	378515	22.100	0
TguLTR11	NW_005054352.1	557383	557488	14.800	0
TguLTR11	NW_005054352.1	640638	640745	22.000	0
TguLTR11	NW_005054352.1	640871	640991	22.000	0
TguLTRL4b	NW_005054352.1	664717	665182	19.400	0
TguLTR5b	NW_005054352.1	751803	752390	16.700	0
TguLTRL4b	NW_005054352.1	777997	778842	25.700	0
TguLTRL4b	NW_005054352.1	779243	779430	22.700	0
TguLTR11	NW_005054352.1	863464	863733	18.900	0
TguLTR11	NW_005054352.1	894461	894692	14.800	0
TguLTR5a	NW_005054352.1	985731	986115	21.800	0
TguLTR6a	NW_005054352.1	1019707	1020125	19.400	0
TguLTR5e	NW_005054352.1	1025238	1025363	25.000	0
TguLTR6a	NW_005054352.1	1040099	1040316	22.400	0
TguLTRL4b	NW_005054352.1	1058549	1059621	18.600	0
TguLTR5e	NW_005054352.1	1093476	1093895	29.600	0
TguLTR5a	NW_005054352.1	1140942	1141060	23.700	0
TguLTRL6b	NW_005054352.1	1145194	1145579	19.800	0
TguLTR5a	NW_005054352.1	1153436	1154009	23.600	0
TguLTR5c	NW_005054352.1	1160946	1161348	21.100	0
TguLTR5a	NW_005054352.1	1163183	1163569	24.600	0
TguLTR5a	NW_005054352.1	1163591	1163771	25.900	0
TguLTR11	NW_005054352.1	1166742	1167013	18.700	0
TguLTR11	NW_005054352.1	1167188	1167345	26.400	0
TguLTR11	NW_005054352.1	1169652	1169736	13.800	0
TguLTRL4c	NW_005054352.1	1180666	1181581	33.400	0
TguLTRL4c	NW_005054352.1	1181835	1182039	24.500	0
TguLTRL4b	NW_005054352.1	1207359	1207402	16.300	0
TguLTRL4b	NW_005054352.1	1207420	1208247	20.500	0
TguLTR5b	NW_005054352.1	1247134	1247712	18.100	0
TguLTR5d	NW_005054352.1	1276811	1277382	24.900	0
TguLTRL4c	NW_005054352.1	1296377	1296541	20.200	0
TguLTRL4c	NW_005054352.1	1296543	1296761	22.200	0
TguLTRL4c	NW_005054352.1	1297502	1297924	28.200	0
TguLTR6a	NW_005054352.1	1314669	1314945	21.300	0
TguLTRL4c	NW_005054352.1	1358216	1358419	26.100	0
TguLTRL4c	NW_005054352.1	1358420	1359073	24.800	0
TguLTRL6b	NW_005054352.1	1451567	1451734	22.500	0
TguLTRL6b	NW_005054352.1	1451768	1452043	25.700	0
TguLTRL4b	NW_005054352.1	1454730	1454934	22.300	0
TguLTRL4b	NW_005054352.1	1455136	1455311	27.600	0
TguLTRL4b	NW_005054352.1	1455383	1455663	29.600	0
TguLTRL4b	NW_005054352.1	1461215	1461920	27.500	0
TguLTR11	NW_005054352.1	1492505	1492736	18.700	0
TguLTRL6b	NW_005054352.1	1498044	1498171	19.200	0
TguLTR11	NW_005054352.1	1526643	1527620	19.700	0
TguLTRL4b	NW_005054352.1	1545317	1546307	21.800	0
TguLTRL4b	NW_005054352.1	1608720	1609429	20.700	0
TguLTRL6b	NW_005054352.1	1614047	1614172	23.900	0
TguLTR6a	NW_005054352.1	1634229	1634627	22.400	0
TguLTRL6b	NW_005054352.1	1655484	1655908	17.000	0
TguLTR5b	NW_005054352.1	1719241	1719535	16.000	0
TguLTR6a	NW_005054352.1	1732271	1732697	22.200	0
TguLTR6a	NW_005054352.1	1741513	1741929	25.100	0
TguLTR6a	NW_005054352.1	1746870	1747097	28.600	0
TguLTR5b	NW_005054352.1	1754760	1755342	20.000	0
TguLTRL4c	NW_005054352.1	1755711	1755953	20.000	0
TguLTR5b	NW_005054352.1	1842757	1843333	18.100	0
TguLTR6a	NW_005054352.1	1863794	1864182	20.300	0
TguLTRL4b	NW_005054352.1	1869533	1869692	34.200	0
TguLTR5c	NW_005054352.1	1978427	1978807	22.400	0
TguLTR5c	NW_005054352.1	1978819	1978874	12.700	0
TguLTRL6b	NW_005054352.1	1992446	1992805	17.200	0
TguLTR5b	NW_005054352.1	2007319	2007702	17.000	0
TguLTRL4b	NW_005054352.1	2011859	2012631	27.900	0
TguLTRL4b	NW_005054352.1	2013347	2013404	17.500	0
TguLTR6a	NW_005054352.1	2040088	2040470	23.300	0
TguLTRL6b	NW_005054352.1	2167146	2167538	22.800	0
TguLTR11	NW_005054352.1	2168253	2168383	18.700	0
TguLTR6a	NW_005054352.1	2361062	2361554	23.900	0
TguLTR5a	NW_005054352.1	2449453	2450021	22.600	0
TguLTRL6b	NW_005054352.1	2472266	2472421	15.800	0
TguLTR6a	NW_005054352.1	2476219	2476624	24.600	0
TguLTR5d	NW_005054352.1	2480588	2480835	26.100	0
TguLTR5d	NW_005054352.1	2492177	2492701	23.100	0
TguLTR11	NW_005054352.1	2499845	2500006	19.800	0
TguLTRL4c	NW_005054352.1	2500840	2500993	23.200	0
TguLTR5a	NW_005054352.1	2505433	2505966	22.400	0
TguLTR5a	NW_005054352.1	2513631	2513832	16.400	0
TguLTR6a	NW_005054352.1	2548899	2549116	24.600	0
TguLTR11	NW_005054352.1	2557847	2558114	19.100	0
TguLTR11	NW_005054352.1	2558181	2558426	17.800	0
TguLTRL6b	NW_005054352.1	2611294	2611732	19.000	0
TguLTR6a	NW_005054352.1	2624228	2624663	19.300	0
TguLTR5e	NW_005054352.1	2627713	2627785	19.400	0
TguLTR5b	NW_005054352.1	2706989	2707507	16.800	0
TguLTRL4b	NW_005054352.1	2716735	2717527	27.600	0
TguLTRL4b	NW_005054352.1	2717825	2718015	25.900	0
TguLTR6a	NW_005054352.1	2727776	2728178	23.200	0
TguLTRL4b	NW_005054352.1	2730228	2731348	18.800	0
TguLTR6a	NW_005054352.1	2733044	2733167	19.000	0
TguLTRL4b	NW_005054352.1	2734704	2735705	18.100	0
TguLTR6a	NW_005054352.1	2736847	2736947	24.300	0
TguLTRL6b	NW_005054352.1	2737018	2737178	21.700	0
TguLTRL6b	NW_005054352.1	2772155	2772311	19.500	0
TguLTR5e	NW_005054352.1	2778958	2779320	24.700	0
TguLTRL6b	NW_005054352.1	2815812	2816268	22.600	0
TguLTRL4b	NW_005054352.1	2833880	2834969	21.100	0
TguLTR5a	NW_005054352.1	2858512	2859003	22.500	0
TguLTRL4c	NW_005054352.1	2872284	2872447	19.800	0
TguLTRL6b	NW_005054352.1	2904744	2904848	19.600	0
TguLTR5d	NW_005054352.1	2978272	2978558	21.700	0
TguLTR6a	NW_005054352.1	3004221	3004357	18.600	0
TguLTR11	NW_005054352.1	3038932	3039184	24.600	0
TguLTR6a	NW_005054352.1	3040719	3040856	27.000	0
TguLTR6a	NW_005054352.1	3055255	3055341	20.900	0
TguLTR5c	NW_005054352.1	3090089	3090686	20.900	0
TguLTRL4c	NW_005054352.1	3104501	3104748	24.900	0
TguLTR6a	NW_005054352.1	3113383	3113833	20.000	0
TguLTRL4c	NW_005054352.1	3117682	3118393	23.600	0
TguLTR6a	NW_005054352.1	3171036	3171507	21.200	0
TguLTR6a	NW_005054352.1	3175433	3175594	21.200	0
TguLTR6a	NW_005054352.1	3179902	3180348	27.900	0
TguLTR5e	NW_005054352.1	3276622	3277092	28.800	0
TguLTR6a	NW_005054352.1	3282738	3283146	28.600	0
TguLTR5d	NW_005054352.1	3292929	3293487	20.100	0
TguLTR5e	NW_005054352.1	3376662	3376766	25.000	0
TguLTR5e	NW_005054352.1	3376801	3377149	25.600	0
TguLTR6a	NW_005054352.1	3382765	3383201	18.800	0
TguLTRL6b	NW_005054352.1	3400984	3401294	25.300	0
TguLTR11	NW_005054352.1	3407216	3407532	19.100	0
TguLTR11	NW_005054352.1	3411857	3412084	22.500	0
TguLTR6a	NW_005054352.1	3429016	3429253	19.800	0
TguLTRL6b	NW_005054352.1	3429969	3430080	25.700	0
TguLTR5a	NW_005054352.1	3432207	3432799	24.000	0
TguLTRL4c	NW_005054352.1	3480022	3480424	20.400	0
TguLTR6a	NW_005054352.1	3535506	3535921	23.400	0
TguLTR6a	NW_005054352.1	3538215	3538492	18.700	0
TguLTRL6b	NW_005054352.1	3538580	3538761	27.100	0
TguLTRL6b	NW_005054352.1	3541073	3541202	22.400	0
TguLTR6a	NW_005054352.1	3541297	3541613	24.600	0
TguLTR11	NW_005054352.1	3549555	3549782	19.800	0
TguLTR11	NW_005054352.1	3549870	3550079	20.800	0
TguLTR6a	NW_005054352.1	3586564	3586962	24.500	0
TguLTR6a	NW_005054352.1	3589923	3590338	23.400	0
TguLTR6a	NW_005054352.1	3594984	3595412	23.800	0
TguLTR11	NW_005054352.1	3617887	3618066	17.300	0
TguLTR11	NW_005054352.1	3676326	3676439	21.600	0
TguLTR11	NW_005054352.1	3676510	3676753	23.900	0
TguLTRL6b	NW_005054352.1	3678648	3678965	24.200	0
TguLTRL6b	NW_005054352.1	3679953	3680417	20.600	0
TguLTRL6b	NW_005054352.1	3692006	3692456	22.100	0
TguLTR5e	NW_005054352.1	3792709	3792832	24.800	0
TguLTR5e	NW_005054352.1	3792943	3793181	25.900	0
TguLTR5e	NW_005054352.1	3794327	3794417	22.400	0
TguLTRL6b	NW_005054352.1	3797875	3798154	21.900	0
TguLTR11	NW_005054352.1	3806207	3806376	17.900	0
TguLTRL4c	NW_005054352.1	3832398	3833274	24.900	0
TguLTRL6b	NW_005054352.1	3838507	3838858	24.200	0
TguLTR11	NW_005054352.1	3839091	3839258	23.100	0
TguLTR11	NW_005054352.1	3839334	3839564	29.200	0
TguLTR11	NW_005054352.1	3842680	3842845	22.400	0
TguLTR11	NW_005054352.1	3843406	3843630	21.000	0
TguLTR5c	NW_005054352.1	3867307	3867585	23.200	0
TguLTR5c	NW_005054352.1	3867651	3867730	17.700	0
TguLTRL4c	NW_005054352.1	3880423	3881480	23.400	0
TguLTR11	NW_005054352.1	3890255	3890417	17.400	0
TguLTR11	NW_005054352.1	3890914	3891143	19.400	0
TguLTRL4d	NW_005054352.1	3900146	3900479	29.700	0
TguLTR6a	NW_005054352.1	3907444	3907858	27.600	0
TguLTR5b	NW_005054352.1	3912357	3912944	15.200	0
TguLTR5e	NW_005054352.1	3938128	3938326	28.400	0
TguLTRL6b	NW_005054352.1	3963357	3963522	26.100	0
TguLTR6a	NW_005054352.1	3973033	3973183	18.700	0
TguLTR6a	NW_005054352.1	3974025	3974389	25.500	0
TguLTR6a	NW_005054352.1	3985546	3985944	25.600	0
TguLTR5d	NW_005054352.1	4111007	4111440	23.700	0
TguLTR5e	NW_005054352.1	4136481	4136941	24.400	0
TguLTRL4d	NW_005054352.1	4140492	4140644	28.700	0
TguLTR6a	NW_005054352.1	4189189	4189259	18.800	0
TguLTR5d	NW_005054352.1	4189259	4189618	29.000	0
TguLTRL4b	NW_005054352.1	4219018	4219245	16.400	0
TguLTR5a	NW_005054352.1	4226385	4226662	23.100	0
TguLTR5a	NW_005054352.1	4226825	4227041	20.700	0
TguLTR11	NW_005054352.1	4300622	4300892	17.600	0
TguLTR11	NW_005054352.1	4300914	4301233	22.200	0
TguLTR11	NW_005054352.1	4325864	4326009	25.200	0
TguLTR11	NW_005054352.1	4326025	4326174	24.100	0
TguLTR11	NW_005054352.1	4326242	4326438	21.900	0
TguLTR5c	NW_005054352.1	4372983	4373562	22.200	0
TguLTRL4c	NW_005054352.1	4373922	4373961	10.300	0
TguLTRL4b	NW_005054352.1	4399011	4399897	19.100	0
TguLTR5b	NW_005054352.1	4400992	4401179	16.600	0
TguLTR11	NW_005054352.1	4404699	4404977	27.700	0
TguLTR11	NW_005054352.1	4408248	4408668	14.600	0
TguLTRL4b	NW_005054352.1	4428945	4429957	19.200	0
TguLTR5a	NW_005054352.1	4431268	4431871	23.700	0
TguLTRL6b	NW_005054352.1	4514122	4514526	15.800	0
TguLTR5d	NW_005054352.1	4526608	4527091	21.600	0
TguLTR5a	NW_005054352.1	4527137	4527210	8.600	0
TguLTR5b	NW_005054352.1	4528038	4528094	17.900	0
TguLTR5b	NW_005054352.1	4529783	4530350	16.000	0
TguLTRL4c	NW_005054352.1	4532286	4532415	25.200	0
TguLTR6a	NW_005054352.1	4547488	4547871	20.900	0
TguLTRL4b	NW_005054352.1	4562957	4563850	19.000	0
TguLTR5c	NW_005054352.1	4581748	4581803	20.000	0
TguLTRL4c	NW_005054352.1	4581811	4582071	17.700	0
TguLTRL6b	NW_005054352.1	4628226	4628387	24.000	0
TguLTR11	NW_005054352.1	4654856	4654950	17.000	0
TguLTR5a	NW_005054352.1	4741028	4741615	23.800	0
TguLTRL4b	NW_005054352.1	4742771	4743400	20.000	0
TguLTRL4b	NW_005054352.1	4743656	4744335	20.500	0
TguLTRL4c	NW_005054352.1	4748869	4749828	20.900	0
TguLTR6a	NW_005054352.1	4793093	4793356	23.100	0
TguLTR5d	NW_005054352.1	4808879	4809438	18.800	0
TguLTRL4b	NW_005054352.1	4849589	4849783	26.400	0
TguLTRL4b	NW_005054352.1	4850213	4851096	30.600	0
TguLTRL4c	NW_005054352.1	4878835	4879915	18.700	0
TguLTR11	NW_005054352.1	4892331	4892773	13.600	0
TguLTR5a	NW_005054352.1	4905491	4906092	18.700	0
TguLTRL4c	NW_005054352.1	4913621	4914518	21.500	0
TguLTRL6b	NW_005054352.1	5083788	5084008	17.400	0
TguLTRL6b	NW_005054352.1	5084092	5084264	17.400	0
TguLTR5b	NW_005054353.1	60200	60390	16.300	0
TguLTR5b	NW_005054353.1	259457	259977	17.900	0
TguLTR5c	NW_005054353.1	294338	294493	15.600	0
TguLTR11	NW_005054353.1	300668	300851	13.300	0
TguLTR11	NW_005054353.1	301206	301415	17.500	0
TguLTR5d	NW_005054353.1	553816	554402	21.000	0
TguLTRL4b	NW_005054353.1	643091	643854	20.400	0
TguLTRL4c	NW_005054353.1	863558	863847	21.100	0
TguLTRL4d	NW_005054353.1	922334	923160	28.100	0
TguLTR5b	NW_005054353.1	1052521	1052592	18.900	0
TguLTR5b	NW_005054353.1	1054924	1055506	14.300	0
TguLTR5d	NW_005054353.1	1075793	1076001	24.800	0
TguLTR5d	NW_005054353.1	1076029	1076248	23.300	0
TguLTRL4c	NW_005054353.1	1082202	1082367	19.500	0
TguLTRL4d	NW_005054353.1	1302575	1302894	21.000	0
TguLTRL4c	NW_005054353.1	1783556	1784672	18.900	0
TguLTR5d	NW_005054353.1	1825004	1825088	15.500	0
TguLTR5d	NW_005054353.1	1825162	1825303	19.400	0
TguLTR5d	NW_005054353.1	1925877	1926465	16.100	0
TguLTRL4c	NW_005054353.1	2001473	2002374	19.500	0
TguLTR5d	NW_005054353.1	2069464	2069824	19.600	0
TguLTRL6b	NW_005054353.1	2133888	2134374	21.500	0
TguLTR5b	NW_005054353.1	2136045	2136661	12.900	0
TguLTR5a	NW_005054353.1	2140311	2140375	12.500	0
TguLTR5a	NW_005054353.1	2300498	2300760	11.800	0
TguLTR5d	NW_005054353.1	2300815	2301380	19.700	0
TguLTR5a	NW_005054353.1	2302512	2303083	19.500	0
TguLTR5b	NW_005054353.1	2344904	2345478	15.100	0
TguLTRL4b	NW_005054353.1	2349375	2349829	15.400	0
TguLTR5b	NW_005054353.1	2350964	2351511	14.000	0
TguLTRL4b	NW_005054353.1	2355408	2356588	19.700	0
TguLTRL4d	NW_005054353.1	2396879	2397462	26.100	0
TguLTRL4c	NW_005054353.1	2419590	2419833	19.600	0
TguLTRL4b	NW_005054353.1	2420644	2421489	15.600	0
TguLTRL4b	NW_005054353.1	2515529	2516562	17.200	0
TguLTR5e	NW_005054353.1	2518830	2519160	23.000	0
TguLTRL4c	NW_005054353.1	2573254	2574299	24.500	0
TguLTR5e	NW_005054353.1	2591812	2592353	25.800	0
TguLTR5b	NW_005054353.1	2619665	2620255	12.700	0
TguLTR5e	NW_005054353.1	2767593	2767757	19.600	0
TguLTRL4d	NW_005054353.1	2800091	2800411	26.700	0
TguLTRL4c	NW_005054353.1	2842067	2842654	22.100	0
TguLTRL6b	NW_005054353.1	3050165	3050332	23.600	0
TguLTR5d	NW_005054353.1	3059237	3059716	18.900	0
TguLTR5d	NW_005054353.1	3093593	3094160	21.200	0
TguLTRL4b	NW_005054353.1	3138716	3138819	22.300	0
TguLTRL4b	NW_005054353.1	3138820	3139582	16.600	0
TguLTRL4c	NW_005054353.1	3164370	3164565	22.600	0
TguLTRL4c	NW_005054353.1	3164579	3164875	21.100	0
TguLTR11	NW_005054353.1	3168994	3169150	20.600	0
TguLTR11	NW_005054353.1	3169546	3169799	15.500	0
TguLTRL4d	NW_005054353.1	3291497	3291636	22.500	0
TguLTR5b	NW_005054353.1	3307525	3308111	15.700	0
TguLTRL6b	NW_005054353.1	3488731	3489168	24.200	0
TguLTR5d	NW_005054353.1	3751036	3751132	15.600	0
TguLTR5d	NW_005054353.1	3769017	3769588	21.000	0
TguLTR5d	NW_005054353.1	3801370	3801896	17.500	0
TguLTRL4c	NW_005054353.1	3808868	3809801	21.600	0
TguLTRL4b	NW_005054353.1	3859064	3860068	16.300	0
TguLTRL4c	NW_005054353.1	3888094	3888848	26.600	0
TguLTR5e	NW_005054353.1	3900293	3900451	18.400	0
TguLTRL4d	NW_005054353.1	3946185	3946552	19.500	0
TguLTRL4d	NW_005054353.1	3962749	3962918	26.900	0
TguLTRL4d	NW_005054353.1	3962945	3963546	30.600	0
TguLTR5a	NW_005054353.1	4037627	4038038	15.700	0
TguLTR5a	NW_005054353.1	4038072	4038219	17.900	0
TguLTR5b	NW_005054353.1	4154167	4154730	18.400	0
TguLTR5c	NW_005054353.1	4187213	4187692	21.500	0
TguLTRL6b	NW_005054353.1	4233696	4233840	23.100	0
TguLTRL6b	NW_005054353.1	4234421	4234621	22.900	0
TguLTRL4d	NW_005054353.1	4369478	4370177	21.900	0
TguLTRL6b	NW_005054353.1	4418433	4418841	21.100	0
TguLTR11	NW_005054353.1	4579523	4579828	26.800	0
TguLTR5a	NW_005054353.1	4600170	4600696	21.700	0
TguLTRL4d	NW_005054353.1	4663670	4663801	20.000	0
TguLTRL4b	NW_005054353.1	4805977	4806123	15.500	0
TguLTRL4b	NW_005054353.1	4806177	4806419	20.200	0
TguLTRL4c	NW_005054353.1	4890442	4891126	20.900	0
TguLTRL6b	NW_005054353.1	4969518	4969965	22.400	0
TguLTRL4c	NW_005054353.1	4970008	4970716	17.300	0
TguLTRL4d	NW_005054353.1	4987863	4988002	22.800	0
TguLTR5a	NW_005054353.1	5011764	5012322	23.200	0
TguLTR5a	NW_005054353.1	5041253	5041512	20.100	0
TguLTRL4d	NW_005054353.1	5043106	5043261	30.300	0
TguLTRL4d	NW_005054353.1	5043262	5043422	26.600	0
TguLTRL4d	NW_005054353.1	5043433	5043662	22.600	0
TguLTRL4c	NW_005054353.1	5045828	5046936	19.900	0
TguLTR5d	NW_005054353.1	5060884	5061124	25.300	0
TguLTR5d	NW_005054354.1	6696	7082	14.800	0
TguLTR11	NW_005054354.1	67705	67984	14.500	0
TguLTR11	NW_005054354.1	68020	68248	17.400	0
TguLTRL4b	NW_005054354.1	265794	266201	14.300	0
TguLTRL4d	NW_005054354.1	308895	309688	25.400	0
TguLTR5a	NW_005054354.1	337587	338110	24.200	0
TguLTRL6b	NW_005054354.1	345937	346104	19.000	0
TguLTR5d	NW_005054354.1	650982	651533	16.700	0
TguLTR5b	NW_005054354.1	814595	814654	11.900	0
TguLTR5d	NW_005054354.1	825762	826323	15.900	0
TguLTR5d	NW_005054354.1	1001056	1001648	15.000	0
TguLTR5d	NW_005054354.1	1008537	1008936	20.000	0
TguLTR5d	NW_005054354.1	1008999	1009158	20.000	0
TguLTR5d	NW_005054354.1	1064660	1065191	17.200	0
TguLTR6a	NW_005054354.1	1186978	1187410	18.300	0
TguLTR5d	NW_005054354.1	1324574	1325115	19.200	0
TguLTR5b	NW_005054354.1	1325683	1325748	15.400	0
TguLTRL4c	NW_005054354.1	1396743	1397025	20.300	0
TguLTRL6b	NW_005054354.1	1504517	1504895	21.400	0
TguLTR5d	NW_005054354.1	1622429	1622499	15.700	0
TguLTR5e	NW_005054354.1	1733308	1733875	28.100	0
TguLTRL4c	NW_005054354.1	1959541	1959636	24.200	0
TguLTR6a	NW_005054354.1	1970746	1970975	15.500	0
TguLTR5e	NW_005054354.1	2045314	2045734	27.000	0
TguLTRL4c	NW_005054354.1	2116445	2116978	18.500	0
TguLTR5a	NW_005054354.1	2155817	2156381	18.300	0
TguLTR5e	NW_005054354.1	2163169	2163634	25.600	0
TguLTR5d	NW_005054354.1	2209582	2210163	17.100	0
TguLTR5a	NW_005054354.1	2249957	2250539	17.300	0
TguLTRL4d	NW_005054354.1	2489734	2489925	31.000	0
TguLTR5d	NW_005054354.1	2858556	2858775	22.200	0
TguLTR5c	NW_005054354.1	2901252	2901799	20.400	0
TguLTRL4c	NW_005054354.1	2905901	2906354	15.800	0
TguLTR11	NW_005054354.1	3037290	3037661	16.800	0
TguLTR5a	NW_005054354.1	3201432	3201933	17.400	0
TguLTR5b	NW_005054354.1	3280383	3280774	11.500	0
TguLTR5d	NW_005054354.1	3496490	3496773	16.800	0
TguLTR5b	NW_005054354.1	3517595	3518114	23.300	0
TguLTRL4c	NW_005054354.1	3600881	3601313	19.100	0
TguLTR5d	NW_005054354.1	3601649	3602243	20.900	0
TguLTRL4b	NW_005054354.1	3793260	3793311	9.800	0
TguLTRL4b	NW_005054354.1	3793672	3794114	19.900	0
TguLTR5e	NW_005054354.1	3835022	3835147	29.800	0
TguLTR5e	NW_005054354.1	3835232	3835376	25.300	0
TguLTRL4c	NW_005054354.1	3871092	3871685	19.500	0
TguLTR5e	NW_005054354.1	3895045	3895549	24.800	0
TguLTRL4c	NW_005054354.1	4193024	4193364	18.600	0
TguLTR11	NW_005054354.1	4323856	4324026	20.700	0
TguLTR5a	NW_005054354.1	4365349	4365907	20.700	0
TguLTR5d	NW_005054354.1	4457295	4457816	18.500	0
TguLTRL4c	NW_005054354.1	4558217	4558425	21.600	0
TguLTRL4c	NW_005054354.1	4558728	4559366	17.500	0
TguLTR5b	NW_005054354.1	4674553	4675122	12.800	0
TguLTR5d	NW_005054354.1	4826841	4827353	19.600	0
TguLTR5d	NW_005054355.1	88025	88208	21.000	0
TguLTRL6b	NW_005054355.1	191182	191304	20.700	0
TguLTRL4b	NW_005054355.1	195146	196178	19.600	0
TguLTRL4d	NW_005054355.1	212063	212468	29.600	0
TguLTRL4b	NW_005054355.1	220031	220123	23.900	0
TguLTR5a	NW_005054355.1	245692	245784	22.400	0
TguLTR6a	NW_005054355.1	257815	258127	27.500	0
TguLTR6a	NW_005054355.1	258258	258320	19.400	0
TguLTRL4b	NW_005054355.1	259482	260475	21.700	0
TguLTRL4c	NW_005054355.1	279096	279347	20.700	0
TguLTR5a	NW_005054355.1	285624	285712	18.400	0
TguLTR5a	NW_005054355.1	285756	286116	20.500	0
TguLTR11	NW_005054355.1	331625	331862	23.800	0
TguLTR11	NW_005054355.1	332281	332505	24.700	0
TguLTR11	NW_005054355.1	338929	339179	25.700	0
TguLTR11	NW_005054355.1	339253	339359	25.500	0
TguLTR5d	NW_005054355.1	341887	342339	26.100	0
TguLTR5c	NW_005054355.1	350589	350778	26.200	0
TguLTR5c	NW_005054355.1	351322	351677	24.600	0
TguLTR6a	NW_005054355.1	355424	355836	21.200	0
TguLTRL6b	NW_005054355.1	378129	378310	23.000	0
TguLTR5d	NW_005054355.1	416648	416950	26.400	0
TguLTR5a	NW_005054355.1	417138	417508	23.200	0
TguLTR5d	NW_005054355.1	421984	422597	23.500	0
TguLTR11	NW_005054355.1	425136	425378	25.800	0
TguLTR5d	NW_005054355.1	426674	426936	25.900	0
TguLTRL4c	NW_005054355.1	455392	455970	27.600	0
TguLTR5b	NW_005054355.1	461398	461966	23.100	0
TguLTR5a	NW_005054355.1	478352	478845	21.400	0
TguLTR5b	NW_005054355.1	491319	491471	24.300	0
TguLTR5b	NW_005054355.1	496412	497004	17.100	0
TguLTRL4c	NW_005054355.1	524540	525470	26.800	0
TguLTRL4c	NW_005054355.1	548105	548740	24.200	0
TguLTR5e	NW_005054355.1	565700	566278	31.300	0
TguLTR5a	NW_005054355.1	576135	576689	18.000	0
TguLTR5b	NW_005054355.1	581657	582248	17.100	0
TguLTR5b	NW_005054355.1	642762	643337	14.600	0
TguLTRL4b	NW_005054355.1	658481	659550	17.600	0
TguLTR5c	NW_005054355.1	675419	675977	20.100	0
TguLTRL4d	NW_005054355.1	717454	717834	29.300	0
TguLTRL4d	NW_005054355.1	758474	758758	26.100	0
TguLTRL4d	NW_005054355.1	758777	759146	25.900	0
TguLTR5e	NW_005054355.1	773878	774385	28.200	0
TguLTR5b	NW_005054355.1	809158	809718	16.600	0
TguLTR11	NW_005054355.1	813486	813737	21.000	0
TguLTR11	NW_005054355.1	816666	816934	17.900	0
TguLTRL6b	NW_005054355.1	817045	817163	24.600	0
TguLTRL6b	NW_005054355.1	818471	818640	19.000	0
TguLTRL6b	NW_005054355.1	821097	821279	26.800	0
TguLTRL6b	NW_005054355.1	823907	824017	19.100	0
TguLTRL4b	NW_005054355.1	836388	836657	34.600	0
TguLTRL4c	NW_005054355.1	838932	840023	22.600	0
TguLTRL4d	NW_005054355.1	857677	857994	23.800	0
TguLTRL4c	NW_005054355.1	863244	863564	25.700	0
TguLTRL4d	NW_005054355.1	863814	864182	25.200	0
TguLTR5e	NW_005054355.1	874631	875172	29.200	0
TguLTR5a	NW_005054355.1	995366	995944	21.800	0
TguLTR5b	NW_005054355.1	1093386	1093967	14.500	0
TguLTRL4d	NW_005054355.1	1130532	1130829	26.500	0
TguLTRL4d	NW_005054355.1	1130855	1131185	22.100	0
TguLTR5b	NW_005054355.1	1148928	1149457	12.200	0
TguLTRL4b	NW_005054355.1	1186462	1187544	18.300	0
TguLTRL4c	NW_005054355.1	1435392	1436492	19.900	0
TguLTRL4c	NW_005054355.1	1514745	1514790	13.300	0
TguLTR11	NW_005054355.1	1521675	1522052	21.600	0
TguLTRL4c	NW_005054355.1	1522405	1523198	19.700	0
TguLTRL4c	NW_005054355.1	1531434	1531686	17.000	0
TguLTRL4c	NW_005054355.1	1532104	1532325	16.700	0
TguLTRL4b	NW_005054355.1	1570616	1571688	18.200	0
TguLTRL4b	NW_005054355.1	1578579	1579469	17.800	0
TguLTRL6b	NW_005054355.1	1606440	1606589	21.000	0
TguLTR5c	NW_005054355.1	1607105	1607274	17.600	0
TguLTR5c	NW_005054355.1	1607950	1608323	19.500	0
TguLTR5b	NW_005054355.1	1628178	1628766	24.000	0
TguLTR6a	NW_005054355.1	1666168	1666601	24.300	0
TguLTR5a	NW_005054355.1	1677288	1677702	25.600	0
TguLTR5e	NW_005054355.1	1691123	1691671	27.800	0
TguLTR5a	NW_005054355.1	1761914	1762351	19.600	0
TguLTR5a	NW_005054355.1	1915872	1916417	18.400	0
TguLTR5b	NW_005054355.1	1918203	1918787	20.600	0
TguLTR5e	NW_005054355.1	1924870	1925013	29.200	0
TguLTR5e	NW_005054355.1	1925031	1925402	31.600	0
TguLTRL4c	NW_005054355.1	1929050	1930016	25.800	0
TguLTRL4b	NW_005054355.1	1995880	1996936	18.300	0
TguLTRL6b	NW_005054355.1	2037136	2037546	18.800	0
TguLTR5b	NW_005054355.1	2269591	2270142	12.900	0
TguLTR5e	NW_005054355.1	2275095	2275345	31.300	0
TguLTR5c	NW_005054355.1	2306384	2306899	24.000	0
TguLTRL4c	NW_005054355.1	2320471	2321487	26.900	0
TguLTR11	NW_005054355.1	2369948	2370348	20.100	0
TguLTRL4c	NW_005054355.1	2434274	2435247	20.100	0
TguLTRL4b	NW_005054355.1	2471850	2472328	16.300	0
TguLTR5b	NW_005054355.1	2483188	2483767	15.100	0
TguLTR5c	NW_005054355.1	2491372	2491468	12.500	0
TguLTR11	NW_005054355.1	2506160	2506332	21.100	0
TguLTRL4c	NW_005054355.1	2517600	2518696	19.200	0
TguLTR6a	NW_005054355.1	2543678	2543939	21.100	0
TguLTRL4b	NW_005054355.1	2606386	2607336	21.300	0
TguLTR5c	NW_005054355.1	2607395	2607748	18.300	0
TguLTRL4b	NW_005054355.1	2618570	2619647	18.300	0
TguLTRL6b	NW_005054355.1	2665160	2665353	18.100	0
TguLTRL4c	NW_005054355.1	2699219	2699315	12.600	0
TguLTRL4c	NW_005054355.1	2699419	2700220	21.400	0
TguLTR11	NW_005054355.1	2701266	2702003	16.200	0
TguLTR5c	NW_005054355.1	2709649	2710228	23.600	0
TguLTR6a	NW_005054355.1	2769178	2769636	23.500	0
TguLTRL4c	NW_005054355.1	2814371	2814584	19.100	0
TguLTRL4d	NW_005054355.1	2826168	2826346	29.800	0
TguLTR5a	NW_005054355.1	3030051	3030595	29.400	0
TguLTRL4d	NW_005054355.1	3073362	3073455	21.700	0
TguLTR5b	NW_005054355.1	3115669	3116252	14.300	0
TguLTR5d	NW_005054355.1	3116696	3116923	24.800	0
TguLTRL4b	NW_005054355.1	3220103	3221114	25.400	0
TguLTR5b	NW_005054355.1	3237028	3237458	15.600	0
TguLTR5e	NW_005054355.1	3253386	3253958	28.300	0
TguLTR5a	NW_005054355.1	3308476	3308606	18.600	0
TguLTR5e	NW_005054355.1	3323268	3323605	28.700	0
TguLTR5b	NW_005054355.1	3350348	3350864	14.900	0
TguLTRL4b	NW_005054355.1	3501885	3502011	24.300	0
TguLTR5a	NW_005054355.1	3602925	3603374	22.500	0
TguLTR11	NW_005054355.1	3607774	3608201	18.500	0
TguLTR5a	NW_005054355.1	3618342	3618886	19.500	0
TguLTR6a	NW_005054355.1	3669117	3669533	19.000	0
TguLTR6a	NW_005054355.1	3732964	3733371	21.200	0
TguLTRL6b	NW_005054355.1	3831720	3832064	22.500	0
TguLTR5e	NW_005054355.1	3901934	3902162	30.000	0
TguLTR5e	NW_005054355.1	3902187	3902426	23.400	0
TguLTRL4b	NW_005054355.1	3929559	3930492	18.200	0
TguLTRL4c	NW_005054355.1	4066974	4067995	23.300	0
TguLTRL4b	NW_005054355.1	4429639	4430694	23.000	0
TguLTRL4b	NW_005054355.1	4478807	4479080	19.800	0
TguLTR5b	NW_005054355.1	4524433	4525026	15.600	0
TguLTR5a	NW_005054355.1	4627481	4627651	25.900	0
TguLTRL4c	NW_005054355.1	4675783	4676645	21.800	0
TguLTR5a	NW_005054355.1	4811115	4811165	16.000	0
TguLTR5d	NW_005054356.1	600276	600734	21.800	0
TguLTR5d	NW_005054356.1	637739	637840	11.900	0
TguLTR5a	NW_005054356.1	1012922	1013025	21.400	0
TguLTR5a	NW_005054356.1	1013204	1013333	21.000	0
TguLTR5e	NW_005054356.1	1232218	1232360	23.200	0
TguLTRL4c	NW_005054356.1	1262830	1262941	14.400	0
TguLTR5e	NW_005054356.1	1345426	1345511	27.400	0
TguLTR5e	NW_005054356.1	1345541	1345890	27.600	0
TguLTR5a	NW_005054356.1	1520900	1521425	23.200	0
TguLTRL4d	NW_005054356.1	2407398	2407649	20.000	0
TguLTR5d	NW_005054356.1	3971747	3972284	33.700	0
TguLTRL4c	NW_005054356.1	4042409	4042707	22.500	0
TguLTR5e	NW_005054356.1	4175007	4175531	27.000	0
TguLTR5e	NW_005054356.1	4394949	4395331	28.600	0
TguLTR5b	NW_005054356.1	4547470	4547950	16.700	0
TguLTR11	NW_005054356.1	4590660	4590840	21.000	0
TguLTR5c	NW_005054357.1	102318	102896	23.500	0
TguLTR5e	NW_005054357.1	248572	249009	18.700	0
TguLTRL6b	NW_005054357.1	270722	271139	17.000	0
TguLTRL4d	NW_005054357.1	279369	279602	18.900	0
TguLTR5b	NW_005054357.1	569085	569284	17.600	0
TguLTR5e	NW_005054357.1	696045	696334	34.600	0
TguLTR5d	NW_005054357.1	726805	727243	19.300	0
TguLTRL4c	NW_005054357.1	947781	947840	13.800	0
TguLTR5a	NW_005054357.1	1044739	1045248	23.300	0
TguLTR5a	NW_005054357.1	1101276	1101725	20.600	0
TguLTR5a	NW_005054357.1	1154745	1155246	22.700	0
TguLTR11	NW_005054357.1	1177584	1177961	16.200	0
TguLTR5d	NW_005054357.1	1209891	1210075	16.900	0
TguLTRL4c	NW_005054357.1	1210122	1210468	23.200	0
TguLTR5b	NW_005054357.1	1210775	1211339	18.700	0
TguLTR5a	NW_005054357.1	1538830	1538877	14.900	0
TguLTRL4c	NW_005054357.1	1754257	1755210	19.300	0
TguLTR5d	NW_005054357.1	1821581	1822103	18.300	0
TguLTR5d	NW_005054357.1	1823366	1823451	15.300	0
TguLTR5e	NW_005054357.1	1844590	1844856	27.800	0
TguLTR5e	NW_005054357.1	1844874	1845106	30.700	0
TguLTRL4c	NW_005054357.1	1904478	1904887	19.900	0
TguLTRL4c	NW_005054357.1	2241142	2241613	24.200	0
TguLTR5d	NW_005054357.1	2564010	2564518	21.600	0
TguLTRL4d	NW_005054357.1	2580261	2580558	25.900	0
TguLTRL4d	NW_005054357.1	2580586	2580675	20.900	0
TguLTR5d	NW_005054357.1	2813607	2814147	20.000	0
TguLTR5d	NW_005054357.1	2908260	2908796	22.000	0
TguLTRL4b	NW_005054357.1	3030671	3031072	27.700	0
TguLTRL4b	NW_005054357.1	3125912	3126115	22.600	0
TguLTRL4b	NW_005054357.1	3126483	3127250	24.300	0
TguLTRL4b	NW_005054357.1	3184787	3185001	31.900	0
TguLTRL4b	NW_005054357.1	3185610	3185974	27.600	0
TguLTR5c	NW_005054357.1	3258961	3259498	20.800	0
TguLTRL4b	NW_005054357.1	3320623	3321110	16.400	0
TguLTRL4b	NW_005054357.1	3337216	3338115	30.200	0
TguLTRL4b	NW_005054357.1	3338628	3338786	29.600	0
TguLTRL4b	NW_005054357.1	3505393	3506258	29.800	0
TguLTRL4b	NW_005054357.1	3506671	3506839	21.400	0
TguLTRL4b	NW_005054357.1	3533680	3534446	26.700	0
TguLTRL4b	NW_005054357.1	3534822	3535036	20.200	0
TguLTR5a	NW_005054357.1	3770667	3770766	20.200	0
TguLTR5a	NW_005054357.1	3893735	3893803	11.800	0
TguLTR5b	NW_005054357.1	4225582	4225647	9.200	0
TguLTRL4b	NW_005054357.1	4257692	4258832	24.500	0
TguLTRL4d	NW_005054357.1	4294171	4294568	26.400	0
TguLTRL4d	NW_005054357.1	4463651	4463741	22.200	0
TguLTR5a	NW_005054357.1	4506935	4507514	20.800	0
TguLTRL4b	NW_005054357.1	4541149	4541313	21.700	0
TguLTRL4d	NW_005054357.1	4643563	4643792	22.000	0
TguLTR5a	NW_005054357.1	4707227	4707366	19.300	0
TguLTRL4c	NW_005054357.1	4743630	4743909	21.600	0
TguLTRL6b	NW_005054358.1	99360	99824	19.500	0
TguLTR5d	NW_005054358.1	133561	133882	20.800	0
TguLTRL4c	NW_005054358.1	155119	155296	18.100	0
TguLTR6a	NW_005054358.1	264251	264431	23.600	0
TguLTRL4b	NW_005054358.1	271987	273057	17.500	0
TguLTR5d	NW_005054358.1	1632841	1632897	17.900	0
TguLTR5d	NW_005054358.1	1799756	1799828	20.800	0
TguLTR5d	NW_005054358.1	1839376	1839472	20.800	0
TguLTR5b	NW_005054358.1	2053543	2054082	17.000	0
TguLTR5d	NW_005054358.1	2325050	2325140	14.700	0
TguLTRL4d	NW_005054358.1	3049630	3050298	26.000	0
TguLTR5a	NW_005054358.1	3055154	3055634	25.100	0
TguLTR5a	NW_005054358.1	3056066	3056156	20.400	0
TguLTR5d	NW_005054358.1	3224063	3224562	23.500	0
TguLTR5a	NW_005054358.1	3228111	3228160	20.400	0
TguLTR5d	NW_005054358.1	3387649	3387749	18.200	0
TguLTR5d	NW_005054358.1	3388033	3388105	16.900	0
TguLTR5e	NW_005054358.1	3709299	3709571	29.900	0
TguLTR5a	NW_005054358.1	4352874	4353438	17.700	0
TguLTR5d	NW_005054358.1	4400193	4400353	22.500	0
TguLTR5d	NW_005054358.1	4558464	4559002	18.100	0
TguLTR5d	NW_005054358.1	4624078	4624311	30.900	0
TguLTR5c	NW_005054358.1	4645188	4645718	22.500	0
TguLTRL4c	NW_005054358.1	4708840	4709267	19.200	0
TguLTRL4c	NW_005054359.1	103109	104110	17.200	0
TguLTR5c	NW_005054359.1	450137	450694	18.300	0
TguLTR5d	NW_005054359.1	600831	600975	16.000	0
TguLTR6a	NW_005054359.1	726116	726516	20.800	0
TguLTRL4c	NW_005054359.1	767512	768328	19.100	0
TguLTRL4c	NW_005054359.1	783151	783653	17.200	0
TguLTRL4b	NW_005054359.1	907267	908198	22.200	0
TguLTRL4d	NW_005054359.1	936530	937023	22.800	0
TguLTR5d	NW_005054359.1	968866	969257	20.300	0
TguLTR5d	NW_005054359.1	969290	969433	26.700	0
TguLTRL4c	NW_005054359.1	1076998	1077461	21.300	0
TguLTRL4d	NW_005054359.1	1095804	1096231	23.100	0
TguLTR6a	NW_005054359.1	1199030	1199114	26.200	0
TguLTRL4c	NW_005054359.1	1212872	1213342	18.800	0
TguLTRL4d	NW_005054359.1	1224730	1225139	28.600	0
TguLTRL4b	NW_005054359.1	1226301	1227345	17.400	0
TguLTR5d	NW_005054359.1	1271674	1272260	19.000	0
TguLTR5a	NW_005054359.1	1273993	1274369	21.800	0
TguLTR5a	NW_005054359.1	1279801	1280389	18.000	0
TguLTRL4c	NW_005054359.1	1283256	1283523	20.200	0
TguLTRL4c	NW_005054359.1	1283542	1283859	20.600	0
TguLTR5d	NW_005054359.1	1294519	1295116	19.300	0
TguLTR5d	NW_005054359.1	1304396	1304464	20.600	0
TguLTR5a	NW_005054359.1	1307242	1307594	21.200	0
TguLTRL6b	NW_005054359.1	1355949	1356171	17.800	0
TguLTR5b	NW_005054359.1	1378056	1378620	15.100	0
TguLTR11	NW_005054359.1	1521224	1521624	17.100	0
TguLTR5e	NW_005054359.1	1566792	1567060	27.700	0
TguLTRL4d	NW_005054359.1	1772885	1773381	24.000	0
TguLTR11	NW_005054359.1	1776251	1776920	18.000	0
TguLTR11	NW_005054359.1	1776953	1777011	17.200	0
TguLTR6a	NW_005054359.1	1798547	1799004	25.600	0
TguLTR5d	NW_005054359.1	1808566	1809151	20.900	0
TguLTR5d	NW_005054359.1	1837989	1838547	18.200	0
TguLTR11	NW_005054359.1	1847685	1847788	21.600	0
TguLTR5b	NW_005054359.1	1898216	1898735	19.200	0
TguLTR5e	NW_005054359.1	1956917	1957002	28.100	0
TguLTRL4d	NW_005054359.1	1957191	1957253	11.500	0
TguLTR5b	NW_005054359.1	2027560	2027843	20.900	0
TguLTRL4b	NW_005054359.1	2076129	2076768	20.000	0
TguLTRL4d	NW_005054359.1	2088618	2089087	24.600	0
TguLTR5b	NW_005054359.1	2089139	2089595	15.100	0
TguLTR5d	NW_005054359.1	2093981	2094233	18.200	0
TguLTR5d	NW_005054359.1	2094846	2095145	23.100	0
TguLTR5e	NW_005054359.1	2139102	2139474	27.800	0
TguLTR11	NW_005054359.1	2180549	2180774	18.200	0
TguLTR11	NW_005054359.1	2181258	2181424	19.400	0
TguLTR5b	NW_005054359.1	2181660	2182230	17.100	0
TguLTRL4d	NW_005054359.1	2186887	2187287	23.700	0
TguLTR5b	NW_005054359.1	2246092	2246357	23.700	0
TguLTRL4d	NW_005054359.1	2311706	2311957	24.700	0
TguLTR5b	NW_005054359.1	2333550	2333599	16.500	0
TguLTR5b	NW_005054359.1	2333722	2334270	16.500	0
TguLTRL4d	NW_005054359.1	2339682	2339866	26.600	0
TguLTR5d	NW_005054359.1	2365292	2365816	20.900	0
TguLTR5d	NW_005054359.1	2370548	2370612	17.200	0
TguLTRL4b	NW_005054359.1	2407462	2407914	18.600	0
TguLTR5d	NW_005054359.1	2415999	2416139	25.400	0
TguLTR5e	NW_005054359.1	2436368	2436851	29.600	0
TguLTRL4d	NW_005054359.1	2440515	2440716	23.500	0
TguLTRL4c	NW_005054359.1	2444093	2445174	21.000	0
TguLTRL4c	NW_005054359.1	2493795	2494890	22.500	0
TguLTRL4d	NW_005054359.1	2528055	2528606	22.800	0
TguLTRL4b	NW_005054359.1	2547716	2548729	19.100	0
TguLTR11	NW_005054359.1	2579744	2580001	14.700	0
TguLTRL4d	NW_005054359.1	2581582	2582206	29.200	0
TguLTR5a	NW_005054359.1	2591665	2592177	22.100	0
TguLTR5a	NW_005054359.1	2593309	2593557	25.000	0
TguLTRL4b	NW_005054359.1	2619260	2620316	20.400	0
TguLTRL4c	NW_005054359.1	2647041	2647264	23.300	0
TguLTR5d	NW_005054359.1	2648928	2649068	20.000	0
TguLTRL4b	NW_005054359.1	2649068	2649154	15.300	0
TguLTRL4b	NW_005054359.1	2650390	2651316	23.000	0
TguLTR5d	NW_005054359.1	2651317	2651631	21.400	0
TguLTRL4c	NW_005054359.1	2672452	2673558	21.000	0
TguLTRL4c	NW_005054359.1	2713785	2714766	23.400	0
TguLTR5d	NW_005054359.1	2761552	2762117	18.100	0
TguLTRL4c	NW_005054359.1	2780119	2781119	21.200	0
TguLTR11	NW_005054359.1	2796501	2796612	25.900	0
TguLTR5e	NW_005054359.1	2868164	2868738	29.500	0
TguLTRL4c	NW_005054359.1	2897044	2897905	21.200	0
TguLTRL4c	NW_005054359.1	2903321	2904181	21.400	0
TguLTR5d	NW_005054359.1	2912233	2912503	29.300	0
TguLTR5e	NW_005054359.1	2920551	2921080	29.000	0
TguLTR5d	NW_005054359.1	2931258	2931837	19.900	0
TguLTRL4d	NW_005054359.1	2946844	2947141	25.800	0
TguLTR5a	NW_005054359.1	2947834	2948045	19.900	0
TguLTR5a	NW_005054359.1	2948665	2949004	26.000	0
TguLTR5d	NW_005054359.1	2967124	2967511	31.800	0
TguLTRL4c	NW_005054359.1	2981331	2982274	20.800	0
TguLTR5c	NW_005054359.1	2993994	2994451	17.000	0
TguLTRL4b	NW_005054359.1	3010504	3010623	20.000	0
TguLTRL4b	NW_005054359.1	3011090	3012038	19.100	0
TguLTR5d	NW_005054359.1	3017096	3017473	20.400	0
TguLTR5d	NW_005054359.1	3017501	3017629	25.100	0
TguLTRL4d	NW_005054359.1	3031086	3031421	27.700	0
TguLTR6a	NW_005054359.1	3042723	3043128	24.600	0
TguLTRL4c	NW_005054359.1	3075823	3076095	16.600	0
TguLTRL4d	NW_005054359.1	3097351	3097832	25.100	0
TguLTRL4d	NW_005054359.1	3111986	3112465	28.000	0
TguLTRL4c	NW_005054359.1	3115705	3116336	21.800	0
TguLTRL4c	NW_005054359.1	3116419	3116513	25.500	0
TguLTRL4c	NW_005054359.1	3197045	3197796	21.300	0
TguLTR5d	NW_005054359.1	3241843	3242410	23.100	0
TguLTRL4c	NW_005054359.1	3256781	3257546	24.800	0
TguLTRL4c	NW_005054359.1	3257759	3257780	24.800	0
TguLTRL4c	NW_005054359.1	3257859	3258000	27.700	0
TguLTR5e	NW_005054359.1	3279088	3279618	26.100	0
TguLTR5d	NW_005054359.1	3323788	3324362	20.900	0
TguLTRL4d	NW_005054359.1	3372994	3373248	22.000	0
TguLTR5b	NW_005054359.1	3411416	3411750	18.900	0
TguLTRL4c	NW_005054359.1	3417125	3417802	24.100	0
TguLTRL4b	NW_005054359.1	3420215	3421251	18.400	0
TguLTR5a	NW_005054359.1	3443066	3443165	24.500	0
TguLTR5a	NW_005054359.1	3443196	3443580	24.500	0
TguLTRL4c	NW_005054359.1	3443605	3444032	23.200	0
TguLTR5d	NW_005054359.1	3449873	3449998	26.600	0
TguLTR6a	NW_005054359.1	3483932	3484346	23.300	0
TguLTRL6b	NW_005054359.1	3497217	3497422	16.900	0
TguLTR11	NW_005054359.1	3528534	3528765	25.100	0
TguLTR5b	NW_005054359.1	3536356	3536889	14.500	0
TguLTRL4c	NW_005054359.1	3537264	3537530	25.200	0
TguLTR5b	NW_005054359.1	3538044	3538475	17.400	0
TguLTRL4d	NW_005054359.1	3552287	3552629	31.900	0
TguLTRL6b	NW_005054359.1	3592573	3592731	24.900	0
TguLTRL4b	NW_005054359.1	3606154	3607253	16.600	0
TguLTR5c	NW_005054359.1	3608088	3608459	16.600	0
TguLTRL6b	NW_005054359.1	3622770	3622882	26.600	0
TguLTR6a	NW_005054359.1	3626404	3626856	20.700	0
TguLTR5e	NW_005054359.1	3647448	3648054	27.700	0
TguLTR5a	NW_005054359.1	3667925	3668023	22.700	0
TguLTRL4c	NW_005054359.1	3670910	3671989	20.600	0
TguLTR5c	NW_005054359.1	3672359	3672406	8.500	0
TguLTR5c	NW_005054359.1	3674635	3675000	23.600	0
TguLTRL4b	NW_005054359.1	3675766	3675997	19.600	0
TguLTR5e	NW_005054359.1	3708778	3709220	21.800	0
TguLTR6a	NW_005054359.1	3727677	3728120	20.800	0
TguLTR5b	NW_005054359.1	3745354	3745861	17.200	0
TguLTR5a	NW_005054359.1	3751632	3751999	20.800	0
TguLTR5a	NW_005054359.1	3753415	3753571	26.800	0
TguLTR5d	NW_005054359.1	3785746	3786304	19.600	0
TguLTR5e	NW_005054359.1	3789335	3789576	31.900	0
TguLTR5d	NW_005054359.1	3809092	3809389	19.100	0
TguLTRL4c	NW_005054359.1	3815367	3815823	29.100	0
TguLTRL4c	NW_005054359.1	3849516	3850466	25.000	0
TguLTR11	NW_005054359.1	3860578	3860839	18.900	0
TguLTR5a	NW_005054359.1	3878897	3879105	17.100	0
TguLTR5a	NW_005054359.1	3879166	3879268	18.500	0
TguLTRL4d	NW_005054359.1	3899006	3899721	26.000	0
TguLTR5d	NW_005054359.1	3940592	3941126	20.100	0
TguLTR11	NW_005054359.1	3956915	3957146	22.800	0
TguLTR11	NW_005054359.1	3957229	3957474	17.200	0
TguLTRL4d	NW_005054359.1	3968059	3968150	28.900	0
TguLTRL4c	NW_005054359.1	3992279	3993266	25.800	0
TguLTR5d	NW_005054359.1	4012342	4012694	22.500	0
TguLTR5d	NW_005054359.1	4040089	4040354	20.500	0
TguLTR5d	NW_005054359.1	4040359	4040486	25.700	0
TguLTR5e	NW_005054359.1	4040498	4041008	27.100	0
TguLTR11	NW_005054359.1	4045910	4046115	23.200	0
TguLTR11	NW_005054359.1	4046527	4046755	21.800	0
TguLTR5e	NW_005054359.1	4097874	4098202	25.700	0
TguLTR11	NW_005054359.1	4109306	4109361	20.000	0
TguLTR11	NW_005054359.1	4109382	4109484	27.400	0
TguLTR5d	NW_005054359.1	4168693	4168891	19.900	0
TguLTRL4c	NW_005054359.1	4174348	4175157	21.200	0
TguLTRL4d	NW_005054359.1	4212936	4213186	28.300	0
TguLTRL4d	NW_005054359.1	4213271	4213568	26.600	0
TguLTR5b	NW_005054359.1	4217781	4217859	11.500	0
TguLTR5d	NW_005054359.1	4257450	4258035	21.800	0
TguLTR11	NW_005054359.1	4279732	4280334	18.100	0
TguLTRL4d	NW_005054359.1	4321316	4321460	22.200	0
TguLTR6a	NW_005054359.1	4353126	4353568	30.000	0
TguLTRL4c	NW_005054359.1	4358904	4358929	17.500	0
TguLTRL4c	NW_005054359.1	4359003	4359216	17.500	0
TguLTR5e	NW_005054359.1	4364108	4364701	24.600	0
TguLTR5d	NW_005054359.1	4374351	4374853	20.900	0
TguLTR5a	NW_005054359.1	4393549	4393638	15.700	0
TguLTR5e	NW_005054359.1	4417302	4417655	25.700	0
TguLTR5e	NW_005054359.1	4417685	4417825	33.600	0
TguLTR5c	NW_005054359.1	4433838	4434171	24.900	0
TguLTRL4d	NW_005054359.1	4437723	4437833	28.200	0
TguLTRL4d	NW_005054359.1	4439917	4440669	25.600	0
TguLTR5b	NW_005054359.1	4442481	4443074	15.000	0
TguLTR5d	NW_005054359.1	4460239	4460505	24.500	0
TguLTR5d	NW_005054359.1	4460700	4460939	23.300	0
TguLTRL4d	NW_005054359.1	4471653	4471920	26.400	0
TguLTRL4d	NW_005054359.1	4471979	4472186	23.200	0
TguLTR5d	NW_005054359.1	4494672	4495185	20.700	0
TguLTRL4c	NW_005054359.1	4501544	4502511	19.500	0
TguLTRL4c	NW_005054360.1	103014	104084	17.900	0
TguLTRL4b	NW_005054360.1	129576	130609	21.200	0
TguLTRL4c	NW_005054360.1	208525	209598	16.800	0
TguLTR5c	NW_005054360.1	312315	312851	19.800	0
TguLTR5a	NW_005054360.1	698106	698561	21.000	0
TguLTR6a	NW_005054360.1	818677	819057	21.100	0
TguLTR5e	NW_005054360.1	894721	895096	25.300	0
TguLTR5b	NW_005054360.1	923825	924405	14.900	0
TguLTRL4b	NW_005054360.1	943730	944636	23.900	0
TguLTRL4c	NW_005054360.1	1122554	1123635	16.200	0
TguLTRL4c	NW_005054360.1	1197511	1198592	22.300	0
TguLTRL4b	NW_005054360.1	1241903	1242148	17.600	0
TguLTR5a	NW_005054360.1	1256335	1256906	20.000	0
TguLTR5e	NW_005054360.1	1261201	1261728	25.700	0
TguLTR11	NW_005054360.1	1443538	1443652	27.300	0
TguLTRL4c	NW_005054360.1	1462863	1463153	17.600	0
TguLTRL4c	NW_005054360.1	1463156	1463549	19.300	0
TguLTRL4d	NW_005054360.1	1478028	1478224	28.500	0
TguLTR5b	NW_005054360.1	1482488	1482542	18.500	0
TguLTR5b	NW_005054360.1	1482917	1483491	15.000	0
TguLTR5a	NW_005054360.1	1514500	1514690	20.600	0
TguLTR5a	NW_005054360.1	1514710	1515132	19.600	0
TguLTR5d	NW_005054360.1	1515767	1516337	16.600	0
TguLTRL4b	NW_005054360.1	1519683	1520274	21.800	0
TguLTRL4b	NW_005054360.1	1520650	1520815	17.400	0
TguLTRL4b	NW_005054360.1	1521235	1521402	18.900	0
TguLTR11	NW_005054360.1	1538369	1538573	19.400	0
TguLTR11	NW_005054360.1	1715207	1715283	17.900	0
TguLTR5a	NW_005054360.1	1774358	1774422	10.900	0
TguLTR5d	NW_005054360.1	1873716	1874280	18.400	0
TguLTRL6b	NW_005054360.1	1892606	1893047	17.400	0
TguLTRL4b	NW_005054360.1	1911864	1912937	18.200	0
TguLTR6a	NW_005054360.1	2050863	2051154	18.400	0
TguLTR6a	NW_005054360.1	2055548	2055850	14.800	0
TguLTR5e	NW_005054360.1	2071959	2072090	25.200	0
TguLTR5e	NW_005054360.1	2072103	2072481	25.600	0
TguLTR5a	NW_005054360.1	2112021	2112065	6.800	0
TguLTR5d	NW_005054360.1	2211261	2211749	17.800	0
TguLTR5a	NW_005054360.1	2407998	2408605	19.500	0
TguLTR5d	NW_005054360.1	2410131	2410693	21.100	0
TguLTRL4c	NW_005054360.1	2492810	2493105	18.000	0
TguLTR5a	NW_005054360.1	2495907	2496214	15.500	0
TguLTR5a	NW_005054360.1	2496248	2496383	22.800	0
TguLTR5a	NW_005054360.1	2810691	2811266	22.400	0
TguLTRL6b	NW_005054360.1	2823216	2823314	24.200	0
TguLTRL6b	NW_005054360.1	2823325	2823486	15.200	0
TguLTRL4c	NW_005054360.1	3044802	3045309	20.400	0
TguLTR5d	NW_005054360.1	3361185	3361746	17.100	0
TguLTRL4b	NW_005054360.1	3390834	3391053	32.300	0
TguLTR5d	NW_005054360.1	3540225	3540325	25.000	0
TguLTR5a	NW_005054360.1	3543825	3544415	20.000	0
TguLTR5a	NW_005054360.1	3649201	3649741	24.000	0
TguLTRL4c	NW_005054360.1	3818934	3819515	23.900	0
TguLTR5a	NW_005054360.1	3948822	3949386	17.700	0
TguLTR6a	NW_005054360.1	4109847	4110281	20.100	0
TguLTR5b	NW_005054360.1	4112359	4112910	13.900	0
TguLTRL4c	NW_005054360.1	4164271	4165208	16.600	0
TguLTR11	NW_005054360.1	4309684	4309976	18.100	0
TguLTR11	NW_005054360.1	4310051	4310302	20.200	0
TguLTR5d	NW_005054360.1	4421726	4421805	8.900	0
TguLTR5b	NW_005054361.1	0	160	18.100	0
TguLTR5a	NW_005054361.1	20420	21028	22.300	0
TguLTRL4c	NW_005054361.1	109310	109868	23.700	0
TguLTR5b	NW_005054361.1	111164	111741	14.200	0
TguLTR6a	NW_005054361.1	192860	192947	16.700	0
TguLTRL6b	NW_005054361.1	193058	193206	21.800	0
TguLTRL4c	NW_005054361.1	219001	220075	23.500	0
TguLTRL4c	NW_005054361.1	453651	454139	18.000	0
TguLTR5a	NW_005054361.1	595497	595766	17.800	0
TguLTR11	NW_005054361.1	681707	681891	21.500	0
TguLTRL4c	NW_005054361.1	753917	754954	18.900	0
TguLTRL4c	NW_005054361.1	836384	836833	18.500	0
TguLTRL4c	NW_005054361.1	904674	904944	15.500	0
TguLTR5a	NW_005054361.1	918147	918726	17.600	0
TguLTRL4c	NW_005054361.1	1059288	1060143	18.100	0
TguLTRL4b	NW_005054361.1	1138215	1138350	25.300	0
TguLTR5b	NW_005054361.1	1209639	1210237	13.000	0
TguLTR5c	NW_005054361.1	1517444	1517576	15.200	0
TguLTR5d	NW_005054361.1	1580161	1580735	26.900	0
TguLTR5d	NW_005054361.1	1656178	1656389	16.500	0
TguLTR5d	NW_005054361.1	1657396	1657470	17.600	0
TguLTRL4c	NW_005054361.1	1713282	1714370	18.300	0
TguLTR5e	NW_005054361.1	1818859	1819473	24.400	0
TguLTRL4c	NW_005054361.1	1885121	1886168	25.500	0
TguLTR11	NW_005054361.1	1924209	1924373	20.900	0
TguLTR11	NW_005054361.1	1926953	1927125	24.700	0
TguLTR11	NW_005054361.1	1931320	1931524	29.800	0
TguLTR11	NW_005054361.1	1934232	1934415	30.900	0
TguLTR11	NW_005054361.1	1937628	1937841	25.300	0
TguLTR11	NW_005054361.1	1939077	1939149	21.100	0
TguLTRL4d	NW_005054361.1	1943137	1943274	29.200	0
TguLTR11	NW_005054361.1	1950351	1950605	15.900	0
TguLTR11	NW_005054361.1	1951190	1951336	14.800	0
TguLTRL4c	NW_005054361.1	1969231	1969463	14.700	0
TguLTR5d	NW_005054361.1	1975607	1975931	15.800	0
TguLTR5b	NW_005054361.1	2301355	2301941	13.400	0
TguLTRL4c	NW_005054361.1	2309850	2309967	15.400	0
TguLTR5a	NW_005054361.1	2361791	2362289	22.300	0
TguLTRL4c	NW_005054361.1	2398227	2398456	22.400	0
TguLTRL4c	NW_005054361.1	2398819	2398902	20.500	0
TguLTRL4c	NW_005054361.1	2461436	2461615	25.800	0
TguLTRL4d	NW_005054361.1	2461615	2461780	18.300	0
TguLTR5d	NW_005054361.1	2465995	2466321	14.500	0
TguLTR5d	NW_005054361.1	2466451	2466682	25.100	0
TguLTR5e	NW_005054361.1	2606473	2606543	18.600	0
TguLTR5e	NW_005054361.1	2606544	2606635	27.500	0
TguLTRL4b	NW_005054361.1	2627140	2627363	18.600	0
TguLTRL4c	NW_005054361.1	2756409	2756943	21.700	0
TguLTRL4c	NW_005054361.1	2756954	2757166	13.700	0
TguLTRL6b	NW_005054361.1	2905977	2906084	18.700	0
TguLTR6a	NW_005054361.1	2906122	2906446	20.400	0
TguLTR5d	NW_005054361.1	3097339	3097890	18.700	0
TguLTR5d	NW_005054361.1	3206873	3207439	15.600	0
TguLTR5c	NW_005054361.1	3297622	3297818	10.900	0
TguLTR5d	NW_005054361.1	3300451	3300590	21.700	0
TguLTR5a	NW_005054361.1	3302074	3302646	20.100	0
TguLTRL4c	NW_005054361.1	3719443	3719591	19.900	0
TguLTR5d	NW_005054361.1	3719664	3720174	19.500	0
TguLTRL4b	NW_005054361.1	3727768	3728824	17.400	0
TguLTRL4d	NW_005054361.1	3781584	3782030	27.500	0
TguLTR5d	NW_005054361.1	3867756	3867964	16.400	0
TguLTR5b	NW_005054361.1	4169757	4170299	15.800	0
TguLTR5e	NW_005054362.1	196017	196160	25.100	0
TguLTR5a	NW_005054362.1	357889	358017	25.800	0
TguLTR5d	NW_005054362.1	411451	411969	21.900	0
TguLTR5a	NW_005054362.1	469583	469794	26.100	0
TguLTRL4c	NW_005054362.1	523293	523505	27.400	0
TguLTRL4c	NW_005054362.1	523654	523830	25.600	0
TguLTRL4d	NW_005054362.1	679323	679593	19.500	0
TguLTRL4c	NW_005054362.1	1001939	1002075	16.900	0
TguLTR5a	NW_005054362.1	2078620	2079147	20.900	0
TguLTR11	NW_005054362.1	2168259	2168412	20.800	0
TguLTRL4c	NW_005054362.1	2243164	2243431	18.900	0
TguLTRL4c	NW_005054362.1	2243435	2243686	22.200	0
TguLTR6a	NW_005054362.1	2979280	2979410	18.600	0
TguLTR11	NW_005054362.1	3088403	3088605	24.600	0
TguLTR11	NW_005054362.1	3229172	3229330	21.500	0
TguLTRL4b	NW_005054363.1	2713	2822	9.200	0
TguLTR5b	NW_005054363.1	29773	30320	16.900	0
TguLTRL4b	NW_005054363.1	38150	38687	19.400	0
TguLTR11	NW_005054363.1	73438	73608	21.500	0
TguLTR5d	NW_005054363.1	166663	167248	15.300	0
TguLTR6a	NW_005054363.1	247870	248325	20.400	0
TguLTR5e	NW_005054363.1	308216	308362	32.200	0
TguLTR5e	NW_005054363.1	308460	308680	25.000	0
TguLTRL4d	NW_005054363.1	382971	383747	29.400	0
TguLTR5e	NW_005054363.1	388566	389096	28.600	0
TguLTRL4c	NW_005054363.1	400735	400881	13.700	0
TguLTR5d	NW_005054363.1	410087	410376	21.100	0
TguLTR5d	NW_005054363.1	410658	410891	28.600	0
TguLTR5e	NW_005054363.1	435465	436016	24.500	0
TguLTRL4b	NW_005054363.1	490577	491187	15.100	0
TguLTR5a	NW_005054363.1	514557	514894	21.500	0
TguLTRL4c	NW_005054363.1	596780	597824	19.000	0
TguLTR5d	NW_005054363.1	933911	933974	23.800	0
TguLTR5a	NW_005054363.1	988397	988959	18.900	0
TguLTR5b	NW_005054363.1	1042359	1042924	13.400	0
TguLTR5a	NW_005054363.1	1185746	1186293	16.400	0
TguLTRL4b	NW_005054363.1	1247278	1248179	18.100	0
TguLTR5b	NW_005054363.1	1254604	1254796	12.000	0
TguLTR5a	NW_005054363.1	1345487	1346010	17.400	0
TguLTR5a	NW_005054363.1	1347070	1347181	20.300	0
TguLTR5b	NW_005054363.1	1465767	1466213	14.300	0
TguLTR5c	NW_005054363.1	1788380	1788749	18.400	0
TguLTRL4c	NW_005054363.1	1789435	1789600	18.800	0
TguLTRL4b	NW_005054363.1	1861295	1862412	15.800	0
TguLTRL4c	NW_005054363.1	1877523	1878405	19.400	0
TguLTR5a	NW_005054363.1	1941334	1941713	22.800	0
TguLTR5b	NW_005054363.1	2138133	2138730	10.600	0
TguLTR5d	NW_005054363.1	2164112	2164645	23.600	0
TguLTRL4c	NW_005054363.1	2174572	2175641	18.900	0
TguLTRL4b	NW_005054363.1	2233816	2233930	22.100	0
TguLTRL4b	NW_005054363.1	2234311	2235097	27.800	0
TguLTR5d	NW_005054363.1	2262288	2262448	23.800	0
TguLTR5d	NW_005054363.1	2262549	2262922	19.200	0
TguLTR5d	NW_005054363.1	2277211	2277713	20.200	0
TguLTR6a	NW_005054363.1	2377803	2378234	21.600	0
TguLTR5a	NW_005054363.1	2500818	2501362	19.600	0
TguLTR5a	NW_005054363.1	2560284	2560852	18.800	0
TguLTRL4c	NW_005054363.1	2566283	2567285	19.600	0
TguLTR5c	NW_005054363.1	3031849	3032073	22.000	0
TguLTR11	NW_005054363.1	3158809	3159193	15.800	0
TguLTR5d	NW_005054363.1	3332884	3333458	16.500	0
TguLTR5d	NW_005054363.1	3433988	3434527	16.900	0
TguLTR5a	NW_005054363.1	3463497	3464040	29.600	0
TguLTR5d	NW_005054363.1	3473024	3473608	19.900	0
TguLTR11	NW_005054363.1	3493437	3494044	15.900	0
TguLTR5c	NW_005054363.1	3495533	3495971	18.200	0
TguLTR5d	NW_005054363.1	3644557	3645055	14.600	0
TguLTRL4d	NW_005054363.1	3684635	3684855	24.200	0
TguLTRL4b	NW_005054363.1	3884742	3885817	18.700	0
TguLTRL4c	NW_005054363.1	3956454	3957480	24.100	0
TguLTR5d	NW_005054363.1	3970693	3970886	20.600	0
TguLTR5d	NW_005054363.1	3970895	3971030	23.100	0
TguLTR5d	NW_005054363.1	4000247	4000794	15.300	0
TguLTR5a	NW_005054363.1	4011468	4012053	23.900	0
TguLTR11	NW_005054363.1	4140461	4140624	16.900	0
TguLTR11	NW_005054363.1	4140681	4141589	15.600	0
TguLTR5d	NW_005054363.1	4159235	4159806	18.800	0
TguLTRL4b	NW_005054364.1	20751	21854	19.500	0
TguLTRL4b	NW_005054364.1	85412	85565	9.900	0
TguLTRL4d	NW_005054364.1	125364	125752	22.600	0
TguLTR5b	NW_005054364.1	357531	358109	14.900	0
TguLTR5e	NW_005054364.1	363063	363664	28.200	0
TguLTR5c	NW_005054364.1	365639	366225	19.600	0
TguLTRL4d	NW_005054364.1	375169	375266	26.000	0
TguLTRL4d	NW_005054364.1	375293	375397	23.500	0
TguLTRL4c	NW_005054364.1	399692	400111	20.900	0
TguLTR6a	NW_005054364.1	415892	416251	24.600	0
TguLTR6a	NW_005054364.1	416742	416819	13.000	0
TguLTR5e	NW_005054364.1	422906	423112	27.600	0
TguLTR5e	NW_005054364.1	423160	423359	28.800	0
TguLTRL6b	NW_005054364.1	443490	443915	18.400	0
TguLTRL4b	NW_005054364.1	490324	491166	17.800	0
TguLTRL4b	NW_005054364.1	491850	492082	14.200	0
TguLTRL4c	NW_005054364.1	509301	509389	27.400	0
TguLTRL4c	NW_005054364.1	537013	537830	21.800	0
TguLTR11	NW_005054364.1	547570	547807	28.900	0
TguLTR11	NW_005054364.1	547891	548151	20.100	0
TguLTRL4d	NW_005054364.1	600995	601310	28.500	0
TguLTRL4d	NW_005054364.1	601529	601687	28.200	0
TguLTR5d	NW_005054364.1	607679	608250	20.600	0
TguLTRL4d	NW_005054364.1	625940	626384	24.400	0
TguLTR5a	NW_005054364.1	643776	644289	22.600	0
TguLTRL4b	NW_005054364.1	648638	649387	32.300	0
TguLTRL4b	NW_005054364.1	649395	649455	27.100	0
TguLTR5d	NW_005054364.1	658140	658428	14.600	0
TguLTR5e	NW_005054364.1	703743	703814	21.100	0
TguLTR11	NW_005054364.1	785082	785246	14.800	0
TguLTRL6b	NW_005054364.1	793776	793911	19.600	0
TguLTR5a	NW_005054364.1	939585	939790	25.600	0
TguLTR5a	NW_005054364.1	939981	940119	22.400	0
TguLTR5e	NW_005054364.1	969953	970132	35.000	0
TguLTRL4d	NW_005054364.1	1068904	1069359	23.300	0
TguLTR5d	NW_005054364.1	1110669	1111240	17.700	0
TguLTR5b	NW_005054364.1	1214804	1215388	16.100	0
TguLTR5e	NW_005054364.1	1229659	1230031	32.400	0
TguLTR5a	NW_005054364.1	1304827	1305410	29.900	0
TguLTR5b	NW_005054364.1	1314986	1315525	14.500	0
TguLTRL4d	NW_005054364.1	1328256	1328602	26.900	0
TguLTR5e	NW_005054364.1	1386035	1386628	30.600	0
TguLTRL4c	NW_005054364.1	1530056	1530663	20.200	0
TguLTR5b	NW_005054364.1	1551516	1552115	15.500	0
TguLTR5a	NW_005054364.1	1577820	1578367	20.100	0
TguLTR6a	NW_005054364.1	1581484	1581823	19.100	0
TguLTRL6b	NW_005054364.1	1582125	1582242	21.700	0
TguLTR5d	NW_005054364.1	1608941	1609224	24.700	0
TguLTR5e	NW_005054364.1	1690062	1690340	22.100	0
TguLTRL4b	NW_005054364.1	1831474	1832516	18.500	0
TguLTR5a	NW_005054364.1	1938904	1939102	21.100	0
TguLTR5a	NW_005054364.1	1939128	1939217	21.100	0
TguLTR5a	NW_005054364.1	1958135	1958653	19.000	0
TguLTR5d	NW_005054364.1	2228336	2228910	22.200	0
TguLTR5b	NW_005054364.1	2247910	2248469	12.000	0
TguLTR11	NW_005054364.1	2386144	2386330	28.200	0
TguLTR5d	NW_005054364.1	2425012	2425577	21.900	0
TguLTR11	NW_005054364.1	2596365	2596915	16.300	0
TguLTR11	NW_005054364.1	2596916	2597146	19.100	0
TguLTRL4c	NW_005054364.1	2663784	2664799	21.100	0
TguLTR5b	NW_005054364.1	2678652	2679189	13.300	0
TguLTR5d	NW_005054364.1	2683961	2684518	18.900	0
TguLTR5a	NW_005054364.1	2718073	2718640	21.100	0
TguLTR5b	NW_005054364.1	2946309	2946875	14.200	0
TguLTR5d	NW_005054364.1	3103013	3103570	23.600	0
TguLTR11	NW_005054364.1	3262683	3262779	19.100	0
TguLTR11	NW_005054364.1	3262834	3263029	16.700	0
TguLTR5a	NW_005054364.1	3442366	3442913	17.700	0
TguLTR11	NW_005054364.1	3482473	3482828	12.600	0
TguLTR5a	NW_005054364.1	3489146	3489747	14.400	0
TguLTR5a	NW_005054364.1	3516343	3516893	20.200	0
TguLTRL4d	NW_005054364.1	3526658	3526914	34.100	0
TguLTR5a	NW_005054364.1	3532175	3532737	21.200	0
TguLTR5e	NW_005054364.1	3534338	3534861	23.700	0
TguLTR5a	NW_005054364.1	3538510	3538773	16.000	0
TguLTR5c	NW_005054364.1	3541427	3541934	21.300	0
TguLTR5c	NW_005054364.1	3543276	3543506	24.600	0
TguLTRL4c	NW_005054364.1	3543586	3543628	16.700	0
TguLTR5a	NW_005054364.1	3609298	3609788	15.700	0
TguLTR5a	NW_005054364.1	3614469	3614701	17.200	0
TguLTR5a	NW_005054364.1	3614858	3614918	16.700	0
TguLTR5b	NW_005054364.1	3870683	3871178	15.300	0
TguLTR5d	NW_005054364.1	3956657	3956743	16.500	0
TguLTR5d	NW_005054364.1	3957157	3957458	21.300	0
TguLTRL4b	NW_005054365.1	20466	20698	27.600	0
TguLTRL4b	NW_005054365.1	21308	21434	25.800	0
TguLTRL4b	NW_005054365.1	36628	37145	20.200	0
TguLTR11	NW_005054365.1	37151	37301	25.200	0
TguLTR11	NW_005054365.1	37418	37595	15.200	0
TguLTR5c	NW_005054365.1	53866	54070	23.300	0
TguLTR5c	NW_005054365.1	54411	54653	17.900	0
TguLTR5d	NW_005054365.1	94620	95175	21.300	0
TguLTRL4b	NW_005054365.1	186868	187781	22.300	0
TguLTR5a	NW_005054365.1	256250	256853	25.200	0
TguLTR5b	NW_005054365.1	413972	414550	18.500	0
TguLTR5a	NW_005054365.1	426004	426548	21.100	0
TguLTR5e	NW_005054365.1	511061	511536	27.800	0
TguLTR5e	NW_005054365.1	511587	511694	27.800	0
TguLTRL4b	NW_005054365.1	534187	535240	19.100	0
TguLTR5c	NW_005054365.1	607973	608500	23.600	0
TguLTRL4d	NW_005054365.1	618716	618791	20.500	0
TguLTRL4b	NW_005054365.1	674725	675808	22.100	0
TguLTR5a	NW_005054365.1	676105	676500	23.300	0
TguLTR5a	NW_005054365.1	676772	676829	8.800	0
TguLTRL4c	NW_005054365.1	684298	684467	25.600	0
TguLTRL4c	NW_005054365.1	690154	690570	20.400	0
TguLTR11	NW_005054365.1	729227	729415	21.700	0
TguLTR5a	NW_005054365.1	731991	732229	19.600	0
TguLTR5b	NW_005054365.1	790977	791569	16.500	0
TguLTR5b	NW_005054365.1	1230608	1231181	16.800	0
TguLTRL4d	NW_005054365.1	1344672	1344765	21.500	0
TguLTR11	NW_005054365.1	1879728	1880012	26.600	0
TguLTR11	NW_005054365.1	1880310	1880649	19.800	0
TguLTR5a	NW_005054365.1	1910448	1910582	26.900	0
TguLTR5c	NW_005054365.1	1963870	1964097	22.800	0
TguLTR5b	NW_005054365.1	1966269	1966746	13.800	0
TguLTR5a	NW_005054365.1	2566641	2566682	9.800	0
TguLTR5a	NW_005054365.1	2581560	2581758	25.800	0
TguLTRL4b	NW_005054365.1	2666377	2667281	18.500	0
TguLTRL4b	NW_005054365.1	2855907	2856708	18.700	0
TguLTRL4b	NW_005054365.1	2939203	2940249	16.400	0
TguLTR5a	NW_005054365.1	3306087	3306429	20.800	0
TguLTR5a	NW_005054365.1	3306644	3306719	22.700	0
TguLTR5b	NW_005054365.1	3824146	3824265	17.600	0
TguLTRL4d	NW_005054366.1	748421	749002	22.700	0
TguLTR5d	NW_005054366.1	1077652	1078148	16.400	0
TguLTR5d	NW_005054366.1	1361368	1361440	19.700	0
TguLTRL4c	NW_005054366.1	1423014	1423440	18.600	0
TguLTRL4c	NW_005054366.1	1880546	1880628	18.300	0
TguLTRL4c	NW_005054366.1	1880629	1880889	22.500	0
TguLTR5a	NW_005054366.1	1908178	1908760	21.700	0
TguLTR5e	NW_005054366.1	1932070	1932217	26.500	0
TguLTR5e	NW_005054366.1	1932234	1932318	22.500	0
TguLTR11	NW_005054366.1	3602140	3602205	10.900	0
TguLTR5b	NW_005054366.1	3603093	3603512	27.300	0
TguLTRL4c	NW_005054367.1	39953	40029	14.500	0
TguLTR5d	NW_005054367.1	141742	142022	21.100	0
TguLTRL4c	NW_005054367.1	198036	198125	21.400	0
TguLTR5c	NW_005054367.1	207880	208185	22.100	0
TguLTR5d	NW_005054367.1	223279	223358	27.900	0
TguLTRL4c	NW_005054367.1	272901	273103	23.300	0
TguLTRL4c	NW_005054367.1	273655	273725	15.400	0
TguLTR5c	NW_005054367.1	315820	315929	17.100	0
TguLTR5c	NW_005054367.1	316572	316917	22.400	0
TguLTR5a	NW_005054367.1	320701	321281	30.000	0
TguLTRL4d	NW_005054367.1	698584	698686	30.300	0
TguLTRL4d	NW_005054367.1	698720	698839	24.800	0
TguLTR5d	NW_005054367.1	1402573	1403139	19.100	0
TguLTRL4b	NW_005054367.1	1618863	1618939	18.400	0
TguLTR5a	NW_005054367.1	1646256	1646804	19.000	0
TguLTR5d	NW_005054367.1	1722800	1723334	22.300	0
TguLTR5b	NW_005054367.1	1977518	1977883	15.500	0
TguLTR5b	NW_005054367.1	1978437	1978587	14.800	0
TguLTR5b	NW_005054367.1	2091623	2092174	17.900	0
TguLTRL4c	NW_005054367.1	2092547	2092676	24.300	0
TguLTR5b	NW_005054367.1	2093213	2093775	18.800	0
TguLTRL4d	NW_005054367.1	2130137	2130201	15.900	0
TguLTR5a	NW_005054367.1	2189129	2189680	20.500	0
TguLTR5a	NW_005054367.1	2244290	2244533	16.900	0
TguLTR5a	NW_005054367.1	2244533	2244614	13.600	0
TguLTRL4c	NW_005054367.1	2731748	2731835	19.500	0
TguLTR11	NW_005054367.1	2924523	2924600	22.100	0
TguLTR11	NW_005054367.1	2945083	2945461	17.000	0
TguLTR5a	NW_005054367.1	3042870	3043083	25.200	0
TguLTRL4c	NW_005054367.1	3197849	3198057	18.300	0
TguLTR5a	NW_005054367.1	3198057	3198150	8.300	0
TguLTR5a	NW_005054367.1	3492233	3492490	22.000	0
TguLTR5b	NW_005054367.1	3620889	3620979	15.600	0
TguLTR5d	NW_005054367.1	3788728	3788772	13.600	0
TguLTR5a	NW_005054367.1	3797963	3798196	17.700	0
TguLTR5d	NW_005054368.1	96756	97278	22.100	0
TguLTR5e	NW_005054368.1	142770	142879	28.000	0
TguLTR11	NW_005054368.1	350992	351388	19.100	0
TguLTR5d	NW_005054368.1	677969	678037	15.000	0
TguLTRL4c	NW_005054368.1	1133008	1133227	18.900	0
TguLTR11	NW_005054368.1	2610966	2611329	21.500	0
TguLTR5d	NW_005054368.1	2998003	2998053	12.000	0
TguLTR5d	NW_005054368.1	3102129	3102387	24.100	0
TguLTR11	NW_005054368.1	3409742	3409785	9.300	0
TguLTR5a	NW_005054369.1	190630	191165	22.400	0
TguLTRL4c	NW_005054369.1	373030	373181	13.200	0
TguLTR5a	NW_005054369.1	444769	444806	5.400	0
TguLTR5b	NW_005054369.1	548777	548866	15.700	0
TguLTRL4d	NW_005054369.1	634923	635634	26.900	0
TguLTR5a	NW_005054369.1	695429	695612	18.800	0
TguLTRL4b	NW_005054369.1	754185	754470	28.800	0
TguLTRL4b	NW_005054369.1	754715	754979	33.700	0
TguLTRL4c	NW_005054369.1	991756	992307	20.500	0
TguLTR5d	NW_005054369.1	1400242	1400413	28.000	0
TguLTR5d	NW_005054369.1	1732662	1733241	16.900	0
TguLTR5b	NW_005054369.1	1976507	1976841	18.400	0
TguLTR5a	NW_005054369.1	2370248	2370333	22.800	0
TguLTRL4c	NW_005054369.1	2660661	2660866	14.200	0
TguLTR11	NW_005054369.1	2674315	2674470	15.800	0
TguLTRL4b	NW_005054369.1	2890445	2890603	23.600	0
TguLTRL4c	NW_005054369.1	2895950	2896037	17.200	0
TguLTRL4c	NW_005054369.1	2896150	2896335	24.600	0
TguLTRL4c	NW_005054369.1	2896359	2896704	14.900	0
TguLTR5a	NW_005054369.1	2907091	2907268	25.000	0
TguLTR5a	NW_005054370.1	138218	138381	21.900	0
TguLTR5c	NW_005054370.1	255897	256076	20.900	0
TguLTR5c	NW_005054370.1	297460	297737	23.900	0
TguLTR11	NW_005054370.1	582606	582977	16.200	0
TguLTR11	NW_005054370.1	800693	800751	9.100	0
TguLTR5a	NW_005054370.1	1104889	1105353	18.500	0
TguLTR11	NW_005054370.1	1243184	1243328	21.400	0
TguLTR5d	NW_005054370.1	1342740	1343224	17.800	0
TguLTRL4b	NW_005054370.1	1776546	1776958	16.900	0
TguLTRL4c	NW_005054370.1	1777298	1777526	16.700	0
TguLTR11	NW_005054370.1	2100872	2101237	17.200	0
TguLTR5a	NW_005054370.1	2216900	2217002	24.700	0
TguLTR5a	NW_005054370.1	2217063	2217548	22.400	0
TguLTRL4d	NW_005054370.1	2564487	2564611	27.800	0
TguLTR11	NW_005054370.1	3166991	3167396	18.500	0
TguLTR5a	NW_005054370.1	3437517	3437710	16.700	0
TguLTR11	NW_005054370.1	3612111	3612325	28.800	0
TguLTRL4c	NW_005054371.1	250413	251405	19.500	0
TguLTR5a	NW_005054371.1	1132626	1132813	18.900	0
TguLTRL4b	NW_005054371.1	1278987	1279269	18.100	0
TguLTRL4c	NW_005054371.1	1589611	1589849	19.300	0
TguLTRL4c	NW_005054371.1	1589871	1590257	17.100	0
TguLTRL4d	NW_005054371.1	1652802	1653260	28.900	0
TguLTR5a	NW_005054371.1	1779022	1779537	19.700	0
TguLTRL4c	NW_005054371.1	1847048	1847826	23.100	0
TguLTRL4c	NW_005054371.1	1887035	1887347	22.400	0
TguLTR5b	NW_005054371.1	1959401	1959654	18.400	0
TguLTR5d	NW_005054371.1	2376015	2376555	23.100	0
TguLTR5e	NW_005054371.1	2496582	2497157	22.900	0
TguLTRL4c	NW_005054371.1	3048362	3048517	17.000	0
TguLTR5d	NW_005054371.1	3236553	3236661	20.600	0
TguLTR5d	NW_005054371.1	3236689	3236865	21.700	0
TguLTR5c	NW_005054371.1	3253908	3254409	22.100	0
TguLTRL4c	NW_005054371.1	3281658	3282505	18.400	0
TguLTR5d	NW_005054371.1	3336386	3336881	18.800	0
TguLTR5e	NW_005054371.1	3356651	3356777	24.800	0
TguLTR5e	NW_005054371.1	3356851	3357026	26.300	0
TguLTR5d	NW_005054371.1	3392561	3392946	25.600	0
TguLTRL4c	NW_005054371.1	3531066	3531445	16.900	0
TguLTRL4c	NW_005054372.1	208140	208437	20.500	0
TguLTRL4c	NW_005054372.1	208439	208558	16.000	0
TguLTR5d	NW_005054372.1	570200	570781	16.000	0
TguLTRL4d	NW_005054372.1	611595	611790	21.100	0
TguLTR5e	NW_005054372.1	632587	632965	28.400	0
TguLTRL4c	NW_005054372.1	649138	649245	21.500	0
TguLTR5e	NW_005054372.1	904260	904714	23.500	0
TguLTR5d	NW_005054372.1	1115168	1115701	22.100	0
TguLTR5a	NW_005054372.1	1625391	1625574	17.000	0
TguLTR5a	NW_005054372.1	1625589	1625825	17.900	0
TguLTRL4d	NW_005054372.1	1823610	1823941	23.200	0
TguLTRL4d	NW_005054372.1	1824005	1824256	24.200	0
TguLTRL4d	NW_005054372.1	1824267	1824333	19.700	0
TguLTR5a	NW_005054372.1	1916447	1916607	18.800	0
TguLTR5e	NW_005054372.1	1939338	1939486	27.400	0
TguLTR5e	NW_005054372.1	1939582	1939868	24.000	0
TguLTRL4c	NW_005054372.1	2174285	2174396	18.300	0
TguLTRL4c	NW_005054372.1	2193484	2193905	19.000	0
TguLTRL4b	NW_005054372.1	2294534	2294985	14.500	0
TguLTRL4b	NW_005054372.1	2295019	2295122	16.500	0
TguLTR5b	NW_005054372.1	2737120	2737679	14.200	0
TguLTRL4c	NW_005054372.1	2932663	2932797	22.100	0
TguLTRL4c	NW_005054372.1	2932808	2933176	20.200	0
TguLTR5d	NW_005054372.1	2937683	2938271	23.800	0
TguLTRL4c	NW_005054372.1	2970194	2970515	20.100	0
TguLTR5a	NW_005054372.1	3134804	3135394	22.000	0
TguLTR5b	NW_005054372.1	3385499	3386068	12.400	0
TguLTRL6b	NW_005054372.1	3386092	3386428	15.200	0
TguLTR5e	NW_005054372.1	3444688	3445030	24.200	0
TguLTR5e	NW_005054372.1	3445048	3445179	24.800	0
TguLTRL4c	NW_005054372.1	3519237	3519846	19.100	0
TguLTR5a	NW_005054373.1	90186	90483	29.300	0
TguLTR5a	NW_005054373.1	90701	90938	29.200	0
TguLTR5d	NW_005054373.1	275126	275280	22.700	0
TguLTRL4c	NW_005054373.1	641867	642075	19.800	0
TguLTR5d	NW_005054373.1	1592109	1592576	19.600	0
TguLTRL4c	NW_005054373.1	1679067	1679200	21.100	0
TguLTR5a	NW_005054373.1	2146762	2146821	22.000	0
TguLTR5a	NW_005054373.1	2146981	2147130	21.600	0
TguLTR5a	NW_005054373.1	3555646	3556190	18.400	0
TguLTRL4c	NW_005054374.1	852	1692	21.100	0
TguLTR5e	NW_005054374.1	68143	68243	20.000	0
TguLTRL4c	NW_005054374.1	110376	110749	13.600	0
TguLTR5e	NW_005054374.1	236680	237164	26.100	0
TguLTRL4d	NW_005054374.1	247605	247804	29.800	0
TguLTR5a	NW_005054374.1	270833	271395	21.400	0
TguLTRL4c	NW_005054374.1	291098	291190	21.400	0
TguLTRL4d	NW_005054374.1	358845	359031	29.900	0
TguLTR5e	NW_005054374.1	371850	372370	26.800	0
TguLTRL6b	NW_005054374.1	377656	377820	27.000	0
TguLTR5d	NW_005054374.1	394221	394281	23.300	0
TguLTR5a	NW_005054374.1	394303	394416	22.800	0
TguLTR5a	NW_005054374.1	394468	394615	22.800	0
TguLTR5a	NW_005054374.1	401788	402023	18.100	0
TguLTR5a	NW_005054374.1	402074	402136	12.900	0
TguLTR11	NW_005054374.1	406301	406518	16.300	0
TguLTR11	NW_005054374.1	406950	407214	18.000	0
TguLTR5a	NW_005054374.1	424123	424683	22.200	0
TguLTR5b	NW_005054374.1	540513	540625	13.400	0
TguLTRL4c	NW_005054374.1	614903	615061	28.400	0
TguLTRL4c	NW_005054374.1	615379	615855	17.200	0
TguLTRL4d	NW_005054374.1	638430	639247	25.700	0
TguLTR5d	NW_005054374.1	787018	787304	19.900	0
TguLTR5d	NW_005054374.1	787308	787447	14.500	0
TguLTR5d	NW_005054374.1	802563	802908	24.100	0
TguLTR5e	NW_005054374.1	810028	810427	26.100	0
TguLTRL4c	NW_005054374.1	832990	833479	20.500	0
TguLTRL4c	NW_005054374.1	833898	834379	20.000	0
TguLTR5a	NW_005054374.1	946875	947452	20.300	0
TguLTR11	NW_005054374.1	971700	971921	19.300	0
TguLTR5d	NW_005054374.1	1030474	1030578	15.400	0
TguLTR5b	NW_005054374.1	1091350	1091693	19.700	0
TguLTR5b	NW_005054374.1	1092360	1092581	15.500	0
TguLTR5d	NW_005054374.1	1116205	1116408	19.500	0
TguLTR5d	NW_005054374.1	1116409	1116615	21.400	0
TguLTR5d	NW_005054374.1	1166928	1167480	23.300	0
TguLTR5e	NW_005054374.1	1208262	1208768	27.400	0
TguLTR5d	NW_005054374.1	1236697	1237071	18.900	0
TguLTR5d	NW_005054374.1	1237487	1237667	19.400	0
TguLTR5b	NW_005054374.1	1386691	1387278	13.600	0
TguLTR5a	NW_005054374.1	1502188	1502507	20.400	0
TguLTRL4b	NW_005054374.1	1540357	1541413	14.100	0
TguLTRL4b	NW_005054374.1	1644006	1644095	9.800	0
TguLTR5a	NW_005054374.1	1743055	1743507	21.300	0
TguLTRL4c	NW_005054374.1	1804743	1804899	30.100	0
TguLTRL4c	NW_005054374.1	1806712	1807024	19.100	0
TguLTR5c	NW_005054374.1	2001866	2002450	20.400	0
TguLTR5a	NW_005054374.1	2182307	2182448	17.100	0
TguLTR5d	NW_005054374.1	2188165	2188746	19.400	0
TguLTR5d	NW_005054374.1	2250986	2251531	18.200	0
TguLTR5d	NW_005054374.1	2312804	2313353	19.300	0
TguLTR5d	NW_005054374.1	2360479	2361061	19.900	0
TguLTRL4c	NW_005054374.1	2418431	2418498	11.900	0
TguLTR5b	NW_005054374.1	2610279	2610821	13.500	0
TguLTRL4d	NW_005054374.1	2785373	2785560	26.700	0
TguLTRL4c	NW_005054374.1	2907782	2908887	16.900	0
TguLTR5a	NW_005054374.1	2943368	2943516	25.900	0
TguLTR5d	NW_005054374.1	2948028	2948595	15.900	0
TguLTR5d	NW_005054374.1	2953858	2954002	17.600	0
TguLTR5a	NW_005054374.1	3030970	3031510	18.500	0
TguLTRL4d	NW_005054374.1	3195671	3196012	24.600	0
TguLTR5d	NW_005054374.1	3210318	3210802	21.800	0
TguLTR5d	NW_005054374.1	3210920	3211024	24.000	0
TguLTRL4d	NW_005054374.1	3233576	3233857	25.900	0
TguLTRL4d	NW_005054374.1	3233892	3234098	31.500	0
TguLTR5b	NW_005054374.1	3272770	3272835	18.700	0
TguLTR5a	NW_005054374.1	3279431	3279908	23.300	0
TguLTRL4b	NW_005054374.1	3330410	3331084	15.600	0
TguLTR11	NW_005054374.1	3392950	3393199	20.500	0
TguLTR11	NW_005054374.1	3393267	3393515	21.200	0
TguLTR5a	NW_005054374.1	3441993	3442194	23.200	0
TguLTR5b	NW_005054374.1	3510103	3510711	14.200	0
TguLTRL4c	NW_005054374.1	3523663	3524002	17.200	0
TguLTRL4c	NW_005054374.1	3524421	3524510	16.300	0
TguLTRL4b	NW_005054374.1	3592561	3593040	13.200	0
TguLTRL4d	NW_005054375.1	19670	19965	25.300	0
TguLTRL4b	NW_005054375.1	120259	120637	13.900	0
TguLTRL4c	NW_005054375.1	141085	142210	19.000	0
TguLTRL4c	NW_005054375.1	154767	155707	21.600	0
TguLTRL4b	NW_005054375.1	207652	208103	20.800	0
TguLTR5d	NW_005054375.1	321666	322235	19.400	0
TguLTRL4b	NW_005054375.1	601613	602647	16.500	0
TguLTR5b	NW_005054375.1	629149	629735	15.700	0
TguLTR5c	NW_005054375.1	658632	658856	20.200	0
TguLTRL4c	NW_005054375.1	752270	753245	20.200	0
TguLTRL4d	NW_005054375.1	768325	768793	25.200	0
TguLTRL4c	NW_005054375.1	1000908	1000989	19.800	0
TguLTRL4c	NW_005054375.1	1001020	1001476	18.100	0
TguLTR5a	NW_005054375.1	1014115	1014447	19.300	0
TguLTRL4d	NW_005054375.1	1105859	1106150	22.100	0
TguLTR5b	NW_005054375.1	1120163	1120746	11.800	0
TguLTR11	NW_005054375.1	1242410	1242897	18.900	0
TguLTR11	NW_005054375.1	1243267	1243712	17.900	0
TguLTR5b	NW_005054375.1	1520967	1521067	13.000	0
TguLTR5b	NW_005054375.1	1521084	1521323	10.500	0
TguLTRL4b	NW_005054375.1	1584276	1585257	18.500	0
TguLTRL4c	NW_005054375.1	1658077	1658903	19.100	0
TguLTR11	NW_005054375.1	1666919	1667268	20.600	0
TguLTR5e	NW_005054375.1	1675796	1676252	25.900	0
TguLTR5a	NW_005054375.1	1769072	1769623	21.100	0
TguLTR6a	NW_005054375.1	1995191	1995236	8.900	0
TguLTR6a	NW_005054375.1	1995274	1995509	17.500	0
TguLTR5a	NW_005054375.1	2032205	2032768	23.100	0
TguLTR5d	NW_005054375.1	2052464	2052881	23.900	0
TguLTR5e	NW_005054375.1	2085218	2085807	27.000	0
TguLTRL4c	NW_005054375.1	2137240	2137668	21.100	0
TguLTRL4d	NW_005054375.1	2141962	2142021	14.600	0
TguLTRL6b	NW_005054375.1	2150124	2150254	13.100	0
TguLTR5a	NW_005054375.1	2188296	2188897	19.000	0
TguLTRL6b	NW_005054375.1	2194891	2195358	19.800	0
TguLTRL4c	NW_005054375.1	2205553	2206464	27.500	0
TguLTR5a	NW_005054375.1	2225157	2225388	22.900	0
TguLTR5a	NW_005054375.1	2231367	2231756	23.200	0
TguLTR5a	NW_005054375.1	2232047	2232182	20.100	0
TguLTR5d	NW_005054375.1	2270727	2270911	22.900	0
TguLTR11	NW_005054375.1	2270911	2271832	14.500	0
TguLTR11	NW_005054375.1	2272109	2272168	10.200	0
TguLTR5d	NW_005054375.1	2272176	2272568	22.700	0
TguLTRL4b	NW_005054375.1	2333579	2334004	23.800	0
TguLTRL4b	NW_005054375.1	2334307	2334912	18.400	0
TguLTRL4b	NW_005054375.1	2336694	2337730	16.900	0
TguLTR5d	NW_005054375.1	2376778	2376948	30.500	0
TguLTR5d	NW_005054375.1	2433163	2433717	24.700	0
TguLTR5d	NW_005054375.1	2486170	2486730	24.100	0
TguLTRL4d	NW_005054375.1	2538992	2539341	27.400	0
TguLTRL4d	NW_005054375.1	2560867	2561057	23.000	0
TguLTR5a	NW_005054375.1	2562230	2562417	18.600	0
TguLTR5a	NW_005054375.1	2565809	2565977	21.900	0
TguLTR5a	NW_005054375.1	2574923	2575536	22.300	0
TguLTRL4c	NW_005054375.1	2590152	2590584	23.400	0
TguLTR5c	NW_005054375.1	2673160	2673224	18.800	0
TguLTR5a	NW_005054375.1	2680253	2680753	19.000	0
TguLTR5d	NW_005054375.1	2695197	2695754	22.900	0
TguLTR5b	NW_005054375.1	2713529	2713757	14.900	0
TguLTR5b	NW_005054375.1	2713759	2713921	19.900	0
TguLTRL4d	NW_005054375.1	2744102	2744554	30.900	0
TguLTRL4c	NW_005054375.1	2754469	2755448	21.900	0
TguLTR5a	NW_005054375.1	2793310	2793699	21.900	0
TguLTR5d	NW_005054375.1	2801476	2801605	23.300	0
TguLTR5c	NW_005054375.1	2803474	2804044	23.800	0
TguLTR5d	NW_005054375.1	2808204	2808698	22.300	0
TguLTR5e	NW_005054375.1	2811457	2811607	31.600	0
TguLTR5e	NW_005054375.1	2811708	2811980	26.500	0
TguLTR5d	NW_005054375.1	2821842	2822402	21.100	0
TguLTR5b	NW_005054375.1	2855906	2856485	16.100	0
TguLTRL4b	NW_005054375.1	2922320	2923322	19.300	0
TguLTR5b	NW_005054375.1	2925545	2926140	18.900	0
TguLTR5a	NW_005054375.1	2927116	2927600	22.200	0
TguLTR5d	NW_005054375.1	2942360	2942900	22.100	0
TguLTRL4c	NW_005054375.1	2956185	2956567	18.300	0
TguLTRL4b	NW_005054375.1	3017030	3017313	11.800	0
TguLTRL4c	NW_005054375.1	3041306	3042336	18.500	0
TguLTRL4c	NW_005054375.1	3069626	3070229	24.900	0
TguLTRL4c	NW_005054375.1	3142797	3143661	20.600	0
TguLTRL4c	NW_005054375.1	3160952	3161912	28.100	0
TguLTRL4c	NW_005054375.1	3370845	3371313	16.200	0
TguLTR11	NW_005054375.1	3376540	3376776	27.700	0
TguLTR5e	NW_005054375.1	3380921	3381444	25.700	0
TguLTRL6b	NW_005054375.1	3390146	3390284	25.400	0
TguLTRL4d	NW_005054375.1	3420287	3420779	23.400	0
TguLTRL4d	NW_005054375.1	3421485	3421672	23.500	0
TguLTRL4d	NW_005054375.1	3422112	3422378	32.900	0
TguLTR5e	NW_005054375.1	3582257	3582816	29.800	0
TguLTR11	NW_005054375.1	3582978	3583186	14.900	0
TguLTR5d	NW_005054375.1	3583452	3583630	26.800	0
TguLTR5a	NW_005054376.1	270156	270381	19.900	0
TguLTR5a	NW_005054376.1	398279	398334	16.400	0
TguLTR5a	NW_005054376.1	413732	414293	17.800	0
TguLTR5b	NW_005054376.1	445723	446297	13.400	0
TguLTRL4d	NW_005054376.1	498716	499279	23.700	0
TguLTR5c	NW_005054376.1	567502	567589	24.400	0
TguLTR6a	NW_005054376.1	587732	588005	21.500	0
TguLTR5d	NW_005054376.1	726743	727308	23.500	0
TguLTR11	NW_005054376.1	736344	736730	16.000	0
TguLTRL4c	NW_005054376.1	814619	815644	18.700	0
TguLTR5a	NW_005054376.1	845064	845578	23.800	0
TguLTRL4c	NW_005054376.1	917525	918515	18.000	0
TguLTR5b	NW_005054376.1	1001915	1002303	16.500	0
TguLTR11	NW_005054376.1	1011393	1011627	20.100	0
TguLTRL4b	NW_005054376.1	1019091	1020077	20.100	0
TguLTRL4b	NW_005054376.1	1022612	1023203	21.600	0
TguLTR5d	NW_005054376.1	1035426	1035609	18.000	0
TguLTRL4c	NW_005054376.1	1420657	1421787	17.500	0
TguLTR11	NW_005054376.1	1650646	1651018	19.200	0
TguLTRL4b	NW_005054376.1	1703543	1704605	16.300	0
TguLTR5d	NW_005054376.1	1808356	1808922	21.300	0
TguLTR5d	NW_005054376.1	1934960	1935335	28.300	0
TguLTR5b	NW_005054376.1	2043071	2043256	19.200	0
TguLTR5a	NW_005054376.1	2043256	2043375	21.900	0
TguLTR5d	NW_005054376.1	2145973	2146145	27.000	0
TguLTRL4c	NW_005054376.1	2281204	2282290	18.400	0
TguLTR5b	NW_005054376.1	2420564	2421152	16.400	0
TguLTR11	NW_005054376.1	2472900	2473071	23.700	0
TguLTRL4d	NW_005054376.1	2531399	2531530	21.500	0
TguLTRL4d	NW_005054376.1	2531689	2531825	25.900	0
TguLTR5c	NW_005054376.1	2641669	2642222	22.200	0
TguLTRL4b	NW_005054376.1	2775026	2776107	16.500	0
TguLTR5d	NW_005054376.1	2807518	2807629	22.500	0
TguLTR5d	NW_005054376.1	2808233	2808599	22.300	0
TguLTR5b	NW_005054376.1	2814343	2814929	16.400	0
TguLTR5d	NW_005054376.1	2944533	2944728	15.000	0
TguLTRL4c	NW_005054376.1	2954980	2955384	15.800	0
TguLTRL4c	NW_005054376.1	3054009	3054614	24.500	0
TguLTRL4d	NW_005054376.1	3055236	3055326	29.200	0
TguLTRL4c	NW_005054376.1	3141950	3142909	22.500	0
TguLTR5a	NW_005054376.1	3302261	3302846	17.400	0
TguLTR5d	NW_005054377.1	26613	27164	15.600	0
TguLTR5c	NW_005054377.1	678687	679229	17.500	0
TguLTR6a	NW_005054377.1	792976	793061	14.100	0
TguLTRL4c	NW_005054377.1	892594	893632	22.800	0
TguLTR5d	NW_005054377.1	982700	983236	23.400	0
TguLTR5b	NW_005054377.1	1009301	1009895	16.400	0
TguLTRL4b	NW_005054377.1	1088783	1088935	20.400	0
TguLTRL4b	NW_005054377.1	1088954	1089214	16.500	0
TguLTRL4d	NW_005054377.1	1444274	1444480	26.100	0
TguLTRL4c	NW_005054377.1	1490273	1490903	24.700	0
TguLTR6a	NW_005054377.1	1613713	1614136	23.300	0
TguLTR5d	NW_005054377.1	1712158	1712616	20.700	0
TguLTR5d	NW_005054377.1	1780014	1780583	19.500	0
TguLTR5d	NW_005054377.1	1949561	1950112	16.800	0
TguLTR5d	NW_005054377.1	1983540	1983634	16.100	0
TguLTR5c	NW_005054377.1	2017561	2017923	19.800	0
TguLTRL4b	NW_005054377.1	2149140	2149359	32.500	0
TguLTR5e	NW_005054377.1	2227030	2227091	21.300	0
TguLTR5d	NW_005054377.1	2239034	2239603	16.600	0
TguLTR5a	NW_005054377.1	2534532	2534580	8.300	0
TguLTRL4c	NW_005054377.1	2632757	2633442	19.900	0
TguLTR5c	NW_005054377.1	2816906	2817076	14.100	0
TguLTR5e	NW_005054377.1	3077247	3077524	23.600	0
TguLTRL4c	NW_005054377.1	3493999	3494357	20.700	0
TguLTRL4c	NW_005054378.1	218168	218545	23.800	0
TguLTRL4b	NW_005054378.1	247093	247667	21.900	0
TguLTR5c	NW_005054378.1	249054	249604	19.600	0
TguLTR11	NW_005054378.1	270544	270946	22.000	0
TguLTR5b	NW_005054378.1	303322	303916	14.100	0
TguLTRL4b	NW_005054378.1	349657	350595	14.900	0
TguLTRL4b	NW_005054378.1	351161	351307	18.600	0
TguLTR5a	NW_005054378.1	384784	385305	19.700	0
TguLTR5a	NW_005054378.1	408804	408980	19.900	0
TguLTR5a	NW_005054378.1	500363	500913	20.300	0
TguLTRL4b	NW_005054378.1	860737	861734	24.600	0
TguLTR5d	NW_005054378.1	923666	924153	21.400	0
TguLTR5a	NW_005054378.1	1127939	1128177	23.500	0
TguLTR5a	NW_005054378.1	1128267	1128390	24.200	0
TguLTR11	NW_005054378.1	1129306	1129558	19.900	0
TguLTR11	NW_005054378.1	1129644	1129888	21.400	0
TguLTRL4c	NW_005054378.1	1249281	1249904	16.900	0
TguLTR5d	NW_005054378.1	1447211	1447754	20.600	0
TguLTR5b	NW_005054378.1	1499397	1499923	14.500	0
TguLTR5d	NW_005054378.1	1582392	1582486	14.900	0
TguLTRL6b	NW_005054378.1	1594679	1595107	21.500	0
TguLTR5e	NW_005054378.1	1622193	1622312	30.800	0
TguLTR5e	NW_005054378.1	1622399	1622688	28.100	0
TguLTR5a	NW_005054378.1	1654974	1655328	23.100	0
TguLTR5e	NW_005054378.1	1715000	1715378	24.700	0
TguLTR5e	NW_005054378.1	1715411	1715529	27.100	0
TguLTR5d	NW_005054378.1	1782513	1782719	18.400	0
TguLTR5b	NW_005054378.1	1802857	1803377	20.700	0
TguLTRL4b	NW_005054378.1	1844149	1845112	21.200	0
TguLTR5a	NW_005054378.1	1894018	1894544	34.800	0
TguLTR5e	NW_005054378.1	1908063	1908346	32.500	0
TguLTR5e	NW_005054378.1	1908470	1908593	29.400	0
TguLTRL4b	NW_005054378.1	1961831	1962410	31.400	0
TguLTRL4c	NW_005054378.1	1997857	1998947	22.400	0
TguLTRL4c	NW_005054378.1	2013356	2014258	21.100	0
TguLTR5d	NW_005054378.1	2025324	2025890	20.400	0
TguLTR5b	NW_005054378.1	2033293	2033886	15.400	0
TguLTR5b	NW_005054378.1	2035967	2036560	15.400	0
TguLTR5c	NW_005054378.1	2071886	2072345	28.500	0
TguLTRL4c	NW_005054378.1	2073308	2074356	20.700	0
TguLTR5d	NW_005054378.1	2089994	2090138	24.200	0
TguLTR5d	NW_005054378.1	2090214	2090609	24.200	0
TguLTRL4b	NW_005054378.1	2124679	2125702	21.500	0
TguLTRL6b	NW_005054378.1	2146982	2147385	22.000	0
TguLTR5a	NW_005054378.1	2148235	2148847	21.800	0
TguLTRL4c	NW_005054378.1	2229518	2230617	24.500	0
TguLTRL4c	NW_005054378.1	2311983	2312735	21.400	0
TguLTR5b	NW_005054378.1	2314418	2314958	14.800	0
TguLTR5c	NW_005054378.1	2328734	2328984	25.300	0
TguLTRL4c	NW_005054378.1	2401367	2401542	23.700	0
TguLTRL4c	NW_005054378.1	2401581	2401722	22.700	0
TguLTR5d	NW_005054378.1	2403195	2403411	20.600	0
TguLTR6a	NW_005054378.1	2443249	2443538	24.800	0
TguLTR5d	NW_005054378.1	2466722	2467179	19.500	0
TguLTR5d	NW_005054378.1	2467225	2467367	16.200	0
TguLTRL4c	NW_005054378.1	2472750	2473365	22.300	0
TguLTRL4b	NW_005054378.1	2601280	2602331	22.100	0
TguLTR5b	NW_005054378.1	2635162	2635497	19.600	0
TguLTRL4d	NW_005054378.1	2645663	2645845	28.700	0
TguLTRL4d	NW_005054378.1	2646347	2646656	23.200	0
TguLTRL4b	NW_005054378.1	2683410	2684398	22.600	0
TguLTR5d	NW_005054378.1	2700276	2700550	29.000	0
TguLTR5d	NW_005054378.1	2700628	2700767	27.700	0
TguLTRL4c	NW_005054378.1	2760874	2760943	18.800	0
TguLTRL4c	NW_005054378.1	2760948	2761692	17.300	0
TguLTRL4c	NW_005054378.1	2761849	2762116	24.500	0
TguLTR5d	NW_005054378.1	2763779	2764349	23.300	0
TguLTR5d	NW_005054378.1	2786865	2787350	22.400	0
TguLTRL4c	NW_005054378.1	2853087	2853194	22.600	0
TguLTRL4c	NW_005054378.1	2853197	2853534	18.900	0
TguLTRL4c	NW_005054378.1	2868613	2869700	20.000	0
TguLTR5a	NW_005054378.1	2878357	2878914	23.900	0
TguLTRL4d	NW_005054378.1	2887282	2887489	25.100	0
TguLTRL4d	NW_005054378.1	2905600	2905744	21.100	0
TguLTRL4d	NW_005054378.1	2905997	2906252	25.000	0
TguLTR5b	NW_005054378.1	2930862	2931318	17.100	0
TguLTR5a	NW_005054378.1	3059372	3059736	22.600	0
TguLTR5d	NW_005054378.1	3070082	3070667	21.400	0
TguLTR5a	NW_005054378.1	3315136	3315321	19.500	0
TguLTR5a	NW_005054378.1	3315400	3315819	19.500	0
TguLTR5b	NW_005054379.1	9601	9915	25.200	0
TguLTR5d	NW_005054379.1	40449	40843	22.300	0
TguLTR5d	NW_005054379.1	40864	41075	20.500	0
TguLTRL4c	NW_005054379.1	45455	46186	19.800	0
TguLTR6a	NW_005054379.1	51203	51416	24.200	0
TguLTR5e	NW_005054379.1	64926	65501	26.500	0
TguLTRL4b	NW_005054379.1	79387	80396	18.500	0
TguLTR5b	NW_005054379.1	85178	85766	19.700	0
TguLTR5a	NW_005054379.1	91716	92264	21.200	0
TguLTR5e	NW_005054379.1	97647	98171	29.100	0
TguLTRL4d	NW_005054379.1	99725	99835	13.800	0
TguLTR5c	NW_005054379.1	153093	153676	16.500	0
TguLTR5a	NW_005054379.1	175520	175615	26.300	0
TguLTRL4b	NW_005054379.1	259630	260372	19.200	0
TguLTR5c	NW_005054379.1	262886	263489	18.200	0
TguLTR6a	NW_005054379.1	272769	273168	24.000	0
TguLTR5a	NW_005054379.1	275254	275844	25.300	0
TguLTRL4b	NW_005054379.1	297566	297678	13.400	0
TguLTRL4b	NW_005054379.1	298014	298314	28.100	0
TguLTRL4b	NW_005054379.1	353848	354116	31.100	0
TguLTRL4b	NW_005054379.1	354941	355079	25.200	0
TguLTR5b	NW_005054379.1	376700	377289	17.400	0
TguLTR5e	NW_005054379.1	476680	477003	23.500	0
TguLTR5d	NW_005054379.1	484013	484596	20.000	0
TguLTR5b	NW_005054379.1	547201	547755	14.900	0
TguLTR5b	NW_005054379.1	605416	605952	21.500	0
TguLTR6a	NW_005054379.1	738903	739299	22.000	0
TguLTR5d	NW_005054379.1	794378	794954	17.600	0
TguLTRL4b	NW_005054379.1	831438	832506	18.600	0
TguLTR5b	NW_005054379.1	956699	957340	18.300	0
TguLTRL4b	NW_005054379.1	1024748	1025758	18.000	0
TguLTR5a	NW_005054379.1	1043353	1043907	17.100	0
TguLTR5a	NW_005054379.1	1167410	1167583	21.600	0
TguLTR5a	NW_005054379.1	1167680	1168046	21.600	0
TguLTRL6b	NW_005054379.1	1187643	1187740	13.200	0
TguLTRL6b	NW_005054379.1	1239817	1240005	32.300	0
TguLTRL6b	NW_005054379.1	1240473	1240695	20.900	0
TguLTR5b	NW_005054379.1	1244649	1245245	19.900	0
TguLTR11	NW_005054379.1	1273187	1273452	17.000	0
TguLTR11	NW_005054379.1	1273921	1274082	25.500	0
TguLTRL4b	NW_005054379.1	1343890	1344954	20.700	0
TguLTR5d	NW_005054379.1	1422512	1423072	25.100	0
TguLTRL4c	NW_005054379.1	1454078	1455197	22.600	0
TguLTR5a	NW_005054379.1	1492860	1493456	26.200	0
TguLTR5d	NW_005054379.1	1514611	1515059	21.900	0
TguLTR5d	NW_005054379.1	1516322	1516406	25.000	0
TguLTRL4c	NW_005054379.1	1518166	1519204	24.400	0
TguLTR5b	NW_005054379.1	1534355	1534945	18.400	0
TguLTRL4d	NW_005054379.1	1544367	1544564	25.400	0
TguLTR11	NW_005054379.1	1556978	1557152	18.800	0
TguLTR11	NW_005054379.1	1557735	1557925	21.400	0
TguLTR5e	NW_005054379.1	1588842	1589127	28.400	0
TguLTR5d	NW_005054379.1	1592782	1593030	17.200	0
TguLTR5b	NW_005054379.1	1616046	1616232	18.800	0
TguLTRL4c	NW_005054379.1	1641641	1642195	25.200	0
TguLTR5b	NW_005054379.1	1651700	1652251	23.400	0
TguLTRL4d	NW_005054379.1	1656465	1656744	25.600	0
TguLTR5d	NW_005054379.1	1688857	1689444	26.000	0
TguLTR5b	NW_005054379.1	1713558	1714096	20.900	0
TguLTRL4b	NW_005054379.1	1723919	1724912	25.800	0
TguLTR5b	NW_005054379.1	1733492	1733829	22.600	0
TguLTR5d	NW_005054379.1	1733835	1734127	24.000	0
TguLTR11	NW_005054379.1	1742713	1742976	20.500	0
TguLTR11	NW_005054379.1	1743047	1743176	17.400	0
TguLTR5d	NW_005054379.1	1744248	1744346	23.600	0
TguLTR5d	NW_005054379.1	1744449	1744775	26.000	0
TguLTRL4c	NW_005054379.1	1749095	1750045	28.500	0
TguLTR11	NW_005054379.1	1793694	1794648	19.100	0
TguLTRL4b	NW_005054379.1	1820359	1821394	29.300	0
TguLTR6a	NW_005054379.1	1822509	1822920	23.000	0
TguLTRL6b	NW_005054379.1	1848755	1849028	23.000	0
TguLTR6a	NW_005054379.1	1849048	1849266	19.400	0
TguLTR5d	NW_005054379.1	1855929	1856382	23.300	0
TguLTR11	NW_005054379.1	1895915	1896207	22.000	0
TguLTR5d	NW_005054379.1	1908993	1909475	19.600	0
TguLTRL4c	NW_005054379.1	1909477	1909541	17.800	0
TguLTRL4c	NW_005054379.1	1921218	1921410	24.600	0
TguLTRL4c	NW_005054379.1	1921437	1921733	28.500	0
TguLTR11	NW_005054379.1	1936475	1936640	25.900	0
TguLTR11	NW_005054379.1	1936865	1937102	17.700	0
TguLTR5a	NW_005054379.1	1951688	1952215	22.100	0
TguLTRL4b	NW_005054379.1	1976290	1976561	35.100	0
TguLTR5a	NW_005054379.1	2009582	2009987	23.500	0
TguLTR5a	NW_005054379.1	2010025	2010216	23.400	0
TguLTR5d	NW_005054379.1	2019871	2020367	17.700	0
TguLTRL4b	NW_005054379.1	2029726	2030828	21.900	0
TguLTRL4b	NW_005054379.1	2055863	2056894	21.100	0
TguLTRL6b	NW_005054379.1	2088617	2088784	21.900	0
TguLTR11	NW_005054379.1	2094233	2094511	18.700	0
TguLTR5e	NW_005054379.1	2128227	2128304	24.300	0
TguLTR11	NW_005054379.1	2149856	2150059	19.900	0
TguLTR5d	NW_005054379.1	2179914	2179993	20.300	0
TguLTR5d	NW_005054379.1	2180019	2180469	23.600	0
TguLTRL4c	NW_005054379.1	2180863	2181111	23.300	0
TguLTR11	NW_005054379.1	2191568	2191815	21.900	0
TguLTRL4b	NW_005054379.1	2192540	2193590	20.800	0
TguLTR5d	NW_005054379.1	2251421	2251994	19.200	0
TguLTR5d	NW_005054379.1	2281992	2282582	26.600	0
TguLTRL4d	NW_005054379.1	2304166	2304626	25.200	0
TguLTR5c	NW_005054379.1	2356210	2356741	24.100	0
TguLTR5d	NW_005054379.1	2356842	2357403	21.000	0
TguLTR5a	NW_005054379.1	2441605	2442170	24.400	0
TguLTRL4d	NW_005054379.1	2475376	2475808	27.100	0
TguLTR5a	NW_005054379.1	2488189	2488275	25.600	0
TguLTR6a	NW_005054379.1	2498519	2498606	12.800	0
TguLTR6a	NW_005054379.1	2498839	2499122	24.400	0
TguLTRL6b	NW_005054379.1	2513530	2513908	27.800	0
TguLTR6a	NW_005054379.1	2514661	2515027	28.600	0
TguLTRL4b	NW_005054379.1	2558707	2559684	19.500	0
TguLTR5d	NW_005054379.1	2578307	2578844	22.200	0
TguLTRL4c	NW_005054379.1	2590753	2591794	29.700	0
TguLTRL4c	NW_005054379.1	2609307	2609666	22.500	0
TguLTRL4c	NW_005054379.1	2609667	2609712	24.400	0
TguLTRL4b	NW_005054379.1	2624379	2625453	21.100	0
TguLTR5c	NW_005054379.1	2626126	2626211	17.500	0
TguLTRL4b	NW_005054379.1	2658614	2659659	20.900	0
TguLTR5d	NW_005054379.1	2668547	2669102	16.400	0
TguLTR11	NW_005054379.1	2676873	2677163	20.600	0
TguLTR11	NW_005054379.1	2677243	2677490	20.100	0
TguLTR5c	NW_005054379.1	2684789	2685246	21.400	0
TguLTRL4c	NW_005054379.1	2702138	2703213	21.000	0
TguLTRL4c	NW_005054379.1	2704124	2704896	24.500	0
TguLTRL4c	NW_005054379.1	2733635	2734106	23.500	0
TguLTRL4c	NW_005054379.1	2757281	2758355	25.600	0
TguLTRL4b	NW_005054379.1	2769134	2770196	20.600	0
TguLTR11	NW_005054379.1	2844649	2844876	25.400	0
TguLTRL4c	NW_005054379.1	2846196	2846988	18.900	0
TguLTR11	NW_005054379.1	2907034	2907406	19.100	0
TguLTR5a	NW_005054379.1	2908206	2908626	20.600	0
TguLTRL4b	NW_005054379.1	2915535	2916637	18.700	0
TguLTR5d	NW_005054379.1	3084185	3084759	18.200	0
TguLTR5a	NW_005054379.1	3085809	3085950	19.800	0
TguLTR5e	NW_005054379.1	3111427	3111960	23.800	0
TguLTRL4c	NW_005054379.1	3162479	3162646	21.000	0
TguLTR5a	NW_005054379.1	3183783	3184061	20.500	0
TguLTR5a	NW_005054379.1	3206005	3206583	19.500	0
TguLTR5c	NW_005054379.1	3219431	3219995	22.500	0
TguLTR5b	NW_005054379.1	3233648	3234269	16.100	0
TguLTR5a	NW_005054379.1	3262119	3262457	17.700	0
TguLTR5a	NW_005054379.1	3339603	3339918	23.200	0
TguLTR5b	NW_005054380.1	46362	46864	17.200	0
TguLTRL4d	NW_005054380.1	63259	63487	24.100	0
TguLTR11	NW_005054380.1	484503	484917	18.400	0
TguLTR11	NW_005054380.1	681556	681985	16.700	0
TguLTRL4b	NW_005054380.1	708482	708560	23.100	0
TguLTR5a	NW_005054380.1	768190	768240	14.000	0
TguLTRL4c	NW_005054380.1	868507	868686	17.400	0
TguLTR5d	NW_005054380.1	1151282	1151392	19.100	0
TguLTR5d	NW_005054380.1	1151781	1151924	23.400	0
TguLTR5b	NW_005054380.1	1316573	1316640	16.400	0
TguLTR5b	NW_005054380.1	1316640	1316703	9.500	0
TguLTRL4c	NW_005054380.1	1590843	1591024	18.400	0
TguLTR5d	NW_005054380.1	1911581	1911811	21.100	0
TguLTR5d	NW_005054380.1	1927059	1927473	20.500	0
TguLTR11	NW_005054380.1	1999208	1999315	29.200	0
TguLTR11	NW_005054380.1	2000068	2000228	26.500	0
TguLTR11	NW_005054380.1	2251760	2251893	22.700	0
TguLTR11	NW_005054380.1	2252279	2252502	18.200	0
TguLTR5d	NW_005054380.1	2280300	2280852	17.700	0
TguLTR6a	NW_005054380.1	2321769	2322113	18.900	0
TguLTR5b	NW_005054380.1	2536659	2537004	18.300	0
TguLTRL4b	NW_005054380.1	2537700	2538519	22.100	0
TguLTRL4c	NW_005054380.1	2742810	2743203	22.700	0
TguLTRL4b	NW_005054380.1	2810764	2811186	20.600	0
TguLTR5e	NW_005054380.1	3127530	3127703	23.300	0
TguLTR5d	NW_005054380.1	3377590	3378127	24.900	0
TguLTRL4b	NW_005054380.1	3379194	3380404	18.600	0
TguLTRL4c	NW_005054381.1	84372	84766	21.400	0
TguLTR11	NW_005054381.1	143357	143592	19.400	0
TguLTRL4b	NW_005054381.1	197504	197681	24.300	0
TguLTR6a	NW_005054381.1	200040	200170	20.800	0
TguLTR6a	NW_005054381.1	201211	201597	20.200	0
TguLTRL4b	NW_005054381.1	316366	316501	22.400	0
TguLTRL4c	NW_005054381.1	343208	343471	25.500	0
TguLTR11	NW_005054381.1	394780	394962	19.400	0
TguLTR11	NW_005054381.1	395476	395625	13.300	0
TguLTR6a	NW_005054381.1	434578	434944	19.900	0
TguLTR6a	NW_005054381.1	442553	442964	20.100	0
TguLTR5c	NW_005054381.1	443447	444001	18.600	0
TguLTR5d	NW_005054381.1	446874	447449	18.500	0
TguLTRL4b	NW_005054381.1	495526	495928	18.300	0
TguLTRL4c	NW_005054381.1	496266	496538	22.100	0
TguLTRL4c	NW_005054381.1	615731	615821	15.700	0
TguLTRL4c	NW_005054381.1	615858	616268	17.700	0
TguLTR6a	NW_005054381.1	633533	633946	26.000	0
TguLTR6a	NW_005054381.1	730891	731110	12.100	0
TguLTR5d	NW_005054381.1	755272	755525	15.800	0
TguLTRL6b	NW_005054381.1	915638	915775	22.100	0
TguLTRL4b	NW_005054381.1	945107	945313	12.100	0
TguLTRL6b	NW_005054381.1	949351	949488	21.300	0
TguLTR5a	NW_005054381.1	993230	993328	17.500	0
TguLTR5a	NW_005054381.1	993643	993837	22.700	0
TguLTR5a	NW_005054381.1	994366	994687	20.900	0
TguLTRL4d	NW_005054381.1	1528657	1528889	21.600	0
TguLTRL4c	NW_005054381.1	1600716	1600843	16.500	0
TguLTR5a	NW_005054381.1	1611458	1611701	22.600	0
TguLTRL4c	NW_005054381.1	1815870	1816430	20.000	0
TguLTRL4c	NW_005054381.1	2023120	2023691	21.100	0
TguLTRL4c	NW_005054381.1	2052342	2053095	19.200	0
TguLTRL4c	NW_005054381.1	2281575	2282337	27.200	0
TguLTR5c	NW_005054381.1	2339769	2339955	20.400	0
TguLTR5b	NW_005054382.1	46023	46331	15.300	0
TguLTR5b	NW_005054382.1	46346	46492	13.000	0
TguLTRL4b	NW_005054382.1	186816	186906	22.200	0
TguLTR5d	NW_005054382.1	193741	194302	20.700	0
TguLTR5e	NW_005054382.1	686163	686264	25.500	0
TguLTR5e	NW_005054382.1	686395	686660	24.700	0
TguLTR5e	NW_005054382.1	707377	707926	28.600	0
TguLTRL4c	NW_005054382.1	712935	713036	16.800	0
TguLTRL4c	NW_005054382.1	713036	713433	27.500	0
TguLTR5b	NW_005054382.1	731131	731668	11.900	0
TguLTR11	NW_005054382.1	746298	746539	17.200	0
TguLTR11	NW_005054382.1	747056	747218	26.100	0
TguLTR11	NW_005054382.1	747244	747302	19.300	0
TguLTRL4c	NW_005054382.1	828323	829061	21.400	0
TguLTRL4c	NW_005054382.1	829541	829742	20.600	0
TguLTR5a	NW_005054382.1	887610	887712	14.700	0
TguLTRL4c	NW_005054382.1	926528	927556	22.500	0
TguLTR11	NW_005054382.1	1039739	1039852	21.600	0
TguLTR11	NW_005054382.1	1039950	1040106	19.900	0
TguLTR5a	NW_005054382.1	1477125	1477702	18.900	0
TguLTRL4c	NW_005054382.1	1673746	1674864	20.500	0
TguLTR5e	NW_005054382.1	1729507	1730038	26.200	0
TguLTRL4b	NW_005054382.1	1779134	1780072	20.000	0
TguLTR5a	NW_005054382.1	1821168	1821352	22.700	0
TguLTR5a	NW_005054382.1	1821386	1821702	22.700	0
TguLTR5a	NW_005054382.1	1825552	1825961	17.200	0
TguLTR5b	NW_005054382.1	1836650	1836962	16.500	0
TguLTRL4c	NW_005054382.1	1856687	1856930	22.400	0
TguLTRL4d	NW_005054382.1	1858307	1859145	26.000	0
TguLTR5d	NW_005054382.1	1898583	1899150	18.100	0
TguLTR5d	NW_005054382.1	1939814	1940414	18.400	0
TguLTR5a	NW_005054382.1	2028124	2028736	19.700	0
TguLTRL4c	NW_005054382.1	2090624	2090888	22.700	0
TguLTR5b	NW_005054382.1	2091252	2091841	12.300	0
TguLTRL4c	NW_005054382.1	2093156	2093997	19.600	0
TguLTRL4c	NW_005054382.1	2102040	2102432	20.400	0
TguLTRL6b	NW_005054382.1	2112485	2112573	25.000	0
TguLTR5e	NW_005054382.1	2155289	2155413	28.000	0
TguLTR5d	NW_005054382.1	2162623	2163110	25.500	0
TguLTRL4d	NW_005054382.1	2217610	2217786	25.400	0
TguLTRL4d	NW_005054382.1	2217872	2218048	31.400	0
TguLTR5e	NW_005054382.1	2337655	2337801	29.800	0
TguLTR5e	NW_005054382.1	2337976	2338156	20.800	0
TguLTRL4d	NW_005054382.1	2388390	2389315	26.800	0
TguLTRL4c	NW_005054382.1	2470363	2470477	16.700	0
TguLTRL4c	NW_005054382.1	2471229	2471851	21.800	0
TguLTR5a	NW_005054382.1	2479684	2480233	20.900	0
TguLTR5d	NW_005054382.1	2555827	2556401	19.600	0
TguLTRL4d	NW_005054382.1	2620971	2621201	26.400	0
TguLTRL4d	NW_005054382.1	2621486	2621716	22.300	0
TguLTR11	NW_005054382.1	2649158	2649809	14.700	0
TguLTR11	NW_005054382.1	2649864	2649926	14.500	0
TguLTRL4c	NW_005054382.1	2652934	2653317	19.600	0
TguLTR5a	NW_005054382.1	2662237	2662810	18.800	0
TguLTRL6b	NW_005054382.1	2708812	2709250	18.600	0
TguLTR5a	NW_005054382.1	2731031	2731622	22.800	0
TguLTR5d	NW_005054382.1	2738599	2739192	18.900	0
TguLTRL4d	NW_005054382.1	2743972	2744799	24.600	0
TguLTRL4d	NW_005054382.1	2746555	2746735	15.400	0
TguLTR6a	NW_005054382.1	2772008	2772477	18.800	0
TguLTRL4b	NW_005054382.1	2800813	2801857	19.500	0
TguLTRL4b	NW_005054382.1	2803384	2804074	19.200	0
TguLTR5d	NW_005054382.1	2823216	2823798	18.100	0
TguLTRL4d	NW_005054382.1	2833159	2833503	27.300	0
TguLTRL4c	NW_005054382.1	2866570	2867522	25.500	0
TguLTR5a	NW_005054382.1	2871152	2871553	18.700	0
TguLTR5a	NW_005054382.1	2871594	2871817	22.100	0
TguLTR5e	NW_005054382.1	2881619	2882141	26.500	0
TguLTR5a	NW_005054382.1	2897313	2897910	19.300	0
TguLTR5a	NW_005054382.1	2910339	2910386	17.000	0
TguLTRL4c	NW_005054382.1	2941598	2942520	22.700	0
TguLTRL4c	NW_005054382.1	2984256	2984450	11.900	0
TguLTRL4c	NW_005054382.1	2988067	2988703	19.900	0
TguLTR5d	NW_005054382.1	3033091	3033641	16.600	0
TguLTR5d	NW_005054382.1	3116197	3116780	16.400	0
TguLTR5a	NW_005054382.1	3121174	3121372	17.200	0
TguLTR5b	NW_005054382.1	3145273	3145816	18.600	0
TguLTR5e	NW_005054382.1	3173922	3174209	33.100	0
TguLTR5a	NW_005054382.1	3240156	3240569	20.800	0
TguLTR11	NW_005054382.1	3271598	3271770	23.100	0
TguLTR11	NW_005054382.1	3271812	3271914	23.100	0
TguLTR11	NW_005054382.1	3272143	3272298	25.600	0
TguLTRL4d	NW_005054382.1	3273308	3273674	29.900	0
TguLTR5d	NW_005054382.1	3273686	3274180	22.000	0
TguLTR5d	NW_005054382.1	3274229	3274314	22.000	0
TguLTRL4d	NW_005054382.1	3274328	3274746	28.200	0
TguLTR5e	NW_005054382.1	3286199	3286716	26.600	0
TguLTRL4d	NW_005054383.1	16305	16510	22.000	0
TguLTR5a	NW_005054383.1	153801	153951	27.600	0
TguLTR5a	NW_005054383.1	155248	155303	23.600	0
TguLTRL4b	NW_005054383.1	157707	158814	20.400	0
TguLTR6a	NW_005054383.1	175722	176109	19.200	0
TguLTR5d	NW_005054383.1	202346	202922	18.500	0
TguLTRL6b	NW_005054383.1	255857	255948	21.400	0
TguLTRL4b	NW_005054383.1	272828	273616	25.400	0
TguLTRL4b	NW_005054383.1	273997	274187	21.100	0
TguLTRL4b	NW_005054383.1	475512	476546	19.700	22
TguLTR5a	NW_005054383.1	876401	876954	23.400	0
TguLTR5d	NW_005054383.1	958724	958972	20.200	0
TguLTR5a	NW_005054383.1	989792	990325	17.600	0
TguLTRL4c	NW_005054383.1	1009079	1009377	13.700	0
TguLTR5d	NW_005054383.1	1510809	1511351	16.200	0
TguLTR5d	NW_005054383.1	1760036	1760432	17.000	0
TguLTRL4b	NW_005054383.1	1777459	1777507	14.600	0
TguLTRL4b	NW_005054383.1	1777644	1778659	17.400	0
TguLTR5a	NW_005054383.1	2058563	2059106	18.600	0
TguLTR6a	NW_005054383.1	2072447	2072653	15.100	0
TguLTR6a	NW_005054383.1	2072653	2072699	10.900	0
TguLTR6a	NW_005054383.1	2429087	2429518	19.000	0
TguLTRL6b	NW_005054383.1	2432104	2432435	15.200	0
TguLTR5e	NW_005054383.1	2937736	2938276	27.500	0
TguLTR5a	NW_005054383.1	3150569	3150666	13.400	0
TguLTR5a	NW_005054383.1	3223941	3224479	22.800	0
TguLTR5a	NW_005054384.1	51843	51946	17.000	0
TguLTR5a	NW_005054384.1	117877	118427	18.500	0
TguLTRL4c	NW_005054384.1	140841	141877	16.800	0
TguLTR5d	NW_005054384.1	400181	400757	19.700	0
TguLTR5d	NW_005054384.1	402109	402167	16.100	0
TguLTR5a	NW_005054384.1	641215	641349	18.700	0
TguLTR5a	NW_005054384.1	725156	725586	17.000	0
TguLTR5a	NW_005054384.1	725993	726102	8.400	0
TguLTR5d	NW_005054384.1	853189	853368	19.000	0
TguLTR5c	NW_005054384.1	954959	955415	17.400	0
TguLTRL6b	NW_005054384.1	1047075	1047129	17.300	0
TguLTR5a	NW_005054384.1	1462397	1462490	18.300	0
TguLTR5e	NW_005054384.1	1651032	1651214	24.000	0
TguLTR5e	NW_005054384.1	1651324	1651469	27.500	0
TguLTR5a	NW_005054384.1	1678472	1678917	16.600	0
TguLTR5b	NW_005054384.1	1749765	1749904	7.200	0
TguLTR5d	NW_005054384.1	1782091	1782195	24.300	0
TguLTR5d	NW_005054384.1	1782202	1782366	18.300	0
TguLTRL4c	NW_005054384.1	1941423	1942112	25.600	0
TguLTRL4b	NW_005054384.1	2238039	2238512	20.900	0
TguLTRL4b	NW_005054384.1	2238593	2238902	20.900	0
TguLTR5c	NW_005054384.1	2556646	2556889	20.800	0
TguLTR5b	NW_005054384.1	2610025	2610493	13.800	0
TguLTR5d	NW_005054384.1	2650009	2650295	20.800	0
TguLTR5d	NW_005054384.1	2650713	2650976	14.100	0
TguLTR5d	NW_005054384.1	2749868	2750445	21.700	0
TguLTRL4c	NW_005054384.1	2845019	2845387	18.100	0
TguLTR5a	NW_005054384.1	3126371	3126592	20.400	0
TguLTR5b	NW_005054385.1	55208	55756	16.100	0
TguLTRL4b	NW_005054385.1	88368	88661	31.900	0
TguLTR5d	NW_005054385.1	112725	113149	26.300	0
TguLTRL4c	NW_005054385.1	129093	129439	24.900	0
TguLTR11	NW_005054385.1	167696	168371	24.400	0
TguLTR5a	NW_005054385.1	187568	187761	30.600	0
TguLTR5e	NW_005054385.1	195630	195985	31.200	0
TguLTRL4b	NW_005054385.1	196127	196281	23.200	0
TguLTR5b	NW_005054385.1	240273	240824	16.000	0
TguLTRL4c	NW_005054385.1	245265	246342	22.000	0
TguLTR5c	NW_005054385.1	314411	314510	14.300	0
TguLTR6a	NW_005054385.1	441084	441254	23.700	0
TguLTR5a	NW_005054385.1	443762	444317	23.400	0
TguLTR5c	NW_005054385.1	470100	470693	16.200	0
TguLTR5b	NW_005054385.1	476931	477514	15.700	0
TguLTR11	NW_005054385.1	491890	492179	22.800	0
TguLTRL4c	NW_005054385.1	492181	492503	22.300	0
TguLTR5a	NW_005054385.1	492869	493258	23.200	0
TguLTR5b	NW_005054385.1	544992	545295	17.900	0
TguLTR5a	NW_005054385.1	584291	584850	24.700	0
TguLTRL4c	NW_005054385.1	639724	639911	21.400	0
TguLTR5c	NW_005054385.1	640180	640782	22.400	0
TguLTR5a	NW_005054385.1	654269	654662	23.100	0
TguLTR5e	NW_005054385.1	708510	709026	28.100	0
TguLTR5b	NW_005054385.1	735028	735123	17.000	0
TguLTRL4b	NW_005054385.1	746821	747851	18.400	0
TguLTR5a	NW_005054385.1	775152	775627	23.400	0
TguLTR5a	NW_005054385.1	920306	920844	23.600	0
TguLTRL4d	NW_005054385.1	922806	923413	24.800	0
TguLTR5b	NW_005054385.1	928177	928753	18.800	0
TguLTR5d	NW_005054385.1	931962	932522	24.900	0
TguLTRL4c	NW_005054385.1	932920	933036	15.700	0
TguLTR5d	NW_005054385.1	933536	934110	22.000	0
TguLTR5d	NW_005054385.1	939497	939979	16.300	0
TguLTR5b	NW_005054385.1	967135	967709	14.800	0
TguLTR5d	NW_005054385.1	1056234	1056795	17.500	0
TguLTR5d	NW_005054385.1	1061933	1062133	21.800	0
TguLTRL4c	NW_005054385.1	1095961	1096396	21.300	0
TguLTRL4b	NW_005054385.1	1096720	1096890	21.900	0
TguLTR5a	NW_005054385.1	1112896	1113070	16.700	0
TguLTRL6b	NW_005054385.1	1213864	1214050	19.500	0
TguLTR6a	NW_005054385.1	1214110	1214234	16.800	0
TguLTR5c	NW_005054385.1	1217011	1217295	16.500	0
TguLTR6a	NW_005054385.1	1286454	1286901	23.200	0
TguLTRL4c	NW_005054385.1	1531995	1532446	18.300	0
TguLTRL4c	NW_005054385.1	1541737	1542694	17.900	0
TguLTRL4b	NW_005054385.1	1542694	1542877	22.200	0
TguLTRL4b	NW_005054385.1	1543282	1544071	25.800	0
TguLTRL4c	NW_005054385.1	1547293	1548033	21.300	0
TguLTRL4b	NW_005054385.1	1549477	1550344	27.600	0
TguLTRL4c	NW_005054385.1	1567950	1568075	23.600	0
TguLTRL4b	NW_005054385.1	1603667	1604562	22.600	0
TguLTR5c	NW_005054385.1	1604567	1604979	21.700	0
TguLTR5c	NW_005054385.1	1685772	1686355	19.000	0
TguLTR5a	NW_005054385.1	1696215	1696777	21.400	0
TguLTR5a	NW_005054385.1	1701931	1702310	22.300	0
TguLTR5a	NW_005054385.1	1702391	1702574	22.300	0
TguLTR5a	NW_005054385.1	1703176	1703619	17.600	0
TguLTR5a	NW_005054385.1	1867658	1867805	19.700	0
TguLTR5a	NW_005054385.1	1910939	1911489	20.700	0
TguLTR5d	NW_005054385.1	1991239	1991694	28.300	0
TguLTR5b	NW_005054385.1	2088358	2088847	14.400	0
TguLTR5b	NW_005054385.1	2089532	2089651	21.900	0
TguLTRL6b	NW_005054385.1	2146385	2146613	22.800	0
TguLTRL4b	NW_005054385.1	2194041	2195156	21.700	0
TguLTR5b	NW_005054385.1	2332471	2332935	18.800	0
TguLTRL4b	NW_005054385.1	2498146	2498917	28.600	0
TguLTRL4b	NW_005054385.1	2499340	2499501	24.000	0
TguLTR5c	NW_005054385.1	2553684	2554209	22.400	0
TguLTR5e	NW_005054385.1	2571723	2572264	25.700	0
TguLTR5c	NW_005054385.1	2602620	2603209	19.900	0
TguLTR5a	NW_005054385.1	2630393	2630773	18.500	0
TguLTR6a	NW_005054385.1	2647182	2647598	24.200	0
TguLTR6a	NW_005054385.1	2676136	2676573	22.800	0
TguLTR5a	NW_005054385.1	2678117	2678599	20.300	0
TguLTR11	NW_005054385.1	2699495	2699763	24.700	0
TguLTRL4c	NW_005054385.1	2702533	2703594	23.000	0
TguLTRL4d	NW_005054385.1	2865757	2866621	28.300	0
TguLTR5b	NW_005054385.1	2891360	2891944	13.200	0
TguLTRL4d	NW_005054385.1	2934260	2934718	26.200	0
TguLTR5a	NW_005054385.1	2939627	2939893	19.000	0
TguLTR6a	NW_005054385.1	2964711	2965119	22.600	0
TguLTR5a	NW_005054385.1	2971813	2972160	16.700	0
TguLTRL4b	NW_005054385.1	3001048	3002002	20.600	0
TguLTR5b	NW_005054385.1	3014092	3014693	21.700	0
TguLTR5b	NW_005054385.1	3048254	3048814	13.400	0
TguLTR5a	NW_005054385.1	3077624	3077827	27.400	0
TguLTR5a	NW_005054385.1	3077879	3078353	21.000	0
TguLTR5a	NW_005054385.1	3083265	3083367	20.600	0
TguLTR5a	NW_005054385.1	3083405	3083780	20.600	0
TguLTRL4b	NW_005054385.1	3125743	3126741	25.600	0
TguLTR6a	NW_005054385.1	3164543	3164956	23.500	0
TguLTR5b	NW_005054385.1	3171769	3172365	15.900	0
TguLTRL4c	NW_005054386.1	200309	200496	22.100	0
TguLTR5b	NW_005054386.1	201059	201298	14.800	0
TguLTR5d	NW_005054386.1	244524	244752	20.300	0
TguLTR5d	NW_005054386.1	244995	245244	11.200	0
TguLTR5d	NW_005054386.1	288358	288870	20.900	0
TguLTR5a	NW_005054386.1	322368	322720	25.100	0
TguLTR5c	NW_005054386.1	525300	525846	27.000	0
TguLTR5c	NW_005054386.1	962729	962806	19.500	0
TguLTR5e	NW_005054386.1	1055279	1055519	30.200	0
TguLTRL4c	NW_005054386.1	1245399	1245607	22.100	0
TguLTRL4d	NW_005054386.1	1493817	1494090	28.700	0
TguLTRL4c	NW_005054386.1	1632748	1632927	25.900	0
TguLTR5b	NW_005054386.1	1682337	1682627	20.300	0
TguLTR5d	NW_005054386.1	1697158	1697283	22.400	0
TguLTR5d	NW_005054386.1	1697307	1697499	11.500	0
TguLTR5d	NW_005054386.1	1906562	1906807	18.400	0
TguLTR5d	NW_005054386.1	1906874	1907030	17.300	0
TguLTR5d	NW_005054386.1	2240412	2240961	18.400	0
TguLTR5d	NW_005054386.1	2318372	2318506	19.900	0
TguLTR5e	NW_005054386.1	2666294	2666437	26.000	0
TguLTR5a	NW_005054386.1	2730790	2731281	24.700	0
TguLTR11	NW_005054386.1	2804972	2805017	22.200	0
TguLTR5d	NW_005054386.1	2964296	2964857	18.100	0
TguLTRL4b	NW_005054386.1	3048843	3049862	19.700	0
TguLTRL4c	NW_005054386.1	3082718	3083164	20.800	0
TguLTR5a	NW_005054386.1	3122784	3122878	21.300	0
TguLTR5e	NW_005054387.1	671939	672149	25.600	0
TguLTR5a	NW_005054387.1	816140	816675	22.100	0
TguLTR5a	NW_005054387.1	1325299	1325740	22.400	0
TguLTRL4c	NW_005054387.1	1386843	1386944	13.900	0
TguLTR5a	NW_005054387.1	1564021	1564096	24.000	0
TguLTR5a	NW_005054387.1	2231573	2232050	21.100	0
TguLTRL4c	NW_005054387.1	2664302	2664584	16.400	0
TguLTRL4b	NW_005054388.1	668220	668300	16.700	0
TguLTRL4b	NW_005054388.1	698062	698765	20.900	0
TguLTRL4b	NW_005054388.1	698932	699384	16.500	0
TguLTR5a	NW_005054388.1	849984	850537	24.800	0
TguLTR5a	NW_005054388.1	1311051	1311411	14.300	0
TguLTR5a	NW_005054388.1	1311430	1311534	21.300	0
TguLTR5e	NW_005054388.1	1675068	1675601	27.100	0
TguLTRL4d	NW_005054388.1	1708312	1708451	23.400	0
TguLTRL4d	NW_005054388.1	1708649	1708721	19.500	0
TguLTR5b	NW_005054388.1	1797267	1797397	14.600	0
TguLTRL4d	NW_005054388.1	1941362	1941697	21.700	0
TguLTRL4c	NW_005054388.1	2373555	2373735	22.800	0
TguLTR5a	NW_005054388.1	2436090	2436442	20.400	0
TguLTRL6b	NW_005054388.1	2744908	2745090	19.400	0
TguLTRL4b	NW_005054388.1	2871504	2871823	21.200	0
TguLTRL4b	NW_005054388.1	2871926	2872471	22.900	0
TguLTRL4b	NW_005054388.1	2873254	2873367	19.500	0
TguLTR5d	NW_005054388.1	2886484	2887013	18.900	0
TguLTRL4d	NW_005054389.1	225944	226171	26.900	0
TguLTRL4b	NW_005054389.1	242847	243199	16.600	0
TguLTRL4b	NW_005054389.1	243437	243684	21.800	0
TguLTRL4b	NW_005054389.1	243725	243946	13.700	0
TguLTR5b	NW_005054389.1	274469	274822	18.400	0
TguLTR11	NW_005054389.1	404822	404879	12.300	0
TguLTRL4c	NW_005054389.1	476977	477888	20.600	0
TguLTRL4d	NW_005054389.1	543247	543644	27.000	0
TguLTR6a	NW_005054389.1	560495	560926	19.800	0
TguLTRL4b	NW_005054389.1	562032	562265	18.200	0
TguLTR6a	NW_005054389.1	567430	567504	20.600	0
TguLTRL4b	NW_005054389.1	607765	608719	19.900	7
TguLTRL6b	NW_005054389.1	611931	612340	19.600	0
TguLTR5b	NW_005054389.1	668766	668835	20.300	0
TguLTRL4c	NW_005054389.1	693122	693300	24.500	0
TguLTRL4c	NW_005054389.1	693695	694580	26.600	0
TguLTRL4c	NW_005054389.1	726682	727570	22.700	0
TguLTRL4c	NW_005054389.1	762336	762574	15.900	0
TguLTRL4b	NW_005054389.1	1160703	1160839	26.100	0
TguLTRL4b	NW_005054389.1	1170670	1171638	19.600	0
TguLTRL4c	NW_005054389.1	1471197	1471998	22.800	0
TguLTRL4b	NW_005054389.1	1487510	1487798	21.300	0
TguLTRL4b	NW_005054389.1	1487808	1488038	22.100	0
TguLTRL4c	NW_005054389.1	1618165	1619141	19.900	0
TguLTR5a	NW_005054389.1	1651657	1652183	19.700	0
TguLTRL4d	NW_005054389.1	1774588	1774762	17.900	0
TguLTRL4b	NW_005054389.1	1836115	1836301	26.600	0
TguLTR5b	NW_005054389.1	2149289	2149861	15.800	0
TguLTRL4b	NW_005054389.1	2324944	2326029	20.000	0
TguLTRL4c	NW_005054389.1	2327433	2328186	18.600	0
TguLTRL4c	NW_005054389.1	2380077	2380468	17.800	0
TguLTRL4d	NW_005054389.1	2412783	2412913	30.800	0
TguLTR5a	NW_005054389.1	2675886	2675952	18.200	0
TguLTR5d	NW_005054390.1	15497	15587	20.000	0
TguLTRL4c	NW_005054390.1	28991	29905	24.200	0
TguLTR5b	NW_005054390.1	30110	30593	14.800	0
TguLTR5b	NW_005054390.1	37506	38049	22.200	0
TguLTRL4c	NW_005054390.1	38375	38758	23.100	0
TguLTR5b	NW_005054390.1	39361	39607	17.400	0
TguLTR5b	NW_005054390.1	39607	39693	26.700	0
TguLTRL4c	NW_005054390.1	44542	44897	25.400	0
TguLTR5a	NW_005054390.1	46560	46615	23.600	0
TguLTR5a	NW_005054390.1	113512	113700	21.800	0
TguLTR11	NW_005054390.1	124391	124430	15.400	0
TguLTR11	NW_005054390.1	124558	124806	21.600	0
TguLTRL4b	NW_005054390.1	148910	149990	19.800	0
TguLTR5a	NW_005054390.1	241608	242170	22.300	0
TguLTR5e	NW_005054390.1	278280	278853	24.000	0
TguLTRL4b	NW_005054390.1	372741	373429	25.700	0
TguLTRL4b	NW_005054390.1	373854	374065	22.800	0
TguLTRL4c	NW_005054390.1	490567	491191	23.500	0
TguLTRL4b	NW_005054390.1	527615	528677	18.900	0
TguLTRL6b	NW_005054390.1	539382	539816	22.300	0
TguLTR5c	NW_005054390.1	560124	560702	16.100	0
TguLTRL4c	NW_005054390.1	588876	589612	21.200	0
TguLTR5b	NW_005054390.1	637189	637719	15.700	0
TguLTRL4c	NW_005054390.1	765372	766251	27.400	0
TguLTR5a	NW_005054390.1	822697	823270	23.900	0
TguLTRL4d	NW_005054390.1	841771	842733	28.100	0
TguLTR5a	NW_005054390.1	891716	891917	25.300	0
TguLTR5a	NW_005054390.1	893613	894158	27.700	0
TguLTR5e	NW_005054390.1	910895	911238	28.900	0
TguLTR5b	NW_005054390.1	920455	921045	14.900	0
TguLTRL4b	NW_005054390.1	924011	924862	20.300	0
TguLTR5e	NW_005054390.1	949296	949639	31.200	0
TguLTRL4c	NW_005054390.1	1026465	1026564	23.100	0
TguLTR5e	NW_005054390.1	1051315	1051658	25.500	0
TguLTR6a	NW_005054390.1	1089998	1090086	12.500	0
TguLTR5a	NW_005054390.1	1114638	1115044	24.800	0
TguLTRL4b	NW_005054390.1	1116757	1117045	30.100	0
TguLTRL4b	NW_005054390.1	1117272	1117550	34.900	0
TguLTR11	NW_005054390.1	1121770	1121989	16.900	0
TguLTR11	NW_005054390.1	1122426	1122584	23.900	0
TguLTR5d	NW_005054390.1	1152809	1153290	23.400	0
TguLTR5a	NW_005054390.1	1162003	1162593	22.500	0
TguLTR5a	NW_005054390.1	1163533	1164070	20.300	0
TguLTRL4c	NW_005054390.1	1188661	1188734	20.600	0
TguLTRL4d	NW_005054390.1	1206119	1206455	31.500	0
TguLTRL4d	NW_005054390.1	1206476	1206700	31.400	0
TguLTRL4d	NW_005054390.1	1230429	1230685	25.200	0
TguLTR5b	NW_005054390.1	1248548	1248639	24.200	0
TguLTR5b	NW_005054390.1	1248652	1248825	18.500	0
TguLTR5a	NW_005054390.1	1300732	1301225	17.000	0
TguLTR5a	NW_005054390.1	1301644	1301719	17.600	0
TguLTRL4b	NW_005054390.1	1307057	1307229	28.900	0
TguLTRL4b	NW_005054390.1	1343564	1344017	29.700	0
TguLTRL4b	NW_005054390.1	1344187	1344453	29.100	0
TguLTRL4b	NW_005054390.1	1355971	1356588	19.900	0
TguLTR5b	NW_005054390.1	1378880	1379456	14.800	0
TguLTR5e	NW_005054390.1	1383775	1384318	27.100	0
TguLTRL4d	NW_005054390.1	1384445	1384850	28.700	0
TguLTRL4d	NW_005054390.1	1385490	1385665	25.300	0
TguLTR5e	NW_005054390.1	1396657	1397208	29.000	0
TguLTR5e	NW_005054390.1	1405336	1405418	27.000	0
TguLTRL4c	NW_005054390.1	1419581	1419981	24.100	0
TguLTRL4c	NW_005054390.1	1419982	1420079	23.700	0
TguLTR5d	NW_005054390.1	1430406	1430729	21.600	0
TguLTR5b	NW_005054390.1	1430730	1430927	21.300	0
TguLTR5d	NW_005054390.1	1430933	1431037	24.000	0
TguLTR5b	NW_005054390.1	1439784	1440322	15.200	0
TguLTRL4c	NW_005054390.1	1502005	1503080	23.200	0
TguLTRL4b	NW_005054390.1	1523809	1524621	27.000	0
TguLTRL4b	NW_005054390.1	1525052	1525238	22.800	0
TguLTR5a	NW_005054390.1	1536444	1536926	23.800	0
TguLTRL4c	NW_005054390.1	1554075	1554430	24.600	0
TguLTRL4c	NW_005054390.1	1554892	1555476	22.700	0
TguLTR11	NW_005054390.1	1645486	1645734	18.400	0
TguLTR5d	NW_005054390.1	1649478	1650058	23.500	0
TguLTR11	NW_005054390.1	1653262	1653473	24.100	0
TguLTR11	NW_005054390.1	1653568	1653848	17.600	0
TguLTRL4d	NW_005054390.1	1739416	1740278	22.800	0
TguLTR5e	NW_005054390.1	1746251	1746767	28.200	0
TguLTR5b	NW_005054390.1	1780976	1781255	11.600	0
TguLTR5b	NW_005054390.1	1781553	1781632	22.800	0
TguLTR5d	NW_005054390.1	1928494	1929081	23.000	0
TguLTRL4d	NW_005054390.1	1934062	1934308	28.900	0
TguLTRL4d	NW_005054390.1	1934344	1934544	27.100	0
TguLTR6a	NW_005054390.1	1951738	1952036	22.700	0
TguLTRL4b	NW_005054390.1	1993030	1994033	24.700	0
TguLTRL4d	NW_005054390.1	2009367	2009458	23.600	0
TguLTR5e	NW_005054390.1	2075876	2075995	23.100	0
TguLTR5e	NW_005054390.1	2076040	2076208	30.200	0
TguLTR6a	NW_005054390.1	2080539	2080642	20.200	0
TguLTRL4b	NW_005054390.1	2082763	2083817	23.600	0
TguLTR5b	NW_005054390.1	2168921	2169515	15.500	0
TguLTRL6b	NW_005054390.1	2177774	2177946	26.500	0
TguLTR5c	NW_005054390.1	2179262	2179855	24.900	0
TguLTR6a	NW_005054390.1	2202921	2203291	25.600	0
TguLTRL6b	NW_005054390.1	2221536	2221662	22.500	0
TguLTR5a	NW_005054390.1	2228704	2229265	24.200	0
TguLTRL4c	NW_005054390.1	2232382	2233343	23.600	0
TguLTR5e	NW_005054390.1	2236646	2237233	29.300	0
TguLTRL4b	NW_005054390.1	2265055	2265256	29.600	0
TguLTRL4b	NW_005054390.1	2266144	2266638	30.300	0
TguLTR6a	NW_005054390.1	2282899	2283394	22.100	0
TguLTRL4c	NW_005054390.1	2296674	2296984	21.200	0
TguLTRL4b	NW_005054390.1	2391017	2392044	23.900	0
TguLTRL4d	NW_005054390.1	2406448	2406798	24.700	0
TguLTR5a	NW_005054390.1	2413532	2413835	23.900	0
TguLTR5a	NW_005054390.1	2413981	2414126	25.400	0
TguLTRL4b	NW_005054390.1	2453227	2454087	18.200	0
TguLTR5d	NW_005054390.1	2460584	2460743	22.100	0
TguLTRL6b	NW_005054390.1	2473879	2474282	24.400	0
TguLTRL6b	NW_005054390.1	2492538	2492843	21.400	0
TguLTR5b	NW_005054390.1	2536437	2536964	21.800	0
TguLTR5d	NW_005054390.1	2544703	2544731	24.300	0
TguLTR5d	NW_005054390.1	2545019	2545316	23.000	0
TguLTR5a	NW_005054390.1	2549073	2549435	22.900	0
TguLTRL4c	NW_005054390.1	2549537	2549981	27.800	0
TguLTRL4d	NW_005054390.1	2553541	2554300	27.800	0
TguLTR5b	NW_005054390.1	2579305	2579903	15.200	0
TguLTR11	NW_005054390.1	2591187	2591449	24.100	0
TguLTRL4c	NW_005054390.1	2616985	2617580	30.900	0
TguLTRL4c	NW_005054390.1	2617876	2617972	18.800	0
TguLTRL4c	NW_005054390.1	2641378	2641537	26.600	0
TguLTRL4c	NW_005054390.1	2642987	2643741	23.600	0
TguLTRL4c	NW_005054390.1	2681755	2682481	22.400	0
TguLTRL4c	NW_005054390.1	2710793	2711476	24.500	0
TguLTR5a	NW_005054390.1	2713741	2714344	25.800	0
TguLTRL6b	NW_005054390.1	2790675	2790983	22.900	0
TguLTR6a	NW_005054390.1	2810309	2810790	24.900	0
TguLTRL4b	NW_005054390.1	2882460	2883505	18.300	0
TguLTR6a	NW_005054390.1	2918234	2918405	24.700	0
TguLTR6a	NW_005054390.1	2918466	2918731	19.900	0
TguLTRL4c	NW_005054390.1	2926408	2927453	22.400	0
TguLTR6a	NW_005054390.1	2950512	2950712	26.100	0
TguLTRL4b	NW_005054390.1	2978799	2979829	22.200	0
TguLTRL4b	NW_005054391.1	403627	404603	17.200	0
TguLTR5e	NW_005054391.1	467837	468363	26.900	0
TguLTRL4b	NW_005054391.1	566585	567170	19.400	0
TguLTRL4b	NW_005054391.1	567296	567389	16.500	0
TguLTRL4d	NW_005054391.1	643910	644190	24.000	0
TguLTRL4c	NW_005054391.1	668562	669596	16.700	0
TguLTR5d	NW_005054391.1	803361	803531	13.700	0
TguLTR5e	NW_005054391.1	864404	864662	23.500	0
TguLTR5d	NW_005054391.1	1139481	1139604	21.500	0
TguLTRL4c	NW_005054391.1	1242433	1242681	18.400	0
TguLTRL4c	NW_005054391.1	1243121	1243757	22.500	0
TguLTR5d	NW_005054391.1	1256259	1256814	19.300	0
TguLTR5a	NW_005054391.1	1406137	1406483	26.000	0
TguLTRL4c	NW_005054391.1	1408293	1409428	21.600	0
TguLTR5b	NW_005054391.1	1481146	1481709	18.000	0
TguLTR5b	NW_005054391.1	1482756	1483030	16.500	0
TguLTR5a	NW_005054391.1	1507450	1508003	20.800	0
TguLTR5d	NW_005054391.1	1535986	1536540	21.000	0
TguLTR5b	NW_005054391.1	1577691	1578273	14.600	0
TguLTR5d	NW_005054391.1	1866276	1866831	17.700	0
TguLTR5b	NW_005054391.1	1906963	1907262	21.100	0
TguLTRL4c	NW_005054391.1	1936812	1937708	21.800	0
TguLTR6a	NW_005054391.1	2160675	2161073	24.500	0
TguLTRL4c	NW_005054391.1	2171260	2172090	21.600	0
TguLTRL4b	NW_005054391.1	2199087	2200153	19.500	0
TguLTR5e	NW_005054391.1	2317117	2317660	25.900	0
TguLTRL4b	NW_005054391.1	2392596	2393691	14.400	0
TguLTR5b	NW_005054391.1	2450289	2450890	14.600	0
TguLTRL4d	NW_005054391.1	2585590	2585792	24.600	0
TguLTRL4b	NW_005054391.1	2595154	2596177	14.400	0
TguLTRL4c	NW_005054391.1	2616049	2616307	14.100	0
TguLTR5e	NW_005054391.1	2764703	2764801	32.600	0
TguLTR5e	NW_005054391.1	2764900	2765160	26.500	0
TguLTRL6b	NW_005054391.1	2875450	2875580	20.400	0
TguLTR6a	NW_005054391.1	2875893	2876294	23.700	0
TguLTR11	NW_005054391.1	2973972	2974234	20.600	0
TguLTR5e	NW_005054391.1	2976096	2976624	26.500	0
TguLTR5c	NW_005054391.1	2991006	2991598	16.100	0
TguLTR5d	NW_005054392.1	83555	84090	19.400	0
TguLTR5a	NW_005054392.1	128005	128217	23.100	0
TguLTRL6b	NW_005054392.1	255677	255809	16.700	0
TguLTR5d	NW_005054392.1	288743	289321	14.100	0
TguLTRL6b	NW_005054392.1	552317	552478	24.600	0
TguLTR6a	NW_005054392.1	553007	553075	19.700	0
TguLTR5b	NW_005054392.1	688317	688864	13.200	0
TguLTRL4c	NW_005054392.1	732099	733049	20.000	0
TguLTR5a	NW_005054392.1	768628	768943	21.900	0
TguLTRL4c	NW_005054392.1	859140	860109	20.600	0
TguLTR5c	NW_005054392.1	1101548	1101760	18.500	0
TguLTR5d	NW_005054392.1	1180660	1181156	19.800	0
TguLTR5b	NW_005054392.1	1219661	1220238	13.700	0
TguLTR6a	NW_005054392.1	1236362	1236793	19.400	0
TguLTRL4d	NW_005054392.1	1381593	1381776	26.400	0
TguLTRL4d	NW_005054392.1	1382295	1382458	25.400	0
TguLTR6a	NW_005054392.1	1424992	1425447	21.900	0
TguLTR6a	NW_005054392.1	1712343	1712801	19.200	0
TguLTR5c	NW_005054392.1	1718011	1718556	26.000	0
TguLTRL4b	NW_005054392.1	1791900	1792410	13.400	0
TguLTR5a	NW_005054392.1	1975306	1975596	21.800	0
TguLTR5a	NW_005054392.1	2002908	2003558	19.600	0
TguLTR5b	NW_005054392.1	2154927	2155537	15.000	0
TguLTR5a	NW_005054392.1	2207783	2207840	21.100	0
TguLTR5a	NW_005054392.1	2222996	2223358	20.600	0
TguLTR5a	NW_005054392.1	2223419	2223585	20.600	0
TguLTR5b	NW_005054392.1	2348944	2349042	14.700	0
TguLTR5b	NW_005054392.1	2349092	2349564	14.700	0
TguLTR5b	NW_005054392.1	2353623	2354194	14.700	0
TguLTR6a	NW_005054392.1	2483718	2484118	19.900	0
TguLTR5a	NW_005054392.1	2489692	2490101	22.200	0
TguLTR5a	NW_005054392.1	2494059	2494201	20.400	0
TguLTR5d	NW_005054392.1	2517579	2518173	17.000	0
TguLTR5e	NW_005054392.1	2580183	2580619	23.400	0
TguLTR11	NW_005054392.1	2630303	2630436	17.500	0
TguLTR11	NW_005054392.1	2630708	2630931	16.200	0
TguLTRL4b	NW_005054392.1	2666809	2667626	16.600	0
TguLTR5c	NW_005054392.1	2772505	2772834	22.800	0
TguLTR5d	NW_005054392.1	2799290	2799855	18.900	0
TguLTR6a	NW_005054392.1	2908020	2908420	17.300	0
TguLTRL4b	NW_005054393.1	54049	55083	19.100	0
TguLTRL4b	NW_005054393.1	130604	131034	28.200	0
TguLTRL4b	NW_005054393.1	174447	175415	21.800	0
TguLTR5a	NW_005054393.1	197952	198052	14.000	0
TguLTR6a	NW_005054393.1	244398	244870	19.000	0
TguLTRL4b	NW_005054393.1	249486	249682	29.800	0
TguLTRL4b	NW_005054393.1	251687	251928	28.400	0
TguLTRL4b	NW_005054393.1	252082	252328	28.600	0
TguLTRL4b	NW_005054393.1	285911	286608	27.500	0
TguLTRL4b	NW_005054393.1	324321	325399	18.200	0
TguLTR5e	NW_005054393.1	355912	356047	22.400	0
TguLTR5e	NW_005054393.1	356353	356712	30.400	0
TguLTRL4b	NW_005054393.1	531018	532091	21.000	0
TguLTR5d	NW_005054393.1	547020	547584	15.900	0
TguLTRL4d	NW_005054393.1	559582	559976	27.400	0
TguLTR6a	NW_005054393.1	645051	645111	16.700	0
TguLTRL6b	NW_005054393.1	645120	645244	16.100	0
TguLTR5b	NW_005054393.1	649747	650330	13.400	0
TguLTR11	NW_005054393.1	688755	688859	18.700	0
TguLTR5d	NW_005054393.1	709784	710378	17.000	0
TguLTR5d	NW_005054393.1	732968	733346	21.900	0
TguLTRL4c	NW_005054393.1	736235	736275	17.500	0
TguLTRL4b	NW_005054393.1	737160	738096	25.300	0
TguLTRL6b	NW_005054393.1	1124305	1124710	16.800	0
TguLTRL4c	NW_005054393.1	1143144	1144232	21.000	0
TguLTR5b	NW_005054393.1	1147560	1148111	17.100	0
TguLTRL4c	NW_005054393.1	1256058	1256768	23.600	0
TguLTRL4c	NW_005054393.1	1263970	1264174	15.800	0
TguLTRL4c	NW_005054393.1	1264194	1264262	23.500	0
TguLTRL4c	NW_005054393.1	1269697	1269894	22.100	0
TguLTRL4d	NW_005054393.1	1309410	1309539	21.600	0
TguLTR5a	NW_005054393.1	1568994	1569557	20.000	0
TguLTR5c	NW_005054393.1	1608960	1609522	15.700	0
TguLTRL4d	NW_005054393.1	1877411	1877546	18.500	0
TguLTRL4d	NW_005054393.1	1934301	1934419	16.300	0
TguLTR5b	NW_005054393.1	2085069	2085628	17.000	0
TguLTRL4c	NW_005054393.1	2139575	2140515	22.300	0
TguLTR5b	NW_005054393.1	2193572	2194159	17.100	0
TguLTR5a	NW_005054393.1	2209615	2210223	22.300	0
TguLTR11	NW_005054393.1	2428774	2428932	26.800	0
TguLTR5d	NW_005054393.1	2457102	2457670	18.500	0
TguLTR5d	NW_005054393.1	2528061	2528606	23.500	0
TguLTR5d	NW_005054393.1	2529650	2530203	19.500	0
TguLTRL4b	NW_005054393.1	2593166	2594198	16.400	0
TguLTR5a	NW_005054393.1	2596058	2596661	19.400	0
TguLTR6a	NW_005054393.1	2686768	2687211	19.500	0
TguLTRL4d	NW_005054394.1	126674	126843	30.500	0
TguLTR5d	NW_005054394.1	153850	154370	17.200	0
TguLTR5c	NW_005054394.1	167916	168481	16.800	0
TguLTRL4c	NW_005054394.1	200081	200747	22.500	0
TguLTRL4c	NW_005054394.1	200774	200885	24.300	0
TguLTR5e	NW_005054394.1	223568	223686	29.000	0
TguLTR5e	NW_005054394.1	229647	230082	27.100	0
TguLTR5d	NW_005054394.1	247358	247921	19.500	0
TguLTR5b	NW_005054394.1	369449	370027	14.700	0
TguLTR11	NW_005054394.1	406048	406291	18.800	0
TguLTR11	NW_005054394.1	406369	406464	21.100	0
TguLTR11	NW_005054394.1	406556	406664	21.100	0
TguLTRL4c	NW_005054394.1	579574	579879	24.700	0
TguLTR5e	NW_005054394.1	604777	605166	28.000	0
TguLTRL4c	NW_005054394.1	605931	606078	17.700	0
TguLTR5e	NW_005054394.1	606455	606571	22.400	0
TguLTRL4c	NW_005054394.1	786167	786377	18.400	0
TguLTRL4c	NW_005054394.1	961685	962743	22.400	0
TguLTR5e	NW_005054394.1	1016813	1016853	15.000	0
TguLTRL4b	NW_005054394.1	1055675	1055712	10.800	0
TguLTRL4b	NW_005054394.1	1055712	1055808	11.800	0
TguLTRL4c	NW_005054394.1	1064675	1065356	18.000	0
TguLTR5b	NW_005054394.1	1085458	1085855	14.900	0
TguLTR5d	NW_005054394.1	1090115	1090676	17.000	0
TguLTR5d	NW_005054394.1	1113814	1114165	15.600	0
TguLTR5d	NW_005054394.1	1114217	1114348	15.800	0
TguLTR5c	NW_005054394.1	1119987	1120539	18.500	0
TguLTRL4b	NW_005054394.1	1135771	1135853	23.200	0
TguLTR5c	NW_005054394.1	1149797	1150345	26.000	0
TguLTR5d	NW_005054394.1	1170268	1170768	19.200	0
TguLTR5d	NW_005054394.1	1185360	1185676	16.100	0
TguLTRL4d	NW_005054394.1	1212430	1212584	21.000	0
TguLTRL4c	NW_005054394.1	1257266	1257418	19.200	0
TguLTR5d	NW_005054394.1	1278511	1278790	19.700	0
TguLTR5d	NW_005054394.1	1279381	1279567	18.900	0
TguLTRL4c	NW_005054394.1	1284662	1284987	19.400	0
TguLTRL4c	NW_005054394.1	1285280	1285448	16.800	0
TguLTRL4b	NW_005054394.1	1352477	1353436	20.400	0
TguLTR5d	NW_005054394.1	1361881	1362029	27.200	0
TguLTR5d	NW_005054394.1	1362475	1362875	24.700	0
TguLTRL4c	NW_005054394.1	1387565	1387740	19.100	0
TguLTR5d	NW_005054394.1	1455764	1455856	18.500	0
TguLTR5d	NW_005054394.1	1455965	1456411	19.100	0
TguLTR11	NW_005054394.1	1482037	1482977	18.800	0
TguLTRL4c	NW_005054394.1	1483619	1483974	17.000	0
TguLTRL4c	NW_005054394.1	1501634	1502586	21.200	0
TguLTRL4c	NW_005054394.1	1564675	1564735	18.300	0
TguLTRL4c	NW_005054394.1	1564738	1564948	17.400	0
TguLTR5e	NW_005054394.1	1565466	1565562	22.900	0
TguLTRL4d	NW_005054394.1	1632509	1632599	28.900	0
TguLTR11	NW_005054394.1	1639411	1639644	18.800	0
TguLTR11	NW_005054394.1	1639696	1639954	15.800	0
TguLTR5e	NW_005054394.1	1727015	1727417	24.100	0
TguLTR5d	NW_005054394.1	1742893	1743160	16.500	0
TguLTR11	NW_005054394.1	1753305	1753456	21.100	0
TguLTRL4d	NW_005054394.1	1764043	1764360	26.400	0
TguLTR5a	NW_005054394.1	1770537	1770683	20.900	0
TguLTR5a	NW_005054394.1	1770716	1771124	20.900	0
TguLTR5e	NW_005054394.1	1787421	1788012	26.400	0
TguLTR5d	NW_005054394.1	1820235	1820441	18.900	0
TguLTRL4c	NW_005054394.1	1845647	1846074	19.900	0
TguLTRL4c	NW_005054394.1	1846086	1846428	13.700	0
TguLTRL4c	NW_005054394.1	1846966	1847685	20.500	0
TguLTRL4d	NW_005054394.1	1868248	1868448	20.000	0
TguLTRL4c	NW_005054394.1	1872427	1872513	30.200	0
TguLTR5d	NW_005054394.1	1874885	1875195	19.700	0
TguLTR5b	NW_005054394.1	1900146	1900711	12.700	0
TguLTR5a	NW_005054394.1	1957532	1958064	20.900	0
TguLTR5d	NW_005054394.1	1963008	1963595	16.100	0
TguLTR5d	NW_005054394.1	1964595	1964795	25.100	0
TguLTRL4c	NW_005054394.1	2008784	2009322	18.600	0
TguLTRL4c	NW_005054394.1	2049716	2049837	29.100	0
TguLTR5d	NW_005054394.1	2074470	2074751	16.500	0
TguLTRL4d	NW_005054394.1	2121194	2121287	25.000	0
TguLTR5b	NW_005054394.1	2153376	2153904	12.600	0
TguLTRL4d	NW_005054394.1	2171835	2171957	20.500	0
TguLTR5a	NW_005054394.1	2183212	2183744	21.700	0
TguLTRL4d	NW_005054394.1	2186138	2186263	23.200	0
TguLTRL4c	NW_005054394.1	2292266	2292979	20.200	0
TguLTR5e	NW_005054394.1	2303670	2303755	25.900	0
TguLTRL4d	NW_005054394.1	2332917	2333038	28.100	0
TguLTR11	NW_005054394.1	2345917	2346180	18.800	0
TguLTR5c	NW_005054394.1	2347587	2348100	20.300	0
TguLTRL4d	NW_005054394.1	2356862	2356991	27.300	0
TguLTRL4d	NW_005054394.1	2357070	2357189	31.400	0
TguLTRL4b	NW_005054394.1	2388247	2388512	31.500	0
TguLTR5e	NW_005054394.1	2404190	2404670	25.600	0
TguLTRL4d	NW_005054394.1	2441955	2442274	26.900	0
TguLTRL4c	NW_005054394.1	2444273	2444340	13.400	0
TguLTRL4c	NW_005054394.1	2451920	2452730	20.100	0
TguLTR5a	NW_005054394.1	2469676	2469904	17.200	0
TguLTRL4c	NW_005054394.1	2482009	2482532	26.600	0
TguLTRL6b	NW_005054394.1	2486607	2486995	24.100	0
TguLTR5b	NW_005054394.1	2492690	2493247	15.100	0
TguLTRL4d	NW_005054394.1	2494926	2495057	29.400	0
TguLTR11	NW_005054394.1	2503661	2503921	20.300	0
TguLTR11	NW_005054394.1	2510074	2510334	20.300	0
TguLTR5a	NW_005054394.1	2520307	2520374	19.400	0
TguLTRL4d	NW_005054394.1	2526570	2526818	28.000	0
TguLTR5d	NW_005054394.1	2528071	2528570	23.000	0
TguLTRL4c	NW_005054394.1	2536835	2536955	21.000	0
TguLTR5d	NW_005054394.1	2538719	2539304	19.800	0
TguLTR5a	NW_005054394.1	2542745	2543350	23.900	0
TguLTRL4c	NW_005054394.1	2573700	2574143	21.200	0
TguLTR5d	NW_005054394.1	2581566	2581835	24.700	0
TguLTRL6b	NW_005054394.1	2641695	2641873	21.100	0
TguLTRL4d	NW_005054394.1	2666009	2666307	27.900	0
TguLTRL4d	NW_005054394.1	2670324	2670554	28.600	0
TguLTRL6b	NW_005054394.1	2689617	2689820	31.900	0
TguLTR5d	NW_005054394.1	2691034	2691079	20.000	0
TguLTRL4b	NW_005054394.1	2723225	2723685	18.200	0
TguLTR5c	NW_005054394.1	2736838	2737073	20.100	0
TguLTRL4d	NW_005054394.1	2743575	2743797	23.500	0
TguLTRL4c	NW_005054394.1	2748096	2748390	24.600	0
TguLTRL4d	NW_005054394.1	2765633	2765847	30.100	0
TguLTR5a	NW_005054394.1	2765872	2766092	24.000	0
TguLTRL4d	NW_005054394.1	2766092	2766358	25.300	0
TguLTR5a	NW_005054394.1	2772619	2772687	16.200	0
TguLTRL4c	NW_005054394.1	2782971	2783746	22.600	0
TguLTR5a	NW_005054394.1	2788594	2788994	22.600	0
TguLTRL4c	NW_005054394.1	2797083	2797898	22.600	0
TguLTRL4c	NW_005054394.1	2798151	2798322	27.800	0
TguLTR5e	NW_005054394.1	2844010	2844199	27.800	0
TguLTRL4c	NW_005054394.1	2854269	2854439	24.100	0
TguLTR5a	NW_005054394.1	2891942	2892319	22.200	0
TguLTR5c	NW_005054394.1	2934023	2934079	17.900	0
TguLTR5a	NW_005054395.1	8214	8789	21.900	0
TguLTRL4c	NW_005054395.1	11209	12308	22.500	0
TguLTRL6b	NW_005054395.1	16712	17205	20.300	0
TguLTR5c	NW_005054395.1	101933	102501	20.900	0
TguLTRL4b	NW_005054395.1	123106	123243	24.600	0
TguLTRL4b	NW_005054395.1	123856	124014	34.300	0
TguLTRL4b	NW_005054395.1	124705	125188	28.600	0
TguLTR5a	NW_005054395.1	700363	700752	22.900	0
TguLTRL4b	NW_005054395.1	820300	820488	20.200	0
TguLTRL4b	NW_005054395.1	820920	821595	25.600	0
TguLTRL4b	NW_005054395.1	835107	835883	25.600	0
TguLTRL4b	NW_005054395.1	884026	884225	31.600	0
TguLTRL4c	NW_005054395.1	1185318	1186429	24.700	0
TguLTRL4c	NW_005054395.1	1430528	1431396	17.300	0
TguLTR5d	NW_005054395.1	1558041	1558572	16.600	0
TguLTR5a	NW_005054395.1	1911850	1912141	18.600	0
TguLTR5a	NW_005054395.1	2216895	2217060	16.600	0
TguLTR5a	NW_005054395.1	2217090	2217114	16.600	0
TguLTR5a	NW_005054395.1	2219296	2219442	16.200	0
TguLTR5a	NW_005054395.1	2219496	2219892	16.200	0
TguLTRL4b	NW_005054396.1	42919	42981	18.100	0
TguLTRL4b	NW_005054396.1	43021	43250	18.100	0
TguLTRL6b	NW_005054396.1	116018	116067	4.100	0
TguLTR6a	NW_005054396.1	117519	117605	22.100	0
TguLTRL4b	NW_005054396.1	153501	153553	17.300	0
TguLTRL4c	NW_005054396.1	383794	384013	15.100	0
TguLTRL4c	NW_005054396.1	416790	417002	13.000	0
TguLTR5a	NW_005054396.1	572811	573353	17.400	0
TguLTR11	NW_005054396.1	695850	696235	17.200	0
TguLTR6a	NW_005054396.1	1242774	1243230	18.600	0
TguLTR5a	NW_005054396.1	1318840	1319441	15.600	0
TguLTR5a	NW_005054396.1	1806579	1807097	24.100	0
TguLTR5b	NW_005054396.1	2001917	2002483	13.100	0
TguLTRL4b	NW_005054396.1	2124421	2124623	25.600	0
TguLTRL4b	NW_005054396.1	2125036	2125908	31.500	0
TguLTR5c	NW_005054396.1	2142573	2143091	22.100	0
TguLTRL4b	NW_005054396.1	2177554	2177689	15.600	0
TguLTRL4b	NW_005054396.1	2179285	2179687	16.500	0
TguLTRL4b	NW_005054396.1	2179693	2180166	19.700	0
TguLTRL4b	NW_005054396.1	2193618	2193845	36.300	0
TguLTRL4b	NW_005054396.1	2234338	2234542	22.500	0
TguLTRL4b	NW_005054396.1	2234933	2235731	27.600	0
TguLTRL4c	NW_005054396.1	2385356	2385645	16.100	0
TguLTRL4b	NW_005054396.1	2471390	2472491	21.400	0
TguLTR5a	NW_005054396.1	2481411	2481952	20.100	0
TguLTRL4b	NW_005054396.1	2578236	2578289	18.900	0
TguLTRL4b	NW_005054396.1	2578666	2578817	21.900	0
TguLTRL4b	NW_005054396.1	2579556	2580213	16.100	0
TguLTRL4b	NW_005054396.1	2580734	2580987	18.000	0
TguLTRL4b	NW_005054396.1	2583514	2584493	17.900	0
TguLTRL4b	NW_005054396.1	2682395	2683452	16.700	0
TguLTRL4b	NW_005054396.1	2703531	2704593	17.400	0
TguLTR5b	NW_005054396.1	2748809	2749261	16.500	0
TguLTRL4b	NW_005054396.1	2787073	2787362	29.900	0
TguLTRL4b	NW_005054396.1	2787369	2787454	25.300	0
TguLTRL4b	NW_005054396.1	2787596	2787864	34.100	0
TguLTRL4b	NW_005054396.1	2788614	2788780	28.600	0
TguLTR11	NW_005054396.1	2794601	2794740	18.200	0
TguLTR11	NW_005054396.1	2795379	2795531	23.800	0
TguLTR5a	NW_005054396.1	2888940	2889215	18.900	0
TguLTRL4d	NW_005054396.1	2901255	2901462	23.900	0
TguLTR11	NW_005054397.1	2014	2149	19.600	0
TguLTR11	NW_005054397.1	2630	2846	24.900	0
TguLTRL4d	NW_005054397.1	7016	7345	23.000	0
TguLTR5c	NW_005054397.1	9339	9785	21.900	0
TguLTRL4d	NW_005054397.1	31094	31682	27.400	0
TguLTRL4b	NW_005054397.1	31908	32921	19.600	0
TguLTR5e	NW_005054397.1	43725	44059	28.200	0
TguLTR5e	NW_005054397.1	62724	62843	16.500	0
TguLTRL4b	NW_005054397.1	87231	87509	25.700	0
TguLTRL4b	NW_005054397.1	87865	88079	31.900	0
TguLTR11	NW_005054397.1	110784	110911	22.100	0
TguLTR5e	NW_005054397.1	113530	113672	22.700	0
TguLTRL4b	NW_005054397.1	142835	143000	19.900	0
TguLTRL4b	NW_005054397.1	143525	144331	26.900	0
TguLTRL4b	NW_005054397.1	157333	158388	21.100	0
TguLTR5b	NW_005054397.1	164344	164542	15.200	0
TguLTR5a	NW_005054397.1	168640	169204	19.200	0
TguLTRL4c	NW_005054397.1	172402	172457	20.000	0
TguLTRL4b	NW_005054397.1	256427	256689	33.600	0
TguLTRL4c	NW_005054397.1	309112	309383	20.100	0
TguLTRL4c	NW_005054397.1	309399	309767	18.300	0
TguLTR11	NW_005054397.1	315803	316080	20.200	0
TguLTRL4d	NW_005054397.1	336796	336901	28.000	0
TguLTRL4d	NW_005054397.1	336930	337134	18.400	0
TguLTR11	NW_005054397.1	346467	346718	22.700	0
TguLTR5a	NW_005054397.1	354703	354924	14.500	0
TguLTR5a	NW_005054397.1	355091	355436	19.500	0
TguLTR5a	NW_005054397.1	357893	358443	19.300	0
TguLTR5a	NW_005054397.1	358801	359061	22.700	0
TguLTR11	NW_005054397.1	368860	369014	23.000	0
TguLTR5e	NW_005054397.1	379170	379296	19.800	0
TguLTR5e	NW_005054397.1	379714	379840	27.000	0
TguLTRL4b	NW_005054397.1	396346	396655	20.800	0
TguLTR11	NW_005054397.1	437079	437271	21.900	0
TguLTRL4b	NW_005054397.1	447029	447427	30.100	0
TguLTRL4d	NW_005054397.1	559793	559911	21.200	0
TguLTRL4c	NW_005054397.1	563103	563543	30.500	0
TguLTRL4c	NW_005054397.1	563857	564174	27.900	0
TguLTRL4b	NW_005054397.1	570986	572050	20.600	0
TguLTR6a	NW_005054397.1	601964	602056	19.300	0
TguLTR6a	NW_005054397.1	602081	602345	22.900	0
TguLTRL4c	NW_005054397.1	662583	662813	18.400	0
TguLTRL4b	NW_005054397.1	668082	668302	31.200	0
TguLTR11	NW_005054397.1	680966	681092	20.000	0
TguLTR11	NW_005054397.1	681549	681796	21.000	0
TguLTRL4b	NW_005054397.1	696350	696547	22.600	0
TguLTRL4c	NW_005054397.1	700209	700355	24.500	0
TguLTR11	NW_005054397.1	711573	711663	15.600	0
TguLTR11	NW_005054397.1	726409	726549	29.800	0
TguLTR11	NW_005054397.1	726992	727247	23.300	0
TguLTRL4b	NW_005054397.1	782276	783336	20.000	0
TguLTR5a	NW_005054397.1	886735	886835	9.300	0
TguLTRL4b	NW_005054397.1	992178	993264	19.200	0
TguLTR11	NW_005054397.1	1028950	1029186	19.200	0
TguLTR11	NW_005054397.1	1029577	1029755	22.600	0
TguLTRL4b	NW_005054397.1	1055328	1055769	25.200	0
TguLTRL4b	NW_005054397.1	1055769	1056253	28.600	0
TguLTRL4b	NW_005054397.1	1056308	1057287	19.200	0
TguLTRL4b	NW_005054397.1	1059113	1059554	25.200	0
TguLTRL4b	NW_005054397.1	1059554	1060038	28.600	0
TguLTRL4b	NW_005054397.1	1060133	1061112	19.200	0
TguLTRL4b	NW_005054397.1	1069000	1069566	20.000	0
TguLTRL4b	NW_005054397.1	1069601	1069798	19.300	0
TguLTR5d	NW_005054397.1	1071173	1071343	14.500	0
TguLTR5d	NW_005054397.1	1083258	1083541	19.100	0
TguLTR5d	NW_005054397.1	1083801	1083902	26.700	0
TguLTRL4b	NW_005054397.1	1194625	1195391	25.100	0
TguLTRL4b	NW_005054397.1	1196197	1196341	21.700	0
TguLTRL4d	NW_005054397.1	1398596	1398647	14.300	0
TguLTR5e	NW_005054397.1	1407133	1407282	20.900	0
TguLTRL4b	NW_005054397.1	1499243	1500281	23.800	0
TguLTRL4c	NW_005054397.1	1511231	1511615	24.500	0
TguLTRL4c	NW_005054397.1	1511896	1512391	22.900	0
TguLTR11	NW_005054397.1	1574089	1574333	15.800	0
TguLTR11	NW_005054397.1	1574809	1575489	13.500	0
TguLTR5e	NW_005054397.1	2344609	2345128	28.600	0
TguLTR6a	NW_005054397.1	2354785	2355224	21.400	0
TguLTR5d	NW_005054397.1	2424369	2424878	23.600	0
TguLTR5a	NW_005054397.1	2647905	2648476	21.200	0
TguLTR5e	NW_005054397.1	2712522	2713040	27.400	0
TguLTRL4b	NW_005054397.1	2892652	2893714	18.300	0
TguLTR5d	NW_005054397.1	2894878	2895365	14.200	0
TguLTR5b	NW_005054398.1	136680	137235	17.000	0
TguLTRL4c	NW_005054398.1	280439	281091	19.800	0
TguLTR5a	NW_005054398.1	319440	319925	21.700	0
TguLTR5e	NW_005054398.1	322934	323513	24.500	0
TguLTRL4c	NW_005054398.1	385057	385143	20.500	0
TguLTR5b	NW_005054398.1	413211	413492	15.700	0
TguLTRL4c	NW_005054398.1	794840	794911	19.700	0
TguLTRL4c	NW_005054398.1	794918	795084	20.200	0
TguLTRL4d	NW_005054398.1	1298319	1298610	27.000	0
TguLTRL4d	NW_005054398.1	1319358	1319425	20.900	0
TguLTRL4c	NW_005054398.1	1539579	1539809	28.900	0
TguLTRL4d	NW_005054398.1	1539986	1540189	27.600	0
TguLTRL4d	NW_005054398.1	1540270	1540512	29.200	0
TguLTRL4b	NW_005054398.1	1672195	1672993	25.300	0
TguLTRL4c	NW_005054398.1	1693806	1694360	24.100	0
TguLTR5a	NW_005054398.1	1701173	1701395	20.600	0
TguLTRL4c	NW_005054398.1	1743911	1744042	25.200	0
TguLTR11	NW_005054398.1	1759463	1759739	21.100	0
TguLTRL4c	NW_005054398.1	1910432	1910644	17.000	0
TguLTRL4c	NW_005054398.1	2118764	2118876	12.500	0
TguLTRL4d	NW_005054398.1	2766272	2766512	24.600	0
TguLTR5b	NW_005054399.1	248852	248893	12.200	0
TguLTR5b	NW_005054399.1	248893	248955	17.700	0
TguLTR5e	NW_005054399.1	252851	252967	25.600	0
TguLTR5d	NW_005054399.1	1672552	1672737	22.000	0
TguLTR6a	NW_005054399.1	1891280	1891343	9.500	0
TguLTR6a	NW_005054399.1	1891385	1891624	19.800	0
TguLTR5a	NW_005054399.1	2333676	2334222	21.800	0
TguLTRL4b	NW_005054399.1	2658906	2659074	19.600	0
TguLTR5a	NW_005054399.1	2659338	2659489	19.200	0
TguLTRL4c	NW_005054399.1	2680897	2680999	26.700	0
TguLTR5b	NW_005054399.1	2710649	2711221	15.600	0
TguLTR6a	NW_005054399.1	2714554	2714965	20.600	0
TguLTRL4c	NW_005054399.1	2738585	2738648	16.400	0
TguLTR5a	NW_005054400.1	45037	45570	19.700	0
TguLTR5d	NW_005054400.1	349114	349409	14.600	0
TguLTRL4c	NW_005054400.1	1122602	1122712	19.100	0
TguLTR5a	NW_005054400.1	1578708	1578839	16.300	0
TguLTR5a	NW_005054400.1	1579087	1579206	25.700	0
TguLTRL4d	NW_005054400.1	2283688	2283952	21.200	0
TguLTR5a	NW_005054400.1	2306409	2306534	16.000	0
TguLTR5d	NW_005054400.1	2323551	2324106	18.800	0
TguLTR5d	NW_005054400.1	2531324	2531621	19.300	0
TguLTR5d	NW_005054400.1	2585702	2586215	16.700	0
TguLTRL4c	NW_005054400.1	2802133	2802214	13.600	0
TguLTR5d	NW_005054401.1	7748	8327	17.400	0
TguLTR11	NW_005054401.1	138608	138974	19.400	0
TguLTR5d	NW_005054401.1	151658	152236	20.600	0
TguLTR5d	NW_005054401.1	182222	182747	18.300	0
TguLTR5a	NW_005054401.1	198506	198876	27.600	0
TguLTR5a	NW_005054401.1	198934	198946	27.600	0
TguLTR5a	NW_005054401.1	198987	199129	27.600	0
TguLTRL4c	NW_005054401.1	221560	222881	19.300	0
TguLTRL4d	NW_005054401.1	237364	237514	26.900	0
TguLTRL4d	NW_005054401.1	237541	238185	26.600	0
TguLTR5c	NW_005054401.1	245495	245903	22.700	0
TguLTRL4c	NW_005054401.1	258676	259919	23.700	0
TguLTR11	NW_005054401.1	260733	260993	19.600	0
TguLTRL4c	NW_005054401.1	277694	278783	17.100	0
TguLTRL4c	NW_005054401.1	364079	365101	22.200	0
TguLTR5d	NW_005054401.1	376384	376970	17.600	0
TguLTRL4c	NW_005054401.1	377519	378347	26.200	0
TguLTR11	NW_005054401.1	451533	451941	19.200	0
TguLTRL4b	NW_005054401.1	564447	565197	21.900	0
TguLTRL4b	NW_005054401.1	565361	565892	18.600	0
TguLTRL4c	NW_005054401.1	603320	604621	22.200	0
TguLTR5b	NW_005054401.1	611717	612297	13.200	0
TguLTRL4b	NW_005054401.1	673025	674085	17.000	0
TguLTR6a	NW_005054401.1	717779	718180	22.400	0
TguLTR5e	NW_005054401.1	758354	758689	28.200	0
TguLTRL4b	NW_005054401.1	959078	960028	23.200	0
TguLTR5a	NW_005054401.1	964285	964847	21.500	0
TguLTR5a	NW_005054401.1	1055908	1056436	18.200	0
TguLTR11	NW_005054401.1	1091586	1091647	21.300	0
TguLTR5b	NW_005054401.1	1092225	1092821	17.700	0
TguLTRL6b	NW_005054401.1	1113488	1113860	22.600	0
TguLTR5c	NW_005054401.1	1129681	1129988	21.400	0
TguLTR11	NW_005054401.1	1228920	1229092	19.900	0
TguLTR5b	NW_005054401.1	1235877	1236478	14.500	0
TguLTRL4b	NW_005054401.1	1474024	1474968	19.400	0
TguLTR5a	NW_005054401.1	1643941	1644511	21.800	0
TguLTR5b	NW_005054401.1	1839481	1840059	19.000	0
TguLTR5d	NW_005054401.1	2062787	2062937	17.300	0
TguLTR5d	NW_005054401.1	2064501	2064746	26.100	0
TguLTR5d	NW_005054401.1	2327207	2327771	17.200	0
TguLTR5e	NW_005054401.1	2373339	2373663	23.400	0
TguLTR5d	NW_005054401.1	2375606	2376164	23.400	0
TguLTR5b	NW_005054401.1	2408122	2408699	18.700	0
TguLTR5c	NW_005054401.1	2489177	2489718	16.900	0
TguLTRL4c	NW_005054401.1	2511823	2511916	14.100	0
TguLTR5b	NW_005054401.1	2552519	2553025	18.300	0
TguLTRL4b	NW_005054401.1	2620584	2621176	17.500	0
TguLTRL4b	NW_005054401.1	2622139	2622189	14.600	0
TguLTRL4b	NW_005054401.1	2622515	2622980	17.400	0
TguLTRL4b	NW_005054401.1	2623247	2624258	19.000	0
TguLTR5a	NW_005054401.1	2632871	2633401	19.700	0
TguLTR5d	NW_005054401.1	2649082	2649302	16.500	0
TguLTRL4b	NW_005054401.1	2668975	2669380	21.300	0
TguLTRL4c	NW_005054401.1	2715456	2716001	16.800	0
TguLTRL4c	NW_005054402.1	51097	51451	17.200	0
TguLTR5a	NW_005054402.1	329301	329455	25.000	0
TguLTRL4c	NW_005054402.1	753208	753670	20.100	0
TguLTRL4c	NW_005054402.1	754174	754506	22.000	0
TguLTRL4d	NW_005054402.1	1053008	1053308	22.400	0
TguLTRL4d	NW_005054402.1	1053366	1053493	14.100	0
TguLTRL4c	NW_005054402.1	1591829	1592889	24.500	0
TguLTR5d	NW_005054402.1	1617190	1617715	19.600	0
TguLTR5e	NW_005054402.1	1713774	1714058	28.800	0
TguLTRL4b	NW_005054402.1	1717892	1718198	18.200	0
TguLTR5d	NW_005054402.1	1746158	1746705	22.200	0
TguLTR5c	NW_005054402.1	2009757	2010345	28.200	0
TguLTR5e	NW_005054402.1	2129231	2129619	28.100	0
TguLTR5d	NW_005054402.1	2468020	2468097	14.700	0
TguLTRL4c	NW_005054402.1	2519501	2519910	19.100	0
TguLTRL4c	NW_005054402.1	2520309	2520668	22.500	0
TguLTRL4b	NW_005054402.1	2550503	2551337	17.100	0
TguLTR5b	NW_005054402.1	2849906	2850483	15.000	0
TguLTR5c	NW_005054403.1	178257	178829	18.600	0
TguLTR5e	NW_005054403.1	183117	183656	25.700	0
TguLTR5e	NW_005054403.1	349935	350055	25.800	0
TguLTR5e	NW_005054403.1	350107	350447	24.300	0
TguLTR5d	NW_005054403.1	381624	382177	19.600	0
TguLTR5d	NW_005054403.1	431364	431507	22.500	0
TguLTRL4c	NW_005054403.1	451571	452682	20.400	0
TguLTRL4d	NW_005054403.1	562499	563426	24.000	0
TguLTR5d	NW_005054403.1	652977	653517	17.200	0
TguLTR5b	NW_005054403.1	1053415	1054002	9.700	0
TguLTR5d	NW_005054403.1	1134308	1134865	18.700	0
TguLTR6a	NW_005054403.1	1375670	1375881	15.700	0
TguLTR5a	NW_005054403.1	1453259	1453407	23.500	0
TguLTR5d	NW_005054403.1	1620792	1621053	22.000	0
TguLTR5a	NW_005054403.1	1630530	1631022	19.400	0
TguLTR11	NW_005054403.1	1675634	1675694	15.000	0
TguLTRL4d	NW_005054403.1	1757819	1757902	20.700	0
TguLTR5b	NW_005054403.1	1770758	1771188	13.800	0
TguLTR5d	NW_005054403.1	1823065	1823627	18.000	0
TguLTRL4b	NW_005054403.1	1851657	1852741	16.600	0
TguLTRL4b	NW_005054403.1	1870962	1871392	20.400	0
TguLTRL4b	NW_005054403.1	1871866	1872306	19.000	0
TguLTR5d	NW_005054403.1	1885805	1885887	11.800	0
TguLTR5b	NW_005054403.1	2081131	2081727	15.700	0
TguLTR5a	NW_005054403.1	2269419	2269999	19.500	0
TguLTRL4c	NW_005054403.1	2353538	2354825	20.300	0
TguLTR5d	NW_005054403.1	2365094	2365670	18.800	0
TguLTRL4b	NW_005054403.1	2410523	2410771	31.100	0
TguLTRL4b	NW_005054403.1	2411151	2411279	25.800	0
TguLTR5a	NW_005054403.1	2633725	2633860	22.300	0
TguLTR5a	NW_005054403.1	2633895	2633999	22.300	0
TguLTRL6b	NW_005054403.1	2730771	2730905	22.300	0
TguLTRL6b	NW_005054403.1	2730917	2731355	21.300	0
TguLTR5d	NW_005054403.1	2826515	2826934	17.900	0
TguLTR5d	NW_005054404.1	18316	18893	17.200	0
TguLTR5b	NW_005054404.1	56759	57336	14.400	0
TguLTR5b	NW_005054404.1	74871	75435	11.900	0
TguLTRL4d	NW_005054404.1	139179	139368	24.100	0
TguLTR5b	NW_005054404.1	189396	189948	16.500	0
TguLTRL4c	NW_005054404.1	200222	201332	22.100	0
TguLTRL4b	NW_005054404.1	247478	247956	20.600	0
TguLTRL4b	NW_005054404.1	248579	248983	18.500	0
TguLTR5b	NW_005054404.1	249645	250196	15.800	0
TguLTR5b	NW_005054404.1	277844	278427	15.800	0
TguLTRL4c	NW_005054404.1	290139	290249	21.000	0
TguLTR5d	NW_005054404.1	290922	291506	21.100	0
TguLTRL4b	NW_005054404.1	313586	313919	30.400	0
TguLTRL4b	NW_005054404.1	378408	379172	22.000	0
TguLTR5d	NW_005054404.1	383070	383664	20.900	0
TguLTR5a	NW_005054404.1	419838	419995	27.200	0
TguLTR5a	NW_005054404.1	420044	420172	27.200	0
TguLTRL4c	NW_005054404.1	534796	535110	22.700	0
TguLTRL4c	NW_005054404.1	535139	535331	27.800	0
TguLTR5b	NW_005054404.1	681002	681595	16.000	0
TguLTR5b	NW_005054404.1	782691	783283	13.400	0
TguLTR5b	NW_005054404.1	959149	959711	12.800	0
TguLTR5b	NW_005054404.1	972314	972561	18.300	0
TguLTR5b	NW_005054404.1	990671	991230	13.400	0
TguLTR5a	NW_005054404.1	1103335	1103506	24.700	0
TguLTR5a	NW_005054404.1	1103620	1103992	24.700	0
TguLTRL4c	NW_005054404.1	1234833	1235790	24.300	0
TguLTRL4c	NW_005054404.1	1318372	1319396	24.400	0
TguLTRL4c	NW_005054404.1	1333452	1334237	19.800	0
TguLTR11	NW_005054404.1	1335637	1335842	21.900	0
TguLTR11	NW_005054404.1	1335923	1336166	20.200	0
TguLTR5c	NW_005054404.1	1339586	1339861	20.000	0
TguLTR5d	NW_005054404.1	1413818	1414445	20.000	0
TguLTRL4c	NW_005054404.1	1429621	1430407	19.900	0
TguLTR5b	NW_005054404.1	1595910	1596441	12.700	0
TguLTR5c	NW_005054404.1	1614172	1614329	25.500	0
TguLTR5c	NW_005054404.1	1614337	1614603	23.300	0
TguLTR5e	NW_005054404.1	1753275	1753528	27.800	0
TguLTR5a	NW_005054404.1	1780348	1780514	24.700	0
TguLTR5a	NW_005054404.1	1780772	1781060	19.400	0
TguLTR5d	NW_005054404.1	1806936	1807064	18.100	0
TguLTRL4d	NW_005054404.1	1871547	1871925	27.300	0
TguLTRL4c	NW_005054404.1	1905801	1906420	26.900	0
TguLTRL4c	NW_005054404.1	1906968	1907279	24.500	0
TguLTR5d	NW_005054404.1	1910657	1911157	22.600	0
TguLTRL4c	NW_005054404.1	1911543	1912005	21.800	0
TguLTRL4d	NW_005054404.1	2018574	2019266	26.300	0
TguLTR5e	NW_005054404.1	2062930	2063503	24.400	0
TguLTR5b	NW_005054404.1	2064963	2065522	12.400	0
TguLTRL4c	NW_005054404.1	2067529	2068209	20.300	0
TguLTRL4c	NW_005054404.1	2099190	2099383	29.100	0
TguLTRL4c	NW_005054404.1	2099797	2100684	32.500	0
TguLTR6a	NW_005054404.1	2192104	2192513	23.600	0
TguLTR5c	NW_005054404.1	2218495	2219060	27.500	0
TguLTR5d	NW_005054404.1	2238848	2239438	23.100	0
TguLTR5d	NW_005054404.1	2239668	2239737	20.300	0
TguLTR5d	NW_005054404.1	2257175	2257270	35.800	0
TguLTR5a	NW_005054404.1	2266415	2266705	24.600	0
TguLTR5d	NW_005054404.1	2268157	2268414	22.600	0
TguLTRL4d	NW_005054404.1	2297533	2297765	30.300	0
TguLTRL4c	NW_005054404.1	2331293	2331714	25.900	0
TguLTR5d	NW_005054404.1	2335846	2336427	26.600	0
TguLTR5b	NW_005054404.1	2353369	2353653	13.700	0
TguLTRL4c	NW_005054404.1	2396599	2397529	23.000	0
TguLTRL4b	NW_005054404.1	2397678	2398698	17.900	0
TguLTR5d	NW_005054404.1	2399280	2399517	23.400	0
TguLTR5c	NW_005054404.1	2401795	2402340	28.300	0
TguLTR5a	NW_005054404.1	2444378	2444916	23.100	0
TguLTRL4c	NW_005054404.1	2477000	2477160	25.600	0
TguLTRL4c	NW_005054404.1	2477265	2477424	27.700	0
TguLTRL4d	NW_005054404.1	2560966	2561575	24.000	0
TguLTRL4b	NW_005054404.1	2641777	2642852	19.400	0
TguLTRL4c	NW_005054404.1	2655331	2655794	24.300	0
TguLTR5d	NW_005054404.1	2656250	2656598	21.000	0
TguLTRL4c	NW_005054404.1	2660436	2660918	31.200	0
TguLTRL4c	NW_005054404.1	2661530	2661700	31.200	0
TguLTRL4c	NW_005054404.1	2677544	2678600	21.500	0
TguLTR5b	NW_005054404.1	2700322	2700801	17.400	0
TguLTRL4d	NW_005054404.1	2728877	2728992	29.200	0
TguLTR5c	NW_005054405.1	17535	17925	16.000	0
TguLTRL6b	NW_005054405.1	66412	66562	24.700	0
TguLTR11	NW_005054405.1	71524	71760	12.400	0
TguLTR11	NW_005054405.1	104953	105177	19.800	0
TguLTR11	NW_005054405.1	105270	105495	20.400	0
TguLTR11	NW_005054405.1	198712	198854	20.000	0
TguLTR11	NW_005054405.1	199514	199754	20.900	0
TguLTRL4d	NW_005054405.1	301472	301896	21.900	0
TguLTRL4c	NW_005054405.1	428770	429176	20.900	0
TguLTR5a	NW_005054405.1	448233	448762	26.900	0
TguLTRL4b	NW_005054405.1	505364	505397	9.100	0
TguLTR11	NW_005054405.1	607512	607593	17.700	0
TguLTR11	NW_005054405.1	626514	626572	12.500	0
TguLTRL4c	NW_005054405.1	646930	647389	21.500	0
TguLTR11	NW_005054405.1	666904	667037	17.600	0
TguLTRL4c	NW_005054405.1	748297	749072	22.900	0
TguLTRL4d	NW_005054405.1	784065	784464	21.800	0
TguLTRL6b	NW_005054405.1	802011	802126	26.500	0
TguLTR5d	NW_005054405.1	816264	816730	17.400	11
TguLTR11	NW_005054405.1	974558	975163	15.200	0
TguLTR6a	NW_005054405.1	978100	978290	19.800	0
TguLTRL4c	NW_005054405.1	1023822	1024361	20.400	0
TguLTR5a	NW_005054405.1	1095378	1095858	20.500	0
TguLTR11	NW_005054405.1	1098692	1098885	15.600	0
TguLTR11	NW_005054405.1	1098914	1098995	12.300	0
TguLTR11	NW_005054405.1	1111064	1111126	21.300	0
TguLTRL6b	NW_005054405.1	1127854	1127907	17.700	0
TguLTRL4c	NW_005054405.1	1144726	1145775	25.100	0
TguLTR5a	NW_005054405.1	1266461	1266968	21.400	0
TguLTR11	NW_005054405.1	1310760	1310851	26.700	0
TguLTR5e	NW_005054405.1	1391244	1391394	31.300	0
TguLTR5e	NW_005054405.1	1391432	1391718	26.500	0
TguLTR5a	NW_005054405.1	1511976	1512494	25.800	0
TguLTR11	NW_005054405.1	1605333	1605481	20.800	0
TguLTR5d	NW_005054405.1	1753038	1753621	23.600	0
TguLTR6a	NW_005054405.1	2097612	2098046	24.100	0
TguLTR5a	NW_005054405.1	2198981	2199525	22.000	0
TguLTR5a	NW_005054405.1	2586592	2587187	19.800	0
TguLTR11	NW_005054405.1	2744630	2745039	16.800	0
TguLTR5a	NW_005054406.1	3974	4519	26.700	0
TguLTR5b	NW_005054406.1	24760	25368	17.600	0
TguLTR5b	NW_005054406.1	27624	28232	17.600	0
TguLTRL4c	NW_005054406.1	90280	90457	18.200	0
TguLTRL6b	NW_005054406.1	90459	90914	20.200	0
TguLTRL4c	NW_005054406.1	90929	91805	21.100	0
TguLTRL4b	NW_005054406.1	241900	243015	21.900	0
TguLTRL4d	NW_005054406.1	354834	355372	27.600	0
TguLTR5b	NW_005054406.1	377377	377934	16.400	0
TguLTR5d	NW_005054406.1	490963	491362	17.500	0
TguLTR6a	NW_005054406.1	500650	500717	21.900	0
TguLTR5b	NW_005054406.1	521231	521849	18.100	0
TguLTRL6b	NW_005054406.1	561667	562015	17.700	0
TguLTR5b	NW_005054406.1	576587	576766	15.800	0
TguLTRL4b	NW_005054406.1	658891	659894	19.300	0
TguLTRL4d	NW_005054406.1	664669	665357	27.300	0
TguLTRL4d	NW_005054406.1	714703	715366	25.600	0
TguLTR5d	NW_005054406.1	715372	715953	18.900	0
TguLTRL4d	NW_005054406.1	716053	716213	22.500	0
TguLTRL4c	NW_005054406.1	723890	724972	22.100	0
TguLTRL4c	NW_005054406.1	741852	741985	15.400	0
TguLTRL4b	NW_005054406.1	761634	762667	25.600	0
TguLTR5d	NW_005054406.1	762802	763417	23.600	0
TguLTRL4b	NW_005054406.1	782087	782764	15.700	0
TguLTRL4b	NW_005054406.1	783206	783587	13.500	0
TguLTR5e	NW_005054406.1	791952	792499	30.000	0
TguLTR5d	NW_005054406.1	799873	800150	20.200	0
TguLTRL4b	NW_005054406.1	839389	839889	21.600	0
TguLTR5d	NW_005054406.1	878921	879348	16.900	0
TguLTRL4c	NW_005054406.1	884462	884961	19.900	0
TguLTRL4b	NW_005054406.1	887429	888601	22.100	0
TguLTR6a	NW_005054406.1	896274	896339	24.600	0
TguLTRL4c	NW_005054406.1	964735	965020	26.400	0
TguLTR5d	NW_005054406.1	968765	969153	21.900	0
TguLTRL4c	NW_005054406.1	976155	977072	22.300	0
TguLTR5d	NW_005054406.1	1075989	1076584	20.000	0
TguLTR5c	NW_005054406.1	1094036	1094086	20.000	0
TguLTRL4c	NW_005054406.1	1121857	1122269	20.300	0
TguLTRL4d	NW_005054406.1	1199805	1199933	26.800	0
TguLTRL4d	NW_005054406.1	1199943	1200307	27.100	0
TguLTRL4b	NW_005054406.1	1313800	1314628	17.600	0
TguLTR5d	NW_005054406.1	1322758	1323312	16.000	0
TguLTR5d	NW_005054406.1	1330800	1331056	20.300	0
TguLTR11	NW_005054406.1	1352580	1352635	10.900	0
TguLTRL4c	NW_005054406.1	1372554	1373050	27.900	0
TguLTRL4b	NW_005054406.1	1411915	1412892	22.800	0
TguLTRL4b	NW_005054406.1	1413637	1413876	15.100	0
TguLTR5b	NW_005054406.1	1421266	1421538	14.400	0
TguLTR5a	NW_005054406.1	1435880	1436451	21.000	0
TguLTR5a	NW_005054406.1	1467534	1467715	23.500	0
TguLTR5a	NW_005054406.1	1467762	1468009	23.500	0
TguLTR5d	NW_005054406.1	1492501	1493086	26.400	0
TguLTRL4c	NW_005054406.1	1496948	1497931	20.100	0
TguLTRL4d	NW_005054406.1	1514185	1514502	19.500	0
TguLTR5d	NW_005054406.1	1528854	1528946	23.100	0
TguLTRL4c	NW_005054406.1	1528946	1529142	22.900	0
TguLTRL4d	NW_005054406.1	1591966	1592818	23.200	0
TguLTR5e	NW_005054406.1	1681825	1682367	22.200	0
TguLTR5d	NW_005054406.1	1709264	1709501	19.200	0
TguLTR5e	NW_005054406.1	1712747	1713258	34.700	0
TguLTRL4c	NW_005054406.1	1774443	1775341	18.000	0
TguLTR5d	NW_005054406.1	1843876	1844455	15.800	0
TguLTR5b	NW_005054406.1	1973188	1973741	16.200	0
TguLTR5d	NW_005054406.1	2017085	2017305	16.300	0
TguLTRL4b	NW_005054406.1	2044849	2045957	22.700	0
TguLTRL4d	NW_005054406.1	2132889	2133059	33.000	0
TguLTRL4c	NW_005054406.1	2140295	2140821	20.500	0
TguLTR5e	NW_005054406.1	2169627	2170145	28.000	0
TguLTR5e	NW_005054406.1	2182845	2183082	30.400	0
TguLTR5e	NW_005054406.1	2183106	2183374	22.400	0
TguLTR5e	NW_005054406.1	2197322	2197893	30.200	0
TguLTRL4d	NW_005054406.1	2213333	2213584	27.600	0
TguLTRL4d	NW_005054406.1	2213591	2213793	30.300	0
TguLTR5a	NW_005054406.1	2232221	2232280	27.100	0
TguLTR5a	NW_005054406.1	2232426	2232934	18.500	0
TguLTRL4b	NW_005054406.1	2316624	2317299	20.400	0
TguLTRL4b	NW_005054406.1	2349061	2349928	15.200	0
TguLTR5d	NW_005054406.1	2388057	2388352	20.800	0
TguLTR11	NW_005054406.1	2429026	2429270	18.600	0
TguLTR11	NW_005054406.1	2429308	2429415	17.100	0
TguLTR11	NW_005054406.1	2429441	2429608	25.200	0
TguLTRL4b	NW_005054406.1	2452980	2454050	15.600	0
TguLTRL4c	NW_005054406.1	2471509	2471959	22.900	0
TguLTRL4c	NW_005054406.1	2508433	2509304	22.600	0
TguLTRL4c	NW_005054406.1	2511735	2511920	27.600	0
TguLTR5d	NW_005054406.1	2526990	2527212	17.600	0
TguLTR5a	NW_005054406.1	2534289	2534737	22.300	0
TguLTR5c	NW_005054406.1	2594552	2594847	18.800	0
TguLTR5c	NW_005054406.1	2595450	2595725	13.900	0
TguLTR5d	NW_005054406.1	2614440	2614477	24.600	0
TguLTR5d	NW_005054406.1	2614518	2614818	24.600	0
TguLTR5b	NW_005054406.1	2639731	2640024	13.200	0
TguLTR5b	NW_005054406.1	2640491	2640751	19.200	0
TguLTRL4b	NW_005054406.1	2664239	2665311	20.100	0
TguLTRL4d	NW_005054406.1	2707114	2708023	24.100	0
TguLTR5d	NW_005054407.1	46339	46676	19.600	0
TguLTR5d	NW_005054407.1	85841	86447	22.500	0
TguLTRL4c	NW_005054407.1	101869	102923	23.000	0
TguLTRL4d	NW_005054407.1	107251	107476	32.400	0
TguLTRL4d	NW_005054407.1	138090	138249	24.700	0
TguLTRL4c	NW_005054407.1	223571	224278	25.700	0
TguLTRL4d	NW_005054407.1	285024	285950	28.900	0
TguLTRL4c	NW_005054407.1	289456	289855	19.400	0
TguLTR5b	NW_005054407.1	305346	305540	23.800	0
TguLTRL4b	NW_005054407.1	314403	314788	33.000	0
TguLTRL4c	NW_005054407.1	315135	316260	19.900	0
TguLTR5e	NW_005054407.1	328059	328347	22.900	0
TguLTRL4d	NW_005054407.1	349054	349834	29.300	0
TguLTR5d	NW_005054407.1	356115	356440	20.100	0
TguLTRL4d	NW_005054407.1	363587	363725	15.300	0
TguLTRL4d	NW_005054407.1	363737	363806	17.400	0
TguLTR5e	NW_005054407.1	398821	399341	29.500	0
TguLTR5d	NW_005054407.1	402266	402439	23.100	0
TguLTR5d	NW_005054407.1	402456	402901	19.600	0
TguLTRL4c	NW_005054407.1	447478	447951	25.000	0
TguLTRL4c	NW_005054407.1	447973	448227	25.800	0
TguLTR5e	NW_005054407.1	452564	452703	29.000	0
TguLTR5e	NW_005054407.1	452775	452908	30.700	0
TguLTR5d	NW_005054407.1	462903	463167	17.900	0
TguLTR5a	NW_005054407.1	469023	469324	23.800	0
TguLTR5a	NW_005054407.1	469520	469760	17.100	0
TguLTR5b	NW_005054407.1	482721	483306	15.200	0
TguLTRL4c	NW_005054407.1	487514	488628	22.600	0
TguLTR5a	NW_005054407.1	499877	500433	28.400	0
TguLTRL4d	NW_005054407.1	521062	521463	22.800	0
TguLTR5c	NW_005054407.1	527412	527509	23.200	0
TguLTR5c	NW_005054407.1	527517	527811	18.000	0
TguLTRL4d	NW_005054407.1	533374	533597	22.700	0
TguLTRL4d	NW_005054407.1	533624	533822	30.800	0
TguLTRL4c	NW_005054407.1	535097	535577	26.400	0
TguLTR5d	NW_005054407.1	536847	537418	20.700	0
TguLTR5b	NW_005054407.1	540937	541385	18.300	0
TguLTRL4c	NW_005054407.1	551380	551591	17.300	0
TguLTR5d	NW_005054407.1	592656	593264	29.700	0
TguLTRL4c	NW_005054407.1	612379	613412	22.600	0
TguLTR5d	NW_005054407.1	615209	615544	17.200	0
TguLTR6a	NW_005054407.1	617688	618177	24.300	0
TguLTR5a	NW_005054407.1	623977	624523	23.500	0
TguLTR5d	NW_005054407.1	631645	631790	24.700	0
TguLTRL4d	NW_005054407.1	651836	652245	27.900	0
TguLTR5d	NW_005054407.1	696424	697037	29.000	0
TguLTR6a	NW_005054407.1	712089	712401	22.700	0
TguLTRL6b	NW_005054407.1	712411	712604	21.600	0
TguLTRL4d	NW_005054407.1	718324	718528	27.100	0
TguLTR5d	NW_005054407.1	726315	726924	25.500	0
TguLTR5b	NW_005054407.1	787756	788348	19.300	0
TguLTRL4b	NW_005054407.1	789500	789617	21.400	0
TguLTRL4b	NW_005054407.1	790352	790626	19.700	0
TguLTRL4b	NW_005054407.1	791112	791389	18.800	0
TguLTRL4d	NW_005054407.1	793720	793913	29.700	0
TguLTRL4c	NW_005054407.1	817900	818104	22.600	0
TguLTRL4d	NW_005054407.1	819654	819868	29.200	0
TguLTRL4d	NW_005054407.1	819953	820279	24.900	0
TguLTR5d	NW_005054407.1	820304	820521	24.000	0
TguLTRL4d	NW_005054407.1	829293	829449	25.600	0
TguLTR5c	NW_005054407.1	856457	856797	22.900	0
TguLTRL4c	NW_005054407.1	920332	920904	24.000	0
TguLTR5d	NW_005054407.1	934140	934246	29.200	0
TguLTR5d	NW_005054407.1	934386	934593	30.000	0
TguLTR5e	NW_005054407.1	936733	936929	24.200	0
TguLTRL4c	NW_005054407.1	947456	947655	23.800	0
TguLTR5a	NW_005054407.1	999632	1000207	23.800	0
TguLTR5a	NW_005054407.1	1020024	1020557	22.000	0
TguLTR5e	NW_005054407.1	1028978	1029334	27.000	0
TguLTR5b	NW_005054407.1	1029849	1030224	16.100	0
TguLTR5d	NW_005054407.1	1049017	1049598	17.400	0
TguLTR5d	NW_005054407.1	1057433	1058034	19.700	0
TguLTR5d	NW_005054407.1	1097698	1098155	20.900	0
TguLTR5e	NW_005054407.1	1102715	1103297	31.100	0
TguLTR5e	NW_005054407.1	1111874	1112412	26.700	0
TguLTRL4d	NW_005054407.1	1115438	1115633	25.200	0
TguLTR5e	NW_005054407.1	1128830	1129388	26.800	0
TguLTR5d	NW_005054407.1	1148243	1148580	21.300	0
TguLTRL4c	NW_005054407.1	1151713	1151999	19.700	0
TguLTRL4b	NW_005054407.1	1158215	1159226	20.500	0
TguLTRL4c	NW_005054407.1	1197201	1197558	23.500	0
TguLTRL4c	NW_005054407.1	1202136	1203135	26.900	0
TguLTR5e	NW_005054407.1	1204919	1205402	26.800	0
TguLTRL4c	NW_005054407.1	1259647	1259840	27.600	0
TguLTRL4c	NW_005054407.1	1259850	1260255	28.200	0
TguLTR5a	NW_005054407.1	1273327	1273723	19.300	0
TguLTR5a	NW_005054407.1	1273979	1274113	22.700	0
TguLTRL4d	NW_005054407.1	1274113	1275029	25.800	0
TguLTRL4c	NW_005054407.1	1304395	1305480	24.800	0
TguLTR11	NW_005054407.1	1370835	1370927	19.400	0
TguLTR6a	NW_005054407.1	1411800	1412180	24.100	0
TguLTRL4d	NW_005054407.1	1413025	1413619	29.900	0
TguLTRL4c	NW_005054407.1	1437443	1438271	27.700	0
TguLTRL4c	NW_005054407.1	1441846	1442283	18.200	0
TguLTR5c	NW_005054407.1	1466801	1467376	22.600	0
TguLTRL4c	NW_005054407.1	1470043	1470614	22.900	0
TguLTR5d	NW_005054407.1	1485441	1486013	25.000	0
TguLTRL4d	NW_005054407.1	1489292	1489485	32.100	0
TguLTRL4d	NW_005054407.1	1499538	1499597	22.000	0
TguLTR5c	NW_005054407.1	1501968	1502531	22.700	0
TguLTRL4b	NW_005054407.1	1505360	1505467	14.100	0
TguLTRL4c	NW_005054407.1	1527676	1528212	25.500	0
TguLTRL4c	NW_005054407.1	1548674	1548770	17.200	0
TguLTRL4c	NW_005054407.1	1548793	1549489	22.700	0
TguLTR5d	NW_005054407.1	1552532	1553104	22.300	0
TguLTR5e	NW_005054407.1	1579402	1579979	28.200	0
TguLTR11	NW_005054407.1	1587777	1587895	20.500	0
TguLTR11	NW_005054407.1	1588007	1588053	20.500	0
TguLTR11	NW_005054407.1	1588137	1588222	20.500	0
TguLTR5b	NW_005054407.1	1602186	1602286	30.600	0
TguLTR5b	NW_005054407.1	1602417	1602733	28.700	0
TguLTRL4c	NW_005054407.1	1627429	1628006	22.700	0
TguLTR11	NW_005054407.1	1663477	1663729	21.600	0
TguLTR11	NW_005054407.1	1663800	1664050	17.000	0
TguLTRL4b	NW_005054407.1	1675885	1676061	16.100	0
TguLTR5d	NW_005054407.1	1692830	1693352	22.700	0
TguLTR11	NW_005054407.1	1698758	1698915	26.900	0
TguLTRL4c	NW_005054407.1	1709452	1710136	23.400	0
TguLTRL4c	NW_005054407.1	1721273	1721769	29.200	0
TguLTRL4b	NW_005054407.1	1721967	1722852	18.900	0
TguLTRL4d	NW_005054407.1	1753993	1754536	29.900	0
TguLTR5c	NW_005054407.1	1755794	1756355	20.600	0
TguLTRL4d	NW_005054407.1	1765974	1766090	24.800	0
TguLTR5c	NW_005054407.1	1766564	1766804	15.500	0
TguLTR5c	NW_005054407.1	1767158	1767386	24.400	0
TguLTR5a	NW_005054407.1	1781184	1781603	20.400	0
TguLTR5a	NW_005054407.1	1781656	1781754	16.000	0
TguLTRL4c	NW_005054407.1	1784298	1784496	28.100	0
TguLTRL4c	NW_005054407.1	1784531	1785147	23.200	0
TguLTR5c	NW_005054407.1	1788142	1788636	18.700	0
TguLTRL4c	NW_005054407.1	1790624	1791084	23.700	0
TguLTRL4b	NW_005054407.1	1804416	1805299	26.600	0
TguLTR5b	NW_005054407.1	1807867	1808421	18.800	0
TguLTRL4d	NW_005054407.1	1812114	1812711	28.700	0
TguLTRL4d	NW_005054407.1	1845956	1846071	28.100	0
TguLTR5e	NW_005054407.1	1850213	1850604	23.200	0
TguLTR5d	NW_005054407.1	1867515	1867843	24.200	0
TguLTRL4d	NW_005054407.1	1898568	1898743	32.100	0
TguLTRL4d	NW_005054407.1	1901633	1902458	27.700	0
TguLTRL4d	NW_005054407.1	1916091	1916283	28.100	0
TguLTRL4d	NW_005054407.1	1917376	1917442	24.200	0
TguLTRL4c	NW_005054407.1	1918911	1919999	22.900	0
TguLTR6a	NW_005054407.1	1928672	1928742	17.100	0
TguLTR5d	NW_005054407.1	1957303	1957715	22.800	0
TguLTRL4d	NW_005054407.1	1961380	1961701	27.900	0
TguLTR5d	NW_005054407.1	1965756	1966048	21.400	0
TguLTR5c	NW_005054407.1	1969075	1969610	25.100	0
TguLTR5d	NW_005054407.1	1970597	1971109	22.100	0
TguLTR6a	NW_005054407.1	1981848	1982257	21.900	0
TguLTR5d	NW_005054407.1	1987513	1987653	18.600	0
TguLTR5a	NW_005054407.1	1998619	1999073	20.200	0
TguLTRL4b	NW_005054407.1	1999910	2000517	22.900	0
TguLTR5e	NW_005054407.1	2001106	2001667	32.500	0
TguLTR5e	NW_005054407.1	2004355	2004496	28.600	0
TguLTR5e	NW_005054407.1	2004800	2005018	33.600	0
TguLTR5d	NW_005054407.1	2008997	2009559	34.700	0
TguLTR5b	NW_005054407.1	2032838	2033058	23.200	0
TguLTRL4d	NW_005054407.1	2067780	2068169	30.500	0
TguLTR5e	NW_005054407.1	2079318	2079501	28.600	0
TguLTR5e	NW_005054407.1	2079692	2080082	32.800	0
TguLTR5d	NW_005054407.1	2083162	2083728	23.300	0
TguLTRL4c	NW_005054407.1	2087793	2087912	24.100	0
TguLTRL4d	NW_005054407.1	2112614	2112876	31.500	0
TguLTRL4b	NW_005054407.1	2160885	2161547	22.800	0
TguLTRL4d	NW_005054407.1	2179074	2179846	28.100	0
TguLTR5d	NW_005054407.1	2180318	2180736	17.100	0
TguLTR5b	NW_005054407.1	2237345	2237909	17.600	0
TguLTR5b	NW_005054407.1	2247399	2247943	21.000	0
TguLTR5d	NW_005054407.1	2253929	2254506	29.200	0
TguLTR5d	NW_005054407.1	2313042	2313337	20.700	0
TguLTR5c	NW_005054407.1	2348778	2349345	24.600	0
TguLTRL4d	NW_005054407.1	2374569	2374828	26.900	0
TguLTRL4c	NW_005054407.1	2393704	2393776	23.600	0
TguLTR5d	NW_005054407.1	2417798	2418154	21.100	0
TguLTRL6b	NW_005054407.1	2426623	2426767	22.100	0
TguLTR5d	NW_005054407.1	2428671	2429179	19.300	0
TguLTRL4b	NW_005054407.1	2457749	2458815	19.200	0
TguLTRL4d	NW_005054407.1	2472695	2473387	25.800	0
TguLTR5c	NW_005054407.1	2478308	2478634	19.800	0
TguLTRL4d	NW_005054407.1	2482377	2482527	20.900	0
TguLTR5d	NW_005054407.1	2489738	2490003	16.200	0
TguLTRL4b	NW_005054407.1	2495763	2496823	16.800	0
TguLTRL4c	NW_005054407.1	2594661	2594790	18.000	0
TguLTR5d	NW_005054407.1	2658513	2659084	21.000	0
TguLTR11	NW_005054408.1	6219	6616	18.600	0
TguLTR5e	NW_005054408.1	7513	8049	23.900	0
TguLTRL4d	NW_005054408.1	108532	108797	23.700	0
TguLTR5a	NW_005054408.1	112733	112812	20.200	0
TguLTR5d	NW_005054408.1	115198	115544	27.700	0
TguLTR5b	NW_005054408.1	251349	251910	17.600	0
TguLTRL4d	NW_005054408.1	335522	335750	24.900	0
TguLTR5d	NW_005054408.1	449328	449920	22.400	0
TguLTR5a	NW_005054408.1	834802	835367	20.700	0
TguLTRL4c	NW_005054408.1	1018921	1019908	15.900	0
TguLTR5a	NW_005054408.1	1101686	1102236	25.400	0
TguLTR5d	NW_005054408.1	2076408	2076901	20.400	0
TguLTR5a	NW_005054409.1	31057	31609	17.000	0
TguLTRL4c	NW_005054409.1	71016	71392	17.900	0
TguLTR5c	NW_005054409.1	75679	75727	14.600	0
TguLTR5c	NW_005054409.1	75741	75837	15.100	0
TguLTRL4c	NW_005054409.1	118012	118141	20.200	0
TguLTRL4c	NW_005054409.1	118147	118379	22.100	0
TguLTRL4c	NW_005054409.1	118749	119110	18.700	0
TguLTRL4c	NW_005054409.1	138458	138644	19.400	0
TguLTRL4c	NW_005054409.1	138652	139268	23.300	0
TguLTR11	NW_005054409.1	172928	173069	18.500	0
TguLTR5d	NW_005054409.1	188550	189107	19.600	0
TguLTR5d	NW_005054409.1	298395	298962	17.900	0
TguLTR5b	NW_005054409.1	451553	452127	15.100	0
TguLTR5d	NW_005054409.1	486889	487085	25.600	0
TguLTR5d	NW_005054409.1	488896	489452	18.200	0
TguLTRL4d	NW_005054409.1	863272	863353	25.500	0
TguLTR5a	NW_005054409.1	875510	876080	21.900	0
TguLTRL4c	NW_005054409.1	1219077	1219429	20.000	0
TguLTR5d	NW_005054409.1	1248291	1248436	21.000	0
TguLTR5a	NW_005054409.1	1406542	1406596	9.300	0
TguLTR5a	NW_005054409.1	1511516	1512079	20.900	0
TguLTRL4c	NW_005054409.1	1836421	1836499	15.400	0
TguLTR5a	NW_005054409.1	1851528	1852082	22.800	0
TguLTR5b	NW_005054409.1	1911428	1911992	19.600	0
TguLTRL4b	NW_005054409.1	1917887	1918753	20.100	0
TguLTR5b	NW_005054409.1	1947046	1947545	18.100	0
TguLTR5d	NW_005054409.1	1962270	1962834	18.000	0
TguLTR11	NW_005054409.1	2058501	2058770	22.100	0
TguLTR5b	NW_005054409.1	2319411	2319995	14.800	0
TguLTRL6b	NW_005054409.1	2381389	2381490	19.000	0
TguLTRL4d	NW_005054409.1	2570830	2571064	29.000	0
TguLTRL4d	NW_005054409.1	2571152	2571514	25.900	0
TguLTRL4c	NW_005054409.1	2638266	2638611	22.300	0
TguLTR5a	NW_005054409.1	2640338	2640503	12.700	0
TguLTR5d	NW_005054410.1	94161	94212	17.600	0
TguLTR5a	NW_005054410.1	606987	607425	21.600	0
TguLTRL4d	NW_005054410.1	787657	787841	24.600	0
TguLTRL4c	NW_005054410.1	825155	825215	11.700	0
TguLTRL4c	NW_005054410.1	905003	905635	17.300	0
TguLTR5a	NW_005054410.1	912324	912543	26.300	0
TguLTR5a	NW_005054410.1	1136696	1137011	20.200	0
TguLTRL4b	NW_005054410.1	1158568	1158678	17.300	0
TguLTRL4c	NW_005054410.1	1183730	1184371	22.900	0
TguLTR5d	NW_005054410.1	1322160	1322731	20.900	0
TguLTR5b	NW_005054410.1	1374918	1375494	17.100	0
TguLTR5d	NW_005054410.1	1504644	1505190	21.900	0
TguLTRL4d	NW_005054410.1	1517579	1517867	27.700	0
TguLTRL4c	NW_005054410.1	2009805	2009970	25.400	0
TguLTRL4c	NW_005054410.1	2009970	2010102	13.000	0
TguLTR5d	NW_005054410.1	2061387	2061562	17.000	0
TguLTR5d	NW_005054410.1	2061610	2061724	19.400	0
TguLTRL4c	NW_005054411.1	8517	8893	14.900	0
TguLTRL4b	NW_005054411.1	32316	32616	18.000	0
TguLTRL4b	NW_005054411.1	32916	33646	16.900	0
TguLTR5a	NW_005054411.1	119623	120152	19.000	0
TguLTR5d	NW_005054411.1	148962	149351	19.300	0
TguLTR5d	NW_005054411.1	307625	308186	17.100	0
TguLTRL4c	NW_005054411.1	343166	343323	22.300	0
TguLTRL4c	NW_005054411.1	343326	343479	17.000	0
TguLTR5a	NW_005054411.1	386178	386223	8.900	0
TguLTR5b	NW_005054411.1	485285	485719	16.600	0
TguLTRL4c	NW_005054411.1	595532	596565	21.400	0
TguLTRL4c	NW_005054411.1	617804	618395	21.000	0
TguLTR5a	NW_005054411.1	654068	654203	16.800	0
TguLTR5a	NW_005054411.1	654215	654415	18.500	0
TguLTR5d	NW_005054411.1	658213	658423	20.200	0
TguLTR5c	NW_005054411.1	659487	660062	18.200	0
TguLTR5c	NW_005054411.1	722263	722641	21.900	0
TguLTR5e	NW_005054411.1	748567	748911	26.500	0
TguLTRL4c	NW_005054411.1	761814	762322	20.600	0
TguLTR5d	NW_005054411.1	765667	765846	18.200	0
TguLTRL4b	NW_005054411.1	792152	792673	17.100	0
TguLTRL4b	NW_005054411.1	792772	793458	20.400	0
TguLTR5e	NW_005054411.1	823670	823770	24.600	0
TguLTR11	NW_005054411.1	842321	842429	20.200	0
TguLTR11	NW_005054411.1	842457	842629	20.200	0
TguLTR11	NW_005054411.1	843054	843299	19.800	0
TguLTR5d	NW_005054411.1	843529	844118	22.500	0
TguLTRL4b	NW_005054411.1	875478	876494	16.600	0
TguLTR5d	NW_005054411.1	883923	884324	25.600	0
TguLTR5d	NW_005054411.1	995515	995959	15.100	0
TguLTRL4c	NW_005054411.1	1020977	1021122	25.100	0
TguLTR5b	NW_005054411.1	1065293	1065359	20.000	0
TguLTRL4c	NW_005054411.1	1088392	1088658	22.300	0
TguLTR5b	NW_005054411.1	1103687	1104289	14.600	0
TguLTRL4c	NW_005054411.1	1130990	1131067	19.500	0
TguLTR5d	NW_005054411.1	1149922	1150508	19.300	0
TguLTRL4c	NW_005054411.1	1151475	1151962	22.600	0
TguLTR5e	NW_005054411.1	1164265	1164475	28.100	0
TguLTR5c	NW_005054411.1	1166689	1166991	21.600	0
TguLTR11	NW_005054411.1	1213858	1214127	17.100	0
TguLTR11	NW_005054411.1	1222850	1223069	17.400	0
TguLTRL4c	NW_005054411.1	1230238	1230840	20.900	0
TguLTRL4b	NW_005054411.1	1240959	1242061	16.500	0
TguLTR5d	NW_005054411.1	1249854	1250455	18.500	0
TguLTRL4c	NW_005054411.1	1278850	1279564	22.200	0
TguLTR5b	NW_005054411.1	1296636	1296990	18.000	0
TguLTR5b	NW_005054411.1	1297302	1297531	17.900	0
TguLTRL4c	NW_005054411.1	1305552	1306006	17.600	0
TguLTRL4c	NW_005054411.1	1391027	1392136	22.100	0
TguLTR5a	NW_005054411.1	1429505	1430120	18.300	0
TguLTR5d	NW_005054411.1	1486246	1486830	16.700	0
TguLTRL4b	NW_005054411.1	1576771	1577773	19.900	0
TguLTRL4c	NW_005054411.1	1656581	1657020	16.100	0
TguLTRL6b	NW_005054411.1	1825316	1825743	27.700	0
TguLTR5d	NW_005054411.1	1836904	1837492	19.400	0
TguLTRL4c	NW_005054411.1	1849677	1850151	18.900	0
TguLTR5d	NW_005054411.1	1883418	1883616	14.700	0
TguLTRL4d	NW_005054411.1	1904230	1904964	25.600	0
TguLTRL4c	NW_005054411.1	1923772	1924874	17.600	0
TguLTRL4c	NW_005054411.1	2102497	2102543	11.100	0
TguLTRL4c	NW_005054411.1	2196443	2197445	22.000	0
TguLTR5b	NW_005054411.1	2283802	2284055	16.300	0
TguLTRL4b	NW_005054411.1	2284055	2284129	16.200	0
TguLTR5b	NW_005054411.1	2284186	2284536	14.500	0
TguLTRL4b	NW_005054411.1	2317397	2318379	21.000	0
TguLTRL4c	NW_005054411.1	2336049	2336362	21.300	0
TguLTR5d	NW_005054411.1	2372680	2373255	15.300	0
TguLTRL4c	NW_005054411.1	2380806	2381484	20.600	0
TguLTRL6b	NW_005054411.1	2408940	2409368	26.400	0
TguLTR5d	NW_005054412.1	91230	91773	26.400	0
TguLTR5d	NW_005054412.1	199834	200393	20.900	0
TguLTRL4c	NW_005054412.1	230373	231290	19.600	0
TguLTRL4b	NW_005054412.1	307579	307760	21.700	0
TguLTR11	NW_005054412.1	409994	410944	17.900	0
TguLTRL4c	NW_005054412.1	504746	505837	18.100	0
TguLTRL6b	NW_005054412.1	651570	651995	22.600	0
TguLTR5c	NW_005054412.1	868683	869149	16.900	0
TguLTRL4c	NW_005054412.1	874927	875929	24.000	0
TguLTR5d	NW_005054412.1	913511	914003	25.000	0
TguLTR5b	NW_005054412.1	925079	925639	15.500	0
TguLTR5e	NW_005054412.1	995276	995665	24.300	0
TguLTRL6b	NW_005054412.1	1003291	1003389	24.200	0
TguLTRL6b	NW_005054412.1	1003790	1004059	21.400	0
TguLTRL4b	NW_005054412.1	1016386	1016881	21.100	0
TguLTR11	NW_005054412.1	1027090	1027474	18.400	0
TguLTR11	NW_005054412.1	1046437	1046655	18.500	0
TguLTRL4b	NW_005054412.1	1114327	1114830	24.900	0
TguLTRL4b	NW_005054412.1	1114831	1115046	21.400	0
TguLTRL4b	NW_005054412.1	1151479	1152052	17.600	0
TguLTR5a	NW_005054412.1	1216282	1216849	20.000	0
TguLTR5c	NW_005054412.1	1372026	1372529	18.900	0
TguLTR5a	NW_005054412.1	1578592	1579206	17.600	0
TguLTRL4c	NW_005054412.1	1642043	1642732	20.500	0
TguLTR11	NW_005054412.1	1676566	1676673	15.100	0
TguLTR5e	NW_005054412.1	1800981	1801287	27.500	0
TguLTRL4d	NW_005054412.1	1826004	1826255	29.700	0
TguLTRL4d	NW_005054412.1	1826257	1826371	23.700	0
TguLTR5d	NW_005054412.1	1872269	1872823	17.000	0
TguLTR5b	NW_005054412.1	2023552	2024133	12.200	0
TguLTR5d	NW_005054412.1	2086320	2086774	18.100	0
TguLTR5a	NW_005054412.1	2155597	2155884	18.500	0
TguLTRL4c	NW_005054412.1	2187047	2188076	19.200	0
TguLTR5a	NW_005054412.1	2281896	2281953	22.800	0
TguLTR5a	NW_005054412.1	2358367	2358603	22.100	0
TguLTR5d	NW_005054412.1	2380384	2380962	18.300	0
TguLTR5a	NW_005054412.1	2396197	2396807	18.400	0
TguLTRL4c	NW_005054412.1	2415297	2415465	15.000	0
TguLTR5d	NW_005054412.1	2418526	2419047	19.800	0
TguLTRL4b	NW_005054412.1	2517217	2518264	19.500	0
TguLTR5c	NW_005054412.1	2518869	2519104	19.600	0
TguLTR5d	NW_005054412.1	2564537	2565120	15.200	0
TguLTR11	NW_005054413.1	2322	2729	16.900	0
TguLTR5d	NW_005054413.1	151278	151421	19.100	0
TguLTR5a	NW_005054413.1	361233	361683	21.000	0
TguLTR11	NW_005054413.1	375140	375390	15.200	0
TguLTR11	NW_005054413.1	375539	375714	18.200	0
TguLTRL4d	NW_005054413.1	387775	387890	27.200	0
TguLTR5e	NW_005054413.1	387899	388282	23.300	0
TguLTRL6b	NW_005054413.1	392834	393077	20.000	0
TguLTR5c	NW_005054413.1	434571	435137	20.400	0
TguLTR5d	NW_005054413.1	441469	442056	22.500	0
TguLTR5d	NW_005054413.1	509129	509679	18.400	0
TguLTR11	NW_005054413.1	522730	522886	25.600	0
TguLTR11	NW_005054413.1	522932	523031	24.000	0
TguLTR11	NW_005054413.1	523098	523365	22.100	0
TguLTR11	NW_005054413.1	551828	552008	20.200	0
TguLTR11	NW_005054413.1	552037	552141	30.000	0
TguLTR11	NW_005054413.1	552260	552448	17.300	0
TguLTRL4b	NW_005054413.1	565856	566761	21.900	0
TguLTRL4c	NW_005054413.1	586228	587166	20.800	0
TguLTRL4c	NW_005054413.1	597126	598221	22.800	0
TguLTR5a	NW_005054413.1	600084	600667	25.500	0
TguLTRL4c	NW_005054413.1	619201	619984	24.500	0
TguLTRL4c	NW_005054413.1	622431	622510	11.700	0
TguLTR5d	NW_005054413.1	671304	671876	21.300	0
TguLTR6a	NW_005054413.1	676758	677093	24.900	0
TguLTR11	NW_005054413.1	679048	679282	14.200	0
TguLTR11	NW_005054413.1	679331	679565	26.900	0
TguLTRL4c	NW_005054413.1	745564	746654	20.900	0
TguLTR5c	NW_005054413.1	845809	845897	11.400	0
TguLTR5a	NW_005054413.1	848882	849385	19.700	0
TguLTRL4d	NW_005054413.1	871567	871940	25.600	0
TguLTR5d	NW_005054413.1	881102	881634	24.300	0
TguLTR5d	NW_005054413.1	906196	906752	22.700	0
TguLTR5c	NW_005054413.1	968674	968727	18.900	0
TguLTR5a	NW_005054413.1	979052	979420	24.700	0
TguLTRL4b	NW_005054413.1	992946	993950	18.500	0
TguLTRL4d	NW_005054413.1	1052397	1052785	24.000	0
TguLTRL4d	NW_005054413.1	1053433	1053669	25.700	0
TguLTRL4b	NW_005054413.1	1053673	1053812	27.800	0
TguLTRL4b	NW_005054413.1	1053823	1054404	30.300	0
TguLTR5d	NW_005054413.1	1065641	1066215	21.400	0
TguLTR11	NW_005054413.1	1109253	1109369	29.200	0
TguLTR5e	NW_005054413.1	1112076	1112154	20.500	0
TguLTR5b	NW_005054413.1	1152310	1152881	14.400	0
TguLTR5d	NW_005054413.1	1159673	1160213	17.200	0
TguLTRL6b	NW_005054413.1	1182844	1183291	20.400	0
TguLTR11	NW_005054413.1	1201406	1201629	22.200	0
TguLTR5d	NW_005054413.1	1220450	1221020	24.000	0
TguLTR5d	NW_005054413.1	1251806	1252338	18.200	0
TguLTRL6b	NW_005054413.1	1255938	1256347	24.300	0
TguLTR5b	NW_005054413.1	1305261	1305455	16.500	0
TguLTR5e	NW_005054413.1	1328586	1329130	28.800	0
TguLTRL4b	NW_005054413.1	1344937	1345315	16.200	0
TguLTR6a	NW_005054413.1	1369308	1369496	23.700	0
TguLTR5b	NW_005054413.1	1383220	1383697	15.400	0
TguLTR6a	NW_005054413.1	1400196	1400667	24.100	0
TguLTRL4c	NW_005054413.1	1409735	1409961	19.700	0
TguLTRL6b	NW_005054413.1	1410998	1411159	24.900	0
TguLTR5e	NW_005054413.1	1428465	1428566	24.800	0
TguLTR5b	NW_005054413.1	1441884	1442460	15.500	0
TguLTR5d	NW_005054413.1	1443066	1443643	19.000	0
TguLTRL4b	NW_005054413.1	1455147	1455460	17.900	0
TguLTRL6b	NW_005054413.1	1455792	1456277	27.200	0
TguLTRL4b	NW_005054413.1	1464332	1465326	22.600	0
TguLTRL4d	NW_005054413.1	1497483	1497910	23.600	0
TguLTRL6b	NW_005054413.1	1541032	1541230	29.500	0
TguLTRL4c	NW_005054413.1	1553073	1553969	22.100	0
TguLTRL4d	NW_005054413.1	1553969	1554242	22.900	0
TguLTR5b	NW_005054413.1	1555838	1556377	17.600	0
TguLTRL4d	NW_005054413.1	1582936	1583061	25.600	0
TguLTR5e	NW_005054413.1	1594803	1594986	23.900	0
TguLTR5c	NW_005054413.1	1612013	1612218	21.600	0
TguLTR5d	NW_005054413.1	1642664	1642766	19.600	0
TguLTR5c	NW_005054413.1	1687659	1688192	19.800	0
TguLTRL4c	NW_005054413.1	1700494	1700758	24.500	0
TguLTRL4c	NW_005054413.1	1701437	1701498	22.900	0
TguLTR5d	NW_005054413.1	1701500	1702075	20.200	0
TguLTRL4c	NW_005054413.1	1702091	1702361	19.700	0
TguLTRL4d	NW_005054413.1	1717491	1718225	25.900	0
TguLTR11	NW_005054413.1	1729563	1729812	18.700	0
TguLTR5c	NW_005054413.1	1737266	1737821	20.800	0
TguLTR11	NW_005054413.1	1805842	1806032	15.800	0
TguLTR5e	NW_005054413.1	1806962	1807088	26.500	0
TguLTRL4c	NW_005054413.1	1807090	1807434	21.600	0
TguLTR6a	NW_005054413.1	1807434	1807899	24.500	0
TguLTRL4c	NW_005054413.1	1807904	1808352	17.400	0
TguLTRL4c	NW_005054413.1	1830285	1830440	18.700	0
TguLTR5a	NW_005054413.1	1844341	1844394	18.900	0
TguLTR5d	NW_005054413.1	1857189	1857604	22.500	0
TguLTR5b	NW_005054413.1	1892359	1892967	21.300	0
TguLTR5a	NW_005054413.1	1894564	1894727	23.700	0
TguLTR5a	NW_005054413.1	1894814	1895151	21.500	0
TguLTR5e	NW_005054413.1	1898910	1899281	28.400	0
TguLTRL4c	NW_005054413.1	1903173	1903527	29.600	0
TguLTR11	NW_005054413.1	1904102	1904216	22.800	0
TguLTR11	NW_005054413.1	1904494	1904599	30.400	0
TguLTR5d	NW_005054413.1	1921381	1921573	16.300	0
TguLTR5d	NW_005054413.1	1921750	1921996	21.400	0
TguLTR5d	NW_005054413.1	1922475	1922614	25.900	0
TguLTR5e	NW_005054413.1	1923416	1923996	28.300	0
TguLTRL4b	NW_005054413.1	1936641	1937624	18.000	0
TguLTR5e	NW_005054413.1	1965859	1966450	26.800	0
TguLTRL4c	NW_005054413.1	1986968	1987322	20.000	0
TguLTR5e	NW_005054413.1	2015034	2015383	29.400	0
TguLTR5e	NW_005054413.1	2015420	2015553	26.500	0
TguLTR6a	NW_005054413.1	2025959	2026106	22.600	0
TguLTR6a	NW_005054413.1	2026135	2026335	17.600	0
TguLTRL4b	NW_005054413.1	2043239	2043744	13.300	0
TguLTR5d	NW_005054413.1	2091384	2091873	19.700	0
TguLTR5d	NW_005054413.1	2102463	2102853	24.200	0
TguLTR5c	NW_005054413.1	2136670	2136780	27.800	0
TguLTRL4c	NW_005054413.1	2136855	2137698	18.500	0
TguLTRL4c	NW_005054413.1	2141832	2141978	16.400	0
TguLTRL4d	NW_005054413.1	2154204	2154636	28.500	0
TguLTR5d	NW_005054413.1	2160859	2161161	21.600	0
TguLTRL4c	NW_005054413.1	2173642	2174390	28.900	0
TguLTR5e	NW_005054413.1	2191259	2191407	30.400	0
TguLTR5d	NW_005054413.1	2193673	2194006	17.900	0
TguLTR5d	NW_005054413.1	2194420	2194631	19.700	0
TguLTR11	NW_005054413.1	2211265	2211505	19.600	0
TguLTR11	NW_005054413.1	2211566	2211835	23.700	0
TguLTR5b	NW_005054413.1	2214229	2214801	15.700	0
TguLTRL4b	NW_005054413.1	2216898	2217232	17.100	0
TguLTRL4b	NW_005054413.1	2217746	2218429	16.800	0
TguLTRL4b	NW_005054413.1	2222610	2223781	24.200	0
TguLTRL4c	NW_005054413.1	2223901	2224557	21.700	0
TguLTR11	NW_005054413.1	2233071	2233212	25.400	0
TguLTR5a	NW_005054413.1	2235149	2235287	18.100	0
TguLTRL6b	NW_005054413.1	2258854	2259231	21.200	0
TguLTRL4b	NW_005054413.1	2259231	2260129	20.800	0
TguLTRL4b	NW_005054413.1	2260159	2260750	21.600	0
TguLTR6a	NW_005054413.1	2260750	2260796	9.100	0
TguLTRL4b	NW_005054413.1	2264257	2264314	19.600	0
TguLTRL4c	NW_005054413.1	2281705	2282374	18.900	0
TguLTR11	NW_005054413.1	2288711	2288788	18.400	0
TguLTR5d	NW_005054413.1	2331741	2332272	20.900	0
TguLTR5d	NW_005054413.1	2345836	2346040	25.000	0
TguLTRL4d	NW_005054413.1	2351210	2351369	25.100	0
TguLTRL4d	NW_005054413.1	2351499	2351687	29.600	0
TguLTRL4c	NW_005054413.1	2358069	2359030	22.600	0
TguLTR11	NW_005054413.1	2382619	2382874	23.100	0
TguLTRL4d	NW_005054413.1	2396991	2397241	26.900	0
TguLTRL4d	NW_005054413.1	2397620	2397858	28.400	0
TguLTR5a	NW_005054413.1	2417577	2418136	19.700	0
TguLTR5d	NW_005054413.1	2434026	2434619	21.800	0
TguLTR5b	NW_005054413.1	2506283	2506859	13.200	0
TguLTR11	NW_005054413.1	2526548	2526743	21.400	0
TguLTR11	NW_005054413.1	2527170	2527435	15.100	0
TguLTR5d	NW_005054413.1	2535457	2536039	15.300	0
TguLTRL4c	NW_005054413.1	2552807	2553842	18.900	0
TguLTR5a	NW_005054414.1	31214	31693	25.000	0
TguLTRL4b	NW_005054414.1	54220	54310	28.100	0
TguLTR5a	NW_005054414.1	281319	281861	21.200	0
TguLTRL6b	NW_005054414.1	453369	453571	16.300	0
TguLTR5b	NW_005054414.1	462269	462834	12.700	0
TguLTR5d	NW_005054414.1	507369	507564	17.500	0
TguLTR5b	NW_005054414.1	613142	613766	11.700	0
TguLTR5e	NW_005054414.1	654122	654262	23.200	0
TguLTR5d	NW_005054414.1	781656	782196	17.400	0
TguLTRL4d	NW_005054414.1	1002647	1003203	24.700	0
TguLTR5d	NW_005054414.1	1132580	1132803	18.500	0
TguLTR11	NW_005054414.1	1214618	1215516	16.500	0
TguLTR5a	NW_005054414.1	1225393	1226018	18.400	0
TguLTR5d	NW_005054414.1	1546268	1546499	15.600	0
TguLTR5d	NW_005054414.1	1560887	1561153	26.500	0
TguLTR5d	NW_005054414.1	1592600	1593097	16.600	0
TguLTRL4d	NW_005054414.1	1595838	1596261	21.100	0
TguLTR5a	NW_005054414.1	2289955	2290058	19.400	0
TguLTR5d	NW_005054415.1	67251	67844	17.900	0
TguLTRL4d	NW_005054415.1	164988	165149	26.900	0
TguLTR5c	NW_005054415.1	183322	183364	11.900	0
TguLTRL4d	NW_005054415.1	227862	228080	28.100	0
TguLTR5a	NW_005054415.1	485903	486157	15.800	0
TguLTRL4d	NW_005054415.1	642033	642139	17.100	0
TguLTRL4d	NW_005054415.1	642202	642384	18.700	0
TguLTR5b	NW_005054415.1	1108295	1108373	9.000	0
TguLTR5d	NW_005054415.1	1855095	1855145	16.000	0
TguLTR5b	NW_005054415.1	2256825	2257310	16.200	0
TguLTR5a	NW_005054416.1	58666	59228	17.600	0
TguLTR5d	NW_005054416.1	217925	218123	15.900	0
TguLTR5e	NW_005054416.1	662138	662295	26.100	0
TguLTR5e	NW_005054416.1	662301	662405	26.900	0
TguLTR5b	NW_005054416.1	711075	711659	17.700	0
TguLTR5c	NW_005054416.1	715570	715810	19.100	0
TguLTRL4b	NW_005054416.1	1244692	1245073	20.500	0
TguLTRL4b	NW_005054416.1	1368704	1369782	14.200	0
TguLTR5a	NW_005054416.1	1728295	1728447	24.600	0
TguLTR5d	NW_005054416.1	1974706	1974797	26.700	0
TguLTR5e	NW_005054416.1	1975339	1975524	34.000	0
TguLTRL4b	NW_005054416.1	2018782	2019841	17.000	35
TguLTR5a	NW_005054416.1	2207831	2207928	24.700	0
TguLTR5a	NW_005054416.1	2214636	2214791	28.500	0
TguLTR5a	NW_005054416.1	2216296	2216388	25.000	0
TguLTR5a	NW_005054416.1	2485755	2485872	24.800	0
TguLTR5d	NW_005054417.1	215975	216097	15.700	0
TguLTR5e	NW_005054417.1	228607	229126	27.800	0
TguLTR11	NW_005054417.1	237048	237441	14.900	0
TguLTRL4c	NW_005054417.1	253795	254445	18.100	0
TguLTR6a	NW_005054417.1	340087	340456	17.200	0
TguLTR6a	NW_005054417.1	556671	557089	24.200	0
TguLTRL4b	NW_005054417.1	607168	607684	23.000	0
TguLTRL4b	NW_005054417.1	607684	607911	17.700	0
TguLTR5d	NW_005054417.1	613421	613635	24.700	0
TguLTR11	NW_005054417.1	822497	822545	16.700	0
TguLTRL4c	NW_005054417.1	906361	907058	19.000	0
TguLTR5b	NW_005054417.1	1029859	1030460	15.300	0
TguLTRL4c	NW_005054417.1	1030860	1031023	22.000	0
TguLTR5b	NW_005054417.1	1031990	1032230	13.700	0
TguLTR5d	NW_005054417.1	1041523	1041812	16.700	0
TguLTRL4c	NW_005054417.1	1042649	1043088	18.900	0
TguLTR5d	NW_005054417.1	1147578	1147855	18.200	0
TguLTR5d	NW_005054417.1	1147901	1148034	25.000	0
TguLTRL4c	NW_005054417.1	1217864	1218320	24.100	0
TguLTR5c	NW_005054417.1	1224516	1224731	21.100	0
TguLTR5c	NW_005054417.1	1224735	1224857	14.000	0
TguLTR5c	NW_005054417.1	1302987	1303246	20.300	0
TguLTR5c	NW_005054417.1	1305465	1305690	17.200	0
TguLTR6a	NW_005054417.1	1331305	1331728	21.600	0
TguLTR5e	NW_005054417.1	1333440	1333550	31.500	0
TguLTRL4d	NW_005054417.1	1333684	1333914	25.000	0
TguLTRL4b	NW_005054417.1	1356457	1357473	19.600	0
TguLTR5e	NW_005054417.1	1357702	1357827	27.800	0
TguLTR5e	NW_005054417.1	1357848	1358146	27.900	0
TguLTR5e	NW_005054417.1	1358193	1358286	16.100	0
TguLTRL4d	NW_005054417.1	1368901	1369693	26.600	0
TguLTRL4c	NW_005054417.1	1406451	1406769	20.100	0
TguLTR5b	NW_005054417.1	1412171	1412732	17.500	0
TguLTRL4c	NW_005054417.1	1421341	1421830	23.800	0
TguLTR5d	NW_005054417.1	1425765	1425953	28.600	0
TguLTRL4b	NW_005054417.1	1428471	1428531	20.000	0
TguLTRL4c	NW_005054417.1	1462035	1462784	24.600	0
TguLTRL4b	NW_005054417.1	1505929	1506349	18.000	0
TguLTRL4c	NW_005054417.1	1548023	1548119	17.700	0
TguLTRL4c	NW_005054417.1	1548143	1548941	19.000	0
TguLTRL4d	NW_005054417.1	1571270	1571407	22.600	0
TguLTRL6b	NW_005054417.1	1582767	1582928	23.900	0
TguLTR5e	NW_005054417.1	1598711	1598979	29.600	0
TguLTRL4c	NW_005054417.1	1612626	1612976	18.100	0
TguLTR5d	NW_005054417.1	1612977	1613247	22.300	0
TguLTRL4c	NW_005054417.1	1631046	1631435	17.400	0
TguLTR5a	NW_005054417.1	1639353	1639845	22.700	0
TguLTR5c	NW_005054417.1	1645184	1645760	19.000	0
TguLTRL4d	NW_005054417.1	1701377	1701475	19.400	0
TguLTR5c	NW_005054417.1	1702446	1702998	20.100	0
TguLTR5a	NW_005054417.1	1727012	1727612	21.900	0
TguLTR5d	NW_005054417.1	1819588	1820150	23.700	0
TguLTR5d	NW_005054417.1	1822297	1822859	26.000	0
TguLTRL4c	NW_005054417.1	1830869	1831233	24.100	0
TguLTRL4c	NW_005054417.1	1831644	1831942	30.200	0
TguLTRL4c	NW_005054417.1	1849772	1849987	23.300	0
TguLTR5e	NW_005054417.1	1860980	1861252	24.700	0
TguLTR5e	NW_005054417.1	1872623	1873026	29.900	0
TguLTR5d	NW_005054417.1	1908255	1908447	22.900	0
TguLTRL4c	NW_005054417.1	1913049	1913373	17.900	0
TguLTR5e	NW_005054417.1	1930721	1931058	29.700	0
TguLTRL4c	NW_005054417.1	1937057	1937850	21.900	0
TguLTR11	NW_005054417.1	1986637	1986886	21.400	0
TguLTRL4b	NW_005054417.1	2000906	2001165	31.500	0
TguLTR5a	NW_005054417.1	2004344	2004923	19.200	0
TguLTR5b	NW_005054417.1	2015585	2015747	27.500	0
TguLTR5e	NW_005054417.1	2042425	2042553	27.100	0
TguLTR5e	NW_005054417.1	2042570	2042852	29.700	0
TguLTRL4c	NW_005054417.1	2085940	2086156	20.600	0
TguLTRL4c	NW_005054417.1	2092029	2092924	26.700	0
TguLTR5d	NW_005054417.1	2105447	2106028	21.100	0
TguLTR11	NW_005054417.1	2133318	2133485	18.800	0
TguLTRL4d	NW_005054417.1	2133571	2133696	22.400	0
TguLTR5d	NW_005054417.1	2153402	2153746	18.700	0
TguLTR11	NW_005054417.1	2184483	2184722	22.700	0
TguLTR5e	NW_005054417.1	2187876	2188188	22.500	0
TguLTR5d	NW_005054417.1	2285561	2286064	17.200	0
TguLTR5a	NW_005054417.1	2335244	2335398	22.800	0
TguLTRL4d	NW_005054417.1	2335833	2336147	29.900	0
TguLTR5d	NW_005054417.1	2387926	2388067	21.300	0
TguLTR5d	NW_005054417.1	2397039	2397220	18.300	0
TguLTR5e	NW_005054417.1	2492773	2493126	25.800	0
TguLTRL4d	NW_005054417.1	2504920	2505191	23.100	0
TguLTR5d	NW_005054418.1	43090	43302	22.400	0
TguLTR5d	NW_005054418.1	43567	43959	19.200	0
TguLTRL4b	NW_005054418.1	59827	60238	29.500	0
TguLTR5d	NW_005054418.1	60274	60315	24.300	0
TguLTR5d	NW_005054418.1	60379	60431	24.300	0
TguLTR5d	NW_005054418.1	60456	60721	18.900	0
TguLTRL4b	NW_005054418.1	74786	75850	18.300	0
TguLTRL6b	NW_005054418.1	81608	81987	19.500	0
TguLTRL4b	NW_005054418.1	100490	101531	19.500	0
TguLTRL4d	NW_005054418.1	101710	101818	28.600	0
TguLTR5a	NW_005054418.1	111203	111352	20.600	0
TguLTRL4c	NW_005054418.1	119869	120967	28.200	0
TguLTR6a	NW_005054418.1	125718	126126	20.000	0
TguLTR6a	NW_005054418.1	132317	132439	19.200	0
TguLTR5b	NW_005054418.1	134529	134651	16.400	0
TguLTR5b	NW_005054418.1	135044	135488	14.200	0
TguLTRL4c	NW_005054418.1	141981	142197	17.600	0
TguLTR5d	NW_005054418.1	146112	146698	21.700	0
TguLTRL6b	NW_005054418.1	148901	148964	14.800	0
TguLTR5e	NW_005054418.1	153389	153977	30.100	0
TguLTR5d	NW_005054418.1	175745	176044	22.100	0
TguLTRL4d	NW_005054418.1	180812	180975	30.800	0
TguLTRL4d	NW_005054418.1	181386	181559	22.200	0
TguLTR5b	NW_005054418.1	196206	196492	10.500	0
TguLTRL4c	NW_005054418.1	213867	214121	27.400	0
TguLTR5e	NW_005054418.1	216815	217269	32.300	0
TguLTRL4d	NW_005054418.1	223110	223622	28.800	0
TguLTR5d	NW_005054418.1	239853	240440	20.200	0
TguLTR5b	NW_005054418.1	277843	278435	14.200	0
TguLTRL4d	NW_005054418.1	282601	283062	29.100	0
TguLTRL4b	NW_005054418.1	291284	291960	21.200	0
TguLTRL4b	NW_005054418.1	292449	292665	14.000	0
TguLTR11	NW_005054418.1	311375	312311	17.900	0
TguLTR5b	NW_005054418.1	328390	328886	16.500	0
TguLTR5c	NW_005054418.1	331493	332086	25.700	0
TguLTR5a	NW_005054418.1	334159	334720	21.900	0
TguLTR11	NW_005054418.1	335326	335466	21.300	0
TguLTR11	NW_005054418.1	344452	345372	18.300	0
TguLTR5e	NW_005054418.1	346394	346943	25.700	0
TguLTR5b	NW_005054418.1	356146	356282	29.400	0
TguLTR5b	NW_005054418.1	356786	357443	22.600	0
TguLTRL4c	NW_005054418.1	398552	398856	24.500	0
TguLTRL4d	NW_005054418.1	485108	485370	29.000	0
TguLTRL4d	NW_005054418.1	486210	486378	23.900	0
TguLTR5d	NW_005054418.1	494964	495203	14.600	0
TguLTR5b	NW_005054418.1	503436	504012	18.100	0
TguLTRL4c	NW_005054418.1	540136	541162	26.300	0
TguLTRL4c	NW_005054418.1	574732	575533	20.000	0
TguLTRL4b	NW_005054418.1	594780	595796	19.300	0
TguLTR5d	NW_005054418.1	607758	607853	21.100	0
TguLTRL4b	NW_005054418.1	647213	647517	21.600	0
TguLTRL4b	NW_005054418.1	647534	647805	21.600	0
TguLTRL4b	NW_005054418.1	658839	659463	19.300	0
TguLTRL4b	NW_005054418.1	668818	669535	18.800	0
TguLTR5b	NW_005054418.1	689113	689646	17.200	0
TguLTR11	NW_005054418.1	715435	715558	28.700	0
TguLTR11	NW_005054418.1	776269	776379	16.400	0
TguLTR11	NW_005054418.1	776926	777050	17.400	0
TguLTR6a	NW_005054418.1	800871	801045	20.900	0
TguLTRL4c	NW_005054418.1	851403	852398	25.300	0
TguLTR5b	NW_005054418.1	855936	856524	15.100	0
TguLTR5b	NW_005054418.1	864345	864882	16.700	0
TguLTR5d	NW_005054418.1	890747	891353	18.600	0
TguLTR5e	NW_005054418.1	895554	895806	26.100	0
TguLTR5b	NW_005054418.1	899401	899496	14.700	0
TguLTRL4b	NW_005054418.1	904248	904869	19.900	0
TguLTR5e	NW_005054418.1	908090	908625	25.000	0
TguLTR5d	NW_005054418.1	909310	909670	17.500	0
TguLTR5c	NW_005054418.1	963558	964190	17.000	0
TguLTRL4c	NW_005054418.1	967482	968437	25.700	0
TguLTR11	NW_005054418.1	999205	999353	19.600	0
TguLTR11	NW_005054418.1	999833	1000042	14.000	0
TguLTR5e	NW_005054418.1	1000868	1001026	26.600	0
TguLTR5e	NW_005054418.1	1051789	1052096	26.800	0
TguLTR5a	NW_005054418.1	1069260	1069506	19.700	0
TguLTR6a	NW_005054418.1	1084153	1084336	22.500	0
TguLTR6a	NW_005054418.1	1084351	1084481	21.500	0
TguLTR5d	NW_005054418.1	1118127	1118256	28.700	0
TguLTRL4d	NW_005054418.1	1118478	1118637	31.800	0
TguLTR5b	NW_005054418.1	1134395	1134917	21.500	0
TguLTRL4c	NW_005054418.1	1139503	1140378	22.000	0
TguLTRL4d	NW_005054418.1	1234225	1234421	19.500	0
TguLTR5d	NW_005054418.1	1242777	1243333	18.600	0
TguLTR5d	NW_005054418.1	1263293	1263388	24.500	0
TguLTR5a	NW_005054418.1	1318142	1318187	17.800	0
TguLTR5a	NW_005054418.1	1318199	1318657	26.300	0
TguLTRL6b	NW_005054418.1	1321279	1321714	25.400	0
TguLTRL4b	NW_005054418.1	1327022	1327999	22.200	0
TguLTRL4c	NW_005054418.1	1329494	1330085	20.800	0
TguLTR5e	NW_005054418.1	1353941	1354493	25.600	0
TguLTR5d	NW_005054418.1	1358214	1358801	17.900	0
TguLTR5c	NW_005054418.1	1401527	1402138	17.000	0
TguLTRL4c	NW_005054418.1	1501010	1501286	20.200	0
TguLTR5a	NW_005054418.1	1513723	1514214	25.600	0
TguLTRL4d	NW_005054418.1	1542567	1543036	26.200	0
TguLTR5e	NW_005054418.1	1556173	1556432	25.100	0
TguLTRL4d	NW_005054418.1	1572561	1572998	24.200	0
TguLTRL4d	NW_005054418.1	1661504	1661666	21.800	0
TguLTRL6b	NW_005054418.1	1685809	1685957	18.400	0
TguLTRL6b	NW_005054418.1	1686134	1686272	25.800	0
TguLTR5b	NW_005054418.1	1690495	1691057	15.600	0
TguLTR11	NW_005054418.1	1723679	1724517	17.400	0
TguLTR5a	NW_005054418.1	1753310	1753915	23.300	0
TguLTR5e	NW_005054418.1	1791062	1791337	24.700	0
TguLTRL4c	NW_005054418.1	1834053	1834307	21.100	0
TguLTR5b	NW_005054418.1	1834573	1834766	16.600	0
TguLTRL4c	NW_005054418.1	1846431	1846550	17.600	0
TguLTRL4c	NW_005054418.1	1876911	1877955	21.100	0
TguLTR5d	NW_005054418.1	1878044	1878601	18.000	0
TguLTRL4c	NW_005054418.1	1893086	1893809	17.700	0
TguLTR5e	NW_005054418.1	1914492	1915020	26.600	0
TguLTR5b	NW_005054418.1	1968208	1968525	14.700	0
TguLTR5b	NW_005054418.1	1968569	1968603	2.900	0
TguLTRL4b	NW_005054418.1	1970016	1970426	19.900	0
TguLTRL4d	NW_005054418.1	2001767	2001873	21.900	0
TguLTRL4c	NW_005054418.1	2037092	2037196	24.000	0
TguLTRL4c	NW_005054418.1	2037198	2037397	18.200	0
TguLTRL6b	NW_005054418.1	2065167	2065627	23.400	0
TguLTR5d	NW_005054418.1	2113010	2113499	19.300	0
TguLTR5b	NW_005054418.1	2121513	2122107	17.300	0
TguLTR5e	NW_005054418.1	2147068	2147623	27.100	0
TguLTRL4d	NW_005054418.1	2158435	2158662	25.900	0
TguLTR5d	NW_005054418.1	2200201	2200472	24.800	0
TguLTR5d	NW_005054418.1	2201255	2201533	16.900	0
TguLTRL4c	NW_005054418.1	2235354	2236397	22.900	0
TguLTR5d	NW_005054418.1	2247240	2247515	20.800	0
TguLTR6a	NW_005054418.1	2278073	2278564	26.200	0
TguLTRL4b	NW_005054418.1	2311135	2311448	20.800	0
TguLTRL4b	NW_005054418.1	2356711	2357507	19.800	0
TguLTRL4b	NW_005054418.1	2357613	2357739	14.300	0
TguLTR5d	NW_005054418.1	2376195	2376460	21.000	0
TguLTRL6b	NW_005054418.1	2383542	2383931	21.500	0
TguLTRL4d	NW_005054418.1	2388158	2388926	27.600	0
TguLTRL4c	NW_005054418.1	2426618	2427530	27.800	0
TguLTRL6b	NW_005054418.1	2428544	2428935	20.000	0
TguLTRL4d	NW_005054418.1	2431209	2431303	25.600	0
TguLTR5d	NW_005054418.1	2452676	2452860	14.700	0
TguLTR5c	NW_005054418.1	2464351	2464909	19.500	0
TguLTRL4d	NW_005054418.1	2466443	2467030	23.500	0
TguLTRL4c	NW_005054418.1	2474179	2474596	23.800	0
TguLTR5d	NW_005054418.1	2489187	2489527	18.200	0
TguLTRL4d	NW_005054418.1	2498448	2498640	34.400	0
TguLTR5d	NW_005054419.1	15861	16093	15.100	0
TguLTRL4c	NW_005054419.1	80002	80470	20.200	0
TguLTRL4c	NW_005054419.1	126510	126964	16.800	0
TguLTRL4b	NW_005054419.1	130982	131185	16.100	0
TguLTR5c	NW_005054419.1	261151	261366	19.500	0
TguLTRL4c	NW_005054419.1	315158	315793	17.600	0
TguLTR5d	NW_005054419.1	324334	324533	16.100	0
TguLTR5a	NW_005054419.1	352327	352829	23.200	0
TguLTR5d	NW_005054419.1	431197	431281	20.500	0
TguLTR5d	NW_005054419.1	431323	431731	21.000	0
TguLTR11	NW_005054419.1	495574	495726	29.800	0
TguLTR5a	NW_005054419.1	556815	556929	17.800	0
TguLTR5a	NW_005054419.1	569179	569650	18.500	0
TguLTR5a	NW_005054419.1	644900	645428	23.400	0
TguLTRL4c	NW_005054419.1	671653	672018	20.900	0
TguLTRL4c	NW_005054419.1	725885	726271	18.100	0
TguLTRL4c	NW_005054419.1	726730	726944	21.600	0
TguLTRL4c	NW_005054419.1	726952	727036	27.400	0
TguLTR5d	NW_005054419.1	769332	769392	18.300	0
TguLTR5d	NW_005054419.1	769769	770285	20.200	0
TguLTR11	NW_005054419.1	792238	792388	22.700	0
TguLTR11	NW_005054419.1	792438	792541	28.700	0
TguLTR11	NW_005054419.1	873929	874091	21.500	0
TguLTR11	NW_005054419.1	882111	882266	18.800	0
TguLTR11	NW_005054419.1	1191688	1191778	21.100	0
TguLTRL4c	NW_005054419.1	1239952	1240951	25.300	0
TguLTR5d	NW_005054419.1	1260134	1260691	18.600	0
TguLTRL4d	NW_005054419.1	1560437	1560664	23.100	0
TguLTR5d	NW_005054419.1	1600654	1600773	13.600	0
TguLTRL4c	NW_005054419.1	1607561	1607793	24.300	0
TguLTRL4b	NW_005054419.1	1633130	1633362	19.600	0
TguLTRL4b	NW_005054419.1	1633403	1633468	13.800	0
TguLTRL4b	NW_005054419.1	1633488	1633581	18.300	0
TguLTR11	NW_005054419.1	1675292	1675417	24.800	0
TguLTR11	NW_005054419.1	1678580	1678723	25.200	0
TguLTR11	NW_005054419.1	1678777	1678897	31.900	0
TguLTRL4d	NW_005054419.1	1690454	1690558	21.100	0
TguLTR5d	NW_005054419.1	1816163	1816687	18.500	0
TguLTRL4c	NW_005054419.1	1824279	1824597	18.100	0
TguLTRL4d	NW_005054419.1	1891444	1891591	24.500	0
TguLTR5a	NW_005054419.1	1967058	1967266	22.200	0
TguLTR5a	NW_005054419.1	2133304	2133752	20.000	0
TguLTRL4c	NW_005054419.1	2140606	2141667	23.500	0
TguLTR11	NW_005054419.1	2173742	2173855	30.000	0
TguLTRL4d	NW_005054419.1	2176812	2177169	27.300	0
TguLTR5d	NW_005054419.1	2197296	2197394	23.500	0
TguLTR5e	NW_005054419.1	2200967	2201054	16.100	0
TguLTR5e	NW_005054419.1	2201474	2201604	20.200	0
TguLTR5e	NW_005054419.1	2201762	2201946	21.400	0
TguLTR5d	NW_005054419.1	2297042	2297165	21.700	0
TguLTR5d	NW_005054419.1	2299725	2300006	16.700	0
TguLTRL4d	NW_005054419.1	2362495	2362759	25.700	0
TguLTR5a	NW_005054419.1	2407456	2407867	21.700	0
TguLTR5a	NW_005054419.1	2407924	2408053	21.700	0
TguLTRL4c	NW_005054419.1	2411711	2412137	19.900	0
TguLTR5b	NW_005054419.1	2421529	2421655	17.500	0
TguLTR5b	NW_005054419.1	2489996	2490571	11.800	0
TguLTR11	NW_005054419.1	2510094	2510339	19.600	0
TguLTR5b	NW_005054420.1	310637	311182	17.900	0
TguLTR11	NW_005054420.1	533423	533517	12.900	0
TguLTR5a	NW_005054420.1	572034	572186	18.900	0
TguLTR5a	NW_005054420.1	572249	572399	23.500	0
TguLTR5a	NW_005054420.1	575053	575295	22.000	0
TguLTR5a	NW_005054420.1	577963	578120	24.100	0
TguLTR5d	NW_005054420.1	1049648	1049792	22.900	0
TguLTR5d	NW_005054420.1	1049840	1050022	14.400	0
TguLTR5a	NW_005054420.1	1212873	1213032	17.800	0
TguLTR11	NW_005054420.1	1628930	1629169	16.300	0
TguLTR5d	NW_005054420.1	1911772	1911966	15.500	0
TguLTR5e	NW_005054420.1	2093638	2094109	27.000	0
TguLTR5d	NW_005054420.1	2329557	2330137	18.800	0
TguLTRL6b	NW_005054420.1	2330890	2331179	19.200	0
TguLTRL4d	NW_005054420.1	2352103	2352493	26.700	0
TguLTR5a	NW_005054421.1	338229	338752	21.100	0
TguLTR5a	NW_005054421.1	725907	725958	19.600	0
TguLTR5d	NW_005054421.1	1105642	1105867	20.500	0
TguLTRL4b	NW_005054421.1	1226667	1227463	20.800	0
TguLTRL4d	NW_005054421.1	1230773	1231097	22.600	0
TguLTRL4d	NW_005054421.1	1314343	1314617	23.700	0
TguLTR11	NW_005054421.1	1567497	1567885	18.000	0
TguLTR5e	NW_005054422.1	81118	81498	25.900	0
TguLTR5e	NW_005054422.1	146479	146996	23.400	0
TguLTRL4c	NW_005054422.1	304604	304914	22.000	0
TguLTR5a	NW_005054422.1	339265	339807	22.000	0
TguLTR5d	NW_005054422.1	451040	451411	20.500	0
TguLTR5e	NW_005054422.1	743809	743925	28.300	0
TguLTR5e	NW_005054422.1	743926	744192	26.000	0
TguLTR5e	NW_005054422.1	773828	773968	25.800	0
TguLTR5e	NW_005054422.1	773976	774294	20.800	0
TguLTRL6b	NW_005054422.1	868332	868545	19.800	0
TguLTRL6b	NW_005054422.1	868674	868814	29.900	0
TguLTR5b	NW_005054422.1	955226	955774	13.000	0
TguLTRL4c	NW_005054422.1	1069945	1070138	20.000	0
TguLTRL4c	NW_005054422.1	1070675	1070811	15.000	0
TguLTR5e	NW_005054422.1	1117138	1117649	27.500	0
TguLTRL4c	NW_005054422.1	1147248	1147738	17.200	0
TguLTRL4c	NW_005054422.1	1215131	1215329	22.700	0
TguLTR5d	NW_005054422.1	1215427	1215851	20.300	0
TguLTRL4d	NW_005054422.1	1215851	1216056	23.100	0
TguLTRL4c	NW_005054422.1	1230096	1230750	21.300	0
TguLTR5e	NW_005054422.1	1280598	1280934	19.300	0
TguLTR5d	NW_005054422.1	1427075	1427648	17.800	0
TguLTR5b	NW_005054422.1	1483025	1483614	15.600	0
TguLTR5e	NW_005054422.1	1496852	1497134	25.200	0
TguLTRL4b	NW_005054422.1	1539801	1540694	19.100	0
TguLTR5d	NW_005054422.1	1575329	1575831	18.900	0
TguLTR5d	NW_005054422.1	1578403	1578930	19.000	0
TguLTR6a	NW_005054422.1	1584769	1585133	13.800	0
TguLTR5a	NW_005054422.1	1587527	1588121	18.100	0
TguLTR5d	NW_005054422.1	1724296	1724817	19.300	0
TguLTR5b	NW_005054422.1	1741663	1742219	14.900	0
TguLTR5d	NW_005054422.1	1746785	1747359	18.200	0
TguLTR5c	NW_005054422.1	1862195	1862732	18.900	0
TguLTR5b	NW_005054422.1	1968743	1969308	11.400	0
TguLTR5d	NW_005054422.1	2010291	2010826	15.600	0
TguLTR11	NW_005054422.1	2303781	2303993	24.600	0
TguLTR5b	NW_005054423.1	2046	2613	12.800	0
TguLTR5a	NW_005054423.1	149345	149861	18.900	0
TguLTR5a	NW_005054423.1	378565	379111	18.500	0
TguLTRL4c	NW_005054423.1	437207	438275	18.000	0
TguLTR6a	NW_005054423.1	642754	643217	24.400	0
TguLTR5d	NW_005054423.1	773319	773657	19.600	0
TguLTR5d	NW_005054423.1	773689	773829	20.700	0
TguLTRL4d	NW_005054423.1	843983	844136	17.600	0
TguLTRL4b	NW_005054423.1	848751	849826	19.400	0
TguLTR6a	NW_005054423.1	854834	855230	19.900	0
TguLTR5c	NW_005054423.1	878340	878917	22.100	0
TguLTR5d	NW_005054423.1	900690	901269	20.000	0
TguLTR5d	NW_005054423.1	927054	927223	14.500	0
TguLTRL4d	NW_005054423.1	1166345	1167212	27.400	0
TguLTR5e	NW_005054423.1	1386693	1387210	28.300	0
TguLTR11	NW_005054423.1	1423632	1423880	18.100	0
TguLTR5b	NW_005054423.1	1464068	1464586	16.600	0
TguLTRL4c	NW_005054423.1	1511636	1512486	22.500	0
TguLTR5a	NW_005054423.1	1533300	1533376	13.500	0
TguLTR5a	NW_005054423.1	1551115	1551296	23.700	0
TguLTRL4d	NW_005054423.1	1551639	1552391	29.600	0
TguLTRL4d	NW_005054423.1	1595042	1595592	23.400	0
TguLTRL6b	NW_005054423.1	1611538	1611919	19.200	0
TguLTRL4b	NW_005054423.1	1617731	1618807	17.900	0
TguLTR5e	NW_005054423.1	1659186	1659762	27.800	0
TguLTRL4d	NW_005054423.1	1731077	1731579	29.000	0
TguLTRL4d	NW_005054423.1	1731767	1731899	33.600	0
TguLTRL4d	NW_005054423.1	1737713	1738648	24.900	0
TguLTR5e	NW_005054423.1	1766869	1767088	27.400	0
TguLTR5d	NW_005054423.1	1782769	1783084	18.800	0
TguLTR5d	NW_005054423.1	1815869	1816473	21.000	0
TguLTRL4b	NW_005054423.1	2185193	2186201	19.200	0
TguLTR5a	NW_005054423.1	2233277	2233834	20.900	0
TguLTR5d	NW_005054423.1	2253761	2253902	26.400	0
TguLTR5d	NW_005054423.1	2254452	2254572	25.800	0
TguLTR5d	NW_005054423.1	2254603	2254752	19.500	0
TguLTRL4d	NW_005054423.1	2256656	2256758	24.500	0
TguLTRL6b	NW_005054423.1	2280170	2280386	16.900	0
TguLTRL6b	NW_005054423.1	2280400	2280624	28.200	0
TguLTR5d	NW_005054423.1	2281395	2281538	17.600	0
TguLTR5e	NW_005054423.1	2284585	2284853	23.900	0
TguLTR5d	NW_005054424.1	13164	13218	19.900	0
TguLTR5d	NW_005054424.1	13274	13782	19.900	0
TguLTRL4c	NW_005054424.1	24508	25044	21.700	0
TguLTRL4c	NW_005054424.1	28477	28866	19.900	0
TguLTR5b	NW_005054424.1	148736	148882	22.600	0
TguLTR5a	NW_005054424.1	159334	159811	16.300	0
TguLTR5d	NW_005054424.1	203321	203935	20.900	0
TguLTRL4c	NW_005054424.1	278883	279217	20.400	0
TguLTRL4c	NW_005054424.1	363889	364052	17.300	0
TguLTR5e	NW_005054424.1	369201	369712	26.100	0
TguLTR5e	NW_005054424.1	388406	388712	26.200	0
TguLTR5d	NW_005054424.1	399177	399236	13.800	0
TguLTR5d	NW_005054424.1	399391	399656	15.500	0
TguLTR5d	NW_005054424.1	492067	492256	19.600	0
TguLTR5d	NW_005054424.1	492296	492569	26.000	0
TguLTRL4b	NW_005054424.1	786544	787395	16.600	0
TguLTR6a	NW_005054424.1	795496	795530	5.900	0
TguLTR6a	NW_005054424.1	795584	795802	16.400	0
TguLTR5d	NW_005054424.1	1057421	1057925	16.300	0
TguLTRL4b	NW_005054424.1	1128649	1129684	19.300	0
TguLTRL4c	NW_005054424.1	1813871	1814042	22.200	0
TguLTR5a	NW_005054424.1	2118936	2119422	18.400	0
TguLTR5b	NW_005054424.1	2158086	2158199	13.300	0
TguLTRL4b	NW_005054424.1	2179990	2180332	18.700	0
TguLTR5a	NW_005054424.1	2219985	2220500	19.700	0
TguLTR5a	NW_005054424.1	2236163	2236732	20.500	0
TguLTR5a	NW_005054424.1	2264657	2264760	7.800	0
TguLTRL4b	NW_005054425.1	175481	176217	25.900	0
TguLTRL4b	NW_005054425.1	176618	176728	22.700	0
TguLTRL4d	NW_005054425.1	212022	212321	27.100	0
TguLTR5e	NW_005054425.1	226185	226716	28.900	0
TguLTR11	NW_005054425.1	435914	435987	26.400	0
TguLTR5d	NW_005054425.1	475117	475308	22.000	0
TguLTRL4b	NW_005054425.1	697438	698225	21.200	0
TguLTRL4b	NW_005054425.1	747822	748441	19.500	0
TguLTRL4b	NW_005054425.1	748577	748983	18.000	0
TguLTR6a	NW_005054425.1	1134479	1134961	22.700	0
TguLTR5d	NW_005054425.1	1136795	1137287	29.400	0
TguLTR11	NW_005054425.1	1170490	1170879	19.200	0
TguLTR5b	NW_005054425.1	1173145	1173736	14.900	0
TguLTRL6b	NW_005054425.1	1213505	1213879	12.200	0
TguLTRL6b	NW_005054425.1	1220364	1220738	11.900	0
TguLTRL6b	NW_005054425.1	1322314	1322364	16.000	0
TguLTRL4b	NW_005054425.1	1339422	1339522	16.000	0
TguLTRL4b	NW_005054425.1	1339814	1340417	21.200	0
TguLTRL4b	NW_005054425.1	1340430	1340865	15.400	0
TguLTR5e	NW_005054425.1	1351825	1352347	27.700	0
TguLTRL6b	NW_005054425.1	1481748	1482039	21.200	0
TguLTR6a	NW_005054425.1	1569872	1570283	17.200	0
TguLTR6a	NW_005054425.1	1571515	1571754	15.300	0
TguLTR5d	NW_005054425.1	1600014	1600477	19.500	0
TguLTR5d	NW_005054425.1	1703354	1703726	23.400	0
TguLTRL6b	NW_005054425.1	1703729	1703855	16.200	0
TguLTR5b	NW_005054425.1	1704353	1704935	15.900	0
TguLTR5c	NW_005054425.1	1929055	1929590	22.600	0
TguLTR5b	NW_005054425.1	1930050	1930418	16.600	0
TguLTRL4b	NW_005054426.1	4103	4496	21.300	0
TguLTRL4c	NW_005054426.1	5180	5659	18.700	0
TguLTRL4c	NW_005054426.1	6297	6652	23.700	0
TguLTR5b	NW_005054426.1	426368	426872	13.900	0
TguLTR5b	NW_005054426.1	553754	554247	14.600	0
TguLTR5d	NW_005054426.1	765189	765761	18.200	0
TguLTRL4d	NW_005054426.1	771192	771352	22.300	0
TguLTRL4b	NW_005054426.1	780837	781885	18.000	0
TguLTR5b	NW_005054426.1	816248	816813	17.400	0
TguLTR5d	NW_005054426.1	963712	964166	17.900	0
TguLTRL4c	NW_005054426.1	1002262	1002475	20.900	0
TguLTRL4c	NW_005054426.1	1053073	1053221	18.900	0
TguLTR5b	NW_005054426.1	1056756	1057254	17.500	0
TguLTR5b	NW_005054426.1	1058724	1058801	16.000	0
TguLTRL4d	NW_005054426.1	1119752	1119840	20.700	0
TguLTRL4c	NW_005054426.1	1364450	1364785	20.900	0
TguLTR5c	NW_005054426.1	1365035	1365452	18.900	0
TguLTR5a	NW_005054426.1	1376088	1376137	16.300	0
TguLTR5a	NW_005054426.1	1383843	1384170	25.500	0
TguLTR5b	NW_005054426.1	1425751	1426315	17.200	0
TguLTR11	NW_005054426.1	1428356	1428602	17.400	0
TguLTRL4b	NW_005054426.1	1438911	1439222	15.600	0
TguLTR5d	NW_005054426.1	1441082	1441193	13.600	0
TguLTR5b	NW_005054426.1	1630188	1630740	15.800	0
TguLTRL4d	NW_005054426.1	1665742	1665962	23.400	0
TguLTRL4d	NW_005054426.1	1666383	1666558	18.200	0
TguLTR5c	NW_005054426.1	1667822	1667914	17.600	0
TguLTRL4c	NW_005054426.1	1866323	1867286	20.600	0
TguLTR5a	NW_005054426.1	1868565	1869107	23.100	0
TguLTRL4b	NW_005054426.1	2074343	2074863	17.700	0
TguLTR5a	NW_005054426.1	2094455	2094519	21.900	0
TguLTR5a	NW_005054426.1	2175921	2176500	21.100	0
TguLTRL4c	NW_005054426.1	2187906	2188527	25.100	0
TguLTR6a	NW_005054426.1	2189594	2189755	18.100	0
TguLTRL4c	NW_005054427.1	0	60	8.800	0
TguLTRL4b	NW_005054427.1	27200	28243	17.800	0
TguLTR5a	NW_005054427.1	72506	72961	23.700	0
TguLTR5b	NW_005054427.1	80752	80948	12.200	0
TguLTR5a	NW_005054427.1	127972	128584	18.700	0
TguLTR5d	NW_005054427.1	153682	153874	22.500	0
TguLTRL4b	NW_005054427.1	229500	230569	19.500	0
TguLTR5b	NW_005054427.1	237178	237748	14.300	0
TguLTR5e	NW_005054427.1	335686	336230	26.200	0
TguLTRL4b	NW_005054427.1	423038	424110	20.600	0
TguLTR6a	NW_005054427.1	533438	533867	22.800	0
TguLTRL4b	NW_005054427.1	557252	558335	22.900	0
TguLTR5a	NW_005054427.1	581735	582138	19.000	0
TguLTRL4b	NW_005054427.1	800270	800531	19.800	0
TguLTRL6b	NW_005054427.1	835986	836072	25.600	0
TguLTR5b	NW_005054427.1	927668	928230	18.000	0
TguLTRL6b	NW_005054427.1	1131391	1131869	24.400	0
TguLTRL6b	NW_005054427.1	1135838	1136212	27.900	0
TguLTR5b	NW_005054427.1	1158673	1159244	15.200	0
TguLTRL6b	NW_005054427.1	1193678	1194095	24.200	0
TguLTR5e	NW_005054427.1	1199989	1200076	31.000	0
TguLTR5c	NW_005054427.1	1245109	1245678	18.100	0
TguLTRL4b	NW_005054427.1	1422172	1423222	17.000	0
TguLTRL6b	NW_005054427.1	1549811	1550228	28.200	0
TguLTRL4b	NW_005054427.1	1610086	1611110	18.800	0
TguLTRL4b	NW_005054427.1	1665064	1666170	20.100	0
TguLTR6a	NW_005054427.1	1683668	1684080	26.100	0
TguLTR5a	NW_005054427.1	1685961	1686535	22.500	0
TguLTR6a	NW_005054427.1	1711818	1711996	20.200	0
TguLTR6a	NW_005054427.1	1712034	1712171	24.100	0
TguLTR5e	NW_005054427.1	1719398	1719900	30.100	0
TguLTR6a	NW_005054427.1	1720949	1721419	26.500	0
TguLTRL4d	NW_005054427.1	1725324	1726068	29.700	0
TguLTRL4b	NW_005054427.1	1729743	1730130	16.300	0
TguLTR11	NW_005054427.1	1739192	1740191	15.900	0
TguLTR5c	NW_005054427.1	1747002	1747616	25.400	0
TguLTR5e	NW_005054427.1	1765653	1766109	29.500	0
TguLTR5d	NW_005054427.1	1783794	1784323	24.200	0
TguLTR11	NW_005054427.1	1822317	1822462	24.300	0
TguLTRL4d	NW_005054427.1	1843497	1844338	27.200	0
TguLTR5d	NW_005054427.1	1885648	1886228	28.500	0
TguLTR11	NW_005054427.1	1909193	1909460	20.100	0
TguLTR5d	NW_005054427.1	1914807	1915171	26.300	0
TguLTR5a	NW_005054427.1	1924216	1924428	19.200	0
TguLTR5d	NW_005054427.1	1954263	1954815	25.000	0
TguLTRL6b	NW_005054427.1	1970656	1970879	22.800	0
TguLTR5a	NW_005054427.1	1974481	1974623	24.300	0
TguLTRL4c	NW_005054427.1	1986811	1987865	25.600	0
TguLTRL4d	NW_005054427.1	1988053	1988509	26.300	0
TguLTRL4d	NW_005054427.1	2010795	2011180	27.100	0
TguLTRL4d	NW_005054427.1	2011198	2011415	28.500	0
TguLTR5e	NW_005054427.1	2025576	2025823	30.800	0
TguLTR11	NW_005054427.1	2057884	2058004	15.900	0
TguLTR5e	NW_005054427.1	2061368	2061883	29.000	0
TguLTR5c	NW_005054427.1	2108297	2108461	13.000	0
TguLTR5c	NW_005054427.1	2108518	2108663	29.100	0
TguLTR11	NW_005054427.1	2124935	2125003	13.200	0
TguLTR11	NW_005054427.1	2125589	2125736	26.900	0
TguLTRL4c	NW_005054428.1	140301	140389	17.700	0
TguLTR5c	NW_005054428.1	141211	141726	16.000	0
TguLTR5c	NW_005054428.1	151217	151379	23.700	0
TguLTR5c	NW_005054428.1	151397	151910	17.400	0
TguLTR5c	NW_005054428.1	218876	218935	13.600	0
TguLTRL4b	NW_005054428.1	320366	320626	14.200	0
TguLTRL4c	NW_005054428.1	470677	470766	20.200	0
TguLTR5b	NW_005054428.1	481818	482054	19.100	0
TguLTR5d	NW_005054428.1	563613	563687	16.200	0
TguLTRL4b	NW_005054428.1	986606	986810	19.600	0
TguLTR5d	NW_005054428.1	1183035	1183198	20.200	0
TguLTR5d	NW_005054428.1	1184508	1184668	21.500	0
TguLTR5d	NW_005054428.1	1185445	1185641	23.000	0
TguLTR5a	NW_005054428.1	1239337	1239605	22.300	0
TguLTR5d	NW_005054428.1	1423292	1423460	25.000	0
TguLTR5b	NW_005054429.1	345477	345992	17.700	0
TguLTR5a	NW_005054429.1	377290	377378	21.800	0
TguLTR5d	NW_005054429.1	514663	514752	23.000	0
TguLTR5d	NW_005054429.1	526743	526851	25.900	0
TguLTR5d	NW_005054429.1	527705	527929	21.900	0
TguLTR5d	NW_005054429.1	528489	528571	23.500	0
TguLTR5c	NW_005054429.1	715378	715706	19.000	0
TguLTR5d	NW_005054429.1	752442	752501	20.300	0
TguLTR5d	NW_005054429.1	777047	777091	15.900	0
TguLTR5d	NW_005054429.1	777272	777721	20.200	0
TguLTR5d	NW_005054429.1	779650	779973	22.800	0
TguLTR5d	NW_005054429.1	780003	780181	22.800	0
TguLTR5a	NW_005054429.1	911617	912051	21.400	0
TguLTR5b	NW_005054429.1	971976	972035	15.200	0
TguLTR5b	NW_005054429.1	972191	972248	14.000	0
TguLTR5a	NW_005054429.1	1028214	1028752	19.800	0
TguLTR5a	NW_005054429.1	1029289	1029375	18.100	0
TguLTR6a	NW_005054429.1	1073110	1073258	19.100	0
TguLTRL4c	NW_005054429.1	1121308	1121666	22.000	0
TguLTRL4c	NW_005054429.1	1121668	1121890	29.400	0
TguLTR5b	NW_005054429.1	1169033	1169187	20.900	0
TguLTR6a	NW_005054429.1	1204213	1204557	27.700	0
TguLTRL4b	NW_005054429.1	1231132	1231277	16.600	0
TguLTRL4b	NW_005054429.1	1231352	1231788	20.700	0
TguLTR11	NW_005054429.1	1275437	1275657	24.200	0
TguLTR5d	NW_005054429.1	1301956	1302293	20.700	0
TguLTR5d	NW_005054429.1	1302755	1302876	11.600	0
TguLTR6a	NW_005054429.1	1315772	1316127	24.800	0
TguLTRL4b	NW_005054429.1	1332941	1333214	15.500	0
TguLTR5d	NW_005054429.1	1348416	1348499	19.300	0
TguLTR5e	NW_005054429.1	1409331	1409451	27.500	0
TguLTR5a	NW_005054429.1	1422541	1423158	21.500	0
TguLTR6a	NW_005054429.1	1456929	1457333	24.500	0
TguLTR5a	NW_005054429.1	1477514	1477579	12.500	0
TguLTRL6b	NW_005054429.1	1525657	1525858	27.800	0
TguLTRL6b	NW_005054429.1	1526683	1526853	21.200	0
TguLTRL4b	NW_005054429.1	1576367	1577307	24.000	0
TguLTRL4b	NW_005054429.1	1641703	1641861	26.800	0
TguLTR6a	NW_005054429.1	1746772	1746861	15.000	0
TguLTR5e	NW_005054429.1	1801126	1801364	22.600	0
TguLTR5c	NW_005054429.1	1814011	1814105	13.100	0
TguLTR5d	NW_005054429.1	1847236	1847733	21.900	0
TguLTRL4b	NW_005054429.1	1851095	1851303	18.500	0
TguLTRL6b	NW_005054429.1	1882310	1882371	23.300	0
TguLTRL4c	NW_005054429.1	1884812	1885118	21.800	0
TguLTR11	NW_005054429.1	1888525	1888594	16.700	0
TguLTR5d	NW_005054429.1	1890499	1890578	14.800	0
TguLTRL4b	NW_005054429.1	1984335	1985099	22.600	0
TguLTR11	NW_005054429.1	2027914	2028077	19.100	0
TguLTR5a	NW_005054430.1	255369	255577	19.000	0
TguLTR5d	NW_005054430.1	349541	349929	21.600	0
TguLTR5d	NW_005054430.1	349989	350202	14.600	0
TguLTRL4b	NW_005054430.1	509233	509466	17.700	0
TguLTRL4b	NW_005054430.1	509516	509599	19.300	0
TguLTR5c	NW_005054430.1	876508	876677	19.500	0
TguLTR5e	NW_005054430.1	1037102	1037208	28.300	0
TguLTR5b	NW_005054430.1	1102449	1102505	14.300	0
TguLTR5b	NW_005054430.1	1102630	1102705	16.000	0
TguLTRL4c	NW_005054430.1	1532489	1533251	20.600	0
TguLTR5d	NW_005054430.1	1590501	1590740	21.400	0
TguLTRL4b	NW_005054430.1	1603490	1603589	16.300	0
TguLTRL6b	NW_005054430.1	1864073	1864393	23.000	0
TguLTR11	NW_005054431.1	90284	90552	17.600	0
TguLTR11	NW_005054431.1	120342	120521	15.700	0
TguLTRL4c	NW_005054431.1	157822	157875	15.100	0
TguLTRL4c	NW_005054431.1	158037	158151	29.100	0
TguLTR5d	NW_005054431.1	353963	354137	20.700	0
TguLTR5d	NW_005054431.1	355487	355661	20.700	0
TguLTR5d	NW_005054431.1	506663	506787	23.400	0
TguLTR5d	NW_005054431.1	513017	513553	20.100	0
TguLTRL4c	NW_005054431.1	517629	517767	25.600	0
TguLTR5d	NW_005054431.1	538445	538548	24.300	0
TguLTRL4c	NW_005054431.1	802220	802299	26.600	0
TguLTRL4c	NW_005054431.1	802299	802641	21.100	0
TguLTR5b	NW_005054431.1	1142713	1142913	21.000	0
TguLTR11	NW_005054431.1	1271811	1272052	17.600	0
TguLTR5a	NW_005054431.1	1327907	1328036	25.200	0
TguLTR5b	NW_005054431.1	1426483	1426756	21.600	0
TguLTR5b	NW_005054431.1	1426964	1427177	22.800	0
TguLTRL4c	NW_005054431.1	1943302	1943774	23.500	0
TguLTR5c	NW_005054432.1	39837	40038	25.500	0
TguLTR5c	NW_005054432.1	40038	40156	18.600	0
TguLTR5d	NW_005054432.1	99468	99905	22.500	0
TguLTR5d	NW_005054432.1	472630	473201	15.500	0
TguLTRL4d	NW_005054432.1	483555	483663	21.300	0
TguLTRL4d	NW_005054432.1	483683	484157	29.000	0
TguLTR5d	NW_005054432.1	642777	643056	14.300	0
TguLTRL4c	NW_005054432.1	685401	685514	21.300	0
TguLTRL4c	NW_005054432.1	685516	685578	19.400	0
TguLTR5b	NW_005054432.1	690347	690860	19.900	0
TguLTRL4c	NW_005054432.1	1180695	1181210	19.200	0
TguLTRL4c	NW_005054432.1	1181628	1181681	13.200	0
TguLTR5e	NW_005054432.1	1196488	1196748	22.100	0
TguLTRL4c	NW_005054432.1	1281910	1282300	20.900	0
TguLTR5d	NW_005054432.1	1465175	1465390	16.800	0
TguLTR5c	NW_005054432.1	1488281	1488455	19.800	0
TguLTRL4c	NW_005054432.1	1557305	1557431	26.200	0
TguLTR5b	NW_005054432.1	1569581	1570132	15.300	0
TguLTRL4d	NW_005054432.1	1606384	1606830	30.700	0
TguLTRL4c	NW_005054432.1	1735114	1735381	19.100	0
TguLTR5a	NW_005054432.1	1780530	1780778	23.600	0
TguLTR5b	NW_005054432.1	1785786	1785986	19.100	0
TguLTR5e	NW_005054432.1	1834751	1835159	23.800	0
TguLTR6a	NW_005054432.1	1867258	1867629	25.200	0
TguLTR5d	NW_005054433.1	9104	9377	26.100	0
TguLTRL4c	NW_005054433.1	51314	51771	20.600	0
TguLTR5e	NW_005054433.1	60544	60742	27.900	0
TguLTR5d	NW_005054433.1	60816	61419	20.500	0
TguLTR5e	NW_005054433.1	90492	91014	30.900	0
TguLTR5d	NW_005054433.1	94616	95200	22.900	0
TguLTR5c	NW_005054433.1	115247	115683	24.200	0
TguLTRL4c	NW_005054433.1	120341	121346	23.000	0
TguLTR5c	NW_005054433.1	159984	160149	26.700	0
TguLTRL6b	NW_005054433.1	177878	178011	24.900	0
TguLTR5a	NW_005054433.1	196974	197549	21.200	0
TguLTR5e	NW_005054433.1	206914	207472	29.300	0
TguLTR5a	NW_005054433.1	214843	215100	18.900	0
TguLTR5d	NW_005054433.1	219188	219747	22.500	0
TguLTR11	NW_005054433.1	230592	230857	20.100	0
TguLTRL6b	NW_005054433.1	241386	241822	26.800	0
TguLTR6a	NW_005054433.1	261033	261483	23.400	0
TguLTR5b	NW_005054433.1	264553	264977	13.800	0
TguLTRL4d	NW_005054433.1	271983	272159	26.400	0
TguLTRL4d	NW_005054433.1	272190	272469	21.600	0
TguLTR5a	NW_005054433.1	284744	285278	22.600	0
TguLTRL4b	NW_005054433.1	318018	318621	19.500	0
TguLTR5a	NW_005054433.1	320952	321233	24.400	0
TguLTR5e	NW_005054433.1	334138	334579	29.100	0
TguLTR5c	NW_005054433.1	336693	337281	19.500	0
TguLTR5d	NW_005054433.1	337780	338329	22.100	0
TguLTR5a	NW_005054433.1	349062	349186	30.600	0
TguLTR5a	NW_005054433.1	349238	349584	20.300	0
TguLTRL4d	NW_005054433.1	350421	350909	25.100	0
TguLTRL4c	NW_005054433.1	351203	352163	25.700	0
TguLTR5b	NW_005054433.1	370744	371337	14.800	0
TguLTR5d	NW_005054433.1	374127	374675	19.000	0
TguLTRL4c	NW_005054433.1	376973	378062	23.900	0
TguLTR5c	NW_005054433.1	424685	425234	16.600	0
TguLTRL4c	NW_005054433.1	510403	510634	21.300	0
TguLTR5d	NW_005054433.1	519335	519908	16.600	0
TguLTR11	NW_005054433.1	522127	522182	9.100	0
TguLTRL4c	NW_005054433.1	556236	557102	23.200	0
TguLTRL4c	NW_005054433.1	570163	571140	21.900	0
TguLTRL6b	NW_005054433.1	575698	576117	28.200	0
TguLTR5d	NW_005054433.1	588676	589203	20.000	0
TguLTRL4d	NW_005054433.1	609902	610203	24.900	0
TguLTR5e	NW_005054433.1	620515	620657	24.500	0
TguLTR5d	NW_005054433.1	779288	779834	15.500	0
TguLTRL4d	NW_005054433.1	791324	791976	23.400	0
TguLTR11	NW_005054433.1	795572	795727	22.100	0
TguLTRL4c	NW_005054433.1	864083	864994	24.500	0
TguLTR5e	NW_005054433.1	883674	884304	23.700	0
TguLTRL4c	NW_005054433.1	912766	912815	16.300	0
TguLTR11	NW_005054433.1	965073	965109	8.300	0
TguLTR5d	NW_005054433.1	1008220	1008498	24.300	0
TguLTR5d	NW_005054433.1	1038045	1038211	24.700	0
TguLTR5d	NW_005054433.1	1038245	1038305	26.700	0
TguLTRL4d	NW_005054433.1	1065999	1066666	27.900	0
TguLTRL4d	NW_005054433.1	1137609	1138460	23.900	0
TguLTRL4d	NW_005054433.1	1149161	1149516	28.100	0
TguLTRL4d	NW_005054433.1	1149536	1149815	25.300	0
TguLTRL4c	NW_005054433.1	1154572	1155593	22.100	0
TguLTR5e	NW_005054433.1	1266595	1266848	33.800	0
TguLTR5d	NW_005054433.1	1275967	1276526	18.600	0
TguLTR5e	NW_005054433.1	1284353	1284976	31.900	0
TguLTR5a	NW_005054433.1	1286430	1286942	21.500	0
TguLTRL4c	NW_005054433.1	1399098	1399364	24.400	0
TguLTR5e	NW_005054433.1	1411739	1411926	24.500	0
TguLTR5e	NW_005054433.1	1411937	1412110	27.600	0
TguLTR5b	NW_005054433.1	1425818	1426396	17.200	0
TguLTR5d	NW_005054433.1	1435301	1435811	28.500	0
TguLTRL4d	NW_005054433.1	1476402	1476520	23.900	0
TguLTR5a	NW_005054433.1	1508444	1508650	15.500	0
TguLTR5a	NW_005054433.1	1508662	1508958	20.900	0
TguLTRL4d	NW_005054433.1	1512628	1512982	28.600	0
TguLTR5e	NW_005054433.1	1551100	1551666	26.500	0
TguLTR5a	NW_005054433.1	1561848	1562448	24.700	0
TguLTRL4d	NW_005054433.1	1607475	1608362	28.400	0
TguLTRL4d	NW_005054433.1	1612677	1612770	27.500	0
TguLTRL4d	NW_005054433.1	1613140	1613312	24.600	0
TguLTR5a	NW_005054433.1	1617556	1617599	22.400	0
TguLTR5a	NW_005054433.1	1617630	1618179	22.400	0
TguLTRL4c	NW_005054433.1	1643938	1644023	22.400	0
TguLTR5e	NW_005054433.1	1650996	1651159	24.100	0
TguLTR5e	NW_005054433.1	1651451	1651532	25.900	0
TguLTR5b	NW_005054433.1	1653805	1654380	15.700	0
TguLTRL4c	NW_005054433.1	1655219	1655493	24.300	0
TguLTR5d	NW_005054433.1	1667536	1668139	20.900	0
TguLTR5c	NW_005054433.1	1669202	1669789	21.800	0
TguLTR5d	NW_005054433.1	1684650	1685172	21.200	0
TguLTR5d	NW_005054433.1	1686885	1687302	22.300	0
TguLTR6a	NW_005054433.1	1706332	1706771	27.000	0
TguLTR6a	NW_005054433.1	1707782	1707977	22.100	0
TguLTRL4b	NW_005054433.1	1711901	1713018	18.200	0
TguLTR5e	NW_005054433.1	1715344	1715469	26.800	0
TguLTR5e	NW_005054433.1	1715487	1715848	28.900	0
TguLTRL4d	NW_005054433.1	1717028	1717251	33.700	0
TguLTRL4d	NW_005054433.1	1717828	1717912	24.700	0
TguLTRL4d	NW_005054433.1	1717940	1718202	28.400	0
TguLTRL4b	NW_005054433.1	1729560	1729891	31.200	0
TguLTRL4b	NW_005054433.1	1730054	1730307	30.200	0
TguLTR5a	NW_005054433.1	1733176	1733334	22.100	0
TguLTR5b	NW_005054433.1	1734666	1735262	15.900	0
TguLTR5d	NW_005054433.1	1753900	1754443	21.200	0
TguLTR5d	NW_005054433.1	1772029	1772596	21.900	0
TguLTR5a	NW_005054433.1	1819153	1819730	19.200	0
TguLTR5b	NW_005054433.1	1826398	1826994	20.600	0
TguLTRL4c	NW_005054433.1	1834396	1835130	20.000	0
TguLTR11	NW_005054433.1	1838745	1839003	15.100	0
TguLTR11	NW_005054433.1	1839016	1839080	17.200	0
TguLTRL4b	NW_005054433.1	1885745	1886696	19.600	0
TguLTRL4d	NW_005054433.1	1888365	1888745	28.600	0
TguLTR5d	NW_005054433.1	1904839	1905230	22.900	0
TguLTR5a	NW_005054433.1	1926396	1926811	17.400	0
TguLTR5a	NW_005054433.1	1926836	1927032	25.000	0
TguLTRL4c	NW_005054433.1	1959585	1959961	27.600	0
TguLTRL4d	NW_005054433.1	1995642	1996357	24.700	0
TguLTR5d	NW_005054434.1	78576	79087	21.800	0
TguLTR5e	NW_005054434.1	98127	98637	25.700	0
TguLTRL4d	NW_005054434.1	432427	432619	27.000	0
TguLTR5e	NW_005054434.1	619217	619515	27.700	0
TguLTRL4c	NW_005054434.1	620089	620282	12.600	0
TguLTRL4c	NW_005054434.1	620752	621315	22.300	0
TguLTRL4d	NW_005054434.1	808724	809267	24.600	0
TguLTRL4c	NW_005054434.1	936584	936790	17.000	0
TguLTRL4c	NW_005054434.1	937269	937663	21.000	0
TguLTRL4c	NW_005054434.1	1058587	1058917	18.700	0
TguLTRL4b	NW_005054434.1	1101561	1102094	18.200	0
TguLTR5d	NW_005054434.1	1158728	1159248	19.700	0
TguLTR5a	NW_005054434.1	1301215	1301418	21.500	0
TguLTRL4c	NW_005054434.1	1611052	1612128	20.000	0
TguLTR5c	NW_005054434.1	1627749	1628313	16.000	0
TguLTR5c	NW_005054434.1	1688101	1688584	19.100	0
TguLTR11	NW_005054434.1	1754434	1754829	18.300	0
TguLTR11	NW_005054434.1	1775352	1775603	21.600	0
TguLTR11	NW_005054434.1	1776039	1776165	23.700	0
TguLTR5a	NW_005054434.1	1852054	1852530	23.600	0
TguLTR5b	NW_005054435.1	26835	27312	17.100	0
TguLTRL6b	NW_005054435.1	1050472	1050688	22.900	0
TguLTR5e	NW_005054435.1	1092004	1092152	27.900	0
TguLTR5a	NW_005054436.1	139413	139622	21.700	0
TguLTR5c	NW_005054436.1	347374	347853	19.500	0
TguLTR5b	NW_005054436.1	567777	567866	20.200	0
TguLTR5a	NW_005054436.1	578976	579015	5.100	0
TguLTR5d	NW_005054436.1	717087	717291	23.100	0
TguLTR5d	NW_005054436.1	721328	721468	21.400	0
TguLTR5d	NW_005054436.1	721720	721924	23.100	0
TguLTR11	NW_005054436.1	1177912	1178289	17.500	0
TguLTR5a	NW_005054436.1	1248879	1249216	31.200	0
TguLTR5d	NW_005054436.1	1308497	1308994	17.000	0
TguLTR5b	NW_005054436.1	1869838	1869895	21.100	0
TguLTR5d	NW_005054436.1	1870085	1870252	21.000	0
TguLTR5a	NW_005054437.1	22881	23332	21.400	0
TguLTRL4c	NW_005054437.1	180309	180525	10.100	0
TguLTR5a	NW_005054437.1	303571	303704	18.800	0
TguLTRL4c	NW_005054437.1	375298	375493	21.300	0
TguLTRL4c	NW_005054437.1	375495	375870	21.000	0
TguLTR5a	NW_005054437.1	386171	386496	20.500	0
TguLTRL4c	NW_005054437.1	448445	449408	19.800	0
TguLTR5d	NW_005054437.1	491614	492112	17.100	0
TguLTR5b	NW_005054437.1	568903	568967	17.200	0
TguLTRL4b	NW_005054437.1	648400	648957	20.800	0
TguLTRL4b	NW_005054437.1	781275	782126	21.100	0
TguLTR11	NW_005054437.1	824453	824836	14.400	0
TguLTR5a	NW_005054437.1	1054127	1054563	20.000	0
TguLTR5d	NW_005054437.1	1133718	1134263	17.200	0
TguLTR6a	NW_005054437.1	1230226	1230283	8.800	0
TguLTRL4c	NW_005054437.1	1269964	1270307	15.200	0
TguLTR5d	NW_005054437.1	1503695	1503838	21.600	0
TguLTR5e	NW_005054438.1	251340	251726	26.900	0
TguLTRL4c	NW_005054438.1	284457	285105	16.500	0
TguLTRL4c	NW_005054438.1	285481	285769	20.200	0
TguLTR5d	NW_005054438.1	392443	392947	21.900	0
TguLTR5b	NW_005054438.1	392964	393044	15.000	0
TguLTR11	NW_005054438.1	466459	466537	12.800	0
TguLTR11	NW_005054438.1	466884	466964	17.700	0
TguLTR11	NW_005054438.1	467440	467668	24.900	0
TguLTR5d	NW_005054438.1	662993	663537	20.500	0
TguLTR11	NW_005054438.1	714929	715010	18.500	0
TguLTR11	NW_005054438.1	715338	715416	11.500	0
TguLTR11	NW_005054438.1	717999	718086	13.800	0
TguLTR5b	NW_005054438.1	780015	780076	11.500	0
TguLTR11	NW_005054438.1	1170748	1170900	19.600	0
TguLTR11	NW_005054438.1	1174133	1174329	19.300	0
TguLTR11	NW_005054438.1	1174673	1174762	10.000	0
TguLTR5a	NW_005054438.1	1234803	1235298	17.600	0
TguLTR5e	NW_005054438.1	1309923	1310109	19.700	0
TguLTRL4b	NW_005054438.1	1343666	1343858	19.400	0
TguLTRL4b	NW_005054438.1	1346523	1346729	17.700	0
TguLTR11	NW_005054438.1	1504746	1504959	19.900	0
TguLTRL4c	NW_005054438.1	1651886	1651970	20.200	0
TguLTR11	NW_005054438.1	1753745	1753974	12.300	0
TguLTR5a	NW_005054438.1	1756799	1757294	18.400	0
TguLTR11	NW_005054438.1	1763205	1763351	19.300	0
TguLTR5d	NW_005054438.1	1816863	1817155	18.100	0
TguLTR5d	NW_005054438.1	1817327	1817534	20.200	0
TguLTRL4d	NW_005054438.1	1875551	1875835	33.200	0
TguLTR5a	NW_005054439.1	19933	20194	19.400	0
TguLTRL4c	NW_005054439.1	32451	33279	19.500	0
TguLTR5a	NW_005054439.1	101547	101721	20.800	0
TguLTR5a	NW_005054439.1	101766	102144	20.800	0
TguLTR5a	NW_005054439.1	184220	184864	19.800	0
TguLTRL6b	NW_005054439.1	193551	193954	18.300	0
TguLTRL6b	NW_005054439.1	219496	219679	21.200	0
TguLTR6a	NW_005054439.1	219735	220022	20.700	0
TguLTRL4b	NW_005054439.1	249739	250830	18.500	0
TguLTRL4b	NW_005054439.1	320129	321122	21.500	0
TguLTRL4b	NW_005054439.1	400224	400342	27.700	0
TguLTRL4b	NW_005054439.1	400504	400951	30.900	0
TguLTR5d	NW_005054439.1	421827	422392	21.200	0
TguLTR5e	NW_005054439.1	427982	428490	28.400	0
TguLTR5e	NW_005054439.1	429280	429854	29.100	0
TguLTR5e	NW_005054439.1	432945	433428	31.000	0
TguLTR5e	NW_005054439.1	433703	433803	27.000	0
TguLTR5a	NW_005054439.1	441323	441883	27.800	0
TguLTRL4d	NW_005054439.1	445694	445873	22.900	0
TguLTRL4d	NW_005054439.1	447428	447536	21.100	0
TguLTR6a	NW_005054439.1	461577	462052	23.300	0
TguLTRL4d	NW_005054439.1	465434	465972	27.500	0
TguLTR5b	NW_005054439.1	471622	472207	17.200	0
TguLTR5d	NW_005054439.1	501780	502373	16.900	0
TguLTRL6b	NW_005054439.1	507710	507849	20.900	0
TguLTRL4b	NW_005054439.1	530671	531693	23.200	0
TguLTRL6b	NW_005054439.1	574510	574902	20.300	0
TguLTR6a	NW_005054439.1	587562	587987	21.100	0
TguLTR5d	NW_005054439.1	603941	604522	19.500	0
TguLTR11	NW_005054439.1	609786	610037	22.200	0
TguLTR11	NW_005054439.1	610508	610612	22.300	0
TguLTRL4b	NW_005054439.1	729320	729794	19.900	0
TguLTR5e	NW_005054439.1	799624	799874	22.600	0
TguLTR5b	NW_005054439.1	818032	818604	19.300	0
TguLTR5a	NW_005054439.1	849188	849349	25.500	0
TguLTR5a	NW_005054439.1	849392	849802	16.400	0
TguLTRL4b	NW_005054439.1	858638	859675	19.500	0
TguLTRL4b	NW_005054439.1	867545	867961	26.600	0
TguLTRL4b	NW_005054439.1	868571	868716	25.700	0
TguLTRL4b	NW_005054439.1	869123	869312	20.400	0
TguLTR5b	NW_005054439.1	870281	870510	20.300	0
TguLTR5a	NW_005054439.1	876540	877132	22.500	0
TguLTRL4b	NW_005054439.1	877654	878678	20.800	0
TguLTR6a	NW_005054439.1	903042	903212	19.700	0
TguLTRL6b	NW_005054439.1	903395	903574	23.600	0
TguLTR6a	NW_005054439.1	924758	924818	16.700	0
TguLTRL4d	NW_005054439.1	931971	932334	26.100	0
TguLTR5b	NW_005054439.1	956397	956991	15.100	0
TguLTRL6b	NW_005054439.1	1026757	1027176	21.100	0
TguLTRL4b	NW_005054439.1	1039853	1040929	18.300	0
TguLTRL4b	NW_005054439.1	1055468	1056533	19.500	0
TguLTR6a	NW_005054439.1	1061339	1061407	19.100	0
TguLTR6a	NW_005054439.1	1064441	1064796	22.000	0
TguLTRL6b	NW_005054439.1	1070006	1070186	15.900	0
TguLTRL6b	NW_005054439.1	1070605	1070812	27.600	0
TguLTR11	NW_005054439.1	1098361	1098561	24.400	0
TguLTR5d	NW_005054439.1	1099431	1099722	27.600	0
TguLTRL4d	NW_005054439.1	1101050	1101782	31.000	0
TguLTR11	NW_005054439.1	1103023	1103081	8.600	0
TguLTR5a	NW_005054439.1	1106651	1106781	19.000	0
TguLTR5d	NW_005054439.1	1122683	1123258	19.800	0
TguLTR5d	NW_005054439.1	1123259	1123342	20.500	0
TguLTRL4c	NW_005054439.1	1134679	1135786	21.000	0
TguLTRL4d	NW_005054439.1	1141917	1142098	26.800	0
TguLTRL4b	NW_005054439.1	1162752	1163017	35.000	0
TguLTR5d	NW_005054439.1	1176460	1176573	21.800	0
TguLTRL4b	NW_005054439.1	1178055	1178808	20.900	0
TguLTRL4b	NW_005054439.1	1179999	1180232	19.300	0
TguLTRL4d	NW_005054439.1	1197378	1197536	27.300	0
TguLTR11	NW_005054439.1	1202342	1202552	29.300	0
TguLTR11	NW_005054439.1	1202938	1203045	17.400	0
TguLTRL6b	NW_005054439.1	1208628	1208781	18.900	0
TguLTR5b	NW_005054439.1	1210375	1210492	13.700	0
TguLTR5b	NW_005054439.1	1211135	1211614	15.800	0
TguLTR5c	NW_005054439.1	1241831	1242425	18.400	0
TguLTRL4b	NW_005054439.1	1256101	1256315	33.200	0
TguLTR6a	NW_005054439.1	1270422	1270890	23.400	0
TguLTRL4c	NW_005054439.1	1272367	1272714	20.400	0
TguLTR6a	NW_005054439.1	1284982	1285389	27.300	0
TguLTR6a	NW_005054439.1	1293919	1294384	18.600	0
TguLTR5d	NW_005054439.1	1300388	1300992	19.800	0
TguLTRL4b	NW_005054439.1	1306525	1306600	17.600	0
TguLTRL4b	NW_005054439.1	1306621	1307478	20.600	0
TguLTRL4b	NW_005054439.1	1343036	1343294	29.800	0
TguLTRL4b	NW_005054439.1	1343560	1343654	27.300	0
TguLTRL4b	NW_005054439.1	1354427	1355516	18.900	0
TguLTR5a	NW_005054439.1	1355548	1356122	23.400	0
TguLTRL4b	NW_005054439.1	1371341	1372379	20.500	0
TguLTR6a	NW_005054439.1	1394358	1394702	20.300	0
TguLTR5a	NW_005054439.1	1410926	1411077	13.500	0
TguLTR5a	NW_005054439.1	1411089	1411458	23.600	0
TguLTR5d	NW_005054439.1	1422965	1423477	19.700	0
TguLTRL4b	NW_005054439.1	1432658	1433626	20.200	0
TguLTR6a	NW_005054439.1	1454773	1455217	18.500	0
TguLTR5b	NW_005054439.1	1465813	1466374	20.200	0
TguLTR11	NW_005054439.1	1512018	1512219	18.100	0
TguLTR11	NW_005054439.1	1512653	1512936	17.300	0
TguLTR11	NW_005054439.1	1533228	1533347	26.300	0
TguLTRL4b	NW_005054439.1	1559942	1560992	18.700	0
TguLTRL4b	NW_005054439.1	1578582	1578928	19.700	0
TguLTRL4c	NW_005054439.1	1601550	1601789	22.400	0
TguLTR5b	NW_005054439.1	1602150	1602316	15.100	0
TguLTR5b	NW_005054439.1	1602884	1603317	14.800	0
TguLTR6a	NW_005054439.1	1671172	1671442	23.700	0
TguLTRL6b	NW_005054439.1	1671539	1671701	17.900	0
TguLTR6a	NW_005054439.1	1675183	1675649	20.900	0
TguLTR5b	NW_005054439.1	1677208	1677755	15.600	0
TguLTR5c	NW_005054439.1	1753986	1754566	17.900	0
TguLTRL4b	NW_005054439.1	1756746	1757040	29.500	0
TguLTR5c	NW_005054439.1	1773198	1773564	17.800	0
TguLTRL4c	NW_005054439.1	1800331	1800719	19.400	0
TguLTR6a	NW_005054439.1	1824340	1824767	21.100	0
TguLTR6a	NW_005054439.1	1829846	1829901	20.200	0
TguLTR6a	NW_005054439.1	1829932	1830237	21.900	0
TguLTR5a	NW_005054439.1	1833668	1834080	18.600	0
TguLTRL4b	NW_005054440.1	113936	114689	27.200	0
TguLTRL4b	NW_005054440.1	115069	115244	22.100	0
TguLTR5a	NW_005054440.1	249198	249333	16.300	0
TguLTR5b	NW_005054440.1	258164	258579	19.600	0
TguLTR11	NW_005054440.1	337394	337514	19.200	0
TguLTR5b	NW_005054440.1	393066	393648	15.600	0
TguLTR5d	NW_005054440.1	399872	400437	20.600	0
TguLTRL4c	NW_005054440.1	418973	419101	21.100	0
TguLTRL4c	NW_005054440.1	419118	419894	24.000	0
TguLTR5c	NW_005054440.1	431477	431717	28.600	0
TguLTR5c	NW_005054440.1	432124	432705	19.200	0
TguLTRL4b	NW_005054440.1	434386	435403	17.300	0
TguLTRL4c	NW_005054440.1	438142	439250	23.400	0
TguLTRL4c	NW_005054440.1	526399	526506	26.000	0
TguLTR5d	NW_005054440.1	615480	616035	22.900	0
TguLTR5e	NW_005054440.1	778294	778877	31.200	0
TguLTRL4b	NW_005054440.1	793951	794153	26.600	0
TguLTRL4b	NW_005054440.1	794698	794964	28.100	0
TguLTRL4b	NW_005054440.1	795104	795594	30.800	0
TguLTRL4c	NW_005054440.1	801631	801784	24.800	0
TguLTR11	NW_005054440.1	839098	839402	22.400	0
TguLTRL4c	NW_005054440.1	996612	997577	22.600	0
TguLTR5a	NW_005054440.1	1107953	1108122	24.400	0
TguLTRL4b	NW_005054440.1	1126643	1127186	19.300	0
TguLTR5a	NW_005054440.1	1138868	1139020	18.800	0
TguLTR5c	NW_005054440.1	1174051	1174126	12.000	0
TguLTR5a	NW_005054440.1	1199774	1199943	24.400	0
TguLTRL4c	NW_005054440.1	1209411	1209775	20.200	0
TguLTRL4b	NW_005054440.1	1289063	1290106	17.400	0
TguLTR5d	NW_005054440.1	1306142	1306477	20.000	0
TguLTR5a	NW_005054440.1	1323957	1324466	21.900	0
TguLTRL4b	NW_005054440.1	1331903	1332578	18.100	0
TguLTR5d	NW_005054440.1	1351215	1351765	22.800	0
TguLTRL4d	NW_005054440.1	1357962	1358362	29.100	0
TguLTRL4d	NW_005054440.1	1358915	1359192	24.900	0
TguLTRL4b	NW_005054440.1	1471738	1471968	20.900	0
TguLTRL4b	NW_005054440.1	1472259	1473023	25.600	0
TguLTR5b	NW_005054440.1	1537159	1537739	12.900	0
TguLTR5a	NW_005054440.1	1782074	1782657	22.900	0
TguLTRL4c	NW_005054440.1	1786968	1788039	23.500	0
TguLTR5d	NW_005054440.1	1798109	1798449	22.400	0
TguLTRL4b	NW_005054440.1	1799486	1799765	32.100	0
TguLTRL4b	NW_005054440.1	1799952	1800234	31.100	0
TguLTRL4b	NW_005054440.1	1819221	1820257	19.300	0
TguLTRL4b	NW_005054440.1	1826674	1827116	18.300	0
TguLTRL4b	NW_005054440.1	1827504	1828167	19.300	0
TguLTR11	NW_005054440.1	1829078	1829290	22.800	0
TguLTR5a	NW_005054441.1	240382	240640	18.600	0
TguLTRL4b	NW_005054441.1	450757	451602	24.200	0
TguLTRL4b	NW_005054441.1	451614	452049	16.500	0
TguLTRL4c	NW_005054441.1	808178	808636	22.100	0
TguLTR5a	NW_005054441.1	1235844	1236144	20.900	0
TguLTR5a	NW_005054441.1	1236146	1236254	25.000	0
TguLTR5a	NW_005054441.1	1366742	1367291	23.400	0
TguLTR5a	NW_005054441.1	1391732	1392289	19.900	0
TguLTRL4b	NW_005054441.1	1392386	1392573	24.600	0
TguLTRL4b	NW_005054441.1	1392981	1393673	28.900	0
TguLTR5e	NW_005054441.1	1471732	1471998	22.300	0
TguLTRL4b	NW_005054441.1	1574429	1575223	24.900	0
TguLTRL4b	NW_005054441.1	1575522	1575723	17.900	0
TguLTR5a	NW_005054441.1	1629394	1629464	15.700	0
TguLTRL6b	NW_005054441.1	1653236	1653361	17.600	0
TguLTRL6b	NW_005054441.1	1653469	1653631	21.500	0
TguLTRL6b	NW_005054441.1	1654482	1654875	19.900	0
TguLTR5a	NW_005054441.1	1696332	1696885	19.200	0
TguLTR5b	NW_005054441.1	1722528	1722906	13.800	0
TguLTR5b	NW_005054441.1	1723255	1723442	16.000	0
TguLTRL4b	NW_005054441.1	1760920	1761228	22.900	0
TguLTRL4b	NW_005054441.1	1762192	1762335	29.700	0
TguLTRL4b	NW_005054441.1	1762941	1763047	22.800	0
TguLTRL4b	NW_005054441.1	1763474	1763683	23.700	0
TguLTR5d	NW_005054441.1	1799155	1799264	26.900	0
TguLTR5b	NW_005054442.1	68042	68572	12.800	0
TguLTR5d	NW_005054442.1	110011	110291	15.800	0
TguLTR5b	NW_005054442.1	475083	475511	15.800	0
TguLTR11	NW_005054442.1	580125	580502	21.700	0
TguLTRL4b	NW_005054442.1	679419	680485	17.900	0
TguLTR5e	NW_005054442.1	752195	752577	23.700	0
TguLTR5e	NW_005054442.1	753290	753361	21.100	0
TguLTRL4c	NW_005054442.1	759088	759340	19.200	0
TguLTRL4c	NW_005054442.1	759727	759789	22.100	0
TguLTRL4c	NW_005054442.1	759818	760104	19.900	0
TguLTR6a	NW_005054442.1	763084	763335	23.900	0
TguLTR6a	NW_005054442.1	764561	765015	24.900	0
TguLTR6a	NW_005054442.1	779586	779948	18.200	0
TguLTRL4c	NW_005054442.1	832171	832904	23.300	0
TguLTRL4c	NW_005054442.1	832914	833022	19.300	0
TguLTRL4c	NW_005054442.1	833204	833595	20.600	0
TguLTRL4b	NW_005054442.1	854999	855135	15.900	0
TguLTRL4b	NW_005054442.1	855785	856215	15.800	0
TguLTRL4b	NW_005054442.1	892416	892740	20.100	0
TguLTR6a	NW_005054442.1	898384	898799	23.100	0
TguLTRL4c	NW_005054442.1	938391	938657	18.700	0
TguLTR5a	NW_005054442.1	942836	942967	25.200	0
TguLTRL4b	NW_005054442.1	947618	948762	18.400	0
TguLTRL4b	NW_005054442.1	966950	966990	7.500	0
TguLTRL4b	NW_005054442.1	967128	967302	16.700	0
TguLTRL4b	NW_005054442.1	967305	967430	18.500	0
TguLTR6a	NW_005054442.1	1065486	1065579	16.100	0
TguLTRL4b	NW_005054442.1	1097531	1098244	18.700	0
TguLTRL4b	NW_005054442.1	1171247	1172320	20.200	0
TguLTR5a	NW_005054442.1	1190848	1191412	20.400	0
TguLTRL4b	NW_005054442.1	1206488	1206893	17.300	0
TguLTRL4b	NW_005054442.1	1207121	1207670	19.100	0
TguLTR5d	NW_005054442.1	1210179	1210325	22.600	0
TguLTR5b	NW_005054442.1	1411735	1411865	17.700	0
TguLTR5b	NW_005054442.1	1412475	1412931	17.600	0
TguLTRL4b	NW_005054442.1	1580680	1581293	27.000	0
TguLTRL4b	NW_005054442.1	1581763	1581873	17.500	0
TguLTRL4b	NW_005054442.1	1582782	1582967	19.100	0
TguLTR5a	NW_005054442.1	1612154	1612317	17.200	0
TguLTRL4b	NW_005054442.1	1621640	1621729	12.400	0
TguLTRL4b	NW_005054442.1	1621869	1622550	21.100	0
TguLTRL4b	NW_005054442.1	1622935	1623157	23.200	0
TguLTR11	NW_005054442.1	1627508	1627712	19.800	0
TguLTR11	NW_005054442.1	1628129	1628401	16.700	0
TguLTR6a	NW_005054442.1	1639424	1639836	25.100	0
TguLTR11	NW_005054442.1	1658580	1658649	8.700	0
TguLTRL4b	NW_005054442.1	1663050	1663680	23.400	0
TguLTRL4b	NW_005054442.1	1664266	1664469	24.900	0
TguLTRL4b	NW_005054442.1	1665260	1665480	21.600	0
TguLTRL6b	NW_005054442.1	1683570	1683839	22.000	0
TguLTR11	NW_005054442.1	1695487	1695871	17.700	0
TguLTR5a	NW_005054442.1	1752260	1752791	21.900	0
TguLTR11	NW_005054442.1	1753960	1754022	16.400	0
TguLTRL4b	NW_005054442.1	1800879	1802023	20.800	0
TguLTR5a	NW_005054443.1	2047	2216	24.100	0
TguLTR5a	NW_005054443.1	2317	2675	19.200	0
TguLTR5a	NW_005054443.1	190363	190935	22.900	0
TguLTRL4c	NW_005054443.1	270574	271678	20.400	0
TguLTR5a	NW_005054443.1	329933	330010	8.400	0
TguLTR5e	NW_005054443.1	493771	493870	21.200	0
TguLTRL4c	NW_005054443.1	565928	567055	25.700	0
TguLTRL4c	NW_005054443.1	598476	599325	21.700	0
TguLTR5a	NW_005054443.1	634227	634803	21.900	0
TguLTRL4c	NW_005054443.1	646886	647383	18.100	0
TguLTR5c	NW_005054443.1	744540	745052	20.100	0
TguLTR5a	NW_005054443.1	748491	748603	26.800	0
TguLTR5a	NW_005054443.1	748633	748791	14.800	0
TguLTR5b	NW_005054443.1	765991	766038	12.800	0
TguLTRL4c	NW_005054443.1	767481	768491	21.600	0
TguLTR6a	NW_005054443.1	783852	784302	25.600	0
TguLTRL4b	NW_005054443.1	875219	875317	22.400	0
TguLTR5b	NW_005054443.1	894986	895551	19.200	0
TguLTR5b	NW_005054443.1	895551	896068	19.700	0
TguLTRL4b	NW_005054443.1	1083561	1084586	18.200	0
TguLTRL4c	NW_005054443.1	1235802	1236281	20.000	0
TguLTRL4c	NW_005054443.1	1265914	1266611	19.600	0
TguLTR5e	NW_005054443.1	1307635	1307734	21.700	0
TguLTRL4d	NW_005054443.1	1347548	1347776	29.400	0
TguLTR6a	NW_005054443.1	1347926	1348054	21.200	0
TguLTR6a	NW_005054443.1	1433598	1433870	14.800	0
TguLTR5e	NW_005054443.1	1579127	1579678	25.600	0
TguLTR5a	NW_005054443.1	1643626	1644145	21.500	0
TguLTR11	NW_005054444.1	26016	26315	25.400	0
TguLTR5d	NW_005054444.1	57173	57282	25.900	0
TguLTR5d	NW_005054444.1	57286	57411	21.000	0
TguLTR5d	NW_005054444.1	78622	79092	20.900	0
TguLTR11	NW_005054444.1	171715	172018	14.300	0
TguLTR5b	NW_005054444.1	680918	681309	11.200	0
TguLTRL4c	NW_005054444.1	693813	694212	17.600	0
TguLTR5c	NW_005054444.1	696991	697562	20.800	0
TguLTR5e	NW_005054444.1	816347	816828	24.300	0
TguLTRL4c	NW_005054444.1	953014	953509	25.300	0
TguLTR5a	NW_005054444.1	1019700	1019795	22.100	0
TguLTR5d	NW_005054444.1	1260220	1260800	17.800	0
TguLTR5b	NW_005054444.1	1625643	1626175	14.500	0
TguLTR5d	NW_005054444.1	1661916	1662511	15.500	0
TguLTR5a	NW_005054444.1	1701220	1701677	19.500	0
TguLTR5e	NW_005054444.1	1785271	1785403	31.100	0
TguLTR5e	NW_005054444.1	1785433	1785767	27.800	0
TguLTRL4b	NW_005054445.1	74132	74400	33.500	0
TguLTRL4c	NW_005054445.1	78008	78206	20.700	0
TguLTRL4d	NW_005054445.1	210299	210415	19.800	0
TguLTRL4c	NW_005054445.1	300679	301007	19.800	0
TguLTR11	NW_005054445.1	393601	393733	18.200	0
TguLTR5a	NW_005054445.1	490323	490844	22.700	0
TguLTRL6b	NW_005054445.1	1248578	1248943	19.200	0
TguLTR5b	NW_005054445.1	1345931	1345999	14.700	0
TguLTR5b	NW_005054445.1	1382763	1383302	14.600	0
TguLTR11	NW_005054445.1	1550808	1550982	15.300	0
TguLTR11	NW_005054445.1	1551525	1551749	19.800	0
TguLTR11	NW_005054445.1	1580317	1580695	19.700	0
TguLTRL4c	NW_005054445.1	1590756	1591260	17.300	0
TguLTRL4c	NW_005054445.1	1591276	1591351	14.700	0
TguLTR5a	NW_005054445.1	1685571	1686094	21.400	0
TguLTRL6b	NW_005054446.1	561372	561515	25.100	0
TguLTRL4b	NW_005054446.1	608738	609103	14.900	0
TguLTRL4b	NW_005054446.1	641897	642032	23.400	0
TguLTR11	NW_005054446.1	1063791	1063871	16.000	0
TguLTRL4b	NW_005054446.1	1486515	1486614	17.900	0
TguLTRL4b	NW_005054446.1	1487132	1487833	26.200	0
TguLTRL4b	NW_005054446.1	1622828	1623007	17.500	0
TguLTRL4c	NW_005054447.1	85237	85465	21.400	0
TguLTRL4c	NW_005054447.1	241916	242135	18.500	0
TguLTR5b	NW_005054447.1	360253	360333	17.500	0
TguLTR5b	NW_005054447.1	361807	361887	18.800	0
TguLTR5c	NW_005054447.1	638746	639273	25.500	0
TguLTRL4b	NW_005054447.1	1585907	1586019	27.700	0
TguLTR5d	NW_005054448.1	632324	632562	28.900	0
TguLTR5a	NW_005054448.1	722650	722778	26.600	0
TguLTR5a	NW_005054448.1	722798	723076	23.700	0
TguLTR5a	NW_005054448.1	1002996	1003244	29.000	0
TguLTRL4b	NW_005054448.1	1058648	1058900	23.000	0
TguLTRL4c	NW_005054448.1	1106012	1106160	28.300	0
TguLTRL4b	NW_005054448.1	1107101	1107221	18.300	0
TguLTR11	NW_005054448.1	1232324	1232555	23.000	0
TguLTRL4b	NW_005054448.1	1238667	1238854	24.400	0
TguLTRL4b	NW_005054448.1	1239103	1239782	23.600	0
TguLTRL4b	NW_005054448.1	1278551	1278746	25.000	0
TguLTRL4b	NW_005054448.1	1279098	1279964	25.100	0
TguLTRL4b	NW_005054448.1	1286443	1286499	30.400	0
TguLTR5b	NW_005054448.1	1290749	1291127	19.900	0
TguLTR5b	NW_005054448.1	1292044	1292249	17.100	0
TguLTRL4b	NW_005054448.1	1294089	1294284	23.400	0
TguLTRL4b	NW_005054448.1	1294634	1294927	22.300	0
TguLTRL4b	NW_005054448.1	1294953	1295399	24.900	0
TguLTR6a	NW_005054448.1	1308404	1308771	24.000	0
TguLTRL4c	NW_005054448.1	1364557	1365047	18.300	0
TguLTR6a	NW_005054448.1	1505304	1505556	15.800	0
TguLTRL6b	NW_005054448.1	1505639	1505807	15.500	0
TguLTR6a	NW_005054448.1	1531353	1531764	20.600	0
TguLTRL6b	NW_005054448.1	1575755	1575940	17.700	0
TguLTRL6b	NW_005054448.1	1575975	1576200	17.700	0
TguLTR5a	NW_005054448.1	1657921	1658433	20.200	0
TguLTR5d	NW_005054448.1	1663289	1663608	21.100	0
TguLTR5d	NW_005054448.1	1663740	1663971	20.400	0
TguLTR5d	NW_005054449.1	21679	21877	22.100	0
TguLTR5a	NW_005054449.1	77918	78425	24.300	0
TguLTR5d	NW_005054449.1	307094	307239	17.900	0
TguLTR11	NW_005054449.1	421039	421086	17.000	0
TguLTRL4c	NW_005054449.1	537244	537351	12.200	0
TguLTR5d	NW_005054449.1	565116	565290	18.900	0
TguLTRL4d	NW_005054449.1	878737	878863	26.200	0
TguLTRL4d	NW_005054449.1	878918	879101	22.400	0
TguLTR5d	NW_005054449.1	1214013	1214114	19.400	0
TguLTRL4c	NW_005054449.1	1563720	1563878	19.800	0
TguLTRL4c	NW_005054450.1	182324	182382	22.400	0
TguLTRL4c	NW_005054450.1	183292	183378	27.900	0
TguLTR5c	NW_005054450.1	1118923	1119014	24.200	0
TguLTR5d	NW_005054450.1	1302990	1303179	16.900	0
TguLTR5d	NW_005054450.1	1303197	1303271	17.600	0
TguLTRL4c	NW_005054451.1	156341	156627	22.300	0
TguLTRL4c	NW_005054451.1	190531	190835	24.300	0
TguLTR5c	NW_005054451.1	295502	295907	20.600	0
TguLTR5c	NW_005054451.1	295931	296028	14.400	0
TguLTRL4c	NW_005054451.1	345380	345505	21.600	0
TguLTR6a	NW_005054451.1	747660	747923	19.500	0
TguLTR5d	NW_005054451.1	1012029	1012116	11.500	0
TguLTR5b	NW_005054452.1	138	378	21.800	0
TguLTR5b	NW_005054452.1	877	1007	23.200	0
TguLTR5a	NW_005054452.1	1007	1627	21.100	0
TguLTR5b	NW_005054452.1	1627	1795	18.400	0
TguLTR5b	NW_005054452.1	117484	117576	20.600	0
TguLTR5d	NW_005054452.1	119530	119613	13.200	0
TguLTR5b	NW_005054452.1	128174	128244	18.600	0
TguLTR5b	NW_005054452.1	128497	128581	11.900	0
TguLTRL4c	NW_005054452.1	144375	144602	22.900	0
TguLTR11	NW_005054452.1	259004	259158	13.200	0
TguLTR11	NW_005054452.1	259217	259324	13.100	0
TguLTRL4c	NW_005054452.1	353585	353709	15.300	0
TguLTR5a	NW_005054452.1	363574	363919	17.100	0
TguLTR5a	NW_005054452.1	474431	474766	22.000	0
TguLTR5a	NW_005054452.1	476297	476632	21.700	0
TguLTR5a	NW_005054452.1	531280	531726	25.400	0
TguLTRL4b	NW_005054452.1	625705	625795	20.000	0
TguLTRL4b	NW_005054452.1	626477	626523	10.900	0
TguLTRL4d	NW_005054452.1	637245	637465	25.000	0
TguLTRL4b	NW_005054452.1	737457	737556	17.200	0
TguLTRL4b	NW_005054452.1	737587	737754	19.800	0
TguLTRL4c	NW_005054452.1	816559	816770	17.600	0
TguLTR5a	NW_005054452.1	889855	889952	22.700	0
TguLTR5a	NW_005054452.1	890406	890749	23.100	0
TguLTR5a	NW_005054452.1	956400	956595	18.900	0
TguLTR5a	NW_005054452.1	956975	957277	21.400	0
TguLTRL4c	NW_005054452.1	1010507	1010944	20.400	0
TguLTRL4c	NW_005054452.1	1011532	1011750	17.400	0
TguLTR11	NW_005054452.1	1166949	1167075	21.200	0
TguLTRL4c	NW_005054452.1	1187408	1187478	18.600	0
TguLTR5a	NW_005054452.1	1385154	1385224	18.600	0
TguLTR5a	NW_005054452.1	1553845	1553910	13.800	0
TguLTR6a	NW_005054453.1	11659	11923	22.800	0
TguLTRL4c	NW_005054453.1	52348	52492	23.100	0
TguLTRL4c	NW_005054453.1	52924	53814	32.100	0
TguLTRL4b	NW_005054453.1	119521	120405	29.800	0
TguLTR5b	NW_005054453.1	154943	155237	12.200	0
TguLTRL4b	NW_005054453.1	155237	155662	20.600	0
TguLTRL4b	NW_005054453.1	234777	235192	22.100	0
TguLTRL4b	NW_005054453.1	273569	274400	27.500	0
TguLTRL4b	NW_005054453.1	274621	274810	20.500	0
TguLTRL4b	NW_005054453.1	361726	362045	24.800	0
TguLTR11	NW_005054453.1	368034	368186	18.500	0
TguLTR11	NW_005054453.1	368656	368913	16.500	0
TguLTRL4b	NW_005054453.1	413951	414133	20.800	0
TguLTRL4b	NW_005054453.1	414354	414623	25.000	0
TguLTRL4b	NW_005054453.1	414916	415353	23.600	0
TguLTR11	NW_005054453.1	441158	441238	25.000	0
TguLTR11	NW_005054453.1	441662	441915	18.400	0
TguLTRL4c	NW_005054453.1	483666	483952	18.200	0
TguLTRL4c	NW_005054453.1	483953	484106	12.800	0
TguLTR11	NW_005054453.1	558189	558295	15.400	0
TguLTRL4c	NW_005054453.1	562394	562705	17.100	0
TguLTR11	NW_005054453.1	597486	597751	23.300	0
TguLTR5b	NW_005054453.1	609465	610034	13.200	0
TguLTRL4b	NW_005054453.1	660816	660992	19.100	0
TguLTRL4c	NW_005054453.1	663224	663461	21.800	0
TguLTR5d	NW_005054453.1	665171	665234	22.200	0
TguLTR5a	NW_005054453.1	682436	682996	21.300	0
TguLTRL4c	NW_005054453.1	712615	713165	17.600	0
TguLTRL4c	NW_005054453.1	713165	713263	25.500	0
TguLTRL4b	NW_005054453.1	812351	813533	21.400	0
TguLTR11	NW_005054453.1	920424	920573	16.700	0
TguLTR5a	NW_005054453.1	924118	924226	14.800	0
TguLTRL4d	NW_005054453.1	1258085	1258574	26.600	0
TguLTR5b	NW_005054453.1	1272661	1273223	13.400	0
TguLTR5d	NW_005054453.1	1423971	1424486	25.000	0
TguLTR5d	NW_005054453.1	1481694	1482039	16.300	0
TguLTRL4d	NW_005054454.1	38002	38209	29.000	0
TguLTR5d	NW_005054454.1	451793	451937	22.400	0
TguLTR5b	NW_005054454.1	1025974	1026071	18.900	0
TguLTRL4c	NW_005054454.1	1123642	1124174	19.300	0
TguLTRL4c	NW_005054454.1	1487489	1488058	23.200	0
TguLTR11	NW_005054454.1	1515366	1515550	23.600	0
TguLTRL4c	NW_005054455.1	21112	22166	22.900	0
TguLTR5d	NW_005054455.1	40417	40941	23.400	0
TguLTRL4d	NW_005054455.1	42984	43250	25.900	0
TguLTRL4d	NW_005054455.1	87636	87854	20.400	0
TguLTRL4d	NW_005054455.1	112460	112530	18.600	0
TguLTR5d	NW_005054455.1	298117	298419	22.100	0
TguLTR5a	NW_005054455.1	505672	506231	20.300	0
TguLTRL4c	NW_005054455.1	514663	514794	18.600	0
TguLTRL4d	NW_005054455.1	537537	537632	20.400	0
TguLTRL4c	NW_005054455.1	645098	645211	17.200	0
TguLTRL4c	NW_005054455.1	645224	645682	23.600	0
TguLTRL4d	NW_005054455.1	703708	703944	21.800	0
TguLTRL4d	NW_005054455.1	757967	758153	19.300	0
TguLTRL4d	NW_005054455.1	758463	758544	18.500	0
TguLTR5d	NW_005054455.1	1012165	1012704	19.100	0
TguLTRL4d	NW_005054455.1	1058217	1058419	29.800	0
TguLTRL4d	NW_005054455.1	1157286	1157619	23.800	0
TguLTR5d	NW_005054455.1	1234480	1234595	18.100	0
TguLTR5e	NW_005054455.1	1378466	1378717	24.400	0
TguLTR5a	NW_005054455.1	1407269	1407703	25.000	0
TguLTR5d	NW_005054455.1	1478562	1478685	23.800	0
TguLTRL4d	NW_005054455.1	1548009	1548310	20.000	0
TguLTR5e	NW_005054455.1	1560781	1560965	20.600	0
TguLTR5a	NW_005054456.1	682358	682566	20.100	0
TguLTR5e	NW_005054456.1	962744	962861	27.600	0
TguLTR5b	NW_005054456.1	999679	1000240	15.200	0
TguLTR5a	NW_005054456.1	1537849	1538365	20.700	0
TguLTR5d	NW_005054457.1	323974	324314	25.600	0
TguLTR5a	NW_005054457.1	413779	414029	20.900	0
TguLTR11	NW_005054457.1	599294	599470	20.200	0
TguLTRL4b	NW_005054457.1	763606	763772	16.900	0
TguLTR5e	NW_005054457.1	1122141	1122254	28.300	0
TguLTR5c	NW_005054458.1	64026	64473	16.600	0
TguLTR5d	NW_005054458.1	174924	175310	18.900	0
TguLTR5d	NW_005054458.1	208135	208715	13.500	0
TguLTR5d	NW_005054458.1	612583	613163	17.200	0
TguLTR5e	NW_005054458.1	657377	657661	27.200	0
TguLTR5e	NW_005054458.1	665365	665649	26.900	0
TguLTR11	NW_005054459.1	4029	4178	18.200	0
TguLTR11	NW_005054459.1	4730	4957	19.400	0
TguLTRL4b	NW_005054459.1	305280	305578	31.200	0
TguLTRL4b	NW_005054459.1	305820	306041	31.700	0
TguLTRL4b	NW_005054459.1	317614	317868	31.600	0
TguLTRL4b	NW_005054459.1	544178	544380	22.800	0
TguLTRL4b	NW_005054459.1	544757	545546	26.700	0
TguLTR5c	NW_005054459.1	1454240	1454758	21.100	0
TguLTRL4c	NW_005054460.1	35326	35505	21.600	0
TguLTRL4c	NW_005054460.1	40133	40244	20.900	0
TguLTR5d	NW_005054460.1	65684	66241	21.800	0
TguLTR5b	NW_005054460.1	113769	113876	11.200	0
TguLTRL4d	NW_005054460.1	130166	130843	21.700	0
TguLTR5a	NW_005054460.1	165312	165893	19.400	0
TguLTR5b	NW_005054460.1	191946	192526	13.100	0
TguLTR5c	NW_005054460.1	194288	194434	15.200	0
TguLTRL4c	NW_005054460.1	200454	200684	20.300	0
TguLTRL4c	NW_005054460.1	201292	201573	19.600	0
TguLTRL4c	NW_005054460.1	219278	219572	19.700	0
TguLTR5a	NW_005054460.1	219599	220165	16.900	0
TguLTRL4c	NW_005054460.1	220165	220730	21.000	0
TguLTR11	NW_005054460.1	230062	230456	19.400	0
TguLTRL4b	NW_005054460.1	275567	276253	20.300	0
TguLTR5a	NW_005054460.1	431521	432083	23.000	0
TguLTR5a	NW_005054460.1	569842	570386	26.000	0
TguLTR5a	NW_005054460.1	583499	584101	22.600	0
TguLTRL4b	NW_005054460.1	628137	629187	14.800	0
TguLTRL4b	NW_005054460.1	675777	676312	14.100	0
TguLTR5a	NW_005054460.1	730647	730790	17.100	0
TguLTR5a	NW_005054460.1	730861	731281	18.200	0
TguLTRL6b	NW_005054460.1	777584	777746	24.700	0
TguLTR5d	NW_005054460.1	797927	798124	16.800	0
TguLTR5d	NW_005054460.1	969775	970303	21.100	0
TguLTRL4d	NW_005054460.1	1101374	1101607	29.400	0
TguLTRL4d	NW_005054460.1	1101760	1101872	28.400	0
TguLTR5c	NW_005054460.1	1144047	1144427	20.800	0
TguLTRL4d	NW_005054460.1	1170048	1170147	26.500	0
TguLTRL4d	NW_005054460.1	1170485	1171163	24.600	0
TguLTRL4c	NW_005054460.1	1207215	1208217	21.400	0
TguLTRL4c	NW_005054460.1	1238210	1238537	22.200	0
TguLTRL4d	NW_005054460.1	1364502	1365379	25.500	0
TguLTRL4c	NW_005054460.1	1373903	1374987	16.700	0
TguLTR11	NW_005054460.1	1489167	1490087	16.100	0
TguLTRL4c	NW_005054461.1	27987	28119	18.900	0
TguLTRL4c	NW_005054461.1	28424	28825	20.800	0
TguLTRL4c	NW_005054461.1	29227	29575	20.500	0
TguLTR5e	NW_005054461.1	45777	46398	24.000	0
TguLTR6a	NW_005054461.1	79206	79636	17.800	0
TguLTR11	NW_005054461.1	104360	104681	15.800	0
TguLTR5b	NW_005054461.1	118148	118429	11.400	0
TguLTR5d	NW_005054461.1	120391	120964	21.100	0
TguLTR6a	NW_005054461.1	151070	151510	27.500	0
TguLTRL4c	NW_005054461.1	165870	166934	23.400	0
TguLTR11	NW_005054461.1	182296	182556	12.300	0
TguLTRL4c	NW_005054461.1	293136	293341	21.100	0
TguLTRL6b	NW_005054461.1	324054	324486	17.900	0
TguLTRL4d	NW_005054461.1	332077	332292	22.100	0
TguLTRL4b	NW_005054461.1	356473	357488	16.700	0
TguLTR5d	NW_005054461.1	362665	362842	18.500	0
TguLTR5a	NW_005054461.1	389133	389218	23.800	0
TguLTRL4b	NW_005054461.1	439892	440391	23.900	0
TguLTRL4c	NW_005054461.1	453788	453864	17.300	0
TguLTRL4c	NW_005054461.1	513918	514936	23.400	0
TguLTR5a	NW_005054461.1	565143	565516	22.900	0
TguLTR5a	NW_005054461.1	565550	565606	19.600	0
TguLTR5e	NW_005054461.1	586819	586960	28.400	0
TguLTR5d	NW_005054461.1	639530	640062	19.400	0
TguLTR5d	NW_005054461.1	650432	650805	19.600	0
TguLTR11	NW_005054461.1	658094	658217	23.800	0
TguLTR5a	NW_005054461.1	666334	666707	25.100	0
TguLTR5a	NW_005054461.1	709481	709969	25.900	0
TguLTR5e	NW_005054461.1	743122	743265	29.100	0
TguLTR5d	NW_005054461.1	774626	775002	19.800	0
TguLTRL4c	NW_005054461.1	805619	806310	21.100	0
TguLTRL4d	NW_005054461.1	853204	853681	25.100	0
TguLTRL4d	NW_005054461.1	899643	900281	26.200	0
TguLTRL4d	NW_005054461.1	900349	900507	27.700	0
TguLTRL6b	NW_005054461.1	1036611	1036702	14.300	0
TguLTRL4d	NW_005054461.1	1051583	1051993	19.200	0
TguLTRL4c	NW_005054461.1	1077076	1077610	23.300	0
TguLTR5a	NW_005054461.1	1086033	1086182	18.800	0
TguLTRL4d	NW_005054461.1	1088061	1088414	29.000	0
TguLTR5d	NW_005054461.1	1146019	1146620	17.600	0
TguLTR5e	NW_005054461.1	1152030	1152452	26.100	0
TguLTR5e	NW_005054461.1	1171101	1171285	29.300	0
TguLTRL4c	NW_005054461.1	1176953	1178032	19.000	0
TguLTRL4c	NW_005054461.1	1206564	1207407	16.700	0
TguLTR6a	NW_005054461.1	1213698	1213893	15.000	0
TguLTRL4c	NW_005054461.1	1314940	1315351	18.000	0
TguLTRL4b	NW_005054461.1	1318713	1319716	21.100	0
TguLTR5a	NW_005054461.1	1380425	1381000	17.800	0
TguLTR5b	NW_005054461.1	1439184	1439753	19.700	0
TguLTR5b	NW_005054462.1	33752	33919	12.200	0
TguLTR5b	NW_005054462.1	33923	34202	10.000	0
TguLTRL4b	NW_005054462.1	102122	103109	24.000	0
TguLTR5d	NW_005054462.1	136937	137207	18.500	0
TguLTR6a	NW_005054462.1	149952	150402	24.400	0
TguLTR5e	NW_005054462.1	193095	193526	30.100	0
TguLTR5e	NW_005054462.1	343985	344506	27.500	0
TguLTRL4b	NW_005054462.1	374505	374923	19.600	0
TguLTR5e	NW_005054462.1	438328	438843	28.200	0
TguLTR5e	NW_005054462.1	439584	440124	29.300	0
TguLTR5c	NW_005054462.1	480667	481006	23.600	0
TguLTR5c	NW_005054462.1	490850	491383	16.500	0
TguLTRL4b	NW_005054462.1	493052	493859	25.800	0
TguLTRL4b	NW_005054462.1	495151	495280	23.400	0
TguLTR5e	NW_005054462.1	515371	515480	23.000	0
TguLTR5e	NW_005054462.1	566081	566331	30.000	0
TguLTR5b	NW_005054462.1	617876	618295	16.100	0
TguLTRL4b	NW_005054462.1	632073	633073	16.200	0
TguLTRL6b	NW_005054462.1	651934	652259	27.200	0
TguLTRL6b	NW_005054462.1	652297	652422	25.000	0
TguLTR6a	NW_005054462.1	665785	666068	17.600	0
TguLTRL6b	NW_005054462.1	666214	666384	23.500	0
TguLTR5a	NW_005054462.1	690773	691358	19.900	0
TguLTR5a	NW_005054462.1	710988	711426	23.400	0
TguLTR5a	NW_005054462.1	711462	711593	23.400	0
TguLTRL4c	NW_005054462.1	802545	803588	19.600	0
TguLTR5d	NW_005054462.1	902266	902845	20.700	0
TguLTRL4c	NW_005054462.1	954160	955031	19.400	0
TguLTR5b	NW_005054462.1	1003852	1004145	16.500	0
TguLTR5d	NW_005054462.1	1016404	1016728	18.200	0
TguLTR5d	NW_005054462.1	1036850	1037432	16.700	0
TguLTR5a	NW_005054462.1	1145290	1145859	19.400	0
TguLTRL6b	NW_005054462.1	1153640	1153793	19.000	0
TguLTR5b	NW_005054462.1	1196347	1196930	15.300	0
TguLTRL4c	NW_005054462.1	1214253	1214710	19.700	0
TguLTRL6b	NW_005054462.1	1268593	1268762	17.800	0
TguLTR6a	NW_005054462.1	1268838	1269102	15.300	0
TguLTR5d	NW_005054462.1	1272947	1273521	17.600	0
TguLTR5e	NW_005054462.1	1293613	1293686	22.200	0
TguLTR5b	NW_005054462.1	1428443	1429036	14.600	0
TguLTRL4b	NW_005054462.1	1434492	1435498	14.600	0
TguLTRL6b	NW_005054463.1	131405	131536	20.700	0
TguLTRL4b	NW_005054463.1	186156	186909	22.500	0
TguLTRL4b	NW_005054463.1	187363	187552	17.300	0
TguLTRL4b	NW_005054463.1	341022	341968	23.200	0
TguLTR5b	NW_005054463.1	461241	461573	20.100	0
TguLTR5a	NW_005054463.1	494972	495032	23.700	0
TguLTRL4b	NW_005054463.1	669433	669672	21.600	0
TguLTRL4b	NW_005054463.1	800141	801165	18.900	0
TguLTR11	NW_005054463.1	869412	869552	23.300	0
TguLTR5a	NW_005054463.1	948331	948808	23.800	0
TguLTRL4b	NW_005054463.1	1015102	1015291	20.000	0
TguLTRL4b	NW_005054463.1	1015533	1016392	23.900	0
TguLTRL4c	NW_005054464.1	6189	6361	19.200	0
TguLTRL4b	NW_005054464.1	13488	13725	18.300	0
TguLTR11	NW_005054464.1	25428	25668	19.100	0
TguLTR11	NW_005054464.1	25719	25971	23.500	0
TguLTR5c	NW_005054464.1	37103	37684	19.100	0
TguLTR5b	NW_005054464.1	67177	67770	16.700	0
TguLTRL4b	NW_005054464.1	77027	77909	18.100	0
TguLTRL4b	NW_005054464.1	77934	78122	18.100	0
TguLTRL4c	NW_005054464.1	105770	106837	21.400	0
TguLTRL4d	NW_005054464.1	137952	138837	27.300	0
TguLTR5b	NW_005054464.1	197792	198377	13.600	0
TguLTR5c	NW_005054464.1	235984	236571	18.800	0
TguLTR11	NW_005054464.1	236771	236991	27.000	0
TguLTR11	NW_005054464.1	237033	237299	14.500	0
TguLTRL4c	NW_005054464.1	249725	250468	20.800	0
TguLTRL4b	NW_005054464.1	264396	264456	15.300	0
TguLTR6a	NW_005054464.1	279227	279738	18.400	0
TguLTR5d	NW_005054464.1	312785	313360	19.200	0
TguLTR5a	NW_005054464.1	351076	351257	15.100	0
TguLTR5e	NW_005054464.1	375283	375501	29.300	0
TguLTR5e	NW_005054464.1	375524	375801	26.000	0
TguLTR5b	NW_005054464.1	379292	379883	14.600	0
TguLTRL4c	NW_005054464.1	472381	473420	26.300	0
TguLTRL4b	NW_005054464.1	631724	632149	15.000	0
TguLTR5d	NW_005054464.1	680125	680716	19.300	0
TguLTR6a	NW_005054464.1	753527	753954	20.700	0
TguLTRL4c	NW_005054464.1	753959	754815	19.400	0
TguLTR5a	NW_005054464.1	786693	787229	24.100	0
TguLTRL4c	NW_005054464.1	1077253	1077404	26.600	0
TguLTR5b	NW_005054464.1	1089826	1089887	21.300	0
TguLTR5b	NW_005054464.1	1106030	1106590	15.500	0
TguLTR5c	NW_005054464.1	1113640	1114222	20.400	0
TguLTR5e	NW_005054464.1	1215753	1216095	27.800	0
TguLTR5a	NW_005054464.1	1274597	1274711	21.900	0
TguLTR11	NW_005054464.1	1281699	1281959	16.900	0
TguLTR5b	NW_005054464.1	1298767	1299349	15.700	0
TguLTRL4b	NW_005054464.1	1329961	1330156	14.900	0
TguLTRL4d	NW_005054464.1	1354898	1355245	29.000	0
TguLTR5a	NW_005054464.1	1378128	1378542	20.400	0
TguLTR5a	NW_005054464.1	1391816	1392326	22.400	0
TguLTR5b	NW_005054464.1	1401692	1402184	18.100	0
TguLTR5b	NW_005054464.1	1444509	1445096	16.200	0
TguLTRL4c	NW_005054465.1	161072	161233	19.900	0
TguLTRL4c	NW_005054465.1	161252	161514	23.800	0
TguLTR5c	NW_005054465.1	224989	225410	19.700	0
TguLTR5c	NW_005054465.1	225749	225931	18.500	0
TguLTR5c	NW_005054465.1	226329	226512	18.500	0
TguLTR5d	NW_005054465.1	370682	370916	18.400	0
TguLTR5d	NW_005054465.1	370941	371054	18.400	0
TguLTR5e	NW_005054465.1	1258252	1258799	26.300	0
TguLTR5a	NW_005054466.1	1257477	1257847	27.600	0
TguLTR5b	NW_005054467.1	12721	13293	17.100	0
TguLTRL6b	NW_005054467.1	18794	19101	23.600	0
TguLTR5b	NW_005054467.1	68767	68824	14.000	0
TguLTR5d	NW_005054467.1	146598	147176	22.500	0
TguLTR5d	NW_005054467.1	223460	224004	21.400	0
TguLTR5b	NW_005054467.1	249856	249943	21.800	0
TguLTR5b	NW_005054467.1	259276	259417	13.500	0
TguLTR5b	NW_005054467.1	259681	259798	20.000	0
TguLTRL4d	NW_005054467.1	273804	274474	28.500	0
TguLTR5a	NW_005054467.1	365801	366366	20.800	0
TguLTR5b	NW_005054467.1	378247	378824	16.000	0
TguLTR5d	NW_005054467.1	386168	386698	21.600	0
TguLTRL4d	NW_005054467.1	405216	405560	27.400	0
TguLTRL4d	NW_005054467.1	405624	405775	22.100	0
TguLTR5d	NW_005054467.1	447923	448117	16.000	0
TguLTR5b	NW_005054467.1	464926	465250	11.800	0
TguLTRL4d	NW_005054467.1	467409	467996	26.400	0
TguLTR5d	NW_005054467.1	514342	514406	18.800	0
TguLTR5d	NW_005054467.1	568434	568502	13.200	0
TguLTRL4b	NW_005054467.1	569394	570428	20.700	0
TguLTR5d	NW_005054467.1	657736	658250	15.600	0
TguLTRL4d	NW_005054467.1	662592	662749	23.100	0
TguLTR5b	NW_005054467.1	670664	671253	15.700	0
TguLTR5d	NW_005054467.1	672460	672978	20.800	0
TguLTR5a	NW_005054467.1	675644	675881	22.400	0
TguLTRL4c	NW_005054467.1	676273	676480	23.800	0
TguLTR5a	NW_005054467.1	680883	681078	28.500	0
TguLTRL4c	NW_005054467.1	690721	691068	22.500	0
TguLTR5b	NW_005054467.1	694140	694607	17.500	0
TguLTR11	NW_005054467.1	695552	695918	19.300	0
TguLTR5a	NW_005054467.1	703058	703241	21.800	0
TguLTR5d	NW_005054467.1	707053	707123	22.900	0
TguLTRL4d	NW_005054467.1	743428	743959	28.200	0
TguLTRL4d	NW_005054467.1	743966	744108	23.200	0
TguLTR5d	NW_005054467.1	748171	748459	18.500	0
TguLTR5d	NW_005054467.1	748582	748679	28.400	0
TguLTRL4d	NW_005054467.1	777783	778145	28.200	0
TguLTRL4c	NW_005054467.1	778178	778306	26.600	0
TguLTR5d	NW_005054467.1	819135	819312	16.600	0
TguLTR5d	NW_005054467.1	819312	819394	20.700	0
TguLTR5a	NW_005054467.1	835830	836374	20.700	0
TguLTR5a	NW_005054467.1	955082	955143	24.600	0
TguLTRL4d	NW_005054467.1	972107	972414	32.100	0
TguLTRL4c	NW_005054467.1	1234535	1235642	23.700	0
TguLTRL4c	NW_005054467.1	1294643	1295218	26.300	0
TguLTRL4d	NW_005054467.1	1315380	1315595	26.900	0
TguLTRL4d	NW_005054467.1	1315676	1315974	24.500	0
TguLTRL4b	NW_005054467.1	1340228	1341267	21.000	0
TguLTR5e	NW_005054467.1	1363829	1364373	28.300	0
TguLTRL4b	NW_005054467.1	1384748	1385795	20.500	0
TguLTRL4d	NW_005054468.1	49579	49784	22.900	0
TguLTRL4d	NW_005054468.1	50540	50719	28.100	0
TguLTR5e	NW_005054468.1	50876	51342	29.300	0
TguLTR11	NW_005054468.1	63427	63663	21.400	0
TguLTR11	NW_005054468.1	63744	63857	14.400	0
TguLTR5d	NW_005054468.1	163278	163374	18.800	0
TguLTR5d	NW_005054468.1	164628	164958	17.300	0
TguLTR5d	NW_005054468.1	165064	165183	20.500	0
TguLTR5e	NW_005054468.1	165300	165394	20.200	0
TguLTR5d	NW_005054468.1	166417	166536	20.500	0
TguLTR5e	NW_005054468.1	166653	166747	20.200	0
TguLTR5d	NW_005054468.1	169512	169637	20.300	0
TguLTR5a	NW_005054468.1	176149	176223	18.500	0
TguLTR5a	NW_005054468.1	218421	218958	23.600	0
TguLTR5b	NW_005054468.1	257397	257918	17.900	0
TguLTRL4b	NW_005054468.1	401090	401694	18.800	0
TguLTRL4c	NW_005054468.1	729707	730126	20.600	0
TguLTR5d	NW_005054468.1	744934	745301	20.100	0
TguLTR5d	NW_005054468.1	745324	745425	20.800	0
TguLTR5d	NW_005054468.1	820540	820628	15.900	0
TguLTR5d	NW_005054468.1	820688	821147	23.500	0
TguLTRL4d	NW_005054468.1	953356	953435	20.200	0
TguLTR5d	NW_005054468.1	1192793	1193195	19.400	0
TguLTR5d	NW_005054468.1	1193218	1193315	21.600	0
TguLTR5b	NW_005054468.1	1239155	1239707	20.300	0
TguLTR5e	NW_005054468.1	1281589	1281661	23.600	0
TguLTR5e	NW_005054468.1	1281737	1281872	25.900	0
TguLTR6a	NW_005054468.1	1343060	1343117	21.100	0
TguLTRL4b	NW_005054468.1	1386187	1387254	19.400	0
TguLTRL4b	NW_005054468.1	1415650	1416324	21.300	0
TguLTRL4b	NW_005054469.1	149950	150505	17.900	0
TguLTRL4b	NW_005054469.1	150914	151393	19.400	0
TguLTRL4d	NW_005054469.1	432121	432288	19.700	0
TguLTRL4b	NW_005054469.1	590133	590914	18.600	0
TguLTRL4c	NW_005054469.1	833650	834849	21.300	0
TguLTR5d	NW_005054469.1	1162331	1162433	25.500	0
TguLTR5d	NW_005054469.1	1163067	1163501	15.100	0
TguLTRL4d	NW_005054469.1	1193888	1194184	24.200	0
TguLTRL4b	NW_005054469.1	1343918	1344477	19.800	0
TguLTRL4b	NW_005054469.1	1344856	1345359	21.400	0
TguLTR5d	NW_005054470.1	98832	99396	16.500	0
TguLTR5d	NW_005054470.1	225943	226531	14.000	0
TguLTRL4c	NW_005054470.1	257823	258815	20.800	0
TguLTR5d	NW_005054470.1	501898	502188	11.000	0
TguLTR5d	NW_005054470.1	502803	503050	17.800	0
TguLTR5d	NW_005054470.1	550589	551185	15.300	0
TguLTR5a	NW_005054470.1	560710	560876	17.700	0
TguLTR5a	NW_005054470.1	560882	560941	16.900	0
TguLTRL4c	NW_005054470.1	600337	600513	17.100	0
TguLTR5d	NW_005054470.1	610002	610535	17.300	0
TguLTR5a	NW_005054470.1	634680	634769	22.500	0
TguLTR5a	NW_005054470.1	635152	635644	19.900	0
TguLTRL4c	NW_005054470.1	697920	698377	19.000	0
TguLTRL6b	NW_005054470.1	838878	839048	22.400	0
TguLTR5a	NW_005054470.1	892788	893373	23.700	0
TguLTR5a	NW_005054470.1	980282	980361	21.500	0
TguLTR5a	NW_005054470.1	994313	994694	19.400	0
TguLTR5a	NW_005054470.1	994789	994964	19.200	0
TguLTR5b	NW_005054470.1	1006072	1006658	17.400	0
TguLTRL4b	NW_005054470.1	1104796	1105100	18.400	0
TguLTR11	NW_005054470.1	1120128	1120530	16.600	0
TguLTR5b	NW_005054470.1	1150974	1151551	13.900	0
TguLTRL4c	NW_005054470.1	1154059	1154491	18.700	0
TguLTR11	NW_005054470.1	1158897	1159057	28.300	0
TguLTR11	NW_005054470.1	1159524	1159752	17.400	0
TguLTRL4c	NW_005054470.1	1299872	1300660	27.200	0
TguLTR5b	NW_005054470.1	1313642	1314220	14.900	0
TguLTRL6b	NW_005054471.1	178202	178517	21.900	0
TguLTR6a	NW_005054471.1	178635	178696	18.300	0
TguLTR5a	NW_005054471.1	505145	505733	22.000	0
TguLTR5a	NW_005054471.1	521073	521225	21.700	0
TguLTR5a	NW_005054471.1	523338	523614	17.000	0
TguLTR5e	NW_005054471.1	595856	596441	24.100	0
TguLTRL4c	NW_005054471.1	855138	856229	19.600	0
TguLTR5d	NW_005054471.1	940530	941090	17.600	0
TguLTR5a	NW_005054471.1	1042184	1042668	20.500	0
TguLTR5a	NW_005054471.1	1042717	1042798	20.500	0
TguLTR5d	NW_005054471.1	1280549	1281078	19.300	0
TguLTR5d	NW_005054471.1	1300086	1300673	17.000	0
TguLTRL4c	NW_005054471.1	1373083	1373538	20.200	0
TguLTR5d	NW_005054472.1	887838	888294	17.400	0
TguLTR5d	NW_005054472.1	1339139	1339286	19.300	0
TguLTR5d	NW_005054472.1	1339617	1340029	18.900	0
TguLTRL4b	NW_005054473.1	272877	273851	24.400	0
TguLTRL4b	NW_005054473.1	274102	274524	17.800	0
TguLTR5a	NW_005054473.1	588819	588900	19.400	0
TguLTR5a	NW_005054473.1	588969	589446	21.900	0
TguLTRL4b	NW_005054473.1	589494	590570	18.000	0
TguLTRL6b	NW_005054473.1	635270	635681	18.000	0
TguLTR5a	NW_005054473.1	636129	636328	23.900	0
TguLTRL4d	NW_005054473.1	637316	638051	28.100	0
TguLTR5e	NW_005054473.1	672309	672431	34.400	0
TguLTR5b	NW_005054473.1	1038720	1039309	15.100	0
TguLTR5b	NW_005054473.1	1268633	1269227	14.800	0
TguLTR11	NW_005054473.1	1382737	1382846	27.400	0
TguLTR5d	NW_005054474.1	130658	130773	29.800	0
TguLTR5d	NW_005054474.1	130775	130951	20.400	0
TguLTR5d	NW_005054474.1	178344	178652	27.100	0
TguLTR5d	NW_005054474.1	178776	178914	39.900	0
TguLTRL4b	NW_005054474.1	193466	193871	17.600	0
TguLTRL4c	NW_005054474.1	236721	237775	23.500	0
TguLTRL4c	NW_005054474.1	238373	238483	20.200	0
TguLTR5d	NW_005054474.1	260400	260649	21.500	0
TguLTR5e	NW_005054474.1	290555	290715	26.800	0
TguLTRL4c	NW_005054474.1	316021	316324	15.900	0
TguLTR5a	NW_005054474.1	481103	481275	13.900	0
TguLTRL4c	NW_005054474.1	630062	630325	17.900	0
TguLTRL4c	NW_005054474.1	630776	631005	17.100	0
TguLTR5a	NW_005054474.1	675957	676414	20.800	0
TguLTR11	NW_005054475.1	870908	870974	22.700	0
TguLTRL4b	NW_005054476.1	22144	22792	16.600	0
TguLTR5b	NW_005054476.1	36456	36910	16.600	0
TguLTR5e	NW_005054476.1	49519	49738	25.600	0
TguLTRL4d	NW_005054476.1	57130	57303	24.600	0
TguLTRL4b	NW_005054476.1	67556	68508	16.400	0
TguLTR5d	NW_005054476.1	86459	86955	21.500	0
TguLTR5d	NW_005054476.1	87020	87071	7.800	0
TguLTRL4d	NW_005054476.1	118170	118856	30.700	0
TguLTRL4c	NW_005054476.1	124448	125436	23.400	0
TguLTRL4d	NW_005054476.1	165783	166277	31.300	0
TguLTRL4c	NW_005054476.1	168330	169410	21.900	0
TguLTR5e	NW_005054476.1	195545	196072	26.100	0
TguLTRL4b	NW_005054476.1	264838	265882	18.700	0
TguLTRL4c	NW_005054476.1	306233	307094	22.300	0
TguLTRL4c	NW_005054476.1	342966	343179	20.900	0
TguLTR5d	NW_005054476.1	348900	349090	28.300	0
TguLTRL4c	NW_005054476.1	353445	354340	25.300	0
TguLTRL4c	NW_005054476.1	358985	359214	23.100	0
TguLTR5a	NW_005054476.1	385055	385608	21.500	0
TguLTR5a	NW_005054476.1	386571	386826	19.300	0
TguLTR5a	NW_005054476.1	531168	531718	22.800	0
TguLTRL4c	NW_005054476.1	535768	536458	21.000	0
TguLTRL4c	NW_005054476.1	536925	537300	22.200	0
TguLTRL4c	NW_005054476.1	565486	566457	22.000	0
TguLTRL4b	NW_005054476.1	593143	594115	22.000	0
TguLTR5d	NW_005054476.1	615184	615752	22.400	0
TguLTRL6b	NW_005054476.1	710000	710369	31.100	0
TguLTR5b	NW_005054476.1	735452	736025	16.100	0
TguLTR5b	NW_005054476.1	774873	775452	13.200	0
TguLTRL4b	NW_005054476.1	886722	887688	15.000	0
TguLTR5b	NW_005054476.1	904677	905223	12.800	0
TguLTR6a	NW_005054476.1	906123	906560	21.800	0
TguLTR5a	NW_005054476.1	1015397	1015496	20.500	0
TguLTR5a	NW_005054476.1	1015496	1016043	20.000	0
TguLTR5a	NW_005054476.1	1016045	1016544	19.900	0
TguLTRL4b	NW_005054476.1	1060600	1061541	24.100	0
TguLTRL4b	NW_005054476.1	1061786	1062798	24.000	0
TguLTRL4b	NW_005054476.1	1121638	1122151	18.700	0
TguLTRL4b	NW_005054476.1	1122184	1122351	21.700	0
TguLTRL4c	NW_005054476.1	1265903	1266670	24.100	0
TguLTRL6b	NW_005054476.1	1315500	1315659	23.600	0
TguLTR5d	NW_005054476.1	1348389	1348963	20.100	0
TguLTR5d	NW_005054477.1	67495	67611	19.000	0
TguLTR5d	NW_005054477.1	90260	90820	19.000	0
TguLTR5d	NW_005054477.1	109227	109368	21.600	0
TguLTR5d	NW_005054477.1	109393	109742	21.600	0
TguLTRL4c	NW_005054477.1	159858	160149	18.500	0
TguLTR5a	NW_005054477.1	190470	190945	16.600	0
TguLTRL4c	NW_005054477.1	430196	430242	10.900	0
TguLTRL4c	NW_005054477.1	430248	430390	17.400	0
TguLTR5b	NW_005054477.1	629090	629211	16.000	0
TguLTR5b	NW_005054477.1	629244	629728	16.000	0
TguLTR5a	NW_005054477.1	641463	641581	13.200	0
TguLTR5a	NW_005054477.1	641968	642252	20.200	0
TguLTRL4c	NW_005054477.1	652740	653400	20.100	0
TguLTR5c	NW_005054477.1	653415	653662	16.600	0
TguLTRL4c	NW_005054477.1	692874	693371	20.600	0
TguLTRL4d	NW_005054477.1	699293	699482	21.300	0
TguLTRL4c	NW_005054477.1	760773	761012	16.200	0
TguLTR5d	NW_005054477.1	797089	797277	21.100	0
TguLTR11	NW_005054477.1	1008404	1008618	24.600	0
TguLTRL4c	NW_005054477.1	1080263	1080642	20.400	0
TguLTRL4c	NW_005054477.1	1081443	1081881	22.400	0
TguLTR5a	NW_005054477.1	1119516	1120076	21.400	0
TguLTR5c	NW_005054477.1	1122885	1122987	19.600	0
TguLTRL6b	NW_005054477.1	1144651	1144807	20.800	0
TguLTR5d	NW_005054477.1	1191287	1191417	16.100	0
TguLTR5d	NW_005054477.1	1222709	1223248	18.600	0
TguLTRL4c	NW_005054478.1	161660	161725	18.800	0
TguLTR5a	NW_005054478.1	165754	165940	26.700	0
TguLTR11	NW_005054478.1	507643	507945	24.400	0
TguLTRL4c	NW_005054479.1	101570	101974	15.800	0
TguLTR5d	NW_005054479.1	618774	619078	15.800	0
TguLTRL4b	NW_005054479.1	1189186	1189490	18.800	0
TguLTR5d	NW_005054480.1	49117	49508	24.200	0
TguLTR5b	NW_005054480.1	89696	90288	16.100	0
TguLTR5a	NW_005054480.1	94347	94410	15.900	0
TguLTR11	NW_005054480.1	162784	162991	17.900	0
TguLTR11	NW_005054480.1	163073	163315	18.400	0
TguLTR5e	NW_005054480.1	171041	171120	24.100	0
TguLTR5d	NW_005054480.1	416526	417089	16.400	0
TguLTR6a	NW_005054480.1	461685	461961	23.100	0
TguLTRL4c	NW_005054480.1	528067	528926	26.300	0
TguLTR5b	NW_005054480.1	566915	567505	14.600	0
TguLTR5b	NW_005054480.1	586316	586895	16.100	0
TguLTR5a	NW_005054480.1	606574	607156	21.400	0
TguLTR5d	NW_005054480.1	614341	614737	16.500	0
TguLTRL4c	NW_005054480.1	697732	697965	13.600	0
TguLTRL4c	NW_005054480.1	698532	698655	21.400	0
TguLTRL4c	NW_005054480.1	698694	698845	17.200	0
TguLTR5e	NW_005054480.1	717600	717998	26.900	0
TguLTR5d	NW_005054480.1	1134868	1135382	23.000	0
TguLTRL4c	NW_005054480.1	1149280	1150581	23.300	0
TguLTR11	NW_005054480.1	1296565	1296968	17.700	0
TguLTR5a	NW_005054481.1	2107	2605	22.400	0
TguLTR5a	NW_005054481.1	3150	3694	21.900	0
TguLTR5d	NW_005054481.1	5402	5706	22.900	0
TguLTR5d	NW_005054481.1	61139	61536	20.300	0
TguLTRL4d	NW_005054481.1	62372	62636	29.800	0
TguLTR5d	NW_005054481.1	63244	63491	18.400	0
TguLTRL4b	NW_005054481.1	604059	604435	14.400	0
TguLTR5a	NW_005054481.1	635789	635881	25.000	0
TguLTRL4d	NW_005054481.1	639710	639851	34.300	0
TguLTRL4d	NW_005054481.1	639856	640466	20.500	0
TguLTRL4b	NW_005054481.1	739788	740426	20.200	0
TguLTRL4b	NW_005054481.1	741032	741403	20.300	0
TguLTR5c	NW_005054481.1	875045	875163	18.100	0
TguLTRL4b	NW_005054481.1	918967	919158	22.600	0
TguLTRL4b	NW_005054481.1	919515	920391	22.400	0
TguLTRL4b	NW_005054481.1	966519	966604	12.900	0
TguLTRL4b	NW_005054481.1	966604	967411	21.000	0
TguLTR6a	NW_005054481.1	1017702	1017996	21.100	0
TguLTRL6b	NW_005054481.1	1067446	1067596	23.800	0
TguLTR5b	NW_005054481.1	1148879	1149472	14.600	0
TguLTRL4c	NW_005054481.1	1200482	1201438	23.700	0
TguLTR5d	NW_005054481.1	1235377	1235654	22.400	0
TguLTRL4b	NW_005054481.1	1291586	1291777	22.600	0
TguLTRL4b	NW_005054481.1	1292211	1293006	27.100	0
TguLTRL4c	NW_005054482.1	112388	113317	20.400	0
TguLTR5d	NW_005054482.1	166403	166922	18.000	0
TguLTRL4b	NW_005054482.1	281339	281558	18.500	0
TguLTR5a	NW_005054482.1	496933	497142	26.400	0
TguLTR5a	NW_005054482.1	497192	497387	24.500	0
TguLTR5a	NW_005054482.1	497438	497503	20.000	0
TguLTR5a	NW_005054482.1	497658	497743	19.200	0
TguLTR5a	NW_005054482.1	727996	728510	21.200	0
TguLTRL4b	NW_005054482.1	952728	953080	26.200	0
TguLTRL4b	NW_005054482.1	1146596	1146685	19.100	0
TguLTRL4b	NW_005054482.1	1186049	1186356	20.000	0
TguLTR5d	NW_005054482.1	1226744	1226978	19.700	0
TguLTR5a	NW_005054482.1	1234016	1234482	21.100	0
TguLTR5d	NW_005054482.1	1290085	1290264	14.600	0
TguLTR5a	NW_005054483.1	612664	613186	20.900	0
TguLTR5b	NW_005054483.1	1057074	1057153	11.400	0
TguLTR11	NW_005054484.1	145	359	21.800	0
TguLTR5a	NW_005054484.1	16564	17058	21.700	0
TguLTRL4c	NW_005054484.1	62632	63018	21.600	0
TguLTRL4c	NW_005054484.1	63470	64089	19.500	0
TguLTRL4c	NW_005054484.1	68328	68839	18.700	0
TguLTRL4c	NW_005054484.1	69288	69673	21.100	0
TguLTR5b	NW_005054484.1	205293	205843	14.900	0
TguLTRL4c	NW_005054484.1	321940	322651	17.600	0
TguLTRL4c	NW_005054484.1	323346	323717	21.300	0
TguLTRL4b	NW_005054484.1	484137	484563	16.800	0
TguLTRL4b	NW_005054484.1	484591	485285	22.900	0
TguLTRL4c	NW_005054484.1	517355	517782	20.200	0
TguLTRL4b	NW_005054484.1	517794	517942	14.200	0
TguLTRL4b	NW_005054484.1	555714	556435	21.400	0
TguLTRL4b	NW_005054484.1	556509	556935	19.100	0
TguLTR5d	NW_005054484.1	563363	563541	18.900	0
TguLTR5d	NW_005054484.1	563697	563942	22.000	0
TguLTR5d	NW_005054484.1	565318	565439	21.600	0
TguLTR5d	NW_005054484.1	576109	576583	21.800	0
TguLTRL6b	NW_005054484.1	834821	835215	18.500	0
TguLTRL6b	NW_005054484.1	835338	835435	17.200	0
TguLTRL6b	NW_005054484.1	957806	957991	24.100	0
TguLTRL6b	NW_005054484.1	1087007	1087176	18.500	0
TguLTR6a	NW_005054484.1	1087231	1087527	13.200	0
TguLTR5b	NW_005054484.1	1163657	1163970	15.000	0
TguLTR5b	NW_005054484.1	1164295	1164563	14.600	0
TguLTR6a	NW_005054484.1	1276045	1276197	19.100	0
TguLTR5a	NW_005054485.1	24519	25115	24.400	0
TguLTRL4d	NW_005054485.1	99662	99805	22.500	0
TguLTRL4c	NW_005054485.1	111798	111987	29.400	0
TguLTRL4c	NW_005054485.1	112306	112438	32.800	0
TguLTR5e	NW_005054485.1	152479	152889	27.000	0
TguLTR5e	NW_005054485.1	153971	154102	22.900	0
TguLTRL4d	NW_005054485.1	155693	156643	25.400	0
TguLTR5e	NW_005054485.1	169119	169702	26.000	0
TguLTRL4b	NW_005054485.1	178649	178846	26.400	0
TguLTRL4b	NW_005054485.1	179292	179427	29.900	0
TguLTR6a	NW_005054485.1	221041	221533	22.700	0
TguLTR5b	NW_005054485.1	246535	247061	15.700	0
TguLTRL4d	NW_005054485.1	273231	273319	25.300	0
TguLTR5e	NW_005054485.1	343262	343583	25.500	0
TguLTRL4d	NW_005054485.1	343820	344217	30.000	0
TguLTR5a	NW_005054485.1	368333	368594	20.500	0
TguLTR5c	NW_005054485.1	373955	374389	20.100	0
TguLTR5b	NW_005054485.1	438689	439259	17.500	0
TguLTR5d	NW_005054485.1	452782	453336	22.300	0
TguLTRL4b	NW_005054485.1	457027	457539	18.800	0
TguLTR6a	NW_005054485.1	457539	458044	21.500	0
TguLTRL4b	NW_005054485.1	458044	458614	21.200	0
TguLTRL4b	NW_005054485.1	464603	465501	21.000	0
TguLTR5b	NW_005054485.1	538120	538361	20.200	0
TguLTRL4c	NW_005054485.1	538722	538959	25.400	0
TguLTR5d	NW_005054485.1	539570	539667	17.500	0
TguLTR5a	NW_005054485.1	628164	628321	24.900	0
TguLTR5a	NW_005054485.1	628347	628519	24.900	0
TguLTR5a	NW_005054485.1	673914	674502	19.700	0
TguLTR5b	NW_005054485.1	682378	682964	16.900	0
TguLTR5d	NW_005054485.1	701185	701774	19.400	0
TguLTRL4c	NW_005054485.1	726415	727144	20.100	0
TguLTR5d	NW_005054485.1	729307	729832	23.800	0
TguLTR5b	NW_005054485.1	781057	781641	17.200	0
TguLTR5d	NW_005054485.1	813304	813889	19.600	0
TguLTRL6b	NW_005054485.1	864928	865276	17.500	0
TguLTR5a	NW_005054485.1	928436	928989	22.400	0
TguLTR5c	NW_005054485.1	1008681	1008829	19.400	0
TguLTR5c	NW_005054485.1	1008853	1009203	25.500	0
TguLTR5b	NW_005054485.1	1023592	1023873	15.800	0
TguLTRL4b	NW_005054485.1	1060536	1061518	16.200	0
TguLTR5a	NW_005054485.1	1150108	1150494	20.300	0
TguLTR5a	NW_005054485.1	1150629	1151137	17.800	0
TguLTR11	NW_005054485.1	1166255	1166482	28.600	0
TguLTRL4d	NW_005054485.1	1203138	1203579	27.000	0
TguLTR5d	NW_005054485.1	1217613	1217886	18.000	0
TguLTR5d	NW_005054485.1	1218946	1219263	22.400	0
TguLTRL4b	NW_005054485.1	1259777	1260596	20.000	0
TguLTRL4b	NW_005054485.1	1261457	1261651	19.000	0
TguLTR6a	NW_005054485.1	1290872	1291336	22.100	0
TguLTRL4b	NW_005054486.1	18958	19402	22.100	0
TguLTR11	NW_005054486.1	117331	117565	22.000	0
TguLTRL6b	NW_005054486.1	118232	118505	19.400	0
TguLTRL4b	NW_005054486.1	126693	126851	21.700	0
TguLTRL4b	NW_005054486.1	127106	127348	14.200	0
TguLTRL4d	NW_005054486.1	141640	141761	26.600	0
TguLTRL4c	NW_005054486.1	152262	152492	22.000	0
TguLTR11	NW_005054486.1	157863	158109	25.700	0
TguLTR11	NW_005054486.1	158593	158708	33.900	0
TguLTR11	NW_005054486.1	163370	163566	20.600	0
TguLTR11	NW_005054486.1	163826	163986	26.100	0
TguLTR5e	NW_005054486.1	199316	199583	27.400	0
TguLTR11	NW_005054486.1	230550	231222	16.500	0
TguLTR5a	NW_005054486.1	236102	236714	24.500	0
TguLTRL6b	NW_005054486.1	260750	261155	21.700	0
TguLTR11	NW_005054486.1	351366	351502	18.300	0
TguLTR11	NW_005054486.1	355457	355716	23.800	0
TguLTR11	NW_005054486.1	363390	363617	23.400	0
TguLTR11	NW_005054486.1	363659	363788	22.000	0
TguLTR6a	NW_005054486.1	365721	366154	21.100	0
TguLTR11	NW_005054486.1	371771	371844	17.800	0
TguLTRL4b	NW_005054486.1	407981	408651	19.800	0
TguLTRL4b	NW_005054486.1	408853	409110	21.000	0
TguLTRL4b	NW_005054486.1	427946	428036	18.900	0
TguLTR11	NW_005054486.1	429247	429367	24.200	0
TguLTR11	NW_005054486.1	429445	429527	22.200	0
TguLTR11	NW_005054486.1	429611	429741	20.400	0
TguLTRL4b	NW_005054486.1	472173	473154	19.200	0
TguLTRL6b	NW_005054486.1	527081	527460	18.700	0
TguLTR5e	NW_005054486.1	545913	546129	28.800	0
TguLTRL4b	NW_005054486.1	588847	589002	19.100	0
TguLTR5a	NW_005054486.1	590568	590702	25.000	0
TguLTR5a	NW_005054486.1	591075	591239	23.200	0
TguLTRL4c	NW_005054486.1	595168	595461	20.200	0
TguLTRL4c	NW_005054486.1	595461	595547	23.300	0
TguLTR5c	NW_005054486.1	642597	642750	20.700	0
TguLTR11	NW_005054486.1	711150	711255	22.100	0
TguLTR11	NW_005054486.1	711330	711545	22.400	0
TguLTR5a	NW_005054486.1	849549	850062	19.600	0
TguLTR6a	NW_005054486.1	881959	882397	21.900	0
TguLTR6a	NW_005054486.1	885165	885488	26.000	0
TguLTR5d	NW_005054486.1	885605	885727	17.200	0
TguLTRL4b	NW_005054486.1	886434	886550	9.100	0
TguLTRL4b	NW_005054486.1	886768	887471	17.600	0
TguLTR5e	NW_005054486.1	924606	924918	29.100	0
TguLTR5d	NW_005054486.1	927135	927539	21.800	0
TguLTR5d	NW_005054486.1	928089	928212	19.900	0
TguLTRL6b	NW_005054486.1	942697	943114	21.000	0
TguLTRL4c	NW_005054486.1	943488	943707	19.800	0
TguLTR5b	NW_005054486.1	944240	944780	13.100	0
TguLTRL4d	NW_005054486.1	949524	949651	23.200	0
TguLTR6a	NW_005054486.1	1153322	1153691	23.500	0
TguLTR5d	NW_005054486.1	1158940	1159497	24.700	0
TguLTR5b	NW_005054486.1	1170931	1171521	16.100	0
TguLTR6a	NW_005054486.1	1194723	1195161	23.300	0
TguLTR5b	NW_005054486.1	1213170	1213620	14.800	0
TguLTR11	NW_005054486.1	1216107	1216309	19.400	0
TguLTRL4b	NW_005054486.1	1261884	1262773	18.100	0
TguLTR5b	NW_005054486.1	1264600	1265185	14.800	0
TguLTR6a	NW_005054486.1	1271003	1271156	23.700	0
TguLTR6a	NW_005054486.1	1272303	1272579	19.500	0
TguLTR5b	NW_005054487.1	21424	21656	12.600	0
TguLTR11	NW_005054487.1	192789	192878	17.000	0
TguLTR5b	NW_005054487.1	648580	649130	14.200	0
TguLTRL4d	NW_005054487.1	678548	678682	30.600	0
TguLTRL4d	NW_005054487.1	679264	679335	14.100	0
TguLTRL4c	NW_005054487.1	695407	695527	19.500	0
TguLTRL4d	NW_005054487.1	761517	761691	22.400	0
TguLTR5b	NW_005054487.1	799421	799986	16.100	0
TguLTRL4d	NW_005054488.1	45067	45203	25.100	0
TguLTRL4d	NW_005054488.1	45225	45545	26.300	0
TguLTR5d	NW_005054488.1	297581	297914	20.200	0
TguLTR5d	NW_005054488.1	311685	312088	19.300	0
TguLTR5d	NW_005054488.1	312336	312454	20.300	0
TguLTRL4b	NW_005054488.1	315039	315249	28.500	0
TguLTRL4b	NW_005054488.1	339896	340165	34.700	0
TguLTR5a	NW_005054488.1	341957	342325	21.600	0
TguLTR5d	NW_005054488.1	359443	359531	23.200	0
TguLTR5d	NW_005054488.1	565729	565849	15.000	0
TguLTR5d	NW_005054488.1	566192	566620	18.500	0
TguLTR5d	NW_005054488.1	710516	711083	18.900	0
TguLTRL4c	NW_005054488.1	719117	719564	18.800	0
TguLTR5d	NW_005054488.1	728868	728950	12.200	0
TguLTR5a	NW_005054488.1	772533	772924	23.200	0
TguLTRL4b	NW_005054488.1	879568	879819	26.900	0
TguLTR5d	NW_005054488.1	1139227	1139339	13.600	0
TguLTR5d	NW_005054488.1	1139638	1140062	17.400	0
TguLTR5d	NW_005054488.1	1270607	1270719	15.400	0
TguLTR5d	NW_005054488.1	1270862	1271185	17.300	0
TguLTR5d	NW_005054488.1	1273878	1274055	21.500	0
TguLTRL4c	NW_005054490.1	27358	27974	26.300	0
TguLTR5e	NW_005054490.1	34848	35121	27.500	0
TguLTRL4b	NW_005054490.1	84804	85839	21.100	0
TguLTRL4c	NW_005054490.1	100014	100321	27.000	0
TguLTRL4c	NW_005054490.1	109743	110083	24.600	0
TguLTR5a	NW_005054490.1	156471	157037	22.500	0
TguLTR5a	NW_005054490.1	165489	165768	17.100	0
TguLTR5a	NW_005054490.1	165818	165943	24.000	0
TguLTRL4b	NW_005054490.1	179825	180230	21.500	0
TguLTR5e	NW_005054490.1	210051	210344	23.100	0
TguLTR5e	NW_005054490.1	225878	226479	24.800	0
TguLTR5b	NW_005054490.1	232517	232909	18.100	0
TguLTR5b	NW_005054490.1	247615	247782	16.200	0
TguLTR5b	NW_005054490.1	247795	248074	17.600	0
TguLTRL4c	NW_005054490.1	248452	248688	25.000	0
TguLTR5b	NW_005054490.1	249256	249551	15.100	0
TguLTRL4c	NW_005054490.1	250359	250793	23.300	0
TguLTR5e	NW_005054490.1	275562	275807	26.300	0
TguLTRL4c	NW_005054490.1	291391	292249	27.100	0
TguLTRL4c	NW_005054490.1	302081	302506	25.400	0
TguLTRL4d	NW_005054490.1	325635	325849	24.200	0
TguLTRL4b	NW_005054490.1	327512	328427	28.700	0
TguLTR5d	NW_005054490.1	328497	329080	21.000	0
TguLTRL4b	NW_005054490.1	335077	335670	21.400	0
TguLTRL4b	NW_005054490.1	335952	336151	18.300	0
TguLTRL4d	NW_005054490.1	352519	352770	24.600	0
TguLTR5d	NW_005054490.1	358632	358727	22.400	0
TguLTRL4c	NW_005054490.1	377572	377856	24.900	0
TguLTR5d	NW_005054490.1	419723	420362	23.400	0
TguLTRL4c	NW_005054490.1	441766	442850	22.100	0
TguLTRL4c	NW_005054490.1	470715	471762	22.200	0
TguLTRL4b	NW_005054490.1	497072	497172	13.000	0
TguLTR5b	NW_005054490.1	503637	504224	17.700	0
TguLTRL4c	NW_005054490.1	528109	528828	29.300	0
TguLTR5c	NW_005054490.1	544664	544977	23.100	0
TguLTR5c	NW_005054490.1	555052	555455	21.200	0
TguLTRL4b	NW_005054490.1	555492	555693	18.900	0
TguLTRL4c	NW_005054490.1	562652	563489	23.000	0
TguLTRL6b	NW_005054490.1	590549	590878	21.500	0
TguLTRL4d	NW_005054490.1	595847	596152	27.700	0
TguLTR5b	NW_005054490.1	665647	665903	20.700	0
TguLTR5b	NW_005054490.1	668123	668726	17.600	0
TguLTR5a	NW_005054490.1	689924	690068	18.200	0
TguLTR5a	NW_005054490.1	690140	690521	16.200	0
TguLTR5e	NW_005054490.1	692130	692646	31.100	0
TguLTR5e	NW_005054490.1	697502	697620	26.200	0
TguLTR5b	NW_005054490.1	717513	718081	20.300	0
TguLTR6a	NW_005054490.1	732596	732667	21.400	0
TguLTRL4c	NW_005054490.1	732667	733066	20.100	0
TguLTR5d	NW_005054490.1	760656	760913	16.300	0
TguLTR11	NW_005054490.1	761121	761297	19.700	0
TguLTR5d	NW_005054490.1	762328	762469	17.400	0
TguLTR5c	NW_005054490.1	789495	789983	19.300	0
TguLTRL4d	NW_005054490.1	834910	835155	23.800	0
TguLTRL6b	NW_005054490.1	837499	837666	26.500	0
TguLTRL6b	NW_005054490.1	841190	841382	22.600	0
TguLTR5d	NW_005054490.1	861619	862150	19.500	0
TguLTRL4d	NW_005054490.1	882607	883169	26.100	0
TguLTRL4d	NW_005054490.1	910694	910979	20.800	0
TguLTRL4d	NW_005054490.1	910990	911202	31.200	0
TguLTRL4c	NW_005054490.1	929431	930386	21.900	0
TguLTR5e	NW_005054490.1	932903	933124	22.600	0
TguLTR5e	NW_005054490.1	933124	933257	27.100	0
TguLTR5d	NW_005054490.1	945594	946140	16.900	0
TguLTR5a	NW_005054490.1	952257	952815	17.100	0
TguLTRL4c	NW_005054490.1	1123595	1123710	18.300	0
TguLTRL4d	NW_005054490.1	1172127	1172391	26.200	0
TguLTR5d	NW_005054490.1	1174727	1175285	18.300	0
TguLTRL4c	NW_005054490.1	1182704	1183012	19.300	0
TguLTR5d	NW_005054491.1	161831	161930	17.200	0
TguLTRL4b	NW_005054492.1	1143	1410	34.300	0
TguLTR5d	NW_005054492.1	34801	35357	17.200	0
TguLTRL4d	NW_005054492.1	52785	53108	25.400	0
TguLTR5d	NW_005054492.1	58674	59241	20.200	0
TguLTR5c	NW_005054492.1	63591	64061	22.800	0
TguLTRL4c	NW_005054492.1	64475	64685	21.600	0
TguLTRL4c	NW_005054492.1	64716	65194	24.800	0
TguLTR5d	NW_005054492.1	116928	117460	25.100	0
TguLTR5a	NW_005054492.1	168506	169039	22.000	0
TguLTR5d	NW_005054492.1	176716	176841	20.800	0
TguLTRL4d	NW_005054492.1	182932	183034	20.600	0
TguLTR5e	NW_005054492.1	239698	240200	27.300	0
TguLTRL4d	NW_005054492.1	273446	273577	31.800	0
TguLTRL4b	NW_005054492.1	280946	281886	23.200	0
TguLTRL4d	NW_005054492.1	281942	282284	29.400	0
TguLTR5a	NW_005054492.1	442261	442394	21.500	0
TguLTR5a	NW_005054492.1	442472	442892	21.500	0
TguLTRL4c	NW_005054492.1	579500	579714	18.200	0
TguLTRL4d	NW_005054492.1	601908	602049	31.000	0
TguLTR5a	NW_005054492.1	667147	667652	18.300	0
TguLTRL4c	NW_005054492.1	698489	698553	27.400	0
TguLTRL4b	NW_005054492.1	704942	705234	31.700	0
TguLTRL4b	NW_005054492.1	705484	705746	31.100	0
TguLTR5a	NW_005054492.1	742117	742228	19.800	0
TguLTR5e	NW_005054492.1	814685	814795	32.700	0
TguLTRL4b	NW_005054492.1	815008	815273	29.200	0
TguLTR5d	NW_005054492.1	875270	875783	17.100	0
TguLTR11	NW_005054492.1	892711	892963	21.700	0
TguLTR11	NW_005054492.1	893459	893582	21.400	0
TguLTRL4b	NW_005054492.1	918746	919789	17.600	0
TguLTRL4b	NW_005054492.1	933629	934711	20.700	0
TguLTRL4c	NW_005054492.1	938612	938929	16.800	0
TguLTR11	NW_005054492.1	988842	988924	24.300	0
TguLTR11	NW_005054492.1	988951	989087	24.300	0
TguLTR11	NW_005054492.1	989571	989703	19.900	0
TguLTR11	NW_005054492.1	1000150	1000406	14.300	0
TguLTR11	NW_005054492.1	1000440	1000700	20.100	0
TguLTR5d	NW_005054492.1	1001690	1002034	18.900	0
TguLTRL4b	NW_005054492.1	1002663	1003735	20.600	0
TguLTRL4d	NW_005054492.1	1024465	1025177	27.100	0
TguLTR5b	NW_005054492.1	1047666	1047743	13.000	0
TguLTR6a	NW_005054492.1	1054833	1055175	25.000	0
TguLTR6a	NW_005054492.1	1055816	1055940	19.200	0
TguLTR5b	NW_005054492.1	1073719	1074303	13.900	0
TguLTRL4c	NW_005054492.1	1076299	1076365	18.200	0
TguLTRL4b	NW_005054492.1	1083426	1083815	18.300	0
TguLTR5e	NW_005054492.1	1094905	1095124	30.800	0
TguLTR5e	NW_005054492.1	1095182	1095374	30.800	0
TguLTR5d	NW_005054492.1	1099492	1099588	27.400	0
TguLTRL4b	NW_005054492.1	1102592	1102720	22.200	0
TguLTRL6b	NW_005054492.1	1117050	1117222	23.100	0
TguLTRL4c	NW_005054492.1	1149529	1149748	17.100	0
TguLTRL4c	NW_005054492.1	1150046	1150789	24.100	0
TguLTR11	NW_005054492.1	1173618	1173735	19.800	0
TguLTR11	NW_005054492.1	1174215	1174474	18.900	0
TguLTR5a	NW_005054492.1	1178801	1178892	23.100	0
TguLTRL4c	NW_005054492.1	1189967	1190872	25.700	0
TguLTRL4c	NW_005054492.1	1195491	1195720	18.700	0
TguLTR5d	NW_005054492.1	1197500	1197564	15.600	0
TguLTR5d	NW_005054493.1	262383	262943	18.400	0
TguLTR5b	NW_005054493.1	296730	296801	18.600	0
TguLTRL4b	NW_005054493.1	399205	400267	25.600	0
TguLTR5e	NW_005054493.1	415362	415747	30.300	0
TguLTR5e	NW_005054493.1	603662	603731	24.600	0
TguLTR5e	NW_005054493.1	603841	604101	24.500	0
TguLTR6a	NW_005054494.1	20771	21180	20.000	0
TguLTR11	NW_005054494.1	45294	45506	21.200	0
TguLTRL4b	NW_005054494.1	53486	54614	20.100	0
TguLTRL4b	NW_005054494.1	166965	167149	16.900	0
TguLTR5b	NW_005054494.1	219750	219917	15.600	0
TguLTR5d	NW_005054494.1	229767	229898	26.100	0
TguLTR6a	NW_005054494.1	263669	263879	20.500	0
TguLTRL6b	NW_005054494.1	474355	474456	23.000	0
TguLTR6a	NW_005054494.1	486807	486894	12.800	0
TguLTRL4d	NW_005054494.1	709507	709636	24.000	0
TguLTRL4d	NW_005054494.1	709643	709725	24.400	0
TguLTRL4b	NW_005054494.1	712309	712493	21.300	0
TguLTR5d	NW_005054495.1	16294	16825	17.500	0
TguLTR5d	NW_005054495.1	119632	119871	20.700	0
TguLTR11	NW_005054495.1	278267	278314	14.900	0
TguLTR5a	NW_005054495.1	817295	817844	19.400	0
TguLTR5a	NW_005054495.1	1007928	1008278	16.000	0
TguLTR5d	NW_005054495.1	1064252	1064822	19.700	0
TguLTR5d	NW_005054495.1	1125399	1125681	16.100	0
TguLTRL4b	NW_005054496.1	215753	215941	22.000	0
TguLTRL4c	NW_005054496.1	336254	336352	16.300	0
TguLTRL4c	NW_005054496.1	345158	346141	20.400	0
TguLTR5d	NW_005054496.1	543666	543769	26.400	0
TguLTRL4b	NW_005054496.1	830685	830770	21.400	0
TguLTRL4b	NW_005054496.1	830912	831425	28.900	0
TguLTR5d	NW_005054496.1	1106418	1106863	16.700	0
TguLTR5d	NW_005054496.1	1108558	1109053	19.100	0
TguLTR5d	NW_005054497.1	1533	1680	21.100	0
TguLTR5a	NW_005054497.1	55411	55997	16.100	0
TguLTR5e	NW_005054497.1	58878	58959	24.700	0
TguLTR5e	NW_005054497.1	70470	70590	23.900	0
TguLTR5e	NW_005054497.1	70632	70998	26.100	0
TguLTRL4b	NW_005054497.1	93077	94147	17.200	0
TguLTR6a	NW_005054497.1	273563	273991	18.200	0
TguLTRL4d	NW_005054497.1	290467	290786	25.400	0
TguLTR5e	NW_005054497.1	548129	548253	19.000	0
TguLTR5e	NW_005054497.1	549666	549790	20.800	0
TguLTR5b	NW_005054497.1	602746	603331	11.000	0
TguLTR5a	NW_005054497.1	902475	903055	22.700	0
TguLTRL4c	NW_005054497.1	1185442	1186336	28.200	0
TguLTR5b	NW_005054497.1	1200490	1200954	16.700	0
TguLTR5d	NW_005054498.1	442530	443036	18.200	0
TguLTRL4c	NW_005054498.1	692792	694232	23.600	0
TguLTR5d	NW_005054498.1	706886	707370	20.300	0
TguLTR5d	NW_005054499.1	45550	45894	19.600	0
TguLTR5d	NW_005054499.1	179757	180336	23.100	0
TguLTRL4c	NW_005054499.1	207148	207350	18.100	0
TguLTR5d	NW_005054499.1	249806	249898	14.100	0
TguLTRL4b	NW_005054499.1	371306	371423	19.800	0
TguLTRL6b	NW_005054499.1	393006	393159	16.200	0
TguLTRL4b	NW_005054499.1	398021	398465	18.700	0
TguLTR5b	NW_005054499.1	400162	400604	16.500	0
TguLTR5b	NW_005054499.1	400604	400713	15.100	0
TguLTR5d	NW_005054499.1	411490	411611	27.700	0
TguLTRL4b	NW_005054499.1	457002	457099	10.500	0
TguLTRL4c	NW_005054499.1	588306	588575	26.500	0
TguLTRL4c	NW_005054499.1	602717	602828	19.100	0
TguLTRL4b	NW_005054499.1	603425	603516	20.700	0
TguLTR5d	NW_005054499.1	637523	637850	22.100	0
TguLTRL4b	NW_005054499.1	653293	654083	23.300	0
TguLTR5a	NW_005054499.1	955523	956013	23.800	0
TguLTR5a	NW_005054499.1	1072592	1072691	19.900	0
TguLTRL4c	NW_005054500.1	193096	193311	18.900	0
TguLTRL4d	NW_005054500.1	211587	212366	29.900	0
TguLTR5a	NW_005054500.1	492024	492120	18.800	0
TguLTRL4c	NW_005054500.1	1037702	1038028	17.500	0
TguLTRL4b	NW_005054500.1	1089068	1089344	13.900	0
TguLTRL4c	NW_005054500.1	1145914	1146915	19.800	0
TguLTRL4b	NW_005054501.1	138343	139397	18.000	0
TguLTR5d	NW_005054501.1	188883	188954	18.300	0
TguLTR5a	NW_005054501.1	565942	566555	25.800	0
TguLTRL4b	NW_005054501.1	685112	685319	31.600	0
TguLTRL4c	NW_005054501.1	762313	762505	18.900	0
TguLTR5e	NW_005054501.1	770060	770281	22.500	0
TguLTR11	NW_005054501.1	771680	771982	26.000	0
TguLTR5e	NW_005054501.1	848989	849154	18.400	0
TguLTR11	NW_005054501.1	870550	870736	25.100	0
TguLTR5e	NW_005054501.1	875723	875885	27.300	0
TguLTR6a	NW_005054501.1	927083	927311	25.100	0
TguLTRL4d	NW_005054501.1	956870	957112	17.900	0
TguLTRL6b	NW_005054501.1	1029930	1030086	20.000	0
TguLTRL4d	NW_005054501.1	1057044	1057224	26.700	0
TguLTR5a	NW_005054501.1	1115945	1116037	15.400	0
TguLTR5a	NW_005054501.1	1116039	1116182	19.900	0
TguLTR6a	NW_005054501.1	1118974	1119209	18.800	0
TguLTR11	NW_005054501.1	1167112	1167185	25.000	0
TguLTR5b	NW_005054502.1	32837	33422	16.300	0
TguLTR5b	NW_005054502.1	466349	466794	17.900	0
TguLTR5b	NW_005054502.1	466865	467447	22.200	0
TguLTRL4b	NW_005054502.1	694522	694629	19.200	0
TguLTR5a	NW_005054502.1	1082459	1083004	19.800	0
TguLTRL4d	NW_005054503.1	349134	349350	16.200	0
TguLTRL4c	NW_005054503.1	654765	655173	22.600	0
TguLTRL4b	NW_005054504.1	414286	414437	31.000	0
TguLTRL4b	NW_005054504.1	578961	579295	16.900	0
TguLTRL4c	NW_005054504.1	650525	650645	21.700	0
TguLTR6a	NW_005054504.1	723113	723223	24.800	0
TguLTRL4c	NW_005054504.1	931346	931573	21.700	0
TguLTRL4c	NW_005054504.1	1034466	1035015	26.000	0
TguLTRL6b	NW_005054504.1	1049061	1049105	15.900	0
TguLTRL6b	NW_005054504.1	1049117	1049387	19.900	0
TguLTRL6b	NW_005054504.1	1049926	1049970	15.900	0
TguLTRL6b	NW_005054504.1	1049982	1050252	19.900	0
TguLTR11	NW_005054504.1	1056022	1056173	16.500	0
TguLTR5b	NW_005054504.1	1113790	1114346	17.500	0
TguLTR5e	NW_005054505.1	590	1193	29.600	0
TguLTR5a	NW_005054505.1	9258	9819	22.900	0
TguLTRL4c	NW_005054505.1	12877	13283	21.100	0
TguLTR5d	NW_005054505.1	17630	18142	25.800	0
TguLTR6a	NW_005054505.1	18168	18599	27.800	0
TguLTR5d	NW_005054505.1	21313	21788	19.800	0
TguLTR5a	NW_005054505.1	30120	30698	23.400	0
TguLTRL4c	NW_005054505.1	91249	91341	33.700	0
TguLTR5d	NW_005054505.1	96665	97239	22.600	0
TguLTRL4c	NW_005054505.1	98322	98953	20.100	0
TguLTR5c	NW_005054505.1	100886	101442	18.800	0
TguLTR5c	NW_005054505.1	119170	119736	19.900	0
TguLTRL4d	NW_005054505.1	139564	140451	25.800	0
TguLTR5c	NW_005054505.1	144983	145211	17.900	0
TguLTR5b	NW_005054505.1	147878	148474	18.100	0
TguLTRL4d	NW_005054505.1	207602	207977	22.300	0
TguLTRL4d	NW_005054505.1	219614	219908	23.700	0
TguLTRL6b	NW_005054505.1	219908	220361	25.100	0
TguLTRL4d	NW_005054505.1	220361	220798	29.900	0
TguLTR5e	NW_005054505.1	319512	320078	26.800	0
TguLTR5d	NW_005054505.1	447297	447669	18.100	0
TguLTRL4b	NW_005054505.1	458014	459098	18.100	0
TguLTRL4d	NW_005054505.1	469291	469801	26.200	0
TguLTRL4c	NW_005054505.1	489096	490122	22.200	0
TguLTRL4c	NW_005054505.1	507466	508417	22.700	0
TguLTRL6b	NW_005054505.1	522404	522615	21.500	0
TguLTR5a	NW_005054505.1	535655	536241	21.900	0
TguLTR5d	NW_005054505.1	543716	544300	19.900	0
TguLTRL4c	NW_005054505.1	551516	552288	20.900	0
TguLTR11	NW_005054505.1	554980	555179	22.100	0
TguLTRL6b	NW_005054505.1	617324	617742	19.400	0
TguLTR5b	NW_005054505.1	623760	624252	16.300	0
TguLTR5d	NW_005054505.1	643810	644381	23.800	0
TguLTR5a	NW_005054505.1	655770	656385	22.000	0
TguLTRL4d	NW_005054505.1	664243	664482	22.700	0
TguLTR5d	NW_005054505.1	670273	670836	20.000	0
TguLTR5a	NW_005054505.1	723652	724020	21.300	0
TguLTRL4c	NW_005054505.1	767389	768441	22.100	0
TguLTRL4d	NW_005054505.1	797687	797893	23.800	0
TguLTR5e	NW_005054505.1	832841	833054	25.800	0
TguLTR5c	NW_005054505.1	851885	852439	20.100	0
TguLTRL4b	NW_005054505.1	852554	853261	19.800	0
TguLTR5d	NW_005054505.1	887060	887212	14.700	0
TguLTRL4d	NW_005054505.1	928132	928264	19.100	0
TguLTRL4d	NW_005054505.1	928437	928628	27.800	0
TguLTR5b	NW_005054505.1	935565	936132	14.900	0
TguLTRL4d	NW_005054505.1	944107	944852	27.600	0
TguLTR5a	NW_005054505.1	957907	958060	18.100	0
TguLTR5b	NW_005054505.1	1000926	1001504	15.700	0
TguLTR5e	NW_005054505.1	1010920	1011255	24.500	0
TguLTR5e	NW_005054505.1	1012813	1013027	21.400	0
TguLTR5d	NW_005054505.1	1048576	1049103	19.700	0
TguLTR11	NW_005054505.1	1094636	1094910	21.400	0
TguLTR11	NW_005054505.1	1108872	1109123	20.600	0
TguLTR5e	NW_005054506.1	6345	6655	24.300	0
TguLTR5e	NW_005054506.1	6831	7022	23.000	0
TguLTR5e	NW_005054506.1	33307	33881	32.100	0
TguLTR5e	NW_005054506.1	50372	50522	22.300	0
TguLTR5e	NW_005054506.1	50534	50728	29.300	0
TguLTR5e	NW_005054506.1	50823	50979	26.100	0
TguLTR5b	NW_005054506.1	448679	449268	17.800	0
TguLTR11	NW_005054507.1	466760	466919	18.700	0
TguLTRL4c	NW_005054507.1	832225	832340	21.700	0
TguLTRL4c	NW_005054507.1	1001880	1002054	25.300	0
TguLTR5e	NW_005054508.1	489380	489720	31.000	0
TguLTRL4c	NW_005054508.1	663681	663744	17.500	0
TguLTR11	NW_005054508.1	760807	761671	19.500	0
TguLTR5a	NW_005054508.1	941003	941164	22.400	0
TguLTR5c	NW_005054509.1	38868	39005	22.100	0
TguLTRL4c	NW_005054509.1	52410	52839	21.800	0
TguLTR6a	NW_005054509.1	135861	136257	20.900	0
TguLTRL6b	NW_005054509.1	187432	187910	21.900	0
TguLTR11	NW_005054509.1	196655	196847	23.100	0
TguLTR6a	NW_005054509.1	364732	364848	27.200	0
TguLTR5b	NW_005054509.1	589786	590361	17.800	0
TguLTRL4d	NW_005054509.1	1048327	1048411	16.700	0
TguLTR5d	NW_005054510.1	39767	39861	16.000	0
TguLTRL4b	NW_005054510.1	175169	175380	33.600	0
TguLTRL4b	NW_005054510.1	175459	175622	28.700	0
TguLTR5d	NW_005054510.1	854659	854883	18.800	0
TguLTRL4b	NW_005054511.1	42148	43223	21.300	0
TguLTR5a	NW_005054511.1	57784	58349	19.900	0
TguLTR5d	NW_005054511.1	74581	75136	17.800	0
TguLTRL4b	NW_005054511.1	114470	115156	14.500	0
TguLTRL4b	NW_005054511.1	115180	115278	20.600	0
TguLTRL4c	NW_005054511.1	281533	282560	21.700	0
TguLTR5a	NW_005054511.1	351464	352023	20.200	0
TguLTR5b	NW_005054511.1	442769	442841	19.400	0
TguLTR5d	NW_005054511.1	549053	549643	16.200	0
TguLTR5d	NW_005054511.1	550598	551170	19.800	0
TguLTR5c	NW_005054511.1	646466	646543	15.600	0
TguLTR5d	NW_005054511.1	762098	762699	14.900	0
TguLTR6a	NW_005054511.1	818550	818956	26.000	0
TguLTR5d	NW_005054511.1	834609	835188	19.500	0
TguLTR5a	NW_005054511.1	855176	855225	16.300	0
TguLTRL4b	NW_005054512.1	641001	641229	17.200	0
TguLTRL4c	NW_005054513.1	16104	16246	19.100	0
TguLTRL4c	NW_005054513.1	33901	34002	21.800	0
TguLTR5d	NW_005054513.1	53286	53856	23.300	0
TguLTR5d	NW_005054513.1	70545	70772	15.900	0
TguLTR5d	NW_005054513.1	108871	109410	21.400	0
TguLTR5d	NW_005054513.1	109492	109536	31.600	0
TguLTR5a	NW_005054513.1	148102	148550	23.100	0
TguLTR5a	NW_005054513.1	148586	148736	23.100	0
TguLTRL4b	NW_005054513.1	161032	162058	18.800	0
TguLTR5d	NW_005054513.1	164502	164654	16.800	0
TguLTRL4d	NW_005054513.1	170653	171184	26.600	0
TguLTRL4c	NW_005054513.1	199513	199796	18.500	0
TguLTR5b	NW_005054513.1	250260	250424	24.100	0
TguLTR5b	NW_005054513.1	250430	250545	8.700	0
TguLTR5d	NW_005054513.1	302569	303124	18.800	0
TguLTR5c	NW_005054513.1	324390	324947	22.800	0
TguLTR5a	NW_005054513.1	331982	332174	26.200	0
TguLTR5a	NW_005054513.1	333716	333775	23.700	0
TguLTR5a	NW_005054513.1	333795	333983	28.400	0
TguLTRL4d	NW_005054513.1	337569	337820	26.600	0
TguLTRL4c	NW_005054513.1	339043	340053	25.800	0
TguLTR5e	NW_005054513.1	350160	350258	26.800	0
TguLTRL4c	NW_005054513.1	353515	353726	24.800	0
TguLTRL4c	NW_005054513.1	353753	353939	28.300	0
TguLTR5d	NW_005054513.1	369149	369297	16.000	0
TguLTRL4d	NW_005054513.1	370157	370498	27.100	0
TguLTR5d	NW_005054513.1	396032	396102	18.300	0
TguLTR5a	NW_005054513.1	409971	410277	19.500	0
TguLTR5d	NW_005054513.1	432513	432558	15.600	0
TguLTR5d	NW_005054513.1	435248	435293	15.600	0
TguLTR11	NW_005054513.1	456248	456310	11.700	0
TguLTR11	NW_005054513.1	456772	456886	24.100	0
TguLTR11	NW_005054513.1	456914	457017	24.100	0
TguLTR5c	NW_005054513.1	460196	460797	20.900	0
TguLTR5d	NW_005054513.1	499404	499817	16.900	0
TguLTR11	NW_005054513.1	499817	499959	17.900	0
TguLTR5d	NW_005054513.1	501311	501474	23.400	0
TguLTR5d	NW_005054513.1	522691	523241	19.900	0
TguLTRL4c	NW_005054513.1	572372	572903	27.800	0
TguLTRL4d	NW_005054513.1	578452	578569	28.200	0
TguLTRL4d	NW_005054513.1	578739	578830	23.100	0
TguLTR5e	NW_005054513.1	617223	617442	24.600	0
TguLTRL4d	NW_005054513.1	628023	628099	27.600	0
TguLTRL4d	NW_005054513.1	628119	628208	18.200	0
TguLTR11	NW_005054513.1	631136	631337	20.000	0
TguLTR5b	NW_005054513.1	729513	729681	9.500	0
TguLTRL4c	NW_005054513.1	732415	733104	19.500	0
TguLTRL4c	NW_005054513.1	740646	741016	21.200	0
TguLTR5d	NW_005054513.1	799965	800317	15.500	0
TguLTR5d	NW_005054513.1	862185	862671	15.600	0
TguLTR5d	NW_005054513.1	935697	936052	23.100	0
TguLTRL4d	NW_005054513.1	986625	986805	31.000	0
TguLTRL4d	NW_005054514.1	339555	339852	28.600	0
TguLTRL4b	NW_005054514.1	929885	930562	31.100	0
TguLTRL4b	NW_005054514.1	930605	930799	32.400	0
TguLTRL4d	NW_005054515.1	53740	53829	20.400	0
TguLTR5d	NW_005054515.1	90214	90265	19.600	0
TguLTRL4b	NW_005054515.1	90871	91125	17.600	0
TguLTRL4b	NW_005054515.1	146827	147368	20.900	0
TguLTRL4b	NW_005054515.1	147372	147573	18.100	0
TguLTRL4d	NW_005054515.1	432761	433052	30.200	0
TguLTRL4d	NW_005054515.1	566094	566315	23.900	0
TguLTR5a	NW_005054515.1	633488	634002	17.700	0
TguLTR5b	NW_005054515.1	857266	857789	17.400	0
TguLTR5b	NW_005054515.1	895432	895935	18.600	0
TguLTRL4c	NW_005054516.1	42428	42972	23.200	0
TguLTRL4c	NW_005054516.1	43366	43937	20.500	0
TguLTR11	NW_005054516.1	100405	101055	15.800	0
TguLTRL4c	NW_005054516.1	126471	126715	16.000	0
TguLTRL4c	NW_005054516.1	127132	127261	21.700	0
TguLTRL4d	NW_005054516.1	144796	145049	27.800	0
TguLTR5d	NW_005054516.1	171710	172081	26.600	0
TguLTR5d	NW_005054516.1	180919	181021	16.700	0
TguLTR5d	NW_005054516.1	181033	181230	21.900	0
TguLTR5e	NW_005054516.1	192424	192545	28.800	0
TguLTR5e	NW_005054516.1	192612	192895	23.300	0
TguLTRL4c	NW_005054516.1	222459	222680	15.700	0
TguLTR5a	NW_005054516.1	249203	249679	21.100	0
TguLTR5b	NW_005054516.1	249679	249809	23.200	0
TguLTR5b	NW_005054516.1	250308	250548	21.800	0
TguLTR5b	NW_005054516.1	487115	487381	10.200	0
TguLTR5d	NW_005054516.1	678107	678148	7.300	0
TguLTRL4d	NW_005054516.1	703474	704018	28.000	0
TguLTR5b	NW_005054516.1	753139	753218	21.500	0
TguLTR5d	NW_005054516.1	766931	767205	18.400	0
TguLTR11	NW_005054516.1	789245	789310	23.100	0
TguLTR5a	NW_005054516.1	793905	794044	19.900	0
TguLTR5d	NW_005054516.1	824749	825075	20.700	0
TguLTR5d	NW_005054516.1	836209	836375	18.100	0
TguLTR5d	NW_005054516.1	921973	922025	11.800	0
TguLTR5d	NW_005054517.1	48375	48549	17.400	0
TguLTR5d	NW_005054517.1	59811	60332	19.700	0
TguLTR6a	NW_005054517.1	101941	102351	20.200	0
TguLTR5a	NW_005054517.1	105726	106259	20.500	0
TguLTR6a	NW_005054517.1	131173	131585	21.600	0
TguLTRL4c	NW_005054517.1	146586	146682	17.700	0
TguLTRL4b	NW_005054517.1	164420	164845	20.300	0
TguLTRL4b	NW_005054517.1	165217	165337	16.200	0
TguLTRL4d	NW_005054517.1	209942	210061	22.400	0
TguLTR5e	NW_005054517.1	212232	212434	27.200	0
TguLTR5e	NW_005054517.1	212557	212644	19.500	0
TguLTRL4d	NW_005054517.1	217011	217226	28.300	0
TguLTR11	NW_005054517.1	252523	252651	21.500	0
TguLTRL6b	NW_005054517.1	285832	285934	17.600	0
TguLTRL4c	NW_005054517.1	292230	292363	28.800	0
TguLTRL4c	NW_005054517.1	292386	292975	24.600	0
TguLTR5a	NW_005054517.1	304374	304524	15.800	0
TguLTR5a	NW_005054517.1	304527	304674	18.400	0
TguLTR5e	NW_005054517.1	305981	306131	27.100	0
TguLTR5c	NW_005054517.1	310309	310810	20.000	0
TguLTR5d	NW_005054517.1	379490	379600	20.100	0
TguLTRL4d	NW_005054517.1	389677	389831	19.500	0
TguLTR5d	NW_005054517.1	539866	539999	21.200	0
TguLTRL4d	NW_005054517.1	598901	599012	23.900	0
TguLTRL4d	NW_005054517.1	608349	608558	22.900	0
TguLTRL4d	NW_005054517.1	688244	688325	22.500	0
TguLTR5c	NW_005054517.1	773823	773956	23.000	0
TguLTRL4d	NW_005054517.1	789140	789754	26.000	0
TguLTR5d	NW_005054517.1	805538	805620	17.100	0
TguLTR5b	NW_005054517.1	816611	816708	14.600	0
TguLTRL4d	NW_005054517.1	858685	859040	18.900	0
TguLTRL4d	NW_005054518.1	8386	8533	32.200	0
TguLTR5c	NW_005054518.1	8544	8817	30.300	0
TguLTR5c	NW_005054518.1	15408	15473	15.400	0
TguLTRL4b	NW_005054518.1	15554	15729	34.100	0
TguLTRL4b	NW_005054518.1	18999	19216	22.500	0
TguLTRL4b	NW_005054518.1	19220	19560	25.800	0
TguLTR5c	NW_005054518.1	22530	22616	23.300	0
TguLTRL4d	NW_005054518.1	29517	29793	31.400	0
TguLTRL4d	NW_005054518.1	30742	30921	29.300	0
TguLTR5e	NW_005054518.1	43440	43552	22.800	0
TguLTR5c	NW_005054518.1	55706	56256	28.300	0
TguLTRL6b	NW_005054518.1	74287	74660	20.200	0
TguLTRL6b	NW_005054518.1	74803	74862	20.300	0
TguLTR6a	NW_005054518.1	75219	75361	23.200	0
TguLTR11	NW_005054518.1	81168	81559	18.400	0
TguLTR5a	NW_005054518.1	81696	81788	22.800	0
TguLTR5a	NW_005054518.1	95782	96268	22.000	0
TguLTR5a	NW_005054518.1	131159	131637	21.900	0
TguLTRL4b	NW_005054518.1	216871	216960	13.500	0
TguLTRL4b	NW_005054518.1	217148	217220	18.100	0
TguLTR5b	NW_005054518.1	303579	304000	17.100	0
TguLTR6a	NW_005054518.1	309241	309655	23.000	0
TguLTRL4c	NW_005054518.1	330158	330733	21.800	0
TguLTR5d	NW_005054518.1	339200	339311	20.700	0
TguLTR5b	NW_005054519.1	188763	188917	22.100	0
TguLTR5b	NW_005054519.1	189043	189430	19.400	0
TguLTRL4d	NW_005054519.1	377171	377362	28.900	0
TguLTRL4d	NW_005054519.1	756479	756673	33.000	0
TguLTRL4d	NW_005054519.1	757320	757523	23.900	0
TguLTRL4c	NW_005054519.1	864346	865047	22.800	0
TguLTRL4b	NW_005054519.1	899191	899988	22.600	0
TguLTRL4b	NW_005054520.1	501381	501553	15.800	0
TguLTRL4b	NW_005054520.1	501554	502142	20.600	0
TguLTR5d	NW_005054520.1	664099	664367	23.000	0
TguLTR5d	NW_005054520.1	861324	861405	21.000	0
TguLTR6a	NW_005054521.1	68878	68937	8.500	0
TguLTR5d	NW_005054521.1	181702	181768	9.100	0
TguLTR5a	NW_005054521.1	191185	191401	19.900	0
TguLTR5d	NW_005054521.1	224305	224406	21.800	0
TguLTR5d	NW_005054521.1	224408	224666	21.200	0
TguLTR6a	NW_005054521.1	318732	319147	21.100	0
TguLTRL6b	NW_005054521.1	458522	458728	14.800	0
TguLTRL6b	NW_005054521.1	463626	464005	19.800	0
TguLTRL4c	NW_005054521.1	525351	525390	10.300	0
TguLTR5c	NW_005054521.1	526073	526378	25.100	0
TguLTR5c	NW_005054521.1	526868	527098	16.100	0
TguLTRL4b	NW_005054521.1	527855	529033	18.500	0
TguLTRL4c	NW_005054521.1	529139	529762	25.100	0
TguLTR6a	NW_005054521.1	535044	535444	20.500	0
TguLTR5c	NW_005054521.1	535449	536058	19.800	0
TguLTR11	NW_005054521.1	549360	549743	17.600	0
TguLTR11	NW_005054521.1	552544	552614	18.600	0
TguLTRL4c	NW_005054521.1	552780	553286	16.500	0
TguLTR5a	NW_005054521.1	561561	562056	19.800	0
TguLTR5a	NW_005054521.1	562512	562554	18.400	0
TguLTR5a	NW_005054521.1	562579	563082	18.400	0
TguLTR5b	NW_005054521.1	608295	608830	16.600	0
TguLTR11	NW_005054521.1	641500	641688	17.100	0
TguLTR11	NW_005054521.1	642254	642403	18.000	0
TguLTR5d	NW_005054521.1	718128	718342	15.000	0
TguLTR5c	NW_005054521.1	723622	724158	21.100	0
TguLTRL4c	NW_005054521.1	763910	764132	17.200	0
TguLTR6a	NW_005054521.1	814333	814390	21.100	0
TguLTRL4c	NW_005054521.1	957350	957758	14.800	0
TguLTR5c	NW_005054522.1	22937	23482	18.900	0
TguLTR11	NW_005054522.1	181465	181526	22.900	0
TguLTR5a	NW_005054522.1	826949	827467	19.400	0
TguLTR5c	NW_005054522.1	965056	965418	20.900	0
TguLTR5b	NW_005054522.1	966738	967317	14.500	0
TguLTR5d	NW_005054523.1	432813	432922	20.900	0
TguLTR5a	NW_005054523.1	715074	715496	20.600	0
TguLTR6a	NW_005054523.1	850627	851045	22.000	0
TguLTR6a	NW_005054523.1	904312	904729	19.200	0
TguLTR5a	NW_005054523.1	926718	926970	19.400	0
TguLTRL4c	NW_005054523.1	929118	930256	24.500	0
TguLTRL4b	NW_005054523.1	943850	944884	21.000	0
TguLTRL4b	NW_005054524.1	6411	6602	22.500	0
TguLTRL4c	NW_005054524.1	166226	166359	22.700	0
TguLTRL4c	NW_005054524.1	166448	166546	23.500	0
TguLTRL4b	NW_005054524.1	219524	220387	27.600	0
TguLTRL4b	NW_005054524.1	220786	220958	23.800	0
TguLTR5d	NW_005054524.1	325224	325761	19.400	0
TguLTRL4b	NW_005054524.1	339684	339876	19.100	0
TguLTRL4b	NW_005054524.1	340353	340486	21.500	0
TguLTRL4b	NW_005054524.1	341472	342160	24.400	25
TguLTR5a	NW_005054524.1	442323	442552	24.200	0
TguLTRL4c	NW_005054524.1	456310	456552	21.200	0
TguLTR11	NW_005054524.1	807809	807881	27.800	0
TguLTRL4b	NW_005054524.1	815678	815755	7.900	0
TguLTRL4b	NW_005054524.1	815832	816137	21.100	0
TguLTRL4b	NW_005054525.1	12445	13491	24.000	0
TguLTR5d	NW_005054525.1	17258	17851	15.700	0
TguLTRL4c	NW_005054525.1	183404	183469	21.500	0
TguLTR5d	NW_005054525.1	183555	183841	21.100	0
TguLTRL4c	NW_005054525.1	183849	184097	20.700	0
TguLTRL4c	NW_005054525.1	228605	228814	20.100	0
TguLTR5d	NW_005054525.1	254338	254898	20.100	0
TguLTRL4d	NW_005054525.1	255442	255631	26.600	0
TguLTR5d	NW_005054525.1	339981	340321	16.800	0
TguLTRL4b	NW_005054525.1	356156	357088	21.900	0
TguLTR5d	NW_005054525.1	445950	446140	18.000	0
TguLTR5d	NW_005054525.1	496312	496359	12.800	0
TguLTRL4d	NW_005054525.1	512263	513149	26.300	0
TguLTR6a	NW_005054525.1	571999	572425	20.500	0
TguLTRL4c	NW_005054525.1	653001	653863	23.700	0
TguLTR6a	NW_005054525.1	739384	739867	24.200	0
TguLTR5d	NW_005054525.1	812772	812972	18.600	0
TguLTRL4b	NW_005054525.1	812985	814018	18.700	0
TguLTR5d	NW_005054525.1	814018	814302	23.400	0
TguLTR5d	NW_005054525.1	814303	814417	18.400	0
TguLTR5d	NW_005054525.1	814420	814748	17.400	0
TguLTR5d	NW_005054525.1	814762	814865	23.300	0
TguLTR5d	NW_005054525.1	861562	862115	20.100	0
TguLTRL4c	NW_005054525.1	902296	903253	23.000	0
TguLTR5d	NW_005054525.1	931860	932365	21.000	0
TguLTR5d	NW_005054526.1	42589	43155	21.500	0
TguLTR5b	NW_005054526.1	49803	50283	15.400	0
TguLTRL4d	NW_005054526.1	61009	61201	23.200	0
TguLTRL4d	NW_005054526.1	85053	85240	27.800	0
TguLTR5a	NW_005054526.1	118368	118524	17.200	0
TguLTRL6b	NW_005054526.1	145826	145887	17.400	0
TguLTRL6b	NW_005054526.1	145964	146357	24.000	0
TguLTR11	NW_005054526.1	191422	191562	17.800	0
TguLTRL4b	NW_005054526.1	205530	206417	16.600	0
TguLTRL4b	NW_005054526.1	206750	207006	16.900	0
TguLTR6a	NW_005054526.1	241754	242069	22.400	0
TguLTR6a	NW_005054526.1	242094	242171	22.400	0
TguLTR5a	NW_005054526.1	276249	276824	19.100	0
TguLTRL4b	NW_005054526.1	316045	316494	17.800	0
TguLTRL4c	NW_005054526.1	329981	330153	20.400	0
TguLTRL4c	NW_005054526.1	330166	330700	20.400	0
TguLTRL4b	NW_005054526.1	359132	360110	15.600	0
TguLTRL4c	NW_005054526.1	494311	494710	25.400	0
TguLTRL4c	NW_005054526.1	527892	528840	24.300	0
TguLTRL4b	NW_005054526.1	646892	647730	21.200	0
TguLTR5d	NW_005054526.1	690752	691347	21.500	0
TguLTRL6b	NW_005054526.1	751734	752087	18.600	0
TguLTRL6b	NW_005054526.1	879964	880396	20.500	0
TguLTR5a	NW_005054526.1	942895	943190	26.300	0
TguLTR5a	NW_005054526.1	943628	943919	26.700	0
TguLTR5e	NW_005054526.1	957321	957453	20.300	0
TguLTR5e	NW_005054526.1	957508	957826	23.900	0
TguLTR5a	NW_005054527.1	41680	41825	19.400	0
TguLTR5d	NW_005054527.1	57998	58215	21.000	0
TguLTR11	NW_005054527.1	98580	98736	18.600	0
TguLTR6a	NW_005054527.1	99105	99165	11.700	0
TguLTRL4d	NW_005054527.1	108272	108557	24.100	0
TguLTR6a	NW_005054527.1	148196	148270	20.300	0
TguLTR5a	NW_005054527.1	208637	208944	18.400	0
TguLTR6a	NW_005054527.1	274617	274782	18.800	0
TguLTR6a	NW_005054527.1	275197	275304	24.300	0
TguLTRL6b	NW_005054527.1	277877	277919	4.800	0
TguLTRL4c	NW_005054527.1	285062	285310	18.400	0
TguLTRL6b	NW_005054527.1	290851	291191	20.700	0
TguLTR11	NW_005054527.1	324199	324426	21.100	0
TguLTR5d	NW_005054527.1	336685	336749	21.900	0
TguLTRL4c	NW_005054527.1	874285	874696	20.700	0
TguLTR5a	NW_005054527.1	918361	918874	21.800	0
TguLTRL4c	NW_005054527.1	935188	935310	17.000	0
TguLTRL4c	NW_005054528.1	10693	11149	25.300	0
TguLTR5c	NW_005054528.1	18094	18674	18.100	0
TguLTR5a	NW_005054528.1	60434	60951	20.700	0
TguLTR5b	NW_005054528.1	144620	144897	10.700	0
TguLTRL4d	NW_005054528.1	145258	146001	25.300	0
TguLTRL4d	NW_005054528.1	146418	146616	20.800	0
TguLTR6a	NW_005054528.1	175394	175826	18.700	0
TguLTR5c	NW_005054528.1	191601	192148	24.200	0
TguLTR5c	NW_005054528.1	202317	202855	18.900	0
TguLTR5d	NW_005054528.1	207146	207190	18.100	0
TguLTR5d	NW_005054528.1	207259	207794	18.100	0
TguLTR11	NW_005054528.1	231121	231227	15.800	0
TguLTR5d	NW_005054528.1	260018	260616	24.700	0
TguLTRL4c	NW_005054528.1	280174	281151	21.700	0
TguLTRL4c	NW_005054528.1	294699	295057	15.400	0
TguLTRL4c	NW_005054528.1	295063	295238	20.100	0
TguLTR11	NW_005054528.1	301502	301742	23.500	0
TguLTR5c	NW_005054528.1	306742	306784	14.300	0
TguLTRL4c	NW_005054528.1	311027	311838	20.500	0
TguLTR5d	NW_005054528.1	375916	376453	20.000	0
TguLTR11	NW_005054528.1	402038	402123	22.400	0
TguLTR11	NW_005054528.1	402159	402281	22.400	0
TguLTR5d	NW_005054528.1	415822	416406	20.800	0
TguLTRL4d	NW_005054528.1	419214	419479	19.400	0
TguLTR6a	NW_005054528.1	420478	420900	24.900	0
TguLTR5e	NW_005054528.1	464447	464935	28.900	0
TguLTRL4b	NW_005054528.1	509741	510858	20.500	0
TguLTRL4d	NW_005054528.1	511970	512072	27.400	0
TguLTR5d	NW_005054528.1	528641	528954	24.500	0
TguLTRL4c	NW_005054528.1	536881	537899	19.700	0
TguLTR5d	NW_005054528.1	614894	615058	21.300	0
TguLTR5d	NW_005054528.1	615647	616069	22.000	0
TguLTR5a	NW_005054528.1	635864	636414	21.400	0
TguLTR5e	NW_005054528.1	650246	650589	30.900	0
TguLTRL4c	NW_005054528.1	776258	777356	22.200	0
TguLTRL4c	NW_005054528.1	792854	793782	28.700	0
TguLTR5c	NW_005054528.1	813985	814580	24.400	0
TguLTRL6b	NW_005054528.1	822399	822537	22.000	0
TguLTRL4d	NW_005054528.1	830485	831344	26.100	0
TguLTR11	NW_005054528.1	833823	834069	22.700	0
TguLTR11	NW_005054528.1	834138	834371	40.300	0
TguLTRL4d	NW_005054528.1	835744	835977	27.600	0
TguLTR11	NW_005054528.1	862525	862747	19.100	0
TguLTR11	NW_005054528.1	863164	863300	18.800	0
TguLTRL4d	NW_005054528.1	870495	870909	32.000	0
TguLTRL4d	NW_005054528.1	870952	871042	22.200	0
TguLTR5a	NW_005054528.1	872445	872995	19.300	0
TguLTR5e	NW_005054528.1	880178	880434	23.800	0
TguLTR5e	NW_005054528.1	880812	880912	25.500	0
TguLTR5d	NW_005054528.1	890609	890733	18.600	0
TguLTR5c	NW_005054528.1	896330	896965	25.900	0
TguLTRL4c	NW_005054528.1	897206	897486	20.400	0
TguLTRL4c	NW_005054528.1	902683	902767	15.700	0
TguLTRL4c	NW_005054528.1	902786	902967	21.200	0
TguLTR5a	NW_005054529.1	18774	19361	20.600	0
TguLTR6a	NW_005054529.1	33989	34102	22.300	0
TguLTR6a	NW_005054529.1	34368	34738	19.600	0
TguLTR5e	NW_005054529.1	98449	99024	24.600	0
TguLTR5d	NW_005054530.1	67542	67605	15.900	0
TguLTR5d	NW_005054530.1	257625	257788	13.900	0
TguLTR6a	NW_005054530.1	565811	566015	21.200	0
TguLTRL6b	NW_005054530.1	566069	566120	13.700	0
TguLTRL6b	NW_005054530.1	568343	568456	21.800	0
TguLTR5b	NW_005054531.1	232629	233130	15.300	0
TguLTR5d	NW_005054531.1	289630	289916	14.800	0
TguLTRL4c	NW_005054531.1	379455	379601	17.100	0
TguLTRL4c	NW_005054531.1	509475	510077	22.600	0
TguLTR5a	NW_005054531.1	684097	684322	23.200	0
TguLTR5a	NW_005054531.1	776184	776339	27.700	0
TguLTR5a	NW_005054531.1	779369	779567	24.600	0
TguLTR11	NW_005054532.1	200775	201159	16.800	0
TguLTR5a	NW_005054532.1	514816	514973	26.100	0
TguLTR5a	NW_005054532.1	515032	515201	26.100	0
TguLTR5d	NW_005054532.1	853659	853829	17.800	0
TguLTR5e	NW_005054533.1	118419	118531	17.900	0
TguLTRL4d	NW_005054533.1	128490	128661	20.700	0
TguLTRL4c	NW_005054533.1	366339	366839	20.900	0
TguLTRL6b	NW_005054534.1	76664	77053	18.000	0
TguLTRL6b	NW_005054534.1	403318	403727	19.400	0
TguLTR5b	NW_005054534.1	550250	550831	20.500	0
TguLTR5a	NW_005054534.1	642415	642990	22.100	0
TguLTR5b	NW_005054534.1	672938	672987	20.400	0
TguLTRL4b	NW_005054534.1	698938	699232	29.400	0
TguLTR5d	NW_005054534.1	729117	729219	20.600	0
TguLTRL4c	NW_005054534.1	745992	746778	19.900	0
TguLTRL4b	NW_005054534.1	756627	757422	19.600	0
TguLTR5e	NW_005054534.1	805086	805624	29.600	0
TguLTRL4d	NW_005054534.1	839673	839884	26.600	0
TguLTRL4d	NW_005054534.1	839907	839989	18.300	0
TguLTRL4b	NW_005054535.1	251534	251754	33.200	0
TguLTR5a	NW_005054535.1	386190	386467	24.400	0
TguLTRL4c	NW_005054536.1	787566	787758	24.700	0
TguLTRL4c	NW_005054537.1	18963	19711	24.200	0
TguLTRL4c	NW_005054537.1	35692	36797	20.200	0
TguLTR5a	NW_005054537.1	65712	66063	17.400	0
TguLTR5a	NW_005054537.1	66282	66336	11.300	0
TguLTR5c	NW_005054537.1	100078	100663	17.600	0
TguLTRL4c	NW_005054537.1	168932	169257	24.700	0
TguLTRL4b	NW_005054537.1	232312	232409	17.000	0
TguLTRL4b	NW_005054537.1	232752	233527	25.600	0
TguLTR5d	NW_005054537.1	374694	375178	19.900	0
TguLTRL4c	NW_005054537.1	390582	390692	20.200	0
TguLTRL4b	NW_005054537.1	493402	494423	22.600	0
TguLTR5b	NW_005054537.1	612996	613582	13.600	0
TguLTR5b	NW_005054537.1	686010	686262	22.200	0
TguLTR6a	NW_005054537.1	727859	728098	21.700	0
TguLTR5d	NW_005054537.1	728349	728907	22.400	0
TguLTRL4d	NW_005054537.1	734227	735009	26.400	0
TguLTR11	NW_005054537.1	778721	779590	14.800	0
TguLTR6a	NW_005054537.1	806293	806581	17.400	0
TguLTR6a	NW_005054537.1	806633	806825	26.000	0
TguLTRL4b	NW_005054537.1	807036	807153	17.100	0
TguLTR5e	NW_005054537.1	817802	818300	27.300	0
TguLTR11	NW_005054537.1	832989	833050	13.300	0
TguLTR11	NW_005054537.1	833132	833657	17.500	0
TguLTR11	NW_005054537.1	833658	833885	18.100	0
TguLTR11	NW_005054537.1	836701	836762	13.300	0
TguLTR11	NW_005054537.1	836844	837478	16.800	0
TguLTRL4b	NW_005054538.1	15718	15768	26.300	0
TguLTRL4b	NW_005054538.1	15819	16331	26.300	0
TguLTRL4b	NW_005054538.1	36694	37772	17.900	0
TguLTRL4b	NW_005054538.1	65755	66794	19.300	0
TguLTRL4b	NW_005054538.1	85692	85956	35.400	0
TguLTR11	NW_005054538.1	159889	159979	14.400	0
TguLTR11	NW_005054538.1	160051	160199	17.600	0
TguLTR11	NW_005054538.1	162250	162353	26.200	0
TguLTR11	NW_005054538.1	162399	162502	28.200	0
TguLTR11	NW_005054538.1	165283	165494	19.900	0
TguLTRL4b	NW_005054538.1	183136	183896	19.400	0
TguLTRL4b	NW_005054538.1	196451	196513	29.500	0
TguLTRL4b	NW_005054538.1	197644	197939	34.300	0
TguLTRL4b	NW_005054538.1	222498	223580	19.900	0
TguLTR5b	NW_005054538.1	244799	245303	14.900	0
TguLTRL4c	NW_005054538.1	262674	263242	21.500	0
TguLTRL4c	NW_005054538.1	263687	264057	19.300	0
TguLTR6a	NW_005054538.1	337100	337388	21.600	0
TguLTRL6b	NW_005054538.1	337423	337591	20.200	0
TguLTRL6b	NW_005054538.1	342309	342771	20.300	0
TguLTRL4b	NW_005054538.1	351236	351512	18.600	0
TguLTRL4b	NW_005054538.1	351522	351662	21.900	0
TguLTRL4b	NW_005054538.1	352003	352155	21.900	0
TguLTR5d	NW_005054538.1	352155	352602	22.800	0
TguLTR6a	NW_005054538.1	381767	381843	18.400	0
TguLTR11	NW_005054538.1	430448	430650	20.500	0
TguLTR11	NW_005054538.1	430841	431074	19.900	0
TguLTRL4b	NW_005054538.1	466097	467135	17.600	0
TguLTR11	NW_005054538.1	499911	500143	25.000	0
TguLTRL4b	NW_005054538.1	516928	517064	28.900	0
TguLTRL4b	NW_005054538.1	518134	518399	34.700	0
TguLTRL4b	NW_005054538.1	518441	518485	11.900	0
TguLTRL4b	NW_005054538.1	534529	534681	27.200	0
TguLTRL4b	NW_005054538.1	535198	535456	32.100	0
TguLTRL4b	NW_005054538.1	535575	536081	30.100	0
TguLTR6a	NW_005054538.1	560897	561132	29.900	0
TguLTR6a	NW_005054538.1	561731	561956	18.900	0
TguLTRL6b	NW_005054538.1	613918	614196	25.200	0
TguLTRL6b	NW_005054538.1	617411	617884	25.400	0
TguLTR5b	NW_005054538.1	620709	621256	19.000	0
TguLTRL4b	NW_005054538.1	647908	648900	20.900	0
TguLTRL4b	NW_005054538.1	649922	649997	19.500	0
TguLTR6a	NW_005054538.1	650910	651233	23.900	0
TguLTRL4b	NW_005054538.1	659338	659456	26.700	0
TguLTR6a	NW_005054538.1	659994	660193	16.300	0
TguLTR6a	NW_005054538.1	660754	660841	16.700	0
TguLTRL6b	NW_005054538.1	660952	661100	21.800	0
TguLTR5b	NW_005054538.1	690499	690926	18.900	0
TguLTR11	NW_005054538.1	705630	705881	27.100	0
TguLTR5b	NW_005054538.1	727379	727945	22.600	0
TguLTR5a	NW_005054538.1	747494	747674	19.700	0
TguLTR5a	NW_005054538.1	749307	749802	20.800	0
TguLTRL4b	NW_005054538.1	774058	775096	17.700	0
TguLTR5d	NW_005054538.1	780849	781438	20.600	0
TguLTR6a	NW_005054538.1	814909	815345	21.100	0
TguLTRL4b	NW_005054538.1	816719	817483	26.600	0
TguLTRL4b	NW_005054538.1	818080	818177	20.500	0
TguLTRL4c	NW_005054539.1	90444	90851	18.600	0
TguLTRL4d	NW_005054539.1	317712	318122	23.100	0
TguLTRL4d	NW_005054539.1	318316	318416	30.000	0
TguLTR5a	NW_005054539.1	497819	498386	21.300	0
TguLTR5a	NW_005054539.1	562965	563574	18.100	0
TguLTR5d	NW_005054539.1	671753	672310	19.900	0
TguLTR11	NW_005054540.1	25821	26033	17.200	0
TguLTR11	NW_005054540.1	35333	35668	17.300	0
TguLTR5d	NW_005054540.1	43404	44017	24.300	0
TguLTR5b	NW_005054540.1	124887	125429	10.600	0
TguLTR5a	NW_005054540.1	150049	150356	20.100	0
TguLTRL4b	NW_005054540.1	188341	188402	19.700	0
TguLTRL6b	NW_005054540.1	221032	221212	21.800	0
TguLTR11	NW_005054540.1	224104	224808	17.600	0
TguLTR11	NW_005054540.1	224809	224901	21.300	0
TguLTRL4c	NW_005054540.1	253431	253561	13.900	0
TguLTRL4c	NW_005054540.1	253563	253637	10.800	0
TguLTRL4c	NW_005054540.1	329598	330613	17.000	0
TguLTR6a	NW_005054540.1	420126	420564	24.200	0
TguLTRL4d	NW_005054540.1	450337	450661	26.600	0
TguLTRL6b	NW_005054540.1	582106	582325	19.400	0
TguLTRL4b	NW_005054540.1	724784	725854	14.600	0
TguLTR5b	NW_005054540.1	771293	771547	11.900	0
TguLTR5b	NW_005054540.1	779708	780257	15.000	0
TguLTR5d	NW_005054540.1	816476	816645	17.200	0
TguLTRL4b	NW_005054541.1	77603	78600	16.900	0
TguLTR6a	NW_005054541.1	234125	234191	20.000	0
TguLTR6a	NW_005054541.1	234385	234752	23.700	0
TguLTR6a	NW_005054541.1	246086	246496	17.500	0
TguLTR5a	NW_005054542.1	14706	14973	21.100	0
TguLTRL4b	NW_005054542.1	24194	24269	17.600	0
TguLTR5c	NW_005054542.1	29624	29709	14.400	0
TguLTR11	NW_005054542.1	59876	60013	27.100	0
TguLTR5d	NW_005054542.1	87710	88220	21.800	0
TguLTR5a	NW_005054542.1	138318	138952	21.500	0
TguLTR6a	NW_005054542.1	140753	141271	22.700	0
TguLTRL4c	NW_005054542.1	145875	147011	25.500	0
TguLTR6a	NW_005054542.1	158910	159238	25.200	0
TguLTR5a	NW_005054542.1	161401	161644	21.200	0
TguLTR5a	NW_005054542.1	162340	162565	24.300	0
TguLTR11	NW_005054542.1	165614	165673	18.600	0
TguLTR5d	NW_005054542.1	208808	208975	22.300	0
TguLTR5e	NW_005054542.1	241955	242467	27.400	0
TguLTRL4c	NW_005054542.1	263674	264266	24.800	0
TguLTRL4c	NW_005054542.1	265094	265455	24.100	0
TguLTR5d	NW_005054542.1	278395	278926	21.600	0
TguLTR5d	NW_005054542.1	303290	303964	21.400	0
TguLTRL4d	NW_005054542.1	316926	317735	28.800	0
TguLTRL4b	NW_005054542.1	323819	324839	19.200	0
TguLTR11	NW_005054542.1	357075	357505	21.100	0
TguLTR11	NW_005054542.1	357515	357900	22.300	0
TguLTR11	NW_005054542.1	369262	369464	17.900	0
TguLTRL4c	NW_005054542.1	393478	393967	27.100	0
TguLTRL4b	NW_005054542.1	411194	411550	19.900	0
TguLTRL4c	NW_005054542.1	428422	428668	26.500	0
TguLTR5b	NW_005054542.1	442184	442393	20.900	0
TguLTRL4b	NW_005054542.1	448889	449801	21.900	0
TguLTRL4c	NW_005054542.1	454884	454989	20.600	0
TguLTR5d	NW_005054542.1	465429	465923	22.300	0
TguLTRL4d	NW_005054542.1	515050	515327	30.200	0
TguLTRL4d	NW_005054542.1	515436	515779	29.800	0
TguLTRL4c	NW_005054542.1	516113	516642	25.800	0
TguLTRL4d	NW_005054542.1	518050	518726	27.900	0
TguLTRL4c	NW_005054542.1	528863	529268	28.900	0
TguLTR5d	NW_005054542.1	587798	588377	19.800	0
TguLTRL4b	NW_005054542.1	664431	664654	34.800	0
TguLTR5d	NW_005054542.1	696728	697269	22.200	0
TguLTR11	NW_005054542.1	698235	698496	24.000	0
TguLTR11	NW_005054542.1	698570	698777	28.100	0
TguLTR5d	NW_005054542.1	709513	709592	28.100	0
TguLTRL4b	NW_005054542.1	739957	740250	32.700	0
TguLTRL4b	NW_005054542.1	747851	748924	21.900	0
TguLTR5c	NW_005054542.1	755561	756101	21.800	0
TguLTR5d	NW_005054542.1	766932	767076	22.700	0
TguLTRL4d	NW_005054542.1	778420	779287	31.000	0
TguLTR5d	NW_005054542.1	782087	782358	29.500	0
TguLTRL4d	NW_005054542.1	802613	803083	26.600	0
TguLTR11	NW_005054542.1	810784	810886	20.600	0
TguLTR5d	NW_005054543.1	61274	61430	19.200	0
TguLTR5a	NW_005054543.1	81021	81409	26.100	0
TguLTR5c	NW_005054543.1	96450	96965	20.000	0
TguLTR5d	NW_005054543.1	157237	157846	21.200	0
TguLTR5b	NW_005054543.1	207788	207833	11.100	0
TguLTR5b	NW_005054543.1	207834	207964	9.200	0
TguLTRL4c	NW_005054543.1	222954	223234	22.600	0
TguLTR5d	NW_005054543.1	254764	254928	18.900	0
TguLTR5c	NW_005054543.1	411079	411304	15.700	0
TguLTR5c	NW_005054543.1	411984	412194	18.600	0
TguLTR5a	NW_005054543.1	588930	589012	24.700	0
TguLTR5a	NW_005054543.1	589043	589406	20.800	0
TguLTRL4c	NW_005054543.1	795374	796353	17.900	0
TguLTR5e	NW_005054544.1	46082	46440	33.000	0
TguLTRL4d	NW_005054544.1	54999	55454	24.200	0
TguLTR5b	NW_005054544.1	55454	55965	18.700	0
TguLTRL4d	NW_005054544.1	55968	56224	24.500	0
TguLTR5d	NW_005054544.1	57441	58050	19.300	0
TguLTR11	NW_005054544.1	72285	72426	18.400	0
TguLTR11	NW_005054544.1	72875	73153	15.700	0
TguLTR5d	NW_005054544.1	82873	83460	21.000	0
TguLTRL4d	NW_005054544.1	93097	93836	27.900	0
TguLTR5b	NW_005054544.1	96372	96633	11.500	0
TguLTR5b	NW_005054544.1	96636	96828	18.800	0
TguLTR5b	NW_005054544.1	117052	117450	20.600	0
TguLTR11	NW_005054544.1	118004	118285	12.100	0
TguLTRL4d	NW_005054544.1	122429	123128	24.600	0
TguLTRL4b	NW_005054544.1	141383	142334	19.200	0
TguLTRL4b	NW_005054544.1	163227	164210	15.500	0
TguLTR11	NW_005054544.1	204794	205064	15.600	0
TguLTRL4c	NW_005054544.1	206057	206416	23.700	0
TguLTR5a	NW_005054544.1	227748	228079	21.400	0
TguLTR11	NW_005054544.1	365149	365513	12.100	0
TguLTR5d	NW_005054544.1	399639	400271	23.900	0
TguLTR5b	NW_005054544.1	412519	413093	18.300	0
TguLTRL4d	NW_005054544.1	429192	429693	32.400	0
TguLTRL4b	NW_005054544.1	514102	515160	13.200	0
TguLTR5d	NW_005054544.1	555575	555669	14.500	0
TguLTRL4b	NW_005054544.1	555669	556801	14.100	0
TguLTR5d	NW_005054544.1	556802	557214	20.900	0
TguLTR5c	NW_005054544.1	571887	572487	18.300	0
TguLTRL4c	NW_005054544.1	575470	576554	19.900	0
TguLTRL4b	NW_005054544.1	588408	589407	13.200	0
TguLTRL4b	NW_005054544.1	594117	594760	17.500	0
TguLTRL4b	NW_005054544.1	594765	594939	14.500	0
TguLTRL4d	NW_005054544.1	605493	605703	21.500	0
TguLTR6a	NW_005054544.1	606036	606083	9.300	0
TguLTRL6b	NW_005054544.1	606178	606513	20.900	0
TguLTR5b	NW_005054544.1	614934	615142	12.000	0
TguLTR5d	NW_005054544.1	618016	618574	18.900	0
TguLTR5d	NW_005054544.1	627545	628066	15.600	0
TguLTR5a	NW_005054544.1	669172	669641	18.100	0
TguLTR5c	NW_005054544.1	703594	703714	18.300	0
TguLTR5c	NW_005054544.1	704340	704680	18.700	0
TguLTRL4d	NW_005054544.1	779418	780134	26.500	0
TguLTRL4d	NW_005054544.1	780229	780287	25.400	0
TguLTRL4b	NW_005054546.1	541293	541917	22.400	0
TguLTRL4d	NW_005054547.1	4793	5149	24.900	0
TguLTR5b	NW_005054547.1	27366	27960	13.700	0
TguLTR5b	NW_005054547.1	60426	60549	18.700	0
TguLTR5b	NW_005054547.1	60549	60798	16.400	0
TguLTRL4c	NW_005054547.1	78306	78417	16.200	0
TguLTRL4c	NW_005054547.1	91017	91490	23.200	0
TguLTR11	NW_005054547.1	127633	127870	21.000	0
TguLTR11	NW_005054547.1	127919	128071	22.100	0
TguLTRL6b	NW_005054547.1	165162	165665	17.900	0
TguLTR5a	NW_005054547.1	205289	205822	22.100	0
TguLTR5c	NW_005054547.1	215642	215713	11.600	0
TguLTRL4d	NW_005054547.1	222972	223364	26.600	0
TguLTRL4d	NW_005054547.1	223652	224072	25.300	0
TguLTRL4c	NW_005054547.1	228024	229012	24.100	0
TguLTR5d	NW_005054547.1	231728	232270	22.200	0
TguLTRL4b	NW_005054547.1	256239	257323	15.500	0
TguLTR5d	NW_005054547.1	266514	266930	21.600	0
TguLTR5e	NW_005054547.1	286569	286689	23.500	0
TguLTR5d	NW_005054547.1	338302	338457	24.200	0
TguLTRL4d	NW_005054547.1	350255	350796	29.100	0
TguLTRL4d	NW_005054547.1	351215	351367	26.200	0
TguLTRL4d	NW_005054547.1	352131	352283	26.200	0
TguLTRL4d	NW_005054547.1	352869	352967	23.500	0
TguLTR5e	NW_005054547.1	449894	450447	29.500	0
TguLTR11	NW_005054547.1	493559	493682	16.400	0
TguLTR11	NW_005054547.1	493810	494044	25.900	0
TguLTR5a	NW_005054547.1	504998	505541	29.800	0
TguLTR5d	NW_005054547.1	508796	509118	24.400	0
TguLTR11	NW_005054547.1	537955	538423	21.000	0
TguLTR5c	NW_005054547.1	549389	549972	21.500	0
TguLTRL4c	NW_005054547.1	550055	550389	15.300	0
TguLTR11	NW_005054547.1	556082	556255	26.800	0
TguLTRL6b	NW_005054547.1	579659	580123	26.700	0
TguLTR11	NW_005054547.1	625764	626175	17.800	0
TguLTRL6b	NW_005054547.1	640040	640388	25.700	0
TguLTR6a	NW_005054547.1	645030	645208	21.100	0
TguLTR5d	NW_005054547.1	690879	691484	17.300	0
TguLTR5a	NW_005054548.1	386240	386336	6.900	0
TguLTRL4c	NW_005054548.1	400220	400488	19.500	0
TguLTRL4c	NW_005054548.1	510347	510425	20.500	0
TguLTR6a	NW_005054548.1	647878	648101	25.300	0
TguLTR5b	NW_005054549.1	178995	179268	15.900	0
TguLTRL4c	NW_005054549.1	199511	199585	15.100	0
TguLTR5a	NW_005054549.1	206732	207068	20.200	0
TguLTR5e	NW_005054549.1	265413	265914	29.100	0
TguLTR11	NW_005054549.1	409253	409462	12.900	0
TguLTR5b	NW_005054549.1	626425	626897	17.100	0
TguLTR6a	NW_005054550.1	319317	319771	17.400	0
TguLTR5b	NW_005054550.1	333726	334303	14.000	0
TguLTR5a	NW_005054550.1	390198	390665	15.700	0
TguLTR11	NW_005054550.1	418207	418625	16.300	0
TguLTR11	NW_005054551.1	80625	80700	20.300	0
TguLTR11	NW_005054551.1	92504	92579	20.300	0
TguLTR5b	NW_005054552.1	234174	234734	16.300	0
TguLTR5d	NW_005054552.1	556335	556837	21.000	0
TguLTR5b	NW_005054552.1	684211	684346	17.900	0
TguLTR5b	NW_005054552.1	685494	685756	19.100	0
TguLTR11	NW_005054552.1	685999	686309	23.500	0
TguLTR5b	NW_005054552.1	686454	686617	18.500	0
TguLTRL4b	NW_005054552.1	697103	697206	16.500	0
TguLTR11	NW_005054552.1	746428	746619	23.000	0
TguLTR5d	NW_005054553.1	11030	11531	19.000	0
TguLTR5a	NW_005054553.1	98717	98839	20.800	0
TguLTR5a	NW_005054553.1	98866	98910	20.800	0
TguLTR5a	NW_005054553.1	99166	99584	20.800	0
TguLTRL4c	NW_005054553.1	116044	116121	15.600	0
TguLTR5d	NW_005054553.1	157654	157759	18.100	0
TguLTRL4d	NW_005054553.1	401325	401596	25.200	0
TguLTRL4c	NW_005054553.1	670516	671287	27.500	0
TguLTR5b	NW_005054553.1	738038	738276	16.200	0
TguLTR5b	NW_005054554.1	15861	16443	17.300	0
TguLTR11	NW_005054554.1	64083	64367	18.000	0
TguLTR11	NW_005054554.1	65269	65842	17.300	0
TguLTR5b	NW_005054554.1	96034	96598	19.600	0
TguLTRL4c	NW_005054554.1	106507	106914	25.900	0
TguLTRL4c	NW_005054554.1	107865	108307	25.700	0
TguLTRL4c	NW_005054554.1	108638	109133	23.200	0
TguLTR5d	NW_005054554.1	125416	125948	19.800	0
TguLTRL4c	NW_005054554.1	210159	211020	20.900	0
TguLTRL4c	NW_005054554.1	252743	253222	29.000	0
TguLTRL4c	NW_005054554.1	268433	268679	25.000	0
TguLTR5d	NW_005054554.1	291657	292232	20.300	0
TguLTRL4c	NW_005054554.1	328306	328517	19.500	0
TguLTRL4c	NW_005054554.1	328520	328745	22.700	0
TguLTR11	NW_005054554.1	375190	375369	25.000	0
TguLTR11	NW_005054554.1	383871	383964	15.100	0
TguLTR11	NW_005054554.1	384685	384898	15.500	0
TguLTR5a	NW_005054554.1	401594	402123	21.700	0
TguLTRL4b	NW_005054554.1	458533	458613	10.000	0
TguLTRL4b	NW_005054554.1	459427	459948	26.200	0
TguLTR5b	NW_005054554.1	475821	476409	16.400	0
TguLTRL4b	NW_005054554.1	511035	512124	19.000	0
TguLTR5c	NW_005054554.1	568142	568450	20.900	0
TguLTR5b	NW_005054554.1	591884	592396	15.000	0
TguLTRL4d	NW_005054554.1	660543	660929	22.700	0
TguLTRL4c	NW_005054554.1	694292	695352	24.300	0
TguLTR11	NW_005054555.1	555810	555902	15.200	0
TguLTR5a	NW_005054556.1	96842	97137	24.600	0
TguLTR5d	NW_005054556.1	617774	617943	19.500	0
TguLTR5d	NW_005054556.1	682936	683157	19.700	0
TguLTR5d	NW_005054557.1	59988	60291	16.800	0
TguLTR5d	NW_005054557.1	225224	225502	18.300	0
TguLTR5d	NW_005054557.1	227169	227599	17.700	0
TguLTR5d	NW_005054557.1	426726	427089	25.000	0
TguLTR5a	NW_005054557.1	535805	536203	18.800	0
TguLTR5a	NW_005054557.1	536609	536712	15.300	0
TguLTR5a	NW_005054557.1	539055	539379	20.400	0
TguLTR5d	NW_005054557.1	547877	548379	23.000	0
TguLTR5a	NW_005054557.1	629866	630445	20.000	0
TguLTRL4d	NW_005054558.1	11339	11771	24.200	0
TguLTR5a	NW_005054558.1	53426	53531	18.100	0
TguLTRL4d	NW_005054558.1	92421	92617	32.200	0
TguLTR5d	NW_005054558.1	93049	93644	20.900	0
TguLTRL4d	NW_005054558.1	121139	121338	22.600	0
TguLTR6a	NW_005054558.1	126702	127157	23.900	0
TguLTR5d	NW_005054558.1	139535	140094	18.100	0
TguLTR6a	NW_005054558.1	141979	142321	21.100	0
TguLTR5e	NW_005054558.1	173631	174175	24.800	0
TguLTR5b	NW_005054558.1	187061	187327	9.800	0
TguLTR5d	NW_005054558.1	193078	193671	18.700	0
TguLTRL4b	NW_005054558.1	203892	204904	22.500	0
TguLTR5e	NW_005054558.1	210503	211017	28.300	0
TguLTR5e	NW_005054558.1	212316	212428	16.000	0
TguLTRL4b	NW_005054558.1	244186	244597	15.500	0
TguLTRL4d	NW_005054558.1	278990	279624	24.100	0
TguLTR5d	NW_005054558.1	283974	284511	17.600	0
TguLTRL4d	NW_005054558.1	309801	310042	27.100	0
TguLTR6a	NW_005054558.1	333619	334064	21.400	0
TguLTRL4b	NW_005054558.1	593925	594921	19.200	0
TguLTRL6b	NW_005054558.1	618862	619278	18.600	0
TguLTR5a	NW_005054558.1	724713	724866	21.300	0
TguLTRL4c	NW_005054559.1	1050	1838	25.600	0
TguLTR5d	NW_005054559.1	2120	2706	23.500	0
TguLTRL4d	NW_005054559.1	72024	72345	32.200	0
TguLTR5d	NW_005054559.1	146253	146358	21.200	0
TguLTR11	NW_005054559.1	153715	153782	25.400	0
TguLTR5a	NW_005054559.1	153843	154431	19.800	0
TguLTR11	NW_005054559.1	154448	154610	22.200	0
TguLTR5d	NW_005054559.1	191313	191367	15.400	0
TguLTR5a	NW_005054559.1	201107	201451	22.800	0
TguLTR5b	NW_005054559.1	239526	239616	15.600	0
TguLTRL4b	NW_005054559.1	244518	244615	17.600	0
TguLTRL4b	NW_005054559.1	244650	244863	20.700	0
TguLTRL4c	NW_005054560.1	435002	436026	21.200	0
TguLTR11	NW_005054560.1	492923	493186	20.500	0
TguLTRL4b	NW_005054560.1	570230	570571	20.400	0
TguLTR5a	NW_005054560.1	580609	580650	14.600	0
TguLTR5d	NW_005054560.1	601126	601648	22.000	0
TguLTR5a	NW_005054561.1	97075	97649	16.800	0
TguLTR5b	NW_005054561.1	367492	368064	17.200	0
TguLTR5c	NW_005054561.1	424057	424279	27.600	0
TguLTR11	NW_005054562.1	2705	2980	24.700	0
TguLTR5e	NW_005054562.1	10391	10434	11.600	0
TguLTR5a	NW_005054562.1	12011	12104	19.700	0
TguLTR5a	NW_005054562.1	12142	12248	19.700	0
TguLTRL4c	NW_005054562.1	17887	18205	23.700	0
TguLTRL4c	NW_005054562.1	18268	18397	16.500	0
TguLTR5d	NW_005054562.1	43679	43823	24.300	0
TguLTRL4c	NW_005054562.1	393956	394152	24.000	0
TguLTR5d	NW_005054562.1	511332	511570	19.500	0
TguLTR5d	NW_005054562.1	511571	511620	14.300	0
TguLTR5d	NW_005054562.1	513803	514350	19.300	0
TguLTRL4c	NW_005054562.1	546279	546528	18.600	0
TguLTRL4d	NW_005054562.1	634036	634276	22.100	0
TguLTR5d	NW_005054562.1	655125	655288	23.100	0
TguLTRL4c	NW_005054562.1	685865	686250	27.900	0
TguLTRL4c	NW_005054562.1	686668	686992	18.400	0
TguLTRL4c	NW_005054563.1	18318	18702	17.700	0
TguLTRL4c	NW_005054563.1	81713	81848	23.400	0
TguLTRL4b	NW_005054563.1	152587	153670	16.900	0
TguLTR5a	NW_005054563.1	410835	411496	25.000	0
TguLTR5a	NW_005054564.1	18237	18482	21.100	0
TguLTR6a	NW_005054564.1	77623	77935	21.500	0
TguLTRL4b	NW_005054564.1	110193	110647	16.100	0
TguLTR5d	NW_005054564.1	159416	159907	21.000	0
TguLTRL4c	NW_005054564.1	188225	188301	28.600	0
TguLTRL4c	NW_005054564.1	188371	189182	24.800	0
TguLTR5a	NW_005054564.1	364974	365565	18.900	0
TguLTR5d	NW_005054565.1	1417	2009	17.900	0
TguLTR5e	NW_005054565.1	13260	13336	20.000	0
TguLTRL4b	NW_005054565.1	33310	33569	35.100	0
TguLTRL4c	NW_005054565.1	68329	68511	24.400	0
TguLTR11	NW_005054565.1	71558	71745	24.900	0
TguLTR5d	NW_005054565.1	75960	76530	23.600	0
TguLTR5d	NW_005054565.1	100580	100905	27.200	0
TguLTR5a	NW_005054565.1	117856	117937	19.800	0
TguLTR5a	NW_005054565.1	118322	118768	20.800	0
TguLTR11	NW_005054565.1	140113	140357	18.300	0
TguLTR11	NW_005054565.1	140517	140654	19.800	0
TguLTRL4d	NW_005054565.1	140654	140756	18.800	0
TguLTRL4c	NW_005054565.1	143246	143581	22.100	0
TguLTRL4c	NW_005054565.1	143599	143836	23.500	0
TguLTR5d	NW_005054565.1	162376	162634	26.000	0
TguLTR5b	NW_005054565.1	177631	178213	17.400	0
TguLTRL4d	NW_005054565.1	201365	201519	22.900	0
TguLTR5e	NW_005054565.1	227663	227840	26.200	0
TguLTR5e	NW_005054565.1	227960	228317	24.600	0
TguLTR11	NW_005054565.1	244641	244799	21.700	0
TguLTR11	NW_005054565.1	245770	245880	29.000	0
TguLTR11	NW_005054565.1	246335	246469	27.400	0
TguLTRL4c	NW_005054565.1	323536	324121	26.700	0
TguLTRL4b	NW_005054565.1	326962	328157	22.700	0
TguLTR5e	NW_005054565.1	342986	343470	22.100	0
TguLTRL4c	NW_005054565.1	370045	371154	23.200	0
TguLTRL4c	NW_005054565.1	391902	392184	21.500	0
TguLTR5e	NW_005054565.1	410004	410312	27.200	0
TguLTRL4c	NW_005054565.1	441595	442116	19.100	0
TguLTRL4c	NW_005054565.1	442873	443155	14.900	0
TguLTRL4c	NW_005054565.1	444913	445258	19.800	0
TguLTR5e	NW_005054565.1	458961	459496	27.000	0
TguLTR5a	NW_005054565.1	579981	580363	19.800	0
TguLTR5a	NW_005054565.1	580473	580636	24.000	0
TguLTRL4c	NW_005054565.1	608126	609149	25.200	0
TguLTR5d	NW_005054565.1	628309	628900	17.500	0
TguLTR5b	NW_005054565.1	632560	632738	14.000	0
TguLTR5a	NW_005054565.1	661393	661604	22.600	0
TguLTRL4c	NW_005054566.1	102697	102820	18.700	0
TguLTRL4c	NW_005054567.1	32672	32844	23.800	0
TguLTRL4c	NW_005054567.1	33143	33200	24.600	0
TguLTR5e	NW_005054567.1	57377	57518	19.700	0
TguLTR5b	NW_005054567.1	72416	72979	16.100	0
TguLTRL4b	NW_005054567.1	137710	138401	19.700	0
TguLTRL4b	NW_005054567.1	138793	139024	21.000	0
TguLTR6a	NW_005054567.1	163846	164273	20.200	0
TguLTRL4d	NW_005054567.1	198911	199694	30.600	0
TguLTRL6b	NW_005054567.1	217978	218387	21.800	0
TguLTR5c	NW_005054567.1	249533	249661	24.400	0
TguLTR5d	NW_005054567.1	302560	303111	22.100	0
TguLTRL4c	NW_005054567.1	321492	321664	20.900	0
TguLTRL4c	NW_005054567.1	399897	400443	24.400	0
TguLTRL4c	NW_005054567.1	400808	401287	19.800	0
TguLTR5d	NW_005054567.1	442817	443392	22.100	0
TguLTR5a	NW_005054567.1	449551	449729	17.400	0
TguLTR5d	NW_005054567.1	472398	472705	20.200	0
TguLTRL4c	NW_005054567.1	474639	475163	23.200	0
TguLTR5c	NW_005054567.1	514243	514558	21.400	0
TguLTRL4c	NW_005054567.1	557953	558182	26.100	0
TguLTRL4c	NW_005054567.1	558182	558306	23.600	0
TguLTRL4c	NW_005054568.1	40616	41126	19.200	0
TguLTR5a	NW_005054568.1	153596	154168	22.400	0
TguLTR5b	NW_005054568.1	327067	327411	19.800	0
TguLTRL6b	NW_005054568.1	487990	488304	18.000	0
TguLTR5d	NW_005054568.1	506116	506277	23.100	0
TguLTR5d	NW_005054568.1	506612	506779	26.400	0
TguLTR5b	NW_005054569.1	182752	183319	14.800	0
TguLTR5a	NW_005054569.1	309999	310095	25.200	0
TguLTR5a	NW_005054569.1	310121	310474	21.800	0
TguLTR5d	NW_005054569.1	547499	547810	15.200	0
TguLTRL4b	NW_005054570.1	30506	31506	16.100	0
TguLTR5b	NW_005054570.1	125832	126409	13.700	0
TguLTR5e	NW_005054570.1	283107	283521	27.500	0
TguLTR5e	NW_005054570.1	296907	297321	27.500	0
TguLTR5a	NW_005054570.1	310722	311154	22.000	0
TguLTR5b	NW_005054570.1	514010	514598	15.800	0
TguLTR6a	NW_005054570.1	647666	648058	21.700	0
TguLTRL4b	NW_005054571.1	79936	80224	17.400	0
TguLTR11	NW_005054571.1	84167	84395	18.800	0
TguLTRL4b	NW_005054571.1	119629	119971	27.300	0
TguLTRL4b	NW_005054571.1	129121	129283	21.100	0
TguLTR5a	NW_005054571.1	138384	138624	15.500	0
TguLTR6a	NW_005054571.1	152134	152316	18.700	0
TguLTRL4c	NW_005054571.1	170111	170534	20.800	0
TguLTRL4c	NW_005054571.1	170551	170800	19.400	0
TguLTR6a	NW_005054571.1	367479	367774	18.800	0
TguLTRL6b	NW_005054571.1	367797	367961	22.600	0
TguLTR6a	NW_005054571.1	408399	408682	17.200	0
TguLTR5b	NW_005054571.1	410139	410318	15.100	0
TguLTR5b	NW_005054571.1	410927	411071	20.100	0
TguLTR5c	NW_005054571.1	430060	430487	19.700	0
TguLTR5d	NW_005054571.1	467685	467952	27.000	0
TguLTRL6b	NW_005054571.1	477003	477219	10.900	0
TguLTR6a	NW_005054571.1	507754	507964	17.400	0
TguLTR6a	NW_005054571.1	620092	620411	28.100	0
TguLTR11	NW_005054571.1	620979	621055	14.700	0
TguLTRL4b	NW_005054572.1	3480	4557	44.700	0
TguLTR11	NW_005054572.1	4714	4779	23.100	0
TguLTRL4d	NW_005054572.1	11210	11429	23.600	0
TguLTR5d	NW_005054572.1	466936	467452	19.000	0
TguLTRL4b	NW_005054572.1	479815	479973	17.900	0
TguLTRL4c	NW_005054573.1	152149	152303	20.500	0
TguLTR5a	NW_005054573.1	258612	258856	19.900	0
TguLTR5a	NW_005054573.1	349329	349438	21.300	0
TguLTR5a	NW_005054573.1	349496	349859	19.100	0
TguLTR5d	NW_005054573.1	547634	548167	20.400	0
TguLTRL4b	NW_005054573.1	626999	627270	23.400	0
TguLTRL4b	NW_005054573.1	627313	627484	19.300	0
TguLTR5a	NW_005054574.1	28202	28797	19.500	0
TguLTR5d	NW_005054574.1	88456	89012	16.100	0
TguLTRL4b	NW_005054574.1	159351	160430	20.200	0
TguLTR5d	NW_005054574.1	268998	269577	17.100	0
TguLTR5a	NW_005054574.1	349471	350066	19.400	0
TguLTR5e	NW_005054574.1	454551	454666	14.800	0
TguLTR11	NW_005054574.1	540675	540833	16.500	0
TguLTRL4c	NW_005054574.1	560174	560283	22.600	0
TguLTRL4c	NW_005054574.1	574397	575389	20.400	0
TguLTRL6b	NW_005054575.1	4470	4702	19.400	0
TguLTR5b	NW_005054575.1	5280	5857	17.100	0
TguLTR5a	NW_005054575.1	30709	30878	22.400	0
TguLTR5a	NW_005054575.1	31302	31654	21.900	0
TguLTR11	NW_005054575.1	83033	83182	20.100	0
TguLTR5e	NW_005054575.1	136779	136935	22.200	0
TguLTRL4c	NW_005054575.1	146822	146985	18.700	0
TguLTRL6b	NW_005054575.1	324626	324749	24.700	0
TguLTRL4c	NW_005054575.1	339863	339977	25.400	0
TguLTRL4c	NW_005054575.1	340499	340690	25.800	0
TguLTR5b	NW_005054575.1	360623	360664	9.800	0
TguLTR5b	NW_005054575.1	361415	361759	15.300	0
TguLTR5d	NW_005054575.1	455463	455688	20.900	0
TguLTR5d	NW_005054575.1	455689	455926	23.600	0
TguLTR5d	NW_005054575.1	594081	594134	20.800	0
TguLTR5d	NW_005054575.1	594150	594468	20.300	0
TguLTRL4c	NW_005054575.1	607415	607481	25.800	0
TguLTRL4c	NW_005054576.1	188081	188549	18.400	0
TguLTRL4c	NW_005054576.1	188552	188733	17.100	0
TguLTRL4c	NW_005054576.1	607839	607974	19.300	0
TguLTR5d	NW_005054577.1	14614	15201	19.700	0
TguLTR5c	NW_005054577.1	52639	53060	25.500	0
TguLTR5b	NW_005054577.1	157566	157813	14.600	0
TguLTRL6b	NW_005054577.1	540471	540645	17.500	0
TguLTRL4b	NW_005054577.1	561454	561866	14.700	0
TguLTR6a	NW_005054578.1	240393	240856	20.600	0
TguLTR5d	NW_005054578.1	451880	452391	19.800	0
TguLTR5a	NW_005054579.1	2140	2699	24.300	0
TguLTR5b	NW_005054579.1	29878	30469	14.900	0
TguLTR11	NW_005054579.1	45469	45883	19.200	0
TguLTRL4c	NW_005054579.1	93851	94438	20.500	0
TguLTRL4c	NW_005054579.1	151973	152160	20.000	0
TguLTR5b	NW_005054579.1	156344	156937	16.300	0
TguLTRL4d	NW_005054579.1	189920	190020	20.600	0
TguLTR5a	NW_005054579.1	195762	196318	23.000	0
TguLTRL4b	NW_005054579.1	218050	218767	23.600	0
TguLTR5b	NW_005054579.1	270773	270834	18.000	0
TguLTR5b	NW_005054579.1	271504	272118	19.500	0
TguLTR5b	NW_005054579.1	299066	299390	11.500	0
TguLTR11	NW_005054579.1	322477	322669	20.400	0
TguLTR11	NW_005054579.1	322738	323351	23.500	0
TguLTRL4b	NW_005054579.1	329481	330482	16.400	0
TguLTR5d	NW_005054579.1	352524	353090	17.000	0
TguLTRL4d	NW_005054579.1	390407	390858	25.600	0
TguLTRL4b	NW_005054579.1	403060	404095	21.400	0
TguLTR5a	NW_005054579.1	435725	436231	28.400	0
TguLTRL4d	NW_005054579.1	502309	502395	28.600	0
TguLTR5e	NW_005054579.1	502786	502908	32.000	0
TguLTRL4b	NW_005054579.1	543019	543498	20.400	0
TguLTR5a	NW_005054580.1	101339	101450	19.900	0
TguLTR5a	NW_005054580.1	553605	554047	18.200	0
TguLTR11	NW_005054580.1	595085	595178	20.400	0
TguLTR5a	NW_005054581.1	207307	207691	17.600	0
TguLTRL4b	NW_005054581.1	379966	380097	18.300	0
TguLTRL4b	NW_005054581.1	380100	380411	13.700	0
TguLTRL4d	NW_005054581.1	482599	482825	23.900	0
TguLTR5b	NW_005054581.1	483317	483877	14.300	0
TguLTRL4b	NW_005054582.1	54646	54838	14.600	0
TguLTR11	NW_005054582.1	118846	119016	23.600	0
TguLTR5a	NW_005054582.1	285260	285330	21.400	0
TguLTR5a	NW_005054582.1	285798	285972	22.000	0
TguLTR5a	NW_005054582.1	319558	319715	21.400	0
TguLTRL4b	NW_005054582.1	496845	497036	22.200	0
TguLTR5c	NW_005054583.1	0	219	26.100	0
TguLTR5c	NW_005054583.1	260	709	25.900	0
TguLTRL4b	NW_005054583.1	5220	6413	22.700	0
TguLTR5a	NW_005054583.1	8546	8794	20.300	0
TguLTR5d	NW_005054583.1	17455	17502	14.900	0
TguLTR5d	NW_005054583.1	27001	27087	26.700	0
TguLTR5d	NW_005054583.1	27087	27222	19.400	0
TguLTR5e	NW_005054583.1	38488	38583	27.400	0
TguLTR5b	NW_005054583.1	47638	48213	15.900	0
TguLTRL4d	NW_005054583.1	99753	100004	25.300	0
TguLTR5c	NW_005054583.1	117671	118073	19.600	0
TguLTR5c	NW_005054583.1	118991	119092	12.900	0
TguLTRL4c	NW_005054583.1	159117	160068	23.300	0
TguLTR5e	NW_005054583.1	169305	169473	27.900	0
TguLTR5c	NW_005054583.1	241264	241384	21.700	0
TguLTR5c	NW_005054583.1	241836	242255	17.700	0
TguLTRL4d	NW_005054583.1	297720	298149	28.000	0
TguLTRL4d	NW_005054583.1	308506	308795	25.200	0
TguLTR5d	NW_005054583.1	328554	329142	24.900	0
TguLTRL4c	NW_005054583.1	346808	347767	21.100	0
TguLTRL4d	NW_005054583.1	401935	402359	27.500	0
TguLTRL4c	NW_005054583.1	407546	407647	25.700	0
TguLTR5b	NW_005054583.1	485425	485990	12.600	0
TguLTRL6b	NW_005054583.1	542752	542829	21.000	0
TguLTR6a	NW_005054583.1	542975	543217	24.600	0
TguLTR11	NW_005054583.1	577655	577917	24.800	0
TguLTR5e	NW_005054584.1	559172	559283	28.300	0
TguLTR11	NW_005054585.1	299325	299489	24.400	0
TguLTR5a	NW_005054585.1	557434	557613	18.700	0
TguLTRL4c	NW_005054586.1	21698	22298	20.900	0
TguLTRL4b	NW_005054586.1	42872	43101	17.300	0
TguLTRL4b	NW_005054586.1	43112	43180	17.600	0
TguLTRL4b	NW_005054586.1	43944	44012	16.200	0
TguLTR11	NW_005054586.1	468333	468449	31.600	0
TguLTR11	NW_005054586.1	550866	551011	22.900	0
TguLTR5d	NW_005054587.1	312637	312739	25.000	0
TguLTR5d	NW_005054588.1	32646	33136	17.400	0
TguLTR5d	NW_005054588.1	115327	115476	18.100	0
TguLTR5d	NW_005054588.1	184357	184951	15.500	0
TguLTR5a	NW_005054588.1	403615	404184	22.400	0
TguLTR5a	NW_005054588.1	470183	470711	24.100	0
TguLTR11	NW_005054588.1	527428	527601	16.600	0
TguLTR5c	NW_005054588.1	527645	527742	17.600	0
TguLTRL6b	NW_005054588.1	527793	527949	23.100	0
TguLTR5d	NW_005054588.1	557987	558112	17.100	0
TguLTR5a	NW_005054589.1	8934	9484	18.400	0
TguLTR5a	NW_005054589.1	35333	35940	20.200	0
TguLTRL6b	NW_005054589.1	57522	57954	18.800	0
TguLTRL4d	NW_005054589.1	60462	60763	19.800	0
TguLTR5d	NW_005054589.1	132927	133277	23.000	0
TguLTR5e	NW_005054589.1	263296	263805	29.000	0
TguLTR5d	NW_005054589.1	317380	317614	18.100	0
TguLTR5d	NW_005054589.1	333918	334194	16.700	0
TguLTR5d	NW_005054589.1	334328	334574	20.900	0
TguLTRL4b	NW_005054589.1	543755	544779	21.300	0
TguLTRL6b	NW_005054590.1	394520	394706	17.900	0
TguLTR11	NW_005054590.1	532225	532335	21.800	0
TguLTRL4b	NW_005054591.1	201881	202157	25.100	0
TguLTR5c	NW_005054592.1	143889	144464	17.900	0
TguLTRL4b	NW_005054592.1	144465	144800	15.700	0
TguLTRL4b	NW_005054592.1	144801	145191	17.800	0
TguLTRL4b	NW_005054592.1	145537	145856	16.700	0
TguLTR5d	NW_005054592.1	492912	493479	22.200	0
TguLTR5d	NW_005054593.1	341990	342170	18.300	0
TguLTRL4c	NW_005054594.1	196	361	25.000	0
TguLTRL4d	NW_005054594.1	382045	382194	23.100	0
TguLTR5e	NW_005054594.1	395894	396454	24.300	0
TguLTRL4c	NW_005054594.1	496736	497157	26.400	0
TguLTRL4c	NW_005054594.1	502277	502596	29.900	0
TguLTRL4c	NW_005054594.1	507272	507488	28.800	0
TguLTRL4c	NW_005054594.1	530452	530546	25.600	0
TguLTRL4c	NW_005054595.1	173348	174296	22.100	0
TguLTRL4c	NW_005054595.1	221648	222437	21.900	0
TguLTR5a	NW_005054595.1	283943	284351	22.300	0
TguLTR5a	NW_005054595.1	284424	284561	22.300	0
TguLTR6a	NW_005054595.1	329419	329601	22.000	0
TguLTR5e	NW_005054595.1	377955	378304	24.800	0
TguLTR11	NW_005054595.1	479293	479360	16.700	0
TguLTR11	NW_005054595.1	479622	479723	13.100	0
TguLTR11	NW_005054595.1	479746	480005	20.800	0
TguLTR5d	NW_005054598.1	226896	227104	20.900	0
TguLTRL4c	NW_005054598.1	273553	274112	24.700	0
TguLTR5d	NW_005054598.1	332910	333046	19.900	0
TguLTRL4c	NW_005054598.1	340972	341989	21.100	0
TguLTR5a	NW_005054598.1	351830	352394	24.400	0
TguLTR5d	NW_005054598.1	452102	452691	16.000	0
TguLTRL4b	NW_005054599.1	227733	228067	15.100	0
TguLTRL6b	NW_005054601.1	9086	9526	20.900	0
TguLTRL4c	NW_005054601.1	55107	55210	22.500	0
TguLTRL4c	NW_005054601.1	55219	55878	20.700	0
TguLTR5b	NW_005054601.1	98593	98659	21.200	0
TguLTR5e	NW_005054601.1	148877	149049	30.600	0
TguLTR6a	NW_005054601.1	202978	203356	21.500	0
TguLTRL4d	NW_005054601.1	270608	271016	23.400	0
TguLTR5b	NW_005054601.1	274123	274205	14.600	0
TguLTR5a	NW_005054601.1	302339	302691	20.200	0
TguLTR5a	NW_005054601.1	302794	302951	22.700	0
TguLTR5a	NW_005054601.1	313501	314012	22.500	0
TguLTRL4c	NW_005054601.1	357845	357887	9.500	0
TguLTR11	NW_005054601.1	400977	401073	14.700	0
TguLTR5a	NW_005054602.1	86968	87538	16.600	0
TguLTRL4b	NW_005054602.1	179099	179272	21.000	0
TguLTR5b	NW_005054602.1	279567	280143	18.100	0
TguLTR5a	NW_005054602.1	362300	362760	25.800	0
TguLTRL4c	NW_005054602.1	362806	362952	23.000	0
TguLTRL4b	NW_005054602.1	467024	467183	15.700	0
TguLTR5d	NW_005054603.1	124941	125410	25.900	0
TguLTR11	NW_005054604.1	63696	63859	22.300	0
TguLTRL4b	NW_005054606.1	231574	232107	20.800	0
TguLTRL4d	NW_005054607.1	14940	15247	24.600	0
TguLTRL4d	NW_005054607.1	15258	15661	32.400	0
TguLTRL4d	NW_005054607.1	31219	31285	27.300	0
TguLTRL4d	NW_005054607.1	31420	31683	25.200	0
TguLTR5a	NW_005054607.1	34202	34565	26.700	0
TguLTRL4c	NW_005054607.1	47858	48931	23.100	0
TguLTR5d	NW_005054607.1	104529	104961	22.600	0
TguLTR5d	NW_005054607.1	105370	105529	16.400	0
TguLTR5e	NW_005054607.1	166275	166429	21.600	0
TguLTRL4c	NW_005054607.1	176592	177068	25.000	0
TguLTR5a	NW_005054607.1	229759	229931	23.100	0
TguLTR5c	NW_005054607.1	246261	246742	21.800	0
TguLTRL4d	NW_005054607.1	265846	266495	25.400	0
TguLTRL4c	NW_005054607.1	267997	268091	27.500	0
TguLTRL4c	NW_005054607.1	268760	268906	31.500	0
TguLTR5d	NW_005054607.1	269359	269894	25.100	0
TguLTRL4d	NW_005054607.1	295084	295449	29.600	0
TguLTRL4d	NW_005054607.1	295453	295648	21.000	0
TguLTR5d	NW_005054607.1	342343	342911	21.900	0
TguLTR5a	NW_005054607.1	359014	359225	21.100	0
TguLTR11	NW_005054607.1	359238	359490	23.300	0
TguLTR11	NW_005054607.1	359568	359799	14.900	0
TguLTR5a	NW_005054607.1	359805	360073	18.200	0
TguLTR5a	NW_005054607.1	360691	360902	21.100	0
TguLTR11	NW_005054607.1	360915	361167	23.300	0
TguLTR11	NW_005054607.1	361245	361476	14.900	0
TguLTR5a	NW_005054607.1	361482	361750	18.200	0
TguLTR5e	NW_005054607.1	368322	368539	29.900	0
TguLTR5e	NW_005054607.1	368977	369177	29.600	0
TguLTRL4d	NW_005054607.1	429987	430154	19.200	0
TguLTRL4d	NW_005054607.1	430727	430855	19.700	0
TguLTRL4d	NW_005054607.1	438343	438550	22.700	0
TguLTR5b	NW_005054608.1	44906	45536	17.800	0
TguLTR5d	NW_005054608.1	65242	65486	27.000	0
TguLTR6a	NW_005054608.1	72018	72290	23.800	0
TguLTR6a	NW_005054608.1	75182	75494	21.800	0
TguLTR6a	NW_005054608.1	75577	75752	23.500	0
TguLTRL4c	NW_005054608.1	122647	122785	27.800	0
TguLTR5d	NW_005054608.1	278644	279214	28.500	0
TguLTRL4c	NW_005054608.1	301248	302148	26.400	0
TguLTR5e	NW_005054608.1	326504	326837	29.500	0
TguLTR5e	NW_005054608.1	326870	327015	29.100	0
TguLTRL4c	NW_005054608.1	331660	331782	29.500	0
TguLTRL4c	NW_005054608.1	331787	332420	26.700	0
TguLTR5e	NW_005054608.1	349757	350261	25.400	0
TguLTR5e	NW_005054608.1	355675	356179	25.400	0
TguLTRL6b	NW_005054608.1	383361	383800	23.400	0
TguLTR5b	NW_005054608.1	413356	413907	23.100	0
TguLTRL4c	NW_005054608.1	423650	423985	29.300	0
TguLTRL4d	NW_005054608.1	439165	439535	29.900	0
TguLTRL4c	NW_005054609.1	6740	7802	24.900	0
TguLTRL4b	NW_005054609.1	265877	266405	23.700	0
TguLTRL4b	NW_005054609.1	439993	440907	19.700	0
TguLTRL4b	NW_005054610.1	68977	69234	17.100	0
TguLTRL4b	NW_005054610.1	69319	69428	13.800	0
TguLTRL4b	NW_005054610.1	269739	270059	30.600	0
TguLTRL4b	NW_005054610.1	271270	271439	37.100	0
TguLTRL4b	NW_005054611.1	620	1413	31.900	0
TguLTRL4b	NW_005054611.1	255291	256275	24.400	0
TguLTR11	NW_005054611.1	297701	298032	26.700	0
TguLTRL4c	NW_005054611.1	305705	306774	23.300	0
TguLTR5e	NW_005054611.1	334214	334512	29.100	0
TguLTR5e	NW_005054611.1	334576	334708	31.100	0
TguLTR5b	NW_005054611.1	359086	359538	19.500	0
TguLTR5e	NW_005054611.1	377867	378117	20.600	0
TguLTR5a	NW_005054611.1	399220	399296	21.600	0
TguLTR11	NW_005054611.1	400343	400601	21.200	0
TguLTRL6b	NW_005054611.1	410556	410635	13.900	0
TguLTR5a	NW_005054612.1	121563	122060	27.600	0
TguLTR5a	NW_005054612.1	125981	126427	26.900	0
TguLTRL4c	NW_005054612.1	196215	196429	17.800	0
TguLTRL4c	NW_005054613.1	17640	17910	22.400	0
TguLTR5b	NW_005054613.1	37093	37492	18.900	0
TguLTRL4d	NW_005054613.1	153993	154485	23.900	0
TguLTRL4d	NW_005054613.1	155363	155589	23.500	0
TguLTRL4d	NW_005054613.1	243333	243654	23.900	0
TguLTRL4d	NW_005054613.1	282796	283009	22.100	0
TguLTR5d	NW_005054613.1	321735	321835	18.400	0
TguLTRL4b	NW_005054613.1	414254	414990	20.200	0
TguLTRL4b	NW_005054613.1	445929	446117	22.300	0
TguLTRL4b	NW_005054613.1	447022	447113	13.200	0
TguLTR6a	NW_005054614.1	13310	13528	18.400	0
TguLTRL4d	NW_005054614.1	14589	14902	29.100	0
TguLTR5a	NW_005054614.1	132051	132563	16.500	0
TguLTRL4c	NW_005054614.1	144984	145188	15.700	0
TguLTR5d	NW_005054614.1	349495	350026	18.200	0
TguLTRL4c	NW_005054614.1	399409	399546	22.000	0
TguLTRL4c	NW_005054615.1	443976	444398	25.400	0
TguLTR5c	NW_005054616.1	38540	39123	21.000	0
TguLTR6a	NW_005054616.1	49863	50282	22.000	0
TguLTR5d	NW_005054616.1	69750	69984	18.000	0
TguLTR11	NW_005054616.1	78537	78796	19.500	0
TguLTRL4c	NW_005054616.1	84774	85258	20.500	0
TguLTR5a	NW_005054616.1	110058	110293	22.900	0
TguLTR5e	NW_005054616.1	117691	118226	26.900	0
TguLTRL4c	NW_005054616.1	137590	137926	23.200	0
TguLTRL6b	NW_005054616.1	142991	143163	21.300	0
TguLTR6a	NW_005054616.1	143208	143508	21.800	0
TguLTR5d	NW_005054616.1	144701	144806	22.900	0
TguLTRL4d	NW_005054616.1	150692	150875	26.800	0
TguLTR5e	NW_005054616.1	151631	151733	29.600	0
TguLTR5b	NW_005054616.1	152349	152878	21.900	0
TguLTR5e	NW_005054616.1	166385	166976	27.600	0
TguLTR5a	NW_005054616.1	194820	195269	21.000	0
TguLTR11	NW_005054616.1	215280	215507	18.000	0
TguLTR11	NW_005054616.1	231605	231807	18.600	0
TguLTR5b	NW_005054616.1	247355	247946	15.000	0
TguLTRL6b	NW_005054616.1	310582	310750	19.700	0
TguLTR11	NW_005054616.1	314971	315272	17.300	0
TguLTR11	NW_005054616.1	315452	315701	16.700	0
TguLTR11	NW_005054616.1	336207	336449	17.200	0
TguLTRL4b	NW_005054616.1	348677	349699	24.800	0
TguLTR11	NW_005054617.1	136889	137262	15.700	0
TguLTRL4c	NW_005054617.1	160030	160505	21.900	0
TguLTRL4c	NW_005054617.1	160938	161300	21.900	0
TguLTR11	NW_005054619.1	29906	30221	17.800	0
TguLTR5d	NW_005054619.1	75562	75711	26.700	0
TguLTRL4c	NW_005054619.1	109944	111073	23.500	0
TguLTRL4c	NW_005054619.1	113106	113788	21.100	0
TguLTR5c	NW_005054619.1	115589	116150	18.900	0
TguLTR5d	NW_005054619.1	120911	121232	20.900	0
TguLTR5d	NW_005054619.1	122573	122894	20.900	0
TguLTR5c	NW_005054619.1	190162	190732	22.800	0
TguLTR5a	NW_005054619.1	196781	196955	19.900	0
TguLTR5a	NW_005054619.1	196989	197416	23.500	0
TguLTR5d	NW_005054619.1	211092	211309	23.000	0
TguLTR5a	NW_005054619.1	229142	229427	19.000	0
TguLTRL4d	NW_005054619.1	237743	238573	26.400	0
TguLTR11	NW_005054619.1	257953	258180	31.900	0
TguLTR5b	NW_005054619.1	361420	361580	17.500	0
TguLTR5b	NW_005054619.1	368869	369445	18.100	0
TguLTR5d	NW_005054619.1	377138	377556	25.500	0
TguLTRL6b	NW_005054620.1	5487	5821	20.900	0
TguLTR6a	NW_005054620.1	6411	6534	26.200	0
TguLTRL4b	NW_005054620.1	6698	7689	17.900	0
TguLTR6a	NW_005054620.1	11618	11683	21.900	0
TguLTR5d	NW_005054620.1	39805	40394	18.500	0
TguLTR5e	NW_005054620.1	126209	126407	23.700	0
TguLTRL4d	NW_005054620.1	190390	190460	25.700	0
TguLTR6a	NW_005054620.1	190466	190684	19.300	0
TguLTRL6b	NW_005054620.1	192168	192285	19.700	0
TguLTRL4d	NW_005054620.1	192344	192586	24.800	0
TguLTR11	NW_005054620.1	213287	213690	16.900	0
TguLTR5b	NW_005054620.1	363701	364291	13.300	0
TguLTR5e	NW_005054622.1	129637	130050	24.100	0
TguLTR6a	NW_005054622.1	131673	131836	29.200	0
TguLTR5d	NW_005054622.1	170968	171535	19.600	0
TguLTRL4c	NW_005054622.1	224747	225629	22.700	0
TguLTR5d	NW_005054622.1	237247	237725	26.300	0
TguLTR5b	NW_005054623.1	7185	7386	16.400	0
TguLTR5a	NW_005054623.1	226083	226154	11.300	0
TguLTR5d	NW_005054623.1	326881	326955	25.700	0
TguLTRL4d	NW_005054623.1	410316	410778	27.300	0
TguLTR5b	NW_005054624.1	13293	13869	13.900	0
TguLTR5b	NW_005054624.1	39384	39655	12.000	0
TguLTRL4b	NW_005054624.1	51677	52786	21.900	0
TguLTR5c	NW_005054624.1	79265	79542	29.600	0
TguLTRL4b	NW_005054624.1	79550	79664	18.600	0
TguLTRL4b	NW_005054624.1	80039	80134	18.900	0
TguLTRL4b	NW_005054624.1	80134	80600	18.800	0
TguLTRL4c	NW_005054624.1	92183	92310	22.200	0
TguLTRL4b	NW_005054624.1	146768	147533	24.800	0
TguLTRL4b	NW_005054624.1	148497	148679	23.800	0
TguLTR6a	NW_005054624.1	156245	156305	25.000	0
TguLTR11	NW_005054624.1	159922	160176	24.300	0
TguLTR5d	NW_005054624.1	162098	162591	18.400	0
TguLTRL4b	NW_005054624.1	176024	177011	21.500	0
TguLTR11	NW_005054624.1	189287	189415	18.600	0
TguLTR6a	NW_005054624.1	193442	193522	27.500	0
TguLTR11	NW_005054624.1	244886	244998	23.400	0
TguLTR11	NW_005054624.1	245446	245700	23.600	0
TguLTRL4b	NW_005054624.1	287539	287764	36.500	0
TguLTR6a	NW_005054624.1	316584	316698	26.300	0
TguLTRL4d	NW_005054624.1	367873	368215	27.800	0
TguLTRL4d	NW_005054624.1	368641	368865	22.500	0
TguLTRL4d	NW_005054624.1	369250	369418	21.300	0
TguLTRL4c	NW_005054627.1	327929	328074	20.700	0
TguLTR5a	NW_005054628.1	43118	43405	21.600	0
TguLTRL4b	NW_005054628.1	43405	44419	22.100	0
TguLTR5a	NW_005054628.1	44422	44708	24.100	0
TguLTR11	NW_005054628.1	48812	49448	16.200	0
TguLTR5a	NW_005054628.1	75065	75675	19.200	0
TguLTR5a	NW_005054628.1	125889	126185	20.100	0
TguLTR5e	NW_005054628.1	129417	129583	31.900	0
TguLTR5e	NW_005054628.1	129642	129913	25.800	0
TguLTRL4d	NW_005054630.1	11894	12074	27.100	0
TguLTRL4d	NW_005054630.1	12076	12190	21.800	0
TguLTR11	NW_005054630.1	60931	61179	14.800	0
TguLTRL4b	NW_005054630.1	88322	89336	20.800	0
TguLTRL4c	NW_005054630.1	97656	97864	21.700	0
TguLTR5b	NW_005054630.1	140657	141183	17.400	0
TguLTRL4c	NW_005054630.1	177833	178192	19.100	0
TguLTR5d	NW_005054630.1	196081	196187	15.100	0
TguLTR5d	NW_005054630.1	237020	237595	25.400	0
TguLTR5a	NW_005054630.1	244401	244773	23.700	0
TguLTR5a	NW_005054630.1	278494	278638	24.800	0
TguLTR11	NW_005054630.1	336368	336550	16.300	0
TguLTRL4c	NW_005054631.1	100496	101179	20.800	0
TguLTR5e	NW_005054632.1	15579	15736	29.000	0
TguLTR5a	NW_005054632.1	66183	66750	22.900	0
TguLTR5a	NW_005054632.1	115721	115796	15.500	0
TguLTRL4c	NW_005054632.1	204921	205090	15.400	0
TguLTRL4c	NW_005054632.1	206419	207022	23.600	0
TguLTR5d	NW_005054632.1	250193	250461	22.800	0
TguLTR5d	NW_005054632.1	347189	347326	21.000	0
TguLTR5b	NW_005054633.1	5222	5792	13.500	0
TguLTRL4b	NW_005054633.1	28058	28208	21.600	0
TguLTRL4d	NW_005054633.1	51649	52328	21.700	0
TguLTR5e	NW_005054633.1	208396	208658	29.900	0
TguLTR5d	NW_005054633.1	236298	236822	16.100	0
TguLTR5a	NW_005054633.1	258295	258785	19.900	0
TguLTRL4b	NW_005054633.1	342338	343347	16.200	0
TguLTRL4b	NW_005054633.1	344857	344966	16.300	0
TguLTRL4b	NW_005054633.1	344995	345170	21.400	0
TguLTR5b	NW_005054634.1	33406	33953	14.800	0
TguLTR5a	NW_005054634.1	50648	50778	17.700	0
TguLTRL4b	NW_005054634.1	61375	61740	26.600	0
TguLTR6a	NW_005054634.1	76839	76897	19.000	0
TguLTR11	NW_005054634.1	196757	196931	17.500	0
TguLTR5a	NW_005054634.1	198757	198856	15.200	0
TguLTR5b	NW_005054634.1	288864	289354	12.900	0
TguLTRL4d	NW_005054634.1	353095	353403	22.900	0
TguLTR5d	NW_005054635.1	34936	35007	12.700	0
TguLTR5d	NW_005054635.1	35142	35251	23.900	0
TguLTRL4b	NW_005054635.1	36195	37243	17.700	0
TguLTRL4b	NW_005054635.1	68743	69771	23.900	0
TguLTRL4d	NW_005054635.1	104946	105241	25.400	0
TguLTR6a	NW_005054635.1	132523	132961	20.300	0
TguLTRL4b	NW_005054635.1	138958	139570	18.000	0
TguLTR5b	NW_005054635.1	293005	293262	18.400	0
TguLTR6a	NW_005054635.1	293262	293706	27.200	0
TguLTR5b	NW_005054635.1	293706	294015	16.100	0
TguLTR5e	NW_005054635.1	314152	314701	24.400	0
TguLTRL4d	NW_005054635.1	358150	358259	27.500	0
TguLTRL4b	NW_005054636.1	5756	6019	33.000	0
TguLTRL4b	NW_005054636.1	44853	45937	20.300	0
TguLTRL4b	NW_005054636.1	59763	59883	25.300	0
TguLTRL4b	NW_005054636.1	61127	61329	28.200	0
TguLTRL4b	NW_005054636.1	161732	162783	18.300	0
TguLTR5a	NW_005054636.1	207821	208411	18.500	0
TguLTR5a	NW_005054636.1	208644	208929	19.400	0
TguLTR5a	NW_005054636.1	279223	279804	19.100	0
TguLTR5b	NW_005054636.1	346108	346158	6.000	0
TguLTR5b	NW_005054636.1	346192	346545	15.600	0
TguLTRL4b	NW_005054636.1	359096	359285	22.600	0
TguLTRL4b	NW_005054636.1	359493	360271	25.800	0
TguLTRL4d	NW_005054637.1	51053	51248	20.500	0
TguLTRL4b	NW_005054637.1	289747	289943	34.600	0
TguLTRL4b	NW_005054637.1	291468	292406	30.100	0
TguLTR5b	NW_005054638.1	171010	171552	16.800	0
TguLTR5d	NW_005054638.1	175703	175842	15.100	0
TguLTR5e	NW_005054638.1	185264	185795	28.000	0
TguLTR11	NW_005054638.1	236659	237040	18.900	0
TguLTR11	NW_005054638.1	240617	240672	7.400	0
TguLTR5c	NW_005054638.1	241189	241719	26.200	0
TguLTRL4d	NW_005054638.1	263340	263541	22.800	0
TguLTR5d	NW_005054638.1	265366	265504	15.300	0
TguLTR5d	NW_005054638.1	265558	265723	21.800	0
TguLTR11	NW_005054638.1	349968	350110	24.100	0
TguLTR11	NW_005054638.1	350204	350453	24.300	0
TguLTR11	NW_005054638.1	356148	356229	15.200	0
TguLTRL4c	NW_005054639.1	41031	41303	21.500	0
TguLTR5e	NW_005054639.1	295164	295407	33.900	0
TguLTR5d	NW_005054640.1	242508	242703	17.500	0
TguLTR5d	NW_005054640.1	242980	243094	20.200	0
TguLTR5d	NW_005054640.1	243811	243946	30.400	0
TguLTRL4c	NW_005054641.1	274623	274778	23.700	0
TguLTR5d	NW_005054642.1	31117	31670	17.800	0
TguLTR5a	NW_005054642.1	78414	78965	19.400	0
TguLTRL4d	NW_005054642.1	218053	218336	32.700	0
TguLTRL4b	NW_005054642.1	239990	240946	21.600	0
TguLTR5a	NW_005054642.1	272663	273264	18.500	0
TguLTR5d	NW_005054642.1	275995	276538	20.600	0
TguLTRL4d	NW_005054642.1	334713	335071	27.400	0
TguLTRL4c	NW_005054642.1	337472	337862	29.800	0
TguLTR11	NW_005054643.1	3066	3205	24.700	0
TguLTR11	NW_005054643.1	3506	3741	21.500	0
TguLTRL4b	NW_005054643.1	31755	32119	17.800	0
TguLTRL4b	NW_005054643.1	32945	33221	22.700	0
TguLTRL4b	NW_005054643.1	71249	72233	24.700	0
TguLTR5d	NW_005054643.1	73198	73608	19.400	0
TguLTRL4c	NW_005054643.1	104124	104470	27.000	0
TguLTR5c	NW_005054643.1	104476	104682	15.100	0
TguLTR5c	NW_005054643.1	104704	104811	29.200	0
TguLTRL4c	NW_005054643.1	104829	105517	27.400	0
TguLTRL4b	NW_005054643.1	182865	183548	18.100	0
TguLTRL4b	NW_005054643.1	184178	184538	19.300	0
TguLTR5c	NW_005054643.1	227610	228020	22.400	0
TguLTRL4b	NW_005054643.1	267884	268953	19.800	0
TguLTRL4b	NW_005054643.1	296134	297192	19.100	0
TguLTRL4c	NW_005054643.1	322002	322700	23.200	0
TguLTRL4b	NW_005054644.1	306	965	18.600	0
TguLTR5a	NW_005054644.1	4051	4510	21.500	0
TguLTR11	NW_005054644.1	12079	12273	14.500	0
TguLTRL4d	NW_005054644.1	12313	13280	24.700	0
TguLTRL6b	NW_005054644.1	27517	27958	19.600	0
TguLTR5a	NW_005054644.1	30847	31424	23.500	0
TguLTR5b	NW_005054644.1	110869	111266	10.800	0
TguLTRL6b	NW_005054644.1	142215	142657	25.500	0
TguLTRL4c	NW_005054644.1	195425	195535	18.200	0
TguLTR5b	NW_005054644.1	299964	300540	13.700	0
TguLTR5d	NW_005054649.1	307186	307544	16.900	0
TguLTR5a	NW_005054650.1	100364	100567	24.300	0
TguLTR11	NW_005054651.1	549	593	15.900	0
TguLTR11	NW_005054651.1	138083	138311	21.300	0
TguLTR5d	NW_005054651.1	206147	206244	20.600	0
TguLTRL4c	NW_005054651.1	281349	281961	23.900	0
TguLTRL4b	NW_005054651.1	282070	282325	23.400	0
TguLTR5d	NW_005054651.1	284308	284402	21.300	0
TguLTR5d	NW_005054651.1	284420	284522	14.800	0
TguLTRL4c	NW_005054652.1	20819	21784	26.700	0
TguLTRL4d	NW_005054652.1	54279	54415	21.100	0
TguLTR5a	NW_005054652.1	161358	161944	20.600	0
TguLTR5d	NW_005054652.1	178889	179159	23.800	0
TguLTR5d	NW_005054652.1	219596	220126	22.300	0
TguLTR5d	NW_005054652.1	223774	224034	22.200	0
TguLTRL4d	NW_005054652.1	265781	266273	23.700	0
TguLTRL4b	NW_005054652.1	314619	314945	13.100	0
TguLTR5d	NW_005054653.1	43829	43935	19.800	0
TguLTR5d	NW_005054653.1	44390	44647	18.300	0
TguLTR5d	NW_005054653.1	64462	64570	25.000	0
TguLTRL4d	NW_005054653.1	79439	79619	29.900	0
TguLTRL4d	NW_005054653.1	99024	99129	21.100	0
TguLTRL4c	NW_005054654.1	148814	148898	11.900	0
TguLTRL4c	NW_005054655.1	107390	107616	21.100	0
TguLTRL4c	NW_005054655.1	107628	107822	20.500	0
TguLTRL4c	NW_005054655.1	107864	107929	20.500	0
TguLTRL4b	NW_005054656.1	53344	53675	16.700	0
TguLTRL4b	NW_005054656.1	53677	53754	11.700	0
TguLTRL4c	NW_005054656.1	249922	250177	26.500	0
TguLTRL4b	NW_005054657.1	24855	24932	15.600	0
TguLTR5e	NW_005054657.1	49481	49960	29.400	0
TguLTRL4c	NW_005054657.1	102089	102987	21.200	0
TguLTRL4d	NW_005054657.1	231934	232158	28.500	0
TguLTR5a	NW_005054657.1	238889	239146	27.100	0
TguLTR5b	NW_005054657.1	270156	270574	15.300	0
TguLTR5e	NW_005054658.1	147787	148330	31.100	0
TguLTR5d	NW_005054658.1	180977	181551	18.900	0
TguLTRL4b	NW_005054658.1	221836	222116	32.900	0
TguLTR6a	NW_005054658.1	245598	246034	19.200	0
TguLTRL6b	NW_005054658.1	253562	253954	23.900	0
TguLTR5b	NW_005054658.1	277889	278135	19.000	0
TguLTRL4b	NW_005054659.1	147740	148068	34.300	0
TguLTR11	NW_005054659.1	224725	224801	24.300	0
TguLTRL4d	NW_005054659.1	261465	261549	26.200	0
TguLTRL4d	NW_005054659.1	263259	263652	27.300	0
TguLTRL4d	NW_005054659.1	266495	266999	24.500	0
TguLTRL6b	NW_005054659.1	268729	268844	23.900	0
TguLTRL4d	NW_005054659.1	270416	270836	26.300	0
TguLTRL4d	NW_005054659.1	270842	271009	31.700	0
TguLTR5a	NW_005054660.1	133284	133814	22.500	0
TguLTR5a	NW_005054660.1	206317	206357	15.000	0
TguLTR5d	NW_005054660.1	208281	208783	19.500	0
TguLTR5e	NW_005054661.1	241068	241411	25.100	0
TguLTRL4c	NW_005054665.1	61386	61622	21.900	0
TguLTRL4b	NW_005054666.1	7705	7926	28.500	0
TguLTR5e	NW_005054666.1	12275	12528	32.400	0
TguLTRL4b	NW_005054666.1	20328	20830	18.700	0
TguLTRL4b	NW_005054666.1	24351	24430	19.200	0
TguLTRL4b	NW_005054666.1	24803	24916	17.800	0
TguLTRL4b	NW_005054666.1	26568	26871	29.600	0
TguLTRL4b	NW_005054666.1	27292	27435	22.200	0
TguLTRL4b	NW_005054666.1	28568	28805	25.600	0
TguLTR11	NW_005054667.1	158713	158940	23.000	0
TguLTR11	NW_005054668.1	38306	38551	23.500	0
TguLTR5e	NW_005054668.1	42815	42970	19.900	0
TguLTR11	NW_005054668.1	75102	75354	26.000	0
TguLTR5d	NW_005054668.1	105792	106151	23.400	0
TguLTR5a	NW_005054668.1	176795	176999	18.700	0
TguLTR11	NW_005054668.1	210358	210600	24.100	0
TguLTR11	NW_005054668.1	210835	210946	19.800	0
TguLTRL4c	NW_005054669.1	34060	34211	19.200	0
TguLTRL4c	NW_005054669.1	35133	35477	21.300	0
TguLTRL4b	NW_005054669.1	35681	35846	21.700	0
TguLTRL4c	NW_005054669.1	35901	36189	26.600	0
TguLTRL4c	NW_005054669.1	36573	36734	26.600	0
TguLTRL4c	NW_005054669.1	36740	36994	16.700	0
TguLTR5b	NW_005054669.1	112520	112720	24.800	0
TguLTRL4c	NW_005054669.1	217846	218261	17.900	0
TguLTR5d	NW_005054669.1	232002	232516	19.900	0
TguLTR5a	NW_005054670.1	13456	13594	21.100	0
TguLTR11	NW_005054670.1	46466	46526	10.600	0
TguLTRL4c	NW_005054670.1	99715	99889	21.000	0
TguLTRL4c	NW_005054670.1	161260	161406	18.600	0
TguLTRL4c	NW_005054670.1	161407	161729	20.600	0
TguLTR5e	NW_005054671.1	58180	58733	28.100	0
TguLTR5a	NW_005054671.1	79408	79475	16.400	0
TguLTR5a	NW_005054671.1	187143	187255	11.600	0
TguLTR5a	NW_005054671.1	187255	187537	17.100	0
TguLTR11	NW_005054671.1	190495	190628	25.300	0
TguLTR5a	NW_005054671.1	254658	255143	19.000	0
TguLTRL4c	NW_005054674.1	173495	173627	19.200	0
TguLTRL4b	NW_005054675.1	177861	178923	16.200	0
TguLTRL4d	NW_005054677.1	4543	5122	28.400	0
TguLTRL4d	NW_005054677.1	17693	17940	26.300	0
TguLTRL4d	NW_005054677.1	18047	18241	26.300	0
TguLTR5a	NW_005054677.1	20060	20426	20.200	0
TguLTR5a	NW_005054677.1	20529	20681	23.000	0
TguLTR5d	NW_005054677.1	31993	32556	23.800	0
TguLTR5e	NW_005054677.1	51562	51757	30.000	0
TguLTR5e	NW_005054677.1	68187	68331	25.400	0
TguLTRL4d	NW_005054677.1	107806	108028	27.200	0
TguLTR5d	NW_005054677.1	157113	157598	20.900	0
TguLTR11	NW_005054677.1	179370	179487	21.800	0
TguLTR5d	NW_005054677.1	185026	185219	22.500	0
TguLTR5d	NW_005054677.1	185549	185928	20.600	0
TguLTRL4d	NW_005054677.1	192736	192911	28.700	0
TguLTR5b	NW_005054677.1	208112	208708	15.100	0
TguLTR5e	NW_005054677.1	230959	231493	28.000	0
TguLTRL4b	NW_005054678.1	1722	1970	28.000	0
TguLTRL4b	NW_005054678.1	3043	3124	21.000	0
TguLTRL4b	NW_005054678.1	3155	3770	20.200	0
TguLTRL4b	NW_005054678.1	13579	13710	20.200	0
TguLTRL4b	NW_005054678.1	16961	17044	20.500	0
TguLTRL4b	NW_005054678.1	17049	17160	24.500	0
TguLTRL4b	NW_005054678.1	17403	17648	29.100	0
TguLTRL4b	NW_005054678.1	21409	21648	22.800	0
TguLTRL4b	NW_005054678.1	25188	25824	20.200	0
TguLTRL4c	NW_005054678.1	26735	27091	22.800	0
TguLTRL4c	NW_005054678.1	27995	28172	24.400	0
TguLTRL4b	NW_005054678.1	30209	30418	17.600	0
TguLTRL4b	NW_005054678.1	30736	30975	27.200	0
TguLTRL4b	NW_005054678.1	48824	49447	19.600	0
TguLTRL4b	NW_005054678.1	65976	66144	17.800	0
TguLTRL4b	NW_005054678.1	79570	79734	30.500	0
TguLTRL4b	NW_005054678.1	84264	84356	18.500	0
TguLTR11	NW_005054678.1	87835	88405	15.100	0
TguLTRL4b	NW_005054678.1	88549	89076	18.000	0
TguLTRL4b	NW_005054678.1	97942	98154	21.200	0
TguLTRL4b	NW_005054678.1	98195	98666	21.900	0
TguLTRL4b	NW_005054678.1	123115	123783	21.000	0
TguLTR5b	NW_005054678.1	125762	126348	17.600	0
TguLTRL4b	NW_005054678.1	128282	129196	26.300	0
TguLTRL4b	NW_005054678.1	166308	166499	19.400	0
TguLTR11	NW_005054678.1	168362	168523	17.700	0
TguLTRL6b	NW_005054678.1	180501	180579	20.000	0
TguLTRL6b	NW_005054678.1	180588	180928	20.100	0
TguLTR11	NW_005054678.1	187971	188084	19.800	0
TguLTR11	NW_005054678.1	189315	189543	18.400	0
TguLTR5d	NW_005054679.1	4323	4893	18.900	0
TguLTR11	NW_005054679.1	52106	52226	15.800	0
TguLTR11	NW_005054679.1	52381	52481	21.400	0
TguLTRL4c	NW_005054679.1	55931	56243	17.100	0
TguLTR5a	NW_005054679.1	90906	91043	11.900	0
TguLTRL4c	NW_005054679.1	106741	107688	26.500	0
TguLTR5d	NW_005054682.1	2	397	17.100	0
TguLTR6a	NW_005054682.1	5032	5457	15.900	0
TguLTRL4b	NW_005054682.1	6474	7302	17.300	0
TguLTRL4b	NW_005054682.1	7730	7972	14.200	0
TguLTR6a	NW_005054682.1	11512	11948	19.000	0
TguLTRL6b	NW_005054682.1	13187	13259	19.400	0
TguLTRL4c	NW_005054682.1	82360	83195	19.800	0
TguLTRL4c	NW_005054682.1	83241	83259	19.800	0
TguLTRL4b	NW_005054682.1	86614	87710	23.100	0
TguLTR5e	NW_005054682.1	156016	156507	26.700	0
TguLTRL4c	NW_005054682.1	196274	196470	15.400	0
TguLTR5a	NW_005054683.1	79963	80472	18.100	0
TguLTR5a	NW_005054683.1	115634	115720	26.700	0
TguLTR5a	NW_005054683.1	177337	177729	24.600	0
TguLTRL4c	NW_005054684.1	191735	191883	21.800	0
TguLTR5c	NW_005054686.1	7568	7911	18.900	0
TguLTRL4b	NW_005054686.1	13099	13217	14.400	0
TguLTRL4b	NW_005054686.1	14370	14507	13.200	0
TguLTRL4b	NW_005054686.1	14804	15639	13.900	0
TguLTRL4b	NW_005054686.1	15682	15805	10.600	0
TguLTR5a	NW_005054686.1	54955	55423	13.800	0
TguLTRL4b	NW_005054686.1	55423	56455	22.300	0
TguLTR5a	NW_005054686.1	56505	56559	24.100	0
TguLTR5a	NW_005054686.1	67721	68263	15.400	0
TguLTRL4c	NW_005054686.1	69715	70007	11.400	0
TguLTR5a	NW_005054686.1	74221	74383	16.700	0
TguLTR5a	NW_005054686.1	74844	75172	18.300	0
TguLTR5a	NW_005054686.1	75464	75544	10.000	0
TguLTR5a	NW_005054686.1	90461	91027	17.500	0
TguLTRL6b	NW_005054686.1	97946	98075	11.600	0
TguLTR5c	NW_005054686.1	98426	98645	15.500	0
TguLTR5c	NW_005054686.1	100105	100344	14.500	0
TguLTR5c	NW_005054686.1	106538	107025	17.000	0
TguLTRL4c	NW_005054686.1	109970	110081	15.000	0
TguLTRL4c	NW_005054686.1	110799	110891	25.000	0
TguLTRL4c	NW_005054686.1	111530	112149	16.000	0
TguLTR11	NW_005054686.1	114518	114880	20.700	0
TguLTR11	NW_005054686.1	130856	131104	15.700	0
TguLTR11	NW_005054686.1	131602	131768	16.400	0
TguLTR5c	NW_005054686.1	144940	145341	16.500	0
TguLTR5b	NW_005054686.1	186090	186375	8.800	0
TguLTRL4b	NW_005054686.1	187456	188514	16.600	0
TguLTR5b	NW_005054686.1	189530	189761	11.600	0
TguLTRL6b	NW_005054686.1	194694	194843	21.900	0
TguLTR5c	NW_005054686.1	197176	197574	19.100	0
TguLTRL4b	NW_005054686.1	205271	205579	17.000	0
TguLTRL4b	NW_005054686.1	205965	206726	18.100	0
TguLTRL4b	NW_005054686.1	212131	212229	15.400	0
TguLTRL4b	NW_005054686.1	212573	213252	16.500	0
TguLTRL4b	NW_005054687.1	144961	145076	21.000	0
TguLTRL4b	NW_005054687.1	145079	145287	15.900	0
TguLTRL4b	NW_005054687.1	145290	145407	19.000	0
TguLTRL4b	NW_005054687.1	145499	146184	20.400	0
TguLTRL6b	NW_005054687.1	146578	146950	16.100	0
TguLTRL4b	NW_005054687.1	216998	218004	22.000	0
TguLTRL4d	NW_005054690.1	60117	60941	26.700	0
TguLTR5d	NW_005054690.1	70024	70146	27.500	0
TguLTR5a	NW_005054690.1	135135	135716	17.400	0
TguLTR5e	NW_005054690.1	171582	172034	26.400	0
TguLTR5d	NW_005054690.1	176360	176928	21.400	0
TguLTR5a	NW_005054690.1	177646	177788	20.700	0
TguLTR5a	NW_005054690.1	177815	178212	20.700	0
TguLTR5a	NW_005054690.1	179743	180289	16.700	0
TguLTR5a	NW_005054690.1	184004	184514	22.400	0
TguLTR5a	NW_005054690.1	201632	202171	20.800	0
TguLTR5a	NW_005054690.1	210973	211074	25.700	0
TguLTRL4d	NW_005054692.1	111935	112277	28.400	0
TguLTR5d	NW_005054693.1	25121	25230	25.700	0
TguLTR5d	NW_005054696.1	60529	61076	15.000	0
TguLTR5a	NW_005054697.1	116515	116874	26.900	0
TguLTR5a	NW_005054698.1	35009	35169	16.200	0
TguLTR5a	NW_005054698.1	35236	35247	18.900	0
TguLTR5a	NW_005054698.1	35387	35488	18.900	0
TguLTR5b	NW_005054698.1	43716	44303	16.300	0
TguLTRL6b	NW_005054698.1	48922	49369	26.000	0
TguLTRL4c	NW_005054698.1	49372	49508	17.600	0
TguLTRL4c	NW_005054698.1	49982	50239	17.400	0
TguLTR5a	NW_005054698.1	64476	65060	21.200	0
TguLTRL4c	NW_005054698.1	140826	141128	21.500	0
TguLTRL4c	NW_005054698.1	142379	142456	15.600	0
TguLTRL4c	NW_005054698.1	142753	142817	12.700	0
TguLTR5c	NW_005054698.1	143191	143657	24.800	0
TguLTR6a	NW_005054698.1	148148	148606	24.200	0
TguLTR5a	NW_005054698.1	176268	176697	21.300	0
TguLTR5a	NW_005054698.1	179332	179578	26.900	0
TguLTR11	NW_005054698.1	182057	182160	23.500	0
TguLTR11	NW_005054698.1	182186	182285	17.200	0
TguLTR5b	NW_005054698.1	184921	185527	15.400	0
TguLTR6a	NW_005054698.1	187673	187945	23.600	0
TguLTR6a	NW_005054698.1	194528	195000	21.900	0
TguLTR5d	NW_005054699.1	158257	158525	22.000	0
TguLTR6a	NW_005054701.1	2355	2740	25.600	0
TguLTR6a	NW_005054701.1	8370	8408	13.200	0
TguLTR5c	NW_005054701.1	33837	34411	15.600	0
TguLTR11	NW_005054701.1	57351	57777	12.800	0
TguLTRL4b	NW_005054701.1	58764	59471	17.900	0
TguLTR11	NW_005054701.1	60110	60342	23.000	0
TguLTRL4b	NW_005054701.1	60361	60687	15.000	0
TguLTR5a	NW_005054701.1	63241	63869	17.100	0
TguLTRL4b	NW_005054701.1	64051	64198	17.700	0
TguLTR11	NW_005054701.1	93715	93904	24.800	0
TguLTR11	NW_005054701.1	93935	94034	21.900	0
TguLTR11	NW_005054701.1	94084	94347	18.700	0
TguLTRL6b	NW_005054701.1	110922	111318	14.200	0
TguLTR5a	NW_005054701.1	115536	115754	15.300	0
TguLTR5a	NW_005054701.1	116400	116754	16.200	0
TguLTR5d	NW_005054701.1	118101	118287	11.800	0
TguLTR6a	NW_005054701.1	123357	123402	13.300	0
TguLTR5a	NW_005054701.1	124193	124729	16.300	0
TguLTR6a	NW_005054701.1	130280	130718	19.600	0
TguLTR5c	NW_005054701.1	132091	132673	14.500	0
TguLTR11	NW_005054701.1	152605	152786	9.800	0
TguLTRL4c	NW_005054702.1	42511	42568	21.900	0
TguLTRL4c	NW_005054702.1	42983	43168	11.600	0
TguLTRL4c	NW_005054702.1	43479	44128	20.100	0
TguLTR5a	NW_005054702.1	55211	55773	29.300	0
TguLTR11	NW_005054702.1	57563	57776	11.800	0
TguLTR11	NW_005054702.1	57798	57833	11.400	0
TguLTR11	NW_005054702.1	57903	58231	10.300	0
TguLTR5a	NW_005054702.1	59476	59789	18.500	0
TguLTR5a	NW_005054702.1	61241	61372	20.600	0
TguLTR5b	NW_005054702.1	62174	62574	13.600	0
TguLTRL4b	NW_005054702.1	63308	63489	20.200	0
TguLTRL4b	NW_005054702.1	63926	64465	24.700	0
TguLTRL4b	NW_005054702.1	64772	64937	21.800	0
TguLTR5b	NW_005054702.1	65072	65277	11.200	0
TguLTR6a	NW_005054702.1	144145	144314	24.400	0
TguLTRL4b	NW_005054702.1	151884	152747	20.700	0
TguLTR11	NW_005054702.1	152918	153140	20.100	0
TguLTR11	NW_005054702.1	153224	153350	22.200	0
TguLTR5a	NW_005054702.1	153526	153873	14.200	0
TguLTR5a	NW_005054702.1	157183	157357	19.100	0
TguLTRL6b	NW_005054702.1	160474	160907	18.100	0
TguLTR5d	NW_005054702.1	161139	161643	16.100	0
TguLTR5c	NW_005054702.1	169054	169639	16.300	0
TguLTRL4b	NW_005054702.1	170381	171231	31.300	0
TguLTRL4c	NW_005054702.1	180145	180227	30.400	0
TguLTR5a	NW_005054702.1	189769	189932	13.700	0
TguLTR5e	NW_005054704.1	56020	56132	24.100	0
TguLTR5e	NW_005054706.1	4963	5252	24.300	0
TguLTR5e	NW_005054706.1	110731	110874	31.700	0
TguLTR5d	NW_005054709.1	43258	43362	11.500	0
TguLTR5d	NW_005054709.1	43897	44090	15.600	0
TguLTR5d	NW_005054709.1	45450	45675	15.100	0
TguLTRL4b	NW_005054709.1	77770	78018	15.000	0
TguLTR11	NW_005054715.1	50323	50621	26.400	0
TguLTR5d	NW_005054716.1	29395	29629	19.700	0
TguLTR5b	NW_005054716.1	158573	159117	18.200	0
TguLTRL4b	NW_005054719.1	152033	152391	27.300	0
TguLTRL4b	NW_005054719.1	152421	152478	22.800	0
TguLTRL4b	NW_005054719.1	152610	152785	23.900	0
TguLTRL4b	NW_005054719.1	152939	153031	28.600	0
TguLTR5a	NW_005054721.1	10289	10571	11.700	0
TguLTR5c	NW_005054721.1	16037	16602	14.700	0
TguLTRL4b	NW_005054721.1	24880	25352	14.700	0
TguLTRL4b	NW_005054721.1	25353	25534	11.600	0
TguLTRL4b	NW_005054721.1	30126	30387	35.200	0
TguLTR5b	NW_005054721.1	35976	36478	13.800	0
TguLTR5b	NW_005054721.1	36783	36892	12.800	0
TguLTRL4b	NW_005054721.1	56527	57760	12.400	0
TguLTRL6b	NW_005054721.1	60866	61329	18.000	0
TguLTR5c	NW_005054721.1	64766	64847	18.900	0
TguLTR5c	NW_005054721.1	69558	69701	21.100	0
TguLTR5c	NW_005054721.1	86160	86747	16.300	0
TguLTR6a	NW_005054721.1	92582	92957	21.400	0
TguLTRL4b	NW_005054721.1	95661	96438	20.200	0
TguLTRL4b	NW_005054721.1	109106	109375	19.400	0
TguLTRL4b	NW_005054721.1	109570	110358	26.500	0
TguLTRL4b	NW_005054721.1	110708	110873	17.900	0
TguLTR6a	NW_005054721.1	113236	113335	9.800	0
TguLTRL6b	NW_005054721.1	114641	114900	21.600	0
TguLTRL4b	NW_005054721.1	119071	120143	19.800	0
TguLTR6a	NW_005054721.1	149559	149944	24.500	0
TguLTRL4b	NW_005054723.1	44571	44772	24.400	0
TguLTRL4b	NW_005054723.1	64838	65840	20.000	9
TguLTRL4c	NW_005054723.1	80259	81215	20.100	0
TguLTRL4b	NW_005054723.1	81945	82670	24.300	0
TguLTRL4c	NW_005054723.1	95269	96224	20.900	0
TguLTR6a	NW_005054723.1	97063	97477	15.000	0
TguLTRL4b	NW_005054723.1	99019	100050	12.300	0
TguLTR5a	NW_005054723.1	101153	101258	17.200	0
TguLTRL4b	NW_005054723.1	122876	123882	17.800	0
TguLTR11	NW_005054723.1	141669	141775	19.800	0
TguLTRL4c	NW_005054725.1	18124	18282	31.000	0
TguLTRL4b	NW_005054725.1	22393	22700	26.500	0
TguLTRL4b	NW_005054725.1	33451	34105	16.200	0
TguLTRL4b	NW_005054725.1	34383	34661	17.500	0
TguLTRL4b	NW_005054725.1	35271	35447	17.600	0
TguLTR5a	NW_005054726.1	60964	61562	17.900	0
TguLTR5a	NW_005054726.1	122541	123097	20.800	0
TguLTR5a	NW_005054727.1	1807	2198	17.800	0
TguLTRL6b	NW_005054727.1	3686	4135	17.800	0
TguLTR6a	NW_005054727.1	12416	12461	4.400	0
TguLTRL4b	NW_005054727.1	12759	13250	25.800	0
TguLTR5b	NW_005054727.1	19255	19851	10.200	0
TguLTR5a	NW_005054727.1	20745	21326	15.200	0
TguLTR5c	NW_005054727.1	31569	32160	16.100	0
TguLTR5a	NW_005054727.1	36034	36280	14.700	0
TguLTR5d	NW_005054727.1	37100	37709	17.800	0
TguLTRL4c	NW_005054727.1	43782	43938	14.100	0
TguLTRL4c	NW_005054727.1	43938	44565	19.000	0
TguLTRL4c	NW_005054727.1	44936	45209	25.400	0
TguLTR5b	NW_005054727.1	45463	45992	9.200	0
TguLTRL4c	NW_005054727.1	46099	46740	28.800	0
TguLTRL4c	NW_005054727.1	47057	47248	22.900	0
TguLTR5b	NW_005054727.1	47248	47324	10.500	0
TguLTRL4d	NW_005054727.1	70651	71416	26.100	0
TguLTR5c	NW_005054727.1	73253	73301	20.800	0
TguLTRL4c	NW_005054727.1	73304	74281	20.200	0
TguLTRL4b	NW_005054727.1	75335	76128	24.900	0
TguLTRL4c	NW_005054727.1	95236	95750	22.400	0
TguLTRL4c	NW_005054727.1	96625	97181	19.400	0
TguLTR6a	NW_005054727.1	100305	100742	16.000	0
TguLTR6a	NW_005054727.1	109419	109728	19.400	0
TguLTRL4b	NW_005054727.1	116670	116828	17.900	0
TguLTR6a	NW_005054727.1	130150	130244	14.900	0
TguLTR11	NW_005054728.1	16865	17268	10.900	0
TguLTR11	NW_005054728.1	57300	57444	26.800	0
TguLTR11	NW_005054728.1	57521	57738	15.300	0
TguLTR6a	NW_005054728.1	102829	103252	14.000	0
TguLTR5c	NW_005054728.1	105149	105592	17.400	0
TguLTR5c	NW_005054728.1	105942	106086	13.400	0
TguLTRL4b	NW_005054728.1	119652	120180	15.600	0
TguLTRL4b	NW_005054728.1	120700	121229	17.500	0
TguLTR6a	NW_005054728.1	125158	125579	17.500	0
TguLTR5a	NW_005054731.1	11185	11458	27.000	0
TguLTR5d	NW_005054731.1	84052	84622	22.100	0
TguLTRL4c	NW_005054733.1	34333	34438	16.300	0
TguLTR11	NW_005054734.1	92334	92586	26.200	0
TguLTR11	NW_005054734.1	92657	92781	14.200	0
TguLTR5d	NW_005054735.1	22814	23385	24.500	0
TguLTR5c	NW_005054735.1	42287	42487	24.100	0
TguLTRL4c	NW_005054735.1	42583	42976	18.100	0
TguLTR5b	NW_005054735.1	44188	44777	12.100	0
TguLTR5a	NW_005054735.1	85625	85791	21.900	0
TguLTRL4c	NW_005054735.1	124666	124805	19.400	0
TguLTRL4c	NW_005054735.1	125336	126081	19.600	0
TguLTRL4c	NW_005054735.1	132076	132580	25.900	0
TguLTR5d	NW_005054735.1	136034	136274	21.200	0
TguLTR11	NW_005054736.1	29365	29638	19.000	0
TguLTR5c	NW_005054736.1	36324	36495	16.500	0
TguLTRL4b	NW_005054736.1	69854	70615	16.900	0
TguLTRL4b	NW_005054736.1	71241	71437	12.100	0
TguLTRL4b	NW_005054736.1	71504	71687	12.100	0
TguLTR5c	NW_005054736.1	72628	73210	14.800	0
TguLTR11	NW_005054737.1	82487	82667	21.400	0
TguLTR11	NW_005054737.1	83823	84003	21.400	0
TguLTRL4c	NW_005054740.1	5454	5810	23.300	0
TguLTRL4c	NW_005054740.1	6291	6428	25.000	0
TguLTR5d	NW_005054744.1	8153	8549	16.900	0
TguLTR5b	NW_005054744.1	9257	9848	7.800	0
TguLTR5a	NW_005054744.1	15052	15234	15.500	0
TguLTR6a	NW_005054744.1	39973	40426	20.700	0
TguLTRL6b	NW_005054744.1	62539	62596	15.800	0
TguLTR6a	NW_005054744.1	64096	64357	21.300	0
TguLTR5d	NW_005054744.1	69284	69607	12.800	0
TguLTRL4c	NW_005054744.1	70887	71900	17.400	0
TguLTRL4b	NW_005054744.1	73348	73484	25.400	0
TguLTRL4b	NW_005054744.1	73531	73954	25.700	0
TguLTRL4c	NW_005054744.1	90416	90521	11.500	0
TguLTRL4c	NW_005054744.1	91501	92732	18.400	0
TguLTRL4b	NW_005054744.1	94579	94658	33.300	0
TguLTRL4b	NW_005054744.1	95614	95878	34.500	0
TguLTR5d	NW_005054745.1	85674	85936	27.500	0
TguLTRL4c	NW_005054747.1	32054	32125	12.700	0
TguLTRL4b	NW_005054748.1	15655	16442	25.900	0
TguLTRL4b	NW_005054748.1	17129	17291	21.900	0
TguLTRL4b	NW_005054748.1	105897	106082	27.300	0
TguLTR5e	NW_005054749.1	51888	52426	27.600	0
TguLTR5d	NW_005054749.1	83542	83901	17.400	0
TguLTRL4d	NW_005054749.1	89806	90294	26.100	0
TguLTR5e	NW_005054749.1	102640	102909	27.200	0
TguLTR5a	NW_005054750.1	26531	26649	13.600	0
TguLTR5a	NW_005054750.1	26985	27414	15.700	0
TguLTR6a	NW_005054750.1	45595	46005	18.100	0
TguLTR6a	NW_005054750.1	51607	52002	17.400	0
TguLTRL4b	NW_005054750.1	62214	62780	16.500	0
TguLTRL4b	NW_005054750.1	63080	63309	18.800	0
TguLTRL4b	NW_005054750.1	63621	63832	8.600	0
TguLTRL4b	NW_005054750.1	64436	64481	11.100	0
TguLTRL4b	NW_005054750.1	64493	64884	13.100	0
TguLTRL4b	NW_005054750.1	65457	65602	15.300	0
TguLTR5c	NW_005054750.1	65738	66322	16.300	0
TguLTRL4b	NW_005054750.1	84517	85543	16.600	0
TguLTRL4b	NW_005054750.1	90182	91048	28.700	0
TguLTRL4b	NW_005054750.1	91460	91658	28.400	0
TguLTR5b	NW_005054751.1	26546	26597	11.800	0
TguLTR5a	NW_005054752.1	5705	5901	12.200	0
TguLTRL4b	NW_005054752.1	6037	7055	17.400	0
TguLTRL4c	NW_005054752.1	24760	25097	19.900	0
TguLTRL4b	NW_005054752.1	28665	29707	16.100	0
TguLTR5d	NW_005054752.1	29860	30019	13.300	0
TguLTRL4b	NW_005054752.1	37043	37297	28.100	0
TguLTR5a	NW_005054752.1	43476	43832	19.600	0
TguLTRL4c	NW_005054752.1	44139	44674	14.700	0
TguLTRL4c	NW_005054752.1	47749	48413	20.600	0
TguLTR5c	NW_005054752.1	50910	51468	15.000	0
TguLTR11	NW_005054752.1	77452	77616	21.900	0
TguLTR11	NW_005054752.1	78020	78299	17.400	0
TguLTRL4c	NW_005054752.1	86468	87079	16.500	0
TguLTR5e	NW_005054753.1	11797	11990	19.800	0
TguLTR5e	NW_005054753.1	12350	12434	14.500	0
TguLTR5e	NW_005054753.1	12436	12615	26.300	0
TguLTR5c	NW_005054753.1	12831	12969	17.400	0
TguLTR5c	NW_005054753.1	13558	13747	19.700	0
TguLTRL4c	NW_005054753.1	43301	43872	17.800	0
TguLTR5e	NW_005054753.1	63388	63976	21.300	0
TguLTRL4b	NW_005054753.1	65722	66796	17.900	0
TguLTR5e	NW_005054753.1	70954	71486	25.100	0
TguLTR5d	NW_005054753.1	84128	84393	16.000	0
TguLTRL4b	NW_005054754.1	11214	12141	22.500	0
TguLTRL4b	NW_005054754.1	42000	43021	21.700	0
TguLTRL4c	NW_005054754.1	44311	44385	16.200	0
TguLTRL4c	NW_005054754.1	52271	52363	22.800	0
TguLTRL4c	NW_005054754.1	59184	59315	15.300	0
TguLTR5c	NW_005054754.1	60861	61441	14.700	0
TguLTRL4b	NW_005054754.1	65337	65528	23.500	0
TguLTRL4b	NW_005054754.1	66017	66820	29.800	0
TguLTRL4b	NW_005054754.1	67830	68021	23.500	0
TguLTRL4b	NW_005054754.1	68439	69242	29.800	0
TguLTR5a	NW_005054754.1	73452	73995	22.700	0
TguLTR5a	NW_005054754.1	79078	79665	14.000	0
TguLTRL4c	NW_005054754.1	107396	108377	19.200	0
TguLTRL6b	NW_005054755.1	6979	7193	23.500	0
TguLTRL4b	NW_005054755.1	17175	18019	16.900	0
TguLTRL4b	NW_005054755.1	18022	18157	11.100	0
TguLTRL4b	NW_005054755.1	20807	20905	19.600	0
TguLTR11	NW_005054755.1	102595	102725	16.900	0
TguLTR11	NW_005054756.1	9561	9813	16.100	0
TguLTR11	NW_005054756.1	10279	10442	21.200	0
TguLTR5a	NW_005054759.1	1630	1801	21.500	0
TguLTRL4c	NW_005054759.1	1830	2067	19.300	0
TguLTR5a	NW_005054759.1	2099	2199	16.200	0
TguLTR5a	NW_005054759.1	2429	2498	17.400	0
TguLTR5d	NW_005054759.1	32428	32909	17.100	0
TguLTR5a	NW_005054759.1	79177	79508	20.800	0
TguLTRL4c	NW_005054759.1	90585	90646	11.700	0
TguLTRL4c	NW_005054759.1	90675	90955	24.700	0
TguLTR6a	NW_005054760.1	37808	38079	14.600	0
TguLTRL6b	NW_005054760.1	63941	64175	23.900	0
TguLTRL6b	NW_005054760.1	64199	64425	22.900	0
TguLTRL6b	NW_005054760.1	74429	74867	24.000	0
TguLTRL4c	NW_005054761.1	39538	39665	26.000	0
TguLTRL4c	NW_005054761.1	39679	40088	22.400	0
TguLTRL4b	NW_005054762.1	1813	1962	20.400	0
TguLTRL4b	NW_005054762.1	6416	6565	20.400	0
TguLTRL4c	NW_005054764.1	76344	77084	20.000	0
TguLTRL4c	NW_005054764.1	77240	77549	28.600	0
TguLTRL4c	NW_005054764.1	77622	78271	15.700	0
TguLTR5a	NW_005054766.1	8555	9123	23.000	0
TguLTR11	NW_005054767.1	2185	2568	14.100	0
TguLTR11	NW_005054767.1	6949	7123	13.500	0
TguLTR5c	NW_005054767.1	29986	30556	13.600	0
TguLTRL4b	NW_005054767.1	41981	42938	21.000	0
TguLTR5a	NW_005054767.1	47299	47905	15.200	0
TguLTRL4c	NW_005054767.1	57995	58135	22.300	0
TguLTR5c	NW_005054767.1	58135	58379	15.000	0
TguLTR5c	NW_005054767.1	59506	59645	15.300	0
TguLTR6a	NW_005054767.1	59645	60058	18.100	0
TguLTR5c	NW_005054767.1	64540	65105	15.300	0
TguLTR5d	NW_005054767.1	73848	74164	19.400	0
TguLTR5d	NW_005054767.1	74170	74211	4.900	0
TguLTRL4b	NW_005054767.1	77757	78744	15.500	0
TguLTRL4b	NW_005054767.1	96331	96626	20.200	0
TguLTRL4b	NW_005054767.1	97874	97973	24.100	0
TguLTRL4b	NW_005054769.1	35626	36276	19.000	0
TguLTRL4b	NW_005054769.1	37101	37345	20.400	0
TguLTRL4c	NW_005054771.1	13405	13567	14.900	0
TguLTR5b	NW_005054771.1	13567	14155	11.400	0
TguLTRL4c	NW_005054771.1	14155	14440	11.500	0
TguLTR5e	NW_005054771.1	14860	15423	26.300	0
TguLTRL4b	NW_005054771.1	16414	17498	18.500	0
TguLTRL4b	NW_005054771.1	18050	18465	19.600	0
TguLTRL4b	NW_005054771.1	22523	23561	18.300	0
TguLTRL4b	NW_005054771.1	25965	26118	24.600	0
TguLTRL4b	NW_005054771.1	26448	26871	31.500	0
TguLTRL4b	NW_005054771.1	27253	27731	29.700	0
TguLTR5e	NW_005054771.1	27774	27850	26.300	0
TguLTRL4d	NW_005054771.1	32414	32492	30.800	0
TguLTR5c	NW_005054771.1	39484	39873	19.700	0
TguLTRL4b	NW_005054771.1	50862	51192	33.900	0
TguLTR5c	NW_005054771.1	54841	55418	17.300	0
TguLTR5a	NW_005054771.1	72380	72467	16.900	0
TguLTR5e	NW_005054771.1	89313	89453	22.100	0
TguLTR5c	NW_005054773.1	28552	29139	13.800	0
TguLTRL4c	NW_005054773.1	30843	31526	23.400	0
TguLTRL4c	NW_005054773.1	32010	32133	20.500	0
TguLTRL4c	NW_005054773.1	32494	32709	25.400	0
TguLTR5e	NW_005054773.1	37637	37872	27.600	0
TguLTR5e	NW_005054773.1	37894	38000	18.900	0
TguLTR5d	NW_005054773.1	43083	43459	13.700	0
TguLTRL4b	NW_005054773.1	56133	57172	17.200	0
TguLTR5d	NW_005054773.1	64003	64247	25.100	0
TguLTRL6b	NW_005054773.1	64249	64523	22.600	0
TguLTR6a	NW_005054773.1	65168	65388	45.200	0
TguLTR5a	NW_005054773.1	66295	66772	19.400	0
TguLTRL4b	NW_005054773.1	68268	69028	18.700	0
TguLTR5c	NW_005054773.1	69684	70244	17.600	0
TguLTR5a	NW_005054773.1	70244	70340	20.400	0
TguLTRL4b	NW_005054773.1	70407	70508	9.200	0
TguLTRL4b	NW_005054773.1	71219	71407	21.400	0
TguLTRL4b	NW_005054773.1	90540	90847	18.700	0
TguLTR5c	NW_005054773.1	91046	91250	21.800	0
TguLTR5c	NW_005054773.1	92533	92903	16.900	0
TguLTRL4b	NW_005054774.1	57080	57191	26.600	0
TguLTRL4b	NW_005054774.1	59080	59206	24.900	0
TguLTRL4b	NW_005054774.1	71801	72671	29.000	0
TguLTRL4b	NW_005054774.1	73486	73625	23.000	0
TguLTR11	NW_005054774.1	86822	87101	16.700	0
TguLTR11	NW_005054774.1	87583	87743	19.500	0
TguLTR11	NW_005054775.1	45071	45256	20.900	0
TguLTR5a	NW_005054775.1	55818	55991	20.400	0
TguLTRL4b	NW_005054775.1	59038	59744	25.100	0
TguLTR5a	NW_005054775.1	65083	65123	12.500	0
TguLTR5d	NW_005054775.1	70525	71085	20.000	0
TguLTR5a	NW_005054775.1	82360	82646	23.100	0
TguLTR5a	NW_005054775.1	85353	85627	20.800	0
TguLTRL4b	NW_005054776.1	1817	1857	15.000	0
TguLTRL4b	NW_005054776.1	2818	2902	21.000	0
TguLTRL4b	NW_005054776.1	2902	3800	17.700	0
TguLTRL4c	NW_005054776.1	3931	4544	21.200	0
TguLTRL4c	NW_005054776.1	5093	5609	18.500	0
TguLTRL4b	NW_005054776.1	15358	15547	25.300	0
TguLTRL4b	NW_005054776.1	18481	18652	33.100	0
TguLTR5a	NW_005054776.1	37798	37948	14.800	0
TguLTR5a	NW_005054776.1	38004	38414	14.800	0
TguLTRL4d	NW_005054776.1	61714	62433	27.300	0
TguLTRL4d	NW_005054776.1	63175	63867	27.600	0
TguLTRL4b	NW_005054776.1	76683	76872	19.400	0
TguLTRL4b	NW_005054776.1	77187	78065	25.100	0
TguLTRL4d	NW_005054777.1	86045	86212	25.100	0
TguLTR5d	NW_005054777.1	86395	86585	18.900	0
TguLTRL4d	NW_005054779.1	28333	28594	29.800	0
TguLTRL4d	NW_005054779.1	32147	32368	24.600	0
TguLTRL4d	NW_005054779.1	33088	33225	25.600	0
TguLTRL4b	NW_005054779.1	35928	37011	14.200	0
TguLTRL4b	NW_005054779.1	40232	40782	22.000	0
TguLTRL4b	NW_005054779.1	42559	43493	19.400	0
TguLTR6a	NW_005054779.1	44770	45002	17.500	0
TguLTR11	NW_005054779.1	45403	45530	13.100	0
TguLTR11	NW_005054779.1	45558	45656	13.100	0
TguLTR11	NW_005054779.1	45703	45932	12.300	0
TguLTR6a	NW_005054779.1	45933	46398	18.700	0
TguLTR11	NW_005054779.1	46398	46434	5.600	0
TguLTR5d	NW_005054779.1	47369	47516	17.000	0
TguLTRL4b	NW_005054779.1	52245	52858	15.900	0
TguLTRL4c	NW_005054779.1	57327	57449	17.200	0
TguLTR11	NW_005054779.1	63839	64127	11.300	0
TguLTR11	NW_005054779.1	64128	64301	19.700	0
TguLTR5a	NW_005054779.1	65336	65773	19.500	0
TguLTR6a	NW_005054779.1	65875	65978	17.200	0
TguLTR5e	NW_005054779.1	71318	71568	17.500	0
TguLTR5e	NW_005054779.1	75213	75360	13.800	0
TguLTRL6b	NW_005054779.1	77281	77728	16.600	0
TguLTRL4d	NW_005054779.1	79574	80170	24.800	0
TguLTRL4b	NW_005054779.1	80651	81470	32.200	0
TguLTRL4b	NW_005054779.1	82296	82430	26.700	0
TguLTR5b	NW_005054780.1	16478	16967	16.800	0
TguLTR5b	NW_005054780.1	27803	28401	13.400	0
TguLTR5b	NW_005054780.1	44180	44762	12.600	0
TguLTRL4b	NW_005054780.1	70321	71411	15.000	0
TguLTR11	NW_005054781.1	17793	18103	25.600	0
TguLTRL6b	NW_005054781.1	60779	60850	19.700	0
TguLTRL4b	NW_005054782.1	15833	16703	20.900	0
TguLTRL4c	NW_005054782.1	20445	20687	21.200	0
TguLTR6a	NW_005054782.1	30859	31254	20.800	0
TguLTRL6b	NW_005054782.1	43474	43914	20.500	0
TguLTRL4d	NW_005054782.1	55431	55593	27.800	0
TguLTRL4b	NW_005054782.1	78616	79580	21.300	0
TguLTR5d	NW_005054784.1	286	447	13.000	0
TguLTR5d	NW_005054784.1	1001	1420	15.400	0
TguLTRL4d	NW_005054784.1	12275	12437	26.900	0
TguLTRL6b	NW_005054784.1	13233	13395	16.300	0
TguLTR5a	NW_005054784.1	13439	13978	17.600	0
TguLTRL6b	NW_005054784.1	13993	14195	12.200	0
TguLTRL6b	NW_005054784.1	16894	17065	19.200	0
TguLTRL6b	NW_005054784.1	20140	20481	17.300	0
TguLTR5d	NW_005054784.1	22183	22326	22.100	0
TguLTR5d	NW_005054784.1	22981	23407	24.400	0
TguLTRL4b	NW_005054784.1	26460	26822	18.800	0
TguLTRL4b	NW_005054784.1	29124	29264	13.200	0
TguLTRL4b	NW_005054784.1	34802	34858	23.200	0
TguLTRL4b	NW_005054784.1	55136	55991	18.400	0
TguLTRL4b	NW_005054784.1	56609	56802	16.000	0
TguLTR5d	NW_005054784.1	56929	57496	17.300	0
TguLTRL4c	NW_005054784.1	58518	58701	23.600	0
TguLTRL4c	NW_005054784.1	59107	59901	25.300	0
TguLTRL4d	NW_005054785.1	493	787	25.500	0
TguLTRL4b	NW_005054788.1	26258	26737	26.700	0
TguLTRL4b	NW_005054788.1	26819	27000	27.800	0
TguLTR6a	NW_005054789.1	9612	10073	25.400	0
TguLTRL4b	NW_005054790.1	14202	14279	21.100	0
TguLTRL4b	NW_005054790.1	16834	17096	15.700	0
TguLTRL4b	NW_005054790.1	17096	17592	17.600	0
TguLTR5c	NW_005054790.1	18015	18587	16.300	0
TguLTRL4b	NW_005054790.1	18588	18836	15.900	0
TguLTRL4b	NW_005054790.1	33590	33856	29.800	0
TguLTRL4b	NW_005054790.1	34220	34498	23.100	0
TguLTRL4b	NW_005054790.1	51809	52884	15.200	0
TguLTR6a	NW_005054790.1	53769	54120	13.800	0
TguLTR5a	NW_005054790.1	62751	63327	16.300	0
TguLTR5a	NW_005054790.1	68800	69139	14.500	0
TguLTRL6b	NW_005054790.1	74237	74691	11.900	0
TguLTR5a	NW_005054790.1	77182	77755	15.800	0
TguLTRL4b	NW_005054792.1	10039	10481	25.400	0
TguLTRL4b	NW_005054792.1	11061	11293	16.400	0
TguLTRL4b	NW_005054792.1	41946	42152	24.500	0
TguLTRL4b	NW_005054792.1	42223	42294	12.700	0
TguLTRL4b	NW_005054792.1	63715	63942	29.100	0
TguLTRL4b	NW_005054792.1	74152	74213	16.400	0
TguLTRL4b	NW_005054793.1	39821	40035	19.700	0
TguLTRL4b	NW_005054793.1	44233	44447	19.700	0
TguLTRL4b	NW_005054793.1	53980	54720	25.600	0
TguLTR5b	NW_005054795.1	54836	54956	15.000	0
TguLTR5a	NW_005054796.1	4639	4679	5.000	0
TguLTRL4b	NW_005054796.1	22889	23969	19.500	0
TguLTR5c	NW_005054796.1	23986	24450	19.300	0
TguLTR5c	NW_005054796.1	24695	24810	15.700	0
TguLTR5c	NW_005054796.1	40152	40725	18.200	0
TguLTRL4b	NW_005054796.1	40725	40910	17.900	0
TguLTRL4d	NW_005054796.1	43756	43949	15.400	0
TguLTR6a	NW_005054796.1	46470	46691	19.500	0
TguLTRL6b	NW_005054796.1	46754	46957	24.600	0
TguLTR11	NW_005054796.1	55623	56018	13.800	0
TguLTRL6b	NW_005054796.1	74767	75043	16.500	0
TguLTRL4b	NW_005054797.1	625	836	20.300	0
TguLTRL4b	NW_005054797.1	1759	2001	22.800	0
TguLTRL4b	NW_005054797.1	3303	3772	16.900	0
TguLTRL4b	NW_005054797.1	4421	4644	17.800	0
TguLTRL4b	NW_005054797.1	4981	5281	13.300	0
TguLTR5a	NW_005054797.1	43490	44066	16.500	0
TguLTR5c	NW_005054797.1	46635	47219	13.500	0
TguLTRL4d	NW_005054797.1	63854	64783	24.000	0
TguLTRL4b	NW_005054798.1	4553	4739	19.500	0
TguLTRL4b	NW_005054798.1	13989	14414	22.800	0
TguLTRL4b	NW_005054798.1	15764	16134	16.400	0
TguLTR5d	NW_005054798.1	38703	39030	15.100	0
TguLTR5a	NW_005054798.1	42407	42963	17.600	0
TguLTR5c	NW_005054798.1	54964	55132	14.400	0
TguLTR5c	NW_005054798.1	56362	56776	15.900	0
TguLTR5a	NW_005054798.1	59659	59747	14.800	0
TguLTR5a	NW_005054798.1	68810	68935	11.900	0
TguLTRL4b	NW_005054799.1	8513	8745	16.100	0
TguLTRL4b	NW_005054799.1	8755	9634	17.000	0
TguLTR6a	NW_005054799.1	13389	13577	14.400	0
TguLTR5c	NW_005054799.1	35217	35804	12.100	0
TguLTRL4b	NW_005054799.1	40395	40633	15.400	0
TguLTRL4b	NW_005054799.1	40656	41096	17.100	0
TguLTRL4b	NW_005054799.1	45002	45686	14.900	0
TguLTRL4b	NW_005054799.1	59786	60144	13.800	0
TguLTRL6b	NW_005054799.1	60875	61021	23.200	0
TguLTR11	NW_005054799.1	63418	63819	14.400	0
TguLTR11	NW_005054799.1	75123	75507	14.700	0
TguLTRL4b	NW_005054799.1	75791	75900	14.900	0
TguLTRL4c	NW_005054800.1	25636	25955	20.500	0
TguLTRL4d	NW_005054800.1	37602	37774	19.800	0
TguLTR5c	NW_005054800.1	45169	45210	7.300	0
TguLTRL4c	NW_005054800.1	49743	49874	25.400	0
TguLTR5c	NW_005054800.1	60623	60951	21.300	0
TguLTR5a	NW_005054800.1	65886	66138	15.500	0
TguLTR5b	NW_005054800.1	66138	66733	11.800	0
TguLTR5a	NW_005054800.1	67097	67264	20.800	0
TguLTRL6b	NW_005054802.1	47573	47715	23.900	0
TguLTR11	NW_005054802.1	57563	57809	21.100	0
TguLTR11	NW_005054802.1	57856	58110	9.800	0
TguLTR6a	NW_005054803.1	5465	5900	20.200	0
TguLTR6a	NW_005054803.1	10595	11020	20.600	0
TguLTR5a	NW_005054803.1	15366	15689	17.600	0
TguLTR5a	NW_005054803.1	16510	16760	16.900	0
TguLTRL4b	NW_005054803.1	21654	22335	17.800	0
TguLTRL4b	NW_005054803.1	23259	23618	14.600	0
TguLTR5b	NW_005054803.1	39016	39064	14.600	0
TguLTR5a	NW_005054803.1	42691	43097	13.300	0
TguLTRL4b	NW_005054803.1	45668	46542	12.200	0
TguLTR5a	NW_005054803.1	46553	46838	21.600	0
TguLTRL4b	NW_005054803.1	55095	55440	31.400	0
TguLTRL4b	NW_005054803.1	67784	67955	24.100	0
TguLTRL4b	NW_005054803.1	68230	68655	15.800	0
TguLTR5c	NW_005054805.1	10541	11118	18.500	0
TguLTR11	NW_005054805.1	14568	14957	13.300	0
TguLTR5a	NW_005054805.1	15537	16098	16.500	0
TguLTRL6b	NW_005054805.1	38970	39397	18.000	0
TguLTRL4c	NW_005054808.1	6647	7709	16.200	0
TguLTR5a	NW_005054808.1	11885	12068	14.800	0
TguLTR5a	NW_005054808.1	22832	22903	16.500	0
TguLTR5b	NW_005054808.1	57797	58385	13.100	0
TguLTR5c	NW_005054811.1	12602	12674	15.700	0
TguLTRL4c	NW_005054811.1	17573	18404	20.800	0
TguLTRL4d	NW_005054811.1	33646	33769	34.500	0
TguLTRL4d	NW_005054811.1	34399	34575	36.300	0
TguLTR5c	NW_005054811.1	44177	44762	12.500	0
TguLTR5e	NW_005054811.1	46107	46522	25.500	0
TguLTR5d	NW_005054811.1	61468	61949	18.700	0
TguLTRL4b	NW_005054812.1	46623	46950	31.600	0
TguLTR5c	NW_005054812.1	51571	51695	9.700	0
TguLTRL4b	NW_005054812.1	61678	62603	21.300	0
TguLTRL4b	NW_005054812.1	62705	62886	22.100	0
TguLTRL6b	NW_005054813.1	3993	4359	18.900	0
TguLTRL6b	NW_005054813.1	6068	6398	14.500	0
TguLTRL4b	NW_005054813.1	24602	24651	14.300	0
TguLTRL4b	NW_005054813.1	24799	25701	20.000	0
TguLTRL4d	NW_005054813.1	36551	36861	24.700	0
TguLTRL4d	NW_005054813.1	46116	46270	18.700	0
TguLTRL4d	NW_005054813.1	46946	47307	22.400	0
TguLTRL4c	NW_005054814.1	7703	8051	16.500	0
TguLTRL4c	NW_005054814.1	8053	8276	17.500	0
TguLTRL4c	NW_005054814.1	8616	8702	15.300	0
TguLTR5c	NW_005054814.1	11154	11258	19.100	0
TguLTR5c	NW_005054814.1	11349	11631	12.500	0
TguLTR5a	NW_005054814.1	21272	21488	12.000	0
TguLTRL4c	NW_005054814.1	26843	27433	22.400	0
TguLTRL4b	NW_005054814.1	27438	28517	21.100	0
TguLTRL4d	NW_005054814.1	28518	28958	21.300	0
TguLTR5a	NW_005054814.1	54954	55293	24.600	0
TguLTRL4b	NW_005054814.1	59881	60823	21.200	0
TguLTR5d	NW_005054814.1	67160	67276	20.900	0
TguLTRL4b	NW_005054814.1	67276	67543	13.000	0
TguLTRL4b	NW_005054814.1	67964	68024	6.700	0
TguLTRL4b	NW_005054814.1	68485	69021	13.200	0
TguLTRL4b	NW_005054816.1	67377	67530	29.400	0
TguLTRL6b	NW_005054818.1	29567	29807	20.400	0
TguLTR11	NW_005054819.1	6430	6537	18.200	0
TguLTR11	NW_005054819.1	6544	6596	12.000	0
TguLTR11	NW_005054819.1	7506	7739	16.600	0
TguLTR11	NW_005054819.1	9537	9769	21.500	0
TguLTR11	NW_005054819.1	9841	9972	22.400	0
TguLTRL4b	NW_005054819.1	47317	47481	19.100	0
TguLTRL4b	NW_005054819.1	48193	49092	20.100	0
TguLTR6a	NW_005054819.1	52078	52184	11.400	0
TguLTR6a	NW_005054819.1	52875	53197	17.900	0
TguLTR11	NW_005054819.1	56780	57016	17.000	0
TguLTRL4b	NW_005054819.1	58417	59422	18.100	0
TguLTRL4c	NW_005054819.1	61247	61499	15.500	0
TguLTRL4c	NW_005054819.1	61974	62447	21.200	0
TguLTR5b	NW_005054819.1	62990	63178	9.100	0
TguLTR5b	NW_005054819.1	63920	64294	14.700	0
TguLTR5c	NW_005054819.1	65430	65521	10.000	0
TguLTR5c	NW_005054820.1	8167	8727	21.700	0
TguLTRL4d	NW_005054820.1	18771	18854	24.100	0
TguLTR5c	NW_005054820.1	21680	21930	20.100	0
TguLTRL4b	NW_005054820.1	55106	55321	27.800	0
TguLTRL4b	NW_005054820.1	55593	55818	27.700	0
TguLTR11	NW_005054820.1	57573	57644	14.800	0
TguLTR11	NW_005054820.1	58092	58288	23.900	0
TguLTR5c	NW_005054822.1	32477	33022	17.500	0
TguLTRL4b	NW_005054822.1	33154	33291	25.600	0
TguLTRL4b	NW_005054822.1	33298	33506	30.400	0
TguLTRL4b	NW_005054822.1	35400	35588	29.800	0
TguLTRL4b	NW_005054822.1	35593	36484	20.500	0
TguLTRL4c	NW_005054822.1	41852	42173	20.400	0
TguLTR5e	NW_005054823.1	20550	20705	26.400	0
TguLTR5e	NW_005054823.1	21369	21462	18.300	0
TguLTR5e	NW_005054823.1	25134	25470	20.300	0
TguLTR6a	NW_005054823.1	25674	25722	10.400	0
TguLTR6a	NW_005054823.1	35660	35852	16.000	0
TguLTRL6b	NW_005054823.1	35961	36125	15.300	0
TguLTRL6b	NW_005054823.1	37006	37119	13.600	0
TguLTRL6b	NW_005054823.1	38069	38391	16.800	0
TguLTRL4b	NW_005054823.1	55696	55892	20.000	0
TguLTRL4b	NW_005054823.1	56281	56402	24.200	0
TguLTRL4b	NW_005054823.1	56782	57385	24.900	0
TguLTRL4b	NW_005054823.1	57411	57526	21.800	0
TguLTR5e	NW_005054823.1	63495	63658	20.900	0
TguLTR5e	NW_005054824.1	12664	12834	21.700	0
TguLTR5e	NW_005054824.1	12889	13073	28.000	0
TguLTRL4b	NW_005054824.1	19584	20696	14.200	0
TguLTRL4c	NW_005054824.1	21132	21190	12.100	0
TguLTRL4b	NW_005054824.1	27531	28519	19.200	0
TguLTR5b	NW_005054824.1	40815	41040	17.800	0
TguLTRL4d	NW_005054824.1	43374	44238	23.400	0
TguLTRL4b	NW_005054825.1	0	225	12.600	0
TguLTRL4b	NW_005054825.1	1155	1325	13.300	0
TguLTRL6b	NW_005054825.1	27652	28032	19.500	0
TguLTRL4d	NW_005054825.1	52967	53632	21.600	0
TguLTRL4d	NW_005054825.1	53989	54051	32.300	0
TguLTR11	NW_005054825.1	54183	54539	15.900	0
TguLTR11	NW_005054825.1	55480	55541	11.500	0
TguLTRL4b	NW_005054825.1	55896	56020	10.500	0
TguLTRL4b	NW_005054825.1	58515	58561	8.700	0
TguLTRL4b	NW_005054825.1	59372	59478	17.000	0
TguLTRL4b	NW_005054825.1	64102	64668	16.600	0
TguLTRL4d	NW_005054826.1	4853	5059	32.800	0
TguLTRL4d	NW_005054826.1	5176	5594	24.500	0
TguLTRL4c	NW_005054826.1	5594	5733	15.200	0
TguLTR5a	NW_005054826.1	14585	14645	21.700	0
TguLTRL4b	NW_005054826.1	16438	17514	17.900	0
TguLTRL4b	NW_005054826.1	52261	52455	30.000	0
TguLTRL4b	NW_005054826.1	52756	53645	31.700	0
TguLTRL4c	NW_005054826.1	55509	56579	22.100	0
TguLTRL4b	NW_005054828.1	3846	4071	31.700	0
TguLTRL4c	NW_005054828.1	24577	24779	33.000	0
TguLTR5e	NW_005054828.1	24787	24880	26.100	0
TguLTRL4b	NW_005054828.1	37186	38237	13.900	0
TguLTR5b	NW_005054828.1	41274	41366	7.600	0
TguLTRL4b	NW_005054829.1	6	500	21.600	0
TguLTR6a	NW_005054829.1	10671	11044	20.700	0
TguLTRL4c	NW_005054829.1	22550	22683	13.500	0
TguLTRL4b	NW_005054829.1	51259	51634	13.700	0
TguLTR5c	NW_005054830.1	10333	10748	16.800	0
TguLTRL4b	NW_005054830.1	45888	46052	28.100	0
TguLTRL4b	NW_005054830.1	46652	47530	28.100	0
TguLTR11	NW_005054832.1	3582	3752	15.200	0
TguLTRL4b	NW_005054834.1	581	773	13.600	0
TguLTRL4b	NW_005054834.1	1997	2810	14.600	0
TguLTR6a	NW_005054834.1	14300	14539	13.800	0
TguLTR11	NW_005054834.1	15454	15772	13.600	0
TguLTR11	NW_005054834.1	16130	16211	9.500	0
TguLTRL4b	NW_005054834.1	16880	17716	18.000	0
TguLTRL4b	NW_005054834.1	20465	20658	17.800	0
TguLTR5b	NW_005054834.1	35406	35994	15.200	0
TguLTR5b	NW_005054835.1	11137	11263	5.600	0
TguLTRL4b	NW_005054835.1	11950	13125	19.900	0
TguLTR5b	NW_005054835.1	13125	13586	11.300	0
TguLTR11	NW_005054835.1	50027	50090	12.700	0
TguLTRL4c	NW_005054835.1	54111	54434	33.700	0
TguLTR11	NW_005054835.1	58087	58254	15.400	0
TguLTR11	NW_005054835.1	58302	58582	19.700	0
TguLTR5c	NW_005054836.1	998	1107	18.400	0
TguLTR5c	NW_005054836.1	1604	2160	16.300	0
TguLTRL4b	NW_005054836.1	18380	18498	30.400	0
TguLTRL4b	NW_005054836.1	19915	20033	30.400	0
TguLTRL4b	NW_005054836.1	37752	37975	14.400	0
TguLTRL4c	NW_005054837.1	30083	30232	19.500	0
TguLTRL4c	NW_005054837.1	30614	30723	23.200	0
TguLTRL4b	NW_005054837.1	45773	46129	21.800	0
TguLTRL4b	NW_005054837.1	46528	46668	17.100	0
TguLTRL4b	NW_005054837.1	47104	47461	15.400	0
TguLTR5b	NW_005054837.1	52720	53283	14.500	0
TguLTRL6b	NW_005054838.1	51467	51828	21.300	0
TguLTR5b	NW_005054840.1	33832	33875	2.300	0
TguLTRL4b	NW_005054840.1	52306	53293	15.800	0
TguLTRL4b	NW_005054840.1	53989	54029	12.500	0
TguLTR5a	NW_005054840.1	54559	54901	22.500	0
TguLTR11	NW_005054841.1	5522	5685	21.000	0
TguLTR5d	NW_005054841.1	6403	6672	19.200	0
TguLTRL4b	NW_005054841.1	7282	7541	33.800	0
TguLTR5b	NW_005054841.1	8203	8269	10.600	0
TguLTRL4b	NW_005054841.1	46700	47605	29.600	0
TguLTRL4b	NW_005054841.1	52000	52171	22.300	0
TguLTRL4b	NW_005054841.1	52565	53422	29.800	0
TguLTRL4b	NW_005054841.1	58867	59155	34.900	0
TguLTRL4c	NW_005054842.1	16468	17524	16.900	0
TguLTR5c	NW_005054842.1	18025	18091	10.600	0
TguLTR11	NW_005054842.1	18210	18546	22.100	0
TguLTRL4c	NW_005054842.1	18730	18949	12.600	0
TguLTRL4c	NW_005054842.1	18953	19071	20.300	0
TguLTRL4b	NW_005054842.1	44953	46036	14.400	0
TguLTRL4b	NW_005054842.1	51476	51924	12.600	0
TguLTR5c	NW_005054843.1	12705	12854	9.500	0
TguLTRL4b	NW_005054843.1	40402	41479	20.000	0
TguLTR5c	NW_005054844.1	10666	11203	17.600	0
TguLTR6a	NW_005054844.1	19657	20129	19.600	0
TguLTR5a	NW_005054844.1	37373	37474	12.400	0
TguLTR5a	NW_005054844.1	42334	42910	14.800	0
TguLTR5a	NW_005054844.1	47010	47120	16.200	0
TguLTR5c	NW_005054844.1	47151	47519	13.000	0
TguLTRL6b	NW_005054844.1	50385	50838	23.200	0
TguLTR5e	NW_005054845.1	3726	4340	23.400	0
TguLTRL4d	NW_005054845.1	6314	6439	20.800	0
TguLTRL4c	NW_005054845.1	7089	7395	23.100	0
TguLTRL4c	NW_005054845.1	17653	17982	17.100	0
TguLTRL4c	NW_005054845.1	22376	23409	15.800	0
TguLTRL4c	NW_005054845.1	24062	24110	14.600	0
TguLTRL4b	NW_005054846.1	35386	35557	28.400	0
TguLTRL4d	NW_005054847.1	3300	3483	28.000	0
TguLTRL4d	NW_005054847.1	3555	3675	31.100	0
TguLTRL6b	NW_005054847.1	44389	44777	18.300	0
TguLTR11	NW_005054849.1	3374	3614	18.400	0
TguLTR11	NW_005054849.1	3661	3900	12.900	0
TguLTR5a	NW_005054849.1	7384	7923	17.200	0
TguLTR5c	NW_005054849.1	7923	8545	17.100	0
TguLTRL4b	NW_005054849.1	17783	18143	23.600	0
TguLTRL4b	NW_005054849.1	34521	34960	19.400	0
TguLTR11	NW_005054849.1	38351	38613	15.600	0
TguLTR11	NW_005054849.1	39074	39234	14.500	0
TguLTR5d	NW_005054855.1	354	917	23.100	0
TguLTR6a	NW_005054855.1	20839	21236	18.000	0
TguLTR5a	NW_005054855.1	23549	24067	15.900	0
TguLTRL4b	NW_005054855.1	34846	35235	13.500	0
TguLTRL4b	NW_005054855.1	35876	36588	15.700	0
TguLTRL4b	NW_005054855.1	41842	42748	17.600	0
TguLTRL4b	NW_005054857.1	11635	12725	19.700	0
TguLTR6a	NW_005054857.1	16857	17356	16.600	0
TguLTR5e	NW_005054857.1	18146	18372	23.600	0
TguLTR5e	NW_005054857.1	18811	18914	15.500	0
TguLTRL4b	NW_005054857.1	31366	31700	34.300	0
TguLTRL4b	NW_005054858.1	14738	15243	19.200	0
TguLTRL4b	NW_005054858.1	23338	23398	18.300	0
TguLTRL4b	NW_005054858.1	23727	24173	21.600	0
TguLTRL4b	NW_005054858.1	24566	24706	17.600	0
TguLTRL4b	NW_005054858.1	25051	25309	21.200	0
TguLTR5b	NW_005054859.1	5747	6293	14.200	0
TguLTR5a	NW_005054859.1	26557	27047	14.100	0
TguLTR5d	NW_005054859.1	38678	38851	22.400	0
TguLTRL4b	NW_005054859.1	42591	42785	24.600	0
TguLTRL4b	NW_005054859.1	44106	44366	27.000	0
TguLTRL4b	NW_005054859.1	44994	45470	25.500	0
TguLTR5d	NW_005054859.1	48812	49324	17.800	0
TguLTRL4c	NW_005054859.1	51843	52225	20.400	0
TguLTRL4c	NW_005054859.1	53172	53654	17.500	0
TguLTRL4c	NW_005054861.1	3663	3822	11.300	0
TguLTRL4c	NW_005054861.1	5436	5951	23.000	0
TguLTRL4d	NW_005054861.1	19026	19193	20.400	0
TguLTR5a	NW_005054861.1	20475	20732	14.900	0
TguLTR5e	NW_005054861.1	24525	25076	20.700	0
TguLTRL4d	NW_005054861.1	25184	25332	20.300	0
TguLTR5a	NW_005054861.1	26413	26975	11.000	0
TguLTRL4d	NW_005054861.1	40622	40741	22.600	0
TguLTRL4b	NW_005054861.1	46789	47870	19.800	0
TguLTRL4b	NW_005054861.1	49650	50022	12.300	0
TguLTR5c	NW_005054861.1	50024	50224	12.100	0
TguLTRL4c	NW_005054862.1	5554	6085	24.100	0
TguLTRL4c	NW_005054862.1	20700	21795	19.600	0
TguLTRL4b	NW_005054862.1	36923	37977	24.400	0
TguLTRL4d	NW_005054864.1	2911	3094	20.400	0
TguLTR5b	NW_005054864.1	11635	12232	12.600	0
TguLTR6a	NW_005054864.1	15219	15528	16.900	0
TguLTR5e	NW_005054864.1	20488	20703	23.600	0
TguLTRL4b	NW_005054864.1	23555	24302	17.400	0
TguLTRL4c	NW_005054864.1	47759	48319	23.600	0
TguLTRL4b	NW_005054870.1	535	649	11.400	0
TguLTRL4b	NW_005054870.1	1281	1596	14.200	0
TguLTRL4b	NW_005054870.1	2335	2688	16.600	0
TguLTRL4b	NW_005054870.1	3327	3620	15.400	0
TguLTRL4b	NW_005054870.1	9704	10331	14.300	0
TguLTRL4b	NW_005054870.1	14153	15233	19.300	0
TguLTR5a	NW_005054870.1	35829	36030	18.600	0
TguLTR5a	NW_005054870.1	40511	40620	18.300	0
TguLTR5a	NW_005054870.1	47953	48575	17.200	0
TguLTRL6b	NW_005054871.1	7530	7701	22.200	0
TguLTRL4b	NW_005054871.1	16830	16996	16.700	0
TguLTR11	NW_005054873.1	49276	49673	21.900	0
TguLTRL4b	NW_005054874.1	33956	34652	16.200	0
TguLTRL4b	NW_005054875.1	518	779	35.300	0
TguLTRL6b	NW_005054875.1	21475	21932	21.300	0
TguLTRL6b	NW_005054875.1	36797	36959	20.100	0
TguLTRL6b	NW_005054875.1	37808	38023	29.400	0
TguLTRL4b	NW_005054875.1	48479	49372	29.400	0
TguLTRL4b	NW_005054876.1	5707	5767	10.000	0
TguLTRL6b	NW_005054876.1	42551	42726	18.000	0
TguLTRL4b	NW_005054876.1	45345	46420	20.400	0
TguLTR5c	NW_005054876.1	47269	47562	14.500	0
TguLTR5c	NW_005054876.1	47940	48001	20.400	0
TguLTRL4b	NW_005054877.1	2384	2714	20.100	0
TguLTRL4b	NW_005054877.1	8463	9367	19.800	0
TguLTRL4b	NW_005054877.1	21655	21855	21.800	0
TguLTRL4b	NW_005054877.1	22091	22887	25.200	0
TguLTRL4b	NW_005054878.1	36599	37391	17.800	0
TguLTRL4b	NW_005054878.1	37751	37812	21.600	0
TguLTR5a	NW_005054878.1	40922	41388	16.900	0
TguLTRL4b	NW_005054879.1	24175	25214	18.500	0
TguLTRL6b	NW_005054879.1	35696	35954	20.400	0
TguLTR5b	NW_005054879.1	45923	46394	19.200	0
TguLTR5a	NW_005054880.1	3271	3695	16.000	0
TguLTRL4b	NW_005054880.1	3708	4202	19.500	0
TguLTRL4b	NW_005054880.1	5253	5345	18.200	0
TguLTRL4b	NW_005054880.1	5972	6231	20.400	0
TguLTRL4b	NW_005054880.1	16070	16216	17.100	0
TguLTRL4b	NW_005054880.1	32242	33272	13.500	0
TguLTR11	NW_005054880.1	34484	34872	16.400	0
TguLTRL4b	NW_005054885.1	33424	33658	15.600	0
TguLTRL4b	NW_005054885.1	33743	34010	33.500	0
TguLTRL4b	NW_005054885.1	34270	34569	35.400	0
TguLTRL4b	NW_005054885.1	36235	36656	16.100	0
TguLTRL4b	NW_005054885.1	39762	39833	28.600	0
TguLTRL4b	NW_005054885.1	41167	41436	30.800	0
TguLTR11	NW_005054887.1	23422	23535	17.700	0
TguLTRL4b	NW_005054887.1	23638	23723	10.600	0
TguLTRL4b	NW_005054887.1	36180	36336	27.600	0
TguLTRL4b	NW_005054887.1	39070	39622	20.600	0
TguLTRL4b	NW_005054888.1	3269	4146	17.900	0
TguLTRL4b	NW_005054888.1	4526	4615	21.600	0
TguLTR5c	NW_005054888.1	37716	38003	26.400	0
TguLTRL4b	NW_005054888.1	47193	47425	35.100	0
TguLTR5c	NW_005054889.1	17202	17382	12.300	0
TguLTR5c	NW_005054889.1	18470	18720	13.800	0
TguLTR5c	NW_005054889.1	18722	18786	12.700	0
TguLTR5a	NW_005054889.1	20417	20880	18.500	0
TguLTRL4b	NW_005054889.1	30748	31343	27.900	0
TguLTRL4b	NW_005054889.1	42688	42883	21.600	0
TguLTRL4b	NW_005054889.1	43078	43273	21.600	0
TguLTRL4b	NW_005054889.1	44547	44738	23.100	0
TguLTRL4c	NW_005054890.1	4061	4208	17.700	0
TguLTRL4c	NW_005054890.1	4893	5716	24.800	0
TguLTRL4b	NW_005054890.1	6469	6679	13.100	0
TguLTRL6b	NW_005054890.1	10186	10606	19.900	0
TguLTR5c	NW_005054890.1	11413	11937	19.600	0
TguLTRL4b	NW_005054890.1	13777	14666	29.500	0
TguLTRL4b	NW_005054890.1	15085	15145	18.300	0
TguLTR5c	NW_005054890.1	16063	16647	15.300	0
TguLTR11	NW_005054890.1	24791	24913	24.300	0
TguLTR5b	NW_005054890.1	41358	41944	11.300	0
TguLTRL4b	NW_005054891.1	742	1339	19.700	0
TguLTR5b	NW_005054891.1	3393	3566	9.200	0
TguLTR5b	NW_005054891.1	3566	3730	26.500	0
TguLTR5c	NW_005054891.1	10361	10509	11.700	0
TguLTRL4b	NW_005054891.1	10854	11281	19.800	0
TguLTRL4b	NW_005054891.1	11850	12474	20.400	0
TguLTR11	NW_005054891.1	27914	28098	17.300	0
TguLTRL6b	NW_005054892.1	606	779	20.300	0
TguLTR5c	NW_005054892.1	15120	15450	17.000	0
TguLTRL4b	NW_005054894.1	30955	31199	18.000	0
TguLTR5c	NW_005054894.1	37309	37524	15.000	0
TguLTRL4b	NW_005054894.1	37525	37790	20.600	0
TguLTRL4b	NW_005054894.1	38196	38908	21.600	0
TguLTR5c	NW_005054894.1	38911	39255	18.900	0
TguLTR5b	NW_005054895.1	7932	8411	17.400	0
TguLTRL4c	NW_005054895.1	8754	9069	12.900	0
TguLTR5a	NW_005054895.1	9335	9919	18.500	0
TguLTRL4c	NW_005054895.1	11148	11963	16.500	0
TguLTRL4c	NW_005054895.1	13071	13236	24.200	0
TguLTR5b	NW_005054895.1	25931	26036	17.300	0
TguLTR5b	NW_005054895.1	26681	27160	17.400	0
TguLTRL4c	NW_005054895.1	27503	27818	12.900	0
TguLTR5a	NW_005054895.1	28084	28668	18.700	0
TguLTR5c	NW_005054896.1	5077	5469	15.400	0
TguLTR6a	NW_005054896.1	13189	13614	16.300	0
TguLTRL4b	NW_005054896.1	24500	24781	33.900	0
TguLTRL4b	NW_005054896.1	25019	25276	35.900	0
TguLTR5e	NW_005054903.1	29200	29722	24.400	0
TguLTR5d	NW_005054903.1	29843	30417	16.100	0
TguLTRL4b	NW_005054903.1	39016	39934	26.500	0
TguLTRL4b	NW_005054903.1	40380	40476	9.600	0
TguLTRL4b	NW_005054903.1	41843	42070	33.300	0
TguLTRL4b	NW_005054906.1	2570	3583	14.800	0
TguLTRL4b	NW_005054907.1	25319	25517	19.400	0
TguLTRL4b	NW_005054907.1	25891	26698	24.900	0
TguLTRL4b	NW_005054908.1	38987	40033	13.200	0
TguLTR5c	NW_005054911.1	7365	7624	20.900	0
TguLTR5a	NW_005054912.1	26298	26593	21.800	0
TguLTR5c	NW_005054912.1	26619	27202	14.900	0
TguLTR5a	NW_005054912.1	27204	27279	20.300	0
TguLTR5c	NW_005054912.1	33179	33736	21.200	0
TguLTR6a	NW_005054913.1	8367	8797	16.100	0
TguLTRL4b	NW_005054913.1	20408	20688	11.200	0
TguLTRL4b	NW_005054913.1	21074	22296	20.600	0
TguLTRL4b	NW_005054913.1	22986	23113	13.500	0
TguLTRL4c	NW_005054913.1	32331	33454	18.200	0
TguLTRL4b	NW_005054916.1	28539	28766	30.000	0
TguLTRL4b	NW_005054916.1	29168	29458	32.800	0
TguLTR5a	NW_005054917.1	18562	19154	13.100	0
TguLTRL4c	NW_005054917.1	21822	22043	17.800	0
TguLTRL4b	NW_005054917.1	34915	35704	17.300	0
TguLTR5d	NW_005054918.1	2023	2366	17.200	0
TguLTR5c	NW_005054918.1	2380	2440	21.700	0
TguLTR5c	NW_005054918.1	2889	3111	12.200	0
TguLTR5c	NW_005054918.1	3609	3931	20.100	0
TguLTR11	NW_005054918.1	6848	7008	11.700	0
TguLTR11	NW_005054918.1	7510	7630	11.800	0
TguLTR11	NW_005054918.1	8602	8722	11.800	0
TguLTR5c	NW_005054918.1	10576	10746	17.600	0
TguLTRL4c	NW_005054918.1	27055	27764	16.700	0
TguLTR5b	NW_005054919.1	39754	40279	18.300	0
TguLTRL4b	NW_005054924.1	36925	37221	12.500	0
TguLTRL4c	NW_005054924.1	38632	38804	18.600	0
TguLTRL4d	NW_005054925.1	27977	28603	21.800	0
TguLTR11	NW_005054928.1	12512	12756	16.000	0
TguLTR11	NW_005054928.1	13194	13296	14.900	0
TguLTRL4c	NW_005054928.1	15377	16288	20.800	0
TguLTRL4d	NW_005054928.1	22530	22801	23.700	0
TguLTRL4d	NW_005054928.1	27074	27401	30.000	0
TguLTR5d	NW_005054928.1	27810	27886	12.400	0
TguLTR5e	NW_005054929.1	1542	1705	28.400	0
TguLTR5e	NW_005054929.1	2264	2362	19.600	0
TguLTR11	NW_005054929.1	12601	12732	22.700	0
TguLTR11	NW_005054929.1	13209	13471	17.100	0
TguLTR5a	NW_005054929.1	18729	18789	15.000	0
TguLTR5a	NW_005054929.1	18812	19152	17.000	0
TguLTRL4c	NW_005054929.1	21273	21933	25.900	0
TguLTR5a	NW_005054929.1	22828	22878	22.000	0
TguLTR11	NW_005054929.1	26437	26656	24.300	0
TguLTRL4b	NW_005054929.1	34719	35765	19.900	0
TguLTRL4b	NW_005054932.1	26301	27361	15.100	0
TguLTR5a	NW_005054932.1	29970	30148	19.100	0
TguLTRL4b	NW_005054932.1	36528	37257	25.700	0
TguLTRL4b	NW_005054934.1	9246	10224	16.600	0
TguLTR5c	NW_005054935.1	1910	2379	16.200	0
TguLTRL4b	NW_005054935.1	2379	3274	31.700	0
TguLTRL4b	NW_005054935.1	3761	3822	17.000	0
TguLTRL4b	NW_005054935.1	4209	4283	30.100	0
TguLTR5c	NW_005054935.1	4325	4453	16.400	0
TguLTR11	NW_005054936.1	17804	18029	20.400	0
TguLTR11	NW_005054936.1	18442	18544	18.000	0
TguLTR11	NW_005054936.1	18569	18707	18.000	0
TguLTR11	NW_005054936.1	19604	19752	17.000	0
TguLTRL4b	NW_005054936.1	21272	22022	23.600	0
TguLTRL4b	NW_005054936.1	24257	24400	20.600	0
TguLTR11	NW_005054936.1	31732	31843	26.900	0
TguLTR11	NW_005054936.1	31881	31926	26.900	0
TguLTRL4b	NW_005054937.1	3830	4889	16.400	0
TguLTRL4b	NW_005054937.1	8098	8732	20.000	0
TguLTR5a	NW_005054937.1	10824	11405	15.200	0
TguLTR6a	NW_005054937.1	11846	12294	16.300	0
TguLTRL6b	NW_005054937.1	12294	12460	18.600	0
TguLTRL4b	NW_005054937.1	14490	14680	19.800	0
TguLTRL4b	NW_005054937.1	15092	15897	28.400	0
TguLTR5d	NW_005054937.1	28443	28503	21.700	0
TguLTR11	NW_005054938.1	7205	7317	18.800	0
TguLTR11	NW_005054938.1	7342	7923	31.200	0
TguLTRL6b	NW_005054939.1	13386	13802	19.700	0
TguLTRL4b	NW_005054940.1	41	677	16.900	0
TguLTR5c	NW_005054940.1	762	1298	16.400	0
TguLTRL4b	NW_005054940.1	13186	13938	16.400	0
TguLTRL4b	NW_005054940.1	18851	19141	13.500	0
TguLTRL4c	NW_005054942.1	15692	15916	17.500	0
TguLTRL4c	NW_005054942.1	16553	16822	16.000	0
TguLTR5a	NW_005054942.1	18905	19300	14.400	0
TguLTRL4b	NW_005054944.1	6520	6683	34.300	0
TguLTRL4b	NW_005054944.1	7337	7504	32.900	0
TguLTRL4b	NW_005054944.1	24588	24836	19.400	0
TguLTRL4b	NW_005054944.1	25483	25568	19.300	0
TguLTRL6b	NW_005054946.1	9845	10271	16.700	0
TguLTR5b	NW_005054946.1	10714	11030	11.800	0
TguLTR5c	NW_005054948.1	31066	31254	23.100	0
TguLTR5c	NW_005054948.1	31857	32234	17.200	0
TguLTR5a	NW_005054949.1	1666	1836	23.100	0
TguLTR5a	NW_005054949.1	1876	2109	23.100	0
TguLTR5a	NW_005054949.1	2174	2325	19.300	0
TguLTRL4c	NW_005054949.1	25641	25743	22.600	0
TguLTR5c	NW_005054951.1	26896	27052	16.900	0
TguLTR5c	NW_005054951.1	31249	31684	20.900	0
TguLTR11	NW_005054951.1	34711	34777	18.800	0
TguLTR11	NW_005054952.1	20906	21077	15.700	0
TguLTRL4d	NW_005054954.1	4021	4524	25.900	0
TguLTRL4d	NW_005054954.1	23593	23779	25.200	0
TguLTR6a	NW_005054954.1	30887	31119	13.500	0
TguLTRL4c	NW_005054954.1	33425	34101	18.900	0
TguLTR5c	NW_005054956.1	129	295	15.200	0
TguLTR5c	NW_005054956.1	13626	13965	20.400	0
TguLTR5c	NW_005054956.1	18279	18533	13.000	0
TguLTRL4b	NW_005054956.1	19855	20021	32.900	0
TguLTRL4b	NW_005054956.1	21532	21787	27.100	0
TguLTR5a	NW_005054957.1	10339	10808	16.000	0
TguLTRL4c	NW_005054957.1	11737	11849	12.600	0
TguLTRL4c	NW_005054957.1	12170	12240	17.400	0
TguLTRL4c	NW_005054957.1	13006	13085	21.000	0
TguLTRL4c	NW_005054957.1	13523	13792	25.800	0
TguLTRL4b	NW_005054958.1	3298	3923	18.900	0
TguLTR5b	NW_005054958.1	28018	28626	17.500	0
TguLTR5b	NW_005054958.1	29541	30127	15.400	0
TguLTRL4b	NW_005054960.1	3079	3328	19.000	0
TguLTR5c	NW_005054962.1	33411	34012	13.900	0
TguLTR5d	NW_005054963.1	12319	12500	30.900	0
TguLTR6a	NW_005054963.1	18947	19010	14.300	0
TguLTR5d	NW_005054963.1	26982	27193	22.300	0
TguLTR5d	NW_005054963.1	35213	35394	30.900	0
TguLTRL4b	NW_005054964.1	29369	29632	33.300	0
TguLTR5a	NW_005054969.1	2759	2869	11.800	0
TguLTR5e	NW_005054969.1	18957	19242	20.900	0
TguLTRL4c	NW_005054969.1	20529	20882	26.300	0
TguLTR5a	NW_005054969.1	22717	23258	15.700	0
TguLTRL4c	NW_005054969.1	32110	32275	14.200	0
TguLTR5c	NW_005054971.1	8334	8481	14.700	0
TguLTRL4b	NW_005054972.1	30812	30941	29.800	0
TguLTRL4b	NW_005054977.1	4658	4858	26.100	0
TguLTR11	NW_005054977.1	9387	9557	22.000	0
TguLTRL4b	NW_005054978.1	2944	4015	18.900	0
TguLTRL4b	NW_005054978.1	18077	18237	11.200	0
TguLTR6a	NW_005054979.1	2247	2693	15.800	0
TguLTRL6b	NW_005054979.1	6472	6552	19.200	0
TguLTRL6b	NW_005054979.1	6937	7035	23.400	0
TguLTRL4b	NW_005054979.1	20274	21157	29.200	0
TguLTRL4b	NW_005054979.1	22187	22355	24.500	0
TguLTR5c	NW_005054980.1	2704	2926	12.700	0
TguLTR5c	NW_005054980.1	3370	3717	19.600	0
TguLTR11	NW_005054980.1	17579	17686	31.100	0
TguLTRL4b	NW_005054982.1	2561	2840	19.600	0
TguLTRL4b	NW_005054982.1	3526	3733	16.600	0
TguLTRL4b	NW_005054982.1	5078	5357	19.600	0
TguLTRL4b	NW_005054982.1	6043	6828	19.700	0
TguLTRL6b	NW_005054983.1	7191	7465	22.600	0
TguLTRL6b	NW_005054983.1	7975	8074	23.400	0
TguLTRL4c	NW_005054985.1	25217	25283	30.800	0
TguLTR5c	NW_005054985.1	25579	26067	18.900	0
TguLTRL4b	NW_005054985.1	27016	27657	15.700	0
TguLTRL4b	NW_005054985.1	28145	28580	14.800	0
TguLTR5c	NW_005054985.1	31157	31724	17.600	0
TguLTRL4c	NW_005054986.1	15460	15702	22.000	0
TguLTRL4c	NW_005054986.1	16366	16455	14.600	0
TguLTRL4b	NW_005054986.1	17547	17814	32.400	0
TguLTRL4b	NW_005054986.1	17831	18009	10.800	0
TguLTR5c	NW_005054986.1	18811	19367	13.500	0
TguLTR6a	NW_005054988.1	12382	12442	15.000	0
TguLTR6a	NW_005054988.1	12939	13315	18.400	0
TguLTRL4b	NW_005054988.1	24425	24780	16.700	0
TguLTRL4b	NW_005054988.1	25905	26149	19.100	0
TguLTRL4b	NW_005054989.1	4205	5041	16.200	0
TguLTRL4b	NW_005054989.1	9011	9865	12.000	0
TguLTRL4c	NW_005054989.1	28611	29713	17.700	0
TguLTRL4b	NW_005054991.1	24604	25631	18.400	0
TguLTRL4b	NW_005054993.1	7244	8218	18.600	0
TguLTRL4b	NW_005054993.1	25194	25370	31.300	0
TguLTR11	NW_005054994.1	223	396	22.400	0
TguLTR5b	NW_005054994.1	1372	1880	12.300	0
TguLTRL4c	NW_005054994.1	4959	5116	14.700	0
TguLTRL4b	NW_005054994.1	9474	10509	18.000	0
TguLTRL4b	NW_005054995.1	7532	7700	18.700	0
TguLTRL4b	NW_005054995.1	7726	8159	19.800	0
TguLTRL4b	NW_005054995.1	8170	8515	20.400	0
TguLTR5a	NW_005054995.1	30558	30914	14.100	0
TguLTR5a	NW_005054995.1	31277	31485	16.500	0
TguLTRL4b	NW_005054998.1	3573	4625	19.200	0
TguLTRL6b	NW_005054998.1	6486	6601	22.300	0
TguLTRL4c	NW_005054998.1	6842	7176	16.300	0
TguLTRL4c	NW_005054998.1	7616	8405	17.200	0
TguLTRL4d	NW_005055000.1	26721	26799	23.400	0
TguLTRL4d	NW_005055003.1	2854	3397	24.700	0
TguLTRL4b	NW_005055003.1	8083	8305	33.500	0
TguLTRL4b	NW_005055003.1	8590	8860	32.100	0
TguLTRL4b	NW_005055003.1	9224	9378	25.800	0
TguLTR11	NW_005055006.1	22031	22126	23.100	0
TguLTR11	NW_005055006.1	22826	22884	12.100	0
TguLTR11	NW_005055006.1	24249	24883	13.500	0
TguLTR11	NW_005055006.1	24912	25003	7.300	0
TguLTRL4b	NW_005055006.1	30504	31180	18.100	0
TguLTRL6b	NW_005055007.1	3225	3352	17.200	0
TguLTRL4b	NW_005055007.1	16183	16404	15.400	0
TguLTR11	NW_005055007.1	24056	24170	25.400	0
TguLTR11	NW_005055007.1	25211	25362	25.600	0
TguLTR11	NW_005055007.1	26162	26411	22.500	0
TguLTRL4b	NW_005055007.1	26746	26899	17.500	0
TguLTRL4b	NW_005055007.1	27521	27720	12.100	0
TguLTRL4b	NW_005055008.1	21325	21479	21.700	0
TguLTR5b	NW_005055008.1	26529	26949	11.200	0
TguLTR5a	NW_005055009.1	3471	3749	11.900	0
TguLTRL4d	NW_005055011.1	12773	12987	32.700	0
TguLTRL4d	NW_005055011.1	18560	18964	25.000	0
TguLTRL4d	NW_005055011.1	18984	19178	28.200	0
TguLTRL4c	NW_005055011.1	27404	27675	23.200	0
TguLTR5b	NW_005055011.1	28033	28313	12.900	0
TguLTR5e	NW_005055013.1	22950	23537	20.400	0
TguLTRL4c	NW_005055013.1	26008	26323	21.000	0
TguLTRL4c	NW_005055013.1	26382	26514	19.700	0
TguLTRL4d	NW_005055013.1	29926	30608	21.500	0
TguLTRL4b	NW_005055014.1	23998	24264	34.700	0
TguLTRL4c	NW_005055016.1	10644	10809	18.400	0
TguLTRL4b	NW_005055016.1	13072	14115	20.600	0
TguLTRL4b	NW_005055016.1	18971	19231	36.000	0
TguLTR6a	NW_005055019.1	2696	3103	14.800	0
TguLTRL4b	NW_005055019.1	3979	4240	34.500	0
TguLTRL4b	NW_005055019.1	5804	5861	26.300	0
TguLTR11	NW_005055021.1	2398	2524	20.000	0
TguLTR11	NW_005055021.1	3081	3226	21.800	0
TguLTRL4b	NW_005055021.1	8815	9304	14.200	0
TguLTRL4b	NW_005055021.1	9729	10207	15.300	0
TguLTRL4c	NW_005055022.1	7273	8165	30.400	0
TguLTRL4c	NW_005055023.1	8309	9193	17.600	0
TguLTRL4c	NW_005055023.1	9741	9970	17.100	0
TguLTR5c	NW_005055024.1	5900	6480	13.700	0
TguLTR6a	NW_005055024.1	22005	22273	18.700	0
TguLTR6a	NW_005055024.1	25768	25872	17.500	0
TguLTRL4b	NW_005055024.1	26962	27857	30.300	0
TguLTRL4b	NW_005055025.1	7884	8635	14.500	0
TguLTRL4b	NW_005055025.1	9007	9112	11.500	0
TguLTRL4b	NW_005055025.1	10677	10835	18.100	0
TguLTRL4b	NW_005055025.1	12762	12816	11.100	0
TguLTR5a	NW_005055026.1	19912	20261	20.000	0
TguLTR11	NW_005055026.1	28022	28150	23.500	0
TguLTR11	NW_005055026.1	28195	28305	23.500	0
TguLTR11	NW_005055027.1	17509	17895	19.600	0
TguLTR5e	NW_005055028.1	18366	18411	15.600	0
TguLTR5e	NW_005055028.1	18443	18846	27.400	0
TguLTR5b	NW_005055035.1	9010	9522	16.900	0
TguLTRL4d	NW_005055035.1	21355	21595	22.300	0
TguLTR11	NW_005055036.1	4119	4245	13.800	0
TguLTRL6b	NW_005055036.1	24222	24554	24.400	0
TguLTRL4b	NW_005055037.1	552	1341	26.000	0
TguLTR5c	NW_005055037.1	5546	6070	18.400	0
TguLTR5a	NW_005055037.1	15846	16356	22.600	0
TguLTRL4b	NW_005055037.1	16951	17074	22.900	0
TguLTRL4b	NW_005055037.1	17074	18001	20.600	0
TguLTRL4b	NW_005055037.1	18001	18747	27.000	0
TguLTRL4b	NW_005055037.1	19123	19332	20.000	0
TguLTRL4b	NW_005055038.1	6110	7192	19.200	0
TguLTRL4b	NW_005055038.1	12992	14074	15.600	0
TguLTR5c	NW_005055038.1	18411	18925	16.800	0
TguLTR5c	NW_005055042.1	26953	27203	21.000	0
TguLTRL4b	NW_005055043.1	12090	12609	20.500	0
TguLTRL4b	NW_005055043.1	13289	13427	18.700	0
TguLTRL6b	NW_005055043.1	16297	16421	20.100	0
TguLTRL6b	NW_005055043.1	17251	17434	18.100	0
TguLTR5b	NW_005055047.1	16560	17117	14.400	0
TguLTR5d	NW_005055047.1	20780	21365	19.900	0
TguLTR5c	NW_005055049.1	7037	7623	20.000	0
TguLTR5d	NW_005055051.1	23193	23405	21.800	0
TguLTRL4b	NW_005055051.1	23524	23917	16.900	0
TguLTRL4b	NW_005055053.1	11333	11698	16.900	0
TguLTRL4b	NW_005055053.1	12389	13021	17.200	0
TguLTRL4c	NW_005055054.1	6464	6784	27.700	0
TguLTRL4b	NW_005055058.1	0	151	28.700	0
TguLTR5c	NW_005055061.1	16268	16496	23.700	0
TguLTR5c	NW_005055061.1	16874	17219	16.400	0
TguLTR5c	NW_005055068.1	15236	15793	17.200	0
TguLTR5c	NW_005055068.1	16408	16986	15.100	0
TguLTR5e	NW_005055069.1	6018	6098	32.500	0
TguLTR5e	NW_005055069.1	6193	6290	27.800	0
TguLTR5e	NW_005055069.1	6481	6561	28.800	0
TguLTR5e	NW_005055069.1	7203	7420	30.000	0
TguLTR6a	NW_005055072.1	9850	10278	20.300	0
TguLTRL6b	NW_005055072.1	14162	14277	23.900	0
TguLTRL6b	NW_005055072.1	17944	18404	25.400	0
TguLTRL4b	NW_005055074.1	3667	4582	20.600	0
TguLTRL4b	NW_005055075.1	9876	10338	12.800	0
TguLTRL4b	NW_005055075.1	24297	24572	22.700	0
TguLTR5c	NW_005055076.1	13835	14392	17.300	0
TguLTRL4c	NW_005055076.1	17287	17718	19.800	0
TguLTR5c	NW_005055076.1	18329	18421	14.600	0
TguLTR5c	NW_005055076.1	18796	19078	16.000	0
TguLTRL4c	NW_005055076.1	20688	21264	19.900	0
TguLTRL4b	NW_005055079.1	19061	19198	29.900	0
TguLTR5d	NW_005055082.1	3432	3545	28.100	0
TguLTRL4b	NW_005055088.1	13056	13302	14.800	0
TguLTR11	NW_005055089.1	19034	19178	12.900	0
TguLTR11	NW_005055089.1	19810	19942	15.200	0
TguLTR11	NW_005055089.1	19989	20259	18.500	0
TguLTR5b	NW_005055090.1	3210	3791	12.400	0
TguLTRL4b	NW_005055090.1	10604	10733	21.400	0
TguLTRL4b	NW_005055090.1	11578	12224	16.300	0
TguLTRL4b	NW_005055090.1	14343	14605	21.800	0
TguLTR5c	NW_005055090.1	16986	17591	15.700	0
TguLTR5c	NW_005055090.1	23511	23993	15.900	0
TguLTR6a	NW_005055092.1	3668	4050	14.400	0
TguLTRL4b	NW_005055092.1	6190	6473	23.100	0
TguLTRL4b	NW_005055092.1	7125	7925	20.000	0
TguLTRL4b	NW_005055092.1	8732	8928	29.800	0
TguLTRL4b	NW_005055092.1	9443	9884	30.300	0
TguLTRL6b	NW_005055098.1	2406	2616	22.400	0
TguLTR5d	NW_005055099.1	19330	19929	20.800	0
TguLTR11	NW_005055100.1	3557	3638	14.100	0
TguLTR11	NW_005055100.1	3760	3772	14.100	0
TguLTRL4b	NW_005055100.1	14256	15309	18.900	0
TguLTR5e	NW_005055100.1	18468	18773	21.500	0
TguLTRL4b	NW_005055102.1	893	1467	15.000	0
TguLTRL4b	NW_005055102.1	1943	2477	13.300	0
TguLTR11	NW_005055102.1	2561	2705	21.800	0
TguLTR11	NW_005055102.1	2765	2861	21.500	0
TguLTR11	NW_005055102.1	2941	3162	16.900	0
TguLTRL4b	NW_005055102.1	7203	7439	31.200	0
TguLTRL4b	NW_005055102.1	7649	7932	34.000	0
TguLTRL4b	NW_005055102.1	8854	8998	29.600	0
TguLTR5c	NW_005055102.1	9559	10127	16.700	0
TguLTR6a	NW_005055105.1	15310	15656	18.200	0
TguLTRL4b	NW_005055112.1	2636	2921	31.200	0
TguLTRL4b	NW_005055112.1	3157	3380	33.000	0
TguLTRL4c	NW_005055114.1	17131	17205	18.900	0
TguLTRL6b	NW_005055119.1	9441	9670	10.700	0
TguLTR5a	NW_005055119.1	10349	10918	14.700	0
TguLTR5d	NW_005055119.1	15623	16169	15.100	0
TguLTRL4b	NW_005055126.1	133	202	8.800	0
TguLTR6a	NW_005055126.1	4584	4802	26.500	0
TguLTRL4b	NW_005055126.1	4802	5120	18.400	0
TguLTRL4b	NW_005055126.1	5565	6098	21.300	0
TguLTRL4b	NW_005055126.1	6756	6865	15.800	0
TguLTR6a	NW_005055126.1	6869	7094	14.200	0
TguLTRL4b	NW_005055127.1	3936	4814	27.900	0
TguLTR6a	NW_005055127.1	6424	6498	14.900	0
TguLTRL4b	NW_005055127.1	9757	10635	27.900	0
TguLTR6a	NW_005055127.1	12245	12319	14.900	0
TguLTR5e	NW_005055129.1	1865	2344	25.000	0
TguLTR11	NW_005055129.1	11058	11166	26.400	0
TguLTRL4b	NW_005055131.1	19179	20254	20.100	0
TguLTR5e	NW_005055136.1	6162	6700	24.300	0
TguLTR5d	NW_005055136.1	7047	7249	19.500	0
TguLTRL4c	NW_005055136.1	7939	8848	20.400	0
TguLTRL4b	NW_005055137.1	15625	15784	19.600	0
TguLTRL4b	NW_005055137.1	15799	16563	19.400	0
TguLTRL4b	NW_005055137.1	16602	17078	18.000	0
TguLTR11	NW_005055139.1	3801	3917	19.200	0
TguLTR11	NW_005055139.1	4581	4712	19.000	0
TguLTRL4b	NW_005055139.1	6447	6584	18.600	0
TguLTR5a	NW_005055139.1	8017	8086	10.700	0
TguLTR5a	NW_005055139.1	11199	11408	24.000	0
TguLTRL4d	NW_005055144.1	12189	12277	15.900	0
TguLTR5c	NW_005055144.1	12871	13462	16.700	0
TguLTR5c	NW_005055144.1	13904	14470	16.000	0
TguLTR5c	NW_005055144.1	17935	18412	17.000	0
TguLTR11	NW_005055147.1	12178	12430	14.100	0
TguLTR11	NW_005055147.1	12507	12757	15.100	0
TguLTR6a	NW_005055147.1	19336	19842	19.600	0
TguLTR11	NW_005055148.1	5680	5799	12.100	0
TguLTRL4d	NW_005055158.1	5264	6118	20.100	0
TguLTR6a	NW_005055159.1	5391	5619	20.200	0
TguLTR6a	NW_005055159.1	6003	6082	12.700	0
TguLTRL4b	NW_005055160.1	7332	7593	35.800	0
TguLTRL4b	NW_005055160.1	7858	8127	33.200	0
TguLTR5c	NW_005055160.1	12467	12568	17.800	0
TguLTR5a	NW_005055163.1	8058	8247	15.700	0
TguLTR5c	NW_005055163.1	10018	10074	21.400	0
TguLTRL4c	NW_005055163.1	14360	14537	18.100	0
TguLTRL4c	NW_005055163.1	15509	15686	18.100	0
TguLTRL4c	NW_005055163.1	16370	16561	21.400	0
TguLTRL4d	NW_005055164.1	4048	4148	23.700	0
TguLTR5c	NW_005055168.1	13597	14171	15.900	0
TguLTRL4b	NW_005055168.1	15271	16348	16.000	0
TguLTR5a	NW_005055171.1	10493	10960	21.900	0
TguLTRL4b	NW_005055172.1	3712	4800	17.700	0
TguLTRL4b	NW_005055173.1	17062	17822	21.900	0
TguLTR11	NW_005055175.1	3646	3806	14.200	0
TguLTRL4c	NW_005055175.1	5443	6088	19.000	0
TguLTRL4b	NW_005055177.1	7141	8205	17.400	0
TguLTRL4b	NW_005055178.1	708	933	17.100	0
TguLTRL4b	NW_005055178.1	7414	7604	18.400	0
TguLTRL4b	NW_005055178.1	7604	7770	10.400	0
TguLTR5c	NW_005055178.1	13666	13995	12.500	0
TguLTR5c	NW_005055178.1	18078	18333	17.700	0
TguLTR6a	NW_005055183.1	28	214	18.300	0
TguLTR5a	NW_005055183.1	5689	6247	19.600	0
TguLTR5e	NW_005055184.1	11420	11673	30.200	0
TguLTR5e	NW_005055184.1	16117	16318	26.000	0
TguLTRL4b	NW_005055191.1	9112	9334	26.900	0
TguLTR11	NW_005055191.1	12524	12640	29.400	0
TguLTRL4b	NW_005055192.1	6438	6770	23.500	0
TguLTRL4b	NW_005055192.1	8336	8554	16.100	0
TguLTR11	NW_005055193.1	989	1238	23.900	0
TguLTR11	NW_005055193.1	1333	1535	23.600	0
TguLTR11	NW_005055193.1	11657	11970	23.000	0
TguLTRL4b	NW_005055194.1	11850	12060	34.700	0
TguLTR5e	NW_005055197.1	15858	16397	23.800	0
TguLTR11	NW_005055198.1	4237	4466	18.000	0
TguLTRL4b	NW_005055198.1	4849	5663	25.500	0
TguLTRL4b	NW_005055198.1	6017	6138	25.800	0
TguLTR5a	NW_005055198.1	11927	12449	17.400	0
TguLTR5a	NW_005055198.1	13069	13117	12.500	0
TguLTRL4b	NW_005055204.1	3443	3935	17.300	0
TguLTRL4b	NW_005055204.1	4991	5146	18.100	0
TguLTR5b	NW_005055204.1	16602	16982	16.100	0
TguLTR5c	NW_005055206.1	14495	14994	14.000	0
TguLTRL4b	NW_005055206.1	14994	15580	17.400	0
TguLTRL4b	NW_005055207.1	7976	8791	31.200	0
TguLTRL4b	NW_005055207.1	9318	9433	25.000	0
TguLTRL4d	NW_005055210.1	1815	2104	21.200	0
TguLTR6a	NW_005055210.1	6961	7232	20.100	0
TguLTR6a	NW_005055210.1	7727	7790	23.800	0
TguLTR5c	NW_005055211.1	16157	16216	16.900	0
TguLTR5c	NW_005055211.1	16619	17145	12.700	0
TguLTR5a	NW_005055215.1	12568	12964	20.300	0
TguLTR6a	NW_005055219.1	10289	10715	21.000	0
TguLTRL4c	NW_005055226.1	12184	13061	22.600	0
TguLTR5e	NW_005055231.1	14474	14592	18.300	0
TguLTR5a	NW_005055233.1	8841	9408	16.800	0
TguLTRL4c	NW_005055233.1	9774	10050	14.200	0
TguLTRL4c	NW_005055233.1	10371	10548	13.600	0
TguLTRL4b	NW_005055240.1	2559	2817	18.500	0
TguLTRL4b	NW_005055240.1	8898	9257	10.200	0
TguLTRL4b	NW_005055240.1	9481	9823	11.900	0
TguLTRL4b	NW_005055240.1	9851	9994	9.100	0
TguLTR5c	NW_005055240.1	11624	12199	16.300	0
TguLTR5b	NW_005055240.1	15600	15741	14.200	0
TguLTR5c	NW_005055247.1	5466	5537	14.100	0
TguLTRL4b	NW_005055251.1	10218	10343	22.500	0
TguLTRL4b	NW_005055251.1	10640	11427	24.300	0
TguLTRL4b	NW_005055252.1	0	333	22.200	0
TguLTRL4d	NW_005055269.1	0	117	16.200	0
TguLTR5b	NW_005055269.1	10716	10997	9.200	0
TguLTR5b	NW_005055269.1	11002	11172	12.400	0
TguLTRL4b	NW_005055271.1	138	1057	33.900	0
TguLTRL4b	NW_005055271.1	1642	1777	20.300	0
TguLTR11	NW_005055276.1	1873	2025	19.900	0
TguLTR11	NW_005055276.1	3632	3784	17.100	0
TguLTR11	NW_005055276.1	3824	3909	17.100	0
TguLTRL4c	NW_005055276.1	4413	4956	19.800	0
TguLTRL4c	NW_005055281.1	5272	5905	19.200	0
TguLTR5d	NW_005055281.1	7103	7686	23.300	0
TguLTRL4b	NW_005055281.1	9095	9566	19.500	0
TguLTRL4b	NW_005055281.1	10036	10137	11.500	0
TguLTRL4b	NW_005055282.1	6532	7596	18.300	0
TguLTR5c	NW_005055282.1	7597	7881	14.100	0
TguLTRL4b	NW_005055282.1	8953	9157	9.800	0
TguLTRL4b	NW_005055282.1	9887	10808	14.300	0
TguLTRL4c	NW_005055286.1	601	664	26.300	0
TguLTRL4b	NW_005055286.1	1545	1808	35.100	0
TguLTRL4b	NW_005055286.1	7618	7693	11.100	0
TguLTRL4b	NW_005055286.1	7996	8106	15.600	0
TguLTRL4c	NW_005055294.1	4679	4736	19.300	0
TguLTRL4c	NW_005055294.1	5164	5321	18.500	0
TguLTRL6b	NW_005055296.1	13041	13179	19.800	0
TguLTR5e	NW_005055301.1	6410	6963	22.400	0
TguLTR11	NW_005055303.1	10549	10683	24.300	0
TguLTR11	NW_005055303.1	11154	11356	17.900	0
TguLTRL4b	NW_005055304.1	11646	12343	19.100	0
TguLTR11	NW_005055307.1	12905	12958	9.400	0
TguLTRL4b	NW_005055311.1	7400	7638	23.900	0
TguLTRL4c	NW_005055313.1	3457	3712	19.300	0
TguLTRL4c	NW_005055313.1	4035	4831	18.700	0
TguLTRL4b	NW_005055315.1	180	552	15.600	0
TguLTRL4b	NW_005055315.1	970	1264	21.200	0
TguLTRL6b	NW_005055316.1	13388	13454	16.700	0
TguLTR5c	NW_005055317.1	8922	9512	16.800	0
TguLTRL4b	NW_005055318.1	5128	5966	21.000	0
TguLTRL4b	NW_005055318.1	6386	6598	18.700	0
TguLTR5e	NW_005055319.1	2797	2925	17.200	0
TguLTRL4d	NW_005055321.1	1769	2005	24.800	0
TguLTRL4d	NW_005055321.1	2710	2846	28.700	0
TguLTR11	NW_005055321.1	4374	4617	27.100	0
TguLTRL4b	NW_005055324.1	0	70	14.500	0
TguLTRL4b	NW_005055324.1	11920	12085	19.600	0
TguLTRL4b	NW_005055325.1	1860	2192	35.700	0
TguLTRL4b	NW_005055325.1	7004	7136	29.100	0
TguLTRL4b	NW_005055325.1	8737	9383	30.400	0
TguLTRL4b	NW_005055325.1	10080	10228	22.700	0
TguLTRL6b	NW_005055326.1	3489	3841	22.800	0
TguLTR11	NW_005055326.1	5428	5633	22.900	0
TguLTR11	NW_005055326.1	8357	8493	12.200	0
TguLTRL6b	NW_005055326.1	10517	10881	19.900	0
TguLTR5d	NW_005055336.1	2027	2253	24.600	0
TguLTRL6b	NW_005055337.1	6002	6107	14.300	0
TguLTRL4b	NW_005055339.1	3247	3380	14.400	0
TguLTRL4b	NW_005055339.1	3718	4605	22.000	0
TguLTR11	NW_005055341.1	3886	4040	20.600	0
TguLTRL4b	NW_005055353.1	10695	10844	34.200	0
TguLTRL4c	NW_005055360.1	5161	5474	27.500	0
TguLTR11	NW_005055362.1	912	1051	14.900	0
TguLTRL4c	NW_005055362.1	8047	8613	16.000	0
TguLTRL4b	NW_005055373.1	0	296	14.600	0
TguLTRL4d	NW_005055373.1	298	606	19.000	0
TguLTR6a	NW_005055381.1	4170	4343	17.200	0
TguLTRL4b	NW_005055382.1	2067	2866	25.500	0
TguLTR5c	NW_005055382.1	5377	5891	21.000	0
TguLTR11	NW_005055382.1	7456	7649	17.200	0
TguLTR11	NW_005055382.1	7942	8119	17.000	0
TguLTRL4b	NW_005055383.1	3563	3631	17.600	0
TguLTR11	NW_005055390.1	15	114	24.500	0
TguLTR11	NW_005055390.1	5049	5199	20.600	0
TguLTR5b	NW_005055393.1	3152	3254	9.800	0
TguLTR5b	NW_005055393.1	4746	4938	10.500	0
TguLTRL6b	NW_005055393.1	7892	8317	18.600	0
TguLTRL4b	NW_005055393.1	8655	9308	16.700	0
TguLTR5b	NW_005055395.1	6252	6510	15.500	0
TguLTRL6b	NW_005055396.1	888	1225	19.600	0
TguLTRL4b	NW_005055401.1	2189	2619	13.100	0
TguLTRL4b	NW_005055404.1	2200	2920	15.700	0
TguLTRL4b	NW_005055404.1	3370	3586	14.900	0
TguLTRL4b	NW_005055404.1	4125	4228	14.600	0
TguLTR5b	NW_005055410.1	8467	8590	15.400	0
TguLTRL4b	NW_005055412.1	7806	7998	19.000	0
TguLTRL4b	NW_005055412.1	8465	9250	26.200	0
TguLTRL4b	NW_005055417.1	8756	9547	19.000	0
TguLTR5c	NW_005055420.1	7340	7407	9.000	0
TguLTR11	NW_005055420.1	9074	9268	22.700	0
TguLTR5c	NW_005055420.1	9301	9572	20.200	0
TguLTR5c	NW_005055420.1	10239	10403	18.000	0
TguLTR5c	NW_005055424.1	1715	2001	19.500	0
TguLTR5c	NW_005055424.1	2670	2856	12.400	0
TguLTRL4b	NW_005055431.1	2515	2715	20.300	0
TguLTRL4b	NW_005055431.1	3103	3456	17.600	0
TguLTRL4c	NW_005055439.1	10178	10541	18.100	0
TguLTRL4c	NW_005055443.1	3560	4646	15.000	0
TguLTRL4b	NW_005055449.1	459	878	18.800	0
TguLTRL4b	NW_005055449.1	1635	2122	22.500	0
TguLTRL4b	NW_005055460.1	51	336	15.800	0
TguLTRL4b	NW_005055460.1	710	1085	17.200	0
TguLTRL4b	NW_005055460.1	3837	3936	21.200	0
TguLTR5a	NW_005055460.1	9264	9796	18.800	0
TguLTRL6b	NW_005055461.1	4376	4430	7.500	0
TguLTRL4c	NW_005055461.1	5506	6044	15.000	0
TguLTRL4b	NW_005055463.1	5749	6824	19.700	0
TguLTR5d	NW_005055463.1	6886	7196	26.000	0
TguLTR5d	NW_005055463.1	7268	7306	22.800	0
TguLTRL6b	NW_005055463.1	8042	8120	22.100	0
TguLTR11	NW_005055467.1	4908	5046	30.400	0
TguLTR11	NW_005055471.1	6813	6953	21.000	0
TguLTR11	NW_005055471.1	9102	9212	19.700	0
TguLTRL4c	NW_005055487.1	8011	8125	20.800	0
TguLTRL4c	NW_005055488.1	4398	4516	16.900	0
TguLTRL4c	NW_005055488.1	5113	5918	25.300	0
TguLTRL4b	NW_005055490.1	6703	7353	17.500	0
TguLTR11	NW_005055491.1	7265	7365	11.000	0
TguLTR5d	NW_005055506.1	4035	4608	22.900	0
TguLTRL4c	NW_005055506.1	4860	5680	25.600	0
TguLTRL4b	NW_005055507.1	6893	7731	25.800	0
TguLTRL4d	NW_005055509.1	52	207	21.300	0
TguLTR5d	NW_005055509.1	4051	4277	14.300	0
TguLTR5d	NW_005055509.1	4280	4518	9.300	0
TguLTR5c	NW_005055525.1	815	956	18.000	0
TguLTRL4b	NW_005055530.1	7724	8784	14.900	0
TguLTRL4b	NW_005055564.1	6027	6251	29.200	0
TguLTR6a	NW_005055568.1	6054	6544	20.000	0
TguLTR6a	NW_005055574.1	2154	2449	13.800	0
TguLTRL4b	NW_005055579.1	190	517	33.000	0
TguLTRL4b	NW_005055579.1	677	976	32.200	0
TguLTRL4b	NW_005055579.1	1154	1701	30.800	0
TguLTRL4b	NW_005055579.1	5708	5860	30.100	0
TguLTR5c	NW_005055579.1	6658	6900	12.600	0
TguLTR11	NW_005055584.1	7423	7482	20.300	0
TguLTRL4b	NW_005055597.1	6285	7022	19.500	0
TguLTR11	NW_005055599.1	7267	7397	24.000	0
TguLTRL4b	NW_005055601.1	241	519	35.900	0
TguLTRL4b	NW_005055601.1	708	1028	26.200	0
TguLTR6a	NW_005055601.1	2188	2361	16.200	0
TguLTR5c	NW_005055606.1	6448	6971	15.800	0
TguLTRL4c	NW_005055615.1	45	234	29.100	0
TguLTR5d	NW_005055615.1	6612	7131	14.100	0
TguLTR11	NW_005055615.1	7254	7627	19.400	0
TguLTRL4b	NW_005055624.1	4887	5654	19.700	0
TguLTR5c	NW_005055624.1	6211	6389	11.900	0
TguLTR5c	NW_005055624.1	6934	7331	19.300	0
TguLTRL4d	NW_005055625.1	6634	7030	28.500	0
TguLTRL4b	NW_005055626.1	4519	4933	16.200	0
TguLTRL4b	NW_005055626.1	5346	5617	22.400	0
TguLTRL4b	NW_005055640.1	5819	6491	14.500	0
TguLTRL4b	NW_005055640.1	6491	6557	9.200	0
TguLTRL4b	NW_005055644.1	3700	3831	27.100	0
TguLTRL4b	NW_005055644.1	4242	5102	28.900	0
TguLTR5d	NW_005055645.1	1163	1278	15.700	0
TguLTR5b	NW_005055654.1	7268	7418	19.300	0
TguLTR11	NW_005055663.1	416	837	12.700	0
TguLTR5e	NW_005055663.1	1921	2437	21.800	0
TguLTR11	NW_005055679.1	4590	4807	17.300	0
TguLTR11	NW_005055679.1	5917	6187	17.100	0
TguLTR5d	NW_005055681.1	5338	5795	17.800	0
TguLTR5d	NW_005055681.1	6418	6495	14.500	0
TguLTRL4b	NW_005055695.1	0	785	29.400	0
TguLTR11	NW_005055699.1	5583	5829	21.400	0
TguLTR11	NW_005055699.1	6374	6540	20.000	0
TguLTRL4c	NW_005055721.1	7	236	26.900	0
TguLTR6a	NW_005055727.1	1532	1848	18.800	0
TguLTRL4b	NW_005055745.1	11	375	18.600	0
TguLTR5d	NW_005055752.1	1898	2033	19.100	0
TguLTR11	NW_005055755.1	618	678	20.000	0
TguLTR5c	NW_005055770.1	4898	4987	13.500	0
TguLTR5d	NW_005055772.1	379	582	26.800	0
TguLTRL4d	NW_005055789.1	4460	4797	31.100	0
TguLTRL4d	NW_005055803.1	1921	2070	26.200	0
TguLTRL4c	NW_005055827.1	4036	4083	6.400	0
TguLTRL4c	NW_005055827.1	4095	4682	16.200	0
TguLTRL4c	NW_005055827.1	4898	4978	15.000	0
TguLTRL4c	NW_005055862.1	2267	2358	11.700	0
TguLTR5d	NW_005055872.1	2711	2788	20.000	0
TguLTRL4b	NW_005055873.1	1625	1813	23.200	0
TguLTRL6b	NW_005055875.1	654	881	25.600	0
TguLTRL4c	NW_005055892.1	2	74	20.800	0
TguLTR5c	NW_005055930.1	4486	4533	17.000	0
TguLTR5c	NW_005055930.1	4838	5061	15.600	0
TguLTR5e	NW_005055935.1	1559	2038	25.000	0
TguLTRL4c	NW_005055942.1	4716	5008	18.100	0
TguLTRL4b	NW_005055970.1	0	69	13.000	0
TguLTRL4b	NW_005055970.1	4415	4678	37.400	0
TguLTRL4d	NW_005055977.1	3209	3265	25.000	0
TguLTRL4c	NW_005055982.1	4088	4149	6.600	0
TguLTR5e	NW_005056008.1	32	200	23.500	0
TguLTR5a	NW_005056008.1	4749	4856	6.900	0
TguLTRL6b	NW_005056013.1	1	185	19.800	0
TguLTR5d	NW_005056026.1	1025	1624	17.500	0
TguLTR5a	NW_005056026.1	3633	3832	14.900	0
TguLTR5a	NW_005056026.1	4462	4724	17.900	0
TguLTRL4b	NW_005056039.1	2212	2454	21.700	0
TguLTRL4c	NW_005056039.1	3134	3265	25.400	0
TguLTRL4b	NW_005056039.1	3579	4331	20.900	0
TguLTR5c	NW_005056043.1	0	72	13.900	0
TguLTRL4b	NW_005056044.1	1618	2393	19.000	0
TguLTR5a	NW_005056044.1	2859	2940	6.300	0
TguLTRL4c	NW_005056053.1	4320	4635	25.000	0
TguLTR11	NW_005056060.1	4435	4488	18.900	0
TguLTR11	NW_005056069.1	1917	2161	17.700	0
TguLTR5c	NW_005056087.1	1490	1785	24.500	0
TguLTRL4d	NW_005056105.1	4282	4360	22.100	0
TguLTRL4b	NW_005056151.1	1249	1449	30.900	0
TguLTRL4c	NW_005056156.1	822	1385	29.300	0
TguLTRL4c	NW_005056156.1	2142	2458	28.100	0
TguLTR5e	NW_005056157.1	3564	3860	26.200	0
TguLTR11	NW_005056180.1	3983	4108	24.000	0
TguLTR5e	NW_005056182.1	1941	2516	28.500	0
TguLTR5d	NW_005056244.1	1058	1542	14.200	0
TguLTR5e	NW_005056254.1	194	296	29.700	0
TguLTR5e	NW_005056254.1	367	520	27.400	0
TguLTRL4b	NW_005056263.1	1784	2337	20.900	0
TguLTR11	NW_005056266.1	1267	1407	24.900	0
TguLTR11	NW_005056266.1	2493	2751	24.200	0
TguLTR5b	NW_005056277.1	0	74	12.200	0
TguLTRL4b	NW_005056317.1	2984	3555	21.200	0
TguLTR5d	NW_005056325.1	0	238	17.800	0
TguLTRL4d	NW_005056326.1	1413	1709	25.300	0
TguLTR5b	NW_005056353.1	3598	3650	19.200	0
TguLTR5b	NW_005056381.1	0	111	14.400	0
TguLTRL4b	NW_005056387.1	2147	2634	31.700	0
TguLTRL4b	NW_005056387.1	3234	3410	30.800	0
TguLTR5b	NW_005056393.1	3402	3559	16.000	0
TguLTRL4b	NW_005056405.1	0	833	20.500	0
TguLTR5b	NW_005056405.1	1240	1351	22.500	0
TguLTR5b	NW_005056405.1	1677	2182	10.900	0
TguLTRL4c	NW_005056467.1	3031	3425	20.900	0
TguLTRL4b	NW_005056505.1	723	1030	14.700	0
TguLTRL4b	NW_005056505.1	1829	1935	19.800	0
TguLTRL4b	NW_005056505.1	2815	3216	20.200	0
TguLTRL4b	NW_005056509.1	2939	3347	19.300	0
TguLTR5d	NW_005056520.1	0	75	10.700	0
TguLTR11	NW_005056544.1	2795	2935	21.000	0
TguLTR5e	NW_005056575.1	1054	1194	33.600	0
TguLTR5e	NW_005056575.1	1224	1577	25.600	0
TguLTR5e	NW_005056595.1	2185	2743	29.300	0
TguLTRL4c	NW_005056671.1	2669	3106	18.500	0
TguLTRL4c	NW_005056680.1	2638	3117	21.300	0
TguLTRL4d	NW_005056683.1	3058	3114	16.100	0
TguLTR5c	NW_005056697.1	3037	3097	11.700	0
TguLTR5c	NW_005056701.1	679	1199	22.300	0
TguLTRL4b	NW_005056709.1	1978	2218	25.200	0
TguLTRL4b	NW_005056709.1	2348	2610	32.400	0
TguLTR6a	NW_005056711.1	2716	3008	19.600	0
TguLTRL4c	NW_005056737.1	2946	3050	24.000	0
TguLTR5d	NW_005056743.1	0	126	18.400	0
TguLTR5e	NW_005056743.1	1484	2031	27.700	0
TguLTRL4b	NW_005056753.1	0	181	18.200	0
TguLTR5d	NW_005056759.1	1457	1893	21.200	0
TguLTRL4c	NW_005056784.1	0	220	16.400	0
TguLTRL4b	NW_005056786.1	25	333	12.500	0
TguLTRL4d	NW_005056852.1	1749	1888	22.500	0
TguLTR11	NW_005056944.1	0	66	21.500	0
TguLTRL4c	NW_005056948.1	2672	2825	28.300	0
TguLTR5a	NW_005056954.1	2731	2820	24.700	0
TguLTR5a	NW_005056966.1	1036	1104	16.200	0
TguLTR5d	NW_005056977.1	0	76	22.700	0
TguLTR5c	NW_005056977.1	2683	2807	14.700	0
TguLTRL4c	NW_005057027.1	660	735	18.900	0
TguLTR5c	NW_005057027.1	1349	1625	24.100	0
TguLTR5c	NW_005057027.1	2346	2611	13.600	0
TguLTRL6b	NW_005057048.1	1	188	24.300	0
TguLTR11	NW_005057048.1	1790	1991	19.400	0
TguLTR5d	NW_005057077.1	0	132	18.900	0
TguLTR11	NW_005057118.1	1729	1978	14.800	0
TguLTRL4b	NW_005057122.1	663	1158	27.300	0
TguLTRL4b	NW_005057122.1	1288	1551	31.000	0
TguLTR5c	NW_005057157.1	2566	2674	13.900	0
TguLTR5d	NW_005057267.1	2426	2526	28.000	0
TguLTR11	NW_005057281.1	28	144	19.200	0
TguLTRL4d	NW_005057300.1	272	318	17.400	0
TguLTR5c	NW_005057300.1	318	461	27.400	0
TguLTR5c	NW_005057300.1	1684	1900	20.400	0
TguLTRL6b	NW_005057315.1	2403	2521	27.400	0
TguLTRL6b	NW_005057339.1	1373	1525	22.300	0
TguLTR5e	NW_005057347.1	2480	2535	9.100	0
TguLTR5e	NW_005057377.1	1791	2024	23.600	0
TguLTRL4b	NW_005057396.1	2404	2498	14.900	0
TguLTRL6b	NW_005057403.1	0	36	8.300	0
TguLTRL4b	NW_005057426.1	0	73	18.100	0
TguLTRL4d	NW_005057477.1	944	1034	27.100	0
TguLTR5d	NW_005057485.1	0	222	25.200	0
TguLTR5c	NW_005057486.1	2342	2435	11.800	0
TguLTRL4d	NW_005057500.1	1508	1618	23.100	0
TguLTR5d	NW_005057510.1	0	33	6.100	0
TguLTR5b	NW_005057516.1	0	352	18.600	0
TguLTRL4c	NW_005057517.1	1612	1906	24.100	0
TguLTR11	NW_005057524.1	323	479	18.700	0
TguLTR11	NW_005057524.1	577	690	21.600	0
TguLTRL6b	NW_005057576.1	2151	2377	21.700	0
TguLTR5a	NW_005057594.1	1366	1436	18.600	0
TguLTRL4b	NW_005057619.1	10	898	28.700	0
TguLTR5a	NW_005057655.1	2111	2324	20.700	0
TguLTR5b	NW_005057727.1	2195	2265	18.600	0
TguLTR5b	NW_005057738.1	1970	2271	18.300	0
TguLTR11	NW_005057752.1	0	98	22.900	0
TguLTRL4c	NW_005057763.1	8	491	20.600	0
TguLTR5d	NW_005057770.1	0	76	15.800	0
TguLTR5e	NW_005057776.1	837	959	27.100	0
TguLTRL4d	NW_005057808.1	24	203	28.800	0
TguLTRL4d	NW_005057808.1	1152	1428	30.600	0
TguLTRL4b	NW_005057815.1	2186	2229	11.600	0
TguLTR11	NW_005057875.1	0	118	23.100	0
TguLTRL4d	NW_005057875.1	118	220	18.800	0
TguLTR5b	NW_005057923.1	1	77	10.700	0
TguLTR11	NW_005057936.1	1672	1859	25.500	0
TguLTR5e	NW_005057941.1	67	339	28.100	0
TguLTR6a	NW_005057944.1	1962	2139	26.000	0
TguLTR5a	NW_005057947.1	2075	2138	14.300	0
TguLTR5d	NW_005057960.1	0	208	24.000	0
TguLTR5e	NW_005058017.1	136	260	28.900	0
TguLTR5e	NW_005058017.1	411	683	28.400	0
TguLTR5d	NW_005058023.1	0	168	23.100	0
TguLTR5e	NW_005058041.1	1306	1404	23.500	0
TguLTR5e	NW_005058048.1	1251	1642	29.200	0
TguLTRL4b	NW_005058057.1	0	49	8.200	0
TguLTR5d	NW_005058092.1	1958	2061	17.500	0
TguLTR5e	NW_005058096.1	1087	1475	27.800	0
TguLTR5d	NW_005058110.1	0	425	21.600	0
TguLTRL4c	NW_005058126.1	0	106	20.900	0
TguLTR5d	NW_005058126.1	1902	2045	16.500	0
TguLTR5e	NW_005058169.1	1887	2025	25.500	0
TguLTR5a	NW_005058191.1	1915	2008	21.700	0
TguLTR5d	NW_005058199.1	0	132	19.200	0
TguLTR5d	NW_005058237.1	1761	1986	19.200	0
TguLTR11	NW_005058251.1	911	1122	15.400	0
TguLTR5a	NW_005058255.1	1593	1976	24.000	0
TguLTR5a	NW_005058302.1	1025	1109	15.500	0
TguLTRL4d	NW_005058307.1	1740	1901	25.800	0
TguLTRL4c	NW_005058327.1	0	132	18.900	0
TguLTRL4b	NW_005058382.1	0	65	15.400	0
TguLTRL4c	NW_005058396.1	1759	1902	24.600	0
TguLTRL4c	NW_005058420.1	1656	1901	20.000	0
TguLTR5b	NW_005058440.1	0	133	12.800	0
TguLTR5a	NW_005058540.1	0	35	5.700	0
TguLTR5d	NW_005058571.1	0	147	17.800	0
TguLTRL4c	NW_005058578.1	0	231	23.800	0
TguLTR5a	NW_005058594.1	1706	1827	18.100	0
TguLTRL4d	NW_005058638.1	90	218	22.600	0
TguLTRL4b	NW_005058640.1	1738	1813	12.700	0
TguLTR5a	NW_005058681.1	0	114	26.400	0
TguLTR5d	NW_005058689.1	1713	1793	15.200	0
TguLTR5a	NW_005058710.1	545	588	18.600	0
TguLTRL4c	NW_005058733.1	1584	1780	19.000	0
TguLTR5e	NW_005058742.1	304	581	26.000	0
TguLTR5e	NW_005058742.1	604	822	29.300	0
TguLTR5d	NW_005058753.1	1675	1774	19.200	0
TguLTRL4c	NW_005058779.1	15	167	19.200	0
TguLTRL4c	NW_005058821.1	1515	1738	20.800	0
TguLTR5d	NW_005058955.1	1399	1707	18.400	0
TguLTR5a	NW_005058987.1	1298	1583	24.500	0
TguLTR6a	NW_005059017.1	1484	1686	21.000	0
TguLTR5b	NW_005059027.1	0	89	19.100	0
TguLTRL4c	NW_005059049.1	1618	1678	15.000	0
TguLTR5e	NW_005059064.1	0	143	26.600	0
TguLTR5a	NW_005059075.1	0	61	14.800	0
TguLTR5d	NW_005059200.1	1581	1632	17.600	0
TguLTRL4c	NW_005059221.1	1190	1426	18.600	0
TguLTR5d	NW_005059222.1	0	99	22.700	0
TguLTRL4c	NW_005059222.1	1425	1626	19.500	0
TguLTR5b	NW_005059234.1	0	46	15.200	0
TguLTR5b	NW_005059234.1	372	483	22.500	0
TguLTRL4b	NW_005059234.1	890	1622	18.800	0
TguLTRL4b	NW_005059247.1	457	678	28.500	0
TguLTR5a	NW_005059268.1	1113	1610	19.900	0
TguLTRL6b	NW_005059295.1	272	712	20.900	0
TguLTR5a	NW_005059302.1	0	133	12.000	0
TguLTR5d	NW_005059316.1	0	213	18.800	0
TguLTRL4c	NW_005059317.1	1341	1597	29.800	0
TguLTR5c	NW_005059318.1	614	812	17.800	0
TguLTR5d	NW_005059321.1	1534	1595	21.300	0
TguLTR5d	NW_005059360.1	0	184	17.200	0
TguLTR5d	NW_005059365.1	0	445	20.500	0
TguLTR5d	NW_005059373.1	1550	1585	5.700	0
TguLTR5e	NW_005059393.1	1508	1580	21.100	0
TguLTR5d	NW_005059420.1	0	81	11.400	0
TguLTRL4d	NW_005059423.1	33	172	31.600	0
TguLTR5d	NW_005059469.1	620	1192	22.300	0
TguLTR5b	NW_005059507.1	1479	1548	11.600	0
TguLTRL4c	NW_005059533.1	0	67	17.900	0
TguLTR5d	NW_005059585.1	1443	1524	16.200	0
TguLTRL4b	NW_005059600.1	1022	1340	29.400	0
TguLTRL6b	NW_005059620.1	0	121	14.300	0
TguLTR11	NW_005059620.1	1459	1516	12.500	0
TguLTRL6b	NW_005059624.1	1418	1515	18.600	0
TguLTRL4c	NW_005059655.1	703	967	19.500	0
TguLTRL4c	NW_005059659.1	1437	1504	17.900	0
TguLTRL4c	NW_005059661.1	1412	1504	22.800	0
TguLTRL4c	NW_005059717.1	1443	1489	8.900	0
TguLTR5e	NW_005059785.1	51	437	27.300	0
TguLTR5d	NW_005059909.1	1318	1440	16.500	0
TguLTRL4c	NW_005059931.1	1194	1434	20.800	0
TguLTR11	NW_005059994.1	952	1420	18.700	0
TguLTR5a	NW_005060001.1	1250	1418	15.100	0
TguLTR11	NW_005060050.1	19	70	15.700	0
TguLTR5b	NW_005060053.1	0	200	18.400	0
TguLTR5a	NW_005060057.1	1351	1407	12.500	0
TguLTR5e	NW_005060086.1	0	188	27.000	0
TguLTR5c	NW_005060089.1	680	1245	13.800	0
TguLTR5b	NW_005060182.1	1288	1380	16.300	0
TguLTR5d	NW_005060226.1	1286	1370	13.100	0
TguLTR6a	NW_005060266.1	1178	1364	22.000	0
TguLTRL4b	NW_005060295.1	1274	1358	13.100	0
TguLTRL4c	NW_005060335.1	0	541	26.800	0
TguLTR5a	NW_005060343.1	0	140	14.400	0
TguLTRL6b	NW_005060400.1	707	938	24.300	0
TguLTR5a	NW_005060450.1	592	865	24.500	0
TguLTR5a	NW_005060509.1	1232	1314	23.200	0
TguLTR5b	NW_005060517.1	1195	1314	17.600	0
TguLTR5c	NW_005060530.1	1	42	9.800	0
TguLTR5d	NW_005060571.1	0	73	19.200	0
TguLTR5e	NW_005060609.1	0	375	21.600	0
TguLTR5b	NW_005060647.1	1143	1290	20.400	0
TguLTRL6b	NW_005060665.1	1218	1288	10.800	0
TguLTR5d	NW_005060677.1	1205	1285	10.000	0
TguLTR5b	NW_005060712.1	0	83	18.100	0
TguLTR5d	NW_005060824.1	0	344	26.600	0
TguLTR5d	NW_005060831.1	0	265	15.800	0
TguLTR5e	NW_005060832.1	146	663	26.600	0
TguLTRL4c	NW_005060910.1	1180	1250	14.300	0
TguLTR5c	NW_005060925.1	0	88	17.100	0
TguLTR5b	NW_005060940.1	1153	1243	14.400	0
TguLTRL4d	NW_005060967.1	0	53	17.000	0
TguLTRL4b	NW_005060998.1	1162	1233	16.900	0
TguLTRL4c	NW_005061018.1	0	158	16.500	0
TguLTRL4b	NW_005061019.1	495	1207	15.500	0
TguLTR11	NW_005061023.1	435	590	25.700	0
TguLTR5d	NW_005061024.1	898	1230	25.400	0
TguLTR5d	NW_005061038.1	0	81	25.900	0
TguLTR5b	NW_005061072.1	521	566	11.100	0
TguLTR11	NW_005061112.1	166	478	18.800	0
TguLTR5a	NW_005061113.1	1105	1213	21.500	0
TguLTR5b	NW_005061133.1	0	83	13.600	0
TguLTRL6b	NW_005061175.1	1105	1204	18.900	0
TguLTR5d	NW_005061183.1	832	1191	26.500	0
TguLTRL4c	NW_005061195.1	2	146	20.200	0
TguLTRL4b	NW_005061256.1	52	316	35.300	0
TguLTRL4d	NW_005061262.1	673	913	22.300	0
TguLTR5d	NW_005061273.1	1107	1189	16.100	0
TguLTR6a	NW_005061288.1	732	1173	23.800	0
TguLTRL4b	NW_005061332.1	1122	1179	17.500	0
TguLTRL4c	NW_005061368.1	941	1175	22.700	0
TguLTRL4c	NW_005061421.1	931	1167	18.400	0
TguLTR5a	NW_005061434.1	0	69	20.600	0
TguLTR5d	NW_005061482.1	1041	1158	18.900	0
TguLTR5d	NW_005061535.1	0	49	20.400	0
TguLTR5e	NW_005061562.1	800	1025	30.300	0
TguLTR5e	NW_005061562.1	1048	1121	24.000	0
TguLTRL4c	NW_005061580.1	0	265	14.900	0
TguLTR5a	NW_005061600.1	19	252	29.800	0
TguLTRL4c	NW_005061603.1	0	98	21.400	0
TguLTR5a	NW_005061623.1	324	529	19.500	0
TguLTR11	NW_005061623.1	529	639	18.700	0
TguLTR5d	NW_005061684.1	0	198	17.900	0
TguLTR5d	NW_005061685.1	941	1131	18.600	0
TguLTRL4b	NW_005061759.1	0	290	21.300	0
TguLTR11	NW_005061786.1	880	1021	18.400	0
TguLTR5c	NW_005061872.1	0	61	16.400	0
TguLTR5a	NW_005061886.1	194	731	23.000	0
TguLTR5a	NW_005061894.1	929	1092	17.500	0
TguLTRL4b	NW_005061948.1	185	448	36.300	0
TguLTR5e	NW_005061973.1	167	276	22.900	0
TguLTR5e	NW_005061976.1	163	305	30.300	0
TguLTRL4c	NW_005062120.1	97	221	21.300	0
TguLTR6a	NW_005062162.1	1021	1066	15.600	0
TguLTRL6b	NW_005062188.1	801	1062	15.300	0
TguLTR5a	NW_005062208.1	0	104	13.500	0
TguLTR6a	NW_005062219.1	901	1057	24.500	0
TguLTR5e	NW_005062282.1	441	980	23.800	0
TguLTR5e	NW_005062300.1	14	146	25.200	0
TguLTRL4c	NW_005062318.1	50	141	15.400	0
TguLTRL4c	NW_005062324.1	0	126	22.400	0
TguLTR5b	NW_005062359.1	0	179	19.000	0
TguLTRL4d	NW_005062363.1	601	843	22.300	0
TguLTR5b	NW_005062381.1	980	1037	15.800	0
TguLTR5a	NW_005062401.1	886	1035	13.500	0
TguLTR5b	NW_005062438.1	959	1030	21.100	0
TguLTRL4b	NW_005062445.1	0	74	18.200	0
TguLTR6a	NW_005062460.1	823	1026	23.900	0
TguLTR5d	NW_005062466.1	0	80	18.800	0
TguLTR5e	NW_005062515.1	21	398	27.300	0
TguLTR5d	NW_005062551.1	855	1016	18.900	0
TguLTR5a	NW_005062577.1	1	47	17.400	0
TguLTR5b	NW_005062590.1	940	1011	9.900	0
TguLTRL4c	NW_005062599.1	737	1010	26.900	0
TguLTR5d	NW_005062641.1	537	1005	18.800	0
TguLTR5c	NW_005062653.1	0	236	12.400	0
TguLTRL4b	NW_005062713.1	1	207	31.200	0
TguLTRL4b	NW_005062766.1	888	991	19.600	0
TguLTR5d	NW_005062777.1	825	925	28.300	0
TguLTRL4d	NW_005062785.1	328	421	21.600	0
TguLTRL4c	NW_005062801.1	0	100	16.000	0
TguLTR5b	NW_005062893.1	819	977	19.000	0
TguLTR11	NW_005062916.1	368	575	15.200	0
TguLTR5e	NW_005062961.1	508	969	27.800	0
TguLTRL4c	NW_005062987.1	0	351	18.800	0
TguLTRL4b	NW_005063011.1	25	411	18.200	0
TguLTR5d	NW_005063045.1	0	175	21.700	0
TguLTR5b	NW_005063079.1	883	955	6.900	0
TguLTRL4d	NW_005063090.1	0	169	21.400	0
TguLTRL4d	NW_005063148.1	22	609	22.400	0
TguLTR6a	NW_005063260.1	769	894	19.100	0
TguLTRL4b	NW_005063284.1	593	935	16.000	0
TguLTR5a	NW_005063323.1	813	878	15.000	0
TguLTR5d	NW_005063346.1	733	814	18.500	0
TguLTR5c	NW_005063369.1	0	41	9.800	0
TguLTR5d	NW_005063369.1	540	926	19.800	0
TguLTR5a	NW_005063405.1	0	97	12.400	0
TguLTR5d	NW_005063405.1	488	906	20.000	0
TguLTR5e	NW_005063614.1	0	203	23.600	0
TguLTR5e	NW_005063701.1	789	895	19.100	0
TguLTR5c	NW_005063720.1	1	84	19.500	0
TguLTR5a	NW_005063737.1	810	892	14.600	0
TguLTR5d	NW_005063742.1	765	891	20.800	0
TguLTRL4b	NW_005063934.1	761	876	18.300	0
TguLTRL4d	NW_005064005.1	110	277	31.700	0
TguLTRL4d	NW_005064005.1	283	703	26.100	0
TguLTRL4c	NW_005064012.1	0	118	25.400	0
TguLTRL6b	NW_005064128.1	0	264	20.200	0
TguLTR5d	NW_005064156.1	0	131	18.300	0
TguLTR5e	NW_005064220.1	27	190	22.800	0
TguLTR5b	NW_005064251.1	10	90	16.200	0
TguLTRL4c	NW_005064260.1	0	227	18.900	0
TguLTR11	NW_005064341.1	177	337	20.700	0
TguLTRL4b	NW_005064353.1	0	845	22.000	0
TguLTRL4c	NW_005064361.1	0	502	19.900	0
TguLTR6a	NW_005064370.1	681	799	16.900	0
TguLTRL4d	NW_005064463.1	647	836	20.300	0
TguLTR5d	NW_005064506.1	1	123	18.100	0
TguLTR5d	NW_005064510.1	0	131	23.300	0
TguLTRL4c	NW_005064611.1	0	72	12.600	0
TguLTR5d	NW_005064631.1	721	821	14.000	0
TguLTR5c	NW_005064678.1	0	520	23.600	0
TguLTRL4d	NW_005064726.1	610	812	24.600	0
TguLTR5d	NW_005064732.1	0	92	15.900	0
TguLTRL4b	NW_005064734.1	383	809	30.300	0
TguLTRL4d	NW_005064771.1	0	142	24.200	0
TguLTR5a	NW_005064816.1	452	807	23.200	0
TguLTRL4c	NW_005064820.1	345	582	24.100	0
TguLTRL6b	NW_005064950.1	153	311	20.500	0
TguLTRL4d	NW_005064953.1	502	720	21.600	0
TguLTR5c	NW_005064958.1	0	183	20.600	0
TguLTR5d	NW_005064987.1	0	86	17.400	0
TguLTR5c	NW_005065029.1	685	791	18.900	0
TguLTRL4c	NW_005065159.1	551	781	19.600	0
TguLTR5d	NW_005065167.1	728	781	15.100	0
TguLTR5d	NW_005065327.1	658	769	22.500	0
TguLTR5e	NW_005065408.1	334	575	31.000	0
TguLTR5b	NW_005065451.1	0	57	17.500	0
TguLTR11	NW_005065459.1	38	136	24.500	0
TguLTR5b	NW_005065464.1	661	727	25.800	0
TguLTR11	NW_005065475.1	252	401	23.500	0
TguLTR5e	NW_005065513.1	19	422	27.800	0
TguLTR5e	NW_005065513.1	454	499	15.600	0
TguLTR5d	NW_005065541.1	671	753	19.400	0
TguLTRL4b	NW_005065548.1	0	154	22.000	0
TguLTRL4b	NW_005065595.1	0	65	18.500	0
TguLTR5a	NW_005065650.1	439	608	24.400	0
TguLTR6a	NW_005065710.1	171	551	20.900	0
TguLTR5e	NW_005065720.1	0	81	25.900	0
TguLTR5d	NW_005065758.1	637	737	17.000	0
TguLTRL4d	NW_005065764.1	629	736	17.900	0
TguLTR5a	NW_005065799.1	555	733	18.800	0
TguLTR11	NW_005065847.1	548	682	23.700	0
TguLTR5d	NW_005065857.1	125	266	25.800	0
TguLTR11	NW_005065865.1	428	587	18.600	0
TguLTR5d	NW_005065890.1	0	139	19.700	0
TguLTR5d	NW_005065920.1	0	111	14.500	0
TguLTR5a	NW_005065928.1	0	188	19.100	0
TguLTRL4d	NW_005065940.1	500	720	27.600	0
TguLTRL4b	NW_005065969.1	76	264	30.000	0
TguLTRL4b	NW_005066017.1	0	79	16.500	0
TguLTR5a	NW_005066029.1	2	238	20.800	0
TguLTRL4d	NW_005066030.1	1	112	32.700	0
TguLTRL4d	NW_005066053.1	429	512	18.300	0
TguLTR5d	NW_005066096.1	0	278	18.000	0
TguLTR6a	NW_005066131.1	332	707	28.800	0
TguLTRL4b	NW_005066286.1	0	42	14.300	0
TguLTRL4c	NW_005066302.1	0	38	7.900	0
TguLTR5b	NW_005066307.1	628	696	16.200	0
TguLTR6a	NW_005066401.1	0	59	20.300	0
TguLTR5b	NW_005066498.1	1	251	23.200	0
TguLTR5d	NW_005066510.1	0	73	23.600	0
TguLTR5a	NW_005066655.1	590	670	10.200	0
TguLTR5e	NW_005066659.1	0	120	32.800	0
TguLTR5a	NW_005066698.1	475	668	19.400	0
TguLTR5a	NW_005066717.1	0	368	27.200	0
TguLTRL4c	NW_005066749.1	227	438	17.300	0
TguLTRL4b	NW_005066787.1	50	622	17.900	0
TguLTR5e	NW_005066790.1	27	131	26.900	0
TguLTRL4d	NW_005066797.1	618	661	18.600	0
TguLTR5d	NW_005066801.1	0	127	22.800	0
TguLTRL4b	NW_005066874.1	543	656	23.600	0
TguLTRL4c	NW_005066903.1	0	155	24.000	0
TguLTR5d	NW_005066989.1	508	650	25.900	0
TguLTRL4b	NW_005067004.1	575	650	21.300	0
TguLTR11	NW_005067068.1	34	184	29.700	0
TguLTR5d	NW_005067111.1	545	643	22.400	0
TguLTR5a	NW_005067153.1	508	614	29.100	0
TguLTR5d	NW_005067194.1	436	636	25.100	0
TguLTRL4b	NW_005067208.1	0	326	16.300	0
TguLTRL4b	NW_005067299.1	2	577	23.600	0
TguLTRL6b	NW_005067357.1	0	288	19.500	0
TguLTR5a	NW_005067371.1	0	94	12.800	0
TguLTRL6b	NW_005067385.1	511	627	16.500	0
TguLTR5d	NW_005067434.1	31	315	23.400	0
TguLTR5d	NW_005067434.1	316	430	18.400	0
TguLTR5d	NW_005067434.1	433	624	17.800	0
TguLTRL4c	NW_005067466.1	500	622	20.400	0
TguLTR5e	NW_005067477.1	0	264	22.700	0
TguLTR5c	NW_005067574.1	342	428	20.000	0
TguLTRL4b	NW_005067578.1	421	614	21.500	0
TguLTR11	NW_005067714.1	404	574	21.500	0
TguLTR5d	NW_005067767.1	0	200	22.300	0
TguLTRL4b	NW_005067811.1	33	177	21.100	0
TguLTR5d	NW_005067825.1	0	60	5.100	0
TguLTRL4c	NW_005067850.1	204	375	31.300	0
TguLTR6a	NW_005067869.1	0	124	20.700	0
TguLTR6a	NW_005067869.1	155	210	20.700	0
TguLTR5e	NW_005067914.1	555	597	2.400	0
TguLTR5d	NW_005067917.1	279	597	17.700	0
TguLTR5d	NW_005067945.1	344	597	18.200	0
TguLTRL4b	NW_005068045.1	318	577	26.700	0
TguLTRL4d	NW_005068111.1	205	588	24.400	0
TguLTR6a	NW_005068234.1	94	227	16.500	0
TguLTRL4c	NW_005068292.1	5	579	23.100	0
TguLTRL4c	NW_005068293.1	456	579	17.100	0
TguLTR11	NW_005068346.1	0	102	19.600	0
TguLTR5d	NW_005068346.1	526	577	15.700	0
TguLTRL4c	NW_005068426.1	432	492	30.500	0
TguLTR11	NW_005068446.1	494	572	15.600	0
TguLTR5e	NW_005068447.1	14	572	29.300	0
TguLTR5c	NW_005068448.1	108	572	26.600	0
TguLTRL4c	NW_005068519.1	488	564	23.700	0
TguLTR5e	NW_005068546.1	1	88	18.400	0
TguLTRL4b	NW_005068603.1	3	135	22.100	0
TguLTR5d	NW_005068645.1	0	121	23.700	0
TguLTR5a	NW_005068674.1	347	561	20.600	0
TguLTRL6b	NW_005068713.1	386	560	13.200	0
TguLTR5a	NW_005068785.1	388	541	19.100	0
TguLTR5a	NW_005068848.1	181	267	26.700	0
TguLTR5d	NW_005068863.1	443	553	19.100	0
TguLTR5d	NW_005068902.1	481	549	14.100	0
TguLTRL4b	NW_005068968.1	245	549	14.200	0
TguLTRL4b	NW_005069016.1	378	546	18.400	0
TguLTRL4b	NW_005069020.1	0	399	18.300	0
TguLTRL4b	NW_005069020.1	399	546	12.900	0
TguLTRL4b	NW_005069074.1	0	361	20.000	0
TguLTRL4b	NW_005069094.1	414	543	7.800	0
TguLTR5e	NW_005069105.1	157	542	22.200	0
TguLTR11	NW_005069136.1	0	191	20.200	0
TguLTR6a	NW_005069168.1	0	67	19.700	0
TguLTR6a	NW_005069329.1	436	534	19.300	0
TguLTRL4d	NW_005069459.1	77	282	20.100	0
TguLTR5d	NW_005069516.1	0	142	21.400	0
TguLTRL4c	NW_005069551.1	171	369	20.700	0
TguLTRL4b	NW_005069552.1	344	525	8.300	0
TguLTRL4b	NW_005069647.1	0	204	25.100	0
TguLTRL4c	NW_005069675.1	368	520	15.900	0
TguLTR6a	NW_005069710.1	418	497	12.700	0
TguLTRL6b	NW_005069786.1	0	274	23.500	0
TguLTR5a	NW_005069787.1	135	427	23.300	0
TguLTR5d	NW_005069805.1	4	93	26.400	0
TguLTRL4d	NW_005069805.1	105	471	29.900	0
TguLTR5d	NW_005069853.1	0	514	18.100	0
TguLTRL4c	NW_005069924.1	5	457	22.300	0
TguLTRL4b	NW_005069928.1	160	509	24.600	0
TguLTRL4d	NW_005069987.1	5	68	22.200	0
TguLTR5d	NW_005070065.1	0	87	25.300	0
TguLTR5d	NW_005070199.1	405	501	11.600	0
TguLTRL4b	NW_005070200.1	4	254	28.800	0
TguLTR5a	NW_005070215.1	0	87	15.700	0
TguLTR5b	NW_005070226.1	217	500	15.900	0
TguLTRL4d	NW_005070258.1	149	498	29.300	0
TguLTR5d	NW_005070270.1	0	56	16.100	0
TguLTR5a	NW_005070351.1	0	344	25.100	0
TguLTR5a	NW_005070398.1	0	134	14.700	0
TguLTR5a	NW_005070429.1	0	50	12.000	0
TguLTR11	NW_005070433.1	92	244	23.200	0
TguLTRL4b	NW_005070471.1	0	490	19.600	0
TguLTR5e	NW_005070478.1	0	215	21.000	0
TguLTR11	NW_005070480.1	147	317	15.200	0
TguLTRL4b	NW_005070504.1	223	489	19.300	0
TguLTRL4c	NW_005070551.1	226	283	19.600	0
TguLTR5d	NW_005070778.1	0	76	18.400	0
TguLTR5d	NW_005070859.1	0	143	23.100	0
TguLTR5d	NW_005070881.1	421	475	11.100	0
TguLTRL4b	NW_005070987.1	264	471	19.200	0
TguLTR5b	NW_005070992.1	393	471	15.400	0
TguLTR5c	NW_005071013.1	297	344	17.000	0
TguLTR5b	NW_005071017.1	384	470	12.900	0
TguLTR5b	NW_005071037.1	426	468	14.300	0
TguLTRL4b	NW_005071040.1	0	278	16.400	0
TguLTR11	NW_005071097.1	402	466	17.800	0
TguLTR5e	NW_005071189.1	0	146	25.100	0
TguLTR5d	NW_005071219.1	0	172	18.000	0
TguLTR5d	NW_005071228.1	292	460	18.300	0
TguLTRL4c	NW_005071231.1	0	73	12.300	0
TguLTRL4b	NW_005071252.1	0	459	18.300	0
TguLTR5d	NW_005071369.1	0	155	22.600	0
TguLTR11	NW_005071429.1	4	215	22.600	0
TguLTR5d	NW_005071435.1	374	451	19.500	0
TguLTR5d	NW_005071614.1	0	181	18.100	0
TguLTRL6b	NW_005071668.1	212	440	20.000	0
TguLTR5a	NW_005071671.1	398	440	11.900	0
TguLTRL4c	NW_005071676.1	0	158	17.800	0
TguLTRL4b	NW_005071690.1	299	414	25.000	0
TguLTR5d	NW_005071720.1	0	161	14.400	0
TguLTR5d	NW_005071740.1	0	423	19.300	0
TguLTR5d	NW_005071868.1	311	430	21.000	0
TguLTR11	NW_005071873.1	353	430	10.500	0
TguLTR5a	NW_005071895.1	0	64	10.900	0
TguLTRL6b	NW_005071896.1	280	429	24.600	0
TguLTR5d	NW_005071988.1	1	370	22.800	0
TguLTR5d	NW_005072026.1	0	220	21.200	0
TguLTRL4c	NW_005072037.1	0	297	17.200	0
TguLTR11	NW_005072081.1	9	419	14.800	0
TguLTR5c	NW_005072093.1	9	418	19.400	0
TguLTRL6b	NW_005072122.1	0	251	24.900	0
TguLTRL4b	NW_005072129.1	48	313	34.700	0
TguLTR5e	NW_005072200.1	267	374	23.400	0
TguLTRL4c	NW_005072208.1	0	410	22.000	0
TguLTR5d	NW_005072223.1	0	411	18.100	0
TguLTRL4c	NW_005072269.1	332	409	14.300	0
TguLTR5d	NW_005072299.1	142	326	22.000	0
TguLTR11	NW_005072299.1	326	407	17.300	0
TguLTR11	NW_005072438.1	209	329	24.400	0
TguLTRL4b	NW_005072484.1	16	104	20.300	0
TguLTRL4b	NW_005072495.1	9	393	21.200	0
TguLTR6a	NW_005072522.1	0	396	19.100	0
TguLTRL4c	NW_005072523.1	167	396	22.000	0
TguLTR11	NW_005072533.1	291	340	10.400	0
TguLTRL4b	NW_005072611.1	187	378	21.700	0
TguLTR5d	NW_005072684.1	304	389	13.100	0
TguLTR5c	NW_005072694.1	0	85	16.500	0
TguLTR6a	NW_005072771.1	149	383	21.400	0
TguLTR5d	NW_005072780.1	0	190	18.400	0
TguLTRL4b	NW_005072783.1	0	384	20.500	0
TguLTR5a	NW_005072845.1	271	379	18.900	0
TguLTR11	NW_005072866.1	0	181	16.900	0
TguLTR5d	NW_005072909.1	12	359	20.800	0
TguLTRL4b	NW_005072935.1	0	376	20.500	0
TguLTR6a	NW_005072953.1	255	375	19.300	0
TguLTR5a	NW_005073044.1	0	362	20.400	0
TguLTR5b	NW_005073057.1	0	135	14.100	0
TguLTR11	NW_005073090.1	0	182	17.700	0
TguLTR5d	NW_005073107.1	0	340	18.300	0
TguLTR5c	NW_005073136.1	77	132	12.700	0
TguLTR5e	NW_005073147.1	195	367	26.700	0
TguLTR6a	NW_005073215.1	0	363	24.300	0
TguLTRL4c	NW_005073263.1	141	312	27.800	0
TguLTRL4b	NW_005073332.1	6	104	26.200	0
TguLTR5d	NW_005073334.1	134	359	22.200	0
TguLTR5a	NW_005073365.1	223	357	17.400	0
TguLTR5d	NW_005073368.1	282	357	17.300	0
TguLTRL4c	NW_005073392.1	7	112	24.800	0
TguLTR5a	NW_005073404.1	1	356	19.300	0
TguLTR5d	NW_005073448.1	0	74	12.200	0
TguLTR5d	NW_005073494.1	0	353	20.100	0
TguLTRL4c	NW_005073539.1	3	351	19.800	0
TguLTRL4b	NW_005073546.1	0	337	21.400	0
TguLTR5a	NW_005073683.1	0	51	19.600	0
TguLTR5b	NW_005073689.1	0	228	21.000	0
TguLTRL4b	NW_005073708.1	0	57	14.300	0
TguLTRL4c	NW_005073734.1	0	344	20.500	0
TguLTR5a	NW_005073771.1	0	56	16.100	0
TguLTR5d	NW_005073848.1	110	339	17.200	0
TguLTR5a	NW_005073912.1	223	337	25.700	0
TguLTR5b	NW_005073916.1	209	337	17.100	0
TguLTR5c	NW_005073968.1	3	148	17.400	0
TguLTRL4b	NW_005074043.1	3	327	18.300	0
TguLTR5a	NW_005074063.1	0	331	16.300	0
TguLTR5b	NW_005074077.1	0	331	20.700	0
TguLTR11	NW_005074201.1	0	326	12.500	0
TguLTRL4b	NW_005074223.1	0	325	19.600	0
TguLTR5d	NW_005074260.1	0	318	21.100	0
TguLTRL6b	NW_005074318.1	109	321	21.900	0
TguLTR5d	NW_005074326.1	58	321	17.100	0
TguLTRL4b	NW_005074417.1	190	319	27.500	0
TguLTR11	NW_005074448.1	2	146	18.200	0
TguLTR5d	NW_005074449.1	202	318	20.900	0
TguLTR5d	NW_005074454.1	0	169	21.600	0
TguLTR5d	NW_005074475.1	0	317	16.900	0
TguLTRL4b	NW_005074503.1	0	200	20.600	0
TguLTR5d	NW_005074562.1	0	314	16.000	0
TguLTRL6b	NW_005074582.1	110	254	19.900	0
TguLTR5a	NW_005074615.1	0	292	19.800	0
TguLTR5a	NW_005074690.1	191	310	15.500	0
TguLTRL4b	NW_005074720.1	0	298	18.300	0
TguLTRL4c	NW_005074729.1	0	309	19.200	0
TguLTRL4b	NW_005074760.1	1	303	28.100	0
TguLTR5c	NW_005074799.1	188	307	23.500	0
TguLTR11	NW_005074823.1	0	306	15.400	0
TguLTR6a	NW_005074831.1	1	305	19.600	0
TguLTR11	NW_005074841.1	1	50	16.300	0
TguLTR5a	NW_005074885.1	0	304	19.900	0
TguLTR6a	NW_005074890.1	7	258	23.500	0
TguLTRL4c	NW_005074890.1	258	302	10.900	0
TguLTR11	NW_005074944.1	4	204	26.200	0
TguLTRL4c	NW_005074961.1	2	129	31.500	0
TguLTR5e	NW_005075022.1	225	299	20.300	0
TguLTRL4c	NW_005075060.1	0	235	21.000	0
TguLTRL4b	NW_005075103.1	6	298	19.400	0
TguLTR11	NW_005075106.1	162	298	16.400	0
TguLTR11	NW_005075161.1	0	296	16.100	0
TguLTRL4c	NW_005075193.1	0	143	20.300	0
TguLTRL4c	NW_005075200.1	1	295	22.500	0
TguLTR5b	NW_005075348.1	0	291	18.600	0
TguLTR5d	NW_005075352.1	0	291	18.800	0
TguLTRL4c	NW_005075375.1	0	291	17.500	0
TguLTR5d	NW_005075413.1	0	289	18.100	0
TguLTR11	NW_005075478.1	146	245	19.200	0
TguLTR5d	NW_005075505.1	0	287	19.200	0
TguLTRL4d	NW_005075537.1	80	277	25.500	0
TguLTRL4b	NW_005075554.1	0	228	21.800	0
TguLTR5d	NW_005075556.1	0	285	19.100	0
TguLTR5a	NW_005075566.1	42	285	22.100	0
TguLTRL4c	NW_005075574.1	0	285	19.400	0
TguLTRL4b	NW_005075589.1	0	284	23.000	0
TguLTRL4c	NW_005075593.1	1	101	21.200	0
TguLTR5d	NW_005075646.1	0	283	17.200	0
TguLTR5c	NW_005075665.1	0	73	20.800	0
TguLTRL4b	NW_005075665.1	145	282	21.300	0
TguLTR5c	NW_005075704.1	0	119	17.600	0
TguLTR5b	NW_005075709.1	0	281	20.600	0
TguLTR6a	NW_005075719.1	0	141	16.400	0
TguLTR11	NW_005075726.1	93	280	22.700	0
TguLTR5c	NW_005075743.1	0	262	23.800	0
TguLTR5b	NW_005075765.1	0	52	11.500	0
TguLTR5d	NW_005075838.1	0	279	18.500	0
TguLTR5d	NW_005075843.1	0	278	16.400	0
TguLTR5d	NW_005075888.1	0	277	21.300	0
TguLTRL4b	NW_005075893.1	0	277	15.300	0
TguLTRL4b	NW_005075901.1	80	277	19.300	0
TguLTRL4c	NW_005075960.1	0	276	18.500	0
TguLTR5a	NW_005075977.1	0	74	19.200	0
TguLTRL6b	NW_005075987.1	5	231	25.900	0
TguLTRL4c	NW_005076004.1	0	275	21.900	0
TguLTR11	NW_005076036.1	159	274	15.600	0
TguLTR5d	NW_005076043.1	0	274	20.300	0
TguLTR5b	NW_005076082.1	0	273	18.600	0
TguLTR6a	NW_005076085.1	60	267	27.400	0
TguLTRL4c	NW_005076087.1	233	273	12.500	0
TguLTR5d	NW_005076096.1	0	273	15.800	0
TguLTR5d	NW_005076107.1	0	273	19.400	0
TguLTR5d	NW_005076108.1	0	273	18.600	0
TguLTR5c	NW_005076125.1	2	160	21.900	0
TguLTRL6b	NW_005076132.1	0	272	20.500	0
TguLTRL4c	NW_005076148.1	0	272	20.400	0
TguLTR5d	NW_005076197.1	0	271	21.100	0
TguLTR11	NW_005076302.1	103	268	24.800	0
TguLTR5d	NW_005076335.1	194	268	18.900	0
TguLTR5d	NW_005076345.1	0	261	22.600	0
TguLTRL4b	NW_005076371.1	49	266	24.600	0
TguLTR5e	NW_005076423.1	0	267	21.600	0
TguLTRL6b	NW_005076464.1	0	116	19.000	0
TguLTRL4c	NW_005076464.1	116	266	19.000	0
TguLTR11	NW_005076484.1	23	265	15.600	0
TguLTR5a	NW_005076501.1	224	265	12.200	0
TguLTR5d	NW_005076504.1	0	265	23.000	0
TguLTR5d	NW_005076529.1	0	264	17.100	0
TguLTRL4b	NW_005076576.1	0	264	29.200	0
TguLTRL4b	NW_005076686.1	0	59	20.300	0
TguLTRL4c	NW_005076707.1	0	261	16.800	0
TguLTR5a	NW_005076741.1	0	260	23.200	0
TguLTRL4c	NW_005076748.1	1	244	25.100	0
TguLTR5d	NW_005076790.1	0	259	15.800	0
TguLTR5d	NW_005076799.1	0	259	17.000	0
TguLTR5a	NW_005076815.1	0	259	19.200	0
TguLTR5b	NW_005076816.1	138	259	13.200	0
TguLTR5a	NW_005076848.1	0	258	20.000	0
TguLTRL4c	NW_005076865.1	75	222	23.900	0
TguLTRL6b	NW_005076870.1	0	188	20.400	0
TguLTR5d	NW_005076970.1	0	255	14.600	0
TguLTR5d	NW_005076974.1	20	256	19.900	0
TguLTR5a	NW_005076991.1	6	256	22.100	0
TguLTR5a	NW_005076994.1	0	71	14.100	0
TguLTR5c	NW_005077002.1	30	256	15.300	0
TguLTR5e	NW_005077005.1	0	255	23.600	0
TguLTRL4b	NW_005077014.1	151	254	19.200	0
TguLTR5a	NW_005077026.1	0	252	21.900	0
TguLTR11	NW_005077039.1	131	242	26.000	0
TguLTR5a	NW_005077114.1	0	39	12.800	0
TguLTRL4b	NW_005077121.1	0	254	17.800	0
TguLTRL4b	NW_005077169.1	114	251	27.600	0
TguLTR5a	NW_005077248.1	14	247	24.500	0
TguLTR5d	NW_005077334.1	0	118	20.300	0
TguLTR5d	NW_005077340.1	0	250	16.900	0
TguLTR5d	NW_005077350.1	1	151	13.500	0
TguLTR5d	NW_005077366.1	0	249	18.900	0
TguLTR5d	NW_005077372.1	1	168	21.200	0
TguLTRL4b	NW_005077420.1	0	248	14.000	0
TguLTRL4b	NW_005077424.1	0	248	29.700	0
TguLTR11	NW_005077444.1	1	248	13.500	0
TguLTR5e	NW_005077446.1	1	248	16.900	0
TguLTR5d	NW_005077501.1	159	246	19.500	0
TguLTRL4b	NW_005077513.1	1	243	30.100	0
TguLTR6a	NW_005077526.1	0	247	19.700	0
TguLTR5d	NW_005077528.1	65	247	21.800	0
TguLTR11	NW_005077536.1	0	247	14.900	0
TguLTR11	NW_005077562.1	0	39	10.500	0
TguLTRL4b	NW_005077566.1	66	246	14.000	0
TguLTRL4c	NW_005077576.1	0	246	19.600	0
TguLTR11	NW_005077582.1	0	246	19.300	0
TguLTRL6b	NW_005077644.1	0	245	19.400	0
TguLTR5a	NW_005077650.1	0	245	21.700	0
TguLTR5e	NW_005077663.1	0	245	25.900	0
TguLTR6a	NW_005077670.1	0	245	19.900	0
TguLTR5a	NW_005077685.1	11	241	23.800	0
TguLTRL4c	NW_005077740.1	0	244	22.600	0
TguLTR5d	NW_005077776.1	1	243	20.100	0
TguLTR5b	NW_005077789.1	0	243	17.400	0
TguLTR5b	NW_005077790.1	1	243	17.800	0
TguLTR11	NW_005077811.1	0	243	13.300	0
TguLTR5d	NW_005077913.1	0	194	19.100	0
TguLTRL4c	NW_005077927.1	34	241	19.600	0
TguLTR6a	NW_005077931.1	0	241	21.900	0
TguLTRL4c	NW_005078000.1	0	233	20.800	0
TguLTRL4b	NW_005078049.1	0	239	17.800	0
TguLTRL4b	NW_005078059.1	0	75	17.200	0
TguLTR6a	NW_005078095.1	0	166	18.800	0
TguLTRL4c	NW_005078100.1	0	237	22.000	0
TguLTR5a	NW_005078112.1	1	238	24.200	0
TguLTR11	NW_005078164.1	0	197	22.200	0
TguLTRL4c	NW_005078179.1	0	237	22.400	0
TguLTR5a	NW_005078282.1	0	201	22.000	0
TguLTRL4c	NW_005078287.1	0	235	20.500	0
TguLTRL4c	NW_005078327.1	0	231	23.800	0
TguLTR5d	NW_005078355.1	0	234	19.200	0
TguLTR5a	NW_005078370.1	0	234	16.900	0
TguLTRL4b	NW_005078384.1	0	234	10.400	0
TguLTRL4b	NW_005078395.1	128	234	17.400	0
TguLTRL4b	NW_005078410.1	0	183	16.500	0
TguLTR5a	NW_005078436.1	0	233	16.800	0
TguLTR5e	NW_005078492.1	0	233	20.800	0
TguLTRL4b	NW_005078621.1	1	231	12.300	0
TguLTR6a	NW_005078647.1	0	230	18.700	0
TguLTR5a	NW_005078710.1	0	230	24.000	0
TguLTR5a	NW_005078728.1	116	225	21.100	0
TguLTRL4c	NW_005078741.1	0	228	17.200	0
TguLTRL4c	NW_005078803.1	0	228	19.400	0
TguLTR11	NW_005078804.1	0	103	30.000	0
TguLTR5d	NW_005078812.1	0	228	20.900	0
TguLTRL4c	NW_005078885.1	6	226	23.400	0
TguLTR11	NW_005078939.1	0	227	16.400	0
TguLTR5d	NW_005078941.1	1	222	16.200	0
TguLTR5a	NW_005078970.1	0	224	21.600	0
TguLTR5c	NW_005078974.1	100	220	17.800	0
TguLTRL4d	NW_005078985.1	5	193	32.100	0
TguLTR5a	NW_005079019.1	1	226	25.700	0
TguLTRL4d	NW_005079021.1	97	226	26.200	0
TguLTRL4c	NW_005079025.1	0	226	20.900	0
TguLTRL4b	NW_005079030.1	62	226	18.600	0
TguLTRL4c	NW_005079044.1	0	225	20.200	0
TguLTR5d	NW_005079066.1	0	225	15.000	0
TguLTR5d	NW_005079091.1	102	225	17.100	0
TguLTRL4b	NW_005079151.1	0	224	14.200	0
TguLTRL4b	NW_005079186.1	0	224	15.700	0
TguLTR5a	NW_005079202.1	5	223	22.700	0
TguLTRL4b	NW_005079213.1	0	156	25.200	0
TguLTR11	NW_005079232.1	0	223	18.200	0
TguLTRL4c	NW_005079237.1	0	222	24.800	0
TguLTR5c	NW_005079279.1	91	222	22.900	0
TguLTRL4c	NW_005079285.1	0	215	27.700	0
TguLTR5a	NW_005079333.1	0	222	19.000	0
TguLTRL4b	NW_005079438.1	0	221	19.200	0
TguLTR11	NW_005079447.1	0	220	20.200	0
TguLTR5d	NW_005079498.1	0	220	16.000	0
TguLTR11	NW_005079503.1	54	168	13.800	0
TguLTR5e	NW_005079584.1	3	219	19.000	0
TguLTR6a	NW_005079616.1	22	217	23.800	0
TguLTR6a	NW_005079623.1	0	216	18.800	0
TguLTR5d	NW_005079635.1	58	218	24.400	0
TguLTR5a	NW_005079649.1	7	218	23.400	0
TguLTR5a	NW_005079652.1	0	218	21.500	0
TguLTRL4c	NW_005079779.1	0	217	22.700	0
TguLTR5b	NW_005079807.1	39	216	16.700	0
TguLTR5b	NW_005079828.1	0	75	21.600	0
TguLTR11	NW_005079935.1	2	56	20.400	0
TguLTRL4b	NW_005079946.1	41	215	23.400	0
TguLTR5b	NW_005079958.1	0	104	17.300	0
TguLTR11	NW_005080019.1	1	85	10.800	0
TguLTRL4c	NW_005080059.1	0	213	19.200	0
TguLTR5d	NW_005080092.1	0	213	16.400	0
TguLTR5d	NW_005080099.1	135	213	12.800	0
TguLTR5d	NW_005080122.1	0	213	21.600	0
TguLTR5a	NW_005080133.1	0	212	16.800	0
TguLTRL6b	NW_005080147.1	0	130	21.000	0
TguLTRL4c	NW_005080158.1	0	158	30.700	0
TguLTRL4b	NW_005080220.1	0	178	19.200	0
TguLTRL4c	NW_005080232.1	0	211	22.600	0
TguLTR5d	NW_005080258.1	0	211	20.200	0
TguLTR5c	NW_005080280.1	25	186	19.400	0
TguLTRL4c	NW_005080282.1	123	211	21.800	0
TguLTR5d	NW_005080286.1	3	162	24.500	0
TguLTR11	NW_005080297.1	0	88	18.600	0
TguLTRL6b	NW_005080303.1	12	94	16.600	0
TguLTRL4c	NW_005080361.1	0	97	16.900	0
TguLTRL4b	NW_005080361.1	148	210	14.500	0
TguLTR5b	NW_005080362.1	0	209	19.100	0
TguLTRL4c	NW_005080372.1	1	210	18.800	0
TguLTR5d	NW_005080374.1	0	210	18.100	0
TguLTR11	NW_005080445.1	0	178	18.500	0
TguLTRL4c	NW_005080624.1	0	208	16.900	0
TguLTR11	NW_005080679.1	0	207	19.900	0
TguLTR5b	NW_005080716.1	0	207	13.900	0
TguLTRL4c	NW_005080829.1	0	105	22.300	0
TguLTR5b	NW_005080854.1	0	206	17.100	0
TguLTR5a	NW_005080859.1	159	206	12.800	0
TguLTR5d	NW_005080910.1	0	205	22.900	0
TguLTR5d	NW_005080945.1	5	205	20.500	0
TguLTR5d	NW_005080954.1	0	205	19.000	0
TguLTR5e	NW_005080994.1	0	130	21.600	0
TguLTR5d	NW_005081034.1	0	204	15.200	0
TguLTR11	NW_005081154.1	9	172	14.700	0
TguLTR5c	NW_005081157.1	0	203	20.800	0
TguLTR5d	NW_005081206.1	0	203	13.800	0
TguLTR5a	NW_005081259.1	0	202	20.900	0
TguLTRL4c	NW_005081272.1	29	202	19.800	0
TguLTRL6b	NW_005081274.1	0	202	25.000	0
TguLTRL4c	NW_005081278.1	36	194	20.600	0
TguLTR5d	NW_005081298.1	87	202	24.400	0
TguLTRL6b	NW_005081316.1	0	178	16.100	0
TguLTRL4d	NW_005081326.1	55	101	17.400	0
TguLTRL4c	NW_005081341.1	0	202	19.500	0
TguLTR5a	NW_005081378.1	120	201	13.800	0
TguLTR5d	NW_005081381.1	1	201	22.000	0
TguLTRL4b	NW_005081405.1	0	201	19.400	0
TguLTR5d	NW_005081418.1	0	201	13.000	0
