SRR_ID	Tissue	cov	sup	freq	flags	Substitution	Read_count	Total_reads	Pct_Read	Site_count	Total_sites	Pct_Site
SRR2107373	forebrain	NA	15	NA	none	AC	4845	82322	5.88542552416	105	1812	5.79470198675
SRR2107373	forebrain	NA	15	NA	none	AG	9544	82322	11.5934987002	223	1812	12.3068432671
SRR2107373	forebrain	NA	15	NA	none	AT	4866	82322	5.91093510848	118	1812	6.51214128035
SRR2107373	forebrain	NA	15	NA	none	CA	5457	82322	6.62884769563	135	1812	7.45033112583
SRR2107373	forebrain	NA	15	NA	none	CG	6686	82322	8.12176574913	111	1812	6.12582781457
SRR2107373	forebrain	NA	15	NA	none	CT	7137	82322	8.66961444085	83	1812	4.58057395143
SRR2107373	forebrain	NA	15	NA	none	GA	13348	82322	16.2143776876	328	1812	18.1015452539
SRR2107373	forebrain	NA	15	NA	none	GC	6691	82322	8.12783945968	174	1812	9.60264900662
SRR2107373	forebrain	NA	15	NA	none	GT	6036	82322	7.33218337747	159	1812	8.77483443709
SRR2107373	forebrain	NA	15	NA	none	TA	5262	82322	6.39197298414	124	1812	6.84326710817
SRR2107373	forebrain	NA	15	NA	none	TC	6921	82322	8.40723014504	139	1812	7.6710816777
SRR2107373	forebrain	NA	15	NA	none	TG	5529	82322	6.71630912757	113	1812	6.23620309051
SRR2107373	forebrain	NA	NA	NA	u	AC	0	0	0.0	0	0	0.0
SRR2107373	forebrain	NA	NA	NA	u	AG	0	0	0.0	0	0	0.0
SRR2107373	forebrain	NA	NA	NA	u	AT	0	0	0.0	0	0	0.0
SRR2107373	forebrain	NA	NA	NA	u	CA	0	0	0.0	0	0	0.0
SRR2107373	forebrain	NA	NA	NA	u	CG	0	0	0.0	0	0	0.0
SRR2107373	forebrain	NA	NA	NA	u	CT	0	0	0.0	0	0	0.0
SRR2107373	forebrain	NA	NA	NA	u	GA	0	0	0.0	0	0	0.0
SRR2107373	forebrain	NA	NA	NA	u	GC	0	0	0.0	0	0	0.0
SRR2107373	forebrain	NA	NA	NA	u	GT	0	0	0.0	0	0	0.0
SRR2107373	forebrain	NA	NA	NA	u	TA	0	0	0.0	0	0	0.0
SRR2107373	forebrain	NA	NA	NA	u	TC	0	0	0.0	0	0	0.0
SRR2107373	forebrain	NA	NA	NA	u	TG	0	0	0.0	0	0	0.0
SRR2107373	forebrain	NA	NA	0.0	none	AC	14345	621747	2.30720855911	6382	424171	1.50458187853
SRR2107373	forebrain	NA	NA	0.0	none	AG	63971	621747	10.2889117278	44407	424171	10.469126838
SRR2107373	forebrain	NA	NA	0.0	none	AT	32951	621747	5.29974410813	22487	424171	5.30139967136
SRR2107373	forebrain	NA	NA	0.0	none	CA	32517	621747	5.22994079585	21109	424171	4.97653069163
SRR2107373	forebrain	NA	NA	0.0	none	CG	19199	621747	3.08791196419	9502	424171	2.24013428547
SRR2107373	forebrain	NA	NA	0.0	none	CT	95845	621747	15.4154342522	74353	424171	17.5290154207
SRR2107373	forebrain	NA	NA	0.0	none	GA	80054	621747	12.8756552102	49133	424171	11.5833001313
SRR2107373	forebrain	NA	NA	0.0	none	GC	46859	621747	7.53666684359	32093	424171	7.56605237039
SRR2107373	forebrain	NA	NA	0.0	none	GT	32377	621747	5.20742359834	20868	424171	4.91971398328
SRR2107373	forebrain	NA	NA	0.0	none	TA	27359	621747	4.40034290475	16535	424171	3.89819200275
SRR2107373	forebrain	NA	NA	0.0	none	TC	153132	621747	24.629310636	113445	424171	26.7451098731
SRR2107373	forebrain	NA	NA	0.0	none	TG	23138	621747	3.72144939984	13857	424171	3.26684285347
SRR2107373	forebrain	NA	NA	NA	e,r,u	AC	0	0	0.0	0	0	0.0
SRR2107373	forebrain	NA	NA	NA	e,r,u	AG	0	0	0.0	0	0	0.0
SRR2107373	forebrain	NA	NA	NA	e,r,u	AT	0	0	0.0	0	0	0.0
SRR2107373	forebrain	NA	NA	NA	e,r,u	CA	0	0	0.0	0	0	0.0
SRR2107373	forebrain	NA	NA	NA	e,r,u	CG	0	0	0.0	0	0	0.0
SRR2107373	forebrain	NA	NA	NA	e,r,u	CT	0	0	0.0	0	0	0.0
SRR2107373	forebrain	NA	NA	NA	e,r,u	GA	0	0	0.0	0	0	0.0
SRR2107373	forebrain	NA	NA	NA	e,r,u	GC	0	0	0.0	0	0	0.0
SRR2107373	forebrain	NA	NA	NA	e,r,u	GT	0	0	0.0	0	0	0.0
SRR2107373	forebrain	NA	NA	NA	e,r,u	TA	0	0	0.0	0	0	0.0
SRR2107373	forebrain	NA	NA	NA	e,r,u	TC	0	0	0.0	0	0	0.0
SRR2107373	forebrain	NA	NA	NA	e,r,u	TG	0	0	0.0	0	0	0.0
SRR2107373	forebrain	15	15	0.1	e,r	AC	4809	79436	6.05393020797	104	1776	5.85585585586
SRR2107373	forebrain	15	15	0.1	e,r	AG	8909	79436	11.2153179918	216	1776	12.1621621622
SRR2107373	forebrain	15	15	0.1	e,r	AT	4774	79436	6.00986958054	117	1776	6.58783783784
SRR2107373	forebrain	15	15	0.1	e,r	CA	5164	79436	6.50083085755	133	1776	7.48873873874
SRR2107373	forebrain	15	15	0.1	e,r	CG	6497	79436	8.17891132484	108	1776	6.08108108108
SRR2107373	forebrain	15	15	0.1	e,r	CT	7121	79436	8.96444936804	82	1776	4.61711711712
SRR2107373	forebrain	15	15	0.1	e,r	GA	13274	79436	16.7103076691	325	1776	18.2995495495
SRR2107373	forebrain	15	15	0.1	e,r	GC	6336	79436	7.97623243869	169	1776	9.51576576577
SRR2107373	forebrain	15	15	0.1	e,r	GT	5707	79436	7.18440002014	154	1776	8.67117117117
SRR2107373	forebrain	15	15	0.1	e,r	TA	4632	79436	5.83110932071	118	1776	6.64414414414
SRR2107373	forebrain	15	15	0.1	e,r	TC	6921	79436	8.7126743542	139	1776	7.82657657658
SRR2107373	forebrain	15	15	0.1	e,r	TG	5292	79436	6.66196686641	111	1776	6.25
SRR2107373	forebrain	NA	5	NA	none	AC	7407	127391	5.8143824917	443	7725	5.73462783172
SRR2107373	forebrain	NA	5	NA	none	AG	13500	127391	10.5972949423	746	7725	9.6569579288
SRR2107373	forebrain	NA	5	NA	none	AT	8585	127391	6.73909459852	611	7725	7.90938511327
SRR2107373	forebrain	NA	5	NA	none	CA	9031	127391	7.08919782402	600	7725	7.76699029126
SRR2107373	forebrain	NA	5	NA	none	CG	9164	127391	7.19360080382	429	7725	5.55339805825
SRR2107373	forebrain	NA	5	NA	none	CT	8673	127391	6.80817326185	292	7725	3.77993527508
SRR2107373	forebrain	NA	5	NA	none	GA	21882	127391	17.1770376243	1451	7725	18.783171521
SRR2107373	forebrain	NA	5	NA	none	GC	11328	127391	8.89230793384	763	7725	9.87702265372
SRR2107373	forebrain	NA	5	NA	none	GT	9795	127391	7.68892621928	655	7725	8.47896440129
SRR2107373	forebrain	NA	5	NA	none	TA	9556	127391	7.50131484956	689	7725	8.91909385113
SRR2107373	forebrain	NA	5	NA	none	TC	10117	127391	7.94169132827	561	7725	7.26213592233
SRR2107373	forebrain	NA	5	NA	none	TG	8353	127391	6.55697812247	485	7725	6.2783171521
SRR2107373	forebrain	10	NA	NA	none	AC	6402	114412	5.59556689858	365	10061	3.62786999304
SRR2107373	forebrain	10	NA	NA	none	AG	13089	114412	11.4402335419	1193	10061	11.8576682238
SRR2107373	forebrain	10	NA	NA	none	AT	7108	114412	6.21263503828	593	10061	5.89404631746
SRR2107373	forebrain	10	NA	NA	none	CA	7848	114412	6.85942034052	634	10061	6.30156048107
SRR2107373	forebrain	10	NA	NA	none	CG	8370	114412	7.31566618886	421	10061	4.1844747043
SRR2107373	forebrain	10	NA	NA	none	CT	9172	114412	8.01664161102	1046	10061	10.3965808568
SRR2107373	forebrain	10	NA	NA	none	GA	18741	114412	16.3802747964	1496	10061	14.8692972866
SRR2107373	forebrain	10	NA	NA	none	GC	9861	114412	8.61885116946	851	10061	8.4584037372
SRR2107373	forebrain	10	NA	NA	none	GT	8295	114412	7.25011362444	641	10061	6.37113606997
SRR2107373	forebrain	10	NA	NA	none	TA	7711	114412	6.73967765619	581	10061	5.77477387934
SRR2107373	forebrain	10	NA	NA	none	TC	10579	114412	9.24640771947	1776	10061	17.6523208429
SRR2107373	forebrain	10	NA	NA	none	TG	7236	114412	6.32451141489	464	10061	4.61186760759
SRR2107373	forebrain	NA	NA	NA	e	AC	8352	162909	5.12678857522	1060	38122	2.78054666597
SRR2107373	forebrain	NA	NA	NA	e	AG	17867	162909	10.9674726381	4486	38122	11.767483343
SRR2107373	forebrain	NA	NA	NA	e	AT	10594	162909	6.50301702177	2200	38122	5.7709459105
SRR2107373	forebrain	NA	NA	NA	e	CA	10856	162909	6.66384300438	2150	38122	5.6397880489
SRR2107373	forebrain	NA	NA	NA	e	CG	10170	162909	6.24274901939	1243	38122	3.26058443943
SRR2107373	forebrain	NA	NA	NA	e	CT	13485	162909	8.27762738707	4483	38122	11.7596138713
SRR2107373	forebrain	NA	NA	NA	e	GA	26753	162909	16.4220515748	5159	38122	13.5328681601
SRR2107373	forebrain	NA	NA	NA	e	GC	13767	162909	8.45073016224	2957	38122	7.75667593516
SRR2107373	forebrain	NA	NA	NA	e	GT	11422	162909	7.01127623397	2077	38122	5.44829757096
SRR2107373	forebrain	NA	NA	NA	e	TA	10877	162909	6.67673363657	2138	38122	5.60831016211
SRR2107373	forebrain	NA	NA	NA	e	TC	19153	162909	11.7568704	8593	38122	22.540790095
SRR2107373	forebrain	NA	NA	NA	e	TG	9613	162909	5.90084034645	1576	38122	4.1340957977
SRR2107373	forebrain	15	15	0.1	none	AC	4845	82322	5.88542552416	105	1812	5.79470198675
SRR2107373	forebrain	15	15	0.1	none	AG	9544	82322	11.5934987002	223	1812	12.3068432671
SRR2107373	forebrain	15	15	0.1	none	AT	4866	82322	5.91093510848	118	1812	6.51214128035
SRR2107373	forebrain	15	15	0.1	none	CA	5457	82322	6.62884769563	135	1812	7.45033112583
SRR2107373	forebrain	15	15	0.1	none	CG	6686	82322	8.12176574913	111	1812	6.12582781457
SRR2107373	forebrain	15	15	0.1	none	CT	7137	82322	8.66961444085	83	1812	4.58057395143
SRR2107373	forebrain	15	15	0.1	none	GA	13348	82322	16.2143776876	328	1812	18.1015452539
SRR2107373	forebrain	15	15	0.1	none	GC	6691	82322	8.12783945968	174	1812	9.60264900662
SRR2107373	forebrain	15	15	0.1	none	GT	6036	82322	7.33218337747	159	1812	8.77483443709
SRR2107373	forebrain	15	15	0.1	none	TA	5262	82322	6.39197298414	124	1812	6.84326710817
SRR2107373	forebrain	15	15	0.1	none	TC	6921	82322	8.40723014504	139	1812	7.6710816777
SRR2107373	forebrain	15	15	0.1	none	TG	5529	82322	6.71630912757	113	1812	6.23620309051
SRR2107373	forebrain	NA	10	NA	none	AC	5739	98206	5.84383846201	181	3167	5.71518787496
SRR2107373	forebrain	NA	10	NA	none	AG	10911	98206	11.1103191251	338	3167	10.6725607831
SRR2107373	forebrain	NA	10	NA	none	AT	6110	98206	6.22161578722	224	3167	7.07293969056
SRR2107373	forebrain	NA	10	NA	none	CA	6857	98206	6.98226177627	252	3167	7.95705715188
SRR2107373	forebrain	NA	10	NA	none	CG	7606	98206	7.74494430076	192	3167	6.06251973476
SRR2107373	forebrain	NA	10	NA	none	CT	7565	98206	7.70319532411	119	3167	3.75749921061
SRR2107373	forebrain	NA	10	NA	none	GA	16277	98206	16.5743437265	579	3167	18.2822860751
SRR2107373	forebrain	NA	10	NA	none	GC	8598	98206	8.75506588192	337	3167	10.6409851595
SRR2107373	forebrain	NA	10	NA	none	GT	7280	98206	7.41298902307	264	3167	8.3359646353
SRR2107373	forebrain	NA	10	NA	none	TA	6667	98206	6.78879090891	246	3167	7.76760341017
SRR2107373	forebrain	NA	10	NA	none	TC	8033	98206	8.17974461846	233	3167	7.35712030313
SRR2107373	forebrain	NA	10	NA	none	TG	6563	98206	6.68289106572	202	3167	6.37827597095
SRR2107373	forebrain	5	NA	NA	none	AC	8422	166458	5.05953453724	1066	38301	2.78321714838
SRR2107373	forebrain	5	NA	NA	none	AG	18525	166458	11.1289334246	4500	38301	11.749040495
SRR2107373	forebrain	5	NA	NA	none	AT	10783	166458	6.47791034375	2217	38301	5.78836061722
SRR2107373	forebrain	5	NA	NA	none	CA	11170	166458	6.71040142258	2156	38301	5.62909584606
SRR2107373	forebrain	5	NA	NA	none	CG	10384	166458	6.23821023922	1249	38301	3.26101146184
SRR2107373	forebrain	5	NA	NA	none	CT	13514	166458	8.11856444268	4492	38301	11.7281533119
SRR2107373	forebrain	5	NA	NA	none	GA	26888	166458	16.1530235855	5171	38301	13.5009529777
SRR2107373	forebrain	5	NA	NA	none	GC	14238	166458	8.55350899326	2981	38301	7.78308660348
SRR2107373	forebrain	5	NA	NA	none	GT	11858	166458	7.12371889606	2107	38301	5.50116184956
SRR2107373	forebrain	5	NA	NA	none	TA	11563	166458	6.94649701426	2155	38301	5.62648494817
SRR2107373	forebrain	5	NA	NA	none	TC	19204	166458	11.5368441288	8610	38301	22.4798308138
SRR2107373	forebrain	5	NA	NA	none	TG	9909	166458	5.95285297192	1597	38301	4.16960392679
SRR2107373	forebrain	NA	NA	NA	none	AC	17264	702067	2.45902456603	8439	489043	1.72561512996
SRR2107373	forebrain	NA	NA	NA	none	AG	76992	702067	10.9664747097	55535	489043	11.3558521439
SRR2107373	forebrain	NA	NA	NA	none	AT	37833	702067	5.38880192346	26152	489043	5.347587022
SRR2107373	forebrain	NA	NA	NA	none	CA	36954	702067	5.2636001977	24480	489043	5.00569479575
SRR2107373	forebrain	NA	NA	NA	none	CG	21997	702067	3.13317674809	11581	489043	2.36809442114
SRR2107373	forebrain	NA	NA	NA	none	CT	103305	702067	14.7144075993	81205	489043	16.6048793255
SRR2107373	forebrain	NA	NA	NA	none	GA	90887	702067	12.9456305452	57293	489043	11.7153297358
SRR2107373	forebrain	NA	NA	NA	none	GC	52965	702067	7.54415176899	36746	489043	7.51385869954
SRR2107373	forebrain	NA	NA	NA	none	GT	37239	702067	5.3041946139	24429	489043	4.99526626493
SRR2107373	forebrain	NA	NA	NA	none	TA	32565	702067	4.63844618818	20386	489043	4.16854959584
SRR2107373	forebrain	NA	NA	NA	none	TC	166953	702067	23.7802090114	125995	489043	25.7635831614
SRR2107373	forebrain	NA	NA	NA	none	TG	27113	702067	3.86188212806	16802	489043	3.43568970418
SRR2107373	forebrain	NA	NA	0.1	none	AC	8422	166458	5.05953453724	1066	38301	2.78321714838
SRR2107373	forebrain	NA	NA	0.1	none	AG	18525	166458	11.1289334246	4500	38301	11.749040495
SRR2107373	forebrain	NA	NA	0.1	none	AT	10783	166458	6.47791034375	2217	38301	5.78836061722
SRR2107373	forebrain	NA	NA	0.1	none	CA	11170	166458	6.71040142258	2156	38301	5.62909584606
SRR2107373	forebrain	NA	NA	0.1	none	CG	10384	166458	6.23821023922	1249	38301	3.26101146184
SRR2107373	forebrain	NA	NA	0.1	none	CT	13514	166458	8.11856444268	4492	38301	11.7281533119
SRR2107373	forebrain	NA	NA	0.1	none	GA	26888	166458	16.1530235855	5171	38301	13.5009529777
SRR2107373	forebrain	NA	NA	0.1	none	GC	14238	166458	8.55350899326	2981	38301	7.78308660348
SRR2107373	forebrain	NA	NA	0.1	none	GT	11858	166458	7.12371889606	2107	38301	5.50116184956
SRR2107373	forebrain	NA	NA	0.1	none	TA	11563	166458	6.94649701426	2155	38301	5.62648494817
SRR2107373	forebrain	NA	NA	0.1	none	TC	19204	166458	11.5368441288	8610	38301	22.4798308138
SRR2107373	forebrain	NA	NA	0.1	none	TG	9909	166458	5.95285297192	1597	38301	4.16960392679
SRR2107373	forebrain	NA	NA	NA	r	AC	8422	166458	5.05953453724	1066	38301	2.78321714838
SRR2107373	forebrain	NA	NA	NA	r	AG	18525	166458	11.1289334246	4500	38301	11.749040495
SRR2107373	forebrain	NA	NA	NA	r	AT	10783	166458	6.47791034375	2217	38301	5.78836061722
SRR2107373	forebrain	NA	NA	NA	r	CA	11170	166458	6.71040142258	2156	38301	5.62909584606
SRR2107373	forebrain	NA	NA	NA	r	CG	10384	166458	6.23821023922	1249	38301	3.26101146184
SRR2107373	forebrain	NA	NA	NA	r	CT	13514	166458	8.11856444268	4492	38301	11.7281533119
SRR2107373	forebrain	NA	NA	NA	r	GA	26888	166458	16.1530235855	5171	38301	13.5009529777
SRR2107373	forebrain	NA	NA	NA	r	GC	14238	166458	8.55350899326	2981	38301	7.78308660348
SRR2107373	forebrain	NA	NA	NA	r	GT	11858	166458	7.12371889606	2107	38301	5.50116184956
SRR2107373	forebrain	NA	NA	NA	r	TA	11563	166458	6.94649701426	2155	38301	5.62648494817
SRR2107373	forebrain	NA	NA	NA	r	TC	19204	166458	11.5368441288	8610	38301	22.4798308138
SRR2107373	forebrain	NA	NA	NA	r	TG	9909	166458	5.95285297192	1597	38301	4.16960392679
SRR2107373	forebrain	15	NA	NA	none	AC	5404	93304	5.79182028638	188	3943	4.76794319046
SRR2107373	forebrain	15	NA	NA	none	AG	10990	93304	11.7787018777	493	3943	12.503170175
SRR2107373	forebrain	15	NA	NA	none	AT	5656	93304	6.0619051702	248	3943	6.28962718742
SRR2107373	forebrain	15	NA	NA	none	CA	6283	93304	6.73390208351	282	3943	7.1519147857
SRR2107373	forebrain	15	NA	NA	none	CG	7351	93304	7.87854754351	201	3943	5.0976413898
SRR2107373	forebrain	15	NA	NA	none	CT	8033	93304	8.60949155449	329	3943	8.34390058331
SRR2107373	forebrain	15	NA	NA	none	GA	14995	93304	16.0711223527	628	3943	15.9269591681
SRR2107373	forebrain	15	NA	NA	none	GC	7613	93304	8.15935008145	353	3943	8.95257418209
SRR2107373	forebrain	15	NA	NA	none	GT	6729	93304	7.21190945726	277	3943	7.02510778595
SRR2107373	forebrain	15	NA	NA	none	TA	6029	93304	6.46167366887	254	3943	6.44179558712
SRR2107373	forebrain	15	NA	NA	none	TC	8173	93304	8.75953871217	500	3943	12.6806999746
SRR2107373	forebrain	15	NA	NA	none	TG	6048	93304	6.4820372117	190	3943	4.81866599036
SRR1947473	skin	NA	NA	NA	e,r,u	AC	0	0	0.0	0	0	0.0
SRR1947473	skin	NA	NA	NA	e,r,u	AG	0	0	0.0	0	0	0.0
SRR1947473	skin	NA	NA	NA	e,r,u	AT	0	0	0.0	0	0	0.0
SRR1947473	skin	NA	NA	NA	e,r,u	CA	0	0	0.0	0	0	0.0
SRR1947473	skin	NA	NA	NA	e,r,u	CG	0	0	0.0	0	0	0.0
SRR1947473	skin	NA	NA	NA	e,r,u	CT	0	0	0.0	0	0	0.0
SRR1947473	skin	NA	NA	NA	e,r,u	GA	0	0	0.0	0	0	0.0
SRR1947473	skin	NA	NA	NA	e,r,u	GC	0	0	0.0	0	0	0.0
SRR1947473	skin	NA	NA	NA	e,r,u	GT	0	0	0.0	0	0	0.0
SRR1947473	skin	NA	NA	NA	e,r,u	TA	0	0	0.0	0	0	0.0
SRR1947473	skin	NA	NA	NA	e,r,u	TC	0	0	0.0	0	0	0.0
SRR1947473	skin	NA	NA	NA	e,r,u	TG	0	0	0.0	0	0	0.0
SRR1947473	skin	NA	5	NA	none	AC	9532	136800	6.96783625731	414	7233	5.72376607217
SRR1947473	skin	NA	5	NA	none	AG	17148	136800	12.5350877193	677	7233	9.35987833541
SRR1947473	skin	NA	5	NA	none	AT	7690	136800	5.62134502924	519	7233	7.17544587308
SRR1947473	skin	NA	5	NA	none	CA	8243	136800	6.02558479532	512	7233	7.07866721969
SRR1947473	skin	NA	5	NA	none	CG	9834	136800	7.18859649123	435	7233	6.01410203235
SRR1947473	skin	NA	5	NA	none	CT	9338	136800	6.82602339181	248	7233	3.42872943454
SRR1947473	skin	NA	5	NA	none	GA	22809	136800	16.673245614	1421	7233	19.646066639
SRR1947473	skin	NA	5	NA	none	GC	11930	136800	8.72076023392	764	7233	10.5626987419
SRR1947473	skin	NA	5	NA	none	GT	9345	136800	6.83114035088	609	7233	8.41974284529
SRR1947473	skin	NA	5	NA	none	TA	7936	136800	5.80116959064	620	7233	8.57182358634
SRR1947473	skin	NA	5	NA	none	TC	13303	136800	9.72441520468	536	7233	7.41047974561
SRR1947473	skin	NA	5	NA	none	TG	9692	136800	7.08479532164	478	7233	6.60859947463
SRR1947473	skin	15	15	0.1	e,r	AC	3749	83176	4.5073098009	89	1530	5.81699346405
SRR1947473	skin	15	15	0.1	e,r	AG	9209	83176	11.071703376	172	1530	11.2418300654
SRR1947473	skin	15	15	0.1	e,r	AT	4361	83176	5.24309897086	95	1530	6.2091503268
SRR1947473	skin	15	15	0.1	e,r	CA	5124	83176	6.16043089353	114	1530	7.45098039216
SRR1947473	skin	15	15	0.1	e,r	CG	5491	83176	6.60166394152	110	1530	7.18954248366
SRR1947473	skin	15	15	0.1	e,r	CT	7956	83176	9.56525920939	69	1530	4.50980392157
SRR1947473	skin	15	15	0.1	e,r	GA	14021	83176	16.8570260652	281	1530	18.3660130719
SRR1947473	skin	15	15	0.1	e,r	GC	6789	83176	8.16221025296	163	1530	10.6535947712
SRR1947473	skin	15	15	0.1	e,r	GT	5608	83176	6.74232951813	123	1530	8.03921568627
SRR1947473	skin	15	15	0.1	e,r	TA	4039	83176	4.85596806771	99	1530	6.47058823529
SRR1947473	skin	15	15	0.1	e,r	TC	10112	83176	12.1573530826	126	1530	8.23529411765
SRR1947473	skin	15	15	0.1	e,r	TG	6717	83176	8.0756468212	89	1530	5.81699346405
SRR1947473	skin	NA	15	NA	none	AC	7041	93668	7.51697484733	92	1566	5.8748403576
SRR1947473	skin	NA	15	NA	none	AG	13306	93668	14.2054917368	178	1566	11.3665389527
SRR1947473	skin	NA	15	NA	none	AT	4507	93668	4.81167527864	98	1566	6.25798212005
SRR1947473	skin	NA	15	NA	none	CA	5232	93668	5.58568561302	115	1566	7.343550447
SRR1947473	skin	NA	15	NA	none	CG	7355	93668	7.85220139215	117	1566	7.47126436782
SRR1947473	skin	NA	15	NA	none	CT	7956	93668	8.49382926933	69	1566	4.4061302682
SRR1947473	skin	NA	15	NA	none	GA	14205	93668	15.1652645514	284	1566	18.1353767561
SRR1947473	skin	NA	15	NA	none	GC	7296	93668	7.78921296494	167	1566	10.6641123883
SRR1947473	skin	NA	15	NA	none	GT	5723	93668	6.10987743947	125	1566	7.98212005109
SRR1947473	skin	NA	15	NA	none	TA	4072	93668	4.34726907802	101	1566	6.44955300128
SRR1947473	skin	NA	15	NA	none	TC	10179	93668	10.8671050946	128	1566	8.17369093231
SRR1947473	skin	NA	15	NA	none	TG	6796	93668	7.25541273434	92	1566	5.8748403576
SRR1947473	skin	5	NA	NA	none	AC	10803	171706	6.29156814555	1304	34427	3.78772475092
SRR1947473	skin	5	NA	NA	none	AG	20852	171706	12.1440136046	3450	34427	10.0212042873
SRR1947473	skin	5	NA	NA	none	AT	9643	171706	5.61599478178	1961	34427	5.69611061086
SRR1947473	skin	5	NA	NA	none	CA	10444	171706	6.08248983728	2152	34427	6.25090771778
SRR1947473	skin	5	NA	NA	none	CG	10971	171706	6.38940980513	1208	34427	3.50887384901
SRR1947473	skin	5	NA	NA	none	CT	13851	171706	8.06669539795	4105	34427	11.9237807535
SRR1947473	skin	5	NA	NA	none	GA	27293	171706	15.8951929461	4725	34427	13.7246928283
SRR1947473	skin	5	NA	NA	none	GC	14649	171706	8.53144328096	2802	34427	8.13896069945
SRR1947473	skin	5	NA	NA	none	GT	11341	171706	6.60489441254	2089	34427	6.0679118134
SRR1947473	skin	5	NA	NA	none	TA	9896	171706	5.76333966198	2029	34427	5.89362999971
SRR1947473	skin	5	NA	NA	none	TC	20815	171706	12.1224651439	7071	34427	20.5391117437
SRR1947473	skin	5	NA	NA	none	TG	11148	171706	6.49249298219	1531	34427	4.44709094606
SRR1947473	skin	NA	NA	NA	e	AC	7473	160780	4.64796616495	1295	34282	3.77749256169
SRR1947473	skin	NA	NA	NA	e	AG	16727	160780	10.4036571713	3439	34282	10.0315034129
SRR1947473	skin	NA	NA	NA	e	AT	9467	160780	5.88817017042	1949	34282	5.68519922992
SRR1947473	skin	NA	NA	NA	e	CA	10307	160780	6.41062321184	2148	34282	6.26567878187
SRR1947473	skin	NA	NA	NA	e	CG	9066	160780	5.63876103993	1195	34282	3.48579429438
SRR1947473	skin	NA	NA	NA	e	CT	13831	160780	8.60243811419	4094	34282	11.9421270638
SRR1947473	skin	NA	NA	NA	e	GA	27047	160780	16.8223659659	4710	34282	13.7389883904
SRR1947473	skin	NA	NA	NA	e	GC	14091	160780	8.76414976987	2787	34282	8.12963070999
SRR1947473	skin	NA	NA	NA	e	GT	11186	160780	6.95733300162	2077	34282	6.05857301208
SRR1947473	skin	NA	NA	NA	e	TA	9818	160780	6.10648090559	2020	34282	5.89230499971
SRR1947473	skin	NA	NA	NA	e	TC	20725	160780	12.8902848613	7055	34282	20.5793127589
SRR1947473	skin	NA	NA	NA	e	TG	11042	160780	6.86776962309	1513	34282	4.41339478443
SRR1947473	skin	15	NA	NA	none	AC	7547	103431	7.2966518742	169	3518	4.80386583286
SRR1947473	skin	15	NA	NA	none	AG	14611	103431	14.1263257631	401	3518	11.3985218874
SRR1947473	skin	15	NA	NA	none	AT	5098	103431	4.92888979126	203	3518	5.77032404775
SRR1947473	skin	15	NA	NA	none	CA	6034	103431	5.8338409181	257	3518	7.30528709494
SRR1947473	skin	15	NA	NA	none	CG	7865	103431	7.60410321857	198	3518	5.62819783968
SRR1947473	skin	15	NA	NA	none	CT	8745	103431	8.4549119703	301	3518	8.55599772598
SRR1947473	skin	15	NA	NA	none	GA	15739	103431	15.2169078903	563	3518	16.003411029
SRR1947473	skin	15	NA	NA	none	GC	8009	103431	7.74332646885	310	3518	8.81182490051
SRR1947473	skin	15	NA	NA	none	GT	6457	103431	6.24280921581	266	3518	7.56111426947
SRR1947473	skin	15	NA	NA	none	TA	4791	103431	4.63207355628	211	3518	5.99772598067
SRR1947473	skin	15	NA	NA	none	TC	11279	103431	10.904854444	467	3518	13.274587834
SRR1947473	skin	15	NA	NA	none	TG	7256	103431	7.01530488925	172	3518	4.8891415577
SRR1947473	skin	15	15	0.1	none	AC	7041	93668	7.51697484733	92	1566	5.8748403576
SRR1947473	skin	15	15	0.1	none	AG	13306	93668	14.2054917368	178	1566	11.3665389527
SRR1947473	skin	15	15	0.1	none	AT	4507	93668	4.81167527864	98	1566	6.25798212005
SRR1947473	skin	15	15	0.1	none	CA	5232	93668	5.58568561302	115	1566	7.343550447
SRR1947473	skin	15	15	0.1	none	CG	7355	93668	7.85220139215	117	1566	7.47126436782
SRR1947473	skin	15	15	0.1	none	CT	7956	93668	8.49382926933	69	1566	4.4061302682
SRR1947473	skin	15	15	0.1	none	GA	14205	93668	15.1652645514	284	1566	18.1353767561
SRR1947473	skin	15	15	0.1	none	GC	7296	93668	7.78921296494	167	1566	10.6641123883
SRR1947473	skin	15	15	0.1	none	GT	5723	93668	6.10987743947	125	1566	7.98212005109
SRR1947473	skin	15	15	0.1	none	TA	4072	93668	4.34726907802	101	1566	6.44955300128
SRR1947473	skin	15	15	0.1	none	TC	10179	93668	10.8671050946	128	1566	8.17369093231
SRR1947473	skin	15	15	0.1	none	TG	6796	93668	7.25541273434	92	1566	5.8748403576
SRR1947473	skin	NA	NA	0.0	none	AC	22002	571434	3.85031342202	11668	378931	3.07918855939
SRR1947473	skin	NA	NA	0.0	none	AG	57486	571434	10.0599544304	36215	378931	9.55714892685
SRR1947473	skin	NA	NA	0.0	none	AT	29639	571434	5.18677572563	20434	378931	5.39253848326
SRR1947473	skin	NA	NA	0.0	none	CA	34238	571434	5.99159307987	23490	378931	6.19901776313
SRR1947473	skin	NA	NA	0.0	none	CG	19946	571434	3.49051684009	9327	378931	2.46139798539
SRR1947473	skin	NA	NA	0.0	none	CT	84357	571434	14.7623347578	64848	378931	17.1134058707
SRR1947473	skin	NA	NA	0.0	none	GA	75827	571434	13.2695989388	44686	378931	11.7926482658
SRR1947473	skin	NA	NA	0.0	none	GC	44542	571434	7.79477594963	29509	378931	7.78743359609
SRR1947473	skin	NA	NA	0.0	none	GT	31506	571434	5.51349762177	20528	378931	5.41734511032
SRR1947473	skin	NA	NA	0.0	none	TA	23631	571434	4.13538571384	14566	378931	3.84397159377
SRR1947473	skin	NA	NA	0.0	none	TC	124984	571434	21.8719922161	90868	378931	23.9800913623
SRR1947473	skin	NA	NA	0.0	none	TG	23276	571434	4.07326130402	12792	378931	3.37581248301
SRR1947473	skin	NA	NA	NA	u	AC	0	0	0.0	0	0	0.0
SRR1947473	skin	NA	NA	NA	u	AG	0	0	0.0	0	0	0.0
SRR1947473	skin	NA	NA	NA	u	AT	0	0	0.0	0	0	0.0
SRR1947473	skin	NA	NA	NA	u	CA	0	0	0.0	0	0	0.0
SRR1947473	skin	NA	NA	NA	u	CG	0	0	0.0	0	0	0.0
SRR1947473	skin	NA	NA	NA	u	CT	0	0	0.0	0	0	0.0
SRR1947473	skin	NA	NA	NA	u	GA	0	0	0.0	0	0	0.0
SRR1947473	skin	NA	NA	NA	u	GC	0	0	0.0	0	0	0.0
SRR1947473	skin	NA	NA	NA	u	GT	0	0	0.0	0	0	0.0
SRR1947473	skin	NA	NA	NA	u	TA	0	0	0.0	0	0	0.0
SRR1947473	skin	NA	NA	NA	u	TC	0	0	0.0	0	0	0.0
SRR1947473	skin	NA	NA	NA	u	TG	0	0	0.0	0	0	0.0
SRR1947473	skin	NA	NA	NA	r	AC	10803	171706	6.29156814555	1304	34427	3.78772475092
SRR1947473	skin	NA	NA	NA	r	AG	20852	171706	12.1440136046	3450	34427	10.0212042873
SRR1947473	skin	NA	NA	NA	r	AT	9643	171706	5.61599478178	1961	34427	5.69611061086
SRR1947473	skin	NA	NA	NA	r	CA	10444	171706	6.08248983728	2152	34427	6.25090771778
SRR1947473	skin	NA	NA	NA	r	CG	10971	171706	6.38940980513	1208	34427	3.50887384901
SRR1947473	skin	NA	NA	NA	r	CT	13851	171706	8.06669539795	4105	34427	11.9237807535
SRR1947473	skin	NA	NA	NA	r	GA	27293	171706	15.8951929461	4725	34427	13.7246928283
SRR1947473	skin	NA	NA	NA	r	GC	14649	171706	8.53144328096	2802	34427	8.13896069945
SRR1947473	skin	NA	NA	NA	r	GT	11341	171706	6.60489441254	2089	34427	6.0679118134
SRR1947473	skin	NA	NA	NA	r	TA	9896	171706	5.76333966198	2029	34427	5.89362999971
SRR1947473	skin	NA	NA	NA	r	TC	20815	171706	12.1224651439	7071	34427	20.5391117437
SRR1947473	skin	NA	NA	NA	r	TG	11148	171706	6.49249298219	1531	34427	4.44709094606
SRR1947473	skin	NA	NA	0.1	none	AC	10803	171706	6.29156814555	1304	34427	3.78772475092
SRR1947473	skin	NA	NA	0.1	none	AG	20852	171706	12.1440136046	3450	34427	10.0212042873
SRR1947473	skin	NA	NA	0.1	none	AT	9643	171706	5.61599478178	1961	34427	5.69611061086
SRR1947473	skin	NA	NA	0.1	none	CA	10444	171706	6.08248983728	2152	34427	6.25090771778
SRR1947473	skin	NA	NA	0.1	none	CG	10971	171706	6.38940980513	1208	34427	3.50887384901
SRR1947473	skin	NA	NA	0.1	none	CT	13851	171706	8.06669539795	4105	34427	11.9237807535
SRR1947473	skin	NA	NA	0.1	none	GA	27293	171706	15.8951929461	4725	34427	13.7246928283
SRR1947473	skin	NA	NA	0.1	none	GC	14649	171706	8.53144328096	2802	34427	8.13896069945
SRR1947473	skin	NA	NA	0.1	none	GT	11341	171706	6.60489441254	2089	34427	6.0679118134
SRR1947473	skin	NA	NA	0.1	none	TA	9896	171706	5.76333966198	2029	34427	5.89362999971
SRR1947473	skin	NA	NA	0.1	none	TC	20815	171706	12.1224651439	7071	34427	20.5391117437
SRR1947473	skin	NA	NA	0.1	none	TG	11148	171706	6.49249298219	1531	34427	4.44709094606
SRR1947473	skin	NA	NA	NA	none	AC	25555	649123	3.93685018094	14310	440519	3.24844104341
SRR1947473	skin	NA	NA	NA	none	AG	67920	649123	10.4633482406	44998	440519	10.214769397
SRR1947473	skin	NA	NA	NA	none	AT	34490	649123	5.31332274469	24054	440519	5.46037741845
SRR1947473	skin	NA	NA	NA	none	CA	39005	649123	6.00887659196	27117	440519	6.15569362502
SRR1947473	skin	NA	NA	NA	none	CG	22968	649123	3.53831246158	11554	440519	2.62281536097
SRR1947473	skin	NA	NA	NA	none	CT	91279	649123	14.0618958194	71081	440519	16.1357398886
SRR1947473	skin	NA	NA	NA	none	GA	86719	649123	13.3594095418	52668	440519	11.9558974755
SRR1947473	skin	NA	NA	NA	none	GC	50851	649123	7.83380037374	34211	440519	7.76606684388
SRR1947473	skin	NA	NA	NA	none	GT	36378	649123	5.60417671227	24145	440519	5.48103487023
SRR1947473	skin	NA	NA	NA	none	TA	28956	649123	4.46078786301	18438	440519	4.18551753727
SRR1947473	skin	NA	NA	NA	none	TC	137527	649123	21.1865855932	102048	440519	23.1654026274
SRR1947473	skin	NA	NA	NA	none	TG	27475	649123	4.23263387678	15895	440519	3.60824391229
SRR1947473	skin	10	NA	NA	none	AC	8626	123539	6.98241041291	375	9143	4.10149841409
SRR1947473	skin	10	NA	NA	none	AG	16497	123539	13.353677786	969	9143	10.598271902
SRR1947473	skin	10	NA	NA	none	AT	6535	123539	5.28982750387	543	9143	5.9389697036
SRR1947473	skin	10	NA	NA	none	CA	7315	123539	5.92120706821	606	9143	6.62802143717
SRR1947473	skin	10	NA	NA	none	CG	9036	123539	7.31428941468	411	9143	4.49524226184
SRR1947473	skin	10	NA	NA	none	CT	9958	123539	8.06061243818	982	9143	10.7404571804
SRR1947473	skin	10	NA	NA	none	GA	19290	123539	15.6145023029	1354	9143	14.8091436071
SRR1947473	skin	10	NA	NA	none	GC	10181	123539	8.2411222367	782	9143	8.55299135951
SRR1947473	skin	10	NA	NA	none	GT	7873	123539	6.37288629502	591	9143	6.4639615006
SRR1947473	skin	10	NA	NA	none	TA	6164	123539	4.98951748031	542	9143	5.92803237449
SRR1947473	skin	10	NA	NA	none	TC	13670	123539	11.0653315957	1576	9143	17.2372306683
SRR1947473	skin	10	NA	NA	none	TG	8394	123539	6.79461546556	412	9143	4.50617959094
SRR1947473	skin	NA	10	NA	none	AC	8010	108528	7.38058381247	175	2845	6.15114235501
SRR1947473	skin	NA	10	NA	none	AG	14719	108528	13.5623986437	301	2845	10.5799648506
SRR1947473	skin	NA	10	NA	none	AT	5599	108528	5.15903729913	193	2845	6.78383128295
SRR1947473	skin	NA	10	NA	none	CA	6246	108528	5.75519681557	200	2845	7.02987697715
SRR1947473	skin	NA	10	NA	none	CG	8322	108528	7.66806722689	201	2845	7.06502636204
SRR1947473	skin	NA	10	NA	none	CT	8466	108528	7.8007518797	114	2845	4.00702987698
SRR1947473	skin	NA	10	NA	none	GA	17018	108528	15.6807459826	525	2845	18.453427065
SRR1947473	skin	NA	10	NA	none	GC	9025	108528	8.31582633053	316	2845	11.1072056239
SRR1947473	skin	NA	10	NA	none	GT	6866	108528	6.3264779596	224	2845	7.87346221441
SRR1947473	skin	NA	10	NA	none	TA	5214	108528	4.80429013711	199	2845	6.99472759227
SRR1947473	skin	NA	10	NA	none	TC	11320	108528	10.4304879847	225	2845	7.9086115993
SRR1947473	skin	NA	10	NA	none	TG	7723	108528	7.11613592806	172	2845	6.04569420035
SRR2107327	Eye	NA	NA	NA	r	AC	9150	180785	5.06126061344	1385	38596	3.58845476215
SRR2107327	Eye	NA	NA	NA	r	AG	24525	180785	13.5658378737	4709	38596	12.2007461913
SRR2107327	Eye	NA	NA	NA	r	AT	11431	180785	6.32298033576	2222	38596	5.75707327184
SRR2107327	Eye	NA	NA	NA	r	CA	12841	180785	7.10291229914	2461	38596	6.37630842574
SRR2107327	Eye	NA	NA	NA	r	CG	11772	180785	6.51160217938	1230	38596	3.18685874184
SRR2107327	Eye	NA	NA	NA	r	CT	13318	180785	7.36676162292	4774	38596	12.3691574256
SRR2107327	Eye	NA	NA	NA	r	GA	27496	180785	15.2092264292	4759	38596	12.3302932946
SRR2107327	Eye	NA	NA	NA	r	GC	17418	180785	9.63464889233	3002	38596	7.77800808374
SRR2107327	Eye	NA	NA	NA	r	GT	13926	180785	7.70307271068	2601	38596	6.73904031506
SRR2107327	Eye	NA	NA	NA	r	TA	10645	180785	5.88820975192	2213	38596	5.73375479324
SRR2107327	Eye	NA	NA	NA	r	TC	17910	180785	9.90679536466	7660	38596	19.8466162297
SRR2107327	Eye	NA	NA	NA	r	TG	10353	180785	5.72669192687	1580	38596	4.09368846513
SRR2107327	Eye	NA	NA	NA	e	AC	9090	170686	5.32556858793	1378	38420	3.5866736075
SRR2107327	Eye	NA	NA	NA	e	AG	20083	170686	11.7660499397	4687	38420	12.1993753254
SRR2107327	Eye	NA	NA	NA	e	AT	10809	170686	6.33268106347	2218	38420	5.77303487767
SRR2107327	Eye	NA	NA	NA	e	CA	12310	170686	7.21207363228	2448	38420	6.37168141593
SRR2107327	Eye	NA	NA	NA	e	CG	10736	170686	6.28991247085	1220	38420	3.17542946382
SRR2107327	Eye	NA	NA	NA	e	CT	12118	170686	7.09958637498	4762	38420	12.394586153
SRR2107327	Eye	NA	NA	NA	e	GA	26927	170686	15.7757519656	4742	38420	12.3425299323
SRR2107327	Eye	NA	NA	NA	e	GC	17167	170686	10.0576497194	2980	38420	7.75637688704
SRR2107327	Eye	NA	NA	NA	e	GT	13642	170686	7.99245397982	2582	38420	6.72045809474
SRR2107327	Eye	NA	NA	NA	e	TA	10346	170686	6.06142272946	2200	38420	5.72618427902
SRR2107327	Eye	NA	NA	NA	e	TC	17383	170686	10.1841978838	7634	38420	19.8698594482
SRR2107327	Eye	NA	NA	NA	e	TG	10075	170686	5.90265165274	1569	38420	4.08381051536
SRR2107327	Eye	NA	NA	NA	none	AC	23867	676761	3.52665121069	14422	455285	3.16768617459
SRR2107327	Eye	NA	NA	NA	none	AG	78152	676761	11.5479467641	50549	455285	11.1027158813
SRR2107327	Eye	NA	NA	NA	none	AT	36621	676761	5.41121607185	24574	455285	5.39749827031
SRR2107327	Eye	NA	NA	NA	none	CA	40788	676761	6.02694304193	26556	455285	5.83282998561
SRR2107327	Eye	NA	NA	NA	none	CG	23052	676761	3.40622464947	11310	455285	2.48415827449
SRR2107327	Eye	NA	NA	NA	none	CT	97957	676761	14.4743860831	76554	455285	16.8145227715
SRR2107327	Eye	NA	NA	NA	none	GA	83567	676761	12.3480815236	48932	455285	10.7475537301
SRR2107327	Eye	NA	NA	NA	none	GC	54262	676761	8.01789701239	34768	455285	7.63653535697
SRR2107327	Eye	NA	NA	NA	none	GT	46744	676761	6.9070173961	31365	455285	6.88909144821
SRR2107327	Eye	NA	NA	NA	none	TA	30156	676761	4.45593052791	18946	455285	4.16134948439
SRR2107327	Eye	NA	NA	NA	none	TC	135848	676761	20.0732607228	102073	455285	22.4195833379
SRR2107327	Eye	NA	NA	NA	none	TG	25747	676761	3.80444499609	15236	455285	3.34647528471
SRR2107327	Eye	NA	15	NA	none	AC	5524	99601	5.54612905493	91	1638	5.55555555556
SRR2107327	Eye	NA	15	NA	none	AG	14692	99601	14.7508559151	238	1638	14.5299145299
SRR2107327	Eye	NA	15	NA	none	AT	6099	99601	6.12343249566	108	1638	6.59340659341
SRR2107327	Eye	NA	15	NA	none	CA	7027	99601	7.05515004869	118	1638	7.20390720391
SRR2107327	Eye	NA	15	NA	none	CG	8523	99601	8.55714300057	118	1638	7.20390720391
SRR2107327	Eye	NA	15	NA	none	CT	6708	99601	6.73487213984	64	1638	3.9072039072
SRR2107327	Eye	NA	15	NA	none	GA	15031	99601	15.0912139436	286	1638	17.4603174603
SRR2107327	Eye	NA	15	NA	none	GC	10239	99601	10.2800172689	153	1638	9.34065934066
SRR2107327	Eye	NA	15	NA	none	GT	7828	99601	7.85935884178	142	1638	8.66910866911
SRR2107327	Eye	NA	15	NA	none	TA	4844	99601	4.86340498589	112	1638	6.83760683761
SRR2107327	Eye	NA	15	NA	none	TC	6901	99601	6.92864529473	120	1638	7.32600732601
SRR2107327	Eye	NA	15	NA	none	TG	6185	99601	6.20977701027	88	1638	5.37240537241
SRR2107327	Eye	10	NA	NA	none	AC	6947	131508	5.28256836086	401	10312	3.88867339022
SRR2107327	Eye	10	NA	NA	none	AG	19056	131508	14.4903732092	1397	10312	13.5473235066
SRR2107327	Eye	10	NA	NA	none	AT	8242	131508	6.2672993278	592	10312	5.74088440652
SRR2107327	Eye	10	NA	NA	none	CA	9535	131508	7.25050947471	729	10312	7.06943366951
SRR2107327	Eye	10	NA	NA	none	CG	9852	131508	7.49155944885	376	10312	3.64623739333
SRR2107327	Eye	10	NA	NA	none	CT	8743	131508	6.64826474435	1080	10312	10.4732350659
SRR2107327	Eye	10	NA	NA	none	GA	20232	131508	15.3846153846	1412	10312	13.6927851047
SRR2107327	Eye	10	NA	NA	none	GC	13139	131508	9.99102716185	849	10312	8.23312645462
SRR2107327	Eye	10	NA	NA	none	GT	10309	131508	7.83906682483	738	10312	7.15671062839
SRR2107327	Eye	10	NA	NA	none	TA	7113	131508	5.40879642303	600	10312	5.81846392552
SRR2107327	Eye	10	NA	NA	none	TC	10524	131508	8.00255497764	1700	10312	16.485647789
SRR2107327	Eye	10	NA	NA	none	TG	7816	131508	5.94336466223	438	10312	4.24747866563
SRR2107327	Eye	NA	NA	0.0	none	AC	20552	601667	3.41584298291	11955	394213	3.03262449488
SRR2107327	Eye	NA	NA	0.0	none	AG	65910	601667	10.9545645681	39958	394213	10.1361446731
SRR2107327	Eye	NA	NA	0.0	none	AT	31905	601667	5.30276714528	21007	394213	5.32884506599
SRR2107327	Eye	NA	NA	0.0	none	CA	36387	601667	6.0476974805	23111	394213	5.86256668349
SRR2107327	Eye	NA	NA	0.0	none	CG	20403	601667	3.3910784537	9291	394213	2.35684769401
SRR2107327	Eye	NA	NA	0.0	none	CT	90813	601667	15.0935650451	69986	394213	17.7533465411
SRR2107327	Eye	NA	NA	0.0	none	GA	73987	601667	12.2970014975	41741	394213	10.5884382301
SRR2107327	Eye	NA	NA	0.0	none	GC	48530	601667	8.06592350918	30413	394213	7.71486480659
SRR2107327	Eye	NA	NA	0.0	none	GT	41670	601667	6.92575793587	27428	394213	6.95765994526
SRR2107327	Eye	NA	NA	0.0	none	TA	25150	601667	4.18005308584	15228	394213	3.86288630766
SRR2107327	Eye	NA	NA	0.0	none	TC	124265	601667	20.6534511615	91586	394213	23.2326178995
SRR2107327	Eye	NA	NA	0.0	none	TG	22095	601667	3.67229713446	12509	394213	3.17315765842
SRR2107327	Eye	NA	10	NA	none	AC	6151	113363	5.42593262352	146	2824	5.16997167139
SRR2107327	Eye	NA	10	NA	none	AG	16154	113363	14.2497993172	363	2824	12.8541076487
SRR2107327	Eye	NA	10	NA	none	AT	7209	113363	6.35921773418	203	2824	7.18838526912
SRR2107327	Eye	NA	10	NA	none	CA	8094	113363	7.13989573318	208	2824	7.36543909348
SRR2107327	Eye	NA	10	NA	none	CG	9125	113363	8.04936354895	170	2824	6.01983002833
SRR2107327	Eye	NA	10	NA	none	CT	7094	113363	6.25777370041	98	2824	3.47025495751
SRR2107327	Eye	NA	10	NA	none	GA	17692	113363	15.6065030036	517	2824	18.3073654391
SRR2107327	Eye	NA	10	NA	none	GC	11771	113363	10.3834584476	283	2824	10.0212464589
SRR2107327	Eye	NA	10	NA	none	GT	9053	113363	7.98585076259	248	2824	8.78186968839
SRR2107327	Eye	NA	10	NA	none	TA	6094	113363	5.37565166765	221	2824	7.82577903683
SRR2107327	Eye	NA	10	NA	none	TC	7947	113363	7.01022379436	210	2824	7.43626062323
SRR2107327	Eye	NA	10	NA	none	TG	6979	113363	6.15632966665	157	2824	5.55949008499
SRR2107327	Eye	NA	NA	NA	u	AC	0	0	0.0	0	0	0.0
SRR2107327	Eye	NA	NA	NA	u	AG	0	0	0.0	0	0	0.0
SRR2107327	Eye	NA	NA	NA	u	AT	0	0	0.0	0	0	0.0
SRR2107327	Eye	NA	NA	NA	u	CA	0	0	0.0	0	0	0.0
SRR2107327	Eye	NA	NA	NA	u	CG	0	0	0.0	0	0	0.0
SRR2107327	Eye	NA	NA	NA	u	CT	0	0	0.0	0	0	0.0
SRR2107327	Eye	NA	NA	NA	u	GA	0	0	0.0	0	0	0.0
SRR2107327	Eye	NA	NA	NA	u	GC	0	0	0.0	0	0	0.0
SRR2107327	Eye	NA	NA	NA	u	GT	0	0	0.0	0	0	0.0
SRR2107327	Eye	NA	NA	NA	u	TA	0	0	0.0	0	0	0.0
SRR2107327	Eye	NA	NA	NA	u	TC	0	0	0.0	0	0	0.0
SRR2107327	Eye	NA	NA	NA	u	TG	0	0	0.0	0	0	0.0
SRR2107327	Eye	15	NA	NA	none	AC	6066	112143	5.40916508387	181	4162	4.34887073522
SRR2107327	Eye	15	NA	NA	none	AG	17137	112143	15.2813818072	726	4162	17.4435367612
SRR2107327	Eye	15	NA	NA	none	AT	6999	112143	6.24113854632	246	4162	5.91061989428
SRR2107327	Eye	15	NA	NA	none	CA	7956	112143	7.0945132554	299	4162	7.18404613167
SRR2107327	Eye	15	NA	NA	none	CG	9008	112143	8.03260123236	202	4162	4.85343584815
SRR2107327	Eye	15	NA	NA	none	CT	7536	112143	6.7199914395	329	4162	7.90485343585
SRR2107327	Eye	15	NA	NA	none	GA	16836	112143	15.0129745058	598	4162	14.3680922633
SRR2107327	Eye	15	NA	NA	none	GC	11349	112143	10.1201144967	364	4162	8.74579529073
SRR2107327	Eye	15	NA	NA	none	GT	8620	112143	7.68661441196	296	4162	7.11196540125
SRR2107327	Eye	15	NA	NA	none	TA	5722	112143	5.10241388228	261	4162	6.27102354637
SRR2107327	Eye	15	NA	NA	none	TC	8196	112143	7.30852572162	477	4162	11.4608361365
SRR2107327	Eye	15	NA	NA	none	TG	6718	112143	5.99056561711	183	4162	4.3969245555
SRR2107327	Eye	5	NA	NA	none	AC	9150	180785	5.06126061344	1385	38596	3.58845476215
SRR2107327	Eye	5	NA	NA	none	AG	24525	180785	13.5658378737	4709	38596	12.2007461913
SRR2107327	Eye	5	NA	NA	none	AT	11431	180785	6.32298033576	2222	38596	5.75707327184
SRR2107327	Eye	5	NA	NA	none	CA	12841	180785	7.10291229914	2461	38596	6.37630842574
SRR2107327	Eye	5	NA	NA	none	CG	11772	180785	6.51160217938	1230	38596	3.18685874184
SRR2107327	Eye	5	NA	NA	none	CT	13318	180785	7.36676162292	4774	38596	12.3691574256
SRR2107327	Eye	5	NA	NA	none	GA	27496	180785	15.2092264292	4759	38596	12.3302932946
SRR2107327	Eye	5	NA	NA	none	GC	17418	180785	9.63464889233	3002	38596	7.77800808374
SRR2107327	Eye	5	NA	NA	none	GT	13926	180785	7.70307271068	2601	38596	6.73904031506
SRR2107327	Eye	5	NA	NA	none	TA	10645	180785	5.88820975192	2213	38596	5.73375479324
SRR2107327	Eye	5	NA	NA	none	TC	17910	180785	9.90679536466	7660	38596	19.8466162297
SRR2107327	Eye	5	NA	NA	none	TG	10353	180785	5.72669192687	1580	38596	4.09368846513
SRR2107327	Eye	15	15	0.1	none	AC	5524	99601	5.54612905493	91	1638	5.55555555556
SRR2107327	Eye	15	15	0.1	none	AG	14692	99601	14.7508559151	238	1638	14.5299145299
SRR2107327	Eye	15	15	0.1	none	AT	6099	99601	6.12343249566	108	1638	6.59340659341
SRR2107327	Eye	15	15	0.1	none	CA	7027	99601	7.05515004869	118	1638	7.20390720391
SRR2107327	Eye	15	15	0.1	none	CG	8523	99601	8.55714300057	118	1638	7.20390720391
SRR2107327	Eye	15	15	0.1	none	CT	6708	99601	6.73487213984	64	1638	3.9072039072
SRR2107327	Eye	15	15	0.1	none	GA	15031	99601	15.0912139436	286	1638	17.4603174603
SRR2107327	Eye	15	15	0.1	none	GC	10239	99601	10.2800172689	153	1638	9.34065934066
SRR2107327	Eye	15	15	0.1	none	GT	7828	99601	7.85935884178	142	1638	8.66910866911
SRR2107327	Eye	15	15	0.1	none	TA	4844	99601	4.86340498589	112	1638	6.83760683761
SRR2107327	Eye	15	15	0.1	none	TC	6901	99601	6.92864529473	120	1638	7.32600732601
SRR2107327	Eye	15	15	0.1	none	TG	6185	99601	6.20977701027	88	1638	5.37240537241
SRR2107327	Eye	NA	5	NA	none	AC	7732	140143	5.51722169498	390	7008	5.56506849315
SRR2107327	Eye	NA	5	NA	none	AG	19123	140143	13.645347966	833	7008	11.8864155251
SRR2107327	Eye	NA	5	NA	none	AT	9244	140143	6.59611967776	526	7008	7.50570776256
SRR2107327	Eye	NA	5	NA	none	CA	10307	140143	7.35463062729	549	7008	7.83390410959
SRR2107327	Eye	NA	5	NA	none	CG	10480	140143	7.47807596526	379	7008	5.40810502283
SRR2107327	Eye	NA	5	NA	none	CT	8021	140143	5.72343962952	241	7008	3.43892694064
SRR2107327	Eye	NA	5	NA	none	GA	22748	140143	16.2319916086	1301	7008	18.5644977169
SRR2107327	Eye	NA	5	NA	none	GC	14350	140143	10.2395410402	686	7008	9.78881278539
SRR2107327	Eye	NA	5	NA	none	GT	11347	140143	8.09672976888	605	7008	8.63299086758
SRR2107327	Eye	NA	5	NA	none	TA	8313	140143	5.93179823466	574	7008	8.19063926941
SRR2107327	Eye	NA	5	NA	none	TC	9659	140143	6.89224577753	482	7008	6.87785388128
SRR2107327	Eye	NA	5	NA	none	TG	8819	140143	6.29285800932	442	7008	6.30707762557
SRR2107327	Eye	15	15	0.1	e,r	AC	5500	90065	6.10670071615	90	1589	5.66393958464
SRR2107327	Eye	15	15	0.1	e,r	AG	10298	90065	11.4339643591	229	1589	14.4115796098
SRR2107327	Eye	15	15	0.1	e,r	AT	5488	90065	6.0933770055	106	1589	6.67086217747
SRR2107327	Eye	15	15	0.1	e,r	CA	6554	90065	7.27696663521	113	1589	7.11139081183
SRR2107327	Eye	15	15	0.1	e,r	CG	7522	90065	8.35174596125	112	1589	7.04845814978
SRR2107327	Eye	15	15	0.1	e,r	CT	5530	90065	6.14000999278	61	1589	3.83889238515
SRR2107327	Eye	15	15	0.1	e,r	GA	14506	90065	16.1061455615	279	1589	17.5582127124
SRR2107327	Eye	15	15	0.1	e,r	GC	10053	90065	11.1619385999	148	1589	9.31403398364
SRR2107327	Eye	15	15	0.1	e,r	GT	7628	90065	8.46943873869	139	1589	8.74764002517
SRR2107327	Eye	15	15	0.1	e,r	TA	4614	90065	5.12296674624	110	1589	6.92259282568
SRR2107327	Eye	15	15	0.1	e,r	TC	6433	90065	7.14261921945	118	1589	7.42605412209
SRR2107327	Eye	15	15	0.1	e,r	TG	5939	90065	6.59412646422	84	1589	5.28634361233
SRR2107327	Eye	NA	NA	0.1	none	AC	9150	180785	5.06126061344	1385	38596	3.58845476215
SRR2107327	Eye	NA	NA	0.1	none	AG	24525	180785	13.5658378737	4709	38596	12.2007461913
SRR2107327	Eye	NA	NA	0.1	none	AT	11431	180785	6.32298033576	2222	38596	5.75707327184
SRR2107327	Eye	NA	NA	0.1	none	CA	12841	180785	7.10291229914	2461	38596	6.37630842574
SRR2107327	Eye	NA	NA	0.1	none	CG	11772	180785	6.51160217938	1230	38596	3.18685874184
SRR2107327	Eye	NA	NA	0.1	none	CT	13318	180785	7.36676162292	4774	38596	12.3691574256
SRR2107327	Eye	NA	NA	0.1	none	GA	27496	180785	15.2092264292	4759	38596	12.3302932946
SRR2107327	Eye	NA	NA	0.1	none	GC	17418	180785	9.63464889233	3002	38596	7.77800808374
SRR2107327	Eye	NA	NA	0.1	none	GT	13926	180785	7.70307271068	2601	38596	6.73904031506
SRR2107327	Eye	NA	NA	0.1	none	TA	10645	180785	5.88820975192	2213	38596	5.73375479324
SRR2107327	Eye	NA	NA	0.1	none	TC	17910	180785	9.90679536466	7660	38596	19.8466162297
SRR2107327	Eye	NA	NA	0.1	none	TG	10353	180785	5.72669192687	1580	38596	4.09368846513
SRR2107327	Eye	NA	NA	NA	e,r,u	AC	0	0	0.0	0	0	0.0
SRR2107327	Eye	NA	NA	NA	e,r,u	AG	0	0	0.0	0	0	0.0
SRR2107327	Eye	NA	NA	NA	e,r,u	AT	0	0	0.0	0	0	0.0
SRR2107327	Eye	NA	NA	NA	e,r,u	CA	0	0	0.0	0	0	0.0
SRR2107327	Eye	NA	NA	NA	e,r,u	CG	0	0	0.0	0	0	0.0
SRR2107327	Eye	NA	NA	NA	e,r,u	CT	0	0	0.0	0	0	0.0
SRR2107327	Eye	NA	NA	NA	e,r,u	GA	0	0	0.0	0	0	0.0
SRR2107327	Eye	NA	NA	NA	e,r,u	GC	0	0	0.0	0	0	0.0
SRR2107327	Eye	NA	NA	NA	e,r,u	GT	0	0	0.0	0	0	0.0
SRR2107327	Eye	NA	NA	NA	e,r,u	TA	0	0	0.0	0	0	0.0
SRR2107327	Eye	NA	NA	NA	e,r,u	TC	0	0	0.0	0	0	0.0
SRR2107327	Eye	NA	NA	NA	e,r,u	TG	0	0	0.0	0	0	0.0
SRR1947415	spleen	5	NA	NA	none	AC	9888	138272	7.15112242536	1772	35522	4.9884578571
SRR1947415	spleen	5	NA	NA	none	AG	14545	138272	10.5191217311	5521	35522	15.5424807162
SRR1947415	spleen	5	NA	NA	none	AT	9201	138272	6.65427563064	2370	35522	6.67192162603
SRR1947415	spleen	5	NA	NA	none	CA	12362	138272	8.94034945614	1875	35522	5.27841900794
SRR1947415	spleen	5	NA	NA	none	CG	13836	138272	10.0063642675	2099	35522	5.90901413209
SRR1947415	spleen	5	NA	NA	none	CT	15856	138272	11.4672529507	4213	35522	11.8602556162
SRR1947415	spleen	5	NA	NA	none	GA	16479	138272	11.9178141634	4026	35522	11.3338212938
SRR1947415	spleen	5	NA	NA	none	GC	9784	138272	7.07590835455	2277	35522	6.41011204324
SRR1947415	spleen	5	NA	NA	none	GT	7264	138272	5.25341356168	1848	35522	5.20240977422
SRR1947415	spleen	5	NA	NA	none	TA	8243	138272	5.96143832446	2312	35522	6.50864253139
SRR1947415	spleen	5	NA	NA	none	TC	14722	138272	10.6471302939	5546	35522	15.6128596363
SRR1947415	spleen	5	NA	NA	none	TG	6092	138272	4.40580884055	1663	35522	4.68160576544
SRR1947415	spleen	10	NA	NA	none	AC	7536	94856	7.94467403222	383	7880	4.86040609137
SRR1947415	spleen	10	NA	NA	none	AG	8741	94856	9.2150206629	1172	7880	14.8730964467
SRR1947415	spleen	10	NA	NA	none	AT	5865	94856	6.18305642237	543	7880	6.89086294416
SRR1947415	spleen	10	NA	NA	none	CA	9731	94856	10.2587079362	455	7880	5.77411167513
SRR1947415	spleen	10	NA	NA	none	CG	11158	94856	11.7630935312	510	7880	6.47208121827
SRR1947415	spleen	10	NA	NA	none	CT	10670	94856	11.2486295016	952	7880	12.0812182741
SRR1947415	spleen	10	NA	NA	none	GA	11634	94856	12.2649068061	933	7880	11.8401015228
SRR1947415	spleen	10	NA	NA	none	GC	6858	94856	7.22990638441	527	7880	6.68781725888
SRR1947415	spleen	10	NA	NA	none	GT	4656	94856	4.90849287341	417	7880	5.29187817259
SRR1947415	spleen	10	NA	NA	none	TA	5173	94856	5.4535295606	534	7880	6.77664974619
SRR1947415	spleen	10	NA	NA	none	TC	8969	94856	9.45538500464	1128	7880	14.3147208122
SRR1947415	spleen	10	NA	NA	none	TG	3865	94856	4.0745972843	326	7880	4.13705583756
SRR1947415	spleen	15	NA	NA	none	AC	6815	81314	8.38109058711	156	2815	5.54174067496
SRR1947415	spleen	15	NA	NA	none	AG	7271	81314	8.94187962712	408	2815	14.4937833037
SRR1947415	spleen	15	NA	NA	none	AT	4778	81314	5.87598691492	194	2815	6.89165186501
SRR1947415	spleen	15	NA	NA	none	CA	8807	81314	10.8308532356	189	2815	6.71403197158
SRR1947415	spleen	15	NA	NA	none	CG	10168	81314	12.504611752	201	2815	7.14031971581
SRR1947415	spleen	15	NA	NA	none	CT	9097	81314	11.1874953882	353	2815	12.539964476
SRR1947415	spleen	15	NA	NA	none	GA	10040	81314	12.3471972846	337	2815	11.9715808171
SRR1947415	spleen	15	NA	NA	none	GC	5842	81314	7.18449467496	193	2815	6.85612788632
SRR1947415	spleen	15	NA	NA	none	GT	3707	81314	4.5588705512	155	2815	5.50621669627
SRR1947415	spleen	15	NA	NA	none	TA	4204	81314	5.17008141279	184	2815	6.53641207815
SRR1947415	spleen	15	NA	NA	none	TC	7414	81314	9.11774110239	327	2815	11.6163410302
SRR1947415	spleen	15	NA	NA	none	TG	3171	81314	3.89969746907	118	2815	4.1918294849
SRR1947415	spleen	NA	NA	NA	e	AC	7367	111124	6.62953097441	1759	35226	4.99347073185
SRR1947415	spleen	NA	NA	NA	e	AG	13920	111124	12.5265469206	5493	35226	15.5935956396
SRR1947415	spleen	NA	NA	NA	e	AT	8406	111124	7.56452251539	2338	35226	6.63714301936
SRR1947415	spleen	NA	NA	NA	e	CA	7687	111124	6.91749757028	1855	35226	5.26599670698
SRR1947415	spleen	NA	NA	NA	e	CG	8261	111124	7.43403765163	2077	35226	5.89621302447
SRR1947415	spleen	NA	NA	NA	e	CT	12982	111124	11.6824448364	4176	35226	11.8548799182
SRR1947415	spleen	NA	NA	NA	e	GA	12278	111124	11.0489183255	4000	35226	11.3552489638
SRR1947415	spleen	NA	NA	NA	e	GC	7437	111124	6.69252366725	2253	35226	6.39584397888
SRR1947415	spleen	NA	NA	NA	e	GT	6693	111124	6.02300133185	1833	35226	5.20354283768
SRR1947415	spleen	NA	NA	NA	e	TA	7339	111124	6.60433389727	2293	35226	6.50939646852
SRR1947415	spleen	NA	NA	NA	e	TC	12842	111124	11.5564594507	5506	35226	15.6305001987
SRR1947415	spleen	NA	NA	NA	e	TG	5912	111124	5.32018285879	1643	35226	4.66416851189
SRR1947415	spleen	NA	NA	0.0	none	AC	23771	466282	5.09798791289	13906	301438	4.61322062912
SRR1947415	spleen	NA	NA	0.0	none	AG	69089	466282	14.816999155	49119	301438	16.2948931455
SRR1947415	spleen	NA	NA	0.0	none	AT	27507	466282	5.89921978545	18756	301438	6.22217504097
SRR1947415	spleen	NA	NA	0.0	none	CA	26244	466282	5.62835365723	13949	301438	4.62748558576
SRR1947415	spleen	NA	NA	0.0	none	CG	33333	466282	7.14867826766	17662	301438	5.85924800456
SRR1947415	spleen	NA	NA	0.0	none	CT	58930	466282	12.6382746921	37833	301438	12.550839642
SRR1947415	spleen	NA	NA	0.0	none	GA	58167	466282	12.4746398102	36079	301438	11.9689621083
SRR1947415	spleen	NA	NA	0.0	none	GC	28721	466282	6.15957725153	18214	301438	6.04237023866
SRR1947415	spleen	NA	NA	0.0	none	GT	22565	466282	4.83934614675	14770	301438	4.89984673465
SRR1947415	spleen	NA	NA	0.0	none	TA	26004	466282	5.57688265899	17586	301438	5.83403552306
SRR1947415	spleen	NA	NA	0.0	none	TC	71880	466282	15.415563972	49196	301438	16.3204373702
SRR1947415	spleen	NA	NA	0.0	none	TG	20071	466282	4.30447669007	14368	301438	4.76648597722
SRR1947415	spleen	NA	15	NA	none	AC	6321	73106	8.64634913687	73	1011	7.22057368942
SRR1947415	spleen	NA	15	NA	none	AG	6127	73106	8.38098104123	131	1011	12.9574678536
SRR1947415	spleen	NA	15	NA	none	AT	4148	73106	5.67395289032	73	1011	7.22057368942
SRR1947415	spleen	NA	15	NA	none	CA	8232	73106	11.2603616666	81	1011	8.0118694362
SRR1947415	spleen	NA	15	NA	none	CG	9625	73106	13.1658140235	90	1011	8.90207715134
SRR1947415	spleen	NA	15	NA	none	CT	8060	73106	11.0250868602	104	1011	10.2868447082
SRR1947415	spleen	NA	15	NA	none	GA	9026	73106	12.3464558313	108	1011	10.6824925816
SRR1947415	spleen	NA	15	NA	none	GC	5340	73106	7.30446201406	77	1011	7.61622156281
SRR1947415	spleen	NA	15	NA	none	GT	3278	73106	4.48390009028	57	1011	5.63798219585
SRR1947415	spleen	NA	15	NA	none	TA	3671	73106	5.02147566547	72	1011	7.12166172107
SRR1947415	spleen	NA	15	NA	none	TC	6516	73106	8.91308510929	97	1011	9.59446092977
SRR1947415	spleen	NA	15	NA	none	TG	2762	73106	3.77807567094	48	1011	4.74777448071
SRR1947415	spleen	NA	NA	0.1	none	AC	9888	138272	7.15112242536	1772	35522	4.9884578571
SRR1947415	spleen	NA	NA	0.1	none	AG	14545	138272	10.5191217311	5521	35522	15.5424807162
SRR1947415	spleen	NA	NA	0.1	none	AT	9201	138272	6.65427563064	2370	35522	6.67192162603
SRR1947415	spleen	NA	NA	0.1	none	CA	12362	138272	8.94034945614	1875	35522	5.27841900794
SRR1947415	spleen	NA	NA	0.1	none	CG	13836	138272	10.0063642675	2099	35522	5.90901413209
SRR1947415	spleen	NA	NA	0.1	none	CT	15856	138272	11.4672529507	4213	35522	11.8602556162
SRR1947415	spleen	NA	NA	0.1	none	GA	16479	138272	11.9178141634	4026	35522	11.3338212938
SRR1947415	spleen	NA	NA	0.1	none	GC	9784	138272	7.07590835455	2277	35522	6.41011204324
SRR1947415	spleen	NA	NA	0.1	none	GT	7264	138272	5.25341356168	1848	35522	5.20240977422
SRR1947415	spleen	NA	NA	0.1	none	TA	8243	138272	5.96143832446	2312	35522	6.50864253139
SRR1947415	spleen	NA	NA	0.1	none	TC	14722	138272	10.6471302939	5546	35522	15.6128596363
SRR1947415	spleen	NA	NA	0.1	none	TG	6092	138272	4.40580884055	1663	35522	4.68160576544
SRR1947415	spleen	NA	5	NA	none	AC	8067	100489	8.02774433023	302	4738	6.37399746729
SRR1947415	spleen	NA	5	NA	none	AG	8649	100489	8.60691219935	477	4738	10.067539046
SRR1947415	spleen	NA	5	NA	none	AT	6692	100489	6.65943536108	417	4738	8.80118193331
SRR1947415	spleen	NA	5	NA	none	CA	10419	100489	10.3682990178	385	4738	8.1257914732
SRR1947415	spleen	NA	5	NA	none	CG	11635	100489	11.5783817134	354	4738	7.47150696496
SRR1947415	spleen	NA	5	NA	none	CT	11319	100489	11.263919434	557	4738	11.7560151963
SRR1947415	spleen	NA	5	NA	none	GA	12164	100489	12.1048074914	528	4738	11.1439425918
SRR1947415	spleen	NA	5	NA	none	GC	7356	100489	7.32020420145	343	4738	7.2393414943
SRR1947415	spleen	NA	5	NA	none	GT	5282	100489	5.25629670909	331	4738	6.98607007176
SRR1947415	spleen	NA	5	NA	none	TA	5760	100489	5.73197066346	368	4738	7.76699029126
SRR1947415	spleen	NA	5	NA	none	TC	8738	100489	8.69547910717	404	4738	8.52680455889
SRR1947415	spleen	NA	5	NA	none	TG	4408	100489	4.38654977162	272	4738	5.74081891093
SRR1947415	spleen	NA	NA	NA	r	AC	9888	138272	7.15112242536	1772	35522	4.9884578571
SRR1947415	spleen	NA	NA	NA	r	AG	14545	138272	10.5191217311	5521	35522	15.5424807162
SRR1947415	spleen	NA	NA	NA	r	AT	9201	138272	6.65427563064	2370	35522	6.67192162603
SRR1947415	spleen	NA	NA	NA	r	CA	12362	138272	8.94034945614	1875	35522	5.27841900794
SRR1947415	spleen	NA	NA	NA	r	CG	13836	138272	10.0063642675	2099	35522	5.90901413209
SRR1947415	spleen	NA	NA	NA	r	CT	15856	138272	11.4672529507	4213	35522	11.8602556162
SRR1947415	spleen	NA	NA	NA	r	GA	16479	138272	11.9178141634	4026	35522	11.3338212938
SRR1947415	spleen	NA	NA	NA	r	GC	9784	138272	7.07590835455	2277	35522	6.41011204324
SRR1947415	spleen	NA	NA	NA	r	GT	7264	138272	5.25341356168	1848	35522	5.20240977422
SRR1947415	spleen	NA	NA	NA	r	TA	8243	138272	5.96143832446	2312	35522	6.50864253139
SRR1947415	spleen	NA	NA	NA	r	TC	14722	138272	10.6471302939	5546	35522	15.6128596363
SRR1947415	spleen	NA	NA	NA	r	TG	6092	138272	4.40580884055	1663	35522	4.68160576544
SRR1947415	spleen	15	15	0.1	none	AC	6321	73106	8.64634913687	73	1011	7.22057368942
SRR1947415	spleen	15	15	0.1	none	AG	6127	73106	8.38098104123	131	1011	12.9574678536
SRR1947415	spleen	15	15	0.1	none	AT	4148	73106	5.67395289032	73	1011	7.22057368942
SRR1947415	spleen	15	15	0.1	none	CA	8232	73106	11.2603616666	81	1011	8.0118694362
SRR1947415	spleen	15	15	0.1	none	CG	9625	73106	13.1658140235	90	1011	8.90207715134
SRR1947415	spleen	15	15	0.1	none	CT	8060	73106	11.0250868602	104	1011	10.2868447082
SRR1947415	spleen	15	15	0.1	none	GA	9026	73106	12.3464558313	108	1011	10.6824925816
SRR1947415	spleen	15	15	0.1	none	GC	5340	73106	7.30446201406	77	1011	7.61622156281
SRR1947415	spleen	15	15	0.1	none	GT	3278	73106	4.48390009028	57	1011	5.63798219585
SRR1947415	spleen	15	15	0.1	none	TA	3671	73106	5.02147566547	72	1011	7.12166172107
SRR1947415	spleen	15	15	0.1	none	TC	6516	73106	8.91308510929	97	1011	9.59446092977
SRR1947415	spleen	15	15	0.1	none	TG	2762	73106	3.77807567094	48	1011	4.74777448071
SRR1947415	spleen	NA	10	NA	none	AC	6939	81759	8.48713903057	125	1755	7.12250712251
SRR1947415	spleen	NA	10	NA	none	AG	6872	81759	8.40519086584	196	1755	11.1680911681
SRR1947415	spleen	NA	10	NA	none	AT	4927	81759	6.02624787485	139	1755	7.92022792023
SRR1947415	spleen	NA	10	NA	none	CA	8903	81759	10.8893210533	138	1755	7.86324786325
SRR1947415	spleen	NA	10	NA	none	CG	10356	81759	12.6664954317	152	1755	8.66096866097
SRR1947415	spleen	NA	10	NA	none	CT	9103	81759	11.1339424406	194	1755	11.0541310541
SRR1947415	spleen	NA	10	NA	none	GA	10009	81759	12.2420773248	193	1755	10.9971509972
SRR1947415	spleen	NA	10	NA	none	GC	6028	81759	7.37288861165	136	1755	7.74928774929
SRR1947415	spleen	NA	10	NA	none	GT	3906	81759	4.77745569295	112	1755	6.38176638177
SRR1947415	spleen	NA	10	NA	none	TA	4243	81759	5.18964273046	122	1755	6.95156695157
SRR1947415	spleen	NA	10	NA	none	TC	7180	81759	8.7819078022	154	1755	8.77492877493
SRR1947415	spleen	NA	10	NA	none	TG	3293	81759	4.02769114104	94	1755	5.35612535613
SRR1947415	spleen	NA	NA	NA	none	AC	28404	546205	5.20024532913	17702	367788	4.81309885042
SRR1947415	spleen	NA	NA	NA	none	AG	80857	546205	14.8034162997	59539	367788	16.1884020142
SRR1947415	spleen	NA	NA	NA	none	AT	33130	546205	6.06548823244	23217	367788	6.31260400013
SRR1947415	spleen	NA	NA	NA	none	CA	30968	546205	5.66966615099	17621	367788	4.79107529338
SRR1947415	spleen	NA	NA	NA	none	CG	37957	546205	6.94922236157	21387	367788	5.81503474828
SRR1947415	spleen	NA	NA	NA	none	CT	67523	546205	12.3622083284	44897	367788	12.2073042079
SRR1947415	spleen	NA	NA	NA	none	GA	66661	546205	12.2043921238	43107	367788	11.7206107866
SRR1947415	spleen	NA	NA	NA	none	GC	33565	546205	6.14512866048	22171	367788	6.02820102885
SRR1947415	spleen	NA	NA	NA	none	GT	27163	546205	4.9730412574	18395	367788	5.00152261629
SRR1947415	spleen	NA	NA	NA	none	TA	31713	546205	5.8060618266	22110	367788	6.01161538713
SRR1947415	spleen	NA	NA	NA	none	TC	83981	546205	15.3753627301	59906	367788	16.2881877603
SRR1947415	spleen	NA	NA	NA	none	TG	24283	546205	4.44576669932	17736	367788	4.82234330647
SRR1947415	spleen	NA	NA	NA	u	AC	0	0	0.0	0	0	0.0
SRR1947415	spleen	NA	NA	NA	u	AG	0	0	0.0	0	0	0.0
SRR1947415	spleen	NA	NA	NA	u	AT	0	0	0.0	0	0	0.0
SRR1947415	spleen	NA	NA	NA	u	CA	0	0	0.0	0	0	0.0
SRR1947415	spleen	NA	NA	NA	u	CG	0	0	0.0	0	0	0.0
SRR1947415	spleen	NA	NA	NA	u	CT	0	0	0.0	0	0	0.0
SRR1947415	spleen	NA	NA	NA	u	GA	0	0	0.0	0	0	0.0
SRR1947415	spleen	NA	NA	NA	u	GC	0	0	0.0	0	0	0.0
SRR1947415	spleen	NA	NA	NA	u	GT	0	0	0.0	0	0	0.0
SRR1947415	spleen	NA	NA	NA	u	TA	0	0	0.0	0	0	0.0
SRR1947415	spleen	NA	NA	NA	u	TC	0	0	0.0	0	0	0.0
SRR1947415	spleen	NA	NA	NA	u	TG	0	0	0.0	0	0	0.0
SRR1947415	spleen	NA	NA	NA	e,r,u	AC	0	0	0.0	0	0	0.0
SRR1947415	spleen	NA	NA	NA	e,r,u	AG	0	0	0.0	0	0	0.0
SRR1947415	spleen	NA	NA	NA	e,r,u	AT	0	0	0.0	0	0	0.0
SRR1947415	spleen	NA	NA	NA	e,r,u	CA	0	0	0.0	0	0	0.0
SRR1947415	spleen	NA	NA	NA	e,r,u	CG	0	0	0.0	0	0	0.0
SRR1947415	spleen	NA	NA	NA	e,r,u	CT	0	0	0.0	0	0	0.0
SRR1947415	spleen	NA	NA	NA	e,r,u	GA	0	0	0.0	0	0	0.0
SRR1947415	spleen	NA	NA	NA	e,r,u	GC	0	0	0.0	0	0	0.0
SRR1947415	spleen	NA	NA	NA	e,r,u	GT	0	0	0.0	0	0	0.0
SRR1947415	spleen	NA	NA	NA	e,r,u	TA	0	0	0.0	0	0	0.0
SRR1947415	spleen	NA	NA	NA	e,r,u	TC	0	0	0.0	0	0	0.0
SRR1947415	spleen	NA	NA	NA	e,r,u	TG	0	0	0.0	0	0	0.0
SRR1947415	spleen	15	15	0.1	e,r	AC	3835	46698	8.21234314103	64	869	7.36478711162
SRR1947415	spleen	15	15	0.1	e,r	AG	5589	46698	11.9683926506	121	869	13.9240506329
SRR1947415	spleen	15	15	0.1	e,r	AT	3439	46698	7.36434108527	64	869	7.36478711162
SRR1947415	spleen	15	15	0.1	e,r	CA	3605	46698	7.71981669451	67	869	7.71001150748
SRR1947415	spleen	15	15	0.1	e,r	CG	4083	46698	8.74341513555	75	869	8.63060989643
SRR1947415	spleen	15	15	0.1	e,r	CT	5259	46698	11.2617242708	86	869	9.89643268124
SRR1947415	spleen	15	15	0.1	e,r	GA	4891	46698	10.4736819564	90	869	10.3567318757
SRR1947415	spleen	15	15	0.1	e,r	GC	3045	46698	6.52062186817	65	869	7.47986191024
SRR1947415	spleen	15	15	0.1	e,r	GT	2736	46698	5.85892329436	51	869	5.86881472957
SRR1947415	spleen	15	15	0.1	e,r	TA	2844	46698	6.09019658229	64	869	7.36478711162
SRR1947415	spleen	15	15	0.1	e,r	TC	4720	46698	10.1074992505	77	869	8.86075949367
SRR1947415	spleen	15	15	0.1	e,r	TG	2652	46698	5.67904407041	45	869	5.17836593786
SRR1947395	heart	NA	NA	NA	r	AC	8174	140320	5.82525655644	579	24492	2.36403723665
SRR1947395	heart	NA	NA	NA	r	AG	15128	140320	10.7810718358	2640	24492	10.7790298873
SRR1947395	heart	NA	NA	NA	r	AT	6331	140320	4.51183010262	1353	24492	5.52425281725
SRR1947395	heart	NA	NA	NA	r	CA	8116	140320	5.78392246294	1445	24492	5.89988567696
SRR1947395	heart	NA	NA	NA	r	CG	5098	140320	3.63312428734	717	24492	2.92748652621
SRR1947395	heart	NA	NA	NA	r	CT	41015	140320	29.229618016	3272	24492	13.3594643149
SRR1947395	heart	NA	NA	NA	r	GA	16314	140320	11.6262827822	3187	24492	13.0124122162
SRR1947395	heart	NA	NA	NA	r	GC	8512	140320	6.0661345496	1849	24492	7.54940388698
SRR1947395	heart	NA	NA	NA	r	GT	5670	140320	4.04076396807	1355	24492	5.53241874898
SRR1947395	heart	NA	NA	NA	r	TA	6540	140320	4.66077537058	1234	24492	5.03837987914
SRR1947395	heart	NA	NA	NA	r	TC	12805	140320	9.12557012543	5954	24492	24.3099787686
SRR1947395	heart	NA	NA	NA	r	TG	6617	140320	4.71564994299	907	24492	3.70325004083
SRR1947395	heart	15	NA	NA	none	AC	6902	101064	6.82933586638	109	2407	4.52845866224
SRR1947395	heart	15	NA	NA	none	AG	11248	101064	11.1295812554	290	2407	12.0481927711
SRR1947395	heart	15	NA	NA	none	AT	3816	101064	3.77582521966	129	2407	5.35936850852
SRR1947395	heart	15	NA	NA	none	CA	5445	101064	5.38767513655	172	2407	7.14582467802
SRR1947395	heart	15	NA	NA	none	CG	3462	101064	3.42555212539	106	2407	4.40382218529
SRR1947395	heart	15	NA	NA	none	CT	37166	101064	36.774717011	306	2407	12.7129206481
SRR1947395	heart	15	NA	NA	none	GA	10299	101064	10.1905723106	336	2407	13.9592854175
SRR1947395	heart	15	NA	NA	none	GC	4969	101064	4.91668645611	195	2407	8.10137100125
SRR1947395	heart	15	NA	NA	none	GT	2988	101064	2.95654238898	143	2407	5.94100540091
SRR1947395	heart	15	NA	NA	none	TA	4095	101064	4.05188791261	135	2407	5.6086414624
SRR1947395	heart	15	NA	NA	none	TC	5903	101064	5.84085332067	393	2407	16.3273784794
SRR1947395	heart	15	NA	NA	none	TG	4771	101064	4.7207709966	93	2407	3.86373078521
SRR1947395	heart	NA	NA	NA	u	AC	0	0	0.0	0	0	0.0
SRR1947395	heart	NA	NA	NA	u	AG	0	0	0.0	0	0	0.0
SRR1947395	heart	NA	NA	NA	u	AT	0	0	0.0	0	0	0.0
SRR1947395	heart	NA	NA	NA	u	CA	0	0	0.0	0	0	0.0
SRR1947395	heart	NA	NA	NA	u	CG	0	0	0.0	0	0	0.0
SRR1947395	heart	NA	NA	NA	u	CT	0	0	0.0	0	0	0.0
SRR1947395	heart	NA	NA	NA	u	GA	0	0	0.0	0	0	0.0
SRR1947395	heart	NA	NA	NA	u	GC	0	0	0.0	0	0	0.0
SRR1947395	heart	NA	NA	NA	u	GT	0	0	0.0	0	0	0.0
SRR1947395	heart	NA	NA	NA	u	TA	0	0	0.0	0	0	0.0
SRR1947395	heart	NA	NA	NA	u	TC	0	0	0.0	0	0	0.0
SRR1947395	heart	NA	NA	NA	u	TG	0	0	0.0	0	0	0.0
SRR1947395	heart	NA	15	NA	none	AC	6694	95165	7.03409867073	68	885	7.68361581921
SRR1947395	heart	NA	15	NA	none	AG	10344	95165	10.8695423738	97	885	10.9604519774
SRR1947395	heart	NA	15	NA	none	AT	3532	95165	3.71144853675	67	885	7.57062146893
SRR1947395	heart	NA	15	NA	none	CA	5036	95165	5.2918615037	73	885	8.24858757062
SRR1947395	heart	NA	15	NA	none	CG	3070	95165	3.22597593653	53	885	5.98870056497
SRR1947395	heart	NA	15	NA	none	CT	36380	95165	38.2283402511	37	885	4.18079096045
SRR1947395	heart	NA	15	NA	none	GA	9504	95165	9.98686491883	142	885	16.0451977401
SRR1947395	heart	NA	15	NA	none	GC	4554	95165	4.7853727736	86	885	9.71751412429
SRR1947395	heart	NA	15	NA	none	GT	2667	95165	2.80250091946	64	885	7.23163841808
SRR1947395	heart	NA	15	NA	none	TA	3811	95165	4.00462354857	70	885	7.90960451977
SRR1947395	heart	NA	15	NA	none	TC	4987	95165	5.2403719855	75	885	8.47457627119
SRR1947395	heart	NA	15	NA	none	TG	4586	95165	4.81899858141	53	885	5.98870056497
SRR1947395	heart	NA	NA	NA	none	AC	13844	526203	2.63092380697	4437	259795	1.70788506322
SRR1947395	heart	NA	NA	NA	none	AG	53930	526203	10.2488963385	29100	259795	11.2011393599
SRR1947395	heart	NA	NA	NA	none	AT	24109	526203	4.58169185656	14070	259795	5.41580861833
SRR1947395	heart	NA	NA	NA	none	CA	25121	526203	4.774013071	14366	259795	5.52974460632
SRR1947395	heart	NA	NA	NA	none	CG	11294	526203	2.14631995637	6017	259795	2.31605689101
SRR1947395	heart	NA	NA	NA	none	CT	118686	526203	22.5551735737	43785	259795	16.8536730884
SRR1947395	heart	NA	NA	NA	none	GA	62064	526203	11.7946876016	31569	259795	12.1515040705
SRR1947395	heart	NA	NA	NA	none	GC	33328	526203	6.33367730705	19635	259795	7.55788217633
SRR1947395	heart	NA	NA	NA	none	GT	22076	526203	4.19533906116	14197	259795	5.46469331588
SRR1947395	heart	NA	NA	NA	none	TA	18898	526203	3.5913896348	10511	259795	4.0458823303
SRR1947395	heart	NA	NA	NA	none	TC	127219	526203	24.1767910863	63543	259795	24.4589002868
SRR1947395	heart	NA	NA	NA	none	TG	15634	526203	2.97109670602	8565	259795	3.29683019304
SRR1947395	heart	NA	NA	0.1	none	AC	8174	140320	5.82525655644	579	24492	2.36403723665
SRR1947395	heart	NA	NA	0.1	none	AG	15128	140320	10.7810718358	2640	24492	10.7790298873
SRR1947395	heart	NA	NA	0.1	none	AT	6331	140320	4.51183010262	1353	24492	5.52425281725
SRR1947395	heart	NA	NA	0.1	none	CA	8116	140320	5.78392246294	1445	24492	5.89988567696
SRR1947395	heart	NA	NA	0.1	none	CG	5098	140320	3.63312428734	717	24492	2.92748652621
SRR1947395	heart	NA	NA	0.1	none	CT	41015	140320	29.229618016	3272	24492	13.3594643149
SRR1947395	heart	NA	NA	0.1	none	GA	16314	140320	11.6262827822	3187	24492	13.0124122162
SRR1947395	heart	NA	NA	0.1	none	GC	8512	140320	6.0661345496	1849	24492	7.54940388698
SRR1947395	heart	NA	NA	0.1	none	GT	5670	140320	4.04076396807	1355	24492	5.53241874898
SRR1947395	heart	NA	NA	0.1	none	TA	6540	140320	4.66077537058	1234	24492	5.03837987914
SRR1947395	heart	NA	NA	0.1	none	TC	12805	140320	9.12557012543	5954	24492	24.3099787686
SRR1947395	heart	NA	NA	0.1	none	TG	6617	140320	4.71564994299	907	24492	3.70325004083
SRR1947395	heart	NA	NA	NA	e,r,u	AC	0	0	0.0	0	0	0.0
SRR1947395	heart	NA	NA	NA	e,r,u	AG	0	0	0.0	0	0	0.0
SRR1947395	heart	NA	NA	NA	e,r,u	AT	0	0	0.0	0	0	0.0
SRR1947395	heart	NA	NA	NA	e,r,u	CA	0	0	0.0	0	0	0.0
SRR1947395	heart	NA	NA	NA	e,r,u	CG	0	0	0.0	0	0	0.0
SRR1947395	heart	NA	NA	NA	e,r,u	CT	0	0	0.0	0	0	0.0
SRR1947395	heart	NA	NA	NA	e,r,u	GA	0	0	0.0	0	0	0.0
SRR1947395	heart	NA	NA	NA	e,r,u	GC	0	0	0.0	0	0	0.0
SRR1947395	heart	NA	NA	NA	e,r,u	GT	0	0	0.0	0	0	0.0
SRR1947395	heart	NA	NA	NA	e,r,u	TA	0	0	0.0	0	0	0.0
SRR1947395	heart	NA	NA	NA	e,r,u	TC	0	0	0.0	0	0	0.0
SRR1947395	heart	NA	NA	NA	e,r,u	TG	0	0	0.0	0	0	0.0
SRR1947395	heart	10	NA	NA	none	AC	7221	111523	6.47489755476	193	6632	2.91013268999
SRR1947395	heart	10	NA	NA	none	AG	12254	111523	10.9878679734	756	6632	11.3992762364
SRR1947395	heart	10	NA	NA	none	AT	4600	111523	4.12470970114	374	6632	5.63932448733
SRR1947395	heart	10	NA	NA	none	CA	6141	111523	5.50648745102	418	6632	6.30277442702
SRR1947395	heart	10	NA	NA	none	CG	3951	111523	3.54276696287	221	6632	3.33232810615
SRR1947395	heart	10	NA	NA	none	CT	38027	111523	34.0978990881	883	6632	13.3142340169
SRR1947395	heart	10	NA	NA	none	GA	12018	111523	10.7762524322	884	6632	13.3293124246
SRR1947395	heart	10	NA	NA	none	GC	5968	111523	5.35136249922	523	6632	7.88600723764
SRR1947395	heart	10	NA	NA	none	GT	3854	111523	3.45578938874	397	6632	5.9861278649
SRR1947395	heart	10	NA	NA	none	TA	4692	111523	4.20720389516	343	6632	5.17189384801
SRR1947395	heart	10	NA	NA	none	TC	7456	111523	6.68561641993	1398	6632	21.0796139928
SRR1947395	heart	10	NA	NA	none	TG	5341	111523	4.78914663343	242	6632	3.64897466828
SRR1947395	heart	15	15	0.1	none	AC	6694	95165	7.03409867073	68	885	7.68361581921
SRR1947395	heart	15	15	0.1	none	AG	10344	95165	10.8695423738	97	885	10.9604519774
SRR1947395	heart	15	15	0.1	none	AT	3532	95165	3.71144853675	67	885	7.57062146893
SRR1947395	heart	15	15	0.1	none	CA	5036	95165	5.2918615037	73	885	8.24858757062
SRR1947395	heart	15	15	0.1	none	CG	3070	95165	3.22597593653	53	885	5.98870056497
SRR1947395	heart	15	15	0.1	none	CT	36380	95165	38.2283402511	37	885	4.18079096045
SRR1947395	heart	15	15	0.1	none	GA	9504	95165	9.98686491883	142	885	16.0451977401
SRR1947395	heart	15	15	0.1	none	GC	4554	95165	4.7853727736	86	885	9.71751412429
SRR1947395	heart	15	15	0.1	none	GT	2667	95165	2.80250091946	64	885	7.23163841808
SRR1947395	heart	15	15	0.1	none	TA	3811	95165	4.00462354857	70	885	7.90960451977
SRR1947395	heart	15	15	0.1	none	TC	4987	95165	5.2403719855	75	885	8.47457627119
SRR1947395	heart	15	15	0.1	none	TG	4586	95165	4.81899858141	53	885	5.98870056497
SRR1947395	heart	NA	NA	0.0	none	AC	11849	473726	2.50123489106	3020	217421	1.3890102612
SRR1947395	heart	NA	NA	0.0	none	AG	46675	473726	9.85274188033	22843	217421	10.5063448333
SRR1947395	heart	NA	NA	0.0	none	AT	20988	473726	4.43040913946	11663	217421	5.36424724383
SRR1947395	heart	NA	NA	0.0	none	CA	21942	473726	4.63179137307	11847	217421	5.44887568358
SRR1947395	heart	NA	NA	0.0	none	CG	9308	473726	1.96484887889	4552	217421	2.09363400959
SRR1947395	heart	NA	NA	0.0	none	CT	114057	473726	24.076575911	39568	217421	18.1987940447
SRR1947395	heart	NA	NA	0.0	none	GA	54283	473726	11.4587335295	25735	217421	11.8364831364
SRR1947395	heart	NA	NA	0.0	none	GC	29216	473726	6.16727813124	16517	217421	7.59678227954
SRR1947395	heart	NA	NA	0.0	none	GT	18703	473726	3.94806280424	11708	217421	5.38494441659
SRR1947395	heart	NA	NA	0.0	none	TA	15266	473726	3.22253792277	7766	217421	3.57187208227
SRR1947395	heart	NA	NA	0.0	none	TC	118395	473726	24.9922951242	55613	217421	25.5784859788
SRR1947395	heart	NA	NA	0.0	none	TG	13044	473726	2.75349041429	6589	217421	3.03052603014
SRR1947395	heart	15	15	0.1	e,r	AC	2118	79571	2.6617737618	62	851	7.28554641598
SRR1947395	heart	15	15	0.1	e,r	AG	9196	79571	11.5569742745	92	851	10.8108108108
SRR1947395	heart	15	15	0.1	e,r	AT	3325	79571	4.17865805381	65	851	7.63807285546
SRR1947395	heart	15	15	0.1	e,r	CA	3612	79571	4.53934222267	70	851	8.22561692127
SRR1947395	heart	15	15	0.1	e,r	CG	2989	79571	3.75639366101	52	851	6.11045828437
SRR1947395	heart	15	15	0.1	e,r	CT	32766	79571	41.1783187342	33	851	3.87779083431
SRR1947395	heart	15	15	0.1	e,r	GA	9082	79571	11.4137059984	141	851	16.5687426557
SRR1947395	heart	15	15	0.1	e,r	GC	3886	79571	4.88368878109	81	851	9.51821386604
SRR1947395	heart	15	15	0.1	e,r	GT	2667	79571	3.3517236179	64	851	7.5205640423
SRR1947395	heart	15	15	0.1	e,r	TA	2377	79571	2.98726923125	66	851	7.75558166863
SRR1947395	heart	15	15	0.1	e,r	TC	4966	79571	6.24096718654	74	851	8.69565217391
SRR1947395	heart	15	15	0.1	e,r	TG	2587	79571	3.25118447676	51	851	5.99294947121
SRR1947395	heart	NA	10	NA	none	AC	6879	101252	6.79393987279	84	1406	5.97439544808
SRR1947395	heart	NA	10	NA	none	AG	10942	101252	10.8067001146	147	1406	10.4551920341
SRR1947395	heart	NA	10	NA	none	AT	4118	101252	4.06708015644	117	1406	8.32147937411
SRR1947395	heart	NA	10	NA	none	CA	5465	101252	5.39742424841	110	1406	7.82361308677
SRR1947395	heart	NA	10	NA	none	CG	3558	101252	3.51400466164	94	1406	6.68563300142
SRR1947395	heart	NA	10	NA	none	CT	36629	101252	36.1760755343	58	1406	4.12517780939
SRR1947395	heart	NA	10	NA	none	GA	10635	101252	10.5034962272	238	1406	16.9274537696
SRR1947395	heart	NA	10	NA	none	GC	5159	101252	5.09520799589	140	1406	9.9573257468
SRR1947395	heart	NA	10	NA	none	GT	3220	101252	3.18018409513	112	1406	7.96586059744
SRR1947395	heart	NA	10	NA	none	TA	4173	101252	4.12140007111	100	1406	7.11237553343
SRR1947395	heart	NA	10	NA	none	TC	5468	101252	5.40038715285	116	1406	8.25035561878
SRR1947395	heart	NA	10	NA	none	TG	5006	101252	4.94409986963	90	1406	6.40113798009
SRR1947395	heart	NA	NA	NA	e	AC	3589	124460	2.88365739997	570	24377	2.33826968044
SRR1947395	heart	NA	NA	NA	e	AG	13953	124460	11.210830789	2631	24377	10.7929605776
SRR1947395	heart	NA	NA	NA	e	AT	6097	124460	4.89876265467	1345	24377	5.51749600033
SRR1947395	heart	NA	NA	NA	e	CA	6679	124460	5.36638277358	1439	24377	5.90310538622
SRR1947395	heart	NA	NA	NA	e	CG	4998	124460	4.0157480315	711	24377	2.91668375928
SRR1947395	heart	NA	NA	NA	e	CT	37388	124460	30.0401735497	3263	24377	13.3855683636
SRR1947395	heart	NA	NA	NA	e	GA	15869	124460	12.7502812148	3181	24377	13.0491857078
SRR1947395	heart	NA	NA	NA	e	GC	7807	124460	6.2726980556	1833	24377	7.51938302498
SRR1947395	heart	NA	NA	NA	e	GT	5633	124460	4.52595211313	1345	24377	5.51749600033
SRR1947395	heart	NA	NA	NA	e	TA	5082	124460	4.08323959505	1224	24377	5.02112647167
SRR1947395	heart	NA	NA	NA	e	TC	12758	124460	10.2506829503	5939	24377	24.3631291791
SRR1947395	heart	NA	NA	NA	e	TG	4607	124460	3.70159087257	896	24377	3.67559584855
SRR1947395	heart	NA	5	NA	none	AC	7585	114317	6.63505865269	192	3468	5.53633217993
SRR1947395	heart	NA	5	NA	none	AG	12246	114317	10.7123175031	348	3468	10.0346020761
SRR1947395	heart	NA	5	NA	none	AT	4928	114317	4.31081991305	245	3468	7.0645905421
SRR1947395	heart	NA	5	NA	none	CA	6602	114317	5.77516904747	292	3468	8.41983852364
SRR1947395	heart	NA	5	NA	none	CG	4443	114317	3.88656105391	235	3468	6.77623990773
SRR1947395	heart	NA	5	NA	none	CT	37233	114317	32.5699589737	155	3468	4.46943483276
SRR1947395	heart	NA	5	NA	none	GA	13051	114317	11.4164997332	621	3468	17.9065743945
SRR1947395	heart	NA	5	NA	none	GC	6571	114317	5.74805147091	363	3468	10.4671280277
SRR1947395	heart	NA	5	NA	none	GT	4309	114317	3.76934314231	280	3468	8.0738177624
SRR1947395	heart	NA	5	NA	none	TA	5297	114317	4.63360655021	278	3468	8.01614763552
SRR1947395	heart	NA	5	NA	none	TC	6330	114317	5.53723418214	255	3468	7.35294117647
SRR1947395	heart	NA	5	NA	none	TG	5722	114317	5.00537977729	204	3468	5.88235294118
SRR1947395	heart	5	NA	NA	none	AC	8174	140320	5.82525655644	579	24492	2.36403723665
SRR1947395	heart	5	NA	NA	none	AG	15128	140320	10.7810718358	2640	24492	10.7790298873
SRR1947395	heart	5	NA	NA	none	AT	6331	140320	4.51183010262	1353	24492	5.52425281725
SRR1947395	heart	5	NA	NA	none	CA	8116	140320	5.78392246294	1445	24492	5.89988567696
SRR1947395	heart	5	NA	NA	none	CG	5098	140320	3.63312428734	717	24492	2.92748652621
SRR1947395	heart	5	NA	NA	none	CT	41015	140320	29.229618016	3272	24492	13.3594643149
SRR1947395	heart	5	NA	NA	none	GA	16314	140320	11.6262827822	3187	24492	13.0124122162
SRR1947395	heart	5	NA	NA	none	GC	8512	140320	6.0661345496	1849	24492	7.54940388698
SRR1947395	heart	5	NA	NA	none	GT	5670	140320	4.04076396807	1355	24492	5.53241874898
SRR1947395	heart	5	NA	NA	none	TA	6540	140320	4.66077537058	1234	24492	5.03837987914
SRR1947395	heart	5	NA	NA	none	TC	12805	140320	9.12557012543	5954	24492	24.3099787686
SRR1947395	heart	5	NA	NA	none	TG	6617	140320	4.71564994299	907	24492	3.70325004083
SRR1947475	skin	NA	NA	0.1	none	AC	6290	111917	5.62023642521	1727	29580	5.83840432725
SRR1947475	skin	NA	NA	0.1	none	AG	10905	111917	9.7438280154	3800	29580	12.8465179175
SRR1947475	skin	NA	NA	0.1	none	AT	8905	111917	7.95678940644	1876	29580	6.34212305612
SRR1947475	skin	NA	NA	0.1	none	CA	9537	111917	8.52149360687	1834	29580	6.2001352265
SRR1947475	skin	NA	NA	0.1	none	CG	8398	111917	7.50377511906	1929	29580	6.52129817444
SRR1947475	skin	NA	NA	0.1	none	CT	12859	111917	11.4897647364	3518	29580	11.8931710615
SRR1947475	skin	NA	NA	0.1	none	GA	13388	111917	11.9624364484	3504	29580	11.845841785
SRR1947475	skin	NA	NA	0.1	none	GC	7640	111917	6.82648748626	1929	29580	6.52129817444
SRR1947475	skin	NA	NA	0.1	none	GT	7435	111917	6.64331602884	1849	29580	6.25084516565
SRR1947475	skin	NA	NA	0.1	none	TA	7355	111917	6.57183448448	1895	29580	6.40635564571
SRR1947475	skin	NA	NA	0.1	none	TC	12991	111917	11.6077092846	3920	29580	13.2521974307
SRR1947475	skin	NA	NA	0.1	none	TG	6214	111917	5.55232895807	1799	29580	6.08181203516
SRR1947475	skin	NA	NA	0.0	none	AC	25767	463356	5.56095097506	19408	332942	5.82924353191
SRR1947475	skin	NA	NA	0.0	none	AG	61716	463356	13.319348406	46624	332942	14.0036402737
SRR1947475	skin	NA	NA	0.0	none	AT	29363	463356	6.33702811661	19806	332942	5.94878387227
SRR1947475	skin	NA	NA	0.0	none	CA	29017	463356	6.26235551067	18457	332942	5.54360819602
SRR1947475	skin	NA	NA	0.0	none	CG	29318	463356	6.3273163615	20966	332942	6.29719290447
SRR1947475	skin	NA	NA	0.0	none	CT	58148	463356	12.5493141343	41774	332942	12.5469300959
SRR1947475	skin	NA	NA	0.0	none	GA	57751	463356	12.4636348725	40291	332942	12.1015071694
SRR1947475	skin	NA	NA	0.0	none	GC	28911	463356	6.23947893197	21013	332942	6.31130947733
SRR1947475	skin	NA	NA	0.0	none	GT	27060	463356	5.84000207184	19526	332942	5.86468514035
SRR1947475	skin	NA	NA	0.0	none	TA	26620	463356	5.74504268856	18238	332942	5.47783097356
SRR1947475	skin	NA	NA	0.0	none	TC	63081	463356	13.6139383109	46301	332942	13.9066263794
SRR1947475	skin	NA	NA	0.0	none	TG	26604	463356	5.74158962008	20538	332942	6.16864198569
SRR1947475	skin	NA	NA	NA	r	AC	6290	111917	5.62023642521	1727	29580	5.83840432725
SRR1947475	skin	NA	NA	NA	r	AG	10905	111917	9.7438280154	3800	29580	12.8465179175
SRR1947475	skin	NA	NA	NA	r	AT	8905	111917	7.95678940644	1876	29580	6.34212305612
SRR1947475	skin	NA	NA	NA	r	CA	9537	111917	8.52149360687	1834	29580	6.2001352265
SRR1947475	skin	NA	NA	NA	r	CG	8398	111917	7.50377511906	1929	29580	6.52129817444
SRR1947475	skin	NA	NA	NA	r	CT	12859	111917	11.4897647364	3518	29580	11.8931710615
SRR1947475	skin	NA	NA	NA	r	GA	13388	111917	11.9624364484	3504	29580	11.845841785
SRR1947475	skin	NA	NA	NA	r	GC	7640	111917	6.82648748626	1929	29580	6.52129817444
SRR1947475	skin	NA	NA	NA	r	GT	7435	111917	6.64331602884	1849	29580	6.25084516565
SRR1947475	skin	NA	NA	NA	r	TA	7355	111917	6.57183448448	1895	29580	6.40635564571
SRR1947475	skin	NA	NA	NA	r	TC	12991	111917	11.6077092846	3920	29580	13.2521974307
SRR1947475	skin	NA	NA	NA	r	TG	6214	111917	5.55232895807	1799	29580	6.08181203516
SRR1947475	skin	15	NA	NA	none	AC	3207	59880	5.35571142285	126	2606	4.8349961627
SRR1947475	skin	15	NA	NA	none	AG	5616	59880	9.37875751503	291	2606	11.1665387567
SRR1947475	skin	15	NA	NA	none	AT	4921	59880	8.21810287241	185	2606	7.09900230238
SRR1947475	skin	15	NA	NA	none	CA	5837	59880	9.74782899132	180	2606	6.90713737529
SRR1947475	skin	15	NA	NA	none	CG	4658	59880	7.77889111556	200	2606	7.67459708365
SRR1947475	skin	15	NA	NA	none	CT	6696	59880	11.1823647295	301	2606	11.5502686109
SRR1947475	skin	15	NA	NA	none	GA	7385	59880	12.332999332	360	2606	13.8142747506
SRR1947475	skin	15	NA	NA	none	GC	3898	59880	6.50968603874	178	2606	6.83039140445
SRR1947475	skin	15	NA	NA	none	GT	3708	59880	6.19238476954	185	2606	7.09900230238
SRR1947475	skin	15	NA	NA	none	TA	3622	59880	6.04876419506	175	2606	6.7152724482
SRR1947475	skin	15	NA	NA	none	TC	7286	59880	12.1676686707	285	2606	10.9363008442
SRR1947475	skin	15	NA	NA	none	TG	3046	59880	5.08684034736	140	2606	5.37221795856
SRR1947475	skin	10	NA	NA	none	AC	4047	73919	5.4749117277	391	7043	5.55161152918
SRR1947475	skin	10	NA	NA	none	AG	6808	73919	9.21008130521	846	7043	12.0119267358
SRR1947475	skin	10	NA	NA	none	AT	6144	73919	8.31180075488	456	7043	6.47451370155
SRR1947475	skin	10	NA	NA	none	CA	6917	73919	9.35754001001	467	7043	6.6306971461
SRR1947475	skin	10	NA	NA	none	CG	5743	73919	7.76931506108	490	7043	6.95726253017
SRR1947475	skin	10	NA	NA	none	CT	8317	73919	11.2515050258	845	7043	11.9977282408
SRR1947475	skin	10	NA	NA	none	GA	8917	73919	12.0632043182	862	7043	12.2391026551
SRR1947475	skin	10	NA	NA	none	GC	4811	73919	6.50847549345	464	7043	6.58810166122
SRR1947475	skin	10	NA	NA	none	GT	4869	73919	6.58693975838	459	7043	6.51710918643
SRR1947475	skin	10	NA	NA	none	TA	4646	73919	6.28525818802	460	7043	6.53130768139
SRR1947475	skin	10	NA	NA	none	TC	8816	73919	11.9265682707	903	7043	12.8212409485
SRR1947475	skin	10	NA	NA	none	TG	3884	73919	5.25440008658	400	7043	5.67939798381
SRR1947475	skin	NA	NA	NA	none	AC	29909	529075	5.65307376081	22699	386127	5.87863578564
SRR1947475	skin	NA	NA	NA	none	AG	69455	529075	13.1276284081	53382	386127	13.8249850438
SRR1947475	skin	NA	NA	NA	none	AT	34197	529075	6.46354486604	23574	386127	6.10524516545
SRR1947475	skin	NA	NA	NA	none	CA	33259	529075	6.28625431177	21678	386127	5.61421501216
SRR1947475	skin	NA	NA	NA	none	CG	33344	529075	6.30232008694	24208	386127	6.26943984751
SRR1947475	skin	NA	NA	NA	none	CT	65304	529075	12.3430515522	47549	386127	12.3143421724
SRR1947475	skin	NA	NA	NA	none	GA	65213	529075	12.3258517223	46304	386127	11.9919093977
SRR1947475	skin	NA	NA	NA	none	GC	33541	529075	6.33955488352	24639	386127	6.38106115345
SRR1947475	skin	NA	NA	NA	none	GT	31502	529075	5.95416528848	22943	386127	5.94182742984
SRR1947475	skin	NA	NA	NA	none	TA	31553	529075	5.96380475358	22049	386127	5.7102973892
SRR1947475	skin	NA	NA	NA	none	TC	70991	529075	13.4179464159	53160	386127	13.7674910068
SRR1947475	skin	NA	NA	NA	none	TG	30807	529075	5.82280395029	23942	386127	6.20055059605
SRR1947475	skin	NA	NA	NA	e	AC	6237	109453	5.69833627219	1718	29418	5.83996192807
SRR1947475	skin	NA	NA	NA	e	AG	10721	109453	9.79507185733	3789	29418	12.8798694677
SRR1947475	skin	NA	NA	NA	e	AT	8406	109453	7.68000877089	1864	29418	6.33625671358
SRR1947475	skin	NA	NA	NA	e	CA	9079	109453	8.29488456232	1825	29418	6.20368481882
SRR1947475	skin	NA	NA	NA	e	CG	8158	109453	7.45342749856	1909	29418	6.48922428445
SRR1947475	skin	NA	NA	NA	e	CT	12736	109453	11.636044695	3499	29418	11.8940784554
SRR1947475	skin	NA	NA	NA	e	GA	13200	109453	12.0599709464	3493	29418	11.8736827793
SRR1947475	skin	NA	NA	NA	e	GC	7557	109453	6.90433336683	1916	29418	6.51301923992
SRR1947475	skin	NA	NA	NA	e	GT	7324	109453	6.69145660695	1835	29418	6.23767761235
SRR1947475	skin	NA	NA	NA	e	TA	7134	109453	6.51786611605	1884	29418	6.40424230063
SRR1947475	skin	NA	NA	NA	e	TC	12803	109453	11.6972581839	3906	29418	13.2775851519
SRR1947475	skin	NA	NA	NA	e	TG	6098	109453	5.57134112359	1780	29418	6.05071724794
SRR1947475	skin	NA	NA	NA	e,r,u	AC	0	0	0.0	0	0	0.0
SRR1947475	skin	NA	NA	NA	e,r,u	AG	0	0	0.0	0	0	0.0
SRR1947475	skin	NA	NA	NA	e,r,u	AT	0	0	0.0	0	0	0.0
SRR1947475	skin	NA	NA	NA	e,r,u	CA	0	0	0.0	0	0	0.0
SRR1947475	skin	NA	NA	NA	e,r,u	CG	0	0	0.0	0	0	0.0
SRR1947475	skin	NA	NA	NA	e,r,u	CT	0	0	0.0	0	0	0.0
SRR1947475	skin	NA	NA	NA	e,r,u	GA	0	0	0.0	0	0	0.0
SRR1947475	skin	NA	NA	NA	e,r,u	GC	0	0	0.0	0	0	0.0
SRR1947475	skin	NA	NA	NA	e,r,u	GT	0	0	0.0	0	0	0.0
SRR1947475	skin	NA	NA	NA	e,r,u	TA	0	0	0.0	0	0	0.0
SRR1947475	skin	NA	NA	NA	e,r,u	TC	0	0	0.0	0	0	0.0
SRR1947475	skin	NA	NA	NA	e,r,u	TG	0	0	0.0	0	0	0.0
SRR1947475	skin	15	15	0.1	none	AC	2920	53166	5.49223187752	75	1234	6.07779578606
SRR1947475	skin	15	15	0.1	none	AG	4864	53166	9.14870405899	121	1234	9.80551053485
SRR1947475	skin	15	15	0.1	none	AT	4454	53166	8.37753451454	101	1234	8.1847649919
SRR1947475	skin	15	15	0.1	none	CA	5427	53166	10.2076515066	102	1234	8.26580226904
SRR1947475	skin	15	15	0.1	none	CG	4179	53166	7.86028664936	106	1234	8.58995137763
SRR1947475	skin	15	15	0.1	none	CT	5957	53166	11.2045292104	127	1234	10.2917341977
SRR1947475	skin	15	15	0.1	none	GA	6400	53166	12.0377684987	145	1234	11.7504051864
SRR1947475	skin	15	15	0.1	none	GC	3408	53166	6.41011172554	90	1234	7.29335494327
SRR1947475	skin	15	15	0.1	none	GT	3210	53166	6.03769326261	82	1234	6.64505672609
SRR1947475	skin	15	15	0.1	none	TA	3222	53166	6.06026407855	91	1234	7.37439222042
SRR1947475	skin	15	15	0.1	none	TC	6417	53166	12.0697438212	114	1234	9.23824959481
SRR1947475	skin	15	15	0.1	none	TG	2708	53166	5.093480796	80	1234	6.4829821718
SRR1947475	skin	NA	10	NA	none	AC	3393	62891	5.39504857611	116	2065	5.61743341404
SRR1947475	skin	NA	10	NA	none	AG	5520	62891	8.7770905217	176	2065	8.52300242131
SRR1947475	skin	NA	10	NA	none	AT	5429	62891	8.6323957323	183	2065	8.86198547215
SRR1947475	skin	NA	10	NA	none	CA	6186	62891	9.83606557377	166	2065	8.0387409201
SRR1947475	skin	NA	10	NA	none	CG	4919	62891	7.82146889062	170	2065	8.23244552058
SRR1947475	skin	NA	10	NA	none	CT	6983	62891	11.1033375205	216	2065	10.4600484262
SRR1947475	skin	NA	10	NA	none	GA	7574	62891	12.0430586252	246	2065	11.9128329298
SRR1947475	skin	NA	10	NA	none	GC	4028	62891	6.40473199663	142	2065	6.87651331719
SRR1947475	skin	NA	10	NA	none	GT	4175	62891	6.63846973335	166	2065	8.0387409201
SRR1947475	skin	NA	10	NA	none	TA	3912	62891	6.22028589146	150	2065	7.26392251816
SRR1947475	skin	NA	10	NA	none	TC	7465	62891	11.8697428885	204	2065	9.8789346247
SRR1947475	skin	NA	10	NA	none	TG	3307	62891	5.25830404986	130	2065	6.29539951574
SRR1947475	skin	NA	15	NA	none	AC	2920	53166	5.49223187752	75	1234	6.07779578606
SRR1947475	skin	NA	15	NA	none	AG	4864	53166	9.14870405899	121	1234	9.80551053485
SRR1947475	skin	NA	15	NA	none	AT	4454	53166	8.37753451454	101	1234	8.1847649919
SRR1947475	skin	NA	15	NA	none	CA	5427	53166	10.2076515066	102	1234	8.26580226904
SRR1947475	skin	NA	15	NA	none	CG	4179	53166	7.86028664936	106	1234	8.58995137763
SRR1947475	skin	NA	15	NA	none	CT	5957	53166	11.2045292104	127	1234	10.2917341977
SRR1947475	skin	NA	15	NA	none	GA	6400	53166	12.0377684987	145	1234	11.7504051864
SRR1947475	skin	NA	15	NA	none	GC	3408	53166	6.41011172554	90	1234	7.29335494327
SRR1947475	skin	NA	15	NA	none	GT	3210	53166	6.03769326261	82	1234	6.64505672609
SRR1947475	skin	NA	15	NA	none	TA	3222	53166	6.06026407855	91	1234	7.37439222042
SRR1947475	skin	NA	15	NA	none	TC	6417	53166	12.0697438212	114	1234	9.23824959481
SRR1947475	skin	NA	15	NA	none	TG	2708	53166	5.093480796	80	1234	6.4829821718
SRR1947475	skin	NA	5	NA	none	AC	4579	81998	5.58428254348	297	5046	5.88585017836
SRR1947475	skin	NA	5	NA	none	AG	6891	81998	8.40386350887	390	5046	7.7288941736
SRR1947475	skin	NA	5	NA	none	AT	7097	81998	8.65508914852	442	5046	8.75941339675
SRR1947475	skin	NA	5	NA	none	CA	7738	81998	9.43681553209	412	5046	8.1648830757
SRR1947475	skin	NA	5	NA	none	CG	6539	81998	7.97458474597	417	5046	8.26397146254
SRR1947475	skin	NA	5	NA	none	CT	9227	81998	11.2527134808	566	5046	11.2168053904
SRR1947475	skin	NA	5	NA	none	GA	9790	81998	11.9393155931	591	5046	11.7122473246
SRR1947475	skin	NA	5	NA	none	GC	5753	81998	7.01602478109	412	5046	8.1648830757
SRR1947475	skin	NA	5	NA	none	GT	5591	81998	6.8184589868	390	5046	7.7288941736
SRR1947475	skin	NA	5	NA	none	TA	5457	81998	6.65504036684	389	5046	7.70907649623
SRR1947475	skin	NA	5	NA	none	TC	8889	81998	10.8405083051	429	5046	8.50178359096
SRR1947475	skin	NA	5	NA	none	TG	4447	81998	5.42330300739	311	5046	6.16329766151
SRR1947475	skin	5	NA	NA	none	AC	6290	111917	5.62023642521	1727	29580	5.83840432725
SRR1947475	skin	5	NA	NA	none	AG	10905	111917	9.7438280154	3800	29580	12.8465179175
SRR1947475	skin	5	NA	NA	none	AT	8905	111917	7.95678940644	1876	29580	6.34212305612
SRR1947475	skin	5	NA	NA	none	CA	9537	111917	8.52149360687	1834	29580	6.2001352265
SRR1947475	skin	5	NA	NA	none	CG	8398	111917	7.50377511906	1929	29580	6.52129817444
SRR1947475	skin	5	NA	NA	none	CT	12859	111917	11.4897647364	3518	29580	11.8931710615
SRR1947475	skin	5	NA	NA	none	GA	13388	111917	11.9624364484	3504	29580	11.845841785
SRR1947475	skin	5	NA	NA	none	GC	7640	111917	6.82648748626	1929	29580	6.52129817444
SRR1947475	skin	5	NA	NA	none	GT	7435	111917	6.64331602884	1849	29580	6.25084516565
SRR1947475	skin	5	NA	NA	none	TA	7355	111917	6.57183448448	1895	29580	6.40635564571
SRR1947475	skin	5	NA	NA	none	TC	12991	111917	11.6077092846	3920	29580	13.2521974307
SRR1947475	skin	5	NA	NA	none	TG	6214	111917	5.55232895807	1799	29580	6.08181203516
SRR1947475	skin	NA	NA	NA	u	AC	0	0	0.0	0	0	0.0
SRR1947475	skin	NA	NA	NA	u	AG	0	0	0.0	0	0	0.0
SRR1947475	skin	NA	NA	NA	u	AT	0	0	0.0	0	0	0.0
SRR1947475	skin	NA	NA	NA	u	CA	0	0	0.0	0	0	0.0
SRR1947475	skin	NA	NA	NA	u	CG	0	0	0.0	0	0	0.0
SRR1947475	skin	NA	NA	NA	u	CT	0	0	0.0	0	0	0.0
SRR1947475	skin	NA	NA	NA	u	GA	0	0	0.0	0	0	0.0
SRR1947475	skin	NA	NA	NA	u	GC	0	0	0.0	0	0	0.0
SRR1947475	skin	NA	NA	NA	u	GT	0	0	0.0	0	0	0.0
SRR1947475	skin	NA	NA	NA	u	TA	0	0	0.0	0	0	0.0
SRR1947475	skin	NA	NA	NA	u	TC	0	0	0.0	0	0	0.0
SRR1947475	skin	NA	NA	NA	u	TG	0	0	0.0	0	0	0.0
SRR1947475	skin	15	15	0.1	e,r	AC	2896	51177	5.65879203548	74	1199	6.17180984153
SRR1947475	skin	15	15	0.1	e,r	AG	4727	51177	9.23657111593	119	1199	9.92493744787
SRR1947475	skin	15	15	0.1	e,r	AT	3978	51177	7.77302303769	95	1199	7.92326939116
SRR1947475	skin	15	15	0.1	e,r	CA	5011	51177	9.79150790394	98	1199	8.17347789825
SRR1947475	skin	15	15	0.1	e,r	CG	3981	51177	7.77888504602	99	1199	8.25688073394
SRR1947475	skin	15	15	0.1	e,r	CT	5900	51177	11.5286163706	126	1199	10.5087572977
SRR1947475	skin	15	15	0.1	e,r	GA	6249	51177	12.210563339	142	1199	11.8432026689
SRR1947475	skin	15	15	0.1	e,r	GC	3372	51177	6.58889735623	89	1199	7.42285237698
SRR1947475	skin	15	15	0.1	e,r	GT	3128	51177	6.11212067921	80	1199	6.67222685571
SRR1947475	skin	15	15	0.1	e,r	TA	3035	51177	5.93039842117	87	1199	7.25604670559
SRR1947475	skin	15	15	0.1	e,r	TC	6268	51177	12.2476893917	112	1199	9.341117598
SRR1947475	skin	15	15	0.1	e,r	TG	2632	51177	5.14293530297	78	1199	6.50542118432
SRR1947479	skin	NA	NA	NA	none	AC	31864	577019	5.52217517967	23630	421380	5.60776496274
SRR1947479	skin	NA	NA	NA	none	AG	86936	577019	15.0664016263	65655	421380	15.5809483127
SRR1947479	skin	NA	NA	NA	none	AT	34921	577019	6.05196709294	24846	421380	5.89634059519
SRR1947479	skin	NA	NA	NA	none	CA	31883	577019	5.52546796553	21560	421380	5.11652190422
SRR1947479	skin	NA	NA	NA	none	CG	37244	577019	6.45455348957	26284	421380	6.23760026579
SRR1947479	skin	NA	NA	NA	none	CT	65710	577019	11.3878399152	48367	421380	11.4782381698
SRR1947479	skin	NA	NA	NA	none	GA	67053	577019	11.6205878836	47630	421380	11.3033366558
SRR1947479	skin	NA	NA	NA	none	GC	37237	577019	6.45334035794	26457	421380	6.27865584508
SRR1947479	skin	NA	NA	NA	none	GT	31399	577019	5.44158857854	22668	421380	5.37946746405
SRR1947479	skin	NA	NA	NA	none	TA	32595	577019	5.64886078275	23557	421380	5.59044093218
SRR1947479	skin	NA	NA	NA	none	TC	87195	577019	15.1112874966	65283	421380	15.4926669514
SRR1947479	skin	NA	NA	NA	none	TG	32982	577019	5.71592963143	25443	421380	6.03801794105
SRR1947479	skin	10	NA	NA	none	AC	4354	81304	5.35521007577	362	7517	4.81575096448
SRR1947479	skin	10	NA	NA	none	AG	9739	81304	11.9785004428	970	7517	12.9040840761
SRR1947479	skin	10	NA	NA	none	AT	5703	81304	7.01441503493	494	7517	6.57177065319
SRR1947479	skin	10	NA	NA	none	CA	6330	81304	7.78559480468	465	7517	6.18597844885
SRR1947479	skin	10	NA	NA	none	CG	6498	81304	7.99222670471	560	7517	7.44978049754
SRR1947479	skin	10	NA	NA	none	CT	8553	81304	10.5197776247	883	7517	11.7467074631
SRR1947479	skin	10	NA	NA	none	GA	10204	81304	12.5504280232	897	7517	11.9329519755
SRR1947479	skin	10	NA	NA	none	GC	6039	81304	7.42767883499	517	7517	6.87774378076
SRR1947479	skin	10	NA	NA	none	GT	4631	81304	5.69590672046	440	7517	5.85339896235
SRR1947479	skin	10	NA	NA	none	TA	4612	81304	5.67253763652	455	7517	6.05294665425
SRR1947479	skin	10	NA	NA	none	TC	10152	81304	12.4864705304	1043	7517	13.8752161767
SRR1947479	skin	10	NA	NA	none	TG	4489	81304	5.52125356686	431	7517	5.73367034721
SRR1947479	skin	NA	NA	NA	r	AC	7091	124207	5.70901801026	1875	33394	5.6147810984
SRR1947479	skin	NA	NA	NA	r	AG	14987	124207	12.0661476406	4920	33394	14.7331856022
SRR1947479	skin	NA	NA	NA	r	AT	8750	124207	7.04469152302	2084	33394	6.2406420315
SRR1947479	skin	NA	NA	NA	r	CA	9096	124207	7.32325875353	1920	33394	5.74953584476
SRR1947479	skin	NA	NA	NA	r	CG	9402	124207	7.56962167994	2118	33394	6.34245672875
SRR1947479	skin	NA	NA	NA	r	CT	13183	124207	10.6137335255	3778	33394	11.3134095945
SRR1947479	skin	NA	NA	NA	r	GA	14987	124207	12.0661476406	3700	33394	11.0798347008
SRR1947479	skin	NA	NA	NA	r	GC	9152	124207	7.36834477928	2236	33394	6.69581361921
SRR1947479	skin	NA	NA	NA	r	GT	7381	124207	5.94249921502	1781	33394	5.333293406
SRR1947479	skin	NA	NA	NA	r	TA	7565	124207	6.0906390139	2017	33394	6.04000718692
SRR1947479	skin	NA	NA	NA	r	TC	15445	124207	12.4348869226	4950	33394	14.8230220998
SRR1947479	skin	NA	NA	NA	r	TG	7168	124207	5.77101129566	2015	33394	6.03401808708
SRR1947479	skin	NA	5	NA	none	AC	5239	90116	5.81361800346	353	5314	6.64283025969
SRR1947479	skin	NA	5	NA	none	AG	9801	90116	10.8759820676	410	5314	7.71546857358
SRR1947479	skin	NA	5	NA	none	AT	6664	90116	7.39491322296	448	5314	8.43056078284
SRR1947479	skin	NA	5	NA	none	CA	7205	90116	7.99525056594	417	5314	7.84719608581
SRR1947479	skin	NA	5	NA	none	CG	7305	90116	8.10621865152	437	5314	8.22356040647
SRR1947479	skin	NA	5	NA	none	CT	9222	90116	10.2334768521	535	5314	10.0677455777
SRR1947479	skin	NA	5	NA	none	GA	11207	90116	12.4361933508	633	5314	11.911930749
SRR1947479	skin	NA	5	NA	none	GC	6936	90116	7.69674641573	449	5314	8.44937899887
SRR1947479	skin	NA	5	NA	none	GT	5613	90116	6.22863864353	412	5314	7.75310500565
SRR1947479	skin	NA	5	NA	none	TA	5524	90116	6.12987704736	409	5314	7.69665035755
SRR1947479	skin	NA	5	NA	none	TC	10244	90116	11.3675706867	459	5314	8.6375611592
SRR1947479	skin	NA	5	NA	none	TG	5156	90116	5.72151449243	352	5314	6.62401204366
SRR1947479	skin	NA	NA	0.1	none	AC	7091	124207	5.70901801026	1875	33394	5.6147810984
SRR1947479	skin	NA	NA	0.1	none	AG	14987	124207	12.0661476406	4920	33394	14.7331856022
SRR1947479	skin	NA	NA	0.1	none	AT	8750	124207	7.04469152302	2084	33394	6.2406420315
SRR1947479	skin	NA	NA	0.1	none	CA	9096	124207	7.32325875353	1920	33394	5.74953584476
SRR1947479	skin	NA	NA	0.1	none	CG	9402	124207	7.56962167994	2118	33394	6.34245672875
SRR1947479	skin	NA	NA	0.1	none	CT	13183	124207	10.6137335255	3778	33394	11.3134095945
SRR1947479	skin	NA	NA	0.1	none	GA	14987	124207	12.0661476406	3700	33394	11.0798347008
SRR1947479	skin	NA	NA	0.1	none	GC	9152	124207	7.36834477928	2236	33394	6.69581361921
SRR1947479	skin	NA	NA	0.1	none	GT	7381	124207	5.94249921502	1781	33394	5.333293406
SRR1947479	skin	NA	NA	0.1	none	TA	7565	124207	6.0906390139	2017	33394	6.04000718692
SRR1947479	skin	NA	NA	0.1	none	TC	15445	124207	12.4348869226	4950	33394	14.8230220998
SRR1947479	skin	NA	NA	0.1	none	TG	7168	124207	5.77101129566	2015	33394	6.03401808708
SRR1947479	skin	NA	NA	0.0	none	AC	27487	504111	5.45256897786	20196	362111	5.57729535971
SRR1947479	skin	NA	NA	0.0	none	AG	77300	504111	15.333924473	57213	362111	15.7998514268
SRR1947479	skin	NA	NA	0.0	none	AT	29623	504111	5.87628518322	20731	362111	5.72504011201
SRR1947479	skin	NA	NA	0.0	none	CA	27534	504111	5.46189232133	18194	362111	5.02442621185
SRR1947479	skin	NA	NA	0.0	none	CG	32570	504111	6.46087865569	22639	362111	6.25195036881
SRR1947479	skin	NA	NA	0.0	none	CT	58279	504111	11.5607475338	42349	362111	11.6950327386
SRR1947479	skin	NA	NA	0.0	none	GA	59169	504111	11.7372959527	41255	362111	11.392915432
SRR1947479	skin	NA	NA	0.0	none	GC	32308	504111	6.40890597507	22580	362111	6.23565702229
SRR1947479	skin	NA	NA	0.0	none	GT	26728	504111	5.30200689927	19059	362111	5.26330324127
SRR1947479	skin	NA	NA	0.0	none	TA	27312	504111	5.41785440111	19500	362111	5.38508910251
SRR1947479	skin	NA	NA	0.0	none	TC	77545	504111	15.3825248804	56783	362111	15.6811033081
SRR1947479	skin	NA	NA	0.0	none	TG	28256	504111	5.60511474655	21612	362111	5.96833567608
SRR1947479	skin	5	NA	NA	none	AC	7091	124207	5.70901801026	1875	33394	5.6147810984
SRR1947479	skin	5	NA	NA	none	AG	14987	124207	12.0661476406	4920	33394	14.7331856022
SRR1947479	skin	5	NA	NA	none	AT	8750	124207	7.04469152302	2084	33394	6.2406420315
SRR1947479	skin	5	NA	NA	none	CA	9096	124207	7.32325875353	1920	33394	5.74953584476
SRR1947479	skin	5	NA	NA	none	CG	9402	124207	7.56962167994	2118	33394	6.34245672875
SRR1947479	skin	5	NA	NA	none	CT	13183	124207	10.6137335255	3778	33394	11.3134095945
SRR1947479	skin	5	NA	NA	none	GA	14987	124207	12.0661476406	3700	33394	11.0798347008
SRR1947479	skin	5	NA	NA	none	GC	9152	124207	7.36834477928	2236	33394	6.69581361921
SRR1947479	skin	5	NA	NA	none	GT	7381	124207	5.94249921502	1781	33394	5.333293406
SRR1947479	skin	5	NA	NA	none	TA	7565	124207	6.0906390139	2017	33394	6.04000718692
SRR1947479	skin	5	NA	NA	none	TC	15445	124207	12.4348869226	4950	33394	14.8230220998
SRR1947479	skin	5	NA	NA	none	TG	7168	124207	5.77101129566	2015	33394	6.03401808708
SRR1947479	skin	NA	NA	NA	u	AC	0	0	0.0	0	0	0.0
SRR1947479	skin	NA	NA	NA	u	AG	0	0	0.0	0	0	0.0
SRR1947479	skin	NA	NA	NA	u	AT	0	0	0.0	0	0	0.0
SRR1947479	skin	NA	NA	NA	u	CA	0	0	0.0	0	0	0.0
SRR1947479	skin	NA	NA	NA	u	CG	0	0	0.0	0	0	0.0
SRR1947479	skin	NA	NA	NA	u	CT	0	0	0.0	0	0	0.0
SRR1947479	skin	NA	NA	NA	u	GA	0	0	0.0	0	0	0.0
SRR1947479	skin	NA	NA	NA	u	GC	0	0	0.0	0	0	0.0
SRR1947479	skin	NA	NA	NA	u	GT	0	0	0.0	0	0	0.0
SRR1947479	skin	NA	NA	NA	u	TA	0	0	0.0	0	0	0.0
SRR1947479	skin	NA	NA	NA	u	TC	0	0	0.0	0	0	0.0
SRR1947479	skin	NA	NA	NA	u	TG	0	0	0.0	0	0	0.0
SRR1947479	skin	NA	NA	NA	e	AC	7033	119719	5.87458966413	1870	33223	5.62863076784
SRR1947479	skin	NA	NA	NA	e	AG	14829	119719	12.386505066	4906	33223	14.7668783674
SRR1947479	skin	NA	NA	NA	e	AT	8645	119719	7.22107601968	2065	33223	6.21557354845
SRR1947479	skin	NA	NA	NA	e	CA	8351	119719	6.97550096476	1909	33223	5.74601932396
SRR1947479	skin	NA	NA	NA	e	CG	8811	119719	7.35973404389	2105	33223	6.33597206754
SRR1947479	skin	NA	NA	NA	e	CT	12817	119719	10.7059029895	3755	33223	11.3024109803
SRR1947479	skin	NA	NA	NA	e	GA	14631	119719	12.2211177841	3692	33223	11.1127833128
SRR1947479	skin	NA	NA	NA	e	GC	9108	119719	7.60781496671	2225	33223	6.69716762484
SRR1947479	skin	NA	NA	NA	e	GT	7294	119719	6.09260017207	1763	33223	5.30656472925
SRR1947479	skin	NA	NA	NA	e	TA	7072	119719	5.90716594693	2003	33223	6.02895584384
SRR1947479	skin	NA	NA	NA	e	TC	14687	119719	12.2678939851	4934	33223	14.8511573308
SRR1947479	skin	NA	NA	NA	e	TG	6441	119719	5.38009839708	1996	33223	6.007886103
SRR1947479	skin	15	15	0.1	none	AC	3252	59581	5.4581158423	74	1220	6.06557377049
SRR1947479	skin	15	15	0.1	none	AG	7726	59581	12.967221094	124	1220	10.1639344262
SRR1947479	skin	15	15	0.1	none	AT	4000	59581	6.71354962152	97	1220	7.95081967213
SRR1947479	skin	15	15	0.1	none	CA	4813	59581	8.0780785821	95	1220	7.7868852459
SRR1947479	skin	15	15	0.1	none	CG	4746	59581	7.96562662594	105	1220	8.60655737705
SRR1947479	skin	15	15	0.1	none	CT	6131	59581	10.2901931824	118	1220	9.67213114754
SRR1947479	skin	15	15	0.1	none	GA	7418	59581	12.4502777731	138	1220	11.3114754098
SRR1947479	skin	15	15	0.1	none	GC	4439	59581	7.45036169249	109	1220	8.93442622951
SRR1947479	skin	15	15	0.1	none	GT	3085	59581	5.1778251456	75	1220	6.14754098361
SRR1947479	skin	15	15	0.1	none	TA	3191	59581	5.35573421057	82	1220	6.72131147541
SRR1947479	skin	15	15	0.1	none	TC	7675	59581	12.8816233363	123	1220	10.0819672131
SRR1947479	skin	15	15	0.1	none	TG	3105	59581	5.21139289371	80	1220	6.55737704918
SRR1947479	skin	15	NA	NA	none	AC	3618	66941	5.40475941501	139	2732	5.0878477306
SRR1947479	skin	15	NA	NA	none	AG	8470	66941	12.65293318	301	2732	11.0175695461
SRR1947479	skin	15	NA	NA	none	AT	4643	66941	6.93595853065	205	2732	7.50366032211
SRR1947479	skin	15	NA	NA	none	CA	5276	66941	7.88156735035	181	2732	6.62518301611
SRR1947479	skin	15	NA	NA	none	CG	5332	66941	7.96522310692	210	2732	7.68667642753
SRR1947479	skin	15	NA	NA	none	CT	6887	66941	10.2881642043	314	2732	11.4934114202
SRR1947479	skin	15	NA	NA	none	GA	8430	66941	12.5931790681	347	2732	12.701317716
SRR1947479	skin	15	NA	NA	none	GC	4995	66941	7.46179471475	219	2732	8.01610541728
SRR1947479	skin	15	NA	NA	none	GT	3609	66941	5.39131473985	162	2732	5.92972181552
SRR1947479	skin	15	NA	NA	none	TA	3621	66941	5.40924097339	164	2732	6.00292825769
SRR1947479	skin	15	NA	NA	none	TC	8606	66941	12.8560971602	346	2732	12.6647144949
SRR1947479	skin	15	NA	NA	none	TG	3454	66941	5.1597675565	144	2732	5.27086383602
SRR1947479	skin	NA	10	NA	none	AC	3783	69881	5.41348864498	120	2104	5.70342205323
SRR1947479	skin	NA	10	NA	none	AG	8385	69881	11.998969677	181	2104	8.60266159696
SRR1947479	skin	NA	10	NA	none	AT	4965	69881	7.10493553326	180	2104	8.55513307985
SRR1947479	skin	NA	10	NA	none	CA	5563	69881	7.96067600635	160	2104	7.60456273764
SRR1947479	skin	NA	10	NA	none	CG	5666	69881	8.10806943232	185	2104	8.7927756654
SRR1947479	skin	NA	10	NA	none	CT	7172	69881	10.2631616605	208	2104	9.88593155894
SRR1947479	skin	NA	10	NA	none	GA	8821	69881	12.6228874801	255	2104	12.1197718631
SRR1947479	skin	NA	10	NA	none	GC	5212	69881	7.45839355476	175	2104	8.3174904943
SRR1947479	skin	NA	10	NA	none	GT	3882	69881	5.55515805441	143	2104	6.79657794677
SRR1947479	skin	NA	10	NA	none	TA	3922	69881	5.61239821983	145	2104	6.89163498099
SRR1947479	skin	NA	10	NA	none	TC	8678	69881	12.4182538888	209	2104	9.93346007605
SRR1947479	skin	NA	10	NA	none	TG	3832	69881	5.48360784763	143	2104	6.79657794677
SRR1947479	skin	NA	NA	NA	e,r,u	AC	0	0	0.0	0	0	0.0
SRR1947479	skin	NA	NA	NA	e,r,u	AG	0	0	0.0	0	0	0.0
SRR1947479	skin	NA	NA	NA	e,r,u	AT	0	0	0.0	0	0	0.0
SRR1947479	skin	NA	NA	NA	e,r,u	CA	0	0	0.0	0	0	0.0
SRR1947479	skin	NA	NA	NA	e,r,u	CG	0	0	0.0	0	0	0.0
SRR1947479	skin	NA	NA	NA	e,r,u	CT	0	0	0.0	0	0	0.0
SRR1947479	skin	NA	NA	NA	e,r,u	GA	0	0	0.0	0	0	0.0
SRR1947479	skin	NA	NA	NA	e,r,u	GC	0	0	0.0	0	0	0.0
SRR1947479	skin	NA	NA	NA	e,r,u	GT	0	0	0.0	0	0	0.0
SRR1947479	skin	NA	NA	NA	e,r,u	TA	0	0	0.0	0	0	0.0
SRR1947479	skin	NA	NA	NA	e,r,u	TC	0	0	0.0	0	0	0.0
SRR1947479	skin	NA	NA	NA	e,r,u	TG	0	0	0.0	0	0	0.0
SRR1947479	skin	15	15	0.1	e,r	AC	3221	55598	5.79337386237	73	1178	6.19694397284
SRR1947479	skin	15	15	0.1	e,r	AG	7587	55598	13.6461743228	121	1178	10.2716468591
SRR1947479	skin	15	15	0.1	e,r	AT	3948	55598	7.10097485521	95	1178	8.06451612903
SRR1947479	skin	15	15	0.1	e,r	CA	4080	55598	7.33839346739	87	1178	7.38539898132
SRR1947479	skin	15	15	0.1	e,r	CG	4217	55598	7.58480520882	101	1178	8.57385398981
SRR1947479	skin	15	15	0.1	e,r	CT	5833	55598	10.4913845822	114	1178	9.67741935484
SRR1947479	skin	15	15	0.1	e,r	GA	7097	55598	12.7648476564	135	1178	11.4601018676
SRR1947479	skin	15	15	0.1	e,r	GC	4439	55598	7.98410014749	109	1178	9.25297113752
SRR1947479	skin	15	15	0.1	e,r	GT	3069	55598	5.51998273319	74	1178	6.2818336163
SRR1947479	skin	15	15	0.1	e,r	TA	2732	55598	4.91384582179	74	1178	6.2818336163
SRR1947479	skin	15	15	0.1	e,r	TC	6965	55598	12.5274290442	118	1178	10.0169779287
SRR1947479	skin	15	15	0.1	e,r	TG	2410	55598	4.33468829814	77	1178	6.53650254669
SRR1947479	skin	NA	15	NA	none	AC	3252	59581	5.4581158423	74	1220	6.06557377049
SRR1947479	skin	NA	15	NA	none	AG	7726	59581	12.967221094	124	1220	10.1639344262
SRR1947479	skin	NA	15	NA	none	AT	4000	59581	6.71354962152	97	1220	7.95081967213
SRR1947479	skin	NA	15	NA	none	CA	4813	59581	8.0780785821	95	1220	7.7868852459
SRR1947479	skin	NA	15	NA	none	CG	4746	59581	7.96562662594	105	1220	8.60655737705
SRR1947479	skin	NA	15	NA	none	CT	6131	59581	10.2901931824	118	1220	9.67213114754
SRR1947479	skin	NA	15	NA	none	GA	7418	59581	12.4502777731	138	1220	11.3114754098
SRR1947479	skin	NA	15	NA	none	GC	4439	59581	7.45036169249	109	1220	8.93442622951
SRR1947479	skin	NA	15	NA	none	GT	3085	59581	5.1778251456	75	1220	6.14754098361
SRR1947479	skin	NA	15	NA	none	TA	3191	59581	5.35573421057	82	1220	6.72131147541
SRR1947479	skin	NA	15	NA	none	TC	7675	59581	12.8816233363	123	1220	10.0819672131
SRR1947479	skin	NA	15	NA	none	TG	3105	59581	5.21139289371	80	1220	6.55737704918
SRR1947451	skin	NA	NA	NA	r	AC	12765	208095	6.13421754487	2243	42598	5.26550542279
SRR1947451	skin	NA	NA	NA	r	AG	23099	208095	11.1002186501	6159	42598	14.4584252782
SRR1947451	skin	NA	NA	NA	r	AT	16375	208095	7.86900213845	2985	42598	7.00737123809
SRR1947451	skin	NA	NA	NA	r	CA	17181	208095	8.25632523607	2651	42598	6.2232968684
SRR1947451	skin	NA	NA	NA	r	CG	15413	208095	7.40671327999	2669	42598	6.26555237335
SRR1947451	skin	NA	NA	NA	r	CT	23855	208095	11.4635142603	4834	42598	11.347950608
SRR1947451	skin	NA	NA	NA	r	GA	24191	208095	11.6249789759	4718	42598	11.0756373539
SRR1947451	skin	NA	NA	NA	r	GC	14013	208095	6.73394363151	2668	42598	6.2632048453
SRR1947451	skin	NA	NA	NA	r	GT	12909	208095	6.20341670871	2439	42598	5.72562092117
SRR1947451	skin	NA	NA	NA	r	TA	13793	208095	6.62822268675	2864	42598	6.72332034368
SRR1947451	skin	NA	NA	NA	r	TC	22994	208095	11.0497609265	6264	42598	14.7049157237
SRR1947451	skin	NA	NA	NA	r	TG	11507	208095	5.52968596074	2104	42598	4.93919902343
SRR1947451	skin	5	NA	NA	none	AC	12765	208095	6.13421754487	2243	42598	5.26550542279
SRR1947451	skin	5	NA	NA	none	AG	23099	208095	11.1002186501	6159	42598	14.4584252782
SRR1947451	skin	5	NA	NA	none	AT	16375	208095	7.86900213845	2985	42598	7.00737123809
SRR1947451	skin	5	NA	NA	none	CA	17181	208095	8.25632523607	2651	42598	6.2232968684
SRR1947451	skin	5	NA	NA	none	CG	15413	208095	7.40671327999	2669	42598	6.26555237335
SRR1947451	skin	5	NA	NA	none	CT	23855	208095	11.4635142603	4834	42598	11.347950608
SRR1947451	skin	5	NA	NA	none	GA	24191	208095	11.6249789759	4718	42598	11.0756373539
SRR1947451	skin	5	NA	NA	none	GC	14013	208095	6.73394363151	2668	42598	6.2632048453
SRR1947451	skin	5	NA	NA	none	GT	12909	208095	6.20341670871	2439	42598	5.72562092117
SRR1947451	skin	5	NA	NA	none	TA	13793	208095	6.62822268675	2864	42598	6.72332034368
SRR1947451	skin	5	NA	NA	none	TC	22994	208095	11.0497609265	6264	42598	14.7049157237
SRR1947451	skin	5	NA	NA	none	TG	11507	208095	5.52968596074	2104	42598	4.93919902343
SRR1947451	skin	NA	NA	NA	u	AC	0	0	0.0	0	0	0.0
SRR1947451	skin	NA	NA	NA	u	AG	0	0	0.0	0	0	0.0
SRR1947451	skin	NA	NA	NA	u	AT	0	0	0.0	0	0	0.0
SRR1947451	skin	NA	NA	NA	u	CA	0	0	0.0	0	0	0.0
SRR1947451	skin	NA	NA	NA	u	CG	0	0	0.0	0	0	0.0
SRR1947451	skin	NA	NA	NA	u	CT	0	0	0.0	0	0	0.0
SRR1947451	skin	NA	NA	NA	u	GA	0	0	0.0	0	0	0.0
SRR1947451	skin	NA	NA	NA	u	GC	0	0	0.0	0	0	0.0
SRR1947451	skin	NA	NA	NA	u	GT	0	0	0.0	0	0	0.0
SRR1947451	skin	NA	NA	NA	u	TA	0	0	0.0	0	0	0.0
SRR1947451	skin	NA	NA	NA	u	TC	0	0	0.0	0	0	0.0
SRR1947451	skin	NA	NA	NA	u	TG	0	0	0.0	0	0	0.0
SRR1947451	skin	15	NA	NA	none	AC	7835	124581	6.28908099951	254	4471	5.68105569224
SRR1947451	skin	15	NA	NA	none	AG	13871	124581	11.1341215755	425	4471	9.50570342205
SRR1947451	skin	15	NA	NA	none	AT	9801	124581	7.86717075638	354	4471	7.91769179155
SRR1947451	skin	15	NA	NA	none	CA	11096	124581	8.90665510792	338	4471	7.55983001566
SRR1947451	skin	15	NA	NA	none	CG	9486	124581	7.6143232114	320	4471	7.15723551778
SRR1947451	skin	15	NA	NA	none	CT	13996	124581	11.2344579029	528	4471	11.8094386043
SRR1947451	skin	15	NA	NA	none	GA	14874	124581	11.9392202663	536	4471	11.9883694923
SRR1947451	skin	15	NA	NA	none	GC	8306	124581	6.66714828104	321	4471	7.17960187877
SRR1947451	skin	15	NA	NA	none	GT	7455	124581	5.98405856431	319	4471	7.13486915679
SRR1947451	skin	15	NA	NA	none	TA	7439	124581	5.9712155144	324	4471	7.24670096175
SRR1947451	skin	15	NA	NA	none	TC	13445	124581	10.7921753718	492	4471	11.0042496086
SRR1947451	skin	15	NA	NA	none	TG	6977	124581	5.60037244845	260	4471	5.8152538582
SRR1947451	skin	15	15	0.1	none	AC	7274	113011	6.4365415756	145	2238	6.47899910634
SRR1947451	skin	15	15	0.1	none	AG	12825	113011	11.3484528055	180	2238	8.04289544236
SRR1947451	skin	15	15	0.1	none	AT	8941	113011	7.91161922291	204	2238	9.11528150134
SRR1947451	skin	15	15	0.1	none	CA	10184	113011	9.01151215368	180	2238	8.04289544236
SRR1947451	skin	15	15	0.1	none	CG	8719	113011	7.7151781685	184	2238	8.22162645219
SRR1947451	skin	15	15	0.1	none	CT	12634	113011	11.1794427091	245	2238	10.9472743521
SRR1947451	skin	15	15	0.1	none	GA	13524	113011	11.966976666	263	2238	11.7515638963
SRR1947451	skin	15	15	0.1	none	GC	7439	113011	6.58254506199	176	2238	7.86416443253
SRR1947451	skin	15	15	0.1	none	GT	6619	113011	5.85695197813	162	2238	7.23860589812
SRR1947451	skin	15	15	0.1	none	TA	6477	113011	5.73130049287	165	2238	7.3726541555
SRR1947451	skin	15	15	0.1	none	TC	12065	113011	10.6759518985	195	2238	8.71313672922
SRR1947451	skin	15	15	0.1	none	TG	6310	113011	5.58352726726	139	2238	6.2109025916
SRR1947451	skin	NA	NA	NA	e,r,u	AC	0	0	0.0	0	0	0.0
SRR1947451	skin	NA	NA	NA	e,r,u	AG	0	0	0.0	0	0	0.0
SRR1947451	skin	NA	NA	NA	e,r,u	AT	0	0	0.0	0	0	0.0
SRR1947451	skin	NA	NA	NA	e,r,u	CA	0	0	0.0	0	0	0.0
SRR1947451	skin	NA	NA	NA	e,r,u	CG	0	0	0.0	0	0	0.0
SRR1947451	skin	NA	NA	NA	e,r,u	CT	0	0	0.0	0	0	0.0
SRR1947451	skin	NA	NA	NA	e,r,u	GA	0	0	0.0	0	0	0.0
SRR1947451	skin	NA	NA	NA	e,r,u	GC	0	0	0.0	0	0	0.0
SRR1947451	skin	NA	NA	NA	e,r,u	GT	0	0	0.0	0	0	0.0
SRR1947451	skin	NA	NA	NA	e,r,u	TA	0	0	0.0	0	0	0.0
SRR1947451	skin	NA	NA	NA	e,r,u	TC	0	0	0.0	0	0	0.0
SRR1947451	skin	NA	NA	NA	e,r,u	TG	0	0	0.0	0	0	0.0
SRR1947451	skin	NA	NA	NA	none	AC	45032	950690	4.73677013538	29666	659862	4.49578851336
SRR1947451	skin	NA	NA	NA	none	AG	147453	950690	15.5101031882	107089	659862	16.2289993968
SRR1947451	skin	NA	NA	NA	none	AT	63245	950690	6.6525365787	43005	659862	6.51727179319
SRR1947451	skin	NA	NA	NA	none	CA	54948	950690	5.77980203852	34330	659862	5.2026029685
SRR1947451	skin	NA	NA	NA	none	CG	57828	950690	6.0827399047	38915	659862	5.8974452234
SRR1947451	skin	NA	NA	NA	none	CT	113496	950690	11.9382764098	78900	659862	11.9570455641
SRR1947451	skin	NA	NA	NA	none	GA	111587	950690	11.7374748867	76262	659862	11.5572650039
SRR1947451	skin	NA	NA	NA	none	GC	56220	950690	5.91359959608	38853	659862	5.8880493194
SRR1947451	skin	NA	NA	NA	none	GT	51803	950690	5.44898968118	35384	659862	5.36233333636
SRR1947451	skin	NA	NA	NA	none	TA	58149	950690	6.11650485437	40254	659862	6.10036644026
SRR1947451	skin	NA	NA	NA	none	TC	146955	950690	15.4577201822	106775	659862	16.1814136895
SRR1947451	skin	NA	NA	NA	none	TG	43974	950690	4.62548254426	30429	659862	4.61141875119
SRR1947451	skin	NA	5	NA	none	AC	10647	165899	6.4177602035	606	9222	6.57124268055
SRR1947451	skin	NA	5	NA	none	AG	16744	165899	10.0928878414	714	9222	7.74235523748
SRR1947451	skin	NA	5	NA	none	AT	13506	165899	8.14109789691	804	9222	8.71828236825
SRR1947451	skin	NA	5	NA	none	CA	14600	165899	8.80053526543	763	9222	8.27369334201
SRR1947451	skin	NA	5	NA	none	CG	12878	165899	7.76255432522	726	9222	7.87247885491
SRR1947451	skin	NA	5	NA	none	CT	19079	165899	11.5003707075	1088	9222	11.7978746476
SRR1947451	skin	NA	5	NA	none	GA	19450	165899	11.7240007474	1029	9222	11.1581001952
SRR1947451	skin	NA	5	NA	none	GC	11446	165899	6.89937853754	696	9222	7.54716981132
SRR1947451	skin	NA	5	NA	none	GT	10571	165899	6.37194919801	687	9222	7.44957709824
SRR1947451	skin	NA	5	NA	none	TA	11059	165899	6.66610407537	771	9222	8.3604424203
SRR1947451	skin	NA	5	NA	none	TC	16443	165899	9.9114521486	777	9222	8.42550422902
SRR1947451	skin	NA	5	NA	none	TG	9476	165899	5.7119090531	561	9222	6.08327911516
SRR1947451	skin	NA	10	NA	none	AC	8325	131315	6.33971747325	234	3808	6.14495798319
SRR1947451	skin	NA	10	NA	none	AG	14046	131315	10.6964170125	286	3808	7.51050420168
SRR1947451	skin	NA	10	NA	none	AT	10579	131315	8.05620073868	346	3808	9.08613445378
SRR1947451	skin	NA	10	NA	none	CA	11745	131315	8.94414194875	315	3808	8.27205882353
SRR1947451	skin	NA	10	NA	none	CG	10257	131315	7.81098884362	319	3808	8.37710084034
SRR1947451	skin	NA	10	NA	none	CT	14901	131315	11.3475231314	441	3808	11.5808823529
SRR1947451	skin	NA	10	NA	none	GA	15692	131315	11.9498914823	445	3808	11.6859243697
SRR1947451	skin	NA	10	NA	none	GC	8903	131315	6.77988044016	301	3808	7.90441176471
SRR1947451	skin	NA	10	NA	none	GT	7882	131315	6.00236073564	271	3808	7.11659663866
SRR1947451	skin	NA	10	NA	none	TA	7997	131315	6.08993641244	295	3808	7.7468487395
SRR1947451	skin	NA	10	NA	none	TC	13631	131315	10.3803830484	326	3808	8.56092436975
SRR1947451	skin	NA	10	NA	none	TG	7357	131315	5.60255873282	229	3808	6.01365546218
SRR1947451	skin	15	15	0.1	e,r	AC	7122	104309	6.82779050705	142	2159	6.57711903659
SRR1947451	skin	15	15	0.1	e,r	AG	12207	104309	11.7027293906	172	2159	7.96665122742
SRR1947451	skin	15	15	0.1	e,r	AT	8636	104309	8.27924723658	198	2159	9.17091245947
SRR1947451	skin	15	15	0.1	e,r	CA	8618	104309	8.26199081575	171	2159	7.92033348773
SRR1947451	skin	15	15	0.1	e,r	CG	8090	104309	7.7558024715	177	2159	8.19823992589
SRR1947451	skin	15	15	0.1	e,r	CT	11791	104309	11.3039143315	236	2159	10.9309865679
SRR1947451	skin	15	15	0.1	e,r	GA	11591	104309	11.1121763223	257	2159	11.9036591014
SRR1947451	skin	15	15	0.1	e,r	GC	7410	104309	7.10389324028	175	2159	8.1056044465
SRR1947451	skin	15	15	0.1	e,r	GT	6075	104309	5.82404202897	153	2159	7.08661417323
SRR1947451	skin	15	15	0.1	e,r	TA	5748	104309	5.51055038396	156	2159	7.22556739231
SRR1947451	skin	15	15	0.1	e,r	TC	10797	104309	10.3509764258	187	2159	8.66141732283
SRR1947451	skin	15	15	0.1	e,r	TG	6224	104309	5.96688684581	135	2159	6.25289485873
SRR1947451	skin	10	NA	NA	none	AC	9269	148451	6.24381108918	573	10677	5.36667603259
SRR1947451	skin	10	NA	NA	none	AG	16023	148451	10.7934604684	1291	10677	12.0914114452
SRR1947451	skin	10	NA	NA	none	AT	11828	148451	7.96761220874	826	10677	7.73625550248
SRR1947451	skin	10	NA	NA	none	CA	12963	148451	8.73217425278	749	10677	7.01507914208
SRR1947451	skin	10	NA	NA	none	CG	11424	148451	7.69546853844	746	10677	6.98698136181
SRR1947451	skin	10	NA	NA	none	CT	16926	148451	11.4017419889	1252	10677	11.7261403016
SRR1947451	skin	10	NA	NA	none	GA	17588	148451	11.8476803794	1188	10677	11.126720989
SRR1947451	skin	10	NA	NA	none	GC	10118	148451	6.81571697058	734	10677	6.8745902407
SRR1947451	skin	10	NA	NA	none	GT	9056	148451	6.10032940162	684	10677	6.40629390278
SRR1947451	skin	10	NA	NA	none	TA	9225	148451	6.21417167954	741	10677	6.94015172801
SRR1947451	skin	10	NA	NA	none	TC	15703	148451	10.5779011256	1323	10677	12.3911211014
SRR1947451	skin	10	NA	NA	none	TG	8328	148451	5.60993189672	570	10677	5.33857825232
SRR1947451	skin	NA	15	NA	none	AC	7274	113011	6.4365415756	145	2238	6.47899910634
SRR1947451	skin	NA	15	NA	none	AG	12825	113011	11.3484528055	180	2238	8.04289544236
SRR1947451	skin	NA	15	NA	none	AT	8941	113011	7.91161922291	204	2238	9.11528150134
SRR1947451	skin	NA	15	NA	none	CA	10184	113011	9.01151215368	180	2238	8.04289544236
SRR1947451	skin	NA	15	NA	none	CG	8719	113011	7.7151781685	184	2238	8.22162645219
SRR1947451	skin	NA	15	NA	none	CT	12634	113011	11.1794427091	245	2238	10.9472743521
SRR1947451	skin	NA	15	NA	none	GA	13524	113011	11.966976666	263	2238	11.7515638963
SRR1947451	skin	NA	15	NA	none	GC	7439	113011	6.58254506199	176	2238	7.86416443253
SRR1947451	skin	NA	15	NA	none	GT	6619	113011	5.85695197813	162	2238	7.23860589812
SRR1947451	skin	NA	15	NA	none	TA	6477	113011	5.73130049287	165	2238	7.3726541555
SRR1947451	skin	NA	15	NA	none	TC	12065	113011	10.6759518985	195	2238	8.71313672922
SRR1947451	skin	NA	15	NA	none	TG	6310	113011	5.58352726726	139	2238	6.2109025916
SRR1947451	skin	NA	NA	0.0	none	AC	39443	853217	4.6228567879	25265	580701	4.35077604481
SRR1947451	skin	NA	NA	0.0	none	AG	133837	853217	15.6861619025	95095	580701	16.3758974068
SRR1947451	skin	NA	NA	0.0	none	AT	55948	853217	6.55730019444	37404	580701	6.44118057313
SRR1947451	skin	NA	NA	0.0	none	CA	48818	853217	5.72163939537	29661	580701	5.10779213399
SRR1947451	skin	NA	NA	0.0	none	CG	51769	853217	6.06750685933	34243	580701	5.89683847626
SRR1947451	skin	NA	NA	0.0	none	CT	103324	853217	12.1099321743	70615	580701	12.1603028064
SRR1947451	skin	NA	NA	0.0	none	GA	101483	853217	11.8941605711	68059	580701	11.7201451349
SRR1947451	skin	NA	NA	0.0	none	GC	50150	853217	5.87775442824	34070	580701	5.86704689677
SRR1947451	skin	NA	NA	0.0	none	GT	46028	853217	5.39464169139	30957	580701	5.33097067165
SRR1947451	skin	NA	NA	0.0	none	TA	51071	853217	5.9856988316	34825	580701	5.99706217141
SRR1947451	skin	NA	NA	0.0	none	TC	132732	853217	15.5566520592	94184	580701	16.2190180489
SRR1947451	skin	NA	NA	0.0	none	TG	38614	853217	4.52569510453	26323	580701	4.53296963498
SRR1947451	skin	NA	NA	0.1	none	AC	12765	208095	6.13421754487	2243	42598	5.26550542279
SRR1947451	skin	NA	NA	0.1	none	AG	23099	208095	11.1002186501	6159	42598	14.4584252782
SRR1947451	skin	NA	NA	0.1	none	AT	16375	208095	7.86900213845	2985	42598	7.00737123809
SRR1947451	skin	NA	NA	0.1	none	CA	17181	208095	8.25632523607	2651	42598	6.2232968684
SRR1947451	skin	NA	NA	0.1	none	CG	15413	208095	7.40671327999	2669	42598	6.26555237335
SRR1947451	skin	NA	NA	0.1	none	CT	23855	208095	11.4635142603	4834	42598	11.347950608
SRR1947451	skin	NA	NA	0.1	none	GA	24191	208095	11.6249789759	4718	42598	11.0756373539
SRR1947451	skin	NA	NA	0.1	none	GC	14013	208095	6.73394363151	2668	42598	6.2632048453
SRR1947451	skin	NA	NA	0.1	none	GT	12909	208095	6.20341670871	2439	42598	5.72562092117
SRR1947451	skin	NA	NA	0.1	none	TA	13793	208095	6.62822268675	2864	42598	6.72332034368
SRR1947451	skin	NA	NA	0.1	none	TC	22994	208095	11.0497609265	6264	42598	14.7049157237
SRR1947451	skin	NA	NA	0.1	none	TG	11507	208095	5.52968596074	2104	42598	4.93919902343
SRR1947451	skin	NA	NA	NA	e	AC	12569	198467	6.33304277285	2229	42309	5.26838261363
SRR1947451	skin	NA	NA	NA	e	AG	22404	198467	11.2885265561	6129	42309	14.486279515
SRR1947451	skin	NA	NA	NA	e	AT	15958	198467	8.04063143999	2957	42309	6.98905670188
SRR1947451	skin	NA	NA	NA	e	CA	15539	198467	7.82951321882	2626	42309	6.20671724692
SRR1947451	skin	NA	NA	NA	e	CG	14731	198467	7.42239263958	2652	42309	6.26816989293
SRR1947451	skin	NA	NA	NA	e	CT	22919	198467	11.5480155391	4805	42309	11.3569216951
SRR1947451	skin	NA	NA	NA	e	GA	22188	198467	11.1796923418	4699	42309	11.1063839845
SRR1947451	skin	NA	NA	NA	e	GC	13875	198467	6.9910866794	2644	42309	6.24926138647
SRR1947451	skin	NA	NA	NA	e	GT	12305	198467	6.20002317766	2417	42309	5.71273251554
SRR1947451	skin	NA	NA	NA	e	TA	12971	198467	6.53559533827	2837	42309	6.70542910492
SRR1947451	skin	NA	NA	NA	e	TC	21668	198467	10.9176840482	6238	42309	14.7439079156
SRR1947451	skin	NA	NA	NA	e	TG	11340	198467	5.71379624824	2076	42309	4.9067574275
SRR1947472	skin	NA	10	NA	none	AC	2930	53012	5.52705047914	96	1578	6.08365019011
SRR1947472	skin	NA	10	NA	none	AG	6161	53012	11.621896929	134	1578	8.4917617237
SRR1947472	skin	NA	10	NA	none	AT	3734	53012	7.04368822153	126	1578	7.98479087452
SRR1947472	skin	NA	10	NA	none	CA	4458	53012	8.40941673583	117	1578	7.4144486692
SRR1947472	skin	NA	10	NA	none	CG	4386	53012	8.27359843054	148	1578	9.37896070976
SRR1947472	skin	NA	10	NA	none	CT	5673	53012	10.7013506376	167	1578	10.5830164766
SRR1947472	skin	NA	10	NA	none	GA	6529	53012	12.3160793783	173	1578	10.9632446134
SRR1947472	skin	NA	10	NA	none	GC	3725	53012	7.02671093337	141	1578	8.93536121673
SRR1947472	skin	NA	10	NA	none	GT	3161	53012	5.96280087527	114	1578	7.22433460076
SRR1947472	skin	NA	10	NA	none	TA	2847	53012	5.37048215498	111	1578	7.03422053232
SRR1947472	skin	NA	10	NA	none	TC	6090	53012	11.4879649891	140	1578	8.87198986058
SRR1947472	skin	NA	10	NA	none	TG	3318	53012	6.25896023542	111	1578	7.03422053232
SRR1947472	skin	NA	NA	0.1	none	AC	5737	102081	5.62004682556	1754	31507	5.5670168534
SRR1947472	skin	NA	NA	0.1	none	AG	12302	102081	12.0512142318	4641	31507	14.7300599867
SRR1947472	skin	NA	NA	0.1	none	AT	7108	102081	6.96309793203	1942	31507	6.16370965182
SRR1947472	skin	NA	NA	0.1	none	CA	7506	102081	7.35298439475	1726	31507	5.47814771321
SRR1947472	skin	NA	NA	0.1	none	CG	7527	102081	7.37355629353	1959	31507	6.21766591551
SRR1947472	skin	NA	NA	0.1	none	CT	11340	102081	11.1088253446	3601	31507	11.4292062081
SRR1947472	skin	NA	NA	0.1	none	GA	12017	102081	11.7720241769	3473	31507	11.0229472816
SRR1947472	skin	NA	NA	0.1	none	GC	7391	102081	7.24032875853	2100	31507	6.66518551433
SRR1947472	skin	NA	NA	0.1	none	GT	6214	102081	6.08732281228	1684	31507	5.34484400292
SRR1947472	skin	NA	NA	0.1	none	TA	6284	102081	6.15589580823	1989	31507	6.31288285143
SRR1947472	skin	NA	NA	0.1	none	TC	12293	102081	12.0423977038	4673	31507	14.8316247183
SRR1947472	skin	NA	NA	0.1	none	TG	6362	102081	6.23230571801	1965	31507	6.23670930269
SRR1947472	skin	NA	5	NA	none	AC	3970	69913	5.67848611846	259	4250	6.09411764706
SRR1947472	skin	NA	5	NA	none	AG	7517	69913	10.7519345472	350	4250	8.23529411765
SRR1947472	skin	NA	5	NA	none	AT	5175	69913	7.40205684208	355	4250	8.35294117647
SRR1947472	skin	NA	5	NA	none	CA	5756	69913	8.2330896972	324	4250	7.62352941176
SRR1947472	skin	NA	5	NA	none	CG	5544	69913	7.92985567777	333	4250	7.83529411765
SRR1947472	skin	NA	5	NA	none	CT	7618	69913	10.8963998112	479	4250	11.2705882353
SRR1947472	skin	NA	5	NA	none	GA	8470	69913	12.1150572855	477	4250	11.2235294118
SRR1947472	skin	NA	5	NA	none	GC	5268	69913	7.53507931286	383	4250	9.01176470588
SRR1947472	skin	NA	5	NA	none	GT	4494	69913	6.42798907213	326	4250	7.67058823529
SRR1947472	skin	NA	5	NA	none	TA	4243	69913	6.06897143593	328	4250	7.71764705882
SRR1947472	skin	NA	5	NA	none	TC	7420	69913	10.6131906798	344	4250	8.09411764706
SRR1947472	skin	NA	5	NA	none	TG	4438	69913	6.34788951983	292	4250	6.87058823529
SRR1947472	skin	15	15	0.1	none	AC	2406	45396	5.30002643405	51	925	5.51351351351
SRR1947472	skin	15	15	0.1	none	AG	5720	45396	12.6002290951	96	925	10.3783783784
SRR1947472	skin	15	15	0.1	none	AT	3099	45396	6.82659265133	72	925	7.78378378378
SRR1947472	skin	15	15	0.1	none	CA	4032	45396	8.88183980967	79	925	8.54054054054
SRR1947472	skin	15	15	0.1	none	CG	3658	45396	8.05797867654	87	925	9.40540540541
SRR1947472	skin	15	15	0.1	none	CT	4790	45396	10.5515904485	90	925	9.72972972973
SRR1947472	skin	15	15	0.1	none	GA	5755	45396	12.677328399	105	925	11.3513513514
SRR1947472	skin	15	15	0.1	none	GC	2935	45396	6.46532734162	74	925	8.0
SRR1947472	skin	15	15	0.1	none	GT	2495	45396	5.49607894969	57	925	6.16216216216
SRR1947472	skin	15	15	0.1	none	TA	2222	45396	4.89470437924	58	925	6.27027027027
SRR1947472	skin	15	15	0.1	none	TC	5452	45396	12.0098687109	87	925	9.40540540541
SRR1947472	skin	15	15	0.1	none	TG	2832	45396	6.23843510441	69	925	7.45945945946
SRR1947472	skin	NA	15	NA	none	AC	2406	45396	5.30002643405	51	925	5.51351351351
SRR1947472	skin	NA	15	NA	none	AG	5720	45396	12.6002290951	96	925	10.3783783784
SRR1947472	skin	NA	15	NA	none	AT	3099	45396	6.82659265133	72	925	7.78378378378
SRR1947472	skin	NA	15	NA	none	CA	4032	45396	8.88183980967	79	925	8.54054054054
SRR1947472	skin	NA	15	NA	none	CG	3658	45396	8.05797867654	87	925	9.40540540541
SRR1947472	skin	NA	15	NA	none	CT	4790	45396	10.5515904485	90	925	9.72972972973
SRR1947472	skin	NA	15	NA	none	GA	5755	45396	12.677328399	105	925	11.3513513514
SRR1947472	skin	NA	15	NA	none	GC	2935	45396	6.46532734162	74	925	8.0
SRR1947472	skin	NA	15	NA	none	GT	2495	45396	5.49607894969	57	925	6.16216216216
SRR1947472	skin	NA	15	NA	none	TA	2222	45396	4.89470437924	58	925	6.27027027027
SRR1947472	skin	NA	15	NA	none	TC	5452	45396	12.0098687109	87	925	9.40540540541
SRR1947472	skin	NA	15	NA	none	TG	2832	45396	6.23843510441	69	925	7.45945945946
SRR1947472	skin	NA	NA	0.0	none	AC	22501	416312	5.40484060032	16998	307506	5.52769702055
SRR1947472	skin	NA	NA	0.0	none	AG	62863	416312	15.0999730971	48054	307506	15.6270121559
SRR1947472	skin	NA	NA	0.0	none	AT	25258	416312	6.06708430216	18160	307506	5.90557582616
SRR1947472	skin	NA	NA	0.0	none	CA	22992	416312	5.52278099118	15515	307506	5.04543000787
SRR1947472	skin	NA	NA	0.0	none	CG	26569	416312	6.38199235189	19085	307506	6.20638296489
SRR1947472	skin	NA	NA	0.0	none	CT	49091	416312	11.7918772459	36458	307506	11.8560288255
SRR1947472	skin	NA	NA	0.0	none	GA	48529	416312	11.6568823382	35060	307506	11.4014035498
SRR1947472	skin	NA	NA	0.0	none	GC	26658	416312	6.40337054901	19134	307506	6.22231761331
SRR1947472	skin	NA	NA	0.0	none	GT	22500	416312	5.40460039586	16379	307506	5.32640013528
SRR1947472	skin	NA	NA	0.0	none	TA	23380	416312	5.61598032245	17310	307506	5.62915845544
SRR1947472	skin	NA	NA	0.0	none	TC	62295	416312	14.9635369627	47302	307506	15.382464082
SRR1947472	skin	NA	NA	0.0	none	TG	23676	416312	5.68708084321	18051	307506	5.87012936333
SRR1947472	skin	5	NA	NA	none	AC	5737	102081	5.62004682556	1754	31507	5.5670168534
SRR1947472	skin	5	NA	NA	none	AG	12302	102081	12.0512142318	4641	31507	14.7300599867
SRR1947472	skin	5	NA	NA	none	AT	7108	102081	6.96309793203	1942	31507	6.16370965182
SRR1947472	skin	5	NA	NA	none	CA	7506	102081	7.35298439475	1726	31507	5.47814771321
SRR1947472	skin	5	NA	NA	none	CG	7527	102081	7.37355629353	1959	31507	6.21766591551
SRR1947472	skin	5	NA	NA	none	CT	11340	102081	11.1088253446	3601	31507	11.4292062081
SRR1947472	skin	5	NA	NA	none	GA	12017	102081	11.7720241769	3473	31507	11.0229472816
SRR1947472	skin	5	NA	NA	none	GC	7391	102081	7.24032875853	2100	31507	6.66518551433
SRR1947472	skin	5	NA	NA	none	GT	6214	102081	6.08732281228	1684	31507	5.34484400292
SRR1947472	skin	5	NA	NA	none	TA	6284	102081	6.15589580823	1989	31507	6.31288285143
SRR1947472	skin	5	NA	NA	none	TC	12293	102081	12.0423977038	4673	31507	14.8316247183
SRR1947472	skin	5	NA	NA	none	TG	6362	102081	6.23230571801	1965	31507	6.23670930269
SRR1947472	skin	NA	NA	NA	none	AC	26794	485947	5.51377002019	20423	363909	5.61211731504
SRR1947472	skin	NA	NA	NA	none	AG	71553	485947	14.7244452584	55611	363909	15.2815676447
SRR1947472	skin	NA	NA	NA	none	AT	30325	485947	6.24039247078	22160	363909	6.08943444652
SRR1947472	skin	NA	NA	NA	none	CA	27349	485947	5.62798000605	18810	363909	5.16887463624
SRR1947472	skin	NA	NA	NA	none	CG	31001	485947	6.3795022914	22584	363909	6.20594709117
SRR1947472	skin	NA	NA	NA	none	CT	56278	485947	11.5810983502	42285	363909	11.6196631575
SRR1947472	skin	NA	NA	NA	none	GA	56280	485947	11.5815099177	41288	363909	11.3456935662
SRR1947472	skin	NA	NA	NA	none	GC	31289	485947	6.4387680138	22757	363909	6.25348644854
SRR1947472	skin	NA	NA	NA	none	GT	26949	485947	5.54566650273	19807	363909	5.44284422754
SRR1947472	skin	NA	NA	NA	none	TA	28592	485947	5.88376921763	21315	363909	5.85723353915
SRR1947472	skin	NA	NA	NA	none	TC	71230	485947	14.6579771045	55136	363909	15.1510405074
SRR1947472	skin	NA	NA	NA	none	TG	28307	485947	5.82512084651	21733	363909	5.97209741996
SRR1947472	skin	NA	NA	NA	e	AC	5570	98058	5.68031165229	1747	31372	5.56865995155
SRR1947472	skin	NA	NA	NA	e	AG	11131	98058	11.3514450631	4627	31372	14.7488206044
SRR1947472	skin	NA	NA	NA	e	AT	6985	98058	7.12333516898	1928	31372	6.14560754813
SRR1947472	skin	NA	NA	NA	e	CA	7332	98058	7.47720736707	1719	31372	5.47940838965
SRR1947472	skin	NA	NA	NA	e	CG	6968	98058	7.10599849069	1946	31372	6.20298355221
SRR1947472	skin	NA	NA	NA	e	CT	11216	98058	11.4381284546	3591	31372	11.446512814
SRR1947472	skin	NA	NA	NA	e	GA	11138	98058	11.3585836954	3470	31372	11.0608185643
SRR1947472	skin	NA	NA	NA	e	GC	7303	98058	7.44763303351	2082	31372	6.63649113859
SRR1947472	skin	NA	NA	NA	e	GT	6171	98058	6.29321422016	1674	31372	5.33596837945
SRR1947472	skin	NA	NA	NA	e	TA	6241	98058	6.36460054254	1983	31372	6.32092311615
SRR1947472	skin	NA	NA	NA	e	TC	11691	98058	11.9225356422	4653	31372	14.8316970547
SRR1947472	skin	NA	NA	NA	e	TG	6312	98058	6.43700666952	1952	31372	6.22210888691
SRR1947472	skin	15	NA	NA	none	AC	2702	51345	5.26244035446	110	2250	4.88888888889
SRR1947472	skin	15	NA	NA	none	AG	6325	51345	12.318628883	254	2250	11.2888888889
SRR1947472	skin	15	NA	NA	none	AT	3588	51345	6.98802220275	158	2250	7.02222222222
SRR1947472	skin	15	NA	NA	none	CA	4385	51345	8.54026682248	165	2250	7.33333333333
SRR1947472	skin	15	NA	NA	none	CG	4146	51345	8.07478819749	182	2250	8.08888888889
SRR1947472	skin	15	NA	NA	none	CT	5467	51345	10.6475800954	269	2250	11.9555555556
SRR1947472	skin	15	NA	NA	none	GA	6443	51345	12.5484467816	267	2250	11.8666666667
SRR1947472	skin	15	NA	NA	none	GC	3444	51345	6.70756646217	179	2250	7.95555555556
SRR1947472	skin	15	NA	NA	none	GT	2881	51345	5.61106242088	131	2250	5.82222222222
SRR1947472	skin	15	NA	NA	none	TA	2643	51345	5.1475314052	133	2250	5.91111111111
SRR1947472	skin	15	NA	NA	none	TC	6196	51345	12.0673872821	280	2250	12.4444444444
SRR1947472	skin	15	NA	NA	none	TG	3125	51345	6.08627909241	122	2250	5.42222222222
SRR1947472	skin	15	15	0.1	e,r	AC	2276	41793	5.44588806738	50	902	5.54323725055
SRR1947472	skin	15	15	0.1	e,r	AG	4568	41793	10.9300600579	91	902	10.088691796
SRR1947472	skin	15	15	0.1	e,r	AT	3016	41793	7.21651951284	70	902	7.76053215078
SRR1947472	skin	15	15	0.1	e,r	CA	3875	41793	9.27188763669	77	902	8.53658536585
SRR1947472	skin	15	15	0.1	e,r	CG	3133	41793	7.49647070084	83	902	9.20177383592
SRR1947472	skin	15	15	0.1	e,r	CT	4679	41793	11.1956547747	89	902	9.86696230599
SRR1947472	skin	15	15	0.1	e,r	GA	4876	41793	11.6670255784	102	902	11.3082039911
SRR1947472	skin	15	15	0.1	e,r	GC	2935	41793	7.02270715192	74	902	8.20399113082
SRR1947472	skin	15	15	0.1	e,r	GT	2495	41793	5.96989926543	57	902	6.31929046563
SRR1947472	skin	15	15	0.1	e,r	TA	2205	41793	5.27600315842	57	902	6.31929046563
SRR1947472	skin	15	15	0.1	e,r	TC	4921	41793	11.7746991123	84	902	9.31263858093
SRR1947472	skin	15	15	0.1	e,r	TG	2814	41793	6.73318498313	68	902	7.53880266075
SRR1947472	skin	10	NA	NA	none	AC	3454	63638	5.42757471951	355	6979	5.08668863734
SRR1947472	skin	10	NA	NA	none	AG	7527	63638	11.8278387127	954	6979	13.6695801691
SRR1947472	skin	10	NA	NA	none	AT	4527	63638	7.11367421981	473	6979	6.77747528299
SRR1947472	skin	10	NA	NA	none	CA	5131	63638	8.06279267105	403	6979	5.77446625591
SRR1947472	skin	10	NA	NA	none	CG	5124	63638	8.0517929539	501	6979	7.17867889382
SRR1947472	skin	10	NA	NA	none	CT	6924	63638	10.8802916496	834	6979	11.9501361227
SRR1947472	skin	10	NA	NA	none	GA	7737	63638	12.1578302272	792	6979	11.3483307064
SRR1947472	skin	10	NA	NA	none	GC	4551	63638	7.15138753575	509	6979	7.29330849692
SRR1947472	skin	10	NA	NA	none	GT	3765	63638	5.91627643861	380	6979	5.44490614701
SRR1947472	skin	10	NA	NA	none	TA	3575	63638	5.61771268739	448	6979	6.41925777332
SRR1947472	skin	10	NA	NA	none	TC	7436	63638	11.6848423898	923	6979	13.2253904571
SRR1947472	skin	10	NA	NA	none	TG	3887	63638	6.10798579465	407	6979	5.83178105746
SRR1947472	skin	NA	NA	NA	u	AC	0	0	0.0	0	0	0.0
SRR1947472	skin	NA	NA	NA	u	AG	0	0	0.0	0	0	0.0
SRR1947472	skin	NA	NA	NA	u	AT	0	0	0.0	0	0	0.0
SRR1947472	skin	NA	NA	NA	u	CA	0	0	0.0	0	0	0.0
SRR1947472	skin	NA	NA	NA	u	CG	0	0	0.0	0	0	0.0
SRR1947472	skin	NA	NA	NA	u	CT	0	0	0.0	0	0	0.0
SRR1947472	skin	NA	NA	NA	u	GA	0	0	0.0	0	0	0.0
SRR1947472	skin	NA	NA	NA	u	GC	0	0	0.0	0	0	0.0
SRR1947472	skin	NA	NA	NA	u	GT	0	0	0.0	0	0	0.0
SRR1947472	skin	NA	NA	NA	u	TA	0	0	0.0	0	0	0.0
SRR1947472	skin	NA	NA	NA	u	TC	0	0	0.0	0	0	0.0
SRR1947472	skin	NA	NA	NA	u	TG	0	0	0.0	0	0	0.0
SRR1947472	skin	NA	NA	NA	e,r,u	AC	0	0	0.0	0	0	0.0
SRR1947472	skin	NA	NA	NA	e,r,u	AG	0	0	0.0	0	0	0.0
SRR1947472	skin	NA	NA	NA	e,r,u	AT	0	0	0.0	0	0	0.0
SRR1947472	skin	NA	NA	NA	e,r,u	CA	0	0	0.0	0	0	0.0
SRR1947472	skin	NA	NA	NA	e,r,u	CG	0	0	0.0	0	0	0.0
SRR1947472	skin	NA	NA	NA	e,r,u	CT	0	0	0.0	0	0	0.0
SRR1947472	skin	NA	NA	NA	e,r,u	GA	0	0	0.0	0	0	0.0
SRR1947472	skin	NA	NA	NA	e,r,u	GC	0	0	0.0	0	0	0.0
SRR1947472	skin	NA	NA	NA	e,r,u	GT	0	0	0.0	0	0	0.0
SRR1947472	skin	NA	NA	NA	e,r,u	TA	0	0	0.0	0	0	0.0
SRR1947472	skin	NA	NA	NA	e,r,u	TC	0	0	0.0	0	0	0.0
SRR1947472	skin	NA	NA	NA	e,r,u	TG	0	0	0.0	0	0	0.0
SRR1947472	skin	NA	NA	NA	r	AC	5737	102081	5.62004682556	1754	31507	5.5670168534
SRR1947472	skin	NA	NA	NA	r	AG	12302	102081	12.0512142318	4641	31507	14.7300599867
SRR1947472	skin	NA	NA	NA	r	AT	7108	102081	6.96309793203	1942	31507	6.16370965182
SRR1947472	skin	NA	NA	NA	r	CA	7506	102081	7.35298439475	1726	31507	5.47814771321
SRR1947472	skin	NA	NA	NA	r	CG	7527	102081	7.37355629353	1959	31507	6.21766591551
SRR1947472	skin	NA	NA	NA	r	CT	11340	102081	11.1088253446	3601	31507	11.4292062081
SRR1947472	skin	NA	NA	NA	r	GA	12017	102081	11.7720241769	3473	31507	11.0229472816
SRR1947472	skin	NA	NA	NA	r	GC	7391	102081	7.24032875853	2100	31507	6.66518551433
SRR1947472	skin	NA	NA	NA	r	GT	6214	102081	6.08732281228	1684	31507	5.34484400292
SRR1947472	skin	NA	NA	NA	r	TA	6284	102081	6.15589580823	1989	31507	6.31288285143
SRR1947472	skin	NA	NA	NA	r	TC	12293	102081	12.0423977038	4673	31507	14.8316247183
SRR1947472	skin	NA	NA	NA	r	TG	6362	102081	6.23230571801	1965	31507	6.23670930269
SRR1947476	brain	NA	5	NA	none	AC	4828	79340	6.08520292412	367	5954	6.16392341283
SRR1947476	brain	NA	5	NA	none	AG	8906	79340	11.2251071339	588	5954	9.87571380584
SRR1947476	brain	NA	5	NA	none	AT	6347	79340	7.99974792034	500	5954	8.3977158213
SRR1947476	brain	NA	5	NA	none	CA	6809	79340	8.58205192841	501	5954	8.41451125294
SRR1947476	brain	NA	5	NA	none	CG	6506	79340	8.20015124779	430	5954	7.22203560632
SRR1947476	brain	NA	5	NA	none	CT	8211	79340	10.3491303252	628	5954	10.5475310715
SRR1947476	brain	NA	5	NA	none	GA	9219	79340	11.6196117973	642	5954	10.7826671145
SRR1947476	brain	NA	5	NA	none	GC	5793	79340	7.30148726998	462	5954	7.75948941888
SRR1947476	brain	NA	5	NA	none	GT	5070	79340	6.3902193093	452	5954	7.59153510245
SRR1947476	brain	NA	5	NA	none	TA	5164	79340	6.50869674817	463	5954	7.77628485052
SRR1947476	brain	NA	5	NA	none	TC	7351	79340	9.26518779934	563	5954	9.45582801478
SRR1947476	brain	NA	5	NA	none	TG	5136	79340	6.47340559617	358	5954	6.01276452805
SRR1947476	brain	15	NA	NA	none	AC	3168	53820	5.88628762542	162	3217	5.03574759092
SRR1947476	brain	15	NA	NA	none	AG	7072	53820	13.1400966184	476	3217	14.796394156
SRR1947476	brain	15	NA	NA	none	AT	3906	53820	7.25752508361	204	3217	6.34131178116
SRR1947476	brain	15	NA	NA	none	CA	4465	53820	8.29617242661	203	3217	6.31022691949
SRR1947476	brain	15	NA	NA	none	CG	4532	53820	8.42066146414	198	3217	6.15480261113
SRR1947476	brain	15	NA	NA	none	CT	5470	53820	10.1635079896	362	3217	11.2527199254
SRR1947476	brain	15	NA	NA	none	GA	6459	53820	12.0011148272	378	3217	11.7500777122
SRR1947476	brain	15	NA	NA	none	GC	3701	53820	6.87662578967	208	3217	6.46565122785
SRR1947476	brain	15	NA	NA	none	GT	2894	53820	5.37718320327	184	3217	5.71961454772
SRR1947476	brain	15	NA	NA	none	TA	2893	53820	5.37532515793	190	3217	5.90612371775
SRR1947476	brain	15	NA	NA	none	TC	5602	53820	10.408769974	473	3217	14.703139571
SRR1947476	brain	15	NA	NA	none	TG	3658	53820	6.79672984021	179	3217	5.56419023935
SRR1947476	brain	NA	NA	0.0	none	AC	32598	575247	5.66678313837	25781	446209	5.77778574614
SRR1947476	brain	NA	NA	0.0	none	AG	87697	575247	15.2451034078	69627	446209	15.6041227317
SRR1947476	brain	NA	NA	0.0	none	AT	35905	575247	6.24166662321	27238	446209	6.10431434597
SRR1947476	brain	NA	NA	0.0	none	CA	31958	575247	5.55552658249	22858	446209	5.12271155445
SRR1947476	brain	NA	NA	0.0	none	CG	34741	575247	6.0393187622	26565	446209	5.95348816362
SRR1947476	brain	NA	NA	0.0	none	CT	66170	575247	11.5028848477	51263	446209	11.4885625346
SRR1947476	brain	NA	NA	0.0	none	GA	65126	575247	11.3213975909	49242	446209	11.0356357671
SRR1947476	brain	NA	NA	0.0	none	GC	34797	575247	6.04905371084	26797	446209	6.00548173614
SRR1947476	brain	NA	NA	0.0	none	GT	30525	575247	5.30641620035	23422	446209	5.24910972213
SRR1947476	brain	NA	NA	0.0	none	TA	34131	575247	5.93327735738	26164	446209	5.86361996284
SRR1947476	brain	NA	NA	0.0	none	TC	87387	575247	15.1912135135	69725	446209	15.6260855339
SRR1947476	brain	NA	NA	0.0	none	TG	34212	575247	5.94735826523	27527	446209	6.16908220139
SRR1947476	brain	NA	NA	NA	none	AC	37948	667739	5.68305879992	30234	523747	5.77263449719
SRR1947476	brain	NA	NA	NA	none	AG	101796	667739	15.2448786128	82070	523747	15.6697794928
SRR1947476	brain	NA	NA	NA	none	AT	42174	667739	6.31594080921	32265	523747	6.16041714797
SRR1947476	brain	NA	NA	NA	none	CA	37212	667739	5.57283609314	27025	523747	5.15993409031
SRR1947476	brain	NA	NA	NA	none	CG	39987	667739	5.98841763024	30866	523747	5.89330344613
SRR1947476	brain	NA	NA	NA	none	CT	75362	667739	11.2861462338	58916	523747	11.2489427147
SRR1947476	brain	NA	NA	NA	none	GA	74516	667739	11.1594500246	57057	523747	10.8940003475
SRR1947476	brain	NA	NA	NA	none	GC	40591	667739	6.07887213417	31458	523747	6.00633511982
SRR1947476	brain	NA	NA	NA	none	GT	36037	667739	5.39686913599	27773	523747	5.30275113748
SRR1947476	brain	NA	NA	NA	none	TA	40517	667739	6.06778995985	31293	523747	5.97483135942
SRR1947476	brain	NA	NA	NA	none	TC	101618	667739	15.2182214907	82475	523747	15.7471069047
SRR1947476	brain	NA	NA	NA	none	TG	39981	667739	5.98751907557	32315	523747	6.16996374204
SRR1947476	brain	NA	10	NA	none	AC	3427	55107	6.21881067741	143	2125	6.72941176471
SRR1947476	brain	NA	10	NA	none	AG	6729	55107	12.2107899178	244	2125	11.4823529412
SRR1947476	brain	NA	10	NA	none	AT	4317	55107	7.83385050901	176	2125	8.28235294118
SRR1947476	brain	NA	10	NA	none	CA	4726	55107	8.57604297095	168	2125	7.90588235294
SRR1947476	brain	NA	10	NA	none	CG	4762	55107	8.64137042481	161	2125	7.57647058824
SRR1947476	brain	NA	10	NA	none	CT	5614	55107	10.1874534996	223	2125	10.4941176471
SRR1947476	brain	NA	10	NA	none	GA	6496	55107	11.7879761192	220	2125	10.3529411765
SRR1947476	brain	NA	10	NA	none	GC	3902	55107	7.08077013809	164	2125	7.71764705882
SRR1947476	brain	NA	10	NA	none	GT	3123	55107	5.66715662257	141	2125	6.63529411765
SRR1947476	brain	NA	10	NA	none	TA	3178	55107	5.76696245486	144	2125	6.77647058824
SRR1947476	brain	NA	10	NA	none	TC	5171	55107	9.38356288675	219	2125	10.3058823529
SRR1947476	brain	NA	10	NA	none	TG	3662	55107	6.64525377901	122	2125	5.74117647059
SRR1947476	brain	NA	NA	NA	u	AC	0	0	0.0	0	0	0.0
SRR1947476	brain	NA	NA	NA	u	AG	0	0	0.0	0	0	0.0
SRR1947476	brain	NA	NA	NA	u	AT	0	0	0.0	0	0	0.0
SRR1947476	brain	NA	NA	NA	u	CA	0	0	0.0	0	0	0.0
SRR1947476	brain	NA	NA	NA	u	CG	0	0	0.0	0	0	0.0
SRR1947476	brain	NA	NA	NA	u	CT	0	0	0.0	0	0	0.0
SRR1947476	brain	NA	NA	NA	u	GA	0	0	0.0	0	0	0.0
SRR1947476	brain	NA	NA	NA	u	GC	0	0	0.0	0	0	0.0
SRR1947476	brain	NA	NA	NA	u	GT	0	0	0.0	0	0	0.0
SRR1947476	brain	NA	NA	NA	u	TA	0	0	0.0	0	0	0.0
SRR1947476	brain	NA	NA	NA	u	TC	0	0	0.0	0	0	0.0
SRR1947476	brain	NA	NA	NA	u	TG	0	0	0.0	0	0	0.0
SRR1947476	brain	NA	NA	NA	e	AC	6892	124466	5.53725515402	2505	45951	5.45145916302
SRR1947476	brain	NA	NA	NA	e	AG	16474	124466	13.2357430945	7149	45951	15.5578768688
SRR1947476	brain	NA	NA	NA	e	AT	9175	124466	7.37149100959	2984	45951	6.49387390916
SRR1947476	brain	NA	NA	NA	e	CA	9096	124466	7.30801986085	2514	45951	5.47104524385
SRR1947476	brain	NA	NA	NA	e	CG	8553	124466	6.87175614224	2586	45951	5.62773389045
SRR1947476	brain	NA	NA	NA	e	CT	13281	124466	10.6703838799	4926	45951	10.720114905
SRR1947476	brain	NA	NA	NA	e	GA	14376	124466	11.5501422075	5045	45951	10.9790864181
SRR1947476	brain	NA	NA	NA	e	GC	8446	124466	6.78578889014	2780	45951	6.04992274379
SRR1947476	brain	NA	NA	NA	e	GT	7474	124466	6.00485273087	2522	45951	5.48845509347
SRR1947476	brain	NA	NA	NA	e	TA	7944	124466	6.3824658943	2996	45951	6.5199886836
SRR1947476	brain	NA	NA	NA	e	TC	14884	124466	11.9582857969	7171	45951	15.6057539553
SRR1947476	brain	NA	NA	NA	e	TG	7871	124466	6.32381533913	2773	45951	6.03468912537
SRR1947476	brain	15	15	0.1	none	AC	2662	43954	6.05633161942	79	1175	6.72340425532
SRR1947476	brain	15	15	0.1	none	AG	5598	43954	12.736042226	147	1175	12.5106382979
SRR1947476	brain	15	15	0.1	none	AT	3379	43954	7.68758247258	94	1175	8.0
SRR1947476	brain	15	15	0.1	none	CA	3930	43954	8.94116576421	100	1175	8.51063829787
SRR1947476	brain	15	15	0.1	none	CG	3861	43954	8.78418346453	83	1175	7.06382978723
SRR1947476	brain	15	15	0.1	none	CT	4395	43954	9.99908995768	118	1175	10.0425531915
SRR1947476	brain	15	15	0.1	none	GA	5364	43954	12.2036674705	125	1175	10.6382978723
SRR1947476	brain	15	15	0.1	none	GC	3001	43954	6.82759248305	89	1175	7.57446808511
SRR1947476	brain	15	15	0.1	none	GT	2260	43954	5.14173909087	68	1175	5.78723404255
SRR1947476	brain	15	15	0.1	none	TA	2331	43954	5.30327160213	72	1175	6.12765957447
SRR1947476	brain	15	15	0.1	none	TC	4027	43954	9.16185102607	122	1175	10.3829787234
SRR1947476	brain	15	15	0.1	none	TG	3146	43954	7.15748282295	78	1175	6.63829787234
SRR1947476	brain	5	NA	NA	none	AC	7387	127517	5.79295309645	2517	46147	5.45430905584
SRR1947476	brain	5	NA	NA	none	AG	16614	127517	13.0288510552	7168	46147	15.532970724
SRR1947476	brain	5	NA	NA	none	AT	9448	127517	7.40920818401	3010	46147	6.52263419074
SRR1947476	brain	5	NA	NA	none	CA	9372	127517	7.34960828752	2523	46147	5.46731098446
SRR1947476	brain	5	NA	NA	none	CG	9115	127517	7.14806653231	2597	46147	5.6276681041
SRR1947476	brain	5	NA	NA	none	CT	13422	127517	10.5256554028	4949	46147	10.7244241229
SRR1947476	brain	5	NA	NA	none	GA	14536	127517	11.3992644118	5053	46147	10.9497908856
SRR1947476	brain	5	NA	NA	none	GC	8604	127517	6.74733564936	2796	46147	6.05889873665
SRR1947476	brain	5	NA	NA	none	GT	7680	127517	6.02272638158	2542	46147	5.50848375842
SRR1947476	brain	5	NA	NA	none	TA	8262	127517	6.47913611518	3008	46147	6.51830021453
SRR1947476	brain	5	NA	NA	none	TC	15089	127517	11.8329320796	7190	46147	15.5806444623
SRR1947476	brain	5	NA	NA	none	TG	7988	127517	6.26426280418	2794	46147	6.05456476044
SRR1947476	brain	NA	NA	NA	e,r,u	AC	0	0	0.0	0	0	0.0
SRR1947476	brain	NA	NA	NA	e,r,u	AG	0	0	0.0	0	0	0.0
SRR1947476	brain	NA	NA	NA	e,r,u	AT	0	0	0.0	0	0	0.0
SRR1947476	brain	NA	NA	NA	e,r,u	CA	0	0	0.0	0	0	0.0
SRR1947476	brain	NA	NA	NA	e,r,u	CG	0	0	0.0	0	0	0.0
SRR1947476	brain	NA	NA	NA	e,r,u	CT	0	0	0.0	0	0	0.0
SRR1947476	brain	NA	NA	NA	e,r,u	GA	0	0	0.0	0	0	0.0
SRR1947476	brain	NA	NA	NA	e,r,u	GC	0	0	0.0	0	0	0.0
SRR1947476	brain	NA	NA	NA	e,r,u	GT	0	0	0.0	0	0	0.0
SRR1947476	brain	NA	NA	NA	e,r,u	TA	0	0	0.0	0	0	0.0
SRR1947476	brain	NA	NA	NA	e,r,u	TC	0	0	0.0	0	0	0.0
SRR1947476	brain	NA	NA	NA	e,r,u	TG	0	0	0.0	0	0	0.0
SRR1947476	brain	NA	NA	0.1	none	AC	7387	127517	5.79295309645	2517	46147	5.45430905584
SRR1947476	brain	NA	NA	0.1	none	AG	16614	127517	13.0288510552	7168	46147	15.532970724
SRR1947476	brain	NA	NA	0.1	none	AT	9448	127517	7.40920818401	3010	46147	6.52263419074
SRR1947476	brain	NA	NA	0.1	none	CA	9372	127517	7.34960828752	2523	46147	5.46731098446
SRR1947476	brain	NA	NA	0.1	none	CG	9115	127517	7.14806653231	2597	46147	5.6276681041
SRR1947476	brain	NA	NA	0.1	none	CT	13422	127517	10.5256554028	4949	46147	10.7244241229
SRR1947476	brain	NA	NA	0.1	none	GA	14536	127517	11.3992644118	5053	46147	10.9497908856
SRR1947476	brain	NA	NA	0.1	none	GC	8604	127517	6.74733564936	2796	46147	6.05889873665
SRR1947476	brain	NA	NA	0.1	none	GT	7680	127517	6.02272638158	2542	46147	5.50848375842
SRR1947476	brain	NA	NA	0.1	none	TA	8262	127517	6.47913611518	3008	46147	6.51830021453
SRR1947476	brain	NA	NA	0.1	none	TC	15089	127517	11.8329320796	7190	46147	15.5806444623
SRR1947476	brain	NA	NA	0.1	none	TG	7988	127517	6.26426280418	2794	46147	6.05456476044
SRR1947476	brain	15	15	0.1	e,r	AC	2199	41507	5.29790155877	75	1140	6.57894736842
SRR1947476	brain	15	15	0.1	e,r	AG	5508	41507	13.2700508348	145	1140	12.7192982456
SRR1947476	brain	15	15	0.1	e,r	AT	3168	41507	7.63244753897	90	1140	7.89473684211
SRR1947476	brain	15	15	0.1	e,r	CA	3690	41507	8.89006673573	97	1140	8.50877192982
SRR1947476	brain	15	15	0.1	e,r	CG	3360	41507	8.09502011709	82	1140	7.19298245614
SRR1947476	brain	15	15	0.1	e,r	CT	4341	41507	10.4584768834	116	1140	10.1754385965
SRR1947476	brain	15	15	0.1	e,r	GA	5241	41507	12.6267858434	124	1140	10.8771929825
SRR1947476	brain	15	15	0.1	e,r	GC	2908	41507	7.00604717277	86	1140	7.54385964912
SRR1947476	brain	15	15	0.1	e,r	GT	2106	41507	5.07384296625	62	1140	5.43859649123
SRR1947476	brain	15	15	0.1	e,r	TA	2051	41507	4.94133519647	70	1140	6.14035087719
SRR1947476	brain	15	15	0.1	e,r	TC	3867	41507	9.31650083119	116	1140	10.1754385965
SRR1947476	brain	15	15	0.1	e,r	TG	3068	41507	7.3915243212	77	1140	6.75438596491
SRR1947476	brain	NA	NA	NA	r	AC	7387	127517	5.79295309645	2517	46147	5.45430905584
SRR1947476	brain	NA	NA	NA	r	AG	16614	127517	13.0288510552	7168	46147	15.532970724
SRR1947476	brain	NA	NA	NA	r	AT	9448	127517	7.40920818401	3010	46147	6.52263419074
SRR1947476	brain	NA	NA	NA	r	CA	9372	127517	7.34960828752	2523	46147	5.46731098446
SRR1947476	brain	NA	NA	NA	r	CG	9115	127517	7.14806653231	2597	46147	5.6276681041
SRR1947476	brain	NA	NA	NA	r	CT	13422	127517	10.5256554028	4949	46147	10.7244241229
SRR1947476	brain	NA	NA	NA	r	GA	14536	127517	11.3992644118	5053	46147	10.9497908856
SRR1947476	brain	NA	NA	NA	r	GC	8604	127517	6.74733564936	2796	46147	6.05889873665
SRR1947476	brain	NA	NA	NA	r	GT	7680	127517	6.02272638158	2542	46147	5.50848375842
SRR1947476	brain	NA	NA	NA	r	TA	8262	127517	6.47913611518	3008	46147	6.51830021453
SRR1947476	brain	NA	NA	NA	r	TC	15089	127517	11.8329320796	7190	46147	15.5806444623
SRR1947476	brain	NA	NA	NA	r	TG	7988	127517	6.26426280418	2794	46147	6.05456476044
SRR1947476	brain	NA	15	NA	none	AC	2662	43954	6.05633161942	79	1175	6.72340425532
SRR1947476	brain	NA	15	NA	none	AG	5598	43954	12.736042226	147	1175	12.5106382979
SRR1947476	brain	NA	15	NA	none	AT	3379	43954	7.68758247258	94	1175	8.0
SRR1947476	brain	NA	15	NA	none	CA	3930	43954	8.94116576421	100	1175	8.51063829787
SRR1947476	brain	NA	15	NA	none	CG	3861	43954	8.78418346453	83	1175	7.06382978723
SRR1947476	brain	NA	15	NA	none	CT	4395	43954	9.99908995768	118	1175	10.0425531915
SRR1947476	brain	NA	15	NA	none	GA	5364	43954	12.2036674705	125	1175	10.6382978723
SRR1947476	brain	NA	15	NA	none	GC	3001	43954	6.82759248305	89	1175	7.57446808511
SRR1947476	brain	NA	15	NA	none	GT	2260	43954	5.14173909087	68	1175	5.78723404255
SRR1947476	brain	NA	15	NA	none	TA	2331	43954	5.30327160213	72	1175	6.12765957447
SRR1947476	brain	NA	15	NA	none	TC	4027	43954	9.16185102607	122	1175	10.3829787234
SRR1947476	brain	NA	15	NA	none	TG	3146	43954	7.15748282295	78	1175	6.63829787234
SRR1947476	brain	10	NA	NA	none	AC	4235	71493	5.92365686151	511	9720	5.25720164609
SRR1947476	brain	10	NA	NA	none	AG	9181	71493	12.8418166814	1460	9720	15.0205761317
SRR1947476	brain	10	NA	NA	none	AT	5318	71493	7.43849048159	622	9720	6.39917695473
SRR1947476	brain	10	NA	NA	none	CA	5759	71493	8.05533408865	583	9720	5.99794238683
SRR1947476	brain	10	NA	NA	none	CG	5755	71493	8.0497391353	580	9720	5.9670781893
SRR1947476	brain	10	NA	NA	none	CT	7391	71493	10.3380750563	1064	9720	10.9465020576
SRR1947476	brain	10	NA	NA	none	GA	8339	71493	11.6640790007	1104	9720	11.3580246914
SRR1947476	brain	10	NA	NA	none	GC	4826	71493	6.75031121928	576	9720	5.92592592593
SRR1947476	brain	10	NA	NA	none	GT	4181	71493	5.84812499126	562	9720	5.78189300412
SRR1947476	brain	10	NA	NA	none	TA	4236	71493	5.92505559985	629	9720	6.47119341564
SRR1947476	brain	10	NA	NA	none	TC	7716	71493	10.7926650162	1479	9720	15.2160493827
SRR1947476	brain	10	NA	NA	none	TG	4556	71493	6.37265186802	550	9720	5.65843621399
SRR1947394	heart	NA	NA	NA	e,r,u	AC	0	0	0.0	0	0	0.0
SRR1947394	heart	NA	NA	NA	e,r,u	AG	0	0	0.0	0	0	0.0
SRR1947394	heart	NA	NA	NA	e,r,u	AT	0	0	0.0	0	0	0.0
SRR1947394	heart	NA	NA	NA	e,r,u	CA	0	0	0.0	0	0	0.0
SRR1947394	heart	NA	NA	NA	e,r,u	CG	0	0	0.0	0	0	0.0
SRR1947394	heart	NA	NA	NA	e,r,u	CT	0	0	0.0	0	0	0.0
SRR1947394	heart	NA	NA	NA	e,r,u	GA	0	0	0.0	0	0	0.0
SRR1947394	heart	NA	NA	NA	e,r,u	GC	0	0	0.0	0	0	0.0
SRR1947394	heart	NA	NA	NA	e,r,u	GT	0	0	0.0	0	0	0.0
SRR1947394	heart	NA	NA	NA	e,r,u	TA	0	0	0.0	0	0	0.0
SRR1947394	heart	NA	NA	NA	e,r,u	TC	0	0	0.0	0	0	0.0
SRR1947394	heart	NA	NA	NA	e,r,u	TG	0	0	0.0	0	0	0.0
SRR1947394	heart	15	NA	NA	none	AC	7660	89653	8.54405318283	118	2502	4.71622701839
SRR1947394	heart	15	NA	NA	none	AG	8673	89653	9.67396517685	342	2502	13.6690647482
SRR1947394	heart	15	NA	NA	none	AT	5410	89653	6.03437698683	178	2502	7.11430855316
SRR1947394	heart	15	NA	NA	none	CA	4812	89653	5.36736082451	174	2502	6.95443645084
SRR1947394	heart	15	NA	NA	none	CG	4652	89653	5.18889496169	174	2502	6.95443645084
SRR1947394	heart	15	NA	NA	none	CT	21191	89653	23.6366881198	305	2502	12.1902478018
SRR1947394	heart	15	NA	NA	none	GA	8708	89653	9.71300458434	287	2502	11.4708233413
SRR1947394	heart	15	NA	NA	none	GC	3987	89653	4.44714621931	175	2502	6.99440447642
SRR1947394	heart	15	NA	NA	none	GT	3621	89653	4.0389055581	159	2502	6.35491606715
SRR1947394	heart	15	NA	NA	none	TA	4091	89653	4.56314903015	153	2502	6.11510791367
SRR1947394	heart	15	NA	NA	none	TC	10620	89653	11.8456716451	319	2502	12.7498001599
SRR1947394	heart	15	NA	NA	none	TG	6228	89653	6.94678371053	118	2502	4.71622701839
SRR1947394	heart	15	15	0.1	none	AC	7392	83923	8.8080740679	63	967	6.51499482937
SRR1947394	heart	15	15	0.1	none	AG	7852	83923	9.35619556022	99	967	10.2378490176
SRR1947394	heart	15	15	0.1	none	AT	5048	83923	6.01503759398	90	967	9.30713547053
SRR1947394	heart	15	15	0.1	none	CA	4387	83923	5.22741084089	82	967	8.47983453981
SRR1947394	heart	15	15	0.1	none	CG	4226	83923	5.03556831858	83	967	8.58324715615
SRR1947394	heart	15	15	0.1	none	CT	20534	83923	24.4676667898	107	967	11.0651499483
SRR1947394	heart	15	15	0.1	none	GA	8022	83923	9.55876219868	86	967	8.89348500517
SRR1947394	heart	15	15	0.1	none	GC	3620	83923	4.31347783087	79	967	8.1695966908
SRR1947394	heart	15	15	0.1	none	GT	3221	83923	3.8380420147	64	967	6.61840744571
SRR1947394	heart	15	15	0.1	none	TA	3794	83923	4.52081074318	72	967	7.44570837642
SRR1947394	heart	15	15	0.1	none	TC	9837	83923	11.7214589564	82	967	8.47983453981
SRR1947394	heart	15	15	0.1	none	TG	5990	83923	7.13749508478	60	967	6.20475698035
SRR1947394	heart	5	NA	NA	none	AC	10391	138794	7.48663486894	1686	32383	5.2064354754
SRR1947394	heart	5	NA	NA	none	AG	15281	138794	11.009841924	5258	32383	16.2369144304
SRR1947394	heart	5	NA	NA	none	AT	8963	138794	6.4577719498	2064	32383	6.37371460334
SRR1947394	heart	5	NA	NA	none	CA	7945	138794	5.72431084917	1741	32383	5.37627767656
SRR1947394	heart	5	NA	NA	none	CG	7922	138794	5.70773952765	1938	32383	5.9846215607
SRR1947394	heart	5	NA	NA	none	CT	26900	138794	19.381241264	3726	32383	11.5060371182
SRR1947394	heart	5	NA	NA	none	GA	14086	138794	10.1488536968	3549	32383	10.9594540345
SRR1947394	heart	5	NA	NA	none	GC	7266	138794	5.23509661801	1981	32383	6.1174072816
SRR1947394	heart	5	NA	NA	none	GT	6683	138794	4.81504964192	1743	32383	5.3824537566
SRR1947394	heart	5	NA	NA	none	TA	7293	138794	5.2545499085	1944	32383	6.00314980082
SRR1947394	heart	5	NA	NA	none	TC	17251	138794	12.4292116374	5269	32383	16.2708828706
SRR1947394	heart	5	NA	NA	none	TG	8813	138794	6.34969811375	1484	32383	4.58265139116
SRR1947394	heart	NA	NA	NA	none	AC	34844	710147	4.9065897624	17925	386918	4.6327645651
SRR1947394	heart	NA	NA	NA	none	AG	104846	710147	14.7639854847	64131	386918	16.5748298089
SRR1947394	heart	NA	NA	NA	none	AT	42304	710147	5.95707649261	24256	386918	6.2690285797
SRR1947394	heart	NA	NA	NA	none	CA	34195	710147	4.81520023319	18982	386918	4.90594906414
SRR1947394	heart	NA	NA	NA	none	CG	34857	710147	4.9084203693	21245	386918	5.49082751384
SRR1947394	heart	NA	NA	NA	none	CT	115718	710147	16.2949361189	48047	386918	12.417876656
SRR1947394	heart	NA	NA	NA	none	GA	77646	710147	10.933792581	44281	386918	11.4445438051
SRR1947394	heart	NA	NA	NA	none	GC	36304	710147	5.11218099915	22692	386918	5.86480856409
SRR1947394	heart	NA	NA	NA	none	GT	32809	710147	4.6200293742	20362	386918	5.2626137838
SRR1947394	heart	NA	NA	NA	none	TA	35184	710147	4.9544671737	22184	386918	5.73351459482
SRR1947394	heart	NA	NA	NA	none	TC	131468	710147	18.5127867892	64889	386918	16.770736952
SRR1947394	heart	NA	NA	NA	none	TG	29972	710147	4.22053462171	17924	386918	4.63250611241
SRR1947394	heart	NA	NA	NA	u	AC	0	0	0.0	0	0	0.0
SRR1947394	heart	NA	NA	NA	u	AG	0	0	0.0	0	0	0.0
SRR1947394	heart	NA	NA	NA	u	AT	0	0	0.0	0	0	0.0
SRR1947394	heart	NA	NA	NA	u	CA	0	0	0.0	0	0	0.0
SRR1947394	heart	NA	NA	NA	u	CG	0	0	0.0	0	0	0.0
SRR1947394	heart	NA	NA	NA	u	CT	0	0	0.0	0	0	0.0
SRR1947394	heart	NA	NA	NA	u	GA	0	0	0.0	0	0	0.0
SRR1947394	heart	NA	NA	NA	u	GC	0	0	0.0	0	0	0.0
SRR1947394	heart	NA	NA	NA	u	GT	0	0	0.0	0	0	0.0
SRR1947394	heart	NA	NA	NA	u	TA	0	0	0.0	0	0	0.0
SRR1947394	heart	NA	NA	NA	u	TC	0	0	0.0	0	0	0.0
SRR1947394	heart	NA	NA	NA	u	TG	0	0	0.0	0	0	0.0
SRR1947394	heart	NA	10	NA	none	AC	7932	90580	8.75689997792	108	1538	7.02210663199
SRR1947394	heart	NA	10	NA	none	AG	8520	90580	9.40604990064	157	1538	10.2080624187
SRR1947394	heart	NA	10	NA	none	AT	5506	90580	6.07860454847	129	1538	8.38751625488
SRR1947394	heart	NA	10	NA	none	CA	5047	90580	5.57187017002	139	1538	9.03771131339
SRR1947394	heart	NA	10	NA	none	CG	4750	90580	5.24398321925	128	1538	8.32249674902
SRR1947394	heart	NA	10	NA	none	CT	21345	90580	23.5648045926	177	1538	11.5084525358
SRR1947394	heart	NA	10	NA	none	GA	8753	90580	9.6632810775	149	1538	9.68790637191
SRR1947394	heart	NA	10	NA	none	GC	4018	90580	4.43585780526	113	1538	7.34720416125
SRR1947394	heart	NA	10	NA	none	GT	3769	90580	4.16096268492	110	1538	7.15214564369
SRR1947394	heart	NA	10	NA	none	TA	4175	90580	4.60918525061	106	1538	6.89206762029
SRR1947394	heart	NA	10	NA	none	TC	10261	90580	11.3281077501	119	1538	7.73732119636
SRR1947394	heart	NA	10	NA	none	TG	6504	90580	7.18039302274	103	1538	6.69700910273
SRR1947394	heart	NA	5	NA	none	AC	8684	104742	8.29084798839	229	3788	6.04540654699
SRR1947394	heart	NA	5	NA	none	AG	9641	104742	9.20452158637	335	3788	8.84371700106
SRR1947394	heart	NA	5	NA	none	AT	6851	104742	6.54083366749	338	3788	8.92291446674
SRR1947394	heart	NA	5	NA	none	CA	6174	104742	5.89448358825	320	3788	8.44772967265
SRR1947394	heart	NA	5	NA	none	CG	5964	104742	5.69399094919	317	3788	8.36853220697
SRR1947394	heart	NA	5	NA	none	CT	22947	104742	21.9081170877	439	3788	11.5892291447
SRR1947394	heart	NA	5	NA	none	GA	10257	104742	9.7926333276	389	3788	10.2692713833
SRR1947394	heart	NA	5	NA	none	GC	5205	104742	4.96935326803	300	3788	7.91974656811
SRR1947394	heart	NA	5	NA	none	GT	4856	104742	4.63615359646	278	3788	7.33896515312
SRR1947394	heart	NA	5	NA	none	TA	5263	104742	5.02472742548	279	3788	7.36536430834
SRR1947394	heart	NA	5	NA	none	TC	11550	104742	11.0270951481	328	3788	8.65892291447
SRR1947394	heart	NA	5	NA	none	TG	7350	104742	7.01724236696	236	3788	6.23020063358
SRR1947394	heart	NA	NA	NA	e	AC	6781	110629	6.12949588263	1679	32217	5.21153428314
SRR1947394	heart	NA	NA	NA	e	AG	15030	110629	13.5859494346	5238	32217	16.2584970668
SRR1947394	heart	NA	NA	NA	e	AT	7094	110629	6.41242350559	2045	32217	6.34758046994
SRR1947394	heart	NA	NA	NA	e	CA	7434	110629	6.71975702573	1730	32217	5.36983580097
SRR1947394	heart	NA	NA	NA	e	CG	7251	110629	6.55433927813	1925	32217	5.97510631033
SRR1947394	heart	NA	NA	NA	e	CT	15021	110629	13.5778141355	3714	32217	11.5280752398
SRR1947394	heart	NA	NA	NA	e	GA	12848	110629	11.613591373	3538	32217	10.9817798057
SRR1947394	heart	NA	NA	NA	e	GC	7010	110629	6.33649404767	1972	32217	6.12099202285
SRR1947394	heart	NA	NA	NA	e	GT	6058	110629	5.47596019127	1731	32217	5.3729397523
SRR1947394	heart	NA	NA	NA	e	TA	6782	110629	6.13039980475	1935	32217	6.00614582363
SRR1947394	heart	NA	NA	NA	e	TC	11504	110629	10.3987200463	5248	32217	16.2895365801
SRR1947394	heart	NA	NA	NA	e	TG	7816	110629	7.06505527484	1462	32217	4.53797684452
SRR1947394	heart	NA	NA	NA	r	AC	10391	138794	7.48663486894	1686	32383	5.2064354754
SRR1947394	heart	NA	NA	NA	r	AG	15281	138794	11.009841924	5258	32383	16.2369144304
SRR1947394	heart	NA	NA	NA	r	AT	8963	138794	6.4577719498	2064	32383	6.37371460334
SRR1947394	heart	NA	NA	NA	r	CA	7945	138794	5.72431084917	1741	32383	5.37627767656
SRR1947394	heart	NA	NA	NA	r	CG	7922	138794	5.70773952765	1938	32383	5.9846215607
SRR1947394	heart	NA	NA	NA	r	CT	26900	138794	19.381241264	3726	32383	11.5060371182
SRR1947394	heart	NA	NA	NA	r	GA	14086	138794	10.1488536968	3549	32383	10.9594540345
SRR1947394	heart	NA	NA	NA	r	GC	7266	138794	5.23509661801	1981	32383	6.1174072816
SRR1947394	heart	NA	NA	NA	r	GT	6683	138794	4.81504964192	1743	32383	5.3824537566
SRR1947394	heart	NA	NA	NA	r	TA	7293	138794	5.2545499085	1944	32383	6.00314980082
SRR1947394	heart	NA	NA	NA	r	TC	17251	138794	12.4292116374	5269	32383	16.2708828706
SRR1947394	heart	NA	NA	NA	r	TG	8813	138794	6.34969811375	1484	32383	4.58265139116
SRR1947394	heart	NA	15	NA	none	AC	7392	83923	8.8080740679	63	967	6.51499482937
SRR1947394	heart	NA	15	NA	none	AG	7852	83923	9.35619556022	99	967	10.2378490176
SRR1947394	heart	NA	15	NA	none	AT	5048	83923	6.01503759398	90	967	9.30713547053
SRR1947394	heart	NA	15	NA	none	CA	4387	83923	5.22741084089	82	967	8.47983453981
SRR1947394	heart	NA	15	NA	none	CG	4226	83923	5.03556831858	83	967	8.58324715615
SRR1947394	heart	NA	15	NA	none	CT	20534	83923	24.4676667898	107	967	11.0651499483
SRR1947394	heart	NA	15	NA	none	GA	8022	83923	9.55876219868	86	967	8.89348500517
SRR1947394	heart	NA	15	NA	none	GC	3620	83923	4.31347783087	79	967	8.1695966908
SRR1947394	heart	NA	15	NA	none	GT	3221	83923	3.8380420147	64	967	6.61840744571
SRR1947394	heart	NA	15	NA	none	TA	3794	83923	4.52081074318	72	967	7.44570837642
SRR1947394	heart	NA	15	NA	none	TC	9837	83923	11.7214589564	82	967	8.47983453981
SRR1947394	heart	NA	15	NA	none	TG	5990	83923	7.13749508478	60	967	6.20475698035
SRR1947394	heart	10	NA	NA	none	AC	8409	101423	8.29101880244	362	7297	4.96094285323
SRR1947394	heart	10	NA	NA	none	AG	10171	101423	10.028297329	1142	7297	15.6502672331
SRR1947394	heart	10	NA	NA	none	AT	6242	101423	6.15442256687	485	7297	6.64656708236
SRR1947394	heart	10	NA	NA	none	CA	5659	101423	5.57960225984	438	7297	6.00246676716
SRR1947394	heart	10	NA	NA	none	CG	5419	101423	5.3429695434	454	7297	6.22173495957
SRR1947394	heart	10	NA	NA	none	CT	22620	101423	22.3026335249	871	7297	11.9364122242
SRR1947394	heart	10	NA	NA	none	GA	10067	101423	9.92575648522	822	7297	11.264903385
SRR1947394	heart	10	NA	NA	none	GC	4708	101423	4.64194512093	434	7297	5.94764971906
SRR1947394	heart	10	NA	NA	none	GT	4405	101423	4.34319631642	412	7297	5.6461559545
SRR1947394	heart	10	NA	NA	none	TA	4849	101423	4.78096684184	446	7297	6.11210086337
SRR1947394	heart	10	NA	NA	none	TC	11906	101423	11.738954675	1083	7297	14.8417157736
SRR1947394	heart	10	NA	NA	none	TG	6968	101423	6.87023653412	348	7297	4.76908318487
SRR1947394	heart	NA	NA	0.1	none	AC	10391	138794	7.48663486894	1686	32383	5.2064354754
SRR1947394	heart	NA	NA	0.1	none	AG	15281	138794	11.009841924	5258	32383	16.2369144304
SRR1947394	heart	NA	NA	0.1	none	AT	8963	138794	6.4577719498	2064	32383	6.37371460334
SRR1947394	heart	NA	NA	0.1	none	CA	7945	138794	5.72431084917	1741	32383	5.37627767656
SRR1947394	heart	NA	NA	0.1	none	CG	7922	138794	5.70773952765	1938	32383	5.9846215607
SRR1947394	heart	NA	NA	0.1	none	CT	26900	138794	19.381241264	3726	32383	11.5060371182
SRR1947394	heart	NA	NA	0.1	none	GA	14086	138794	10.1488536968	3549	32383	10.9594540345
SRR1947394	heart	NA	NA	0.1	none	GC	7266	138794	5.23509661801	1981	32383	6.1174072816
SRR1947394	heart	NA	NA	0.1	none	GT	6683	138794	4.81504964192	1743	32383	5.3824537566
SRR1947394	heart	NA	NA	0.1	none	TA	7293	138794	5.2545499085	1944	32383	6.00314980082
SRR1947394	heart	NA	NA	0.1	none	TC	17251	138794	12.4292116374	5269	32383	16.2708828706
SRR1947394	heart	NA	NA	0.1	none	TG	8813	138794	6.34969811375	1484	32383	4.58265139116
SRR1947394	heart	15	15	0.1	e,r	AC	3800	56112	6.77216994582	61	914	6.67396061269
SRR1947394	heart	15	15	0.1	e,r	AG	7646	56112	13.626318791	96	914	10.5032822757
SRR1947394	heart	15	15	0.1	e,r	AT	3217	56112	5.73317650413	84	914	9.19037199125
SRR1947394	heart	15	15	0.1	e,r	CA	3911	56112	6.96998859424	78	914	8.53391684902
SRR1947394	heart	15	15	0.1	e,r	CG	3593	56112	6.40326489877	80	914	8.75273522976
SRR1947394	heart	15	15	0.1	e,r	CT	8671	56112	15.4530225264	103	914	11.2691466083
SRR1947394	heart	15	15	0.1	e,r	GA	6810	56112	12.1364414029	80	914	8.75273522976
SRR1947394	heart	15	15	0.1	e,r	GC	3382	56112	6.02723125178	74	914	8.09628008753
SRR1947394	heart	15	15	0.1	e,r	GT	2632	56112	4.69061876248	61	914	6.67396061269
SRR1947394	heart	15	15	0.1	e,r	TA	3294	56112	5.87040205304	66	914	7.22100656455
SRR1947394	heart	15	15	0.1	e,r	TC	4125	56112	7.35136869119	74	914	8.09628008753
SRR1947394	heart	15	15	0.1	e,r	TG	5031	56112	8.96599657827	57	914	6.2363238512
SRR1947394	heart	NA	NA	0.0	none	AC	30722	641282	4.79071609682	14569	329464	4.42203093509
SRR1947394	heart	NA	NA	0.0	none	AG	95062	641282	14.8237436884	55369	329464	16.8057815118
SRR1947394	heart	NA	NA	0.0	none	AT	37588	641282	5.86138391534	20459	329464	6.20978316296
SRR1947394	heart	NA	NA	0.0	none	CA	29957	641282	4.67142380419	15614	329464	4.73921278197
SRR1947394	heart	NA	NA	0.0	none	CG	30827	641282	4.80708954875	18057	329464	5.48072020008
SRR1947394	heart	NA	NA	0.0	none	CT	108285	641282	16.885707068	41937	329464	12.728856567
SRR1947394	heart	NA	NA	0.0	none	GA	70109	641282	10.9326318219	38070	329464	11.5551319719
SRR1947394	heart	NA	NA	0.0	none	GC	31964	641282	4.98439064249	19150	329464	5.81247116529
SRR1947394	heart	NA	NA	0.0	none	GT	28812	641282	4.49287520935	17218	329464	5.22606415268
SRR1947394	heart	NA	NA	0.0	none	TA	30431	641282	4.74533824433	18408	329464	5.58725687784
SRR1947394	heart	NA	NA	0.0	none	TC	121053	641282	18.8767188226	55498	329464	16.8449360173
SRR1947394	heart	NA	NA	0.0	none	TG	26472	641282	4.12798113778	15115	329464	4.58775465605
SRR1947480	skin	NA	5	NA	none	AC	10763	168109	6.40239368505	541	8601	6.28996628299
SRR1947480	skin	NA	5	NA	none	AG	23265	168109	13.8392352581	788	8601	9.16172538077
SRR1947480	skin	NA	5	NA	none	AT	10928	168109	6.50054428972	668	8601	7.76653877456
SRR1947480	skin	NA	5	NA	none	CA	10368	168109	6.167427086	601	8601	6.98755958609
SRR1947480	skin	NA	5	NA	none	CG	11862	168109	7.05613619735	505	8601	5.87141030113
SRR1947480	skin	NA	5	NA	none	CT	8842	168109	5.25968270586	313	8601	3.63911173119
SRR1947480	skin	NA	5	NA	none	GA	28302	168109	16.8355055351	1646	8601	19.1373096152
SRR1947480	skin	NA	5	NA	none	GC	15954	168109	9.49027119309	917	8601	10.6615509824
SRR1947480	skin	NA	5	NA	none	GT	12268	168109	7.29764617004	734	8601	8.53389140798
SRR1947480	skin	NA	5	NA	none	TA	10026	168109	5.96398765087	714	8601	8.30136030694
SRR1947480	skin	NA	5	NA	none	TC	15290	168109	9.09528936583	640	8601	7.44099523311
SRR1947480	skin	NA	5	NA	none	TG	10241	168109	6.09188086301	534	8601	6.20858039763
SRR1947480	skin	NA	15	NA	none	AC	7582	118112	6.41933080466	125	2054	6.08568646543
SRR1947480	skin	NA	15	NA	none	AG	18955	118112	16.0483270116	224	2054	10.9055501461
SRR1947480	skin	NA	15	NA	none	AT	7013	118112	5.9375846654	146	2054	7.10808179163
SRR1947480	skin	NA	15	NA	none	CA	6966	118112	5.89779192631	148	2054	7.20545277507
SRR1947480	skin	NA	15	NA	none	CG	9204	118112	7.79260363045	162	2054	7.8870496592
SRR1947480	skin	NA	15	NA	none	CT	7041	118112	5.96129097805	72	2054	3.50535540409
SRR1947480	skin	NA	15	NA	none	GA	18330	118112	15.5191682471	351	2054	17.0886075949
SRR1947480	skin	NA	15	NA	none	GC	10730	118112	9.08459767001	227	2054	11.0516066212
SRR1947480	skin	NA	15	NA	none	GT	7897	118112	6.686026822	168	2054	8.17916260954
SRR1947480	skin	NA	15	NA	none	TA	5641	118112	4.77597534543	145	2054	7.0593962999
SRR1947480	skin	NA	15	NA	none	TC	11692	118112	9.89907884042	159	2054	7.74099318403
SRR1947480	skin	NA	15	NA	none	TG	7061	118112	5.97822405852	127	2054	6.18305744888
SRR1947480	skin	15	15	0.1	e,r	AC	7417	110514	6.71136688564	122	2005	6.08478802993
SRR1947480	skin	15	15	0.1	e,r	AG	16812	110514	15.2125522558	216	2005	10.7730673317
SRR1947480	skin	15	15	0.1	e,r	AT	6669	110514	6.03452956187	141	2005	7.03241895262
SRR1947480	skin	15	15	0.1	e,r	CA	6760	110514	6.11687207051	144	2005	7.18204488778
SRR1947480	skin	15	15	0.1	e,r	CG	8375	110514	7.57822538321	156	2005	7.78054862843
SRR1947480	skin	15	15	0.1	e,r	CT	7015	110514	6.34761206725	71	2005	3.54114713217
SRR1947480	skin	15	15	0.1	e,r	GA	17704	110514	16.0196898131	348	2005	17.3566084788
SRR1947480	skin	15	15	0.1	e,r	GC	10631	110514	9.61959570733	223	2005	11.1221945137
SRR1947480	skin	15	15	0.1	e,r	GT	7760	110514	7.02173480283	165	2005	8.22942643392
SRR1947480	skin	15	15	0.1	e,r	TA	5525	110514	4.99936659609	141	2005	7.03241895262
SRR1947480	skin	15	15	0.1	e,r	TC	11443	110514	10.354344246	155	2005	7.73067331671
SRR1947480	skin	15	15	0.1	e,r	TG	4403	110514	3.98411061042	123	2005	6.13466334165
SRR1947480	skin	NA	NA	NA	e	AC	11538	193666	5.95767971663	1083	33837	3.20063835446
SRR1947480	skin	NA	NA	NA	e	AG	24752	193666	12.7807668873	3444	33837	10.1782072879
SRR1947480	skin	NA	NA	NA	e	AT	12294	193666	6.34804250617	1887	33837	5.5767355262
SRR1947480	skin	NA	NA	NA	e	CA	11998	193666	6.19520204889	1915	33837	5.65948517895
SRR1947480	skin	NA	NA	NA	e	CG	11989	193666	6.19055487282	1159	33837	3.42524455478
SRR1947480	skin	NA	NA	NA	e	CT	13143	193666	6.78642611506	3898	33837	11.5199338003
SRR1947480	skin	NA	NA	NA	e	GA	31650	193666	16.3425691655	4550	33837	13.4468185714
SRR1947480	skin	NA	NA	NA	e	GC	18245	193666	9.4208585916	2663	33837	7.87008304519
SRR1947480	skin	NA	NA	NA	e	GT	14016	193666	7.23720219347	2098	33837	6.20031326654
SRR1947480	skin	NA	NA	NA	e	TA	11712	193666	6.04752512057	1954	33837	5.77474362384
SRR1947480	skin	NA	NA	NA	e	TC	23330	193666	12.0465130689	7662	33837	22.6438514053
SRR1947480	skin	NA	NA	NA	e	TG	8999	193666	4.64665971311	1524	33837	4.50394538523
SRR1947480	skin	15	15	0.1	none	AC	7582	118112	6.41933080466	125	2054	6.08568646543
SRR1947480	skin	15	15	0.1	none	AG	18955	118112	16.0483270116	224	2054	10.9055501461
SRR1947480	skin	15	15	0.1	none	AT	7013	118112	5.9375846654	146	2054	7.10808179163
SRR1947480	skin	15	15	0.1	none	CA	6966	118112	5.89779192631	148	2054	7.20545277507
SRR1947480	skin	15	15	0.1	none	CG	9204	118112	7.79260363045	162	2054	7.8870496592
SRR1947480	skin	15	15	0.1	none	CT	7041	118112	5.96129097805	72	2054	3.50535540409
SRR1947480	skin	15	15	0.1	none	GA	18330	118112	15.5191682471	351	2054	17.0886075949
SRR1947480	skin	15	15	0.1	none	GC	10730	118112	9.08459767001	227	2054	11.0516066212
SRR1947480	skin	15	15	0.1	none	GT	7897	118112	6.686026822	168	2054	8.17916260954
SRR1947480	skin	15	15	0.1	none	TA	5641	118112	4.77597534543	145	2054	7.0593962999
SRR1947480	skin	15	15	0.1	none	TC	11692	118112	9.89907884042	159	2054	7.74099318403
SRR1947480	skin	15	15	0.1	none	TG	7061	118112	5.97822405852	127	2054	6.18305744888
SRR1947480	skin	NA	NA	NA	r	AC	11716	201968	5.80091895746	1089	34039	3.19927142395
SRR1947480	skin	NA	NA	NA	r	AG	26937	201968	13.3372613483	3458	34039	10.1589353389
SRR1947480	skin	NA	NA	NA	r	AT	12676	201968	6.27624178088	1907	34039	5.60239725021
SRR1947480	skin	NA	NA	NA	r	CA	12215	201968	6.04798780005	1920	34039	5.64058873645
SRR1947480	skin	NA	NA	NA	r	CG	12870	201968	6.37229660144	1174	34039	3.44898498781
SRR1947480	skin	NA	NA	NA	r	CT	13208	201968	6.53964984552	3915	34039	11.5015129704
SRR1947480	skin	NA	NA	NA	r	GA	32386	201968	16.0352134992	4570	34039	13.4257763154
SRR1947480	skin	NA	NA	NA	r	GC	18483	201968	9.15144973461	2690	34039	7.9026998443
SRR1947480	skin	NA	NA	NA	r	GT	14219	201968	7.04022419393	2114	34039	6.21052322336
SRR1947480	skin	NA	NA	NA	r	TA	11881	201968	5.88261506773	1966	34039	5.77572784159
SRR1947480	skin	NA	NA	NA	r	TC	23662	201968	11.7157173414	7693	34039	22.600546432
SRR1947480	skin	NA	NA	NA	r	TG	11715	201968	5.80042382952	1543	34039	4.53303563559
SRR1947480	skin	NA	NA	0.1	none	AC	11716	201968	5.80091895746	1089	34039	3.19927142395
SRR1947480	skin	NA	NA	0.1	none	AG	26937	201968	13.3372613483	3458	34039	10.1589353389
SRR1947480	skin	NA	NA	0.1	none	AT	12676	201968	6.27624178088	1907	34039	5.60239725021
SRR1947480	skin	NA	NA	0.1	none	CA	12215	201968	6.04798780005	1920	34039	5.64058873645
SRR1947480	skin	NA	NA	0.1	none	CG	12870	201968	6.37229660144	1174	34039	3.44898498781
SRR1947480	skin	NA	NA	0.1	none	CT	13208	201968	6.53964984552	3915	34039	11.5015129704
SRR1947480	skin	NA	NA	0.1	none	GA	32386	201968	16.0352134992	4570	34039	13.4257763154
SRR1947480	skin	NA	NA	0.1	none	GC	18483	201968	9.15144973461	2690	34039	7.9026998443
SRR1947480	skin	NA	NA	0.1	none	GT	14219	201968	7.04022419393	2114	34039	6.21052322336
SRR1947480	skin	NA	NA	0.1	none	TA	11881	201968	5.88261506773	1966	34039	5.77572784159
SRR1947480	skin	NA	NA	0.1	none	TC	23662	201968	11.7157173414	7693	34039	22.600546432
SRR1947480	skin	NA	NA	0.1	none	TG	11715	201968	5.80042382952	1543	34039	4.53303563559
SRR1947480	skin	5	NA	NA	none	AC	11716	201968	5.80091895746	1089	34039	3.19927142395
SRR1947480	skin	5	NA	NA	none	AG	26937	201968	13.3372613483	3458	34039	10.1589353389
SRR1947480	skin	5	NA	NA	none	AT	12676	201968	6.27624178088	1907	34039	5.60239725021
SRR1947480	skin	5	NA	NA	none	CA	12215	201968	6.04798780005	1920	34039	5.64058873645
SRR1947480	skin	5	NA	NA	none	CG	12870	201968	6.37229660144	1174	34039	3.44898498781
SRR1947480	skin	5	NA	NA	none	CT	13208	201968	6.53964984552	3915	34039	11.5015129704
SRR1947480	skin	5	NA	NA	none	GA	32386	201968	16.0352134992	4570	34039	13.4257763154
SRR1947480	skin	5	NA	NA	none	GC	18483	201968	9.15144973461	2690	34039	7.9026998443
SRR1947480	skin	5	NA	NA	none	GT	14219	201968	7.04022419393	2114	34039	6.21052322336
SRR1947480	skin	5	NA	NA	none	TA	11881	201968	5.88261506773	1966	34039	5.77572784159
SRR1947480	skin	5	NA	NA	none	TC	23662	201968	11.7157173414	7693	34039	22.600546432
SRR1947480	skin	5	NA	NA	none	TG	11715	201968	5.80042382952	1543	34039	4.53303563559
SRR1947480	skin	15	NA	NA	none	AC	8233	129339	6.36544275122	216	4348	4.96780128795
SRR1947480	skin	15	NA	NA	none	AG	20148	129339	15.5776679888	454	4348	10.4415823367
SRR1947480	skin	15	NA	NA	none	AT	7711	129339	5.96185218689	257	4348	5.91076356946
SRR1947480	skin	15	NA	NA	none	CA	7672	129339	5.93169886886	293	4348	6.73873045078
SRR1947480	skin	15	NA	NA	none	CG	9833	129339	7.60250195223	253	4348	5.81876724931
SRR1947480	skin	15	NA	NA	none	CT	8077	129339	6.24482947912	367	4348	8.44066237351
SRR1947480	skin	15	NA	NA	none	GA	20068	129339	15.5158150287	664	4348	15.2713891444
SRR1947480	skin	15	NA	NA	none	GC	11751	129339	9.08542666945	421	4348	9.68261269549
SRR1947480	skin	15	NA	NA	none	GT	8759	129339	6.77212596355	317	4348	7.29070837167
SRR1947480	skin	15	NA	NA	none	TA	6364	129339	4.92040297203	255	4348	5.86476540938
SRR1947480	skin	15	NA	NA	none	TC	13150	129339	10.1670803083	631	4348	14.5124195032
SRR1947480	skin	15	NA	NA	none	TG	7573	129339	5.8551558308	220	4348	5.0597976081
SRR1947480	skin	NA	NA	0.0	none	AC	17896	664287	2.69401629115	6354	414047	1.53460838987
SRR1947480	skin	NA	NA	0.0	none	AG	69458	664287	10.4560227733	40536	414047	9.79019290081
SRR1947480	skin	NA	NA	0.0	none	AT	33158	664287	4.99151722072	20425	414047	4.93301485097
SRR1947480	skin	NA	NA	0.0	none	CA	35442	664287	5.33534451224	22033	414047	5.3213765587
SRR1947480	skin	NA	NA	0.0	none	CG	22537	664287	3.39266010023	9565	414047	2.31012421295
SRR1947480	skin	NA	NA	0.0	none	CT	96643	664287	14.548380444	73274	414047	17.6970247339
SRR1947480	skin	NA	NA	0.0	none	GA	86525	664287	13.0252436071	47478	414047	11.4668141539
SRR1947480	skin	NA	NA	0.0	none	GC	52048	664287	7.83516763086	31589	414047	7.62932710538
SRR1947480	skin	NA	NA	0.0	none	GT	36787	664287	5.53781723863	22117	414047	5.3416641106
SRR1947480	skin	NA	NA	0.0	none	TA	25737	664287	3.87437959797	14443	414047	3.48825133379
SRR1947480	skin	NA	NA	0.0	none	TC	163538	664287	24.6185760071	113002	414047	27.2920707069
SRR1947480	skin	NA	NA	0.0	none	TG	24518	664287	3.6908745768	13231	414047	3.19553094214
SRR1947480	skin	NA	NA	NA	none	AC	20988	739514	2.83808014453	8464	472380	1.791777806
SRR1947480	skin	NA	NA	NA	none	AG	79578	739514	10.7608510454	49002	472380	10.3734281722
SRR1947480	skin	NA	NA	NA	none	AT	37795	739514	5.11078897763	23734	472380	5.02434480715
SRR1947480	skin	NA	NA	NA	none	CA	39991	739514	5.40774075947	25343	472380	5.36496041323
SRR1947480	skin	NA	NA	NA	none	CG	25476	739514	3.44496520688	11668	472380	2.47004530251
SRR1947480	skin	NA	NA	NA	none	CT	102962	739514	13.9229277607	78939	472380	16.7109107075
SRR1947480	skin	NA	NA	NA	none	GA	96863	739514	13.0981969239	54929	472380	11.6281383632
SRR1947480	skin	NA	NA	NA	none	GC	58070	739514	7.85245444981	35958	472380	7.61209195986
SRR1947480	skin	NA	NA	NA	none	GT	41624	739514	5.62856146063	25552	472380	5.40920445404
SRR1947480	skin	NA	NA	NA	none	TA	31019	739514	4.19451153055	18114	472380	3.83462466658
SRR1947480	skin	NA	NA	NA	none	TC	176568	739514	23.8762214103	124590	472380	26.3749523689
SRR1947480	skin	NA	NA	NA	none	TG	28580	739514	3.86470033022	16087	472380	3.40552097887
SRR1947480	skin	NA	NA	NA	e,r,u	AC	0	0	0.0	0	0	0.0
SRR1947480	skin	NA	NA	NA	e,r,u	AG	0	0	0.0	0	0	0.0
SRR1947480	skin	NA	NA	NA	e,r,u	AT	0	0	0.0	0	0	0.0
SRR1947480	skin	NA	NA	NA	e,r,u	CA	0	0	0.0	0	0	0.0
SRR1947480	skin	NA	NA	NA	e,r,u	CG	0	0	0.0	0	0	0.0
SRR1947480	skin	NA	NA	NA	e,r,u	CT	0	0	0.0	0	0	0.0
SRR1947480	skin	NA	NA	NA	e,r,u	GA	0	0	0.0	0	0	0.0
SRR1947480	skin	NA	NA	NA	e,r,u	GC	0	0	0.0	0	0	0.0
SRR1947480	skin	NA	NA	NA	e,r,u	GT	0	0	0.0	0	0	0.0
SRR1947480	skin	NA	NA	NA	e,r,u	TA	0	0	0.0	0	0	0.0
SRR1947480	skin	NA	NA	NA	e,r,u	TC	0	0	0.0	0	0	0.0
SRR1947480	skin	NA	NA	NA	e,r,u	TG	0	0	0.0	0	0	0.0
SRR1947480	skin	NA	10	NA	none	AC	8733	135104	6.4639092847	224	3513	6.37631653857
SRR1947480	skin	NA	10	NA	none	AG	20338	135104	15.0535883468	342	3513	9.73526900085
SRR1947480	skin	NA	10	NA	none	AT	8309	135104	6.15007697774	258	3513	7.34415029889
SRR1947480	skin	NA	10	NA	none	CA	8069	135104	5.97243604927	244	3513	6.94563051523
SRR1947480	skin	NA	10	NA	none	CG	10084	135104	7.46387967788	234	3513	6.6609735269
SRR1947480	skin	NA	10	NA	none	CT	7574	135104	5.6060516343	118	3513	3.35895246228
SRR1947480	skin	NA	10	NA	none	GA	21761	135104	16.1068510185	646	3513	18.3888414461
SRR1947480	skin	NA	10	NA	none	GC	12434	135104	9.20328043581	377	3513	10.73156846
SRR1947480	skin	NA	10	NA	none	GT	9463	135104	7.00423377546	299	3513	8.51124395104
SRR1947480	skin	NA	10	NA	none	TA	7185	135104	5.31812529607	277	3513	7.88499857672
SRR1947480	skin	NA	10	NA	none	TC	12861	135104	9.51933325438	261	3513	7.42954739539
SRR1947480	skin	NA	10	NA	none	TG	8293	135104	6.13823424917	233	3513	6.63250782807
SRR1947480	skin	10	NA	NA	none	AC	9395	151666	6.19453272322	390	9986	3.90546765472
SRR1947480	skin	10	NA	NA	none	AG	22308	151666	14.7086360819	1038	9986	10.3945523733
SRR1947480	skin	10	NA	NA	none	AT	9277	151666	6.11673018343	580	9986	5.80813138394
SRR1947480	skin	10	NA	NA	none	CA	9117	151666	6.01123521422	616	9986	6.16863609053
SRR1947480	skin	10	NA	NA	none	CG	10830	151666	7.14069072831	427	9986	4.27598638093
SRR1947480	skin	10	NA	NA	none	CT	9326	151666	6.14903801775	1049	9986	10.5047065892
SRR1947480	skin	10	NA	NA	none	GA	24239	151666	15.9818284916	1469	9986	14.7105948328
SRR1947480	skin	10	NA	NA	none	GC	13882	151666	9.15300726597	868	9986	8.69216903665
SRR1947480	skin	10	NA	NA	none	GT	10555	151666	6.95937124998	674	9986	6.74944922892
SRR1947480	skin	10	NA	NA	none	TA	8075	151666	5.32419922725	566	9986	5.66793510915
SRR1947480	skin	10	NA	NA	none	TC	15632	151666	10.3068584917	1826	9986	18.2855998398
SRR1947480	skin	10	NA	NA	none	TG	9030	151666	5.95387232471	483	9986	4.83677148007
SRR1947480	skin	NA	NA	NA	u	AC	0	0	0.0	0	0	0.0
SRR1947480	skin	NA	NA	NA	u	AG	0	0	0.0	0	0	0.0
SRR1947480	skin	NA	NA	NA	u	AT	0	0	0.0	0	0	0.0
SRR1947480	skin	NA	NA	NA	u	CA	0	0	0.0	0	0	0.0
SRR1947480	skin	NA	NA	NA	u	CG	0	0	0.0	0	0	0.0
SRR1947480	skin	NA	NA	NA	u	CT	0	0	0.0	0	0	0.0
SRR1947480	skin	NA	NA	NA	u	GA	0	0	0.0	0	0	0.0
SRR1947480	skin	NA	NA	NA	u	GC	0	0	0.0	0	0	0.0
SRR1947480	skin	NA	NA	NA	u	GT	0	0	0.0	0	0	0.0
SRR1947480	skin	NA	NA	NA	u	TA	0	0	0.0	0	0	0.0
SRR1947480	skin	NA	NA	NA	u	TC	0	0	0.0	0	0	0.0
SRR1947480	skin	NA	NA	NA	u	TG	0	0	0.0	0	0	0.0
SRR1947478	liver	NA	NA	0.0	none	AC	23827	481539	4.94809350852	14769	267803	5.51487474001
SRR1947478	liver	NA	NA	0.0	none	AG	65679	481539	13.639393694	39510	267803	14.7533821503
SRR1947478	liver	NA	NA	0.0	none	AT	29725	481539	6.17291642006	16877	267803	6.30202051508
SRR1947478	liver	NA	NA	0.0	none	CA	23125	481539	4.80231092393	13780	267803	5.14557342524
SRR1947478	liver	NA	NA	0.0	none	CG	38341	481539	7.96217959501	16647	267803	6.21613648839
SRR1947478	liver	NA	NA	0.0	none	CT	56158	481539	11.6621914321	32879	267803	12.2773083199
SRR1947478	liver	NA	NA	0.0	none	GA	54873	481539	11.3953386953	29981	267803	11.1951695836
SRR1947478	liver	NA	NA	0.0	none	GC	30508	481539	6.3355200721	17088	267803	6.38080977435
SRR1947478	liver	NA	NA	0.0	none	GT	25709	481539	5.33892374242	15101	267803	5.6388464655
SRR1947478	liver	NA	NA	0.0	none	TA	32526	481539	6.75459308592	15039	267803	5.61569511917
SRR1947478	liver	NA	NA	0.0	none	TC	74284	481539	15.4263725264	39438	267803	14.7264967159
SRR1947478	liver	NA	NA	0.0	none	TG	26784	481539	5.56216630429	16694	267803	6.23368670254
SRR1947478	liver	NA	NA	NA	u	AC	0	0	0.0	0	0	0.0
SRR1947478	liver	NA	NA	NA	u	AG	0	0	0.0	0	0	0.0
SRR1947478	liver	NA	NA	NA	u	AT	0	0	0.0	0	0	0.0
SRR1947478	liver	NA	NA	NA	u	CA	0	0	0.0	0	0	0.0
SRR1947478	liver	NA	NA	NA	u	CG	0	0	0.0	0	0	0.0
SRR1947478	liver	NA	NA	NA	u	CT	0	0	0.0	0	0	0.0
SRR1947478	liver	NA	NA	NA	u	GA	0	0	0.0	0	0	0.0
SRR1947478	liver	NA	NA	NA	u	GC	0	0	0.0	0	0	0.0
SRR1947478	liver	NA	NA	NA	u	GT	0	0	0.0	0	0	0.0
SRR1947478	liver	NA	NA	NA	u	TA	0	0	0.0	0	0	0.0
SRR1947478	liver	NA	NA	NA	u	TC	0	0	0.0	0	0	0.0
SRR1947478	liver	NA	NA	NA	u	TG	0	0	0.0	0	0	0.0
SRR1947478	liver	NA	NA	NA	e	AC	7585	116868	6.49022829175	1522	25854	5.88690338052
SRR1947478	liver	NA	NA	NA	e	AG	11641	116868	9.96081048705	3686	25854	14.2569815116
SRR1947478	liver	NA	NA	NA	e	AT	9713	116868	8.31108601157	1705	25854	6.59472422062
SRR1947478	liver	NA	NA	NA	e	CA	6941	116868	5.93917924496	1443	25854	5.58134137851
SRR1947478	liver	NA	NA	NA	e	CG	7912	116868	6.77003114625	1709	25854	6.6101957144
SRR1947478	liver	NA	NA	NA	e	CT	11938	116868	10.2149433549	2834	25854	10.961553338
SRR1947478	liver	NA	NA	NA	e	GA	11390	116868	9.74603826539	2883	25854	11.1510791367
SRR1947478	liver	NA	NA	NA	e	GC	8339	116868	7.13540062293	1591	25854	6.1537866481
SRR1947478	liver	NA	NA	NA	e	GT	8061	116868	6.89752541329	1405	25854	5.43436218767
SRR1947478	liver	NA	NA	NA	e	TA	7757	116868	6.63740288188	1726	25854	6.67594956293
SRR1947478	liver	NA	NA	NA	e	TC	19345	116868	16.5528630592	3777	25854	14.6089579949
SRR1947478	liver	NA	NA	NA	e	TG	6246	116868	5.34449122086	1573	25854	6.08416492612
SRR1947478	liver	15	15	0.1	e,r	AC	5012	75260	6.65958012224	72	1080	6.66666666667
SRR1947478	liver	15	15	0.1	e,r	AG	6170	75260	8.19824608026	99	1080	9.16666666667
SRR1947478	liver	15	15	0.1	e,r	AT	6884	75260	9.14695721499	99	1080	9.16666666667
SRR1947478	liver	15	15	0.1	e,r	CA	4264	75260	5.66569226681	80	1080	7.40740740741
SRR1947478	liver	15	15	0.1	e,r	CG	5010	75260	6.65692266808	101	1080	9.35185185185
SRR1947478	liver	15	15	0.1	e,r	CT	7345	75260	9.75950039862	104	1080	9.62962962963
SRR1947478	liver	15	15	0.1	e,r	GA	6847	75260	9.09779431305	106	1080	9.81481481481
SRR1947478	liver	15	15	0.1	e,r	GC	5577	75260	7.41031092214	83	1080	7.68518518519
SRR1947478	liver	15	15	0.1	e,r	GT	5526	75260	7.34254584108	75	1080	6.94444444444
SRR1947478	liver	15	15	0.1	e,r	TA	4811	75260	6.39250597927	77	1080	7.12962962963
SRR1947478	liver	15	15	0.1	e,r	TC	14091	75260	18.7230932766	125	1080	11.5740740741
SRR1947478	liver	15	15	0.1	e,r	TG	3723	75260	4.94685091682	59	1080	5.46296296296
SRR1947478	liver	15	15	0.1	none	AC	5051	104609	4.82845644256	73	1147	6.36442894507
SRR1947478	liver	15	15	0.1	none	AG	7112	104609	6.79865021174	101	1147	8.80557977332
SRR1947478	liver	15	15	0.1	none	AT	8018	104609	7.66473248	105	1147	9.15431560593
SRR1947478	liver	15	15	0.1	none	CA	4734	104609	4.52542324274	87	1147	7.5850043592
SRR1947478	liver	15	15	0.1	none	CG	14751	104609	14.1010811689	108	1147	9.41586748038
SRR1947478	liver	15	15	0.1	none	CT	8803	104609	8.41514592435	108	1147	9.41586748038
SRR1947478	liver	15	15	0.1	none	GA	11690	104609	11.1749467063	112	1147	9.76460331299
SRR1947478	liver	15	15	0.1	none	GC	7017	104609	6.70783584586	92	1147	8.02092414996
SRR1947478	liver	15	15	0.1	none	GT	6392	104609	6.11037291246	80	1147	6.97471665214
SRR1947478	liver	15	15	0.1	none	TA	9904	104609	9.46763662782	83	1147	7.23626852659
SRR1947478	liver	15	15	0.1	none	TC	15016	104609	14.3544054527	131	1147	11.4210985179
SRR1947478	liver	15	15	0.1	none	TG	6121	104609	5.85131298454	67	1147	5.84132519616
SRR1947478	liver	NA	5	NA	none	AC	6164	120904	5.09825977635	219	3283	6.67072799269
SRR1947478	liver	NA	5	NA	none	AG	8856	120904	7.32481969166	319	3283	9.7167225099
SRR1947478	liver	NA	5	NA	none	AT	9268	120904	7.66558591941	264	3283	8.04142552543
SRR1947478	liver	NA	5	NA	none	CA	5990	120904	4.9543439423	250	3283	7.61498629302
SRR1947478	liver	NA	5	NA	none	CG	16018	120904	13.2485277576	273	3283	8.31556503198
SRR1947478	liver	NA	5	NA	none	CT	10577	120904	8.74826308476	338	3283	10.2954614682
SRR1947478	liver	NA	5	NA	none	GA	13335	120904	11.0294117647	341	3283	10.3868413037
SRR1947478	liver	NA	5	NA	none	GC	8278	120904	6.84675444981	260	3283	7.91958574475
SRR1947478	liver	NA	5	NA	none	GT	7648	120904	6.32567987825	246	3283	7.49314651234
SRR1947478	liver	NA	5	NA	none	TA	11161	120904	9.23129094157	250	3283	7.61498629302
SRR1947478	liver	NA	5	NA	none	TC	16506	120904	13.6521537749	319	3283	9.7167225099
SRR1947478	liver	NA	5	NA	none	TG	7103	120904	5.87490901873	204	3283	6.21382881511
SRR1947478	liver	5	NA	NA	none	AC	7643	146727	5.2089935731	1527	26039	5.86428050232
SRR1947478	liver	5	NA	NA	none	AG	12611	146727	8.5948734725	3698	26039	14.2017742617
SRR1947478	liver	5	NA	NA	none	AT	10922	146727	7.44375609124	1727	26039	6.63235915358
SRR1947478	liver	5	NA	NA	none	CA	7429	146727	5.0631444792	1456	26039	5.59161258113
SRR1947478	liver	5	NA	NA	none	CG	17691	146727	12.057085608	1722	26039	6.6131571873
SRR1947478	liver	5	NA	NA	none	CT	13444	146727	9.16259447818	2851	26039	10.9489611736
SRR1947478	liver	5	NA	NA	none	GA	16282	146727	11.0967988169	2900	26039	11.1371404432
SRR1947478	liver	5	NA	NA	none	GC	9813	146727	6.68793064671	1611	26039	6.18687353585
SRR1947478	liver	5	NA	NA	none	GT	9015	146727	6.1440634648	1425	26039	5.47256039018
SRR1947478	liver	5	NA	NA	none	TA	12907	146727	8.7966086678	1740	26039	6.68228426591
SRR1947478	liver	5	NA	NA	none	TC	20316	146727	13.8461223906	3795	26039	14.5742924075
SRR1947478	liver	5	NA	NA	none	TG	8654	146727	5.89802831108	1587	26039	6.0947040977
SRR1947478	liver	NA	10	NA	none	AC	5460	110745	4.93024515779	109	1674	6.51135005974
SRR1947478	liver	NA	10	NA	none	AG	7868	110745	7.10460968893	165	1674	9.85663082437
SRR1947478	liver	NA	10	NA	none	AT	8564	110745	7.73308050025	151	1674	9.02031063321
SRR1947478	liver	NA	10	NA	none	CA	5239	110745	4.73068761569	130	1674	7.76583034648
SRR1947478	liver	NA	10	NA	none	CG	15204	110745	13.7288365163	146	1674	8.72162485066
SRR1947478	liver	NA	10	NA	none	CT	9420	110745	8.50602736015	161	1674	9.61768219833
SRR1947478	liver	NA	10	NA	none	GA	12195	110745	11.0117838277	156	1674	9.31899641577
SRR1947478	liver	NA	10	NA	none	GC	7469	110745	6.74432254278	132	1674	7.8853046595
SRR1947478	liver	NA	10	NA	none	GT	6877	110745	6.20976116303	122	1674	7.28793309438
SRR1947478	liver	NA	10	NA	none	TA	10344	110745	9.3403765407	120	1674	7.16845878136
SRR1947478	liver	NA	10	NA	none	TC	15643	110745	14.1252426746	185	1674	11.0513739546
SRR1947478	liver	NA	10	NA	none	TG	6462	110745	5.83502641203	97	1674	5.7945041816
SRR1947478	liver	15	NA	NA	none	AC	5226	108463	4.8182329458	107	1985	5.39042821159
SRR1947478	liver	15	NA	NA	none	AG	7715	108463	7.11302471811	235	1985	11.838790932
SRR1947478	liver	15	NA	NA	none	AT	8385	108463	7.73074689064	171	1985	8.61460957179
SRR1947478	liver	15	NA	NA	none	CA	5003	108463	4.61263287942	142	1985	7.15365239295
SRR1947478	liver	15	NA	NA	none	CG	15057	108463	13.8821533611	177	1985	8.91687657431
SRR1947478	liver	15	NA	NA	none	CT	9209	108463	8.49045296553	198	1985	9.97481108312
SRR1947478	liver	15	NA	NA	none	GA	12125	108463	11.1789273762	225	1985	11.3350125945
SRR1947478	liver	15	NA	NA	none	GC	7244	108463	6.67877525055	135	1985	6.80100755668
SRR1947478	liver	15	NA	NA	none	GT	6580	108463	6.06658491836	116	1985	5.84382871537
SRR1947478	liver	15	NA	NA	none	TA	10205	108463	9.40873846381	142	1985	7.15365239295
SRR1947478	liver	15	NA	NA	none	TC	15441	108463	14.2361911435	234	1985	11.7884130982
SRR1947478	liver	15	NA	NA	none	TG	6273	108463	5.78353908706	103	1985	5.18891687657
SRR1947478	liver	NA	NA	0.1	none	AC	7643	146727	5.2089935731	1527	26039	5.86428050232
SRR1947478	liver	NA	NA	0.1	none	AG	12611	146727	8.5948734725	3698	26039	14.2017742617
SRR1947478	liver	NA	NA	0.1	none	AT	10922	146727	7.44375609124	1727	26039	6.63235915358
SRR1947478	liver	NA	NA	0.1	none	CA	7429	146727	5.0631444792	1456	26039	5.59161258113
SRR1947478	liver	NA	NA	0.1	none	CG	17691	146727	12.057085608	1722	26039	6.6131571873
SRR1947478	liver	NA	NA	0.1	none	CT	13444	146727	9.16259447818	2851	26039	10.9489611736
SRR1947478	liver	NA	NA	0.1	none	GA	16282	146727	11.0967988169	2900	26039	11.1371404432
SRR1947478	liver	NA	NA	0.1	none	GC	9813	146727	6.68793064671	1611	26039	6.18687353585
SRR1947478	liver	NA	NA	0.1	none	GT	9015	146727	6.1440634648	1425	26039	5.47256039018
SRR1947478	liver	NA	NA	0.1	none	TA	12907	146727	8.7966086678	1740	26039	6.68228426591
SRR1947478	liver	NA	NA	0.1	none	TC	20316	146727	13.8461223906	3795	26039	14.5742924075
SRR1947478	liver	NA	NA	0.1	none	TG	8654	146727	5.89802831108	1587	26039	6.0947040977
SRR1947478	liver	NA	15	NA	none	AC	5051	104609	4.82845644256	73	1147	6.36442894507
SRR1947478	liver	NA	15	NA	none	AG	7112	104609	6.79865021174	101	1147	8.80557977332
SRR1947478	liver	NA	15	NA	none	AT	8018	104609	7.66473248	105	1147	9.15431560593
SRR1947478	liver	NA	15	NA	none	CA	4734	104609	4.52542324274	87	1147	7.5850043592
SRR1947478	liver	NA	15	NA	none	CG	14751	104609	14.1010811689	108	1147	9.41586748038
SRR1947478	liver	NA	15	NA	none	CT	8803	104609	8.41514592435	108	1147	9.41586748038
SRR1947478	liver	NA	15	NA	none	GA	11690	104609	11.1749467063	112	1147	9.76460331299
SRR1947478	liver	NA	15	NA	none	GC	7017	104609	6.70783584586	92	1147	8.02092414996
SRR1947478	liver	NA	15	NA	none	GT	6392	104609	6.11037291246	80	1147	6.97471665214
SRR1947478	liver	NA	15	NA	none	TA	9904	104609	9.46763662782	83	1147	7.23626852659
SRR1947478	liver	NA	15	NA	none	TC	15016	104609	14.3544054527	131	1147	11.4210985179
SRR1947478	liver	NA	15	NA	none	TG	6121	104609	5.85131298454	67	1147	5.84132519616
SRR1947478	liver	NA	NA	NA	e,r,u	AC	0	0	0.0	0	0	0.0
SRR1947478	liver	NA	NA	NA	e,r,u	AG	0	0	0.0	0	0	0.0
SRR1947478	liver	NA	NA	NA	e,r,u	AT	0	0	0.0	0	0	0.0
SRR1947478	liver	NA	NA	NA	e,r,u	CA	0	0	0.0	0	0	0.0
SRR1947478	liver	NA	NA	NA	e,r,u	CG	0	0	0.0	0	0	0.0
SRR1947478	liver	NA	NA	NA	e,r,u	CT	0	0	0.0	0	0	0.0
SRR1947478	liver	NA	NA	NA	e,r,u	GA	0	0	0.0	0	0	0.0
SRR1947478	liver	NA	NA	NA	e,r,u	GC	0	0	0.0	0	0	0.0
SRR1947478	liver	NA	NA	NA	e,r,u	GT	0	0	0.0	0	0	0.0
SRR1947478	liver	NA	NA	NA	e,r,u	TA	0	0	0.0	0	0	0.0
SRR1947478	liver	NA	NA	NA	e,r,u	TC	0	0	0.0	0	0	0.0
SRR1947478	liver	NA	NA	NA	e,r,u	TG	0	0	0.0	0	0	0.0
SRR1947478	liver	NA	NA	NA	r	AC	7643	146727	5.2089935731	1527	26039	5.86428050232
SRR1947478	liver	NA	NA	NA	r	AG	12611	146727	8.5948734725	3698	26039	14.2017742617
SRR1947478	liver	NA	NA	NA	r	AT	10922	146727	7.44375609124	1727	26039	6.63235915358
SRR1947478	liver	NA	NA	NA	r	CA	7429	146727	5.0631444792	1456	26039	5.59161258113
SRR1947478	liver	NA	NA	NA	r	CG	17691	146727	12.057085608	1722	26039	6.6131571873
SRR1947478	liver	NA	NA	NA	r	CT	13444	146727	9.16259447818	2851	26039	10.9489611736
SRR1947478	liver	NA	NA	NA	r	GA	16282	146727	11.0967988169	2900	26039	11.1371404432
SRR1947478	liver	NA	NA	NA	r	GC	9813	146727	6.68793064671	1611	26039	6.18687353585
SRR1947478	liver	NA	NA	NA	r	GT	9015	146727	6.1440634648	1425	26039	5.47256039018
SRR1947478	liver	NA	NA	NA	r	TA	12907	146727	8.7966086678	1740	26039	6.68228426591
SRR1947478	liver	NA	NA	NA	r	TC	20316	146727	13.8461223906	3795	26039	14.5742924075
SRR1947478	liver	NA	NA	NA	r	TG	8654	146727	5.89802831108	1587	26039	6.0947040977
SRR1947478	liver	NA	NA	NA	none	AC	27045	536149	5.04430671325	17432	313828	5.55463502301
SRR1947478	liver	NA	NA	NA	none	AG	73018	536149	13.6189753222	46002	313828	14.6583478848
SRR1947478	liver	NA	NA	NA	none	AT	33566	536149	6.26057308696	20044	313828	6.38693806799
SRR1947478	liver	NA	NA	NA	none	CA	26332	536149	4.91132129315	16404	313828	5.22706705584
SRR1947478	liver	NA	NA	NA	none	CG	41705	536149	7.77862124148	19423	313828	6.18905897498
SRR1947478	liver	NA	NA	NA	none	CT	61906	536149	11.546417134	37668	313828	12.0027531004
SRR1947478	liver	NA	NA	NA	none	GA	60751	536149	11.3309919444	34927	313828	11.1293447366
SRR1947478	liver	NA	NA	NA	none	GC	34129	536149	6.3655812097	20058	313828	6.39139911034
SRR1947478	liver	NA	NA	NA	none	GT	29286	536149	5.46228753574	17953	313828	5.72064952777
SRR1947478	liver	NA	NA	NA	none	TA	36509	536149	6.80948766108	18267	313828	5.82070433486
SRR1947478	liver	NA	NA	NA	none	TC	81643	536149	15.2276699201	46023	313828	14.6650394484
SRR1947478	liver	NA	NA	NA	none	TG	30259	536149	5.64376693792	19627	313828	6.254062735
SRR1947478	liver	10	NA	NA	none	AC	5901	117500	5.02212765957	347	5574	6.2253318981
SRR1947478	liver	10	NA	NA	none	AG	8880	117500	7.55744680851	753	5574	13.5091496233
SRR1947478	liver	10	NA	NA	none	AT	9025	117500	7.68085106383	400	5574	7.17617509867
SRR1947478	liver	10	NA	NA	none	CA	5607	117500	4.77191489362	342	5574	6.13562970936
SRR1947478	liver	10	NA	NA	none	CG	15665	117500	13.3319148936	405	5574	7.26587728741
SRR1947478	liver	10	NA	NA	none	CT	10173	117500	8.65787234043	591	5574	10.6027987083
SRR1947478	liver	10	NA	NA	none	GA	13017	117500	11.0782978723	642	5574	11.5177610334
SRR1947478	liver	10	NA	NA	none	GC	7868	117500	6.69617021277	368	5574	6.60208109078
SRR1947478	liver	10	NA	NA	none	GT	7227	117500	6.15063829787	313	5574	5.61535701471
SRR1947478	liver	10	NA	NA	none	TA	10801	117500	9.19234042553	382	5574	6.85324721923
SRR1947478	liver	10	NA	NA	none	TC	16518	117500	14.0578723404	734	5574	13.1682813061
SRR1947478	liver	10	NA	NA	none	TG	6818	117500	5.80255319149	297	5574	5.32831001076
SRR1947477	liver	10	NA	NA	none	AC	9844	178753	5.50704044128	487	7864	6.19277721261
SRR1947477	liver	10	NA	NA	none	AG	13955	178753	7.80686198274	1133	7864	14.4074262462
SRR1947477	liver	10	NA	NA	none	AT	13453	178753	7.5260275352	530	7864	6.73957273652
SRR1947477	liver	10	NA	NA	none	CA	8900	178753	4.97893741643	455	7864	5.78585961343
SRR1947477	liver	10	NA	NA	none	CG	21731	178753	12.1569987637	593	7864	7.54069175992
SRR1947477	liver	10	NA	NA	none	CT	18143	178753	10.1497597243	809	7864	10.2873855544
SRR1947477	liver	10	NA	NA	none	GA	17472	178753	9.77438140898	771	7864	9.80417090539
SRR1947477	liver	10	NA	NA	none	GC	12757	178753	7.13666344061	554	7864	7.04476093591
SRR1947477	liver	10	NA	NA	none	GT	11364	178753	6.35737582027	461	7864	5.86215666328
SRR1947477	liver	10	NA	NA	none	TA	17667	178753	9.88347048721	493	7864	6.26907426246
SRR1947477	liver	10	NA	NA	none	TC	22885	178753	12.8025823343	1054	7864	13.4028484232
SRR1947477	liver	10	NA	NA	none	TG	10582	178753	5.91990064502	524	7864	6.66327568667
SRR1947477	liver	NA	NA	NA	e,r,u	AC	0	0	0.0	0	0	0.0
SRR1947477	liver	NA	NA	NA	e,r,u	AG	0	0	0.0	0	0	0.0
SRR1947477	liver	NA	NA	NA	e,r,u	AT	0	0	0.0	0	0	0.0
SRR1947477	liver	NA	NA	NA	e,r,u	CA	0	0	0.0	0	0	0.0
SRR1947477	liver	NA	NA	NA	e,r,u	CG	0	0	0.0	0	0	0.0
SRR1947477	liver	NA	NA	NA	e,r,u	CT	0	0	0.0	0	0	0.0
SRR1947477	liver	NA	NA	NA	e,r,u	GA	0	0	0.0	0	0	0.0
SRR1947477	liver	NA	NA	NA	e,r,u	GC	0	0	0.0	0	0	0.0
SRR1947477	liver	NA	NA	NA	e,r,u	GT	0	0	0.0	0	0	0.0
SRR1947477	liver	NA	NA	NA	e,r,u	TA	0	0	0.0	0	0	0.0
SRR1947477	liver	NA	NA	NA	e,r,u	TC	0	0	0.0	0	0	0.0
SRR1947477	liver	NA	NA	NA	e,r,u	TG	0	0	0.0	0	0	0.0
SRR1947477	liver	NA	NA	0.1	none	AC	12831	219718	5.83975823556	2571	36715	7.0025874983
SRR1947477	liver	NA	NA	0.1	none	AG	19519	219718	8.88365996414	5637	36715	15.3533977938
SRR1947477	liver	NA	NA	0.1	none	AT	16078	219718	7.31756160169	2184	36715	5.94852240229
SRR1947477	liver	NA	NA	0.1	none	CA	11183	219718	5.08970589574	1877	36715	5.11235189977
SRR1947477	liver	NA	NA	0.1	none	CG	24705	219718	11.2439581646	2653	36715	7.22592945663
SRR1947477	liver	NA	NA	0.1	none	CT	22299	219718	10.1489181587	3528	36715	9.60915157293
SRR1947477	liver	NA	NA	0.1	none	GA	21489	219718	9.78026379268	3523	36715	9.59553316083
SRR1947477	liver	NA	NA	0.1	none	GC	15521	219718	7.06405483392	2475	36715	6.74111398611
SRR1947477	liver	NA	NA	0.1	none	GT	13810	219718	6.28532937675	1923	36715	5.23764129103
SRR1947477	liver	NA	NA	0.1	none	TA	20370	219718	9.27097461291	2145	36715	5.84229878796
SRR1947477	liver	NA	NA	0.1	none	TC	28457	219718	12.9516015984	5575	36715	15.1845294839
SRR1947477	liver	NA	NA	0.1	none	TG	13456	219718	6.12421376492	2624	36715	7.14694266649
SRR1947477	liver	15	NA	NA	none	AC	9070	166677	5.44166261692	166	2735	6.06946983547
SRR1947477	liver	15	NA	NA	none	AG	12518	166677	7.51033435927	342	2735	12.5045703839
SRR1947477	liver	15	NA	NA	none	AT	12593	166677	7.55533156944	206	2735	7.53199268739
SRR1947477	liver	15	NA	NA	none	CA	8193	166677	4.9154952393	194	2735	7.09323583181
SRR1947477	liver	15	NA	NA	none	CG	20834	166677	12.4996250232	222	2735	8.11700182815
SRR1947477	liver	15	NA	NA	none	CT	16903	166677	10.1411712474	288	2735	10.5301645338
SRR1947477	liver	15	NA	NA	none	GA	16362	166677	9.81659137133	291	2735	10.6398537477
SRR1947477	liver	15	NA	NA	none	GC	11816	166677	7.08916047205	193	2735	7.05667276051
SRR1947477	liver	15	NA	NA	none	GT	10449	166677	6.2690113213	181	2735	6.61791590494
SRR1947477	liver	15	NA	NA	none	TA	16796	166677	10.0769752275	192	2735	7.02010968921
SRR1947477	liver	15	NA	NA	none	TC	21455	166677	12.8722019235	321	2735	11.7367458867
SRR1947477	liver	15	NA	NA	none	TG	9688	166677	5.81243962874	139	2735	5.08226691042
SRR1947477	liver	NA	NA	0.0	none	AC	47002	801362	5.86526438738	30426	447764	6.79509741739
SRR1947477	liver	NA	NA	0.0	none	AG	120857	801362	15.0814488334	69737	447764	15.5744990665
SRR1947477	liver	NA	NA	0.0	none	AT	44084	801362	5.50113431882	25084	447764	5.6020582271
SRR1947477	liver	NA	NA	0.0	none	CA	34425	801362	4.29581138112	20233	447764	4.5186750163
SRR1947477	liver	NA	NA	0.0	none	CG	66070	801362	8.24471337548	32554	447764	7.27034777249
SRR1947477	liver	NA	NA	0.0	none	CT	86073	801362	10.7408387221	46921	447764	10.4789576652
SRR1947477	liver	NA	NA	0.0	none	GA	79038	801362	9.86295831347	41658	447764	9.30356169768
SRR1947477	liver	NA	NA	0.0	none	GC	56162	801362	7.00831833803	33391	447764	7.45727660107
SRR1947477	liver	NA	NA	0.0	none	GT	40203	801362	5.01683384039	23248	447764	5.19202079667
SRR1947477	liver	NA	NA	0.0	none	TA	46934	801362	5.85677883404	21361	447764	4.77059343761
SRR1947477	liver	NA	NA	0.0	none	TC	127857	801362	15.9549616777	68434	447764	15.2834975567
SRR1947477	liver	NA	NA	0.0	none	TG	52657	801362	6.57093797809	34717	447764	7.75341474527
SRR1947477	liver	NA	15	NA	none	AC	8756	161454	5.42321651988	106	1578	6.71736375158
SRR1947477	liver	NA	15	NA	none	AG	11673	161454	7.22992307406	149	1578	9.44233206591
SRR1947477	liver	NA	15	NA	none	AT	12242	161454	7.58234543585	134	1578	8.4917617237
SRR1947477	liver	NA	15	NA	none	CA	7885	161454	4.88374397661	121	1578	7.66793409379
SRR1947477	liver	NA	15	NA	none	CG	20481	161454	12.68534691	145	1578	9.18884664132
SRR1947477	liver	NA	15	NA	none	CT	16340	161454	10.1205296865	164	1578	10.3929024081
SRR1947477	liver	NA	15	NA	none	GA	15761	161454	9.76191361007	147	1578	9.31558935361
SRR1947477	liver	NA	15	NA	none	GC	11437	161454	7.08375140907	120	1578	7.60456273764
SRR1947477	liver	NA	15	NA	none	GT	10131	161454	6.27485227991	113	1578	7.16096324461
SRR1947477	liver	NA	15	NA	none	TA	16436	161454	10.1799893468	122	1578	7.73130544994
SRR1947477	liver	NA	15	NA	none	TC	20864	161454	12.9225661798	166	1578	10.5196451204
SRR1947477	liver	NA	15	NA	none	TG	9448	161454	5.85182157147	91	1578	5.76679340938
SRR1947477	liver	NA	NA	NA	r	AC	12831	219718	5.83975823556	2571	36715	7.0025874983
SRR1947477	liver	NA	NA	NA	r	AG	19519	219718	8.88365996414	5637	36715	15.3533977938
SRR1947477	liver	NA	NA	NA	r	AT	16078	219718	7.31756160169	2184	36715	5.94852240229
SRR1947477	liver	NA	NA	NA	r	CA	11183	219718	5.08970589574	1877	36715	5.11235189977
SRR1947477	liver	NA	NA	NA	r	CG	24705	219718	11.2439581646	2653	36715	7.22592945663
SRR1947477	liver	NA	NA	NA	r	CT	22299	219718	10.1489181587	3528	36715	9.60915157293
SRR1947477	liver	NA	NA	NA	r	GA	21489	219718	9.78026379268	3523	36715	9.59553316083
SRR1947477	liver	NA	NA	NA	r	GC	15521	219718	7.06405483392	2475	36715	6.74111398611
SRR1947477	liver	NA	NA	NA	r	GT	13810	219718	6.28532937675	1923	36715	5.23764129103
SRR1947477	liver	NA	NA	NA	r	TA	20370	219718	9.27097461291	2145	36715	5.84229878796
SRR1947477	liver	NA	NA	NA	r	TC	28457	219718	12.9516015984	5575	36715	15.1845294839
SRR1947477	liver	NA	NA	NA	r	TG	13456	219718	6.12421376492	2624	36715	7.14694266649
SRR1947477	liver	15	15	0.1	none	AC	8756	161454	5.42321651988	106	1578	6.71736375158
SRR1947477	liver	15	15	0.1	none	AG	11673	161454	7.22992307406	149	1578	9.44233206591
SRR1947477	liver	15	15	0.1	none	AT	12242	161454	7.58234543585	134	1578	8.4917617237
SRR1947477	liver	15	15	0.1	none	CA	7885	161454	4.88374397661	121	1578	7.66793409379
SRR1947477	liver	15	15	0.1	none	CG	20481	161454	12.68534691	145	1578	9.18884664132
SRR1947477	liver	15	15	0.1	none	CT	16340	161454	10.1205296865	164	1578	10.3929024081
SRR1947477	liver	15	15	0.1	none	GA	15761	161454	9.76191361007	147	1578	9.31558935361
SRR1947477	liver	15	15	0.1	none	GC	11437	161454	7.08375140907	120	1578	7.60456273764
SRR1947477	liver	15	15	0.1	none	GT	10131	161454	6.27485227991	113	1578	7.16096324461
SRR1947477	liver	15	15	0.1	none	TA	16436	161454	10.1799893468	122	1578	7.73130544994
SRR1947477	liver	15	15	0.1	none	TC	20864	161454	12.9225661798	166	1578	10.5196451204
SRR1947477	liver	15	15	0.1	none	TG	9448	161454	5.85182157147	91	1578	5.76679340938
SRR1947477	liver	NA	10	NA	none	AC	9250	168921	5.47593253651	148	2222	6.66066606661
SRR1947477	liver	NA	10	NA	none	AG	12443	168921	7.36616524884	214	2222	9.63096309631
SRR1947477	liver	NA	10	NA	none	AT	12784	168921	7.56803476181	180	2222	8.10081008101
SRR1947477	liver	NA	10	NA	none	CA	8310	168921	4.91945939226	158	2222	7.11071107111
SRR1947477	liver	NA	10	NA	none	CG	21027	168921	12.4478306427	192	2222	8.64086408641
SRR1947477	liver	NA	10	NA	none	CT	17118	168921	10.1337311524	231	2222	10.396039604
SRR1947477	liver	NA	10	NA	none	GA	16418	168921	9.71933625778	203	2222	9.13591359136
SRR1947477	liver	NA	10	NA	none	GC	12140	168921	7.18679145873	181	2222	8.14581458146
SRR1947477	liver	NA	10	NA	none	GT	10817	168921	6.40358510783	174	2222	7.83078307831
SRR1947477	liver	NA	10	NA	none	TA	17001	168921	10.0644680058	170	2222	7.65076507651
SRR1947477	liver	NA	10	NA	none	TC	21627	168921	12.8030262667	231	2222	10.396039604
SRR1947477	liver	NA	10	NA	none	TG	9986	168921	5.91163916861	140	2222	6.30063006301
SRR1947477	liver	NA	NA	NA	e	AC	9391	163284	5.75132897283	2556	36417	7.01870005767
SRR1947477	liver	NA	NA	NA	e	AG	18860	163284	11.5504274761	5603	36417	15.385671527
SRR1947477	liver	NA	NA	NA	e	AT	10495	163284	6.4274515568	2151	36417	5.90658209078
SRR1947477	liver	NA	NA	NA	e	CA	8917	163284	5.46103721124	1862	36417	5.11299667738
SRR1947477	liver	NA	NA	NA	e	CG	11636	163284	7.1262340462	2630	36417	7.22190185902
SRR1947477	liver	NA	NA	NA	e	CT	18004	163284	11.0261875015	3494	36417	9.59442018837
SRR1947477	liver	NA	NA	NA	e	GA	18197	163284	11.1443864677	3508	36417	9.63286377241
SRR1947477	liver	NA	NA	NA	e	GC	13054	163284	7.99465961147	2450	36417	6.72762720707
SRR1947477	liver	NA	NA	NA	e	GT	8610	163284	5.27302123907	1898	36417	5.21185160777
SRR1947477	liver	NA	NA	NA	e	TA	10420	163284	6.38151931604	2115	36417	5.80772716039
SRR1947477	liver	NA	NA	NA	e	TC	23781	163284	14.5641948997	5546	36417	15.2291512206
SRR1947477	liver	NA	NA	NA	e	TG	11919	163284	7.29955170133	2604	36417	7.15050663152
SRR1947477	liver	NA	NA	NA	u	AC	0	0	0.0	0	0	0.0
SRR1947477	liver	NA	NA	NA	u	AG	0	0	0.0	0	0	0.0
SRR1947477	liver	NA	NA	NA	u	AT	0	0	0.0	0	0	0.0
SRR1947477	liver	NA	NA	NA	u	CA	0	0	0.0	0	0	0.0
SRR1947477	liver	NA	NA	NA	u	CG	0	0	0.0	0	0	0.0
SRR1947477	liver	NA	NA	NA	u	CT	0	0	0.0	0	0	0.0
SRR1947477	liver	NA	NA	NA	u	GA	0	0	0.0	0	0	0.0
SRR1947477	liver	NA	NA	NA	u	GC	0	0	0.0	0	0	0.0
SRR1947477	liver	NA	NA	NA	u	GT	0	0	0.0	0	0	0.0
SRR1947477	liver	NA	NA	NA	u	TA	0	0	0.0	0	0	0.0
SRR1947477	liver	NA	NA	NA	u	TC	0	0	0.0	0	0	0.0
SRR1947477	liver	NA	NA	NA	u	TG	0	0	0.0	0	0	0.0
SRR1947477	liver	NA	5	NA	none	AC	10314	183256	5.62819225564	313	4466	7.00850873265
SRR1947477	liver	NA	5	NA	none	AG	13763	183256	7.51025887283	419	4466	9.38199731303
SRR1947477	liver	NA	5	NA	none	AT	13960	183256	7.6177587637	365	4466	8.17286162114
SRR1947477	liver	NA	5	NA	none	CA	9378	183256	5.11743135286	327	4466	7.32198835647
SRR1947477	liver	NA	5	NA	none	CG	22138	183256	12.0803684463	366	4466	8.19525302284
SRR1947477	liver	NA	5	NA	none	CT	18718	183256	10.2141266862	480	4466	10.7478728168
SRR1947477	liver	NA	5	NA	none	GA	17915	183256	9.77594185184	434	4466	9.71786833856
SRR1947477	liver	NA	5	NA	none	GC	13098	183256	7.14737853058	334	4466	7.47872816838
SRR1947477	liver	NA	5	NA	none	GT	11945	183256	6.51820404243	354	4466	7.92655620242
SRR1947477	liver	NA	5	NA	none	TA	18293	183256	9.98221067796	370	4466	8.28481862965
SRR1947477	liver	NA	5	NA	none	TC	22821	183256	12.4530711136	417	4466	9.33721450963
SRR1947477	liver	NA	5	NA	none	TG	10913	183256	5.95505740603	287	4466	6.4263322884
SRR1947477	liver	15	15	0.1	e,r	AC	5363	105602	5.07850230109	98	1451	6.75396278429
SRR1947477	liver	15	15	0.1	e,r	AG	11070	105602	10.4827560084	142	1451	9.78635423846
SRR1947477	liver	15	15	0.1	e,r	AT	6693	105602	6.33794814492	117	1451	8.06340454859
SRR1947477	liver	15	15	0.1	e,r	CA	5636	105602	5.33702013219	111	1451	7.64989662302
SRR1947477	liver	15	15	0.1	e,r	CG	7438	105602	7.04342720782	133	1451	9.1660923501
SRR1947477	liver	15	15	0.1	e,r	CT	12138	105602	11.4941004905	156	1451	10.7512060648
SRR1947477	liver	15	15	0.1	e,r	GA	12513	105602	11.8492074014	139	1451	9.57960027567
SRR1947477	liver	15	15	0.1	e,r	GC	8988	105602	8.51120243935	108	1451	7.44314266023
SRR1947477	liver	15	15	0.1	e,r	GT	4986	105602	4.72150148671	104	1451	7.16747070986
SRR1947477	liver	15	15	0.1	e,r	TA	6596	105602	6.24609382398	112	1451	7.71881461061
SRR1947477	liver	15	15	0.1	e,r	TC	16228	105602	15.3671331982	147	1451	10.1309441764
SRR1947477	liver	15	15	0.1	e,r	TG	7953	105602	7.53110736539	84	1451	5.78911095796
SRR1947477	liver	5	NA	NA	none	AC	12831	219718	5.83975823556	2571	36715	7.0025874983
SRR1947477	liver	5	NA	NA	none	AG	19519	219718	8.88365996414	5637	36715	15.3533977938
SRR1947477	liver	5	NA	NA	none	AT	16078	219718	7.31756160169	2184	36715	5.94852240229
SRR1947477	liver	5	NA	NA	none	CA	11183	219718	5.08970589574	1877	36715	5.11235189977
SRR1947477	liver	5	NA	NA	none	CG	24705	219718	11.2439581646	2653	36715	7.22592945663
SRR1947477	liver	5	NA	NA	none	CT	22299	219718	10.1489181587	3528	36715	9.60915157293
SRR1947477	liver	5	NA	NA	none	GA	21489	219718	9.78026379268	3523	36715	9.59553316083
SRR1947477	liver	5	NA	NA	none	GC	15521	219718	7.06405483392	2475	36715	6.74111398611
SRR1947477	liver	5	NA	NA	none	GT	13810	219718	6.28532937675	1923	36715	5.23764129103
SRR1947477	liver	5	NA	NA	none	TA	20370	219718	9.27097461291	2145	36715	5.84229878796
SRR1947477	liver	5	NA	NA	none	TC	28457	219718	12.9516015984	5575	36715	15.1845294839
SRR1947477	liver	5	NA	NA	none	TG	13456	219718	6.12421376492	2624	36715	7.14694266649
SRR1947477	liver	NA	NA	NA	none	AC	51946	873745	5.94521284814	34723	509351	6.81710647471
SRR1947477	liver	NA	NA	NA	none	AG	131089	873745	15.0031187589	78987	509351	15.5073809613
SRR1947477	liver	NA	NA	NA	none	AT	49057	873745	5.61456717921	29146	509351	5.72218372007
SRR1947477	liver	NA	NA	NA	none	CA	38727	873745	4.43230004177	23655	509351	4.64414519653
SRR1947477	liver	NA	NA	NA	none	CG	70999	873745	8.12582618499	36721	509351	7.20937035561
SRR1947477	liver	NA	NA	NA	none	CT	93094	873745	10.6545960206	52753	509351	10.3569051597
SRR1947477	liver	NA	NA	NA	none	GA	85950	873745	9.8369661629	47376	509351	9.3012480588
SRR1947477	liver	NA	NA	NA	none	GC	60956	873745	6.97640615969	37381	509351	7.33894701296
SRR1947477	liver	NA	NA	NA	none	GT	44203	873745	5.05902751947	26468	509351	5.19641661644
SRR1947477	liver	NA	NA	NA	none	TA	51779	873745	5.92609972017	25281	509351	4.96337496147
SRR1947477	liver	NA	NA	NA	none	TC	138203	873745	15.8173151205	77771	509351	15.2686457865
SRR1947477	liver	NA	NA	NA	none	TG	57742	873745	6.60856428363	39089	509351	7.67427569593
SRR1947455	skin	15	15	0.1	none	AC	2925	45264	6.46208907741	57	990	5.75757575758
SRR1947455	skin	15	15	0.1	none	AG	4975	45264	10.9910745847	112	990	11.3131313131
SRR1947455	skin	15	15	0.1	none	AT	3350	45264	7.40102509721	66	990	6.66666666667
SRR1947455	skin	15	15	0.1	none	CA	4365	45264	9.6434252386	93	990	9.39393939394
SRR1947455	skin	15	15	0.1	none	CG	3700	45264	8.17426652527	89	990	8.9898989899
SRR1947455	skin	15	15	0.1	none	CT	5161	45264	11.4019971721	105	990	10.6060606061
SRR1947455	skin	15	15	0.1	none	GA	5120	45264	11.311417462	103	990	10.404040404
SRR1947455	skin	15	15	0.1	none	GC	2800	45264	6.18593142453	80	990	8.08080808081
SRR1947455	skin	15	15	0.1	none	GT	2643	45264	5.83907741251	63	990	6.36363636364
SRR1947455	skin	15	15	0.1	none	TA	2932	45264	6.47755390597	73	990	7.37373737374
SRR1947455	skin	15	15	0.1	none	TC	4903	45264	10.8320077766	82	990	8.28282828283
SRR1947455	skin	15	15	0.1	none	TG	2390	45264	5.28013432308	67	990	6.76767676768
SRR1947455	skin	NA	NA	0.0	none	AC	19922	425808	4.67863450194	13590	310693	4.37409275394
SRR1947455	skin	NA	NA	0.0	none	AG	65099	425808	15.2883459212	50082	310693	16.1194491025
SRR1947455	skin	NA	NA	0.0	none	AT	27646	425808	6.49259760268	19694	310693	6.33873309022
SRR1947455	skin	NA	NA	0.0	none	CA	25170	425808	5.91111486867	16570	310693	5.33323892074
SRR1947455	skin	NA	NA	0.0	none	CG	26342	425808	6.18635629204	18570	310693	5.97696118033
SRR1947455	skin	NA	NA	0.0	none	CT	51676	425808	12.1359861722	37585	310693	12.0971505634
SRR1947455	skin	NA	NA	0.0	none	GA	50250	425808	11.8010934506	36388	310693	11.7118827911
SRR1947455	skin	NA	NA	0.0	none	GC	25234	425808	5.92614511705	18461	310693	5.94187831718
SRR1947455	skin	NA	NA	0.0	none	GT	23927	425808	5.61919926352	17103	310693	5.50479090292
SRR1947455	skin	NA	NA	0.0	none	TA	26603	425808	6.24765152369	19042	310693	6.12887963359
SRR1947455	skin	NA	NA	0.0	none	TC	64868	425808	15.2340961184	49609	310693	15.9672087881
SRR1947455	skin	NA	NA	0.0	none	TG	19071	425808	4.47877916808	13999	310693	4.50573395603
SRR1947455	skin	5	NA	NA	none	AC	6343	104562	6.06625734014	1562	30720	5.08463541667
SRR1947455	skin	5	NA	NA	none	AG	11845	104562	11.3282071881	4615	30720	15.0227864583
SRR1947455	skin	5	NA	NA	none	AT	7968	104562	7.62035921272	2056	30720	6.69270833333
SRR1947455	skin	5	NA	NA	none	CA	8375	104562	8.00960195865	1824	30720	5.9375
SRR1947455	skin	5	NA	NA	none	CG	7811	104562	7.47020906257	1886	30720	6.13932291667
SRR1947455	skin	5	NA	NA	none	CT	12060	104562	11.5338268205	3507	30720	11.416015625
SRR1947455	skin	5	NA	NA	none	GA	12003	104562	11.4793137086	3497	30720	11.3834635417
SRR1947455	skin	5	NA	NA	none	GC	6830	104562	6.53200971672	1933	30720	6.29231770833
SRR1947455	skin	5	NA	NA	none	GT	6682	104562	6.39046690002	1759	30720	5.72591145833
SRR1947455	skin	5	NA	NA	none	TA	7337	104562	7.01688950097	2037	30720	6.630859375
SRR1947455	skin	5	NA	NA	none	TC	11999	104562	11.4754882271	4652	30720	15.1432291667
SRR1947455	skin	5	NA	NA	none	TG	5309	104562	5.07737036399	1392	30720	4.53125
SRR1947455	skin	10	NA	NA	none	AC	3991	64055	6.23058309265	347	6970	4.97847919656
SRR1947455	skin	10	NA	NA	none	AG	6933	64055	10.8235110452	941	6970	13.5007173601
SRR1947455	skin	10	NA	NA	none	AT	4904	64055	7.65592069315	486	6970	6.97274031564
SRR1947455	skin	10	NA	NA	none	CA	5673	64055	8.856451487	466	6970	6.68579626973
SRR1947455	skin	10	NA	NA	none	CG	5067	64055	7.91038950902	475	6970	6.81492109039
SRR1947455	skin	10	NA	NA	none	CT	7314	64055	11.4183123878	799	6970	11.4634146341
SRR1947455	skin	10	NA	NA	none	GA	7441	64055	11.616579502	835	6970	11.9799139168
SRR1947455	skin	10	NA	NA	none	GC	4141	64055	6.46475684958	473	6970	6.7862266858
SRR1947455	skin	10	NA	NA	none	GT	4068	64055	6.35079228788	431	6970	6.18364418938
SRR1947455	skin	10	NA	NA	none	TA	4379	64055	6.83631254391	472	6970	6.7718794835
SRR1947455	skin	10	NA	NA	none	TC	6822	64055	10.6502224651	901	6970	12.9268292683
SRR1947455	skin	10	NA	NA	none	TG	3322	64055	5.18616813676	344	6970	4.93543758967
SRR1947455	skin	NA	5	NA	none	AC	4824	73163	6.59349671282	317	4805	6.59729448491
SRR1947455	skin	NA	5	NA	none	AG	7046	73163	9.63055096155	393	4805	8.17898022893
SRR1947455	skin	NA	5	NA	none	AT	5928	73163	8.10245615953	412	4805	8.57440166493
SRR1947455	skin	NA	5	NA	none	CA	6558	73163	8.96354714815	400	4805	8.32466181061
SRR1947455	skin	NA	5	NA	none	CG	5898	73163	8.06145182674	389	4805	8.09573361082
SRR1947455	skin	NA	5	NA	none	CT	8414	73163	11.5003485368	556	4805	11.5712799168
SRR1947455	skin	NA	5	NA	none	GA	8399	73163	11.4798463704	546	4805	11.3631633715
SRR1947455	skin	NA	5	NA	none	GC	4890	73163	6.68370624496	369	4805	7.67950052029
SRR1947455	skin	NA	5	NA	none	GT	4874	73163	6.66183726747	360	4805	7.49219562955
SRR1947455	skin	NA	5	NA	none	TA	5282	73163	7.21949619343	398	4805	8.28303850156
SRR1947455	skin	NA	5	NA	none	TC	7091	73163	9.69205746074	383	4805	7.97086368366
SRR1947455	skin	NA	5	NA	none	TG	3959	73163	5.41120511734	282	4805	5.86888657648
SRR1947455	skin	15	NA	NA	none	AC	3255	51001	6.38222779945	126	2420	5.20661157025
SRR1947455	skin	15	NA	NA	none	AG	5672	51001	11.1213505618	299	2420	12.3553719008
SRR1947455	skin	15	NA	NA	none	AT	3801	51001	7.45279504323	161	2420	6.65289256198
SRR1947455	skin	15	NA	NA	none	CA	4742	51001	9.29785690477	198	2420	8.18181818182
SRR1947455	skin	15	NA	NA	none	CG	4165	51001	8.16650653909	196	2420	8.09917355372
SRR1947455	skin	15	NA	NA	none	CT	5847	51001	11.4644810886	291	2420	12.0247933884
SRR1947455	skin	15	NA	NA	none	GA	5943	51001	11.6527126919	311	2420	12.8512396694
SRR1947455	skin	15	NA	NA	none	GC	3145	51001	6.166545754	165	2420	6.81818181818
SRR1947455	skin	15	NA	NA	none	GT	2988	51001	5.85870865277	144	2420	5.95041322314
SRR1947455	skin	15	NA	NA	none	TA	3332	51001	6.53320523127	173	2420	7.14876033058
SRR1947455	skin	15	NA	NA	none	TC	5498	51001	10.7801807808	242	2420	10.0
SRR1947455	skin	15	NA	NA	none	TG	2613	51001	5.12342895237	114	2420	4.71074380165
SRR1947455	skin	NA	NA	NA	r	AC	6343	104562	6.06625734014	1562	30720	5.08463541667
SRR1947455	skin	NA	NA	NA	r	AG	11845	104562	11.3282071881	4615	30720	15.0227864583
SRR1947455	skin	NA	NA	NA	r	AT	7968	104562	7.62035921272	2056	30720	6.69270833333
SRR1947455	skin	NA	NA	NA	r	CA	8375	104562	8.00960195865	1824	30720	5.9375
SRR1947455	skin	NA	NA	NA	r	CG	7811	104562	7.47020906257	1886	30720	6.13932291667
SRR1947455	skin	NA	NA	NA	r	CT	12060	104562	11.5338268205	3507	30720	11.416015625
SRR1947455	skin	NA	NA	NA	r	GA	12003	104562	11.4793137086	3497	30720	11.3834635417
SRR1947455	skin	NA	NA	NA	r	GC	6830	104562	6.53200971672	1933	30720	6.29231770833
SRR1947455	skin	NA	NA	NA	r	GT	6682	104562	6.39046690002	1759	30720	5.72591145833
SRR1947455	skin	NA	NA	NA	r	TA	7337	104562	7.01688950097	2037	30720	6.630859375
SRR1947455	skin	NA	NA	NA	r	TC	11999	104562	11.4754882271	4652	30720	15.1432291667
SRR1947455	skin	NA	NA	NA	r	TG	5309	104562	5.07737036399	1392	30720	4.53125
SRR1947455	skin	NA	NA	NA	e,r,u	AC	0	0	0.0	0	0	0.0
SRR1947455	skin	NA	NA	NA	e,r,u	AG	0	0	0.0	0	0	0.0
SRR1947455	skin	NA	NA	NA	e,r,u	AT	0	0	0.0	0	0	0.0
SRR1947455	skin	NA	NA	NA	e,r,u	CA	0	0	0.0	0	0	0.0
SRR1947455	skin	NA	NA	NA	e,r,u	CG	0	0	0.0	0	0	0.0
SRR1947455	skin	NA	NA	NA	e,r,u	CT	0	0	0.0	0	0	0.0
SRR1947455	skin	NA	NA	NA	e,r,u	GA	0	0	0.0	0	0	0.0
SRR1947455	skin	NA	NA	NA	e,r,u	GC	0	0	0.0	0	0	0.0
SRR1947455	skin	NA	NA	NA	e,r,u	GT	0	0	0.0	0	0	0.0
SRR1947455	skin	NA	NA	NA	e,r,u	TA	0	0	0.0	0	0	0.0
SRR1947455	skin	NA	NA	NA	e,r,u	TC	0	0	0.0	0	0	0.0
SRR1947455	skin	NA	NA	NA	e,r,u	TG	0	0	0.0	0	0	0.0
SRR1947455	skin	NA	NA	NA	u	AC	0	0	0.0	0	0	0.0
SRR1947455	skin	NA	NA	NA	u	AG	0	0	0.0	0	0	0.0
SRR1947455	skin	NA	NA	NA	u	AT	0	0	0.0	0	0	0.0
SRR1947455	skin	NA	NA	NA	u	CA	0	0	0.0	0	0	0.0
SRR1947455	skin	NA	NA	NA	u	CG	0	0	0.0	0	0	0.0
SRR1947455	skin	NA	NA	NA	u	CT	0	0	0.0	0	0	0.0
SRR1947455	skin	NA	NA	NA	u	GA	0	0	0.0	0	0	0.0
SRR1947455	skin	NA	NA	NA	u	GC	0	0	0.0	0	0	0.0
SRR1947455	skin	NA	NA	NA	u	GT	0	0	0.0	0	0	0.0
SRR1947455	skin	NA	NA	NA	u	TA	0	0	0.0	0	0	0.0
SRR1947455	skin	NA	NA	NA	u	TC	0	0	0.0	0	0	0.0
SRR1947455	skin	NA	NA	NA	u	TG	0	0	0.0	0	0	0.0
SRR1947455	skin	NA	NA	NA	none	AC	24346	500300	4.86628023186	17057	370430	4.60464865157
SRR1947455	skin	NA	NA	NA	none	AG	74734	500300	14.9378372976	58486	370430	15.7886780228
SRR1947455	skin	NA	NA	NA	none	AT	33229	500300	6.64181491105	23948	370430	6.46491914802
SRR1947455	skin	NA	NA	NA	none	CA	30035	500300	6.00339796122	20243	370430	5.46473017844
SRR1947455	skin	NA	NA	NA	none	CG	31046	500300	6.20547671397	22216	370430	5.99735442594
SRR1947455	skin	NA	NA	NA	none	CT	59788	500300	11.9504297422	43963	370430	11.868099236
SRR1947455	skin	NA	NA	NA	none	GA	58341	500300	11.661203278	42864	370430	11.5714170019
SRR1947455	skin	NA	NA	NA	none	GC	30147	500300	6.02578452928	22304	370430	6.02111060119
SRR1947455	skin	NA	NA	NA	none	GT	28549	500300	5.7063761743	20686	370430	5.58432092433
SRR1947455	skin	NA	NA	NA	none	TA	32288	500300	6.45372776334	23345	370430	6.30213535621
SRR1947455	skin	NA	NA	NA	none	TC	74670	500300	14.925044973	58234	370430	15.7206489755
SRR1947455	skin	NA	NA	NA	none	TG	23127	500300	4.62262642415	17084	370430	4.61193747807
SRR1947455	skin	NA	10	NA	none	AC	3435	53746	6.39117329662	100	1719	5.81733566027
SRR1947455	skin	NA	10	NA	none	AG	5651	53746	10.5142708295	170	1719	9.88947062245
SRR1947455	skin	NA	10	NA	none	AT	4149	53746	7.7196442526	133	1719	7.73705642816
SRR1947455	skin	NA	10	NA	none	CA	5024	53746	9.34767238492	150	1719	8.7260034904
SRR1947455	skin	NA	10	NA	none	CG	4371	53746	8.13269824731	146	1719	8.49331006399
SRR1947455	skin	NA	10	NA	none	CT	6017	53746	11.1952517397	181	1719	10.5293775451
SRR1947455	skin	NA	10	NA	none	GA	6242	53746	11.6138875451	199	1719	11.5764979639
SRR1947455	skin	NA	10	NA	none	GC	3406	53746	6.3372157928	133	1719	7.73705642816
SRR1947455	skin	NA	10	NA	none	GT	3381	53746	6.29070070331	127	1719	7.38801628854
SRR1947455	skin	NA	10	NA	none	TA	3626	53746	6.74654858036	133	1719	7.73705642816
SRR1947455	skin	NA	10	NA	none	TC	5590	53746	10.4007740111	140	1719	8.14426992437
SRR1947455	skin	NA	10	NA	none	TG	2854	53746	5.31016261675	107	1719	6.22454915649
SRR1947455	skin	15	15	0.1	e,r	AC	2189	43191	5.06818550161	56	965	5.80310880829
SRR1947455	skin	15	15	0.1	e,r	AG	4903	43191	11.3519020166	110	965	11.3989637306
SRR1947455	skin	15	15	0.1	e,r	AT	3265	43191	7.5594452548	62	965	6.42487046632
SRR1947455	skin	15	15	0.1	e,r	CA	3972	43191	9.19636035285	88	965	9.11917098446
SRR1947455	skin	15	15	0.1	e,r	CG	3700	43191	8.56659952305	89	965	9.22279792746
SRR1947455	skin	15	15	0.1	e,r	CT	5073	43191	11.7455025353	102	965	10.5699481865
SRR1947455	skin	15	15	0.1	e,r	GA	4998	43191	11.5718552476	101	965	10.4663212435
SRR1947455	skin	15	15	0.1	e,r	GC	2756	43191	6.38095899609	79	965	8.18652849741
SRR1947455	skin	15	15	0.1	e,r	GT	2539	43191	5.87853951055	61	965	6.32124352332
SRR1947455	skin	15	15	0.1	e,r	TA	2729	43191	6.31844597254	71	965	7.35751295337
SRR1947455	skin	15	15	0.1	e,r	TC	4677	43191	10.8286448566	79	965	8.18652849741
SRR1947455	skin	15	15	0.1	e,r	TG	2390	43191	5.53356023246	67	965	6.94300518135
SRR1947455	skin	NA	15	NA	none	AC	2925	45264	6.46208907741	57	990	5.75757575758
SRR1947455	skin	NA	15	NA	none	AG	4975	45264	10.9910745847	112	990	11.3131313131
SRR1947455	skin	NA	15	NA	none	AT	3350	45264	7.40102509721	66	990	6.66666666667
SRR1947455	skin	NA	15	NA	none	CA	4365	45264	9.6434252386	93	990	9.39393939394
SRR1947455	skin	NA	15	NA	none	CG	3700	45264	8.17426652527	89	990	8.9898989899
SRR1947455	skin	NA	15	NA	none	CT	5161	45264	11.4019971721	105	990	10.6060606061
SRR1947455	skin	NA	15	NA	none	GA	5120	45264	11.311417462	103	990	10.404040404
SRR1947455	skin	NA	15	NA	none	GC	2800	45264	6.18593142453	80	990	8.08080808081
SRR1947455	skin	NA	15	NA	none	GT	2643	45264	5.83907741251	63	990	6.36363636364
SRR1947455	skin	NA	15	NA	none	TA	2932	45264	6.47755390597	73	990	7.37373737374
SRR1947455	skin	NA	15	NA	none	TC	4903	45264	10.8320077766	82	990	8.28282828283
SRR1947455	skin	NA	15	NA	none	TG	2390	45264	5.28013432308	67	990	6.76767676768
SRR1947455	skin	NA	NA	NA	e	AC	5583	102001	5.47347575024	1557	30572	5.0928954599
SRR1947455	skin	NA	NA	NA	e	AG	11722	102001	11.4920441956	4600	30572	15.0464477299
SRR1947455	skin	NA	NA	NA	e	AT	7864	102001	7.709728336	2044	30572	6.68585633913
SRR1947455	skin	NA	NA	NA	e	CA	7969	102001	7.81266850325	1817	30572	5.94334685333
SRR1947455	skin	NA	NA	NA	e	CG	7756	102001	7.60384702111	1875	30572	6.1330629334
SRR1947455	skin	NA	NA	NA	e	CT	11916	102001	11.6822384094	3491	30572	11.4189454403
SRR1947455	skin	NA	NA	NA	e	GA	11851	102001	11.618513544	3487	30572	11.4058615727
SRR1947455	skin	NA	NA	NA	e	GC	6714	102001	6.58228840894	1917	30572	6.27044354311
SRR1947455	skin	NA	NA	NA	e	GT	6534	102001	6.40581955079	1745	30572	5.70783723669
SRR1947455	skin	NA	NA	NA	e	TA	7107	102001	6.96757874923	2028	30572	6.63352086877
SRR1947455	skin	NA	NA	NA	e	TC	11726	102001	11.4959657258	4635	30572	15.1609315714
SRR1947455	skin	NA	NA	NA	e	TG	5259	102001	5.15583180557	1376	30572	4.50085045139
SRR1947455	skin	NA	NA	0.1	none	AC	6343	104562	6.06625734014	1562	30720	5.08463541667
SRR1947455	skin	NA	NA	0.1	none	AG	11845	104562	11.3282071881	4615	30720	15.0227864583
SRR1947455	skin	NA	NA	0.1	none	AT	7968	104562	7.62035921272	2056	30720	6.69270833333
SRR1947455	skin	NA	NA	0.1	none	CA	8375	104562	8.00960195865	1824	30720	5.9375
SRR1947455	skin	NA	NA	0.1	none	CG	7811	104562	7.47020906257	1886	30720	6.13932291667
SRR1947455	skin	NA	NA	0.1	none	CT	12060	104562	11.5338268205	3507	30720	11.416015625
SRR1947455	skin	NA	NA	0.1	none	GA	12003	104562	11.4793137086	3497	30720	11.3834635417
SRR1947455	skin	NA	NA	0.1	none	GC	6830	104562	6.53200971672	1933	30720	6.29231770833
SRR1947455	skin	NA	NA	0.1	none	GT	6682	104562	6.39046690002	1759	30720	5.72591145833
SRR1947455	skin	NA	NA	0.1	none	TA	7337	104562	7.01688950097	2037	30720	6.630859375
SRR1947455	skin	NA	NA	0.1	none	TC	11999	104562	11.4754882271	4652	30720	15.1432291667
SRR1947455	skin	NA	NA	0.1	none	TG	5309	104562	5.07737036399	1392	30720	4.53125
SRR947835	forebrain	NA	NA	0.0	none	AC	23294	424087	5.49274087628	18603	327696	5.67690786583
SRR947835	forebrain	NA	NA	0.0	none	AG	63404	424087	14.9507058693	50881	327696	15.5268907768
SRR947835	forebrain	NA	NA	0.0	none	AT	27068	424087	6.38265261609	20380	327696	6.21917875104
SRR947835	forebrain	NA	NA	0.0	none	CA	23105	424087	5.44817454909	16761	327696	5.11480152336
SRR947835	forebrain	NA	NA	0.0	none	CG	25414	424087	5.99263830299	19024	327696	5.80538059665
SRR947835	forebrain	NA	NA	0.0	none	CT	51600	424087	12.1673147255	39023	327696	11.9082930521
SRR947835	forebrain	NA	NA	0.0	none	GA	48955	424087	11.5436219455	36466	327696	11.1279966798
SRR947835	forebrain	NA	NA	0.0	none	GC	24995	424087	5.89383782101	19752	327696	6.02753771788
SRR947835	forebrain	NA	NA	0.0	none	GT	22601	424087	5.32933100991	17474	327696	5.33238123139
SRR947835	forebrain	NA	NA	0.0	none	TA	24931	424087	5.87874657794	19133	327696	5.83864313266
SRR947835	forebrain	NA	NA	0.0	none	TC	64353	424087	15.174480708	50661	327696	15.459755383
SRR947835	forebrain	NA	NA	0.0	none	TG	24367	424087	5.74575499838	19538	327696	5.96223328939
SRR947835	forebrain	NA	NA	0.1	none	AC	5153	91391	5.63841078443	1822	33873	5.37891536032
SRR947835	forebrain	NA	NA	0.1	none	AG	10802	91391	11.8195445941	5026	33873	14.8377764001
SRR947835	forebrain	NA	NA	0.1	none	AT	6902	91391	7.5521659682	2149	33873	6.34428600951
SRR947835	forebrain	NA	NA	0.1	none	CA	6564	91391	7.18232648729	1924	33873	5.68004014997
SRR947835	forebrain	NA	NA	0.1	none	CG	7120	91391	7.79070149139	2017	33873	5.95459510525
SRR947835	forebrain	NA	NA	0.1	none	CT	10343	91391	11.3173069558	3836	33873	11.3246538541
SRR947835	forebrain	NA	NA	0.1	none	GA	11378	91391	12.4498035912	3899	33873	11.5106426948
SRR947835	forebrain	NA	NA	0.1	none	GC	5660	91391	6.1931700058	2118	33873	6.25276769108
SRR947835	forebrain	NA	NA	0.1	none	GT	5541	91391	6.06296024773	1854	33873	5.47338588256
SRR947835	forebrain	NA	NA	0.1	none	TA	5984	91391	6.54769069164	2172	33873	6.41218669737
SRR947835	forebrain	NA	NA	0.1	none	TC	10409	91391	11.3895241326	5169	33873	15.2599415464
SRR947835	forebrain	NA	NA	0.1	none	TG	5535	91391	6.05639504984	1887	33873	5.57080860863
SRR947835	forebrain	10	NA	NA	none	AC	2910	51550	5.64500484966	363	7037	5.15844820236
SRR947835	forebrain	10	NA	NA	none	AG	5793	51550	11.2376333657	1056	7037	15.0063947705
SRR947835	forebrain	10	NA	NA	none	AT	4013	51550	7.78467507274	471	7037	6.69319312207
SRR947835	forebrain	10	NA	NA	none	CA	3990	51550	7.74005819593	427	7037	6.0679266733
SRR947835	forebrain	10	NA	NA	none	CG	4568	51550	8.86129970902	449	7037	6.38055989768
SRR947835	forebrain	10	NA	NA	none	CT	5850	51550	11.3482056256	818	7037	11.6242717067
SRR947835	forebrain	10	NA	NA	none	GA	6749	51550	13.09214355	835	7037	11.8658519255
SRR947835	forebrain	10	NA	NA	none	GC	2913	51550	5.65082444229	420	7037	5.96845246554
SRR947835	forebrain	10	NA	NA	none	GT	3034	51550	5.88554801164	390	7037	5.54213443229
SRR947835	forebrain	10	NA	NA	none	TA	3089	51550	5.99224054316	428	7037	6.08213727441
SRR947835	forebrain	10	NA	NA	none	TC	5306	51550	10.2929194956	1019	7037	14.4806025295
SRR947835	forebrain	10	NA	NA	none	TG	3335	51550	6.4694471387	361	7037	5.13002700014
SRR947835	forebrain	15	15	0.1	none	AC	2015	34921	5.77016694825	53	869	6.09896432681
SRR947835	forebrain	15	15	0.1	none	AG	3766	34921	10.7843418001	100	869	11.5074798619
SRR947835	forebrain	15	15	0.1	none	AT	2793	34921	7.99805274763	77	869	8.86075949367
SRR947835	forebrain	15	15	0.1	none	CA	2764	34921	7.91500816128	67	869	7.71001150748
SRR947835	forebrain	15	15	0.1	none	CG	3367	34921	9.64176283612	65	869	7.47986191024
SRR947835	forebrain	15	15	0.1	none	CT	3865	34921	11.0678388362	97	869	11.1622554661
SRR947835	forebrain	15	15	0.1	none	GA	4836	34921	13.8484006758	85	869	9.78135788262
SRR947835	forebrain	15	15	0.1	none	GC	1811	34921	5.18599123736	58	869	6.67433831991
SRR947835	forebrain	15	15	0.1	none	GT	1976	34921	5.65848629764	60	869	6.90448791715
SRR947835	forebrain	15	15	0.1	none	TA	1992	34921	5.70430400046	62	869	7.13463751438
SRR947835	forebrain	15	15	0.1	none	TC	3311	34921	9.48140087626	89	869	10.2416570771
SRR947835	forebrain	15	15	0.1	none	TG	2425	34921	6.94424558289	56	869	6.44418872267
SRR947835	forebrain	NA	15	NA	none	AC	2015	34921	5.77016694825	53	869	6.09896432681
SRR947835	forebrain	NA	15	NA	none	AG	3766	34921	10.7843418001	100	869	11.5074798619
SRR947835	forebrain	NA	15	NA	none	AT	2793	34921	7.99805274763	77	869	8.86075949367
SRR947835	forebrain	NA	15	NA	none	CA	2764	34921	7.91500816128	67	869	7.71001150748
SRR947835	forebrain	NA	15	NA	none	CG	3367	34921	9.64176283612	65	869	7.47986191024
SRR947835	forebrain	NA	15	NA	none	CT	3865	34921	11.0678388362	97	869	11.1622554661
SRR947835	forebrain	NA	15	NA	none	GA	4836	34921	13.8484006758	85	869	9.78135788262
SRR947835	forebrain	NA	15	NA	none	GC	1811	34921	5.18599123736	58	869	6.67433831991
SRR947835	forebrain	NA	15	NA	none	GT	1976	34921	5.65848629764	60	869	6.90448791715
SRR947835	forebrain	NA	15	NA	none	TA	1992	34921	5.70430400046	62	869	7.13463751438
SRR947835	forebrain	NA	15	NA	none	TC	3311	34921	9.48140087626	89	869	10.2416570771
SRR947835	forebrain	NA	15	NA	none	TG	2425	34921	6.94424558289	56	869	6.44418872267
SRR947835	forebrain	NA	NA	NA	u	AC	0	0	0.0	0	0	0.0
SRR947835	forebrain	NA	NA	NA	u	AG	0	0	0.0	0	0	0.0
SRR947835	forebrain	NA	NA	NA	u	AT	0	0	0.0	0	0	0.0
SRR947835	forebrain	NA	NA	NA	u	CA	0	0	0.0	0	0	0.0
SRR947835	forebrain	NA	NA	NA	u	CG	0	0	0.0	0	0	0.0
SRR947835	forebrain	NA	NA	NA	u	CT	0	0	0.0	0	0	0.0
SRR947835	forebrain	NA	NA	NA	u	GA	0	0	0.0	0	0	0.0
SRR947835	forebrain	NA	NA	NA	u	GC	0	0	0.0	0	0	0.0
SRR947835	forebrain	NA	NA	NA	u	GT	0	0	0.0	0	0	0.0
SRR947835	forebrain	NA	NA	NA	u	TA	0	0	0.0	0	0	0.0
SRR947835	forebrain	NA	NA	NA	u	TC	0	0	0.0	0	0	0.0
SRR947835	forebrain	NA	NA	NA	u	TG	0	0	0.0	0	0	0.0
SRR947835	forebrain	5	NA	NA	none	AC	5153	91391	5.63841078443	1822	33873	5.37891536032
SRR947835	forebrain	5	NA	NA	none	AG	10802	91391	11.8195445941	5026	33873	14.8377764001
SRR947835	forebrain	5	NA	NA	none	AT	6902	91391	7.5521659682	2149	33873	6.34428600951
SRR947835	forebrain	5	NA	NA	none	CA	6564	91391	7.18232648729	1924	33873	5.68004014997
SRR947835	forebrain	5	NA	NA	none	CG	7120	91391	7.79070149139	2017	33873	5.95459510525
SRR947835	forebrain	5	NA	NA	none	CT	10343	91391	11.3173069558	3836	33873	11.3246538541
SRR947835	forebrain	5	NA	NA	none	GA	11378	91391	12.4498035912	3899	33873	11.5106426948
SRR947835	forebrain	5	NA	NA	none	GC	5660	91391	6.1931700058	2118	33873	6.25276769108
SRR947835	forebrain	5	NA	NA	none	GT	5541	91391	6.06296024773	1854	33873	5.47338588256
SRR947835	forebrain	5	NA	NA	none	TA	5984	91391	6.54769069164	2172	33873	6.41218669737
SRR947835	forebrain	5	NA	NA	none	TC	10409	91391	11.3895241326	5169	33873	15.2599415464
SRR947835	forebrain	5	NA	NA	none	TG	5535	91391	6.05639504984	1887	33873	5.57080860863
SRR947835	forebrain	NA	NA	NA	none	AC	27784	500329	5.55314602991	22321	391441	5.70226419818
SRR947835	forebrain	NA	NA	NA	none	AG	73731	500329	14.7365033808	60157	391441	15.3680886775
SRR947835	forebrain	NA	NA	NA	none	AT	32623	500329	6.52030963626	24790	391441	6.33301059419
SRR947835	forebrain	NA	NA	NA	none	CA	27655	500329	5.52736299515	20357	391441	5.20052830439
SRR947835	forebrain	NA	NA	NA	none	CG	30043	500329	6.004648941	22776	391441	5.81850138335
SRR947835	forebrain	NA	NA	NA	none	CT	59409	500329	11.8739869166	45579	391441	11.6439003579
SRR947835	forebrain	NA	NA	NA	none	GA	57272	500329	11.4468679609	43289	391441	11.0588824369
SRR947835	forebrain	NA	NA	NA	none	GC	29908	500329	5.97766669531	23767	391441	6.07166852731
SRR947835	forebrain	NA	NA	NA	none	GT	27287	500329	5.4538113921	21123	391441	5.39621552162
SRR947835	forebrain	NA	NA	NA	none	TA	30360	500329	6.06800725123	23474	391441	5.99681688939
SRR947835	forebrain	NA	NA	NA	none	TC	75081	500329	15.0063258376	60283	391441	15.4002774364
SRR947835	forebrain	NA	NA	NA	none	TG	29176	500329	5.83136296317	23525	391441	6.00984567278
SRR947835	forebrain	15	15	0.1	e,r	AC	1599	33462	4.77855477855	51	848	6.0141509434
SRR947835	forebrain	15	15	0.1	e,r	AG	3748	33462	11.2007650469	99	848	11.6745283019
SRR947835	forebrain	15	15	0.1	e,r	AT	2617	33462	7.82081166697	74	848	8.72641509434
SRR947835	forebrain	15	15	0.1	e,r	CA	2764	33462	8.26011595242	67	848	7.90094339623
SRR947835	forebrain	15	15	0.1	e,r	CG	3098	33462	9.25826310442	63	848	7.42924528302
SRR947835	forebrain	15	15	0.1	e,r	CT	3807	33462	11.377084454	95	848	11.2028301887
SRR947835	forebrain	15	15	0.1	e,r	GA	4741	33462	14.1683103222	83	848	9.78773584906
SRR947835	forebrain	15	15	0.1	e,r	GC	1596	33462	4.76958938497	53	848	6.25
SRR947835	forebrain	15	15	0.1	e,r	GT	1958	33462	5.85141354372	59	848	6.95754716981
SRR947835	forebrain	15	15	0.1	e,r	TA	1992	33462	5.95302133764	62	848	7.31132075472
SRR947835	forebrain	15	15	0.1	e,r	TC	3117	33462	9.31504393043	86	848	10.141509434
SRR947835	forebrain	15	15	0.1	e,r	TG	2425	33462	7.2470264778	56	848	6.60377358491
SRR947835	forebrain	NA	NA	NA	e	AC	4724	89571	5.27402842438	1815	33754	5.37714048705
SRR947835	forebrain	NA	NA	NA	e	AG	10760	89571	12.0128166482	5019	33754	14.8693488179
SRR947835	forebrain	NA	NA	NA	e	AT	6691	89571	7.47005169084	2137	33754	6.33110149908
SRR947835	forebrain	NA	NA	NA	e	CA	6551	89571	7.31375110248	1921	33754	5.69117734194
SRR947835	forebrain	NA	NA	NA	e	CG	6819	89571	7.61295508591	2007	33754	5.94596196006
SRR947835	forebrain	NA	NA	NA	e	CT	10242	89571	11.4345044713	3821	33754	11.3201398353
SRR947835	forebrain	NA	NA	NA	e	GA	11257	89571	12.5676837369	3890	33754	11.5245600521
SRR947835	forebrain	NA	NA	NA	e	GC	5408	89571	6.03766844179	2106	33754	6.23926053209
SRR947835	forebrain	NA	NA	NA	e	GT	5507	89571	6.14819528642	1846	33754	5.46898145405
SRR947835	forebrain	NA	NA	NA	e	TA	5950	89571	6.6427750053	2165	33754	6.41405463056
SRR947835	forebrain	NA	NA	NA	e	TC	10155	89571	11.33737482	5151	33754	15.2604135806
SRR947835	forebrain	NA	NA	NA	e	TG	5507	89571	6.14819528642	1876	33754	5.55785980921
SRR947835	forebrain	NA	NA	NA	r	AC	5153	91391	5.63841078443	1822	33873	5.37891536032
SRR947835	forebrain	NA	NA	NA	r	AG	10802	91391	11.8195445941	5026	33873	14.8377764001
SRR947835	forebrain	NA	NA	NA	r	AT	6902	91391	7.5521659682	2149	33873	6.34428600951
SRR947835	forebrain	NA	NA	NA	r	CA	6564	91391	7.18232648729	1924	33873	5.68004014997
SRR947835	forebrain	NA	NA	NA	r	CG	7120	91391	7.79070149139	2017	33873	5.95459510525
SRR947835	forebrain	NA	NA	NA	r	CT	10343	91391	11.3173069558	3836	33873	11.3246538541
SRR947835	forebrain	NA	NA	NA	r	GA	11378	91391	12.4498035912	3899	33873	11.5106426948
SRR947835	forebrain	NA	NA	NA	r	GC	5660	91391	6.1931700058	2118	33873	6.25276769108
SRR947835	forebrain	NA	NA	NA	r	GT	5541	91391	6.06296024773	1854	33873	5.47338588256
SRR947835	forebrain	NA	NA	NA	r	TA	5984	91391	6.54769069164	2172	33873	6.41218669737
SRR947835	forebrain	NA	NA	NA	r	TC	10409	91391	11.3895241326	5169	33873	15.2599415464
SRR947835	forebrain	NA	NA	NA	r	TG	5535	91391	6.05639504984	1887	33873	5.57080860863
SRR947835	forebrain	NA	5	NA	none	AC	3339	56552	5.90430046683	233	3827	6.08831983277
SRR947835	forebrain	NA	5	NA	none	AG	5501	56552	9.72733059839	338	3827	8.83198327672
SRR947835	forebrain	NA	5	NA	none	AT	4759	56552	8.41526382798	350	3827	9.14554481317
SRR947835	forebrain	NA	5	NA	none	CA	4652	56552	8.22605743387	321	3827	8.38777110008
SRR947835	forebrain	NA	5	NA	none	CG	5111	56552	9.0376998161	298	3827	7.78677815521
SRR947835	forebrain	NA	5	NA	none	CT	6296	56552	11.1331164238	431	3827	11.2620851842
SRR947835	forebrain	NA	5	NA	none	GA	7327	56552	12.9562172867	422	3827	11.0269140319
SRR947835	forebrain	NA	5	NA	none	GC	3536	56552	6.25265242609	297	3827	7.76064802718
SRR947835	forebrain	NA	5	NA	none	GT	3651	56552	6.45600509266	293	3827	7.65612751502
SRR947835	forebrain	NA	5	NA	none	TA	3805	56552	6.72832083746	320	3827	8.36164097204
SRR947835	forebrain	NA	5	NA	none	TC	4956	56552	8.76361578724	312	3827	8.15259994774
SRR947835	forebrain	NA	5	NA	none	TG	3619	56552	6.39942000283	212	3827	5.53958714398
SRR947835	forebrain	NA	10	NA	none	AC	2484	41594	5.9720151945	93	1438	6.46731571627
SRR947835	forebrain	NA	10	NA	none	AG	4283	41594	10.297158244	143	1438	9.94436717663
SRR947835	forebrain	NA	10	NA	none	AT	3362	41594	8.08289657162	125	1438	8.6926286509
SRR947835	forebrain	NA	10	NA	none	CA	3370	41594	8.10213011492	117	1438	8.13630041725
SRR947835	forebrain	NA	10	NA	none	CG	3918	41594	9.41962783094	111	1438	7.719054242
SRR947835	forebrain	NA	10	NA	none	CT	4599	41594	11.0568832043	161	1438	11.1961057024
SRR947835	forebrain	NA	10	NA	none	GA	5559	41594	13.3649084003	148	1438	10.2920723227
SRR947835	forebrain	NA	10	NA	none	GC	2259	41594	5.4310717892	96	1438	6.67593880389
SRR947835	forebrain	NA	10	NA	none	GT	2498	41594	6.00567389527	105	1438	7.30180806676
SRR947835	forebrain	NA	10	NA	none	TA	2477	41594	5.95518584411	103	1438	7.16272600834
SRR947835	forebrain	NA	10	NA	none	TC	3884	41594	9.33788527191	139	1438	9.66620305981
SRR947835	forebrain	NA	10	NA	none	TG	2901	41594	6.97456363899	97	1438	6.7454798331
SRR947835	forebrain	15	NA	NA	none	AC	2280	40016	5.69772091164	98	2148	4.56238361266
SRR947835	forebrain	15	NA	NA	none	AG	4533	40016	11.3279688125	312	2148	14.5251396648
SRR947835	forebrain	15	NA	NA	none	AT	3106	40016	7.7618952419	150	2148	6.98324022346
SRR947835	forebrain	15	NA	NA	none	CA	3139	40016	7.8443622551	144	2148	6.70391061453
SRR947835	forebrain	15	NA	NA	none	CG	3647	40016	9.11385445822	132	2148	6.14525139665
SRR947835	forebrain	15	NA	NA	none	CT	4480	40016	11.1955217913	275	2148	12.8026070764
SRR947835	forebrain	15	NA	NA	none	GA	5437	40016	13.5870651739	249	2148	11.5921787709
SRR947835	forebrain	15	NA	NA	none	GC	2163	40016	5.40533786485	133	2148	6.19180633147
SRR947835	forebrain	15	NA	NA	none	GT	2250	40016	5.62275089964	122	2148	5.67970204842
SRR947835	forebrain	15	NA	NA	none	TA	2344	40016	5.85765693723	141	2148	6.56424581006
SRR947835	forebrain	15	NA	NA	none	TC	3940	40016	9.84606157537	281	2148	13.0819366853
SRR947835	forebrain	15	NA	NA	none	TG	2697	40016	6.73980407837	111	2148	5.16759776536
SRR947835	forebrain	NA	NA	NA	e,r,u	AC	0	0	0.0	0	0	0.0
SRR947835	forebrain	NA	NA	NA	e,r,u	AG	0	0	0.0	0	0	0.0
SRR947835	forebrain	NA	NA	NA	e,r,u	AT	0	0	0.0	0	0	0.0
SRR947835	forebrain	NA	NA	NA	e,r,u	CA	0	0	0.0	0	0	0.0
SRR947835	forebrain	NA	NA	NA	e,r,u	CG	0	0	0.0	0	0	0.0
SRR947835	forebrain	NA	NA	NA	e,r,u	CT	0	0	0.0	0	0	0.0
SRR947835	forebrain	NA	NA	NA	e,r,u	GA	0	0	0.0	0	0	0.0
SRR947835	forebrain	NA	NA	NA	e,r,u	GC	0	0	0.0	0	0	0.0
SRR947835	forebrain	NA	NA	NA	e,r,u	GT	0	0	0.0	0	0	0.0
SRR947835	forebrain	NA	NA	NA	e,r,u	TA	0	0	0.0	0	0	0.0
SRR947835	forebrain	NA	NA	NA	e,r,u	TC	0	0	0.0	0	0	0.0
SRR947835	forebrain	NA	NA	NA	e,r,u	TG	0	0	0.0	0	0	0.0
