GA	Mondom	LTR	ERV1	ERV21_MD_I-int	chrUn:16266711-16271542-	chr1:381409143-381414929-	22	66	0	292,293,294,295,296,691,696,697,711,712	1111,1112,1113,1114,1115,1490,1495,1496,1510,1511	2	4,5,6,7,8,13,14,15,16,17	27	401	1121	22|12|1|3|4|2|5|8|1|1|3|4
GA	Mondom	LTR	ERV1	ERV21_MD_I-int	chrUn:21191813-21193885-	chr1:381409143-381414929-	24	67	0	292,293,294,295,296,691,696,697,711,712	1111,1112,1113,1114,1115,1490,1495,1496,1510,1511	2	4,5,6,7,8,14,15,16,17,18	27	401	1121	24|12|0|2|4|3|5|8|1|1|3|4
GA	Mondom	LTR	ERV1	ERV37_MD_LTR	chrUn:13703880-13704575+	chr2:531543527-531544556-	16	41	0	196,199,219,222,228,297,300,315,358,362	195,198,218,221,227,297,300,314,357,361	2	4,5,6,7,8,9,10,11,12,13	168	167	703	16|8|1|1|1|2|6|3|1|1|1|0
GA	Mondom	LTR	ERV1	ERV37_MD_I-int	chrUn:9240038-9241193-	chr1:433369741-433371082+	26	75	0	239,245,250,258,261,283,443,465,468,476,497	417,423,428,436,439,461,622,644,648,656,677	2	1,2,3,4,5,6,11,12,13,14,15	101	261	927	26|10|2|3|4|6|3|10|1|3|4|3
GA	Mondom	LTR	ERV1	ERV42_MD_I-int	chr6:138000000-138004927+	chr4:201100635-201101389+	37	101	0	315,327,334,342,355,394,402,409,410,411	141,153,160,168,181,220,228,235,236,237	2	3,4,5,6,7,8,9,10,11,12	98	97	749	37|11|0|4|11|8|7|11|3|3|2|4
GA	Mondom	LTR	ERV1	ERV18_MD_LTR	chr1:2623472-2623797-	chr2:392689581-392689910+	16	44	0	111,133,161,165,171,174,180,197,202,205,213	110,132,162,167,173,176,181,198,203,206,215	1	5,6,7,8,9,10,11,12,13,14,15	106	106	327	16|7|2|5|3|0|4|4|0|0|1|2
GA	Mondom	LTR	ERV1	ERV18_MD_LTR	chr1:2623472-2623797-	chr1:52117344-52117668+	19	43	0	171,174,175,178,179,197,213,226,227,235,237	172,175,176,179,180,196,213,226,227,235,237	1	8,9,10,11,12,13,14,15,16,17,18	66	66	324	19|6|1|6|1|1|4|3|0|1|1|0
GA	Mondom	LTR	ERV1	ERV37_MD_I-int	chrUn:40538431-40539586+	chr1:433369741-433371082+	26	75	0	239,245,250,258,261,283,443,465,468,476,497	417,423,428,436,439,461,622,644,648,656,677	2	1,2,3,4,5,6,11,12,13,14,15	101	261	927	26|10|2|3|4|6|3|10|1|3|4|3
GA	Mondom	LTR	ERV1	LTR103_MD	chr8:179519498-179519916+	chr2:501321473-501322396-	17	45	0	120,127,132,150,152,43,47,49,63,69	104,154,161,166,184,186,78,82,84,98	2	1,2,3,4,5,6,7,8,9,10	110	109	404	17|3|1|3|2|2|3|10|2|0|2|0
GA	Mondom	LTR	ERV1	LTR134_MD	chr5:23003416-23003889-	chr4:41121150-41121911+	15	41	0	114,119,124,151,154,18,28,35,38,47,51,63	114,119,124,151,154,16,26,35,38,47,51,64	2	1,2,3,4,5,6,7,8,9,10,11,12	140	139	472	15|5|1|3|3|2|6|2|0|0|2|2
GA	Mondom	LTR	ERV1	LTR161_MD	chrUn:19925079-19925916+	chr7:109443761-109444487-	25	74	0	180,191,196,227,233,404,407,410,412,420	241,252,257,288,294,458,461,464,466,474	2	5,6,7,8,9,18,19,20,21,22	71	234	536	25|7|0|7|5|2|6|9|5|2|3|3
GA	Mondom	LTR	ERV1	ERV38_MD-int	chrUn:50973488-50975340-	chrUn:67571635-67573489-	13	26	0	1548,1569,1581,1598,1626,1689,1694,1696,1721,1741	1549,1570,1582,1599,1627,1691,1696,1698,1723,1743	1	4,5,6,7,8,9,10,11,12,13	195	195	1853	13|0|1|1|1|0|0|2|2|4|1|1
GA	Mondom	LTR	ERV1	LTR25_MD	chrUn:17539987-17541053+	chr6:37939191-37940332-	24	69	0	156,157,167,175,204,205,206,570,588,624,657,689	157,158,168,176,205,206,207,570,588,624,657,689	2	4,5,6,7,8,9,10,15,16,17,18,19	171	533	1075	24|8|2|3|3|5|4|9|1|1|2|7
GA	Mondom	LTR	ERV1	LTR166_MD	chr1:148113251-148113767-	chr7:239829546-239830038-	16	44	0	257,306,319,321,323,330,331,35,40,46,54,69	236,285,298,300,302,309,310,33,38,44,50,59	2	2,3,4,5,6,8,9,10,11,12,13,14	102	278	504	16|3|1|2|0|5|4|4|1|1|2|5
GA	Mondom	LTR	ERV1	ERV21_MD_I-int	chr7:224636-229469+	chr2:232437412-232443058-	40	120	0	292,293,294,295,296,692,695,697,698,699	1060,1061,1062,1063,1064,1439,1442,1444,1445,1446	2	6,7,8,9,10,18,19,20,21,22	13	387	1533	40|16|2|8|9|3|10|14|5|2|3|8
GA	Mondom	LTR	ERV1	LTR25_MD	chrUn:62199313-62200443+	chr1:251011596-251012724-	21	33	0	187,196,197,204,205,206,219,249,261,278,294,311	185,194,195,202,203,204,217,247,259,276,293,310	1	9,10,11,12,13,14,15,16,17,18,19,20	126	126	352	21|2|0|2|2|2|2|1|0|0|0|1
GA	Mondom	LTR	ERV1	LTR51_MD	chr3:261903639-261904178-	chr2:328748516-328749117+	26	76	0	120,130,132,134,139,144,65,66,68,71,76	132,140,142,144,150,155,72,73,75,78,83	2	2,3,4,5,6,7,8,9,10,11,12	85	84	568	26|3|1|4|4|7|7|6|1|3|3|11
GA	Mondom	LTR	ERV1	LTR25_MD	chrUn:73592319-73593420+	chr3:344108660-344109789+	17	33	0	170,204,205,212,218,227,228,229,238,244,245,249,261	171,205,206,213,219,228,229,230,239,245,246,250,262	2	3,4,5,6,7,8,9,10,11,12,13,14,15	93	92	353	17|4|0|0|1|1|7|1|0|0|1|1
GA	Mondom	LTR	ERV1	LTR31_MD	chr3:183621055-183621657+	chr6:210849345-210850175-	13	38	0	180,185,188,207,208,211,220,221,261,267	553,560,563,582,583,586,594,595,634,640	1	2,3,4,5,6,7,8,9,10,11	88	88	405	13|4|2|2|1|3|4|4|0|1|0|4
GA	Mondom	LTR	ERV1	LTR25_MD	chrUn:88738656-88739813-	chr8:277674575-277675631-	16	45	0	207,230,231,240,251,327,345,356,358,392	222,245,246,255,266,343,361,382,386,421	2	3,4,5,6,7,11,12,13,14,15	124	200	522	16|4|1|2|4|5|4|1|3|1|2|2
GA	Mondom	LTR	ERV1	LTR25_MD	chrUn:88738656-88739813-	chr2:244334337-244335473+	14	36	0	230,231,240,251,263,328,345,356,358,369	207,208,217,228,240,307,324,344,348,360	2	2,3,4,5,6,9,10,11,12,13	88	154	472	14|2|0|0|0|3|8|4|1|1|0|3
GA	Mondom	LTR	ERV1	ERV13a_MD_LTR	chr6:7175106-7175557+	chr1:96245515-96246247-	16	44	0	144,150,170,196,203,338,341,346,350,351	144,150,170,200,207,339,342,347,352,353	2	4,5,6,7,8,12,13,14,15,16	79	210	445	16|6|1|5|4|2|3|3|0|2|1|1
GA	Mondom	LTR	ERV1	LTR31_MD	chr3:248218220-248219019-	chr2:377169154-377169822-	18	34	0	150,161,166,177,178,218,472,520,521,527,537,549,557	17,22,322,33,34,364,365,371,381,393,401,6,74	2	1,2,3,4,5,6,10,11,12,13,14,15,16	149	396	465	18|2|0|0|2|2|2|6|0|0|1|1
GA	Mondom	LTR	ERV1	LTR31_MD	chr3:267005907-267006754-	chr2:377169154-377169822-	28	72	0	470,524,534,546,554,643,649,657,662,665	322,371,381,393,401,488,494,502,507,510	2	10,11,12,13,14,21,22,23,24,25	103	189	662	28|6|1|3|2|6|8|11|0|2|3|2
GA	Mondom	LTR	ERV1	LTR25_MD	chr3:70035181-70036319+	chr8:306101815-306102960+	30	90	0	227,228,229,238,249,294,322,355,357,358	229,230,231,240,251,297,325,371,373,374	2	6,7,8,9,10,13,14,15,16,17	101	146	1141	30|7|1|4|3|8|14|8|2|3|3|7
GA	Mondom	LTR	ERV1	LTR25_MD	chr3:70035181-70036319+	chr3:188946360-188947536+	30	87	0	204,205,212,218,227,228,229,238,249,261,278,294,296,322,355,357	205,206,213,219,228,229,230,239,250,262,279,296,298,324,370,372	2	5,6,7,8,9,10,11,12,13,14,15,16,17,18,19,20	169	168	1081	30|12|2|3|4|5|10|9|0|2|4|6
GA	Mondom	LTR	ERV1	LTR25_MD	chr3:70035181-70036319+	chr1:251011596-251012724-	19	31	0	204,205,212,218,227,228,229,238,249,261,278	202,203,210,216,225,226,227,236,247,259,276	1	6,7,8,9,10,11,12,13,14,15,16	75	75	352	19|3|0|1|1|1|1|4|0|0|0|1
GA	Mondom	LTR	ERV1	LTR25_MD	chr3:70035181-70036319+	chr3:104427537-104428659-	18	32	0	150,204,205,212,218,227,228,229,238,249,261	151,205,206,213,219,228,229,230,239,250,262	1	4,5,6,7,8,9,10,11,12,13,14	112	112	353	18|4|0|0|1|1|2|2|0|0|3|1
GA	Mondom	LTR	ERV1	LTR25_MD	chr3:70035181-70036319+	chr5:179617082-179618213+	18	31	0	150,204,205,212,218,227,228,229,231,238,249,261	152,206,207,214,220,229,230,231,233,240,251,263	2	4,5,6,7,8,9,10,11,12,13,14,15	113	112	350	18|2|0|0|2|2|4|2|0|0|0|1
GA	Mondom	LTR	ERV1	LTR25_MD	chr3:70035181-70036319+	chr4:426519456-426520587-	17	28	0	150,204,205,212,218,227,228,229,238,249,261	150,204,205,212,218,227,228,229,238,249,261	1	2,3,4,5,6,7,8,9,10,11,12	112	112	353	17|2|0|0|1|2|1|2|0|1|1|1
GA	Mondom	LTR	ERV1	LTR25_MD	chr3:70035181-70036319+	chr1:428101563-428102668-	16	28	0	204,205,212,218,227,228,229,238,249,261,270,271	205,206,213,219,228,229,230,239,250,262,271,272	1	2,3,4,5,6,7,8,9,10,11,12,13	68	68	353	16|3|1|0|2|1|1|2|0|0|1|1
GA	Mondom	LTR	ERV1	LTR25_MD	chr3:77645839-77646966-	chr5:60883617-60884769+	22	64	0	205,228,229,238,249,261,586,597,601,648,681	206,229,230,239,250,262,570,581,585,632,665	2	3,4,5,6,7,8,17,18,19,20,21	153	460	1120	22|5|1|2|4|4|8|7|0|3|4|4
GA	Mondom	LTR	ERV1	LTR58a_MD	chrUn:81051221-81051853-	chr5:27145057-27145650+	16	43	0	485,490,491,493,496,497,508,517,519,527,529,547	527,532,533,535,538,539,550,560,562,569,571,586	2	5,6,7,8,9,10,11,12,13,14,15,16	61	60	376	16|6|0|2|5|0|3|6|1|1|2|1
GA	Mondom	LTR	ERV1	LTR161_MD	chrX:46350533-46351340+	chr2:107210697-107211507-	37	110	0	208,209,210,213,214,247,389,395,407,408,410,418	212,213,214,217,218,250,398,404,416,417,419,425	2	7,8,9,10,11,12,17,18,19,20,21,22	67	214	807	37|13|2|2|6|5|20|8|4|5|6|2
GA	Mondom	LTR	ERV1	LTR58b_MD	chrUn:316760-317377+	chr8:136302783-136303389-	20	53	0	190,192,198,203,218,484,502,503,510,515	173,175,181,186,201,476,495,496,503,508	2	4,5,6,7,8,15,16,17,18,19	62	336	597	20|6|1|8|2|0|6|5|1|2|1|1
GA	Mondom	LTR	ERV1	LTR58b_MD	chrUn:316760-317377+	chr3:421681445-421682064+	23	62	0	180,198,203,218,223,489,510,530,535,546,548	173,191,196,211,216,493,514,532,537,548,550	2	9,10,11,12,13,18,19,20,21,22,23	102	378	617	23|5|2|7|2|6|4|6|1|1|3|2
GA	Mondom	LTR	ERV1	LTR58b_MD	chrUn:316760-317377+	chr4:297553151-297553810-	16	37	0	179,198,203,212,218,498,510,526,547,548	208,227,232,241,247,540,552,570,590,591	2	2,3,4,5,6,12,13,14,15,16	92	384	487	16|4|0|6|2|0|3|2|0|3|0|1
GA	Mondom	LTR	ERV1	LTR25_MD	chr3:185750260-185751152+	chr3:518852827-518854043+	18	45	0	227,228,229,238,249,278,294,344,354,356	228,229,230,239,250,279,297,347,367,371	2	4,5,6,7,8,10,11,12,13,14	116	144	438	18|2|1|1|2|3|7|5|2|2|0|2
GA	Mondom	LTR	ERV1	LTR25_MD	chr3:185750260-185751152+	chr8:167508754-167509958+	20	46	0	227,228,229,238,249,261,278,294,328,354,356	228,229,230,239,250,262,279,296,330,366,370	2	6,7,8,9,10,11,12,13,14,15,16	144	143	432	20|3|1|3|1|3|7|4|2|0|0|2
GA	Mondom	LTR	ERV1	LTR31_MD	chr5:160667538-160668471+	chr7:125212584-125213396-	15	42	0	551,554,568,583,584,591,596,597,612,631	477,480,494,513,514,520,524,525,536,555	1	5,6,7,8,9,10,11,12,13,14	79	79	495	15|7|2|0|0|1|6|2|1|6|1|1
GA	Mondom	LTR	ERV1	LTR74a_MD	chr3:267273264-267273816-	chr1:360301071-360301600-	20	59	0	103,105,171,186,198,210,218,229,73,78,90	103,105,181,196,208,220,228,239,73,78,90	2	1,2,3,4,5,6,7,8,9,10,11	168	167	482	20|4|1|1|2|0|11|10|3|5|1|1
GA	Mondom	LTR	ERV1	LTR25_MD	chr3:263856305-263857448+	chr6:155102831-155103940-	14	27	0	150,156,167,171,173,175,228,229,238,249,261,280	151,157,169,173,175,177,230,231,240,251,263,297	2	3,4,5,6,7,8,9,10,11,12,13,14	148	147	347	14|3|0|1|0|0|5|2|0|0|2|0
GA	Mondom	LTR	ERV1	LTR25_MD	chr3:263856305-263857448+	chr4:70955479-70956574-	15	28	0	150,156,157,167,175,205,228,229,238,249	151,157,158,168,176,206,229,230,239,250	1	3,4,5,6,7,8,9,10,11,12	100	100	338	15|2|1|0|1|0|3|2|0|1|3|0
GA	Mondom	LTR	ERV1	LTR25_MD	chr3:263856305-263857448+	chr1:224125326-224126375+	14	27	0	150,156,157,167,175,228,229,238,249,261,280	151,157,158,168,176,229,230,239,250,262,296	2	3,4,5,6,7,8,9,10,11,12,13	147	146	346	14|3|0|0|0|1|5|2|0|1|1|0
GA	Mondom	LTR	ERV1	LTR25_MD	chr3:263856305-263857448+	chr4:179492694-179493803-	15	23	0	156,157,167,175,198,205,228,229,238,249,261,280,329	157,158,168,176,199,206,229,230,239,250,262,296,345	2	3,4,5,6,7,8,9,10,11,12,13,14,15	190	189	346	15|2|0|0|0|1|1|1|0|0|2|1
GA	Mondom	LTR	ERV1	LTR25_MD	chr3:263856305-263857448+	chr4:244728247-244729342+	14	24	0	150,156,157,167,175,205,228,229,238,249	151,157,158,168,176,206,229,230,239,250	1	3,4,5,6,7,8,9,10,11,12	100	100	346	14|4|0|1|0|0|2|1|0|0|2|0
GA	Mondom	LTR	ERV1	LTR25_MD	chr3:263856305-263857448+	chr6:160312458-160313572+	16	29	0	135,141,156,157,169,205,228,229,238,249,261,280,289,329	137,143,158,159,169,205,228,229,238,249,261,295,304,344	2	3,4,5,6,7,8,9,10,11,12,13,14,15,16	209	208	345	16|4|0|0|1|1|3|0|0|0|3|1
GA	Mondom	LTR	ERV1	LTR25_MD	chr3:263856305-263857448+	chr5:296766300-296767391+	13	22	0	130,135,141,156,167,228,229,238,249,261,280,329	130,135,141,156,167,228,229,238,249,261,295,344	2	1,2,3,4,5,7,8,9,10,11,12,13	155	215	345	13|2|1|0|0|0|5|0|1|0|0|0
GA	Mondom	LTR	ERV1	LTR25_MD	chr3:263856305-263857448+	chr8:82956344-82957472-	15	29	0	150,156,167,173,175,223,228,229,238,249,261,280,311	151,157,168,174,176,224,229,230,239,250,262,296,327	2	3,4,5,6,7,8,9,10,11,12,13,14,15	178	177	343	15|0|0|0|0|1|8|2|1|1|1|0
GA	Mondom	LTR	ERV1	LTR25_MD	chr3:263856305-263857448+	chr5:284598592-284599740+	15	23	0	156,157,167,175,205,228,229,238,249,261,276,280,329	157,158,168,176,206,229,230,239,250,262,290,296,345	1	3,4,5,6,7,8,9,10,11,12,13,14,15	189	189	346	15|2|1|0|0|0|1|2|0|0|2|0
GA	Mondom	LTR	ERV1	LTR25_MD	chr3:263856305-263857448+	chr2:294284708-294285841+	14	27	0	156,157,167,175,205,228,229,238,249,261,280,329	157,158,168,176,206,229,230,239,250,262,296,345	2	3,4,5,6,7,8,9,10,11,12,13,14	190	189	346	14|3|1|0|1|0|2|3|0|0|2|1
GA	Mondom	LTR	ERV1	LTR25_MD	chr3:263856305-263857448+	chr2:538666107-538667195+	15	23	0	150,156,157,167,175,228,229,238,249,261	152,158,159,169,177,230,231,240,251,263	1	4,5,6,7,8,9,10,11,12,13	112	112	340	15|1|0|0|1|0|2|1|0|0|3|0
GA	Mondom	LTR	ERV1	LTR25_MD	chr3:263856305-263857448+	chr1:670345044-670346173+	15	25	0	156,157,167,170,175,228,229,238,249,261,280,329	156,157,167,170,175,228,229,238,249,261,295,344	2	3,4,5,6,7,9,10,11,12,13,14,15	137	189	345	15|3|0|1|0|0|1|1|0|0|3|1
GA	Mondom	LTR	ERV1	LTR25_MD	chr3:263856305-263857448+	chr8:36654467-36655592+	18	35	0	150,156,157,167,171,175,228,229,238,240,249	151,157,158,168,172,176,229,230,239,241,250	2	5,6,7,8,9,10,11,12,13,14,15	101	100	346	18|4|0|0|0|0|7|3|0|1|2|0
GA	Mondom	LTR	ERV1	LTR25_MD	chr3:263856305-263857448+	chr2:260500811-260501937-	16	28	0	156,157,162,167,175,205,228,229,249,261,276,280	157,158,163,168,176,206,229,230,246,258,286,292	2	4,5,6,7,8,9,10,11,12,13,14,15	137	136	344	16|4|0|0|0|1|2|3|0|0|2|0
GA	Mondom	LTR	ERV1	LTR25_MD	chr3:263856305-263857448+	chr6:218774133-218775259+	14	41	0	150,156,157,167,175,228,229,238,249,261	151,157,158,168,176,229,230,239,250,262	2	3,4,5,6,7,8,9,10,11,12	113	112	342	14|4|0|4|1|0|8|3|1|1|2|3
GA	Mondom	LTR	ERV1	LTR25_MD	chr3:263856305-263857448+	chr5:179617082-179618213+	17	27	0	150,156,157,167,175,205,228,229,231,238,249,261	152,158,159,169,177,207,230,231,233,240,251,263	2	4,5,6,7,8,9,10,11,12,13,14,15	113	112	342	17|2|0|0|0|1|3|4|0|0|0|0
GA	Mondom	LTR	ERV1	LTR25_MD	chr3:263856305-263857448+	chr4:182798473-182799565+	16	26	0	156,157,167,175,198,205,228,229,238,249,261,280,312,329	156,157,167,175,198,205,228,229,238,249,261,295,327,344	2	3,4,5,6,7,8,9,10,11,12,13,14,15,16	190	189	345	16|2|0|0|1|1|2|1|0|0|2|1
GA	Mondom	LTR	ERV1	LTR25_MD	chr3:263856305-263857448+	chr4:397523671-397524788-	15	25	0	135,141,167,175,205,228,229,238,249,261	136,142,160,168,198,221,222,231,242,254	1	4,5,6,7,8,9,10,11,12,13	119	119	341	15|2|0|0|0|0|2|1|1|0|3|1
GA	Mondom	LTR	ERV1	LTR25_MD	chr3:263856305-263857448+	chr5:57401301-57402402+	17	27	0	156,157,167,175,205,228,229,238,245,249,261,280,282,329	158,159,169,177,204,227,228,237,244,248,260,294,296,343	1	4,5,6,7,8,9,10,11,12,13,14,15,16,17	186	186	345	17|2|1|0|0|1|2|1|0|0|3|0
GA	Mondom	LTR	ERV1	LTR25_MD	chr3:263856305-263857448+	chr4:426519456-426520587-	17	26	0	150,156,157,167,175,205,228,229,238,249,261	150,156,157,167,175,205,228,229,238,249,261	1	3,4,5,6,7,8,9,10,11,12,13	112	112	345	17|2|0|0|0|1|1|2|0|1|2|0
GA	Mondom	LTR	ERV1	LTR25_MD	chr3:263856305-263857448+	chr3:297811338-297812444-	15	23	0	150,156,157,167,175,205,228,229,238,249,261,280	151,157,158,168,176,206,229,230,239,250,262,296	1	4,5,6,7,8,9,10,11,12,13,14,15	146	146	336	15|2|0|0|0|0|2|2|0|0|2|0
GA	Mondom	LTR	ERV1	LTR25_MD	chr3:263856305-263857448+	chr1:742884985-742886128-	14	24	0	150,156,157,167,175,228,229,238,249,261,329	151,157,158,168,176,229,230,239,250,262,344	2	3,4,5,6,7,9,10,11,12,13,14	142	194	337	14|2|0|1|2|0|1|2|0|0|2|0
GA	Mondom	LTR	ERV1	LTR25_MD	chr3:263856305-263857448+	chr2:257933738-257934860-	15	21	0	156,157,167,175,205,228,229,238,249,261,280,304,314,329	156,157,167,175,205,228,229,238,249,261,295,319,329,344	1	2,3,4,5,6,7,8,9,10,11,12,13,14,15	189	189	345	15|0|0|1|0|1|2|1|1|0|0|0
GA	Mondom	LTR	ERV1	LTR25_MD	chr3:263856305-263857448+	chr2:336335020-336336182-	18	28	0	150,167,175,205,221,228,229,238,249,261,280,329,330	151,168,176,206,222,229,230,239,250,262,296,345,346	1	6,7,8,9,10,11,12,13,14,15,16,17,18	196	196	346	18|3|0|1|0|0|1|3|0|0|2|0
GA	Mondom	LTR	ERV1	LTR25_MD	chr3:263856305-263857448+	chr1:552466197-552467353+	17	40	0	156,157,162,167,175,205,228,229,238,249,261	157,158,163,168,176,206,229,230,239,250,262	1	5,6,7,8,9,10,11,12,13,14,15	106	106	342	17|3|1|2|1|3|3|3|2|1|2|2
GA	Mondom	LTR	ERV1	ERV6_MD_I-int	chr5:59197482-59198075+	chr1:380478698-380484396+	14	31	0	107,145,156,166,211,239,246,402,404,424,430,440	296,337,348,358,403,431,438,594,596,627,633,643	2	2,3,4,5,6,7,8,9,10,11,12,13	349	348	570	14|4|2|1|0|2|4|2|1|0|0|1
GA	Mondom	LTR	ERV1	LTR25_MD	chr3:272703419-272704592-	chr4:411833205-411834370-	15	34	0	192,205,206,213,219,228,229,230,240,251,263	192,205,206,213,219,228,229,230,239,250,263	1	2,3,4,5,6,7,8,9,10,11,12	72	72	345	15|1|1|1|2|1|4|1|0|2|1|5
GA	Mondom	LTR	ERV1	LTR25_MD	chr3:272703419-272704592-	chr1:452374444-452375593+	16	39	0	206,213,219,228,229,230,240,251,263,272	205,212,218,227,228,229,238,249,261,270	1	4,5,6,7,8,9,10,11,12,13	66	66	353	16|1|1|1|2|1|9|1|1|2|0|4
GA	Mondom	LTR	ERV1	LTR25_MD	chr3:272703419-272704592-	chr5:284598592-284599740+	15	29	0	192,205,206,213,219,228,229,230,240,251,263	192,205,206,213,219,228,229,230,239,250,262	1	2,3,4,5,6,7,8,9,10,11,12	71	71	354	15|2|1|0|1|1|1|1|0|1|1|5
GA	Mondom	LTR	ERV1	LTR25_MD	chr3:272703419-272704592-	chr1:552466197-552467353+	17	38	0	192,205,206,213,219,228,229,230,240,251,263	192,205,206,213,219,228,229,230,239,250,262	1	4,5,6,7,8,9,10,11,12,13,14	71	71	350	17|2|0|2|3|1|3|2|0|3|1|4
GA	Mondom	LTR	ERV1	LTR25_MD	chr3:272703419-272704592-	chr2:336335020-336336182-	21	38	0	192,205,206,213,219,222,228,229,230,240,251,263	192,205,206,213,219,222,228,229,230,239,250,262	1	6,7,8,9,10,11,12,13,14,15,16,17	71	71	354	21|2|0|1|1|1|4|2|0|1|0|5
GA	Mondom	LTR	ERV1	LTR25_MD	chr3:272703419-272704592-	chr3:412817862-412819028+	16	33	0	192,205,206,213,219,228,229,230,240,251,263	182,195,196,203,209,218,219,220,229,240,252	1	3,4,5,6,7,8,9,10,11,12,13	71	71	349	16|3|0|1|2|1|2|1|0|2|2|3
GA	Mondom	LTR	ERV1	LTR25_MD	chr3:272703419-272704592-	chr2:257933738-257934860-	16	33	0	192,205,206,213,219,228,229,230,240,251,263	191,204,205,212,218,227,228,229,238,249,261	1	1,2,3,4,5,6,7,8,9,10,11	71	71	353	16|0|0|2|3|1|4|1|0|2|0|4
GA	Mondom	LTR	ERV1	LTR25_MD	chr3:272703419-272704592-	chr5:179617082-179618213+	18	35	0	192,205,206,213,219,228,229,230,232,240,251,263	193,206,207,214,220,229,230,231,233,240,251,263	2	4,5,6,7,8,9,10,11,12,13,14,15	72	71	351	18|0|1|0|3|2|5|1|0|1|0|4
GA	Mondom	LTR	ERV1	LTR25_MD	chr3:272703419-272704592-	chr1:670345044-670346173+	15	30	0	192,205,206,213,219,228,229,230,240,251,263	191,204,205,212,218,227,228,229,238,249,261	2	2,3,4,5,6,7,8,9,10,11,12	72	71	353	15|2|0|2|1|0|2|1|0|1|1|5
GA	Mondom	LTR	ERV1	LTR25_MD	chr3:272703419-272704592-	chr8:213907307-213908444+	17	33	0	192,205,206,213,219,228,229,230,240,251,263	192,205,206,213,219,228,229,230,239,250,262	1	3,4,5,6,7,8,9,10,11,12,13	71	71	354	17|3|0|0|1|1|4|1|0|1|1|4
GA	Mondom	LTR	ERV1	LTR25_MD	chr3:272703419-272704592-	chr2:160447328-160448457+	14	30	0	192,205,206,213,219,228,229,230,240,251,263	194,207,208,215,221,230,231,232,241,252,264	1	2,3,4,5,6,7,8,9,10,11,12	71	71	350	14|4|0|0|1|2|1|1|0|1|1|5
GA	Mondom	LTR	ERV1	LTR25_MD	chr3:272703419-272704592-	chr2:215770203-215771154+	15	22	0	192,205,206,213,219,228,229,230,240,251,263	100,111,123,53,66,67,74,80,89,90,91	1	2,3,4,5,6,7,8,9,10,11,12	71	71	215	15|1|0|0|0|0|2|1|0|1|0|2
GA	Mondom	LTR	ERV1	LTR25_MD	chr3:272703419-272704592-	chr4:182798473-182799565+	16	34	0	206,213,219,228,229,230,240,251,263,273	205,212,218,227,228,229,238,249,261,271	1	3,4,5,6,7,8,9,10,11,12	67	67	354	16|1|0|2|4|1|3|1|0|1|1|4
GA	Mondom	LTR	ERV1	LTR25_MD	chr3:272703419-272704592-	chr6:154068370-154069489-	17	32	0	192,205,206,213,219,228,229,230,240,251,263	192,205,206,213,219,228,229,230,239,250,262	1	4,5,6,7,8,9,10,11,12,13,14	71	71	355	17|3|0|0|1|2|3|1|0|1|1|3
GA	Mondom	LTR	ERV1	LTR31_MD	chr6:107583593-107584226-	chr2:377169154-377169822-	14	32	0	103,106,12,23,24,314,344,362,364,369,64	113,116,22,322,33,34,351,364,366,371,74	2	1,2,3,4,5,6,8,9,10,11,12	145	350	422	14|4|0|0|2|2|5|2|0|1|1|1
GA	Mondom	LTR	ERV1	LTR75_MD	chr3:219850356-219850875+	chr4:297431630-297432414-	21	58	0	102,105,107,120,122,274,281,298,309,322,350,99	362,365,368,370,384,386,541,548,565,576,589,617	2	4,5,6,7,8,9,15,16,17,18,19,20	102	256	514	21|6|1|2|1|2|9|7|1|2|3|3
GA	Mondom	LTR	ERV1	ERV13a_MD_LTR	chr1:592701526-592702149-	chr2:377335701-377336575-	23	60	0	342,351,353,370,379,390,46,76,79,80,81	255,275,278,279,280,542,551,553,570,579,590	2	1,2,3,4,5,9,10,11,12,13,14	75	336	598	23|5|2|5|1|3|12|6|1|0|1|1
GA	Mondom	LTR	ERV1	LTR75_MD	chr3:511379345-511379832-	chr4:297431630-297432414-	12	24	0	310,316,318,330,333,417,429,446,447,456	362,368,370,382,385,470,482,499,500,509	2	1,2,3,4,5,8,9,10,11,12	64	148	215	12|2|0|1|0|1|1|1|1|0|2|3
GA	Mondom	LTR	ERV1	LTR25_MD	chr3:397478578-397479713+	chr6:64391695-64392798-	16	44	0	205,212,218,227,228,229,238,249,278,294	206,213,219,228,229,230,239,250,269,286	1	2,3,4,5,6,7,8,9,10,11	81	81	427	16|6|0|2|0|5|7|2|0|2|1|3
GA	Mondom	LTR	ERV1	LTR25_MD	chr3:403262252-403263391+	chr1:86309181-86310286+	27	81	0	150,204,205,212,218,227,228,229,238,249,261	151,205,206,213,219,228,229,230,239,250,262	1	3,4,5,6,7,8,9,10,11,12,13	112	112	1067	27|8|2|3|3|6|11|11|1|2|3|4
GA	Mondom	LTR	ERV1	LTR25_MD	chr3:403262252-403263391+	chr1:552466197-552467353+	17	40	0	162,204,205,212,218,227,228,229,238,249,261	163,205,206,213,219,228,229,230,239,250,262	1	4,5,6,7,8,9,10,11,12,13,14	100	100	349	17|4|0|2|1|2|4|6|0|2|1|1
GA	Mondom	LTR	ERV1	LTR25_MD	chr3:403262252-403263391+	chr8:279419419-279420556+	15	32	0	150,204,205,212,218,227,228,229,238,249,261,278	151,205,206,213,219,228,229,230,239,250,262,279	1	2,3,4,5,6,7,8,9,10,11,12,13	129	129	353	15|3|0|1|1|1|3|5|0|1|1|1
GA	Mondom	LTR	ERV1	LTR25_MD	chr3:403262252-403263391+	chr8:83705072-83706230+	15	40	0	150,204,205,212,218,227,228,229,238,249	151,205,206,213,219,228,229,230,239,250	1	2,3,4,5,6,7,8,9,10,11	100	100	352	15|3|1|2|1|3|5|6|0|1|1|2
GA	Mondom	LTR	ERV1	LTR25_MD	chr3:403262252-403263391+	chr8:49565711-49566854-	16	32	0	150,204,205,212,218,227,228,229,238,245	150,204,205,212,218,227,228,229,238,245	1	1,2,3,4,5,6,7,8,9,10	96	96	352	16|3|0|1|1|1|3|6|0|0|1|0
GA	Mondom	LTR	ERV1	LTR87_MD	chr5:1519328-1519869-	chr5:241783545-241784137-	28	79	0	122,123,125,133,136,463,469,470,477,478,480	125,126,128,136,140,469,474,475,482,483,485	2	6,7,8,9,10,23,24,25,26,27,28	33	361	439	28|8|1|8|10|3|9|3|3|1|1|4
GA	Mondom	LTR	ERV1	LTR81_MD	chr8:89317665-89318195+	chr2:469173670-469174191-	19	53	0	14,16,37,38,40,46,52,87,95,96,97	14,16,38,39,41,47,53,88,95,96,97	2	1,2,3,4,5,6,7,8,9,10,11	85	84	525	19|12|3|3|3|0|2|7|1|0|1|2
GA	Mondom	LTR	ERV1	LTR31_MD	chr1:598584894-598585843+	chr2:377169154-377169822-	16	30	0	333,344,345,367,385,681,683,688,698,710,718	22,33,34,364,366,371,381,393,401,56,74	2	1,2,3,4,5,10,11,12,13,14,15	91	380	430	16|4|1|0|1|2|3|3|0|0|0|0
GA	Mondom	LTR	ERV1	LTR31_MD	chr1:630033712-630034701+	chr2:377169154-377169822-	24	63	0	343,344,384,425,426,429,635,683,690,700,712,720	112,113,116,322,33,34,364,371,381,393,401,74	2	1,2,3,4,5,6,8,9,10,11,12,13	164	369	672	24|8|3|2|2|3|5|8|0|2|3|3
GA	Mondom	LTR	ERV1	LTR58b_MD	chr1:501022674-501023234-	chr4:297147221-297147876+	11	23	0	103,146,177,178,179,186,226,229,230,239	122,165,196,197,198,205,245,248,249,258	1	2,3,4,5,6,7,8,9,10,11	137	137	410	11|5|1|0|1|0|1|1|1|1|0|1
GA	Mondom	LTR	ERV1	LTR25_MD	chr3:500900893-500902052-	chr5:57401301-57402402+	15	31	0	203,204,211,217,226,227,228,237,244,260,277	203,204,211,217,226,227,228,237,244,260,277	1	2,3,4,5,6,7,8,9,10,11,12	75	75	351	15|5|2|1|1|0|2|3|0|0|1|1
GA	Mondom	LTR	ERV1	LTR25_MD	chr3:500900893-500902052-	chr4:236597195-236598342+	23	46	0	211,217,226,227,228,237,239,387,392,400,402,405	212,218,227,228,229,238,240,401,406,414,416,419	2	6,7,8,9,10,11,12,19,20,21,22,23	48	208	431	23|7|0|0|1|3|5|2|1|0|3|1
GA	Mondom	LTR	ERV1	LTR25_MD	chr3:500900893-500902052-	chr1:86309181-86310286+	18	33	0	149,203,204,211,217,226,227,228,237,260,271,277	151,205,206,213,219,228,229,230,239,262,273,279	1	5,6,7,8,9,10,11,12,13,14,15,16	129	129	352	18|6|0|2|0|1|2|2|0|0|1|1
GA	Mondom	LTR	ERV1	LTR25_MD	chr3:500900893-500902052-	chr2:260500811-260501937-	16	32	0	203,204,211,217,226,227,228,260,277,289	205,206,213,219,228,229,230,258,275,288	1	5,6,7,8,9,10,11,12,13,14	84	84	350	16|7|0|0|0|2|2|3|0|0|1|1
GA	Mondom	LTR	ERV1	LTR25_MD	chr3:500900893-500902052-	chr6:154068370-154069489-	16	30	0	149,170,203,204,211,217,226,227,228,237,260,277	151,172,205,206,213,219,228,229,230,239,262,279	1	3,4,5,6,7,8,9,10,11,12,13,14	129	129	353	16|6|0|0|0|2|2|2|0|0|1|1
GA	Mondom	LTR	ERV1	LTR25_MD	chr3:500900893-500902052-	chr4:182798473-182799565+	17	30	0	204,211,217,226,227,228,237,260,270,277	205,212,218,227,228,229,238,261,271,278	1	5,6,7,8,9,10,11,12,13,14	74	74	352	17|5|0|1|1|1|2|1|0|0|1|1
GA	Mondom	LTR	ERV1	LTR25_MD	chr3:500900893-500902052-	chr5:179617082-179618213+	18	34	0	149,203,204,211,217,226,227,228,230,237,260,277	152,206,207,214,220,229,230,231,233,240,263,280	2	5,6,7,8,9,10,11,12,13,14,15,16	130	129	349	18|5|0|0|1|2|4|3|0|0|0|1
GA	Mondom	LTR	ERV1	LTR25_MD	chr3:500900893-500902052-	chr1:385498300-385499414-	16	28	0	203,204,211,217,226,227,228,237,260,277	205,206,213,219,228,229,230,239,262,279	1	4,5,6,7,8,9,10,11,12,13	75	75	348	16|5|0|0|0|1|2|2|0|0|1|1
GA	Mondom	LTR	ERV1	LTR25_MD	chr3:500900893-500902052-	chr2:42669670-42670799+	17	34	0	149,203,204,211,217,226,227,228,237,239	152,206,207,214,220,229,230,231,240,242	1	4,5,6,7,8,9,10,11,12,13	91	91	353	17|6|0|0|1|2|3|2|0|1|1|1
GA	Mondom	LTR	ERV1	LTR25_MD	chr3:500900893-500902052-	chr8:213907307-213908444+	16	28	0	203,204,211,217,226,227,228,237,260,273,277	205,206,213,219,228,229,230,239,262,275,279	1	4,5,6,7,8,9,10,11,12,13,14	75	75	352	16|5|0|0|0|1|3|1|0|0|1|1
GA	Mondom	LTR	ERV1	LTR25_MD	chr3:500900893-500902052-	chr2:373172104-373173235-	14	32	0	204,211,217,222,226,227,228,237,260,277	206,213,219,224,228,229,230,239,262,279	1	3,4,5,6,7,8,9,10,11,12	74	74	352	14|4|0|1|0|1|6|3|0|0|2|1
GA	Mondom	LTR	ERV1	LTR25_MD	chr3:500900893-500902052-	chr8:187602161-187603287-	17	37	0	149,167,203,204,211,217,226,227,228,237,260	150,168,204,205,212,218,227,228,229,238,261	1	4,5,6,7,8,9,10,11,12,13,14	112	112	352	17|8|0|0|1|0|3|4|1|1|1|1
GA	Mondom	LTR	ERV1	LTR25_MD	chr3:500900893-500902052-	chr8:249225781-249226907+	18	35	0	203,204,211,217,226,227,228,237,260,277	205,206,213,219,228,229,230,239,262,279	1	7,8,9,10,11,12,13,14,15,16	75	75	352	18|4|0|1|0|3|4|2|0|0|2|1
GA	Mondom	LTR	ERV1	LTR25_MD	chr3:500900893-500902052-	chr2:257933738-257934860-	16	30	0	203,204,211,217,226,227,228,237,260,277	204,205,212,218,227,228,229,238,261,278	1	3,4,5,6,7,8,9,10,11,12	75	75	351	16|4|0|1|1|1|3|2|0|1|0|1
GA	Mondom	LTR	ERV1	LTR25_MD	chr3:500900893-500902052-	chr5:284598592-284599740+	15	29	0	203,204,211,217,226,227,228,237,260,277	205,206,213,219,228,229,230,239,262,279	1	4,5,6,7,8,9,10,11,12,13	75	75	352	15|5|1|1|0|1|2|2|0|0|1|1
GA	Mondom	LTR	ERV1	LTR25_MD	chr3:500900893-500902052-	chr6:234531811-234532877+	18	32	0	203,204,211,217,226,227,228,230,237,260,277	204,205,212,218,227,228,229,231,238,261,278	1	6,7,8,9,10,11,12,13,14,15,16	75	75	348	18|4|0|0|1|0|3|2|0|2|1|1
GA	Mondom	LTR	ERV1	LTR25_MD	chr3:500900893-500902052-	chr2:215770203-215771154+	13	17	0	149,203,204,211,217,226,227,228,237,260,277	100,12,123,140,66,67,74,80,89,90,91	1	1,2,3,4,5,6,7,8,9,10,11	129	129	214	13|3|0|0|0|0|0|1|0|0|0|0
GA	Mondom	LTR	ERV1	LTR25_MD	chr3:500900893-500902052-	chr1:552466197-552467353+	17	32	0	161,203,204,211,217,226,227,228,237,260,277	163,205,206,213,219,228,229,230,239,262,279	1	5,6,7,8,9,10,11,12,13,14,15	117	117	348	17|5|0|1|0|1|2|2|0|2|1|1
GA	Mondom	LTR	ERV1	LTR25_MD	chr3:500900893-500902052-	chr1:251011596-251012724-	19	32	0	203,204,211,217,226,227,228,237,260,271,277	202,203,210,216,225,226,227,236,259,270,276	1	6,7,8,9,10,11,12,13,14,15,16	75	75	347	19|4|0|1|0|1|1|4|0|0|1|1
GA	Mondom	LTR	ERV1	LTR25_MD	chr3:500900893-500902052-	chr7:122484792-122485985+	15	39	0	204,211,217,226,227,228,237,260,271,277	206,213,219,228,229,230,239,262,273,279	1	5,6,7,8,9,10,11,12,13,14	74	74	347	15|5|0|2|2|1|7|2|0|1|1|3
GA	Mondom	LTR	ERV1	LTR25_MD	chr3:500900893-500902052-	chr2:336335020-336336182-	21	35	0	203,204,211,217,220,226,227,228,237,260,277	205,206,213,219,222,228,229,230,239,262,279	1	8,9,10,11,12,13,14,15,16,17,18	75	75	352	21|5|0|0|0|1|3|2|0|0|1|2
GA	Mondom	LTR	ERV1	LTR25_MD	chr3:500900893-500902052-	chr4:111025505-111026666-	22	54	0	204,211,217,226,227,228,237,386,387,392,400,402	206,213,219,228,229,230,239,402,403,408,416,418	2	6,7,8,9,10,11,12,18,19,20,21,22	51	213	428	22|6|1|2|2|4|9|3|1|1|1|2
GA	Mondom	LTR	ERV1	LTR25_MD	chr3:500900893-500902052-	chr1:452374444-452375593+	13	34	0	204,211,217,226,227,228,237,260,269,277	205,212,218,227,228,229,238,261,270,278	1	2,3,4,5,6,7,8,9,10,11	74	74	351	13|3|1|2|2|1|7|2|1|1|0|1
GA	Mondom	LTR	ERV1	Mdo1LTR1h	chrUn:8712707-8713321+	chr3:401160149-401160873-	22	63	0	313,317,329,336,357,362,367,372,375,379,386	220,224,237,244,265,270,275,280,282,286,293	2	7,8,9,10,11,12,13,14,15,16,17	75	74	518	22|9|2|2|2|4|11|3|2|1|2|3
GA	Mondom	LTR	ERV1	LTR98_MD	chr3:275602093-275603004+	chr5:203009406-203010319+	20	54	0	566,570,573,577,580,581,617,627,628,633,640	589,593,596,600,603,604,645,655,656,661,668	2	9,10,11,12,13,14,16,17,18,19,20	40	80	652	20|6|1|3|2|2|4|6|1|4|0|5
GA	Mondom	LTR	ERV1	LTR98_MD	chr3:275602093-275603004+	chr7:69374150-69375087-	17	35	0	566,573,577,580,581,601,617,619,624,628	644,651,655,658,659,684,700,702,707,711	2	8,9,10,11,12,13,14,15,16,17	69	68	562	17|5|0|2|1|2|2|2|1|2|0|1
GA	Mondom	LTR	ERV1	LTR98_MD	chr3:275602093-275603004+	chr1:287975063-287975836-	19	42	0	566,573,577,580,581,601,613,628,640,645	476,483,487,490,491,516,528,543,555,560	2	9,10,11,12,13,14,15,16,17,18	86	85	559	19|3|0|4|4|3|3|2|0|2|1|1
GA	Mondom	LTR	ERV1	LTR75_MD	chr1:240002085-240002779-	chr2:213672986-213673785+	15	40	0	272,274,277,282,283,292,327,329,330,332,337	306,308,311,316,317,326,361,363,364,366,371	2	1,2,3,4,5,6,7,8,9,10,11	67	66	392	15|6|1|0|1|0|3|10|0|3|1|0
GA	Mondom	LTR	ERV1	LTR31_MD	chr8:108731503-108732220+	chr2:334912683-334913688-	17	39	0	554,556,574,581,586,607,617,618,626,633,644	619,621,639,646,651,674,684,685,692,699,710	2	4,5,6,7,8,9,10,11,12,13,14	93	92	435	17|6|1|1|3|0|1|5|0|3|1|1
GA	Mondom	LTR	ERV1	LTR58b_MD	chr8:41440154-41440813+	chr4:34870431-34871098-	20	48	0	495,496,504,531,544,546,554,563,565,575	501,502,510,537,550,552,560,569,571,581	1	9,10,11,12,13,14,15,16,17,18	81	81	636	20|3|1|1|2|1|5|5|2|1|4|3
GA	Mondom	LTR	ERV1	LTR75_MD	chr1:381580213-381580961+	chr4:297431630-297432414-	17	51	0	239,241,252,268,276,303,464,471,488,512,540	333,335,346,362,370,398,541,548,565,589,617	2	2,3,4,5,6,7,12,13,14,15,16	143	285	478	17|6|0|5|1|5|7|7|0|1|0|2
GA	Mondom	LTR	ERV1	Mdo1LTR2	chrUn:1490135-1491153-	chr2:466662724-466663746-	19	44	0	103,108,127,129,135,38,39,40,53,85	105,110,129,131,137,38,39,40,52,87	2	1,2,3,4,5,6,7,8,9,10	101	100	1020	19|10|1|0|0|2|5|3|0|2|1|1
GA	Mondom	LTR	ERV1	Mdo1LTR2	chrUn:1490135-1491153-	chr4:410126990-410128012+	16	40	0	103,108,127,129,135,38,39,40,53,85	103,108,127,129,135,37,38,39,50,85	2	1,2,3,4,5,6,7,8,9,10	100	99	1020	16|7|0|1|0|2|6|4|1|2|1|0
GA	Mondom	LTR	ERV1	Mdo1LTR2	chrUn:1490135-1491153-	chr2:342209844-342210866-	20	40	0	103,108,127,129,135,358,359,429,468,475	106,111,130,132,138,363,364,433,472,479	2	3,4,5,6,7,13,14,15,16,17	150	374	1020	20|4|0|1|0|4|5|4|0|1|1|0
GA	Mondom	LTR	ERV1	LTR25_MD	chr5:46217315-46218467+	chr4:182798473-182799565+	12	28	0	204,211,217,226,227,228,237,248,260,270	205,212,218,227,228,229,238,249,261,271	1	2,3,4,5,6,7,8,9,10,11	67	67	280	12|1|0|2|4|2|4|0|0|0|1|2
GA	Mondom	LTR	ERV1	Mdo1LTR1i	chr3:247404291-247404933-	chr3:518555530-518556409-	16	46	0	34,440,460,471,510,520,70,71,74,81,92	33,414,434,445,484,494,70,71,74,81,92	2	2,3,4,5,6,7,12,13,14,15,16	141	462	609	16|1|0|2|3|2|7|5|0|3|3|4
GA	Mondom	LTR	ERV1	Mdo1LTR1i	chr3:282224042-282224914+	chr3:518555530-518556409-	19	55	0	111,414,434,445,484,494,70,71,74,81,98	112,414,434,445,484,494,70,71,74,81,98	2	3,4,5,6,7,8,12,13,14,15,16	124	425	864	19|6|2|1|2|2|10|6|0|1|1|5
GA	Mondom	LTR	ERV1	Mdo1LTR1j	chr3:21803909-21804676-	chr3:527021930-527022585-	12	30	0	106,120,146,156,173,242,265,283,284,293,68	111,124,150,160,177,248,271,289,290,299,73	2	1,2,3,4,5,6,7,8,9,10,11	228	227	423	12|4|1|1|3|1|1|6|0|0|0|1
GA	Mondom	LTR	ERV1	Mdo1LTR2	chrUn:32737253-32738427-	chr4:298142721-298143885-	21	58	0	100,105,106,107,108,32,33,34,76,82	105,110,111,112,113,38,39,40,81,87	2	2,3,4,5,6,7,8,9,10,11	77	76	1166	21|7|3|0|0|2|6|7|0|4|5|3
GA	Mondom	LTR	ERV1	Mdo1LTR2	chrUn:47973517-47974588+	chr3:175927259-175928327+	23	52	0	101,107,112,113,114,115,38,39,40,89,92	105,110,111,112,113,38,39,40,87,90,99	2	2,3,4,5,6,7,8,9,10,11,12	77	76	1069	23|5|1|3|1|0|7|6|1|1|1|3
GA	Mondom	LTR	ERV1	Mdo1LTR2	chrUn:47973517-47974588+	chr8:194884074-194885141-	23	50	0	101,105,112,113,114,115,38,39,40,89,92	103,110,111,112,113,38,39,40,87,90,99	2	1,2,3,4,5,6,7,8,9,10,11	77	76	1069	23|5|1|4|1|0|5|5|0|1|2|3
GA	Mondom	LTR	ERV1	Mdo1LTR2	chrUn:47973517-47974588+	chr8:184199107-184200184-	20	49	0	101,107,112,113,114,115,38,39,40,89,90	105,110,111,112,113,38,39,40,87,88,99	2	1,2,3,4,5,6,7,8,9,10,11	77	76	1074	20|8|1|4|1|0|7|5|0|1|0|2
GA	Mondom	LTR	ERV1	Mdo1LTR2	chrUn:47973517-47974588+	chr2:102691898-102692969-	23	57	0	105,112,113,114,115,38,39,40,86,89	103,110,111,112,113,38,39,40,84,87	2	1,2,3,4,5,7,8,9,10,11	61	76	1071	23|7|1|3|1|3|5|8|0|1|2|3
GA	Mondom	LTR	ERV1	Mdo1LTR2	chrUn:50710772-50711837-	chr1:133438606-133439677-	22	46	0	104,111,112,113,114,130,132,138,183,263,275	104,111,112,113,114,130,132,138,183,263,275	2	5,6,7,8,9,10,11,12,13,14,15	173	172	1068	22|7|2|0|2|3|3|1|0|0|3|3
GA	Mondom	LTR	ERV1	Mdo1LTR2	chrUn:60865954-60867023+	chr8:184199107-184200184-	17	48	0	106,111,112,113,114,38,39,40,88,89	105,110,111,112,113,38,39,40,87,88	1	1,2,3,4,5,6,7,8,9,10	76	76	1073	17|8|1|1|1|0|10|4|1|1|2|2
GA	Mondom	LTR	ERV1	Mdo1LTR2	chrUn:60865954-60867023+	chr8:194884074-194885141-	21	50	0	104,111,112,113,114,38,39,40,88,91	103,110,111,112,113,38,39,40,87,90	1	1,2,3,4,5,6,7,8,9,10	76	76	1068	21|4|1|0|1|1|10|3|1|1|3|4
GA	Mondom	LTR	ERV1	Mdo1LTR2	chrUn:60865954-60867023+	chr3:175927259-175928327+	21	55	0	106,111,112,113,114,38,39,40,88,91	105,110,111,112,113,38,39,40,87,90	1	2,3,4,5,6,7,8,9,10,11	76	76	1068	21|6|1|0|1|0|12|5|2|1|3|3
GA	Mondom	LTR	ERV1	Mdo1LTR2	chrUn:60865954-60867023+	chr2:102691898-102692969-	20	56	0	104,111,112,113,114,38,39,40,85,88	103,110,111,112,113,38,39,40,84,87	2	1,2,3,4,5,6,7,8,9,10	77	76	1070	20|6|1|0|1|4|9|6|1|1|4|3
GA	Mondom	LTR	ERV1	LTR75_MD	chr8:71746735-71747248+	chr7:181905851-181906720-	12	36	0	324,330,337,338,345,373,380,381,382,385	384,390,397,398,405,433,440,441,442,445	2	1,2,3,4,5,6,7,8,9,10	63	62	237	12|3|2|0|3|2|9|2|1|1|1|0
GA	Mondom	LTR	ERV1	Mdo1LTR1i	chr3:384932550-384933393-	chr3:518555530-518556409-	17	49	0	34,360,365,443,482,492,70,71,74,81	33,362,367,445,484,494,70,71,74,81	2	2,3,4,5,6,11,12,13,14,15	182	462	860	17|3|2|2|1|2|5|6|1|1|2|7
GA	Mondom	LTR	ERV1	Mdo1LTR2	chrUn:97132672-97133740-	chr2:81094916-81095986-	16	32	0	104,111,112,113,114,153,218,482,515,521,532	104,111,112,113,114,153,217,482,515,521,532	2	2,3,4,5,6,7,8,9,10,11,12	430	429	1069	16|5|0|1|2|1|3|2|1|0|0|1
GA	Mondom	LTR	ERV1	Mdo1LTR2	chr3:43934704-43935868-	chr4:298142721-298143885-	23	53	0	107,112,113,114,115,38,39,40,83,89	105,110,111,112,113,38,39,40,81,87	2	2,3,4,5,6,7,8,9,10,11	77	76	1164	23|4|2|1|0|3|6|5|0|2|3|4
GA	Mondom	LTR	ERV1	LTR31_MD	chr4:148363746-148364701+	chr2:377169154-377169822-	24	54	0	677,684,695,707,715,786,792,800,805,808,818	364,371,381,393,401,488,494,502,507,510,520	2	11,12,13,14,15,17,18,19,20,21,22	71	157	601	24|4|1|0|3|7|4|4|1|2|4|0
GA	Mondom	LTR	ERV1	Mdo1LTR2	chr3:49620343-49621452-	chr2:376422768-376423838-	20	46	0	104,111,112,113,114,38,39,40,88,89	104,111,112,113,114,38,39,40,88,89	2	2,3,4,5,6,7,8,9,10,11	78	77	517	20|5|1|3|0|1|4|7|0|1|1|3
GA	Mondom	LTR	ERV1	LTR25_MD	chr5:130861911-130863147-	chr8:283136959-283138167+	21	49	0	204,227,228,237,248,257,293,325,353,355,362,387,392,400,402,410	206,226,227,236,247,256,293,325,365,367,374,399,404,412,414,422	3	4,5,6,7,8,9,12,13,14,15,16,17,18,19,20,21	182	217	430	21|4|2|0|2|2|10|3|0|2|1|2
GA	Mondom	LTR	ERV1	LTR25_MD	chr5:130861911-130863147-	chr8:167508754-167509958+	18	44	0	204,227,228,237,248,257,260,293,327,353,355,362	206,229,230,239,250,259,262,296,330,366,370,378	2	2,3,4,5,6,7,8,10,11,12,13,14	140	173	432	18|2|1|3|2|2|10|3|0|1|0|2
GA	Mondom	LTR	ERV1	LTR25_MD	chr5:130861911-130863147-	chr1:586078425-586079619+	20	47	0	204,227,228,237,248,257,293,302,353,355,356,362,366	206,229,230,239,250,259,296,305,365,369,370,377,381	2	2,3,4,5,6,7,10,11,12,13,14,15,16	140	176	431	20|5|1|1|0|4|7|3|0|3|2|1
GA	Mondom	LTR	ERV1	LTR25_MD	chr5:130861911-130863147-	chr2:241899411-241900597+	19	48	0	227,228,237,248,257,260,293,353,355,356,362	229,230,239,250,259,262,296,365,369,370,377	2	4,5,6,7,8,9,11,12,13,14,15	116	149	431	19|5|1|1|1|3|13|1|0|1|1|2
GA	Mondom	LTR	ERV1	LTR25_MD	chr5:130861911-130863147-	chr2:156235159-156236342-	21	49	0	227,228,237,248,257,293,327,353,355,362	230,231,240,251,260,297,331,368,372,380	2	5,6,7,8,9,12,13,14,15,16	115	151	433	21|3|1|1|0|4|13|2|0|2|1|1
GA	Mondom	LTR	ERV1	LTR25_MD	chr5:130861911-130863147-	chr4:111025505-111026666-	17	48	0	204,227,228,237,248,257,386,387,392,400,402	206,229,230,239,250,259,402,403,408,416,418	2	3,4,5,6,7,8,13,14,15,16,17	71	213	431	17|3|2|2|2|4|11|1|1|2|0|3
GA	Mondom	LTR	ERV1	Mdo1LTR2	chr3:82624303-82625366-	chr1:71248802-71249872-	19	57	0	106,111,112,113,114,38,39,40,88,89	105,110,111,112,113,38,39,40,87,88	2	1,2,3,4,5,6,7,8,9,10	77	76	1064	19|10|0|2|4|1|5|7|1|2|3|3
GA	Mondom	LTR	ERV1	Mdo1LTR2	chr3:82624303-82625366-	chr3:419864559-419865456-	18	51	0	106,111,112,113,114,38,39,40,85,88	105,110,111,112,113,38,39,40,84,87	2	1,2,3,4,5,6,7,8,9,10	77	76	898	18|5|1|4|0|2|5|6|1|0|6|3
GA	Mondom	LTR	ERV1	LTR98_MD	chr6:148849117-148849493+	chr7:101618112-101618968+	13	30	0	114,124,130,135,137,141,309,310,315,323,325	101,111,117,123,125,129,293,294,299,307,309	2	2,3,4,5,6,7,9,10,11,12,13	46	209	332	13|2|0|0|1|1|4|5|0|0|2|2
GA	Mondom	LTR	ERV1	Mdo1LTR2	chr3:110676333-110677408-	chr2:339534653-339535830-	20	53	0	106,111,112,113,114,152,153,169,171,173	105,110,111,112,113,151,152,168,170,172	2	4,5,6,7,8,9,10,11,12,13	69	68	575	20|5|2|4|0|2|9|2|0|1|3|5
GA	Mondom	LTR	ERV1	LTR31_MD	chr4:228250830-228251751-	chr2:377169154-377169822-	20	40	0	758,765,775,787,795,884,890,898,903,906,916	364,371,381,393,401,488,494,502,507,510,520	2	6,7,8,9,10,15,16,17,18,19,20	71	157	486	20|4|0|0|2|2|5|3|2|0|2|0
GA	Mondom	LTR	ERV1	Mdo1LTR2	chr3:117924783-117925854+	chr2:36205351-36206416-	17	47	0	104,111,112,113,114,38,39,40,56,88	103,110,111,112,113,38,39,40,55,87	2	2,3,4,5,6,7,8,9,10,11	77	76	1068	17|3|1|0|2|3|9|5|0|2|1|4
GA	Mondom	LTR	ERV1	Mdo1LTR2	chr3:117924783-117925854+	chr8:188420395-188421467-	18	45	0	104,111,112,113,114,38,39,40,56,88	103,110,111,112,113,38,39,40,55,87	2	1,2,3,4,5,6,7,8,9,10	77	76	1069	18|7|0|0|0|0|6|7|0|2|2|3
GA	Mondom	LTR	ERV1	Mdo1LTR2	chr3:117924783-117925854+	chr5:127550596-127551663-	16	48	0	104,111,112,113,114,37,38,39,40,56	103,110,111,112,113,37,38,39,40,55	2	1,2,3,4,5,7,8,9,10,11	30	77	1069	16|11|1|0|0|1|8|4|0|1|2|4
GA	Mondom	LTR	ERV1	Mdo1LTR2	chr3:117924783-117925854+	chr1:71248802-71249872-	19	54	0	106,111,112,113,114,38,39,40,56,88,89	105,110,111,112,113,38,39,40,55,87,88	2	1,2,3,4,5,6,7,8,9,10,11	77	76	1070	19|10|0|1|1|1|8|6|0|3|2|3
GA	Mondom	LTR	ERV1	Mdo1LTR2	chr3:117924783-117925854+	chr1:487137534-487138605+	19	57	0	104,111,112,113,114,38,39,40,56,88	104,111,112,113,114,38,39,40,55,88	2	1,2,3,4,5,6,7,8,9,10	78	77	1071	19|3|1|2|0|2|10|7|1|2|5|5
GA	Mondom	LTR	ERV1	Mdo1LTR2	chr3:154093896-154094905-	chr4:385813251-385814261-	14	39	0	220,221,223,224,272,633,681,704,730,732	221,222,224,225,274,635,683,702,729,731	2	3,4,5,6,7,10,11,12,13,14	151	511	1009	14|5|0|1|2|2|5|5|0|1|2|2
GA	Mondom	LTR	ERV1	Mdo1LTR2	chr3:194671990-194673016-	chr2:342209844-342210866-	15	34	0	218,246,292,324,362,433,479,491,533,534	218,246,292,324,363,433,479,491,533,534	2	5,6,7,8,9,10,11,12,13,14	318	317	1022	15|4|0|1|1|2|5|4|1|0|0|1
GA	Mondom	LTR	ERV1	LTR25_MD	chr5:200982198-200983311+	chr4:70955479-70956574-	11	19	0	150,204,205,212,218,227,228,229,238,249	151,205,206,213,219,228,229,230,239,250	1	2,3,4,5,6,7,8,9,10,11	100	100	258	11|2|1|0|0|0|2|1|0|0|1|1
GA	Mondom	LTR	ERV1	LTR25_MD	chr5:200982198-200983311+	chr7:122484792-122485985+	13	33	0	205,212,218,227,228,229,238,249,262,279	206,213,219,228,229,230,239,250,262,279	1	4,5,6,7,8,9,10,11,12,13	74	74	284	13|3|0|1|3|1|7|0|0|1|2|2
GA	Mondom	LTR	ERV1	LTR25_MD	chr5:200982198-200983311+	chr6:154068370-154069489-	14	22	0	150,171,204,205,212,218,227,228,229,238,249,262	151,172,205,206,213,219,228,229,230,239,250,262	1	2,3,4,5,6,7,8,9,10,11,12,13	112	112	279	14|2|0|0|0|2|3|0|0|0|0|1
GA	Mondom	LTR	ERV1	LTR25_MD	chr5:200982198-200983311+	chr1:552466197-552467353+	15	28	0	162,204,205,212,218,227,228,229,238,249,262	163,205,206,213,219,228,229,230,239,250,262	1	4,5,6,7,8,9,10,11,12,13,14	100	100	284	15|3|0|1|0|1|4|1|0|2|0|1
GA	Mondom	LTR	ERV1	LTR25_MD	chr5:200982198-200983311+	chr4:182798473-182799565+	14	23	0	205,212,218,227,228,229,238,249,262,272	205,212,218,227,228,229,238,249,261,271	1	4,5,6,7,8,9,10,11,12,13	67	67	281	14|2|0|1|1|1|3|0|0|0|0|1
GA	Mondom	LTR	ERV1	Mdo1LTR2	chr3:263222147-263223215+	chr2:102691898-102692969-	18	51	0	104,111,112,113,114,38,39,40,85,88	103,110,111,112,113,38,39,40,84,87	2	1,2,3,4,5,6,7,8,9,10	77	76	1069	18|6|1|0|0|4|5|8|0|1|3|5
GA	Mondom	LTR	ERV1	Mdo1LTR2	chr3:263222147-263223215+	chr8:194884074-194885141-	19	51	0	104,111,112,113,114,38,39,40,88,91	103,110,111,112,113,38,39,40,87,90	2	1,2,3,4,5,6,7,8,9,10	77	76	1067	19|5|1|1|0|3|7|6|0|1|2|6
GA	Mondom	LTR	ERV1	Mdo1LTR2	chr3:263222147-263223215+	chr2:163736723-163737795+	20	54	0	106,111,112,113,114,38,39,40,82,88	107,112,113,114,115,38,39,40,83,89	2	1,2,3,4,5,6,7,8,9,10	79	78	1070	20|4|1|0|3|1|9|7|0|2|3|4
GA	Mondom	LTR	ERV1	Mdo1LTR2	chr3:263222147-263223215+	chr8:184199107-184200184-	17	51	0	106,111,112,113,114,38,39,40,88,89	105,110,111,112,113,38,39,40,87,88	2	1,2,3,4,5,6,7,8,9,10	77	76	1072	17|10|1|1|0|1|8|7|0|1|1|4
GA	Mondom	LTR	ERV1	Mdo1LTR2	chr3:263222147-263223215+	chr2:376422768-376423838-	18	54	0	104,111,112,113,114,38,39,40,88,89	104,111,112,113,114,38,39,40,88,89	2	1,2,3,4,5,6,7,8,9,10	78	77	1069	18|7|1|1|0|4|9|6|0|1|3|4
GA	Mondom	LTR	ERV1	Mdo1LTR2	chr3:264632264-264633312+	chr4:298142721-298143885-	21	53	0	106,111,112,113,114,38,39,40,82,88	105,110,111,112,113,38,39,40,81,87	2	2,3,4,5,6,7,8,9,10,11	77	76	1014	21|5|3|1|0|3|7|5|0|4|1|3
GA	Mondom	LTR	ERV1	Mdo1LTR2	chr3:264632264-264633312+	chr2:133735860-133737039-	13	21	0	106,111,112,113,114,38,39,40,88,91	105,110,111,112,113,38,39,40,87,90	2	1,2,3,4,5,6,7,8,9,10	77	76	180	13|2|1|0|0|0|1|1|0|1|0|2
GA	Mondom	LTR	ERV1	Mdo1LTR2	chr3:271420561-271421627-	chr1:71248802-71249872-	19	57	0	106,111,112,113,114,38,39,40,88,89	105,110,111,112,113,38,39,40,87,88	2	1,2,3,4,5,6,7,8,9,10	77	76	1068	19|9|1|3|2|4|10|4|0|1|1|3
GA	Mondom	LTR	ERV1	Mdo1LTR2	chr3:273906164-273906981+	chr8:194884074-194885141-	18	41	0	104,111,112,113,114,38,39,40,88,91	103,110,111,112,113,38,39,40,87,90	2	1,2,3,4,5,6,7,8,9,10	77	76	815	18|6|3|2|0|1|2|4|0|1|1|3
GA	Mondom	LTR	ERV1	Mdo1LTR2	chr3:275661931-275663000+	chr8:184199107-184200184-	14	39	0	105,110,111,112,113,38,39,40,87,88	105,110,111,112,113,38,39,40,87,88	2	1,2,3,4,5,6,7,8,9,10	77	76	1073	14|7|1|1|0|0|6|5|1|0|2|2
GA	Mondom	LTR	ERV1	Mdo1LTR2	chr3:275661931-275663000+	chr2:102691898-102692969-	18	46	0	103,110,111,112,113,38,39,40,84,87	103,110,111,112,113,38,39,40,84,87	2	1,2,3,4,5,6,7,8,9,10	77	76	1070	18|4|1|0|1|3|6|5|1|0|4|3
GA	Mondom	LTR	ERV1	Mdo1LTR2	chr3:275661931-275663000+	chr2:163736723-163737795+	18	52	0	105,110,111,112,113,38,39,40,81,87	107,112,113,114,115,38,39,40,83,89	2	1,2,3,4,5,6,7,8,9,10	79	78	1070	18|5|1|0|3|1|8|8|1|1|3|3
GA	Mondom	LTR	ERV1	Mdo1LTR2	chr3:275661931-275663000+	chr8:194884074-194885141-	19	47	0	103,110,111,112,113,38,39,40,87,90	103,110,111,112,113,38,39,40,87,90	2	1,2,3,4,5,6,7,8,9,10	77	76	1068	19|5|1|1|0|1|7|6|1|0|3|3
GA	Mondom	LTR	ERV1	Mdo1LTR2	chr3:275661931-275663000+	chr2:376422768-376423838-	17	50	0	103,110,111,112,113,38,39,40,87,88	104,111,112,113,114,38,39,40,88,89	2	1,2,3,4,5,6,7,8,9,10	78	77	1069	17|6|1|0|0|3|8|7|1|0|2|5
GA	Mondom	LTR	ERV1	LTR25_MD	chr5:223302998-223304041-	chr4:91849529-91850711-	25	70	0	111,238,243,251,253,264,55,78,79,88,99	206,229,230,239,250,262,402,407,415,417,428	2	1,2,3,4,5,6,10,11,12,13,14	84	223	1032	25|5|1|4|0|8|11|9|0|2|2|3
GA	Mondom	LTR	ERV1	Mdo1LTR1k	chr3:133304885-133305714+	chr3:401875909-401876792+	14	41	0	436,438,439,440,441,599,605,606,621,646	467,469,470,471,472,644,650,651,667,682	2	2,3,4,5,6,10,11,12,13,14	45	216	479	14|3|3|2|1|2|4|4|2|2|2|2
GA	Mondom	LTR	ERV1	Mdo1LTR2	chr3:286942040-286943107+	chr2:102691898-102692969-	18	53	0	103,111,112,113,114,38,39,40,84,87	103,110,111,112,113,38,39,40,84,87	2	1,2,3,4,5,6,7,8,9,10	77	76	1069	18|8|2|0|2|6|5|5|2|0|3|2
GA	Mondom	LTR	ERV1	Mdo1LTR2	chr3:286942040-286943107+	chr8:194884074-194885141-	21	54	0	103,111,112,113,114,38,39,40,87,90	103,110,111,112,113,38,39,40,87,90	2	1,2,3,4,5,6,7,8,9,10	77	76	1067	21|9|1|1|1|4|6|4|2|0|3|2
GA	Mondom	LTR	ERV1	LTR25_MD	chr5:230456490-230457726-	chr2:257933738-257934860-	14	29	0	227,228,229,238,249,261,278,294,318,328	227,228,229,238,249,261,278,295,319,329	1	4,5,6,7,8,9,10,11,12,13	103	103	348	14|1|0|2|3|3|4|0|0|1|0|1
GA	Mondom	LTR	ERV1	LTR25_MD	chr5:230456490-230457726-	chr8:82956344-82957472-	15	34	0	227,228,229,238,249,261,270,278,279,294,325	228,229,230,239,250,262,271,279,280,296,327	1	5,6,7,8,9,10,11,12,13,14,15	100	100	350	15|2|0|0|2|2|7|1|0|3|1|1
GA	Mondom	LTR	ERV1	LTR25_MD	chr5:230456490-230457726-	chr2:373172104-373173235-	13	29	0	204,211,218,227,228,229,238,249,261,278,294	206,213,219,228,229,230,239,250,262,279,296	1	2,3,4,5,6,7,8,9,10,11,12	91	91	350	13|2|0|1|0|3|6|1|0|0|2|1
GA	Mondom	LTR	ERV1	LTR25_MD	chr5:230456490-230457726-	chr4:182798473-182799565+	14	29	0	227,228,229,238,249,261,271,278,294,326	227,228,229,238,249,261,271,278,295,327	1	4,5,6,7,8,9,10,11,12,13	101	101	348	14|1|0|2|4|2|3|1|0|0|1|1
GA	Mondom	LTR	ERV1	LTR25_MD	chr5:230456490-230457726-	chr7:111996055-111997183-	16	30	0	227,228,229,231,238,249,261,271,278,294	228,229,230,232,239,250,262,272,279,296	2	6,7,8,9,10,11,12,13,14,15	70	69	349	16|5|0|0|1|3|3|0|0|0|1|1
GA	Mondom	LTR	ERV1	Mdo1LTR2	chr3:287162981-287164051-	chr8:194884074-194885141-	20	57	0	104,111,112,113,114,38,39,40,88,91	103,110,111,112,113,38,39,40,87,90	2	1,2,3,4,5,6,7,8,9,10	77	76	1068	20|6|3|2|1|3|5|7|0|2|3|5
GA	Mondom	LTR	ERV1	Mdo1LTR2	chr3:324177115-324178291+	chr5:283257087-283258268-	18	37	0	111,112,113,125,152,170,172,439,441,458,465,468,493	111,112,113,125,152,171,173,441,443,460,467,470,495	2	1,2,3,4,5,6,7,11,12,13,14,15,16	118	385	1178	18|5|0|1|1|1|4|6|0|0|0|1
GA	Mondom	LTR	ERV1	Mdo1LTR2	chr3:324177115-324178291+	chr2:509764259-509765447-	14	28	0	223,321,362,406,439,441,468,481,484,493	230,328,369,414,447,449,476,489,492,501	1	4,5,6,7,8,9,10,11,12,13	272	272	1045	14|4|0|0|1|0|3|3|1|1|0|1
GA	Mondom	LTR	ERV1	Mdo1LTR2	chr3:324177115-324178291+	chr2:76771741-76772747-	18	37	0	107,111,112,113,152,170,172,439,441,454,468,493,636,769,789,798,992	108,112,113,114,153,171,173,441,443,456,470,495,635,734,756,765,963	3	1,2,3,4,5,6,7,9,10,11,12,13,14,15,16,17,18	590	856	1020	18|4|0|5|2|1|1|2|0|1|2|1
GA	Mondom	LTR	ERV1	Mdo1LTR2	chr3:331617698-331618775-	chr1:71248802-71249872-	17	47	0	106,111,112,113,114,38,39,40,88,89	105,110,111,112,113,38,39,40,87,88	2	1,2,3,4,5,6,7,8,9,10	77	76	1073	17|10|0|2|1|3|5|5|0|1|2|1
GA	Mondom	LTR	ERV1	LTR58b_MD	chr2:207037325-207037991-	chr2:296516229-296516884-	20	58	0	159,161,190,196,205,578,586,596,597,600	149,151,179,185,194,564,573,583,584,587	2	6,7,8,9,10,16,17,18,19,20	70	439	639	20|10|2|3|4|1|6|6|0|1|1|4
GA	Mondom	LTR	ERV1	Mdo1LTR2	chr3:331774938-331776116-	chr6:212504268-212505427+	18	47	0	104,110,111,112,113,114,38,39,40,88,89	103,109,110,111,112,113,38,39,40,87,88	2	1,2,3,4,5,6,7,8,9,10,11	77	76	1168	18|5|1|4|2|2|5|3|2|0|1|4
GA	Mondom	LTR	ERV1	Mdo1LTR2	chr3:331774938-331776116-	chr4:298142721-298143885-	21	61	0	106,111,112,113,114,38,39,40,82,88	105,110,111,112,113,38,39,40,81,87	2	2,3,4,5,6,7,8,9,10,11	77	76	1171	21|8|2|4|1|2|9|6|0|2|1|5
GA	Mondom	LTR	ERV1	Mdo1LTR2	chr3:331774938-331776116-	chr2:133735860-133737039-	13	20	0	106,111,112,113,114,38,39,40,88,91	105,110,111,112,113,38,39,40,87,90	2	1,2,3,4,5,6,7,8,9,10	77	76	180	13|2|1|0|0|0|1|1|0|0|0|2
GA	Mondom	LTR	ERV1	LTR25_MD	chr5:265633952-265635136-	chr8:279419419-279420556+	16	32	0	150,204,205,212,218,227,228,229,238,249,261	151,205,206,213,219,228,229,230,239,250,262	2	3,4,5,6,7,8,9,10,11,12,13	113	112	347	16|4|0|0|1|1|2|4|0|1|1|2
GA	Mondom	LTR	ERV1	LTR25_MD	chr5:265633952-265635136-	chr4:426519456-426520587-	18	34	0	150,204,205,212,218,227,228,229,238,249,261	150,204,205,212,218,227,228,229,238,249,261	2	3,4,5,6,7,8,9,10,11,12,13	113	112	350	18|3|0|0|2|1|2|5|0|0|1|2
GA	Mondom	LTR	ERV1	LTR25_MD	chr5:265633952-265635136-	chr8:49565711-49566854-	17	31	0	150,204,205,212,218,227,228,229,238,245	150,204,205,212,218,227,228,229,238,245	2	2,3,4,5,6,7,8,9,10,11	97	96	352	17|3|0|0|1|1|2|5|0|0|1|1
GA	Mondom	LTR	ERV1	Mdo1LTR2	chr3:336178772-336179774+	chr4:410126990-410128012+	14	42	0	106,111,152,180,190,38,39,40,53,88	103,108,149,177,188,37,38,39,50,85	2	1,2,3,4,5,6,7,8,9,10	153	152	1012	14|7|1|1|0|3|4|4|2|1|1|4
GA	Mondom	LTR	ERV1	Mdo1LTR2	chr3:336178772-336179774+	chr7:60143295-60144317+	19	46	0	106,111,152,190,218,241,310,428,529,531,559,578,601	106,111,152,191,219,242,311,432,533,535,563,582,605	2	5,6,7,8,9,10,11,12,13,14,15,16,17	501	500	1012	19|7|0|1|1|5|1|5|1|0|2|4
GA	Mondom	LTR	ERV1	Mdo1LTR2	chr3:338933225-338934305+	chr3:361009506-361010685-	18	46	0	105,110,111,112,113,37,38,39,40,87	107,112,113,114,115,37,38,39,40,89	2	1,2,3,4,5,6,7,8,9,10	80	79	574	18|4|1|1|0|0|10|7|0|0|2|3
GA	Mondom	LTR	ERV1	Mdo1LTR2	chr3:338933225-338934305+	chr7:184332631-184333781+	15	25	0	105,110,111,112,113,129,131,137,164,172	106,111,112,113,114,130,132,138,165,173	2	5,6,7,8,9,10,11,12,13,14	69	68	230	15|2|1|0|0|0|3|2|0|0|0|2
GA	Mondom	LTR	ERV1	LTR31_MD	chr7:208674933-208675969-	chr2:377169154-377169822-	25	64	0	691,698,708,720,728,823,831,836,839,849	364,371,381,393,401,494,502,507,510,520	2	9,10,11,12,13,19,20,21,22,23	65	157	675	25|10|2|1|4|4|5|8|0|2|3|0
GA	Mondom	LTR	ERV1	Mdo1LTR2	chr3:349232645-349233829+	chr4:298142721-298143885-	20	47	0	107,113,114,115,154,172,174,38,39,40,83,89	105,111,112,113,152,170,172,38,39,40,81,87	2	2,3,4,5,6,7,8,9,10,11,12,13	136	135	1174	20|5|0|1|0|2|6|3|0|4|5|1
GA	Mondom	LTR	ERV1	Mdo1LTR2	chr3:349232645-349233829+	chr2:133735860-133737039-	10	13	0	107,113,114,115,154,38,39,40,89,92	105,111,112,113,152,38,39,40,87,90	2	1,2,3,4,5,6,7,8,9,10	116	115	170	10|2|0|0|0|0|1|0|0|0|0|0
GA	Mondom	LTR	ERV1	LTR25_MD	chr5:282412260-282413484+	chr6:102665744-102666920+	20	40	0	213,219,228,229,230,239,250,262,279,295,344,355,357	213,219,228,229,230,239,250,262,279,296,345,368,370	2	4,5,6,7,8,9,10,11,12,13,14,15,16	159	158	420	20|3|1|0|1|2|7|1|0|1|2|2
GA	Mondom	LTR	ERV1	LTR25_MD	chr5:282412260-282413484+	chr1:141631497-141632692+	21	37	0	206,213,219,228,229,230,239,250,262,279,295	206,213,219,228,229,230,239,250,262,278,295	1	3,4,5,6,7,8,9,10,11,12,13	90	90	420	21|2|1|1|1|2|2|3|0|0|1|3
GA	Mondom	LTR	ERV1	LTR25_MD	chr5:282412260-282413484+	chr1:452374444-452375593+	15	36	0	206,213,219,228,229,230,239,250,262,271	205,212,218,227,228,229,238,249,261,270	1	3,4,5,6,7,8,9,10,11,12	66	66	352	15|0|2|2|3|1|8|0|1|1|1|2
GA	Mondom	LTR	ERV1	LTR25_MD	chr5:282412260-282413484+	chr8:283136959-283138167+	23	51	0	206,213,228,229,230,239,250,295,327,344,355,357	206,213,225,226,227,236,247,293,325,342,365,367	2	5,6,7,8,9,10,11,14,15,16,17,18	117	162	431	23|3|2|1|2|3|6|5|0|2|2|2
GA	Mondom	LTR	ERV1	LTR25_MD	chr5:282412260-282413484+	chr6:121076123-121077311-	22	46	0	206,213,219,228,229,230,239,250,262,279,295,344,355,357	205,212,218,227,228,229,238,249,261,278,295,344,364,368	2	5,6,7,8,9,10,11,12,13,14,15,16,17,18	165	164	432	22|2|1|3|3|2|5|4|0|1|1|2
GA	Mondom	LTR	ERV1	LTR25_MD	chr5:282412260-282413484+	chr2:257933738-257934860-	16	30	0	205,206,213,219,228,229,230,239,250,262,279,295,319,329,344	204,205,212,218,227,228,229,238,249,261,278,295,319,329,344	2	2,3,4,5,6,7,8,9,10,11,12,13,14,15,16	142	141	352	16|0|1|2|3|1|3|0|0|1|1|2
GA	Mondom	LTR	ERV1	LTR25_MD	chr5:282412260-282413484+	chr1:131937744-131938961+	21	47	0	206,213,219,228,229,230,239,241,250,279,295,344,355,357	206,213,219,228,229,230,239,241,250,279,296,345,365,369	2	4,5,6,7,8,9,10,11,12,13,14,15,16,17	165	164	420	21|3|1|3|2|4|6|2|0|0|2|3
GA	Mondom	LTR	ERV1	LTR25_MD	chr5:282412260-282413484+	chr7:165143444-165144628+	19	41	0	213,219,228,229,230,239,250,262,279,295,344,355,357	213,219,228,229,230,239,250,262,279,296,345,367,369	2	3,4,5,6,7,8,9,10,11,12,13,14,15	158	157	420	19|2|1|1|3|3|5|2|1|0|2|2
GA	Mondom	LTR	ERV1	LTR25_MD	chr5:282412260-282413484+	chr6:2051902-2053053-	20	43	0	206,213,219,228,229,230,239,250,262,279,295,344,355,357	201,208,214,223,224,225,234,245,257,274,291,340,361,365	2	3,4,5,6,7,8,9,10,11,12,13,14,15,16	166	165	416	20|2|1|2|3|1|6|2|0|2|2|2
GA	Mondom	LTR	ERV1	LTR25_MD	chr5:282412260-282413484+	chr2:160447328-160448457+	13	27	0	205,206,213,219,228,229,230,239,250,295,344	207,208,215,221,230,231,232,241,252,287,336	1	3,4,5,6,7,8,9,10,11,12,13	130	130	349	13|4|1|0|1|2|0|0|0|1|2|3
GA	Mondom	LTR	ERV1	LTR25_MD	chr5:282412260-282413484+	chr1:586078425-586079619+	24	49	0	205,206,213,219,228,229,230,239,250,295,304,344,355,357,358,368	205,206,213,219,228,229,230,239,250,296,305,345,365,369,370,381	2	3,4,5,6,7,8,9,10,11,14,15,16,17,18,19,20	132	177	432	24|4|1|0|0|5|3|5|0|2|3|2
GA	Mondom	LTR	ERV1	LTR25_MD	chr5:282412260-282413484+	chr1:306240311-306241412+	18	39	0	125,134,151,173,174,228,229,230,239,250	124,133,150,173,174,228,229,230,239,250	2	3,4,5,6,7,10,11,12,13,14	74	127	353	18|1|1|3|3|1|5|1|1|2|1|2
GA	Mondom	LTR	ERV1	LTR25_MD	chr5:282412260-282413484+	chr1:225530241-225531381+	15	34	0	213,219,228,229,230,239,279,280,295,329,344	212,218,227,228,229,238,278,279,295,329,344	2	3,4,5,6,7,8,11,12,13,14,15	94	133	349	15|1|1|1|2|2|4|0|1|2|1|4
GA	Mondom	LTR	ERV1	LTR25_MD	chr5:282412260-282413484+	chr4:221528960-221530094-	13	23	0	205,206,213,219,228,229,230,239,250,279,295	206,207,214,220,229,230,231,240,251,271,288	1	2,3,4,5,6,7,8,9,10,11,12	83	83	345	13|1|1|1|2|1|0|0|1|0|2|1
GA	Mondom	LTR	ERV1	LTR25_MD	chr5:282412260-282413484+	chr1:325832017-325833133+	14	28	0	213,219,228,229,230,239,250,262,279,295,297,304,344	211,217,226,227,228,237,248,260,277,294,296,303,343	2	2,3,4,5,6,7,8,9,10,11,12,13,14	134	133	348	14|0|1|1|3|0|5|0|0|2|1|1
GA	Mondom	LTR	ERV1	LTR25_MD	chr5:282412260-282413484+	chr4:182798473-182799565+	17	31	0	206,213,219,228,229,230,239,250,262,272	205,212,218,227,228,229,238,249,261,271	1	4,5,6,7,8,9,10,11,12,13	67	67	353	17|2|1|1|3|1|2|0|0|0|2|2
GA	Mondom	LTR	ERV1	LTR46_MD	chr6:2554050-2554644-	chr1:515363820-515364763-	11	32	0	240,241,271,276,284,46,65,68,74,79	238,239,269,274,282,46,65,68,74,79	2	2,3,4,5,6,7,8,9,10,11	238	237	296	11|4|1|1|0|1|5|5|0|2|0|2
GA	Mondom	LTR	ERV1	Mdo1LTR2a	chr3:120469629-120470650+	chr3:248553625-248554689-	11	31	0	380,404,405,406,421,454,549,566,570,581,591	379,403,404,405,419,452,546,563,567,580,590	2	1,2,3,4,5,6,7,8,9,10,11	213	212	833	11|1|0|4|0|3|5|2|1|2|1|1
GA	Mondom	LTR	ERV1	Mdo1LTR2	chr3:363605672-363606727+	chr8:194884074-194885141-	18	47	0	106,113,114,115,116,38,39,40,90,93	103,110,111,112,113,38,39,40,87,90	2	1,2,3,4,5,6,7,8,9,10	77	76	1061	18|6|0|3|0|1|7|7|0|0|2|3
GA	Mondom	LTR	ERV1	Mdo1LTR2	chr3:363605672-363606727+	chr2:102691898-102692969-	17	50	0	106,113,114,115,116,38,39,40,87,90	103,110,111,112,113,38,39,40,84,87	2	1,2,3,4,5,6,7,8,9,10	77	76	1063	17|7|0|2|1|4|6|7|0|0|3|3
GA	Mondom	LTR	ERV1	Mdo1LTR2	chr3:363605672-363606727+	chr8:184199107-184200184-	15	45	0	108,113,114,115,116,38,39,40,90,91	105,110,111,112,113,38,39,40,87,88	2	1,2,3,4,5,6,7,8,9,10	77	76	1066	15|9|0|3|0|0|8|7|0|0|1|2
GA	Mondom	LTR	ERV1	Mdo1LTR2	chr3:363605672-363606727+	chr2:163736723-163737795+	18	54	0	108,113,114,115,116,38,39,40,84,90	107,112,113,114,115,38,39,40,83,89	2	1,2,3,4,5,6,7,8,9,10	79	78	1063	18|7|0|2|2|1|9|10|0|1|1|3
GA	Mondom	LTR	ERV1	LTR31_MD	chr2:68329123-68330137+	chr2:377169154-377169822-	34	63	0	549,557,560,586,607,616,621,635,809,815,823,828,831	241,249,252,278,299,306,311,322,488,494,502,507,510	2	6,7,8,9,10,11,12,13,26,27,28,29,30	105	270	615	34|5|1|0|3|3|5|7|0|1|4|0
GA	Mondom	LTR	ERV1	LTR25_MD	chr5:294688969-294690171+	chr4:403707818-403708996+	27	79	0	205,206,213,219,228,229,230,239,344,389,394,402,404	204,205,212,218,227,228,229,238,344,365,370,378,380	2	4,5,6,7,8,9,10,11,15,16,17,18,19	72	177	1159	27|6|1|0|6|9|9|6|0|3|7|5
GA	Mondom	LTR	ERV1	LTR25_MD	chr5:294688969-294690171+	chr1:552466197-552467353+	15	33	0	163,205,206,213,219,228,229,230,239,250,262	163,205,206,213,219,228,229,230,239,250,262	1	3,4,5,6,7,8,9,10,11,12,13	100	100	347	15|3|0|1|3|1|3|1|0|2|2|2
GA	Mondom	LTR	ERV1	LTR25_MD	chr5:294688969-294690171+	chr1:452374444-452375593+	13	33	0	206,213,219,228,229,230,239,250,262,271	205,212,218,227,228,229,238,249,261,270	1	2,3,4,5,6,7,8,9,10,11	66	66	348	13|1|1|1|3|1|8|0|1|1|1|2
GA	Mondom	LTR	ERV1	LTR25_MD	chr5:294688969-294690171+	chr7:122484792-122485985+	12	34	0	206,213,219,228,229,230,239,250,262,279	206,213,219,228,229,230,239,250,262,279	1	3,4,5,6,7,8,9,10,11,12	74	74	351	12|2|0|2|3|2|6|0|0|1|2|4
GA	Mondom	LTR	ERV1	LTR25_MD	chr5:294688969-294690171+	chr4:236597195-236598342+	25	52	0	213,219,228,229,230,239,241,389,394,402,404,407	212,218,227,228,229,238,240,401,406,414,416,419	2	3,4,5,6,7,8,9,16,17,18,19,20	48	208	561	25|5|1|0|2|4|5|2|1|1|3|3
GA	Mondom	LTR	ERV1	Mdo1LTR2	chr3:399662080-399663150-	chr8:194884074-194885141-	20	54	0	104,111,112,113,114,38,39,40,88,91	103,110,111,112,113,38,39,40,87,90	2	1,2,3,4,5,6,7,8,9,10	77	76	1068	20|6|1|2|0|1|9|5|2|0|2|6
GA	Mondom	LTR	ERV1	LTR25_MD	chr6:11285494-11286658-	chr2:482102971-482104125-	17	31	0	173,204,205,210,212,218,227,228,229,238,249	171,202,203,208,210,216,225,226,227,236,247	2	3,4,5,6,7,8,9,10,11,12,13	78	77	351	17|2|0|1|3|1|3|1|0|2|0|1
GA	Mondom	LTR	ERV1	LTR25_MD	chr6:11285494-11286658-	chr1:452374444-452375593+	15	36	0	205,210,212,218,227,228,229,238,249,261,270	205,210,212,218,227,228,229,238,249,261,270	1	2,3,4,5,6,7,8,9,10,11,12	66	66	352	15|1|0|2|4|1|8|1|1|1|1|1
GA	Mondom	LTR	ERV1	LTR25_MD	chr6:11285494-11286658-	chr1:552466197-552467353+	18	34	0	162,204,205,210,212,218,227,228,229,238,249,261	163,205,206,211,213,219,228,229,230,239,250,262	1	4,5,6,7,8,9,10,11,12,13,14,15	100	100	349	18|4|0|0|3|1|2|1|0|2|1|2
GA	Mondom	LTR	ERV1	LTR25_MD	chr6:11285494-11286658-	chr2:160447328-160448457+	12	28	0	204,205,210,212,218,227,228,229,238,249,294	207,208,213,215,221,230,231,232,241,252,287	1	1,2,3,4,5,6,7,8,9,10,11	81	81	348	12|4|0|1|3|2|0|1|1|1|1|2
GA	Mondom	LTR	ERV1	Mdo1LTR2	chr3:436136635-436137703-	chr8:194884074-194885141-	19	55	0	104,111,112,113,114,38,39,40,88,91	103,110,111,112,113,38,39,40,87,90	2	1,2,3,4,5,6,7,8,9,10	77	76	1067	19|6|2|4|0|1|9|7|0|1|2|4
GA	Mondom	LTR	ERV1	Mdo1LTR2	chr3:439311462-439312534-	chr1:164836230-164837295+	15	36	0	104,111,112,113,114,38,39,40,64,88	103,110,111,112,113,38,39,40,63,87	2	1,2,3,4,5,6,7,8,9,10	77	76	1068	15|3|0|1|2|0|8|2|0|1|1|3
GA	Mondom	LTR	ERV1	Mdo1LTR2	chr3:439311462-439312534-	chr2:36205351-36206416-	17	44	0	104,111,112,113,114,38,39,40,64,88	103,110,111,112,113,38,39,40,63,87	2	2,3,4,5,6,7,8,9,10,11	77	76	1068	17|2|0|0|2|2|11|3|1|1|2|3
GA	Mondom	LTR	ERV1	Mdo1LTR2	chr3:439311462-439312534-	chr8:188420395-188421467-	20	44	0	104,111,112,113,114,38,39,40,64,88	103,110,111,112,113,38,39,40,63,87	2	1,2,3,4,5,6,7,8,9,10	77	76	1070	20|5|0|0|0|0|10|4|1|1|1|2
GA	Mondom	LTR	ERV1	Mdo1LTR2	chr3:439311462-439312534-	chr5:127550596-127551663-	18	49	0	104,111,112,113,114,37,38,39,40,64	103,110,111,112,113,37,38,39,40,63	2	1,2,3,4,5,7,8,9,10,11	38	77	1069	18|10|1|0|0|1|12|2|1|0|1|3
GA	Mondom	LTR	ERV1	Mdo1LTR2	chr3:439311462-439312534-	chr1:487137534-487138605+	17	50	0	104,111,112,113,114,38,39,40,64,88	104,111,112,113,114,38,39,40,63,88	2	1,2,3,4,5,6,7,8,9,10	78	77	1071	17|2|0|2|1|1|12|4|1|1|5|4
GA	Mondom	LTR	ERV1	Mdo1LTR2	chr3:439311462-439312534-	chr1:71248802-71249872-	18	52	0	106,111,112,113,114,38,39,40,64,88,89	105,110,111,112,113,38,39,40,63,87,88	2	1,2,3,4,5,6,7,8,9,10,11	77	76	1071	18|10|0|1|1|1|10|5|1|1|2|2
GA	Mondom	LTR	ERV1	Mdo1LTR2	chr3:442047121-442048295-	chr8:164784936-164786116+	21	58	0	106,111,112,113,114,37,38,39,40,88	107,112,113,114,115,37,38,39,40,89	2	1,2,3,4,5,6,7,8,9,10	80	79	1177	21|6|2|1|4|2|11|7|0|0|1|3
GA	Mondom	LTR	ERV1	LTR25_MD	chr6:35386558-35387674+	chr1:428101563-428102668-	27	72	0	207,220,229,230,231,257,263,269,272,273	206,219,228,229,230,256,262,268,271,272	1	7,8,9,10,11,12,13,14,15,16	67	67	1068	27|12|1|5|5|3|7|8|0|0|3|1
GA	Mondom	LTR	ERV1	Mdo1LTR2a	chr3:178696551-178697604+	chr1:72508127-72509180-	22	56	0	102,110,120,124,149,150,155,179,192,398,399,400,401,415	100,108,118,122,147,148,153,177,190,401,402,403,404,418	2	4,5,6,7,8,9,10,11,12,13,14,15,16,17	320	319	1053	22|5|0|2|1|5|9|4|3|0|4|1
GA	Mondom	LTR	ERV1	Mdo1LTR2a	chr3:179365036-179365873-	chr1:618949075-618949802+	14	41	0	207,208,221,260,267,358,364,367,379,399,400	139,140,153,192,199,290,296,299,311,332,333	2	1,2,3,4,5,7,8,9,10,11,12	105	195	576	14|8|5|0|2|2|3|3|1|3|0|0
GA	Mondom	LTR	ERV1	Mdo1LTR2	chr3:471248789-471249871-	chr2:521448278-521449359+	21	45	0	104,111,112,113,114,130,132,138,163,171,172,173	103,110,111,112,113,129,131,137,162,171,172,173	2	4,5,6,7,8,9,10,11,12,13,14,15	72	71	1081	21|6|0|0|2|2|3|5|1|1|1|3
GA	Mondom	LTR	ERV1	Mdo1LTR1k	chr3:313890157-313890983+	chr7:159326396-159326992+	13	29	0	452,453,460,486,561,578,591,592,600,625	245,246,253,280,355,372,380,381,386,411	1	4,5,6,7,8,9,10,11,12,13	167	167	499	13|1|0|0|2|1|7|3|0|0|1|1
GA	Mondom	LTR	ERV1	Mdo1LTR2	chr3:471248789-471249871-	chr1:503760968-503762027-	18	37	0	104,111,112,113,114,130,163,171,172,173	105,112,113,114,115,131,164,172,173,174	2	2,3,4,5,6,7,8,9,10,11	71	70	1068	18|1|0|0|1|1|5|4|2|1|2|2
GA	Mondom	LTR	ERV1	Mdo1LTR2	chr3:471248789-471249871-	chr1:164836230-164837295+	20	52	0	104,111,112,113,114,130,132,163,171,172,173	103,110,111,112,113,129,131,162,170,171,172	2	4,5,6,7,8,9,10,11,12,13,14	71	70	1073	20|6|0|1|3|3|3|7|3|1|3|2
GA	Mondom	LTR	ERV1	Mdo1LTR2	chr3:471248789-471249871-	chr1:520820582-520821760+	19	43	0	106,111,112,113,114,138,163,171,172,173	105,110,111,112,113,137,162,170,171,172	2	4,5,6,7,8,11,12,13,14,15	45	68	574	19|5|1|0|1|0|5|6|1|0|2|3
GA	Mondom	LTR	ERV1	Mdo1LTR2	chr3:471248789-471249871-	chr2:217586265-217587429-	20	41	0	106,111,112,113,114,130,132,138,163,171,172,173	105,110,111,112,113,129,131,137,162,171,172,173	2	4,5,6,7,8,9,10,11,12,13,14,15	70	69	571	20|3|0|0|0|1|3|6|1|0|2|5
GA	Mondom	LTR	ERV1	Mdo1LTR2	chr3:471248789-471249871-	chr6:146833200-146834376+	18	44	0	106,111,112,113,114,138,163,171,172,173	103,108,109,110,111,135,160,169,170,171	2	4,5,6,7,8,11,12,13,14,15	46	69	573	18|4|0|3|1|3|4|5|1|0|2|3
GA	Mondom	LTR	ERV1	Mdo1LTR2	chr3:481707770-481708882-	chr7:128103037-128104059+	14	28	0	171,173,237,246,263,266,281,38,39,40	170,172,236,245,262,265,280,38,39,40	2	1,2,3,4,5,7,8,9,10,11	180	243	589	14|1|0|3|0|0|3|0|1|2|2|2
GA	Mondom	LTR	ERV1	Mdo1LTR2	chr3:498647818-498648898-	chr8:184199107-184200184-	21	53	0	107,112,113,114,115,38,39,40,89,90	105,110,111,112,113,38,39,40,87,88	2	1,2,3,4,5,6,7,8,9,10	77	76	1078	21|9|1|2|1|0|7|7|2|1|0|2
GA	Mondom	LTR	ERV1	Mdo1LTR2	chr3:498647818-498648898-	chr2:102651801-102652872-	22	59	0	105,112,113,114,115,714,734,767,768,781,787	104,111,112,113,114,713,733,761,762,775,781	2	5,6,7,8,9,16,17,18,19,20,21	80	678	1075	22|8|1|1|2|4|5|8|2|1|2|3
GA	Mondom	LTR	ERV1	Mdo1LTR2	chr3:498647818-498648898-	chr2:376422768-376423838-	22	64	0	105,112,113,114,115,714,767,768,787,859	104,111,112,113,114,711,758,759,778,850	2	6,7,8,9,10,17,18,19,20,21	151	747	1075	22|9|1|1|1|6|7|9|2|1|1|4
GA	Mondom	LTR	ERV1	Mdo1LTR2	chr3:498647818-498648898-	chr2:102691898-102692969-	23	61	0	105,112,113,114,115,38,39,40,714,734,767,768,781,787,86,89	103,110,111,112,113,38,39,40,713,733,761,762,775,781,84,87	3	1,2,3,4,5,6,7,8,9,10,17,18,19,20,21,22	146	744	1075	23|8|1|1|2|3|5|10|2|1|2|3
GA	Mondom	LTR	ERV1	Mdo1LTR2	chr3:498647818-498648898-	chr4:309729211-309730275-	25	66	0	105,112,113,114,115,38,39,40,54,89	103,110,111,112,113,38,39,40,53,87	2	1,2,3,4,5,6,7,8,9,10	77	76	1072	25|8|1|3|1|2|8|9|2|2|1|4
GA	Mondom	LTR	ERV1	Mdo1LTR2	chr3:500198639-500199685+	chr2:102651801-102652872-	14	30	0	103,104,122,124,125,55,62,63,64,65	104,111,112,113,114,152,153,171,173,174	1	2,3,4,5,6,7,8,9,10,11	71	71	461	14|2|1|0|0|3|2|3|0|1|4|0
GA	Mondom	LTR	ERV1	Mdo1LTR2	chr3:502221034-502221702-	chr2:76873442-76874586+	15	33	0	109,110,111,112,113,38,39,40,68,87	109,110,111,112,113,38,39,40,67,87	2	1,2,3,4,5,7,8,9,10,11	55	76	301	15|3|1|0|1|1|2|7|0|0|0|3
GA	Mondom	LTR	ERV1	Mdo1LTR2	chr3:502221034-502221702-	chr2:76771741-76772747-	15	33	0	107,110,111,112,113,38,39,40,68,87	108,111,112,113,114,38,39,40,67,88	2	1,2,3,4,5,7,8,9,10,11	58	77	302	15|3|1|0|1|1|2|7|0|0|0|3
GA	Mondom	LTR	ERV1	Mdo1LTR2	chr3:508486456-508487527-	chr1:71248802-71249872-	20	53	0	106,111,112,113,114,38,39,40,88,89	105,110,111,112,113,38,39,40,87,88	2	1,2,3,4,5,6,7,8,9,10	77	76	1070	20|10|0|1|2|0|7|7|2|1|1|2
GA	Mondom	LTR	ERV1	Mdo1LTR2	chr3:509721352-509722406-	chr8:194884074-194885141-	20	55	0	104,111,112,113,114,38,39,40,88,91	103,110,111,112,113,38,39,40,87,90	2	1,2,3,4,5,6,7,8,9,10	77	76	1060	20|5|1|0|1|3|7|11|0|0|2|5
GA	Mondom	LTR	ERV1	Mdo1LTR2	chr3:509721352-509722406-	chr2:102691898-102692969-	20	58	0	104,111,112,113,114,38,39,40,85,88	103,110,111,112,113,38,39,40,84,87	2	1,2,3,4,5,6,7,8,9,10	77	76	1062	20|5|1|0|3|4|5|12|1|0|3|4
GA	Mondom	LTR	ERV1	LTR25_MD	chr6:79752104-79753347-	chr6:204229342-204230539+	19	48	0	212,218,227,228,229,238,249,294,343,354,356,357	215,221,230,231,232,241,252,299,348,368,372,373	2	2,3,4,5,6,7,8,11,12,13,14,15	113	159	433	19|9|0|0|1|2|5|4|1|1|2|4
GA	Mondom	LTR	ERV1	Mdo1LTR2	chr3:518922209-518923278-	chr5:127550596-127551663-	17	51	0	104,111,112,113,114,37,38,39,40,88	103,110,111,112,113,37,38,39,40,87	2	1,2,3,4,5,6,7,8,9,10	78	77	1068	17|11|3|0|0|2|6|5|0|1|3|3
GA	Mondom	LTR	ERV1	Mdo1LTR1k	chr3:368858520-368859386+	chr3:401875909-401876792+	12	34	0	397,421,436,439,440,458,620,626,627,642,667	428,452,468,471,472,492,644,650,651,667,682	2	1,2,3,4,5,6,8,9,10,11,12	104	255	514	12|5|2|1|1|2|4|1|0|1|2|3
GA	Mondom	LTR	ERV1	Mdo1LTR2	chr5:14119596-14120659-	chr2:376422768-376423838-	14	36	0	104,111,112,113,114,38,39,40,88,89	104,111,112,113,114,38,39,40,88,89	2	1,2,3,4,5,6,7,8,9,10	78	77	1066	14|7|1|1|1|2|4|3|0|0|1|2
GA	Mondom	LTR	ERV1	Mdo1LTR2	chr5:14119596-14120659-	chr2:163736723-163737795+	17	42	0	106,111,112,113,114,38,39,40,82,88	107,112,113,114,115,38,39,40,83,89	2	1,2,3,4,5,6,7,8,9,10	79	78	1067	17|6|1|0|3|1|5|5|0|1|0|3
GA	Mondom	LTR	ERV1	Mdo1LTR2	chr5:14119596-14120659-	chr4:309729211-309730275-	19	45	0	104,111,112,113,114,38,39,40,54,88	103,110,111,112,113,38,39,40,53,87	2	1,2,3,4,5,6,7,8,9,10	77	76	1063	19|9|3|1|0|0|5|4|0|1|0|3
GA	Mondom	LTR	ERV1	Mdo1LTR2	chr5:14119596-14120659-	chr4:366959790-366960852+	15	42	0	104,111,112,113,114,38,39,40,54,88	104,111,112,113,114,38,39,40,53,88	2	1,2,3,4,5,6,7,8,9,10	78	77	1062	15|6|3|1|1|1|4|5|2|1|0|3
GA	Mondom	LTR	ERV1	Mdo1LTR2	chr5:14119596-14120659-	chr8:194884074-194885141-	20	49	0	104,111,112,113,114,38,39,40,88,91	103,110,111,112,113,38,39,40,87,90	2	1,2,3,4,5,6,7,8,9,10	77	76	1065	20|8|2|1|1|1|7|4|0|0|1|4
GA	Mondom	LTR	ERV1	Mdo1LTR2	chr5:14119596-14120659-	chr8:184199107-184200184-	19	55	0	106,111,112,113,114,38,39,40,88,89	105,110,111,112,113,38,39,40,87,88	2	1,2,3,4,5,6,7,8,9,10	77	76	1070	19|13|1|1|1|1|9|6|0|0|0|4
GA	Mondom	LTR	ERV1	Mdo1LTR2	chr5:28921916-28922994-	chr2:81094916-81095986-	21	54	0	106,113,114,115,116,765,778,783,785,795	104,111,112,113,114,760,773,778,780,790	2	2,3,4,5,6,14,15,16,17,18	42	687	1074	21|7|1|3|1|2|7|4|1|2|1|4
GA	Mondom	LTR	ERV1	Mdo1LTR2	chr5:28921916-28922994-	chr1:71248802-71249872-	22	57	0	108,113,114,115,116,38,39,40,90,91	105,110,111,112,113,38,39,40,87,88	2	1,2,3,4,5,6,7,8,9,10	77	76	1074	22|12|0|3|1|1|6|5|0|3|2|2
GA	Mondom	LTR	ERV1	Mdo1LTR2	chr5:28921916-28922994-	chr1:147770265-147771337-	23	68	0	106,112,113,114,115,116,765,778,783,785,847	106,112,113,114,115,116,761,774,779,781,839	2	5,6,7,8,9,10,16,17,18,19,20	90	734	1075	23|11|2|1|2|3|9|7|1|4|1|4
GA	Mondom	LTR	ERV1	LTR25_MD	chr6:136018624-136019719-	chr2:375881417-375882571-	16	32	0	151,171,174,219,222,224,228,543,544,545,573,602	151,171,174,219,222,224,228,543,544,545,571,600	2	1,2,3,4,5,6,7,12,13,14,15,16	136	450	677	16|2|2|1|1|0|5|1|0|2|1|1
GA	Mondom	LTR	ERV1	Mdo1LTR2	chr5:59840167-59841233-	chr1:71248802-71249872-	19	53	0	105,110,111,112,113,36,37,38,87,88	105,110,111,112,113,38,39,40,87,88	2	1,2,3,4,5,6,7,8,9,10	77	76	1062	19|8|0|1|1|2|6|9|0|2|3|2
GA	Mondom	LTR	ERV1	LTR25_MD	chr6:151664202-151665383-	chr1:452374444-452375593+	15	37	0	206,213,219,228,229,230,239,250,262,271	205,212,218,227,228,229,238,249,261,270	1	3,4,5,6,7,8,9,10,11,12	66	66	352	15|2|1|1|2|1|8|2|1|2|0|2
GA	Mondom	LTR	ERV1	LTR25_MD	chr6:151664202-151665383-	chr8:279419419-279420556+	16	31	0	151,205,206,213,219,228,229,230,239,250,262	151,205,206,213,219,228,229,230,239,250,262	1	3,4,5,6,7,8,9,10,11,12,13	112	112	353	16|4|0|0|1|1|2|2|0|2|1|2
GA	Mondom	LTR	ERV1	LTR25_MD	chr6:151664202-151665383-	chr4:411833205-411834370-	14	30	0	151,205,206,213,219,228,229,230,239,250,262	151,205,206,213,219,228,229,230,239,250,263	1	1,2,3,4,5,6,7,8,9,10,11	113	113	337	14|1|1|1|2|1|3|1|0|2|1|3
GA	Mondom	LTR	ERV1	LTR25_MD	chr6:151664202-151665383-	chr8:83705072-83706230+	14	33	0	151,205,206,213,219,228,229,230,239,250	151,205,206,213,219,228,229,230,239,250	1	2,3,4,5,6,7,8,9,10,11	100	100	352	14|3|1|1|1|3|2|2|0|2|1|3
GA	Mondom	LTR	ERV1	LTR25_MD	chr6:151664202-151665383-	chr8:49565711-49566854-	16	27	0	151,205,206,213,219,228,229,230,239,246	150,204,205,212,218,227,228,229,238,245	1	1,2,3,4,5,6,7,8,9,10	96	96	352	16|3|0|0|1|1|1|2|0|1|1|1
GA	Mondom	LTR	ERV1	Mdo1LTR2	chr5:128568557-128569624+	chr7:158722213-158723283-	17	49	0	273,274,323,336,362,493,529,531,532,533	274,275,324,337,362,492,529,531,532,533	2	2,3,4,5,6,8,9,10,11,12	131	260	1068	17|6|1|2|1|2|5|7|2|0|3|3
GA	Mondom	LTR	ERV1	Mdo1LTR2	chr5:128568557-128569624+	chr8:184199107-184200184-	20	56	0	105,110,111,112,113,38,39,40,87,88	105,110,111,112,113,38,39,40,87,88	2	2,3,4,5,6,7,8,9,10,11	77	76	1072	20|11|3|2|0|0|5|10|0|0|2|3
GA	Mondom	LTR	ERV1	Mdo1LTR2	chr5:128568557-128569624+	chr2:163736723-163737795+	22	62	0	105,110,111,112,113,38,39,40,81,87	107,112,113,114,115,38,39,40,83,89	2	2,3,4,5,6,7,8,9,10,11	79	78	1069	22|8|3|0|3|1|6|12|0|0|3|4
GA	Mondom	LTR	ERV1	Mdo1LTR2	chr5:146367195-146368261-	chr1:71248802-71249872-	20	58	0	109,114,115,116,117,38,39,40,91,92	105,110,111,112,113,38,39,40,87,88	2	1,2,3,4,5,6,7,8,9,10	77	76	1068	20|12|0|1|1|1|7|7|1|2|1|5
GA	Mondom	LTR	ERV1	Mdo1LTR2	chr5:182158219-182159273-	chr4:366959790-366960852+	17	46	0	100,104,111,112,113,114,38,39,40,54,88	100,104,111,112,113,114,38,39,40,53,88	2	1,2,3,4,5,6,7,8,9,10,11	78	77	1058	17|4|0|1|2|2|6|6|2|1|2|3
GA	Mondom	LTR	ERV1	Mdo1LTR2	chr5:182158219-182159273-	chr2:376422768-376423838-	16	46	0	100,104,111,112,113,114,38,39,40,88,89	100,104,111,112,113,114,38,39,40,88,89	2	1,2,3,4,5,6,7,8,9,10,11	78	77	1062	16|7|0|1|1|4|6|5|0|0|3|3
GA	Mondom	LTR	ERV1	Mdo1LTR2	chr5:182158219-182159273-	chr2:163736723-163737795+	18	50	0	100,106,111,112,113,114,38,39,40,82,88	101,107,112,113,114,115,38,39,40,83,89	2	1,2,3,4,5,6,7,8,9,10,11	79	78	1063	18|6|0|0|4|2|6|8|0|1|2|3
GA	Mondom	LTR	ERV1	Mdo1LTR3x	chr3:91555993-91556698-	chr5:113340865-113341570+	30	80	0	125,133,137,140,144,148,367,369,391,414,431,432,439,454	130,138,142,145,149,153,372,374,394,417,434,435,442,457	2	5,6,7,8,9,10,20,21,22,23,24,25,26,27	110	328	701	30|14|2|7|0|1|7|8|2|2|2|5
GA	Mondom	LTR	ERV1	LTR25_MD	chr6:178972544-178973670+	chr4:333728761-333729894-	15	41	0	389,394,402,404,407,489,541,543,544,546,558	388,393,401,403,406,489,541,543,544,546,558	2	3,4,5,6,7,8,9,10,11,12,13	172	171	731	15|6|0|0|1|2|8|4|1|0|3|1
GA	Mondom	LTR	ERV1	LTR25_MD	chr6:181390947-181392176+	chr1:251011596-251012724-	14	27	0	204,227,228,237,248,260,261,277,293,310	203,226,227,236,247,259,260,276,293,310	1	4,5,6,7,8,9,10,11,12,13	108	108	344	14|0|0|1|2|3|2|3|0|0|0|2
GA	Mondom	LTR	ERV1	Mdo1LTR2	chr5:189763712-189764656+	chr8:184199107-184200184-	18	51	0	105,110,111,112,113,36,38,55,87,88	105,110,111,112,113,38,40,56,87,88	2	1,2,3,4,5,6,7,8,9,10	77	76	899	18|5|1|1|2|1|7|7|0|3|1|5
GA	Mondom	LTR	ERV1	Mdo1LTR2	chr5:192886822-192887894-	chr1:71248802-71249872-	21	60	0	107,112,113,114,115,38,39,40,89,90	105,110,111,112,113,38,39,40,87,88	2	1,2,3,4,5,6,7,8,9,10	77	76	1071	21|11|3|3|1|1|6|9|1|1|1|2
GA	Mondom	LTR	ERV1	Mdo1LTR2a	chr3:307650843-307651640-	chr5:104510824-104511621+	11	30	0	340,350,417,419,481,622,637,638,658,699	339,349,416,418,480,626,641,642,662,703	2	1,2,3,4,5,7,8,9,10,11	220	365	794	11|5|2|1|0|2|4|1|1|0|1|2
GA	Mondom	LTR	ERV1	Mdo1LTR2	chr5:203123359-203124422-	chr8:184199107-184200184-	17	48	0	106,111,112,113,114,38,39,40,88,89	105,110,111,112,113,38,39,40,87,88	2	2,3,4,5,6,7,8,9,10,11	77	76	1070	17|8|0|2|0|0|6|8|0|0|4|3
GA	Mondom	LTR	ERV1	Mdo1LTR2	chr5:203123359-203124422-	chr8:194884074-194885141-	21	51	0	104,111,112,113,114,38,39,40,88,91	103,110,111,112,113,38,39,40,87,90	2	2,3,4,5,6,7,8,9,10,11	77	76	1065	21|4|0|2|0|1|6|8|0|0|5|4
GA	Mondom	LTR	ERV1	Mdo1LTR2	chr5:203123359-203124422-	chr2:102691898-102692969-	20	55	0	104,111,112,113,114,38,39,40,85,88	103,110,111,112,113,38,39,40,84,87	2	2,3,4,5,6,7,8,9,10,11	77	76	1067	20|6|0|1|1|4|4|9|0|0|6|4
GA	Mondom	LTR	ERV1	Mdo1LTR2	chr5:203123359-203124422-	chr2:163736723-163737795+	21	58	0	106,111,112,113,114,38,39,40,82,88	107,112,113,114,115,38,39,40,83,89	2	2,3,4,5,6,7,8,9,10,11	79	78	1067	21|5|0|1|3|0|8|11|0|1|5|3
GA	Mondom	LTR	ERV1	Mdo1LTR2	chr5:203123359-203124422-	chr2:376422768-376423838-	20	54	0	104,111,112,113,114,38,39,40,88,89	104,111,112,113,114,38,39,40,88,89	2	2,3,4,5,6,7,8,9,10,11	78	77	1066	20|6|0|1|0|3|8|8|0|0|4|4
GA	Mondom	LTR	ERV1	Mdo1LTR2b	chr3:360559543-360560593-	chr1:95805025-95806011-	17	42	0	737,751,782,797,800,804,823,826,832,844,853,864	674,688,719,734,737,741,760,763,769,781,790,801	1	3,4,5,6,7,8,9,10,11,12,13,14	128	128	455	17|2|1|2|2|2|5|8|1|0|1|1
GA	Mondom	LTR	ERV1	Mdo1LTR2	chr5:243764961-243765884+	chr8:164784936-164786116+	19	54	0	106,111,112,113,114,37,38,39,40,88	107,112,113,114,115,37,38,39,40,89	2	1,2,3,4,5,6,7,8,9,10	80	79	924	19|4|1|4|4|1|9|4|0|0|2|6
GA	Mondom	LTR	ERV1	Mdo1LTR2	chr5:243764961-243765884+	chr4:298142721-298143885-	22	51	0	106,111,112,113,114,38,39,40,82,88	105,110,111,112,113,38,39,40,81,87	2	2,3,4,5,6,7,8,9,10,11	77	76	918	22|3|0|3|1|1|8|4|0|1|2|6
GA	Mondom	LTR	ERV1	Mdo1LTR2	chr5:243764961-243765884+	chr2:133735860-133737039-	13	19	0	106,111,112,113,114,38,39,40,88,91	105,110,111,112,113,38,39,40,87,90	2	1,2,3,4,5,6,7,8,9,10	77	76	172	13|1|0|0|0|0|1|1|0|0|0|3
GA	Mondom	LTR	ERV1	Mdo1LTR2	chr5:264332162-264333312+	chr8:164784936-164786116+	17	48	0	106,111,112,113,114,37,38,39,40,88	107,112,113,114,115,37,38,39,40,89	2	1,2,3,4,5,6,7,8,9,10	80	79	1165	17|6|1|1|3|3|7|3|0|3|2|2
GA	Mondom	LTR	ERV1	Mdo1LTR2	chr5:264332162-264333312+	chr4:298142721-298143885-	20	46	0	106,111,112,113,114,38,39,40,82,88	105,110,111,112,113,38,39,40,81,87	2	2,3,4,5,6,7,8,9,10,11	77	76	1157	20|6|0|1|0|3|5|3|0|4|2|2
GA	Mondom	LTR	ERV1	Mdo1LTR2	chr5:264332162-264333312+	chr2:151440732-151441898-	16	46	0	106,111,112,113,114,37,38,39,40,55,88	105,110,111,112,113,37,38,39,40,54,87	2	1,2,3,4,5,6,7,8,9,10,11	78	77	1158	16|11|0|0|0|1|5|5|1|2|2|3
GA	Mondom	LTR	ERV1	LTR25_MD	chr6:212441430-212442532-	chr4:91849529-91850711-	30	89	0	206,213,219,228,229,230,380,385,393,395,406	206,213,219,228,229,230,402,407,415,417,428	2	2,3,4,5,6,7,14,15,16,17,18	52	223	1109	30|12|2|3|1|7|7|12|1|4|5|5
GA	Mondom	LTR	ERV1	LTR25_MD	chr6:212441430-212442532-	chr2:535790705-535791683-	28	73	0	205,206,213,219,228,229,230,380,385,393,395,406,417	218,219,226,232,241,242,243,416,421,429,431,442,453	2	2,3,4,5,6,7,8,15,16,17,18,19,20	64	236	913	28|5|2|4|4|4|5|8|2|3|2|6
GA	Mondom	LTR	ERV1	Mdo1LTR2	chr5:293971166-293972233-	chr1:258925919-258926985+	20	55	0	104,111,112,113,114,478,533,561,591,621	103,110,111,112,113,477,533,560,590,619	2	5,6,7,8,9,15,16,17,18,19	154	517	1066	20|8|1|0|1|5|7|7|0|1|1|4
GA	Mondom	LTR	ERV1	Mdo1LTR2	chr6:3646508-3647558-	chr8:194884074-194885141-	19	49	0	105,112,113,114,115,38,39,40,89,92	103,110,111,112,113,38,39,40,87,90	2	1,2,3,4,5,6,7,8,9,10	77	76	1058	19|5|2|2|0|1|7|4|1|0|2|6
GA	Mondom	LTR	ERV1	Mdo1LTR2	chr6:3646508-3647558-	chr2:102691898-102692969-	18	54	0	105,112,113,114,115,38,39,40,86,89	103,110,111,112,113,38,39,40,84,87	2	1,2,3,4,5,6,7,8,9,10	77	76	1060	18|7|2|1|1|3|6|6|1|0|3|6
GA	Mondom	LTR	ERV1	Mdo1LTR2	chr6:3646508-3647558-	chr2:163736723-163737795+	20	56	0	107,112,113,114,115,38,39,40,83,89	107,112,113,114,115,38,39,40,83,89	2	1,2,3,4,5,6,7,8,9,10	79	78	1061	20|5|2|1|3|0|10|6|1|1|2|5
GA	Mondom	LTR	ERV1	Mdo1LTR2	chr6:37575426-37576234-	chr8:184199107-184200184-	14	35	0	101,106,107,108,109,38,39,40,88,89	105,110,111,112,113,38,39,40,87,88	1	1,2,3,4,5,6,7,8,9,10	76	76	811	14|4|1|1|0|0|6|5|0|1|0|3
GA	Mondom	LTR	ERV1	Mdo1LTR1j	chr5:242181587-242182261+	chr1:715111275-715112106-	15	45	0	231,272,297,348,366,388,494,519,521,530,539	228,270,295,346,364,386,492,540,542,551,560	2	2,3,4,5,6,7,10,11,12,13,14	228	333	679	15|6|0|1|1|2|7|7|0|3|0|3
GA	Mondom	LTR	ERV1	LTR25_MD	chr6:272226354-272227481+	chr1:241898419-241899538+	19	34	0	213,217,219,225,228,296,300,345,353,355	212,216,218,224,227,295,299,361,369,371	2	7,8,9,10,11,15,16,17,18,19	93	160	390	19|3|1|0|1|0|2|4|0|1|2|1
GA	Mondom	LTR	ERV1	Mdo1LTR2	chr6:143617371-143618439+	chr8:140549712-140550780-	18	53	0	104,111,112,113,114,38,39,40,86,88	103,110,111,112,113,38,39,40,85,87	2	1,2,3,4,5,6,7,8,9,10	77	76	1068	18|7|2|1|1|2|6|9|1|1|1|4
GA	Mondom	LTR	ERV1	Mdo1LTR2	chr6:143617371-143618439+	chr8:194884074-194885141-	21	60	0	104,111,112,113,114,38,39,40,86,88,91	103,110,111,112,113,38,39,40,85,87,90	2	1,2,3,4,5,6,7,8,9,10,11	77	76	1067	21|8|1|1|1|3|9|8|0|1|2|5
GA	Mondom	LTR	ERV1	Mdo1LTR2	chr6:152504619-152505695+	chr2:81094916-81095986-	16	38	0	104,111,112,113,114,485,524,534,535,538	104,111,112,113,114,482,521,531,532,535	2	2,3,4,5,6,9,10,11,12,13	65	432	1073	16|6|0|1|1|2|5|4|1|0|1|1
GA	Mondom	LTR	ERV1	Mdo1LTR2	chr6:160215187-160216055+	chr4:298142721-298143885-	20	52	0	106,111,112,113,114,38,39,40,82,88	105,110,111,112,113,38,39,40,81,87	2	2,3,4,5,6,7,8,9,10,11	77	76	861	20|4|2|0|1|1|9|5|1|3|1|5
GA	Mondom	LTR	ERV1	Mdo1LTR2	chr6:160215187-160216055+	chr2:133735860-133737039-	13	21	0	106,111,112,113,114,38,39,40,88,91	105,110,111,112,113,38,39,40,87,90	2	1,2,3,4,5,6,7,8,9,10	77	76	180	13|2|1|0|0|0|2|1|0|0|0|2
GA	Mondom	LTR	ERV1	Mdo1LTR2	chr6:160697446-160698512+	chr1:71248802-71249872-	17	51	0	107,112,113,114,115,38,39,40,89,90	105,110,111,112,113,38,39,40,87,88	2	1,2,3,4,5,6,7,8,9,10	77	76	1068	17|11|1|1|2|1|4|6|0|4|2|2
GA	Mondom	LTR	ERV1	Mdo1LTR2b	chr3:443786852-443787733-	chr4:412088877-412089815+	23	59	0	20,21,22,25,31,312,348,355,368,370	364,400,407,420,422,64,65,66,69,75	2	1,2,3,4,5,15,16,17,18,19	71	359	885	23|5|1|1|3|3|8|4|2|2|0|7
GA	Mondom	LTR	ERV1	Mdo1LTR2	chr6:166602538-166603607+	chr1:71248802-71249872-	18	49	0	106,111,112,113,114,38,39,40,88,89	105,110,111,112,113,38,39,40,87,88	2	1,2,3,4,5,6,7,8,9,10	77	76	1069	18|8|1|3|1|3|4|6|0|1|2|2
GA	Mondom	LTR	ERV1	Mdo1LTR1k	chrX:34315468-34316319-	chr1:301979633-301980496-	25	69	0	475,476,477,478,480,569,604,610,611,626,627,651	484,485,486,487,489,580,611,617,618,633,634,658	2	8,9,10,11,12,16,17,18,19,20,21,22	85	175	857	25|3|3|2|4|4|10|5|4|3|2|4
GA	Mondom	LTR	ERV1	Mdo1LTR1k	chrX:34315468-34316319-	chr7:159326396-159326992+	15	42	0	467,477,478,480,486,587,604,617,618,626,651	234,244,245,247,253,355,372,380,381,386,411	2	4,5,6,7,8,10,11,12,13,14,15	77	178	546	15|2|3|0|3|1|8|5|0|3|0|2
GA	Mondom	LTR	ERV1	Mdo1LTR2	chr6:189107803-189108874-	chr2:36205351-36206416-	18	51	0	104,111,112,113,114,38,39,40,72,88	103,110,111,112,113,38,39,40,71,87	2	2,3,4,5,6,7,8,9,10,11	77	76	1067	18|4|0|1|2|2|13|6|0|1|2|2
GA	Mondom	LTR	ERV1	Mdo1LTR2	chr6:189107803-189108874-	chr8:188420395-188421467-	19	49	0	104,111,112,113,114,38,39,40,72,88	103,110,111,112,113,38,39,40,71,87	2	1,2,3,4,5,6,7,8,9,10	77	76	1070	19|7|0|1|0|0|10|8|0|1|1|2
GA	Mondom	LTR	ERV1	Mdo1LTR2	chr6:189107803-189108874-	chr1:71248802-71249872-	18	51	0	106,111,112,113,114,38,39,40,72,88,89	105,110,111,112,113,38,39,40,71,87,88	2	1,2,3,4,5,6,7,8,9,10,11	77	76	1070	18|9|0|2|1|1|11|5|0|1|2|1
GA	Mondom	LTR	ERV1	LTR25_MD	chr1:12664142-12665377-	chr1:131937744-131938961+	17	48	0	205,212,218,228,229,238,240,278,294,343,354,356	206,213,219,229,230,239,241,279,296,345,365,369	2	3,4,5,6,7,8,9,10,11,12,13,14	165	164	432	17|4|1|2|3|4|6|6|1|1|1|2
GA	Mondom	LTR	ERV1	LTR25_MD	chr1:12664142-12665377-	chr2:495975909-495977112+	18	45	0	205,212,218,228,229,278,294,343,354,356,367	206,213,219,229,230,279,296,345,366,370,382	2	2,3,4,5,6,9,10,11,12,13,14	129	177	437	18|3|1|1|1|4|6|6|1|2|1|1
GA	Mondom	LTR	ERV1	LTR25_MD	chr1:12664142-12665377-	chr8:283136959-283138167+	18	48	0	205,212,228,229,238,294,326,343,354,356	206,213,226,227,236,293,325,342,365,367	2	3,4,5,6,7,10,11,12,13,14	106	162	430	18|4|2|1|3|3|6|6|0|3|1|1
GA	Mondom	LTR	ERV1	LTR25_MD	chr1:12664142-12665377-	chr8:167508754-167509958+	17	42	0	205,212,218,228,229,238,278,294,328,343,354,356	206,213,219,229,230,239,279,296,330,345,366,370	2	2,3,4,5,6,7,9,10,11,12,13,14	126	165	432	17|2|1|2|2|5|6|5|1|0|0|1
GA	Mondom	LTR	ERV1	LTR25_MD	chr1:12664142-12665377-	chr1:586078425-586079619+	19	44	0	204,205,212,218,228,229,238,294,303,343,354,356,357,367	205,206,213,219,229,230,239,296,305,345,365,369,370,381	2	1,2,3,4,5,6,7,10,11,12,13,14,15,16	121	177	432	19|4|1|0|1|5|3|5|0|3|2|1
GA	Mondom	LTR	ERV1	LTR25_MD	chr1:12664142-12665377-	chr2:257933738-257934860-	13	28	0	204,205,212,218,228,229,238,278,294,318,328,343	204,205,212,218,228,229,238,278,295,319,329,344	2	1,2,3,4,5,6,7,9,10,11,12,13	102	141	352	13|1|0|1|3|2|3|2|0|2|0|1
GA	Mondom	LTR	ERV1	LTR25_MD	chr1:12664142-12665377-	chr7:165143444-165144628+	15	40	0	212,218,228,229,238,278,294,343,354,356	213,219,229,230,239,279,296,345,367,369	2	2,3,4,5,6,8,9,10,11,12	118	157	431	15|4|1|0|2|4|5|4|1|2|1|1
GA	Mondom	LTR	ERV1	LTR25_MD	chr1:12664142-12665377-	chr2:156235159-156236342-	20	49	0	212,218,228,229,238,278,294,328,343,354,356	214,220,230,231,240,280,297,331,346,368,372	2	5,6,7,8,9,11,12,13,14,15,16	120	159	433	20|3|1|0|2|4|9|6|0|2|1|1
GA	Mondom	LTR	ERV1	LTR25_MD	chr1:12664142-12665377-	chr1:325832017-325833133+	11	26	0	212,218,228,229,238,278,294,296,303,343	211,217,227,228,237,277,294,296,303,343	2	1,2,3,4,5,7,8,9,10,11	94	133	348	11|0|0|0|3|2|5|1|0|3|0|1
GA	Mondom	LTR	ERV1	Mdo1LTR2	chr6:196604713-196605791-	chr2:102691898-102692969-	18	53	0	104,111,112,113,114,38,39,40,85,88	103,110,111,112,113,38,39,40,84,87	2	1,2,3,4,5,6,7,8,9,10	77	76	1074	18|7|1|0|2|2|10|8|0|0|2|3
GA	Mondom	LTR	ERV1	Mdo1LTR2	chr6:196604713-196605791-	chr8:194884074-194885141-	19	48	0	104,111,112,113,114,38,39,40,88,91	103,110,111,112,113,38,39,40,87,90	2	1,2,3,4,5,6,7,8,9,10	77	76	1072	19|5|1|1|1|1|11|5|0|0|1|3
GA	Mondom	LTR	ERV1	Mdo1LTR2	chr6:196604713-196605791-	chr8:184199107-184200184-	16	46	0	106,111,112,113,114,38,39,40,88,89	105,110,111,112,113,38,39,40,87,88	2	1,2,3,4,5,6,7,8,9,10	77	76	1077	16|9|1|1|1|0|11|5|0|0|0|2
GA	Mondom	LTR	ERV1	Mdo1LTR2	chr6:199949180-199950241+	chr2:163736723-163737795+	19	53	0	106,111,112,113,114,38,39,40,82,88	107,112,113,114,115,38,39,40,83,89	2	1,2,3,4,5,6,7,8,9,10	79	78	1066	19|5|1|0|3|1|10|7|0|1|1|5
GA	Mondom	LTR	ERV1	Mdo1LTR2	chr6:199949180-199950241+	chr2:102691898-102692969-	18	50	0	104,111,112,113,114,38,39,40,85,88	103,110,111,112,113,38,39,40,84,87	2	1,2,3,4,5,6,7,8,9,10	77	76	1066	18|6|1|0|1|3|7|6|0|1|2|5
GA	Mondom	LTR	ERV1	LTR25_MD	chr1:28353624-28354797+	chr7:67853276-67854430+	17	36	0	114,135,168,169,176,185,191,192,193,202	151,172,205,206,213,222,228,229,230,239	2	4,5,6,7,8,9,10,11,12,13	90	89	316	17|4|1|0|2|3|1|3|0|2|1|2
GA	Mondom	LTR	ERV1	LTR25_MD	chr1:28353624-28354797+	chr8:49565711-49566854-	15	28	0	191,192,193,202,209,213,225,242,254,258	227,228,229,238,245,249,261,278,291,295	2	6,7,8,9,10,11,12,13,14,15	70	69	315	15|3|1|0|1|2|1|2|0|1|1|1
GA	Mondom	LTR	ERV1	Mdo1LTR1k	chr5:12588422-12589269-	chr7:236540263-236541146+	19	55	0	131,132,158,213,214,597,598,599,614,619,628	150,151,177,232,233,645,646,647,662,667,671	2	1,2,3,4,5,13,14,15,16,17,18	111	522	859	19|7|1|1|2|5|7|5|3|1|2|2
GA	Mondom	LTR	ERV1	Mdo1LTR2	chr6:230614365-230615551-	chr8:164784936-164786116+	21	63	0	107,112,113,114,115,37,38,39,40,89	107,112,113,114,115,37,38,39,40,89	2	1,2,3,4,5,6,7,8,9,10	80	79	1183	21|3|3|7|3|3|9|4|0|1|5|4
GA	Mondom	LTR	ERV1	Mdo1LTR2	chr6:230614365-230615551-	chr2:151440732-151441898-	20	58	0	107,112,113,114,115,37,38,39,40,55,89	105,110,111,112,113,37,38,39,40,54,87	2	1,2,3,4,5,6,7,8,9,10,11	78	77	1176	20|8|3|4|2|1|9|7|0|0|1|3
GA	Mondom	LTR	ERV1	Mdo1LTR2	chr6:230614365-230615551-	chr4:298142721-298143885-	24	64	0	107,112,113,114,115,38,39,40,83,89	105,110,111,112,113,38,39,40,81,87	2	2,3,4,5,6,7,8,9,10,11	77	76	1175	24|4|3|6|1|2|9|5|0|2|4|4
GA	Mondom	LTR	ERV1	Mdo1LTR2	chr6:230614365-230615551-	chr2:133735860-133737039-	13	21	0	107,112,113,114,115,38,39,40,89,92	105,110,111,112,113,38,39,40,87,90	2	1,2,3,4,5,6,7,8,9,10	77	76	181	13|2|1|1|0|0|1|1|0|0|0|2
GA	Mondom	LTR	ERV1	Mdo1LTR2	chr6:234841648-234842719+	chr8:194884074-194885141-	18	46	0	103,110,111,112,113,38,39,40,87,90	103,110,111,112,113,38,39,40,87,90	2	1,2,3,4,5,6,7,8,9,10	77	76	1069	18|7|1|2|0|1|3|6|2|0|3|3
GA	Mondom	LTR	ERV1	Mdo1LTR2	chr6:234841648-234842719+	chr8:184199107-184200184-	16	48	0	105,110,111,112,113,38,39,40,87,88	105,110,111,112,113,38,39,40,87,88	2	1,2,3,4,5,6,7,8,9,10	77	76	1074	16|11|1|2|0|0|5|7|2|0|2|2
GA	Mondom	LTR	ERV1	Mdo1LTR2b	chr3:513516085-513517182+	chr1:276996467-276997472+	13	30	0	707,730,733,767,782,783,794,809,828,948	614,637,640,676,691,692,703,718,737,856	1	3,4,5,6,7,8,9,10,11,12	243	243	512	13|4|0|2|1|0|1|3|1|2|2|1
GA	Mondom	LTR	ERV1	Mdo1LTR2b	chr3:513516085-513517182+	chr1:713977713-713978723+	17	40	0	718,723,730,733,767,782,783,794,809,828	638,643,650,653,689,704,705,716,731,751	1	5,6,7,8,9,10,11,12,13,14	114	114	505	17|6|0|0|3|0|4|4|0|2|3|1
GA	Mondom	LTR	ERV1	Mdo1LTR2b	chr3:513516085-513517182+	chr1:511709020-511710057-	15	24	0	708,718,730,733,767,782,783,794,809,828	647,657,669,672,708,723,724,735,750,769	1	1,2,3,4,5,6,7,8,9,10	123	123	395	15|0|0|1|1|2|2|1|0|1|1|0
GA	Mondom	LTR	ERV1	Mdo1LTR1k	chr5:88714995-88715648-	chr1:745297051-745297870-	21	49	0	467,468,469,470,504,507,548,549,555,557	497,498,499,500,535,538,580,581,587,589	1	11,12,13,14,15,16,17,18,19,20	93	93	631	21|5|1|2|2|1|5|5|1|2|3|1
GA	Mondom	LTR	ERV1	Mdo1LTR1k	chr5:88714995-88715648-	chr8:239546380-239547251+	18	48	0	263,266,271,279,320,548,549,593,599,600	266,269,274,282,323,603,604,648,654,655	2	7,8,9,10,11,14,15,16,17,18	111	390	642	18|6|1|2|2|0|6|6|2|2|2|1
GA	Mondom	LTR	ERV1	Mdo1LTR2	chr1:50944369-50945538+	chr4:260670984-260672163+	24	71	0	104,109,110,111,112,802,830,843,866,887	105,110,111,112,113,812,840,853,876,897	2	4,5,6,7,8,19,20,21,22,23	95	793	1174	24|11|3|2|1|2|8|7|0|2|5|6
GA	Mondom	LTR	ERV1	Mdo1LTR2	chr1:58099486-58100553+	chr8:194884074-194885141-	19	57	0	104,111,112,113,114,38,39,40,88,91	103,110,111,112,113,38,39,40,87,90	2	1,2,3,4,5,6,7,8,9,10	77	76	1067	19|6|2|2|1|1|13|5|1|2|2|3
GA	Mondom	LTR	ERV1	Mdo1LTR2	chr1:78231282-78232452+	chr4:298142721-298143885-	22	60	0	108,113,114,115,116,38,39,40,83,89	105,110,111,112,113,38,39,40,81,87	2	2,3,4,5,6,7,8,9,10,11	77	76	1167	22|6|4|2|0|1|7|6|0|4|2|6
GA	Mondom	LTR	ERV1	Mdo1LTR2	chr1:86452858-86453948-	chr8:194884074-194885141-	21	60	0	105,112,113,114,115,38,39,40,89,92	103,110,111,112,113,38,39,40,87,90	2	1,2,3,4,5,6,7,8,9,10	77	76	1069	21|8|2|5|2|2|4|4|0|0|4|8
GA	Mondom	LTR	ERV1	LTR25_MD	chr1:111483754-111484847-	chr1:251011596-251012724-	17	27	0	205,206,213,219,228,229,230,239,250,262,279,295	202,203,210,216,225,226,227,236,247,259,276,293	1	6,7,8,9,10,11,12,13,14,15,16,17	92	92	302	17|1|0|1|1|1|1|3|0|0|0|2
GA	Mondom	LTR	ERV1	LTR25_MD	chr1:111483754-111484847-	chr1:552466197-552467353+	16	31	0	163,205,206,213,219,228,229,230,239,250,262	163,205,206,213,219,228,229,230,239,250,262	1	4,5,6,7,8,9,10,11,12,13,14	100	100	304	16|2|0|1|2|1|2|2|0|2|1|2
GA	Mondom	LTR	ERV1	LTR25_MD	chr1:111483754-111484847-	chr1:452374444-452375593+	13	33	0	206,213,219,228,229,230,239,250,262,271	205,212,218,227,228,229,238,249,261,270	1	2,3,4,5,6,7,8,9,10,11	66	66	303	13|0|1|2|3|1|8|1|1|1|0|2
GA	Mondom	LTR	ERV1	LTR25_MD	chr1:111483754-111484847-	chr4:411833205-411834370-	13	28	0	151,205,206,213,219,228,229,230,239,250,262	151,205,206,213,219,228,229,230,239,250,263	1	1,2,3,4,5,6,7,8,9,10,11	113	113	310	13|1|1|1|2|1|3|1|0|1|1|3
GA	Mondom	LTR	ERV1	LTR25_MD	chr1:111483754-111484847-	chr8:279419419-279420556+	15	26	0	151,205,206,213,219,228,229,230,239,250,262	151,205,206,213,219,228,229,230,239,250,262	1	3,4,5,6,7,8,9,10,11,12,13	112	112	304	15|2|0|0|1|1|2|1|0|1|1|2
GA	Mondom	LTR	ERV1	LTR25_MD	chr1:111483754-111484847-	chr4:426519456-426520587-	14	24	0	151,205,206,213,219,228,229,230,239,250,262	150,204,205,212,218,227,228,229,238,249,261	1	2,3,4,5,6,7,8,9,10,11,12	112	112	303	14|1|0|0|1|2|1|1|0|1|1|2
GA	Mondom	LTR	ERV1	LTR25_MD	chr1:111483754-111484847-	chr1:428101563-428102668-	15	26	0	205,206,213,219,228,229,230,239,250,262,271,272	205,206,213,219,228,229,230,239,250,262,271,272	1	2,3,4,5,6,7,8,9,10,11,12,13	68	68	304	15|2|1|0|2|1|1|1|0|0|1|2
GA	Mondom	LTR	ERV1	LTR25_MD	chr1:111483754-111484847-	chr8:49565711-49566854-	15	22	0	151,205,206,213,219,228,229,230,239,246	150,204,205,212,218,227,228,229,238,245	1	1,2,3,4,5,6,7,8,9,10	96	96	303	15|1|0|0|1|1|1|1|0|0|1|1
GA	Mondom	LTR	ERV1	LTR25_MD	chr1:111483754-111484847-	chr2:42669670-42670799+	15	27	0	151,205,206,213,219,228,229,230,239,241,250	152,206,207,214,220,229,230,231,240,242,251	1	2,3,4,5,6,7,8,9,10,11,12	100	100	304	15|2|0|0|1|2|2|1|0|1|1|2
GA	Mondom	LTR	ERV1	LTR25_MD	chr1:111483754-111484847-	chr2:482102971-482104125-	15	27	0	174,205,206,213,219,228,229,230,239,250	171,202,203,210,216,225,226,227,236,247	2	3,4,5,6,7,8,9,10,11,12	78	77	302	15|0|0|1|2|2|3|0|0|2|0|2
GA	Mondom	LTR	ERV1	LTR25_MD	chr1:111483754-111484847-	chr4:182798473-182799565+	15	25	0	206,213,219,228,229,230,239,250,262,272	205,212,218,227,228,229,238,249,261,271	1	4,5,6,7,8,9,10,11,12,13	67	67	303	15|1|0|1|2|1|2|0|0|0|1|2
GA	Mondom	LTR	ERV1	LTR25_MD	chr1:111483754-111484847-	chr1:244280608-244281689+	15	25	0	151,205,206,213,219,228,229,230,239,250,262	128,182,183,190,196,205,206,207,216,227,239	1	2,3,4,5,6,7,8,9,10,11,12	112	112	281	15|2|1|0|1|0|1|1|0|1|1|2
GA	Mondom	LTR	ERV1	LTR25_MD	chr1:111483754-111484847-	chr4:221528960-221530094-	12	18	0	205,206,213,219,228,229,230,239,250,279,295	206,207,214,220,229,230,231,240,251,271,288	1	2,3,4,5,6,7,8,9,10,11,12	83	83	300	12|1|0|0|1|1|0|0|0|1|1|1
GA	Mondom	LTR	ERV1	LTR25_MD	chr1:111483754-111484847-	chr4:306859936-306861111+	12	25	0	213,219,228,229,230,239,250,262,279,295	213,219,228,229,230,239,250,262,279,296	1	3,4,5,6,7,8,9,10,11,12	84	84	304	12|2|0|0|1|2|3|2|0|0|1|2
GA	Mondom	LTR	ERV1	Mdo3LTR1c	chr3:54511746-54512593+	chr8:9111371-9112251-	16	37	0	116,120,362,372,378,380,381,74,79,86	117,121,359,369,375,377,378,75,80,87	2	1,2,3,4,5,12,13,14,15,16	67	304	391	16|1|0|2|4|1|4|7|0|1|1|0
GA	Mondom	LTR	ERV1	Mdo1LTR2	chr1:161121385-161122409+	chr4:410126990-410128012+	12	35	0	106,111,152,180,190,38,39,40,53,88	103,108,149,177,188,37,38,39,50,85	2	1,2,3,4,5,6,7,8,9,10	153	152	1023	12|5|3|1|0|0|6|3|2|1|1|1
GA	Mondom	LTR	ERV1	Mdo1LTR2	chr1:169118424-169119446+	chr7:60143295-60144317+	16	43	0	107,112,153,191,219,242,433,533,563,582,605	106,111,152,191,219,242,432,533,563,582,605	2	5,6,7,8,9,10,11,12,13,14,15	501	500	1022	16|8|1|1|1|4|2|8|0|0|0|2
GA	Mondom	LTR	ERV1	Mdo1LTR2	chr1:173813937-173815004+	chr8:194884074-194885141-	21	51	0	103,110,111,112,113,38,39,40,87,90	103,110,111,112,113,38,39,40,87,90	2	2,3,4,5,6,7,8,9,10,11	77	76	1067	21|6|2|2|0|1|4|8|0|0|2|5
GA	Mondom	LTR	ERV1	Mdo1LTR2	chr1:173813937-173815004+	chr2:102691898-102692969-	19	54	0	103,110,111,112,113,38,39,40,84,87	103,110,111,112,113,38,39,40,84,87	2	2,3,4,5,6,7,8,9,10,11	77	76	1069	19|8|2|2|0|4|3|9|0|0|4|3
GA	Mondom	LTR	ERV1	Mdo1LTR2	chr1:173813937-173815004+	chr8:184199107-184200184-	17	49	0	105,110,111,112,113,38,39,40,87,88	105,110,111,112,113,38,39,40,87,88	2	2,3,4,5,6,7,8,9,10,11	77	76	1072	17|11|2|2|0|0|4|8|0|0|2|3
GA	Mondom	LTR	ERV1	Mdo1LTR2	chr1:173813937-173815004+	chr2:163736723-163737795+	21	55	0	105,110,111,112,113,38,39,40,81,87	107,112,113,114,115,38,39,40,83,89	2	2,3,4,5,6,7,8,9,10,11	79	78	1069	21|6|2|1|3|0|6|9|0|1|3|3
GA	Mondom	LTR	ERV1	Mdo1LTR2	chr1:173813937-173815004+	chr2:376422768-376423838-	19	54	0	103,110,111,112,113,38,39,40,87,88	104,111,112,113,114,38,39,40,88,89	2	2,3,4,5,6,7,8,9,10,11	78	77	1068	19|9|2|2|0|3|6|7|0|0|3|3
GA	Mondom	LTR	ERV1	Mdo1LTR2	chr1:178008571-178009592+	chr2:342209844-342210866-	15	34	0	218,246,292,324,362,432,478,490,532,534	218,246,292,324,363,433,479,491,533,535	2	5,6,7,8,9,10,11,12,13,14	319	318	1021	15|4|0|1|0|3|3|5|0|2|0|1
GA	Mondom	LTR	ERV1	LTR25_MD	chr1:155932851-155933995-	chr2:66571189-66572362+	14	34	0	149,170,203,204,211,227,228,237,248,260	151,172,205,206,213,229,230,239,250,262	2	3,4,5,6,7,8,9,10,11,12	113	112	352	14|7|1|0|1|3|3|2|1|0|1|1
GA	Mondom	LTR	ERV1	Mdo1LTR2	chr1:203376299-203377369+	chr8:194884074-194885141-	19	44	0	104,111,112,113,114,130,38,39,40,88,91	103,110,111,112,113,129,38,39,40,87,90	2	1,2,3,4,5,6,7,8,9,10,11	93	92	1068	19|6|1|0|0|2|9|3|0|0|1|3
GA	Mondom	LTR	ERV1	Mdo1LTR2	chr1:203376299-203377369+	chr2:512520181-512521244+	18	48	0	106,111,112,113,114,130,163,171,172,173,196	105,110,111,112,113,129,162,170,171,172,195	1	5,6,7,8,9,10,11,12,13,14,15	91	91	1066	18|4|2|0|1|3|11|5|0|0|0|4
GA	Mondom	LTR	ERV1	Mdo1LTR2	chr1:203376299-203377369+	chr1:258925919-258926985+	18	46	0	104,111,112,113,114,130,163,171,172,173	103,110,111,112,113,129,162,170,171,172	1	5,6,7,8,9,10,11,12,13,14	70	70	1068	18|6|1|0|2|5|9|2|0|0|0|3
GA	Mondom	LTR	ERV1	Mdo1LTR2	chr1:203376299-203377369+	chr2:102651801-102652872-	18	50	0	104,111,112,113,114,130,163,171,172,173	104,111,112,113,114,130,163,171,172,173	1	5,6,7,8,9,10,11,12,13,14	70	70	1070	18|8|1|0|1|4|8|5|0|0|2|3
GA	Mondom	LTR	ERV1	Mdo1LTR2	chr1:203376299-203377369+	chr8:140549712-140550780-	20	55	0	104,111,112,113,114,130,163,171,172,173	103,110,111,112,113,129,162,170,171,172	1	5,6,7,8,9,10,11,12,13,14	70	70	1069	20|7|2|1|1|2|11|6|1|0|1|3
GA	Mondom	LTR	ERV1	Mdo1LTR2	chr1:203376299-203377369+	chr2:102691898-102692969-	19	53	0	104,111,112,113,114,130,163,171,172,173,38,39,40,85,88	103,110,111,112,113,129,162,170,171,172,38,39,40,84,87	2	1,2,3,4,5,6,7,8,9,10,11,12,13,14,15	136	135	1070	19|8|1|0|1|4|8|7|0|0|2|3
GA	Mondom	LTR	ERV1	Mdo1LTR2	chr1:203376299-203377369+	chr8:184199107-184200184-	17	48	0	106,111,112,113,114,130,163,171,172,173,38,39,40,88,89	105,110,111,112,113,129,162,171,172,173,38,39,40,87,88	2	1,2,3,4,5,6,7,8,9,10,11,12,13,14,15	137	136	1073	17|10|1|1|0|1|12|4|0|0|0|2
GA	Mondom	LTR	ERV1	Mdo1LTR2	chr1:203376299-203377369+	chr2:163736723-163737795+	19	53	0	106,111,112,113,114,130,38,39,40,82,88	107,112,113,114,115,131,38,39,40,83,89	2	1,2,3,4,5,6,7,8,9,10,11	95	94	1071	19|6|1|0|3|2|12|6|0|0|1|3
GA	Mondom	LTR	ERV1	Mdo1LTR2	chr1:228546145-228547216-	chr8:194884074-194885141-	18	52	0	105,112,113,114,115,39,40,41,89,92	103,110,111,112,113,38,39,40,87,90	2	1,2,3,4,5,6,7,8,9,10	77	76	1069	18|7|2|0|1|1|6|6|0|2|4|5
GA	Mondom	LTR	ERV1	Mdo1LTR1k	chr5:220339571-220340381+	chr5:281778082-281779006+	14	22	0	128,131,168,177,269,42,46,47,64,81	128,131,168,177,268,42,46,47,64,81	2	2,3,4,5,6,10,11,12,13,14	181	227	326	14|0|1|0|1|0|2|2|1|0|1|0
GA	Mondom	LTR	ERV1	Mdo3LTR1c	chr3:309255296-309256157+	chr2:264709608-264710519-	11	25	0	11,12,17,18,192,205,206,207,214,28	11,12,17,18,192,205,206,207,214,28	2	1,2,3,4,5,7,8,9,10,11	41	204	260	11|2|0|1|1|1|3|2|2|1|1|0
GA	Mondom	LTR	ERV1	Mdo1LTR2	chr1:278506361-278507538+	chr4:298142721-298143885-	23	64	0	106,111,112,113,114,38,39,40,82,88	105,110,111,112,113,38,39,40,81,87	2	2,3,4,5,6,7,8,9,10,11	77	76	1170	23|8|1|1|1|3|9|9|2|1|1|5
GA	Mondom	LTR	ERV1	Mdo1LTR2	chr1:278506361-278507538+	chr2:133735860-133737039-	13	22	0	106,111,112,113,114,38,39,40,88,91	105,110,111,112,113,38,39,40,87,90	2	1,2,3,4,5,6,7,8,9,10	77	76	180	13|2|1|1|0|1|1|1|0|0|0|2
GA	Mondom	LTR	ERV1	Mdo1LTR2	chr1:301651345-301652510+	chr2:301662022-301663200-	17	51	0	106,111,112,113,114,38,39,40,88,93	105,110,111,112,113,38,39,40,87,92	2	1,2,3,4,5,6,7,8,9,10	77	76	1171	17|4|1|4|0|1|9|6|0|0|5|4
GA	Mondom	LTR	ERV1	Mdo1LTR2	chr1:301651345-301652510+	chr1:617740549-617741735-	21	52	0	106,111,112,113,114,539,600,703,729,787	105,110,111,112,113,541,602,717,743,801	2	5,6,7,8,9,15,16,17,18,19	270	697	1175	21|5|1|3|1|1|6|5|0|0|4|5
GA	Mondom	LTR	ERV1	Mdo1LTR2	chr1:301651345-301652510+	chr8:275764980-275766150-	19	50	0	104,111,112,113,114,130,132,138,182,223	106,113,114,115,116,132,134,140,184,225	2	5,6,7,8,9,10,11,12,13,14	121	120	1167	19|2|2|3|0|2|9|5|0|0|5|3
GA	Mondom	LTR	ERV1	Mdo1LTR2	chr1:301651345-301652510+	chr2:76873442-76874586+	21	60	0	106,110,111,112,113,114,635,716,729,756,778	105,109,110,111,112,113,633,692,705,732,754	2	5,6,7,8,9,10,17,18,19,20,21	131	650	1154	21|8|1|2|1|1|9|6|1|1|4|5
GA	Mondom	LTR	ERV1	Mdo1LTR2	chr1:311833849-311834900+	chr8:194884074-194885141-	17	41	0	104,111,112,113,114,38,39,40,88,91	103,110,111,112,113,38,39,40,87,90	2	1,2,3,4,5,6,7,8,9,10	77	76	1059	17|7|0|1|0|0|7|3|0|0|2|4
GA	Mondom	LTR	ERV1	Mdo1LTR2	chr1:311833849-311834900+	chr2:102691898-102692969-	17	49	0	104,111,112,113,114,38,39,40,85,88	103,110,111,112,113,38,39,40,84,87	2	1,2,3,4,5,6,7,8,9,10	77	76	1061	17|9|0|0|0|3|7|7|0|0|3|3
GA	Mondom	LTR	ERV1	Mdo1LTR2	chr1:312359532-312360609+	chr2:342209844-342210866-	16	37	0	239,269,273,291,323,363,433,479,491,533,534	240,270,274,292,324,363,433,479,491,533,534	2	4,5,6,7,8,9,10,11,12,13,14	296	295	856	16|2|2|4|1|1|7|2|1|1|0|0
GA	Mondom	LTR	ERV1	Mdo1LTR2	chr1:323048416-323049483+	chr8:194884074-194885141-	18	54	0	105,112,113,114,115,38,39,40,89,92	103,110,111,112,113,38,39,40,87,90	2	1,2,3,4,5,6,7,8,9,10	77	76	1067	18|4|3|2|2|2|6|5|1|0|6|5
GA	Mondom	LTR	ERV1	Mdo1LTR2	chr1:345786857-345787930+	chr8:194884074-194885141-	18	48	0	104,111,112,113,114,38,39,40,88,91	103,110,111,112,113,38,39,40,87,90	2	1,2,3,4,5,6,7,8,9,10	77	76	1070	18|5|1|3|1|2|6|5|0|1|3|3
GA	Mondom	LTR	ERV1	Mdo1LTR2	chr1:363923053-363924077+	chr2:342209844-342210866-	15	37	0	218,246,292,324,363,368,433,479,491,533,608	218,246,292,324,363,368,433,479,491,533,608	2	5,6,7,8,9,10,11,12,13,14,15	392	391	1023	15|4|0|1|0|2|3|9|1|1|0|1
GA	Mondom	LTR	ERV1	Mdo1LTR2	chr1:402094579-402095651+	chr8:194884074-194885141-	18	50	0	104,111,112,113,114,38,39,40,88,91	103,110,111,112,113,38,39,40,87,90	2	1,2,3,4,5,6,7,8,9,10	77	76	1069	18|5|1|1|1|3|6|5|0|0|5|5
GA	Mondom	LTR	ERV1	Mdo1LTR2	chr1:423481397-423482466-	chr7:186635763-186636827-	15	43	0	114,115,131,164,39,40,41,69,70,73	113,114,130,163,38,39,40,68,69,72	1	1,2,3,4,5,6,7,8,9,10	126	126	1066	15|3|2|1|3|0|11|4|0|0|2|2
GA	Mondom	LTR	ERV1	Mdo1LTR2	chr1:501589849-501590942+	chr4:366959790-366960852+	16	46	0	104,112,113,114,153,171,173,38,39,40,54	104,112,113,114,153,171,173,38,39,40,53	2	1,2,3,4,5,6,7,8,9,10,11	137	136	991	16|4|2|3|1|1|9|4|1|3|2|0
GA	Mondom	LTR	ERV1	Mdo1LTR1k	chr6:82520303-82521115+	chr1:450179843-450180687-	20	48	0	377,393,397,399,409,414,425,426,447,455,466,468,480,485,495	375,391,395,397,405,410,421,422,443,451,462,464,485,490,501	2	6,7,8,9,10,11,12,13,14,15,16,17,18,19,20	128	127	756	20|6|1|2|2|4|3|4|1|1|0|4
GA	Mondom	LTR	ERV1	Mdo1LTR1k	chr6:82520303-82521115+	chr2:241290627-241291484+	14	42	0	391,393,407,412,415,426,484,491,507,527,530	394,396,410,415,418,427,480,486,503,523,526	2	4,5,6,7,8,9,10,11,12,13,14	134	133	753	14|1|3|2|1|2|7|1|2|0|2|7
GA	Mondom	LTR	ERV1	Mdo1LTR1k	chr6:82520303-82521115+	chr1:371717454-371718321+	23	56	0	384,391,393,409,414,426,452,455,466,468,480,484,485,518,521	403,410,412,426,431,443,469,472,482,484,496,500,501,535,538	2	5,6,7,8,9,10,11,12,13,14,15,16,17,18,19	137	136	758	23|5|2|3|0|4|5|5|1|2|3|3
GA	Mondom	LTR	ERV1	Mdo1LTR1k	chr6:83638211-83639072+	chr7:236540263-236541146+	24	62	0	197,199,206,222,244,619,620,621,635,636,641	211,213,222,238,259,645,646,647,661,662,667	2	6,7,8,9,10,18,19,20,21,22,23	72	457	870	24|8|1|2|2|8|6|5|2|2|1|1
GA	Mondom	LTR	ERV1	Mdo1LTR2	chr1:527732147-527733127+	chr2:342209844-342210866-	15	29	0	176,204,250,282,320,448,449,490,492,565,577	218,246,292,324,363,491,492,533,535,608,620	2	1,2,3,4,5,8,9,10,11,12,13	276	403	819	15|2|0|1|1|2|2|3|0|1|2|0
GA	Mondom	LTR	ERV1	Mdo1LTR2	chr1:536749716-536750894+	chr8:164784936-164786116+	19	57	0	106,111,112,113,114,37,38,39,40,88	107,112,113,114,115,37,38,39,40,89	2	1,2,3,4,5,6,7,8,9,10	80	79	1179	19|6|2|1|3|3|10|5|0|2|2|4
GA	Mondom	LTR	ERV1	Mdo1LTR2	chr1:536749716-536750894+	chr4:298142721-298143885-	22	55	0	106,111,112,113,114,38,39,40,82,88	105,110,111,112,113,38,39,40,81,87	2	2,3,4,5,6,7,8,9,10,11	77	76	1171	22|6|1|0|1|2|9|5|0|3|1|5
GA	Mondom	LTR	ERV1	Mdo1LTR2	chr1:536749716-536750894+	chr2:133735860-133737039-	13	21	0	106,111,112,113,114,38,39,40,88,91	105,110,111,112,113,38,39,40,87,90	2	1,2,3,4,5,6,7,8,9,10	77	76	180	13|2|1|0|0|1|1|1|0|0|0|2
GA	Mondom	LTR	ERV1	Mdo1LTR2	chr1:539538184-539539206+	chr2:342209844-342210866-	11	29	0	218,246,292,324,362,433,479,491,533,608	218,246,292,324,363,433,479,491,533,608	2	2,3,4,5,6,7,8,9,10,11	392	391	1022	11|3|0|1|1|2|2|6|0|1|1|1
GA	Mondom	LTR	ERV1	Mdo1LTR2	chr1:549035366-549036434-	chr8:194884074-194885141-	21	56	0	104,111,112,113,114,38,39,40,88,91	103,110,111,112,113,38,39,40,87,90	2	1,2,3,4,5,6,7,8,9,10	77	76	1067	21|5|2|1|0|2|7|10|1|2|2|3
GA	Mondom	LTR	ERV1	Mdo1LTR2	chr1:549035366-549036434-	chr8:184199107-184200184-	18	54	0	106,111,112,113,114,38,39,40,88,89	105,110,111,112,113,38,39,40,87,88	2	1,2,3,4,5,6,7,8,9,10	77	76	1072	18|8|2|1|0|1|8|10|1|2|1|2
GA	Mondom	LTR	ERV1	Mdo1LTR2	chr1:549035366-549036434-	chr2:163736723-163737795+	20	60	0	106,111,112,113,114,38,39,40,82,88	107,112,113,114,115,38,39,40,83,89	2	1,2,3,4,5,6,7,8,9,10	79	78	1070	20|4|2|0|2|3|8|12|1|3|1|4
GA	Mondom	LTR	ERV1	Mdo1LTR2	chr1:551357079-551358258+	chr4:298142721-298143885-	21	60	0	107,112,113,114,115,38,39,40,83,89	105,110,111,112,113,38,39,40,81,87	2	2,3,4,5,6,7,8,9,10,11	77	76	1171	21|6|2|1|2|2|8|6|0|3|4|5
GA	Mondom	LTR	ERV1	Mdo3LTR1c	chr6:247053878-247054745-	chr2:264709608-264710519-	11	32	0	11,12,17,18,184,192,205,207,214,28,32	11,12,17,18,184,192,205,207,214,28,32	2	1,2,3,4,5,6,7,8,9,10,11	205	204	272	11|3|0|1|0|2|4|6|2|2|1|0
GA	Mondom	LTR	ERV1	Mdo1LTR2	chr1:558947595-558948671-	chr8:194884074-194885141-	21	62	0	106,113,114,115,116,39,40,41,90,93	103,110,111,112,113,38,39,40,87,90	2	1,2,3,4,5,6,7,8,9,10	77	76	1071	21|6|1|3|0|3|9|5|0|2|5|7
GA	Mondom	LTR	ERV1	Mdo1LTR2	chr1:561291533-561292597-	chr2:151440732-151441898-	14	35	0	113,114,130,37,38,39,40,55,68,69,72	112,113,129,37,38,39,40,54,67,68,71	1	1,2,3,4,5,6,7,8,9,10,11	93	93	560	14|3|1|0|1|1|7|4|1|1|1|1
GA	Mondom	LTR	ERV1	LTR25_MD	chr1:349804682-349805950-	chr8:283136959-283138167+	21	51	0	204,211,226,227,228,237,248,387,392,400,402,410,413	206,213,225,226,227,236,247,399,404,412,414,422,425	2	3,4,5,6,7,8,9,16,17,18,19,20,21	69	220	430	21|5|1|1|2|3|9|6|0|2|0|1
GA	Mondom	LTR	ERV1	LTR25_MD	chr1:349804682-349805950-	chr1:452374444-452375593+	13	38	0	204,211,217,226,227,228,237,248,260,269	205,212,218,227,228,229,238,249,261,270	1	2,3,4,5,6,7,8,9,10,11	66	66	351	13|3|1|1|3|1|10|3|1|1|0|1
GA	Mondom	LTR	ERV1	LTR25_MD	chr1:349804682-349805950-	chr1:437546165-437547384+	18	51	0	226,227,228,237,248,387,392,400,402,404	227,228,229,238,249,402,407,415,417,419	2	4,5,6,7,8,14,15,16,17,18	41	193	435	18|6|0|1|2|3|11|6|1|2|0|1
GA	Mondom	LTR	ERV1	LTR25_MD	chr1:349804682-349805950-	chr1:586078425-586079619+	21	47	0	203,204,211,217,226,227,228,237,248,387,392,400,402,413	205,206,213,219,228,229,230,239,250,402,407,415,417,428	2	1,2,3,4,5,6,7,8,9,17,18,19,20,21	73	224	431	21|6|0|0|0|4|5|7|0|2|1|1
GA	Mondom	LTR	ERV1	LTR25_MD	chr1:349804682-349805950-	chr4:236597195-236598342+	20	44	0	211,217,226,227,228,237,239,387,392,400,402,405	212,218,227,228,229,238,240,401,406,414,416,419	2	3,4,5,6,7,8,9,16,17,18,19,20	48	208	431	20|7|0|0|1|2|5|6|1|0|1|1
GA	Mondom	LTR	ERV1	LTR25_MD	chr1:349804682-349805950-	chr4:182798473-182799565+	14	31	0	204,211,217,226,227,228,237,248,260,270	205,212,218,227,228,229,238,249,261,271	1	2,3,4,5,6,7,8,9,10,11	67	67	352	14|4|0|1|3|1|4|3|0|0|0|1
GA	Mondom	LTR	ERV1	Mdo1LTR2	chr1:576203115-576204118+	chr8:194884074-194885141-	16	38	0	104,111,112,113,114,38,39,40,88,91	103,110,111,112,113,38,39,40,87,90	2	1,2,3,4,5,6,7,8,9,10	77	76	603	16|5|1|0|1|0|4|2|1|1|4|3
GA	Mondom	LTR	ERV1	Mdo1LTR2	chr1:576203115-576204118+	chr2:151440732-151441898-	16	42	0	106,111,112,113,114,37,38,39,40,55,88	105,110,111,112,113,37,38,39,40,54,87	2	1,2,3,4,5,6,7,8,9,10,11	78	77	547	16|6|1|0|0|1|5|3|2|1|4|3
GA	Mondom	LTR	ERV1	Mdo1LTR2	chr1:576203115-576204118+	chr8:164784936-164786116+	17	39	0	106,111,112,113,114,37,38,39,40,88	107,112,113,114,115,37,38,39,40,89	2	1,2,3,4,5,6,7,8,9,10	80	79	550	17|4|1|0|0|0|6|2|1|1|4|3
GA	Mondom	LTR	ERV1	Mdo1LTR2	chr1:588830912-588832089-	chr4:298142721-298143885-	21	56	0	106,111,112,113,114,38,39,40,82,88	105,110,111,112,113,38,39,40,81,87	2	2,3,4,5,6,7,8,9,10,11	77	76	1170	21|6|2|0|2|1|11|7|0|1|1|4
GA	Mondom	LTR	ERV1	Mdo1LTR2	chr1:588830912-588832089-	chr2:133735860-133737039-	13	19	0	106,111,112,113,114,38,39,40,88,91	105,110,111,112,113,38,39,40,87,90	2	1,2,3,4,5,6,7,8,9,10	77	76	174	13|2|0|0|0|0|1|1|0|0|0|2
GA	Mondom	LTR	ERV1	Mdo1LTR2	chr1:638932852-638934032-	chr2:201934411-201935600+	16	41	0	106,111,112,113,114,38,39,40,81,88	106,111,112,113,114,38,39,40,81,88	2	1,2,3,4,5,6,7,8,9,10	78	77	1184	16|6|1|1|0|2|5|4|0|1|2|3
GA	Mondom	LTR	ERV1	Mdo1LTR2	chr1:638932852-638934032-	chr8:221759756-221760933+	20	44	0	106,111,112,113,114,38,39,40,81,88	107,112,113,114,115,38,39,40,82,89	2	1,2,3,4,5,6,7,8,9,10	79	78	1178	20|4|1|1|1|2|6|4|0|0|2|3
GA	Mondom	LTR	ERV1	Mdo1LTR2	chr1:638932852-638934032-	chr2:476379466-476380647-	20	51	0	106,111,112,113,114,38,39,40,81,88	107,112,113,114,115,38,39,40,82,89	2	1,2,3,4,5,6,7,8,9,10	79	78	1180	20|7|2|2|0|2|8|5|0|1|1|3
GA	Mondom	LTR	ERV1	Mdo1LTR2	chr1:638932852-638934032-	chr8:164784936-164786116+	19	48	0	106,111,112,113,114,37,38,39,40,81,88	107,112,113,114,115,37,38,39,40,82,89	2	1,2,3,4,5,6,7,8,9,10,11	80	79	1180	19|4|2|2|3|2|7|4|0|0|2|3
GA	Mondom	LTR	ERV1	Mdo1LTR2	chr1:638932852-638934032-	chr7:213374321-213375501-	21	54	0	106,111,112,113,114,38,39,40,81,88	107,112,113,114,115,38,39,40,82,89	2	1,2,3,4,5,6,7,8,9,10	79	78	1180	21|5|2|2|0|2|8|6|1|1|2|4
GA	Mondom	LTR	ERV1	Mdo1LTR2	chr1:638932852-638934032-	chr2:278202932-278204110-	18	49	0	106,111,112,113,114,38,39,40,81,88	106,111,112,113,114,38,39,40,81,88	2	1,2,3,4,5,6,7,8,9,10	78	77	1177	18|7|1|3|1|1|7|5|0|1|2|3
GA	Mondom	LTR	ERV1	Mdo1LTR2	chr1:638932852-638934032-	chr4:124064460-124065640-	21	49	0	106,111,112,113,114,38,39,40,81,88	106,111,112,113,114,38,39,40,81,88	2	1,2,3,4,5,6,7,8,9,10	78	77	1180	21|5|1|1|1|1|9|5|1|0|1|3
GA	Mondom	LTR	ERV1	Mdo1LTR2	chr1:638932852-638934032-	chr8:275764980-275766150-	21	48	0	104,111,112,113,114,38,39,40,81,88	106,113,114,115,116,38,39,40,83,90	2	1,2,3,4,5,6,7,8,9,10	80	79	1175	21|2|2|2|0|3|7|5|0|0|3|3
GA	Mondom	LTR	ERV1	Mdo1LTR2	chr1:638932852-638934032-	chr2:151440732-151441898-	18	52	0	106,111,112,113,114,37,38,39,40,55	105,110,111,112,113,37,38,39,40,54	2	1,2,3,4,5,8,9,10,11,12	27	77	1173	18|10|1|1|1|1|6|8|0|0|2|4
GA	Mondom	LTR	ERV1	Mdo1LTR2	chr1:638932852-638934032-	chr7:184332631-184333781+	15	25	0	106,111,112,113,114,38,39,40,81,88	106,111,112,113,114,38,39,40,81,88	2	1,2,3,4,5,6,7,8,9,10	78	77	231	15|2|1|0|0|0|3|2|0|0|0|2
GA	Mondom	LTR	ERV1	LTR25_MD	chr1:388765343-388766513+	chr2:161966510-161967623+	14	33	0	213,219,228,229,230,239,250,262,279,295,327	213,219,228,229,230,239,250,262,279,296,328	1	4,5,6,7,8,9,10,11,12,13,14	116	116	355	14|5|1|2|1|1|6|1|0|0|0|2
GA	Mondom	LTR	ERV1	LTR25_MD	chr1:388765343-388766513+	chr2:538666107-538667195+	14	27	0	205,213,219,228,229,230,239,250,279,295	206,214,220,229,230,231,240,251,275,292	1	4,5,6,7,8,9,10,11,12,13	87	87	352	14|4|0|1|2|1|0|1|0|0|2|2
GA	Mondom	LTR	ERV1	LTR25_MD	chr1:388765343-388766513+	chr4:57666533-57667661+	12	31	0	206,213,219,228,229,230,239,250,279,295	206,213,219,228,229,230,239,250,271,288	1	2,3,4,5,6,7,8,9,10,11	83	83	348	12|1|0|4|2|1|6|2|0|0|1|2
GA	Mondom	LTR	ERV1	LTR25_MD	chr1:388765343-388766513+	chr2:395215935-395217044-	13	32	0	206,213,219,228,229,230,239,250,262,279	205,212,218,227,228,229,238,249,261,278	1	2,3,4,5,6,7,8,9,10,11	74	74	351	13|4|1|2|1|1|5|1|0|0|1|3
GA	Mondom	LTR	ERV1	LTR25_MD	chr1:388765343-388766513+	chr4:179492694-179493803-	15	26	0	206,213,219,228,229,230,239,250,262,270,279,295	206,213,219,228,229,230,239,250,262,270,279,296	1	3,4,5,6,7,8,9,10,11,12,13,14	91	91	354	15|2|0|2|2|1|0|1|0|0|1|2
GA	Mondom	LTR	ERV1	LTR25_MD	chr1:388765343-388766513+	chr4:70955479-70956574-	14	29	0	205,206,213,219,228,229,230,239,250,279	205,206,213,219,228,229,230,239,250,271	1	2,3,4,5,6,7,8,9,10,11	67	67	350	14|4|0|2|3|1|0|1|0|0|2|2
GA	Mondom	LTR	ERV1	LTR25_MD	chr1:388765343-388766513+	chr1:394484165-394485286-	20	53	0	228,229,230,239,250,390,395,403,405,416	229,230,231,240,251,403,408,416,418,429	2	5,6,7,8,9,16,17,18,19,20	50	201	549	20|2|0|5|2|6|6|8|0|1|1|2
GA	Mondom	LTR	ERV1	Mdo1LTR2	chr1:669331715-669332787-	chr8:194884074-194885141-	17	51	0	105,112,113,114,115,39,40,41,89,92	103,110,111,112,113,38,39,40,87,90	2	1,2,3,4,5,6,7,8,9,10	77	76	1069	17|5|1|1|1|1|9|8|0|3|2|3
GA	Mondom	LTR	ERV1	Mdo1LTR2	chr1:685048237-685049293+	chr2:163736723-163737795+	16	43	0	106,111,112,113,114,38,39,40,82,88	107,112,113,114,115,38,39,40,83,89	2	1,2,3,4,5,6,7,8,9,10	79	78	1064	16|5|0|1|3|1|4|7|0|1|2|3
GA	Mondom	LTR	ERV1	Mdo1LTR2	chr1:685048237-685049293+	chr2:376422768-376423838-	15	43	0	104,111,112,113,114,38,39,40,88,89	104,111,112,113,114,38,39,40,88,89	2	1,2,3,4,5,6,7,8,9,10	78	77	1063	15|7|0|2|0|4|5|4|0|0|2|4
GA	Mondom	LTR	ERV1	Mdo1LTR2	chr1:685048237-685049293+	chr2:102691898-102692969-	19	56	0	104,111,112,113,114,38,39,40,85,88	103,110,111,112,113,38,39,40,84,87	2	1,2,3,4,5,6,7,8,9,10	77	76	1063	19|9|0|1|1|5|4|10|0|0|3|4
GA	Mondom	LTR	ERV1	Mdo1LTR1d	chr4:397812211-397812993-	chr2:232717355-232718252+	21	62	0	116,132,161,170,183,593,594,629,631,639,652	241,257,286,295,310,715,716,751,753,761,775	2	1,2,3,4,5,14,15,16,17,18,19	131	535	775	21|6|0|4|3|0|7|10|3|3|1|4
GA	Mondom	LTR	ERV1	LTR25_MD	chr1:405842656-405843913-	chr8:299969226-299970436-	18	47	0	228,229,238,240,249,261,388,393,394,401,403	229,230,239,241,250,262,402,407,408,415,417	2	3,4,5,6,7,8,14,15,16,17,18	50	189	419	18|4|1|1|3|2|9|6|0|0|1|2
GA	Mondom	LTR	ERV1	LTR25_MD	chr1:405842656-405843913-	chr7:165143444-165144628+	17	47	0	228,229,238,249,261,388,393,394,401,403	229,230,239,250,262,401,406,407,414,416	2	3,4,5,6,7,13,14,15,16,17	50	188	431	17|3|0|1|2|4|9|6|0|1|2|2
GA	Mondom	LTR	ERV1	LTR25_MD	chr1:405842656-405843913-	chr1:607199427-607200593+	17	45	0	228,229,238,249,261,388,393,394,401,403	229,230,239,250,262,401,406,407,414,416	2	2,3,4,5,6,13,14,15,16,17	50	188	431	17|3|0|1|2|3|10|6|0|0|1|2
GA	Mondom	LTR	ERV1	LTR25_MD	chr1:405842656-405843913-	chr7:167736864-167738043+	20	53	0	228,229,231,238,249,388,393,394,401,403	230,231,233,240,251,405,410,411,418,420	2	4,5,6,7,8,16,17,18,19,20	38	191	437	20|3|0|2|2|5|9|7|0|1|1|3
GA	Mondom	LTR	ERV1	Mdo1LTR2	chr1:695543751-695544824-	chr8:194884074-194885141-	17	47	0	104,111,112,113,114,38,39,40,88,91	103,110,111,112,113,38,39,40,87,90	2	1,2,3,4,5,6,7,8,9,10	77	76	1070	17|6|1|2|1|1|5|6|0|0|1|7
GA	Mondom	LTR	ERV1	Mdo1LTR2	chr1:695543751-695544824-	chr2:163736723-163737795+	17	51	0	106,111,112,113,114,38,39,40,82,88	107,112,113,114,115,38,39,40,83,89	2	1,2,3,4,5,6,7,8,9,10	79	78	1072	17|6|1|2|4|0|7|8|0|1|1|4
GA	Mondom	LTR	ERV1	Mdo1LTR2	chr1:698133652-698134717+	chr8:188420395-188421467-	22	55	0	104,111,112,113,114,128,182,190,234,245,276	103,110,111,112,113,127,182,190,234,245,276	2	5,6,7,8,9,10,14,15,16,17,18	120	174	1068	22|7|0|1|1|2|7|7|1|1|2|4
GA	Mondom	LTR	ERV1	Mdo1LTR2	chr1:703086748-703087812+	chr8:194884074-194885141-	18	41	0	104,111,112,113,114,38,39,40,88,91	103,110,111,112,113,38,39,40,87,90	2	1,2,3,4,5,6,7,8,9,10	77	76	1063	18|5|1|1|1|2|5|4|0|0|1|3
GA	Mondom	LTR	ERV1	Mdo1LTR2	chr1:703086748-703087812+	chr2:102691898-102692969-	19	51	0	104,111,112,113,114,38,39,40,85,88	103,110,111,112,113,38,39,40,84,87	2	1,2,3,4,5,6,7,8,9,10	77	76	1065	19|7|1|1|2|4|7|6|0|0|1|3
GA	Mondom	LTR	ERV1	Mdo1LTR2	chr1:703086748-703087812+	chr8:184199107-184200184-	17	51	0	106,111,112,113,114,38,39,40,88,89	105,110,111,112,113,38,39,40,87,88	2	1,2,3,4,5,6,7,8,9,10	77	76	1068	17|10|1|2|1|1|9|6|0|0|1|3
GA	Mondom	LTR	ERV1	Mdo1LTR2	chr1:703086748-703087812+	chr2:163736723-163737795+	20	56	0	106,111,112,113,114,38,39,40,82,88	107,112,113,114,115,38,39,40,83,89	2	1,2,3,4,5,6,7,8,9,10	79	78	1066	20|6|1|1|4|2|11|7|0|0|1|3
GA	Mondom	LTR	ERV1	Mdo1LTR2b	chr5:297874549-297875580+	chr2:483085750-483086784-	19	46	0	475,506,513,514,515,516,526,539,540,541	469,497,504,505,506,507,519,532,533,534	1	10,11,12,13,14,15,16,17,18,19	66	66	533	19|7|1|2|4|1|6|1|1|2|1|1
GA	Mondom	LTR	ERV1	Mdo1LTR2	chr1:712878277-712879454-	chr8:221759756-221760933+	21	62	0	106,111,112,113,114,130,163,171,172,173	107,112,113,114,115,131,164,173,174,175	1	3,4,5,6,7,8,9,10,11,12	69	69	1177	21|8|1|5|1|3|7|5|2|1|5|3
GA	Mondom	LTR	ERV1	Mdo1LTR2	chr1:712878277-712879454-	chr7:222731765-222732947+	24	67	0	106,111,112,113,114,130,163,171,172,173	105,110,111,112,113,129,162,170,171,172	1	4,5,6,7,8,9,10,11,12,13	68	68	1179	24|8|2|6|1|3|6|4|2|2|5|4
GA	Mondom	LTR	ERV1	Mdo1LTR2	chr1:712878277-712879454-	chr4:298142721-298143885-	23	64	0	106,111,112,113,114,130,163,171,172,173	105,110,111,112,113,129,162,170,171,172	1	5,6,7,8,9,10,11,12,13,14	68	68	1170	23|9|2|4|0|3|6|5|2|2|5|3
GA	Mondom	LTR	ERV1	Mdo1LTR2	chr1:712878277-712879454-	chr2:133735860-133737039-	13	18	0	106,111,112,113,114,130,163,171,172,173	105,110,111,112,113,129,162,170,171,172	1	4,5,6,7,8,9,10,11,12,13	68	68	180	13|2|0|0|0|2|0|0|0|0|1|0
GA	Mondom	LTR	ERV1	Mdo1LTR2	chr1:712878277-712879454-	chr7:184332631-184333781+	14	20	0	106,111,112,113,114,130,163,165,171,172,173	106,111,112,113,114,130,163,165,171,172,173	1	3,4,5,6,7,8,9,10,11,12,13	68	68	231	14|2|0|0|0|2|0|1|0|0|1|0
GA	Mondom	LTR	ERV1	Mdo1LTR2b	chr5:303527314-303528319+	chr4:383285558-383286702+	15	33	0	120,126,135,143,159,198,199,206,207,208,221,55	119,125,134,142,157,196,197,204,205,206,219,54	2	1,2,3,4,5,6,7,8,9,10,11,12	167	166	524	15|5|2|2|0|1|2|1|1|2|0|2
GA	Mondom	LTR	ERV1	Mdo1LTR2b	chr5:303527314-303528319+	chr4:383282092-383282698+	15	33	0	120,126,135,143,159,198,199,206,207,208,221,55	119,125,134,142,157,196,197,204,205,206,219,54	2	1,2,3,4,5,6,7,8,9,10,11,12	167	166	524	15|5|2|2|0|1|2|1|1|2|0|2
GA	Mondom	LTR	ERV1	Mdo1LTR2	chr1:714491679-714492770+	chr2:163736723-163737795+	19	39	0	106,111,112,113,114,129,130,38,39,40,82,88	107,112,113,114,115,130,131,38,39,40,83,89	2	1,2,3,4,5,6,7,8,9,10,11,12	95	94	513	19|3|1|1|1|1|6|3|0|1|1|2
GA	Mondom	LTR	ERV1	Mdo1LTR2	chr1:736082648-736083829+	chr8:164784936-164786116+	20	56	0	107,112,113,114,115,37,38,39,40,89	107,112,113,114,115,37,38,39,40,89	2	1,2,3,4,5,6,7,8,9,10	80	79	1180	20|7|2|1|3|1|8|5|1|1|3|4
GA	Mondom	LTR	ERV1	Mdo1LTR2	chr1:736082648-736083829+	chr2:151440732-151441898-	19	57	0	107,112,113,114,115,37,38,39,40,55,89	105,110,111,112,113,37,38,39,40,54,87	2	1,2,3,4,5,6,7,8,9,10,11	78	77	1173	19|13|1|0|1|0|7|7|1|1|3|4
GA	Mondom	LTR	ERV1	Mdo1LTR2	chr1:736082648-736083829+	chr4:298142721-298143885-	23	55	0	107,112,113,114,115,38,39,40,83,89	105,110,111,112,113,38,39,40,81,87	2	2,3,4,5,6,7,8,9,10,11	77	76	1172	23|8|1|0|0|1|7|5|1|2|3|4
GA	Mondom	LTR	ERV1	Mdo1LTR2	chr1:736082648-736083829+	chr2:133735860-133737039-	13	20	0	107,112,113,114,115,38,39,40,89,92	105,110,111,112,113,38,39,40,87,90	2	1,2,3,4,5,6,7,8,9,10	77	76	181	13|2|1|0|0|0|1|1|0|0|0|2
GA	Mondom	LTR	ERV1	Mdo1LTR2	chr1:745119044-745120323+	chr2:163736723-163737795+	17	38	0	106,111,112,113,114,38,39,40,82,88	107,112,113,114,115,38,39,40,83,89	2	1,2,3,4,5,6,7,8,9,10	79	78	520	17|3|1|0|1|0|5|6|0|0|1|4
GA	Mondom	LTR	ERV1	Mdo1LTR2	chr8:12569683-12570862-	chr2:151440732-151441898-	22	65	0	105,110,111,112,113,37,38,39,40,55,87	105,110,111,112,113,37,38,39,40,54,87	2	1,2,3,4,5,6,7,8,9,10,11	78	77	1172	22|12|2|0|0|1|6|10|1|2|3|6
GA	Mondom	LTR	ERV1	Mdo1LTR2	chr8:12569683-12570862-	chr4:298142721-298143885-	26	65	0	105,110,111,112,113,38,39,40,81,87	105,110,111,112,113,38,39,40,81,87	2	2,3,4,5,6,7,8,9,10,11	77	76	1171	26|6|3|2|0|2|7|6|1|2|5|5
GA	Mondom	LTR	ERV1	Mdo1LTR2	chr8:22755452-22756522+	chr8:194884074-194885141-	19	54	0	104,111,112,113,114,38,39,40,88,91	103,110,111,112,113,38,39,40,87,90	2	1,2,3,4,5,6,7,8,9,10	77	76	1068	19|5|1|3|0|2|12|5|0|2|1|4
GA	Mondom	LTR	ERV1	LTR25_MD	chr1:473888685-473889751+	chr4:304868845-304869904+	15	32	0	205,228,229,238,249,279,329,360,368,381,399	207,230,231,240,251,280,331,362,370,383,401	2	2,3,4,5,6,8,9,10,11,12,13	167	195	505	15|2|0|1|1|3|3|1|0|1|1|4
GA	Mondom	LTR	ERV1	LTR25_MD	chr1:473888685-473889751+	chr4:245946097-245947195-	14	39	0	221,228,229,238,249,279,291,360,368,381	223,230,231,240,251,280,293,362,370,383	2	3,4,5,6,7,8,9,10,11,12	162	161	533	14|3|1|1|1|4|8|1|1|1|2|2
GA	Mondom	LTR	ERV1	Mdo1LTR2	chr8:29106945-29108012-	chr8:194884074-194885141-	19	56	0	104,111,112,113,114,38,39,40,56,88,91	103,110,111,112,113,38,39,40,55,87,90	2	1,2,3,4,5,6,7,8,9,10,11	77	76	1067	19|5|3|2|0|0|10|8|0|2|2|5
GA	Mondom	LTR	ERV1	Mdo1LTR2	chr8:49525813-49526879-	chr8:184199107-184200184-	17	47	0	107,112,113,114,115,38,39,40,89,90	105,110,111,112,113,38,39,40,87,88	2	1,2,3,4,5,6,7,8,9,10	77	76	1071	17|8|3|2|0|1|7|6|0|0|0|3
GA	Mondom	LTR	ERV1	Mdo1LTR2	chr8:49525813-49526879-	chr8:194884074-194885141-	20	50	0	105,112,113,114,115,38,39,40,89,92	103,110,111,112,113,38,39,40,87,90	2	1,2,3,4,5,6,7,8,9,10	77	76	1066	20|5|2|3|0|2|7|7|0|0|1|3
GA	Mondom	LTR	ERV1	Mdo1LTR2	chr8:49525813-49526879-	chr2:163736723-163737795+	19	57	0	107,112,113,114,115,38,39,40,83,89	107,112,113,114,115,38,39,40,83,89	2	1,2,3,4,5,6,7,8,9,10	79	78	1069	19|7|3|1|3|2|6|10|0|1|1|4
GA	Mondom	LTR	ERV1	Mdo1LTR2	chr8:49525813-49526879-	chr2:102691898-102692969-	21	52	0	105,112,113,114,115,38,39,40,86,89	103,110,111,112,113,38,39,40,84,87	2	1,2,3,4,5,6,7,8,9,10	77	76	1068	21|6|2|1|1|3|6|8|0|0|2|2
GA	Mondom	LTR	ERV1	Mdo1LTR2	chr8:49525813-49526879-	chr2:376422768-376423838-	19	55	0	105,112,113,114,115,38,39,40,89,90	104,111,112,113,114,38,39,40,88,89	2	1,2,3,4,5,6,7,8,9,10	78	77	1068	19|7|3|2|0|4|8|6|0|1|1|4
GA	Mondom	LTR	ERV1	Mdo1LTR2	chr8:62306156-62307222-	chr8:194884074-194885141-	20	47	0	104,111,112,113,114,38,39,40,88,91	103,110,111,112,113,38,39,40,87,90	1	1,2,3,4,5,6,7,8,9,10	76	76	1066	20|7|1|0|0|2|7|3|0|2|1|4
GA	Mondom	LTR	ERV1	Mdo1LTR2	chr8:62306156-62307222-	chr8:184199107-184200184-	16	45	0	106,111,112,113,114,38,39,40,88,89	105,110,111,112,113,38,39,40,87,88	1	1,2,3,4,5,6,7,8,9,10	76	76	1071	16|10|1|1|0|1|8|3|0|2|0|3
GA	Mondom	LTR	ERV1	Mdo1LTR2	chr8:62306156-62307222-	chr2:102691898-102692969-	19	52	0	104,111,112,113,114,38,39,40,85,88	103,110,111,112,113,38,39,40,84,87	2	1,2,3,4,5,6,7,8,9,10	77	76	1068	19|8|1|0|1|4|7|5|0|2|2|3
GA	Mondom	LTR	ERV1	Mdo1LTR2	chr8:62306156-62307222-	chr2:376422768-376423838-	17	50	0	104,111,112,113,114,38,39,40,88,89	104,111,112,113,114,38,39,40,88,89	1	1,2,3,4,5,6,7,8,9,10	77	77	1068	17|8|1|1|0|6|9|2|0|1|1|4
GA	Mondom	LTR	ERV1	Mdo1LTR2	chr8:75779702-75780724+	chr2:342209844-342210866-	14	34	0	218,246,292,306,324,362,478,490,532,607	218,246,292,306,324,363,479,491,533,608	2	5,6,7,8,9,10,11,12,13,14	392	391	1022	14|5|0|1|0|2|3|6|0|1|1|1
GA	Mondom	LTR	ERV1	Mdo1LTR2	chr8:111869559-111870627-	chr8:194884074-194885141-	19	48	0	104,111,112,113,114,38,39,40,88,91	103,110,111,112,113,38,39,40,87,90	2	1,2,3,4,5,6,7,8,9,10	77	76	1067	19|5|1|4|0|1|5|6|0|0|3|4
GA	Mondom	LTR	ERV1	Mdo1LTR2	chr8:111869559-111870627-	chr8:184199107-184200184-	17	49	0	106,111,112,113,114,38,39,40,88,89	105,110,111,112,113,38,39,40,87,88	2	1,2,3,4,5,6,7,8,9,10	77	76	1072	17|9|2|2|0|0|6|7|0|0|2|4
GA	Mondom	LTR	ERV1	Mdo1LTR2	chr8:111869559-111870627-	chr2:102691898-102692969-	19	54	0	104,111,112,113,114,38,39,40,85,88	103,110,111,112,113,38,39,40,84,87	2	1,2,3,4,5,6,7,8,9,10	77	76	1069	19|7|1|2|1|3|4|8|0|0|5|4
GA	Mondom	LTR	ERV1	Mdo3LTR1a	chr3:435439706-435440245+	chr7:134100528-134101248+	15	38	0	209,214,218,241,243,245,328,329,341,365,366,370	111,116,120,134,136,138,221,222,234,258,259,263	2	1,2,3,4,5,6,7,8,9,10,11,12	154	153	367	15|5|0|2|2|2|7|1|0|1|1|2
GA	Mondom	LTR	ERV1	Mdo1LTR2	chr8:166185147-166186213-	chr8:194884074-194885141-	19	50	0	104,111,112,113,114,38,39,40,88,91	103,110,111,112,113,38,39,40,87,90	2	1,2,3,4,5,6,7,8,9,10	77	76	1064	19|5|1|2|0|2|7|5|0|0|2|7
GA	Mondom	LTR	ERV1	Mdo1LTR2	chr8:173025238-173026261-	chr7:60143295-60144317+	15	36	0	106,111,219,242,263,432,533,563,582,605	106,111,219,242,263,432,533,563,582,605	2	5,6,7,8,9,10,11,12,13,14	501	500	1022	15|5|0|1|1|4|4|5|0|0|0|1
GA	Mondom	LTR	ERV1	Mdo1LTR2	chr8:186190792-186191930-	chr2:301662022-301663200-	18	49	0	105,110,111,112,113,38,39,40,87,92	105,110,111,112,113,38,39,40,87,92	2	1,2,3,4,5,6,7,8,9,10	77	76	691	18|6|2|4|0|1|7|5|0|0|2|4
GA	Mondom	LTR	ERV1	Mdo1LTR2	chr8:193682225-193683383-	chr4:298142721-298143885-	21	58	0	106,111,112,113,114,38,39,40,82,88	105,110,111,112,113,38,39,40,81,87	2	2,3,4,5,6,7,8,9,10,11	77	76	1161	21|6|1|3|0|1|8|6|0|1|5|6
GA	Mondom	LTR	ERV1	Mdo1LTR2	chr8:193682225-193683383-	chr2:163736723-163737795+	20	51	0	106,111,112,113,114,38,39,40,82,88	107,112,113,114,115,38,39,40,83,89	2	1,2,3,4,5,6,7,8,9,10	79	78	554	20|5|1|3|1|0|5|7|0|1|4|4
GA	Mondom	LTR	ERV1	Mdo1LTR2	chr8:219461317-219462377+	chr2:102691898-102692969-	19	53	0	103,110,111,112,113,37,38,39,84,87	103,110,111,112,113,38,39,40,84,87	2	1,2,3,4,5,6,7,8,9,10	77	76	1065	19|7|1|2|0|4|7|7|0|0|3|3
GA	Mondom	LTR	ERV1	LTR25_MD	chr1:548805692-548806867+	chr2:330061195-330062402+	16	38	0	228,229,238,249,261,278,294,343,354,356	229,230,239,250,262,279,296,345,367,371	2	3,4,5,6,7,8,9,10,11,12	144	143	429	16|4|0|1|2|2|3|5|0|0|2|3
GA	Mondom	LTR	ERV1	LTR25_MD	chr1:548805692-548806867+	chr8:283136959-283138167+	20	49	0	294,326,343,354,356,388,393,401,403,411,414	293,325,342,365,367,399,404,412,414,422,425	2	10,11,12,13,14,15,16,17,18,19,20	134	133	430	20|4|1|0|1|4|6|6|0|2|3|2
GA	Mondom	LTR	ERV1	Mdo1LTR2	chr8:232605005-232606182+	chr2:151440732-151441898-	18	44	0	106,111,112,113,114,37,38,39,40,55,88	105,110,111,112,113,37,38,39,40,54,87	2	2,3,4,5,6,7,8,9,10,11,12	78	77	1171	18|9|0|1|0|2|3|4|0|2|0|5
GA	Mondom	LTR	ERV1	Mdo1LTR2	chr8:232605005-232606182+	chr4:298142721-298143885-	22	42	0	106,111,112,113,114,38,39,40,82,88	105,110,111,112,113,38,39,40,81,87	2	3,4,5,6,7,8,9,10,11,12	77	76	1170	22|5|1|0|0|1|3|2|1|3|0|4
GA	Mondom	LTR	ERV1	Mdo1LTR2	chr8:232605005-232606182+	chr8:275764980-275766150-	22	47	0	104,111,112,113,114,130,132,138,182,223,363	106,113,114,115,116,132,134,140,184,225,365	2	6,7,8,9,10,11,12,13,14,15,16	261	260	1173	22|3|2|1|0|2|5|4|1|2|1|4
GA	Mondom	LTR	ERV1	Mdo1LTR2	chr8:232605005-232606182+	chr2:133735860-133737039-	14	20	0	106,111,112,113,114,38,39,40,88,91	105,110,111,112,113,38,39,40,87,90	2	2,3,4,5,6,7,8,9,10,11	77	76	178	14|2|0|0|0|0|1|1|0|0|0|2
GA	Mondom	LTR	ERV1	Mdo1LTR2	chr8:234472208-234473208+	chr7:60143295-60144317+	15	40	0	108,113,154,192,220,514,516,544,563,586	106,111,152,191,219,533,535,563,582,605	2	4,5,6,7,8,10,11,12,13,14	187	500	1011	15|6|1|1|2|2|4|6|0|0|1|2
GA	Mondom	LTR	ERV1	Mdo1LTR2	chr8:236845486-236846550-	chr2:36205351-36206416-	19	53	0	104,111,112,113,114,38,39,40,57,88	103,110,111,112,113,38,39,40,56,87	2	2,3,4,5,6,7,8,9,10,11	77	76	1064	19|3|1|1|2|3|6|9|2|3|0|4
GA	Mondom	LTR	ERV1	Mdo1LTR2	chr8:251843278-251844457+	chr2:188449968-188451145+	24	54	0	108,113,114,115,116,134,140,173,174,175	105,110,111,112,113,131,137,170,171,172	2	5,6,7,8,9,10,11,12,13,14	69	68	1178	24|5|3|1|1|2|7|5|1|0|2|3
GA	Mondom	LTR	ERV1	Mdo1LTR2	chr8:251843278-251844457+	chr4:243164632-243165809+	23	56	0	134,140,173,174,175,38,39,40,87,90	131,137,170,171,172,38,39,40,84,87	2	1,2,3,4,5,10,11,12,13,14	92	135	1178	23|7|3|0|1|2|7|5|1|0|2|5
GA	Mondom	LTR	ERV1	Mdo1LTR2	chr8:251843278-251844457+	chr2:327683133-327684312-	22	57	0	108,113,114,115,116,134,140,173,174,175	105,110,111,112,113,131,137,170,171,172	2	5,6,7,8,9,10,11,12,13,14	69	68	1179	22|5|2|2|3|3|7|6|1|0|2|4
GA	Mondom	LTR	ERV1	Mdo1LTR2	chr8:251843278-251844457+	chr2:339534653-339535830-	26	61	0	108,113,114,115,116,134,140,171,173,174,175	105,110,111,112,113,131,137,168,170,171,172	2	5,6,7,8,9,10,11,12,13,14,15	69	68	1178	26|8|2|4|1|1|7|5|1|1|2|3
GA	Mondom	LTR	ERV1	Mdo1LTR2	chr8:251843278-251844457+	chr4:171599856-171601031-	20	55	0	108,113,114,115,116,134,140,173,174,175	103,108,109,110,111,129,135,168,169,170	2	5,6,7,8,9,10,11,12,13,14	69	68	1177	20|6|2|1|2|2|6|6|1|3|2|4
GA	Mondom	LTR	ERV1	Mdo1LTR2	chr8:251843278-251844457+	chr2:88641415-88642591-	22	64	0	108,113,114,115,116,134,140,173,174,175	107,112,113,114,115,132,138,171,172,173	2	5,6,7,8,9,10,11,12,13,14	68	67	1177	22|13|2|3|2|3|6|5|2|0|3|3
GA	Mondom	LTR	ERV1	Mdo1LTR2	chr8:251843278-251844457+	chr7:64166649-64167830+	26	58	0	108,113,114,115,116,134,140,173,174,175	105,110,111,112,113,131,137,170,171,172	2	5,6,7,8,9,10,11,12,13,14	69	68	1180	26|6|3|0|3|2|6|5|1|0|3|3
GA	Mondom	LTR	ERV1	Mdo1LTR2	chr8:251843278-251844457+	chr2:203863767-203864944+	25	60	0	108,113,114,115,116,134,140,160,173,174,175	105,110,111,112,113,131,137,157,170,171,172	2	5,6,7,8,9,10,11,12,13,14,15	69	68	1178	25|7|2|2|3|1|6|5|2|0|2|5
GA	Mondom	LTR	ERV1	Mdo1LTR2	chr8:251843278-251844457+	chr2:201934411-201935600+	22	54	0	108,113,114,115,116,134,140,173,174,175	106,111,112,113,114,132,138,171,172,173	2	5,6,7,8,9,10,11,12,13,14	69	68	1184	22|8|2|0|1|3|6|4|1|1|2|4
GA	Mondom	LTR	ERV1	Mdo1LTR2	chr8:251843278-251844457+	chr4:124064460-124065640-	26	62	0	108,113,114,115,116,134,140,173,174,175,443,469,472,497,538	106,111,112,113,114,132,138,171,172,173,440,466,469,494,535	3	5,6,7,8,9,10,11,12,13,14,19,20,21,22,23	165	430	1179	26|8|3|0|3|1|9|5|2|0|2|3
GA	Mondom	LTR	ERV1	Mdo1LTR2	chr8:251843278-251844457+	chr2:7563667-7564849-	25	61	0	108,113,114,115,116,134,140,173,174,175	105,110,111,112,113,131,137,170,171,172	2	5,6,7,8,9,10,11,12,13,14	69	68	1180	25|8|3|1|2|1|7|6|1|2|2|3
GA	Mondom	LTR	ERV1	Mdo1LTR2	chr8:251843278-251844457+	chr7:23617950-23619120-	23	63	0	108,113,114,115,116,435,443,472,497,660	105,110,111,112,113,428,436,465,490,653	2	5,6,7,8,9,17,18,19,20,21	235	549	1174	23|11|2|0|2|2|7|6|1|0|2|7
GA	Mondom	LTR	ERV1	Mdo1LTR2	chr8:251843278-251844457+	chr2:307720290-307721470-	23	61	0	108,113,114,115,116,134,140,173,174,175	105,110,111,112,113,131,137,170,171,172	2	5,6,7,8,9,10,11,12,13,14	69	68	1179	23|7|4|0|2|2|6|6|2|1|3|5
GA	Mondom	LTR	ERV1	Mdo1LTR2	chr8:251843278-251844457+	chr2:278202932-278204110-	24	60	0	108,113,114,115,116,134,140,173,174,175	106,111,112,113,114,132,138,171,172,173	2	5,6,7,8,9,10,11,12,13,14	69	68	1176	24|9|2|2|2|1|7|6|1|1|2|3
GA	Mondom	LTR	ERV1	Mdo1LTR2	chr8:251843278-251844457+	chr2:301662022-301663200-	23	59	0	108,113,114,115,116,134,140,173,174,175	105,110,111,112,113,131,137,171,172,173	2	6,7,8,9,10,11,12,13,14,15	70	69	1178	23|7|2|2|1|3|7|6|1|0|3|4
GA	Mondom	LTR	ERV1	Mdo1LTR2	chr8:251843278-251844457+	chr2:179908060-179909243+	24	63	0	108,113,114,115,116,134,140,173,174,175	106,111,112,113,114,132,138,172,173,174	2	5,6,7,8,9,10,11,12,13,14	70	69	1181	24|10|2|0|2|3|8|7|1|0|3|3
GA	Mondom	LTR	ERV1	Mdo1LTR2	chr8:251843278-251844457+	chr7:64239013-64240196+	25	59	0	108,113,114,115,116,134,140,173,174,175	105,110,111,112,113,131,137,170,171,172	2	5,6,7,8,9,10,11,12,13,14	69	68	1181	25|7|3|1|3|3|6|5|1|0|3|2
GA	Mondom	LTR	ERV1	Mdo1LTR2	chr8:251843278-251844457+	chr4:332691676-332692857-	22	65	0	108,113,114,115,116,134,140,173,174,175	105,110,111,112,113,131,137,170,171,172	2	5,6,7,8,9,10,11,12,13,14	69	68	1180	22|13|2|0|4|1|8|5|3|0|3|4
GA	Mondom	LTR	ERV1	Mdo1LTR2	chr8:251843278-251844457+	chr2:153339446-153340594-	23	54	0	108,113,114,115,116,134,140,173,174,175	103,109,143,144,145,77,82,83,84,85	2	5,6,7,8,9,10,11,12,13,14	70	69	1149	23|9|3|0|2|3|7|4|0|0|2|1
GA	Mondom	LTR	ERV1	Mdo1LTR2	chr8:251843278-251844457+	chr7:129935901-129937080-	27	61	0	134,140,173,174,175,38,39,40,55,90	131,137,170,171,172,38,39,40,54,87	2	1,2,3,4,5,11,12,13,14,15	92	135	1179	27|7|2|2|1|3|7|5|1|0|2|4
GA	Mondom	LTR	ERV1	Mdo1LTR2	chr8:251843278-251844457+	chr4:260670984-260672163+	30	63	0	108,113,114,115,116,443,472,497,538,544	105,110,111,112,113,439,468,493,535,541	2	5,6,7,8,9,19,20,21,22,23	112	437	1179	30|9|4|0|2|1|6|4|1|0|2|4
GA	Mondom	LTR	ERV1	Mdo1LTR2	chr8:251843278-251844457+	chr4:298142721-298143885-	27	56	0	108,113,114,115,116,134,140,173,174,175,38,39,40,443,472,488,497,650,84,90	105,110,111,112,113,131,137,170,171,172,38,39,40,436,465,481,490,643,81,87	4	2,3,4,5,6,7,8,9,10,11,12,13,14,15,16,20,21,22,23,24	345	606	1171	27|7|2|0|1|2|6|4|1|1|2|3
GA	Mondom	LTR	ERV1	Mdo1LTR2	chr8:251843278-251844457+	chr7:9708492-9709672+	24	64	0	108,113,114,115,116,134,140,173,174,175	106,111,112,113,114,132,138,172,173,174	2	5,6,7,8,9,10,11,12,13,14	70	69	1179	24|9|3|1|1|3|8|6|1|2|2|4
GA	Mondom	LTR	ERV1	Mdo1LTR2	chr8:251843278-251844457+	chr4:405610018-405611193-	23	64	0	108,113,114,115,116,134,140,173,174,175	105,110,111,112,113,131,137,171,172,173	2	5,6,7,8,9,10,11,12,13,14	70	69	1175	23|8|2|1|2|3|6|7|2|2|2|6
GA	Mondom	LTR	ERV1	Mdo1LTR2	chr8:251843278-251844457+	chr4:26677540-26678705+	26	61	0	108,113,114,115,116,435,436,443,472,497	105,110,111,112,113,432,433,440,469,494	2	5,6,7,8,9,18,19,20,21,22	72	390	1172	26|8|2|0|2|2|7|4|1|1|3|5
GA	Mondom	LTR	ERV1	Mdo1LTR2	chr8:251843278-251844457+	chr7:222731765-222732947+	29	65	0	108,113,114,115,116,134,140,173,174,175	105,110,111,112,113,131,137,170,171,172	2	5,6,7,8,9,10,11,12,13,14	69	68	1180	29|9|2|2|2|3|6|4|1|1|3|3
GA	Mondom	LTR	ERV1	Mdo1LTR2	chr8:251843278-251844457+	chr7:69205253-69206433-	23	67	0	108,113,114,115,116,134,140,173,174,175	105,110,111,112,113,131,137,170,171,172	2	5,6,7,8,9,10,11,12,13,14	69	68	1179	23|13|2|0|3|2|8|5|4|0|3|4
GA	Mondom	LTR	ERV1	Mdo1LTR2	chr8:251843278-251844457+	chr8:275764980-275766150-	26	58	0	106,113,114,115,116,134,140,173,174,175	106,113,114,115,116,134,140,173,174,175	2	5,6,7,8,9,10,11,12,13,14	71	70	1174	26|4|3|1|1|4|7|5|1|0|3|3
GA	Mondom	LTR	ERV1	Mdo1LTR2	chr8:251843278-251844457+	chr2:97930694-97931862-	22	55	0	110,113,114,115,116,134,140,173,174,175	108,111,112,113,114,129,135,168,169,170	2	6,7,8,9,10,11,12,13,14,15	64	63	1173	22|9|4|0|1|3|7|5|2|0|1|1
GA	Mondom	LTR	ERV1	Mdo1LTR2	chr8:251843278-251844457+	chr7:3131547-3132724+	26	67	0	108,110,113,114,115,116,134,140,156,173,174,175	105,107,110,111,112,113,131,137,153,170,171,172	2	5,6,7,8,9,10,11,12,13,14,15,16	69	68	1178	26|10|2|0|1|3|6|5|2|1|4|7
GA	Mondom	LTR	ERV1	Mdo1LTR2	chr8:251843278-251844457+	chr2:151440732-151441898-	23	60	0	108,113,114,115,116,37,38,39,40,55,90	105,110,111,112,113,37,38,39,40,54,87	2	1,2,3,4,5,6,7,8,9,10,11	78	77	1172	23|11|2|1|2|2|6|7|1|0|2|3
GA	Mondom	LTR	ERV1	Mdo1LTR2	chr8:251843278-251844457+	chr2:83319870-83321029+	22	56	0	108,113,114,115,116,134,140,173,174,175	105,110,111,112,113,131,137,170,171,172	2	5,6,7,8,9,10,11,12,13,14	69	68	1169	22|10|2|1|2|2|5|5|1|0|2|4
GA	Mondom	LTR	ERV1	Mdo1LTR2	chr8:251843278-251844457+	chr7:70462314-70463468-	24	58	0	108,113,114,115,116,134,140,173,174,175	105,110,111,112,113,131,137,170,171,172	2	5,6,7,8,9,10,11,12,13,14	69	68	1166	24|7|2|0|1|2|7|4|3|0|2|6
GA	Mondom	LTR	ERV1	Mdo1LTR2	chr8:251843278-251844457+	chr2:133735860-133737039-	12	18	0	108,113,114,115,116,38,39,40,90,93	105,110,111,112,113,38,39,40,87,90	2	1,2,3,4,5,6,7,8,9,10	77	76	170	12|2|0|0|0|0|1|1|0|0|0|2
GA	Mondom	LTR	ERV1	Mdo1LTR2	chr8:251843278-251844457+	chr4:237600878-237601950-	23	58	0	108,113,114,115,116,435,443,472,473,488	105,110,111,112,113,433,441,470,471,486	2	6,7,8,9,10,19,20,21,22,23	63	382	1009	23|8|1|2|1|2|8|6|1|0|3|3
GA	Mondom	LTR	ERV1	Mdo1LTR2	chr8:251843278-251844457+	chr7:184332631-184333781+	15	25	0	108,113,114,115,116,134,140,167,173,174,175	106,111,112,113,114,132,138,165,171,172,173	2	5,6,7,8,9,10,11,12,13,14,15	69	68	232	15|2|1|0|0|0|3|2|0|0|0|2
GA	Mondom	LTR	ERV1	Mdo1LTR2	chr8:251843278-251844457+	chr2:401028694-401029729+	24	64	0	108,113,114,115,116,443,472,497,538,544	105,110,111,112,113,440,469,494,535,541	2	5,6,7,8,9,18,19,20,21,22	111	437	1014	24|8|2|1|4|4|8|5|0|1|2|5
GA	Mondom	LTR	ERV1	Mdo1LTR1k	chr1:215344088-215344929+	chr2:455481698-455482669-	20	55	0	38,392,414,423,448,457,48,63,64,65,68,70	38,392,414,423,448,457,48,64,65,66,69,71	2	1,2,3,4,5,6,7,14,15,16,17,18	100	420	513	20|4|1|1|0|4|11|7|1|3|2|1
GA	Mondom	LTR	ERV1	Mdo1LTR2	chr8:272625109-272626177-	chr2:102691898-102692969-	21	53	0	104,111,112,113,114,38,39,40,85,88	103,110,111,112,113,38,39,40,84,87	2	1,2,3,4,5,6,7,8,9,10	77	76	1069	21|8|1|1|2|3|5|6|0|0|2|4
GA	Mondom	LTR	ERV1	Mdo1LTR2	chr8:280774433-280775498+	chr2:36205351-36206416-	19	57	0	104,111,112,113,114,38,39,40,74,88	103,110,111,112,113,38,39,40,73,87	2	2,3,4,5,6,7,8,9,10,11	77	76	1065	19|6|2|0|2|4|7|11|3|1|0|2
GA	Mondom	LTR	ERV1	Mdo1LTR2	chr8:287134291-287135359+	chr2:102691898-102692969-	18	52	0	105,112,113,114,115,39,40,41,86,89	103,110,111,112,113,38,39,40,84,87	2	1,2,3,4,5,6,7,8,9,10	77	76	1069	18|8|1|0|1|4|6|8|0|0|2|4
GA	Mondom	LTR	ERV1	Mdo1LTR2	chr8:300157387-300158462+	chr2:163736723-163737795+	22	64	0	106,111,112,113,114,38,39,40,82,88	107,112,113,114,115,38,39,40,83,89	2	1,2,3,4,5,6,7,8,9,10	79	78	1073	22|6|2|3|3|0|8|9|0|2|4|5
GA	Mondom	LTR	ERV1	Mdo1LTR2	chr8:308996552-308997724-	chr4:298142721-298143885-	21	53	0	106,111,112,113,114,38,39,40,82,88	105,110,111,112,113,38,39,40,81,87	2	2,3,4,5,6,7,8,9,10,11	77	76	1167	21|6|1|0|0|1|11|7|0|2|1|3
GA	Mondom	LTR	ERV1	Mdo1LTR2	chr8:308996552-308997724-	chr2:133735860-133737039-	13	23	0	106,111,112,113,114,38,39,40,88,91	105,110,111,112,113,38,39,40,87,90	2	1,2,3,4,5,6,7,8,9,10	77	76	180	13|3|1|0|0|0|1|2|0|1|0|2
GA	Mondom	LTR	ERV1	Mdo3LTR1a	chr5:1185886-1186321+	chr1:722011611-722012412-	22	51	0	111,115,121,129,399,405,406,408,413,83	117,145,149,155,162,462,468,469,471,476	2	1,2,3,4,5,17,18,19,20,21	61	360	434	22|6|1|2|5|1|2|4|2|2|2|2
GA	Mondom	LTR	ERV1	Mdo1LTR2	chr4:16944980-16945993+	chr2:342209844-342210866-	19	42	0	291,323,361,432,478,53,67,68,71,87	292,324,363,433,479,54,68,69,72,88	2	2,3,4,5,6,11,12,13,14,15	223	426	1017	19|5|0|1|2|1|7|5|0|1|1|0
GA	Mondom	LTR	ERV1	Mdo1LTR2	chr4:39471595-39472291-	chr2:342209844-342210866-	15	34	0	217,245,291,323,361,478,490,509,532,608	218,246,292,324,363,479,491,510,533,608	2	5,6,7,8,9,11,12,13,14,15	276	391	696	15|3|0|2|0|2|5|4|0|0|2|1
GA	Mondom	LTR	ERV1	Mdo1LTR2	chr4:44401887-44402953-	chr2:102691898-102692969-	21	61	0	104,111,112,113,114,38,39,40,85,88	103,110,111,112,113,38,39,40,84,87	2	1,2,3,4,5,6,7,8,9,10	77	76	1068	21|7|1|2|1|3|8|7|1|3|3|4
GA	Mondom	LTR	ERV1	Mdo1LTR1k	chr1:275532872-275533731+	chr8:62712172-62713066+	15	40	0	346,350,353,360,364,371,622,637,659,662,720	383,387,390,397,401,408,650,665,687,690,753	2	1,2,3,4,5,6,11,12,13,14,15	130	371	550	15|4|1|1|0|3|7|5|1|0|1|2
GA	Mondom	LTR	ERV1	Mdo1LTR2	chr4:74107490-74108511+	chr2:342209844-342210866-	16	36	0	217,245,291,323,361,432,478,490,532,534	218,246,292,324,363,433,479,491,533,535	2	5,6,7,8,9,10,11,12,13,14	319	318	1021	16|4|1|1|0|3|3|6|0|0|0|2
GA	Mondom	LTR	ERV1	MdoERV1-LTR1c	chr3:215800777-215801393+	chr3:272929832-272930447+	17	41	0	124,127,128,131,134,393,423,493,521,523	116,119,120,123,126,381,410,479,507,509	2	4,5,6,7,8,13,14,15,16,17	140	394	615	17|4|3|4|2|1|2|1|1|1|4|1
GA	Mondom	LTR	ERV1	Mdo1LTR2	chr4:129124890-129125953-	chr2:163736723-163737795+	18	51	0	18,19,20,62,68,86,91,92,93,94	107,112,113,114,115,38,39,40,83,89	2	1,2,3,4,5,6,7,8,9,10	79	78	1057	18|6|1|0|3|0|8|8|0|0|3|4
GA	Mondom	LTR	ERV1	LTR25_MD	chr1:621668361-621669494-	chr2:160447328-160448457+	12	29	0	198,199,206,212,221,222,223,232,243,288	207,208,215,221,230,231,232,241,252,287	1	2,3,4,5,6,7,8,9,10,11	81	81	344	12|5|0|1|2|2|2|1|0|1|1|2
GA	Mondom	LTR	ERV1	LTR25_MD	chr1:621668361-621669494-	chr2:482102971-482104125-	16	34	0	171,198,199,206,212,221,222,223,232,243	171,202,203,210,216,225,226,227,236,247	2	3,4,5,6,7,8,9,10,11,12	78	77	345	16|4|0|1|3|2|5|1|0|1|0|1
GA	Mondom	LTR	ERV1	Mdo1LTR2	chr4:132011997-132013171+	chr2:188449968-188451145+	19	52	0	105,110,111,112,113,38,39,40,68,87	105,110,111,112,113,38,39,40,68,87	2	1,2,3,4,5,6,7,8,9,10	77	76	1175	19|6|2|2|1|1|9|4|1|3|1|3
GA	Mondom	LTR	ERV1	Mdo1LTR2	chr4:132011997-132013171+	chr2:301662022-301663200-	19	56	0	105,110,111,112,113,38,39,40,68,87,92	105,110,111,112,113,38,39,40,68,87,92	2	1,2,3,4,5,6,7,8,9,10,11	77	76	1176	19|8|1|3|1|1|9|6|1|2|2|3
GA	Mondom	LTR	ERV1	Mdo1LTR2	chr4:132011997-132013171+	chr2:476379466-476380647-	21	56	0	105,110,111,112,113,38,39,40,68,87	107,112,113,114,115,38,39,40,70,89	2	1,2,3,4,5,6,7,8,9,10	79	78	1177	21|8|2|2|1|1|11|3|1|3|0|3
GA	Mondom	LTR	ERV1	Mdo1LTR2	chr4:132011997-132013171+	chr2:278202932-278204110-	18	54	0	105,110,111,112,113,38,39,40,68,87	106,111,112,113,114,38,39,40,69,88	2	1,2,3,4,5,6,7,8,9,10	78	77	1174	18|9|1|3|2|0|9|4|1|2|2|3
GA	Mondom	LTR	ERV1	Mdo1LTR2	chr4:132011997-132013171+	chr7:64166649-64167830+	21	54	0	105,110,111,112,113,38,39,40,68,87	105,110,111,112,113,38,39,40,68,87	2	1,2,3,4,5,6,7,8,9,10	77	76	1177	21|6|2|1|1|3|9|3|1|2|2|3
GA	Mondom	LTR	ERV1	Mdo1LTR2	chr4:132011997-132013171+	chr2:339534653-339535830-	20	56	0	105,110,111,112,113,38,39,40,68,87	105,110,111,112,113,38,39,40,68,87	2	1,2,3,4,5,6,7,8,9,10	77	76	1175	20|7|1|5|1|0|10|4|1|3|1|3
GA	Mondom	LTR	ERV1	Mdo1LTR2	chr4:132011997-132013171+	chr2:201934411-201935600+	18	52	0	105,110,111,112,113,38,39,40,68,87	106,111,112,113,114,38,39,40,69,88	2	1,2,3,4,5,6,7,8,9,10	78	77	1181	18|9|1|1|1|1|9|4|1|3|1|3
GA	Mondom	LTR	ERV1	Mdo1LTR2	chr4:132011997-132013171+	chr4:260670984-260672163+	24	61	0	105,110,111,112,113,38,39,40,68,87	105,110,111,112,113,38,39,40,68,87	2	1,2,3,4,5,6,7,8,9,10	77	76	1176	24|10|3|1|2|1|9|4|1|1|1|4
GA	Mondom	LTR	ERV1	Mdo1LTR2	chr4:132011997-132013171+	chr7:213374321-213375501-	21	59	0	105,110,111,112,113,38,39,40,68,87	107,112,113,114,115,38,39,40,70,89	2	1,2,3,4,5,6,7,8,9,10	79	78	1177	21|7|2|2|1|1|10|5|2|3|1|4
GA	Mondom	LTR	ERV1	Mdo1LTR2	chr4:132011997-132013171+	chr2:70642717-70643890-	18	53	0	105,110,111,112,113,38,39,40,68,87	105,110,111,112,113,38,39,40,68,87	2	1,2,3,4,5,6,7,8,9,10	77	76	1173	18|9|1|1|1|0|9|7|1|2|1|3
GA	Mondom	LTR	ERV1	Mdo1LTR2	chr4:132011997-132013171+	chr2:153339446-153340594-	20	52	0	105,110,111,112,113,38,39,40,68,87	10,11,12,40,59,77,82,83,84,85	2	1,2,3,4,5,6,7,8,9,10	77	76	1147	20|8|2|1|1|2|10|3|1|2|1|1
GA	Mondom	LTR	ERV1	Mdo1LTR2	chr4:132011997-132013171+	chr2:151440732-151441898-	19	55	0	105,110,111,112,113,37,38,39,40,55,68,87	105,110,111,112,113,37,38,39,40,54,68,87	2	1,2,3,4,5,6,7,8,9,10,11,12	78	77	1170	19|12|1|1|2|0|8|6|1|1|1|3
GA	Mondom	LTR	ERV1	Mdo1LTR2	chr4:132011997-132013171+	chr4:298142721-298143885-	23	53	0	105,110,111,112,113,38,39,40,68,81,87	105,110,111,112,113,38,39,40,68,81,87	2	2,3,4,5,6,7,8,9,10,11,12	77	76	1169	23|7|1|1|1|1|9|3|0|3|1|3
GA	Mondom	LTR	ERV1	Mdo1LTR2	chr4:132011997-132013171+	chr2:96691139-96692304-	21	57	0	105,110,111,112,113,38,39,40,68,87	105,110,111,112,113,38,39,40,68,87	2	1,2,3,4,5,6,7,8,9,10	77	76	1169	21|5|2|1|3|1|9|5|3|2|2|3
GA	Mondom	LTR	ERV1	Mdo1LTR2	chr4:132011997-132013171+	chr7:70462314-70463468-	17	51	0	105,110,111,112,113,38,39,40,68,87	105,110,111,112,113,38,39,40,68,87	2	1,2,3,4,5,6,7,8,9,10	77	76	1164	17|7|1|1|1|1|8|3|3|2|1|6
GA	Mondom	LTR	ERV1	Mdo1LTR2	chr4:132011997-132013171+	chr2:133735860-133737039-	14	21	0	105,110,111,112,113,38,39,40,68,87,90	105,110,111,112,113,38,39,40,68,87,90	2	1,2,3,4,5,6,7,8,9,10,11	77	76	180	14|2|1|0|0|0|1|1|0|0|0|2
GA	Mondom	LTR	ERV1	Mdo1LTR2	chr4:163801184-163802101-	chr2:163736723-163737795+	17	46	0	106,111,112,113,114,38,39,40,82,88	107,112,113,114,115,38,39,40,83,89	2	1,2,3,4,5,6,7,8,9,10	79	78	884	17|4|4|0|2|2|5|7|0|2|1|2
GA	Mondom	LTR	ERV1	Mdo1LTR2	chr4:163801184-163802101-	chr2:376422768-376423838-	16	47	0	104,111,112,113,114,38,39,40,88,89	104,111,112,113,114,38,39,40,88,89	2	1,2,3,4,5,6,7,8,9,10	78	77	884	16|6|4|1|0|4|5|6|1|1|1|2
GA	Mondom	LTR	ERV1	Mdo1LTR2	chr4:193097747-193098792-	chr2:376422768-376423838-	17	48	0	102,109,110,111,112,38,39,40,86,87	104,111,112,113,114,38,39,40,88,89	2	1,2,3,4,5,6,7,8,9,10	78	77	1057	17|5|1|1|0|4|7|7|1|0|1|4
GA	Mondom	LTR	ERV1	Mdo1LTR2	chr4:193097747-193098792-	chr2:102691898-102692969-	18	54	0	102,109,110,111,112,38,39,40,83,86	103,110,111,112,113,38,39,40,84,87	2	1,2,3,4,5,6,7,8,9,10	77	76	1058	18|6|1|0|1|4|5|12|1|1|2|3
GA	Mondom	LTR	ERV1	LTR25_MD	chr1:650713623-650714777+	chr4:403707818-403708996+	26	70	0	205,212,218,227,228,229,238,343,388,393,401,403	205,212,218,227,228,229,238,344,365,370,378,380	2	4,5,6,7,8,9,10,15,16,17,18,19	71	176	1150	26|6|1|1|2|7|6|15|0|2|4|0
GA	Mondom	LTR	ERV1	LTR25_MD	chr1:650713623-650714777+	chr4:221528960-221530094-	11	29	0	205,212,218,227,228,229,238,249,278,294	207,214,220,229,230,231,240,251,271,288	1	1,2,3,4,5,6,7,8,9,10	82	82	345	11|3|0|1|1|2|3|5|1|0|2|0
GA	Mondom	LTR	ERV1	Mdo1LTR2	chr4:218654384-218655583+	chr4:298142721-298143885-	22	45	0	109,114,115,116,117,38,39,40,489,651,664,688,742,85,91	105,110,111,112,113,38,39,40,481,643,655,667,721,81,87	3	2,3,4,5,6,7,8,9,10,11,17,18,19,20,21	318	684	1181	22|5|1|1|1|1|5|5|1|1|0|2
GA	Mondom	LTR	ERV1	Mdo1LTR2	chr4:253198975-253199871+	chr2:7563667-7564849-	21	63	0	106,111,112,113,114,38,39,40,73,88	105,110,111,112,113,38,39,40,72,87	2	1,2,3,4,5,6,7,8,9,10	77	76	897	21|9|4|2|0|0|8|9|0|1|3|6
GA	Mondom	LTR	ERV1	Mdo1LTR2	chr4:253198975-253199871+	chr2:278202932-278204110-	21	63	0	106,111,112,113,114,38,39,40,73,88	106,111,112,113,114,38,39,40,73,88	2	1,2,3,4,5,6,7,8,9,10	78	77	896	21|8|3|3|1|0|7|7|0|2|3|8
GA	Mondom	LTR	ERV1	Mdo1LTR2	chr4:253198975-253199871+	chr2:153339446-153340594-	19	55	0	106,111,112,113,114,38,39,40,73,88	10,11,12,44,59,77,82,83,84,85	2	1,2,3,4,5,6,7,8,9,10	77	76	869	19|7|4|2|0|1|9|6|0|1|3|3
GA	Mondom	LTR	ERV1	Mdo1LTR2	chr4:253198975-253199871+	chr7:9708492-9709672+	21	60	0	106,111,112,113,114,38,39,40,73,88	106,111,112,113,114,39,40,41,73,88	2	1,2,3,4,5,6,7,8,9,10	77	76	899	21|7|4|1|0|0|8|8|0|3|2|6
GA	Mondom	LTR	ERV1	Mdo1LTR2	chr4:253198975-253199871+	chr2:151440732-151441898-	20	60	0	106,111,112,113,114,37,38,39,40,55,73,88	105,110,111,112,113,37,38,39,40,54,72,87	2	1,2,3,4,5,6,7,8,9,10,11,12	78	77	890	20|10|3|0|1|0|7|9|0|1|1|8
GA	Mondom	LTR	ERV1	Mdo1LTR2	chr4:253198975-253199871+	chr4:260670984-260672163+	25	70	0	106,111,112,113,114,38,39,40,73,88	105,110,111,112,113,38,39,40,72,87	2	1,2,3,4,5,6,7,8,9,10	77	76	897	25|10|5|2|0|0|8|9|0|1|3|7
GA	Mondom	LTR	ERV1	Mdo1LTR2	chr4:253198975-253199871+	chr4:298142721-298143885-	22	61	0	106,111,112,113,114,38,39,40,73,82,88	105,110,111,112,113,38,39,40,72,81,87	2	2,3,4,5,6,7,8,9,10,11,12	77	76	890	22|6|3|3|0|2|8|7|0|1|3|6
GA	Mondom	LTR	ERV1	LTR4_MD	chr4:6101363-6101845-	chr4:402546080-402546833-	17	51	0	103,108,113,260,262,263,264,267,81,92	104,109,278,280,281,282,285,77,88,99	2	1,2,3,4,5,6,7,8,9,10	210	209	490	17|2|1|2|3|0|13|7|0|2|3|1
GA	Mondom	LTR	ERV1	Mdo1LTR2	chr4:262989175-262990352-	chr4:298142721-298143885-	22	64	0	106,111,112,113,114,38,39,40,82,88	105,110,111,112,113,38,39,40,81,87	2	2,3,4,5,6,7,8,9,10,11	77	76	1170	22|8|1|1|0|2|10|9|0|4|2|5
GA	Mondom	LTR	ERV1	Mdo1LTR2	chr4:262989175-262990352-	chr2:133735860-133737039-	13	21	0	106,111,112,113,114,38,39,40,88,91	105,110,111,112,113,38,39,40,87,90	2	1,2,3,4,5,6,7,8,9,10	77	76	180	13|2|0|1|0|0|1|1|0|0|1|2
GA	Mondom	LTR	ERV1	Mdo1LTR2	chr4:300924053-300925231+	chr2:133735860-133737039-	13	19	0	106,111,112,113,114,38,39,40,88,91	105,110,111,112,113,38,39,40,87,90	2	1,2,3,4,5,6,7,8,9,10	77	76	174	13|2|0|0|0|0|1|1|0|0|0|2
GA	Mondom	LTR	ERV1	LTR25_MD	chr1:682116680-682117834-	chr4:236597195-236598342+	28	77	0	218,219,222,228,229,238,240,388,393,401,403,406	218,219,222,228,229,238,240,401,406,414,416,419	2	4,5,6,7,8,9,10,17,18,19,20,21	42	202	1150	28|12|1|1|1|5|3|12|5|2|5|2
GA	Mondom	LTR	ERV1	Mdo1LTR2	chr4:340134447-340135514-	chr2:163736723-163737795+	21	61	0	106,111,112,113,114,38,39,40,82,88	107,112,113,114,115,38,39,40,83,89	2	1,2,3,4,5,6,7,8,9,10	79	78	1069	21|4|3|0|4|1|8|14|1|1|1|3
GA	Mondom	LTR	ERV1	Mdo1LTR2	chr4:340134447-340135514-	chr2:102691898-102692969-	21	62	0	104,111,112,113,114,38,39,40,85,88	103,110,111,112,113,38,39,40,84,87	2	1,2,3,4,5,6,7,8,9,10	77	76	1069	21|6|3|0|2|3|5|15|1|1|2|3
GA	Mondom	LTR	ERV1	Mdo1LTR2	chr4:392058833-392059799+	chr2:188449968-188451145+	15	40	0	106,111,112,113,114,38,39,40,64,88	105,110,111,112,113,38,39,40,63,87	2	1,2,3,4,5,6,7,8,9,10	77	76	495	15|4|0|1|0|3|6|3|0|2|2|4
GA	Mondom	LTR	ERV1	Mdo1LTR2	chr4:392058833-392059799+	chr2:7563667-7564849-	16	40	0	106,111,112,113,114,38,39,40,64,88	105,110,111,112,113,38,39,40,63,87	2	1,2,3,4,5,6,7,8,9,10	77	76	495	16|5|0|1|0|3|5|2|0|2|2|4
GA	Mondom	LTR	ERV1	Mdo1LTR2	chr4:392058833-392059799+	chr2:201934411-201935600+	15	39	0	106,111,112,113,114,38,39,40,64,88	106,111,112,113,114,38,39,40,63,88	2	1,2,3,4,5,6,7,8,9,10	78	77	496	15|4|0|1|0|3|5|3|0|2|2|4
GA	Mondom	LTR	ERV1	Mdo1LTR2	chr4:392058833-392059799+	chr7:70462314-70463468-	16	41	0	106,111,112,113,114,38,39,40,64,88	105,110,111,112,113,38,39,40,63,87	2	1,2,3,4,5,6,7,8,9,10	77	76	495	16|4|0|1|0|4|5|2|0|2|2|5
GA	Mondom	LTR	ERV1	Mdo1LTR2	chr4:392058833-392059799+	chr2:278202932-278204110-	15	43	0	106,111,112,113,114,38,39,40,64,88	106,111,112,113,114,38,39,40,63,88	2	1,2,3,4,5,6,7,8,9,10	78	77	505	15|6|0|1|1|3|5|3|0|3|2|4
GA	Mondom	LTR	ERV1	Mdo1LTR2	chr4:392058833-392059799+	chr2:103346780-103347847+	15	45	0	104,111,112,113,114,38,39,40,64,88	103,110,111,112,113,38,39,40,63,87	2	1,2,3,4,5,6,7,8,9,10	77	76	505	15|6|0|1|1|5|6|2|0|3|2|4
GA	Mondom	LTR	ERV1	Mdo1LTR2	chr4:392058833-392059799+	chr7:64166649-64167830+	17	42	0	106,111,112,113,114,38,39,40,64,88	105,110,111,112,113,38,39,40,63,87	2	1,2,3,4,5,6,7,8,9,10	77	76	495	17|4|0|1|1|3|5|2|0|2|2|5
GA	Mondom	LTR	ERV1	Mdo1LTR2	chr4:392058833-392059799+	chr7:213374321-213375501-	16	41	0	106,111,112,113,114,38,39,40,64,88	107,112,113,114,115,38,39,40,63,89	2	1,2,3,4,5,6,7,8,9,10	79	78	496	16|4|1|1|0|3|5|2|0|3|2|4
GA	Mondom	LTR	ERV1	Mdo1LTR2	chr4:392058833-392059799+	chr2:76873442-76874586+	16	43	0	106,110,111,112,113,114,38,39,40,64,88	105,109,110,111,112,113,38,39,40,63,87	2	1,2,3,4,5,6,7,8,9,10,11	77	76	495	16|7|0|1|1|3|5|2|0|2|2|4
GA	Mondom	LTR	ERV1	Mdo1LTR2	chr4:392058833-392059799+	chr7:69205253-69206433-	16	42	0	106,111,112,113,114,38,39,40,64,88	105,110,111,112,113,38,39,40,63,87	2	1,2,3,4,5,6,7,8,9,10	77	76	495	16|5|0|1|0|3|5|2|2|2|2|4
GA	Mondom	LTR	ERV1	Mdo1LTR2	chr4:392058833-392059799+	chr2:70642717-70643890-	15	41	0	106,111,112,113,114,38,39,40,64,88	105,110,111,112,113,38,39,40,63,87	2	1,2,3,4,5,6,7,8,9,10	77	76	491	15|6|0|1|0|3|5|2|0|3|2|4
GA	Mondom	LTR	ERV1	Mdo1LTR2	chr4:392058833-392059799+	chr7:186635763-186636827-	16	43	0	106,111,112,113,114,38,39,40,64,88	106,111,112,113,114,38,39,40,63,88	2	1,2,3,4,5,6,7,8,9,10	78	77	491	16|4|1|1|1|3|6|3|0|2|2|4
GA	Mondom	LTR	ERV1	Mdo1LTR2	chr4:392058833-392059799+	chr2:376422768-376423838-	16	44	0	104,111,112,113,114,38,39,40,64,88,89	104,111,112,113,114,38,39,40,63,88,89	2	1,2,3,4,5,6,7,8,9,10,11	78	77	496	16|5|0|2|0|5|5|3|0|2|2|4
GA	Mondom	LTR	ERV1	Mdo1LTR2	chr4:392058833-392059799+	chr2:163736723-163737795+	17	42	0	106,111,112,113,114,38,39,40,64,82,88	107,112,113,114,115,38,39,40,63,83,89	2	1,2,3,4,5,6,7,8,9,10,11	79	78	496	17|4|0|1|1|4|4|3|0|2|2|4
GA	Mondom	LTR	ERV1	Mdo1LTR2	chr4:392058833-392059799+	chr2:96691139-96692304-	17	43	0	106,111,112,113,114,38,39,40,64,88	105,110,111,112,113,38,39,40,63,87	2	1,2,3,4,5,6,7,8,9,10	77	76	494	17|4|1|1|1|3|5|2|1|2|2|4
GA	Mondom	LTR	ERV1	Mdo1LTR2	chr4:392058833-392059799+	chr2:339534653-339535830-	17	45	0	106,111,112,113,114,38,39,40,64,88	105,110,111,112,113,38,39,40,63,87	2	1,2,3,4,5,6,7,8,9,10	77	76	496	17|7|0|3|0|3|5|2|0|2|2|4
GA	Mondom	LTR	ERV1	Mdo1LTR2	chr4:392058833-392059799+	chr2:151440732-151441898-	18	45	0	106,111,112,113,114,37,38,39,40,55,64,88	105,110,111,112,113,37,38,39,40,54,63,87	2	1,2,3,4,5,6,7,8,9,10,11,12	78	77	495	18|6|0|1|1|3|5|3|0|2|2|4
GA	Mondom	LTR	ERV1	Mdo1LTR2	chr4:392058833-392059799+	chr7:9708492-9709672+	15	43	0	106,111,112,113,114,38,39,40,64,88	106,111,112,113,114,39,40,41,64,88	2	1,2,3,4,5,6,7,8,9,10	77	76	495	15|5|0|1|1|3|6|2|0|4|2|4
GA	Mondom	LTR	ERV1	Mdo1LTR2	chr4:392058833-392059799+	chr4:405610018-405611193-	15	41	0	106,111,112,113,114,38,39,40,64,88	105,110,111,112,113,38,39,40,63,87	2	1,2,3,4,5,6,7,8,9,10	77	76	494	15|4|0|1|0|3|5|2|0|3|2|6
GA	Mondom	LTR	ERV1	Mdo1LTR2	chr4:392058833-392059799+	chr2:476379466-476380647-	16	43	0	106,111,112,113,114,38,39,40,64,88	107,112,113,114,115,38,39,40,63,89	2	1,2,3,4,5,6,7,8,9,10	79	78	491	16|5|0|2|0|3|5|2|1|3|1|5
GA	Mondom	LTR	ERV1	Mdo1LTR2	chr4:396749086-396750264+	chr2:151440732-151441898-	20	59	0	106,111,112,113,114,37,38,39,40,55,88	105,110,111,112,113,37,38,39,40,54,87	2	1,2,3,4,5,6,7,8,9,10,11	78	77	1172	20|10|1|1|0|0|8|9|2|1|1|6
GA	Mondom	LTR	ERV1	Mdo1LTR2	chr4:396749086-396750264+	chr2:133735860-133737039-	13	21	0	106,111,112,113,114,38,39,40,88,91	105,110,111,112,113,38,39,40,87,90	2	1,2,3,4,5,6,7,8,9,10	77	76	180	13|2|1|0|0|0|2|1|0|0|0|2
GA	Mondom	LTR	ERV1	LTR25_MD	chr1:713473939-713475209+	chr4:426519456-426520587-	12	14	0	210,264,265,272,278,287,288,289,298,309,322	150,204,205,212,218,227,228,229,238,249,261	1	1,2,3,4,5,6,7,8,9,10,11	112	112	158	12|0|0|0|1|0|1|0|0|0|0|0
GA	Mondom	LTR	ERV1	LTR25_MD	chr1:713473939-713475209+	chr4:182798473-182799565+	14	19	0	265,272,278,287,288,289,298,309,322,332	205,212,218,227,228,229,238,249,261,271	1	3,4,5,6,7,8,9,10,11,12	67	67	173	14|0|0|1|0|1|1|0|0|0|0|2
GA	Mondom	LTR	ERV1	LTR25_MD	chr1:713473939-713475209+	chr8:49565711-49566854-	14	17	0	210,264,265,272,278,287,288,289,298,305	150,204,205,212,218,227,228,229,238,245	1	1,2,3,4,5,6,7,8,9,10	96	96	173	14|1|0|0|0|0|1|0|0|0|0|1
GA	Mondom	LTR	ERV1	LTR25_MD	chr1:713473939-713475209+	chr8:187602161-187603287-	14	19	0	210,228,264,265,272,278,287,288,289,298,309,322	150,168,204,205,212,218,227,228,229,238,249,261	1	1,2,3,4,5,6,7,8,9,10,11,12	112	112	173	14|0|0|0|0|1|1|1|0|0|0|2
GA	Mondom	LTR	ERV1	Mdo1LTR2	chr4:414638415-414639483+	chr2:376422768-376423838-	18	53	0	104,111,112,113,114,38,39,40,88,89	104,111,112,113,114,38,39,40,88,89	2	1,2,3,4,5,6,7,8,9,10	78	77	1069	18|6|3|3|0|4|7|5|0|0|3|4
GA	Mondom	LTR	ERV1	Mdo1LTR2	chr4:414638415-414639483+	chr2:163736723-163737795+	20	57	0	106,111,112,113,114,38,39,40,82,88	107,112,113,114,115,38,39,40,83,89	2	1,2,3,4,5,6,7,8,9,10	79	78	1070	20|6|3|1|3|0|7|9|0|1|3|4
GA	Mondom	LTR	ERV1	Mdo1LTR2	chr4:430015532-430016621+	chr7:186635763-186636827-	15	41	0	112,113,129,131,162,170,171,172,38,39,40	113,114,130,132,163,171,172,173,38,39,40	1	1,2,3,4,5,6,7,8,9,10,11	136	136	1076	15|3|2|0|1|1|9|7|0|1|1|1
GA	Mondom	LTR	ERV1	Mdo1LTR2	chr4:432702826-432704004+	chr2:151440732-151441898-	18	54	0	106,111,112,113,114,37,38,39,40,55,88	105,110,111,112,113,37,38,39,40,54,87	2	1,2,3,4,5,6,7,8,9,10,11	78	77	1165	18|12|1|0|0|0|6|7|0|1|2|7
GA	Mondom	LTR	ERV1	Mdo1LTR2	chr4:432702826-432704004+	chr2:133735860-133737039-	13	22	0	106,111,112,113,114,38,39,40,88,91	105,110,111,112,113,38,39,40,87,90	2	1,2,3,4,5,6,7,8,9,10	77	76	180	13|2|1|0|0|0|1|1|0|0|1|3
GA	Mondom	LTR	ERV1	Mdo3LTR1b	chr1:744994318-744995086+	chr8:167118269-167119058+	15	31	0	251,254,270,273,274,292,293,306,315,317,320,330,332	243,246,262,265,266,284,285,298,307,309,312,322,324	2	3,4,5,6,7,8,9,10,11,12,13,14,15	83	82	216	15|5|0|5|1|3|1|0|0|0|0|1
GA	Mondom	LTR	ERV1	MdoERV2a-int	chrUn:74323853-74326133-	chr4:3820963-3826788-	13	34	0	321,333,336,337,346,511,512,516,527,531	631,643,646,647,656,821,822,826,837,841	2	1,2,3,4,5,9,10,11,12,13	47	211	268	13|4|0|1|3|2|1|7|0|0|1|2
GA	Mondom	LTR	ERV1	Mdo1LTR2	chr7:137318880-137319952+	chr2:36205351-36206416-	19	45	0	111,112,114,153,171,173,38,39,40,56,88	110,111,113,152,170,172,38,39,40,55,87	2	2,3,4,5,6,8,9,10,11,12,13	113	135	802	19|4|2|0|2|1|9|2|0|1|2|3
GA	Mondom	LTR	ERV1	Mdo1LTR2	chr7:137318880-137319952+	chr7:186635763-186636827-	19	53	0	111,112,114,153,171,173,38,39,40,56,88	111,112,114,153,171,173,38,39,40,55,88	2	1,2,3,4,5,7,8,9,10,11,12	114	136	803	19|5|2|0|2|1|11|5|0|0|3|5
GA	Mondom	LTR	ERV1	Mdo1LTR2	chr7:141410958-141412018-	chr2:163736723-163737795+	19	50	0	106,111,112,113,114,38,39,40,82,88	107,112,113,114,115,38,39,40,83,89	2	1,2,3,4,5,6,7,8,9,10	79	78	1066	19|3|2|0|3|1|10|6|0|1|1|4
GA	Mondom	LTR	ERV1	Mdo1LTR2	chr7:141410958-141412018-	chr2:376422768-376423838-	17	51	0	104,111,112,113,114,38,39,40,88,89	104,111,112,113,114,38,39,40,88,89	2	1,2,3,4,5,6,7,8,9,10	78	77	1065	17|6|2|1|0|4|9|4|0|2|1|5
GA	Mondom	LTR	ERV1	Mdo2LTR2b-int	chr6:71657995-71658518+	chr4:313807289-313807785-	18	51	0	254,267,270,271,273,328,331,336,338,342,343,346,348	257,271,274,275,277,331,334,339,341,345,346,349,351	2	2,3,4,5,6,8,9,10,11,12,13,14,15	42	95	368	18|5|3|3|3|1|5|7|1|0|3|2
GA	Mondom	LTR	ERV1	Mdo2LTR2b-int	chr6:71657995-71658518+	chr2:440192626-440193257+	16	43	0	328,331,336,338,342,343,348,355,411,415	467,470,475,477,481,482,487,494,551,555	1	6,7,8,9,10,11,12,13,14,15	89	89	271	16|9|2|1|2|1|4|4|0|1|1|2
GA	Mondom	LTR	ERV1	Mdo1LTR2	chr7:197459126-197460303-	chr2:133735860-133737039-	13	21	0	105,110,111,112,113,38,39,40,87,90	105,110,111,112,113,38,39,40,87,90	2	1,2,3,4,5,6,7,8,9,10	77	76	180	13|2|1|0|0|0|2|1|0|0|0|2
GA	Mondom	LTR	ERV1	Mdo1LTR2	chr7:211708419-211709596+	chr2:301662022-301663200-	20	54	0	106,111,112,113,114,153,171,173,38,39,40,88,93	105,110,111,112,113,152,171,173,38,39,40,87,92	2	1,2,3,4,5,6,7,8,9,10,11,12,13	137	136	1177	20|7|0|3|1|1|9|4|1|2|3|3
GA	Mondom	LTR	ERV1	Mdo1LTR2	chr7:211708419-211709596+	chr2:151440732-151441898-	20	57	0	106,111,112,113,114,37,38,39,40,55	105,110,111,112,113,37,38,39,40,54	2	1,2,3,4,5,7,8,9,10,11	27	77	1171	20|12|0|1|2|1|8|5|1|2|2|3
GA	Mondom	LTR	ERV1	Mdo1LTR2	chr7:225678736-225679803+	chr2:163736723-163737795+	20	59	0	106,111,112,113,114,38,39,40,82,88	107,112,113,114,115,38,39,40,83,89	2	1,2,3,4,5,6,7,8,9,10	79	78	1067	20|7|2|0|3|0|10|9|0|2|2|4
GA	Mondom	LTR	ERV1	Mdo3LTR1a	chr6:64932953-64933623-	chr8:182591909-182592567-	16	30	0	180,196,208,211,222,223,224,249,255,256,267	160,177,188,191,202,203,204,229,235,236,247	1	4,5,6,7,8,9,10,11,12,13,14	88	88	301	16|2|0|2|0|0|2|3|1|2|0|2
GA	Mondom	LTR	ERV1	Mdo1LTR2	chr7:255903081-255904143+	chr2:102691898-102692969-	22	57	0	105,112,113,114,115,38,39,40,86,89	103,110,111,112,113,38,39,40,84,87	2	1,2,3,4,5,6,7,8,9,10	77	76	1066	22|5|1|0|2|3|8|10|0|0|3|3
GA	Mondom	LTR	ERV1	Mdo1LTR2	chr2:45430656-45431833-	chr2:151440732-151441898-	18	52	0	106,111,112,113,114,37,38,39,40,55,88	105,110,111,112,113,37,38,39,40,54,87	2	1,2,3,4,5,6,7,8,9,10,11	78	77	1171	18|10|1|0|0|2|7|8|0|0|2|4
GA	Mondom	LTR	ERV1	Mdo1LTR2	chr2:45430656-45431833-	chr2:133735860-133737039-	12	17	0	106,111,112,113,114,38,39,40,88,91	105,110,111,112,113,38,39,40,87,90	2	1,2,3,4,5,6,7,8,9,10	77	76	179	12|2|0|0|0|0|2|1|0|0|0|0
GA	Mondom	LTR	ERV1	Mdo1LTR2	chr2:50023163-50024331+	chr2:476379466-476380647-	21	52	0	113,114,130,38,39,40,68,69,72,94	114,115,131,38,39,40,69,70,73,95	1	1,2,3,4,5,6,7,8,9,10	94	94	1174	21|6|1|1|0|1|9|8|0|3|0|2
GA	Mondom	LTR	ERV1	Mdo1LTR2	chr2:50023163-50024331+	chr2:151440732-151441898-	20	57	0	113,114,130,37,38,39,40,55,68,69,72,94	112,113,129,37,38,39,40,54,67,68,71,93	1	1,2,3,4,5,6,7,8,9,10,11,12	93	93	1167	20|11|0|0|1|0|7|13|0|2|1|2
GA	Mondom	LTR	ERV1	Mdo1LTR2	chr2:75916950-75918016-	chr2:163736723-163737795+	17	51	0	106,111,112,113,114,38,39,40,82,88	107,112,113,114,115,38,39,40,83,89	2	1,2,3,4,5,6,7,8,9,10	79	78	1064	17|4|1|1|3|2|9|7|0|0|2|5
GA	Mondom	LTR	ERV1	Mdo1LTR2	chr2:99739254-99740277+	chr2:163736723-163737795+	16	30	0	106,111,112,113,114,38,39,40,82,88	107,112,113,114,115,38,39,40,83,89	2	1,2,3,4,5,6,7,8,9,10	79	78	262	16|2|2|0|1|0|3|3|0|0|1|2
GA	Mondom	LTR	ERV1	Mdo1LTR2	chr2:99739254-99740277+	chr2:376422768-376423838-	16	29	0	104,111,112,113,114,38,39,40,88,89	104,111,112,113,114,38,39,40,88,89	2	1,2,3,4,5,6,7,8,9,10	78	77	261	16|2|2|1|0|1|3|1|0|0|1|2
GA	Mondom	LTR	ERV1	Mdo1LTR2	chr2:99739254-99740277+	chr2:102691898-102692969-	14	26	0	104,111,112,113,114,38,39,40,85,88	103,110,111,112,113,38,39,40,84,87	2	1,2,3,4,5,6,7,8,9,10	77	76	260	14|1|2|0|1|1|3|2|0|0|0|2
GA	Mondom	LTR	ERV1	LTR25_MD	chr8:150742353-150743576-	chr4:113074182-113075304+	13	32	0	142,151,157,168,174,176,415,430,447,455,468	141,150,156,167,173,175,415,429,446,454,467	2	1,2,3,4,5,6,7,8,9,10,11	328	327	537	13|2|0|0|4|2|3|1|0|4|0|3
GA	Mondom	LTR	ERV1	LTR25_MD	chr8:167148407-167149559-	chr8:167508754-167509958+	17	38	0	204,227,228,237,248,260,277,293,327,342,353,355	206,229,230,239,250,262,279,296,330,345,366,370	2	2,3,4,5,6,7,8,9,10,11,12,13	166	165	432	17|4|0|1|1|4|7|2|0|0|0|2
GA	Mondom	LTR	ERV1	Mdo1LTR2	chr2:258130817-258131885+	chr2:512520181-512521244+	16	48	0	113,114,130,132,138,38,39,40,68,69,72	112,113,129,131,137,38,39,40,67,68,71	2	1,2,3,4,5,6,7,8,9,10,11	101	100	1065	16|2|3|0|1|3|8|7|1|1|1|5
GA	Mondom	LTR	ERV1	Mdo1LTR2	chr2:261186772-261187950-	chr2:339534653-339535830-	20	48	0	106,111,112,113,114,153,166,169,171,173	105,110,111,112,113,152,165,168,170,172	1	5,6,7,8,9,10,11,12,13,14	68	68	1177	20|4|0|4|0|1|9|4|0|2|2|2
GA	Mondom	LTR	ERV1	Mdo3LTR1a	chr6:290012665-290013391-	chr7:142950811-142951657-	29	81	0	242,246,265,266,268,319,323,326,329,332	337,341,360,361,363,414,418,421,424,427	2	9,10,11,12,13,18,19,20,21,22	41	91	496	29|15|4|5|4|4|3|7|1|5|2|2
GA	Mondom	LTR	ERV1	Mdo1LTR2	chr2:311521857-311522823-	chr2:342209844-342210866-	17	35	0	218,246,273,292,324,433,479,491,533,608	218,246,273,292,324,433,479,491,533,608	2	5,6,7,8,9,11,12,13,14,15	283	391	698	17|3|0|3|0|3|5|4|0|0|0|0
GA	Mondom	LTR	ERV1	LTR25_MD	chr4:9151779-9152644+	chr4:222433714-222434982-	20	53	0	331,339,352,355,361,371,540,562,588,602,603,605,607	332,340,353,356,362,372,541,563,589,603,604,606,608	2	4,5,6,7,8,9,13,14,15,16,17,18,19	109	277	736	20|4|0|2|4|3|7|5|2|2|3|1
GA	Mondom	LTR	ERV1	Mdo1LTR2a	chr1:338145804-338146602+	chr8:299516402-299517626+	12	23	0	342,397,402,403,407,526,579,582,596,610	343,398,403,404,408,527,577,580,595,607	2	2,3,4,5,6,8,9,10,11,12	147	265	622	12|3|1|1|0|0|0|3|1|1|0|1
GA	Mondom	LTR	ERV1	Mdo1LTR2b	chr8:8894384-8895415-	chr2:356957142-356957870+	16	43	0	199,253,266,270,282,309,472,490,491,495,497	200,254,267,271,283,309,472,490,491,496,498	2	4,5,6,7,8,9,11,12,13,14,15	137	299	707	16|3|0|2|3|3|4|9|0|1|1|1
GA	Mondom	LTR	ERV1	Mdo1LTR1k	chr4:115591896-115592790+	chr2:238430998-238431853-	35	105	0	123,129,134,146,152,174,260,274,281,284,300	120,126,131,143,149,171,257,271,278,281,297	2	9,10,11,12,13,14,22,23,24,25,26	93	178	794	35|13|4|6|3|2|12|10|3|7|5|5
GA	Mondom	LTR	ERV1	Mdo1LTR1k	chr4:115591896-115592790+	chr2:330702442-330703275-	40	97	0	123,124,129,134,146,152,230,237,242,256,260	117,118,123,128,140,146,226,233,238,252,256	2	7,8,9,10,11,12,20,21,22,23,24	61	140	775	40|8|2|2|6|1|8|13|6|4|5|2
GA	Mondom	LTR	ERV1	Mdo1LTR1k	chr4:115591896-115592790+	chr2:522379275-522380122-	31	91	0	108,119,123,124,134,146,193,194,198,199,218,256,260,274,281,284	108,119,123,124,134,146,193,194,199,200,219,257,261,275,282,285	3	5,6,7,8,9,10,12,13,14,15,16,20,21,22,23,24	95	178	782	31|9|3|3|5|5|8|10|2|10|3|2
GA	Mondom	LTR	ERV1	Mdo1LTR1k	chr4:115591896-115592790+	chr7:208927763-208928603+	36	83	0	108,119,123,124,129,134,146,152,174,242,256,260,262,274,281,300,304	108,119,123,124,129,134,146,152,174,243,257,261,263,275,282,315,319	2	5,6,7,8,9,10,11,12,13,19,20,21,22,23,24,25,26	144	212	779	36|9|3|2|3|5|7|8|2|3|3|2
GA	Mondom	LTR	ERV1	Mdo1LTR1k	chr4:115591896-115592790+	chr7:223116969-223117811-	35	97	0	123,129,134,146,152,230,237,242,256,260,262,274,281,284,295	129,135,140,152,158,236,243,248,262,266,268,280,287,290,301	2	9,10,11,12,13,18,19,20,21,22,23,24,25,26,27	96	173	787	35|9|3|0|6|4|10|11|3|5|4|7
GA	Mondom	LTR	ERV1	Mdo1LTR1k	chr4:115591896-115592790+	chr2:10326735-10327587+	35	102	0	108,119,123,124,129,134,146,152,174,230,237,242,256,260,262,274,281,284	113,124,128,129,134,139,151,157,179,235,242,247,261,265,268,280,287,290	2	6,7,8,9,10,11,12,13,14,19,20,21,22,23,24,25,26,27	123	178	793	35|7|3|3|2|7|13|11|4|6|6|5
GA	Mondom	LTR	ERV1	Mdo1LTR1k	chr4:115591896-115592790+	chr4:226250328-226251180+	38	87	0	123,124,129,134,146,174,230,237,242,256,260,262,274	122,123,128,133,145,173,224,231,236,250,254,256,268	2	7,8,9,10,11,12,14,15,16,17,18,19,20	97	147	785	38|10|3|3|2|3|6|11|2|3|4|2
GA	Mondom	LTR	ERV1	Mdo1LTR1k	chr4:115591896-115592790+	chr4:232644859-232645722-	37	101	0	123,124,129,134,146,152,174,256,260,274,281,284	123,124,129,134,146,152,174,257,261,275,282,285	2	9,10,11,12,13,14,15,22,23,24,25,26	81	163	795	37|5|3|4|2|9|11|12|4|5|5|4
GA	Mondom	LTR	ERV1	Mdo1LTR1k	chr4:115591896-115592790+	chr2:254791164-254792019-	42	105	0	119,123,124,129,134,146,152,230,237,242,256,260,274,281,284	113,117,118,123,128,140,146,224,231,236,250,254,268,275,278	2	6,7,8,9,10,11,12,20,21,22,23,24,25,26,27	89	166	794	42|9|1|1|2|4|11|12|4|6|6|7
GA	Mondom	LTR	ERV1	Mdo1LTR1k	chr4:115591896-115592790+	chr7:154633345-154634201+	35	101	0	119,123,124,129,135,146,152,174,242,256,260,262,274,281,284	119,123,124,129,134,145,151,174,242,256,260,262,274,281,284	2	7,8,9,10,11,12,13,14,21,22,23,24,25,26,27	99	166	787	35|11|2|2|4|9|6|12|5|7|4|4
GA	Mondom	LTR	ERV1	Mdo1LTR1k	chr4:115591896-115592790+	chr4:133883230-133884097-	39	106	0	129,134,146,152,174,256,260,274,281,284	131,136,148,154,176,259,263,277,284,287	2	11,12,13,14,15,24,25,26,27,28	75	157	801	39|10|1|5|4|5|10|13|2|9|4|4
GA	Mondom	LTR	ERV1	Mdo1LTR1k	chr4:115591896-115592790+	chr4:192543576-192544467+	32	49	0	119,123,124,129,134,146,174,230,237,242,246,256,260,274,281,284	120,124,125,130,135,147,175,231,238,243,247,257,261,275,282,285	2	7,8,9,10,11,12,13,18,19,20,21,22,23,24,25,26	111	166	505	32|5|0|0|1|0|3|4|1|1|2|0
GA	Mondom	LTR	ERV1	Mdo1LTR1k	chr4:115591896-115592790+	chr2:145016619-145017502-	30	52	0	119,123,124,129,134,152,174,230,237,242,256,260,274,281,284	119,123,124,129,134,152,174,230,237,242,256,260,274,281,284	2	7,8,9,10,11,12,13,18,19,20,21,22,23,24,25	111	166	504	30|5|0|1|0|0|4|6|1|2|3|0
GA	Mondom	LTR	ERV1	Mdo1LTR1k	chr4:115591896-115592790+	chr4:369127051-369127970-	33	89	0	129,134,146,152,174,230,237,242,256,260,274,281	139,144,156,162,184,240,247,252,266,270,287,295	2	8,9,10,11,12,17,18,19,20,21,22,23	102	157	826	33|6|1|4|3|3|7|12|3|6|4|7
GA	Mondom	LTR	ERV1	Mdo1LTR1k	chr4:115591896-115592790+	chr4:380166366-380167197+	40	101	0	108,119,123,124,129,146,152,174,256,260,274,281,284,390,415,434,440,46,47,471,472,483,484	107,118,122,123,128,145,151,173,255,259,273,280,283,403,428,447,45,453,46,484,485,494,495	3	4,5,6,7,8,9,10,11,12,13,20,21,22,23,24,28,29,30,31,32,33,34,35	251	451	774	40|4|3|4|5|6|9|11|3|10|5|1
GA	Mondom	LTR	ERV1	Mdo1LTR1k	chr4:115591896-115592790+	chr7:192692287-192693200+	31	51	0	129,134,146,152,174,230,237,242,256,260,274	129,134,146,152,174,230,237,243,257,261,275	2	11,12,13,14,15,21,22,23,24,25,26	92	147	498	31|3|0|1|0|0|5|6|1|1|1|2
GA	Mondom	LTR	ERV1	Mdo1LTR1k	chr4:115591896-115592790+	chr2:208975393-208976347+	35	56	0	108,119,123,124,129,134,146,152,174,230,237,242,256,260,274,281,284	108,119,123,124,129,134,146,152,174,230,237,242,256,260,274,281,284	2	7,8,9,10,11,12,13,14,15,22,23,24,25,26,27,28,29	122	177	505	35|2|0|1|0|1|5|6|2|1|2|1
GA	Mondom	LTR	ERV1	Mdo1LTR1k	chr4:115591896-115592790+	chr2:164613382-164614241-	31	56	0	108,119,123,124,129,134,146,152,256,260,274,281,284	132,143,147,148,153,158,170,176,280,284,298,305,308	2	6,7,8,9,10,11,12,13,22,23,24,25,26	74	177	491	31|5|1|3|1|0|4|3|3|3|1|1
GA	Mondom	LTR	ERV1	Mdo1LTR1k	chr4:115591896-115592790+	chr2:124630978-124631820-	38	114	0	119,123,124,129,134,146,152,237,242,256,260,262,81	113,117,118,123,128,140,146,232,237,251,255,257,81	2	7,8,9,10,11,12,13,14,23,24,25,26,27	92	177	787	38|9|3|4|5|6|9|15|4|8|7|6
GA	Mondom	LTR	ERV1	Mdo1LTR1k	chr4:115591896-115592790+	chr4:400531942-400532867-	34	56	0	108,119,123,129,134,136,230,237,242,256,260,274,281,284,86,91	110,114,120,125,127,221,228,233,247,251,265,272,275,77,82,99	2	7,8,9,10,11,12,13,14,22,23,24,25,26,27,28,29	106	199	500	34|6|0|1|0|1|5|4|1|1|3|0
GA	Mondom	LTR	ERV1	Mdo1LTR1k	chr4:115591896-115592790+	chr2:362805213-362806164+	29	53	0	123,124,129,134,146,152,237,242,256,260,274,281,284	122,123,128,133,145,151,236,241,255,259,273,280,283	2	7,8,9,10,11,12,19,20,21,22,23,24,25	78	162	459	29|5|0|1|1|1|8|2|1|2|1|2
GA	Mondom	LTR	ERV1	Mdo1LTR1k	chr4:115591896-115592790+	chr2:253223471-253224359-	29	57	0	123,125,134,146,152,174,230,237,242,256,260	125,127,137,149,155,177,233,240,245,259,263	2	8,9,10,11,12,13,18,19,20,21,22	84	139	506	29|7|0|1|0|1|7|4|3|2|3|0
GA	Mondom	LTR	ERV1	Mdo1LTR1k	chr4:115591896-115592790+	chr4:201358789-201359449-	32	70	0	119,123,124,129,134,146,152,174,230,237,242,256,260,274,281	130,134,135,140,145,157,163,185,240,247,251,265,269,283,291	2	4,5,6,7,8,9,10,11,16,17,18,19,20,21,22	108	162	619	32|4|2|5|1|3|6|6|4|3|2|2
GA	Mondom	LTR	ERV1	Mdo1LTR1k	chr4:115591896-115592790+	chr2:360782222-360782888+	36	88	0	119,123,124,129,134,146,152,256,260,274,281,284,46,47	113,117,118,123,128,140,146,251,255,269,276,279,46,47	2	4,5,6,7,8,9,10,11,12,22,23,24,25,26	130	234	629	36|6|2|2|5|3|12|8|3|7|2|2
GA	Mondom	LTR	ERV1	Mdo1LTR1k	chr4:115591896-115592790+	chr4:126803010-126803919+	30	63	0	119,123,124,129,134,146,152,21,22,256,260,274,281,284,46,47,91	122,126,127,132,137,149,155,23,24,258,262,276,283,286,48,49,94	3	1,2,3,4,5,7,8,9,10,11,12,13,21,22,23,24,25	135	264	486	30|8|1|4|5|0|6|5|1|1|2|0
GA	Mondom	LTR	ERV1	Mdo1LTR1k	chr4:115591896-115592790+	chr4:385472301-385473169-	40	101	0	108,119,123,129,134,146,152,174,193,194,198,199,218,219,256,260,274,281,284,285,461,481,482,483,484	109,120,124,130,135,147,153,175,194,195,199,200,220,221,258,262,276,283,286,287,470,490,491,492,493	4	6,7,8,9,10,11,12,13,14,15,16,17,18,19,23,24,25,26,27,28,33,34,35,36,37	168	385	793	40|8|3|6|5|7|8|9|1|8|4|2
GA	Mondom	LTR	ERV1	Mdo1LTR1k	chr4:115591896-115592790+	chr2:376581396-376582298+	34	54	0	119,123,124,129,134,146,152,247,256,260,274,281,304	138,142,143,148,153,165,171,270,279,283,297,304,327	2	7,8,9,10,11,12,13,25,26,27,28,29,30	92	190	462	34|2|0|1|1|0|6|5|1|3|1|0
GA	Mondom	LTR	ERV1	MdoERV2-LTR	chr3:18768056-18768738+	chr2:402869744-402870433-	19	57	0	106,195,220,221,234,245,44,46,57,96	106,195,220,221,234,245,44,46,57,96	2	2,3,4,5,6,9,10,11,12,13	114	202	681	19|8|1|1|2|6|10|4|1|3|0|2
GA	Mondom	LTR	ERV1	Mdo1LTR1k	chr4:320459122-320459772-	chr7:95945278-95946167+	24	54	0	226,233,265,270,278,286,340,354,371,372,382	229,236,268,273,281,289,343,357,374,375,385	2	7,8,9,10,11,12,13,14,15,16,17	158	157	650	24|5|1|3|0|4|7|3|3|2|0|2
GA	Mondom	LTR	ERV1	Mdo1LTR1k	chr4:320459122-320459772-	chr7:125976518-125977409+	29	59	0	226,233,241,262,265,270,278,282,340,352,354,372,382	228,235,243,264,267,272,280,284,342,354,356,374,384	2	6,7,8,9,10,11,12,13,14,15,16,17,18	158	157	649	29|3|4|1|1|2|6|4|2|3|1|3
GA	Mondom	LTR	ERV1	Mdo1LTR1k	chr4:320459122-320459772-	chr2:215387003-215387874-	22	43	0	117,118,121,128,226,233,241,307,340,354,382,387,89	123,124,127,134,231,238,246,292,325,339,367,372,89	2	1,2,3,4,5,8,9,10,11,12,13,14,15	188	284	642	22|2|1|0|1|1|4|5|2|1|1|3
GA	Mondom	LTR	ERV1	Mdo1LTR1k	chr4:320459122-320459772-	chr2:229402494-229403356-	31	73	0	215,226,233,241,261,265,270,278,306,309	219,230,237,245,265,269,274,282,310,313	1	10,11,12,13,14,15,16,17,18,19	95	95	652	31|8|4|2|1|4|8|4|4|4|1|2
GA	Mondom	LTR	ERV1	Mdo1LTR1k	chr4:320459122-320459772-	chr2:522657793-522658643+	27	55	0	117,118,121,128,167,183,195,215,226,233,241,265,270,278	116,117,120,127,166,182,193,212,223,230,238,262,267,275	2	2,3,4,5,6,7,8,9,10,11,12,13,14,15	161	160	636	27|4|3|2|0|1|4|2|4|4|3|1
GA	Mondom	LTR	ERV1	Mdo1LTR1k	chr4:320459122-320459772-	chr2:312126116-312126975-	25	48	0	117,118,121,128,132,167,183,195,226,233,241,265,270,278	117,118,121,128,132,165,185,196,227,234,242,266,271,279	2	3,4,5,6,7,8,9,10,12,13,14,15,16,17	133	163	639	25|3|0|3|1|1|8|4|1|0|0|2
GA	Mondom	LTR	ERV1	Mdo1LTR1k	chr4:320459122-320459772-	chr2:188644656-188645572-	21	56	0	117,118,121,128,132,226,233,241,340,354,382,89	123,124,127,134,138,231,238,246,325,339,370,89	2	1,2,3,4,5,6,11,12,13,14,15,16	190	282	644	21|5|0|6|0|1|10|5|2|3|1|2
GA	Mondom	LTR	ERV1	Mdo1LTR1k	chr4:320459122-320459772-	chr2:257478263-257479130-	24	52	0	215,226,233,265,270,278,286,309,340,354	217,228,235,267,272,280,288,311,342,356	1	9,10,11,12,13,14,15,16,17,18	140	140	638	24|2|1|0|2|2|10|4|2|3|0|2
GA	Mondom	LTR	ERV1	Mdo1LTR1k	chr4:320459122-320459772-	chr2:178815073-178815930+	25	62	0	117,118,121,128,167,241,243,261,265,270,278	118,119,122,129,168,241,243,261,265,270,278	2	4,5,6,7,8,14,15,16,17,18,19	89	161	637	25|4|4|6|2|2|7|3|3|3|1|2
GA	Mondom	LTR	ERV1	Mdo1LTR1k	chr4:320459122-320459772-	chr2:86560344-86561225-	25	61	0	117,118,121,128,226,233,241,243,316,429,435,439,444,451,89,93	123,124,127,134,226,233,241,243,296,410,416,420,425,432,89,93	3	2,3,4,5,6,7,10,11,12,13,14,19,20,21,22,23	140	344	640	25|6|1|2|0|3|6|6|3|4|0|5
GA	Mondom	LTR	ERV1	Mdo1LTR1k	chr4:320459122-320459772-	chr4:347383633-347384466-	25	47	0	117,118,121,128,144,215,226,233,241,265,270,278,340,354,382	101,170,181,188,196,220,225,233,295,309,337,74,75,78,85	2	2,3,4,5,6,10,11,12,13,14,15,16,17,18,19	196	264	589	25|0|2|0|1|2|4|3|2|4|2|2
GA	Mondom	LTR	ERV1	Mdo1LTR1k	chr4:320459122-320459772-	chr2:464476302-464477142-	23	67	0	117,118,121,128,226,233,241,265,270,278,309,89	123,124,127,134,210,217,225,249,254,262,293,89	2	1,2,3,4,5,7,8,9,10,11,12,13	130	205	642	23|7|3|4|4|5|6|4|3|3|3|2
GA	Mondom	LTR	ERV1	Mdo1LTR1k	chr4:320459122-320459772-	chr4:380166366-380167197+	22	42	0	226,233,265,270,278,425,429,435,444,450	229,236,268,273,281,428,432,438,447,453	2	8,9,10,11,12,18,19,20,21,22	79	225	482	22|3|1|0|0|1|2|5|2|2|1|3
GA	Mondom	LTR	ERV1	Mdo1LTR1k	chr4:320459122-320459772-	chr7:236540263-236541146+	32	65	0	128,131,132,158,167,183,195,200,215,226,233,241	147,150,151,177,186,202,213,218,233,244,251,259	2	4,5,6,7,8,9,10,11,12,13,14,15	114	113	647	32|5|4|1|2|6|3|5|4|2|0|1
GA	Mondom	LTR	ERV1	MdoERV3-LTR	chrX:30971592-30972237+	chr5:34552420-34553055+	18	53	0	107,115,132,135,40,56,57,59,88,94	102,119,122,27,43,44,46,75,81,94	1	2,3,4,5,6,7,8,9,10,11	96	96	615	18|8|1|3|2|1|6|3|5|1|2|3
GA	Mondom	LTR	ERV1	MdoERV2-LTR	chr3:52920238-52921182+	chr5:197183161-197184095+	26	46	0	356,362,366,376,399,429,434,454,456,464	357,363,367,376,399,429,434,454,456,464	2	10,11,12,13,14,16,17,18,19,20	79	108	938	26|5|2|2|2|0|3|2|1|1|1|1
GA	Mondom	LTR	ERV1	Mdo1LTR1k	chr4:421455429-421456280+	chr7:37398960-37399812-	18	51	0	470,471,472,485,487,593,602,622,628,629	474,475,476,489,491,613,622,644,650,651	2	7,8,9,10,11,13,14,15,16,17	57	178	801	18|5|1|2|2|3|6|9|1|3|0|1
GA	Mondom	LTR	ERV1	LTR25_MD	chr7:73681163-73682379-	chr2:156235159-156236342-	21	51	0	212,218,227,228,229,238,249,388,393,401,403,414	214,220,229,230,231,240,251,405,410,418,420,431	2	4,5,6,7,8,9,10,17,18,19,20,21	65	218	433	21|2|0|1|3|4|10|5|0|1|1|3
GA	Mondom	LTR	ERV1	MdoLTR3	chr3:501081887-501082666-	chr7:94361796-94362579-	25	68	0	100,104,114,139,140,163,169,187,86,89,95	100,104,114,139,140,163,169,187,86,89,95	2	4,5,6,7,8,9,11,12,13,14,15	78	102	751	25|7|0|5|2|3|9|11|0|2|3|1
GA	Mondom	LTR	ERV1	Mdo3LTR1a	chr8:227342419-227343136-	chr7:142950811-142951657-	13	37	0	257,263,282,301,303,356,360,363,366,369,378	317,323,342,361,363,414,418,421,424,427,436	2	2,3,4,5,6,8,9,10,11,12,13	70	120	296	13|3|2|1|1|5|4|5|0|1|1|1
GA	Mondom	LTR	ERV1	Mdo1LTR1k	chr2:59315257-59316124+	chr2:86560344-86561225-	18	52	0	219,240,242,257,315,404,428,438,443,450	220,241,243,258,296,386,410,420,425,432	2	6,7,8,9,10,11,12,13,14,15	214	213	780	18|6|1|5|3|2|8|5|1|1|1|1
GA	Mondom	LTR	ERV1	MdoERV2-LTR	chr3:118631211-118631895-	chr4:40741731-40742408+	19	49	0	219,220,237,243,248,249,253,265,275,279	218,219,236,242,247,248,252,264,274,278	1	2,3,4,5,6,7,8,9,10,11	61	61	680	19|6|1|2|2|2|6|4|0|2|3|2
GA	Mondom	LTR	ERV1	MdoERV2-LTR	chr3:118631211-118631895-	chr6:105633627-105634315-	19	54	0	196,219,220,233,243,248,249,253,275,279	196,219,220,233,243,248,249,253,275,279	1	3,4,5,6,7,8,9,10,11,12	84	84	686	19|9|1|1|4|3|7|1|1|4|2|2
GA	Mondom	LTR	ERV1	MdoERV2-LTR	chr3:118631211-118631895-	chr2:264739184-264739868-	18	49	0	196,219,220,234,238,243,248,249,253,275,279	196,219,220,234,238,243,248,249,253,275,279	1	2,3,4,5,6,7,8,9,10,11,12	84	84	679	18|6|4|0|3|3|6|4|1|1|2|1
GA	Mondom	LTR	ERV1	MdoERV2-LTR	chr3:118631211-118631895-	chr7:28640198-28640904-	18	50	0	219,220,237,243,248,249,250,253,275,279	243,244,261,267,272,273,274,277,299,303	1	4,5,6,7,8,9,10,11,12,13	61	61	678	18|8|2|1|3|1|4|7|1|2|1|2
GA	Mondom	LTR	ERV1	Mdo1LTR1k	chr2:300929041-300929871-	chr2:323053345-323054271-	14	32	0	383,403,434,435,439,447,449,453,454,487	384,404,435,436,446,456,458,462,463,493	2	5,6,7,8,9,10,11,12,13,14	111	110	509	14|3|0|2|1|2|3|5|1|0|1|0
GA	Mondom	LTR	ERV1	Mdo1LTR3x	chr1:201405683-201406413+	chr1:360790615-360791329-	20	58	0	227,228,241,249,261,349,357,373,382,395,398,401	228,229,242,250,262,350,358,374,383,396,399,402	2	2,3,4,5,6,9,10,11,12,13,14,15	88	175	720	20|6|0|2|3|2|6|10|1|2|5|1
GA	Mondom	LTR	ERV1	Mdo1LTR2a	chr4:84949950-84950945-	chr2:285500000-285500674-	14	37	0	149,150,155,179,295,405,419,434,438,480	147,148,153,177,293,402,414,428,432,474	2	4,5,6,7,8,9,10,11,12,13	329	328	669	14|1|4|0|4|0|8|3|2|0|1|0
GA	Mondom	LTR	ERV1	MdoERV2-LTR	chr3:161907667-161908431+	chr4:240471723-240472670+	15	28	0	150,156,159,175,217,23,338,345,355,375,379	150,156,159,175,217,23,338,345,355,375,379	2	1,2,3,4,5,6,8,9,10,11,12	237	357	764	15|2|1|1|0|0|1|4|0|2|0|2
GA	Mondom	LTR	ERV1	MdoERV2-LTR	chr3:161907667-161908431+	chr6:240985564-240986514+	14	34	0	150,156,159,23,330,338,345,375,379,67	150,156,159,23,330,338,345,375,379,67	2	1,2,3,4,5,7,8,9,10,11	187	357	764	14|3|4|2|1|1|1|4|1|2|0|1
GA	Mondom	LTR	ERV1	MdoERV2-LTR	chr3:161907667-161908431+	chr1:287273488-287274425-	15	28	0	150,156,159,217,23,338,345,375,379,409	150,156,159,217,23,338,345,375,379,409	2	1,2,3,4,5,7,8,9,10,11	267	387	761	15|2|2|1|2|1|0|4|0|0|0|1
GA	Mondom	LTR	ERV1	MdoERV2-LTR	chr3:161907667-161908431+	chr6:88054407-88055373-	15	43	0	150,156,159,217,235,286,338,345,370,375,379	158,164,167,225,243,294,346,353,378,383,387	2	3,4,5,6,7,8,10,11,12,13,14	179	230	767	15|6|2|3|1|1|2|6|2|3|0|2
GA	Mondom	LTR	ERV1	MdoERV2-LTR	chr3:161907667-161908431+	chr4:38809717-38810705+	13	33	0	150,156,159,175,217,338,345,351,375,379	196,202,205,221,263,384,391,397,421,425	2	2,3,4,5,6,7,8,9,10,11	231	230	706	13|3|2|4|2|0|0|5|0|1|1|2
GA	Mondom	LTR	ERV1	MdoERV2-LTR	chr3:161907667-161908431+	chr1:38491425-38492418+	15	36	0	150,156,159,217,235,338,345,363,375,379,431	200,206,209,267,285,388,395,413,425,429,481	2	2,3,4,5,6,8,9,10,11,12,13	180	282	708	15|4|2|3|1|0|0|7|2|0|1|1
GA	Mondom	LTR	ERV1	MdoERV3-LTR	chr1:193784123-193784654-	chr2:240303049-240303598+	16	30	0	100,101,11,122,123,39,40,41,60,75,94,96,97	100,101,11,122,123,39,40,41,60,75,94,96,97	1	1,2,3,4,5,6,7,8,9,10,11,12,13	113	113	532	16|1|0|0|0|2|4|3|1|2|1|0
GA	Mondom	LTR	ERV1	MdoERV3-LTR	chr1:193784123-193784654-	chr2:240293357-240293902+	17	31	0	100,101,11,122,123,39,40,41,60,75,94,96,97	100,101,11,122,123,39,40,41,60,75,94,96,97	1	1,2,3,4,5,6,7,8,9,10,11,12,13	113	113	532	17|1|0|0|0|2|4|3|1|2|1|0
GA	Mondom	LTR	ERV1	MdoERV3-LTR	chr1:193784123-193784654-	chr1:359456877-359457428-	17	30	0	100,101,11,122,123,128,132,39,40,41,60,75,94,96,97	100,101,11,122,123,128,132,39,40,41,60,75,94,96,97	2	1,2,3,4,5,6,7,8,9,10,11,12,13,14,15	123	122	533	17|2|1|0|0|3|3|1|1|0|1|1
GA	Mondom	LTR	ERV1	MdoERV3-LTR	chr1:193784123-193784654-	chr7:146551414-146551961+	16	33	0	100,101,122,123,39,40,41,60,75,94,96,97	101,102,123,124,40,41,42,61,76,95,97,98	1	2,3,4,5,6,7,8,9,10,11,12,13	85	85	533	16|3|1|0|0|2|4|4|0|2|1|0
GA	Mondom	LTR	ERV1	MdoERV3-LTR	chr1:193784123-193784654-	chr8:98314406-98314952+	17	32	0	100,101,122,123,128,132,39,40,41,60,75,94,96,97	100,101,122,123,128,132,39,40,41,60,75,94,96,97	1	2,3,4,5,6,7,8,9,10,11,12,13,14,15	94	94	530	17|2|1|0|0|2|5|1|1|2|1|0
GA	Mondom	LTR	ERV1	MdoERV3-LTR	chr1:193784123-193784654-	chr1:414023380-414023926-	16	30	0	100,101,11,122,123,128,132,39,40,41,60,75,94,96,97	100,101,11,122,123,128,132,39,40,41,60,75,94,96,97	2	1,2,3,4,5,6,7,8,9,10,11,12,13,14,15	123	122	530	16|1|2|0|2|2|4|1|0|1|1|0
GA	Mondom	LTR	ERV1	MdoERV3-LTR	chr1:193784123-193784654-	chr2:256309017-256309562-	16	33	0	100,101,122,123,128,132,39,40,41,60,75,94,96,97	100,101,122,123,128,132,39,40,41,60,75,94,96,97	1	2,3,4,5,6,7,8,9,10,11,12,13,14,15	94	94	532	16|2|1|0|1|2|2|3|0|2|2|2
GA	Mondom	LTR	ERV1	MdoERV3-LTR	chr1:193784123-193784654-	chr2:170287512-170288059-	17	33	0	100,101,11,122,123,39,40,41,60,75,94,96,97	100,101,11,122,123,39,40,41,60,75,94,96,97	2	1,2,3,4,5,6,7,8,9,10,11,12,13	114	113	532	17|2|0|0|1|2|5|3|1|2|0|0
GA	Mondom	LTR	ERV1	MdoERV3-LTR	chr1:193784123-193784654-	chr2:10949236-10949781-	17	33	0	100,101,11,39,40,41,60,70,75,94,96,97	100,101,11,39,40,41,60,70,75,94,96,97	1	1,2,3,4,5,6,7,8,9,10,11,12	91	91	532	17|4|1|2|0|2|2|2|0|1|1|1
GA	Mondom	LTR	ERV1	MdoERV3-LTR	chr1:193784123-193784654-	chr1:279503266-279503816+	18	33	0	100,101,11,122,123,128,132,39,40,41,60,75,94,96,97	100,101,11,122,123,128,132,39,40,41,60,75,94,96,97	1	1,2,3,4,5,6,7,8,9,10,11,12,13,14,15	122	122	532	18|2|0|0|0|2|6|2|2|1|0|0
GA	Mondom	LTR	ERV1	MdoERV3-LTR	chr1:193784123-193784654-	chr4:288174843-288175388+	16	32	0	100,101,122,123,39,40,41,60,75,94,96,97	100,121,122,38,39,40,59,74,93,95,96,99	1	1,2,3,4,5,6,7,8,9,10,11,12	85	85	532	16|1|1|0|2|2|4|3|1|1|1|0
GA	Mondom	LTR	ERV1	MdoERV3-LTR	chr1:193784123-193784654-	chr8:100736412-100736957-	16	34	0	100,101,122,123,39,40,41,60,75,94,96,97	100,101,122,123,39,40,41,60,75,94,96,97	1	2,3,4,5,6,7,8,9,10,11,12,13	85	85	532	16|4|1|0|0|2|3|3|1|2|2|0
GA	Mondom	LTR	ERV1	MdoERV3-LTR	chr1:193784123-193784654-	chr1:468461371-468461917+	18	32	0	100,101,11,122,123,39,40,41,60,75,94,96,97	100,101,11,122,123,39,40,41,60,75,94,96,97	2	1,2,3,4,5,6,7,8,9,10,11,12,13	114	113	524	18|3|0|0|0|2|2|3|0|3|1|0
GA	Mondom	LTR	ERV1	MdoERV3-LTR	chr1:193784123-193784654-	chr1:414030338-414030885-	16	33	0	100,101,11,122,123,128,132,39,40,41,60,75,94,96,97	100,101,11,122,123,128,132,39,40,41,60,75,94,96,97	1	1,2,3,4,5,6,7,8,9,10,11,12,13,14,15	122	122	533	16|3|2|0|1|2|5|1|1|1|1|0
GA	Mondom	LTR	ERV1	MdoERV3-LTR	chr1:193784123-193784654-	chr2:470237757-470238306-	20	35	0	100,101,11,122,123,39,40,41,60,75,94,96,97	100,101,11,122,123,39,40,41,60,75,94,96,97	1	1,2,3,4,5,6,7,8,9,10,11,12,13	113	113	532	20|2|0|0|0|2|6|3|1|1|0|0
GA	Mondom	LTR	ERV1	MdoERV3-LTR	chr1:193784123-193784654-	chr1:727225193-727225741-	16	34	0	100,101,11,122,123,39,40,41,60,75,94,96,97	100,101,11,122,123,39,40,41,60,75,94,96,97	2	1,2,3,4,5,6,7,8,9,10,11,12,13	114	113	532	16|4|1|0|2|2|4|2|1|1|1|0
GA	Mondom	LTR	ERV1	MdoERV3-LTR	chr1:193784123-193784654-	chr4:249895992-249896550+	17	36	0	100,101,11,122,123,39,40,41,60,75,94,96,97	100,101,11,122,123,39,40,41,60,75,94,96,97	1	1,2,3,4,5,6,7,8,9,10,11,12,13	113	113	532	17|5|1|1|0|2|4|3|1|1|1|0
GA	Mondom	LTR	ERV1	MdoERV3-LTR	chr1:193784123-193784654-	chr8:197656540-197657115-	17	34	0	100,101,122,123,128,132,39,40,41,60,75,94,96,97	101,102,123,124,129,133,40,41,42,61,76,95,97,98	2	2,3,4,5,6,7,8,9,10,11,12,13,14,15	95	94	529	17|2|0|0|1|2|6|2|1|2|1|0
GA	Mondom	LTR	ERV1	MdoERV3-LTR	chr1:193784123-193784654-	chr2:419658747-419659285+	17	35	0	100,101,11,122,123,128,132,39,40,41,60,75,94,96,97	100,101,11,122,123,128,132,39,40,41,60,75,94,96,97	2	1,2,3,4,5,6,7,8,9,10,11,12,13,14,15	123	122	528	17|2|0|1|0|2|6|3|1|1|1|1
GA	Mondom	LTR	ERV1	MdoERV3-LTR	chr1:193784123-193784654-	chr2:161625642-161626188+	17	30	0	100,101,11,39,40,41,60,75,94,96,97	100,101,11,39,40,41,60,75,94,96,97	1	1,2,3,4,5,6,7,8,9,10,11	91	91	510	17|2|1|0|0|2|3|3|0|1|1|0
GA	Mondom	LTR	ERV1	MdoERV3-LTR	chr1:193784123-193784654-	chr1:661740005-661740560-	16	31	0	100,101,11,122,123,39,40,41,60,75,94,96,97	100,101,11,122,123,39,40,41,60,75,94,96,97	1	1,2,3,4,5,6,7,8,9,10,11,12,13	113	113	531	16|2|0|0|0|2|5|2|2|1|0|1
GA	Mondom	LTR	ERV1	MdoERV3-LTR	chr1:193784123-193784654-	chr2:494832266-494832813+	20	34	0	100,101,11,114,122,123,15,39,40,41,60,75,94,96,97	100,101,11,114,122,123,15,39,40,41,60,75,94,96,97	1	1,2,3,4,5,6,7,8,9,10,11,12,13,14,15	113	113	515	20|2|0|0|0|2|3|3|1|2|1|0
GA	Mondom	LTR	ERV1	MdoERV3-LTR	chr1:193784123-193784654-	chr1:730385839-730386427-	16	31	0	100,101,122,123,39,40,41,60,75,94,96,97	100,101,122,123,39,40,41,60,75,94,96,97	1	2,3,4,5,6,7,8,9,10,11,12,13	85	85	518	16|3|0|0|1|1|2|2|1|3|2|0
GA	Mondom	LTR	ERV1	MdoERV3-LTR	chr1:193784123-193784654-	chr1:415675120-415675709-	18	32	0	100,101,122,123,128,132,39,40,41,60,75,94,96,97	100,101,122,123,128,132,39,40,41,60,75,94,96,97	1	2,3,4,5,6,7,8,9,10,11,12,13,14,15	94	94	518	18|1|0|0|1|2|2|2|1|2|2|1
GA	Mondom	LTR	ERV1	MdoERV3-LTR	chr1:193784123-193784654-	chr1:359465549-359466095-	16	32	0	100,101,11,122,123,128,132,152,39,40,41,60,75,94,96,97	100,101,11,122,123,128,132,152,39,40,41,60,75,94,96,97	2	1,2,3,4,5,6,7,8,9,10,11,12,13,14,15,16	143	142	531	16|3|0|1|0|4|4|2|1|0|1|0
GA	Mondom	LTR	ERV1	MdoERV3-LTR	chr1:193784123-193784654-	chr4:63921806-63922353+	18	36	0	100,101,11,122,123,39,40,41,60,64,75,94,96,97	101,102,11,123,124,40,41,42,61,65,76,95,97,98	1	1,2,3,4,5,6,7,8,9,10,11,12,13,14	114	114	533	18|3|1|1|0|2|4|3|2|1|1|0
GA	Mondom	LTR	ERV1	MdoERV3-LTR	chr1:193784123-193784654-	chr8:144841069-144841589+	18	33	0	100,101,11,122,123,39,40,41,60,75,91,94,96,97	100,101,11,122,123,39,40,41,60,75,91,94,96,97	1	1,2,3,4,5,6,7,8,9,10,11,12,13,14	113	113	518	18|4|0|0|0|2|4|3|0|1|1|0
GA	Mondom	LTR	ERV1	MdoERV3-LTR	chr1:193784123-193784654-	chr8:130814257-130814802-	18	35	0	100,101,122,123,39,40,41,60,75,94,96,97	100,101,122,123,39,40,41,60,75,94,96,97	1	2,3,4,5,6,7,8,9,10,11,12,13	85	85	530	18|3|2|0|0|2|2|3|1|2|2|0
GA	Mondom	LTR	ERV1	MdoERV3-LTR	chr1:193784123-193784654-	chr1:629420116-629420704+	16	33	0	100,101,122,123,39,40,41,60,75,94,96,97	100,101,122,123,39,40,41,60,75,94,96,97	1	2,3,4,5,6,7,8,9,10,11,12,13	85	85	518	16|3|0|0|1|2|3|3|2|1|2|0
GA	Mondom	LTR	ERV1	MdoERV3-LTR	chr1:193784123-193784654-	chr7:53246076-53246621-	16	36	0	100,101,11,39,40,41,60,75,94,96,97	100,101,11,39,40,41,60,75,94,96,97	2	1,2,3,4,5,6,7,8,9,10,11	92	91	532	16|2|1|1|0|2|4|3|3|2|2|0
GA	Mondom	LTR	ERV1	MdoERV3-LTR	chr1:193784123-193784654-	chr1:467939012-467939558+	19	39	0	100,101,113,122,123,128,132,181,39,40,41,60,75,94,96,97	100,101,113,122,123,128,132,181,39,40,41,60,75,94,96,97	2	2,3,4,5,6,7,8,9,10,11,12,13,14,15,16,17	144	143	532	19|2|0|0|0|2|5|4|2|2|2|1
GA	Mondom	LTR	ERV1	MdoERV3-LTR	chr1:193784123-193784654-	chr2:232422401-232422989+	16	34	0	100,101,122,123,39,40,41,60,75,94,96,97	100,101,122,123,39,40,41,60,75,94,96,97	1	2,3,4,5,6,7,8,9,10,11,12,13	85	85	518	16|2|0|0|1|2|3|4|2|2|2|0
GA	Mondom	LTR	ERV1	MdoERV3-LTR	chr1:193784123-193784654-	chr7:98139101-98139648-	16	37	0	100,101,11,122,123,128,132,39,40,41,60,75,94,96,97	100,101,11,122,123,128,132,39,40,41,60,75,94,96,97	2	1,2,3,4,5,6,7,8,9,10,11,12,13,14,15	123	122	530	16|2|0|1|1|2|6|4|2|1|1|1
GA	Mondom	LTR	ERV1	MdoERV3-LTR	chr1:193784123-193784654-	chr8:143337238-143337826+	18	34	0	100,101,122,123,39,40,41,60,75,94,96,97	100,101,122,123,39,40,41,60,75,94,96,97	1	2,3,4,5,6,7,8,9,10,11,12,13	85	85	518	18|2|0|0|1|2|3|3|1|2|2|0
GA	Mondom	LTR	ERV1	MdoERV3-LTR	chr1:193784123-193784654-	chr1:294613834-294614385+	18	36	0	100,101,11,122,123,39,40,41,60,75,94,96,97	100,101,11,122,123,39,40,41,60,75,94,96,97	1	1,2,3,4,5,6,7,8,9,10,11,12,13	113	113	530	18|4|2|1|0|2|3|3|1|1|1|0
GA	Mondom	LTR	ERV1	MdoERV3-LTR	chr1:193784123-193784654-	chr2:483606655-483607201-	16	38	0	100,101,122,123,39,40,41,60,75,94,96,97	100,101,122,123,39,40,41,60,75,94,96,97	1	2,3,4,5,6,7,8,9,10,11,12,13	85	85	532	16|3|1|1|1|2|4|3|2|2|2|1
GA	Mondom	LTR	ERV1	MdoERV3-LTR	chr1:193784123-193784654-	chr2:155152264-155152812-	20	33	0	100,101,11,117,122,123,39,40,41,60,75,94,96,97	100,101,11,117,122,123,39,40,41,60,75,94,96,97	1	1,2,3,4,5,6,7,8,9,10,11,12,13,14	113	113	517	20|0|1|1|0|2|4|3|0|1|1|0
GA	Mondom	LTR	ERV1	MdoERV3-LTR	chr1:193784123-193784654-	chr4:134996878-134997465+	16	34	0	100,101,122,123,39,40,41,60,75,94,96,97	100,101,122,123,39,40,41,60,75,94,96,97	1	2,3,4,5,6,7,8,9,10,11,12,13	85	85	517	16|2|0|0|1|3|3|3|2|2|2|0
GA	Mondom	LTR	ERV1	MdoERV3-LTR	chr1:193784123-193784654-	chr8:171813284-171813872+	16	33	0	100,101,39,40,41,60,75,94,96,97	100,101,39,40,41,60,75,94,96,97	1	2,3,4,5,6,7,8,9,10,11	63	63	517	16|3|0|0|1|1|3|3|3|1|2|0
GA	Mondom	LTR	ERV1	MdoERV3-LTR	chr1:193784123-193784654-	chr1:576761201-576761787+	17	32	0	100,101,122,123,39,40,41,60,64,75,94,96,97	100,101,122,123,39,40,41,60,64,75,94,96,97	1	2,3,4,5,6,7,8,9,10,11,12,13,14	85	85	517	17|1|0|0|1|2|3|4|0|2|2|0
GA	Mondom	LTR	ERV1	MdoERV3-LTR	chr1:193784123-193784654-	chr1:439107622-439108173-	19	35	0	100,101,122,123,128,132,39,40,41,60,75,82,94,96,97	101,102,123,124,129,133,40,41,42,61,76,83,95,97,98	1	2,3,4,5,6,7,8,9,10,11,12,13,14,15,16	94	94	529	19|1|0|0|0|2|6|2|3|1|1|0
GA	Mondom	LTR	ERV1	MdoERV3-LTR	chr1:193784123-193784654-	chr1:425290551-425291071-	17	34	0	100,101,11,122,123,128,132,39,40,41,60,75,94,96,97	100,101,11,122,123,128,132,39,40,41,60,75,94,96,97	1	1,2,3,4,5,6,7,8,9,10,11,12,13,14,15	122	122	517	17|5|1|0|0|2|2|3|1|1|1|1
GA	Mondom	LTR	ERV1	MdoERV3-LTR	chr1:193784123-193784654-	chr1:404605727-404606247+	16	32	0	100,101,122,123,39,40,41,60,75,94,96,97	100,101,122,123,39,40,41,60,75,94,96,97	1	2,3,4,5,6,7,8,9,10,11,12,13	85	85	517	16|0|0|1|1|2|3|4|1|2|2|0
GA	Mondom	LTR	ERV1	MdoERV3-LTR	chr1:193784123-193784654-	chr1:281849889-281850428-	17	38	0	100,101,122,123,39,40,41,60,75,94,96,97	100,101,122,123,39,40,41,60,75,94,96,97	1	2,3,4,5,6,7,8,9,10,11,12,13	85	85	526	17|7|1|0|0|4|3|2|1|1|2|0
GA	Mondom	LTR	ERV1	MdoERV3-LTR	chr1:193784123-193784654-	chr4:424181844-424182363+	19	33	0	100,101,11,122,123,39,40,41,60,75,94,96,97	100,101,11,122,123,39,40,41,60,75,94,96,97	1	1,2,3,4,5,6,7,8,9,10,11,12,13	113	113	516	19|1|0|0|0|2|3|3|0|2|3|0
GA	Mondom	LTR	ERV1	MdoERV3-LTR	chr1:193784123-193784654-	chr2:343109915-343110462-	17	38	0	100,101,11,39,40,41,60,64,75,94,96,97	101,102,11,40,41,42,61,65,76,95,97,98	1	1,2,3,4,5,6,7,8,9,10,11,12	92	92	533	17|5|0|0|2|2|4|3|2|2|1|0
GA	Mondom	LTR	ERV1	MdoERV3-LTR	chr1:193784123-193784654-	chr2:262133454-262134000-	17	38	0	100,101,11,122,123,128,132,39,40,41,60,75,94,96,97	100,101,11,122,123,128,132,39,40,41,60,75,94,96,97	1	1,2,3,4,5,6,7,8,9,10,11,12,13,14,15	122	122	530	17|1|0|0|0|2|6|4|4|1|1|2
GA	Mondom	LTR	ERV1	MdoERV3-LTR	chr1:193784123-193784654-	chr2:257712961-257713517+	17	37	0	100,101,122,123,39,40,41,60,75,94,96,97	100,101,122,123,39,40,41,60,75,94,96,97	1	2,3,4,5,6,7,8,9,10,11,12,13	85	85	533	17|2|0|0|0|2|5|4|3|3|1|0
GA	Mondom	LTR	ERV1	MdoERV3-LTR	chr1:193784123-193784654-	chr2:103993037-103993625-	16	35	0	100,101,122,123,39,40,41,60,75,94,96,97	100,101,122,123,39,40,41,60,75,94,96,97	1	2,3,4,5,6,7,8,9,10,11,12,13	85	85	518	16|3|0|0|2|2|4|3|1|2|2|0
GA	Mondom	LTR	ERV1	MdoERV3-LTR	chr1:193784123-193784654-	chr1:699743727-699744314-	17	35	0	100,101,122,123,39,40,41,60,75,94,96,97	100,101,122,123,39,40,41,60,75,94,96,97	1	2,3,4,5,6,7,8,9,10,11,12,13	85	85	518	17|4|0|1|1|2|4|3|1|1|1|0
GA	Mondom	LTR	ERV1	MdoERV3-LTR	chr1:193784123-193784654-	chr1:467930204-467930751+	20	40	0	100,101,122,123,128,132,181,39,40,41,60,64,75,94,96,97	100,101,122,123,128,132,181,39,40,41,60,64,75,94,96,97	2	2,3,4,5,6,7,8,9,10,11,12,13,14,15,16,17	144	143	530	20|2|0|0|0|2|5|4|2|2|2|1
GA	Mondom	LTR	ERV1	MdoERV3-LTR	chr1:193784123-193784654-	chr1:441463635-441464223+	18	35	0	100,101,122,123,39,40,41,60,64,75,94,96,97	100,101,122,123,39,40,41,60,64,75,94,96,97	1	2,3,4,5,6,7,8,9,10,11,12,13,14	85	85	518	18|2|0|0|1|2|3|3|1|3|2|0
GA	Mondom	LTR	ERV1	MdoERV3-LTR	chr1:193784123-193784654-	chr1:323226508-323227097-	16	34	0	100,101,122,123,39,40,41,60,75,94,96,97	101,102,123,124,40,41,42,61,76,95,97,98	1	2,3,4,5,6,7,8,9,10,11,12,13	85	85	518	16|2|0|0|1|3|4|3|2|2|1|0
GA	Mondom	LTR	ERV1	MdoERV3-LTR	chr1:193784123-193784654-	chr2:262841834-262842382+	19	34	0	100,101,122,123,39,40,41,60,75,94,96,97	100,101,122,123,39,40,41,60,75,94,96,97	1	2,3,4,5,6,7,8,9,10,11,12,13	85	85	517	19|2|1|1|0|2|3|3|1|1|1|0
GA	Mondom	LTR	ERV1	MdoERV3-LTR	chr1:193784123-193784654-	chr2:121426831-121427376+	18	35	0	100,101,11,122,123,40,41,60,75,94,96,97	100,101,11,122,123,40,41,60,75,94,96,97	1	1,2,3,4,5,6,7,8,9,10,11,12	113	113	517	18|0|2|2|1|2|4|3|1|1|1|0
GA	Mondom	LTR	ERV1	MdoERV3-LTR	chr1:193784123-193784654-	chr7:206056529-206057068-	19	37	0	100,101,11,122,123,39,40,41,60,75,94,96,97	100,101,11,122,123,39,40,41,60,75,94,96,97	1	1,2,3,4,5,6,7,8,9,10,11,12,13	113	113	529	19|5|1|0|0|2|4|3|1|1|1|0
GA	Mondom	LTR	ERV1	MdoERV3-LTR	chr1:193784123-193784654-	chr4:348530959-348531478-	17	34	0	100,101,11,122,123,128,132,39,40,41,60,75,94,96,97	100,101,11,122,123,128,132,39,40,41,60,75,94,96,97	1	1,2,3,4,5,6,7,8,9,10,11,12,13,14,15	122	122	517	17|3|2|0|0|1|3|3|1|1|1|2
GA	Mondom	LTR	ERV1	MdoERV3-LTR	chr1:193784123-193784654-	chr4:339365119-339365658+	18	37	0	100,101,11,122,123,39,40,41,60,75,94,96,97	100,101,11,122,123,39,40,41,60,75,94,96,97	1	1,2,3,4,5,6,7,8,9,10,11,12,13	113	113	529	18|4|1|0|0|2|4|3|3|1|1|0
GA	Mondom	LTR	ERV1	MdoERV3-LTR	chr1:193784123-193784654-	chr4:216551820-216552370-	17	36	0	100,101,104,122,123,128,132,39,40,41,60,75,94,96,97	100,101,104,122,123,128,132,39,40,41,60,75,94,96,97	1	2,3,4,5,6,7,8,9,10,11,12,13,14,15,16	94	94	532	17|4|0|1|0|2|3|2|2|3|2|0
GA	Mondom	LTR	ERV1	MdoERV3-LTR	chr1:193784123-193784654-	chr4:23238140-23238698+	17	38	0	100,101,122,123,40,41,60,64,75,94,96,97	100,121,122,39,40,59,63,74,93,95,96,99	1	2,3,4,5,6,7,8,9,10,11,12,13	84	84	532	17|2|0|0|0|2|5|5|4|1|2|0
GA	Mondom	LTR	ERV1	MdoERV3-LTR	chr1:193784123-193784654-	chr1:746227217-746227804-	17	34	0	100,101,122,123,39,40,41,60,75,94,96,97	100,101,122,123,39,40,41,60,75,94,96,97	1	2,3,4,5,6,7,8,9,10,11,12,13	85	85	517	17|3|0|0|1|2|3|3|1|2|2|0
GA	Mondom	LTR	ERV1	MdoERV3-LTR	chr1:193784123-193784654-	chr1:585815120-585815666+	18	41	0	100,101,122,123,39,40,41,60,75,94,96,97	100,101,122,123,39,40,41,60,75,94,96,97	1	2,3,4,5,6,7,8,9,10,11,12,13	85	85	532	18|2|0|0|1|2|6|4|2|2|3|1
GA	Mondom	LTR	ERV1	MdoERV3-LTR	chr1:193784123-193784654-	chr1:573170299-573170819+	17	35	0	100,101,11,122,123,39,40,41,60,75,94,96,97	100,101,11,122,123,39,40,41,60,75,94,96,97	2	1,2,3,4,5,6,7,8,9,10,11,12,13	114	113	517	17|3|2|1|0|2|4|3|1|1|1|0
GA	Mondom	LTR	ERV1	MdoERV3-LTR	chr1:193784123-193784654-	chr1:425299193-425299727-	19	35	0	100,101,11,122,123,128,132,39,40,41,60,75,94,96,97	100,101,11,122,123,128,132,39,40,41,60,75,94,96,97	1	1,2,3,4,5,6,7,8,9,10,11,12,13,14,15	122	122	532	19|4|1|0|0|2|2|3|1|1|1|1
GA	Mondom	LTR	ERV1	MdoERV3-LTR	chr1:193784123-193784654-	chr2:121169160-121169713+	19	36	0	100,101,122,123,128,132,39,40,41,60,75,94,96,97	100,101,122,123,128,132,39,40,41,60,75,94,96,97	1	2,3,4,5,6,7,8,9,10,11,12,13,14,15	94	94	507	19|1|0|0|1|2|4|2|4|1|1|1
GA	Mondom	LTR	ERV1	MdoERV3-LTR	chr1:193784123-193784654-	chr4:371158234-371158820+	15	32	0	100,101,122,123,39,40,41,60,75,94,96,97	120,121,37,38,39,58,73,92,94,95,98,99	1	1,2,3,4,5,6,7,8,9,10,11,12	85	85	516	15|3|0|0|1|3|2|3|1|2|2|0
GA	Mondom	LTR	ERV1	MdoERV3-LTR	chr1:193784123-193784654-	chr4:285156471-285157020+	20	37	0	100,101,11,112,122,123,39,40,41,60,75,94,96,97	102,103,11,114,124,125,41,42,43,62,77,96,98,99	1	1,2,3,4,5,6,7,8,9,10,11,12,13,14	115	115	531	20|1|0|0|1|3|4|3|3|1|0|1
GA	Mondom	LTR	ERV1	MdoERV3-LTR	chr1:193784123-193784654-	chr4:99580915-99581503+	17	35	0	100,101,122,123,39,40,41,60,75,94,96,97	100,121,122,38,39,40,59,74,93,95,96,99	1	2,3,4,5,6,7,8,9,10,11,12,13	85	85	516	17|1|0|0|1|3|3|4|2|2|2|0
GA	Mondom	LTR	ERV1	MdoERV3-LTR	chr1:193784123-193784654-	chr1:216907787-216908335-	19	39	0	100,101,11,122,123,128,132,170,39,40,41,60,75,94,96,97	100,101,11,122,123,128,132,170,39,40,41,60,75,94,96,97	3	1,2,3,4,5,6,7,8,9,10,11,12,13,14,15,16	162	160	531	19|4|0|0|0|4|6|2|2|2|0|0
GA	Mondom	LTR	ERV1	MdoERV3-LTR	chr1:193784123-193784654-	chr1:212514302-212514887+	17	32	0	100,101,122,123,39,40,41,60,75,94,96,97	100,101,122,123,39,40,41,60,75,94,96,97	1	2,3,4,5,6,7,8,9,10,11,12,13	85	85	516	17|2|0|0|1|1|4|3|0|1|3|0
GA	Mondom	LTR	ERV1	MdoERV3-LTR	chr1:193784123-193784654-	chr2:330783863-330784450-	16	34	0	100,101,39,40,41,60,75,94,96,97	100,101,39,40,41,60,75,94,96,97	1	2,3,4,5,6,7,8,9,10,11	63	63	518	16|2|0|0|2|2|3|3|1|2|2|1
GA	Mondom	LTR	ERV1	MdoERV3-LTR	chr1:193784123-193784654-	chr2:270304653-270305203+	17	39	0	100,101,11,122,123,39,4,40,41,60,75,94,96,97	100,101,11,122,123,39,4,40,41,60,75,94,96,97	2	1,2,3,4,5,6,7,8,9,10,11,12,13,14	121	120	533	17|5|1|1|0|2|5|3|3|1|1|0
GA	Mondom	LTR	ERV1	MdoERV3-LTR	chr1:193784123-193784654-	chr4:408558567-408559083-	19	37	0	100,101,122,123,39,40,41,60,64,75,94,96,97	100,121,122,38,39,40,59,63,74,93,95,96,99	1	1,2,3,4,5,6,7,8,9,10,11,12,13	85	85	515	19|2|1|0|0|2|4|5|1|1|2|0
GA	Mondom	LTR	ERV1	MdoERV3-LTR	chr1:193784123-193784654-	chr8:286730805-286731349-	17	34	0	100,101,122,123,39,40,41,60,75,94,96,97	100,101,122,123,39,40,41,60,75,94,96,97	1	2,3,4,5,6,7,8,9,10,11,12,13	85	85	518	17|4|0|0|1|2|3|3|1|2|1|0
GA	Mondom	LTR	ERV1	MdoERV3-LTR	chr1:193784123-193784654-	chr8:203965778-203966327-	16	35	0	100,101,122,123,39,40,41,60,75,94,96,97	100,101,122,123,39,40,41,60,75,94,96,97	1	2,3,4,5,6,7,8,9,10,11,12,13	85	85	515	16|4|1|0|1|2|4|3|1|1|2|0
GA	Mondom	LTR	ERV1	MdoERV3-LTR	chr1:193784123-193784654-	chr1:611130722-611131311+	18	36	0	100,101,122,123,39,40,41,60,75,94,96,97	100,101,122,123,39,40,41,60,75,94,96,97	1	2,3,4,5,6,7,8,9,10,11,12,13	85	85	518	18|4|0|0|1|2|2|4|1|2|2|0
GA	Mondom	LTR	ERV1	MdoERV3-LTR	chr1:193784123-193784654-	chr1:267891251-267891801-	19	39	0	100,101,11,122,123,39,40,41,60,64,75,94,96,97	100,101,11,122,123,39,40,41,60,64,75,94,96,97	1	1,2,3,4,5,6,7,8,9,10,11,12,13,14	113	113	533	19|4|1|1|0|2|4|4|1|2|1|0
GA	Mondom	LTR	ERV1	MdoERV3-LTR	chr1:193784123-193784654-	chr2:466810373-466810928+	18	39	0	100,101,122,123,39,40,41,60,75,94,96,97	100,101,122,123,39,40,41,60,75,94,96,97	1	3,4,5,6,7,8,9,10,11,12,13,14	85	85	529	18|4|1|1|0|2|4|3|2|2|2|0
GA	Mondom	LTR	ERV1	MdoERV3-LTR	chr1:193784123-193784654-	chr2:189766517-189767104+	17	35	0	100,101,122,123,39,40,41,60,75,94,96,97	100,101,122,123,39,40,41,60,75,94,96,97	1	2,3,4,5,6,7,8,9,10,11,12,13	85	85	517	17|0|1|1|1|2|4|3|1|3|2|0
GA	Mondom	LTR	ERV1	MdoERV3-LTR	chr1:193784123-193784654-	chr4:257467295-257467841-	16	40	0	100,101,39,40,41,60,75,94,96,97	100,101,39,40,41,60,75,94,96,97	1	2,3,4,5,6,7,8,9,10,11	63	63	532	16|6|1|0|1|3|5|3|2|1|2|0
GA	Mondom	LTR	ERV1	MdoERV3-LTR	chr1:193784123-193784654-	chr8:95462070-95462650+	16	32	0	100,101,122,123,39,40,41,60,75,94,96,97	114,115,31,32,33,52,67,86,88,89,92,93	1	2,3,4,5,6,7,8,9,10,11,12,13	85	85	502	16|3|0|0|0|2|4|3|1|2|1|0
GA	Mondom	LTR	ERV1	MdoERV3-LTR	chr1:193784123-193784654-	chr1:746083883-746084431-	18	41	0	100,101,122,123,128,132,39,40,41,60,75,94,96,97	100,101,122,123,128,132,39,40,41,60,75,94,96,97	1	2,3,4,5,6,7,8,9,10,11,12,13,14,15	94	94	532	18|1|0|1|3|3|4|3|2|2|2|2
GA	Mondom	LTR	ERV1	MdoERV3-LTR	chr1:193784123-193784654-	chr1:639224340-639224892-	20	40	0	100,101,122,123,128,132,39,40,41,60,64,75,94,96,97	100,101,122,123,128,132,39,40,41,60,64,75,94,96,97	1	2,3,4,5,6,7,8,9,10,11,12,13,14,15,16	94	94	532	20|1|0|0|2|3|5|3|2|1|2|1
GA	Mondom	LTR	ERV1	MdoERV3-LTR	chr1:193784123-193784654-	chr1:279494258-279494779+	17	35	0	100,101,11,122,123,128,132,39,40,41,60,75,94,96,97	100,101,11,122,123,128,132,39,40,41,60,75,94,96,97	2	1,2,3,4,5,6,7,8,9,10,11,12,13,14,15	123	122	517	17|4|0|1|0|3|3|3|1|2|1|0
GA	Mondom	LTR	ERV1	MdoERV3-LTR	chr1:193784123-193784654-	chr1:223208471-223209059-	15	36	0	100,101,122,123,39,40,41,60,75,94,96,97	101,102,123,124,40,41,42,61,76,95,97,98	2	2,3,4,5,6,7,8,9,10,11,12,13	86	85	520	15|4|0|0|2|2|3|4|0|4|2|0
GA	Mondom	LTR	ERV1	MdoERV3-LTR	chr1:193784123-193784654-	chr2:499448629-499449139-	18	33	0	100,101,39,40,41,60,75,94,96,97	100,101,39,40,41,60,75,94,96,97	1	2,3,4,5,6,7,8,9,10,11	63	63	513	18|1|1|0|0|2|4|3|0|2|2|0
GA	Mondom	LTR	ERV1	MdoERV3-LTR	chr1:193784123-193784654-	chr1:404355832-404356423+	16	35	0	100,101,122,123,39,40,41,60,75,94,96	101,102,123,124,40,41,42,61,76,95,97	1	2,3,4,5,6,7,8,9,10,11,12	85	85	519	16|3|0|0|1|2|3|3|1|4|2|0
GA	Mondom	LTR	ERV1	MdoERV3-LTR	chr1:193784123-193784654-	chr2:364979352-364979899+	17	40	0	100,101,11,122,123,39,40,41,60,75,94,96,97	100,101,11,122,123,39,40,41,60,75,94,96,97	1	1,2,3,4,5,6,7,8,9,10,11,12,13	113	113	530	17|2|0|0|2|2|6|4|2|2|1|2
GA	Mondom	LTR	ERV1	MdoERV3-LTR	chr1:193784123-193784654-	chr2:361349699-361350287-	17	37	0	100,101,122,123,39,40,41,60,75,94,96,97	100,101,122,123,39,40,41,60,75,94,96,97	1	2,3,4,5,6,7,8,9,10,11,12,13	85	85	518	17|3|0|1|1|2|4|4|1|2|2|0
GA	Mondom	LTR	ERV1	MdoERV3-LTR	chr1:193784123-193784654-	chr2:343101188-343101735-	19	40	0	100,101,11,122,123,39,40,41,60,64,75,94,96,97	101,102,11,123,124,40,41,42,61,65,76,95,97,98	1	1,2,3,4,5,6,7,8,9,10,11,12,13,14	114	114	533	19|4|0|1|2|2|4|3|2|2|1|0
GA	Mondom	LTR	ERV1	MdoERV3-LTR	chr1:193784123-193784654-	chr2:332542083-332542630-	19	42	0	100,101,11,122,123,128,132,39,40,41,60,75,94,96,97	100,101,11,122,123,128,132,39,40,41,60,75,94,96,97	2	1,2,3,4,5,6,7,8,9,10,11,12,13,14,15	123	122	530	19|3|1|0|0|3|6|3|1|1|1|4
GA	Mondom	LTR	ERV1	MdoERV3-LTR	chr1:193784123-193784654-	chr2:316685286-316685836-	15	38	0	100,101,113,122,39,40,41,60,75,94,96,97	100,101,113,123,39,40,41,60,75,94,96,97	1	2,3,4,5,6,7,8,9,10,11,12,13	85	85	533	15|2|2|1|1|2|5|2|3|2|2|1
GA	Mondom	LTR	ERV1	MdoERV3-LTR	chr1:193784123-193784654-	chr4:426545615-426546203+	18	37	0	100,101,122,123,39,40,41,60,66,75,94,96,97	100,101,122,123,39,40,41,60,66,75,94,96,97	2	2,3,4,5,6,7,8,9,10,11,12,13,14	86	85	518	18|3|0|0|1|2|3|3|3|2|2|0
GA	Mondom	LTR	ERV1	MdoERV3-LTR	chr1:193784123-193784654-	chr8:276074562-276075108-	17	33	0	100,101,122,123,40,41,60,75,94,96,97	100,121,122,39,40,59,74,93,95,96,99	1	2,3,4,5,6,7,8,9,10,11,12	84	84	509	17|1|0|0|0|3|5|3|0|2|2|0
GA	Mondom	LTR	ERV1	MdoERV3-LTR	chr1:193784123-193784654-	chr1:703558988-703559535+	20	39	0	100,101,11,122,123,39,40,41,60,75,94,96,97	100,101,11,122,123,39,40,41,60,75,94,96,97	1	1,2,3,4,5,6,7,8,9,10,11,12,13	113	113	524	20|5|1|1|0|2|3|4|1|1|1|0
GA	Mondom	LTR	ERV1	MdoERV3-LTR	chr1:193784123-193784654-	chr1:285769625-285770213-	16	37	0	100,101,122,123,39,40,41,60,75,94,96,97	100,101,122,123,39,40,41,60,75,94,96,97	1	2,3,4,5,6,7,8,9,10,11,12,13	85	85	518	16|3|0|0|2|3|4|3|1|3|2|0
GA	Mondom	LTR	ERV1	MdoERV3-LTR	chr1:193784123-193784654-	chr2:155143517-155144065-	22	36	0	100,101,11,117,122,123,39,40,41,60,75,94,96,97	100,101,11,117,122,123,39,40,41,60,75,94,96,97	1	1,2,3,4,5,6,7,8,9,10,11,12,13,14	113	113	517	22|0|1|1|0|2|4|4|0|1|1|0
GA	Mondom	LTR	ERV1	MdoERV3-LTR	chr1:193784123-193784654-	chr4:328789946-328790492+	15	38	0	100,101,11,39,40,41,60,75,94,96,97	100,101,11,39,40,41,60,75,94,96,97	1	1,2,3,4,5,6,7,8,9,10,11	91	91	532	15|3|0|0|0|2|5|4|4|4|1|0
GA	Mondom	LTR	ERV1	MdoERV3-LTR	chr1:193784123-193784654-	chr4:160985584-160986171+	15	31	0	100,101,122,123,39,40,41,60,75,94,96,97	100,121,122,38,39,40,59,74,93,95,96,99	1	2,3,4,5,6,7,8,9,10,11,12,13	85	85	517	15|2|0|0|2|3|4|2|0|1|1|1
GA	Mondom	LTR	ERV1	MdoERV3-LTR	chr1:193784123-193784654-	chr8:130219909-130220497+	16	36	0	100,101,39,40,41,60,75,94,96,97	100,101,39,40,41,60,75,94,96,97	1	2,3,4,5,6,7,8,9,10,11	63	63	517	16|2|1|0|1|2|3|4|2|3|2|0
GA	Mondom	LTR	ERV1	MdoERV3-LTR	chr1:193784123-193784654-	chr8:110523635-110524181+	19	39	0	100,101,39,40,41,60,75,94,96,97	100,38,39,40,59,74,93,95,96,99	1	2,3,4,5,6,7,8,9,10,11	63	63	532	19|4|0|1|1|3|3|3|0|2|2|1
GA	Mondom	LTR	ERV1	MdoERV3-LTR	chr1:193784123-193784654-	chr1:610184396-610184942+	17	41	0	100,101,39,40,41,60,75,94,96,97	100,101,39,40,41,60,75,94,96,97	1	2,3,4,5,6,7,8,9,10,11	63	63	532	17|1|0|1|1|3|6|2|2|3|2|3
GA	Mondom	LTR	ERV1	MdoERV3-LTR	chr1:193784123-193784654-	chr2:90371475-90372064-	17	36	0	100,101,122,123,40,41,60,75,94,96,97	101,102,123,124,41,42,61,76,95,97,98	1	2,3,4,5,6,7,8,9,10,11,12	84	84	519	17|3|0|0|2|2|3|3|1|3|2|0
GA	Mondom	LTR	ERV1	MdoERV3-LTR	chr1:193784123-193784654-	chr7:200167552-200168141-	17	36	0	100,101,122,123,39,40,41,60,75,94,96,97	100,101,122,123,39,40,41,60,75,94,96,97	1	2,3,4,5,6,7,8,9,10,11,12,13	85	85	519	17|3|0|0|2|2|4|3|0|3|2|0
GA	Mondom	LTR	ERV1	MdoERV3-LTR	chr1:193784123-193784654-	chr7:51662891-51663481+	17	36	0	100,101,122,123,39,40,41,47,60,75,94,96,97	101,102,123,124,40,41,42,48,61,76,95,97,98	1	2,3,4,5,6,7,8,9,10,11,12,13,14	85	85	519	17|3|0|0|1|3|3|4|1|2|2|0
GA	Mondom	LTR	ERV1	MdoERV3-LTR	chr1:193784123-193784654-	chr4:349342171-349342718+	18	39	0	100,101,11,122,123,39,40,41,60,75,94,96,97	100,101,11,122,123,39,40,41,60,75,94,96,97	1	1,2,3,4,5,6,7,8,9,10,11,12,13	113	113	531	18|5|0|1|0|1|6|3|3|1|1|0
GA	Mondom	LTR	ERV1	MdoERV3-LTR	chr1:193784123-193784654-	chr4:49315182-49315731-	16	37	0	100,101,122,123,128,132,39,40,41,60,75,94,96,97	101,102,123,124,129,133,40,41,42,61,76,95,97,98	2	2,3,4,5,6,7,8,9,10,11,12,13,14,15	95	94	531	16|1|0|0|1|2|5|5|1|1|2|3
GA	Mondom	LTR	ERV1	MdoERV3-LTR	chr1:193784123-193784654-	chr1:529516953-529517497+	17	38	0	100,101,122,123,39,40,41,60,75,94,96,97	100,101,122,123,39,40,41,60,75,94,96,97	1	2,3,4,5,6,7,8,9,10,11,12,13	85	85	528	17|3|0|1|1|2|5|5|1|1|2|0
GA	Mondom	LTR	ERV1	MdoERV3-LTR	chr1:193784123-193784654-	chr1:339388269-339388855+	17	40	0	100,101,122,123,39,40,41,60,75,94,96,97	100,101,122,123,39,40,41,60,75,94,96,97	1	2,3,4,5,6,7,8,9,10,11,12,13	85	85	516	17|4|0|1|1|2|4|3|2|4|2|0
GA	Mondom	LTR	ERV1	MdoERV3-LTR	chr1:193784123-193784654-	chr2:357400615-357401203-	18	38	0	100,101,122,123,39,40,41,60,75,94,96,97	100,101,122,123,39,40,41,60,75,94,96,97	1	2,3,4,5,6,7,8,9,10,11,12,13	85	85	518	18|3|0|0|1|2|3|3|2|4|2|0
GA	Mondom	LTR	ERV1	MdoERV3-LTR	chr1:193784123-193784654-	chr2:269317241-269317823-	16	38	0	100,101,122,123,39,40,41,60,75,94,96,97	100,101,122,123,39,40,41,60,75,94,96,97	1	2,3,4,5,6,7,8,9,10,11,12,13	85	85	515	16|3|0|0|2|2|4|3|5|1|2|0
GA	Mondom	LTR	ERV1	MdoERV3-LTR	chr1:193784123-193784654-	chr2:269309162-269309744-	16	38	0	100,101,122,123,39,40,41,60,75,94,96,97	100,101,122,123,39,40,41,60,75,94,96,97	1	2,3,4,5,6,7,8,9,10,11,12,13	85	85	515	16|3|0|0|2|2|4|3|5|1|2|0
GA	Mondom	LTR	ERV1	MdoERV3-LTR	chr1:193784123-193784654-	chr2:230460730-230461277+	19	36	0	100,101,122,123,39,40,41,60,64,75,94,96,97	100,101,122,123,39,40,41,60,64,75,94,96,97	1	2,3,4,5,6,7,8,9,10,11,12,13,14	85	85	515	19|3|0|0|2|2|3|2|0|3|1|1
GA	Mondom	LTR	ERV1	MdoERV3-LTR	chr1:193784123-193784654-	chr4:335640092-335640681+	17	37	0	100,101,122,123,39,40,41,60,75,94,96,97	101,102,123,124,40,41,42,61,76,95,97,98	2	2,3,4,5,6,7,8,9,10,11,12,13	86	85	518	17|2|0|0|1|2|6|3|3|2|1|0
GA	Mondom	LTR	ERV1	MdoERV3-LTR	chr1:193784123-193784654-	chr4:93685718-93686239-	20	37	0	100,101,11,122,123,39,40,41,60,75,94,96,97	100,101,11,122,123,39,40,41,60,75,94,96,97	1	1,2,3,4,5,6,7,8,9,10,11,12,13	113	113	518	20|3|0|0|0|2|4|2|2|3|1|0
GA	Mondom	LTR	ERV1	MdoERV3-LTR	chr1:193784123-193784654-	chr8:93608910-93609498-	17	36	0	100,101,122,123,39,40,41,60,75,94,96,97	100,101,122,123,39,40,41,60,75,94,96,97	1	2,3,4,5,6,7,8,9,10,11,12,13	85	85	518	17|1|0|0|2|3|3|3|1|3|1|2
GA	Mondom	LTR	ERV1	MdoERV3-LTR	chr1:193784123-193784654-	chr1:733841937-733842525-	18	38	0	100,101,122,123,39,40,41,60,75,76,94,96,97	100,101,122,123,39,40,41,60,75,76,94,96,97	1	3,4,5,6,7,8,9,10,11,12,13,14,15	85	85	518	18|1|0|1|1|2|5|3|2|3|1|1
GA	Mondom	LTR	ERV1	MdoERV3-LTR	chr1:193784123-193784654-	chr1:705618663-705619251-	17	35	0	100,101,122,123,39,40,41,60,75,94,96,97	101,102,123,124,40,41,42,61,76,95,97,98	1	2,3,4,5,6,7,8,9,10,11,12,13	85	85	518	17|1|0|0|3|2|4|3|2|1|2|0
GA	Mondom	LTR	ERV1	MdoERV3-LTR	chr1:193784123-193784654-	chr1:687936611-687937199+	18	38	0	100,101,122,123,39,40,41,60,70,75,94,96,97	100,101,122,123,39,40,41,60,70,75,94,96,97	1	2,3,4,5,6,7,8,9,10,11,12,13,14	85	85	518	18|1|0|0|1|2|4|5|4|2|1|0
GA	Mondom	LTR	ERV1	MdoERV3-LTR	chr1:193784123-193784654-	chr1:601436829-601437416-	17	38	0	100,101,122,123,39,40,41,60,75,94,96,97	100,101,122,123,39,40,41,60,75,94,96,97	1	2,3,4,5,6,7,8,9,10,11,12,13	85	85	518	17|3|0|0|3|2|4|4|3|1|1|0
GA	Mondom	LTR	ERV1	MdoERV3-LTR	chr1:193784123-193784654-	chr1:404954339-404954927-	16	34	0	100,101,122,123,39,40,41,60,64,75,94,96,97	100,101,122,123,39,40,41,60,64,75,94,96,97	1	2,3,4,5,6,7,8,9,10,11,12,13,14	85	85	518	16|2|0|0|1|4|5|4|0|1|1|0
GA	Mondom	LTR	ERV1	MdoERV3-LTR	chr1:193784123-193784654-	chr2:180523706-180524253+	17	42	0	100,101,122,123,39,40,41,60,75,94,96,97	100,101,122,123,39,40,41,60,75,94,96,97	1	2,3,4,5,6,7,8,9,10,11,12,13	85	85	532	17|6|1|1|1|3|4|3|2|2|2|0
GA	Mondom	LTR	ERV1	MdoERV3-LTR	chr1:193784123-193784654-	chr2:121177899-121178454+	19	36	0	100,101,122,123,128,132,39,40,41,60,75,94,96,97	100,101,122,123,128,132,39,40,41,60,75,94,96,97	1	2,3,4,5,6,7,8,9,10,11,12,13,14,15	94	94	508	19|2|0|0|1|2|4|2|3|1|1|1
GA	Mondom	LTR	ERV1	MdoLTR4a	chr4:155540903-155541322-	chr2:256534094-256534764-	15	44	0	150,171,173,182,183,35,42,43,50,60,61	150,171,173,182,183,35,42,43,50,59,60	2	1,2,3,4,5,6,7,8,9,10,11	150	149	417	15|7|1|3|2|2|4|6|0|1|1|2
GA	Mondom	LTR	ERV1	ERV37_MD_LTR	chr3:11579576-11580416-	chr1:648392857-648393490-	27	64	0	118,133,156,157,192,204,205,218,219,228,229,238,343,354,356,357,358,359	118,133,156,157,192,204,205,218,219,228,229,238,343,364,368,369,370,371	3	1,2,3,4,5,6,7,8,9,10,11,12,19,20,21,22,23,24	151	254	535	27|6|0|1|5|5|3|5|0|5|1|6
GA	Mondom	LTR	ERV1	ERV37_MD_LTR	chr3:142975718-142976778-	chr7:90590346-90591433-	18	52	0	185,205,206,213,219,228,229,230,239,250,319,344,355,357,358	185,205,206,213,219,228,229,230,239,250,320,345,367,370,371	2	1,2,3,4,5,6,7,8,9,10,13,14,15,16,17	118	187	589	18|3|1|1|2|4|6|4|3|2|4|4
GA	Mondom	LTR	ERV1	ERV37_MD_LTR	chr3:429172623-429173701-	chr7:90590346-90591433-	21	58	0	184,204,205,212,218,227,228,229,238,249	185,205,206,213,219,228,229,230,239,250	1	2,3,4,5,6,7,8,9,10,11	66	66	537	21|7|1|3|1|5|4|6|1|3|1|5
GA	Mondom	LTR	ERV1	ERV37_MD_LTR	chr3:446675047-446676114+	chr4:404547667-404548779+	22	65	0	206,218,221,227,240,298,309,313,322,331	206,218,221,227,240,325,336,340,349,358	2	2,3,4,5,6,8,9,10,11,12	69	153	1089	22|7|4|3|5|3|3|11|0|0|2|5
GA	Mondom	LTR	ERV1	Mdo1LTR3x	chr1:558447211-558447457+	chr4:9473648-9474152+	10	15	0	106,114,124,131,154,39,55,58,87,93	102,112,119,143,27,43,46,75,81,94	1	1,2,3,4,5,6,7,8,9,10	117	117	228	10|1|0|1|1|0|1|1|0|0|0|0
GA	Mondom	LTR	ERV1	Mdo1LTR3x	chr1:558447211-558447457+	chr8:59120311-59120821+	12	19	0	10,106,114,131,154,39,55,58,63,87,9,93	10,106,114,131,155,39,55,58,63,87,9,93	2	1,2,3,4,5,6,7,8,9,10,11,12	148	147	240	12|2|1|1|1|0|1|1|0|0|0|0
GA	Mondom	LTR	ERV1	Mdo1LTR3x	chr1:558447211-558447457+	chr1:616798345-616798847-	10	17	0	106,114,131,154,161,39,55,58,87,93	102,119,143,152,27,43,46,75,81,94	2	1,2,3,4,5,6,7,8,9,10	127	126	228	10|1|0|2|2|0|1|1|0|0|0|0
GA	Mondom	LTR	ERV1	ERV37_MD_LTR	chrX:45768093-45769026+	chr1:648392857-648393490-	21	55	0	228,229,238,249,261,343,354,356,357,358,359	228,229,238,249,261,343,364,368,369,370,371	2	5,6,7,8,9,14,15,16,17,18,19	63	144	533	21|8|0|0|2|4|5|6|0|2|3|4
GA	Mondom	LTR	ERV1	ERV37_MD_LTR	chr5:199002455-199003397-	chr2:348131426-348132474-	15	41	0	217,220,222,226,238,309,313,358,375,379,442	278,281,283,287,299,359,363,408,425,429,492	2	2,3,4,5,6,7,8,9,10,11,12	216	215	828	15|2|1|2|1|3|3|8|0|0|4|2
GA	Mondom	LTR	ERV1	MdoLTR3	chr8:5921570-5922297+	chr7:94361796-94362579-	26	78	0	140,141,155,161,167,179,184,70,76,88,91,92	139,140,162,169,175,187,192,68,74,86,89,90	2	3,4,5,6,7,10,11,12,13,14,15,16	77	125	733	26|4|3|6|5|3|12|10|2|2|2|3
GA	Mondom	LTR	ERV1	ERV37_MD_LTR	chr5:290491824-290493014-	chr7:90590346-90591433-	22	55	0	150,184,187,205,228,229,238,318,343,354,356,357	151,185,188,206,229,230,239,320,345,367,370,371	2	1,2,3,4,5,6,7,12,13,14,15,16	141	221	544	22|5|1|3|1|2|9|3|1|2|3|3
GA	Mondom	LTR	ERV1	ERV37_MD_LTR	chr6:58362879-58363982+	chr7:90590346-90591433-	20	41	0	185,205,206,213,229,230,239,250,319,344,355,357,358	185,205,206,213,229,230,239,250,320,345,367,370,371	2	2,3,4,5,6,7,8,9,13,14,15,16,17	118	187	433	20|4|1|0|1|1|4|2|1|3|1|3
GA	Mondom	LTR	ERV1	ERV37_MD_LTR	chr6:134969546-134970599+	chr7:16535845-16536931+	10	27	0	277,280,286,308,315,353,358,369,373,378	277,280,286,308,315,353,358,369,373,378	1	1,2,3,4,5,6,7,8,9,10	102	102	431	10|3|1|0|0|2|2|3|0|2|1|3
GA	Mondom	LTR	ERV1	ERV37_MD_LTR	chr6:143427387-143428512-	chr2:439209174-439210255-	16	34	0	213,219,228,229,230,239,280,345,356,358,369	212,218,227,228,229,238,278,344,365,369,381	2	4,5,6,7,8,9,12,13,14,15,16	131	170	545	16|3|1|0|1|3|3|4|0|2|0|1
GA	Mondom	LTR	ERV1	ERV37_MD_LTR	chr6:143427387-143428512-	chr7:90590346-90591433-	19	47	0	151,185,205,206,213,219,228,229,230,239,280,320,345,356,358,359	151,185,205,206,213,219,228,229,230,239,279,320,345,367,370,371	2	1,2,3,4,5,6,7,8,9,10,12,13,14,15,16,17	182	221	536	19|3|1|2|2|4|4|3|1|3|1|4
GA	Mondom	LTR	ERV1	ERV37_MD_LTR	chr6:239989031-239990109+	chr4:242371131-242372127+	14	36	0	174,200,218,221,227,349,360,361,380,395	174,200,218,221,227,349,360,361,380,395	2	3,4,5,6,7,8,9,10,11,12	223	222	538	14|6|2|1|1|2|5|3|0|1|1|0
GA	Mondom	LTR	ERV1	MdoLTR3	chr4:34459556-34459839+	chr7:94361796-94362579-	14	24	0	104,114,139,140,163,170,188,65,86,89	104,114,139,140,163,169,187,65,86,89	2	2,3,4,5,6,8,9,10,11,12	99	123	283	14|2|0|5|0|0|0|1|0|0|1|1
GA	Mondom	LTR	ERV1	MdoERV2-LTR	chr3:353232881-353233573+	chr4:228073515-228074192+	13	34	0	155,179,184,207,229,230,253,36,55,66	146,170,175,198,220,221,244,27,46,57	1	1,2,3,4,5,6,7,8,9,10	218	218	678	13|6|1|2|0|2|5|2|1|1|0|1
GA	Mondom	LTR	ERV1	MdoERV2-LTR	chr3:353232881-353233573+	chr2:339106557-339107246+	13	35	0	155,179,184,185,229,230,253,55,60,66	146,169,174,175,219,220,243,46,51,57	1	2,3,4,5,6,7,8,9,10,11	198	198	686	13|5|3|1|0|3|5|1|1|1|0|2
GA	Mondom	LTR	ERV1	ERV37_MD_LTR	chr1:30554653-30555754-	chr4:345667064-345668137+	21	58	0	248,277,280,282,283,493,495,502,514,516,518	248,277,280,282,283,493,495,502,514,516,518	2	5,6,7,8,9,16,17,18,19,20,21	62	271	553	21|6|0|2|2|1|8|8|3|2|3|2
GA	Mondom	LTR	ERV1	ERV37_MD_LTR	chr1:148457953-148458958-	chr2:531543527-531544556-	23	56	0	150,198,218,221,227,296,299,314,357,361	150,198,218,221,227,297,300,314,357,361	2	6,7,8,9,10,11,12,13,14,15	213	212	1014	23|8|1|2|1|4|6|4|2|1|2|2
GA	Mondom	LTR	ERV1	ERV37_MD_LTR	chr1:231350167-231351042-	chr1:648392857-648393490-	20	53	0	228,229,238,249,261,343,354,356,357,358,359	228,229,238,249,261,343,364,368,369,370,371	2	4,5,6,7,8,13,14,15,16,17,18	63	144	541	20|7|0|0|2|5|8|4|0|2|2|3
GA	Mondom	LTR	ERV1	ERV37_MD_LTR	chr1:358235364-358236319-	chr1:435767531-435768532+	13	25	0	203,204,211,217,226,228,237,248,260,277	205,206,213,219,228,230,239,250,262,279	2	2,3,4,5,6,7,8,9,10,11	76	75	352	13|5|1|1|1|0|0|1|0|0|2|1
GA	Mondom	LTR	ERV1	ERV37_MD_LTR	chr1:559836711-559837866-	chr1:648392857-648393490-	22	41	0	117,132,149,204,227,342,353,355,356,357,358	118,133,150,205,228,343,364,368,369,370,371	2	1,2,3,4,5,13,14,15,16,17,18	140	254	431	22|6|0|0|2|2|5|0|0|1|1|2
GA	Mondom	LTR	ERV1	ERV37_MD_LTR	chr1:743911610-743912688-	chr2:439209174-439210255-	21	49	0	197,198,205,206,207,279,295,344,355,357	196,197,204,205,206,278,295,344,365,369	2	2,3,4,5,6,13,14,15,16,17	103	174	545	21|5|2|1|1|2|7|6|0|2|0|2
GA	Mondom	LTR	ERV1	MdoERV2-LTR	chr5:120266031-120266715-	chr2:3910035-3910716-	15	43	0	107,113,221,222,239,245,258,46,57,81,96	107,113,219,220,237,243,256,46,57,81,96	2	2,3,4,5,6,7,11,12,13,14,15	106	211	682	15|3|4|3|0|6|3|6|1|1|1|0
GA	Mondom	LTR	ERV1	MdoERV2-LTR	chr6:117003005-117003670-	chr1:447524740-447525384-	15	38	0	169,175,197,219,220,294,317,334,336,338	169,175,197,219,220,295,318,335,337,339	2	3,4,5,6,7,9,10,11,12,13	97	171	636	15|5|0|2|2|1|3|5|2|2|0|1
GA	Mondom	LTR	ERV1	MdoERV2-LTR	chr1:271229160-271229900-	chr2:507606512-507607254-	19	32	0	102,119,144,154,178,204,243,257,436,468,478,513,514	103,120,145,155,179,205,244,258,438,471,481,516,517	2	2,3,4,5,6,7,8,9,14,15,16,17,18	236	415	739	19|1|2|0|2|0|4|4|0|0|0|0
GA	Mondom	LTR	ERV1	MdoERV2-LTR	chr1:271229160-271229900-	chr1:329599627-329600555+	21	35	0	178,185,204,243,257,319,352,362,372,392,436,457,475,478,513,514	177,184,203,242,256,318,351,361,371,391,435,457,475,478,513,514	2	5,6,7,8,9,10,11,12,13,14,15,16,17,18,19,20	339	338	737	21|3|0|1|0|0|6|4|0|0|0|0
GA	Mondom	LTR	ERV1	MdoERV2-LTR	chr1:271229160-271229900-	chr8:225727393-225728326+	17	34	0	154,178,204,243,257,436,468,478,513,514,536	152,176,202,241,255,434,467,477,512,513,535	2	3,4,5,6,7,12,13,14,15,16,17	206	384	737	17|1|0|1|2|1|6|6|0|0|0|0
GA	Mondom	LTR	ERV1	MdoERV2-LTR	chr1:271229160-271229900-	chr2:71707117-71707861-	21	35	0	243,257,319,352,362,372,436,478,513,514,531,537	243,257,319,352,364,374,438,481,516,517,534,540	2	9,10,11,12,13,14,15,16,17,18,19,20	299	298	740	21|3|0|1|0|1|4|4|0|0|0|1
GA	Mondom	LTR	ERV1	MdoERV2-LTR	chr1:271229160-271229900-	chr4:354031715-354032461+	21	36	0	243,257,319,352,362,372,436,458,478,513,514,521,536,537	245,259,321,354,364,374,438,461,481,516,517,524,539,540	2	7,8,9,10,11,12,13,14,15,16,17,18,19,20	297	296	740	21|0|1|1|2|1|3|5|0|1|1|0
GA	Mondom	LTR	ERV1	MdoERV2-LTR	chr1:271229160-271229900-	chr4:31244514-31245253-	20	33	0	204,243,257,319,352,362,372,436,478,513,514,521	202,241,255,317,350,360,370,434,477,512,513,520	2	7,8,9,10,11,12,13,14,15,16,17,18	320	319	737	20|3|1|0|0|1|4|3|0|1|0|0
GA	Mondom	LTR	ERV1	MdoERV2-LTR	chr1:393583681-393584429-	chr2:399853738-399854486-	15	31	0	149,150,155,179,211,324,398,530,540,545	148,149,154,178,210,323,397,528,538,543	2	5,6,7,8,9,11,12,13,14,15	284	396	748	15|2|0|1|1|2|4|4|1|0|1|0
GA	Mondom	LTR	ERV1	MdoERV2-LTR	chr1:550219152-550219897-	chr2:379319723-379320635-	17	35	0	11,124,149,150,155,179,191,211,255,27,31,56	11,124,149,150,155,179,191,211,255,27,31,56	2	1,2,3,4,5,6,7,8,9,10,11,12	246	245	746	17|0|1|2|2|1|7|2|0|1|1|1
GA	Mondom	LTR	ERV1	MdoERV2-LTR	chr8:128678673-128679359-	chr2:3910035-3910716-	14	37	0	107,113,221,222,239,245,258,46,57,93,96	107,113,219,220,237,243,256,46,57,93,96	2	2,3,4,5,6,7,8,9,10,11,12	212	211	683	14|4|1|1|1|1|3|8|1|1|1|1
GA	Mondom	LTR	ERV1	MdoERV2-LTR	chr4:128758806-128759496-	chr2:3910035-3910716-	16	40	0	107,118,124,230,231,248,254,267,57,68	107,113,219,220,237,243,256,46,57,96	2	2,3,4,5,6,9,10,11,12,13	106	211	680	16|5|2|1|1|3|2|7|1|1|1|0
GA	Mondom	LTR	ERV1	MdoERV2-LTR	chr4:128758806-128759496-	chr7:64347402-64348088+	16	44	0	107,111,156,180,230,231,248,254,38,57,68	100,146,170,220,221,238,244,27,46,57,96	2	1,2,3,4,5,6,7,8,9,10,11	219	218	682	16|9|1|2|0|1|4|8|1|0|0|2
GA	Mondom	LTR	ERV1	MdoERV2-LTR	chr4:136517283-136517919+	chr4:406542612-406543350-	12	32	0	101,104,110,149,155,162,170,183,65,84	167,186,203,206,212,251,257,264,272,285	1	3,4,5,6,7,8,9,10,11,12	119	119	625	12|3|2|2|0|1|3|2|1|3|2|1
