GA	Bostau	LTR	ERV1	ALTR39_BT	chr1:5406243-5406836-	chr18:46992402-46993246-	26	70	0	227,230,231,240,247,519,521,535,537,539	456,459,460,469,476,748,750,764,766,768	2	8,9,10,11,12,22,23,24,25,26	42	313	570	26|4|4|4|2|1|8|11|2|3|3|2
GA	Bostau	LTR	ERV1	ALTR39_BT	chr1:5406243-5406836-	chr6:45613467-45614926-	28	73	0	338,346,362,378,387,389,390,457,466,476,481,483	1182,1190,1206,1222,1230,1232,1233,1300,1309,1322,1327,1329	2	9,10,11,12,13,14,15,18,19,20,21,22	82	148	587	28|2|3|2|2|3|8|13|1|2|6|3
GA	Bostau	LTR	ERV1	ALTR39_BT	chr1:5406956-5407903-	chr2:12354863-12355691+	53	103	0	234,239,240,247,252,502,511,526,527,535,545,548,573,592	234,239,240,247,252,501,510,524,525,533,543,546,571,590	2	14,15,16,17,18,35,36,37,38,39,40,41,42,43	109	357	828	53|10|1|5|4|4|7|6|0|4|4|5
GA	Bostau	LTR	ERV1	ERV1-2-I_BT	chr1:15316750-15317909+	chr7:66453220-66457853-	42	97	0	102,110,118,165,182,183,186,190,202,572,58,582,584,598,600,65	3530,3537,3574,3582,3590,3637,3654,3655,3658,3662,3674,4044,4054,4056,4070,4072	3	1,2,3,4,5,6,7,8,9,10,11,22,23,24,25,26	175	543	1159	42|19|0|0|4|1|10|11|1|2|5|2
GA	Bostau	LTR	ERV1	ALTR39_BT	chr1:17303210-17304783-	chr2:12354863-12355691+	46	80	0	202,209,234,240,247,252,453,469,478,485,499,510,526,534,544,547,664,666,669,689,690,700	202,209,234,240,247,252,453,469,478,485,499,510,525,533,543,546,663,665,668,688,689,698	4	7,8,9,10,11,12,23,24,25,26,27,28,29,30,31,32,39,40,41,42,43,44	182	497	829	46|7|0|4|3|2|9|4|0|3|1|1
GA	Bostau	LTR	ERV1	ALTR39_BT	chr1:139663406-139664930-	chr2:12354863-12355691+	47	72	0	139,140,146,156,157,202,209,234,240,247,252,501,510,526,534,544,547,572,635,636,664,666,669,689,690,700,775,820	139,140,146,156,157,202,209,234,240,247,252,501,510,525,533,543,546,571,634,635,663,665,668,688,689,698,774,819	5	4,5,6,7,8,9,10,11,12,13,14,29,30,31,32,33,34,35,38,39,40,41,42,43,44,45,46,47	373	681	828	47|5|1|3|1|3|7|3|0|1|1|0
GA	Bostau	LTR	ERV1	ERV1-2-I_BT	chr1:23257599-23259789-	chr7:66453220-66457853-	85	246	0	1505,1522,1523,1526,1530,1542,2055,2084,2088,2090,2093	3637,3654,3655,3658,3662,3674,4189,4218,4222,4224,4227	2	56,57,58,59,60,61,79,80,81,82,83	77	591	2147	85|35|4|3|7|11|46|32|2|11|4|6
GA	Bostau	LTR	ERV1	ALTR39_BT	chr11:11599418-11599905+	chr2:25055002-25055827-	31	67	0	120,138,139,142,145,288,297,302,305,309	121,140,141,144,147,286,295,300,303,307	2	4,5,6,7,8,17,18,19,20,21	49	187	463	31|4|2|4|1|2|10|7|1|1|1|3
GA	Bostau	LTR	ERV1	BtERVF1_I-int	chr19:56827439-56833446-	chrX:64989484-64991037-	75	224	0	4053,4057,4092,4094,4095,4612,4614,4616,4617,4621	253,257,292,294,295,821,823,825,826,830	2	11,12,13,14,15,39,40,41,42,43	53	578	1544	75|52|6|5|9|9|20|27|6|2|6|7
GA	Bostau	LTR	ERV1	ALTR39_BT	chr11:53620839-53621680-	chr2:12354863-12355691+	46	93	0	143,144,150,160,161,165,206,213,499,508,524,532,567,642,643,659,661,664	139,140,146,156,157,161,202,209,501,510,525,533,571,646,647,663,665,668	3	4,5,6,7,8,9,10,11,28,29,30,31,32,36,37,38,39,40	165	530	818	46|12|0|4|2|3|7|7|1|4|4|3
GA	Bostau	LTR	ERV1	ALTR39_BT	chr12:41899444-41901000+	chr2:12354863-12355691+	48	81	0	122,139,140,146,156,157,171,202,209,501,510,526,534,544,547,664,666,669,689,690	122,139,140,146,156,157,171,202,209,501,510,525,533,543,546,663,665,668,688,689	3	3,4,5,6,7,8,9,10,11,29,30,31,32,33,34,40,41,42,43,44	161	568	828	48|4|0|5|2|7|5|6|0|1|3|0
GA	Bostau	LTR	ERV1	ERV1-1-I_BT	chr1:26000914-26001897+	chr16:540465-543282+	49	111	0	655,660,661,662,667,823,831,836,839,852,853,856,865	1397,1402,1403,1404,1409,1563,1578,1583,1586,1599,1600,1603,1612	2	23,24,25,26,27,37,38,39,40,41,42,43,44	63	216	997	49|7|5|3|6|2|13|16|2|2|5|1
GA	Bostau	LTR	ERV1	BtERVF1_I-int	chr6:105269959-105271504+	chrUn_NW_020191612v1:21741-22510+	31	82	0	1101,1104,1111,1114,1134,1340,1341,1344,1349,1351	161,164,171,174,194,398,399,402,407,409	2	7,8,9,10,11,19,20,21,22,23	46	249	605	31|16|3|2|2|3|4|12|0|4|2|3
GA	Bostau	LTR	ERV1	ERV1-2-I_BT	chr1:28332451-28334411-	chr7:66453220-66457853-	86	240	0	1319,1320,1323,1327,1339,1629,1630,1682,1695,1720,1722,1736,1738	3654,3655,3658,3662,3674,3963,3964,4016,4029,4054,4056,4070,4072	2	57,58,59,60,61,72,73,74,75,76,77,78,79	131	419	1972	86|31|4|3|8|9|33|29|1|20|9|7
GA	Bostau	LTR	ERV1	ALTR39_BT	chr13:57118297-57119804-	chr2:12354863-12355691+	44	71	0	234,240,247,252,282,453,469,478,485,499,501,510,526,544,547,571,590,638,640,643,663,664	234,240,247,252,282,453,469,478,485,499,501,510,525,543,546,571,590,663,665,668,688,689	4	11,12,13,14,15,26,27,28,29,30,31,32,33,34,35,36,37,38,39,40,41,42	288	456	805	44|5|2|4|0|2|6|3|1|2|1|1
GA	Bostau	LTR	ERV1	ALTR39_BT	chr15:8336084-8337618+	chr6:45613467-45614926-	46	121	0	1277,1301,1317,1323,1326,804,805,818,833,843	1182,1206,1222,1228,1231,718,719,732,747,757	2	21,22,23,24,25,36,37,38,39,40	90	514	1126	46|10|3|3|3|6|16|14|3|4|5|8
GA	Bostau	LTR	ERV1	ERV1-1-I_BT	chr1:44833455-44835322-	chr16:540465-543282+	109	194	0	1103,1104,1111,1138,1148,1161,452,457,458,464,465,765,771,776,793,796,962,970,974,987,999	1397,1402,1403,1409,1410,1710,1716,1721,1738,1741,1907,1915,1919,1932,1944,2065,2066,2073,2100,2110,2123	4	18,19,20,21,22,41,42,43,44,45,55,56,57,58,59,68,69,70,71,72,73	143	727	1865	109|24|5|1|7|6|13|16|2|6|1|4
GA	Bostau	LTR	ERV1	ALTR39_BT	chr15:32697559-32699116+	chr2:12354863-12355691+	45	88	0	100,104,121,138,139,145,155,156,157,160,201,208	101,105,122,139,140,146,156,157,158,161,202,209	1	2,3,4,5,6,7,8,9,10,11,12,13	109	109	826	45|8|2|6|0|5|9|5|1|4|2|1
GA	Bostau	LTR	ERV1	ALTR39_BT	chr15:32697559-32699116+	chr2:25055002-25055827-	36	87	0	111,138,139,142,145,154,157,160,182,193	112,140,141,144,147,156,159,162,184,195	2	4,5,6,7,8,9,10,11,12,13	85	84	823	36|11|2|6|1|1|10|11|2|3|1|3
GA	Bostau	LTR	ERV1	ALTR39_BT	chr15:52965264-52966716+	chr2:12354863-12355691+	28	49	0	414,415,423,439,447,561,578,580,582,583	501,502,510,525,533,647,663,665,667,668	2	7,8,9,10,11,19,20,21,22,23	55	168	418	28|6|3|2|2|0|3|3|0|1|1|0
GA	Bostau	LTR	ERV1	ALTR39_BT	chr15:52965264-52966716+	chr2:12354863-12355691+	19	29	0	122,139,140,146,156,157,203,210,235,241,248,253	122,139,140,146,156,157,202,209,234,240,247,252	2	4,5,6,7,8,9,10,11,12,13,14,15	132	131	326	19|2|0|0|1|1|2|2|1|0|0|1
GA	Bostau	LTR	ERV1	ERV1-1-I_BT	chr1:44835697-44838376-	chr4:104569853-104574564-	32	77	0	2303,2380,2408,2414,2422,914,922,923,928,969	1750,1760,1761,1766,1810,3145,3221,3249,3255,3263	2	7,8,9,10,11,25,26,27,28,29	180	1514	2670	32|8|0|1|5|2|14|8|0|2|4|1
GA	Bostau	LTR	ERV1	ALTR39_BT	chr16:546285-547808-	chr2:12354863-12355691+	51	84	0	122,139,140,146,156,157,202,209,234,240,247,252,544,547,559,572,591,614,635,636,647,664,666,669,689,690,700,776	122,139,140,146,156,157,202,209,234,240,247,252,543,546,558,571,590,613,634,635,646,663,665,668,688,689,698,774	4	4,5,6,7,8,9,10,11,12,13,14,15,33,34,35,36,37,38,39,40,41,42,43,44,45,46,47,48	365	653	829	51|6|1|4|1|5|7|4|1|1|3|0
GA	Bostau	LTR	ERV1	ALTR39_BT	chr16:2507925-2509436-	chr2:25055002-25055827-	38	90	0	173,180,181,184,187,343,346,350,361,364	132,140,141,144,147,300,303,307,318,321	2	1,2,3,4,5,13,14,15,16,17	38	190	639	38|16|2|4|3|2|9|5|2|1|3|5
GA	Bostau	LTR	ERV1	ALTR39_BT	chr16:2507925-2509436-	chr2:12354863-12355691+	49	95	0	243,250,275,281,288,293,316,323,338,343,346,350,361,364	202,209,234,240,247,252,275,282,297,302,305,309,320,323	2	8,9,10,11,12,13,14,15,16,17,18,19,20,21	123	122	640	49|13|2|5|3|4|9|3|0|2|3|2
GA	Bostau	LTR	ERV1	ERV1-2-I_BT	chr1:32477950-32480448+	chr7:66453220-66457853-	98	287	0	1503,1504,1507,1511,1523,2144,2150,2151,2153,2157	3654,3655,3658,3662,3674,4297,4303,4304,4306,4310	2	55,56,57,58,59,84,85,86,87,88	35	657	2492	98|37|8|6|11|8|35|43|6|12|11|12
GA	Bostau	LTR	ERV1	ALTR39_BT	chr16:28958731-28960232+	chr6:45613467-45614926-	37	93	0	1221,1243,1259,1265,1268,1329,1331,1345,1358,1363	1182,1206,1222,1228,1231,1293,1295,1309,1322,1327	2	23,24,25,26,27,29,30,31,32,33	85	146	1001	37|5|6|1|5|5|16|11|0|0|2|5
GA	Bostau	LTR	ERV1	ALTR39_BT	chr16:28958731-28960232+	chr2:12354863-12355691+	34	61	0	122,139,140,145,146,148,202,209,234,240,247,252	122,139,140,145,146,148,202,209,234,240,247,252	2	5,6,7,8,9,10,14,15,16,17,18,19	78	131	491	34|3|2|1|1|2|6|5|1|2|2|2
GA	Bostau	LTR	ERV1	ALTR39_BT	chr16:49312714-49313439-	chr2:12354863-12355691+	48	74	0	106,110,131,137,144,149,179,194,202,532,533,561,563,566,99	202,209,213,234,240,247,252,282,297,305,634,635,663,665,668	2	5,6,7,8,9,10,11,12,13,14,36,37,38,39,40	139	467	717	48|7|0|3|0|3|5|5|0|1|2|0
GA	Bostau	LTR	ERV1	ERV1-2-I_BT	chr1:47315020-47315792-	chr7:66453220-66457853-	36	106	0	148,149,152,154,156,710,714,716,719,746	3654,3655,3658,3660,3662,4218,4222,4224,4227,4263	2	6,7,8,9,10,31,32,33,34,35	55	610	771	36|11|3|2|3|7|17|12|3|2|5|5
GA	Bostau	LTR	ERV1	ALTR39_BT	chr2:8762583-8764127+	chr2:12354863-12355691+	43	96	0	121,122,139,140,146,156,209,234,240,247,252,469,470,471,472,478,485,499	121,122,139,140,146,156,209,234,240,247,252,469,470,471,472,478,485,499	3	2,3,4,5,6,7,8,9,10,11,12,24,25,26,27,28,29,30	164	379	832	43|13|2|5|5|4|9|4|2|5|3|1
GA	Bostau	LTR	ERV1	ALTR39_BT	chr2:39726450-39727051-	chrX:55332006-55332625+	25	57	0	141,144,155,464,467,472,480,487,89,91	141,144,155,458,461,466,474,481,87,89	2	2,3,4,5,6,19,20,21,22,23	93	395	596	25|8|2|0|1|2|3|8|2|2|2|2
GA	Bostau	LTR	ERV1	ERV1-1-I_BT	chr1:100812519-100816385-	chr16:540465-543282+	152	294	0	1548,1559,1627,1629,1639,2458,2463,2464,2465,2470,2471,2556,2562,2565,2576,2586,2625,2656,2660,2661,2664,2673,2679,2682,2771,2777,2798,2800,2801,3133,3143,3153,3166,3182	1397,1402,1403,1404,1409,1410,1494,1500,1503,1514,1524,1563,1595,1599,1600,1603,1612,1618,1621,1710,1716,1738,1740,1741,2090,2100,2110,2123,2139,491,502,566,568,578	6	19,20,21,22,23,60,61,62,63,64,65,71,72,73,74,75,76,80,81,82,83,84,85,86,88,89,90,91,92,121,122,123,124,125	281	1649	2811	152|27|7|1|13|10|25|34|4|6|8|7
GA	Bostau	LTR	ERV1	ERV1-1-I_BT	chr1:100812519-100816385-	chrX:74156305-74158920-	81	241	0	1040,1042,1049,1060,1066,941,951,956,957,960	1023,1033,1039,1040,1043,1122,1124,1131,1142,1148	2	30,31,32,33,34,38,39,40,41,42	48	126	2526	81|29|6|6|8|13|33|38|6|4|13|4
GA	Bostau	LTR	ERV1	ALTR39_BT	chr2:84222478-84224066-	chr6:45613467-45614926-	42	108	0	455,467,480,499,500,508,527,542,543,545,558,570,815,824,825,838,863	370,382,395,414,415,423,442,457,458,460,473,485,709,718,719,732,757	3	1,2,3,4,5,6,7,8,9,10,11,12,16,17,18,19,20	166	388	1106	42|8|3|2|2|7|13|14|3|5|1|8
GA	Bostau	LTR	ERV1	ERV1-1-I_BT	chr1:101462638-101467353+	chr13:11235187-11240672+	78	192	0	1777,1779,1785,1789,1809,1810,1863,373,393,396,397,444	1774,1776,1782,1786,1806,1807,1860,374,394,397,398,445	2	13,14,15,16,17,30,31,32,33,34,35,36	159	1487	4074	78|10|2|3|3|1|42|29|6|8|7|3
GA	Bostau	LTR	ERV1	ERV1-1-I_BT	chr1:101462638-101467353+	chr13:11242622-11248105+	79	193	0	1777,1779,1785,1789,1809,1810,1863,373,393,396,397,444	1772,1774,1780,1784,1804,1805,1858,372,392,395,396,443	2	12,13,14,15,16,31,32,33,34,35,36,37	159	1487	4073	79|11|2|3|3|1|41|29|6|8|8|2
GA	Bostau	LTR	ERV1	ALTR39_BT	chr21:6292462-6294016-	chr6:45613467-45614926-	56	140	0	1403,1413,1416,1421,1423,1438,1439,1441,1456,1461,456,468,469,481,498,500,507	1309,1319,1322,1327,1329,1344,1345,1347,1362,1367,370,382,383,395,414,416,423	3	2,3,4,5,6,7,8,46,47,48,49,50,51,52,53,54,55	114	998	1136	56|10|4|5|11|12|14|11|3|3|5|6
GA	Bostau	LTR	ERV1	ALTR39_BT	chr21:19893127-19893739-	chrX:55332006-55332625+	30	55	0	327,348,356,361,369,372,376,461,464,469,477,484,493	324,345,353,358,366,369,373,458,461,466,474,481,490	2	15,16,17,18,19,20,21,24,25,26,27,28,29	83	167	614	30|8|3|1|1|1|4|3|0|1|2|1
GA	Bostau	LTR	ERV1	ERV1-2-I_BT	chr1:66054700-66059834-	chr7:66453220-66457853-	138	317	0	1842,1857,1890,1916,1945,2056,2063,2073,2074,2076,2120,2122,2141,2198,2210,2664,2672,2721,2780,2795,4123,4141,4158,4159,4162,4166,4178,4188,4548,4558,4560,4574,4576,4584,4596	1337,1352,1385,1412,1441,1552,1559,1569,1570,1572,1618,1620,1639,1696,1708,2153,2161,2210,2273,2288,3619,3637,3654,3655,3658,3662,3674,3684,4044,4054,4056,4070,4072,4080,4092	6	23,24,25,26,27,29,30,31,32,33,34,35,36,37,38,48,49,50,51,52,94,95,96,97,98,99,100,101,112,113,114,115,116,117,118	514	2756	4624	138|48|5|6|11|10|43|30|4|10|9|3
GA	Bostau	LTR	ERV1	ERV1-2-I_BT	chr1:68368959-68371163+	chr7:66453220-66457853-	76	160	0	1188,1206,1223,1224,1227,1231,1531,1532,1551,1584,1597,1606,1612,1638,1640,457,464,476,483,488,491	2872,2879,2891,2898,2903,2906,3619,3637,3654,3655,3658,3662,3963,3964,3983,4016,4029,4038,4044,4070,4072	3	16,17,18,19,20,21,39,40,41,42,43,44,52,53,54,55,56,57,58,59,60	189	1201	2205	76|26|2|1|5|4|24|9|3|3|5|2
GA	Bostau	LTR	ERV1	ERV1-1-I_BT	chr1:112294985-112298852-	chr13:11235187-11240672+	65	165	0	134,135,171,1778,1780,1786,1790,1811,1812,185,199,87,88	135,136,172,1774,1776,1782,1786,1806,1807,185,199,88,89	2	2,3,4,5,6,7,8,27,28,29,30,31,32	146	1720	3876	65|10|3|4|4|1|29|34|6|1|7|1
GA	Bostau	LTR	ERV1	ERV1-1-I_BT	chr1:112294985-112298852-	chr13:11242622-11248105+	66	165	0	135,171,1778,1780,1786,1790,1811,1812,185,199,87,88	134,170,1772,1774,1780,1784,1804,1805,183,197,87,88	2	2,3,4,5,6,7,28,29,30,31,32,33	145	1719	3875	66|10|3|4|4|1|28|34|6|1|7|1
GA	Bostau	LTR	ERV1	ERV1-1-I_BT	chr1:128060794-128065219+	chr4:104569853-104574564-	56	158	0	3223,3251,3257,3265,3271,3653,3681,3727,3742,3787,3790,3791,3890,3923,3927,3928,3941	3221,3249,3255,3263,3269,3653,3681,3727,3742,3787,3790,3791,3889,3922,3926,3927,3940	3	31,32,33,34,35,41,42,43,44,45,46,47,48,49,50,51,52	338	720	4412	56|25|5|5|6|5|22|22|4|2|5|1
GA	Bostau	LTR	ERV1	ERV1-1-I_BT	chr1:128060794-128065219+	chr13:11235187-11240672+	74	142	0	1756,1758,1764,1768,1791,1792,3618,3653,3725,3727,3755,3843,3851,3876,3891,3907,3941	1774,1776,1782,1786,1806,1807,3637,3672,3744,3746,3774,3861,3869,3894,3909,3925,3959	3	27,28,29,30,31,32,61,62,63,64,65,66,67,68,69,70,71	358	2186	4073	74|9|3|2|4|3|22|14|3|2|4|2
GA	Bostau	LTR	ERV1	ERV1-1-I_BT	chr1:128060794-128065219+	chr13:11242622-11248105+	74	141	0	1756,1758,1764,1768,1791,1792,3618,3653,3725,3727,3755,3843,3851,3876,3891,3907,3941	1772,1774,1780,1784,1804,1805,3635,3670,3742,3744,3772,3859,3867,3892,3907,3923,3957	3	27,28,29,30,31,32,61,62,63,64,65,66,67,68,69,70,71	358	2186	4072	74|9|3|2|4|3|21|14|3|2|4|2
GA	Bostau	LTR	ERV1	ERV1-2-I_BT	chr1:70710730-70712822+	chr7:66453220-66457853-	78	151	0	1044,1052,1066,1086,1103,1104,1107,1111,1123,317,328,336,343,355,362,367,370,992,999	2853,2864,2872,2879,2891,2898,2903,2906,3530,3537,3582,3590,3611,3637,3654,3655,3658,3662,3674	2	10,11,12,13,14,15,16,17,37,38,39,40,41,42,43,44,45,46,47	199	822	2096	78|20|2|1|6|3|16|17|0|3|3|2
GA	Bostau	LTR	ERV1	ERV1-1-I_BT	chr1:129294790-129296961-	chr16:540465-543282+	135	250	0	1105,1116,1124,1126,1144,1233,1241,1254,1265,1273,1277,1290,1302,1332,1351,1352,1356,1360,1384,1399,1401,1406,1407,1414,1441,1443,1451,1464,1467,1480,1521,1574,1779,1788,1790,1792,1796,1797,759,764,765,766,771	1397,1402,1403,1404,1409,1747,1758,1766,1768,1786,1875,1883,1896,1907,1915,1919,1932,1944,1989,2010,2011,2015,2019,2043,2058,2060,2065,2066,2073,2100,2102,2110,2123,2126,2139,2177,2230,2437,2446,2448,2450,2454,2455	6	37,38,39,40,41,63,64,65,66,67,74,75,76,77,78,79,80,81,83,84,85,86,87,88,89,90,91,92,93,94,95,96,97,98,99,100,101,111,112,113,114,115,116	385	1059	2169	135|22|8|3|10|7|18|29|3|6|4|5
GA	Bostau	LTR	ERV1	ERV1-2-I_BT	chr1:76027970-76030327-	chr7:66453220-66457853-	94	245	0	1356,1373,1374,1381,1393,2019,2025,2026,2028,2032	3637,3655,3656,3662,3674,4297,4303,4304,4306,4310	2	46,47,48,49,50,78,79,80,81,82	52	674	2353	94|33|8|6|6|9|33|31|4|11|6|4
GA	Bostau	LTR	ERV1	ERV1-1B-LTR_BT	chr1:142577696-142578732+	chr29:12855740-12856330+	26	74	0	101,107,393,402,404,416,420,76,81,84,86	31,328,337,339,351,355,36,39,41,56,62	2	1,2,3,4,5,6,17,18,19,20,21	60	325	557	26|11|0|3|4|4|5|9|2|4|3|3
GA	Bostau	LTR	ERV1	ERV1-2-I_BT	chr1:76828132-76831021-	chr7:66453220-66457853-	110	312	0	1448,1452,1459,1467,1469,2241,2242,2245,2249,2261	2853,2857,2864,2872,2874,3654,3655,3658,3662,3674	2	49,50,51,52,53,85,86,87,88,89	43	822	2876	110|43|9|4|8|5|47|45|5|15|17|4
GA	Bostau	LTR	ERV1	ERV1-1-I_BT	chr1:146191733-146196106-	chr4:104569853-104574564-	55	159	0	1633,1701,1709,1710,1715,1758,3602,3630,3691,3736,3739,3740,3838,3870,3871,3875,3876	1682,1750,1760,1761,1766,1810,3653,3681,3742,3787,3790,3791,3889,3921,3922,3926,3927	3	9,10,11,12,13,14,42,43,44,45,46,47,48,49,50,51,52	405	2246	3526	55|26|3|3|3|2|24|31|1|2|8|1
GA	Bostau	LTR	ERV1	ERV1-1-I_BT	chr1:146191733-146196106-	chr13:11242622-11248105+	60	142	0	1633,1707,1709,1715,1719,1739,1740,1793,2449,2453,2463,2498,2503,2887,2912,2917,2929,3008,3026,3058	1698,1772,1774,1780,1784,1804,1805,1858,2515,2519,2529,2564,2569,2955,2980,2985,2997,3076,3094,3126	3	10,11,12,13,14,15,16,17,25,26,27,28,29,32,33,34,35,36,37,38	388	1429	3189	60|15|1|2|2|1|26|27|0|3|5|0
GA	Bostau	LTR	ERV1	ERV1-1-I_BT	chr1:146191733-146196106-	chr13:11235187-11240672+	58	142	0	1633,1707,1709,1715,1719,1739,1740,1793,2449,2453,2463,2498,2503,2887,2912,2917,2929,3008,3026,3058	1700,1774,1776,1782,1786,1806,1807,1860,2517,2521,2531,2566,2571,2957,2982,2987,2999,3078,3096,3128	3	8,9,10,11,12,13,14,15,23,24,25,26,27,30,31,32,33,34,35,36	388	1429	3189	58|16|1|2|2|1|27|27|0|3|5|0
GA	Bostau	LTR	ERV1	ERV1-1-I_BT	chr1:146412489-146417219+	chr16:540465-543282+	64	122	0	2679,2700,2765,2778,2779,2795,3554,3561,3593,3608,3617,3675,3702,3707,3709,3727	1002,1029,1034,1036,104,105,1054,121,26,5,881,888,91,920,935,944	3	1,2,3,4,5,6,39,40,41,42,43,45,46,47,48,49	234	1050	1401	64|14|3|2|3|1|7|17|3|2|3|3
GA	Bostau	LTR	ERV1	ALTR39_BT	chr5:28818279-28818883+	chrX:55332006-55332625+	20	48	0	312,314,361,369,372,376,461,469,477,484,493	309,311,358,366,369,373,458,466,474,481,491	2	8,9,10,11,12,13,15,16,17,18,19	99	183	606	20|9|2|1|3|1|7|3|0|1|0|1
GA	Bostau	LTR	ERV1	ERV1-1-I_BT	chr1:148374748-148377865-	chr4:104569853-104574564-	49	100	0	1837,1914,1942,1948,1956,220,226,2582,2615,2619,2620,2633,2667,306,322,323,443,451,452,457,500	1527,1533,1613,1629,1630,1750,1760,1761,1766,1810,3145,3221,3249,3255,3263,3889,3922,3926,3927,3940,3974	4	1,2,3,4,5,6,7,8,9,10,24,25,26,27,28,41,42,43,44,45,46	490	2448	3030	49|12|1|3|3|1|8|14|1|3|5|0
GA	Bostau	LTR	ERV1	ERV1-1-I_BT	chr1:148374748-148377865-	chr13:11235187-11240672+	45	81	0	1042,1197,1242,1247,1274,1277,1631,1656,1752,1770,1914,449,451,457,461,481,482,909	1774,1776,1782,1786,1806,1807,2233,2366,2521,2566,2571,2598,2601,2957,2982,3078,3096,3240	3	4,5,6,7,8,9,14,15,16,17,18,19,20,22,23,24,25,26	687	1467	2753	45|4|3|0|2|0|10|10|1|4|2|0
GA	Bostau	LTR	ERV1	ERV1-1-I_BT	chr1:148374748-148377865-	chr13:11242622-11248105+	46	82	0	1042,1197,1242,1247,1274,1277,1631,1656,1752,1770,1914,449,451,457,461,481,482,909	1772,1774,1780,1784,1804,1805,2231,2364,2519,2564,2569,2596,2599,2955,2980,3076,3094,3238	3	5,6,7,8,9,10,15,16,17,18,19,20,21,23,24,25,26,27	687	1467	2753	46|4|3|0|2|0|10|10|1|4|2|0
GA	Bostau	LTR	ERV1	ERV1-1-I_BT	chr1:148374748-148377865-	chr22:33876018-33879108-	44	87	0	1031,1042,1073,1197,1241,1309,1372,1506,1508,1509,1752,1770,1837,1922,1924,1942	1121,1123,1124,1367,1385,1452,1536,1538,1556,649,660,691,815,859,927,987	3	17,18,19,20,21,22,23,24,25,26,28,29,30,31,32,33	667	908	2721	44|12|2|2|2|0|7|13|0|2|1|2
GA	Bostau	LTR	ERV1	ERV1-1-I_BT	chr1:148374748-148377865-	chrX:74156305-74158920-	94	222	0	1325,1327,1334,1345,1351,1709,1710,1713,1717,1721	1122,1124,1131,1142,1148,1504,1505,1508,1512,1516	2	46,47,48,49,50,64,65,66,67,68	40	395	2556	94|30|6|6|9|8|22|26|5|1|11|4
GA	Bostau	LTR	ERV1	ALTR39_BT	chr5:40268868-40270323+	chr6:45613467-45614926-	38	95	0	457,469,482,501,510,544,545,547,560,572,807,808,821,841,846	370,382,395,414,423,457,458,460,473,485,718,719,732,752,757	3	1,2,3,4,5,6,7,8,9,10,16,17,18,19,20	157	388	1014	38|8|2|1|3|5|12|13|3|4|2|4
GA	Bostau	LTR	ERV1	ALTR39_BT	chr5:58843826-58844401-	chrX:55332006-55332625+	30	69	0	108,129,132,143,318,341,349,350,352,356,441,444,449,457,464,473,478,79	120,141,144,155,325,358,366,367,369,373,458,461,466,474,481,490,495,89	3	2,3,4,5,6,15,16,17,18,19,20,22,23,24,25,26,27,28	154	407	581	30|9|3|0|3|2|6|6|1|1|2|6
GA	Bostau	LTR	ERV1	ERV1-1-I_BT	chr1:157473137-157477835+	chr4:104569853-104574564-	61	150	0	1725,1743,1751,1752,1757,1800,3875,3907,3908,3912,3913	1732,1750,1760,1761,1766,1810,3889,3921,3922,3926,3927	2	14,15,16,17,18,19,51,52,53,54,55	118	2196	4704	61|25|5|4|4|1|17|20|2|3|5|3
GA	Bostau	LTR	ERV1	ERV1-1-I_BT	chr1:157473137-157477835+	chr13:11235187-11240672+	70	121	0	1725,1749,1751,1757,1761,1781,1782,1835,1888,1892,375,3861,3876,3892,3907,395,3959,399,446,623	1750,1774,1776,1782,1786,1806,1807,1860,1913,1917,374,3894,3909,3925,394,3940,398,3992,445,622	3	14,15,16,17,18,29,30,31,32,33,34,35,36,37,38,64,65,66,67,68	516	3619	4062	70|9|5|1|2|0|13|10|2|1|5|3
GA	Bostau	LTR	ERV1	ERV1-1-I_BT	chr1:157473137-157477835+	chr13:11242622-11248105+	71	121	0	1725,1749,1751,1757,1761,1781,1782,1835,1888,1892,3861,3876,3892,3907,3959	1748,1772,1774,1780,1784,1804,1805,1858,1911,1915,3892,3907,3923,3938,3990	2	30,31,32,33,34,35,36,37,38,39,65,66,67,68,69	267	2243	4061	71|8|5|1|2|0|13|10|2|1|5|3
GA	Bostau	LTR	ERV1	ERV1-1-I_BT	chr1:157473137-157477835+	chr8:76138826-76144298-	50	148	0	1761,1811,1860,1882,1892,2958,3046,3050,3064,3121	1786,1836,1885,1907,1917,2974,3067,3071,3085,3142	2	21,22,23,24,25,40,41,42,43,44	301	1357	4060	50|26|6|7|7|3|20|17|3|0|2|7
GA	Bostau	LTR	ERV1	ERV1-1-I_BT	chr1:157473137-157477835+	chr22:33876018-33879108-	49	102	0	2608,2671,2805,2807,2808,2930,3046,3064,3121,3131	1121,1123,1124,1246,1367,1385,1442,1452,927,987	2	26,27,28,29,30,32,33,34,35,36	405	526	2718	49|13|3|3|2|0|13|12|0|1|0|6
GA	Bostau	LTR	ERV1	ERV1-1-I_BT	chr1:157473137-157477835+	chrX:74156305-74158920-	97	230	0	2624,2626,2633,2644,2650,3008,3009,3012,3016,3020	1122,1124,1131,1142,1148,1504,1505,1508,1512,1516	2	48,49,50,51,52,67,68,69,70,71	40	395	2552	97|33|7|8|9|8|24|23|5|0|11|5
GA	Bostau	LTR	ERV1	ERV1-1-I_BT	chr1:157473137-157477835+	chr16:540465-543282+	65	117	0	2650,2671,2706,2736,2749,2750,2766,3071,3073,3121,3127,3138	104,105,121,26,430,432,485,491,5,502,61,91	2	1,2,3,4,5,6,7,18,19,20,21,22	190	498	1393	65|16|2|2|3|1|7|10|2|2|2|5
GA	Bostau	LTR	ERV1	ERV1-2-I_BT	chr1:82672640-82678692-	chr7:66453220-66457853-	132	337	0	4172,4216,4260,4266,4274,5067,5084,5085,5088,5092,5104,5114,5436,5449,5464,5476,5490,5492	2751,2795,2839,2845,2853,3637,3654,3655,3658,3662,3674,3684,4016,4029,4044,4056,4070,4072	3	65,66,67,68,69,97,98,99,100,101,102,103,112,113,114,115,116,117	208	1322	4627	132|46|10|6|9|6|55|37|13|5|13|5
GA	Bostau	LTR	ERV1	ERV1-2C-LTR_BT	chr1:144194628-144195131+	chr10:41109352-41109864-	18	51	0	169,173,177,179,181,182,58,72,74,81,88	169,173,175,177,179,180,58,72,74,81,88	2	2,3,4,5,6,7,8,9,10,11,12	124	123	500	18|5|4|1|0|1|7|9|0|1|2|3
GA	Bostau	LTR	ERV1	ERV1-2C-LTR_BT	chr1:144932913-144933418-	chr5:16095522-16095957+	12	20	0	107,122,154,160,164,174,185,189,72,97	106,121,153,159,163,173,186,190,71,96	2	3,4,5,6,7,8,9,10,11,12	121	120	209	12|2|1|0|0|1|2|1|0|0|0|1
GA	Bostau	LTR	ERV1	ALTR39_BT	chr8:88681871-88682468-	chrX:55332006-55332625+	32	84	0	354,363,371,374,378,463,466,467,471,479,486	349,358,366,369,373,458,461,462,466,474,481	2	16,17,18,19,20,23,24,25,26,27,28	49	133	596	32|18|3|1|4|2|8|6|0|3|3|4
GA	Bostau	LTR	ERV1	ERV1-1-I_BT	chr10:5649414-5654151+	chr4:104569853-104574564-	56	165	0	1549,1551,1555,1635,1651,1652,1772,1780,1781,1786,1828,1900,3708,3814,3817,3818,3834	1527,1529,1533,1613,1629,1630,1750,1760,1761,1766,1810,1876,3681,3787,3790,3791,3807	3	8,9,10,11,12,13,14,15,16,17,18,19,44,45,46,47,48	478	2281	4724	56|23|3|3|8|2|28|22|5|6|7|2
GA	Bostau	LTR	ERV1	ERV1-1-I_BT	chr10:5649414-5654151+	chr13:11235187-11240672+	71	152	0	135,136,1778,1780,1786,1790,1810,1869,40,58,88,89	135,136,1774,1776,1782,1786,1807,1860,40,58,88,89	2	1,2,3,4,5,6,29,30,31,32,33,34	184	1821	4084	71|12|1|2|5|0|29|16|4|4|6|2
GA	Bostau	LTR	ERV1	ERV1-1-I_BT	chr10:5649414-5654151+	chr13:11242622-11248105+	72	152	0	136,1778,1780,1786,1790,1810,1869,40,58,88,89	134,1772,1774,1780,1784,1805,1858,39,57,87,88	2	1,2,3,4,5,30,31,32,33,34,35	183	1820	4083	72|12|1|2|5|0|28|16|4|4|6|2
GA	Bostau	LTR	ERV1	ERV1-1-I_BT	chr10:5649414-5654151+	chrX:74156305-74158920-	92	229	0	2658,2667,2673,2678,2684,3042,3043,3046,3050,3054	1122,1131,1137,1142,1148,1504,1505,1508,1512,1516	2	46,47,48,49,50,62,63,64,65,66	40	395	2564	92|31|4|6|10|8|26|23|8|2|12|7
GA	Bostau	LTR	ERV1	ERV1-1-I_BT	chr10:82024939-82026141-	chr4:104569853-104574564-	19	49	0	143,171,232,277,280,281,379,411,412,416,417	3653,3681,3742,3787,3790,3791,3889,3921,3922,3926,3927	2	4,5,6,7,8,9,10,11,12,13,14	276	275	1201	19|8|0|3|3|0|7|7|0|1|0|1
GA	Bostau	LTR	ERV1	ERV1-1-I_BT	chr10:95246292-95247388-	chr4:104569853-104574564-	18	39	0	353,414,459,462,463,561,594,598,599,646	3681,3742,3787,3790,3791,3889,3922,3926,3927,3974	2	6,7,8,9,10,11,12,13,14,15	295	294	1083	18|5|0|4|0|1|4|5|0|1|1|0
GA	Bostau	LTR	ERV1	ERV1-2-I_BT	chr1:103453401-103454948-	chr7:66453220-66457853-	66	173	0	1490,1507,1508,1511,1515,1527,726,733,745,757,760	2872,2879,2891,2903,2906,3637,3654,3655,3658,3662,3674	2	29,30,31,32,33,61,62,63,64,65,66	73	803	1541	66|23|4|2|6|4|28|24|5|5|4|2
GA	Bostau	LTR	ERV1	ERV1-2C-LTR_BT	chr10:76083541-76084042-	chr29:21924388-21924838+	12	24	0	106,143,168,175,178,180,181,182,183,185,186	107,144,169,175,178,180,181,182,183,185,186	1	2,3,4,5,6,7,8,9,10,11,12	80	80	211	12|3|1|0|2|0|2|1|2|0|1|0
GA	Bostau	LTR	ERV1	ERV1-2-I_BT	chr1:109517287-109519415-	chr7:66453220-66457853-	84	239	0	101,113,133,148,149,1493,1510,1511,1514,1518,70	2210,2241,2253,2273,2288,2289,3637,3654,3655,3658,3662	2	3,4,5,6,7,8,60,61,62,63,64	106	1453	2105	84|40|5|3|4|7|40|25|6|8|12|5
GA	Bostau	LTR	ERV1	ERV1-1C-LTR_BT	chr10:64486584-64487343-	chr13:43891378-43892140+	15	42	0	138,142,160,191,193,198,410,444,465,476,479,483	138,142,160,206,208,213,413,447,468,479,482,486	2	3,4,5,6,7,8,9,10,11,12,13,14	350	349	760	15|10|0|1|2|2|3|3|3|0|2|1
GA	Bostau	LTR	ERV1	ERV1-2-I_BT	chr1:118444897-118450027-	chr7:66453220-66457853-	135	310	0	2654,2662,2664,2711,2774,2789,3369,3376,3388,3395,3400,3403,3481,3504,3527,3546,3581,4130,4147,4148,4151,4155,4167,4510,4523,4532,4538,4550,4564,4566,4963,4964,4997,5018,5027	2153,2161,2163,2210,2273,2288,2872,2879,2891,2898,2903,2906,2984,3007,3030,3049,3084,3637,3654,3655,3658,3662,3674,4016,4029,4038,4044,4057,4070,4072,4461,4462,4500,4521,4530	6	51,52,53,54,55,56,72,73,74,75,76,77,81,82,83,84,85,98,99,100,101,102,103,114,115,116,117,118,119,120,129,130,131,132,133	437	2378	4622	135|51|10|6|9|6|41|28|7|6|8|3
GA	Bostau	LTR	ERV1	ERV1-1-I_BT	chr11:31867771-31872415-	chrX:74156305-74158920-	92	259	0	2567,2569,2576,2582,2587,2593,2951,2952,2955,2959,2963,2973,2994	1122,1124,1131,1137,1142,1148,1504,1505,1508,1512,1516,1526,1547	2	43,44,45,46,47,48,63,64,65,66,67,68,69	71	426	2548	92|36|6|4|9|12|32|36|7|4|11|10
GA	Bostau	LTR	ERV1	ERV1-1-I_BT	chr11:50129124-50133791-	chr22:33876018-33879108-	43	105	0	3033,3100,3156,3189,3191,3209,3609,3614,3641,3789,3850	1385,1452,1504,1536,1538,1556,1956,1961,1988,2136,2197	2	25,26,27,28,29,30,33,34,35,36,37	414	813	2724	43|14|2|2|1|2|9|19|0|3|7|3
GA	Bostau	LTR	ERV1	ERV1-1-I_BT	chr11:50129124-50133791-	chrX:74156305-74158920-	92	231	0	2597,2599,2606,2612,2617,2623,2972,2973,2976,2980,2984,3789,3795,3809,3813,3823	1122,1124,1131,1137,1142,1148,1504,1505,1508,1512,1516,2315,2321,2335,2339,2349	3	41,42,43,44,45,46,60,61,62,63,64,86,87,88,89,90	75	1228	2559	92|26|6|5|8|11|23|30|6|1|14|9
GA	Bostau	LTR	ERV1	ERV1-1-I_BT	chr11:53907635-53912419-	chrX:74156305-74158920-	75	202	0	2674,2676,2683,2689,2694,2700,3057,3058,3061,3065,3069	1122,1124,1131,1137,1142,1148,1504,1505,1508,1512,1516	2	26,27,28,29,30,31,45,46,47,48,49	40	395	2120	75|28|3|5|8|7|29|25|7|3|8|4
GA	Bostau	LTR	ERV1	ERV1-1-I_BT	chr11:103361923-103365071-	chrX:74156305-74158920-	75	175	0	2585,2587,2594,2600,2605,2611,2968,2969,2972,2976,2980	1122,1124,1131,1137,1142,1148,1504,1505,1508,1512,1516	2	45,46,47,48,49,50,64,65,66,67,68	40	395	1685	75|18|6|5|10|7|18|18|4|1|8|5
GA	Bostau	LTR	ERV1	ERV1-1-I_BT	chr11:103361923-103365071-	chr16:539127-540194+	53	125	0	2361,2380,2396,2406,2410,2586,2587,2594,2600,2604,2611	1030,1031,1038,1044,1048,1055,806,825,841,851,855	2	38,39,40,41,42,48,49,50,51,52,53	76	250	1056	53|19|1|8|4|1|10|13|1|4|6|5
GA	Bostau	LTR	ERV1	ERV1-1-I_BT	chr12:411985-415075+	chr16:540465-543282+	147	315	0	1699,1700,1701,1706,1707,1878,1883,1888,1899,1900,1903,1912,2175,2196,2215,2219,2232,2244,2326,2330,2343,2348,2349,2356,2383,2385,2393,2406,2409,2422,2424,2463,2571,2584,2585,2590,2594,475,478,479,503,505	1402,1403,1404,1409,1410,1578,1583,1588,1599,1600,1603,161,1612,164,165,1875,189,1896,191,1915,1919,1932,1944,2043,2047,2060,2065,2066,2073,2100,2102,2110,2123,2126,2139,2141,2177,2285,2298,2299,2304,2308	7	9,10,11,12,13,57,58,59,60,61,70,71,72,73,74,75,76,94,95,96,97,98,99,103,104,105,106,107,108,109,110,111,112,113,114,115,116,117,118,119,120,121	413	2148	2787	147|32|12|5|18|9|30|36|4|10|9|3
GA	Bostau	LTR	ERV1	ERV1-1-I_BT	chr12:811330-812697+	chr16:540465-543282+	82	162	0	366,370,371,372,373,494,533,547,552,557,561,564,568,572,581,686,692,694,714,717,723,734,742,744,762,883,891,895,908,909	1397,1401,1402,1403,1404,1524,1563,1578,1583,1588,1592,1595,1599,1603,1612,1710,1716,1718,1738,1741,1747,1758,1766,1768,1786,1907,1915,1919,1932,1933	6	13,14,15,16,17,27,28,29,30,31,32,33,34,35,36,40,41,42,43,44,45,46,47,48,49,54,55,56,57,58	203	537	1369	82|11|5|1|9|6|14|18|1|4|3|8
GA	Bostau	LTR	ERV1	ERV1-2-I_BT	chr1:143840349-143843084+	chr7:66453220-66457853-	47	101	0	1539,1546,1583,1591,1599,1628,1646,1663,1664,1667,1671,2000,2020,2024,2037,2052,2062,2064,2078,2080	3530,3537,3574,3582,3590,3619,3637,3654,3655,3658,3662,3992,4012,4016,4029,4044,4054,4056,4070,4072	3	13,14,15,16,17,19,20,21,22,23,24,34,35,36,37,38,39,40,41,42	186	543	989	47|14|0|1|2|4|11|16|0|0|3|3
GA	Bostau	LTR	ERV1	ERV1-1-I_BT	chr12:17799484-17802435-	chr22:33876018-33879108-	47	106	0	1231,1249,1316,1401,1403,1421,512,523,554,617,667,678,790,821,853	1367,1385,1452,1536,1538,1556,649,660,691,754,804,815,927,955,987	2	13,14,15,16,17,18,19,20,21,26,27,28,29,30,31	529	908	2952	47|12|1|3|1|2|10|17|2|5|2|4
GA	Bostau	LTR	ERV1	ERV1-1-I_BT	chr12:17799484-17802435-	chrX:74156305-74158920-	84	204	0	1188,1189,1192,1196,1200,806,808,815,821,826,832	1122,1124,1131,1137,1142,1148,1504,1505,1508,1512,1516	2	33,34,35,36,37,38,53,54,55,56,57	40	395	2232	84|31|2|6|5|10|19|25|6|4|7|5
GA	Bostau	LTR	ERV1	ERV1-1-I_BT	chr12:20313684-20319174-	chr13:11235187-11240672+	71	127	0	136,137,173,201,216,236,253,311,3278,3294,3390,3542,3544,376,3898,3913,3929,396,400,4073,4080,41,447,4620,4641,4670,4726,4829,59,623,630,717,722,89,90	135,136,172,199,214,234,251,309,3274,3290,3386,3538,3540,374,3894,3909,3925,394,398,40,4069,4076,445,4616,4637,4665,4721,4824,58,622,629,716,721,88,89	4	1,2,3,4,5,6,7,8,9,10,11,12,13,14,15,16,17,18,19,20,45,46,47,48,49,57,58,59,60,61,64,65,66,67,68	1341	4785	5487	71|11|1|2|2|0|21|10|1|3|3|2
GA	Bostau	LTR	ERV1	ERV1-1-I_BT	chr12:20313684-20319174-	chr13:11242622-11248105+	71	125	0	137,173,201,216,236,253,311,3278,3294,3390,3542,3544,376,3898,3913,3929,396,400,4073,4080,41,447,4620,4641,4670,4726,4829,59,89,90	134,170,197,212,232,249,307,3272,3288,3384,3536,3538,372,3892,39,3907,392,3923,396,4067,4074,443,4614,4635,4663,4719,4822,57,87,88	4	1,2,3,4,5,6,7,8,9,10,11,12,13,14,15,45,46,47,48,49,57,58,59,60,61,64,65,66,67,68	1064	4784	5486	71|11|1|2|2|0|19|10|1|3|3|2
GA	Bostau	LTR	ERV1	ERV1-1-I_BT	chr12:20313684-20319174-	chr8:76138826-76144298-	67	197	0	1288,1295,1317,1327,1335,1842,1891,1913,1923,1971,1993,4141,4149,4191,4254,4265,4294,4392,4393	1283,1290,1312,1322,1330,1836,1885,1907,1917,1965,1987,4126,4134,4176,4239,4250,4279,4377,4378	3	9,10,11,12,13,17,18,19,20,21,22,44,45,46,47,48,49,50,51	453	3096	5481	67|35|4|8|9|4|34|23|3|2|3|5
GA	Bostau	LTR	ERV1	ERV1-1-I_BT	chr12:20313684-20319174-	chr16:540465-543282+	153	262	0	2681,2702,2737,2767,2780,2781,2797,4073,4078,4079,4080,4085,4086,4171,4177,4180,4191,4201,4240,4254,4259,4264,4266,4271,4275,4276,4279,4294,4297,4386,4392,4397,4414,4417,4583,4591,4595,4608,4620,4725,4726,4733,4760,4770,4783	104,105,121,1397,1402,1403,1404,1409,1410,1494,1500,1503,1514,1524,1563,1578,1583,1588,1590,1595,1599,1600,1603,1618,1621,1710,1716,1721,1738,1741,1907,1915,1919,1932,1944,2065,2066,2073,2100,2110,2123,26,5,61,91	7	1,2,3,4,5,6,7,64,65,66,67,68,69,75,76,77,78,79,80,81,82,83,84,85,86,87,88,89,90,92,93,94,95,96,107,108,109,110,111,119,120,121,122,123,124	389	2119	2811	153|34|7|2|11|4|12|20|3|6|4|6
GA	Bostau	LTR	ERV1	ERV1-1-I_BT	chr12:20313684-20319174-	chrX:74156305-74158920-	94	233	0	2655,2657,2664,2675,2681,3039,3040,3043,3047,3051	1122,1124,1131,1142,1148,1504,1505,1508,1512,1516	2	47,48,49,50,51,66,67,68,69,70	40	395	2621	94|33|5|8|8|9|28|26|5|1|11|5
GA	Bostau	LTR	ERV1	ERV1-2-I_BT	chr10:26341017-26345652+	chr7:66453220-66457853-	139	336	0	2168,2176,2225,2288,2303,3531,3538,3575,3583,3591,3638,3655,3656,3659,3663,4017,4030,4045,4057,4071,4073	2153,2161,2210,2273,2288,3530,3537,3574,3582,3590,3637,3654,3655,3658,3662,4016,4029,4044,4056,4070,4072	4	46,47,48,49,50,90,91,92,93,94,96,97,98,99,100,113,114,115,116,117,118	280	1920	4634	139|54|5|7|16|4|48|37|8|7|8|3
GA	Bostau	LTR	ERV1	ERV1-1-I_BT	chr12:37571236-37576727-	chr14:25805696-25811187-	37	66	0	327,4150,4394,4415,4419,4436,4517,4622,467,4728,557,710,735	324,4150,4394,4415,4419,4436,4517,4622,464,4728,555,708,733	2	1,2,3,4,5,25,26,27,28,29,30,31,32	989	4405	5491	37|6|4|3|0|0|9|3|2|0|2|0
GA	Bostau	LTR	ERV1	ERV1-1-I_BT	chr12:37571236-37576727-	chr13:11242622-11248105+	75	119	0	138,1639,174,1782,1784,1790,1794,1814,1815,1868,1921,2006,202,237,254,312,3643,3678,3688,3750,377,3780,3900,3915,3931,397,401,4075,4082,42,448,4622,4643,467,4671,4721,4727,4830,60,90,91	134,1629,170,1772,1774,1780,1784,1804,1805,1858,1911,197,1996,232,249,307,3635,3670,3680,372,3742,3772,3892,39,3907,392,3923,396,4067,4074,443,4614,462,4635,4663,4713,4719,4822,57,87,88	6	1,2,3,4,5,6,7,8,9,10,11,12,13,14,15,24,25,26,27,28,29,30,31,32,33,52,53,54,55,56,59,60,61,62,63,66,67,68,69,70,71	1323	4784	5487	75|9|3|2|2|0|11|9|1|2|3|2
GA	Bostau	LTR	ERV1	ERV1-1-I_BT	chr12:37571236-37576727-	chr13:11235187-11240672+	76	123	0	137,138,1639,174,1782,1784,1790,1794,1814,1815,1868,1921,2006,202,237,254,312,3643,3678,3688,3750,377,3780,3900,3915,3931,397,401,4075,4082,42,448,4622,4643,467,4671,4721,4727,4830,60,625,719,724,90,91	135,136,1631,172,1774,1776,1782,1786,1806,1807,1860,1913,199,1998,234,251,309,3637,3672,3682,374,3744,3774,3894,3909,3925,394,398,40,4069,4076,445,4616,4637,464,4665,4715,4721,4824,58,622,716,721,88,89	6	1,2,3,4,5,6,7,8,9,10,11,12,13,14,15,16,17,18,19,25,26,27,28,29,30,31,32,33,34,53,54,55,56,57,60,61,62,63,64,67,68,69,70,71,72	1581	4785	5488	76|9|3|2|2|0|14|9|1|2|3|2
GA	Bostau	LTR	ERV1	ERV1-1-I_BT	chr12:37571236-37576727-	chr8:76138826-76144298-	68	187	0	1794,1844,1893,1915,1973,1995,4143,4151,4193,4256,4267,4296,4394,4395	1786,1836,1885,1907,1965,1987,4126,4134,4176,4239,4250,4279,4377,4378	2	16,17,18,19,20,21,43,44,45,46,47,48,49,50	455	2593	5481	68|33|6|8|9|4|24|23|3|1|2|6
GA	Bostau	LTR	ERV1	ERV1-1-I_BT	chr12:37571236-37576727-	chr4:104569853-104574564-	50	111	0	1639,1655,1656,1776,1784,1785,1790,1833,3595,3597,3600,3678,3688,3706,3767,3812,3815,3816	1613,1629,1630,1750,1760,1761,1766,1810,3570,3572,3575,3653,3663,3681,3742,3787,3790,3791	2	8,9,10,11,12,13,14,15,36,37,38,39,40,41,42,43,44,45	420	2179	4076	50|17|3|3|4|2|11|13|1|3|4|0
GA	Bostau	LTR	ERV1	ERV1-1-I_BT	chr12:37571236-37576727-	chrX:74156305-74158920-	95	226	0	2657,2659,2666,2677,2683,3041,3042,3045,3049,3053	1122,1124,1131,1142,1148,1504,1505,1508,1512,1516	2	46,47,48,49,50,65,66,67,68,69	40	395	2621	95|29|6|8|8|9|24|26|5|0|10|6
GA	Bostau	LTR	ERV1	ERV1-1-I_BT	chr12:37571236-37576727-	chr16:540465-543282+	162	268	0	2683,2704,2739,2769,2782,2783,2799,4075,4080,4081,4082,4087,4088,4173,4179,4182,4193,4203,4242,4256,4261,4266,4268,4273,4277,4278,4281,4296,4299,4388,4394,4399,4416,4419,4585,4593,4597,4610,4622,4726,4727,4734,4761,4771,4784,5042,5048,5050,5069,5072	104,105,121,1397,1402,1403,1404,1409,1410,1494,1500,1503,1514,1524,1563,1578,1583,1588,1590,1595,1599,1600,1603,1618,1621,1710,1716,1721,1738,1741,1907,1915,1919,1932,1944,2065,2066,2073,2100,2110,2123,2380,2386,2388,2407,2410,26,5,61,91	8	1,2,3,4,5,6,7,66,67,68,69,70,71,77,78,79,80,81,82,83,84,85,86,87,88,89,90,91,92,94,95,96,97,98,111,112,113,114,115,124,125,126,127,128,129,136,137,138,139,140	420	2406	2811	162|30|8|3|11|4|10|20|3|6|4|7
GA	Bostau	LTR	ERV1	ERV1-2-I_BT	chr10:50036720-50037975-	chr7:66453220-66457853-	44	100	0	1102,1103,1136,1157,1166,1184,252,270,287,288,291,295,307,596,597,649,662,689	3619,3637,3654,3655,3658,3662,3674,3963,3964,4016,4029,4056,4461,4462,4500,4521,4530,4548	3	8,9,10,11,12,13,14,22,23,24,25,26,37,38,39,40,41,42	238	930	1247	44|14|2|1|3|0|15|7|3|3|6|2
GA	Bostau	LTR	ERV1	ERV1-2-LTR_BT	chr19:24145680-24146104+	chrX:77142068-77142466+	11	29	0	100,137,198,279,306,309,312,368,375,98,99	135,196,273,299,302,305,342,349,96,97,98	2	1,2,3,4,5,6,7,8,9,10,11	255	254	405	11|3|2|0|0|3|1|3|1|0|4|1
GA	Bostau	LTR	ERV1	ERV1-2-I_BT	chr10:73962493-73966739+	chr7:66453220-66457853-	124	296	0	1229,1231,1250,1307,1319,2484,2491,2503,2510,2515,2518,3230,3248,3265,3266,3269,3273,3285,3301,3627,3640,3655,3667,3681,3683	1618,1620,1639,1696,1708,2872,2879,2891,2898,2903,2906,3619,3637,3654,3655,3658,3662,3674,3690,4016,4029,4044,4056,4070,4072	4	24,25,26,27,28,59,60,61,62,63,64,84,85,86,87,88,89,90,91,101,102,103,104,105,106	255	2455	4257	124|44|4|6|10|6|40|33|7|9|8|5
GA	Bostau	LTR	ERV1	ERV1-1-I_BT	chr12:57702322-57707023+	chrX:74156305-74158920-	96	239	0	2657,2659,2666,2672,2677,2683,3041,3042,3045,3049,3053	1122,1124,1131,1137,1142,1148,1504,1505,1508,1512,1516	2	46,47,48,49,50,51,65,66,67,68,69	40	395	2552	96|28|7|6|8|12|28|30|7|2|10|5
GA	Bostau	LTR	ERV1	ERV1-2-I_BT	chr10:82098440-82102162-	chr7:66453220-66457853-	110	243	0	1996,2003,2015,2022,2027,2030,2108,2131,2173,2197,2208,2523,2530,2564,2650,2654,2661,2778,2779,2782,2786,2798,3139,3152,3167,3179,3193,3195,737,739,807,815,827	1618,1620,1688,1696,1708,2872,2879,2891,2898,2903,2906,2984,3007,3049,3073,3084,3399,3406,3440,3526,3530,3537,3654,3655,3658,3662,3674,4016,4029,4044,4056,4070,4072	6	15,16,17,18,19,46,47,48,49,50,51,55,56,57,58,59,66,67,68,69,70,71,75,76,77,78,79,92,93,94,95,96,97	444	2455	3615	110|32|6|5|10|7|24|24|9|7|6|3
GA	Bostau	LTR	ERV1	ERV1-1-I_BT	chr13:11235187-11240672+	chr16:540465-543282+	142	274	0	2675,2696,2761,2774,2775,4167,4173,4176,4178,4187,4197,4255,4260,4262,4267,4271,4272,4275,4290,4293,4720,4728,4755,4765,4778	104,105,1494,1500,1503,1505,1514,1524,1583,1588,1590,1595,1599,1600,1603,1618,1621,2065,2073,2100,2110,2123,26,5,91	4	1,2,3,4,5,63,64,65,66,67,68,70,71,72,73,74,75,76,77,78,106,107,108,109,110	230	2119	2812	142|33|9|4|12|8|23|22|3|7|5|6
GA	Bostau	LTR	ERV1	ERV1-1-I_BT	chr13:11235187-11240672+	chrX:74156305-74158920-	83	236	0	2649,2651,2658,2664,2669,2675,3035,3036,3039,3043,3047	1122,1124,1131,1137,1142,1148,1504,1505,1508,1512,1516	2	40,41,42,43,44,45,58,59,60,61,62	40	395	2622	83|33|7|7|8|9|42|24|6|0|11|6
GA	Bostau	LTR	ERV1	ERV1-2C-LTR_BT	chr13:11365106-11365560+	chr9:53354336-53354749-	20	33	0	173,175,177,189,200,207,212,66,72,77,88,92	172,174,176,189,200,207,215,66,72,77,88,92	2	5,6,7,8,9,14,15,16,17,18,19,20	71	150	224	20|2|0|2|0|0|1|2|0|2|4|0
GA	Bostau	LTR	ERV1	ERV1-1-I_BT	chr13:11242622-11248105+	chr16:540465-543282+	142	274	0	2673,2694,2759,2772,2773,4165,4171,4174,4176,4185,4195,4253,4258,4260,4265,4269,4270,4273,4288,4291,4718,4726,4753,4763,4776	104,105,1494,1500,1503,1505,1514,1524,1583,1588,1590,1595,1599,1600,1603,1618,1621,2065,2073,2100,2110,2123,26,5,91	4	1,2,3,4,5,63,64,65,66,67,68,70,71,72,73,74,75,76,77,78,106,107,108,109,110	230	2119	2812	142|33|9|4|12|8|23|22|3|7|5|6
GA	Bostau	LTR	ERV1	ERV1-1-I_BT	chr13:11242622-11248105+	chrX:74156305-74158920-	83	237	0	2647,2649,2656,2662,2667,2673,3033,3034,3037,3041,3045	1122,1124,1131,1137,1142,1148,1504,1505,1508,1512,1516	2	40,41,42,43,44,45,58,59,60,61,62	40	395	2622	83|33|7|7|8|9|43|24|6|0|11|6
GA	Bostau	LTR	ERV1	ERV1-1-I_BT	chr13:16628751-16631868-	chr4:104569853-104574564-	49	99	0	1837,1842,1914,1942,1948,1956,220,2263,2265,2268,2346,2374,2582,2615,2619,2620,2633,306,322,323,443,451,452,457,500	1527,1613,1629,1630,1750,1760,1761,1766,1810,3145,3150,3221,3249,3255,3263,3570,3572,3575,3653,3681,3889,3922,3926,3927,3940	4	1,2,3,4,5,6,7,8,9,23,24,25,26,27,28,32,33,34,35,36,41,42,43,44,45	567	2414	3030	49|11|1|6|3|1|7|13|1|2|5|0
GA	Bostau	LTR	ERV1	ERV1-1-I_BT	chr13:16628751-16631868-	chr22:33876018-33879108-	48	95	0	1031,1042,1073,1197,1241,1309,1372,1506,1508,1509,1837,1842,1922,1924,1942	1121,1123,1124,1452,1457,1536,1538,1556,649,660,691,815,859,927,987	3	19,20,21,22,23,24,25,26,27,28,33,34,35,36,37	582	908	2721	48|12|2|4|2|0|10|13|0|1|1|2
GA	Bostau	LTR	ERV1	ERV1-1-I_BT	chr13:16628751-16631868-	chrX:74156305-74158920-	96	222	0	1325,1327,1334,1345,1351,1709,1710,1713,1717,1721	1122,1124,1131,1142,1148,1504,1505,1508,1512,1516	2	48,49,50,51,52,67,68,69,70,71	40	395	2556	96|29|5|8|9|8|23|25|4|0|11|4
GA	Bostau	LTR	ERV1	ERV1-1-I_BT	chr13:43261340-43266138+	chr4:104569853-104574564-	53	130	0	1653,1654,1774,1782,1783,1788,3161,3238,3266,3272,3280,3670,3698,3759,3804,3807,3808	1629,1630,1750,1760,1761,1766,3145,3221,3249,3255,3263,3653,3681,3742,3787,3790,3791	3	10,11,12,13,14,15,29,30,31,32,33,40,41,42,43,44,45	396	2163	4427	53|21|3|5|7|2|13|16|2|4|4|0
GA	Bostau	LTR	ERV1	ERV1-1-I_BT	chr13:43261340-43266138+	chrX:74156305-74158920-	98	238	0	1769,1780,1783,1792,1797,2635,2648,2650,2657,2663,2668,2674,3033,3034,3037,3041,3045	1109,1122,1124,1131,1137,1142,1148,1504,1505,1508,1512,1516,248,259,262,271,276	3	9,10,11,12,13,48,49,50,51,52,53,54,70,71,72,73,74	82	1269	2553	98|30|6|12|9|8|29|24|6|1|10|5
GA	Bostau	LTR	ERV1	ERV1-1-I_BT	chr13:43261340-43266138+	chr16:540465-543282+	63	114	0	2674,2695,2730,2760,2773,2774,3939,3964,3994,4012,4032	104,105,1270,1294,1324,1342,1362,26,5,61,91	2	1,2,3,4,5,6,58,59,60,61,62	194	1358	1401	63|15|2|1|5|2|6|11|2|2|2|3
GA	Bostau	LTR	ERV1	ERV1-2-I_BT	chr11:31423941-31427959+	chr7:66453220-66457853-	121	272	0	1231,1288,1318,1331,1332,2255,2262,2274,2281,2286,2289,3022,3039,3040,3043,3047,3059,3401,3414,3429,3455,3457,3849,3854,3855,3874,3888	1847,1899,1929,1944,1945,2872,2879,2891,2898,2903,2906,3637,3654,3655,3658,3662,3674,4016,4029,4044,4070,4072,4456,4461,4462,4482,4500	5	26,27,28,29,30,55,56,57,58,59,60,84,85,86,87,88,89,99,100,101,102,103,113,114,115,116,117	274	2654	4013	121|41|3|6|10|5|30|31|8|8|7|2
GA	Bostau	LTR	ERV1	ERV1-1-I_BT	chr13:48486568-48490510+	chr16:540465-543282+	61	117	0	2199,2234,2264,2277,2278,2294,2910,2927,2944,2961,2965,2975	104,105,121,26,61,735,752,769,791,795,805,91	2	2,3,4,5,6,7,32,33,34,35,36,37	167	780	1395	61|12|1|0|7|3|6|15|2|2|3|5
GA	Bostau	LTR	ERV1	ERV1-1-I_BT	chr13:74019988-74025477-	chr4:104569853-104574564-	46	122	0	1774,1782,1783,1788,1831,1897,3167,3244,3272,3278,3286,3593,3595,3676,3704,3765,3810,3813,3814	1750,1760,1761,1766,1810,1876,3145,3221,3249,3255,3263,3570,3572,3653,3681,3742,3787,3790,3791	3	9,10,11,12,13,14,26,27,28,29,30,34,35,36,37,38,39,40,41	468	2042	4075	46|21|2|2|5|2|19|17|2|3|3|0
GA	Bostau	LTR	ERV1	ERV1-1-I_BT	chr13:74019988-74025477-	chrX:74156305-74158920-	91	226	0	2655,2657,2664,2675,2681,3039,3040,3043,3047,3051	1122,1124,1131,1142,1148,1504,1505,1508,1512,1516	2	43,44,45,46,47,62,63,64,65,66	40	395	2621	91|34|5|7|8|9|25|25|5|2|10|5
GA	Bostau	LTR	ERV1	ERV1-1-I_BT	chr13:74019988-74025477-	chr16:540465-543282+	160	272	0	2702,2737,2767,2780,2781,2797,4073,4078,4079,4080,4085,4086,4168,4171,4177,4180,4191,4201,4240,4254,4259,4264,4266,4271,4275,4276,4279,4294,4297,4386,4392,4397,4414,4417,4583,4591,4595,4608,4620,4724,4725,4732,4759,4769,4782,5040,5046,5048,5067,5070	104,105,121,1397,1402,1403,1404,1409,1410,1491,1494,1500,1503,1514,1524,1563,1578,1583,1588,1590,1595,1599,1600,1603,1618,1621,1710,1716,1721,1738,1741,1907,1915,1919,1932,1944,2065,2066,2073,2100,2110,2123,2380,2386,2388,2407,2410,26,61,91	8	2,3,4,5,6,7,65,66,67,68,69,70,76,77,78,79,80,81,82,83,84,85,86,87,88,89,90,91,92,94,95,96,97,98,110,111,112,113,114,123,124,125,126,127,128,136,137,138,139,140	402	2385	2811	160|33|7|2|13|5|10|21|4|7|4|6
GA	Bostau	LTR	ERV1	ERV1-2-I_BT	chr11:36758894-36761547+	chr7:66453220-66457853-	92	236	0	125,131,133,146,147,166,455,469,487,505,506,508,512,514,726,733,745,757,760	2267,2273,2275,2288,2289,2308,2595,2609,2627,2651,2652,2654,2658,2660,2872,2879,2891,2903,2906	3	7,8,9,10,11,12,18,19,20,21,22,23,24,25,33,34,35,36,37	143	640	2143	92|32|3|4|9|8|38|27|4|7|9|3
GA	Bostau	LTR	ERV1	ERV1-2-I_BT	chr11:40678043-40680114-	chr7:66453220-66457853-	84	183	0	1448,1452,1465,1480,1490,1492,1506,1508,313,320,330,332,344,347	2872,2879,2889,2891,2903,2906,4012,4016,4029,4044,4054,4056,4070,4072	2	13,14,15,16,17,18,56,57,58,59,60,61,62,63	96	1201	2075	84|29|2|1|2|7|20|18|4|4|7|5
GA	Bostau	LTR	ERV1	ERV1-1-I_BT	chr13:77632795-77633419+	chr16:540465-543282+	41	80	0	393,398,399,400,406,484,485,491,494,505,515,554,568,573,578,580,585,589,590,593	1397,1402,1403,1404,1410,1493,1494,1500,1503,1514,1524,1563,1578,1583,1588,1590,1595,1599,1600,1603	3	16,17,18,19,20,25,26,27,28,29,30,31,32,33,34,35,36,37,38,39	126	207	629	41|10|3|2|1|4|4|9|4|0|0|2
GA	Bostau	LTR	ERV1	ERV1-1-I_BT	chr13:77697149-77699305-	chr16:540465-543282+	91	216	0	1821,1823,1826,1827,1828,1833,1834,1986,2000,2005,2010,2012,2017,2021,2022,2025	1397,1399,1402,1403,1404,1409,1410,1563,1578,1583,1588,1590,1595,1599,1600,1603	2	63,64,65,66,67,68,69,79,80,81,82,83,84,85,86,87	55	207	1730	91|27|7|6|9|9|18|28|7|4|3|7
GA	Bostau	LTR	ERV1	ERV1-2-I_BT	chr11:52160629-52163515-	chr7:66453220-66457853-	75	162	0	1128,1140,1147,1152,1155,1906,1907,1910,1914,1926	2879,2891,2898,2903,2906,3654,3655,3658,3662,3674	2	13,14,15,16,17,40,41,42,43,44	49	796	2017	75|27|2|1|4|3|14|18|4|5|7|2
GA	Bostau	LTR	ERV1	ERV1-1-I_BT	chr14:23489041-23493854+	chrX:74156305-74158920-	97	238	0	2663,2665,2672,2678,2683,2689,3047,3048,3051,3055,3059	1122,1124,1131,1137,1142,1148,1504,1505,1508,1512,1516	2	47,48,49,50,51,52,67,68,69,70,71	40	395	2562	97|33|6|3|8|9|26|29|6|2|12|7
GA	Bostau	LTR	ERV1	ERV1-1-I_BT	chr14:25805696-25811187-	chr4:104569853-104574564-	45	115	0	3169,3246,3274,3280,3288,3595,3597,3600,3678,3706,3767,3812,3815,3816,3823	3145,3221,3249,3255,3263,3570,3572,3575,3653,3681,3742,3787,3790,3791,3798	2	24,25,26,27,28,32,33,34,35,36,37,38,39,40,41	348	654	4076	45|15|2|1|4|2|23|14|2|4|3|0
GA	Bostau	LTR	ERV1	ERV1-1-I_BT	chr14:25805696-25811187-	chr16:540465-543282+	150	262	0	2739,2769,2782,2783,2799,4075,4080,4081,4082,4087,4088,4173,4179,4182,4193,4203,4242,4256,4261,4266,4268,4273,4277,4278,4281,4296,4299	104,105,121,1397,1402,1403,1404,1409,1410,1494,1500,1503,1514,1524,1563,1578,1583,1588,1590,1595,1599,1600,1603,1618,1621,61,91	4	2,3,4,5,6,61,62,63,64,65,66,72,73,74,75,76,77,78,79,80,81,82,83,84,85,86,87	204	1561	2811	150|34|7|1|10|4|15|22|3|6|4|6
GA	Bostau	LTR	ERV1	ERV1-2-I_BT	chr11:53796826-53801875-	chr7:66453220-66457853-	124	323	0	3375,3382,3394,3401,3406,3409,4140,4157,4158,4161,4165,4177,4193,4519,4532,4547,4559,4573,4575	2872,2879,2891,2898,2903,2906,3637,3654,3655,3658,3662,3674,3690,4016,4029,4044,4056,4070,4072	3	65,66,67,68,69,70,89,90,91,92,93,94,95,103,104,105,106,107,108	146	1201	4539	124|49|5|6|14|7|48|39|6|9|13|3
GA	Bostau	LTR	ERV1	ERV1-1-I_BT	chr14:37682565-37686072-	chr16:540465-543282+	60	114	0	1895,1897,1951,1962,2030,2032,2042,2199,2216,2233,2248,2258	435,437,491,502,566,568,578,735,752,769,792,805	2	16,17,18,19,20,21,22,32,33,34,35,36	215	371	1374	60|14|2|0|5|2|7|11|2|5|3|3
GA	Bostau	LTR	ERV1	ERV1-2-I_BT	chr11:59301770-59305458-	chr7:66453220-66457853-	129	347	0	2840,2847,2859,2871,2874,3619,3620,3622,3623,3627,3632,3639	2872,2879,2891,2903,2906,3654,3655,3657,3658,3662,3667,3674	2	87,88,89,90,91,120,121,122,123,124,125,126	56	803	3705	129|46|8|10|7|9|44|56|8|8|12|10
GA	Bostau	LTR	ERV1	ERV1-1-I_BT	chr14:65717821-65722158-	chr16:540465-543282+	66	130	0	3349,3366,3372,3382,3386,3396,3850,3875,3905,3923,3943	1270,1294,1324,1342,1362,752,769,775,790,794,805	2	34,35,36,37,38,39,61,62,63,64,65	147	611	1394	66|20|4|1|5|3|6|12|2|4|4|3
GA	Bostau	LTR	ERV1	ERV1-1-I_BT	chr14:77232248-77233801+	chr4:104569853-104574564-	30	80	0	585,630,633,634,643,730,732,764,765,767,769,770,817,841	3742,3787,3790,3791,3800,3887,3889,3921,3922,3924,3926,3927,3974,3999	2	14,15,16,17,18,19,20,21,22,23,24,25,26,27	259	258	1553	30|10|2|1|4|1|13|13|0|1|2|3
GA	Bostau	LTR	ERV1	ERV1-2-I_BT	chr12:2003348-2005852-	chr7:66453220-66457853-	102	293	0	1502,1519,1520,1523,1527,1539,2163,2169,2170,2172,2176	3637,3654,3655,3658,3662,3674,4297,4303,4304,4306,4310	2	58,59,60,61,62,63,86,87,88,89,90	52	674	2491	102|43|10|7|10|7|35|50|6|7|9|7
GA	Bostau	LTR	ERV1	ERV1-1-I_BT	chr15:3002994-3004766-	chr16:540465-543282+	95	185	0	1000,1005,1009,1010,1013,1022,1031,1157,1168,1176,1178,1193,1451,1453,1458,1459,1466,807,812,813,814,819,905,911,914,923,925,974,988,993	1397,1402,1403,1404,1409,1494,1500,1503,1512,1514,1564,1578,1583,1590,1595,1599,1600,1603,1612,1621,1747,1758,1766,1768,1783,2058,2060,2065,2066,2073	5	29,30,31,32,33,38,39,40,41,42,44,45,46,47,48,49,50,51,52,53,59,60,61,62,63,80,81,82,83,84	145	677	1652	95|20|7|3|7|3|12|25|3|3|3|4
GA	Bostau	LTR	ERV1	ERV1-2-I_BT	chr12:3791733-3793669+	chr7:66453220-66457853-	66	142	0	1005,204,211,223,230,235,238,968,985,986,989,993	2872,2879,2891,2898,2903,2906,3637,3654,3655,3658,3662,3674	2	8,9,10,11,12,13,33,34,35,36,37,38	73	803	1950	66|25|1|0|5|1|19|11|1|1|7|5
GA	Bostau	LTR	ERV1	ERV1-2-I_BT	chr12:6192015-6194166+	chr7:66453220-66457853-	98	271	0	1501,1502,1505,1509,1518,1521,893,894,900,918,929,932	3048,3049,3055,3073,3084,3087,3654,3655,3658,3662,3671,3674	2	39,40,41,42,43,44,66,67,68,69,70,71	61	627	2154	98|34|7|8|9|9|33|40|3|12|12|6
GA	Bostau	LTR	ERV1	ERV1-1-I_BT	chr15:22520977-22525897-	chr4:104569853-104574564-	48	117	0	2597,2674,2702,2708,2716,3024,3026,3029,3107,3135,3196	3145,3221,3249,3255,3263,3570,3572,3575,3653,3681,3742	2	28,29,30,31,32,36,37,38,39,40,41	292	598	3507	48|21|2|4|3|3|11|15|2|3|4|1
GA	Bostau	LTR	ERV1	ERV1-1-I_BT	chr15:22520977-22525897-	chr16:540465-543282+	160	278	0	3504,3509,3510,3511,3516,3517,3602,3608,3611,3622,3632,3671,3685,3690,3695,3697,3702,3706,3707,3710,3725,3728,3817,3823,3828,3845,3848,4014,4022,4026,4039,4051,4155,4156,4163,4190,4200,4213,4471,4477,4479,4498,4501	1397,1402,1403,1404,1409,1410,1494,1500,1503,1514,1524,1563,1578,1583,1588,1590,1595,1599,1600,1603,1618,1621,1710,1716,1721,1738,1741,1907,1915,1919,1932,1944,2065,2066,2073,2100,2110,2123,2380,2386,2388,2407,2410	7	64,65,66,67,68,69,75,76,77,78,79,80,81,82,83,84,85,86,87,88,89,90,92,93,94,95,96,109,110,111,112,113,122,123,124,125,126,127,136,137,138,139,140	303	1014	2811	160|38|8|2|12|5|12|22|3|6|4|6
GA	Bostau	LTR	ERV1	ERV1-1-I_BT	chr15:22520977-22525897-	chrX:74156305-74158920-	95	234	0	2085,2087,2094,2105,2111,2469,2470,2473,2477,2481	1122,1124,1131,1142,1148,1504,1505,1508,1512,1516	2	47,48,49,50,51,65,66,67,68,69	40	395	2620	95|34|7|9|8|9|24|27|6|0|9|6
GA	Bostau	LTR	ERV1	ERV1-1-I_BT	chr15:45756722-45758695-	chr16:540465-543282+	70	138	0	1724,1729,1730,1731,1736,1737,1792,1800,1801,1804,1806,1822,1828,1831,1842,1852,1910,1915,1917,1922,1926,1927,1930,1945,1948	1397,1402,1403,1404,1409,1410,1464,1472,1473,1476,1478,1494,1500,1503,1514,1524,1583,1588,1590,1595,1599,1600,1603,1618,1621	4	44,45,46,47,48,49,50,51,52,53,54,55,56,57,58,59,62,63,64,65,66,67,68,69,70	169	225	1459	70|18|5|0|5|2|12|14|3|4|1|4
GA	Bostau	LTR	ERV1	ERV1-1-I_BT	chr15:78915640-78921113-	chr4:104569853-104574564-	48	119	0	1776,1784,1785,1790,1833,3595,3597,3678,3706,3767,3812,3815,3816	1750,1760,1761,1766,1810,3570,3572,3653,3681,3742,3787,3790,3791	2	13,14,15,16,17,36,37,38,39,40,41,42,43	283	2042	4076	48|18|2|3|6|4|14|16|1|3|4|0
GA	Bostau	LTR	ERV1	ERV1-1-I_BT	chr15:78915640-78921113-	chrX:74156305-74158920-	93	238	0	2657,2659,2666,2677,2683,3041,3042,3045,3049,3053	1122,1124,1131,1142,1148,1504,1505,1508,1512,1516	2	46,47,48,49,50,65,66,67,68,69	40	395	2621	93|32|6|8|9|10|31|28|6|0|10|5
GA	Bostau	LTR	ERV1	ERV1-1-I_BT	chr15:78915640-78921113-	chr16:540465-543282+	163	278	0	2739,2769,2782,2783,2799,4075,4080,4081,4082,4087,4088,4173,4179,4182,4193,4203,4242,4256,4277,4278,4281,4296,4299,4388,4394,4399,4416,4419,4585,4593,4597,4610,4622,4726,4727,4734,4761,4771,4784,4841,4894,4945,4946,4951,5024,5030,5032,5051,5054	104,105,121,1397,1402,1403,1404,1409,1410,1494,1500,1503,1514,1524,1563,1578,1599,1600,1603,1618,1621,1710,1716,1721,1738,1741,1907,1915,1919,1932,1944,2065,2066,2073,2100,2110,2123,2177,2230,2298,2299,2304,2380,2386,2388,2407,2410,61,91	9	3,4,5,6,7,63,64,65,66,67,68,74,75,76,77,78,79,80,85,86,87,88,89,91,92,93,94,95,108,109,110,111,112,121,122,123,124,125,126,128,129,130,131,132,135,136,137,138,139	471	2350	2802	163|34|7|3|11|3|17|20|3|6|5|6
GA	Bostau	LTR	ERV1	ERV1-1-I_BT	chr15:81231667-81237157-	chr8:76138826-76144298-	70	188	0	1793,1843,1892,1914,1924,1972,1994,4142,4150,4192,4255,4266,4295,4393,4394	1786,1836,1885,1907,1917,1965,1987,4126,4134,4176,4239,4250,4279,4377,4378	2	17,18,19,20,21,22,23,45,46,47,48,49,50,51,52	455	2593	5481	70|35|4|8|9|4|24|22|3|1|2|6
GA	Bostau	LTR	ERV1	ERV1-1-I_BT	chr15:81231667-81237157-	chr4:104569853-104574564-	49	103	0	1638,1654,1655,1775,1783,1784,1789,1832,3594,3596,3599,3677,3705,3766,3811,3814,3815	1613,1629,1630,1750,1760,1761,1766,1810,3570,3572,3575,3653,3681,3742,3787,3790,3791	2	8,9,10,11,12,13,14,15,36,37,38,39,40,41,42,43,44	420	2179	4075	49|18|1|3|4|2|6|12|1|3|4|0
GA	Bostau	LTR	ERV1	ERV1-1-I_BT	chr15:81231667-81237157-	chr22:33876018-33879108-	42	78	0	2362,2373,2404,2528,2640,2671,2703,2837,2839,2840	1121,1123,1124,649,660,691,815,927,955,987	1	18,19,20,21,22,23,24,25,26,27	476	476	2369	42|12|1|2|1|0|6|10|0|1|1|2
GA	Bostau	LTR	ERV1	ERV1-1-I_BT	chr15:81231667-81237157-	chrX:74156305-74158920-	95	223	0	2656,2658,2665,2671,2676,2682,3040,3041,3044,3048,3052	1122,1124,1131,1137,1142,1148,1504,1505,1508,1512,1516	2	47,48,49,50,51,52,67,68,69,70,71	40	395	2621	95|30|5|7|8|9|23|25|5|0|10|6
GA	Bostau	LTR	ERV1	ERV1-1-I_BT	chr15:81231667-81237157-	chr16:540465-543282+	160	267	0	2682,2703,2738,2768,2781,2782,2798,4074,4079,4080,4081,4086,4087,4172,4178,4181,4192,4202,4241,4255,4260,4265,4267,4272,4276,4277,4280,4295,4298,4387,4393,4398,4415,4418,4584,4592,4596,4609,4621,5041,5047,5049,5068,5071	104,105,121,1397,1402,1403,1404,1409,1410,1494,1500,1503,1514,1524,1563,1578,1583,1588,1590,1595,1599,1600,1603,1618,1621,1710,1716,1721,1738,1741,1907,1915,1919,1932,1944,2380,2386,2388,2407,2410,26,5,61,91	7	1,2,3,4,5,6,7,64,65,66,67,68,69,75,76,77,78,79,80,81,82,83,84,85,86,87,88,89,90,92,93,94,95,96,109,110,111,112,113,134,135,136,137,138	361	2406	2811	160|31|7|2|12|4|11|20|3|6|4|7
GA	Bostau	LTR	ERV1	ERV1-2-I_BT	chr12:36847472-36849622+	chr7:66453220-66457853-	92	249	0	1390,1397,1434,1442,1444,1511,1513,1514,1517,1521,1533	3530,3537,3574,3582,3584,3652,3654,3655,3658,3662,3674	2	52,53,54,55,56,61,62,63,64,65,66	78	145	2134	92|25|6|4|7|12|30|41|6|9|10|7
GA	Bostau	LTR	ERV1	ERV1-1-I_BT	chr15:81239538-81245027-	chr8:76138826-76144298-	71	188	0	1793,1843,1892,1914,1924,1972,1994,4142,4150,4192,4255,4266,4295,4393,4394	1786,1836,1885,1907,1917,1965,1987,4126,4134,4176,4239,4250,4279,4377,4378	2	18,19,20,21,22,23,24,46,47,48,49,50,51,52,53	455	2593	5480	71|35|4|8|9|4|23|22|3|1|2|6
GA	Bostau	LTR	ERV1	ERV1-1-I_BT	chr15:81239538-81245027-	chr4:104569853-104574564-	50	104	0	1572,1638,1654,1655,1775,1783,1784,1789,1832,3594,3596,3599,3677,3705,3766,3811,3814,3815	1547,1613,1629,1630,1750,1760,1761,1766,1810,3570,3572,3575,3653,3681,3742,3787,3790,3791	2	8,9,10,11,12,13,14,15,16,37,38,39,40,41,42,43,44,45	486	2245	4075	50|18|1|3|4|2|6|12|1|3|4|0
GA	Bostau	LTR	ERV1	ERV1-1-I_BT	chr15:81239538-81245027-	chr22:33876018-33879108-	42	78	0	2362,2373,2404,2528,2640,2671,2703,2837,2839,2840	1121,1123,1124,649,660,691,815,927,955,987	1	18,19,20,21,22,23,24,25,26,27	476	476	2369	42|12|1|2|1|0|6|10|0|1|1|2
GA	Bostau	LTR	ERV1	ERV1-1-I_BT	chr15:81239538-81245027-	chrX:74156305-74158920-	95	223	0	2656,2658,2665,2671,2676,2682,3040,3041,3044,3048,3052	1122,1124,1131,1137,1142,1148,1504,1505,1508,1512,1516	2	47,48,49,50,51,52,67,68,69,70,71	40	395	2621	95|30|5|7|8|9|23|25|5|0|10|6
GA	Bostau	LTR	ERV1	ERV1-1-I_BT	chr15:81239538-81245027-	chr16:540465-543282+	161	269	0	2682,2703,2738,2768,2781,2782,2798,4074,4079,4080,4081,4086,4087,4172,4178,4181,4192,4202,4241,4255,4260,4265,4267,4272,4276,4277,4280,4295,4298,4387,4393,4398,4415,4418,4584,4592,4596,4609,4621,5041,5047,5049,5068,5071	104,105,121,1397,1402,1403,1404,1409,1410,1494,1500,1503,1514,1524,1563,1578,1583,1588,1590,1595,1599,1600,1603,1618,1621,1710,1716,1721,1738,1741,1907,1915,1919,1932,1944,2380,2386,2388,2407,2410,26,5,61,91	7	1,2,3,4,5,6,7,64,65,66,67,68,69,75,76,77,78,79,80,81,82,83,84,85,86,87,88,89,90,92,93,94,95,96,109,110,111,112,113,134,135,136,137,138	361	2406	2810	161|31|7|2|12|4|11|20|3|6|5|7
GA	Bostau	LTR	ERV1	ERV1-1-I_BT	chr16:21480453-21482150-	chr4:104569853-104574564-	28	65	0	671,729,774,777,778,822,842,876,909,913,914	3681,3742,3787,3790,3791,3835,3855,3889,3922,3926,3927	2	13,14,15,16,17,18,19,20,21,22,23	248	247	1698	28|7|2|2|2|1|6|11|0|2|3|1
GA	Bostau	LTR	ERV1	ERV1-1-I_BT	chr16:21480453-21482150-	chrX:74156305-74158920-	30	74	0	13,17,5,6,822,836,840,842,850,9	1504,1505,1508,1512,1516,2321,2335,2339,2341,2349	2	1,2,3,4,5,24,25,26,27,28	42	846	1049	30|12|0|3|2|1|6|11|2|1|4|2
GA	Bostau	LTR	ERV1	ERV1-2-I_BT	chr12:45534520-45538381-	chr7:66453220-66457853-	79	219	0	2108,2114,2121,2131,2132,2178,2180,2199,2256,2268,3417,3424,3436,3443,3448,3451	1546,1552,1559,1569,1570,1618,1620,1639,1696,1708,2872,2879,2891,2898,2903,2906	3	22,23,24,25,26,27,28,29,30,31,65,66,67,68,69,70	199	1361	3302	79|34|6|4|8|4|33|29|6|3|10|3
GA	Bostau	LTR	ERV1	ERV1-1-I_BT	chr17:991544-992340+	chrX:74156305-74158920-	39	106	0	227,229,241,243,245,247,671,672,673,676,680	1060,1062,1074,1076,1078,1080,1503,1504,1505,1508,1512	2	11,12,13,14,15,16,32,33,34,35,36	31	453	792	39|16|5|5|3|6|13|6|2|3|6|2
GA	Bostau	LTR	ERV1	ERV1-1-I_BT	chr17:1864777-1868617-	chrX:74156305-74158920-	91	235	0	2049,2051,2058,2064,2069,2075,2433,2434,2437,2441,2455,2476	1122,1124,1131,1137,1142,1148,1504,1505,1508,1512,1526,1547	2	46,47,48,49,50,51,65,66,67,68,69,70	71	426	2554	91|31|3|7|8|10|29|27|9|2|12|6
GA	Bostau	LTR	ERV1	ERV1-1-I_BT	chr17:52434677-52438570-	chr4:104569853-104574564-	47	103	0	1231,1239,1240,1245,1288,2625,2638,2702,2730,2736,2744,3051,3053,3134,3162,3268,3271,3272,3370,3403,3407,3408	1750,1760,1761,1766,1810,3145,3158,3221,3249,3255,3263,3570,3572,3653,3681,3787,3790,3791,3889,3922,3926,3927	3	8,9,10,11,12,24,25,26,27,28,29,33,34,35,36,37,38,39,40,41,42,43	538	2178	3901	47|18|0|4|2|4|7|11|2|3|5|0
GA	Bostau	LTR	ERV1	ERV1-1-I_BT	chr17:52434677-52438570-	chrX:83928694-83934180+	24	57	0	1023,469,507,529,620,630,782,867,877,961	1035,1057,1144,1154,1306,1391,1401,1485,1548,997	2	4,5,6,7,8,9,10,11,12,13	553	552	3561	24|6|1|3|0|1|9|7|1|1|4|0
GA	Bostau	LTR	ERV1	ERV1-1-I_BT	chr17:52434677-52438570-	chr22:33876018-33879108-	47	98	0	2097,2128,2160,2294,2296,2297,2558,2625,2638,2710,2712,2730	1121,1123,1124,1385,1452,1465,1536,1538,1556,927,955,987	2	23,24,25,26,27,28,32,33,34,35,36,37	370	630	2720	47|16|1|4|1|1|13|11|1|1|0|2
GA	Bostau	LTR	ERV1	ERV1-1-I_BT	chr17:52434677-52438570-	chrX:74156305-74158920-	95	227	0	2113,2115,2122,2128,2133,2139,2497,2498,2501,2505,2509	1122,1124,1131,1137,1142,1148,1504,1505,1508,1512,1516	2	46,47,48,49,50,51,66,67,68,69,70	40	395	2549	95|33|5|7|8|8|27|24|6|0|10|4
GA	Bostau	LTR	ERV1	ERV1-2-I_BT	chr13:22541690-22547641+	chr7:66453220-66457853-	106	249	0	4208,4215,4227,4239,4242,4965,4966,4969,4973,4985	2872,2879,2891,2903,2906,3654,3655,3658,3662,3674	2	32,33,34,35,36,65,66,67,68,69	56	803	2803	106|37|4|4|7|5|37|30|4|3|8|4
GA	Bostau	LTR	ERV1	ERV1-2-I_BT	chr13:72201300-72206370-	chr7:66453220-66457853-	49	102	0	4072,4089,4091,4106,4107,4110,4114,4126,4415,4416,4468,4481,4496	3620,3637,3639,3654,3655,3658,3662,3674,3963,3964,4016,4029,4044	2	6,7,8,9,10,11,12,13,21,22,23,24,25	137	425	1156	49|13|1|0|4|1|14|11|1|2|3|3
GA	Bostau	LTR	ERV1	ERV1-1-I_BT	chr18:59558173-59563652-	chr4:104569853-104574564-	51	140	0	1554,1640,1641,1656,1657,3584,3586,3589,3667,3695,3756,3801,3804,3805	1527,1613,1614,1629,1630,3570,3572,3575,3653,3681,3742,3787,3790,3791	2	7,8,9,10,11,38,39,40,41,42,43,44,45,46	326	2265	4070	51|23|5|2|4|3|20|20|3|5|4|0
GA	Bostau	LTR	ERV1	ERV1-2-I_BT	chr14:17185910-17188092-	chr7:66453220-66457853-	84	174	0	1166,1201,1202,1205,1209,1221,1591,1603,1617,1619,1627,419,426,438,445,450,453	2872,2879,2891,2898,2903,2906,3619,3654,3655,3658,3662,3674,4044,4056,4070,4072,4080	3	20,21,22,23,24,25,47,48,49,50,51,52,65,66,67,68,69	128	1209	2183	84|28|4|1|4|3|18|17|4|2|7|2
GA	Bostau	LTR	ERV1	ERV1-1-I_BT	chr18:59852291-59856908-	chr4:104569853-104574564-	56	157	0	1660,1688,1696,1697,1704,3602,3663,3708,3711,3712,3751,3810,3843,3847,3848,3895	1722,1750,1764,1765,1772,3681,3742,3787,3790,3791,3830,3889,3922,3926,3927,3974	3	9,10,11,12,13,41,42,43,44,45,46,47,48,49,50,51	346	2253	3811	56|24|4|3|6|4|18|28|3|2|7|2
GA	Bostau	LTR	ERV1	ERV1-1-I_BT	chr18:59852291-59856908-	chr22:33876018-33879108-	48	110	0	1660,1682,1688,1704,1742,2272,2283,2314,2434,2438	119,33,55,61,649,660,691,81,811,815	2	1,2,3,4,5,17,18,19,20,21	254	783	2709	48|13|2|3|5|1|6|23|2|2|1|4
GA	Bostau	LTR	ERV1	ERV1-1-I_BT	chr18:59852291-59856908-	chrX:74156305-74158920-	96	234	0	2566,2568,2575,2581,2586,2592,2943,2944,2947,2951,2955	1122,1124,1131,1137,1142,1148,1504,1505,1508,1512,1516	2	49,50,51,52,53,54,67,68,69,70,71	40	395	2546	96|31|6|5|9|8|22|30|8|1|13|5
GA	Bostau	LTR	ERV1	ERV1-2-I_BT	chr14:24845061-24847308-	chr7:66453220-66457853-	93	235	0	1503,1504,1507,1511,1523,1866,1879,1904,1906,1920,1922,715,722,734,741,746,749	2872,2879,2891,2898,2903,2906,3654,3655,3658,3662,3674,4016,4029,4054,4056,4070,4072	3	25,26,27,28,29,30,64,65,66,67,68,77,78,79,80,81,82	113	1201	2134	93|32|5|3|9|11|24|30|1|11|13|3
GA	Bostau	LTR	ERV1	ERV1-1-I_BT	chr18:64794467-64798328-	chrX:74156305-74158920-	95	234	0	2629,2640,2642,2649,2655,2660,2666,3024,3025,3032,3036,3046,3067	1111,1122,1124,1131,1137,1142,1148,1504,1505,1512,1516,1526,1547	2	49,50,51,52,53,54,55,69,70,71,72,73,74	82	437	2340	95|22|7|7|7|8|28|27|7|4|13|9
GA	Bostau	LTR	ERV1	ERV1-2-I_BT	chr14:38945846-38950893-	chr7:66453220-66457853-	131	309	0	3284,3291,3303,3310,3315,3318,4049,4066,4067,4070,4074,4086,4375,4376,4428,4441,4456	2872,2879,2891,2898,2903,2906,3637,3654,3655,3658,3662,3674,3963,3964,4016,4029,4044	3	70,71,72,73,74,75,94,95,96,97,98,99,107,108,109,110,111	155	1173	4632	131|54|5|5|12|3|39|29|7|7|14|3
GA	Bostau	LTR	ERV1	ERV1-2C-LTR_BT	chr20:12082321-12082760-	chr6:41696976-41697296+	13	28	0	122,126,128,139,164,34,41,51,52,57,87	123,127,129,140,165,34,41,51,52,57,87	2	1,2,3,4,5,6,8,9,10,11,12	97	132	309	13|1|1|2|1|0|3|4|1|1|0|1
GA	Bostau	LTR	ERV1	ERV1-2-I_BT	chr14:44743104-44748002+	chr7:66453220-66457853-	140	328	0	3136,3143,3155,3167,3170,3312,3313,3319,3337,3348,3900,3917,3918,3921,3925,4316,4318,4332,4334,4342	2872,2879,2891,2903,2906,3048,3049,3055,3073,3084,3637,3654,3655,3658,3662,4054,4056,4070,4072,4080	4	70,71,72,73,74,80,81,82,83,84,100,101,102,103,104,118,119,120,121,122	125	1209	4626	140|50|5|7|8|10|45|33|7|7|10|6
GA	Bostau	LTR	ERV1	ERV1-2-I_BT	chr14:53307204-53309374+	chr7:66453220-66457853-	52	151	0	1483,1484,1487,1491,1503,2018,2047,2051,2053,2056	3654,3655,3658,3662,3674,4189,4218,4222,4224,4227	2	19,20,21,22,23,46,47,48,49,50	60	574	1173	52|13|1|2|5|9|23|24|4|6|7|5
GA	Bostau	LTR	ERV1	ERV1-1-I_BT	chr2:8643792-8648506-	chrX:74156305-74158920-	88	221	0	2643,2645,2652,2663,2669,3027,3028,3031,3035,3039	1122,1124,1131,1142,1148,1504,1505,1508,1512,1516	2	45,46,47,48,49,63,64,65,66,67	40	395	2548	88|31|5|5|8|9|24|27|5|0|13|6
GA	Bostau	LTR	ERV1	ERV1-2-I_BT	chr14:61115861-61118093+	chr7:66453220-66457853-	90	228	0	1375,1382,1419,1427,1434,1435,725,732,744,756,759	2872,2879,2891,2903,2906,3530,3537,3574,3582,3589,3590	2	31,32,33,34,35,53,54,55,56,57,58	96	719	2137	90|27|7|3|10|9|27|34|7|7|4|3
GA	Bostau	LTR	ERV1	ERV1-1-I_BT	chr2:75113370-75118860-	chr8:76138826-76144298-	69	200	0	1793,1843,1892,1914,1924,4142,4150,4192,4255,4266	1786,1836,1885,1907,1917,4126,4134,4176,4239,4250	2	18,19,20,21,22,46,47,48,49,50	257	2465	5481	69|39|5|8|9|4|24|29|3|1|2|7
GA	Bostau	LTR	ERV1	ERV1-1-I_BT	chr2:75113370-75118860-	chr4:104569853-104574564-	50	115	0	1638,1654,1655,1775,1783,1784,1789,1832,3594,3596,3677,3705,3766,3811,3814,3815	1613,1629,1630,1750,1760,1761,1766,1810,3570,3572,3653,3681,3742,3787,3790,3791	2	9,10,11,12,13,14,15,16,38,39,40,41,42,43,44,45	420	2179	4075	50|19|2|3|4|2|9|17|1|3|3|2
GA	Bostau	LTR	ERV1	ERV1-1-I_BT	chr2:75113370-75118860-	chrX:74156305-74158920-	93	225	0	2656,2658,2662,2665,2676,2682,3040,3041,3044,3048,3052	1122,1124,1128,1131,1142,1148,1504,1505,1508,1512,1516	2	44,45,46,47,48,49,64,65,66,67,68	40	395	2621	93|33|5|8|8|9|23|26|5|0|10|5
GA	Bostau	LTR	ERV1	ERV1-2-I_BT	chr15:11698155-11700066+	chr7:66453220-66457853-	85	249	0	105,133,134,694,701,709,716,728,740,743,86,98	2241,2253,2260,2288,2289,2857,2864,2872,2879,2891,2903,2906	2	3,4,5,6,7,29,30,31,32,33,34,35	99	666	1909	85|31|7|5|5|6|39|43|4|10|8|6
GA	Bostau	LTR	ERV1	ERV1-1-I_BT	chr2:83174724-83177503-	chrX:74156305-74158920-	92	226	0	1806,1808,1815,1821,1826,1832,2189,2190,2193,2197,2201	1122,1124,1131,1137,1142,1148,1504,1505,1508,1512,1516	2	49,50,51,52,53,54,69,70,71,72,73	40	395	2104	92|22|7|4|7|9|27|31|5|1|14|7
GA	Bostau	LTR	ERV1	ERV1-2-I_BT	chr15:13673715-13679246+	chr7:66453220-66457853-	132	369	0	3367,3391,3412,3423,3429,3758,3765,3777,3789,3792,4545,4546,4549,4553,4565	2476,2500,2521,2532,2538,2872,2879,2891,2903,2906,3654,3655,3658,3662,3674	3	48,49,50,51,52,67,68,69,70,71,93,94,95,96,97	119	1199	4352	132|49|8|10|12|12|68|44|8|8|13|5
GA	Bostau	LTR	ERV1	ERV1-2-I_BT	chr15:17356902-17361416-	chr7:66453220-66457853-	112	330	0	4006,4013,4050,4058,4066,4130,4131,4134,4138,4150	3530,3537,3574,3582,3590,3654,3655,3658,3662,3674	2	90,91,92,93,94,97,98,99,100,101	82	145	4013	112|52|8|6|9|10|54|45|10|6|12|6
GA	Bostau	LTR	ERV1	ERV1-2-I_BT	chr15:25567198-25571823-	chr7:66453220-66457853-	130	310	0	2861,2868,2880,2887,2892,2895,3624,3641,3642,3645,3649,3661,3677,4003,4016,4031,4043,4057,4059	2872,2879,2891,2898,2903,2906,3637,3654,3655,3658,3662,3674,3690,4016,4029,4044,4056,4070,4072	3	70,71,72,73,74,75,94,95,96,97,98,99,100,108,109,110,111,112,113	146	1201	4628	130|53|5|4|12|6|41|33|6|5|8|7
GA	Bostau	LTR	ERV1	ERV1-1-I_BT	chr2:104076385-104081036+	chrX:74156305-74158920-	61	152	0	2574,2576,2583,2589,2594,2600,2958,2959,2962,2966,2970	1122,1124,1131,1137,1142,1148,1504,1505,1508,1512,1516	2	12,13,14,15,16,17,32,33,34,35,36	40	395	1635	61|26|3|4|4|5|14|17|6|0|6|6
GA	Bostau	LTR	ERV1	ERV1-1-I_BT	chr2:104229090-104231659-	chrX:74156305-74158920-	80	227	0	1767,1769,1781,1785,1787,1829,1831,1838,1849,1855	1060,1062,1074,1078,1080,1122,1124,1131,1142,1148	2	46,47,48,49,50,51,52,53,54,55	90	89	1856	80|23|5|7|10|12|27|38|6|2|12|5
GA	Bostau	LTR	ERV1	ERV1-2-I_BT	chr15:51424238-51428847-	chr7:66453220-66457853-	134	325	0	1503,1535,1542,1552,1553,2854,2861,2873,2880,2885,2888,3594,3612,3629,3630,3633,3637,3649,3989,4002,4017,4029,4043,4045	1520,1552,1559,1569,1570,2872,2879,2891,2898,2903,2906,3619,3637,3654,3655,3658,3662,3674,4016,4029,4044,4056,4070,4072	4	28,29,30,31,32,72,73,74,75,76,77,98,99,100,101,102,103,104,113,114,115,116,117,118	199	2553	4621	134|57|8|6|10|3|46|34|5|9|8|5
GA	Bostau	LTR	ERV1	ERV1-1-I_BT	chr2:129043683-129048426+	chrX:74156305-74158920-	94	263	0	2694,2696,2703,2714,2720,3076,3077,3080,3084,3088	1122,1124,1131,1142,1148,1504,1505,1508,1512,1516	2	48,49,50,51,52,68,69,70,71,72	40	395	2535	94|38|7|10|9|10|31|36|5|3|13|7
GA	Bostau	LTR	ERV1	ERV1-2C-LTR_BT	chr23:44778114-44778604+	chr5:19854652-19855155-	16	48	0	104,111,151,156,158,170,185,63,72,97	104,111,150,155,157,169,181,62,72,97	2	1,2,3,4,5,8,9,10,11,12	82	120	493	16|6|1|2|2|0|13|6|0|0|0|2
GA	Bostau	LTR	ERV1	ERV1-2-I_BT	chr15:78416694-78421303+	chr7:66453220-66457853-	122	324	0	1328,1343,1376,1404,1433,1608,1610,1629,1686,1698,2157,2206,2249,2269,2284,2864,2871,2883,2890,2895,2898	1337,1352,1385,1412,1441,1618,1620,1639,1696,1708,2161,2210,2253,2273,2288,2872,2879,2891,2898,2903,2906	4	16,17,18,19,20,26,27,28,29,30,39,40,41,42,43,59,60,61,62,63,64	359	1570	4621	122|44|7|7|10|7|51|37|8|12|13|6
GA	Bostau	LTR	ERV1	ERV1-2-I_BT	chr15:79400069-79405095-	chr7:66453220-66457853-	126	313	0	2306,2320,2336,2349,2350,3273,3280,3291,3298,3303,3306,4042,4043,4046,4050,4062,4072	1899,1913,1929,1944,1945,2872,2879,2891,2898,2903,2906,3654,3655,3658,3662,3674,3684	3	39,40,41,42,43,68,69,70,71,72,73,92,93,94,95,96,97	113	1786	4622	126|53|4|4|9|7|52|37|6|7|6|2
GA	Bostau	LTR	ERV1	ERV1-1-I_BT	chr20:65930852-65935656+	chr4:104569853-104574564-	54	138	0	1550,1556,1636,1653,1705,1773,1781,1782,1787,1830,3166,3243,3271,3277,3285	1527,1533,1613,1630,1682,1750,1760,1761,1766,1810,3145,3221,3249,3255,3263	3	8,9,10,11,12,13,14,15,16,17,32,33,34,35,36	404	1737	4422	54|20|3|2|5|3|14|22|1|5|7|2
GA	Bostau	LTR	ERV1	ERV1-2-I_BT	chr16:3579827-3582519+	chr7:66453220-66457853-	92	200	0	1021,1044,1086,1110,1121,1671,1689,1706,1707,1710,1714,1726,2068,2072,2081,2096,2106,2108,2122,2124	2984,3007,3049,3073,3084,3619,3637,3654,3655,3658,3662,3674,4016,4020,4029,4044,4054,4057,4070,4072	3	35,36,37,38,39,53,54,55,56,57,58,59,69,70,71,72,73,74,75,76	214	1089	2683	92|34|4|1|9|3|22|12|6|7|7|3
GA	Bostau	LTR	ERV1	ERV1-1-I_BT	chr20:65930852-65935656+	chrX:74156305-74158920-	94	221	0	2654,2656,2663,2669,2674,2680,3038,3039,3042,3046,3050	1122,1124,1131,1137,1142,1148,1504,1505,1508,1512,1516	2	46,47,48,49,50,51,65,66,67,68,69	40	395	2556	94|29|5|6|10|8|20|28|5|0|10|6
GA	Bostau	LTR	ERV1	ERV1-1-I_BT	chr21:654099-657974-	chrX:74156305-74158920-	97	256	0	2647,2649,2656,2662,2667,2673,3031,3032,3035,3039,3043	1122,1124,1131,1137,1142,1148,1504,1505,1508,1512,1516	2	51,52,53,54,55,56,69,70,71,72,73	40	395	2362	97|29|7|8|11|10|25|39|7|4|14|5
GA	Bostau	LTR	ERV1	ERV1-2-I_BT	chr16:7733472-7738109+	chr7:66453220-66457853-	125	329	0	2874,2881,2893,2900,2905,2908,3620,3638,3655,3656,3659,3663,3674,3675,3685	2872,2879,2891,2898,2903,2906,3619,3637,3654,3655,3658,3662,3673,3674,3684	2	66,67,68,69,70,71,90,91,92,93,94,95,96,97,98	101	813	4635	125|49|7|7|10|10|46|42|6|9|12|6
GA	Bostau	LTR	ERV1	ERV1-2-I_BT	chr16:7855301-7857416-	chr7:66453220-66457853-	87	257	0	1894,1906,1910,1920,1922,1931,701,706,708,710,717,725,732,744,756,759	2848,2853,2855,2857,2864,2872,2879,2891,2903,2906,4044,4056,4061,4070,4072,4081	3	27,28,29,30,31,32,33,34,35,36,77,78,79,80,81,82	98	1234	2095	87|32|6|5|9|10|33|38|10|4|18|5
GA	Bostau	LTR	ERV1	ERV1-1-I_BT	chr21:27364149-27368589+	chr4:104569853-104574564-	46	122	0	1775,1784,1832,1897,1913,3697,3758,3803,3806,3807,3905,3938,3942,3943,3990	1750,1759,1810,1876,1892,3681,3742,3787,3790,3791,3889,3922,3926,3927,3974	3	9,10,11,12,13,34,35,36,37,38,39,40,41,42,43	438	2225	4419	46|19|2|5|3|2|16|17|2|4|6|0
GA	Bostau	LTR	ERV1	ERV1-1-I_BT	chr21:27364149-27368589+	chr22:33876018-33879108-	41	89	0	2639,2670,2702,2836,2838,2839,3082,3100,3167,3252,3254	1121,1123,1124,1367,1385,1452,1536,1538,927,955,987	2	22,23,24,25,26,27,29,30,31,32,33	370	612	2716	41|13|1|5|1|0|11|12|0|2|1|2
GA	Bostau	LTR	ERV1	ERV1-1-I_BT	chr21:27364149-27368589+	chrX:74156305-74158920-	90	216	0	2655,2657,2664,2670,2675,2681,3039,3040,3043,3047,3051	1122,1124,1131,1137,1142,1148,1504,1505,1508,1512,1516	2	45,46,47,48,49,50,64,65,66,67,68	40	395	2557	90|31|7|8|7|8|23|23|5|0|10|4
GA	Bostau	LTR	ERV1	ERV1-1-I_BT	chr21:34263161-34267893-	chr4:104569853-104574564-	57	138	0	1552,1638,1654,1655,1705,1775,1783,1784,1789,1832,3164,3241,3269,3275,3283,3909,3941,3942,3946,3947,3994	1527,1613,1629,1630,1680,1750,1760,1761,1766,1810,3145,3221,3249,3255,3263,3889,3921,3922,3926,3927,3974	4	6,7,8,9,10,11,12,13,14,15,31,32,33,34,35,47,48,49,50,51,52	490	2448	4721	57|24|2|3|6|2|17|18|2|3|4|0
GA	Bostau	LTR	ERV1	ERV1-1-I_BT	chr21:69147777-69152481-	chr4:104569853-104574564-	57	163	0	3682,3740,3785,3788,3789,3887,3919,3920,3924,3925	3681,3742,3787,3790,3791,3889,3921,3922,3926,3927	2	44,45,46,47,48,49,50,51,52,53	248	247	4706	57|26|1|2|6|2|28|24|3|4|8|2
GA	Bostau	LTR	ERV1	ERV1-1-I_BT	chr21:69147777-69152481-	chrX:74156305-74158920-	85	214	0	2641,2643,2650,2656,2661,2667,3025,3026,3029,3033,3037	1122,1124,1131,1137,1142,1148,1504,1505,1508,1512,1516	2	40,41,42,43,44,45,59,60,61,62,63	40	395	2541	85|31|6|5|9|7|24|26|5|1|11|4
GA	Bostau	LTR	ERV1	ERV1-2-I_BT	chr16:15862821-15864997-	chr7:66453220-66457853-	90	253	0	1492,1493,1496,1500,1512,479,480,491,492,494	2640,2641,2657,2658,2660,3654,3655,3658,3662,3674	2	14,15,16,17,18,60,61,62,63,64	42	1035	2130	90|33|7|5|8|12|30|35|2|12|12|7
GA	Bostau	LTR	ERV1	ERV1-1-I_BT	chr22:446487-451969-	chr4:104569853-104574564-	45	120	0	1629,1645,1646,1766,1780,1823,3159,3236,3264,3270,3278,3585,3587,3590,3668,3696	1613,1629,1630,1750,1766,1810,3145,3221,3249,3255,3263,3570,3572,3575,3653,3681	3	6,7,8,9,10,11,25,26,27,28,29,33,34,35,36,37	429	2069	4071	45|20|2|3|5|2|16|18|3|3|3|0
GA	Bostau	LTR	ERV1	ERV1-1-I_BT	chr22:446487-451969-	chrX:74156305-74158920-	93	228	0	2647,2649,2656,2667,2673,3031,3032,3035,3039,3043	1122,1124,1131,1142,1148,1504,1505,1508,1512,1516	2	45,46,47,48,49,63,64,65,66,67	40	395	2621	93|33|5|6|9|9|24|28|6|0|10|5
GA	Bostau	LTR	ERV1	ERV1-1-I_BT	chr22:33876018-33879108-	chrX:74156305-74158920-	73	213	0	1324,1325,1328,1332,1336,940,942,949,960,966	1122,1124,1131,1142,1148,1504,1505,1508,1512,1516	2	30,31,32,33,34,46,47,48,49,50	40	395	2367	73|29|1|5|8|9|40|25|6|1|11|5
GA	Bostau	LTR	ERV1	ERV1-2-I_BT	chr16:46989509-46994465-	chr7:66453220-66457853-	136	309	0	2245,2302,2332,2345,2346,3268,3275,3287,3294,3299,3302,4018,4036,4053,4054,4057,4061,4073	1847,1899,1929,1944,1945,2872,2879,2891,2898,2903,2906,3619,3637,3654,3655,3658,3662,3674	3	42,43,44,45,46,71,72,73,74,75,76,97,98,99,100,101,102,103	190	1828	4491	136|50|7|5|11|5|44|27|7|5|9|3
GA	Bostau	LTR	ERV1	ERV1-2-I_BT	chr16:56868573-56869741+	chr7:66453220-66457853-	41	96	0	122,130,159,177,194,195,198,202,214,66,70,77	3526,3530,3537,3582,3590,3619,3637,3654,3655,3658,3662,3674	2	1,2,3,4,5,6,7,8,9,10,11,12	150	149	1170	41|18|0|0|3|0|11|12|1|2|4|4
GA	Bostau	LTR	ERV1	ERV1-2-I_BT	chr17:464167-468782-	chr7:66453220-66457853-	134	323	0	2860,2867,2879,2886,2891,2894,3607,3625,3642,3643,3646,3650,3662,3678,4033,4045,4059,4061,4069	2872,2879,2891,2898,2903,2906,3619,3637,3654,3655,3658,3662,3674,3690,4044,4056,4070,4072,4080	3	70,71,72,73,74,75,96,97,98,99,100,101,102,103,114,115,116,117,118	144	1209	4621	134|57|5|6|12|6|47|28|6|6|12|4
GA	Bostau	LTR	ERV1	ERV1-1-I_BT	chr23:31468391-31471558-	chrX:74156305-74158920-	70	165	0	2687,2689,2696,2707,2713,3071,3072,3075,3079,3083,3111	1122,1124,1131,1142,1148,1504,1505,1508,1512,1516,1547	2	47,48,49,50,51,64,65,66,67,68,69	71	426	1588	70|17|4|5|5|8|16|21|3|4|7|5
GA	Bostau	LTR	ERV1	ERV1-2-I_BT	chr17:23563528-23565710+	chr7:66453220-66457853-	101	285	0	1193,1194,1197,1201,1213,1557,1570,1597,1601,1611,1613	3654,3655,3658,3662,3674,4016,4029,4056,4061,4070,4072	2	56,57,58,59,60,72,73,74,75,76,77	78	419	2179	101|35|10|6|3|12|39|39|6|12|11|11
GA	Bostau	LTR	ERV1	ERV1-2-I_BT	chr17:24684829-24685709-	chr7:66453220-66457853-	38	109	0	582,594,598,608,609,610,743,753,757,759,762	4044,4056,4059,4070,4071,4072,4208,4218,4222,4224,4227	2	23,24,25,26,27,28,32,33,34,35,36	49	184	817	38|10|2|1|5|7|12|14|4|6|7|3
GA	Bostau	LTR	ERV1	ERV1-1-I_BT	chr24:35686144-35689230+	chrX:74156305-74158920-	69	194	0	2543,2545,2552,2563,2569,2927,2928,2931,2935,2939	1122,1124,1131,1142,1148,1504,1505,1508,1512,1516	2	45,46,47,48,49,60,61,62,63,64	40	395	1676	69|24|9|4|10|12|23|19|4|2|13|5
GA	Bostau	LTR	ERV1	ERV1-1-I_BT	chr25:268742-273496-	chr4:104569853-104574564-	45	119	0	3698,3726,3787,3818,3832,3835,3836,3880,3934,3966,3967,3971,3972,3975	3653,3681,3742,3773,3787,3790,3791,3835,3889,3921,3922,3926,3927,3930	2	27,28,29,30,31,32,33,34,35,36,37,38,39,40	279	278	2764	45|17|4|4|2|3|11|18|2|5|4|4
GA	Bostau	LTR	ERV1	ERV1-2-I_BT	chr17:26598496-26599563+	chr7:66453220-66457853-	41	118	0	1001,557,574,575,578,582,594,964,976,992,994	3637,3654,3655,3658,3662,3674,4044,4056,4072,4074,4081	2	18,19,20,21,22,23,36,37,38,39,40	76	445	1068	41|14|3|1|5|3|16|21|1|6|5|2
GA	Bostau	LTR	ERV1	ERV1-1-I_BT	chr25:27944702-27948782+	chrX:74156305-74158920-	74	189	0	2617,2619,2626,2632,2637,2643,3001,3002,3005,3009,3013	1122,1124,1131,1137,1142,1148,1504,1505,1508,1512,1516	2	25,26,27,28,29,30,46,47,48,49,50	40	395	2119	74|29|1|5|7|6|22|26|6|1|9|3
GA	Bostau	LTR	ERV1	ERV1-1-I_BT	chr25:36915118-36917459-	chrX:74156305-74158920-	79	202	0	1680,1682,1689,1700,1706,2065,2066,2069,2073,2087	1122,1124,1131,1142,1148,1504,1505,1508,1512,1526	2	51,52,53,54,55,68,69,70,71,72	50	405	1778	79|22|8|5|10|9|22|25|3|2|10|7
GA	Bostau	LTR	ERV1	ERV1-1-I_BT	chr25:39088496-39092435-	chr4:104569853-104574564-	23	42	0	3127,3192,3204,3232,3238,3246,3636,3664,3710,3725,3770,3773,3774	3145,3210,3221,3249,3255,3263,3653,3681,3727,3742,3787,3790,3791	2	1,2,3,4,5,6,13,14,15,16,17,18,19	258	647	1090	23|4|0|0|2|2|5|5|0|0|0|1
GA	Bostau	LTR	ERV1	ERV1-2-I_BT	chr17:39365605-39370220-	chr7:66453220-66457853-	140	396	0	1605,1607,1608,1626,1633,1640,1840,1897,1901,1927,1940,2861,2868,2880,2887,2892,2895,3604,3622,3639,3640,3643,3647,3659	1617,1619,1620,1639,1646,1653,1847,1899,1903,1929,1944,2872,2879,2891,2898,2903,2906,3619,3637,3654,3655,3658,3662,3674	4	32,33,34,35,36,37,42,43,44,45,46,69,70,71,72,73,74,102,103,104,105,106,107,108	226	2058	4624	140|54|9|7|14|7|64|65|8|8|14|6
GA	Bostau	LTR	ERV1	ERV1-2-I_BT	chr17:55465839-55467000-	chr7:66453220-66457853-	51	111	0	398,405,407,442,450,458,518,519,522,526,538,918,920,934,936,966	3530,3537,3539,3574,3582,3590,3654,3655,3658,3662,3674,4054,4056,4070,4072,4102	3	13,14,15,16,17,18,21,22,23,24,25,40,41,42,43,44	131	573	1150	51|13|2|2|2|4|10|18|0|2|4|3
GA	Bostau	LTR	ERV1	ERV1-2-I_BT	chr17:61817020-61821638+	chr7:66453220-66457853-	129	311	0	2866,2878,2885,2890,2893,3513,3520,3557,3565,3573,4002,4011,4026,4038,4052,4054	2879,2891,2898,2903,2906,3530,3537,3574,3582,3590,4020,4029,4044,4056,4070,4072	3	69,70,71,72,73,87,88,89,90,91,108,109,110,111,112,113	142	1194	4625	129|51|6|9|14|5|43|30|6|4|9|5
GA	Bostau	LTR	ERV1	ERV1-2-I_BT	chr18:16194072-16199168+	chr7:66453220-66457853-	125	303	0	2102,2104,2123,2172,2180,2192,4079,4097,4114,4115,4118,4122,4134,4144,4150	1618,1620,1639,1688,1696,1708,3619,3637,3654,3655,3658,3662,3674,3684,3690	2	32,33,34,35,36,37,90,91,92,93,94,95,96,97,98	163	2073	4606	125|50|7|5|11|5|38|26|8|9|15|4
GA	Bostau	LTR	ERV1	ERV1-2-I_BT	chr18:23438207-23439333+	chr7:66453220-66457853-	38	86	0	113,131,145,148,152,174,180,453,454,506,519,534	3619,3637,3655,3658,3662,3684,3690,3963,3964,4016,4029,4044	2	5,6,7,8,9,10,11,17,18,19,20,21	154	426	1126	38|16|0|0|3|0|10|9|2|1|4|3
GA	Bostau	LTR	ERV1	ERV1-2-I_BT	chr18:45326679-45331299-	chr7:66453220-66457853-	131	334	0	1604,1606,1625,1674,1682,1694,2858,2865,2877,2884,2889,2892,3602,3620,3637,3638,3641,3645,3657,3947,3948,4000,4013,4028,4040,4054,4056	1618,1620,1639,1688,1696,1708,2872,2879,2891,2898,2903,2906,3619,3637,3654,3655,3658,3662,3674,3963,3964,4016,4029,4044,4056,4070,4072	4	35,36,37,38,39,40,70,71,72,73,74,75,95,96,97,98,99,100,101,108,109,110,111,112,113,114,115	292	2455	4626	131|54|9|6|12|5|55|35|6|9|8|4
GA	Bostau	LTR	ERV1	ERV1-1-I_BT	chr27:43314464-43318602-	chrX:74156305-74158920-	96	238	0	2075,2077,2084,2090,2095,2101,2459,2460,2463,2467,2471	1122,1124,1131,1137,1142,1148,1504,1505,1508,1512,1516	2	48,49,50,51,52,53,67,68,69,70,71	40	395	2549	96|27|6|5|7|10|31|28|6|2|12|8
GA	Bostau	LTR	ERV1	ERV1-2-I_BT	chr18:45460669-45465818-	chr7:66453220-66457853-	131	308	0	3313,3370,3382,3390,3397,3409,4138,4156,4173,4174,4177,4181,4482,4483,4535,4548,4563	2795,2852,2864,2872,2879,2891,3619,3637,3654,3655,3658,3662,3963,3964,4016,4029,4044	3	67,68,69,70,71,72,95,96,97,98,99,100,110,111,112,113,114	223	1250	4625	131|45|6|6|10|5|33|43|10|7|8|4
GA	Bostau	LTR	ERV1	ERV1-1-I_BT	chr28:1720982-1725220-	chrX:74156305-74158920-	94	249	0	1738,1751,1760,1769,1779,2599,2601,2608,2614,2619,2625,2983,2984,2987,2991,2995	1122,1124,1131,1137,1142,1148,1504,1505,1508,1512,1516,248,270,280,290,300	3	9,10,11,12,13,43,44,45,46,47,48,64,65,66,67,68	93	1269	2580	94|31|3|12|8|13|29|35|6|0|13|5
GA	Bostau	LTR	ERV1	ERV1-2-I_BT	chr18:53486728-53491750+	chr7:66453220-66457853-	133	316	0	3256,3263,3275,3282,3287,3290,4005,4023,4040,4041,4044,4048,4349,4350,4361,4402,4415,4430,4442	2872,2879,2891,2898,2903,2906,3619,3637,3654,3655,3658,3662,3963,3964,3975,4016,4029,4044,4056	3	66,67,68,69,70,71,93,94,95,96,97,98,107,108,109,110,111,112,113	173	1185	4629	133|50|8|6|12|6|38|35|7|8|8|5
GA	Bostau	LTR	ERV1	ERV1-1-I_BT	chr28:13100042-13105539-	chr8:76138826-76144298-	76	208	0	1841,1844,1890,1922,1970,4137,4145,4187,4250,4261	1836,1839,1885,1917,1965,4126,4134,4176,4239,4250	2	21,22,23,24,25,53,54,55,56,57	255	2415	5484	76|37|4|8|11|3|29|26|5|4|0|5
GA	Bostau	LTR	ERV1	ERV1-1-I_BT	chr28:13100042-13105539-	chrX:74156305-74158920-	96	232	0	2653,2655,2662,2673,2679,2864,2875,2900,2915,2922,3037,3038,3041,3045,3049	1122,1124,1131,1142,1148,1334,1345,1368,1383,1390,1504,1505,1508,1512,1516	3	47,48,49,50,51,59,60,61,62,63,67,68,69,70,71	97	395	2619	96|30|5|6|9|8|23|30|6|2|10|7
GA	Bostau	LTR	ERV1	ERV1-1-I_BT	chr29:4159675-4164408-	chrX:74156305-74158920-	88	232	0	2653,2655,2662,2668,2673,2679,3037,3038,3041,3045,3049,3059,3080	1122,1124,1131,1137,1142,1148,1504,1505,1508,1512,1516,1526,1547	2	44,45,46,47,48,49,61,62,63,64,65,66,67	71	426	2556	88|32|4|8|8|9|26|30|7|4|12|4
GA	Bostau	LTR	ERV1	ERV1-1-I_BT	chr29:25638993-25644085+	chrX:74156305-74158920-	89	239	0	2642,2644,2651,2657,2662,3025,3026,3029,3033,3037	1122,1124,1131,1137,1142,1504,1505,1508,1512,1516	2	44,45,46,47,48,63,64,65,66,67	34	395	2610	89|34|6|8|9|10|33|29|4|2|10|5
GA	Bostau	LTR	ERV1	ERV1-2-I_BT	chr19:5360195-5361369-	chr7:66453220-66457853-	43	104	0	175,192,193,196,200,212,554,567,582,594,595	3637,3654,3655,3658,3662,3674,4016,4029,4044,4056,4057	2	6,7,8,9,10,11,21,22,23,24,25	80	421	1173	43|15|0|1|2|3|16|14|1|1|6|2
GA	Bostau	LTR	ERV1	ERV1-2-I_BT	chr19:7794073-7798565+	chr7:66453220-66457853-	97	221	0	2929,2943,2974,2975,2987,3859,3866,3903,3911,3919,3981,3983,3984,3987,3991,4003,4358,4373,4383,4385,4399,4401	2595,2609,2640,2641,2653,3530,3537,3574,3582,3590,3652,3654,3655,3658,3662,3674,4029,4044,4054,4056,4070,4072	4	31,32,33,34,35,69,70,71,72,73,76,77,78,79,80,81,91,92,93,94,95,96	187	1478	2575	97|33|9|7|2|5|28|20|2|4|11|3
GA	Bostau	LTR	ERV1	ERV1-1-I_BT	chr29:39286304-39290280-	chrX:74156305-74158920-	96	263	0	1156,1158,1165,1166,1176,1182,1540,1541,1544,1548,1552	1122,1124,1131,1132,1142,1148,1504,1505,1508,1512,1516	2	46,47,48,49,50,51,66,67,68,69,70	40	395	2630	96|29|4|7|9|15|28|44|7|3|12|9
GA	Bostau	LTR	ERV1	ERV1-2-I_BT	chr19:32670015-32676054+	chr7:66453220-66457853-	131	316	0	4253,4264,4272,4279,4291,4298,4303,4306,4381,4384,4407,4427,4430,4449,5055,5056,5059,5063,5075,5085,5362,5363,5415,5428,5443,5455,5456,5469,5471,5868,5869,5892,5906,5927	2853,2864,2872,2879,2891,2898,2903,2906,2981,2984,3007,3027,3030,3049,3654,3655,3658,3662,3674,3684,3963,3964,4016,4029,4044,4056,4057,4070,4072,4461,4462,4486,4500,4521	5	64,65,66,67,68,69,70,71,75,76,77,78,79,80,93,94,95,96,97,98,106,107,108,109,110,111,112,113,114,123,124,125,126,127	325	1669	4622	131|49|5|6|11|6|49|27|6|6|16|4
GA	Bostau	LTR	ERV1	ERV1-1-I_BT	chr3:27712369-27717647+	chr4:104569853-104574564-	54	153	0	3158,3235,3263,3269,3277,3849,3903,3936,3940,3941	3145,3221,3249,3255,3263,3835,3889,3922,3926,3927	2	31,32,33,34,35,49,50,51,52,53	212	783	4070	54|22|3|2|5|4|21|25|3|5|8|1
GA	Bostau	LTR	ERV1	ERV1-1-I_BT	chr3:27712369-27717647+	chrX:74156305-74158920-	91	235	0	2648,2650,2657,2668,2674,3030,3031,3034,3038,3042	1122,1124,1131,1142,1148,1504,1505,1508,1512,1516	2	44,45,46,47,48,61,62,63,64,65	40	395	2617	91|30|5|5|9|11|25|31|6|2|14|6
GA	Bostau	LTR	ERV1	ERV1-2-I_BT	chr2:7500000-7504926+	chr7:66453220-66457853-	137	343	0	1844,1851,1858,1861,1862,2453,2461,2486,2510,2573,3183,3190,3202,3209,3214,3217,3909,3944,3945,3948,3952,3964	1552,1559,1566,1569,1570,2153,2161,2186,2210,2273,2872,2879,2891,2898,2903,2906,3619,3654,3655,3658,3662,3674	4	32,33,34,35,36,50,51,52,53,54,73,74,75,76,77,78,97,98,99,100,101,102	231	2123	4626	137|54|9|9|10|11|39|46|7|5|10|6
GA	Bostau	LTR	ERV1	ERV1-1-I_BT	chr3:49038915-49043727+	chrX:74156305-74158920-	94	239	0	2664,2666,2673,2679,2684,2690,3049,3050,3053,3057,3061,3071,3092	1122,1124,1131,1137,1142,1148,1504,1505,1508,1512,1516,1526,1547	2	44,45,46,47,48,49,64,65,66,67,68,69,70	71	426	2555	94|34|5|8|10|10|28|25|8|2|10|5
GA	Bostau	LTR	ERV1	ERV1-2-I_BT	chr2:30205157-30210287-	chr7:66453220-66457853-	117	320	0	4146,4147,4150,4154,4166,4455,4456,4508,4521,4536,4548,4562,4564	3654,3655,3658,3662,3674,3963,3964,4016,4029,4044,4056,4070,4072	2	83,84,85,86,87,94,95,96,97,98,99,100,101	131	419	4624	117|50|8|7|8|7|61|31|9|7|12|3
GA	Bostau	LTR	ERV1	ERV1-1-I_BT	chr3:99279373-99284071+	chr4:104569853-104574564-	51	133	0	1482,1488,1568,1584,1585,1637,3814,3825,3858,3862,3863	1527,1533,1613,1629,1630,1682,3878,3889,3922,3926,3927	2	4,5,6,7,8,9,47,48,49,50,51	206	2401	3040	51|16|0|2|6|3|17|25|2|3|6|2
GA	Bostau	LTR	ERV1	ERV1-2-I_BT	chr2:48663916-48666021-	chr7:66453220-66457853-	42	115	0	1146,1165,1214,1222,1234,1379,1436,1466,1479,1480	1618,1639,1688,1696,1708,1847,1899,1929,1942,1943	2	19,20,21,22,23,27,28,29,30,31	188	326	2060	42|16|1|5|5|1|23|10|4|2|4|2
GA	Bostau	LTR	ERV1	ERV1-1-I_BT	chr3:113281804-113286240+	chrX:74156305-74158920-	94	236	0	2645,2647,2654,2660,2665,2671,3029,3030,3033,3037,3041	1122,1124,1131,1137,1142,1148,1504,1505,1508,1512,1516	2	47,48,49,50,51,52,66,67,68,69,70	40	395	2554	94|31|6|6|9|11|24|30|7|1|12|5
GA	Bostau	LTR	ERV1	ERV1-1-I_BT	chr3:113501865-113506557-	chrX:74156305-74158920-	93	239	0	2648,2650,2657,2663,2668,2674,3032,3033,3034,3036,3040,3044	1122,1124,1131,1137,1142,1148,1504,1505,1506,1508,1512,1516	2	43,44,45,46,47,48,64,65,66,67,68,69	40	395	2548	93|35|6|8|10|11|27|26|6|0|12|5
GA	Bostau	LTR	ERV1	ERV1-1-LTR_BT	chr6:36053868-36054244+	chrX:72852850-72853633+	11	26	0	118,127,297,298,303,313,323,55,74,92	455,474,492,518,527,694,695,701,711,729	2	1,2,3,4,5,7,8,9,10,11	109	275	369	11|3|0|2|1|0|2|4|1|0|1|1
GA	Bostau	LTR	ERV1	ERV1-2-I_BT	chr2:77756590-77757660-	chr7:66453220-66457853-	51	142	0	462,493,494,506,508,720,727,739,746,751,754	2609,2640,2641,2658,2660,2872,2879,2891,2898,2903,2906	2	18,19,20,21,22,31,32,33,34,35,36	87	298	1070	51|13|4|3|1|5|18|26|2|6|10|3
GA	Bostau	LTR	ERV1	ERV1-1-I_BT	chr4:62599242-62600894+	chr4:104569853-104574564-	30	63	0	1117,1149,1150,1154,1155,798,800,803,881,909	3570,3572,3575,3653,3681,3889,3921,3922,3926,3927	2	12,13,14,15,16,22,23,24,25,26	151	358	1639	30|9|1|2|1|0|7|8|0|1|3|1
GA	Bostau	LTR	ERV1	ERV1-1-I_BT	chr4:65152337-65157067-	chr4:104569853-104574564-	55	151	0	1769,1777,1778,1783,1826,3162,3239,3267,3273,3281,3671,3699,3760,3805,3808,3809	1750,1760,1761,1766,1810,3145,3221,3249,3255,3263,3653,3681,3742,3787,3790,3791	3	11,12,13,14,15,29,30,31,32,33,39,40,41,42,43,44	319	2042	4720	55|28|5|3|3|4|15|28|2|4|3|1
GA	Bostau	LTR	ERV1	ERV1-1-I_BT	chr4:65152337-65157067-	chrX:74156305-74158920-	94	229	0	2650,2652,2659,2665,2670,2676,3034,3035,3038,3042,3046	1122,1124,1131,1137,1142,1148,1504,1505,1508,1512,1516	2	46,47,48,49,50,51,65,66,67,68,69	40	395	2556	94|33|5|7|9|9|24|29|5|0|10|4
GA	Bostau	LTR	ERV1	ERV1-2-I_BT	chr2:81573000-81576233+	chr7:66453220-66457853-	106	240	0	1470,1477,1489,1496,1501,1504,220,222,2236,2253,2254,2257,2261,2273,241,2613,2626,2641,2653,2667,2669,290,298,310	1618,1620,1639,1688,1696,1708,2872,2879,2891,2898,2903,2906,3637,3654,3655,3658,3662,3674,4016,4029,4044,4056,4070,4072	4	8,9,10,11,12,13,44,45,46,47,48,49,69,70,71,72,73,74,82,83,84,85,86,87	221	2455	3234	106|37|3|3|7|6|33|24|2|7|9|3
GA	Bostau	LTR	ERV1	ERV1-1-I_BT	chr4:104569853-104574564-	chrX:74156305-74158920-	82	242	0	2633,2635,2642,2648,2653,3017,3018,3021,3025,3029	1122,1124,1131,1137,1142,1504,1505,1508,1512,1516	2	38,39,40,41,42,57,58,59,60,61	34	395	2557	82|33|5|7|10|8|47|27|5|1|12|5
GA	Bostau	LTR	ERV1	ERV1-2-I_BT	chr2:86127425-86132553+	chr7:66453220-66457853-	115	305	0	2639,2650,2659,2667,2716,3492,3501,3515,3557,3581,4143,4162,4180,4183,4187,4199	2133,2144,2153,2161,2210,2984,2993,3007,3049,3073,3619,3637,3655,3658,3662,3674	3	38,39,40,41,42,71,72,73,74,75,92,93,94,95,96,97	224	1542	4250	115|41|6|12|12|5|40|40|10|4|12|8
GA	Bostau	LTR	ERV1	ERV1-1-I_BT	chr4:113042857-113048342+	chr8:76138826-76144298-	71	208	0	1347,1358,1364,1367,1372,1840,1889,1911,1921,1969,1991,2019	1343,1354,1360,1363,1368,1836,1885,1907,1917,1965,1987,2015	2	11,12,13,14,15,20,21,22,23,24,25,26	206	673	5478	71|35|4|10|10|4|34|27|3|4|2|4
GA	Bostau	LTR	ERV1	ERV1-1-I_BT	chr4:113042857-113048342+	chrX:74156305-74158920-	96	235	0	2653,2655,2662,2668,2673,2679,3035,3036,3039,3043,3047	1122,1124,1131,1137,1142,1148,1504,1505,1508,1512,1516	2	49,50,51,52,53,54,66,67,68,69,70	40	395	2620	96|31|5|6|10|9|26|26|6|3|11|6
GA	Bostau	LTR	ERV1	ERV1-1-I_BT	chr4:115387053-115391759-	chr8:76138826-76144298-	50	147	0	1323,1334,1340,1343,1348,1763,1813,1862,1884,1894	1343,1354,1360,1363,1368,1786,1836,1885,1907,1917	2	10,11,12,13,14,19,20,21,22,23	158	575	4061	50|23|3|6|6|5|27|20|2|1|1|3
GA	Bostau	LTR	ERV1	ERV1-1-I_BT	chr4:115387053-115391759-	chrX:74156305-74158920-	96	220	0	2626,2628,2635,2646,2652,3010,3011,3014,3018,3022	1122,1124,1131,1142,1148,1504,1505,1508,1512,1516	2	46,47,48,49,50,65,66,67,68,69	40	395	2555	96|31|5|5|8|9|21|24|6|0|11|4
GA	Bostau	LTR	ERV1	ERV1-1-I_BT	chr5:44198843-44203554+	chrX:74156305-74158920-	98	258	0	1758,1769,1772,1781,1786,2640,2642,2649,2655,2660,2666,3023,3024,3027,3031,3035	1122,1124,1131,1137,1142,1148,1504,1505,1508,1512,1516,248,259,262,271,276	3	12,13,14,15,16,49,50,51,52,53,54,69,70,71,72,73	69	1269	2550	98|31|9|8|9|11|20|39|7|3|13|10
GA	Bostau	LTR	ERV1	ERV1-2-I_BT	chr20:31745406-31747486-	chr7:66453220-66457853-	81	228	0	1312,1319,1328,1356,1364,1372,1419,1436,1437,1444,1453,1456	3530,3537,3546,3574,3582,3590,3637,3654,3655,3662,3671,3674	2	48,49,50,51,52,53,55,56,57,58,59,60	99	145	2058	81|33|4|4|8|9|34|28|7|7|8|5
GA	Bostau	LTR	ERV1	ERV1-1-I_BT	chr5:44227088-44231798+	chrX:74156305-74158920-	100	256	0	2642,2644,2651,2657,2662,2668,3026,3027,3030,3034,3038	1122,1124,1131,1137,1142,1148,1504,1505,1508,1512,1516	2	52,53,54,55,56,57,72,73,74,75,76	40	395	2547	100|32|9|8|10|10|23|34|6|4|12|8
GA	Bostau	LTR	ERV1	ERV1-2-I_BT	chr20:39754277-39756411-	chr7:66453220-66457853-	95	242	0	1504,1505,1508,1512,1524,460,466,497,498,509,512,709,716,724,731,743,755,758	2603,2609,2640,2641,2657,2660,2857,2864,2872,2879,2891,2903,2906,3654,3655,3658,3662,3674	3	16,17,18,19,20,21,29,30,31,32,33,34,35,69,70,71,72,73	129	1072	2134	95|31|6|2|10|6|32|35|7|8|5|5
GA	Bostau	LTR	ERV1	ERV1-2-I_BT	chr20:55889142-55894263-	chr7:66453220-66457853-	127	323	0	3375,3382,3394,3401,3406,3409,4133,4150,4151,4154,4158	2872,2879,2891,2898,2903,2906,3637,3654,3655,3658,3662	2	70,71,72,73,74,75,94,95,96,97,98	61	791	4618	127|52|6|7|8|7|49|37|7|7|11|5
GA	Bostau	LTR	ERV1	ERV1-1-I_BT	chr5:101923979-101929427-	chrX:74156305-74158920-	94	237	0	2656,2658,2665,2671,2676,2682,3040,3041,3044,3048,3052	1122,1124,1131,1137,1142,1148,1504,1505,1508,1512,1516	2	46,47,48,49,50,51,65,66,67,68,69	40	395	2623	94|32|8|6|10|8|25|29|8|0|12|5
GA	Bostau	LTR	ERV1	ERV1-2-I_BT	chr21:29240984-29245975+	chr7:66453220-66457853-	154	448	0	2096,2104,2116,2177,2203,3259,3266,3278,3290,3293,4326,4327,4379,4383,4392	1688,1696,1708,1777,1803,2872,2879,2891,2903,2906,3963,3964,4016,4020,4029	3	40,41,42,43,44,79,80,81,82,83,121,122,123,124,125	218	2342	4592	154|64|15|10|16|16|64|55|13|12|21|8
GA	Bostau	LTR	ERV1	ERV1-2-I_BT	chr21:32561357-32566392-	chr7:66453220-66457853-	136	396	0	2999,3013,3044,3045,3054,3057,3059,3272,3279,3291,3303,3306,4019,4051,4052,4059,4071,4081	2595,2609,2640,2641,2655,2658,2660,2872,2879,2891,2903,2906,3619,3654,3655,3662,3674,3684	3	54,55,56,57,58,59,60,68,69,70,71,72,95,96,97,98,99,100	167	1090	4628	136|61|7|11|10|5|64|50|11|13|17|11
GA	Bostau	LTR	ERV1	ERV1-1-I_BT	chr6:35133686-35136135-	chrX:74156305-74158920-	68	174	0	384,386,393,399,404,410,768,769,772,776,780	1122,1124,1131,1137,1142,1148,1504,1505,1508,1512,1516	2	19,20,21,22,23,24,39,40,41,42,43	40	395	1794	68|27|5|7|5|6|23|17|4|0|8|4
GA	Bostau	LTR	ERV1	ERV1-2-I_BT	chr22:20001423-20002262+	chr7:66453220-66457853-	37	95	0	362,363,375,376,377,579,587,594,606,618,621	2640,2641,2658,2659,2660,2864,2872,2879,2891,2903,2906	2	13,14,15,16,17,24,25,26,27,28,29	64	267	842	37|13|4|1|2|3|13|16|1|4|0|1
GA	Bostau	LTR	ERV1	ERV1-1-I_BT	chr6:47581920-47586324-	chrX:74156305-74158920-	101	254	0	1747,1758,1761,1770,1775,2630,2632,2639,2645,2650,2656	1122,1124,1131,1137,1142,1148,248,259,262,271,276	2	11,12,13,14,15,51,52,53,54,55,56	56	901	2547	101|25|5|6|9|10|30|39|6|3|15|5
GA	Bostau	LTR	ERV1	ERV1-2-I_BT	chr22:60633679-60634651-	chr7:66453220-66457853-	57	104	0	465,471,496,497,508,510,722,729,741,747,753,756	2609,2615,2641,2642,2657,2659,2872,2879,2891,2897,2903,2906	2	26,27,28,29,30,31,42,43,44,45,46,47	86	298	974	57|16|0|3|6|0|6|6|6|2|1|1
GA	Bostau	LTR	ERV1	ERV1-2-I_BT	chr23:1305517-1309546+	chr7:66453220-66457853-	96	238	0	2013,2015,2034,2083,2091,2103,2614,2677,2679,2692,2722	1618,1620,1639,1688,1696,1708,2210,2273,2275,2288,2318	2	36,37,38,39,40,41,53,54,55,56,57	200	701	3627	96|37|6|4|11|5|36|27|5|5|4|2
GA	Bostau	LTR	ERV1	ERV1-2-I_BT	chr23:6510151-6515140-	chr7:66453220-66457853-	136	317	0	1876,1908,1915,1925,1926,2953,2958,2967,2998,2999,3225,3232,3244,3251,3256,3259,3337,3360,3402,3426,3437,3748,3755,3794,3880,3884,3891,3936,3944,3973,3991,3995,4008,4009,4012,4016,4028	1520,1552,1559,1569,1570,2595,2600,2609,2640,2641,2872,2879,2891,2898,2903,2906,2984,3007,3049,3073,3084,3399,3406,3440,3526,3530,3537,3582,3590,3619,3637,3641,3654,3655,3658,3662,3674	6	23,24,25,26,27,54,55,56,57,58,67,68,69,70,71,72,76,77,78,79,80,86,87,88,89,90,91,92,93,94,95,96,97,98,99,100,101	511	2155	4593	136|47|5|6|14|7|39|34|10|6|9|4
GA	Bostau	LTR	ERV1	ERV1-1-I_BT	chr6:105156560-105162054+	chrX:74156305-74158920-	96	236	0	2652,2654,2661,2667,2672,2678,3036,3037,3040,3044,3048	1122,1124,1131,1137,1142,1148,1504,1505,1508,1512,1516	2	48,49,50,51,52,53,67,68,69,70,71	40	395	2621	96|31|5|6|9|9|30|27|8|1|9|5
GA	Bostau	LTR	ERV1	ERV1-2-I_BT	chr23:6568968-6574871+	chr7:66453220-66457853-	132	316	0	4896,4914,4918,4931,4932,4935,4939,4951,4961,5240,5241,5293,5306,5321	3619,3637,3641,3654,3655,3658,3662,3674,3684,3963,3964,4016,4029,4044	2	98,99,100,101,102,103,104,105,106,114,115,116,117,118	148	426	4608	132|63|5|5|13|5|36|28|6|12|7|4
GA	Bostau	LTR	ERV1	ERV1-2-I_BT	chr23:9521719-9526853+	chr7:66453220-66457853-	130	311	0	3376,3383,3395,3402,3407,3410,4153,4154,4157,4161,4173,4189,4967,4968,5001,5022,5031	2872,2879,2891,2898,2903,2906,3654,3655,3658,3662,3674,3690,4461,4462,4500,4521,4530	3	68,69,70,71,72,73,94,95,96,97,98,99,123,124,125,126,127	142	1659	4624	130|51|5|6|14|6|43|30|9|3|8|6
GA	Bostau	LTR	ERV1	ERV1-2-I_BT	chr23:44024570-44029608+	chr7:66453220-66457853-	130	309	0	3274,3281,3293,3300,3305,3308,4022,4040,4057,4058,4061,4065,4077,4419,4432,4447,4459,4473,4475	2872,2879,2891,2898,2903,2906,3619,3637,3654,3655,3658,3662,3674,4016,4029,4044,4056,4070,4072	3	73,74,75,76,77,78,95,96,97,98,99,100,101,111,112,113,114,115,116	148	1201	4627	130|49|5|4|11|7|45|31|8|6|8|5
GA	Bostau	LTR	ERV1	ERV1-2-I_BT	chr24:1947797-1951827-	chr7:66453220-66457853-	123	289	0	1320,1335,1368,1395,1424,2794,2813,2837,2841,2848,3638,3639,3642,3646,3658,3937,3939,3940,3988,3992,4005,4020	1337,1352,1385,1412,1441,2810,2829,2853,2857,2864,3654,3655,3658,3662,3674,3961,3963,3964,4012,4016,4029,4044	4	27,28,29,30,31,72,73,74,75,76,106,107,108,109,110,117,118,119,120,121,122,123	265	2708	4042	123|48|6|9|13|3|30|32|10|5|8|2
GA	Bostau	LTR	ERV1	ERV1-1-I_BT	chr7:20919125-20923854-	chr9:6746895-6748432+	25	70	0	1032,188,225,262,294,330,909,989,991,994	1033,187,224,261,293,329,910,990,992,995	2	3,4,5,6,7,16,17,18,19,20	267	847	1526	25|21|1|2|6|1|2|8|0|1|3|0
GA	Bostau	LTR	ERV1	ERV1-2-I_BT	chr24:11317441-11319393-	chr7:66453220-66457853-	78	226	0	1164,1171,1208,1216,1224,1271,1288,1289,1292,1296	3530,3537,3574,3582,3590,3637,3654,3655,3658,3662	2	46,47,48,49,50,51,52,53,54,55	134	133	1917	78|24|5|4|6|12|35|31|4|6|15|6
GA	Bostau	LTR	ERV1	ERV1-1-I_BT	chr7:86666428-86671129-	chrX:74156305-74158920-	93	240	0	2626,2633,2639,2644,2650,3008,3009,3012,3016,3020,3030	1124,1131,1137,1142,1148,1504,1505,1508,1512,1516,1526	2	44,45,46,47,48,62,63,64,65,66,67	48	403	2554	93|32|5|8|9|7|26|31|6|6|11|6
GA	Bostau	LTR	ERV1	ERV1-2-I_BT	chr24:13671208-13672906+	chr7:66453220-66457853-	84	223	0	1026,1027,1044,1061,1062,1065,1069,1081,1460,1462,1463,1466,1478,1595,1624,1628,1630,1633,937,944,981,989,997	3530,3537,3574,3582,3590,3619,3620,3637,3654,3655,3658,3662,3674,4054,4056,4057,4060,4072,4189,4218,4222,4224,4227	4	42,43,44,45,46,47,48,49,50,51,52,53,54,71,72,73,74,75,78,79,80,81,82	204	698	1687	84|34|6|1|4|8|28|36|4|5|8|5
GA	Bostau	LTR	ERV1	ERV1-1-LTR_BT	chrX:34971101-34971954-	chrX:72852850-72853633+	19	57	0	527,546,564,571,576,765,771,781,795,799	455,474,492,499,504,695,701,711,725,729	2	8,9,10,11,12,15,16,17,18,19	85	275	712	19|9|4|2|3|1|8|6|4|0|0|1
GA	Bostau	LTR	ERV1	ERV1-2-I_BT	chr24:34574326-34576085-	chr7:66453220-66457853-	64	167	0	1330,1348,1366,1370,1385,1388,591,603,610,615,618	2879,2891,2898,2903,2906,3619,3637,3654,3658,3671,3674	2	20,21,22,23,24,50,51,52,53,54,55	84	796	1747	64|29|2|3|6|7|22|17|5|5|4|3
GA	Bostau	LTR	ERV1	ERV1-2-I_BT	chr24:45757792-45760027+	chr7:66453220-66457853-	99	257	0	1474,1491,1492,1495,1499,1511,1521,2017,2046,2050,2052,2055,447,455,461,487,488,500,502	2595,2603,2609,2640,2641,2658,2660,3637,3654,3655,3658,3662,3674,3684,4189,4218,4222,4224,4227	3	19,20,21,22,23,24,25,66,67,68,69,70,71,72,93,94,95,96,97	153	1633	2128	99|39|6|5|8|6|33|38|2|5|11|5
GA	Bostau	LTR	ERV1	ERV1-2-I_BT	chr24:49164443-49168839-	chr7:66453220-66457853-	109	270	0	2011,2013,2032,2089,2101,3270,3277,3289,3296,3301,3304,4035,4052,4053,4056,4060,4072,4082	1618,1620,1639,1696,1708,2872,2879,2891,2898,2903,2906,3637,3654,3655,3658,3662,3674,3684	3	35,36,37,38,39,70,71,72,73,74,75,95,96,97,98,99,100,101	174	2067	3992	109|47|4|6|9|11|38|23|4|6|10|3
GA	Bostau	LTR	ERV1	ERV1-2-I_BT	chr24:62173639-62177459+	chr7:66453220-66457853-	114	268	0	2073,2085,2092,2097,2100,2803,2821,2838,2839,2842,2846,2858,2874,532,547,580,608,637	1337,1352,1385,1412,1441,2879,2891,2898,2903,2906,3619,3637,3654,3655,3658,3662,3674,3690	3	8,9,10,11,12,56,57,58,59,60,81,82,83,84,85,86,87,88	205	2354	3814	114|35|7|6|8|4|37|31|7|7|9|3
GA	Bostau	LTR	ERV1	ERV1-2-I_BT	chr25:16317095-16317719-	chr7:66453220-66457853-	23	64	0	323,335,336,339,348,349,351,478,497,501,503,506	4044,4056,4057,4060,4069,4070,4072,4199,4218,4222,4224,4227	2	8,9,10,11,12,13,14,17,18,19,20,21	58	184	564	23|7|2|1|4|0|11|8|1|2|3|2
GA	Bostau	LTR	ERV1	ERV1-2-I_BT	chr25:16318364-16319594-	chr7:66453220-66457853-	58	138	0	1197,1198,1200,1204,1216,417,424,436,448,451	2872,2879,2891,2903,2906,3655,3656,3658,3662,3674	2	22,23,24,25,26,54,55,56,57,58	55	803	1228	58|17|3|1|2|6|22|14|3|3|8|1
GA	Bostau	LTR	ERV1	ERV1-2-I_BT	chr25:18251622-18253270-	chr7:66453220-66457853-	61	153	0	1068,1069,1079,1081,1082,1083,1295,1302,1314,1326,1329,638,667,697,699,714,724,734	2210,2241,2271,2273,2288,2298,2308,2640,2641,2651,2653,2654,2655,2872,2879,2891,2903,2906	3	18,19,20,21,22,23,24,31,32,33,34,35,36,44,45,46,47,48	150	697	1644	61|22|3|6|5|4|21|18|3|4|6|0
GA	Bostau	LTR	ERV1	ERV1-2-I_BT	chr26:1427640-1431643+	chr7:66453220-66457853-	78	178	0	2593,2594,2606,2609,2653,2820,2827,2839,2846,2851,2854,3347,3354,3389,3475,3479,3486,3531,3539,3603,3604,3607,3611,3623	2640,2641,2658,2661,2705,2872,2879,2891,2898,2903,2906,3399,3406,3440,3526,3530,3537,3582,3590,3654,3655,3658,3662,3674	4	20,21,22,23,24,31,32,33,34,35,36,50,51,52,53,54,55,56,57,60,61,62,63,64	314	1035	2316	78|27|3|4|5|2|16|16|5|9|9|4
GA	Bostau	LTR	ERV1	ERV1-2-I_BT	chr26:3284715-3289681+	chr7:66453220-66457853-	128	340	0	3230,3237,3249,3256,3261,3264,3995,3996,3999,4003,4015,4025,4031	2872,2879,2891,2898,2903,2906,3654,3655,3658,3662,3674,3684,3690	2	64,65,66,67,68,69,90,91,92,93,94,95,96	72	819	4613	128|46|7|9|12|7|47|36|14|10|16|8
GA	Bostau	LTR	ERV1	ERV1-2-I_BT	chr26:10827942-10830472-	chr7:66453220-66457853-	83	200	0	1949,1951,1965,1967,1975,757,765,767,772,784,791,796,799	2864,2872,2874,2879,2891,2898,2903,2906,4054,4056,4070,4072,4080	2	18,19,20,21,22,23,24,25,66,67,68,69,70	70	1217	2531	83|31|2|4|6|6|27|21|4|3|8|5
GA	Bostau	LTR	ERV1	ERV1-2-I_BT	chr26:23521004-23525626-	chr7:66453220-66457853-	132	330	0	2853,2860,2872,2879,2884,2887,2965,2988,3030,3054,3065,3947,3948,4000,4013,4028,4038,4040,4044,4054,4056,4064	2872,2879,2891,2898,2903,2906,2984,3007,3049,3073,3084,3963,3964,4016,4029,4044,4054,4056,4061,4070,4072,4080	3	65,66,67,68,69,70,74,75,76,77,78,109,110,111,112,113,114,115,116,117,118,119	254	1209	4627	132|60|8|5|15|3|45|32|7|8|11|4
GA	Bostau	LTR	ERV1	ERV1-2-I_BT	chr26:39721136-39722489-	chr7:66453220-66457853-	54	120	0	295,302,347,351,355,401,418,419,422,426,438,808,818,820,834,836,844	3530,3537,3582,3586,3590,3637,3654,3655,3658,3662,3674,4044,4054,4056,4070,4072,4080	3	8,9,10,11,12,13,14,15,16,17,18,31,32,33,34,35,36	183	551	1359	54|21|1|0|4|1|16|14|0|3|3|3
GA	Bostau	LTR	ERV1	ERV1-2-I_BT	chr27:375192-378886+	chr7:66453220-66457853-	94	256	0	2499,2524,2536,2593,2607,2865,2872,2884,2891,2896,2899,2977,2992,3042,3066,3077,3613,3614,3648,3649,3652,3656,3668	2500,2525,2538,2595,2609,2872,2879,2891,2898,2903,2906,2984,2999,3049,3073,3084,3619,3620,3654,3655,3658,3662,3674	4	46,47,48,49,50,59,60,61,62,63,64,68,69,70,71,72,86,87,88,89,90,91,92	302	1175	3697	94|36|5|5|12|5|47|31|4|8|5|4
GA	Bostau	LTR	ERV1	ERV1-1-I_BT	chr9:87140210-87145670-	chrX:74156305-74158920-	89	218	0	2632,2634,2641,2652,2658,3014,3015,3018,3022,3026	1122,1124,1131,1142,1148,1504,1505,1508,1512,1516	2	41,42,43,44,45,60,61,62,63,64	40	395	2614	89|32|6|7|9|9|22|24|4|0|11|5
GA	Bostau	LTR	ERV1	ERV1-1-I_BT	chr9:87478260-87482689+	chrX:74156305-74158920-	97	240	0	2635,2648,2650,2657,2663,2668,2674,3033,3034,3037,3041,3045	1109,1122,1124,1131,1137,1142,1148,1504,1505,1508,1512,1516	2	48,49,50,51,52,53,54,69,70,71,72,73	53	408	2553	97|30|6|12|8|9|32|24|6|1|10|5
GA	Bostau	LTR	ERV1	ERV1-1-I_BT	chrUn_NW_020190166v1:69198-74682+	chrX:74156305-74158920-	92	228	0	2650,2652,2659,2665,2670,2676,3034,3035,3038,3042,3046	1122,1124,1131,1137,1142,1148,1504,1505,1508,1512,1516	2	43,44,45,46,47,48,62,63,64,65,66	40	395	2621	92|33|5|7|8|9|27|26|5|0|10|6
GA	Bostau	LTR	ERV1	ERV1-1-I_BT	chrUn_NW_020190741v1:62455-66881+	chrX:74156305-74158920-	92	228	0	2633,2635,2642,2653,2659,3017,3018,3021,3025,3029	1122,1124,1131,1142,1148,1504,1505,1508,1512,1516	2	45,46,47,48,49,64,65,66,67,68	40	395	2557	92|32|6|6|10|9|24|30|5|0|10|4
GA	Bostau	LTR	ERV1	ERV1-2-I_BT	chr27:42706442-42709112+	chr7:66453220-66457853-	89	195	0	1564,1571,1608,1616,1624,1653,1670,1687,1688,1691,1695,1707,1717,922,929,941,948,953,956,964	2872,2879,2891,2898,2903,2906,2914,3530,3537,3574,3582,3590,3619,3637,3654,3655,3658,3662,3674,3684	3	26,27,28,29,30,31,32,45,46,47,48,49,51,52,53,54,55,56,57,58	170	813	2682	89|32|3|3|5|2|20|19|5|4|7|6
GA	Bostau	LTR	ERV1	ERV1-2-I_BT	chr28:1316562-1318465+	chr7:66453220-66457853-	78	214	0	1350,1367,1368,1371,1375,1674,1675,1693,1726,1727,320,326,357,358,370,372	2603,2609,2640,2641,2658,2660,3637,3654,3655,3658,3662,3963,3964,3982,4015,4016	3	6,7,8,9,10,11,51,52,53,54,55,65,66,67,68,69	138	1414	1903	78|37|7|6|7|4|31|25|3|8|3|5
GA	Bostau	LTR	ERV1	ERV1-1-I_BT	chrUn_NW_020190994v1:1411184-1415058-	chrX:74156305-74158920-	90	256	0	1803,1805,1812,1818,1823,1829,2187,2188,2191,2195,2199	1122,1124,1131,1137,1142,1148,1504,1505,1508,1512,1516	2	43,44,45,46,47,48,60,61,62,63,64	40	395	2548	90|28|7|7|7|11|34|43|5|2|14|8
GA	Bostau	LTR	ERV1	ERV1-2-I_BT	chr28:12191294-12193263+	chr7:66453220-66457853-	77	226	0	1284,1285,1288,1292,1304,614,637,679,703,714	2984,3007,3049,3073,3084,3654,3655,3658,3662,3674	2	22,23,24,25,26,48,49,50,51,52	122	691	1920	77|30|2|2|11|14|33|30|5|6|13|3
GA	Bostau	LTR	ERV1	ERV1-1-I_BT	chrUn_NW_020191650v1:3178-8656-	chrX:74156305-74158920-	92	226	0	2654,2656,2663,2674,2680,3030,3031,3034,3038,3042	1122,1124,1131,1142,1148,1504,1505,1508,1512,1516	2	46,47,48,49,50,64,65,66,67,68	40	395	2616	92|33|6|6|7|9|23|28|5|0|10|7
GA	Bostau	LTR	ERV1	ERV1-1-I_BT	chrX:5492961-5497672+	chrX:74156305-74158920-	90	216	0	2654,2656,2663,2669,2674,2680,3038,3039,3042,3046,3050	1122,1124,1131,1137,1142,1148,1504,1505,1508,1512,1516	2	43,44,45,46,47,48,65,66,67,68,69	40	395	2549	90|31|6|4|7|8|22|23|5|2|11|7
GA	Bostau	LTR	ERV1	ERV1-1-I_BT	chrX:34966371-34971101-	chrX:74156305-74158920-	93	250	0	2656,2658,2665,2671,2676,2682,3040,3041,3044,3048,3052	1122,1124,1131,1137,1142,1148,1504,1505,1508,1512,1516	2	48,49,50,51,52,53,67,68,69,70,71	40	395	2554	93|31|8|6|11|10|28|35|8|3|11|6
GA	Bostau	LTR	ERV1	ERV1-1-I_BT	chrX:35635056-35640487+	chrX:74156305-74158920-	93	247	0	2652,2654,2661,2667,2672,2678,3036,3037,3040,3044,3048	1122,1124,1131,1137,1142,1148,1504,1505,1508,1512,1516	2	46,47,48,49,50,51,64,65,66,67,68	40	395	2610	93|31|9|7|7|8|29|36|8|1|9|9
GA	Bostau	LTR	ERV1	ERV1-1-I_BT	chrX:38683093-38686532+	chrX:74156305-74158920-	97	280	0	1703,1705,1707,1712,1723,1729,2080,2081,2084,2092,2102	1122,1124,1126,1131,1142,1148,1504,1505,1508,1516,1526	2	43,44,45,46,47,48,65,66,67,68,69	50	405	2614	97|31|10|11|7|13|32|43|6|7|12|11
GA	Bostau	LTR	ERV1	ERV1-2-I_BT	chr28:43752683-43757276-	chr7:66453220-66457853-	133	308	0	1506,1538,1545,1555,1556,1837,1845,1894,1924,1937,2536,2580,2594,2625,2626,2638,2964,2987,3026,3050,3061,3596,3614,3631,3632,3635,3639,3651,3661	1520,1552,1559,1569,1570,1847,1855,1899,1929,1944,2551,2595,2609,2640,2641,2658,2984,3007,3049,3073,3084,3619,3637,3654,3655,3658,3662,3674,3684	5	28,29,30,31,32,41,42,43,44,45,59,60,61,62,63,64,79,80,81,82,83,97,98,99,100,101,102,103,104	424	2165	4613	133|54|7|6|12|7|33|29|10|6|8|3
GA	Bostau	LTR	ERV1	ERV1-1-I_BT	chrX:43422116-43426323+	chrX:74156305-74158920-	97	257	0	2136,2138,2145,2151,2156,2162,2509,2510,2513,2517,2521	1122,1124,1131,1137,1142,1148,1504,1505,1508,1512,1516	2	48,49,50,51,52,53,67,68,69,70,71	40	395	2554	97|32|5|6|8|10|28|38|6|5|15|7
GA	Bostau	LTR	ERV1	ERV1-1-I_BT	chrX:48250637-48255371-	chrX:74156305-74158920-	94	233	0	2656,2658,2665,2671,2676,2682,3040,3041,3044,3048,3052	1122,1124,1131,1137,1142,1148,1504,1505,1508,1512,1516	2	46,47,48,49,50,51,65,66,67,68,69	40	395	2557	94|34|6|7|8|9|24|29|6|1|10|5
GA	Bostau	LTR	ERV1	ERV1-2-I_BT	chr29:48276309-48279465+	chr7:66453220-66457853-	99	264	0	2473,2491,2508,2509,2512,2516,2528,2538,2898,2908,2910,2924,2926,2934	3619,3637,3654,3655,3658,3662,3674,3684,4044,4054,4056,4070,4072,4080	2	66,67,68,69,70,71,72,73,86,87,88,89,90,91	103	462	2391	99|37|6|5|14|7|36|26|6|8|13|7
GA	Bostau	LTR	ERV1	ERV1-2-I_BT	chr29:49237195-49242296-	chr7:66453220-66457853-	152	348	0	3342,3349,3361,3368,3373,3376,4086,4104,4121,4122,4125,4129,4140,4141,4151,4428,4429,4481,4485,4494	2872,2879,2891,2898,2903,2906,3619,3637,3654,3655,3658,3662,3673,3674,3684,3963,3964,4016,4020,4029	3	79,80,81,82,83,84,109,110,111,112,113,114,115,116,117,124,125,126,127,128	168	1158	4630	152|70|7|7|18|4|41|23|8|7|6|5
GA	Bostau	LTR	ERV1	ERV1-2-I_BT	chr29:49901705-49906738+	chr7:66453220-66457853-	150	333	0	1735,1750,1783,1810,1839,2014,2016,2017,2035,2084,2092,2104,3272,3279,3291,3298,3303,3306,3384,3407,3449,3475,3484,4037,4054,4055,4058,4062,4073,4074,4084,4361,4362,4414,4418,4427	1337,1352,1385,1412,1441,1617,1619,1620,1639,1688,1696,1708,2872,2879,2891,2898,2903,2906,2984,3007,3049,3075,3084,3637,3654,3655,3658,3662,3673,3674,3684,3963,3964,4016,4020,4029	6	25,26,27,28,29,35,36,37,38,39,40,41,74,75,76,77,78,79,83,84,85,86,87,105,106,107,108,109,110,111,112,120,121,122,123,124	448	2693	4625	150|60|6|10|16|5|32|32|7|6|7|2
GA	Bostau	LTR	ERV1	ERV1-2-I_BT	chr3:214868-217332-	chr7:66453220-66457853-	69	177	0	1481,1484,1513,1514,1517,1521,1533,711,715,722,730,737	2853,2857,2864,2872,2879,3619,3622,3654,3655,3658,3662,3674	2	24,25,26,27,28,60,61,62,63,64,65,66	83	822	1564	69|26|4|3|6|7|21|27|2|6|4|2
GA	Bostau	LTR	ERV1	ERV1-1-I_BT	chrX:68748816-68753444+	chrX:74156305-74158920-	93	231	0	1795,1797,1804,1810,1815,1821,2179,2180,2183,2187,2191	1122,1124,1131,1137,1142,1148,1504,1505,1508,1512,1516	2	46,47,48,49,50,51,65,66,67,68,69	40	395	2620	93|30|6|7|10|9|22|28|8|1|10|7
GA	Bostau	LTR	ERV1	ERV1-2-I_BT	chr3:32436218-32441257-	chr7:66453220-66457853-	133	318	0	2011,2026,2028,2047,2096,2261,2318,2348,2361,2362,2569,2577,2626,2685,2700,3203,3265,3272,3280,3287,3299,3306,3311,3314,4019,4034,4052,4069,4070,4073,4077,4089,4099,4105,4378,4379,4431,4444,4459,4471,4485,4487	1601,1618,1620,1639,1688,1847,1899,1929,1944,1945,2153,2161,2210,2273,2288,2795,2857,2864,2872,2879,2891,2898,2903,2906,3604,3619,3637,3654,3655,3658,3662,3674,3684,3690,3963,3964,4016,4029,4044,4056,4070,4072	6	32,33,34,35,36,42,43,44,45,46,50,51,52,53,54,69,70,71,72,73,74,75,76,77,94,95,96,97,98,99,100,101,102,103,110,111,112,113,114,115,116,117	632	2472	4626	133|49|6|4|9|8|46|35|10|5|8|5
GA	Bostau	LTR	ERV1	ERV1-1-I_BT	chrX:72388630-72390515-	chrX:74156305-74158920-	53	150	0	1791,1793,1805,1809,1811,1853,1855,1862,1873,1879	1060,1062,1074,1078,1080,1122,1124,1131,1142,1148	2	44,45,46,47,48,49,50,51,52,53	90	89	1159	53|8|5|3|5|4|17|24|3|5|15|8
GA	Bostau	LTR	ERV1	ERV1-2-I_BT	chr3:36530011-36533245+	chr7:66453220-66457853-	120	294	0	1484,1491,1503,1515,1518,2233,2251,2267,2268,2271,2275	2872,2879,2891,2903,2906,3619,3637,3654,3655,3658,3662	2	47,48,49,50,51,76,77,78,79,80,81	79	791	3238	120|38|12|6|6|12|35|39|4|8|8|6
GA	Bostau	LTR	ERV1	ERV1-1-I_BT	chrX:73921005-73925697+	chrX:74156305-74158920-	71	174	0	2653,2655,2662,2668,2673,2679,3037,3038,3041,3045,3049	1122,1124,1131,1137,1142,1148,1504,1505,1508,1512,1516	2	44,45,46,47,48,49,65,66,67,68,69	40	395	1588	71|18|6|2|9|8|22|20|4|0|10|4
GA	Bostau	LTR	ERV1	ERV1-2-I_BT	chr3:37223206-37228252+	chr7:66453220-66457853-	123	356	0	3285,3292,3304,3311,3316,3319,4064,4065,4068,4072,4084,4094,4100,4373,4374,4426,4464,4466	2872,2879,2891,2898,2903,2906,3654,3655,3658,3662,3674,3684,3690,3963,3964,4016,4054,4056	3	64,65,66,67,68,69,90,91,92,93,94,95,96,101,102,103,104,105	166	1185	4624	123|51|13|5|11|8|52|53|11|11|14|4
GA	Bostau	LTR	ERV1	ERV1-2-I_BT	chr3:65902703-65906239+	chr7:66453220-66457853-	114	258	0	1754,1761,1773,1780,1785,1788,1860,1862,1883,1925,1949,1958,1960,2520,2555,2556,2559,2561,2575,2585	2872,2879,2891,2898,2903,2906,2984,2986,3007,3049,3073,3082,3084,3619,3654,3655,3658,3660,3674,3684	3	48,49,50,51,52,53,57,58,59,60,61,62,63,78,79,80,81,82,83,84	202	813	3527	114|40|4|3|9|8|37|21|4|7|7|4
GA	Bostau	LTR	ERV1	ERV1-2-I_BT	chr3:99371413-99376505+	chr7:66453220-66457853-	103	265	0	2113,2115,2134,2183,2191,3370,3377,3389,3396,3401,3404,4117,4135,4152,4153,4156,4160,4172,612,631,632,635,696	116,117,120,1618,1620,1639,1688,1696,180,2872,2879,2891,2898,2903,2906,3619,3637,3654,3655,3658,3662,3674,97	4	3,4,5,6,7,30,31,32,33,34,65,66,67,68,69,70,91,92,93,94,95,96,97	254	3578	3902	103|43|5|6|10|4|38|35|6|6|6|3
GA	Bostau	LTR	ERV1	ERV1-2-I_BT	chr3:105818174-105822711+	chr7:66453220-66457853-	111	274	0	2074,2076,2095,2152,2164,3314,3321,3333,3340,3345,3348,4061,4068,4079,4096,4097,4100,4104,4116,4132	1618,1620,1639,1696,1708,2872,2879,2891,2898,2903,2906,3619,3626,3637,3654,3655,3658,3662,3674,3690	3	31,32,33,34,35,65,66,67,68,69,70,91,92,93,94,95,96,97,98,99	198	2073	4081	111|44|7|5|8|6|40|30|6|7|7|3
GA	Bostau	LTR	ERV1	ERV1-2-I_BT	chr3:119989653-119993365-	chr7:66453220-66457853-	94	227	0	2023,2055,2062,2072,2073,2119,2121,2140,2147,2197,2209,3378,3385,3397,3404,3409,3412	1520,1552,1559,1569,1570,1618,1620,1639,1646,1696,1708,2872,2879,2891,2898,2903,2906	3	34,35,36,37,38,39,40,41,42,43,44,78,79,80,81,82,83	225	1387	3200	94|44|4|6|12|4|25|21|8|3|5|1
GA	Bostau	LTR	ERV1	ERV1-2-I_BT	chr4:971111-972338+	chr7:66453220-66457853-	52	123	0	238,239,242,246,257,258,604,617,632,644,649,658,660	3654,3655,3658,3662,3673,3674,4016,4029,4044,4057,4061,4070,4072	2	8,9,10,11,12,13,23,24,25,26,27,28,29	78	419	1224	52|11|1|1|2|4|19|19|3|5|3|3
GA	Bostau	LTR	ERV1	ERV1-2-I_BT	chr4:1101756-1106899-	chr7:66453220-66457853-	130	348	0	2665,2722,2785,2800,2802,3380,3387,3399,3406,3411,3414,4128,4163,4164,4167,4171,4183	2153,2210,2273,2288,2290,2872,2879,2891,2898,2903,2906,3619,3654,3655,3658,3662,3674	3	48,49,50,51,52,69,70,71,72,73,74,95,96,97,98,99,100	229	1522	4625	130|58|10|6|11|5|50|33|8|12|15|10
GA	Bostau	LTR	ERV1	ERV1-2-I_BT	chr4:20565377-20566885+	chr7:66453220-66457853-	70	189	0	106,118,121,1424,1428,1430,1447,1454,869,87,870,873,877,889,94	2872,2879,2891,2903,2906,3654,3655,3658,3662,3674,4218,4222,4224,4241,4248	3	7,8,9,10,11,38,39,40,41,42,63,64,65,66,67	87	1377	1496	70|21|3|3|5|8|28|28|5|5|11|2
GA	Bostau	LTR	ERV1	ERV1-2-I_BT	chr4:21926433-21928562-	chr7:66453220-66457853-	97	254	0	1369,1376,1413,1421,1429,1493,1494,1497,1501,1513	3530,3537,3574,3582,3590,3654,3655,3658,3662,3674	2	63,64,65,66,67,71,72,73,74,75	82	145	2132	97|36|5|6|8|11|35|37|2|4|7|6
GA	Bostau	LTR	ERV1	ERV1-2-I_BT	chr4:37359701-37361844-	chr7:66453220-66457853-	91	258	0	122,128,143,144,1494,1498,1500,1502,1514,163	2267,2273,2288,2289,2308,3654,3658,3660,3662,3674	2	7,8,9,10,11,64,65,66,67,68	63	1408	2128	91|30|9|8|6|8|38|42|3|8|10|5
GA	Bostau	LTR	ERV1	ERV1-2-I_BT	chr4:48936109-48938806-	chr7:66453220-66457853-	92	203	0	1695,1712,1713,1716,1720,1732,1742,2022,2023,2075,2088,2103,2113,2115,2129,2131,216,224,273,284,336	2153,2161,2210,2221,2273,3637,3654,3655,3658,3662,3674,3684,3963,3964,4016,4029,4044,4054,4056,4070,4072	3	4,5,6,7,8,55,56,57,58,59,60,61,68,69,70,71,72,73,74,75,76	279	1920	2694	92|31|5|4|6|6|20|18|3|9|6|3
GA	Bostau	LTR	ERV1	ERV1-2-I_BT	chr4:52123826-52128120+	chr7:66453220-66457853-	123	296	0	3295,3312,3313,3316,3320,3329,3332,3342,3621,3622,3674,3687,3712,3714,3728,3730	3637,3654,3655,3658,3662,3671,3674,3684,3963,3964,4016,4029,4054,4056,4070,4072	2	86,87,88,89,90,91,92,93,99,100,101,102,103,104,105,106	158	436	4296	123|40|2|8|12|5|50|30|5|7|10|4
GA	Bostau	LTR	ERV1	ERV1-2-I_BT	chr4:58021574-58024236+	chr7:66453220-66457853-	82	217	0	1649,1684,1701,1711,1717,904,911,923,930,935,938	2872,2879,2891,2898,2903,2906,3619,3654,3674,3684,3690	2	22,23,24,25,26,27,48,49,50,51,52	107	819	2655	82|30|5|4|7|8|29|33|3|5|7|4
GA	Bostau	LTR	ERV1	ERV1-2-I_BT	chr4:70746414-70749442-	chr7:66453220-66457853-	113	282	0	1275,1282,1294,1306,1309,2039,2056,2057,2060,2064,2076,2086,2418,2431,2446,2456,2458,2472,2474,561,569,618,681,696	2153,2161,2210,2273,2288,2872,2879,2891,2903,2906,3637,3654,3655,3658,3662,3674,3684,4016,4029,4044,4054,4056,4070,4072	4	17,18,19,20,21,41,42,43,44,45,71,72,73,74,75,76,77,88,89,90,91,92,93,94	276	1920	3037	113|34|4|4|10|6|32|47|7|8|11|6
GA	Bostau	LTR	ERV1	ERV1-2-I_BT	chr5:2415280-2416182+	chr7:66453220-66457853-	37	85	0	222,223,226,230,241,763,782,786,788,791	3654,3655,3658,3662,3674,4199,4218,4222,4224,4227	2	9,10,11,12,13,31,32,33,34,35	50	574	857	37|9|3|0|2|2|5|16|0|2|7|2
GA	Bostau	LTR	ERV1	ERV1-2-I_BT	chr5:2896715-2899248+	chr7:66453220-66457853-	59	137	0	1511,1512,1529,1530,1533,1537,1549,1928,1930,1934,1944,1946	3636,3637,3654,3655,3658,3662,3674,4054,4056,4061,4070,4072	2	7,8,9,10,11,12,13,29,30,31,32,33	58	437	1222	59|23|0|2|3|5|16|14|1|5|7|2
GA	Bostau	LTR	ERV1	ERV1-2-I_BT	chr5:3544598-3546725-	chr7:66453220-66457853-	84	244	0	1496,1497,1500,1504,1516,1879,1881,1895,1897,1906	3654,3655,3658,3662,3674,4054,4056,4070,4072,4081	2	58,59,60,61,62,75,76,77,78,79	49	428	2084	84|26|9|3|11|11|32|32|3|10|15|8
GA	Bostau	LTR	ERV1	ERV1-2-I_BT	chr5:16199697-16202179+	chr7:66453220-66457853-	81	197	0	1466,1484,1501,1502,1505,1509,1521,461,492,493,505,506,719,726,738,745,750,753	2609,2640,2641,2658,2659,2872,2879,2891,2898,2903,2906,3619,3637,3654,3655,3658,3662,3674	3	8,9,10,11,12,19,20,21,22,23,24,43,44,45,46,47,48,49	142	1066	2472	81|32|2|4|5|5|25|23|7|3|7|3
GA	Bostau	LTR	ERV1	ERV1-2-I_BT	chr5:44174279-44180320-	chr7:66453220-66457853-	128	331	0	3016,3018,3037,3086,3094,4272,4279,4291,4298,4300,4303,4306,5055,5056,5059,5063,5072,5075	1618,1620,1639,1688,1696,2872,2879,2891,2898,2900,2903,2906,3654,3655,3658,3662,3671,3674	3	26,27,28,29,30,63,64,65,66,67,68,69,94,95,96,97,98,99	135	2057	4622	128|50|9|7|13|6|52|36|10|5|10|5
GA	Bostau	LTR	ERV1	ERV1-2-I_BT	chr5:51954647-51957573+	chr7:66453220-66457853-	94	225	0	2331,2343,2357,2359,2367,887,901,932,933,945	2595,2609,2640,2641,2658,4044,4056,4070,4072,4080	2	22,23,24,25,26,74,75,76,77,78	101	1486	2918	94|36|4|3|9|7|26|26|2|8|6|4
GA	Bostau	LTR	ERV1	ERV1-2-I_BT	chr5:86755167-86757258+	chr7:66453220-66457853-	84	220	0	1376,1394,1411,1412,1415,1419,1943,1972,1976,1978,1981	3619,3637,3654,3655,3658,3662,4189,4218,4222,4224,4227	2	51,52,53,54,55,56,78,79,80,81,82	83	609	1965	84|30|5|4|7|10|26|27|4|5|11|7
GA	Bostau	LTR	ERV1	ERV1-2-I_BT	chr5:100358052-100362085-	chr7:66453220-66457853-	109	300	0	2192,2261,2269,2276,2288,2295,2300,2303,3052,3053,3060,3072,3082	2795,2864,2872,2879,2891,2898,2903,2906,3654,3655,3662,3674,3684	2	52,53,54,55,56,57,58,59,79,80,81,82,83	143	890	4034	109|49|4|5|9|6|51|41|5|8|9|4
GA	Bostau	LTR	ERV1	ERV1-2-I_BT	chr5:114662855-114667933-	chr7:66453220-66457853-	55	142	0	1982,1994,2014,2021,2031,2032,2089,2108,2157,2165,2177	1520,1532,1552,1559,1569,1570,1618,1639,1688,1696,1708	2	30,31,32,33,34,35,36,37,38,39,40	190	189	2284	55|26|2|6|4|3|22|14|4|3|2|1
GA	Bostau	LTR	ERV1	ERV1-2-I_BT	chr5:114662855-114667933-	chr7:66453220-66457853-	79	177	0	4063,4081,4098,4099,4102,4106,4118,4407,4408,4460,4473,4488,4500,4514,4516	3619,3637,3654,3655,3658,3662,3674,3963,3964,4016,4029,4044,4056,4070,4072	2	42,43,44,45,46,47,48,56,57,58,59,60,61,62,63	166	454	2317	79|42|7|1|5|3|13|13|3|4|4|3
GA	Bostau	LTR	ERV1	ERV1-2-I_BT	chr6:8093012-8099039+	chr7:66453220-66457853-	125	320	0	2888,2909,2941,2948,2958,2959,3005,3007,3026,3083,3095,4248,4255,4263,4270,4282,4289,4294,4297,5420,5435,5447,5461,5463	1499,1520,1552,1559,1569,1570,1618,1620,1639,1696,1708,2857,2864,2872,2879,2891,2898,2903,2906,4029,4044,4056,4070,4072	4	23,24,25,26,27,28,29,30,31,32,33,63,64,65,66,67,68,69,70,104,105,106,107,108	305	2574	4624	125|53|7|5|9|7|42|39|7|12|12|2
GA	Bostau	LTR	ERV1	ERV1-2-I_BT	chr6:15031174-15036216-	chr7:66453220-66457853-	132	304	0	2015,2017,2036,2085,2093,2105,3275,3282,3294,3301,3306,3309,4043,4060,4061,4064,4068,4080	1618,1620,1639,1688,1696,1708,2872,2879,2891,2898,2903,2906,3637,3654,3655,3658,3662,3674	3	34,35,36,37,38,39,71,72,73,74,75,76,98,99,100,101,102,103	164	2057	4628	132|50|6|4|13|7|37|28|9|6|8|4
GA	Bostau	LTR	ERV1	ERV1-2-I_BT	chr6:15085945-15090986+	chr7:66453220-66457853-	131	309	0	1919,1951,1958,1968,1969,2015,2017,2036,2093,2105,3002,3016,3020,3047,3048,3060,3274,3281,3293,3300,3305,3308,4042,4059,4060,4063,4067,4079	1520,1552,1559,1569,1570,1618,1620,1639,1696,1708,2595,2609,2613,2640,2641,2658,2872,2879,2891,2898,2903,2906,3637,3654,3655,3658,3662,3674	5	31,32,33,34,35,36,37,38,39,40,58,59,60,61,62,63,70,71,72,73,74,75,97,98,99,100,101,102	327	2155	4631	131|50|6|5|14|8|37|30|9|6|9|4
GA	Bostau	LTR	ERV1	ERV1-2-I_BT	chr6:19128170-19129767-	chr7:66453220-66457853-	71	193	0	1162,1163,1165,1166,1170,1182,1561,1563,1564,1577,1579,383,390,394,401,408	2853,2860,2864,2872,2879,3654,3655,3657,3658,3662,3674,4054,4056,4057,4070,4072	3	15,16,17,18,19,49,50,51,52,53,54,67,68,69,70,71	67	1220	1611	71|26|7|2|3|8|22|34|4|5|6|5
GA	Bostau	LTR	ERV1	ERV1-2-I_BT	chr6:47875001-47877360-	chr7:66453220-66457853-	92	242	0	1733,1735,1746,1761,1771,1774,593,600,612,624,627	2872,2879,2891,2903,2906,4016,4018,4029,4044,4054,4056	2	17,18,19,20,21,61,62,63,64,65,66	76	1185	2358	92|30|5|1|4|7|36|33|7|11|11|5
GA	Bostau	LTR	ERV1	ERV1-2-I_BT	chr7:7990521-7995552+	chr7:66453220-66457853-	158	432	0	3035,3036,3048,3050,3051,3788,3795,3797,3819,3829,4044,4045,4048,4052,4064,4434,4444,4446,4460,4462	2640,2641,2658,2660,2661,3399,3406,3408,3430,3440,3654,3655,3658,3662,3674,4044,4054,4056,4070,4072	4	64,65,66,67,68,95,96,97,98,99,109,110,111,112,113,126,127,128,129,130	114	1433	4623	158|68|8|10|19|12|53|51|14|10|21|8
GA	Bostau	LTR	ERV1	ERV1-2-I_BT	chr7:59011337-59016355-	chr7:66453220-66457853-	129	320	0	2234,2291,2321,2334,2335,4002,4020,4037,4038,4041,4045,4057	1847,1899,1929,1944,1945,3619,3637,3654,3655,3658,3662,3674	2	40,41,42,43,44,90,91,92,93,94,95,96	155	1828	4618	129|51|6|8|13|5|35|43|8|7|10|5
