GA	Bostau	LTR	ERVK	BTLTR1F	chr1:634950-636264+	chr18:54743637-54744870+	41	111	0	495,507,512,549,554,601,797,798,799,804,808	504,516,521,542,547,594,791,792,793,798,802	2	21,22,23,24,25,26,35,36,37,38,39	103	299	1023	41|15|3|4|3|7|7|18|4|3|2|4
GA	Bostau	LTR	ERVK	BTLTR1F	chr1:13809725-13810889-	chr18:54747789-54749026+	47	125	0	205,211,222,245,253,254,256,258,794,795,796,801,805,808	209,215,226,240,248,249,251,253,795,796,797,802,806,811	2	9,10,11,12,13,14,15,16,40,41,42,43,44,45	62	603	1097	47|18|5|4|0|4|10|23|1|4|5|4
GA	Bostau	LTR	ERVK	BTLTR1F	chr1:13809725-13810889-	chr18:54743637-54744870+	50	125	0	205,211,222,245,253,254,256,258,678,684,693,694,716,794,795,796,801,805	209,215,226,240,248,249,251,253,675,681,691,692,713,791,792,793,798,802	3	9,10,11,12,13,14,15,16,36,37,38,39,40,42,43,44,45,46	96	594	1095	50|22|3|4|1|4|11|17|3|2|4|4
GA	Bostau	LTR	ERVK	BTLTR1F	chr1:16460816-16461974+	chr18:54747789-54749026+	37	98	0	452,495,507,512,526,786,788,789,790,795,799	461,504,516,521,535,793,795,796,797,802,808	2	13,14,15,16,17,29,30,31,32,33,34	91	348	1078	37|9|3|0|3|9|7|16|2|3|5|4
GA	Bostau	LTR	ERVK	BTLTR1E1	chr18:64555468-64556101+	chrX:70464449-70465155-	13	18	0	482,484,488,497,506,529,540,551,554,591	555,557,561,570,579,602,613,624,627,664	2	1,2,3,4,5,7,8,9,10,11	88	110	165	13|3|0|0|0|0|0|2|0|0|0|0
GA	Bostau	LTR	ERVK	BTLTR1F	chr1:29725825-29727006+	chr18:54747789-54749026+	37	91	0	399,416,420,432,440,811,812,818,822,825	394,411,415,427,435,795,796,802,806,809	2	12,13,14,15,16,32,33,34,35,36	57	416	1096	37|10|4|0|1|5|5|15|3|4|4|3
GA	Bostau	LTR	ERVK	BTLTR1F	chr1:29725825-29727006+	chr18:54743637-54744870+	37	91	0	399,416,420,432,440,509,521,540,568,615,695,710,711,751,761,784	394,411,415,427,435,504,516,535,547,594,675,691,692,731,741,764	3	12,13,14,15,16,18,19,20,21,22,26,27,28,29,30,31	223	371	1094	37|14|3|0|2|5|5|10|6|3|2|4
GA	Bostau	LTR	ERVK	BTLTR1E1	chr5:55212566-55213229-	chrX:70464449-70465155-	13	20	0	512,514,518,527,536,552,570,572,581,584	555,557,561,570,579,595,613,615,624,627	1	1,2,3,4,5,6,7,8,9,10	73	73	173	13|3|0|0|0|1|1|2|0|0|0|0
GA	Bostau	LTR	ERVK	BTLTR1F	chr1:69370241-69371403+	chr18:54747789-54749026+	49	101	0	236,238,246,247,249,251,275,390,392,409,413,425,795,796,797,802,804,806,809	238,240,248,249,251,253,277,392,394,411,415,427,795,796,797,802,804,806,809	3	8,9,10,11,12,13,14,18,19,20,21,22,41,42,43,44,45,46,47	91	572	1089	49|13|3|3|1|2|5|15|2|4|4|0
GA	Bostau	LTR	ERVK	BTLTR1F	chr1:69370241-69371403+	chr18:54743637-54744870+	49	100	0	236,238,246,247,249,251,275,390,392,409,413,425,795,796,797,802,804,806	238,240,248,249,251,253,277,392,394,411,415,427,791,792,793,798,800,802	3	8,9,10,11,12,13,14,18,19,20,21,22,40,41,42,43,44,45	88	565	1087	49|16|2|3|1|2|6|10|5|3|1|2
GA	Bostau	LTR	ERVK	BTLTR1F	chr1:100737571-100738897-	chr18:54747789-54749026+	45	101	0	398,400,406,417,421,433,809,810,816,820,823	392,394,400,411,415,427,795,796,802,806,810	2	12,13,14,15,16,17,36,37,38,39,40	52	419	1046	45|11|4|1|1|4|10|16|3|2|3|1
GA	Bostau	LTR	ERVK	BTLTR1F	chr1:100737571-100738897-	chr18:54743637-54744870+	41	99	0	398,400,406,417,421,433,693,708,709,710,731	392,394,400,411,415,427,675,690,691,692,713	2	12,13,14,15,16,17,27,28,29,30,31	75	322	1042	41|14|4|2|2|5|10|11|5|1|2|2
GA	Bostau	LTR	ERVK	ERV2-1-I_BT	chr1:103447207-103448541-	chr17:70959978-70962378+	68	149	0	1016,1020,1026,1028,1040,1041,1109,1112,1119,1120,1129,332,339,347,359,364	1092,1096,1102,1104,1116,1117,1185,1188,1197,1198,1207,409,414,423,435,440	3	9,10,11,12,13,49,50,51,52,53,54,57,58,59,60,61	81	799	1230	68|13|2|4|4|3|20|18|3|8|3|3
GA	Bostau	LTR	ERVK	ERV2-1-I_BT	chr1:121616373-121617163-	chr18:54746971-54747787+	70	161	0	333,335,336,342,354,355,737,739,740,744,750,752	361,363,364,369,381,382,765,767,768,772,778,780	2	22,23,24,25,26,27,64,65,66,67,68,69	38	420	792	70|25|2|2|6|10|12|20|2|2|5|5
GA	Bostau	LTR	ERVK	ERV2-2-I_BT	chr1:17086387-17092369-	chr9:68761022-68762628+	107	187	0	1049,1054,1058,1060,1065,1066,1142,1152,1162,1178,1180,1219,1231,1234,1241,1264,1271,1281,1282,1290,1298,1309,1310,1327,1359,1393,1394,1395,1398,1477,1485,1501,1509,1519,1523,1527,1529,498,502,504,507,510,882,889,890,895,897	1023,1028,1032,1034,1039,1040,1117,1127,1137,1153,1155,1194,1206,1209,1216,1239,1246,1256,1257,1265,1273,1284,1285,1302,1334,1368,1369,1370,1373,1453,1461,1477,1485,1495,1499,1503,1505,475,479,481,484,487,856,863,864,869,871	7	19,20,21,22,23,41,42,43,44,45,54,55,56,57,58,59,63,64,65,66,67,68,69,70,71,73,74,75,76,77,78,79,80,81,85,86,87,88,89,94,95,96,97,98,99,100,101	304	1031	1589	107|16|2|2|6|5|18|19|1|5|3|3
GA	Bostau	LTR	ERVK	BTLTR1F	chr1:121880878-121882142-	chr18:54747789-54749026+	37	96	0	321,344,352,355,357,895,896,901,905,908	226,240,248,251,253,796,797,802,806,809	2	3,4,5,6,7,31,32,33,34,35	42	584	931	37|9|1|3|3|4|7|19|3|2|3|5
GA	Bostau	LTR	ERVK	ERV2-2B_BT-I	chr1:221597-224372+	chr27:7074882-7079339+	140	289	0	1019,1024,1028,1029,1030,1043,1045,1089,1090,1092,1283,1287,1291,1295,1296,1840,1849,1853,1854,1855,1863,1955,1989,1990,1993,2010,2096,2097,2099,2123,2126,2174,2177,2179,2181,2183,2375,2391,2406,2410,2436,2445,2456,2463,996	1002,1029,1034,1038,1039,1040,1053,1055,1098,1099,1101,1269,1273,1277,1281,1282,1824,1834,1838,1839,1840,1848,1940,1974,1975,1978,1995,2084,2085,2087,2111,2114,2162,2165,2167,2169,2171,2364,2380,2395,2399,2425,2434,2445,2452	7	41,42,43,44,45,46,47,48,49,50,51,56,57,58,59,60,87,88,89,90,91,92,97,98,99,100,101,108,109,110,111,112,113,114,115,116,117,123,124,125,126,127,128,129,130	373	1451	2751	140|31|3|7|8|11|39|23|4|4|13|6
GA	Bostau	LTR	ERVK	ERV2-2-I_BT	chr10:25234812-25237883-	chr19:6195358-6197894+	113	268	0	1285,1296,1297,1314,1323,1810,1813,1828,1830,1837,2149,2166,2174,2177,2178,2180,764,803,834,860,869	1295,1306,1307,1324,1333,1816,1819,1834,1836,1843,2155,2172,2179,2182,2183,2185,762,812,846,872,881	4	30,31,32,33,34,53,54,55,56,57,78,79,80,81,82,97,98,99,100,101,102	218	1424	2529	113|33|6|6|10|12|30|33|4|6|6|9
GA	Bostau	LTR	ERVK	ERV2-2-I_BT	chr10:25234812-25237883-	chr17:14244136-14246904-	91	242	0	2149,2152,2166,2172,2173,2174,2177,2178,2180,2395,2404,2409,2418,2427,2443,2446	2147,2150,2164,2169,2170,2171,2174,2175,2177,2391,2400,2405,2414,2423,2439,2442	2	62,63,64,65,66,67,68,69,70,78,79,80,81,82,83,84	83	296	2579	91|32|5|2|12|8|33|30|6|11|7|5
GA	Bostau	LTR	ERVK	ERV2-2-I_BT	chr10:25234812-25237883-	chr9:68761022-68762628+	109	194	0	1206,1218,1220,1221,1225,1251,1257,1258,1268,1269,1277,1285,1296,1297,1314,1332,1346,1380,1381,1382,1385,1468,1484,1493,1503,1507,1511,496,500,502,505,508,511,524	1194,1206,1208,1209,1213,1239,1245,1246,1256,1257,1265,1273,1284,1285,1302,1320,1334,1368,1369,1370,1373,1461,1477,1485,1495,1499,1503,475,479,481,484,487,490,503	5	22,23,24,25,26,27,28,67,68,69,70,71,74,75,76,77,78,79,80,81,82,83,86,87,88,89,90,91,96,97,98,99,100,101	210	1029	1609	109|18|6|2|10|7|12|20|1|2|4|3
GA	Bostau	LTR	ERVK	ERV2-2-I_BT	chr11:57329654-57332756-	chr19:6195358-6197894+	109	249	0	1292,1303,1304,1321,1330,1387,1388,1396,1397,1400,1473,1474,1477,1508,1516,1518	1295,1306,1307,1324,1333,1389,1390,1398,1399,1402,1475,1476,1479,1509,1517,1519	3	47,48,49,50,51,55,56,57,58,59,62,63,64,65,66,67	98	225	2532	109|34|5|10|6|9|23|30|4|3|8|8
GA	Bostau	LTR	ERVK	ERV2-2-I_BT	chr11:57329654-57332756-	chr9:68761022-68762628+	118	201	0	1020,1031,1033,1043,1048,1052,1054,1059,1060,1113,1114,1116,1135,1136,1146,1156,1169,1174,1213,1225,1227,1228,1232,1235,1258,1265,1275,1276,1284,1292,1303,1304,1321,1474,1490,1496,1498,1508,1512,1516,1518,1520,1539,1543,1544,1549	1000,1011,1013,1023,1028,1032,1034,1039,1040,1093,1094,1096,1116,1117,1127,1137,1150,1155,1194,1206,1208,1209,1213,1216,1239,1246,1256,1257,1265,1273,1284,1285,1302,1460,1477,1483,1485,1495,1499,1503,1505,1507,1526,1530,1531,1536	6	52,53,54,55,56,57,58,59,60,62,63,64,65,66,67,68,69,70,71,72,73,74,75,76,78,79,80,81,82,83,84,85,86,102,103,104,105,106,107,108,109,110,111,112,113,114	308	537	1612	118|21|4|5|5|4|14|20|1|1|6|2
GA	Bostau	LTR	ERVK	BTLTR1F	chr1:121906905-121908014-	chr18:54743637-54744870+	34	79	0	443,455,460,497,502,738,739,740,745,749	504,516,521,542,547,791,792,793,798,802	2	11,12,13,14,15,25,26,27,28,29	56	299	827	34|10|1|8|0|3|4|10|4|2|1|2
GA	Bostau	LTR	ERVK	ERV2-2B_BT-I	chr1:224409-227812+	chr27:7074882-7079339+	102	173	0	1412,1413,1414,1415,1421,1436,1506,1507,1516,1518,1521,176,195,196,200,218,229,230,233,257,269,271,289,293,307,311,328,411,414,433,436,451,453,464	2965,2984,2985,2989,3007,3019,3020,3023,3047,3059,3061,3079,3083,3097,3101,3118,3202,3205,3238,3241,3257,3259,3270,4236,4237,4238,4239,4245,4260,4330,4331,4340,4342,4345	5	7,8,9,10,11,12,13,14,15,16,17,18,19,20,21,22,24,25,26,27,28,29,30,86,87,88,89,90,91,95,96,97,98,99	265	1381	1650	102|18|0|1|8|4|8|18|2|2|3|7
GA	Bostau	LTR	ERVK	ERV2-2-I_BT	chr11:84256391-84261941-	chr17:14244136-14246904-	108	249	0	1021,1038,1076,1111,1123,1475,1481,1482,1524,1526,1531,2184,2185,2186,2189,2190,2407,2416,2421,2430,2439,2533,2539,2558,2567,2571,836,839,883,891,903	1016,1030,1068,1103,1115,1464,1470,1471,1512,1514,1519,2169,2170,2171,2174,2175,2391,2400,2405,2414,2423,2517,2523,2542,2551,2555,831,834,878,886,898	6	17,18,19,20,21,23,24,25,26,27,40,41,42,43,44,45,69,70,71,72,73,85,86,87,88,89,96,97,98,99,100	303	1725	2776	108|34|2|3|9|8|31|25|6|9|9|5
GA	Bostau	LTR	ERVK	ERV2-2-I_BT	chr11:84256391-84261941-	chr19:6195358-6197894+	116	245	0	1120,1123,1130,1143,1154,1481,1482,1485,1516,1524,1526	1116,1119,1126,1139,1150,1475,1476,1479,1509,1517,1519	2	38,39,40,41,42,63,64,65,66,67,68	80	404	2536	116|35|6|8|5|10|23|24|5|2|7|4
GA	Bostau	LTR	ERVK	ERV2-2-I_BT	chr11:84256391-84261941-	chr9:68761022-68762628+	118	190	0	1027,1038,1040,1050,1055,1059,1061,1066,1067,1120,1121,1123,1124,1142,1143,1153,1163,1176,1181,1220,1232,1234,1235,1237,1239,1247,1249,1481,1482,1498,1504,1506,1516,1520,1524,1526,883,891,896,898,910,922,956,973	1000,1011,1013,1023,1028,1032,1034,1039,1040,1093,1094,1096,1097,1116,1117,1127,1137,1150,1155,1194,1206,1208,1209,1211,1213,1221,1223,1460,1461,1477,1483,1485,1495,1499,1503,1505,856,864,869,871,883,895,929,946	5	43,44,45,46,47,48,49,50,51,52,53,54,55,56,57,58,59,61,62,63,64,65,66,67,68,69,70,71,72,73,74,75,76,77,78,102,103,104,105,106,107,108,109,110	364	650	1616	118|22|2|2|5|3|12|18|2|1|5|0
GA	Bostau	LTR	ERVK	ERV2-2B_BT-I	chr1:613962-617427-	chr27:7074882-7079339+	106	186	0	1101,1104,1107,1137,1153,1414,1415,1416,1417,1418,1520,1525,1531,1540,1547,1585,176,195,196,200,218,229,232,241,268,270,288,292,306,310,327,329,640,646,647,650,653,705,713,714,719,734	2965,2984,2985,2989,3007,3020,3023,3032,3059,3061,3079,3083,3097,3101,3118,3120,3450,3458,3459,3462,3465,3520,3531,3532,3537,3552,3922,3925,3928,3958,3974,4235,4236,4237,4238,4239,4340,4345,4351,4360,4367,4405	7	10,11,12,13,14,15,16,17,18,19,20,21,22,23,24,25,38,39,40,41,42,46,47,48,49,50,76,77,78,79,80,94,95,96,97,98,100,101,102,103,104,105	330	1441	1652	106|18|1|3|7|3|15|22|0|2|2|7
GA	Bostau	LTR	ERVK	ERV2-2-I_BT	chr12:7290653-7295651+	chr19:6195358-6197894+	118	266	0	1124,1127,1134,1147,1158,1164,1314,1315,1332,1341,1362,820,852,878,887,894,895	1116,1119,1126,1139,1150,1156,1306,1307,1324,1333,1354,812,846,872,881,886,887	3	32,33,34,35,36,37,51,52,53,54,55,56,62,63,64,65,66	166	543	2535	118|38|6|8|6|10|25|31|2|2|11|9
GA	Bostau	LTR	ERVK	ERV2-2-I_BT	chr12:7290653-7295651+	chr17:14244136-14246904-	91	230	0	2185,2186,2190,2191,2193,2199,840,843,887,894,895	2169,2170,2174,2175,2177,2183,831,834,878,885,886	2	10,11,12,13,14,64,65,66,67,68,69	71	1353	2282	91|34|1|2|9|13|30|27|2|5|10|6
GA	Bostau	LTR	ERVK	ERV2-2-I_BT	chr12:7290653-7295651+	chr9:68761022-68762628+	120	194	0	1038,1044,1054,1059,1063,1065,1070,1071,1080,1124,1125,1127,1128,1146,1147,1157,1164,1185,1224,1236,1238,1239,1243,1246,1269,1275,1276,1286,1287,1295,1303,1350,1364,1399,1400,1403,1497,1501,1509,1519,1523,1527,502,506,508,511,514,517,530,532,544	1007,1013,1023,1028,1032,1034,1039,1040,1049,1093,1094,1096,1097,1116,1117,1127,1134,1155,1194,1206,1208,1209,1213,1216,1239,1245,1246,1256,1257,1265,1273,1320,1334,1369,1370,1373,1473,1477,1485,1495,1499,1503,475,479,481,484,487,490,503,505,517	7	22,23,24,25,26,27,28,29,30,60,61,62,63,64,65,66,67,68,69,70,71,72,73,74,75,76,77,78,79,80,81,82,83,86,87,88,89,90,91,92,97,98,99,100,101,107,108,109,110,111,112	375	1029	1617	120|19|6|2|3|5|10|21|0|0|5|3
GA	Bostau	LTR	ERVK	BTLTR1F	chr1:121949006-121950174-	chr18:54747789-54749026+	42	101	0	399,401,418,422,430,434,797,799,800,801,806,810,813	392,394,411,415,423,427,793,795,796,797,802,806,811	2	13,14,15,16,17,18,34,35,36,37,38,39,40	55	420	1098	42|9|4|3|1|7|5|17|3|2|4|4
GA	Bostau	LTR	ERVK	BTLTR1F	chr1:121949006-121950174-	chr18:54743637-54744870+	42	100	0	399,401,418,422,430,434,797,799,800,801,806,810	392,394,411,415,423,427,789,791,792,793,798,802	2	13,14,15,16,17,18,33,34,35,36,37,38	50	411	1096	42|14|2|3|1|7|5|12|6|1|1|6
GA	Bostau	LTR	ERVK	ERV2-2B_BT-I	chr1:617464-620221-	chr27:7074882-7079339+	146	264	0	1025,1030,1049,1096,1098,1443,1446,1456,1457,1459,1478,1491,1494,1521,1820,1829,1832,1835,1859,1867,1868,1869,1934,1936,1970,1971,1974,2064,2078,2079,2081,2084,2105,2108,667,684,697,701,720,735,759,771,784,815,853,859,861,862,866	1029,1034,1053,1099,1101,1446,1449,1459,1460,1462,1481,1494,1497,1524,1824,1833,1836,1839,1863,1871,1872,1873,1938,1940,1974,1975,1978,2070,2084,2085,2087,2090,2111,2114,667,684,697,701,720,735,759,771,784,814,852,858,860,861,865	7	23,24,25,26,27,28,29,30,31,32,34,35,36,37,38,46,47,48,49,50,72,73,74,75,76,77,78,79,80,96,97,98,99,100,101,102,103,105,106,107,108,109,115,116,117,118,119,120,121	450	1448	2752	146|27|1|4|8|7|24|29|3|5|6|4
GA	Bostau	LTR	ERVK	ERV2-2-I_BT	chr17:14244136-14246904-	chr9:68761022-68762628+	83	137	0	1032,1042,1047,1051,1053,1058,1059,1212,1224,1226,1227,1231,1263,1264,1274,1275,1277,1283,1455,1463,1486,1492,1494,1504,1508	1013,1023,1028,1032,1034,1039,1040,1194,1206,1208,1209,1213,1245,1246,1256,1257,1259,1265,1437,1445,1477,1483,1485,1495,1499	4	28,29,30,31,32,33,34,43,44,45,46,47,51,52,53,54,55,56,69,70,71,72,73,74,75	132	487	1121	83|8|0|3|3|2|14|17|0|1|6|0
GA	Bostau	LTR	ERVK	ERV2-2B_BT-I	chr10:61577058-61578725+	chrX:129296182-129301246+	37	109	0	1387,1408,1425,1426,1428,1492,1510,1537,1549,1562	1412,1433,1450,1451,1453,1517,1538,1565,1577,1590	1	28,29,30,31,32,33,34,35,36,37	179	179	1681	37|9|6|2|3|9|11|22|1|0|7|2
GA	Bostau	LTR	ERVK	ERV2-2B_BT-I	chr10:61577058-61578725+	chr22:57158883-57160536+	41	103	0	1019,1040,1061,1063,1066,1087,1373,1387,1408,1425,1428,826,834,839,846,850	1068,1089,1110,1112,1115,1136,1421,1435,1456,1473,1476,875,883,888,895,899	3	10,11,12,13,14,24,25,26,27,28,29,35,36,37,38,39	150	602	1089	41|7|5|4|4|7|15|14|0|1|5|0
GA	Bostau	LTR	ERVK	ERV2-2B_BT-I	chr10:61577058-61578725+	chr27:7074882-7079339+	76	146	0	1017,1019,1063,1064,1066,1386,1408,1412,1415,1425,1426,1428,1460,1463,1490,1492,814,820,826,828,829,834,963,993,998	1029,1034,1053,1055,1098,1099,1101,1420,1442,1446,1449,1459,1460,1462,1494,1497,1524,1526,846,852,858,860,861,866,995	3	14,15,16,17,18,19,27,28,29,30,31,32,33,34,53,54,55,56,57,58,59,60,61,62,63	235	681	1156	76|15|5|5|5|6|11|15|1|2|4|1
GA	Bostau	LTR	ERVK	ERV2-2-I_BT	chr17:21622580-21624031-	chr9:68761022-68762628+	99	161	0	1053,1057,1059,1064,1065,1140,1141,1151,1175,1179,1232,1234,1235,1239,1242,1282,1283,1285,1291,1299,1311,371,375,379,404,437,481,490,497,501,503,506,512,525,527,778,783,811,818,837	1028,1032,1034,1039,1040,1116,1117,1127,1151,1155,1206,1208,1209,1213,1216,1256,1257,1259,1265,1273,1285,360,364,368,393,426,459,468,475,479,481,484,490,503,505,756,761,786,793,812	7	16,17,18,19,20,21,22,23,24,25,26,27,28,29,42,43,44,45,46,59,60,61,62,63,68,69,70,71,72,73,74,75,76,77,83,84,85,86,87,88	349	926	1438	99|13|1|1|5|3|14|16|0|3|2|4
GA	Bostau	LTR	ERVK	ERV2-2B_BT-LTR	chr1:38559018-38559420-	chr5:29081186-29081587+	25	38	0	300,308,311,332,346,348,370,48,49,56,58,67,70	300,308,311,332,346,348,370,48,49,56,58,67,70	2	3,4,5,6,7,8,17,18,19,20,21,22,23	94	323	401	25|2|0|0|0|0|2|5|2|0|0|2
GA	Bostau	LTR	ERVK	BTLTR1F	chr1:122159810-122160974+	chr18:54747789-54749026+	52	127	0	220,243,251,252,254,256,791,792,793,798,802,805	226,240,248,249,251,253,795,796,797,802,806,811	2	13,14,15,16,17,18,43,44,45,46,47,48	45	586	1103	52|18|3|3|0|4|11|18|4|4|6|4
GA	Bostau	LTR	ERVK	BTLTR1F	chr1:122159810-122160974+	chr18:54743637-54744870+	53	128	0	220,243,251,252,254,256,489,501,506,543,548,595,791,792,793,798,802	226,240,248,249,251,253,504,516,521,542,547,594,791,792,793,798,802	3	13,14,15,16,17,18,29,30,31,32,33,34,43,44,45,46,47	131	577	1101	53|25|2|3|0|4|11|13|6|3|4|4
GA	Bostau	LTR	ERVK	ERV2-2B_BT-I	chr10:61578902-61580484+	chr27:7074882-7079339+	103	165	0	103,109,118,121,123,124,1302,1313,1314,1317,133,1353,1355,1358,1373,1377,1391,1395,1412,1496,1499,1518,1521,1533,1536,1538,1543,156,157,225,259,260,263,280,367,368,370,394,397,445,448,450,454,484,708,717,720,728,735,98	1813,1818,1824,1833,1836,1838,1839,1848,1871,1872,1940,1974,1975,1978,1995,2084,2085,2087,2111,2114,2162,2165,2167,2171,2201,2425,2434,2437,2445,2452,3007,3018,3019,3022,3059,3061,3064,3079,3083,3097,3101,3118,3202,3205,3224,3227,3254,3257,3259,3264	8	6,7,8,9,10,11,12,13,14,15,19,20,21,22,23,29,30,31,32,33,35,36,37,38,39,47,48,49,50,51,83,84,85,86,87,88,89,90,91,92,93,94,96,97,98,99,100,101,102,103	391	1452	1584	103|12|1|2|6|3|8|16|2|2|3|7
GA	Bostau	LTR	ERVK	ERV2-2B_BT-I	chr10:61578902-61580484+	chr16:7974413-7977156-	31	80	0	241,245,246,249,263,424,448,450,451,454	1953,1957,1958,1961,1975,2136,2160,2162,2163,2166	2	9,10,11,12,13,15,16,17,18,19	54	214	1031	31|8|2|2|5|2|9|13|1|2|2|3
GA	Bostau	LTR	ERVK	ERV2-2-I_BT	chr18:221397-226909+	chr9:68761022-68762628+	123	201	0	1006,1017,1019,1029,1034,1038,1040,1045,1046,1121,1122,1132,1142,1155,1160,1199,1211,1213,1214,1218,1244,1250,1251,1259,1260,1268,1276,1371,1372,1373,1375,1376,1523,1527,1528,1533,1541,884,891,892,897,899,986	1000,1011,1013,1023,1028,1032,1034,1039,1040,1116,1117,1127,1137,1150,1155,1194,1206,1208,1209,1213,1239,1245,1246,1256,1257,1265,1273,1368,1369,1370,1372,1373,1526,1530,1531,1536,1544,856,863,864,869,871,959	6	44,45,46,47,48,54,55,56,57,58,59,60,61,62,63,69,70,71,72,73,74,75,76,77,78,79,82,83,84,85,86,87,88,97,98,99,100,101,115,116,117,118,119	256	689	1604	123|23|3|4|4|3|15|18|1|3|2|2
GA	Bostau	LTR	ERVK	ERV2-2B_BT-LTR	chr1:70880404-70880804+	chr5:29081186-29081587+	25	50	0	298,299,307,310,331,345,347,48,49,56,58,67,70	299,300,308,311,332,346,348,48,49,56,58,67,70	2	3,4,5,6,7,8,16,17,18,19,20,21,22	73	301	400	25|5|1|1|0|1|5|7|2|1|1|1
GA	Bostau	LTR	ERVK	ERV2-2B_BT-I	chr10:61580748-61582548+	chr27:7074882-7079339+	83	147	0	1031,1041,1046,1052,1061,1068,166,172,173,176,179,325,328,339,367,382,432,437,442,445,446,496,503,505,508,510,513,618,624,627,630,660,706,717,738,741,742,936,937,938,939,940,961	3450,3458,3459,3462,3465,3616,3619,3630,3658,3673,3723,3728,3733,3736,3737,3791,3798,3800,3803,3805,3808,3916,3922,3925,3928,3958,4004,4015,4036,4039,4040,4235,4236,4237,4238,4239,4260,4330,4340,4345,4351,4360,4367	8	7,8,9,10,11,22,23,24,25,26,28,29,30,31,32,35,36,37,38,39,40,44,45,46,47,48,53,54,55,56,57,67,68,69,70,71,72,75,76,77,78,79,80	251	918	1156	83|16|0|2|8|4|9|15|0|3|1|6
GA	Bostau	LTR	ERVK	ERV2-2B_BT-LTR	chr1:157001779-157002183+	chr11:69796969-69797374-	18	29	0	216,234,235,236,253,276,295,311,314,335	217,235,236,237,254,277,296,312,315,336	1	7,8,9,10,11,12,13,14,15,16	120	120	404	18|4|1|0|1|0|3|1|0|0|0|1
GA	Bostau	LTR	ERVK	ERV2-2-I_BT	chr19:6195358-6197894+	chr9:68761022-68762628+	84	183	0	1034,1036,1051,1055,1057,1177,1203,1216,1228,1231,1235,993	1011,1013,1028,1032,1034,1155,1181,1194,1206,1209,1213,970	2	39,40,41,42,43,44,51,52,53,54,55,56	124	244	1613	84|19|2|1|4|5|35|21|2|2|6|2
GA	Bostau	LTR	ERVK	ERV2-2B_BT-I	chr10:100490572-100495619+	chr27:7074882-7079339+	234	465	0	1012,1016,1017,1018,1031,1573,1578,1590,1607,1614,1628,1630,1812,1815,1817,1818,1850,1851,1852,2376,2402,2411,2422,2429,2478,2479,2489,2523,2531,2541,2585,2615,2624,2958,2960,2977,2978,2982,3000,3011,3012,3015,3319,3322,3331,3336,3349,3756,3758,3761,3763,3766,3881,3884,3887,3925,3940,3950,3961,3982,3985,3986,4182,4183,4184,4185,4186,4207,4287,4292,4298,4307,4314	1034,1038,1039,1040,1053,1594,1599,1611,1628,1635,1649,1651,1833,1836,1838,1839,1871,1872,1873,2399,2425,2434,2445,2452,2501,2502,2512,2534,2542,2552,2596,2626,2635,2965,2967,2984,2985,2989,3007,3018,3019,3022,3348,3351,3360,3365,3378,3798,3800,3803,3805,3808,3922,3925,3928,3978,3994,4004,4015,4036,4039,4040,4235,4236,4237,4238,4239,4260,4340,4345,4351,4360,4367	12	43,44,45,46,47,78,79,80,81,82,83,84,90,91,92,93,94,95,96,117,118,119,120,121,122,123,124,125,126,127,128,129,130,147,148,149,150,151,152,153,154,155,168,169,170,171,172,196,197,198,199,200,204,205,206,207,208,209,210,211,212,213,221,222,223,224,225,226,229,230,231,232,233	631	3334	4430	234|62|8|7|20|10|58|34|5|7|8|12
GA	Bostau	LTR	ERVK	ERV2-2-I_BT	chr2:2807773-2810313+	chr9:68761022-68762628+	122	195	0	1022,1035,1045,1050,1054,1056,1061,1062,1071,1115,1116,1118,1119,1137,1138,1139,1148,1155,1158,1160,1171,1176,1202,1215,1227,1229,1230,1234,1237,1260,1266,1267,1277,1278,1280,1286,1294,1298,1341,1355,1389,1390,1391,1492,1496,1498,1500,1510,1514,1518,779,784,812,838,839,992	1000,1013,1023,1028,1032,1034,1039,1040,1049,1094,1095,1097,1098,1116,1117,1118,1127,1134,1137,1139,1150,1155,1181,1194,1206,1208,1209,1213,1216,1239,1245,1246,1256,1257,1259,1265,1273,1277,1320,1334,1369,1370,1371,1477,1481,1483,1485,1495,1499,1503,756,761,786,811,812,970	7	41,42,43,44,45,52,53,54,55,56,57,58,59,60,61,62,63,64,65,66,67,68,69,70,71,72,73,74,75,76,77,78,79,80,81,83,84,85,86,87,88,89,90,91,97,98,99,100,101,108,109,110,111,112,113,114	424	748	1613	122|13|4|4|3|5|13|22|2|0|6|1
GA	Bostau	LTR	ERVK	BTLTR1F	chr1:152438805-152440091+	chr18:54747789-54749026+	56	134	0	235,237,245,246,248,250,768,769,775,779,782	238,240,248,249,251,253,795,796,802,806,811	2	14,15,16,17,18,19,47,48,49,50,51	33	574	1031	56|16|3|5|4|6|8|21|1|3|5|6
GA	Bostau	LTR	ERVK	BTLTR1F	chr1:152438805-152440091+	chr18:54743637-54744870+	53	148	0	107,124,125,235,237,245,246,248,250,650,652,668,669,690,95,96	107,124,125,238,240,248,249,251,253,673,675,691,692,713,95,96	3	5,6,7,8,9,14,15,16,17,18,19,40,41,42,43,44	88	619	1023	53|24|3|7|4|8|8|21|3|3|5|9
GA	Bostau	LTR	ERVK	ERV2-2B_BT-LTR	chr10:100490172-100490570+	chr5:29081186-29081587+	23	57	0	293,300,301,309,312,48,49,56,58,67,70	292,299,300,308,311,48,49,56,58,67,70	2	2,3,4,5,6,7,16,17,18,19,20	43	264	391	23|7|0|3|0|4|11|5|0|1|1|2
GA	Bostau	LTR	ERVK	ERV2-2B_BT-I	chr11:84581014-84585391+	chr27:7074882-7079339+	275	530	0	1056,1062,1075,1122,1124,1443,1469,1472,1482,1483,1485,1517,1520,1547,1847,1856,1859,1861,1862,1871,1886,2090,2104,2105,2107,2131,2134,2399,2414,2418,2444,2453,2520,2521,2531,2583,2627,2657,2678,2996,3015,3016,3020,3038,3049,3050,3053,3091,3109,3113,3127,3148,3150,3254,3257,3269,3274,3279,3461,3467,3468,3471,3474,365,367,371,373,382,388,4235,4236,4237,4238,4239,4245,4330,4331,4340,4342,4345,4351,4360	1034,1040,1053,1099,1101,1420,1446,1449,1459,1460,1462,1494,1497,1524,1824,1833,1836,1838,1839,1848,1863,2070,2084,2085,2087,2111,2114,2380,2395,2399,2425,2434,2501,2502,2512,2552,2596,2626,2647,2965,2984,2985,2989,3007,3018,3019,3022,3061,3079,3083,3097,3118,3120,3224,3227,3254,3259,3264,339,341,345,3450,3456,3457,3460,3463,347,356,362,4235,4236,4237,4238,4239,4245,4330,4331,4340,4342,4345,4351,4360	13	16,17,18,19,20,21,62,63,64,65,66,80,81,82,83,84,85,86,87,88,107,108,109,110,111,112,113,128,129,130,131,132,133,145,146,147,148,149,152,153,154,155,156,157,158,174,175,176,177,178,179,180,181,182,183,184,185,186,187,191,192,193,194,195,203,204,205,206,207,259,260,261,262,263,264,269,270,271,272,273,274,275	738	4022	4374	275|69|6|11|19|12|46|53|4|7|12|16
GA	Bostau	LTR	ERVK	ERV2-2-I_BT	chr23:34986653-34992195-	chr9:68761022-68762628+	120	188	0	1023,1034,1036,1046,1051,1055,1062,1063,1102,1116,1117,1119,1120,1135,1138,1139,1149,1172,1177,1216,1228,1230,1231,1235,1238,1261,1267,1268,1278,1279,1287,1295,1307,1476,1477,1493,1499,1501,879,886,887,892,894,993	1000,1011,1013,1023,1028,1032,1039,1040,1079,1094,1095,1097,1098,1113,1116,1117,1127,1150,1155,1194,1206,1208,1209,1213,1216,1239,1245,1246,1256,1257,1265,1273,1285,1460,1461,1477,1483,1485,856,863,864,869,871,970	6	45,46,47,48,49,55,56,57,58,59,60,61,62,63,65,66,67,68,69,70,71,72,73,74,75,76,77,78,79,80,81,83,84,85,86,87,88,89,90,105,106,107,108,109	299	630	1614	120|18|2|3|5|4|12|21|0|1|1|1
GA	Bostau	LTR	ERVK	BTLTR1F	chr1:158049716-158050891-	chr18:54747789-54749026+	43	102	0	398,400,417,421,432,803,804,805,810,814,817	392,394,411,416,427,795,796,797,802,806,811	2	14,15,16,17,18,35,36,37,38,39,40	53	420	1100	43|15|1|1|3|7|6|16|3|3|3|1
GA	Bostau	LTR	ERVK	BTLTR1F	chr1:158049716-158050891-	chr18:54743637-54744870+	41	101	0	398,400,417,421,432,803,804,805,810,814	392,394,411,416,427,791,792,793,798,802	2	13,14,15,16,17,33,34,35,36,37	48	411	1098	41|19|0|2|3|8|6|11|6|1|0|4
GA	Bostau	LTR	ERVK	ERV2-2B_BT-LTR	chr11:47211829-47212230-	chr5:29081186-29081587+	23	39	0	300,308,311,332,346,348,48,49,58,67,70	300,308,311,332,346,348,48,49,58,67,70	2	3,4,5,6,7,15,16,17,18,19,20	72	301	396	23|4|0|0|0|2|4|5|0|0|0|1
GA	Bostau	LTR	ERVK	ERV2-2B_BT-I	chr12:6228897-6231998+	chr27:7074882-7079339+	180	341	0	1004,1027,1032,1036,1037,1038,1266,1270,1274,1278,1279,1439,1442,1452,1453,1455,1487,1490,1814,1823,1826,1828,1829,1853,1861,1862,1863,2058,2072,2073,2075,2099,2102,2967,2984,2985,2989,3007,3018,3019,3022,337,364,394,402,411	1002,1029,1034,1038,1039,1040,1269,1273,1277,1281,1282,1446,1449,1459,1460,1462,1494,1497,1824,1833,1836,1838,1839,1863,1871,1872,1873,2070,2084,2085,2087,2111,2114,2967,2984,2985,2989,3007,3018,3019,3022,339,366,396,404,413	7	12,13,14,15,16,45,46,47,48,49,50,64,65,66,67,68,77,78,79,80,81,82,83,105,106,107,108,109,110,111,112,113,126,127,128,129,130,131,169,170,171,172,173,174,175,176	331	2684	3095	180|35|4|7|14|11|31|36|4|3|8|8
GA	Bostau	LTR	ERVK	ERV2-1-I_BT	chr1:143854022-143854547+	chr18:54746971-54747787+	38	81	0	351,353,354,360,372,373,474,478,479,480,485	361,363,364,369,381,382,483,487,488,489,494	2	22,23,24,25,26,27,34,35,36,37,38	34	134	505	38|9|1|2|2|3|9|9|2|1|3|2
GA	Bostau	LTR	ERVK	ERV2-2-I_BT	chr26:51216031-51217685-	chr9:68761022-68762628+	122	194	0	1052,1056,1058,1063,1064,1117,1118,1120,1121,1139,1140,1150,1189,1215,1227,1229,1230,1234,1266,1267,1277,1278,1286,1294,1502,1508,1510,1520,1524,496,500,502,505,508,511,521,524,777,782,810,819,836	1028,1032,1034,1039,1040,1093,1094,1096,1097,1116,1117,1127,1168,1194,1206,1208,1209,1213,1245,1246,1256,1257,1265,1273,1477,1483,1485,1495,1499,475,479,481,484,487,490,500,503,756,761,786,795,812	7	21,22,23,24,25,26,27,28,45,46,47,48,49,66,67,68,69,70,72,73,74,75,76,77,78,80,81,82,83,84,85,88,89,90,91,92,93,109,110,111,112,113	232	1025	1616	122|25|4|4|6|2|14|13|0|0|3|1
GA	Bostau	LTR	ERVK	ERV2-2-I_BT	chr3:46674-52235+	chr9:68761022-68762628+	117	180	0	1026,1037,1039,1049,1054,1058,1060,1066,109,1119,1120,1122,114,1141,1142,1152,1162,1175,1180,1219,1231,1233,1234,1238,1264,1270,1271,1281,1282,1290,1298,1309,1310,1327,137,1474,1481,1482,1498,1504,1506,1516,1520,1524,1526,70,76,895,897,909,921,929,955,972	1000,1011,1013,1023,1028,1032,1034,1040,108,1093,1094,1096,1116,1117,1127,113,1137,1150,1155,1194,1206,1208,1209,1213,1239,1245,1246,1256,1257,1265,1273,1284,1285,1302,136,1450,1460,1461,1477,1483,1485,1495,1499,1503,1505,70,75,869,871,883,895,903,929,946	5	2,3,4,5,6,48,49,50,51,52,53,54,56,57,58,59,60,61,62,63,64,65,66,67,68,69,70,71,72,73,74,75,76,77,79,80,81,82,83,84,85,86,87,88,100,101,102,103,104,105,106,107,108,109	479	1436	1616	117|20|2|1|5|3|10|19|0|0|2|1
GA	Bostau	LTR	ERVK	ERV2-2B_BT-I	chr12:6232269-6234464+	chr27:7074882-7079339+	73	140	0	1119,1120,1121,1122,1123,1144,1214,1224,1229,1244,1251,409,418,419,424,439,454,461,506,517,560	3520,3531,3532,3537,3552,3567,3574,3619,3630,3673,4235,4236,4237,4238,4239,4260,4330,4340,4345,4360,4367	4	21,22,23,24,25,26,27,28,29,30,60,61,62,63,64,65,68,69,70,71,72	219	848	1353	73|13|1|1|6|7|18|15|0|3|1|2
GA	Bostau	LTR	ERVK	ERV2-3-I_BT	chr1:83623491-83626552-	chr11:43477049-43480179+	63	104	0	2014,2035,2041,2068,2096,2112,2513,2518,2520,2528,2531,2698,2699,2707,2720,2723,2731,2738,2761,2773,2774,2942,2979,2990,3002,3003	2079,2100,2106,2133,2161,2177,2579,2584,2586,2594,2597,2766,2767,2775,2788,2791,2799,2806,2829,2841,2842,3010,3047,3058,3070,3071	4	4,5,6,7,8,9,25,26,27,28,29,37,38,39,40,41,42,43,44,45,46,53,54,55,56,57	257	993	1130	63|8|1|3|2|2|9|9|1|4|1|1
GA	Bostau	LTR	ERVK	ERV2-3-I_BT	chr1:83623491-83626552-	chr8:34785751-34787360-	45	108	0	1240,1248,1256,1258,1269,445,454,456,463,472	1237,1245,1253,1255,1266,444,453,455,462,471	2	9,10,11,12,13,33,34,35,36,37	58	823	1609	45|12|1|3|1|6|16|17|2|3|0|2
GA	Bostau	LTR	ERVK	ERV2-3-I_BT	chr1:83623491-83626552-	chr8:34781882-34783494-	50	112	0	1132,1159,1161,1163,1205,1240,1248,1256,1258,1269,445,454,456,463,472	1130,1157,1159,1161,1203,1238,1246,1254,1256,1267,444,453,455,462,471	3	9,10,11,12,13,29,30,31,32,33,34,35,36,37,38	167	824	1611	50|14|1|2|1|6|15|16|2|3|0|2
GA	Bostau	LTR	ERVK	ERV2-3-I_BT	chr1:83623491-83626552-	chr26:268349-269938-	45	110	0	1127,1132,1161,1163,1187,456,472,476,479,496	1125,1130,1159,1161,1185,454,470,474,477,494	2	9,10,11,12,13,30,31,32,33,34	102	732	1586	45|17|1|2|2|5|19|12|0|4|1|2
GA	Bostau	LTR	ERVK	ERV2-2-I_BT	chr3:2257108-2262661-	chr9:68761022-68762628+	109	188	0	1026,1037,1039,1049,1054,1058,1060,1232,1234,1235,1239,1242,1282,1283,1291,1311,1328,1498,1504,1506,1516,1520,1524,1528,1547,1551,1552,1557,889,890,895,897,906,909,921,985,996	1000,1011,1013,1023,1028,1032,1034,1206,1208,1209,1213,1216,1256,1257,1265,1285,1302,1477,1483,1485,1495,1499,1503,1507,1526,1530,1531,1536,863,864,869,871,880,883,895,959,970	6	41,42,43,44,45,46,47,50,51,52,53,54,55,56,57,58,71,72,73,74,75,80,81,82,83,84,96,97,98,99,100,101,102,103,104,105,106	228	674	1616	109|17|2|2|5|5|22|18|0|3|5|0
GA	Bostau	LTR	ERVK	ERV2-3-I_BT	chr1:83626550-83628050-	chr28:35772559-35774216-	45	116	0	1341,1343,1345,1349,1350,1381,221,223,268,269,271,272	1347,1349,1351,1355,1356,1389,226,228,273,274,276,277	2	6,7,8,9,10,11,39,40,41,42,43,44	95	1164	1504	45|11|1|0|4|2|29|14|4|4|1|1
GA	Bostau	LTR	ERVK	ERV2-2-I_BT	chr4:320625-324065+	chr9:68761022-68762628+	112	198	0	1141,1142,1152,1159,1175,1180,1219,1231,1233,1234,1238,1264,1271,1281,1282,1290,1298,1309,1310,1478,1479,1495,1501,1503,1513,1517,1523	1116,1117,1127,1134,1150,1155,1194,1206,1208,1209,1213,1239,1246,1256,1257,1265,1273,1284,1285,1460,1461,1477,1483,1485,1495,1499,1505	3	61,62,63,64,65,66,67,68,69,70,71,75,76,77,78,79,80,81,82,96,97,98,99,100,101,102,103	191	390	1604	112|20|2|2|8|8|13|23|1|4|3|2
GA	Bostau	LTR	ERVK	BTLTR1F	chr10:22852650-22853827-	chr18:54743637-54744870+	41	97	0	397,399,416,420,432,802,803,804,809,813	392,394,411,415,427,791,792,793,798,802	2	11,12,13,14,15,32,33,34,35,36	48	411	1078	41|10|2|2|2|6|7|8|6|5|3|5
GA	Bostau	LTR	ERVK	BTLTR1F	chr10:22852650-22853827-	chr18:54747789-54749026+	41	105	0	397,399,416,420,432,802,803,804,809,813,816	392,394,411,415,427,795,796,797,802,806,811	2	11,12,13,14,15,33,34,35,36,37,38	53	420	1082	41|10|4|1|2|6|7|15|4|6|6|3
GA	Bostau	LTR	ERVK	ERV2-2B_BT-LTR	chr11:84587104-84587504+	chr5:29081186-29081587+	23	49	0	298,299,307,310,331,345,347,47,48,55,66,69	299,300,308,311,332,346,348,48,49,56,67,70	2	2,3,4,5,6,14,15,16,17,18,19,20	73	301	400	23|5|0|0|0|1|7|8|2|1|0|2
GA	Bostau	LTR	ERVK	ERV2-2-I_BT	chr4:98918847-98921032+	chr9:68761022-68762628+	106	197	0	1270,1271,1281,1282,1284,779,784,812,838,840	1245,1246,1256,1257,1259,756,761,786,812,814	2	38,39,40,41,42,75,76,77,78,79	74	504	1611	106|23|2|7|2|5|23|20|0|3|4|2
GA	Bostau	LTR	ERVK	ERV2-2B_BT-I	chr12:65918764-65922137-	chr27:7074882-7079339+	115	195	0	1102,1105,1108,1138,1154,1161,1174,1184,1195,1415,1416,1417,1418,1419,1510,1511,1520,1522,1525,1531,1540,176,195,196,200,218,229,230,233,269,271,412,415,434,437,449,452,454,459,542,551,556,569,579,641,647,648,651,654,706,715,716,721,736,798,802,810,813,841,856,906,911,916,919,920	2965,2984,2985,2989,3007,3019,3020,3023,3059,3061,3202,3205,3238,3241,3254,3257,3259,3264,3351,3360,3365,3378,3388,3450,3458,3459,3462,3465,3520,3531,3532,3537,3552,3615,3619,3627,3630,3658,3673,3723,3728,3733,3736,3737,3922,3925,3928,3958,3974,3981,3994,4004,4015,4235,4236,4237,4238,4239,4330,4331,4340,4342,4345,4351,4360	10	8,9,10,11,12,13,14,15,16,17,23,24,25,26,27,28,29,30,32,33,34,35,36,38,39,40,41,42,46,47,48,49,50,55,56,57,58,59,60,62,63,64,65,66,79,80,81,82,83,84,85,86,87,100,101,102,103,104,107,108,109,110,111,112,113	451	1396	1652	115|23|1|1|7|3|11|22|0|2|1|9
GA	Bostau	LTR	ERVK	ERV2-3-I_BT	chr10:85390937-85396603-	chr2:115846155-115853302-	125	252	0	2637,2659,2744,2807,2815,3631,3663,3668,3691,3692,3718,3735,3740,4737,4764,4766,4785,4810,4870,4891,4914,4950,4985,5037,5038	2623,2645,2730,2793,2801,3619,3651,3656,3679,3680,3706,3723,3728,4725,4752,4754,4773,4798,4858,4879,4902,4938,4972,5024,5025	4	58,59,60,61,62,80,81,82,83,84,85,86,87,107,108,109,110,111,112,113,114,115,116,117,118	591	2403	5659	125|24|5|4|4|1|39|33|3|6|1|7
GA	Bostau	LTR	ERVK	ERV2-3-I_BT	chr10:85390937-85396603-	chr28:35770954-35772565-	32	57	0	4735,4737,4752,4760,4764,4766,4785,4810,4863,4870,4891,4959,4985	680,682,697,705,709,711,730,755,808,815,836,904,930	1	9,10,11,12,13,14,15,16,17,18,19,20,21	251	251	1608	32|6|0|1|3|0|6|7|0|1|0|1
GA	Bostau	LTR	ERVK	ERV2-3-I_BT	chr10:85390937-85396603-	chr27:5977860-5979455+	27	61	0	4645,4654,4656,4679,4735,4737,4760,4764,4810,4860	585,594,596,619,675,677,700,704,750,800	1	11,12,13,14,15,16,17,18,19,20	216	216	1597	27|7|1|0|1|1|10|8|1|0|3|2
GA	Bostau	LTR	ERVK	ERV2-3-I_BT	chr10:85390937-85396603-	chr28:35772559-35774216-	53	89	0	1352,1356,1357,1363,1388,935,938,941,944,966	1351,1355,1356,1362,1389,934,937,940,943,965	2	26,27,28,29,30,37,38,39,40,41	71	456	1655	53|11|4|1|1|0|9|5|3|1|1|0
GA	Bostau	LTR	ERVK	ERV2-3-I_BT	chr10:85390937-85396603-	chr8:34783492-34785148-	57	113	0	1363,1388,1421,1423,1432,1457,248,253,275,278,288,301,307	1363,1388,1421,1423,1432,1457,248,253,275,278,288,301,307	2	1,2,3,4,5,6,7,44,45,46,47,48,49	155	1210	1655	57|11|1|0|2|1|20|10|2|1|2|6
GA	Bostau	LTR	ERVK	ERV2-3-I_BT	chr10:85390937-85396603-	chr8:34785751-34787360-	47	95	0	4645,4654,4656,4662,4679,4760,4764,4766,4785,4792,4810,4845,4891,5292,5300,5308,5310,5321,5328,5349	1237,1245,1253,1255,1266,1273,1293,592,601,603,609,626,707,711,713,732,739,757,792,838	3	12,13,14,15,16,18,19,20,21,22,23,24,25,35,36,37,38,39,40,41	224	702	1609	47|15|0|0|1|0|8|18|2|1|0|3
GA	Bostau	LTR	ERVK	ERV2-3-I_BT	chr10:85390937-85396603-	chr26:268349-269938-	47	99	0	4722,4735,4737,4738,4764,4766,4785,4860,4863,4870,4891,4915	668,681,683,684,710,712,731,806,809,816,837,861	2	13,14,15,16,17,18,19,22,23,24,25,26	120	194	1589	47|18|0|1|1|2|11|11|0|3|1|4
GA	Bostau	LTR	ERVK	ERV2-3-I_BT	chr10:85390937-85396603-	chr4:349528-351129-	47	103	0	5050,5052,5078,5090,5097,5165,5187,5200,5256,5268,5291,5300,5321,5336,5348,5349	1009,1011,1037,1049,1056,1124,1146,1159,1215,1227,1250,1259,1280,1295,1307,1308	3	19,20,21,22,23,25,26,27,28,29,30,31,32,33,34,35	234	300	1604	47|21|1|3|0|2|11|14|1|0|0|3
GA	Bostau	LTR	ERVK	ERV2-3-I_BT	chr10:85390937-85396603-	chr8:34787358-34789013-	61	127	0	1363,1388,1421,1423,1432,1457,248,253,275,278,288,301,307	1362,1387,1420,1422,1431,1456,247,252,274,277,287,300,306	2	5,6,7,8,9,10,11,48,49,50,51,52,53	155	1210	1653	61|14|1|2|4|1|19|11|2|1|3|8
GA	Bostau	LTR	ERVK	ERV2-3-I_BT	chr10:85390937-85396603-	chr8:34781882-34783494-	54	112	0	4645,4654,4656,4662,4679,4760,4764,4766,4785,4792,4810,4845,4891,5292,5300,5308,5310,5321,5328,5348,5349	1238,1246,1254,1256,1267,1274,1294,1295,592,601,603,609,626,707,711,713,732,739,757,792,838	3	12,13,14,15,16,18,19,20,21,22,23,24,25,37,38,39,40,41,42,43,44	225	704	1611	54|19|0|1|1|1|10|19|2|2|0|3
GA	Bostau	LTR	ERVK	ERV2-3-I_BT	chr11:5456651-5458357+	chr8:34787358-34789013-	38	95	0	104,274,277,287,300,363,367,58,75,78,94	104,274,277,287,300,363,367,58,75,78,94	2	1,2,3,4,5,10,11,12,13,14,15	141	310	1646	38|14|2|2|5|1|15|13|2|1|1|1
GA	Bostau	LTR	ERVK	ERV2-2-I_BT	chr5:59512110-59517668+	chr9:68761022-68762628+	111	203	0	1035,1037,1047,1052,1056,1058,1063,1064,1116,1117,1119,1120,1138,1139,1149,1159,1172,1177,1216,1228,1230,1231,1235,1238,1261,1268,1278,1279,1287,1477,1478,1494,1500,1502,1512,1516,1520,1522	1011,1013,1023,1028,1032,1034,1039,1040,1094,1095,1097,1098,1116,1117,1127,1137,1150,1155,1194,1206,1208,1209,1213,1216,1239,1246,1256,1257,1265,1460,1461,1477,1483,1485,1495,1499,1503,1505	4	51,52,53,54,55,56,57,58,60,61,62,63,64,65,66,67,68,69,70,71,72,73,74,75,77,78,79,80,81,95,96,97,98,99,100,101,102,103	226	495	1614	111|23|4|4|7|5|14|23|3|1|4|4
GA	Bostau	LTR	ERVK	ERV2-2B_BT-I	chr12:65923112-65924306-	chr27:7074882-7079339+	54	108	0	1027,1032,1038,1051,1098,1100,848,854,860,862,863	1029,1034,1040,1053,1099,1101,846,852,858,860,861	2	37,38,39,40,41,44,45,46,47,48,49	89	256	1194	54|13|2|2|2|2|11|15|0|1|2|4
GA	Bostau	LTR	ERVK	ERV2-3-I_BT	chr11:5458325-5461422+	chr15:193955-198799+	93	239	0	1288,1302,1307,1309,1336,1862,1864,1865,1879,1881	3021,3035,3040,3042,3069,3609,3611,3612,3626,3628	2	30,31,32,33,34,50,51,52,53,54	69	608	3101	93|41|4|7|5|4|34|24|6|3|11|7
GA	Bostau	LTR	ERVK	ERV2-3-I_BT	chr11:5458325-5461422+	chr11:43477049-43480179+	110	254	0	1855,1856,1862,1864,1881,1895,2553,2555,2563,2566,2591,2595,2629,3015,3026,3038,3039,3058,3059,3067,3071,586,595,597,603,620	1884,1885,1891,1893,1910,1924,2584,2586,2594,2597,2624,2628,2662,3047,3058,3070,3071,3090,3091,3099,3103,610,619,621,627,644	4	13,14,15,16,17,36,37,38,39,40,41,69,70,71,72,73,74,75,101,102,103,104,105,106,107,108	212	2494	3101	110|32|4|6|5|5|41|28|4|5|9|5
GA	Bostau	LTR	ERVK	ERV2-2B_BT-LTR	chr12:6228496-6228897+	chr5:29081186-29081587+	26	56	0	292,299,300,308,311,331,46,47,54,56,65,67,68	292,299,300,308,311,332,48,49,56,58,67,69,70	2	2,3,4,5,6,7,8,17,18,19,20,21,22	64	285	400	26|5|0|0|2|3|8|6|2|1|1|2
GA	Bostau	LTR	ERVK	ERV2-3-I_BT	chr11:5458325-5461422+	chr8:34781882-34783494-	41	82	0	1248,1250,1261,1268,586,595,597,603,620,726,733	1254,1256,1267,1274,592,601,603,609,626,732,739	2	15,16,17,18,19,23,24,25,26,27,28	578	683	1607	41|14|1|2|1|1|8|9|2|1|2|0
GA	Bostau	LTR	ERVK	ERV2-3-I_BT	chr11:43475545-43477063+	chr4:351115-352646-	48	108	0	1148,1166,1182,1200,1219,1230,1242,1255,1260,1263,1270,1272	1148,1166,1182,1200,1219,1230,1242,1255,1260,1263,1270,1272	2	33,34,35,36,37,38,39,40,41,42,43,44	126	125	1524	48|13|2|2|4|2|23|11|1|0|1|1
GA	Bostau	LTR	ERVK	ERV2-2-I_BT	chr5:103162809-103168310-	chr9:68761022-68762628+	108	190	0	1011,1021,1026,1030,1032,1037,1038,1174,1186,1188,1189,1193,1196,1201,1203,1219,1225,1236,1237,1239,1245,1253,1435,1436,1452,1458,1460,1470,1474,998	1000,1013,1023,1028,1032,1034,1039,1040,1194,1206,1208,1209,1213,1216,1221,1223,1239,1245,1256,1257,1259,1265,1273,1460,1461,1477,1483,1485,1495,1499	4	53,54,55,56,57,58,59,60,65,66,67,68,69,70,71,72,73,74,75,76,77,78,79,94,95,96,97,98,99,100	162	500	1593	108|17|4|3|3|6|18|23|0|2|4|2
GA	Bostau	LTR	ERVK	ERV2-2B_BT-I	chr13:31871116-31873859+	chr6:27223681-27226437-	95	246	0	1567,1568,1620,1632,1639,1839,1869,1884,1914,1959,2130,2149,2157,2159,2179,2183,2184,2185,2232,2244,355,366,370,372,376,380,381,387	1540,1541,1593,1605,1612,1812,1842,1857,1887,1934,2106,2125,2133,2135,2155,2159,2160,2161,2208,2220,330,341,345,347,351,355,356,362	4	9,10,11,12,13,14,15,16,64,65,66,67,68,73,74,75,76,77,81,82,83,84,85,86,87,88,89,90	344	1891	2727	95|47|4|7|5|9|30|29|4|4|6|6
GA	Bostau	LTR	ERVK	ERV2-2B_BT-I	chr13:31871116-31873859+	chr15:84272016-84275276+	100	269	0	2085,2086,2103,2106,2157,2181,2183,2184,2187,2190,355,366,370,372,376,381,387	2055,2056,2073,2076,2127,2151,2153,2154,2157,2160,323,334,338,340,344,349,355	2	12,13,14,15,16,17,18,80,81,82,83,84,85,86,87,88,89	139	1838	2728	100|48|7|4|6|9|35|37|2|6|5|10
GA	Bostau	LTR	ERVK	BTLTR1F	chr10:25109088-25110396+	chr18:54747789-54749026+	53	118	0	207,224,236,238,246,247,249,251,790,791,792,797,801,804	209,226,238,240,248,249,251,253,795,796,797,802,806,809	2	7,8,9,10,11,12,13,14,44,45,46,47,48,49	60	601	1033	53|12|1|4|1|3|12|18|1|3|7|3
GA	Bostau	LTR	ERVK	BTLTR1F	chr10:25109088-25110396+	chr18:54743637-54744870+	49	109	0	207,224,236,238,246,247,249,251,674,689,690,691,698,790,791,792,797,801	209,226,238,240,248,249,251,253,675,691,692,693,699,791,792,793,798,802	3	6,7,8,9,10,11,12,13,33,34,35,36,37,43,44,45,46,47	82	594	1016	49|15|2|3|1|4|11|12|3|2|2|5
GA	Bostau	LTR	ERVK	ERV2-2B_BT-I	chr13:31871116-31873859+	chr27:7074882-7079339+	186	331	0	1026,1049,1054,1056,1058,1059,1060,1073,1289,1293,1297,1301,1302,1834,1839,1845,1854,1857,1859,1860,1869,1884,1892,1893,1894,2100,2101,2103,2106,2127,2130,2157,2178,2181,2183,2185,2187,364,366,370,372,376,380,381,387,391,870,876,882,884,885,890	1002,1029,1034,1036,1038,1039,1040,1053,1269,1273,1277,1281,1282,1813,1818,1824,1833,1836,1838,1839,1848,1863,1871,1872,1873,2084,2085,2087,2090,2111,2114,2141,2162,2165,2167,2169,2171,339,341,345,347,351,355,356,362,366,846,852,858,860,861,866	7	19,20,21,22,23,24,25,26,27,59,60,61,62,63,64,71,72,73,74,75,76,77,78,89,90,91,92,93,129,130,131,132,133,134,135,136,137,138,139,140,151,152,153,154,155,156,157,158,159,160,161,162	265	1833	2725	186|43|6|5|8|8|25|31|3|4|7|5
GA	Bostau	LTR	ERVK	ERV2-2B_BT-I	chr13:31871116-31873859+	chr2:6415732-6417957+	75	186	0	1770,1776,1821,1869,1914,2130,2149,2157,2159,2179,2183,2184,2185,2190,2215,2232,355,366,370,372,376,380,381,387	1745,1751,1796,1844,1889,2108,2127,2135,2137,2157,2161,2162,2163,2168,2193,2210,329,340,344,346,350,354,355,361	3	9,10,11,12,13,14,15,16,58,59,60,61,62,65,66,67,68,69,70,71,72,73,74,75	281	1882	2225	75|30|4|4|4|7|28|22|3|3|4|2
GA	Bostau	LTR	ERVK	ERV2-2B_BT-I	chr13:31871116-31873859+	chr5:59546075-59548252+	84	251	0	1784,1795,1798,1813,1821,1829,2130,2134,2135,2153,2154,873,882,890,895,902,906	1755,1766,1769,1784,1792,1800,2102,2106,2107,2125,2126,846,855,863,868,875,879	3	34,35,36,37,38,39,65,66,67,68,69,70,80,81,82,83,84	105	1281	2169	84|43|6|6|7|9|34|39|3|5|7|8
GA	Bostau	LTR	ERVK	ERV2-2B_BT-I	chr13:31871116-31873859+	chr15:72844195-72848980+	31	87	0	2106,2130,2149,2157,2159,2179,2183,2184,2185,2215,2232,2244	648,672,691,699,701,721,725,726,727,757,774,786	1	16,17,18,19,20,21,22,23,24,25,26,27	139	139	1283	31|13|3|0|0|3|16|15|2|2|1|1
GA	Bostau	LTR	ERVK	ERV2-2B_BT-LTR	chr12:6235639-6236042+	chr5:29081186-29081587+	25	58	0	301,302,310,313,334,348,350,48,49,56,58,67,70	299,300,308,311,332,346,348,48,49,56,58,67,70	2	3,4,5,6,7,8,17,18,19,20,21,22,23	73	301	402	25|5|0|0|0|4|8|9|1|1|2|3
GA	Bostau	LTR	ERVK	ERV2-3-I_BT	chr11:43477049-43480179+	chr8:34781882-34783494-	34	71	0	1149,1176,1178,1194,1222,1257,1265,1273,1275,1286,1293	1130,1157,1159,1175,1203,1238,1246,1254,1256,1267,1274	2	15,16,17,18,19,20,21,22,23,24,25	146	145	1611	34|11|0|1|2|2|6|9|1|2|1|2
GA	Bostau	LTR	ERVK	ERV2-3-I_BT	chr11:43477049-43480179+	chr4:349528-351129-	42	120	0	1015,1017,1043,1055,1056,1058,1152,1165,1178,1194,1221,1233	1009,1011,1037,1048,1049,1051,1146,1159,1172,1188,1215,1227	2	12,13,14,15,16,17,20,21,22,23,24,25	125	219	1595	42|25|0|4|2|2|24|14|0|2|3|2
GA	Bostau	LTR	ERVK	ERV2-2-I_BT	chr7:34292474-34298026+	chr9:68761022-68762628+	108	185	0	1040,1051,1053,1063,1068,1072,1074,1221,1233,1235,1236,1240,1272,1273,1283,1284,1292,1300,1312,1329,1474,1481,1482,1496,1498,1504,1506,1516,1520,1524,1526,896,903,904,909,911	1000,1011,1013,1023,1028,1032,1034,1194,1206,1208,1209,1213,1245,1246,1256,1257,1265,1273,1285,1302,1453,1460,1461,1475,1477,1483,1485,1495,1499,1503,1505,856,863,864,869,871	5	37,38,39,40,41,47,48,49,50,51,52,53,63,64,65,66,67,70,71,72,73,74,75,76,77,90,91,92,93,94,95,96,97,98,99,100	182	650	1612	108|25|2|3|5|3|13|21|0|2|2|1
GA	Bostau	LTR	ERVK	ERV2-2B_BT-I	chr13:31878178-31880231+	chr5:102132867-102139106+	43	128	0	1033,1041,1283,1295,1304,1320,1328,989,992,993	4018,4021,4022,4062,4070,4305,4316,4325,4341,4349	2	15,16,17,18,19,29,30,31,32,33	98	332	2038	43|16|4|5|4|4|13|22|5|5|4|3
GA	Bostau	LTR	ERVK	ERV2-2B_BT-I	chr13:31878178-31880231+	chr27:7074882-7079339+	110	177	0	1114,1117,1119,1145,1153,1189,1190,1191,1192,1198,1283,1284,1293,1295,1298,1304,1313,1320,1358,184,187,206,209,221,224,226,413,419,420,423,426,679,684,689,692,693,743,750,752,755,760,764,771,784,806,830,957,968,989,992,993	3202,3205,3238,3241,3254,3257,3259,3450,3458,3459,3462,3465,3723,3728,3733,3736,3737,3791,3798,3800,3803,3808,3812,3819,3832,3854,3878,4004,4015,4036,4039,4040,4161,4164,4166,4192,4200,4236,4237,4238,4239,4245,4330,4331,4340,4342,4345,4351,4360,4367,4405	9	11,12,13,14,15,16,17,25,26,27,28,29,49,50,51,52,53,56,57,58,59,60,61,62,63,64,65,73,74,75,76,77,85,86,87,88,89,91,92,93,94,95,100,101,102,103,104,105,106,107,108	341	1204	1422	110|14|3|4|6|5|8|17|1|4|2|3
GA	Bostau	LTR	ERVK	BTLTR1F	chr10:27051692-27052944-	chr18:54747789-54749026+	52	104	0	107,124,130,134,246,254,255,257,259,398,400,417,421,433,811,812,813,818,822,825,95	107,125,131,135,240,248,249,251,253,392,394,411,415,427,795,796,797,802,806,811,95	4	2,3,4,5,6,12,13,14,15,16,21,22,23,24,25,42,43,44,45,46,47	108	717	1239	52|12|1|2|0|2|11|15|3|2|3|1
GA	Bostau	LTR	ERVK	BTLTR1F	chr10:27051692-27052944-	chr18:54743637-54744870+	51	106	0	246,254,255,257,259,398,400,417,421,433,509,521,526,540,568,615,811,812,813,818,822	240,248,249,251,253,392,394,411,415,427,504,516,521,535,547,594,791,792,793,798,802	4	11,12,13,14,15,20,21,22,23,24,26,27,28,29,30,31,41,42,43,44,45	153	563	1237	51|17|1|2|0|2|11|13|6|1|0|2
GA	Bostau	LTR	ERVK	ERV2-2B_BT-I	chr13:43636109-43638274+	chr15:84272016-84275276+	79	197	0	1061,1062,1078,1114,1122,1444,1469,1475,1483,1486,1505,2074,2075,2077,2091,2092,2109,2112,850,876,889,892,893	1032,1033,1049,1085,1093,1415,1439,1445,1453,1456,1475,2038,2039,2041,2055,2056,2073,2076,815,841,854,857,858	4	31,32,33,34,35,43,44,45,46,47,57,58,59,60,61,62,73,74,75,76,77,78,79	206	1262	2144	79|25|6|4|7|7|29|26|0|4|2|8
GA	Bostau	LTR	ERVK	ERV2-2B_BT-I	chr13:43636109-43638274+	chr5:59546075-59548252+	86	252	0	1787,1798,1816,1832,1837,1842,876,885,892,893,898,909	1755,1766,1784,1800,1805,1810,846,855,862,863,868,879	2	33,34,35,36,37,38,68,69,70,71,72,73	90	965	2148	86|42|4|5|8|7|41|38|2|5|5|9
GA	Bostau	LTR	ERVK	ERV2-2B_BT-I	chr13:43636109-43638274+	chr27:7074882-7079339+	151	267	0	1052,1057,1061,1062,1063,1076,1078,1122,1125,1293,1297,1301,1305,1306,1444,1469,1470,1473,1483,1484,1486,1505,1635,1652,1659,1673,1675,1857,1860,1862,1863,1872,2106,2107,2109,2112,2133,2136,367,369,373,375,379,384,390,394,406,873,879,885,887,888,892,893	1029,1034,1038,1039,1040,1053,1055,1098,1101,1269,1273,1277,1281,1282,1420,1445,1446,1449,1459,1460,1462,1481,1611,1628,1635,1649,1651,1833,1836,1838,1839,1848,2084,2085,2087,2090,2111,2114,339,341,345,347,351,356,362,366,378,846,852,858,860,861,865,866	8	16,17,18,19,20,21,22,23,24,48,49,50,51,52,53,54,63,64,65,66,67,68,69,70,71,79,80,81,82,83,95,96,97,98,99,100,101,102,112,113,114,115,116,125,126,127,128,129,146,147,148,149,150,151	298	1776	2151	151|32|4|4|8|6|22|24|2|3|4|7
GA	Bostau	LTR	ERVK	ERV2-2B_BT-I	chr13:43636109-43638274+	chr5:59487668-59489379+	69	184	0	1787,1798,1816,1832,1837,1842,876,885,889,892,893,909	1287,1298,1316,1332,1337,1342,378,387,391,394,395,411	2	12,13,14,15,16,17,49,50,51,52,53,54	90	965	1665	69|26|3|7|6|4|30|25|4|2|5|3
GA	Bostau	LTR	ERVK	ERV2-2B_BT-I	chr13:43636109-43638274+	chr22:57158883-57160536+	64	148	0	1012,1026,1061,1062,1078,1099,1120,1265,1273,1301,1312,1314,885,892,893,898,909,999	1002,1016,1051,1052,1068,1089,1110,1255,1263,1291,1302,1304,875,882,883,888,899,989	3	29,30,31,32,33,40,41,42,43,44,45,46,47,50,51,52,53,54	197	430	1658	64|18|3|5|4|3|22|16|2|4|2|5
GA	Bostau	LTR	ERVK	ERV2-2B_BT-I	chr13:43636109-43638274+	chr6:3215636-3216499+	38	94	0	266,268,275,279,280,283,287,737,744,763,787,799,815	263,265,272,276,277,280,284,733,740,759,783,795,811	2	10,11,12,13,14,15,16,30,31,32,33,34,35	101	549	864	38|13|1|2|1|0|16|15|1|3|1|3
GA	Bostau	LTR	ERVK	ERV2-2B_BT-I	chr13:43638317-43639896+	chr27:7074882-7079339+	58	96	0	194,209,213,239,248,251,259,266,793,808,810,811,815,833,844,845,848,884,886,904,908,922,926,945	2380,2395,2399,2425,2434,2437,2445,2452,2967,2982,2984,2985,2989,3007,3019,3020,3023,3059,3061,3079,3083,3097,3101,3120	3	9,10,11,12,13,14,15,16,43,44,45,46,47,48,49,50,51,52,53,54,55,56,57,58	228	741	974	58|13|1|0|3|2|4|9|0|1|0|5
GA	Bostau	LTR	ERVK	ERV2-3-I_BT	chr15:6179531-6181089-	chr8:34785751-34787360-	51	112	0	537,546,548,554,571,877,901,922,944,946,970	1001,1025,592,601,603,609,626,932,956,977,999	2	13,14,15,16,17,27,28,29,30,31,32	129	434	1555	51|15|1|1|4|2|12|17|1|4|1|3
GA	Bostau	LTR	ERVK	ERV2-3-I_BT	chr15:6179531-6181089-	chr8:34781882-34783494-	57	120	0	537,546,548,554,571,877,901,922,930,944,946,970	1001,1025,592,601,603,609,626,932,956,977,985,999	2	13,14,15,16,17,27,28,29,30,31,32,33	129	434	1557	57|16|1|1|4|3|13|16|2|3|1|3
GA	Bostau	LTR	ERVK	ERV2-3-I_BT	chr15:6181091-6182784-	chr4:351115-352646-	45	109	0	1165,1181,1199,1218,1224,1237,1250,1255,1258,1265,1267	1166,1182,1200,1219,1225,1242,1255,1260,1263,1270,1272	2	32,33,34,35,36,37,38,39,40,41,42	108	107	1515	45|19|3|0|3|2|15|12|2|1|5|2
GA	Bostau	LTR	ERVK	ERV2-2B_BT-LTR	chr12:70020093-70020497+	chr27:21120882-21121286-	23	54	0	125,152,159,163,165,35,36,46,56,65	125,152,159,163,165,35,36,46,56,65	2	1,2,3,4,5,8,9,10,11,12	72	131	404	23|15|1|2|1|0|5|4|1|1|1|0
GA	Bostau	LTR	ERVK	ERV2-3-I_BT	chr15:78735969-78736740-	chr8:34785751-34787360-	24	51	0	445,454,456,463,472,708,714,733,740,758	444,453,455,462,471,707,713,732,739,757	2	7,8,9,10,11,20,21,22,23,24	79	314	768	24|5|0|0|2|0|5|13|2|0|0|0
GA	Bostau	LTR	ERVK	ERV2-3-I_BT	chr15:78735969-78736740-	chr8:34781882-34783494-	24	51	0	445,454,456,463,472,708,714,733,740,758	444,453,455,462,471,707,713,732,739,757	2	7,8,9,10,11,20,21,22,23,24	79	314	768	24|5|0|0|2|0|5|13|2|0|0|0
GA	Bostau	LTR	ERVK	ERV2-2B_BT-I	chr13:43641115-43642234+	chr27:7074882-7079339+	39	74	0	107,110,113,137,143,159,163,179,189,414,416,417,418,424,519,521,524,530,539,546	3922,3925,3928,3952,3958,3974,3978,3994,4004,4235,4237,4238,4239,4245,4340,4342,4345,4351,4360,4367	3	4,5,6,7,8,9,10,11,12,24,25,26,27,28,31,32,33,34,35,36	122	446	638	39|9|0|5|3|2|5|8|0|1|1|1
GA	Bostau	LTR	ERVK	ERV2-3-I_BT	chr15:78736738-78738244-	chr8:34783492-34785148-	47	113	0	274,277,287,300,306,696,708,710,711,721	275,278,288,301,307,697,709,711,712,722	2	3,4,5,6,7,18,19,20,21,22	59	448	1506	47|10|4|2|1|2|21|14|2|2|3|5
GA	Bostau	LTR	ERVK	ERV2-3-I_BT	chr15:78736738-78738244-	chr4:351115-352646-	49	115	0	1009,1026,1063,1219,1230,1242,1255,1260,1263,1270,1272,995,996	1009,1026,1063,1219,1230,1242,1255,1260,1263,1270,1272,995,996	2	30,31,32,33,34,39,40,41,42,43,44,45,46	123	278	1506	49|12|6|4|1|0|23|11|1|3|2|3
GA	Bostau	LTR	ERVK	ERV2-3-I_BT	chr15:78736738-78738244-	chr28:35772559-35774216-	54	115	0	1133,1140,1200,1203,1208,1349,1351,1355,1356,1387,682,696,708,710,736	1133,1140,1200,1203,1208,1349,1351,1355,1356,1389,682,696,708,710,736	3	26,27,28,29,30,42,43,44,45,46,48,49,50,51,52	172	708	1495	54|11|6|2|0|0|24|13|2|2|1|0
GA	Bostau	LTR	ERVK	ERV2-3-I_BT	chr15:78736738-78738244-	chr8:34787358-34789013-	50	123	0	274,277,287,300,306,696,708,710,711,721	274,277,287,300,306,696,708,710,711,721	2	6,7,8,9,10,21,22,23,24,25	59	448	1504	50|14|5|3|2|2|19|15|2|1|4|6
GA	Bostau	LTR	ERVK	BTLTR1F	chr10:27162279-27163455-	chr18:54747789-54749026+	50	104	0	550,552,561,564,572,646,663,806,807,808,813,817,820	541,543,552,555,563,628,645,795,796,797,802,806,809	2	28,29,30,31,32,33,34,41,42,43,44,45,46	120	269	1099	50|10|3|2|2|1|6|16|3|4|5|2
GA	Bostau	LTR	ERVK	BTLTR1F	chr10:27162279-27163455-	chr18:54743637-54744870+	50	100	0	513,525,530,544,572,619,806,807,808,813,817	504,516,521,535,547,594,791,792,793,798,802	2	24,25,26,27,28,29,40,41,42,43,44	103	299	1097	50|13|1|3|2|1|6|10|6|3|2|3
GA	Bostau	LTR	ERVK	ERV2-2B_BT-LTR	chr13:31870709-31871115+	chr5:29081186-29081587+	32	61	0	304,305,313,316,337,351,353,37,47,48,55,57,66,69,76,84	299,300,308,311,332,346,348,38,48,49,56,58,67,70,76,82	2	3,4,5,6,7,8,9,10,11,23,24,25,26,27,28,29	95	311	398	32|6|0|0|0|2|8|7|0|2|1|3
GA	Bostau	LTR	ERVK	ERV2-2B_BT-I	chr14:72859-75645+	chr15:56439238-56442023-	98	230	0	2163,2185,2189,2190,2191,2199,865,877,888,893,894,906,913,925	2163,2185,2189,2190,2191,2199,860,872,883,888,889,901,908,920	2	31,32,33,34,35,36,37,38,83,84,85,86,87,88	98	1340	2780	98|35|2|5|7|8|27|36|2|3|1|6
GA	Bostau	LTR	ERVK	BTLTR1F	chr10:27162279-27163455-	chrX:38658455-38659159-	23	43	0	521,525,543,544,550,552,629,646,679,682,693	145,162,195,198,209,30,34,52,53,66,68	2	1,2,3,4,5,6,9,10,11,12,13	104	180	685	23|7|0|3|1|1|0|2|0|2|1|3
GA	Bostau	LTR	ERVK	ERV2-2B_BT-I	chr14:72859-75645+	chrX:84696589-84701211+	89	237	0	2187,2191,2193,2196,2217,839,851,865,877,886,890,893,894,906	2155,2159,2161,2164,2185,814,826,840,852,861,865,868,869,881	2	35,36,37,38,39,40,41,42,43,74,75,76,77,78	99	1372	2769	89|35|7|5|8|8|33|40|0|4|5|3
GA	Bostau	LTR	ERVK	ERV2-2B_BT-I	chr14:72859-75645+	chr5:102132867-102139106+	100	246	0	2155,2163,2165,2185,2189,2190,2191,2199,2221,2238,2250	2133,2141,2143,2163,2167,2168,2169,2177,2199,2216,2228	1	78,79,80,81,82,83,84,85,86,87,88	96	96	2775	100|35|6|3|12|10|28|37|1|5|2|7
GA	Bostau	LTR	ERVK	ERV2-2B_BT-I	chr14:72859-75645+	chr6:27223681-27226437-	105	249	0	2155,2163,2165,2185,2189,2190,2191,2199,2238,2250	2125,2133,2135,2155,2159,2160,2161,2169,2208,2220	1	87,88,89,90,91,92,93,94,95,96	96	96	2769	105|42|4|4|10|11|27|31|2|3|3|7
GA	Bostau	LTR	ERVK	ERV2-2B_BT-I	chr14:72859-75645+	chr19:50489627-50495895-	95	243	0	2106,2112,2130,2136,2138,2185,2189,2190,2191,2199,2221	2074,2080,2098,2104,2106,2153,2157,2158,2159,2167,2189	2	66,67,68,69,70,74,75,76,77,78,79	70	116	2760	95|38|3|8|7|12|33|33|2|4|5|3
GA	Bostau	LTR	ERVK	ERV2-2B_BT-I	chr14:72859-75645+	chr16:7974413-7977156-	104	244	0	1980,1984,1985,1988,2002,2163,2187,2189,2190,2191,2193,2250,234,238,244,251,313	1953,1957,1958,1961,1975,2136,2160,2162,2163,2164,2166,2223,231,235,241,248,285	3	4,5,6,7,8,73,74,75,76,77,82,83,84,85,86,87,88	166	1993	2747	104|36|3|6|10|10|26|34|4|3|5|3
GA	Bostau	LTR	ERVK	ERV2-2B_BT-I	chr14:72859-75645+	chr15:84272016-84275276+	103	261	0	2074,2075,2077,2091,2092,2109,2112,2138,2163,2187,2189,2190,2193,2196,851,865,877,890,893,894	2038,2039,2041,2055,2056,2073,2076,2102,2127,2151,2153,2154,2157,2160,815,829,841,854,857,858	3	38,39,40,41,42,43,78,79,80,81,82,83,84,85,86,87,88,89,90,91	168	1346	2766	103|43|6|5|12|10|27|38|0|4|4|9
GA	Bostau	LTR	ERVK	ERV2-2B_BT-I	chr14:72859-75645+	chr18:47483674-47486786-	98	250	0	2081,2112,2138,2140,2141,2190,2191,2193,2196,2221,2238	2047,2078,2104,2106,2107,2156,2157,2159,2162,2187,2204	2	72,73,74,75,76,79,80,81,82,83,84	110	158	2737	98|40|4|3|14|11|29|36|1|5|4|5
GA	Bostau	LTR	ERVK	ERV2-2B_BT-I	chr14:72859-75645+	chr27:7074882-7079339+	192	336	0	1053,1058,1062,1063,1064,1077,1079,1123,1124,1126,1294,1298,1302,1306,1307,1315,1329,1331,1343,1361,1369,1373,1470,1471,1474,1484,1485,1487,1618,1635,1652,1659,1673,1675,1837,1842,1848,1857,1860,1862,1863,1872,1887,2106,2107,2109,2112,2133,2136,2138,2184,2187,2189,2191,2193,2221,2223,865,874,880,886,888,889,893,894	1029,1034,1038,1039,1040,1053,1055,1098,1099,1101,1269,1273,1277,1281,1282,1290,1304,1306,1318,1336,1344,1348,1445,1446,1449,1459,1460,1462,1594,1611,1628,1635,1649,1651,1813,1818,1824,1833,1836,1838,1839,1848,1863,2084,2085,2087,2090,2111,2114,2116,2162,2165,2167,2169,2171,2199,2201,837,846,852,858,860,861,865,866	10	53,54,55,56,57,58,59,60,66,67,68,69,70,71,72,73,74,75,85,86,87,88,89,90,91,92,93,94,95,96,100,101,102,103,104,105,115,116,117,118,119,120,128,129,130,131,132,133,134,135,136,153,154,155,156,157,158,159,161,162,163,164,165,166,167	385	1365	2766	192|43|3|4|14|11|18|34|3|3|5|6
GA	Bostau	LTR	ERVK	ERV2-2B_BT-I	chr14:72859-75645+	chr2:6415732-6417957+	81	191	0	2155,2163,2165,2185,2189,2190,2191,2196,2199,2221,2238	2127,2135,2137,2157,2161,2162,2163,2168,2171,2193,2210	1	71,72,73,74,75,76,77,78,79,80,81	84	84	2229	81|29|4|3|8|9|25|24|0|3|3|2
GA	Bostau	LTR	ERVK	ERV2-2B_BT-I	chr14:72859-75645+	chr3:27220580-27222770+	79	207	0	2160,2163,2184,2190,2191,2193,2196,886,893,894,906,910	2127,2130,2151,2157,2158,2160,2163,852,859,860,872,876	2	36,37,38,39,40,73,74,75,76,77,78,79	62	1312	2203	79|33|5|6|7|9|26|28|0|4|3|7
GA	Bostau	LTR	ERVK	ERV2-2B_BT-I	chr14:72859-75645+	chr7:68530762-68535473+	39	88	0	1571,1578,1598,1675,1683,2191,2193,2202,2221,2238	297,305,325,402,410,918,920,929,948,965	2	12,13,14,15,16,27,28,29,30,31	162	669	1510	39|10|0|2|4|3|11|11|1|2|1|4
GA	Bostau	LTR	ERVK	ERV2-2B_BT-I	chr14:72859-75645+	chr7:9306828-9308959+	73	207	0	1816,1824,1837,1842,1857,877,886,893,894,906,910	1736,1744,1757,1762,1777,795,804,811,812,824,828	2	17,18,19,20,21,22,55,56,57,58,59	76	983	1765	73|40|4|5|6|8|26|28|1|4|6|6
GA	Bostau	LTR	ERVK	ERV2-2B_BT-I	chr14:72859-75645+	chr15:72844195-72848980+	37	89	0	2155,2163,2165,2185,2189,2190,2191,2199,2221,2238,2250	691,699,701,721,725,726,727,735,757,774,786	1	22,23,24,25,26,27,28,29,30,31,32	96	96	1319	37|13|1|0|3|3|12|16|3|1|0|0
GA	Bostau	LTR	ERVK	ERV2-2B_BT-I	chr14:72859-75645+	chr22:57158883-57160536+	69	165	0	1079,1100,1121,1123,1126,1262,1274,1288,1302,1315,1343,1348,1406,1407,886,893,894,899,906,910	1068,1089,1110,1112,1115,1251,1263,1277,1291,1304,1332,1337,1395,1396,875,882,883,888,895,899	3	34,35,36,37,38,39,48,49,50,51,52,55,56,57,58,59,60,61,62,63	219	522	1658	69|25|2|6|5|7|19|22|2|2|4|2
GA	Bostau	LTR	ERVK	ERV2-2B_BT-I	chr14:72859-75645+	chr6:3215636-3216499+	36	66	0	251,265,267,278,279,282,286,736,743,762,786,798,814,839,842	249,263,265,276,277,280,284,733,740,759,783,795,811,835,838	2	9,10,11,12,13,14,15,28,29,30,31,32,33,34,35	142	590	858	36|6|0|2|1|1|9|8|0|2|1|0
GA	Bostau	LTR	ERVK	ERV2-3-I_BT	chr18:57243825-57250966-	chr2:115846155-115853302-	145	288	0	2028,2038,2043,2046,2048,2640,2662,2747,2810,2818,3633,3665,3670,3694,3720,3737,3742,4220,4221,4225,4243,4272,4589,4647,4658,4677,4680,4735,4764,4783,4867,4888,4911,4947,4963,513,5333,5345,5355,5372,5394,5412,570,590,698,723,738	2011,2021,2026,2029,2031,2623,2645,2730,2793,2801,3619,3651,3656,3680,3706,3723,3728,4206,4207,4211,4229,4258,4575,4633,4644,4667,4670,4725,4754,4773,4858,4879,4902,4938,4954,511,5323,5335,5345,5362,5384,5402,568,588,697,722,737	8	8,9,10,11,12,13,40,41,42,43,44,55,56,57,58,59,78,79,80,81,82,83,84,91,92,93,94,95,102,103,104,105,106,107,108,109,110,111,112,113,114,120,121,122,123,124,125	1051	4892	7144	145|31|3|10|8|3|30|37|7|6|2|6
GA	Bostau	LTR	ERVK	ERV2-3-I_BT	chr18:57243825-57250966-	chr29:38105403-38107188-	30	69	0	2016,2048,2051,2088,2095,2818,2829,2840,2856,2930,2944	1435,1446,1457,1473,1547,1561,643,675,678,715,722	2	11,12,13,14,15,25,26,27,28,29,30	207	919	1794	30|11|1|0|0|3|9|11|2|1|1|0
GA	Bostau	LTR	ERVK	ERV2-3-I_BT	chr18:57243825-57250966-	chr28:35772559-35774216-	59	101	0	1202,1205,1210,1217,1275,1351,1353,1357,1358,1364,1389	1200,1203,1208,1215,1273,1349,1351,1355,1356,1362,1389	1	37,38,39,40,41,42,43,44,45,46,47	190	190	1645	59|11|1|5|1|0|10|11|1|1|1|0
GA	Bostau	LTR	ERVK	ERV2-3-I_BT	chr18:57243825-57250966-	chr28:35770954-35772565-	37	71	0	4623,4677,4680,4733,4735,4750,4758,4764,4783,4860,4867,4888,4956,4963,5047,5049,5075,5099,5164	1023,1047,1112,566,624,627,680,682,697,705,711,730,808,815,836,904,911,995,997	3	10,11,12,13,14,15,16,17,18,19,20,21,22,23,25,26,27,28,29	465	547	1543	37|11|0|1|5|2|4|5|1|3|0|2
GA	Bostau	LTR	ERVK	ERV2-3-I_BT	chr18:57243825-57250966-	chr27:5977860-5979455+	32	74	0	4647,4656,4658,4677,4680,5318,5330,5359,5366,5372	1261,1273,1302,1309,1315,585,594,596,619,622	2	13,14,15,16,17,26,27,28,29,30	93	731	1542	32|12|1|1|3|2|8|6|2|3|2|2
GA	Bostau	LTR	ERVK	ERV2-3-I_BT	chr18:57243825-57250966-	chr8:34783492-34785148-	58	120	0	1107,1136,1183,1202,1217,1364,1389,1422,1433,1458,1478,1484,1493,1496,275,278,288,302,308	1106,1135,1182,1201,1216,1363,1388,1421,1432,1457,1477,1483,1492,1495,275,278,288,301,307	3	4,5,6,7,8,36,37,38,39,40,46,47,48,49,50,51,52,53,54	277	1221	1656	58|12|1|3|2|1|18|14|1|2|2|6
GA	Bostau	LTR	ERVK	ERV2-3-I_BT	chr18:57243825-57250966-	chr8:34787358-34789013-	62	127	0	1107,1136,1183,1202,1217,1364,1389,1422,1433,1458,1478,1484,1493,1496,275,278,288,302,308	1105,1134,1181,1200,1215,1362,1387,1420,1431,1456,1476,1482,1491,1494,274,277,287,300,306	3	8,9,10,11,12,40,41,42,43,44,50,51,52,53,54,55,56,57,58	277	1221	1654	62|13|1|5|3|1|17|13|1|1|3|7
GA	Bostau	LTR	ERVK	ERV2-2B_BT-I	chr14:75682-77605+	chr27:7074882-7079339+	109	196	0	1102,1105,1107,1108,1138,1510,1511,1520,1522,1525,1531,1540,178,193,195,196,200,218,229,230,233,412,415,434,437,449,452,454,459,906,911,916,919,920	2967,2982,2984,2985,2989,3007,3019,3020,3023,3202,3205,3238,3241,3254,3257,3259,3264,3723,3728,3733,3736,3737,3922,3925,3927,3928,3958,4330,4331,4340,4342,4345,4351,4360	5	8,9,10,11,12,13,14,15,16,24,25,26,27,28,29,30,31,59,60,61,62,63,75,76,77,78,79,100,101,102,103,104,105,106	203	1394	1652	109|20|3|3|7|4|14|23|0|3|5|5
GA	Bostau	LTR	ERVK	ERV2-3-I_BT	chr18:57243825-57250966-	chr4:351115-352646-	49	93	0	1168,1184,1202,1217,1221,1232,1244,1257,1262,1265,1272,1274,1297,1317,1433,1458,1479,534,538,570,608,623,650	1166,1182,1200,1215,1219,1230,1242,1255,1260,1263,1270,1272,1295,1315,1431,1456,1477,532,536,568,606,621,648	3	17,18,19,20,21,22,33,34,35,36,37,38,39,40,41,42,43,44,45,46,47,48,49	430	946	1520	49|10|1|6|2|0|10|7|1|1|3|3
GA	Bostau	LTR	ERVK	ERV2-3-I_BT	chr18:57243825-57250966-	chr4:349528-351129-	48	98	0	5047,5049,5075,5087,5094,5133,5288,5297,5318,5333,5345,5346,5466,5471,5481,5493,5499	1009,1011,1037,1049,1056,1095,1250,1259,1280,1295,1307,1308,1428,1433,1443,1455,1461	3	21,22,23,24,25,26,33,34,35,36,37,38,43,44,45,46,47	180	453	1562	48|20|1|3|3|2|8|6|2|2|0|3
GA	Bostau	LTR	ERVK	ERV2-3-I_BT	chr18:57243825-57250966-	chr26:268349-269938-	50	98	0	4467,4510,4526,4530,4533,4550,4656,4677,4680,4706,4720,4733,4735,4736,4764,4783,4857,4860,4867,4888,4912	411,454,470,474,477,494,600,625,628,654,668,681,683,684,712,731,806,809,816,837,861	3	7,8,9,10,11,12,14,15,16,17,18,19,20,21,22,23,25,26,27,28,29	272	451	1548	50|19|0|1|2|4|7|5|2|3|1|4
GA	Bostau	LTR	ERVK	ERV2-3-I_BT	chr18:57243825-57250966-	chr8:34785751-34787360-	49	97	0	4499,4508,4510,4517,4526,4963,4982,5047,5049,5075,5289,5297,5305,5307,5318,5325,5346	1025,1237,1245,1253,1255,1266,1273,1293,444,453,455,462,471,913,932,997,999	3	8,9,10,11,12,27,28,29,30,31,37,38,39,40,41,42,43	198	850	1544	49|15|0|1|6|1|5|11|2|4|0|3
GA	Bostau	LTR	ERVK	ERV2-3-I_BT	chr18:57243825-57250966-	chr8:34781882-34783494-	56	104	0	4499,4508,4510,4517,4526,4647,4656,4658,4664,4677,4680,4963,4982,5035,5047,5049,5075,5289,5297,5305,5307,5318,5325,5345,5346	1025,1238,1246,1254,1256,1267,1274,1294,1295,444,453,455,462,471,592,601,603,609,626,629,913,932,985,997,999	4	8,9,10,11,12,15,16,17,18,19,20,28,29,30,31,32,33,40,41,42,43,44,45,46,47	237	852	1545	56|17|0|1|5|1|5|11|2|3|0|3
GA	Bostau	LTR	ERVK	BTLTR1F	chr10:28136019-28137200+	chr18:54747789-54749026+	42	94	0	394,396,413,415,417,807,808,809,814,818,821,839	392,394,411,413,415,795,796,797,802,806,811,829	2	13,14,15,16,17,33,34,35,36,37,38,39	59	438	1112	42|11|3|1|1|7|5|15|2|3|2|2
GA	Bostau	LTR	ERVK	ERV2-2B_BT-LTR	chr13:43635708-43636109+	chr5:29081186-29081587+	26	46	0	271,300,308,311,332,348,48,49,56,58,67,70	271,300,308,311,332,348,48,49,56,58,67,70	2	2,3,4,5,6,7,18,19,20,21,22,23	101	301	401	26|3|0|2|1|2|3|4|1|0|1|3
GA	Bostau	LTR	ERVK	BTLTR1F	chr10:28136019-28137200+	chr18:54743637-54744870+	42	96	0	394,396,413,415,417,505,522,536,564,611,807,808,809,814,818,839	392,394,411,413,415,504,521,535,547,594,791,792,793,798,802,822	3	13,14,15,16,17,21,22,23,24,25,32,33,34,35,36,37	147	431	1110	42|16|2|1|2|8|4|10|5|2|1|3
GA	Bostau	LTR	ERVK	LTR2B_BT	chr1:14277997-14278418+	chr2:56229256-56230020+	31	66	0	179,182,188,192,206,297,300,313,314,317	179,182,188,192,206,297,300,313,314,317	2	10,11,12,13,14,19,20,21,22,23	49	139	416	31|9|2|1|1|2|11|7|1|0|1|0
GA	Bostau	LTR	ERVK	ERV2-2B_BT-LTR	chr14:79819-80220+	chr5:29081186-29081587+	26	48	0	271,300,308,311,332,48,49,56,58,67,70	271,300,308,311,332,48,49,56,58,67,70	2	3,4,5,6,7,8,18,19,20,21,22	85	285	401	26|3|0|2|1|0|5|8|1|1|0|1
GA	Bostau	LTR	ERVK	ERV2-3-I_BT	chr2:115846155-115853302-	chr8:34783492-34785148-	49	116	0	1078,1106,1135,1166,1182,274,277,287,300,301,327	1078,1106,1135,1166,1182,275,278,288,301,302,328	2	4,5,6,7,8,9,31,32,33,34,35	159	908	1654	49|12|1|1|1|2|27|11|2|1|4|5
GA	Bostau	LTR	ERVK	ERV2-3-I_BT	chr2:115846155-115853302-	chr8:34787358-34789013-	53	126	0	1078,1106,1135,1166,1182,274,277,287,300,301,327	1077,1105,1134,1165,1181,274,277,287,300,301,327	2	8,9,10,11,12,13,35,36,37,38,39	159	908	1651	53|14|1|3|3|2|26|11|2|0|5|6
GA	Bostau	LTR	ERVK	ERV2-3-I_BT	chr2:115846155-115853302-	chr26:268349-269938-	37	105	0	5153,5166,5171,5200,5226,5422,5436,5456,5461,5471	1112,1125,1130,1159,1185,1382,1396,1416,1421,1431	2	21,22,23,24,25,29,30,31,32,33	124	320	1586	37|19|0|1|1|2|28|11|0|3|1|2
GA	Bostau	LTR	ERVK	ERV2-2B_BT-I	chr15:47701435-47705898-	chr27:7074882-7079339+	270	472	0	1295,1296,1318,1320,1331,1332,1832,1838,1847,1850,1852,1853,1877,2394,2413,2439,2448,2451,28,29,3040,3041,3044,3082,3085,3562,3569,360,3610,3614,3625,368,377,3782,3789,3791,3794,3799,387,401,417,4225,4226,4227,4228,4229,4235,425,4250,4320,4321,4330,4332,4335,434,4350,4352,4357,62,63,64,753,774,777,778,789,831	1281,1282,1304,1306,1317,1318,1818,1824,1833,1836,1838,1839,1863,2380,2399,2425,2434,2437,27,28,3018,3019,3022,3061,3064,339,347,356,3567,3574,3615,3619,3630,366,3791,3798,380,3800,3803,3808,396,404,413,4235,4236,4237,4238,4239,4245,4260,4330,4331,4340,4342,4345,4360,4362,4367,61,62,63,735,756,759,760,771,814	11	2,3,4,5,6,14,15,16,17,18,19,20,21,34,35,36,37,38,39,69,70,71,72,73,74,106,107,108,109,110,111,112,138,139,140,141,142,173,174,175,176,177,205,206,207,208,209,218,219,220,221,222,250,251,252,253,254,255,256,260,261,262,263,264,265,266,267	527	4341	4452	270|50|7|7|17|12|39|41|4|6|9|10
GA	Bostau	LTR	ERVK	BTLTR1F	chr10:28808081-28809245+	chr18:54747789-54749026+	47	97	0	245,246,248,250,274,324,350,355,796,797,798,803,807,810	248,249,251,253,277,327,353,358,795,796,797,802,806,809	2	11,12,13,14,15,16,17,18,38,39,40,41,42,43	126	562	1097	47|10|4|2|0|1|6|14|3|4|4|2
GA	Bostau	LTR	ERVK	BTLTR1F	chr10:28808081-28809245+	chr18:54743637-54744870+	49	95	0	245,246,248,250,274,501,513,532,533,560,796,797,798,803,807	248,249,251,253,277,504,516,535,536,547,791,792,793,798,802	3	11,12,13,14,15,24,25,26,27,28,39,40,41,42,43	86	555	1095	49|14|2|2|0|1|6|9|5|3|1|3
GA	Bostau	LTR	ERVK	ERV2-2B_BT-LTR	chr15:22599351-22599750+	chr27:21120882-21121286-	23	47	0	125,152,159,163,165,33,35,36,46,65	125,152,159,163,165,33,35,36,46,65	2	1,2,3,4,5,8,9,10,11,12	74	133	401	23|15|0|1|0|0|2|4|0|1|1|0
GA	Bostau	LTR	ERVK	ERV2-3-I_BT	chr21:177216-184358+	chr29:38105403-38107188-	40	99	0	1461,1467,1470,1503,1523,1535,1565,2018,2021,2056,2093,2100,2121	102,105,138,158,170,200,640,643,678,715,722,743,96	2	2,3,4,5,6,7,8,21,22,23,24,25,26	209	648	1787	40|17|3|3|4|3|12|10|1|3|1|2
GA	Bostau	LTR	ERVK	ERV2-3-I_BT	chr21:177216-184358+	chr27:5977860-5979455+	31	87	0	4275,4278,4299,4357,4376,5308,5320,5349,5356,5362	1261,1273,1302,1309,1315,230,233,254,312,331	2	1,2,3,4,5,22,23,24,25,26	157	1086	1596	31|13|1|2|2|3|9|19|1|1|3|2
GA	Bostau	LTR	ERVK	ERV2-3-I_BT	chr21:177216-184358+	chr26:268349-269938-	49	97	0	4496,4512,4516,4519,4536,4553,4847,4850,4857,4878,4902	454,470,474,477,494,511,806,809,816,837,861	2	6,7,8,9,10,11,24,25,26,27,28	114	408	1589	49|15|0|0|2|3|8|13|0|2|1|4
GA	Bostau	LTR	ERVK	ERV2-3-I_BT	chr21:177216-184358+	chr4:349528-351129-	47	101	0	5024,5025,5037,5039,5065,5077,5080,5278,5287,5308,5323,5335,5336	1009,1011,1037,1048,1051,1250,1259,1280,1295,1307,1308,996,997	2	15,16,17,18,19,20,21,28,29,30,31,32,33	115	313	1603	47|19|1|3|1|3|7|16|0|1|0|3
GA	Bostau	LTR	ERVK	ERV2-3-I_BT	chr21:177216-184358+	chr8:34781882-34783494-	55	108	0	4633,4642,4644,4650,4667,5279,5287,5295,5297,5308,5315,5335,5336	1238,1246,1254,1256,1267,1274,1294,1295,592,601,603,609,626	2	14,15,16,17,18,37,38,39,40,41,42,43,44	93	704	1601	55|14|0|1|2|4|6|19|2|1|0|4
GA	Bostau	LTR	ERVK	ERV2-3-I_BT	chr21:177216-184358+	chr8:34785751-34787360-	50	105	0	4633,4642,4644,4650,4667,5279,5287,5295,5297,5308,5315,5335	1237,1245,1253,1255,1266,1273,1293,592,601,603,609,626	2	14,15,16,17,18,35,36,37,38,39,40,41	92	702	1600	50|13|0|2|2|3|6|21|2|2|0|4
GA	Bostau	LTR	ERVK	ERV2-3-I_BT	chr21:177216-184358+	chr8:34783492-34785148-	60	128	0	1458,1461,1467,1470,1478,1484,1493,1496,1565,698,710,711,713,723	1457,1460,1466,1469,1477,1483,1492,1495,1564,697,709,710,712,722	2	18,19,20,21,22,49,50,51,52,53,54,55,56,57	134	868	1653	60|18|1|2|1|4|16|12|3|4|2|5
GA	Bostau	LTR	ERVK	ERV2-3-I_BT	chr21:177216-184358+	chr28:35772559-35774216-	67	129	0	1478,1492,1503,1511,1523,1619,1623,1630,1644,1647	1478,1492,1503,1511,1523,1619,1623,1630,1644,1647	2	54,55,56,57,58,63,64,65,66,67	75	170	1654	67|21|2|3|0|3|13|11|3|5|0|1
GA	Bostau	LTR	ERVK	ERV2-3-I_BT	chr21:177216-184358+	chr8:34787358-34789013-	62	130	0	1458,1461,1467,1470,1478,1484,1493,1496,1565,698,710,711,713,723	1456,1459,1465,1468,1476,1482,1491,1494,1563,696,708,709,711,721	2	20,21,22,23,24,51,52,53,54,55,56,57,58,59	134	868	1651	62|20|1|2|3|4|15|12|3|1|2|5
GA	Bostau	LTR	ERVK	ERV2-3-I_BT	chr21:177216-184358+	chr4:351115-352646-	52	105	0	1257,1262,1265,1272,1274,1458,1461,1467,1470,1479,570,608,623,634,650	1255,1260,1263,1270,1272,1456,1459,1465,1468,1477,568,606,621,632,648	3	16,17,18,19,20,39,40,41,42,43,48,49,50,51,52	121	910	1520	52|18|2|3|1|2|10|9|3|2|2|1
GA	Bostau	LTR	ERVK	ERV2-3-I_BT	chr21:177216-184358+	chr27:5976766-5977862+	25	60	0	1461,1467,1470,1490,1503,1511,620,634,650,660,668	100,108,60,74,90,900,906,909,929,942,950	2	1,2,3,4,5,16,17,18,19,20,21	100	891	1093	25|9|2|2|0|3|9|7|1|2|0|0
GA	Bostau	LTR	ERVK	ERV2-2B_BT-I	chr15:49647170-49650647-	chr27:7074882-7079339+	103	188	0	1532,1537,1543,1552,1559,176,193,195,196,200,218,229,230,233,270,272,290,294,308,312,329,413,416,435,438,450,453,455,460,643,649,650,653,656,708,717,718,723,738,980,982,985,987,990	2965,2982,2984,2985,2989,3007,3019,3020,3023,3059,3061,3079,3083,3097,3101,3118,3202,3205,3238,3241,3254,3257,3259,3264,3450,3458,3459,3462,3465,3520,3531,3532,3537,3552,3798,3800,3803,3805,3808,4340,4345,4351,4360,4367	7	9,10,11,12,13,14,15,16,17,18,19,20,21,22,23,24,26,27,28,29,30,31,32,33,40,41,42,43,44,48,49,50,51,52,69,70,71,72,73,98,99,100,101,102	306	1403	1658	103|18|0|2|9|3|15|21|1|4|3|9
GA	Bostau	LTR	ERVK	ERV2-3-I_BT	chr21:19628323-19631469-	chr8:34781882-34783494-	54	113	0	1024,1036,1038,1064,1278,1286,1294,1296,1307,971,995	1025,1238,1246,1254,1256,1267,932,956,985,997,999	2	26,27,28,29,30,31,38,39,40,41,42	124	336	1611	54|17|1|0|5|4|8|16|3|1|2|2
GA	Bostau	LTR	ERVK	ERV2-3-I_BT	chr21:19628323-19631469-	chr8:34785751-34787360-	50	111	0	1036,1038,1064,1278,1286,1294,1296,1307,971,995	1025,1237,1245,1253,1255,1266,932,956,997,999	2	26,27,28,29,30,36,37,38,39,40	124	335	1609	50|16|1|1|5|3|8|18|3|2|2|2
GA	Bostau	LTR	ERVK	ERV2-3-I_BT	chr21:19631518-19633226-	chr4:351115-352646-	52	113	0	1143,1159,1177,1207,1219,1232,1237,1240,1247,1249,1252	1166,1182,1200,1230,1242,1255,1260,1263,1270,1272,1275	1	37,38,39,40,41,42,43,44,45,46,47	110	110	1504	52|21|1|3|3|4|17|8|1|1|1|1
GA	Bostau	LTR	ERVK	ERV2-2B_BT-LTR	chr15:49646769-49647170-	chr5:29081186-29081587+	24	39	0	300,308,311,332,346,348,370,48,49,56,58,67,70,76	300,308,311,332,346,348,370,48,49,56,58,67,70,76	2	3,4,5,6,7,8,9,17,18,19,20,21,22,23	100	323	392	24|3|0|1|0|0|4|6|0|0|0|1
GA	Bostau	LTR	ERVK	BTLTR1F	chr10:55448263-55449317-	chrX:38662365-38663561-	40	107	0	103,105,789,802,81,820,835,838,84,93	106,108,818,831,84,855,87,870,873,96	2	2,3,4,5,6,36,37,38,39,40	81	790	1010	40|13|4|4|2|4|11|17|1|2|1|8
GA	Bostau	LTR	ERVK	ERV2-2B_BT-I	chr15:49650684-49653421-	chr27:7074882-7079339+	135	260	0	1432,1435,1445,1446,1448,1467,1480,1483,1510,1810,1819,1822,1824,1825,1856,1857,1858,2054,2068,2069,2071,2074,2095,2098,2361,2376,2380,2406,2415,2418,2425,2472,2474,2475,2485,2537,691,695,714,729,753	1446,1449,1459,1460,1462,1481,1494,1497,1524,1824,1833,1836,1838,1839,1871,1872,1873,2070,2084,2085,2087,2090,2111,2114,2380,2395,2399,2425,2434,2437,2452,2499,2501,2502,2512,2552,697,701,720,735,759	6	21,22,23,24,25,63,64,65,66,67,68,69,70,71,88,89,90,91,92,93,94,95,106,107,108,109,110,111,112,119,120,121,122,123,124,125,126,127,128,129,130	411	1856	2742	135|31|2|3|10|10|28|26|5|4|2|4
GA	Bostau	LTR	ERVK	BTLTR1F	chr10:55448263-55449317-	chr18:54743637-54744870+	43	107	0	672,686,687,688,710,788,789,790,795,799	675,690,691,692,713,791,792,793,798,802	2	30,31,32,33,34,37,38,39,40,41	51	128	974	43|14|3|6|1|5|9|14|4|1|1|6
GA	Bostau	LTR	ERVK	ERV2-3-I_BT	chr22:11934813-11937926-	chr4:349528-351129-	50	119	0	1002,1004,1030,1042,1045,1421,1426,1436,1448,1454	1009,1011,1037,1048,1051,1428,1433,1443,1455,1461	2	20,21,22,23,24,43,44,45,46,47	77	453	1591	50|26|2|5|4|1|9|16|0|2|3|1
GA	Bostau	LTR	ERVK	LTR2B_BT	chr1:14521535-14522238-	chr15:12362527-12363273+	16	42	0	382,388,390,399,411,431,438,445,452,461	390,396,398,407,419,439,446,453,460,469	2	7,8,9,10,11,12,13,14,15,16	81	80	478	16|9|1|1|1|0|6|5|1|1|0|1
GA	Bostau	LTR	ERVK	LTR2B_BT	chr1:14521535-14522238-	chr17:70957350-70958133+	28	49	0	382,388,390,399,414,431,438,452,461,473	389,395,397,406,421,438,445,459,468,480	2	19,20,21,22,23,24,25,26,27,28	93	92	479	28|5|1|1|1|1|5|4|0|1|0|2
GA	Bostau	LTR	ERVK	LTR2B_BT	chr1:14521535-14522238-	chr17:70966459-70967241+	29	53	0	379,380,382,388,390,399,414,431,438,445,452,461,473	385,386,388,394,396,405,420,437,444,451,458,467,479	2	17,18,19,20,21,22,23,24,25,26,27,28,29	96	95	479	29|5|1|0|1|2|5|6|0|1|0|3
GA	Bostau	LTR	ERVK	LTR2B_BT	chr1:14521535-14522238-	chr3:99177548-99178326+	28	57	0	145,152,168,170,173,183,379,380,382,388,390	145,152,177,179,182,192,388,389,391,397,399	2	8,9,10,11,12,13,21,22,23,24,25	60	255	476	28|11|1|1|0|1|7|3|1|2|0|2
GA	Bostau	LTR	ERVK	LTR2B_BT	chr1:14521535-14522238-	chr2:56229256-56230020+	39	69	0	288,291,304,305,308,355,379,380,388,390	297,300,313,314,317,364,388,389,397,399	2	20,21,22,23,24,28,29,30,31,32	57	103	476	39|10|3|2|0|3|5|3|1|1|0|2
GA	Bostau	LTR	ERVK	ERV2-3-I_BT	chr22:11937925-11939175-	chr8:34787358-34789013-	48	103	0	101,104,274,277,287,300,363,367,75,78,94	101,104,274,277,287,300,363,367,75,78,94	2	2,3,4,5,6,12,13,14,15,16,17	124	293	1246	48|19|3|1|2|2|10|12|1|2|2|1
GA	Bostau	LTR	ERVK	ERV2-3-I_BT	chr23:829656-831203+	chr28:35772559-35774216-	46	80	0	1013,1144,1151,1211,1219,1284,1362,1366,1367,1373,1392,1398,227,250,274,275,278,693,707,719,747,810,945,948,951,954,976	1002,1133,1140,1200,1208,1273,1351,1355,1356,1362,1383,1389,226,249,273,274,277,682,696,708,736,799,934,937,940,943,965	5	7,8,9,10,11,19,20,21,22,23,26,27,28,29,30,31,32,33,34,35,36,37,38,39,40,41,42	628	1164	1542	46|11|5|1|0|0|9|6|2|0|0|0
GA	Bostau	LTR	ERVK	ERV2-3-I_BT	chr23:829656-831203+	chr4:351115-352646-	47	95	0	1007,1020,1022,1230,1241,1253,1266,1271,1274,1281,1283,951,976	1009,1011,1219,1230,1242,1255,1260,1263,1270,1272,940,965,996	2	23,24,25,26,27,34,35,36,37,38,39,40,41	126	333	1524	47|14|4|4|1|0|13|8|1|0|2|1
GA	Bostau	LTR	ERVK	ERV2-3-I_BT	chr23:829656-831203+	chr8:34783492-34785148-	54	107	0	1373,1392,1398,1431,1433,1442,1487,1493,1502,1505,248,250,253,275,278,288,301,302	1363,1382,1388,1421,1423,1432,1477,1483,1492,1495,248,250,253,275,278,288,301,302	2	1,2,3,4,5,6,7,8,45,46,47,48,49,50,51,52,53,54	188	1248	1542	54|11|3|0|1|1|19|10|1|0|2|5
GA	Bostau	LTR	ERVK	ERV2-3-I_BT	chr23:829656-831203+	chr8:34787358-34789013-	58	121	0	1373,1392,1398,1431,1433,1442,1487,1493,1502,1505,248,250,253,275,278,288,301,302	1362,1381,1387,1420,1422,1431,1476,1482,1491,1494,247,249,252,274,277,287,300,301	2	5,6,7,8,9,10,11,12,49,50,51,52,53,54,55,56,57,58	188	1248	1539	58|14|3|2|3|1|18|11|1|0|3|7
GA	Bostau	LTR	ERVK	ERV2-3-I_BT	chr23:831201-832611+	chr26:268349-269938-	45	90	0	1159,1179,1193,1213,1218,467,480,482,483,511,530	1362,1382,1396,1416,1421,668,681,683,684,712,731	2	14,15,16,17,18,19,38,39,40,41,42	124	754	1385	45|16|0|0|1|2|12|6|0|3|1|4
GA	Bostau	LTR	ERVK	ERV2-3-I_BT	chr23:831201-832611+	chr4:349528-351129-	42	92	0	1035,1044,1065,1080,1092,1093,781,782,796,822,834,841,880	1011,1037,1049,1056,1095,1250,1259,1280,1295,1307,1308,996,997	2	13,14,15,16,17,18,19,25,26,27,28,29,30	159	313	1384	42|19|1|2|0|2|12|9|1|0|1|3
GA	Bostau	LTR	ERVK	BTLTR1F	chr10:65164387-65165560-	chr15:49843706-49844882+	26	68	0	101,125,47,50,54,640,644,680,681,688	123,47,50,54,640,644,680,681,688,99	2	2,3,4,5,6,15,16,17,18,19	126	642	1174	26|11|1|2|1|3|10|9|0|0|2|3
GA	Bostau	LTR	ERVK	ERV2-2B_BT-I	chr15:56436715-56439194-	chr27:7074882-7079339+	104	173	0	1096,1099,1102,1130,1146,1153,1401,1402,1403,1404,1405,1411,1426,1496,1497,1506,1508,1517,1526,169,188,189,193,211,222,223,226,282,286,300,304,321,323,405,408,427,430,445,447,900,905,910,913,914	2965,2984,2985,2989,3007,3019,3020,3023,3079,3083,3097,3101,3118,3120,3202,3205,3238,3241,3257,3259,3723,3728,3733,3736,3737,3922,3925,3928,3958,3974,3981,4235,4236,4237,4238,4239,4245,4260,4330,4331,4340,4342,4351,4360	7	8,9,10,11,12,13,14,15,18,19,20,21,22,23,24,25,26,27,28,29,52,53,54,55,56,66,67,68,69,70,71,89,90,91,92,93,94,95,99,100,101,102,103,104	373	1396	1642	104|18|0|3|6|4|10|19|0|2|2|5
GA	Bostau	LTR	ERVK	ERV2-3-I_BT	chr23:27805112-27806726-	chr28:35770954-35772565-	28	50	0	1026,1050,1276,1324,683,685,700,708,714,733,933	1023,1047,1273,1321,680,682,697,705,711,730,930	2	9,10,11,12,13,14,19,20,21,22,23	443	642	1612	28|6|0|1|3|0|4|6|0|1|0|1
GA	Bostau	LTR	ERVK	BTLTR1F	chr10:65164387-65165560-	chrX:41330462-41331642+	35	100	0	446,494,507,512,514,519,524,529,560,673,676,677,678,680,681,688	448,496,509,514,516,521,526,531,562,676,679,680,681,683,684,691	2	13,14,15,16,17,18,19,20,21,23,24,25,26,27,28,29	131	244	1176	35|22|0|5|4|5|11|11|1|1|1|4
GA	Bostau	LTR	ERVK	ERV2-3-I_BT	chr23:27805112-27806726-	chr8:34785751-34787360-	44	89	0	1240,1248,1256,1258,1269,1276,1297,593,602,604,610,627,708,714,733,740,793	1237,1245,1253,1255,1266,1273,1293,592,601,603,609,626,707,713,732,739,792	3	13,14,15,16,17,19,20,21,22,23,32,33,34,35,36,37,38	178	702	1609	44|15|0|0|1|0|7|17|2|1|0|2
GA	Bostau	LTR	ERVK	ERV2-3-I_BT	chr23:27805112-27806726-	chr26:268349-269938-	46	97	0	1363,1383,1397,1417,1422,670,683,685,686,714,733,808,811,818,839,863	1362,1382,1396,1416,1421,668,681,683,684,712,731,806,809,816,837,861	3	14,15,16,17,18,19,21,22,23,24,25,39,40,41,42,43	180	754	1585	46|18|0|1|1|2|11|11|0|3|1|3
GA	Bostau	LTR	ERVK	BTLTR1F	chr10:65164387-65165560-	chrX:38662365-38663561-	48	94	0	494,507,514,524,542,543,615,620,627,644,677,680,681,691	495,508,515,525,543,544,626,631,639,656,689,692,693,703	2	21,22,23,24,25,26,29,30,31,32,33,34,35,36	128	209	1179	48|8|0|4|2|2|11|11|0|2|0|6
GA	Bostau	LTR	ERVK	ERV2-3-I_BT	chr23:27805112-27806726-	chr8:34781882-34783494-	51	106	0	1240,1248,1256,1258,1269,1276,1296,1297,593,602,604,610,627,708,714,733,740,793	1238,1246,1254,1256,1267,1274,1294,1295,592,601,603,609,626,707,713,732,739,792	3	13,14,15,16,17,19,20,21,22,23,34,35,36,37,38,39,40,41	179	704	1611	51|19|0|1|1|1|9|18|2|2|0|2
GA	Bostau	LTR	ERVK	ERV2-3-I_BT	chr23:27805112-27806726-	chr4:349528-351129-	43	95	0	1026,1038,1045,1084,1113,1135,1148,1204,1216,1239,1248,1269,1284,1296,1297,985,986	1037,1049,1056,1095,1124,1146,1159,1215,1227,1250,1259,1280,1295,1307,1308,996,997	3	15,16,17,18,19,20,21,22,23,24,25,26,27,28,29,30,31	315	313	1583	43|20|1|3|0|2|10|13|1|0|0|2
GA	Bostau	LTR	ERVK	BTLTR1F	chr10:65164387-65165560-	chr18:54747789-54749026+	52	97	0	400,402,419,423,435,446,494,507,512,514,524,529,543,804,805,806,811,815,818	392,394,411,415,427,438,486,499,504,506,516,521,535,795,796,797,802,806,809	3	16,17,18,19,20,21,23,24,25,26,27,28,29,43,44,45,46,47,48	112	418	1074	52|10|2|1|0|6|3|13|2|2|4|2
GA	Bostau	LTR	ERVK	BTLTR1F	chr10:65164387-65165560-	chr18:54743637-54744870+	52	96	0	400,402,419,423,435,446,494,507,512,514,524,529,804,805,806,811,815	392,394,411,415,427,438,486,499,504,506,516,521,791,792,793,798,802	3	16,17,18,19,20,21,23,24,25,26,27,28,42,43,44,45,46	95	411	1081	52|14|1|2|0|6|3|8|4|1|0|5
GA	Bostau	LTR	ERVK	ERV2-3-I_BT	chr23:27806720-27808375-	chr28:35772559-35774216-	53	96	0	1003,1134,1141,1201,1209,1274,1352,1356,1357,1363,1388,1477,1491,1505,1510,1522,683,697,709,737,800,935,938,941,944,966	1002,1133,1140,1200,1208,1273,1351,1355,1356,1362,1389,1478,1492,1506,1511,1523,682,696,708,736,799,934,937,940,943,965	5	18,19,20,21,22,25,26,27,28,29,30,31,32,33,34,35,36,37,38,39,40,41,42,43,44,45	711	842	1656	53|13|4|2|0|1|13|7|3|0|0|0
GA	Bostau	LTR	ERVK	ERV2-3-I_BT	chr23:27806720-27808375-	chr8:34783492-34785148-	53	109	0	1018,1027,1033,1055,1363,1388,1421,1423,1432,1477,1483,1492,1495,248,253,275,278,288,301,965,979	1018,1027,1033,1055,1363,1388,1421,1423,1432,1477,1483,1492,1495,248,253,275,278,288,301,965,979	3	1,2,3,4,5,6,25,26,27,28,29,30,42,43,44,45,46,47,48,49,50	278	1248	1655	53|11|1|1|1|2|21|9|2|0|3|5
GA	Bostau	LTR	ERVK	ERV2-3-I_BT	chr23:27806720-27808375-	chr8:34787358-34789013-	57	121	0	1018,1027,1033,1055,1363,1388,1421,1423,1432,1477,1483,1492,1495,248,253,275,278,288,301,965,979	1017,1026,1032,1054,1362,1387,1420,1422,1431,1476,1482,1491,1494,247,252,274,277,287,300,964,978	3	5,6,7,8,9,10,29,30,31,32,33,34,46,47,48,49,50,51,52,53,54	278	1248	1653	57|13|1|3|3|2|20|9|2|0|4|7
GA	Bostau	LTR	ERVK	ERV2-3-I_BT	chr23:27806720-27808375-	chr4:351115-352646-	44	90	0	1010,1012,1027,1220,1231,1243,1256,1261,1264,1271,1273,941,966,997	1009,1011,1026,1219,1230,1242,1255,1260,1263,1270,1272,940,965,996	2	20,21,22,23,24,25,31,32,33,34,35,36,37,38	141	333	1519	44|12|2|5|1|1|13|6|2|0|2|2
GA	Bostau	LTR	ERVK	BTLTR1F	chr10:65164387-65165560-	chr4:105262670-105263823-	31	71	0	370,381,402,423,435,446,507,514,519,539,543	324,335,356,377,389,400,461,468,473,493,497	2	2,3,4,5,6,7,9,10,11,12,13	114	174	874	31|11|0|7|0|4|4|8|2|1|0|3
GA	Bostau	LTR	ERVK	BTLTR1F	chr10:65164387-65165560-	chrX:111142319-111143596+	39	97	0	494,507,514,519,524,529,688,691,704,705,720	492,505,512,517,522,527,695,698,714,715,730	2	13,14,15,16,17,18,24,25,26,27,28	72	239	877	39|12|0|2|3|6|16|9|1|0|2|7
GA	Bostau	LTR	ERVK	BTLTR1F	chr10:65164387-65165560-	chrX:38658455-38659159-	28	55	0	507,514,520,524,542,543,551,627,644,677,680,681,691	145,162,17,195,198,199,209,24,30,34,52,53,63	2	1,2,3,4,5,6,7,11,12,13,14,15,16	112	193	688	28|7|0|4|1|2|2|5|0|1|0|5
GA	Bostau	LTR	ERVK	ERV2-2B_BT-I	chr15:56439238-56442023-	chr27:7074882-7079339+	143	288	0	1048,1053,1057,1058,1059,1075,1076,1078,1122,1123,1124,1125,1848,1860,1863,1887,1895,1896,1897,2092,2107,2109,2133,2136,2401,2420,2422,2446,2455,28,29,45,63,7	1029,1034,1038,1039,1040,1052,1053,1055,1098,1099,1100,1101,1824,1836,1839,1863,1871,1872,1873,2070,2085,2087,2111,2114,2380,2399,2401,2425,2434,27,28,44,62,7	6	1,2,3,4,5,47,48,49,50,51,52,53,54,55,56,57,58,93,94,95,96,97,98,99,112,113,114,115,116,126,127,128,129,130	280	2428	2762	143|34|4|6|10|8|37|24|3|7|7|5
GA	Bostau	LTR	ERVK	ERV2-3-I_BT	chr24:4228296-4231405-	chr26:268349-269938-	49	104	0	1383,1397,1417,1422,1432,413,456,472,476,479,808,811,818,839,863	1382,1396,1416,1421,1431,411,454,470,474,477,806,809,816,837,861	3	6,7,8,9,10,24,25,26,27,28,41,42,43,44,45	173	1021	1586	49|15|0|0|1|2|18|11|0|3|1|4
GA	Bostau	LTR	ERVK	ERV2-3-I_BT	chr24:4228296-4231405-	chr8:34785751-34787360-	50	111	0	445,454,456,463,472,593,602,604,610,627,655	444,453,455,462,471,592,601,603,609,626,654	2	8,9,10,11,12,15,16,17,18,19,20	91	211	1609	50|14|0|1|1|1|15|21|2|3|0|3
GA	Bostau	LTR	ERVK	ERV2-3-I_BT	chr24:4228296-4231405-	chr8:34781882-34783494-	55	115	0	445,454,456,463,472,593,602,604,610,627,655	444,453,455,462,471,592,601,603,609,626,654	2	8,9,10,11,12,15,16,17,18,19,20	91	211	1611	55|15|0|0|1|2|16|19|2|2|0|3
GA	Bostau	LTR	ERVK	ERV2-3-I_BT	chr24:4231403-4232909-	chr28:35772559-35774216-	43	90	0	1273,1303,1355,1356,1362,1387,226,228,273,274,277	1273,1303,1355,1356,1362,1389,226,228,273,274,277	2	7,8,9,10,11,35,36,37,38,39,40	169	1164	1505	43|10|3|1|1|1|15|13|2|1|0|0
GA	Bostau	LTR	ERVK	ERV2-2B_BT-LTR	chr15:72848980-72849381+	chr5:29081186-29081587+	23	47	0	300,308,311,332,348,48,49,56,58,67,70	300,308,311,332,348,48,49,56,58,67,70	2	3,4,5,6,7,8,16,17,18,19,20	72	301	401	23|6|1|1|0|1|6|6|1|1|0|1
GA	Bostau	LTR	ERVK	BTLTR1F	chr10:65195452-65196622+	chr18:54747789-54749026+	44	98	0	397,399,416,420,432,443,801,802,803,808,812,815	392,394,411,415,427,438,795,796,797,802,806,811	2	14,15,16,17,18,19,37,38,39,40,41,42	64	420	1078	44|12|3|0|1|5|6|14|2|3|5|3
GA	Bostau	LTR	ERVK	BTLTR1F	chr10:65195452-65196622+	chr18:54743637-54744870+	44	96	0	397,399,416,420,432,443,801,802,803,808,812	392,394,411,415,427,438,791,792,793,798,802	2	14,15,16,17,18,19,36,37,38,39,40	59	411	1074	44|15|1|1|1|5|6|10|4|2|1|6
GA	Bostau	LTR	ERVK	ERV2-2B_BT-I	chr15:72844195-72848980+	chr27:7074882-7079339+	181	334	0	1002,1009,1534,1553,1554,1558,1576,1587,1588,1591,1627,1629,1772,1775,1794,1797,1812,2001,2007,2008,2011,2014,2267,2272,2277,2280,2281,2331,2338,2340,2343,2348,2776,2778,2779,2780,2786,384,393,396,398,399,431,432,433,628,642,643,645,669,937,951,952,956,982,991,994	1824,1833,1836,1838,1839,1871,1872,1873,2070,2084,2085,2087,2111,2380,2394,2395,2399,2425,2434,2437,2445,2452,2965,2984,2985,2989,3007,3018,3019,3022,3059,3061,3202,3205,3224,3227,3257,3450,3456,3457,3460,3463,3723,3728,3733,3736,3737,3791,3798,3800,3803,3808,4235,4237,4238,4239,4245	9	21,22,23,24,25,26,27,28,40,41,42,43,44,52,53,54,55,56,57,58,59,60,87,88,89,90,91,92,93,94,95,96,102,103,104,105,106,113,114,115,116,117,132,133,134,135,136,139,140,141,142,143,170,171,172,173,174	376	2422	3008	181|44|4|5|10|8|31|30|2|5|2|12
GA	Bostau	LTR	ERVK	ERV2-2B_BT-I	chr15:72844195-72848980+	chr16:7974413-7977156-	34	88	0	1069,1075,1089,1093,1101,1103,516,520,521,524,538	1953,1957,1958,1961,1975,2506,2512,2526,2530,2538,2540	2	8,9,10,11,12,25,26,27,28,29,30	58	588	1307	34|14|2|2|2|1|19|9|2|0|1|2
GA	Bostau	LTR	ERVK	ERV2-2B_BT-LTR	chr15:82705824-82706225-	chr5:29081186-29081587+	24	45	0	12,48,49,56,58,6,67,70,76,82	12,48,49,56,58,6,67,70,76,82	1	1,2,3,4,5,6,7,8,9,10	77	77	401	24|3|0|2|1|0|7|5|2|0|0|1
GA	Bostau	LTR	ERVK	ERV2-3-I_BT	chr27:6281394-6283330-	chr8:34785751-34787360-	48	113	0	1181,1189,1197,1199,1210,1217,386,395,397,404,413	1237,1245,1253,1255,1266,1273,444,453,455,462,471	2	6,7,8,9,10,36,37,38,39,40,41	65	830	1554	48|12|0|4|3|4|11|19|3|3|1|5
GA	Bostau	LTR	ERVK	ERV2-3-I_BT	chr27:6281394-6283330-	chr8:34781882-34783494-	54	119	0	1181,1189,1197,1199,1210,1217,386,395,397,404,413	1238,1246,1254,1256,1267,1274,444,453,455,462,471	2	6,7,8,9,10,38,39,40,41,42,43	65	831	1555	54|13|0|4|3|5|13|17|3|2|1|4
GA	Bostau	LTR	ERVK	ERV2-3-I_BT	chr27:6281394-6283330-	chr4:349528-351129-	44	106	0	1025,1358,1363,1373,1385,1391,898,926,927,939,941,967,979,982	1009,1011,1037,1048,1051,1095,1428,1433,1443,1455,1461,968,996,997	2	13,14,15,16,17,18,19,20,21,37,38,39,40,41	162	494	1529	44|16|1|6|2|4|13|13|1|1|0|5
GA	Bostau	LTR	ERVK	ERV2-3-I_BT	chr27:6283620-6284639-	chr28:35772559-35774216-	42	76	0	667,681,693,714,721,919,922,925,928,950	682,696,708,729,736,934,937,940,943,965	2	25,26,27,28,29,36,37,38,39,40	87	284	1023	42|9|1|1|0|0|10|8|1|3|1|0
GA	Bostau	LTR	ERVK	ERV2-2B_BT-I	chr15:79200211-79202994+	chr27:7074882-7079339+	176	338	0	1054,1058,1059,1060,1073,1467,1470,1480,1481,1483,1649,1656,1670,1672,1693,1854,1857,1859,1860,1869,1884,1892,1893,1894,2181,2184,2186,2188,2190,363,365,369,371,375,379,380,386,876,882,884,885,889,890	1034,1038,1039,1040,1053,1446,1449,1459,1460,1462,1628,1635,1649,1651,1672,1833,1836,1838,1839,1848,1863,1871,1872,1873,2162,2165,2167,2169,2171,339,341,345,347,351,355,356,362,852,858,860,861,865,866	7	3,4,5,6,7,8,9,10,41,42,43,44,45,46,53,54,55,56,57,87,88,89,90,91,103,104,105,106,107,118,119,120,121,122,123,124,125,126,145,146,147,148,149	172	1833	2478	176|48|3|2|10|9|31|36|3|6|8|6
GA	Bostau	LTR	ERVK	ERV2-2B_BT-I	chr15:79200211-79202994+	chr5:59546075-59548252+	85	252	0	2133,2137,2138,2156,2157,2188,2190,2193,873,882,889,890,895	2102,2106,2107,2125,2126,2157,2159,2162,846,855,862,863,868	2	35,36,37,38,39,78,79,80,81,82,83,84,85	84	1317	2182	85|43|4|3|6|9|38|41|1|8|7|7
GA	Bostau	LTR	ERVK	ERV2-2B_BT-I	chr15:79200211-79202994+	chr5:59487668-59489379+	64	183	0	1402,1403,1424,1441,1442,2133,2137,2138,2150,2156,2157,2188,2190,2193,873,882,886,889,890	1636,1640,1641,1653,1659,1660,1691,1693,1696,378,387,391,394,395,906,907,928,946,947	3	14,15,16,17,18,31,32,33,34,35,56,57,58,59,60,61,62,63,64	121	1319	1701	64|28|3|5|5|5|24|33|3|3|8|2
GA	Bostau	LTR	ERVK	ERV2-3-I_BT	chr28:225661-227361+	chr4:351115-352646-	49	113	0	1166,1182,1200,1219,1226,1242,1255,1260,1263,1270,1271,1272,1275	1166,1182,1200,1219,1226,1242,1255,1260,1263,1270,1271,1272,1275	2	31,32,33,34,35,37,38,39,40,41,42,43,44	95	110	1519	49|17|1|1|1|1|20|14|2|4|3|0
GA	Bostau	LTR	ERVK	ERV2-2B_BT-I	chr15:79203038-79204188+	chr27:7074882-7079339+	83	153	0	189,193,211,222,223,226,282,286,300,304,321,323,430,442,445,447,452,520,535,544,548,549,562,639,640,641,642,644,647,699,708,709,714,729,900,905,910,913,914,964,971,973,976,981	2985,2989,3007,3019,3020,3023,3079,3083,3097,3101,3118,3120,3227,3254,3257,3259,3264,3336,3351,3360,3364,3365,3378,3455,3456,3457,3458,3460,3463,3518,3531,3532,3537,3552,3723,3728,3733,3736,3737,3791,3798,3800,3803,3808	8	8,9,10,11,12,13,18,19,20,21,22,23,27,28,29,30,31,32,33,34,35,36,37,41,42,43,44,45,46,51,52,53,54,55,64,65,66,67,68,71,72,73,74,75	311	824	1162	83|25|0|0|7|6|9|12|0|2|4|5
GA	Bostau	LTR	ERVK	ERV2-2B_BT-I	chr15:79210761-79211886+	chr27:7074882-7079339+	37	60	0	115,120,155,183,186,21,262,263,264,265,266,272,287,290,31,42,63,66,67	3994,4004,4015,4036,4039,4040,4088,4093,4128,4156,4159,4235,4236,4237,4238,4239,4245,4260,4263	3	1,2,3,4,5,6,8,9,10,11,12,16,17,18,19,20,21,22,23	148	270	479	37|6|1|1|2|3|0|5|0|1|3|1
GA	Bostau	LTR	ERVK	ERV2-1-I_BT	chr10:81614-82233+	chr18:54746971-54747787+	59	118	0	164,166,167,173,185,186,285,289,290,291,296,566,568,569,579,581	361,363,364,369,381,382,483,487,488,489,494,765,767,768,778,780	3	13,14,15,16,17,18,25,26,27,28,29,55,56,57,58,59	50	420	618	59|18|0|2|4|7|8|16|0|1|0|3
GA	Bostau	LTR	ERVK	ERV2-3-I_BT	chr28:41871811-41873425-	chr8:34785751-34787360-	47	100	0	1240,1248,1256,1258,1269,1276,1297,593,602,604,610,627,648	1237,1245,1253,1255,1266,1273,1293,592,601,603,609,626,647	2	13,14,15,16,17,18,35,36,37,38,39,40,41	113	702	1609	47|17|0|0|3|1|10|17|2|1|0|2
GA	Bostau	LTR	ERVK	ERV2-3-I_BT	chr28:41871811-41873425-	chr4:349528-351129-	46	104	0	1000,1026,1038,1045,1239,1248,1269,1284,1296,1297,985,986,998	1009,1011,1037,1049,1056,1250,1259,1280,1295,1307,1308,996,997	2	16,17,18,19,20,21,22,29,30,31,32,33,34	120	313	1583	46|21|1|3|2|3|13|12|1|0|0|2
GA	Bostau	LTR	ERVK	ERV2-3-I_BT	chr28:41871811-41873425-	chr8:34781882-34783494-	54	118	0	1240,1248,1256,1258,1269,1276,1296,1297,593,602,604,610,627,648	1238,1246,1254,1256,1267,1274,1294,1295,592,601,603,609,626,647	2	13,14,15,16,17,18,37,38,39,40,41,42,43,44	114	704	1611	54|21|0|1|3|2|13|18|2|2|0|2
GA	Bostau	LTR	ERVK	ERV2-3-I_BT	chr28:41873419-41875074-	chr8:34783492-34785148-	53	116	0	1017,1026,1032,1054,248,253,275,278,288,301,964,978	1018,1027,1033,1055,248,253,275,278,288,301,965,979	2	1,2,3,4,5,6,25,26,27,28,29,30	145	808	1655	53|14|1|2|1|2|21|12|1|0|2|7
GA	Bostau	LTR	ERVK	ERV2-3-I_BT	chr28:41873419-41875074-	chr8:34787358-34789013-	57	130	0	1017,1026,1032,1054,248,253,275,278,288,301,964,978	1017,1026,1032,1054,247,252,274,277,287,300,964,978	2	5,6,7,8,9,10,29,30,31,32,33,34	145	808	1653	57|17|1|4|3|2|20|13|1|0|3|9
GA	Bostau	LTR	ERVK	ERV2-3-I_BT	chr28:41873419-41875074-	chr4:351115-352646-	43	95	0	1009,1011,1026,1219,1230,1242,1255,1260,1263,1270,1272,940,965,996	1009,1011,1026,1219,1230,1242,1255,1260,1263,1270,1272,940,965,996	2	20,21,22,23,24,25,31,32,33,34,35,36,37,38	141	333	1519	43|16|2|5|1|1|11|10|1|0|2|3
GA	Bostau	LTR	ERVK	ERV2-3-I_BT	chr29:38101098-38105105-	chr4:349528-351129-	40	104	0	1903,1905,1931,1943,1946,1989,2322,2327,2337,2349,2355	1009,1011,1037,1048,1051,1095,1428,1433,1443,1455,1461	2	14,15,16,17,18,19,34,35,36,37,38	121	453	1595	40|19|4|4|2|3|10|13|1|5|1|2
GA	Bostau	LTR	ERVK	ERV2-2B_BT-LTR	chr16:15806709-15807115-	chr27:21120882-21121286-	22	52	0	217,259,275,277,290,33,35,36,46,65,68	216,258,274,276,289,33,35,36,46,65,68	2	1,2,3,4,5,6,14,15,16,17,18	110	257	405	22|15|0|2|0|0|7|2|0|1|3|0
GA	Bostau	LTR	ERVK	ERV2-3-I_BT	chr3:21675990-21683140-	chr8:34783492-34785148-	57	112	0	1078,1106,1135,1166,1182,1201,1230,1383,1416,1427,1452,1472,1478,1487,1490,275,288,301,302,307,351	1078,1106,1135,1166,1182,1201,1230,1388,1421,1432,1457,1477,1483,1492,1495,275,288,301,302,307,351	3	6,7,8,9,10,11,35,36,37,38,39,40,41,46,47,48,49,50,51,52,53	338	1221	1653	57|11|0|0|1|2|18|14|1|1|2|5
GA	Bostau	LTR	ERVK	ERV2-3-I_BT	chr3:21675990-21683140-	chr8:34787358-34789013-	60	118	0	1078,1106,1135,1166,1182,1201,1230,1383,1416,1427,1452,1472,1478,1487,1490,275,288,301,302,307,351	1077,1105,1134,1165,1181,1200,1229,1387,1420,1431,1456,1476,1482,1491,1494,274,287,300,301,306,350	3	9,10,11,12,13,14,38,39,40,41,42,43,44,49,50,51,52,53,54,55,56	338	1221	1651	60|12|0|2|2|2|16|13|2|0|3|6
GA	Bostau	LTR	ERVK	ERV2-3-I_BT	chr3:21675990-21683140-	chr8:34781882-34783494-	52	110	0	4491,4500,4502,4509,4517,4518,4639,4648,4650,4656,4673,5283,5291,5299,5301,5312,5319,5387,5388,5406,5413,5460	1238,1246,1254,1256,1267,1274,1342,1343,1361,1368,1415,444,453,455,462,470,471,592,601,603,609,626	4	7,8,9,10,11,12,16,17,18,19,20,36,37,38,39,40,41,44,45,46,47,48	174	972	1609	52|15|0|1|2|4|11|17|4|1|1|2
GA	Bostau	LTR	ERVK	ERV2-3-I_BT	chr3:21675990-21683140-	chr8:34785751-34787360-	47	107	0	4491,4500,4502,4509,4517,4518,4639,4648,4650,4656,4673,5283,5291,5299,5301,5312,5319	1237,1245,1253,1255,1266,1273,444,453,455,462,470,471,592,601,603,609,626	3	7,8,9,10,11,12,16,17,18,19,20,34,35,36,37,38,39	100	830	1608	47|14|0|2|2|3|11|19|4|2|1|2
GA	Bostau	LTR	ERVK	ERV2-2B_BT-LTR	chr16:75706105-75706506+	chr27:21120882-21121286-	26	53	0	125,152,159,163,165,216,247,258,276,289,34,35,36,46,56,65	125,152,159,163,165,216,247,258,276,289,34,35,36,46,56,65	3	2,3,4,5,6,7,10,11,12,13,14,15,16,17,18,19	198	256	402	26|15|0|4|2|0|2|2|0|1|1|0
GA	Bostau	LTR	ERVK	ERV2-3-I_BT	chr3:54325417-54330047-	chr4:349528-351129-	45	103	0	2511,2512,2524,2526,2552,2564,2567,2610,2639,2661,2674,2730,2742	1009,1011,1037,1048,1051,1095,1124,1146,1159,1215,1227,996,997	2	15,16,17,18,19,20,21,22,23,24,25,26,27	233	232	1597	45|20|1|3|3|1|12|12|1|1|0|4
GA	Bostau	LTR	ERVK	ERV2-2B_BT-I	chr16:362563-368784-	chr27:7074882-7079339+	237	452	0	1020,1026,1039,1085,1086,1088,1256,1260,1264,1268,1269,1432,1433,1436,1446,1449,1468,1800,1811,1820,1823,1825,1835,1850,1927,1961,1962,1965,1982,2069,2070,2072,2096,2099,2364,2378,2379,2383,2409,2418,2421,2453,2483,2485,2486,2496,2548,2557,2961,2980,2981,2985,3003,3014,3015,3018,3426,3432,3433,3436,3439,4184,4185,4186,4187,4188,686,690,709,724,748,760	1034,1040,1053,1098,1099,1101,1269,1273,1277,1281,1282,1445,1446,1449,1459,1462,1481,1813,1824,1833,1836,1838,1848,1863,1940,1974,1975,1978,1995,2084,2085,2087,2111,2114,2380,2394,2395,2399,2425,2434,2437,2469,2499,2501,2502,2512,2552,2561,2965,2984,2985,2989,3007,3018,3019,3022,3450,3456,3457,3460,3463,4235,4236,4237,4238,4239,697,701,720,735,759,771	12	20,21,22,23,24,25,34,35,36,37,38,39,46,47,48,49,50,59,60,61,62,63,64,83,84,85,86,87,88,89,95,96,97,98,99,106,107,108,109,110,121,122,123,124,125,126,127,129,130,131,132,133,134,135,151,152,153,154,155,156,157,158,178,179,180,181,182,226,227,228,229,230	560	3543	4431	237|49|5|11|16|10|49|50|3|4|7|11
GA	Bostau	LTR	ERVK	BTLTR1F	chr11:5445287-5446475+	chr18:54747789-54749026+	59	123	0	209,212,215,223,226,247,551,552,560,563,571,698,714,715,722,736,812,814,815,816,821,825,828	209,212,215,223,226,238,543,544,552,555,563,681,695,696,703,717,793,795,796,797,802,806,811	4	10,11,12,13,14,15,37,38,39,40,41,44,45,46,47,48,50,51,52,53,54,55,56	107	603	1117	59|18|2|2|2|3|4|18|4|2|4|5
GA	Bostau	LTR	ERVK	BTLTR1F	chr11:5445287-5446475+	chr18:54743637-54744870+	58	119	0	209,212,215,223,226,247,812,814,815,816,821,825	209,212,215,223,226,238,789,791,792,793,798,802	2	10,11,12,13,14,15,48,49,50,51,52,53	44	594	1115	58|20|2|1|3|3|4|12|6|2|1|7
GA	Bostau	LTR	ERVK	ERV2-2B_BT-LTR	chr18:47085798-47086199-	chr5:29081186-29081587+	21	37	0	300,311,332,346,348,70,76,82,89,94	300,311,332,346,348,70,76,82,89,94	2	7,8,9,10,11,16,17,18,19,20	74	279	401	21|3|1|0|0|1|4|4|1|0|0|2
GA	Bostau	LTR	ERVK	ERV2-2B_BT-I	chr16:7970719-7974186-	chr27:7074882-7079339+	101	197	0	1431,1432,1433,1434,1435,176,195,196,200,218,230,722,731,732,737,752,923,928,933,936,937	2965,2984,2985,2989,3007,3019,3520,3531,3532,3537,3552,3723,3728,3733,3736,3737,4235,4236,4237,4238,4239	4	8,9,10,11,12,13,40,41,42,43,44,55,56,57,58,59,87,88,89,90,91	108	1275	1660	101|16|0|3|6|6|19|31|0|2|6|7
GA	Bostau	LTR	ERVK	ERV2-3-I_BT	chr5:18870548-18873652+	chr7:8606359-8607968-	38	89	0	1250,1268,1278,1298,1299,1344,1354,1363,1365,1372	1243,1261,1271,1291,1292,1337,1347,1356,1358,1365	2	21,22,23,24,25,26,27,28,29,30	124	123	1608	38|10|1|3|2|5|8|13|1|0|5|3
GA	Bostau	LTR	ERVK	ERV2-3-I_BT	chr5:18870548-18873652+	chr8:34785751-34787360-	56	110	0	1242,1250,1258,1260,1268,1271,1278,1298,447,456,458,465,474,604,606,612,629,632	1237,1245,1253,1255,1263,1266,1273,1293,444,453,455,462,471,601,603,609,626,629	3	7,8,9,10,11,15,16,17,18,19,39,40,41,42,43,44,45,46	114	850	1608	56|13|0|1|1|3|7|18|3|2|1|5
GA	Bostau	LTR	ERVK	ERV2-3-I_BT	chr5:18870548-18873652+	chr8:34781882-34783494-	61	116	0	1242,1250,1258,1260,1268,1271,1278,1298,1299,447,456,458,465,474,604,606,612,629,632	1238,1246,1254,1256,1264,1267,1274,1294,1295,444,453,455,462,471,601,603,609,626,629	3	7,8,9,10,11,15,16,17,18,19,41,42,43,44,45,46,47,48,49	115	852	1610	61|16|0|0|1|4|7|17|3|1|2|4
GA	Bostau	LTR	ERVK	ERV2-2B_BT-I	chr16:7974413-7977156-	chr27:7074882-7079339+	131	254	0	2065,2080,2082,2085,2106,2109,2374,2389,2393,2419,2428,2431,2439,2446,338,365,379,395,403,412,851,855,857,859,860	2070,2085,2087,2090,2111,2114,2380,2395,2399,2425,2434,2437,2445,2452,339,366,380,396,404,413,852,856,858,860,861	4	12,13,14,15,16,17,31,32,33,34,35,101,102,103,104,105,106,114,115,116,117,118,119,120,121	203	2114	2733	131|29|3|4|9|5|28|25|3|6|5|6
GA	Bostau	LTR	ERVK	LTR2B_BT	chr1:40502604-40503401-	chr17:70966459-70967241+	36	93	0	379,380,390,399,414,418,431,438,445,452,461,466,473	385,386,396,405,420,424,437,444,451,458,467,472,479	2	15,16,17,18,19,20,21,22,23,24,25,26,27	96	95	784	36|10|3|0|1|7|11|17|0|2|3|3
GA	Bostau	LTR	ERVK	ERV2-3-I_BT	chr6:27083331-27084945-	chr8:34785751-34787360-	48	95	0	1248,1256,1258,1269,1276,166,194,202,211,238,445,454,456,463,472,593,602,604,610,613,627	1245,1253,1255,1266,1273,165,193,201,210,237,444,453,455,462,471,592,601,603,609,612,626	4	3,4,5,6,7,9,10,11,12,13,16,17,18,19,20,21,39,40,41,42,43	165	1109	1609	48|8|2|2|2|1|7|16|1|3|2|3
GA	Bostau	LTR	ERVK	ERV2-3-I_BT	chr6:27083331-27084945-	chr8:34781882-34783494-	54	106	0	1248,1256,1258,1269,1276,166,194,202,211,238,445,454,456,463,472,593,602,604,610,613,627	1246,1254,1256,1267,1274,165,193,201,210,237,444,453,455,462,471,592,601,603,609,612,626	4	3,4,5,6,7,9,10,11,12,13,16,17,18,19,20,21,41,42,43,44,45	165	1110	1611	54|11|2|2|2|2|10|16|1|2|2|2
GA	Bostau	LTR	ERVK	ERV2-3-I_BT	chr6:27084943-27086438-	chr8:34783492-34785148-	50	114	0	1067,1095,1123,1154,1170,1189,274,277,287,300,363	1078,1106,1135,1166,1182,1201,275,278,288,301,364	2	5,6,7,8,9,32,33,34,35,36,37	214	927	1501	50|15|0|0|3|1|21|11|2|4|3|4
GA	Bostau	LTR	ERVK	ERV2-3-I_BT	chr6:27084943-27086438-	chr8:34787358-34789013-	53	118	0	1067,1095,1123,1154,1170,1189,274,277,287,300,363	1077,1105,1134,1165,1181,1200,274,277,287,300,363	2	8,9,10,11,12,35,36,37,38,39,40	214	927	1498	53|18|0|0|4|1|19|12|2|1|3|5
GA	Bostau	LTR	ERVK	ERV2-3-I_BT	chr7:8606359-8607968-	chr8:34785751-34787360-	37	104	0	440,449,451,458,467,588,597,599,605,622	444,453,455,462,471,592,601,603,609,626	2	5,6,7,8,9,12,13,14,15,16	63	183	1609	37|15|0|1|4|1|16|16|3|5|2|4
GA	Bostau	LTR	ERVK	ERV2-3-I_BT	chr7:8606359-8607968-	chr8:34781882-34783494-	40	111	0	440,449,451,458,467,588,597,599,605,622	444,453,455,462,471,592,601,603,609,626	2	5,6,7,8,9,12,13,14,15,16	63	183	1610	40|19|0|0|4|2|16|17|3|4|2|4
GA	Bostau	LTR	ERVK	ERV2-3-I_BT	chr7:8607966-8609625-	chr8:34783492-34785148-	52	113	0	1424,1460,1480,1486,1495,1498,249,254,276,279,289,302	1421,1457,1477,1483,1492,1495,248,253,275,278,288,301	2	1,2,3,4,5,6,44,45,46,47,48,49	129	1248	1657	52|9|0|0|1|3|18|15|3|4|3|5
GA	Bostau	LTR	ERVK	ERV2-3-I_BT	chr7:8607966-8609625-	chr8:34787358-34789013-	56	127	0	1424,1460,1480,1486,1495,1498,249,254,276,279,289,302	1420,1456,1476,1482,1491,1494,247,252,274,277,287,300	2	5,6,7,8,9,10,48,49,50,51,52,53	129	1248	1655	56|12|1|2|4|2|16|17|3|4|3|7
GA	Bostau	LTR	ERVK	ERV2-2B_BT-I	chr16:15801544-15806184-	chr27:7074882-7079339+	236	424	0	1000,1009,1010,1012,1044,1047,1074,1144,1161,1178,1183,1185,1199,1201,1363,1368,1374,1383,1386,1388,1389,1398,1443,1455,1490,1524,1525,1528,1545,1618,1632,1633,1635,1659,1662,1912,1928,1943,1947,1973,1982,1985,1993,214,244,248,2533,2535,2553,2557,2575,2586,2587,2590,2626,2628,2631,2646,2650,2664,2668,267,2685,2687,282,306,3111,3118,3125,315,3163,3174,318,3202,3217,3267,3270,3276,3279,3280,3776,3777,3778,3779,3785,3870,3871,3880,3882,3885,3891,3900,3907,997	1446,1449,1459,1460,1462,1494,1497,1524,1594,1611,1628,1633,1635,1649,1651,1813,1818,1824,1833,1836,1838,1839,1848,1893,1905,1940,1974,1975,1978,1995,2070,2084,2085,2087,2111,2114,2364,2380,2395,2399,2425,2434,2437,2445,2965,2967,2985,2989,3007,3018,3019,3022,3059,3061,3064,3079,3083,3097,3101,3118,3120,3567,3574,3581,3619,3630,3658,3673,3723,3726,3733,3736,3737,4236,4237,4238,4239,4245,4330,4331,4340,4342,4345,4351,4360,4367,667,697,701,720,735,759,768,771	14	4,5,6,7,8,9,10,11,39,40,41,42,43,44,45,46,52,53,54,55,56,57,58,65,66,67,68,69,70,71,72,76,77,78,79,80,81,82,87,88,89,90,91,92,100,101,102,103,104,105,106,107,132,133,134,135,136,137,138,139,140,141,142,143,144,145,146,147,148,175,176,177,178,179,180,181,183,184,185,186,187,218,219,220,221,222,227,228,229,230,231,232,233,234	836	3701	3997	236|41|3|8|15|11|30|44|7|13|8|8
GA	Bostau	LTR	ERVK	ERV2-2B_BT-LTR	chr19:28791778-28792176-	chr27:21120882-21121286-	21	45	0	119,146,153,157,159,27,29,32,40,50,59	125,152,159,163,165,33,35,38,46,56,65	2	1,2,3,4,5,6,9,10,11,12,13	74	133	377	21|13|0|1|0|0|5|2|0|2|1|0
GA	Bostau	LTR	ERVK	LTR2B_BT	chr1:42432769-42433538-	chr17:70966459-70967241+	38	89	0	357,362,385,386,396,405,420,424,428,444,448,451,458,467,479,491	357,362,385,386,396,405,420,424,428,444,448,451,458,467,479,491	2	14,15,16,17,18,19,20,21,22,23,24,25,26,27,28,29	136	135	770	38|10|2|0|3|4|10|12|3|2|4|1
GA	Bostau	LTR	ERVK	ERV2-2B_BT-I	chr16:75706506-75711507+	chr18:47483674-47486786-	57	159	0	2084,2097,2098,2117,2120,2147,2148,2150,2153,2178,2195,2270,2297	2093,2106,2107,2126,2129,2156,2157,2159,2162,2187,2204,2279,2306	2	34,35,36,37,38,39,40,41,42,43,44,45,46	215	214	3074	57|27|1|1|8|4|35|14|2|4|3|3
GA	Bostau	LTR	ERVK	ERV2-2B_BT-I	chr16:75706506-75711507+	chr27:7074882-7079339+	182	290	0	1021,1026,1028,1032,1045,1091,1092,1094,1401,1427,1430,1475,1478,1505,1520,1575,1580,1592,1609,1616,1630,1632,1758,1794,1805,1814,1817,1819,1820,1829,1844,1852,1853,1854,2141,2144,2146,2148,2150,2178,2180,2207,2262,2264,2287,2297,2953,2972,2973,2977,2995,3006,3007,3010,3046,3048,3229,3231,3236,3304,3319,3328,3343,3346,639,664,694,698,717	1029,1034,1036,1040,1053,1098,1099,1101,1420,1446,1449,1494,1497,1524,1539,1594,1599,1611,1628,1635,1649,1651,1777,1813,1824,1833,1836,1838,1839,1848,1863,1871,1872,1873,2162,2165,2167,2169,2171,2199,2201,2228,2283,2285,2308,2318,2965,2984,2985,2989,3007,3018,3019,3022,3059,3061,3257,3259,3264,3336,3351,3360,3375,3378,642,667,697,701,720	9	26,27,28,29,30,39,40,41,42,43,44,45,46,62,63,64,65,66,67,68,71,72,73,74,75,76,77,83,84,85,86,87,88,89,90,91,92,93,94,115,116,117,118,119,120,121,122,123,124,125,126,157,158,159,160,161,162,163,164,165,166,175,176,177,178,179,180,181,182	804	2737	3374	182|31|1|4|10|7|20|16|4|2|7|6
GA	Bostau	LTR	ERVK	ERV2-2B_BT-I	chr16:75706506-75711507+	chr27:7074882-7079339+	79	125	0	3380,3386,3387,3390,3393,3838,3841,3844,3872,3874,3890,3894,3910,3920,3931,3952,3955,3956,4072,4075,4077,4080,4093,4151,4152,4153,4154,4155,4161,4246,4247,4256,4267,4276,4283	3450,3458,3459,3462,3465,3922,3925,3928,3956,3958,3974,3978,3994,4004,4015,4036,4039,4040,4156,4159,4161,4164,4177,4235,4236,4237,4238,4239,4245,4330,4331,4340,4351,4360,4367	5	2,3,4,5,6,36,37,38,39,40,41,42,43,44,45,46,47,48,55,56,57,58,59,63,64,65,66,67,68,74,75,76,77,78,79	206	918	1028	79|12|0|1|6|5|8|10|0|2|1|1
GA	Bostau	LTR	ERVK	ERV2-2B_BT-I	chr16:75706506-75711507+	chr6:27223681-27226437-	59	164	0	1829,1844,1874,1881,1903,2084,2093,2112,2120,2122,2142,2146,2147,2148,2156,2195,2207	1842,1857,1887,1894,1916,2097,2106,2125,2133,2135,2155,2159,2160,2161,2169,2208,2220	2	36,37,38,39,40,43,44,45,46,47,48,49,50,51,52,53,54	199	379	2749	59|31|1|3|8|5|29|11|3|4|5|5
GA	Bostau	LTR	ERVK	ERV2-2B_BT-I	chr16:75706506-75711507+	chr2:6415732-6417957+	40	111	0	2093,2112,2120,2122,2142,2146,2147,2148,2153,2156,2178,2195	2108,2127,2135,2137,2157,2161,2162,2163,2168,2171,2193,2210	1	29,30,31,32,33,34,35,36,37,38,39,40	103	103	2207	40|17|1|2|5|2|28|8|1|4|3|0
GA	Bostau	LTR	ERVK	ERV2-2B_BT-LTR	chr19:50495895-50496290-	chr5:29081186-29081587+	23	49	0	293,294,302,305,326,340,342,48,49,56,58,67,70	299,300,308,311,332,346,348,48,49,56,58,67,70	2	3,4,5,6,7,8,15,16,17,18,19,20,21	73	301	398	23|5|1|0|1|1|5|7|1|1|1|3
GA	Bostau	LTR	ERVK	ERV2-2B_BT-I	chr18:47481391-47483335-	chr27:7074882-7079339+	81	138	0	1080,1081,1082,1083,1089,1184,1186,1189,1195,1204,1211,657,677,683,699,723,760,768,771,774,804,820	3812,3832,3838,3854,3878,3914,3922,3925,3928,3958,3974,4236,4237,4238,4239,4245,4340,4342,4345,4351,4360,4367	4	37,38,39,40,41,42,43,44,45,46,47,63,64,65,66,67,74,75,76,77,78,79	202	556	1206	81|13|1|1|6|4|10|13|0|3|2|4
GA	Bostau	LTR	ERVK	ERV2-2B_BT-I	chr18:47483674-47486786-	chr27:7074882-7079339+	165	301	0	1457,1458,1460,1492,1495,1522,1537,1815,1820,1826,1835,1838,1840,1841,1850,1902,1907,1964,1965,1968,1985,2072,2073,2075,2099,2102,2967,2969,2986,2987,3020,3021,3024,3060,3062,3065,663,704,708,727,742,766,775,778	1459,1460,1462,1494,1497,1524,1539,1813,1818,1824,1833,1836,1838,1839,1848,1900,1905,1974,1975,1978,1995,2084,2085,2087,2111,2114,2965,2967,2984,2985,3018,3019,3022,3059,3061,3064,656,697,701,720,735,759,768,771	6	21,22,23,24,25,26,27,28,63,64,65,66,67,68,69,84,85,86,87,88,89,90,91,96,97,98,99,100,101,107,108,109,110,111,152,153,154,155,156,157,158,159,160,161	460	2409	3078	165|27|1|7|8|6|40|23|3|3|10|8
GA	Bostau	LTR	ERVK	BTLTR1F	chr12:45052943-45054244-	chr18:54747789-54749026+	50	108	0	240,246,247,249,251,788,789,790,795,799,802	242,248,249,251,253,795,796,797,802,806,811	2	12,13,14,15,16,41,42,43,44,45,46	29	570	1037	50|9|1|3|0|3|9|18|2|4|6|3
GA	Bostau	LTR	ERVK	BTLTR1F	chr12:45052943-45054244-	chr18:54743637-54744870+	47	98	0	240,246,247,249,251,672,688,689,710,712,788,789,790,795,799	242,248,249,251,253,675,691,692,713,715,791,792,793,798,802	3	11,12,13,14,15,32,33,34,35,36,39,40,41,42,43	65	561	1032	47|10|1|3|0|3|9|14|4|2|1|4
GA	Bostau	LTR	ERVK	ERV2-1-I_BT	chr10:7066347-7067288-	chr18:54746971-54747787+	72	164	0	432,440,441,444,450,454,461,462,464,483,486,488,497,504,505,888,891,895,901,903	310,318,319,322,328,332,339,340,342,361,364,366,374,381,382,765,768,772,778,780	2	14,15,16,17,18,19,20,21,22,23,24,25,26,27,28,66,67,68,69,70	89	471	808	72|27|1|1|5|9|13|21|4|1|6|4
GA	Bostau	LTR	ERVK	LTR2B_BT	chr1:46717863-46718263-	chr3:99177548-99178326+	21	46	0	144,167,169,172,182,260,270,276,287,307	145,177,179,182,192,270,280,286,297,317	2	7,8,9,10,11,13,14,15,16,17	96	173	394	21|8|0|1|0|1|6|6|0|1|0|2
GA	Bostau	LTR	ERVK	LTR2B_BT	chr1:52529842-52530741-	chr17:70966459-70967241+	33	76	0	176,179,181,216,254,405,420,424,428,444,448,451,458	179,182,184,219,257,405,420,424,428,444,448,451,458	2	4,5,6,7,8,18,19,20,21,22,23,24,25	133	280	624	33|7|2|0|2|3|8|11|4|2|2|2
GA	Bostau	LTR	ERVK	ERV2-2B_BT-LTR	chr20:48568-48972+	chr5:29081186-29081587+	26	43	0	12,273,303,311,314,335,351,48,49,55,57,6,66,69	12,271,300,308,311,332,348,49,50,56,58,6,67,70	2	1,2,3,4,5,6,7,8,18,19,20,21,22,23	143	343	402	26|4|1|2|2|0|2|3|1|0|0|2
GA	Bostau	LTR	ERVK	LTR2B_BT	chr1:52529842-52530741-	chr3:99183795-99184582+	28	69	0	174,176,179,181,189,405,448,451,479,480	179,181,184,186,194,417,465,468,489,490	2	6,7,8,9,10,20,21,22,23,24	90	312	632	28|8|1|2|2|3|10|6|4|1|3|1
GA	Bostau	LTR	ERVK	ERV2-2B_BT-I	chr19:50489627-50495895-	chr27:7074882-7079339+	240	430	0	1586,1603,1620,1627,1641,1643,1816,1825,1828,1830,1831,1840,1855,1863,1864,1865,1932,1938,1966,1967,1970,1987,2398,2407,2414,2423,2426,2490,2491,2552,2596,2626,2965,2984,2985,2989,3007,3018,3019,3022,3060,3078,3082,3096,3100,3117,3436,3437,3438,3440,3443,3940,3960,3976,3982,3986,3997	1594,1611,1628,1635,1649,1651,1824,1833,1836,1838,1839,1848,1863,1871,1872,1873,1940,1946,1974,1975,1978,1995,2409,2418,2425,2434,2437,2501,2502,2552,2596,2626,2965,2984,2985,2989,3007,3018,3019,3022,3061,3079,3083,3097,3101,3118,3456,3457,3458,3460,3463,3958,3978,3994,4000,4004,4015	9	73,74,75,76,77,78,89,90,91,92,93,94,95,96,97,98,100,101,102,103,104,105,126,127,128,129,130,132,133,134,135,136,152,153,154,155,156,157,158,159,160,161,162,163,164,165,176,177,178,179,180,212,213,214,215,216,217	540	2422	4439	240|42|5|10|18|11|42|34|3|9|4|12
GA	Bostau	LTR	ERVK	ERV2-2B_BT-LTR	chr20:55840-56246+	chr5:29081186-29081587+	24	39	0	12,274,312,315,336,352,48,49,57,6,69,72	12,271,308,311,332,348,48,49,56,6,67,70	2	1,2,3,4,5,6,7,18,19,20,21,22	143	343	403	24|3|1|2|1|0|2|3|1|0|0|2
GA	Bostau	LTR	ERVK	BTLTR1F	chr12:60276129-60277132+	chr18:54743637-54744870+	48	100	0	105,123,495,507,512,549,554,681,697,698,718,719,797,798,799,804,808,81,93,94	107,125,504,516,521,542,547,675,691,692,712,713,791,792,793,798,802,83,95,96	4	5,6,7,8,9,27,28,29,30,31,35,36,37,38,39,42,43,44,45,46	138	720	977	48|14|2|2|1|4|7|13|4|1|1|3
GA	Bostau	LTR	ERVK	ERV2-2B_BT-I	chr2:6415732-6417957+	chr28:456824-463075-	44	125	0	138,141,161,168,1759,1773,1776,1804,1809,1814,272	137,140,160,167,1743,1757,1760,1788,1793,1798,271	2	2,3,4,5,6,31,32,33,34,35,36	191	1662	2204	44|12|2|3|1|1|33|17|3|2|4|3
GA	Bostau	LTR	ERVK	ERV2-2B_BT-I	chr2:6415732-6417957+	chr27:7074882-7079339+	116	189	0	1385,1391,1403,1442,1445,1455,1456,1490,1493,1520,1809,1814,1820,1829,1832,1834,1835,1859,1867,1868,1869,1936,1970,1971,1974,1991,696,700,719,734,758,770,783,813	1389,1395,1407,1446,1449,1459,1460,1494,1497,1524,1813,1818,1824,1833,1836,1838,1839,1863,1871,1872,1873,1940,1974,1975,1978,1995,697,701,720,735,759,771,784,814	4	24,25,26,27,28,29,30,31,62,63,64,65,66,67,68,69,70,71,87,88,89,90,91,92,93,94,95,96,97,99,100,101,102,103	371	1299	2218	116|20|0|3|4|1|17|13|2|5|4|4
GA	Bostau	LTR	ERVK	LTR2B_BT	chr1:89251374-89252178+	chr17:70966459-70967241+	36	89	0	290,307,310,311,318,381,382,392,401,416,433,440,447,454,472	296,313,316,317,324,385,386,396,405,420,437,444,451,458,479	3	11,12,13,14,15,17,18,19,20,21,22,23,24,25,26	125	184	783	36|6|3|2|2|2|16|13|0|2|1|6
GA	Bostau	LTR	ERVK	ERV2-2B_BT-I	chr2:6419010-6422481+	chr27:7074882-7079339+	93	176	0	1103,1106,1109,1118,1139,176,195,196,200,218,229,230,233,271,289,293,307,311,328,330,641,647,648,651,654,971,978,980,983,988	2965,2984,2985,2989,3007,3019,3020,3023,3061,3079,3083,3097,3101,3118,3120,3450,3456,3457,3460,3463,3791,3798,3800,3803,3808,3922,3925,3928,3937,3958	5	8,9,10,11,12,13,14,15,16,17,18,19,20,21,22,33,34,35,36,37,58,59,60,61,62,66,67,68,69,70	226	994	1653	93|19|0|7|7|4|16|21|1|2|0|6
GA	Bostau	LTR	ERVK	ERV2-1-I_BT	chr10:26754732-26757891-	chr18:54746971-54747787+	66	149	0	2877,2880,2892,2893,2894,2896,3093,3097,3099,3106,3109,3119	535,538,550,551,552,554,752,756,758,765,768,778	2	41,42,43,44,45,46,60,61,62,63,64,65	47	244	814	66|22|1|3|7|6|16|21|2|1|1|3
GA	Bostau	LTR	ERVK	BTLTR1F	chr13:6009120-6010114-	chrX:38662365-38663561-	35	76	0	308,345,359,363,364,566,599,627,640,641	488,525,539,543,544,757,790,818,831,832	2	11,12,13,14,15,25,26,27,28,29	133	345	1002	35|8|0|0|4|1|8|14|0|3|1|2
GA	Bostau	LTR	ERVK	BTLTR1F	chr13:6009120-6010114-	chr18:54747789-54749026+	39	86	0	221,223,240,244,256,333,345,350,359,364,626,627,628,633,637,640,641	392,394,411,415,427,504,516,521,530,535,795,796,797,802,806,811,812	3	8,9,10,11,12,15,16,17,18,19,31,32,33,34,35,36,37	86	421	922	39|10|1|1|3|4|5|16|1|3|2|1
GA	Bostau	LTR	ERVK	BTLTR1F	chr13:6009120-6010114-	chr18:54743637-54744870+	39	85	0	221,223,240,244,256,333,345,350,359,387,392,439,626,627,628,633,637,641	392,394,411,415,427,504,516,521,530,542,547,594,791,792,793,798,802,805	3	8,9,10,11,12,15,16,17,18,19,20,21,30,31,32,33,34,35	142	414	920	39|13|0|2|3|4|5|10|3|3|1|2
GA	Bostau	LTR	ERVK	LTR2B_BT	chr1:91255107-91255804-	chr17:70966459-70967241+	27	54	0	390,399,414,418,421,431,438,445,452,461,473	396,405,420,424,427,437,444,451,458,467,479	2	17,18,19,20,21,22,23,24,25,26,27	85	84	482	27|5|0|0|0|2|5|7|0|3|2|3
GA	Bostau	LTR	ERVK	BTLTR1F	chr13:6009120-6010114-	chrX:111142319-111143596+	31	84	0	510,526,527,542,551,627,628,637,640,641	696,714,715,730,739,812,813,822,825,826	2	17,18,19,20,21,25,26,27,28,29	59	131	697	31|9|0|2|3|7|12|10|2|0|3|5
GA	Bostau	LTR	ERVK	ERV2-2B_BT-LTR	chr21:675803-676207+	chr27:21120882-21121286-	23	54	0	125,152,159,163,165,35,36,46,56,65	125,152,159,163,165,35,36,46,56,65	2	1,2,3,4,5,8,9,10,11,12	72	131	404	23|15|1|1|0|1|6|3|0|1|1|2
GA	Bostau	LTR	ERVK	ERV2-2B_BT-I	chr2:40931098-40937339-	chr27:7074882-7079339+	238	443	0	1441,1442,1445,1455,1456,1458,1477,1828,1831,1833,1834,1843,1858,1864,1935,1969,1970,1973,1979,1990,2010,2011,2019,2039,2052,2078,2079,2081,2105,2108,2418,2427,2430,2438,2445,2958,2977,2978,2982,3000,3011,3012,3015,3051,3053,3056,3071,3075,3089,3093,3110,4201,4202,4203,4204,4205,695,699,718,733,757,769	1445,1446,1449,1459,1460,1462,1481,1833,1836,1838,1839,1848,1863,1869,1940,1974,1975,1978,1984,1995,2015,2016,2025,2045,2058,2084,2085,2087,2111,2114,2425,2434,2437,2445,2452,2965,2984,2985,2989,3007,3018,3019,3022,3059,3061,3064,3079,3083,3097,3101,3118,4235,4236,4237,4238,4239,697,701,720,735,759,771	10	27,28,29,30,31,32,64,65,66,67,68,69,70,89,90,91,92,93,94,95,101,102,103,104,105,106,107,108,109,110,111,113,114,115,116,117,130,131,132,133,134,158,159,160,161,162,163,164,165,166,167,168,169,170,171,172,173,228,229,230,231,232	488	3543	4440	238|46|5|8|15|14|48|37|4|8|7|13
GA	Bostau	LTR	ERVK	ERV2-2B_BT-LTR	chr21:13785488-13785892-	chr27:21120882-21121286-	22	49	0	125,152,159,163,165,33,35,36,46,56,65	125,152,159,163,165,33,35,36,46,56,65	2	1,2,3,4,5,6,8,9,10,11,12	74	133	404	22|16|0|1|0|1|4|3|0|1|1|0
GA	Bostau	LTR	ERVK	ERV2-2B_BT-I	chr20:48972-54073+	chr5:102132867-102139106+	124	343	0	2168,2172,2173,2174,2182,513,514,516,527,532	2163,2167,2168,2169,2177,505,506,508,520,525	2	8,9,10,11,12,69,70,71,72,73	36	1673	4709	124|54|5|9|14|13|41|51|4|8|9|11
GA	Bostau	LTR	ERVK	BTLTR1F	chr13:6214553-6215735+	chrX:38662365-38663561-	39	97	0	234,255,256,284,321,493,523,537,541,542	236,257,258,286,323,495,525,539,543,544	2	8,9,10,11,12,19,20,21,22,23	138	309	1186	39|16|0|4|2|2|6|18|1|3|0|6
GA	Bostau	LTR	ERVK	ERV2-2B_BT-I	chr20:48972-54073+	chr28:456824-463075-	132	354	0	1762,1770,1807,1815,1820,1825,1902,1957,1967,3725,3737,3743,3779,3788	1735,1743,1780,1788,1793,1798,1874,1929,1939,3702,3714,3720,3756,3765	2	52,53,54,55,56,57,58,59,60,101,102,103,104,105	269	2031	4716	132|56|9|11|12|13|40|48|6|8|13|6
GA	Bostau	LTR	ERVK	ERV2-2B_BT-I	chr20:48972-54073+	chrX:84696589-84701211+	96	274	0	1558,1570,1578,1603,1622,3221,3255,3265,3289,3330,820,822,832,859,869	1553,1565,1573,1598,1617,3205,3239,3249,3273,3314,814,816,826,852,861	3	19,20,21,22,23,41,42,43,44,45,76,77,78,79,80	223	2501	4267	96|42|5|8|10|8|36|47|4|5|9|4
GA	Bostau	LTR	ERVK	ERV2-2B_BT-I	chr20:48972-54073+	chr27:7074882-7079339+	286	490	0	1036,1041,1045,1046,1047,1275,1279,1283,1287,1288,1296,1310,1312,1324,1342,1350,1354,1451,1452,1455,1465,1466,1468,1598,1603,1615,1632,1639,1653,1655,1831,1840,1843,1845,1846,1855,1870,1878,1879,1880,2022,2023,2031,2051,2064,2089,2090,2092,2095,2104,2116,2119,2121,2167,2170,2172,2174,2176,2385,2400,2404,2414,2430,2439,2450,2982,2984,2999,3001,3002,3006,3024,3035,3036,3039,3075,3077,3218,3221,3240,3243,3255,3258,3260,3265,3448,3454,3455,3458,3461,3779,3786,3788,3791,3796,3911,3914,3917,3947,3963,3967,3983,4004,4321,4322,4331,4333,4336,4342,4351,746,770,782,822,823	1029,1034,1038,1039,1040,1269,1273,1277,1281,1282,1290,1304,1306,1318,1336,1344,1348,1445,1446,1449,1459,1460,1462,1594,1599,1611,1628,1635,1649,1651,1824,1833,1836,1838,1839,1848,1863,1871,1872,1873,2016,2017,2025,2045,2059,2084,2085,2087,2090,2099,2111,2114,2116,2162,2165,2167,2169,2171,2380,2395,2399,2409,2425,2434,2445,2965,2967,2982,2984,2985,2989,3007,3018,3019,3022,3059,3061,3202,3205,3224,3227,3254,3257,3259,3264,3450,3456,3457,3460,3463,3791,3798,3800,3803,3808,3922,3925,3928,3958,3974,3978,3994,4015,4330,4331,4340,4342,4345,4351,4360,735,759,771,813,814	17	29,30,31,32,33,47,48,49,50,51,63,64,65,66,67,68,69,70,71,72,73,74,78,79,80,81,82,83,93,94,95,96,97,98,99,109,110,111,112,113,114,115,116,117,118,126,127,128,129,130,132,133,134,135,136,137,138,139,141,142,143,144,145,153,154,155,156,157,158,159,184,185,186,187,188,189,190,191,192,193,194,195,202,203,204,205,206,207,208,209,217,218,219,220,221,245,246,247,248,249,253,254,255,256,257,258,259,260,277,278,279,280,281,282,283	769	3626	4079	286|59|5|11|19|15|28|42|3|5|11|6
GA	Bostau	LTR	ERVK	BTLTR1F	chr13:6214553-6215735+	chr18:54747789-54749026+	46	100	0	493,511,523,528,537,542,813,814,815,820,824,827	486,504,516,521,530,535,795,796,797,802,806,809	2	22,23,24,25,26,27,39,40,41,42,43,44	65	324	1100	46|13|2|1|2|5|4|17|1|3|2|4
GA	Bostau	LTR	ERVK	ERV2-2B_BT-I	chr20:48972-54073+	chr22:57158883-57160536+	57	126	0	1010,1045,1046,1247,1255,1283,1294,1296,1324,1329,1387,1388,983,996	1002,1016,1051,1052,1255,1263,1291,1302,1304,1332,1337,1395,1396,989	2	31,32,33,34,35,42,43,44,45,46,47,48,49,50	206	408	1280	57|18|2|5|3|3|16|14|1|2|5|0
GA	Bostau	LTR	ERVK	ERV2-2B_BT-LTR	chr22:28209-28611-	chr5:29081186-29081587+	26	42	0	12,272,301,309,312,333,349,48,49,56,6,68,71	12,271,300,308,311,332,348,48,49,56,6,67,70	2	1,2,3,4,5,6,7,18,19,20,21,22,23	143	343	401	26|4|1|2|1|0|2|3|1|0|0|2
GA	Bostau	LTR	ERVK	ERV2-2B_BT-LTR	chr22:35438-35839-	chr5:29081186-29081587+	27	43	0	12,271,300,308,311,332,348,48,49,56,58,6,67,70	12,271,300,308,311,332,348,48,49,56,58,6,67,70	2	1,2,3,4,5,6,7,8,19,20,21,22,23,24	143	343	401	27|4|1|2|1|0|2|3|1|0|0|2
GA	Bostau	LTR	ERVK	ERV2-2B_BT-I	chr21:619508-622265+	chr27:7074882-7079339+	150	274	0	1035,1041,1045,1054,1101,1103,1826,1829,1831,1832,1841,2372,2387,2391,2417,2426,2429,2437,857,859,863,865,866	1034,1040,1044,1053,1099,1101,1833,1836,1838,1839,1848,2380,2395,2399,2425,2434,2437,2445,852,854,858,860,861	4	39,40,41,42,43,46,47,48,49,50,51,97,98,99,100,101,133,134,135,136,137,138,139	160	1594	2752	150|34|2|4|5|8|22|25|5|3|8|8
GA	Bostau	LTR	ERVK	ERV2-2B_BT-I	chr21:622302-624096+	chr27:7074882-7079339+	97	187	0	1103,1106,1109,1139,1155,1175,176,193,195,196,200,218,229,230,233,269,411,414,433,436,451,453,641,647,648,651,654,799,803,814,842,857	2965,2982,2984,2985,2989,3007,3019,3020,3023,3059,3202,3205,3238,3241,3257,3259,3450,3458,3459,3462,3465,3615,3619,3630,3658,3673,3922,3925,3928,3958,3974,3994	5	9,10,11,12,13,14,15,16,17,18,24,25,26,27,28,29,37,38,39,40,41,53,54,55,56,57,72,73,74,75,76,77	301	1030	1653	97|23|3|4|7|4|12|23|0|3|5|6
GA	Bostau	LTR	ERVK	ERV2-2B_BT-LTR	chr22:57158489-57158883+	chr5:29081186-29081587+	23	43	0	12,293,301,304,325,341,48,49,56,58,6,67	12,300,308,311,332,348,48,49,56,58,6,67	2	1,2,3,4,5,6,7,16,17,18,19,20	111	343	397	23|7|0|1|1|1|4|4|1|0|0|1
GA	Bostau	LTR	ERVK	ERV2-2B_BT-I	chr21:630051-632665+	chr27:7074882-7079339+	143	261	0	1685,1688,1690,1691,1700,2230,2245,2249,2275,2284,2287,2295,718,720,724,726,727,896,902,906,915,962,964	1034,1040,1044,1053,1099,1101,1833,1836,1838,1839,1848,2380,2395,2399,2425,2434,2437,2445,852,854,858,860,861	4	32,33,34,35,36,39,40,41,42,43,44,90,91,92,93,94,126,127,128,129,130,131,132	160	1594	2610	143|34|2|4|5|7|22|22|4|3|7|8
GA	Bostau	LTR	ERVK	BTLTR1F	chr13:53364773-53366112-	chrX:111142319-111143596+	35	103	0	385,406,423,427,439,689,705,706,721,740,765,810,815,851,869	383,404,421,425,437,696,714,715,730,749,774,820,825,861,879	2	7,8,9,10,11,17,18,19,20,21,22,23,24,25,26	239	497	1264	35|19|0|2|2|6|15|18|3|2|0|1
GA	Bostau	LTR	ERVK	BTLTR1F	chr13:53364773-53366112-	chrX:108852246-108853505+	36	101	0	385,406,423,427,439,681,689,705,706,740,765	385,406,423,427,439,673,683,705,706,740,765	2	8,9,10,11,12,19,20,21,22,23,24	148	381	1261	36|21|0|1|1|6|14|16|5|1|0|0
GA	Bostau	LTR	ERVK	ERV2-2B_BT-I	chr21:632702-634495+	chr27:7074882-7079339+	99	191	0	176,193,195,196,200,218,229,230,233,269,411,414,433,436,451,453,641,647,648,651,654,799,803,814,842,857,907,912,917,920,921	2965,2982,2984,2985,2989,3007,3019,3020,3023,3059,3202,3205,3238,3241,3257,3259,3450,3458,3459,3462,3465,3615,3619,3630,3658,3673,3723,3728,3733,3736,3737	5	9,10,11,12,13,14,15,16,17,18,24,25,26,27,28,29,37,38,39,40,41,53,54,55,56,57,59,60,61,62,63	243	773	1653	99|23|3|4|9|4|13|22|1|2|4|7
GA	Bostau	LTR	ERVK	ERV2-2B_BT-LTR	chr24:49259164-49259567-	chr27:21120882-21121286-	26	54	0	215,246,257,275,288,33,35,36,37,46,56,65,68	216,247,258,276,289,33,35,36,37,46,56,65,68	2	1,2,3,4,5,6,7,8,15,16,17,18,19	110	257	403	26|15|0|4|0|0|3|1|1|2|2|0
GA	Bostau	LTR	ERVK	ERV2-2B_BT-LTR	chr24:49259164-49259567-	chr5:29081186-29081587+	30	66	0	301,302,310,313,334,36,37,46,47,54,56,65,68	299,300,308,311,332,38,39,48,49,56,58,67,70	2	2,3,4,5,6,7,8,9,21,22,23,24,25	67	295	402	30|9|0|4|1|3|6|6|1|3|1|2
GA	Bostau	LTR	ERVK	LTR2C_BT	chr11:13080870-13081671-	chr7:9007497-9008387-	23	44	0	544,565,570,574,577,627,636,672,683,692	632,653,658,662,665,716,725,761,772,781	2	11,12,13,14,15,17,18,19,20,21	100	150	590	23|4|0|4|3|2|2|2|1|0|0|3
GA	Bostau	LTR	ERVK	ERV2-2B_BT-I	chr22:30361-35438-	chr5:102132867-102139106+	123	340	0	2160,2164,2165,2166,2174,513,514,516,528,533	2163,2167,2168,2169,2177,505,506,508,520,525	2	8,9,10,11,12,69,70,71,72,73	36	1673	4696	123|54|5|11|13|10|43|51|4|8|8|10
GA	Bostau	LTR	ERVK	ERV2-2B_BT-I	chr22:30361-35438-	chr28:456824-463075-	133	352	0	1754,1762,1799,1807,1812,1817,1894,1949,1959,3713,3725,3731,3767,3776	1735,1743,1780,1788,1793,1798,1874,1929,1939,3702,3714,3720,3756,3765	2	53,54,55,56,57,58,59,60,61,101,102,103,104,105	269	2031	4703	133|56|8|11|11|11|41|49|6|8|13|5
GA	Bostau	LTR	ERVK	ERV2-2B_BT-I	chr22:30361-35438-	chrX:84696589-84701211+	97	276	0	1553,1565,1573,1598,1617,3211,3245,3255,3279,3320,819,821,831,857,866	1553,1565,1573,1598,1617,3205,3239,3249,3273,3314,814,816,826,852,861	3	20,21,22,23,24,42,43,44,45,46,76,77,78,79,80	223	2501	4256	97|43|5|8|8|8|38|47|4|4|10|4
GA	Bostau	LTR	ERVK	ERV2-2B_BT-I	chr22:30361-35438-	chr27:7074882-7079339+	289	490	0	1033,1038,1042,1043,1044,1057,1059,1269,1273,1277,1281,1282,1290,1304,1306,1318,1336,1344,1348,1445,1446,1449,1459,1460,1462,1593,1598,1610,1627,1634,1648,1650,1823,1832,1835,1837,1838,1847,1862,1870,1871,1872,2014,2015,2023,2043,2056,2081,2082,2084,2087,2096,2108,2111,2113,2159,2162,2164,2166,2168,2374,2389,2393,2403,2419,2428,2439,2972,2974,2989,2991,2992,2996,3014,3025,3026,3029,3065,3067,3208,3211,3230,3233,3245,3248,3250,3255,3437,3443,3444,3447,3450,3767,3774,3776,3779,3784,3899,3902,3905,3935,3951,3955,3971,3992,4306,4307,4316,4318,4321,4327,4336,745,769,781,821,822	1029,1034,1038,1039,1040,1053,1055,1269,1273,1277,1281,1282,1290,1304,1306,1318,1336,1344,1348,1445,1446,1449,1459,1460,1462,1594,1599,1611,1628,1635,1649,1651,1824,1833,1836,1838,1839,1848,1863,1871,1872,1873,2016,2017,2025,2045,2059,2084,2085,2087,2090,2099,2111,2114,2116,2162,2165,2167,2169,2171,2380,2395,2399,2409,2425,2434,2445,2965,2967,2982,2984,2985,2989,3007,3018,3019,3022,3059,3061,3202,3205,3224,3227,3254,3257,3259,3264,3450,3456,3457,3460,3463,3791,3798,3800,3803,3808,3922,3925,3928,3958,3974,3978,3994,4015,4330,4331,4340,4342,4345,4351,4360,735,759,771,813,814	17	30,31,32,33,34,48,49,50,51,52,53,54,64,65,66,67,68,69,70,71,72,73,74,75,79,80,81,82,83,84,94,95,96,97,98,99,100,110,111,112,113,114,115,116,117,118,119,127,128,129,130,131,133,134,135,136,137,138,139,140,142,143,144,145,146,154,155,156,157,158,159,160,185,186,187,188,189,190,191,192,193,194,195,196,203,204,205,206,207,208,209,210,218,219,220,221,222,247,248,249,250,251,255,256,257,258,259,260,261,262,280,281,282,283,284,285,286	784	3626	4070	289|58|6|9|17|13|29|42|5|5|10|7
GA	Bostau	LTR	ERVK	ERV2-2B_BT-I	chr22:30361-35438-	chr22:57158883-57160536+	58	127	0	1007,1042,1043,1059,1080,1241,1249,1277,1288,1290,1318,1323,1381,1382,980,993	1002,1016,1051,1052,1068,1089,1255,1263,1291,1302,1304,1332,1337,1395,1396,989	2	32,33,34,35,36,37,38,43,44,45,46,47,48,49,50,51	243	408	1277	58|18|2|5|2|3|17|14|1|2|5|0
GA	Bostau	LTR	ERVK	LTR2B_BT	chr1:107127373-107127752+	chr17:70957350-70958133+	20	35	0	270,280,286,297,314,317,318,358,363,366	268,278,284,295,312,315,316,356,361,364	1	11,12,13,14,15,16,17,18,19,20	97	97	378	20|2|1|0|0|0|5|5|0|1|1|0
GA	Bostau	LTR	ERVK	LTR2B_BT	chr1:107127373-107127752+	chr2:56229256-56230020+	26	36	0	219,235,257,270,286,297,300,313,314,317,72,76,83,87,97	219,235,257,270,286,297,300,313,314,317,72,76,83,87,97	2	3,4,5,6,7,13,14,15,16,17,18,19,20,21,22	125	246	365	26|3|1|0|0|0|3|1|0|1|1|0
GA	Bostau	LTR	ERVK	ERV2-2B_BT-I	chr22:57158883-57160536+	chr27:7074882-7079339+	74	137	0	1460,1463,1474,1495,1508,1511,1538,26,28,29,45,63,7,715,719,738,753,777,786,789,799	1446,1449,1460,1481,1494,1497,1524,25,27,28,44,62,697,7,701,720,735,759,768,771,781	3	1,2,3,4,5,6,23,24,25,26,27,28,29,30,59,60,61,62,63,64,65	220	1518	1646	74|11|3|1|7|1|22|10|1|1|2|4
GA	Bostau	LTR	ERVK	ERV2-2B_BT-I	chr22:57160536-57161711+	chr27:7074882-7079339+	71	117	0	246,249,251,252,261,428,429,437,457,470,481,495,496,498,522,525,527,806,810,820,836,845	1833,1836,1838,1839,1848,2016,2017,2025,2045,2059,2070,2084,2085,2087,2111,2114,2116,2395,2399,2409,2425,2434	4	17,18,19,20,21,32,33,34,35,36,37,38,39,40,41,42,43,56,57,58,59,60	158	602	1165	71|18|0|3|1|3|10|7|2|1|1|0
GA	Bostau	LTR	ERVK	ERV2-2B_BT-I	chr22:57161748-57164493+	chr27:7074882-7079339+	110	182	0	1177,1183,1187,1193,1198,1418,1419,1420,1421,1422,1513,1514,1523,1525,1528,1534,1543,176,178,195,196,200,230,231,233,270,272,275,290,294,308,312,329,413,416,435,438,453,455,460,496,753,760,801,805,816,844,853,859,909,914,919,922,923	2965,2967,2984,2985,2989,3020,3021,3023,3059,3061,3064,3079,3083,3097,3101,3118,3202,3205,3238,3241,3257,3259,3264,3300,3567,3574,3615,3619,3630,3658,3667,3673,3723,3728,3733,3736,3737,3994,4000,4004,4010,4015,4235,4236,4237,4238,4239,4330,4331,4340,4342,4345,4351,4360	8	9,10,11,12,13,14,15,16,17,18,19,20,21,22,23,24,25,26,27,28,29,30,31,32,51,52,53,54,55,56,57,58,60,61,62,63,64,81,82,83,84,85,95,96,97,98,99,103,104,105,106,107,108,109	518	1396	1653	110|20|1|1|7|3|14|19|0|2|0|5
GA	Bostau	LTR	ERVK	BTLTR1F	chr14:283500-284670-	chr18:54747789-54749026+	45	114	0	498,510,515,524,529,800,801,802,807,811,814	504,516,521,530,535,795,796,797,802,806,811	2	23,24,25,26,27,38,39,40,41,42,43	49	308	1094	45|15|4|5|2|5|7|22|2|2|3|2
GA	Bostau	LTR	ERVK	BTLTR1F	chr14:283500-284670-	chr18:54743637-54744870+	46	114	0	498,510,515,524,529,557,800,801,802,807,811	504,516,521,530,535,547,791,792,793,798,802	2	23,24,25,26,27,28,38,39,40,41,42	56	299	1092	46|18|3|6|2|5|7|18|5|1|1|2
GA	Bostau	LTR	ERVK	ERV2-2B_BT-LTR	chr26:20172352-20172753+	chr5:29081186-29081587+	26	45	0	12,300,308,311,332,348,48,49,56,58,67,70,76,82	12,300,308,311,332,348,48,49,56,58,67,70,76,82	2	2,3,4,5,6,7,8,9,10,19,20,21,22,23	120	337	401	26|3|0|2|1|1|4|5|1|1|0|1
GA	Bostau	LTR	ERVK	ERV2-2B_BT-I	chr24:53816397-53821463+	chr5:102132867-102139106+	109	307	0	2096,2098,2115,2123,2125,2145,2149,2150,2151,2159,2198,2210	2114,2116,2133,2141,2143,2163,2167,2168,2169,2177,2216,2228	1	46,47,48,49,50,51,52,53,54,55,56,57	115	115	5059	109|43|3|9|11|6|38|56|9|10|2|11
GA	Bostau	LTR	ERVK	ERV2-2B_BT-I	chr24:53816397-53821463+	chr7:68530762-68535473+	87	256	0	1312,1317,1335,1368,1375,1376,1689,1700,1739,1755,1784	125,132,133,456,467,506,522,551,69,74,92	2	5,6,7,8,9,10,17,18,19,20,21	161	483	3772	87|37|2|11|2|9|42|42|5|3|5|11
GA	Bostau	LTR	ERVK	ERV2-2B_BT-I	chr24:53816397-53821463+	chr27:7074882-7079339+	281	445	0	1022,1027,1031,1032,1033,1263,1267,1271,1275,1276,1298,1300,1312,1330,1335,1342,1375,1414,1440,1443,1446,1453,1454,1456,1465,1488,1491,1733,1739,1761,1784,1797,1802,1808,1817,1820,1822,1823,1832,1847,1855,1856,1857,1877,1884,1889,1924,1958,1959,1962,2052,2066,2067,2069,2093,2096,2098,2123,2144,2147,2149,2151,2153,2183,2362,2377,2381,2407,2416,2419,28,29,3072,3076,3090,3094,3111,3113,3195,3217,3220,3232,3237,3242,3310,3534,3541,3586,3597,3616,3625,3640,3690,3695,3700,3703,3704,3754,3761,3763,3766,3768,3771,3918,3934,3938,3954,3964,3975,3999,4000,45,63,666,69,696,700,719,734,757,758,767,770	1029,1034,1038,1039,1040,1269,1273,1277,1281,1282,1304,1306,1318,1336,1341,1348,1381,1420,1446,1449,1452,1459,1460,1462,1471,1494,1497,1749,1755,1777,1800,1813,1818,1824,1833,1836,1838,1839,1848,1863,1871,1872,1873,1893,1900,1905,1940,1974,1975,1978,2070,2084,2085,2087,2111,2114,2116,2141,2162,2165,2167,2169,2171,2201,2380,2395,2399,2425,2434,2437,27,28,3079,3083,3097,3101,3118,3120,3202,3224,3227,3254,3259,3264,3336,3567,3574,3619,3630,3649,3658,3673,3723,3728,3733,3736,3737,3791,3798,3800,3803,3805,3808,3958,3974,3978,3994,4004,4015,4039,4040,44,62,667,68,697,701,720,735,758,759,768,771	17	2,3,4,5,6,25,26,27,28,29,30,31,32,33,40,41,42,43,44,59,60,61,62,63,64,65,66,67,68,69,70,73,74,75,76,77,78,79,80,81,82,99,100,101,102,103,104,105,106,107,108,109,110,111,112,113,114,115,116,117,118,119,120,121,127,128,129,130,131,132,133,134,135,136,137,138,139,140,146,147,148,149,150,151,191,192,193,194,195,196,197,198,199,200,201,202,203,219,220,221,222,223,224,225,227,228,229,230,231,234,235,236,237,238,239,247,248,249,250,251,252,253,254	1255	4014	4440	281|39|2|9|17|7|28|39|6|4|4|9
GA	Bostau	LTR	ERVK	ERV2-2B_BT-I	chr24:53816397-53821463+	chr6:27223681-27226437-	76	185	0	1739,1758,1784,1802,1832,1847,1877,1884,1906,2096,2098,2115,2123,2125,2145,2149,2150,2151,2159	1749,1768,1794,1812,1842,1857,1887,1894,1916,2106,2108,2125,2133,2135,2155,2159,2160,2161,2169	2	47,48,49,50,51,52,53,54,55,59,60,61,62,63,64,65,66,67,68	232	421	2751	76|31|0|5|9|4|23|18|4|3|4|8
GA	Bostau	LTR	ERVK	ERV2-2B_BT-I	chr24:53816397-53821463+	chr3:27220580-27222770+	47	117	0	1300,1312,1317,1342,1414,1446,1465,2120,2123,2144,2150,2151,2153,2156	1297,1309,1314,1339,1411,1443,1462,2127,2130,2151,2157,2158,2160,2163	2	24,25,26,27,28,29,30,41,42,43,44,45,46,47	203	867	2186	47|16|0|6|3|2|16|17|1|2|0|7
GA	Bostau	LTR	ERVK	ERV2-2B_BT-I	chr24:53816397-53821463+	chr5:59546075-59548252+	62	181	0	1747,1758,1761,1776,1784,1792,1797,1802,1817,2096,2098,2100,2101,2119,2120	1755,1766,1769,1784,1792,1800,1805,1810,1825,2102,2104,2106,2107,2125,2126	2	39,40,41,42,43,44,45,46,47,54,55,56,57,58,59	96	372	2165	62|31|1|4|7|4|26|28|3|4|4|7
GA	Bostau	LTR	ERVK	ERV2-2B_BT-I	chr24:53816397-53821463+	chr5:59487668-59489379+	60	157	0	1747,1758,1761,1776,1784,1792,1797,1802,2096,2098,2100,2101,2113,2119,2120	1287,1298,1301,1316,1324,1332,1337,1342,1636,1638,1640,1641,1653,1659,1660	2	35,36,37,38,39,40,41,42,51,52,53,54,55,56,57	81	374	1696	60|21|1|5|7|2|18|26|5|2|5|5
GA	Bostau	LTR	ERVK	ERV2-2B_BT-LTR	chr28:456423-456824-	chr5:29081186-29081587+	21	38	0	48,49,56,6,67,70,76,82,89,94	48,49,56,6,67,70,76,82,89,94	1	1,2,3,4,5,6,7,8,9,10	89	89	401	21|2|3|0|1|0|3|6|1|0|0|1
GA	Bostau	LTR	ERVK	ERV2-2B_BT-LTR	chr28:463077-463477-	chr5:29081186-29081587+	24	37	0	297,301,309,312,333,347,349,48,49,56,67,70,76,82	296,300,308,311,332,346,348,48,49,56,67,70,76,82	2	3,4,5,6,7,8,9,16,17,18,19,20,21,22	88	301	396	24|3|0|0|1|0|2|6|0|0|0|1
GA	Bostau	LTR	ERVK	BTLTR1F	chr14:49967738-49968903+	chrX:38662365-38663561-	37	107	0	642,675,678,684,685,690,791,804,821,836,839	656,689,692,698,699,704,818,831,855,870,873	2	24,25,26,27,28,29,31,32,33,34,35	105	218	1175	37|12|1|4|3|3|13|16|1|6|3|8
GA	Bostau	LTR	ERVK	BTLTR1F	chr14:49967738-49968903+	chr18:54747789-54749026+	43	101	0	548,557,560,568,642,659,685,686,690,701,702,790,791,792,797,801,804	543,552,555,563,628,645,678,679,683,695,696,795,796,797,802,806,809	3	23,24,25,26,27,28,29,30,31,32,33,36,37,38,39,40,41	170	267	1069	43|9|4|2|2|4|6|17|2|4|5|3
GA	Bostau	LTR	ERVK	BTLTR1F	chr14:49967738-49968903+	chr18:54743637-54744870+	44	102	0	509,521,540,568,615,678,684,685,686,690,702,703,790,791,792,797,801	504,516,535,547,594,665,673,674,675,679,691,692,791,792,793,798,802	3	20,21,22,23,24,27,28,29,30,31,32,33,36,37,38,39,40	131	299	1075	44|13|1|4|3|4|7|13|3|3|3|4
GA	Bostau	LTR	ERVK	ERV2-2B_BT-I	chr25:38560925-38564389-	chr27:7074882-7079339+	122	200	0	1416,1418,1419,1420,1426,1511,1512,1521,1523,1526,1532,1541,1548,195,196,200,218,229,230,233,289,293,307,311,330,344,412,415,434,437,452,454,641,647,648,651,654,907,912,917,920,921,971,978,980,983,985,988	2984,2985,2989,3007,3019,3020,3023,3079,3083,3097,3101,3120,3134,3202,3205,3238,3241,3257,3259,3450,3458,3459,3462,3465,3723,3728,3733,3736,3737,3791,3798,3800,3803,3805,3808,4235,4237,4238,4239,4245,4330,4331,4340,4342,4345,4351,4360,4367	7	9,10,11,12,13,14,15,18,19,20,21,22,23,24,25,26,27,28,29,38,39,40,41,42,63,64,65,66,67,71,72,73,74,75,76,103,104,105,106,107,112,113,114,115,116,117,118,119	319	1384	1653	122|23|1|4|9|4|6|21|0|3|1|6
GA	Bostau	LTR	ERVK	ERV2-2B_BT-I	chr25:38564426-38567215-	chr27:7074882-7079339+	130	218	0	1057,1062,1068,1081,1128,1130,1298,1302,1306,1310,1311,1474,1475,1478,1488,1489,1491,1510,1623,1640,1657,1664,1678,1680,1853,1862,1865,1867,1868,1877,1892,2110,2111,2113,2116,2137,2140,2142	1029,1034,1040,1053,1099,1101,1269,1273,1277,1281,1282,1445,1446,1449,1459,1460,1462,1481,1594,1611,1628,1635,1649,1651,1824,1833,1836,1838,1839,1848,1863,2084,2085,2087,2090,2111,2114,2116	6	13,14,15,16,17,18,27,28,29,30,31,44,45,46,47,48,49,50,59,60,61,62,63,64,75,76,77,78,79,80,81,98,99,100,101,102,103,104	255	1088	2021	130|28|0|4|9|6|12|14|4|2|5|4
GA	Bostau	LTR	ERVK	LTR2B_BT	chr1:130206052-130206852+	chr2:56229256-56230020+	50	119	0	101,292,295,308,309,312,68,72,87,91	297,300,313,314,317,68,72,83,87,97	2	3,4,5,6,7,18,19,20,21,22	51	250	774	50|11|7|3|1|8|13|13|2|3|5|3
GA	Bostau	LTR	ERVK	BTLTR1F	chr14:53979821-53981114-	chr18:54743637-54744870+	41	92	0	395,397,414,418,430,463,775,776,777,782,786	392,394,411,415,427,461,791,792,793,798,802	2	12,13,14,15,16,17,32,33,34,35,36	82	411	1028	41|11|2|2|3|4|2|15|5|2|1|4
GA	Bostau	LTR	ERVK	BTLTR1F	chr14:53979821-53981114-	chr18:54747789-54749026+	42	97	0	395,397,414,418,430,463,775,776,777,782,786	392,394,411,415,427,461,795,796,797,802,808	2	13,14,15,16,17,18,32,33,34,35,36	84	417	1036	42|8|2|2|2|6|3|19|4|2|5|2
GA	Bostau	LTR	ERVK	LTR2B_BT	chr1:142433679-142434465-	chr17:70957350-70958133+	40	81	0	280,286,297,314,317,318,447,451,461,470,482,487,492,494	278,284,295,312,315,316,445,449,459,468,480,485,490,492	2	12,13,14,15,16,17,24,25,26,27,28,29,30,31	87	215	781	40|7|0|3|1|0|13|13|0|1|1|2
GA	Bostau	LTR	ERVK	LTR2B_BT	chr1:142433679-142434465-	chr17:70966459-70967241+	41	85	0	280,286,297,314,317,318,423,427,431,447,451,454,461,470,482,492,494	279,285,296,313,316,317,420,424,428,444,448,451,458,467,479,489,491	2	9,10,11,12,13,14,21,22,23,24,25,26,27,28,29,30,31	111	213	776	41|6|1|3|2|1|12|14|0|2|1|2
GA	Bostau	LTR	ERVK	BTLTR1F	chr14:78653245-78654389+	chr18:54747789-54749026+	58	127	0	194,200,211,242,243,245,247,484,486,496,501,515,523,532,535,776,777,778,783,787	209,215,226,248,249,251,253,504,506,516,521,535,543,552,555,795,796,797,804,808	3	11,12,13,14,15,16,17,29,30,31,32,33,34,35,36,48,49,50,51,52	111	600	1087	58|16|3|4|5|4|5|17|3|4|6|2
GA	Bostau	LTR	ERVK	LTR2B_BT	chr1:142433679-142434465-	chr2:56229256-56230020+	55	105	0	286,297,300,313,314,317,611,613,614,616,619	286,297,300,313,314,317,602,604,605,607,610	2	21,22,23,24,25,26,47,48,49,50,51	41	325	772	55|8|5|2|2|5|12|9|0|0|3|4
GA	Bostau	LTR	ERVK	BTLTR1F	chr14:79783389-79784561+	chr18:54747789-54749026+	55	129	0	399,401,418,422,424,550,551,559,562,570,804,805,810,814,817	392,394,411,415,417,543,544,552,555,563,796,797,802,806,811	3	18,19,20,21,22,34,35,36,37,38,47,48,49,50,51	63	420	1107	55|23|4|4|3|6|3|18|1|3|5|4
GA	Bostau	LTR	ERVK	ERV2-2B_BT-I	chr28:1655582-1656704-	chr5:59487668-59489379+	31	83	0	436,447,450,465,473,481,784,788,789,801,807	1287,1298,1301,1316,1324,1332,1636,1640,1641,1653,1659	2	11,12,13,14,15,16,26,27,28,29,30	70	373	850	31|9|0|4|2|3|14|12|2|1|4|1
GA	Bostau	LTR	ERVK	ERV2-2B_BT-LTR	chr3:32486112-32486506+	chr5:29081186-29081587+	24	43	0	12,293,301,304,325,341,48,49,56,58,6,67,70	12,300,308,311,332,348,48,49,56,58,6,67,70	2	1,2,3,4,5,6,7,8,17,18,19,20,21	114	343	397	24|3|0|0|0|1|6|7|1|0|0|1
GA	Bostau	LTR	ERVK	ERV2-2B_BT-I	chr28:3327140-3332245+	chr5:102132867-102139106+	148	380	0	2155,2163,2165,2185,2189,2190,2191,2199,3235,3238,3244,3272,3282,527,528,530,542,547	2133,2141,2143,2163,2167,2168,2169,2177,3213,3216,3222,3250,3260,505,506,508,520,525	3	25,26,27,28,29,80,81,82,83,84,85,86,87,107,108,109,110,111	114	2756	5078	148|57|9|9|12|14|47|58|6|9|3|8
GA	Bostau	LTR	ERVK	ERV2-2B_BT-I	chr28:3327140-3332245+	chr6:27223681-27226437-	105	249	0	1778,1797,1823,1841,1871,1886,1916,2155,2163,2165,2185,2189,2190,2191,2199	1749,1768,1794,1812,1842,1857,1887,2125,2133,2135,2155,2159,2160,2161,2169	2	75,76,77,78,79,80,81,90,91,92,93,94,95,96,97	184	421	2771	105|43|6|6|7|11|26|28|4|2|4|7
GA	Bostau	LTR	ERVK	ERV2-2B_BT-I	chr28:3327140-3332245+	chr5:59546075-59548252+	92	248	0	138,141,145,147,161,1786,1797,1800,1815,1823,1831,1836,1841,1856,875,884,892,897,904,908	137,140,144,146,160,1755,1766,1769,1784,1792,1800,1805,1810,1825,846,855,863,868,875,879	3	2,3,4,5,6,38,39,40,41,42,43,68,69,70,71,72,73,74,75,76	129	1689	2185	92|43|7|5|6|12|29|35|2|4|5|8
GA	Bostau	LTR	ERVK	ERV2-2B_BT-I	chr28:3327140-3332245+	chr7:9306828-9308959+	72	192	0	1778,1786,1797,1800,1815,1823,875,884,892,904,908	1699,1707,1718,1721,1736,1744,795,804,812,824,828	2	18,19,20,21,22,50,51,52,53,54,55	80	950	1765	72|36|5|5|4|7|23|26|1|3|5|5
GA	Bostau	LTR	ERVK	ERV2-2B_BT-I	chr28:3327140-3332245+	chr5:59487668-59489379+	71	185	0	1786,1797,1800,1815,1823,1831,1836,1841,875,884,888,892,904,908	1287,1298,1301,1316,1324,1332,1337,1342,378,387,391,395,407,411	2	15,16,17,18,19,20,45,46,47,48,49,50,51,52	90	965	1702	71|28|4|7|5|7|20|30|4|1|5|3
GA	Bostau	LTR	ERVK	ERV2-2B_BT-I	chr28:3327140-3332245+	chr6:3215636-3216499+	39	70	0	265,267,274,278,279,282,286,736,743,762,786,798,814,837,840	263,265,272,276,277,280,284,733,740,759,783,795,811,835,838	2	11,12,13,14,15,16,17,31,32,33,34,35,36,37,38	128	576	863	39|12|3|0|2|0|7|6|0|1|0|0
GA	Bostau	LTR	ERVK	ERV2-2B_BT-LTR	chr3:103133268-103133669+	chr5:29081186-29081587+	24	50	0	299,300,308,311,332,348,48,49,56,58,67,70	299,300,308,311,332,348,48,49,56,58,67,70	2	2,3,4,5,6,7,16,17,18,19,20,21	73	301	401	24|5|1|0|0|1|6|7|2|1|1|2
GA	Bostau	LTR	ERVK	LTR2B_BT	chr10:50519790-50520577+	chrX:121981727-121982513+	29	69	0	435,446,450,454,460,469,555,561,576,579,581	436,448,452,456,462,471,557,563,578,581,583	2	14,15,16,17,18,19,23,24,25,26,27	63	148	783	29|12|3|2|2|2|7|9|2|0|0|1
GA	Bostau	LTR	ERVK	LTR2B_BT	chr10:50519790-50520577+	chr17:70966459-70967241+	42	75	0	296,313,316,317,346,357,359,362,387,388,398,407,422,426,430,435,446,450,460,469,481,483,493	296,313,316,317,346,357,359,362,385,386,396,405,420,424,428,433,444,448,458,467,479,481,491	2	11,12,13,14,15,16,17,18,19,20,21,22,23,24,25,26,27,28,29,30,31,32,33	197	196	779	42|7|3|0|1|0|6|10|2|3|0|1
GA	Bostau	LTR	ERVK	LTR2B_BT	chr10:50519790-50520577+	chr17:70957350-70958133+	42	78	0	296,313,316,317,346,357,359,362,460,469,481,483,486,493	295,312,315,316,345,356,358,361,459,468,480,482,485,492	2	15,16,17,18,19,20,21,22,29,30,31,32,33,34	101	198	780	42|8|3|1|1|0|9|8|3|2|0|1
GA	Bostau	LTR	ERVK	LTR2B_BT	chr10:50519790-50520577+	chr11:92044211-92044970-	26	64	0	313,316,346,359,362,388,398,419,435,460,464,482,483,508	288,291,321,334,337,363,373,394,410,435,439,457,458,483	2	8,9,10,11,12,13,14,15,16,17,18,19,20,21	197	196	768	26|9|3|2|2|4|6|6|3|0|0|3
GA	Bostau	LTR	ERVK	LTR2B_BT	chr10:50519790-50520577+	chr2:56229256-56230020+	54	97	0	179,182,187,191,205,296,299,312,313,316	179,182,188,192,206,297,300,313,314,317	2	13,14,15,16,17,22,23,24,25,26	49	139	770	54|11|6|1|0|6|6|7|3|0|1|2
GA	Bostau	LTR	ERVK	BTLTR1F	chr15:881018-882330-	chrX:38662365-38663561-	40	112	0	103,105,797,81,810,827,84,842,845,93	106,108,818,831,84,855,87,870,873,96	2	4,5,6,7,8,35,36,37,38,39	81	790	1046	40|12|2|3|2|7|13|17|0|4|3|9
GA	Bostau	LTR	ERVK	ERV2-2B_BT-LTR	chr4:74096346-74096750+	chr5:29081186-29081587+	31	68	0	302,303,311,314,316,36,46,47,54,56,65,68	299,300,308,311,313,38,48,49,56,58,67,70	2	2,3,4,5,6,7,8,22,23,24,25,26	48	276	402	31|9|0|2|2|4|6|8|1|2|1|2
GA	Bostau	LTR	ERVK	BTLTR1F	chr15:881018-882330-	chr18:54747789-54749026+	52	123	0	204,210,221,244,252,253,796,797,798,803,807,810	209,215,226,240,248,249,795,796,797,802,806,811	2	10,11,12,13,14,15,41,42,43,44,45,46	58	603	1046	52|13|4|3|0|5|9|21|2|3|8|3
GA	Bostau	LTR	ERVK	BTLTR1F	chr15:881018-882330-	chr18:54743637-54744870+	50	117	0	105,123,204,210,221,244,252,253,796,797,798,803,807,81,93,94	107,125,209,215,226,240,248,249,791,792,793,798,802,83,95,96	3	4,5,6,7,8,10,11,12,13,14,15,41,42,43,44,45	96	720	1037	50|16|2|4|0|5|9|17|4|2|4|4
GA	Bostau	LTR	ERVK	BTLTR1F	chr15:1680812-1681978+	chr18:54747789-54749026+	52	102	0	208,214,225,237,239,247,248,250,252,391,393,410,414,426,795,796,797,802,806,809	209,215,226,238,240,248,249,251,253,392,394,411,415,427,795,796,797,802,806,809	3	7,8,9,10,11,12,13,14,15,21,22,23,24,25,44,45,46,47,48,49	96	601	1091	52|10|2|2|1|3|3|17|4|2|4|2
GA	Bostau	LTR	ERVK	BTLTR1F	chr15:1680812-1681978+	chr18:54743637-54744870+	53	100	0	208,214,225,237,239,247,248,250,252,391,393,410,414,426,460,515,534,562,609,669,680,695,696,697,795,796,797,802,806	209,215,226,238,240,248,249,251,253,392,394,411,415,427,461,516,535,547,594,654,674,691,692,693,791,792,793,798,802	5	7,8,9,10,11,12,13,14,15,21,22,23,24,25,27,28,29,30,31,34,35,36,37,38,44,45,46,47,48	267	594	1089	53|14|1|2|2|3|3|11|5|2|2|2
GA	Bostau	LTR	ERVK	ERV2-1-I_BT	chr11:56576364-56577672-	chrX:38660997-38661334-	26	49	0	186,208,210,212,220,298,299,300,301,310	156,157,158,159,168,44,66,68,70,78	2	3,4,5,6,7,13,14,15,16,17	48	125	335	26|9|1|0|1|1|7|2|0|1|1|0
GA	Bostau	LTR	ERVK	LTR2B_BT	chr11:16440519-16440925+	chr17:70957350-70958133+	19	35	0	178,181,218,256,269,296,313,316,317,346,357	178,181,218,255,268,295,312,315,316,345,356	2	7,8,9,10,11,14,15,16,17,18,19	153	179	383	19|3|0|1|0|0|3|8|0|1|0|0
GA	Bostau	LTR	ERVK	ERV2-1-I_BT	chr11:78056359-78057273-	chr18:54746971-54747787+	60	152	0	440,448,449,452,458,462,469,470,472,491,494,496,505,512,513	310,318,319,322,328,332,339,340,342,361,364,366,374,381,382	2	15,16,17,18,19,20,21,22,23,24,25,26,27,28,29	74	73	668	60|24|2|2|5|10|15|22|1|2|3|6
GA	Bostau	LTR	ERVK	LTR2B_BT	chr11:16441934-16442347+	chr17:70966459-70967241+	21	46	0	18,22,26,3,31,35,42,48,55,64,76	405,420,424,428,433,437,444,451,458,467,479	1	1,2,3,4,5,6,7,8,9,10,11	75	75	391	21|4|6|2|2|4|2|2|0|0|1|2
GA	Bostau	LTR	ERVK	ERV2-2B_BT-I	chr4:74090773-74094651+	chr6:27223681-27226437-	40	94	0	573,599,617,647,662,692,721,907,926,936,956,960,961,962	1768,1794,1812,1842,1857,1887,1916,2106,2125,2135,2155,2159,2160,2161	2	16,17,18,19,20,21,22,27,28,29,30,31,32,33	205	394	1558	40|13|0|3|4|5|11|10|2|1|1|4
GA	Bostau	LTR	ERVK	ERV2-2B_BT-I	chr4:74090773-74094651+	chr5:59546075-59548252+	37	93	0	573,576,591,599,607,612,617,632,907,911,912,930,931	1766,1769,1784,1792,1800,1805,1810,1825,2102,2106,2107,2125,2126	2	16,17,18,19,20,21,22,23,31,32,33,34,35	85	361	972	37|12|1|0|5|3|10|14|1|2|3|5
GA	Bostau	LTR	ERVK	ERV2-1-I_BT	chr11:82998870-82999227+	chr3:99179393-99181644+	25	46	0	118,146,147,148,152,299,316,317,321,334	150,178,179,180,184,335,352,353,357,371	2	5,6,7,8,9,21,22,23,24,25	72	222	355	25|8|0|0|1|0|0|6|3|2|0|1
GA	Bostau	LTR	ERVK	ERV2-2B_BT-I	chr4:74090773-74094651+	chr5:59487668-59489379+	39	96	0	573,576,591,599,607,612,617,907,911,912,924,930,931	1298,1301,1316,1324,1332,1337,1342,1636,1640,1641,1653,1659,1660	2	17,18,19,20,21,22,23,32,33,34,35,36,37	70	363	972	39|11|1|2|3|3|11|16|2|2|4|2
GA	Bostau	LTR	ERVK	LTR2B_BT	chr11:22251596-22252374+	chr17:70966459-70967241+	38	88	0	406,421,425,429,434,445,449,452,459,468,480	405,420,424,428,433,444,448,451,458,467,479	1	15,16,17,18,19,20,21,22,23,24,25	75	75	761	38|7|0|0|3|3|10|15|2|4|2|4
GA	Bostau	LTR	ERVK	LTR2B_BT	chr11:22251596-22252374+	chr3:99183795-99184582+	36	87	0	255,263,268,278,284,387,397,402,406,434,449,452,480	259,267,272,282,288,391,402,412,422,450,465,468,489	2	11,12,13,14,15,17,18,19,20,21,22,23,24	129	231	765	36|11|0|0|5|6|11|10|2|1|3|2
GA	Bostau	LTR	ERVK	BTLTR1F	chr15:42912782-42913939+	chr18:54747789-54749026+	49	95	0	210,227,239,241,249,250,252,796,797,798,803,805,807,810	209,226,238,240,248,249,251,795,796,797,802,804,806,809	2	7,8,9,10,11,12,13,40,41,42,43,44,45,46	58	601	1078	49|13|2|0|2|3|7|10|2|2|3|2
GA	Bostau	LTR	ERVK	BTLTR1F	chr15:42912782-42913939+	chr18:54743637-54744870+	49	96	0	210,227,239,241,249,250,252,796,797,798,803,805,807	209,226,238,240,248,249,251,791,792,793,798,800,802	2	6,7,8,9,10,11,12,39,40,41,42,43,44	55	594	1074	49|18|2|0|2|3|8|7|4|1|0|2
GA	Bostau	LTR	ERVK	BTLTR1F	chr15:49843706-49844882+	chr18:54747789-54749026+	40	93	0	511,523,528,533,542,803,805,806,807,812,816	504,516,521,526,535,793,795,796,797,802,806	2	16,17,18,19,20,31,32,33,34,35,36	46	303	1095	40|9|0|1|3|5|8|15|2|3|4|3
GA	Bostau	LTR	ERVK	LTR2B_BT	chr11:53678580-53679387+	chr17:70966459-70967241+	39	94	0	386,387,397,406,421,425,429,434,445,452,459,468,480	385,386,396,405,420,424,428,433,444,451,458,467,479	1	15,16,17,18,19,20,21,22,23,24,25,26,27	95	95	786	39|8|2|3|3|2|16|12|0|2|3|4
GA	Bostau	LTR	ERVK	ERV2-2B_BT-I	chr5:100521511-100524284+	chr5:102132867-102139106+	87	236	0	2143,2153,2173,2177,2178,2179,2187,2208,2225,2237,2298,360,364,366,374,375,381	2133,2143,2163,2167,2168,2169,2177,2199,2216,2228,2289,340,344,346,354,355,361	3	10,11,12,13,14,15,69,70,71,72,73,74,75,76,77,78,79	180	1950	2768	87|33|5|6|5|9|37|32|3|6|6|7
GA	Bostau	LTR	ERVK	ERV2-2B_BT-I	chr5:100521511-100524284+	chr6:3215636-3216499+	33	71	0	257,259,266,270,271,274,291,735,754,778,790,806,829,832	263,265,272,276,277,280,297,740,759,783,795,811,835,838	2	8,9,10,11,12,13,14,26,27,28,29,30,31,32	134	576	859	33|10|0|0|1|2|11|9|2|1|1|1
GA	Bostau	LTR	ERVK	LTR2B_BT	chr11:92044211-92044970-	chr17:70966459-70967241+	30	79	0	254,260,271,292,332,397,401,405,421,425	279,285,296,317,357,420,424,428,444,448	2	8,9,10,11,12,15,16,17,18,19	108	170	770	30|4|0|2|2|3|14|13|1|2|3|5
GA	Bostau	LTR	ERVK	LTR2B_BT	chr12:3186306-3187090-	chr3:99183795-99184582+	38	88	0	256,269,279,285,287,387,388,398,403,407	259,272,282,288,290,390,391,402,412,422	2	10,11,12,13,14,18,19,20,21,22	65	164	772	38|8|1|1|6|5|11|5|2|3|3|5
GA	Bostau	LTR	ERVK	LTR2B_BT	chr12:5678024-5678793-	chr3:99177548-99178326+	35	83	0	177,179,182,184,192,257,265,270,280,286,451,453,471,483,484	177,179,182,184,192,257,265,270,280,286,451,453,470,482,483	3	9,10,11,12,13,15,16,17,18,19,24,25,26,27,28	79	307	735	35|11|0|1|3|2|9|14|3|2|1|2
GA	Bostau	LTR	ERVK	LTR2B_BT	chr12:5678024-5678793-	chr17:70966459-70967241+	39	84	0	265,280,286,314,318,358,364,408,423,427,431,447,451,453,454	265,279,285,313,317,357,363,405,420,424,428,444,448,450,451	2	9,10,11,12,13,14,15,18,19,20,21,22,23,24,25	146	187	725	39|8|0|1|2|3|6|16|1|3|2|3
GA	Bostau	LTR	ERVK	LTR2B_BT	chr12:5678024-5678793-	chr3:99183795-99184582+	40	87	0	177,179,182,184,192,257,265,270,280,286,399,404,408,451,453,454,483,484	179,181,184,186,194,259,267,272,282,288,402,412,422,465,467,468,489,490	3	9,10,11,12,13,14,15,16,17,18,21,22,23,24,25,26,27,28	200	312	741	40|10|0|1|5|2|11|12|2|1|1|2
GA	Bostau	LTR	ERVK	LTR2B_BT	chr12:5678024-5678793-	chr2:56229256-56230020+	50	95	0	179,182,184,188,192,206,257,265,270,286,300,313,314,578,582,611,613,614,619	179,182,184,188,192,206,257,265,270,286,300,313,314,568,572,602,604,605,610	3	13,14,15,16,17,18,21,22,23,24,25,26,27,43,44,45,46,47,48	129	432	692	50|6|4|1|3|5|7|11|2|1|1|4
GA	Bostau	LTR	ERVK	BTLTR1F	chr16:11226466-11227767+	chr18:54747789-54749026+	49	109	0	231,239,240,242,244,782,783,784,789,793,796	240,248,249,251,253,795,796,797,802,806,811	2	11,12,13,14,15,37,38,39,40,41,42	31	572	1031	49|7|1|5|3|4|9|19|3|2|5|2
GA	Bostau	LTR	ERVK	BTLTR1F	chr16:11226466-11227767+	chr18:54743637-54744870+	46	103	0	231,239,240,242,244,480,492,534,539,586,782,783,784,789,793	240,248,249,251,253,504,516,542,547,594,791,792,793,798,802	3	10,11,12,13,14,23,24,25,26,27,36,37,38,39,40	117	563	1023	46|10|1|5|3|4|9|15|5|1|1|3
GA	Bostau	LTR	ERVK	ERV2-2B_BT-I	chr6:43713-46495-	chrX:129296182-129301246+	95	226	0	2160,2184,2193,2217,2234,845,859,871,887,888,900	2130,2154,2163,2188,2205,818,832,844,860,861,873	2	35,36,37,38,39,40,80,81,82,83,84	132	1388	2765	95|33|3|6|8|9|21|39|0|3|4|5
GA	Bostau	LTR	ERVK	ERV2-2B_BT-I	chr6:43713-46495-	chrX:84696589-84701211+	88	234	0	2184,2188,2190,2193,2213,833,845,859,871,880,884,887,888,900	2155,2159,2161,2164,2185,814,826,840,852,861,865,868,869,881	2	34,35,36,37,38,39,40,41,42,73,74,75,76,77	99	1372	2767	88|33|6|6|8|9|31|40|0|4|6|3
GA	Bostau	LTR	ERVK	ERV2-2B_BT-I	chr6:43713-46495-	chr6:27223681-27226437-	104	247	0	2152,2160,2162,2182,2186,2187,2188,2196,2234,2246	2125,2133,2135,2155,2159,2160,2161,2169,2208,2220	1	86,87,88,89,90,91,92,93,94,95	96	96	2767	104|41|4|3|10|12|27|31|2|2|4|7
GA	Bostau	LTR	ERVK	ERV2-2B_BT-I	chr6:43713-46495-	chrUn_NW_020190994v1:1429803-1435966-	78	233	0	2182,2186,2187,2188,2196,2217,2234,2246,2258,859,871,880,887,888,900	2129,2133,2134,2135,2143,2165,2182,2194,2206,822,834,843,850,851,863	2	31,32,33,34,35,36,61,62,63,64,65,66,67,68,69	120	1385	2746	78|47|5|5|8|11|30|37|2|1|1|8
GA	Bostau	LTR	ERVK	ERV2-2B_BT-I	chr6:43713-46495-	chr7:9306828-9308959+	73	203	0	1810,1818,1831,1836,1851,871,880,887,888,900,904	1736,1744,1757,1762,1777,795,804,811,812,824,828	2	17,18,19,20,21,22,55,56,57,58,59	76	983	1767	73|36|4|6|6|8|25|27|1|4|7|6
GA	Bostau	LTR	ERVK	ERV2-2B_BT-I	chr6:43713-46495-	chr6:3215636-3216499+	35	65	0	248,261,263,274,275,278,282,730,737,756,780,792,808,833,836	249,263,265,276,277,280,284,733,740,759,783,795,811,835,838	2	8,9,10,11,12,13,14,27,28,29,30,31,32,33,34	142	590	855	35|6|0|2|1|1|9|8|0|2|1|0
GA	Bostau	LTR	ERVK	LTR2B_BT	chr12:37027098-37027883+	chr17:70957350-70958133+	42	89	0	313,316,317,357,398,446,450,469,481,486	312,315,316,356,397,445,449,468,480,485	2	19,20,21,22,23,27,28,29,30,31	127	174	781	42|7|1|1|0|0|9|15|2|5|3|4
GA	Bostau	LTR	ERVK	LTR2B_BT	chr12:37027098-37027883+	chrX:121981727-121982513+	34	90	0	146,148,149,179,182,435,446,450,453,454,469	146,148,149,179,182,436,448,452,455,456,471	2	5,6,7,8,9,17,18,19,20,21,22	73	326	780	34|13|0|1|1|1|10|18|2|3|4|3
GA	Bostau	LTR	ERVK	LTR2B_BT	chr12:37027098-37027883+	chr17:70966459-70967241+	43	89	0	407,422,426,430,435,446,450,453,469,481	405,420,424,428,433,444,448,451,467,479	1	22,23,24,25,26,27,28,29,30,31	75	75	780	43|7|0|0|0|2|7|18|1|5|2|4
GA	Bostau	LTR	ERVK	LTR2B_BT	chr12:37027098-37027883+	chr5:41815285-41816058-	31	86	0	363,382,387,388,398,407,419,435,469,482	351,370,375,376,386,395,407,423,457,470	2	11,12,13,14,15,16,17,18,19,20	121	120	742	31|10|1|1|1|0|8|17|5|4|4|4
GA	Bostau	LTR	ERVK	LTR2B_BT	chr12:37027098-37027883+	chr3:99183795-99184582+	43	87	0	256,264,269,279,285,387,388,398,407,435,450,453,481,482	259,267,272,282,288,390,391,402,422,450,465,468,489,490	2	14,15,16,17,18,21,22,23,24,25,26,27,28,29	131	232	764	43|7|0|0|2|3|11|11|2|4|2|2
GA	Bostau	LTR	ERVK	LTR2C_BT	chr19:43753386-43754262+	chr7:8525344-8526240+	23	45	0	376,377,398,440,496,584,608,620,639,644,648	397,398,419,461,517,605,629,641,659,664,668	2	9,10,11,12,13,14,15,16,17,18,19	273	272	881	23|7|1|1|3|1|4|3|1|0|1|0
GA	Bostau	LTR	ERVK	BTLTR1F	chr16:38524839-38526008+	chr18:54747789-54749026+	40	92	0	398,400,417,421,433,801,802,803,808,812,815,821	392,394,411,415,427,795,796,797,802,806,809,815	2	12,13,14,15,16,30,31,32,33,34,35,36	57	424	1084	40|10|2|1|2|7|4|16|4|3|2|1
GA	Bostau	LTR	ERVK	BTLTR1F	chr16:38524839-38526008+	chr18:54743637-54744870+	41	94	0	398,400,417,421,433,801,802,803,808,812,815	392,394,411,415,427,791,792,793,798,802,805	2	12,13,14,15,16,31,32,33,34,35,36	51	414	1080	41|12|0|2|2|8|4|15|6|3|0|1
GA	Bostau	LTR	ERVK	BTLTR1F	chr16:66176706-66177863+	chrX:124293468-124294631-	32	95	0	1022,1023,1024,1025,1061,359,364,417,433,438	1031,1032,1033,1034,1070,344,349,402,418,423	2	7,8,9,10,11,28,29,30,31,32	120	727	1160	32|11|2|4|2|6|18|10|0|1|4|5
GA	Bostau	LTR	ERVK	BTLTR1F	chr16:66176706-66177863+	chr18:54747789-54749026+	47	102	0	398,400,417,421,433,510,522,524,527,541,812,813,814,819,823	392,394,411,415,427,504,516,518,521,535,795,796,797,802,806	3	15,16,17,18,19,21,22,23,24,25,37,38,39,40,41	80	415	1093	47|8|3|3|2|6|8|13|4|2|4|2
GA	Bostau	LTR	ERVK	BTLTR1F	chr16:66176706-66177863+	chr18:54743637-54744870+	49	102	0	1024,1025,1031,1060,398,400,417,421,433,510,522,524,527,541,569,616,691,696,711,712,734,812,813,814,819,823,848,972	1029,1030,1036,1065,392,394,411,415,427,504,516,518,521,535,547,594,669,675,691,692,713,791,792,793,798,802,842,968	5	14,15,16,17,18,20,21,22,23,24,25,26,29,30,31,32,33,36,37,38,39,40,41,45,46,47,48,49	322	674	1091	49|12|2|4|2|4|8|9|6|2|1|3
GA	Bostau	LTR	ERVK	BTLTR1F	chr16:66176706-66177863+	chr4:105262670-105263823-	27	67	0	1024,1025,1042,364,368,400,421,433,517,524,537,541,550,951,972	1021,1022,1036,320,324,356,377,389,473,480,493,497,506,940,961	3	1,2,3,4,5,6,7,8,9,10,18,19,20,21,22	285	717	859	27|8|0|8|0|6|3|7|3|2|0|3
GA	Bostau	LTR	ERVK	BTLTR1F	chr16:67506481-67507650-	chr18:54747789-54749026+	47	94	0	395,397,414,418,430,464,482,507,519,521,524,538,800,801,802,807,811,814	392,394,411,415,427,461,479,504,516,518,521,535,795,796,797,802,806,811	3	15,16,17,18,19,20,21,22,23,24,25,26,38,39,40,41,42,43	162	420	1072	47|9|4|1|0|8|2|13|2|3|3|2
GA	Bostau	LTR	ERVK	BTLTR1F	chr16:67506481-67507650-	chr18:54743637-54744870+	48	93	0	395,397,414,418,430,464,482,507,519,521,524,538,566,613,800,801,802,807,811	392,394,411,415,427,461,479,504,516,518,521,535,547,594,791,792,793,798,802	3	15,16,17,18,19,20,21,22,23,24,25,26,27,28,38,39,40,41,42	216	411	1080	48|12|2|2|0|8|3|8|5|2|0|3
GA	Bostau	LTR	ERVK	BTLTR1F	chr16:67506481-67507650-	chrX:111142319-111143596+	34	102	0	414,418,482,514,519,521,524,684,687,700,701,716	421,425,485,517,522,524,527,696,699,714,715,730	2	8,9,10,11,12,13,14,20,21,22,23,24	142	310	872	34|13|2|1|3|8|16|13|2|0|2|8
GA	Bostau	LTR	ERVK	BTLTR1F	chr17:16973025-16974174+	chr18:54747789-54749026+	43	91	0	218,220,228,229,231,777,778,784,788,791	238,240,248,249,251,795,796,802,806,811	2	8,9,10,11,12,35,36,37,38,39	31	574	1082	43|8|4|3|2|1|5|15|2|2|3|3
GA	Bostau	LTR	ERVK	BTLTR1F	chr17:16973025-16974174+	chr18:54743637-54744870+	44	86	0	1016,1017,1023,1052,1055,218,220,228,229,231,496,501,515,543,590	1029,1030,1036,1065,1068,238,240,248,249,251,516,521,535,547,594	3	7,8,9,10,11,21,22,23,24,25,40,41,42,43,44	133	831	1068	44|11|0|4|1|1|6|10|4|1|0|4
GA	Bostau	LTR	ERVK	LTR2B_BT	chr12:61126529-61127338+	chr2:56229256-56230020+	44	73	0	297,300,313,314,317,68,72,76,82,83,87,97	297,300,313,314,317,68,72,76,82,83,87,97	2	5,6,7,8,9,10,11,24,25,26,27,28	51	250	481	44|9|5|1|0|3|6|3|0|1|0|1
GA	Bostau	LTR	ERVK	BTLTR1F	chr17:23542403-23543568-	chr18:54747789-54749026+	48	113	0	393,410,414,419,426,796,797,798,803,807,810	394,411,415,420,427,795,796,797,802,806,809	2	19,20,21,22,23,41,42,43,44,45,46	49	416	1082	48|12|5|2|5|4|6|16|5|2|5|3
GA	Bostau	LTR	ERVK	BTLTR1F	chr17:23542403-23543568-	chr18:54743637-54744870+	48	112	0	393,410,414,419,426,796,797,798,803,807,810	394,411,415,420,427,791,792,793,798,802,805	2	18,19,20,21,22,39,40,41,42,43,44	49	412	1078	48|17|4|3|4|4|6|12|7|1|1|5
GA	Bostau	LTR	ERVK	LTR2B_BT	chr12:62890163-62890982+	chr2:56229256-56230020+	34	67	0	179,180,182,188,192,68,72,82,83,87,92,97	179,180,182,188,192,68,72,82,83,87,92,97	2	2,3,4,5,6,7,8,11,12,13,14,15	44	125	482	34|10|3|2|1|3|4|3|1|1|5|0
GA	Bostau	LTR	ERVK	BTLTR1F	chr17:23889393-23890731-	chr18:54747789-54749026+	36	75	0	417,419,436,440,452,822,823,824,829,833	392,394,411,415,427,795,796,797,802,806	2	5,6,7,8,9,26,27,28,29,30	48	415	775	36|10|1|0|1|0|4|11|2|3|5|2
GA	Bostau	LTR	ERVK	BTLTR1F	chr17:23889393-23890731-	chr18:54743637-54744870+	33	71	0	417,419,436,440,452,822,823,824,829,833	392,394,411,415,427,791,792,793,798,802	2	5,6,7,8,9,24,25,26,27,28	48	411	767	33|11|0|1|1|0|4|6|4|2|4|5
GA	Bostau	LTR	ERVK	LTR2B_BT	chr13:29764806-29765545-	chr17:70966459-70967241+	25	46	0	247,270,276,287,304,307,308,430,437,444,451,460,472	257,279,285,296,313,316,317,437,444,451,458,467,479	2	6,7,8,9,10,11,12,20,21,22,23,24,25	104	223	468	25|2|0|1|1|2|5|7|0|1|0|2
GA	Bostau	LTR	ERVK	LTR2B_BT	chr13:29764806-29765545-	chr17:70957350-70958133+	26	46	0	247,260,270,276,287,304,307,308,430,437,451,460,472	255,268,278,284,295,312,315,316,438,445,459,468,480	2	9,10,11,12,13,14,15,16,22,23,24,25,26	105	226	468	26|4|0|1|1|0|6|6|0|1|0|1
GA	Bostau	LTR	ERVK	BTLTR1F	chr17:25815193-25816506-	chr18:54747789-54749026+	49	108	0	247,255,256,258,260,474,492,504,509,523,793,795,796,797,802,806,809,810	240,248,249,251,253,486,504,516,521,535,793,795,796,797,802,806,809,810	3	10,11,12,13,14,20,21,22,23,24,36,37,38,39,40,41,42,43	82	571	1045	49|7|1|3|0|5|9|18|3|5|5|3
GA	Bostau	LTR	ERVK	BTLTR1F	chr17:25815193-25816506-	chr18:54743637-54744870+	45	100	0	247,255,256,258,260,474,492,504,509,551,793,795,796,797,802,806,809	240,248,249,251,253,486,504,516,521,547,789,791,792,793,798,802,805	3	9,10,11,12,13,19,20,21,22,23,34,35,36,37,38,39,40	93	566	1037	45|10|1|3|0|5|9|13|5|4|2|3
GA	Bostau	LTR	ERVK	LTR2B_BT	chr14:1490643-1491427+	chr5:41815285-41816058-	27	66	0	362,381,386,387,397,406,418,434,459,468,481,507	351,370,375,376,386,395,407,423,448,457,470,496	1	9,10,11,12,13,14,15,16,17,18,19,20	146	146	738	27|10|1|0|1|0|3|12|4|2|3|3
GA	Bostau	LTR	ERVK	LTR2B_BT	chr14:1490643-1491427+	chr17:70966459-70967241+	41	78	0	314,317,318,356,361,406,421,425,429,434,445,449,452,459,468,480,492	313,316,317,357,362,405,420,424,428,433,444,448,451,458,467,479,491	2	12,13,14,15,16,20,21,22,23,24,25,26,27,28,29,30,31	137	179	775	41|6|1|0|1|1|7|13|1|3|1|3
GA	Bostau	LTR	ERVK	LTR2B_BT	chr14:1490643-1491427+	chr17:70957350-70958133+	40	81	0	314,317,318,356,361,397,445,449,459,468,480,485,492	312,315,316,356,361,397,445,449,459,468,480,485,492	2	17,18,19,20,21,22,26,27,28,29,30,31,32	134	181	780	40|9|1|1|1|0|9|14|1|2|1|2
GA	Bostau	LTR	ERVK	LTR2B_BT	chr14:1490643-1491427+	chr3:99183795-99184582+	42	92	0	257,270,279,280,286,386,387,397,402,406,434,449,452,480,481	259,272,281,282,288,390,391,402,412,422,450,465,468,489,490	2	13,14,15,16,17,21,22,23,24,25,26,27,28,29,30	131	232	774	42|11|1|0|3|5|13|10|2|1|2|2
GA	Bostau	LTR	ERVK	BTLTR1F	chr17:27229040-27230218-	chr18:54747789-54749026+	43	117	0	397,399,414,418,430,807,808,809,814,818,821	392,394,411,415,427,795,796,797,802,806,810	2	16,17,18,19,20,36,37,38,39,40,41	52	419	1117	43|14|6|3|2|4|9|20|2|7|6|1
GA	Bostau	LTR	ERVK	BTLTR1F	chr17:27229040-27230218-	chr18:54743637-54744870+	41	107	0	397,399,414,418,430,807,808,809,814,818	392,394,411,415,427,791,792,793,798,802	2	15,16,17,18,19,33,34,35,36,37	48	411	1115	41|16|5|2|2|3|9|14|4|6|2|3
GA	Bostau	LTR	ERVK	LTR2B_BT	chr14:8857258-8858044-	chrX:121981727-121982513+	30	75	0	447,451,454,455,461,470,556,560,562,577,580,582,589	448,452,455,456,462,471,557,561,563,578,581,583,590	2	14,15,16,17,18,19,22,23,24,25,26,27,28	58	143	783	30|15|0|1|3|0|9|11|0|1|2|3
GA	Bostau	LTR	ERVK	LTR2B_BT	chr14:8857258-8858044-	chr17:70957350-70958133+	38	76	0	297,314,317,318,358,447,451,461,470,482,487,494	295,312,315,316,356,445,449,459,468,480,485,492	2	13,14,15,16,17,22,23,24,25,26,27,28	110	198	779	38|10|1|1|2|0|9|9|1|1|2|2
GA	Bostau	LTR	ERVK	LTR2B_BT	chr14:8857258-8858044-	chr17:70966459-70967241+	40	77	0	297,314,317,318,358,388,389,399,408,423,427,431,438,447,451,454,461,470,482,494,560,562,565,582,592	296,313,316,317,357,385,386,396,405,420,424,428,435,444,448,451,458,467,479,491,557,559,562,579,589	4	9,10,11,12,13,14,15,16,17,18,19,20,21,22,23,24,25,26,27,28,30,31,32,33,34	231	294	779	40|9|0|0|2|1|7|11|0|2|2|3
GA	Bostau	LTR	ERVK	LTR2B_BT	chr14:8857258-8858044-	chr2:56229256-56230020+	53	99	0	297,300,313,314,317,551,560,562,577,581,68,72,76,82,83,87	297,300,313,314,317,542,551,553,568,572,68,72,76,82,83,87	3	3,4,5,6,7,8,21,22,23,24,25,41,42,43,44,45	72	505	765	53|9|4|1|2|7|8|6|2|0|3|4
GA	Bostau	LTR	ERVK	ERV2-1-I_BT	chr12:41107513-41108260-	chr3:99179393-99181644+	39	75	0	389,395,397,418,422,440,582,583,586,600,602	1921,1927,1929,1950,1954,1972,2114,2115,2118,2132,2134	2	17,18,19,20,21,22,30,31,32,33,34	73	214	696	39|11|3|3|1|1|6|8|0|1|1|1
GA	Bostau	LTR	ERVK	ERV2-1-I_BT	chr12:41107513-41108260-	chr17:70963655-70964318+	37	72	0	389,393,394,395,397,433,437,440,448,465	333,337,338,339,341,377,381,384,392,409	2	14,15,16,17,18,19,20,21,22,23	78	77	656	37|10|1|2|1|1|9|8|0|1|1|1
GA	Bostau	LTR	ERVK	BTLTR1F	chr17:35835127-35835895-	chr18:54743637-54744870+	32	77	0	397,399,420,424,436,470,513,525,530,544,596,619	392,394,411,415,427,461,504,516,521,535,571,594	2	14,15,16,17,18,19,20,21,22,23,24,25	204	203	757	32|12|3|0|3|5|5|11|2|1|1|2
GA	Bostau	LTR	ERVK	LTR2B_BT	chr14:15662070-15662428+	chrX:121981727-121982513+	18	40	0	129,135,150,153,155,162,177,20,24,27,28,34,43	448,452,455,456,462,471,557,563,578,581,583,590,606	2	1,2,3,4,5,6,9,10,11,12,13,14,15	74	159	353	18|9|0|0|1|0|5|3|0|1|2|1
GA	Bostau	LTR	ERVK	ERV2-1-I_BT	chr12:41108549-41110530-	chr17:70959978-70962378+	85	164	0	1213,1245,1257,1267,1273,264,272,282,284,296,297,341,365,368,376,385,414,624,625,629,674,677,685,688,710,758,774,779,783,791,792,801,806,808,829	1084,1092,1102,1104,1116,1117,1161,1186,1189,1198,1207,1236,1446,1447,1451,1496,1499,1507,1510,1535,1583,1599,1604,1608,1616,1617,1626,1631,1633,1654,2050,2082,2094,2104,2110	5	15,16,17,18,19,20,22,23,24,25,26,27,34,35,36,37,38,39,40,41,42,43,44,45,46,47,48,49,50,51,67,68,69,70,71	381	1027	1571	85|16|0|5|4|3|10|16|1|5|14|5
GA	Bostau	LTR	ERVK	ERV2-1-I_BT	chr12:41108549-41110530-	chr3:99179393-99181644+	91	176	0	1049,1055,1070,1077,1099,1839,1840,1851,1854,1857,662,674,677,685,688,710,743,755,758,774,791,792,806,808,809,829,831	1402,1403,1414,1417,1420,217,229,232,246,249,271,304,316,319,335,353,354,368,370,371,391,393,610,616,631,638,660	4	10,11,12,13,14,15,18,19,20,21,22,23,24,25,26,27,28,36,37,38,39,40,84,85,86,87,88	215	1204	1527	91|17|4|5|4|3|6|17|3|2|13|11
GA	Bostau	LTR	ERVK	BTLTR1F	chr17:52622446-52623629+	chr18:54747789-54749026+	49	124	0	398,400,417,421,433,810,822,824,826,829	392,394,411,415,427,793,802,804,806,809	2	19,20,21,22,23,38,39,40,41,42	53	418	1173	49|11|5|1|4|6|12|21|3|2|4|6
GA	Bostau	LTR	ERVK	BTLTR1F	chr17:65624824-65625870-	chr18:54743637-54744870+	46	95	0	207,213,224,247,255,256,258,260,387,390,392,409,413,425	209,215,226,240,248,249,251,253,389,392,394,411,415,427	2	10,11,12,13,14,15,16,17,19,20,21,22,23,24	84	219	1037	46|17|2|6|0|3|4|9|4|1|1|2
GA	Bostau	LTR	ERVK	BTLTR1F	chr17:65624824-65625870-	chr18:54747789-54749026+	48	106	0	207,213,224,247,255,256,258,260,387,390,392,409,413,425	209,215,226,240,248,249,251,253,389,392,394,411,415,427	2	10,11,12,13,14,15,16,17,19,20,21,22,23,24	84	219	1042	48|15|4|6|0|3|4|17|3|2|4|0
GA	Bostau	LTR	ERVK	LTR2B_BT	chr14:78517840-78518624+	chrX:121981727-121982513+	36	88	0	436,447,449,451,454,455,470,556,562,577,580,582,585	436,448,450,452,455,456,471,557,563,578,581,583,586	2	17,18,19,20,21,22,23,27,28,29,30,31,32	66	151	780	36|13|3|3|3|1|8|12|2|2|2|3
GA	Bostau	LTR	ERVK	LTR2B_BT	chr14:78517840-78518624+	chr17:70957350-70958133+	43	91	0	447,449,451,470,482,487,494,496,655,660,663,665,678	445,447,449,468,480,485,492,494,654,659,662,664,677	2	24,25,26,27,28,29,30,31,37,38,39,40,41	74	233	779	43|11|4|2|2|1|5|13|3|2|2|3
GA	Bostau	LTR	ERVK	LTR2B_BT	chr14:78517840-78518624+	chr17:70966459-70967241+	45	91	0	423,427,431,436,447,449,451,454,470,482,494,496,655,660,663,665,678	420,424,428,433,444,446,448,451,467,479,491,493,653,658,661,663,676	2	20,21,22,23,24,25,26,27,28,29,30,31,38,39,40,41,42	98	257	779	45|10|3|1|2|2|2|15|2|3|2|4
GA	Bostau	LTR	ERVK	LTR2B_BT	chr14:78517840-78518624+	chr3:99183795-99184582+	44	92	0	177,179,182,184,192,388,389,399,404,408,436,449,451,454,482,483	179,181,184,186,194,390,391,402,412,422,450,463,465,468,489,490	3	10,11,12,13,14,21,22,23,24,25,26,27,28,29,30,31	118	312	774	44|12|3|1|3|6|8|6|2|3|3|1
GA	Bostau	LTR	ERVK	BTLTR1F	chr18:14810301-14811611-	chr18:54743637-54744870+	48	98	0	497,509,519,550,555,602,796,798,799,800,805,809	504,516,526,542,547,594,789,791,792,793,798,802	2	26,27,28,29,30,31,39,40,41,42,43,44	105	299	1033	48|18|1|5|1|5|5|8|4|1|0|2
GA	Bostau	LTR	ERVK	BTLTR1F	chr18:49273292-49274463-	chr18:54747789-54749026+	43	93	0	399,401,418,422,434,511,523,528,542,543,804,805,806,811,815,818	392,394,411,415,427,504,516,521,535,536,795,796,797,802,806,811	3	14,15,16,17,18,20,21,22,23,24,36,37,38,39,40,41	86	420	1085	43|9|1|2|1|8|5|15|1|3|4|1
GA	Bostau	LTR	ERVK	BTLTR1F	chr18:49273292-49274463-	chr18:54743637-54744870+	40	86	0	399,401,418,422,434,804,805,806,811,815	392,394,411,415,427,791,792,793,798,802	2	13,14,15,16,17,32,33,34,35,36	48	411	1081	40|13|0|3|1|7|4|10|3|2|0|3
GA	Bostau	LTR	ERVK	LTR2B_BT	chr15:12362527-12363273+	chr17:70966459-70967241+	24	45	0	313,316,317,346,357,363,426,430,435,481,483,493	313,316,317,346,357,362,424,428,433,479,481,491	2	9,10,11,12,13,14,18,19,20,21,22,23	118	179	519	24|3|1|1|0|1|6|7|0|1|1|0
GA	Bostau	LTR	ERVK	LTR2B_BT	chr15:12362527-12363273+	chr17:70957350-70958133+	25	49	0	178,181,218,256,269,313,316,317,346,357,362	178,181,218,255,268,312,315,316,345,356,361	2	5,6,7,8,9,13,14,15,16,17,18	141	184	524	25|5|1|1|0|1|7|8|0|0|1|0
GA	Bostau	LTR	ERVK	LTR2B_BT	chr15:13045724-13046524-	chr17:70957350-70958133+	36	86	0	297,314,315,318,348,359,441,448,462,471,483	295,312,313,316,345,356,438,445,459,468,480	2	16,17,18,19,20,21,25,26,27,28,29	105	186	786	36|14|2|1|3|0|9|14|2|1|0|4
GA	Bostau	LTR	ERVK	LTR2B_BT	chr15:13045724-13046524-	chr17:70966459-70967241+	39	88	0	297,315,318,319,348,359,388,389,390,400,424,428,432,441,448,455,462,471,483	296,313,316,317,346,357,384,385,386,396,420,424,428,437,444,451,458,467,479	3	13,14,15,16,17,18,19,20,21,22,23,24,25,26,27,28,29,30,31	186	184	786	39|12|2|0|3|1|9|13|1|4|0|4
GA	Bostau	LTR	ERVK	LTR2B_BT	chr15:13045724-13046524-	chr3:99183795-99184582+	41	102	0	388,389,390,400,405,83,86,89,91,96	389,390,391,402,412,84,87,90,92,97	2	3,4,5,6,7,23,24,25,26,27	38	329	787	41|17|2|0|6|6|14|8|1|3|2|2
GA	Bostau	LTR	ERVK	ERV2-1-I_BT	chr12:71031385-71032194-	chr18:54746971-54747787+	78	168	0	336,340,344,347,350,368,369,372,374,63,65,743,744,747,756,758,759,763,80,82,83,85	328,332,336,339,342,360,361,364,366,41,43,58,60,61,63,752,753,756,765,767,768,772	3	1,2,3,4,5,6,20,21,22,23,24,25,26,27,28,67,68,69,70,71,72,73	83	732	796	78|24|1|1|6|12|10|28|0|0|6|2
GA	Bostau	LTR	ERVK	BTLTR1F	chr18:57010059-57011231+	chrX:38662365-38663561-	41	89	0	624,641,674,677,688,802,815,821,832,847,850	639,656,689,692,703,818,831,837,855,870,873	2	26,27,28,29,30,33,34,35,36,37,38	121	235	1179	41|12|1|5|2|4|6|12|0|3|0|3
GA	Bostau	LTR	ERVK	LTR2B_BT	chr15:74075003-74075818+	chr17:70966459-70967241+	42	94	0	159,180,181,183,192,315,318,319,333,348,359,441,448,455,462,463,471	158,179,180,182,191,313,316,317,331,346,357,437,444,451,458,459,467	3	7,8,9,10,11,16,17,18,19,20,21,27,28,29,30,31,32	110	310	795	42|5|5|1|2|5|12|13|0|2|2|5
GA	Bostau	LTR	ERVK	LTR2B_BT	chr15:74075003-74075818+	chrX:121981727-121982513+	37	97	0	147,159,180,181,183,441,448,455,456,462,463,471	146,158,179,180,182,441,448,455,456,462,463,471	2	7,8,9,10,11,21,22,23,24,25,26,27	68	326	795	37|12|5|1|2|1|16|12|0|2|2|7
GA	Bostau	LTR	ERVK	LTR2B_BT	chr15:74075003-74075818+	chr17:70957350-70958133+	43	97	0	159,180,181,183,192,315,318,319,333,348,359,441,448,462,463,471,491	157,178,179,181,190,312,315,316,330,345,356,438,445,459,460,468,483	3	10,11,12,13,14,20,21,22,23,24,25,29,30,31,32,33,34	125	327	796	43|10|4|1|2|1|12|13|0|3|4|4
GA	Bostau	LTR	ERVK	BTLTR1F	chr18:58355026-58356421+	chrX:111142319-111143596+	31	88	0	525,530,548,549,557,695,712,713,728,733,747,772,817,822	517,522,540,541,561,696,714,715,730,735,749,774,820,825	2	12,13,14,15,16,17,18,19,20,21,22,23,24,25	310	309	1096	31|17|0|1|0|2|13|17|3|1|1|2
GA	Bostau	LTR	ERVK	ERV2-1-I_BT	chr12:71037422-71038231+	chr18:54746971-54747787+	78	168	0	336,340,344,347,350,368,369,372,374,63,65,743,744,747,756,758,759,763,80,82,83,85	328,332,336,339,342,360,361,364,366,41,43,58,60,61,63,752,753,756,765,767,768,772	3	1,2,3,4,5,6,20,21,22,23,24,25,26,27,28,67,68,69,70,71,72,73	83	732	796	78|24|1|1|6|12|10|28|0|0|6|2
GA	Bostau	LTR	ERVK	ERV2-1-I_BT	chr12:71931463-71932286+	chr18:54746971-54747787+	69	139	0	366,369,380,387,388,456,471,493,494,495,757,761,763,770,773,777,783	361,364,374,381,382,450,465,487,488,489,752,756,758,765,768,772,778	3	26,27,28,29,30,34,35,36,37,38,61,62,63,64,65,66,67	89	418	803	69|16|0|1|6|7|14|16|1|3|3|3
GA	Bostau	LTR	ERVK	LTR2B_BT	chr16:10316187-10316993+	chr17:70957350-70958133+	34	94	0	272,278,289,306,309,310,432,439,453,462,474,479	278,284,295,312,315,316,438,445,459,468,480,485	2	10,11,12,13,14,15,21,22,23,24,25,26	87	208	789	34|8|3|4|2|2|14|12|4|3|2|6
GA	Bostau	LTR	ERVK	LTR2B_BT	chr16:33260984-33261759+	chrX:121981727-121982513+	30	87	0	429,444,447,448,454,551,566,569,571,578	436,452,455,456,462,563,578,581,583,590	2	14,15,16,17,18,21,22,23,24,25	55	155	760	30|14|1|3|1|2|11|17|2|1|3|2
GA	Bostau	LTR	ERVK	LTR2B_BT	chr16:33260984-33261759+	chr17:70966459-70967241+	39	87	0	416,420,424,429,444,447,454,465,472,484	420,424,428,433,448,451,458,472,479,491	1	18,19,20,21,22,23,24,25,26,27	72	72	760	39|6|1|2|1|2|11|14|2|3|4|2
GA	Bostau	LTR	ERVK	LTR2B_BT	chr16:33260984-33261759+	chr3:99183795-99184582+	38	80	0	382,384,392,397,401,444,447,465,472,473	391,393,402,412,422,465,468,482,489,490	2	14,15,16,17,18,20,21,22,23,24	58	100	755	38|7|1|2|2|4|13|7|1|3|2|0
GA	Bostau	LTR	ERVK	LTR2B_BT	chr16:33260984-33261759+	chr2:56229256-56230020+	51	104	0	351,357,36,382,392,401,43,61,65,69	358,364,389,399,408,43,50,68,72,76	2	1,2,3,4,5,26,27,28,29,30	85	366	751	51|5|5|3|3|7|12|10|1|1|4|2
GA	Bostau	LTR	ERVK	LTR2B_BT	chr16:50732750-50733139-	chr17:70966459-70967241+	23	44	0	12,27,31,35,40,51,55,58,65,74,85,86,98	405,420,424,428,433,444,448,451,458,467,478,479,491	1	2,3,4,5,6,7,8,9,10,11,12,13,14	87	87	384	23|4|2|1|1|2|3|4|1|1|1|1
GA	Bostau	LTR	ERVK	LTR2B_BT	chr16:50736360-50736807-	chr2:56229256-56230020+	34	49	0	145,146,179,182,188,192,206,219,235,257,270,286,297,300,313,314,317,82,83,87,97	145,146,179,182,188,192,206,219,235,257,270,286,297,300,313,314,317,82,83,87,97	3	7,8,9,10,11,12,14,15,16,17,18,19,20,21,22,23,24,25,26,27,28	205	236	408	34|3|1|1|0|0|4|3|0|1|1|1
GA	Bostau	LTR	ERVK	ERV2-1-I_BT	chr13:3947377-3950645+	chr17:70959978-70962378+	71	147	0	1008,1009,1018,1037,1047,909,915,917,929,930,938,998	1096,1102,1104,1116,1117,1125,1185,1197,1198,1207,1226,1236	2	51,52,53,54,55,56,58,59,60,61,62,63	82	141	1210	71|19|1|1|3|3|13|18|6|5|5|2
GA	Bostau	LTR	ERVK	ERV2-1-I_BT	chr13:3947377-3950645+	chr17:70959978-70962378+	50	105	0	1366,1371,1375,1383,1384,1388,1855,1877,1883,1890,1891	1599,1604,1608,1616,1617,1621,2082,2104,2110,2118,2119	2	8,9,10,11,12,13,35,36,37,38,39	61	521	955	50|10|3|4|0|2|14|11|0|0|4|7
GA	Bostau	LTR	ERVK	ERV2-1-I_BT	chr13:3947377-3950645+	chrX:38660997-38661334-	22	35	0	108,110,112,114,120,198,199,200,201,210,77,86	156,157,158,159,168,35,44,66,68,70,72,78	2	1,2,3,4,5,6,7,15,16,17,18,19	57	134	251	22|8|0|0|0|0|2|2|0|0|1|0
GA	Bostau	LTR	ERVK	BTLTR1F	chr19:277733-279037+	chr21:20529653-20530896+	39	113	0	289,306,311,318,321,505,515,518,519,521	292,309,314,321,324,514,524,527,528,530	2	11,12,13,14,15,22,23,24,25,26	50	239	1035	39|15|2|2|0|3|15|20|2|4|8|3
GA	Bostau	LTR	ERVK	LTR2B_BT	chr17:27593247-27594032+	chr17:70957350-70958133+	38	82	0	298,315,318,319,350,359,364,448,452,471,483,488,495	295,312,315,316,347,356,361,445,449,468,480,485,492	2	13,14,15,16,17,18,19,23,24,25,26,27,28	115	198	779	38|10|2|1|3|1|8|13|0|3|1|2
GA	Bostau	LTR	ERVK	LTR2B_BT	chr17:27593247-27594032+	chrX:121981727-121982513+	30	85	0	448,452,455,456,471,557,563,578,581,583	448,452,455,456,471,557,563,578,581,583	2	15,16,17,18,19,22,23,24,25,26	51	136	776	30|16|1|2|3|2|9|15|1|2|2|2
GA	Bostau	LTR	ERVK	LTR2B_BT	chr17:27593247-27594032+	chr17:70966459-70967241+	40	87	0	298,315,318,319,350,359,364,428,432,448,452,455,471,483,495	296,313,316,317,348,357,362,424,428,444,448,451,467,479,491	2	10,11,12,13,14,15,16,21,22,23,24,25,26,27,28	135	196	773	40|10|2|0|2|2|6|16|1|4|1|3
GA	Bostau	LTR	ERVK	LTR2B_BT	chr17:70966459-70967241+	chr2:56229256-56230020+	30	75	0	608,610,611,613,616,72,76,83,87,97	602,604,605,607,610,72,76,83,87,97	2	3,4,5,6,7,24,25,26,27,28	35	539	768	30|9|3|3|0|6|14|3|1|0|4|2
GA	Bostau	LTR	ERVK	LTR2B_BT	chr18:45317332-45317729-	chrX:121981727-121982513+	17	37	0	144,167,173,188,191,193,62,65,66,72,81	452,455,456,462,471,534,557,563,578,581,583	2	3,4,5,6,7,9,10,11,12,13,14	70	132	392	17|7|0|0|1|1|3|6|0|0|2|0
GA	Bostau	LTR	ERVK	LTR2B_BT	chr18:50060854-50061652+	chr2:56229256-56230020+	51	120	0	297,300,314,317,319,68,72,83,85,87,97	297,300,314,317,319,68,72,83,85,87,97	2	4,5,6,7,8,9,22,23,24,25,26	53	252	778	51|12|10|3|2|8|11|9|4|2|4|4
GA	Bostau	LTR	ERVK	LTR2B_BT	chr18:61450607-61450999+	chr2:56229256-56230020+	29	46	0	255,271,282,285,298,299,302,72,76,83,87,97	270,286,297,300,313,314,317,72,76,83,87,97	2	4,5,6,7,8,16,17,18,19,20,21,22	74	246	394	29|6|1|0|0|0|7|2|0|1|0|0
GA	Bostau	LTR	ERVK	BTLTR1F	chr2:120863425-120864435-	chrX:111142319-111143596+	28	79	0	390,410,411,428,430,432,444,524,529,547,548,556,558	383,403,404,421,423,425,437,517,522,540,541,549,551	2	5,6,7,8,9,10,11,12,13,14,15,16,17	170	169	881	28|12|0|1|4|4|12|9|2|1|3|3
GA	Bostau	LTR	ERVK	ERV2-1-I_BT	chr13:74257913-74258695-	chr18:54746971-54747787+	74	134	0	276,284,285,288,294,298,299,335,336,338,341,348,349,416,427,431,453,454,455,457,459,478,480,482,486,487,572,575,576,578,581,716,720,722,729,732,736,742	310,318,319,322,328,332,333,368,369,371,374,381,382,450,461,465,488,489,490,492,494,513,515,517,521,522,607,610,611,613,616,752,756,758,765,768,772,778	5	16,17,18,19,20,21,22,29,30,31,32,33,34,37,38,39,40,41,42,43,44,45,46,47,48,49,56,57,58,59,60,68,69,70,71,72,73,74	149	469	778	74|11|1|6|6|5|9|16|2|1|2|1
GA	Bostau	LTR	ERVK	BTLTR1F	chr20:16898947-16900194+	chrX:111142319-111143596+	28	65	0	335,356,373,377,389,468,473,475,491,492,500	383,404,421,425,437,517,522,524,540,541,561	2	2,3,4,5,6,8,9,10,11,12,13	100	179	806	28|13|1|1|1|1|8|10|1|0|0|1
GA	Bostau	LTR	ERVK	BTLTR1F	chr20:16898947-16900194+	chrX:108852246-108853505+	27	64	0	335,356,373,377,389,468,473,475,491,492	385,406,423,427,439,507,512,514,530,531	2	2,3,4,5,6,7,8,9,10,11	148	147	796	27|16|0|2|1|0|8|7|2|0|0|1
GA	Bostau	LTR	ERVK	ERV2-1-I_BT	chr13:74259035-74260754-	chr3:99179393-99181644+	71	189	0	101,116,123,1414,1415,1421,1430,144,1444,1448,145,160,162,167,890,891,902,905,908	1402,1403,1414,1417,1420,1920,1921,1927,1936,1950,1954,616,631,638,659,660,675,677,682	3	5,6,7,8,9,10,11,12,33,34,35,36,37,57,58,59,60,61,62	121	1339	1703	71|29|3|8|3|7|25|24|2|0|5|12
GA	Bostau	LTR	ERVK	LTR2B_BT	chr19:3516048-3516798+	chr2:56229256-56230020+	41	71	0	282,296,309,310,312,68,72,79,83,93	286,300,313,314,316,72,76,83,87,97	2	5,6,7,8,9,21,22,23,24,25	57	245	515	41|8|3|0|0|3|7|5|1|0|3|0
GA	Bostau	LTR	ERVK	ERV2-1-I_BT	chr14:44551021-44551830-	chr18:54746971-54747787+	70	162	0	352,354,355,361,373,374,756,758,759,763,769,771	361,363,364,369,381,382,765,767,768,772,778,780	2	22,23,24,25,26,27,64,65,66,67,68,69	38	420	807	70|24|2|2|6|10|12|21|3|2|5|5
GA	Bostau	LTR	ERVK	BTLTR1F	chr21:59492699-59494014-	chrX:38662365-38663561-	41	109	0	509,527,528,556,557,598,798,811,828,843,846	525,543,544,582,583,626,818,831,855,870,873	2	26,27,28,29,30,31,37,38,39,40,41	158	349	1046	41|14|2|5|3|3|12|14|0|4|3|8
GA	Bostau	LTR	ERVK	ERV2-1-I_BT	chr14:57748379-57749308+	chr18:54746971-54747787+	71	170	0	445,446,449,455,459,466,467,469,488,491,493,502,509,510	318,319,322,328,332,339,340,342,361,364,366,374,381,382	2	15,16,17,18,19,20,21,22,23,24,25,26,27,28	66	65	802	71|26|1|3|9|10|17|23|2|1|2|5
GA	Bostau	LTR	ERVK	LTR2B_BT	chr2:42353298-42353995+	chr3:99183795-99184582+	28	54	0	168,169,170,173,183,378,379,384,389,394,398	179,180,181,184,194,390,391,396,402,412,417	2	8,9,10,11,12,20,21,22,23,24,25	44	239	471	28|5|1|0|0|1|8|4|2|2|0|3
GA	Bostau	LTR	ERVK	LTR2B_BT	chr2:44846601-44847198+	chrX:121981727-121982513+	26	52	0	314,315,365,448,452,455,456,462,471,551,566,569,571,578	313,314,364,448,452,455,456,462,471,563,578,581,583,590	2	10,11,12,13,14,15,16,17,18,22,23,24,25,26	187	278	599	26|4|1|1|1|1|5|7|0|1|3|2
GA	Bostau	LTR	ERVK	ERV2-1-I_BT	chr14:70261888-70262679+	chr18:54746971-54747787+	69	159	0	334,336,337,343,355,356,738,740,741,745,751,753	361,363,364,369,381,382,765,767,768,772,778,780	2	21,22,23,24,25,26,63,64,65,66,67,68	38	420	792	69|24|2|2|7|10|12|20|2|2|5|4
GA	Bostau	LTR	ERVK	BTLTR1F	chr23:50691733-50693081-	chrX:111142319-111143596+	54	137	0	423,427,431,432,439,687,701,703,704,719	421,425,429,430,437,696,712,714,715,730	2	15,16,17,18,19,34,35,36,37,38	52	310	1230	54|28|3|3|5|6|14|15|2|3|1|3
GA	Bostau	LTR	ERVK	BTLTR1F	chr23:50691733-50693081-	chrX:108852246-108853505+	50	133	0	423,427,431,432,439,598,626,679,687,701,703,704	423,427,431,432,439,592,620,673,683,703,705,706	2	14,15,16,17,18,28,29,30,31,32,33,34	132	284	1214	50|30|5|1|5|5|12|14|5|2|1|3
GA	Bostau	LTR	ERVK	LTR2B_BT	chr2:82115433-82116279+	chr5:41815285-41816058-	14	39	0	171,173,179,182,183,374,379,380,390,399	167,169,175,178,179,370,375,376,386,395	2	2,3,4,5,6,10,11,12,13,14	39	229	367	14|7|0|0|0|1|6|6|0|2|0|3
GA	Bostau	LTR	ERVK	ERV2-1-I_BT	chr15:2448630-2450763+	chr3:99179393-99181644+	101	201	0	1014,1025,1029,1040,1041,1460,1463,1464,1466,1467,302,303,317,333,344,357,433,460,461,462,466,614,631,632,633,636,911,926,933,955,957	1167,1170,1171,1173,1174,150,178,179,180,184,20,21,335,34,353,354,355,358,50,61,616,631,638,660,662,719,730,734,74,745,746	6	1,2,3,4,5,6,9,10,11,12,13,24,25,26,27,28,40,41,42,43,44,48,49,50,51,52,68,69,70,71,72	197	1155	1844	101|22|5|10|4|4|11|17|2|6|8|11
GA	Bostau	LTR	ERVK	LTR2B_BT	chr2:106251265-106252052+	chrX:121981727-121982513+	31	76	0	408,437,448,452,455,456,462,534,563,578,581,583,590	407,436,448,452,455,456,462,534,563,578,581,583,590	2	14,15,16,17,18,19,20,22,23,24,25,26,27	113	184	778	31|14|1|2|2|0|9|10|0|1|4|2
GA	Bostau	LTR	ERVK	LTR2B_BT	chr2:106251265-106252052+	chr5:41815285-41816058-	27	72	0	349,356,365,384,389,390,400,408,409,421,437,462,484	335,342,351,370,375,376,386,394,395,407,423,448,470	1	6,7,8,9,10,11,12,13,14,15,16,17,18	136	136	742	27|10|2|3|2|0|5|8|3|3|4|5
GA	Bostau	LTR	ERVK	LTR2B_BT	chr2:106251265-106252052+	chr3:99183795-99184582+	41	80	0	356,389,390,400,405,437,452,455,483,484	357,390,391,402,412,450,465,468,489,490	2	18,19,20,21,22,23,24,25,26,27	135	134	763	41|7|0|4|3|2|13|3|1|2|2|2
GA	Bostau	LTR	ERVK	LTR2B_BT	chr2:111273347-111274125-	chr3:99177548-99178326+	38	83	0	171,173,176,178,186,251,259,264,274,280	177,179,182,184,192,257,265,270,280,286	2	10,11,12,13,14,16,17,18,19,20	46	110	775	38|8|1|1|1|2|12|6|4|3|2|5
GA	Bostau	LTR	ERVK	LTR2B_BT	chr2:111273347-111274125-	chr3:99183795-99184582+	41	84	0	171,173,176,178,186,251,259,264,274,280,382,383,393,398,402	179,181,184,186,194,259,267,272,282,288,390,391,402,412,422	3	8,9,10,11,12,13,14,15,16,17,19,20,21,22,23	144	244	771	41|9|1|0|2|4|12|4|2|3|3|3
GA	Bostau	LTR	ERVK	LTR2B_BT	chr20:6881773-6882542+	chrX:121981727-121982513+	21	39	0	313,314,364,436,447,451,454,455,461,470	313,314,364,436,448,452,455,456,462,471	1	10,11,12,13,14,15,16,17,18,19	159	159	526	21|6|1|1|1|0|2|5|0|1|1|0
GA	Bostau	LTR	ERVK	LTR2B_BT	chr21:8267380-8268196+	chr3:99183795-99184582+	43	110	0	177,178,179,182,192,409,412,437,441,455,483,484	177,178,179,182,194,417,423,450,454,468,489,490	2	8,9,10,11,12,26,27,28,29,30,31,32	92	314	793	43|20|4|0|6|3|8|14|1|2|6|3
GA	Bostau	LTR	ERVK	LTR2B_BT	chr21:14358731-14359518-	chrX:121981727-121982513+	32	93	0	435,442,449,450,456,465,556,571,574,576,582	441,448,455,456,462,471,563,578,581,583,589	2	16,17,18,19,20,21,25,26,27,28,29	58	149	779	32|16|2|3|4|3|13|9|3|1|3|4
GA	Bostau	LTR	ERVK	LTR2B_BT	chr21:14358731-14359518-	chr3:99177548-99178326+	43	117	0	172,174,176,177,187,265,275,281,292,312	177,179,181,182,192,270,280,286,297,317	2	11,12,13,14,15,17,18,19,20,21	64	141	777	43|17|2|3|3|4|13|10|5|5|5|7
GA	Bostau	LTR	ERVK	ERV2-1-I_BT	chr15:79208351-79209465-	chr5:57622843-57623972-	11	23	0	754,758,761,770,809,848,850,862,880,893	767,771,774,783,822,861,863,875,893,906	2	1,2,3,4,5,6,7,8,9,10	141	140	387	11|2|1|1|0|0|1|3|1|0|2|1
GA	Bostau	LTR	ERVK	BTLTR1F	chr28:3510977-3512155-	chrX:38662365-38663561-	45	92	0	12,17,50,570,571,599,614,619,86,95	12,17,49,582,583,611,626,631,87,96	2	1,2,3,4,5,26,27,28,29,30	135	620	1178	45|12|2|2|3|4|9|4|1|2|1|7
GA	Bostau	LTR	ERVK	LTR2B_BT	chr21:19827202-19827987+	chrX:121981727-121982513+	35	89	0	447,451,454,455,461,470,556,562,577,580,582,585	448,452,455,456,462,471,557,563,578,581,583,586	2	16,17,18,19,20,21,25,26,27,28,29,30	54	139	780	35|14|0|3|3|2|13|9|1|2|3|4
GA	Bostau	LTR	ERVK	LTR2B_BT	chr21:34748615-34749406-	chrX:121981727-121982513+	33	86	0	441,452,456,459,460,466,475,538,542,561,567,582,585,587,594	436,448,452,455,456,462,471,534,538,557,563,578,581,583,590	2	15,16,17,18,19,20,21,23,24,25,26,27,28,29,30	93	155	783	33|15|0|1|1|1|7|20|1|0|2|5
GA	Bostau	LTR	ERVK	LTR2B_BT	chr21:34758886-34759671-	chrX:121981727-121982513+	29	83	0	435,446,450,453,454,460,469,532,555,561,576,579,581,588	436,448,452,455,456,462,471,534,557,563,578,581,583,590	2	12,13,14,15,16,17,18,20,21,22,23,24,25,26	93	155	780	29|13|0|1|2|1|8|16|5|0|2|6
GA	Bostau	LTR	ERVK	LTR2B_BT	chr23:26172446-26173137+	chr3:99183795-99184582+	27	55	0	145,168,170,173,183,429,431,445,452,456	145,179,181,184,194,452,454,468,475,479	2	7,8,9,10,11,23,24,25,26,27	78	335	471	27|5|0|1|2|0|7|7|0|3|2|1
GA	Bostau	LTR	ERVK	BTLTR1F	chr3:57495773-57497126-	chrX:111142319-111143596+	34	88	0	383,404,421,425,437,517,522,540,541,549,626,687,703,704,719,738,751,763,805	383,404,421,425,437,517,522,540,541,549,638,696,714,715,730,749,762,774,816	3	5,6,7,8,9,10,11,12,13,14,15,16,17,18,19,20,21,22,23	436	434	1278	34|16|0|1|1|3|17|11|1|2|1|1
GA	Bostau	LTR	ERVK	BTLTR1F	chr3:57495773-57497126-	chrX:108852246-108853505+	34	90	0	383,404,421,425,437,679,687,703,704,738,751,763	385,406,423,427,439,673,683,705,706,740,753,765	2	4,5,6,7,8,16,17,18,19,20,21,22	148	381	1271	34|18|0|0|0|4|15|12|3|1|2|1
GA	Bostau	LTR	ERVK	BTLTR1F	chr3:67208353-67209732+	chrX:111142319-111143596+	36	103	0	406,421,425,454,476,521,526,528,544,545,553,808,810,813,849,867	406,421,425,450,472,517,522,524,540,541,549,820,822,825,861,879	3	10,11,12,13,14,15,16,17,18,19,20,28,29,30,31,32	205	474	1101	36|13|0|2|1|3|16|22|2|2|2|4
GA	Bostau	LTR	ERVK	LTR2B_BT	chr26:4199380-4199982-	chr5:41815285-41816058-	20	50	0	383,388,389,394,399,408,420,470,483,509	370,375,376,381,386,395,407,457,470,496	2	9,10,11,12,13,14,15,16,17,18	128	127	562	20|7|2|2|0|0|5|6|1|4|2|1
GA	Bostau	LTR	ERVK	LTR2B_BT	chr26:4199380-4199982-	chr3:99183795-99184582+	31	65	0	388,389,394,399,404,408,451,454,482,483	390,391,396,402,412,417,465,468,489,490	2	18,19,20,21,22,23,24,25,26,27	102	101	598	31|8|1|1|1|2|7|6|0|5|3|0
GA	Bostau	LTR	ERVK	BTLTR1F	chr3:81074994-81075828+	chrX:41330462-41331642+	26	78	0	511,513,518,523,528,549,559,673,676,677,678,686,689	514,516,521,526,531,552,562,676,679,680,681,689,691	2	11,12,13,14,15,16,17,19,20,21,22,23,24	65	178	835	26|16|0|2|3|5|10|10|1|3|0|2
GA	Bostau	LTR	ERVK	LTR2B_BT	chr26:16571433-16572239-	chr3:99177548-99178326+	37	107	0	145,168,170,173,183,199,85,87,90,91,97	145,177,179,182,192,208,85,87,90,91,97	2	5,6,7,8,9,10,11,12,13,14,15	125	124	784	37|13|4|5|4|7|14|12|2|2|2|5
GA	Bostau	LTR	ERVK	LTR2B_BT	chr27:10068073-10068848+	chrX:121981727-121982513+	31	78	0	437,441,444,445,451,460,546,552,567,570,572	448,452,455,456,462,471,557,563,578,581,583	2	13,14,15,16,17,18,23,24,25,26,27	51	136	725	31|11|0|2|3|1|11|12|0|0|3|4
GA	Bostau	LTR	ERVK	LTR2B_BT	chr27:10068073-10068848+	chr5:41815285-41816058-	29	75	0	374,379,380,385,390,398,410,451,460,473,499,501	370,375,376,381,386,395,407,448,457,470,496,498	2	9,10,11,12,13,14,15,16,17,18,19,20	130	129	713	29|10|2|2|2|0|8|12|3|2|1|4
GA	Bostau	LTR	ERVK	LTR2B_BT	chr29:7973465-7974247+	chr3:99183795-99184582+	39	88	0	174,179,189,254,262,267,277,283,385,386,396,401,405,433,448,451,479,480	179,184,194,259,267,272,282,288,390,391,402,412,422,450,465,468,489,490	3	8,9,10,11,12,13,14,15,17,18,19,20,21,22,23,24,25,26	212	312	767	39|13|2|0|3|3|12|8|1|3|2|2
GA	Bostau	LTR	ERVK	BTLTR1F	chr4:90144112-90145275-	chrX:38658455-38659159-	29	64	0	510,514,532,533,540,541,617,634,667,670,671,681	145,162,195,198,199,209,30,34,52,53,62,63	2	1,2,3,4,5,6,10,11,12,13,14,15	99	180	688	29|11|1|3|2|2|3|9|1|0|0|3
GA	Bostau	LTR	ERVK	LTR2B_BT	chr3:22263892-22264671+	chrX:121981727-121982513+	32	65	0	443,447,450,451,457,466,552,558,571,574,576,582,598	448,452,455,456,462,471,557,563,578,581,583,589,606	2	14,15,16,17,18,19,22,23,24,25,26,27,28	74	159	777	32|10|0|1|1|5|6|3|2|2|2|1
GA	Bostau	LTR	ERVK	ERV2-1-I_BT	chr16:27812718-27813527-	chr18:54746971-54747787+	69	162	0	352,355,361,373,374,756,758,759,763,769,771	361,364,369,381,382,765,767,768,772,778,780	2	22,23,24,25,26,63,64,65,66,67,68	38	420	807	69|25|2|2|6|10|12|21|3|3|4|5
GA	Bostau	LTR	ERVK	ERV2-1-I_BT	chr17:19555331-19556038+	chr18:54746971-54747787+	69	157	0	217,221,222,229,231,250,253,255,264,271,272,654,657,661,667,669	328,332,333,340,342,361,364,366,374,381,382,765,768,772,778,780	3	14,15,16,17,18,19,20,21,22,23,24,63,64,65,66,67	72	453	703	69|27|2|2|7|9|12|21|0|1|4|3
GA	Bostau	LTR	ERVK	BTLTR1F	chr5:64550017-64551192+	chrX:38662365-38663561-	43	97	0	485,513,523,541,542,627,644,677,680,691	487,515,525,543,544,639,656,689,692,703	2	16,17,18,19,20,25,26,27,28,29	123	217	1180	43|13|1|4|5|4|9|10|0|2|1|5
GA	Bostau	LTR	ERVK	BTLTR1F	chr5:64550017-64551192+	chrX:38658455-38659159-	27	55	0	513,519,523,541,542,550,627,644,677,680,691	145,162,195,198,209,24,30,34,52,53,63	2	1,2,3,4,5,6,10,11,12,13,14	105	186	690	27|8|0|3|2|2|2|5|0|1|0|5
GA	Bostau	LTR	ERVK	ERV2-1-I_BT	chr17:48092883-48093814-	chr18:54746971-54747787+	71	169	0	174,191,193,194,196,452,453,455,474,477,488,495,496	339,340,342,361,364,374,381,382,41,58,60,61,63	2	1,2,3,4,5,17,18,19,20,21,22,23,24	67	342	802	71|26|3|2|10|9|10|27|1|0|5|5
GA	Bostau	LTR	ERVK	ERV2-1-I_BT	chr17:67363144-67364521+	chr18:54746971-54747787+	68	143	0	1095,1113,1114,1115,1143,1311,1312,1315,1317,1324,1327,924,927,933,945,946	361,364,369,381,382,532,550,551,552,580,752,753,756,758,765,768	3	24,25,26,27,28,40,41,42,43,44,60,61,62,63,64,65	88	408	813	68|21|2|2|5|7|13|21|1|0|0|3
GA	Bostau	LTR	ERVK	ERV2-1-I_BT	chr17:71340297-71341216-	chr18:54746971-54747787+	61	143	0	174,191,193,194,196,445,449,450,457,459	328,332,333,340,342,41,58,60,61,63	2	1,2,3,4,5,19,20,21,22,23	38	302	665	61|20|2|2|6|10|10|21|0|0|6|5
GA	Bostau	LTR	ERVK	ERV2-1-I_BT	chr18:61312322-61315656+	chr3:99179393-99181644+	132	269	0	1417,1434,1435,1439,1452,1474,1689,1691,1695,1716,1731,1733,1819,1830,1834,1845,1846,2224,2227,2228,2245,2251,2268,2280,2283,2284,2287,2420,2428,2431,2452,2486,2823,2847,2850,2853,2857,2870,2898,3240,3241,3243,3248,3252	1108,1114,1115,1132,1138,1155,1167,1170,1171,1174,1312,1320,1323,1344,1378,1714,1738,1741,1744,1748,1761,1789,2131,2132,2134,2139,2143,335,353,354,358,371,393,589,591,595,616,631,633,719,730,734,745,746	8	24,25,26,27,28,29,36,37,38,39,40,41,48,49,50,51,52,66,67,68,69,70,71,72,73,74,75,77,78,79,80,81,101,102,103,104,105,106,107,125,126,127,128,129	356	1809	2235	132|40|5|4|2|5|25|26|2|3|8|17
GA	Bostau	LTR	ERVK	BTLTR1F	chr7:14163344-14164199+	chrX:38662365-38663561-	27	62	0	247,248,291,296,297,482,495,512,527,530	582,583,626,631,632,818,838,855,870,873	2	9,10,11,12,13,21,22,23,24,25	107	292	858	27|9|0|5|2|1|7|6|0|1|1|3
GA	Bostau	LTR	ERVK	LTR2B_BT	chr6:79172049-79172826-	chrX:121981727-121982513+	34	69	0	447,451,454,455,460,461,470,533,547,553,568,571,573	448,452,455,456,461,462,471,534,557,563,578,581,583	2	16,17,18,19,20,21,22,24,25,26,27,28,29	74	136	778	34|8|2|0|1|5|6|5|1|2|2|3
GA	Bostau	LTR	ERVK	ERV2-1-I_BT	chr19:52246418-52248326+	chrX:38660997-38661334-	27	44	0	128,132,139,152,153,194,195,196,197,206	101,114,115,156,157,158,159,168,90,94	2	7,8,9,10,11,12,13,14,15,16	80	79	333	27|6|1|0|1|0|2|4|1|0|2|0
GA	Bostau	LTR	ERVK	LTR2B_BT	chr8:237301-238083-	chrX:121981727-121982513+	31	81	0	435,446,450,453,454,469,555,561,576,579,588	436,448,452,455,456,471,557,563,578,581,590	2	15,16,17,18,19,20,24,25,26,27,28	70	155	779	31|14|1|1|2|0|10|13|3|1|1|4
GA	Bostau	LTR	ERVK	BTLTR1F	chr9:6774007-6774558-	chrX:38662365-38663561-	26	56	0	103,105,17,47,49,53,60,81,84,93	106,108,17,48,50,54,61,84,87,96	2	1,2,3,4,5,6,7,8,9,10	93	92	539	26|4|1|1|3|3|7|4|0|1|2|4
GA	Bostau	LTR	ERVK	BTLTR1F	chr9:30146848-30148015+	chrX:111142319-111143596+	36	105	0	689,692,705,706,721,730,746,803,806,807,816,819	696,699,714,715,730,739,755,809,812,813,822,825	2	23,24,25,26,27,28,29,31,32,33,34,35	77	130	877	36|15|2|1|3|7|17|11|2|3|2|6
GA	Bostau	LTR	ERVK	BTLTR1F	chr9:30146848-30148015+	chrX:38658455-38659159-	25	55	0	520,524,542,543,544,551,778,803,806,819,836	295,30,320,323,336,34,353,52,53,54,63	2	1,2,3,4,5,6,15,16,17,18,19	93	324	687	25|7|1|0|2|3|6|5|2|1|1|2
GA	Bostau	LTR	ERVK	BTLTR1F	chr9:31565197-31566362-	chrX:124293468-124294631-	32	93	0	210,211,214,245,282,358,363,416,431,436	206,207,210,232,269,344,349,402,418,423	2	5,6,7,8,9,11,12,13,14,15	144	218	1164	32|14|2|4|2|2|12|15|1|3|4|2
GA	Bostau	LTR	ERVK	LTR2B_BT	chr8:75003557-75004313+	chrX:121981727-121982513+	34	83	0	432,435,436,442,451,527,532,533,548,551,553,559	452,455,456,462,471,557,562,563,578,581,583,589	2	17,18,19,20,21,24,25,26,27,28,29,30	53	138	761	34|14|1|1|4|3|9|12|1|1|1|2
GA	Bostau	LTR	ERVK	BTLTR1F	chr9:39789714-39790772-	chrX:38662365-38663561-	44	104	0	103,105,793,806,81,823,838,84,841,93	106,108,818,831,84,855,87,870,873,96	2	4,5,6,7,8,40,41,42,43,44	81	790	991	44|10|2|2|3|6|10|13|2|4|1|7
GA	Bostau	LTR	ERVK	BTLTR1F	chrUn_NW_020190488v1:23011-24321+	chrX:38662365-38663561-	39	106	0	518,519,527,547,548,788,791,804,821,836,839	543,544,562,582,583,815,818,838,855,870,873	2	24,25,26,27,28,34,35,36,37,38,39	100	331	1039	39|11|1|3|6|5|11|16|1|4|0|9
GA	Bostau	LTR	ERVK	BTLTR1F	chrUn_NW_020191901v1:9815-11125-	chrX:38662365-38663561-	40	108	0	518,519,527,547,548,788,791,804,821,836,839	543,544,562,582,583,815,818,838,855,870,873	2	25,26,27,28,29,35,36,37,38,39,40	100	331	1039	40|12|1|3|7|4|11|15|2|3|1|9
GA	Bostau	LTR	ERVK	BTLTR1F	chrUn_NW_020192292v1:138804-139958-	chrX:38662365-38663561-	41	101	0	236,255,256,257,284,727,729,762,790,803,834,837	238,257,258,259,286,755,757,790,818,831,870,873	2	9,10,11,12,13,33,34,35,36,37,38,39	168	636	1167	41|9|0|4|3|6|9|19|3|3|3|1
GA	Bostau	LTR	ERVK	BTLTR1F	chrX:28363574-28364731+	chrX:38662365-38663561-	41	101	0	236,255,256,257,284,728,730,763,791,804,836,839	238,257,258,259,286,755,757,790,818,831,870,873	2	9,10,11,12,13,33,34,35,36,37,38,39	168	636	1168	41|9|0|4|3|6|9|19|3|3|3|1
GA	Bostau	LTR	ERVK	BTLTR1F	chrX:84520311-84521297+	chrX:111142319-111143596+	27	72	0	464,518,523,541,542,550,688,704,705,720,739,764	463,517,522,540,541,549,696,714,715,730,749,774	2	8,9,10,11,12,13,17,18,19,20,21,22	166	312	872	27|11|0|1|1|2|12|12|2|1|0|3
GA	Bostau	LTR	ERVK	LTR2B_BT	chrX:64611537-64612403-	chrX:121981727-121982513+	17	36	0	516,527,531,535,541,550,636,642,657,660,662	436,448,452,456,462,471,557,563,578,581,583	2	1,2,3,4,5,6,9,10,11,12,13	63	148	382	17|5|1|2|1|2|4|2|0|1|1|0
GA	Bostau	LTR	ERVK	LTR2B_BT	chrX:85691005-85691798+	chrX:121981727-121982513+	26	78	0	436,447,454,455,461,470,556,562,577,580,582	436,448,455,456,462,471,557,563,578,581,583	2	11,12,13,14,15,16,19,20,21,22,23	63	148	784	26|14|2|2|1|2|14|12|1|2|1|1
GA	Bostau	LTR	ERVK	ERV2-1-I_BT	chr26:2519028-2520883+	chr3:99179393-99181644+	40	66	0	1337,1338,1366,1367,1368,1372,1396,1405,1417,1420,1428,1430,1431,1465,1469,1489,1501,1504,1520,1537,1538,1552,1555	149,150,178,179,180,184,208,217,229,232,240,242,243,280,284,304,316,319,335,352,353,368,371	3	6,7,8,9,10,11,12,13,14,15,16,17,18,19,20,21,22,23,24,25,26,27,28	225	223	656	40|7|0|1|0|2|4|5|1|2|2|2
GA	Bostau	LTR	ERVK	ERV2-1-I_BT	chr29:50981339-50981697-	chr3:99179393-99181644+	25	46	0	118,146,147,148,152,300,317,318,322,335	150,178,179,180,184,335,352,353,357,371	2	5,6,7,8,9,21,22,23,24,25	72	222	356	25|8|0|0|1|0|0|6|3|2|0|1
GA	Bostau	LTR	ERVK	BTLTR1B	chr23:38948627-38949926+	chr6:27022325-27023615+	17	49	0	1020,1024,1052,1060,358,418,420,582,651,974	1011,1015,1043,1051,358,418,420,575,644,965	2	3,4,5,6,7,8,9,10,11,12	695	694	1294	17|4|2|0|3|0|5|9|1|3|1|4
