

TREE # 1

  0  0.0000  14382.334781  x:  0.06390   0.05085   0.10531   0.01227   0.08849   0.04620   0.09885   0.03403   0.09222   0.10616   0.01239   0.09168   0.01380   0.03889   0.09234   0.10438   0.08323   0.01405   0.02104   0.10222   0.09243   0.07665   0.01552   0.03316   0.07009   0.09667   0.04830   0.08933   0.01536   0.06554   0.03268   0.10134   0.02013   0.02523   0.08945   0.02377   0.08459   0.09105   0.08742   0.01046   0.10571   0.10409   0.02485   0.05300   0.09339   0.02408   0.09389   0.03082   0.04389   0.04879   0.04552   0.09632   0.07533   0.02079   0.04671   0.09354   0.10483   0.05762   0.09748   0.08371   0.02207   0.01614   0.04968   0.02623   0.08893   0.07716   0.04485   0.03843   0.06985   0.01120   0.06329   0.03255   0.07272   0.06136   0.05164   0.10344   0.05479   0.05419   0.07089   0.01540   0.02354   0.02454   0.08239   0.01149   0.03692   0.01532   0.06365   0.04396   0.08290   0.08805   0.02147   0.09897   0.09290   0.05529   0.04430   0.06437   0.01867   0.02068   0.01120   0.06355   0.07761   0.08767   0.04955   0.05429   0.04592   0.07286   0.10863   0.06555   0.05441   0.03486   0.09134   0.02109   0.01664   0.10458   0.06119   0.07301   0.09411   0.07798   0.01678   0.04387   0.07808   0.10709   0.10098   0.05065   0.04281   0.10038   0.08687   0.05920   0.09992   0.01829   0.05787   0.09240   0.05840   0.02495   0.07395   0.09060   0.07018   0.03195   0.09136   0.09779   0.01580   0.04519   0.07793   0.02179   0.05986   0.10062   0.04113   0.56420   0.54208   0.47997   0.50241  
  1 99.0000  12997.063568  x:  0.10518   0.05934   0.11290   0.08965   0.09777   0.06401   0.10187   0.03687   0.09009   0.10826   0.16609   0.09050   0.00229   0.02513   0.09521   0.10626   0.07682   0.02943   0.06714   0.12848   0.12939   0.10489   0.00000   0.01840   0.05233   0.08186   0.03282   0.07455   0.00418   0.05012   0.07417   0.08716   0.05231   0.11290   0.10219   0.01373   0.07947   0.08603   0.09807   0.23426   0.15708   0.10018   0.14964   0.08060   0.07716   0.02065   0.08162   0.13904   0.25526   0.12576   0.04962   0.10705   0.08794   0.16622   0.03233   0.07519   0.09352   0.06359   0.09390   0.12501   0.14412   0.25986   0.11149   0.00881   0.09587   0.07848   0.03663   0.04176   0.05700   0.00973   0.05868   0.06889   0.08639   0.07512   0.08976   0.09125   0.05980   0.10654   0.11036   0.03646   0.13370   0.02390   0.07453   0.42673   0.04631   0.10440   0.05550   0.04498   0.07412   0.08394   0.19040   0.08329   0.07631   0.05713   0.05367   0.08279   0.13402   0.17147   0.22114   0.11264   0.14323   0.10689   0.09805   0.06217   0.07053   0.09080   0.10775   0.11444   0.07740   0.02828   0.07770   0.08378   0.06767   0.10526   0.09823   0.06926   0.08931   0.08387   0.01129   0.05050   0.07706   0.09608   0.09688   0.04645   0.04374   0.10267   0.08570   0.05024   0.08969   0.01523   0.05393   0.08422   0.04572   0.01223   0.06273   0.09764   0.05799   0.03573   0.08687   0.09741   0.13460   0.04482   0.07704   0.02567   0.07647   0.13434   0.11647   0.56677   0.54491   0.48725   0.52176  
  2 7959.0756  12972.430997  x:  0.10721   0.05953   0.11304   0.09102   0.09872   0.06569   0.10227   0.03721   0.08978   0.10854   0.16788   0.08965   0.00000   0.02308   0.09561   0.10649   0.07601   0.02916   0.06778   0.13080   0.13235   0.10696   0.00000   0.01569   0.04958   0.07962   0.03052   0.07222   0.00467   0.04777   0.07530   0.08506   0.05206   0.11327   0.10345   0.01196   0.07867   0.08527   0.09927   0.23201   0.16130   0.09968   0.14997   0.08204   0.07486   0.01929   0.07963   0.13994   0.25784   0.12836   0.04996   0.10816   0.08913   0.16587   0.03044   0.07247   0.09147   0.06271   0.09240   0.12754   0.14445   0.25874   0.11430   0.00630   0.09660   0.07868   0.03569   0.04205   0.05493   0.01007   0.05752   0.07024   0.08755   0.07619   0.09231   0.08925   0.05904   0.10805   0.11282   0.03601   0.13432   0.02382   0.07221   0.42405   0.04397   0.10348   0.05435   0.04529   0.07287   0.08322   0.19019   0.08075   0.07359   0.05619   0.05288   0.08393   0.13365   0.17146   0.21957   0.11553   0.14686   0.10872   0.10031   0.06254   0.07239   0.09273   0.10707   0.11703   0.07853   0.02740   0.07594   0.08427   0.06761   0.10490   0.10125   0.06861   0.08853   0.08455   0.01038   0.05109   0.07693   0.09449   0.09634   0.04594   0.04384   0.10296   0.08556   0.04900   0.08824   0.01499   0.05345   0.08309   0.04387   0.01037   0.06122   0.09838   0.05620   0.03608   0.08596   0.09709   0.13457   0.04478   0.07691   0.02614   0.07792   0.13741   0.11851   0.56704   0.54530   0.48820   0.52369  
  3 1340.1889  12962.799026  x:  0.10831   0.05958   0.11305   0.09197   0.09916   0.06622   0.10248   0.03737   0.08952   0.10875   0.16905   0.08910   0.00000   0.02183   0.09587   0.10657   0.07563   0.02900   0.06789   0.13119   0.13265   0.10707   0.00000   0.01323   0.04700   0.07766   0.02898   0.07000   0.00000   0.04583   0.07533   0.08340   0.05208   0.11360   0.10362   0.01232   0.07834   0.08488   0.09950   0.23081   0.16182   0.09960   0.15035   0.08206   0.07304   0.01850   0.07798   0.14051   0.25945   0.12886   0.04994   0.10840   0.08923   0.16603   0.02978   0.07003   0.08963   0.06227   0.09118   0.12800   0.14474   0.25855   0.11450   0.00425   0.09683   0.07878   0.03565   0.04197   0.05301   0.00872   0.05623   0.07011   0.08758   0.07617   0.09233   0.08738   0.05824   0.10838   0.11309   0.03577   0.13482   0.02403   0.07030   0.42284   0.04203   0.10327   0.05392   0.04529   0.07217   0.08285   0.19046   0.07855   0.07113   0.05570   0.05264   0.08408   0.13367   0.17180   0.21885   0.11584   0.14707   0.10903   0.10048   0.06208   0.07236   0.09351   0.10661   0.11735   0.07854   0.02769   0.07480   0.08435   0.06743   0.10428   0.10182   0.06797   0.08778   0.08480   0.00949   0.05108   0.07685   0.09313   0.09600   0.04577   0.04387   0.10313   0.08551   0.04811   0.08706   0.01514   0.05325   0.08226   0.04220   0.00870   0.06001   0.09870   0.05461   0.03606   0.08532   0.09692   0.13479   0.04474   0.07679   0.02636   0.07806   0.13802   0.11892   0.56729   0.54565   0.48890   0.52464  
  4 1835.7201  12944.399065  x:  0.11029   0.05965   0.11301   0.09385   0.09993   0.06693   0.10287   0.03764   0.08897   0.10918   0.17134   0.08807   0.00000   0.01946   0.09639   0.10671   0.07498   0.02869   0.06792   0.13130   0.13227   0.10656   0.00000   0.00805   0.04153   0.07354   0.02596   0.06529   0.00014   0.04197   0.07498   0.08001   0.05224   0.11430   0.10361   0.01403   0.07781   0.08419   0.09961   0.22872   0.16152   0.09960   0.15121   0.08155   0.06933   0.01704   0.07455   0.14162   0.26258   0.12911   0.04974   0.10857   0.08903   0.16661   0.02883   0.06491   0.08577   0.06151   0.08869   0.12818   0.14535   0.25855   0.11394   0.00000   0.09710   0.07894   0.03591   0.04164   0.04893   0.00535   0.05340   0.06930   0.08720   0.07570   0.09139   0.08341   0.05652   0.10865   0.11280   0.03537   0.13588   0.02458   0.06636   0.42096   0.03801   0.10310   0.05327   0.04517   0.07087   0.08222   0.19126   0.07396   0.06595   0.05485   0.05234   0.08400   0.13389   0.17270   0.21770   0.11550   0.14618   0.10908   0.10006   0.06078   0.07157   0.09473   0.10573   0.11716   0.07812   0.02874   0.07261   0.08440   0.06702   0.10286   0.10208   0.06659   0.08619   0.08518   0.00759   0.05083   0.07671   0.09028   0.09535   0.04551   0.04391   0.10343   0.08541   0.04633   0.08464   0.01562   0.05293   0.08059   0.03869   0.00519   0.05751   0.09923   0.05126   0.03589   0.08403   0.09662   0.13541   0.04465   0.07655   0.02675   0.07784   0.13839   0.11916   0.56781   0.54640   0.49032   0.52629  
  5 4300.3663  12919.995871  x:  0.11288   0.05968   0.11290   0.09641   0.10089   0.06769   0.10338   0.03798   0.08817   0.10978   0.17439   0.08665   0.00000   0.01629   0.09710   0.10687   0.07418   0.02839   0.06796   0.13118   0.13142   0.10563   0.00000   0.00041   0.03341   0.06753   0.02183   0.05835   0.00021   0.03648   0.07447   0.07517   0.05245   0.11524   0.10341   0.01621   0.07715   0.08331   0.09961   0.22589   0.16072   0.09975   0.15239   0.08075   0.06406   0.01522   0.06961   0.14308   0.26672   0.12920   0.04951   0.10867   0.08863   0.16753   0.02780   0.05737   0.08017   0.06056   0.08515   0.12813   0.14619   0.25876   0.11298   0.00000   0.09742   0.07917   0.03635   0.04123   0.04307   0.00838   0.04948   0.06817   0.08664   0.07496   0.09013   0.07760   0.05417   0.10886   0.11214   0.03491   0.13727   0.02544   0.06065   0.41854   0.03215   0.10301   0.05251   0.04502   0.06916   0.08140   0.19247   0.06725   0.05830   0.05371   0.05201   0.08376   0.13428   0.17401   0.21623   0.11482   0.14465   0.10914   0.09942   0.05899   0.07050   0.09619   0.10455   0.11664   0.07744   0.03022   0.06955   0.08439   0.06649   0.10079   0.10218   0.06467   0.08395   0.08562   0.00486   0.05044   0.07653   0.08613   0.09447   0.04522   0.04396   0.10383   0.08529   0.04387   0.08115   0.01618   0.05255   0.07825   0.03352   0.00000   0.05394   0.09993   0.04634   0.03557   0.08225   0.09624   0.13632   0.04452   0.07618   0.02724   0.07739   0.13855   0.11927   0.56860   0.54752   0.49233   0.52845  
  6 12353.2178  12919.087654  x:  0.11286   0.05966   0.11287   0.09645   0.10086   0.06764   0.10339   0.03798   0.08813   0.10981   0.17439   0.08663   0.00000   0.01628   0.09712   0.10686   0.07420   0.02845   0.06800   0.13112   0.13137   0.10559   0.00000   0.00000   0.03294   0.06724   0.02181   0.05799   0.00022   0.03630   0.07451   0.07500   0.05244   0.11523   0.10335   0.01605   0.07716   0.08333   0.09958   0.22582   0.16069   0.09983   0.15239   0.08076   0.06389   0.01530   0.06940   0.14306   0.26670   0.12916   0.04954   0.10864   0.08862   0.16758   0.02788   0.05697   0.07993   0.06057   0.08504   0.12807   0.14620   0.25882   0.11302   0.00000   0.09740   0.07917   0.03635   0.04128   0.04282   0.00838   0.04938   0.06825   0.08663   0.07499   0.09024   0.07732   0.05416   0.10884   0.11210   0.03495   0.13725   0.02548   0.06040   0.41853   0.03186   0.10304   0.05255   0.04504   0.06917   0.08141   0.19251   0.06693   0.05788   0.05368   0.05203   0.08374   0.13429   0.17405   0.21622   0.11483   0.14464   0.10913   0.09947   0.05902   0.07060   0.09615   0.10456   0.11662   0.07745   0.03019   0.06947   0.08437   0.06650   0.10073   0.10218   0.06464   0.08390   0.08561   0.00477   0.05045   0.07653   0.08593   0.09445   0.04524   0.04396   0.10382   0.08529   0.04382   0.08100   0.01612   0.05256   0.07818   0.03324   0.00000   0.05381   0.09995   0.04608   0.03554   0.08221   0.09624   0.13634   0.04452   0.07616   0.02724   0.07737   0.13849   0.11922   0.56866   0.54758   0.49240   0.52845  
  7 2222.8434  12874.855824  x:  0.10933   0.05733   0.11019   0.09564   0.09777   0.06542   0.10360   0.03738   0.08609   0.11105   0.17055   0.08710   0.00000   0.01905   0.09658   0.10642   0.07575   0.02502   0.06740   0.13143   0.13334   0.10640   0.00000   0.00000   0.00000   0.05012   0.02786   0.03462   0.00032   0.03200   0.07409   0.06949   0.05255   0.11429   0.10342   0.01494   0.07888   0.08505   0.09996   0.22543   0.16444   0.10534   0.15096   0.08109   0.06056   0.01305   0.06014   0.14123   0.26078   0.12877   0.04846   0.10800   0.08960   0.16941   0.02883   0.02992   0.06764   0.06127   0.08153   0.12908   0.14547   0.26291   0.11514   0.00000   0.09752   0.07883   0.03543   0.03734   0.02968   0.00842   0.04561   0.06533   0.08621   0.07531   0.08969   0.06219   0.05391   0.10824   0.11309   0.03462   0.13433   0.02758   0.04753   0.42177   0.01420   0.10503   0.05393   0.04292   0.07164   0.08263   0.19283   0.04838   0.02868   0.05179   0.05154   0.08428   0.13442   0.17426   0.21846   0.11743   0.14618   0.11002   0.10124   0.05668   0.06664   0.09277   0.10672   0.11784   0.07857   0.03052   0.06949   0.08451   0.06772   0.10049   0.10445   0.06630   0.08393   0.08492   0.00194   0.05098   0.07728   0.07439   0.09477   0.04609   0.04383   0.10342   0.08580   0.04399   0.07432   0.02137   0.05337   0.07692   0.01427   0.00000   0.04870   0.10102   0.02891   0.03476   0.08243   0.09732   0.13604   0.04476   0.07485   0.02651   0.07828   0.13909   0.11970   0.57312   0.55237   0.49541   0.52607  
  8 2901.2003  12852.312316  x:  0.10883   0.05611   0.10877   0.09501   0.09642   0.06679   0.10388   0.03738   0.08498   0.11182   0.16868   0.08755   0.00000   0.02045   0.09559   0.10651   0.07566   0.02808   0.06641   0.13267   0.13366   0.10798   0.00000   0.00000   0.00000   0.04024   0.03079   0.01968   0.00029   0.03302   0.07380   0.06903   0.05287   0.11453   0.10466   0.01905   0.07921   0.08513   0.10054   0.22593   0.16517   0.10815   0.15019   0.08034   0.06177   0.01163   0.05697   0.14188   0.25881   0.13036   0.04919   0.10905   0.08938   0.16871   0.02664   0.00974   0.06188   0.05993   0.08106   0.13042   0.14486   0.26400   0.11440   0.00000   0.09842   0.07912   0.03630   0.04348   0.02324   0.00851   0.04470   0.06595   0.08613   0.07504   0.08851   0.05423   0.05340   0.10895   0.11320   0.03383   0.13381   0.03036   0.04187   0.42476   0.00273   0.10462   0.05301   0.04431   0.07274   0.08307   0.19145   0.03817   0.00620   0.04981   0.05027   0.08439   0.13366   0.17362   0.21982   0.11628   0.14612   0.11059   0.10099   0.05847   0.06847   0.09354   0.10793   0.11765   0.07776   0.03119   0.07126   0.08460   0.06680   0.10152   0.10393   0.06846   0.08491   0.08534   0.00071   0.05044   0.07755   0.06749   0.09512   0.04574   0.04390   0.10281   0.08554   0.04568   0.07133   0.01882   0.05305   0.07747   0.00000   0.00000   0.04742   0.10196   0.01650   0.03487   0.08356   0.09789   0.13498   0.04518   0.07389   0.02631   0.07829   0.14039   0.12037   0.57681   0.55579   0.49652   0.52585  
  9 2511.5622  12848.061598  x:  0.10938   0.05600   0.10860   0.09513   0.09641   0.06730   0.10393   0.03747   0.08478   0.11199   0.16872   0.08752   0.00000   0.02045   0.09548   0.10660   0.07542   0.02772   0.06630   0.13269   0.13337   0.10771   0.00000   0.00000   0.00000   0.03863   0.03081   0.01774   0.00029   0.03358   0.07396   0.06941   0.05282   0.11465   0.10476   0.01903   0.07895   0.08494   0.10045   0.22593   0.16494   0.10853   0.15022   0.08035   0.06245   0.01226   0.05692   0.14229   0.25922   0.13049   0.04927   0.10922   0.08920   0.16826   0.02645   0.00435   0.06123   0.05940   0.08119   0.13032   0.14478   0.26376   0.11449   0.00000   0.09859   0.07916   0.03621   0.04193   0.02250   0.00852   0.04464   0.06639   0.08613   0.07512   0.08893   0.05309   0.05340   0.10921   0.11291   0.03400   0.13395   0.03081   0.04144   0.42536   0.00008   0.10432   0.05269   0.04422   0.07261   0.08299   0.19100   0.03674   0.00000   0.04932   0.05001   0.08425   0.13344   0.17355   0.21985   0.11606   0.14610   0.11052   0.10122   0.05872   0.06862   0.09412   0.10798   0.11746   0.07763   0.03099   0.07165   0.08457   0.06647   0.10174   0.10347   0.06901   0.08518   0.08550   0.00041   0.05039   0.07754   0.06614   0.09514   0.04559   0.04393   0.10276   0.08543   0.04608   0.07100   0.01828   0.05289   0.07774   0.00000   0.00000   0.04750   0.10212   0.01330   0.03486   0.08383   0.09790   0.13472   0.04536   0.07363   0.02638   0.07815   0.14035   0.12031   0.57782   0.55660   0.49660   0.52621  
 10 1705.0083  12847.985127  x:  0.10939   0.05600   0.10860   0.09514   0.09641   0.06731   0.10393   0.03748   0.08477   0.11199   0.16873   0.08751   0.00000   0.02045   0.09549   0.10660   0.07542   0.02772   0.06630   0.13268   0.13336   0.10771   0.00000   0.00000   0.00000   0.03860   0.03080   0.01773   0.00029   0.03358   0.07396   0.06942   0.05282   0.11465   0.10476   0.01901   0.07895   0.08493   0.10045   0.22593   0.16494   0.10854   0.15022   0.08036   0.06247   0.01225   0.05692   0.14230   0.25923   0.13048   0.04927   0.10922   0.08920   0.16825   0.02646   0.00418   0.06122   0.05939   0.08119   0.13031   0.14478   0.26375   0.11450   0.00000   0.09859   0.07916   0.03621   0.04195   0.02248   0.00852   0.04463   0.06638   0.08613   0.07513   0.08893   0.05307   0.05340   0.10921   0.11291   0.03400   0.13395   0.03082   0.04144   0.42537   0.00000   0.10432   0.05269   0.04422   0.07260   0.08299   0.19099   0.03672   0.00000   0.04931   0.05001   0.08425   0.13344   0.17355   0.21984   0.11606   0.14610   0.11052   0.10123   0.05872   0.06861   0.09412   0.10797   0.11746   0.07763   0.03099   0.07165   0.08457   0.06647   0.10174   0.10346   0.06902   0.08519   0.08550   0.00040   0.05039   0.07754   0.06611   0.09514   0.04559   0.04393   0.10277   0.08542   0.04608   0.07099   0.01829   0.05288   0.07774   0.00000   0.00000   0.04751   0.10212   0.01320   0.03485   0.08384   0.09790   0.13472   0.04537   0.07362   0.02638   0.07815   0.14035   0.12030   0.57785   0.55663   0.49660   0.52622  
 11 1421.0406  12846.537504  x:  0.10955   0.05596   0.10851   0.09535   0.09634   0.06714   0.10390   0.03747   0.08466   0.11208   0.16871   0.08742   0.00000   0.02030   0.09558   0.10658   0.07544   0.02782   0.06635   0.13264   0.13344   0.10776   0.00000   0.00000   0.00000   0.03840   0.03066   0.01798   0.00029   0.03346   0.07390   0.06945   0.05284   0.11460   0.10474   0.01899   0.07897   0.08495   0.10047   0.22578   0.16503   0.10860   0.15024   0.08031   0.06256   0.01239   0.05692   0.14218   0.25931   0.13051   0.04929   0.10916   0.08924   0.16828   0.02649   0.00000   0.06101   0.05932   0.08116   0.13032   0.14482   0.26360   0.11450   0.00000   0.09863   0.07916   0.03619   0.04190   0.02220   0.00853   0.04443   0.06633   0.08610   0.07512   0.08882   0.05272   0.05327   0.10914   0.11295   0.03397   0.13382   0.03109   0.04164   0.42559   0.00000   0.10442   0.05280   0.04430   0.07255   0.08300   0.19101   0.03652   0.00000   0.04914   0.04996   0.08427   0.13348   0.17370   0.21973   0.11614   0.14607   0.11055   0.10117   0.05873   0.06870   0.09399   0.10790   0.11751   0.07765   0.03106   0.07163   0.08458   0.06655   0.10171   0.10357   0.06926   0.08525   0.08546   0.00008   0.05039   0.07755   0.06541   0.09510   0.04564   0.04393   0.10277   0.08540   0.04606   0.07086   0.01823   0.05292   0.07775   0.00000   0.00000   0.04749   0.10219   0.01084   0.03478   0.08383   0.09786   0.13477   0.04558   0.07343   0.02639   0.07819   0.14031   0.12032   0.57855   0.55709   0.49666   0.52625  
 12 2593.2954  12846.416520  x:  0.10956   0.05596   0.10850   0.09538   0.09632   0.06712   0.10390   0.03747   0.08464   0.11209   0.16869   0.08741   0.00000   0.02028   0.09558   0.10658   0.07544   0.02781   0.06634   0.13264   0.13344   0.10776   0.00000   0.00000   0.00000   0.03841   0.03065   0.01800   0.00029   0.03343   0.07391   0.06944   0.05284   0.11460   0.10474   0.01901   0.07898   0.08496   0.10047   0.22575   0.16502   0.10860   0.15024   0.08031   0.06255   0.01237   0.05690   0.14217   0.25930   0.13051   0.04929   0.10916   0.08924   0.16830   0.02648   0.00000   0.06097   0.05931   0.08114   0.13033   0.14483   0.26359   0.11451   0.00000   0.09865   0.07916   0.03620   0.04191   0.02215   0.00853   0.04441   0.06635   0.08611   0.07512   0.08884   0.05267   0.05326   0.10914   0.11295   0.03396   0.13380   0.03104   0.04167   0.42563   0.00000   0.10444   0.05280   0.04429   0.07255   0.08300   0.19102   0.03651   0.00000   0.04914   0.04996   0.08427   0.13349   0.17372   0.21972   0.11613   0.14607   0.11056   0.10118   0.05872   0.06871   0.09398   0.10789   0.11750   0.07764   0.03106   0.07162   0.08458   0.06655   0.10169   0.10357   0.06929   0.08525   0.08545   0.00000   0.05039   0.07755   0.06530   0.09510   0.04565   0.04392   0.10277   0.08540   0.04604   0.07083   0.01822   0.05292   0.07774   0.00000   0.00000   0.04748   0.10222   0.01039   0.03477   0.08383   0.09785   0.13478   0.04563   0.07340   0.02639   0.07818   0.14032   0.12032   0.57868   0.55716   0.49667   0.52624  
 13 1608.0088  12843.899230  x:  0.10958   0.05576   0.10811   0.09588   0.09558   0.06764   0.10400   0.03746   0.08430   0.11235   0.16820   0.08739   0.00000   0.02043   0.09537   0.10659   0.07549   0.02832   0.06652   0.13287   0.13320   0.10775   0.00000   0.00000   0.00000   0.03962   0.03057   0.01739   0.00031   0.03262   0.07396   0.06862   0.05270   0.11484   0.10473   0.01901   0.07901   0.08499   0.10035   0.22538   0.16481   0.10818   0.15020   0.08054   0.06159   0.01264   0.05638   0.14260   0.25894   0.13059   0.04926   0.10942   0.08912   0.16862   0.02643   0.00000   0.06046   0.05940   0.08063   0.13033   0.14476   0.26402   0.11457   0.00000   0.09847   0.07918   0.03619   0.04201   0.02152   0.00854   0.04420   0.06597   0.08610   0.07519   0.08914   0.05197   0.05330   0.10915   0.11320   0.03427   0.13449   0.03165   0.04199   0.42577   0.00000   0.10439   0.05242   0.04445   0.07267   0.08293   0.19136   0.03690   0.00000   0.04993   0.05022   0.08429   0.13350   0.17345   0.21971   0.11633   0.14614   0.11047   0.10160   0.05845   0.06861   0.09427   0.10795   0.11749   0.07774   0.03083   0.07105   0.08457   0.06615   0.10124   0.10342   0.06967   0.08507   0.08567   0.00000   0.05045   0.07769   0.06360   0.09499   0.04552   0.04395   0.10275   0.08549   0.04559   0.07040   0.01874   0.05283   0.07729   0.00000   0.00000   0.04696   0.10281   0.00000   0.03464   0.08354   0.09788   0.13498   0.04714   0.07252   0.02630   0.07806   0.14056   0.12033   0.58128   0.55830   0.49692   0.52607  
 14 1430.9150  12824.123726  x:  0.11916   0.05282   0.10034   0.10233   0.07779   0.07852   0.10725   0.03894   0.07978   0.11591   0.16427   0.09099   0.00000   0.03217   0.09265   0.10905   0.07193   0.01573   0.06584   0.12930   0.13647   0.10794   0.00000   0.00000   0.00000   0.05103   0.03491   0.00198   0.00071   0.02241   0.06868   0.04623   0.05625   0.11747   0.10104   0.00000   0.07273   0.08136   0.09992   0.22728   0.17686   0.10336   0.15178   0.07565   0.02769   0.00385   0.03714   0.15382   0.26243   0.12377   0.05011   0.10572   0.09495   0.16785   0.03750   0.00000   0.05370   0.07091   0.06949   0.12696   0.14363   0.28765   0.11406   0.00000   0.08909   0.07738   0.03483   0.04524   0.01237   0.00884   0.04692   0.06799   0.08425   0.07657   0.07096   0.04934   0.05388   0.10369   0.10638   0.02153   0.14494   0.02820   0.02849   0.41728   0.00000   0.09363   0.04999   0.04246   0.07411   0.08248   0.19511   0.04836   0.00000   0.04546   0.04797   0.08209   0.13117   0.16055   0.23019   0.12218   0.14460   0.11063   0.09133   0.06145   0.07755   0.10735   0.11435   0.12213   0.08459   0.03812   0.06371   0.08484   0.06441   0.09165   0.10326   0.06794   0.07495   0.08745   0.00000   0.05027   0.07821   0.05092   0.09509   0.04327   0.04429   0.10126   0.08580   0.03954   0.06264   0.00610   0.04936   0.06522   0.00000   0.00000   0.03160   0.11463   0.00000   0.02657   0.07841   0.10215   0.13485   0.09921   0.05073   0.02634   0.08213   0.13827   0.12315   0.62896   0.56758   0.50201   0.52827  
 15 304.8451  12816.650551  x:  0.12476   0.05184   0.09731   0.10471   0.07082   0.08147   0.10861   0.03974   0.07832   0.11706   0.16380   0.09250   0.00000   0.03812   0.09247   0.11018   0.07009   0.01336   0.06705   0.12615   0.13815   0.10798   0.00000   0.00000   0.00000   0.05069   0.03743   0.00000   0.00070   0.01943   0.06840   0.03696   0.05709   0.11743   0.09834   0.01002   0.06984   0.07960   0.09919   0.22910   0.18319   0.10349   0.15274   0.07521   0.01356   0.00607   0.02806   0.15763   0.26558   0.11983   0.05065   0.10250   0.09803   0.16605   0.04562   0.00000   0.05093   0.07645   0.06484   0.12403   0.14309   0.29844   0.11670   0.00000   0.08509   0.07644   0.03356   0.04684   0.00983   0.00908   0.04896   0.07080   0.08393   0.07847   0.06940   0.04926   0.05585   0.10138   0.10350   0.01962   0.14786   0.02689   0.01875   0.41114   0.00000   0.08842   0.05073   0.04127   0.07434   0.08260   0.19576   0.05152   0.00000   0.04175   0.04718   0.08102   0.12993   0.15523   0.23517   0.12612   0.14590   0.11053   0.09006   0.06321   0.08162   0.11244   0.11736   0.12449   0.08846   0.03924   0.06089   0.08435   0.06514   0.08783   0.10418   0.06564   0.06986   0.08741   0.00000   0.05107   0.07802   0.04927   0.09545   0.04289   0.04439   0.10114   0.08599   0.03745   0.05960   0.00690   0.04830   0.06026   0.00000   0.00000   0.02477   0.11841   0.00000   0.02243   0.07657   0.10430   0.13396   0.12316   0.04150   0.02669   0.08420   0.13539   0.12332   0.64644   0.56887   0.50424   0.53051  
 16 872.7998  12805.929378  x:  0.13110   0.05099   0.09407   0.10743   0.06336   0.08342   0.11048   0.04047   0.07751   0.11764   0.16374   0.09403   0.00000   0.04459   0.09202   0.11102   0.06822   0.02408   0.06399   0.12559   0.13946   0.10992   0.00000   0.00000   0.00000   0.04214   0.04163   0.00000   0.00078   0.01597   0.06979   0.02696   0.05839   0.11745   0.09942   0.00727   0.06813   0.07789   0.10083   0.23257   0.18536   0.10622   0.15369   0.07352   0.01161   0.00893   0.01552   0.16066   0.26918   0.12304   0.05061   0.10073   0.09920   0.16432   0.04712   0.00000   0.04564   0.08029   0.05857   0.12580   0.14333   0.31370   0.11428   0.00000   0.08706   0.07639   0.03482   0.04563   0.00753   0.00914   0.05118   0.07304   0.08350   0.07682   0.07237   0.04959   0.05675   0.10282   0.10330   0.02350   0.14828   0.02240   0.00000   0.39930   0.00000   0.08429   0.05160   0.04010   0.07489   0.08331   0.19647   0.05075   0.00000   0.03770   0.04614   0.08096   0.12903   0.15162   0.24253   0.12079   0.14542   0.11133   0.08997   0.06187   0.08054   0.11638   0.12099   0.12396   0.08637   0.04407   0.05802   0.08298   0.06531   0.08443   0.10601   0.05833   0.06107   0.08695   0.00000   0.04953   0.07737   0.05517   0.09618   0.04282   0.04441   0.10123   0.08635   0.03521   0.05555   0.01393   0.04785   0.05428   0.00000   0.00000   0.01621   0.12173   0.00000   0.01967   0.07475   0.10737   0.13254   0.15510   0.03063   0.02709   0.08489   0.13613   0.12419   0.66072   0.56403   0.50761   0.53305  
 17 435.6629  12792.135656  x:  0.14056   0.04947   0.08796   0.11420   0.05035   0.08482   0.11461   0.04111   0.07674   0.11797   0.16289   0.09531   0.00000   0.05650   0.09068   0.11157   0.06682   0.01335   0.06054   0.12684   0.13866   0.10984   0.00000   0.00000   0.00000   0.01658   0.04927   0.00000   0.00091   0.00687   0.07409   0.01479   0.05771   0.11795   0.10143   0.00782   0.06824   0.07711   0.10177   0.23830   0.18314   0.11297   0.15498   0.07678   0.02236   0.00292   0.00000   0.16505   0.27361   0.12773   0.05048   0.10051   0.09819   0.16444   0.04752   0.00000   0.03050   0.08636   0.04393   0.12885   0.14417   0.34639   0.11397   0.00000   0.09079   0.07701   0.03680   0.05031   0.00145   0.00922   0.05126   0.07107   0.08386   0.07533   0.08246   0.05052   0.05857   0.10635   0.10595   0.02735   0.15179   0.03955   0.00000   0.36954   0.00000   0.08307   0.05260   0.04132   0.07719   0.08545   0.19987   0.04035   0.00000   0.04779   0.04719   0.08111   0.12904   0.15089   0.25607   0.11259   0.14615   0.11169   0.09896   0.05701   0.07621   0.12015   0.12727   0.12164   0.08222   0.04748   0.04840   0.08021   0.06457   0.07716   0.11200   0.03854   0.04101   0.08640   0.00000   0.04913   0.07612   0.07407   0.09719   0.04306   0.04441   0.10077   0.08658   0.03044   0.04420   0.00261   0.04804   0.04237   0.00000   0.00000   0.00401   0.12632   0.00000   0.01857   0.07047   0.11346   0.13110   0.22150   0.00964   0.02745   0.08347   0.13948   0.12368   0.67873   0.54674   0.51655   0.53636  
 18 548.7426  12789.751645  x:  0.14149   0.04926   0.08718   0.11519   0.04881   0.08500   0.11519   0.04114   0.07665   0.11799   0.16270   0.09533   0.00000   0.05786   0.09046   0.11158   0.06678   0.01223   0.06025   0.12717   0.13847   0.10982   0.00000   0.00000   0.00000   0.01288   0.05003   0.00000   0.00093   0.00553   0.07452   0.01414   0.05761   0.11813   0.10173   0.00757   0.06841   0.07721   0.10178   0.23879   0.18271   0.11372   0.15508   0.07711   0.02213   0.00337   0.00267   0.16578   0.27402   0.12828   0.05063   0.10075   0.09793   0.16480   0.04715   0.00000   0.02820   0.08699   0.04196   0.12927   0.14429   0.35076   0.11406   0.00000   0.09110   0.07711   0.03698   0.05100   0.00000   0.00926   0.05089   0.07115   0.08395   0.07531   0.08291   0.05028   0.05857   0.10675   0.10598   0.02680   0.15224   0.04063   0.00000   0.36538   0.00000   0.08323   0.05255   0.04156   0.07751   0.08568   0.20050   0.03826   0.00000   0.04918   0.04734   0.08109   0.12915   0.15102   0.25772   0.11186   0.14618   0.11179   0.09970   0.05680   0.07650   0.12050   0.12800   0.12140   0.08177   0.04784   0.04692   0.07995   0.06437   0.07613   0.11292   0.03576   0.03836   0.08641   0.00000   0.04912   0.07601   0.07671   0.09725   0.04305   0.04441   0.10073   0.08669   0.02962   0.04259   0.00304   0.04807   0.04095   0.00000   0.00000   0.00472   0.12688   0.00000   0.01864   0.06992   0.11422   0.13109   0.23014   0.00699   0.02746   0.08323   0.14007   0.12366   0.68037   0.54413   0.51792   0.53661  
 19 898.1627  12785.757866  x:  0.14259   0.04896   0.08585   0.11780   0.04685   0.08523   0.11627   0.04101   0.07655   0.11796   0.16198   0.09464   0.00000   0.05946   0.09008   0.11137   0.06720   0.01237   0.06102   0.12825   0.13746   0.10937   0.00000   0.00000   0.00000   0.00569   0.05016   0.00000   0.00095   0.00446   0.07500   0.01832   0.05703   0.11887   0.10247   0.00711   0.06923   0.07823   0.10093   0.23883   0.18098   0.11453   0.15507   0.07812   0.01981   0.00366   0.00000   0.16647   0.27400   0.12836   0.05105   0.10217   0.09683   0.16632   0.04530   0.00000   0.02444   0.08698   0.03953   0.12960   0.14461   0.35809   0.11529   0.00000   0.09099   0.07735   0.03674   0.05100   0.00000   0.00933   0.04898   0.07115   0.08426   0.07605   0.08167   0.04939   0.05802   0.10727   0.10539   0.02358   0.15326   0.04095   0.00000   0.35792   0.00000   0.08488   0.05173   0.04203   0.07790   0.08580   0.20197   0.03300   0.00000   0.05276   0.04792   0.08094   0.12978   0.15255   0.25993   0.11250   0.14626   0.11180   0.10060   0.05710   0.07840   0.12052   0.12869   0.12112   0.08168   0.04724   0.04413   0.07997   0.06353   0.07445   0.11497   0.03124   0.03449   0.08678   0.00000   0.04961   0.07595   0.08178   0.09711   0.04287   0.04443   0.10073   0.08696   0.02826   0.03996   0.00446   0.04818   0.04003   0.00000   0.00000   0.00984   0.12738   0.00000   0.01958   0.06926   0.11520   0.13172   0.24622   0.00226   0.02739   0.08243   0.14133   0.12345   0.68169   0.53872   0.52079   0.53652  
 20 694.3773  12783.579913  x:  0.14287   0.04882   0.08524   0.11938   0.04638   0.08524   0.11680   0.04086   0.07651   0.11793   0.16140   0.09393   0.00000   0.05984   0.08997   0.11118   0.06759   0.01474   0.06205   0.12874   0.13680   0.10906   0.00000   0.00000   0.00000   0.00244   0.04970   0.00000   0.00095   0.00439   0.07502   0.01977   0.05653   0.11927   0.10294   0.00723   0.06973   0.07916   0.10006   0.23840   0.18017   0.11485   0.15495   0.07874   0.01845   0.00279   0.00080   0.16658   0.27372   0.12766   0.05094   0.10297   0.09621   0.16734   0.04421   0.00000   0.02323   0.08641   0.03936   0.12941   0.14477   0.36123   0.11644   0.00000   0.09056   0.07743   0.03630   0.05006   0.00000   0.00935   0.04745   0.07046   0.08433   0.07662   0.08056   0.04836   0.05767   0.10732   0.10510   0.02270   0.15373   0.03993   0.00000   0.35459   0.00000   0.08607   0.05112   0.04181   0.07792   0.08566   0.20272   0.02946   0.00000   0.05423   0.04835   0.08086   0.13023   0.15370   0.26057   0.11405   0.14644   0.11165   0.10072   0.05686   0.07870   0.12015   0.12873   0.12123   0.08225   0.04630   0.04315   0.08021   0.06308   0.07389   0.11623   0.02975   0.03355   0.08709   0.00000   0.05011   0.07600   0.08425   0.09695   0.04275   0.04446   0.10076   0.08706   0.02802   0.03894   0.00311   0.04825   0.04070   0.00000   0.00000   0.00813   0.12706   0.00000   0.02013   0.06905   0.11541   0.13231   0.25424   0.00000   0.02734   0.08203   0.14177   0.12327   0.68133   0.53586   0.52239   0.53623  
 21 576.7373  12780.719922  x:  0.14314   0.04869   0.08448   0.12195   0.04645   0.08518   0.11747   0.04061   0.07648   0.11787   0.16051   0.09243   0.00000   0.05933   0.08991   0.11085   0.06820   0.01352   0.06309   0.12937   0.13600   0.10871   0.00000   0.00000   0.00000   0.00000   0.04809   0.00000   0.00096   0.00347   0.07490   0.01868   0.05596   0.11985   0.10396   0.00692   0.07041   0.08087   0.09868   0.23721   0.17929   0.11521   0.15467   0.07910   0.01866   0.00546   0.00043   0.16643   0.27325   0.12694   0.05108   0.10414   0.09543   0.16889   0.04176   0.00000   0.02273   0.08461   0.04063   0.12914   0.14506   0.36460   0.11740   0.00000   0.08998   0.07758   0.03601   0.05105   0.00000   0.00940   0.04491   0.07020   0.08433   0.07726   0.07851   0.04625   0.05672   0.10724   0.10483   0.02221   0.15427   0.03846   0.00000   0.35110   0.00000   0.08795   0.05013   0.04222   0.07767   0.08525   0.20363   0.02366   0.00000   0.05535   0.04864   0.08074   0.13097   0.15574   0.26076   0.11602   0.14639   0.11149   0.09968   0.05730   0.08025   0.11936   0.12832   0.12146   0.08302   0.04504   0.04286   0.08077   0.06246   0.07363   0.11782   0.02882   0.03370   0.08762   0.00000   0.05060   0.07613   0.08746   0.09660   0.04252   0.04449   0.10086   0.08724   0.02821   0.03837   0.00437   0.04831   0.04289   0.00000   0.00000   0.00440   0.12596   0.00000   0.02090   0.06926   0.11528   0.13341   0.26528   0.00000   0.02730   0.08160   0.14229   0.12323   0.67940   0.53184   0.52475   0.53570  
 22 543.3376  12776.057166  x:  0.14380   0.04839   0.08318   0.12615   0.04685   0.08436   0.11850   0.04023   0.07634   0.11783   0.15932   0.08965   0.00000   0.05790   0.09030   0.11035   0.06901   0.01404   0.06454   0.12923   0.13522   0.10862   0.00000   0.00000   0.00000   0.00000   0.04486   0.00000   0.00100   0.00000   0.07508   0.01196   0.05542   0.12029   0.10535   0.00739   0.07106   0.08385   0.09639   0.23471   0.17932   0.11676   0.15425   0.07925   0.01954   0.00417   0.00019   0.16562   0.27286   0.12574   0.05132   0.10473   0.09491   0.17111   0.03894   0.00000   0.02204   0.08165   0.04322   0.12813   0.14553   0.36963   0.11814   0.00000   0.08892   0.07758   0.03554   0.05038   0.00000   0.00940   0.04061   0.07024   0.08401   0.07794   0.07764   0.04081   0.05531   0.10652   0.10506   0.02476   0.15461   0.03770   0.00000   0.34648   0.00000   0.09035   0.04945   0.04300   0.07697   0.08456   0.20487   0.01281   0.00000   0.05438   0.04872   0.08058   0.13210   0.15878   0.26068   0.11875   0.14627   0.11119   0.09788   0.05779   0.08219   0.11763   0.12754   0.12196   0.08441   0.04326   0.04351   0.08145   0.06227   0.07344   0.12007   0.02811   0.03514   0.08813   0.00000   0.05115   0.07627   0.09201   0.09605   0.04244   0.04451   0.10102   0.08737   0.02915   0.03753   0.00435   0.04850   0.04649   0.00000   0.00000   0.00732   0.12356   0.00000   0.02132   0.07025   0.11490   0.13511   0.28353   0.00000   0.02730   0.08139   0.14190   0.12305   0.67468   0.52536   0.52903   0.53510  
 23 619.3700  12765.696292  x:  0.14618   0.04675   0.07883   0.13637   0.04637   0.07739   0.12080   0.03947   0.07482   0.11846   0.15851   0.08163   0.00000   0.05018   0.09347   0.10943   0.07013   0.01331   0.06324   0.12522   0.13782   0.11047   0.00000   0.00000   0.00000   0.00000   0.02937   0.00000   0.00098   0.00000   0.07689   0.02419   0.05844   0.11932   0.10665   0.00852   0.07114   0.08919   0.09562   0.22497   0.18578   0.12445   0.15427   0.07701   0.01746   0.00092   0.00119   0.16153   0.27408   0.12713   0.05140   0.10012   0.09754   0.17615   0.03823   0.00000   0.01394   0.07620   0.04294   0.12677   0.14705   0.38148   0.11520   0.00000   0.08951   0.07687   0.03670   0.05091   0.00000   0.00909   0.02977   0.07232   0.08234   0.07652   0.08874   0.01597   0.05044   0.10347   0.10768   0.02721   0.15130   0.04347   0.00000   0.33901   0.00000   0.09358   0.05381   0.04389   0.07439   0.08352   0.20824   0.00120   0.00000   0.04338   0.04702   0.08114   0.13462   0.16440   0.25883   0.11772   0.14563   0.11183   0.09867   0.05473   0.08078   0.11051   0.12573   0.12272   0.08428   0.04423   0.04554   0.08106   0.06636   0.07165   0.12225   0.02486   0.03870   0.08672   0.00000   0.05031   0.07627   0.09665   0.09452   0.04436   0.04420   0.10154   0.08746   0.02963   0.03236   0.00613   0.04986   0.04681   0.00000   0.00000   0.00566   0.11701   0.00000   0.01985   0.07172   0.11336   0.13913   0.33141   0.00000   0.02748   0.08333   0.13805   0.12326   0.65724   0.51129   0.54308   0.53553  
 24 324.8762  12760.973757  x:  0.14804   0.04564   0.07606   0.14295   0.04644   0.07296   0.12226   0.03900   0.07373   0.11897   0.15817   0.07659   0.00000   0.04555   0.09541   0.10875   0.07095   0.01335   0.06322   0.12338   0.13889   0.11111   0.00000   0.00000   0.00000   0.00000   0.02107   0.00000   0.00094   0.00000   0.07780   0.02718   0.05945   0.11873   0.10764   0.00920   0.07156   0.09258   0.09474   0.21912   0.18873   0.13009   0.15425   0.07627   0.01762   0.00077   0.00150   0.15887   0.27508   0.12726   0.05124   0.09811   0.09848   0.17918   0.03703   0.00000   0.00748   0.07213   0.04271   0.12609   0.14805   0.38879   0.11493   0.00000   0.09019   0.07664   0.03709   0.05170   0.00000   0.00897   0.02209   0.07278   0.08145   0.07613   0.09352   0.00000   0.04711   0.10215   0.10872   0.02855   0.14870   0.04585   0.00000   0.33382   0.00000   0.09649   0.05606   0.04403   0.07278   0.08294   0.20999   0.00481   0.00000   0.03749   0.04606   0.08139   0.13624   0.16896   0.25786   0.11843   0.14537   0.11221   0.09922   0.05279   0.07968   0.10598   0.12461   0.12315   0.08440   0.04425   0.04641   0.08106   0.06852   0.07076   0.12455   0.02266   0.04038   0.08597   0.00000   0.05024   0.07623   0.09847   0.09357   0.04548   0.04404   0.10189   0.08742   0.03019   0.02810   0.00636   0.05077   0.04786   0.00000   0.00000   0.00594   0.11316   0.00000   0.01956   0.07274   0.11257   0.14142   0.36016   0.00000   0.02765   0.08408   0.13625   0.12320   0.64715   0.50297   0.55193   0.53597  
 25 1974.7052  12755.526542  x:  0.15104   0.04357   0.07168   0.15203   0.04580   0.06545   0.12399   0.03847   0.07122   0.12041   0.15844   0.06963   0.00000   0.03749   0.09843   0.10785   0.07194   0.01520   0.06290   0.12135   0.14081   0.11148   0.00000   0.00000   0.00000   0.00000   0.01031   0.00000   0.00086   0.00000   0.07855   0.02831   0.06038   0.11733   0.10793   0.00989   0.07229   0.09587   0.09514   0.20973   0.19231   0.13906   0.15463   0.07580   0.01764   0.00554   0.00144   0.15463   0.27703   0.12744   0.04989   0.09512   0.09981   0.18311   0.03691   0.00000   0.00071   0.06691   0.03960   0.12626   0.14950   0.39691   0.11597   0.00000   0.09272   0.07651   0.03785   0.05450   0.00000   0.00881   0.01189   0.07140   0.08029   0.07526   0.10021   0.00695   0.04203   0.10098   0.11013   0.02839   0.14291   0.04782   0.00000   0.32921   0.00000   0.10091   0.06006   0.04238   0.07043   0.08247   0.21220   0.00621   0.00000   0.03006   0.04500   0.08200   0.13831   0.17534   0.25573   0.11987   0.14531   0.11300   0.10199   0.04751   0.07403   0.09889   0.12313   0.12333   0.08346   0.04549   0.04615   0.08076   0.07188   0.06906   0.12721   0.01959   0.04192   0.08431   0.00000   0.05018   0.07618   0.09375   0.09211   0.04750   0.04374   0.10240   0.08713   0.03002   0.02038   0.00399   0.05228   0.04653   0.00000   0.00000   0.00824   0.10944   0.00000   0.01961   0.07341   0.11137   0.14422   0.39682   0.00000   0.02790   0.08499   0.13448   0.12314   0.63515   0.49585   0.56495   0.53721  
 26 562.8730  12752.323545  x:  0.15360   0.04180   0.06804   0.15935   0.04494   0.05912   0.12536   0.03808   0.06900   0.12171   0.15898   0.06422   0.00000   0.03086   0.10088   0.10710   0.07277   0.01670   0.06271   0.12010   0.14214   0.11160   0.00000   0.00000   0.00000   0.00000   0.00335   0.00000   0.00080   0.00000   0.07914   0.02856   0.06081   0.11612   0.10780   0.01044   0.07311   0.09807   0.09583   0.20211   0.19426   0.14652   0.15508   0.07565   0.01729   0.00805   0.00153   0.15119   0.27879   0.12807   0.04918   0.09309   0.10055   0.18629   0.03697   0.00000   0.00850   0.06353   0.03600   0.12682   0.15072   0.40353   0.11720   0.00000   0.09506   0.07650   0.03843   0.05615   0.00000   0.00869   0.00519   0.07075   0.07960   0.07474   0.10501   0.00949   0.03763   0.10038   0.11104   0.02741   0.13793   0.05027   0.00167   0.32510   0.00000   0.10474   0.06346   0.04157   0.06872   0.08235   0.21412   0.00701   0.00000   0.02583   0.04437   0.08250   0.13999   0.18068   0.25405   0.12063   0.14499   0.11372   0.10460   0.04391   0.07068   0.09313   0.12210   0.12314   0.08217   0.04681   0.04483   0.08037   0.07451   0.06729   0.12952   0.01614   0.04196   0.08284   0.00000   0.05016   0.07611   0.08875   0.09092   0.04925   0.04347   0.10277   0.08689   0.02922   0.01398   0.00329   0.05359   0.04440   0.00000   0.00000   0.00945   0.10710   0.00000   0.02000   0.07341   0.11056   0.14637   0.42580   0.00000   0.02810   0.08542   0.13353   0.12295   0.62617   0.49079   0.57564   0.53839  
 27 1623.3369  12743.921192  x:  0.16522   0.03779   0.05919   0.18225   0.04519   0.04048   0.12814   0.03776   0.06201   0.12629   0.16670   0.04800   0.00000   0.00325   0.10975   0.10526   0.07385   0.02200   0.06483   0.11742   0.14457   0.10996   0.00000   0.00000   0.00000   0.00000   0.02499   0.00000   0.00062   0.00000   0.07915   0.02727   0.06036   0.11233   0.10385   0.01204   0.07438   0.09990   0.09961   0.17669   0.19439   0.16448   0.15889   0.07546   0.01697   0.00389   0.00245   0.14080   0.29098   0.13048   0.04958   0.08902   0.10151   0.19369   0.04000   0.00000   0.01398   0.05574   0.02511   0.12858   0.15545   0.41135   0.11988   0.00000   0.10179   0.07672   0.03925   0.05524   0.00000   0.00843   0.01698   0.07349   0.07900   0.07463   0.11373   0.01728   0.02162   0.09925   0.11198   0.02230   0.12288   0.06072   0.00775   0.31819   0.00000   0.11520   0.07410   0.04348   0.06130   0.08164   0.21931   0.01038   0.00000   0.02397   0.04392   0.08374   0.14480   0.19776   0.24330   0.12347   0.14128   0.11542   0.11007   0.03990   0.07137   0.07848   0.11658   0.12148   0.07692   0.05192   0.03703   0.07938   0.08199   0.06149   0.13465   0.00583   0.04137   0.07813   0.00000   0.05047   0.07543   0.06470   0.08648   0.05457   0.04270   0.10420   0.08534   0.02459   0.01034   0.00977   0.05713   0.03575   0.00000   0.00000   0.00700   0.10258   0.00000   0.02299   0.07078   0.10618   0.15290   0.49758   0.00000   0.02946   0.08551   0.13163   0.12177   0.59938   0.48411   0.60560   0.54507  
 28 580.3916  12741.502361  x:  0.16710   0.03670   0.05716   0.18602   0.04391   0.03936   0.12850   0.03781   0.06043   0.12747   0.16826   0.04651   0.00000   0.00000   0.11163   0.10505   0.07406   0.02258   0.06562   0.11780   0.14567   0.10953   0.00000   0.00000   0.00000   0.00000   0.02367   0.00000   0.00058   0.00000   0.07880   0.02702   0.06012   0.11127   0.10260   0.01230   0.07476   0.09889   0.10128   0.17261   0.19417   0.16781   0.15970   0.07558   0.01718   0.00496   0.00246   0.13894   0.29260   0.13123   0.04931   0.08887   0.10189   0.19447   0.04236   0.00000   0.01413   0.05740   0.02432   0.12989   0.15621   0.41193   0.11983   0.00000   0.10292   0.07668   0.03929   0.05553   0.00000   0.00836   0.01750   0.07236   0.07948   0.07437   0.11385   0.01713   0.02073   0.10004   0.11232   0.02394   0.11959   0.06018   0.00281   0.31806   0.00000   0.11644   0.07700   0.04334   0.06072   0.08194   0.22013   0.01023   0.00000   0.02703   0.04457   0.08424   0.14537   0.19980   0.24128   0.12399   0.14044   0.11582   0.11061   0.03954   0.07118   0.07671   0.11674   0.12155   0.07609   0.05393   0.03516   0.07932   0.08377   0.06056   0.13598   0.00293   0.04059   0.07703   0.00000   0.05054   0.07537   0.05765   0.08594   0.05584   0.04255   0.10440   0.08507   0.02379   0.01653   0.00924   0.05790   0.03329   0.00000   0.00000   0.00755   0.10289   0.00000   0.02360   0.06959   0.10558   0.15357   0.51204   0.00000   0.02957   0.08573   0.13246   0.12193   0.59362   0.48461   0.61179   0.54581  
 29 311.8632  12738.285309  x:  0.16891   0.03555   0.05519   0.18962   0.04208   0.04140   0.12838   0.03802   0.05866   0.12908   0.17045   0.04661   0.00000   0.00000   0.11418   0.10494   0.07423   0.02261   0.06756   0.11902   0.14655   0.10853   0.00000   0.00000   0.00000   0.00000   0.02118   0.00000   0.00053   0.00000   0.07840   0.02673   0.05956   0.11031   0.10122   0.01262   0.07527   0.09633   0.10325   0.16910   0.19245   0.16980   0.16071   0.07567   0.01858   0.00377   0.00262   0.13740   0.29406   0.13259   0.04962   0.08988   0.10189   0.19451   0.04572   0.00000   0.01341   0.06150   0.02590   0.13161   0.15693   0.40882   0.11866   0.00000   0.10363   0.07667   0.03918   0.05462   0.00000   0.00829   0.01913   0.07141   0.08051   0.07415   0.11250   0.01732   0.02195   0.10160   0.11265   0.02593   0.11742   0.05897   0.00378   0.32038   0.00000   0.11743   0.08053   0.04426   0.06080   0.08248   0.22073   0.01033   0.00000   0.03064   0.04544   0.08464   0.14570   0.20108   0.23779   0.12367   0.13949   0.11606   0.11005   0.04122   0.07328   0.07674   0.11748   0.12167   0.07542   0.05662   0.03318   0.07945   0.08543   0.05994   0.13763   0.00000   0.04010   0.07617   0.00000   0.05049   0.07547   0.04678   0.08551   0.05721   0.04245   0.10482   0.08494   0.02232   0.01337   0.01047   0.05863   0.03202   0.00000   0.00000   0.00722   0.10418   0.00000   0.02413   0.06750   0.10474   0.15392   0.52502   0.00000   0.02960   0.08575   0.13432   0.12223   0.58673   0.48826   0.61807   0.54623  
 30 250.3789  12738.285309  x:  0.16891   0.03555   0.05519   0.18962   0.04208   0.04140   0.12838   0.03802   0.05866   0.12908   0.17045   0.04661   0.00000   0.00000   0.11418   0.10494   0.07423   0.02261   0.06756   0.11902   0.14655   0.10853   0.00000   0.00000   0.00000   0.00000   0.02118   0.00000   0.00053   0.00000   0.07840   0.02673   0.05956   0.11031   0.10122   0.01262   0.07527   0.09633   0.10325   0.16910   0.19245   0.16980   0.16071   0.07567   0.01858   0.00377   0.00262   0.13740   0.29406   0.13259   0.04962   0.08988   0.10189   0.19451   0.04572   0.00000   0.01341   0.06150   0.02590   0.13161   0.15693   0.40882   0.11866   0.00000   0.10363   0.07667   0.03918   0.05462   0.00000   0.00829   0.01913   0.07141   0.08051   0.07415   0.11250   0.01732   0.02195   0.10160   0.11265   0.02593   0.11742   0.05897   0.00378   0.32038   0.00000   0.11743   0.08053   0.04426   0.06080   0.08248   0.22073   0.01033   0.00000   0.03064   0.04544   0.08464   0.14570   0.20108   0.23779   0.12367   0.13949   0.11606   0.11005   0.04122   0.07328   0.07674   0.11748   0.12167   0.07542   0.05662   0.03318   0.07945   0.08543   0.05994   0.13763   0.00000   0.04010   0.07617   0.00000   0.05049   0.07547   0.04678   0.08551   0.05721   0.04245   0.10482   0.08494   0.02232   0.01337   0.01047   0.05863   0.03202   0.00000   0.00000   0.00722   0.10418   0.00000   0.02413   0.06750   0.10474   0.15392   0.52502   0.00000   0.02960   0.08575   0.13432   0.12223   0.58673   0.48826   0.61807   0.54623  
 31 291.0946  12686.065770  x:  0.17720   0.03666   0.05623   0.19575   0.04595   0.05333   0.12968   0.03955   0.05786   0.13020   0.17925   0.04483   0.00000   0.00000   0.11446   0.10605   0.07076   0.02409   0.07242   0.13134   0.15759   0.11713   0.00000   0.00000   0.00000   0.00000   0.01164   0.00000   0.11201   0.00000   0.08450   0.02018   0.05774   0.11465   0.10841   0.00972   0.07208   0.09260   0.10731   0.16721   0.20753   0.16500   0.16407   0.08370   0.01372   0.00684   0.00957   0.14550   0.30717   0.14531   0.05144   0.09789   0.10530   0.19452   0.03590   0.00000   0.01032   0.05773   0.02578   0.14295   0.16012   0.40570   0.13228   0.00000   0.10602   0.07781   0.03438   0.05281   0.00000   0.01223   0.01736   0.07817   0.08666   0.07993   0.12288   0.01139   0.02208   0.11070   0.12352   0.02742   0.12463   0.05478   0.00000   0.32232   0.00000   0.11481   0.07320   0.04601   0.05644   0.07921   0.22182   0.00425   0.00000   0.03086   0.04329   0.08951   0.14583   0.20280   0.23562   0.13748   0.15678   0.12326   0.12015   0.04564   0.08350   0.08786   0.11532   0.13315   0.08130   0.04990   0.02846   0.08344   0.08382   0.06097   0.14937   0.00026   0.03992   0.08048   0.00000   0.05351   0.07527   0.04039   0.08376   0.05398   0.04312   0.10600   0.08445   0.01988   0.01564   0.01304   0.05597   0.03204   0.00000   0.00000   0.00802   0.10778   0.00000   0.02698   0.06525   0.10322   0.15541   0.52462   0.00000   0.03130   0.09100   0.14941   0.13216   0.58809   0.49164   0.62020   0.55326  
 32 1983.8558  12606.677295  x:  0.19071   0.03834   0.05771   0.20590   0.05204   0.06950   0.13171   0.04198   0.05647   0.13205   0.19368   0.04200   0.00000   0.00000   0.11493   0.10779   0.06532   0.02511   0.07898   0.14913   0.17416   0.12963   0.00000   0.00000   0.00000   0.00000   0.00237   0.00000   0.10333   0.00000   0.09277   0.01215   0.05522   0.12120   0.11865   0.00547   0.06710   0.08665   0.11340   0.16409   0.23044   0.15684   0.16934   0.09478   0.00905   0.00434   0.00752   0.15712   0.32823   0.16376   0.05375   0.10910   0.11045   0.19452   0.02009   0.00000   0.00718   0.05194   0.02574   0.15978   0.16515   0.40035   0.15184   0.00000   0.10962   0.07952   0.02762   0.05029   0.00000   0.01179   0.01386   0.08757   0.09517   0.08791   0.13798   0.00385   0.02129   0.12385   0.13929   0.02852   0.13563   0.04804   0.00308   0.32568   0.00000   0.11091   0.06119   0.04839   0.04967   0.07403   0.22362   0.00881   0.00000   0.03149   0.04015   0.09655   0.14602   0.20564   0.23184   0.15750   0.18176   0.13383   0.13465   0.05038   0.09714   0.10434   0.11179   0.15008   0.08944   0.03952   0.02224   0.08901   0.08106   0.06166   0.16745   0.00000   0.03894   0.08692   0.00000   0.05761   0.07495   0.02962   0.08096   0.04882   0.04412   0.10783   0.08360   0.01666   0.01716   0.01459   0.05177   0.03203   0.00000   0.00000   0.00825   0.11323   0.00000   0.03085   0.06147   0.10071   0.15787   0.52393   0.00000   0.03406   0.09890   0.17163   0.14687   0.59038   0.49735   0.62383   0.56426  
 33 1111.9056  12569.513388  x:  0.20044   0.03935   0.05853   0.21340   0.05620   0.07915   0.13308   0.04365   0.05539   0.13345   0.20416   0.04017   0.00000   0.00000   0.11527   0.10893   0.06187   0.02478   0.08237   0.15979   0.18462   0.13713   0.00000   0.00000   0.00000   0.00000   0.02860   0.00000   0.09839   0.00000   0.09735   0.01151   0.05408   0.12529   0.12473   0.01441   0.06422   0.08269   0.11717   0.16192   0.24550   0.15065   0.17286   0.10092   0.01161   0.00477   0.00706   0.16478   0.34326   0.17525   0.05479   0.11542   0.11363   0.19452   0.01150   0.00000   0.00784   0.04851   0.02590   0.17023   0.16854   0.39616   0.16352   0.00000   0.11184   0.08055   0.02492   0.04908   0.00000   0.01163   0.01119   0.09284   0.09986   0.09218   0.14733   0.00268   0.01974   0.13146   0.14903   0.02825   0.14249   0.04336   0.00000   0.32809   0.00000   0.10818   0.05295   0.04973   0.04552   0.07059   0.22495   0.00072   0.00000   0.03121   0.03850   0.10065   0.14614   0.20763   0.22897   0.16987   0.19700   0.14034   0.14321   0.05173   0.10461   0.11491   0.10932   0.16052   0.09386   0.03369   0.02073   0.09203   0.07899   0.06112   0.17948   0.00000   0.03749   0.09088   0.00000   0.05973   0.07473   0.02178   0.07906   0.04544   0.04473   0.10909   0.08300   0.01560   0.01741   0.01465   0.04906   0.03201   0.00000   0.00000   0.00823   0.11668   0.00000   0.03285   0.05872   0.09893   0.15963   0.52336   0.00000   0.03602   0.10386   0.18548   0.15598   0.59214   0.50168   0.62660   0.57166  
 34 2636.7707  12569.513388  x:  0.20044   0.03935   0.05853   0.21340   0.05620   0.07915   0.13308   0.04365   0.05539   0.13345   0.20416   0.04017   0.00000   0.00000   0.11527   0.10893   0.06187   0.02478   0.08237   0.15979   0.18462   0.13713   0.00000   0.00000   0.00000   0.00000   0.02860   0.00000   0.09839   0.00000   0.09735   0.01151   0.05408   0.12529   0.12473   0.01441   0.06422   0.08269   0.11717   0.16192   0.24550   0.15065   0.17286   0.10092   0.01161   0.00477   0.00706   0.16478   0.34326   0.17525   0.05479   0.11542   0.11363   0.19452   0.01150   0.00000   0.00784   0.04851   0.02590   0.17023   0.16854   0.39616   0.16352   0.00000   0.11184   0.08055   0.02492   0.04908   0.00000   0.01163   0.01119   0.09284   0.09986   0.09218   0.14733   0.00268   0.01974   0.13146   0.14903   0.02825   0.14249   0.04336   0.00000   0.32809   0.00000   0.10818   0.05295   0.04973   0.04552   0.07059   0.22495   0.00072   0.00000   0.03121   0.03850   0.10065   0.14614   0.20763   0.22897   0.16987   0.19700   0.14034   0.14321   0.05173   0.10461   0.11491   0.10932   0.16052   0.09386   0.03369   0.02073   0.09203   0.07899   0.06112   0.17948   0.00000   0.03749   0.09088   0.00000   0.05973   0.07473   0.02178   0.07906   0.04544   0.04473   0.10909   0.08300   0.01560   0.01741   0.01465   0.04906   0.03201   0.00000   0.00000   0.00823   0.11668   0.00000   0.03285   0.05872   0.09893   0.15963   0.52336   0.00000   0.03602   0.10386   0.18548   0.15598   0.59214   0.50168   0.62660   0.57166  
 35 5187.7936  12547.172070  x:  0.21604   0.04074   0.05957   0.22565   0.06265   0.09311   0.13522   0.04622   0.05356   0.13578   0.22100   0.03756   0.00000   0.00000   0.11581   0.11062   0.05702   0.02376   0.08662   0.17495   0.19993   0.14779   0.00000   0.00000   0.00000   0.00000   0.00557   0.00000   0.07004   0.00000   0.10333   0.01198   0.05274   0.13112   0.13314   0.00086   0.05967   0.07685   0.12255   0.15829   0.26787   0.14050   0.17817   0.10916   0.00892   0.00180   0.00440   0.17597   0.36708   0.19163   0.05579   0.12405   0.11807   0.19449   0.00852   0.00000   0.00664   0.04396   0.02589   0.18537   0.17368   0.38912   0.17997   0.00000   0.11497   0.08196   0.02285   0.04776   0.00000   0.01055   0.00726   0.10005   0.10608   0.09772   0.16092   0.00371   0.01651   0.14218   0.16292   0.02732   0.15271   0.03673   0.01198   0.33220   0.00000   0.10468   0.04104   0.05141   0.04016   0.06567   0.22707   0.19267   0.00000   0.03149   0.03657   0.10626   0.14630   0.21081   0.22414   0.18773   0.21893   0.14965   0.15521   0.05217   0.11477   0.13078   0.10556   0.17561   0.09964   0.02689   0.02070   0.09596   0.07569   0.05928   0.19779   0.00000   0.03442   0.09655   0.00000   0.06235   0.07444   0.01004   0.07622   0.04067   0.04559   0.11104   0.08208   0.01488   0.01744   0.01438   0.04523   0.03196   0.00000   0.00000   0.00823   0.12176   0.00000   0.03534   0.05440   0.09616   0.16244   0.52237   0.00000   0.03916   0.11106   0.20575   0.16918   0.59508   0.50886   0.63124   0.58281  
 36 1344.8793  12526.096438  x:  0.22738   0.04155   0.06008   0.23474   0.06719   0.10259   0.13673   0.04800   0.05216   0.13755   0.23329   0.03602   0.00000   0.00000   0.11620   0.11172   0.05421   0.02297   0.08900   0.18480   0.21012   0.15465   0.00000   0.00000   0.00000   0.00000   0.00615   0.00000   0.04812   0.00000   0.10688   0.01148   0.05208   0.13481   0.13841   0.05678   0.05831   0.07327   0.12598   0.15618   0.28314   0.13309   0.18176   0.11421   0.01089   0.00393   0.00410   0.18368   0.38424   0.20257   0.05625   0.12936   0.12087   0.19446   0.01176   0.00000   0.00700   0.04166   0.02592   0.19535   0.17717   0.38375   0.19065   0.00000   0.11693   0.08278   0.02255   0.04718   0.00000   0.01063   0.00517   0.10459   0.10980   0.10094   0.16985   0.00000   0.01373   0.14888   0.17209   0.02667   0.15942   0.03248   0.00573   0.33500   0.00000   0.10198   0.03448   0.05248   0.03741   0.06264   0.22864   0.21802   0.00000   0.03115   0.03577   0.10978   0.14638   0.21297   0.22057   0.19964   0.23329   0.15567   0.16286   0.05149   0.12123   0.14178   0.10305   0.18554   0.10302   0.02438   0.02144   0.09826   0.07342   0.05735   0.21053   0.00000   0.03170   0.10019   0.00000   0.06376   0.07432   0.00497   0.07439   0.03794   0.04618   0.11240   0.08146   0.01476   0.01749   0.01432   0.04299   0.03193   0.00000   0.00000   0.00835   0.12514   0.00000   0.03667   0.05144   0.09425   0.16443   0.52159   0.00000   0.04143   0.11577   0.21935   0.17787   0.59733   0.51408   0.63475   0.59036  
 37 975.7746  12503.146521  x:  0.23749   0.04207   0.06032   0.24299   0.07108   0.11055   0.13804   0.04950   0.05088   0.13920   0.24424   0.03503   0.00000   0.00000   0.11653   0.11259   0.05242   0.02231   0.09054   0.19260   0.21838   0.16002   0.00000   0.00000   0.00000   0.00000   0.00287   0.00000   0.02710   0.00000   0.10938   0.01127   0.05176   0.13762   0.14239   0.05330   0.05643   0.07072   0.12856   0.15407   0.29601   0.12661   0.18471   0.11795   0.01030   0.00184   0.00352   0.18986   0.39931   0.21122   0.05638   0.13332   0.12297   0.19442   0.01023   0.00000   0.00673   0.04048   0.02584   0.20336   0.18003   0.37877   0.19907   0.00000   0.11838   0.08334   0.02280   0.04694   0.00000   0.01059   0.00410   0.10803   0.11246   0.10315   0.17725   0.00077   0.01151   0.15401   0.17945   0.02605   0.16483   0.02987   0.00000   0.33750   0.00000   0.09997   0.03128   0.05318   0.03615   0.06061   0.23001   0.21214   0.00000   0.03091   0.03546   0.11235   0.14644   0.21481   0.21739   0.20938   0.24495   0.16037   0.16877   0.05006   0.12629   0.15117   0.10107   0.19350   0.10536   0.02396   0.02215   0.09984   0.07156   0.05516   0.22139   0.00000   0.02890   0.10301   0.00000   0.06463   0.07432   0.00784   0.07303   0.03632   0.04672   0.11354   0.08095   0.01482   0.01753   0.01433   0.04154   0.03191   0.00000   0.00000   0.00847   0.12789   0.00000   0.03746   0.04906   0.09268   0.16615   0.52082   0.00000   0.04344   0.11953   0.23054   0.18483   0.59943   0.51878   0.63800   0.59644  
 38 761.2970  12481.302124  x:  0.25015   0.04260   0.06047   0.25342   0.07588   0.12030   0.13966   0.05132   0.04924   0.14129   0.25795   0.03401   0.00000   0.00000   0.11693   0.11359   0.05057   0.02158   0.09218   0.20187   0.22829   0.16634   0.00000   0.00000   0.00000   0.00000   0.01585   0.00000   0.00117   0.00000   0.11219   0.01117   0.05146   0.14087   0.14701   0.04713   0.05447   0.06796   0.13156   0.15153   0.31166   0.11869   0.18825   0.12226   0.01027   0.00187   0.00275   0.19736   0.41805   0.22165   0.05648   0.13788   0.12537   0.19437   0.01053   0.00000   0.00653   0.03939   0.02572   0.21292   0.18347   0.37242   0.20907   0.00000   0.12003   0.08393   0.02294   0.04671   0.00000   0.01035   0.00299   0.11201   0.11545   0.10559   0.18607   0.00033   0.00918   0.16011   0.18814   0.02542   0.17140   0.02757   0.00638   0.34076   0.00000   0.09813   0.02875   0.05387   0.03509   0.05853   0.23168   0.20506   0.00000   0.03113   0.03516   0.11525   0.14650   0.21709   0.21339   0.22104   0.25889   0.16589   0.17571   0.04788   0.13233   0.16276   0.09877   0.20300   0.10797   0.02360   0.02261   0.10157   0.06939   0.05224   0.23474   0.00000   0.02524   0.10632   0.00000   0.06553   0.07420   0.00683   0.07143   0.03462   0.04723   0.11490   0.08035   0.01485   0.01754   0.01434   0.04003   0.03188   0.00000   0.00000   0.00859   0.13117   0.00000   0.03824   0.04630   0.09082   0.16826   0.51982   0.00000   0.04595   0.12398   0.24408   0.19314   0.60209   0.52474   0.64215   0.60379  
 39 3949.4058  12477.918593  x:  0.25230   0.04266   0.06048   0.25520   0.07668   0.12192   0.13993   0.05163   0.04896   0.14166   0.26028   0.03387   0.00000   0.00000   0.11700   0.11375   0.05032   0.02148   0.09242   0.20337   0.22991   0.16735   0.00000   0.00000   0.00000   0.00000   0.01734   0.00000   0.00252   0.00000   0.11262   0.01117   0.05142   0.14138   0.14774   0.04614   0.05420   0.06756   0.13203   0.15112   0.31424   0.11739   0.18882   0.12294   0.01032   0.00199   0.00260   0.19859   0.42120   0.22334   0.05649   0.13859   0.12575   0.19436   0.01072   0.00000   0.00651   0.03926   0.02569   0.21447   0.18402   0.37133   0.21069   0.00000   0.12029   0.08402   0.02294   0.04667   0.00000   0.01030   0.00284   0.11264   0.11591   0.10596   0.18750   0.00000   0.00887   0.16108   0.18955   0.02533   0.17247   0.02728   0.00740   0.34131   0.00000   0.09785   0.02853   0.05397   0.03498   0.05824   0.23196   0.20387   0.00000   0.03116   0.03512   0.11570   0.14651   0.21747   0.21272   0.22294   0.26115   0.16677   0.17682   0.04745   0.13332   0.16470   0.09841   0.20455   0.10837   0.02356   0.02264   0.10182   0.06905   0.05172   0.23697   0.00000   0.02461   0.10684   0.00000   0.06566   0.07417   0.00640   0.07119   0.03439   0.04730   0.11512   0.08026   0.01485   0.01754   0.01434   0.03983   0.03188   0.00000   0.00000   0.00861   0.13171   0.00000   0.03834   0.04587   0.09052   0.16861   0.51964   0.00000   0.04637   0.12470   0.24631   0.19448   0.60255   0.52577   0.64287   0.60498  
 40 1458.2891  12474.426085  x:  0.25703   0.04225   0.05987   0.25950   0.07808   0.12469   0.14041   0.05207   0.04829   0.14262   0.26536   0.03450   0.00000   0.00000   0.11706   0.11377   0.05132   0.02162   0.09185   0.20469   0.23170   0.16798   0.00000   0.00000   0.00000   0.00000   0.01217   0.00000   0.00218   0.00000   0.11229   0.01152   0.05169   0.14142   0.14784   0.04491   0.05541   0.06848   0.13208   0.15070   0.31799   0.11565   0.18943   0.12299   0.01159   0.00486   0.00191   0.20005   0.42751   0.22520   0.05625   0.13860   0.12572   0.19432   0.01408   0.00000   0.00674   0.04042   0.02550   0.21602   0.18459   0.36858   0.21208   0.00000   0.12019   0.08384   0.02243   0.04685   0.00000   0.00990   0.00368   0.11264   0.11566   0.10551   0.18888   0.00000   0.01060   0.16164   0.19077   0.02556   0.17349   0.02908   0.01225   0.34242   0.00000   0.09819   0.03332   0.05365   0.03630   0.05926   0.23246   0.20151   0.00000   0.03130   0.03552   0.11558   0.14647   0.21796   0.21143   0.22510   0.26356   0.16726   0.17742   0.04494   0.13438   0.16830   0.09839   0.20610   0.10799   0.02401   0.02146   0.10141   0.06899   0.04998   0.24089   0.00000   0.02291   0.10708   0.00000   0.06523   0.07389   0.00000   0.07122   0.03539   0.04700   0.11534   0.08019   0.01471   0.01746   0.01431   0.04064   0.03187   0.00000   0.00000   0.00859   0.13227   0.00000   0.03775   0.04597   0.09035   0.16917   0.51908   0.00000   0.04728   0.12530   0.24938   0.19577   0.60378   0.52826   0.64473   0.60607  
 41 402.1912  12468.502800  x:  0.26772   0.04110   0.05827   0.26937   0.08112   0.13067   0.14145   0.05299   0.04675   0.14488   0.27685   0.03622   0.00000   0.00000   0.11717   0.11368   0.05406   0.02208   0.09020   0.20695   0.23512   0.16883   0.00000   0.00000   0.00000   0.00000   0.00175   0.00000   0.00169   0.00000   0.11111   0.01231   0.05240   0.14115   0.14754   0.04393   0.05872   0.07116   0.13185   0.14993   0.32577   0.11215   0.19058   0.12260   0.01448   0.01170   0.00030   0.20290   0.44156   0.22868   0.05562   0.13807   0.12534   0.19422   0.02191   0.00000   0.00725   0.04343   0.02502   0.21885   0.18562   0.36222   0.21447   0.00000   0.11975   0.08330   0.02118   0.04731   0.00000   0.00899   0.00569   0.11216   0.11466   0.10407   0.19133   0.00000   0.01507   0.16236   0.19283   0.02615   0.17534   0.03381   0.02592   0.34492   0.00000   0.09931   0.04523   0.05272   0.03966   0.06208   0.23355   0.19802   0.00000   0.03169   0.03652   0.11493   0.14636   0.21895   0.20855   0.22922   0.26810   0.16786   0.17811   0.03873   0.13644   0.17620   0.09859   0.20897   0.10671   0.02514   0.01850   0.10015   0.06908   0.04584   0.24941   0.00000   0.01900   0.10728   0.00000   0.06403   0.07340   0.00322   0.07162   0.03832   0.04653   0.11575   0.08009   0.01436   0.01726   0.01424   0.04286   0.03186   0.00000   0.00000   0.00853   0.13335   0.00000   0.03614   0.04654   0.09013   0.17033   0.51773   0.00000   0.04932   0.12631   0.25569   0.19809   0.60666   0.53399   0.64905   0.60798  
 42 1355.0765  12466.430521  x:  0.27121   0.04048   0.05749   0.27274   0.08196   0.13234   0.14174   0.05320   0.04624   0.14568   0.28057   0.03693   0.00000   0.00000   0.11715   0.11354   0.05513   0.02225   0.08940   0.20704   0.23564   0.16859   0.00000   0.00000   0.00000   0.00000   0.00287   0.00000   0.00168   0.00000   0.11040   0.01219   0.05263   0.14074   0.14700   0.04326   0.05999   0.07235   0.13147   0.14985   0.32761   0.11151   0.19072   0.12208   0.01405   0.01148   0.00000   0.20332   0.44590   0.22903   0.05538   0.13746   0.12496   0.19418   0.02191   0.00000   0.00701   0.04442   0.02482   0.21915   0.18572   0.36003   0.21453   0.00000   0.11943   0.08306   0.02104   0.04747   0.00000   0.00914   0.00598   0.11155   0.11402   0.10328   0.19143   0.00000   0.01652   0.16209   0.19289   0.02619   0.17539   0.03507   0.02417   0.34559   0.00000   0.09959   0.04867   0.05234   0.04059   0.06320   0.23387   0.19820   0.00000   0.03145   0.03685   0.11445   0.14629   0.21910   0.20769   0.22981   0.26878   0.16760   0.17776   0.03629   0.13691   0.17854   0.09883   0.20929   0.10599   0.02556   0.01807   0.09948   0.06931   0.04443   0.25183   0.00000   0.01781   0.10705   0.00000   0.06350   0.07323   0.00343   0.07191   0.03942   0.04628   0.11579   0.08010   0.01432   0.01724   0.01422   0.04373   0.03185   0.00000   0.00000   0.00851   0.13353   0.00000   0.03541   0.04701   0.09021   0.17062   0.51721   0.00000   0.04997   0.12631   0.25712   0.19829   0.60773   0.53595   0.65058   0.60798  
 43 377.4736  12458.911605  x:  0.29114   0.03576   0.05172   0.29278   0.08606   0.14083   0.14325   0.05420   0.04337   0.15064   0.30157   0.03943   0.00000   0.00000   0.11681   0.11254   0.05822   0.02239   0.08530   0.20608   0.23703   0.16619   0.00000   0.00000   0.00000   0.00000   0.00096   0.00000   0.00158   0.00000   0.10685   0.00934   0.05288   0.13815   0.14356   0.04232   0.06378   0.07676   0.12902   0.14981   0.33583   0.10952   0.19099   0.11892   0.00536   0.00000   0.00262   0.20436   0.46969   0.22870   0.05479   0.13375   0.12276   0.19398   0.00731   0.00000   0.00498   0.04615   0.02420   0.21928   0.18568   0.34718   0.21325   0.00000   0.11765   0.08209   0.02361   0.04773   0.00000   0.01147   0.00221   0.10732   0.11069   0.09934   0.18928   0.00000   0.01717   0.15992   0.19149   0.02408   0.17416   0.03577   0.03044   0.34931   0.00000   0.10086   0.05180   0.05065   0.04088   0.06678   0.23539   0.19638   0.00000   0.03046   0.03708   0.11176   0.14592   0.21962   0.20279   0.23024   0.27084   0.16540   0.17475   0.02232   0.14094   0.19115   0.09948   0.20964   0.10243   0.02641   0.02323   0.09596   0.07053   0.03770   0.26455   0.00000   0.01303   0.10531   0.00000   0.06115   0.07265   0.00253   0.07332   0.04231   0.04509   0.11576   0.08025   0.01500   0.01757   0.01425   0.04631   0.03182   0.00000   0.00000   0.00836   0.13458   0.00000   0.03142   0.04918   0.09085   0.17184   0.51386   0.00000   0.05365   0.12571   0.26355   0.19799   0.61451   0.54749   0.65991   0.60650  
 44 542.1187  12458.911605  x:  0.29114   0.03576   0.05172   0.29278   0.08606   0.14083   0.14325   0.05420   0.04337   0.15064   0.30157   0.03943   0.00000   0.00000   0.11681   0.11254   0.05822   0.02239   0.08530   0.20608   0.23703   0.16619   0.00000   0.00000   0.00000   0.00000   0.00096   0.00000   0.00158   0.00000   0.10685   0.00934   0.05288   0.13815   0.14356   0.04232   0.06378   0.07676   0.12902   0.14981   0.33583   0.10952   0.19099   0.11892   0.00536   0.00000   0.00262   0.20436   0.46969   0.22870   0.05479   0.13375   0.12276   0.19398   0.00731   0.00000   0.00498   0.04615   0.02420   0.21928   0.18568   0.34718   0.21325   0.00000   0.11765   0.08209   0.02361   0.04773   0.00000   0.01147   0.00221   0.10732   0.11069   0.09934   0.18928   0.00000   0.01717   0.15992   0.19149   0.02408   0.17416   0.03577   0.03044   0.34931   0.00000   0.10086   0.05180   0.05065   0.04088   0.06678   0.23539   0.19638   0.00000   0.03046   0.03708   0.11176   0.14592   0.21962   0.20279   0.23024   0.27084   0.16540   0.17475   0.02232   0.14094   0.19115   0.09948   0.20964   0.10243   0.02641   0.02323   0.09596   0.07053   0.03770   0.26455   0.00000   0.01303   0.10531   0.00000   0.06115   0.07265   0.00253   0.07332   0.04231   0.04509   0.11576   0.08025   0.01500   0.01757   0.01425   0.04631   0.03182   0.00000   0.00000   0.00836   0.13458   0.00000   0.03142   0.04918   0.09085   0.17184   0.51386   0.00000   0.05365   0.12571   0.26355   0.19799   0.61451   0.54749   0.65991   0.60650  
 45 508.3905  12455.656951  x:  0.29218   0.03568   0.05160   0.29371   0.08638   0.14154   0.14337   0.05434   0.04325   0.15084   0.30267   0.03917   0.00000   0.00000   0.11682   0.11262   0.05778   0.02229   0.08555   0.20677   0.23775   0.16668   0.00000   0.00000   0.00000   0.00000   0.01726   0.00000   0.01011   0.00000   0.10719   0.00996   0.05281   0.13846   0.14397   0.03960   0.06321   0.07626   0.12928   0.14961   0.33694   0.10899   0.19124   0.11933   0.00807   0.00065   0.00221   0.20489   0.47110   0.22949   0.05492   0.13416   0.12301   0.19398   0.00889   0.00000   0.00549   0.04579   0.02428   0.21997   0.18593   0.34665   0.21399   0.00000   0.11783   0.08219   0.02353   0.04766   0.00000   0.01117   0.00275   0.10777   0.11102   0.09968   0.18990   0.00000   0.01645   0.16038   0.19214   0.02404   0.17459   0.03503   0.02788   0.34951   0.00000   0.10050   0.05041   0.05084   0.04050   0.06631   0.23551   0.19290   0.00000   0.03040   0.03699   0.11208   0.14592   0.21976   0.20252   0.23105   0.27186   0.16583   0.17530   0.02222   0.14164   0.19203   0.09920   0.21032   0.10276   0.02620   0.02302   0.09621   0.07031   0.03767   0.26554   0.00000   0.01301   0.10558   0.00000   0.06132   0.07272   0.00547   0.07316   0.04191   0.04524   0.11586   0.08020   0.01498   0.01755   0.01426   0.04595   0.03182   0.00000   0.00000   0.00838   0.13488   0.00000   0.03156   0.04885   0.09069   0.17198   0.51374   0.00000   0.05385   0.12605   0.26453   0.19859   0.61478   0.54800   0.66031   0.60704  
 46 1042.8110  12440.831340  x:  0.29835   0.03519   0.05087   0.29926   0.08827   0.14569   0.14406   0.05511   0.04254   0.15207   0.30918   0.03771   0.00000   0.00000   0.11694   0.11314   0.05529   0.02176   0.08702   0.21077   0.24192   0.16953   0.00000   0.00000   0.00000   0.00000   0.01670   0.00000   0.00757   0.00000   0.10915   0.01251   0.05240   0.14022   0.14639   0.02372   0.06000   0.07336   0.13085   0.14843   0.34344   0.10593   0.19275   0.12168   0.01439   0.00243   0.00000   0.20798   0.47944   0.23398   0.05548   0.13660   0.12441   0.19397   0.01340   0.00000   0.00731   0.04373   0.02469   0.22402   0.18738   0.34351   0.21831   0.00000   0.11886   0.08276   0.02311   0.04725   0.00000   0.00966   0.00490   0.11029   0.11294   0.10165   0.19352   0.00000   0.01239   0.16311   0.19595   0.02381   0.17716   0.03088   0.01286   0.35068   0.00000   0.09844   0.04243   0.05191   0.03833   0.06359   0.23621   0.17216   0.00000   0.03009   0.03651   0.11390   0.14597   0.22060   0.20088   0.23579   0.27786   0.16836   0.17851   0.02156   0.14572   0.19724   0.09758   0.21433   0.10465   0.02507   0.02197   0.09767   0.06905   0.03742   0.27136   0.00000   0.01289   0.10714   0.00000   0.06231   0.07301   0.01119   0.07215   0.03949   0.04591   0.11643   0.07990   0.01490   0.01746   0.01434   0.04392   0.03180   0.00000   0.00000   0.00850   0.13662   0.00000   0.03235   0.04696   0.08976   0.17278   0.51300   0.00000   0.05503   0.12804   0.27026   0.20212   0.61646   0.55103   0.66266   0.61016  
 47 438.5653  12432.020856  x:  0.30289   0.03476   0.05025   0.30339   0.08962   0.14870   0.14455   0.05565   0.04204   0.15300   0.31397   0.03694   0.00000   0.00000   0.11704   0.11348   0.05398   0.02151   0.08784   0.21347   0.24478   0.17142   0.00000   0.00000   0.00000   0.00000   0.01674   0.00000   0.00902   0.00000   0.11031   0.01085   0.05211   0.14131   0.14792   0.01450   0.05838   0.07173   0.13185   0.14766   0.34802   0.10394   0.19377   0.12316   0.01034   0.00000   0.00000   0.21012   0.48556   0.23685   0.05559   0.13818   0.12523   0.19396   0.00961   0.00000   0.00550   0.04269   0.02467   0.22676   0.18835   0.34123   0.22117   0.00000   0.11949   0.08308   0.02308   0.04710   0.00000   0.01010   0.00324   0.11164   0.11412   0.10274   0.19598   0.00000   0.01085   0.16497   0.19854   0.02385   0.17898   0.02927   0.00429   0.35160   0.00000   0.09737   0.03835   0.05242   0.03750   0.06215   0.23668   0.15624   0.00000   0.03016   0.03628   0.11496   0.14601   0.22123   0.19972   0.23908   0.28196   0.17005   0.18061   0.02073   0.14841   0.20103   0.09665   0.21706   0.10575   0.02500   0.02199   0.09850   0.06828   0.03710   0.27550   0.00000   0.01266   0.10816   0.00000   0.06284   0.07304   0.00893   0.07150   0.03813   0.04617   0.11679   0.07970   0.01491   0.01744   0.01435   0.04283   0.03179   0.00000   0.00000   0.00855   0.13777   0.00000   0.03274   0.04584   0.08916   0.17335   0.51243   0.00000   0.05590   0.12937   0.27427   0.20451   0.61775   0.55328   0.66441   0.61222  
 48 1358.7645  12418.417164  x:  0.31446   0.03331   0.04832   0.31409   0.09280   0.15606   0.14571   0.05689   0.04083   0.15543   0.32607   0.03626   0.00000   0.00000   0.11732   0.11414   0.05284   0.02131   0.08888   0.21917   0.25103   0.17522   0.00000   0.00000   0.00000   0.00000   0.01755   0.00000   0.00964   0.00000   0.11202   0.01015   0.05209   0.14328   0.15068   0.01379   0.05752   0.06978   0.13370   0.14623   0.35866   0.10010   0.19593   0.12584   0.00511   0.00744   0.00000   0.21541   0.50071   0.24356   0.05547   0.14096   0.12666   0.19393   0.01265   0.00000   0.00882   0.04262   0.02470   0.23269   0.19041   0.33559   0.22734   0.00000   0.12052   0.08345   0.02356   0.04714   0.00000   0.01113   0.00040   0.11401   0.11598   0.10424   0.20166   0.00000   0.01156   0.16875   0.20401   0.02430   0.18326   0.03110   0.01122   0.35429   0.00000   0.09714   0.03639   0.05259   0.03816   0.06093   0.23761   0.11287   0.00000   0.03151   0.03605   0.11633   0.14614   0.22287   0.19713   0.24657   0.29090   0.17340   0.18478   0.01723   0.15394   0.21039   0.09531   0.22298   0.10735   0.02621   0.02331   0.09964   0.06705   0.03573   0.28536   0.00000   0.01171   0.11012   0.00000   0.06336   0.07282   0.00000   0.07046   0.03685   0.04639   0.11756   0.07932   0.01501   0.01752   0.01430   0.04181   0.03176   0.00000   0.00000   0.00861   0.14011   0.00000   0.03301   0.04409   0.08808   0.17462   0.51087   0.00000   0.05809   0.13213   0.28344   0.20963   0.62108   0.55908   0.66893   0.61689  
 49 720.8574  12416.533515  x:  0.31589   0.03312   0.04807   0.31542   0.09319   0.15696   0.14585   0.05703   0.04069   0.15573   0.32757   0.03620   0.00000   0.00000   0.11736   0.11421   0.05275   0.02129   0.08898   0.21984   0.25178   0.17567   0.00000   0.00000   0.00000   0.00000   0.01748   0.00000   0.00977   0.00000   0.11220   0.00991   0.05210   0.14350   0.15100   0.01402   0.05749   0.06960   0.13392   0.14606   0.35995   0.09966   0.19619   0.12614   0.00435   0.00797   0.00000   0.21604   0.50258   0.24435   0.05544   0.14127   0.12682   0.19392   0.01255   0.00000   0.00895   0.04265   0.02468   0.23339   0.19065   0.33490   0.22806   0.00000   0.12063   0.08348   0.02363   0.04716   0.00000   0.01131   0.00000   0.11426   0.11618   0.10439   0.20234   0.00000   0.01175   0.16919   0.20465   0.02436   0.18378   0.03142   0.01229   0.35462   0.00000   0.09716   0.03633   0.05259   0.03830   0.06083   0.23772   0.10742   0.00000   0.03169   0.03603   0.11647   0.14616   0.22307   0.19682   0.24747   0.29197   0.17379   0.18527   0.01676   0.15460   0.21155   0.09517   0.22368   0.10751   0.02639   0.02351   0.09975   0.06692   0.03555   0.28656   0.00000   0.01159   0.11034   0.00000   0.06340   0.07280   0.00054   0.07035   0.03677   0.04643   0.11765   0.07927   0.01502   0.01753   0.01429   0.04173   0.03176   0.00000   0.00000   0.00861   0.14038   0.00000   0.03302   0.04391   0.08796   0.17477   0.51067   0.00000   0.05836   0.13245   0.28455   0.21023   0.62150   0.55980   0.66949   0.61743  
 50 4582.9644  12393.961244  x:  0.33936   0.02969   0.04363   0.33738   0.09933   0.17152   0.14808   0.05936   0.03836   0.16077   0.35204   0.03603   0.00000   0.00000   0.11791   0.11528   0.05247   0.02116   0.08992   0.22997   0.26319   0.18216   0.00000   0.00000   0.00000   0.00000   0.01538   0.00000   0.01248   0.00000   0.11437   0.00582   0.05236   0.14652   0.15531   0.02308   0.05832   0.06786   0.13684   0.14371   0.38022   0.09344   0.20003   0.13029   0.01596   0.00401   0.00000   0.22514   0.53291   0.25592   0.05515   0.14553   0.12895   0.19384   0.00126   0.00000   0.00332   0.04381   0.02358   0.24404   0.19425   0.32373   0.23884   0.00000   0.12208   0.08378   0.02457   0.04754   0.00000   0.01373   0.00002   0.11793   0.11873   0.10604   0.21280   0.00000   0.01535   0.17549   0.21434   0.02481   0.19149   0.03709   0.02851   0.35999   0.00000   0.09781   0.03898   0.05213   0.04103   0.06052   0.23942   0.01553   0.00000   0.03367   0.03602   0.11813   0.14640   0.22617   0.19210   0.26144   0.30829   0.17945   0.19231   0.00816   0.16453   0.23022   0.09351   0.23437   0.10944   0.02886   0.02596   0.10097   0.06521   0.03228   0.30571   0.00000   0.00953   0.11356   0.00000   0.06364   0.07235   0.00107   0.06901   0.03645   0.04676   0.11900   0.07864   0.01520   0.01770   0.01416   0.04131   0.03172   0.00000   0.00000   0.00868   0.14449   0.00000   0.03277   0.04158   0.08626   0.17715   0.50734   0.00000   0.06278   0.13730   0.30187   0.21940   0.62843   0.57163   0.67879   0.62546  
 51 3760.3542  12393.182417  x:  0.33999   0.02959   0.04350   0.33798   0.09949   0.17191   0.14814   0.05943   0.03830   0.16091   0.35270   0.03604   0.00000   0.00000   0.11792   0.11530   0.05249   0.02115   0.08993   0.23023   0.26348   0.18232   0.00000   0.00000   0.00000   0.00000   0.01527   0.00000   0.01264   0.00000   0.11441   0.00566   0.05237   0.14659   0.15541   0.02336   0.05837   0.06784   0.13691   0.14366   0.38075   0.09329   0.20013   0.13038   0.01616   0.00352   0.00000   0.22536   0.53373   0.25619   0.05513   0.14562   0.12899   0.19384   0.00153   0.00000   0.00298   0.04385   0.02353   0.24431   0.19434   0.32343   0.23910   0.00000   0.12211   0.08379   0.02460   0.04755   0.00000   0.01381   0.00000   0.11801   0.11878   0.10606   0.21306   0.00000   0.01547   0.17564   0.21458   0.02481   0.19169   0.03725   0.02886   0.36014   0.00000   0.09783   0.03912   0.05211   0.04111   0.06053   0.23946   0.01301   0.00000   0.03370   0.03602   0.11816   0.14640   0.22625   0.19198   0.26180   0.30870   0.17959   0.19248   0.00790   0.16478   0.23073   0.09348   0.23465   0.10947   0.02893   0.02602   0.10099   0.06517   0.03219   0.30622   0.00000   0.00947   0.11364   0.00000   0.06363   0.07234   0.00107   0.06899   0.03647   0.04676   0.11903   0.07863   0.01521   0.01770   0.01415   0.04132   0.03172   0.00000   0.00000   0.00868   0.14460   0.00000   0.03275   0.04153   0.08622   0.17721   0.50724   0.00000   0.06290   0.13742   0.30233   0.21963   0.62863   0.57195   0.67905   0.62565  
 52 5053.7303  12391.593478  x:  0.34225   0.02907   0.04288   0.34018   0.09996   0.17318   0.14831   0.05959   0.03813   0.16143   0.35501   0.03628   0.00000   0.00000   0.11794   0.11530   0.05284   0.02113   0.08971   0.23073   0.26415   0.18254   0.00000   0.00000   0.00000   0.00000   0.01533   0.00000   0.01272   0.00000   0.11426   0.00939   0.05251   0.14661   0.15543   0.02445   0.05879   0.06819   0.13691   0.14360   0.38224   0.09325   0.20032   0.13041   0.01516   0.00000   0.00000   0.22578   0.53642   0.25671   0.05501   0.14565   0.12894   0.19383   0.00136   0.00000   0.00509   0.04424   0.02348   0.24489   0.19450   0.32247   0.23966   0.00000   0.12207   0.08371   0.02444   0.04758   0.00000   0.01321   0.00121   0.11800   0.11867   0.10588   0.21358   0.00000   0.01555   0.17583   0.21503   0.02447   0.19200   0.03731   0.02926   0.36055   0.00000   0.09796   0.04018   0.05197   0.04121   0.06091   0.23956   0.00592   0.00000   0.03334   0.03609   0.11806   0.14641   0.22642   0.19169   0.26264   0.30971   0.17975   0.19270   0.00669   0.16544   0.23241   0.09357   0.23523   0.10932   0.02860   0.02560   0.10083   0.06522   0.03181   0.30776   0.00000   0.00940   0.11371   0.00000   0.06347   0.07227   0.00097   0.06904   0.03683   0.04668   0.11909   0.07861   0.01517   0.01767   0.01417   0.04161   0.03172   0.00000   0.00000   0.00869   0.14480   0.00000   0.03252   0.04166   0.08622   0.17735   0.50686   0.00000   0.06331   0.13764   0.30356   0.22010   0.62936   0.57311   0.67998   0.62591  
 53 610.3067  12388.635010  x:  0.35348   0.02600   0.03924   0.35142   0.10200   0.17920   0.14904   0.06022   0.03743   0.16414   0.36639   0.03767   0.00000   0.00000   0.11794   0.11507   0.05480   0.02091   0.08807   0.23215   0.26646   0.18270   0.00000   0.00000   0.00000   0.00000   0.01747   0.00000   0.00913   0.00000   0.11294   0.00675   0.05264   0.14600   0.15471   0.02855   0.06083   0.07061   0.13637   0.14371   0.38850   0.09433   0.20080   0.12973   0.01388   0.00000   0.00000   0.22749   0.54919   0.25876   0.05456   0.14495   0.12822   0.19377   0.00145   0.00000   0.00868   0.04565   0.02334   0.24676   0.19486   0.31809   0.24116   0.00000   0.12149   0.08320   0.02312   0.04753   0.00000   0.00749   0.00362   0.11694   0.11745   0.10444   0.21467   0.00000   0.01432   0.17596   0.21606   0.02202   0.19249   0.03536   0.02924   0.36232   0.00000   0.09839   0.04500   0.05133   0.04060   0.06310   0.23995   0.00785   0.00000   0.03042   0.03643   0.11720   0.14635   0.22691   0.19052   0.26541   0.31351   0.17966   0.19279   0.00000   0.16837   0.24057   0.09433   0.23710   0.10796   0.02551   0.02186   0.09954   0.06580   0.03002   0.31471   0.00000   0.00945   0.11354   0.00000   0.06243   0.07200   0.00077   0.06967   0.03890   0.04615   0.11922   0.07865   0.01485   0.01742   0.01434   0.04329   0.03171   0.00000   0.00000   0.00874   0.14545   0.00000   0.03107   0.04284   0.08654   0.17785   0.50479   0.00000   0.06535   0.13819   0.30864   0.22146   0.63316   0.57895   0.68474   0.62613  
 54 168.0702  12385.635804  x:  0.37150   0.02051   0.03280   0.36973   0.10490   0.18851   0.15009   0.06109   0.03647   0.16858   0.38448   0.03935   0.00000   0.00000   0.11781   0.11457   0.05707   0.02086   0.08558   0.23362   0.26933   0.18240   0.00000   0.00000   0.00000   0.00000   0.01901   0.00000   0.00636   0.00000   0.11086   0.01561   0.05303   0.14488   0.15322   0.03318   0.06304   0.07376   0.13524   0.14410   0.39746   0.09648   0.20123   0.12831   0.01418   0.00000   0.00000   0.22972   0.56892   0.26147   0.05424   0.14347   0.12701   0.19368   0.00166   0.00000   0.00449   0.04665   0.02284   0.24889   0.19508   0.31153   0.24253   0.00000   0.12050   0.08253   0.02261   0.04744   0.00000   0.01173   0.00000   0.11464   0.11570   0.10199   0.21543   0.00000   0.01286   0.17590   0.21702   0.02000   0.19269   0.03232   0.02996   0.36491   0.00000   0.09887   0.04974   0.05072   0.03965   0.06565   0.24047   0.01602   0.00000   0.02784   0.03699   0.11585   0.14623   0.22745   0.18884   0.26874   0.31858   0.17929   0.19231   0.00000   0.17346   0.25342   0.09529   0.23927   0.10588   0.02421   0.02039   0.09755   0.06664   0.02759   0.32506   0.00000   0.00928   0.11297   0.00000   0.06099   0.07171   0.00063   0.07065   0.04123   0.04538   0.11928   0.07875   0.01481   0.01729   0.01440   0.04525   0.03169   0.00000   0.00000   0.00851   0.14635   0.00000   0.02886   0.04447   0.08713   0.17843   0.50128   0.00000   0.06860   0.13865   0.31585   0.22288   0.63948   0.58826   0.69245   0.62581  
 55 470.8269  12383.707883  x:  0.39156   0.01233   0.02344   0.39115   0.10683   0.19768   0.15079   0.06153   0.03598   0.17394   0.40404   0.03985   0.00000   0.00000   0.11734   0.11363   0.05761   0.02157   0.08306   0.23235   0.26956   0.17997   0.00000   0.00000   0.00000   0.00000   0.01299   0.00000   0.01693   0.00000   0.10850   0.01599   0.05259   0.14269   0.15027   0.03402   0.06311   0.07569   0.13309   0.14526   0.40352   0.10046   0.20050   0.12546   0.01511   0.00000   0.00000   0.22968   0.58831   0.26150   0.05470   0.14055   0.12523   0.19360   0.00211   0.00000   0.01013   0.04636   0.02363   0.24831   0.19421   0.30588   0.24099   0.00000   0.11916   0.08213   0.02501   0.04734   0.00000   0.01927   0.00812   0.11214   0.11349   0.09954   0.21348   0.00000   0.01254   0.17391   0.21543   0.02320   0.19083   0.03009   0.03008   0.36687   0.00000   0.09890   0.04909   0.05101   0.03914   0.06632   0.24064   0.02274   0.00000   0.03060   0.03762   0.11425   0.14599   0.22717   0.18842   0.26893   0.32003   0.17716   0.18948   0.00000   0.17760   0.26668   0.09584   0.23869   0.10362   0.02997   0.02763   0.09549   0.06747   0.02628   0.33374   0.00000   0.00853   0.11124   0.00000   0.05997   0.07173   0.00083   0.07179   0.04171   0.04474   0.11886   0.07898   0.01546   0.01766   0.01412   0.04581   0.03165   0.00000   0.00000   0.00817   0.14673   0.00000   0.02676   0.04583   0.08814   0.17830   0.49667   0.00000   0.07210   0.13763   0.32045   0.22172   0.64714   0.59842   0.70141   0.62296  
 56 260.1166  12380.614949  x:  0.41327   0.00000   0.00962   0.41610   0.10669   0.20564   0.15081   0.06119   0.03630   0.18038   0.42419   0.03850   0.00000   0.00000   0.11656   0.11238   0.05596   0.02244   0.08142   0.22695   0.26549   0.17468   0.00000   0.00000   0.00000   0.00000   0.01303   0.00000   0.01666   0.00000   0.10655   0.01570   0.05178   0.13957   0.14590   0.03118   0.06066   0.07553   0.13002   0.14732   0.40394   0.10603   0.19808   0.12118   0.01662   0.00000   0.00000   0.22583   0.60497   0.25705   0.05590   0.13626   0.12309   0.19356   0.00206   0.00000   0.01039   0.04417   0.02422   0.24336   0.19169   0.30265   0.23472   0.00000   0.11770   0.08216   0.02563   0.04711   0.00000   0.01331   0.00268   0.10808   0.11108   0.09819   0.20634   0.00000   0.01482   0.16955   0.20982   0.02819   0.18601   0.03022   0.03021   0.36752   0.00000   0.09848   0.04276   0.05213   0.03948   0.06449   0.24016   0.02051   0.00000   0.03538   0.03730   0.11269   0.14563   0.22559   0.18968   0.26347   0.31558   0.17227   0.18363   0.00000   0.17862   0.27924   0.09581   0.23379   0.10189   0.03163   0.02956   0.09422   0.06809   0.02683   0.33857   0.00000   0.00789   0.10815   0.00000   0.05993   0.07217   0.00095   0.07280   0.03983   0.04462   0.11775   0.07933   0.01537   0.01771   0.01411   0.04446   0.03161   0.00000   0.00000   0.00864   0.14637   0.00000   0.02563   0.04640   0.08949   0.17704   0.49047   0.00000   0.07568   0.13454   0.32007   0.21666   0.65669   0.60885   0.71174   0.61648  
 57 195.5739  12379.118385  x:  0.42574   0.00000   0.00000   0.43130   0.10554   0.20940   0.15053   0.06078   0.03670   0.18436   0.43525   0.03733   0.00000   0.00000   0.11635   0.11211   0.05510   0.02238   0.08178   0.22354   0.26243   0.17201   0.00000   0.00000   0.00000   0.00000   0.01492   0.00000   0.01353   0.00000   0.10660   0.01465   0.05185   0.13857   0.14442   0.02910   0.05960   0.07463   0.12909   0.14821   0.40228   0.10791   0.19664   0.11973   0.01447   0.00000   0.00000   0.22318   0.61265   0.25388   0.05616   0.13488   0.12252   0.19358   0.00182   0.00000   0.00630   0.04368   0.02415   0.23993   0.19026   0.30205   0.23073   0.00000   0.11746   0.08233   0.02469   0.04708   0.00000   0.01619   0.00866   0.10779   0.11086   0.09862   0.20235   0.00000   0.01395   0.16696   0.20628   0.02712   0.18327   0.03114   0.03071   0.36740   0.00000   0.09835   0.04067   0.05226   0.03955   0.06342   0.23969   0.01843   0.00000   0.03441   0.03658   0.11245   0.14553   0.22453   0.19086   0.25934   0.31180   0.17012   0.18078   0.00000   0.17801   0.28563   0.09581   0.23046   0.10197   0.02967   0.02727   0.09459   0.06815   0.02733   0.33963   0.00000   0.00829   0.10678   0.00000   0.06033   0.07235   0.00092   0.07284   0.03880   0.04491   0.11711   0.07941   0.01529   0.01755   0.01421   0.04360   0.03159   0.00000   0.00000   0.00768   0.14615   0.00000   0.02596   0.04592   0.08988   0.17610   0.48632   0.00000   0.07764   0.13277   0.31821   0.21343   0.66269   0.61444   0.71792   0.61324  
 58 262.4804  12377.902099  x:  0.44392   0.00000   0.00000   0.45542   0.10130   0.21312   0.14955   0.05988   0.03751   0.19075   0.44995   0.03570   0.00000   0.00000   0.11683   0.11298   0.05548   0.02174   0.08497   0.21958   0.25781   0.17060   0.00000   0.00000   0.00000   0.00000   0.01435   0.00000   0.01414   0.00000   0.10908   0.01074   0.05301   0.13961   0.14566   0.02631   0.06059   0.07276   0.13036   0.14830   0.39672   0.10651   0.19523   0.12091   0.01671   0.00000   0.00000   0.21960   0.61972   0.24928   0.05549   0.13624   0.12359   0.19370   0.00193   0.00000   0.01174   0.04634   0.02478   0.23536   0.18905   0.30368   0.22648   0.00000   0.11861   0.08271   0.02418   0.04745   0.00000   0.02498   0.00365   0.10964   0.11321   0.10123   0.19781   0.00000   0.01362   0.16531   0.20228   0.02050   0.18084   0.03339   0.02814   0.36635   0.00000   0.09853   0.04505   0.05116   0.03937   0.06348   0.23878   0.01596   0.00000   0.02723   0.03619   0.11378   0.14573   0.22324   0.19269   0.25273   0.30536   0.16951   0.17953   0.00000   0.17515   0.29305   0.09657   0.22608   0.10427   0.02705   0.02412   0.09718   0.06777   0.02774   0.33773   0.00000   0.00900   0.10656   0.00000   0.06122   0.07209   0.00109   0.07172   0.03895   0.04565   0.11651   0.07916   0.01563   0.01746   0.01425   0.04345   0.03158   0.00000   0.00000   0.01017   0.14597   0.00000   0.02813   0.04430   0.08941   0.17465   0.47886   0.00000   0.08024   0.13114   0.31284   0.20969   0.67285   0.62146   0.72747   0.61128  
 59 148.5706  12376.351484  x:  0.46932   0.00000   0.00000   0.49204   0.09104   0.21571   0.14742   0.05848   0.03862   0.20056   0.46775   0.03388   0.00000   0.00000   0.11822   0.11533   0.05737   0.02156   0.09089   0.21720   0.25283   0.17325   0.00000   0.00000   0.00000   0.00000   0.01263   0.00000   0.01720   0.00000   0.11386   0.01351   0.05441   0.14410   0.15156   0.02629   0.06408   0.07098   0.13503   0.14658   0.38605   0.09926   0.19496   0.12664   0.01642   0.00000   0.00000   0.21684   0.62347   0.24503   0.05385   0.14231   0.12701   0.19396   0.00195   0.00000   0.00846   0.04917   0.02362   0.23151   0.18912   0.30900   0.22429   0.00000   0.12150   0.08304   0.02561   0.04773   0.00000   0.01771   0.00416   0.11586   0.11778   0.10608   0.19603   0.00000   0.01574   0.16763   0.20073   0.02157   0.18119   0.03596   0.02295   0.36405   0.00000   0.09896   0.05385   0.04994   0.03916   0.06544   0.23762   0.01807   0.00000   0.02712   0.03861   0.11721   0.14638   0.22256   0.19496   0.24572   0.29717   0.17207   0.18285   0.00000   0.16962   0.30050   0.09909   0.22250   0.10862   0.03039   0.02820   0.10152   0.06708   0.02815   0.33070   0.00000   0.00841   0.10900   0.00000   0.06201   0.07122   0.00111   0.06924   0.04089   0.04617   0.11644   0.07838   0.01528   0.01749   0.01433   0.04468   0.03156   0.00000   0.00000   0.00511   0.14526   0.00000   0.03163   0.04144   0.08735   0.17312   0.46610   0.00000   0.08350   0.13097   0.30313   0.20765   0.68912   0.62931   0.74158   0.61388  
 60 125.0066  12375.911909  x:  0.47889   0.00000   0.00000   0.50664   0.08582   0.21595   0.14645   0.05800   0.03897   0.20449   0.47348   0.03320   0.00000   0.00000   0.11857   0.11591   0.05771   0.02149   0.09212   0.21701   0.25147   0.17475   0.00000   0.00000   0.00000   0.00000   0.01253   0.00000   0.01744   0.00000   0.11473   0.01439   0.05419   0.14556   0.15353   0.02734   0.06482   0.07104   0.13647   0.14584   0.38173   0.09679   0.19519   0.12857   0.01589   0.00254   0.00000   0.21641   0.62327   0.24408   0.05363   0.14433   0.12799   0.19404   0.00194   0.00000   0.00707   0.04901   0.02358   0.23085   0.18948   0.31143   0.22439   0.00000   0.12221   0.08297   0.02546   0.04759   0.00000   0.01622   0.00540   0.11748   0.11876   0.10677   0.19637   0.00000   0.01593   0.16902   0.20098   0.02318   0.18189   0.03592   0.02146   0.36311   0.00000   0.09908   0.05504   0.05008   0.03939   0.06598   0.23726   0.01880   0.00000   0.02934   0.03882   0.11798   0.14656   0.22259   0.19556   0.24394   0.29473   0.17342   0.18458   0.00000   0.16793   0.30248   0.10035   0.22183   0.10941   0.03064   0.02877   0.10224   0.06704   0.02855   0.32722   0.00000   0.00854   0.11006   0.00000   0.06191   0.07098   0.00109   0.06869   0.04132   0.04596   0.11656   0.07814   0.01537   0.01753   0.01428   0.04507   0.03155   0.00000   0.00000   0.01253   0.14476   0.00000   0.03230   0.04170   0.08681   0.17271   0.46056   0.00000   0.08460   0.13130   0.29935   0.20765   0.69584   0.63169   0.74711   0.61548  
 61 191.5375  12375.299771  x:  0.48633   0.00000   0.00000   0.51882   0.08029   0.21538   0.14556   0.05768   0.03916   0.20778   0.47682   0.03255   0.00000   0.00000   0.11860   0.11594   0.05751   0.02139   0.09185   0.21751   0.25100   0.17619   0.00000   0.00000   0.00000   0.00000   0.01289   0.00000   0.01678   0.00000   0.11429   0.01411   0.05336   0.14619   0.15447   0.02885   0.06462   0.07178   0.13700   0.14530   0.37827   0.09559   0.19567   0.12951   0.01585   0.00000   0.00000   0.21641   0.62149   0.24378   0.05390   0.14527   0.12828   0.19407   0.00195   0.00000   0.00766   0.04782   0.02401   0.23113   0.19003   0.31362   0.22536   0.00000   0.12225   0.08275   0.02490   0.04733   0.00000   0.01730   0.00533   0.11756   0.11862   0.10599   0.19749   0.00000   0.01546   0.17036   0.20188   0.02447   0.18286   0.03490   0.02085   0.36233   0.00000   0.09914   0.05367   0.05066   0.03978   0.06606   0.23707   0.01883   0.00000   0.03160   0.03811   0.11787   0.14663   0.22287   0.19571   0.24349   0.29362   0.17467   0.18612   0.00000   0.16720   0.30315   0.10157   0.22197   0.10902   0.02979   0.02811   0.10173   0.06722   0.02912   0.32379   0.00000   0.00892   0.11084   0.00000   0.06148   0.07093   0.00108   0.06877   0.04125   0.04545   0.11678   0.07806   0.01554   0.01754   0.01421   0.04519   0.03155   0.00000   0.00000   0.01278   0.14394   0.00000   0.03207   0.04240   0.08651   0.17267   0.45547   0.00000   0.08534   0.13188   0.29648   0.20838   0.70168   0.63291   0.75163   0.61701  
 62 139.5227  12374.096959  x:  0.51083   0.00000   0.00000   0.56028   0.05955   0.21228   0.14252   0.05682   0.03964   0.21898   0.48577   0.02983   0.00000   0.00000   0.11833   0.11541   0.05629   0.02111   0.08937   0.21998   0.25041   0.18070   0.00000   0.00000   0.00000   0.00000   0.01395   0.00000   0.01486   0.00000   0.11154   0.01266   0.05086   0.14718   0.15623   0.03313   0.06282   0.07444   0.13760   0.14380   0.36729   0.09349   0.19750   0.13131   0.01611   0.00859   0.00000   0.21776   0.61309   0.24433   0.05506   0.14697   0.12835   0.19414   0.00200   0.00000   0.01039   0.04352   0.02521   0.23309   0.19202   0.32094   0.22943   0.00000   0.12158   0.08200   0.02406   0.04670   0.00000   0.02113   0.00405   0.11610   0.11689   0.10207   0.20205   0.00000   0.01310   0.17437   0.20547   0.02619   0.18630   0.03104   0.02043   0.35981   0.00000   0.09927   0.04664   0.05228   0.04056   0.06564   0.23656   0.01831   0.00000   0.03536   0.03517   0.11651   0.14672   0.22403   0.19573   0.24354   0.29132   0.17843   0.19082   0.00000   0.16599   0.30395   0.10566   0.22338   0.10657   0.02744   0.02603   0.09887   0.06787   0.03120   0.31175   0.00000   0.00988   0.11299   0.00000   0.05998   0.07104   0.00106   0.06967   0.04043   0.04382   0.11756   0.07799   0.01574   0.01752   0.01415   0.04510   0.03153   0.00000   0.00000   0.00716   0.14088   0.00000   0.03057   0.04489   0.08586   0.17290   0.43735   0.00000   0.08754   0.13397   0.28763   0.21154   0.72183   0.63588   0.76684   0.62212  
 63 414.7052  12372.312153  x:  0.54418   0.00000   0.00000   0.61980   0.02484   0.20560   0.13868   0.05640   0.03980   0.23494   0.49196   0.02304   0.00000   0.00000   0.11736   0.11377   0.05458   0.02117   0.08475   0.22447   0.25236   0.18405   0.00000   0.00000   0.00000   0.00000   0.01291   0.00000   0.01674   0.00000   0.10770   0.01351   0.05306   0.14559   0.15462   0.03087   0.05903   0.07495   0.13547   0.14331   0.35667   0.09626   0.19980   0.12983   0.01597   0.00628   0.00000   0.22033   0.59708   0.24693   0.05523   0.14505   0.12651   0.19403   0.00192   0.00000   0.00796   0.04336   0.02311   0.23738   0.19421   0.32941   0.23526   0.00000   0.11957   0.08203   0.02870   0.04777   0.00000   0.01583   0.00454   0.11211   0.11338   0.09790   0.20868   0.00000   0.01052   0.17633   0.21023   0.01765   0.19010   0.03041   0.02424   0.35705   0.00000   0.09923   0.03880   0.05062   0.03812   0.06359   0.23631   0.01792   0.00000   0.02254   0.03523   0.11381   0.14666   0.22568   0.19474   0.24771   0.29221   0.18059   0.19403   0.00000   0.16806   0.30183   0.11028   0.22713   0.10324   0.03236   0.02948   0.09516   0.06764   0.03330   0.29618   0.00000   0.00883   0.11380   0.00000   0.05996   0.07189   0.00108   0.07129   0.03868   0.04435   0.11828   0.07835   0.01436   0.01731   0.01478   0.04357   0.03154   0.00000   0.00000   0.00895   0.13819   0.00000   0.02914   0.04698   0.08629   0.17380   0.40920   0.00000   0.08997   0.13619   0.27973   0.21631   0.75115   0.63719   0.78814   0.62673  
 64 186.1799  12370.675708  x:  0.56366   0.00000   0.00000   0.65643   0.00000   0.20048   0.13714   0.05676   0.03953   0.24458   0.49090   0.01743   0.00000   0.00000   0.11692   0.11304   0.05494   0.02129   0.08341   0.22722   0.25519   0.18357   0.00000   0.00000   0.00000   0.00000   0.01266   0.00000   0.01705   0.00000   0.10742   0.01359   0.05527   0.14352   0.15191   0.02464   0.05866   0.07320   0.13336   0.14405   0.35517   0.09984   0.20056   0.12716   0.01655   0.00627   0.00000   0.22232   0.58590   0.24970   0.05443   0.14217   0.12505   0.19386   0.00194   0.00000   0.00784   0.04701   0.02269   0.24035   0.19486   0.33226   0.23794   0.00000   0.11865   0.08250   0.02622   0.04802   0.00000   0.01603   0.00510   0.11050   0.11258   0.09831   0.21173   0.00000   0.01351   0.17553   0.21246   0.01896   0.19129   0.03372   0.02551   0.35624   0.00000   0.09883   0.04225   0.04949   0.03729   0.06297   0.23666   0.01824   0.00000   0.02419   0.03913   0.11332   0.14647   0.22650   0.19363   0.25237   0.29528   0.17993   0.19331   0.00000   0.17113   0.29868   0.11320   0.23004   0.10305   0.03139   0.02761   0.09501   0.06680   0.03349   0.28982   0.00000   0.00988   0.11284   0.00000   0.06133   0.07241   0.00115   0.07169   0.03860   0.04599   0.11828   0.07867   0.01576   0.01761   0.01405   0.04294   0.03154   0.00000   0.00000   0.00884   0.13831   0.00000   0.02975   0.04610   0.08696   0.17460   0.39037   0.00000   0.09098   0.13674   0.27922   0.21855   0.76930   0.63606   0.80074   0.62730  
 65 201.0899  12368.346306  x:  0.60485   0.00000   0.00000   0.73730   0.00000   0.18840   0.13664   0.05843   0.03853   0.26516   0.47724   0.00547   0.00000   0.00000   0.11714   0.11359   0.05711   0.02172   0.08610   0.23054   0.26189   0.17859   0.00000   0.00000   0.00000   0.00000   0.01350   0.00000   0.01547   0.00000   0.11158   0.01277   0.05133   0.14089   0.14770   0.02340   0.06383   0.07064   0.13149   0.14631   0.36252   0.10360   0.20012   0.12270   0.01651   0.00603   0.00000   0.22532   0.56225   0.25517   0.05482   0.13808   0.12447   0.19351   0.00190   0.00000   0.00766   0.04548   0.02388   0.24461   0.19420   0.33229   0.23943   0.00000   0.11937   0.08302   0.03030   0.04694   0.00000   0.01637   0.00425   0.11171   0.11526   0.10412   0.21170   0.00000   0.00563   0.17070   0.21318   0.01862   0.18966   0.02931   0.02280   0.35633   0.00000   0.09754   0.04837   0.05372   0.04209   0.06461   0.23820   0.01708   0.00000   0.02843   0.03339   0.11497   0.14572   0.22675   0.19070   0.26070   0.30458   0.17568   0.18791   0.00000   0.17647   0.28883   0.12443   0.23483   0.10656   0.03162   0.03086   0.09894   0.06588   0.03233   0.28584   0.00000   0.00876   0.10960   0.00000   0.06287   0.07231   0.00113   0.07064   0.04033   0.04619   0.11753   0.07894   0.00769   0.01581   0.01800   0.04453   0.03159   0.00000   0.00000   0.00911   0.14132   0.00000   0.03227   0.04275   0.08808   0.17608   0.34538   0.00000   0.09223   0.13556   0.28666   0.22001   0.80903   0.62970   0.82695   0.62339  
 66 210.5790  12366.897694  x:  0.63672   0.00000   0.00000   0.80127   0.00000   0.17911   0.13731   0.05987   0.03769   0.28122   0.46282   0.00181   0.00000   0.00000   0.11755   0.11447   0.05778   0.02163   0.08879   0.23206   0.26670   0.17469   0.00000   0.00000   0.00000   0.00000   0.01398   0.00000   0.01458   0.00000   0.11481   0.01242   0.04815   0.14027   0.14624   0.02610   0.06691   0.07000   0.13150   0.14763   0.37125   0.10405   0.19931   0.12105   0.01609   0.00585   0.00000   0.22709   0.54527   0.25889   0.05574   0.13684   0.12511   0.19331   0.00187   0.00000   0.00711   0.04172   0.02417   0.24693   0.19323   0.33020   0.23939   0.00000   0.12061   0.08296   0.03257   0.04627   0.00000   0.01575   0.00421   0.11400   0.11781   0.10806   0.21034   0.00000   0.00639   0.16727   0.21262   0.01920   0.18770   0.02478   0.01873   0.35704   0.00000   0.09668   0.04796   0.05567   0.04361   0.06577   0.23941   0.01637   0.00000   0.02598   0.02857   0.11668   0.14532   0.22649   0.18899   0.26623   0.31175   0.17256   0.18384   0.00000   0.17934   0.28053   0.13468   0.23766   0.10923   0.03178   0.03299   0.10184   0.06567   0.03131   0.28671   0.00373   0.00839   0.10757   0.00000   0.06292   0.07191   0.00110   0.06955   0.04110   0.04508   0.11698   0.07899   0.02130   0.01751   0.01737   0.04567   0.03159   0.00000   0.00000   0.00923   0.14386   0.00000   0.03342   0.04103   0.08859   0.17704   0.30834   0.00000   0.09292   0.13432   0.29467   0.22017   0.84035   0.62359   0.84707   0.61959  
 67 459.8983  12364.525670  x:  0.68003   0.00000   0.00000   0.89154   0.00000   0.16754   0.14062   0.06185   0.03655   0.30338   0.43520   0.01349   0.00000   0.00000   0.11827   0.11596   0.05562   0.02093   0.09139   0.23191   0.27161   0.17139   0.00000   0.00000   0.00000   0.00000   0.01314   0.00000   0.01595   0.00000   0.11681   0.01209   0.04933   0.14272   0.14887   0.03157   0.06586   0.07212   0.13442   0.14781   0.38811   0.09946   0.19782   0.12362   0.01599   0.00583   0.00000   0.22827   0.52721   0.26236   0.05702   0.13984   0.12780   0.19328   0.00192   0.00000   0.00741   0.03743   0.02344   0.24793   0.19160   0.32316   0.23750   0.00000   0.12278   0.08192   0.02863   0.04665   0.00000   0.01719   0.00512   0.11804   0.12042   0.10924   0.20665   0.00000   0.01770   0.16483   0.21048   0.02164   0.18514   0.02748   0.01163   0.35957   0.00000   0.09646   0.03713   0.05248   0.03880   0.06573   0.24065   0.01674   0.00000   0.02035   0.03384   0.11908   0.14557   0.22571   0.18798   0.27085   0.32045   0.17048   0.18067   0.00000   0.17997   0.26860   0.14837   0.23920   0.11085   0.02989   0.03066   0.10308   0.06588   0.02994   0.29603   0.00881   0.00103   0.10697   0.00000   0.06062   0.07105   0.00116   0.06830   0.03997   0.04236   0.11625   0.07818   0.01467   0.01593   0.01275   0.04563   0.03155   0.00000   0.00000   0.00929   0.14691   0.00000   0.03208   0.04193   0.08836   0.17780   0.25255   0.00000   0.09334   0.13247   0.30890   0.21883   0.88437   0.61313   0.87407   0.61453  
 68 293.3296  12363.989478  x:  0.68457   0.00000   0.00000   0.90156   0.00000   0.16669   0.14134   0.06199   0.03647   0.30577   0.43105   0.01355   0.00000   0.00000   0.11832   0.11603   0.05523   0.02101   0.09123   0.23159   0.27172   0.17163   0.00000   0.00000   0.00000   0.00000   0.01297   0.00000   0.01623   0.00000   0.11644   0.01213   0.05002   0.14330   0.14967   0.03140   0.06498   0.07250   0.13494   0.14755   0.39020   0.09855   0.19771   0.12446   0.01606   0.00585   0.00000   0.22818   0.52651   0.26237   0.05690   0.14064   0.12813   0.19332   0.00193   0.00000   0.00736   0.03822   0.02346   0.24772   0.19151   0.32194   0.23716   0.00000   0.12289   0.08181   0.02827   0.04685   0.00000   0.01700   0.00507   0.11817   0.12031   0.10858   0.20597   0.00000   0.01666   0.16506   0.21017   0.02052   0.18505   0.02831   0.01162   0.36006   0.00000   0.09664   0.03646   0.05190   0.03830   0.06550   0.24066   0.01684   0.00000   0.02154   0.03439   0.11908   0.14567   0.22565   0.18798   0.27059   0.32108   0.17075   0.18096   0.00000   0.17954   0.26743   0.14825   0.23896   0.11061   0.03005   0.03023   0.10257   0.06573   0.02978   0.29811   0.01019   0.00000   0.10731   0.00000   0.06032   0.07102   0.00117   0.06833   0.03971   0.04238   0.11632   0.07813   0.01495   0.01666   0.01331   0.04537   0.03156   0.00000   0.00000   0.00922   0.14711   0.00000   0.03151   0.04234   0.08821   0.17776   0.24575   0.00000   0.09332   0.13242   0.31050   0.21854   0.88922   0.61184   0.87685   0.61428  
 69 241.1168  12363.989478  x:  0.68457   0.00000   0.00000   0.90156   0.00000   0.16669   0.14134   0.06199   0.03647   0.30577   0.43105   0.01355   0.00000   0.00000   0.11832   0.11603   0.05523   0.02101   0.09123   0.23159   0.27172   0.17163   0.00000   0.00000   0.00000   0.00000   0.01297   0.00000   0.01623   0.00000   0.11644   0.01213   0.05002   0.14330   0.14967   0.03140   0.06498   0.07250   0.13494   0.14755   0.39020   0.09855   0.19771   0.12446   0.01606   0.00585   0.00000   0.22818   0.52651   0.26237   0.05690   0.14064   0.12813   0.19332   0.00193   0.00000   0.00736   0.03822   0.02346   0.24772   0.19151   0.32194   0.23716   0.00000   0.12289   0.08181   0.02827   0.04685   0.00000   0.01700   0.00507   0.11817   0.12031   0.10858   0.20597   0.00000   0.01666   0.16506   0.21017   0.02052   0.18505   0.02831   0.01162   0.36006   0.00000   0.09664   0.03646   0.05190   0.03830   0.06550   0.24066   0.01684   0.00000   0.02154   0.03439   0.11908   0.14567   0.22565   0.18798   0.27059   0.32108   0.17075   0.18096   0.00000   0.17954   0.26743   0.14825   0.23896   0.11061   0.03005   0.03023   0.10257   0.06573   0.02978   0.29811   0.01019   0.00000   0.10731   0.00000   0.06032   0.07102   0.00117   0.06833   0.03971   0.04238   0.11632   0.07813   0.01495   0.01666   0.01331   0.04537   0.03156   0.00000   0.00000   0.00922   0.14711   0.00000   0.03151   0.04234   0.08821   0.17776   0.24575   0.00000   0.09332   0.13242   0.31050   0.21854   0.88922   0.61184   0.87685   0.61428  
 70 324.9623  12359.868609  x:  0.68487   0.00000   0.00000   0.90177   0.00000   0.16725   0.14152   0.06204   0.03642   0.30578   0.43128   0.01280   0.00000   0.00000   0.11829   0.11602   0.05484   0.02099   0.09121   0.23191   0.27199   0.17211   0.00000   0.00000   0.00000   0.00000   0.01005   0.00000   0.01293   0.00000   0.11646   0.01183   0.05016   0.14351   0.15000   0.02823   0.06420   0.07206   0.13508   0.14735   0.39084   0.09823   0.19789   0.12480   0.01438   0.00410   0.00000   0.22830   0.52777   0.26259   0.05681   0.14095   0.12822   0.19333   0.02330   0.00000   0.00678   0.03848   0.02357   0.24803   0.19170   0.32153   0.23756   0.00000   0.12291   0.08192   0.02750   0.04678   0.00000   0.01538   0.00463   0.11821   0.12033   0.10860   0.20625   0.00000   0.01573   0.16555   0.21059   0.02083   0.18539   0.02815   0.00932   0.36021   0.00000   0.09638   0.03580   0.05204   0.03808   0.06498   0.24069   0.01355   0.00000   0.02295   0.03462   0.11920   0.14569   0.22574   0.18785   0.27082   0.32155   0.17113   0.18150   0.00000   0.17979   0.26798   0.14729   0.23923   0.11070   0.02913   0.02898   0.10253   0.06548   0.02981   0.29899   0.01037   0.00003   0.10758   0.00000   0.06053   0.07119   0.00979   0.06834   0.03940   0.04281   0.11643   0.07812   0.01495   0.01678   0.01354   0.04495   0.03157   0.00000   0.00000   0.00907   0.14726   0.00000   0.03151   0.04216   0.08808   0.17780   0.24561   0.00000   0.09339   0.13269   0.31102   0.21886   0.88924   0.61206   0.87690   0.61466  
 71 969.4875  12355.191230  x:  0.68572   0.00000   0.00000   0.90238   0.00000   0.16885   0.14203   0.06217   0.03629   0.30582   0.43194   0.01081   0.00000   0.00000   0.11822   0.11597   0.05380   0.02092   0.09114   0.23280   0.27274   0.17347   0.00000   0.00000   0.00000   0.00000   0.00316   0.00000   0.00454   0.00000   0.11651   0.01122   0.05053   0.14408   0.15090   0.01964   0.06209   0.07086   0.13546   0.14680   0.39268   0.09735   0.19839   0.12574   0.01042   0.00000   0.00000   0.22868   0.53132   0.26324   0.05658   0.14181   0.12848   0.19336   0.02215   0.00000   0.00566   0.03916   0.02389   0.24890   0.19222   0.32037   0.23870   0.00000   0.12297   0.08221   0.02554   0.04662   0.00000   0.01137   0.00371   0.11836   0.12039   0.10864   0.20705   0.00000   0.01325   0.16690   0.21174   0.02161   0.18634   0.02777   0.00352   0.36065   0.00000   0.09571   0.03412   0.05240   0.03751   0.06358   0.24078   0.00512   0.00000   0.02624   0.03518   0.11953   0.14574   0.22601   0.18751   0.27148   0.32287   0.17221   0.18298   0.00000   0.18050   0.26954   0.14465   0.23999   0.11092   0.02687   0.02581   0.10241   0.06481   0.02989   0.30145   0.01077   0.00001   0.10834   0.00000   0.06111   0.07142   0.01055   0.06822   0.03830   0.04361   0.11671   0.07810   0.01494   0.01704   0.01407   0.04381   0.03158   0.00000   0.00000   0.00875   0.14767   0.00000   0.03152   0.04169   0.08773   0.17790   0.24521   0.00000   0.09360   0.13344   0.31251   0.21975   0.88929   0.61270   0.87703   0.61576  
 72 333.7551  12355.191230  x:  0.68572   0.00000   0.00000   0.90238   0.00000   0.16885   0.14203   0.06217   0.03629   0.30582   0.43194   0.01081   0.00000   0.00000   0.11822   0.11597   0.05380   0.02092   0.09114   0.23280   0.27274   0.17347   0.00000   0.00000   0.00000   0.00000   0.00316   0.00000   0.00454   0.00000   0.11651   0.01122   0.05053   0.14408   0.15090   0.01964   0.06209   0.07086   0.13546   0.14680   0.39268   0.09735   0.19839   0.12574   0.01042   0.00000   0.00000   0.22868   0.53132   0.26324   0.05658   0.14181   0.12848   0.19336   0.02215   0.00000   0.00566   0.03916   0.02389   0.24890   0.19222   0.32037   0.23870   0.00000   0.12297   0.08221   0.02554   0.04662   0.00000   0.01137   0.00371   0.11836   0.12039   0.10864   0.20705   0.00000   0.01325   0.16690   0.21174   0.02161   0.18634   0.02777   0.00352   0.36065   0.00000   0.09571   0.03412   0.05240   0.03751   0.06358   0.24078   0.00512   0.00000   0.02624   0.03518   0.11953   0.14574   0.22601   0.18751   0.27148   0.32287   0.17221   0.18298   0.00000   0.18050   0.26954   0.14465   0.23999   0.11092   0.02687   0.02581   0.10241   0.06481   0.02989   0.30145   0.01077   0.00001   0.10834   0.00000   0.06111   0.07142   0.01055   0.06822   0.03830   0.04361   0.11671   0.07810   0.01494   0.01704   0.01407   0.04381   0.03158   0.00000   0.00000   0.00875   0.14767   0.00000   0.03152   0.04169   0.08773   0.17790   0.24521   0.00000   0.09360   0.13344   0.31251   0.21975   0.88929   0.61270   0.87703   0.61576  
 73 310.4718  12355.102087  x:  0.68574   0.00000   0.00000   0.90239   0.00000   0.16889   0.14204   0.06217   0.03629   0.30582   0.43195   0.01078   0.00000   0.00000   0.11822   0.11597   0.05378   0.02092   0.09114   0.23282   0.27276   0.17350   0.00000   0.00000   0.00000   0.00000   0.00337   0.00000   0.00459   0.00000   0.11651   0.01122   0.05054   0.14409   0.15092   0.01949   0.06205   0.07084   0.13547   0.14679   0.39272   0.09733   0.19840   0.12576   0.01041   0.00001   0.00000   0.22870   0.53141   0.26326   0.05657   0.14183   0.12849   0.19336   0.02197   0.00000   0.00567   0.03917   0.02390   0.24892   0.19223   0.32035   0.23873   0.00000   0.12297   0.08221   0.02552   0.04661   0.00000   0.01133   0.00371   0.11836   0.12039   0.10864   0.20707   0.00000   0.01321   0.16693   0.21176   0.02163   0.18636   0.02776   0.00349   0.36066   0.00000   0.09570   0.03409   0.05241   0.03750   0.06355   0.24078   0.00513   0.00000   0.02628   0.03518   0.11953   0.14574   0.22601   0.18750   0.27149   0.32290   0.17223   0.18301   0.00000   0.18051   0.26958   0.14459   0.24001   0.11093   0.02684   0.02577   0.10241   0.06479   0.02989   0.30150   0.01077   0.00000   0.10836   0.00000   0.06112   0.07142   0.01050   0.06821   0.03828   0.04363   0.11672   0.07810   0.01494   0.01704   0.01407   0.04378   0.03158   0.00000   0.00000   0.00875   0.14768   0.00000   0.03152   0.04169   0.08772   0.17790   0.24520   0.00000   0.09361   0.13346   0.31254   0.21977   0.88929   0.61272   0.87704   0.61579  
 74 229.2632  12352.292283  x:  0.68731   0.00000   0.00000   0.90351   0.00000   0.17175   0.14294   0.06240   0.03607   0.30589   0.43317   0.00825   0.00000   0.00000   0.11813   0.11592   0.05230   0.02080   0.09102   0.23436   0.27408   0.17577   0.00000   0.00000   0.00000   0.00000   0.00172   0.00000   0.00618   0.00000   0.11659   0.01118   0.05105   0.14504   0.15241   0.00817   0.05902   0.06908   0.13611   0.14589   0.39596   0.09590   0.19926   0.12729   0.00955   0.00052   0.00000   0.22964   0.53777   0.26471   0.05635   0.14321   0.12895   0.19342   0.00882   0.00000   0.00610   0.04007   0.02429   0.25042   0.19310   0.31829   0.24073   0.00000   0.12307   0.08266   0.02362   0.04646   0.00000   0.00873   0.00373   0.11872   0.12056   0.10864   0.20868   0.00000   0.00999   0.16920   0.21369   0.02247   0.18803   0.02747   0.00135   0.36152   0.00000   0.09500   0.03219   0.05289   0.03684   0.06152   0.24089   0.00557   0.00000   0.02915   0.03562   0.11995   0.14584   0.22647   0.18693   0.27273   0.32517   0.17414   0.18550   0.00000   0.18171   0.27240   0.14029   0.24136   0.11128   0.02484   0.02250   0.10222   0.06381   0.02991   0.30584   0.01113   0.00000   0.10961   0.00000   0.06198   0.07168   0.00673   0.06802   0.03665   0.04470   0.11718   0.07804   0.01495   0.01722   0.01444   0.04212   0.03158   0.00000   0.00000   0.00870   0.14839   0.00000   0.03149   0.04103   0.08716   0.17806   0.24446   0.00000   0.09399   0.13473   0.31516   0.22132   0.88936   0.61390   0.87726   0.61784  
 75 535.5246  12351.491002  x:  0.68835   0.00000   0.00000   0.90425   0.00000   0.17362   0.14352   0.06255   0.03592   0.30593   0.43398   0.00731   0.00000   0.00000   0.11809   0.11589   0.05157   0.02072   0.09094   0.23532   0.27490   0.17714   0.00000   0.00000   0.00000   0.00000   0.00203   0.00000   0.00261   0.00000   0.11664   0.01117   0.05127   0.14559   0.15328   0.00757   0.05762   0.06819   0.13649   0.14539   0.39804   0.09507   0.19979   0.12819   0.00986   0.00000   0.00000   0.23019   0.54190   0.26560   0.05624   0.14402   0.12923   0.19345   0.00782   0.00000   0.00572   0.04042   0.02437   0.25136   0.19363   0.31696   0.24196   0.00000   0.12313   0.08291   0.02315   0.04641   0.00000   0.00904   0.00362   0.11893   0.12068   0.10860   0.20976   0.00000   0.00884   0.17059   0.21484   0.02280   0.18907   0.02736   0.00308   0.36210   0.00000   0.09475   0.03154   0.05314   0.03656   0.06050   0.24096   0.00475   0.00000   0.03010   0.03572   0.12017   0.14589   0.22675   0.18660   0.27355   0.32661   0.17533   0.18700   0.00000   0.18243   0.27426   0.13779   0.24221   0.11146   0.02451   0.02168   0.10210   0.06332   0.02986   0.30863   0.01121   0.00000   0.11036   0.00000   0.06244   0.07185   0.00677   0.06794   0.03588   0.04529   0.11746   0.07801   0.01495   0.01724   0.01452   0.04129   0.03158   0.00000   0.00000   0.00872   0.14884   0.00000   0.03146   0.04067   0.08684   0.17817   0.24396   0.00000   0.09425   0.13550   0.31683   0.22229   0.88941   0.61467   0.87741   0.61911  
 76 194.9288  12351.491002  x:  0.68835   0.00000   0.00000   0.90425   0.00000   0.17362   0.14352   0.06255   0.03592   0.30593   0.43398   0.00731   0.00000   0.00000   0.11809   0.11589   0.05157   0.02072   0.09094   0.23532   0.27490   0.17714   0.00000   0.00000   0.00000   0.00000   0.00203   0.00000   0.00261   0.00000   0.11664   0.01117   0.05127   0.14559   0.15328   0.00757   0.05762   0.06819   0.13649   0.14539   0.39804   0.09507   0.19979   0.12819   0.00986   0.00000   0.00000   0.23019   0.54190   0.26560   0.05624   0.14402   0.12923   0.19345   0.00782   0.00000   0.00572   0.04042   0.02437   0.25136   0.19363   0.31696   0.24196   0.00000   0.12313   0.08291   0.02315   0.04641   0.00000   0.00904   0.00362   0.11893   0.12068   0.10860   0.20976   0.00000   0.00884   0.17059   0.21484   0.02280   0.18907   0.02736   0.00308   0.36210   0.00000   0.09475   0.03154   0.05314   0.03656   0.06050   0.24096   0.00475   0.00000   0.03010   0.03572   0.12017   0.14589   0.22675   0.18660   0.27355   0.32661   0.17533   0.18700   0.00000   0.18243   0.27426   0.13779   0.24221   0.11146   0.02451   0.02168   0.10210   0.06332   0.02986   0.30863   0.01121   0.00000   0.11036   0.00000   0.06244   0.07185   0.00677   0.06794   0.03588   0.04529   0.11746   0.07801   0.01495   0.01724   0.01452   0.04129   0.03158   0.00000   0.00000   0.00872   0.14884   0.00000   0.03146   0.04067   0.08684   0.17817   0.24396   0.00000   0.09425   0.13550   0.31683   0.22229   0.88941   0.61467   0.87741   0.61911  
 77 519.4277  12350.788936  x:  0.68853   0.00000   0.00000   0.90438   0.00000   0.17392   0.14362   0.06257   0.03590   0.30594   0.43411   0.00728   0.00000   0.00000   0.11809   0.11589   0.05150   0.02071   0.09092   0.23547   0.27503   0.17734   0.00000   0.00000   0.00000   0.00000   0.00647   0.00000   0.00544   0.00000   0.11665   0.01116   0.05129   0.14567   0.15341   0.00828   0.05748   0.06809   0.13655   0.14533   0.39837   0.09495   0.19987   0.12832   0.00987   0.00004   0.00000   0.23028   0.54256   0.26574   0.05623   0.14413   0.12927   0.19345   0.00874   0.00000   0.00574   0.04045   0.02437   0.25150   0.19371   0.31675   0.24215   0.00000   0.12313   0.08294   0.02316   0.04641   0.00000   0.00912   0.00360   0.11897   0.12070   0.10860   0.20993   0.00000   0.00881   0.17079   0.21501   0.02282   0.18922   0.02734   0.00287   0.36219   0.00000   0.09471   0.03152   0.05317   0.03654   0.06038   0.24097   0.00507   0.00000   0.03012   0.03572   0.12020   0.14590   0.22679   0.18656   0.27368   0.32682   0.17551   0.18721   0.00000   0.18254   0.27456   0.13744   0.24235   0.11149   0.02455   0.02171   0.10209   0.06326   0.02984   0.30907   0.01119   0.00000   0.11047   0.00000   0.06249   0.07187   0.00694   0.06793   0.03580   0.04536   0.11750   0.07800   0.01495   0.01724   0.01451   0.04120   0.03158   0.00000   0.00000   0.00873   0.14891   0.00000   0.03145   0.04062   0.08679   0.17818   0.24387   0.00000   0.09429   0.13562   0.31709   0.22244   0.88942   0.61479   0.87743   0.61930  
 78 373.9380  12349.586141  x:  0.69127   0.00000   0.00000   0.90635   0.00000   0.17869   0.14509   0.06293   0.03556   0.30605   0.43625   0.00695   0.00000   0.00000   0.11803   0.11587   0.05035   0.02052   0.09071   0.23778   0.27705   0.18049   0.00000   0.00000   0.00000   0.00000   0.00399   0.00000   0.00742   0.00000   0.11674   0.01116   0.05158   0.14689   0.15534   0.01549   0.05530   0.06655   0.13742   0.14427   0.40355   0.09317   0.20111   0.13029   0.01004   0.00041   0.00000   0.23166   0.55309   0.26795   0.05602   0.14592   0.12987   0.19352   0.01754   0.00000   0.00586   0.04090   0.02435   0.25377   0.19493   0.31344   0.24512   0.00000   0.12325   0.08342   0.02337   0.04641   0.00000   0.01016   0.00334   0.11948   0.12098   0.10849   0.21257   0.00000   0.00840   0.17398   0.21772   0.02314   0.19160   0.02694   0.00042   0.36354   0.00000   0.09406   0.03121   0.05364   0.03614   0.05861   0.24114   0.00723   0.00000   0.03048   0.03570   0.12065   0.14602   0.22741   0.18586   0.27578   0.33029   0.17823   0.19064   0.00000   0.18422   0.27935   0.13196   0.24446   0.11186   0.02522   0.02213   0.10185   0.06242   0.02950   0.31603   0.01089   0.00000   0.11216   0.00000   0.06335   0.07219   0.00896   0.06781   0.03463   0.04644   0.11815   0.07791   0.01495   0.01720   0.01446   0.03984   0.03157   0.00000   0.00000   0.00882   0.15001   0.00000   0.03131   0.03995   0.08609   0.17843   0.24254   0.00000   0.09496   0.13742   0.32123   0.22477   0.88956   0.61678   0.87779   0.62227  
 79 116.5412  12347.706778  x:  0.69484   0.00000   0.00000   0.90893   0.00000   0.18478   0.14696   0.06338   0.03513   0.30620   0.43902   0.00710   0.00000   0.00000   0.11798   0.11585   0.04917   0.02030   0.09044   0.24065   0.27958   0.18431   0.00000   0.00000   0.00000   0.00000   0.00581   0.00000   0.00407   0.00000   0.11685   0.01114   0.05187   0.14834   0.15766   0.01686   0.05286   0.06490   0.13845   0.14294   0.41009   0.09107   0.20264   0.13266   0.00999   0.00000   0.00000   0.23335   0.56653   0.27067   0.05578   0.14807   0.13058   0.19361   0.01913   0.00000   0.00570   0.04134   0.02427   0.25658   0.19642   0.30925   0.24879   0.00000   0.12338   0.08396   0.02350   0.04640   0.00000   0.01021   0.00319   0.12009   0.12129   0.10838   0.21584   0.00000   0.00805   0.17789   0.22104   0.02336   0.19457   0.02665   0.00358   0.36531   0.00000   0.09354   0.03097   0.05413   0.03577   0.05673   0.24135   0.00497   0.00000   0.03102   0.03566   0.12118   0.14616   0.22819   0.18497   0.27839   0.33465   0.18152   0.19481   0.00000   0.18627   0.28550   0.12530   0.24710   0.11227   0.02567   0.02233   0.10157   0.06152   0.02900   0.32486   0.01046   0.00000   0.11421   0.00000   0.06431   0.07250   0.00941   0.06768   0.03339   0.04760   0.11894   0.07781   0.01495   0.01718   0.01442   0.03841   0.03156   0.00000   0.00000   0.00888   0.15137   0.00000   0.03110   0.03920   0.08526   0.17873   0.24079   0.00000   0.09582   0.13964   0.32645   0.22766   0.88974   0.61932   0.87825   0.62590  
 80 337.3075  12344.001538  x:  0.70618   0.00000   0.00000   0.91713   0.00000   0.20379   0.15276   0.06476   0.03386   0.30667   0.44776   0.00972   0.00000   0.00000   0.11788   0.11583   0.04658   0.01967   0.08959   0.24922   0.28719   0.19541   0.00000   0.00000   0.00000   0.00000   0.00262   0.00000   0.01113   0.00000   0.11713   0.01104   0.05246   0.15242   0.16421   0.00925   0.04718   0.06108   0.14139   0.13910   0.43016   0.08535   0.20714   0.13933   0.00964   0.00000   0.00000   0.23835   0.60832   0.27885   0.05517   0.15414   0.13254   0.19383   0.00980   0.00000   0.00512   0.04230   0.02392   0.26501   0.20078   0.29644   0.25972   0.00000   0.12374   0.08529   0.02353   0.04635   0.00000   0.00825   0.00316   0.12184   0.12213   0.10805   0.22544   0.00000   0.00739   0.18919   0.23087   0.02329   0.20320   0.02572   0.00203   0.37060   0.00000   0.09191   0.03077   0.05535   0.03490   0.05239   0.24200   0.00512   0.00000   0.03155   0.03551   0.12263   0.14655   0.23047   0.18235   0.28630   0.34786   0.19098   0.20691   0.00000   0.19223   0.30482   0.10618   0.25510   0.11333   0.02593   0.02212   0.10083   0.05944   0.02713   0.35204   0.00889   0.00000   0.12006   0.00000   0.06673   0.07315   0.00709   0.06738   0.03070   0.05042   0.12124   0.07750   0.01493   0.01717   0.01437   0.03527   0.03154   0.00000   0.00000   0.00897   0.15549   0.00000   0.03033   0.03734   0.08298   0.17964   0.23518   0.00000   0.09855   0.14617   0.34242   0.23628   0.89029   0.62725   0.87967   0.63640  
 81 695.7664  12343.610611  x:  0.70735   0.00000   0.00000   0.91798   0.00000   0.20556   0.15327   0.06487   0.03377   0.30672   0.44862   0.01072   0.00000   0.00000   0.11790   0.11584   0.04680   0.01965   0.08951   0.24984   0.28777   0.19607   0.00000   0.00000   0.00000   0.00000   0.00345   0.00000   0.00973   0.00000   0.11714   0.01105   0.05240   0.15260   0.16451   0.00872   0.04765   0.06130   0.14153   0.13893   0.43187   0.08522   0.20743   0.13964   0.00971   0.00000   0.00000   0.23869   0.61217   0.27946   0.05517   0.15442   0.13261   0.19384   0.00900   0.00000   0.00528   0.04224   0.02387   0.26563   0.20105   0.29539   0.26051   0.00000   0.12375   0.08527   0.02344   0.04635   0.00000   0.00830   0.00317   0.12192   0.12217   0.10801   0.22608   0.00000   0.00746   0.18987   0.23155   0.02303   0.20374   0.02571   0.00000   0.37101   0.00000   0.09185   0.03090   0.05533   0.03495   0.05266   0.24205   0.00661   0.00000   0.03132   0.03550   0.12268   0.14656   0.23061   0.18216   0.28691   0.34893   0.19153   0.20763   0.00000   0.19259   0.30668   0.10519   0.25572   0.11333   0.02569   0.02196   0.10081   0.05957   0.02684   0.35444   0.00871   0.00000   0.12038   0.00000   0.06673   0.07311   0.00694   0.06739   0.03096   0.05038   0.12137   0.07749   0.01493   0.01719   0.01439   0.03554   0.03154   0.00000   0.00000   0.00896   0.15580   0.00000   0.03021   0.03737   0.08290   0.17970   0.23459   0.00000   0.09883   0.14661   0.34377   0.23690   0.89035   0.62800   0.87981   0.63703  
 82 269.7239  12342.403272  x:  0.71550   0.00000   0.00000   0.92403   0.00000   0.21659   0.15624   0.06538   0.03345   0.30704   0.45431   0.02224   0.00000   0.00000   0.11818   0.11604   0.05167   0.01979   0.08906   0.25209   0.29023   0.19687   0.00000   0.00000   0.00000   0.00000   0.00305   0.00000   0.01020   0.00000   0.11695   0.01115   0.05111   0.15191   0.16375   0.00895   0.05812   0.06722   0.14112   0.13944   0.44089   0.08776   0.20814   0.13882   0.01029   0.00000   0.00000   0.23967   0.63553   0.28180   0.05569   0.15372   0.13212   0.19378   0.00979   0.00000   0.00620   0.04067   0.02340   0.26800   0.20152   0.29030   0.26315   0.00000   0.12357   0.08405   0.02243   0.04633   0.00000   0.00925   0.00322   0.12164   0.12202   0.10772   0.22776   0.00000   0.00892   0.19094   0.23347   0.01960   0.20501   0.02683   0.00317   0.37325   0.00000   0.09346   0.03268   0.05388   0.03650   0.05973   0.24226   0.00915   0.00000   0.02917   0.03549   0.12222   0.14643   0.23101   0.18132   0.28946   0.35408   0.19199   0.20850   0.00000   0.19306   0.31874   0.10569   0.25842   0.11244   0.02263   0.02026   0.10119   0.06289   0.02409   0.36792   0.00733   0.00000   0.12029   0.00000   0.06470   0.07203   0.00647   0.06789   0.03648   0.04766   0.12154   0.07752   0.01488   0.01739   0.01458   0.04155   0.03153   0.00000   0.00000   0.00876   0.15716   0.00000   0.02907   0.03911   0.08365   0.17984   0.23018   0.00000   0.10068   0.14778   0.35073   0.23905   0.89076   0.63263   0.88066   0.63781  
 83 157.1083  12342.012320  x:  0.71840   0.00000   0.00000   0.92620   0.00000   0.22012   0.15712   0.06550   0.03342   0.30715   0.45621   0.02459   0.00000   0.00000   0.11822   0.11606   0.05279   0.01982   0.08894   0.25240   0.29071   0.19639   0.00000   0.00000   0.00000   0.00000   0.00300   0.00000   0.01043   0.00000   0.11686   0.01113   0.05084   0.15137   0.16301   0.00928   0.06048   0.06875   0.14072   0.13991   0.44333   0.08896   0.20809   0.13802   0.00976   0.00000   0.00000   0.23970   0.64284   0.28217   0.05585   0.15304   0.13179   0.19374   0.01012   0.00000   0.00520   0.04034   0.02335   0.26838   0.20141   0.28911   0.26343   0.00000   0.12348   0.08361   0.02259   0.04635   0.00000   0.00860   0.00318   0.12141   0.12190   0.10767   0.22768   0.00000   0.00894   0.19059   0.23361   0.01929   0.20486   0.02695   0.00071   0.37378   0.00000   0.09385   0.03264   0.05337   0.03684   0.06151   0.24231   0.00498   0.00000   0.02884   0.03560   0.12198   0.14636   0.23100   0.18115   0.28994   0.35532   0.19148   0.20798   0.00000   0.19281   0.32274   0.10609   0.25893   0.11208   0.02311   0.02090   0.10135   0.06384   0.02324   0.37185   0.00716   0.00000   0.11984   0.00000   0.06388   0.07169   0.00709   0.06802   0.03762   0.04664   0.12144   0.07754   0.01488   0.01736   0.01455   0.04290   0.03152   0.00000   0.00000   0.00871   0.15747   0.00000   0.02870   0.03961   0.08405   0.17981   0.22854   0.00000   0.10131   0.14781   0.35259   0.23927   0.89091   0.63411   0.88094   0.63732  
 84 180.9467  12341.358473  x:  0.72750   0.00000   0.00000   0.93313   0.00000   0.22960   0.15912   0.06560   0.03356   0.30748   0.46166   0.02344   0.00000   0.00000   0.11807   0.11588   0.05269   0.01981   0.08873   0.25151   0.29068   0.19223   0.00000   0.00000   0.00000   0.00000   0.00302   0.00000   0.01034   0.00000   0.11659   0.01101   0.05109   0.14881   0.15921   0.00925   0.06022   0.06976   0.13870   0.14222   0.44786   0.09296   0.20682   0.13395   0.00835   0.00000   0.00000   0.23862   0.66163   0.28159   0.05623   0.14953   0.13038   0.19356   0.00970   0.00000   0.00417   0.04091   0.02403   0.26777   0.20006   0.28793   0.26189   0.00000   0.12317   0.08259   0.02463   0.04644   0.00000   0.00632   0.00329   0.12035   0.12136   0.10766   0.22503   0.00000   0.00717   0.18710   0.23198   0.02246   0.20243   0.02657   0.00163   0.37466   0.00000   0.09477   0.02997   0.05221   0.03682   0.06253   0.24233   0.00686   0.00000   0.03101   0.03624   0.12100   0.14603   0.23049   0.18103   0.28972   0.35687   0.18763   0.20348   0.00000   0.19061   0.33407   0.10695   0.25877   0.11094   0.02891   0.02549   0.10186   0.06505   0.02155   0.38069   0.00787   0.00000   0.11703   0.00000   0.06157   0.07103   0.00850   0.06803   0.03672   0.04404   0.12056   0.07766   0.01499   0.01695   0.01413   0.04270   0.03152   0.00000   0.00000   0.00871   0.15778   0.00000   0.02781   0.04019   0.08556   0.17944   0.22314   0.00000   0.10323   0.14649   0.35598   0.23792   0.89134   0.63805   0.88175   0.63321  
 85 94.9873  12340.866526  x:  0.73593   0.00000   0.00000   0.93959   0.00000   0.23783   0.16072   0.06562   0.03373   0.30779   0.46653   0.02058   0.00000   0.00000   0.11790   0.11570   0.05184   0.01996   0.08864   0.25031   0.29029   0.18820   0.00000   0.00000   0.00000   0.00000   0.00297   0.00000   0.01050   0.00000   0.11640   0.01117   0.05146   0.14665   0.15590   0.00870   0.05835   0.06954   0.13699   0.14417   0.45110   0.09588   0.20551   0.13041   0.01089   0.00000   0.00000   0.23742   0.67764   0.28070   0.05657   0.14647   0.12925   0.19340   0.00980   0.00000   0.00764   0.04164   0.02455   0.26682   0.19869   0.28752   0.26005   0.00000   0.12294   0.08201   0.02480   0.04642   0.00000   0.01068   0.00355   0.11952   0.12101   0.10763   0.22235   0.00000   0.00684   0.18358   0.23003   0.02428   0.19991   0.02618   0.00126   0.37521   0.00000   0.09524   0.02902   0.05177   0.03666   0.06214   0.24230   0.00605   0.00000   0.03212   0.03638   0.12021   0.14577   0.22993   0.18113   0.28919   0.35765   0.18408   0.19910   0.00000   0.18846   0.34414   0.10767   0.25821   0.11006   0.02953   0.02510   0.10228   0.06550   0.02059   0.38773   0.00800   0.00000   0.11445   0.00000   0.06007   0.07062   0.00700   0.06791   0.03527   0.04266   0.11973   0.07775   0.01501   0.01690   0.01414   0.04160   0.03151   0.00000   0.00000   0.00864   0.15796   0.00000   0.02724   0.04023   0.08673   0.17904   0.21802   0.00000   0.10497   0.14502   0.35841   0.23629   0.89173   0.64147   0.88247   0.62923  
 86 218.4008  12340.347578  x:  0.74520   0.00000   0.00000   0.94678   0.00000   0.24611   0.16211   0.06556   0.03392   0.30811   0.47167   0.01643   0.00000   0.00000   0.11775   0.11556   0.05059   0.02032   0.08869   0.24868   0.28950   0.18410   0.00000   0.00000   0.00000   0.00000   0.00303   0.00000   0.01034   0.00000   0.11631   0.01122   0.05175   0.14490   0.15309   0.00947   0.05558   0.06830   0.13562   0.14577   0.45348   0.09762   0.20406   0.12738   0.01006   0.00000   0.00000   0.23603   0.69331   0.27938   0.05669   0.14389   0.12837   0.19328   0.00991   0.00000   0.00451   0.04175   0.02423   0.26540   0.19720   0.28787   0.25762   0.00000   0.12280   0.08195   0.02306   0.04629   0.00000   0.01004   0.00299   0.11883   0.12069   0.10780   0.21935   0.00000   0.00864   0.17982   0.22754   0.02415   0.19716   0.02611   0.00133   0.37551   0.00000   0.09536   0.03056   0.05222   0.03648   0.06061   0.24219   0.00641   0.00000   0.03163   0.03590   0.11961   0.14556   0.22930   0.18151   0.28823   0.35771   0.18045   0.19463   0.00000   0.18626   0.35459   0.10882   0.25720   0.10944   0.02497   0.02024   0.10265   0.06530   0.02037   0.39395   0.00731   0.00000   0.11200   0.00000   0.05958   0.07054   0.00603   0.06772   0.03392   0.04289   0.11890   0.07782   0.01494   0.01720   0.01458   0.04000   0.03150   0.00000   0.00000   0.00858   0.15808   0.00000   0.02703   0.03968   0.08754   0.17856   0.21221   0.00000   0.10684   0.14331   0.36019   0.23424   0.89217   0.64490   0.88321   0.62513  
 87 179.5651  12340.215587  x:  0.74869   0.00000   0.00000   0.94957   0.00000   0.24869   0.16238   0.06548   0.03398   0.30823   0.47344   0.01525   0.00000   0.00000   0.11777   0.11558   0.05041   0.02045   0.08880   0.24798   0.28903   0.18313   0.00000   0.00000   0.00000   0.00000   0.00302   0.00000   0.01036   0.00000   0.11635   0.01112   0.05167   0.14484   0.15286   0.00909   0.05507   0.06768   0.13561   0.14584   0.45357   0.09719   0.20362   0.12717   0.00943   0.00000   0.00000   0.23556   0.69781   0.27877   0.05664   0.14371   0.12838   0.19327   0.01006   0.00000   0.00663   0.04161   0.02409   0.26475   0.19679   0.28847   0.25670   0.00000   0.12284   0.08228   0.02267   0.04628   0.00000   0.00842   0.00382   0.11885   0.12067   0.10794   0.21839   0.00000   0.00893   0.17877   0.22659   0.02291   0.19637   0.02641   0.00135   0.37542   0.00000   0.09516   0.03157   0.05279   0.03644   0.05985   0.24211   0.00632   0.00000   0.03071   0.03557   0.11964   0.14557   0.22910   0.18176   0.28767   0.35727   0.17965   0.19356   0.00000   0.18572   0.35807   0.10986   0.25666   0.10949   0.02370   0.02014   0.10271   0.06494   0.02070   0.39524   0.00691   0.00000   0.11158   0.00000   0.06015   0.07073   0.00804   0.06767   0.03413   0.04395   0.11873   0.07780   0.01493   0.01726   0.01465   0.03974   0.03150   0.00000   0.00000   0.00867   0.15809   0.00000   0.02723   0.03925   0.08746   0.17839   0.20987   0.00000   0.10751   0.14276   0.36027   0.23346   0.89235   0.64596   0.88345   0.62414  
 88 88.0704  12339.970706  x:  0.75715   0.00000   0.00000   0.95648   0.00000   0.25379   0.16247   0.06520   0.03407   0.30851   0.47741   0.01365   0.00000   0.00000   0.11795   0.11578   0.05066   0.02062   0.08919   0.24623   0.28761   0.18210   0.00000   0.00000   0.00000   0.00000   0.00302   0.00000   0.01037   0.00000   0.11661   0.01112   0.05123   0.14585   0.15397   0.00922   0.05533   0.06635   0.13656   0.14502   0.45223   0.09432   0.20289   0.12848   0.01069   0.00000   0.00000   0.23462   0.70585   0.27718   0.05648   0.14478   0.12910   0.19334   0.00989   0.00000   0.00556   0.04067   0.02352   0.26301   0.19616   0.29072   0.25447   0.00000   0.12309   0.08356   0.02307   0.04634   0.00000   0.00919   0.00400   0.11928   0.12093   0.10828   0.21653   0.00000   0.00875   0.17727   0.22452   0.01933   0.19506   0.02749   0.00157   0.37485   0.00000   0.09437   0.03313   0.05439   0.03631   0.05823   0.24186   0.00650   0.00000   0.02839   0.03506   0.12022   0.14576   0.22875   0.18242   0.28597   0.35539   0.17908   0.19241   0.00000   0.18509   0.36554   0.11360   0.25511   0.11011   0.02398   0.02389   0.10272   0.06375   0.02198   0.39625   0.00635   0.00000   0.11162   0.00000   0.06259   0.07135   0.00744   0.06760   0.03559   0.04733   0.11858   0.07767   0.01496   0.01716   0.01450   0.03998   0.03148   0.00000   0.00000   0.00886   0.15798   0.00000   0.02814   0.03814   0.08661   0.17800   0.20388   0.00000   0.10908   0.14175   0.35926   0.23169   0.89283   0.64805   0.88392   0.62300  
 89 73.0693  12339.782342  x:  0.76525   0.00000   0.00000   0.96325   0.00000   0.25780   0.16218   0.06491   0.03412   0.30876   0.48094   0.01305   0.00000   0.00000   0.11815   0.11599   0.05115   0.02047   0.08954   0.24477   0.28625   0.18216   0.00000   0.00000   0.00000   0.00000   0.00301   0.00000   0.01037   0.00000   0.11685   0.01128   0.05105   0.14721   0.15572   0.00921   0.05640   0.06605   0.13777   0.14385   0.45003   0.09154   0.20255   0.13053   0.00842   0.00000   0.00000   0.23400   0.71138   0.27578   0.05627   0.14647   0.12991   0.19345   0.01025   0.00000   0.00666   0.04051   0.02393   0.26153   0.19597   0.29314   0.25274   0.00000   0.12334   0.08435   0.02354   0.04638   0.00000   0.00931   0.00242   0.11974   0.12122   0.10850   0.21533   0.00000   0.00924   0.17708   0.22316   0.02088   0.19445   0.02779   0.00145   0.37412   0.00000   0.09379   0.03191   0.05479   0.03609   0.05792   0.24167   0.00639   0.00000   0.02917   0.03564   0.12093   0.14600   0.22856   0.18298   0.28438   0.35324   0.17950   0.19247   0.00000   0.18504   0.37193   0.11735   0.25363   0.11084   0.02457   0.02320   0.10266   0.06287   0.02260   0.39574   0.00705   0.00000   0.11231   0.00000   0.06430   0.07176   0.00574   0.06762   0.03625   0.04884   0.11865   0.07755   0.01497   0.01708   0.01443   0.04059   0.03147   0.00000   0.00000   0.00872   0.15771   0.00000   0.02889   0.03779   0.08568   0.17772   0.19786   0.00000   0.11053   0.14121   0.35754   0.23036   0.89332   0.64963   0.88429   0.62295  
 90 72.7257  12339.587700  x:  0.77507   0.00000   0.00000   0.97155   0.00000   0.26220   0.16162   0.06456   0.03415   0.30906   0.48505   0.01236   0.00000   0.00000   0.11833   0.11618   0.05159   0.02027   0.08993   0.24321   0.28469   0.18271   0.00000   0.00000   0.00000   0.00000   0.00299   0.00000   0.01043   0.00000   0.11708   0.01120   0.05105   0.14879   0.15785   0.00922   0.05755   0.06621   0.13913   0.14247   0.44702   0.08882   0.20234   0.13302   0.01012   0.00000   0.00000   0.23343   0.71697   0.27430   0.05618   0.14848   0.13084   0.19358   0.00989   0.00000   0.00578   0.04060   0.02447   0.25992   0.19594   0.29601   0.25094   0.00000   0.12359   0.08483   0.02363   0.04637   0.00000   0.00940   0.00399   0.12040   0.12151   0.10869   0.21435   0.00000   0.00925   0.17733   0.22190   0.02368   0.19405   0.02756   0.00143   0.37318   0.00000   0.09334   0.03013   0.05456   0.03591   0.05823   0.24147   0.00641   0.00000   0.03086   0.03640   0.12169   0.14626   0.22842   0.18360   0.28260   0.35059   0.18035   0.19305   0.00000   0.18524   0.37926   0.12144   0.25195   0.11168   0.02508   0.02095   0.10251   0.06209   0.02291   0.39443   0.00783   0.00000   0.11331   0.00000   0.06560   0.07211   0.00734   0.06771   0.03637   0.04940   0.11883   0.07742   0.01497   0.01706   0.01446   0.04119   0.03147   0.00000   0.00000   0.00869   0.15728   0.00000   0.02957   0.03785   0.08469   0.17744   0.19037   0.00000   0.11225   0.14078   0.35517   0.22904   0.89393   0.65131   0.88469   0.62338  
 91 146.4122  12339.361352  x:  0.78917   0.00000   0.00000   0.98384   0.00000   0.26688   0.16020   0.06418   0.03414   0.30948   0.49032   0.01017   0.00000   0.00000   0.11827   0.11613   0.05097   0.02043   0.09019   0.24214   0.28313   0.18466   0.00000   0.00000   0.00000   0.00000   0.00300   0.00000   0.01038   0.00000   0.11703   0.01073   0.05173   0.14985   0.15963   0.00888   0.05685   0.06755   0.13987   0.14147   0.44212   0.08914   0.20280   0.13514   0.01103   0.00000   0.00000   0.23338   0.72111   0.27316   0.05621   0.15015   0.13125   0.19372   0.01049   0.00000   0.00602   0.04154   0.02439   0.25864   0.19646   0.29923   0.24999   0.00000   0.12361   0.08360   0.02189   0.04619   0.00000   0.00831   0.00280   0.12054   0.12156   0.10849   0.21448   0.00000   0.00683   0.17883   0.22139   0.02304   0.19461   0.02564   0.00136   0.37186   0.00000   0.09387   0.03208   0.05251   0.03652   0.06025   0.24133   0.00646   0.00000   0.03095   0.03545   0.12185   0.14639   0.22850   0.18394   0.28080   0.34727   0.18221   0.19515   0.00000   0.18618   0.38820   0.12409   0.25038   0.11230   0.02504   0.02123   0.10182   0.06233   0.02199   0.39037   0.00651   0.00000   0.11475   0.00000   0.06393   0.07169   0.00688   0.06786   0.03404   0.04558   0.11922   0.07739   0.01493   0.01734   0.01473   0.04060   0.03149   0.00000   0.00000   0.00940   0.15631   0.00000   0.02940   0.03949   0.08435   0.17729   0.17892   0.00000   0.11462   0.14089   0.35131   0.22847   0.89484   0.65284   0.88512   0.62525  
 92 56.4139  12339.236428  x:  0.79791   0.00000   0.00000   0.99160   0.00000   0.26932   0.15918   0.06400   0.03412   0.30973   0.49338   0.00905   0.00000   0.00000   0.11818   0.11604   0.05056   0.02040   0.09024   0.24184   0.28245   0.18587   0.00000   0.00000   0.00000   0.00000   0.00298   0.00000   0.01044   0.00000   0.11693   0.01137   0.05197   0.15005   0.16014   0.00984   0.05609   0.06811   0.13991   0.14126   0.43917   0.09018   0.20319   0.13572   0.00923   0.00000   0.00000   0.23353   0.72267   0.27276   0.05619   0.15063   0.13118   0.19377   0.00956   0.00000   0.00591   0.04172   0.02412   0.25820   0.19684   0.30076   0.24987   0.00000   0.12353   0.08283   0.02243   0.04621   0.00000   0.00978   0.00421   0.12058   0.12152   0.10827   0.21513   0.00000   0.00767   0.17983   0.22147   0.02229   0.19521   0.02560   0.00141   0.37111   0.00000   0.09425   0.03265   0.05178   0.03682   0.06100   0.24128   0.00654   0.00000   0.03045   0.03496   0.12172   0.14639   0.22860   0.18410   0.28014   0.34547   0.18327   0.19645   0.00000   0.18679   0.39328   0.12489   0.24973   0.11245   0.02473   0.02185   0.10142   0.06273   0.02172   0.38753   0.00646   0.00000   0.11542   0.00000   0.06257   0.07136   0.00735   0.06790   0.03325   0.04359   0.11941   0.07741   0.01493   0.01729   0.01465   0.04012   0.03149   0.00000   0.00000   0.00871   0.15573   0.00000   0.02913   0.04012   0.08440   0.17726   0.17158   0.00000   0.11606   0.14117   0.34905   0.22848   0.89541   0.65357   0.88534   0.62650  
 93 113.4466  12339.076462  x:  0.81046   0.00000   0.00000   1.00297   0.00000   0.27210   0.15753   0.06385   0.03411   0.31009   0.49744   0.00846   0.00000   0.00000   0.11802   0.11586   0.05020   0.02013   0.09016   0.24199   0.28195   0.18732   0.00000   0.00000   0.00000   0.00000   0.00299   0.00000   0.01038   0.00000   0.11671   0.01125   0.05179   0.14958   0.15986   0.00848   0.05489   0.06817   0.13933   0.14160   0.43530   0.09243   0.20383   0.13527   0.01010   0.00000   0.00000   0.23398   0.72335   0.27276   0.05623   0.15033   0.13070   0.19378   0.01079   0.00000   0.00578   0.04125   0.02372   0.25816   0.19742   0.30211   0.25040   0.00000   0.12333   0.08210   0.02449   0.04637   0.00000   0.00934   0.00352   0.12026   0.12132   0.10795   0.21651   0.00000   0.01069   0.18119   0.22217   0.02155   0.19632   0.02727   0.00132   0.37023   0.00000   0.09462   0.03173   0.05209   0.03689   0.06085   0.24129   0.00663   0.00000   0.02961   0.03496   0.12125   0.14629   0.22882   0.18411   0.27983   0.34350   0.18435   0.19803   0.00000   0.18758   0.39983   0.12485   0.24935   0.11228   0.02418   0.02235   0.10105   0.06350   0.02216   0.38317   0.00775   0.00000   0.11589   0.00000   0.06078   0.07093   0.00758   0.06786   0.03380   0.04258   0.11959   0.07748   0.01497   0.01697   0.01429   0.03960   0.03147   0.00000   0.00000   0.00781   0.15507   0.00000   0.02866   0.04021   0.08484   0.17728   0.16062   0.00000   0.11809   0.14181   0.34621   0.22903   0.89623   0.65427   0.88560   0.62819  
 94 98.0431  12338.921854  x:  0.82371   0.00000   0.00000   1.01519   0.00000   0.27442   0.15568   0.06380   0.03411   0.31045   0.50140   0.00897   0.00000   0.00000   0.11787   0.11570   0.05024   0.01994   0.09000   0.24259   0.28186   0.18839   0.00000   0.00000   0.00000   0.00000   0.00297   0.00000   0.01043   0.00000   0.11649   0.01064   0.05134   0.14862   0.15885   0.01072   0.05436   0.06768   0.13841   0.14238   0.43176   0.09458   0.20445   0.13388   0.01098   0.00000   0.00000   0.23456   0.72282   0.27317   0.05627   0.14936   0.13000   0.19374   0.00943   0.00000   0.00652   0.04061   0.02372   0.25860   0.19798   0.30274   0.25143   0.00000   0.12310   0.08193   0.02441   0.04641   0.00000   0.00823   0.00318   0.11981   0.12108   0.10770   0.21799   0.00000   0.01050   0.18228   0.22330   0.02111   0.19742   0.02853   0.00126   0.36953   0.00000   0.09475   0.03050   0.05322   0.03658   0.05985   0.24136   0.00651   0.00000   0.02946   0.03556   0.12068   0.14614   0.22908   0.18380   0.27991   0.34215   0.18494   0.19921   0.00000   0.18820   0.40605   0.12400   0.24941   0.11185   0.02413   0.02202   0.10098   0.06417   0.02322   0.37849   0.00858   0.00000   0.11592   0.00000   0.05977   0.07070   0.00684   0.06771   0.03523   0.04348   0.11967   0.07758   0.01498   0.01696   0.01430   0.03949   0.03146   0.00000   0.00000   0.00936   0.15471   0.00000   0.02835   0.03973   0.08549   0.17732   0.14865   0.00000   0.12018   0.14250   0.34372   0.22994   0.89711   0.65469   0.88583   0.62960  
 95 119.0821  12338.700218  x:  0.84261   0.00000   0.00000   1.03288   0.00000   0.27716   0.15298   0.06383   0.03412   0.31095   0.50667   0.01046   0.00000   0.00000   0.11772   0.11553   0.05064   0.01992   0.08976   0.24377   0.28212   0.18936   0.00000   0.00000   0.00000   0.00000   0.00298   0.00000   0.01038   0.00000   0.11624   0.01119   0.05084   0.14711   0.15703   0.00926   0.05444   0.06674   0.13704   0.14361   0.42742   0.09679   0.20517   0.13139   0.00967   0.00000   0.00000   0.23542   0.72099   0.27406   0.05627   0.14763   0.12900   0.19364   0.01070   0.00000   0.00585   0.03994   0.02399   0.25958   0.19864   0.30290   0.25315   0.00000   0.12282   0.08228   0.02244   0.04633   0.00000   0.00924   0.00407   0.11925   0.12081   0.10744   0.21997   0.00000   0.00742   0.18338   0.22508   0.02102   0.19875   0.02871   0.00121   0.36878   0.00000   0.09472   0.02990   0.05488   0.03594   0.05817   0.24151   0.00661   0.00000   0.02997   0.03650   0.11995   0.14590   0.22943   0.18315   0.28041   0.34096   0.18530   0.20027   0.00000   0.18880   0.41427   0.12213   0.24990   0.11113   0.02463   0.02124   0.10121   0.06478   0.02489   0.37195   0.00861   0.00000   0.11557   0.00000   0.05951   0.07069   0.00704   0.06746   0.03706   0.04599   0.11968   0.07771   0.01494   0.01724   0.01463   0.03980   0.03145   0.00000   0.00000   0.01025   0.15454   0.00000   0.02820   0.03854   0.08637   0.17740   0.13112   0.00000   0.12313   0.14335   0.34075   0.23138   0.89837   0.65500   0.88611   0.63110  
 96 180.5005  12338.539230  x:  0.85674   0.00000   0.00000   1.04646   0.00000   0.27843   0.15099   0.06397   0.03415   0.31131   0.51002   0.01169   0.00000   0.00000   0.11773   0.11553   0.05107   0.02018   0.08962   0.24486   0.28276   0.18925   0.00000   0.00000   0.00000   0.00000   0.00296   0.00000   0.01044   0.00000   0.11625   0.01147   0.05100   0.14626   0.15576   0.00987   0.05569   0.06632   0.13641   0.14433   0.42543   0.09655   0.20538   0.12966   0.01012   0.00000   0.00000   0.23594   0.71833   0.27499   0.05634   0.14643   0.12864   0.19353   0.01009   0.00000   0.00587   0.04042   0.02428   0.26060   0.19886   0.30209   0.25452   0.00000   0.12277   0.08313   0.02237   0.04629   0.00000   0.00948   0.00254   0.11901   0.12079   0.10751   0.22108   0.00000   0.00745   0.18359   0.22627   0.02218   0.19921   0.02663   0.00128   0.36858   0.00000   0.09454   0.03173   0.05501   0.03572   0.05768   0.24167   0.00661   0.00000   0.03053   0.03643   0.11974   0.14575   0.22959   0.18271   0.28134   0.34101   0.18488   0.20015   0.00000   0.18882   0.41947   0.12001   0.25070   0.11069   0.02508   0.02140   0.10169   0.06454   0.02558   0.36765   0.00757   0.00000   0.11493   0.00000   0.06091   0.07109   0.00802   0.06735   0.03670   0.04769   0.11957   0.07773   0.01492   0.01729   0.01464   0.04037   0.03146   0.00000   0.00000   0.00733   0.15492   0.00000   0.02854   0.03759   0.08666   0.17748   0.11735   0.00000   0.12528   0.14367   0.33944   0.23239   0.89932   0.65483   0.88628   0.63139  
 97 107.6115  12338.373231  x:  0.87262   0.00000   0.00000   1.06208   0.00000   0.27916   0.14883   0.06421   0.03421   0.31170   0.51317   0.01283   0.00000   0.00000   0.11782   0.11563   0.05138   0.02034   0.08949   0.24613   0.28379   0.18843   0.00000   0.00000   0.00000   0.00000   0.00297   0.00000   0.01036   0.00000   0.11641   0.01072   0.05149   0.14579   0.15477   0.00978   0.05728   0.06629   0.13624   0.14474   0.42444   0.09476   0.20532   0.12838   0.01018   0.00000   0.00000   0.23636   0.71429   0.27616   0.05643   0.14551   0.12867   0.19341   0.01087   0.00000   0.00598   0.04137   0.02430   0.26186   0.19882   0.30045   0.25594   0.00000   0.12288   0.08418   0.02381   0.04631   0.00000   0.00874   0.00443   0.11923   0.12090   0.10783   0.22199   0.00000   0.00911   0.18312   0.22734   0.02325   0.19929   0.02446   0.00122   0.36868   0.00000   0.09427   0.03332   0.05413   0.03588   0.05805   0.24186   0.00656   0.00000   0.03077   0.03569   0.11987   0.14565   0.22965   0.18238   0.28279   0.34185   0.18391   0.19927   0.00000   0.18846   0.42442   0.11724   0.25189   0.11040   0.02506   0.02199   0.10236   0.06384   0.02568   0.36366   0.00706   0.00000   0.11407   0.00000   0.06319   0.07164   0.00650   0.06735   0.03498   0.04848   0.11937   0.07769   0.01494   0.01710   0.01440   0.04091   0.03148   0.00000   0.00000   0.00861   0.15580   0.00000   0.02915   0.03753   0.08672   0.17751   0.10120   0.00000   0.12765   0.14377   0.33883   0.23333   0.90039   0.65428   0.88643   0.63099  
 98 134.0708  12338.184368  x:  0.89118   0.00000   0.00000   1.08087   0.00000   0.27912   0.14653   0.06457   0.03428   0.31214   0.51595   0.01368   0.00000   0.00000   0.11798   0.11583   0.05121   0.02013   0.08938   0.24746   0.28524   0.18684   0.00000   0.00000   0.00000   0.00000   0.00295   0.00000   0.01042   0.00000   0.11674   0.01162   0.05201   0.14607   0.15455   0.00970   0.05803   0.06678   0.13677   0.14458   0.42499   0.09161   0.20491   0.12830   0.00992   0.00000   0.00000   0.23656   0.70840   0.27746   0.05650   0.14533   0.12926   0.19330   0.01062   0.00000   0.00566   0.04195   0.02378   0.26328   0.19842   0.29782   0.25722   0.00000   0.12316   0.08479   0.02421   0.04631   0.00000   0.00982   0.00253   0.11959   0.12123   0.10827   0.22217   0.00000   0.00915   0.18168   0.22812   0.02236   0.19895   0.02553   0.00129   0.36920   0.00000   0.09395   0.03200   0.05257   0.03646   0.05934   0.24207   0.00665   0.00000   0.03037   0.03477   0.12046   0.14567   0.22958   0.18207   0.28459   0.34381   0.18253   0.19758   0.00000   0.18769   0.42900   0.11404   0.25346   0.11037   0.02427   0.02221   0.10304   0.06303   0.02512   0.36051   0.00860   0.00000   0.11315   0.00000   0.06543   0.07217   0.00834   0.06761   0.03297   0.04761   0.11910   0.07757   0.01498   0.01697   0.01430   0.04093   0.03149   0.00000   0.00000   0.01107   0.15711   0.00000   0.02969   0.03855   0.08637   0.17747   0.08134   0.00000   0.13036   0.14360   0.33930   0.23405   0.90166   0.65319   0.88658   0.62970  
 99 121.2593  12337.987855  x:  0.91012   0.00000   0.00000   1.10051   0.00000   0.27837   0.14446   0.06495   0.03434   0.31256   0.51798   0.01440   0.00000   0.00000   0.11814   0.11601   0.05071   0.02001   0.08929   0.24851   0.28675   0.18512   0.00000   0.00000   0.00000   0.00000   0.00296   0.00000   0.01035   0.00000   0.11704   0.01089   0.05199   0.14691   0.15512   0.01017   0.05739   0.06734   0.13772   0.14396   0.42686   0.08884   0.20434   0.12946   0.01000   0.00000   0.00000   0.23653   0.70168   0.27860   0.05649   0.14588   0.13013   0.19323   0.01099   0.00000   0.00589   0.04176   0.02340   0.26451   0.19784   0.29488   0.25806   0.00000   0.12347   0.08461   0.02303   0.04626   0.00000   0.00899   0.00364   0.12021   0.12153   0.10868   0.22178   0.00000   0.00775   0.17986   0.22847   0.02091   0.19832   0.02802   0.00119   0.37001   0.00000   0.09368   0.02983   0.05166   0.03696   0.06058   0.24222   0.00663   0.00000   0.02990   0.03476   0.12123   0.14581   0.22943   0.18195   0.28634   0.34634   0.18119   0.19574   0.00000   0.18682   0.43266   0.11146   0.25499   0.11056   0.02406   0.02203   0.10345   0.06275   0.02449   0.35869   0.00992   0.00000   0.11253   0.00000   0.06640   0.07230   0.00719   0.06796   0.03255   0.04576   0.11885   0.07745   0.01498   0.01711   0.01452   0.04043   0.03148   0.00000   0.00000   0.00806   0.15836   0.00000   0.02972   0.03941   0.08567   0.17735   0.06019   0.00000   0.13308   0.14315   0.34069   0.23442   0.90295   0.65173   0.88672   0.62801  
100 157.2729  12337.706600  x:  0.93847   0.00000   0.00000   1.13123   0.00000   0.27551   0.14231   0.06544   0.03437   0.31313   0.51873   0.01549   0.00000   0.00000   0.11826   0.11615   0.05000   0.02081   0.08922   0.24899   0.28863   0.18331   0.00000   0.00000   0.00000   0.00000   0.00296   0.00000   0.01034   0.00000   0.11719   0.01151   0.05087   0.14901   0.15764   0.01034   0.05383   0.06753   0.13946   0.14231   0.43257   0.08850   0.20348   0.13363   0.01011   0.00000   0.00000   0.23596   0.69046   0.27945   0.05619   0.14822   0.13142   0.19331   0.01121   0.00000   0.00595   0.04015   0.02433   0.26547   0.19689   0.29067   0.25790   0.00000   0.12374   0.08267   0.02224   0.04635   0.00000   0.00927   0.00347   0.12097   0.12174   0.10871   0.21998   0.00000   0.00950   0.17786   0.22767   0.02217   0.19676   0.02782   0.00120   0.37176   0.00000   0.09356   0.03212   0.05359   0.03660   0.06057   0.24225   0.00671   0.00000   0.03016   0.03723   0.12218   0.14623   0.22909   0.18244   0.28836   0.35077   0.18035   0.19374   0.00000   0.18577   0.43547   0.11052   0.25669   0.11112   0.02606   0.02169   0.10300   0.06436   0.02452   0.35983   0.00767   0.00000   0.11282   0.00000   0.06373   0.07154   0.00752   0.06830   0.03704   0.04350   0.11866   0.07736   0.01491   0.01739   0.01478   0.03923   0.03146   0.00000   0.00000   0.00898   0.15989   0.00000   0.02810   0.04017   0.08453   0.17680   0.02605   0.00000   0.13705   0.14189   0.34484   0.23401   0.90497   0.64878   0.88692   0.62533  
101 96.9672  12337.529589  x:  0.95588   0.00000   0.00000   1.15116   0.00000   0.27267   0.14186   0.06559   0.03434   0.31345   0.51740   0.01536   0.00000   0.00000   0.11825   0.11610   0.05047   0.02019   0.08911   0.24848   0.28918   0.18340   0.00000   0.00000   0.00000   0.00000   0.00295   0.00000   0.01034   0.00000   0.11698   0.00970   0.05102   0.14984   0.15914   0.01039   0.05407   0.06725   0.13994   0.14160   0.43730   0.09091   0.20324   0.13573   0.00976   0.00000   0.00000   0.23548   0.68353   0.27925   0.05601   0.14959   0.13154   0.19346   0.01122   0.00000   0.00574   0.04081   0.02432   0.26524   0.19656   0.28911   0.25695   0.00000   0.12362   0.08209   0.02514   0.04647   0.00000   0.00974   0.00321   0.12090   0.12159   0.10831   0.21846   0.00000   0.00747   0.17771   0.22656   0.02208   0.19600   0.02546   0.00125   0.37290   0.00000   0.09379   0.03175   0.05433   0.03602   0.05906   0.24216   0.00675   0.00000   0.03015   0.03621   0.12201   0.14635   0.22888   0.18284   0.28863   0.35331   0.18098   0.19385   0.00000   0.18573   0.43531   0.11169   0.25701   0.11137   0.02413   0.02152   0.10212   0.06555   0.02482   0.36344   0.00846   0.00000   0.11374   0.00000   0.06129   0.07120   0.00787   0.06792   0.03707   0.04453   0.11877   0.07742   0.01503   0.01679   0.01410   0.03970   0.03148   0.00000   0.00000   0.00885   0.16070   0.00000   0.02675   0.03915   0.08431   0.17621   0.00312   0.00000   0.13943   0.14138   0.34815   0.23317   0.90627   0.64660   0.88705   0.62439  
102 92.0718  12337.488450  x:  0.95812   0.00000   0.00000   1.15381   0.00000   0.27223   0.14188   0.06560   0.03433   0.31348   0.51708   0.01524   0.00000   0.00000   0.11824   0.11609   0.05055   0.02015   0.08910   0.24836   0.28920   0.18351   0.00000   0.00000   0.00000   0.00000   0.00295   0.00000   0.01034   0.00000   0.11694   0.01022   0.05112   0.14988   0.15928   0.01042   0.05427   0.06720   0.13993   0.14156   0.43795   0.09128   0.20324   0.13587   0.00985   0.00000   0.00000   0.23542   0.68268   0.27917   0.05600   0.14971   0.13150   0.19348   0.01124   0.00000   0.00577   0.04095   0.02428   0.26515   0.19655   0.28902   0.25679   0.00000   0.12359   0.08210   0.02509   0.04645   0.00000   0.00959   0.00328   0.12087   0.12155   0.10825   0.21828   0.00000   0.00747   0.17779   0.22640   0.02210   0.19596   0.02537   0.00123   0.37303   0.00000   0.09385   0.03164   0.05433   0.03598   0.05887   0.24215   0.00675   0.00000   0.03016   0.03600   0.12194   0.14635   0.22887   0.18290   0.28860   0.35358   0.18113   0.19397   0.00000   0.18578   0.43513   0.11192   0.25699   0.11138   0.02403   0.02160   0.10200   0.06565   0.02482   0.36410   0.00857   0.00000   0.11388   0.00000   0.06106   0.07119   0.00776   0.06785   0.03684   0.04476   0.11880   0.07744   0.01503   0.01679   0.01411   0.03980   0.03148   0.00000   0.00000   0.00884   0.16082   0.00000   0.02662   0.03896   0.08433   0.17612   0.00000   0.00000   0.13973   0.14134   0.34860   0.23303   0.90644   0.64630   0.88707   0.62436  
103 156.4726  12337.404236  x:  0.96979   0.00000   0.00000   1.16811   0.00000   0.26956   0.14239   0.06557   0.03428   0.31366   0.51464   0.01419   0.00000   0.00000   0.11814   0.11596   0.05087   0.02033   0.08912   0.24757   0.28902   0.18450   0.00000   0.00000   0.00000   0.00000   0.00295   0.00000   0.01035   0.00000   0.11673   0.00906   0.05148   0.14968   0.15955   0.01033   0.05558   0.06694   0.13956   0.14167   0.44139   0.09297   0.20335   0.13576   0.00973   0.00000   0.00000   0.23516   0.67853   0.27856   0.05602   0.14993   0.13103   0.19360   0.01125   0.00000   0.00574   0.04148   0.02399   0.26447   0.19663   0.28906   0.25582   0.00000   0.12338   0.08255   0.02289   0.04627   0.00000   0.00991   0.00330   0.12052   0.12133   0.10795   0.21760   0.00000   0.00894   0.17866   0.22561   0.02239   0.19600   0.02646   0.00117   0.37367   0.00000   0.09421   0.03138   0.05394   0.03605   0.05832   0.24202   0.00679   0.00000   0.03029   0.03526   0.12142   0.14631   0.22883   0.18320   0.28812   0.35464   0.18216   0.19502   0.00000   0.18624   0.43350   0.11335   0.25659   0.11139   0.02476   0.02213   0.10154   0.06569   0.02453   0.36840   0.00854   0.00000   0.11465   0.00000   0.06071   0.07125   0.00798   0.06751   0.03512   0.04606   0.11908   0.07756   0.01494   0.01724   0.01461   0.04029   0.03150   0.00000   0.00000   0.00899   0.16156   0.00000   0.02632   0.03806   0.08473   0.17558   0.00000   0.00000   0.14127   0.14131   0.35085   0.23223   0.90734   0.64464   0.88718   0.62462  
104 95.2077  12337.304947  x:  0.98376   0.00000   0.00000   1.18645   0.00000   0.26561   0.14396   0.06538   0.03421   0.31383   0.50983   0.01261   0.00000   0.00000   0.11797   0.11580   0.05049   0.02076   0.08928   0.24650   0.28826   0.18617   0.00000   0.00000   0.00000   0.00000   0.00295   0.00000   0.01035   0.00000   0.11662   0.00931   0.05116   0.14865   0.15866   0.01036   0.05580   0.06681   0.13853   0.14249   0.44503   0.09291   0.20374   0.13359   0.00976   0.00000   0.00000   0.23511   0.67472   0.27757   0.05618   0.14909   0.13020   0.19369   0.01128   0.00000   0.00583   0.04062   0.02421   0.26339   0.19709   0.29033   0.25479   0.00000   0.12318   0.08364   0.02460   0.04651   0.00000   0.00983   0.00336   0.11997   0.12118   0.10789   0.21734   0.00000   0.00811   0.18036   0.22498   0.02181   0.19660   0.02846   0.00104   0.37417   0.00000   0.09452   0.03235   0.05334   0.03654   0.05957   0.24179   0.00682   0.00000   0.03037   0.03669   0.12085   0.14620   0.22898   0.18314   0.28677   0.35501   0.18341   0.19680   0.00000   0.18711   0.42981   0.11524   0.25558   0.11127   0.02581   0.02064   0.10167   0.06458   0.02337   0.37496   0.00692   0.00000   0.11518   0.00000   0.06256   0.07142   0.00791   0.06766   0.03467   0.04622   0.11950   0.07765   0.01497   0.01688   0.01406   0.03995   0.03147   0.00000   0.00000   0.00898   0.16258   0.00000   0.02702   0.03818   0.08561   0.17504   0.00000   0.00000   0.14303   0.14171   0.35306   0.23137   0.90846   0.64259   0.88733   0.62588  
105 50.7874  12337.229789  x:  0.99420   0.00000   0.00000   1.20128   0.00000   0.26218   0.14593   0.06517   0.03418   0.31393   0.50460   0.01239   0.00000   0.00000   0.11793   0.11579   0.05012   0.01990   0.08942   0.24589   0.28741   0.18710   0.00000   0.00000   0.00000   0.00000   0.00295   0.00000   0.01033   0.00000   0.11673   0.00931   0.05075   0.14775   0.15744   0.01041   0.05453   0.06694   0.13782   0.14323   0.44684   0.09125   0.20410   0.13144   0.00975   0.00000   0.00000   0.23531   0.67323   0.27688   0.05626   0.14796   0.12982   0.19366   0.01131   0.00000   0.00582   0.04009   0.02451   0.26265   0.19758   0.29199   0.25443   0.00000   0.12321   0.08378   0.02382   0.04647   0.00000   0.00984   0.00337   0.11978   0.12127   0.10814   0.21775   0.00000   0.00839   0.18179   0.22490   0.02193   0.19714   0.02624   0.00108   0.37423   0.00000   0.09423   0.03164   0.05355   0.03637   0.06045   0.24165   0.00684   0.00000   0.03001   0.03724   0.12075   0.14608   0.22918   0.18281   0.28554   0.35449   0.18383   0.19785   0.00000   0.18769   0.42567   0.11661   0.25468   0.11118   0.02463   0.02179   0.10213   0.06369   0.02278   0.38051   0.00802   0.00000   0.11502   0.00000   0.06421   0.07144   0.00793   0.06813   0.03641   0.04515   0.11975   0.07765   0.01496   0.01717   0.01451   0.03939   0.03148   0.00000   0.00000   0.00885   0.16302   0.00000   0.02765   0.03902   0.08609   0.17490   0.00000   0.00000   0.14424   0.14246   0.35410   0.23113   0.90935   0.64110   0.88746   0.62716  
106 48.4747  12337.155402  x:  1.00401   0.00000   0.00000   1.21762   0.00000   0.25822   0.14919   0.06494   0.03421   0.31396   0.49630   0.01354   0.00000   0.00000   0.11816   0.11605   0.05063   0.02106   0.08969   0.24610   0.28646   0.18672   0.00000   0.00000   0.00000   0.00000   0.00296   0.00000   0.01032   0.00000   0.11706   0.00930   0.05142   0.14760   0.15637   0.01045   0.05389   0.06737   0.13813   0.14335   0.44622   0.08917   0.20439   0.13091   0.00973   0.00000   0.00000   0.23585   0.67490   0.27672   0.05613   0.14702   0.13042   0.19346   0.01134   0.00000   0.00577   0.04153   0.02374   0.26246   0.19791   0.29414   0.25514   0.00000   0.12353   0.08237   0.02380   0.04629   0.00000   0.00985   0.00331   0.12019   0.12163   0.10863   0.21898   0.00000   0.00834   0.18200   0.22590   0.02222   0.19783   0.02678   0.00109   0.37361   0.00000   0.09323   0.03121   0.05428   0.03610   0.05888   0.24174   0.00683   0.00000   0.03034   0.03471   0.12143   0.14594   0.22939   0.18201   0.28449   0.35266   0.18281   0.19740   0.00000   0.18764   0.41918   0.11656   0.25395   0.11118   0.02481   0.02161   0.10286   0.06410   0.02346   0.38555   0.00672   0.00000   0.11388   0.00000   0.06353   0.07138   0.00796   0.06832   0.03711   0.04404   0.11960   0.07748   0.01500   0.01659   0.01363   0.03984   0.03152   0.00000   0.00000   0.00887   0.16227   0.00000   0.02725   0.03926   0.08552   0.17534   0.00000   0.00000   0.14510   0.14330   0.35366   0.23194   0.91025   0.63993   0.88762   0.62825  
107 26.6559  12337.073826  x:  1.01453   0.00000   0.00000   1.23685   0.00000   0.25368   0.15341   0.06473   0.03423   0.31397   0.48514   0.01396   0.00000   0.00000   0.11834   0.11624   0.05080   0.01962   0.08965   0.24672   0.28562   0.18552   0.00000   0.00000   0.00000   0.00000   0.00298   0.00000   0.01030   0.00000   0.11727   0.00932   0.05142   0.14803   0.15603   0.01045   0.05474   0.06750   0.13890   0.14298   0.44416   0.08873   0.20455   0.13191   0.00974   0.00000   0.00000   0.23643   0.67867   0.27694   0.05608   0.14676   0.13125   0.19323   0.01136   0.00000   0.00578   0.04122   0.02407   0.26272   0.19809   0.29612   0.25634   0.00000   0.12381   0.08165   0.02456   0.04643   0.00000   0.00983   0.00327   0.12071   0.12188   0.10886   0.22038   0.00000   0.00815   0.18136   0.22718   0.02183   0.19826   0.02719   0.00110   0.37269   0.00000   0.09297   0.03253   0.05417   0.03620   0.05817   0.24187   0.00681   0.00000   0.03052   0.03572   0.12225   0.14599   0.22961   0.18127   0.28377   0.35027   0.18134   0.19620   0.00000   0.18722   0.41069   0.11486   0.25348   0.11118   0.02533   0.02128   0.10322   0.06473   0.02352   0.39019   0.00749   0.00000   0.11269   0.00000   0.06208   0.07141   0.00795   0.06808   0.03608   0.04439   0.11935   0.07741   0.01487   0.01800   0.01570   0.04020   0.03152   0.00000   0.00000   0.00894   0.16112   0.00000   0.02679   0.03881   0.08465   0.17602   0.00000   0.00000   0.14579   0.14412   0.35231   0.23312   0.91124   0.63895   0.88785   0.62884  
108 49.0571  12337.001747  x:  1.02326   0.00000   0.00000   1.25403   0.00000   0.24986   0.15722   0.06462   0.03423   0.31395   0.47435   0.01414   0.00000   0.00000   0.11833   0.11622   0.05047   0.02008   0.08957   0.24739   0.28524   0.18454   0.00000   0.00000   0.00000   0.00000   0.00299   0.00000   0.01027   0.00000   0.11720   0.00935   0.05091   0.14859   0.15647   0.01043   0.05553   0.06719   0.13945   0.14251   0.44180   0.08989   0.20454   0.13334   0.00973   0.00000   0.00000   0.23673   0.68299   0.27733   0.05613   0.14718   0.13165   0.19311   0.01136   0.00000   0.00578   0.04004   0.02453   0.26317   0.19802   0.29711   0.25731   0.00000   0.12382   0.08225   0.02367   0.04651   0.00000   0.00984   0.00322   0.12092   0.12183   0.10869   0.22122   0.00000   0.00840   0.18043   0.22804   0.02166   0.19826   0.02645   0.00114   0.37188   0.00000   0.09346   0.03196   0.05362   0.03629   0.05905   0.24200   0.00681   0.00000   0.03011   0.03757   0.12249   0.14610   0.22967   0.18106   0.28366   0.34839   0.18044   0.19512   0.00000   0.18677   0.40282   0.11284   0.25344   0.11109   0.02489   0.02166   0.10306   0.06498   0.02289   0.39299   0.00731   0.00000   0.11224   0.00000   0.06146   0.07146   0.00795   0.06779   0.03524   0.04551   0.11909   0.07736   0.01510   0.01646   0.01374   0.04000   0.03146   0.00000   0.00000   0.00898   0.16034   0.00000   0.02697   0.03832   0.08423   0.17657   0.00000   0.00000   0.14618   0.14441   0.35079   0.23397   0.91208   0.63839   0.88809   0.62875  
109 64.4952  12336.949118  x:  1.02915   0.00000   0.00000   1.26744   0.00000   0.24739   0.15999   0.06467   0.03416   0.31392   0.46502   0.01503   0.00000   0.00000   0.11813   0.11599   0.05014   0.02130   0.08942   0.24779   0.28551   0.18436   0.00000   0.00000   0.00000   0.00000   0.00300   0.00000   0.01026   0.00000   0.11687   0.00937   0.05087   0.14887   0.15750   0.01043   0.05496   0.06669   0.13929   0.14228   0.43978   0.09164   0.20431   0.13409   0.00971   0.00000   0.00000   0.23657   0.68726   0.27776   0.05620   0.14810   0.13122   0.19319   0.01135   0.00000   0.00577   0.04031   0.02409   0.26361   0.19770   0.29662   0.25757   0.00000   0.12351   0.08366   0.02418   0.04644   0.00000   0.00985   0.00318   0.12063   0.12148   0.10820   0.22104   0.00000   0.00829   0.17954   0.22811   0.02212   0.19789   0.02629   0.00116   0.37140   0.00000   0.09415   0.03085   0.05350   0.03633   0.06035   0.24212   0.00679   0.00000   0.02989   0.03651   0.12180   0.14613   0.22950   0.18160   0.28431   0.34769   0.18076   0.19484   0.00000   0.18654   0.39663   0.11176   0.25392   0.11092   0.02458   0.02180   0.10255   0.06469   0.02241   0.39318   0.00630   0.00000   0.11294   0.00000   0.06251   0.07142   0.00795   0.06781   0.03602   0.04602   0.11912   0.07752   0.01481   0.01766   0.01480   0.03951   0.03151   0.00000   0.00000   0.00896   0.16033   0.00000   0.02791   0.03843   0.08471   0.17671   0.00000   0.00000   0.14616   0.14398   0.34964   0.23406   0.91267   0.63847   0.88831   0.62790  
110 37.7849  12336.905551  x:  1.03350   0.00000   0.00000   1.27896   0.00000   0.24576   0.16210   0.06480   0.03406   0.31389   0.45639   0.01594   0.00000   0.00000   0.11796   0.11579   0.05027   0.01993   0.08914   0.24793   0.28612   0.18460   0.00000   0.00000   0.00000   0.00000   0.00302   0.00000   0.01024   0.00000   0.11661   0.00936   0.05118   0.14885   0.15838   0.01044   0.05428   0.06664   0.13881   0.14232   0.43826   0.09242   0.20399   0.13396   0.00974   0.00000   0.00000   0.23616   0.69134   0.27809   0.05619   0.14887   0.13050   0.19336   0.01132   0.00000   0.00575   0.04108   0.02398   0.26395   0.19737   0.29535   0.25733   0.00000   0.12320   0.08420   0.02387   0.04634   0.00000   0.00984   0.00326   0.12023   0.12117   0.10785   0.22034   0.00000   0.00817   0.17896   0.22767   0.02225   0.19742   0.02686   0.00114   0.37124   0.00000   0.09446   0.03215   0.05375   0.03641   0.06037   0.24217   0.00676   0.00000   0.03043   0.03543   0.12099   0.14612   0.22926   0.18246   0.28526   0.34780   0.18170   0.19516   0.00000   0.18655   0.39148   0.11138   0.25462   0.11086   0.02518   0.02143   0.10216   0.06436   0.02272   0.39198   0.00756   0.00000   0.11404   0.00000   0.06369   0.07135   0.00790   0.06800   0.03665   0.04556   0.11928   0.07767   0.01502   0.01689   0.01425   0.03947   0.03152   0.00000   0.00000   0.00891   0.16058   0.00000   0.02861   0.03876   0.08545   0.17657   0.00000   0.00000   0.14589   0.14338   0.34894   0.23370   0.91312   0.63893   0.88855   0.62688  
111 40.3865  12336.859396  x:  1.03719   0.00000   0.00000   1.29179   0.00000   0.24483   0.16387   0.06502   0.03391   0.31385   0.44601   0.01592   0.00000   0.00000   0.11795   0.11578   0.05081   0.02034   0.08919   0.24769   0.28715   0.18564   0.00000   0.00000   0.00000   0.00000   0.00304   0.00000   0.01021   0.00000   0.11665   0.00937   0.05131   0.14842   0.15865   0.01038   0.05478   0.06739   0.13818   0.14270   0.43734   0.09123   0.20365   0.13264   0.00974   0.00000   0.00000   0.23550   0.69607   0.27825   0.05614   0.14907   0.12982   0.19362   0.01128   0.00000   0.00575   0.04080   0.02451   0.26413   0.19711   0.29310   0.25644   0.00000   0.12312   0.08292   0.02393   0.04649   0.00000   0.00978   0.00327   0.11994   0.12115   0.10798   0.21912   0.00000   0.00835   0.17907   0.22649   0.02165   0.19684   0.02670   0.00120   0.37153   0.00000   0.09401   0.03159   0.05392   0.03618   0.05847   0.24204   0.00674   0.00000   0.03048   0.03689   0.12058   0.14618   0.22902   0.18353   0.28654   0.34899   0.18317   0.19625   0.00000   0.18688   0.38631   0.11151   0.25556   0.11107   0.02484   0.02163   0.10208   0.06423   0.02382   0.38855   0.00714   0.00000   0.11523   0.00000   0.06381   0.07133   0.00794   0.06815   0.03574   0.04438   0.11956   0.07771   0.01497   0.01708   0.01439   0.04013   0.03147   0.00000   0.00000   0.00890   0.16089   0.00000   0.02824   0.03886   0.08605   0.17604   0.00000   0.00000   0.14519   0.14245   0.34883   0.23276   0.91353   0.64001   0.88890   0.62593  
112 27.5100  12336.833965  x:  1.03831   0.00000   0.00000   1.29941   0.00000   0.24513   0.16430   0.06514   0.03385   0.31382   0.43944   0.01519   0.00000   0.00000   0.11807   0.11594   0.05032   0.02041   0.08939   0.24727   0.28767   0.18624   0.00000   0.00000   0.00000   0.00000   0.00305   0.00000   0.01020   0.00000   0.11693   0.00939   0.05083   0.14817   0.15792   0.01034   0.05516   0.06720   0.13826   0.14291   0.43781   0.09020   0.20371   0.13205   0.00973   0.00000   0.00000   0.23526   0.69851   0.27805   0.05624   0.14844   0.13016   0.19367   0.01122   0.00000   0.00581   0.04029   0.02375   0.26389   0.19717   0.29191   0.25574   0.00000   0.12340   0.08240   0.02394   0.04639   0.00000   0.00980   0.00330   0.12017   0.12149   0.10841   0.21858   0.00000   0.00807   0.17989   0.22586   0.02261   0.19686   0.02683   0.00125   0.37201   0.00000   0.09368   0.03185   0.05383   0.03619   0.05941   0.24193   0.00673   0.00000   0.02953   0.03625   0.12112   0.14614   0.22895   0.18353   0.28692   0.35031   0.18344   0.19690   0.00000   0.18718   0.38408   0.11208   0.25583   0.11128   0.02500   0.02154   0.10239   0.06452   0.02339   0.38537   0.00759   0.00000   0.11504   0.00000   0.06261   0.07138   0.00789   0.06797   0.03590   0.04536   0.11961   0.07756   0.01490   0.01715   0.01430   0.03973   0.03151   0.00000   0.00000   0.00893   0.16106   0.00000   0.02726   0.03852   0.08562   0.17563   0.00000   0.00000   0.14441   0.14226   0.34926   0.23213   0.91371   0.64106   0.88916   0.62611  
113 17.0563  12336.817836  x:  1.03835   0.00000   0.00000   1.30464   0.00000   0.24589   0.16417   0.06517   0.03385   0.31381   0.43482   0.01502   0.00000   0.00000   0.11818   0.11607   0.05023   0.02005   0.08948   0.24691   0.28779   0.18635   0.00000   0.00000   0.00000   0.00000   0.00306   0.00000   0.01018   0.00000   0.11707   0.00939   0.05105   0.14816   0.15725   0.01029   0.05489   0.06682   0.13857   0.14291   0.43877   0.09028   0.20393   0.13223   0.00971   0.00000   0.00000   0.23529   0.69973   0.27777   0.05626   0.14787   0.13065   0.19361   0.01118   0.00000   0.00576   0.04087   0.02449   0.26362   0.19742   0.29159   0.25537   0.00000   0.12360   0.08289   0.02392   0.04640   0.00000   0.00978   0.00329   0.12041   0.12168   0.10858   0.21855   0.00000   0.00839   0.18058   0.22558   0.02172   0.19707   0.02683   0.00118   0.37249   0.00000   0.09365   0.03157   0.05370   0.03644   0.06003   0.24184   0.00672   0.00000   0.03068   0.03610   0.12167   0.14611   0.22906   0.18311   0.28681   0.35132   0.18307   0.19704   0.00000   0.18731   0.38321   0.11284   0.25570   0.11128   0.02490   0.02161   0.10257   0.06471   0.02313   0.38292   0.00727   0.00000   0.11438   0.00000   0.06218   0.07143   0.00788   0.06786   0.03615   0.04590   0.11955   0.07746   0.01505   0.01698   0.01446   0.03957   0.03150   0.00000   0.00000   0.00893   0.16134   0.00000   0.02696   0.03847   0.08511   0.17543   0.00000   0.00000   0.14366   0.14240   0.34986   0.23188   0.91377   0.64200   0.88939   0.62668  
114 15.8234  12336.800650  x:  1.03744   0.00000   0.00000   1.31071   0.00000   0.24743   0.16352   0.06513   0.03390   0.31379   0.42950   0.01511   0.00000   0.00000   0.11822   0.11609   0.05064   0.02071   0.08951   0.24655   0.28754   0.18607   0.00000   0.00000   0.00000   0.00000   0.00308   0.00000   0.01016   0.00000   0.11698   0.00938   0.05141   0.14834   0.15684   0.01025   0.05452   0.06679   0.13894   0.14273   0.44045   0.09128   0.20428   0.13300   0.00972   0.00000   0.00000   0.23556   0.70040   0.27737   0.05618   0.14752   0.13106   0.19345   0.01111   0.00000   0.00577   0.04093   0.02420   0.26318   0.19769   0.29201   0.25528   0.00000   0.12360   0.08372   0.02388   0.04647   0.00000   0.00977   0.00332   0.12050   0.12162   0.10838   0.21886   0.00000   0.00831   0.18127   0.22573   0.02187   0.19746   0.02682   0.00119   0.37303   0.00000   0.09389   0.03184   0.05363   0.03634   0.05943   0.24178   0.00669   0.00000   0.03019   0.03659   0.12190   0.14610   0.22926   0.18219   0.28614   0.35232   0.18220   0.19672   0.00000   0.18729   0.38313   0.11363   0.25513   0.11108   0.02495   0.02154   0.10252   0.06461   0.02356   0.38041   0.00791   0.00000   0.11346   0.00000   0.06284   0.07146   0.00787   0.06790   0.03594   0.04524   0.11936   0.07743   0.01478   0.01726   0.01425   0.03991   0.03145   0.00000   0.00000   0.00890   0.16185   0.00000   0.02741   0.03884   0.08478   0.17542   0.00000   0.00000   0.14251   0.14288   0.35081   0.23194   0.91377   0.64331   0.88970   0.62758  
115 12.8505  12336.791279  x:  1.03639   0.00000   0.00000   1.31426   0.00000   0.24861   0.16294   0.06506   0.03394   0.31378   0.42657   0.01494   0.00000   0.00000   0.11814   0.11599   0.05057   0.01989   0.08938   0.24647   0.28723   0.18574   0.00000   0.00000   0.00000   0.00000   0.00309   0.00000   0.01015   0.00000   0.11684   0.00939   0.05107   0.14844   0.15702   0.01020   0.05482   0.06707   0.13894   0.14263   0.44144   0.09155   0.20438   0.13322   0.00972   0.00000   0.00000   0.23575   0.70032   0.27720   0.05617   0.14767   0.13094   0.19338   0.01106   0.00000   0.00579   0.04054   0.02400   0.26300   0.19776   0.29261   0.25544   0.00000   0.12347   0.08351   0.02386   0.04640   0.00000   0.00977   0.00332   0.12038   0.12146   0.10818   0.21910   0.00000   0.00833   0.18134   0.22601   0.02214   0.19762   0.02684   0.00121   0.37324   0.00000   0.09400   0.03155   0.05380   0.03619   0.05912   0.24179   0.00668   0.00000   0.02991   0.03632   0.12164   0.14608   0.22936   0.18178   0.28561   0.35258   0.18185   0.19640   0.00000   0.18718   0.38360   0.11360   0.25471   0.11101   0.02491   0.02156   0.10237   0.06437   0.02369   0.37940   0.00725   0.00000   0.11329   0.00000   0.06328   0.07144   0.00787   0.06796   0.03588   0.04495   0.11929   0.07752   0.01520   0.01692   0.01451   0.03992   0.03149   0.00000   0.00000   0.00890   0.16194   0.00000   0.02761   0.03889   0.08493   0.17552   0.00000   0.00000   0.14171   0.14307   0.35126   0.23214   0.91371   0.64410   0.88991   0.62790  
116 12.2054  12336.777016  x:  1.03395   0.00000   0.00000   1.32010   0.00000   0.25084   0.16179   0.06492   0.03400   0.31377   0.42209   0.01485   0.00000   0.00000   0.11794   0.11577   0.05020   0.02048   0.08931   0.24656   0.28661   0.18532   0.00000   0.00000   0.00000   0.00000   0.00311   0.00000   0.01012   0.00000   0.11666   0.00941   0.05062   0.14848   0.15773   0.01012   0.05537   0.06740   0.13858   0.14258   0.44283   0.09118   0.20434   0.13298   0.00973   0.00000   0.00000   0.23600   0.69956   0.27707   0.05623   0.14829   0.13034   0.19332   0.01098   0.00000   0.00577   0.04038   0.02442   0.26288   0.19775   0.29388   0.25588   0.00000   0.12319   0.08248   0.02389   0.04632   0.00000   0.00975   0.00334   0.12005   0.12118   0.10797   0.21940   0.00000   0.00841   0.18092   0.22655   0.02187   0.19768   0.02677   0.00120   0.37336   0.00000   0.09408   0.03172   0.05408   0.03622   0.05926   0.24185   0.00664   0.00000   0.03054   0.03590   0.12092   0.14606   0.22948   0.18155   0.28475   0.35247   0.18176   0.19592   0.00000   0.18694   0.38505   0.11305   0.25406   0.11107   0.02492   0.02155   0.10211   0.06407   0.02352   0.37871   0.00771   0.00000   0.11365   0.00000   0.06344   0.07138   0.00783   0.06801   0.03604   0.04516   0.11918   0.07762   0.01466   0.01703   0.01441   0.03963   0.03152   0.00000   0.00000   0.00891   0.16168   0.00000   0.02752   0.03866   0.08553   0.17578   0.00000   0.00000   0.14024   0.14326   0.35171   0.23261   0.91355   0.64535   0.89028   0.62795  
117 12.7652  12336.764647  x:  1.03114   0.00000   0.00000   1.32557   0.00000   0.25299   0.16070   0.06481   0.03404   0.31375   0.41837   0.01557   0.00000   0.00000   0.11792   0.11576   0.05041   0.02047   0.08932   0.24678   0.28614   0.18519   0.00000   0.00000   0.00000   0.00000   0.00313   0.00000   0.01010   0.00000   0.11669   0.00940   0.05132   0.14837   0.15819   0.01006   0.05493   0.06704   0.13822   0.14268   0.44360   0.09062   0.20416   0.13248   0.00973   0.00000   0.00000   0.23607   0.69846   0.27710   0.05624   0.14868   0.12992   0.19336   0.01091   0.00000   0.00575   0.04089   0.02418   0.26293   0.19760   0.29488   0.25627   0.00000   0.12314   0.08243   0.02387   0.04646   0.00000   0.00973   0.00335   0.11991   0.12115   0.10808   0.21947   0.00000   0.00843   0.18036   0.22690   0.02189   0.19756   0.02678   0.00125   0.37326   0.00000   0.09404   0.03173   0.05374   0.03633   0.05961   0.24190   0.00661   0.00000   0.03022   0.03647   0.12063   0.14610   0.22947   0.18180   0.28422   0.35195   0.18211   0.19578   0.00000   0.18680   0.38684   0.11269   0.25374   0.11123   0.02492   0.02155   0.10212   0.06427   0.02333   0.37892   0.00769   0.00000   0.11425   0.00000   0.06298   0.07134   0.00781   0.06795   0.03600   0.04558   0.11919   0.07764   0.01559   0.01744   0.01418   0.03970   0.03144   0.00000   0.00000   0.00892   0.16123   0.00000   0.02729   0.03850   0.08588   0.17598   0.00000   0.00000   0.13878   0.14317   0.35178   0.23297   0.91334   0.64635   0.89066   0.62761  
118 14.1102  12336.755286  x:  1.02876   0.00000   0.00000   1.32970   0.00000   0.25457   0.15994   0.06475   0.03406   0.31374   0.41585   0.01605   0.00000   0.00000   0.11799   0.11584   0.05066   0.02021   0.08938   0.24697   0.28593   0.18527   0.00000   0.00000   0.00000   0.00000   0.00315   0.00000   0.01008   0.00000   0.11681   0.00940   0.05158   0.14826   0.15825   0.01002   0.05459   0.06676   0.13810   0.14279   0.44379   0.09044   0.20401   0.13218   0.00972   0.00000   0.00000   0.23601   0.69748   0.27720   0.05622   0.14873   0.12987   0.19342   0.01086   0.00000   0.00574   0.04097   0.02400   0.26304   0.19747   0.29536   0.25645   0.00000   0.12323   0.08290   0.02386   0.04649   0.00000   0.00972   0.00334   0.11995   0.12127   0.10828   0.21941   0.00000   0.00842   0.17998   0.22702   0.02198   0.19742   0.02680   0.00130   0.37308   0.00000   0.09393   0.03165   0.05349   0.03637   0.05972   0.24193   0.00658   0.00000   0.02996   0.03670   0.12075   0.14612   0.22940   0.18218   0.28408   0.35141   0.18249   0.19587   0.00000   0.18677   0.38834   0.11239   0.25372   0.11134   0.02490   0.02157   0.10225   0.06453   0.02331   0.37951   0.00747   0.00000   0.11463   0.00000   0.06260   0.07135   0.00780   0.06791   0.03589   0.04565   0.11925   0.07759   0.01466   0.01683   0.01454   0.03987   0.03143   0.00000   0.00000   0.00892   0.16093   0.00000   0.02726   0.03853   0.08589   0.17606   0.00000   0.00000   0.13766   0.14298   0.35164   0.23312   0.91316   0.64697   0.89097   0.62725  
119 19.1821  12336.737849  x:  1.02358   0.00000   0.00000   1.33778   0.00000   0.25740   0.15871   0.06472   0.03406   0.31371   0.41178   0.01611   0.00000   0.00000   0.11823   0.11612   0.05071   0.02030   0.08958   0.24729   0.28592   0.18583   0.00000   0.00000   0.00000   0.00000   0.00318   0.00000   0.01004   0.00000   0.11710   0.00944   0.05070   0.14808   0.15765   0.00992   0.05482   0.06685   0.13834   0.14297   0.44324   0.09094   0.20380   0.13211   0.00972   0.00000   0.00000   0.23569   0.69543   0.27750   0.05616   0.14821   0.13041   0.19358   0.01074   0.00000   0.00576   0.04020   0.02434   0.26338   0.19729   0.29544   0.25646   0.00000   0.12361   0.08415   0.02383   0.04629   0.00000   0.00968   0.00331   0.12034   0.12168   0.10865   0.21911   0.00000   0.00837   0.17960   0.22681   0.02199   0.19714   0.02679   0.00136   0.37255   0.00000   0.09363   0.03174   0.05363   0.03631   0.05941   0.24197   0.00653   0.00000   0.03032   0.03603   0.12158   0.14613   0.22917   0.18311   0.28444   0.35017   0.18318   0.19646   0.00000   0.18693   0.39151   0.11161   0.25415   0.11136   0.02487   0.02157   0.10261   0.06487   0.02352   0.38153   0.00753   0.00000   0.11487   0.00000   0.06239   0.07140   0.00777   0.06788   0.03578   0.04504   0.11941   0.07740   0.01502   0.01717   0.01434   0.04006   0.03154   0.00000   0.00000   0.00891   0.16061   0.00000   0.02767   0.03884   0.08528   0.17602   0.00000   0.00000   0.13544   0.14251   0.35098   0.23302   0.91273   0.64779   0.89162   0.62653  
120 15.6704  12336.724481  x:  1.01900   0.00000   0.00000   1.34420   0.00000   0.25911   0.15820   0.06481   0.03404   0.31369   0.40963   0.01590   0.00000   0.00000   0.11821   0.11608   0.05015   0.02033   0.08953   0.24731   0.28633   0.18621   0.00000   0.00000   0.00000   0.00000   0.00321   0.00000   0.01001   0.00000   0.11700   0.00944   0.05131   0.14815   0.15702   0.00982   0.05541   0.06737   0.13875   0.14291   0.44197   0.09150   0.20385   0.13260   0.00970   0.00000   0.00000   0.23543   0.69396   0.27768   0.05623   0.14767   0.13090   0.19362   0.01064   0.00000   0.00572   0.04109   0.02409   0.26357   0.19733   0.29464   0.25610   0.00000   0.12363   0.08310   0.02381   0.04651   0.00000   0.00967   0.00331   0.12049   0.12168   0.10841   0.21897   0.00000   0.00830   0.17987   0.22632   0.02198   0.19709   0.02681   0.00140   0.37213   0.00000   0.09385   0.03169   0.05404   0.03631   0.05938   0.24193   0.00649   0.00000   0.03008   0.03648   0.12189   0.14612   0.22905   0.18341   0.28525   0.34943   0.18308   0.19686   0.00000   0.18713   0.39399   0.11146   0.25478   0.11102   0.02490   0.02152   0.10263   0.06455   0.02332   0.38345   0.00750   0.00000   0.11431   0.00000   0.06310   0.07144   0.00774   0.06791   0.03622   0.04519   0.11946   0.07740   0.01504   0.01699   0.01448   0.03960   0.03139   0.00000   0.00000   0.00893   0.16064   0.00000   0.02798   0.03865   0.08483   0.17578   0.00000   0.00000   0.13373   0.14234   0.35021   0.23258   0.91234   0.64792   0.89219   0.62642  
121 11.5989  12336.713470  x:  1.01473   0.00000   0.00000   1.34964   0.00000   0.25988   0.15831   0.06495   0.03403   0.31366   0.40903   0.01620   0.00000   0.00000   0.11808   0.11591   0.05065   0.02009   0.08933   0.24708   0.28688   0.18615   0.00000   0.00000   0.00000   0.00000   0.00323   0.00000   0.00997   0.00000   0.11673   0.00946   0.05119   0.14835   0.15697   0.00978   0.05469   0.06700   0.13881   0.14274   0.44046   0.09124   0.20405   0.13292   0.00970   0.00000   0.00000   0.23538   0.69313   0.27769   0.05623   0.14761   0.13081   0.19354   0.01057   0.00000   0.00574   0.04047   0.02416   0.26357   0.19752   0.29345   0.25566   0.00000   0.12335   0.08225   0.02384   0.04631   0.00000   0.00966   0.00332   0.12031   0.12136   0.10799   0.21908   0.00000   0.00829   0.18045   0.22591   0.02201   0.19725   0.02690   0.00140   0.37193   0.00000   0.09415   0.03169   0.05353   0.03620   0.05953   0.24188   0.00646   0.00000   0.03028   0.03628   0.12140   0.14608   0.22908   0.18302   0.28605   0.34933   0.18244   0.19680   0.00000   0.18721   0.39584   0.11214   0.25526   0.11078   0.02480   0.02159   0.10240   0.06434   0.02326   0.38493   0.00729   0.00000   0.11360   0.00000   0.06335   0.07140   0.00771   0.06791   0.03580   0.04558   0.11936   0.07752   0.01478   0.01737   0.01412   0.03987   0.03156   0.00000   0.00000   0.00893   0.16080   0.00000   0.02776   0.03850   0.08505   0.17553   0.00000   0.00000   0.13240   0.14254   0.34963   0.23215   0.91196   0.64748   0.89272   0.62685  
122  9.5608  12336.705266  x:  1.01128   0.00000   0.00000   1.35376   0.00000   0.25997   0.15872   0.06505   0.03402   0.31363   0.40937   0.01591   0.00000   0.00000   0.11798   0.11580   0.05078   0.02061   0.08927   0.24684   0.28726   0.18591   0.00000   0.00000   0.00000   0.00000   0.00325   0.00000   0.00995   0.00000   0.11664   0.00948   0.05094   0.14844   0.15727   0.00973   0.05467   0.06682   0.13865   0.14264   0.43936   0.09082   0.20421   0.13289   0.00971   0.00000   0.00000   0.23546   0.69286   0.27760   0.05620   0.14786   0.13048   0.19345   0.01052   0.00000   0.00574   0.04048   0.02428   0.26346   0.19767   0.29263   0.25539   0.00000   0.12318   0.08270   0.02383   0.04636   0.00000   0.00965   0.00333   0.12013   0.12118   0.10792   0.21924   0.00000   0.00829   0.18082   0.22574   0.02193   0.19740   0.02677   0.00141   0.37193   0.00000   0.09414   0.03173   0.05358   0.03643   0.05955   0.24183   0.00644   0.00000   0.03017   0.03620   0.12094   0.14606   0.22917   0.18250   0.28647   0.34962   0.18196   0.19653   0.00000   0.18718   0.39699   0.11255   0.25543   0.11087   0.02496   0.02147   0.10223   0.06439   0.02337   0.38572   0.00751   0.00000   0.11334   0.00000   0.06303   0.07131   0.00769   0.06793   0.03574   0.04552   0.11932   0.07765   0.01529   0.01670   0.01479   0.04004   0.03150   0.00000   0.00000   0.00891   0.16100   0.00000   0.02747   0.03860   0.08543   0.17542   0.00000   0.00000   0.13149   0.14285   0.34938   0.23195   0.91163   0.64684   0.89316   0.62734  
123 11.0793  12336.693657  x:  1.00617   0.00000   0.00000   1.35961   0.00000   0.25959   0.15959   0.06515   0.03399   0.31359   0.41072   0.01519   0.00000   0.00000   0.11791   0.11576   0.05048   0.02023   0.08925   0.24651   0.28763   0.18544   0.00000   0.00000   0.00000   0.00000   0.00328   0.00000   0.00991   0.00000   0.11673   0.00949   0.05099   0.14843   0.15785   0.00966   0.05527   0.06695   0.13834   0.14261   0.43809   0.09045   0.20438   0.13261   0.00971   0.00000   0.00000   0.23567   0.69290   0.27738   0.05618   0.14836   0.13001   0.19333   0.01045   0.00000   0.00572   0.04100   0.02416   0.26322   0.19779   0.29181   0.25520   0.00000   0.12313   0.08390   0.02377   0.04653   0.00000   0.00964   0.00334   0.11999   0.12115   0.10816   0.21945   0.00000   0.00830   0.18112   0.22575   0.02194   0.19757   0.02681   0.00144   0.37210   0.00000   0.09386   0.03166   0.05397   0.03641   0.05946   0.24177   0.00641   0.00000   0.03011   0.03637   0.12060   0.14607   0.22933   0.18178   0.28672   0.35033   0.18157   0.19606   0.00000   0.18705   0.39830   0.11291   0.25538   0.11123   0.02490   0.02149   0.10213   0.06459   0.02348   0.38634   0.00727   0.00000   0.11344   0.00000   0.06242   0.07121   0.00768   0.06797   0.03604   0.04519   0.11920   0.07763   0.01488   0.01725   0.01425   0.03992   0.03135   0.00000   0.00000   0.00889   0.16140   0.00000   0.02718   0.03875   0.08589   0.17539   0.00000   0.00000   0.13033   0.14327   0.34928   0.23188   0.91114   0.64565   0.89380   0.62798  
124 14.4908  12336.670474  x:  0.99557   0.00000   0.00000   1.37123   0.00000   0.25759   0.16181   0.06518   0.03394   0.31349   0.41548   0.01534   0.00000   0.00000   0.11818   0.11610   0.05015   0.02044   0.08957   0.24623   0.28765   0.18499   0.00000   0.00000   0.00000   0.00000   0.00334   0.00000   0.00983   0.00000   0.11720   0.00949   0.05183   0.14808   0.15827   0.00957   0.05523   0.06746   0.13805   0.14289   0.43705   0.09130   0.20434   0.13204   0.00972   0.00000   0.00000   0.23603   0.69411   0.27692   0.05629   0.14875   0.13002   0.19330   0.01034   0.00000   0.00574   0.04030   0.02390   0.26278   0.19765   0.29171   0.25548   0.00000   0.12365   0.08355   0.02381   0.04608   0.00000   0.00959   0.00335   0.12024   0.12166   0.10895   0.21948   0.00000   0.00834   0.18080   0.22636   0.02199   0.19758   0.02705   0.00146   0.37274   0.00000   0.09344   0.03190   0.05351   0.03547   0.05924   0.24178   0.00635   0.00000   0.03064   0.03637   0.12144   0.14615   0.22955   0.18131   0.28610   0.35205   0.18215   0.19561   0.00000   0.18680   0.39996   0.11348   0.25463   0.11171   0.02454   0.02176   0.10242   0.06469   0.02303   0.38607   0.00736   0.00000   0.11468   0.00000   0.06275   0.07153   0.00762   0.06788   0.03606   0.04530   0.11929   0.07742   0.01509   0.01697   0.01453   0.03940   0.03187   0.00000   0.00000   0.00892   0.16227   0.00000   0.02749   0.03827   0.08561   0.17568   0.00000   0.00000   0.12844   0.14364   0.34979   0.23228   0.91007   0.64290   0.89510   0.62835  
125 11.3598  12336.648628  x:  0.98548   0.00000   0.00000   1.38212   0.00000   0.25540   0.16383   0.06513   0.03389   0.31341   0.42057   0.01535   0.00000   0.00000   0.11837   0.11631   0.05049   0.02027   0.08968   0.24617   0.28738   0.18500   0.00000   0.00000   0.00000   0.00000   0.00339   0.00000   0.00976   0.00000   0.11733   0.00955   0.05117   0.14788   0.15813   0.00949   0.05480   0.06730   0.13810   0.14308   0.43684   0.09191   0.20419   0.13185   0.00971   0.00000   0.00000   0.23620   0.69560   0.27665   0.05625   0.14865   0.13034   0.19336   0.01026   0.00000   0.00571   0.04058   0.02447   0.26256   0.19750   0.29224   0.25587   0.00000   0.12391   0.08267   0.02376   0.04637   0.00000   0.00955   0.00334   0.12043   0.12192   0.10908   0.21933   0.00000   0.00851   0.18039   0.22688   0.02179   0.19747   0.02658   0.00152   0.37329   0.00000   0.09361   0.03152   0.05364   0.03687   0.05924   0.24181   0.00630   0.00000   0.02985   0.03607   0.12208   0.14617   0.22960   0.18144   0.28529   0.35336   0.18290   0.19563   0.00000   0.18673   0.40112   0.11350   0.25390   0.11168   0.02515   0.02127   0.10260   0.06451   0.02303   0.38540   0.00740   0.00000   0.11552   0.00000   0.06324   0.07170   0.00760   0.06782   0.03581   0.04556   0.11943   0.07730   0.01494   0.01718   0.01435   0.03976   0.03150   0.00000   0.00000   0.00891   0.16271   0.00000   0.02758   0.03823   0.08518   0.17598   0.00000   0.00000   0.12687   0.14367   0.35045   0.23270   0.90904   0.64042   0.89630   0.62820  
126 29.7274  12336.629241  x:  0.97670   0.00000   0.00000   1.39140   0.00000   0.25331   0.16522   0.06502   0.03386   0.31334   0.42551   0.01503   0.00000   0.00000   0.11823   0.11608   0.05083   0.02034   0.08948   0.24643   0.28690   0.18563   0.00000   0.00000   0.00000   0.00000   0.00343   0.00000   0.00969   0.00000   0.11688   0.00960   0.05047   0.14804   0.15746   0.00945   0.05490   0.06666   0.13852   0.14296   0.43776   0.09147   0.20400   0.13228   0.00971   0.00000   0.00000   0.23603   0.69720   0.27672   0.05610   0.14806   0.13071   0.19349   0.01019   0.00000   0.00567   0.04116   0.02405   0.26265   0.19737   0.29324   0.25618   0.00000   0.12358   0.08262   0.02373   0.04673   0.00000   0.00953   0.00338   0.12033   0.12159   0.10823   0.21903   0.00000   0.00840   0.18021   0.22708   0.02216   0.19738   0.02708   0.00151   0.37355   0.00000   0.09411   0.03179   0.05384   0.03628   0.05978   0.24186   0.00625   0.00000   0.03036   0.03640   0.12184   0.14612   0.22948   0.18216   0.28461   0.35369   0.18333   0.19628   0.00000   0.18697   0.40159   0.11290   0.25358   0.11108   0.02450   0.02179   0.10238   0.06425   0.02357   0.38448   0.00741   0.00000   0.11524   0.00000   0.06321   0.07146   0.00757   0.06792   0.03579   0.04557   0.11960   0.07750   0.01501   0.01710   0.01443   0.04038   0.03114   0.00000   0.00000   0.00887   0.16237   0.00000   0.02715   0.03886   0.08504   0.17615   0.00000   0.00000   0.12584   0.14327   0.35110   0.23291   0.90811   0.63873   0.89727   0.62755  
127 20.4639  12336.615609  x:  0.97070   0.00000   0.00000   1.39759   0.00000   0.25189   0.16575   0.06492   0.03387   0.31330   0.42915   0.01526   0.00000   0.00000   0.11798   0.11577   0.05052   0.02028   0.08928   0.24677   0.28652   0.18627   0.00000   0.00000   0.00000   0.00000   0.00346   0.00000   0.00964   0.00000   0.11653   0.00959   0.05135   0.14830   0.15701   0.00942   0.05524   0.06670   0.13881   0.14275   0.43909   0.09082   0.20393   0.13274   0.00969   0.00000   0.00000   0.23574   0.69844   0.27701   0.05615   0.14765   0.13077   0.19358   0.01017   0.00000   0.00571   0.04062   0.02407   0.26295   0.19739   0.29404   0.25628   0.00000   0.12317   0.08324   0.02375   0.04628   0.00000   0.00951   0.00338   0.12016   0.12122   0.10762   0.21887   0.00000   0.00855   0.18035   0.22686   0.02170   0.19733   0.02667   0.00155   0.37350   0.00000   0.09430   0.03158   0.05377   0.03597   0.05952   0.24187   0.00623   0.00000   0.03014   0.03620   0.12119   0.14605   0.22932   0.18282   0.28439   0.35319   0.18325   0.19693   0.00000   0.18728   0.40149   0.11260   0.25374   0.11069   0.02510   0.02134   0.10227   0.06431   0.02356   0.38374   0.00752   0.00000   0.11445   0.00000   0.06294   0.07125   0.00758   0.06801   0.03590   0.04549   0.11965   0.07770   0.01496   0.01716   0.01437   0.03998   0.03169   0.00000   0.00000   0.00886   0.16181   0.00000   0.02696   0.03891   0.08521   0.17611   0.00000   0.00000   0.12543   0.14286   0.35139   0.23287   0.90747   0.63810   0.89784   0.62701  
128 18.2281  12336.606566  x:  0.96699   0.00000   0.00000   1.40123   0.00000   0.25115   0.16551   0.06486   0.03390   0.31329   0.43160   0.01562   0.00000   0.00000   0.11791   0.11573   0.05037   0.02029   0.08930   0.24705   0.28638   0.18658   0.00000   0.00000   0.00000   0.00000   0.00348   0.00000   0.00961   0.00000   0.11662   0.00960   0.05141   0.14845   0.15712   0.00943   0.05512   0.06720   0.13873   0.14263   0.44048   0.09070   0.20403   0.13292   0.00970   0.00000   0.00000   0.23551   0.69930   0.27735   0.05631   0.14774   0.13051   0.19359   0.01017   0.00000   0.00568   0.04051   0.02444   0.26329   0.19755   0.29441   0.25614   0.00000   0.12311   0.08352   0.02374   0.04632   0.00000   0.00952   0.00338   0.12011   0.12119   0.10785   0.21891   0.00000   0.00834   0.18071   0.22651   0.02221   0.19742   0.02704   0.00155   0.37321   0.00000   0.09406   0.03175   0.05372   0.03681   0.05905   0.24185   0.00621   0.00000   0.03016   0.03620   0.12082   0.14604   0.22919   0.18300   0.28462   0.35217   0.18285   0.19724   0.00000   0.18749   0.40094   0.11263   0.25427   0.11086   0.02459   0.02173   0.10232   0.06459   0.02314   0.38332   0.00750   0.00000   0.11379   0.00000   0.06285   0.07133   0.00757   0.06799   0.03584   0.04548   0.11959   0.07773   0.01498   0.01713   0.01439   0.03957   0.03153   0.00000   0.00000   0.00891   0.16139   0.00000   0.02739   0.03839   0.08547   0.17592   0.00000   0.00000   0.12554   0.14266   0.35133   0.23265   0.90706   0.63845   0.89806   0.62691  
129  9.9897  12336.594320  x:  0.96236   0.00000   0.00000   1.40553   0.00000   0.25048   0.16453   0.06483   0.03394   0.31329   0.43480   0.01541   0.00000   0.00000   0.11803   0.11593   0.05060   0.02024   0.08949   0.24737   0.28638   0.18667   0.00000   0.00000   0.00000   0.00000   0.00351   0.00000   0.00956   0.00000   0.11702   0.00965   0.05074   0.14848   0.15766   0.00945   0.05480   0.06744   0.13840   0.14259   0.44257   0.09104   0.20429   0.13285   0.00969   0.00000   0.00000   0.23527   0.70042   0.27783   0.05635   0.14820   0.13008   0.19353   0.01019   0.00000   0.00570   0.04088   0.02393   0.26371   0.19781   0.29454   0.25583   0.00000   0.12333   0.08328   0.02370   0.04663   0.00000   0.00953   0.00335   0.12017   0.12142   0.10863   0.21917   0.00000   0.00839   0.18125   0.22588   0.02181   0.19757   0.02681   0.00158   0.37264   0.00000   0.09355   0.03164   0.05360   0.03608   0.05927   0.24179   0.00620   0.00000   0.03021   0.03627   0.12079   0.14609   0.22910   0.18291   0.28531   0.35034   0.18223   0.19734   0.00000   0.18764   0.39971   0.11258   0.25518   0.11140   0.02495   0.02146   0.10250   0.06480   0.02301   0.38302   0.00756   0.00000   0.11331   0.00000   0.06295   0.07156   0.00757   0.06788   0.03571   0.04558   0.11946   0.07759   0.01497   0.01714   0.01440   0.03983   0.03121   0.00000   0.00000   0.00893   0.16087   0.00000   0.02818   0.03803   0.08577   0.17560   0.00000   0.00000   0.12614   0.14261   0.35105   0.23224   0.90654   0.63979   0.89819   0.62713  
130 11.2067  12336.582908  x:  0.95852   0.00000   0.00000   1.40879   0.00000   0.25037   0.16305   0.06485   0.03397   0.31330   0.43751   0.01478   0.00000   0.00000   0.11819   0.11610   0.05061   0.02026   0.08955   0.24741   0.28659   0.18639   0.00000   0.00000   0.00000   0.00000   0.00353   0.00000   0.00952   0.00000   0.11714   0.00964   0.05144   0.14830   0.15807   0.00948   0.05510   0.06664   0.13821   0.14273   0.44411   0.09140   0.20448   0.13249   0.00970   0.00000   0.00000   0.23531   0.70133   0.27805   0.05611   0.14856   0.13006   0.19345   0.01022   0.00000   0.00569   0.04073   0.02424   0.26390   0.19798   0.29419   0.25558   0.00000   0.12360   0.08285   0.02372   0.04615   0.00000   0.00954   0.00333   0.12026   0.12159   0.10884   0.21953   0.00000   0.00826   0.18146   0.22564   0.02203   0.19771   0.02691   0.00157   0.37212   0.00000   0.09367   0.03164   0.05390   0.03642   0.05970   0.24177   0.00620   0.00000   0.03013   0.03623   0.12132   0.14614   0.22914   0.18250   0.28604   0.34889   0.18216   0.19706   0.00000   0.18754   0.39813   0.11260   0.25577   0.11152   0.02483   0.02156   0.10238   0.06449   0.02378   0.38321   0.00750   0.00000   0.11380   0.00000   0.06310   0.07157   0.00757   0.06785   0.03582   0.04563   0.11940   0.07745   0.01498   0.01713   0.01441   0.04024   0.03191   0.00000   0.00000   0.00887   0.16042   0.00000   0.02816   0.03884   0.08566   0.17543   0.00000   0.00000   0.12717   0.14285   0.35073   0.23200   0.90609   0.64187   0.89807   0.62764  
131  8.6803  12336.566838  x:  0.95388   0.00000   0.00000   1.41225   0.00000   0.25102   0.16052   0.06494   0.03396   0.31333   0.44077   0.01512   0.00000   0.00000   0.11818   0.11602   0.05019   0.02029   0.08935   0.24709   0.28703   0.18590   0.00000   0.00000   0.00000   0.00000   0.00356   0.00000   0.00946   0.00000   0.11673   0.00968   0.05124   0.14801   0.15796   0.00955   0.05534   0.06636   0.13839   0.14295   0.44509   0.09120   0.20452   0.13207   0.00970   0.00000   0.00000   0.23570   0.70236   0.27787   0.05617   0.14851   0.13061   0.19339   0.01030   0.00000   0.00571   0.04051   0.02395   0.26371   0.19791   0.29325   0.25554   0.00000   0.12357   0.08317   0.02367   0.04664   0.00000   0.00950   0.00330   0.12030   0.12147   0.10800   0.21999   0.00000   0.00828   0.18117   0.22597   0.02192   0.19780   0.02678   0.00154   0.37169   0.00000   0.09429   0.03164   0.05352   0.03637   0.05902   0.24180   0.00620   0.00000   0.03033   0.03610   0.12193   0.14615   0.22935   0.18198   0.28674   0.34798   0.18290   0.19656   0.00000   0.18721   0.39558   0.11343   0.25583   0.11097   0.02491   0.02152   0.10200   0.06400   0.02363   0.38403   0.00744   0.00000   0.11517   0.00000   0.06314   0.07136   0.00760   0.06791   0.03567   0.04557   0.11942   0.07744   0.01498   0.01712   0.01442   0.03944   0.03092   0.00000   0.00000   0.00887   0.16021   0.00000   0.02733   0.03901   0.08499   0.17544   0.00000   0.00000   0.12917   0.14339   0.35023   0.23207   0.90553   0.64550   0.89760   0.62831  
132  8.1443  12336.550751  x:  0.94985   0.00000   0.00000   1.41479   0.00000   0.25232   0.15808   0.06503   0.03395   0.31337   0.44344   0.01456   0.00000   0.00000   0.11805   0.11583   0.05064   0.02031   0.08917   0.24671   0.28738   0.18586   0.00000   0.00000   0.00000   0.00000   0.00359   0.00000   0.00940   0.00000   0.11647   0.00974   0.05081   0.14807   0.15750   0.00965   0.05477   0.06730   0.13872   0.14290   0.44490   0.09078   0.20438   0.13230   0.00970   0.00000   0.00000   0.23610   0.70317   0.27745   0.05632   0.14812   0.13094   0.19342   0.01040   0.00000   0.00565   0.04121   0.02446   0.26333   0.19776   0.29247   0.25580   0.00000   0.12327   0.08359   0.02367   0.04624   0.00000   0.00948   0.00329   0.12030   0.12130   0.10745   0.22024   0.00000   0.00826   0.18072   0.22670   0.02200   0.19782   0.02690   0.00154   0.37167   0.00000   0.09429   0.03164   0.05385   0.03596   0.05904   0.24185   0.00621   0.00000   0.02993   0.03625   0.12164   0.14609   0.22955   0.18194   0.28686   0.34835   0.18373   0.19653   0.00000   0.18704   0.39302   0.11365   0.25526   0.11074   0.02487   0.02155   0.10195   0.06412   0.02287   0.38517   0.00738   0.00000   0.11577   0.00000   0.06302   0.07128   0.00762   0.06793   0.03557   0.04562   0.11947   0.07756   0.01498   0.01712   0.01440   0.03982   0.03203   0.00000   0.00000   0.00895   0.16079   0.00000   0.02729   0.03806   0.08470   0.17561   0.00000   0.00000   0.13150   0.14372   0.34999   0.23250   0.90501   0.64919   0.89687   0.62861  
133  9.5771  12336.531763  x:  0.94581   0.00000   0.00000   1.41680   0.00000   0.25443   0.15574   0.06509   0.03394   0.31342   0.44592   0.01390   0.00000   0.00000   0.11789   0.11571   0.05071   0.02028   0.08925   0.24647   0.28757   0.18638   0.00000   0.00000   0.00000   0.00000   0.00363   0.00000   0.00932   0.00000   0.11668   0.00976   0.05152   0.14844   0.15715   0.00976   0.05462   0.06739   0.13890   0.14259   0.44368   0.09066   0.20421   0.13304   0.00972   0.00000   0.00000   0.23634   0.70391   0.27699   0.05618   0.14778   0.13072   0.19352   0.01052   0.00000   0.00572   0.04051   0.02358   0.26290   0.19752   0.29203   0.25631   0.00000   0.12305   0.08339   0.02366   0.04627   0.00000   0.00949   0.00328   0.12033   0.12131   0.10783   0.22022   0.00000   0.00834   0.18050   0.22751   0.02189   0.19783   0.02661   0.00151   0.37209   0.00000   0.09373   0.03156   0.05411   0.03671   0.05936   0.24189   0.00623   0.00000   0.03060   0.03624   0.12081   0.14601   0.22967   0.18242   0.28638   0.34989   0.18416   0.19710   0.00000   0.18717   0.39029   0.11346   0.25433   0.11107   0.02488   0.02159   0.10238   0.06468   0.02312   0.38675   0.00733   0.00000   0.11519   0.00000   0.06287   0.07136   0.00764   0.06784   0.03559   0.04582   0.11954   0.07763   0.01498   0.01711   0.01442   0.04025   0.03134   0.00000   0.00000   0.00892   0.16190   0.00000   0.02787   0.03789   0.08514   0.17586   0.00000   0.00000   0.13442   0.14371   0.35027   0.23313   0.90445   0.65307   0.89580   0.62848  
134 10.5102  12336.516173  x:  0.94302   0.00000   0.00000   1.41774   0.00000   0.25647   0.15446   0.06510   0.03396   0.31346   0.44743   0.01435   0.00000   0.00000   0.11789   0.11579   0.05025   0.02023   0.08944   0.24655   0.28753   0.18699   0.00000   0.00000   0.00000   0.00000   0.00366   0.00000   0.00926   0.00000   0.11700   0.00980   0.05137   0.14871   0.15733   0.00985   0.05503   0.06651   0.13878   0.14237   0.44234   0.09089   0.20417   0.13345   0.00973   0.00000   0.00000   0.23629   0.70440   0.27685   0.05610   0.14791   0.13032   0.19359   0.01063   0.00000   0.00565   0.04080   0.02465   0.26284   0.19758   0.29217   0.25668   0.00000   0.12317   0.08307   0.02364   0.04654   0.00000   0.00950   0.00330   0.12034   0.12145   0.10849   0.22005   0.00000   0.00834   0.18073   0.22786   0.02203   0.19792   0.02685   0.00152   0.37262   0.00000   0.09340   0.03160   0.05351   0.03600   0.05924   0.24191   0.00623   0.00000   0.03000   0.03605   0.12051   0.14601   0.22960   0.18285   0.28574   0.35154   0.18394   0.19775   0.00000   0.18746   0.38847   0.11339   0.25374   0.11138   0.02487   0.02161   0.10270   0.06471   0.02343   0.38800   0.00727   0.00000   0.11423   0.00000   0.06290   0.07144   0.00767   0.06775   0.03549   0.04586   0.11958   0.07754   0.01498   0.01710   0.01442   0.03965   0.03109   0.00000   0.00000   0.00886   0.16246   0.00000   0.02780   0.03849   0.08565   0.17598   0.00000   0.00000   0.13683   0.14346   0.35085   0.23349   0.90403   0.65556   0.89478   0.62818  
135 11.3443  12336.499740  x:  0.94089   0.00000   0.00000   1.41769   0.00000   0.25889   0.15426   0.06503   0.03400   0.31349   0.44821   0.01496   0.00000   0.00000   0.11814   0.11606   0.05030   0.02019   0.08958   0.24701   0.28722   0.18752   0.00000   0.00000   0.00000   0.00000   0.00369   0.00000   0.00919   0.00000   0.11710   0.00986   0.05070   0.14869   0.15807   0.00996   0.05518   0.06610   0.13844   0.14241   0.44098   0.09116   0.20434   0.13319   0.00973   0.00000   0.00000   0.23595   0.70480   0.27717   0.05629   0.14858   0.13009   0.19360   0.01075   0.00000   0.00568   0.04115   0.02370   0.26313   0.19779   0.29290   0.25686   0.00000   0.12357   0.08320   0.02364   0.04622   0.00000   0.00952   0.00332   0.12029   0.12156   0.10875   0.21975   0.00000   0.00844   0.18154   0.22754   0.02185   0.19809   0.02674   0.00145   0.37327   0.00000   0.09379   0.03158   0.05367   0.03652   0.05872   0.24189   0.00623   0.00000   0.03036   0.03637   0.12118   0.14613   0.22940   0.18301   0.28504   0.35317   0.18318   0.19829   0.00000   0.18783   0.38735   0.11297   0.25372   0.11136   0.02490   0.02163   0.10252   0.06389   0.02284   0.38896   0.00727   0.00000   0.11348   0.00000   0.06313   0.07144   0.00771   0.06775   0.03538   0.04570   0.11953   0.07733   0.01498   0.01709   0.01441   0.03927   0.03216   0.00000   0.00000   0.00885   0.16219   0.00000   0.02678   0.03861   0.08565   0.17584   0.00000   0.00000   0.13927   0.14309   0.35175   0.23343   0.90367   0.65683   0.89355   0.62786  
136  7.2184  12336.476506  x:  0.93878   0.00000   0.00000   1.41647   0.00000   0.26233   0.15521   0.06489   0.03403   0.31351   0.44839   0.01470   0.00000   0.00000   0.11838   0.11625   0.05066   0.02017   0.08950   0.24782   0.28670   0.18782   0.00000   0.00000   0.00000   0.00000   0.00374   0.00000   0.00908   0.00000   0.11683   0.00988   0.05164   0.14841   0.15896   0.01011   0.05467   0.06699   0.13820   0.14266   0.43969   0.09112   0.20472   0.13248   0.00974   0.00000   0.00000   0.23545   0.70534   0.27795   0.05631   0.14940   0.13027   0.19354   0.01091   0.00000   0.00567   0.04064   0.02428   0.26390   0.19830   0.29416   0.25682   0.00000   0.12386   0.08364   0.02362   0.04632   0.00000   0.00955   0.00336   0.12017   0.12152   0.10827   0.21939   0.00000   0.00845   0.18282   0.22667   0.02197   0.19839   0.02689   0.00139   0.37403   0.00000   0.09445   0.03155   0.05419   0.03602   0.05897   0.24186   0.00624   0.00000   0.03019   0.03592   0.12222   0.14626   0.22913   0.18263   0.28441   0.35474   0.18238   0.19858   0.00000   0.18816   0.38677   0.11194   0.25440   0.11109   0.02492   0.02164   0.10187   0.06332   0.02237   0.38984   0.00727   0.00000   0.11355   0.00000   0.06328   0.07137   0.00774   0.06782   0.03544   0.04573   0.11941   0.07722   0.01499   0.01709   0.01445   0.04009   0.03097   0.00000   0.00000   0.00891   0.16152   0.00000   0.02619   0.03795   0.08504   0.17546   0.00000   0.00000   0.14246   0.14280   0.35318   0.23307   0.90324   0.65703   0.89170   0.62775  
137  8.2959  12336.430063  x:  0.93621   0.00000   0.00000   1.41201   0.00000   0.26869   0.15893   0.06468   0.03398   0.31353   0.44717   0.01489   0.00000   0.00000   0.11797   0.11569   0.04969   0.02019   0.08900   0.24897   0.28606   0.18751   0.00000   0.00000   0.00000   0.00000   0.00385   0.00000   0.00887   0.00000   0.11628   0.01003   0.05114   0.14811   0.15889   0.01036   0.05449   0.06729   0.13872   0.14288   0.43922   0.09042   0.20532   0.13215   0.00975   0.00000   0.00000   0.23512   0.70661   0.27940   0.05569   0.14938   0.13112   0.19341   0.01119   0.00000   0.00568   0.04095   0.02392   0.26524   0.19891   0.29581   0.25647   0.00000   0.12322   0.08345   0.02358   0.04680   0.00000   0.00953   0.00340   0.12012   0.12122   0.10705   0.21923   0.00000   0.00852   0.18426   0.22531   0.02194   0.19875   0.02687   0.00130   0.37486   0.00000   0.09422   0.03149   0.05328   0.03636   0.05903   0.24177   0.00625   0.00000   0.03031   0.03598   0.12210   0.14622   0.22909   0.18123   0.28437   0.35567   0.18288   0.19824   0.00000   0.18815   0.38760   0.11151   0.25653   0.11099   0.02499   0.02166   0.10149   0.06533   0.02383   0.39083   0.00724   0.00000   0.11575   0.00000   0.06284   0.07131   0.00778   0.06780   0.03512   0.04651   0.11937   0.07756   0.01498   0.01710   0.01443   0.03954   0.03188   0.00000   0.00000   0.00889   0.16100   0.00000   0.02897   0.03805   0.08419   0.17489   0.00000   0.00000   0.14817   0.14319   0.35575   0.23252   0.90260   0.65463   0.88786   0.62847  
138  8.2974  12336.371899  x:  0.93440   0.00000   0.00000   1.40505   0.00000   0.27517   0.16387   0.06463   0.03379   0.31352   0.44465   0.01455   0.00000   0.00000   0.11771   0.11549   0.05105   0.02020   0.08901   0.24930   0.28618   0.18729   0.00000   0.00000   0.00000   0.00000   0.00399   0.00000   0.00859   0.00000   0.11670   0.01015   0.05126   0.14860   0.15784   0.01064   0.05515   0.06517   0.13939   0.14240   0.44078   0.09055   0.20547   0.13355   0.00973   0.00000   0.00000   0.23567   0.70857   0.28008   0.05656   0.14845   0.13126   0.19341   0.01149   0.00000   0.00567   0.04112   0.02392   0.26585   0.19893   0.29586   0.25634   0.00000   0.12271   0.08317   0.02361   0.04524   0.00000   0.00949   0.00335   0.12038   0.12136   0.10771   0.21969   0.00000   0.00850   0.18427   0.22540   0.02191   0.19889   0.02690   0.00131   0.37496   0.00000   0.09297   0.03147   0.05429   0.03606   0.05831   0.24176   0.00625   0.00000   0.03022   0.03615   0.12049   0.14601   0.22952   0.18041   0.28535   0.35489   0.18494   0.19806   0.00000   0.18791   0.39015   0.11150   0.25818   0.11134   0.02500   0.02170   0.10238   0.06466   0.02139   0.39131   0.00723   0.00000   0.11740   0.00000   0.06296   0.07144   0.00786   0.06776   0.03492   0.04609   0.11970   0.07780   0.01497   0.01713   0.01443   0.03914   0.03090   0.00000   0.00000   0.00885   0.15990   0.00000   0.02948   0.03859   0.08483   0.17490   0.00000   0.00000   0.15427   0.14424   0.35713   0.23232   0.90199   0.64997   0.88326   0.62974  
139 12.8566  12336.313205  x:  0.93367   0.00000   0.00000   1.39700   0.00000   0.28000   0.16821   0.06481   0.03358   0.31349   0.44157   0.01425   0.00000   0.00000   0.11779   0.11577   0.05006   0.02015   0.08942   0.24873   0.28702   0.18786   0.00000   0.00000   0.00000   0.00000   0.00413   0.00000   0.00831   0.00000   0.11730   0.01027   0.05170   0.14928   0.15746   0.01089   0.05462   0.06584   0.13933   0.14181   0.44367   0.09088   0.20520   0.13480   0.00976   0.00000   0.00000   0.23666   0.71102   0.27963   0.05633   0.14804   0.13050   0.19353   0.01175   0.00000   0.00566   0.04071   0.02403   0.26542   0.19851   0.29423   0.25673   0.00000   0.12314   0.08369   0.02336   0.04799   0.00000   0.00946   0.00327   0.12057   0.12167   0.10896   0.22063   0.00000   0.00839   0.18339   0.22701   0.02201   0.19899   0.02679   0.00128   0.37435   0.00000   0.09319   0.03141   0.05387   0.03614   0.05828   0.24189   0.00623   0.00000   0.03040   0.03574   0.11995   0.14593   0.23003   0.18098   0.28672   0.35312   0.18658   0.19874   0.00000   0.18800   0.39374   0.11183   0.25818   0.11147   0.02500   0.02176   0.10281   0.06288   0.02215   0.39187   0.00722   0.00000   0.11692   0.00000   0.06364   0.07172   0.00790   0.06770   0.03499   0.04623   0.12012   0.07761   0.01496   0.01716   0.01441   0.03999   0.03218   0.00000   0.00000   0.00889   0.15906   0.00000   0.02748   0.03780   0.08581   0.17546   0.00000   0.00000   0.15944   0.14514   0.35740   0.23292   0.90153   0.64476   0.87894   0.63069  
140 17.0418  12336.267807  x:  0.93401   0.00000   0.00000   1.39005   0.00000   0.28199   0.17045   0.06506   0.03347   0.31346   0.43900   0.01423   0.00000   0.00000   0.11811   0.11611   0.04960   0.02008   0.08955   0.24792   0.28796   0.18890   0.00000   0.00000   0.00000   0.00000   0.00425   0.00000   0.00808   0.00000   0.11717   0.01041   0.05119   0.14942   0.15825   0.01105   0.05418   0.06698   0.13881   0.14173   0.44638   0.09065   0.20492   0.13455   0.00979   0.00000   0.00000   0.23728   0.71334   0.27868   0.05580   0.14870   0.12999   0.19365   0.01190   0.00000   0.00562   0.04139   0.02396   0.26455   0.19822   0.29224   0.25740   0.00000   0.12371   0.08399   0.02350   0.04533   0.00000   0.00944   0.00321   0.12048   0.12167   0.10884   0.22156   0.00000   0.00831   0.18279   0.22875   0.02197   0.19922   0.02670   0.00127   0.37355   0.00000   0.09413   0.03134   0.05350   0.03619   0.05848   0.24202   0.00620   0.00000   0.03030   0.03605   0.12099   0.14608   0.23023   0.18221   0.28760   0.35161   0.18662   0.19988   0.00000   0.18849   0.39715   0.11209   0.25696   0.11132   0.02504   0.02178   0.10212   0.06302   0.02385   0.39254   0.00722   0.00000   0.11546   0.00000   0.06381   0.07180   0.00791   0.06768   0.03463   0.04691   0.12033   0.07738   0.01496   0.01717   0.01444   0.03942   0.03112   0.00000   0.00000   0.00888   0.15995   0.00000   0.02700   0.03755   0.08587   0.17611   0.00000   0.00000   0.16245   0.14535   0.35672   0.23389   0.90131   0.64098   0.87601   0.63086  
141 16.8811  12336.228128  x:  0.93540   0.00000   0.00000   1.38314   0.00000   0.28156   0.17080   0.06533   0.03346   0.31342   0.43670   0.01398   0.00000   0.00000   0.11831   0.11612   0.05064   0.02005   0.08930   0.24733   0.28872   0.18999   0.00000   0.00000   0.00000   0.00000   0.00436   0.00000   0.00787   0.00000   0.11653   0.01050   0.05158   0.14901   0.15959   0.01112   0.05460   0.06590   0.13844   0.14210   0.44863   0.09019   0.20491   0.13337   0.00981   0.00000   0.00000   0.23732   0.71584   0.27775   0.05623   0.14999   0.13033   0.19369   0.01198   0.00000   0.00561   0.04112   0.02406   0.26375   0.19831   0.29048   0.25816   0.00000   0.12373   0.08367   0.02338   0.04673   0.00000   0.00942   0.00319   0.12033   0.12140   0.10760   0.22230   0.00000   0.00824   0.18294   0.22993   0.02198   0.19965   0.02663   0.00130   0.37283   0.00000   0.09425   0.03133   0.05425   0.03596   0.05799   0.24211   0.00616   0.00000   0.03037   0.03577   0.12229   0.14626   0.23009   0.18331   0.28784   0.35079   0.18549   0.20100   0.00000   0.18920   0.40068   0.11168   0.25520   0.11128   0.02505   0.02180   0.10122   0.06421   0.02257   0.39334   0.00725   0.00000   0.11448   0.00000   0.06336   0.07159   0.00792   0.06778   0.03443   0.04704   0.12031   0.07743   0.01496   0.01718   0.01444   0.03895   0.03163   0.00000   0.00000   0.00881   0.16229   0.00000   0.02829   0.03813   0.08503   0.17655   0.00000   0.00000   0.16380   0.14499   0.35519   0.23478   0.90125   0.63852   0.87403   0.63047  
142 13.1357  12336.175563  x:  0.93956   0.00000   0.00000   1.37253   0.00000   0.27672   0.16795   0.06549   0.03356   0.31335   0.43406   0.01474   0.00000   0.00000   0.11752   0.11525   0.04843   0.02004   0.08897   0.24774   0.28900   0.19042   0.00000   0.00000   0.00000   0.00000   0.00453   0.00000   0.00758   0.00000   0.11653   0.01064   0.05142   0.14851   0.16006   0.01110   0.05462   0.06476   0.13918   0.14248   0.45014   0.09069   0.20564   0.13303   0.00981   0.00000   0.00000   0.23637   0.71988   0.27758   0.05603   0.15050   0.13149   0.19357   0.01196   0.00000   0.00557   0.04135   0.02395   0.26372   0.19916   0.28994   0.25878   0.00000   0.12268   0.08367   0.02336   0.04607   0.00000   0.00937   0.00321   0.12065   0.12142   0.10722   0.22253   0.00000   0.00826   0.18458   0.22940   0.02188   0.20037   0.02669   0.00140   0.37253   0.00000   0.09270   0.03135   0.05324   0.03619   0.05751   0.24205   0.00604   0.00000   0.03035   0.03589   0.12135   0.14621   0.22951   0.18298   0.28698   0.35164   0.18414   0.20141   0.00000   0.18982   0.40596   0.11044   0.25373   0.11179   0.02498   0.02186   0.10230   0.06361   0.02209   0.39527   0.00727   0.00000   0.11619   0.00000   0.06344   0.07150   0.00790   0.06782   0.03491   0.04645   0.12010   0.07794   0.01495   0.01719   0.01442   0.04121   0.03143   0.00000   0.00000   0.00887   0.16443   0.00000   0.02719   0.03715   0.08406   0.17624   0.00000   0.00000   0.16277   0.14416   0.35322   0.23493   0.90146   0.63791   0.87293   0.62993  
143  8.7071  12336.104065  x:  0.94638   0.00000   0.00000   1.35750   0.00000   0.26867   0.16304   0.06553   0.03367   0.31324   0.43091   0.01546   0.00000   0.00000   0.11741   0.11519   0.05088   0.02002   0.08900   0.24880   0.28893   0.19043   0.00000   0.00000   0.00000   0.00000   0.00477   0.00000   0.00717   0.00000   0.11697   0.01082   0.05160   0.14857   0.15966   0.01102   0.05441   0.06611   0.13994   0.14236   0.45108   0.09104   0.20653   0.13376   0.00980   0.00000   0.00000   0.23536   0.72541   0.27812   0.05579   0.15017   0.13192   0.19344   0.01184   0.00000   0.00553   0.04126   0.02391   0.26438   0.20012   0.29035   0.25917   0.00000   0.12228   0.08403   0.02326   0.04648   0.00000   0.00930   0.00327   0.12095   0.12163   0.10795   0.22236   0.00000   0.00837   0.18656   0.22811   0.02185   0.20105   0.02676   0.00147   0.37266   0.00000   0.09222   0.03126   0.05401   0.03616   0.05841   0.24200   0.00586   0.00000   0.03040   0.03583   0.12001   0.14608   0.22898   0.18176   0.28574   0.35367   0.18402   0.20141   0.00000   0.19011   0.41302   0.10890   0.25318   0.11190   0.02496   0.02193   0.10328   0.06300   0.02376   0.39827   0.00719   0.00000   0.11854   0.00000   0.06376   0.07169   0.00783   0.06759   0.03403   0.04712   0.12006   0.07810   0.01494   0.01721   0.01445   0.03848   0.03156   0.00000   0.00000   0.00878   0.16593   0.00000   0.02524   0.03740   0.08428   0.17563   0.00000   0.00000   0.15993   0.14369   0.35175   0.23474   0.90191   0.63863   0.87230   0.62999  
144 22.8358  12336.036549  x:  0.95419   0.00000   0.00000   1.34269   0.00000   0.26080   0.15864   0.06531   0.03366   0.31315   0.42887   0.01515   0.00000   0.00000   0.11827   0.11631   0.04983   0.01999   0.08945   0.24974   0.28845   0.19024   0.00000   0.00000   0.00000   0.00000   0.00501   0.00000   0.00677   0.00000   0.11704   0.01098   0.05159   0.14964   0.15887   0.01085   0.05428   0.06619   0.13915   0.14147   0.45052   0.08994   0.20647   0.13497   0.00978   0.00000   0.00000   0.23587   0.73011   0.27932   0.05651   0.14935   0.13016   0.19354   0.01162   0.00000   0.00550   0.04135   0.02382   0.26550   0.19992   0.29179   0.25889   0.00000   0.12399   0.08398   0.02319   0.04634   0.00000   0.00917   0.00336   0.12038   0.12159   0.10867   0.22176   0.00000   0.00852   0.18677   0.22758   0.02188   0.20090   0.02679   0.00148   0.37355   0.00000   0.09493   0.03125   0.05382   0.03590   0.05707   0.24207   0.00566   0.00000   0.03045   0.03561   0.12113   0.14610   0.22939   0.18072   0.28541   0.35600   0.18672   0.20129   0.00000   0.18963   0.41883   0.10865   0.25510   0.11084   0.02500   0.02189   0.10168   0.06413   0.02239   0.40085   0.00705   0.00000   0.11801   0.00000   0.06357   0.07179   0.00772   0.06760   0.03420   0.04806   0.12047   0.07725   0.01495   0.01720   0.01448   0.03969   0.03151   0.00000   0.00000   0.00864   0.16538   0.00000   0.02651   0.03842   0.08597   0.17534   0.00000   0.00000   0.15556   0.14488   0.35265   0.23441   0.90256   0.64121   0.87286   0.63138  
145 17.6304  12336.002337  x:  0.95904   0.00000   0.00000   1.33500   0.00000   0.25797   0.15783   0.06514   0.03366   0.31311   0.42886   0.01517   0.00000   0.00000   0.11824   0.11610   0.04984   0.01998   0.08918   0.24959   0.28815   0.19058   0.00000   0.00000   0.00000   0.00000   0.00514   0.00000   0.00657   0.00000   0.11663   0.01106   0.05165   0.14964   0.15934   0.01069   0.05474   0.06481   0.13862   0.14152   0.44956   0.09008   0.20594   0.13458   0.00979   0.00000   0.00000   0.23694   0.73166   0.27977   0.05570   0.14971   0.12995   0.19366   0.01145   0.00000   0.00549   0.04132   0.02384   0.26582   0.19927   0.29244   0.25858   0.00000   0.12378   0.08397   0.02312   0.04637   0.00000   0.00906   0.00336   0.12014   0.12142   0.10781   0.22166   0.00000   0.00850   0.18592   0.22843   0.02186   0.20052   0.02678   0.00160   0.37435   0.00000   0.09388   0.03120   0.05436   0.03596   0.05800   0.24205   0.00554   0.00000   0.03038   0.03556   0.12193   0.14620   0.23013   0.18108   0.28608   0.35662   0.18788   0.20168   0.00000   0.18943   0.42049   0.10962   0.25693   0.11122   0.02499   0.02187   0.10147   0.06377   0.02270   0.40184   0.00699   0.00000   0.11630   0.00000   0.06369   0.07167   0.00770   0.06775   0.03375   0.04664   0.12063   0.07734   0.01494   0.01721   0.01449   0.03924   0.03151   0.00000   0.00000   0.00887   0.16337   0.00000   0.02744   0.03612   0.08530   0.17557   0.00000   0.00000   0.15223   0.14599   0.35514   0.23445   0.90305   0.64373   0.87406   0.63226  
146 11.8512  12335.975634  x:  0.96360   0.00000   0.00000   1.32878   0.00000   0.25720   0.15872   0.06503   0.03367   0.31309   0.42980   0.01433   0.00000   0.00000   0.11782   0.11552   0.05040   0.01999   0.08894   0.24906   0.28806   0.19111   0.00000   0.00000   0.00000   0.00000   0.00525   0.00000   0.00640   0.00000   0.11653   0.01112   0.05165   0.14916   0.16004   0.01053   0.05453   0.06582   0.13877   0.14191   0.44865   0.09068   0.20555   0.13385   0.00977   0.00000   0.00000   0.23775   0.73209   0.27969   0.05623   0.15042   0.13076   0.19371   0.01125   0.00000   0.00547   0.04141   0.02384   0.26568   0.19886   0.29250   0.25843   0.00000   0.12291   0.08407   0.02306   0.04631   0.00000   0.00900   0.00333   0.12037   0.12146   0.10728   0.22195   0.00000   0.00848   0.18525   0.22957   0.02190   0.20038   0.02675   0.00172   0.37496   0.00000   0.09262   0.03123   0.05321   0.03617   0.05744   0.24200   0.00544   0.00000   0.03038   0.03555   0.12163   0.14621   0.23066   0.18184   0.28699   0.35636   0.18768   0.20224   0.00000   0.18957   0.42052   0.11007   0.25803   0.11192   0.02500   0.02184   0.10186   0.06295   0.02229   0.40231   0.00691   0.00000   0.11545   0.00000   0.06362   0.07152   0.00761   0.06756   0.03432   0.04773   0.12065   0.07773   0.01494   0.01721   0.01448   0.03932   0.03150   0.00000   0.00000   0.00878   0.16123   0.00000   0.02781   0.03763   0.08449   0.17601   0.00000   0.00000   0.14872   0.14653   0.35798   0.23466   0.90360   0.64652   0.87577   0.63256  
147 11.3591  12335.951307  x:  0.96850   0.00000   0.00000   1.32299   0.00000   0.25859   0.16136   0.06505   0.03366   0.31310   0.43179   0.01507   0.00000   0.00000   0.11761   0.11549   0.04943   0.01994   0.08924   0.24853   0.28826   0.19148   0.00000   0.00000   0.00000   0.00000   0.00535   0.00000   0.00624   0.00000   0.11692   0.01117   0.05165   0.14882   0.16004   0.01035   0.05427   0.06600   0.13937   0.14211   0.44817   0.09058   0.20569   0.13368   0.00977   0.00000   0.00000   0.23767   0.73161   0.27914   0.05611   0.15047   0.13129   0.19363   0.01103   0.00000   0.00545   0.04133   0.02385   0.26515   0.19912   0.29190   0.25860   0.00000   0.12286   0.08413   0.02302   0.04634   0.00000   0.00896   0.00330   0.12083   0.12169   0.10801   0.22264   0.00000   0.00843   0.18545   0.23025   0.02185   0.20076   0.02675   0.00179   0.37514   0.00000   0.09362   0.03120   0.05491   0.03583   0.05769   0.24198   0.00532   0.00000   0.03038   0.03561   0.12067   0.14612   0.23055   0.18232   0.28767   0.35522   0.18642   0.20262   0.00000   0.18999   0.41886   0.11058   0.25767   0.11173   0.02500   0.02186   0.10189   0.06347   0.02175   0.40245   0.00691   0.00000   0.11651   0.00000   0.06381   0.07178   0.00756   0.06746   0.03309   0.04802   0.12041   0.07772   0.01493   0.01721   0.01450   0.03961   0.03149   0.00000   0.00000   0.00873   0.16025   0.00000   0.02805   0.03821   0.08454   0.17623   0.00000   0.00000   0.14462   0.14610   0.36042   0.23506   0.90427   0.64960   0.87819   0.63208  
148  8.8864  12335.928728  x:  0.97338   0.00000   0.00000   1.31760   0.00000   0.26103   0.16449   0.06511   0.03359   0.31313   0.43416   0.01452   0.00000   0.00000   0.11791   0.11592   0.05030   0.01993   0.08951   0.24828   0.28854   0.19158   0.00000   0.00000   0.00000   0.00000   0.00545   0.00000   0.00609   0.00000   0.11708   0.01123   0.05166   0.14893   0.15968   0.01015   0.05473   0.06538   0.13960   0.14196   0.44814   0.09025   0.20606   0.13405   0.00978   0.00000   0.00000   0.23714   0.73082   0.27860   0.05585   0.15013   0.13108   0.19355   0.01080   0.00000   0.00542   0.04143   0.02383   0.26469   0.19961   0.29121   0.25888   0.00000   0.12334   0.08408   0.02297   0.04629   0.00000   0.00893   0.00328   0.12089   0.12170   0.10851   0.22322   0.00000   0.00835   0.18599   0.23029   0.02184   0.20121   0.02674   0.00183   0.37501   0.00000   0.09468   0.03119   0.05366   0.03598   0.05737   0.24196   0.00520   0.00000   0.03042   0.03550   0.12044   0.14607   0.23017   0.18235   0.28792   0.35401   0.18564   0.20272   0.00000   0.19028   0.41641   0.10988   0.25664   0.11127   0.02495   0.02184   0.10166   0.06373   0.02176   0.40251   0.00696   0.00000   0.11779   0.00000   0.06388   0.07185   0.00748   0.06762   0.03409   0.04741   0.12017   0.07746   0.01495   0.01720   0.01453   0.03931   0.03149   0.00000   0.00000   0.00882   0.16038   0.00000   0.02819   0.03701   0.08495   0.17616   0.00000   0.00000   0.14043   0.14541   0.36189   0.23532   0.90497   0.65242   0.88087   0.63156  
149 14.3049  12335.911770  x:  0.97740   0.00000   0.00000   1.31355   0.00000   0.26430   0.16706   0.06520   0.03343   0.31318   0.43650   0.01521   0.00000   0.00000   0.11817   0.11598   0.05003   0.01996   0.08915   0.24871   0.28870   0.19127   0.00000   0.00000   0.00000   0.00000   0.00553   0.00000   0.00597   0.00000   0.11653   0.01127   0.05167   0.14953   0.15936   0.00999   0.05463   0.06565   0.13883   0.14156   0.44893   0.09035   0.20638   0.13461   0.00975   0.00000   0.00000   0.23657   0.73003   0.27863   0.05650   0.14980   0.13014   0.19360   0.01062   0.00000   0.00540   0.04141   0.02381   0.26482   0.19985   0.29094   0.25911   0.00000   0.12360   0.08412   0.02295   0.04630   0.00000   0.00885   0.00335   0.12021   0.12128   0.10758   0.22309   0.00000   0.00839   0.18635   0.22940   0.02182   0.20126   0.02676   0.00196   0.37458   0.00000   0.09304   0.03121   0.05383   0.03607   0.05764   0.24193   0.00510   0.00000   0.03036   0.03551   0.12175   0.14618   0.22983   0.18173   0.28739   0.35358   0.18675   0.20238   0.00000   0.19002   0.41343   0.10927   0.25566   0.11132   0.02493   0.02186   0.10184   0.06311   0.02200   0.40265   0.00696   0.00000   0.11748   0.00000   0.06347   0.07152   0.00743   0.06749   0.03377   0.04765   0.12031   0.07734   0.01494   0.01720   0.01453   0.03943   0.03148   0.00000   0.00000   0.00876   0.16200   0.00000   0.02779   0.03726   0.08529   0.17576   0.00000   0.00000   0.13695   0.14514   0.36097   0.23518   0.90560   0.65392   0.88343   0.63169  
150  7.8175  12335.904432  x:  0.97929   0.00000   0.00000   1.31186   0.00000   0.26650   0.16767   0.06522   0.03337   0.31322   0.43772   0.01516   0.00000   0.00000   0.11790   0.11570   0.05013   0.01996   0.08909   0.24917   0.28866   0.19118   0.00000   0.00000   0.00000   0.00000   0.00557   0.00000   0.00591   0.00000   0.11674   0.01129   0.05167   0.14938   0.15967   0.00990   0.05466   0.06567   0.13882   0.14172   0.44973   0.09043   0.20624   0.13427   0.00977   0.00000   0.00000   0.23668   0.72978   0.27903   0.05546   0.15004   0.13044   0.19367   0.01052   0.00000   0.00540   0.04141   0.02380   0.26524   0.19959   0.29121   0.25907   0.00000   0.12315   0.08411   0.02295   0.04630   0.00000   0.00881   0.00337   0.12040   0.12155   0.10778   0.22261   0.00000   0.00844   0.18620   0.22898   0.02184   0.20101   0.02679   0.00198   0.37430   0.00000   0.09354   0.03120   0.05385   0.03602   0.05746   0.24199   0.00506   0.00000   0.03038   0.03549   0.12140   0.14618   0.22994   0.18153   0.28688   0.35415   0.18759   0.20230   0.00000   0.18977   0.41148   0.10915   0.25581   0.11163   0.02491   0.02185   0.10188   0.06369   0.02178   0.40283   0.00694   0.00000   0.11656   0.00000   0.06384   0.07162   0.00739   0.06755   0.03382   0.04772   0.12052   0.07755   0.01494   0.01721   0.01452   0.03943   0.03149   0.00000   0.00000   0.00874   0.16291   0.00000   0.02708   0.03744   0.08488   0.17559   0.00000   0.00000   0.13539   0.14554   0.35914   0.23502   0.90597   0.65372   0.88491   0.63218  
151  4.8101  12335.901763  x:  0.98004   0.00000   0.00000   1.31129   0.00000   0.26756   0.16746   0.06521   0.03339   0.31325   0.43821   0.01510   0.00000   0.00000   0.11786   0.11571   0.05011   0.01995   0.08916   0.24929   0.28859   0.19123   0.00000   0.00000   0.00000   0.00000   0.00558   0.00000   0.00589   0.00000   0.11683   0.01130   0.05167   0.14922   0.15978   0.00987   0.05467   0.06557   0.13902   0.14182   0.45011   0.09043   0.20610   0.13410   0.00975   0.00000   0.00000   0.23689   0.72979   0.27921   0.05642   0.15021   0.13075   0.19367   0.01047   0.00000   0.00540   0.04141   0.02380   0.26541   0.19944   0.29142   0.25899   0.00000   0.12314   0.08410   0.02294   0.04630   0.00000   0.00880   0.00337   0.12054   0.12162   0.10795   0.22241   0.00000   0.00845   0.18609   0.22903   0.02184   0.20089   0.02679   0.00198   0.37423   0.00000   0.09384   0.03120   0.05385   0.03601   0.05754   0.24201   0.00504   0.00000   0.03038   0.03549   0.12109   0.14615   0.23008   0.18161   0.28672   0.35466   0.18755   0.20237   0.00000   0.18976   0.41052   0.10928   0.25614   0.11154   0.02491   0.02185   0.10181   0.06366   0.02219   0.40297   0.00692   0.00000   0.11643   0.00000   0.06376   0.07167   0.00738   0.06756   0.03383   0.04760   0.12053   0.07755   0.01494   0.01721   0.01452   0.03944   0.03149   0.00000   0.00000   0.00875   0.16313   0.00000   0.02710   0.03725   0.08480   0.17561   0.00000   0.00000   0.13485   0.14578   0.35819   0.23495   0.90615   0.65317   0.88564   0.63234  
152  3.8463  12335.899343  x:  0.98077   0.00000   0.00000   1.31086   0.00000   0.26885   0.16648   0.06518   0.03346   0.31329   0.43868   0.01503   0.00000   0.00000   0.11801   0.11592   0.05011   0.01994   0.08923   0.24919   0.28847   0.19139   0.00000   0.00000   0.00000   0.00000   0.00559   0.00000   0.00588   0.00000   0.11674   0.01130   0.05167   0.14913   0.15971   0.00983   0.05467   0.06564   0.13922   0.14182   0.45042   0.09042   0.20597   0.13416   0.00975   0.00000   0.00000   0.23715   0.73001   0.27930   0.05599   0.15013   0.13071   0.19363   0.01043   0.00000   0.00540   0.04141   0.02380   0.26546   0.19937   0.29166   0.25886   0.00000   0.12343   0.08410   0.02294   0.04630   0.00000   0.00881   0.00337   0.12051   0.12148   0.10790   0.22238   0.00000   0.00847   0.18602   0.22939   0.02183   0.20086   0.02679   0.00201   0.37430   0.00000   0.09360   0.03121   0.05384   0.03602   0.05753   0.24198   0.00502   0.00000   0.03038   0.03549   0.12106   0.14613   0.23026   0.18184   0.28675   0.35534   0.18691   0.20253   0.00000   0.18993   0.40934   0.10957   0.25668   0.11127   0.02491   0.02184   0.10172   0.06321   0.02219   0.40316   0.00691   0.00000   0.11689   0.00000   0.06346   0.07163   0.00737   0.06750   0.03383   0.04766   0.12044   0.07742   0.01494   0.01721   0.01453   0.03944   0.03149   0.00000   0.00000   0.00875   0.16289   0.00000   0.02747   0.03728   0.08505   0.17578   0.00000   0.00000   0.13444   0.14592   0.35723   0.23492   0.90641   0.65187   0.88662   0.63224  
153  2.5464  12335.897928  x:  0.98124   0.00000   0.00000   1.31070   0.00000   0.26975   0.16533   0.06516   0.03349   0.31332   0.43894   0.01492   0.00000   0.00000   0.11798   0.11581   0.05011   0.01995   0.08916   0.24900   0.28842   0.19139   0.00000   0.00000   0.00000   0.00000   0.00560   0.00000   0.00586   0.00000   0.11671   0.01130   0.05167   0.14928   0.15960   0.00980   0.05468   0.06561   0.13900   0.14173   0.45041   0.09043   0.20603   0.13429   0.00975   0.00000   0.00000   0.23711   0.73029   0.27918   0.05614   0.15002   0.13050   0.19361   0.01040   0.00000   0.00540   0.04141   0.02380   0.26533   0.19948   0.29168   0.25883   0.00000   0.12331   0.08410   0.02294   0.04630   0.00000   0.00880   0.00338   0.12040   0.12145   0.10781   0.22250   0.00000   0.00847   0.18610   0.22956   0.02182   0.20096   0.02678   0.00202   0.37442   0.00000   0.09353   0.03120   0.05383   0.03603   0.05754   0.24194   0.00502   0.00000   0.03037   0.03549   0.12135   0.14615   0.23022   0.18183   0.28689   0.35552   0.18676   0.20252   0.00000   0.19001   0.40849   0.10962   0.25680   0.11150   0.02491   0.02184   0.10182   0.06373   0.02217   0.40327   0.00692   0.00000   0.11712   0.00000   0.06388   0.07164   0.00736   0.06758   0.03383   0.04766   0.12042   0.07750   0.01494   0.01721   0.01453   0.03945   0.03150   0.00000   0.00000   0.00875   0.16232   0.00000   0.02731   0.03732   0.08505   0.17588   0.00000   0.00000   0.13433   0.14579   0.35711   0.23500   0.90665   0.65058   0.88746   0.63202  
154  1.9681  12335.896771  x:  0.98163   0.00000   0.00000   1.31068   0.00000   0.27053   0.16400   0.06516   0.03349   0.31335   0.43912   0.01507   0.00000   0.00000   0.11789   0.11572   0.05013   0.01996   0.08918   0.24889   0.28845   0.19127   0.00000   0.00000   0.00000   0.00000   0.00561   0.00000   0.00585   0.00000   0.11680   0.01130   0.05167   0.14933   0.15963   0.00979   0.05469   0.06563   0.13888   0.14175   0.45019   0.09040   0.20617   0.13423   0.00975   0.00000   0.00000   0.23690   0.73062   0.27901   0.05610   0.15005   0.13055   0.19364   0.01038   0.00000   0.00539   0.04141   0.02380   0.26517   0.19960   0.29155   0.25889   0.00000   0.12316   0.08409   0.02295   0.04630   0.00000   0.00879   0.00338   0.12046   0.12158   0.10791   0.22260   0.00000   0.00846   0.18620   0.22944   0.02182   0.20105   0.02679   0.00201   0.37452   0.00000   0.09375   0.03121   0.05386   0.03602   0.05753   0.24193   0.00501   0.00000   0.03038   0.03548   0.12128   0.14616   0.23008   0.18164   0.28702   0.35525   0.18713   0.20240   0.00000   0.18994   0.40775   0.10945   0.25653   0.11153   0.02491   0.02184   0.10182   0.06340   0.02216   0.40332   0.00693   0.00000   0.11688   0.00000   0.06363   0.07167   0.00735   0.06755   0.03384   0.04766   0.12049   0.07758   0.01494   0.01722   0.01452   0.03946   0.03150   0.00000   0.00000   0.00876   0.16212   0.00000   0.02764   0.03731   0.08488   0.17586   0.00000   0.00000   0.13439   0.14562   0.35761   0.23501   0.90693   0.64920   0.88842   0.63195  
155  1.6638  12335.896327  x:  0.98177   0.00000   0.00000   1.31077   0.00000   0.27076   0.16351   0.06518   0.03351   0.31336   0.43914   0.01508   0.00000   0.00000   0.11798   0.11587   0.05011   0.01995   0.08922   0.24899   0.28849   0.19127   0.00000   0.00000   0.00000   0.00000   0.00561   0.00000   0.00585   0.00000   0.11673   0.01130   0.05167   0.14920   0.15970   0.00978   0.05468   0.06562   0.13911   0.14180   0.45003   0.09043   0.20614   0.13417   0.00975   0.00000   0.00000   0.23688   0.73074   0.27903   0.05609   0.15012   0.13067   0.19364   0.01038   0.00000   0.00539   0.04141   0.02380   0.26521   0.19954   0.29149   0.25893   0.00000   0.12337   0.08409   0.02295   0.04630   0.00000   0.00879   0.00338   0.12049   0.12150   0.10785   0.22255   0.00000   0.00845   0.18615   0.22929   0.02183   0.20099   0.02679   0.00202   0.37450   0.00000   0.09354   0.03121   0.05383   0.03603   0.05755   0.24194   0.00501   0.00000   0.03037   0.03549   0.12113   0.14614   0.23008   0.18166   0.28699   0.35496   0.18719   0.20240   0.00000   0.18991   0.40753   0.10938   0.25636   0.11139   0.02490   0.02184   0.10173   0.06355   0.02211   0.40330   0.00693   0.00000   0.11680   0.00000   0.06374   0.07166   0.00735   0.06755   0.03384   0.04766   0.12052   0.07748   0.01494   0.01722   0.01452   0.03946   0.03150   0.00000   0.00000   0.00875   0.16225   0.00000   0.02749   0.03732   0.08501   0.17581   0.00000   0.00000   0.13453   0.14570   0.35803   0.23499   0.90711   0.64870   0.88897   0.63211  
156  0.9548  12335.895872  x:  0.98191   0.00000   0.00000   1.31103   0.00000   0.27086   0.16324   0.06521   0.03353   0.31336   0.43908   0.01508   0.00000   0.00000   0.11796   0.11577   0.05012   0.01995   0.08913   0.24917   0.28854   0.19134   0.00000   0.00000   0.00000   0.00000   0.00561   0.00000   0.00584   0.00000   0.11675   0.01130   0.05167   0.14921   0.15967   0.00978   0.05468   0.06563   0.13910   0.14176   0.44989   0.09041   0.20602   0.13424   0.00975   0.00000   0.00000   0.23702   0.73078   0.27918   0.05610   0.15009   0.13057   0.19363   0.01037   0.00000   0.00539   0.04141   0.02380   0.26537   0.19940   0.29149   0.25892   0.00000   0.12326   0.08408   0.02295   0.04630   0.00000   0.00880   0.00338   0.12045   0.12147   0.10786   0.22247   0.00000   0.00844   0.18604   0.22923   0.02184   0.20087   0.02679   0.00202   0.37440   0.00000   0.09370   0.03121   0.05385   0.03602   0.05753   0.24197   0.00501   0.00000   0.03037   0.03548   0.12130   0.14614   0.23017   0.18182   0.28687   0.35464   0.18693   0.20247   0.00000   0.18994   0.40748   0.10942   0.25638   0.11151   0.02490   0.02184   0.10193   0.06350   0.02208   0.40325   0.00693   0.00000   0.11696   0.00000   0.06368   0.07165   0.00735   0.06759   0.03384   0.04766   0.12049   0.07754   0.01494   0.01722   0.01452   0.03946   0.03150   0.00000   0.00000   0.00875   0.16273   0.00000   0.02736   0.03730   0.08505   0.17578   0.00000   0.00000   0.13488   0.14589   0.35844   0.23494   0.90740   0.64844   0.88981   0.63229  
157  0.5842  12335.894709  x:  0.98227   0.00000   0.00000   1.31204   0.00000   0.27079   0.16328   0.06523   0.03350   0.31332   0.43879   0.01504   0.00000   0.00000   0.11784   0.11577   0.05012   0.01994   0.08927   0.24925   0.28855   0.19132   0.00000   0.00000   0.00000   0.00000   0.00561   0.00000   0.00582   0.00000   0.11681   0.01130   0.05167   0.14949   0.15959   0.00978   0.05467   0.06563   0.13869   0.14170   0.44986   0.09039   0.20602   0.13429   0.00975   0.00000   0.00000   0.23713   0.73065   0.27935   0.05611   0.15000   0.13057   0.19360   0.01037   0.00000   0.00539   0.04141   0.02379   0.26553   0.19949   0.29154   0.25886   0.00000   0.12317   0.08407   0.02296   0.04630   0.00000   0.00880   0.00337   0.12050   0.12169   0.10801   0.22256   0.00000   0.00844   0.18602   0.22946   0.02184   0.20093   0.02677   0.00203   0.37421   0.00000   0.09345   0.03121   0.05383   0.03604   0.05756   0.24192   0.00502   0.00000   0.03037   0.03549   0.12116   0.14617   0.23026   0.18184   0.28679   0.35454   0.18687   0.20246   0.00000   0.19002   0.40777   0.10953   0.25669   0.11130   0.02491   0.02183   0.10135   0.06348   0.02205   0.40316   0.00693   0.00000   0.11705   0.00000   0.06372   0.07168   0.00735   0.06744   0.03386   0.04763   0.12048   0.07757   0.01494   0.01722   0.01452   0.03946   0.03150   0.00000   0.00000   0.00874   0.16323   0.00000   0.02712   0.03735   0.08470   0.17587   0.00000   0.00000   0.13606   0.14585   0.35863   0.23494   0.90836   0.64843   0.89229   0.63204  
158  0.6654  12335.891390  x:  0.98332   0.00000   0.00000   1.31517   0.00000   0.27045   0.16385   0.06521   0.03344   0.31319   0.43794   0.01508   0.00000   0.00000   0.11806   0.11596   0.05007   0.01996   0.08919   0.24905   0.28854   0.19121   0.00000   0.00000   0.00000   0.00000   0.00561   0.00000   0.00576   0.00000   0.11669   0.01130   0.05167   0.14941   0.15975   0.00980   0.05462   0.06562   0.13905   0.14175   0.45008   0.09038   0.20623   0.13429   0.00975   0.00000   0.00000   0.23705   0.73014   0.27938   0.05609   0.15016   0.13078   0.19363   0.01039   0.00000   0.00540   0.04141   0.02379   0.26554   0.19978   0.29153   0.25883   0.00000   0.12351   0.08404   0.02299   0.04630   0.00000   0.00880   0.00338   0.12049   0.12150   0.10771   0.22281   0.00000   0.00843   0.18613   0.22987   0.02182   0.20119   0.02673   0.00202   0.37399   0.00000   0.09368   0.03122   0.05386   0.03601   0.05753   0.24183   0.00505   0.00000   0.03038   0.03550   0.12109   0.14618   0.23018   0.18161   0.28692   0.35493   0.18729   0.20232   0.00000   0.19000   0.40883   0.10945   0.25728   0.11176   0.02490   0.02183   0.10185   0.06344   0.02206   0.40297   0.00694   0.00000   0.11681   0.00000   0.06365   0.07166   0.00736   0.06774   0.03386   0.04763   0.12051   0.07742   0.01494   0.01721   0.01452   0.03943   0.03150   0.00000   0.00000   0.00874   0.16338   0.00000   0.02709   0.03732   0.08495   0.17602   0.00000   0.00000   0.13943   0.14549   0.35840   0.23506   0.91114   0.64880   0.89929   0.63151  
159  2.8058  12335.889539  x:  0.98397   0.00000   0.00000   1.31705   0.00000   0.27026   0.16421   0.06522   0.03350   0.31313   0.43754   0.01528   0.00000   0.00000   0.11793   0.11570   0.05009   0.01996   0.08913   0.24904   0.28862   0.19127   0.00000   0.00000   0.00000   0.00000   0.00561   0.00000   0.00573   0.00000   0.11682   0.01129   0.05167   0.14916   0.15983   0.00981   0.05459   0.06562   0.13936   0.14171   0.45031   0.09031   0.20616   0.13439   0.00975   0.00000   0.00000   0.23691   0.72983   0.27921   0.05609   0.15024   0.13058   0.19366   0.01040   0.00000   0.00539   0.04141   0.02381   0.26538   0.19954   0.29130   0.25902   0.00000   0.12318   0.08402   0.02301   0.04629   0.00000   0.00881   0.00338   0.12051   0.12150   0.10798   0.22261   0.00000   0.00842   0.18608   0.22953   0.02184   0.20103   0.02674   0.00202   0.37425   0.00000   0.09357   0.03123   0.05386   0.03602   0.05755   0.24187   0.00507   0.00000   0.03037   0.03549   0.12146   0.14615   0.23008   0.18166   0.28716   0.35532   0.18718   0.20240   0.00000   0.18988   0.40942   0.10901   0.25686   0.11130   0.02490   0.02184   0.10181   0.06353   0.02208   0.40289   0.00693   0.00000   0.11683   0.00000   0.06369   0.07160   0.00737   0.06736   0.03389   0.04757   0.12051   0.07758   0.01493   0.01721   0.01451   0.03942   0.03150   0.00000   0.00000   0.00875   0.16266   0.00000   0.02735   0.03732   0.08510   0.17587   0.00000   0.00000   0.14100   0.14565   0.35799   0.23513   0.91260   0.64905   0.90263   0.63197  
160  2.7983  12335.888711  x:  0.98433   0.00000   0.00000   1.31802   0.00000   0.27022   0.16431   0.06523   0.03351   0.31312   0.43745   0.01540   0.00000   0.00000   0.11794   0.11586   0.05008   0.01995   0.08921   0.24919   0.28872   0.19132   0.00000   0.00000   0.00000   0.00000   0.00561   0.00000   0.00571   0.00000   0.11674   0.01129   0.05166   0.14938   0.15977   0.00982   0.05458   0.06562   0.13902   0.14167   0.45041   0.09032   0.20605   0.13442   0.00975   0.00000   0.00000   0.23693   0.72973   0.27917   0.05609   0.15018   0.13064   0.19364   0.01041   0.00000   0.00539   0.04142   0.02382   0.26537   0.19938   0.29111   0.25915   0.00000   0.12334   0.08402   0.02302   0.04629   0.00000   0.00881   0.00338   0.12048   0.12156   0.10785   0.22243   0.00000   0.00841   0.18605   0.22926   0.02186   0.20088   0.02675   0.00202   0.37455   0.00000   0.09358   0.03123   0.05386   0.03602   0.05755   0.24192   0.00508   0.00000   0.03037   0.03549   0.12121   0.14616   0.23011   0.18175   0.28724   0.35544   0.18698   0.20246   0.00000   0.18989   0.40962   0.10881   0.25647   0.11147   0.02490   0.02185   0.10181   0.06352   0.02210   0.40287   0.00692   0.00000   0.11695   0.00000   0.06366   0.07172   0.00737   0.06777   0.03387   0.04760   0.12049   0.07749   0.01494   0.01721   0.01451   0.03941   0.03150   0.00000   0.00000   0.00875   0.16223   0.00000   0.02750   0.03736   0.08482   0.17577   0.00000   0.00000   0.14131   0.14585   0.35779   0.23512   0.91312   0.64913   0.90342   0.63227  
161  1.2625  12335.886343  x:  0.98565   0.00000   0.00000   1.32127   0.00000   0.27033   0.16424   0.06526   0.03338   0.31313   0.43751   0.01536   0.00000   0.00000   0.11814   0.11593   0.05005   0.01996   0.08897   0.24965   0.28893   0.19128   0.00000   0.00000   0.00000   0.00000   0.00561   0.00000   0.00566   0.00000   0.11675   0.01128   0.05166   0.14975   0.15973   0.00984   0.05455   0.06562   0.13889   0.14169   0.45052   0.09025   0.20594   0.13435   0.00975   0.00000   0.00000   0.23723   0.72961   0.27941   0.05607   0.15013   0.13098   0.19355   0.01042   0.00000   0.00539   0.04142   0.02381   0.26567   0.19948   0.29073   0.25925   0.00000   0.12356   0.08400   0.02304   0.04629   0.00000   0.00882   0.00338   0.12052   0.12152   0.10769   0.22239   0.00000   0.00840   0.18614   0.22921   0.02187   0.20084   0.02674   0.00200   0.37535   0.00000   0.09376   0.03124   0.05388   0.03601   0.05755   0.24192   0.00511   0.00000   0.03037   0.03549   0.12107   0.14623   0.23034   0.18176   0.28714   0.35532   0.18699   0.20241   0.00000   0.19011   0.40989   0.10889   0.25609   0.11202   0.02490   0.02185   0.10179   0.06349   0.02212   0.40280   0.00691   0.00000   0.11697   0.00000   0.06377   0.07136   0.00739   0.06676   0.03394   0.04746   0.12041   0.07741   0.01494   0.01720   0.01451   0.03939   0.03149   0.00000   0.00000   0.00876   0.16196   0.00000   0.02761   0.03735   0.08487   0.17582   0.00000   0.00000   0.14056   0.14599   0.35765   0.23505   0.91404   0.64913   0.90280   0.63201  
162  0.7025  12335.877383  x:  0.99081   0.00000   0.00000   1.33388   0.00000   0.27086   0.16376   0.06539   0.03323   0.31321   0.43793   0.01513   0.00000   0.00000   0.11801   0.11564   0.05002   0.01998   0.08889   0.25062   0.28948   0.19112   0.00000   0.00000   0.00000   0.00000   0.00561   0.00000   0.00547   0.00000   0.11692   0.01124   0.05166   0.14963   0.15998   0.00990   0.05438   0.06562   0.13957   0.14165   0.45079   0.09018   0.20597   0.13461   0.00974   0.00000   0.00000   0.23778   0.72926   0.28013   0.05605   0.15035   0.13097   0.19349   0.01047   0.00000   0.00540   0.04143   0.02379   0.26652   0.19990   0.28987   0.25940   0.00000   0.12318   0.08396   0.02310   0.04630   0.00000   0.00886   0.00336   0.12065   0.12153   0.10808   0.22263   0.00000   0.00834   0.18630   0.22959   0.02187   0.20099   0.02667   0.00197   0.37728   0.00000   0.09351   0.03128   0.05388   0.03602   0.05760   0.24181   0.00523   0.00000   0.03036   0.03550   0.12165   0.14628   0.23077   0.18163   0.28694   0.35499   0.18732   0.20221   0.00000   0.19037   0.41077   0.10920   0.25596   0.11162   0.02492   0.02183   0.10145   0.06344   0.02215   0.40250   0.00689   0.00000   0.11684   0.00000   0.06360   0.07177   0.00741   0.06801   0.03393   0.04747   0.12039   0.07761   0.01494   0.01719   0.01449   0.03931   0.03149   0.00000   0.00000   0.00876   0.16200   0.00000   0.02757   0.03738   0.08521   0.17610   0.00000   0.00000   0.13695   0.14590   0.35767   0.23500   0.91713   0.64901   0.89887   0.63103  
163  4.5376  12335.869472  x:  0.99541   0.00000   0.00000   1.34504   0.00000   0.27135   0.16326   0.06546   0.03361   0.31330   0.43839   0.01538   0.00000   0.00000   0.11781   0.11605   0.04996   0.01995   0.08939   0.24989   0.28947   0.19123   0.00000   0.00000   0.00000   0.00000   0.00560   0.00000   0.00531   0.00000   0.11666   0.01122   0.05164   0.14927   0.16022   0.00995   0.05426   0.06562   0.13937   0.14136   0.45096   0.08992   0.20621   0.13513   0.00974   0.00000   0.00000   0.23711   0.72898   0.27996   0.05607   0.15063   0.13045   0.19376   0.01052   0.00000   0.00541   0.04142   0.02383   0.26623   0.19951   0.29003   0.25945   0.00000   0.12341   0.08391   0.02316   0.04631   0.00000   0.00889   0.00335   0.12052   0.12167   0.10782   0.22279   0.00000   0.00829   0.18593   0.22988   0.02187   0.20108   0.02658   0.00195   0.37658   0.00000   0.09361   0.03132   0.05391   0.03600   0.05761   0.24187   0.00533   0.00000   0.03039   0.03556   0.12133   0.14609   0.23023   0.18167   0.28752   0.35550   0.18714   0.20237   0.00000   0.18969   0.41147   0.10842   0.25729   0.11120   0.02490   0.02185   0.10224   0.06360   0.02211   0.40215   0.00691   0.00000   0.11691   0.00000   0.06361   0.07167   0.00744   0.06746   0.03403   0.04729   0.12056   0.07741   0.01494   0.01718   0.01448   0.03925   0.03149   0.00000   0.00000   0.00876   0.16276   0.00000   0.02725   0.03750   0.08431   0.17603   0.00000   0.00000   0.13381   0.14558   0.35827   0.23539   0.91946   0.64883   0.89478   0.63171  
164  6.3472  12335.867493  x:  0.99659   0.00000   0.00000   1.34785   0.00000   0.27146   0.16313   0.06540   0.03353   0.31333   0.43852   0.01563   0.00000   0.00000   0.11808   0.11580   0.04994   0.01998   0.08897   0.24950   0.28932   0.19125   0.00000   0.00000   0.00000   0.00000   0.00560   0.00000   0.00527   0.00000   0.11689   0.01120   0.05164   0.14975   0.16014   0.00996   0.05423   0.06563   0.13935   0.14143   0.45099   0.08995   0.20614   0.13499   0.00974   0.00000   0.00000   0.23693   0.72890   0.27974   0.05604   0.15054   0.13100   0.19369   0.01052   0.00000   0.00541   0.04142   0.02385   0.26597   0.19937   0.29018   0.25953   0.00000   0.12341   0.08389   0.02318   0.04631   0.00000   0.00889   0.00334   0.12068   0.12162   0.10792   0.22272   0.00000   0.00827   0.18584   0.22981   0.02187   0.20101   0.02656   0.00197   0.37549   0.00000   0.09354   0.03133   0.05390   0.03601   0.05762   0.24197   0.00535   0.00000   0.03039   0.03558   0.12145   0.14622   0.23005   0.18172   0.28787   0.35594   0.18705   0.20238   0.00000   0.18973   0.41164   0.10798   0.25759   0.11155   0.02492   0.02184   0.10172   0.06355   0.02210   0.40203   0.00690   0.00000   0.11698   0.00000   0.06359   0.07161   0.00745   0.06765   0.03403   0.04728   0.12052   0.07749   0.01494   0.01717   0.01448   0.03924   0.03149   0.00000   0.00000   0.00875   0.16290   0.00000   0.02719   0.03747   0.08478   0.17592   0.00000   0.00000   0.13328   0.14566   0.35858   0.23551   0.91979   0.64879   0.89358   0.63200  
165  3.2846  12335.866945  x:  0.99696   0.00000   0.00000   1.34864   0.00000   0.27146   0.16310   0.06534   0.03340   0.31336   0.43854   0.01564   0.00000   0.00000   0.11791   0.11589   0.04995   0.01996   0.08929   0.24967   0.28931   0.19117   0.00000   0.00000   0.00000   0.00000   0.00560   0.00000   0.00525   0.00000   0.11673   0.01120   0.05164   0.14974   0.16015   0.00995   0.05422   0.06563   0.13950   0.14144   0.45100   0.08996   0.20601   0.13497   0.00974   0.00000   0.00000   0.23714   0.72885   0.27972   0.05604   0.15052   0.13090   0.19357   0.01051   0.00000   0.00541   0.04142   0.02384   0.26596   0.19947   0.29013   0.25961   0.00000   0.12333   0.08389   0.02318   0.04631   0.00000   0.00889   0.00334   0.12065   0.12158   0.10792   0.22263   0.00000   0.00827   0.18594   0.22971   0.02186   0.20096   0.02656   0.00198   0.37462   0.00000   0.09354   0.03133   0.05391   0.03601   0.05763   0.24203   0.00535   0.00000   0.03040   0.03558   0.12151   0.14625   0.23017   0.18169   0.28797   0.35623   0.18711   0.20230   0.00000   0.19000   0.41168   0.10798   0.25739   0.11165   0.02492   0.02184   0.10171   0.06355   0.02209   0.40196   0.00689   0.00000   0.11696   0.00000   0.06358   0.07168   0.00744   0.06759   0.03405   0.04726   0.12045   0.07748   0.01494   0.01717   0.01448   0.03924   0.03149   0.00000   0.00000   0.00875   0.16273   0.00000   0.02725   0.03748   0.08475   0.17591   0.00000   0.00000   0.13361   0.14582   0.35874   0.23545   0.91945   0.64877   0.89308   0.63182  
166  0.8712  12335.866543  x:  0.99726   0.00000   0.00000   1.34921   0.00000   0.27143   0.16310   0.06536   0.03347   0.31340   0.43854   0.01557   0.00000   0.00000   0.11805   0.11585   0.04994   0.01998   0.08893   0.24983   0.28933   0.19117   0.00000   0.00000   0.00000   0.00000   0.00561   0.00000   0.00524   0.00000   0.11692   0.01120   0.05164   0.14962   0.16019   0.00993   0.05422   0.06563   0.13939   0.14140   0.45101   0.08994   0.20602   0.13506   0.00974   0.00000   0.00000   0.23725   0.72877   0.27979   0.05604   0.15057   0.13084   0.19362   0.01048   0.00000   0.00541   0.04142   0.02384   0.26606   0.19952   0.29002   0.25964   0.00000   0.12344   0.08389   0.02318   0.04631   0.00000   0.00889   0.00335   0.12064   0.12165   0.10791   0.22260   0.00000   0.00828   0.18599   0.22971   0.02185   0.20097   0.02656   0.00199   0.37415   0.00000   0.09353   0.03134   0.05390   0.03601   0.05764   0.24204   0.00535   0.00000   0.03040   0.03559   0.12142   0.14619   0.23024   0.18166   0.28794   0.35638   0.18711   0.20229   0.00000   0.18997   0.41172   0.10811   0.25721   0.11144   0.02491   0.02184   0.10185   0.06357   0.02208   0.40189   0.00689   0.00000   0.11694   0.00000   0.06359   0.07160   0.00744   0.06764   0.03404   0.04726   0.12047   0.07747   0.01494   0.01717   0.01448   0.03924   0.03149   0.00000   0.00000   0.00876   0.16257   0.00000   0.02731   0.03749   0.08462   0.17595   0.00000   0.00000   0.13435   0.14582   0.35882   0.23540   0.91875   0.64876   0.89256   0.63170  
167  0.7422  12335.865585  x:  0.99806   0.00000   0.00000   1.35059   0.00000   0.27131   0.16313   0.06546   0.03367   0.31353   0.43853   0.01552   0.00000   0.00000   0.11804   0.11581   0.04995   0.01996   0.08919   0.24997   0.28948   0.19122   0.00000   0.00000   0.00000   0.00000   0.00561   0.00000   0.00522   0.00000   0.11672   0.01120   0.05163   0.14974   0.16015   0.00986   0.05422   0.06565   0.13930   0.14143   0.45101   0.08993   0.20621   0.13504   0.00973   0.00000   0.00000   0.23707   0.72853   0.27995   0.05603   0.15057   0.13108   0.19381   0.01040   0.00000   0.00541   0.04142   0.02384   0.26624   0.19939   0.28986   0.25955   0.00000   0.12335   0.08388   0.02318   0.04631   0.00000   0.00888   0.00334   0.12069   0.12163   0.10793   0.22263   0.00000   0.00828   0.18586   0.22987   0.02185   0.20102   0.02653   0.00201   0.37424   0.00000   0.09354   0.03134   0.05390   0.03601   0.05765   0.24198   0.00533   0.00000   0.03040   0.03560   0.12151   0.14620   0.23014   0.18164   0.28776   0.35637   0.18700   0.20235   0.00000   0.18952   0.41180   0.10826   0.25715   0.11152   0.02491   0.02183   0.10183   0.06356   0.02208   0.40172   0.00690   0.00000   0.11695   0.00000   0.06356   0.07168   0.00742   0.06761   0.03407   0.04723   0.12056   0.07750   0.01494   0.01717   0.01447   0.03924   0.03149   0.00000   0.00000   0.00876   0.16246   0.00000   0.02735   0.03748   0.08484   0.17601   0.00000   0.00000   0.13696   0.14557   0.35880   0.23542   0.91624   0.64875   0.89111   0.63182  
168  1.0190  12335.865034  x:  0.99853   0.00000   0.00000   1.35139   0.00000   0.27124   0.16314   0.06541   0.03345   0.31361   0.43851   0.01562   0.00000   0.00000   0.11793   0.11592   0.04995   0.01997   0.08906   0.24976   0.28945   0.19114   0.00000   0.00000   0.00000   0.00000   0.00562   0.00000   0.00520   0.00000   0.11689   0.01120   0.05163   0.14973   0.16014   0.00982   0.05422   0.06565   0.13953   0.14142   0.45101   0.08995   0.20610   0.13500   0.00973   0.00000   0.00000   0.23700   0.72839   0.27986   0.05605   0.15051   0.13084   0.19364   0.01036   0.00000   0.00540   0.04141   0.02385   0.26613   0.19938   0.28992   0.25953   0.00000   0.12339   0.08387   0.02319   0.04632   0.00000   0.00888   0.00334   0.12066   0.12158   0.10792   0.22266   0.00000   0.00827   0.18580   0.22984   0.02186   0.20097   0.02653   0.00202   0.37471   0.00000   0.09355   0.03135   0.05390   0.03601   0.05767   0.24200   0.00532   0.00000   0.03040   0.03559   0.12148   0.14624   0.23009   0.18170   0.28782   0.35623   0.18702   0.20226   0.00000   0.18977   0.41184   0.10812   0.25733   0.11163   0.02491   0.02182   0.10170   0.06355   0.02209   0.40161   0.00690   0.00000   0.11693   0.00000   0.06356   0.07161   0.00741   0.06763   0.03408   0.04722   0.12047   0.07746   0.01494   0.01717   0.01448   0.03925   0.03149   0.00000   0.00000   0.00876   0.16262   0.00000   0.02728   0.03751   0.08466   0.17596   0.00000   0.00000   0.13854   0.14563   0.35873   0.23546   0.91455   0.64876   0.89029   0.63184  
169  1.6245  12335.864940  x:  0.99862   0.00000   0.00000   1.35152   0.00000   0.27123   0.16315   0.06539   0.03344   0.31363   0.43851   0.01565   0.00000   0.00000   0.11803   0.11584   0.04995   0.01997   0.08911   0.24969   0.28940   0.19111   0.00000   0.00000   0.00000   0.00000   0.00562   0.00000   0.00520   0.00000   0.11680   0.01120   0.05163   0.14970   0.16016   0.00981   0.05422   0.06566   0.13942   0.14141   0.45101   0.08994   0.20603   0.13505   0.00973   0.00000   0.00000   0.23706   0.72837   0.27979   0.05604   0.15055   0.13092   0.19361   0.01035   0.00000   0.00540   0.04141   0.02385   0.26605   0.19942   0.28998   0.25957   0.00000   0.12339   0.08387   0.02319   0.04632   0.00000   0.00888   0.00333   0.12068   0.12163   0.10793   0.22266   0.00000   0.00826   0.18584   0.22978   0.02186   0.20094   0.02653   0.00202   0.37485   0.00000   0.09355   0.03135   0.05390   0.03601   0.05767   0.24202   0.00532   0.00000   0.03040   0.03559   0.12148   0.14622   0.23013   0.18171   0.28792   0.35619   0.18704   0.20223   0.00000   0.18988   0.41185   0.10805   0.25739   0.11154   0.02490   0.02182   0.10179   0.06358   0.02209   0.40159   0.00690   0.00000   0.11692   0.00000   0.06355   0.07164   0.00740   0.06762   0.03408   0.04721   0.12046   0.07748   0.01494   0.01717   0.01447   0.03925   0.03149   0.00000   0.00000   0.00876   0.16270   0.00000   0.02725   0.03751   0.08470   0.17594   0.00000   0.00000   0.13876   0.14572   0.35871   0.23545   0.91415   0.64876   0.89021   0.63178  
170  0.5604  12335.864886  x:  0.99869   0.00000   0.00000   1.35161   0.00000   0.27124   0.16315   0.06539   0.03354   0.31365   0.43848   0.01566   0.00000   0.00000   0.11794   0.11591   0.04995   0.01997   0.08912   0.24971   0.28935   0.19113   0.00000   0.00000   0.00000   0.00000   0.00562   0.00000   0.00520   0.00000   0.11688   0.01120   0.05163   0.14973   0.16016   0.00981   0.05422   0.06566   0.13940   0.14142   0.45101   0.08994   0.20603   0.13505   0.00973   0.00000   0.00000   0.23715   0.72837   0.27975   0.05604   0.15056   0.13096   0.19367   0.01036   0.00000   0.00540   0.04141   0.02385   0.26600   0.19945   0.29003   0.25961   0.00000   0.12338   0.08387   0.02319   0.04632   0.00000   0.00888   0.00333   0.12067   0.12160   0.10790   0.22266   0.00000   0.00825   0.18587   0.22972   0.02186   0.20093   0.02653   0.00201   0.37489   0.00000   0.09355   0.03135   0.05390   0.03601   0.05767   0.24203   0.00532   0.00000   0.03040   0.03559   0.12150   0.14621   0.23019   0.18170   0.28805   0.35618   0.18704   0.20225   0.00000   0.18982   0.41186   0.10804   0.25739   0.11152   0.02490   0.02182   0.10180   0.06358   0.02209   0.40159   0.00690   0.00000   0.11692   0.00000   0.06355   0.07161   0.00741   0.06763   0.03408   0.04722   0.12049   0.07747   0.01494   0.01717   0.01447   0.03925   0.03149   0.00000   0.00000   0.00875   0.16275   0.00000   0.02723   0.03750   0.08474   0.17593   0.00000   0.00000   0.13872   0.14575   0.35870   0.23543   0.91362   0.64876   0.89032   0.63171  
171  0.2080  12335.864720  x:  0.99896   0.00000   0.00000   1.35188   0.00000   0.27127   0.16315   0.06536   0.03356   0.31371   0.43839   0.01566   0.00000   0.00000   0.11805   0.11582   0.04995   0.01997   0.08907   0.24979   0.28927   0.19116   0.00000   0.00000   0.00000   0.00000   0.00561   0.00000   0.00520   0.00000   0.11674   0.01119   0.05163   0.14973   0.16016   0.00983   0.05422   0.06566   0.13952   0.14142   0.45102   0.08994   0.20609   0.13502   0.00973   0.00000   0.00000   0.23721   0.72839   0.27974   0.05605   0.15053   0.13084   0.19372   0.01037   0.00000   0.00540   0.04141   0.02385   0.26599   0.19944   0.29007   0.25967   0.00000   0.12342   0.08387   0.02319   0.04632   0.00000   0.00888   0.00332   0.12069   0.12162   0.10797   0.22267   0.00000   0.00825   0.18589   0.22972   0.02187   0.20094   0.02653   0.00201   0.37491   0.00000   0.09356   0.03135   0.05390   0.03601   0.05767   0.24202   0.00533   0.00000   0.03040   0.03559   0.12147   0.14624   0.23025   0.18169   0.28823   0.35620   0.18702   0.20228   0.00000   0.18969   0.41190   0.10806   0.25733   0.11162   0.02491   0.02182   0.10172   0.06357   0.02209   0.40161   0.00690   0.00000   0.11693   0.00000   0.06355   0.07166   0.00741   0.06762   0.03409   0.04721   0.12052   0.07748   0.01494   0.01717   0.01447   0.03925   0.03149   0.00000   0.00000   0.00876   0.16280   0.00000   0.02721   0.03751   0.08465   0.17595   0.00000   0.00000   0.13838   0.14572   0.35870   0.23542   0.91165   0.64875   0.89089   0.63169  
172  0.4772  12335.864496  x:  0.99933   0.00000   0.00000   1.35225   0.00000   0.27132   0.16315   0.06534   0.03340   0.31380   0.43825   0.01564   0.00000   0.00000   0.11803   0.11585   0.04994   0.01997   0.08913   0.24982   0.28933   0.19113   0.00000   0.00000   0.00000   0.00000   0.00560   0.00000   0.00520   0.00000   0.11687   0.01119   0.05163   0.14969   0.16018   0.00984   0.05421   0.06565   0.13943   0.14140   0.45104   0.08993   0.20609   0.13506   0.00973   0.00000   0.00000   0.23708   0.72841   0.27981   0.05604   0.15055   0.13093   0.19361   0.01038   0.00000   0.00541   0.04141   0.02385   0.26607   0.19940   0.29001   0.25962   0.00000   0.12338   0.08387   0.02320   0.04631   0.00000   0.00888   0.00331   0.12069   0.12163   0.10789   0.22271   0.00000   0.00825   0.18584   0.22982   0.02187   0.20096   0.02652   0.00200   0.37486   0.00000   0.09355   0.03135   0.05390   0.03601   0.05767   0.24199   0.00533   0.00000   0.03040   0.03559   0.12148   0.14623   0.23016   0.18171   0.28816   0.35623   0.18704   0.20226   0.00000   0.18982   0.41195   0.10811   0.25731   0.11155   0.02491   0.02182   0.10177   0.06358   0.02208   0.40164   0.00690   0.00000   0.11693   0.00000   0.06355   0.07163   0.00742   0.06763   0.03409   0.04721   0.12045   0.07749   0.01494   0.01717   0.01447   0.03924   0.03149   0.00000   0.00000   0.00876   0.16275   0.00000   0.02723   0.03751   0.08471   0.17596   0.00000   0.00000   0.13785   0.14567   0.35871   0.23545   0.90892   0.64874   0.89171   0.63181  
173  1.3105  12335.864466  x:  0.99937   0.00000   0.00000   1.35230   0.00000   0.27132   0.16315   0.06538   0.03348   0.31381   0.43823   0.01565   0.00000   0.00000   0.11797   0.11587   0.04995   0.01997   0.08908   0.24975   0.28938   0.19113   0.00000   0.00000   0.00000   0.00000   0.00560   0.00000   0.00520   0.00000   0.11680   0.01119   0.05163   0.14973   0.16017   0.00984   0.05421   0.06565   0.13943   0.14141   0.45105   0.08993   0.20605   0.13505   0.00973   0.00000   0.00000   0.23708   0.72841   0.27982   0.05604   0.15056   0.13093   0.19363   0.01039   0.00000   0.00541   0.04141   0.02385   0.26607   0.19942   0.28997   0.25960   0.00000   0.12339   0.08387   0.02320   0.04631   0.00000   0.00888   0.00331   0.12070   0.12161   0.10794   0.22272   0.00000   0.00825   0.18585   0.22982   0.02187   0.20095   0.02652   0.00200   0.37484   0.00000   0.09355   0.03135   0.05390   0.03601   0.05767   0.24200   0.00533   0.00000   0.03040   0.03559   0.12149   0.14622   0.23014   0.18171   0.28803   0.35622   0.18705   0.20225   0.00000   0.18986   0.41195   0.10807   0.25735   0.11154   0.02491   0.02182   0.10179   0.06359   0.02208   0.40164   0.00690   0.00000   0.11693   0.00000   0.06355   0.07164   0.00742   0.06762   0.03409   0.04721   0.12047   0.07747   0.01494   0.01717   0.01447   0.03924   0.03149   0.00000   0.00000   0.00876   0.16271   0.00000   0.02725   0.03751   0.08470   0.17595   0.00000   0.00000   0.13778   0.14571   0.35871   0.23546   0.90858   0.64874   0.89182   0.63180  
174  0.3505  12335.864456  x:  0.99938   0.00000   0.00000   1.35232   0.00000   0.27133   0.16316   0.06541   0.03350   0.31381   0.43823   0.01567   0.00000   0.00000   0.11802   0.11585   0.04994   0.01997   0.08912   0.24972   0.28942   0.19113   0.00000   0.00000   0.00000   0.00000   0.00560   0.00000   0.00520   0.00000   0.11684   0.01119   0.05163   0.14972   0.16017   0.00984   0.05421   0.06565   0.13945   0.14141   0.45105   0.08993   0.20603   0.13505   0.00973   0.00000   0.00000   0.23710   0.72842   0.27981   0.05604   0.15055   0.13092   0.19365   0.01039   0.00000   0.00541   0.04141   0.02385   0.26607   0.19944   0.28995   0.25959   0.00000   0.12339   0.08387   0.02320   0.04631   0.00000   0.00888   0.00332   0.12069   0.12162   0.10792   0.22272   0.00000   0.00825   0.18586   0.22981   0.02187   0.20095   0.02652   0.00200   0.37483   0.00000   0.09355   0.03135   0.05390   0.03601   0.05767   0.24201   0.00533   0.00000   0.03040   0.03559   0.12148   0.14622   0.23015   0.18171   0.28796   0.35621   0.18704   0.20225   0.00000   0.18985   0.41196   0.10805   0.25737   0.11155   0.02491   0.02182   0.10177   0.06359   0.02208   0.40164   0.00689   0.00000   0.11693   0.00000   0.06355   0.07163   0.00742   0.06763   0.03409   0.04721   0.12048   0.07748   0.01494   0.01717   0.01447   0.03924   0.03149   0.00000   0.00000   0.00876   0.16270   0.00000   0.02725   0.03751   0.08469   0.17594   0.00000   0.00000   0.13776   0.14574   0.35872   0.23546   0.90851   0.64874   0.89184   0.63179  
175  0.1063  12335.864407  x:  0.99942   0.00000   0.00000   1.35244   0.00000   0.27134   0.16316   0.06541   0.03335   0.31378   0.43820   0.01569   0.00000   0.00000   0.11798   0.11589   0.04994   0.01997   0.08908   0.24966   0.28949   0.19116   0.00000   0.00000   0.00000   0.00000   0.00560   0.00000   0.00520   0.00000   0.11681   0.01119   0.05163   0.14966   0.16018   0.00984   0.05421   0.06566   0.13942   0.14138   0.45105   0.08992   0.20609   0.13508   0.00973   0.00000   0.00000   0.23718   0.72843   0.27977   0.05604   0.15053   0.13094   0.19365   0.01038   0.00000   0.00541   0.04141   0.02385   0.26602   0.19943   0.28993   0.25964   0.00000   0.12338   0.08386   0.02320   0.04631   0.00000   0.00889   0.00332   0.12069   0.12167   0.10792   0.22269   0.00000   0.00826   0.18588   0.22976   0.02187   0.20096   0.02652   0.00200   0.37482   0.00000   0.09355   0.03135   0.05390   0.03601   0.05767   0.24203   0.00533   0.00000   0.03040   0.03559   0.12149   0.14624   0.23022   0.18170   0.28786   0.35618   0.18702   0.20228   0.00000   0.18974   0.41198   0.10801   0.25744   0.11157   0.02491   0.02182   0.10176   0.06359   0.02208   0.40164   0.00689   0.00000   0.11693   0.00000   0.06356   0.07163   0.00742   0.06763   0.03409   0.04721   0.12047   0.07747   0.01494   0.01717   0.01447   0.03924   0.03149   0.00000   0.00000   0.00876   0.16267   0.00000   0.02726   0.03751   0.08472   0.17594   0.00000   0.00000   0.13774   0.14573   0.35872   0.23545   0.90849   0.64875   0.89186   0.63175  
176  0.0378  12335.863749  x:  0.99983   0.00000   0.00000   1.35413   0.00000   0.27154   0.16325   0.06548   0.03323   0.31340   0.43784   0.01567   0.00000   0.00000   0.11797   0.11572   0.04996   0.01998   0.08912   0.24973   0.28971   0.19113   0.00000   0.00000   0.00000   0.00000   0.00554   0.00000   0.00523   0.00000   0.11689   0.01116   0.05163   0.14997   0.16013   0.00982   0.05421   0.06567   0.13941   0.14159   0.45106   0.08994   0.20632   0.13495   0.00973   0.00000   0.00000   0.23732   0.72865   0.27961   0.05604   0.15062   0.13091   0.19347   0.01035   0.00000   0.00541   0.04141   0.02387   0.26584   0.19927   0.29001   0.25987   0.00000   0.12353   0.08385   0.02322   0.04631   0.00000   0.00891   0.00332   0.12067   0.12127   0.10803   0.22256   0.00000   0.00825   0.18584   0.22965   0.02188   0.20096   0.02653   0.00201   0.37479   0.00000   0.09356   0.03135   0.05390   0.03601   0.05770   0.24202   0.00532   0.00000   0.03041   0.03560   0.12150   0.14611   0.23037   0.18168   0.28773   0.35613   0.18703   0.20226   0.00000   0.18973   0.41225   0.10806   0.25759   0.11138   0.02493   0.02183   0.10192   0.06362   0.02206   0.40174   0.00690   0.00000   0.11690   0.00000   0.06354   0.07173   0.00742   0.06760   0.03412   0.04716   0.12037   0.07748   0.01494   0.01716   0.01447   0.03924   0.03149   0.00000   0.00000   0.00877   0.16264   0.00000   0.02726   0.03754   0.08461   0.17603   0.00000   0.00000   0.13755   0.14551   0.35873   0.23543   0.90879   0.64879   0.89195   0.63179  
177  0.1318  12335.862043  x:  1.00088   0.00000   0.00000   1.35848   0.00000   0.27205   0.16351   0.06557   0.03366   0.31245   0.43689   0.01568   0.00000   0.00000   0.11810   0.11599   0.04993   0.02000   0.08908   0.24986   0.28967   0.19098   0.00000   0.00000   0.00000   0.00000   0.00537   0.00000   0.00532   0.00000   0.11681   0.01111   0.05161   0.14971   0.16003   0.00978   0.05421   0.06572   0.13944   0.14144   0.45107   0.08997   0.20618   0.13490   0.00974   0.00000   0.00000   0.23714   0.72924   0.27955   0.05605   0.15049   0.13084   0.19350   0.01026   0.00000   0.00544   0.04139   0.02388   0.26577   0.19926   0.29016   0.25988   0.00000   0.12327   0.08383   0.02326   0.04631   0.00000   0.00893   0.00331   0.12070   0.12177   0.10792   0.22256   0.00000   0.00823   0.18574   0.22973   0.02190   0.20091   0.02655   0.00202   0.37477   0.00000   0.09356   0.03134   0.05388   0.03602   0.05777   0.24196   0.00530   0.00000   0.03042   0.03564   0.12149   0.14619   0.23025   0.18168   0.28786   0.35610   0.18699   0.20209   0.00000   0.18998   0.41294   0.10820   0.25747   0.11153   0.02497   0.02183   0.10181   0.06360   0.02202   0.40199   0.00688   0.00000   0.11683   0.00000   0.06353   0.07150   0.00745   0.06767   0.03415   0.04708   0.12041   0.07748   0.01494   0.01716   0.01447   0.03924   0.03148   0.00000   0.00000   0.00879   0.16266   0.00000   0.02726   0.03754   0.08475   0.17606   0.00000   0.00000   0.13707   0.14548   0.35873   0.23542   0.90966   0.64890   0.89215   0.63189  
178  1.5480  12335.861714  x:  1.00108   0.00000   0.00000   1.35932   0.00000   0.27215   0.16355   0.06544   0.03349   0.31231   0.43671   0.01572   0.00000   0.00000   0.11796   0.11583   0.04995   0.02000   0.08910   0.24973   0.28945   0.19100   0.00000   0.00000   0.00000   0.00000   0.00534   0.00000   0.00534   0.00000   0.11687   0.01110   0.05161   0.14959   0.16006   0.00977   0.05421   0.06573   0.13937   0.14143   0.45107   0.08996   0.20600   0.13496   0.00973   0.00000   0.00000   0.23707   0.72935   0.27967   0.05605   0.15043   0.13089   0.19365   0.01025   0.00000   0.00544   0.04139   0.02387   0.26591   0.19938   0.29010   0.25963   0.00000   0.12345   0.08382   0.02327   0.04631   0.00000   0.00894   0.00331   0.12066   0.12162   0.10794   0.22267   0.00000   0.00822   0.18574   0.22981   0.02190   0.20090   0.02655   0.00202   0.37477   0.00000   0.09356   0.03134   0.05388   0.03602   0.05778   0.24199   0.00529   0.00000   0.03043   0.03565   0.12149   0.14624   0.23015   0.18169   0.28793   0.35611   0.18695   0.20211   0.00000   0.18981   0.41308   0.10816   0.25730   0.11156   0.02498   0.02183   0.10179   0.06361   0.02201   0.40203   0.00687   0.00000   0.11682   0.00000   0.06351   0.07167   0.00745   0.06762   0.03418   0.04704   0.12047   0.07746   0.01494   0.01716   0.01447   0.03924   0.03148   0.00000   0.00000   0.00880   0.16267   0.00000   0.02724   0.03756   0.08474   0.17598   0.00000   0.00000   0.13698   0.14570   0.35873   0.23544   0.90984   0.64892   0.89219   0.63180  
179  1.0322  12335.861683  x:  1.00110   0.00000   0.00000   1.35939   0.00000   0.27216   0.16355   0.06539   0.03344   0.31233   0.43669   0.01573   0.00000   0.00000   0.11801   0.11588   0.04994   0.01999   0.08913   0.24967   0.28936   0.19102   0.00000   0.00000   0.00000   0.00000   0.00534   0.00000   0.00534   0.00000   0.11685   0.01109   0.05161   0.14965   0.16006   0.00977   0.05421   0.06573   0.13938   0.14147   0.45107   0.08996   0.20600   0.13494   0.00973   0.00000   0.00000   0.23709   0.72936   0.27971   0.05605   0.15045   0.13088   0.19364   0.01024   0.00000   0.00545   0.04139   0.02387   0.26595   0.19939   0.29006   0.25956   0.00000   0.12340   0.08382   0.02327   0.04631   0.00000   0.00894   0.00331   0.12067   0.12161   0.10796   0.22269   0.00000   0.00822   0.18574   0.22981   0.02190   0.20090   0.02655   0.00202   0.37477   0.00000   0.09356   0.03134   0.05388   0.03602   0.05778   0.24200   0.00529   0.00000   0.03043   0.03565   0.12149   0.14621   0.23014   0.18169   0.28793   0.35611   0.18695   0.20213   0.00000   0.18975   0.41309   0.10813   0.25726   0.11153   0.02498   0.02183   0.10183   0.06362   0.02201   0.40203   0.00687   0.00000   0.11682   0.00000   0.06352   0.07159   0.00745   0.06764   0.03417   0.04705   0.12046   0.07747   0.01494   0.01716   0.01447   0.03924   0.03148   0.00000   0.00000   0.00880   0.16267   0.00000   0.02725   0.03756   0.08473   0.17596   0.00000   0.00000   0.13697   0.14574   0.35873   0.23544   0.90985   0.64892   0.89220   0.63178  
180  0.2735  12335.861676  x:  1.00110   0.00000   0.00000   1.35940   0.00000   0.27216   0.16356   0.06537   0.03347   0.31242   0.43669   0.01574   0.00000   0.00000   0.11801   0.11588   0.04995   0.01999   0.08913   0.24963   0.28931   0.19102   0.00000   0.00000   0.00000   0.00000   0.00534   0.00000   0.00534   0.00000   0.11686   0.01109   0.05161   0.14966   0.16005   0.00977   0.05421   0.06573   0.13939   0.14146   0.45107   0.08996   0.20604   0.13493   0.00973   0.00000   0.00000   0.23711   0.72936   0.27973   0.05605   0.15045   0.13087   0.19361   0.01024   0.00000   0.00545   0.04139   0.02387   0.26597   0.19937   0.29003   0.25955   0.00000   0.12340   0.08382   0.02327   0.04631   0.00000   0.00894   0.00331   0.12067   0.12164   0.10794   0.22268   0.00000   0.00822   0.18573   0.22980   0.02190   0.20091   0.02655   0.00202   0.37477   0.00000   0.09356   0.03134   0.05388   0.03602   0.05778   0.24201   0.00529   0.00000   0.03043   0.03565   0.12149   0.14621   0.23016   0.18169   0.28792   0.35611   0.18695   0.20213   0.00000   0.18976   0.41309   0.10812   0.25725   0.11153   0.02498   0.02183   0.10183   0.06362   0.02201   0.40203   0.00687   0.00000   0.11682   0.00000   0.06351   0.07163   0.00745   0.06763   0.03417   0.04704   0.12044   0.07747   0.01494   0.01715   0.01447   0.03924   0.03148   0.00000   0.00000   0.00880   0.16267   0.00000   0.02724   0.03756   0.08474   0.17596   0.00000   0.00000   0.13697   0.14572   0.35873   0.23545   0.90986   0.64892   0.89220   0.63178  
181  0.0770  12335.861660  x:  1.00109   0.00000   0.00000   1.35940   0.00000   0.27216   0.16357   0.06534   0.03351   0.31281   0.43668   0.01574   0.00000   0.00000   0.11800   0.11586   0.04995   0.01999   0.08915   0.24961   0.28925   0.19101   0.00000   0.00000   0.00000   0.00000   0.00534   0.00000   0.00534   0.00000   0.11685   0.01109   0.05161   0.14962   0.16006   0.00977   0.05421   0.06573   0.13937   0.14145   0.45107   0.08996   0.20607   0.13495   0.00973   0.00000   0.00000   0.23714   0.72937   0.27974   0.05605   0.15044   0.13089   0.19361   0.01024   0.00000   0.00545   0.04139   0.02387   0.26599   0.19936   0.28999   0.25956   0.00000   0.12342   0.08382   0.02327   0.04631   0.00000   0.00894   0.00331   0.12066   0.12160   0.10798   0.22267   0.00000   0.00822   0.18573   0.22979   0.02190   0.20091   0.02655   0.00202   0.37477   0.00000   0.09356   0.03134   0.05387   0.03602   0.05778   0.24202   0.00529   0.00000   0.03043   0.03565   0.12149   0.14622   0.23018   0.18169   0.28790   0.35610   0.18695   0.20212   0.00000   0.18979   0.41310   0.10811   0.25726   0.11155   0.02498   0.02183   0.10181   0.06361   0.02201   0.40204   0.00687   0.00000   0.11682   0.00000   0.06352   0.07157   0.00745   0.06765   0.03417   0.04705   0.12045   0.07747   0.01494   0.01715   0.01447   0.03924   0.03148   0.00000   0.00000   0.00880   0.16267   0.00000   0.02725   0.03756   0.08473   0.17597   0.00000   0.00000   0.13696   0.14568   0.35873   0.23545   0.90988   0.64892   0.89220   0.63180  
182  0.0889  12335.861601  x:  1.00107   0.00000   0.00000   1.35938   0.00000   0.27215   0.16359   0.06532   0.03346   0.31438   0.43665   0.01573   0.00000   0.00000   0.11803   0.11591   0.04994   0.02000   0.08912   0.24964   0.28923   0.19101   0.00000   0.00000   0.00000   0.00000   0.00533   0.00000   0.00533   0.00000   0.11686   0.01109   0.05161   0.14964   0.16007   0.00977   0.05421   0.06573   0.13937   0.14148   0.45107   0.08996   0.20601   0.13494   0.00973   0.00000   0.00000   0.23710   0.72939   0.27971   0.05605   0.15042   0.13088   0.19367   0.01024   0.00000   0.00545   0.04139   0.02387   0.26596   0.19938   0.28998   0.25962   0.00000   0.12337   0.08382   0.02327   0.04631   0.00000   0.00894   0.00331   0.12067   0.12159   0.10796   0.22266   0.00000   0.00822   0.18574   0.22979   0.02190   0.20090   0.02656   0.00202   0.37477   0.00000   0.09356   0.03134   0.05387   0.03602   0.05778   0.24200   0.00529   0.00000   0.03043   0.03565   0.12149   0.14622   0.23017   0.18168   0.28788   0.35609   0.18694   0.20211   0.00000   0.18979   0.41311   0.10814   0.25729   0.11153   0.02498   0.02183   0.10182   0.06361   0.02201   0.40205   0.00687   0.00000   0.11682   0.00000   0.06351   0.07165   0.00745   0.06763   0.03418   0.04704   0.12048   0.07747   0.01494   0.01716   0.01447   0.03924   0.03148   0.00000   0.00000   0.00880   0.16267   0.00000   0.02725   0.03756   0.08473   0.17598   0.00000   0.00000   0.13696   0.14569   0.35873   0.23544   0.90997   0.64893   0.89221   0.63181  
183  0.3325  12335.861581  x:  1.00107   0.00000   0.00000   1.35937   0.00000   0.27214   0.16360   0.06535   0.03346   0.31487   0.43664   0.01573   0.00000   0.00000   0.11800   0.11586   0.04995   0.01999   0.08913   0.24966   0.28930   0.19102   0.00000   0.00000   0.00000   0.00000   0.00533   0.00000   0.00533   0.00000   0.11685   0.01109   0.05161   0.14966   0.16005   0.00977   0.05421   0.06573   0.13938   0.14146   0.45107   0.08997   0.20601   0.13492   0.00973   0.00000   0.00000   0.23709   0.72940   0.27971   0.05605   0.15045   0.13087   0.19364   0.01024   0.00000   0.00545   0.04139   0.02387   0.26595   0.19939   0.29002   0.25959   0.00000   0.12342   0.08382   0.02327   0.04631   0.00000   0.00894   0.00331   0.12067   0.12164   0.10795   0.22267   0.00000   0.00822   0.18574   0.22980   0.02190   0.20090   0.02656   0.00203   0.37477   0.00000   0.09356   0.03134   0.05387   0.03602   0.05778   0.24200   0.00529   0.00000   0.03043   0.03565   0.12149   0.14621   0.23015   0.18168   0.28790   0.35610   0.18694   0.20213   0.00000   0.18976   0.41312   0.10814   0.25727   0.11153   0.02498   0.02183   0.10183   0.06362   0.02201   0.40205   0.00687   0.00000   0.11682   0.00000   0.06352   0.07160   0.00745   0.06764   0.03417   0.04705   0.12046   0.07747   0.01494   0.01716   0.01447   0.03924   0.03148   0.00000   0.00000   0.00880   0.16267   0.00000   0.02725   0.03755   0.08474   0.17597   0.00000   0.00000   0.13696   0.14572   0.35873   0.23544   0.91000   0.64893   0.89221   0.63179  
184  0.4120  12335.861575  x:  1.00106   0.00000   0.00000   1.35936   0.00000   0.27214   0.16361   0.06539   0.03347   0.31498   0.43664   0.01573   0.00000   0.00000   0.11801   0.11588   0.04995   0.01999   0.08913   0.24965   0.28935   0.19102   0.00000   0.00000   0.00000   0.00000   0.00533   0.00000   0.00533   0.00000   0.11685   0.01109   0.05161   0.14964   0.16005   0.00977   0.05421   0.06573   0.13938   0.14146   0.45107   0.08997   0.20603   0.13493   0.00973   0.00000   0.00000   0.23710   0.72941   0.27972   0.05605   0.15045   0.13088   0.19361   0.01024   0.00000   0.00545   0.04139   0.02387   0.26595   0.19938   0.29007   0.25954   0.00000   0.12340   0.08382   0.02327   0.04631   0.00000   0.00894   0.00331   0.12066   0.12162   0.10796   0.22268   0.00000   0.00822   0.18573   0.22981   0.02190   0.20091   0.02656   0.00203   0.37477   0.00000   0.09356   0.03134   0.05387   0.03602   0.05778   0.24201   0.00529   0.00000   0.03043   0.03565   0.12149   0.14621   0.23015   0.18169   0.28792   0.35610   0.18695   0.20213   0.00000   0.18976   0.41312   0.10813   0.25725   0.11153   0.02498   0.02183   0.10182   0.06362   0.02201   0.40205   0.00687   0.00000   0.11682   0.00000   0.06352   0.07161   0.00745   0.06764   0.03417   0.04705   0.12044   0.07747   0.01494   0.01715   0.01447   0.03924   0.03148   0.00000   0.00000   0.00880   0.16267   0.00000   0.02725   0.03756   0.08473   0.17595   0.00000   0.00000   0.13696   0.14573   0.35873   0.23544   0.91001   0.64893   0.89221   0.63178  
185  0.0962  12335.861554  x:  1.00105   0.00000   0.00000   1.35929   0.00000   0.27215   0.16361   0.06542   0.03344   0.31499   0.43664   0.01574   0.00000   0.00000   0.11800   0.11587   0.04995   0.02000   0.08913   0.24960   0.28941   0.19100   0.00000   0.00000   0.00000   0.00000   0.00532   0.00000   0.00533   0.00000   0.11685   0.01109   0.05161   0.14966   0.16009   0.00977   0.05421   0.06573   0.13938   0.14150   0.45107   0.08996   0.20606   0.13494   0.00973   0.00000   0.00000   0.23714   0.72942   0.27975   0.05605   0.15040   0.13086   0.19368   0.01024   0.00000   0.00545   0.04138   0.02387   0.26599   0.19936   0.29012   0.25950   0.00000   0.12341   0.08382   0.02327   0.04631   0.00000   0.00894   0.00331   0.12070   0.12164   0.10794   0.22268   0.00000   0.00822   0.18572   0.22980   0.02190   0.20092   0.02656   0.00203   0.37477   0.00000   0.09356   0.03134   0.05387   0.03602   0.05778   0.24203   0.00529   0.00000   0.03043   0.03565   0.12149   0.14622   0.23018   0.18169   0.28795   0.35611   0.18694   0.20211   0.00000   0.18981   0.41312   0.10811   0.25721   0.11152   0.02498   0.02183   0.10184   0.06362   0.02201   0.40206   0.00687   0.00000   0.11682   0.00000   0.06352   0.07160   0.00745   0.06764   0.03417   0.04705   0.12049   0.07746   0.01494   0.01716   0.01447   0.03924   0.03148   0.00000   0.00000   0.00880   0.16268   0.00000   0.02725   0.03755   0.08474   0.17595   0.00000   0.00000   0.13696   0.14568   0.35873   0.23545   0.91001   0.64893   0.89221   0.63180  
186  0.0240  12335.861296  x:  1.00094   0.00000   0.00000   1.35838   0.00000   0.27219   0.16363   0.06546   0.03336   0.31463   0.43666   0.01572   0.00000   0.00000   0.11801   0.11589   0.04995   0.02000   0.08913   0.24942   0.28946   0.19099   0.00000   0.00000   0.00000   0.00000   0.00529   0.00000   0.00528   0.00000   0.11685   0.01109   0.05161   0.14965   0.15991   0.00977   0.05422   0.06572   0.13941   0.14128   0.45108   0.09000   0.20596   0.13482   0.00973   0.00000   0.00000   0.23717   0.72955   0.27984   0.05604   0.15057   0.13093   0.19380   0.01026   0.00000   0.00544   0.04139   0.02386   0.26608   0.19941   0.29022   0.25955   0.00000   0.12340   0.08383   0.02326   0.04631   0.00000   0.00893   0.00332   0.12047   0.12162   0.10801   0.22267   0.00000   0.00822   0.18577   0.22974   0.02190   0.20089   0.02657   0.00204   0.37477   0.00000   0.09356   0.03133   0.05387   0.03602   0.05777   0.24202   0.00530   0.00000   0.03043   0.03564   0.12149   0.14614   0.23025   0.18169   0.28799   0.35608   0.18693   0.20209   0.00000   0.18985   0.41312   0.10815   0.25713   0.11153   0.02498   0.02183   0.10183   0.06361   0.02201   0.40214   0.00688   0.00000   0.11683   0.00000   0.06352   0.07162   0.00745   0.06763   0.03416   0.04706   0.12055   0.07751   0.01494   0.01716   0.01446   0.03924   0.03148   0.00000   0.00000   0.00879   0.16268   0.00000   0.02725   0.03755   0.08472   0.17603   0.00000   0.00000   0.13704   0.14554   0.35871   0.23547   0.91006   0.64892   0.89219   0.63187  
187  0.0752  12335.860781  x:  1.00072   0.00000   0.00000   1.35655   0.00000   0.27229   0.16367   0.06544   0.03347   0.31383   0.43672   0.01566   0.00000   0.00000   0.11800   0.11585   0.04996   0.01999   0.08914   0.24947   0.28934   0.19105   0.00000   0.00000   0.00000   0.00000   0.00522   0.00000   0.00519   0.00000   0.11685   0.01109   0.05162   0.14959   0.15999   0.00978   0.05424   0.06572   0.13934   0.14152   0.45107   0.08999   0.20591   0.13491   0.00974   0.00000   0.00000   0.23707   0.72981   0.27978   0.05605   0.15046   0.13084   0.19357   0.01028   0.00000   0.00544   0.04139   0.02386   0.26602   0.19945   0.29020   0.25966   0.00000   0.12339   0.08384   0.02324   0.04631   0.00000   0.00892   0.00332   0.12072   0.12161   0.10793   0.22265   0.00000   0.00824   0.18582   0.22973   0.02189   0.20088   0.02658   0.00206   0.37478   0.00000   0.09357   0.03132   0.05387   0.03602   0.05775   0.24197   0.00530   0.00000   0.03042   0.03563   0.12147   0.14622   0.23019   0.18167   0.28790   0.35601   0.18696   0.20216   0.00000   0.18973   0.41312   0.10825   0.25715   0.11155   0.02497   0.02183   0.10180   0.06359   0.02201   0.40229   0.00687   0.00000   0.11683   0.00000   0.06353   0.07162   0.00744   0.06763   0.03414   0.04709   0.12041   0.07743   0.01494   0.01716   0.01448   0.03925   0.03148   0.00000   0.00000   0.00878   0.16268   0.00000   0.02725   0.03753   0.08476   0.17604   0.00000   0.00000   0.13720   0.14565   0.35868   0.23544   0.91014   0.64888   0.89214   0.63183  
188  0.7550  12335.860726  x:  1.00070   0.00000   0.00000   1.35635   0.00000   0.27229   0.16368   0.06539   0.03347   0.31374   0.43673   0.01567   0.00000   0.00000   0.11800   0.11587   0.04996   0.01999   0.08913   0.24960   0.28929   0.19104   0.00000   0.00000   0.00000   0.00000   0.00521   0.00000   0.00518   0.00000   0.11685   0.01109   0.05162   0.14962   0.16005   0.00978   0.05424   0.06572   0.13936   0.14148   0.45107   0.09000   0.20603   0.13488   0.00974   0.00000   0.00000   0.23707   0.72984   0.27969   0.05605   0.15039   0.13087   0.19361   0.01028   0.00000   0.00544   0.04139   0.02386   0.26593   0.19939   0.29016   0.25957   0.00000   0.12341   0.08384   0.02324   0.04631   0.00000   0.00892   0.00332   0.12063   0.12163   0.10794   0.22267   0.00000   0.00824   0.18578   0.22976   0.02189   0.20091   0.02657   0.00206   0.37478   0.00000   0.09357   0.03132   0.05387   0.03602   0.05775   0.24199   0.00530   0.00000   0.03043   0.03563   0.12147   0.14622   0.23016   0.18169   0.28785   0.35600   0.18696   0.20215   0.00000   0.18979   0.41312   0.10823   0.25718   0.11153   0.02497   0.02183   0.10182   0.06360   0.02201   0.40230   0.00687   0.00000   0.11683   0.00000   0.06353   0.07162   0.00744   0.06763   0.03413   0.04709   0.12045   0.07750   0.01494   0.01716   0.01447   0.03925   0.03148   0.00000   0.00000   0.00878   0.16268   0.00000   0.02725   0.03753   0.08475   0.17597   0.00000   0.00000   0.13722   0.14573   0.35867   0.23541   0.91015   0.64888   0.89213   0.63180  
189  0.3317  12335.860722  x:  1.00070   0.00000   0.00000   1.35634   0.00000   0.27229   0.16368   0.06538   0.03347   0.31374   0.43673   0.01567   0.00000   0.00000   0.11800   0.11586   0.04996   0.01999   0.08913   0.24963   0.28929   0.19104   0.00000   0.00000   0.00000   0.00000   0.00521   0.00000   0.00518   0.00000   0.11685   0.01109   0.05162   0.14961   0.16003   0.00978   0.05424   0.06572   0.13936   0.14147   0.45107   0.09000   0.20604   0.13488   0.00974   0.00000   0.00000   0.23708   0.72984   0.27968   0.05605   0.15042   0.13086   0.19363   0.01028   0.00000   0.00544   0.04139   0.02386   0.26592   0.19939   0.29015   0.25954   0.00000   0.12340   0.08384   0.02324   0.04631   0.00000   0.00892   0.00332   0.12065   0.12162   0.10794   0.22267   0.00000   0.00824   0.18577   0.22977   0.02189   0.20092   0.02657   0.00206   0.37478   0.00000   0.09357   0.03132   0.05387   0.03602   0.05775   0.24200   0.00530   0.00000   0.03043   0.03563   0.12147   0.14621   0.23016   0.18169   0.28784   0.35600   0.18695   0.20215   0.00000   0.18980   0.41312   0.10822   0.25719   0.11153   0.02497   0.02183   0.10182   0.06360   0.02201   0.40230   0.00687   0.00000   0.11683   0.00000   0.06353   0.07162   0.00744   0.06763   0.03413   0.04709   0.12046   0.07746   0.01494   0.01716   0.01447   0.03925   0.03148   0.00000   0.00000   0.00878   0.16268   0.00000   0.02725   0.03753   0.08475   0.17596   0.00000   0.00000   0.13722   0.14572   0.35867   0.23541   0.91015   0.64888   0.89213   0.63180  
190  0.0852  12335.860722  x:  1.00070   0.00000   0.00000   1.35634   0.00000   0.27229   0.16368   0.06537   0.03347   0.31374   0.43673   0.01568   0.00000   0.00000   0.11800   0.11587   0.04996   0.01999   0.08913   0.24964   0.28929   0.19104   0.00000   0.00000   0.00000   0.00000   0.00521   0.00000   0.00518   0.00000   0.11685   0.01109   0.05162   0.14961   0.16002   0.00978   0.05424   0.06572   0.13936   0.14148   0.45107   0.09000   0.20603   0.13488   0.00974   0.00000   0.00000   0.23709   0.72984   0.27967   0.05605   0.15042   0.13086   0.19363   0.01028   0.00000   0.00544   0.04139   0.02386   0.26591   0.19940   0.29015   0.25953   0.00000   0.12340   0.08384   0.02324   0.04631   0.00000   0.00892   0.00332   0.12065   0.12162   0.10794   0.22267   0.00000   0.00824   0.18577   0.22977   0.02189   0.20092   0.02657   0.00206   0.37478   0.00000   0.09357   0.03132   0.05387   0.03602   0.05775   0.24200   0.00530   0.00000   0.03043   0.03563   0.12147   0.14621   0.23016   0.18169   0.28784   0.35600   0.18696   0.20215   0.00000   0.18979   0.41312   0.10822   0.25719   0.11153   0.02497   0.02183   0.10181   0.06360   0.02201   0.40230   0.00687   0.00000   0.11683   0.00000   0.06353   0.07162   0.00744   0.06763   0.03413   0.04709   0.12046   0.07748   0.01494   0.01716   0.01447   0.03925   0.03148   0.00000   0.00000   0.00878   0.16268   0.00000   0.02725   0.03753   0.08476   0.17596   0.00000   0.00000   0.13722   0.14571   0.35867   0.23541   0.91015   0.64888   0.89213   0.63181  
191  0.0181  12335.860719  x:  1.00070   0.00000   0.00000   1.35632   0.00000   0.27229   0.16367   0.06536   0.03348   0.31374   0.43674   0.01568   0.00000   0.00000   0.11800   0.11586   0.04996   0.01999   0.08913   0.24965   0.28930   0.19104   0.00000   0.00000   0.00000   0.00000   0.00521   0.00000   0.00518   0.00000   0.11685   0.01109   0.05162   0.14962   0.16004   0.00979   0.05424   0.06572   0.13936   0.14148   0.45107   0.09000   0.20600   0.13488   0.00974   0.00000   0.00000   0.23710   0.72983   0.27967   0.05605   0.15041   0.13087   0.19362   0.01028   0.00000   0.00544   0.04139   0.02386   0.26591   0.19941   0.29015   0.25950   0.00000   0.12340   0.08384   0.02324   0.04631   0.00000   0.00892   0.00332   0.12064   0.12162   0.10794   0.22268   0.00000   0.00824   0.18578   0.22977   0.02189   0.20091   0.02657   0.00206   0.37478   0.00000   0.09357   0.03132   0.05387   0.03602   0.05775   0.24201   0.00530   0.00000   0.03043   0.03563   0.12147   0.14621   0.23017   0.18169   0.28784   0.35600   0.18696   0.20215   0.00000   0.18978   0.41311   0.10821   0.25719   0.11153   0.02497   0.02183   0.10182   0.06360   0.02201   0.40229   0.00687   0.00000   0.11683   0.00000   0.06353   0.07162   0.00744   0.06763   0.03413   0.04709   0.12045   0.07746   0.01494   0.01716   0.01447   0.03925   0.03148   0.00000   0.00000   0.00878   0.16268   0.00000   0.02725   0.03753   0.08475   0.17596   0.00000   0.00000   0.13723   0.14568   0.35867   0.23542   0.91015   0.64887   0.89213   0.63182  
192  0.0105  12335.860636  x:  1.00098   0.00000   0.00000   1.35568   0.00000   0.27213   0.16357   0.06521   0.03351   0.31374   0.43701   0.01568   0.00000   0.00000   0.11800   0.11587   0.04996   0.01999   0.08912   0.24964   0.28938   0.19105   0.00000   0.00000   0.00000   0.00000   0.00519   0.00000   0.00519   0.00000   0.11684   0.01110   0.05162   0.14964   0.16008   0.00980   0.05423   0.06571   0.13937   0.14137   0.45106   0.09000   0.20602   0.13487   0.00974   0.00000   0.00000   0.23707   0.72958   0.27970   0.05605   0.15041   0.13086   0.19359   0.01030   0.00000   0.00543   0.04139   0.02386   0.26594   0.19939   0.29012   0.25950   0.00000   0.12340   0.08384   0.02324   0.04631   0.00000   0.00892   0.00331   0.12075   0.12158   0.10793   0.22268   0.00000   0.00824   0.18580   0.22975   0.02189   0.20090   0.02657   0.00208   0.37478   0.00000   0.09356   0.03133   0.05388   0.03602   0.05773   0.24199   0.00529   0.00000   0.03042   0.03562   0.12148   0.14616   0.23018   0.18167   0.28787   0.35604   0.18696   0.20217   0.00000   0.18979   0.41294   0.10817   0.25722   0.11153   0.02496   0.02183   0.10182   0.06360   0.02202   0.40217   0.00687   0.00000   0.11685   0.00000   0.06353   0.07162   0.00744   0.06763   0.03413   0.04711   0.12051   0.07749   0.01494   0.01716   0.01447   0.03925   0.03148   0.00000   0.00000   0.00878   0.16269   0.00000   0.02725   0.03753   0.08475   0.17604   0.00000   0.00000   0.13733   0.14573   0.35868   0.23546   0.91012   0.64887   0.89204   0.63177  
193  0.0246  12335.860585  x:  1.00115   0.00000   0.00000   1.35528   0.00000   0.27204   0.16351   0.06525   0.03350   0.31375   0.43718   0.01567   0.00000   0.00000   0.11800   0.11587   0.04995   0.01999   0.08912   0.24964   0.28937   0.19105   0.00000   0.00000   0.00000   0.00000   0.00518   0.00000   0.00520   0.00000   0.11683   0.01111   0.05162   0.14965   0.16006   0.00980   0.05423   0.06570   0.13938   0.14149   0.45106   0.08997   0.20604   0.13495   0.00974   0.00000   0.00000   0.23707   0.72942   0.27972   0.05605   0.15047   0.13088   0.19363   0.01031   0.00000   0.00543   0.04140   0.02386   0.26596   0.19939   0.29009   0.25954   0.00000   0.12340   0.08384   0.02323   0.04631   0.00000   0.00892   0.00332   0.12064   0.12163   0.10795   0.22268   0.00000   0.00824   0.18579   0.22976   0.02189   0.20091   0.02656   0.00209   0.37478   0.00000   0.09356   0.03133   0.05388   0.03602   0.05773   0.24200   0.00528   0.00000   0.03042   0.03562   0.12148   0.14622   0.23016   0.18169   0.28789   0.35606   0.18697   0.20217   0.00000   0.18980   0.41284   0.10816   0.25724   0.11153   0.02496   0.02183   0.10181   0.06360   0.02203   0.40209   0.00688   0.00000   0.11685   0.00000   0.06353   0.07162   0.00744   0.06763   0.03412   0.04712   0.12048   0.07747   0.01494   0.01716   0.01447   0.03925   0.03148   0.00000   0.00000   0.00878   0.16269   0.00000   0.02725   0.03753   0.08474   0.17599   0.00000   0.00000   0.13739   0.14575   0.35869   0.23545   0.91010   0.64886   0.89199   0.63177  
194  0.3850  12335.860576  x:  1.00118   0.00000   0.00000   1.35521   0.00000   0.27202   0.16350   0.06536   0.03348   0.31375   0.43721   0.01567   0.00000   0.00000   0.11800   0.11587   0.04995   0.01999   0.08912   0.24965   0.28933   0.19105   0.00000   0.00000   0.00000   0.00000   0.00518   0.00000   0.00520   0.00000   0.11683   0.01111   0.05162   0.14965   0.16007   0.00980   0.05422   0.06570   0.13938   0.14146   0.45106   0.08998   0.20602   0.13493   0.00974   0.00000   0.00000   0.23709   0.72940   0.27972   0.05605   0.15046   0.13088   0.19364   0.01031   0.00000   0.00543   0.04140   0.02386   0.26597   0.19941   0.29008   0.25955   0.00000   0.12340   0.08384   0.02323   0.04631   0.00000   0.00892   0.00332   0.12067   0.12162   0.10794   0.22268   0.00000   0.00824   0.18578   0.22978   0.02189   0.20092   0.02656   0.00209   0.37478   0.00000   0.09356   0.03133   0.05388   0.03602   0.05772   0.24201   0.00527   0.00000   0.03042   0.03562   0.12148   0.14622   0.23015   0.18170   0.28789   0.35607   0.18697   0.20216   0.00000   0.18980   0.41282   0.10816   0.25725   0.11153   0.02496   0.02183   0.10181   0.06360   0.02203   0.40207   0.00688   0.00000   0.11685   0.00000   0.06353   0.07162   0.00744   0.06763   0.03412   0.04712   0.12045   0.07747   0.01494   0.01716   0.01447   0.03924   0.03148   0.00000   0.00000   0.00878   0.16269   0.00000   0.02725   0.03753   0.08474   0.17594   0.00000   0.00000   0.13740   0.14573   0.35869   0.23543   0.91010   0.64886   0.89198   0.63178  
195  0.1224  12335.860575  x:  1.00118   0.00000   0.00000   1.35521   0.00000   0.27202   0.16350   0.06537   0.03348   0.31375   0.43721   0.01567   0.00000   0.00000   0.11800   0.11587   0.04995   0.01999   0.08912   0.24965   0.28932   0.19105   0.00000   0.00000   0.00000   0.00000   0.00518   0.00000   0.00520   0.00000   0.11683   0.01111   0.05162   0.14965   0.16007   0.00980   0.05422   0.06570   0.13938   0.14146   0.45106   0.08997   0.20602   0.13494   0.00974   0.00000   0.00000   0.23709   0.72940   0.27972   0.05605   0.15046   0.13088   0.19363   0.01031   0.00000   0.00543   0.04140   0.02386   0.26596   0.19940   0.29008   0.25955   0.00000   0.12340   0.08384   0.02323   0.04631   0.00000   0.00892   0.00332   0.12067   0.12162   0.10795   0.22268   0.00000   0.00824   0.18578   0.22978   0.02189   0.20092   0.02656   0.00209   0.37478   0.00000   0.09356   0.03133   0.05388   0.03602   0.05772   0.24201   0.00527   0.00000   0.03042   0.03562   0.12148   0.14621   0.23015   0.18170   0.28789   0.35607   0.18697   0.20216   0.00000   0.18980   0.41282   0.10815   0.25725   0.11153   0.02496   0.02183   0.10181   0.06360   0.02203   0.40207   0.00688   0.00000   0.11685   0.00000   0.06353   0.07162   0.00744   0.06763   0.03412   0.04712   0.12046   0.07747   0.01494   0.01716   0.01447   0.03924   0.03148   0.00000   0.00000   0.00878   0.16268   0.00000   0.02725   0.03753   0.08474   0.17594   0.00000   0.00000   0.13740   0.14573   0.35869   0.23543   0.91010   0.64886   0.89198   0.63178  
196  0.0221  12335.860575  x:  1.00118   0.00000   0.00000   1.35521   0.00000   0.27202   0.16350   0.06538   0.03348   0.31375   0.43721   0.01567   0.00000   0.00000   0.11800   0.11587   0.04995   0.01999   0.08912   0.24965   0.28932   0.19105   0.00000   0.00000   0.00000   0.00000   0.00518   0.00000   0.00520   0.00000   0.11683   0.01111   0.05162   0.14965   0.16007   0.00980   0.05422   0.06570   0.13938   0.14146   0.45106   0.08997   0.20602   0.13494   0.00974   0.00000   0.00000   0.23709   0.72940   0.27972   0.05605   0.15046   0.13088   0.19363   0.01031   0.00000   0.00543   0.04140   0.02386   0.26596   0.19940   0.29008   0.25955   0.00000   0.12340   0.08384   0.02323   0.04631   0.00000   0.00892   0.00332   0.12067   0.12162   0.10795   0.22268   0.00000   0.00824   0.18578   0.22978   0.02189   0.20092   0.02656   0.00209   0.37478   0.00000   0.09356   0.03133   0.05388   0.03602   0.05772   0.24201   0.00527   0.00000   0.03042   0.03562   0.12148   0.14621   0.23015   0.18170   0.28789   0.35607   0.18697   0.20216   0.00000   0.18980   0.41282   0.10815   0.25725   0.11153   0.02496   0.02183   0.10181   0.06360   0.02203   0.40207   0.00688   0.00000   0.11685   0.00000   0.06353   0.07162   0.00744   0.06763   0.03412   0.04712   0.12046   0.07747   0.01494   0.01716   0.01447   0.03924   0.03148   0.00000   0.00000   0.00878   0.16268   0.00000   0.02725   0.03753   0.08474   0.17595   0.00000   0.00000   0.13740   0.14573   0.35869   0.23543   0.91010   0.64886   0.89198   0.63178  
197  0.0047  12335.860575  x:  1.00117   0.00000   0.00000   1.35521   0.00000   0.27202   0.16350   0.06538   0.03348   0.31375   0.43721   0.01567   0.00000   0.00000   0.11800   0.11587   0.04995   0.01999   0.08912   0.24965   0.28932   0.19105   0.00000   0.00000   0.00000   0.00000   0.00518   0.00000   0.00520   0.00000   0.11683   0.01111   0.05162   0.14965   0.16007   0.00980   0.05422   0.06570   0.13938   0.14146   0.45106   0.08997   0.20602   0.13494   0.00974   0.00000   0.00000   0.23709   0.72939   0.27972   0.05605   0.15046   0.13088   0.19363   0.01031   0.00000   0.00543   0.04140   0.02386   0.26596   0.19940   0.29008   0.25954   0.00000   0.12340   0.08384   0.02323   0.04631   0.00000   0.00892   0.00332   0.12067   0.12162   0.10795   0.22268   0.00000   0.00824   0.18578   0.22978   0.02189   0.20092   0.02656   0.00209   0.37478   0.00000   0.09356   0.03133   0.05388   0.03602   0.05773   0.24201   0.00527   0.00000   0.03042   0.03562   0.12148   0.14621   0.23015   0.18170   0.28789   0.35607   0.18697   0.20216   0.00000   0.18980   0.41282   0.10815   0.25725   0.11153   0.02496   0.02183   0.10181   0.06360   0.02203   0.40207   0.00688   0.00000   0.11685   0.00000   0.06353   0.07162   0.00744   0.06763   0.03412   0.04712   0.12045   0.07747   0.01494   0.01716   0.01447   0.03924   0.03148   0.00000   0.00000   0.00878   0.16269   0.00000   0.02725   0.03753   0.08474   0.17595   0.00000   0.00000   0.13740   0.14573   0.35869   0.23543   0.91010   0.64886   0.89198   0.63178  
198  0.0015  12335.860572  x:  1.00096   0.00000   0.00000   1.35511   0.00000   0.27197   0.16349   0.06538   0.03347   0.31375   0.43723   0.01567   0.00000   0.00000   0.11800   0.11587   0.04995   0.01999   0.08912   0.24965   0.28932   0.19106   0.00000   0.00000   0.00000   0.00000   0.00518   0.00000   0.00520   0.00000   0.11683   0.01111   0.05162   0.14965   0.16007   0.00980   0.05422   0.06570   0.13938   0.14146   0.45105   0.08997   0.20603   0.13494   0.00974   0.00000   0.00000   0.23710   0.72934   0.27973   0.05605   0.15046   0.13088   0.19362   0.01030   0.00000   0.00543   0.04140   0.02386   0.26596   0.19942   0.29008   0.25954   0.00000   0.12340   0.08384   0.02323   0.04631   0.00000   0.00892   0.00332   0.12067   0.12162   0.10795   0.22267   0.00000   0.00824   0.18578   0.22977   0.02189   0.20093   0.02655   0.00210   0.37478   0.00000   0.09356   0.03133   0.05388   0.03602   0.05773   0.24200   0.00528   0.00000   0.03042   0.03562   0.12148   0.14621   0.23014   0.18171   0.28790   0.35608   0.18698   0.20216   0.00000   0.18980   0.41274   0.10816   0.25725   0.11153   0.02496   0.02183   0.10181   0.06360   0.02203   0.40205   0.00688   0.00000   0.11685   0.00000   0.06353   0.07162   0.00744   0.06763   0.03413   0.04712   0.12047   0.07747   0.01494   0.01716   0.01447   0.03924   0.03148   0.00000   0.00000   0.00878   0.16268   0.00000   0.02725   0.03753   0.08474   0.17595   0.00000   0.00000   0.13733   0.14573   0.35870   0.23545   0.91007   0.64888   0.89200   0.63179  
199  0.0049  12335.860571  x:  1.00090   0.00000   0.00000   1.35508   0.00000   0.27195   0.16349   0.06537   0.03347   0.31375   0.43724   0.01567   0.00000   0.00000   0.11800   0.11587   0.04995   0.01999   0.08912   0.24965   0.28932   0.19106   0.00000   0.00000   0.00000   0.00000   0.00518   0.00000   0.00520   0.00000   0.11683   0.01112   0.05162   0.14965   0.16007   0.00980   0.05422   0.06570   0.13938   0.14146   0.45105   0.08997   0.20602   0.13494   0.00973   0.00000   0.00000   0.23710   0.72933   0.27972   0.05605   0.15046   0.13088   0.19363   0.01030   0.00000   0.00543   0.04140   0.02386   0.26596   0.19940   0.29008   0.25955   0.00000   0.12340   0.08384   0.02324   0.04631   0.00000   0.00892   0.00332   0.12067   0.12162   0.10795   0.22268   0.00000   0.00824   0.18578   0.22978   0.02189   0.20092   0.02655   0.00210   0.37478   0.00000   0.09356   0.03133   0.05388   0.03602   0.05773   0.24201   0.00528   0.00000   0.03042   0.03562   0.12148   0.14621   0.23015   0.18169   0.28790   0.35608   0.18698   0.20217   0.00000   0.18980   0.41272   0.10816   0.25725   0.11153   0.02496   0.02183   0.10181   0.06360   0.02203   0.40205   0.00688   0.00000   0.11685   0.00000   0.06353   0.07162   0.00744   0.06763   0.03413   0.04712   0.12046   0.07747   0.01494   0.01716   0.01447   0.03924   0.03148   0.00000   0.00000   0.00878   0.16268   0.00000   0.02725   0.03753   0.08473   0.17595   0.00000   0.00000   0.13732   0.14573   0.35870   0.23543   0.91006   0.64888   0.89201   0.63179  
200  0.0526  12335.860571  x:  1.00090   0.00000   0.00000   1.35508   0.00000   0.27195   0.16349   0.06537   0.03347   0.31375   0.43724   0.01567   0.00000   0.00000   0.11800   0.11587   0.04995   0.01999   0.08912   0.24965   0.28932   0.19106   0.00000   0.00000   0.00000   0.00000   0.00518   0.00000   0.00520   0.00000   0.11683   0.01112   0.05162   0.14965   0.16007   0.00980   0.05422   0.06570   0.13938   0.14146   0.45105   0.08997   0.20602   0.13494   0.00973   0.00000   0.00000   0.23709   0.72933   0.27972   0.05605   0.15046   0.13088   0.19363   0.01030   0.00000   0.00543   0.04140   0.02386   0.26596   0.19940   0.29008   0.25955   0.00000   0.12340   0.08384   0.02324   0.04631   0.00000   0.00892   0.00332   0.12067   0.12162   0.10795   0.22268   0.00000   0.00824   0.18579   0.22978   0.02189   0.20092   0.02655   0.00210   0.37478   0.00000   0.09356   0.03133   0.05388   0.03602   0.05773   0.24201   0.00528   0.00000   0.03042   0.03562   0.12148   0.14621   0.23015   0.18170   0.28790   0.35608   0.18698   0.20217   0.00000   0.18980   0.41272   0.10816   0.25725   0.11153   0.02496   0.02183   0.10181   0.06360   0.02203   0.40205   0.00688   0.00000   0.11685   0.00000   0.06353   0.07162   0.00744   0.06763   0.03413   0.04712   0.12046   0.07747   0.01494   0.01716   0.01447   0.03924   0.03148   0.00000   0.00000   0.00878   0.16268   0.00000   0.02725   0.03753   0.08474   0.17595   0.00000   0.00000   0.13732   0.14573   0.35870   0.23543   0.91006   0.64888   0.89201   0.63179  
201  0.0041  12335.860571  x:  1.00090   0.00000   0.00000   1.35508   0.00000   0.27195   0.16349   0.06537   0.03347   0.31375   0.43724   0.01567   0.00000   0.00000   0.11800   0.11587   0.04995   0.01999   0.08912   0.24965   0.28932   0.19106   0.00000   0.00000   0.00000   0.00000   0.00518   0.00000   0.00520   0.00000   0.11683   0.01112   0.05162   0.14965   0.16007   0.00980   0.05422   0.06570   0.13938   0.14146   0.45105   0.08997   0.20602   0.13494   0.00973   0.00000   0.00000   0.23709   0.72933   0.27972   0.05605   0.15046   0.13088   0.19363   0.01030   0.00000   0.00543   0.04140   0.02386   0.26597   0.19940   0.29008   0.25955   0.00000   0.12340   0.08384   0.02324   0.04631   0.00000   0.00892   0.00332   0.12067   0.12162   0.10795   0.22268   0.00000   0.00824   0.18578   0.22978   0.02189   0.20092   0.02655   0.00210   0.37478   0.00000   0.09356   0.03133   0.05388   0.03602   0.05773   0.24201   0.00528   0.00000   0.03042   0.03562   0.12148   0.14621   0.23015   0.18170   0.28790   0.35608   0.18698   0.20217   0.00000   0.18980   0.41272   0.10816   0.25725   0.11153   0.02496   0.02183   0.10181   0.06360   0.02203   0.40205   0.00688   0.00000   0.11685   0.00000   0.06353   0.07162   0.00744   0.06763   0.03413   0.04712   0.12046   0.07747   0.01494   0.01716   0.01447   0.03924   0.03148   0.00000   0.00000   0.00878   0.16268   0.00000   0.02725   0.03753   0.08474   0.17595   0.00000   0.00000   0.13732   0.14573   0.35870   0.23543   0.91006   0.64888   0.89201   0.63179  
202  0.0004  12335.860571  x:  1.00089   0.00000   0.00000   1.35509   0.00000   0.27195   0.16349   0.06537   0.03347   0.31375   0.43723   0.01567   0.00000   0.00000   0.11800   0.11587   0.04995   0.01999   0.08912   0.24965   0.28932   0.19106   0.00000   0.00000   0.00000   0.00000   0.00518   0.00000   0.00520   0.00000   0.11683   0.01112   0.05162   0.14965   0.16007   0.00980   0.05422   0.06570   0.13938   0.14146   0.45105   0.08997   0.20602   0.13494   0.00973   0.00000   0.00000   0.23710   0.72932   0.27972   0.05605   0.15046   0.13088   0.19363   0.01030   0.00000   0.00543   0.04140   0.02386   0.26597   0.19940   0.29008   0.25955   0.00000   0.12340   0.08384   0.02324   0.04631   0.00000   0.00892   0.00332   0.12067   0.12162   0.10794   0.22268   0.00000   0.00824   0.18579   0.22978   0.02189   0.20092   0.02655   0.00210   0.37478   0.00000   0.09356   0.03133   0.05388   0.03602   0.05773   0.24201   0.00528   0.00000   0.03042   0.03562   0.12148   0.14621   0.23015   0.18170   0.28790   0.35608   0.18698   0.20217   0.00000   0.18980   0.41272   0.10816   0.25725   0.11153   0.02496   0.02183   0.10181   0.06360   0.02203   0.40205   0.00688   0.00000   0.11685   0.00000   0.06353   0.07162   0.00744   0.06763   0.03413   0.04712   0.12046   0.07747   0.01494   0.01716   0.01447   0.03924   0.03148   0.00000   0.00000   0.00878   0.16268   0.00000   0.02725   0.03753   0.08474   0.17595   0.00000   0.00000   0.13732   0.14573   0.35870   0.23543   0.91006   0.64888   0.89201   0.63179  
203  0.0002  12335.860571  x:  1.00086   0.00000   0.00000   1.35512   0.00000   0.27195   0.16349   0.06537   0.03347   0.31375   0.43723   0.01567   0.00000   0.00000   0.11800   0.11587   0.04995   0.01999   0.08912   0.24965   0.28932   0.19106   0.00000   0.00000   0.00000   0.00000   0.00518   0.00000   0.00520   0.00000   0.11683   0.01112   0.05162   0.14965   0.16007   0.00980   0.05422   0.06570   0.13938   0.14146   0.45105   0.08997   0.20603   0.13494   0.00973   0.00000   0.00000   0.23709   0.72932   0.27972   0.05605   0.15046   0.13088   0.19363   0.01030   0.00000   0.00543   0.04140   0.02386   0.26597   0.19940   0.29008   0.25955   0.00000   0.12340   0.08384   0.02324   0.04631   0.00000   0.00892   0.00332   0.12067   0.12162   0.10794   0.22268   0.00000   0.00824   0.18578   0.22978   0.02189   0.20092   0.02655   0.00210   0.37478   0.00000   0.09356   0.03133   0.05388   0.03602   0.05773   0.24201   0.00528   0.00000   0.03042   0.03562   0.12148   0.14621   0.23015   0.18170   0.28790   0.35608   0.18698   0.20217   0.00000   0.18980   0.41272   0.10816   0.25725   0.11153   0.02496   0.02183   0.10181   0.06360   0.02203   0.40205   0.00688   0.00000   0.11685   0.00000   0.06353   0.07162   0.00744   0.06763   0.03413   0.04712   0.12046   0.07747   0.01494   0.01716   0.01447   0.03924   0.03148   0.00000   0.00000   0.00878   0.16268   0.00000   0.02725   0.03753   0.08474   0.17595   0.00000   0.00000   0.13731   0.14573   0.35870   0.23543   0.91006   0.64888   0.89201   0.63179  
204  0.0067  12335.860571  x:  1.00086   0.00000   0.00000   1.35512   0.00000   0.27195   0.16349   0.06537   0.03347   0.31375   0.43723   0.01567   0.00000   0.00000   0.11800   0.11587   0.04995   0.01999   0.08912   0.24965   0.28932   0.19106   0.00000   0.00000   0.00000   0.00000   0.00518   0.00000   0.00520   0.00000   0.11683   0.01112   0.05162   0.14965   0.16007   0.00980   0.05422   0.06570   0.13938   0.14146   0.45105   0.08997   0.20602   0.13494   0.00973   0.00000   0.00000   0.23709   0.72932   0.27972   0.05605   0.15046   0.13088   0.19363   0.01030   0.00000   0.00543   0.04140   0.02386   0.26596   0.19940   0.29008   0.25955   0.00000   0.12340   0.08384   0.02324   0.04631   0.00000   0.00892   0.00332   0.12067   0.12162   0.10794   0.22268   0.00000   0.00824   0.18578   0.22978   0.02189   0.20092   0.02655   0.00210   0.37478   0.00000   0.09356   0.03133   0.05388   0.03602   0.05773   0.24201   0.00528   0.00000   0.03042   0.03562   0.12148   0.14621   0.23015   0.18170   0.28790   0.35608   0.18698   0.20217   0.00000   0.18980   0.41272   0.10816   0.25725   0.11153   0.02496   0.02183   0.10181   0.06360   0.02203   0.40205   0.00688   0.00000   0.11685   0.00000   0.06353   0.07162   0.00744   0.06763   0.03413   0.04712   0.12046   0.07747   0.01494   0.01716   0.01447   0.03924   0.03148   0.00000   0.00000   0.00878   0.16268   0.00000   0.02725   0.03753   0.08474   0.17595   0.00000   0.00000   0.13731   0.14573   0.35870   0.23543   0.91006   0.64888   0.89201   0.63179  
205  0.0019  12335.860571  x:  1.00086   0.00000   0.00000   1.35512   0.00000   0.27195   0.16349   0.06537   0.03347   0.31375   0.43723   0.01567   0.00000   0.00000   0.11800   0.11587   0.04995   0.01999   0.08912   0.24965   0.28932   0.19106   0.00000   0.00000   0.00000   0.00000   0.00518   0.00000   0.00520   0.00000   0.11683   0.01112   0.05162   0.14965   0.16007   0.00980   0.05422   0.06570   0.13938   0.14146   0.45105   0.08997   0.20602   0.13494   0.00973   0.00000   0.00000   0.23709   0.72932   0.27972   0.05605   0.15046   0.13088   0.19363   0.01030   0.00000   0.00543   0.04140   0.02386   0.26596   0.19940   0.29008   0.25955   0.00000   0.12340   0.08384   0.02324   0.04631   0.00000   0.00892   0.00332   0.12067   0.12162   0.10794   0.22268   0.00000   0.00824   0.18578   0.22978   0.02189   0.20092   0.02655   0.00210   0.37478   0.00000   0.09356   0.03133   0.05388   0.03602   0.05773   0.24201   0.00528   0.00000   0.03042   0.03562   0.12148   0.14621   0.23015   0.18170   0.28790   0.35608   0.18698   0.20217   0.00000   0.18980   0.41272   0.10816   0.25725   0.11153   0.02496   0.02183   0.10181   0.06360   0.02203   0.40205   0.00688   0.00000   0.11685   0.00000   0.06353   0.07162   0.00744   0.06763   0.03413   0.04712   0.12046   0.07747   0.01494   0.01716   0.01447   0.03924   0.03148   0.00000   0.00000   0.00878   0.16268   0.00000   0.02725   0.03753   0.08474   0.17595   0.00000   0.00000   0.13731   0.14573   0.35870   0.23543   0.91006   0.64888   0.89201   0.63179  