

TREE # 1

  0  0.0000  14304.545543  x:  0.08951   0.04224   0.04055   0.04310   0.03494   0.10910   0.04632   0.04378   0.04033   0.01909   0.10550   0.09083   0.08967   0.01011   0.01461   0.08225   0.07850   0.08690   0.02339   0.08170   0.06147   0.01020   0.08865   0.01641   0.08539   0.07810   0.08143   0.10081   0.06238   0.01029   0.08982   0.03429   0.01285   0.02141   0.03454   0.09648   0.08302   0.04420   0.08953   0.03858   0.01661   0.03852   0.07467   0.04411   0.03539   0.09720   0.06291   0.10744   0.05842   0.03451   0.01887   0.05382   0.06436   0.01835   0.06127   0.09893   0.07695   0.08201   0.01615   0.02181   0.02794   0.02649   0.10334   0.09928   0.02745   0.09918   0.07307   0.02548   0.04632   0.01011   0.08521   0.01489   0.09014   0.02135   0.09805   0.06228   0.01966   0.02087   0.10904   0.10806   0.04734   0.06646   0.06447   0.03236   0.01457   0.06091   0.03051   0.07647   0.02940   0.09423   0.09251   0.06488   0.01941   0.06391   0.02507   0.07646   0.02935   0.05913   0.04974   0.08820   0.06833   0.06990   0.07285   0.08997   0.08625   0.05701   0.07042   0.04369   0.03400   0.09379   0.06242   0.03535   0.03739   0.06554   0.09364   0.04338   0.08918   0.08769   0.01321   0.02177   0.03918   0.07842   0.02012   0.07132   0.03694   0.09698   0.01675   0.04754   0.05676   0.03329   0.08781   0.02866   0.10974   0.01009   0.09662   0.04204   0.02246   0.03338   0.06621   0.02259   0.03716   0.10208   0.08715   0.05152   0.06289   0.06300   0.06948   0.57780   0.54493   0.52381  
  1 99.0000  13152.282512  x:  0.10701   0.04773   0.04530   0.06706   0.04983   0.11506   0.05283   0.04542   0.04037   0.03023   0.12815   0.08828   0.07724   0.00136   0.09494   0.08913   0.07553   0.08302   0.06282   0.11067   0.11267   0.21402   0.07408   0.00670   0.07229   0.06957   0.07312   0.09382   0.04972   0.00393   0.09349   0.02822   0.05647   0.10927   0.08366   0.08307   0.07925   0.05000   0.09796   0.07665   0.31782   0.04689   0.09969   0.07195   0.02390   0.09042   0.05610   0.12552   0.17606   0.11650   0.03909   0.07920   0.08027   0.14846   0.05048   0.08448   0.06678   0.07902   0.04013   0.17537   0.11486   0.15210   0.12141   0.08591   0.07431   0.09775   0.06386   0.03555   0.03626   0.00984   0.08108   0.08017   0.09691   0.07511   0.11579   0.05481   0.02307   0.10818   0.12532   0.10164   0.08733   0.05869   0.05676   0.15959   0.01627   0.06952   0.03087   0.07205   0.03293   0.08866   0.11487   0.05132   0.00474   0.05884   0.03715   0.08617   0.08301   0.09675   0.08907   0.11758   0.11952   0.09197   0.09561   0.08842   0.09188   0.07424   0.07114   0.10378   0.06732   0.08313   0.05311   0.06429   0.05254   0.07152   0.11339   0.04095   0.08585   0.09071   0.00927   0.04105   0.04770   0.07023   0.04124   0.06677   0.03853   0.09928   0.04824   0.04144   0.04984   0.02903   0.08228   0.02948   0.09968   0.00000   0.08803   0.05920   0.01308   0.04298   0.06353   0.04558   0.07657   0.10195   0.08650   0.05262   0.07461   0.11150   0.10056   0.58361   0.54590   0.52593  
  2 7017.1354  13099.472159  x:  0.11148   0.04889   0.04627   0.07195   0.05273   0.11673   0.05449   0.04588   0.04036   0.03230   0.13375   0.08727   0.07306   0.00054   0.09378   0.09034   0.07419   0.08012   0.06379   0.11590   0.11857   0.20800   0.06943   0.00193   0.06765   0.06594   0.06862   0.08952   0.04544   0.00353   0.09444   0.02641   0.05481   0.10880   0.08653   0.07887   0.07796   0.05099   0.10000   0.08004   0.31144   0.04966   0.10425   0.07537   0.02077   0.08698   0.05302   0.12885   0.18439   0.12019   0.04026   0.08296   0.08307   0.14641   0.04689   0.07974   0.06339   0.07742   0.03856   0.17382   0.11586   0.15277   0.12579   0.08145   0.07633   0.09700   0.06102   0.03660   0.03294   0.00936   0.07859   0.08017   0.09813   0.07575   0.11883   0.05181   0.02305   0.10938   0.12833   0.09899   0.09155   0.05691   0.05335   0.16209   0.01275   0.07092   0.03091   0.07082   0.03346   0.08710   0.11967   0.04706   0.00000   0.05705   0.03709   0.08802   0.08527   0.10212   0.09291   0.12306   0.12707   0.09606   0.10005   0.08783   0.09337   0.07822   0.07102   0.10863   0.06984   0.07984   0.05030   0.06662   0.05406   0.07193   0.11813   0.03999   0.08465   0.09154   0.00781   0.04263   0.04920   0.06759   0.04266   0.06532   0.03897   0.09983   0.04927   0.03956   0.04771   0.02772   0.08061   0.02966   0.09645   0.00000   0.08528   0.06216   0.01004   0.04429   0.06261   0.04730   0.08036   0.10189   0.08629   0.05294   0.07721   0.11832   0.10572   0.58497   0.54616   0.52659  
  3 1524.5817  13091.966137  x:  0.11225   0.04889   0.04624   0.07229   0.05279   0.11718   0.05478   0.04600   0.04034   0.03239   0.13460   0.08687   0.07132   0.00207   0.09421   0.09049   0.07392   0.07922   0.06410   0.11581   0.11835   0.20697   0.06761   0.00000   0.06568   0.06448   0.06684   0.08766   0.04391   0.00439   0.09456   0.02656   0.05502   0.10915   0.08652   0.07725   0.07762   0.05084   0.10018   0.07975   0.31091   0.04926   0.10410   0.07491   0.02049   0.08552   0.05189   0.12915   0.18503   0.12066   0.04010   0.08257   0.08296   0.14662   0.04574   0.07775   0.06209   0.07701   0.03846   0.17416   0.11637   0.15351   0.12617   0.07960   0.07646   0.09673   0.06021   0.03632   0.03151   0.00928   0.07741   0.08045   0.09827   0.07599   0.11921   0.05054   0.02274   0.10964   0.12885   0.09793   0.09152   0.05641   0.05205   0.16307   0.01141   0.07084   0.03090   0.07061   0.03327   0.08673   0.11980   0.04549   0.00000   0.05656   0.03690   0.08808   0.08534   0.10180   0.09282   0.12315   0.12660   0.09610   0.10017   0.08750   0.09367   0.07865   0.07093   0.10858   0.06956   0.07878   0.04962   0.06634   0.05371   0.07145   0.11882   0.03954   0.08412   0.09171   0.00713   0.04237   0.04911   0.06656   0.04252   0.06488   0.03897   0.09996   0.04935   0.03904   0.04707   0.02752   0.08008   0.02964   0.09511   0.00000   0.08420   0.06211   0.00877   0.04395   0.06229   0.04716   0.08019   0.10186   0.08620   0.05306   0.07732   0.11810   0.10551   0.58533   0.54625   0.52684  
  4 1287.3963  13066.715100  x:  0.11465   0.04869   0.04592   0.07304   0.05261   0.11878   0.05568   0.04638   0.04026   0.03250   0.13713   0.08542   0.06407   0.00062   0.09517   0.09088   0.07302   0.07583   0.06424   0.11508   0.11719   0.20375   0.06029   0.00000   0.05764   0.05869   0.05970   0.08024   0.03797   0.00000   0.09485   0.02704   0.05587   0.11039   0.08604   0.07065   0.07648   0.05034   0.10058   0.07871   0.30950   0.04829   0.10326   0.07339   0.02017   0.07950   0.04759   0.12985   0.18641   0.12195   0.04011   0.08115   0.08240   0.14780   0.04125   0.06966   0.05702   0.07553   0.03817   0.17557   0.11801   0.15612   0.12716   0.07209   0.07674   0.09578   0.05734   0.03575   0.02594   0.00947   0.07265   0.08143   0.09864   0.07671   0.12044   0.04560   0.02166   0.11037   0.13042   0.09381   0.09121   0.05488   0.04703   0.16642   0.00617   0.07043   0.03089   0.07000   0.03284   0.08549   0.11980   0.03944   0.00000   0.05489   0.03633   0.08811   0.08536   0.10049   0.09228   0.12308   0.12459   0.09601   0.10038   0.08618   0.09467   0.07979   0.07065   0.10809   0.06863   0.07483   0.04739   0.06538   0.05251   0.06962   0.12103   0.03780   0.08206   0.09229   0.00446   0.04159   0.04872   0.06251   0.04208   0.06332   0.03896   0.10042   0.04950   0.03723   0.04475   0.02699   0.07811   0.02959   0.08967   0.00000   0.07993   0.06195   0.00370   0.04269   0.06118   0.04667   0.07940   0.10177   0.08585   0.05350   0.07742   0.11691   0.10450   0.58655   0.54661   0.52785  
  5 7029.9325  13064.313789  x:  0.11483   0.04865   0.04587   0.07307   0.05257   0.11892   0.05575   0.04641   0.04026   0.03249   0.13731   0.08530   0.06333   0.00000   0.09520   0.09090   0.07295   0.07552   0.06419   0.11500   0.11708   0.20350   0.05956   0.00000   0.05682   0.05810   0.05900   0.07949   0.03742   0.00020   0.09487   0.02707   0.05594   0.11049   0.08600   0.07002   0.07639   0.05031   0.10060   0.07865   0.30943   0.04832   0.10318   0.07331   0.02021   0.07890   0.04719   0.12989   0.18646   0.12203   0.04017   0.08106   0.08235   0.14793   0.04083   0.06885   0.05654   0.07540   0.03815   0.17571   0.11813   0.15633   0.12722   0.07134   0.07674   0.09570   0.05710   0.03575   0.02541   0.00953   0.07218   0.08150   0.09866   0.07675   0.12053   0.04514   0.02158   0.11041   0.13053   0.09341   0.09119   0.05478   0.04655   0.16668   0.00567   0.07039   0.03089   0.06996   0.03283   0.08539   0.11978   0.03887   0.00000   0.05475   0.03629   0.08810   0.08534   0.10040   0.09224   0.12306   0.12443   0.09600   0.10040   0.08605   0.09476   0.07985   0.07064   0.10804   0.06857   0.07448   0.04722   0.06531   0.05243   0.06947   0.12120   0.03764   0.08187   0.09233   0.00420   0.04156   0.04869   0.06212   0.04205   0.06318   0.03896   0.10045   0.04950   0.03708   0.04454   0.02696   0.07793   0.02959   0.08912   0.00000   0.07951   0.06195   0.00319   0.04259   0.06109   0.04664   0.07933   0.10177   0.08582   0.05355   0.07741   0.11681   0.10441   0.58666   0.54665   0.52795  
  6 10631.7128  13052.266238  x:  0.11454   0.04810   0.04528   0.07250   0.05175   0.11934   0.05562   0.04644   0.04019   0.03219   0.13667   0.08500   0.05879   0.00000   0.09711   0.09067   0.07307   0.07451   0.06682   0.11474   0.11704   0.20234   0.05472   0.00000   0.05136   0.05464   0.05471   0.07431   0.03501   0.00008   0.09474   0.02677   0.05575   0.11041   0.08600   0.06652   0.07640   0.05050   0.10031   0.07917   0.31017   0.05055   0.10307   0.07415   0.02200   0.07528   0.04558   0.12934   0.18504   0.12162   0.04052   0.08164   0.08225   0.14859   0.04001   0.06337   0.05424   0.07482   0.03803   0.17612   0.11771   0.15639   0.12702   0.06647   0.07631   0.09582   0.05678   0.03651   0.02284   0.01037   0.06926   0.08147   0.09835   0.07646   0.12063   0.04304   0.02178   0.10997   0.13016   0.09143   0.09128   0.05557   0.04439   0.16675   0.00307   0.07036   0.03096   0.07014   0.03334   0.08540   0.11920   0.03634   0.00000   0.05452   0.03642   0.08779   0.08510   0.10093   0.09231   0.12289   0.12484   0.09607   0.10049   0.08539   0.09494   0.07929   0.07090   0.10793   0.06912   0.07326   0.04747   0.06576   0.05289   0.06923   0.12130   0.03707   0.08110   0.09232   0.00287   0.04214   0.04881   0.05996   0.04238   0.06287   0.03897   0.10047   0.04932   0.03693   0.04403   0.02724   0.07732   0.02962   0.08546   0.00000   0.07714   0.06259   0.00000   0.04253   0.06110   0.04693   0.07938   0.10179   0.08559   0.05379   0.07701   0.11684   0.10448   0.58722   0.54686   0.52861  
  7 2674.6464  13047.381474  x:  0.11426   0.04792   0.04508   0.07254   0.05158   0.11937   0.05548   0.04641   0.04018   0.03219   0.13621   0.08507   0.05657   0.00000   0.09738   0.09057   0.07318   0.07436   0.06680   0.11481   0.11716   0.20205   0.05210   0.00000   0.04847   0.05246   0.05280   0.07132   0.03451   0.00000   0.09471   0.02669   0.05564   0.11022   0.08622   0.06541   0.07651   0.05051   0.10024   0.07918   0.31083   0.05035   0.10318   0.07399   0.02276   0.07362   0.04531   0.12921   0.18490   0.12166   0.04073   0.08174   0.08227   0.14877   0.04004   0.06058   0.05363   0.07456   0.03800   0.17604   0.11742   0.15608   0.12717   0.06413   0.07624   0.09611   0.05697   0.03602   0.02203   0.00994   0.06804   0.08144   0.09825   0.07641   0.12058   0.04247   0.02185   0.10986   0.12992   0.09083   0.09132   0.05630   0.04385   0.16656   0.00223   0.07041   0.03091   0.07020   0.03307   0.08559   0.11924   0.03577   0.00000   0.05450   0.03629   0.08774   0.08515   0.10109   0.09244   0.12295   0.12520   0.09623   0.10062   0.08524   0.09496   0.07913   0.07105   0.10797   0.06908   0.07311   0.04789   0.06577   0.05295   0.06936   0.12125   0.03709   0.08102   0.09225   0.00244   0.04207   0.04886   0.05914   0.04234   0.06291   0.03899   0.10042   0.04932   0.03710   0.04408   0.02735   0.07727   0.02961   0.08360   0.00000   0.07619   0.06275   0.00000   0.04244   0.06129   0.04695   0.07947   0.10184   0.08547   0.05388   0.07700   0.11705   0.10461   0.58738   0.54695   0.52892  
  8 3514.0460  13047.381474  x:  0.11426   0.04792   0.04508   0.07254   0.05158   0.11937   0.05548   0.04641   0.04018   0.03219   0.13621   0.08507   0.05657   0.00000   0.09738   0.09057   0.07318   0.07436   0.06680   0.11481   0.11716   0.20205   0.05210   0.00000   0.04847   0.05246   0.05280   0.07132   0.03451   0.00000   0.09471   0.02669   0.05564   0.11022   0.08622   0.06541   0.07651   0.05051   0.10024   0.07918   0.31083   0.05035   0.10318   0.07399   0.02276   0.07362   0.04531   0.12921   0.18490   0.12166   0.04073   0.08174   0.08227   0.14877   0.04004   0.06058   0.05363   0.07456   0.03800   0.17604   0.11742   0.15608   0.12717   0.06413   0.07624   0.09611   0.05697   0.03602   0.02203   0.00994   0.06804   0.08144   0.09825   0.07641   0.12058   0.04247   0.02185   0.10986   0.12992   0.09083   0.09132   0.05630   0.04385   0.16656   0.00223   0.07041   0.03091   0.07020   0.03307   0.08559   0.11924   0.03577   0.00000   0.05450   0.03629   0.08774   0.08515   0.10109   0.09244   0.12295   0.12520   0.09623   0.10062   0.08524   0.09496   0.07913   0.07105   0.10797   0.06908   0.07311   0.04789   0.06577   0.05295   0.06936   0.12125   0.03709   0.08102   0.09225   0.00244   0.04207   0.04886   0.05914   0.04234   0.06291   0.03899   0.10042   0.04932   0.03710   0.04408   0.02735   0.07727   0.02961   0.08360   0.00000   0.07619   0.06275   0.00000   0.04244   0.06129   0.04695   0.07947   0.10184   0.08547   0.05388   0.07700   0.11705   0.10461   0.58738   0.54695   0.52892  
  9 18923.7517  13009.798915  x:  0.11731   0.04872   0.04575   0.07597   0.05360   0.12052   0.05661   0.04672   0.04017   0.03365   0.14003   0.08440   0.05358   0.00000   0.09801   0.09143   0.07230   0.07248   0.06800   0.11852   0.12166   0.20178   0.04876   0.00000   0.04514   0.04981   0.04972   0.06822   0.03166   0.00383   0.09537   0.02550   0.05534   0.11142   0.08894   0.06261   0.07566   0.05122   0.10164   0.08192   0.31206   0.05237   0.10641   0.07659   0.02067   0.07124   0.04326   0.13156   0.19201   0.12533   0.04183   0.08449   0.08426   0.14973   0.03761   0.05718   0.05131   0.07350   0.03744   0.17768   0.11950   0.15862   0.13018   0.06096   0.07828   0.09564   0.05506   0.03687   0.01974   0.00976   0.06633   0.08254   0.09912   0.07771   0.12276   0.04044   0.02189   0.11207   0.13205   0.08903   0.09459   0.05511   0.04156   0.17026   0.00000   0.07142   0.03094   0.06937   0.03347   0.08454   0.12257   0.03285   0.00000   0.05330   0.03646   0.08903   0.08746   0.10504   0.09547   0.12683   0.13073   0.09914   0.10375   0.08483   0.09599   0.08187   0.07100   0.11197   0.07120   0.07088   0.04601   0.06770   0.05414   0.06972   0.12451   0.03646   0.08021   0.09281   0.00143   0.04337   0.04993   0.05730   0.04358   0.06193   0.03928   0.10079   0.05049   0.03584   0.04265   0.02647   0.07614   0.02974   0.08128   0.00000   0.07426   0.06487   0.00000   0.04340   0.06068   0.04840   0.08247   0.10180   0.08532   0.05411   0.07880   0.12207   0.10832   0.58835   0.54714   0.52939  
 10 1459.9367  12988.484350  x:  0.11918   0.04918   0.04613   0.07800   0.05478   0.12123   0.05730   0.04691   0.04017   0.03451   0.14236   0.08397   0.05161   0.00000   0.09839   0.09194   0.07176   0.07128   0.06869   0.12065   0.12421   0.20161   0.04657   0.00000   0.04293   0.04823   0.04773   0.06629   0.02976   0.00000   0.09575   0.02478   0.05519   0.11213   0.09030   0.06059   0.07512   0.05161   0.10247   0.08343   0.31283   0.05331   0.10825   0.07801   0.01947   0.06965   0.04194   0.13296   0.19619   0.12748   0.04242   0.08601   0.08539   0.15032   0.03608   0.05494   0.04980   0.07282   0.03708   0.17869   0.12075   0.16017   0.13198   0.05887   0.07943   0.09533   0.05387   0.03731   0.01822   0.00966   0.06518   0.08319   0.09963   0.07847   0.12406   0.03910   0.02187   0.11337   0.13333   0.08785   0.09646   0.05438   0.04008   0.17251   0.00000   0.07199   0.03096   0.06887   0.03367   0.08388   0.12451   0.03100   0.00000   0.05255   0.03651   0.08978   0.08876   0.10727   0.09718   0.12908   0.13385   0.10082   0.10558   0.08455   0.09662   0.08352   0.07096   0.11425   0.07236   0.06946   0.04486   0.06875   0.05477   0.06985   0.12649   0.03604   0.07968   0.09316   0.00075   0.04407   0.05054   0.05610   0.04425   0.06132   0.03945   0.10103   0.05115   0.03505   0.04175   0.02594   0.07542   0.02980   0.07975   0.00000   0.07300   0.06608   0.00000   0.04390   0.06029   0.04920   0.08416   0.10178   0.08522   0.05425   0.07985   0.12493   0.11042   0.58892   0.54725   0.52969  
 11 9407.6647  12988.484350  x:  0.11918   0.04918   0.04613   0.07800   0.05478   0.12123   0.05730   0.04691   0.04017   0.03451   0.14236   0.08397   0.05161   0.00000   0.09839   0.09194   0.07176   0.07128   0.06869   0.12065   0.12421   0.20161   0.04657   0.00000   0.04293   0.04823   0.04773   0.06629   0.02976   0.00000   0.09575   0.02478   0.05519   0.11213   0.09030   0.06059   0.07512   0.05161   0.10247   0.08343   0.31283   0.05331   0.10825   0.07801   0.01947   0.06965   0.04194   0.13296   0.19619   0.12748   0.04242   0.08601   0.08539   0.15032   0.03608   0.05494   0.04980   0.07282   0.03708   0.17869   0.12075   0.16017   0.13198   0.05887   0.07943   0.09533   0.05387   0.03731   0.01822   0.00966   0.06518   0.08319   0.09963   0.07847   0.12406   0.03910   0.02187   0.11337   0.13333   0.08785   0.09646   0.05438   0.04008   0.17251   0.00000   0.07199   0.03096   0.06887   0.03367   0.08388   0.12451   0.03100   0.00000   0.05255   0.03651   0.08978   0.08876   0.10727   0.09718   0.12908   0.13385   0.10082   0.10558   0.08455   0.09662   0.08352   0.07096   0.11425   0.07236   0.06946   0.04486   0.06875   0.05477   0.06985   0.12649   0.03604   0.07968   0.09316   0.00075   0.04407   0.05054   0.05610   0.04425   0.06132   0.03945   0.10103   0.05115   0.03505   0.04175   0.02594   0.07542   0.02980   0.07975   0.00000   0.07300   0.06608   0.00000   0.04390   0.06029   0.04920   0.08416   0.10178   0.08522   0.05425   0.07985   0.12493   0.11042   0.58892   0.54725   0.52969  
 12 1068.2157  12964.140403  x:  0.12131   0.04971   0.04658   0.08035   0.05615   0.12205   0.05810   0.04713   0.04016   0.03551   0.14502   0.08348   0.04941   0.00000   0.09882   0.09253   0.07114   0.06992   0.06950   0.12313   0.12721   0.20142   0.04411   0.00000   0.04046   0.04626   0.04547   0.06398   0.02772   0.00234   0.09620   0.02400   0.05500   0.11296   0.09210   0.05856   0.07452   0.05207   0.10343   0.08522   0.31372   0.05465   0.11041   0.07970   0.01808   0.06788   0.04046   0.13457   0.20103   0.12998   0.04313   0.08782   0.08671   0.15100   0.03435   0.05243   0.04811   0.07206   0.03668   0.17985   0.12218   0.16194   0.13406   0.05653   0.08078   0.09499   0.05252   0.03784   0.01652   0.00955   0.06390   0.08395   0.10022   0.07935   0.12557   0.03761   0.02186   0.11487   0.13481   0.08653   0.09864   0.05354   0.03841   0.17508   0.00000   0.07266   0.03098   0.06829   0.03392   0.08314   0.12676   0.02891   0.00000   0.05170   0.03659   0.09066   0.09029   0.10988   0.09920   0.13169   0.13752   0.10278   0.10770   0.08425   0.09734   0.08541   0.07091   0.11693   0.07374   0.06786   0.04355   0.07000   0.05553   0.07003   0.12876   0.03556   0.07908   0.09355   0.00000   0.04491   0.05124   0.05476   0.04506   0.06062   0.03965   0.10129   0.05193   0.03416   0.04072   0.02534   0.07460   0.02988   0.07804   0.00000   0.07159   0.06750   0.00000   0.04451   0.05985   0.05015   0.08615   0.10175   0.08511   0.05442   0.08107   0.12829   0.11289   0.58961   0.54739   0.53003  
 13 1360.1227  12950.229291  x:  0.12261   0.05002   0.04683   0.08175   0.05696   0.12255   0.05857   0.04727   0.04016   0.03610   0.14663   0.08317   0.04799   0.00000   0.09909   0.09288   0.07077   0.06907   0.06996   0.12456   0.12892   0.20129   0.04254   0.00000   0.03886   0.04514   0.04405   0.06259   0.02640   0.00000   0.09646   0.02354   0.05490   0.11344   0.09301   0.05713   0.07415   0.05232   0.10399   0.08622   0.31427   0.05528   0.11164   0.08064   0.01733   0.06674   0.03953   0.13552   0.20387   0.13143   0.04352   0.08883   0.08746   0.15141   0.03328   0.05081   0.04705   0.07159   0.03643   0.18055   0.12302   0.16301   0.13529   0.05502   0.08155   0.09478   0.05169   0.03812   0.01542   0.00949   0.06306   0.08438   0.10056   0.07985   0.12646   0.03665   0.02182   0.11574   0.13570   0.08569   0.09990   0.05301   0.03736   0.17662   0.00000   0.07304   0.03099   0.06795   0.03405   0.08269   0.12807   0.02762   0.00000   0.05119   0.03663   0.09116   0.09117   0.11137   0.10035   0.13321   0.13962   0.10391   0.10893   0.08404   0.09777   0.08654   0.07088   0.11845   0.07450   0.06687   0.04276   0.07069   0.05594   0.07009   0.13013   0.03526   0.07869   0.09379   0.00000   0.04537   0.05164   0.05390   0.04550   0.06019   0.03977   0.10145   0.05237   0.03362   0.04010   0.02498   0.07410   0.02993   0.07694   0.00000   0.07070   0.06831   0.00000   0.04483   0.05957   0.05068   0.08729   0.10173   0.08504   0.05452   0.08178   0.13021   0.11430   0.59000   0.54747   0.53025  
 14 11171.5819  12950.229291  x:  0.12261   0.05002   0.04683   0.08175   0.05696   0.12255   0.05857   0.04727   0.04016   0.03610   0.14663   0.08317   0.04799   0.00000   0.09909   0.09288   0.07077   0.06907   0.06996   0.12456   0.12892   0.20129   0.04254   0.00000   0.03886   0.04514   0.04405   0.06259   0.02640   0.00000   0.09646   0.02354   0.05490   0.11344   0.09301   0.05713   0.07415   0.05232   0.10399   0.08622   0.31427   0.05528   0.11164   0.08064   0.01733   0.06674   0.03953   0.13552   0.20387   0.13143   0.04352   0.08883   0.08746   0.15141   0.03328   0.05081   0.04705   0.07159   0.03643   0.18055   0.12302   0.16301   0.13529   0.05502   0.08155   0.09478   0.05169   0.03812   0.01542   0.00949   0.06306   0.08438   0.10056   0.07985   0.12646   0.03665   0.02182   0.11574   0.13570   0.08569   0.09990   0.05301   0.03736   0.17662   0.00000   0.07304   0.03099   0.06795   0.03405   0.08269   0.12807   0.02762   0.00000   0.05119   0.03663   0.09116   0.09117   0.11137   0.10035   0.13321   0.13962   0.10391   0.10893   0.08404   0.09777   0.08654   0.07088   0.11845   0.07450   0.06687   0.04276   0.07069   0.05594   0.07009   0.13013   0.03526   0.07869   0.09379   0.00000   0.04537   0.05164   0.05390   0.04550   0.06019   0.03977   0.10145   0.05237   0.03362   0.04010   0.02498   0.07410   0.02993   0.07694   0.00000   0.07070   0.06831   0.00000   0.04483   0.05957   0.05068   0.08729   0.10173   0.08504   0.05452   0.08178   0.13021   0.11430   0.59000   0.54747   0.53025  
 15 1042.4909  12770.989881  x:  0.14128   0.05459   0.05059   0.10204   0.06870   0.12976   0.06549   0.04921   0.04011   0.04468   0.16985   0.07879   0.02800   0.00000   0.10289   0.09794   0.06537   0.05701   0.07679   0.14565   0.15428   0.19958   0.02039   0.00000   0.01642   0.02725   0.02378   0.04152   0.00834   0.01809   0.10040   0.01702   0.05327   0.12058   0.10822   0.03898   0.06883   0.05616   0.11221   0.10122   0.32234   0.06655   0.12992   0.09474   0.00594   0.05066   0.02632   0.14941   0.24542   0.15279   0.04942   0.10393   0.09863   0.15736   0.01808   0.02806   0.03193   0.06485   0.03289   0.19066   0.13536   0.17848   0.15320   0.03384   0.09295   0.09178   0.03984   0.04244   0.00000   0.00862   0.05135   0.09081   0.10561   0.08733   0.13949   0.02318   0.02149   0.12855   0.14856   0.07383   0.11842   0.04555   0.02242   0.19889   0.00000   0.07865   0.03115   0.06296   0.03603   0.07622   0.14732   0.00917   0.00000   0.04387   0.03723   0.09857   0.10411   0.13346   0.11737   0.15556   0.17068   0.12061   0.12706   0.08120   0.10406   0.10296   0.07046   0.14110   0.08597   0.05271   0.03139   0.08110   0.06216   0.07132   0.14992   0.03093   0.07324   0.09724   0.00000   0.05231   0.05759   0.04183   0.05220   0.05402   0.04146   0.10378   0.05892   0.02581   0.03111   0.01980   0.06688   0.03060   0.06145   0.00000   0.05802   0.08034   0.00000   0.04977   0.05563   0.05863   0.10408   0.10148   0.08405   0.05600   0.09220   0.15869   0.13519   0.59601   0.54867   0.53331  
 16 1300.0623  12736.016360  x:  0.14575   0.05527   0.05107   0.10632   0.07086   0.13173   0.06711   0.04970   0.04006   0.04641   0.17524   0.07748   0.02099   0.00000   0.10367   0.09881   0.06425   0.05364   0.07757   0.14880   0.15796   0.19914   0.01333   0.00000   0.00818   0.02281   0.01796   0.03464   0.00760   0.00000   0.10113   0.01723   0.05341   0.12183   0.10952   0.03248   0.06767   0.05652   0.11349   0.10263   0.32481   0.06702   0.13244   0.09611   0.01482   0.04499   0.02292   0.15202   0.25330   0.15658   0.04977   0.10549   0.09999   0.15873   0.01666   0.01998   0.02756   0.06319   0.03224   0.19302   0.13766   0.18194   0.15667   0.02641   0.09429   0.09108   0.03760   0.04230   0.00000   0.00894   0.04695   0.09174   0.10637   0.08838   0.14216   0.01917   0.02048   0.13053   0.15131   0.07007   0.12109   0.04377   0.01829   0.20353   0.00000   0.07919   0.03112   0.06215   0.03582   0.07489   0.15045   0.00879   0.00000   0.04270   0.03695   0.09955   0.10574   0.13642   0.11961   0.15934   0.17526   0.12317   0.13015   0.08000   0.10550   0.10659   0.07028   0.14442   0.08686   0.04939   0.03007   0.08186   0.06227   0.07038   0.15433   0.02916   0.07111   0.09802   0.00000   0.05264   0.05820   0.03801   0.05271   0.05248   0.04168   0.10437   0.05968   0.02441   0.02925   0.01938   0.06494   0.03062   0.05598   0.00000   0.05393   0.08206   0.00000   0.04979   0.05450   0.05944   0.10635   0.10135   0.08370   0.05647   0.09392   0.16312   0.13816   0.59726   0.54903   0.53432  
 17 1892.1014  12708.615852  x:  0.14948   0.05568   0.05131   0.10974   0.07246   0.13346   0.06843   0.05011   0.03999   0.04777   0.17967   0.07639   0.01427   0.00000   0.10425   0.09942   0.06343   0.05082   0.07806   0.15099   0.16049   0.19879   0.00554   0.00000   0.00000   0.01551   0.01328   0.02644   0.00927   0.00000   0.10179   0.01723   0.05334   0.12283   0.11100   0.02897   0.06682   0.05676   0.11436   0.10342   0.32724   0.06814   0.13414   0.09694   0.01169   0.03958   0.02038   0.15403   0.25933   0.15934   0.04973   0.10648   0.10076   0.16000   0.01637   0.01213   0.02398   0.06148   0.03182   0.19493   0.13937   0.18470   0.15950   0.01932   0.09488   0.09086   0.03616   0.04218   0.00000   0.01067   0.04293   0.09248   0.10695   0.08899   0.14434   0.01603   0.01959   0.13189   0.15349   0.06672   0.12296   0.04246   0.01519   0.20717   0.00000   0.07950   0.03112   0.06163   0.03569   0.07390   0.15268   0.00921   0.00000   0.04200   0.03674   0.10016   0.10679   0.13842   0.12111   0.16215   0.17845   0.12496   0.13209   0.07883   0.10669   0.10953   0.07017   0.14674   0.08731   0.04687   0.02954   0.08223   0.06215   0.06931   0.15796   0.02745   0.06906   0.09863   0.00000   0.05274   0.05856   0.03459   0.05298   0.05125   0.04183   0.10484   0.06014   0.02354   0.02796   0.01923   0.06331   0.03062   0.05067   0.00000   0.05021   0.08332   0.00000   0.04956   0.05357   0.05994   0.10785   0.10122   0.08336   0.05690   0.09515   0.16631   0.14019   0.59845   0.54936   0.53527  
 18 5039.6718  12697.423693  x:  0.15097   0.05566   0.05122   0.11107   0.07293   0.13424   0.06892   0.05027   0.03995   0.04828   0.18137   0.07612   0.01042   0.00000   0.10440   0.09957   0.06327   0.04992   0.07825   0.15167   0.16130   0.19871   0.00000   0.00000   0.00000   0.00983   0.01406   0.02054   0.00574   0.00000   0.10218   0.01550   0.05315   0.12311   0.11196   0.02923   0.06669   0.05716   0.11444   0.10361   0.32855   0.06917   0.13463   0.09744   0.01188   0.03691   0.02023   0.15473   0.26139   0.16033   0.04997   0.10685   0.10103   0.16056   0.01636   0.00739   0.02322   0.06066   0.03187   0.19558   0.13987   0.18562   0.16060   0.01533   0.09497   0.09116   0.03622   0.04250   0.00000   0.00811   0.04110   0.09293   0.10711   0.08916   0.14516   0.01594   0.01949   0.13222   0.15424   0.06531   0.12363   0.04231   0.01531   0.20839   0.00000   0.07966   0.03115   0.06157   0.03590   0.07369   0.15334   0.00785   0.00000   0.04201   0.03684   0.10029   0.10713   0.13910   0.12164   0.16317   0.17949   0.12532   0.13232   0.07818   0.10715   0.11070   0.07029   0.14751   0.08756   0.04639   0.02982   0.08246   0.06219   0.06874   0.15946   0.02653   0.06793   0.09883   0.00000   0.05289   0.05873   0.03313   0.05317   0.05093   0.04189   0.10501   0.06028   0.02361   0.02789   0.01919   0.06276   0.03064   0.04745   0.00000   0.04843   0.08390   0.00000   0.04940   0.05333   0.06020   0.10832   0.10114   0.08315   0.05714   0.09550   0.16741   0.14087   0.59897   0.54952   0.53581  
 19 2214.9843  12684.319889  x:  0.15281   0.05548   0.05094   0.11275   0.07339   0.13525   0.06949   0.05046   0.03988   0.04890   0.18342   0.07601   0.00464   0.00000   0.10450   0.09973   0.06319   0.04914   0.07860   0.15257   0.16243   0.19867   0.00000   0.00000   0.00000   0.00029   0.01726   0.01071   0.00715   0.00000   0.10290   0.01256   0.05292   0.12341   0.11362   0.03063   0.06666   0.05819   0.11424   0.10385   0.33042   0.07086   0.13526   0.09855   0.01520   0.03345   0.02078   0.15557   0.26386   0.16165   0.05060   0.10753   0.10152   0.16128   0.01589   0.00000   0.02305   0.05964   0.03202   0.19628   0.14040   0.18661   0.16196   0.00947   0.09524   0.09183   0.03663   0.04315   0.00000   0.00836   0.03902   0.09368   0.10735   0.08931   0.14626   0.01681   0.01960   0.13260   0.15507   0.06367   0.12457   0.04239   0.01653   0.20973   0.00000   0.07996   0.03120   0.06156   0.03630   0.07358   0.15414   0.00710   0.00000   0.04212   0.03711   0.10047   0.10766   0.14011   0.12245   0.16450   0.18092   0.12584   0.13237   0.07727   0.10772   0.11219   0.07059   0.14859   0.08816   0.04622   0.03017   0.08304   0.06249   0.06806   0.16143   0.02525   0.06632   0.09902   0.00000   0.05333   0.05907   0.03142   0.05360   0.05070   0.04198   0.10517   0.06050   0.02389   0.02812   0.01904   0.06221   0.03070   0.04242   0.00000   0.04610   0.08484   0.00000   0.04926   0.05320   0.06071   0.10899   0.10102   0.08284   0.05748   0.09590   0.16894   0.14184   0.59962   0.54976   0.53662  
 20 3098.2212  12684.003049  x:  0.15285   0.05547   0.05093   0.11279   0.07340   0.13527   0.06950   0.05046   0.03988   0.04891   0.18346   0.07601   0.00446   0.00000   0.10450   0.09973   0.06319   0.04914   0.07861   0.15259   0.16246   0.19867   0.00000   0.00000   0.00000   0.00000   0.01731   0.01036   0.00707   0.00000   0.10293   0.01258   0.05294   0.12341   0.11366   0.03061   0.06666   0.05824   0.11421   0.10383   0.33047   0.07087   0.13526   0.09859   0.01529   0.03337   0.02078   0.15559   0.26391   0.16168   0.05060   0.10755   0.10153   0.16129   0.01587   0.00000   0.02307   0.05963   0.03201   0.19629   0.14041   0.18663   0.16198   0.00930   0.09526   0.09184   0.03663   0.04314   0.00000   0.00844   0.03899   0.09369   0.10735   0.08931   0.14629   0.01681   0.01959   0.13261   0.15509   0.06364   0.12459   0.04239   0.01654   0.20975   0.00000   0.07996   0.03120   0.06156   0.03630   0.07358   0.15415   0.00725   0.00000   0.04212   0.03711   0.10048   0.10767   0.14013   0.12246   0.16453   0.18095   0.12586   0.13237   0.07724   0.10774   0.11222   0.07060   0.14861   0.08818   0.04622   0.03015   0.08305   0.06250   0.06804   0.16148   0.02522   0.06628   0.09902   0.00000   0.05334   0.05908   0.03139   0.05361   0.05070   0.04198   0.10518   0.06051   0.02389   0.02812   0.01904   0.06221   0.03070   0.04225   0.00000   0.04605   0.08486   0.00000   0.04926   0.05321   0.06072   0.10901   0.10101   0.08282   0.05749   0.09591   0.16897   0.14186   0.59962   0.54977   0.53664  
 21 2218.7065  12678.388488  x:  0.15348   0.05504   0.05043   0.11341   0.07324   0.13572   0.06961   0.05050   0.03984   0.04907   0.18395   0.07646   0.00000   0.00000   0.10449   0.09974   0.06319   0.04932   0.07863   0.15276   0.16270   0.19874   0.00000   0.00000   0.00000   0.00000   0.01694   0.00051   0.00709   0.00000   0.10435   0.01335   0.05365   0.12335   0.11406   0.02806   0.06656   0.06003   0.11285   0.10252   0.33165   0.07007   0.13501   0.09973   0.01675   0.03222   0.02058   0.15558   0.26431   0.16209   0.05016   0.10767   0.10154   0.16122   0.01588   0.00000   0.02353   0.06005   0.03173   0.19635   0.14043   0.18673   0.16188   0.00519   0.09601   0.09177   0.03607   0.04224   0.00000   0.00799   0.03874   0.09379   0.10729   0.08947   0.14642   0.01609   0.01901   0.13274   0.15518   0.06346   0.12460   0.04208   0.01580   0.20974   0.00000   0.07988   0.03108   0.06147   0.03562   0.07361   0.15433   0.00683   0.00000   0.04175   0.03685   0.10062   0.10772   0.14019   0.12253   0.16461   0.18122   0.12600   0.13280   0.07681   0.10793   0.11284   0.07070   0.14878   0.08820   0.04626   0.02932   0.08304   0.06245   0.06778   0.16231   0.02453   0.06527   0.09902   0.00000   0.05332   0.05914   0.03118   0.05355   0.05078   0.04198   0.10519   0.06055   0.02348   0.02797   0.01902   0.06224   0.03065   0.03759   0.00000   0.04508   0.08519   0.00000   0.04898   0.05338   0.06081   0.10909   0.10089   0.08253   0.05773   0.09598   0.16936   0.14205   0.59927   0.54993   0.53728  
 22 1505.3402  12678.170451  x:  0.15350   0.05502   0.05041   0.11344   0.07323   0.13573   0.06962   0.05050   0.03984   0.04908   0.18396   0.07649   0.00000   0.00000   0.10449   0.09975   0.06319   0.04932   0.07863   0.15276   0.16270   0.19874   0.00000   0.00000   0.00000   0.00000   0.01690   0.00000   0.00707   0.00000   0.10437   0.01319   0.05364   0.12334   0.11402   0.02792   0.06655   0.06000   0.11283   0.10251   0.33169   0.07002   0.13500   0.09973   0.01680   0.03221   0.02055   0.15558   0.26432   0.16210   0.05016   0.10767   0.10153   0.16121   0.01587   0.00000   0.02352   0.06008   0.03172   0.19635   0.14044   0.18674   0.16186   0.00501   0.09603   0.09176   0.03606   0.04227   0.00000   0.00802   0.03874   0.09378   0.10729   0.08947   0.14642   0.01605   0.01901   0.13275   0.15518   0.06346   0.12460   0.04207   0.01576   0.20974   0.00000   0.07988   0.03108   0.06147   0.03564   0.07360   0.15433   0.00685   0.00000   0.04174   0.03685   0.10063   0.10772   0.14019   0.12253   0.16461   0.18123   0.12600   0.13283   0.07680   0.10793   0.11286   0.07070   0.14879   0.08819   0.04626   0.02932   0.08303   0.06244   0.06778   0.16234   0.02450   0.06523   0.09902   0.00000   0.05331   0.05914   0.03118   0.05354   0.05078   0.04198   0.10519   0.06055   0.02346   0.02795   0.01902   0.06224   0.03065   0.03733   0.00000   0.04506   0.08519   0.00000   0.04897   0.05338   0.06080   0.10909   0.10089   0.08252   0.05774   0.09598   0.16936   0.14205   0.59925   0.54994   0.53731  
 23 1300.0747  12675.332339  x:  0.15410   0.05437   0.04964   0.11419   0.07285   0.13610   0.06968   0.05052   0.03982   0.04918   0.18411   0.07740   0.00000   0.00000   0.10460   0.09984   0.06300   0.04922   0.07853   0.15289   0.16281   0.19872   0.00000   0.00000   0.00000   0.00000   0.01755   0.00000   0.00746   0.00000   0.10382   0.01414   0.05300   0.12337   0.11277   0.02569   0.06625   0.05756   0.11322   0.10339   0.33221   0.06950   0.13521   0.09900   0.01737   0.03218   0.01989   0.15567   0.26466   0.16230   0.05065   0.10766   0.10153   0.16090   0.01556   0.00000   0.02274   0.06055   0.03185   0.19649   0.14059   0.18688   0.16157   0.00000   0.09626   0.09144   0.03615   0.04382   0.00000   0.00712   0.03872   0.09359   0.10724   0.08962   0.14656   0.01588   0.01972   0.13291   0.15530   0.06365   0.12474   0.04201   0.01546   0.20999   0.00000   0.08002   0.03136   0.06145   0.03691   0.07331   0.15451   0.00731   0.00000   0.04193   0.03715   0.10066   0.10779   0.14032   0.12264   0.16491   0.18130   0.12621   0.13354   0.07668   0.10802   0.11352   0.07023   0.14891   0.08812   0.04608   0.03016   0.08275   0.06220   0.06770   0.16309   0.02407   0.06422   0.09907   0.00000   0.05323   0.05909   0.03142   0.05346   0.05063   0.04195   0.10521   0.06059   0.02356   0.02761   0.01901   0.06222   0.03072   0.02894   0.00000   0.04454   0.08537   0.00000   0.04859   0.05340   0.06071   0.10908   0.10066   0.08200   0.05805   0.09611   0.16951   0.14207   0.59885   0.55023   0.53830  
 24 582.9892  12669.586409  x:  0.15609   0.05231   0.04716   0.11664   0.07158   0.13723   0.06990   0.05059   0.03977   0.04952   0.18446   0.08003   0.00000   0.00000   0.10491   0.10010   0.06253   0.04865   0.07831   0.15319   0.16302   0.19860   0.00000   0.00000   0.00000   0.00000   0.01956   0.00000   0.00521   0.00000   0.10171   0.01750   0.05176   0.12352   0.10978   0.02255   0.06581   0.05286   0.11510   0.10605   0.33342   0.06923   0.13595   0.09685   0.01920   0.03224   0.01881   0.15610   0.26572   0.16271   0.05159   0.10755   0.10149   0.16015   0.01592   0.00000   0.02057   0.06132   0.03221   0.19696   0.14104   0.18736   0.16117   0.00000   0.09664   0.09099   0.03651   0.04531   0.00000   0.01247   0.03865   0.09304   0.10726   0.08979   0.14693   0.01613   0.02074   0.13325   0.15573   0.06396   0.12516   0.04206   0.01551   0.21092   0.00000   0.08020   0.03129   0.06121   0.03777   0.07276   0.15495   0.00227   0.00000   0.04251   0.03756   0.10061   0.10791   0.14064   0.12283   0.16559   0.18156   0.12683   0.13499   0.07635   0.10829   0.11525   0.06844   0.14920   0.08804   0.04525   0.03181   0.08215   0.06173   0.06742   0.16530   0.02291   0.06109   0.09921   0.00000   0.05312   0.05895   0.03197   0.05336   0.05013   0.04190   0.10531   0.06062   0.02404   0.02701   0.01906   0.06201   0.03081   0.00000   0.00000   0.04309   0.08594   0.00000   0.04753   0.05333   0.06052   0.10903   0.09988   0.08022   0.05904   0.09644   0.16980   0.14211   0.59802   0.55117   0.54161  
 25 1007.2152  12644.976195  x:  0.18644   0.02577   0.01445   0.15301   0.05550   0.15280   0.07427   0.05188   0.03918   0.05514   0.19164   0.10992   0.00000   0.00000   0.10860   0.10307   0.05807   0.03833   0.07815   0.15907   0.16850   0.19673   0.00000   0.00000   0.00000   0.00000   0.03943   0.00000   0.00658   0.00000   0.08066   0.01399   0.04812   0.12632   0.09445   0.02590   0.06639   0.04911   0.13904   0.13025   0.34844   0.08357   0.14661   0.08265   0.03154   0.02873   0.01722   0.16480   0.28537   0.16927   0.05415   0.10833   0.10213   0.15493   0.03224   0.00000   0.00000   0.06248   0.03398   0.20455   0.14737   0.19595   0.16526   0.00000   0.10080   0.09172   0.03820   0.02003   0.00000   0.01320   0.03276   0.08954   0.10793   0.09200   0.15039   0.02399   0.01531   0.13705   0.16320   0.06182   0.13262   0.04352   0.02353   0.22658   0.00000   0.07957   0.02032   0.05582   0.00953   0.06999   0.16170   0.00610   0.00000   0.04620   0.03500   0.09986   0.11051   0.14672   0.12559   0.17363   0.19031   0.13199   0.14593   0.07084   0.11300   0.13616   0.04302   0.15548   0.09067   0.03051   0.03386   0.08088   0.06060   0.06299   0.19567   0.00867   0.01898   0.10156   0.00000   0.05474   0.05885   0.03400   0.05505   0.04365   0.04220   0.10682   0.06133   0.02872   0.02470   0.01988   0.05715   0.03024   0.00000   0.00000   0.02281   0.09642   0.00000   0.03614   0.05154   0.06142   0.11069   0.08876   0.05500   0.07247   0.10098   0.17673   0.14571   0.59233   0.56429   0.58770  
 26 206.2554  12636.442783  x:  0.20059   0.01417   0.00000   0.16983   0.04853   0.15986   0.07647   0.05251   0.03893   0.05783   0.19536   0.12260   0.00000   0.00000   0.11020   0.10436   0.05624   0.03347   0.07834   0.16194   0.17129   0.19587   0.00000   0.00000   0.00000   0.00000   0.04610   0.00000   0.00705   0.00000   0.07290   0.01301   0.04756   0.12772   0.08999   0.02860   0.06676   0.05035   0.14924   0.13977   0.35500   0.08996   0.15131   0.07792   0.03615   0.02630   0.01661   0.16889   0.29489   0.17242   0.05458   0.10891   0.10258   0.15325   0.03816   0.00000   0.01281   0.06252   0.03455   0.20815   0.15030   0.20013   0.16824   0.00000   0.10239   0.09227   0.03853   0.01301   0.00000   0.01397   0.02944   0.08848   0.10838   0.09294   0.15222   0.02653   0.01231   0.13883   0.16674   0.06004   0.13599   0.04375   0.02625   0.23390   0.00000   0.07948   0.01777   0.05398   0.00875   0.06868   0.16490   0.00737   0.00000   0.04722   0.03371   0.09969   0.11177   0.14957   0.12696   0.17739   0.19462   0.13432   0.15027   0.06820   0.11528   0.14535   0.03198   0.15855   0.09197   0.02421   0.03379   0.08078   0.06047   0.06084   0.20950   0.00300   0.00066   0.10266   0.00000   0.05552   0.05892   0.03403   0.05588   0.04081   0.04240   0.10754   0.06169   0.03021   0.02380   0.02015   0.05472   0.02996   0.00000   0.00000   0.01388   0.10132   0.00000   0.03136   0.05065   0.06208   0.11168   0.08368   0.04353   0.07849   0.10307   0.18024   0.14766   0.59052   0.57022   0.60843  
 27 1662.3682  12636.442783  x:  0.20059   0.01417   0.00000   0.16983   0.04853   0.15986   0.07647   0.05251   0.03893   0.05783   0.19536   0.12260   0.00000   0.00000   0.11020   0.10436   0.05624   0.03347   0.07834   0.16194   0.17129   0.19587   0.00000   0.00000   0.00000   0.00000   0.04610   0.00000   0.00705   0.00000   0.07290   0.01301   0.04756   0.12772   0.08999   0.02860   0.06676   0.05035   0.14924   0.13977   0.35500   0.08996   0.15131   0.07792   0.03615   0.02630   0.01661   0.16889   0.29489   0.17242   0.05458   0.10891   0.10258   0.15325   0.03816   0.00000   0.01281   0.06252   0.03455   0.20815   0.15030   0.20013   0.16824   0.00000   0.10239   0.09227   0.03853   0.01301   0.00000   0.01397   0.02944   0.08848   0.10838   0.09294   0.15222   0.02653   0.01231   0.13883   0.16674   0.06004   0.13599   0.04375   0.02625   0.23390   0.00000   0.07948   0.01777   0.05398   0.00875   0.06868   0.16490   0.00737   0.00000   0.04722   0.03371   0.09969   0.11177   0.14957   0.12696   0.17739   0.19462   0.13432   0.15027   0.06820   0.11528   0.14535   0.03198   0.15855   0.09197   0.02421   0.03379   0.08078   0.06047   0.06084   0.20950   0.00300   0.00066   0.10266   0.00000   0.05552   0.05892   0.03403   0.05588   0.04081   0.04240   0.10754   0.06169   0.03021   0.02380   0.02015   0.05472   0.02996   0.00000   0.00000   0.01388   0.10132   0.00000   0.03136   0.05065   0.06208   0.11168   0.08368   0.04353   0.07849   0.10307   0.18024   0.14766   0.59052   0.57022   0.60843  
 28 1167.5154  12569.242472  x:  0.21460   0.01861   0.00360   0.18431   0.05699   0.16504   0.08180   0.05398   0.03887   0.06380   0.21254   0.11667   0.00000   0.00000   0.11192   0.10700   0.05409   0.02667   0.08324   0.17504   0.18740   0.19502   0.00000   0.00000   0.00000   0.00000   0.02257   0.00000   0.00052   0.00000   0.08856   0.01155   0.04975   0.13220   0.11017   0.01203   0.06244   0.05704   0.14787   0.14028   0.36123   0.09145   0.16032   0.09545   0.01798   0.00941   0.00629   0.17710   0.32229   0.18637   0.05567   0.11864   0.10950   0.16010   0.01865   0.00000   0.00353   0.05546   0.03043   0.21488   0.15768   0.21062   0.18150   0.00000   0.10782   0.09050   0.03002   0.07474   0.00000   0.00880   0.01795   0.09524   0.11172   0.09731   0.16206   0.01057   0.01432   0.14681   0.17498   0.04878   0.14617   0.03625   0.00952   0.24758   0.00000   0.08443   0.03710   0.05532   0.08299   0.06387   0.17678   0.00000   0.00000   0.03975   0.03558   0.10518   0.11951   0.16253   0.13764   0.19178   0.21361   0.14405   0.15912   0.06474   0.12000   0.15506   0.03687   0.17261   0.09817   0.02184   0.02680   0.08793   0.06493   0.05997   0.22343   0.02132   0.01777   0.10481   0.00000   0.05889   0.06274   0.02162   0.05920   0.03822   0.04350   0.10911   0.06564   0.02202   0.01823   0.01649   0.04962   0.03076   0.00000   0.00000   0.00882   0.10916   0.00000   0.03549   0.04848   0.06756   0.12226   0.08318   0.04237   0.07941   0.10976   0.19890   0.16117   0.59715   0.57113   0.61021  
 29 1045.2831  12565.795748  x:  0.21548   0.01888   0.00382   0.18522   0.05751   0.16536   0.08214   0.05407   0.03886   0.06417   0.21361   0.11630   0.00000   0.00000   0.11203   0.10716   0.05395   0.02625   0.08354   0.17586   0.18841   0.19497   0.00000   0.00000   0.00000   0.00000   0.02110   0.00000   0.00011   0.00000   0.08954   0.01146   0.04989   0.13248   0.11144   0.01100   0.06217   0.05745   0.14778   0.14031   0.36162   0.09154   0.16088   0.09655   0.01685   0.00836   0.00564   0.17761   0.32400   0.18724   0.05573   0.11925   0.10993   0.16053   0.01743   0.00000   0.00295   0.05502   0.03018   0.21530   0.15814   0.21127   0.18233   0.00000   0.10816   0.09039   0.02949   0.07860   0.00000   0.00848   0.01724   0.09566   0.11192   0.09758   0.16268   0.00958   0.01445   0.14731   0.17550   0.04808   0.14681   0.03579   0.00848   0.24843   0.00000   0.08474   0.03831   0.05541   0.08762   0.06357   0.17752   0.00004   0.00001   0.03929   0.03570   0.10552   0.12000   0.16334   0.13831   0.19268   0.21480   0.14465   0.15967   0.06453   0.12030   0.15567   0.03718   0.17349   0.09856   0.02169   0.02637   0.08837   0.06521   0.05991   0.22430   0.02246   0.01884   0.10494   0.00000   0.05910   0.06298   0.02085   0.05940   0.03806   0.04357   0.10921   0.06589   0.02151   0.01788   0.01626   0.04930   0.03081   0.00000   0.00000   0.00851   0.10965   0.00000   0.03574   0.04835   0.06790   0.12292   0.08315   0.04230   0.07947   0.11017   0.20006   0.16202   0.59757   0.57119   0.61032  
 30 360270.3306  12564.513800  x:  0.21563   0.01893   0.00386   0.18537   0.05761   0.16542   0.08219   0.05409   0.03886   0.06424   0.21380   0.11624   0.00000   0.00000   0.11205   0.10719   0.05393   0.02617   0.08360   0.17600   0.18858   0.19496   0.00000   0.00000   0.00000   0.00000   0.02084   0.00000   0.00024   0.00000   0.08971   0.01145   0.04991   0.13253   0.11166   0.01082   0.06212   0.05753   0.14777   0.14032   0.36169   0.09155   0.16098   0.09674   0.01665   0.00817   0.00553   0.17770   0.32430   0.18739   0.05575   0.11936   0.11001   0.16061   0.01722   0.00000   0.00286   0.05494   0.03013   0.21537   0.15822   0.21139   0.18247   0.00000   0.10822   0.09037   0.02939   0.07927   0.00000   0.00843   0.01711   0.09574   0.11196   0.09763   0.16279   0.00940   0.01447   0.14740   0.17559   0.04795   0.14692   0.03570   0.00829   0.24858   0.00000   0.08479   0.03852   0.05542   0.08843   0.06352   0.17765   0.00004   0.00000   0.03920   0.03572   0.10558   0.12008   0.16348   0.13842   0.19284   0.21501   0.14476   0.15976   0.06449   0.12035   0.15577   0.03723   0.17364   0.09862   0.02166   0.02629   0.08845   0.06525   0.05990   0.22446   0.02266   0.01902   0.10497   0.00000   0.05914   0.06302   0.02071   0.05944   0.03803   0.04358   0.10922   0.06593   0.02142   0.01782   0.01622   0.04924   0.03082   0.00000   0.00000   0.00845   0.10973   0.00000   0.03579   0.04833   0.06796   0.12303   0.08314   0.04228   0.07948   0.11025   0.20027   0.16217   0.59764   0.57120   0.61034  
 31 65698.2015  12564.513800  x:  0.21563   0.01893   0.00386   0.18537   0.05761   0.16542   0.08219   0.05409   0.03886   0.06424   0.21380   0.11624   0.00000   0.00000   0.11205   0.10719   0.05393   0.02617   0.08360   0.17600   0.18858   0.19496   0.00000   0.00000   0.00000   0.00000   0.02084   0.00000   0.00024   0.00000   0.08971   0.01145   0.04991   0.13253   0.11166   0.01082   0.06212   0.05753   0.14777   0.14032   0.36169   0.09155   0.16098   0.09674   0.01665   0.00817   0.00553   0.17770   0.32430   0.18739   0.05575   0.11936   0.11001   0.16061   0.01722   0.00000   0.00286   0.05494   0.03013   0.21537   0.15822   0.21139   0.18247   0.00000   0.10822   0.09037   0.02939   0.07927   0.00000   0.00843   0.01711   0.09574   0.11196   0.09763   0.16279   0.00940   0.01447   0.14740   0.17559   0.04795   0.14692   0.03570   0.00829   0.24858   0.00000   0.08479   0.03852   0.05542   0.08843   0.06352   0.17765   0.00004   0.00000   0.03920   0.03572   0.10558   0.12008   0.16348   0.13842   0.19284   0.21501   0.14476   0.15976   0.06449   0.12035   0.15577   0.03723   0.17364   0.09862   0.02166   0.02629   0.08845   0.06525   0.05990   0.22446   0.02266   0.01902   0.10497   0.00000   0.05914   0.06302   0.02071   0.05944   0.03803   0.04358   0.10922   0.06593   0.02142   0.01782   0.01622   0.04924   0.03082   0.00000   0.00000   0.00845   0.10973   0.00000   0.03579   0.04833   0.06796   0.12303   0.08314   0.04228   0.07948   0.11025   0.20027   0.16217   0.59764   0.57120   0.61034  
 32 861.7353  12559.054801  x:  0.21567   0.01894   0.00387   0.18541   0.05763   0.16543   0.08221   0.05409   0.03886   0.06425   0.21384   0.11622   0.00000   0.00000   0.11205   0.10720   0.05393   0.02616   0.08360   0.17603   0.18862   0.19496   0.00000   0.00000   0.00000   0.00000   0.02078   0.00000   0.00176   0.00000   0.08973   0.01145   0.04991   0.13254   0.11169   0.01081   0.06212   0.05754   0.14776   0.14032   0.36170   0.09156   0.16100   0.09676   0.01662   0.00814   0.00552   0.17772   0.32436   0.18742   0.05575   0.11938   0.11002   0.16062   0.01719   0.00000   0.00290   0.05493   0.03013   0.21539   0.15824   0.21141   0.18250   0.00000   0.10823   0.09036   0.02938   0.07924   0.00000   0.00844   0.01709   0.09575   0.11197   0.09764   0.16281   0.00937   0.01447   0.14741   0.17561   0.04793   0.14695   0.03569   0.00827   0.24862   0.00000   0.08480   0.03850   0.05541   0.08839   0.06352   0.17768   0.00900   0.00009   0.03919   0.03572   0.10559   0.12010   0.16351   0.13844   0.19287   0.21505   0.14478   0.15978   0.06448   0.12036   0.15580   0.03724   0.17367   0.09863   0.02167   0.02628   0.08846   0.06526   0.05990   0.22448   0.02265   0.01901   0.10497   0.00000   0.05914   0.06303   0.02068   0.05945   0.03803   0.04358   0.10923   0.06594   0.02140   0.01781   0.01622   0.04923   0.03082   0.00000   0.00000   0.00846   0.10975   0.00000   0.03579   0.04832   0.06797   0.12306   0.08314   0.04228   0.07948   0.11026   0.20031   0.16219   0.59766   0.57120   0.61035  
 33 23247.2732  12558.826263  x:  0.21571   0.01895   0.00388   0.18545   0.05765   0.16544   0.08222   0.05410   0.03886   0.06427   0.21389   0.11620   0.00000   0.00000   0.11206   0.10720   0.05392   0.02615   0.08362   0.17606   0.18866   0.19495   0.00000   0.00000   0.00000   0.00000   0.02072   0.00000   0.00193   0.00000   0.08976   0.01145   0.04991   0.13255   0.11172   0.01081   0.06211   0.05755   0.14776   0.14032   0.36172   0.09156   0.16102   0.09680   0.01659   0.00811   0.00552   0.17774   0.32444   0.18746   0.05575   0.11940   0.11004   0.16064   0.01715   0.00000   0.00295   0.05491   0.03012   0.21541   0.15826   0.21144   0.18254   0.00000   0.10824   0.09036   0.02936   0.07921   0.00000   0.00845   0.01706   0.09577   0.11198   0.09765   0.16284   0.00934   0.01446   0.14743   0.17563   0.04790   0.14697   0.03568   0.00824   0.24865   0.00000   0.08480   0.03849   0.05540   0.08834   0.06352   0.17771   0.00898   0.00000   0.03918   0.03572   0.10560   0.12011   0.16354   0.13847   0.19291   0.21510   0.14480   0.15981   0.06447   0.12037   0.15583   0.03725   0.17371   0.09865   0.02167   0.02628   0.08848   0.06527   0.05989   0.22452   0.02264   0.01899   0.10498   0.00000   0.05915   0.06304   0.02065   0.05945   0.03802   0.04358   0.10923   0.06595   0.02139   0.01781   0.01621   0.04922   0.03082   0.00000   0.00000   0.00846   0.10977   0.00000   0.03580   0.04831   0.06798   0.12308   0.08314   0.04228   0.07949   0.11027   0.20035   0.16223   0.59767   0.57120   0.61035  
 34 716.9825  12528.896374  x:  0.22564   0.02155   0.00590   0.19559   0.06318   0.16922   0.08588   0.05510   0.03877   0.06845   0.22596   0.11139   0.00000   0.00000   0.11311   0.10876   0.05285   0.02325   0.08619   0.18412   0.19859   0.19451   0.00000   0.00000   0.00000   0.00000   0.00473   0.00000   0.00078   0.00000   0.09610   0.01151   0.05065   0.13526   0.12074   0.00929   0.05986   0.06011   0.14675   0.14062   0.36631   0.09203   0.16655   0.10442   0.00930   0.00000   0.00443   0.18369   0.34311   0.19669   0.05612   0.12465   0.11395   0.16492   0.00884   0.00000   0.01280   0.05127   0.02896   0.21996   0.16302   0.21844   0.19111   0.00000   0.11123   0.08905   0.02458   0.07075   0.00000   0.01125   0.01015   0.09987   0.11393   0.09995   0.16934   0.00185   0.01312   0.15212   0.18122   0.04047   0.15346   0.03207   0.00118   0.25803   0.00000   0.08567   0.03471   0.05322   0.07697   0.06297   0.18508   0.00939   0.00000   0.03582   0.03609   0.10853   0.12448   0.17146   0.14470   0.20214   0.22727   0.15075   0.16525   0.06158   0.12368   0.16282   0.03969   0.18236   0.10172   0.02269   0.02466   0.09197   0.06703   0.05837   0.23263   0.01919   0.01466   0.10636   0.00000   0.06057   0.06506   0.01281   0.06115   0.03680   0.04416   0.11033   0.06810   0.01770   0.01678   0.01546   0.04628   0.03106   0.00000   0.00000   0.00929   0.11450   0.00000   0.03752   0.04684   0.07097   0.12935   0.08268   0.04135   0.08019   0.11397   0.21218   0.17039   0.60180   0.57179   0.61171  
 35 1703.9987  12500.756958  x:  0.23902   0.02470   0.00828   0.20920   0.07036   0.17436   0.09070   0.05643   0.03863   0.07405   0.24214   0.10467   0.00000   0.00000   0.11440   0.11063   0.05169   0.02063   0.08915   0.19425   0.21112   0.19401   0.00000   0.00000   0.00000   0.00000   0.00224   0.00000   0.00117   0.00000   0.10310   0.01113   0.05133   0.13859   0.13107   0.01055   0.05735   0.06280   0.14542   0.14097   0.37254   0.09245   0.17349   0.11308   0.00995   0.00218   0.00406   0.19184   0.36770   0.20893   0.05651   0.13088   0.11865   0.17030   0.01090   0.00000   0.00000   0.04657   0.02722   0.22590   0.16902   0.22757   0.20144   0.00000   0.11475   0.08756   0.02118   0.06039   0.00000   0.00981   0.00287   0.10510   0.11617   0.10274   0.17802   0.00514   0.01127   0.15793   0.18850   0.03155   0.16174   0.02868   0.01387   0.27046   0.00000   0.08727   0.03137   0.05113   0.06223   0.06233   0.19441   0.00957   0.00000   0.03278   0.03640   0.11195   0.12974   0.18140   0.15241   0.21409   0.24295   0.15795   0.17205   0.05742   0.12813   0.17229   0.04268   0.19328   0.10521   0.02355   0.02331   0.09589   0.06883   0.05591   0.24371   0.01483   0.00906   0.10810   0.00000   0.06213   0.06749   0.00508   0.06310   0.03555   0.04484   0.11177   0.07065   0.01468   0.01640   0.01488   0.04291   0.03127   0.00000   0.00000   0.00917   0.12034   0.00000   0.03920   0.04493   0.07445   0.13717   0.08203   0.04001   0.08117   0.11864   0.22737   0.18059   0.60708   0.57258   0.61360  
 36 1541.8839  12486.449718  x:  0.24810   0.02667   0.00972   0.21842   0.07510   0.17788   0.09393   0.05732   0.03852   0.07783   0.25308   0.10003   0.00000   0.00000   0.11521   0.11180   0.05104   0.01949   0.09091   0.20077   0.21920   0.19372   0.00000   0.00000   0.00000   0.00000   0.01199   0.00000   0.00072   0.00000   0.10714   0.01088   0.05166   0.14069   0.13724   0.01167   0.05592   0.06427   0.14455   0.14120   0.37679   0.09262   0.17794   0.11820   0.01270   0.00530   0.00378   0.19723   0.38411   0.21694   0.05670   0.13470   0.12155   0.17374   0.01455   0.00000   0.00582   0.04420   0.02639   0.22984   0.17289   0.23359   0.20817   0.00000   0.11691   0.08669   0.02034   0.05405   0.00000   0.00794   0.00000   0.10854   0.11752   0.10445   0.18379   0.00841   0.00994   0.16159   0.19331   0.02630   0.16708   0.02692   0.02259   0.27866   0.00000   0.08830   0.02998   0.05021   0.05269   0.06187   0.20044   0.00979   0.00000   0.03127   0.03659   0.11407   0.13298   0.18773   0.15732   0.22195   0.25314   0.16249   0.17640   0.05445   0.13115   0.17873   0.04460   0.20033   0.10727   0.02392   0.02278   0.09817   0.06977   0.05404   0.25129   0.01214   0.00548   0.10923   0.00000   0.06302   0.06899   0.00315   0.06427   0.03492   0.04527   0.11272   0.07220   0.01365   0.01652   0.01465   0.04096   0.03137   0.00000   0.00000   0.00880   0.12404   0.00000   0.04003   0.04369   0.07654   0.14217   0.08156   0.03907   0.08186   0.12167   0.23731   0.18711   0.61046   0.57313   0.61493  
 37 3059.5401  12468.854255  x:  0.26781   0.02937   0.01131   0.23830   0.08425   0.18573   0.10049   0.05907   0.03816   0.08596   0.27648   0.08931   0.00000   0.00000   0.11635   0.11332   0.05084   0.02236   0.09246   0.21170   0.23304   0.19348   0.00000   0.00000   0.00000   0.00000   0.02562   0.00000   0.00081   0.00000   0.11009   0.01174   0.05135   0.14375   0.14375   0.00962   0.05514   0.06442   0.14301   0.14148   0.38607   0.09208   0.18525   0.12325   0.01880   0.00448   0.00035   0.20670   0.41731   0.23047   0.05623   0.13965   0.12515   0.17935   0.01831   0.00000   0.00000   0.04337   0.02717   0.23736   0.17954   0.24497   0.21933   0.00000   0.11942   0.08600   0.02979   0.04819   0.00000   0.00756   0.02262   0.11522   0.11913   0.10630   0.19508   0.00465   0.00723   0.16697   0.20250   0.02441   0.17590   0.02719   0.01699   0.29391   0.00000   0.08944   0.03435   0.05287   0.03837   0.06041   0.21095   0.00999   0.00000   0.03249   0.03705   0.11701   0.13716   0.19766   0.16520   0.23674   0.27068   0.16947   0.18341   0.04674   0.13765   0.19287   0.04800   0.21236   0.10904   0.02314   0.02458   0.09995   0.06951   0.04839   0.26829   0.01029   0.00140   0.11112   0.00000   0.06348   0.07101   0.04224   0.06553   0.03561   0.04609   0.11452   0.07399   0.01976   0.01897   0.01528   0.03994   0.03118   0.00000   0.00000   0.00773   0.12989   0.00000   0.03924   0.04184   0.07890   0.15028   0.08032   0.03663   0.08355   0.12692   0.25567   0.19780   0.61550   0.57444   0.61810  
 38 829.2809  12464.277646  x:  0.28046   0.02910   0.01035   0.25099   0.08870   0.19100   0.10413   0.05995   0.03779   0.09109   0.29104   0.08224   0.00000   0.00000   0.11634   0.11313   0.05176   0.02570   0.09072   0.21488   0.23752   0.19353   0.00000   0.00000   0.00000   0.00000   0.00844   0.00000   0.00039   0.00000   0.10618   0.01069   0.05036   0.14393   0.14068   0.01422   0.05706   0.06189   0.14253   0.14150   0.39198   0.09093   0.18713   0.12018   0.02203   0.01124   0.00116   0.21097   0.43575   0.23519   0.05526   0.13914   0.12446   0.18066   0.02395   0.00000   0.00852   0.04737   0.02841   0.24085   0.18148   0.25007   0.22236   0.00000   0.11866   0.08660   0.03459   0.05340   0.00000   0.00361   0.02744   0.11512   0.11877   0.10516   0.19925   0.01316   0.01213   0.16823   0.20643   0.03170   0.17833   0.03098   0.02664   0.30110   0.00000   0.09021   0.03922   0.05757   0.04122   0.05903   0.21441   0.01013   0.00000   0.03627   0.03669   0.11666   0.13671   0.19983   0.16641   0.24272   0.27718   0.17053   0.18500   0.04031   0.14193   0.20210   0.04986   0.21619   0.10734   0.02171   0.02634   0.09797   0.06721   0.04335   0.27938   0.01469   0.00394   0.11163   0.00000   0.06228   0.06976   0.05753   0.06469   0.03674   0.04562   0.11510   0.07333   0.02333   0.01936   0.01603   0.04237   0.03084   0.00000   0.00000   0.00863   0.13129   0.00000   0.03596   0.04206   0.07808   0.15227   0.07922   0.03455   0.08489   0.12870   0.26363   0.20062   0.61617   0.57536   0.62062  
 39 383.9280  12458.727504  x:  0.30156   0.02612   0.00622   0.27220   0.09439   0.20002   0.10945   0.06112   0.03704   0.09952   0.31475   0.07119   0.00000   0.00000   0.11558   0.11174   0.05354   0.02809   0.08542   0.21609   0.24027   0.19354   0.00000   0.00000   0.00000   0.00000   0.01194   0.00000   0.00038   0.00000   0.09603   0.01081   0.04909   0.14253   0.12989   0.01205   0.06104   0.05701   0.14230   0.14129   0.40155   0.08884   0.18729   0.11032   0.01817   0.01289   0.00000   0.21490   0.46292   0.23784   0.05365   0.13507   0.12067   0.18044   0.02325   0.00000   0.00728   0.05406   0.02897   0.24487   0.18206   0.25572   0.22298   0.00000   0.11547   0.08814   0.03356   0.06632   0.00000   0.02393   0.01563   0.10963   0.11746   0.10090   0.20145   0.01611   0.01693   0.16785   0.21016   0.04361   0.17835   0.03512   0.02650   0.30962   0.00000   0.09057   0.04288   0.06440   0.05492   0.05687   0.21647   0.01020   0.00000   0.04039   0.03523   0.11416   0.13314   0.19901   0.16398   0.24787   0.28267   0.16944   0.18459   0.02805   0.14951   0.21759   0.05368   0.21838   0.10246   0.02072   0.02710   0.09272   0.06241   0.03459   0.29696   0.02140   0.00700   0.11169   0.00000   0.05939   0.06531   0.06045   0.06203   0.03803   0.04387   0.11528   0.07067   0.02349   0.01703   0.01635   0.04756   0.03045   0.00000   0.00000   0.00945   0.13172   0.00000   0.02854   0.04357   0.07480   0.15223   0.07700   0.03037   0.08745   0.12963   0.27274   0.20122   0.61432   0.57703   0.62543  
 40 295.7840  12453.404388  x:  0.32282   0.02106   0.00000   0.29376   0.09873   0.20922   0.11422   0.06205   0.03626   0.10795   0.33813   0.06166   0.00000   0.00000   0.11458   0.11012   0.05464   0.02853   0.08020   0.21511   0.24035   0.19345   0.00000   0.00000   0.00000   0.00000   0.01883   0.00000   0.00064   0.00000   0.08752   0.01149   0.04876   0.14052   0.11878   0.01095   0.06397   0.05429   0.14243   0.14104   0.41075   0.08751   0.18592   0.10063   0.01482   0.01004   0.00000   0.21691   0.48755   0.23755   0.05311   0.13015   0.11649   0.17899   0.01935   0.00000   0.00312   0.05823   0.02858   0.24766   0.18115   0.25935   0.22132   0.00000   0.11208   0.08950   0.03081   0.07642   0.00000   0.00469   0.00237   0.10373   0.11529   0.09769   0.20070   0.01298   0.01554   0.16595   0.21175   0.05158   0.17607   0.03613   0.01832   0.31588   0.00000   0.09020   0.04338   0.06770   0.06562   0.05632   0.21626   0.01021   0.00000   0.04164   0.03414   0.11126   0.12889   0.19603   0.15970   0.24991   0.28493   0.16571   0.18264   0.01498   0.15799   0.23319   0.05886   0.21826   0.09790   0.02169   0.02672   0.08810   0.05885   0.02777   0.31335   0.02504   0.00647   0.11133   0.00000   0.05705   0.06120   0.05915   0.05962   0.03867   0.04253   0.11508   0.06793   0.02249   0.01667   0.01633   0.05127   0.03040   0.00000   0.00000   0.00801   0.13202   0.00000   0.02193   0.04483   0.07130   0.15042   0.07440   0.02553   0.09028   0.12929   0.27938   0.19975   0.61103   0.57881   0.63080  
 41 373.2657  12450.210498  x:  0.34199   0.01245   0.00000   0.31373   0.09995   0.21767   0.11738   0.06244   0.03557   0.11542   0.35824   0.05674   0.00000   0.00000   0.11362   0.10882   0.05413   0.02641   0.07776   0.21097   0.23624   0.19326   0.00000   0.00000   0.00000   0.00000   0.01773   0.00000   0.00066   0.00000   0.08711   0.00997   0.04989   0.13827   0.11281   0.01634   0.06389   0.05677   0.14310   0.14086   0.41794   0.08833   0.18259   0.09642   0.02129   0.00930   0.00000   0.21571   0.50441   0.23312   0.05483   0.12582   0.11357   0.17607   0.02071   0.00000   0.00325   0.05706   0.02755   0.24795   0.17817   0.25893   0.21664   0.00000   0.10995   0.09003   0.02822   0.07886   0.00000   0.00447   0.01507   0.10244   0.11387   0.09674   0.19780   0.01109   0.00525   0.16175   0.20959   0.05103   0.17097   0.03290   0.01596   0.31763   0.00000   0.08933   0.03927   0.06393   0.06850   0.05892   0.21240   0.01022   0.00000   0.03862   0.03462   0.10885   0.12536   0.19064   0.15441   0.24734   0.28172   0.16084   0.17886   0.00232   0.16767   0.24721   0.06610   0.21458   0.09618   0.02324   0.02475   0.08683   0.05940   0.02786   0.32554   0.02332   0.00000   0.11042   0.00000   0.05695   0.05993   0.04981   0.05890   0.03803   0.04273   0.11438   0.06643   0.02079   0.01933   0.01607   0.05114   0.03084   0.00000   0.00000   0.00897   0.13313   0.00000   0.02065   0.04535   0.06921   0.14624   0.07129   0.01985   0.09334   0.12702   0.28107   0.19551   0.60680   0.58060   0.63670  
 42 177.3818  12449.470273  x:  0.34541   0.01022   0.00000   0.31740   0.09973   0.21918   0.11776   0.06245   0.03547   0.11673   0.36163   0.05614   0.00000   0.00000   0.11352   0.10873   0.05398   0.02643   0.07794   0.21004   0.23517   0.19326   0.00000   0.00000   0.00000   0.00000   0.01755   0.00000   0.00066   0.00000   0.08789   0.01101   0.05002   0.13799   0.11289   0.01472   0.06352   0.05724   0.14324   0.14083   0.41900   0.08866   0.18191   0.09668   0.02164   0.00946   0.00000   0.21518   0.50661   0.23200   0.05508   0.12543   0.11336   0.17552   0.02120   0.00000   0.00331   0.05646   0.02765   0.24774   0.17755   0.25844   0.21562   0.00000   0.10988   0.09002   0.02894   0.07835   0.00000   0.00450   0.01572   0.10247   0.11379   0.09689   0.19713   0.01108   0.00720   0.16107   0.20887   0.05037   0.17003   0.03256   0.01579   0.31744   0.00000   0.08914   0.03903   0.06292   0.06790   0.05941   0.21144   0.01022   0.00000   0.03827   0.03486   0.10868   0.12504   0.18963   0.15371   0.24655   0.28054   0.16007   0.17815   0.00000   0.16974   0.24969   0.06734   0.21366   0.09634   0.02310   0.02483   0.08704   0.05979   0.02844   0.32736   0.02284   0.00000   0.11024   0.00000   0.05717   0.06021   0.04919   0.05904   0.03794   0.04293   0.11426   0.06644   0.02110   0.01939   0.01608   0.05074   0.03086   0.00000   0.00000   0.00848   0.13341   0.00000   0.02111   0.04526   0.06915   0.14539   0.07060   0.01861   0.09397   0.12652   0.28082   0.19458   0.60616   0.58096   0.63792  
 43 199.3939  12448.212907  x:  0.35495   0.00196   0.00000   0.32796   0.09785   0.22336   0.11837   0.06235   0.03529   0.12033   0.37050   0.05457   0.00000   0.00000   0.11356   0.10889   0.05380   0.02757   0.07968   0.20747   0.23192   0.19335   0.00000   0.00000   0.00000   0.00000   0.01751   0.00000   0.00066   0.00000   0.09020   0.00447   0.04943   0.13766   0.11544   0.01233   0.06240   0.05726   0.14354   0.14081   0.42131   0.08949   0.18025   0.09910   0.01929   0.01041   0.00000   0.21320   0.51058   0.22860   0.05507   0.12561   0.11365   0.17429   0.02141   0.00000   0.00340   0.05496   0.02854   0.24664   0.17600   0.25636   0.21293   0.00000   0.11043   0.08976   0.03162   0.07554   0.00000   0.00509   0.01297   0.10261   0.11402   0.09773   0.19485   0.01143   0.00620   0.15964   0.20664   0.04810   0.16808   0.03345   0.01595   0.31582   0.00000   0.08867   0.04049   0.06114   0.06482   0.05981   0.20870   0.01022   0.00000   0.03888   0.03520   0.10895   0.12516   0.18737   0.15239   0.24357   0.27648   0.15878   0.17658   0.00000   0.17633   0.25650   0.06970   0.21085   0.09755   0.02218   0.02606   0.08825   0.06064   0.02995   0.33141   0.02169   0.00000   0.10980   0.00000   0.05788   0.06164   0.05081   0.05977   0.03800   0.04344   0.11404   0.06708   0.02273   0.01811   0.01630   0.04945   0.03069   0.00000   0.00000   0.00963   0.13397   0.00000   0.02275   0.04491   0.06984   0.14325   0.06821   0.01443   0.09592   0.12525   0.27878   0.19204   0.60505   0.58205   0.64177  
 44 233.1470  12447.812424  x:  0.35692   0.00000   0.00000   0.33018   0.09731   0.22421   0.11844   0.06231   0.03527   0.12107   0.37225   0.05424   0.00000   0.00000   0.11359   0.10896   0.05380   0.02784   0.08012   0.20697   0.23126   0.19337   0.00000   0.00000   0.00000   0.00000   0.01750   0.00000   0.00066   0.00000   0.09061   0.00504   0.04930   0.13766   0.11615   0.01257   0.06221   0.05713   0.14359   0.14081   0.42171   0.08962   0.17996   0.09970   0.01861   0.01064   0.00000   0.21276   0.51115   0.22791   0.05499   0.12579   0.11380   0.17410   0.02131   0.00000   0.00343   0.05472   0.02874   0.24636   0.17572   0.25587   0.21243   0.00000   0.11061   0.08968   0.03203   0.07486   0.00000   0.00530   0.01211   0.10265   0.11411   0.09793   0.19437   0.01154   0.00514   0.15942   0.20619   0.04763   0.16778   0.03381   0.01608   0.31538   0.00000   0.08860   0.04094   0.06095   0.06411   0.05976   0.20816   0.01022   0.00000   0.03916   0.03521   0.10909   0.12529   0.18700   0.15222   0.24289   0.27560   0.15863   0.17632   0.00000   0.17769   0.25788   0.07004   0.21028   0.09785   0.02200   0.02633   0.08854   0.06076   0.03018   0.33212   0.02148   0.00000   0.10973   0.00000   0.05801   0.06196   0.05141   0.05993   0.03804   0.04351   0.11400   0.06725   0.02303   0.01779   0.01635   0.04920   0.03064   0.00000   0.00000   0.01005   0.13404   0.00000   0.02306   0.04483   0.07006   0.14287   0.06766   0.01348   0.09634   0.12502   0.27823   0.19156   0.60491   0.58228   0.64263  
 45 440.7909  12446.398115  x:  0.37805   0.00000   0.00000   0.35579   0.08624   0.23298   0.11749   0.06154   0.03549   0.12864   0.38807   0.05152   0.00000   0.00000   0.11476   0.11070   0.05434   0.02566   0.08458   0.20395   0.22590   0.19337   0.00000   0.00000   0.00000   0.00000   0.02121   0.00000   0.00072   0.00000   0.09053   0.00418   0.04942   0.13958   0.12445   0.03227   0.06232   0.05499   0.14363   0.14110   0.42298   0.08908   0.17915   0.10547   0.01872   0.00905   0.00000   0.20769   0.50913   0.22245   0.05342   0.13079   0.11772   0.17429   0.01497   0.00000   0.00196   0.05443   0.02756   0.24234   0.17475   0.24969   0.21015   0.00000   0.11370   0.08822   0.02291   0.06622   0.00000   0.00703   0.00852   0.10609   0.11585   0.10028   0.19184   0.01042   0.01417   0.16082   0.20192   0.04370   0.16822   0.03685   0.01456   0.30785   0.00000   0.08917   0.04167   0.06452   0.05713   0.05606   0.20471   0.01019   0.00000   0.04116   0.03350   0.11204   0.12946   0.18707   0.15564   0.23660   0.26620   0.16132   0.17660   0.00000   0.18749   0.27155   0.06941   0.20556   0.10080   0.02459   0.02384   0.09168   0.06033   0.02964   0.33486   0.01896   0.00000   0.10960   0.00000   0.05809   0.06359   0.05790   0.06085   0.03824   0.04260   0.11383   0.06930   0.01929   0.01991   0.01599   0.04787   0.03070   0.00000   0.00000   0.00485   0.13250   0.00000   0.02315   0.04356   0.07311   0.14181   0.05965   0.00000   0.10178   0.12420   0.26896   0.18913   0.60671   0.58516   0.65356  
 46 130.9907  12445.118778  x:  0.39278   0.00000   0.00000   0.37487   0.07453   0.23865   0.11571   0.06085   0.03595   0.13360   0.39633   0.05130   0.00000   0.00000   0.11569   0.11195   0.05451   0.02221   0.08622   0.20416   0.22451   0.19331   0.00000   0.00000   0.00000   0.00000   0.02333   0.00000   0.00077   0.00000   0.08852   0.00450   0.05042   0.14171   0.12783   0.03023   0.06304   0.05497   0.14329   0.14129   0.42174   0.08759   0.18048   0.10713   0.02105   0.00667   0.00000   0.20502   0.50238   0.22129   0.05277   0.13500   0.12073   0.17605   0.01609   0.00000   0.00107   0.05539   0.02610   0.23948   0.17581   0.24575   0.21144   0.00000   0.11559   0.08757   0.01930   0.06210   0.00000   0.00559   0.01024   0.10892   0.11701   0.10122   0.19193   0.00848   0.01751   0.16399   0.20028   0.04140   0.17085   0.03619   0.01404   0.30178   0.00000   0.09072   0.03842   0.06864   0.05452   0.05351   0.20471   0.01015   0.00000   0.04015   0.03278   0.11411   0.13305   0.19012   0.16035   0.23347   0.26178   0.16547   0.17890   0.00000   0.18933   0.27993   0.06735   0.20444   0.10168   0.02524   0.02147   0.09268   0.05976   0.02849   0.33335   0.01741   0.00000   0.11001   0.00000   0.05744   0.06299   0.05846   0.06061   0.03792   0.04144   0.11396   0.07024   0.01490   0.02112   0.01509   0.04806   0.03104   0.00000   0.00000   0.01846   0.13082   0.00000   0.02189   0.04377   0.07499   0.14340   0.05236   0.00000   0.10619   0.12503   0.26177   0.19008   0.60981   0.58744   0.66248  
 47 124.5830  12441.096768  x:  0.42513   0.00000   0.00000   0.41838   0.04356   0.25029   0.11059   0.05926   0.03727   0.14396   0.40996   0.05391   0.00000   0.00000   0.11742   0.11411   0.05414   0.01735   0.08760   0.20772   0.22512   0.19338   0.00000   0.00000   0.00000   0.00000   0.02452   0.00000   0.00083   0.00000   0.08440   0.00468   0.05246   0.14647   0.13079   0.01458   0.06445   0.05709   0.14223   0.14168   0.41639   0.08408   0.18545   0.10741   0.02430   0.00324   0.00000   0.20141   0.48149   0.22278   0.05248   0.14336   0.12619   0.18139   0.01826   0.00000   0.00057   0.05718   0.02423   0.23398   0.18010   0.23867   0.21770   0.00000   0.11852   0.08699   0.02485   0.05683   0.00000   0.00426   0.01487   0.11350   0.11897   0.10191   0.19382   0.00434   0.00806   0.17234   0.19906   0.03560   0.17863   0.03110   0.01514   0.28887   0.00000   0.09481   0.03010   0.07593   0.05060   0.05095   0.20793   0.01006   0.00000   0.03524   0.03273   0.11773   0.14018   0.19969   0.17131   0.22856   0.25668   0.17578   0.18586   0.00000   0.18665   0.29639   0.06246   0.20539   0.10188   0.02669   0.02117   0.09308   0.05932   0.02715   0.32567   0.01372   0.00000   0.11139   0.00000   0.05601   0.06034   0.05388   0.05938   0.03681   0.03965   0.11468   0.07150   0.01236   0.02285   0.01342   0.04894   0.03170   0.00000   0.00000   0.00620   0.12671   0.00000   0.01927   0.04205   0.07661   0.14990   0.03391   0.00000   0.11673   0.12836   0.24718   0.19550   0.61790   0.59286   0.68368  
 48 207.0581  12439.907649  x:  0.43109   0.00000   0.00000   0.42681   0.03688   0.25208   0.10961   0.05906   0.03750   0.14564   0.41073   0.05550   0.00000   0.00000   0.11736   0.11401   0.05366   0.01980   0.08727   0.20897   0.22632   0.19352   0.00000   0.00000   0.00000   0.00000   0.02564   0.00000   0.00086   0.00000   0.08600   0.00470   0.05240   0.14674   0.12998   0.01457   0.06394   0.05809   0.14208   0.14171   0.41492   0.08436   0.18645   0.10705   0.02407   0.00428   0.00000   0.20186   0.47697   0.22419   0.05305   0.14355   0.12614   0.18218   0.01646   0.00000   0.00000   0.05616   0.02497   0.23370   0.18100   0.23847   0.21928   0.00000   0.11833   0.08703   0.02370   0.05687   0.00000   0.00394   0.01581   0.11360   0.11889   0.10173   0.19488   0.00530   0.00793   0.17333   0.19961   0.03452   0.17977   0.02973   0.01323   0.28765   0.00000   0.09495   0.03165   0.07450   0.04946   0.05258   0.20916   0.01004   0.00000   0.03436   0.03344   0.11765   0.14033   0.20126   0.17253   0.22912   0.25752   0.17674   0.18691   0.00000   0.18449   0.29865   0.06260   0.20657   0.10165   0.02643   0.02179   0.09297   0.06020   0.02874   0.32338   0.01297   0.00000   0.11160   0.00000   0.05639   0.06042   0.05210   0.05945   0.03665   0.04036   0.11491   0.07146   0.01560   0.02311   0.01410   0.04845   0.03164   0.00000   0.00000   0.00641   0.12711   0.00000   0.02051   0.04215   0.07636   0.15113   0.02977   0.00000   0.11890   0.12903   0.24633   0.19700   0.61893   0.59395   0.68790  
 49 149.2085  12439.907649  x:  0.43109   0.00000   0.00000   0.42681   0.03688   0.25208   0.10961   0.05906   0.03750   0.14564   0.41073   0.05550   0.00000   0.00000   0.11736   0.11401   0.05366   0.01980   0.08727   0.20897   0.22632   0.19352   0.00000   0.00000   0.00000   0.00000   0.02564   0.00000   0.00086   0.00000   0.08600   0.00470   0.05240   0.14674   0.12998   0.01457   0.06394   0.05809   0.14208   0.14171   0.41492   0.08436   0.18645   0.10705   0.02407   0.00428   0.00000   0.20186   0.47697   0.22419   0.05305   0.14355   0.12614   0.18218   0.01646   0.00000   0.00000   0.05616   0.02497   0.23370   0.18100   0.23847   0.21928   0.00000   0.11833   0.08703   0.02370   0.05687   0.00000   0.00394   0.01581   0.11360   0.11889   0.10173   0.19488   0.00530   0.00793   0.17333   0.19961   0.03452   0.17977   0.02973   0.01323   0.28765   0.00000   0.09495   0.03165   0.07450   0.04946   0.05258   0.20916   0.01004   0.00000   0.03436   0.03344   0.11765   0.14033   0.20126   0.17253   0.22912   0.25752   0.17674   0.18691   0.00000   0.18449   0.29865   0.06260   0.20657   0.10165   0.02643   0.02179   0.09297   0.06020   0.02874   0.32338   0.01297   0.00000   0.11160   0.00000   0.05639   0.06042   0.05210   0.05945   0.03665   0.04036   0.11491   0.07146   0.01560   0.02311   0.01410   0.04845   0.03164   0.00000   0.00000   0.00641   0.12711   0.00000   0.02051   0.04215   0.07636   0.15113   0.02977   0.00000   0.11890   0.12903   0.24633   0.19700   0.61893   0.59395   0.68790  
 50 137.6379  12436.204362  x:  0.43166   0.00000   0.00000   0.42743   0.03728   0.25224   0.10990   0.05916   0.03749   0.14585   0.41123   0.05539   0.00000   0.00000   0.11738   0.11406   0.05347   0.01986   0.08751   0.20961   0.22719   0.19349   0.00000   0.00000   0.00000   0.00000   0.02272   0.00000   0.01937   0.00000   0.08729   0.00866   0.05244   0.14684   0.13081   0.01351   0.06347   0.05849   0.14203   0.14171   0.41520   0.08467   0.18682   0.10793   0.02214   0.00313   0.00000   0.20244   0.47833   0.22496   0.05320   0.14375   0.12628   0.18241   0.01512   0.00000   0.00936   0.05567   0.02519   0.23417   0.18132   0.23917   0.22000   0.00000   0.11849   0.08694   0.02354   0.05625   0.00000   0.00642   0.01436   0.11374   0.11903   0.10190   0.19537   0.00424   0.00802   0.17352   0.20010   0.03376   0.18011   0.02937   0.01146   0.28857   0.00000   0.09486   0.03161   0.07353   0.04848   0.05291   0.20974   0.00835   0.00000   0.03404   0.03367   0.11777   0.14047   0.20173   0.17275   0.22999   0.25869   0.17701   0.18720   0.00000   0.18461   0.29895   0.06308   0.20735   0.10199   0.02618   0.02188   0.09336   0.06064   0.02916   0.32384   0.01276   0.00000   0.11168   0.00000   0.05672   0.06082   0.05019   0.05973   0.03651   0.04063   0.11499   0.07164   0.01547   0.02250   0.01413   0.04797   0.03161   0.00000   0.00000   0.00721   0.12777   0.00000   0.02117   0.04208   0.07658   0.15152   0.02969   0.00000   0.11894   0.12927   0.24759   0.19763   0.61910   0.59398   0.68796  
 51 1183.2826  12428.677140  x:  0.43352   0.00000   0.00000   0.42941   0.03856   0.25274   0.11082   0.05946   0.03743   0.14655   0.41285   0.05503   0.00000   0.00000   0.11743   0.11420   0.05287   0.02005   0.08825   0.21165   0.22996   0.19342   0.00000   0.00000   0.00000   0.00000   0.01375   0.00000   0.01790   0.00000   0.09119   0.01267   0.05238   0.14710   0.13337   0.01042   0.06200   0.05972   0.14188   0.14174   0.41606   0.08561   0.18799   0.11066   0.01632   0.00000   0.00000   0.20429   0.48268   0.22741   0.05365   0.14437   0.12674   0.18313   0.01140   0.00000   0.00976   0.05340   0.02545   0.23563   0.18229   0.24136   0.22198   0.00000   0.11901   0.08666   0.02309   0.05436   0.00000   0.00969   0.00981   0.11418   0.11943   0.10248   0.19690   0.00141   0.00831   0.17410   0.20164   0.03143   0.18120   0.02832   0.00621   0.29151   0.00000   0.09458   0.03149   0.07051   0.04551   0.05391   0.21155   0.00404   0.00000   0.03308   0.03432   0.11815   0.14094   0.20323   0.17348   0.23275   0.26242   0.17777   0.18813   0.00000   0.18497   0.29991   0.06456   0.20980   0.10306   0.02547   0.02214   0.09455   0.06199   0.03041   0.32533   0.01209   0.00000   0.11192   0.00000   0.05772   0.06206   0.04411   0.06058   0.03609   0.04143   0.11525   0.07220   0.01513   0.02065   0.01422   0.04650   0.03154   0.00000   0.00000   0.00894   0.12982   0.00000   0.02318   0.04185   0.07724   0.15278   0.02943   0.00000   0.11908   0.13001   0.25158   0.19962   0.61960   0.59410   0.68815  
 52 421.3500  12422.149389  x:  0.43676   0.00000   0.00000   0.43287   0.04070   0.25362   0.11238   0.05997   0.03733   0.14778   0.41568   0.05418   0.00000   0.00000   0.11752   0.11443   0.05204   0.02020   0.08933   0.21500   0.23452   0.19328   0.00000   0.00000   0.00000   0.00000   0.00171   0.00000   0.01752   0.00000   0.09671   0.01116   0.05207   0.14748   0.13734   0.01008   0.05990   0.06141   0.14163   0.14181   0.41756   0.08696   0.18990   0.11479   0.01000   0.00000   0.00000   0.20759   0.49012   0.23174   0.05432   0.14531   0.12750   0.18431   0.01048   0.00000   0.01085   0.05004   0.02573   0.23805   0.18389   0.24503   0.22523   0.00000   0.11981   0.08625   0.02278   0.05172   0.00000   0.00831   0.00366   0.11507   0.11993   0.10353   0.19959   0.00233   0.00839   0.17502   0.20425   0.02817   0.18305   0.02726   0.00246   0.29652   0.00000   0.09429   0.03139   0.06590   0.04146   0.05522   0.21453   0.01324   0.00000   0.03196   0.03512   0.11870   0.14168   0.20572   0.17471   0.23736   0.26869   0.17887   0.18965   0.00000   0.18557   0.30158   0.06682   0.21380   0.10466   0.02470   0.02248   0.09637   0.06386   0.03196   0.32790   0.01115   0.00000   0.11232   0.00000   0.05916   0.06391   0.03370   0.06184   0.03551   0.04255   0.11565   0.07305   0.01495   0.01846   0.01436   0.04431   0.03145   0.00000   0.00000   0.00880   0.13292   0.00000   0.02581   0.04133   0.07824   0.15487   0.02896   0.00000   0.11931   0.13124   0.25814   0.20285   0.62043   0.59429   0.68847  
 53 826.0216  12418.175674  x:  0.43925   0.00000   0.00000   0.43553   0.04231   0.25428   0.11357   0.06035   0.03726   0.14872   0.41785   0.05348   0.00000   0.00000   0.11759   0.11461   0.05146   0.02028   0.09011   0.21751   0.23793   0.19318   0.00000   0.00000   0.00000   0.00000   0.00497   0.00000   0.01728   0.00000   0.10061   0.01036   0.05187   0.14776   0.14024   0.01012   0.05841   0.06259   0.14144   0.14186   0.41869   0.08792   0.19132   0.11777   0.00683   0.00000   0.00000   0.21005   0.49578   0.23499   0.05481   0.14600   0.12807   0.18518   0.01022   0.00000   0.01152   0.04764   0.02590   0.23986   0.18509   0.24778   0.22766   0.00000   0.12040   0.08595   0.02261   0.04988   0.00000   0.00767   0.00000   0.11581   0.12030   0.10429   0.20164   0.00269   0.00831   0.17571   0.20621   0.02594   0.18445   0.02661   0.00146   0.30030   0.00000   0.09414   0.03133   0.06260   0.03872   0.05611   0.21676   0.01631   0.00000   0.03126   0.03566   0.11909   0.14223   0.20759   0.17562   0.24082   0.27338   0.17970   0.19078   0.00000   0.18601   0.30287   0.06847   0.21679   0.10581   0.02422   0.02271   0.09767   0.06516   0.03298   0.32985   0.01050   0.00000   0.11261   0.00000   0.06017   0.06524   0.02586   0.06274   0.03511   0.04333   0.11596   0.07366   0.01488   0.01707   0.01447   0.04276   0.03138   0.00000   0.00000   0.00868   0.13518   0.00000   0.02762   0.04094   0.07896   0.15644   0.02860   0.00000   0.11950   0.13217   0.26306   0.20525   0.62105   0.59444   0.68872  
 54 860.3917  12410.040586  x:  0.44721   0.00000   0.00000   0.44407   0.04723   0.25642   0.11728   0.06151   0.03701   0.15174   0.42481   0.05082   0.00000   0.00000   0.11781   0.11511   0.05012   0.02023   0.09208   0.22495   0.24814   0.19288   0.00000   0.00000   0.00000   0.00000   0.00474   0.00000   0.01712   0.00000   0.11035   0.00837   0.05145   0.14856   0.14828   0.01262   0.05474   0.06540   0.14090   0.14200   0.42226   0.09030   0.19550   0.12583   0.01525   0.00000   0.00000   0.21741   0.51355   0.24490   0.05616   0.14785   0.12978   0.18776   0.01340   0.00000   0.01226   0.04170   0.02605   0.24532   0.18863   0.25613   0.23488   0.00000   0.12202   0.08518   0.02273   0.04579   0.00000   0.00681   0.00215   0.11888   0.12127   0.10643   0.20831   0.00352   0.00709   0.17757   0.21217   0.02118   0.18878   0.02586   0.01251   0.31196   0.00000   0.09409   0.03131   0.05413   0.03326   0.05805   0.22343   0.01458   0.00000   0.03033   0.03674   0.12017   0.14377   0.21317   0.17847   0.25141   0.28737   0.18216   0.19413   0.00000   0.18734   0.30699   0.07304   0.22564   0.10886   0.02361   0.02315   0.10115   0.06823   0.03491   0.33600   0.00904   0.00000   0.11347   0.00000   0.06269   0.06881   0.00237   0.06508   0.03425   0.04517   0.11684   0.07530   0.01519   0.01528   0.01475   0.03894   0.03126   0.00000   0.00000   0.00753   0.14145   0.00000   0.03173   0.03977   0.08096   0.16108   0.02740   0.00000   0.12008   0.13495   0.27782   0.21234   0.62280   0.59489   0.68951  
 55 912.2241  12403.638775  x:  0.46567   0.00000   0.00000   0.46399   0.05760   0.26130   0.12546   0.06395   0.03642   0.15881   0.44098   0.04323   0.00000   0.00000   0.11828   0.11603   0.04897   0.01941   0.09467   0.23980   0.26879   0.19226   0.00000   0.00000   0.00000   0.00000   0.00519   0.00000   0.01817   0.00000   0.12326   0.00726   0.05126   0.15004   0.16201   0.01730   0.05057   0.06834   0.13988   0.14221   0.43019   0.09320   0.20367   0.13880   0.02412   0.00000   0.00000   0.23232   0.55307   0.26509   0.05728   0.15117   0.13276   0.19275   0.01860   0.00000   0.01064   0.03559   0.02545   0.25646   0.19563   0.27342   0.24930   0.00000   0.12473   0.08412   0.02434   0.04326   0.00000   0.00186   0.01157   0.12519   0.12279   0.10996   0.22203   0.00265   0.00573   0.18131   0.22463   0.02008   0.19753   0.02643   0.01758   0.33609   0.00000   0.09344   0.03167   0.04456   0.03353   0.05918   0.23697   0.01284   0.00000   0.03045   0.03739   0.12212   0.14647   0.22411   0.18410   0.27322   0.31601   0.18694   0.20066   0.00000   0.18996   0.31655   0.08104   0.24320   0.11341   0.02483   0.02306   0.10640   0.07138   0.03460   0.34977   0.00797   0.00000   0.11511   0.00000   0.06585   0.07510   0.02885   0.06869   0.03446   0.04787   0.11859   0.07780   0.01664   0.01924   0.01500   0.03490   0.03123   0.00000   0.00000   0.00502   0.15238   0.00000   0.03551   0.03747   0.08436   0.17034   0.02445   0.00000   0.12144   0.14059   0.30804   0.22623   0.62581   0.59589   0.69125  
 56 387.8880  12402.070054  x:  0.47288   0.00000   0.00000   0.47187   0.06090   0.26316   0.12832   0.06471   0.03619   0.16161   0.44731   0.03972   0.00000   0.00000   0.11840   0.11619   0.04959   0.01913   0.09438   0.24382   0.27463   0.19212   0.00000   0.00000   0.00000   0.00000   0.00600   0.00000   0.01788   0.00000   0.12271   0.00723   0.05149   0.15031   0.16410   0.01773   0.05172   0.06751   0.13968   0.14223   0.43297   0.09272   0.20571   0.14021   0.02613   0.00000   0.00000   0.23644   0.56722   0.27088   0.05668   0.15176   0.13321   0.19394   0.01921   0.00000   0.00920   0.03833   0.02508   0.25966   0.19744   0.27855   0.25324   0.00000   0.12504   0.08417   0.02458   0.04580   0.00000   0.01455   0.01342   0.12661   0.12306   0.11008   0.22594   0.00339   0.00571   0.18236   0.22827   0.02277   0.19988   0.02723   0.01799   0.34351   0.00000   0.09310   0.03180   0.04782   0.03850   0.05823   0.24071   0.01758   0.00000   0.03130   0.03659   0.12242   0.14691   0.22695   0.18535   0.27962   0.32458   0.18841   0.20227   0.00000   0.19063   0.32027   0.08278   0.24794   0.11353   0.02568   0.02245   0.10658   0.07032   0.03185   0.35469   0.00846   0.00000   0.11547   0.00000   0.06544   0.07532   0.03143   0.06868   0.03487   0.04730   0.11897   0.07796   0.01650   0.02120   0.01459   0.03645   0.03133   0.00000   0.00000   0.00819   0.15439   0.00000   0.03366   0.03747   0.08485   0.17280   0.02317   0.00000   0.12197   0.14212   0.31706   0.22981   0.62618   0.59623   0.69192  
 57 349.8854  12397.813240  x:  0.49254   0.00000   0.00000   0.49362   0.06831   0.26809   0.13537   0.06632   0.03555   0.16934   0.46457   0.03003   0.00000   0.00000   0.11855   0.11620   0.05255   0.01896   0.09136   0.25105   0.28592   0.19196   0.00000   0.00000   0.00000   0.00000   0.00646   0.00000   0.01791   0.00000   0.11199   0.01464   0.05263   0.15049   0.16366   0.01258   0.05861   0.06235   0.13956   0.14215   0.43981   0.08882   0.20889   0.13745   0.02725   0.00000   0.00000   0.24382   0.60296   0.28196   0.05366   0.15205   0.13303   0.19562   0.01418   0.00000   0.00783   0.05139   0.02416   0.26591   0.20043   0.28896   0.26052   0.00000   0.12452   0.08506   0.02378   0.05588   0.00000   0.00634   0.01228   0.12741   0.12233   0.10897   0.23261   0.00058   0.00884   0.18430   0.23508   0.03366   0.20391   0.02880   0.01426   0.35947   0.00000   0.09196   0.03188   0.06469   0.05356   0.05426   0.24758   0.01967   0.00000   0.03371   0.03326   0.12236   0.14694   0.23174   0.18710   0.29218   0.34204   0.19003   0.20472   0.00000   0.19171   0.33038   0.08562   0.25650   0.11094   0.02741   0.02052   0.10367   0.06399   0.02072   0.36707   0.01026   0.00000   0.11590   0.00000   0.06173   0.07199   0.02471   0.06616   0.03619   0.04327   0.11948   0.07701   0.01460   0.02451   0.01304   0.04448   0.03167   0.00000   0.00000   0.00860   0.15585   0.00000   0.02339   0.03835   0.08447   0.17713   0.01942   0.00000   0.12346   0.14484   0.33606   0.23585   0.62529   0.59705   0.69373  
 58 304.7814  12396.523631  x:  0.49965   0.00000   0.00000   0.50160   0.07018   0.26979   0.13754   0.06669   0.03534   0.17218   0.47077   0.02785   0.00000   0.00000   0.11849   0.11604   0.05305   0.01924   0.08990   0.25212   0.28800   0.19199   0.00000   0.00000   0.00000   0.00000   0.00573   0.00000   0.01859   0.00000   0.10693   0.00584   0.05240   0.15028   0.16163   0.01319   0.06025   0.06092   0.13965   0.14211   0.44185   0.08732   0.20909   0.13476   0.02567   0.00000   0.00000   0.24480   0.61440   0.28388   0.05305   0.15175   0.13259   0.19559   0.01426   0.00000   0.00889   0.05341   0.02389   0.26708   0.20064   0.29100   0.26167   0.00000   0.12398   0.08542   0.02353   0.05710   0.00000   0.00589   0.01126   0.12686   0.12198   0.10803   0.23360   0.00019   0.00653   0.18432   0.23605   0.03408   0.20425   0.02828   0.01145   0.36333   0.00000   0.09179   0.03173   0.06766   0.05467   0.05374   0.24853   0.01514   0.00000   0.03351   0.03286   0.12208   0.14663   0.23228   0.18696   0.29456   0.34590   0.19012   0.20481   0.00000   0.19178   0.33399   0.08703   0.25782   0.10951   0.02727   0.02098   0.10196   0.06198   0.01808   0.37106   0.00996   0.00000   0.11584   0.00000   0.06033   0.07030   0.02338   0.06493   0.03645   0.04217   0.11955   0.07646   0.01470   0.02434   0.01329   0.04599   0.03169   0.00000   0.00000   0.00698   0.15561   0.00000   0.01986   0.03859   0.08385   0.17768   0.01794   0.00000   0.12402   0.14513   0.34073   0.23660   0.62440   0.59727   0.69440  
 59 218.2221  12395.162491  x:  0.51315   0.00000   0.00000   0.51698   0.07243   0.27286   0.14104   0.06707   0.03498   0.17762   0.48246   0.02597   0.00000   0.00000   0.11822   0.11555   0.05297   0.01983   0.08698   0.25187   0.28900   0.19212   0.00000   0.00000   0.00000   0.00000   0.00509   0.00000   0.01808   0.00000   0.09729   0.00945   0.05217   0.14977   0.15558   0.01901   0.06141   0.05956   0.13996   0.14203   0.44504   0.08497   0.20812   0.12790   0.02314   0.00000   0.00000   0.24433   0.63371   0.28458   0.05300   0.15065   0.13140   0.19469   0.01993   0.00000   0.00901   0.05243   0.02337   0.26766   0.19978   0.29225   0.26158   0.00000   0.12264   0.08602   0.02372   0.05558   0.00000   0.00632   0.01020   0.12506   0.12128   0.10587   0.23369   0.00484   0.00116   0.18343   0.23574   0.03020   0.20335   0.02675   0.00952   0.36778   0.00000   0.09215   0.03143   0.06761   0.05061   0.05423   0.24808   0.01236   0.00000   0.03217   0.03349   0.12120   0.14569   0.23164   0.18581   0.29598   0.34955   0.18956   0.20385   0.00000   0.19146   0.34075   0.09042   0.25773   0.10660   0.02628   0.02257   0.09832   0.05937   0.01651   0.37791   0.00824   0.00000   0.11544   0.00000   0.05817   0.06704   0.02306   0.06259   0.03658   0.04118   0.11949   0.07526   0.01613   0.02274   0.01454   0.04621   0.03157   0.00000   0.00000   0.00513   0.15451   0.00000   0.01522   0.03894   0.08219   0.17719   0.01494   0.00000   0.12512   0.14471   0.34630   0.23599   0.62218   0.59758   0.69572  
 60 177.6828  12394.063769  x:  0.52894   0.00000   0.00000   0.53511   0.07426   0.27635   0.14476   0.06734   0.03461   0.18403   0.49603   0.02458   0.00000   0.00000   0.11790   0.11500   0.05252   0.02013   0.08412   0.25059   0.28875   0.19227   0.00000   0.00000   0.00000   0.00000   0.00492   0.00000   0.01824   0.00000   0.08890   0.00946   0.05189   0.14913   0.14847   0.02056   0.06151   0.05910   0.14034   0.14192   0.44831   0.08322   0.20650   0.12038   0.02243   0.00000   0.00000   0.24272   0.65479   0.28397   0.05349   0.14928   0.13007   0.19334   0.02207   0.00000   0.00870   0.04982   0.02323   0.26755   0.19831   0.29243   0.26045   0.00000   0.12120   0.08651   0.02402   0.05294   0.00000   0.00588   0.01030   0.12311   0.12060   0.10369   0.23296   0.00596   0.01000   0.18248   0.23442   0.02628   0.20182   0.02609   0.01039   0.37142   0.00000   0.09292   0.03136   0.06554   0.04490   0.05498   0.24655   0.01172   0.00000   0.03127   0.03453   0.12019   0.14455   0.23017   0.18453   0.29630   0.35164   0.18864   0.20232   0.00000   0.19091   0.34858   0.09439   0.25642   0.10386   0.02544   0.02295   0.09476   0.05759   0.01669   0.38546   0.00677   0.00000   0.11489   0.00000   0.05656   0.06407   0.02386   0.06053   0.03655   0.04091   0.11928   0.07395   0.01697   0.02112   0.01518   0.04538   0.03143   0.00000   0.00000   0.01095   0.15351   0.00000   0.01353   0.03948   0.08043   0.17593   0.01130   0.00000   0.12644   0.14387   0.35106   0.23440   0.61966   0.59785   0.69730  
 61 280.0637  12392.423095  x:  0.54852   0.00000   0.00000   0.55784   0.07524   0.28047   0.14875   0.06743   0.03426   0.19202   0.51258   0.02308   0.00000   0.00000   0.11761   0.11453   0.05200   0.01988   0.08217   0.24789   0.28666   0.19240   0.00000   0.00000   0.00000   0.00000   0.00563   0.00000   0.01835   0.00000   0.08594   0.00980   0.05192   0.14845   0.14122   0.01459   0.06045   0.05995   0.14076   0.14179   0.45161   0.08308   0.20410   0.11372   0.02385   0.00000   0.00000   0.23955   0.67843   0.28144   0.05435   0.14777   0.12880   0.19153   0.01717   0.00000   0.00823   0.04698   0.02397   0.26640   0.19615   0.29103   0.25782   0.00000   0.11996   0.08668   0.02403   0.05077   0.00000   0.00753   0.01228   0.12115   0.12016   0.10202   0.23050   0.00000   0.00950   0.18111   0.23201   0.02467   0.19953   0.02753   0.01310   0.37361   0.00000   0.09398   0.03172   0.06270   0.04075   0.05518   0.24362   0.01588   0.00000   0.03186   0.03519   0.11926   0.14332   0.22760   0.18229   0.29444   0.35148   0.18732   0.20015   0.00000   0.19010   0.35812   0.09851   0.25340   0.10224   0.02588   0.02124   0.09233   0.05734   0.01824   0.39393   0.00709   0.00000   0.11422   0.00000   0.05633   0.06244   0.02488   0.05960   0.03636   0.04161   0.11883   0.07276   0.01605   0.02070   0.01433   0.04390   0.03141   0.00000   0.00000   0.00638   0.15255   0.00000   0.01756   0.03913   0.07865   0.17373   0.00653   0.00000   0.12812   0.14260   0.35432   0.23149   0.61704   0.59805   0.69933  
 62 213.5192  12390.403065  x:  0.57289   0.00000   0.00000   0.58666   0.07397   0.28517   0.15255   0.06719   0.03405   0.20206   0.53252   0.02028   0.00000   0.00000   0.11761   0.11454   0.05197   0.01981   0.08359   0.24369   0.28203   0.19247   0.00000   0.00000   0.00000   0.00000   0.00563   0.00000   0.01782   0.00000   0.09610   0.00839   0.05233   0.14811   0.13851   0.01149   0.05860   0.06204   0.14101   0.14176   0.45427   0.08634   0.20133   0.11369   0.02463   0.00000   0.00000   0.23470   0.70312   0.27622   0.05486   0.14691   0.12829   0.18976   0.01110   0.00000   0.00997   0.04697   0.02506   0.26375   0.19368   0.28731   0.25351   0.00000   0.11998   0.08616   0.02362   0.05207   0.00000   0.00445   0.01298   0.11996   0.12042   0.10268   0.22640   0.00000   0.00232   0.18005   0.22854   0.02933   0.19662   0.02927   0.01235   0.37259   0.00000   0.09457   0.03194   0.06155   0.04499   0.05407   0.23928   0.01362   0.00000   0.03310   0.03429   0.11908   0.14264   0.22394   0.17974   0.28950   0.34788   0.18578   0.19779   0.00000   0.18918   0.36958   0.10133   0.24842   0.10416   0.02807   0.02133   0.09382   0.05973   0.01903   0.40233   0.00864   0.00000   0.11365   0.00000   0.05873   0.06455   0.02476   0.06164   0.03600   0.04312   0.11832   0.07283   0.01474   0.02294   0.01372   0.04275   0.03161   0.00000   0.00000   0.01650   0.15149   0.00000   0.02288   0.03923   0.07862   0.17049   0.00000   0.00000   0.13028   0.14104   0.35402   0.22723   0.61570   0.59803   0.70196  
 63 157.1653  12388.072200  x:  0.59888   0.00000   0.00000   0.61786   0.07034   0.28975   0.15559   0.06670   0.03403   0.21282   0.55301   0.01642   0.00000   0.00000   0.11789   0.11504   0.05249   0.01971   0.08772   0.23918   0.27614   0.19246   0.00000   0.00000   0.00000   0.00000   0.00466   0.00000   0.01770   0.00000   0.11235   0.00780   0.05290   0.14823   0.14144   0.01193   0.05724   0.06390   0.14099   0.14184   0.45582   0.09115   0.19907   0.12002   0.02339   0.00000   0.00000   0.22954   0.72521   0.26972   0.05465   0.14705   0.12868   0.18860   0.01302   0.00000   0.01044   0.04978   0.02548   0.26035   0.19166   0.28232   0.24872   0.00000   0.12121   0.08525   0.02299   0.05579   0.00000   0.00556   0.01118   0.12007   0.12140   0.10515   0.22197   0.00000   0.01096   0.18004   0.22479   0.03700   0.19393   0.03015   0.00747   0.36881   0.00000   0.09431   0.03189   0.06291   0.05328   0.05278   0.23475   0.00518   0.00000   0.03421   0.03249   0.11970   0.14278   0.22037   0.17823   0.28313   0.34158   0.18472   0.19601   0.00000   0.18844   0.38136   0.10244   0.24287   0.10853   0.02890   0.02083   0.09839   0.06330   0.01822   0.40918   0.00991   0.00000   0.11339   0.00000   0.06225   0.06904   0.02338   0.06540   0.03568   0.04437   0.11795   0.07413   0.01369   0.02524   0.01304   0.04286   0.03185   0.00000   0.00000   0.00901   0.14992   0.00000   0.02755   0.03784   0.07973   0.16737   0.00000   0.00000   0.13263   0.13963   0.35048   0.22282   0.61609   0.59775   0.70483  
 64 280.4586  12387.408755  x:  0.61081   0.00000   0.00000   0.63294   0.06536   0.29117   0.15564   0.06635   0.03426   0.21782   0.56106   0.01479   0.00000   0.00000   0.11818   0.11554   0.05274   0.01968   0.09032   0.23859   0.27407   0.19239   0.00000   0.00000   0.00000   0.00000   0.00490   0.00000   0.01872   0.00000   0.11269   0.00758   0.05244   0.14889   0.14877   0.00902   0.05884   0.06202   0.14062   0.14193   0.45489   0.09083   0.19981   0.12674   0.02363   0.00000   0.00000   0.22877   0.72961   0.26739   0.05380   0.14854   0.12981   0.18961   0.00876   0.00000   0.00836   0.05142   0.02372   0.25924   0.19236   0.28031   0.24801   0.00000   0.12256   0.08523   0.02357   0.05567   0.00000   0.00568   0.01360   0.12158   0.12194   0.10695   0.22075   0.00000   0.01142   0.18082   0.22394   0.03415   0.19414   0.02689   0.00805   0.36511   0.00000   0.09322   0.03130   0.06478   0.05185   0.05509   0.23433   0.00522   0.00000   0.03226   0.03337   0.12066   0.14403   0.22073   0.17932   0.28020   0.33749   0.18517   0.19697   0.00000   0.18875   0.38600   0.10204   0.24191   0.11011   0.02467   0.02146   0.10094   0.06332   0.01623   0.40916   0.00673   0.00000   0.11385   0.00000   0.06169   0.07023   0.02412   0.06584   0.03598   0.04295   0.11838   0.07564   0.01620   0.02228   0.01427   0.04459   0.03157   0.00000   0.00000   0.00829   0.14865   0.00000   0.02370   0.03850   0.08167   0.16739   0.00000   0.00000   0.13376   0.13980   0.34617   0.22256   0.61818   0.59724   0.70616  
 65 76.8366  12386.844354  x:  0.63107   0.00000   0.00000   0.65843   0.05743   0.29367   0.15610   0.06591   0.03452   0.22627   0.57475   0.01313   0.00000   0.00000   0.11842   0.11594   0.05277   0.01896   0.09227   0.23785   0.27148   0.19231   0.00000   0.00000   0.00000   0.00000   0.00503   0.00000   0.01784   0.00000   0.11062   0.00769   0.05234   0.14957   0.15569   0.00674   0.06040   0.06067   0.14023   0.14203   0.45389   0.08946   0.20072   0.13229   0.02307   0.00000   0.00000   0.22774   0.73842   0.26439   0.05335   0.15016   0.13090   0.19080   0.01359   0.00000   0.01002   0.05276   0.02469   0.25801   0.19335   0.27786   0.24735   0.00000   0.12370   0.08534   0.02278   0.05494   0.00000   0.00560   0.01525   0.12267   0.12230   0.10822   0.21861   0.00000   0.01056   0.18171   0.22311   0.03156   0.19476   0.02749   0.00821   0.36041   0.00000   0.09217   0.03171   0.06659   0.04881   0.05614   0.23398   0.00625   0.00000   0.03258   0.03415   0.12160   0.14528   0.22128   0.18037   0.27632   0.33202   0.18571   0.19816   0.00000   0.18914   0.39393   0.10298   0.24071   0.11079   0.02550   0.02051   0.10286   0.06320   0.01658   0.41021   0.00721   0.00000   0.11438   0.00000   0.06071   0.07061   0.02451   0.06549   0.03625   0.04188   0.11858   0.07654   0.01318   0.01970   0.01269   0.04601   0.03144   0.00000   0.00000   0.00933   0.14804   0.00000   0.02328   0.03936   0.08342   0.16746   0.00000   0.00000   0.13566   0.14034   0.34101   0.22240   0.62037   0.59647   0.70841  
 66 128.2090  12386.388098  x:  0.65097   0.00000   0.00000   0.68355   0.04923   0.29604   0.15647   0.06550   0.03476   0.23456   0.58794   0.01175   0.00000   0.00000   0.11858   0.11623   0.05272   0.01852   0.09359   0.23730   0.26922   0.19226   0.00000   0.00000   0.00000   0.00000   0.00507   0.00000   0.01735   0.00000   0.10828   0.00803   0.05238   0.15013   0.16109   0.01229   0.06149   0.05998   0.13991   0.14215   0.45285   0.08807   0.20160   0.13633   0.02260   0.00000   0.00000   0.22699   0.74655   0.26183   0.05317   0.15151   0.13176   0.19187   0.01204   0.00000   0.01077   0.05343   0.02558   0.25698   0.19429   0.27571   0.24689   0.00000   0.12452   0.08547   0.02244   0.05430   0.00000   0.00577   0.01591   0.12340   0.12251   0.10902   0.21671   0.00000   0.01053   0.18255   0.22255   0.02995   0.19547   0.02887   0.00872   0.35601   0.00000   0.09146   0.03211   0.06781   0.04635   0.05630   0.23383   0.00726   0.00000   0.03332   0.03449   0.12231   0.14628   0.22188   0.18132   0.27289   0.32697   0.18621   0.19926   0.00000   0.18952   0.40159   0.10422   0.23975   0.11100   0.02717   0.01989   0.10411   0.06310   0.01760   0.41107   0.00829   0.00000   0.11483   0.00000   0.05989   0.07067   0.02453   0.06499   0.03642   0.04131   0.11872   0.07712   0.01163   0.01906   0.01173   0.04684   0.03142   0.00000   0.00000   0.00934   0.14777   0.00000   0.02393   0.03986   0.08467   0.16762   0.00000   0.00000   0.13753   0.14092   0.33618   0.22242   0.62226   0.59568   0.71061  
 67 365.0981  12385.845221  x:  0.67534   0.00000   0.00000   0.71517   0.03541   0.29818   0.15576   0.06502   0.03508   0.24473   0.60222   0.01066   0.00000   0.00000   0.11860   0.11628   0.05240   0.01955   0.09374   0.23771   0.26763   0.19230   0.00000   0.00000   0.00000   0.00000   0.00493   0.00000   0.01829   0.00000   0.10505   0.00813   0.05258   0.15056   0.16491   0.01214   0.06072   0.06101   0.13963   0.14221   0.45047   0.08634   0.20321   0.13826   0.02231   0.00000   0.00000   0.22770   0.75088   0.26048   0.05367   0.15271   0.13241   0.19331   0.01366   0.00000   0.00879   0.05199   0.02501   0.25644   0.19579   0.27402   0.24748   0.00000   0.12477   0.08561   0.02415   0.05405   0.00000   0.00579   0.01294   0.12365   0.12239   0.10891   0.21576   0.00000   0.01003   0.18379   0.22314   0.03040   0.19705   0.03045   0.00970   0.35019   0.00000   0.09160   0.03188   0.06705   0.04642   0.05389   0.23497   0.00794   0.00000   0.03390   0.03340   0.12259   0.14705   0.22340   0.18276   0.27006   0.32154   0.18708   0.20094   0.00000   0.19013   0.41002   0.10618   0.23995   0.11010   0.02928   0.02251   0.10403   0.06298   0.01984   0.40953   0.00922   0.00000   0.11535   0.00000   0.05950   0.07016   0.02376   0.06414   0.03635   0.04207   0.11902   0.07727   0.01880   0.02492   0.01501   0.04587   0.03171   0.00000   0.00000   0.00941   0.14830   0.00000   0.02448   0.03931   0.08511   0.16861   0.00000   0.00000   0.13986   0.14195   0.32950   0.22363   0.62435   0.59435   0.71323  
 68 145.7297  12384.775802  x:  0.71739   0.00000   0.00000   0.77228   0.00000   0.29954   0.15122   0.06428   0.03568   0.26225   0.62095   0.00783   0.00000   0.00000   0.11835   0.11584   0.05192   0.01995   0.09113   0.24111   0.26805   0.19233   0.00000   0.00000   0.00000   0.00000   0.00471   0.00000   0.01832   0.00000   0.10217   0.00813   0.05259   0.15070   0.16540   0.01210   0.05652   0.06421   0.13945   0.14218   0.44338   0.08494   0.20705   0.13588   0.02517   0.00000   0.00000   0.23282   0.74154   0.26284   0.05475   0.15343   0.13256   0.19581   0.01359   0.00000   0.00868   0.04730   0.02260   0.25738   0.19910   0.27374   0.25147   0.00000   0.12376   0.08548   0.02351   0.05474   0.00000   0.00595   0.00674   0.12392   0.12151   0.10715   0.21867   0.00000   0.00911   0.18592   0.22688   0.03386   0.20081   0.02735   0.01037   0.33943   0.00000   0.09354   0.03087   0.06204   0.05223   0.05029   0.23983   0.00778   0.00000   0.03202   0.03181   0.12193   0.14739   0.22770   0.18608   0.26935   0.31472   0.18894   0.20429   0.00000   0.19145   0.42158   0.10911   0.24362   0.10725   0.02252   0.01900   0.10136   0.06261   0.02170   0.39909   0.00637   0.00000   0.11605   0.00000   0.06042   0.06890   0.02393   0.06339   0.03587   0.04464   0.11916   0.07570   0.01305   0.02760   0.01393   0.04153   0.03186   0.00000   0.00000   0.00967   0.15053   0.00000   0.02162   0.03673   0.08373   0.17213   0.00000   0.00000   0.14396   0.14403   0.31590   0.22836   0.62735   0.59099   0.71733  
 69 123.6314  12384.125601  x:  0.74850   0.00000   0.00000   0.81587   0.00000   0.29935   0.14670   0.06389   0.03603   0.27512   0.63126   0.00379   0.00000   0.00000   0.11815   0.11549   0.05204   0.01918   0.08896   0.24420   0.26981   0.19227   0.00000   0.00000   0.00000   0.00000   0.00489   0.00000   0.01729   0.00000   0.10348   0.00827   0.05243   0.15044   0.16255   0.01119   0.05532   0.06466   0.13954   0.14209   0.43750   0.08572   0.20937   0.13232   0.02518   0.00000   0.00000   0.23714   0.72701   0.26623   0.05455   0.15304   0.13203   0.19689   0.01196   0.00000   0.01061   0.04676   0.02441   0.25882   0.20112   0.27494   0.25488   0.00000   0.12278   0.08529   0.02289   0.05507   0.00000   0.00604   0.00907   0.12467   0.12091   0.10606   0.22287   0.00000   0.00990   0.18637   0.23001   0.03450   0.20321   0.02557   0.00895   0.33286   0.00000   0.09437   0.03172   0.05987   0.05422   0.05292   0.24363   0.00779   0.00000   0.03191   0.03340   0.12130   0.14704   0.23062   0.18827   0.27118   0.31194   0.18986   0.20602   0.00000   0.19216   0.42845   0.11113   0.24712   0.10603   0.02743   0.02508   0.09966   0.06252   0.02192   0.38858   0.00698   0.00000   0.11622   0.00000   0.06132   0.06841   0.02356   0.06383   0.03562   0.04500   0.11933   0.07480   0.01270   0.02450   0.01137   0.04054   0.03162   0.00000   0.00000   0.00885   0.15276   0.00000   0.01976   0.03629   0.08235   0.17475   0.00000   0.00000   0.14702   0.14538   0.30680   0.23199   0.62841   0.58807   0.71996  
 70 161.1650  12383.485451  x:  0.78219   0.00000   0.00000   0.86398   0.00000   0.29850   0.14184   0.06376   0.03618   0.28898   0.64012   0.00000   0.00000   0.00000   0.11803   0.11527   0.05250   0.01931   0.08776   0.24690   0.27244   0.19223   0.00000   0.00000   0.00000   0.00000   0.00481   0.00000   0.01825   0.00000   0.10766   0.00799   0.05246   0.14989   0.15726   0.01155   0.05719   0.06318   0.13985   0.14197   0.43215   0.08794   0.21031   0.12829   0.02217   0.00000   0.00000   0.24043   0.70882   0.27007   0.05373   0.15180   0.13111   0.19672   0.01264   0.00000   0.00854   0.04933   0.02580   0.26045   0.20181   0.27711   0.25753   0.00000   0.12207   0.08516   0.02357   0.05504   0.00000   0.00552   0.01242   0.12500   0.12075   0.10566   0.22726   0.00000   0.00957   0.18531   0.23259   0.03315   0.20460   0.02815   0.00847   0.32919   0.00000   0.09384   0.03231   0.06106   0.05285   0.05671   0.24641   0.00684   0.00000   0.03386   0.03470   0.12079   0.14609   0.23223   0.18913   0.27452   0.31186   0.18994   0.20629   0.00000   0.19233   0.43484   0.11446   0.25029   0.10641   0.02697   0.01799   0.09937   0.06297   0.02266   0.37743   0.01044   0.00000   0.11594   0.00000   0.06190   0.06868   0.02306   0.06498   0.03569   0.04379   0.11958   0.07480   0.01600   0.02098   0.01502   0.04280   0.03151   0.00000   0.00000   0.00931   0.15546   0.00000   0.02166   0.03797   0.08133   0.17648   0.00000   0.00000   0.15035   0.14599   0.30083   0.23459   0.62769   0.58483   0.72246  
 71 172.4490  12383.485451  x:  0.78219   0.00000   0.00000   0.86398   0.00000   0.29850   0.14184   0.06376   0.03618   0.28898   0.64012   0.00000   0.00000   0.00000   0.11803   0.11527   0.05250   0.01931   0.08776   0.24690   0.27244   0.19223   0.00000   0.00000   0.00000   0.00000   0.00481   0.00000   0.01825   0.00000   0.10766   0.00799   0.05246   0.14989   0.15726   0.01155   0.05719   0.06318   0.13985   0.14197   0.43215   0.08794   0.21031   0.12829   0.02217   0.00000   0.00000   0.24043   0.70882   0.27007   0.05373   0.15180   0.13111   0.19672   0.01264   0.00000   0.00854   0.04933   0.02580   0.26045   0.20181   0.27711   0.25753   0.00000   0.12207   0.08516   0.02357   0.05504   0.00000   0.00552   0.01242   0.12500   0.12075   0.10566   0.22726   0.00000   0.00957   0.18531   0.23259   0.03315   0.20460   0.02815   0.00847   0.32919   0.00000   0.09384   0.03231   0.06106   0.05285   0.05671   0.24641   0.00684   0.00000   0.03386   0.03470   0.12079   0.14609   0.23223   0.18913   0.27452   0.31186   0.18994   0.20629   0.00000   0.19233   0.43484   0.11446   0.25029   0.10641   0.02697   0.01799   0.09937   0.06297   0.02266   0.37743   0.01044   0.00000   0.11594   0.00000   0.06190   0.06868   0.02306   0.06498   0.03569   0.04379   0.11958   0.07480   0.01600   0.02098   0.01502   0.04280   0.03151   0.00000   0.00000   0.00931   0.15546   0.00000   0.02166   0.03797   0.08133   0.17648   0.00000   0.00000   0.15035   0.14599   0.30083   0.23459   0.62769   0.58483   0.72246  
 72 105.9768  12379.675167  x:  0.78272   0.00000   0.00000   0.86492   0.00000   0.29840   0.14226   0.06399   0.03607   0.28915   0.63964   0.00123   0.00000   0.00000   0.11802   0.11533   0.05165   0.01996   0.08845   0.24730   0.27370   0.19223   0.00000   0.00000   0.00000   0.00000   0.00685   0.00000   0.00191   0.00000   0.10963   0.01552   0.05235   0.14995   0.15773   0.00872   0.05620   0.06400   0.13986   0.14199   0.43302   0.08857   0.21006   0.12952   0.01080   0.00000   0.00000   0.24029   0.70963   0.27072   0.05434   0.15185   0.13117   0.19645   0.00861   0.00000   0.00299   0.04631   0.02526   0.26094   0.20149   0.27810   0.25776   0.00000   0.12240   0.08506   0.02276   0.05177   0.00000   0.01134   0.00302   0.12415   0.12120   0.10589   0.22725   0.00000   0.00694   0.18494   0.23251   0.02795   0.20417   0.02593   0.00000   0.33179   0.00000   0.09322   0.03161   0.05807   0.04623   0.05750   0.24640   0.00183   0.00000   0.03166   0.03531   0.12098   0.14612   0.23207   0.18859   0.27584   0.31461   0.18997   0.20597   0.00000   0.19221   0.43468   0.11626   0.25093   0.10728   0.02589   0.02212   0.10012   0.06412   0.02459   0.37820   0.00851   0.00000   0.11586   0.00000   0.06227   0.06926   0.01390   0.06527   0.03520   0.04425   0.11955   0.07519   0.01497   0.01814   0.01446   0.04140   0.03140   0.00000   0.00000   0.00905   0.15634   0.00000   0.02333   0.03805   0.08173   0.17642   0.00000   0.00000   0.15039   0.14572   0.30437   0.23476   0.62705   0.58487   0.72236  
 73 269.3687  12379.675167  x:  0.78272   0.00000   0.00000   0.86492   0.00000   0.29840   0.14226   0.06399   0.03607   0.28915   0.63964   0.00123   0.00000   0.00000   0.11802   0.11533   0.05165   0.01996   0.08845   0.24730   0.27370   0.19223   0.00000   0.00000   0.00000   0.00000   0.00685   0.00000   0.00191   0.00000   0.10963   0.01552   0.05235   0.14995   0.15773   0.00872   0.05620   0.06400   0.13986   0.14199   0.43302   0.08857   0.21006   0.12952   0.01080   0.00000   0.00000   0.24029   0.70963   0.27072   0.05434   0.15185   0.13117   0.19645   0.00861   0.00000   0.00299   0.04631   0.02526   0.26094   0.20149   0.27810   0.25776   0.00000   0.12240   0.08506   0.02276   0.05177   0.00000   0.01134   0.00302   0.12415   0.12120   0.10589   0.22725   0.00000   0.00694   0.18494   0.23251   0.02795   0.20417   0.02593   0.00000   0.33179   0.00000   0.09322   0.03161   0.05807   0.04623   0.05750   0.24640   0.00183   0.00000   0.03166   0.03531   0.12098   0.14612   0.23207   0.18859   0.27584   0.31461   0.18997   0.20597   0.00000   0.19221   0.43468   0.11626   0.25093   0.10728   0.02589   0.02212   0.10012   0.06412   0.02459   0.37820   0.00851   0.00000   0.11586   0.00000   0.06227   0.06926   0.01390   0.06527   0.03520   0.04425   0.11955   0.07519   0.01497   0.01814   0.01446   0.04140   0.03140   0.00000   0.00000   0.00905   0.15634   0.00000   0.02333   0.03805   0.08173   0.17642   0.00000   0.00000   0.15039   0.14572   0.30437   0.23476   0.62705   0.58487   0.72236  
 74 339.7787  12378.481782  x:  0.78278   0.00000   0.00000   0.86503   0.00000   0.29839   0.14231   0.06401   0.03606   0.28917   0.63959   0.00128   0.00000   0.00000   0.11802   0.11534   0.05159   0.01998   0.08850   0.24734   0.27383   0.19223   0.00000   0.00000   0.00000   0.00000   0.00623   0.00000   0.00630   0.00000   0.10980   0.01490   0.05230   0.14995   0.15778   0.00906   0.05613   0.06407   0.13986   0.14199   0.43312   0.08862   0.21003   0.12964   0.01062   0.00000   0.00000   0.24027   0.70971   0.27080   0.05441   0.15184   0.13119   0.19642   0.00914   0.00000   0.00397   0.04614   0.02529   0.26100   0.20146   0.27821   0.25780   0.00000   0.12243   0.08505   0.02276   0.05154   0.00000   0.01086   0.00259   0.12413   0.12122   0.10594   0.22728   0.00000   0.00691   0.18491   0.23250   0.02762   0.20415   0.02588   0.00207   0.33209   0.00000   0.09326   0.03159   0.05784   0.04575   0.05755   0.24639   0.00658   0.00000   0.03159   0.03536   0.12099   0.14613   0.23206   0.18855   0.27599   0.31488   0.18995   0.20594   0.00000   0.19220   0.43466   0.11639   0.25099   0.10736   0.02577   0.02213   0.10019   0.06420   0.02471   0.37829   0.00839   0.00000   0.11585   0.00000   0.06230   0.06932   0.01324   0.06529   0.03517   0.04429   0.11955   0.07523   0.01496   0.01803   0.01445   0.04130   0.03139   0.00000   0.00000   0.00905   0.15642   0.00000   0.02346   0.03805   0.08177   0.17642   0.00000   0.00000   0.15040   0.14570   0.30473   0.23478   0.62699   0.58487   0.72234  
 75 535.5483  12377.758866  x:  0.78314   0.00000   0.00000   0.86566   0.00000   0.29833   0.14259   0.06415   0.03599   0.28928   0.63926   0.00158   0.00000   0.00000   0.11803   0.11538   0.05123   0.02007   0.08884   0.24758   0.27462   0.19222   0.00000   0.00000   0.00000   0.00000   0.00362   0.00000   0.00547   0.00000   0.11082   0.01147   0.05202   0.14993   0.15805   0.01057   0.05574   0.06444   0.13987   0.14201   0.43368   0.08893   0.20988   0.13033   0.00967   0.00000   0.00000   0.24019   0.71025   0.27127   0.05480   0.15181   0.13129   0.19626   0.01137   0.00000   0.00714   0.04505   0.02539   0.26132   0.20129   0.27883   0.25804   0.00000   0.12261   0.08500   0.02274   0.05018   0.00000   0.00824   0.00033   0.12398   0.12134   0.10623   0.22745   0.00000   0.00670   0.18471   0.23249   0.02570   0.20399   0.02550   0.00550   0.33382   0.00000   0.09323   0.03146   0.05656   0.04286   0.05785   0.24639   0.00562   0.00000   0.03105   0.03566   0.12108   0.14614   0.23199   0.18834   0.27691   0.31654   0.18983   0.20574   0.00000   0.19212   0.43456   0.11721   0.25136   0.10782   0.02514   0.02220   0.10062   0.06469   0.02542   0.37881   0.00775   0.00000   0.11580   0.00000   0.06248   0.06968   0.00944   0.06545   0.03500   0.04452   0.11954   0.07544   0.01494   0.01743   0.01444   0.04069   0.03136   0.00000   0.00000   0.00908   0.15688   0.00000   0.02421   0.03804   0.08199   0.17638   0.00000   0.00000   0.15043   0.14557   0.30690   0.23486   0.62663   0.58490   0.72227  
 76 141.5709  12377.543976  x:  0.78330   0.00000   0.00000   0.86594   0.00000   0.29830   0.14271   0.06422   0.03596   0.28933   0.63912   0.00168   0.00000   0.00000   0.11803   0.11540   0.05109   0.02010   0.08898   0.24769   0.27496   0.19221   0.00000   0.00000   0.00000   0.00000   0.00478   0.00000   0.00547   0.00000   0.11124   0.01070   0.05194   0.14993   0.15817   0.01070   0.05558   0.06459   0.13988   0.14202   0.43392   0.08906   0.20981   0.13061   0.00954   0.00000   0.00000   0.24015   0.71048   0.27147   0.05496   0.15179   0.13133   0.19619   0.01149   0.00000   0.00722   0.04459   0.02540   0.26145   0.20121   0.27910   0.25812   0.00000   0.12268   0.08498   0.02274   0.04967   0.00000   0.00770   0.00000   0.12397   0.12140   0.10633   0.22755   0.00000   0.00663   0.18461   0.23249   0.02499   0.20391   0.02536   0.00548   0.33454   0.00000   0.09318   0.03142   0.05608   0.04176   0.05795   0.24639   0.00561   0.00000   0.03084   0.03578   0.12112   0.14615   0.23195   0.18826   0.27731   0.31724   0.18979   0.20566   0.00000   0.19209   0.43451   0.11754   0.25152   0.10801   0.02493   0.02223   0.10079   0.06488   0.02568   0.37903   0.00752   0.00000   0.11577   0.00000   0.06256   0.06984   0.00831   0.06551   0.03494   0.04462   0.11954   0.07553   0.01494   0.01724   0.01444   0.04045   0.03135   0.00000   0.00000   0.00908   0.15708   0.00000   0.02450   0.03804   0.08208   0.17637   0.00000   0.00000   0.15044   0.14552   0.30784   0.23490   0.62647   0.58491   0.72224  
 77 157.1942  12377.053385  x:  0.78415   0.00000   0.00000   0.86745   0.00000   0.29815   0.14337   0.06454   0.03580   0.28960   0.63833   0.00199   0.00000   0.00000   0.11805   0.11549   0.05047   0.02018   0.08965   0.24822   0.27672   0.19218   0.00000   0.00000   0.00000   0.00000   0.00324   0.00000   0.00594   0.00000   0.11328   0.00988   0.05171   0.14994   0.15875   0.01010   0.05481   0.06528   0.13990   0.14204   0.43522   0.08966   0.20946   0.13204   0.00973   0.00000   0.00000   0.23996   0.71174   0.27255   0.05569   0.15169   0.13155   0.19583   0.01033   0.00000   0.00523   0.04242   0.02534   0.26216   0.20082   0.28053   0.25851   0.00000   0.12305   0.08489   0.02278   0.04738   0.00000   0.00731   0.00054   0.12408   0.12175   0.10684   0.22817   0.00000   0.00640   0.18408   0.23255   0.02191   0.20354   0.02479   0.00274   0.33833   0.00000   0.09287   0.03127   0.05396   0.03689   0.05833   0.24641   0.00611   0.00000   0.02989   0.03634   0.12134   0.14618   0.23175   0.18792   0.27951   0.32091   0.18967   0.20524   0.00000   0.19192   0.43427   0.11913   0.25233   0.10894   0.02417   0.02244   0.10164   0.06575   0.02683   0.38025   0.00661   0.00000   0.11566   0.00000   0.06291   0.07065   0.00531   0.06584   0.03472   0.04511   0.11953   0.07596   0.01498   0.01658   0.01448   0.03938   0.03130   0.00000   0.00000   0.00907   0.15804   0.00000   0.02588   0.03798   0.08254   0.17628   0.00000   0.00000   0.15050   0.14527   0.31272   0.23507   0.62566   0.58498   0.72206  
 78 173.2976  12376.533222  x:  0.78577   0.00000   0.00000   0.87031   0.00000   0.29786   0.14459   0.06513   0.03551   0.29012   0.63684   0.00203   0.00000   0.00000   0.11811   0.11566   0.04964   0.02020   0.09071   0.24917   0.27987   0.19212   0.00000   0.00000   0.00000   0.00000   0.00358   0.00000   0.00559   0.00000   0.11656   0.01244   0.05155   0.14998   0.15974   0.00975   0.05375   0.06629   0.13993   0.14209   0.43759   0.09059   0.20885   0.13442   0.01007   0.00000   0.00000   0.23962   0.71408   0.27447   0.05671   0.15152   0.13190   0.19521   0.01010   0.00000   0.00559   0.03970   0.02548   0.26342   0.20016   0.28311   0.25927   0.00000   0.12366   0.08476   0.02289   0.04449   0.00000   0.00872   0.00153   0.12431   0.12236   0.10760   0.22932   0.00000   0.00669   0.18326   0.23276   0.01855   0.20296   0.02458   0.00440   0.34521   0.00000   0.09266   0.03119   0.05129   0.03119   0.05872   0.24646   0.00594   0.00000   0.02902   0.03714   0.12168   0.14621   0.23141   0.18728   0.28345   0.32753   0.18952   0.20449   0.00000   0.19163   0.43380   0.12165   0.25376   0.11045   0.02360   0.02279   0.10299   0.06699   0.02822   0.38251   0.00575   0.00000   0.11547   0.00000   0.06345   0.07204   0.00937   0.06640   0.03452   0.04592   0.11952   0.07666   0.01507   0.01620   0.01456   0.03793   0.03124   0.00000   0.00000   0.00903   0.15963   0.00000   0.02792   0.03783   0.08329   0.17614   0.00000   0.00000   0.15063   0.14487   0.32149   0.23536   0.62428   0.58511   0.72171  
 79 148.1375  12375.923043  x:  0.78836   0.00000   0.00000   0.87488   0.00000   0.29740   0.14646   0.06596   0.03512   0.29093   0.63446   0.00050   0.00000   0.00000   0.11822   0.11588   0.04941   0.01993   0.09164   0.25041   0.28419   0.19205   0.00000   0.00000   0.00000   0.00000   0.00352   0.00000   0.00644   0.00000   0.11967   0.01273   0.05156   0.15001   0.16090   0.01072   0.05333   0.06690   0.13998   0.14214   0.44106   0.09131   0.20802   0.13702   0.00957   0.00000   0.00000   0.23916   0.71769   0.27708   0.05715   0.15128   0.13224   0.19443   0.01143   0.00000   0.00671   0.03952   0.02583   0.26513   0.19935   0.28673   0.26028   0.00000   0.12428   0.08465   0.02309   0.04465   0.00000   0.00859   0.00000   0.12442   0.12299   0.10835   0.23066   0.00000   0.00826   0.18263   0.23334   0.02135   0.20233   0.02572   0.00194   0.35481   0.00000   0.09264   0.03150   0.05156   0.03450   0.05828   0.24662   0.00569   0.00000   0.02962   0.03753   0.12207   0.14622   0.23092   0.18634   0.28888   0.33681   0.18935   0.20354   0.00000   0.19126   0.43307   0.12414   0.25562   0.11195   0.02467   0.02289   0.10424   0.06760   0.02801   0.38592   0.00674   0.00000   0.11524   0.00000   0.06386   0.07328   0.01021   0.06688   0.03450   0.04637   0.11949   0.07733   0.01514   0.01742   0.01460   0.03757   0.03125   0.00000   0.00000   0.00898   0.16133   0.00000   0.02929   0.03768   0.08409   0.17594   0.00000   0.00000   0.15081   0.14448   0.33370   0.23566   0.62251   0.58531   0.72114  
 80 92.1320  12375.738040  x:  0.78905   0.00000   0.00000   0.87610   0.00000   0.29728   0.14695   0.06616   0.03503   0.29115   0.63382   0.00000   0.00000   0.00000   0.11824   0.11593   0.04944   0.01988   0.09179   0.25070   0.28522   0.19203   0.00000   0.00000   0.00000   0.00000   0.00352   0.00000   0.00599   0.00000   0.12020   0.01253   0.05158   0.15002   0.16114   0.01045   0.05333   0.06695   0.13999   0.14214   0.44192   0.09140   0.20783   0.13753   0.00968   0.00000   0.00000   0.23905   0.71863   0.27770   0.05715   0.15123   0.13230   0.19426   0.01098   0.00000   0.00616   0.03972   0.02584   0.26553   0.19917   0.28759   0.26050   0.00000   0.12439   0.08464   0.02310   0.04497   0.00000   0.00860   0.00037   0.12449   0.12311   0.10848   0.23098   0.00000   0.00818   0.18249   0.23347   0.02201   0.20218   0.02592   0.00273   0.35715   0.00000   0.09270   0.03155   0.05184   0.03552   0.05818   0.24665   0.00593   0.00000   0.02981   0.03747   0.12213   0.14621   0.23081   0.18612   0.29016   0.33905   0.18932   0.20332   0.00000   0.19118   0.43287   0.12466   0.25605   0.11221   0.02483   0.02281   0.10443   0.06762   0.02771   0.38678   0.00691   0.00000   0.11519   0.00000   0.06391   0.07347   0.00980   0.06695   0.03451   0.04639   0.11948   0.07745   0.01511   0.01757   0.01457   0.03764   0.03126   0.00000   0.00000   0.00898   0.16166   0.00000   0.02943   0.03766   0.08424   0.17589   0.00000   0.00000   0.15086   0.14440   0.33666   0.23572   0.62210   0.58536   0.72099  
 81 224.2429  12375.591573  x:  0.79060   0.00000   0.00000   0.87884   0.00000   0.29699   0.14791   0.06645   0.03491   0.29164   0.63242   0.00000   0.00000   0.00000   0.11827   0.11593   0.04994   0.02000   0.09145   0.25100   0.28660   0.19205   0.00000   0.00000   0.00000   0.00000   0.00358   0.00000   0.00728   0.00000   0.11951   0.01232   0.05172   0.15002   0.16119   0.00980   0.05394   0.06642   0.14000   0.14214   0.44340   0.09100   0.20764   0.13744   0.01000   0.00000   0.00000   0.23893   0.72053   0.27849   0.05659   0.15119   0.13225   0.19415   0.01053   0.00000   0.00710   0.04124   0.02563   0.26602   0.19903   0.28877   0.26080   0.00000   0.12431   0.08470   0.02280   0.04643   0.00000   0.00874   0.00121   0.12453   0.12304   0.10830   0.23121   0.00000   0.00577   0.18240   0.23357   0.02135   0.20200   0.02519   0.00273   0.36069   0.00000   0.09278   0.03133   0.05290   0.03579   0.05828   0.24666   0.00467   0.00000   0.02973   0.03656   0.12205   0.14619   0.23073   0.18581   0.29182   0.34237   0.18931   0.20315   0.00000   0.19111   0.43245   0.12508   0.25655   0.11191   0.02418   0.02225   0.10399   0.06687   0.02578   0.38832   0.00632   0.00000   0.11517   0.00000   0.06367   0.07311   0.00963   0.06676   0.03466   0.04598   0.11950   0.07734   0.01486   0.01658   0.01436   0.03852   0.03129   0.00000   0.00000   0.00901   0.16170   0.00000   0.02842   0.03766   0.08417   0.17584   0.00000   0.00000   0.15096   0.14429   0.34118   0.23572   0.62167   0.58547   0.72062  
 82 68.0736  12375.489008  x:  0.79205   0.00000   0.00000   0.88143   0.00000   0.29672   0.14876   0.06666   0.03483   0.29210   0.63111   0.00000   0.00000   0.00000   0.11827   0.11589   0.05041   0.02014   0.09094   0.25116   0.28752   0.19208   0.00000   0.00000   0.00000   0.00000   0.00356   0.00000   0.00607   0.00000   0.11832   0.01245   0.05185   0.15002   0.16107   0.01007   0.05458   0.06581   0.13999   0.14213   0.44459   0.09048   0.20754   0.13695   0.00991   0.00000   0.00000   0.23886   0.72222   0.27898   0.05600   0.15119   0.13215   0.19414   0.01093   0.00000   0.00739   0.04249   0.02535   0.26634   0.19898   0.28956   0.26097   0.00000   0.12412   0.08478   0.02257   0.04756   0.00000   0.00860   0.00079   0.12448   0.12288   0.10799   0.23126   0.00000   0.00473   0.18248   0.23358   0.02049   0.20189   0.02445   0.00204   0.36332   0.00000   0.09285   0.03111   0.05373   0.03523   0.05844   0.24665   0.00594   0.00000   0.02955   0.03573   0.12191   0.14618   0.23071   0.18563   0.29292   0.34478   0.18934   0.20310   0.00000   0.19110   0.43207   0.12520   0.25684   0.11139   0.02364   0.02199   0.10333   0.06602   0.02384   0.38965   0.00570   0.00000   0.11518   0.00000   0.06337   0.07256   0.00996   0.06650   0.03481   0.04551   0.11952   0.07713   0.01477   0.01579   0.01426   0.03934   0.03132   0.00000   0.00000   0.00903   0.16153   0.00000   0.02717   0.03768   0.08398   0.17580   0.00000   0.00000   0.15106   0.14425   0.34458   0.23569   0.62147   0.58556   0.72027  
 83 100.2785  12375.398055  x:  0.79368   0.00000   0.00000   0.88432   0.00000   0.29641   0.14964   0.06681   0.03478   0.29261   0.62966   0.00000   0.00000   0.00000   0.11825   0.11581   0.05078   0.02025   0.09024   0.25120   0.28811   0.19212   0.00000   0.00000   0.00000   0.00000   0.00351   0.00000   0.00648   0.00000   0.11661   0.01269   0.05194   0.15002   0.16077   0.01054   0.05515   0.06518   0.13999   0.14212   0.44568   0.08985   0.20754   0.13606   0.00967   0.00000   0.00000   0.23885   0.72399   0.27925   0.05545   0.15123   0.13200   0.19423   0.01111   0.00000   0.00616   0.04317   0.02502   0.26650   0.19903   0.29005   0.26104   0.00000   0.12383   0.08487   0.02254   0.04810   0.00000   0.00828   0.00000   0.12439   0.12262   0.10756   0.23119   0.00000   0.00635   0.18278   0.23354   0.01994   0.20188   0.02410   0.00239   0.36540   0.00000   0.09298   0.03100   0.05420   0.03406   0.05862   0.24661   0.00555   0.00000   0.02941   0.03523   0.12173   0.14618   0.23076   0.18561   0.29362   0.34659   0.18941   0.20317   0.00000   0.19112   0.43165   0.12505   0.25696   0.11065   0.02359   0.02225   0.10243   0.06510   0.02198   0.39099   0.00535   0.00000   0.11523   0.00000   0.06301   0.07182   0.01007   0.06616   0.03492   0.04504   0.11955   0.07680   0.01493   0.01574   0.01438   0.03996   0.03132   0.00000   0.00000   0.00901   0.16121   0.00000   0.02570   0.03772   0.08365   0.17579   0.00000   0.00000   0.15116   0.14429   0.34741   0.23564   0.62149   0.58565   0.71988  
 84 68.3686  12375.336937  x:  0.79572   0.00000   0.00000   0.88795   0.00000   0.29601   0.15063   0.06689   0.03477   0.29325   0.62783   0.00000   0.00000   0.00000   0.11818   0.11568   0.05080   0.02024   0.08942   0.25109   0.28829   0.19216   0.00000   0.00000   0.00000   0.00000   0.00358   0.00000   0.00628   0.00000   0.11461   0.01225   0.05188   0.15001   0.16028   0.01009   0.05531   0.06478   0.13996   0.14210   0.44667   0.08927   0.20766   0.13478   0.00986   0.00000   0.00000   0.23889   0.72601   0.27923   0.05525   0.15132   0.13183   0.19445   0.01101   0.00000   0.00734   0.04282   0.02508   0.26650   0.19921   0.29015   0.26102   0.00000   0.12346   0.08495   0.02278   0.04746   0.00000   0.00848   0.00137   0.12444   0.12229   0.10705   0.23096   0.00000   0.00754   0.18321   0.23348   0.02011   0.20198   0.02463   0.00214   0.36684   0.00000   0.09316   0.03115   0.05398   0.03310   0.05864   0.24653   0.00571   0.00000   0.02943   0.03557   0.12153   0.14620   0.23089   0.18571   0.29382   0.34769   0.18954   0.20339   0.00000   0.19121   0.43113   0.12463   0.25687   0.10981   0.02415   0.02284   0.10143   0.06439   0.02096   0.39252   0.00574   0.00000   0.11531   0.00000   0.06271   0.07102   0.00971   0.06581   0.03492   0.04474   0.11959   0.07639   0.01521   0.01668   0.01465   0.03994   0.03131   0.00000   0.00000   0.00900   0.16086   0.00000   0.02441   0.03778   0.08321   0.17581   0.00000   0.00000   0.15128   0.14445   0.34968   0.23558   0.62178   0.58575   0.71940  
 85 42.6342  12375.251324  x:  0.79955   0.00000   0.00000   0.89481   0.00000   0.29527   0.15233   0.06693   0.03479   0.29446   0.62440   0.00000   0.00000   0.00000   0.11805   0.11546   0.05039   0.02018   0.08831   0.25078   0.28807   0.19221   0.00000   0.00000   0.00000   0.00000   0.00354   0.00000   0.00637   0.00000   0.11190   0.01241   0.05172   0.14999   0.15941   0.01011   0.05500   0.06472   0.13992   0.14207   0.44808   0.08872   0.20800   0.13269   0.00994   0.00000   0.00000   0.23903   0.72954   0.27882   0.05553   0.15153   0.13159   0.19491   0.01071   0.00000   0.00700   0.04112   0.02536   0.26626   0.19960   0.28983   0.26083   0.00000   0.12293   0.08501   0.02302   0.04561   0.00000   0.00885   0.00019   0.12426   0.12182   0.10636   0.23013   0.00000   0.00569   0.18409   0.23334   0.02060   0.20224   0.02575   0.00226   0.36822   0.00000   0.09350   0.03146   0.05306   0.03321   0.05838   0.24636   0.00563   0.00000   0.02959   0.03669   0.12126   0.14625   0.23120   0.18575   0.29330   0.34857   0.18976   0.20387   0.00000   0.19140   0.43019   0.12382   0.25650   0.10873   0.02451   0.02275   0.10013   0.06393   0.02097   0.39514   0.00639   0.00000   0.11548   0.00000   0.06245   0.07003   0.00971   0.06543   0.03479   0.04473   0.11965   0.07579   0.01510   0.01726   0.01467   0.03916   0.03126   0.00000   0.00000   0.00905   0.16050   0.00000   0.02333   0.03786   0.08254   0.17586   0.00000   0.00000   0.15152   0.14479   0.35252   0.23553   0.62254   0.58591   0.71851  
 86 42.9274  12375.178052  x:  0.80403   0.00000   0.00000   0.90281   0.00000   0.29439   0.15414   0.06689   0.03482   0.29586   0.62040   0.00000   0.00000   0.00000   0.11795   0.11532   0.05000   0.02028   0.08776   0.25040   0.28748   0.19224   0.00000   0.00000   0.00000   0.00000   0.00356   0.00000   0.00646   0.00000   0.11060   0.01255   0.05163   0.14998   0.15868   0.01069   0.05451   0.06513   0.13989   0.14205   0.44929   0.08875   0.20840   0.13115   0.00943   0.00000   0.00000   0.23920   0.73333   0.27818   0.05602   0.15172   0.13143   0.19536   0.01174   0.00000   0.00643   0.04019   0.02558   0.26587   0.20003   0.28919   0.26054   0.00000   0.12261   0.08499   0.02277   0.04501   0.00000   0.00786   0.00165   0.12428   0.12149   0.10604   0.22930   0.00000   0.00583   0.18496   0.23308   0.02065   0.20247   0.02544   0.00218   0.36881   0.00000   0.09368   0.03136   0.05248   0.03434   0.05816   0.24618   0.00557   0.00000   0.02942   0.03700   0.12105   0.14628   0.23153   0.18594   0.29233   0.34862   0.18994   0.20438   0.00000   0.19159   0.42913   0.12315   0.25603   0.10825   0.02385   0.02187   0.09954   0.06417   0.02193   0.39780   0.00575   0.00000   0.11562   0.00000   0.06249   0.06964   0.01000   0.06537   0.03466   0.04507   0.11971   0.07545   0.01470   0.01603   0.01428   0.03846   0.03125   0.00000   0.00000   0.00903   0.16049   0.00000   0.02359   0.03787   0.08209   0.17594   0.00000   0.00000   0.15179   0.14509   0.35457   0.23551   0.62338   0.58607   0.71747  
 87 47.0784  12375.057154  x:  0.81221   0.00000   0.00000   0.91746   0.00000   0.29278   0.15725   0.06675   0.03489   0.29842   0.61308   0.00000   0.00000   0.00000   0.11787   0.11520   0.04967   0.02048   0.08750   0.24979   0.28625   0.19226   0.00000   0.00000   0.00000   0.00000   0.00354   0.00000   0.00628   0.00000   0.11011   0.01240   0.05160   0.14996   0.15774   0.00971   0.05384   0.06595   0.13986   0.14202   0.45108   0.08930   0.20906   0.12945   0.01024   0.00000   0.00000   0.23948   0.73988   0.27698   0.05674   0.15197   0.13126   0.19602   0.01032   0.00000   0.00743   0.04020   0.02577   0.26512   0.20072   0.28792   0.26004   0.00000   0.12235   0.08489   0.02246   0.04564   0.00000   0.00821   0.00072   0.12413   0.12125   0.10587   0.22784   0.00000   0.00742   0.18639   0.23260   0.02011   0.20280   0.02414   0.00211   0.36904   0.00000   0.09372   0.03097   0.05217   0.03552   0.05810   0.24589   0.00572   0.00000   0.02905   0.03656   0.12084   0.14629   0.23206   0.18622   0.29036   0.34805   0.19023   0.20516   0.00000   0.19189   0.42723   0.12234   0.25522   0.10814   0.02333   0.02153   0.09939   0.06505   0.02347   0.40219   0.00441   0.00000   0.11583   0.00000   0.06278   0.06961   0.01003   0.06557   0.03453   0.04574   0.11982   0.07523   0.01472   0.01479   0.01410   0.03790   0.03127   0.00000   0.00000   0.00902   0.16070   0.00000   0.02503   0.03782   0.08168   0.17607   0.00000   0.00000   0.15226   0.14556   0.35713   0.23549   0.62473   0.58635   0.71560  
 88 84.9801  12374.852410  x:  0.82769   0.00000   0.00000   0.94520   0.00000   0.28974   0.16278   0.06643   0.03498   0.30326   0.59920   0.00000   0.00000   0.00000   0.11787   0.11522   0.04981   0.02055   0.08801   0.24882   0.28395   0.19224   0.00000   0.00000   0.00000   0.00000   0.00362   0.00000   0.00634   0.00000   0.11160   0.01224   0.05175   0.14993   0.15678   0.01073   0.05350   0.06697   0.13983   0.14200   0.45380   0.09067   0.21006   0.12820   0.00952   0.00000   0.00000   0.23991   0.75157   0.27489   0.05718   0.15223   0.13112   0.19691   0.01142   0.00000   0.00689   0.04189   0.02542   0.26377   0.20169   0.28563   0.25916   0.00000   0.12237   0.08472   0.02274   0.04790   0.00000   0.01033   0.00120   0.12401   0.12125   0.10615   0.22550   0.00000   0.00662   0.18833   0.23187   0.01901   0.20332   0.02323   0.00232   0.36852   0.00000   0.09337   0.03071   0.05257   0.03477   0.05858   0.24546   0.00562   0.00000   0.02894   0.03519   0.12073   0.14627   0.23285   0.18646   0.28668   0.34633   0.19062   0.20626   0.00000   0.19231   0.42371   0.12152   0.25391   0.10883   0.02435   0.02329   0.10028   0.06661   0.02450   0.40966   0.00430   0.00000   0.11609   0.00000   0.06338   0.07029   0.00929   0.06622   0.03447   0.04655   0.11997   0.07534   0.01573   0.01683   0.01496   0.03824   0.03133   0.00000   0.00000   0.00909   0.16113   0.00000   0.02782   0.03768   0.08155   0.17629   0.00000   0.00000   0.15314   0.14642   0.36020   0.23542   0.62668   0.58681   0.71207  
 89 124.1643  12374.674845  x:  0.84105   0.00000   0.00000   0.96918   0.00000   0.28712   0.16713   0.06616   0.03500   0.30743   0.58722   0.00000   0.00000   0.00000   0.11796   0.11537   0.05032   0.02028   0.08901   0.24826   0.28229   0.19217   0.00000   0.00000   0.00000   0.00000   0.00353   0.00000   0.00637   0.00000   0.11396   0.01262   0.05189   0.14992   0.15678   0.00982   0.05398   0.06687   0.13984   0.14199   0.45546   0.09154   0.21057   0.12884   0.00992   0.00000   0.00000   0.24012   0.76077   0.27354   0.05673   0.15224   0.13115   0.19722   0.01096   0.00000   0.00675   0.04298   0.02500   0.26288   0.20213   0.28401   0.25862   0.00000   0.12272   0.08466   0.02296   0.04834   0.00000   0.00706   0.00125   0.12388   0.12145   0.10683   0.22405   0.00000   0.00602   0.18927   0.23153   0.01985   0.20362   0.02492   0.00218   0.36746   0.00000   0.09292   0.03116   0.05318   0.03259   0.05904   0.24523   0.00565   0.00000   0.02945   0.03506   0.12093   0.14625   0.23326   0.18644   0.28402   0.34459   0.19061   0.20672   0.00000   0.19249   0.42078   0.12151   0.25310   0.10972   0.02427   0.02322   0.10159   0.06719   0.02314   0.41504   0.00551   0.00000   0.11616   0.00000   0.06363   0.07109   0.01005   0.06671   0.03459   0.04651   0.12002   0.07575   0.01530   0.01745   0.01496   0.03919   0.03132   0.00000   0.00000   0.00904   0.16112   0.00000   0.02901   0.03754   0.08194   0.17642   0.00000   0.00000   0.15386   0.14700   0.36130   0.23531   0.62752   0.58714   0.70905  
 90 139.5558  12374.500316  x:  0.85564   0.00000   0.00000   0.99544   0.00000   0.28429   0.17126   0.06590   0.03493   0.31197   0.57412   0.00000   0.00000   0.00000   0.11811   0.11562   0.05080   0.01997   0.09035   0.24805   0.28107   0.19209   0.00000   0.00000   0.00000   0.00000   0.00359   0.00000   0.00633   0.00000   0.11665   0.01203   0.05185   0.14992   0.15769   0.01094   0.05497   0.06576   0.13987   0.14201   0.45638   0.09171   0.21059   0.13119   0.00976   0.00000   0.00000   0.24014   0.76951   0.27279   0.05565   0.15201   0.13136   0.19699   0.01069   0.00000   0.00700   0.04259   0.02495   0.26238   0.20206   0.28290   0.25836   0.00000   0.12334   0.08472   0.02270   0.04651   0.00000   0.00935   0.00134   0.12381   0.12201   0.10755   0.22355   0.00000   0.00671   0.18929   0.23143   0.02080   0.20360   0.02672   0.00224   0.36578   0.00000   0.09264   0.03168   0.05362   0.03164   0.05901   0.24517   0.00565   0.00000   0.02982   0.03620   0.12136   0.14625   0.23334   0.18618   0.28220   0.34270   0.19047   0.20659   0.00000   0.19243   0.41776   0.12226   0.25271   0.11061   0.02321   0.02160   0.10308   0.06675   0.01993   0.41935   0.00548   0.00000   0.11604   0.00000   0.06347   0.07179   0.00954   0.06691   0.03474   0.04568   0.11998   0.07637   0.01415   0.01573   0.01398   0.03999   0.03125   0.00000   0.00000   0.00902   0.16059   0.00000   0.02848   0.03744   0.08279   0.17649   0.00000   0.00000   0.15460   0.14720   0.36080   0.23515   0.62731   0.58740   0.70579  
 91 130.8758  12374.346603  x:  0.86896   0.00000   0.00000   1.01947   0.00000   0.28176   0.17430   0.06573   0.03480   0.31608   0.56220   0.00000   0.00000   0.00000   0.11822   0.11581   0.05070   0.02009   0.09131   0.24826   0.28074   0.19205   0.00000   0.00000   0.00000   0.00000   0.00362   0.00000   0.00632   0.00000   0.11812   0.01257   0.05173   0.14995   0.15913   0.00899   0.05539   0.06460   0.13992   0.14204   0.45626   0.09099   0.21010   0.13410   0.00977   0.00000   0.00000   0.23994   0.77588   0.27296   0.05503   0.15168   0.13168   0.19627   0.01212   0.00000   0.00683   0.04103   0.02537   0.26248   0.20148   0.28272   0.25849   0.00000   0.12390   0.08485   0.02265   0.04453   0.00000   0.00920   0.00107   0.12371   0.12249   0.10805   0.22409   0.00000   0.00663   0.18827   0.23149   0.01974   0.20315   0.02547   0.00239   0.36400   0.00000   0.09273   0.03133   0.05338   0.03339   0.05842   0.24529   0.00564   0.00000   0.02919   0.03701   0.12176   0.14625   0.23302   0.18575   0.28182   0.34128   0.19006   0.20588   0.00000   0.19214   0.41523   0.12349   0.25288   0.11096   0.02399   0.02245   0.10384   0.06570   0.01775   0.42159   0.00385   0.00000   0.11580   0.00000   0.06300   0.07202   0.00924   0.06667   0.03482   0.04478   0.11992   0.07693   0.01520   0.01579   0.01416   0.03975   0.03122   0.00000   0.00000   0.00911   0.15980   0.00000   0.02665   0.03745   0.08364   0.17647   0.00000   0.00000   0.15522   0.14693   0.35901   0.23505   0.62607   0.58750   0.70291  
 92 116.0411  12374.241997  x:  0.87856   0.00000   0.00000   1.03683   0.00000   0.27997   0.17609   0.06567   0.03469   0.31902   0.55363   0.00000   0.00000   0.00000   0.11825   0.11588   0.05040   0.02023   0.09166   0.24859   0.28091   0.19204   0.00000   0.00000   0.00000   0.00000   0.00359   0.00000   0.00634   0.00000   0.11835   0.01252   0.05163   0.14997   0.16023   0.01097   0.05537   0.06413   0.13995   0.14209   0.45571   0.09018   0.20954   0.13607   0.00999   0.00000   0.00000   0.23971   0.77953   0.27351   0.05504   0.15143   0.13192   0.19559   0.01044   0.00000   0.00711   0.04014   0.02570   0.26281   0.20086   0.28305   0.25877   0.00000   0.12417   0.08495   0.02282   0.04414   0.00000   0.00820   0.00138   0.12369   0.12272   0.10821   0.22498   0.00000   0.00638   0.18712   0.23166   0.01895   0.20270   0.02410   0.00236   0.36270   0.00000   0.09288   0.03096   0.05292   0.03441   0.05805   0.24548   0.00562   0.00000   0.02873   0.03711   0.12197   0.14623   0.23262   0.18543   0.28226   0.34051   0.18968   0.20515   0.00000   0.19185   0.41356   0.12446   0.25324   0.11092   0.02437   0.02310   0.10391   0.06491   0.01760   0.42237   0.00354   0.00000   0.11558   0.00000   0.06264   0.07197   0.00963   0.06633   0.03485   0.04439   0.11984   0.07718   0.01575   0.01640   0.01466   0.03920   0.03123   0.00000   0.00000   0.00907   0.15931   0.00000   0.02520   0.03748   0.08413   0.17642   0.00000   0.00000   0.15563   0.14663   0.35725   0.23504   0.62482   0.58751   0.70093  
 93 155.5961  12374.013984  x:  0.90049   0.00000   0.00000   1.07670   0.00000   0.27603   0.17890   0.06570   0.03438   0.32570   0.53416   0.00000   0.00000   0.00000   0.11823   0.11586   0.04944   0.02029   0.09122   0.24976   0.28252   0.19208   0.00000   0.00000   0.00000   0.00000   0.00355   0.00000   0.00634   0.00000   0.11637   0.01128   0.05152   0.15002   0.16242   0.00997   0.05422   0.06470   0.14001   0.14216   0.45312   0.08795   0.20782   0.13924   0.00928   0.00000   0.00000   0.23898   0.78493   0.27586   0.05633   0.15099   0.13238   0.19381   0.01088   0.00000   0.00677   0.04017   0.02583   0.26426   0.19909   0.28510   0.25983   0.00000   0.12428   0.08508   0.02318   0.04689   0.00000   0.00871   0.00093   0.12372   0.12293   0.10780   0.22826   0.00000   0.00660   0.18367   0.23257   0.01928   0.20166   0.02303   0.00235   0.35994   0.00000   0.09327   0.03072   0.05154   0.03339   0.05809   0.24618   0.00566   0.00000   0.02884   0.03594   0.12213   0.14614   0.23131   0.18473   0.28531   0.33967   0.18886   0.20309   0.00000   0.19105   0.41022   0.12646   0.25470   0.11001   0.02297   0.02226   0.10261   0.06367   0.02177   0.42163   0.00641   0.00000   0.11508   0.00000   0.06207   0.07124   0.01020   0.06537   0.03478   0.04469   0.11959   0.07713   0.01443   0.01678   0.01516   0.03762   0.03133   0.00000   0.00000   0.00885   0.15887   0.00000   0.02286   0.03763   0.08457   0.17620   0.00000   0.00000   0.15648   0.14580   0.35219   0.23522   0.62149   0.58729   0.69670  
 94 116.1211  12373.893051  x:  0.91257   0.00000   0.00000   1.09875   0.00000   0.27398   0.17983   0.06581   0.03425   0.32934   0.52355   0.00000   0.00000   0.00000   0.11821   0.11579   0.04943   0.02018   0.09053   0.25047   0.28380   0.19211   0.00000   0.00000   0.00000   0.00000   0.00368   0.00000   0.00628   0.00000   0.11485   0.01342   0.05170   0.15006   0.16296   0.01055   0.05381   0.06553   0.14003   0.14218   0.45127   0.08739   0.20698   0.13965   0.01071   0.00000   0.00000   0.23860   0.78634   0.27740   0.05695   0.15087   0.13246   0.19307   0.01143   0.00000   0.00707   0.04100   0.02555   0.26521   0.19824   0.28661   0.26050   0.00000   0.12407   0.08504   0.02264   0.04749   0.00000   0.00866   0.00083   0.12386   0.12282   0.10738   0.23024   0.00000   0.00651   0.18185   0.23320   0.01998   0.20128   0.02451   0.00256   0.35884   0.00000   0.09337   0.03115   0.05163   0.03246   0.05849   0.24659   0.00562   0.00000   0.02940   0.03570   0.12206   0.14612   0.23061   0.18457   0.28763   0.33972   0.18856   0.20215   0.00000   0.19069   0.40866   0.12700   0.25563   0.10953   0.02367   0.02256   0.10166   0.06362   0.02392   0.41979   0.00525   0.00000   0.11491   0.00000   0.06215   0.07085   0.00870   0.06516   0.03471   0.04525   0.11947   0.07686   0.01483   0.01611   0.01434   0.03768   0.03133   0.00000   0.00000   0.00919   0.15932   0.00000   0.02328   0.03769   0.08439   0.17606   0.00000   0.00000   0.15689   0.14517   0.34919   0.23539   0.62011   0.58706   0.69453  
 95 130.7918  12373.785641  x:  0.92316   0.00000   0.00000   1.11820   0.00000   0.27231   0.18006   0.06598   0.03418   0.33248   0.51440   0.00000   0.00000   0.00000   0.11819   0.11570   0.04989   0.02012   0.08974   0.25107   0.28518   0.19216   0.00000   0.00000   0.00000   0.00000   0.00362   0.00000   0.00631   0.00000   0.11370   0.01248   0.05175   0.15006   0.16272   0.01021   0.05386   0.06628   0.14003   0.14218   0.44939   0.08774   0.20647   0.13875   0.00872   0.00000   0.00000   0.23833   0.78609   0.27875   0.05697   0.15092   0.13230   0.19278   0.01066   0.00000   0.00701   0.04174   0.02518   0.26607   0.19776   0.28810   0.26106   0.00000   0.12372   0.08493   0.02233   0.04663   0.00000   0.00852   0.00069   0.12409   0.12258   0.10698   0.23189   0.00000   0.00626   0.18060   0.23372   0.02006   0.20114   0.02584   0.00244   0.35838   0.00000   0.09333   0.03153   0.05242   0.03210   0.05889   0.24690   0.00564   0.00000   0.02974   0.03605   0.12186   0.14614   0.23011   0.18473   0.29001   0.34024   0.18850   0.20167   0.00000   0.19051   0.40759   0.12686   0.25647   0.10934   0.02453   0.02286   0.10091   0.06414   0.02471   0.41693   0.00338   0.00000   0.11490   0.00000   0.06258   0.07072   0.00938   0.06541   0.03468   0.04586   0.11944   0.07651   0.01555   0.01587   0.01390   0.03853   0.03129   0.00000   0.00000   0.00910   0.16026   0.00000   0.02500   0.03763   0.08390   0.17596   0.00000   0.00000   0.15720   0.14462   0.34655   0.23555   0.61959   0.58675   0.69281  
 96 121.1856  12373.676668  x:  0.93522   0.00000   0.00000   1.14045   0.00000   0.27056   0.17979   0.06623   0.03416   0.33602   0.50417   0.00000   0.00000   0.00000   0.11816   0.11561   0.05057   0.02021   0.08890   0.25167   0.28686   0.19222   0.00000   0.00000   0.00000   0.00000   0.00356   0.00000   0.00637   0.00000   0.11299   0.01092   0.05175   0.15005   0.16182   0.01033   0.05427   0.06678   0.14002   0.14215   0.44714   0.08886   0.20619   0.13674   0.01015   0.00000   0.00000   0.23812   0.78439   0.28019   0.05663   0.15109   0.13199   0.19285   0.01112   0.00000   0.00651   0.04201   0.02494   0.26698   0.19754   0.28978   0.26161   0.00000   0.12328   0.08478   0.02265   0.04500   0.00000   0.00849   0.00058   0.12444   0.12225   0.10663   0.23352   0.00000   0.00620   0.17972   0.23416   0.01931   0.20112   0.02580   0.00235   0.35842   0.00000   0.09319   0.03150   0.05341   0.03234   0.05913   0.24716   0.00563   0.00000   0.02953   0.03666   0.12155   0.14619   0.22973   0.18522   0.29281   0.34122   0.18865   0.20152   0.00000   0.19047   0.40667   0.12614   0.25738   0.10943   0.02445   0.02255   0.10041   0.06507   0.02437   0.41269   0.00355   0.00218   0.11502   0.00000   0.06323   0.07079   0.01023   0.06602   0.03464   0.04635   0.11948   0.07614   0.01564   0.01616   0.01441   0.03968   0.03124   0.00000   0.00000   0.00884   0.16153   0.00000   0.02741   0.03753   0.08318   0.17587   0.00000   0.00000   0.15749   0.14427   0.34374   0.23574   0.61975   0.58630   0.69104  
 97 141.0369  12373.587573  x:  0.94483   0.00000   0.00000   1.15834   0.00000   0.26935   0.17903   0.06647   0.03421   0.33879   0.49625   0.00000   0.00000   0.00000   0.11812   0.11554   0.05074   0.02030   0.08855   0.25200   0.28813   0.19224   0.00000   0.00000   0.00000   0.00000   0.00364   0.00000   0.00630   0.00000   0.11335   0.01259   0.05178   0.15004   0.16068   0.01018   0.05461   0.06651   0.13999   0.14212   0.44538   0.09009   0.20631   0.13462   0.00914   0.00000   0.00000   0.23810   0.78153   0.28100   0.05611   0.15132   0.13168   0.19330   0.01080   0.00000   0.00701   0.04142   0.02523   0.26753   0.19776   0.29092   0.26190   0.00000   0.12302   0.08471   0.02352   0.04463   0.00000   0.00839   0.00045   0.12476   0.12204   0.10658   0.23434   0.00000   0.00624   0.17974   0.23437   0.01941   0.20131   0.02466   0.00251   0.35903   0.00000   0.09301   0.03114   0.05338   0.03241   0.05894   0.24725   0.00563   0.00000   0.02917   0.03698   0.12131   0.14624   0.22965   0.18583   0.29483   0.34231   0.18897   0.20185   0.00000   0.19061   0.40627   0.12515   0.25793   0.10982   0.02330   0.02191   0.10054   0.06583   0.02339   0.40842   0.00395   0.00254   0.11522   0.00000   0.06363   0.07101   0.00924   0.06660   0.03459   0.04627   0.11956   0.07596   0.01435   0.01727   0.01538   0.03988   0.03124   0.00000   0.00000   0.00898   0.16230   0.00000   0.02856   0.03753   0.08268   0.17584   0.00000   0.00000   0.15768   0.14419   0.34198   0.23584   0.62065   0.58585   0.68985  
 98 106.3832  12373.488049  x:  0.95423   0.00000   0.00000   1.17601   0.00000   0.26846   0.17762   0.06670   0.03431   0.34142   0.48888   0.00000   0.00000   0.00000   0.11806   0.11551   0.05023   0.02027   0.08876   0.25207   0.28911   0.19223   0.00000   0.00000   0.00000   0.00000   0.00362   0.00000   0.00633   0.00000   0.11478   0.01203   0.05161   0.15001   0.15935   0.01031   0.05466   0.06554   0.13994   0.14208   0.44388   0.09119   0.20687   0.13256   0.01018   0.00000   0.00000   0.23826   0.77679   0.28123   0.05581   0.15160   0.13145   0.19416   0.01117   0.00000   0.00679   0.04021   0.02568   0.26773   0.19843   0.29158   0.26190   0.00000   0.12301   0.08473   0.02342   0.04588   0.00000   0.00841   0.00045   0.12506   0.12199   0.10685   0.23435   0.00000   0.00597   0.18066   0.23439   0.02034   0.20179   0.02389   0.00250   0.36034   0.00000   0.09284   0.03098   0.05221   0.03196   0.05845   0.24718   0.00562   0.00000   0.02911   0.03678   0.12119   0.14628   0.22990   0.18658   0.29624   0.34364   0.18949   0.20269   0.00000   0.19095   0.40636   0.12394   0.25816   0.11041   0.02315   0.02245   0.10136   0.06629   0.02246   0.40333   0.00390   0.00000   0.11551   0.00000   0.06364   0.07136   0.00949   0.06700   0.03459   0.04569   0.11968   0.07603   0.01390   0.01734   0.01496   0.03887   0.03129   0.00000   0.00000   0.00911   0.16239   0.00000   0.02796   0.03762   0.08250   0.17587   0.00000   0.00000   0.15779   0.14435   0.34121   0.23587   0.62230   0.58530   0.68899  
 99 82.1991  12373.397204  x:  0.96387   0.00000   0.00000   1.19428   0.00000   0.26771   0.17591   0.06691   0.03443   0.34407   0.48156   0.00181   0.00000   0.00000   0.11802   0.11552   0.04971   0.02027   0.08920   0.25198   0.28982   0.19220   0.00000   0.00000   0.00000   0.00000   0.00364   0.00000   0.00632   0.00000   0.11626   0.01232   0.05155   0.14998   0.15828   0.01028   0.05453   0.06476   0.13989   0.14205   0.44261   0.09181   0.20756   0.13113   0.00958   0.00000   0.00000   0.23851   0.77109   0.28110   0.05580   0.15184   0.13133   0.19504   0.01094   0.00000   0.00694   0.03967   0.02575   0.26770   0.19923   0.29192   0.26176   0.00000   0.12315   0.08478   0.02228   0.04669   0.00000   0.00838   0.00047   0.12524   0.12205   0.10721   0.23394   0.00000   0.00595   0.18183   0.23424   0.01977   0.20234   0.02395   0.00250   0.36191   0.00000   0.09275   0.03107   0.05134   0.03200   0.05813   0.24703   0.00561   0.00000   0.02910   0.03630   0.12118   0.14629   0.23030   0.18727   0.29716   0.34496   0.18999   0.20364   0.00000   0.19133   0.40669   0.12299   0.25817   0.11087   0.02396   0.02322   0.10228   0.06647   0.02231   0.39808   0.00617   0.00004   0.11579   0.00000   0.06342   0.07165   0.00931   0.06709   0.03461   0.04514   0.11981   0.07625   0.01546   0.01561   0.01367   0.03792   0.03130   0.00000   0.00000   0.00904   0.16215   0.00000   0.02663   0.03775   0.08257   0.17594   0.00000   0.00000   0.15788   0.14472   0.34106   0.23586   0.62401   0.58470   0.68829  
100 114.7158  12373.393379  x:  0.96406   0.00000   0.00000   1.19464   0.00000   0.26771   0.17587   0.06691   0.03444   0.34411   0.48143   0.00188   0.00000   0.00000   0.11803   0.11552   0.04971   0.02027   0.08922   0.25197   0.28981   0.19220   0.00000   0.00000   0.00000   0.00000   0.00364   0.00000   0.00632   0.00000   0.11628   0.01233   0.05155   0.14998   0.15828   0.01029   0.05452   0.06476   0.13989   0.14205   0.44260   0.09179   0.20757   0.13114   0.00958   0.00000   0.00000   0.23852   0.77094   0.28108   0.05581   0.15184   0.13134   0.19506   0.01094   0.00000   0.00694   0.03970   0.02574   0.26769   0.19924   0.29191   0.26175   0.00000   0.12316   0.08478   0.02229   0.04666   0.00000   0.00838   0.00047   0.12523   0.12205   0.10722   0.23391   0.00000   0.00596   0.18186   0.23423   0.01973   0.20235   0.02398   0.00249   0.36195   0.00000   0.09275   0.03108   0.05136   0.03202   0.05814   0.24702   0.00561   0.00000   0.02910   0.03629   0.12118   0.14629   0.23031   0.18727   0.29715   0.34498   0.19000   0.20366   0.00000   0.19134   0.40671   0.12297   0.25815   0.11087   0.02396   0.02319   0.10230   0.06646   0.02235   0.39797   0.00618   0.00000   0.11579   0.00000   0.06341   0.07166   0.00930   0.06708   0.03461   0.04514   0.11981   0.07626   0.01547   0.01561   0.01370   0.03792   0.03130   0.00000   0.00000   0.00904   0.16213   0.00000   0.02658   0.03775   0.08258   0.17594   0.00000   0.00000   0.15788   0.14473   0.34109   0.23586   0.62404   0.58469   0.68828  
101 58.4055  12373.324380  x:  0.97187   0.00000   0.00000   1.21003   0.00000   0.26790   0.17360   0.06689   0.03448   0.34603   0.47642   0.00244   0.00000   0.00000   0.11814   0.11567   0.05028   0.02031   0.08971   0.25140   0.28911   0.19214   0.00000   0.00000   0.00000   0.00000   0.00365   0.00000   0.00631   0.00000   0.11607   0.01232   0.05166   0.14998   0.15929   0.01027   0.05449   0.06583   0.13993   0.14208   0.44295   0.09051   0.20802   0.13346   0.00958   0.00000   0.00000   0.23881   0.76317   0.27988   0.05611   0.15162   0.13170   0.19511   0.01093   0.00000   0.00692   0.04039   0.02565   0.26694   0.19966   0.29092   0.26121   0.00000   0.12353   0.08480   0.02249   0.04520   0.00000   0.00840   0.00062   0.12483   0.12233   0.10734   0.23227   0.00000   0.00594   0.18306   0.23372   0.02043   0.20240   0.02254   0.00251   0.36366   0.00000   0.09290   0.03046   0.05236   0.03163   0.05872   0.24667   0.00561   0.00000   0.02863   0.03682   0.12151   0.14627   0.23083   0.18687   0.29574   0.34568   0.18998   0.20401   0.00000   0.19147   0.40807   0.12084   0.25738   0.11049   0.02432   0.02419   0.10217   0.06559   0.02356   0.39409   0.00663   0.00000   0.11569   0.00000   0.06318   0.07161   0.00932   0.06644   0.03464   0.04570   0.11966   0.07646   0.01423   0.01560   0.01242   0.03905   0.03124   0.00000   0.00000   0.00970   0.16185   0.00000   0.02634   0.03781   0.08325   0.17605   0.00000   0.00000   0.15779   0.14488   0.34334   0.23570   0.62421   0.58411   0.68849  
102 47.3831  12373.280096  x:  0.97719   0.00000   0.00000   1.22074   0.00000   0.26831   0.17196   0.06680   0.03447   0.34724   0.47332   0.00168   0.00000   0.00000   0.11817   0.11570   0.05040   0.02026   0.08972   0.25099   0.28832   0.19212   0.00000   0.00000   0.00000   0.00000   0.00365   0.00000   0.00632   0.00000   0.11534   0.01231   0.05161   0.15000   0.16034   0.01026   0.05458   0.06616   0.13997   0.14210   0.44365   0.08977   0.20805   0.13537   0.00951   0.00000   0.00000   0.23892   0.75731   0.27903   0.05588   0.15137   0.13191   0.19476   0.01092   0.00000   0.00694   0.03966   0.02605   0.26641   0.19961   0.29003   0.26088   0.00000   0.12362   0.08474   0.02203   0.04588   0.00000   0.00847   0.00072   0.12447   0.12244   0.10722   0.23115   0.00000   0.00586   0.18344   0.23341   0.02120   0.20222   0.02264   0.00250   0.36459   0.00000   0.09300   0.03059   0.05211   0.03123   0.05861   0.24649   0.00561   0.00000   0.02868   0.03687   0.12166   0.14623   0.23104   0.18621   0.29432   0.34590   0.18974   0.20383   0.00000   0.19139   0.40931   0.11924   0.25680   0.11018   0.02359   0.02398   0.10170   0.06531   0.02323   0.39206   0.00607   0.00000   0.11551   0.00000   0.06333   0.07154   0.00930   0.06630   0.03457   0.04598   0.11956   0.07650   0.01527   0.01578   0.01305   0.03915   0.03128   0.00000   0.00000   0.00836   0.16194   0.00000   0.02734   0.03761   0.08347   0.17610   0.00000   0.00000   0.15769   0.14478   0.34513   0.23559   0.62361   0.58373   0.68887  
103 44.7868  12373.257279  x:  0.97999   0.00000   0.00000   1.22659   0.00000   0.26876   0.17102   0.06670   0.03445   0.34780   0.47198   0.00158   0.00000   0.00000   0.11815   0.11566   0.05026   0.02025   0.08951   0.25079   0.28771   0.19213   0.00000   0.00000   0.00000   0.00000   0.00364   0.00000   0.00632   0.00000   0.11471   0.01211   0.05153   0.15001   0.16095   0.01024   0.05462   0.06598   0.13998   0.14212   0.44435   0.08962   0.20788   0.13622   0.00943   0.00000   0.00000   0.23892   0.75375   0.27861   0.05562   0.15121   0.13197   0.19437   0.01087   0.00000   0.00692   0.03917   0.02619   0.26614   0.19936   0.28946   0.26074   0.00000   0.12353   0.08469   0.02229   0.04667   0.00000   0.00846   0.00078   0.12426   0.12241   0.10706   0.23063   0.00000   0.00594   0.18331   0.23327   0.02094   0.20200   0.02325   0.00245   0.36487   0.00000   0.09303   0.03085   0.05164   0.03130   0.05833   0.24642   0.00561   0.00000   0.02886   0.03664   0.12165   0.14621   0.23106   0.18568   0.29329   0.34582   0.18948   0.20348   0.00000   0.19125   0.41025   0.11890   0.25651   0.11003   0.02371   0.02385   0.10134   0.06555   0.02254   0.39154   0.00575   0.00000   0.11536   0.00000   0.06355   0.07146   0.00943   0.06645   0.03452   0.04596   0.11947   0.07639   0.01518   0.01573   0.01338   0.03878   0.03131   0.00000   0.00000   0.00983   0.16209   0.00000   0.02829   0.03765   0.08344   0.17610   0.00000   0.00000   0.15760   0.14462   0.34623   0.23556   0.62292   0.58356   0.68927  
104 38.2204  12373.239532  x:  0.98192   0.00000   0.00000   1.23096   0.00000   0.26943   0.17026   0.06659   0.03443   0.34806   0.47151   0.00216   0.00000   0.00000   0.11810   0.11558   0.05000   0.02027   0.08919   0.25069   0.28710   0.19215   0.00000   0.00000   0.00000   0.00000   0.00365   0.00000   0.00632   0.00000   0.11421   0.01216   0.05151   0.15002   0.16127   0.01024   0.05462   0.06550   0.13998   0.14212   0.44524   0.08986   0.20756   0.13635   0.00947   0.00000   0.00000   0.23884   0.75062   0.27838   0.05548   0.15113   0.13192   0.19391   0.01088   0.00000   0.00693   0.03927   0.02605   0.26597   0.19895   0.28899   0.26071   0.00000   0.12332   0.08467   0.02261   0.04687   0.00000   0.00845   0.00081   0.12416   0.12229   0.10688   0.23038   0.00000   0.00605   0.18289   0.23321   0.02046   0.20167   0.02346   0.00245   0.36478   0.00000   0.09302   0.03087   0.05135   0.03153   0.05811   0.24642   0.00561   0.00000   0.02898   0.03642   0.12153   0.14620   0.23094   0.18516   0.29228   0.34554   0.18920   0.20298   0.00000   0.19105   0.41131   0.11947   0.25636   0.11001   0.02431   0.02392   0.10109   0.06614   0.02189   0.39198   0.00576   0.00000   0.11524   0.00000   0.06377   0.07137   0.00940   0.06676   0.03451   0.04575   0.11937   0.07615   0.01427   0.01581   0.01287   0.03830   0.03131   0.00000   0.00000   0.00905   0.16210   0.00000   0.02898   0.03756   0.08315   0.17608   0.00000   0.00000   0.15748   0.14442   0.34720   0.23558   0.62211   0.58348   0.68987  
105 22.6608  12373.221205  x:  0.98409   0.00000   0.00000   1.23626   0.00000   0.27053   0.16937   0.06643   0.03442   0.34823   0.47145   0.00250   0.00000   0.00000   0.11805   0.11549   0.04985   0.02032   0.08888   0.25071   0.28644   0.19219   0.00000   0.00000   0.00000   0.00000   0.00365   0.00000   0.00631   0.00000   0.11409   0.01225   0.05155   0.15004   0.16121   0.01026   0.05459   0.06501   0.13997   0.14213   0.44653   0.09046   0.20708   0.13563   0.00957   0.00000   0.00000   0.23869   0.74664   0.27837   0.05557   0.15114   0.13177   0.19340   0.01091   0.00000   0.00692   0.03986   0.02590   0.26593   0.19837   0.28859   0.26080   0.00000   0.12305   0.08468   0.02198   0.04626   0.00000   0.00849   0.00081   0.12418   0.12211   0.10676   0.23041   0.00000   0.00610   0.18222   0.23327   0.02087   0.20124   0.02290   0.00249   0.36434   0.00000   0.09293   0.03062   0.05151   0.03151   0.05817   0.24651   0.00562   0.00000   0.02890   0.03654   0.12132   0.14622   0.23067   0.18464   0.29122   0.34507   0.18889   0.20234   0.00000   0.19080   0.41291   0.12054   0.25637   0.11019   0.02387   0.02362   0.10104   0.06677   0.02163   0.39342   0.00627   0.00000   0.11514   0.00000   0.06387   0.07132   0.00935   0.06713   0.03456   0.04543   0.11935   0.07595   0.01502   0.01603   0.01281   0.03814   0.03128   0.00000   0.00000   0.00936   0.16185   0.00000   0.02909   0.03766   0.08272   0.17603   0.00000   0.00000   0.15728   0.14417   0.34829   0.23564   0.62127   0.58345   0.69086  
106 19.0424  12373.206534  x:  0.98616   0.00000   0.00000   1.24153   0.00000   0.27169   0.16867   0.06633   0.03444   0.34832   0.47159   0.00150   0.00000   0.00000   0.11805   0.11548   0.05003   0.02034   0.08890   0.25089   0.28613   0.19222   0.00000   0.00000   0.00000   0.00000   0.00366   0.00000   0.00631   0.00000   0.11455   0.01230   0.05159   0.15004   0.16077   0.01028   0.05463   0.06510   0.13997   0.14212   0.44761   0.09092   0.20670   0.13448   0.00955   0.00000   0.00000   0.23855   0.74317   0.27864   0.05575   0.15125   0.13163   0.19320   0.01092   0.00000   0.00691   0.03981   0.02606   0.26608   0.19799   0.28852   0.26099   0.00000   0.12295   0.08474   0.02259   0.04619   0.00000   0.00852   0.00079   0.12434   0.12202   0.10684   0.23079   0.00000   0.00610   0.18162   0.23343   0.02097   0.20102   0.02298   0.00251   0.36374   0.00000   0.09287   0.03076   0.05182   0.03159   0.05836   0.24664   0.00561   0.00000   0.02881   0.03665   0.12120   0.14625   0.23039   0.18451   0.29073   0.34465   0.18877   0.20195   0.00000   0.19065   0.41454   0.12110   0.25654   0.11049   0.02399   0.02410   0.10125   0.06668   0.02182   0.39523   0.00643   0.00000   0.11515   0.00000   0.06374   0.07136   0.00932   0.06717   0.03459   0.04538   0.11942   0.07597   0.01503   0.01518   0.01356   0.03850   0.03130   0.00000   0.00000   0.00925   0.16144   0.00000   0.02848   0.03773   0.08249   0.17597   0.00000   0.00000   0.15707   0.14400   0.34895   0.23568   0.62100   0.58349   0.69193  
107 18.6176  12373.194262  x:  0.98781   0.00000   0.00000   1.24613   0.00000   0.27288   0.16820   0.06628   0.03448   0.34826   0.47212   0.00056   0.00000   0.00000   0.11807   0.11552   0.05025   0.02030   0.08909   0.25113   0.28610   0.19223   0.00000   0.00000   0.00000   0.00000   0.00366   0.00000   0.00630   0.00000   0.11506   0.01224   0.05158   0.15004   0.16025   0.01025   0.05467   0.06553   0.13996   0.14211   0.44846   0.09103   0.20649   0.13351   0.00951   0.00000   0.00000   0.23844   0.74042   0.27903   0.05579   0.15137   0.13155   0.19325   0.01089   0.00000   0.00691   0.03948   0.02616   0.26632   0.19782   0.28867   0.26120   0.00000   0.12301   0.08476   0.02231   0.04649   0.00000   0.00849   0.00073   0.12452   0.12202   0.10699   0.23133   0.00000   0.00615   0.18121   0.23362   0.02062   0.20099   0.02330   0.00250   0.36305   0.00000   0.09287   0.03086   0.05192   0.03174   0.05842   0.24677   0.00562   0.00000   0.02889   0.03662   0.12118   0.14627   0.23016   0.18469   0.29069   0.34427   0.18880   0.20185   0.00000   0.19062   0.41613   0.12156   0.25678   0.11065   0.02390   0.02383   0.10149   0.06616   0.02197   0.39730   0.00598   0.00000   0.11522   0.00000   0.06356   0.07144   0.00936   0.06695   0.03458   0.04557   0.11946   0.07603   0.01482   0.01591   0.01285   0.03883   0.03130   0.00000   0.00000   0.00928   0.16113   0.00000   0.02786   0.03775   0.08248   0.17591   0.00000   0.00000   0.15685   0.14390   0.34919   0.23571   0.62118   0.58362   0.69304  
108 19.4795  12373.183989  x:  0.98865   0.00000   0.00000   1.24961   0.00000   0.27423   0.16804   0.06629   0.03454   0.34787   0.47364   0.00108   0.00000   0.00000   0.11810   0.11558   0.05021   0.02022   0.08932   0.25136   0.28635   0.19222   0.00000   0.00000   0.00000   0.00000   0.00366   0.00000   0.00631   0.00000   0.11499   0.01212   0.05154   0.15003   0.15996   0.01024   0.05464   0.06589   0.13996   0.14210   0.44898   0.09059   0.20660   0.13349   0.00944   0.00000   0.00000   0.23843   0.73867   0.27944   0.05556   0.15143   0.13161   0.19363   0.01087   0.00000   0.00688   0.03960   0.02595   0.26658   0.19802   0.28902   0.26136   0.00000   0.12323   0.08471   0.02215   0.04659   0.00000   0.00848   0.00068   0.12461   0.12212   0.10706   0.23189   0.00000   0.00599   0.18127   0.23381   0.02131   0.20122   0.02302   0.00250   0.36232   0.00000   0.09294   0.03061   0.05163   0.03151   0.05824   0.24688   0.00562   0.00000   0.02911   0.03667   0.12133   0.14627   0.23009   0.18524   0.29117   0.34393   0.18903   0.20217   0.00000   0.19075   0.41782   0.12224   0.25701   0.11042   0.02425   0.02372   0.10144   0.06558   0.02167   0.39978   0.00537   0.00000   0.11533   0.00000   0.06352   0.07146   0.00944   0.06659   0.03453   0.04589   0.11955   0.07620   0.01461   0.01590   0.01323   0.03865   0.03130   0.00000   0.00000   0.00929   0.16129   0.00000   0.02810   0.03762   0.08278   0.17588   0.00000   0.00000   0.15657   0.14402   0.34888   0.23571   0.62181   0.58389   0.69436  
109 10.0027  12373.175266  x:  0.98951   0.00000   0.00000   1.25338   0.00000   0.27559   0.16790   0.06635   0.03459   0.34743   0.47528   0.00111   0.00000   0.00000   0.11812   0.11561   0.05006   0.02027   0.08942   0.25147   0.28674   0.19221   0.00000   0.00000   0.00000   0.00000   0.00366   0.00000   0.00631   0.00000   0.11470   0.01219   0.05155   0.15001   0.15997   0.01026   0.05458   0.06573   0.13996   0.14210   0.44913   0.09016   0.20692   0.13414   0.00950   0.00000   0.00000   0.23851   0.73718   0.27968   0.05545   0.15142   0.13174   0.19408   0.01088   0.00000   0.00687   0.03983   0.02599   0.26675   0.19844   0.28940   0.26141   0.00000   0.12340   0.08468   0.02283   0.04652   0.00000   0.00847   0.00065   0.12460   0.12223   0.10704   0.23224   0.00000   0.00597   0.18160   0.23388   0.02117   0.20158   0.02307   0.00250   0.36189   0.00000   0.09301   0.03088   0.05167   0.03170   0.05817   0.24690   0.00562   0.00000   0.02892   0.03658   0.12148   0.14625   0.23017   0.18584   0.29189   0.34378   0.18930   0.20268   0.00000   0.19095   0.41953   0.12218   0.25714   0.11016   0.02383   0.02385   0.10122   0.06538   0.02138   0.40182   0.00561   0.00000   0.11542   0.00000   0.06358   0.07144   0.00940   0.06645   0.03454   0.04587   0.11959   0.07630   0.01502   0.01584   0.01284   0.03844   0.03129   0.00000   0.00000   0.00927   0.16164   0.00000   0.02860   0.03752   0.08310   0.17588   0.00000   0.00000   0.15626   0.14430   0.34840   0.23571   0.62251   0.58421   0.69575  
110 12.7056  12373.169707  x:  0.99005   0.00000   0.00000   1.25608   0.00000   0.27649   0.16785   0.06640   0.03460   0.34707   0.47650   0.00089   0.00000   0.00000   0.11812   0.11561   0.05003   0.02028   0.08936   0.25147   0.28703   0.19220   0.00000   0.00000   0.00000   0.00000   0.00367   0.00000   0.00630   0.00000   0.11451   0.01226   0.05158   0.15001   0.16012   0.01026   0.05460   0.06544   0.13996   0.14210   0.44903   0.09006   0.20718   0.13470   0.00953   0.00000   0.00000   0.23859   0.73644   0.27974   0.05551   0.15139   0.13182   0.19431   0.01089   0.00000   0.00689   0.03980   0.02605   0.26681   0.19874   0.28962   0.26139   0.00000   0.12343   0.08467   0.02214   0.04646   0.00000   0.00845   0.00064   0.12456   0.12227   0.10698   0.23234   0.00000   0.00600   0.18188   0.23387   0.02082   0.20182   0.02320   0.00250   0.36178   0.00000   0.09301   0.03088   0.05184   0.03189   0.05821   0.24688   0.00562   0.00000   0.02887   0.03655   0.12153   0.14624   0.23029   0.18614   0.29243   0.34378   0.18945   0.20301   0.00000   0.19107   0.42070   0.12181   0.25716   0.11009   0.02392   0.02395   0.10111   0.06555   0.02133   0.40292   0.00594   0.00000   0.11544   0.00000   0.06363   0.07139   0.00936   0.06655   0.03457   0.04567   0.11960   0.07629   0.01475   0.01578   0.01313   0.03846   0.03130   0.00000   0.00000   0.00927   0.16184   0.00000   0.02875   0.03751   0.08320   0.17590   0.00000   0.00000   0.15603   0.14452   0.34801   0.23571   0.62282   0.58446   0.69673  
111 14.1108  12373.163019  x:  0.99032   0.00000   0.00000   1.25936   0.00000   0.27767   0.16796   0.06649   0.03456   0.34635   0.47866   0.00101   0.00000   0.00000   0.11810   0.11555   0.05022   0.02024   0.08902   0.25133   0.28736   0.19218   0.00000   0.00000   0.00000   0.00000   0.00367   0.00000   0.00630   0.00000   0.11442   0.01225   0.05160   0.15001   0.16052   0.01026   0.05475   0.06512   0.13996   0.14210   0.44845   0.09040   0.20746   0.13523   0.00952   0.00000   0.00000   0.23871   0.73648   0.27958   0.05575   0.15129   0.13183   0.19431   0.01090   0.00000   0.00690   0.03948   0.02596   0.26673   0.19899   0.28979   0.26126   0.00000   0.12322   0.08474   0.02243   0.04668   0.00000   0.00845   0.00065   0.12448   0.12221   0.10684   0.23217   0.00000   0.00598   0.18219   0.23376   0.02093   0.20195   0.02308   0.00249   0.36192   0.00000   0.09290   0.03046   0.05200   0.03181   0.05836   0.24679   0.00562   0.00000   0.02916   0.03665   0.12144   0.14622   0.23051   0.18615   0.29308   0.34389   0.18947   0.20320   0.00000   0.19114   0.42222   0.12119   0.25707   0.11022   0.02435   0.02346   0.10119   0.06631   0.02161   0.40386   0.00578   0.00000   0.11536   0.00000   0.06361   0.07129   0.00937   0.06695   0.03462   0.04528   0.11957   0.07609   0.01493   0.01579   0.01305   0.03881   0.03131   0.00000   0.00000   0.00927   0.16186   0.00000   0.02824   0.03759   0.08296   0.17593   0.00000   0.00000   0.15566   0.14471   0.34735   0.23572   0.62261   0.58491   0.69815  
112  7.5637  12373.155546  x:  0.99029   0.00000   0.00000   1.26303   0.00000   0.27898   0.16818   0.06657   0.03449   0.34531   0.48155   0.00146   0.00000   0.00000   0.11806   0.11549   0.05028   0.02035   0.08873   0.25110   0.28762   0.19218   0.00000   0.00000   0.00000   0.00000   0.00367   0.00000   0.00631   0.00000   0.11452   0.01217   0.05157   0.15002   0.16088   0.01025   0.05480   0.06530   0.13997   0.14211   0.44754   0.09076   0.20762   0.13528   0.00948   0.00000   0.00000   0.23882   0.73722   0.27926   0.05575   0.15120   0.13175   0.19407   0.01087   0.00000   0.00687   0.03972   0.02600   0.26655   0.19905   0.28983   0.26105   0.00000   0.12296   0.08479   0.02233   0.04668   0.00000   0.00847   0.00067   0.12443   0.12210   0.10676   0.23179   0.00000   0.00595   0.18236   0.23361   0.02128   0.20192   0.02316   0.00248   0.36227   0.00000   0.09284   0.03113   0.05187   0.03192   0.05834   0.24667   0.00562   0.00000   0.02888   0.03657   0.12126   0.14620   0.23071   0.18583   0.29356   0.34409   0.18936   0.20313   0.00000   0.19111   0.42394   0.12061   0.25692   0.11040   0.02387   0.02401   0.10135   0.06679   0.02166   0.40435   0.00539   0.00000   0.11524   0.00000   0.06356   0.07125   0.00945   0.06716   0.03459   0.04533   0.11951   0.07589   0.01474   0.01591   0.01305   0.03880   0.03130   0.00000   0.00000   0.00927   0.16183   0.00000   0.02759   0.03764   0.08259   0.17596   0.00000   0.00000   0.15518   0.14480   0.34657   0.23569   0.62200   0.58551   0.69988  
113 10.3562  12373.145756  x:  0.99024   0.00000   0.00000   1.26872   0.00000   0.28054   0.16834   0.06665   0.03440   0.34378   0.48543   0.00140   0.00000   0.00000   0.11804   0.11548   0.05007   0.02021   0.08887   0.25083   0.28769   0.19215   0.00000   0.00000   0.00000   0.00000   0.00368   0.00000   0.00631   0.00000   0.11484   0.01222   0.05157   0.15003   0.16091   0.01026   0.05459   0.06588   0.13997   0.14211   0.44624   0.09066   0.20752   0.13457   0.00952   0.00000   0.00000   0.23887   0.73850   0.27877   0.05537   0.15117   0.13160   0.19364   0.01088   0.00000   0.00685   0.04020   0.02605   0.26623   0.19885   0.28963   0.26081   0.00000   0.12294   0.08473   0.02236   0.04658   0.00000   0.00849   0.00070   0.12445   0.12205   0.10690   0.23114   0.00000   0.00603   0.18234   0.23339   0.02115   0.20166   0.02341   0.00246   0.36301   0.00000   0.09288   0.03041   0.05177   0.03214   0.05809   0.24654   0.00562   0.00000   0.02903   0.03649   0.12118   0.14622   0.23086   0.18519   0.29361   0.34445   0.18911   0.20277   0.00000   0.19095   0.42617   0.11986   0.25667   0.11040   0.02395   0.02390   0.10161   0.06619   0.02130   0.40382   0.00568   0.00000   0.11512   0.00000   0.06352   0.07136   0.00942   0.06678   0.03451   0.04595   0.11945   0.07595   0.01483   0.01584   0.01307   0.03837   0.03129   0.00000   0.00000   0.00927   0.16197   0.00000   0.02752   0.03760   0.08241   0.17597   0.00000   0.00000   0.15446   0.14474   0.34580   0.23558   0.62124   0.58633   0.70224  
114 10.6498  12373.138868  x:  0.98993   0.00000   0.00000   1.27279   0.00000   0.28146   0.16838   0.06665   0.03438   0.34252   0.48825   0.00151   0.00000   0.00000   0.11808   0.11555   0.05013   0.02035   0.08921   0.25075   0.28753   0.19216   0.00000   0.00000   0.00000   0.00000   0.00369   0.00000   0.00630   0.00000   0.11484   0.01226   0.05161   0.15004   0.16062   0.01027   0.05460   0.06565   0.13997   0.14211   0.44551   0.09032   0.20728   0.13402   0.00955   0.00000   0.00000   0.23882   0.73970   0.27855   0.05542   0.15126   0.13160   0.19347   0.01089   0.00000   0.00688   0.03979   0.02592   0.26607   0.19857   0.28938   0.26075   0.00000   0.12314   0.08469   0.02232   0.04679   0.00000   0.00850   0.00072   0.12448   0.12210   0.10703   0.23082   0.00000   0.00609   0.18221   0.23332   0.02119   0.20142   0.02303   0.00246   0.36346   0.00000   0.09300   0.03119   0.05212   0.03220   0.05821   0.24651   0.00562   0.00000   0.02912   0.03654   0.12127   0.14624   0.23081   0.18486   0.29324   0.34466   0.18899   0.20248   0.00000   0.19084   0.42759   0.12002   0.25656   0.11019   0.02432   0.02353   0.10160   0.06567   0.02139   0.40287   0.00593   0.00000   0.11513   0.00000   0.06354   0.07142   0.00940   0.06646   0.03457   0.04585   0.11945   0.07614   0.01488   0.01584   0.01309   0.03862   0.03131   0.00000   0.00000   0.00927   0.16211   0.00000   0.02794   0.03757   0.08262   0.17595   0.00000   0.00000   0.15393   0.14458   0.34558   0.23554   0.62111   0.58690   0.70389  
115 11.5179  12373.132197  x:  0.98939   0.00000   0.00000   1.27681   0.00000   0.28205   0.16833   0.06660   0.03441   0.34117   0.49088   0.00142   0.00000   0.00000   0.11814   0.11563   0.05028   0.02021   0.08946   0.25082   0.28721   0.19218   0.00000   0.00000   0.00000   0.00000   0.00370   0.00000   0.00630   0.00000   0.11462   0.01223   0.05162   0.15003   0.16017   0.01026   0.05480   0.06504   0.13996   0.14211   0.44512   0.09011   0.20700   0.13381   0.00952   0.00000   0.00000   0.23871   0.74111   0.27858   0.05570   0.15140   0.13168   0.19356   0.01088   0.00000   0.00686   0.03963   0.02608   0.26607   0.19833   0.28913   0.26084   0.00000   0.12339   0.08470   0.02234   0.04695   0.00000   0.00852   0.00072   0.12450   0.12218   0.10708   0.23080   0.00000   0.00610   0.18203   0.23341   0.02140   0.20128   0.02341   0.00244   0.36366   0.00000   0.09309   0.03063   0.05225   0.03238   0.05828   0.24657   0.00562   0.00000   0.02897   0.03650   0.12145   0.14626   0.23061   0.18484   0.29259   0.34475   0.18899   0.20233   0.00000   0.19078   0.42870   0.12081   0.25660   0.10998   0.02395   0.02393   0.10134   0.06558   0.02175   0.40145   0.00586   0.00000   0.11523   0.00000   0.06356   0.07140   0.00945   0.06641   0.03467   0.04524   0.11951   0.07631   0.01481   0.01591   0.01306   0.03895   0.03132   0.00000   0.00000   0.00926   0.16210   0.00000   0.02825   0.03758   0.08300   0.17590   0.00000   0.00000   0.15341   0.14433   0.34568   0.23558   0.62152   0.58741   0.70537  
116 10.6444  12373.125175  x:  0.98877   0.00000   0.00000   1.28172   0.00000   0.28223   0.16804   0.06651   0.03451   0.33966   0.49319   0.00032   0.00000   0.00000   0.11814   0.11563   0.05020   0.02020   0.08936   0.25102   0.28679   0.19222   0.00000   0.00000   0.00000   0.00000   0.00370   0.00000   0.00629   0.00000   0.11434   0.01222   0.05158   0.15002   0.15983   0.01025   0.05490   0.06508   0.13996   0.14210   0.44522   0.09033   0.20684   0.13419   0.00949   0.00000   0.00000   0.23856   0.74246   0.27890   0.05564   0.15149   0.13178   0.19395   0.01086   0.00000   0.00680   0.04044   0.02611   0.26624   0.19829   0.28900   0.26107   0.00000   0.12344   0.08477   0.02239   0.04675   0.00000   0.00851   0.00071   0.12447   0.12222   0.10696   0.23114   0.00000   0.00610   0.18196   0.23361   0.02155   0.20133   0.02326   0.00243   0.36357   0.00000   0.09307   0.03091   0.05193   0.03252   0.05814   0.24670   0.00563   0.00000   0.02924   0.03646   0.12155   0.14626   0.23036   0.18526   0.29180   0.34472   0.18917   0.20247   0.00000   0.19084   0.42949   0.12167   0.25676   0.11003   0.02422   0.02367   0.10110   0.06598   0.02174   0.39935   0.00583   0.00000   0.11538   0.00000   0.06353   0.07134   0.00947   0.06669   0.03466   0.04505   0.11959   0.07627   0.01478   0.01599   0.01310   0.03862   0.03129   0.00000   0.00000   0.00926   0.16174   0.00000   0.02794   0.03759   0.08320   0.17583   0.00000   0.00000   0.15286   0.14412   0.34611   0.23568   0.62240   0.58783   0.70670  
117  8.9370  12373.120575  x:  0.98787   0.00000   0.00000   1.28463   0.00000   0.28202   0.16772   0.06643   0.03457   0.33849   0.49462   0.00024   0.00000   0.00000   0.11809   0.11555   0.05022   0.02033   0.08902   0.25117   0.28652   0.19224   0.00000   0.00000   0.00000   0.00000   0.00371   0.00000   0.00629   0.00000   0.11421   0.01226   0.05163   0.15001   0.15999   0.01026   0.05472   0.06565   0.13996   0.14210   0.44575   0.09051   0.20691   0.13458   0.00951   0.00000   0.00000   0.23851   0.74324   0.27917   0.05538   0.15143   0.13177   0.19420   0.01086   0.00000   0.00683   0.03998   0.02577   0.26641   0.19842   0.28896   0.26123   0.00000   0.12321   0.08476   0.02236   0.04699   0.00000   0.00852   0.00070   0.12442   0.12215   0.10680   0.23148   0.00000   0.00609   0.18201   0.23375   0.02159   0.20152   0.02334   0.00244   0.36321   0.00000   0.09297   0.03080   0.05234   0.03267   0.05818   0.24679   0.00563   0.00000   0.02903   0.03647   0.12143   0.14624   0.23026   0.18565   0.29138   0.34451   0.18932   0.20272   0.00000   0.19094   0.42965   0.12238   0.25688   0.11018   0.02418   0.02371   0.10106   0.06612   0.02145   0.39804   0.00606   0.00000   0.11541   0.00000   0.06353   0.07127   0.00945   0.06679   0.03459   0.04566   0.11960   0.07606   0.01482   0.01595   0.01312   0.03873   0.03131   0.00000   0.00000   0.00926   0.16146   0.00000   0.02770   0.03760   0.08294   0.17580   0.00000   0.00000   0.15253   0.14412   0.34656   0.23574   0.62273   0.58799   0.70736  
118  6.9280  12373.116341  x:  0.98647   0.00000   0.00000   1.28707   0.00000   0.28130   0.16730   0.06637   0.03458   0.33721   0.49562   0.00048   0.00000   0.00000   0.11805   0.11548   0.05031   0.02003   0.08875   0.25126   0.28648   0.19220   0.00000   0.00000   0.00000   0.00000   0.00372   0.00000   0.00629   0.00000   0.11438   0.01225   0.05163   0.15001   0.16044   0.01027   0.05466   0.06548   0.13995   0.14210   0.44672   0.09041   0.20720   0.13452   0.00952   0.00000   0.00000   0.23857   0.74373   0.27939   0.05550   0.15130   0.13165   0.19423   0.01087   0.00000   0.00678   0.04007   0.02656   0.26658   0.19877   0.28911   0.26129   0.00000   0.12292   0.08469   0.02235   0.04705   0.00000   0.00851   0.00068   0.12443   0.12205   0.10677   0.23180   0.00000   0.00609   0.18215   0.23379   0.02154   0.20179   0.02326   0.00244   0.36259   0.00000   0.09295   0.03089   0.05237   0.03274   0.05818   0.24681   0.00563   0.00000   0.02939   0.03654   0.12121   0.14621   0.23035   0.18591   0.29142   0.34412   0.18939   0.20301   0.00000   0.19105   0.42923   0.12248   0.25691   0.11033   0.02416   0.02373   0.10122   0.06569   0.02146   0.39723   0.00611   0.00000   0.11531   0.00000   0.06355   0.07123   0.00946   0.06664   0.03456   0.04580   0.11952   0.07589   0.01483   0.01596   0.01312   0.03897   0.03131   0.00000   0.00000   0.00927   0.16141   0.00000   0.02785   0.03766   0.08244   0.17582   0.00000   0.00000   0.15228   0.14429   0.34702   0.23571   0.62241   0.58795   0.70757  
119  4.2485  12373.110083  x:  0.98423   0.00000   0.00000   1.29078   0.00000   0.27993   0.16662   0.06632   0.03458   0.33529   0.49663   0.00043   0.00000   0.00000   0.11802   0.11544   0.05031   0.02056   0.08878   0.25136   0.28663   0.19218   0.00000   0.00000   0.00000   0.00000   0.00373   0.00000   0.00628   0.00000   0.11468   0.01224   0.05160   0.15002   0.16094   0.01026   0.05481   0.06501   0.13995   0.14209   0.44819   0.09020   0.20763   0.13415   0.00950   0.00000   0.00000   0.23870   0.74414   0.27958   0.05569   0.15115   0.13151   0.19413   0.01085   0.00000   0.00678   0.04028   0.02591   0.26672   0.19917   0.28940   0.26129   0.00000   0.12276   0.08466   0.02238   0.04701   0.00000   0.00852   0.00064   0.12450   0.12197   0.10685   0.23213   0.00000   0.00605   0.18232   0.23379   0.02175   0.20212   0.02339   0.00244   0.36168   0.00000   0.09299   0.03081   0.05217   0.03290   0.05811   0.24681   0.00563   0.00000   0.02912   0.03642   0.12100   0.14619   0.23055   0.18608   0.29183   0.34356   0.18942   0.20330   0.00000   0.19117   0.42821   0.12195   0.25689   0.11043   0.02426   0.02363   0.10139   0.06516   0.02165   0.39639   0.00609   0.00000   0.11515   0.00000   0.06356   0.07123   0.00948   0.06645   0.03462   0.04542   0.11940   0.07585   0.01481   0.01602   0.01314   0.03889   0.03130   0.00000   0.00000   0.00927   0.16144   0.00000   0.02808   0.03773   0.08202   0.17586   0.00000   0.00000   0.15198   0.14455   0.34756   0.23566   0.62175   0.58774   0.70757  
120  8.6230  12373.102892  x:  0.98126   0.00000   0.00000   1.29467   0.00000   0.27814   0.16590   0.06633   0.03456   0.33302   0.49733   0.00066   0.00000   0.00000   0.11808   0.11555   0.05020   0.01958   0.08912   0.25132   0.28692   0.19208   0.00000   0.00000   0.00000   0.00000   0.00374   0.00000   0.00628   0.00000   0.11455   0.01224   0.05166   0.15003   0.16080   0.01026   0.05499   0.06529   0.13996   0.14210   0.44948   0.09018   0.20783   0.13382   0.00951   0.00000   0.00000   0.23883   0.74417   0.27951   0.05545   0.15119   0.13154   0.19391   0.01085   0.00000   0.00680   0.04024   0.02545   0.26669   0.19925   0.28963   0.26116   0.00000   0.12311   0.08478   0.02238   0.04711   0.00000   0.00852   0.00062   0.12460   0.12207   0.10699   0.23213   0.00000   0.00606   0.18232   0.23369   0.02178   0.20216   0.02331   0.00244   0.36105   0.00000   0.09305   0.03093   0.05249   0.03307   0.05817   0.24675   0.00563   0.00000   0.02923   0.03650   0.12122   0.14622   0.23075   0.18592   0.29247   0.34313   0.18931   0.20326   0.00000   0.19114   0.42666   0.12123   0.25678   0.11019   0.02417   0.02373   0.10120   0.06563   0.02164   0.39619   0.00610   0.00000   0.11510   0.00000   0.06351   0.07133   0.00948   0.06651   0.03472   0.04505   0.11937   0.07614   0.01480   0.01604   0.01315   0.03858   0.03133   0.00000   0.00000   0.00926   0.16142   0.00000   0.02788   0.03768   0.08250   0.17592   0.00000   0.00000   0.15172   0.14469   0.34779   0.23564   0.62132   0.58734   0.70718  
121  7.2480  12373.093892  x:  0.97722   0.00000   0.00000   1.29945   0.00000   0.27579   0.16511   0.06639   0.03454   0.33006   0.49796   0.00118   0.00000   0.00000   0.11818   0.11570   0.05019   0.02048   0.08962   0.25119   0.28728   0.19212   0.00000   0.00000   0.00000   0.00000   0.00376   0.00000   0.00628   0.00000   0.11422   0.01223   0.05169   0.15004   0.16028   0.01026   0.05494   0.06569   0.13997   0.14211   0.45068   0.09030   0.20784   0.13367   0.00953   0.00000   0.00000   0.23894   0.74395   0.27926   0.05522   0.15134   0.13167   0.19369   0.01085   0.00000   0.00674   0.04030   0.02620   0.26657   0.19916   0.28980   0.26096   0.00000   0.12361   0.08489   0.02237   0.04726   0.00000   0.00852   0.00060   0.12466   0.12222   0.10707   0.23190   0.00000   0.00607   0.18221   0.23355   0.02188   0.20202   0.02343   0.00244   0.36062   0.00000   0.09308   0.03084   0.05274   0.03316   0.05818   0.24668   0.00563   0.00000   0.02939   0.03651   0.12160   0.14626   0.23091   0.18558   0.29318   0.34278   0.18916   0.20300   0.00000   0.19103   0.42450   0.12050   0.25663   0.10986   0.02426   0.02364   0.10096   0.06639   0.02144   0.39641   0.00616   0.00000   0.11515   0.00000   0.06345   0.07144   0.00947   0.06665   0.03473   0.04508   0.11940   0.07646   0.01481   0.01607   0.01314   0.03866   0.03133   0.00000   0.00000   0.00925   0.16141   0.00000   0.02748   0.03758   0.08332   0.17597   0.00000   0.00000   0.15146   0.14473   0.34781   0.23562   0.62119   0.58674   0.70649  
122 15.4663  12373.082185  x:  0.97190   0.00000   0.00000   1.30561   0.00000   0.27296   0.16449   0.06651   0.03456   0.32634   0.49795   0.00142   0.00000   0.00000   0.11819   0.11567   0.05051   0.02006   0.08926   0.25088   0.28748   0.19218   0.00000   0.00000   0.00000   0.00000   0.00379   0.00000   0.00626   0.00000   0.11414   0.01224   0.05156   0.15003   0.15955   0.01027   0.05444   0.06503   0.13996   0.14211   0.45080   0.09054   0.20736   0.13419   0.00954   0.00000   0.00000   0.23889   0.74305   0.27879   0.05573   0.15158   0.13189   0.19378   0.01084   0.00000   0.00672   0.04050   0.02605   0.26625   0.19862   0.28966   0.26078   0.00000   0.12355   0.08471   0.02238   0.04727   0.00000   0.00853   0.00063   0.12454   0.12226   0.10686   0.23134   0.00000   0.00611   0.18200   0.23347   0.02211   0.20157   0.02353   0.00244   0.36110   0.00000   0.09304   0.03091   0.05212   0.03350   0.05790   0.24662   0.00563   0.00000   0.02893   0.03608   0.12170   0.14626   0.23081   0.18524   0.29353   0.34302   0.18909   0.20255   0.00000   0.19086   0.42157   0.12004   0.25654   0.10987   0.02446   0.02342   0.10126   0.06617   0.02121   0.39745   0.00627   0.00000   0.11538   0.00000   0.06343   0.07134   0.00945   0.06668   0.03449   0.04599   0.11957   0.07628   0.01485   0.01610   0.01317   0.03951   0.03127   0.00000   0.00000   0.00923   0.16156   0.00000   0.02718   0.03761   0.08353   0.17597   0.00000   0.00000   0.15125   0.14446   0.34729   0.23559   0.62208   0.58584   0.70521  
123  9.7631  12373.070542  x:  0.96659   0.00000   0.00000   1.31164   0.00000   0.27048   0.16428   0.06663   0.03461   0.32273   0.49743   0.00144   0.00000   0.00000   0.11809   0.11551   0.05035   0.02038   0.08874   0.25064   0.28744   0.19229   0.00000   0.00000   0.00000   0.00000   0.00382   0.00000   0.00625   0.00000   0.11438   0.01222   0.05167   0.15001   0.15935   0.01026   0.05485   0.06484   0.13996   0.14210   0.44996   0.09046   0.20684   0.13468   0.00953   0.00000   0.00000   0.23873   0.74192   0.27842   0.05566   0.15163   0.13189   0.19405   0.01082   0.00000   0.00670   0.04056   0.02568   0.26597   0.19816   0.28934   0.26072   0.00000   0.12309   0.08459   0.02240   0.04746   0.00000   0.00853   0.00067   0.12439   0.12216   0.10669   0.23083   0.00000   0.00617   0.18194   0.23346   0.02211   0.20120   0.02351   0.00240   0.36214   0.00000   0.09296   0.03090   0.05261   0.03377   0.05809   0.24659   0.00564   0.00000   0.02996   0.03653   0.12150   0.14625   0.23060   0.18517   0.29335   0.34362   0.18916   0.20231   0.00000   0.19079   0.41872   0.12012   0.25657   0.11011   0.02411   0.02379   0.10163   0.06546   0.02144   0.39883   0.00621   0.00000   0.11557   0.00000   0.06344   0.07110   0.00945   0.06663   0.03458   0.04586   0.11971   0.07590   0.01481   0.01615   0.01321   0.03897   0.03135   0.00000   0.00000   0.00923   0.16179   0.00000   0.02717   0.03765   0.08300   0.17593   0.00000   0.00000   0.15113   0.14416   0.34661   0.23557   0.62312   0.58493   0.70373  
124 14.7563  12373.063096  x:  0.96331   0.00000   0.00000   1.31529   0.00000   0.26932   0.16448   0.06666   0.03462   0.32058   0.49678   0.00137   0.00000   0.00000   0.11803   0.11544   0.05022   0.02020   0.08868   0.25062   0.28726   0.19229   0.00000   0.00000   0.00000   0.00000   0.00383   0.00000   0.00624   0.00000   0.11453   0.01220   0.05173   0.15000   0.15972   0.01025   0.05517   0.06527   0.13996   0.14209   0.44892   0.09020   0.20670   0.13466   0.00954   0.00000   0.00000   0.23863   0.74111   0.27835   0.05529   0.15150   0.13174   0.19424   0.01081   0.00000   0.00664   0.04065   0.02619   0.26591   0.19815   0.28909   0.26078   0.00000   0.12287   0.08470   0.02241   0.04752   0.00000   0.00853   0.00068   0.12435   0.12208   0.10674   0.23067   0.00000   0.00618   0.18210   0.23354   0.02234   0.20120   0.02367   0.00241   0.36294   0.00000   0.09300   0.03092   0.05303   0.03379   0.05821   0.24661   0.00564   0.00000   0.02911   0.03635   0.12124   0.14622   0.23044   0.18531   0.29288   0.34415   0.18928   0.20243   0.00000   0.19085   0.41711   0.12050   0.25661   0.11021   0.02448   0.02342   0.10162   0.06527   0.02163   0.39973   0.00618   0.00000   0.11556   0.00000   0.06342   0.07103   0.00946   0.06658   0.03473   0.04519   0.11971   0.07581   0.01483   0.01620   0.01324   0.03859   0.03134   0.00000   0.00000   0.00924   0.16187   0.00000   0.02723   0.03764   0.08252   0.17589   0.00000   0.00000   0.15111   0.14409   0.34626   0.23559   0.62340   0.58438   0.70272  
125 12.7990  12373.053878  x:  0.95953   0.00000   0.00000   1.31957   0.00000   0.26879   0.16534   0.06660   0.03460   0.31824   0.49537   0.00109   0.00000   0.00000   0.11807   0.11554   0.05044   0.02022   0.08926   0.25086   0.28685   0.19219   0.00000   0.00000   0.00000   0.00000   0.00386   0.00000   0.00623   0.00000   0.11448   0.01221   0.05160   0.15000   0.16071   0.01026   0.05469   0.06566   0.13994   0.14208   0.44702   0.08989   0.20703   0.13405   0.00956   0.00000   0.00000   0.23857   0.73999   0.27862   0.05524   0.15119   0.13150   0.19436   0.01080   0.00000   0.00663   0.04066   0.02591   0.26606   0.19867   0.28881   0.26100   0.00000   0.12305   0.08496   0.02241   0.04748   0.00000   0.00854   0.00069   0.12442   0.12204   0.10706   0.23085   0.00000   0.00621   0.18262   0.23365   0.02237   0.20164   0.02365   0.00238   0.36396   0.00000   0.09320   0.03094   0.05259   0.03408   0.05787   0.24667   0.00565   0.00000   0.02959   0.03611   0.12110   0.14618   0.23038   0.18571   0.29183   0.34488   0.18946   0.20303   0.00000   0.19110   0.41564   0.12122   0.25671   0.11011   0.02438   0.02350   0.10105   0.06575   0.02141   0.40060   0.00628   0.00000   0.11532   0.00000   0.06336   0.07124   0.00943   0.06647   0.03471   0.04484   0.11955   0.07614   0.01484   0.01621   0.01326   0.03934   0.03125   0.00000   0.00000   0.00924   0.16173   0.00000   0.02718   0.03763   0.08233   0.17586   0.00000   0.00000   0.15121   0.14434   0.34615   0.23566   0.62278   0.58382   0.70139  
126  8.0239  12373.047241  x:  0.95709   0.00000   0.00000   1.32214   0.00000   0.26928   0.16646   0.06650   0.03456   0.31690   0.49399   0.00094   0.00000   0.00000   0.11813   0.11563   0.05034   0.02019   0.08946   0.25111   0.28657   0.19212   0.00000   0.00000   0.00000   0.00000   0.00387   0.00000   0.00622   0.00000   0.11427   0.01217   0.05177   0.15002   0.16087   0.01025   0.05481   0.06492   0.13994   0.14209   0.44574   0.09022   0.20752   0.13374   0.00952   0.00000   0.00000   0.23864   0.73943   0.27898   0.05574   0.15116   0.13156   0.19425   0.01079   0.00000   0.00659   0.04086   0.02594   0.26630   0.19917   0.28881   0.26116   0.00000   0.12335   0.08477   0.02243   0.04770   0.00000   0.00853   0.00068   0.12448   0.12210   0.10707   0.23119   0.00000   0.00621   0.18291   0.23370   0.02242   0.20205   0.02372   0.00238   0.36431   0.00000   0.09317   0.03094   0.05299   0.03410   0.05816   0.24669   0.00565   0.00000   0.02938   0.03660   0.12133   0.14622   0.23050   0.18587   0.29120   0.34519   0.18947   0.20342   0.00000   0.19124   0.41516   0.12143   0.25677   0.11004   0.02444   0.02344   0.10094   0.06580   0.02125   0.40089   0.00615   0.00000   0.11517   0.00000   0.06336   0.07137   0.00942   0.06650   0.03468   0.04580   0.11943   0.07631   0.01480   0.01628   0.01327   0.03887   0.03145   0.00000   0.00000   0.00922   0.16148   0.00000   0.02707   0.03768   0.08282   0.17589   0.00000   0.00000   0.15138   0.14466   0.34651   0.23567   0.62198   0.58358   0.70045  
127  5.8159  12373.036041  x:  0.95353   0.00000   0.00000   1.32538   0.00000   0.27156   0.16886   0.06633   0.03449   0.31528   0.49130   0.00134   0.00000   0.00000   0.11817   0.11562   0.05028   0.02023   0.08893   0.25136   0.28633   0.19211   0.00000   0.00000   0.00000   0.00000   0.00391   0.00000   0.00620   0.00000   0.11416   0.01216   0.05160   0.15004   0.15990   0.01024   0.05546   0.06504   0.13999   0.14212   0.44460   0.09081   0.20817   0.13409   0.00955   0.00000   0.00000   0.23889   0.73895   0.27951   0.05524   0.15144   0.13189   0.19390   0.01077   0.00000   0.00657   0.04059   0.02594   0.26668   0.19958   0.28911   0.26125   0.00000   0.12347   0.08445   0.02246   0.04733   0.00000   0.00852   0.00068   0.12445   0.12223   0.10665   0.23164   0.00000   0.00623   0.18293   0.23365   0.02255   0.20238   0.02372   0.00240   0.36405   0.00000   0.09290   0.03097   0.05299   0.03423   0.05810   0.24671   0.00565   0.00000   0.02968   0.03557   0.12177   0.14625   0.23088   0.18566   0.29089   0.34517   0.18929   0.20347   0.00000   0.19124   0.41548   0.12104   0.25676   0.11011   0.02442   0.02344   0.10156   0.06516   0.02160   0.40073   0.00623   0.00000   0.11521   0.00000   0.06343   0.07110   0.00936   0.06676   0.03455   0.04572   0.11941   0.07609   0.01483   0.01628   0.01332   0.03892   0.03097   0.00000   0.00000   0.00921   0.16118   0.00000   0.02720   0.03759   0.08363   0.17598   0.00000   0.00000   0.15182   0.14510   0.34788   0.23561   0.62126   0.58351   0.69904  
128  4.8101  12373.020667  x:  0.94916   0.00000   0.00000   1.32927   0.00000   0.27528   0.17204   0.06619   0.03443   0.31352   0.48744   0.00200   0.00000   0.00000   0.11815   0.11555   0.05041   0.02025   0.08855   0.25151   0.28636   0.19216   0.00000   0.00000   0.00000   0.00000   0.00395   0.00000   0.00618   0.00000   0.11451   0.01213   0.05169   0.15005   0.15891   0.01025   0.05463   0.06563   0.14000   0.14214   0.44406   0.09055   0.20843   0.13465   0.00957   0.00000   0.00000   0.23914   0.73870   0.27987   0.05515   0.15175   0.13212   0.19366   0.01076   0.00000   0.00651   0.04097   0.02584   0.26697   0.19955   0.28961   0.26121   0.00000   0.12325   0.08470   0.02243   0.04786   0.00000   0.00848   0.00066   0.12439   0.12233   0.10649   0.23192   0.00000   0.00627   0.18264   0.23351   0.02238   0.20234   0.02381   0.00243   0.36342   0.00000   0.09292   0.03099   0.05257   0.03438   0.05787   0.24667   0.00566   0.00000   0.02934   0.03689   0.12187   0.14632   0.23126   0.18529   0.29116   0.34492   0.18909   0.20315   0.00000   0.19108   0.41659   0.12023   0.25671   0.11020   0.02443   0.02340   0.10203   0.06500   0.02143   0.40013   0.00635   0.00000   0.11542   0.00000   0.06342   0.07088   0.00931   0.06679   0.03474   0.04481   0.11953   0.07585   0.01486   0.01630   0.01335   0.03929   0.03174   0.00000   0.00000   0.00922   0.16097   0.00000   0.02736   0.03750   0.08365   0.17609   0.00000   0.00000   0.15252   0.14531   0.34971   0.23556   0.62141   0.58363   0.69728  
129  9.8893  12372.999069  x:  0.94400   0.00000   0.00000   1.33429   0.00000   0.28057   0.17566   0.06622   0.03440   0.31169   0.48194   0.00254   0.00000   0.00000   0.11805   0.11550   0.05033   0.02019   0.08923   0.25144   0.28693   0.19222   0.00000   0.00000   0.00000   0.00000   0.00402   0.00000   0.00615   0.00000   0.11523   0.01202   0.05183   0.15001   0.15922   0.01024   0.05417   0.06531   0.13996   0.14211   0.44475   0.08941   0.20783   0.13489   0.00953   0.00000   0.00000   0.23917   0.73887   0.27975   0.05604   0.15170   0.13189   0.19386   0.01072   0.00000   0.00644   0.04082   0.02589   0.26692   0.19886   0.29012   0.26101   0.00000   0.12294   0.08525   0.02249   0.04754   0.00000   0.00845   0.00063   0.12443   0.12229   0.10711   0.23170   0.00000   0.00625   0.18217   0.23343   0.02260   0.20181   0.02391   0.00244   0.36274   0.00000   0.09322   0.03100   0.05321   0.03438   0.05826   0.24665   0.00566   0.00000   0.02963   0.03607   0.12124   0.14621   0.23126   0.18505   0.29231   0.34463   0.18911   0.20255   0.00000   0.19085   0.41874   0.11918   0.25664   0.11017   0.02443   0.02332   0.10160   0.06603   0.02087   0.39907   0.00629   0.00000   0.11565   0.00000   0.06326   0.07131   0.00922   0.06631   0.03484   0.04518   0.11976   0.07608   0.01481   0.01640   0.01341   0.03872   0.03094   0.00000   0.00000   0.00921   0.16095   0.00000   0.02716   0.03770   0.08249   0.17614   0.00000   0.00000   0.15355   0.14494   0.35159   0.23560   0.62284   0.58404   0.69512  
130 11.2115  12372.984434  x:  0.94144   0.00000   0.00000   1.33731   0.00000   0.28368   0.17681   0.06643   0.03439   0.31098   0.47843   0.00292   0.00000   0.00000   0.11807   0.11560   0.05027   0.02014   0.08980   0.25116   0.28748   0.19222   0.00000   0.00000   0.00000   0.00000   0.00406   0.00000   0.00612   0.00000   0.11512   0.01203   0.05149   0.14999   0.16054   0.01021   0.05563   0.06507   0.13995   0.14207   0.44624   0.08981   0.20712   0.13468   0.00959   0.00000   0.00000   0.23891   0.73932   0.27922   0.05530   0.15126   0.13151   0.19425   0.01071   0.00000   0.00640   0.04085   0.02589   0.26655   0.19840   0.29009   0.26087   0.00000   0.12321   0.08473   0.02249   0.04755   0.00000   0.00843   0.00063   0.12448   0.12217   0.10742   0.23118   0.00000   0.00629   0.18218   0.23347   0.02246   0.20142   0.02398   0.00246   0.36300   0.00000   0.09326   0.03103   0.05274   0.03452   0.05789   0.24660   0.00567   0.00000   0.02959   0.03627   0.12107   0.14616   0.23088   0.18531   0.29318   0.34480   0.18933   0.20251   0.00000   0.19087   0.42053   0.11912   0.25667   0.11016   0.02448   0.02326   0.10124   0.06608   0.02160   0.39852   0.00652   0.00000   0.11555   0.00000   0.06328   0.07165   0.00912   0.06636   0.03450   0.04587   0.11973   0.07644   0.01487   0.01638   0.01343   0.03910   0.03182   0.00000   0.00000   0.00920   0.16122   0.00000   0.02686   0.03779   0.08233   0.17607   0.00000   0.00000   0.15425   0.14445   0.35207   0.23563   0.62359   0.58446   0.69407  
131  8.6537  12372.965012  x:  0.93960   0.00000   0.00000   1.34087   0.00000   0.28658   0.17633   0.06683   0.03433   0.31088   0.47426   0.00290   0.00000   0.00000   0.11819   0.11575   0.05030   0.02014   0.08974   0.25067   0.28816   0.19218   0.00000   0.00000   0.00000   0.00000   0.00412   0.00000   0.00608   0.00000   0.11474   0.01194   0.05192   0.14998   0.16192   0.01022   0.05448   0.06527   0.13991   0.14207   0.44895   0.09122   0.20644   0.13424   0.00958   0.00000   0.00000   0.23841   0.74044   0.27839   0.05533   0.15082   0.13144   0.19468   0.01067   0.00000   0.00633   0.04096   0.02587   0.26593   0.19826   0.28965   0.26080   0.00000   0.12380   0.08419   0.02252   0.04768   0.00000   0.00838   0.00064   0.12452   0.12210   0.10720   0.23046   0.00000   0.00630   0.18267   0.23364   0.02241   0.20127   0.02411   0.00250   0.36438   0.00000   0.09295   0.03106   0.05281   0.03457   0.05801   0.24655   0.00567   0.00000   0.02952   0.03663   0.12152   0.14619   0.23016   0.18593   0.29404   0.34565   0.18967   0.20300   0.00000   0.19111   0.42305   0.11971   0.25686   0.11043   0.02447   0.02322   0.10150   0.06501   0.02182   0.39812   0.00652   0.00000   0.11520   0.00000   0.06339   0.07148   0.00903   0.06696   0.03483   0.04533   0.11947   0.07658   0.01486   0.01644   0.01350   0.03898   0.03057   0.00000   0.00000   0.00917   0.16186   0.00000   0.02663   0.03764   0.08333   0.17590   0.00000   0.00000   0.15515   0.14392   0.35137   0.23561   0.62340   0.58516   0.69326  
132  7.3151  12372.946072  x:  0.93910   0.00000   0.00000   1.34400   0.00000   0.28823   0.17435   0.06715   0.03426   0.31141   0.47079   0.00265   0.00000   0.00000   0.11821   0.11571   0.05023   0.02018   0.08925   0.25041   0.28852   0.19212   0.00000   0.00000   0.00000   0.00000   0.00418   0.00000   0.00604   0.00000   0.11508   0.01187   0.05155   0.15001   0.16153   0.01021   0.05413   0.06565   0.13994   0.14210   0.45135   0.09098   0.20648   0.13422   0.00955   0.00000   0.00000   0.23815   0.74182   0.27799   0.05626   0.15099   0.13184   0.19465   0.01063   0.00000   0.00626   0.04081   0.02590   0.26561   0.19863   0.28921   0.26089   0.00000   0.12377   0.08491   0.02258   0.04722   0.00000   0.00834   0.00066   0.12449   0.12226   0.10690   0.23017   0.00000   0.00631   0.18322   0.23379   0.02254   0.20153   0.02420   0.00251   0.36625   0.00000   0.09286   0.03108   0.05314   0.03459   0.05833   0.24656   0.00568   0.00000   0.02976   0.03571   0.12187   0.14622   0.22982   0.18615   0.29429   0.34687   0.18975   0.20350   0.00000   0.19131   0.42543   0.12048   0.25707   0.11068   0.02444   0.02317   0.10195   0.06500   0.02154   0.39814   0.00649   0.00000   0.11505   0.00000   0.06336   0.07122   0.00894   0.06683   0.03465   0.04506   0.11929   0.07632   0.01483   0.01651   0.01357   0.03869   0.03237   0.00000   0.00000   0.00915   0.16243   0.00000   0.02662   0.03756   0.08399   0.17579   0.00000   0.00000   0.15597   0.14390   0.35033   0.23564   0.62248   0.58589   0.69298  
133  8.1144  12372.917785  x:  0.93965   0.00000   0.00000   1.34809   0.00000   0.28932   0.17026   0.06741   0.03419   0.31282   0.46666   0.00250   0.00000   0.00000   0.11813   0.11554   0.05018   0.02020   0.08897   0.25048   0.28870   0.19206   0.00000   0.00000   0.00000   0.00000   0.00428   0.00000   0.00598   0.00000   0.11603   0.01182   0.05150   0.15005   0.15966   0.01017   0.05526   0.06559   0.14002   0.14214   0.45389   0.08942   0.20726   0.13482   0.00958   0.00000   0.00000   0.23819   0.74396   0.27813   0.05606   0.15160   0.13231   0.19418   0.01059   0.00000   0.00615   0.04095   0.02580   0.26565   0.19939   0.28889   0.26112   0.00000   0.12323   0.08571   0.02257   0.04747   0.00000   0.00827   0.00070   0.12441   0.12261   0.10690   0.23032   0.00000   0.00641   0.18373   0.23382   0.02230   0.20208   0.02434   0.00253   0.36903   0.00000   0.09320   0.03111   0.05271   0.03472   0.05804   0.24656   0.00570   0.00000   0.02955   0.03656   0.12193   0.14632   0.22998   0.18583   0.29399   0.34878   0.18955   0.20385   0.00000   0.19140   0.42864   0.12132   0.25727   0.11071   0.02445   0.02308   0.10223   0.06612   0.02200   0.39875   0.00659   0.00000   0.11516   0.00000   0.06323   0.07127   0.00876   0.06613   0.03452   0.04569   0.11931   0.07601   0.01488   0.01653   0.01369   0.03893   0.03093   0.00000   0.00000   0.00912   0.16285   0.00000   0.02659   0.03762   0.08382   0.17575   0.00000   0.00000   0.15710   0.14445   0.34938   0.23575   0.62121   0.58695   0.69313  
134 10.6841  12372.886877  x:  0.94200   0.00000   0.00000   1.35150   0.00000   0.28856   0.16543   0.06727   0.03430   0.31512   0.46399   0.00286   0.00000   0.00000   0.11809   0.11562   0.05028   0.02010   0.09011   0.25123   0.28853   0.19206   0.00000   0.00000   0.00000   0.00000   0.00437   0.00000   0.00592   0.00000   0.11622   0.01164   0.05233   0.15004   0.15879   0.01017   0.05387   0.06488   0.13998   0.14214   0.45418   0.08983   0.20833   0.13586   0.00960   0.00000   0.00000   0.23878   0.74635   0.27932   0.05470   0.15183   0.13193   0.19369   0.01053   0.00000   0.00604   0.04083   0.02577   0.26646   0.19968   0.28945   0.26136   0.00000   0.12318   0.08393   0.02268   0.04707   0.00000   0.00822   0.00071   0.12438   0.12262   0.10765   0.23105   0.00000   0.00648   0.18347   0.23362   0.02236   0.20234   0.02447   0.00255   0.37094   0.00000   0.09331   0.03116   0.05291   0.03462   0.05803   0.24660   0.00571   0.00000   0.02969   0.03614   0.12124   0.14624   0.23093   0.18483   0.29326   0.35040   0.18918   0.20330   0.00000   0.19111   0.43120   0.12084   0.25723   0.11030   0.02445   0.02301   0.10182   0.06601   0.02268   0.40014   0.00634   0.00000   0.11558   0.00000   0.06333   0.07201   0.00858   0.06655   0.03511   0.04573   0.11972   0.07658   0.01484   0.01665   0.01374   0.03875   0.03162   0.00000   0.00000   0.00913   0.16246   0.00000   0.02638   0.03770   0.08255   0.17593   0.00000   0.00000   0.15813   0.14523   0.35031   0.23576   0.62158   0.58793   0.69402  
135  7.5608  12372.852134  x:  0.94600   0.00000   0.00000   1.35460   0.00000   0.28639   0.16063   0.06690   0.03455   0.31827   0.46254   0.00398   0.00000   0.00000   0.11814   0.11580   0.04999   0.02004   0.09085   0.25204   0.28826   0.19215   0.00000   0.00000   0.00000   0.00000   0.00449   0.00000   0.00585   0.00000   0.11605   0.01160   0.05081   0.15001   0.15989   0.01013   0.05458   0.06609   0.13996   0.14209   0.45266   0.09106   0.20881   0.13627   0.00957   0.00000   0.00000   0.23942   0.74864   0.28071   0.05683   0.15160   0.13156   0.19363   0.01049   0.00000   0.00592   0.04087   0.02569   0.26749   0.19935   0.29056   0.26147   0.00000   0.12376   0.08393   0.02269   0.04719   0.00000   0.00814   0.00071   0.12436   0.12238   0.10800   0.23169   0.00000   0.00657   0.18290   0.23333   0.02216   0.20211   0.02462   0.00260   0.37192   0.00000   0.09313   0.03119   0.05279   0.03467   0.05829   0.24656   0.00572   0.00000   0.02959   0.03648   0.12105   0.14616   0.23191   0.18406   0.29270   0.35158   0.18901   0.20248   0.00000   0.19074   0.43319   0.11973   0.25712   0.11042   0.02442   0.02290   0.10186   0.06516   0.02188   0.40192   0.00642   0.00000   0.11582   0.00000   0.06341   0.07233   0.00837   0.06701   0.03417   0.04518   0.12005   0.07715   0.01487   0.01667   0.01382   0.03859   0.03118   0.00000   0.00000   0.00912   0.16179   0.00000   0.02664   0.03777   0.08237   0.17616   0.00000   0.00000   0.15910   0.14569   0.35310   0.23566   0.62291   0.58879   0.69551  
136 10.5692  12372.817680  x:  0.95170   0.00000   0.00000   1.35750   0.00000   0.28310   0.15766   0.06658   0.03479   0.32203   0.46240   0.00468   0.00000   0.00000   0.11825   0.11585   0.05000   0.02009   0.09006   0.25228   0.28832   0.19224   0.00000   0.00000   0.00000   0.00000   0.00460   0.00000   0.00577   0.00000   0.11668   0.01139   0.05268   0.14997   0.16182   0.01010   0.05480   0.06586   0.13993   0.14207   0.44994   0.09077   0.20806   0.13551   0.00959   0.00000   0.00000   0.23946   0.75016   0.28137   0.05652   0.15094   0.13164   0.19415   0.01043   0.00000   0.00581   0.04072   0.02569   0.26802   0.19866   0.29169   0.26137   0.00000   0.12422   0.08605   0.02271   0.04689   0.00000   0.00804   0.00070   0.12440   0.12234   0.10748   0.23164   0.00000   0.00661   0.18266   0.23321   0.02206   0.20158   0.02478   0.00268   0.37183   0.00000   0.09290   0.03125   0.05227   0.03472   0.05808   0.24648   0.00573   0.00000   0.02965   0.03625   0.12186   0.14615   0.23198   0.18440   0.29310   0.35210   0.18930   0.20226   0.00000   0.19071   0.43399   0.11879   0.25717   0.11135   0.02437   0.02282   0.10273   0.06558   0.02187   0.40347   0.00645   0.00000   0.11552   0.00000   0.06323   0.07169   0.00815   0.06658   0.03522   0.04576   0.11987   0.07686   0.01489   0.01673   0.01395   0.03863   0.03141   0.00000   0.00000   0.00908   0.16130   0.00000   0.02706   0.03762   0.08400   0.17623   0.00000   0.00000   0.15984   0.14532   0.35739   0.23565   0.62376   0.58929   0.69734  
137 10.6530  12372.792403  x:  0.95714   0.00000   0.00000   1.35956   0.00000   0.28016   0.15766   0.06657   0.03482   0.32514   0.46319   0.00456   0.00000   0.00000   0.11824   0.11574   0.05002   0.02012   0.08956   0.25196   0.28886   0.19219   0.00000   0.00000   0.00000   0.00000   0.00469   0.00000   0.00572   0.00000   0.11753   0.01136   0.05081   0.14999   0.16199   0.01010   0.05371   0.06517   0.13994   0.14211   0.44802   0.08995   0.20708   0.13519   0.00960   0.00000   0.00000   0.23896   0.75041   0.28095   0.05541   0.15082   0.13208   0.19457   0.01038   0.00000   0.00570   0.04082   0.02565   0.26775   0.19841   0.29208   0.26122   0.00000   0.12398   0.08524   0.02278   0.04684   0.00000   0.00797   0.00068   0.12449   0.12268   0.10728   0.23111   0.00000   0.00659   0.18299   0.23334   0.02201   0.20133   0.02493   0.00274   0.37144   0.00000   0.09302   0.03127   0.05289   0.03463   0.05827   0.24641   0.00574   0.00000   0.02963   0.03646   0.12233   0.14622   0.23126   0.18529   0.29423   0.35216   0.18967   0.20280   0.00000   0.19099   0.43350   0.11889   0.25735   0.11156   0.02436   0.02276   0.10307   0.06634   0.02208   0.40407   0.00635   0.00000   0.11512   0.00000   0.06320   0.07166   0.00803   0.06622   0.03420   0.04571   0.11951   0.07649   0.01487   0.01681   0.01406   0.03841   0.03126   0.00000   0.00000   0.00907   0.16132   0.00000   0.02696   0.03743   0.08473   0.17608   0.00000   0.00000   0.16015   0.14465   0.36069   0.23571   0.62323   0.58930   0.69874  
138 10.4541  12372.760011  x:  0.96561   0.00000   0.00000   1.36202   0.00000   0.27602   0.16049   0.06690   0.03465   0.32958   0.46533   0.00419   0.00000   0.00000   0.11813   0.11563   0.04988   0.02009   0.09008   0.25121   0.29004   0.19201   0.00000   0.00000   0.00000   0.00000   0.00480   0.00000   0.00565   0.00000   0.11802   0.01121   0.05200   0.15004   0.16053   0.01007   0.05444   0.06616   0.14003   0.14216   0.44655   0.08993   0.20620   0.13590   0.00960   0.00000   0.00000   0.23809   0.74963   0.27959   0.05675   0.15135   0.13265   0.19473   0.01032   0.00000   0.00559   0.04076   0.02565   0.26680   0.19867   0.29186   0.26104   0.00000   0.12344   0.08321   0.02286   0.04670   0.00000   0.00790   0.00066   0.12458   0.12315   0.10767   0.23022   0.00000   0.00658   0.18377   0.23366   0.02187   0.20143   0.02508   0.00280   0.37119   0.00000   0.09335   0.03132   0.05247   0.03477   0.05818   0.24636   0.00575   0.00000   0.02971   0.03641   0.12207   0.14630   0.22996   0.18634   0.29620   0.35222   0.18999   0.20385   0.00000   0.19146   0.43159   0.12015   0.25767   0.11093   0.02437   0.02263   0.10280   0.06629   0.02143   0.40410   0.00652   0.00000   0.11485   0.00000   0.06336   0.07229   0.00782   0.06658   0.03477   0.04548   0.11917   0.07657   0.01489   0.01685   0.01418   0.03849   0.03135   0.00000   0.00000   0.00904   0.16194   0.00000   0.02660   0.03757   0.08408   0.17577   0.00000   0.00000   0.16024   0.14394   0.36424   0.23575   0.62170   0.58886   0.70057  
139 11.8267  12372.733243  x:  0.97403   0.00000   0.00000   1.36377   0.00000   0.27262   0.16555   0.06738   0.03435   0.33364   0.46805   0.00371   0.00000   0.00000   0.11819   0.11586   0.05001   0.02001   0.09106   0.25082   0.29100   0.19193   0.00000   0.00000   0.00000   0.00000   0.00489   0.00000   0.00559   0.00000   0.11746   0.01115   0.05147   0.15004   0.15960   0.01005   0.05409   0.06578   0.14000   0.14215   0.44728   0.09127   0.20684   0.13685   0.00962   0.00000   0.00000   0.23791   0.74813   0.27878   0.05623   0.15167   0.13203   0.19430   0.01027   0.00000   0.00549   0.04079   0.02561   0.26615   0.19928   0.29126   0.26110   0.00000   0.12392   0.08609   0.02286   0.04663   0.00000   0.00786   0.00066   0.12450   0.12283   0.10811   0.23012   0.00000   0.00663   0.18404   0.23384   0.02182   0.20186   0.02521   0.00286   0.37207   0.00000   0.09295   0.03135   0.05255   0.03487   0.05825   0.24642   0.00577   0.00000   0.02974   0.03651   0.12141   0.14626   0.22970   0.18591   0.29741   0.35281   0.18974   0.20399   0.00000   0.19147   0.42873   0.12157   0.25790   0.11095   0.02438   0.02254   0.10270   0.06528   0.02193   0.40354   0.00652   0.00000   0.11524   0.00000   0.06334   0.07260   0.00765   0.06681   0.03483   0.04582   0.11945   0.07729   0.01487   0.01695   0.01424   0.03834   0.03131   0.00000   0.00000   0.00901   0.16287   0.00000   0.02647   0.03784   0.08306   0.17562   0.00000   0.00000   0.15998   0.14420   0.36559   0.23577   0.62139   0.58807   0.70196  
140 10.3495  12372.708044  x:  0.98295   0.00000   0.00000   1.36489   0.00000   0.26998   0.17215   0.06774   0.03410   0.33765   0.47127   0.00341   0.00000   0.00000   0.11827   0.11594   0.04958   0.02003   0.09057   0.25105   0.29124   0.19209   0.00000   0.00000   0.00000   0.00000   0.00497   0.00000   0.00553   0.00000   0.11777   0.01103   0.05206   0.14999   0.16076   0.01003   0.05405   0.06591   0.13994   0.14209   0.45007   0.09046   0.20823   0.13634   0.00962   0.00000   0.00000   0.23864   0.74624   0.27926   0.05647   0.15135   0.13151   0.19387   0.01023   0.00000   0.00539   0.04084   0.02557   0.26641   0.19955   0.29093   0.26136   0.00000   0.12451   0.08484   0.02293   0.04654   0.00000   0.00780   0.00068   0.12440   0.12238   0.10785   0.23081   0.00000   0.00672   0.18362   0.23372   0.02186   0.20216   0.02532   0.00288   0.37419   0.00000   0.09283   0.03139   0.05257   0.03497   0.05829   0.24654   0.00578   0.00000   0.02974   0.03650   0.12175   0.14617   0.23076   0.18443   0.29729   0.35416   0.18926   0.20307   0.00000   0.19100   0.42495   0.12224   0.25791   0.11204   0.02438   0.02247   0.10311   0.06592   0.02207   0.40263   0.00650   0.00000   0.11573   0.00000   0.06320   0.07206   0.00754   0.06629   0.03398   0.04562   0.11998   0.07721   0.01486   0.01703   0.01432   0.03848   0.03131   0.00000   0.00000   0.00901   0.16335   0.00000   0.02628   0.03737   0.08384   0.17576   0.00000   0.00000   0.15939   0.14517   0.36483   0.23586   0.62269   0.58696   0.70286  
141  9.5117  12372.703002  x:  0.98496   0.00000   0.00000   1.36486   0.00000   0.26971   0.17353   0.06770   0.03411   0.33848   0.47201   0.00359   0.00000   0.00000   0.11826   0.11588   0.05001   0.02003   0.09044   0.25126   0.29107   0.19212   0.00000   0.00000   0.00000   0.00000   0.00499   0.00000   0.00552   0.00000   0.11805   0.01105   0.05140   0.14999   0.16102   0.01003   0.05411   0.06600   0.13995   0.14210   0.45090   0.09038   0.20820   0.13622   0.00962   0.00000   0.00000   0.23881   0.74588   0.27966   0.05653   0.15124   0.13180   0.19399   0.01022   0.00000   0.00537   0.04084   0.02556   0.26670   0.19937   0.29110   0.26140   0.00000   0.12426   0.08465   0.02294   0.04654   0.00000   0.00779   0.00068   0.12445   0.12261   0.10785   0.23091   0.00000   0.00674   0.18355   0.23363   0.02185   0.20204   0.02534   0.00287   0.37477   0.00000   0.09302   0.03140   0.05252   0.03501   0.05826   0.24652   0.00578   0.00000   0.02974   0.03648   0.12192   0.14619   0.23103   0.18442   0.29693   0.35457   0.18932   0.20294   0.00000   0.19097   0.42398   0.12198   0.25783   0.11183   0.02438   0.02245   0.10304   0.06596   0.02212   0.40249   0.00654   0.00000   0.11559   0.00000   0.06326   0.07214   0.00749   0.06650   0.03512   0.04579   0.11992   0.07705   0.01488   0.01703   0.01434   0.03831   0.03131   0.00000   0.00000   0.00899   0.16321   0.00000   0.02630   0.03762   0.08410   0.17584   0.00000   0.00000   0.15916   0.14521   0.36442   0.23584   0.62283   0.58667   0.70288  
142  6.7659  12372.698778  x:  0.98698   0.00000   0.00000   1.36446   0.00000   0.26993   0.17455   0.06749   0.03418   0.33921   0.47262   0.00398   0.00000   0.00000   0.11818   0.11575   0.04994   0.02003   0.09051   0.25163   0.29069   0.19210   0.00000   0.00000   0.00000   0.00000   0.00500   0.00000   0.00551   0.00000   0.11835   0.01102   0.05172   0.15001   0.16103   0.01003   0.05407   0.06596   0.13999   0.14213   0.45178   0.09061   0.20767   0.13627   0.00962   0.00000   0.00000   0.23889   0.74569   0.28032   0.05646   0.15119   0.13237   0.19435   0.01022   0.00000   0.00536   0.04084   0.02556   0.26721   0.19896   0.29161   0.26138   0.00000   0.12378   0.08498   0.02293   0.04655   0.00000   0.00777   0.00068   0.12454   0.12307   0.10795   0.23089   0.00000   0.00675   0.18357   0.23350   0.02187   0.20173   0.02539   0.00286   0.37534   0.00000   0.09325   0.03140   0.05256   0.03502   0.05824   0.24645   0.00578   0.00000   0.02974   0.03645   0.12204   0.14623   0.23118   0.18490   0.29627   0.35505   0.18961   0.20303   0.00000   0.19107   0.42289   0.12120   0.25767   0.11122   0.02439   0.02244   0.10291   0.06582   0.02225   0.40247   0.00657   0.00000   0.11522   0.00000   0.06336   0.07255   0.00747   0.06676   0.03456   0.04572   0.11963   0.07690   0.01488   0.01703   0.01436   0.03832   0.03131   0.00000   0.00000   0.00898   0.16274   0.00000   0.02638   0.03777   0.08414   0.17593   0.00000   0.00000   0.15879   0.14493   0.36385   0.23578   0.62262   0.58635   0.70260  
143  4.2524  12372.696622  x:  0.98855   0.00000   0.00000   1.36396   0.00000   0.27059   0.17462   0.06727   0.03423   0.33964   0.47271   0.00420   0.00000   0.00000   0.11820   0.11585   0.04963   0.02001   0.09070   0.25180   0.29044   0.19205   0.00000   0.00000   0.00000   0.00000   0.00501   0.00000   0.00551   0.00000   0.11811   0.01102   0.05161   0.15001   0.16076   0.01003   0.05408   0.06592   0.13998   0.14213   0.45211   0.09062   0.20723   0.13647   0.00962   0.00000   0.00000   0.23876   0.74571   0.28060   0.05651   0.15127   0.13219   0.19447   0.01021   0.00000   0.00535   0.04087   0.02555   0.26745   0.19882   0.29203   0.26133   0.00000   0.12411   0.08491   0.02294   0.04657   0.00000   0.00778   0.00068   0.12447   0.12290   0.10791   0.23076   0.00000   0.00675   0.18368   0.23347   0.02191   0.20157   0.02542   0.00287   0.37552   0.00000   0.09298   0.03141   0.05257   0.03508   0.05826   0.24636   0.00578   0.00000   0.02976   0.03645   0.12187   0.14623   0.23102   0.18529   0.29594   0.35526   0.18974   0.20325   0.00000   0.19119   0.42206   0.12070   0.25767   0.11147   0.02438   0.02244   0.10324   0.06600   0.02226   0.40250   0.00659   0.00000   0.11516   0.00000   0.06322   0.07234   0.00747   0.06642   0.03478   0.04572   0.11948   0.07714   0.01488   0.01705   0.01437   0.03844   0.03131   0.00000   0.00000   0.00902   0.16235   0.00000   0.02648   0.03731   0.08387   0.17592   0.00000   0.00000   0.15838   0.14464   0.36360   0.23577   0.62235   0.58610   0.70205  
144  2.1605  12372.694458  x:  0.99060   0.00000   0.00000   1.36323   0.00000   0.27167   0.17424   0.06709   0.03427   0.34013   0.47253   0.00437   0.00000   0.00000   0.11830   0.11597   0.05027   0.02001   0.09072   0.25181   0.29030   0.19204   0.00000   0.00000   0.00000   0.00000   0.00502   0.00000   0.00551   0.00000   0.11799   0.01102   0.05172   0.15001   0.16061   0.01003   0.05410   0.06597   0.13997   0.14212   0.45218   0.09047   0.20706   0.13657   0.00963   0.00000   0.00000   0.23859   0.74581   0.28062   0.05649   0.15134   0.13185   0.19440   0.01021   0.00000   0.00535   0.04088   0.02555   0.26749   0.19890   0.29231   0.26128   0.00000   0.12440   0.08481   0.02294   0.04662   0.00000   0.00779   0.00069   0.12440   0.12265   0.10789   0.23062   0.00000   0.00676   0.18378   0.23347   0.02193   0.20157   0.02544   0.00287   0.37553   0.00000   0.09292   0.03141   0.05255   0.03520   0.05827   0.24632   0.00578   0.00000   0.02978   0.03644   0.12178   0.14622   0.23078   0.18540   0.29582   0.35536   0.18972   0.20341   0.00000   0.19125   0.42108   0.12046   0.25773   0.11171   0.02439   0.02243   0.10336   0.06606   0.02225   0.40254   0.00665   0.00000   0.11530   0.00000   0.06318   0.07218   0.00748   0.06637   0.03457   0.04567   0.11954   0.07725   0.01489   0.01705   0.01437   0.03820   0.03131   0.00000   0.00000   0.00898   0.16207   0.00000   0.02659   0.03790   0.08388   0.17590   0.00000   0.00000   0.15777   0.14449   0.36352   0.23576   0.62225   0.58578   0.70119  
145  2.6938  12372.688282  x:  0.99716   0.00000   0.00000   1.36096   0.00000   0.27517   0.17252   0.06683   0.03431   0.34160   0.47145   0.00447   0.00000   0.00000   0.11824   0.11584   0.04952   0.02002   0.09046   0.25155   0.29023   0.19206   0.00000   0.00000   0.00000   0.00000   0.00504   0.00000   0.00550   0.00000   0.11822   0.01102   0.05165   0.15000   0.16072   0.01003   0.05409   0.06590   0.13994   0.14209   0.45193   0.09024   0.20730   0.13643   0.00963   0.00000   0.00000   0.23828   0.74619   0.28021   0.05645   0.15137   0.13150   0.19404   0.01021   0.00000   0.00532   0.04104   0.02552   0.26722   0.19936   0.29254   0.26121   0.00000   0.12432   0.08492   0.02295   0.04677   0.00000   0.00781   0.00070   0.12438   0.12248   0.10800   0.23037   0.00000   0.00679   0.18394   0.23354   0.02213   0.20184   0.02549   0.00284   0.37523   0.00000   0.09331   0.03143   0.05278   0.03547   0.05824   0.24631   0.00578   0.00000   0.02986   0.03640   0.12190   0.14618   0.23032   0.18503   0.29597   0.35535   0.18942   0.20351   0.00000   0.19123   0.41820   0.12037   0.25792   0.11162   0.02446   0.02238   0.10293   0.06577   0.02221   0.40261   0.00665   0.00000   0.11575   0.00000   0.06345   0.07233   0.00749   0.06692   0.03473   0.04574   0.11989   0.07702   0.01488   0.01712   0.01438   0.03858   0.03132   0.00000   0.00000   0.00895   0.16170   0.00000   0.02649   0.03814   0.08419   0.17582   0.00000   0.00000   0.15577   0.14454   0.36360   0.23578   0.62253   0.58486   0.69832  
146  4.8156  12372.685364  x:  1.00039   0.00000   0.00000   1.35983   0.00000   0.27673   0.17167   0.06690   0.03432   0.34228   0.47074   0.00448   0.00000   0.00000   0.11823   0.11581   0.05011   0.02001   0.09050   0.25144   0.29033   0.19207   0.00000   0.00000   0.00000   0.00000   0.00505   0.00000   0.00550   0.00000   0.11818   0.01103   0.05170   0.15000   0.16085   0.01003   0.05417   0.06586   0.13996   0.14211   0.45171   0.09045   0.20757   0.13631   0.00964   0.00000   0.00000   0.23837   0.74635   0.27999   0.05647   0.15131   0.13189   0.19407   0.01021   0.00000   0.00531   0.04111   0.02552   0.26704   0.19941   0.29231   0.26121   0.00000   0.12403   0.08495   0.02294   0.04684   0.00000   0.00781   0.00070   0.12443   0.12274   0.10799   0.23036   0.00000   0.00681   0.18393   0.23356   0.02221   0.20192   0.02551   0.00284   0.37507   0.00000   0.09323   0.03144   0.05283   0.03565   0.05818   0.24635   0.00578   0.00000   0.02988   0.03638   0.12197   0.14620   0.23044   0.18484   0.29610   0.35523   0.18940   0.20339   0.00000   0.19117   0.41701   0.12050   0.25792   0.11142   0.02450   0.02235   0.10285   0.06574   0.02221   0.40261   0.00671   0.00000   0.11566   0.00000   0.06330   0.07238   0.00750   0.06668   0.03467   0.04570   0.11987   0.07696   0.01489   0.01713   0.01440   0.03841   0.03132   0.00000   0.00000   0.00902   0.16182   0.00000   0.02637   0.03727   0.08410   0.17582   0.00000   0.00000   0.15480   0.14474   0.36373   0.23579   0.62272   0.58446   0.69694  
147  6.5559  12372.683895  x:  1.00213   0.00000   0.00000   1.35918   0.00000   0.27727   0.17133   0.06715   0.03431   0.34260   0.47015   0.00443   0.00000   0.00000   0.11820   0.11581   0.04992   0.02000   0.09065   0.25144   0.29048   0.19207   0.00000   0.00000   0.00000   0.00000   0.00505   0.00000   0.00549   0.00000   0.11797   0.01103   0.05170   0.15001   0.16085   0.01003   0.05416   0.06587   0.13998   0.14213   0.45155   0.09059   0.20770   0.13624   0.00964   0.00000   0.00000   0.23865   0.74642   0.27995   0.05640   0.15125   0.13230   0.19432   0.01021   0.00000   0.00530   0.04117   0.02553   0.26698   0.19921   0.29189   0.26126   0.00000   0.12394   0.08489   0.02295   0.04689   0.00000   0.00780   0.00069   0.12447   0.12297   0.10788   0.23048   0.00000   0.00680   0.18387   0.23355   0.02229   0.20187   0.02553   0.00284   0.37501   0.00000   0.09299   0.03144   0.05285   0.03576   0.05824   0.24640   0.00578   0.00000   0.02990   0.03637   0.12192   0.14623   0.23083   0.18487   0.29618   0.35507   0.18956   0.20323   0.00000   0.19114   0.41670   0.12059   0.25781   0.11136   0.02450   0.02235   0.10307   0.06582   0.02214   0.40260   0.00670   0.00000   0.11533   0.00000   0.06306   0.07223   0.00751   0.06633   0.03472   0.04565   0.11968   0.07705   0.01489   0.01715   0.01441   0.03851   0.03132   0.00000   0.00000   0.00898   0.16221   0.00000   0.02628   0.03774   0.08397   0.17590   0.00000   0.00000   0.15430   0.14492   0.36383   0.23578   0.62277   0.58434   0.69631  
148  3.0094  12372.682938  x:  1.00334   0.00000   0.00000   1.35855   0.00000   0.27710   0.17136   0.06747   0.03426   0.34275   0.46944   0.00449   0.00000   0.00000   0.11824   0.11588   0.04997   0.02000   0.09058   0.25151   0.29060   0.19207   0.00000   0.00000   0.00000   0.00000   0.00506   0.00000   0.00549   0.00000   0.11793   0.01103   0.05170   0.15001   0.16072   0.01003   0.05418   0.06586   0.13998   0.14212   0.45147   0.09032   0.20762   0.13624   0.00964   0.00000   0.00000   0.23892   0.74643   0.28005   0.05641   0.15126   0.13211   0.19454   0.01021   0.00000   0.00530   0.04122   0.02554   0.26703   0.19895   0.29142   0.26131   0.00000   0.12418   0.08493   0.02295   0.04693   0.00000   0.00780   0.00067   0.12444   0.12281   0.10784   0.23065   0.00000   0.00680   0.18381   0.23351   0.02234   0.20175   0.02554   0.00283   0.37503   0.00000   0.09315   0.03144   0.05291   0.03582   0.05819   0.24643   0.00578   0.00000   0.02991   0.03635   0.12185   0.14622   0.23123   0.18510   0.29615   0.35485   0.18976   0.20320   0.00000   0.19117   0.41705   0.12051   0.25760   0.11141   0.02451   0.02235   0.10318   0.06576   0.02214   0.40260   0.00670   0.00000   0.11517   0.00000   0.06337   0.07226   0.00752   0.06670   0.03469   0.04569   0.11951   0.07710   0.01490   0.01715   0.01441   0.03852   0.03132   0.00000   0.00000   0.00898   0.16261   0.00000   0.02601   0.03764   0.08392   0.17599   0.00000   0.00000   0.15400   0.14497   0.36388   0.23575   0.62265   0.58441   0.69607  
149  1.3508  12372.681545  x:  1.00518   0.00000   0.00000   1.35735   0.00000   0.27600   0.17186   0.06776   0.03416   0.34283   0.46789   0.00473   0.00000   0.00000   0.11823   0.11581   0.04998   0.02001   0.09042   0.25160   0.29061   0.19207   0.00000   0.00000   0.00000   0.00000   0.00506   0.00000   0.00549   0.00000   0.11812   0.01104   0.05171   0.15000   0.16069   0.01004   0.05420   0.06584   0.13995   0.14210   0.45143   0.09056   0.20744   0.13636   0.00964   0.00000   0.00000   0.23895   0.74639   0.28024   0.05641   0.15134   0.13171   0.19442   0.01021   0.00000   0.00529   0.04128   0.02553   0.26716   0.19896   0.29109   0.26131   0.00000   0.12407   0.08491   0.02294   0.04700   0.00000   0.00782   0.00065   0.12448   0.12264   0.10801   0.23079   0.00000   0.00679   0.18378   0.23345   0.02243   0.20169   0.02556   0.00282   0.37511   0.00000   0.09323   0.03145   0.05295   0.03596   0.05824   0.24639   0.00578   0.00000   0.02993   0.03632   0.12195   0.14619   0.23127   0.18534   0.29600   0.35451   0.18971   0.20336   0.00000   0.19122   0.41843   0.12015   0.25738   0.11137   0.02454   0.02233   0.10280   0.06574   0.02210   0.40263   0.00673   0.00000   0.11548   0.00000   0.06294   0.07224   0.00753   0.06641   0.03472   0.04564   0.11964   0.07694   0.01490   0.01717   0.01442   0.03855   0.03132   0.00000   0.00000   0.00898   0.16292   0.00000   0.02592   0.03762   0.08413   0.17602   0.00000   0.00000   0.15366   0.14484   0.36382   0.23573   0.62258   0.58477   0.69607  
150  1.3152  12372.679880  x:  1.00745   0.00000   0.00000   1.35586   0.00000   0.27429   0.17267   0.06770   0.03413   0.34286   0.46575   0.00496   0.00000   0.00000   0.11820   0.11581   0.05000   0.01999   0.09062   0.25161   0.29047   0.19206   0.00000   0.00000   0.00000   0.00000   0.00507   0.00000   0.00549   0.00000   0.11786   0.01104   0.05172   0.15000   0.16082   0.01004   0.05422   0.06581   0.13997   0.14212   0.45146   0.09039   0.20744   0.13621   0.00964   0.00000   0.00000   0.23868   0.74630   0.28024   0.05640   0.15131   0.13213   0.19420   0.01021   0.00000   0.00529   0.04135   0.02552   0.26720   0.19923   0.29128   0.26126   0.00000   0.12392   0.08492   0.02294   0.04708   0.00000   0.00783   0.00065   0.12449   0.12288   0.10789   0.23071   0.00000   0.00680   0.18381   0.23345   0.02252   0.20180   0.02558   0.00282   0.37512   0.00000   0.09297   0.03146   0.05309   0.03610   0.05806   0.24632   0.00577   0.00000   0.02996   0.03631   0.12195   0.14620   0.23091   0.18521   0.29587   0.35430   0.18949   0.20345   0.00000   0.19122   0.42045   0.11978   0.25745   0.11144   0.02456   0.02232   0.10302   0.06573   0.02209   0.40265   0.00675   0.00000   0.11563   0.00000   0.06332   0.07223   0.00755   0.06645   0.03473   0.04561   0.11984   0.07704   0.01490   0.01719   0.01441   0.03858   0.03132   0.00000   0.00000   0.00898   0.16269   0.00000   0.02583   0.03767   0.08403   0.17594   0.00000   0.00000   0.15334   0.14474   0.36362   0.23574   0.62277   0.58532   0.69628  
151  2.4375  12372.679444  x:  1.00806   0.00000   0.00000   1.35551   0.00000   0.27382   0.17291   0.06751   0.03419   0.34285   0.46513   0.00498   0.00000   0.00000   0.11822   0.11585   0.05001   0.01999   0.09057   0.25154   0.29040   0.19207   0.00000   0.00000   0.00000   0.00000   0.00507   0.00000   0.00549   0.00000   0.11787   0.01105   0.05172   0.15001   0.16079   0.01004   0.05424   0.06582   0.13998   0.14212   0.45148   0.09037   0.20756   0.13619   0.00965   0.00000   0.00000   0.23865   0.74626   0.28012   0.05633   0.15127   0.13217   0.19429   0.01021   0.00000   0.00529   0.04137   0.02552   0.26712   0.19923   0.29149   0.26124   0.00000   0.12406   0.08492   0.02294   0.04710   0.00000   0.00783   0.00066   0.12445   0.12286   0.10784   0.23061   0.00000   0.00681   0.18384   0.23348   0.02255   0.20184   0.02558   0.00281   0.37504   0.00000   0.09317   0.03145   0.05299   0.03619   0.05835   0.24635   0.00577   0.00000   0.02998   0.03630   0.12189   0.14622   0.23086   0.18509   0.29588   0.35438   0.18955   0.20336   0.00000   0.19119   0.42099   0.11979   0.25757   0.11135   0.02457   0.02232   0.10308   0.06572   0.02206   0.40264   0.00676   0.00000   0.11543   0.00000   0.06315   0.07220   0.00756   0.06655   0.03472   0.04563   0.11974   0.07706   0.01490   0.01719   0.01442   0.03860   0.03133   0.00000   0.00000   0.00898   0.16247   0.00000   0.02592   0.03764   0.08395   0.17592   0.00000   0.00000   0.15331   0.14482   0.36354   0.23575   0.62281   0.58547   0.69642  
152  1.6327  12372.679269  x:  1.00831   0.00000   0.00000   1.35539   0.00000   0.27364   0.17300   0.06737   0.03424   0.34282   0.46486   0.00497   0.00000   0.00000   0.11823   0.11585   0.05001   0.01999   0.09052   0.25148   0.29036   0.19207   0.00000   0.00000   0.00000   0.00000   0.00507   0.00000   0.00549   0.00000   0.11790   0.01105   0.05172   0.15001   0.16076   0.01004   0.05423   0.06581   0.13997   0.14212   0.45149   0.09039   0.20763   0.13621   0.00965   0.00000   0.00000   0.23869   0.74624   0.28003   0.05637   0.15126   0.13209   0.19439   0.01022   0.00000   0.00529   0.04138   0.02552   0.26705   0.19918   0.29161   0.26124   0.00000   0.12411   0.08492   0.02294   0.04711   0.00000   0.00783   0.00067   0.12443   0.12280   0.10786   0.23054   0.00000   0.00682   0.18387   0.23351   0.02255   0.20185   0.02559   0.00281   0.37495   0.00000   0.09318   0.03146   0.05309   0.03617   0.05814   0.24638   0.00577   0.00000   0.02998   0.03630   0.12188   0.14622   0.23090   0.18503   0.29591   0.35449   0.18962   0.20330   0.00000   0.19117   0.42117   0.11983   0.25764   0.11130   0.02458   0.02231   0.10304   0.06571   0.02207   0.40263   0.00675   0.00000   0.11530   0.00000   0.06310   0.07219   0.00756   0.06652   0.03472   0.04562   0.11964   0.07703   0.01490   0.01719   0.01442   0.03860   0.03133   0.00000   0.00000   0.00898   0.16232   0.00000   0.02598   0.03765   0.08396   0.17592   0.00000   0.00000   0.15335   0.14489   0.36349   0.23575   0.62281   0.58553   0.69653  
153  0.9983  12372.679186  x:  1.00843   0.00000   0.00000   1.35537   0.00000   0.27359   0.17303   0.06727   0.03427   0.34278   0.46472   0.00495   0.00000   0.00000   0.11822   0.11583   0.05001   0.01999   0.09054   0.25146   0.29035   0.19207   0.00000   0.00000   0.00000   0.00000   0.00507   0.00000   0.00549   0.00000   0.11788   0.01105   0.05172   0.15001   0.16074   0.01004   0.05424   0.06581   0.13997   0.14211   0.45149   0.09039   0.20764   0.13623   0.00965   0.00000   0.00000   0.23877   0.74624   0.27997   0.05636   0.15128   0.13202   0.19443   0.01022   0.00000   0.00529   0.04138   0.02552   0.26700   0.19911   0.29164   0.26124   0.00000   0.12403   0.08492   0.02294   0.04711   0.00000   0.00783   0.00067   0.12444   0.12279   0.10790   0.23050   0.00000   0.00682   0.18389   0.23352   0.02256   0.20182   0.02559   0.00281   0.37486   0.00000   0.09309   0.03146   0.05306   0.03620   0.05821   0.24640   0.00577   0.00000   0.02998   0.03630   0.12191   0.14621   0.23100   0.18504   0.29592   0.35462   0.18967   0.20328   0.00000   0.19117   0.42118   0.11987   0.25765   0.11133   0.02458   0.02231   0.10298   0.06570   0.02207   0.40262   0.00675   0.00000   0.11533   0.00000   0.06323   0.07222   0.00757   0.06645   0.03473   0.04561   0.11961   0.07701   0.01490   0.01719   0.01442   0.03860   0.03133   0.00000   0.00000   0.00898   0.16224   0.00000   0.02599   0.03766   0.08401   0.17594   0.00000   0.00000   0.15345   0.14493   0.36346   0.23575   0.62277   0.58555   0.69667  
154  0.3668  12372.679013  x:  1.00864   0.00000   0.00000   1.35542   0.00000   0.27363   0.17305   0.06714   0.03428   0.34260   0.46443   0.00496   0.00000   0.00000   0.11821   0.11583   0.05002   0.01999   0.09059   0.25145   0.29037   0.19207   0.00000   0.00000   0.00000   0.00000   0.00507   0.00000   0.00549   0.00000   0.11782   0.01105   0.05172   0.15000   0.16077   0.01004   0.05424   0.06581   0.13997   0.14212   0.45150   0.09035   0.20757   0.13620   0.00965   0.00000   0.00000   0.23888   0.74626   0.27994   0.05636   0.15132   0.13208   0.19437   0.01022   0.00000   0.00529   0.04139   0.02552   0.26695   0.19906   0.29158   0.26126   0.00000   0.12398   0.08492   0.02294   0.04711   0.00000   0.00783   0.00067   0.12446   0.12284   0.10786   0.23047   0.00000   0.00682   0.18393   0.23351   0.02256   0.20177   0.02559   0.00282   0.37464   0.00000   0.09313   0.03146   0.05308   0.03620   0.05818   0.24642   0.00577   0.00000   0.02998   0.03630   0.12193   0.14620   0.23116   0.18511   0.29593   0.35490   0.18964   0.20334   0.00000   0.19120   0.42100   0.11989   0.25762   0.11144   0.02458   0.02231   0.10299   0.06567   0.02206   0.40262   0.00674   0.00000   0.11552   0.00000   0.06307   0.07221   0.00757   0.06657   0.03472   0.04562   0.11969   0.07704   0.01490   0.01719   0.01442   0.03860   0.03133   0.00000   0.00000   0.00898   0.16222   0.00000   0.02602   0.03764   0.08398   0.17598   0.00000   0.00000   0.15387   0.14491   0.36343   0.23574   0.62273   0.58557   0.69717  
155  0.2890  12372.678567  x:  1.00917   0.00000   0.00000   1.35562   0.00000   0.27384   0.17306   0.06712   0.03428   0.34206   0.46375   0.00500   0.00000   0.00000   0.11825   0.11587   0.05002   0.02000   0.09045   0.25148   0.29040   0.19207   0.00000   0.00000   0.00000   0.00000   0.00507   0.00000   0.00549   0.00000   0.11792   0.01105   0.05172   0.15001   0.16079   0.01004   0.05424   0.06581   0.13998   0.14212   0.45151   0.09046   0.20749   0.13620   0.00965   0.00000   0.00000   0.23885   0.74634   0.28000   0.05635   0.15126   0.13219   0.19426   0.01022   0.00000   0.00530   0.04141   0.02552   0.26699   0.19916   0.29140   0.26127   0.00000   0.12422   0.08492   0.02294   0.04711   0.00000   0.00783   0.00068   0.12441   0.12283   0.10782   0.23049   0.00000   0.00683   0.18393   0.23347   0.02256   0.20177   0.02559   0.00282   0.37438   0.00000   0.09324   0.03145   0.05311   0.03622   0.05818   0.24640   0.00576   0.00000   0.02998   0.03629   0.12184   0.14622   0.23113   0.18509   0.29589   0.35520   0.18954   0.20340   0.00000   0.19121   0.42037   0.11981   0.25750   0.11123   0.02458   0.02231   0.10300   0.06572   0.02204   0.40264   0.00673   0.00000   0.11546   0.00000   0.06327   0.07214   0.00757   0.06638   0.03473   0.04560   0.11977   0.07703   0.01490   0.01719   0.01442   0.03862   0.03132   0.00000   0.00000   0.00898   0.16232   0.00000   0.02597   0.03766   0.08390   0.17598   0.00000   0.00000   0.15508   0.14481   0.36341   0.23574   0.62277   0.58557   0.69852  
156  0.6783  12372.677995  x:  1.00982   0.00000   0.00000   1.35594   0.00000   0.27413   0.17307   0.06730   0.03425   0.34136   0.46299   0.00509   0.00000   0.00000   0.11822   0.11582   0.05004   0.01999   0.09051   0.25153   0.29041   0.19207   0.00000   0.00000   0.00000   0.00000   0.00508   0.00000   0.00548   0.00000   0.11781   0.01105   0.05172   0.15001   0.16074   0.01004   0.05425   0.06581   0.13997   0.14212   0.45152   0.09033   0.20757   0.13621   0.00965   0.00000   0.00000   0.23866   0.74645   0.28009   0.05636   0.15123   0.13201   0.19434   0.01023   0.00000   0.00531   0.04142   0.02551   0.26708   0.19924   0.29137   0.26125   0.00000   0.12402   0.08491   0.02293   0.04711   0.00000   0.00783   0.00068   0.12441   0.12276   0.10793   0.23052   0.00000   0.00684   0.18388   0.23346   0.02256   0.20184   0.02559   0.00283   0.37444   0.00000   0.09300   0.03145   0.05311   0.03627   0.05820   0.24635   0.00576   0.00000   0.02998   0.03630   0.12189   0.14623   0.23087   0.18496   0.29583   0.35505   0.18958   0.20331   0.00000   0.19116   0.41958   0.11966   0.25750   0.11123   0.02458   0.02232   0.10305   0.06570   0.02201   0.40268   0.00670   0.00000   0.11517   0.00000   0.06311   0.07224   0.00758   0.06652   0.03473   0.04561   0.11964   0.07698   0.01491   0.01718   0.01442   0.03863   0.03132   0.00000   0.00000   0.00898   0.16246   0.00000   0.02595   0.03764   0.08399   0.17590   0.00000   0.00000   0.15663   0.14479   0.36341   0.23574   0.62281   0.58557   0.70009  
157  1.3785  12372.677613  x:  1.01023   0.00000   0.00000   1.35627   0.00000   0.27426   0.17306   0.06744   0.03423   0.34092   0.46264   0.00512   0.00000   0.00000   0.11821   0.11583   0.05004   0.01999   0.09057   0.25150   0.29036   0.19207   0.00000   0.00000   0.00000   0.00000   0.00508   0.00000   0.00548   0.00000   0.11777   0.01105   0.05173   0.15000   0.16075   0.01005   0.05426   0.06581   0.13996   0.14211   0.45151   0.09041   0.20767   0.13623   0.00966   0.00000   0.00000   0.23866   0.74653   0.28006   0.05635   0.15132   0.13204   0.19446   0.01024   0.00000   0.00532   0.04143   0.02551   0.26708   0.19911   0.29157   0.26124   0.00000   0.12396   0.08491   0.02293   0.04711   0.00000   0.00782   0.00067   0.12446   0.12282   0.10781   0.23052   0.00000   0.00683   0.18386   0.23352   0.02255   0.20185   0.02558   0.00282   0.37479   0.00000   0.09329   0.03145   0.05315   0.03627   0.05817   0.24638   0.00575   0.00000   0.02998   0.03629   0.12193   0.14620   0.23085   0.18500   0.29585   0.35455   0.18968   0.20322   0.00000   0.19115   0.41921   0.11964   0.25763   0.11145   0.02458   0.02232   0.10294   0.06568   0.02200   0.40269   0.00667   0.00000   0.11534   0.00000   0.06320   0.07216   0.00758   0.06643   0.03473   0.04560   0.11957   0.07705   0.01491   0.01717   0.01442   0.03864   0.03132   0.00000   0.00000   0.00898   0.16239   0.00000   0.02599   0.03764   0.08397   0.17587   0.00000   0.00000   0.15750   0.14490   0.36342   0.23576   0.62272   0.58556   0.70076  
158  0.8296  12372.677235  x:  1.01062   0.00000   0.00000   1.35675   0.00000   0.27430   0.17307   0.06744   0.03421   0.34055   0.46249   0.00508   0.00000   0.00000   0.11825   0.11585   0.05004   0.02000   0.09044   0.25144   0.29032   0.19208   0.00000   0.00000   0.00000   0.00000   0.00508   0.00000   0.00547   0.00000   0.11784   0.01106   0.05173   0.15001   0.16079   0.01005   0.05426   0.06582   0.13998   0.14212   0.45150   0.09034   0.20763   0.13619   0.00966   0.00000   0.00000   0.23879   0.74660   0.27997   0.05633   0.15131   0.13215   0.19439   0.01025   0.00000   0.00533   0.04144   0.02551   0.26701   0.19901   0.29177   0.26124   0.00000   0.12416   0.08490   0.02293   0.04710   0.00000   0.00782   0.00066   0.12445   0.12283   0.10784   0.23055   0.00000   0.00683   0.18384   0.23356   0.02255   0.20179   0.02558   0.00283   0.37516   0.00000   0.09300   0.03145   0.05314   0.03631   0.05821   0.24642   0.00574   0.00000   0.02997   0.03629   0.12185   0.14621   0.23104   0.18513   0.29594   0.35410   0.18966   0.20326   0.00000   0.19118   0.41910   0.11971   0.25775   0.11126   0.02459   0.02232   0.10287   0.06567   0.02199   0.40270   0.00665   0.00000   0.11551   0.00000   0.06315   0.07221   0.00759   0.06650   0.03473   0.04561   0.11967   0.07699   0.01491   0.01717   0.01443   0.03866   0.03132   0.00000   0.00000   0.00898   0.16225   0.00000   0.02607   0.03765   0.08390   0.17590   0.00000   0.00000   0.15811   0.14494   0.36343   0.23576   0.62266   0.58553   0.70088  
159  0.6091  12372.676013  x:  1.01175   0.00000   0.00000   1.35855   0.00000   0.27416   0.17314   0.06711   0.03426   0.33953   0.46254   0.00496   0.00000   0.00000   0.11820   0.11577   0.05007   0.02000   0.09055   0.25142   0.29033   0.19207   0.00000   0.00000   0.00000   0.00000   0.00509   0.00000   0.00546   0.00000   0.11756   0.01106   0.05173   0.15002   0.16075   0.01005   0.05427   0.06583   0.13999   0.14213   0.45151   0.09040   0.20735   0.13620   0.00966   0.00000   0.00000   0.23905   0.74682   0.27987   0.05634   0.15110   0.13194   0.19406   0.01027   0.00000   0.00536   0.04146   0.02550   0.26687   0.19918   0.29185   0.26130   0.00000   0.12387   0.08489   0.02292   0.04706   0.00000   0.00782   0.00064   0.12439   0.12264   0.10799   0.23076   0.00000   0.00682   0.18373   0.23349   0.02254   0.20168   0.02558   0.00284   0.37554   0.00000   0.09332   0.03144   0.05321   0.03632   0.05818   0.24645   0.00572   0.00000   0.02995   0.03628   0.12188   0.14628   0.23141   0.18528   0.29618   0.35372   0.18938   0.20349   0.00000   0.19122   0.41934   0.11990   0.25774   0.11105   0.02457   0.02234   0.10328   0.06574   0.02196   0.40275   0.00659   0.00000   0.11515   0.00000   0.06320   0.07221   0.00759   0.06643   0.03473   0.04561   0.11989   0.07693   0.01492   0.01716   0.01443   0.03870   0.03132   0.00000   0.00000   0.00899   0.16202   0.00000   0.02626   0.03762   0.08401   0.17604   0.00000   0.00000   0.15936   0.14475   0.36348   0.23574   0.62278   0.58545   0.69997  
160  0.6256  12372.672092  x:  1.01505   0.00000   0.00000   1.36429   0.00000   0.27352   0.17346   0.06656   0.03442   0.33648   0.46317   0.00500   0.00000   0.00000   0.11820   0.11592   0.05012   0.02001   0.09042   0.25155   0.29044   0.19208   0.00000   0.00000   0.00000   0.00000   0.00512   0.00000   0.00541   0.00000   0.11770   0.01107   0.05173   0.14999   0.16070   0.01006   0.05430   0.06588   0.13993   0.14208   0.45163   0.09036   0.20727   0.13621   0.00968   0.00000   0.00000   0.23884   0.74764   0.28003   0.05630   0.15135   0.13199   0.19419   0.01034   0.00000   0.00546   0.04152   0.02547   0.26691   0.19946   0.29141   0.26136   0.00000   0.12392   0.08484   0.02290   0.04695   0.00000   0.00777   0.00062   0.12458   0.12287   0.10746   0.23103   0.00000   0.00685   0.18352   0.23327   0.02241   0.20172   0.02554   0.00290   0.37534   0.00000   0.09306   0.03141   0.05331   0.03645   0.05823   0.24629   0.00566   0.00000   0.02989   0.03630   0.12197   0.14615   0.23118   0.18501   0.29635   0.35414   0.18940   0.20332   0.00000   0.19111   0.42055   0.11984   0.25732   0.11147   0.02458   0.02235   0.10239   0.06560   0.02190   0.40306   0.00638   0.00000   0.11487   0.00000   0.06326   0.07196   0.00760   0.06658   0.03470   0.04570   0.11953   0.07715   0.01496   0.01709   0.01443   0.03882   0.03131   0.00000   0.00000   0.00900   0.16209   0.00000   0.02653   0.03763   0.08380   0.17610   0.00000   0.00000   0.16247   0.14451   0.36365   0.23571   0.62271   0.58523   0.69622  
161  2.0209  12372.670458  x:  1.01629   0.00000   0.00000   1.36674   0.00000   0.27325   0.17360   0.06689   0.03433   0.33542   0.46337   0.00500   0.00000   0.00000   0.11825   0.11576   0.05015   0.02003   0.09029   0.25157   0.29045   0.19209   0.00000   0.00000   0.00000   0.00000   0.00513   0.00000   0.00539   0.00000   0.11735   0.01107   0.05173   0.15001   0.16081   0.01007   0.05431   0.06591   0.13999   0.14213   0.45169   0.09036   0.20753   0.13619   0.00969   0.00000   0.00000   0.23862   0.74798   0.28018   0.05628   0.15133   0.13213   0.19437   0.01038   0.00000   0.00550   0.04156   0.02547   0.26708   0.19908   0.29143   0.26133   0.00000   0.12406   0.08483   0.02289   0.04689   0.00000   0.00777   0.00064   0.12447   0.12279   0.10792   0.23083   0.00000   0.00687   0.18361   0.23343   0.02234   0.20177   0.02552   0.00292   0.37494   0.00000   0.09320   0.03139   0.05337   0.03648   0.05822   0.24633   0.00563   0.00000   0.02989   0.03631   0.12178   0.14621   0.23083   0.18495   0.29615   0.35460   0.18966   0.20309   0.00000   0.19109   0.42102   0.11975   0.25746   0.11130   0.02456   0.02237   0.10279   0.06569   0.02187   0.40318   0.00627   0.00000   0.11546   0.00000   0.06326   0.07226   0.00760   0.06649   0.03472   0.04569   0.11953   0.07680   0.01498   0.01705   0.01444   0.03888   0.03131   0.00000   0.00000   0.00899   0.16238   0.00000   0.02655   0.03763   0.08388   0.17595   0.00000   0.00000   0.16328   0.14476   0.36373   0.23574   0.62250   0.58518   0.69478  
162  2.6669  12372.669864  x:  1.01655   0.00000   0.00000   1.36768   0.00000   0.27317   0.17366   0.06739   0.03419   0.33532   0.46327   0.00499   0.00000   0.00000   0.11820   0.11584   0.05016   0.02002   0.09040   0.25155   0.29043   0.19208   0.00000   0.00000   0.00000   0.00000   0.00514   0.00000   0.00538   0.00000   0.11748   0.01107   0.05173   0.15002   0.16081   0.01007   0.05431   0.06592   0.13998   0.14213   0.45171   0.09036   0.20758   0.13620   0.00969   0.00000   0.00000   0.23864   0.74810   0.28020   0.05629   0.15121   0.13200   0.19425   0.01039   0.00000   0.00552   0.04156   0.02547   0.26717   0.19885   0.29168   0.26131   0.00000   0.12385   0.08482   0.02289   0.04687   0.00000   0.00776   0.00067   0.12436   0.12266   0.10766   0.23059   0.00000   0.00689   0.18371   0.23362   0.02230   0.20173   0.02551   0.00294   0.37471   0.00000   0.09313   0.03139   0.05339   0.03650   0.05823   0.24644   0.00562   0.00000   0.02988   0.03632   0.12187   0.14625   0.23082   0.18499   0.29595   0.35481   0.18960   0.20311   0.00000   0.19113   0.42106   0.11973   0.25774   0.11100   0.02456   0.02238   0.10281   0.06572   0.02186   0.40323   0.00622   0.00000   0.11547   0.00000   0.06328   0.07200   0.00761   0.06657   0.03470   0.04573   0.11970   0.07702   0.01498   0.01705   0.01443   0.03889   0.03131   0.00000   0.00000   0.00899   0.16255   0.00000   0.02655   0.03761   0.08387   0.17589   0.00000   0.00000   0.16292   0.14492   0.36376   0.23577   0.62247   0.58522   0.69457  
163  0.8981  12372.668889  x:  1.01655   0.00000   0.00000   1.36927   0.00000   0.27311   0.17378   0.06808   0.03401   0.33575   0.46278   0.00502   0.00000   0.00000   0.11823   0.11583   0.05017   0.02004   0.09024   0.25147   0.29037   0.19209   0.00000   0.00000   0.00000   0.00000   0.00515   0.00000   0.00536   0.00000   0.11732   0.01107   0.05173   0.15000   0.16075   0.01007   0.05432   0.06593   0.13995   0.14210   0.45174   0.09036   0.20741   0.13622   0.00970   0.00000   0.00000   0.23883   0.74830   0.28015   0.05628   0.15126   0.13201   0.19404   0.01041   0.00000   0.00555   0.04157   0.02546   0.26719   0.19894   0.29209   0.26130   0.00000   0.12402   0.08481   0.02288   0.04684   0.00000   0.00776   0.00067   0.12452   0.12291   0.10778   0.23038   0.00000   0.00691   0.18374   0.23373   0.02226   0.20165   0.02550   0.00295   0.37450   0.00000   0.09317   0.03138   0.05342   0.03651   0.05823   0.24657   0.00560   0.00000   0.02986   0.03632   0.12188   0.14619   0.23104   0.18493   0.29572   0.35496   0.18937   0.20326   0.00000   0.19115   0.42084   0.11973   0.25809   0.11138   0.02456   0.02238   0.10257   0.06566   0.02184   0.40337   0.00616   0.00000   0.11503   0.00000   0.06328   0.07221   0.00761   0.06651   0.03471   0.04571   0.11977   0.07688   0.01499   0.01703   0.01444   0.03892   0.03131   0.00000   0.00000   0.00899   0.16267   0.00000   0.02658   0.03762   0.08379   0.17591   0.00000   0.00000   0.16107   0.14486   0.36379   0.23579   0.62255   0.58538   0.69492  
164  0.8393  12372.666557  x:  1.01613   0.00000   0.00000   1.37317   0.00000   0.27304   0.17410   0.06802   0.03407   0.33750   0.46123   0.00503   0.00000   0.00000   0.11823   0.11569   0.05021   0.02003   0.09042   0.25153   0.29040   0.19208   0.00000   0.00000   0.00000   0.00000   0.00516   0.00000   0.00533   0.00000   0.11730   0.01108   0.05173   0.15002   0.16086   0.01008   0.05433   0.06596   0.14002   0.14215   0.45180   0.09037   0.20723   0.13619   0.00971   0.00000   0.00000   0.23883   0.74875   0.28010   0.05623   0.15144   0.13224   0.19430   0.01045   0.00000   0.00560   0.04160   0.02543   0.26705   0.19936   0.29210   0.26138   0.00000   0.12390   0.08478   0.02287   0.04676   0.00000   0.00774   0.00067   0.12428   0.12248   0.10775   0.23073   0.00000   0.00692   0.18350   0.23342   0.02219   0.20168   0.02548   0.00298   0.37465   0.00000   0.09316   0.03136   0.05349   0.03657   0.05825   0.24642   0.00556   0.00000   0.02983   0.03633   0.12164   0.14619   0.23112   0.18473   0.29589   0.35490   0.18954   0.20311   0.00000   0.19104   0.42003   0.11973   0.25789   0.11119   0.02454   0.02240   0.10256   0.06570   0.02179   0.40373   0.00603   0.00000   0.11540   0.00000   0.06333   0.07201   0.00762   0.06657   0.03469   0.04575   0.11935   0.07680   0.01501   0.01698   0.01446   0.03899   0.03130   0.00000   0.00000   0.00900   0.16250   0.00000   0.02682   0.03759   0.08391   0.17605   0.00000   0.00000   0.15544   0.14447   0.36386   0.23574   0.62241   0.58584   0.69651  
165  1.7413  12372.665833  x:  1.01592   0.00000   0.00000   1.37440   0.00000   0.27302   0.17420   0.06753   0.03415   0.33820   0.46074   0.00506   0.00000   0.00000   0.11821   0.11587   0.05021   0.02005   0.09018   0.25156   0.29044   0.19209   0.00000   0.00000   0.00000   0.00000   0.00517   0.00000   0.00532   0.00000   0.11721   0.01108   0.05174   0.15001   0.16082   0.01008   0.05434   0.06597   0.13997   0.14212   0.45181   0.09035   0.20739   0.13622   0.00971   0.00000   0.00000   0.23869   0.74890   0.28018   0.05626   0.15124   0.13198   0.19424   0.01047   0.00000   0.00562   0.04162   0.02544   0.26708   0.19905   0.29183   0.26138   0.00000   0.12389   0.08477   0.02286   0.04674   0.00000   0.00773   0.00065   0.12446   0.12279   0.10770   0.23082   0.00000   0.00691   0.18352   0.23344   0.02216   0.20169   0.02547   0.00299   0.37480   0.00000   0.09317   0.03136   0.05351   0.03658   0.05825   0.24638   0.00555   0.00000   0.02981   0.03632   0.12190   0.14623   0.23092   0.18488   0.29605   0.35479   0.18957   0.20304   0.00000   0.19106   0.41977   0.11968   0.25770   0.11109   0.02453   0.02241   0.10267   0.06574   0.02176   0.40384   0.00597   0.00000   0.11541   0.00000   0.06333   0.07213   0.00762   0.06653   0.03470   0.04574   0.11958   0.07696   0.01501   0.01697   0.01444   0.03901   0.03130   0.00000   0.00000   0.00900   0.16247   0.00000   0.02689   0.03760   0.08375   0.17597   0.00000   0.00000   0.15364   0.14464   0.36389   0.23574   0.62237   0.58596   0.69705  
166  2.0554  12372.665732  x:  1.01584   0.00000   0.00000   1.37458   0.00000   0.27301   0.17422   0.06735   0.03418   0.33842   0.46069   0.00508   0.00000   0.00000   0.11822   0.11578   0.05022   0.02004   0.09028   0.25158   0.29046   0.19209   0.00000   0.00000   0.00000   0.00000   0.00517   0.00000   0.00532   0.00000   0.11722   0.01108   0.05174   0.15001   0.16081   0.01008   0.05434   0.06597   0.13998   0.14212   0.45182   0.09035   0.20745   0.13622   0.00971   0.00000   0.00000   0.23866   0.74892   0.28023   0.05625   0.15125   0.13204   0.19416   0.01047   0.00000   0.00563   0.04162   0.02544   0.26714   0.19891   0.29174   0.26137   0.00000   0.12392   0.08477   0.02286   0.04674   0.00000   0.00773   0.00065   0.12445   0.12274   0.10769   0.23078   0.00000   0.00691   0.18355   0.23353   0.02216   0.20167   0.02547   0.00299   0.37483   0.00000   0.09317   0.03136   0.05351   0.03659   0.05826   0.24641   0.00554   0.00000   0.02982   0.03633   0.12180   0.14622   0.23086   0.18494   0.29609   0.35475   0.18952   0.20306   0.00000   0.19109   0.41974   0.11965   0.25769   0.11115   0.02454   0.02241   0.10260   0.06573   0.02176   0.40385   0.00596   0.00000   0.11530   0.00000   0.06333   0.07208   0.00762   0.06654   0.03469   0.04575   0.11966   0.07685   0.01501   0.01697   0.01445   0.03901   0.03130   0.00000   0.00000   0.00900   0.16251   0.00000   0.02688   0.03759   0.08380   0.17592   0.00000   0.00000   0.15345   0.14476   0.36390   0.23576   0.62238   0.58595   0.69713  
167  0.5130  12372.665679  x:  1.01570   0.00000   0.00000   1.37472   0.00000   0.27300   0.17423   0.06722   0.03422   0.33887   0.46071   0.00509   0.00000   0.00000   0.11821   0.11584   0.05022   0.02005   0.09021   0.25157   0.29047   0.19209   0.00000   0.00000   0.00000   0.00000   0.00517   0.00000   0.00532   0.00000   0.11721   0.01108   0.05174   0.15002   0.16083   0.01008   0.05434   0.06597   0.13999   0.14213   0.45182   0.09036   0.20742   0.13621   0.00972   0.00000   0.00000   0.23868   0.74894   0.28027   0.05624   0.15132   0.13209   0.19415   0.01047   0.00000   0.00563   0.04162   0.02544   0.26721   0.19893   0.29171   0.26135   0.00000   0.12388   0.08477   0.02286   0.04674   0.00000   0.00773   0.00065   0.12439   0.12267   0.10775   0.23071   0.00000   0.00692   0.18354   0.23363   0.02215   0.20166   0.02547   0.00299   0.37484   0.00000   0.09317   0.03136   0.05351   0.03659   0.05825   0.24647   0.00554   0.00000   0.02982   0.03633   0.12181   0.14621   0.23088   0.18491   0.29608   0.35471   0.18949   0.20310   0.00000   0.19109   0.41975   0.11963   0.25777   0.11116   0.02454   0.02241   0.10259   0.06572   0.02176   0.40385   0.00596   0.00000   0.11529   0.00000   0.06333   0.07211   0.00762   0.06653   0.03470   0.04574   0.11961   0.07695   0.01501   0.01697   0.01444   0.03901   0.03130   0.00000   0.00000   0.00900   0.16259   0.00000   0.02685   0.03760   0.08380   0.17589   0.00000   0.00000   0.15353   0.14478   0.36389   0.23578   0.62239   0.58587   0.69714  
168  0.1899  12372.665524  x:  1.01517   0.00000   0.00000   1.37521   0.00000   0.27297   0.17425   0.06710   0.03427   0.34056   0.46078   0.00509   0.00000   0.00000   0.11822   0.11577   0.05022   0.02004   0.09029   0.25156   0.29048   0.19209   0.00000   0.00000   0.00000   0.00000   0.00517   0.00000   0.00532   0.00000   0.11720   0.01108   0.05174   0.15001   0.16082   0.01008   0.05434   0.06597   0.13997   0.14211   0.45181   0.09035   0.20736   0.13621   0.00972   0.00000   0.00000   0.23873   0.74898   0.28029   0.05625   0.15127   0.13198   0.19420   0.01047   0.00000   0.00563   0.04163   0.02544   0.26728   0.19904   0.29170   0.26134   0.00000   0.12394   0.08477   0.02286   0.04674   0.00000   0.00773   0.00066   0.12444   0.12279   0.10766   0.23061   0.00000   0.00692   0.18353   0.23369   0.02216   0.20167   0.02547   0.00299   0.37483   0.00000   0.09317   0.03136   0.05353   0.03662   0.05825   0.24653   0.00554   0.00000   0.02982   0.03632   0.12186   0.14623   0.23093   0.18483   0.29603   0.35465   0.18949   0.20310   0.00000   0.19108   0.41982   0.11961   0.25790   0.11109   0.02454   0.02241   0.10263   0.06573   0.02175   0.40384   0.00595   0.00000   0.11537   0.00000   0.06333   0.07207   0.00763   0.06654   0.03469   0.04575   0.11953   0.07682   0.01502   0.01696   0.01445   0.03902   0.03130   0.00000   0.00000   0.00900   0.16273   0.00000   0.02680   0.03760   0.08375   0.17588   0.00000   0.00000   0.15399   0.14472   0.36387   0.23579   0.62238   0.58556   0.69715  
169  0.4675  12372.665314  x:  1.01440   0.00000   0.00000   1.37591   0.00000   0.27291   0.17427   0.06724   0.03421   0.34299   0.46091   0.00509   0.00000   0.00000   0.11822   0.11580   0.05023   0.02004   0.09022   0.25155   0.29045   0.19209   0.00000   0.00000   0.00000   0.00000   0.00517   0.00000   0.00532   0.00000   0.11718   0.01109   0.05174   0.15001   0.16078   0.01008   0.05435   0.06597   0.13997   0.14211   0.45180   0.09035   0.20743   0.13620   0.00972   0.00000   0.00000   0.23868   0.74903   0.28022   0.05624   0.15119   0.13205   0.19419   0.01047   0.00000   0.00563   0.04165   0.02544   0.26717   0.19897   0.29176   0.26136   0.00000   0.12389   0.08477   0.02286   0.04676   0.00000   0.00774   0.00065   0.12446   0.12272   0.10768   0.23073   0.00000   0.00692   0.18357   0.23353   0.02218   0.20170   0.02547   0.00299   0.37478   0.00000   0.09317   0.03136   0.05354   0.03665   0.05825   0.24643   0.00553   0.00000   0.02982   0.03632   0.12175   0.14621   0.23090   0.18491   0.29600   0.35467   0.18957   0.20303   0.00000   0.19108   0.41992   0.11961   0.25780   0.11114   0.02454   0.02241   0.10257   0.06571   0.02174   0.40382   0.00595   0.00000   0.11532   0.00000   0.06333   0.07208   0.00764   0.06653   0.03470   0.04574   0.11969   0.07690   0.01501   0.01697   0.01444   0.03903   0.03130   0.00000   0.00000   0.00900   0.16264   0.00000   0.02682   0.03759   0.08382   0.17594   0.00000   0.00000   0.15470   0.14469   0.36383   0.23576   0.62236   0.58516   0.69713  
170  1.0352  12372.665285  x:  1.01430   0.00000   0.00000   1.37601   0.00000   0.27290   0.17427   0.06731   0.03420   0.34332   0.46093   0.00509   0.00000   0.00000   0.11822   0.11581   0.05023   0.02004   0.09024   0.25156   0.29044   0.19209   0.00000   0.00000   0.00000   0.00000   0.00517   0.00000   0.00532   0.00000   0.11718   0.01109   0.05174   0.15001   0.16081   0.01008   0.05435   0.06597   0.13998   0.14212   0.45180   0.09035   0.20744   0.13619   0.00972   0.00000   0.00000   0.23867   0.74903   0.28021   0.05624   0.15129   0.13204   0.19417   0.01047   0.00000   0.00563   0.04165   0.02544   0.26714   0.19894   0.29175   0.26136   0.00000   0.12390   0.08477   0.02286   0.04676   0.00000   0.00774   0.00065   0.12442   0.12271   0.10770   0.23076   0.00000   0.00692   0.18355   0.23353   0.02218   0.20168   0.02547   0.00299   0.37477   0.00000   0.09318   0.03136   0.05355   0.03665   0.05825   0.24641   0.00553   0.00000   0.02982   0.03632   0.12184   0.14622   0.23088   0.18493   0.29602   0.35469   0.18952   0.20306   0.00000   0.19109   0.41992   0.11961   0.25773   0.11113   0.02454   0.02241   0.10259   0.06571   0.02174   0.40382   0.00595   0.00000   0.11531   0.00000   0.06333   0.07207   0.00764   0.06654   0.03470   0.04574   0.11964   0.07687   0.01502   0.01697   0.01445   0.03903   0.03130   0.00000   0.00000   0.00900   0.16256   0.00000   0.02685   0.03760   0.08377   0.17593   0.00000   0.00000   0.15480   0.14474   0.36383   0.23576   0.62238   0.58515   0.69712  
171  0.3672  12372.665274  x:  1.01428   0.00000   0.00000   1.37606   0.00000   0.27290   0.17427   0.06735   0.03419   0.34341   0.46094   0.00509   0.00000   0.00000   0.11822   0.11579   0.05023   0.02004   0.09023   0.25157   0.29043   0.19209   0.00000   0.00000   0.00000   0.00000   0.00517   0.00000   0.00532   0.00000   0.11717   0.01109   0.05174   0.15001   0.16081   0.01008   0.05435   0.06597   0.13998   0.14212   0.45180   0.09034   0.20743   0.13619   0.00972   0.00000   0.00000   0.23868   0.74902   0.28022   0.05624   0.15128   0.13203   0.19416   0.01047   0.00000   0.00563   0.04165   0.02544   0.26714   0.19894   0.29172   0.26136   0.00000   0.12390   0.08477   0.02286   0.04676   0.00000   0.00774   0.00065   0.12444   0.12274   0.10768   0.23075   0.00000   0.00692   0.18354   0.23357   0.02218   0.20167   0.02547   0.00299   0.37477   0.00000   0.09318   0.03136   0.05355   0.03665   0.05825   0.24643   0.00553   0.00000   0.02982   0.03632   0.12178   0.14622   0.23088   0.18492   0.29605   0.35469   0.18950   0.20309   0.00000   0.19109   0.41990   0.11962   0.25769   0.11112   0.02454   0.02241   0.10260   0.06571   0.02174   0.40382   0.00595   0.00000   0.11532   0.00000   0.06333   0.07208   0.00764   0.06653   0.03470   0.04574   0.11960   0.07689   0.01502   0.01696   0.01445   0.03903   0.03130   0.00000   0.00000   0.00900   0.16249   0.00000   0.02687   0.03760   0.08379   0.17590   0.00000   0.00000   0.15484   0.14477   0.36382   0.23576   0.62239   0.58524   0.69711  
172  0.0917  12372.665238  x:  1.01427   0.00000   0.00000   1.37622   0.00000   0.27290   0.17427   0.06739   0.03418   0.34359   0.46095   0.00509   0.00000   0.00000   0.11820   0.11583   0.05023   0.02004   0.09024   0.25157   0.29042   0.19209   0.00000   0.00000   0.00000   0.00000   0.00517   0.00000   0.00532   0.00000   0.11718   0.01109   0.05174   0.15001   0.16078   0.01008   0.05435   0.06596   0.13997   0.14212   0.45180   0.09034   0.20741   0.13619   0.00972   0.00000   0.00000   0.23869   0.74896   0.28025   0.05624   0.15119   0.13206   0.19419   0.01047   0.00000   0.00563   0.04165   0.02544   0.26718   0.19898   0.29165   0.26134   0.00000   0.12390   0.08477   0.02286   0.04676   0.00000   0.00774   0.00065   0.12445   0.12269   0.10772   0.23070   0.00000   0.00692   0.18354   0.23363   0.02217   0.20168   0.02547   0.00299   0.37477   0.00000   0.09318   0.03136   0.05355   0.03666   0.05825   0.24648   0.00553   0.00000   0.02982   0.03632   0.12183   0.14622   0.23089   0.18489   0.29609   0.35469   0.18954   0.20308   0.00000   0.19108   0.41980   0.11961   0.25766   0.11114   0.02454   0.02241   0.10258   0.06571   0.02174   0.40381   0.00595   0.00000   0.11533   0.00000   0.06333   0.07206   0.00764   0.06654   0.03470   0.04574   0.11964   0.07686   0.01501   0.01697   0.01445   0.03903   0.03130   0.00000   0.00000   0.00900   0.16241   0.00000   0.02689   0.03760   0.08377   0.17589   0.00000   0.00000   0.15493   0.14476   0.36382   0.23578   0.62238   0.58572   0.69704  
173  0.1019  12372.665173  x:  1.01427   0.00000   0.00000   1.37654   0.00000   0.27289   0.17427   0.06734   0.03418   0.34384   0.46096   0.00510   0.00000   0.00000   0.11824   0.11576   0.05023   0.02004   0.09023   0.25156   0.29042   0.19209   0.00000   0.00000   0.00000   0.00000   0.00517   0.00000   0.00532   0.00000   0.11717   0.01109   0.05174   0.15002   0.16081   0.01008   0.05435   0.06596   0.13999   0.14213   0.45180   0.09035   0.20743   0.13618   0.00972   0.00000   0.00000   0.23869   0.74885   0.28024   0.05624   0.15131   0.13203   0.19418   0.01047   0.00000   0.00562   0.04165   0.02544   0.26718   0.19897   0.29166   0.26135   0.00000   0.12390   0.08477   0.02286   0.04676   0.00000   0.00774   0.00066   0.12440   0.12272   0.10767   0.23070   0.00000   0.00692   0.18358   0.23358   0.02217   0.20171   0.02547   0.00299   0.37477   0.00000   0.09318   0.03136   0.05355   0.03666   0.05825   0.24645   0.00552   0.00000   0.02982   0.03632   0.12182   0.14622   0.23090   0.18492   0.29606   0.35467   0.18956   0.20304   0.00000   0.19108   0.41962   0.11961   0.25772   0.11112   0.02454   0.02241   0.10259   0.06571   0.02175   0.40379   0.00595   0.00000   0.11530   0.00000   0.06332   0.07210   0.00764   0.06653   0.03470   0.04574   0.11969   0.07689   0.01501   0.01697   0.01445   0.03903   0.03130   0.00000   0.00000   0.00900   0.16246   0.00000   0.02687   0.03760   0.08377   0.17593   0.00000   0.00000   0.15507   0.14471   0.36382   0.23577   0.62238   0.58655   0.69692  
174  0.3188  12372.665140  x:  1.01429   0.00000   0.00000   1.37670   0.00000   0.27288   0.17427   0.06730   0.03420   0.34392   0.46095   0.00510   0.00000   0.00000   0.11821   0.11584   0.05023   0.02004   0.09024   0.25155   0.29043   0.19209   0.00000   0.00000   0.00000   0.00000   0.00518   0.00000   0.00532   0.00000   0.11718   0.01110   0.05174   0.15001   0.16080   0.01008   0.05435   0.06596   0.13997   0.14212   0.45180   0.09035   0.20745   0.13618   0.00972   0.00000   0.00000   0.23867   0.74881   0.28021   0.05624   0.15129   0.13203   0.19417   0.01047   0.00000   0.00562   0.04165   0.02544   0.26714   0.19894   0.29172   0.26136   0.00000   0.12389   0.08477   0.02285   0.04676   0.00000   0.00774   0.00065   0.12445   0.12274   0.10771   0.23074   0.00000   0.00691   0.18357   0.23351   0.02218   0.20168   0.02548   0.00299   0.37477   0.00000   0.09318   0.03136   0.05354   0.03666   0.05825   0.24641   0.00552   0.00000   0.02982   0.03632   0.12178   0.14622   0.23089   0.18493   0.29601   0.35467   0.18951   0.20308   0.00000   0.19109   0.41955   0.11960   0.25774   0.11112   0.02454   0.02241   0.10259   0.06571   0.02175   0.40378   0.00595   0.00000   0.11532   0.00000   0.06333   0.07205   0.00764   0.06654   0.03469   0.04574   0.11961   0.07686   0.01502   0.01696   0.01445   0.03903   0.03130   0.00000   0.00000   0.00900   0.16255   0.00000   0.02683   0.03760   0.08379   0.17594   0.00000   0.00000   0.15512   0.14474   0.36382   0.23575   0.62240   0.58685   0.69687  
175  0.2471  12372.665089  x:  1.01436   0.00000   0.00000   1.37696   0.00000   0.27288   0.17427   0.06726   0.03422   0.34392   0.46091   0.00511   0.00000   0.00000   0.11823   0.11576   0.05023   0.02004   0.09024   0.25155   0.29043   0.19209   0.00000   0.00000   0.00000   0.00000   0.00518   0.00000   0.00531   0.00000   0.11718   0.01110   0.05174   0.15000   0.16077   0.01008   0.05435   0.06596   0.13997   0.14212   0.45180   0.09034   0.20744   0.13618   0.00972   0.00000   0.00000   0.23866   0.74879   0.28017   0.05624   0.15117   0.13207   0.19418   0.01047   0.00000   0.00562   0.04165   0.02544   0.26708   0.19895   0.29180   0.26136   0.00000   0.12391   0.08477   0.02285   0.04676   0.00000   0.00775   0.00065   0.12443   0.12266   0.10766   0.23078   0.00000   0.00692   0.18352   0.23350   0.02218   0.20163   0.02548   0.00299   0.37477   0.00000   0.09318   0.03136   0.05354   0.03666   0.05825   0.24639   0.00551   0.00000   0.02982   0.03631   0.12186   0.14622   0.23087   0.18493   0.29596   0.35467   0.18948   0.20314   0.00000   0.19109   0.41953   0.11960   0.25770   0.11115   0.02454   0.02241   0.10258   0.06571   0.02175   0.40377   0.00595   0.00000   0.11535   0.00000   0.06332   0.07213   0.00765   0.06652   0.03470   0.04573   0.11957   0.07689   0.01502   0.01696   0.01445   0.03903   0.03130   0.00000   0.00000   0.00900   0.16263   0.00000   0.02679   0.03760   0.08376   0.17591   0.00000   0.00000   0.15512   0.14482   0.36381   0.23575   0.62241   0.58694   0.69686  
176  0.1086  12372.664500  x:  1.01538   0.00000   0.00000   1.37990   0.00000   0.27282   0.17428   0.06718   0.03422   0.34353   0.46037   0.00519   0.00000   0.00000   0.11829   0.11574   0.05020   0.02004   0.09023   0.25157   0.29039   0.19209   0.00000   0.00000   0.00000   0.00000   0.00518   0.00000   0.00530   0.00000   0.11722   0.01112   0.05174   0.15003   0.16077   0.01008   0.05434   0.06594   0.14006   0.14219   0.45178   0.09036   0.20732   0.13613   0.00973   0.00000   0.00000   0.23872   0.74875   0.28005   0.05625   0.15129   0.13199   0.19434   0.01045   0.00000   0.00558   0.04163   0.02545   0.26683   0.19920   0.29202   0.26131   0.00000   0.12389   0.08477   0.02286   0.04678   0.00000   0.00777   0.00068   0.12430   0.12288   0.10782   0.23080   0.00000   0.00692   0.18339   0.23374   0.02213   0.20160   0.02547   0.00297   0.37476   0.00000   0.09318   0.03136   0.05350   0.03663   0.05825   0.24647   0.00546   0.00000   0.02982   0.03631   0.12179   0.14619   0.23087   0.18493   0.29578   0.35464   0.18968   0.20317   0.00000   0.19107   0.41964   0.11954   0.25730   0.11115   0.02453   0.02242   0.10262   0.06571   0.02178   0.40364   0.00595   0.00000   0.11530   0.00000   0.06331   0.07194   0.00767   0.06657   0.03469   0.04574   0.11985   0.07694   0.01501   0.01696   0.01445   0.03899   0.03130   0.00000   0.00000   0.00900   0.16277   0.00000   0.02662   0.03760   0.08380   0.17567   0.00000   0.00000   0.15501   0.14500   0.36377   0.23578   0.62240   0.58655   0.69689  
177  0.2519  12372.663688  x:  1.01681   0.00000   0.00000   1.38398   0.00000   0.27275   0.17429   0.06723   0.03421   0.34294   0.45961   0.00528   0.00000   0.00000   0.11811   0.11595   0.05017   0.02004   0.09031   0.25154   0.29033   0.19208   0.00000   0.00000   0.00000   0.00000   0.00520   0.00000   0.00529   0.00000   0.11725   0.01116   0.05173   0.15000   0.16076   0.01007   0.05432   0.06592   0.13992   0.14207   0.45175   0.09035   0.20746   0.13612   0.00973   0.00000   0.00000   0.23874   0.74871   0.28005   0.05626   0.15141   0.13204   0.19426   0.01043   0.00000   0.00552   0.04161   0.02546   0.26691   0.19913   0.29182   0.26127   0.00000   0.12391   0.08477   0.02286   0.04680   0.00000   0.00781   0.00069   0.12452   0.12265   0.10757   0.23064   0.00000   0.00690   0.18367   0.23371   0.02206   0.20180   0.02548   0.00295   0.37474   0.00000   0.09317   0.03137   0.05344   0.03660   0.05824   0.24648   0.00539   0.00000   0.02981   0.03629   0.12176   0.14623   0.23093   0.18498   0.29577   0.35456   0.18964   0.20310   0.00000   0.19111   0.41983   0.11951   0.25734   0.11110   0.02451   0.02243   0.10270   0.06571   0.02182   0.40348   0.00599   0.00000   0.11532   0.00000   0.06325   0.07221   0.00769   0.06649   0.03471   0.04568   0.11974   0.07681   0.01500   0.01694   0.01448   0.03893   0.03130   0.00000   0.00000   0.00900   0.16258   0.00000   0.02652   0.03762   0.08383   0.17580   0.00000   0.00000   0.15483   0.14478   0.36371   0.23579   0.62253   0.58584   0.69697  
178  1.8237  12372.663484  x:  1.01717   0.00000   0.00000   1.38501   0.00000   0.27273   0.17429   0.06727   0.03422   0.34278   0.45942   0.00531   0.00000   0.00000   0.11823   0.11577   0.05016   0.02004   0.09027   0.25150   0.29031   0.19208   0.00000   0.00000   0.00000   0.00000   0.00520   0.00000   0.00528   0.00000   0.11727   0.01117   0.05173   0.15000   0.16071   0.01007   0.05432   0.06591   0.13996   0.14210   0.45175   0.09035   0.20754   0.13610   0.00973   0.00000   0.00000   0.23872   0.74870   0.28008   0.05627   0.15129   0.13205   0.19424   0.01043   0.00000   0.00550   0.04161   0.02546   0.26703   0.19905   0.29163   0.26128   0.00000   0.12391   0.08477   0.02286   0.04681   0.00000   0.00782   0.00070   0.12447   0.12271   0.10774   0.23059   0.00000   0.00690   0.18375   0.23356   0.02205   0.20181   0.02548   0.00294   0.37473   0.00000   0.09317   0.03137   0.05343   0.03659   0.05824   0.24643   0.00537   0.00000   0.02980   0.03629   0.12181   0.14623   0.23094   0.18498   0.29582   0.35454   0.18956   0.20315   0.00000   0.19113   0.41988   0.11949   0.25754   0.11113   0.02451   0.02243   0.10267   0.06570   0.02183   0.40344   0.00600   0.00000   0.11535   0.00000   0.06326   0.07206   0.00770   0.06653   0.03469   0.04569   0.11961   0.07692   0.01500   0.01694   0.01448   0.03891   0.03130   0.00000   0.00000   0.00900   0.16244   0.00000   0.02653   0.03761   0.08380   0.17593   0.00000   0.00000   0.15478   0.14473   0.36369   0.23576   0.62257   0.58564   0.69699  
179  1.2221  12372.663469  x:  1.01719   0.00000   0.00000   1.38508   0.00000   0.27273   0.17429   0.06728   0.03422   0.34277   0.45941   0.00532   0.00000   0.00000   0.11822   0.11581   0.05016   0.02004   0.09029   0.25149   0.29031   0.19208   0.00000   0.00000   0.00000   0.00000   0.00520   0.00000   0.00528   0.00000   0.11727   0.01117   0.05173   0.15001   0.16070   0.01007   0.05432   0.06591   0.13998   0.14212   0.45175   0.09035   0.20753   0.13609   0.00973   0.00000   0.00000   0.23871   0.74871   0.28007   0.05627   0.15127   0.13203   0.19427   0.01043   0.00000   0.00550   0.04161   0.02546   0.26705   0.19906   0.29158   0.26129   0.00000   0.12391   0.08477   0.02286   0.04681   0.00000   0.00782   0.00070   0.12441   0.12274   0.10772   0.23059   0.00000   0.00690   0.18372   0.23351   0.02206   0.20176   0.02549   0.00294   0.37472   0.00000   0.09317   0.03137   0.05343   0.03659   0.05824   0.24640   0.00537   0.00000   0.02980   0.03629   0.12180   0.14622   0.23094   0.18497   0.29583   0.35454   0.18956   0.20318   0.00000   0.19113   0.41989   0.11948   0.25761   0.11114   0.02451   0.02242   0.10266   0.06570   0.02183   0.40343   0.00599   0.00000   0.11535   0.00000   0.06326   0.07209   0.00770   0.06652   0.03470   0.04569   0.11964   0.07690   0.01500   0.01694   0.01448   0.03891   0.03130   0.00000   0.00000   0.00900   0.16242   0.00000   0.02653   0.03761   0.08380   0.17594   0.00000   0.00000   0.15478   0.14477   0.36369   0.23575   0.62257   0.58562   0.69699  
180  0.1841  12372.663468  x:  1.01719   0.00000   0.00000   1.38508   0.00000   0.27273   0.17429   0.06728   0.03422   0.34277   0.45941   0.00532   0.00000   0.00000   0.11821   0.11580   0.05016   0.02004   0.09028   0.25149   0.29031   0.19209   0.00000   0.00000   0.00000   0.00000   0.00520   0.00000   0.00528   0.00000   0.11727   0.01117   0.05173   0.15001   0.16070   0.01007   0.05432   0.06591   0.13997   0.14212   0.45175   0.09035   0.20752   0.13610   0.00973   0.00000   0.00000   0.23871   0.74871   0.28007   0.05627   0.15128   0.13204   0.19427   0.01043   0.00000   0.00550   0.04161   0.02546   0.26705   0.19907   0.29157   0.26130   0.00000   0.12391   0.08477   0.02286   0.04681   0.00000   0.00782   0.00070   0.12443   0.12273   0.10772   0.23060   0.00000   0.00690   0.18372   0.23350   0.02206   0.20175   0.02549   0.00294   0.37472   0.00000   0.09317   0.03137   0.05343   0.03659   0.05824   0.24639   0.00537   0.00000   0.02980   0.03628   0.12180   0.14622   0.23093   0.18497   0.29583   0.35454   0.18957   0.20319   0.00000   0.19113   0.41989   0.11947   0.25763   0.11113   0.02451   0.02242   0.10266   0.06570   0.02183   0.40343   0.00599   0.00000   0.11535   0.00000   0.06326   0.07208   0.00770   0.06652   0.03470   0.04569   0.11965   0.07691   0.01500   0.01694   0.01448   0.03891   0.03130   0.00000   0.00000   0.00900   0.16241   0.00000   0.02653   0.03761   0.08380   0.17594   0.00000   0.00000   0.15477   0.14479   0.36369   0.23575   0.62256   0.58562   0.69699  
181  0.0456  12372.663466  x:  1.01719   0.00000   0.00000   1.38506   0.00000   0.27273   0.17429   0.06728   0.03422   0.34277   0.45941   0.00533   0.00000   0.00000   0.11823   0.11581   0.05016   0.02004   0.09029   0.25149   0.29031   0.19209   0.00000   0.00000   0.00000   0.00000   0.00520   0.00000   0.00528   0.00000   0.11727   0.01117   0.05173   0.15001   0.16070   0.01007   0.05432   0.06591   0.13998   0.14212   0.45175   0.09035   0.20751   0.13610   0.00974   0.00000   0.00000   0.23871   0.74871   0.28006   0.05627   0.15128   0.13204   0.19426   0.01043   0.00000   0.00550   0.04161   0.02546   0.26704   0.19908   0.29156   0.26130   0.00000   0.12390   0.08477   0.02286   0.04681   0.00000   0.00782   0.00070   0.12444   0.12273   0.10772   0.23062   0.00000   0.00689   0.18372   0.23351   0.02206   0.20176   0.02549   0.00294   0.37472   0.00000   0.09317   0.03137   0.05343   0.03659   0.05824   0.24639   0.00536   0.00000   0.02980   0.03628   0.12180   0.14622   0.23094   0.18498   0.29582   0.35455   0.18958   0.20317   0.00000   0.19113   0.41989   0.11946   0.25766   0.11113   0.02451   0.02242   0.10266   0.06570   0.02183   0.40344   0.00599   0.00000   0.11535   0.00000   0.06326   0.07209   0.00770   0.06652   0.03470   0.04569   0.11964   0.07690   0.01500   0.01694   0.01448   0.03891   0.03130   0.00000   0.00000   0.00900   0.16240   0.00000   0.02654   0.03762   0.08380   0.17591   0.00000   0.00000   0.15477   0.14479   0.36369   0.23575   0.62257   0.58562   0.69699  
182  0.0074  12372.663453  x:  1.01717   0.00000   0.00000   1.38495   0.00000   0.27273   0.17429   0.06728   0.03422   0.34278   0.45943   0.00534   0.00000   0.00000   0.11813   0.11578   0.05017   0.02004   0.09028   0.25150   0.29032   0.19208   0.00000   0.00000   0.00000   0.00000   0.00520   0.00000   0.00528   0.00000   0.11727   0.01117   0.05173   0.15002   0.16070   0.01007   0.05432   0.06591   0.13998   0.14212   0.45175   0.09035   0.20751   0.13610   0.00974   0.00000   0.00000   0.23872   0.74870   0.28004   0.05627   0.15127   0.13204   0.19425   0.01042   0.00000   0.00550   0.04160   0.02546   0.26701   0.19907   0.29154   0.26130   0.00000   0.12392   0.08477   0.02286   0.04681   0.00000   0.00782   0.00070   0.12441   0.12274   0.10773   0.23066   0.00000   0.00689   0.18371   0.23354   0.02206   0.20178   0.02548   0.00294   0.37472   0.00000   0.09317   0.03137   0.05342   0.03659   0.05824   0.24639   0.00536   0.00000   0.02980   0.03629   0.12180   0.14621   0.23094   0.18500   0.29581   0.35455   0.18957   0.20316   0.00000   0.19113   0.41989   0.11943   0.25769   0.11114   0.02451   0.02242   0.10266   0.06570   0.02183   0.40344   0.00599   0.00000   0.11535   0.00000   0.06326   0.07208   0.00770   0.06653   0.03470   0.04569   0.11963   0.07692   0.01500   0.01694   0.01448   0.03891   0.03130   0.00000   0.00000   0.00900   0.16239   0.00000   0.02654   0.03762   0.08381   0.17588   0.00000   0.00000   0.15477   0.14477   0.36369   0.23575   0.62257   0.58562   0.69699  
183  0.0218  12372.663325  x:  1.01697   0.00000   0.00000   1.38394   0.00000   0.27278   0.17427   0.06729   0.03423   0.34286   0.45957   0.00535   0.00000   0.00000   0.11826   0.11581   0.05015   0.02004   0.09030   0.25152   0.29035   0.19208   0.00000   0.00000   0.00000   0.00000   0.00520   0.00000   0.00523   0.00000   0.11730   0.01116   0.05173   0.15004   0.16072   0.01007   0.05431   0.06591   0.13994   0.14209   0.45173   0.09036   0.20759   0.13611   0.00973   0.00000   0.00000   0.23871   0.74864   0.28002   0.05627   0.15130   0.13204   0.19435   0.01041   0.00000   0.00553   0.04158   0.02547   0.26695   0.19897   0.29153   0.26130   0.00000   0.12391   0.08479   0.02286   0.04681   0.00000   0.00782   0.00069   0.12444   0.12272   0.10773   0.23072   0.00000   0.00691   0.18365   0.23361   0.02208   0.20181   0.02547   0.00292   0.37469   0.00000   0.09317   0.03137   0.05341   0.03657   0.05824   0.24644   0.00535   0.00000   0.02981   0.03630   0.12182   0.14621   0.23094   0.18492   0.29579   0.35453   0.18952   0.20329   0.00000   0.19114   0.41991   0.11940   0.25771   0.11114   0.02452   0.02242   0.10269   0.06571   0.02183   0.40345   0.00601   0.00000   0.11534   0.00000   0.06326   0.07209   0.00769   0.06652   0.03470   0.04569   0.11968   0.07690   0.01500   0.01694   0.01447   0.03890   0.03130   0.00000   0.00000   0.00900   0.16239   0.00000   0.02656   0.03761   0.08381   0.17593   0.00000   0.00000   0.15475   0.14468   0.36363   0.23577   0.62255   0.58562   0.69699  
184  0.1209  12372.663253  x:  1.01687   0.00000   0.00000   1.38338   0.00000   0.27280   0.17425   0.06729   0.03421   0.34290   0.45963   0.00531   0.00000   0.00000   0.11821   0.11580   0.05016   0.02004   0.09030   0.25150   0.29033   0.19209   0.00000   0.00000   0.00000   0.00000   0.00520   0.00000   0.00520   0.00000   0.11731   0.01116   0.05173   0.14998   0.16073   0.01007   0.05431   0.06590   0.14000   0.14213   0.45171   0.09036   0.20754   0.13611   0.00973   0.00000   0.00000   0.23871   0.74860   0.28007   0.05627   0.15129   0.13204   0.19426   0.01040   0.00000   0.00554   0.04157   0.02547   0.26703   0.19905   0.29157   0.26129   0.00000   0.12393   0.08479   0.02286   0.04681   0.00000   0.00781   0.00069   0.12446   0.12272   0.10773   0.23061   0.00000   0.00691   0.18371   0.23353   0.02209   0.20175   0.02547   0.00291   0.37466   0.00000   0.09317   0.03137   0.05340   0.03656   0.05823   0.24642   0.00534   0.00000   0.02981   0.03630   0.12182   0.14623   0.23093   0.18498   0.29583   0.35450   0.18958   0.20319   0.00000   0.19113   0.41992   0.11947   0.25763   0.11115   0.02453   0.02241   0.10269   0.06571   0.02183   0.40344   0.00601   0.00000   0.11535   0.00000   0.06327   0.07209   0.00768   0.06653   0.03470   0.04569   0.11964   0.07691   0.01501   0.01694   0.01447   0.03890   0.03130   0.00000   0.00000   0.00900   0.16241   0.00000   0.02657   0.03762   0.08381   0.17596   0.00000   0.00000   0.15474   0.14479   0.36360   0.23575   0.62258   0.58562   0.69700  
185  0.3605  12372.663250  x:  1.01687   0.00000   0.00000   1.38336   0.00000   0.27280   0.17425   0.06729   0.03422   0.34291   0.45963   0.00530   0.00000   0.00000   0.11822   0.11580   0.05016   0.02004   0.09030   0.25150   0.29032   0.19208   0.00000   0.00000   0.00000   0.00000   0.00520   0.00000   0.00520   0.00000   0.11731   0.01116   0.05173   0.15001   0.16072   0.01007   0.05431   0.06590   0.13997   0.14211   0.45171   0.09036   0.20753   0.13611   0.00973   0.00000   0.00000   0.23871   0.74860   0.28007   0.05627   0.15129   0.13204   0.19426   0.01040   0.00000   0.00554   0.04157   0.02547   0.26705   0.19906   0.29158   0.26129   0.00000   0.12392   0.08479   0.02286   0.04681   0.00000   0.00781   0.00069   0.12444   0.12273   0.10773   0.23061   0.00000   0.00691   0.18372   0.23352   0.02209   0.20176   0.02547   0.00291   0.37466   0.00000   0.09317   0.03137   0.05340   0.03655   0.05823   0.24641   0.00534   0.00000   0.02981   0.03630   0.12182   0.14622   0.23094   0.18499   0.29584   0.35450   0.18957   0.20318   0.00000   0.19113   0.41992   0.11948   0.25762   0.11115   0.02453   0.02241   0.10269   0.06571   0.02183   0.40344   0.00601   0.00000   0.11535   0.00000   0.06327   0.07209   0.00768   0.06653   0.03470   0.04569   0.11963   0.07691   0.01501   0.01694   0.01447   0.03890   0.03130   0.00000   0.00000   0.00900   0.16242   0.00000   0.02657   0.03762   0.08381   0.17594   0.00000   0.00000   0.15474   0.14480   0.36359   0.23575   0.62258   0.58562   0.69700  
186  0.0685  12372.663250  x:  1.01687   0.00000   0.00000   1.38336   0.00000   0.27280   0.17425   0.06729   0.03422   0.34291   0.45963   0.00530   0.00000   0.00000   0.11822   0.11580   0.05016   0.02004   0.09030   0.25150   0.29031   0.19208   0.00000   0.00000   0.00000   0.00000   0.00520   0.00000   0.00520   0.00000   0.11731   0.01116   0.05173   0.15001   0.16073   0.01007   0.05431   0.06590   0.13997   0.14212   0.45171   0.09036   0.20753   0.13611   0.00973   0.00000   0.00000   0.23871   0.74860   0.28007   0.05627   0.15129   0.13204   0.19426   0.01040   0.00000   0.00554   0.04157   0.02547   0.26705   0.19905   0.29158   0.26129   0.00000   0.12392   0.08479   0.02286   0.04681   0.00000   0.00781   0.00069   0.12444   0.12273   0.10773   0.23061   0.00000   0.00691   0.18372   0.23352   0.02209   0.20176   0.02547   0.00291   0.37466   0.00000   0.09317   0.03137   0.05340   0.03655   0.05823   0.24640   0.00534   0.00000   0.02981   0.03630   0.12182   0.14622   0.23094   0.18498   0.29584   0.35450   0.18956   0.20318   0.00000   0.19113   0.41992   0.11948   0.25762   0.11115   0.02453   0.02241   0.10269   0.06571   0.02183   0.40344   0.00601   0.00000   0.11535   0.00000   0.06327   0.07209   0.00768   0.06653   0.03470   0.04569   0.11964   0.07691   0.01501   0.01694   0.01447   0.03890   0.03130   0.00000   0.00000   0.00900   0.16242   0.00000   0.02657   0.03762   0.08381   0.17593   0.00000   0.00000   0.15474   0.14479   0.36359   0.23575   0.62258   0.58562   0.69700  
187  0.0145  12372.663250  x:  1.01686   0.00000   0.00000   1.38334   0.00000   0.27280   0.17425   0.06729   0.03421   0.34290   0.45964   0.00530   0.00000   0.00000   0.11822   0.11580   0.05016   0.02004   0.09031   0.25149   0.29029   0.19209   0.00000   0.00000   0.00000   0.00000   0.00520   0.00000   0.00520   0.00000   0.11731   0.01116   0.05173   0.15000   0.16073   0.01007   0.05431   0.06590   0.13997   0.14211   0.45171   0.09036   0.20753   0.13611   0.00973   0.00000   0.00000   0.23871   0.74860   0.28007   0.05627   0.15129   0.13204   0.19425   0.01040   0.00000   0.00554   0.04157   0.02547   0.26706   0.19905   0.29158   0.26130   0.00000   0.12392   0.08479   0.02286   0.04681   0.00000   0.00781   0.00069   0.12444   0.12273   0.10773   0.23061   0.00000   0.00691   0.18371   0.23352   0.02209   0.20175   0.02547   0.00291   0.37466   0.00000   0.09317   0.03137   0.05340   0.03655   0.05823   0.24640   0.00534   0.00000   0.02981   0.03630   0.12182   0.14623   0.23094   0.18498   0.29585   0.35450   0.18958   0.20319   0.00000   0.19113   0.41992   0.11948   0.25762   0.11115   0.02453   0.02241   0.10269   0.06571   0.02183   0.40344   0.00601   0.00000   0.11535   0.00000   0.06327   0.07209   0.00768   0.06653   0.03470   0.04569   0.11963   0.07691   0.01501   0.01694   0.01447   0.03890   0.03130   0.00000   0.00000   0.00900   0.16243   0.00000   0.02656   0.03762   0.08381   0.17592   0.00000   0.00000   0.15474   0.14479   0.36360   0.23575   0.62258   0.58562   0.69700  
188  0.0032  12372.663244  x:  1.01680   0.00000   0.00000   1.38317   0.00000   0.27280   0.17425   0.06729   0.03422   0.34289   0.45968   0.00530   0.00000   0.00000   0.11822   0.11580   0.05016   0.02004   0.09031   0.25150   0.29023   0.19209   0.00000   0.00000   0.00000   0.00000   0.00520   0.00000   0.00520   0.00000   0.11731   0.01116   0.05173   0.15004   0.16073   0.01007   0.05431   0.06590   0.13999   0.14213   0.45172   0.09036   0.20754   0.13611   0.00973   0.00000   0.00000   0.23871   0.74860   0.28006   0.05627   0.15129   0.13204   0.19425   0.01040   0.00000   0.00554   0.04157   0.02547   0.26706   0.19906   0.29158   0.26130   0.00000   0.12392   0.08479   0.02286   0.04681   0.00000   0.00781   0.00069   0.12446   0.12272   0.10773   0.23062   0.00000   0.00690   0.18370   0.23354   0.02209   0.20174   0.02547   0.00290   0.37467   0.00000   0.09317   0.03137   0.05340   0.03656   0.05823   0.24641   0.00533   0.00000   0.02981   0.03630   0.12182   0.14620   0.23094   0.18499   0.29588   0.35451   0.18958   0.20318   0.00000   0.19113   0.41992   0.11948   0.25763   0.11115   0.02453   0.02241   0.10269   0.06571   0.02182   0.40345   0.00601   0.00000   0.11535   0.00000   0.06327   0.07209   0.00768   0.06653   0.03470   0.04569   0.11963   0.07691   0.01501   0.01694   0.01447   0.03890   0.03130   0.00000   0.00000   0.00900   0.16244   0.00000   0.02656   0.03762   0.08381   0.17595   0.00000   0.00000   0.15474   0.14479   0.36360   0.23575   0.62258   0.58562   0.69700  
189  0.0168  12372.663228  x:  1.01661   0.00000   0.00000   1.38259   0.00000   0.27281   0.17424   0.06730   0.03423   0.34286   0.45980   0.00528   0.00000   0.00000   0.11822   0.11580   0.05016   0.02004   0.09030   0.25151   0.29025   0.19208   0.00000   0.00000   0.00000   0.00000   0.00520   0.00000   0.00521   0.00000   0.11730   0.01116   0.05173   0.14999   0.16073   0.01006   0.05432   0.06591   0.13997   0.14211   0.45172   0.09036   0.20751   0.13611   0.00973   0.00000   0.00000   0.23870   0.74862   0.28008   0.05627   0.15129   0.13204   0.19428   0.01041   0.00000   0.00552   0.04158   0.02547   0.26705   0.19905   0.29158   0.26130   0.00000   0.12392   0.08479   0.02286   0.04681   0.00000   0.00781   0.00069   0.12443   0.12273   0.10773   0.23063   0.00000   0.00690   0.18370   0.23353   0.02210   0.20175   0.02547   0.00290   0.37467   0.00000   0.09317   0.03137   0.05341   0.03656   0.05823   0.24642   0.00532   0.00000   0.02981   0.03630   0.12182   0.14623   0.23093   0.18499   0.29589   0.35452   0.18953   0.20315   0.00000   0.19113   0.41991   0.11949   0.25764   0.11115   0.02453   0.02241   0.10268   0.06571   0.02182   0.40347   0.00600   0.00000   0.11534   0.00000   0.06327   0.07209   0.00768   0.06653   0.03470   0.04570   0.11964   0.07690   0.01501   0.01694   0.01446   0.03891   0.03130   0.00000   0.00000   0.00900   0.16244   0.00000   0.02658   0.03761   0.08381   0.17597   0.00000   0.00000   0.15474   0.14481   0.36361   0.23576   0.62255   0.58562   0.69701  
190  0.1361  12372.663222  x:  1.01653   0.00000   0.00000   1.38238   0.00000   0.27281   0.17424   0.06729   0.03421   0.34284   0.45984   0.00527   0.00000   0.00000   0.11822   0.11580   0.05016   0.02004   0.09030   0.25151   0.29031   0.19208   0.00000   0.00000   0.00000   0.00000   0.00520   0.00000   0.00521   0.00000   0.11730   0.01116   0.05173   0.15001   0.16073   0.01006   0.05432   0.06591   0.13998   0.14212   0.45172   0.09036   0.20751   0.13611   0.00973   0.00000   0.00000   0.23871   0.74863   0.28009   0.05627   0.15129   0.13204   0.19425   0.01041   0.00000   0.00552   0.04158   0.02547   0.26706   0.19904   0.29159   0.26130   0.00000   0.12392   0.08479   0.02286   0.04681   0.00000   0.00781   0.00070   0.12443   0.12273   0.10773   0.23062   0.00000   0.00690   0.18370   0.23351   0.02210   0.20175   0.02547   0.00289   0.37467   0.00000   0.09317   0.03137   0.05342   0.03656   0.05823   0.24640   0.00532   0.00000   0.02981   0.03630   0.12182   0.14622   0.23093   0.18497   0.29586   0.35452   0.18956   0.20318   0.00000   0.19113   0.41991   0.11950   0.25764   0.11115   0.02453   0.02241   0.10268   0.06571   0.02182   0.40348   0.00600   0.00000   0.11534   0.00000   0.06327   0.07209   0.00768   0.06653   0.03470   0.04570   0.11964   0.07690   0.01501   0.01694   0.01446   0.03891   0.03130   0.00000   0.00000   0.00900   0.16243   0.00000   0.02659   0.03761   0.08381   0.17593   0.00000   0.00000   0.15474   0.14480   0.36361   0.23575   0.62256   0.58563   0.69702  
191  0.1516  12372.663221  x:  1.01653   0.00000   0.00000   1.38238   0.00000   0.27281   0.17424   0.06729   0.03422   0.34284   0.45984   0.00527   0.00000   0.00000   0.11822   0.11580   0.05016   0.02004   0.09030   0.25150   0.29032   0.19209   0.00000   0.00000   0.00000   0.00000   0.00520   0.00000   0.00521   0.00000   0.11730   0.01116   0.05173   0.15001   0.16073   0.01006   0.05432   0.06591   0.13998   0.14212   0.45172   0.09036   0.20752   0.13611   0.00973   0.00000   0.00000   0.23871   0.74863   0.28009   0.05627   0.15129   0.13204   0.19425   0.01041   0.00000   0.00552   0.04158   0.02547   0.26706   0.19904   0.29159   0.26130   0.00000   0.12392   0.08479   0.02286   0.04681   0.00000   0.00781   0.00070   0.12443   0.12273   0.10773   0.23062   0.00000   0.00690   0.18370   0.23352   0.02210   0.20174   0.02547   0.00289   0.37467   0.00000   0.09317   0.03137   0.05342   0.03656   0.05823   0.24640   0.00532   0.00000   0.02981   0.03630   0.12182   0.14622   0.23093   0.18498   0.29586   0.35452   0.18956   0.20318   0.00000   0.19113   0.41991   0.11950   0.25764   0.11115   0.02453   0.02241   0.10268   0.06571   0.02182   0.40348   0.00600   0.00000   0.11534   0.00000   0.06327   0.07209   0.00768   0.06653   0.03470   0.04570   0.11964   0.07690   0.01501   0.01694   0.01446   0.03891   0.03130   0.00000   0.00000   0.00900   0.16243   0.00000   0.02659   0.03761   0.08381   0.17593   0.00000   0.00000   0.15474   0.14480   0.36361   0.23575   0.62256   0.58563   0.69702  
192  0.0112  12372.663221  x:  1.01653   0.00000   0.00000   1.38238   0.00000   0.27281   0.17424   0.06729   0.03422   0.34284   0.45984   0.00527   0.00000   0.00000   0.11822   0.11580   0.05016   0.02004   0.09030   0.25150   0.29032   0.19209   0.00000   0.00000   0.00000   0.00000   0.00520   0.00000   0.00521   0.00000   0.11730   0.01116   0.05173   0.15001   0.16073   0.01006   0.05432   0.06591   0.13998   0.14212   0.45172   0.09036   0.20752   0.13611   0.00973   0.00000   0.00000   0.23871   0.74863   0.28009   0.05627   0.15129   0.13204   0.19425   0.01041   0.00000   0.00552   0.04158   0.02547   0.26706   0.19904   0.29159   0.26130   0.00000   0.12392   0.08479   0.02286   0.04681   0.00000   0.00781   0.00070   0.12443   0.12273   0.10773   0.23062   0.00000   0.00690   0.18370   0.23352   0.02210   0.20174   0.02547   0.00289   0.37467   0.00000   0.09317   0.03137   0.05342   0.03656   0.05823   0.24640   0.00532   0.00000   0.02981   0.03630   0.12182   0.14622   0.23093   0.18498   0.29586   0.35452   0.18956   0.20318   0.00000   0.19113   0.41991   0.11950   0.25764   0.11115   0.02453   0.02241   0.10268   0.06571   0.02182   0.40348   0.00600   0.00000   0.11534   0.00000   0.06327   0.07209   0.00768   0.06653   0.03470   0.04570   0.11964   0.07690   0.01501   0.01694   0.01446   0.03891   0.03130   0.00000   0.00000   0.00900   0.16243   0.00000   0.02659   0.03761   0.08381   0.17593   0.00000   0.00000   0.15474   0.14480   0.36361   0.23575   0.62256   0.58563   0.69702  
193  0.0027  12372.663221  x:  1.01653   0.00000   0.00000   1.38237   0.00000   0.27281   0.17424   0.06729   0.03421   0.34284   0.45984   0.00527   0.00000   0.00000   0.11822   0.11580   0.05016   0.02004   0.09030   0.25150   0.29032   0.19208   0.00000   0.00000   0.00000   0.00000   0.00520   0.00000   0.00521   0.00000   0.11730   0.01116   0.05173   0.15001   0.16073   0.01006   0.05432   0.06591   0.13998   0.14212   0.45172   0.09036   0.20752   0.13611   0.00973   0.00000   0.00000   0.23871   0.74863   0.28008   0.05627   0.15129   0.13204   0.19425   0.01041   0.00000   0.00552   0.04158   0.02547   0.26707   0.19904   0.29159   0.26130   0.00000   0.12392   0.08479   0.02286   0.04681   0.00000   0.00781   0.00070   0.12443   0.12273   0.10773   0.23062   0.00000   0.00690   0.18370   0.23352   0.02210   0.20174   0.02547   0.00289   0.37467   0.00000   0.09317   0.03137   0.05342   0.03656   0.05823   0.24640   0.00532   0.00000   0.02981   0.03630   0.12182   0.14622   0.23093   0.18497   0.29586   0.35452   0.18956   0.20318   0.00000   0.19113   0.41991   0.11950   0.25763   0.11115   0.02453   0.02241   0.10268   0.06571   0.02182   0.40348   0.00600   0.00000   0.11534   0.00000   0.06327   0.07209   0.00768   0.06653   0.03470   0.04570   0.11964   0.07690   0.01501   0.01694   0.01446   0.03891   0.03130   0.00000   0.00000   0.00900   0.16243   0.00000   0.02659   0.03761   0.08381   0.17593   0.00000   0.00000   0.15474   0.14480   0.36361   0.23575   0.62256   0.58563   0.69702  
194  0.0007  12372.663221  x:  1.01649   0.00000   0.00000   1.38233   0.00000   0.27281   0.17423   0.06730   0.03423   0.34282   0.45986   0.00527   0.00000   0.00000   0.11822   0.11580   0.05016   0.02004   0.09030   0.25150   0.29032   0.19209   0.00000   0.00000   0.00000   0.00000   0.00520   0.00000   0.00521   0.00000   0.11730   0.01116   0.05173   0.15001   0.16073   0.01006   0.05432   0.06591   0.13998   0.14212   0.45172   0.09036   0.20752   0.13611   0.00973   0.00000   0.00000   0.23871   0.74862   0.28008   0.05627   0.15129   0.13204   0.19425   0.01041   0.00000   0.00552   0.04158   0.02546   0.26707   0.19904   0.29159   0.26130   0.00000   0.12392   0.08479   0.02286   0.04681   0.00000   0.00781   0.00070   0.12443   0.12273   0.10773   0.23062   0.00000   0.00690   0.18370   0.23351   0.02210   0.20174   0.02547   0.00290   0.37468   0.00000   0.09317   0.03137   0.05342   0.03656   0.05823   0.24641   0.00531   0.00000   0.02981   0.03630   0.12182   0.14622   0.23093   0.18497   0.29586   0.35452   0.18956   0.20318   0.00000   0.19112   0.41991   0.11951   0.25764   0.11115   0.02453   0.02241   0.10268   0.06571   0.02182   0.40347   0.00600   0.00000   0.11534   0.00000   0.06327   0.07209   0.00768   0.06653   0.03470   0.04570   0.11964   0.07690   0.01500   0.01695   0.01446   0.03891   0.03130   0.00000   0.00000   0.00900   0.16242   0.00000   0.02659   0.03761   0.08381   0.17593   0.00000   0.00000   0.15474   0.14480   0.36362   0.23575   0.62256   0.58562   0.69702  
195  0.0011  12372.663220  x:  1.01648   0.00000   0.00000   1.38231   0.00000   0.27281   0.17423   0.06729   0.03421   0.34282   0.45986   0.00527   0.00000   0.00000   0.11822   0.11580   0.05016   0.02004   0.09030   0.25150   0.29032   0.19209   0.00000   0.00000   0.00000   0.00000   0.00520   0.00000   0.00521   0.00000   0.11729   0.01116   0.05173   0.15001   0.16073   0.01006   0.05432   0.06591   0.13998   0.14212   0.45172   0.09036   0.20752   0.13611   0.00973   0.00000   0.00000   0.23871   0.74862   0.28008   0.05627   0.15129   0.13204   0.19426   0.01041   0.00000   0.00552   0.04158   0.02546   0.26706   0.19904   0.29159   0.26130   0.00000   0.12392   0.08479   0.02286   0.04681   0.00000   0.00781   0.00070   0.12443   0.12273   0.10773   0.23062   0.00000   0.00690   0.18370   0.23351   0.02210   0.20174   0.02547   0.00290   0.37468   0.00000   0.09317   0.03137   0.05342   0.03656   0.05823   0.24640   0.00531   0.00000   0.02981   0.03630   0.12181   0.14622   0.23093   0.18497   0.29586   0.35452   0.18956   0.20318   0.00000   0.19113   0.41991   0.11951   0.25764   0.11115   0.02453   0.02241   0.10268   0.06571   0.02182   0.40346   0.00601   0.00000   0.11534   0.00000   0.06327   0.07209   0.00768   0.06653   0.03470   0.04570   0.11964   0.07690   0.01500   0.01695   0.01447   0.03891   0.03130   0.00000   0.00000   0.00900   0.16242   0.00000   0.02658   0.03761   0.08381   0.17593   0.00000   0.00000   0.15474   0.14480   0.36362   0.23575   0.62256   0.58562   0.69702  
196  0.0205  12372.663220  x:  1.01648   0.00000   0.00000   1.38231   0.00000   0.27281   0.17423   0.06729   0.03422   0.34282   0.45986   0.00527   0.00000   0.00000   0.11822   0.11580   0.05016   0.02004   0.09030   0.25150   0.29032   0.19209   0.00000   0.00000   0.00000   0.00000   0.00520   0.00000   0.00521   0.00000   0.11729   0.01116   0.05173   0.15001   0.16073   0.01006   0.05432   0.06591   0.13998   0.14212   0.45172   0.09036   0.20752   0.13611   0.00973   0.00000   0.00000   0.23871   0.74862   0.28008   0.05627   0.15129   0.13204   0.19426   0.01041   0.00000   0.00552   0.04158   0.02546   0.26706   0.19904   0.29159   0.26130   0.00000   0.12392   0.08479   0.02286   0.04681   0.00000   0.00781   0.00070   0.12443   0.12273   0.10773   0.23062   0.00000   0.00690   0.18370   0.23351   0.02210   0.20174   0.02547   0.00290   0.37468   0.00000   0.09317   0.03137   0.05342   0.03656   0.05823   0.24640   0.00531   0.00000   0.02981   0.03630   0.12181   0.14622   0.23093   0.18497   0.29586   0.35452   0.18956   0.20318   0.00000   0.19113   0.41991   0.11951   0.25764   0.11115   0.02453   0.02241   0.10268   0.06571   0.02182   0.40346   0.00601   0.00000   0.11534   0.00000   0.06327   0.07209   0.00768   0.06653   0.03470   0.04570   0.11964   0.07690   0.01500   0.01695   0.01447   0.03891   0.03130   0.00000   0.00000   0.00900   0.16242   0.00000   0.02658   0.03761   0.08381   0.17593   0.00000   0.00000   0.15474   0.14480   0.36362   0.23575   0.62256   0.58562   0.69702  
197  0.0034  12372.663220  x:  1.01648   0.00000   0.00000   1.38231   0.00000   0.27281   0.17423   0.06729   0.03422   0.34282   0.45986   0.00527   0.00000   0.00000   0.11822   0.11580   0.05016   0.02004   0.09030   0.25150   0.29032   0.19209   0.00000   0.00000   0.00000   0.00000   0.00520   0.00000   0.00521   0.00000   0.11729   0.01116   0.05173   0.15001   0.16073   0.01006   0.05432   0.06591   0.13998   0.14212   0.45172   0.09036   0.20752   0.13611   0.00973   0.00000   0.00000   0.23871   0.74862   0.28008   0.05627   0.15129   0.13204   0.19426   0.01041   0.00000   0.00552   0.04158   0.02546   0.26706   0.19904   0.29159   0.26130   0.00000   0.12392   0.08479   0.02286   0.04681   0.00000   0.00781   0.00070   0.12443   0.12273   0.10773   0.23062   0.00000   0.00690   0.18370   0.23351   0.02210   0.20174   0.02547   0.00290   0.37468   0.00000   0.09317   0.03137   0.05342   0.03656   0.05823   0.24640   0.00531   0.00000   0.02981   0.03630   0.12181   0.14622   0.23093   0.18497   0.29586   0.35452   0.18956   0.20318   0.00000   0.19113   0.41991   0.11951   0.25764   0.11115   0.02453   0.02241   0.10268   0.06571   0.02182   0.40346   0.00601   0.00000   0.11534   0.00000   0.06327   0.07209   0.00768   0.06653   0.03470   0.04570   0.11964   0.07690   0.01500   0.01695   0.01447   0.03891   0.03130   0.00000   0.00000   0.00900   0.16242   0.00000   0.02658   0.03761   0.08381   0.17593   0.00000   0.00000   0.15474   0.14480   0.36362   0.23575   0.62256   0.58562   0.69702  
198  0.0003  12372.663220  x:  1.01648   0.00000   0.00000   1.38231   0.00000   0.27281   0.17423   0.06729   0.03422   0.34282   0.45986   0.00527   0.00000   0.00000   0.11822   0.11580   0.05016   0.02004   0.09030   0.25150   0.29032   0.19209   0.00000   0.00000   0.00000   0.00000   0.00520   0.00000   0.00521   0.00000   0.11729   0.01116   0.05173   0.15001   0.16073   0.01006   0.05432   0.06591   0.13998   0.14212   0.45172   0.09036   0.20752   0.13611   0.00973   0.00000   0.00000   0.23871   0.74862   0.28008   0.05627   0.15129   0.13204   0.19426   0.01041   0.00000   0.00552   0.04158   0.02546   0.26706   0.19904   0.29159   0.26130   0.00000   0.12392   0.08479   0.02286   0.04681   0.00000   0.00781   0.00070   0.12443   0.12273   0.10773   0.23062   0.00000   0.00690   0.18370   0.23351   0.02210   0.20174   0.02547   0.00290   0.37468   0.00000   0.09317   0.03137   0.05342   0.03656   0.05823   0.24640   0.00531   0.00000   0.02981   0.03630   0.12181   0.14622   0.23093   0.18497   0.29586   0.35452   0.18956   0.20318   0.00000   0.19113   0.41991   0.11951   0.25764   0.11115   0.02453   0.02241   0.10268   0.06571   0.02182   0.40346   0.00601   0.00000   0.11534   0.00000   0.06327   0.07209   0.00768   0.06653   0.03470   0.04570   0.11964   0.07690   0.01500   0.01695   0.01447   0.03891   0.03130   0.00000   0.00000   0.00900   0.16242   0.00000   0.02658   0.03761   0.08381   0.17593   0.00000   0.00000   0.15474   0.14480   0.36362   0.23575   0.62256   0.58562   0.69702  
199  0.0001  12372.663220  x:  1.01647   0.00000   0.00000   1.38231   0.00000   0.27281   0.17423   0.06729   0.03422   0.34281   0.45986   0.00527   0.00000   0.00000   0.11822   0.11580   0.05016   0.02004   0.09030   0.25150   0.29032   0.19208   0.00000   0.00000   0.00000   0.00000   0.00520   0.00000   0.00521   0.00000   0.11729   0.01116   0.05173   0.15001   0.16073   0.01006   0.05432   0.06591   0.13998   0.14212   0.45172   0.09036   0.20752   0.13611   0.00973   0.00000   0.00000   0.23871   0.74862   0.28009   0.05627   0.15129   0.13204   0.19426   0.01041   0.00000   0.00552   0.04158   0.02546   0.26706   0.19904   0.29159   0.26130   0.00000   0.12392   0.08479   0.02286   0.04681   0.00000   0.00781   0.00070   0.12443   0.12273   0.10773   0.23062   0.00000   0.00690   0.18370   0.23351   0.02210   0.20174   0.02547   0.00290   0.37468   0.00000   0.09317   0.03137   0.05342   0.03656   0.05823   0.24640   0.00531   0.00000   0.02981   0.03630   0.12181   0.14622   0.23093   0.18497   0.29586   0.35452   0.18956   0.20318   0.00000   0.19113   0.41991   0.11951   0.25764   0.11115   0.02453   0.02241   0.10267   0.06571   0.02182   0.40346   0.00601   0.00000   0.11534   0.00000   0.06327   0.07209   0.00768   0.06653   0.03470   0.04570   0.11964   0.07690   0.01500   0.01695   0.01447   0.03891   0.03130   0.00000   0.00000   0.00900   0.16242   0.00000   0.02658   0.03761   0.08381   0.17593   0.00000   0.00000   0.15474   0.14480   0.36362   0.23575   0.62256   0.58562   0.69702  
200  0.0003  12372.663220  x:  1.01647   0.00000   0.00000   1.38231   0.00000   0.27281   0.17423   0.06729   0.03422   0.34281   0.45986   0.00527   0.00000   0.00000   0.11822   0.11580   0.05016   0.02004   0.09030   0.25150   0.29032   0.19209   0.00000   0.00000   0.00000   0.00000   0.00520   0.00000   0.00521   0.00000   0.11729   0.01116   0.05173   0.15001   0.16073   0.01006   0.05432   0.06591   0.13998   0.14212   0.45172   0.09036   0.20752   0.13611   0.00973   0.00000   0.00000   0.23871   0.74862   0.28008   0.05627   0.15129   0.13204   0.19426   0.01041   0.00000   0.00552   0.04158   0.02546   0.26706   0.19904   0.29159   0.26130   0.00000   0.12392   0.08479   0.02286   0.04681   0.00000   0.00781   0.00070   0.12443   0.12273   0.10773   0.23062   0.00000   0.00690   0.18370   0.23351   0.02210   0.20174   0.02547   0.00290   0.37468   0.00000   0.09317   0.03137   0.05342   0.03656   0.05823   0.24640   0.00531   0.00000   0.02981   0.03630   0.12181   0.14622   0.23093   0.18497   0.29586   0.35452   0.18956   0.20318   0.00000   0.19113   0.41991   0.11951   0.25764   0.11114   0.02453   0.02241   0.10267   0.06571   0.02182   0.40346   0.00601   0.00000   0.11534   0.00000   0.06327   0.07209   0.00768   0.06653   0.03470   0.04570   0.11964   0.07690   0.01500   0.01695   0.01447   0.03891   0.03130   0.00000   0.00000   0.00900   0.16242   0.00000   0.02658   0.03761   0.08381   0.17593   0.00000   0.00000   0.15474   0.14480   0.36362   0.23575   0.62255   0.58562   0.69702  
201  0.0028  12372.663220  x:  1.01647   0.00000   0.00000   1.38231   0.00000   0.27281   0.17423   0.06729   0.03422   0.34281   0.45986   0.00527   0.00000   0.00000   0.11822   0.11580   0.05016   0.02004   0.09030   0.25150   0.29032   0.19209   0.00000   0.00000   0.00000   0.00000   0.00520   0.00000   0.00521   0.00000   0.11729   0.01116   0.05173   0.15001   0.16073   0.01006   0.05432   0.06591   0.13998   0.14212   0.45172   0.09036   0.20752   0.13611   0.00973   0.00000   0.00000   0.23871   0.74862   0.28008   0.05627   0.15129   0.13204   0.19426   0.01041   0.00000   0.00552   0.04158   0.02546   0.26706   0.19904   0.29159   0.26130   0.00000   0.12392   0.08479   0.02286   0.04681   0.00000   0.00781   0.00070   0.12443   0.12273   0.10773   0.23062   0.00000   0.00690   0.18370   0.23351   0.02210   0.20174   0.02547   0.00290   0.37468   0.00000   0.09317   0.03137   0.05342   0.03656   0.05823   0.24640   0.00531   0.00000   0.02981   0.03630   0.12181   0.14622   0.23093   0.18497   0.29586   0.35452   0.18956   0.20318   0.00000   0.19113   0.41991   0.11951   0.25764   0.11114   0.02453   0.02241   0.10267   0.06571   0.02182   0.40346   0.00601   0.00000   0.11534   0.00000   0.06327   0.07209   0.00768   0.06653   0.03470   0.04570   0.11964   0.07690   0.01500   0.01695   0.01447   0.03891   0.03130   0.00000   0.00000   0.00900   0.16242   0.00000   0.02658   0.03761   0.08381   0.17593   0.00000   0.00000   0.15474   0.14480   0.36362   0.23575   0.62255   0.58562   0.69702  