GA	Syrmik	LTR	ERVL	DR0203857	QGNR01000005.1:15758166-15758695-	QGNR01000048.1:3674739-3675229-	18	74	0	158,163,169,171,180,181	120,125,131,133,143,144	1	4,5,6,7,8,9	25	25	484	18|12|5|3|0|6|12|10|0|4|1|3
GA	Syrmik	LTR	ERVL	DR0203859	QGNR01000001.1:7465460-7465963-	QGNR01000107.1:291320-291833+	11	75	0	160,166,171,172,177	160,166,171,172,177	1	3,4,5,6,7	18	18	465	11|12|3|4|3|6|10|12|2|2|4|6
GA	Syrmik	LTR	ERVL	DR0203890	QGNR01000033.1:8888397-8891412-	QGNR01000181.1:156212-160524-	84	335	0	1219,1229,1237,1246,1252	1266,1276,1284,1294,1300	1	23,24,25,26,27	35	35	2719	84|32|7|12|13|17|59|58|17|11|14|11
GA	Syrmik	LTR	ERVL	DR0203915	QGNR01000001.1:1141744-1142304+	QGNR01000206.1:24684-25253+	8	43	0	173,176,197,221,244	173,176,202,227,250	1	3,4,5,6,7	78	78	548	8|5|4|6|2|0|4|7|5|0|0|2
GA	Syrmik	LTR	ERVL	DR0203866	QGNR01000015.1:14596075-14599150+	QGNR01000058.1:333453-338455+	78	325	0	556,561,564,573,576	1431,1436,1439,1448,1451	1	10,11,12,13,14	21	21	3054	78|67|9|8|8|10|54|54|9|7|9|12
GA	Syrmik	LTR	ERVL	DR0203876	QGNR01000001.1:2047983-2048674+	QGNR01000018.1:5776195-5777089+	16	59	0	129,131,135,140,216	129,131,135,140,215	1	2,3,4,5,6	87	87	678	16|11|2|6|2|2|4|4|3|1|2|6
GA	Syrmik	LTR	ERVL	DR0203866	QGNR01000015.1:14596075-14599150+	QGNR01000152.1:468288-470995+	64	304	0	1991,1993,1994,1997,1998,2004	623,625,626,629,630,636	1	25,26,27,28,29,30	14	14	1675	64|69|8|8|16|7|56|43|9|7|7|10
GA	Syrmik	LTR	ERVL	DR0203890	QGNR01000058.1:3077194-3079207+	QGNR01000181.1:156212-160524-	31	139	0	1179,1181,1191,1197,1203	1704,1706,1716,1722,1728	1	14,15,16,17,18	25	25	1016	31|15|3|8|9|10|22|22|7|4|5|3
GA	Syrmik	LTR	ERVL	DR0203912	QGNR01000001.1:32301072-32301547-	QGNR01000001.1:32770475-32770929-	6	10	0	104,142,193,71,94	104,142,193,71,94	1	2,3,4,5,6	123	123	202	6|2|0|0|0|0|0|1|0|0|0|1
GA	Syrmik	LTR	ERVL	DR0203866	QGNR01000016.1:14472566-14474720+	QGNR01000058.1:333453-338455+	60	297	0	34,46,48,52,58	550,562,564,568,574	1	1,2,3,4,5	25	25	2162	60|49|9|8|10|11|56|62|5|10|9|8
GA	Syrmik	LTR	ERVL	DR0203876	QGNR01000001.1:2047983-2048674+	QGNR01000004.1:18089606-18090552-	10	28	0	223,237,252,294,300	223,237,252,294,299	1	5,6,7,8,9	77	77	394	10|2|3|1|0|1|4|3|0|2|1|1
GA	Syrmik	LTR	ERVL	DR0203876	QGNR01000001.1:2047983-2048674+	QGNR01000068.1:3149755-3150631-	20	48	0	246,252,294,309,312,317	196,202,244,259,262,267	1	7,8,9,10,11,12	72	72	557	20|7|3|2|2|0|4|3|3|1|1|2
GA	Syrmik	LTR	ERVL	DR0203876	QGNR01000001.1:2047983-2048674+	QGNR01000218.1:80068-80828+	10	33	0	237,246,255,267,268	241,250,259,271,272	1	6,7,8,9,10	32	32	337	10|5|0|2|1|0|6|3|2|1|1|2
GA	Syrmik	LTR	ERVL	DR0203890	QGNR01000068.1:2911355-2913413-	QGNR01000181.1:156212-160524-	47	222	0	611,618,624,625,630	1709,1716,1722,1723,1728	1	13,14,15,16,17	20	20	1754	47|29|4|5|9|11|45|41|5|10|10|6
GA	Syrmik	LTR	ERVL	DR0203890	QGNR01000068.1:2911355-2913413-	QGNR01000106.1:1255940-1258585+	34	198	0	1142,1198,1200,1202,1204	1627,1681,1683,1685,1687	1	14,15,16,17,18	61	61	1683	34|31|7|2|10|6|33|32|8|11|13|11
GA	Syrmik	LTR	ERVL	DR0203884	QGNR01000001.1:4346691-4347148+	QGNR01000033.1:9031082-9031614-	9	32	0	28,34,57,59,67	23,29,52,54,62	1	1,2,3,4,5	40	40	433	9|4|2|0|1|1|3|7|0|2|0|3
GA	Syrmik	LTR	ERVL	DR0203861	QGNR01000001.1:4880852-4886728-	QGNR01000090.1:1859892-1862546-	22	157	0	5454,5463,5467,5469,5472	2231,2240,2244,2246,2249	1	12,13,14,15,16	19	19	1239	22|28|5|4|3|6|33|30|6|7|8|5
GA	Syrmik	LTR	ERVL	DR0203837	QGNR01000001.1:10730840-10731186+	QGNR01000025.1:6616725-6617064-	8	61	0	114,116,152,154,157	114,116,152,154,157	1	2,3,4,5,6	44	44	336	8|9|3|2|1|2|14|11|1|1|5|4
GA	Syrmik	LTR	ERVL	DR0203891	QGNR01000205.1:238078-238923+	QGNR01000508.1:237-526-	6	10	0	104,129,47,78,98	192,223,243,249,274	1	2,3,4,5,6	83	83	141	6|2|0|0|0|1|1|0|0|0|0|0
GA	Syrmik	LTR	ERVL	DR0203866	QGNR01000048.1:10308762-10310628+	QGNR01000152.1:468288-470995+	56	329	0	109,111,112,115,116,122	623,625,626,629,630,636	1	6,7,8,9,10,11	14	14	1664	56|84|5|10|16|15|54|45|12|8|13|11
GA	Syrmik	LTR	ERVL	DR0203876	QGNR01000001.1:2329653-2330068-	QGNR01000033.1:8578369-8579305+	12	31	0	184,192,197,205,234,243	705,713,718,726,755,764	1	5,6,7,8,9,10	60	60	415	12|8|1|1|3|2|0|3|0|1|0|0
GA	Syrmik	LTR	ERVL	DR0203876	QGNR01000001.1:2329653-2330068-	QGNR01000004.1:24572322-24573213+	14	29	0	118,139,165,176,78	556,596,617,645,656	1	2,3,4,5,6	101	101	407	14|10|1|2|1|0|0|1|0|0|0|0
GA	Syrmik	LTR	ERVL	DR0203876	QGNR01000001.1:2329653-2330068-	QGNR01000068.1:3373540-3374479+	14	34	0	104,118,165,184,189,91	608,621,635,684,703,708	1	2,3,4,5,6,7	101	101	418	14|14|2|0|1|1|0|2|0|0|0|0
GA	Syrmik	LTR	ERVL	DR0203876	QGNR01000001.1:2329653-2330068-	QGNR01000033.1:10959039-10959886+	14	32	0	189,192,197,199,205	624,627,632,634,640	1	5,6,7,8,9	17	17	416	14|8|2|3|2|1|1|0|0|0|0|1
GA	Syrmik	LTR	ERVL	DR0203876	QGNR01000001.1:2329653-2330068-	QGNR01000076.1:4617988-4618511-	16	40	0	162,176,189,192,197,199,201	274,288,301,304,309,311,313	1	6,7,8,9,10,11,12	40	40	412	16|11|2|3|3|2|0|1|1|0|0|0
GA	Syrmik	LTR	ERVL	DR0203876	QGNR01000001.1:2329653-2330068-	QGNR01000001.1:35811263-35812160-	15	44	0	176,184,189,192,197,205	660,668,673,676,681,689	1	3,4,5,6,7,8	30	30	415	15|14|1|3|2|2|2|4|0|0|0|1
GA	Syrmik	LTR	ERVL	DR0203876	QGNR01000001.1:2329653-2330068-	QGNR01000029.1:10992366-10993258-	13	49	0	189,192,205,224,234	667,670,683,702,712	1	6,7,8,9,10	46	46	410	13|16|1|4|0|3|4|6|0|0|1|1
GA	Syrmik	LTR	ERVL	DR0203890	QGNR01000122.1:189869-191635-	QGNR01000151.1:316717-321255-	55	221	0	233,237,243,249,250	3351,3355,3362,3368,3369	1	11,12,13,14,15	19	19	1398	55|35|13|6|10|10|32|27|7|7|5|14
GA	Syrmik	LTR	ERVL	DR0203912	QGNR01000002.1:3275806-3276335+	QGNR01000430.1:37814-39611-	11	49	0	453,459,486,493,501	1721,1727,1754,1761,1769	1	6,7,8,9,10	49	49	516	11|8|2|5|1|3|5|9|0|1|3|1
GA	Syrmik	LTR	ERVL	DR0203912	QGNR01000002.1:3275806-3276335+	QGNR01000024.1:9807487-9807997-	12	49	0	461,470,481,486,493,495,496	442,451,462,467,474,476,477	1	6,7,8,9,10,11,12	36	36	518	12|11|2|2|0|1|7|9|1|3|1|0
GA	Syrmik	LTR	ERVL	DR0203926	QGNR01000001.1:2812998-2813485-	QGNR01000001.1:2944443-2944826+	10	19	0	232,241,244,247,260,262	183,192,195,198,211,213	1	4,5,6,7,8,9	31	31	215	10|2|1|0|2|0|1|1|0|0|2|0
GA	Syrmik	LTR	ERVL	DR0203833	QGNR01000001.1:2082498-2083296-	QGNR01000076.1:3721516-3722348-	24	95	0	227,228,236,254,255	245,246,254,266,267	1	8,9,10,11,12	23	23	815	24|15|4|5|7|2|13|11|6|2|1|5
GA	Syrmik	LTR	ERVL	DR0203859	QGNR01000006.1:20519489-20520029+	QGNR01000244.1:19797-20297+	16	77	0	44,57,62,66,69	44,57,62,66,69	1	2,3,4,5,6	26	26	520	16|10|1|1|2|3|10|11|6|4|6|7
GA	Syrmik	LTR	ERVL	DR0203890	QGNR01000181.1:156212-160524-	QGNR01001100.1:3580-4509+	18	96	0	2160,2172,2180,2184,2194	472,484,492,496,506	1	3,4,5,6,7	35	35	773	18|17|5|1|5|6|16|16|1|0|3|8
GA	Syrmik	LTR	ERVL	DR0203890	QGNR01000181.1:156212-160524-	QGNR01000373.1:18260-18922+	19	89	0	2160,2172,2181,2184,2194	515,527,536,539,549	1	13,14,15,16,17	35	35	659	19|13|4|4|3|2|19|8|1|5|5|6
GA	Syrmik	LTR	ERVL	DR0203866	QGNR01000094.1:1614481-1614661-	QGNR01000138.1:378130-382155-	5	16	0	25,28,63,66,81	2527,2530,2565,2568,2582	1	1,2,3,4,5	56	56	179	5|0|0|2|0|1|3|3|0|0|2|0
GA	Syrmik	LTR	ERVL	DR0203861	QGNR01000001.1:21260906-21265650+	QGNR01000227.1:138967-144852-	38	314	0	2569,2578,2584,2587,2593	3690,3699,3705,3708,3714	1	7,8,9,10,11	25	25	2776	38|64|7|16|7|8|83|41|7|7|20|16
GA	Syrmik	LTR	ERVL	DR0203833	QGNR01000001.1:2638923-2639689+	QGNR01000011.1:21522896-21523715+	21	94	0	339,342,358,374,376	354,357,373,389,391	1	10,11,12,13,14	38	38	736	21|4|7|4|2|4|14|19|6|4|6|3
GA	Syrmik	LTR	ERVL	DR0203861	QGNR01000001.1:21260906-21265650+	QGNR01000093.1:320470-324076-	21	95	0	1454,1520,1544,1546,1567,1575	409,475,498,500,521,529	1	8,9,10,11,12,13	121	121	934	21|23|5|4|1|1|23|10|2|2|1|2
GA	Syrmik	LTR	ERVL	DR0203833	QGNR01000001.1:2638923-2639689+	QGNR01000043.1:1168833-1169634+	24	103	0	339,342,358,374,376	332,335,351,367,369	1	9,10,11,12,13	38	38	727	24|8|4|4|5|4|14|17|8|4|4|7
GA	Syrmik	LTR	ERVL	DR0203833	QGNR01000001.1:2638923-2639689+	QGNR01000043.1:446581-447401+	14	67	0	267,271,273,274,278	254,258,260,261,265	1	3,4,5,6,7	12	12	603	14|6|3|4|5|6|10|7|4|3|4|1
GA	Syrmik	LTR	ERVL	DR0203917	QGNR01000001.1:8921923-8922431+	QGNR01000047.1:6953828-6954350-	10	63	0	62,63,64,66,71	62,63,64,66,71	1	1,2,3,4,5	10	10	500	10|15|2|5|2|5|7|9|2|2|0|4
GA	Syrmik	LTR	ERVL	DR0203861	QGNR01000001.1:21260906-21265650+	QGNR01000058.1:1467617-1472737+	83	374	0	1045,1046,1049,1056,1058	1384,1385,1388,1395,1397	1	35,36,37,38,39	14	14	1854	83|57|8|16|12|18|71|59|6|5|17|22
GA	Syrmik	LTR	ERVL	DR0203926	QGNR01000001.1:20904049-20904333+	QGNR01000004.1:24499676-24500381-	10	30	0	173,176,179,183,189	172,175,178,182,188	1	4,5,6,7,8	17	17	282	10|4|2|1|0|0|5|4|0|2|1|0
GA	Syrmik	LTR	ERVL	DR0203861	QGNR01000001.1:21260906-21265650+	QGNR01000016.1:14927396-14929643-	50	225	0	2785,2790,2801,2805,2817	250,255,266,270,282	1	9,10,11,12,13	33	33	2217	50|49|5|5|7|7|45|35|3|2|9|8
GA	Syrmik	LTR	ERVL	DR0203833	QGNR01000001.1:2638923-2639689+	QGNR01000612.1:3611-4397-	18	86	0	321,351,358,374,376	321,337,344,360,362	1	7,8,9,10,11	42	42	717	18|7|3|2|4|5|12|14|4|5|5|7
GA	Syrmik	LTR	ERVL	DR0203926	QGNR01000001.1:20904049-20904333+	QGNR01000002.1:19792777-19793185-	12	37	0	218,223,239,273,277	221,226,242,276,281	1	8,9,10,11,12	61	61	286	12|5|2|0|1|2|4|6|0|2|1|1
GA	Syrmik	LTR	ERVL	DR0203876	QGNR01000001.1:2822355-2822744-	QGNR01000022.1:11363312-11364083-	14	50	0	174,180,183,184,190	172,178,181,182,188	1	7,8,9,10,11	17	17	385	14|11|1|2|1|2|6|8|0|4|1|0
GA	Syrmik	LTR	ERVL	DR0203876	QGNR01000001.1:2822355-2822744-	QGNR01000034.1:7262455-7263387-	13	55	0	174,177,180,189,190	171,174,177,186,187	1	6,7,8,9,10	17	17	385	13|8|1|2|3|3|8|9|1|2|1|4
GA	Syrmik	LTR	ERVL	DR0203912	QGNR01000006.1:3642236-3642490-	QGNR01029316.1:215-529-	7	9	0	125,174,175,177,180	196,255,256,258,261	1	3,4,5,6,7	66	66	205	7|1|0|0|0|0|0|1|0|0|0|0
GA	Syrmik	LTR	ERVL	DR0203876	QGNR01000001.1:2822355-2822744-	QGNR01000071.1:4895412-4896238+	14	57	0	174,180,181,189,190,202	167,173,174,182,183,195	1	5,6,7,8,9,10	29	29	385	14|9|2|4|3|3|8|5|1|4|2|2
GA	Syrmik	LTR	ERVL	DR0203876	QGNR01000001.1:2822355-2822744-	QGNR01000114.1:2002269-2003047+	16	54	0	174,180,182,184,189,190,191	168,174,176,178,183,184,185	1	6,7,8,9,10,11,12	18	18	381	16|12|2|2|3|2|8|4|0|3|2|0
GA	Syrmik	LTR	ERVL	DR0203876	QGNR01000001.1:2822355-2822744-	QGNR01000004.1:38700793-38701667-	12	51	0	174,177,180,189,190	171,174,177,186,187	1	3,4,5,6,7	17	17	382	12|8|1|2|3|1|8|8|1|4|2|1
GA	Syrmik	LTR	ERVL	DR0203876	QGNR01000001.1:2822355-2822744-	QGNR01000031.1:628619-629432-	20	63	0	174,177,180,189,190	168,171,174,183,184	1	10,11,12,13,14	17	17	383	20|8|2|3|3|4|8|8|1|4|0|2
GA	Syrmik	LTR	ERVL	DR0203876	QGNR01000001.1:2822355-2822744-	QGNR01000075.1:609955-610805-	15	63	0	171,174,180,189,190,197	168,171,177,186,187,194	1	5,6,7,8,9,10	27	27	385	15|9|2|3|2|2|5|11|3|4|2|5
GA	Syrmik	LTR	ERVL	DR0203876	QGNR01000001.1:2822355-2822744-	QGNR01000034.1:7572074-7572972-	8	23	0	174,180,189,190,191	172,178,187,188,189	1	4,5,6,7,8	18	18	213	8|5|2|1|0|0|1|3|0|2|1|0
GA	Syrmik	LTR	ERVL	DR0203876	QGNR01000001.1:2822355-2822744-	QGNR01000022.1:16123438-16124369+	11	38	0	174,180,189,190,195	119,125,134,135,140	1	2,3,4,5,6	22	22	266	11|4|0|3|2|1|7|4|1|2|0|3
GA	Syrmik	LTR	ERVL	DR0203861	QGNR01000001.1:21260906-21265650+	QGNR01000090.1:1859892-1862546-	22	163	0	4334,4346,4348,4350,4353	2231,2242,2244,2246,2249	1	15,16,17,18,19	19	19	1369	22|38|4|5|6|8|26|27|3|5|8|11
GA	Syrmik	LTR	ERVL	DR0203938	QGNR01000001.1:11358376-11358908-	QGNR01000090.1:1755385-1755935-	18	45	0	416,456,462,464,465,473	418,459,465,467,468,476	1	8,9,10,11,12,13	59	59	533	18|5|3|1|2|3|3|9|1|0|0|0
GA	Syrmik	LTR	ERVL	DR0203915	QGNR01000023.1:19646-20177+	QGNR01000058.1:4110972-4111556-	15	45	0	209,227,244,265,267,287,294	220,234,251,272,274,294,301	1	6,7,8,9,10,11,12	82	82	518	15|9|2|2|2|2|4|6|2|0|0|1
GA	Syrmik	LTR	ERVL	DR0203866	QGNR01000138.1:378130-382155-	QGNR01002487.1:0-2018-	48	301	0	2681,2693,2711,2713,2740	1203,1215,1233,1235,1262	1	28,29,30,31,32	60	60	2008	48|54|8|11|19|12|63|50|6|8|12|10
GA	Syrmik	LTR	ERVL	DR0203866	QGNR01000138.1:378130-382155-	QGNR01000152.1:468288-470995+	67	417	0	1929,1931,1932,1935,1936,1942	623,625,626,629,630,636	1	22,23,24,25,26,27	14	14	2171	67|87|14|11|16|20|79|62|19|8|16|18
GA	Syrmik	LTR	ERVL	DR0203915	QGNR01000023.1:19646-20177+	QGNR01000094.1:1516455-1517007-	20	63	0	240,244,265,267,287	251,255,276,278,298	1	11,12,13,14,15	48	48	529	20|13|4|3|2|3|7|7|0|1|1|2
GA	Syrmik	LTR	ERVL	DR0203938	QGNR01000001.1:11358376-11358908-	QGNR01000039.1:637998-638535+	18	55	0	410,413,436,456,464,473	414,417,440,461,469,478	1	8,9,10,11,12,13	65	65	525	18|11|3|1|2|1|4|10|1|2|1|1
GA	Syrmik	LTR	ERVL	DR0203943	QGNR01000004.1:13686589-13689338+	QGNR01000466.1:31394-34262+	106	495	0	1944,1950,1951,1966,1969	1770,1776,1777,1802,1805	1	75,76,77,78,79	36	36	2287	106|82|7|21|12|24|92|74|14|15|24|24
GA	Syrmik	LTR	ERVL	DR0203935	QGNR01000060.1:247669-249768+	QGNR01000090.1:1865107-1867440-	55	268	0	1356,1357,1358,1381,1385,1394,1402,1420	1570,1571,1572,1595,1599,1608,1616,1634	1	44,45,46,47,48,49,50,51	65	65	1662	55|34|6|18|11|15|52|43|9|4|4|17
GA	Syrmik	LTR	ERVL	DR0203935	QGNR01000060.1:247669-249768+	QGNR01000083.1:2277400-2278518-	23	113	0	1484,1486,1488,1490,1492	526,528,530,532,534	1	18,19,20,21,22	9	9	764	23|5|3|5|5|8|28|20|4|4|3|5
GA	Syrmik	LTR	ERVL	DR0203915	QGNR01000040.1:6382503-6383068-	QGNR01000151.1:2272-2831+	12	66	0	152,154,164,174,179	148,150,160,170,175	1	3,4,5,6,7	28	28	542	12|19|5|4|1|3|6|7|3|3|1|2
GA	Syrmik	LTR	ERVL	DR0203943	QGNR01000019.1:11478775-11479797-	QGNR01000058.1:283128-283603-	23	91	0	436,438,440,446,447	77,79,81,87,88	1	2,3,4,5,6	12	12	474	23|19|4|8|4|2|7|5|3|2|5|9
GA	Syrmik	LTR	ERVL	DR0203848	QGNR01000002.1:6037295-6037643+	QGNR01000017.1:5597361-5597710-	10	47	0	105,110,111,115,117	106,111,112,116,118	1	1,2,3,4,5	13	13	347	10|9|0|2|0|1|9|11|2|0|0|3
GA	Syrmik	LTR	ERVL	DR0203920	QGNR01000076.1:730603-736127-	QGNR01000269.1:49902-51023+	23	132	0	3236,3239,3240,3243,3245	192,195,196,199,201	1	6,7,8,9,10	10	10	1024	23|19|3|7|3|7|31|18|7|2|4|8
GA	Syrmik	LTR	ERVL	DR0203935	QGNR01000076.1:2847701-2853389-	QGNR01000196.1:27360-28691-	27	133	0	4602,4603,4615,4645,4646	308,309,322,353,354	1	11,12,13,14,15	47	47	1061	27|14|8|7|1|10|20|26|4|5|7|4
GA	Syrmik	LTR	ERVL	DR0203920	QGNR01000076.1:730603-736127-	QGNR01000264.1:134773-135314-	16	52	0	2168,2191,2196,2198,2212,2218	176,199,204,206,217,223	1	5,6,7,8,9,10	48	48	520	16|6|0|2|4|2|6|12|1|0|2|1
GA	Syrmik	LTR	ERVL	DR0203943	QGNR01000027.1:17161892-17166215-	QGNR01000090.1:618741-621626+	87	460	0	1717,1724,1727,1739,1741	931,938,941,953,955	1	37,38,39,40,41	25	25	2774	87|80|14|15|16|26|83|79|9|15|15|21
GA	Syrmik	LTR	ERVL	DR0203943	QGNR01000027.1:17161892-17166215-	QGNR01000186.1:133440-136150-	99	555	0	1712,1717,1720,1724,1727,1739,1741	1354,1359,1362,1366,1369,1381,1383	1	57,58,59,60,61,62,63	30	30	2698	99|81|12|20|22|26|114|101|14|17|18|31
GA	Syrmik	LTR	ERVL	DR0203943	QGNR01000027.1:17161892-17166215-	QGNR01000044.1:2451948-2456666-	115	513	0	1016,1019,1030,1033,1034	1017,1020,1031,1034,1035	1	27,28,29,30,31	19	19	2225	115|100|5|22|12|27|83|76|8|17|27|21
GA	Syrmik	LTR	ERVL	DR0203926	QGNR01000001.1:35510942-35511321+	QGNR01000033.1:11391923-11392867-	9	22	0	111,131,138,140,149	161,181,188,190,199	1	2,3,4,5,6	39	39	281	9|3|0|0|0|0|3|2|1|1|2|1
GA	Syrmik	LTR	ERVL	DR0203935	QGNR01000090.1:1865107-1867440-	QGNR01000151.1:138617-140161+	44	257	0	1696,1700,1702,1715,1719,1729	908,912,914,927,931,941	1	26,27,28,29,30,31	34	34	1523	44|38|17|8|7|17|47|39|5|12|10|13
GA	Syrmik	LTR	ERVL	DR0203861	QGNR01000004.1:9028792-9029111+	QGNR01000050.1:1180041-1180365+	8	29	0	109,110,111,71,80	107,108,109,69,78	1	1,2,3,4,5	41	41	242	8|3|3|1|1|1|2|9|0|1|0|0
GA	Syrmik	LTR	ERVL	DR0203942	QGNR01000002.1:18569052-18572820-	QGNR01000432.1:26548-27746+	9	33	0	3111,3114,3125,3152,3174	207,210,221,248,270	1	5,6,7,8,9	64	64	382	9|3|1|3|2|2|5|5|0|1|1|1
GA	Syrmik	LTR	ERVL	DR0203920	QGNR01000106.1:1384035-1386728+	QGNR01000206.1:177973-180370+	11	44	0	2367,2369,2375,2381,2385,2392	1881,1883,1889,1895,1899,1905	1	5,6,7,8,9,10	25	25	416	11|12|2|1|3|1|8|3|0|0|1|2
GA	Syrmik	LTR	ERVL	DR0203935	QGNR01000181.1:154760-155585+	QGNR01000233.1:146450-147928-	21	111	0	582,586,588,590,592	846,850,852,854,856	1	13,14,15,16,17	11	11	772	21|16|5|8|5|7|18|13|3|8|2|5
GA	Syrmik	LTR	ERVL	DR0203935	QGNR01000181.1:154760-155585+	QGNR01000193.1:124299-125610-	29	139	0	582,586,588,590,592,594	618,622,624,626,628,630	1	17,18,19,20,21,22	13	13	812	29|19|7|7|6|13|21|20|5|4|3|5
GA	Syrmik	LTR	ERVL	DR0203938	QGNR01000001.1:25338440-25338970-	QGNR01000090.1:1755385-1755935-	13	41	0	463,464,472,505,508	467,468,476,509,512	1	9,10,11,12,13	46	46	524	13|9|2|0|0|3|5|5|1|1|0|2
GA	Syrmik	LTR	ERVL	DR0203935	QGNR01000193.1:124299-125610-	QGNR01000196.1:27360-28691-	20	96	0	112,117,122,123,135	299,303,308,309,323	1	3,4,5,6,7	25	25	793	20|13|5|2|1|5|15|18|1|3|4|9
GA	Syrmik	LTR	ERVL	DR0203943	QGNR01000058.1:1117626-1120067-	QGNR01000152.1:875506-877678-	33	183	0	927,932,938,943,954,960	111,116,122,127,138,144	1	1,2,3,4,5,6	34	34	1635	33|34|6|7|12|9|29|33|3|4|6|7
GA	Syrmik	LTR	ERVL	DR0203926	QGNR01000001.1:35761475-35762360+	QGNR01000027.1:12913103-12914027-	15	117	0	715,716,718,723,725	713,714,716,721,723	1	9,10,11,12,13	11	11	876	15|15|8|6|9|10|9|22|5|9|3|6
GA	Syrmik	LTR	ERVL	DR0203915	QGNR01000062.1:706571-707136-	QGNR01000151.1:656950-657469-	16	58	0	438,440,443,447,455	386,388,391,395,403	1	11,12,13,14,15	18	18	290	16|15|3|6|3|3|3|7|2|0|0|0
GA	Syrmik	LTR	ERVL	DR0203942	QGNR01000003.1:1845275-1845485+	QGNR01000206.1:172837-174204-	7	21	0	21,23,27,45,47	164,166,170,186,188	1	1,2,3,4,5	25	25	210	7|4|0|0|0|1|1|4|1|1|2|0
GA	Syrmik	LTR	ERVL	DR0203920	QGNR01000181.1:314567-315727+	QGNR01000316.1:17099-18999-	8	20	0	355,402,421,441,445	1233,1280,1299,1319,1323	1	4,5,6,7,8	91	91	483	8|7|1|0|1|0|2|1|0|0|0|0
GA	Syrmik	LTR	ERVL	DR0203915	QGNR01000065.1:4959299-4959814+	QGNR01000067.1:89611-90150+	7	27	0	197,211,225,240,263	191,214,228,243,266	1	2,3,4,5,6	76	76	438	7|5|2|1|3|0|5|2|1|0|0|1
GA	Syrmik	LTR	ERVL	DR0203892	QGNR01000025.1:3031931-3032481-	QGNR01000075.1:1163620-1164080+	14	71	0	101,103,90,93,97	84,87,91,95,97	1	2,3,4,5,6	14	14	468	14|10|2|2|4|4|10|13|2|2|2|6
GA	Syrmik	LTR	ERVL	DR0203884	QGNR01000001.1:32728501-32729112-	QGNR01000027.1:22378971-22379515-	9	21	0	423,429,496,501,504	423,429,496,501,504	1	5,6,7,8,9	82	82	544	9|3|0|0|1|1|2|3|1|1|0|0
GA	Syrmik	LTR	ERVL	DR0203884	QGNR01000001.1:32728501-32729112-	QGNR01000153.1:421-963+	10	23	0	447,470,486,496,504,510	444,467,483,493,501,507	1	5,6,7,8,9,10	64	64	543	10|2|0|0|0|0|2|6|2|0|0|1
GA	Syrmik	LTR	ERVL	DR0203892	QGNR01000026.1:7407232-7407758-	QGNR01000048.1:6225492-6226058-	24	93	0	128,129,131,133,142	130,131,133,135,144	1	7,8,9,10,11	15	15	478	24|10|5|3|6|5|7|21|0|4|1|7
GA	Syrmik	LTR	ERVL	DR0203884	QGNR01000001.1:32728501-32729112-	QGNR01000272.1:11877-14085+	13	40	0	486,487,504,510,531	489,490,507,513,534	1	9,10,11,12,13	46	46	610	13|9|3|2|0|3|0|6|1|1|0|2
GA	Syrmik	LTR	ERVL	DR0203884	QGNR01000001.1:32728501-32729112-	QGNR01000043.1:2854090-2854614+	14	35	0	476,478,479,496,504	456,458,459,476,484	1	8,9,10,11,12	29	29	533	14|7|2|0|2|2|0|6|1|0|0|1
GA	Syrmik	LTR	ERVL	DR0203861	QGNR01000005.1:18296100-18297058+	QGNR01000262.1:34686-35886-	25	157	0	161,164,166,168,169	164,167,169,171,172	1	5,6,7,8,9	9	9	961	25|27|5|3|3|9|37|24|4|9|5|6
GA	Syrmik	LTR	ERVL	DR0203884	QGNR01000001.1:32728501-32729112-	QGNR01000016.1:11471659-11472205-	13	40	0	470,486,487,496,504	472,488,489,498,506	1	9,10,11,12,13	35	35	545	13|8|3|0|1|1|1|6|2|4|0|1
GA	Syrmik	LTR	ERVL	DR0203848	QGNR01000002.1:8479722-8480058-	QGNR01000009.1:1356655-1357004-	11	51	0	64,78,79,82,92	100,72,86,87,90	1	1,2,3,4,5	29	29	313	11|8|2|1|0|1|3|14|4|2|3|2
GA	Syrmik	LTR	ERVL	DR0203884	QGNR01000001.1:32728501-32729112-	QGNR01000068.1:3091770-3092299-	11	38	0	387,423,447,478,501,504	372,408,435,465,488,491	1	5,6,7,8,9,10	120	120	535	11|7|1|0|1|1|1|10|1|3|1|1
GA	Syrmik	LTR	ERVL	DR0203884	QGNR01000001.1:32728501-32729112-	QGNR01000018.1:10029143-10029660-	13	40	0	487,496,501,504,510	460,469,474,477,483	1	8,9,10,11,12	24	24	530	13|11|0|0|0|2|1|11|1|0|0|1
GA	Syrmik	LTR	ERVL	DR0203837	QGNR01000002.1:1644660-1644983-	QGNR01000061.1:5513387-5513727+	10	25	0	103,105,106,107,108	113,115,116,117,118	1	6,7,8,9,10	6	6	187	10|2|0|1|0|1|2|2|1|3|2|1
GA	Syrmik	LTR	ERVL	DR0203920	QGNR01000211.1:190213-194894-	QGNR01000316.1:17099-18999-	22	91	0	2538,2543,2547,2552,2555	349,354,358,363,366	1	3,4,5,6,7	18	18	1359	22|12|3|7|4|3|11|17|3|5|2|2
GA	Syrmik	LTR	ERVL	DR0203912	QGNR01000013.1:12497686-12499420+	QGNR01000071.1:4647783-4648262+	9	36	0	107,120,133,151,91	105,118,131,149,91	1	3,4,5,6,7	59	59	493	9|13|0|2|0|1|3|3|2|1|0|2
GA	Syrmik	LTR	ERVL	DR0203912	QGNR01000013.1:12497686-12499420+	QGNR01000068.1:2351990-2352481-	14	38	0	107,133,141,185,431,437,442,457,461,477,483,91	104,130,138,182,417,423,428,440,444,460,466,90	2	1,2,3,4,5,8,9,10,11,12,13,14	143	377	490	14|12|0|0|0|2|1|2|3|2|0|2
GA	Syrmik	LTR	ERVL	DR0203912	QGNR01000013.1:12497686-12499420+	QGNR01000027.1:1785681-1786141-	7	20	0	107,116,133,141,150,91	104,113,130,138,147,90	1	1,2,3,4,5,6	58	58	349	7|6|0|1|1|1|0|3|1|0|0|0
GA	Syrmik	LTR	ERVL	DR0203926	QGNR01000004.1:24499676-24500381-	QGNR01000058.1:4637794-4638137-	11	30	0	215,222,236,245,246	213,220,234,243,244	1	7,8,9,10,11	32	32	290	11|2|0|1|0|3|7|4|2|0|0|0
GA	Syrmik	LTR	ERVL	DR0203917	QGNR01000002.1:16411101-16411607+	QGNR01000163.1:37309-37809+	11	73	0	483,489,493,496,500	477,483,487,490,494	1	7,8,9,10,11	18	18	503	11|14|3|3|2|5|14|10|2|1|3|5
GA	Syrmik	LTR	ERVL	DR0203926	QGNR01000004.1:24499676-24500381-	QGNR01000076.1:3510026-3510302+	9	29	0	235,236,245,246,254	230,231,240,241,249	1	5,6,7,8,9	20	20	278	9|3|0|3|0|3|4|4|1|0|0|2
GA	Syrmik	LTR	ERVL	DR0203892	QGNR01000029.1:1811482-1812011+	QGNR01000075.1:1163620-1164080+	18	76	0	173,187,189,193,194,202	159,173,175,179,180,188	1	6,7,8,9,10,11	30	30	439	18|13|1|2|4|3|6|12|4|5|2|6
GA	Syrmik	LTR	ERVL	DR0203876	QGNR01000001.1:4157979-4158854+	QGNR01000033.1:8394004-8394911-	20	80	0	380,405,449,463,492	406,431,477,491,520	1	10,11,12,13,14	115	115	891	20|18|3|3|2|3|12|9|5|3|1|1
GA	Syrmik	LTR	ERVL	DR0203876	QGNR01000001.1:4157979-4158854+	QGNR01000004.1:24572322-24573213+	28	86	0	541,581,602,629,640	556,596,617,645,656	1	19,20,21,22,23	101	101	883	28|15|3|4|4|2|11|8|3|2|1|5
GA	Syrmik	LTR	ERVL	DR0203861	QGNR01000005.1:18444392-18449951+	QGNR01000058.1:1467617-1472737+	192	817	0	1840,1841,1844,1851,1853,694,699,701,709,713	1384,1385,1388,1395,1397,262,266,268,275,279	2	7,8,9,10,11,58,59,60,61,62	32	1136	4841	192|141|35|25|28|37|133|138|28|11|22|27
GA	Syrmik	LTR	ERVL	DR0203876	QGNR01000001.1:4157979-4158854+	QGNR01000068.1:3373540-3374479+	19	82	0	554,567,581,629,648	608,621,635,684,703	1	10,11,12,13,14	96	96	907	19|20|7|2|3|4|10|7|4|1|2|3
GA	Syrmik	LTR	ERVL	DR0203926	QGNR01000006.1:7076768-7077031-	QGNR01000033.1:11391923-11392867-	9	28	0	175,181,185,192,194,203	171,177,181,188,190,199	1	2,3,4,5,6,7	29	29	261	9|3|1|0|0|2|4|4|1|2|2|0
GA	Syrmik	LTR	ERVL	DR0203859	QGNR01000058.1:218965-219457+	QGNR01000244.1:19797-20297+	14	71	0	47,50,57,62,66	47,50,57,62,66	1	1,2,3,4,5	20	20	485	14|17|4|0|1|2|6|13|3|4|2|5
GA	Syrmik	LTR	ERVL	DR0203861	QGNR01000005.1:18444392-18449951+	QGNR01000220.1:39101-40881+	56	249	0	3464,3470,3480,3482,3487,3507	1185,1191,1201,1203,1208,1228	1	37,38,39,40,41,42	44	44	1738	56|40|12|10|9|9|38|47|9|5|5|9
GA	Syrmik	LTR	ERVL	DR0203892	QGNR01000033.1:11741094-11741558-	QGNR01000043.1:433179-433735-	11	69	0	144,149,151,152,154	157,162,164,165,167	1	2,3,4,5,6	11	11	413	11|12|4|7|3|4|7|12|2|2|3|2
GA	Syrmik	LTR	ERVL	DR0203926	QGNR01000006.1:26770915-26771356+	QGNR01000071.1:4324713-4325557+	11	18	0	275,294,309,355,376	227,246,261,304,328	1	5,6,7,8,9	102	102	321	11|2|0|0|0|0|1|2|1|0|0|0
GA	Syrmik	LTR	ERVL	DR0203938	QGNR01000002.1:13084497-13085026-	QGNR01000090.1:1755385-1755935-	15	59	0	456,458,459,467,483,490	465,467,468,476,492,499	1	7,8,9,10,11,12	35	35	524	15|9|6|2|1|4|7|9|0|2|1|3
GA	Syrmik	LTR	ERVL	DR0203938	QGNR01000002.1:13084497-13085026-	QGNR01000114.1:2100194-2100722-	8	55	0	456,458,478,483,490	458,460,480,485,492	1	4,5,6,7,8	35	35	527	8|13|7|4|1|1|9|8|0|1|1|2
GA	Syrmik	LTR	ERVL	DR0203938	QGNR01000002.1:13084497-13085026-	QGNR01000033.1:10348832-10349357-	12	59	0	450,454,458,467,478,483,490	449,453,457,466,477,482,489	1	6,7,8,9,10,11,12	41	41	525	12|10|3|5|1|3|9|9|1|0|3|3
GA	Syrmik	LTR	ERVL	DR0203915	QGNR01000109.1:5854-6402+	QGNR01000206.1:247175-247731-	22	65	0	161,166,167,175,178,182	163,168,169,177,180,184	1	5,6,7,8,9,10	22	22	551	22|9|6|5|1|3|1|9|2|3|1|3
GA	Syrmik	LTR	ERVL	DR0203920	QGNR01000372.1:27633-29279-	QGNR01023470.1:0-601+	16	69	0	1036,1046,1047,1065,1067	327,337,338,356,358	1	5,6,7,8,9	32	32	580	16|8|1|3|1|7|12|11|0|4|4|2
GA	Syrmik	LTR	ERVL	DR0203912	QGNR01000016.1:8665350-8665611+	QGNR01000024.1:9807487-9807997-	9	23	0	185,193,202,213,218	434,442,451,462,467	1	2,3,4,5,6	34	34	252	9|5|0|0|0|1|3|2|2|0|0|1
GA	Syrmik	LTR	ERVL	DR0203920	QGNR01000372.1:27633-29279-	QGNR01051925.1:0-377-	8	28	0	1030,1034,1036,1046,1047	352,356,358,368,369	1	4,5,6,7,8	18	18	376	8|4|0|0|1|1|6|7|0|1|0|0
GA	Syrmik	LTR	ERVL	DR0203944	QGNR01000009.1:8148156-8148562-	QGNR01000193.1:259117-259617-	6	38	0	37,39,57,72,77	34,36,54,69,74	1	1,2,3,4,5	41	41	375	6|8|0|3|2|2|6|4|1|1|1|4
GA	Syrmik	LTR	ERVL	DR0203892	QGNR01000034.1:7541686-7542240-	QGNR01000075.1:1163620-1164080+	13	66	0	141,184,186,190,199	144,173,175,179,188	1	5,6,7,8,9	45	45	452	13|11|1|3|2|3|9|11|4|4|1|4
GA	Syrmik	LTR	ERVL	DR0203942	QGNR01000003.1:4443439-4445090+	QGNR01000016.1:11576713-11577069+	11	31	0	294,295,312,321,349	297,298,315,324,352	1	7,8,9,10,11	56	56	354	11|10|2|0|1|1|3|3|0|0|0|0
GA	Syrmik	LTR	ERVL	DR0203892	QGNR01000035.1:2255113-2255703+	QGNR01000058.1:4472640-4473287-	8	39	0	165,168,177,191,218	166,169,178,195,229	1	3,4,5,6,7	64	64	280	8|10|0|0|3|3|7|7|0|1|0|0
GA	Syrmik	LTR	ERVL	DR0203938	QGNR01000003.1:14005735-14006216+	QGNR01000090.1:1755385-1755935-	13	48	0	405,411,413,414,422	459,465,467,468,476	1	5,6,7,8,9	18	18	479	13|8|2|3|0|4|3|12|1|0|1|1
GA	Syrmik	LTR	ERVL	DR0203944	QGNR01000010.1:9335133-9335604+	QGNR01000016.1:448213-448725-	9	38	0	140,146,150,165,177,178	143,149,153,168,180,181	1	2,3,4,5,6,7	39	39	353	9|6|1|0|1|2|3|5|3|2|2|4
GA	Syrmik	LTR	ERVL	DR0203915	QGNR01000114.1:2210977-2211508-	QGNR01000151.1:520570-521124-	17	34	0	423,427,432,434,441	451,455,460,462,467	1	13,14,15,16,17	17	17	274	17|4|3|0|1|1|0|4|1|1|1|1
GA	Syrmik	LTR	ERVL	DR0203876	QGNR01000001.1:4741452-4742340-	QGNR01000005.1:18435578-18436055-	14	39	0	167,175,184,214,221	171,179,187,215,222	1	5,6,7,8,9	52	52	373	14|4|1|0|4|2|3|5|0|3|0|3
GA	Syrmik	LTR	ERVL	DR0203915	QGNR01000123.1:252635-253156-	QGNR01000151.1:656950-657469-	8	34	0	342,345,350,401,406,410	326,329,334,386,391,395	1	2,3,4,5,6,7	70	70	290	8|9|0|2|4|2|2|3|1|2|1|0
GA	Syrmik	LTR	ERVL	DR0203892	QGNR01000041.1:10552983-10553504+	QGNR01000045.1:7786497-7787060-	11	78	0	63,69,75,77,82	65,71,76,78,83	1	2,3,4,5,6	19	19	473	11|17|4|4|4|7|6|12|2|2|1|8
GA	Syrmik	LTR	ERVL	DR0203833	QGNR01000001.1:11374696-11375493-	QGNR01000038.1:894442-895240-	15	58	0	501,523,529,536,543	498,520,526,533,540	1	6,7,8,9,10	43	43	554	15|15|2|1|1|2|4|14|0|2|0|2
GA	Syrmik	LTR	ERVL	DR0203938	QGNR01000003.1:14680787-14681320-	QGNR01000035.1:5872943-5873488+	11	56	0	410,416,419,426,436	422,428,431,438,448	1	5,6,7,8,9	27	27	539	11|16|0|2|2|0|5|11|2|3|3|1
GA	Syrmik	LTR	ERVL	DR0203861	QGNR01000010.1:1530308-1536002+	QGNR01000040.1:5781333-5784549+	42	268	0	450,453,456,465,482	708,711,714,723,740	1	5,6,7,8,9	33	33	2810	42|40|4|7|3|8|64|59|6|10|9|16
GA	Syrmik	LTR	ERVL	DR0203861	QGNR01000010.1:1530308-1536002+	QGNR01000016.1:14927396-14929643-	51	242	0	3714,3719,3730,3734,3746	250,255,266,270,282	1	8,9,10,11,12	33	33	2235	51|60|6|6|8|7|40|44|5|2|8|5
GA	Syrmik	LTR	ERVL	DR0203884	QGNR01000004.1:9771374-9771911+	QGNR01000033.1:9031082-9031614-	16	50	0	23,29,47,52,54	23,29,47,52,54	1	1,2,3,4,5	32	32	533	16|11|2|2|1|1|5|8|2|0|0|2
GA	Syrmik	LTR	ERVL	DR0203967	QGNR01000001.1:7616785-7617311+	QGNR01000094.1:691600-692138-	17	68	0	55,67,74,81,97	46,58,64,71,87	1	4,5,6,7,8	42	42	507	17|9|6|4|0|1|6|11|3|6|2|3
GA	Syrmik	LTR	ERVL	DR0203861	QGNR01000010.1:1530308-1536002+	QGNR01000220.1:39101-40881+	55	255	0	3570,3576,3580,3588,3613,3620	1185,1191,1195,1203,1228,1235	1	39,40,41,42,43,44	51	51	1787	55|43|12|8|6|12|44|49|8|4|6|8
GA	Syrmik	LTR	ERVL	DR0203833	QGNR01000001.1:11374696-11375493-	QGNR01000062.1:150542-151327+	10	77	0	747,750,752,758,760	733,736,738,744,746	1	6,7,8,9,10	14	14	564	10|19|3|4|2|2|13|15|3|3|1|2
GA	Syrmik	LTR	ERVL	DR0203952	QGNR01000012.1:7001526-7001852+	QGNR01000056.1:4354675-4355000+	8	32	0	59,70,76,82,85	60,71,77,83,86	1	1,2,3,4,5	27	27	325	8|3|2|0|1|1|7|4|1|3|2|0
GA	Syrmik	LTR	ERVL	DR0203938	QGNR01000004.1:17849014-17849560+	QGNR01000090.1:1755385-1755935-	19	52	0	423,429,470,476,478,479	412,418,459,465,467,468	1	8,9,10,11,12,13	57	57	540	19|8|6|0|0|3|7|6|2|1|0|0
GA	Syrmik	LTR	ERVL	DR0203943	QGNR01012873.1:0-837+	QGNR01027625.1:0-547-	9	21	0	424,512,527,531,589	176,264,279,283,341	1	3,4,5,6,7	166	166	547	9|1|1|0|2|0|3|4|0|0|0|1
GA	Syrmik	LTR	ERVL	DR0203876	QGNR01000001.1:4955053-4955509-	QGNR01000076.1:4626505-4627390-	9	33	0	10,20,36,65,78	464,474,491,520,533	1	1,2,3,4,5	70	70	440	9|4|0|2|3|1|7|6|0|0|0|1
GA	Syrmik	LTR	ERVL	DR0203944	QGNR01000011.1:21436788-21437119-	QGNR01000076.1:3454079-3454564-	6	23	0	57,60,66,74,93	55,59,66,74,93	1	1,2,3,4,5	39	39	334	6|5|1|0|1|3|3|4|0|0|0|0
GA	Syrmik	LTR	ERVL	DR0203861	QGNR01000011.1:19735849-19736142+	QGNR01000050.1:1180041-1180365+	8	32	0	116,117,77,86,90	108,109,69,78,82	1	1,2,3,4,5	41	41	243	8|7|2|1|3|1|4|4|1|0|0|1
GA	Syrmik	LTR	ERVL	DR0203944	QGNR01000013.1:4971165-4971640+	QGNR01000079.1:3810906-3811380+	9	40	0	101,110,111,139,94	116,122,131,132,160	1	2,3,4,5,6	45	45	463	9|4|2|0|0|3|7|8|0|3|2|2
GA	Syrmik	LTR	ERVL	DR0203938	QGNR01000004.1:20230944-20231478+	QGNR01000043.1:921059-921536+	13	58	0	265,268,275,291,352,375	226,229,236,252,293,316	1	4,5,6,7,8,9	91	91	487	13|15|1|6|0|1|5|9|5|2|0|1
GA	Syrmik	LTR	ERVL	DR0203926	QGNR01000015.1:10342403-10343329-	QGNR01000043.1:1296867-1297122-	6	18	0	106,134,62,83,85	105,133,61,82,84	1	1,2,3,4,5	73	73	256	6|1|0|0|0|1|3|4|0|2|0|1
GA	Syrmik	LTR	ERVL	DR0203944	QGNR01000013.1:4971165-4971640+	QGNR01000016.1:448213-448725-	12	36	0	135,141,144,145,160	143,149,152,153,168	1	4,5,6,7,8	26	26	354	12|4|1|1|1|1|6|5|1|3|1|0
GA	Syrmik	LTR	ERVL	DR0203917	QGNR01000006.1:19816992-19817499-	QGNR01000136.1:101400-101859-	16	68	0	431,434,437,459,464	385,388,391,411,416	1	9,10,11,12,13	32	32	459	16|11|4|2|5|4|6|11|3|2|2|2
GA	Syrmik	LTR	ERVL	DR0203837	QGNR01000002.1:7882290-7882623+	QGNR01000025.1:6616725-6617064-	9	28	0	110,112,142,148,150,153	113,116,146,152,154,157	1	2,3,4,5,6,7	45	45	227	9|3|3|1|0|0|6|5|0|0|1|0
GA	Syrmik	LTR	ERVL	DR0203833	QGNR01000001.1:11512375-11513122+	QGNR01000001.1:34723715-34724552-	18	80	0	228,234,237,247,252	250,256,259,269,275	1	7,8,9,10,11	26	26	664	18|10|3|2|5|3|8|13|5|4|4|5
GA	Syrmik	LTR	ERVL	DR0203833	QGNR01000001.1:11512375-11513122+	QGNR01000105.1:46203-47016-	23	91	0	224,225,228,234,237	243,244,247,253,256	1	4,5,6,7,8	14	14	650	23|15|1|4|2|4|12|16|3|4|3|4
GA	Syrmik	LTR	ERVL	DR0203833	QGNR01000001.1:11512375-11513122+	QGNR01000076.1:3721516-3722348-	19	84	0	225,226,228,234,252	245,246,248,254,266	1	7,8,9,10,11	22	22	661	19|9|2|5|4|5|11|17|3|3|0|6
GA	Syrmik	LTR	ERVL	DR0203833	QGNR01000001.1:11512375-11513122+	QGNR01000022.1:10011607-10012371+	26	108	0	648,649,664,668,680	654,655,670,674,686	1	20,21,22,23,24	33	33	749	26|13|1|6|6|7|14|17|5|3|2|8
GA	Syrmik	LTR	ERVL	DR0203938	QGNR01000004.1:26896812-26897350+	QGNR01000043.1:921059-921536+	12	54	0	268,271,278,294,350	226,229,236,252,288	1	5,6,7,8,9	63	63	489	12|15|1|3|1|1|9|8|1|1|1|1
GA	Syrmik	LTR	ERVL	DR0203938	QGNR01000005.1:13365798-13366365+	QGNR01000099.1:1695709-1696294+	12	33	0	105,119,123,125,129	190,204,208,210,214	1	3,4,5,6,7	25	25	496	12|7|0|1|1|1|5|4|1|1|0|0
GA	Syrmik	LTR	ERVL	DR0203944	QGNR01000016.1:8349435-8349927+	QGNR01000079.1:3810906-3811380+	9	42	0	105,112,115,121,99	116,122,129,132,138	1	2,3,4,5,6	23	23	351	9|6|2|0|1|2|5|11|1|3|1|1
GA	Syrmik	LTR	ERVL	DR0203848	QGNR01000003.1:3255157-3255503+	QGNR01000017.1:5597361-5597710-	8	48	0	106,111,112,116,118	106,111,112,116,118	1	2,3,4,5,6	13	13	345	8|9|0|2|2|0|9|12|4|0|1|1
GA	Syrmik	LTR	ERVL	DR0203876	QGNR01000001.1:4956033-4956940-	QGNR01000076.1:4626505-4627390-	9	37	0	461,471,487,516,529	464,474,491,520,533	1	1,2,3,4,5	70	70	465	9|5|0|3|3|2|7|7|0|0|0|1
GA	Syrmik	LTR	ERVL	DR0203938	QGNR01000006.1:24173224-24173760+	QGNR01000036.1:6100634-6101188+	12	52	0	142,159,168,174,177	141,158,167,173,176	1	3,4,5,6,7	36	36	533	12|12|1|0|0|4|7|10|1|2|1|2
GA	Syrmik	LTR	ERVL	DR0203938	QGNR01000006.1:24173224-24173760+	QGNR01000027.1:22057380-22057898-	13	47	0	142,153,159,169,177	141,152,158,168,176	1	3,4,5,6,7	36	36	526	13|11|1|0|0|3|5|9|3|2|0|0
GA	Syrmik	LTR	ERVL	DR0203938	QGNR01000006.1:24173224-24173760+	QGNR01000035.1:5872943-5873488+	11	64	0	393,413,419,422,439	402,422,428,431,448	1	5,6,7,8,9	47	47	540	11|19|0|1|1|1|11|12|2|4|1|1
GA	Syrmik	LTR	ERVL	DR0203876	QGNR01000001.1:20905158-20905466+	QGNR01000218.1:80068-80828+	7	9	0	173,201,239,257,270,273	173,203,241,259,272,275	1	2,3,4,5,6,7	103	103	307	7|1|0|0|0|0|0|0|0|1|0|0
GA	Syrmik	LTR	ERVL	DR0203876	QGNR01000001.1:20905158-20905466+	QGNR01000076.1:3994604-3995363-	8	14	0	218,239,251,270,273	214,235,247,266,269	1	4,5,6,7,8	56	56	304	8|6|0|0|0|0|0|0|0|0|0|0
GA	Syrmik	LTR	ERVL	DR0203942	QGNR01000004.1:27370020-27370376+	QGNR01000135.1:432195-432549-	8	30	0	217,219,225,226,230	216,218,224,225,229	1	3,4,5,6,7	14	14	348	8|7|2|0|1|0|3|3|2|0|0|4
GA	Syrmik	LTR	ERVL	DR0203876	QGNR01000001.1:20905158-20905466+	QGNR01000071.1:4895412-4896238+	13	35	0	173,179,180,189,201	167,173,174,183,195	1	5,6,7,8,9	29	29	303	13|5|2|1|1|2|4|2|0|3|1|1
GA	Syrmik	LTR	ERVL	DR0203876	QGNR01000001.1:20905158-20905466+	QGNR01000075.1:609955-610805-	13	41	0	170,173,179,189,196	168,171,177,187,194	1	5,6,7,8,9	27	27	301	13|5|2|1|1|1|2|9|1|3|1|2
GA	Syrmik	LTR	ERVL	DR0203848	QGNR01000003.1:4271129-4271503+	QGNR01000017.1:5597361-5597710-	9	53	0	137,139,142,143,147,149	106,108,111,112,116,118	1	1,2,3,4,5,6	13	13	342	9|14|1|1|0|1|8|12|2|2|1|2
GA	Syrmik	LTR	ERVL	DR0203971	QGNR01000001.1:6776163-6776942+	QGNR01000027.1:12953648-12954419+	22	83	0	216,219,220,226,239	224,227,228,234,247	1	2,3,4,5,6	24	24	585	22|14|4|4|2|2|11|11|2|2|3|6
GA	Syrmik	LTR	ERVL	DR0203967	QGNR01000016.1:8928765-8929317+	QGNR01000043.1:1377297-1377806+	17	61	0	424,429,432,435,445	382,387,390,393,403	1	11,12,13,14,15	22	22	492	17|10|1|0|1|2|3|15|4|6|1|1
GA	Syrmik	LTR	ERVL	DR0203971	QGNR01000001.1:6776163-6776942+	QGNR01000081.1:2938917-2939706-	9	58	0	502,512,519,522,524	520,530,537,540,542	1	3,4,5,6,7	23	23	504	9|13|2|4|3|1|5|8|3|1|2|7
GA	Syrmik	LTR	ERVL	DR0203926	QGNR01000027.1:8878586-8879634-	QGNR01000027.1:12913103-12914027-	14	40	0	822,824,825,827,831,834,876	711,713,714,716,720,723,750	1	6,7,8,9,10,11,12	40	40	495	14|12|1|2|1|1|1|4|1|1|1|1
GA	Syrmik	LTR	ERVL	DR0203938	QGNR01000006.1:25832850-25833378+	QGNR01000090.1:1755385-1755935-	19	56	0	413,419,460,466,468,469,477	412,418,459,465,467,468,476	1	9,10,11,12,13,14,15	65	65	527	19|9|5|1|1|4|6|5|2|2|1|1
GA	Syrmik	LTR	ERVL	DR0203938	QGNR01000006.1:25832850-25833378+	QGNR01000007.1:11610273-11610798+	13	43	0	386,413,419,466,468	371,398,404,464,466	1	7,8,9,10,11	96	96	511	13|7|3|2|4|0|1|7|0|2|0|4
GA	Syrmik	LTR	ERVL	DR0203988	QGNR01000004.1:11285494-11285901-	QGNR01021839.1:0-626+	9	16	0	126,129,134,150,181	468,471,476,492,523	1	5,6,7,8,9	56	56	284	9|4|0|0|0|0|0|1|0|0|0|2
GA	Syrmik	LTR	ERVL	DR0203971	QGNR01000001.1:7762374-7762763-	QGNR01000001.1:25484197-25484955-	8	20	0	155,187,220,244,272	146,178,211,235,263	1	3,4,5,6,7	118	118	368	8|4|0|0|1|0|2|2|0|3|0|0
GA	Syrmik	LTR	ERVL	DR0203973	QGNR01000001.1:47516060-47516485+	QGNR01000016.1:16869949-16870495-	10	51	0	169,178,183,197,227	199,208,213,227,258	1	4,5,6,7,8	60	60	410	10|9|0|2|0|2|7|7|5|0|3|6
GA	Syrmik	LTR	ERVL	DR0203973	QGNR01000001.1:47516060-47516485+	QGNR01000051.1:329969-330524+	12	52	0	173,174,178,181,183	202,203,207,210,212	1	5,6,7,8,9	11	11	344	12|8|1|0|4|4|6|3|3|1|3|7
GA	Syrmik	LTR	ERVL	DR0203986	QGNR01000015.1:13408099-13409382+	QGNR01000099.1:1738161-1740876-	10	36	0	1124,1136,1140,1148,1172	1464,1476,1480,1488,1512	1	5,6,7,8,9	49	49	474	10|9|0|3|0|2|8|2|1|0|0|1
GA	Syrmik	LTR	ERVL	DR0203973	QGNR01000001.1:47516060-47516485+	QGNR01000010.1:13162129-13162663+	12	54	0	169,178,183,197,199	177,186,191,205,207	1	5,6,7,8,9	31	31	343	12|5|2|3|2|3|5|8|3|3|3|5
GA	Syrmik	LTR	ERVL	DR0203971	QGNR01000001.1:7762374-7762763-	QGNR01000027.1:12953648-12954419+	14	30	0	226,229,230,236,244,249	224,227,228,234,242,247	1	6,7,8,9,10,11	24	24	255	14|6|2|1|0|0|3|3|0|0|0|1
GA	Syrmik	LTR	ERVL	DR0203973	QGNR01000001.1:47516060-47516485+	QGNR01000040.1:5345090-5345461+	9	35	0	159,169,178,182,183	190,200,209,213,214	1	3,4,5,6,7	25	25	259	9|7|2|2|0|2|5|3|2|0|1|2
GA	Syrmik	LTR	ERVL	DR0203971	QGNR01000001.1:7762374-7762763-	QGNR01000090.1:1483525-1484252+	9	31	0	230,236,244,254,255	240,246,254,264,265	1	2,3,4,5,6	26	26	253	9|9|0|0|2|0|5|2|1|2|0|1
GA	Syrmik	LTR	ERVL	DR0203833	QGNR01000001.1:21963698-21964323-	QGNR01000011.1:21522896-21523715+	15	72	0	164,167,199,201,240	354,357,389,391,430	1	7,8,9,10,11	77	77	617	15|5|4|2|3|4|17|14|2|3|2|1
GA	Syrmik	LTR	ERVL	DR0203837	QGNR01000002.1:9498719-9499102-	QGNR01000066.1:3268168-3268522+	5	32	0	170,171,172,185,186	169,170,171,187,188	1	1,2,3,4,5	20	20	242	5|3|1|2|1|6|3|5|1|4|0|1
GA	Syrmik	LTR	ERVL	DR0203892	QGNR01000061.1:5826855-5827369+	QGNR01000264.1:84803-85337-	11	63	0	146,157,158,162,164	167,183,184,188,190	1	3,4,5,6,7	24	24	465	11|12|3|2|2|2|5|17|1|3|3|2
GA	Syrmik	LTR	ERVL	DR0203833	QGNR01000001.1:21963698-21964323-	QGNR01000022.1:10587715-10588510-	19	74	0	164,167,176,199,201	320,323,332,355,357	1	10,11,12,13,14	38	38	632	19|6|1|1|3|2|20|11|2|4|2|3
GA	Syrmik	LTR	ERVL	DR0203991	QGNR01000005.1:18212381-18215921+	QGNR01000058.1:765286-768928+	47	237	0	3077,3080,3086,3091,3096	1855,1858,1864,1869,1874	1	34,35,36,37,38	20	20	2045	47|35|9|6|6|13|56|40|2|10|9|4
GA	Syrmik	LTR	ERVL	DR0203861	QGNR01000015.1:10592016-10595715-	QGNR01000136.1:99043-100725-	43	193	0	2970,2982,2991,2998,3001	1619,1631,1640,1647,1650	1	39,40,41,42,43	32	32	1440	43|33|7|8|7|9|30|37|4|7|5|3
GA	Syrmik	LTR	ERVL	DR0203973	QGNR01000002.1:15559564-15560085+	QGNR01000035.1:5231150-5231699+	10	45	0	229,234,245,248,252	242,247,258,261,265	1	4,5,6,7,8	24	24	334	10|8|0|5|2|2|4|4|2|1|3|4
GA	Syrmik	LTR	ERVL	DR0203988	QGNR01000015.1:13401823-13406500+	QGNR01000076.1:5495578-5497653+	37	111	0	1553,1567,1578,1596,1602	1702,1716,1727,1745,1751	1	31,32,33,34,35	50	50	1473	37|15|0|1|4|4|20|19|2|2|2|4
GA	Syrmik	LTR	ERVL	DR0203848	QGNR01000003.1:7515284-7515630+	QGNR01000009.1:1356655-1357004-	13	51	0	100,72,86,87,90	100,72,86,87,90	1	1,2,3,4,5	29	29	347	13|7|4|1|1|1|6|13|1|2|1|1
GA	Syrmik	LTR	ERVL	DR0203991	QGNR01000018.1:6733485-6736967+	QGNR01000058.1:765286-768928+	52	217	0	2924,2930,2937,2962,2963	3385,3391,3398,3423,3424	1	45,46,47,48,49	40	40	2148	52|48|8|5|10|10|35|33|3|5|5|3
GA	Syrmik	LTR	ERVL	DR0203833	QGNR01000001.1:22179585-22180418+	QGNR01000045.1:8975396-8976221+	16	71	0	292,320,334,336,342	289,317,331,333,339	1	4,5,6,7,8	51	51	829	16|14|3|1|3|1|13|14|2|1|1|2
GA	Syrmik	LTR	ERVL	DR0203833	QGNR01000001.1:22179585-22180418+	QGNR01000010.1:9905308-9906134-	11	68	0	294,324,334,336,342	290,320,330,332,338	1	2,3,4,5,6	49	49	819	11|17|2|1|2|1|11|15|2|1|2|3
GA	Syrmik	LTR	ERVL	DR0203884	QGNR01000006.1:27886623-27887168+	QGNR01000264.1:100029-100559+	13	35	0	140,164,171,85,98	135,159,166,86,99	1	1,2,3,4,5	81	81	537	13|5|1|0|0|2|2|8|1|2|0|1
GA	Syrmik	LTR	ERVL	DR0203988	QGNR01000022.1:10283531-10289731+	QGNR01000045.1:9001548-9004249+	25	73	0	772,779,780,781,817,821	733,740,741,742,777,781	1	20,21,22,23,24,25	49	49	638	25|16|1|1|2|3|3|12|3|1|3|3
GA	Syrmik	LTR	ERVL	DR0203892	QGNR01000075.1:2301689-2301952+	QGNR01000186.1:107942-108487+	8	24	0	111,113,138,140,94	110,112,134,136,94	1	2,3,4,5,6	43	43	238	8|2|0|1|0|1|5|4|1|0|1|1
GA	Syrmik	LTR	ERVL	DR0203833	QGNR01000001.1:22179585-22180418+	QGNR01000113.1:323457-324261+	15	77	0	320,329,330,334,336,342	320,329,330,334,336,342	1	3,4,5,6,7,8	23	23	818	15|14|1|2|7|4|13|13|1|2|2|3
GA	Syrmik	LTR	ERVL	DR0203833	QGNR01000001.1:22179585-22180418+	QGNR01000027.1:23166532-23167322+	19	67	0	293,324,329,334,342,359	282,313,318,323,331,348	1	4,5,6,7,8,9	67	67	811	19|14|2|4|1|2|10|9|3|1|0|2
GA	Syrmik	LTR	ERVL	DR0203912	QGNR01000045.1:8644265-8646186-	QGNR01009764.1:0-975-	25	113	0	753,778,814,820,861,885	143,169,205,211,252,276	1	1,2,3,4,5,6	134	134	959	25|10|4|3|3|3|29|16|4|4|7|5
GA	Syrmik	LTR	ERVL	DR0203837	QGNR01000002.1:12630261-12630604-	QGNR01000003.1:15812554-15812886-	15	42	0	13,18,21,31,49	13,18,21,31,49	1	1,2,3,4,5	37	37	260	15|4|1|0|1|2|6|6|4|2|0|1
GA	Syrmik	LTR	ERVL	DR0203976	QGNR01000002.1:12824565-12824837+	QGNR01000022.1:3203346-3203636+	8	33	0	165,173,183,184,190	164,172,182,183,189	1	4,5,6,7,8	26	26	268	8|3|0|4|2|1|3|9|0|2|1|0
GA	Syrmik	LTR	ERVL	DR0203833	QGNR01000001.1:22179585-22180418+	QGNR01000010.1:9535514-9536295+	8	21	0	257,319,329,342,366	257,319,329,342,366	1	3,4,5,6,7	110	110	410	8|5|1|1|0|0|3|1|1|0|1|0
GA	Syrmik	LTR	ERVL	DR0203988	QGNR01000031.1:36619-37354+	QGNR01007793.1:0-1105+	5	7	0	204,206,257,293,357	444,446,497,533,597	1	1,2,3,4,5	154	154	179	5|0|0|0|0|0|0|1|0|0|0|1
GA	Syrmik	LTR	ERVL	DR0203971	QGNR01000001.1:23938386-23939154+	QGNR01000006.1:28738802-28739592+	16	97	0	474,477,480,488,491	497,500,503,511,514	1	10,11,12,13,14	18	18	771	16|15|3|10|4|6|14|13|2|5|6|3
GA	Syrmik	LTR	ERVL	DR0203988	QGNR01000031.1:36619-37354+	QGNR01000062.1:2349134-2352890+	6	12	0	102,105,28,34,6,91	258,280,286,342,353,356	1	1,2,3,4,5,6	99	99	187	6|0|0|0|1|0|2|2|0|0|0|1
GA	Syrmik	LTR	ERVL	DR0203983	QGNR01000058.1:4720678-4724496-	QGNR01000206.1:276555-277438-	21	124	0	1377,1379,1382,1390,1392	577,579,582,590,592	1	10,11,12,13,14	16	16	875	21|19|3|3|5|6|27|22|4|4|6|4
GA	Syrmik	LTR	ERVL	DR0203833	QGNR01000001.1:22179585-22180418+	QGNR01000113.1:326262-326869+	14	61	0	320,329,330,334,336,342	124,133,134,138,140,146	1	3,4,5,6,7,8	23	23	618	14|12|2|1|2|1|11|13|1|2|1|1
GA	Syrmik	LTR	ERVL	DR0203983	QGNR01000058.1:4720678-4724496-	QGNR01000151.1:10950-11673-	20	104	0	1357,1366,1377,1382,1392	396,405,416,421,431	1	9,10,11,12,13	36	36	720	20|19|1|5|5|4|24|12|3|4|4|3
GA	Syrmik	LTR	ERVL	DR0203973	QGNR01000007.1:13445203-13445753-	QGNR01000029.1:3158071-3158607-	16	79	0	289,290,291,293,297,301	284,285,286,288,292,296	1	5,6,7,8,9,10	13	13	459	16|10|4|4|5|6|3|13|3|2|5|8
GA	Syrmik	LTR	ERVL	DR0203848	QGNR01000003.1:17308221-17308563-	QGNR01000017.1:5597361-5597710-	10	50	0	111,112,116,117,118	111,112,116,117,118	1	3,4,5,6,7	8	8	341	10|11|0|4|1|1|8|8|2|0|1|4
GA	Syrmik	LTR	ERVL	DR0203884	QGNR01000007.1:2769676-2770209+	QGNR01000264.1:100029-100559+	14	29	0	133,140,159,85,98	128,135,156,86,99	1	1,2,3,4,5	71	71	531	14|7|0|0|0|0|2|3|2|0|0|1
GA	Syrmik	LTR	ERVL	DR0203991	QGNR01000058.1:4161956-4162536+	QGNR01009204.1:0-1009-	10	37	0	287,298,308,315,352	375,386,396,403,440	1	5,6,7,8,9	66	66	577	10|3|1|2|0|2|9|5|1|1|3|0
GA	Syrmik	LTR	ERVL	DR0203991	QGNR01000058.1:4161956-4162536+	QGNR01000062.1:2171816-2174949+	9	38	0	294,301,303,308,315,352	2076,2083,2085,2090,2097,2133	1	3,4,5,6,7,8	58	58	579	9|4|1|3|2|0|10|6|0|1|2|0
GA	Syrmik	LTR	ERVL	DR0203971	QGNR01000001.1:24809041-24809397-	QGNR01000027.1:12953648-12954419+	11	24	0	225,228,229,235,243,248	224,227,228,234,242,247	1	5,6,7,8,9,10	24	24	213	11|5|2|1|0|0|2|2|0|0|0|1
GA	Syrmik	LTR	ERVL	DR0203967	QGNR01000058.1:4686741-4687236-	QGNR01000181.1:124031-124650+	9	25	0	220,238,243,254,263,288	346,364,369,380,389,414	1	1,2,3,4,5,6	69	69	299	9|3|0|0|0|0|6|3|0|2|1|1
GA	Syrmik	LTR	ERVL	DR0203973	QGNR01000010.1:10420687-10421043+	QGNR01000035.1:5231150-5231699+	11	47	0	240,245,256,259,263	242,247,258,261,265	1	4,5,6,7,8	24	24	342	11|12|3|2|1|0|8|3|1|1|3|2
GA	Syrmik	LTR	ERVL	DR0203988	QGNR01000040.1:5757572-5759664+	QGNR01000233.1:209969-212451+	40	148	0	249,252,255,257,260,271	26,29,32,34,37,48	1	1,2,3,4,5,6	23	23	1871	40|21|6|5|12|5|24|24|4|3|4|0
GA	Syrmik	LTR	ERVL	DR0203952	QGNR01000058.1:935392-935718-	QGNR01000372.1:66777-67042-	12	32	0	106,128,164,165,170	103,104,109,45,67	1	2,3,4,5,6	65	65	262	12|8|2|1|0|1|2|5|1|0|0|0
GA	Syrmik	LTR	ERVL	DR0203848	QGNR01000003.1:17426534-17426875-	QGNR01000014.1:6112986-6113336-	13	52	0	207,214,216,229,232	215,222,224,237,240	1	4,5,6,7,8	26	26	341	13|9|1|1|1|2|5|16|1|2|0|1
GA	Syrmik	LTR	ERVL	DR0203988	QGNR01000040.1:5757572-5759664+	QGNR01000076.1:4723232-4723747-	16	62	0	487,488,495,498,508	481,482,489,492,502	1	12,13,14,15,16	22	22	517	16|14|1|5|6|4|3|7|4|1|1|0
GA	Syrmik	LTR	ERVL	DR0203971	QGNR01000001.1:25484197-25484955-	QGNR01000027.1:12953648-12954419+	19	85	0	217,220,221,227,240	224,227,228,234,247	1	4,5,6,7,8	24	24	625	19|12|4|7|4|3|9|15|0|3|5|4
GA	Syrmik	LTR	ERVL	DR0203973	QGNR01000010.1:12076898-12077473-	QGNR01000019.1:13877936-13878471-	15	83	0	162,164,165,166,175	161,163,164,165,174	1	2,3,4,5,6	14	14	527	15|16|5|4|1|4|10|12|2|5|5|4
GA	Syrmik	LTR	ERVL	DR0203971	QGNR01000001.1:25484197-25484955-	QGNR01000056.1:3352255-3352826-	8	28	0	219,221,227,245,246	114,116,122,141,142	1	4,5,6,7,8	29	29	255	8|2|0|1|1|1|7|4|0|2|2|0
GA	Syrmik	LTR	ERVL	DR0203973	QGNR01000010.1:13162129-13162663+	QGNR01000016.1:15609668-15610217-	10	28	0	111,116,129,148,153	134,139,153,171,176	1	5,6,7,8,9	43	43	252	10|5|0|3|1|0|3|3|0|1|0|2
GA	Syrmik	LTR	ERVL	DR0203861	QGNR01000016.1:16459935-16463815-	QGNR01000076.1:3595769-3601094+	142	659	0	388,396,397,399,421	214,222,223,225,246	1	5,6,7,8,9	33	33	3698	142|102|26|24|26|31|115|105|19|22|18|29
GA	Syrmik	LTR	ERVL	DR0203861	QGNR01000016.1:16459935-16463815-	QGNR01000058.1:1467617-1472737+	132	573	0	2171,2172,2175,2182,2184	1384,1385,1388,1395,1397	1	54,55,56,57,58	14	14	3045	132|98|20|16|19|27|103|88|21|14|11|24
GA	Syrmik	LTR	ERVL	DR0203971	QGNR01000001.1:25485173-25485923+	QGNR01000050.1:5053983-5054767+	25	113	0	102,105,106,71,83	101,104,105,69,81	1	1,2,3,4,5	37	37	617	25|10|3|5|3|9|17|21|3|4|6|7
GA	Syrmik	LTR	ERVL	DR0203861	QGNR01000016.1:16459935-16463815-	QGNR01000220.1:39101-40881+	48	178	0	3835,3841,3851,3853,3858	1185,1191,1201,1203,1208	1	44,45,46,47,48	24	24	1219	48|27|7|5|9|8|28|31|3|3|5|4
GA	Syrmik	LTR	ERVL	DR0203861	QGNR01000016.1:16459935-16463815-	QGNR01000262.1:34686-35886-	29	174	0	161,163,164,166,169	164,166,167,169,172	1	7,8,9,10,11	9	9	1195	29|28|7|4|5|7|37|27|7|9|5|9
GA	Syrmik	LTR	ERVL	DR0203971	QGNR01000001.1:25485173-25485923+	QGNR01000034.1:6380589-6381373-	22	99	0	102,105,106,83,86,94	100,101,77,80,89,97	1	4,5,6,7,8,9	25	25	625	22|10|3|3|5|4|14|24|1|4|5|4
GA	Syrmik	LTR	ERVL	DR0203861	QGNR01000016.1:16459935-16463815-	QGNR01000050.1:1180041-1180365+	7	37	0	109,110,70,73,79	108,109,69,72,78	1	1,2,3,4,5	41	41	323	7|6|2|2|2|2|5|7|0|0|2|2
GA	Syrmik	LTR	ERVL	DR0203833	QGNR01000001.1:25980554-25981371-	QGNR01000005.1:18626373-18626952-	17	56	0	701,702,743,746,764	451,452,493,496,514	1	13,14,15,16,17	64	64	553	17|8|1|0|3|0|7|12|4|2|1|1
GA	Syrmik	LTR	ERVL	DR0203938	QGNR01000010.1:9261069-9261611+	QGNR01000090.1:1755385-1755935-	15	46	0	466,474,475,476,483,499	459,467,468,469,476,492	1	6,7,8,9,10,11	34	34	538	15|8|1|0|0|5|3|9|1|1|1|2
GA	Syrmik	LTR	ERVL	DR0203938	QGNR01000010.1:9261069-9261611+	QGNR01000114.1:2100194-2100722-	10	46	0	466,474,476,494,499,508	452,460,462,480,485,494	1	4,5,6,7,8,9	43	43	535	10|11|2|1|0|2|6|9|1|1|0|3
GA	Syrmik	LTR	ERVL	DR0203938	QGNR01000010.1:9261069-9261611+	QGNR01000034.1:6720528-6721062+	11	45	0	474,476,494,499,508	466,468,486,491,500	1	6,7,8,9,10	35	35	538	11|12|1|1|1|2|3|7|3|2|0|2
GA	Syrmik	LTR	ERVL	DR0203926	QGNR01000043.1:1020538-1020692-	QGNR01000043.1:1296867-1297122-	5	6	0	133,20,61,82,84	133,20,61,82,84	1	1,2,3,4,5	114	114	154	5|0|0|0|0|0|0|1|0|0|0|0
GA	Syrmik	LTR	ERVL	DR0203938	QGNR01000010.1:9261069-9261611+	QGNR01000048.1:6511451-6511961-	14	56	0	476,483,515,519,520	449,456,480,484,485	1	10,11,12,13,14	37	37	524	14|8|1|1|2|3|9|9|1|3|1|4
GA	Syrmik	LTR	ERVL	DR0203952	QGNR01000068.1:4388464-4388797+	QGNR01000177.1:228614-228936-	6	31	0	18,21,23,24,44	18,21,23,24,44	1	1,2,3,4,5	27	27	327	6|8|2|1|0|0|4|5|1|0|4|0
GA	Syrmik	LTR	ERVL	DR0203892	QGNR01000093.1:1304770-1305293-	QGNR01000114.1:3564-4105-	15	84	0	155,157,161,163,165	155,157,161,163,165	1	5,6,7,8,9	11	11	511	15|15|3|4|1|1|15|13|3|6|4|4
GA	Syrmik	LTR	ERVL	DR0203983	QGNR01000218.1:14769-17494+	QGNR01000416.1:8888-11353+	50	244	0	1155,1163,1168,1172,1176	1466,1474,1479,1483,1487	1	32,33,34,35,36	22	22	2149	50|45|6|7|9|14|36|35|7|11|12|12
GA	Syrmik	LTR	ERVL	DR0203833	QGNR01000001.1:32862322-32863037-	QGNR01000010.1:9905308-9906134-	6	21	0	294,324,334,336,366	290,320,330,332,362	1	2,3,4,5,6	73	73	394	6|6|0|0|1|0|3|3|0|0|1|1
GA	Syrmik	LTR	ERVL	DR0203833	QGNR01000001.1:32862322-32863037-	QGNR01000029.1:10896991-10897823-	10	27	0	257,329,375,388,391	255,327,373,386,389	1	6,7,8,9,10	135	135	405	10|5|0|1|4|1|3|2|0|0|1|0
GA	Syrmik	LTR	ERVL	DR0203861	QGNR01000021.1:3376172-3376480+	QGNR01000024.1:14002374-14002696-	6	27	0	208,221,235,240,255	212,225,239,244,259	1	2,3,4,5,6	48	48	301	6|5|1|1|0|1|5|4|1|2|0|1
GA	Syrmik	LTR	ERVL	DR0203973	QGNR01000016.1:13057728-13058266+	QGNR01000038.1:3149629-3150171-	17	97	0	59,64,71,74,80	59,64,73,76,82	1	3,4,5,6,7	24	24	538	17|13|5|5|3|5|7|19|5|6|4|8
GA	Syrmik	LTR	ERVL	DR0203983	QGNR01000218.1:73299-77151+	QGNR01000270.1:77823-80943+	38	220	0	3674,3680,3682,3687,3692,3695	2953,2959,2961,2966,2971,2974	1	33,34,35,36,37,38	22	22	1542	38|32|3|7|6|20|52|24|6|12|10|10
GA	Syrmik	LTR	ERVL	DR0203991	QGNR01000115.1:1229541-1232680+	QGNR01000122.1:854608-857309-	40	171	0	1635,1638,1650,1655,1683	1927,1930,1942,1947,1975	1	27,28,29,30,31	49	49	2083	40|37|5|6|9|3|30|22|6|4|3|6
GA	Syrmik	LTR	ERVL	DR0203991	QGNR01000115.1:1229541-1232680+	QGNR01000220.1:64576-67184+	49	182	0	1635,1638,1647,1650,1683	1853,1856,1865,1868,1901	1	33,34,35,36,37	49	49	2055	49|35|5|5|6|6|24|25|8|5|4|10
GA	Syrmik	LTR	ERVL	DR0203876	QGNR01000001.1:25844819-25845714+	QGNR01000122.1:221429-222262-	18	86	0	679,685,704,708,721	619,625,644,648,661	1	10,11,12,13,14	43	43	771	18|19|4|4|1|3|13|10|2|8|2|2
GA	Syrmik	LTR	ERVL	DR0203991	QGNR01000115.1:1229541-1232680+	QGNR01000206.1:54169-56074+	32	137	0	492,499,502,507,510	738,745,748,753,756	1	6,7,8,9,10	19	19	1325	32|20|5|11|6|6|24|13|9|1|4|6
GA	Syrmik	LTR	ERVL	DR0203833	QGNR01000001.1:32862322-32863037-	QGNR01000113.1:323457-324261+	10	40	0	320,329,330,334,336	320,329,330,334,336	1	5,6,7,8,9	17	17	406	10|9|0|2|5|3|6|4|0|1|0|0
GA	Syrmik	LTR	ERVL	DR0203952	QGNR01000077.1:2944812-2947996-	QGNR01000211.1:27352-29563+	53	320	0	1467,1468,1473,1479,1482	1786,1787,1792,1798,1801	1	32,33,34,35,36	16	16	1896	53|54|10|10|14|15|74|42|12|13|10|13
GA	Syrmik	LTR	ERVL	DR0203938	QGNR01000010.1:9931401-9931946+	QGNR01000090.1:1755385-1755935-	15	43	0	422,428,469,475,478,502	412,418,459,465,468,492	1	7,8,9,10,11,12	81	81	534	15|6|1|0|1|4|6|7|1|0|1|1
GA	Syrmik	LTR	ERVL	DR0203973	QGNR01000016.1:16869949-16870495-	QGNR01000034.1:4487756-4488061-	11	37	0	170,174,186,194,212	171,175,187,195,213	1	6,7,8,9,10	43	43	257	11|6|1|1|0|1|7|5|0|1|0|4
GA	Syrmik	LTR	ERVL	DR0203988	QGNR01000058.1:2467179-2470497-	QGNR01000233.1:209969-212451+	30	110	0	1327,1335,1339,1342,1349	2108,2116,2120,2123,2130	1	19,20,21,22,23	23	23	1122	30|11|5|2|1|4|22|25|4|0|3|3
GA	Syrmik	LTR	ERVL	DR0203837	QGNR01000002.1:19564520-19564852-	QGNR01000025.1:6616725-6617064-	12	37	0	113,114,116,125,152,154,157	113,114,116,125,152,154,157	1	5,6,7,8,9,10,11	45	45	274	12|7|2|0|0|0|3|7|3|0|2|1
GA	Syrmik	LTR	ERVL	DR0203837	QGNR01000002.1:19564520-19564852-	QGNR01000006.1:2851166-2851492-	14	50	0	73,74,86,88,91	73,74,86,88,91	1	4,5,6,7,8	19	19	319	14|7|2|0|0|5|9|7|2|3|1|0
GA	Syrmik	LTR	ERVL	DR0203884	QGNR01000010.1:8727156-8727715-	QGNR01000016.1:8982518-8983054-	10	31	0	103,133,143,164,180	110,120,141,157,80	1	2,3,4,5,6	78	78	534	10|7|1|0|2|1|4|6|0|0|0|0
GA	Syrmik	LTR	ERVL	DR0203986	QGNR01000090.1:636314-639821+	QGNR01000267.1:53902-55566-	17	82	0	1985,1989,1990,1991,1995	307,311,312,313,317	1	2,3,4,5,6	11	11	978	17|11|2|1|2|6|12|10|9|1|5|6
GA	Syrmik	LTR	ERVL	DR0203884	QGNR01000010.1:8727156-8727715-	QGNR01000264.1:100029-100559+	13	29	0	109,122,143,164,195	114,135,166,86,99	1	1,2,3,4,5	81	81	531	13|6|0|0|0|1|1|6|1|1|0|0
GA	Syrmik	LTR	ERVL	DR0203986	QGNR01000090.1:636314-639821+	QGNR01021188.1:0-637-	9	39	0	1985,1989,1990,1991,1995	350,354,355,356,360	1	2,3,4,5,6	11	11	638	9|7|0|0|1|2|9|6|0|2|1|2
GA	Syrmik	LTR	ERVL	DR0203912	QGNR01000068.1:2489920-2493857+	QGNR01000152.1:320094-321835+	18	88	0	3385,3386,3393,3405,3407	1710,1711,1718,1730,1732	1	14,15,16,17,18	23	23	627	18|18|1|4|6|2|17|11|3|1|3|4
GA	Syrmik	LTR	ERVL	DR0203861	QGNR01000022.1:10608334-10613695-	QGNR01000058.1:1467617-1472737+	148	648	0	5144,5145,5153,5179,5193,5208	4364,4365,4373,4399,4413,4428	1	140,141,142,143,144,145	65	65	4066	148|113|22|15|20|26|107|128|14|13|17|25
GA	Syrmik	LTR	ERVL	DR0204011	QGNR01000001.1:25496647-25497157-	QGNR01000064.1:796005-796567+	15	53	0	467,476,482,487,489,497	497,506,512,517,519,527	1	10,11,12,13,14,15	31	31	524	15|9|1|0|1|3|10|7|3|2|0|2
GA	Syrmik	LTR	ERVL	DR0203833	QGNR01000001.1:34262623-34263443+	QGNR01000040.1:1189802-1190643+	15	95	0	508,514,517,523,526,537	521,527,530,536,539,550	1	9,10,11,12,13,14	30	30	816	15|13|1|5|7|3|20|13|5|6|5|2
GA	Syrmik	LTR	ERVL	DR0203833	QGNR01000001.1:34262623-34263443+	QGNR01000050.1:2124295-2125115-	14	93	0	508,514,517,519,523	502,508,511,513,517	1	6,7,8,9,10	16	16	812	14|15|0|3|3|1|15|20|5|5|6|6
GA	Syrmik	LTR	ERVL	DR0203971	QGNR01000002.1:20446453-20447283+	QGNR01000027.1:8811671-8812449+	8	50	0	432,444,445,467,471	390,402,403,425,429	1	1,2,3,4,5	40	40	404	8|13|0|1|3|0|8|11|0|0|4|2
GA	Syrmik	LTR	ERVL	DR0203837	QGNR01000002.1:19635246-19635578-	QGNR01000011.1:829631-829976+	11	57	0	157,164,166,169,171	157,164,166,169,171	1	5,6,7,8,9	15	15	313	11|6|1|2|1|2|5|12|3|4|3|7
GA	Syrmik	LTR	ERVL	DR0203837	QGNR01000002.1:19635246-19635578-	QGNR01000066.1:5397964-5398309-	13	54	0	73,82,84,86,91,99	73,82,84,86,91,99	1	3,4,5,6,7,8	27	27	312	13|3|2|4|1|2|9|11|1|1|3|4
GA	Syrmik	LTR	ERVL	DR0203876	QGNR01000001.1:25984765-25985671-	QGNR01000071.1:4895412-4896238+	19	86	0	161,178,186,199,216	157,174,182,195,212	1	5,6,7,8,9	56	56	831	19|21|3|2|4|5|12|8|3|4|1|4
GA	Syrmik	LTR	ERVL	DR0203917	QGNR01000016.1:12375736-12376259-	QGNR01000033.1:8334832-8335369-	10	68	0	170,172,183,191,192	171,173,184,192,193	1	3,4,5,6,7	23	23	510	10|13|4|4|2|1|10|12|0|5|5|2
GA	Syrmik	LTR	ERVL	DR0203833	QGNR01000001.1:34262623-34263443+	QGNR01000029.1:10984222-10985063+	21	94	0	508,514,517,519,523	523,529,532,534,538	1	13,14,15,16,17	16	16	700	21|16|1|3|4|1|16|14|3|1|9|5
GA	Syrmik	LTR	ERVL	DR0203876	QGNR01000001.1:25984765-25985671-	QGNR01000033.1:8496358-8497182-	18	77	0	157,158,161,179,186	154,155,158,176,183	1	5,6,7,8,9	30	30	733	18|18|3|1|4|3|10|10|3|6|1|0
GA	Syrmik	LTR	ERVL	DR0203973	QGNR01000024.1:13893019-13893572+	QGNR01000035.1:6282698-6283256-	29	105	0	360,366,368,370,372	365,369,371,373,375	1	17,18,19,20,21	11	11	544	29|15|5|6|3|7|16|15|2|4|2|1
GA	Syrmik	LTR	ERVL	DR0203861	QGNR01000024.1:12829387-12829714-	QGNR01000027.1:1997981-2000226+	9	27	0	100,106,71,81,90	1989,1999,2008,2018,2024	1	5,6,7,8,9	36	36	221	9|6|2|2|0|1|0|3|1|1|0|2
GA	Syrmik	LTR	ERVL	DR0203988	QGNR01000062.1:2605620-2605894-	QGNR01000076.1:4723232-4723747-	11	34	0	240,241,248,251,261	481,482,489,492,502	1	7,8,9,10,11	22	22	273	11|9|2|1|1|3|1|4|0|1|0|1
GA	Syrmik	LTR	ERVL	DR0203967	QGNR01000122.1:742484-746900-	QGNR01000287.1:14256-19737-	92	463	0	2572,2573,2578,2585,2586	3547,3548,3553,3560,3561	1	56,57,58,59,60	15	15	3281	92|67|13|14|14|25|100|74|6|23|19|16
GA	Syrmik	LTR	ERVL	DR0203833	QGNR01000001.1:34262623-34263443+	QGNR01000068.1:2994996-2995793-	12	61	0	508,509,514,517,523	477,478,483,486,492	1	4,5,6,7,8	16	16	420	12|10|1|2|2|0|13|11|3|0|4|3
GA	Syrmik	LTR	ERVL	DR0203917	QGNR01000016.1:14675992-14676519-	QGNR01000047.1:6953828-6954350-	15	75	0	62,63,64,66,73	62,63,64,66,73	1	1,2,3,4,5	12	12	524	15|19|5|2|1|1|8|11|3|4|2|4
GA	Syrmik	LTR	ERVL	DR0203973	QGNR01000024.1:16775960-16776340+	QGNR01000102.1:831553-832108+	19	54	0	316,320,321,323,325	309,313,314,316,318	1	15,16,17,18,19	10	10	333	19|7|5|3|2|1|5|8|0|2|0|2
GA	Syrmik	LTR	ERVL	DR0203876	QGNR01000001.1:25984765-25985671-	QGNR01000114.1:2002269-2003047+	11	31	0	161,179,181,186,188	158,176,178,183,185	1	2,3,4,5,6	28	28	297	11|4|1|1|2|0|8|2|0|0|1|1
GA	Syrmik	LTR	ERVL	DR0203952	QGNR01000151.1:830386-830711+	QGNR01000372.1:66777-67042-	11	28	0	127,157,163,164,169	103,104,109,67,97	1	2,3,4,5,6	43	43	264	11|3|1|0|0|1|5|5|1|0|1|0
GA	Syrmik	LTR	ERVL	DR0203967	QGNR01000147.1:29269-30023+	QGNR01000196.1:125264-127829+	42	116	0	292,316,320,328,331	1177,1201,1205,1213,1216	1	16,17,18,19,20	40	40	754	42|28|5|5|10|3|8|7|4|0|1|3
GA	Syrmik	LTR	ERVL	DR0204011	QGNR01000001.1:44415834-44416355+	QGNR01000004.1:2459125-2459667+	11	40	0	103,104,109,115,141	103,104,109,115,148	1	2,3,4,5,6	46	46	528	11|3|1|0|2|0|8|9|1|1|2|2
GA	Syrmik	LTR	ERVL	DR0203944	QGNR01000034.1:7101657-7102126+	QGNR01000178.1:155990-156506+	7	45	0	103,110,116,125,97	100,106,115,87,93	1	1,2,3,4,5	29	29	362	7|7|0|3|0|2|9|4|0|2|3|8
GA	Syrmik	LTR	ERVL	DR0203988	QGNR01000067.1:3706574-3710245+	QGNR01000228.1:26045-28296+	21	77	0	618,631,637,641,642	1358,1371,1377,1381,1382	1	1,2,3,4,5	25	25	907	21|11|2|0|4|1|16|18|1|1|0|2
GA	Syrmik	LTR	ERVL	DR0203926	QGNR01000071.1:3091312-3092091+	QGNR01000076.1:3510026-3510302+	10	24	0	223,237,238,247,256	217,230,231,240,249	1	6,7,8,9,10	33	33	279	10|1|1|2|0|2|3|3|0|0|0|2
GA	Syrmik	LTR	ERVL	DR0203892	QGNR01000114.1:3564-4105-	QGNR01000629.1:206-657+	10	43	0	484,491,512,514,519	393,400,421,423,428	1	6,7,8,9,10	36	36	329	10|6|2|3|1|4|3|9|0|1|2|2
GA	Syrmik	LTR	ERVL	DR0203848	QGNR01000006.1:20045960-20046305+	QGNR01000035.1:8138790-8139136-	10	47	0	41,55,56,81,90	41,55,56,81,90	1	1,2,3,4,5	50	50	343	10|10|1|3|2|2|5|10|0|0|2|2
GA	Syrmik	LTR	ERVL	DR0203848	QGNR01000006.1:20045960-20046305+	QGNR01000009.1:1356655-1357004-	10	52	0	103,72,86,87,90	100,72,86,87,90	1	2,3,4,5,6	29	29	345	10|9|3|3|3|2|6|12|0|2|1|1
GA	Syrmik	LTR	ERVL	DR0203976	QGNR01000004.1:15812588-15812929+	QGNR01000055.1:3246439-3246777-	10	45	0	113,51,53,86,89	110,48,50,83,86	1	2,3,4,5,6	63	63	325	10|7|0|0|1|0|7|11|1|5|1|2
GA	Syrmik	LTR	ERVL	DR0203938	QGNR01000016.1:12895108-12895636-	QGNR01000090.1:1755385-1755935-	16	47	0	448,454,456,457,465	459,465,467,468,476	1	7,8,9,10,11	18	18	524	16|5|1|2|0|3|4|13|1|0|1|1
GA	Syrmik	LTR	ERVL	DR0203976	QGNR01000004.1:15812588-15812929+	QGNR01000011.1:17321492-17321830+	8	46	0	113,126,138,66,89	113,126,138,66,89	1	3,4,5,6,7	73	73	332	8|5|0|0|0|2|8|12|2|5|2|2
GA	Syrmik	LTR	ERVL	DR0204021	QGNR01000058.1:2769058-2772114-	QGNR01000122.1:565983-571296-	33	138	0	2938,2946,2957,2962,2977	2778,2786,2797,2802,2817	1	29,30,31,32,33	40	40	1478	33|17|4|3|4|3|31|25|3|6|0|9
GA	Syrmik	LTR	ERVL	DR0203938	QGNR01000016.1:12895108-12895636-	QGNR01000098.1:1748271-1748803+	17	52	0	456,465,490,496,501	464,473,498,504,509	1	13,14,15,16,17	46	46	520	17|7|4|3|2|1|2|13|0|2|0|1
GA	Syrmik	LTR	ERVL	DR0203912	QGNR01000081.1:27301-28569+	QGNR01000220.1:48522-50350+	23	87	0	779,780,781,788,791	1329,1330,1331,1338,1341	1	19,20,21,22,23	13	13	796	23|13|2|6|4|7|4|19|2|1|2|4
GA	Syrmik	LTR	ERVL	DR0203973	QGNR01000027.1:21299733-21300282-	QGNR01000038.1:5058191-5058675-	16	74	0	237,239,243,252,258	184,186,190,199,205	1	3,4,5,6,7	22	22	468	16|11|4|3|3|2|11|8|2|4|4|6
GA	Syrmik	LTR	ERVL	DR0203973	QGNR01000027.1:21299733-21300282-	QGNR01000035.1:5231150-5231699+	17	69	0	239,244,252,255,258	242,247,255,258,261	1	7,8,9,10,11	20	20	390	17|11|0|6|0|3|9|7|2|5|3|6
GA	Syrmik	LTR	ERVL	DR0203967	QGNR01000196.1:4556-6662+	QGNR01000287.1:14256-19737-	64	266	0	1269,1271,1283,1290,1291,1296	3526,3528,3540,3547,3548,3553	1	36,37,38,39,40,41	28	28	2098	64|52|5|9|5|10|40|44|4|9|15|9
GA	Syrmik	LTR	ERVL	DR0203884	QGNR01000011.1:4909267-4909807-	QGNR01000264.1:100029-100559+	14	42	0	138,169,70,86,99	135,166,70,86,99	1	1,2,3,4,5	97	97	534	14|8|0|0|0|0|6|11|2|0|1|0
GA	Syrmik	LTR	ERVL	DR0204021	QGNR01000062.1:2608244-2608947-	QGNR01000122.1:565983-571296-	12	36	0	109,112,123,128,29,82	2703,2756,2783,2786,2797,2802	1	1,2,3,4,5,6	100	100	701	12|3|1|1|0|3|11|1|0|1|2|1
GA	Syrmik	LTR	ERVL	DR0203967	QGNR01000196.1:125264-127829+	QGNR01000287.1:14256-19737-	60	273	0	669,700,719,720,725	3497,3528,3547,3548,3553	1	18,19,20,21,22	57	57	2150	60|38|6|14|10|18|48|34|9|12|10|14
GA	Syrmik	LTR	ERVL	DR0204021	QGNR01000081.1:23874-25463+	QGNR01000122.1:565983-571296-	33	111	0	1447,1450,1461,1466,1483	2783,2786,2797,2802,2820	1	28,29,30,31,32	38	38	1564	33|23|3|2|4|4|17|15|5|2|1|2
GA	Syrmik	LTR	ERVL	DR0204011	QGNR01000003.1:19108134-19108663-	QGNR01000136.1:254567-255100+	12	61	0	128,138,153,167,180	134,144,159,173,186	1	3,4,5,6,7	53	53	529	12|12|2|0|2|4|8|12|3|2|2|2
GA	Syrmik	LTR	ERVL	DR0203861	QGNR01000025.1:3184394-3190356-	QGNR01000090.1:1670000-1674258+	99	476	0	1333,1354,1390,1393,1403	1314,1335,1371,1374,1384	1	29,30,31,32,33	71	71	4267	99|86|16|13|16|26|81|81|10|14|17|17
GA	Syrmik	LTR	ERVL	DR0203861	QGNR01000025.1:3184394-3190356-	QGNR01000227.1:138967-144852-	76	512	0	3779,3788,3794,3797,3798	3690,3699,3705,3708,3709	1	39,40,41,42,43	20	20	4197	76|97|18|14|12|16|126|81|8|23|21|20
GA	Syrmik	LTR	ERVL	DR0204011	QGNR01000003.1:19108134-19108663-	QGNR01000064.1:796005-796567+	13	63	0	485,494,500,506,515	497,506,512,518,527	1	9,10,11,12,13	31	31	533	13|9|2|0|1|2|13|10|4|5|0|4
GA	Syrmik	LTR	ERVL	DR0203942	QGNR01000006.1:12393341-12393595+	QGNR01000206.1:172837-174204-	9	25	0	63,65,68,69,85	164,166,169,170,186	1	1,2,3,4,5	23	23	253	9|4|0|1|0|0|3|3|0|2|0|3
GA	Syrmik	LTR	ERVL	DR0203944	QGNR01000038.1:6950843-6955160+	QGNR01000123.1:871703-873738-	41	225	0	4136,4140,4142,4144,4146,4148,4150	1386,1390,1392,1394,1396,1398,1400	1	31,32,33,34,35,36,37	15	15	1545	41|33|5|7|4|11|48|35|12|13|4|12
GA	Syrmik	LTR	ERVL	DR0203861	QGNR01000025.1:3184394-3190356-	QGNR01000553.1:1276-6744-	89	420	0	2383,2384,2392,2399,2404,2414	2344,2345,2353,2360,2365,2375	1	18,19,20,21,22,23	32	32	3711	89|66|12|8|16|19|70|88|8|15|11|18
GA	Syrmik	LTR	ERVL	DR0203967	QGNR01000220.1:75244-76508+	QGNR01000287.1:14256-19737-	24	115	0	656,664,666,670,678	4775,4783,4785,4791,4797	1	13,14,15,16,17	23	23	848	24|12|2|6|2|13|21|12|7|8|4|4
GA	Syrmik	LTR	ERVL	DR0203861	QGNR01000025.1:3184394-3190356-	QGNR01000040.1:5781333-5784549+	48	317	0	2482,2498,2500,2524,2531	2433,2449,2451,2475,2482	1	37,38,39,40,41	50	50	3246	48|43|8|9|8|14|63|70|6|12|16|20
GA	Syrmik	LTR	ERVL	DR0203861	QGNR01000025.1:3184394-3190356-	QGNR01000058.1:1467617-1472737+	210	900	0	1047,1052,1054,1062,1066	262,266,268,275,279	1	16,17,18,19,20	18	18	5014	210|140|32|24|22|35|162|163|25|29|23|35
GA	Syrmik	LTR	ERVL	DR0203973	QGNR01000031.1:346752-347309-	QGNR01000048.1:2091799-2092262-	11	66	0	39,40,42,54,57	39,40,42,54,57	1	1,2,3,4,5	19	19	368	11|9|2|5|2|6|9|9|2|3|2|6
GA	Syrmik	LTR	ERVL	DR0203967	QGNR01000227.1:172451-174329+	QGNR01000287.1:14256-19737-	23	99	0	353,355,374,380,387	3526,3528,3547,3553,3560	1	9,10,11,12,13	35	35	899	23|17|0|4|1|5|19|16|4|2|3|5
GA	Syrmik	LTR	ERVL	DR0203861	QGNR01000025.1:3184394-3190356-	QGNR01000090.1:1905010-1908922-	129	677	0	2392,2394,2398,2399,2404	2396,2398,2402,2403,2408	1	82,83,84,85,86	13	13	3891	129|116|19|17|22|40|117|124|17|18|21|37
GA	Syrmik	LTR	ERVL	DR0203991	QGNR01000247.1:25564-31275-	QGNR01000790.1:4840-6898-	46	190	0	3156,3166,3173,3180,3196	1139,1149,1156,1163,1179	1	24,25,26,27,28	41	41	2040	46|27|9|13|11|10|28|19|7|4|11|5
GA	Syrmik	LTR	ERVL	DR0203967	QGNR01000244.1:12224-14134+	QGNR01000287.1:14256-19737-	45	162	0	48,55,60,67,68,69,73	3528,3535,3540,3547,3548,3549,3553	1	1,2,3,4,5,6,7	26	26	1300	45|18|3|5|9|11|24|21|3|11|4|8
GA	Syrmik	LTR	ERVL	DR0203861	QGNR01000025.1:3184394-3190356-	QGNR01000262.1:34686-35886-	32	164	0	161,163,164,166,169	164,166,167,169,172	1	6,7,8,9,10	9	9	1198	32|25|7|1|4|11|35|24|4|9|4|8
GA	Syrmik	LTR	ERVL	DR0204021	QGNR01000122.1:767938-770456-	QGNR01000264.1:5040-5667+	10	45	0	2406,2422,2433,2435,2463	379,395,406,408,436	1	6,7,8,9,10	58	58	494	10|4|0|0|2|5|4|12|2|4|1|1
GA	Syrmik	LTR	ERVL	DR0203938	QGNR01000022.1:7076363-7076902-	QGNR01000039.1:637998-638535+	17	55	0	503,505,512,526,533	501,503,510,524,531	1	13,14,15,16,17	31	31	529	17|10|5|0|1|2|8|4|2|2|1|3
GA	Syrmik	LTR	ERVL	DR0204011	QGNR01000004.1:2459125-2459667+	QGNR01000064.1:796005-796567+	13	56	0	499,502,508,514,519	497,500,506,512,517	1	8,9,10,11,12	21	21	540	13|10|1|0|1|2|15|7|4|1|2|0
GA	Syrmik	LTR	ERVL	DR0204011	QGNR01000004.1:2459125-2459667+	QGNR01000045.1:8648239-8648773+	16	59	0	474,494,502,516,519	466,486,494,508,511	1	11,12,13,14,15	46	46	538	16|14|0|1|0|1|14|8|3|0|1|1
GA	Syrmik	LTR	ERVL	DR0203944	QGNR01000043.1:442751-443221+	QGNR01000076.1:3454079-3454564-	9	33	0	103,76,84,95,96	66,74,85,86,93	1	3,4,5,6,7	28	28	360	9|9|0|1|2|1|3|6|1|1|0|0
GA	Syrmik	LTR	ERVL	DR0203861	QGNR01000025.1:8886851-8889741+	QGNR01000173.1:238422-241982+	93	389	0	624,633,634,635,636	1352,1361,1362,1363,1364	1	20,21,22,23,24	13	13	2724	93|75|12|20|12|11|52|58|12|6|20|18
GA	Syrmik	LTR	ERVL	DR0204011	QGNR01000004.1:2459125-2459667+	QGNR01000016.1:7393105-7393329-	9	26	0	474,494,499,502,508	156,176,181,184,190	1	4,5,6,7,8	35	35	224	9|3|0|0|2|1|4|4|1|1|1|0
GA	Syrmik	LTR	ERVL	DR0203942	QGNR01000006.1:15223722-15224077+	QGNR01009748.1:511-976+	9	21	0	279,288,291,294,320	279,288,291,294,320	1	5,6,7,8,9	42	42	215	9|3|0|1|1|0|1|4|0|1|0|1
GA	Syrmik	LTR	ERVL	DR0203942	QGNR01000006.1:15223722-15224077+	QGNR01000181.1:232124-233706-	7	18	0	261,288,291,294,320	261,284,287,290,316	1	3,4,5,6,7	56	56	209	7|3|1|1|2|0|0|4|0|0|0|0
GA	Syrmik	LTR	ERVL	DR0204023	QGNR01000001.1:2319401-2319873-	QGNR01000043.1:926943-927466+	13	55	0	126,130,138,145,148,156	158,162,170,177,180,188	1	3,4,5,6,7,8	31	31	483	13|13|2|0|1|2|6|6|5|1|2|4
GA	Syrmik	LTR	ERVL	DR0204023	QGNR01000001.1:2319401-2319873-	QGNR01000022.1:7368034-7368535+	11	51	0	114,126,131,153,156	117,129,134,156,159	1	3,4,5,6,7	43	43	486	11|10|1|4|2|1|3|8|4|1|2|4
GA	Syrmik	LTR	ERVL	DR0203991	QGNR01000316.1:65765-66602+	QGNR01009204.1:0-1009-	18	55	0	446,455,462,473,482	359,368,375,386,395	1	10,11,12,13,14	37	37	744	18|6|0|2|0|4|7|5|4|3|4|2
GA	Syrmik	LTR	ERVL	DR0204023	QGNR01000001.1:2319401-2319873-	QGNR01000088.1:882802-883268-	13	52	0	114,126,138,145,156	114,126,138,145,156	1	4,5,6,7,8	43	43	469	13|6|3|1|0|1|3|11|5|3|2|4
GA	Syrmik	LTR	ERVL	DR0204023	QGNR01000001.1:2319401-2319873-	QGNR01000017.1:9605250-9605753-	16	55	0	126,127,139,145,153,156	129,130,142,148,156,159	1	5,6,7,8,9,10	31	31	487	16|11|0|2|1|1|6|8|5|1|1|3
GA	Syrmik	LTR	ERVL	DR0204023	QGNR01000001.1:2319401-2319873-	QGNR01000042.1:2506490-2506948+	13	48	0	114,126,138,143,145,148	114,126,138,143,145,148	1	4,5,6,7,8,9	35	35	465	13|6|2|0|1|1|5|6|5|2|3|4
GA	Syrmik	LTR	ERVL	DR0204023	QGNR01000001.1:2319401-2319873-	QGNR01000068.1:3163865-3164182+	8	24	0	114,126,131,153,156	117,129,134,156,159	1	4,5,6,7,8	43	43	294	8|4|1|2|0|0|2|3|4|0|0|0
GA	Syrmik	LTR	ERVL	DR0204019	QGNR01000118.1:284348-285520+	QGNR01000181.1:29046-29509-	15	48	0	330,332,333,336,339	395,397,398,401,404	1	10,11,12,13,14	10	10	398	15|9|4|4|2|1|2|4|3|0|1|2
GA	Syrmik	LTR	ERVL	DR0203971	QGNR01000007.1:1007743-1008517-	QGNR01000027.1:22899302-22900110+	13	53	0	702,728,762,765,770	737,762,796,799,804	1	9,10,11,12,13	68	68	411	13|13|1|3|1|4|5|5|4|2|0|2
GA	Syrmik	LTR	ERVL	DR0203976	QGNR01000004.1:19239669-19240008+	QGNR01000050.1:3128782-3129117+	14	39	0	105,110,112,138,70,88	102,107,109,135,67,85	1	4,5,6,7,8,9	69	69	334	14|3|1|1|3|1|0|6|3|1|2|4
GA	Syrmik	LTR	ERVL	DR0203976	QGNR01000004.1:19239669-19240008+	QGNR01000011.1:17321492-17321830+	11	49	0	105,112,125,137,138,65,88	106,113,126,138,139,66,89	1	3,4,5,6,7,8,9	74	74	333	11|6|1|1|0|1|7|10|1|4|5|2
GA	Syrmik	LTR	ERVL	DR0203986	QGNR01000181.1:52414-53543+	QGNR01000228.1:55503-57314-	7	18	0	136,177,211,216,222	515,556,590,595,601	1	2,3,4,5,6	87	87	333	7|5|1|0|0|0|2|2|1|0|0|0
GA	Syrmik	LTR	ERVL	DR0203976	QGNR01000004.1:19239669-19240008+	QGNR01000055.1:3246439-3246777-	15	56	0	105,112,50,52,85,88	103,110,48,50,83,86	1	2,3,4,5,6,7	63	63	324	15|10|0|1|0|1|7|12|0|3|4|3
GA	Syrmik	LTR	ERVL	DR0203986	QGNR01000181.1:52414-53543+	QGNR01011129.1:0-908-	8	13	0	136,177,211,216,222	487,528,562,567,573	1	1,2,3,4,5	87	87	333	8|3|1|0|0|0|0|1|0|0|0|0
GA	Syrmik	LTR	ERVL	DR0203986	QGNR01000181.1:52414-53543+	QGNR01031672.1:0-506+	10	17	0	164,167,177,211,216,222	310,313,323,357,362,368	1	4,5,6,7,8,9	59	59	327	10|2|0|1|0|0|1|3|0|0|0|0
GA	Syrmik	LTR	ERVL	DR0204037	QGNR01000001.1:9149758-9150092-	QGNR01000002.1:1489569-1489905-	10	45	0	49,50,51,56,61,66	49,50,51,56,61,66	1	1,2,3,4,5,6	18	18	318	10|7|2|0|1|2|7|6|3|3|1|3
GA	Syrmik	LTR	ERVL	DR0203986	QGNR01000181.1:52414-53543+	QGNR01017079.1:0-720-	8	19	0	164,167,177,211,216,222	403,406,416,450,455,461	1	1,2,3,4,5,6	59	59	327	8|4|1|0|0|0|1|2|2|0|0|1
GA	Syrmik	LTR	ERVL	DR0203986	QGNR01000181.1:52414-53543+	QGNR01021636.1:0-630-	7	15	0	164,167,177,211,216,222	529,532,542,576,581,587	1	2,3,4,5,6,7	59	59	259	7|1|0|0|1|0|1|4|1|0|0|0
GA	Syrmik	LTR	ERVL	DR0203912	QGNR01000123.1:338669-340504-	QGNR01000220.1:48522-50350+	36	137	0	1355,1356,1357,1364,1367	1329,1330,1331,1338,1341	1	32,33,34,35,36	13	13	1370	36|13|3|7|6|9|20|27|7|5|3|1
GA	Syrmik	LTR	ERVL	DR0204037	QGNR01000001.1:9149758-9150092-	QGNR01000025.1:3474196-3474521-	14	42	0	50,55,61,62,71	50,55,61,62,71	1	1,2,3,4,5	22	22	257	14|5|1|1|0|1|5|7|2|1|2|3
GA	Syrmik	LTR	ERVL	DR0203971	QGNR01000008.1:7936285-7937049-	QGNR01000027.1:18468797-18469516-	18	84	0	177,180,186,187,197	136,139,145,146,156	1	2,3,4,5,6	21	21	710	18|18|10|2|3|3|15|8|2|1|2|2
GA	Syrmik	LTR	ERVL	DR0203971	QGNR01000008.1:7936285-7937049-	QGNR01000016.1:7036520-7037283-	24	84	0	101,104,91,96,99	100,103,105,108,95	1	1,2,3,4,5	14	14	751	24|15|2|2|6|4|15|7|2|1|3|3
GA	Syrmik	LTR	ERVL	DR0204033	QGNR01000001.1:44600008-44600990+	QGNR01000001.1:45173902-45174214+	10	21	0	196,207,211,213,264,271,277,278	194,205,209,211,259,266,272,273	1	2,3,4,5,6,7,8,9	80	80	266	10|2|1|1|0|0|4|2|0|1|0|0
GA	Syrmik	LTR	ERVL	DR0203884	QGNR01000012.1:6921500-6922044+	QGNR01000153.1:421-963+	5	6	0	447,470,486,496,510	444,467,483,493,507	1	1,2,3,4,5	64	64	183	5|0|0|0|0|0|1|0|0|0|0|0
GA	Syrmik	LTR	ERVL	DR0203986	QGNR01000193.1:262951-264206+	QGNR01056697.1:0-355+	8	18	0	1003,947,953,977,995	144,150,174,192,200	1	3,4,5,6,7	57	57	353	8|1|1|0|0|1|1|4|0|1|1|0
GA	Syrmik	LTR	ERVL	DR0203938	QGNR01000022.1:10469128-10469654-	QGNR01000027.1:22057380-22057898-	12	46	0	141,152,168,209,265,268	141,152,168,193,249,252	1	3,4,5,6,7,8	112	112	521	12|11|1|0|1|2|6|8|3|1|1|0
GA	Syrmik	LTR	ERVL	DR0203986	QGNR01000193.1:262951-264206+	QGNR01063184.1:0-328+	8	17	0	1000,1001,1003,938,947,995	139,144,145,147,82,91	1	2,3,4,5,6,7	66	66	328	8|3|1|0|0|0|2|3|0|0|0|0
GA	Syrmik	LTR	ERVL	DR0203837	QGNR01000003.1:7626957-7627289+	QGNR01000011.1:829631-829976+	16	62	0	157,164,166,169,171	157,164,166,169,171	1	5,6,7,8,9	15	15	330	16|5|1|3|1|4|7|16|3|2|0|4
GA	Syrmik	LTR	ERVL	DR0203848	QGNR01000007.1:11754073-11754416+	QGNR01000017.1:5597361-5597710-	16	55	0	102,107,108,112,114	106,111,112,116,118	1	2,3,4,5,6	13	13	344	16|6|0|2|0|0|5|20|3|2|0|1
GA	Syrmik	LTR	ERVL	DR0203884	QGNR01000012.1:6921500-6922044+	QGNR01000068.1:3091770-3092299-	6	10	0	387,423,447,478,501	372,408,435,465,488	1	1,2,3,4,5	117	117	182	6|1|0|0|0|0|1|2|0|0|0|0
GA	Syrmik	LTR	ERVL	DR0203971	QGNR01000009.1:2269746-2270440+	QGNR01000045.1:7508280-7509022-	11	57	0	223,225,229,231,233	239,241,245,247,249	1	4,5,6,7,8	11	11	327	11|11|1|3|2|3|9|7|2|5|2|1
GA	Syrmik	LTR	ERVL	DR0203837	QGNR01000003.1:7626957-7627289+	QGNR01000014.1:4800453-4800780+	7	35	0	169,171,172,173,175	169,171,172,173,175	1	2,3,4,5,6	7	7	232	7|6|1|2|1|5|3|4|2|2|0|2
GA	Syrmik	LTR	ERVL	DR0203861	QGNR01000033.1:11063991-11068547+	QGNR01000076.1:3595769-3601094+	155	730	0	2878,2887,2888,2893,2900	2696,2705,2706,2711,2718	1	103,104,105,106,107	23	23	4301	155|106|22|26|31|42|124|125|19|24|22|34
GA	Syrmik	LTR	ERVL	DR0203848	QGNR01000007.1:11754073-11754416+	QGNR01000017.1:11613522-11613865-	8	34	0	156,159,160,162,165	162,165,166,168,171	1	3,4,5,6,7	10	10	281	8|2|0|3|0|1|2|10|1|5|1|1
GA	Syrmik	LTR	ERVL	DR0203971	QGNR01000009.1:5301700-5302025-	QGNR01000026.1:8504239-8505012+	11	32	0	46,53,65,73,77	101,105,74,81,93	1	1,2,3,4,5	32	32	271	11|3|1|1|2|0|7|3|2|1|0|1
GA	Syrmik	LTR	ERVL	DR0203976	QGNR01000004.1:19455212-19455480+	QGNR01000050.1:3128782-3129117+	8	20	0	110,112,169,185,70	107,109,162,179,67	1	3,4,5,6,7	113	113	226	8|3|0|1|1|1|2|0|1|1|1|1
GA	Syrmik	LTR	ERVL	DR0203912	QGNR01000178.1:34799-35907+	QGNR01008114.1:0-1080+	17	74	0	852,854,860,881,894	590,592,598,619,632	1	10,11,12,13,14	43	43	838	17|7|4|3|2|6|15|8|3|6|0|3
GA	Syrmik	LTR	ERVL	DR0203861	QGNR01000033.1:11063991-11068547+	QGNR01000220.1:39101-40881+	56	242	0	2878,2884,2885,2887,2893	225,231,232,234,240	1	8,9,10,11,12	16	16	1776	56|41|10|8|8|9|35|49|7|4|7|8
GA	Syrmik	LTR	ERVL	DR0203973	QGNR01000051.1:4363626-4364151+	QGNR01000102.1:831553-832108+	17	64	0	294,307,311,312,314,316	298,309,313,314,316,318	1	12,13,14,15,16,17	21	21	367	17|6|3|2|1|1|7|14|3|3|2|5
GA	Syrmik	LTR	ERVL	DR0204023	QGNR01000001.1:36183971-36184459+	QGNR01000022.1:10384123-10384588+	9	44	0	225,238,239,252,254	201,214,215,227,229	1	1,2,3,4,5	29	29	476	9|7|3|0|1|1|7|7|1|2|2|3
GA	Syrmik	LTR	ERVL	DR0203971	QGNR01000010.1:1554433-1555056+	QGNR01000045.1:9209410-9210208-	8	32	0	167,173,175,198,206	137,143,145,168,176	1	1,2,3,4,5	40	40	252	8|4|0|1|1|3|4|5|1|1|3|1
GA	Syrmik	LTR	ERVL	DR0203976	QGNR01000004.1:20290828-20291184-	QGNR01000035.1:3283635-3283973-	8	25	0	166,167,169,171,173	163,164,166,168,170	1	3,4,5,6,7	8	8	235	8|2|1|0|1|0|5|3|3|0|0|2
GA	Syrmik	LTR	ERVL	DR0203976	QGNR01000004.1:20290828-20291184-	QGNR01000055.1:4039071-4039413+	10	45	0	152,165,166,169,173	150,163,164,167,171	1	2,3,4,5,6	22	22	345	10|7|0|0|2|4|3|13|2|0|1|3
GA	Syrmik	LTR	ERVL	DR0203976	QGNR01000004.1:20290828-20291184-	QGNR01000006.1:333620-333964-	13	49	0	123,165,167,169,173	123,165,167,169,173	1	4,5,6,7,8	51	51	338	13|7|0|1|2|3|7|12|3|1|0|0
GA	Syrmik	LTR	ERVL	DR0204037	QGNR01000002.1:1489569-1489905-	QGNR01000039.1:10301926-10302262-	9	43	0	106,113,83,86,98	103,110,83,86,95	1	3,4,5,6,7	28	28	310	9|6|1|2|1|0|9|9|2|0|1|3
GA	Syrmik	LTR	ERVL	DR0203976	QGNR01000004.1:20290828-20291184-	QGNR01000006.1:11682069-11682399+	8	28	0	166,167,168,169,173	166,167,168,169,173	1	3,4,5,6,7	8	8	245	8|5|2|0|1|1|2|4|2|0|2|1
GA	Syrmik	LTR	ERVL	DR0203848	QGNR01000007.1:12441946-12442297-	QGNR01000009.1:6422391-6422739+	11	42	0	213,215,217,224,232,236	212,214,216,223,231,235	1	4,5,6,7,8,9	24	24	334	11|7|1|1|1|0|8|7|3|1|1|1
GA	Syrmik	LTR	ERVL	DR0203976	QGNR01000004.1:20290828-20291184-	QGNR01000050.1:3128782-3129117+	10	26	0	165,168,169,171,173	157,160,161,163,165	1	5,6,7,8,9	9	9	243	10|3|0|0|4|0|1|3|3|0|1|1
GA	Syrmik	LTR	ERVL	DR0203976	QGNR01000004.1:20290828-20291184-	QGNR01000211.1:22131-22453-	9	25	0	165,166,169,172,173	165,166,169,172,173	1	5,6,7,8,9	9	9	215	9|4|2|0|2|1|0|3|2|0|0|2
GA	Syrmik	LTR	ERVL	DR0203848	QGNR01000007.1:12441946-12442297-	QGNR01000014.1:6112986-6113336-	16	45	0	222,224,232,236,237,240	222,224,232,236,237,240	1	6,7,8,9,10,11	19	19	323	16|7|2|0|1|1|7|8|0|1|1|1
GA	Syrmik	LTR	ERVL	DR0203848	QGNR01000007.1:12441946-12442297-	QGNR01000127.1:933224-933572+	13	55	0	215,217,224,232,236	214,216,223,231,235	1	5,6,7,8,9	22	22	349	13|15|2|0|1|0|8|8|3|3|1|1
GA	Syrmik	LTR	ERVL	DR0203976	QGNR01000004.1:20290828-20291184-	QGNR01002507.1:0-270-	8	34	0	166,167,169,171,173	166,167,169,171,173	1	2,3,4,5,6	8	8	238	8|7|2|0|2|1|3|5|3|0|2|1
GA	Syrmik	LTR	ERVL	DR0203976	QGNR01000004.1:20290828-20291184-	QGNR01000004.1:34296450-34296811-	8	34	0	166,167,169,171,173	166,167,169,171,173	1	2,3,4,5,6	8	8	238	8|7|2|0|2|1|3|5|3|0|2|1
GA	Syrmik	LTR	ERVL	DR0203986	QGNR01000227.1:10867-11969+	QGNR01000267.1:53902-55566-	24	99	0	175,202,203,204,208	284,311,312,313,317	1	1,2,3,4,5	34	34	1110	24|10|3|2|6|4|17|11|7|2|7|6
GA	Syrmik	LTR	ERVL	DR0203976	QGNR01000004.1:20290828-20291184-	QGNR01000016.1:11044528-11044844+	12	33	0	152,166,168,169,173	154,168,170,171,175	1	5,6,7,8,9	22	22	234	12|3|1|0|3|1|3|4|3|0|2|1
GA	Syrmik	LTR	ERVL	DR0203976	QGNR01000004.1:20290828-20291184-	QGNR01000006.1:3310699-3311042-	9	30	0	165,166,169,171,172	161,162,165,167,168	1	4,5,6,7,8	8	8	218	9|5|0|1|3|2|1|2|4|0|1|2
GA	Syrmik	LTR	ERVL	DR0203848	QGNR01000007.1:12441946-12442297-	QGNR01000032.1:200974-201323-	13	52	0	224,232,236,240,242	223,231,235,239,241	1	6,7,8,9,10	19	19	320	13|15|0|1|1|2|6|7|1|2|1|3
GA	Syrmik	LTR	ERVL	DR0203976	QGNR01000004.1:20290828-20291184-	QGNR01000037.1:1774787-1775153-	8	31	0	152,166,169,171,173	159,173,176,178,180	1	4,5,6,7,8	22	22	206	8|4|4|1|2|0|2|4|2|2|1|1
GA	Syrmik	LTR	ERVL	DR0203848	QGNR01000007.1:12441946-12442297-	QGNR01000074.1:2033447-2033788-	12	55	0	198,215,217,224,232	197,214,216,223,231	1	3,4,5,6,7	35	35	345	12|11|2|2|1|2|9|9|3|3|0|1
GA	Syrmik	LTR	ERVL	DR0203986	QGNR01000227.1:10867-11969+	QGNR01021188.1:0-637-	8	37	0	175,202,203,204,208	327,354,355,356,360	1	1,2,3,4,5	34	34	484	8|5|1|0|2|2|9|5|0|1|1|3
GA	Syrmik	LTR	ERVL	DR0203986	QGNR01000227.1:10867-11969+	QGNR01056697.1:0-355+	9	12	0	1049,942,966,984,998	150,174,192,206,259	1	5,6,7,8,9	110	110	311	9|1|0|0|0|0|1|1|0|0|0|0
GA	Syrmik	LTR	ERVL	DR0204037	QGNR01000002.1:1489569-1489905-	QGNR01000029.1:7644451-7644788+	14	57	0	106,110,111,112,115	102,106,107,108,111	1	2,3,4,5,6	10	10	330	14|4|5|3|3|1|9|12|2|2|0|2
GA	Syrmik	LTR	ERVL	DR0203892	QGNR01000258.1:14804-15089+	QGNR01016012.1:1-447+	5	21	0	14,16,26,32,35	197,199,209,216,219	1	1,2,3,4,5	23	23	199	5|3|0|0|0|4|1|7|1|0|0|0
GA	Syrmik	LTR	ERVL	DR0203892	QGNR01000258.1:14804-15089+	QGNR01015734.1:1-447+	5	21	0	14,16,26,32,35	197,199,209,216,219	1	1,2,3,4,5	23	23	199	5|3|0|0|0|4|1|7|1|0|0|0
GA	Syrmik	LTR	ERVL	DR0203973	QGNR01000057.1:2824084-2824617-	QGNR01000079.1:2684096-2684506-	14	56	0	237,238,241,242,253	231,232,235,236,247	1	7,8,9,10,11	17	17	347	14|12|1|4|3|1|7|6|2|3|0|3
GA	Syrmik	LTR	ERVL	DR0203976	QGNR01000004.1:20628248-20628519-	QGNR01000004.1:22675948-22676224-	9	32	0	165,167,168,170,172	165,167,168,170,172	1	4,5,6,7,8	8	8	256	9|4|0|3|1|1|5|6|0|1|0|2
GA	Syrmik	LTR	ERVL	DR0203976	QGNR01000004.1:20628248-20628519-	QGNR01000006.1:24557419-24557707-	10	32	0	164,165,166,168,172	147,148,149,151,155	1	4,5,6,7,8	9	9	241	10|3|3|2|2|0|4|5|2|0|0|1
GA	Syrmik	LTR	ERVL	DR0203976	QGNR01000004.1:20628248-20628519-	QGNR01000016.1:5425775-5426085+	6	35	0	158,164,165,168,172	156,162,163,166,170	1	2,3,4,5,6	15	15	255	6|5|6|2|1|3|5|4|1|1|0|1
GA	Syrmik	LTR	ERVL	DR0203976	QGNR01000004.1:20628248-20628519-	QGNR01000013.1:6514272-6514596-	9	30	0	164,165,168,172,185	163,164,167,171,184	1	4,5,6,7,8	22	22	243	9|6|0|2|3|1|5|4|0|0|0|0
GA	Syrmik	LTR	ERVL	DR0203976	QGNR01000004.1:20628248-20628519-	QGNR01000015.1:2957454-2957737-	8	35	0	158,165,168,171,172	165,172,175,178,179	1	3,4,5,6,7	15	15	259	8|4|4|3|2|0|5|7|1|0|0|1
GA	Syrmik	LTR	ERVL	DR0203976	QGNR01000004.1:20628248-20628519-	QGNR01000055.1:4039071-4039413+	7	37	0	151,164,165,168,172	150,163,164,167,171	1	1,2,3,4,5	22	22	252	7|6|2|2|2|2|3|8|0|2|1|2
GA	Syrmik	LTR	ERVL	DR0203976	QGNR01000004.1:20628248-20628519-	QGNR01000006.1:11682069-11682399+	7	30	0	165,166,167,168,172	166,167,168,169,173	1	2,3,4,5,6	8	8	215	7|5|0|2|0|0|5|7|0|1|3|0
GA	Syrmik	LTR	ERVL	DR0203848	QGNR01000007.1:12999086-12999436-	QGNR01000017.1:5597361-5597710-	7	59	0	106,111,112,116,118	106,111,112,116,118	1	1,2,3,4,5	13	13	347	7|12|1|2|2|2|7|14|4|3|3|2
GA	Syrmik	LTR	ERVL	DR0203976	QGNR01000004.1:20628248-20628519-	QGNR01000006.1:14099594-14099863+	7	34	0	164,165,166,168,170	164,165,166,168,170	1	2,3,4,5,6	7	7	215	7|8|3|3|1|0|5|6|1|0|0|0
GA	Syrmik	LTR	ERVL	DR0203976	QGNR01000004.1:20628248-20628519-	QGNR01000214.1:35455-35795-	8	35	0	164,165,168,172,183	161,162,165,169,176	1	2,3,4,5,6	16	16	241	8|6|2|1|2|0|5|7|1|1|1|1
GA	Syrmik	LTR	ERVL	DR0203976	QGNR01000004.1:20628248-20628519-	QGNR01000006.1:3310699-3311042-	7	26	0	164,165,168,170,171	161,162,165,167,168	1	3,4,5,6,7	8	8	199	7|5|1|3|2|1|2|3|1|1|0|0
GA	Syrmik	LTR	ERVL	DR0203976	QGNR01000004.1:20628248-20628519-	QGNR01000044.1:2972605-2972872-	8	30	0	151,165,167,168,171,172	147,161,163,164,167,168	1	1,2,3,4,5,6	22	22	213	8|5|2|1|0|0|8|4|0|1|0|1
GA	Syrmik	LTR	ERVL	DR0204023	QGNR01000003.1:7761552-7761723-	QGNR01000017.1:9605250-9605753-	6	20	0	129,138,144,145,149	461,470,476,477,481	1	2,3,4,5,6	21	21	171	6|4|0|0|1|1|4|3|1|0|0|0
GA	Syrmik	LTR	ERVL	DR0203971	QGNR01000011.1:5216531-5217263+	QGNR01000016.1:7036520-7037283-	11	63	0	178,202,208,212,218,249	177,201,207,211,217,248	1	3,4,5,6,7,8	72	72	604	11|22|1|2|1|5|12|5|0|1|3|0
GA	Syrmik	LTR	ERVL	DR0204037	QGNR01000002.1:1782910-1783219-	QGNR01000042.1:4765289-4765620-	7	50	0	281,284,295,298,301	285,288,299,302,305	1	3,4,5,6,7	21	21	311	7|13|1|4|3|1|8|7|3|1|2|0
GA	Syrmik	LTR	ERVL	DR0204037	QGNR01000002.1:1782910-1783219-	QGNR01000025.1:3474196-3474521-	13	38	0	50,55,61,62,71	50,55,61,62,71	1	1,2,3,4,5	22	22	255	13|8|1|2|1|0|5|4|1|2|0|1
GA	Syrmik	LTR	ERVL	DR0203848	QGNR01000007.1:15179688-15180123+	QGNR01000017.1:5597361-5597710-	6	33	0	106,111,112,116,118	106,111,112,116,118	1	2,3,4,5,6	13	13	229	6|5|2|3|0|2|5|4|4|2|0|0
GA	Syrmik	LTR	ERVL	DR0203971	QGNR01000011.1:19931166-19931885-	QGNR01000043.1:605028-605768-	18	84	0	428,429,433,436,439	440,441,447,450,453	1	6,7,8,9,10	14	14	729	18|19|1|4|5|4|11|18|0|2|0|2
GA	Syrmik	LTR	ERVL	DR0203861	QGNR01000034.1:2905233-2910561-	QGNR01000040.1:1761946-1763428+	15	87	0	4992,5004,5008,5027,5044	561,573,577,596,613	1	7,8,9,10,11	53	53	893	15|18|4|3|3|1|17|16|2|1|4|3
GA	Syrmik	LTR	ERVL	DR0203971	QGNR01000011.1:19931166-19931885-	QGNR01000107.1:1136252-1136744-	18	55	0	427,428,429,433,436,439	196,197,198,202,205,208	1	4,5,6,7,8,9	13	13	463	18|11|1|1|0|4|3|13|0|3|0|1
GA	Syrmik	LTR	ERVL	DR0203861	QGNR01000034.1:2905233-2910561-	QGNR01001255.1:690-2077-	12	38	0	4974,4999,5000,5004,5008	451,476,477,481,485	1	1,2,3,4,5	35	35	458	12|4|2|0|2|0|6|9|0|1|2|0
GA	Syrmik	LTR	ERVL	DR0204037	QGNR01000002.1:2148175-2148517+	QGNR01000029.1:7644451-7644788+	12	48	0	106,110,111,112,115	102,106,107,108,111	1	3,4,5,6,7	10	10	313	12|8|2|2|0|2|4|10|1|2|3|2
GA	Syrmik	LTR	ERVL	DR0203833	QGNR01000001.1:35683438-35684265-	QGNR01000076.1:3721516-3722348-	19	123	0	234,239,240,242,266	240,245,246,248,266	1	7,8,9,10,11	27	27	824	19|24|1|4|6|4|23|23|6|2|4|7
GA	Syrmik	LTR	ERVL	DR0203973	QGNR01000070.1:882176-882743+	QGNR01000141.1:310742-311300-	29	98	0	369,377,379,381,383	366,374,376,378,380	1	17,18,19,20,21	15	15	562	29|19|4|8|3|6|10|6|3|1|3|6
GA	Syrmik	LTR	ERVL	DR0203938	QGNR01000026.1:8527609-8528139+	QGNR01000033.1:11447373-11447878+	11	49	0	471,482,487,490,494	446,457,462,465,469	1	7,8,9,10,11	24	24	512	11|13|1|4|0|0|9|6|0|2|1|2
GA	Syrmik	LTR	ERVL	DR0203938	QGNR01000026.1:8527609-8528139+	QGNR01000114.1:2100194-2100722-	10	49	0	482,487,490,494,496	480,485,488,492,494	1	6,7,8,9,10	15	15	524	10|14|2|2|0|1|9|5|0|1|1|4
GA	Syrmik	LTR	ERVL	DR0204023	QGNR01000004.1:11284004-11284242-	QGNR01000017.1:9605250-9605753-	8	28	0	196,205,211,212,216	461,470,476,477,481	1	4,5,6,7,8	21	21	236	8|5|0|0|1|1|6|4|2|0|0|1
GA	Syrmik	LTR	ERVL	DR0203938	QGNR01000026.1:8527609-8528139+	QGNR01000032.1:664038-664567-	11	59	0	487,490,491,494,496	486,489,490,493,495	1	7,8,9,10,11	10	10	524	11|18|1|6|1|1|10|3|1|1|5|1
GA	Syrmik	LTR	ERVL	DR0203976	QGNR01000004.1:22012196-22012541-	QGNR01000022.1:6101335-6101671+	7	26	0	13,16,17,23,28	13,16,17,23,28	1	1,2,3,4,5	16	16	205	7|1|3|2|0|0|2|5|3|1|1|1
GA	Syrmik	LTR	ERVL	DR0204023	QGNR01000004.1:20445320-20445592+	QGNR01000017.1:9605250-9605753-	8	27	0	231,240,246,247,251	461,470,476,477,481	1	4,5,6,7,8	21	21	273	8|6|0|2|0|0|6|2|2|0|0|1
GA	Syrmik	LTR	ERVL	DR0203988	QGNR01000193.1:192062-193310-	QGNR01007793.1:0-1105+	9	20	0	1016,1107,1164,1167,990	420,446,537,594,597	1	5,6,7,8,9	178	178	601	9|2|0|0|1|0|6|1|0|0|0|1
GA	Syrmik	LTR	ERVL	DR0203848	QGNR01000008.1:3360361-3360645-	QGNR01000009.1:1356655-1357004-	8	26	0	45,60,74,75,88	100,57,72,86,87	1	1,2,3,4,5	44	44	209	8|4|3|5|0|0|1|2|2|1|0|0
GA	Syrmik	LTR	ERVL	DR0204037	QGNR01000002.1:2158639-2158966+	QGNR01000011.1:12719294-12719635+	18	51	0	105,109,116,117,143	106,110,117,118,144	1	7,8,9,10,11	39	39	330	18|8|2|1|0|4|3|6|3|4|0|2
GA	Syrmik	LTR	ERVL	DR0204037	QGNR01000002.1:2158639-2158966+	QGNR01000025.1:2337643-2337984-	10	32	0	105,106,116,137,143	105,106,116,137,143	1	3,4,5,6,7	39	39	245	10|2|2|1|0|4|1|8|0|2|0|2
GA	Syrmik	LTR	ERVL	DR0203837	QGNR01000003.1:12582306-12582629-	QGNR01000025.1:6616725-6617064-	9	40	0	113,114,152,154,157	113,114,152,154,157	1	2,3,4,5,6	45	45	257	9|7|5|1|0|1|10|5|1|0|1|0
GA	Syrmik	LTR	ERVL	DR0204037	QGNR01000002.1:2158639-2158966+	QGNR01000066.1:392952-393284-	19	53	0	109,111,114,115,116	108,110,113,114,115	1	6,7,8,9,10	8	8	321	19|4|3|5|2|1|4|10|0|3|1|1
GA	Syrmik	LTR	ERVL	DR0204037	QGNR01000002.1:2158639-2158966+	QGNR01000002.1:10009936-10010269+	7	28	0	105,110,112,116,122,143	106,111,113,117,123,144	1	2,3,4,5,6,7	39	39	216	7|4|1|1|2|3|1|4|1|1|0|3
GA	Syrmik	LTR	ERVL	DR0204037	QGNR01000002.1:2158639-2158966+	QGNR01000029.1:7644451-7644788+	17	53	0	105,109,110,111,114,116	102,106,107,108,111,113	1	2,3,4,5,6,7	12	12	310	17|5|2|2|3|2|2|14|2|3|0|1
GA	Syrmik	LTR	ERVL	DR0204019	QGNR01017875.1:0-703+	QGNR01051010.1:0-382+	12	25	0	407,421,422,434,487,503	198,212,213,225,278,294	1	6,7,8,9,10,11	97	97	336	12|1|0|0|1|0|7|3|0|0|1|0
GA	Syrmik	LTR	ERVL	DR0203988	QGNR01000206.1:271918-275813-	QGNR01000244.1:55544-58116+	23	100	0	1217,1258,1266,1270,1280	1898,1939,1947,1951,1961	1	9,10,11,12,13	64	64	1274	23|9|6|3|0|3|20|22|1|6|5|2
GA	Syrmik	LTR	ERVL	DR0203988	QGNR01000206.1:271918-275813-	QGNR01000220.1:69735-71656+	21	105	0	1217,1236,1258,1266,1270	1249,1268,1290,1298,1302	1	9,10,11,12,13	54	54	1263	21|13|3|3|4|6|24|20|1|4|2|3
GA	Syrmik	LTR	ERVL	DR0203988	QGNR01000206.1:271918-275813-	QGNR01000233.1:209969-212451+	23	90	0	1217,1258,1266,1270,1273,1280	2067,2108,2116,2120,2123,2130	1	12,13,14,15,16,17	64	64	1020	23|8|6|3|2|2|17|20|1|5|2|1
GA	Syrmik	LTR	ERVL	DR0203988	QGNR01000206.1:271918-275813-	QGNR01000228.1:26045-28296+	18	74	0	1217,1231,1258,1266,1270	1955,1969,1996,2004,2008	1	8,9,10,11,12	54	54	899	18|9|5|2|1|2|15|14|0|4|2|2
GA	Syrmik	LTR	ERVL	DR0203988	QGNR01000206.1:271918-275813-	QGNR01007793.1:0-1105+	13	44	0	2147,2185,2197,2209,2259	129,167,179,191,240	1	3,4,5,6,7	112	112	593	13|6|2|0|1|2|9|5|2|2|2|0
GA	Syrmik	LTR	ERVL	DR0204044	QGNR01000094.1:1391016-1396912-	QGNR01000181.1:196644-197106+	19	73	0	5716,5718,5719,5734,5738	352,354,355,370,374	1	13,14,15,16,17	23	23	458	19|8|3|5|3|3|9|15|2|1|2|3
GA	Syrmik	LTR	ERVL	DR0203988	QGNR01000206.1:271918-275813-	QGNR01059576.1:0-342-	8	21	0	2123,2134,2147,2185,2209	171,182,195,233,257	1	2,3,4,5,6	87	87	342	8|1|2|2|1|1|2|4|0|0|0|0
GA	Syrmik	LTR	ERVL	DR0203971	QGNR01000016.1:7396831-7397594+	QGNR01000027.1:12953648-12954419+	20	71	0	236,244,247,248,257	214,224,227,228,237	1	5,6,7,8,9	24	24	541	20|9|4|3|1|4|10|8|3|2|4|3
GA	Syrmik	LTR	ERVL	DR0204044	QGNR01000095.1:1733626-1733933-	QGNR01000206.1:154788-155393-	7	33	0	65,67,69,71,97	395,397,399,401,427	1	1,2,3,4,5	33	33	244	7|7|3|1|1|0|4|6|0|0|2|2
GA	Syrmik	LTR	ERVL	DR0204023	QGNR01000006.1:7039794-7040265+	QGNR01000017.1:9605250-9605753-	13	44	0	424,429,438,445,449	456,461,470,477,481	1	9,10,11,12,13	26	26	479	13|9|0|3|0|2|7|6|2|1|0|1
GA	Syrmik	LTR	ERVL	DR0204023	QGNR01000006.1:7039794-7040265+	QGNR01000058.1:4164567-4165036-	12	49	0	195,222,223,238,259	191,232,233,248,269	1	3,4,5,6,7	79	79	470	12|8|0|0|5|3|9|6|1|3|1|1
GA	Syrmik	LTR	ERVL	DR0203833	QGNR01000001.1:35760241-35761062-	QGNR01000022.1:10587715-10588510-	14	87	0	352,355,364,387,389	320,323,332,355,357	1	8,9,10,11,12	38	38	800	14|14|3|5|4|4|16|11|2|5|6|3
GA	Syrmik	LTR	ERVL	DR0204053	QGNR01000004.1:33403292-33405897-	QGNR01000206.1:156047-158965-	23	95	0	2444,2446,2448,2454,2457	517,519,521,527,530	1	18,19,20,21,22	14	14	679	23|14|2|3|4|7|22|10|0|4|3|3
GA	Syrmik	LTR	ERVL	DR0203884	QGNR01000015.1:12710174-12710889+	QGNR01000153.1:421-963+	8	31	0	438,477,487,501,526	444,483,493,507,533	1	4,5,6,7,8	90	90	538	8|3|2|1|0|0|4|8|2|0|0|2
GA	Syrmik	LTR	ERVL	DR0203884	QGNR01000015.1:12710174-12710889+	QGNR01000075.1:228512-229046-	7	27	0	469,501,512,522,526	466,498,509,519,523	1	3,4,5,6,7	58	58	535	7|5|1|1|1|0|5|2|1|1|0|2
GA	Syrmik	LTR	ERVL	DR0203884	QGNR01000015.1:12710174-12710889+	QGNR01000264.1:100029-100559+	13	30	0	507,512,522,526,529	502,507,517,521,524	1	9,10,11,12,13	23	23	532	13|6|1|1|0|0|1|4|1|1|0|1
GA	Syrmik	LTR	ERVL	DR0203971	QGNR01000016.1:8832701-8833036-	QGNR01000034.1:6380589-6381373-	9	22	0	101,105,73,78,92	61,66,80,89,93	1	1,2,3,4,5	33	33	320	9|2|2|1|0|0|2|5|1|0|0|0
GA	Syrmik	LTR	ERVL	DR0203917	QGNR01000031.1:118400-118930-	QGNR01000100.1:1735138-1735676+	17	66	0	105,118,142,143,145	106,132,133,135,91	1	3,4,5,6,7	45	45	526	17|9|2|4|1|4|6|8|4|5|2|4
GA	Syrmik	LTR	ERVL	DR0203986	QGNR01000308.1:51220-52552-	QGNR01063583.1:0-326+	5	14	0	528,576,666,670,683	112,160,250,254,267	1	1,2,3,4,5	156	156	326	5|2|0|0|0|0|2|3|0|0|1|1
GA	Syrmik	LTR	ERVL	DR0203944	QGNR01000058.1:1491047-1497899+	QGNR01000090.1:1016518-1021419+	115	546	0	4428,4431,4442,4455,4463	2445,2448,2459,2466,2474	1	52,53,54,55,56	30	30	3121	115|84|26|22|31|22|73|75|24|26|15|33
GA	Syrmik	LTR	ERVL	DR0204037	QGNR01000002.1:5559920-5560241-	QGNR01000006.1:24422763-24423099+	15	54	0	147,153,154,158,160	159,165,166,170,172	1	5,6,7,8,9	14	14	297	15|8|1|1|4|3|3|10|0|4|2|3
GA	Syrmik	LTR	ERVL	DR0203971	QGNR01000016.1:8832701-8833036-	QGNR01000027.1:12953648-12954419+	10	21	0	227,230,231,237,250	224,227,228,234,247	1	5,6,7,8,9	24	24	201	10|4|2|1|0|0|1|2|0|0|0|1
GA	Syrmik	LTR	ERVL	DR0203876	QGNR01000001.1:35024229-35025155+	QGNR01000076.1:4626505-4627390-	9	29	0	482,492,521,538,551	464,474,503,520,533	1	1,2,3,4,5	70	70	523	9|5|2|2|1|2|4|0|1|1|1|1
GA	Syrmik	LTR	ERVL	DR0204053	QGNR01000005.1:18826899-18829708-	QGNR01000206.1:156047-158965-	13	41	0	2419,2421,2423,2429,2432	517,519,521,527,530	1	3,4,5,6,7	14	14	457	13|3|1|1|3|0|9|4|2|2|1|2
GA	Syrmik	LTR	ERVL	DR0203876	QGNR01000001.1:35024229-35025155+	QGNR01000071.1:4383176-4384091-	7	17	0	153,160,177,189,217	157,164,181,193,221	1	1,2,3,4,5	65	65	269	7|1|0|1|2|0|4|1|0|0|0|1
GA	Syrmik	LTR	ERVL	DR0204023	QGNR01000007.1:4379714-4380188-	QGNR01000017.1:9605250-9605753-	9	26	0	408,411,417,423,428,433	461,464,470,476,481,486	1	4,5,6,7,8,9	26	26	266	9|7|0|0|0|0|5|3|2|0|0|0
GA	Syrmik	LTR	ERVL	DR0203876	QGNR01000001.1:35024229-35025155+	QGNR01000004.1:24572322-24573213+	15	34	0	627,648,676,687,698	596,617,645,656,667	1	5,6,7,8,9	72	72	473	15|5|1|2|1|2|2|1|0|1|1|3
GA	Syrmik	LTR	ERVL	DR0203876	QGNR01000001.1:35024229-35025155+	QGNR01000018.1:5776195-5777089+	8	18	0	128,134,139,160,173,215,222	129,135,140,161,174,215,222	1	1,2,3,4,5,6,7	94	94	264	8|0|0|1|0|1|4|2|1|1|0|0
GA	Syrmik	LTR	ERVL	DR0204052	QGNR01000001.1:7942982-7943813+	QGNR01000076.1:4230384-4231377-	22	99	0	265,268,277,278,288,289	307,310,319,320,330,331	1	8,9,10,11,12,13	25	25	668	22|19|4|4|3|4|15|9|3|3|5|8
GA	Syrmik	LTR	ERVL	DR0203876	QGNR01000001.1:35024229-35025155+	QGNR01000114.1:2002269-2003047+	10	25	0	160,178,180,185,187	158,176,178,183,185	1	3,4,5,6,7	28	28	266	10|3|1|0|1|0|6|2|0|0|1|1
GA	Syrmik	LTR	ERVL	DR0203876	QGNR01000001.1:35024229-35025155+	QGNR01000071.1:4895412-4896238+	7	20	0	160,177,185,198,215	157,174,182,195,212	1	3,4,5,6,7	56	56	262	7|2|0|1|1|2|5|0|0|1|0|1
GA	Syrmik	LTR	ERVL	DR0204011	QGNR01000008.1:12103406-12103942+	QGNR01000099.1:1679922-1680438+	18	54	0	409,415,434,443,475	393,399,418,427,457	1	11,12,13,14,15	65	65	524	18|8|2|1|3|2|8|9|1|0|1|1
GA	Syrmik	LTR	ERVL	DR0204011	QGNR01000008.1:12103406-12103942+	QGNR01000030.1:3017938-3018445-	17	62	0	158,192,196,206,209	158,192,196,206,209	1	6,7,8,9,10	52	52	510	17|9|1|1|2|2|10|15|4|1|0|0
GA	Syrmik	LTR	ERVL	DR0203837	QGNR01000003.1:16470993-16471323+	QGNR01000063.1:281053-281397+	12	54	0	165,168,170,171,174	165,168,170,171,174	1	6,7,8,9,10	10	10	337	12|14|3|2|1|2|7|5|2|3|2|1
GA	Syrmik	LTR	ERVL	DR0203971	QGNR01000018.1:5825514-5826111+	QGNR01000035.1:4355936-4356472-	13	72	0	102,112,113,93,96	10,16,26,27,7	1	1,2,3,4,5	21	21	410	13|4|6|3|6|2|17|7|2|5|5|2
GA	Syrmik	LTR	ERVL	DR0203938	QGNR01000027.1:4765748-4766281+	QGNR01000090.1:1755385-1755935-	17	58	0	491,508,511,521,528	492,509,512,522,529	1	13,14,15,16,17	38	38	533	17|11|4|0|0|5|7|11|2|1|0|0
GA	Syrmik	LTR	ERVL	DR0203986	QGNR01004488.1:0-1527-	QGNR01021188.1:0-637-	12	47	0	751,755,756,757,761	350,354,355,356,360	1	4,5,6,7,8	11	11	638	12|8|1|1|1|3|8|7|0|1|1|4
GA	Syrmik	LTR	ERVL	DR0204053	QGNR01000046.1:5952-8247-	QGNR01000244.1:61941-65591-	24	88	0	16,23,41,53,77	16,23,41,53,77	1	2,3,4,5,6	62	62	839	24|20|1|1|4|6|10|11|3|2|1|5
GA	Syrmik	LTR	ERVL	DR0204023	QGNR01000012.1:14015323-14015810-	QGNR01000017.1:9605250-9605753-	15	44	0	440,448,454,460,461,465	456,464,470,476,477,481	1	10,11,12,13,14,15	26	26	495	15|11|0|0|0|3|5|6|2|0|1|1
GA	Syrmik	LTR	ERVL	DR0203942	QGNR01000011.1:17704062-17704430-	QGNR01000061.1:3609086-3609428-	8	12	0	187,217,219,230,261	174,204,206,217,248	1	4,5,6,7,8	75	75	348	8|1|0|1|0|0|0|1|0|0|0|1
GA	Syrmik	LTR	ERVL	DR0204023	QGNR01000012.1:14015323-14015810-	QGNR01000022.1:10384123-10384588+	11	36	0	238,251,252,265,310	201,214,215,227,272	1	4,5,6,7,8	72	72	455	11|7|0|0|2|0|6|3|1|3|2|1
GA	Syrmik	LTR	ERVL	DR0203876	QGNR01000001.1:35030767-35031665+	QGNR01000018.1:5776195-5777089+	18	91	0	126,132,137,158,171	129,135,140,161,174	1	3,4,5,6,7	46	46	893	18|14|2|4|2|6|10|16|5|2|6|6
GA	Syrmik	LTR	ERVL	DR0203876	QGNR01000001.1:35030767-35031665+	QGNR01000088.1:230826-231675-	13	67	0	298,306,313,321,323	243,251,258,266,268	1	4,5,6,7,8	26	26	782	13|5|3|0|2|4|15|16|2|1|2|4
GA	Syrmik	LTR	ERVL	DR0203861	QGNR01000043.1:1217708-1220673+	QGNR01000227.1:138967-144852-	8	34	0	18,30,40,58,8	5568,5578,5590,5600,5618	1	1,2,3,4,5	51	51	322	8|8|0|2|1|1|2|3|1|3|2|3
GA	Syrmik	LTR	ERVL	DR0203861	QGNR01000043.1:1217708-1220673+	QGNR01000090.1:1905010-1908922-	111	556	0	2405,2420,2423,2426,2427,2439	2424,2439,2442,2445,2446,2458	1	92,93,94,95,96,97	35	35	2991	111|100|20|23|20|27|88|87|15|9|27|29
GA	Syrmik	LTR	ERVL	DR0203876	QGNR01000001.1:35030767-35031665+	QGNR01000048.1:7070887-7071776+	21	102	0	298,306,313,321,323	275,283,290,298,300	1	8,9,10,11,12	26	26	885	21|14|4|4|3|5|12|21|3|1|6|8
GA	Syrmik	LTR	ERVL	DR0203876	QGNR01000001.1:35030767-35031665+	QGNR01000005.1:18615470-18616345-	18	85	0	298,306,313,321,323	290,298,305,313,315	1	5,6,7,8,9	26	26	886	18|14|3|0|2|8|12|15|3|1|4|5
GA	Syrmik	LTR	ERVL	DR0203861	QGNR01000043.1:1217708-1220673+	QGNR01000262.1:34686-35886-	33	168	0	13,164,165,167,170,172,18,28,30,40	13,166,167,169,172,174,18,28,30,40	2	1,2,3,4,5,9,10,11,12,13	37	162	1199	33|27|6|6|7|7|34|22|12|6|4|4
GA	Syrmik	LTR	ERVL	DR0203876	QGNR01000001.1:35030767-35031665+	QGNR01000006.1:21746748-21747659-	14	84	0	298,306,321,323,329	291,299,314,316,322	1	7,8,9,10,11	32	32	899	14|13|2|2|5|8|11|17|1|2|5|4
GA	Syrmik	LTR	ERVL	DR0203876	QGNR01000001.1:35030767-35031665+	QGNR01000043.1:1296010-1296715-	12	69	0	298,304,306,308,323	105,107,109,124,99	1	1,2,3,4,5	26	26	702	12|7|3|1|2|4|11|16|3|3|4|3
GA	Syrmik	LTR	ERVL	DR0203876	QGNR01000001.1:35030767-35031665+	QGNR01000068.1:3149755-3150631-	19	82	0	298,306,313,316,321,326,329	244,252,259,262,267,273,276	1	6,7,8,9,10,11,12	33	33	790	19|15|4|1|3|6|8|12|5|3|2|4
GA	Syrmik	LTR	ERVL	DR0203976	QGNR01000004.1:27554940-27555278+	QGNR01000064.1:3857270-3857630+	8	24	0	13,17,18,23,8	13,17,18,23,8	1	1,2,3,4,5	16	16	187	8|2|1|1|1|2|0|2|4|1|1|1
GA	Syrmik	LTR	ERVL	DR0203938	QGNR01000027.1:22838910-22839470+	QGNR01000090.1:1755385-1755935-	14	50	0	408,455,461,464,472	412,459,465,468,476	1	5,6,7,8,9	65	65	534	14|8|2|1|0|3|8|11|1|0|1|1
GA	Syrmik	LTR	ERVL	DR0203876	QGNR01000001.1:35030767-35031665+	QGNR01000082.1:1393743-1394668-	11	44	0	298,306,313,321,323	295,303,310,318,320	1	7,8,9,10,11	26	26	388	11|6|1|2|1|2|10|5|1|0|2|3
GA	Syrmik	LTR	ERVL	DR0203876	QGNR01000001.1:35030767-35031665+	QGNR01000068.1:3251199-3252137-	17	45	0	158,52,58,63,78	161,55,61,66,81	1	2,3,4,5,6	107	107	383	17|3|1|2|2|2|7|5|0|2|2|2
GA	Syrmik	LTR	ERVL	DR0203876	QGNR01000001.1:35030767-35031665+	QGNR01000068.1:3602035-3603021+	26	113	0	63,78,79,81,96	66,81,82,84,99	1	2,3,4,5,6	34	34	794	26|14|3|3|6|9|7|18|4|7|6|10
GA	Syrmik	LTR	ERVL	DR0203876	QGNR01000001.1:35030767-35031665+	QGNR01000076.1:4618522-4619026-	13	58	0	298,306,313,321,323	296,304,311,319,321	1	8,9,10,11,12	26	26	495	13|8|1|3|1|4|10|7|3|1|4|3
GA	Syrmik	LTR	ERVL	DR0203912	QGNR01000254.1:14510-14979+	QGNR01029316.1:215-529-	9	14	0	400,411,412,416,438	246,255,256,261,283	1	4,5,6,7,8	38	38	316	9|1|1|0|0|0|0|2|0|1|0|0
GA	Syrmik	LTR	ERVL	DR0203976	QGNR01000004.1:27818077-27818413+	QGNR01000022.1:6101335-6101671+	11	50	0	13,16,17,18,28	13,16,17,18,28	1	1,2,3,4,5	16	16	334	11|6|2|2|0|4|4|11|4|1|4|1
GA	Syrmik	LTR	ERVL	DR0204053	QGNR01000065.1:4877653-4879860-	QGNR01000206.1:156047-158965-	25	106	0	1858,1860,1862,1868,1871	517,519,521,527,530	1	18,19,20,21,22	14	14	864	25|17|2|3|5|5|26|13|0|4|4|2
GA	Syrmik	LTR	ERVL	DR0204056	QGNR01000001.1:10671594-10673412-	QGNR01036066.1:0-471+	11	34	0	874,880,882,888,893	438,444,446,452,457	1	6,7,8,9,10	20	20	471	11|4|0|0|1|1|8|9|0|0|0|0
GA	Syrmik	LTR	ERVL	DR0204051	QGNR01000006.1:14422489-14422814-	QGNR01001549.1:3163-3480+	10	43	0	52,57,71,80,85	52,57,71,80,85	1	3,4,5,6,7	34	34	319	10|8|4|0|2|2|7|6|0|3|1|0
GA	Syrmik	LTR	ERVL	DR0204023	QGNR01000015.1:12580064-12580566-	QGNR01000048.1:7189279-7189759-	5	36	0	392,429,435,437,445	369,407,413,415,423	1	1,2,3,4,5	55	55	490	5|9|2|1|0|0|3|11|2|2|1|0
GA	Syrmik	LTR	ERVL	DR0203861	QGNR01000045.1:6278949-6279276-	QGNR01000262.1:34686-35886-	11	52	0	161,163,164,166,169	164,166,167,169,172	1	6,7,8,9,10	9	9	327	11|7|1|0|2|8|8|7|2|2|1|3
GA	Syrmik	LTR	ERVL	DR0204062	QGNR01000018.1:10063718-10065426+	QGNR01000071.1:3339446-3341683-	7	15	0	847,848,852,868,944	2109,2110,2114,2130,2207	1	2,3,4,5,6	99	99	224	7|2|0|0|0|0|3|2|1|0|0|0
GA	Syrmik	LTR	ERVL	DR0204062	QGNR01000018.1:10063718-10065426+	QGNR01000071.1:3328162-3329266-	7	15	0	847,848,852,868,944	1074,976,977,981,997	1	2,3,4,5,6	99	99	224	7|2|0|0|0|0|3|2|1|0|0|0
GA	Syrmik	LTR	ERVL	DR0203938	QGNR01000028.1:1932593-1933135-	QGNR01021057.1:0-381-	6	31	0	103,122,39,54,62	103,122,39,54,62	1	1,2,3,4,5	84	84	380	6|1|1|1|3|0|5|9|0|1|3|1
GA	Syrmik	LTR	ERVL	DR0204052	QGNR01000001.1:21684188-21685061-	QGNR01000218.1:83646-84361+	19	70	0	279,280,281,282,290,609,614,622,658,660	155,156,157,158,166,492,497,505,541,543	2	6,7,8,9,10,15,16,17,18,19	64	389	595	19|11|1|0|3|1|10|15|0|2|3|5
GA	Syrmik	LTR	ERVL	DR0203976	QGNR01000004.1:27953962-27954301+	QGNR01000022.1:6101335-6101671+	6	44	0	13,16,17,18,28	13,16,17,18,28	1	1,2,3,4,5	16	16	337	6|7|1|0|2|1|7|5|7|0|4|4
GA	Syrmik	LTR	ERVL	DR0204056	QGNR01000001.1:12223292-12223644+	QGNR01000012.1:7676915-7677239-	5	18	0	119,127,132,140,174	101,106,114,148,93	1	1,2,3,4,5	56	56	318	5|3|0|0|2|0|3|2|0|3|0|0
GA	Syrmik	LTR	ERVL	DR0204056	QGNR01000001.1:12223292-12223644+	QGNR01000324.1:11671-12023-	13	29	0	135,140,146,162,178	135,140,146,162,179	1	4,5,6,7,8	45	45	348	13|4|1|0|2|1|1|4|1|2|0|0
GA	Syrmik	LTR	ERVL	DR0203971	QGNR01000026.1:8504239-8505012+	QGNR01000068.1:3313952-3314742+	22	111	0	683,699,717,720,728	700,716,734,737,745	1	18,19,20,21,22	46	46	776	22|21|7|7|4|5|13|16|4|4|3|5
GA	Syrmik	LTR	ERVL	DR0203971	QGNR01000026.1:8504239-8505012+	QGNR01000027.1:12953648-12954419+	24	99	0	238,241,242,248,261	224,227,228,234,247	1	4,5,6,7,8	24	24	710	24|16|8|6|4|5|14|15|1|2|2|2
GA	Syrmik	LTR	ERVL	DR0204056	QGNR01000001.1:12223292-12223644+	QGNR01000050.1:6892124-6892502-	8	24	0	111,132,140,145,178,221	109,130,138,143,180,223	1	3,4,5,6,7,8	115	115	296	8|1|0|1|3|0|3|4|0|3|1|0
GA	Syrmik	LTR	ERVL	DR0203938	QGNR01000031.1:146296-146945-	QGNR01000036.1:6100634-6101188+	10	42	0	256,264,271,282,288	141,149,156,167,173	1	3,4,5,6,7	33	33	531	10|6|3|4|0|3|3|7|0|1|1|4
GA	Syrmik	LTR	ERVL	DR0203971	QGNR01000026.1:8504239-8505012+	QGNR01000056.1:3352255-3352826-	9	33	0	240,242,248,266,267	114,116,122,141,142	1	4,5,6,7,8	29	29	271	9|4|1|0|1|1|8|4|2|2|1|0
GA	Syrmik	LTR	ERVL	DR0204062	QGNR01000043.1:936241-939433+	QGNR01000241.1:78807-82684+	34	205	0	553,594,595,603,605	1979,2020,2021,2029,2031	1	9,10,11,12,13	53	53	2420	34|36|7|7|6|7|52|35|3|6|6|6
GA	Syrmik	LTR	ERVL	DR0203938	QGNR01000031.1:146296-146945-	QGNR01000057.1:734944-735471+	10	48	0	256,263,264,270,271	141,148,149,155,156	1	2,3,4,5,6	16	16	522	10|8|3|3|1|1|10|7|0|1|1|3
GA	Syrmik	LTR	ERVL	DR0204023	QGNR01000016.1:7187087-7187258+	QGNR01000017.1:9605250-9605753-	7	19	0	129,138,144,145,149	461,470,476,477,481	1	3,4,5,6,7	21	21	171	7|3|0|0|1|1|3|3|1|0|0|0
GA	Syrmik	LTR	ERVL	DR0204062	QGNR01000071.1:3328162-3329266-	QGNR01019779.1:0-663+	8	54	0	432,440,442,449,470	576,584,586,593,614	1	4,5,6,7,8	39	39	514	8|9|3|2|1|2|10|10|2|2|2|3
GA	Syrmik	LTR	ERVL	DR0204062	QGNR01000071.1:3328162-3329266-	QGNR01044304.1:0-417-	9	46	0	432,440,442,449,470	172,180,182,189,210	1	1,2,3,4,5	39	39	415	9|5|2|1|3|2|9|7|1|1|3|3
GA	Syrmik	LTR	ERVL	DR0204062	QGNR01000071.1:3328162-3329266-	QGNR01044027.1:0-419-	7	48	0	432,440,442,449,470	282,290,292,299,320	1	3,4,5,6,7	39	39	423	7|7|3|1|2|2|9|8|2|2|2|3
GA	Syrmik	LTR	ERVL	DR0204062	QGNR01000071.1:3328162-3329266-	QGNR01048876.1:0-393+	7	47	0	432,440,442,449,470	279,287,289,296,317	1	3,4,5,6,7	39	39	397	7|8|2|1|1|2|10|8|2|2|2|2
GA	Syrmik	LTR	ERVL	DR0203971	QGNR01000027.1:4559189-4559983-	QGNR01000027.1:12953648-12954419+	18	82	0	260,263,264,270,283	224,227,228,234,247	1	3,4,5,6,7	24	24	698	18|16|3|4|2|4|9|15|1|1|4|5
GA	Syrmik	LTR	ERVL	DR0204037	QGNR01000002.1:11039250-11039552+	QGNR01000039.1:10301926-10302262-	8	23	0	29,50,53,57,65	62,83,86,90,95	1	1,2,3,4,5	34	34	218	8|3|1|1|0|0|1|3|2|2|1|1
GA	Syrmik	LTR	ERVL	DR0203912	QGNR01000269.1:3150-4234-	QGNR01029716.1:0-310+	9	19	0	391,400,403,407,429,456	242,251,254,257,279,305	1	4,5,6,7,8,9	64	64	313	9|2|0|0|0|1|1|4|0|0|1|1
GA	Syrmik	LTR	ERVL	DR0203912	QGNR01000269.1:3150-4234-	QGNR01029316.1:215-529-	10	19	0	391,400,401,403,407,429,456	246,255,256,258,261,283,309	1	4,5,6,7,8,9,10	64	64	315	10|3|0|0|0|1|1|2|0|0|1|1
GA	Syrmik	LTR	ERVL	DR0204056	QGNR01000001.1:16640722-16641073-	QGNR01000248.1:49280-54948+	13	49	0	126,127,129,140,143,145,147	5476,5477,5479,5490,5493,5495,5497	1	6,7,8,9,10,11,12	22	22	316	13|3|5|5|0|9|3|5|0|4|0|2
GA	Syrmik	LTR	ERVL	DR0204062	QGNR01000071.1:3339446-3341683-	QGNR01000241.1:78807-82684+	37	144	0	1236,1251,1259,1263,1273	1697,1712,1720,1724,1734	1	18,19,20,21,22	38	38	1398	37|13|8|1|2|4|37|22|7|2|7|4
GA	Syrmik	LTR	ERVL	DR0204062	QGNR01000071.1:3339446-3341683-	QGNR01019779.1:0-663+	9	49	0	1565,1573,1575,1582,1603	576,584,586,593,614	1	5,6,7,8,9	39	39	660	9|4|2|2|1|2|9|12|1|2|3|2
GA	Syrmik	LTR	ERVL	DR0204062	QGNR01000071.1:3339446-3341683-	QGNR01044027.1:0-419-	7	44	0	1565,1573,1575,1582,1603	282,290,292,299,320	1	3,4,5,6,7	39	39	418	7|5|2|1|2|2|9|10|1|0|3|2
GA	Syrmik	LTR	ERVL	DR0204062	QGNR01000071.1:3339446-3341683-	QGNR01044304.1:0-417-	9	44	0	1565,1573,1575,1582,1603	172,180,182,189,210	1	1,2,3,4,5	39	39	415	9|5|1|1|3|2|9|7|1|0|3|3
GA	Syrmik	LTR	ERVL	DR0204062	QGNR01000071.1:3339446-3341683-	QGNR01048876.1:0-393+	7	43	0	1565,1573,1575,1582,1603	279,287,289,296,317	1	3,4,5,6,7	39	39	392	7|6|1|1|1|2|10|10|1|0|3|1
GA	Syrmik	LTR	ERVL	DR0203848	QGNR01000009.1:6422391-6422739+	QGNR01000020.1:7091299-7091643+	10	48	0	62,66,80,85,90	62,66,80,85,90	1	3,4,5,6,7	29	29	343	10|9|4|0|0|0|6|6|5|2|3|3
GA	Syrmik	LTR	ERVL	DR0203837	QGNR01000004.1:4382144-4382457-	QGNR01000061.1:5513387-5513727+	13	50	0	107,114,116,117,119	106,113,115,116,118	1	8,9,10,11,12	13	13	286	13|12|2|1|3|2|4|4|2|1|4|2
GA	Syrmik	LTR	ERVL	DR0203971	QGNR01000027.1:4559189-4559983-	QGNR01000056.1:3352255-3352826-	8	30	0	262,264,270,288,289	114,116,122,141,142	1	4,5,6,7,8	29	29	271	8|3|1|0|1|0|8|5|0|3|1|0
GA	Syrmik	LTR	ERVL	DR0204023	QGNR01000016.1:8815135-8815631+	QGNR01000017.1:9605250-9605753-	18	50	0	454,463,469,470,474	461,470,476,477,481	1	14,15,16,17,18	21	21	491	18|7|0|2|0|1|7|12|3|0|0|0
GA	Syrmik	LTR	ERVL	DR0203848	QGNR01000009.1:6422391-6422739+	QGNR01000075.1:604457-604772+	11	53	0	61,73,81,85,90	27,39,47,51,56	1	2,3,4,5,6	30	30	313	11|11|5|4|0|3|6|8|3|0|1|1
GA	Syrmik	LTR	ERVL	DR0203848	QGNR01000009.1:6422391-6422739+	QGNR01000030.1:5953975-5954346-	10	49	0	56,72,73,85,90	101,117,118,130,135	1	4,5,6,7,8	35	35	337	10|12|3|1|1|1|9|7|3|1|1|0
GA	Syrmik	LTR	ERVL	DR0204033	QGNR01000109.1:392307-392947+	QGNR01000109.1:411251-412243-	9	27	0	106,114,119,120,150,153	489,497,502,503,533,536	1	3,4,5,6,7,8	48	48	225	9|2|1|0|1|0|6|4|0|1|2|1
GA	Syrmik	LTR	ERVL	DR0204062	QGNR01000105.1:108208-109661+	QGNR01000220.1:31220-34221+	22	93	0	1181,1219,1221,1234,1235	1181,1219,1221,1234,1235	1	16,17,18,19,20	55	55	1314	22|15|3|4|3|5|7|23|4|4|1|2
GA	Syrmik	LTR	ERVL	DR0204062	QGNR01000105.1:108208-109661+	QGNR01000241.1:78807-82684+	13	22	0	1181,1219,1234,1235,1263,1267,1287	412,450,465,466,494,498,518	1	5,6,7,8,9,10,11	107	107	251	13|0|1|0|0|1|1|4|0|0|1|1
GA	Syrmik	LTR	ERVL	DR0204058	QGNR01000001.1:2744396-2744719-	QGNR01000054.1:6685824-6686148+	8	43	0	116,162,164,165,167	116,162,164,165,167	1	2,3,4,5,6	52	52	323	8|8|0|2|3|3|6|8|1|1|2|1
GA	Syrmik	LTR	ERVL	DR0203944	QGNR01000065.1:1020625-1021122-	QGNR01000372.1:67042-67543+	10	31	0	107,111,116,128,133	105,109,114,126,131	1	3,4,5,6,7	27	27	370	10|3|1|0|2|1|6|3|1|0|0|4
GA	Syrmik	LTR	ERVL	DR0203944	QGNR01000065.1:1020625-1021122-	QGNR01000178.1:155990-156506+	9	49	0	107,111,116,92,99	100,106,110,115,93	1	3,4,5,6,7	23	23	496	9|11|3|4|1|1|8|6|1|0|1|4
GA	Syrmik	LTR	ERVL	DR0203944	QGNR01000065.1:1020625-1021122-	QGNR01000088.1:1168777-1169260+	7	39	0	107,111,116,127,128	105,109,114,125,126	1	2,3,4,5,6	22	22	490	7|9|2|2|2|3|2|5|2|0|2|3
GA	Syrmik	LTR	ERVL	DR0203944	QGNR01000065.1:1020625-1021122-	QGNR01000186.1:40998-41470-	11	40	0	107,111,116,128,133	105,109,114,126,131	1	5,6,7,8,9	27	27	373	11|4|2|0|1|2|6|8|1|0|2|3
GA	Syrmik	LTR	ERVL	DR0203944	QGNR01000065.1:1020625-1021122-	QGNR01000098.1:58572-58984+	9	35	0	111,116,117,128,99	109,114,115,126,99	1	3,4,5,6,7	28	28	372	9|3|1|3|1|2|2|8|0|3|1|2
GA	Syrmik	LTR	ERVL	DR0203944	QGNR01000065.1:1020625-1021122-	QGNR01000098.1:1696460-1696906-	11	40	0	107,111,116,128,99	105,109,114,126,99	1	3,4,5,6,7	28	28	385	11|2|3|1|3|1|4|7|2|1|2|3
GA	Syrmik	LTR	ERVL	DR0203944	QGNR01000065.1:1020625-1021122-	QGNR01000079.1:3810906-3811380+	12	40	0	107,111,116,117,128,133,99	116,122,126,131,132,143,148	1	3,4,5,6,7,8,9	33	33	373	12|4|2|0|1|3|8|6|1|0|2|1
GA	Syrmik	LTR	ERVL	DR0203944	QGNR01000065.1:1020625-1021122-	QGNR01000211.1:108144-108378-	9	21	0	107,111,116,128,99	106,110,116,128,98	1	4,5,6,7,8	31	31	232	9|1|2|1|1|0|1|3|1|1|1|0
GA	Syrmik	LTR	ERVL	DR0203884	QGNR01000017.1:6360500-6361048-	QGNR01000071.1:3733657-3734204+	12	48	0	103,122,141,152,86	103,122,141,152,86	1	2,3,4,5,6	67	67	547	12|10|2|3|2|2|4|9|2|2|0|0
GA	Syrmik	LTR	ERVL	DR0203942	QGNR01000013.1:4561360-4561717+	QGNR01000135.1:432195-432549-	7	31	0	219,221,227,228,232	216,218,224,225,229	1	2,3,4,5,6	14	14	355	7|7|1|1|1|2|2|3|2|0|0|5
GA	Syrmik	LTR	ERVL	DR0204053	QGNR01000152.1:726855-728052-	QGNR01000206.1:156047-158965-	21	124	0	16,18,20,26,29	517,519,521,527,530	1	1,2,3,4,5	14	14	1210	21|18|4|3|6|9|25|21|3|8|4|2
GA	Syrmik	LTR	ERVL	DR0204037	QGNR01000002.1:11420547-11420866+	QGNR01000006.1:24422763-24423099+	13	50	0	157,163,164,170,171	159,165,166,172,173	1	5,6,7,8,9	15	15	315	13|4|1|2|4|1|8|10|0|1|2|4
GA	Syrmik	LTR	ERVL	DR0204037	QGNR01000002.1:11420547-11420866+	QGNR01000025.1:1866184-1866524-	11	53	0	163,169,170,171,184	163,169,170,171,185	1	4,5,6,7,8	23	23	311	11|8|3|5|3|0|9|8|2|0|3|1
GA	Syrmik	LTR	ERVL	DR0204056	QGNR01000002.1:467933-468285+	QGNR01000324.1:11671-12023-	12	29	0	135,140,146,162,178	135,140,146,162,179	1	5,6,7,8,9	45	45	351	12|4|2|1|2|2|0|4|1|1|0|0
GA	Syrmik	LTR	ERVL	DR0203848	QGNR01000009.1:10157990-10158319-	QGNR01000024.1:5192787-5193122-	8	30	0	23,29,4,50,7	24,30,4,48,7	1	1,2,3,4,5	45	45	308	8|2|1|3|2|0|4|6|1|3|0|0
GA	Syrmik	LTR	ERVL	DR0203861	QGNR01000047.1:12063103-12065826-	QGNR01000151.1:491032-495115-	41	198	0	758,763,772,778,819	2107,2112,2121,2127,2170	1	14,15,16,17,18	64	64	1963	41|35|7|3|10|4|34|36|6|8|6|8
GA	Syrmik	LTR	ERVL	DR0204056	QGNR01000002.1:467933-468285+	QGNR01000248.1:49280-54948+	15	43	0	171,174,176,178,186	5491,5494,5496,5498,5503	1	10,11,12,13,14	13	13	309	15|2|4|1|2|8|0|6|0|3|1|1
GA	Syrmik	LTR	ERVL	DR0203861	QGNR01000047.1:12063103-12065826-	QGNR01000071.1:3295475-3299797-	30	128	0	148,156,166,167,183	3326,3334,3344,3345,3361	1	2,3,4,5,6	36	36	1134	30|22|4|2|7|4|20|23|2|6|3|5
GA	Syrmik	LTR	ERVL	DR0203837	QGNR01000004.1:6412003-6412317+	QGNR01000007.1:3142443-3142786-	12	42	0	143,151,156,162,165	153,161,166,172,175	1	4,5,6,7,8	23	23	323	12|5|0|1|0|3|6|8|2|3|0|2
GA	Syrmik	LTR	ERVL	DR0203986	QGNR01013014.1:0-534-	QGNR01021188.1:0-637-	7	35	0	141,142,143,144,147	354,355,356,357,360	1	1,2,3,4,5	7	7	428	7|5|1|1|1|1|9|7|0|1|1|1
GA	Syrmik	LTR	ERVL	DR0203938	QGNR01000033.1:36664-37187-	QGNR01000033.1:11576884-11577420-	16	50	0	453,475,480,483,492	466,488,493,496,505	1	11,12,13,14,15	40	40	525	16|9|1|2|3|1|3|6|2|2|0|5
GA	Syrmik	LTR	ERVL	DR0204056	QGNR01000002.1:11983961-11984277-	QGNR01000126.1:387591-390416-	10	26	0	101,110,112,127,136,141,162,92	313,322,331,333,348,357,362,381	1	3,4,5,6,7,8,9,10	69	69	315	10|1|1|1|3|1|4|1|0|1|2|1
GA	Syrmik	LTR	ERVL	DR0203938	QGNR01000033.1:36664-37187-	QGNR01000114.1:864775-865314-	17	64	0	475,483,489,492,500	491,499,505,508,516	1	12,13,14,15,16	26	26	527	17|17|0|3|2|2|1|11|3|3|0|5
GA	Syrmik	LTR	ERVL	DR0203938	QGNR01000033.1:36664-37187-	QGNR01000090.1:1755385-1755935-	26	75	0	453,455,456,464,480,483,492,497,500,510,517	465,467,468,476,492,495,504,509,512,522,529	1	16,17,18,19,20,21,22,23,24,25,26	65	65	525	26|10|2|4|2|6|4|10|5|1|0|5
GA	Syrmik	LTR	ERVL	DR0203938	QGNR01000033.1:36664-37187-	QGNR01000114.1:2100194-2100722-	18	67	0	453,455,475,480,483,489,492	458,460,480,485,488,494,497	1	12,13,14,15,16,17,18	40	40	521	18|14|1|6|2|2|5|11|3|1|0|4
GA	Syrmik	LTR	ERVL	DR0203938	QGNR01000033.1:36664-37187-	QGNR01000034.1:6720528-6721062+	20	69	0	455,475,480,483,489,492	466,486,491,494,500,503	1	15,16,17,18,19,20	38	38	524	20|13|1|5|4|4|1|8|6|1|0|6
GA	Syrmik	LTR	ERVL	DR0203938	QGNR01000033.1:36664-37187-	QGNR01000136.1:64218-64751+	14	64	0	453,455,483,492,500	463,465,493,502,510	1	10,11,12,13,14	48	48	517	14|11|0|8|3|2|5|9|5|2|1|4
GA	Syrmik	LTR	ERVL	DR0203938	QGNR01000033.1:36664-37187-	QGNR01000035.1:9070910-9071450+	17	67	0	475,483,489,492,510	492,500,506,509,527	1	13,14,15,16,17	36	36	530	17|12|3|7|4|2|4|6|2|4|1|5
GA	Syrmik	LTR	ERVL	DR0203912	QGNR01000303.1:6206-7747+	QGNR01029316.1:215-529-	13	24	0	398,399,401,404,426	255,256,258,261,283	1	8,9,10,11,12	29	29	312	13|0|1|0|1|2|2|4|0|0|0|1
GA	Syrmik	LTR	ERVL	DR0204056	QGNR01000002.1:11983961-11984277-	QGNR01000254.1:21637-22091-	11	31	0	105,112,120,125,127,128	113,120,128,133,135,136	1	6,7,8,9,10,11	24	24	315	11|4|0|0|2|4|0|2|1|2|4|1
GA	Syrmik	LTR	ERVL	DR0203976	QGNR01000004.1:29311812-29312156+	QGNR01000099.1:1665202-1665404+	9	22	0	138,151,163,167,171	138,152,165,169,173	1	4,5,6,7,8	36	36	201	9|3|0|1|1|1|2|3|0|0|1|1
GA	Syrmik	LTR	ERVL	DR0203976	QGNR01000004.1:29311812-29312156+	QGNR01000094.1:555500-555776-	12	38	0	138,151,165,167,171	137,151,166,168,172	1	4,5,6,7,8	36	36	271	12|4|5|1|2|0|2|8|1|2|0|1
GA	Syrmik	LTR	ERVL	DR0203837	QGNR01000004.1:12494189-12494524+	QGNR01000063.1:382764-383092-	9	53	0	15,23,59,62,66	15,23,59,62,66	1	1,2,3,4,5	52	52	328	9|8|1|3|3|4|4|11|4|3|2|1
GA	Syrmik	LTR	ERVL	DR0204053	QGNR01000211.1:87223-89526+	QGNR01009770.1:0-803+	10	31	0	1617,1657,1670,1677,1683	627,667,680,687,693	1	5,6,7,8,9	67	67	448	10|6|0|1|2|1|3|4|0|3|0|1
GA	Syrmik	LTR	ERVL	DR0203938	QGNR01000033.1:914012-914547-	QGNR01000058.1:1767217-1767750-	13	49	0	486,491,498,511,521	472,477,484,497,507	1	9,10,11,12,13	36	36	527	13|5|0|1|1|3|9|12|1|2|2|0
GA	Syrmik	LTR	ERVL	DR0203938	QGNR01000033.1:914012-914547-	QGNR01000098.1:1748271-1748803+	16	60	0	466,475,498,500,506,511	464,473,496,498,504,509	1	11,12,13,14,15,16	46	46	533	16|10|5|3|2|4|6|11|0|3|0|0
GA	Syrmik	LTR	ERVL	DR0204052	QGNR01000001.1:36148972-36149876-	QGNR01000076.1:4230384-4231377-	19	100	0	260,263,266,275,276,286,287	304,307,310,319,320,330,331	1	6,7,8,9,10,11,12	28	28	677	19|17|3|5|7|8|10|15|2|2|7|5
GA	Syrmik	LTR	ERVL	DR0204056	QGNR01000002.1:18567264-18569051+	QGNR01000114.1:2146786-2148954+	40	144	0	1350,1375,1382,1388,1398,671,688,699,700,714	1357,1382,1389,1395,1405,667,684,695,696,710	2	12,13,14,15,16,30,31,32,33,34	93	739	1486	40|23|3|5|4|5|17|21|3|4|1|8
GA	Syrmik	LTR	ERVL	DR0204058	QGNR01000001.1:6787309-6787629-	QGNR01000054.1:6685824-6686148+	11	31	0	162,164,165,167,172	162,164,165,167,172	1	4,5,6,7,8	11	11	322	11|5|0|5|0|0|2|4|1|1|0|2
GA	Syrmik	LTR	ERVL	DR0203912	QGNR01000324.1:24210-25127+	QGNR01008114.1:0-1080+	13	60	0	535,543,564,576,577	590,598,619,631,632	1	5,6,7,8,9	43	43	915	13|12|0|2|1|4|12|5|1|5|1|4
GA	Syrmik	LTR	ERVL	DR0204051	QGNR01000019.1:8128530-8130153+	QGNR01000218.1:46529-48415+	17	69	0	402,403,404,413,422	1759,1760,1761,1770,1779	1	12,13,14,15,16	21	21	514	17|12|1|3|1|2|13|12|1|1|2|4
GA	Syrmik	LTR	ERVL	DR0203976	QGNR01000004.1:31595397-31595745-	QGNR01000035.1:3283635-3283973-	10	41	0	167,168,171,172,174	163,164,167,168,170	1	2,3,4,5,6	8	8	341	10|5|1|0|1|4|9|7|0|2|0|2
GA	Syrmik	LTR	ERVL	DR0203833	QGNR01000002.1:16236423-16237245-	QGNR01000071.1:3110925-3111758+	11	64	0	400,408,489,498,516	403,411,492,504,519	1	7,8,9,10,11	117	117	825	11|12|2|1|3|3|10|11|2|2|5|2
GA	Syrmik	LTR	ERVL	DR0203976	QGNR01000004.1:31595397-31595745-	QGNR01000006.1:333620-333964-	13	53	0	108,112,124,166,168,171,174	107,111,123,165,167,170,173	1	1,2,3,4,5,6,7	67	67	346	13|7|0|2|1|6|10|6|2|5|0|1
GA	Syrmik	LTR	ERVL	DR0203976	QGNR01000004.1:31595397-31595745-	QGNR01000055.1:4039071-4039413+	11	50	0	153,166,167,171,174	150,163,164,168,171	1	1,2,3,4,5	22	22	332	11|7|0|0|4|4|6|11|0|4|2|1
GA	Syrmik	LTR	ERVL	DR0203976	QGNR01000004.1:31595397-31595745-	QGNR01000050.1:3128782-3129117+	13	47	0	112,114,166,169,171,172,174	107,109,157,160,162,163,165	1	3,4,5,6,7,8,9	59	59	341	13|5|0|2|3|4|4|8|4|1|1|2
GA	Syrmik	LTR	ERVL	DR0203976	QGNR01000004.1:31595397-31595745-	QGNR01000006.1:11682069-11682399+	6	35	0	167,168,169,171,174	166,167,168,170,173	1	2,3,4,5,6	8	8	272	6|4|2|0|4|3|4|7|0|2|3|0
GA	Syrmik	LTR	ERVL	DR0203976	QGNR01000004.1:31595397-31595745-	QGNR01000151.1:25643-25988+	13	59	0	166,167,168,171,174	165,166,167,170,173	1	4,5,6,7,8	9	9	346	13|10|3|1|6|2|6|9|2|4|0|3
GA	Syrmik	LTR	ERVL	DR0203976	QGNR01000004.1:31595397-31595745-	QGNR01000016.1:5425775-5426085+	6	37	0	160,166,167,171,174	156,162,163,167,170	1	1,2,3,4,5	15	15	272	6|7|4|1|2|4|4|6|0|2|1|0
GA	Syrmik	LTR	ERVL	DR0204056	QGNR01000005.1:18301708-18302059-	QGNR01000324.1:11671-12023-	12	27	0	135,140,146,162,178	135,140,146,162,179	1	5,6,7,8,9	45	45	351	12|4|1|1|0|1|2|5|1|0|0|0
GA	Syrmik	LTR	ERVL	DR0204056	QGNR01000005.1:18301708-18302059-	QGNR01000012.1:7676915-7677239-	5	19	0	119,127,140,174,61	101,114,148,35,93	1	1,2,3,4,5	114	114	321	5|2|0|1|0|0|4|3|1|2|0|1
GA	Syrmik	LTR	ERVL	DR0203861	QGNR01000058.1:1036025-1039000-	QGNR01000173.1:238422-241982+	73	276	0	2718,2735,2745,2746,2752,2753	3338,3347,3356,3357,3362,3363	1	60,61,62,63,64,65	26	26	2619	73|54|7|15|14|10|35|44|4|8|5|7
GA	Syrmik	LTR	ERVL	DR0203861	QGNR01000058.1:1036025-1039000-	QGNR01000090.1:2125447-2127550-	39	198	0	2809,2810,2821,2827,2831	1931,1932,1942,1948,1953	1	35,36,37,38,39	23	23	1964	39|34|7|5|6|5|37|43|6|9|5|2
GA	Syrmik	LTR	ERVL	DR0203861	QGNR01000058.1:1036025-1039000-	QGNR01000181.1:308202-309263+	28	104	0	2790,2799,2809,2810,2821	856,865,875,876,886	1	20,21,22,23,24	31	31	980	28|19|0|2|8|7|16|16|4|1|2|1
GA	Syrmik	LTR	ERVL	DR0203837	QGNR01000004.1:18876285-18876651+	QGNR01000035.1:3375752-3376061-	7	28	0	194,201,210,212,221	195,203,212,214,223	1	3,4,5,6,7	29	29	238	7|3|0|2|3|1|2|7|1|2|0|0
GA	Syrmik	LTR	ERVL	DR0203861	QGNR01000058.1:1036025-1039000-	QGNR01000269.1:81770-82535+	28	80	0	2809,2810,2821,2831,2832	595,596,606,616,617	1	24,25,26,27,28	23	23	652	28|13|1|2|6|1|9|13|3|0|2|2
GA	Syrmik	LTR	ERVL	DR0203837	QGNR01000004.1:18876285-18876651+	QGNR01000061.1:200574-200919+	11	59	0	201,203,212,213,247	202,204,213,214,243	1	5,6,7,8,9	42	42	335	11|5|2|4|0|5|11|11|4|6|0|0
GA	Syrmik	LTR	ERVL	DR0203837	QGNR01000004.1:18876285-18876651+	QGNR01000019.1:14214777-14215118-	11	32	0	194,196,201,210,212	193,195,202,211,213	1	7,8,9,10,11	21	21	242	11|1|3|0|1|0|2|8|3|2|1|0
GA	Syrmik	LTR	ERVL	DR0203837	QGNR01000004.1:18876285-18876651+	QGNR01000041.1:6518537-6518849+	12	35	0	196,201,203,212,214	197,202,204,213,215	1	8,9,10,11,12	19	19	238	12|2|3|2|0|3|2|6|3|0|0|2
GA	Syrmik	LTR	ERVL	DR0203837	QGNR01000004.1:18876285-18876651+	QGNR01000030.1:6744323-6744638-	8	37	0	196,201,203,212,213	195,200,202,211,212	1	3,4,5,6,7	18	18	237	8|6|4|0|1|2|5|7|3|0|1|0
GA	Syrmik	LTR	ERVL	DR0204056	QGNR01000006.1:20870426-20870788+	QGNR01000181.1:23092-24210+	18	45	0	317,325,331,337,341	317,325,331,337,341	1	14,15,16,17,18	25	25	359	18|0|0|0|0|6|3|8|2|4|2|2
GA	Syrmik	LTR	ERVL	DR0204068	QGNR01000001.1:24035027-24035527+	QGNR01000052.1:711158-711660+	12	52	0	109,23,62,66,71,91	110,24,63,67,72,92	1	1,2,3,4,5,6	87	87	501	12|9|3|1|2|1|6|11|4|3|0|0
GA	Syrmik	LTR	ERVL	DR0203944	QGNR01000075.1:977265-977733-	QGNR01000079.1:3810906-3811380+	10	47	0	106,115,116,122,99	116,122,131,132,138	1	2,3,4,5,6	23	23	462	10|3|4|1|1|4|7|10|1|2|3|1
GA	Syrmik	LTR	ERVL	DR0203876	QGNR01000001.1:36150841-36151615+	QGNR01000031.1:628619-629432-	27	92	0	69,84,86,92,94	67,82,84,90,92	1	1,2,3,4,5	26	26	660	27|20|3|4|4|5|8|12|1|4|0|4
GA	Syrmik	LTR	ERVL	DR0203848	QGNR01000011.1:2457335-2457674-	QGNR01000023.1:4872612-4872959+	14	61	0	301,310,315,324,327	301,310,315,324,327	1	10,11,12,13,14	27	27	334	14|12|1|2|2|2|14|9|0|3|0|2
GA	Syrmik	LTR	ERVL	DR0203944	QGNR01000075.1:977265-977733-	QGNR01000088.1:1168777-1169260+	8	30	0	106,115,122,126,99	105,114,121,125,99	1	1,2,3,4,5	27	27	361	8|6|1|0|1|2|6|3|1|0|1|1
GA	Syrmik	LTR	ERVL	DR0203861	QGNR01000058.1:1467617-1472737+	QGNR01000070.1:6578828-6581902+	85	498	0	2360,2361,2364,2388,2412	1866,1867,1870,1896,1920	1	58,59,60,61,62	55	55	3076	85|74|14|5|11|18|124|97|19|15|16|20
GA	Syrmik	LTR	ERVL	DR0203861	QGNR01000058.1:1467617-1472737+	QGNR01000090.1:1670000-1674258+	122	661	0	241,244,247,249,255	1014,1017,1020,1022,1028	1	6,7,8,9,10	15	15	3469	122|124|19|17|21|36|133|97|20|18|22|32
GA	Syrmik	LTR	ERVL	DR0203833	QGNR01000003.1:19301480-19302208-	QGNR01000022.1:10587715-10588510-	17	75	0	331,334,343,366,368	320,323,332,355,357	1	11,12,13,14,15	38	38	705	17|17|7|2|2|3|10|9|1|2|4|1
GA	Syrmik	LTR	ERVL	DR0203971	QGNR01000027.1:13047416-13048181+	QGNR01000043.1:605028-605768-	17	76	0	106,78,84,85,97	106,78,84,85,97	1	1,2,3,4,5	29	29	626	17|16|1|2|6|3|8|12|1|2|2|6
GA	Syrmik	LTR	ERVL	DR0203861	QGNR01000058.1:1467617-1472737+	QGNR01000163.1:421828-424545+	95	499	0	1168,1174,1190,1193,1194	1376,1382,1398,1401,1402	1	52,53,54,55,56	27	27	2470	95|92|10|14|12|27|108|73|18|8|19|23
GA	Syrmik	LTR	ERVL	DR0203942	QGNR01000013.1:9294864-9295223+	QGNR01000045.1:4580812-4583698-	6	14	0	285,299,320,325,350	283,297,318,323,348	1	2,3,4,5,6	66	66	358	6|4|0|1|0|0|0|1|0|2|0|0
GA	Syrmik	LTR	ERVL	DR0203942	QGNR01000013.1:9294864-9295223+	QGNR01000022.1:10043906-10044264-	7	18	0	285,299,320,325,350	283,297,318,323,348	1	3,4,5,6,7	66	66	353	7|5|0|1|1|0|1|2|1|0|0|0
GA	Syrmik	LTR	ERVL	DR0203942	QGNR01000013.1:9294864-9295223+	QGNR01000016.1:11576713-11577069+	10	19	0	285,299,316,320,325,350	284,298,315,319,324,349	1	5,6,7,8,9,10	66	66	356	10|4|1|0|0|0|3|1|0|0|0|0
GA	Syrmik	LTR	ERVL	DR0203833	QGNR01000003.1:19301480-19302208-	QGNR01000011.1:21522896-21523715+	25	85	0	331,334,366,368,389	354,357,389,391,412	1	17,18,19,20,21	59	59	730	25|13|6|0|1|3|10|12|1|6|6|2
GA	Syrmik	LTR	ERVL	DR0203884	QGNR01000018.1:10125147-10125676-	QGNR01000264.1:100029-100559+	8	18	0	499,504,509,514,521	502,507,512,517,524	1	4,5,6,7,8	23	23	316	8|3|0|0|0|0|2|4|0|0|1|0
GA	Syrmik	LTR	ERVL	DR0203971	QGNR01000027.1:17786381-17786726-	QGNR01000055.1:3879306-3880058+	7	22	0	148,187,230,233,244	148,187,230,233,244	1	3,4,5,6,7	97	97	331	7|4|0|1|0|1|2|5|1|0|0|1
GA	Syrmik	LTR	ERVL	DR0203833	QGNR01000003.1:19301480-19302208-	QGNR01000105.1:46203-47016-	22	89	0	226,227,231,242,266	243,244,248,259,281	1	5,6,7,8,9	39	39	725	22|22|5|2|3|3|9|13|2|3|3|2
GA	Syrmik	LTR	ERVL	DR0204037	QGNR01000003.1:8298259-8298592+	QGNR01000054.1:3053817-3054159-	13	45	0	11,14,21,34,48	13,16,23,36,50	1	1,2,3,4,5	38	38	310	13|8|3|3|0|3|4|4|1|4|2|0
GA	Syrmik	LTR	ERVL	DR0203833	QGNR01000003.1:19301480-19302208-	QGNR01000050.1:357893-358704+	20	98	0	466,469,472,478,487	463,466,469,472,481	1	11,12,13,14,15	19	19	719	20|23|5|8|4|7|6|10|1|5|6|3
GA	Syrmik	LTR	ERVL	DR0204052	QGNR01000002.1:4622363-4623244+	QGNR01000076.1:4230384-4231377-	24	104	0	266,275,276,286,287	307,319,320,330,331	1	7,8,9,10,11	25	25	712	24|18|6|3|4|5|8|16|2|2|5|11
GA	Syrmik	LTR	ERVL	DR0203942	QGNR01000013.1:9294864-9295223+	QGNR01006280.1:0-1252-	9	19	0	285,299,316,320,325	243,257,274,278,283	1	4,5,6,7,8	41	41	317	9|5|0|0|0|0|2|2|0|0|1|0
GA	Syrmik	LTR	ERVL	DR0203912	QGNR01000749.1:4872-6202+	QGNR01029716.1:0-310+	10	15	0	348,397,406,409,412	196,242,251,254,257	1	5,6,7,8,9	62	62	310	10|0|0|0|0|0|1|1|1|0|0|2
GA	Syrmik	LTR	ERVL	DR0203912	QGNR01000749.1:4872-6202+	QGNR01029316.1:215-529-	11	17	0	397,406,407,409,412	246,255,256,258,261	1	6,7,8,9,10	16	16	312	11|2|0|0|0|0|1|0|1|0|0|2
GA	Syrmik	LTR	ERVL	DR0203976	QGNR01000004.1:32394991-32395333+	QGNR01000016.1:5425775-5426085+	9	36	0	157,163,164,168,171	156,162,163,167,170	1	2,3,4,5,6	15	15	253	9|5|6|2|1|1|3|4|0|3|0|2
GA	Syrmik	LTR	ERVL	DR0203976	QGNR01000004.1:32394991-32395333+	QGNR01000006.1:11682069-11682399+	9	38	0	164,165,166,168,171	166,167,168,170,173	1	1,2,3,4,5	8	8	267	9|8|4|0|1|1|2|8|1|0|2|2
GA	Syrmik	LTR	ERVL	DR0203938	QGNR01000034.1:3849813-3850357-	QGNR01000114.1:2100194-2100722-	9	45	0	473,475,495,500,509	458,460,480,485,494	1	5,6,7,8,9	37	37	530	9|12|2|3|1|1|7|6|1|0|1|2
GA	Syrmik	LTR	ERVL	DR0203938	QGNR01000034.1:3849813-3850357-	QGNR01000090.1:1755385-1755935-	15	47	0	473,475,476,484,500	465,467,468,476,492	1	8,9,10,11,12	28	28	533	15|9|2|1|2|2|3|8|2|0|1|2
GA	Syrmik	LTR	ERVL	DR0203976	QGNR01000004.1:32394991-32395333+	QGNR01000016.1:18439580-18439926+	8	22	0	164,168,170,182,188	167,171,173,185,191	1	4,5,6,7,8	25	25	205	8|2|0|2|0|1|2|3|1|1|1|1
GA	Syrmik	LTR	ERVL	DR0203976	QGNR01000004.1:32394991-32395333+	QGNR01002507.1:0-270-	7	26	0	164,165,168,169,171	166,167,170,171,173	1	1,2,3,4,5	8	8	206	7|7|1|1|0|1|1|5|1|0|2|0
GA	Syrmik	LTR	ERVL	DR0203976	QGNR01000004.1:32394991-32395333+	QGNR01000004.1:34296450-34296811-	7	26	0	164,165,168,169,171	166,167,170,171,173	1	1,2,3,4,5	8	8	206	7|7|1|1|0|1|1|5|1|0|2|0
GA	Syrmik	LTR	ERVL	DR0203976	QGNR01000004.1:32394991-32395333+	QGNR01000211.1:22131-22453-	10	26	0	163,164,168,170,171	165,166,170,172,173	1	5,6,7,8,9	9	9	205	10|6|3|0|0|1|1|4|0|0|0|1
GA	Syrmik	LTR	ERVL	DR0203976	QGNR01000004.1:32394991-32395333+	QGNR01000006.1:3310699-3311042-	9	39	0	163,164,168,169,170	161,162,166,167,168	1	3,4,5,6,7	8	8	258	9|10|0|2|3|1|2|6|1|1|2|2
GA	Syrmik	LTR	ERVL	DR0203976	QGNR01000004.1:32394991-32395333+	QGNR01000013.1:6514272-6514596-	12	38	0	163,164,168,171,184	163,164,168,171,184	1	5,6,7,8,9	22	22	242	12|6|2|3|2|1|3|5|1|1|0|2
GA	Syrmik	LTR	ERVL	DR0203976	QGNR01000004.1:32394991-32395333+	QGNR01000016.1:11044528-11044844+	11	28	0	150,164,166,168,171	154,168,170,172,175	1	5,6,7,8,9	22	22	204	11|5|1|0|0|1|4|4|1|0|0|1
GA	Syrmik	LTR	ERVL	DR0203976	QGNR01000004.1:32394991-32395333+	QGNR01000050.1:3128782-3129117+	13	31	0	163,166,168,169,171	157,160,162,163,165	1	6,7,8,9,10	9	9	248	13|6|2|0|1|0|3|4|1|0|0|1
GA	Syrmik	LTR	ERVL	DR0203976	QGNR01000004.1:32394991-32395333+	QGNR01000006.1:14099594-14099863+	11	43	0	163,164,165,168,169	164,165,166,169,170	1	2,3,4,5,6	7	7	243	11|10|5|3|1|1|3|5|1|1|0|2
GA	Syrmik	LTR	ERVL	DR0204011	QGNR01000016.1:9401138-9401667-	QGNR01000033.1:11162495-11162973+	10	44	0	372,406,412,431,432	322,356,362,381,382	1	4,5,6,7,8	61	61	460	10|11|0|2|2|2|1|13|0|1|1|1
GA	Syrmik	LTR	ERVL	DR0203971	QGNR01000027.1:22899302-22900110+	QGNR01000045.1:9209410-9210208-	16	94	0	123,175,177,200,204	113,143,145,168,172	1	2,3,4,5,6	60	60	791	16|16|5|1|4|3|12|21|6|3|2|5
GA	Syrmik	LTR	ERVL	DR0203912	QGNR01000755.1:0-1915+	QGNR01029716.1:0-310+	10	19	0	294,304,307,311,359	242,251,254,257,305	1	6,7,8,9,10	64	64	314	10|2|0|2|0|0|1|1|0|0|2|1
GA	Syrmik	LTR	ERVL	DR0204053	QGNR01000303.1:13313-14810-	QGNR01009770.1:0-803+	7	29	0	273,291,313,326,339	627,645,667,680,693	1	3,4,5,6,7	67	67	449	7|7|1|0|1|2|3|2|1|3|2|0
GA	Syrmik	LTR	ERVL	DR0203912	QGNR01000755.1:0-1915+	QGNR01029316.1:215-529-	11	20	0	294,304,305,307,311,359	246,255,256,258,261,309	1	6,7,8,9,10,11	64	64	316	11|3|0|2|0|0|1|0|0|0|1|2
GA	Syrmik	LTR	ERVL	DR0204082	QGNR01000001.1:22663529-22664033+	QGNR01000012.1:7373156-7373651+	14	65	0	58,63,65,71,73	57,62,64,70,72	1	4,5,6,7,8	16	16	497	14|15|0|4|3|3|6|11|1|3|3|2
GA	Syrmik	LTR	ERVL	DR0204056	QGNR01000011.1:831315-834418-	QGNR01000220.1:9704-12626-	50	265	0	1393,1402,1406,1415,1419	1300,1309,1313,1322,1326	1	19,20,21,22,23	27	27	2653	50|40|6|15|8|9|42|62|4|11|5|13
GA	Syrmik	LTR	ERVL	DR0204056	QGNR01000011.1:831315-834418-	QGNR01000820.1:7479-9282-	19	131	0	1393,1402,1411,1415,1419,1423	207,216,225,229,233,237	1	3,4,5,6,7,8	31	31	1815	19|19|4|2|5|9|25|30|1|7|3|7
GA	Syrmik	LTR	ERVL	DR0203861	QGNR01000058.1:4112535-4115428-	QGNR01000553.1:1276-6744-	58	295	0	1108,1117,1120,1123,1130	2492,2501,2504,2507,2514	1	18,19,20,21,22	23	23	2496	58|50|10|6|11|12|60|43|12|10|8|15
GA	Syrmik	LTR	ERVL	DR0204056	QGNR01000011.1:831315-834418-	QGNR01000324.1:11671-12023-	10	21	0	2888,2899,2915,2931,2965,2971	135,146,162,179,213,219	1	3,4,5,6,7,8	85	85	336	10|4|1|0|0|1|1|3|1|0|0|0
GA	Syrmik	LTR	ERVL	DR0203833	QGNR01000004.1:18692080-18692916-	QGNR01000011.1:21522896-21523715+	18	73	0	355,358,390,392,413	354,357,389,391,412	1	10,11,12,13,14	59	59	823	18|13|4|1|1|5|8|13|2|3|3|2
GA	Syrmik	LTR	ERVL	DR0203876	QGNR01000001.1:43930647-43931540-	QGNR01000114.1:2002269-2003047+	10	34	0	172,188,190,195,197	160,176,178,183,185	1	2,3,4,5,6	26	26	309	10|6|1|1|3|1|9|1|0|0|1|1
GA	Syrmik	LTR	ERVL	DR0204051	QGNR01000037.1:782183-787163+	QGNR01000090.1:1383316-1388447+	58	266	0	2297,2315,2316,2317,2320,2323	2086,2104,2105,2106,2109,2112	1	39,40,41,42,43,44	27	27	2724	58|51|8|11|12|12|46|45|3|6|5|9
GA	Syrmik	LTR	ERVL	DR0204052	QGNR01000004.1:10408826-10409372+	QGNR01000058.1:4123473-4124381+	15	63	0	209,210,214,226,232,237	209,210,214,226,232,237	1	4,5,6,7,8,9	29	29	523	15|9|5|4|0|1|8|10|2|3|2|4
GA	Syrmik	LTR	ERVL	DR0204052	QGNR01000004.1:10408826-10409372+	QGNR01000027.1:22247660-22248156-	13	52	0	210,214,228,232,237	168,172,186,190,195	1	5,6,7,8,9	28	28	429	13|9|2|1|1|2|9|8|1|3|0|3
GA	Syrmik	LTR	ERVL	DR0204052	QGNR01000004.1:10408826-10409372+	QGNR01000004.1:20501677-20502532-	8	39	0	210,212,214,232,247	167,169,171,189,204	1	3,4,5,6,7	38	38	356	8|7|2|1|1|3|5|4|0|4|1|3
GA	Syrmik	LTR	ERVL	DR0204052	QGNR01000004.1:10408826-10409372+	QGNR01000016.1:9259681-9260524-	12	42	0	210,214,228,232,237	168,172,186,190,195	1	5,6,7,8,9	28	28	334	12|5|1|2|0|3|8|4|0|4|2|1
GA	Syrmik	LTR	ERVL	DR0203833	QGNR01000004.1:18692080-18692916-	QGNR01000022.1:10587715-10588510-	18	84	0	355,358,367,390,392	320,323,332,355,357	1	10,11,12,13,14	38	38	674	18|21|4|3|2|5|14|10|3|1|2|1
GA	Syrmik	LTR	ERVL	DR0204056	QGNR01000011.1:834419-836416-	QGNR01000016.1:14005514-14010376+	51	188	0	105,109,112,72,77,84	651,656,663,684,688,691	1	3,4,5,6,7,8	41	41	2000	51|48|3|4|10|4|29|26|9|2|2|0
GA	Syrmik	LTR	ERVL	DR0204052	QGNR01000004.1:20501677-20502532-	QGNR01000029.1:1902753-1903622+	17	67	0	413,449,452,455,456	394,433,436,439,440	1	5,6,7,8,9	47	47	730	17|14|3|0|1|5|9|8|0|2|5|3
GA	Syrmik	LTR	ERVL	DR0204037	QGNR01000005.1:508002-508338+	QGNR01000029.1:7644451-7644788+	15	51	0	105,109,110,111,114	102,106,107,108,111	1	2,3,4,5,6	10	10	305	15|5|2|3|2|3|4|13|1|1|1|1
GA	Syrmik	LTR	ERVL	DR0204052	QGNR01000004.1:20501677-20502532-	QGNR01000076.1:4230384-4231377-	25	98	0	271,275,278,287,288,298,299	303,307,310,319,320,330,331	1	5,6,7,8,9,10,11	29	29	639	25|15|3|4|4|6|14|9|0|4|8|6
GA	Syrmik	LTR	ERVL	DR0203942	QGNR01000015.1:10588264-10588630-	QGNR01000135.1:432195-432549-	8	28	0	217,219,225,226,230	216,218,224,225,229	1	3,4,5,6,7	14	14	348	8|5|2|0|1|0|2|4|2|0|0|4
GA	Syrmik	LTR	ERVL	DR0204082	QGNR01000003.1:3202725-3203226+	QGNR01000035.1:933514-934006-	12	54	0	430,433,436,438,448	423,426,429,431,442	1	8,9,10,11,12	20	20	495	12|14|1|3|3|4|3|10|2|1|1|0
GA	Syrmik	LTR	ERVL	DR0204023	QGNR01000033.1:8717730-8718239-	QGNR01000076.1:4072049-4072539-	11	39	0	448,456,471,480,486	426,434,448,457,463	1	7,8,9,10,11	38	38	495	11|7|0|3|0|1|7|8|0|0|1|1
GA	Syrmik	LTR	ERVL	DR0203876	QGNR01000002.1:7736276-7736817-	QGNR01000218.1:80068-80828+	7	22	0	209,220,247,265,278	203,214,241,259,272	1	1,2,3,4,5	70	70	520	7|4|0|0|0|2|0|4|2|2|1|0
GA	Syrmik	LTR	ERVL	DR0203917	QGNR01000045.1:8662251-8662555+	QGNR01000058.1:4628614-4629138-	6	16	0	15,29,4,54,60	170,181,195,220,226	1	1,2,3,4,5	57	57	196	6|0|0|2|0|0|0|2|0|3|1|2
GA	Syrmik	LTR	ERVL	DR0203876	QGNR01000002.1:7736276-7736817-	QGNR01000076.1:3994604-3995363-	8	27	0	220,226,247,259,278	208,214,235,247,266	1	2,3,4,5,6	59	59	521	8|7|0|3|1|0|1|3|2|1|1|0
GA	Syrmik	LTR	ERVL	DR0203876	QGNR01000002.1:7736276-7736817-	QGNR01000114.1:2002269-2003047+	17	56	0	187,189,191,196,197,198	174,176,178,183,184,185	1	5,6,7,8,9,10	12	12	527	17|13|2|2|3|1|5|7|1|2|2|1
GA	Syrmik	LTR	ERVL	DR0204052	QGNR01000005.1:5695948-5696805-	QGNR01000076.1:4230384-4231377-	29	111	0	172,180,186,197,198,247,256,257,267,268	234,242,248,259,260,310,319,320,330,331	2	5,6,7,8,9,11,12,13,14,15	49	98	712	29|18|6|7|3|4|16|12|2|4|6|4
GA	Syrmik	LTR	ERVL	DR0203876	QGNR01000002.1:7736276-7736817-	QGNR01000071.1:4383176-4384091-	15	44	0	175,181,197,200,220	174,180,190,193,213	1	5,6,7,8,9	40	40	390	15|4|3|3|1|3|5|5|2|1|1|1
GA	Syrmik	LTR	ERVL	DR0203876	QGNR01000002.1:7736276-7736817-	QGNR01000043.1:1019662-1020538-	14	48	0	175,197,198,212,220	167,183,184,198,206	1	2,3,4,5,6	40	40	384	14|6|1|2|0|2|9|7|2|2|2|1
GA	Syrmik	LTR	ERVL	DR0203876	QGNR01000002.1:7736276-7736817-	QGNR01000064.1:1054263-1055154+	11	41	0	187,196,197,212,220	175,184,185,200,208	1	4,5,6,7,8	34	34	387	11|5|2|2|2|3|2|4|3|3|1|3
GA	Syrmik	LTR	ERVL	DR0203876	QGNR01000002.1:7736276-7736817-	QGNR01000071.1:4895412-4896238+	16	51	0	175,181,196,197,209,220	167,173,182,183,195,206	1	4,5,6,7,8,9	40	40	388	16|4|2|3|1|4|7|5|2|3|2|2
GA	Syrmik	LTR	ERVL	DR0203876	QGNR01000002.1:7736276-7736817-	QGNR01000075.1:609955-610805-	15	54	0	181,187,196,197,204	171,177,186,187,194	1	4,5,6,7,8	24	24	389	15|4|2|2|2|2|3|11|3|3|2|5
GA	Syrmik	LTR	ERVL	DR0203876	QGNR01000002.1:7736276-7736817-	QGNR01000034.1:7572074-7572972-	7	21	0	175,196,197,198,220	172,187,188,189,211	1	3,4,5,6,7	40	40	225	7|1|2|1|0|0|2|4|0|2|2|0
GA	Syrmik	LTR	ERVL	DR0203917	QGNR01000047.1:1612872-1613373+	QGNR01000079.1:3549817-3550327-	14	59	0	160,190,216,219,221	164,196,222,225,227	1	3,4,5,6,7	64	64	496	14|8|0|4|5|2|13|10|1|1|1|0
GA	Syrmik	LTR	ERVL	DR0204082	QGNR01000006.1:2147143-2147590+	QGNR01000012.1:7373156-7373651+	12	52	0	56,61,63,68,71	57,62,64,69,72	1	2,3,4,5,6	16	16	415	12|11|1|2|2|2|4|6|2|5|3|2
GA	Syrmik	LTR	ERVL	DR0204093	QGNR01000005.1:18509818-18510846+	QGNR01000106.1:570855-571524+	21	83	0	403,410,416,417,421	317,324,330,331,335	1	7,8,9,10,11	19	19	675	21|10|1|0|4|4|16|20|2|2|0|3
GA	Syrmik	LTR	ERVL	DR0203876	QGNR01000002.1:12772393-12772818+	QGNR01000106.1:404654-405493+	10	36	0	295,297,302,304,306,307	271,273,278,280,282,283	1	3,4,5,6,7,8	13	13	285	10|1|0|1|1|2|7|7|1|1|3|2
GA	Syrmik	LTR	ERVL	DR0204093	QGNR01000005.1:18633857-18634931+	QGNR01000114.1:2124426-2125900+	17	58	0	111,114,79,81,86	475,477,482,507,510	1	3,4,5,6,7	36	36	1074	17|15|1|0|2|2|12|7|0|0|2|0
GA	Syrmik	LTR	ERVL	DR0203917	QGNR01000047.1:4088540-4089060+	QGNR01000047.1:6953828-6954350-	20	75	0	52,60,61,62,64	54,62,63,64,66	1	1,2,3,4,5	13	13	519	20|23|2|3|2|2|7|8|2|5|1|0
GA	Syrmik	LTR	ERVL	DR0203861	QGNR01000068.1:3024287-3024995-	QGNR01024857.1:96-582-	12	41	0	288,302,306,311,407,412	164,169,45,59,63,68	1	1,2,3,4,5,6	125	125	466	12|8|3|0|0|1|5|8|0|3|0|1
GA	Syrmik	LTR	ERVL	DR0204093	QGNR01000010.1:13189962-13190348-	QGNR01000076.1:3159875-3160181+	10	22	0	28,38,68,76,78,80,88	28,38,68,77,79,81,89	1	2,3,4,5,6,7,8	62	62	304	10|3|0|1|0|0|2|5|0|1|0|0
GA	Syrmik	LTR	ERVL	DR0204076	QGNR01000001.1:28646504-28646975+	QGNR01000005.1:13933117-13933578-	8	28	0	402,411,420,444,447	392,400,409,433,436	1	4,5,6,7,8	45	45	465	8|4|1|1|1|2|6|4|0|1|0|0
GA	Syrmik	LTR	ERVL	DR0204037	QGNR01000005.1:17240545-17240878-	QGNR01000029.1:7644451-7644788+	16	56	0	101,105,108,109,113	104,107,108,111,99	1	2,3,4,5,6	13	13	326	16|8|3|2|1|3|4|14|3|1|0|1
GA	Syrmik	LTR	ERVL	DR0204051	QGNR01000047.1:12117073-12120148+	QGNR01000090.1:1383316-1388447+	24	82	0	2800,2818,2819,2820,2823	2086,2104,2105,2106,2109	1	15,16,17,18,19	24	24	736	24|14|2|4|3|3|11|11|1|2|1|6
GA	Syrmik	LTR	ERVL	DR0204082	QGNR01000008.1:1233779-1235815+	QGNR01000151.1:796334-797630+	22	118	0	1506,1509,1513,1545,1546	1098,1101,1105,1137,1138	1	15,16,17,18,19	41	41	859	22|23|2|6|2|9|19|18|5|2|6|4
GA	Syrmik	LTR	ERVL	DR0204058	QGNR01000001.1:17460386-17460702+	QGNR01000006.1:25257019-25257345+	10	27	0	36,53,62,71,80	36,53,62,71,80	1	2,3,4,5,6	45	45	320	10|2|1|0|0|3|5|4|0|0|0|2
GA	Syrmik	LTR	ERVL	DR0203938	QGNR01000036.1:6100634-6101188+	QGNR01000043.1:921059-921536+	10	46	0	265,268,275,291,348	226,229,236,252,293	1	3,4,5,6,7	68	68	485	10|13|1|2|0|1|7|7|4|0|0|1
GA	Syrmik	LTR	ERVL	DR0204011	QGNR01000022.1:9857753-9858279+	QGNR01000258.1:29678-30936-	10	39	0	242,257,260,262,265	247,262,265,267,270	1	1,2,3,4,5	24	24	303	10|4|1|1|3|1|5|9|3|2|0|0
GA	Syrmik	LTR	ERVL	DR0204058	QGNR01000001.1:17460386-17460702+	QGNR01000064.1:3591237-3591532-	11	30	0	23,53,66,71,75	23,53,66,71,75	1	3,4,5,6,7	53	53	272	11|3|0|1|1|2|7|3|0|1|0|1
GA	Syrmik	LTR	ERVL	DR0204082	QGNR01000008.1:1233779-1235815+	QGNR01000012.1:7373156-7373651+	17	56	0	57,62,64,70,72	57,62,64,70,72	1	4,5,6,7,8	16	16	497	17|6|1|1|1|5|8|9|2|3|1|2
GA	Syrmik	LTR	ERVL	DR0203833	QGNR01000004.1:24783564-24784345-	QGNR01000076.1:3721516-3722348-	25	114	0	215,216,219,224,242,243	245,246,249,254,266,267	1	7,8,9,10,11,12	23	23	801	25|19|3|8|6|4|12|16|6|5|2|8
GA	Syrmik	LTR	ERVL	DR0203833	QGNR01000004.1:24783564-24784345-	QGNR01000005.1:18626373-18626952-	13	49	0	707,710,725,728,732	493,496,511,514,518	1	9,10,11,12,13	26	26	544	13|12|1|0|1|0|7|9|2|2|0|2
GA	Syrmik	LTR	ERVL	DR0203861	QGNR01000068.1:3173894-3178244+	QGNR01000070.1:6578828-6581902+	34	264	0	3041,3071,3083,3093,3107	1764,1794,1806,1816,1830	1	19,20,21,22,23	67	67	3075	34|49|8|5|9|8|52|59|13|8|11|8
GA	Syrmik	LTR	ERVL	DR0203848	QGNR01000011.1:17936571-17936922-	QGNR01000017.1:5597361-5597710-	11	52	0	106,111,112,116,118	106,111,112,116,118	1	1,2,3,4,5	13	13	348	11|11|0|2|2|0|6|12|4|2|1|1
GA	Syrmik	LTR	ERVL	DR0204056	QGNR01000011.1:3553994-3554257+	QGNR01000012.1:7676915-7677239-	5	13	0	104,112,117,125,159	101,106,114,148,93	1	1,2,3,4,5	56	56	248	5|3|0|0|0|0|2|0|1|2|0|0
GA	Syrmik	LTR	ERVL	DR0203861	QGNR01000068.1:3173894-3178244+	QGNR01000090.1:1905010-1908922-	119	612	0	3832,3833,3841,3843,3848	3866,3867,3875,3877,3882	1	115,116,117,118,119	17	17	3591	119|119|14|22|23|29|104|99|15|14|28|26
GA	Syrmik	LTR	ERVL	DR0204056	QGNR01000011.1:3553994-3554257+	QGNR01000324.1:11671-12023-	9	20	0	120,125,131,147,163	135,140,146,162,179	1	3,4,5,6,7	45	45	256	9|4|1|1|1|0|0|1|2|1|0|0
GA	Syrmik	LTR	ERVL	DR0203938	QGNR01000036.1:6498057-6498592+	QGNR01000090.1:1755385-1755935-	14	50	0	411,417,458,467,491	412,418,459,468,492	1	6,7,8,9,10	81	81	512	14|10|2|0|0|4|6|11|1|2|0|0
GA	Syrmik	LTR	ERVL	DR0204056	QGNR01000011.1:3553994-3554257+	QGNR01000050.1:6892124-6892502-	6	17	0	117,125,130,163,96	109,130,138,143,180	1	2,3,4,5,6	72	72	257	6|2|0|1|1|0|2|2|1|1|1|0
GA	Syrmik	LTR	ERVL	DR0203986	QGNR01055586.1:0-360-	QGNR01056697.1:0-355+	5	6	0	151,155,200,224,256	101,105,150,174,206	1	1,2,3,4,5	106	106	311	5|0|0|0|0|0|0|1|0|0|0|0
GA	Syrmik	LTR	ERVL	DR0203986	QGNR01055586.1:0-360-	QGNR01063184.1:0-328+	5	7	0	151,185,247,248,256	144,145,153,48,82	1	1,2,3,4,5	106	106	257	5|1|0|0|0|0|1|0|0|0|0|0
GA	Syrmik	LTR	ERVL	DR0203917	QGNR01000048.1:5944504-5945013-	QGNR01000058.1:292029-292517+	15	72	0	103,120,122,131,132	102,119,121,130,131	1	3,4,5,6,7	30	30	489	15|8|3|5|5|1|10|18|1|1|1|4
GA	Syrmik	LTR	ERVL	DR0204037	QGNR01000006.1:14153720-14154056+	QGNR01000029.1:7644451-7644788+	16	57	0	100,104,105,106,109	102,106,107,108,111	1	2,3,4,5,6	10	10	336	16|4|4|2|2|1|3|18|2|2|2|1
GA	Syrmik	LTR	ERVL	DR0203971	QGNR01000034.1:6380589-6381373-	QGNR01000056.1:3352255-3352826-	9	36	0	211,217,219,225,243,244	108,114,116,122,141,142	1	4,5,6,7,8,9	35	35	241	9|6|0|1|2|1|7|4|2|3|1|0
GA	Syrmik	LTR	ERVL	DR0204082	QGNR01000010.1:9542695-9547032+	QGNR01000193.1:274689-276812-	18	94	0	1970,1975,1976,1981,1989,2013	1959,1964,1965,1970,1978,2002	1	9,10,11,12,13,14	44	44	727	18|12|1|1|2|5|20|18|8|2|3|4
GA	Syrmik	LTR	ERVL	DR0204056	QGNR01000011.1:3554299-3554533+	QGNR01000012.1:7676915-7677239-	5	15	0	11,16,24,3,58	101,106,114,148,93	1	1,2,3,4,5	56	56	234	5|5|0|0|0|0|2|0|1|1|1|0
GA	Syrmik	LTR	ERVL	DR0204056	QGNR01000011.1:3554299-3554533+	QGNR01000324.1:11671-12023-	10	18	0	19,24,30,46,62	135,140,146,162,179	1	2,3,4,5,6	45	45	234	10|5|0|0|0|1|0|0|1|0|1|0
GA	Syrmik	LTR	ERVL	DR0204093	QGNR01000094.1:1944489-1945263+	QGNR01000163.1:79812-80555-	26	59	0	612,618,625,628,630	581,587,594,597,599	1	9,10,11,12,13	19	19	390	26|6|4|2|2|3|7|7|1|0|0|1
GA	Syrmik	LTR	ERVL	DR0203861	QGNR01000070.1:6578828-6581902+	QGNR01000076.1:3595769-3601094+	106	420	0	1109,1112,1114,1115,1124	2215,2218,2220,2221,2230	1	38,39,40,41,42	16	16	3080	106|80|15|18|22|11|63|62|11|9|9|14
GA	Syrmik	LTR	ERVL	DR0203861	QGNR01000070.1:6578828-6581902+	QGNR01000220.1:39101-40881+	62	248	0	2551,2557,2567,2569,2574,2594	1185,1191,1201,1203,1208,1228	1	42,43,44,45,46,47	44	44	1710	62|49|10|8|6|7|44|42|6|3|6|5
GA	Syrmik	LTR	ERVL	DR0204058	QGNR01000001.1:18329131-18329460+	QGNR01000008.1:5997075-5997396-	8	37	0	168,169,172,173,183	167,168,171,172,181	1	2,3,4,5,6	15	15	316	8|4|1|0|1|0|6|9|1|1|1|5
GA	Syrmik	LTR	ERVL	DR0203976	QGNR01000004.1:35364094-35364436-	QGNR01000006.1:333620-333964-	10	45	0	107,111,123,165,167	107,111,123,165,167	1	5,6,7,8,9	61	61	307	10|8|3|2|1|1|8|5|1|3|2|1
GA	Syrmik	LTR	ERVL	DR0204052	QGNR01000006.1:27444827-27445701+	QGNR01000076.1:4230384-4231377-	22	109	0	259,260,269,270,275	309,310,319,320,325	1	8,9,10,11,12	17	17	708	22|18|3|4|3|7|10|14|3|7|11|7
GA	Syrmik	LTR	ERVL	DR0204058	QGNR01000001.1:18329131-18329460+	QGNR01000150.1:384419-384751+	9	38	0	168,169,173,198,206	167,168,172,196,204	1	5,6,7,8,9	38	38	322	9|5|1|1|2|3|4|5|2|2|1|3
GA	Syrmik	LTR	ERVL	DR0204052	QGNR01000006.1:27444827-27445701+	QGNR01000045.1:8080964-8081376+	12	32	0	211,212,215,217,241	257,258,261,263,287	1	5,6,7,8,9	31	31	238	12|3|0|0|1|5|3|1|1|3|3|0
GA	Syrmik	LTR	ERVL	DR0204076	QGNR01000001.1:39362245-39362695-	QGNR01000163.1:85076-85462-	8	29	0	117,118,133,142,150	26,27,42,51,59	1	1,2,3,4,5	34	34	366	8|9|2|1|0|0|3|2|2|1|0|1
GA	Syrmik	LTR	ERVL	DR0204037	QGNR01000006.1:22397553-22397898-	QGNR01000029.1:7644451-7644788+	10	43	0	105,109,110,111,114	102,106,107,108,111	1	1,2,3,4,5	10	10	287	10|4|3|2|2|2|8|8|0|2|0|2
GA	Syrmik	LTR	ERVL	DR0203848	QGNR01000012.1:12973106-12973476-	QGNR01000017.1:5597361-5597710-	9	52	0	128,133,134,138,140	106,111,112,116,118	1	2,3,4,5,6	13	13	345	9|11|2|3|2|0|8|12|2|0|2|1
GA	Syrmik	LTR	ERVL	DR0203837	QGNR01000004.1:35821039-35821368+	QGNR01000022.1:16679463-16679794+	10	45	0	114,115,122,158,160,162	116,117,124,160,162,164	1	1,2,3,4,5,6	49	49	324	10|7|1|2|3|1|9|6|1|2|0|3
GA	Syrmik	LTR	ERVL	DR0204052	QGNR01000006.1:28470301-28470637+	QGNR01000114.1:1659550-1660410+	9	44	0	106,107,108,111,112	630,631,632,635,636	1	1,2,3,4,5	7	7	299	9|17|0|3|2|1|4|5|0|1|0|2
GA	Syrmik	LTR	ERVL	DR0204076	QGNR01000002.1:13014582-13015042-	QGNR01000010.1:12913037-12913518-	9	23	0	100,104,109,134,46	104,108,113,138,50	1	1,2,3,4,5	89	89	470	9|2|2|0|0|0|2|5|1|1|0|1
GA	Syrmik	LTR	ERVL	DR0204076	QGNR01000002.1:13014582-13015042-	QGNR01000178.1:130834-131297-	12	35	0	100,104,143,46,87	103,142,45,86,99	1	2,3,4,5,6	98	98	461	12|3|2|3|1|1|2|7|1|2|0|1
GA	Syrmik	LTR	ERVL	DR0204076	QGNR01000002.1:13014582-13015042-	QGNR01000029.1:3368072-3368527+	9	37	0	100,104,125,140,46	103,124,139,45,99	1	1,2,3,4,5	95	95	457	9|8|1|2|0|0|6|8|0|0|1|2
GA	Syrmik	LTR	ERVL	DR0204076	QGNR01000002.1:13014582-13015042-	QGNR01000003.1:12811017-12811508+	10	31	0	104,134,143,46,59	103,133,142,45,58	1	1,2,3,4,5	98	98	463	10|5|1|1|0|1|6|5|0|0|0|2
GA	Syrmik	LTR	ERVL	DR0204076	QGNR01000002.1:13014582-13015042-	QGNR01017717.1:0-367-	7	22	0	100,104,119,125,24,46	107,111,126,132,31,53	1	1,2,3,4,5,6	102	102	355	7|4|1|1|1|0|4|4|0|0|0|0
GA	Syrmik	LTR	ERVL	DR0203876	QGNR01000004.1:17882301-17883151+	QGNR01000068.1:3149755-3150631-	12	42	0	252,262,267,274,275	252,262,267,275,276	1	7,8,9,10,11	25	25	401	12|5|2|2|4|3|7|2|2|0|0|3
GA	Syrmik	LTR	ERVL	DR0204076	QGNR01000002.1:13014582-13015042-	QGNR01000027.1:12706032-12706488+	11	37	0	100,104,109,144,46	103,108,136,45,99	1	1,2,3,4,5	92	92	458	11|7|1|0|0|1|5|8|1|2|0|1
GA	Syrmik	LTR	ERVL	DR0204076	QGNR01000002.1:13014582-13015042-	QGNR01015516.1:0-219-	6	11	0	100,104,109,24,46,53	106,110,115,30,52,59	1	1,2,3,4,5,6	86	86	205	6|2|0|1|0|0|1|1|0|0|0|0
GA	Syrmik	LTR	ERVL	DR0203833	QGNR01000004.1:25912928-25913758-	QGNR01000011.1:21522896-21523715+	22	97	0	347,350,374,382,384	354,357,381,389,391	1	11,12,13,14,15	38	38	824	22|11|8|2|3|4|13|17|1|4|7|5
GA	Syrmik	LTR	ERVL	DR0203833	QGNR01000004.1:25912928-25913758-	QGNR01000022.1:10587715-10588510-	19	80	0	347,350,359,374,382,384	320,323,332,347,355,357	1	10,11,12,13,14,15	38	38	804	19|14|5|3|3|1|12|10|1|3|3|6
GA	Syrmik	LTR	ERVL	DR0204076	QGNR01000002.1:13016444-13016596-	QGNR01000178.1:130834-131297-	6	7	0	100,104,143,46,87	103,142,45,86,99	1	2,3,4,5,6	98	98	151	6|0|0|0|0|0|0|0|0|1|0|0
GA	Syrmik	LTR	ERVL	DR0204076	QGNR01000002.1:13016444-13016596-	QGNR01000010.1:12913037-12913518-	5	5	0	100,104,109,134,46	104,108,113,138,50	1	1,2,3,4,5	89	89	154	5|0|0|0|0|0|0|0|0|0|0|0
GA	Syrmik	LTR	ERVL	DR0204076	QGNR01000002.1:13016444-13016596-	QGNR01000003.1:12811017-12811508+	5	5	0	104,134,143,46,59	103,133,142,45,58	1	1,2,3,4,5	98	98	151	5|0|0|0|0|0|0|0|0|0|0|0
GA	Syrmik	LTR	ERVL	DR0204076	QGNR01000002.1:13016444-13016596-	QGNR01017717.1:0-367-	6	7	0	100,104,119,125,24,46	107,111,126,132,31,53	1	1,2,3,4,5,6	102	102	147	6|0|0|1|0|0|0|0|0|0|0|0
GA	Syrmik	LTR	ERVL	DR0203976	QGNR01000004.1:36090562-36090830-	QGNR01000022.1:3203346-3203636+	9	36	0	161,162,179,180,186	164,165,182,183,189	1	4,5,6,7,8	26	26	268	9|5|0|6|2|1|4|6|0|1|2|0
GA	Syrmik	LTR	ERVL	DR0203833	QGNR01000004.1:25912928-25913758-	QGNR01000612.1:3611-4397-	15	76	0	350,359,374,382,384	328,337,352,360,362	1	7,8,9,10,11	35	35	808	15|15|4|3|1|2|15|10|1|1|3|6
GA	Syrmik	LTR	ERVL	DR0204076	QGNR01000002.1:13016444-13016596-	QGNR01000029.1:3368072-3368527+	5	10	0	100,104,125,140,46	103,124,139,45,99	1	1,2,3,4,5	95	95	151	5|2|0|0|0|0|1|2|0|0|0|0
GA	Syrmik	LTR	ERVL	DR0204076	QGNR01000002.1:13016444-13016596-	QGNR01015516.1:0-219-	6	8	0	100,104,109,24,46,53	106,110,115,30,52,59	1	1,2,3,4,5,6	86	86	144	6|1|0|1|0|0|0|0|0|0|0|0
GA	Syrmik	LTR	ERVL	DR0204011	QGNR01000027.1:2128997-2129546+	QGNR01000027.1:2246024-2246574-	5	33	0	103,111,122,146,62	105,116,140,56,97	1	1,2,3,4,5	85	85	543	5|6|0|0|4|2|9|4|0|2|0|1
GA	Syrmik	LTR	ERVL	DR0204011	QGNR01000027.1:2128997-2129546+	QGNR01000035.1:6194264-6194836-	9	45	0	101,103,111,122,146	115,117,125,136,160	1	1,2,3,4,5	46	46	547	9|5|2|1|5|2|9|5|4|2|0|1
GA	Syrmik	LTR	ERVL	DR0203861	QGNR01000076.1:3595769-3601094+	QGNR01000211.1:14889-19810-	130	764	0	1423,1426,1427,1429,1433,1439	1615,1618,1619,1621,1625,1631	1	62,63,64,65,66,67	17	17	4732	130|131|21|19|18|30|171|116|27|32|32|37
GA	Syrmik	LTR	ERVL	DR0204037	QGNR01000007.1:945027-945362+	QGNR01000066.1:392952-393284-	16	55	0	21,50,51,55,72	21,50,51,55,70	1	2,3,4,5,6	50	50	328	16|9|4|2|1|3|7|9|1|1|1|1
GA	Syrmik	LTR	ERVL	DR0204082	QGNR01000022.1:9817863-9818362-	QGNR01000308.1:10359-11143+	14	47	0	102,104,107,109,110	107,109,112,114,115	1	2,3,4,5,6	9	9	482	14|9|1|3|1|6|4|5|1|2|1|0
GA	Syrmik	LTR	ERVL	DR0203861	QGNR01000076.1:3595769-3601094+	QGNR01000163.1:421828-424545+	80	432	0	1318,1321,1324,1330,1332	908,911,914,920,922	1	29,30,31,32,33	15	15	2554	80|74|9|14|10|16|102|59|14|15|21|18
GA	Syrmik	LTR	ERVL	DR0204082	QGNR01000022.1:9817863-9818362-	QGNR01000136.1:272579-273997-	12	39	0	102,104,86,87,94	105,113,115,97,98	1	3,4,5,6,7	19	19	351	12|5|1|3|1|2|3|2|2|5|1|2
GA	Syrmik	LTR	ERVL	DR0203976	QGNR01000004.1:36790122-36790391+	QGNR01000006.1:333620-333964-	7	23	0	106,110,122,171,88	107,111,123,173,89	1	2,3,4,5,6	85	85	261	7|3|1|2|1|0|4|2|2|0|0|1
GA	Syrmik	LTR	ERVL	DR0203976	QGNR01000004.1:36790122-36790391+	QGNR01000011.1:17321492-17321830+	7	18	0	105,112,125,137,88	106,113,126,138,89	1	3,4,5,6,7	50	50	201	7|1|1|1|1|0|3|0|1|0|3|0
GA	Syrmik	LTR	ERVL	DR0203938	QGNR01000040.1:6226677-6227188+	QGNR01000090.1:1755385-1755935-	19	61	0	435,443,444,452,454	459,467,468,476,478	1	9,10,11,12,13	20	20	523	19|12|2|3|1|3|6|8|3|1|1|2
GA	Syrmik	LTR	ERVL	DR0203861	QGNR01000076.1:3595769-3601094+	QGNR01000193.1:211662-213387+	73	392	0	1319,1321,1324,1330,1332	1299,1301,1304,1310,1312	1	54,55,56,57,58	14	14	1669	73|55|9|15|12|25|75|57|11|16|22|22
GA	Syrmik	LTR	ERVL	DR0204011	QGNR01000027.1:2246024-2246574-	QGNR01000099.1:1679922-1680438+	13	45	0	427,433,452,461,491	393,399,418,427,457	1	6,7,8,9,10	65	65	532	13|9|3|1|1|1|2|9|2|0|1|3
GA	Syrmik	LTR	ERVL	DR0203917	QGNR01000058.1:712403-712912-	QGNR01000136.1:101400-101859-	15	79	0	433,436,439,461,466	385,388,391,411,416	1	8,9,10,11,12	32	32	469	15|17|4|3|4|6|5|10|3|6|3|3
GA	Syrmik	LTR	ERVL	DR0204037	QGNR01000007.1:1159945-1160279+	QGNR01000015.1:3484785-3485126-	8	55	0	54,55,70,71,83	55,56,72,73,85	1	1,2,3,4,5	31	31	335	8|10|4|3|0|7|6|10|2|2|2|1
GA	Syrmik	LTR	ERVL	DR0204052	QGNR01000010.1:8723739-8724292-	QGNR01000045.1:8080964-8081376+	9	47	0	261,262,263,265,267	257,258,259,261,263	1	3,4,5,6,7	7	7	353	9|6|0|4|2|4|2|10|1|6|1|2
GA	Syrmik	LTR	ERVL	DR0204051	QGNR01000117.1:608652-611601+	QGNR01000121.1:11784-13190-	38	192	0	1529,1531,1539,1542,1552	1127,1129,1137,1140,1150	1	23,24,25,26,27	24	24	1216	38|32|6|8|9|10|29|37|2|6|9|6
GA	Syrmik	LTR	ERVL	DR0204037	QGNR01000007.1:1159945-1160279+	QGNR01000117.1:212161-212316+	5	13	0	111,65,70,83,86	112,66,71,84,87	1	1,2,3,4,5	47	47	147	5|2|0|0|1|0|2|1|1|0|0|1
GA	Syrmik	LTR	ERVL	DR0203917	QGNR01000058.1:841190-841680+	QGNR01000136.1:101400-101859-	14	67	0	430,433,436,438,458,463	385,388,391,393,411,416	1	7,8,9,10,11,12	32	32	452	14|11|2|4|4|5|4|11|3|3|2|4
GA	Syrmik	LTR	ERVL	DR0204052	QGNR01000010.1:9479447-9479743+	QGNR01000045.1:8080964-8081376+	11	28	0	213,214,217,219,243	257,258,261,263,287	1	5,6,7,8,9	31	31	233	11|4|1|2|2|1|2|1|1|0|2|1
GA	Syrmik	LTR	ERVL	DR0204052	QGNR01000010.1:11328122-11328591-	QGNR01000045.1:8914168-8914642-	16	54	0	187,198,208,211,219	185,196,206,209,217	1	4,5,6,7,8	33	33	471	16|9|2|1|4|0|6|10|2|0|2|2
GA	Syrmik	LTR	ERVL	DR0204052	QGNR01000010.1:11328122-11328591-	QGNR01000151.1:206548-207414-	18	60	0	207,208,211,219,227	596,597,600,608,616	1	5,6,7,8,9	21	21	462	18|13|3|3|0|0|5|11|2|1|2|2
GA	Syrmik	LTR	ERVL	DR0204052	QGNR01000010.1:11328122-11328591-	QGNR01000047.1:12165019-12165895+	14	58	0	207,208,211,219,221	605,606,609,617,619	1	2,3,4,5,6	15	15	465	14|12|1|3|2|2|7|10|2|2|1|2
GA	Syrmik	LTR	ERVL	DR0204052	QGNR01000010.1:11328122-11328591-	QGNR01000106.1:1239240-1240124+	17	57	0	206,211,214,219,221	614,619,622,627,629	1	7,8,9,10,11	16	16	458	17|14|1|1|2|1|5|11|2|0|2|1
GA	Syrmik	LTR	ERVL	DR0204052	QGNR01000010.1:11328122-11328591-	QGNR01000178.1:184842-185312-	16	64	0	206,211,214,219,227	200,205,208,213,221	1	7,8,9,10,11	22	22	461	16|16|1|3|4|0|6|12|2|0|3|1
GA	Syrmik	LTR	ERVL	DR0204052	QGNR01000010.1:11328122-11328591-	QGNR01000099.1:556040-556927-	13	66	0	206,207,208,211,214,219	616,617,618,621,624,629	1	5,6,7,8,9,10	14	14	465	13|14|3|3|1|4|10|10|1|1|2|4
GA	Syrmik	LTR	ERVL	DR0204052	QGNR01000010.1:11328122-11328591-	QGNR01000075.1:1143839-1144675+	16	61	0	206,208,211,214,219,221,227	578,580,583,586,591,593,599	1	3,4,5,6,7,8,9	22	22	433	16|10|2|2|4|5|3|7|2|3|2|5
GA	Syrmik	LTR	ERVL	DR0204052	QGNR01000010.1:11328122-11328591-	QGNR01000018.1:10056778-10057655+	13	69	0	206,207,208,211,219	599,600,601,604,612	1	3,4,5,6,7	14	14	463	13|18|1|5|3|1|9|12|1|1|3|2
GA	Syrmik	LTR	ERVL	DR0203976	QGNR01000004.1:36979459-36979796-	QGNR01000019.1:5010699-5011029-	13	29	0	189,199,201,212,217	190,200,202,212,218	1	8,9,10,11,12	29	29	263	13|3|2|1|0|0|2|4|0|0|2|2
GA	Syrmik	LTR	ERVL	DR0203917	QGNR01000058.1:1875502-1876008-	QGNR01000079.1:3549817-3550327-	12	54	0	187,191,220,222,245,246	192,196,225,227,252,253	1	4,5,6,7,8,9	62	62	497	12|13|0|2|3|2|7|11|2|1|0|1
GA	Syrmik	LTR	ERVL	DR0203944	QGNR01000186.1:41470-43072-	QGNR01000206.1:246046-246798-	20	83	0	578,580,581,583,619,629	332,334,335,337,373,383	1	7,8,9,10,11,12	52	52	753	20|14|3|2|0|1|18|15|2|2|4|2
GA	Syrmik	LTR	ERVL	DR0204037	QGNR01000007.1:5107043-5107368+	QGNR01000029.1:7644451-7644788+	14	51	0	107,108,109,110,113	105,106,107,108,111	1	2,3,4,5,6	7	7	310	14|6|4|2|3|1|4|12|3|1|1|0
GA	Syrmik	LTR	ERVL	DR0204037	QGNR01000007.1:5107043-5107368+	QGNR01000026.1:824623-824967-	9	45	0	107,110,111,163,167,168	109,112,113,166,170,171	1	3,4,5,6,7,8	63	63	288	9|11|2|1|0|3|4|7|3|1|1|3
GA	Syrmik	LTR	ERVL	DR0204037	QGNR01000007.1:5107043-5107368+	QGNR01000070.1:6136090-6136391+	10	42	0	107,111,116,165,168	109,113,118,167,170	1	4,5,6,7,8	62	62	268	10|7|4|2|3|1|6|3|2|0|1|3
GA	Syrmik	LTR	ERVL	DR0204056	QGNR01000016.1:14005514-14010376+	QGNR01000248.1:49280-54948+	9	28	0	4648,4672,4674,4685,4688,4690	5446,5477,5479,5491,5494,5496	1	2,3,4,5,6,7	51	51	254	9|3|0|2|0|4|1|5|2|1|1|0
GA	Syrmik	LTR	ERVL	DR0203876	QGNR01000004.1:18089606-18090552-	QGNR01000329.1:25010-25863-	8	24	0	622,635,662,683,687	514,527,554,575,579	1	3,4,5,6,7	66	66	463	8|4|1|2|1|0|2|3|2|0|0|1
GA	Syrmik	LTR	ERVL	DR0203833	QGNR01000005.1:7403073-7403915-	QGNR01000113.1:323457-324261+	14	71	0	320,329,330,334,336	320,329,330,334,336	1	4,5,6,7,8	17	17	823	14|8|0|5|5|5|10|17|0|2|2|3
GA	Syrmik	LTR	ERVL	DR0203861	QGNR01000090.1:766041-768351+	QGNR01000220.1:39101-40881+	28	119	0	270,274,276,286,312,313	1185,1189,1191,1201,1227,1228	1	11,12,13,14,15,16	44	44	870	28|17|6|3|2|6|18|26|4|2|4|3
GA	Syrmik	LTR	ERVL	DR0203876	QGNR01000004.1:18089606-18090552-	QGNR01000043.1:869100-869999-	12	30	0	635,648,687,689,721	573,586,625,627,660	1	3,4,5,6,7	88	88	464	12|4|0|1|0|1|3|6|1|0|1|1
GA	Syrmik	LTR	ERVL	DR0203833	QGNR01000005.1:7403073-7403915-	QGNR01000011.1:14985939-14986754-	15	95	0	329,334,344,354,368	331,336,346,356,370	1	7,8,9,10,11	40	40	828	15|21|3|11|2|7|8|14|7|0|4|3
GA	Syrmik	LTR	ERVL	DR0204056	QGNR01000016.1:14005514-14010376+	QGNR01000114.1:2149139-2152425+	29	148	0	1747,1748,1757,1765,1779	139,140,149,157,171	1	3,4,5,6,7	33	33	1406	29|32|7|5|5|3|23|31|3|3|4|3
GA	Syrmik	LTR	ERVL	DR0203971	QGNR01000043.1:2280464-2281268-	QGNR01000050.1:5053983-5054767+	11	47	0	299,303,306,307,319	309,313,316,317,330	1	5,6,7,8,9	22	22	400	11|7|0|5|0|2|8|5|3|1|1|4
GA	Syrmik	LTR	ERVL	DR0203876	QGNR01000004.1:18089606-18090552-	QGNR01000068.1:3373540-3374479+	14	37	0	635,648,662,687,710,729,734	608,621,635,660,684,703,708	1	3,4,5,6,7,8,9	101	101	467	14|9|1|1|1|0|3|3|2|1|1|1
GA	Syrmik	LTR	ERVL	DR0204056	QGNR01000016.1:14005514-14010376+	QGNR01013066.1:0-831+	18	72	0	1747,1748,1757,1765,1779	768,769,778,786,800	1	14,15,16,17,18	33	33	808	18|9|6|1|1|1|10|21|0|1|3|1
GA	Syrmik	LTR	ERVL	DR0203876	QGNR01000004.1:18089606-18090552-	QGNR01000004.1:24572322-24573213+	13	35	0	608,622,662,683,687,710,721	542,556,596,617,621,645,656	1	2,3,4,5,6,7,8	115	115	461	13|7|0|1|1|2|3|3|1|0|1|3
GA	Syrmik	LTR	ERVL	DR0204037	QGNR01000007.1:10928995-10929336-	QGNR01000029.1:7644451-7644788+	12	51	0	106,110,111,112,115	102,106,107,108,111	1	2,3,4,5,6	10	10	336	12|12|2|1|4|0|1|11|5|1|0|2
GA	Syrmik	LTR	ERVL	DR0204058	QGNR01000001.1:23883562-23883884-	QGNR01000007.1:2842267-2842586-	11	46	0	149,167,170,183,186	149,165,168,180,183	1	5,6,7,8,9	35	35	320	11|7|1|0|3|4|5|9|1|4|0|1
GA	Syrmik	LTR	ERVL	DR0203848	QGNR01000013.1:11546318-11546631-	QGNR01000017.1:5597361-5597710-	7	48	0	104,109,110,114,116	106,111,112,116,118	1	1,2,3,4,5	13	13	311	7|3|1|2|1|1|9|8|4|4|3|5
GA	Syrmik	LTR	ERVL	DR0203861	QGNR01000090.1:1078334-1082698-	QGNR01000220.1:39101-40881+	50	269	0	3484,3485,3488,3495,3520	1184,1185,1189,1198,1230	1	34,35,36,37,38	47	47	1757	50|35|17|6|4|11|56|48|8|9|11|14
GA	Syrmik	LTR	ERVL	DR0203876	QGNR01000004.1:18089606-18090552-	QGNR01000076.1:4617988-4618511-	12	39	0	721,734,737,744,746	288,301,304,311,313	1	5,6,7,8,9	26	26	458	12|10|2|1|3|2|1|3|2|0|1|1
GA	Syrmik	LTR	ERVL	DR0203848	QGNR01000013.1:13133961-13134302-	QGNR01000017.1:5597361-5597710-	12	56	0	102,107,108,112,114	106,111,112,116,118	1	1,2,3,4,5	13	13	338	12|12|5|3|0|2|4|12|1|3|1|1
GA	Syrmik	LTR	ERVL	DR0204052	QGNR01000015.1:9643732-9644585-	QGNR01000100.1:1571321-1572207+	16	78	0	456,457,459,475,498	456,457,459,475,498	1	10,11,12,13,14	43	43	738	16|12|4|1|3|4|13|17|4|0|2|2
GA	Syrmik	LTR	ERVL	DR0203938	QGNR01000044.1:1015365-1015900-	QGNR01000122.1:414085-414625-	14	65	0	103,113,122,141,99	103,113,122,141,99	1	1,2,3,4,5	43	43	534	14|17|2|4|4|1|9|8|1|1|2|2
GA	Syrmik	LTR	ERVL	DR0203971	QGNR01000045.1:7745580-7746333+	QGNR01000056.1:3352255-3352826-	10	53	0	222,228,230,254,255	108,114,116,141,142	1	4,5,6,7,8	35	35	414	10|6|0|2|2|5|11|11|2|2|1|1
GA	Syrmik	LTR	ERVL	DR0204052	QGNR01000015.1:9643732-9644585-	QGNR01000076.1:4230384-4231377-	24	95	0	265,268,277,278,288,289	307,310,319,320,330,331	1	9,10,11,12,13,14	25	25	637	24|14|3|4|4|4|12|12|2|4|7|5
GA	Syrmik	LTR	ERVL	DR0204058	QGNR01000001.1:24579674-24580001-	QGNR01000054.1:6685824-6686148+	9	44	0	168,170,171,173,178	162,164,165,167,172	1	3,4,5,6,7	11	11	324	9|10|4|6|0|1|4|6|0|0|2|2
GA	Syrmik	LTR	ERVL	DR0203876	QGNR01000004.1:20127984-20128835-	QGNR01000033.1:10959039-10959886+	20	66	0	617,621,624,631,637	620,624,627,634,640	1	12,13,14,15,16	21	21	848	20|17|3|4|3|2|7|2|4|1|1|2
GA	Syrmik	LTR	ERVL	DR0203861	QGNR01000090.1:1268170-1270466+	QGNR01000099.1:1674254-1679723-	38	231	0	1669,1689,1700,1731,1740	5326,5346,5357,5388,5397	1	33,34,35,36,37	72	72	1811	38|47|6|10|8|2|52|29|11|10|11|7
GA	Syrmik	LTR	ERVL	DR0203837	QGNR01000005.1:314262-314595+	QGNR01000011.1:829631-829976+	13	64	0	155,162,164,167,169	157,164,166,169,171	1	5,6,7,8,9	15	15	334	13|9|2|6|3|1|4|12|3|4|2|5
GA	Syrmik	LTR	ERVL	DR0203971	QGNR01000045.1:8520702-8521447+	QGNR01000048.1:5657541-5658273-	22	91	0	315,320,329,334,340	326,332,340,345,351	1	6,7,8,9,10	26	26	735	22|12|1|5|8|4|5|19|2|2|4|7
GA	Syrmik	LTR	ERVL	DR0204058	QGNR01000001.1:24579674-24580001-	QGNR01000047.1:12334063-12334361+	10	27	0	170,172,173,176,178	141,143,144,147,149	1	1,2,3,4,5	9	9	205	10|4|3|1|0|0|2|4|1|0|2|0
GA	Syrmik	LTR	ERVL	DR0203917	QGNR01000062.1:3714958-3715867+	QGNR01000094.1:1622110-1622973-	19	69	0	382,392,435,438,513	349,361,404,407,481	1	7,8,9,10,11	133	133	869	19|11|3|6|3|5|9|7|1|2|2|1
GA	Syrmik	LTR	ERVL	DR0203833	QGNR01000005.1:7582288-7583083+	QGNR01000076.1:3721516-3722348-	20	91	0	227,228,230,236,254,255	245,246,248,254,266,267	1	7,8,9,10,11,12	23	23	776	20|11|4|3|3|5|17|14|5|4|1|4
GA	Syrmik	LTR	ERVL	DR0203876	QGNR01000004.1:20127984-20128835-	QGNR01000068.1:3149755-3150631-	24	95	0	192,198,237,254,257,267	196,202,241,259,262,273	1	7,8,9,10,11,12	78	78	863	24|22|4|4|10|3|9|8|2|5|0|4
GA	Syrmik	LTR	ERVL	DR0204056	QGNR01000017.1:3803803-3804144+	QGNR01000248.1:49280-54948+	9	25	0	154,155,157,168,171,173	5476,5477,5479,5493,5496,5498	1	4,5,6,7,8,9	23	23	287	9|2|3|0|0|5|0|3|0|1|0|2
GA	Syrmik	LTR	ERVL	DR0203876	QGNR01000004.1:20127984-20128835-	QGNR01000022.1:6679208-6680089+	22	95	0	182,183,192,213,232	236,237,246,267,287	1	4,5,6,7,8	52	52	773	22|23|6|4|4|3|10|11|5|4|1|2
GA	Syrmik	LTR	ERVL	DR0203876	QGNR01000004.1:20127984-20128835-	QGNR01000033.1:11209314-11210236+	27	89	0	617,624,631,637,640	655,662,669,675,678	1	21,22,23,24,25	24	24	660	27|17|3|8|7|4|7|7|3|2|1|3
GA	Syrmik	LTR	ERVL	DR0203861	QGNR01000090.1:1670000-1674258+	QGNR01000090.1:1905010-1908922-	130	692	0	2396,2402,2417,2424,2436	2418,2424,2439,2446,2458	1	85,86,87,88,89	41	41	3900	130|116|21|16|26|31|119|124|22|19|32|36
GA	Syrmik	LTR	ERVL	DR0204052	QGNR01000015.1:12057624-12058403+	QGNR01000045.1:8080964-8081376+	7	18	0	204,205,208,210,215	257,258,261,263,268	1	2,3,4,5,6	12	12	207	7|2|0|1|2|2|1|1|0|0|1|1
GA	Syrmik	LTR	ERVL	DR0204082	QGNR01000037.1:7425391-7425889-	QGNR01000136.1:272579-273997-	10	39	0	105,112,121,130,99	105,111,118,127,136	1	4,5,6,7,8	32	32	350	10|4|2|0|1|1|4|7|3|4|2|1
GA	Syrmik	LTR	ERVL	DR0203861	QGNR01000090.1:1787456-1790736-	QGNR01000090.1:1905010-1908922-	103	499	0	2951,2952,2960,2962,2967	3866,3867,3875,3877,3882	1	99,100,101,102,103	17	17	3009	103|86|13|16|14|26|80|90|18|16|16|21
GA	Syrmik	LTR	ERVL	DR0203938	QGNR01000048.1:7521262-7521806+	QGNR01000058.1:1767217-1767750-	12	66	0	489,494,497,514,524	472,477,480,497,507	1	8,9,10,11,12	36	36	529	12|4|5|1|1|6|11|14|2|3|4|3
GA	Syrmik	LTR	ERVL	DR0203884	QGNR01000033.1:8803556-8804103-	QGNR01000153.1:421-963+	7	21	0	449,472,488,498,512	444,467,483,493,507	1	3,4,5,6,7	64	64	544	7|2|0|0|0|0|3|6|1|0|0|2
GA	Syrmik	LTR	ERVL	DR0204076	QGNR01000005.1:7837462-7837942+	QGNR01000058.1:1932647-1933114-	13	36	0	391,397,401,402,404,405,413,414,420	386,392,395,396,398,399,404,405,410	1	5,6,7,8,9,10,11,12,13	25	25	472	13|8|0|3|1|0|5|3|1|0|1|1
GA	Syrmik	LTR	ERVL	DR0203976	QGNR01000004.1:39496795-39497082-	QGNR01000006.1:333620-333964-	9	32	0	104,108,120,161,163	107,111,123,165,167	1	2,3,4,5,6	61	61	244	9|4|2|1|0|0|5|4|3|3|0|1
GA	Syrmik	LTR	ERVL	DR0204052	QGNR01000016.1:7204607-7205436+	QGNR01000045.1:8080964-8081376+	7	22	0	202,203,206,208,239	257,258,261,263,294	1	3,4,5,6,7	38	38	229	7|3|0|1|2|1|3|3|0|0|0|2
GA	Syrmik	LTR	ERVL	DR0203971	QGNR01000048.1:689064-689531+	QGNR01016915.1:0-445-	13	54	0	380,396,406,426,436	366,382,391,415,425	1	9,10,11,12,13	60	60	417	13|12|0|0|2|0|13|9|2|1|1|1
GA	Syrmik	LTR	ERVL	DR0203942	QGNR01000019.1:7091896-7093624-	QGNR01000061.1:3609086-3609428-	8	16	0	200,202,209,213,244	204,206,213,217,248	1	4,5,6,7,8	45	45	340	8|1|1|0|0|0|1|2|0|0|1|1
GA	Syrmik	LTR	ERVL	DR0204068	QGNR01000026.1:6261256-6261756+	QGNR01000052.1:711158-711660+	14	43	0	109,23,62,66,91	110,24,63,67,92	1	1,2,3,4,5	87	87	501	14|8|3|2|2|1|4|3|3|3|0|0
GA	Syrmik	LTR	ERVL	DR0204058	QGNR01000001.1:26591961-26592257-	QGNR01000054.1:6685824-6686148+	6	16	0	110,116,162,164,165,167	110,116,162,164,165,167	1	1,2,3,4,5,6	58	58	185	6|4|0|1|0|1|2|0|0|0|1|1
GA	Syrmik	LTR	ERVL	DR0204052	QGNR01000016.1:7222203-7222753+	QGNR01000076.1:4230384-4231377-	15	73	0	32,35,44,45,55,56	307,310,319,320,330,331	1	2,3,4,5,6,7	25	25	534	15|18|3|1|3|2|12|11|0|2|3|3
GA	Syrmik	LTR	ERVL	DR0203971	QGNR01000048.1:5657541-5658273-	QGNR01000077.1:2499221-2499948+	15	99	0	254,262,266,278,279	246,254,263,278,279	1	8,9,10,11,12	34	34	726	15|11|2|5|5|2|20|21|3|2|11|2
GA	Syrmik	LTR	ERVL	DR0203971	QGNR01000048.1:5657541-5658273-	QGNR01000151.1:521561-522154+	9	89	0	252,254,262,266,278,279	243,245,253,259,277,278	1	4,5,6,7,8,9	36	36	605	9|16|2|1|5|2|19|9|5|4|11|6
GA	Syrmik	LTR	ERVL	DR0203861	QGNR01000090.1:2125447-2127550-	QGNR01000151.1:491032-495115-	54	228	0	335,348,381,406,419	2306,2319,2352,2377,2390	1	11,12,13,14,15	85	85	2037	54|52|6|8|5|5|34|34|9|4|5|12
GA	Syrmik	LTR	ERVL	DR0204052	QGNR01000016.1:7283406-7284285-	QGNR01000016.1:9230048-9230890+	16	83	0	170,178,184,193,214	172,180,186,195,216	1	4,5,6,7,8	45	45	728	16|14|2|3|2|3|18|10|3|3|4|5
GA	Syrmik	LTR	ERVL	DR0204056	QGNR01000022.1:4330050-4330399-	QGNR01000248.1:49280-54948+	13	40	0	169,172,174,176,178	5490,5493,5495,5497,5499	1	8,9,10,11,12	10	10	315	13|4|2|1|1|7|1|7|0|2|0|2
GA	Syrmik	LTR	ERVL	DR0203837	QGNR01000005.1:511303-511605+	QGNR01000011.1:829631-829976+	8	55	0	148,155,157,160,162	157,164,166,169,171	1	4,5,6,7,8	15	15	304	8|9|2|4|3|2|6|7|6|3|1|4
GA	Syrmik	LTR	ERVL	DR0203876	QGNR01000004.1:24708921-24709855-	QGNR01000004.1:25293243-25294174+	27	111	0	177,180,184,189,195,196	174,177,181,186,192,193	1	4,5,6,7,8,9	20	20	932	27|18|4|0|3|3|17|25|1|5|4|4
GA	Syrmik	LTR	ERVL	DR0203938	QGNR01000052.1:116041-116591-	QGNR01000090.1:1755385-1755935-	14	51	0	426,432,474,482,483,491	412,418,459,467,468,476	1	6,7,8,9,10,11	65	65	542	14|6|2|1|1|4|7|11|2|0|1|2
GA	Syrmik	LTR	ERVL	DR0203976	QGNR01000004.1:41276603-41276932+	QGNR01000006.1:333620-333964-	15	33	0	110,151,153,156,159,72,98	111,123,165,167,170,173,84	1	3,4,5,6,7,8,9	90	90	323	15|4|2|0|0|1|4|7|0|0|0|0
GA	Syrmik	LTR	ERVL	DR0203976	QGNR01000004.1:41276603-41276932+	QGNR01000035.1:3283635-3283973-	15	46	0	152,153,156,157,159,75	163,164,167,168,170,84	1	2,3,4,5,6,7	87	87	332	15|3|2|4|1|2|2|11|0|2|2|2
GA	Syrmik	LTR	ERVL	DR0203876	QGNR01000004.1:24708921-24709855-	QGNR01000068.1:3602035-3603021+	28	119	0	102,72,84,85,87,93	69,81,82,84,90,99	1	1,2,3,4,5,6	31	31	802	28|15|4|4|5|5|15|26|5|4|3|5
GA	Syrmik	LTR	ERVL	DR0204011	QGNR01000040.1:1385724-1386244-	QGNR01000045.1:8719889-8720434-	16	71	0	477,480,486,494,497	502,505,511,519,522	1	10,11,12,13,14	21	21	490	16|14|2|0|1|0|17|12|1|2|5|1
GA	Syrmik	LTR	ERVL	DR0203861	QGNR01000094.1:1587015-1588499-	QGNR01000151.1:491032-495115-	33	182	0	25,28,29,66,81	2542,2545,2546,2583,2598	1	1,2,3,4,5	57	57	1469	33|41|2|8|3|5|29|28|6|7|9|11
GA	Syrmik	LTR	ERVL	DR0203876	QGNR01000004.1:24708921-24709855-	QGNR01000062.1:2675001-2675887-	12	44	0	109,119,72,86,93	106,116,69,83,90	1	1,2,3,4,5	48	48	386	12|7|1|2|4|1|8|4|0|3|2|0
GA	Syrmik	LTR	ERVL	DR0203861	QGNR01000094.1:1587015-1588499-	QGNR01005531.1:0-1348+	6	15	0	28,29,63,66,81	1206,1207,1241,1244,1259	1	1,2,3,4,5	54	54	170	6|0|0|2|0|1|2|2|0|0|2|0
GA	Syrmik	LTR	ERVL	DR0203971	QGNR01000050.1:4751500-4752274+	QGNR01000056.1:3352255-3352826-	8	41	0	234,240,242,266,267	108,114,116,141,142	1	4,5,6,7,8	35	35	256	8|3|2|0|3|2|12|7|1|2|1|0
GA	Syrmik	LTR	ERVL	DR0203976	QGNR01000005.1:56467-56816-	QGNR01000050.1:3128782-3129117+	13	43	0	108,110,134,162,165,168	107,109,133,157,160,163	1	3,4,5,6,7,8	57	57	340	13|9|0|1|2|1|5|6|1|1|1|3
GA	Syrmik	LTR	ERVL	DR0203876	QGNR01000004.1:24708921-24709855-	QGNR01000114.1:2002269-2003047+	14	39	0	180,182,184,189,196	174,176,178,183,192	1	5,6,7,8,9	19	19	332	14|4|2|1|3|0|9|4|0|0|2|0
GA	Syrmik	LTR	ERVL	DR0204052	QGNR01000016.1:9230048-9230890+	QGNR01000151.1:982960-983812+	13	46	0	103,104,66,78,81	101,102,64,76,79	1	3,4,5,6,7	39	39	369	13|1|2|3|2|3|10|6|0|1|0|5
GA	Syrmik	LTR	ERVL	DR0204082	QGNR01000058.1:4753881-4754387-	QGNR01000196.1:44991-45497-	7	52	0	30,46,55,67,75	29,45,54,66,74	1	1,2,3,4,5	46	46	503	7|9|1|3|2|3|10|8|2|4|0|3
GA	Syrmik	LTR	ERVL	DR0203938	QGNR01000058.1:1767217-1767750-	QGNR01000090.1:1755385-1755935-	12	44	0	444,450,452,453,461	459,465,467,468,476	1	6,7,8,9,10	18	18	528	12|9|3|0|1|3|8|5|1|0|0|2
GA	Syrmik	LTR	ERVL	DR0203917	QGNR01000086.1:850563-851071+	QGNR01000114.1:1834904-1835406+	13	74	0	108,129,130,132,139	109,130,131,133,140	1	6,7,8,9,10	32	32	481	13|9|3|3|2|4|5|17|3|6|4|5
GA	Syrmik	LTR	ERVL	DR0204056	QGNR01000022.1:9133264-9134906+	QGNR01000169.1:361906-363364-	8	20	0	1228,1231,1250,1326,1331,1336	1136,1139,1158,1242,1247,1252	1	2,3,4,5,6,7	117	117	509	8|2|1|0|0|0|6|3|0|0|0|0
GA	Syrmik	LTR	ERVL	DR0203837	QGNR01000005.1:884333-884679-	QGNR01000006.1:2595093-2595432+	14	61	0	105,57,64,71,72,80	105,56,63,70,71,79	1	2,3,4,5,6,7	50	50	329	14|14|2|3|1|4|9|4|0|4|3|3
GA	Syrmik	LTR	ERVL	DR0203884	QGNR01000033.1:11300395-11300925-	QGNR01000264.1:100029-100559+	11	43	0	122,129,141,172,99	116,123,135,166,99	1	2,3,4,5,6	68	68	526	11|5|0|2|0|0|6|14|2|2|0|1
GA	Syrmik	LTR	ERVL	DR0203884	QGNR01000033.1:11300395-11300925-	QGNR01000068.1:803903-804429-	11	39	0	122,129,133,141,52	110,117,121,129,52	1	1,2,3,4,5	78	78	524	11|3|0|1|1|2|7|11|0|1|1|1
GA	Syrmik	LTR	ERVL	DR0203976	QGNR01000005.1:4922098-4922365-	QGNR01000019.1:6148549-6148820-	9	36	0	221,222,228,238,244	224,225,231,241,247	1	5,6,7,8,9	24	24	266	9|4|2|1|1|2|4|8|1|2|1|1
GA	Syrmik	LTR	ERVL	DR0203938	QGNR01000058.1:1941601-1942140-	QGNR01000090.1:1755385-1755935-	18	55	0	456,462,464,465,473	459,465,467,468,476	1	10,11,12,13,14	18	18	539	18|6|4|0|1|2|6|15|2|0|1|0
GA	Syrmik	LTR	ERVL	DR0203848	QGNR01000014.1:10804456-10804801-	QGNR01000014.1:11952490-11952831+	14	58	0	102,109,123,77,87	101,108,122,76,86	1	3,4,5,6,7	47	47	342	14|9|6|3|0|2|7|9|5|1|1|1
GA	Syrmik	LTR	ERVL	DR0203837	QGNR01000005.1:1104514-1104856+	QGNR01000014.1:122422-122763+	11	42	0	13,16,53,66,72	13,16,53,66,72	1	1,2,3,4,5	60	60	322	11|10|2|4|3|1|5|6|0|0|0|0
GA	Syrmik	LTR	ERVL	DR0203861	QGNR01000099.1:1674254-1679723-	QGNR01000114.1:1374280-1377971+	124	593	0	1998,1999,2000,2002,2006	2007,2008,2009,2011,2015	1	91,92,93,94,95	9	9	3705	124|80|16|22|21|29|110|109|16|10|23|32
GA	Syrmik	LTR	ERVL	DR0203861	QGNR01000099.1:1674254-1679723-	QGNR01000196.1:34339-37338-	110	596	0	1998,1999,2000,2002,2006	2015,2016,2017,2019,2023	1	91,92,93,94,95	9	9	2989	110|84|15|25|18|23|120|105|26|15|19|36
GA	Syrmik	LTR	ERVL	DR0203861	QGNR01000099.1:1674254-1679723-	QGNR01000220.1:39101-40881+	69	276	0	3835,3841,3851,3853,3858,3878	1185,1191,1201,1203,1208,1228	1	47,48,49,50,51,52	44	44	1780	69|37|18|6|7|11|39|58|6|7|8|10
GA	Syrmik	LTR	ERVL	DR0203861	QGNR01000099.1:1674254-1679723-	QGNR01006353.1:0-1244+	38	191	0	1998,1999,2000,2002,2006	591,592,593,595,599	1	27,28,29,30,31	9	9	1222	38|15|4|6|3|7|45|41|10|7|9|6
GA	Syrmik	LTR	ERVL	DR0203861	QGNR01000099.1:1674254-1679723-	QGNR01000835.1:13010-13667-	14	79	0	1998,1999,2000,2002,2006	137,138,139,141,145	1	4,5,6,7,8	9	9	656	14|10|0|4|1|4|17|16|4|1|5|3
GA	Syrmik	LTR	ERVL	DR0204023	QGNR01000062.1:1890462-1890971-	QGNR01000076.1:4072049-4072539-	12	36	0	318,339,384,389,395,415	300,321,366,371,377,397	1	4,5,6,7,8,9	98	98	486	12|6|2|1|1|2|4|4|1|0|1|2
GA	Syrmik	LTR	ERVL	DR0204023	QGNR01000062.1:1890462-1890971-	QGNR01000068.1:3411373-3411856-	10	36	0	297,318,339,384,389	271,292,313,358,363	1	4,5,6,7,8	93	93	491	10|8|2|0|2|1|5|6|1|0|0|1
GA	Syrmik	LTR	ERVL	DR0203876	QGNR01000004.1:26574435-26575361+	QGNR01000068.1:3373540-3374479+	21	101	0	599,612,613,676,698,700	608,621,622,684,706,708	1	10,11,12,13,14,15	101	101	932	21|18|4|4|5|8|13|12|6|2|4|4
GA	Syrmik	LTR	ERVL	DR0203861	QGNR01000114.1:1374280-1377971+	QGNR01000173.1:238422-241982+	37	128	0	2452,2476,2483,2492,2497	144,168,175,184,189	1	4,5,6,7,8	46	46	1374	37|25|2|4|3|5|12|23|5|3|5|3
GA	Syrmik	LTR	ERVL	DR0204011	QGNR01000044.1:540790-541338-	QGNR01000064.1:796005-796567+	15	53	0	505,514,520,525,535	497,506,512,517,527	1	11,12,13,14,15	31	31	541	15|8|0|2|3|1|10|5|5|0|1|3
GA	Syrmik	LTR	ERVL	DR0204011	QGNR01000044.1:540790-541338-	QGNR01000058.1:4385026-4385549+	15	55	0	103,113,122,141,173,183	103,113,122,141,160,165	1	3,4,5,6,7,8	63	63	527	15|8|2|2|3|5|5|6|3|1|2|3
GA	Syrmik	LTR	ERVL	DR0203938	QGNR01000064.1:255934-256465+	QGNR01000114.1:2100194-2100722-	7	37	0	453,459,461,481,486	452,458,460,480,485	1	3,4,5,6,7	34	34	528	7|8|3|4|1|2|4|7|0|0|1|0
GA	Syrmik	LTR	ERVL	DR0204037	QGNR01000009.1:15158225-15158560-	QGNR01000024.1:1935660-1935985+	9	23	0	41,47,78,81,82	42,48,79,82,83	1	1,2,3,4,5	42	42	233	9|4|1|1|1|1|1|1|0|3|1|0
GA	Syrmik	LTR	ERVL	DR0203938	QGNR01000064.1:255934-256465+	QGNR01000090.1:1755385-1755935-	20	55	0	406,412,453,459,461,462,470,486	412,418,459,465,467,468,476,492	1	9,10,11,12,13,14,15,16	81	81	532	20|7|3|2|1|4|7|9|1|0|1|0
GA	Syrmik	LTR	ERVL	DR0203833	QGNR01000006.1:26759251-26760048+	QGNR01000022.1:10587715-10588510-	23	108	0	340,343,352,375,377	320,323,332,355,357	1	14,15,16,17,18	38	38	788	23|19|7|5|6|6|21|12|2|2|3|2
GA	Syrmik	LTR	ERVL	DR0204037	QGNR01000009.1:15158225-15158560-	QGNR01000029.1:7644451-7644788+	9	25	0	104,108,109,110,113	102,106,107,108,111	1	3,4,5,6,7	10	10	199	9|2|3|1|2|0|1|3|0|2|1|1
GA	Syrmik	LTR	ERVL	DR0203833	QGNR01000006.1:26759251-26760048+	QGNR01000105.1:46203-47016-	17	110	0	235,236,243,251,275	243,244,251,259,281	1	4,5,6,7,8	39	39	802	17|35|6|3|7|5|14|17|2|0|2|2
GA	Syrmik	LTR	ERVL	DR0204076	QGNR01000010.1:858335-858802+	QGNR01000022.1:4998861-4999322-	9	26	0	134,176,190,206,221	134,176,190,206,221	1	2,3,4,5,6	88	88	458	9|0|0|0|0|0|3|10|3|0|0|1
GA	Syrmik	LTR	ERVL	DR0204011	QGNR01000045.1:8719889-8720434-	QGNR01000071.1:3053146-3053685+	21	75	0	37,47,57,85,93	37,47,57,85,93	1	3,4,5,6,7	57	57	538	21|4|0|1|6|6|14|16|2|3|0|2
GA	Syrmik	LTR	ERVL	DR0203861	QGNR01000122.1:919202-920516+	QGNR01000262.1:34686-35886-	35	177	0	162,164,165,167,170	164,166,167,169,172	1	6,7,8,9,10	9	9	1196	35|30|2|2|2|11|41|25|5|7|9|8
GA	Syrmik	LTR	ERVL	DR0204056	QGNR01000025.1:5273354-5277734+	QGNR01000169.1:361906-363364-	14	46	0	805,808,827,854,863	1136,1139,1158,1185,1194	1	7,8,9,10,11	59	59	792	14|5|1|0|1|0|16|7|0|0|1|1
GA	Syrmik	LTR	ERVL	DR0204076	QGNR01000010.1:8308571-8308921+	QGNR01000079.1:2083361-2087025-	8	42	0	63,64,65,71,84	3228,3229,3230,3237,3250	1	3,4,5,6,7	23	23	357	8|2|3|6|1|2|5|6|2|5|0|2
GA	Syrmik	LTR	ERVL	DR0203861	QGNR01000122.1:922145-925558+	QGNR01000220.1:39101-40881+	64	255	0	1324,1330,1340,1342,1347,1366,1367,1374	1185,1191,1201,1203,1208,1227,1228,1235	1	43,44,45,46,47,48,49,50	51	51	1751	64|40|12|9|5|14|40|47|10|4|5|5
GA	Syrmik	LTR	ERVL	DR0203876	QGNR01000004.1:38700793-38701667-	QGNR01000033.1:10959039-10959886+	17	47	0	646,648,651,664,720,732,750	622,624,627,640,693,705,723	1	8,9,10,11,12,13,14	102	102	773	17|12|3|2|0|1|5|2|3|0|0|2
GA	Syrmik	LTR	ERVL	DR0203876	QGNR01000004.1:38700793-38701667-	QGNR01000068.1:3373540-3374479+	16	40	0	562,576,624,643,646,648	621,635,684,703,706,708	1	4,5,6,7,8,9	88	88	530	16|10|1|1|1|1|3|4|2|0|0|1
GA	Syrmik	LTR	ERVL	DR0203876	QGNR01000004.1:38700793-38701667-	QGNR01000076.1:4617988-4618511-	16	42	0	621,635,646,648,651,660	274,288,299,301,304,313	1	7,8,9,10,11,12	40	40	523	16|9|1|2|4|1|2|2|3|0|0|1
GA	Syrmik	LTR	ERVL	DR0203884	QGNR01000035.1:8002517-8003062+	QGNR01000264.1:100029-100559+	13	56	0	108,129,150,181,95	114,135,166,86,99	1	1,2,3,4,5	81	81	533	13|9|2|5|0|2|6|4|2|1|3|9
GA	Syrmik	LTR	ERVL	DR0204052	QGNR01000016.1:18260515-18261361-	QGNR01000151.1:206548-207414-	20	78	0	624,632,640,656,663,669	600,608,616,632,639,645	1	14,15,16,17,18,19	46	46	722	20|12|2|4|3|4|12|12|1|4|1|3
GA	Syrmik	LTR	ERVL	DR0204052	QGNR01000016.1:18260515-18261361-	QGNR01000047.1:12165019-12165895+	21	90	0	624,632,634,657,663	609,617,619,642,648	1	16,17,18,19,20	40	40	729	21|16|1|3|4|3|14|15|5|3|1|4
GA	Syrmik	LTR	ERVL	DR0203837	QGNR01000005.1:1384065-1384376-	QGNR01000034.1:9528649-9528988-	10	47	0	23,31,82,84,91	23,31,81,83,90	1	2,3,4,5,6	68	68	309	10|9|4|3|1|0|6|9|0|3|0|2
GA	Syrmik	LTR	ERVL	DR0204052	QGNR01000016.1:18260515-18261361-	QGNR01000076.1:4082806-4083695-	11	45	0	627,632,634,657,663	668,673,675,697,703	1	4,5,6,7,8	36	36	536	11|7|2|0|5|1|6|7|3|1|1|1
GA	Syrmik	LTR	ERVL	DR0203837	QGNR01000005.1:1384065-1384376-	QGNR01000011.1:829631-829976+	12	50	0	155,162,164,167,169	157,164,166,169,171	1	5,6,7,8,9	15	15	312	12|6|3|3|2|1|4|7|3|3|1|5
GA	Syrmik	LTR	ERVL	DR0204023	QGNR01000071.1:4493198-4493701+	QGNR01000106.1:1173011-1173510-	14	50	0	38,46,58,61,66	42,50,62,65,70	1	1,2,3,4,5	29	29	499	14|4|3|1|2|0|11|6|0|3|3|3
GA	Syrmik	LTR	ERVL	DR0203837	QGNR01000005.1:1384065-1384376-	QGNR01000061.1:5513387-5513727+	13	45	0	51,52,61,91,93	50,51,60,90,92	1	4,5,6,7,8	43	43	283	13|7|3|5|4|1|2|4|2|1|1|2
GA	Syrmik	LTR	ERVL	DR0203861	QGNR01000126.1:384822-387212+	QGNR01000262.1:34686-35886-	13	89	0	191,193,194,196,199	164,166,167,169,172	1	2,3,4,5,6	9	9	471	13|18|3|1|6|7|12|15|3|5|2|4
GA	Syrmik	LTR	ERVL	DR0203837	QGNR01000005.1:1384065-1384376-	QGNR01000102.1:691107-691418-	13	51	0	150,151,159,165,169	152,153,161,167,171	1	7,8,9,10,11	20	20	303	13|7|4|5|3|2|5|7|1|2|0|2
GA	Syrmik	LTR	ERVL	DR0204068	QGNR01000033.1:11454498-11454726-	QGNR01000052.1:711158-711660+	8	19	0	109,23,62,66,91	110,24,63,67,92	1	1,2,3,4,5	87	87	204	8|0|1|1|1|1|2|2|2|1|0|0
GA	Syrmik	LTR	ERVL	DR0203833	QGNR01000006.1:27246069-27246905-	QGNR01000056.1:1416015-1416848+	20	79	0	518,526,528,535,568	511,519,524,531,564	1	11,12,13,14,15	54	54	834	20|10|5|3|2|2|11|9|3|5|6|3
GA	Syrmik	LTR	ERVL	DR0203876	QGNR01000005.1:7657187-7658111-	QGNR01000018.1:5776195-5777089+	12	37	0	128,134,139,173,91	129,135,140,174,92	1	1,2,3,4,5	83	83	475	12|7|1|2|0|1|3|4|2|3|2|0
GA	Syrmik	LTR	ERVL	DR0203833	QGNR01000006.1:27246069-27246905-	QGNR01000010.1:9905308-9906134-	18	99	0	291,295,325,335,337	286,290,320,330,332	1	2,3,4,5,6	47	47	815	18|13|5|2|6|2|17|19|2|5|7|3
GA	Syrmik	LTR	ERVL	DR0203833	QGNR01000006.1:27246069-27246905-	QGNR01000011.1:21522896-21523715+	31	106	0	355,358,366,390,392	354,357,365,389,391	1	13,14,15,16,17	38	38	827	31|14|7|1|2|3|15|21|1|4|6|1
GA	Syrmik	LTR	ERVL	DR0203876	QGNR01000005.1:7657187-7658111-	QGNR01000033.1:10959039-10959886+	10	27	0	696,698,701,708,714	622,624,627,634,640	1	3,4,5,6,7	19	19	335	10|4|2|3|0|0|2|1|4|0|0|1
GA	Syrmik	LTR	ERVL	DR0204056	QGNR01000027.1:4623587-4623900-	QGNR01000181.1:23092-24210+	16	45	0	269,283,289,293,303	317,331,337,341,351	1	12,13,14,15,16	35	35	311	16|3|1|2|0|4|5|7|2|2|2|1
GA	Syrmik	LTR	ERVL	DR0203976	QGNR01000006.1:2984222-2984559+	QGNR01000050.1:3128782-3129117+	7	34	0	106,111,163,166,169	102,107,157,160,163	1	2,3,4,5,6	62	62	275	7|4|2|0|2|2|4|2|3|3|4|1
GA	Syrmik	LTR	ERVL	DR0203833	QGNR01000006.1:27246069-27246905-	QGNR01000397.1:7652-8302-	20	73	0	266,284,287,321,330	258,276,279,313,322	1	5,6,7,8,9	65	65	650	20|11|2|1|1|2|12|9|2|3|8|2
GA	Syrmik	LTR	ERVL	DR0203833	QGNR01000006.1:27246069-27246905-	QGNR01000022.1:10834273-10835078-	27	107	0	499,502,511,514,518	460,463,475,478,482	1	16,17,18,19,20	23	23	820	27|14|4|6|2|1|20|16|5|5|4|3
GA	Syrmik	LTR	ERVL	DR0203833	QGNR01000006.1:27246069-27246905-	QGNR01000022.1:10587715-10588510-	24	103	0	355,358,366,367,390,392	320,323,331,332,355,357	1	10,11,12,13,14,15	38	38	808	24|14|8|6|4|5|17|11|2|4|4|4
GA	Syrmik	LTR	ERVL	DR0203833	QGNR01000006.1:27246069-27246905-	QGNR01000043.1:1168833-1169634+	22	111	0	355,358,366,390,392	332,335,343,367,369	1	9,10,11,12,13	38	38	818	22|16|5|8|4|3|18|21|3|6|2|3
GA	Syrmik	LTR	ERVL	DR0203833	QGNR01000006.1:27246069-27246905-	QGNR01000612.1:3611-4397-	20	98	0	358,366,367,390,392	328,336,337,360,362	1	9,10,11,12,13	35	35	811	20|12|8|5|4|4|18|14|2|4|3|4
GA	Syrmik	LTR	ERVL	DR0204011	QGNR01000050.1:1731276-1731815+	QGNR01000064.1:796005-796567+	13	58	0	488,497,503,508,518	497,506,512,517,527	1	9,10,11,12,13	31	31	527	13|9|3|1|0|2|10|9|3|5|1|2
GA	Syrmik	LTR	ERVL	DR0203917	QGNR01000136.1:53494-54267+	QGNR01000262.1:11300-12719-	18	83	0	329,335,337,342,351	1057,1063,1065,1070,1079	1	12,13,14,15,16	23	23	586	18|11|1|4|0|3|12|9|3|7|6|9
GA	Syrmik	LTR	ERVL	DR0203833	QGNR01000006.1:27246069-27246905-	QGNR01000113.1:323457-324261+	10	46	0	321,330,331,335,337	320,329,330,334,336	1	4,5,6,7,8	17	17	409	10|5|1|1|4|3|9|6|1|2|3|1
GA	Syrmik	LTR	ERVL	DR0204056	QGNR01000031.1:0-929-	QGNR01000051.1:3991510-3993103-	15	67	0	664,673,695,696,737	722,731,753,754,795	1	10,11,12,13,14	74	74	815	15|9|3|3|1|2|10|16|0|3|2|3
GA	Syrmik	LTR	ERVL	DR0204056	QGNR01000031.1:0-929-	QGNR01000076.1:5086052-5089640-	25	85	0	674,695,709,710,714	673,694,708,709,713	1	19,20,21,22,23	41	41	910	25|18|1|7|1|0|10|17|2|1|1|2
GA	Syrmik	LTR	ERVL	DR0204056	QGNR01000031.1:0-929-	QGNR01000114.1:2146786-2148954+	25	94	0	646,664,674,675,689	667,685,695,696,710	1	16,17,18,19,20	44	44	915	25|16|5|4|2|2|14|17|1|3|3|2
GA	Syrmik	LTR	ERVL	DR0204056	QGNR01000031.1:0-929-	QGNR01000220.1:98233-99096-	18	68	0	664,695,696,728,737	459,490,491,523,532	1	13,14,15,16,17	74	74	723	18|8|3|4|2|4|8|13|0|2|3|3
GA	Syrmik	LTR	ERVL	DR0204056	QGNR01000031.1:0-929-	QGNR01000267.1:51603-52369+	18	87	0	664,673,695,696,737	689,698,720,721,762	1	14,15,16,17,18	74	74	748	18|8|3|6|3|4|12|20|2|3|3|5
GA	Syrmik	LTR	ERVL	DR0204056	QGNR01000031.1:0-929-	QGNR01000248.1:49280-54948+	12	45	0	142,144,155,158,160,162	5477,5479,5490,5493,5495,5497	1	7,8,9,10,11,12	21	21	323	12|2|2|3|2|6|5|7|0|3|2|1
GA	Syrmik	LTR	ERVL	DR0204056	QGNR01000031.1:0-929-	QGNR01001245.1:0-667-	11	27	0	728,732,737,738,742	168,172,177,178,182	1	7,8,9,10,11	15	15	364	11|5|1|1|2|2|3|2|0|0|0|0
GA	Syrmik	LTR	ERVL	DR0203861	QGNR01000163.1:421828-424545+	QGNR01000211.1:14889-19810-	47	269	0	398,402,408,417,435	1004,1013,1031,994,998	1	11,12,13,14,15	38	38	2727	47|42|8|6|11|6|59|51|5|15|10|9
GA	Syrmik	LTR	ERVL	DR0204023	QGNR01000076.1:5395957-5396444+	QGNR01000088.1:882802-883268-	13	44	0	415,420,430,445,448,482	394,399,409,424,427,461	1	8,9,10,11,12,13	68	68	476	13|7|2|3|0|1|3|9|1|1|2|2
GA	Syrmik	LTR	ERVL	DR0204023	QGNR01000076.1:5395957-5396444+	QGNR01000225.1:60861-61320-	12	48	0	445,448,460,465,475	417,420,432,437,447	1	8,9,10,11,12	31	31	473	12|14|3|3|0|1|2|9|1|1|0|2
GA	Syrmik	LTR	ERVL	DR0204076	QGNR01000011.1:18604613-18605109-	QGNR01000075.1:1219056-1219525+	7	19	0	222,243,247,253,282	181,202,206,212,247	1	1,2,3,4,5	67	67	301	7|2|1|1|1|1|1|4|1|0|0|0
GA	Syrmik	LTR	ERVL	DR0203833	QGNR01000006.1:27958194-27958991-	QGNR01000022.1:15432351-15433130-	11	68	0	209,236,243,257,292	202,229,236,250,285	1	1,2,3,4,5	84	84	788	11|15|2|2|3|5|7|11|4|5|3|0
GA	Syrmik	LTR	ERVL	DR0203876	QGNR01000005.1:18615470-18616345-	QGNR01000043.1:869100-869999-	17	81	0	751,759,765,776,786	775,783,789,800,810	1	13,14,15,16,17	36	36	887	17|10|3|6|2|4|8|21|3|3|0|4
GA	Syrmik	LTR	ERVL	DR0203861	QGNR01000173.1:244935-246626-	QGNR01000196.1:34339-37338-	34	237	0	209,210,222,224,225,228	207,208,222,224,225,228	1	4,5,6,7,8,9	22	22	1683	34|40|6|11|12|11|43|39|9|11|8|13
GA	Syrmik	LTR	ERVL	DR0204082	QGNR01000186.1:94660-96193-	QGNR01000211.1:97554-98295-	25	117	0	1325,1332,1371,1376,1379	605,612,649,654,657	1	19,20,21,22,23	53	53	728	25|17|6|4|4|7|15|13|5|4|6|11
GA	Syrmik	LTR	ERVL	DR0204076	QGNR01000011.1:18604613-18605109-	QGNR01070669.1:0-301-	5	9	0	222,237,243,247,253	133,148,154,158,164	1	1,2,3,4,5	32	32	186	5|1|0|0|0|0|1|2|0|0|0|0
GA	Syrmik	LTR	ERVL	DR0203833	QGNR01000006.1:27958194-27958991-	QGNR01000397.1:7652-8302-	13	46	0	243,257,265,283,286	236,250,258,276,279	1	2,3,4,5,6	44	44	578	13|11|1|1|1|2|5|4|1|2|3|2
GA	Syrmik	LTR	ERVL	DR0203833	QGNR01000006.1:27958194-27958991-	QGNR01000058.1:4360088-4360888+	20	85	0	331,333,341,354,457	312,314,321,334,446	1	12,13,14,15,16	135	135	798	20|18|2|1|4|1|16|9|3|5|5|1
GA	Syrmik	LTR	ERVL	DR0203884	QGNR01000040.1:2559463-2559994+	QGNR01000062.1:1707571-1708118-	12	38	0	456,472,487,504,517	462,478,493,510,523	1	8,9,10,11,12	62	62	533	12|9|1|2|0|2|5|5|0|0|1|1
GA	Syrmik	LTR	ERVL	DR0203884	QGNR01000040.1:2559463-2559994+	QGNR01000043.1:2854090-2854614+	10	40	0	464,465,482,507,524	458,459,476,501,518	1	6,7,8,9,10	61	61	526	10|13|3|2|1|1|6|3|0|0|0|1
GA	Syrmik	LTR	ERVL	DR0203837	QGNR01000005.1:3273461-3273785+	QGNR01000063.1:3774414-3774737+	13	49	0	276,286,287,289,297	270,280,281,283,291	1	9,10,11,12,13	22	22	319	13|6|0|3|3|2|2|10|2|2|4|2
GA	Syrmik	LTR	ERVL	DR0204011	QGNR01000060.1:5485330-5485845+	QGNR01000432.1:10428-11470+	17	66	0	228,230,237,248,255	259,261,268,279,286	1	7,8,9,10,11	28	28	521	17|18|0|1|4|2|7|10|2|3|0|2
GA	Syrmik	LTR	ERVL	DR0203942	QGNR01000032.1:295100-295453-	QGNR01000206.1:172837-174204-	9	20	0	163,168,184,198,204	164,170,186,200,206	1	2,3,4,5,6	43	43	353	9|3|0|1|0|0|1|2|1|2|0|1
GA	Syrmik	LTR	ERVL	DR0204052	QGNR01000022.1:10407588-10408241+	QGNR01000045.1:8080964-8081376+	15	62	0	249,260,261,262,264,266	245,257,258,259,261,263	1	6,7,8,9,10,11	19	19	402	15|10|4|2|1|6|5|10|2|2|0|5
GA	Syrmik	LTR	ERVL	DR0203942	QGNR01000032.1:295100-295453-	QGNR01000135.1:432195-432549-	10	30	0	215,217,223,224,228	216,218,224,225,229	1	5,6,7,8,9	14	14	347	10|6|1|1|1|0|2|3|2|0|0|4
GA	Syrmik	LTR	ERVL	DR0203876	QGNR01000006.1:2540620-2541399+	QGNR01000035.1:1100869-1101793-	8	32	0	274,280,299,322,324	270,276,295,318,320	1	4,5,6,7,8	51	51	328	8|6|1|2|0|1|7|4|0|2|1|0
GA	Syrmik	LTR	ERVL	DR0204076	QGNR01000015.1:13371338-13372764-	QGNR01000058.1:3362991-3366504-	28	181	0	477,522,531,533,552	412,441,450,452,471	1	9,10,11,12,13	60	60	1324	28|46|5|5|3|3|34|29|8|8|7|5
GA	Syrmik	LTR	ERVL	DR0204011	QGNR01000061.1:4355658-4356174-	QGNR01000064.1:796005-796567+	13	48	0	457,473,488,493,503	481,497,512,517,527	1	9,10,11,12,13	47	47	527	13|9|1|2|1|1|8|7|5|0|1|0
GA	Syrmik	LTR	ERVL	DR0204076	QGNR01000015.1:13371338-13372764-	QGNR01000247.1:20263-22172-	16	97	0	1031,1058,1076,1078,1079	1118,1147,1165,1167,1168	1	5,6,7,8,9	51	51	623	16|17|4|1|4|3|21|18|3|6|3|1
GA	Syrmik	LTR	ERVL	DR0203976	QGNR01000006.1:8612198-8612573-	QGNR01000090.1:1638160-1638483+	10	29	0	166,168,170,173,189	159,161,163,167,182	1	4,5,6,7,8	24	24	238	10|4|4|2|0|0|3|1|0|1|3|1
GA	Syrmik	LTR	ERVL	DR0203861	QGNR01000193.1:299775-301547+	QGNR01000262.1:34686-35886-	41	207	0	827,834,849,854,861	829,836,850,855,862	1	31,32,33,34,35	34	34	1194	41|35|5|6|3|11|36|32|8|9|9|12
GA	Syrmik	LTR	ERVL	DR0203876	QGNR01000006.1:2540620-2541399+	QGNR01000033.1:10651316-10652205+	13	45	0	280,299,314,324,330	275,294,309,319,325	1	9,10,11,12,13	51	51	386	13|6|1|3|0|2|7|6|1|2|1|3
GA	Syrmik	LTR	ERVL	DR0203876	QGNR01000006.1:2540620-2541399+	QGNR01000033.1:10959039-10959886+	11	37	0	553,556,561,563,569	624,627,632,634,640	1	5,6,7,8,9	17	17	408	11|11|1|3|1|1|2|4|1|1|0|1
GA	Syrmik	LTR	ERVL	DR0203876	QGNR01000006.1:2540620-2541399+	QGNR01000076.1:4617988-4618511-	15	46	0	553,556,561,563,565	301,304,309,311,313	1	8,9,10,11,12	13	13	410	15|12|1|3|4|1|2|4|1|1|0|1
GA	Syrmik	LTR	ERVL	DR0204056	QGNR01000033.1:8553360-8557792+	QGNR01000206.1:196009-201947-	56	291	0	3231,3281,3285,3300,3308	3361,3409,3413,3428,3436	1	52,53,54,55,56	76	76	3342	56|33|9|2|10|19|58|65|10|16|7|6
GA	Syrmik	LTR	ERVL	DR0203861	QGNR01000196.1:34339-37338-	QGNR01000196.1:89212-92000-	43	253	0	1863,1872,1877,1885,1892,1932	1865,1874,1879,1887,1894,1934	1	27,28,29,30,31,32	70	70	2781	43|44|11|5|5|10|48|47|12|9|9|10
GA	Syrmik	LTR	ERVL	DR0203837	QGNR01000005.1:4741205-4741547-	QGNR01000005.1:5949589-5949910+	9	48	0	101,103,61,62,94	101,103,61,62,94	1	1,2,3,4,5	43	43	281	9|8|2|2|1|0|10|6|2|3|2|3
GA	Syrmik	LTR	ERVL	DR0204037	QGNR01000011.1:12689518-12689825+	QGNR01000029.1:7644451-7644788+	8	30	0	106,108,109,110,113	104,106,107,108,111	1	1,2,3,4,5	8	8	276	8|3|1|2|1|1|1|9|1|2|0|1
GA	Syrmik	LTR	ERVL	DR0204056	QGNR01000033.1:8553360-8557792+	QGNR01000152.1:718807-720648+	48	189	0	1733,1762,1793,1833,1845	1326,1355,1386,1426,1438	1	32,33,34,35,36	113	113	1855	48|33|9|8|2|6|25|29|9|5|6|9
GA	Syrmik	LTR	ERVL	DR0204068	QGNR01000043.1:872692-872984+	QGNR01000052.1:711158-711660+	8	22	0	109,22,62,66,91	110,21,63,67,92	1	1,2,3,4,5	90	90	293	8|1|2|1|0|0|2|3|2|3|0|0
GA	Syrmik	LTR	ERVL	DR0204058	QGNR01000002.1:1398340-1398652+	QGNR01000054.1:6685824-6686148+	8	35	0	105,111,157,160,162	110,116,162,165,167	1	1,2,3,4,5	58	58	318	8|8|0|2|0|3|3|5|0|2|1|3
GA	Syrmik	LTR	ERVL	DR0203876	QGNR01000006.1:6839441-6840363+	QGNR01000068.1:3149755-3150631-	14	29	0	168,174,229,232,240,242	196,202,259,262,271,273	1	6,7,8,9,10,11	78	78	281	14|2|0|0|3|0|1|2|3|2|0|2
GA	Syrmik	LTR	ERVL	DR0203917	QGNR01000181.1:247074-248322+	QGNR01000397.1:2829-5107+	19	91	0	644,668,672,682,690	1719,1743,1747,1761,1769	1	9,10,11,12,13	51	51	1136	19|11|4|5|3|13|10|12|2|4|6|2
GA	Syrmik	LTR	ERVL	DR0204011	QGNR01000067.1:1653567-1655124-	QGNR01000164.1:22532-24016+	27	77	0	1062,1069,1071,1080,1082,1240,1251,1266,1307,1310	442,449,451,460,462,620,631,646,687,690	2	6,7,8,9,10,19,20,21,22,23	92	249	933	27|12|2|2|3|1|8|15|5|1|1|0
GA	Syrmik	LTR	ERVL	DR0204011	QGNR01000067.1:1653567-1655124-	QGNR01000220.1:107914-108531-	16	58	0	1062,1069,1076,1080,1082	430,437,444,448,450	1	8,9,10,11,12	21	21	616	16|12|1|2|3|3|7|6|4|2|2|0
GA	Syrmik	LTR	ERVL	DR0203876	QGNR01000006.1:6839441-6840363+	QGNR01000033.1:10651316-10652205+	7	17	0	143,145,168,229,242	221,223,246,309,324	1	3,4,5,6,7	104	104	308	7|2|0|0|0|0|2|1|1|1|1|2
GA	Syrmik	LTR	ERVL	DR0204082	QGNR01000233.1:137957-138457-	QGNR01000308.1:10359-11143+	14	50	0	101,104,107,83,97,99	105,107,109,112,115,91	1	1,2,3,4,5,6	25	25	478	14|7|0|3|2|5|5|7|1|3|1|2
GA	Syrmik	LTR	ERVL	DR0203876	QGNR01000006.1:6839441-6840363+	QGNR01000076.1:4617988-4618511-	16	51	0	669,683,696,699,706,708	274,288,301,304,311,313	1	8,9,10,11,12,13	40	40	468	16|9|1|3|5|2|3|5|2|1|1|2
GA	Syrmik	LTR	ERVL	DR0204082	QGNR01000233.1:351762-351903+	QGNR01000405.1:4688-5200-	6	11	0	105,112,115,121,126	105,112,115,121,126	1	2,3,4,5,6	22	22	138	6|2|0|1|0|0|1|1|0|0|0|0
GA	Syrmik	LTR	ERVL	DR0204082	QGNR01000248.1:18804-19899-	QGNR01000269.1:51028-51287+	10	22	0	555,557,559,561,573	152,154,156,158,170	1	6,7,8,9,10	19	19	173	10|4|1|1|0|1|4|1|0|0|0|0
GA	Syrmik	LTR	ERVL	DR0204037	QGNR01000011.1:12989192-12989525-	QGNR01000039.1:10301926-10302262-	8	41	0	113,62,83,86,98	110,62,83,86,95	1	3,4,5,6,7	49	49	291	8|3|2|0|0|2|6|9|3|6|0|2
GA	Syrmik	LTR	ERVL	DR0204082	QGNR01000254.1:53946-54443-	QGNR01000308.1:10359-11143+	8	49	0	104,106,108,111,114	105,107,109,112,115	1	1,2,3,4,5	11	11	478	8|6|1|2|2|8|5|9|2|3|3|0
GA	Syrmik	LTR	ERVL	DR0203971	QGNR01000075.1:1271160-1271925-	QGNR01000075.1:3393778-3394555-	16	86	0	226,234,235,243,271	235,243,244,252,280	1	5,6,7,8,9	46	46	767	16|18|2|6|3|2|12|11|3|5|4|4
GA	Syrmik	LTR	ERVL	DR0203861	QGNR01000211.1:14889-19810-	QGNR01000220.1:39101-40881+	68	250	0	3835,3851,3853,3864,3878	1185,1201,1203,1214,1228	1	48,49,50,51,52	44	44	1775	68|39|11|10|7|7|37|44|7|7|8|5
GA	Syrmik	LTR	ERVL	DR0203833	QGNR01000010.1:4523716-4524521+	QGNR01000076.1:3721516-3722348-	19	87	0	222,223,225,231,249	245,246,248,254,266	1	7,8,9,10,11	22	22	800	19|15|2|4|4|3|14|10|4|3|2|7
GA	Syrmik	LTR	ERVL	DR0203876	QGNR01000006.1:9280422-9281338+	QGNR01000068.1:3149755-3150631-	18	103	0	310,313,318,326,340	259,262,267,275,290	1	9,10,11,12,13	32	32	797	18|16|9|4|4|2|10|16|5|7|4|8
GA	Syrmik	LTR	ERVL	DR0204052	QGNR01000027.1:22247187-22247655-	QGNR01000099.1:556040-556927-	7	64	0	198,199,200,203,206	616,617,618,621,624	1	3,4,5,6,7	9	9	469	7|14|4|3|1|3|9|11|1|4|3|4
GA	Syrmik	LTR	ERVL	DR0203861	QGNR01000220.1:20786-23860+	QGNR01000262.1:32529-34587-	29	178	0	2477,2491,2497,2511,2513	1285,1299,1305,1319,1321	1	21,22,23,24,25	37	37	1741	29|25|4|10|6|8|34|34|6|6|6|10
GA	Syrmik	LTR	ERVL	DR0203861	QGNR01000220.1:20786-23860+	QGNR01000553.1:1276-6744-	49	165	0	2477,2491,2506,2513,2515	2463,2477,2492,2499,2501	1	27,28,29,30,31	39	39	1276	49|24|3|8|7|8|21|23|5|3|3|11
GA	Syrmik	LTR	ERVL	DR0204052	QGNR01000027.1:22247660-22248156-	QGNR01000045.1:8080964-8081376+	12	33	0	214,215,218,220,225	257,258,261,263,268	1	6,7,8,9,10	12	12	242	12|4|0|0|1|3|4|5|0|0|2|2
GA	Syrmik	LTR	ERVL	DR0203861	QGNR01000220.1:39101-40881+	QGNR01000227.1:138967-144852-	36	264	0	1102,1111,1115,1117,1120	3690,3699,3703,3705,3708	1	22,23,24,25,26	19	19	1751	36|60|9|7|6|4|69|33|11|7|8|14
GA	Syrmik	LTR	ERVL	DR0204037	QGNR01000011.1:16746224-16746550-	QGNR01000054.1:3053817-3054159-	7	33	0	13,16,23,36,50	13,16,23,36,50	1	1,2,3,4,5	38	38	233	7|9|2|2|0|2|4|5|1|0|0|1
GA	Syrmik	LTR	ERVL	DR0204056	QGNR01000035.1:1894578-1894911+	QGNR01000077.1:2053988-2054308+	10	32	0	27,56,70,71,90	36,50,51,7,70	1	1,2,3,4,5	64	64	316	10|2|4|2|1|2|2|3|0|4|2|0
GA	Syrmik	LTR	ERVL	DR0204056	QGNR01000035.1:1894578-1894911+	QGNR01000248.1:49280-54948+	14	48	0	70,71,75,90,91	5397,5398,5402,5417,5418	1	3,4,5,6,7	22	22	335	14|4|7|2|0|9|3|6|0|2|0|1
GA	Syrmik	LTR	ERVL	DR0203833	QGNR01000010.1:8308933-8309764-	QGNR01000022.1:10587715-10588510-	24	93	0	332,335,344,367,369	320,323,332,355,357	1	17,18,19,20,21	38	38	805	24|20|7|2|2|2|15|14|1|2|1|3
GA	Syrmik	LTR	ERVL	DR0203833	QGNR01000010.1:8308933-8309764-	QGNR01000105.1:46203-47016-	20	102	0	227,228,235,243,267	243,244,251,259,281	1	9,10,11,12,13	39	39	819	20|26|6|1|5|3|12|21|1|3|1|3
GA	Syrmik	LTR	ERVL	DR0203837	QGNR01000005.1:10411265-10411572+	QGNR01000022.1:16489774-16490104+	10	28	0	57,60,75,89,92	56,59,75,89,92	1	2,3,4,5,6	37	37	195	10|3|0|0|1|0|3|6|3|1|0|1
GA	Syrmik	LTR	ERVL	DR0203848	QGNR01000020.1:2868707-2869095+	QGNR01000050.1:6284900-6285244+	8	33	0	168,172,173,183,187	167,171,172,182,186	1	2,3,4,5,6	20	20	237	8|2|0|2|4|1|4|7|2|2|1|0
GA	Syrmik	LTR	ERVL	DR0204056	QGNR01000036.1:6813566-6813921-	QGNR01000077.1:2053988-2054308+	12	33	0	111,69,72,79,84	36,39,46,51,78	1	1,2,3,4,5	43	43	319	12|2|1|1|2|3|1|7|0|3|1|0
GA	Syrmik	LTR	ERVL	DR0203976	QGNR01000006.1:28654249-28654573+	QGNR01000050.1:3038354-3038704+	13	46	0	16,18,23,30,62	16,18,23,30,62	1	1,2,3,4,5	47	47	329	13|7|1|2|1|2|4|9|2|0|3|2
GA	Syrmik	LTR	ERVL	DR0203861	QGNR01000227.1:138967-144852-	QGNR01000233.1:79717-82629-	97	441	0	2428,2430,2437,2446,2462	1186,1188,1195,1204,1218	1	26,27,28,29,30	33	33	2459	97|60|19|18|26|26|54|87|12|15|11|16
GA	Syrmik	LTR	ERVL	DR0203861	QGNR01000227.1:138967-144852-	QGNR01000397.1:21057-22787-	54	234	0	748,752,757,762,765,776	726,730,735,740,743,754	1	22,23,24,25,26,27	29	29	1609	54|25|12|7|5|20|29|52|4|6|12|8
GA	Syrmik	LTR	ERVL	DR0203848	QGNR01000020.1:4510022-4510361-	QGNR01000035.1:8138790-8139136-	12	38	0	44,55,56,61,81,90	44,55,56,61,81,90	1	2,3,4,5,6,7	47	47	274	12|5|2|2|2|1|4|4|1|0|1|4
GA	Syrmik	LTR	ERVL	DR0203848	QGNR01000020.1:4510022-4510361-	QGNR01000036.1:5292890-5293237-	14	41	0	106,44,61,90,98	105,43,60,89,97	1	1,2,3,4,5	63	63	269	14|6|1|2|3|2|4|4|1|0|2|2
GA	Syrmik	LTR	ERVL	DR0204076	QGNR01000022.1:15181043-15181513-	QGNR01000163.1:85076-85462-	6	19	0	117,118,133,142,99	26,27,42,51,8	1	1,2,3,4,5	44	44	351	6|7|0|1|0|0|2|0|1|2|0|0
GA	Syrmik	LTR	ERVL	DR0203876	QGNR01000006.1:21746748-21747659-	QGNR01000157.1:24298-25210-	22	99	0	675,686,688,691,695	674,685,687,690,694	1	10,11,12,13,14	21	21	911	22|22|4|5|3|3|7|15|4|4|3|7
GA	Syrmik	LTR	ERVL	DR0204056	QGNR01000038.1:259518-259866+	QGNR01000324.1:11671-12023-	9	22	0	124,132,143,159,175	127,135,146,162,179	1	2,3,4,5,6	53	53	349	9|5|2|0|1|1|1|2|1|0|0|0
GA	Syrmik	LTR	ERVL	DR0204058	QGNR01000002.1:3878091-3878410+	QGNR01000010.1:4139537-4139892-	7	28	0	151,164,165,170,185	152,165,166,171,186	1	2,3,4,5,6	35	35	250	7|4|0|2|0|3|2|8|0|0|1|1
GA	Syrmik	LTR	ERVL	DR0203917	QGNR01000248.1:27481-27701+	QGNR01000254.1:124811-125832-	5	21	0	104,111,120,130,98	647,653,660,669,679	1	1,2,3,4,5	33	33	211	5|0|1|2|0|3|1|1|0|2|0|1
GA	Syrmik	LTR	ERVL	DR0204037	QGNR01000011.1:17993695-17994031-	QGNR01000029.1:7644451-7644788+	14	42	0	106,110,111,112,115	102,106,107,108,111	1	2,3,4,5,6	10	10	313	14|5|1|1|2|0|3|12|1|1|0|2
GA	Syrmik	LTR	ERVL	DR0204056	QGNR01000038.1:7167404-7167723-	QGNR01000062.1:2165363-2165722+	5	33	0	189,190,201,202,224	229,230,241,242,264	1	1,2,3,4,5	36	36	315	5|5|2|2|2|0|6|6|2|1|2|0
GA	Syrmik	LTR	ERVL	DR0204052	QGNR01000029.1:5013463-5014339-	QGNR01000058.1:4123473-4124381+	10	41	0	496,506,508,517,519	574,584,586,595,597	1	3,4,5,6,7	24	24	291	10|7|1|2|2|1|5|6|2|1|2|2
GA	Syrmik	LTR	ERVL	DR0204037	QGNR01000011.1:17993695-17994031-	QGNR01000014.1:12599668-12599954-	13	34	0	110,112,61,72,73	110,112,61,72,73	1	5,6,7,8,9	52	52	230	13|2|1|0|1|1|2|9|0|3|0|2
GA	Syrmik	LTR	ERVL	DR0203833	QGNR01000010.1:8710558-8710860-	QGNR01000076.1:3721516-3722348-	10	32	0	100,101,73,74,76,82	245,246,248,254,266,267	1	3,4,5,6,7,8	23	23	268	10|4|0|0|2|1|8|0|2|1|0|4
GA	Syrmik	LTR	ERVL	DR0203876	QGNR01000006.1:24169580-24170465+	QGNR01000106.1:404654-405493+	18	81	0	324,326,333,335,336	271,273,280,282,283	1	5,6,7,8,9	13	13	769	18|15|2|1|2|3|14|14|2|1|6|3
GA	Syrmik	LTR	ERVL	DR0203837	QGNR01000005.1:10692167-10692370+	QGNR01000022.1:10505858-10506178-	6	23	0	28,31,34,70,72	28,31,34,70,72	1	1,2,3,4,5	45	45	190	6|1|0|2|0|1|4|4|2|0|2|1
GA	Syrmik	LTR	ERVL	DR0204052	QGNR01000029.1:5714269-5714733+	QGNR01000100.1:1571321-1572207+	13	68	0	38,40,41,59,82	454,456,457,475,498	1	1,2,3,4,5	45	45	467	13|10|3|3|1|1|9|12|2|3|6|5
GA	Syrmik	LTR	ERVL	DR0203837	QGNR01000005.1:10692167-10692370+	QGNR01000024.1:8766365-8766698-	6	23	0	23,31,36,40,70	23,31,36,40,70	1	1,2,3,4,5	48	48	205	6|4|4|0|0|1|4|2|1|0|1|0
GA	Syrmik	LTR	ERVL	DR0204068	QGNR01000058.1:4583780-4584281+	QGNR01000114.1:2245071-2245569-	8	39	0	113,117,171,91,95	113,117,171,91,95	1	1,2,3,4,5	81	81	490	8|8|0|4|1|0|8|6|1|1|0|2
GA	Syrmik	LTR	ERVL	DR0204037	QGNR01000011.1:19223137-19223476+	QGNR01000066.1:392952-393284-	13	45	0	50,51,55,61,72	50,51,55,59,70	1	1,2,3,4,5	21	21	307	13|8|3|5|1|1|5|4|2|0|2|1
GA	Syrmik	LTR	ERVL	DR0203861	QGNR01000248.1:27701-30560+	QGNR01000553.1:1276-6744-	39	128	0	2363,2368,2369,2408,2421,2516,2525,2531	2339,2344,2345,2384,2397,2492,2501,2507	1	22,23,24,25,26,27,28,29	169	169	1077	39|19|6|6|5|4|22|15|1|2|4|5
GA	Syrmik	LTR	ERVL	DR0204037	QGNR01000011.1:19223137-19223476+	QGNR01000025.1:3474196-3474521-	14	40	0	50,55,61,62,71	50,55,61,62,71	1	2,3,4,5,6	22	22	260	14|6|3|1|0|2|2|5|4|0|0|3
GA	Syrmik	LTR	ERVL	DR0204023	QGNR01000186.1:136151-136629-	QGNR01011537.1:0-525+	7	18	0	287,289,291,326,332	332,334,336,373,379	1	2,3,4,5,6	48	48	479	7|0|1|0|0|1|1|7|0|1|0|0
GA	Syrmik	LTR	ERVL	DR0204023	QGNR01000186.1:136151-136629-	QGNR01027006.1:0-554+	7	24	0	285,287,289,291,326,332	230,232,234,236,273,279	1	2,3,4,5,6,7	50	50	424	7|2|1|0|0|3|2|9|0|0|0|0
GA	Syrmik	LTR	ERVL	DR0204023	QGNR01000186.1:136151-136629-	QGNR01001338.1:0-402-	8	13	0	287,289,291,307,326,332	309,311,313,331,350,356	1	3,4,5,6,7,8	48	48	379	8|1|0|0|0|1|0|2|0|0|0|1
GA	Syrmik	LTR	ERVL	DR0203971	QGNR01000090.1:1680224-1680993+	QGNR01016915.1:0-445-	14	48	0	345,347,378,390,394,423,436	336,338,366,378,382,411,425	1	8,9,10,11,12,13,14	90	90	441	14|5|0|0|2|1|8|11|1|4|2|0
GA	Syrmik	LTR	ERVL	DR0203833	QGNR01000010.1:9164381-9165194+	QGNR01000038.1:894442-895240-	19	70	0	514,535,539,542,549,556	498,519,523,526,533,540	1	10,11,12,13,14,15	43	43	805	19|18|3|3|1|2|13|8|1|1|0|1
GA	Syrmik	LTR	ERVL	DR0203938	QGNR01000181.1:201349-202422+	QGNR01000254.1:25129-27417-	38	102	0	108,120,121,124,80,87	885,892,913,925,926,929	1	1,2,3,4,5,6	45	45	1066	38|14|4|2|1|9|6|14|5|4|2|3
GA	Syrmik	LTR	ERVL	DR0204056	QGNR01000039.1:75682-76040-	QGNR01000181.1:23092-24210+	16	45	0	151,169,171,173,174	159,184,186,188,189	1	7,8,9,10,11	31	31	353	16|4|0|0|0|9|3|5|3|2|2|1
GA	Syrmik	LTR	ERVL	DR0204011	QGNR01000088.1:383682-385841-	QGNR01000196.1:151497-152271-	14	61	0	1723,1764,1795,1820,1827	264,308,339,367,374	1	4,5,6,7,8	111	111	707	14|11|0|3|2|2|6|7|4|3|3|6
GA	Syrmik	LTR	ERVL	DR0204052	QGNR01000029.1:11111652-11112532+	QGNR01000076.1:4230384-4231377-	24	103	0	257,261,264,273,274,285	303,307,310,319,320,331	1	8,9,10,11,12,13	29	29	712	24|14|6|5|2|4|9|17|2|5|7|8
GA	Syrmik	LTR	ERVL	DR0203833	QGNR01000010.1:9164381-9165194+	QGNR01000076.1:3721516-3722348-	25	104	0	224,225,227,233,251,252	245,246,248,254,266,267	1	6,7,8,9,10,11	23	23	813	25|22|3|4|4|4|17|10|5|3|1|6
GA	Syrmik	LTR	ERVL	DR0203833	QGNR01000010.1:9164381-9165194+	QGNR01000206.1:61533-62235+	26	94	0	101,103,105,106,98	101,103,105,106,98	1	3,4,5,6,7	9	9	687	26|16|1|6|2|4|14|11|4|6|1|3
GA	Syrmik	LTR	ERVL	DR0203884	QGNR01000048.1:9731084-9731618+	QGNR01000153.1:421-963+	8	23	0	448,471,487,497,511	444,467,483,493,507	1	4,5,6,7,8	64	64	528	8|5|0|0|0|0|2|6|1|0|0|1
GA	Syrmik	LTR	ERVL	DR0204056	QGNR01000041.1:350067-350419+	QGNR01000218.1:8528-8895-	11	33	0	149,155,157,160,162	159,165,167,170,172	1	6,7,8,9,10	14	14	331	11|4|1|0|2|2|5|3|2|0|2|1
GA	Syrmik	LTR	ERVL	DR0203861	QGNR01000262.1:28807-31522-	QGNR01005531.1:0-1348+	29	107	0	1118,1122,1183,1221,1255	1141,1145,1206,1244,1278	1	23,24,25,26,27	138	138	1318	29|16|2|5|6|3|10|15|1|1|2|4
GA	Syrmik	LTR	ERVL	DR0203861	QGNR01000262.1:28807-31522-	QGNR01000262.1:34686-35886-	13	47	0	2555,2557,2558,2560,2563	164,166,167,169,172	1	7,8,9,10,11	9	9	326	13|7|0|0|1|5|6|5|5|2|2|1
GA	Syrmik	LTR	ERVL	DR0203938	QGNR01000193.1:238024-238967+	QGNR01000254.1:25129-27417-	26	62	0	113,125,126,129,92	892,913,925,926,929	1	1,2,3,4,5	38	38	715	26|8|1|2|2|3|3|11|2|0|2|2
GA	Syrmik	LTR	ERVL	DR0203938	QGNR01000193.1:266849-268193-	QGNR01000254.1:25129-27417-	38	159	0	158,179,183,191,192	892,913,917,925,926	1	5,6,7,8,9	35	35	1328	38|16|7|2|5|9|21|21|10|8|7|15
GA	Syrmik	LTR	ERVL	DR0203861	QGNR01000262.1:32529-34587-	QGNR01000553.1:1276-6744-	49	161	0	1139,1161,1166,1167,1182,1479,1485,1500,1552,1556	2317,2339,2344,2345,2360,2657,2663,2678,2730,2734	2	19,20,21,22,23,39,40,41,42,43	122	418	1141	49|29|6|4|8|7|26|14|3|4|3|8
GA	Syrmik	LTR	ERVL	DR0204056	QGNR01000044.1:3496077-3496424+	QGNR01000324.1:11671-12023-	9	27	0	132,137,142,158,174	135,140,146,162,179	1	2,3,4,5,6	45	45	349	9|6|1|1|0|2|3|3|1|1|0|0
GA	Syrmik	LTR	ERVL	DR0203833	QGNR01000010.1:9321543-9322072+	QGNR01000090.1:296872-297681+	9	34	0	170,185,189,192,198	446,461,465,468,477	1	2,3,4,5,6	32	32	531	9|9|1|0|2|0|3|5|1|2|0|1
GA	Syrmik	LTR	ERVL	DR0204056	QGNR01000044.1:3496077-3496424+	QGNR01000050.1:6892124-6892502-	8	25	0	108,129,137,141,174	109,130,138,143,180	1	3,4,5,6,7	72	72	293	8|2|0|1|1|0|4|5|0|2|1|1
GA	Syrmik	LTR	ERVL	DR0204037	QGNR01000013.1:12536680-12537021-	QGNR01000029.1:7644451-7644788+	11	50	0	106,110,111,112,115	102,106,107,108,111	1	1,2,3,4,5	10	10	328	11|2|4|3|3|5|5|10|1|3|0|3
GA	Syrmik	LTR	ERVL	DR0203833	QGNR01000010.1:9321543-9322072+	QGNR01000113.1:323457-324261+	12	51	0	22,31,32,36,38	320,329,330,334,336	1	1,2,3,4,5	17	17	517	12|8|2|1|3|1|5|9|5|2|0|2
GA	Syrmik	LTR	ERVL	DR0203833	QGNR01000010.1:9321543-9322072+	QGNR01000113.1:326262-326869+	13	56	0	22,31,32,36,38	124,133,134,138,140	1	1,2,3,4,5	17	17	517	13|8|2|1|3|1|8|10|5|2|0|2
GA	Syrmik	LTR	ERVL	DR0203971	QGNR01000114.1:1934311-1935103+	QGNR01000206.1:111942-112670+	15	79	0	259,261,264,274,275	261,263,266,276,277	1	6,7,8,9,10	17	17	603	15|11|3|4|5|3|7|13|5|2|8|3
GA	Syrmik	LTR	ERVL	DR0204076	QGNR01000029.1:5434675-5435135-	QGNR01000244.1:50143-50792+	7	31	0	390,392,393,399,403	391,393,394,400,404	1	2,3,4,5,6	14	14	460	7|2|1|3|1|2|5|5|1|1|1|2
GA	Syrmik	LTR	ERVL	DR0204037	QGNR01000013.1:12925852-12926143-	QGNR01000025.1:3474196-3474521-	14	49	0	50,55,61,62,71	50,55,61,62,71	1	1,2,3,4,5	22	22	257	14|11|0|3|2|2|3|9|1|1|2|1
GA	Syrmik	LTR	ERVL	DR0204058	QGNR01000002.1:8211838-8212160+	QGNR01000070.1:2154965-2155287+	7	38	0	100,18,23,58,80	100,18,23,58,80	1	1,2,3,4,5	83	83	322	7|6|3|3|0|1|3|9|3|0|2|1
GA	Syrmik	LTR	ERVL	DR0203848	QGNR01000023.1:4872612-4872959+	QGNR01000031.1:6119102-6119445+	17	51	0	113,116,118,86,90	111,114,116,84,88	1	4,5,6,7,8	33	33	334	17|7|1|1|0|1|7|13|2|1|0|1
GA	Syrmik	LTR	ERVL	DR0204076	QGNR01000029.1:10428268-10428751+	QGNR01000032.1:3807370-3807858-	8	11	0	114,120,129,139,163,225	100,109,119,142,211,94	1	3,4,5,6,7,8	118	118	222	8|2|0|0|0|0|0|1|0|0|0|0
GA	Syrmik	LTR	ERVL	DR0203833	QGNR01000010.1:9332918-9333745-	QGNR01000090.1:296872-297681+	12	62	0	468,483,487,490,496	446,461,465,468,477	1	5,6,7,8,9	32	32	818	12|17|1|3|2|1|10|10|0|3|0|2
GA	Syrmik	LTR	ERVL	DR0204056	QGNR01000050.1:1930283-1930629-	QGNR01000466.1:27705-29756+	6	23	0	154,170,172,190,193	1864,1880,1882,1897,1900	1	2,3,4,5,6	37	37	312	6|2|2|1|1|0|0|4|2|2|2|1
GA	Syrmik	LTR	ERVL	DR0203833	QGNR01000010.1:9332918-9333745-	QGNR01000113.1:323457-324261+	17	82	0	320,329,330,334,336	320,329,330,334,336	1	6,7,8,9,10	17	17	815	17|13|1|4|6|4|13|14|4|2|1|3
GA	Syrmik	LTR	ERVL	DR0203976	QGNR01000011.1:4444554-4444888+	QGNR01000050.1:3128782-3129117+	12	52	0	103,108,110,160,166	102,107,109,157,163	1	5,6,7,8,9	62	62	332	12|9|0|3|3|2|3|10|1|3|3|3
GA	Syrmik	LTR	ERVL	DR0203848	QGNR01000024.1:70059-70407-	QGNR01000035.1:8138790-8139136-	10	44	0	55,56,60,78,80	55,56,61,79,81	1	1,2,3,4,5	27	27	313	10|8|3|6|1|1|6|5|2|0|2|0
GA	Syrmik	LTR	ERVL	DR0203848	QGNR01000024.1:70059-70407-	QGNR01000075.1:604457-604772+	13	54	0	51,60,72,78,80	17,27,39,45,47	1	1,2,3,4,5	31	31	314	13|9|4|8|1|2|3|8|2|1|1|2
GA	Syrmik	LTR	ERVL	DR0204076	QGNR01000032.1:3807370-3807858-	QGNR01000244.1:50143-50792+	5	29	0	394,396,397,404,408	391,393,394,400,404	1	1,2,3,4,5	14	14	483	5|6|1|1|0|2|4|4|1|2|2|1
GA	Syrmik	LTR	ERVL	DR0203848	QGNR01000024.1:115304-115650-	QGNR01000036.1:5292890-5293237-	12	45	0	214,221,233,243,244	213,220,232,242,243	1	6,7,8,9,10	31	31	345	12|9|1|2|2|4|6|4|2|1|2|0
GA	Syrmik	LTR	ERVL	DR0203848	QGNR01000024.1:115304-115650-	QGNR01000024.1:3050880-3051223-	11	45	0	220,233,239,243,244,264	221,234,239,243,244,259	1	5,6,7,8,9,10	39	39	343	11|7|1|3|1|1|5|11|3|0|2|0
GA	Syrmik	LTR	ERVL	DR0203848	QGNR01000024.1:115304-115650-	QGNR01000068.1:1059431-1059780-	10	55	0	214,220,233,236,243,244	215,221,234,237,244,245	1	4,5,6,7,8,9	31	31	346	10|12|3|2|4|2|5|10|2|2|1|2
GA	Syrmik	LTR	ERVL	DR0203884	QGNR01000058.1:2448765-2449305-	QGNR01000153.1:421-963+	8	27	0	443,466,482,492,506	444,467,483,493,507	1	4,5,6,7,8	64	64	541	8|5|1|0|0|0|2|9|1|0|0|1
GA	Syrmik	LTR	ERVL	DR0203848	QGNR01000024.1:115304-115650-	QGNR01000056.1:3562936-3563285-	11	52	0	230,233,239,243,244	231,234,240,244,245	1	6,7,8,9,10	15	15	346	11|13|1|3|1|0|7|8|2|5|1|0
GA	Syrmik	LTR	ERVL	DR0203848	QGNR01000024.1:115304-115650-	QGNR01000151.1:804290-805034+	10	48	0	214,220,221,243,244	215,221,222,238,239	1	4,5,6,7,8	25	25	340	10|7|2|3|2|5|3|8|3|2|2|1
GA	Syrmik	LTR	ERVL	DR0203837	QGNR01000005.1:11076741-11077069-	QGNR01000066.1:4480487-4480819-	7	16	0	112,115,116,82,91	110,114,115,82,91	1	1,2,3,4,5	34	34	186	7|1|0|0|1|1|4|0|2|0|0|0
GA	Syrmik	LTR	ERVL	DR0203942	QGNR01000035.1:1201158-1201421+	QGNR01000061.1:3609086-3609428-	6	10	0	125,127,138,169,95	174,204,206,217,248	1	2,3,4,5,6	75	75	264	6|1|0|0|0|0|2|0|0|0|0|1
GA	Syrmik	LTR	ERVL	DR0204037	QGNR01000014.1:2059438-2059766+	QGNR01000039.1:10301926-10302262-	11	45	0	106,62,83,86,98	103,62,83,86,95	1	5,6,7,8,9	42	42	300	11|6|7|0|2|2|4|5|3|2|1|2
GA	Syrmik	LTR	ERVL	DR0203976	QGNR01000011.1:8948232-8948570+	QGNR01000025.1:3443177-3443518-	9	18	0	140,160,167,168,170	139,159,166,167,169	1	5,6,7,8,9	31	31	185	9|1|1|0|0|0|3|2|0|0|1|1
GA	Syrmik	LTR	ERVL	DR0203942	QGNR01000036.1:4950890-4951224-	QGNR01000620.1:12580-12866-	6	7	0	174,204,205,52,57,64	195,225,226,75,80,87	1	1,2,3,4,5,6	152	152	264	6|0|0|0|0|0|0|0|0|1|0|0
GA	Syrmik	LTR	ERVL	DR0203942	QGNR01000036.1:4950890-4951224-	QGNR01000135.1:432195-432549-	9	26	0	196,198,204,205,209	216,218,224,225,229	1	4,5,6,7,8	14	14	324	9|4|1|0|2|0|2|1|2|1|0|4
GA	Syrmik	LTR	ERVL	DR0203942	QGNR01000036.1:4950890-4951224-	QGNR01000061.1:3609086-3609428-	9	12	0	141,166,174,196,198,205,209,240	147,174,182,204,206,213,217,248	1	2,3,4,5,6,7,8,9	102	102	326	9|0|0|0|1|0|1|0|0|0|0|1
GA	Syrmik	LTR	ERVL	DR0203942	QGNR01000036.1:4950890-4951224-	QGNR01000042.1:4873016-4873232+	5	15	0	174,196,204,205,209	55,77,85,86,90	1	1,2,3,4,5	36	36	215	5|0|1|1|2|0|2|4|0|0|0|0
GA	Syrmik	LTR	ERVL	DR0204056	QGNR01000051.1:3991510-3993103-	QGNR01000466.1:27705-29756+	7	19	0	193,196,216,218,236	1861,1864,1880,1882,1897	1	3,4,5,6,7	37	37	218	7|1|2|1|2|0|2|2|0|0|0|2
GA	Syrmik	LTR	ERVL	DR0204037	QGNR01000014.1:6276969-6277304-	QGNR01000025.1:3474196-3474521-	14	37	0	19,46,50,51,55,56,65	23,50,54,55,61,62,71	1	1,2,3,4,5,6,7	49	49	236	14|2|0|1|0|2|4|6|3|2|1|2
GA	Syrmik	LTR	ERVL	DR0203876	QGNR01000010.1:8266355-8266996-	QGNR01000076.1:4617988-4618511-	12	53	0	402,413,415,425,427	288,299,301,311,313	1	4,5,6,7,8	26	26	532	12|10|3|1|4|1|6|8|2|3|2|0
GA	Syrmik	LTR	ERVL	DR0203833	QGNR01000010.1:9535514-9536295+	QGNR01000022.1:10587715-10588510-	17	60	0	354,357,389,391,401	320,323,355,357,367	1	13,14,15,16,17	48	48	385	17|7|6|3|2|2|14|6|0|2|1|0
GA	Syrmik	LTR	ERVL	DR0203942	QGNR01000040.1:0-1155-	QGNR01000043.1:269683-270019-	6	28	0	237,238,266,296,324	215,216,244,274,302	1	2,3,4,5,6	88	88	347	6|3|1|1|2|1|3|5|2|3|0|1
GA	Syrmik	LTR	ERVL	DR0203976	QGNR01000011.1:16529537-16529875+	QGNR01000022.1:6101335-6101671+	13	52	0	16,18,23,28,61	16,18,23,28,61	1	2,3,4,5,6	46	46	331	13|8|2|3|1|2|8|5|3|4|1|2
GA	Syrmik	LTR	ERVL	DR0204056	QGNR01000058.1:4350569-4350935-	QGNR01000181.1:23092-24210+	14	44	0	176,185,187,189,191	173,182,184,186,188	1	6,7,8,9,10	16	16	364	14|3|1|1|1|5|5|7|3|3|0|1
GA	Syrmik	LTR	ERVL	DR0204056	QGNR01000058.1:4350569-4350935-	QGNR01000248.1:49280-54948+	12	49	0	184,185,187,189,191	5491,5492,5494,5496,5498	1	7,8,9,10,11	8	8	362	12|5|6|1|1|9|4|7|1|2|0|1
GA	Syrmik	LTR	ERVL	DR0204056	QGNR01000061.1:176035-176612+	QGNR01000152.1:718807-720648+	18	47	0	372,375,409,418,435,485	854,857,891,900,917,969	1	12,13,14,15,16,17	116	116	578	18|8|2|3|0|1|5|5|2|0|2|1
GA	Syrmik	LTR	ERVL	DR0203833	QGNR01000010.1:9690768-9691597-	QGNR01000113.1:323457-324261+	10	46	0	320,329,330,334,336	320,329,330,334,336	1	5,6,7,8,9	17	17	412	10|9|0|2|6|3|8|7|0|1|0|0
GA	Syrmik	LTR	ERVL	DR0203833	QGNR01000010.1:9690768-9691597-	QGNR01000010.1:16393922-16394714-	12	44	0	106,37,69,74,78,84	101,32,64,69,73,79	1	1,2,3,4,5,6	70	70	457	12|10|0|1|4|1|5|7|3|0|0|1
GA	Syrmik	LTR	ERVL	DR0203976	QGNR01000011.1:17321492-17321830+	QGNR01000022.1:6101335-6101671+	7	22	0	13,16,18,28,61	13,16,18,28,61	1	1,2,3,4,5	49	49	201	7|2|1|1|0|1|5|1|3|0|1|0
GA	Syrmik	LTR	ERVL	DR0204011	QGNR01000163.1:333944-336819-	QGNR01000228.1:84209-85626-	17	88	0	1217,1239,1247,1251,1261	1167,1189,1197,1201,1211	1	12,13,14,15,16	45	45	949	17|6|3|2|6|5|18|19|2|3|4|3
GA	Syrmik	LTR	ERVL	DR0204011	QGNR01000163.1:333944-336819-	QGNR01000233.1:198819-202548-	19	125	0	1239,1247,1251,1254,1261	2000,2008,2012,2015,2022	1	6,7,8,9,10	23	23	909	19|14|2|9|13|9|19|17|5|7|4|7
GA	Syrmik	LTR	ERVL	DR0204037	QGNR01000015.1:8611538-8611873+	QGNR01000029.1:7644451-7644788+	11	40	0	105,109,110,111,114	102,106,107,108,111	1	2,3,4,5,6	10	10	291	11|3|1|3|2|0|6|11|1|1|1|0
GA	Syrmik	LTR	ERVL	DR0203884	QGNR01000065.1:1060703-1061237+	QGNR01000264.1:100029-100559+	15	30	0	120,141,170,86,99	114,135,166,86,99	1	1,2,3,4,5	81	81	532	15|5|0|2|1|0|0|6|0|1|0|0
GA	Syrmik	LTR	ERVL	DR0203837	QGNR01000005.1:13572538-13572862-	QGNR01000070.1:6835147-6835480-	10	47	0	163,169,170,171,172	162,168,169,170,171	1	4,5,6,7,8	10	10	287	10|7|2|2|1|2|6|11|2|1|0|3
GA	Syrmik	LTR	ERVL	DR0203976	QGNR01000013.1:302255-302531+	QGNR01000094.1:917437-917713-	14	46	0	158,166,168,170,171	158,166,168,170,171	1	6,7,8,9,10	14	14	274	14|7|2|4|0|2|5|7|0|2|1|2
GA	Syrmik	LTR	ERVL	DR0203833	QGNR01000010.1:9838546-9839369+	QGNR01000113.1:323457-324261+	17	83	0	320,329,330,334,336	320,329,330,334,336	1	5,6,7,8,9	17	17	813	17|14|0|1|7|4|16|18|1|2|0|3
GA	Syrmik	LTR	ERVL	DR0203837	QGNR01000005.1:13572538-13572862-	QGNR01000006.1:16458677-16459001-	14	52	0	124,161,169,170,172	124,161,169,170,172	1	5,6,7,8,9	49	49	309	14|6|1|2|2|3|6|8|3|1|4|2
GA	Syrmik	LTR	ERVL	DR0204056	QGNR01000062.1:1812724-1813068+	QGNR01000248.1:49280-54948+	16	49	0	165,168,170,172,174	5490,5493,5495,5497,5499	1	10,11,12,13,14	10	10	341	16|3|2|1|2|5|3|8|1|1|3|4
GA	Syrmik	LTR	ERVL	DR0203976	QGNR01000013.1:1347727-1347976-	QGNR01014217.1:394-655-	13	36	0	50,52,64,67,68	60,62,74,77,78	1	1,2,3,4,5	19	19	242	13|7|2|1|0|0|3|7|1|1|0|1
GA	Syrmik	LTR	ERVL	DR0203833	QGNR01000010.1:9838546-9839369+	QGNR01000113.1:326262-326869+	14	64	0	320,329,330,334,336	124,133,134,138,140	1	3,4,5,6,7	17	17	613	14|10|0|1|3|1|14|17|1|2|0|1
GA	Syrmik	LTR	ERVL	DR0203976	QGNR01000013.1:1347727-1347976-	QGNR01000094.1:917437-917713-	11	32	0	137,140,146,150,151,4,41,50,52,9	155,158,166,170,171,22,27,59,68,70	2	1,2,3,4,5,6,7,8,9,10	151	150	224	11|3|3|3|1|1|2|7|1|0|0|0
GA	Syrmik	LTR	ERVL	DR0204056	QGNR01000062.1:2165363-2165722+	QGNR01000248.1:49280-54948+	17	55	0	166,167,169,180,183,185,187	5476,5477,5479,5491,5494,5496,5498	1	10,11,12,13,14,15,16	23	23	359	17|4|3|2|1|9|4|10|0|2|1|2
GA	Syrmik	LTR	ERVL	DR0204037	QGNR01000017.1:203376-203533-	QGNR01000117.1:212161-212316+	5	15	0	109,58,63,68,84	112,61,66,71,87	1	1,2,3,4,5	52	52	152	5|2|1|0|1|0|2|1|1|0|1|1
GA	Syrmik	LTR	ERVL	DR0204052	QGNR01000058.1:1717099-1717958-	QGNR01000076.1:4230384-4231377-	16	63	0	324,327,334,336,347,348	307,310,317,319,330,331	1	11,12,13,14,15,16	25	25	506	16|12|3|3|2|3|6|6|2|2|2|6
GA	Syrmik	LTR	ERVL	DR0204056	QGNR01000065.1:4874539-4875745+	QGNR01000181.1:132855-133220+	10	36	0	127,129,74,96,98	127,129,74,96,98	1	1,2,3,4,5	56	56	350	10|1|2|0|0|2|0|16|1|3|0|1
GA	Syrmik	LTR	ERVL	DR0203876	QGNR01000010.1:9368517-9369336+	QGNR01000084.1:1751338-1752143-	13	72	0	588,591,593,594,601	574,577,579,580,587	1	8,9,10,11,12	14	14	811	13|7|4|0|2|2|16|14|1|6|5|2
GA	Syrmik	LTR	ERVL	DR0203876	QGNR01000010.1:9368517-9369336+	QGNR01000076.1:4617988-4618511-	13	58	0	591,593,596,601,605	299,301,304,309,313	1	7,8,9,10,11	15	15	523	13|8|4|2|3|3|5|11|3|3|0|3
GA	Syrmik	LTR	ERVL	DR0204068	QGNR01000324.1:22541-23027-	QGNR01017099.1:309-719+	7	19	0	107,114,122,134,146,91	105,111,119,131,143,91	1	2,3,4,5,6,7	53	53	406	7|7|0|2|0|0|1|1|0|0|0|1
GA	Syrmik	LTR	ERVL	DR0203976	QGNR01000015.1:3636142-3636460-	QGNR01000043.1:5993868-5994209+	9	35	0	53,60,61,70,86	60,68,69,78,94	1	1,2,3,4,5	35	35	314	9|6|1|1|1|1|4|11|1|0|0|0
GA	Syrmik	LTR	ERVL	DR0204011	QGNR01000196.1:40965-41492-	QGNR01012714.1:63-578+	27	70	0	325,331,334,344,346,354,381,382	311,317,320,330,332,340,367,368	1	15,16,17,18,19,20,21,22	58	58	515	27|10|2|2|1|1|9|13|0|4|0|1
GA	Syrmik	LTR	ERVL	DR0204011	QGNR01000196.1:40965-41492-	QGNR01000218.1:19703-20425+	23	57	0	325,331,334,336,344,346,354	318,324,327,329,337,339,347	1	10,11,12,13,14,15,16	30	30	502	23|9|1|2|0|0|5|13|0|2|1|1
GA	Syrmik	LTR	ERVL	DR0204011	QGNR01000196.1:40965-41492-	QGNR01000244.1:11694-12224-	27	67	0	325,331,334,336,344,346,354,366,381,382,386,401	324,330,333,335,343,345,353,365,380,381,385,400	1	14,15,16,17,18,19,20,21,22,23,24,25	77	77	521	27|8|3|1|0|1|8|14|0|3|0|2
GA	Syrmik	LTR	ERVL	DR0204011	QGNR01000196.1:40965-41492-	QGNR01000269.1:51832-52429+	27	71	0	331,334,336,344,349,354	308,311,313,321,326,331	1	15,16,17,18,19,20	24	24	510	27|6|2|2|2|0|8|16|2|4|0|2
GA	Syrmik	LTR	ERVL	DR0204011	QGNR01000196.1:40965-41492-	QGNR01000284.1:23440-23971+	22	62	0	331,334,336,344,346,354	322,325,327,335,337,345	1	10,11,12,13,14,15	24	24	518	22|11|2|0|1|1|6|13|0|1|1|4
GA	Syrmik	LTR	ERVL	DR0204037	QGNR01000020.1:2129593-2129894-	QGNR01000029.1:7644451-7644788+	12	43	0	106,110,111,112,115	102,106,107,108,111	1	2,3,4,5,6	10	10	288	12|5|2|3|1|0|1|15|1|1|2|0
GA	Syrmik	LTR	ERVL	DR0204037	QGNR01000020.1:2129593-2129894-	QGNR01000022.1:10846771-10846972-	7	19	0	40,49,50,51,56,61	40,49,50,51,56,61	1	1,2,3,4,5,6	22	22	198	7|3|3|3|1|1|1|0|0|0|0|0
GA	Syrmik	LTR	ERVL	DR0203876	QGNR01000010.1:9540367-9541145+	QGNR01000408.1:43737-44609-	11	24	0	507,549,553,576,598	600,641,645,668,690	1	7,8,9,10,11	91	91	590	11|3|1|0|0|0|1|4|0|2|1|1
GA	Syrmik	LTR	ERVL	DR0203848	QGNR01000026.1:6872857-6873202+	QGNR01000036.1:5292890-5293237-	14	46	0	112,122,57,86,94	115,125,60,89,97	1	1,2,3,4,5	66	66	342	14|12|0|1|1|3|4|4|1|5|1|0
GA	Syrmik	LTR	ERVL	DR0204037	QGNR01000020.1:2129593-2129894-	QGNR01000025.1:3474196-3474521-	15	31	0	50,55,61,62,71	50,55,61,62,71	1	2,3,4,5,6	22	22	232	15|3|2|3|0|0|2|3|1|0|0|2
GA	Syrmik	LTR	ERVL	DR0203884	QGNR01000071.1:3128542-3129080-	QGNR01000071.1:3733657-3734204+	11	51	0	103,110,141,152,86	103,110,141,152,86	1	3,4,5,6,7	67	67	542	11|13|0|2|1|0|11|6|2|3|1|1
GA	Syrmik	LTR	ERVL	DR0203976	QGNR01000015.1:11484946-11485288+	QGNR01000022.1:6101335-6101671+	9	46	0	13,16,18,23,28	13,16,18,23,28	1	1,2,3,4,5	16	16	339	9|5|2|3|0|3|7|5|3|2|5|2
GA	Syrmik	LTR	ERVL	DR0204037	QGNR01000020.1:2392440-2392770-	QGNR01000029.1:7644451-7644788+	10	32	0	106,110,111,112,115	102,106,107,108,111	1	2,3,4,5,6	10	10	242	10|2|2|2|2|0|2|9|2|1|0|0
GA	Syrmik	LTR	ERVL	DR0204052	QGNR01000068.1:1567861-1568675+	QGNR01000076.1:4230384-4231377-	20	87	0	312,315,324,325,336	307,310,319,320,331	1	13,14,15,16,17	25	25	565	20|12|2|5|1|5|14|10|2|2|6|8
GA	Syrmik	LTR	ERVL	DR0204011	QGNR01000233.1:251758-252967-	QGNR01000258.1:29678-30936-	28	97	0	1114,1122,1129,1132,1143	1085,1093,1100,1103,1114	1	23,24,25,26,27	30	30	955	28|15|4|2|3|5|13|12|7|2|1|5
GA	Syrmik	LTR	ERVL	DR0204052	QGNR01000068.1:1567861-1568675+	QGNR01000106.1:1239240-1240124+	10	40	0	169,200,214,221,234	120,153,167,174,187	1	1,2,3,4,5	68	68	331	10|3|2|2|0|2|9|4|1|0|2|5
GA	Syrmik	LTR	ERVL	DR0204037	QGNR01000020.1:2392440-2392770-	QGNR01000023.1:3855762-3855952-	6	23	0	42,51,55,61,75	36,45,49,55,69	1	2,3,4,5,6	34	34	188	6|4|2|2|0|0|2|5|1|0|1|0
GA	Syrmik	LTR	ERVL	DR0203833	QGNR01000010.1:16393922-16394714-	QGNR01000050.1:2124295-2125115-	9	76	0	506,509,513,515,526	493,496,500,502,513	1	3,4,5,6,7	21	21	663	9|14|2|2|1|2|13|18|2|2|4|7
GA	Syrmik	LTR	ERVL	DR0203837	QGNR01000005.1:14157488-14157816+	QGNR01000061.1:5513387-5513727+	14	53	0	112,114,115,117,31,49,50,59,68,89,91	113,115,116,118,32,50,51,60,69,90,92	2	2,3,4,5,6,7,8,9,10,11,12	88	87	328	14|11|4|1|4|3|6|3|2|0|1|4
GA	Syrmik	LTR	ERVL	DR0203837	QGNR01000005.1:14157488-14157816+	QGNR01000011.1:14597754-14598088+	8	34	0	31,32,50,59,68	33,34,52,61,70	1	1,2,3,4,5	38	38	275	8|4|2|0|4|1|5|1|2|0|3|4
GA	Syrmik	LTR	ERVL	DR0204058	QGNR01000003.1:5047868-5048190-	QGNR01000025.1:3016758-3017077-	10	35	0	10,13,23,53,7	10,13,23,53,7	1	1,2,3,4,5	47	47	320	10|6|0|0|2|3|3|4|2|2|3|0
GA	Syrmik	LTR	ERVL	DR0204058	QGNR01000003.1:5047868-5048190-	QGNR01000033.1:7715702-7716021-	13	42	0	164,165,166,167,181	164,165,166,167,178	1	6,7,8,9,10	15	15	320	13|10|2|0|3|2|4|5|2|1|0|0
GA	Syrmik	LTR	ERVL	DR0204076	QGNR01000041.1:3174980-3175468+	QGNR01000163.1:85076-85462-	10	30	0	115,117,118,133,142	24,26,27,42,51	1	1,2,3,4,5	28	28	380	10|9|0|0|0|0|5|2|0|2|0|2
GA	Syrmik	LTR	ERVL	DR0204037	QGNR01000020.1:4516172-4516483+	QGNR01000022.1:3176783-3177117-	5	25	0	145,150,161,164,167	150,155,166,169,172	1	1,2,3,4,5	23	23	195	5|4|1|3|1|0|2|7|1|0|1|0
GA	Syrmik	LTR	ERVL	DR0204037	QGNR01000020.1:4516172-4516483+	QGNR01000024.1:1935660-1935985+	15	33	0	146,149,150,159,164,167	151,154,155,164,169,172	1	7,8,9,10,11,12	22	22	216	15|2|1|1|0|1|2|6|1|2|1|1
GA	Syrmik	LTR	ERVL	DR0204056	QGNR01000074.1:3040116-3041690+	QGNR01013066.1:0-831+	18	60	0	1390,1391,1415,1420,1449	768,769,793,798,827	1	14,15,16,17,18	60	60	839	18|6|5|2|0|1|8|18|0|0|1|1
GA	Syrmik	LTR	ERVL	DR0204056	QGNR01000074.1:3040116-3041690+	QGNR01000114.1:2149139-2152425+	8	22	0	1390,1391,1415,1420,1449,1465	139,140,164,169,198,214	1	2,3,4,5,6,7	76	76	323	8|6|1|1|1|0|1|4|0|0|0|0
GA	Syrmik	LTR	ERVL	DR0203837	QGNR01000005.1:16186179-16186485-	QGNR01000061.1:5513387-5513727+	12	38	0	31,51,52,61,91,93	30,50,51,60,90,92	1	2,3,4,5,6,7	63	63	240	12|6|2|1|1|3|5|1|2|3|0|2
GA	Syrmik	LTR	ERVL	DR0204076	QGNR01000042.1:2838507-2838888-	QGNR01000163.1:85076-85462-	8	23	0	145,40,41,56,65	131,26,27,42,51	1	1,2,3,4,5	106	106	373	8|4|1|0|1|1|1|3|1|1|0|2
GA	Syrmik	LTR	ERVL	DR0204037	QGNR01000021.1:443992-444275+	QGNR01000024.1:1935660-1935985+	16	33	0	104,106,133,148,151,158,161	104,106,136,151,154,161,164	1	8,9,10,11,12,13,14	61	61	243	16|3|0|1|0|0|1|5|3|3|1|0
GA	Syrmik	LTR	ERVL	DR0204056	QGNR01000076.1:4765835-4766926+	QGNR01000228.1:40817-45261-	8	37	0	127,129,132,140,157	4223,4225,4228,4236,4251	1	4,5,6,7,8	29	29	349	8|3|4|2|2|3|5|7|0|0|2|1
GA	Syrmik	LTR	ERVL	DR0204011	QGNR01000353.1:13960-15624-	QGNR01010729.1:0-926-	20	52	0	373,392,393,420,436	405,424,425,451,467	1	7,8,9,10,11	63	63	894	20|8|0|2|1|2|7|10|1|1|0|0
GA	Syrmik	LTR	ERVL	DR0204056	QGNR01000076.1:4770853-4771007+	QGNR01000181.1:23092-24210+	5	8	0	109,123,129,133,140	317,331,337,341,348	1	1,2,3,4,5	32	32	154	5|0|0|0|0|1|1|0|0|1|0|0
GA	Syrmik	LTR	ERVL	DR0204052	QGNR01000076.1:3694969-3695716-	QGNR01000090.1:1438621-1439400+	15	115	0	295,304,323,324,337	304,316,335,336,360	1	5,6,7,8,9	57	57	763	15|24|4|9|5|9|12|15|4|9|5|4
GA	Syrmik	LTR	ERVL	DR0204058	QGNR01000003.1:12103976-12104309-	QGNR01000054.1:6685824-6686148+	6	14	0	109,115,161,163,164,166	110,116,162,164,165,167	1	1,2,3,4,5,6	58	58	182	6|1|0|2|0|1|1|1|1|1|0|0
GA	Syrmik	LTR	ERVL	DR0203837	QGNR01000006.1:538509-538835-	QGNR01000063.1:281053-281397+	10	34	0	156,165,168,170,171	156,165,168,170,171	1	5,6,7,8,9	16	16	237	10|8|2|2|0|1|7|0|1|3|0|0
GA	Syrmik	LTR	ERVL	DR0204056	QGNR01000076.1:5086052-5089640-	QGNR01001011.1:3794-5306-	25	136	0	105,110,111,114,122	108,113,114,117,127	1	3,4,5,6,7	20	20	1496	25|16|5|1|4|11|30|22|4|9|6|3
GA	Syrmik	LTR	ERVL	DR0204058	QGNR01000003.1:13621972-13622292-	QGNR01003740.1:1051-1373+	10	37	0	157,163,198,208,214	158,164,199,209,215	1	5,6,7,8,9	58	58	321	10|2|2|0|2|4|7|7|2|1|0|0
GA	Syrmik	LTR	ERVL	DR0204058	QGNR01000003.1:13621972-13622292-	QGNR01000022.1:7373766-7374088+	10	37	0	157,163,198,208,214	158,164,199,209,215	1	5,6,7,8,9	58	58	321	10|2|2|0|2|4|7|7|2|1|0|0
GA	Syrmik	LTR	ERVL	DR0204058	QGNR01000003.1:13621972-13622292-	QGNR01000022.1:7372312-7372634+	10	37	0	157,163,198,208,214	158,164,199,209,215	1	5,6,7,8,9	58	58	321	10|2|2|0|2|4|7|7|2|1|0|0
GA	Syrmik	LTR	ERVL	DR0203833	QGNR01000011.1:21522896-21523715+	QGNR01000076.1:3721516-3722348-	19	96	0	249,250,252,258,276,277	245,246,248,254,266,267	1	6,7,8,9,10,11	23	23	815	19|17|3|5|7|1|20|9|6|2|2|5
GA	Syrmik	LTR	ERVL	DR0204052	QGNR01000094.1:1769229-1770019-	QGNR01000173.1:215132-215851-	7	35	0	175,212,239,268,273	122,161,188,217,222	1	1,2,3,4,5	101	101	656	7|7|1|3|0|1|3|8|2|1|2|0
GA	Syrmik	LTR	ERVL	DR0204056	QGNR01000077.1:2513591-2513953+	QGNR01000248.1:49280-54948+	14	47	0	168,169,171,182,187,189	5476,5477,5479,5491,5496,5498	1	8,9,10,11,12,13	23	23	361	14|3|3|2|1|9|0|8|1|3|0|3
GA	Syrmik	LTR	ERVL	DR0204037	QGNR01000023.1:8672422-8672733-	QGNR01000083.1:2689130-2689456-	9	43	0	113,114,135,141,92	110,131,132,153,159	1	2,3,4,5,6	50	50	306	9|11|4|1|1|2|7|3|1|0|2|2
GA	Syrmik	LTR	ERVL	DR0204037	QGNR01000023.1:8672422-8672733-	QGNR01000025.1:1866184-1866524-	11	37	0	144,147,148,161,162	167,170,171,184,185	1	5,6,7,8,9	19	19	227	11|7|1|3|1|1|3|2|4|0|3|1
GA	Syrmik	LTR	ERVL	DR0204011	QGNR01016038.1:0-745-	QGNR01021635.1:0-630+	10	24	0	229,246,277,294,298,323	255,272,303,320,324,349	1	2,3,4,5,6,7	95	95	604	10|3|2|0|1|2|0|2|1|1|1|1
GA	Syrmik	LTR	ERVL	DR0204076	QGNR01000044.1:3805984-3806439-	QGNR01000178.1:130834-131297-	12	28	0	37,86,89,93,99	37,86,89,93,99	1	2,3,4,5,6	63	63	458	12|1|3|2|1|1|1|5|1|1|0|0
GA	Syrmik	LTR	ERVL	DR0203976	QGNR01000019.1:6857010-6857301-	QGNR01014217.1:394-655-	11	32	0	68,70,82,85,86	60,62,74,77,78	1	2,3,4,5,6	19	19	232	11|5|1|1|1|1|2|5|0|2|1|2
GA	Syrmik	LTR	ERVL	DR0204076	QGNR01000044.1:3805984-3806439-	QGNR01000284.1:9550-10173-	8	29	0	108,66,89,93,99	108,66,89,93,99	1	1,2,3,4,5	43	43	430	8|1|1|2|0|0|5|8|1|1|2|0
GA	Syrmik	LTR	ERVL	DR0204076	QGNR01000044.1:3805984-3806439-	QGNR01022634.1:252-613+	9	19	0	108,37,89,93,99	108,37,89,93,99	1	1,2,3,4,5	72	72	356	9|3|1|0|1|0|2|3|0|0|0|0
GA	Syrmik	LTR	ERVL	DR0204076	QGNR01000044.1:3805984-3806439-	QGNR01017717.1:0-367-	9	20	0	118,37,89,93,99	101,107,126,45,97	1	2,3,4,5,6	82	82	350	9|2|1|1|0|1|2|2|0|0|0|2
GA	Syrmik	LTR	ERVL	DR0203833	QGNR01000012.1:6985150-6985939+	QGNR01000022.1:10587715-10588510-	16	92	0	344,347,356,379,381	320,323,332,355,357	1	7,8,9,10,11	38	38	784	16|11|7|7|8|2|15|14|3|2|5|2
GA	Syrmik	LTR	ERVL	DR0204076	QGNR01000044.1:3805984-3806439-	QGNR01015516.1:0-219-	7	14	0	108,37,52,89,93,99	100,106,115,44,59,96	1	2,3,4,5,6,7	72	72	205	7|2|0|1|0|0|1|2|0|0|0|1
GA	Syrmik	LTR	ERVL	DR0204056	QGNR01000085.1:2403410-2404446-	QGNR01000255.1:7495-9819-	15	76	0	619,659,668,672,685	610,650,659,663,676	1	6,7,8,9,10	67	67	1026	15|13|3|4|2|3|18|8|3|2|3|2
GA	Syrmik	LTR	ERVL	DR0204056	QGNR01000085.1:2403410-2404446-	QGNR01000248.1:49280-54948+	16	52	0	157,158,160,176,178,180,182	5476,5477,5479,5492,5494,5496,5498	1	9,10,11,12,13,14,15	23	23	343	16|3|4|3|1|9|1|7|2|2|2|2
GA	Syrmik	LTR	ERVL	DR0204037	QGNR01000024.1:299763-300099+	QGNR01000024.1:1935660-1935985+	12	24	0	42,49,60,78,79,82	42,48,60,78,79,82	1	2,3,4,5,6,7	41	41	209	12|4|1|2|1|0|1|2|1|0|0|0
GA	Syrmik	LTR	ERVL	DR0204056	QGNR01000085.1:2403410-2404446-	QGNR01000466.1:27705-29756+	11	40	0	157,160,180,182,200	1861,1864,1880,1882,1897	1	6,7,8,9,10	37	37	315	11|5|4|3|3|1|3|5|1|2|2|0
GA	Syrmik	LTR	ERVL	DR0204052	QGNR01000099.1:1694802-1695566+	QGNR01000114.1:1637550-1638316+	20	81	0	181,183,185,190,203	118,120,122,128,140	1	3,4,5,6,7	23	23	516	20|17|2|1|5|4|12|10|3|4|1|2
GA	Syrmik	LTR	ERVL	DR0204056	QGNR01000087.1:0-675-	QGNR01000126.1:387591-390416-	14	36	0	18,34,39,49,83	1384,1400,1405,1415,1449	1	1,2,3,4,5	66	66	624	14|6|0|0|0|1|5|5|3|1|1|0
GA	Syrmik	LTR	ERVL	DR0204056	QGNR01000087.1:0-675-	QGNR01000118.1:298897-299839-	10	28	0	34,39,41,49,9	353,378,383,385,393	1	1,2,3,4,5	41	41	597	10|2|1|0|0|0|4|5|3|1|2|0
GA	Syrmik	LTR	ERVL	DR0204056	QGNR01000087.1:0-675-	QGNR01000152.1:718807-720648+	22	67	0	227,236,245,262,280	882,891,900,917,935	1	11,12,13,14,15	54	54	672	22|13|4|2|0|2|7|10|3|0|2|2
GA	Syrmik	LTR	ERVL	DR0204056	QGNR01000087.1:0-675-	QGNR01000114.1:2146786-2148954+	19	53	0	189,192,196,202,212	1382,1385,1389,1395,1405	1	5,6,7,8,9	24	24	661	19|8|0|6|2|0|4|6|5|1|1|1
GA	Syrmik	LTR	ERVL	DR0204037	QGNR01000024.1:2562053-2562381+	QGNR01000025.1:1866184-1866524-	7	38	0	170,171,184,185,186	169,170,184,185,186	1	3,4,5,6,7	18	18	242	7|7|1|7|4|0|3|2|2|2|3|0
GA	Syrmik	LTR	ERVL	DR0203837	QGNR01000006.1:2435099-2435431+	QGNR01000066.1:4480487-4480819-	8	19	0	106,111,113,115,116	105,110,112,114,115	1	2,3,4,5,6	11	11	188	8|0|2|0|1|1|2|3|1|1|0|0
GA	Syrmik	LTR	ERVL	DR0204056	QGNR01000087.1:44651-45010+	QGNR01000248.1:49280-54948+	18	55	0	179,182,184,186,188	5490,5493,5495,5497,5499	1	13,14,15,16,17	10	10	359	18|3|4|1|3|7|1|9|0|4|2|3
GA	Syrmik	LTR	ERVL	DR0204058	QGNR01000003.1:18427767-18428090+	QGNR01000033.1:7715702-7716021-	12	39	0	164,165,166,167,182	164,165,166,167,178	1	5,6,7,8,9	15	15	321	12|9|0|0|1|0|5|5|3|2|1|1
GA	Syrmik	LTR	ERVL	DR0203848	QGNR01000032.1:4366231-4366529+	QGNR01000036.1:5292890-5293237-	14	50	0	106,115,125,61,98	105,115,125,60,97	1	2,3,4,5,6	66	66	282	14|11|2|0|1|3|6|11|0|1|0|1
GA	Syrmik	LTR	ERVL	DR0204056	QGNR01000087.1:169559-170382+	QGNR01000228.1:115485-116385-	17	57	0	215,223,258,261,264	415,423,476,479,482	1	2,3,4,5,6	68	68	692	17|3|8|1|0|1|8|11|3|2|1|2
GA	Syrmik	LTR	ERVL	DR0203833	QGNR01000012.1:7095556-7095991-	QGNR01000076.1:3721516-3722348-	13	52	0	227,228,230,236,254,255	245,246,248,254,266,267	1	6,7,8,9,10,11	23	23	436	13|5|1|2|2|1|11|5|3|2|2|5
GA	Syrmik	LTR	ERVL	DR0204056	QGNR01000088.1:50691-51081-	QGNR01000248.1:49280-54948+	14	50	0	168,169,182,186,188	5476,5477,5492,5496,5498	1	10,11,12,13,14	23	23	360	14|2|4|1|1|9|3|9|1|1|1|4
GA	Syrmik	LTR	ERVL	DR0203876	QGNR01000012.1:7856458-7857306-	QGNR01000068.1:3149755-3150631-	23	93	0	219,243,258,261,266,274	221,244,259,262,267,276	1	9,10,11,12,13,14	56	56	856	23|22|4|2|5|3|9|12|6|5|0|2
GA	Syrmik	LTR	ERVL	DR0203876	QGNR01000012.1:7856458-7857306-	QGNR01000035.1:1100869-1101793-	16	75	0	217,219,243,275,278	270,272,295,324,327	1	2,3,4,5,6	58	58	793	16|7|3|2|0|1|11|13|6|7|4|5
GA	Syrmik	LTR	ERVL	DR0203876	QGNR01000012.1:7856458-7857306-	QGNR01000043.1:1296010-1296715-	13	66	0	219,243,249,253,275	105,109,128,76,99	1	1,2,3,4,5	53	53	705	13|10|2|1|0|4|10|12|4|6|2|2
GA	Syrmik	LTR	ERVL	DR0204037	QGNR01000024.1:11546356-11546694-	QGNR01000066.1:392952-393284-	14	59	0	48,49,52,53,70	50,51,54,55,70	1	1,2,3,4,5	21	21	325	14|9|2|4|5|2|5|12|1|2|1|2
GA	Syrmik	LTR	ERVL	DR0204056	QGNR01000088.1:314722-315038+	QGNR01000233.1:247003-247739+	10	48	0	63,64,66,69,76	100,103,110,97,98	1	3,4,5,6,7	14	14	311	10|1|1|1|4|6|10|7|3|2|2|1
GA	Syrmik	LTR	ERVL	DR0204058	QGNR01000004.1:7166394-7166709-	QGNR01000004.1:19357529-19357846+	8	33	0	133,144,162,199,204	138,149,167,204,209	1	3,4,5,6,7	72	72	313	8|7|3|3|1|1|0|3|1|0|1|5
GA	Syrmik	LTR	ERVL	DR0203976	QGNR01000022.1:8469364-8469701+	QGNR01000083.1:529747-530086+	13	41	0	221,224,227,231,243	223,226,229,233,245	1	6,7,8,9,10	23	23	338	13|12|2|0|0|0|6|4|2|2|0|0
GA	Syrmik	LTR	ERVL	DR0204037	QGNR01000024.1:13457889-13458227-	QGNR01000039.1:10301926-10302262-	11	44	0	107,112,82,85,97	105,110,83,86,95	1	4,5,6,7,8	28	28	336	11|7|3|2|0|0|5|6|2|1|2|5
GA	Syrmik	LTR	ERVL	DR0204037	QGNR01000024.1:13457889-13458227-	QGNR01000025.1:1866184-1866524-	10	45	0	167,170,171,172,185	167,170,171,172,185	1	5,6,7,8,9	19	19	293	10|12|3|5|2|0|3|4|2|1|2|1
GA	Syrmik	LTR	ERVL	DR0204037	QGNR01000024.1:13457889-13458227-	QGNR01000025.1:7738209-7738540-	13	51	0	107,115,149,158,165,172,178	107,115,149,158,166,172,178	1	3,4,5,6,7,8,9	72	72	332	13|11|3|2|1|1|3|9|2|2|2|2
GA	Syrmik	LTR	ERVL	DR0203976	QGNR01000022.1:9099900-9100239-	QGNR01000035.1:2064066-2064404-	16	52	0	223,229,233,244,248	223,229,233,246,253	1	10,11,12,13,14	31	31	318	16|10|1|1|2|0|7|6|4|2|2|1
GA	Syrmik	LTR	ERVL	DR0204058	QGNR01000004.1:8830474-8830788+	QGNR01000006.1:29329151-29329476-	12	30	0	217,222,252,255,290	223,228,258,261,301	1	8,9,10,11,12	79	79	312	12|0|1|3|1|1|3|6|1|0|0|2
GA	Syrmik	LTR	ERVL	DR0203837	QGNR01000006.1:3311158-3311488+	QGNR01000054.1:931615-931951-	11	60	0	23,30,40,42,51	23,30,40,42,51	1	1,2,3,4,5	29	29	303	11|7|1|5|1|4|8|16|0|4|0|3
GA	Syrmik	LTR	ERVL	DR0204037	QGNR01000024.1:13485492-13485831-	QGNR01000029.1:7644451-7644788+	15	56	0	104,106,108,109,110,113	102,104,106,107,108,111	1	2,3,4,5,6,7	10	10	330	15|7|3|2|1|2|2|13|3|3|1|4
GA	Syrmik	LTR	ERVL	DR0204037	QGNR01000024.1:13485492-13485831-	QGNR01000026.1:824623-824967-	8	31	0	104,106,110,111,167	106,108,112,113,172	1	3,4,5,6,7	67	67	252	8|7|1|1|0|2|1|4|3|2|1|1
GA	Syrmik	LTR	ERVL	DR0204037	QGNR01000024.1:13485492-13485831-	QGNR01000269.1:82605-82887-	14	37	0	104,106,109,110,113	106,108,111,112,115	1	5,6,7,8,9	10	10	243	14|4|2|2|1|3|2|2|3|1|1|2
GA	Syrmik	LTR	ERVL	DR0203876	QGNR01000012.1:8502590-8503493-	QGNR01000068.1:3149755-3150631-	16	76	0	304,319,322,327,335	244,259,262,267,276	1	7,8,9,10,11	33	33	787	16|18|2|1|2|2|11|15|2|5|1|1
GA	Syrmik	LTR	ERVL	DR0203884	QGNR01000081.1:2117563-2118109+	QGNR01000153.1:421-963+	6	13	0	447,470,486,496,510	444,467,483,493,507	1	2,3,4,5,6	64	64	290	6|1|0|0|0|0|2|4|0|0|0|0
GA	Syrmik	LTR	ERVL	DR0204056	QGNR01000096.1:1002376-1002733+	QGNR01000181.1:132855-133220+	11	29	0	169,172,177,182,259	171,174,179,184,262	1	7,8,9,10,11	92	92	357	11|1|1|0|0|1|3|11|0|0|0|1
GA	Syrmik	LTR	ERVL	DR0204056	QGNR01000096.1:1002376-1002733+	QGNR01000267.1:51603-52369+	7	31	0	156,169,176,177,178	157,170,179,180,181	1	2,3,4,5,6	25	25	358	7|2|1|0|1|4|2|8|0|2|0|4
GA	Syrmik	LTR	ERVL	DR0204056	QGNR01000096.1:1002376-1002733+	QGNR01000218.1:8528-8895-	9	28	0	153,155,158,160,177	165,167,170,172,185	1	5,6,7,8,9	21	21	337	9|4|0|1|0|2|4|5|0|0|2|1
GA	Syrmik	LTR	ERVL	DR0204056	QGNR01000096.1:1002376-1002733+	QGNR01000181.1:23092-24210+	16	40	0	161,177,178,180,182	173,184,185,187,189	1	8,9,10,11,12	17	17	338	16|1|0|1|0|5|1|8|0|3|3|2
GA	Syrmik	LTR	ERVL	DR0204056	QGNR01000096.1:1002376-1002733+	QGNR01000248.1:49280-54948+	14	44	0	155,156,158,177,178,180,182	5476,5477,5479,5493,5494,5496,5498	1	7,8,9,10,11,12,13	23	23	343	14|2|3|2|0|7|2|9|0|2|1|2
GA	Syrmik	LTR	ERVL	DR0203848	QGNR01000034.1:2215129-2215478+	QGNR01000045.1:2248326-2248679-	13	54	0	161,162,165,168,173	160,161,164,167,171	1	5,6,7,8,9	12	12	350	13|8|5|3|3|2|7|7|2|1|1|2
GA	Syrmik	LTR	ERVL	DR0204056	QGNR01000099.1:1545471-1545659+	QGNR01000122.1:288125-289144-	7	19	0	108,43,51,69,96	721,729,747,774,786	1	2,3,4,5,6	66	66	183	7|1|0|0|1|1|5|1|1|0|1|1
GA	Syrmik	LTR	ERVL	DR0204056	QGNR01000105.1:1488373-1488688+	QGNR01000126.1:387591-390416-	11	31	0	101,110,111,124,92	313,322,331,332,345	1	3,4,5,6,7	33	33	311	11|4|1|0|2|1|5|5|0|1|0|1
GA	Syrmik	LTR	ERVL	DR0204056	QGNR01000105.1:1488373-1488688+	QGNR01000466.1:27705-29756+	7	32	0	120,124,125,141,143	1859,1863,1864,1880,1882	1	2,3,4,5,6	24	24	310	7|6|2|1|2|2|4|5|0|0|3|0
GA	Syrmik	LTR	ERVL	DR0204056	QGNR01000105.1:1488373-1488688+	QGNR01000254.1:21637-22091-	11	37	0	105,111,120,124,125	113,119,128,132,133	1	5,6,7,8,9	21	21	314	11|7|0|0|2|5|1|6|1|1|3|0
GA	Syrmik	LTR	ERVL	DR0204056	QGNR01000105.1:1488373-1488688+	QGNR01000248.1:49280-54948+	12	42	0	123,124,125,136,139,141,143	5477,5478,5479,5491,5494,5496,5498	1	6,7,8,9,10,11,12	22	22	313	12|4|3|1|2|8|2|4|0|2|1|3
GA	Syrmik	LTR	ERVL	DR0204058	QGNR01000004.1:9534155-9534462-	QGNR01000054.1:6685824-6686148+	8	40	0	111,117,163,165,166,168	110,116,162,164,165,167	1	1,2,3,4,5,6	58	58	306	8|10|2|3|0|2|4|7|1|0|0|3
GA	Syrmik	LTR	ERVL	DR0203876	QGNR01000015.1:9540210-9540908-	QGNR01000114.1:2152427-2152818-	16	53	0	270,279,280,289,302	318,327,328,337,350	1	10,11,12,13,14	33	33	347	16|3|3|0|3|1|8|8|2|1|4|4
GA	Syrmik	LTR	ERVL	DR0203833	QGNR01000015.1:16503353-16504151+	QGNR01000075.1:561293-562065-	20	71	0	169,173,184,199,213	167,171,182,197,211	1	4,5,6,7,8	45	45	785	20|12|1|3|6|4|7|11|1|2|1|3
GA	Syrmik	LTR	ERVL	DR0203833	QGNR01000015.1:16503353-16504151+	QGNR01000022.1:10587715-10588510-	20	88	0	353,356,365,388,390	320,323,332,355,357	1	11,12,13,14,15	38	38	785	20|12|5|5|5|1|16|7|3|6|5|3
GA	Syrmik	LTR	ERVL	DR0204056	QGNR01000108.1:77507-77975+	QGNR01001245.1:0-667-	14	38	0	183,187,193,197,205	168,172,178,182,190	1	6,7,8,9,10	23	23	438	14|8|1|0|1|3|7|1|1|1|1|0
GA	Syrmik	LTR	ERVL	DR0203942	QGNR01000051.1:3161415-3161763+	QGNR01000061.1:3609086-3609428-	8	24	0	180,210,212,254,289	174,204,206,248,283	1	4,5,6,7,8	110	110	345	8|1|0|0|0|0|0|0|0|0|0|1
GA	Syrmik	LTR	ERVL	DR0204058	QGNR01000004.1:14505278-14505600+	QGNR01000006.1:17659386-17659708-	11	33	0	220,223,226,233,239	220,223,226,233,239	1	6,7,8,9,10	20	20	322	11|3|2|1|2|0|6|5|1|1|1|0
GA	Syrmik	LTR	ERVL	DR0203876	QGNR01000015.1:10063580-10064455-	QGNR01000033.1:8578369-8579305+	5	17	0	644,647,665,694,703	705,708,726,755,764	1	1,2,3,4,5	60	60	261	5|5|1|0|1|0|0|4|0|1|0|0
GA	Syrmik	LTR	ERVL	DR0204056	QGNR01000114.1:2146786-2148954+	QGNR01000254.1:21637-22091-	11	49	0	145,150,156,165,170,173	108,113,119,128,133,136	1	4,5,6,7,8,9	29	29	410	11|7|1|0|5|6|3|7|2|2|3|2
GA	Syrmik	LTR	ERVL	DR0204037	QGNR01000026.1:824623-824967-	QGNR01000054.1:3053817-3054159-	11	46	0	13,16,23,36,50	13,16,23,36,50	1	1,2,3,4,5	38	38	337	11|7|2|4|0|1|5|8|2|3|0|3
GA	Syrmik	LTR	ERVL	DR0203848	QGNR01000034.1:12639411-12639760+	QGNR01000036.1:5292890-5293237-	12	33	0	106,116,126,61,98	105,115,125,60,97	1	2,3,4,5,6	66	66	292	12|9|0|0|2|6|1|1|1|1|0|0
GA	Syrmik	LTR	ERVL	DR0203848	QGNR01000034.1:12639411-12639760+	QGNR01000061.1:4621720-4622060+	10	30	0	100,106,144,151,155	105,141,148,152,99	1	5,6,7,8,9	54	54	216	10|5|0|3|4|3|1|2|2|0|0|0
GA	Syrmik	LTR	ERVL	DR0204058	QGNR01000004.1:14759029-14759331+	QGNR01000036.1:5790778-5791099-	8	34	0	36,52,62,88,90	107,109,55,71,81	1	1,2,3,4,5	55	55	302	8|3|1|0|0|2|3|8|2|6|1|0
GA	Syrmik	LTR	ERVL	DR0204058	QGNR01000004.1:14759029-14759331+	QGNR01000061.1:3617854-3618171+	8	30	0	31,56,87,90,99	106,109,118,51,75	1	1,2,3,4,5	68	68	294	8|6|0|0|1|1|5|4|2|1|1|1
GA	Syrmik	LTR	ERVL	DR0204076	QGNR01000055.1:3400726-3402451-	QGNR01000151.1:798153-801741+	38	177	0	798,800,803,806,820,836	3154,3156,3159,3162,3176,3192	1	19,20,21,22,23,24	39	39	1187	38|23|4|1|4|5|32|41|4|9|7|9
GA	Syrmik	LTR	ERVL	DR0203837	QGNR01000006.1:14463164-14463493-	QGNR01000131.1:844039-845303+	10	47	0	162,166,170,172,188	162,166,170,172,186	1	5,6,7,8,9	25	25	300	10|7|1|0|3|3|7|9|0|1|3|3
GA	Syrmik	LTR	ERVL	DR0204056	QGNR01000117.1:1075319-1078110-	QGNR01000248.1:49280-54948+	11	43	0	123,124,126,137,140,142	5476,5477,5479,5493,5496,5498	1	6,7,8,9,10,11	23	23	310	11|5|2|1|3|7|3|4|1|3|1|2
GA	Syrmik	LTR	ERVL	DR0204056	QGNR01000117.1:1075319-1078110-	QGNR01001245.1:0-667-	17	61	0	664,710,714,720,724	123,168,172,178,182	1	6,7,8,9,10	60	60	662	17|12|3|1|2|4|13|5|1|0|1|2
GA	Syrmik	LTR	ERVL	DR0204076	QGNR01000058.1:359500-362782-	QGNR01000095.1:217865-220174-	42	228	0	2630,2633,2643,2646,2658	1128,1131,1141,1144,1156	1	24,25,26,27,28	29	29	1649	42|39|10|13|6|5|50|34|7|7|6|9
GA	Syrmik	LTR	ERVL	DR0204076	QGNR01000058.1:359500-362782-	QGNR01000095.1:220225-221682-	51	265	0	1272,1273,1285,1290,1291,1301	1278,1279,1291,1296,1297,1307	1	40,41,42,43,44,45	30	30	1440	51|47|8|14|10|11|50|39|3|11|7|14
GA	Syrmik	LTR	ERVL	DR0204076	QGNR01000058.1:1694524-1695895+	QGNR01000244.1:32660-34216-	31	121	0	105,117,78,80,92	810,812,824,837,849	1	1,2,3,4,5	40	40	821	31|16|2|6|2|4|25|15|3|4|6|7
GA	Syrmik	LTR	ERVL	DR0203884	QGNR01000099.1:281137-281698+	QGNR01000153.1:421-963+	8	25	0	462,485,501,511,525	444,467,483,493,507	1	4,5,6,7,8	64	64	550	8|2|1|0|0|0|3|8|1|0|0|1
GA	Syrmik	LTR	ERVL	DR0203876	QGNR01000016.1:8643822-8644668+	QGNR01000022.1:6679208-6680089+	19	93	0	185,186,195,216,235	236,237,246,267,287	1	4,5,6,7,8	52	52	771	19|17|3|3|2|2|14|19|1|6|3|4
GA	Syrmik	LTR	ERVL	DR0204056	QGNR01000118.1:298897-299839-	QGNR01000152.1:718807-720648+	23	83	0	575,584,593,610,628	882,891,900,917,935	1	12,13,14,15,16	54	54	911	23|19|2|6|2|1|9|13|2|0|2|4
GA	Syrmik	LTR	ERVL	DR0203837	QGNR01000006.1:16458677-16459001-	QGNR01000061.1:5513387-5513727+	13	63	0	41,51,52,61,93	40,50,51,60,92	1	1,2,3,4,5	53	53	323	13|13|1|1|1|4|9|10|4|2|3|2
GA	Syrmik	LTR	ERVL	DR0203884	QGNR01000099.1:1112784-1113320+	QGNR01000114.1:1043500-1044220-	9	45	0	260,268,294,296,319	256,264,290,292,315	1	5,6,7,8,9	60	60	534	9|15|0|3|0|1|4|7|2|1|1|2
GA	Syrmik	LTR	ERVL	DR0204056	QGNR01000121.1:713414-714692-	QGNR01011589.1:172-887-	10	23	0	1172,1174,1237,1242,1244	419,421,484,489,491	1	6,7,8,9,10	73	73	525	10|4|0|1|0|0|4|2|0|1|1|0
GA	Syrmik	LTR	ERVL	DR0204076	QGNR01000058.1:3362991-3366504-	QGNR01000181.1:140063-141984-	51	283	0	1565,1577,1586,1587,1588	1542,1554,1563,1564,1565	1	38,39,40,41,42	24	24	1899	51|49|7|13|15|5|57|51|4|8|12|11
GA	Syrmik	LTR	ERVL	DR0203837	QGNR01000006.1:16458677-16459001-	QGNR01000022.1:15983876-15984200-	12	62	0	40,41,48,51,53,76,93	39,40,46,49,51,74,91	1	3,4,5,6,7,8,9	53	53	306	12|11|1|2|4|3|11|11|2|0|3|2
GA	Syrmik	LTR	ERVL	DR0204056	QGNR01000121.1:713414-714692-	QGNR01000466.1:27705-29756+	12	40	0	156,159,179,181,199	1861,1864,1880,1882,1897	1	7,8,9,10,11	37	37	320	12|3|3|2|4|1|3|6|0|2|2|1
GA	Syrmik	LTR	ERVL	DR0203876	QGNR01000016.1:8664802-8665069-	QGNR01000033.1:10959039-10959886+	8	21	0	125,38,41,48,57	624,627,634,640,705	1	1,2,3,4,5	82	82	263	8|3|1|1|0|1|2|5|0|0|0|0
GA	Syrmik	LTR	ERVL	DR0204076	QGNR01000058.1:3633344-3633587+	QGNR01070669.1:0-301-	5	7	0	134,190,205,215,221	133,148,158,164,77	1	1,2,3,4,5	88	88	181	5|0|0|0|0|0|0|1|1|0|0|0
GA	Syrmik	LTR	ERVL	DR0203876	QGNR01000016.1:8665076-8665350-	QGNR01000114.1:2136632-2137358+	6	17	0	159,184,193,214,215	164,184,193,214,215	1	2,3,4,5,6	52	52	275	6|2|0|1|0|1|4|2|0|0|0|1
GA	Syrmik	LTR	ERVL	DR0204058	QGNR01000004.1:15890192-15890503-	QGNR01000054.1:6685824-6686148+	9	39	0	105,151,153,154,99	110,116,162,164,165	1	1,2,3,4,5	56	56	300	9|5|0|2|1|5|4|7|0|1|3|2
GA	Syrmik	LTR	ERVL	DR0203837	QGNR01000006.1:20175195-20175538-	QGNR01000024.1:12015385-12015715-	11	42	0	61,62,66,72,74	61,62,66,72,74	1	5,6,7,8,9	14	14	255	11|4|3|2|3|2|5|6|2|2|1|1
GA	Syrmik	LTR	ERVL	DR0203833	QGNR01000016.1:7218352-7219183-	QGNR01000022.1:10587715-10588510-	11	81	0	337,354,366,389,391	303,320,332,355,357	1	6,7,8,9,10	55	55	805	11|17|6|4|2|3|12|16|5|1|3|1
GA	Syrmik	LTR	ERVL	DR0204056	QGNR01000122.1:288125-289144-	QGNR01000254.1:21637-22091-	14	42	0	800,806,817,826,831	102,108,119,128,133	1	6,7,8,9,10	32	32	319	14|4|1|1|3|4|1|7|3|1|2|1
GA	Syrmik	LTR	ERVL	DR0204058	QGNR01000004.1:16247653-16247970-	QGNR01000025.1:3016758-3017077-	6	29	0	13,23,30,53,7	13,23,30,53,7	1	1,2,3,4,5	47	47	317	6|5|1|1|2|0|1|5|2|2|4|0
GA	Syrmik	LTR	ERVL	DR0203837	QGNR01000006.1:22387441-22387769-	QGNR01000061.1:5513387-5513727+	8	56	0	100,101,103,91,98	106,113,115,116,118	1	3,4,5,6,7	13	13	286	8|14|2|1|4|2|10|8|1|1|3|2
GA	Syrmik	LTR	ERVL	DR0204076	QGNR01000065.1:6778309-6779369+	QGNR01000476.1:14943-16001+	18	105	0	593,598,616,618,620	742,747,765,767,769	1	7,8,9,10,11	28	28	892	18|17|1|3|3|2|24|23|3|4|2|5
GA	Syrmik	LTR	ERVL	DR0204076	QGNR01000065.1:6778309-6779369+	QGNR01009862.1:577-970-	12	48	0	593,598,616,618,620	57,62,80,82,84	1	2,3,4,5,6	28	28	352	12|4|2|1|1|3|10|10|2|0|2|1
GA	Syrmik	LTR	ERVL	DR0203848	QGNR01000039.1:5949775-5950116+	QGNR01000041.1:1561573-1561918-	11	42	0	167,170,171,172,173	171,174,175,176,177	1	3,4,5,6,7	7	7	308	11|9|2|2|0|0|7|8|0|1|1|1
GA	Syrmik	LTR	ERVL	DR0203976	QGNR01000034.1:3340913-3341256-	QGNR01000151.1:25643-25988+	11	43	0	161,162,163,183,186	165,166,167,187,190	1	4,5,6,7,8	26	26	338	11|7|0|3|3|2|3|5|1|3|3|2
GA	Syrmik	LTR	ERVL	DR0203833	QGNR01000016.1:7406436-7407163+	QGNR01000113.1:323457-324261+	16	78	0	215,224,225,229,231	320,329,330,334,336	1	4,5,6,7,8	17	17	712	16|13|3|3|3|3|16|13|2|4|1|1
GA	Syrmik	LTR	ERVL	DR0203833	QGNR01000016.1:7406436-7407163+	QGNR01000113.1:326262-326869+	14	64	0	215,224,225,229,231	124,133,134,138,140	1	3,4,5,6,7	17	17	617	14|9|3|1|2|1|15|13|2|3|1|0
GA	Syrmik	LTR	ERVL	DR0204037	QGNR01000034.1:13801856-13802191-	QGNR01000039.1:10301926-10302262-	8	38	0	113,62,83,86,98	110,62,83,86,95	1	4,5,6,7,8	49	49	332	8|4|1|2|0|0|3|9|2|0|4|5
GA	Syrmik	LTR	ERVL	DR0204037	QGNR01000034.1:13801856-13802191-	QGNR01000066.1:392952-393284-	15	47	0	50,51,55,61,72	50,51,55,59,70	1	1,2,3,4,5	21	21	322	15|6|3|4|0|0|6|9|0|0|2|2
GA	Syrmik	LTR	ERVL	DR0203837	QGNR01000007.1:91937-92234+	QGNR01000061.1:5513387-5513727+	8	37	0	30,50,59,89,91	30,51,60,90,92	1	1,2,3,4,5	63	63	227	8|5|1|1|1|2|5|8|2|1|1|2
GA	Syrmik	LTR	ERVL	DR0204076	QGNR01000075.1:2028277-2028748+	QGNR01070669.1:0-301-	6	12	0	190,204,205,215,225	133,147,148,158,168	1	2,3,4,5,6	36	36	301	6|3|0|0|0|0|0|1|0|0|0|2
GA	Syrmik	LTR	ERVL	DR0203837	QGNR01000007.1:855197-855517-	QGNR01000019.1:14214777-14215118-	8	39	0	28,31,51,72,76	28,31,51,72,76	1	1,2,3,4,5	49	49	260	8|4|1|5|2|1|3|10|1|1|1|2
GA	Syrmik	LTR	ERVL	DR0204056	QGNR01000169.1:361906-363364-	QGNR01000228.1:115485-116385-	17	50	0	708,726,750,755,797	140,158,183,188,230	1	1,2,3,4,5	91	91	889	17|3|4|2|0|2|7|9|3|1|0|2
GA	Syrmik	LTR	ERVL	DR0203837	QGNR01000007.1:1061471-1061793+	QGNR01000011.1:829631-829976+	9	43	0	160,164,166,169,171	160,164,166,169,171	1	2,3,4,5,6	12	12	249	9|3|1|1|1|3|6|12|1|1|2|3
GA	Syrmik	LTR	ERVL	DR0203833	QGNR01000016.1:8590547-8591355+	QGNR01000076.1:3721516-3722348-	21	102	0	225,226,228,234,253	245,246,248,254,267	1	7,8,9,10,11	23	23	820	21|21|3|4|5|6|14|14|4|1|3|6
GA	Syrmik	LTR	ERVL	DR0203942	QGNR01000067.1:3342459-3342818+	QGNR01000206.1:172837-174204-	9	22	0	164,166,170,172,186	164,166,170,172,186	1	1,2,3,4,5	23	23	355	9|4|0|0|1|0|2|2|1|3|0|0
GA	Syrmik	LTR	ERVL	DR0203976	QGNR01000044.1:1854534-1854916+	QGNR01000206.1:185721-186082-	9	44	0	203,206,218,222,225	169,172,184,188,191	1	1,2,3,4,5	23	23	348	9|13|0|0|1|2|9|7|2|0|1|0
GA	Syrmik	LTR	ERVL	DR0203876	QGNR01000018.1:5808621-5809349+	QGNR01000068.1:3149755-3150631-	15	46	0	260,263,268,273,276,290	259,262,267,272,275,290	1	10,11,12,13,14,15	32	32	334	15|3|0|2|3|5|5|6|4|1|0|2
GA	Syrmik	LTR	ERVL	DR0204056	QGNR01000175.1:105178-106407-	QGNR01000795.1:4351-6845-	17	74	0	332,338,367,378,394	218,224,245,256,272	1	3,4,5,6,7	55	55	1101	17|14|2|4|2|0|12|13|3|0|1|4
GA	Syrmik	LTR	ERVL	DR0204037	QGNR01000039.1:10614050-10614374-	QGNR01000063.1:329711-330052+	8	18	0	108,117,23,53,61,89	108,117,22,52,60,88	1	2,3,4,5,6,7	96	96	170	8|2|0|0|2|1|1|3|0|1|0|0
GA	Syrmik	LTR	ERVL	DR0204056	QGNR01000178.1:176476-178524-	QGNR01006780.1:0-1196-	20	64	0	370,373,432,458,460	204,207,266,292,294	1	4,5,6,7,8	91	91	1176	20|7|1|2|0|3|8|15|1|3|3|1
GA	Syrmik	LTR	ERVL	DR0203876	QGNR01000018.1:5878156-5879012-	QGNR01023166.1:9-605-	17	65	0	623,628,630,636,639	486,491,493,499,502	1	13,14,15,16,17	17	17	569	17|10|0|1|5|2|11|7|1|7|3|1
GA	Syrmik	LTR	ERVL	DR0204037	QGNR01000042.1:2357046-2357381-	QGNR01000066.1:392952-393284-	14	42	0	21,50,51,55,72	21,50,51,55,70	1	2,3,4,5,6	50	50	304	14|4|3|4|1|0|5|5|2|2|2|0
GA	Syrmik	LTR	ERVL	DR0203837	QGNR01000007.1:3295638-3295981-	QGNR01000080.1:1644281-1644605+	12	36	0	193,197,209,211,213,214	192,196,208,210,212,213	1	7,8,9,10,11,12	22	22	277	12|4|0|2|1|0|4|8|2|0|0|3
GA	Syrmik	LTR	ERVL	DR0203837	QGNR01000007.1:3295638-3295981-	QGNR01000011.1:829631-829976+	20	65	0	157,164,166,169,171	157,164,166,169,171	1	7,8,9,10,11	15	15	335	20|6|2|3|1|1|6|16|4|2|0|4
GA	Syrmik	LTR	ERVL	DR0203833	QGNR01000016.1:9018648-9019441-	QGNR01000171.1:14270-15108-	15	99	0	220,222,223,230,236	253,255,256,263,269	1	4,5,6,7,8	17	17	796	15|11|3|7|2|4|18|21|2|5|6|5
GA	Syrmik	LTR	ERVL	DR0203833	QGNR01000016.1:9018648-9019441-	QGNR01000045.1:9330024-9330813+	23	102	0	220,222,223,229,230	243,245,246,252,253	1	9,10,11,12,13	11	11	785	23|15|3|4|5|4|18|17|3|4|4|2
GA	Syrmik	LTR	ERVL	DR0203876	QGNR01000022.1:6679208-6680089+	QGNR01000058.1:4385775-4386668+	18	111	0	25,44,47,55,57	25,44,47,55,57	1	1,2,3,4,5	33	33	887	18|21|6|7|2|5|18|17|6|4|3|4
GA	Syrmik	LTR	ERVL	DR0203876	QGNR01000022.1:6679208-6680089+	QGNR01000099.1:140221-141138+	20	101	0	25,44,45,47,57	25,44,45,47,57	1	1,2,3,4,5	33	33	899	20|20|5|3|1|4|19|16|4|4|1|4
GA	Syrmik	LTR	ERVL	DR0203876	QGNR01000022.1:6679208-6680089+	QGNR01000025.1:5247997-5248914-	20	99	0	25,44,45,47,57	25,44,45,47,57	1	1,2,3,4,5	33	33	899	20|12|3|4|1|4|20|21|5|2|2|5
GA	Syrmik	LTR	ERVL	DR0203833	QGNR01000016.1:9104209-9104986-	QGNR01000043.1:2625823-2626597-	23	143	0	102,105,93,97,99	103,106,108,111,114	1	3,4,5,6,7	12	12	773	23|22|5|4|7|6|15|31|8|9|7|6
GA	Syrmik	LTR	ERVL	DR0203876	QGNR01000022.1:6679208-6680089+	QGNR01000029.1:10876340-10877261-	16	103	0	25,44,47,57,61	25,44,47,57,61	1	1,2,3,4,5	37	37	901	16|21|3|2|3|3|21|19|5|4|2|4
GA	Syrmik	LTR	ERVL	DR0203876	QGNR01000022.1:6679208-6680089+	QGNR01000033.1:11209314-11210236+	30	104	0	658,663,665,671,674	662,667,669,675,678	1	22,23,24,25,26	17	17	769	30|17|3|5|4|4|16|13|4|3|3|2
GA	Syrmik	LTR	ERVL	DR0203876	QGNR01000022.1:6679208-6680089+	QGNR01000178.1:152902-153708-	15	95	0	25,44,47,57,61	28,47,50,60,64	1	1,2,3,4,5	37	37	793	15|13|3|3|1|2|22|19|5|3|4|4
GA	Syrmik	LTR	ERVL	DR0203876	QGNR01000022.1:6679208-6680089+	QGNR01000076.1:5077518-5078201-	22	90	0	25,47,57,61,77	23,45,55,59,75	1	1,2,3,4,5	53	53	677	22|17|6|3|3|3|16|10|1|4|1|4
GA	Syrmik	LTR	ERVL	DR0204076	QGNR01000091.1:1780339-1780813-	QGNR01000244.1:50143-50792+	7	33	0	399,401,402,408,412	391,393,394,400,404	1	2,3,4,5,6	14	14	470	7|6|0|1|1|3|1|10|1|1|1|1
GA	Syrmik	LTR	ERVL	DR0203876	QGNR01000022.1:6679208-6680089+	QGNR01000040.1:2041245-2042208+	16	50	0	25,44,47,55,57,61	25,44,47,55,57,61	1	1,2,3,4,5,6	37	37	392	16|10|1|3|0|1|12|2|1|2|0|2
GA	Syrmik	LTR	ERVL	DR0204076	QGNR01000093.1:373849-380142+	QGNR01000227.1:31460-33514-	31	129	0	1934,1940,1942,1950,1951	242,248,250,258,259	1	11,12,13,14,15	18	18	596	31|18|1|6|13|5|11|26|6|4|2|6
GA	Syrmik	LTR	ERVL	DR0204076	QGNR01000093.1:373849-380142+	QGNR01000097.1:1551777-1555322+	44	228	0	4768,4771,4776,4813,4816,4819	1925,1928,1933,1982,1985,1988	1	16,17,18,19,20,21	64	64	1721	44|39|4|6|6|11|55|29|4|8|6|16
GA	Syrmik	LTR	ERVL	DR0204076	QGNR01000093.1:373849-380142+	QGNR01000181.1:248417-249568-	37	155	0	2783,2790,2808,2827,2828	398,405,423,442,443	1	3,4,5,6,7	46	46	969	37|22|5|2|6|8|20|33|7|7|4|4
GA	Syrmik	LTR	ERVL	DR0204076	QGNR01000093.1:373849-380142+	QGNR01022634.1:252-613+	9	32	0	5992,5995,6021,6025,6031	60,63,89,93,99	1	1,2,3,4,5	40	40	324	9|4|2|1|0|3|2|5|1|2|1|2
GA	Syrmik	LTR	ERVL	DR0204076	QGNR01000093.1:373849-380142+	QGNR01000114.1:1578535-1578995-	7	37	0	5992,5995,6021,6025,6031	60,63,89,93,99	1	1,2,3,4,5	40	40	328	7|5|2|0|0|2|4|9|1|3|2|2
GA	Syrmik	LTR	ERVL	DR0204076	QGNR01000093.1:373849-380142+	QGNR01000211.1:221532-221996+	9	37	0	5992,5995,6021,6025,6031	59,62,88,92,98	1	1,2,3,4,5	40	40	330	9|3|2|0|1|2|5|9|1|2|2|1
GA	Syrmik	LTR	ERVL	DR0204076	QGNR01000093.1:373849-380142+	QGNR01070669.1:0-301-	9	26	0	5992,5995,6021,6025,6031	33,37,4,43,7	1	1,2,3,4,5	40	40	298	9|4|1|0|0|0|1|7|0|2|1|1
GA	Syrmik	LTR	ERVL	DR0204076	QGNR01000093.1:373849-380142+	QGNR01000136.1:429914-430393+	7	34	0	5992,5995,6021,6025,6031	60,63,89,93,99	1	1,2,3,4,5	40	40	327	7|4|4|0|1|3|1|9|1|1|1|2
GA	Syrmik	LTR	ERVL	DR0203833	QGNR01000016.1:9901056-9901876-	QGNR01000076.1:3721516-3722348-	25	115	0	239,240,242,248,266,267	245,246,248,254,266,267	1	7,8,9,10,11,12	23	23	826	25|20|5|6|6|6|15|10|7|4|3|8
GA	Syrmik	LTR	ERVL	DR0203876	QGNR01000022.1:9928118-9929049+	QGNR01000076.1:4617988-4618511-	13	36	0	692,705,708,715,717	288,301,304,311,313	1	2,3,4,5,6	26	26	324	13|3|3|1|2|2|2|4|1|0|1|3
GA	Syrmik	LTR	ERVL	DR0204058	QGNR01000004.1:26372648-26372970-	QGNR01000054.1:6685824-6686148+	12	33	0	158,162,164,165,167	158,162,164,165,167	1	3,4,5,6,7	10	10	323	12|5|2|3|1|0|2|4|0|1|1|2
GA	Syrmik	LTR	ERVL	DR0203837	QGNR01000007.1:6775703-6776038-	QGNR01000059.1:3835416-3835759-	10	38	0	211,213,214,217,222	211,213,214,217,222	1	6,7,8,9,10	12	12	253	10|3|0|3|0|1|7|8|0|2|3|1
GA	Syrmik	LTR	ERVL	DR0204058	QGNR01000004.1:26372648-26372970-	QGNR01000007.1:2842267-2842586-	14	43	0	149,158,167,170,183	149,158,165,168,180	1	5,6,7,8,9	32	32	320	14|7|1|0|1|0|2|12|0|4|2|0
GA	Syrmik	LTR	ERVL	DR0203837	QGNR01000007.1:6800168-6800518+	QGNR01000066.1:4480487-4480819-	8	25	0	107,112,114,116,117	105,110,112,114,115	1	3,4,5,6,7	11	11	189	8|4|2|0|1|1|3|5|1|0|0|0
GA	Syrmik	LTR	ERVL	DR0203833	QGNR01000016.1:13332473-13333268+	QGNR01000076.1:3628767-3629583-	16	72	0	247,248,264,269,281	247,248,259,262,274	1	6,7,8,9,10	28	28	661	16|13|2|4|3|5|15|10|0|0|1|3
GA	Syrmik	LTR	ERVL	DR0203833	QGNR01000016.1:13332473-13333268+	QGNR01000027.1:23166532-23167322+	9	25	0	290,321,326,331,356	282,313,318,323,348	1	5,6,7,8,9	67	67	405	9|2|0|0|1|1|5|6|0|0|1|0
GA	Syrmik	LTR	ERVL	DR0203833	QGNR01000016.1:13332473-13333268+	QGNR01000113.1:323457-324261+	9	41	0	317,326,327,331,333	320,329,330,334,336	1	4,5,6,7,8	17	17	410	9|4|0|1|6|3|9|6|0|1|1|1
GA	Syrmik	LTR	ERVL	DR0203833	QGNR01000016.1:13332473-13333268+	QGNR01000022.1:10587715-10588510-	19	82	0	351,354,363,386,388	320,323,332,355,357	1	12,13,14,15,16	38	38	653	19|15|5|6|2|4|18|8|0|2|2|1
GA	Syrmik	LTR	ERVL	DR0203876	QGNR01000022.1:10413849-10414726+	QGNR01000106.1:404654-405493+	17	91	0	326,328,337,339,340	269,271,280,282,283	1	5,6,7,8,9	15	15	765	17|16|2|2|3|3|14|19|5|3|5|2
GA	Syrmik	LTR	ERVL	DR0204058	QGNR01000004.1:27978417-27978730-	QGNR01000054.1:6685824-6686148+	11	48	0	155,157,158,160,165	162,164,165,167,172	1	3,4,5,6,7	11	11	315	11|10|2|5|0|2|4|11|0|0|1|2
GA	Syrmik	LTR	ERVL	DR0203837	QGNR01000007.1:7301528-7301815-	QGNR01000014.1:11720323-11720669-	10	45	0	65,66,75,85,88	101,104,81,82,91	1	3,4,5,6,7	24	24	278	10|3|6|2|3|0|7|8|0|2|2|2
GA	Syrmik	LTR	ERVL	DR0203876	QGNR01000022.1:10488253-10488658-	QGNR01000076.1:4617988-4618511-	13	43	0	152,166,177,179,182	274,288,299,301,304	1	6,7,8,9,10	31	31	399	13|7|2|2|3|2|5|5|1|1|0|1
GA	Syrmik	LTR	ERVL	DR0203833	QGNR01000016.1:13540252-13541075+	QGNR01000022.1:10587715-10588510-	14	74	0	337,354,366,389,391	303,320,332,355,357	1	6,7,8,9,10	55	55	801	14|17|6|3|3|2|11|8|4|1|4|1
GA	Syrmik	LTR	ERVL	DR0203833	QGNR01000016.1:13540252-13541075+	QGNR01000076.1:3721516-3722348-	22	96	0	249,250,252,258,276,277	245,246,248,254,266,267	1	7,8,9,10,11,12	23	23	827	22|18|3|5|6|1|14|10|5|3|3|6
GA	Syrmik	LTR	ERVL	DR0204076	QGNR01000108.1:1462346-1463736+	QGNR01000111.1:1347613-1349523+	41	192	0	1150,1165,1175,1180,1187	1364,1376,1386,1391,1398	1	31,32,33,34,35	35	35	1361	41|35|5|4|8|4|36|29|11|8|3|8
GA	Syrmik	LTR	ERVL	DR0204076	QGNR01000110.1:752249-752707-	QGNR01015516.1:0-219-	5	11	0	106,23,52,71,92	100,115,30,59,79	1	1,2,3,4,5	86	86	205	5|1|1|2|0|0|0|0|1|0|0|1
GA	Syrmik	LTR	ERVL	DR0203884	QGNR01000220.1:85372-85915-	QGNR01000264.1:100029-100559+	18	59	0	106,124,145,172,93	114,135,166,86,99	1	2,3,4,5,6	81	81	523	18|5|0|0|0|2|5|20|4|1|2|2
GA	Syrmik	LTR	ERVL	DR0204076	QGNR01000112.1:1335169-1335637-	QGNR01000244.1:50143-50792+	6	18	0	396,398,399,405,409	391,393,394,400,404	1	1,2,3,4,5	14	14	217	6|3|0|0|0|1|3|4|0|0|1|0
GA	Syrmik	LTR	ERVL	DR0203876	QGNR01000022.1:11363312-11364083-	QGNR01000068.1:3149755-3150631-	10	23	0	253,313,318,323,326,340	202,262,267,272,275,290	1	5,6,7,8,9,10	89	89	260	10|1|0|1|1|2|4|0|2|1|0|1
GA	Syrmik	LTR	ERVL	DR0204056	QGNR01000206.1:27610-28925+	QGNR01000228.1:40817-45261-	11	36	0	127,129,132,140,155	4223,4225,4228,4236,4251	1	5,6,7,8,9	29	29	295	11|5|1|2|1|4|3|4|0|0|4|1
GA	Syrmik	LTR	ERVL	DR0203833	QGNR01000016.1:14812555-14813355+	QGNR01000022.1:10587715-10588510-	14	62	0	315,332,344,367,369	303,320,332,355,357	1	6,7,8,9,10	55	55	789	14|13|5|1|1|1|3|16|2|1|2|3
GA	Syrmik	LTR	ERVL	DR0203833	QGNR01000016.1:14812555-14813355+	QGNR01000076.1:3721516-3722348-	20	84	0	228,230,236,254,255	246,248,254,266,267	1	7,8,9,10,11	22	22	816	20|13|3|6|4|3|10|10|4|3|2|6
GA	Syrmik	LTR	ERVL	DR0204056	QGNR01000206.1:146620-147924-	QGNR01000820.1:7479-9282-	11	58	0	810,819,823,831,852	216,225,229,237,258	1	1,2,3,4,5	43	43	708	11|9|0|1|1|7|16|5|1|1|3|3
GA	Syrmik	LTR	ERVL	DR0204058	QGNR01000004.1:29073524-29073847+	QGNR01000007.1:2842267-2842586-	13	37	0	149,150,71,75,86	149,150,71,75,86	1	1,2,3,4,5	80	80	321	13|4|0|0|1|0|3|10|2|2|2|0
GA	Syrmik	LTR	ERVL	DR0203876	QGNR01000022.1:11709580-11710425-	QGNR01000029.1:10992366-10993258-	25	107	0	103,107,108,81,99	129,147,151,155,156	1	1,2,3,4,5	28	28	772	25|17|3|2|4|8|13|16|5|4|3|7
GA	Syrmik	LTR	ERVL	DR0203876	QGNR01000022.1:11709580-11710425-	QGNR01000027.1:13086479-13087308+	23	97	0	108,66,67,71,81	115,74,75,79,89	1	1,2,3,4,5	42	42	835	23|17|2|3|6|4|13|12|3|6|5|3
GA	Syrmik	LTR	ERVL	DR0203876	QGNR01000022.1:11709580-11710425-	QGNR01000029.1:10958659-10959425+	18	71	0	103,105,107,108,81	132,154,156,158,159	1	1,2,3,4,5	28	28	650	18|16|1|2|2|3|6|13|2|5|0|3
GA	Syrmik	LTR	ERVL	DR0203876	QGNR01000022.1:11709580-11710425-	QGNR01000122.1:600004-600849+	25	123	0	108,130,66,78,81	109,131,67,79,82	1	2,3,4,5,6	65	65	845	25|19|9|4|6|6|12|10|8|8|7|9
GA	Syrmik	LTR	ERVL	DR0203876	QGNR01000022.1:11709580-11710425-	QGNR01000068.1:2638546-2639412+	22	90	0	108,113,137,81,82	124,66,67,93,98	1	1,2,3,4,5	59	59	662	22|19|6|4|2|4|5|18|2|7|0|1
GA	Syrmik	LTR	ERVL	DR0203876	QGNR01000022.1:11709580-11710425-	QGNR01000090.1:1159206-1160084-	9	27	0	106,108,67,81,84	106,108,67,81,84	1	1,2,3,4,5	42	42	345	9|3|2|1|2|1|4|2|0|0|0|3
GA	Syrmik	LTR	ERVL	DR0204076	QGNR01000114.1:1818545-1819018+	QGNR01070669.1:0-301-	5	9	0	115,133,189,204,214	133,148,158,59,77	1	1,2,3,4,5	100	100	299	5|1|0|0|0|0|0|2|0|1|0|0
GA	Syrmik	LTR	ERVL	DR0204076	QGNR01000114.1:1818545-1819018+	QGNR01000163.1:85076-85462-	6	17	0	115,117,118,133,142	24,26,27,42,51	1	1,2,3,4,5	28	28	352	6|5|0|0|0|0|2|0|0|4|0|0
GA	Syrmik	LTR	ERVL	DR0203837	QGNR01000007.1:13917396-13917736-	QGNR01000023.1:6269596-6269925-	9	35	0	100,107,83,85,97,99	102,80,82,93,95,96	1	2,3,4,5,6,7	23	23	282	9|5|4|0|1|1|3|2|2|3|3|2
GA	Syrmik	LTR	ERVL	DR0204056	QGNR01000206.1:196009-201947-	QGNR01000337.1:16232-18592+	39	221	0	4317,4335,4343,4345,4381	1006,1024,1032,1034,1070	1	13,14,15,16,17	65	65	2133	39|39|9|9|6|22|30|35|9|3|6|14
GA	Syrmik	LTR	ERVL	DR0203976	QGNR01000079.1:65300-65635+	QGNR01000206.1:185721-186082-	8	44	0	168,171,173,183,190	169,172,174,184,191	1	2,3,4,5,6	23	23	325	8|10|0|2|1|2|10|5|2|0|2|2
GA	Syrmik	LTR	ERVL	DR0204076	QGNR01000136.1:268646-269825-	QGNR01000151.1:798153-801741+	39	165	0	124,128,131,136,141	1102,1106,1109,1114,1119	1	3,4,5,6,7	18	18	1146	39|26|5|8|6|10|25|26|5|8|4|3
GA	Syrmik	LTR	ERVL	DR0203876	QGNR01000022.1:11747018-11747521-	QGNR01000076.1:4617988-4618511-	15	62	0	113,126,132,96,99	128,130,142,155,161	1	2,3,4,5,6	34	34	498	15|7|2|2|3|2|5|16|2|2|3|2
GA	Syrmik	LTR	ERVL	DR0204058	QGNR01000004.1:31527731-31528047-	QGNR01000029.1:6376545-6376868-	13	37	0	13,21,23,4,8	13,21,23,4,8	1	1,2,3,4,5	20	20	319	13|8|2|2|0|1|3|3|1|2|2|0
GA	Syrmik	LTR	ERVL	DR0204076	QGNR01000147.1:23705-24857+	QGNR01000186.1:26290-27443-	44	196	0	755,756,759,766,767,776	691,692,695,702,703,712	1	28,29,30,31,32,33	22	22	1040	44|41|7|11|7|12|27|20|7|4|6|10
GA	Syrmik	LTR	ERVL	DR0203976	QGNR01000083.1:529747-530086+	QGNR01000211.1:22131-22453-	9	25	0	163,164,167,170,171	165,166,169,172,173	1	5,6,7,8,9	9	9	214	9|4|5|0|1|1|0|3|1|0|0|1
GA	Syrmik	LTR	ERVL	DR0203976	QGNR01000083.1:529747-530086+	QGNR01002507.1:0-270-	7	26	0	163,165,166,169,170	164,166,167,170,171	1	2,3,4,5,6	8	8	216	7|5|3|0|1|1|2|5|1|0|0|1
GA	Syrmik	LTR	ERVL	DR0204076	QGNR01000155.1:265162-266747-	QGNR01000368.1:42760-43940-	22	100	0	871,891,906,926,934	892,912,927,948,956	1	15,16,17,18,19	65	65	1168	22|11|0|1|3|6|24|19|3|2|7|2
GA	Syrmik	LTR	ERVL	DR0204056	QGNR01000228.1:40817-45261-	QGNR01000248.1:49280-54948+	81	462	0	4256,4267,4270,4272,4274	5473,5490,5493,5495,5497	1	76,77,78,79,80	25	25	4424	81|69|18|18|18|36|67|77|14|11|15|22
GA	Syrmik	LTR	ERVL	DR0203837	QGNR01000008.1:4392890-4393214-	QGNR01000011.1:829631-829976+	13	54	0	153,160,162,165,167	157,164,166,169,171	1	4,5,6,7,8	15	15	297	13|6|3|5|2|3|6|4|5|2|1|4
GA	Syrmik	LTR	ERVL	DR0203884	QGNR01000269.1:27916-28422-	QGNR01026951.1:0-243+	5	14	0	456,457,462,463,464	186,187,192,193,194	1	1,2,3,4,5	9	9	216	5|2|0|3|1|0|0|2|1|0|0|0
GA	Syrmik	LTR	ERVL	DR0204058	QGNR01000004.1:38265578-38265895+	QGNR01003740.1:1051-1373+	10	35	0	106,107,110,160,163	106,107,110,164,167	1	2,3,4,5,6	62	62	319	10|5|2|3|1|1|5|5|1|0|1|1
GA	Syrmik	LTR	ERVL	DR0204058	QGNR01000004.1:38265578-38265895+	QGNR01000022.1:7373766-7374088+	10	35	0	106,107,110,160,163	106,107,110,164,167	1	2,3,4,5,6	62	62	319	10|5|2|3|1|1|5|5|1|0|1|1
GA	Syrmik	LTR	ERVL	DR0204058	QGNR01000004.1:38265578-38265895+	QGNR01000022.1:7372312-7372634+	10	35	0	106,107,110,160,163	106,107,110,164,167	1	2,3,4,5,6	62	62	319	10|5|2|3|1|1|5|5|1|0|1|1
GA	Syrmik	LTR	ERVL	DR0203833	QGNR01000022.1:8560024-8560815+	QGNR01000022.1:10587715-10588510-	17	80	0	354,357,366,389,391	320,323,332,355,357	1	9,10,11,12,13	38	38	517	17|10|6|2|2|3|16|14|0|4|5|1
GA	Syrmik	LTR	ERVL	DR0203876	QGNR01000025.1:1653601-1654472-	QGNR01000037.1:822229-823108-	13	45	0	183,192,194,202,215	234,243,245,253,266	1	3,4,5,6,7	33	33	488	13|9|2|0|2|0|8|7|3|0|0|1
GA	Syrmik	LTR	ERVL	DR0204056	QGNR01000233.1:247003-247739+	QGNR01006780.1:0-1196-	11	28	0	327,337,354,373,376	158,168,185,204,207	1	2,3,4,5,6	50	50	546	11|2|2|1|0|1|4|5|0|0|1|1
GA	Syrmik	LTR	ERVL	DR0204056	QGNR01000233.1:247003-247739+	QGNR01000480.1:0-760-	11	53	0	354,373,376,386,392	163,182,185,195,201	1	2,3,4,5,6	39	39	540	11|9|4|2|2|3|9|7|1|2|1|2
GA	Syrmik	LTR	ERVL	DR0204076	QGNR01000193.1:43344-45434-	QGNR01010965.1:0-913-	23	99	0	818,823,831,856,862,868	679,684,692,717,723,729	1	16,17,18,19,20,21	51	51	910	23|17|2|3|2|3|18|15|3|4|1|8
GA	Syrmik	LTR	ERVL	DR0203837	QGNR01000008.1:8242852-8243184-	QGNR01000060.1:5651114-5651452-	10	47	0	60,71,74,76,84	60,71,74,76,84	1	2,3,4,5,6	25	25	294	10|6|2|1|2|5|6|7|2|3|0|3
GA	Syrmik	LTR	ERVL	DR0204058	QGNR01000004.1:38861819-38862140-	QGNR01000054.1:6685824-6686148+	9	28	0	148,160,162,163,165,182	150,162,164,165,167,184	1	4,5,6,7,8,9	35	35	322	9|3|3|3|1|0|2|1|0|0|3|3
GA	Syrmik	LTR	ERVL	DR0204058	QGNR01000004.1:38861819-38862140-	QGNR01000043.1:2415685-2416005-	12	40	0	148,152,160,168,182	149,153,161,168,182	1	5,6,7,8,9	34	34	319	12|7|2|1|1|1|3|6|0|1|3|3
GA	Syrmik	LTR	ERVL	DR0203837	QGNR01000008.1:8243450-8243723-	QGNR01000060.1:5651114-5651452-	10	46	0	60,71,74,76,84	60,71,74,76,84	1	2,3,4,5,6	25	25	268	10|6|2|1|1|5|6|7|2|3|0|3
GA	Syrmik	LTR	ERVL	DR0203833	QGNR01000022.1:10587715-10588510-	QGNR01000090.1:296872-297681+	15	80	0	436,446,451,455,479	446,456,461,465,498	1	9,10,11,12,13	53	53	794	15|11|3|1|3|1|19|15|5|3|1|2
GA	Syrmik	LTR	ERVL	DR0203833	QGNR01000022.1:10587715-10588510-	QGNR01000093.1:1256813-1257632-	21	108	0	437,455,458,461,464	466,484,487,490,493	1	13,14,15,16,17	28	28	798	21|14|3|4|3|4|26|16|5|4|4|4
GA	Syrmik	LTR	ERVL	DR0203833	QGNR01000022.1:10587715-10588510-	QGNR01000031.1:572207-573024-	23	91	0	435,436,446,455,458	465,466,479,487,490	1	14,15,16,17,18	26	26	746	23|12|4|5|4|4|11|14|3|3|2|6
GA	Syrmik	LTR	ERVL	DR0204076	QGNR01000211.1:160841-161297+	QGNR01017717.1:0-367-	6	27	0	118,124,125,23,80	126,132,133,31,88	1	1,2,3,4,5	103	103	354	6|7|1|3|1|1|3|1|1|2|0|1
GA	Syrmik	LTR	ERVL	DR0204076	QGNR01000211.1:160841-161297+	QGNR01015516.1:0-219-	5	11	0	108,125,23,52,80	115,132,30,59,87	1	1,2,3,4,5	103	103	206	5|0|0|2|0|0|0|0|1|1|0|2
GA	Syrmik	LTR	ERVL	DR0203837	QGNR01000008.1:13625134-13625460-	QGNR01000036.1:7293158-7293491-	10	34	0	115,118,153,165,168	114,117,152,164,167	1	2,3,4,5,6	54	54	283	10|5|0|2|0|2|4|6|2|0|2|1
GA	Syrmik	LTR	ERVL	DR0203837	QGNR01000008.1:13625134-13625460-	QGNR01000025.1:6616725-6617064-	9	39	0	112,115,151,153,156	113,116,152,154,157	1	2,3,4,5,6	45	45	278	9|8|3|2|1|0|7|7|2|0|0|0
GA	Syrmik	LTR	ERVL	DR0203884	QGNR01000284.1:39533-41031-	QGNR01037598.1:0-460-	7	19	0	646,653,657,682,743	165,172,176,201,262	1	2,3,4,5,6	98	98	460	7|2|1|2|0|0|1|3|0|1|0|2
GA	Syrmik	LTR	ERVL	DR0204076	QGNR01000228.1:104148-104600+	QGNR01070669.1:0-301-	5	15	0	133,189,204,214,220	133,148,158,164,77	1	1,2,3,4,5	88	88	300	5|2|1|0|0|0|0|2|1|0|1|3
GA	Syrmik	LTR	ERVL	DR0203833	QGNR01000022.1:10834273-10835078-	QGNR01000076.1:3721516-3722348-	21	98	0	228,230,236,254,255	246,248,254,266,267	1	7,8,9,10,11	22	22	818	21|16|6|4|3|5|17|11|4|4|2|5
GA	Syrmik	LTR	ERVL	DR0204058	QGNR01000004.1:41036268-41036579+	QGNR01000042.1:2830938-2831254+	12	37	0	103,106,107,48,53	103,106,107,48,53	1	1,2,3,4,5	60	60	313	12|6|1|2|1|1|2|7|1|0|1|3
GA	Syrmik	LTR	ERVL	DR0203942	QGNR01000095.1:1296490-1296765-	QGNR01000206.1:172837-174204-	10	18	0	106,78,84,86,90	158,164,166,170,186	1	1,2,3,4,5	29	29	274	10|2|1|0|0|0|1|2|0|2|0|0
GA	Syrmik	LTR	ERVL	DR0204056	QGNR01000255.1:7495-9819-	QGNR01000466.1:27705-29756+	9	26	0	157,160,176,177,178,196	1861,1864,1880,1881,1882,1897	1	4,5,6,7,8,9	37	37	298	9|3|2|1|1|0|1|4|2|1|2|0
GA	Syrmik	LTR	ERVL	DR0204058	QGNR01000004.1:41036268-41036579+	QGNR01000026.1:6852875-6853187+	6	12	0	100,103,106,89,98	100,103,106,89,98	1	2,3,4,5,6	18	18	162	6|4|1|0|1|0|0|0|0|0|0|0
GA	Syrmik	LTR	ERVL	DR0203976	QGNR01000157.1:55724-56040-	QGNR01014217.1:394-655-	10	39	0	105,111,117,120,121	62,68,74,77,78	1	1,2,3,4,5	17	17	260	10|8|3|2|1|3|2|8|0|2|0|0
GA	Syrmik	LTR	ERVL	DR0203876	QGNR01000026.1:9727601-9728497+	QGNR01000029.1:10958659-10959425+	19	94	0	155,156,157,159,160	154,155,156,158,159	1	3,4,5,6,7	6	6	768	19|19|1|4|5|3|13|17|4|4|2|3
GA	Syrmik	LTR	ERVL	DR0203833	QGNR01000022.1:11310086-11310918+	QGNR01000076.1:3721516-3722348-	23	117	0	249,250,252,258,276,277	245,246,248,254,266,267	1	4,5,6,7,8,9	23	23	832	23|21|5|3|7|7|16|15|7|2|4|7
GA	Syrmik	LTR	ERVL	DR0204058	QGNR01000005.1:1548707-1549024-	QGNR01000016.1:14925664-14925990+	12	36	0	169,181,187,208,217	171,186,192,213,222	1	7,8,9,10,11	52	52	299	12|7|1|2|1|1|4|4|0|2|1|1
GA	Syrmik	LTR	ERVL	DR0203876	QGNR01000026.1:9727601-9728497+	QGNR01000040.1:2041245-2042208+	11	42	0	155,156,160,174,181	154,155,159,173,180	1	5,6,7,8,9	27	27	404	11|6|0|1|0|3|7|5|2|3|2|2
GA	Syrmik	LTR	ERVL	DR0203837	QGNR01000008.1:16869160-16869496-	QGNR01000026.1:133270-133610+	11	57	0	104,108,40,65,90	107,111,40,66,91	1	1,2,3,4,5	72	72	330	11|12|4|2|2|3|6|8|1|3|1|4
GA	Syrmik	LTR	ERVL	DR0204056	QGNR01000264.1:123249-125637-	QGNR01000795.1:4351-6845-	31	205	0	1883,1898,1899,1926,1935	1955,1969,1970,1997,2006	1	21,22,23,24,25	52	52	2364	31|33|7|13|8|7|31|38|6|12|12|7
GA	Syrmik	LTR	ERVL	DR0203942	QGNR01000095.1:1325036-1325298-	QGNR01000329.1:33085-34348+	6	16	0	23,4,41,61,75	23,4,41,61,75	1	1,2,3,4,5	72	72	260	6|3|1|2|2|0|0|0|1|1|0|0
GA	Syrmik	LTR	ERVL	DR0203942	QGNR01000095.1:1325036-1325298-	QGNR01000097.1:40009-40367-	6	20	0	18,4,41,61,62	18,4,41,61,62	1	1,2,3,4,5	59	59	258	6|5|0|2|2|1|0|0|3|1|0|0
GA	Syrmik	LTR	ERVL	DR0203833	QGNR01000022.1:15229331-15230137+	QGNR01000043.1:446581-447401+	15	89	0	483,486,501,508,525	490,493,508,515,532	1	9,10,11,12,13	43	43	791	15|16|5|9|7|3|12|13|3|1|2|3
GA	Syrmik	LTR	ERVL	DR0203833	QGNR01000022.1:15229331-15230137+	QGNR01000099.1:12765-13568-	18	103	0	480,483,486,501,508	473,476,479,494,501	1	9,10,11,12,13	29	29	784	18|19|5|8|4|2|17|15|6|2|4|3
GA	Syrmik	LTR	ERVL	DR0203833	QGNR01000022.1:15229331-15230137+	QGNR01000071.1:4945910-4946760-	23	86	0	486,501,507,508,525	524,539,545,546,563	1	16,17,18,19,20	40	40	814	23|6|3|2|1|3|10|24|3|3|5|3
GA	Syrmik	LTR	ERVL	DR0204056	QGNR01000264.1:132411-133889+	QGNR01000466.1:27705-29756+	36	155	0	1001,1002,1017,989,996	1600,1607,1612,1613,1627	1	30,31,32,33,34	28	28	1141	36|26|7|4|4|16|13|23|6|8|3|9
GA	Syrmik	LTR	ERVL	DR0203833	QGNR01000022.1:15229331-15230137+	QGNR01000068.1:2994996-2995793-	19	87	0	462,493,501,507,508,525	456,478,486,492,493,510	1	12,13,14,15,16,17	55	55	787	19|11|2|2|5|1|21|17|2|1|3|3
GA	Syrmik	LTR	ERVL	DR0203833	QGNR01000022.1:15229331-15230137+	QGNR01000076.1:3721516-3722348-	22	111	0	231,233,239,257,258	246,248,254,266,267	1	7,8,9,10,11	22	22	805	22|19|5|4|5|4|19|19|3|2|4|5
GA	Syrmik	LTR	ERVL	DR0203833	QGNR01000022.1:15229331-15230137+	QGNR01000033.1:9300484-9301273+	20	79	0	462,483,486,501,508	499,511,514,529,536	1	9,10,11,12,13	38	38	619	20|12|2|1|3|2|17|13|4|1|3|1
GA	Syrmik	LTR	ERVL	DR0203833	QGNR01000022.1:15341455-15342275+	QGNR01000043.1:1168833-1169634+	15	107	0	347,350,382,384,390	332,335,367,369,375	1	6,7,8,9,10	44	44	805	15|15|4|3|1|6|18|24|7|3|4|7
GA	Syrmik	LTR	ERVL	DR0204076	QGNR01000264.1:14613-14842+	QGNR01070669.1:0-301-	5	7	0	136,192,207,217,223	133,148,158,164,77	1	1,2,3,4,5	88	88	170	5|1|0|0|0|0|0|1|0|0|0|0
GA	Syrmik	LTR	ERVL	DR0204076	QGNR01000284.1:9550-10173-	QGNR01000316.1:59135-59620-	9	30	0	304,343,364,368,375	307,346,374,378,385	1	3,4,5,6,7	79	79	475	9|5|0|0|1|2|4|3|2|2|1|1
GA	Syrmik	LTR	ERVL	DR0203837	QGNR01000009.1:1143021-1143303+	QGNR01000011.1:829631-829976+	11	37	0	160,164,166,169,170,171	160,164,166,169,170,171	1	5,6,7,8,9,10	12	12	229	11|3|0|3|1|1|5|6|0|4|0|3
GA	Syrmik	LTR	ERVL	DR0203837	QGNR01000009.1:1143021-1143303+	QGNR01000082.1:2312975-2313317+	7	33	0	160,164,167,170,171	160,164,167,170,171	1	1,2,3,4,5	12	12	219	7|8|1|1|1|0|4|3|1|4|1|2
GA	Syrmik	LTR	ERVL	DR0203837	QGNR01000009.1:1143021-1143303+	QGNR01000037.1:4425141-4425423+	6	14	0	111,112,51,57,74	112,113,52,58,75	1	2,3,4,5,6	62	62	153	6|2|0|1|0|0|3|0|0|1|0|1
GA	Syrmik	LTR	ERVL	DR0204076	QGNR01000316.1:59135-59620-	QGNR01070669.1:0-301-	6	11	0	189,204,214,220,279	133,148,158,164,225	1	2,3,4,5,6	93	93	300	6|2|0|0|1|0|1|1|0|0|0|0
GA	Syrmik	LTR	ERVL	DR0204056	QGNR01000284.1:3997-7666+	QGNR01036066.1:0-471+	11	25	0	1351,1357,1359,1365,1379	438,444,446,452,466	1	7,8,9,10,11	29	29	465	11|2|2|0|2|0|3|3|2|0|0|0
GA	Syrmik	LTR	ERVL	DR0203876	QGNR01000027.1:4828070-4828298+	QGNR01000114.1:2002269-2003047+	11	23	0	25,32,34,39,40,41	168,176,178,183,184,185	1	1,2,3,4,5,6	18	18	214	11|4|1|1|2|0|3|0|0|0|1|0
GA	Syrmik	LTR	ERVL	DR0203876	QGNR01000027.1:4828070-4828298+	QGNR01000071.1:4895412-4896238+	12	33	0	25,31,39,40,52,63	167,174,182,183,195,206	1	1,2,3,4,5,6	40	40	224	12|3|2|2|0|1|6|4|1|0|1|1
GA	Syrmik	LTR	ERVL	DR0203942	QGNR01000097.1:2070-2315+	QGNR01000135.1:432195-432549-	8	23	0	106,108,112,114,119	216,218,222,224,229	1	2,3,4,5,6	14	14	237	8|4|1|0|1|0|2|2|2|0|0|3
GA	Syrmik	LTR	ERVL	DR0204056	QGNR01000284.1:44739-45793+	QGNR01006780.1:0-1196-	15	54	0	359,362,416,447,449	204,207,261,292,294	1	2,3,4,5,6	91	91	877	15|11|1|1|0|2|5|8|2|2|4|3
GA	Syrmik	LTR	ERVL	DR0204076	QGNR01000377.1:10715-13417+	QGNR01000424.1:12089-13805+	45	145	0	1216,1217,1255,1260,1261	185,186,226,231,232	1	13,14,15,16,17	48	48	1226	45|28|8|2|10|9|10|13|7|5|2|6
GA	Syrmik	LTR	ERVL	DR0204056	QGNR01000303.1:5232-5946-	QGNR01006780.1:0-1196-	9	27	0	336,346,372,375,386	168,178,204,207,218	1	3,4,5,6,7	51	51	527	9|5|0|2|0|1|2|6|0|0|1|1
GA	Syrmik	LTR	ERVL	DR0204056	QGNR01000303.1:5232-5946-	QGNR01000480.1:0-760-	11	56	0	346,372,375,385,386,391	156,182,185,195,196,201	1	2,3,4,5,6,7	46	46	524	11|12|3|3|2|3|8|7|2|2|1|2
GA	Syrmik	LTR	ERVL	DR0203833	QGNR01000025.1:10550368-10550669+	QGNR01000038.1:894442-895240-	7	21	0	28,31,38,45,89	523,526,533,540,584	1	1,2,3,4,5	62	62	298	7|7|0|0|0|0|4|2|0|1|0|0
GA	Syrmik	LTR	ERVL	DR0203876	QGNR01000027.1:13086479-13087308+	QGNR01000029.1:10992366-10993258-	19	80	0	106,110,114,120,124	147,151,155,161,165	1	1,2,3,4,5	19	19	764	19|10|1|3|4|3|15|13|3|3|5|1
GA	Syrmik	LTR	ERVL	DR0203837	QGNR01000009.1:5950477-5950821+	QGNR01000022.1:10505858-10506178-	7	37	0	10,16,28,31,34,7	10,16,28,31,34,7	1	1,2,3,4,5,6	28	28	289	7|6|1|3|0|0|7|6|2|1|2|2
GA	Syrmik	LTR	ERVL	DR0203876	QGNR01000027.1:13086479-13087308+	QGNR01000029.1:10958659-10959425+	13	58	0	110,112,114,120,124	154,156,158,164,168	1	1,2,3,4,5	15	15	640	13|9|1|2|2|0|11|10|3|3|2|2
GA	Syrmik	LTR	ERVL	DR0203833	QGNR01000027.1:2157127-2157955-	QGNR01000113.1:323457-324261+	14	79	0	320,329,330,334,336	320,329,330,334,336	1	4,5,6,7,8	17	17	809	14|12|1|2|5|6|15|14|1|2|4|3
GA	Syrmik	LTR	ERVL	DR0204058	QGNR01000005.1:18295237-18295554-	QGNR01000033.1:7715702-7716021-	10	48	0	159,165,166,167,179	158,164,165,166,178	1	4,5,6,7,8	21	21	317	10|8|1|1|3|5|4|12|1|2|0|1
GA	Syrmik	LTR	ERVL	DR0203833	QGNR01000027.1:2157127-2157955-	QGNR01000075.1:3311186-3311999-	21	89	0	683,690,725,733,734	667,674,710,718,719	1	16,17,18,19,20	53	53	820	21|10|3|5|2|1|15|17|2|1|7|5
GA	Syrmik	LTR	ERVL	DR0203876	QGNR01000027.1:22992018-22992855+	QGNR01000068.1:3251199-3252137-	12	53	0	784,785,790,793,796	871,872,877,880,883	1	8,9,10,11,12	13	13	517	12|9|1|3|0|1|9|10|2|0|4|2
GA	Syrmik	LTR	ERVL	DR0203833	QGNR01000027.1:4716097-4716904+	QGNR01000076.1:3721516-3722348-	23	93	0	224,227,233,251,252	245,248,254,266,267	1	7,8,9,10,11	23	23	804	23|14|1|3|3|6|15|8|7|4|2|7
GA	Syrmik	LTR	ERVL	DR0204056	QGNR01000337.1:16232-18592+	QGNR01000820.1:7479-9282-	22	151	0	1002,940,960,969,973,981	196,216,225,229,237,258	1	2,3,4,5,6,7	63	63	1553	22|22|3|2|4|15|32|19|6|8|4|14
GA	Syrmik	LTR	ERVL	DR0203837	QGNR01000009.1:6440623-6440992+	QGNR01000019.1:14214777-14215118-	9	31	0	28,31,66,72,76	28,31,66,72,76	1	1,2,3,4,5	49	49	227	9|5|3|1|0|0|5|5|2|1|0|0
GA	Syrmik	LTR	ERVL	DR0203837	QGNR01000009.1:6440623-6440992+	QGNR01000061.1:5513387-5513727+	9	30	0	31,52,61,66,93	30,51,60,65,92	1	1,2,3,4,5	63	63	219	9|4|2|1|1|1|4|4|1|1|1|1
GA	Syrmik	LTR	ERVL	DR0203833	QGNR01000027.1:4811865-4812328-	QGNR01000090.1:296872-297681+	6	40	0	109,119,124,128,149	446,456,461,465,495	1	2,3,4,5,6	50	50	467	6|8|1|0|1|1|4|14|0|2|2|1
GA	Syrmik	LTR	ERVL	DR0203876	QGNR01000029.1:3652925-3653702-	QGNR01000033.1:10959039-10959886+	9	33	0	549,551,554,561,567	622,624,627,634,640	1	4,5,6,7,8	19	19	418	9|4|2|3|1|1|3|5|1|1|1|2
GA	Syrmik	LTR	ERVL	DR0203876	QGNR01000029.1:3652925-3653702-	QGNR01000076.1:4617988-4618511-	12	41	0	524,538,549,551,554,561,563	274,288,299,301,304,311,313	1	4,5,6,7,8,9,10	40	40	414	12|5|2|3|3|2|4|5|1|1|0|2
GA	Syrmik	LTR	ERVL	DR0203837	QGNR01000009.1:6509140-6509483-	QGNR01000023.1:3614544-3614868+	9	41	0	107,108,109,125,129	107,108,109,125,129	1	2,3,4,5,6	23	23	319	9|2|3|2|1|0|7|11|2|2|0|2
GA	Syrmik	LTR	ERVL	DR0203837	QGNR01000009.1:6509140-6509483-	QGNR01000061.1:5513387-5513727+	19	59	0	107,109,116,117,119	106,108,115,116,118	1	6,7,8,9,10	13	13	337	19|9|2|3|4|3|4|8|1|2|2|2
GA	Syrmik	LTR	ERVL	DR0203837	QGNR01000009.1:6509140-6509483-	QGNR01000036.1:1285391-1285722+	9	31	0	107,109,125,129,141	107,109,126,130,142	1	2,3,4,5,6	36	36	249	9|3|0|4|1|2|3|5|3|1|0|0
GA	Syrmik	LTR	ERVL	DR0203837	QGNR01000009.1:6509140-6509483-	QGNR01000024.1:6460365-6460707+	17	63	0	124,125,129,141,152,166,169,171	123,124,128,140,151,165,168,170	1	6,7,8,9,10,11,12,13	48	48	330	17|11|1|7|4|1|5|8|2|4|0|3
GA	Syrmik	LTR	ERVL	DR0203837	QGNR01000009.1:6509140-6509483-	QGNR01000085.1:1092278-1092604+	13	59	0	107,109,117,125,129	107,109,117,125,129	1	4,5,6,7,8	23	23	323	13|8|0|6|1|1|7|15|3|4|0|1
GA	Syrmik	LTR	ERVL	DR0203837	QGNR01000009.1:6509140-6509483-	QGNR01000025.1:6616725-6617064-	15	57	0	109,113,116,125,129	109,113,116,125,129	1	3,4,5,6,7	21	21	341	15|10|5|5|2|1|3|10|2|2|0|2
GA	Syrmik	LTR	ERVL	DR0203837	QGNR01000009.1:6509140-6509483-	QGNR01000011.1:829631-829976+	18	64	0	157,164,166,169,171	157,164,166,169,171	1	8,9,10,11,12	15	15	344	18|6|4|4|2|0|4|14|4|4|1|3
GA	Syrmik	LTR	ERVL	DR0203837	QGNR01000009.1:6509140-6509483-	QGNR01000070.1:5240168-5240504-	11	57	0	109,125,129,141,152	108,124,128,135,146	1	2,3,4,5,6	39	39	322	11|9|4|3|3|0|7|16|1|2|1|0
GA	Syrmik	LTR	ERVL	DR0203837	QGNR01000009.1:6509140-6509483-	QGNR01000015.1:416439-416749+	7	24	0	107,109,112,125,129	105,107,110,123,127	1	2,3,4,5,6	23	23	214	7|1|1|2|2|1|2|4|3|1|0|0
GA	Syrmik	LTR	ERVL	DR0203837	QGNR01000009.1:6509140-6509483-	QGNR01000009.1:10974200-10974526-	10	38	0	109,125,129,141,171,172	109,125,129,140,170,171	1	4,5,6,7,8,9	63	63	251	10|3|2|3|3|1|2|7|2|1|3|1
GA	Syrmik	LTR	ERVL	DR0203833	QGNR01000027.1:8654654-8655266+	QGNR01000113.1:323457-324261+	17	83	0	316,326,328,330,332	320,330,332,334,336	1	6,7,8,9,10	17	17	608	17|9|0|3|10|6|10|15|4|5|2|2
GA	Syrmik	LTR	ERVL	DR0203833	QGNR01000027.1:8654654-8655266+	QGNR01000040.1:1808489-1809332+	13	52	0	326,328,330,332,350	329,331,333,335,353	1	8,9,10,11,12	25	25	409	13|10|0|4|2|3|4|9|1|1|2|3
GA	Syrmik	LTR	ERVL	DR0203876	QGNR01000029.1:6443500-6444344+	QGNR01000068.1:3149755-3150631-	14	32	0	261,264,269,277,278,291	259,262,267,275,276,290	1	9,10,11,12,13,14	32	32	308	14|2|0|1|5|1|5|2|2|0|0|0
GA	Syrmik	LTR	ERVL	DR0203833	QGNR01000027.1:8921050-8921874-	QGNR01000206.1:61533-62235+	22	97	0	106,108,110,117,118	101,103,105,112,113	1	3,4,5,6,7	13	13	698	22|18|1|5|3|5|8|15|4|7|7|2
GA	Syrmik	LTR	ERVL	DR0204058	QGNR01000006.1:2183399-2183727+	QGNR01000023.1:3761866-3762185+	8	42	0	233,234,241,250,266,268	222,223,230,238,254,256	1	2,3,4,5,6,7	35	35	322	8|7|0|2|1|1|6|13|2|0|1|1
GA	Syrmik	LTR	ERVL	DR0203837	QGNR01000009.1:7088721-7089056-	QGNR01000019.1:14214777-14215118-	12	48	0	16,28,31,51,72	16,28,31,51,72	1	1,2,3,4,5	57	57	338	12|6|4|2|1|2|4|10|1|1|2|3
GA	Syrmik	LTR	ERVL	DR0203876	QGNR01000029.1:10876340-10877261-	QGNR01000068.1:3602035-3603021+	29	135	0	66,81,82,84,99	66,81,82,84,99	1	1,2,3,4,5	34	34	810	29|19|2|6|9|8|9|23|9|6|6|9
GA	Syrmik	LTR	ERVL	DR0203942	QGNR01000117.1:94547-94918+	QGNR01000135.1:432195-432549-	9	27	0	217,219,225,226,230	216,218,224,225,229	1	3,4,5,6,7	14	14	348	9|8|1|0|1|0|2|2|1|0|0|3
GA	Syrmik	LTR	ERVL	DR0204056	QGNR01001120.1:3901-5502-	QGNR01013066.1:0-831+	14	40	0	440,441,458,472,478	768,769,786,800,806	1	9,10,11,12,13	39	39	477	14|6|2|1|0|2|4|7|1|1|0|2
GA	Syrmik	LTR	ERVL	DR0203837	QGNR01000009.1:7429917-7430241+	QGNR01000011.1:13450182-13450513-	13	56	0	11,29,32,40,73	11,31,34,42,75	1	1,2,3,4,5	65	65	322	13|10|3|2|2|1|10|5|1|2|0|7
GA	Syrmik	LTR	ERVL	DR0203837	QGNR01000009.1:7429917-7430241+	QGNR01000061.1:5513387-5513727+	11	27	0	29,49,50,59,73	30,50,51,60,74	1	1,2,3,4,5	45	45	202	11|3|1|0|1|0|3|2|1|2|2|1
GA	Syrmik	LTR	ERVL	DR0203837	QGNR01000009.1:7429917-7430241+	QGNR01000019.1:14214777-14215118-	9	30	0	26,29,49,70,73,74	28,31,51,72,75,76	1	2,3,4,5,6,7	49	49	227	9|5|3|1|1|0|4|4|0|3|0|0
GA	Syrmik	LTR	ERVL	DR0203837	QGNR01000009.1:7429917-7430241+	QGNR01000022.1:10505858-10506178-	7	22	0	26,29,32,70,73	28,31,34,72,75	1	2,3,4,5,6	48	48	190	7|1|2|1|1|0|4|2|1|1|1|1
GA	Syrmik	LTR	ERVL	DR0203833	QGNR01000027.1:22587732-22588571+	QGNR01000056.1:1416015-1416848+	16	75	0	274,284,286,325,326	278,288,290,329,330	1	6,7,8,9,10	53	53	835	16|10|5|2|2|4|11|20|0|2|1|2
GA	Syrmik	LTR	ERVL	DR0203833	QGNR01000027.1:22587732-22588571+	QGNR01000122.1:982045-982877+	16	74	0	274,284,286,320,325	278,288,290,324,329	1	5,6,7,8,9	52	52	828	16|12|2|1|3|5|8|17|3|2|3|2
GA	Syrmik	LTR	ERVL	DR0203833	QGNR01000027.1:22587732-22588571+	QGNR01000045.1:8975396-8976221+	16	76	0	274,284,288,316,332	275,285,289,317,333	1	5,6,7,8,9	59	59	831	16|10|1|0|2|5|11|23|1|3|2|2
GA	Syrmik	LTR	ERVL	DR0203833	QGNR01000027.1:22587732-22588571+	QGNR01000397.1:7652-8302-	15	65	0	274,279,282,284,316,325	271,276,279,281,313,322	1	4,5,6,7,8,9	52	52	652	15|10|2|1|1|6|5|10|1|5|6|3
GA	Syrmik	LTR	ERVL	DR0203833	QGNR01000027.1:22587732-22588571+	QGNR01000033.1:11615333-11616147+	13	80	0	268,274,284,286,289	250,256,266,268,271	1	3,4,5,6,7	22	22	825	13|11|2|2|1|4|13|24|2|2|2|4
GA	Syrmik	LTR	ERVL	DR0203833	QGNR01000027.1:22587732-22588571+	QGNR01000113.1:323457-324261+	17	87	0	284,316,325,326,332	288,320,329,330,336	1	6,7,8,9,10	49	49	814	17|11|1|2|5|7|12|23|0|5|2|2
GA	Syrmik	LTR	ERVL	DR0203833	QGNR01000027.1:22587732-22588571+	QGNR01000027.1:23368532-23369307+	18	84	0	274,284,286,315,325	278,288,290,319,329	1	6,7,8,9,10	52	52	692	18|9|5|1|2|5|9|23|4|4|1|3
GA	Syrmik	LTR	ERVL	DR0203833	QGNR01000027.1:22587732-22588571+	QGNR01000027.1:23166532-23167322+	20	78	0	284,289,320,325,344,355	277,282,313,318,337,348	1	7,8,9,10,11,12	72	72	813	20|8|1|4|1|7|8|18|4|3|2|2
GA	Syrmik	LTR	ERVL	DR0203833	QGNR01000027.1:22587732-22588571+	QGNR01000058.1:4758326-4759167+	19	81	0	274,284,286,321,325,344	273,283,285,320,324,343	1	6,7,8,9,10,11	71	71	727	19|9|3|2|4|8|7|19|0|6|0|4
GA	Syrmik	LTR	ERVL	DR0203833	QGNR01000027.1:22587732-22588571+	QGNR01000064.1:1674359-1675155-	20	100	0	263,278,282,284,285	234,248,252,255,256	1	6,7,8,9,10	23	23	812	20|14|5|2|4|5|16|22|2|3|4|3
GA	Syrmik	LTR	ERVL	DR0203833	QGNR01000027.1:22587732-22588571+	QGNR01000105.1:46203-47016-	20	122	0	245,246,274,284,285	243,244,270,280,281	1	6,7,8,9,10	39	39	824	20|30|4|1|4|7|13|32|0|5|2|4
GA	Syrmik	LTR	ERVL	DR0204058	QGNR01000006.1:8977608-8977931+	QGNR01000054.1:6685824-6686148+	5	21	0	116,162,164,165,167	116,162,164,165,167	1	1,2,3,4,5	52	52	323	5|4|0|1|0|0|3|4|0|1|1|2
GA	Syrmik	LTR	ERVL	DR0203876	QGNR01000029.1:11153034-11153677+	QGNR01000408.1:43737-44609-	14	27	0	486,513,555,559,582	573,600,641,645,668	1	9,10,11,12,13	96	96	399	14|6|0|1|1|1|1|1|1|1|0|0
GA	Syrmik	LTR	ERVL	DR0203837	QGNR01000009.1:12765148-12765515-	QGNR01000061.1:5513387-5513727+	9	39	0	107,114,116,117,119	106,113,115,116,118	1	5,6,7,8,9	13	13	226	9|6|1|2|2|3|7|4|2|1|2|0
GA	Syrmik	LTR	ERVL	DR0203876	QGNR01000031.1:7562324-7563238-	QGNR01000050.1:5185988-5186894-	12	79	0	122,128,159,66,81	122,128,159,66,81	1	3,4,5,6,7	94	94	910	12|15|2|5|1|1|16|14|8|1|1|3
GA	Syrmik	LTR	ERVL	DR0203837	QGNR01000009.1:13626840-13627152-	QGNR01000025.1:2596345-2596684+	6	37	0	105,108,113,120,160	107,111,116,123,163	1	2,3,4,5,6	57	57	238	6|5|3|2|2|0|8|3|0|5|2|1
GA	Syrmik	LTR	ERVL	DR0203837	QGNR01000009.1:14020241-14020583-	QGNR01000024.1:486125-486470-	9	48	0	213,268,274,281,287,288	212,270,276,283,289,290	1	4,5,6,7,8,9	79	79	343	9|3|1|5|2|2|10|8|0|3|3|2
GA	Syrmik	LTR	ERVL	DR0203837	QGNR01000009.1:14020241-14020583-	QGNR01000046.1:6170759-6171099+	16	58	0	249,253,264,268,274	247,251,262,266,272	1	9,10,11,12,13	26	26	335	16|11|1|0|1|2|8|10|1|2|2|4
GA	Syrmik	LTR	ERVL	DR0204058	QGNR01000006.1:17659386-17659708-	QGNR01000016.1:18224643-18224965+	6	28	0	138,155,165,171,172	138,155,164,171,172	1	1,2,3,4,5	35	35	322	6|5|0|0|1|0|4|7|0|3|2|0
GA	Syrmik	LTR	ERVL	DR0204058	QGNR01000006.1:17659386-17659708-	QGNR01000054.1:6685824-6686148+	9	35	0	116,155,162,164,165,172	116,155,162,164,165,172	1	2,3,4,5,6,7	57	57	323	9|7|0|1|1|2|4|4|0|2|3|2
GA	Syrmik	LTR	ERVL	DR0204058	QGNR01000006.1:17659386-17659708-	QGNR01000007.1:2842267-2842586-	11	43	0	149,155,170,172,182	149,155,168,170,180	1	4,5,6,7,8	32	32	320	11|6|0|0|1|1|5|10|1|6|2|0
GA	Syrmik	LTR	ERVL	DR0203837	QGNR01000009.1:16079977-16080313-	QGNR01000045.1:3786415-3786756-	9	28	0	103,114,88,91,95	104,118,88,91,95	1	2,3,4,5,6	31	31	230	9|2|2|2|2|1|2|3|2|0|1|2
GA	Syrmik	LTR	ERVL	DR0203833	QGNR01000029.1:10942726-10943552-	QGNR01000076.1:3721516-3722348-	27	116	0	227,228,230,236,254,255	245,246,248,254,266,267	1	8,9,10,11,12,13	23	23	829	27|18|4|4|7|4|18|11|5|5|5|8
GA	Syrmik	LTR	ERVL	DR0203833	QGNR01000029.1:10942726-10943552-	QGNR01000206.1:61533-62235+	26	89	0	100,102,104,105,125	101,103,105,106,135	1	5,6,7,8,9	35	35	701	26|9|0|6|4|1|10|15|1|9|6|2
GA	Syrmik	LTR	ERVL	DR0203837	QGNR01000009.1:16271984-16272295-	QGNR01000066.1:4480487-4480819-	6	16	0	112,114,116,117,82	110,112,114,115,82	1	2,3,4,5,6	34	34	166	6|0|0|1|1|1|3|4|0|0|0|0
GA	Syrmik	LTR	ERVL	DR0204056	QGNR01030571.1:0-517+	QGNR01036066.1:0-471+	7	9	0	136,142,144,150,164	438,444,446,452,466	1	3,4,5,6,7	29	29	168	7|0|0|0|0|1|1|0|0|0|0|0
GA	Syrmik	LTR	ERVL	DR0203876	QGNR01000033.1:8176624-8177525-	QGNR01000037.1:822229-823108-	20	108	0	228,237,239,247,260	234,243,245,253,266	1	7,8,9,10,11	33	33	871	20|15|4|4|4|7|12|19|7|5|4|7
GA	Syrmik	LTR	ERVL	DR0203833	QGNR01000029.1:11297953-11298766-	QGNR01000038.1:894442-895240-	24	97	0	511,536,539,546,553	498,523,526,533,540	1	16,17,18,19,20	43	43	794	24|17|6|8|1|1|18|16|0|3|1|2
GA	Syrmik	LTR	ERVL	DR0203833	QGNR01000029.1:11297953-11298766-	QGNR01000105.1:46203-47016-	22	110	0	218,219,224,242,243,258,282	215,216,225,243,244,259,281	1	5,6,7,8,9,10,11	67	67	800	22|29|4|2|3|2|20|23|1|3|0|1
GA	Syrmik	LTR	ERVL	DR0203876	QGNR01000033.1:8356370-8357268-	QGNR01000068.1:3602035-3603021+	26	104	0	66,81,82,84,98	66,81,82,84,99	1	2,3,4,5,6	34	34	794	26|16|5|3|10|4|10|13|2|6|2|7
GA	Syrmik	LTR	ERVL	DR0204058	QGNR01000006.1:24267713-24268035+	QGNR01000033.1:7715702-7716021-	14	54	0	164,165,166,167,181	164,165,166,167,178	1	5,6,7,8,9	15	15	320	14|10|0|1|1|9|4|9|3|2|1|0
GA	Syrmik	LTR	ERVL	DR0203833	QGNR01000031.1:8460978-8461812-	QGNR01000045.1:9330024-9330813+	12	35	0	239,250,251,257,275,276	240,252,253,259,277,278	1	7,8,9,10,11,12	39	39	325	12|6|0|2|5|1|5|3|0|1|0|0
GA	Syrmik	LTR	ERVL	DR0203942	QGNR01000193.1:309694-311346-	QGNR01000194.1:33267-34413-	20	99	0	762,774,775,790,811	729,741,742,758,779	1	12,13,14,15,16	51	51	1146	20|14|5|3|0|2|16|22|2|3|4|8
GA	Syrmik	LTR	ERVL	DR0203837	QGNR01000011.1:5435797-5436115-	QGNR01000041.1:6231234-6231556-	7	44	0	165,167,170,172,173	164,166,168,170,171	1	2,3,4,5,6	8	8	295	7|7|3|3|1|3|3|8|2|3|1|3
GA	Syrmik	LTR	ERVL	DR0203833	QGNR01000033.1:8605829-8606666+	QGNR01000038.1:894442-895240-	12	43	0	257,275,283,312,323	254,272,280,309,320	1	8,9,10,11,12	67	67	475	12|6|2|5|1|2|5|7|1|1|0|1
GA	Syrmik	LTR	ERVL	DR0203833	QGNR01000033.1:8605829-8606666+	QGNR01000076.1:3721516-3722348-	26	110	0	230,231,239,257,258	245,246,254,266,267	1	11,12,13,14,15	23	23	834	26|18|3|7|8|5|11|18|3|4|2|5
GA	Syrmik	LTR	ERVL	DR0203837	QGNR01000011.1:7135952-7136288-	QGNR01000020.1:1820199-1820529+	14	42	0	165,166,170,171,180	164,165,169,170,179	1	5,6,7,8,9	16	16	238	14|3|1|0|1|4|4|5|3|5|1|1
GA	Syrmik	LTR	ERVL	DR0203837	QGNR01000011.1:7135952-7136288-	QGNR01000011.1:13206338-13206657-	11	43	0	165,166,170,171,185	165,166,170,171,185	1	6,7,8,9,10	21	21	239	11|6|2|1|2|1|2|8|2|4|3|1
GA	Syrmik	LTR	ERVL	DR0203833	QGNR01000033.1:8607126-8607761+	QGNR01000076.1:3721516-3722348-	16	78	0	28,29,37,55,56	245,246,254,266,267	1	1,2,3,4,5	23	23	620	16|14|2|5|7|3|10|12|3|3|0|3
GA	Syrmik	LTR	ERVL	DR0203833	QGNR01000033.1:8607126-8607761+	QGNR01000038.1:894442-895240-	5	21	0	110,121,55,73,81	254,272,280,309,320	1	1,2,3,4,5	67	67	269	5|4|0|1|0|1|4|3|1|1|0|1
GA	Syrmik	LTR	ERVL	DR0203876	QGNR01000033.1:9111530-9112448-	QGNR01000068.1:3149755-3150631-	15	29	0	350,353,358,364,365,366,367	259,262,267,273,274,275,276	1	8,9,10,11,12,13,14	18	18	221	15|3|0|0|3|0|3|3|1|0|0|1
GA	Syrmik	LTR	ERVL	DR0203837	QGNR01000011.1:12897085-12897445+	QGNR01000061.1:5513387-5513727+	10	34	0	114,116,117,119,61,93	113,115,116,118,60,92	1	4,5,6,7,8,9	59	59	226	10|3|0|2|3|1|5|4|2|0|1|3
GA	Syrmik	LTR	ERVL	DR0203837	QGNR01000011.1:16015340-16015667-	QGNR01000017.1:3780892-3781216+	17	53	0	23,24,44,46,56	23,24,49,51,61	1	3,4,5,6,7	39	39	305	17|10|2|3|0|4|6|5|1|3|2|0
GA	Syrmik	LTR	ERVL	DR0203833	QGNR01000033.1:9784312-9785122+	QGNR01000076.1:3721516-3722348-	22	103	0	224,225,227,233,251,252	245,246,248,254,266,267	1	7,8,9,10,11,12	23	23	810	22|16|2|8|6|5|13|9|6|3|6|6
GA	Syrmik	LTR	ERVL	DR0203942	QGNR01000206.1:31215-32434-	QGNR01000270.1:57547-58213+	8	39	0	444,472,485,499,501	438,466,479,493,495	1	3,4,5,6,7	58	58	480	8|5|2|1|1|2|4|9|0|1|3|3
GA	Syrmik	LTR	ERVL	DR0204058	QGNR01000007.1:5097333-5097627+	QGNR01000054.1:6685824-6686148+	8	35	0	138,140,141,143,145	161,164,165,167,169	1	3,4,5,6,7	9	9	297	8|6|0|1|2|2|5|4|1|0|3|3
GA	Syrmik	LTR	ERVL	DR0203876	QGNR01000033.1:10392779-10393671+	QGNR01000101.1:174774-175617-	14	55	0	249,267,295,300,302	198,216,244,249,251	1	5,6,7,8,9	54	54	529	14|6|3|3|2|2|9|8|2|2|2|2
GA	Syrmik	LTR	ERVL	DR0203833	QGNR01000033.1:10595356-10596187+	QGNR01000107.1:211916-212726-	11	40	0	332,334,343,355,410	312,314,323,335,390	1	1,2,3,4,5	79	79	520	11|9|2|2|1|0|2|8|2|0|1|2
GA	Syrmik	LTR	ERVL	DR0203833	QGNR01000033.1:10595356-10596187+	QGNR01000122.1:982045-982877+	15	47	0	322,327,332,391,410	324,329,334,393,412	1	1,2,3,4,5	89	89	520	15|15|1|1|0|1|4|6|2|1|1|0
GA	Syrmik	LTR	ERVL	DR0203833	QGNR01000033.1:10595356-10596187+	QGNR01000113.1:323457-324261+	11	49	0	318,327,328,332,334	320,329,330,334,336	1	1,2,3,4,5	17	17	506	11|11|2|2|2|1|1|12|4|1|1|1
GA	Syrmik	LTR	ERVL	DR0203833	QGNR01000033.1:10595356-10596187+	QGNR01000113.1:326262-326869+	10	50	0	318,327,328,332,334	124,133,134,138,140	1	1,2,3,4,5	17	17	506	10|11|2|2|2|1|3|13|3|1|1|1
GA	Syrmik	LTR	ERVL	DR0203837	QGNR01000011.1:20354879-20355150+	QGNR01000044.1:9556008-9556317+	12	35	0	195,197,202,203,214	194,196,201,202,213	1	8,9,10,11,12	20	20	221	12|5|1|0|1|2|6|3|1|3|0|1
GA	Syrmik	LTR	ERVL	DR0203837	QGNR01000011.1:20356130-20356401+	QGNR01000044.1:9556008-9556317+	12	35	0	195,197,202,203,214	194,196,201,202,213	1	8,9,10,11,12	20	20	221	12|5|1|0|1|2|6|3|1|3|0|1
GA	Syrmik	LTR	ERVL	DR0203876	QGNR01000033.1:11209314-11210236+	QGNR01000106.1:404654-405493+	13	78	0	326,335,337,338,346	271,280,282,283,291	1	5,6,7,8,9	21	21	656	13|11|2|2|3|4|25|10|1|3|1|3
GA	Syrmik	LTR	ERVL	DR0203833	QGNR01000034.1:6578181-6578484-	QGNR01000038.1:1653595-1654417+	9	23	0	229,247,252,262,299	748,766,771,781,818	1	5,6,7,8,9	71	71	263	9|1|0|0|1|2|2|7|1|0|0|0
GA	Syrmik	LTR	ERVL	DR0204058	QGNR01000009.1:5437014-5437336+	QGNR01000054.1:6685824-6686148+	15	49	0	157,161,163,164,166	158,162,164,165,167	1	3,4,5,6,7	10	10	321	15|8|2|0|1|5|3|7|1|1|0|6
GA	Syrmik	LTR	ERVL	DR0203837	QGNR01000013.1:3152114-3152452+	QGNR01000053.1:1996285-1996609+	6	33	0	104,111,51,60,81	101,108,48,57,78	1	2,3,4,5,6	61	61	237	6|4|1|1|2|1|7|6|3|0|1|1
GA	Syrmik	LTR	ERVL	DR0203837	QGNR01000013.1:3337236-3337578+	QGNR01000066.1:4480487-4480819-	9	31	0	112,114,116,117,82,91	110,112,114,115,82,91	1	2,3,4,5,6,7	34	34	233	9|3|0|0|4|1|7|4|1|1|1|0
GA	Syrmik	LTR	ERVL	DR0203837	QGNR01000013.1:3485057-3485385+	QGNR01000022.1:15983876-15984200-	10	41	0	40,48,51,53,76	39,46,49,51,74	1	3,4,5,6,7	36	36	270	10|8|2|1|2|0|6|8|0|2|1|1
GA	Syrmik	LTR	ERVL	DR0203837	QGNR01000013.1:5891873-5892191+	QGNR01000066.1:4480487-4480819-	13	48	0	168,170,171,174,186	167,169,170,173,185	1	6,7,8,9,10	19	19	317	13|6|1|0|2|3|5|9|3|1|3|2
GA	Syrmik	LTR	ERVL	DR0203942	QGNR01000247.1:57700-59925-	QGNR01009626.1:0-983-	12	60	0	380,386,407,447,477,486	118,124,145,185,216,225	1	1,2,3,4,5,6	108	108	951	12|13|3|1|4|3|8|9|1|0|1|5
GA	Syrmik	LTR	ERVL	DR0203837	QGNR01000013.1:5891873-5892191+	QGNR01000070.1:6835147-6835480-	6	29	0	167,168,170,171,186	168,169,171,172,187	1	2,3,4,5,6	20	20	209	6|4|2|1|0|2|2|6|2|1|1|2
GA	Syrmik	LTR	ERVL	DR0203833	QGNR01000035.1:1961963-1962748+	QGNR01000043.1:446581-447401+	8	51	0	460,463,466,478,498	487,490,493,505,525	1	1,2,3,4,5	39	39	416	8|12|1|5|4|2|7|7|1|1|1|2
GA	Syrmik	LTR	ERVL	DR0203833	QGNR01000035.1:7278592-7279421-	QGNR01000113.1:323457-324261+	14	80	0	320,329,330,334,336	320,329,330,334,336	1	4,5,6,7,8	17	17	816	14|14|1|2|4|5|12|20|1|2|2|3
GA	Syrmik	LTR	ERVL	DR0203833	QGNR01000035.1:7278592-7279421-	QGNR01000612.1:3611-4397-	19	90	0	334,336,366,389,391	319,321,337,360,362	1	8,9,10,11,12	44	44	807	19|15|5|2|4|0|18|18|1|1|4|3
GA	Syrmik	LTR	ERVL	DR0203833	QGNR01000035.1:7278592-7279421-	QGNR01000113.1:326262-326869+	12	63	0	320,329,330,334,336	124,133,134,138,140	1	2,3,4,5,6	17	17	616	12|8|2|2|3|1|12|18|0|2|2|1
GA	Syrmik	LTR	ERVL	DR0203833	QGNR01000037.1:5518576-5519417-	QGNR01000545.1:1858-2673+	8	28	0	467,482,494,497,500	453,468,480,483,486	1	4,5,6,7,8	34	34	574	8|3|0|0|0|0|8|6|1|0|1|1
GA	Syrmik	LTR	ERVL	DR0203837	QGNR01000013.1:6976187-6976472+	QGNR01000054.1:931615-931951-	8	32	0	23,40,42,51,86	23,40,42,51,86	1	1,2,3,4,5	64	64	289	8|4|0|3|1|3|3|6|0|0|2|2
GA	Syrmik	LTR	ERVL	DR0203837	QGNR01000013.1:6976187-6976472+	QGNR01000030.1:2695987-2696318+	5	12	0	107,86,88,91,93	108,86,88,91,93	1	1,2,3,4,5	23	23	165	5|2|0|1|1|0|0|3|0|0|0|0
GA	Syrmik	LTR	ERVL	DR0203837	QGNR01000013.1:6976187-6976472+	QGNR01000013.1:11566368-11566684+	7	15	0	42,72,74,86,91	42,72,74,86,91	1	2,3,4,5,6	50	50	162	7|2|0|1|0|0|0|4|1|0|0|0
GA	Syrmik	LTR	ERVL	DR0203833	QGNR01000038.1:84305-85103+	QGNR01000050.1:4683356-4684153+	16	71	0	745,747,755,784,794	744,746,754,783,793	1	12,13,14,15,16	50	50	667	16|13|6|4|1|1|10|12|2|2|2|2
GA	Syrmik	LTR	ERVL	DR0203942	QGNR01000270.1:62360-62674+	QGNR01000620.1:12580-12866-	6	9	0	128,20,34,39,46	169,61,75,80,87	1	1,2,3,4,5	109	109	245	6|2|0|0|0|0|1|0|0|0|0|0
GA	Syrmik	LTR	ERVL	DR0203942	QGNR01000270.1:65924-66617+	QGNR01000329.1:33085-34348+	11	76	0	23,41,61,75,86	23,41,61,75,86	1	1,2,3,4,5	64	64	705	11|12|4|4|2|5|14|13|1|5|3|2
GA	Syrmik	LTR	ERVL	DR0203942	QGNR01000270.1:65924-66617+	QGNR01000620.1:12580-12866-	6	13	0	61,75,80,86,87	61,75,80,86,87	1	1,2,3,4,5	27	27	285	6|0|0|0|0|1|3|3|0|0|0|0
GA	Syrmik	LTR	ERVL	DR0203833	QGNR01000038.1:894442-895240-	QGNR01000045.1:9330024-9330813+	17	96	0	220,222,229,230,236	243,245,252,253,259	1	8,9,10,11,12	17	17	793	17|15|1|4|5|4|23|18|3|5|0|1
GA	Syrmik	LTR	ERVL	DR0203876	QGNR01000034.1:7572074-7572972-	QGNR01000076.1:4617988-4618511-	18	57	0	670,672,675,682,684	299,301,304,311,313	1	9,10,11,12,13	15	15	531	18|15|1|2|4|2|5|4|3|0|0|2
GA	Syrmik	LTR	ERVL	DR0203837	QGNR01000013.1:12561073-12561409-	QGNR01000019.1:14214777-14215118-	10	56	0	28,31,51,72,76	28,31,51,72,76	1	1,2,3,4,5	49	49	333	10|13|2|4|0|3|7|8|2|3|2|2
GA	Syrmik	LTR	ERVL	DR0203876	QGNR01000034.1:10578755-10579588+	QGNR01000107.1:1027811-1028670-	24	92	0	28,43,51,53,56,67	28,43,50,52,55,66	1	1,2,3,4,5,6	39	39	846	24|14|3|3|4|6|15|13|4|4|1|1
GA	Syrmik	LTR	ERVL	DR0203876	QGNR01000034.1:10578755-10579588+	QGNR01000086.1:1083362-1084190-	24	123	0	44,51,53,56,61	43,50,52,55,60	1	1,2,3,4,5	18	18	830	24|17|5|7|1|7|21|20|7|5|3|6
GA	Syrmik	LTR	ERVL	DR0203876	QGNR01000035.1:1100869-1101793-	QGNR01000071.1:4895412-4896238+	20	65	0	179,187,200,205,217	174,182,195,200,212	1	4,5,6,7,8	39	39	840	20|17|2|2|1|3|9|3|2|3|0|3
GA	Syrmik	LTR	ERVL	DR0204058	QGNR01000011.1:5546592-5546919-	QGNR01000050.1:8110355-8110665+	8	27	0	54,60,71,75,83	37,43,54,58,66	1	1,2,3,4,5	30	30	240	8|9|0|0|0|1|2|4|1|0|1|1
GA	Syrmik	LTR	ERVL	DR0203876	QGNR01000035.1:1100869-1101793-	QGNR01000068.1:3602035-3603021+	29	130	0	100,67,82,83,85	66,81,82,84,99	1	1,2,3,4,5	34	34	811	29|21|3|6|11|6|12|17|8|6|3|8
GA	Syrmik	LTR	ERVL	DR0203837	QGNR01000014.1:2531855-2532196+	QGNR01000100.1:1010723-1011066+	11	54	0	160,162,164,165,170,186	161,163,165,166,170,186	1	2,3,4,5,6,7	26	26	301	11|11|3|4|2|1|5|7|2|1|3|4
GA	Syrmik	LTR	ERVL	DR0203833	QGNR01000040.1:1189802-1190643+	QGNR01000088.1:104078-104890+	25	112	0	280,281,284,287,318	257,258,261,264,297	1	9,10,11,12,13	41	41	826	25|11|5|5|4|3|23|16|2|2|11|5
GA	Syrmik	LTR	ERVL	DR0203876	QGNR01000037.1:5787771-5788554-	QGNR01000316.1:22873-23652-	10	28	0	158,175,183,187,279	156,172,180,184,274	1	1,2,3,4,5	119	119	781	10|1|1|0|2|0|3|7|1|3|0|0
GA	Syrmik	LTR	ERVL	DR0203876	QGNR01000037.1:5787771-5788554-	QGNR01000076.1:3994604-3995363-	15	39	0	187,224,245,257,276,279	177,214,235,247,266,269	1	3,4,5,6,7,8	93	93	771	15|7|1|0|0|1|6|6|2|1|0|0
GA	Syrmik	LTR	ERVL	DR0203876	QGNR01000037.1:5787771-5788554-	QGNR01000114.1:2136632-2137358+	10	39	0	175,187,245,276,279	123,135,184,215,218	1	1,2,3,4,5	96	96	669	10|6|2|0|2|1|4|8|1|5|0|0
GA	Syrmik	LTR	ERVL	DR0203876	QGNR01000037.1:5787771-5788554-	QGNR01000114.1:2002269-2003047+	20	79	0	175,181,183,185,187	168,174,176,178,180	1	5,6,7,8,9	13	13	775	20|14|3|1|5|2|12|11|1|6|3|1
GA	Syrmik	LTR	ERVL	DR0203876	QGNR01000037.1:5787771-5788554-	QGNR01000122.1:313481-314379+	16	52	0	171,175,181,185,187	168,172,178,182,184	1	6,7,8,9,10	17	17	388	16|4|1|3|0|7|6|4|2|4|4|1
GA	Syrmik	LTR	ERVL	DR0203833	QGNR01000040.1:1998588-1999414-	QGNR01000076.1:3721516-3722348-	23	115	0	228,229,237,255,256	245,246,254,266,267	1	6,7,8,9,10	23	23	820	23|16|4|5|4|6|19|17|5|5|4|7
GA	Syrmik	LTR	ERVL	DR0203837	QGNR01000014.1:4800453-4800780+	QGNR01000066.1:4480487-4480819-	8	23	0	109,112,114,116,117	107,110,112,114,115	1	4,5,6,7,8	9	9	183	8|3|2|2|1|1|3|2|0|0|1|0
GA	Syrmik	LTR	ERVL	DR0204058	QGNR01000011.1:17365799-17366120+	QGNR01000054.1:6685824-6686148+	8	31	0	163,165,166,168,185	162,164,165,167,184	1	3,4,5,6,7	23	23	322	8|5|1|4|1|3|2|3|0|0|0|4
GA	Syrmik	LTR	ERVL	DR0203876	QGNR01000038.1:1269405-1270235-	QGNR01000068.1:3149755-3150631-	25	97	0	229,236,239,249,252	252,259,262,271,274	1	8,9,10,11,12	23	23	792	25|14|4|1|4|2|13|16|4|9|1|4
GA	Syrmik	LTR	ERVL	DR0203876	QGNR01000038.1:1540920-1541220+	QGNR01000218.1:80068-80828+	7	28	0	234,243,252,264,265	241,250,259,271,272	1	3,4,5,6,7	32	32	301	7|4|0|1|2|1|6|5|0|1|0|1
GA	Syrmik	LTR	ERVL	DR0204058	QGNR01000011.1:20493377-20493742-	QGNR01000058.1:1919961-1920313-	12	29	0	76,82,92,97,99	100,77,83,93,98	1	3,4,5,6,7	24	24	313	12|7|2|0|1|1|0|4|1|1|0|0
GA	Syrmik	LTR	ERVL	DR0203876	QGNR01000038.1:1541657-1542539+	QGNR01000099.1:140221-141138+	8	23	0	220,243,319,341,344	223,246,326,348,351	1	4,5,6,7,8	129	129	451	8|3|3|0|1|1|3|3|1|0|0|0
GA	Syrmik	LTR	ERVL	DR0203876	QGNR01000038.1:1541657-1542539+	QGNR01000048.1:6199943-6200868+	12	40	0	315,319,321,322,341,344	316,320,322,323,344,347	1	6,7,8,9,10,11	32	32	454	12|4|1|1|1|3|6|6|2|0|2|2
GA	Syrmik	LTR	ERVL	DR0203876	QGNR01000038.1:1541657-1542539+	QGNR01000045.1:8819234-8820133-	8	33	0	243,265,313,319,341,344	246,268,320,326,346,349	1	2,3,4,5,6,7	104	104	479	8|4|3|1|1|1|3|3|2|1|3|3
GA	Syrmik	LTR	ERVL	DR0203876	QGNR01000038.1:1541657-1542539+	QGNR01000094.1:85826-86692+	7	19	0	213,264,319,341,344	170,221,280,302,305	1	1,2,3,4,5	136	136	338	7|2|0|0|0|2|3|3|1|1|0|0
GA	Syrmik	LTR	ERVL	DR0203876	QGNR01000038.1:1541657-1542539+	QGNR01000040.1:4804720-4805520-	7	22	0	264,313,319,341,344	114,167,173,194,197	1	3,4,5,6,7	84	84	263	7|2|3|1|1|2|2|0|2|0|0|2
GA	Syrmik	LTR	ERVL	DR0203876	QGNR01000038.1:1541657-1542539+	QGNR01000218.1:80068-80828+	10	43	0	234,243,252,264,265	241,250,259,271,272	1	3,4,5,6,7	32	32	382	10|5|1|1|3|1|7|5|1|5|1|3
GA	Syrmik	LTR	ERVL	DR0203876	QGNR01000038.1:1541657-1542539+	QGNR01000076.1:4626505-4627390-	8	19	0	313,319,330,341,344	262,268,279,290,293	1	3,4,5,6,7	32	32	280	8|2|1|0|1|1|3|1|0|1|0|1
GA	Syrmik	LTR	ERVL	DR0204058	QGNR01000012.1:6440314-6440636-	QGNR01000054.1:6685824-6686148+	10	46	0	110,116,163,165,166,168,169	110,116,162,164,165,167,168	1	2,3,4,5,6,7,8	59	59	323	10|10|1|4|2|0|5|7|0|2|1|4
GA	Syrmik	LTR	ERVL	DR0203833	QGNR01000043.1:786440-787264+	QGNR01000076.1:3721516-3722348-	17	93	0	249,250,252,258,276,277	245,246,248,254,266,267	1	6,7,8,9,10,11	23	23	817	17|13|4|7|6|6|13|12|6|2|2|5
GA	Syrmik	LTR	ERVL	DR0203942	QGNR01000408.1:39026-42379+	QGNR01051208.1:0-381+	8	27	0	732,741,757,764,783	128,137,153,160,179	1	3,4,5,6,7	52	52	381	8|3|0|1|2|2|2|5|0|2|1|1
GA	Syrmik	LTR	ERVL	DR0204058	QGNR01000013.1:1967112-1967418-	QGNR01000033.1:9491049-9491368+	11	27	0	112,115,117,123,159	112,115,117,123,158	1	3,4,5,6,7	47	47	312	11|8|0|2|0|0|2|1|0|1|1|1
GA	Syrmik	LTR	ERVL	DR0204058	QGNR01000013.1:1967112-1967418-	QGNR01000018.1:10854519-10854836+	12	31	0	100,106,117,159,90	100,106,117,158,90	1	2,3,4,5,6	69	69	311	12|7|1|2|0|1|2|2|0|0|1|3
GA	Syrmik	LTR	ERVL	DR0204058	QGNR01000013.1:1967112-1967418-	QGNR01000050.1:1023203-1023518+	9	22	0	112,117,80,81,90	106,111,74,75,84	1	1,2,3,4,5	38	38	310	9|3|2|2|0|0|2|2|0|0|1|1
GA	Syrmik	LTR	ERVL	DR0204058	QGNR01000013.1:1967112-1967418-	QGNR01000043.1:2415685-2416005-	11	28	0	117,155,159,72,90	116,153,157,71,89	1	3,4,5,6,7	87	87	312	11|7|1|2|1|1|2|1|0|0|1|1
GA	Syrmik	LTR	ERVL	DR0203837	QGNR01000015.1:4273173-4273516+	QGNR01000022.1:10967439-10967792+	11	52	0	212,214,215,221,223	215,217,218,224,226	1	3,4,5,6,7	12	12	326	11|7|2|2|3|3|8|8|1|3|2|2
GA	Syrmik	LTR	ERVL	DR0204058	QGNR01000013.1:1967112-1967418-	QGNR01000064.1:3591237-3591532-	12	18	0	103,23,53,66,71,75,8,90	103,23,53,66,71,75,8,90	1	1,2,3,4,5,6,7,8	96	96	188	12|0|1|1|1|0|1|1|0|0|0|1
GA	Syrmik	LTR	ERVL	DR0203833	QGNR01000043.1:915281-916106-	QGNR01000105.1:46203-47016-	23	118	0	238,239,246,254,278	243,244,251,259,281	1	6,7,8,9,10	39	39	815	23|29|5|6|5|3|15|23|0|5|1|3
GA	Syrmik	LTR	ERVL	DR0203833	QGNR01000043.1:915281-916106-	QGNR01000612.1:3611-4397-	18	95	0	323,325,355,378,380	319,321,337,360,362	1	9,10,11,12,13	44	44	800	18|13|6|7|4|1|19|16|2|5|2|2
GA	Syrmik	LTR	ERVL	DR0203876	QGNR01000040.1:2006230-2007103+	QGNR01000090.1:1159206-1160084-	16	103	0	103,129,134,167,81	106,132,137,170,84	1	3,4,5,6,7	87	87	869	16|15|4|4|5|8|12|15|6|6|5|7
GA	Syrmik	LTR	ERVL	DR0204058	QGNR01000013.1:1997499-1997821+	QGNR01000066.1:144166-144484+	14	42	0	103,106,107,115,122	103,106,107,115,122	1	4,5,6,7,8	20	20	315	14|4|2|5|2|3|4|5|1|0|1|1
GA	Syrmik	LTR	ERVL	DR0203876	QGNR01000040.1:2041245-2042208+	QGNR01000068.1:3602035-3603021+	25	119	0	66,81,82,84,99	66,81,82,84,99	1	1,2,3,4,5	34	34	831	25|19|4|1|9|5|16|21|5|6|0|8
GA	Syrmik	LTR	ERVL	DR0204058	QGNR01000013.1:2318749-2319066-	QGNR01000054.1:6685824-6686148+	10	48	0	162,163,165,166,168	161,162,164,165,167	1	4,5,6,7,8	7	7	310	10|7|0|3|4|6|4|7|0|2|0|5
GA	Syrmik	LTR	ERVL	DR0203876	QGNR01000040.1:2041245-2042208+	QGNR01000068.1:3149755-3150631-	13	32	0	246,252,275,309,312,325	196,202,225,259,262,274	1	5,6,7,8,9,10	79	79	282	13|1|1|1|3|0|4|3|2|3|0|1
GA	Syrmik	LTR	ERVL	DR0203837	QGNR01000015.1:6443831-6444172-	QGNR01000060.1:5651114-5651452-	11	54	0	60,71,74,76,84	60,71,74,76,84	1	1,2,3,4,5	25	25	332	11|8|2|1|1|3|7|12|3|2|0|4
GA	Syrmik	LTR	ERVL	DR0203876	QGNR01000040.1:4653621-4654356-	QGNR01000408.1:43737-44609-	17	72	0	197,206,228,229,231	332,341,363,364,366	1	1,2,3,4,5	35	35	551	17|10|3|4|1|3|10|18|2|3|1|0
GA	Syrmik	LTR	ERVL	DR0203876	QGNR01000040.1:4653621-4654356-	QGNR01000218.1:80068-80828+	16	73	0	197,206,215,228,231	241,250,259,272,275	1	1,2,3,4,5	35	35	542	16|10|3|4|2|4|15|12|3|3|1|0
GA	Syrmik	LTR	ERVL	DR0203833	QGNR01000043.1:1971789-1972162+	QGNR01000090.1:1274193-1275015+	12	31	0	240,252,258,271,276,277	238,251,257,270,275,276	1	5,6,7,8,9,10	39	39	369	12|3|0|0|2|2|7|2|2|0|1|0
GA	Syrmik	LTR	ERVL	DR0203833	QGNR01000043.1:1971789-1972162+	QGNR01000093.1:1256813-1257632-	13	40	0	177,178,180,200,221	173,174,176,196,217	1	3,4,5,6,7	45	45	368	13|4|0|2|3|0|8|7|1|0|2|0
GA	Syrmik	LTR	ERVL	DR0203833	QGNR01000043.1:1971789-1972162+	QGNR01000133.1:634954-635759+	8	28	0	177,200,221,266,294,333	155,178,199,244,272,311	1	3,4,5,6,7,8	157	157	359	8|3|0|3|1|1|6|3|1|0|0|2
GA	Syrmik	LTR	ERVL	DR0203833	QGNR01000043.1:1971789-1972162+	QGNR01000043.1:2229509-2230311+	14	49	0	177,185,200,216,221	165,173,188,204,209	1	4,5,6,7,8	45	45	355	14|9|1|2|5|1|9|5|1|1|1|0
GA	Syrmik	LTR	ERVL	DR0203833	QGNR01000043.1:1971789-1972162+	QGNR01000075.1:3311186-3311999-	10	29	0	177,198,201,209,221,242,266	155,176,179,187,199,220,244	1	3,4,5,6,7,8,9	90	90	349	10|2|0|2|0|0|4|6|2|0|1|2
GA	Syrmik	LTR	ERVL	DR0203833	QGNR01000043.1:1971789-1972162+	QGNR01000058.1:4360088-4360888+	11	34	0	177,200,209,221,266	155,178,187,199,244	1	6,7,8,9,10	90	90	353	11|8|1|1|1|0|6|4|1|0|0|1
GA	Syrmik	LTR	ERVL	DR0203833	QGNR01000043.1:1971789-1972162+	QGNR01000075.1:559184-559991-	11	35	0	170,177,200,209,221	151,158,181,190,202	1	2,3,4,5,6	52	52	360	11|7|0|2|1|0|5|5|2|0|0|2
GA	Syrmik	LTR	ERVL	DR0203833	QGNR01000043.1:1971789-1972162+	QGNR01000085.1:1789252-1789931+	9	16	0	200,209,221,252,266	111,45,54,66,97	1	3,4,5,6,7	67	67	206	9|2|0|1|0|0|0|4|0|0|0|0
GA	Syrmik	LTR	ERVL	DR0203876	QGNR01000040.1:4804720-4805520-	QGNR01000076.1:4617988-4618511-	14	47	0	572,574,577,582,584,586	299,301,304,309,311,313	1	8,9,10,11,12,13	15	15	464	14|9|1|3|4|2|3|5|2|0|1|2
GA	Syrmik	LTR	ERVL	DR0203876	QGNR01000042.1:3106639-3107442-	QGNR01000076.1:4617988-4618511-	13	32	0	550,564,573,577,580,587,589	274,288,297,301,304,311,313	1	4,5,6,7,8,9,10	40	40	371	13|6|1|1|3|2|0|3|1|0|0|1
GA	Syrmik	LTR	ERVL	DR0203833	QGNR01000043.1:2938043-2938878-	QGNR01000113.1:323457-324261+	18	90	0	320,329,330,334,336	320,329,330,334,336	1	6,7,8,9,10	17	17	819	18|16|1|4|6|6|15|17|2|2|2|1
GA	Syrmik	LTR	ERVL	DR0203833	QGNR01000043.1:2938043-2938878-	QGNR01000612.1:3611-4397-	15	79	0	334,336,366,389,391	319,321,337,360,362	1	10,11,12,13,14	44	44	810	15|16|4|5|3|1|13|15|3|1|2|1
GA	Syrmik	LTR	ERVL	DR0203876	QGNR01000043.1:517307-518252-	QGNR01000050.1:2511522-2512461+	12	40	0	189,198,254,259,270	237,246,303,308,319	1	4,5,6,7,8	83	83	563	12|7|3|2|1|0|7|5|1|1|0|1
GA	Syrmik	LTR	ERVL	DR0203876	QGNR01000043.1:517307-518252-	QGNR01000043.1:1296010-1296715-	9	39	0	223,252,254,256,259	105,107,109,112,76	1	1,2,3,4,5	37	37	468	9|2|4|0|0|2|9|8|1|2|2|0
GA	Syrmik	LTR	ERVL	DR0203876	QGNR01000043.1:517307-518252-	QGNR01000139.1:179743-180663+	12	22	0	244,252,254,259,265,270,272	322,330,332,337,343,348,350	1	6,7,8,9,10,11,12	29	29	207	12|1|0|2|0|0|4|1|0|0|1|1
GA	Syrmik	LTR	ERVL	DR0203837	QGNR01000016.1:17158363-17158699+	QGNR01000061.1:5513387-5513727+	12	38	0	112,114,115,117,91	113,115,116,118,92	1	8,9,10,11,12	27	27	238	12|3|1|2|0|2|4|3|3|4|1|3
GA	Syrmik	LTR	ERVL	DR0203837	QGNR01000017.1:196446-196786-	QGNR01000030.1:1571400-1571741+	12	48	0	53,66,71,73,74	53,66,71,73,74	1	2,3,4,5,6	22	22	306	12|10|1|0|2|3|8|4|3|2|2|1
GA	Syrmik	LTR	ERVL	DR0203837	QGNR01000017.1:196446-196786-	QGNR01000066.1:5397964-5398309-	15	58	0	60,66,73,82,84	60,66,73,82,84	1	2,3,4,5,6	25	25	327	15|13|3|3|0|0|10|8|3|2|0|1
GA	Syrmik	LTR	ERVL	DR0203837	QGNR01000017.1:196446-196786-	QGNR01000039.1:11620963-11621289-	12	46	0	101,108,61,66,71	100,107,60,65,70	1	1,2,3,4,5	48	48	278	12|13|2|2|0|3|6|2|3|3|0|0
GA	Syrmik	LTR	ERVL	DR0203876	QGNR01000043.1:920137-921059-	QGNR01000316.1:22873-23652-	5	9	0	157,174,182,189,190	156,172,180,187,188	1	1,2,3,4,5	33	33	348	5|1|0|0|0|0|0|0|1|2|0|0
GA	Syrmik	LTR	ERVL	DR0203876	QGNR01000043.1:920137-921059-	QGNR01000218.1:80068-80828+	8	16	0	174,190,204,242,260,273	173,189,203,241,259,272	1	1,2,3,4,5,6	100	100	360	8|2|0|0|0|1|0|1|2|1|0|0
GA	Syrmik	LTR	ERVL	DR0203837	QGNR01000017.1:1028336-1028675-	QGNR01000023.1:5575078-5575412+	9	57	0	161,163,166,169,180,186	160,162,165,168,179,185	1	2,3,4,5,6,7	26	26	331	9|12|3|4|1|2|11|9|2|1|1|2
GA	Syrmik	LTR	ERVL	DR0203837	QGNR01000017.1:1318724-1318894+	QGNR01000063.1:382764-383092-	5	10	0	15,61,73,79,81	15,62,74,80,82	1	1,2,3,4,5	68	68	162	5|0|1|0|0|0|2|2|0|0|0|0
GA	Syrmik	LTR	ERVL	DR0203876	QGNR01000043.1:994252-994984-	QGNR01000408.1:43737-44609-	12	27	0	191,223,266,267,283,307	332,364,407,408,424,448	1	1,2,3,4,5,6	117	117	446	12|5|1|2|0|0|0|4|0|1|2|0
GA	Syrmik	LTR	ERVL	DR0204058	QGNR01000013.1:10396404-10396722-	QGNR01000050.1:7950837-7951156+	9	32	0	102,107,23,70,89	106,111,22,70,89	1	1,2,3,4,5	90	90	317	9|7|2|1|3|2|4|2|0|2|0|0
GA	Syrmik	LTR	ERVL	DR0204058	QGNR01000013.1:10396404-10396722-	QGNR01000066.1:563153-563491-	7	26	0	107,108,80,89,98	103,112,113,81,90	1	2,3,4,5,6	33	33	328	7|6|2|1|0|1|4|3|2|0|0|0
GA	Syrmik	LTR	ERVL	DR0203837	QGNR01000017.1:1599327-1599625+	QGNR01000063.1:382764-383092-	13	38	0	15,62,66,7,74,82,9	15,62,66,7,74,82,9	1	1,2,3,4,5,6,7	76	76	264	13|3|0|1|2|0|5|7|1|4|0|2
GA	Syrmik	LTR	ERVL	DR0203876	QGNR01000043.1:1019662-1020538-	QGNR01000077.1:143587-144480-	18	78	0	156,182,63,78,80	157,184,64,79,81	1	2,3,4,5,6	121	121	879	18|13|3|1|3|1|15|16|1|3|0|4
GA	Syrmik	LTR	ERVL	DR0203876	QGNR01000043.1:1019662-1020538-	QGNR01000076.1:4626505-4627390-	8	17	0	316,333,344,347,360	262,279,290,293,309	1	4,5,6,7,8	48	48	285	8|1|0|0|0|1|5|1|0|0|0|1
GA	Syrmik	LTR	ERVL	DR0203942	QGNR01009267.1:0-1005+	QGNR01046071.1:0-407-	10	18	0	694,736,771,791,799,832	127,162,182,190,223,85	1	2,3,4,5,6,7	139	139	395	10|4|2|0|0|0|2|0|0|0|0|0
GA	Syrmik	LTR	ERVL	DR0203876	QGNR01000043.1:1296010-1296715-	QGNR01000068.1:3149755-3150631-	17	77	0	114,117,127,140,142	259,262,275,288,290	1	7,8,9,10,11	32	32	718	17|19|4|3|6|1|11|9|2|2|0|3
GA	Syrmik	LTR	ERVL	DR0203833	QGNR01000045.1:8388806-8389640-	QGNR01000076.1:3721516-3722348-	18	109	0	238,239,241,265,266	245,246,248,265,266	1	6,7,8,9,10	22	22	828	18|24|1|3|4|4|12|23|3|4|6|7
GA	Syrmik	LTR	ERVL	DR0203833	QGNR01000045.1:8388806-8389640-	QGNR01000076.1:3628767-3629583-	20	114	0	238,239,241,265,266	247,248,250,267,268	1	7,8,9,10,11	22	22	822	20|21|4|3|3|4|13|26|2|4|9|5
GA	Syrmik	LTR	ERVL	DR0203876	QGNR01000044.1:458149-459029-	QGNR01000099.1:140221-141138+	10	53	0	165,172,195,242,250	216,223,246,294,302	1	2,3,4,5,6	87	87	806	10|11|3|0|1|2|9|11|3|0|1|2
GA	Syrmik	LTR	ERVL	DR0203876	QGNR01000044.1:458149-459029-	QGNR01000068.1:3149755-3150631-	20	103	0	195,201,242,250,257	196,202,244,252,259	1	7,8,9,10,11	64	64	878	20|18|4|4|10|2|16|16|3|5|0|5
GA	Syrmik	LTR	ERVL	DR0203876	QGNR01000044.1:458149-459029-	QGNR01000068.1:2867785-2868519-	8	43	0	242,250,257,271,273	294,302,309,326,328	1	1,2,3,4,5	35	35	559	8|5|1|3|1|0|10|10|1|1|2|1
GA	Syrmik	LTR	ERVL	DR0203833	QGNR01000045.1:8622947-8623746-	QGNR01000076.1:3721516-3722348-	22	93	0	214,225,226,228,234,252,253	233,245,246,248,254,266,267	1	6,7,8,9,10,11,12	35	35	812	22|15|3|4|3|3|17|9|4|2|3|8
GA	Syrmik	LTR	ERVL	DR0203833	QGNR01000045.1:8622947-8623746-	QGNR01000045.1:9330024-9330813+	23	89	0	214,218,227,228,234	238,243,252,253,259	1	8,9,10,11,12	22	22	792	23|15|3|4|6|2|16|9|1|3|4|3
GA	Syrmik	LTR	ERVL	DR0203833	QGNR01000045.1:8750091-8750682-	QGNR01000075.1:3311186-3311999-	12	38	0	176,213,217,219,228	179,216,220,222,231	1	2,3,4,5,6	53	53	606	12|2|0|2|1|1|4|10|2|1|2|1
GA	Syrmik	LTR	ERVL	DR0203833	QGNR01000045.1:8750091-8750682-	QGNR01000050.1:2124295-2125115-	18	68	0	213,219,227,228,233	238,245,253,254,259	1	4,5,6,7,8	22	22	610	18|10|0|1|1|2|12|12|4|3|2|3
GA	Syrmik	LTR	ERVL	DR0203833	QGNR01000045.1:8750091-8750682-	QGNR01000085.1:1789252-1789931+	11	39	0	175,213,219,227,228	45,83,89,97,98	1	2,3,4,5,6	54	54	478	11|4|0|2|0|1|5|9|2|0|2|3
GA	Syrmik	LTR	ERVL	DR0203833	QGNR01000045.1:8750091-8750682-	QGNR01000071.1:3409550-3410359-	19	83	0	217,219,226,228,233	229,231,238,240,245	1	5,6,7,8,9	17	17	603	19|7|1|3|3|5|12|17|2|5|6|3
GA	Syrmik	LTR	ERVL	DR0203833	QGNR01000045.1:8750091-8750682-	QGNR01016630.1:0-731+	19	76	0	213,219,227,228,233	237,244,252,253,258	1	8,9,10,11,12	22	22	608	19|7|1|0|2|6|13|16|3|4|4|1
GA	Syrmik	LTR	ERVL	DR0203833	QGNR01000045.1:8750091-8750682-	QGNR01000064.1:1061384-1062223-	24	71	0	213,219,227,228,233	239,246,254,255,260	1	9,10,11,12,13	22	22	619	24|6|1|1|2|4|10|11|2|5|4|1
GA	Syrmik	LTR	ERVL	DR0203833	QGNR01000045.1:8750091-8750682-	QGNR01000071.1:4945910-4946760-	12	46	0	213,217,219,227,228	237,242,244,252,253	1	3,4,5,6,7	17	17	482	12|4|2|0|0|2|6|12|4|2|1|1
GA	Syrmik	LTR	ERVL	DR0203833	QGNR01000045.1:8750091-8750682-	QGNR01043118.1:0-424-	13	49	0	213,219,227,228,233	37,44,52,53,58	1	1,2,3,4,5	22	22	416	13|2|0|1|1|3|11|11|3|1|3|0
GA	Syrmik	LTR	ERVL	DR0203833	QGNR01000045.1:8750091-8750682-	QGNR01000054.1:6866380-6867215+	16	69	0	213,219,227,228,233	226,233,241,242,247	1	6,7,8,9,10	22	22	609	16|9|3|3|3|1|8|13|3|5|3|2
GA	Syrmik	LTR	ERVL	DR0203833	QGNR01000045.1:8750091-8750682-	QGNR01000076.1:3721516-3722348-	19	71	0	213,219,224,225,227,228	233,240,245,246,248,249	1	7,8,9,10,11,12	17	17	603	19|7|1|4|2|1|9|14|2|5|2|5
GA	Syrmik	LTR	ERVL	DR0203833	QGNR01000045.1:8750091-8750682-	QGNR01000066.1:14880-15693-	16	53	0	213,219,224,227,228,233	226,233,238,241,242,247	1	2,3,4,5,6,7	22	22	469	16|3|1|2|2|3|11|8|3|1|3|0
GA	Syrmik	LTR	ERVL	DR0203833	QGNR01000045.1:8750091-8750682-	QGNR01000113.1:323457-324261+	15	57	0	213,219,227,228,233	238,245,253,254,259	1	3,4,5,6,7	22	22	457	15|5|0|1|2|2|9|12|3|4|3|1
GA	Syrmik	LTR	ERVL	DR0203833	QGNR01000045.1:8750091-8750682-	QGNR01000045.1:9330024-9330813+	22	91	0	213,217,219,226,227,228,233	238,243,245,252,253,254,259	1	9,10,11,12,13,14,15	22	22	597	22|10|2|4|8|3|10|9|4|9|6|4
GA	Syrmik	LTR	ERVL	DR0203833	QGNR01000045.1:8750091-8750682-	QGNR01000113.1:326262-326869+	16	72	0	213,219,227,228,233	42,49,57,58,63	1	2,3,4,5,6	22	22	412	16|7|1|1|6|3|11|9|3|7|6|2
GA	Syrmik	LTR	ERVL	DR0203876	QGNR01000045.1:8200639-8201499-	QGNR01000068.1:3149755-3150631-	19	104	0	228,236,243,246,251,259,273	244,252,259,262,267,276,290	1	6,7,8,9,10,11,12	47	47	868	19|17|8|2|5|4|9|16|5|4|6|9
GA	Syrmik	LTR	ERVL	DR0203837	QGNR01000017.1:8273220-8273525+	QGNR01000030.1:1571400-1571741+	13	43	0	45,58,63,65,66	53,66,71,73,74	1	1,2,3,4,5	22	22	273	13|3|2|2|2|3|5|6|2|3|0|2
GA	Syrmik	LTR	ERVL	DR0203942	QGNR01013634.1:0-813-	QGNR01021925.1:0-625+	8	34	0	296,361,366,432,435	283,354,359,425,428	1	2,3,4,5,6	146	146	628	8|2|1|1|3|3|6|7|0|3|0|0
GA	Syrmik	LTR	ERVL	DR0204058	QGNR01000015.1:4336038-4336359+	QGNR01000054.1:6685824-6686148+	9	41	0	147,162,164,165,167,168	147,162,164,165,167,168	1	3,4,5,6,7,8	22	22	322	9|9|1|3|1|1|2|4|1|2|1|7
GA	Syrmik	LTR	ERVL	DR0203837	QGNR01000017.1:9488984-9489323+	QGNR01000066.1:3268168-3268522+	8	27	0	169,171,173,175,186	169,171,173,175,188	1	2,3,4,5,6	20	20	226	8|4|0|0|2|2|5|4|0|0|1|1
GA	Syrmik	LTR	ERVL	DR0203837	QGNR01000017.1:9488984-9489323+	QGNR01000055.1:1374174-1374516+	13	29	0	157,161,167,175,187,193	156,160,166,174,188,194	1	5,6,7,8,9,10	39	39	225	13|3|0|1|1|0|2|7|0|1|0|1
GA	Syrmik	LTR	ERVL	DR0203837	QGNR01000017.1:9488984-9489323+	QGNR01000048.1:2347444-2347788-	13	39	0	173,175,183,187,193	175,177,185,189,195	1	8,9,10,11,12	21	21	244	13|7|1|0|1|1|5|6|2|2|0|1
GA	Syrmik	LTR	ERVL	DR0203837	QGNR01000017.1:9488984-9489323+	QGNR01000026.1:6674122-6674458+	17	60	0	169,175,180,183,187	164,170,175,178,182	1	7,8,9,10,11	19	19	301	17|7|0|2|1|1|4|14|4|5|3|2
GA	Syrmik	LTR	ERVL	DR0203833	QGNR01000045.1:8975396-8976221+	QGNR01000071.1:4860348-4861171+	16	74	0	335,340,342,384,408	337,342,344,386,410	1	8,9,10,11,12	74	74	824	16|22|2|2|1|0|13|11|2|2|2|1
GA	Syrmik	LTR	ERVL	DR0203833	QGNR01000045.1:8975396-8976221+	QGNR01000075.1:3311186-3311999-	22	96	0	195,198,202,206,222	176,179,183,187,203	1	3,4,5,6,7	28	28	819	22|15|3|7|2|1|18|17|3|1|4|3
GA	Syrmik	LTR	ERVL	DR0203876	QGNR01000045.1:8457536-8458436-	QGNR01000084.1:1751338-1752143-	12	44	0	669,674,675,682,755	574,579,580,587,660	1	7,8,9,10,11	87	87	760	12|5|3|1|1|0|11|5|0|3|1|2
GA	Syrmik	LTR	ERVL	DR0203876	QGNR01000045.1:8457536-8458436-	QGNR01000068.1:3149755-3150631-	22	83	0	309,312,317,322,325	259,262,267,272,275	1	8,9,10,11,12	17	17	789	22|19|4|2|4|1|10|7|2|6|0|6
GA	Syrmik	LTR	ERVL	DR0203876	QGNR01000045.1:8457536-8458436-	QGNR01000076.1:4617988-4618511-	16	48	0	647,661,674,677,682,684,686	274,288,301,304,309,311,313	1	7,8,9,10,11,12,13	40	40	532	16|11|2|2|4|1|3|4|2|0|0|2
GA	Syrmik	LTR	ERVL	DR0203837	QGNR01000017.1:10196670-10197012-	QGNR01000066.1:3268168-3268522+	9	54	0	167,169,171,173,184	169,171,173,175,188	1	2,3,4,5,6	20	20	336	9|9|1|2|3|1|7|13|1|2|2|4
GA	Syrmik	LTR	ERVL	DR0203837	QGNR01000017.1:10196670-10197012-	QGNR01000100.1:1010723-1011066+	8	35	0	159,161,164,169,173	161,163,166,170,174	1	2,3,4,5,6	14	14	239	8|3|2|0|1|1|6|10|1|0|1|2
GA	Syrmik	LTR	ERVL	DR0203837	QGNR01000017.1:10196670-10197012-	QGNR01000067.1:4296760-4297082-	6	32	0	159,164,167,170,173	161,166,169,172,175	1	1,2,3,4,5	15	15	217	6|8|1|0|0|3|5|5|1|1|0|2
GA	Syrmik	LTR	ERVL	DR0203833	QGNR01000045.1:9088449-9088977-	QGNR01000076.1:4084414-4085215-	10	62	0	136,138,140,148,149	387,389,392,400,401	1	2,3,4,5,6	15	15	540	10|8|4|3|3|4|5|15|6|2|2|0
GA	Syrmik	LTR	ERVL	DR0203837	QGNR01000017.1:10251597-10251952-	QGNR01000024.1:8766365-8766698-	12	51	0	16,23,31,36,40	16,23,31,36,40	1	1,2,3,4,5	25	25	312	12|7|3|2|2|3|6|13|0|3|0|0
GA	Syrmik	LTR	ERVL	DR0203837	QGNR01000017.1:10251597-10251952-	QGNR01000063.1:382764-383092-	9	40	0	59,62,66,74,82	59,62,66,74,82	1	3,4,5,6,7	24	24	262	9|4|2|2|1|3|6|7|1|4|1|0
GA	Syrmik	LTR	ERVL	DR0204058	QGNR01000015.1:8211646-8211985+	QGNR01000054.1:6685824-6686148+	6	27	0	116,162,164,165,167	116,162,164,165,167	1	2,3,4,5,6	52	52	258	6|6|0|4|1|0|2|4|2|0|1|1
GA	Syrmik	LTR	ERVL	DR0203942	QGNR01021130.1:0-638-	QGNR01055616.1:0-360+	6	11	0	477,480,508,561,606	117,170,215,86,89	1	2,3,4,5,6	130	130	247	6|2|0|0|0|0|3|0|0|0|0|0
GA	Syrmik	LTR	ERVL	DR0203876	QGNR01000045.1:8819234-8820133-	QGNR01000076.1:4617988-4618511-	13	43	0	646,660,673,676,683,685	274,288,301,304,311,313	1	5,6,7,8,9,10	40	40	494	13|10|1|2|6|1|3|4|2|0|0|0
GA	Syrmik	LTR	ERVL	DR0204058	QGNR01000015.1:10624292-10624597-	QGNR01000054.1:5418087-5418410+	9	27	0	106,108,116,55,73	108,110,118,55,75	1	2,3,4,5,6	64	64	312	9|7|1|1|0|2|0|5|1|0|0|1
GA	Syrmik	LTR	ERVL	DR0203837	QGNR01000017.1:10446511-10446852-	QGNR01000066.1:4480487-4480819-	14	47	0	107,109,114,116,117	105,107,112,114,115	1	3,4,5,6,7	11	11	336	14|4|4|0|2|4|4|11|3|1|0|0
GA	Syrmik	LTR	ERVL	DR0203837	QGNR01000017.1:10446511-10446852-	QGNR01000061.1:5513387-5513727+	14	61	0	31,51,52,61,91,93	30,50,51,60,90,92	1	1,2,3,4,5,6	63	63	329	14|7|6|1|1|5|7|9|4|2|2|3
GA	Syrmik	LTR	ERVL	DR0204058	QGNR01000015.1:10625530-10625835-	QGNR01000054.1:5418087-5418410+	9	27	0	106,108,116,55,73	108,110,118,55,75	1	2,3,4,5,6	64	64	312	9|7|1|1|0|2|0|5|1|0|0|1
GA	Syrmik	LTR	ERVL	DR0203876	QGNR01000045.1:9016417-9017197-	QGNR01000408.1:43737-44609-	12	35	0	310,315,316,332,356	402,407,408,424,448	1	2,3,4,5,6	47	47	592	12|3|1|1|1|0|4|10|0|2|1|0
GA	Syrmik	LTR	ERVL	DR0203876	QGNR01000045.1:9016417-9017197-	QGNR01000068.1:3149755-3150631-	14	33	0	312,315,320,325,328,342	259,262,267,272,275,290	1	9,10,11,12,13,14	32	32	260	14|1|0|1|1|3|4|4|3|0|1|1
GA	Syrmik	LTR	ERVL	DR0203833	QGNR01000047.1:11600935-11601428+	QGNR01000058.1:4758326-4759167+	13	47	0	319,323,328,338,342	320,324,329,339,343	1	6,7,8,9,10	24	24	447	13|2|2|1|2|3|5|13|1|4|0|1
GA	Syrmik	LTR	ERVL	DR0203833	QGNR01000047.1:11600935-11601428+	QGNR01000054.1:905785-906586+	11	35	0	323,328,331,338,340	329,334,337,344,346	1	6,7,8,9,10	18	18	407	11|4|1|2|2|1|5|7|0|1|0|1
GA	Syrmik	LTR	ERVL	DR0203833	QGNR01000047.1:11600935-11601428+	QGNR01000113.1:323457-324261+	10	41	0	314,323,324,328,330,338	320,329,330,334,336,344	1	4,5,6,7,8,9	25	25	407	10|3|0|1|4|3|6|8|0|3|0|3
GA	Syrmik	LTR	ERVL	DR0203837	QGNR01000019.1:7009877-7010196-	QGNR01000041.1:6231234-6231556-	9	36	0	165,166,170,171,172	165,166,169,170,171	1	4,5,6,7,8	7	7	242	9|4|4|2|0|3|2|3|4|1|1|3
GA	Syrmik	LTR	ERVL	DR0203833	QGNR01000048.1:424977-425770+	QGNR01000076.1:3628767-3629583-	21	100	0	227,228,230,236,251,254,255	247,248,250,256,265,268,269	1	4,5,6,7,8,9,10	23	23	798	21|19|3|4|2|1|19|16|2|3|6|4
GA	Syrmik	LTR	ERVL	DR0203876	QGNR01000045.1:9231237-9232075+	QGNR01000099.1:140221-141138+	13	49	0	140,156,168,175,198	188,204,216,223,246	1	2,3,4,5,6	59	59	784	13|11|3|1|0|6|5|6|1|2|1|0
GA	Syrmik	LTR	ERVL	DR0203876	QGNR01000045.1:9231237-9232075+	QGNR01000064.1:1054263-1055154+	13	76	0	154,156,164,198,219	200,202,210,244,265	1	1,2,3,4,5	66	66	771	13|16|6|4|3|4|4|15|4|1|2|4
GA	Syrmik	LTR	ERVL	DR0203876	QGNR01000045.1:9231237-9232075+	QGNR01000064.1:858876-859702-	19	89	0	168,175,189,198,219	162,169,183,192,213	1	3,4,5,6,7	52	52	831	19|20|3|7|2|5|9|14|1|5|0|4
GA	Syrmik	LTR	ERVL	DR0203876	QGNR01000045.1:9231237-9232075+	QGNR01000050.1:5185988-5186894-	9	62	0	156,175,219,72,78	122,128,204,223,267	1	1,2,3,4,5	146	146	779	9|16|3|2|2|4|10|11|3|0|1|1
GA	Syrmik	LTR	ERVL	DR0203876	QGNR01000045.1:9231237-9232075+	QGNR01000071.1:4383176-4384091-	17	59	0	104,128,142,156,170,198,201,220	157,181,193,207,221,249,252,271	1	1,2,3,4,5,6,7,8	115	115	776	17|12|1|4|2|4|4|8|1|3|0|3
GA	Syrmik	LTR	ERVL	DR0203876	QGNR01000045.1:9231237-9232075+	QGNR01000076.1:4617988-4618511-	14	44	0	586,600,613,616,623,625	274,288,301,304,311,313	1	7,8,9,10,11,12	40	40	527	14|11|1|1|2|4|1|6|1|1|0|1
GA	Syrmik	LTR	ERVL	DR0203833	QGNR01000048.1:5683006-5683842-	QGNR01000064.1:1061384-1062223-	14	46	0	329,348,389,412,445	330,349,390,413,445	1	6,7,8,9,10	116	116	837	14|15|2|2|0|1|2|8|1|0|1|0
GA	Syrmik	LTR	ERVL	DR0203833	QGNR01000048.1:5683006-5683842-	QGNR01000122.1:982045-982877+	16	67	0	324,329,334,393,412,458	324,329,334,393,412,457	1	4,5,6,7,8,9	134	134	834	16|23|4|2|2|3|6|6|3|1|1|0
GA	Syrmik	LTR	ERVL	DR0203833	QGNR01000048.1:5683006-5683842-	QGNR01000071.1:4860348-4861171+	16	68	0	334,338,345,411,412,445	333,337,344,410,411,443	1	6,7,8,9,10,11	111	111	829	16|26|2|2|2|0|6|10|1|1|2|0
GA	Syrmik	LTR	ERVL	DR0203833	QGNR01000048.1:5683006-5683842-	QGNR01000113.1:323457-324261+	16	79	0	320,329,330,334,336	320,329,330,334,336	1	5,6,7,8,9	17	17	820	16|15|3|4|6|5|11|11|2|2|2|2
GA	Syrmik	LTR	ERVL	DR0203833	QGNR01000048.1:5683006-5683842-	QGNR01000612.1:3611-4397-	14	83	0	334,336,366,389,391	319,321,337,360,362	1	9,10,11,12,13	44	44	811	14|18|5|6|5|1|15|13|2|1|2|1
GA	Syrmik	LTR	ERVL	DR0203833	QGNR01000048.1:5683006-5683842-	QGNR01000113.1:326262-326869+	12	59	0	320,329,330,334,336	124,133,134,138,140	1	3,4,5,6,7	17	17	619	12|12|3|2|2|2|8|12|2|2|1|1
GA	Syrmik	LTR	ERVL	DR0203833	QGNR01000048.1:6001877-6002700-	QGNR01000076.1:3721516-3722348-	23	120	0	234,240,242,248,266,267	240,246,248,254,266,267	1	7,8,9,10,11,12	28	28	807	23|16|3|8|7|4|18|20|6|4|3|8
GA	Syrmik	LTR	ERVL	DR0204058	QGNR01000016.1:5208796-5209116+	QGNR01000054.1:6685824-6686148+	13	43	0	110,116,162,164,165,167	110,116,162,164,165,167	1	1,2,3,4,5,6	58	58	322	13|9|0|1|1|5|5|6|0|0|1|2
GA	Syrmik	LTR	ERVL	DR0203876	QGNR01000047.1:7320157-7321054-	QGNR01000068.1:3149755-3150631-	15	34	0	310,313,318,326,327,340	259,262,267,275,276,290	1	10,11,12,13,14,15	32	32	328	15|1|0|1|2|1|3|3|2|3|1|2
GA	Syrmik	LTR	ERVL	DR0203833	QGNR01000048.1:7096158-7096949-	QGNR01000062.1:367223-368017-	19	106	0	103,93,96,98,99	109,112,114,115,119	1	2,3,4,5,6	11	11	644	19|13|6|3|3|6|13|22|3|4|6|8
GA	Syrmik	LTR	ERVL	DR0203876	QGNR01000047.1:9051716-9052681+	QGNR01000076.1:4626505-4627390-	17	69	0	348,351,360,364,375	290,293,305,309,320	1	6,7,8,9,10	31	31	832	17|8|6|4|2|3|8|6|6|1|4|4
GA	Syrmik	LTR	ERVL	DR0203876	QGNR01000047.1:9051716-9052681+	QGNR01000076.1:4617988-4618511-	17	52	0	712,726,739,742,749,751	274,288,301,304,311,313	1	8,9,10,11,12,13	40	40	526	17|11|2|3|4|1|3|4|3|0|1|2
GA	Syrmik	LTR	ERVL	DR0203876	QGNR01000047.1:9051716-9052681+	QGNR01000064.1:1054263-1055154+	13	45	0	186,202,212,246,267	184,200,210,244,265	1	4,5,6,7,8	82	82	402	13|6|2|2|4|4|2|5|2|1|1|3
GA	Syrmik	LTR	ERVL	DR0203876	QGNR01000047.1:9051716-9052681+	QGNR01000050.1:5185988-5186894-	10	22	0	128,131,223,267,286	128,131,223,267,286	1	5,6,7,8,9	159	159	308	10|4|0|0|0|1|3|4|0|0|0|0
GA	Syrmik	LTR	ERVL	DR0203876	QGNR01000047.1:9051716-9052681+	QGNR01000094.1:85826-86692+	9	17	0	348,351,360,375,388	302,305,317,332,345	1	5,6,7,8,9	44	44	279	9|0|0|0|1|2|1|2|0|1|0|1
GA	Syrmik	LTR	ERVL	DR0203876	QGNR01000047.1:9051716-9052681+	QGNR01000114.1:2002269-2003047+	14	34	0	131,179,181,186,188	128,176,178,183,185	1	4,5,6,7,8	58	58	331	14|4|1|1|1|2|7|2|0|0|1|1
GA	Syrmik	LTR	ERVL	DR0203876	QGNR01000047.1:9051716-9052681+	QGNR01000071.1:4383176-4384091-	13	25	0	131,154,178,190,218,246,249,268	134,157,181,193,221,249,252,271	1	2,3,4,5,6,7,8,9	138	138	405	13|3|1|2|2|1|1|2|0|0|0|0
GA	Syrmik	LTR	ERVL	DR0203833	QGNR01000048.1:9760629-9761420+	QGNR01000061.1:3709386-3710217-	17	86	0	437,439,460,474,481	466,468,499,513,520	1	10,11,12,13,14	55	55	810	17|14|5|3|2|4|13|12|5|3|2|6
GA	Syrmik	LTR	ERVL	DR0203833	QGNR01000048.1:9760629-9761420+	QGNR01000076.1:3628767-3629583-	18	94	0	228,229,231,237,241,246,247	247,248,250,256,262,268,269	1	4,5,6,7,8,9,10	23	23	798	18|16|5|5|3|2|15|13|3|4|3|7
GA	Syrmik	LTR	ERVL	DR0203833	QGNR01000048.1:9760629-9761420+	QGNR01000076.1:3721516-3722348-	22	97	0	228,229,231,237,246,247	245,246,248,254,266,267	1	7,8,9,10,11,12	23	23	811	22|15|3|7|4|4|15|11|5|2|2|7
GA	Syrmik	LTR	ERVL	DR0203837	QGNR01000020.1:2597935-2598274-	QGNR01000025.1:2596345-2596684+	13	60	0	110,115,122,162,165	110,116,123,163,166	1	4,5,6,7,8	57	57	339	13|4|1|4|2|0|11|9|4|2|4|6
GA	Syrmik	LTR	ERVL	DR0203833	QGNR01000048.1:9760629-9761420+	QGNR01000171.1:18804-19606-	21	109	0	218,231,237,241,246,247	235,247,258,262,268,269	1	4,5,6,7,8,9	35	35	796	21|24|1|7|4|3|18|12|4|5|4|6
GA	Syrmik	LTR	ERVL	DR0204058	QGNR01000016.1:7665329-7665675+	QGNR01000104.1:557274-557598-	13	39	0	53,72,84,86,87	53,72,84,86,87	1	1,2,3,4,5	35	35	287	13|6|0|0|0|5|5|8|1|1|0|0
GA	Syrmik	LTR	ERVL	DR0203876	QGNR01000047.1:10726180-10726644-	QGNR01000408.1:43737-44609-	12	29	0	184,235,239,247,262,284	600,641,645,653,668,690	1	6,7,8,9,10,11	91	91	461	12|5|2|0|0|0|0|4|2|1|2|1
GA	Syrmik	LTR	ERVL	DR0203837	QGNR01000020.1:4244186-4244522-	QGNR01000055.1:802738-803064+	13	52	0	11,22,43,52,7	11,23,44,53,7	1	1,2,3,4,5	47	47	310	13|5|2|0|2|2|9|6|4|2|3|4
GA	Syrmik	LTR	ERVL	DR0203837	QGNR01000020.1:4244186-4244522-	QGNR01000066.1:4480487-4480819-	9	28	0	102,107,109,111,112	105,110,112,114,115	1	5,6,7,8,9	11	11	230	9|2|0|1|4|1|4|4|1|1|1|0
GA	Syrmik	LTR	ERVL	DR0203876	QGNR01000047.1:10726759-10726967-	QGNR01000071.1:4895412-4896238+	9	23	0	175,181,182,190,203	167,173,174,182,195	1	5,6,7,8,9	29	29	204	9|3|1|1|1|3|0|1|0|3|1|0
GA	Syrmik	LTR	ERVL	DR0203837	QGNR01000020.1:4244186-4244522-	QGNR01000090.1:40504-40845-	14	48	0	43,55,71,72,73	43,55,71,72,73	1	4,5,6,7,8	31	31	284	14|11|1|2|1|1|6|8|0|1|1|2
GA	Syrmik	LTR	ERVL	DR0203837	QGNR01000020.1:4244186-4244522-	QGNR01000218.1:118459-118782+	10	35	0	11,22,30,43,71,75	11,23,31,44,72,76	1	1,2,3,4,5,6	66	66	225	10|7|0|1|1|0|6|3|3|1|2|1
GA	Syrmik	LTR	ERVL	DR0204058	QGNR01000016.1:8005790-8006112-	QGNR01000054.1:6685824-6686148+	10	33	0	137,163,165,166,168	137,162,164,165,167	1	3,4,5,6,7	31	31	323	10|7|1|3|1|0|4|6|0|0|0|1
GA	Syrmik	LTR	ERVL	DR0203876	QGNR01000047.1:12059167-12060095-	QGNR01000068.1:3149755-3150631-	26	102	0	245,251,268,274,299,306,309	196,202,221,227,252,259,262	1	6,7,8,9,10,11,12	67	67	803	26|22|7|2|2|4|3|10|8|6|5|7
GA	Syrmik	LTR	ERVL	DR0203833	QGNR01000050.1:431414-432157+	QGNR01000076.1:3721516-3722348-	25	106	0	224,225,227,233,251,252	245,246,248,254,266,267	1	8,9,10,11,12,13	23	23	740	25|17|3|5|3|4|22|8|5|3|2|9
GA	Syrmik	LTR	ERVL	DR0204058	QGNR01000016.1:8005790-8006112-	QGNR01000033.1:7715702-7716021-	12	39	0	137,165,166,167,168,182	137,164,165,166,167,178	1	5,6,7,8,9,10	42	42	316	12|10|1|0|3|0|4|8|1|0|0|0
GA	Syrmik	LTR	ERVL	DR0203876	QGNR01000047.1:12059167-12060095-	QGNR01000076.1:4617988-4618511-	18	49	0	680,694,705,707,710,717,719	274,288,299,301,304,311,313	1	9,10,11,12,13,14,15	40	40	527	18|11|1|2|4|0|1|4|4|1|1|1
GA	Syrmik	LTR	ERVL	DR0203876	QGNR01000047.1:12059167-12060095-	QGNR01000114.1:1760953-1761876-	16	53	0	245,268,274,299,317,319	248,273,280,305,324,326	1	6,7,8,9,10,11	79	79	406	16|4|0|2|2|4|10|7|2|3|0|3
GA	Syrmik	LTR	ERVL	DR0204058	QGNR01000016.1:9961923-9962249-	QGNR01000033.1:9491049-9491368+	14	44	0	112,115,123,128,147	112,115,123,128,147	1	2,3,4,5,6	36	36	319	14|12|1|2|0|1|7|4|0|1|0|2
GA	Syrmik	LTR	ERVL	DR0203837	QGNR01000020.1:7201933-7202245+	QGNR01000034.1:2468459-2468802-	13	44	0	130,142,158,172,176	129,141,157,171,175	1	5,6,7,8,9	47	47	312	13|9|2|0|5|0|6|3|2|0|1|3
GA	Syrmik	LTR	ERVL	DR0203837	QGNR01000020.1:7201933-7202245+	QGNR01000063.1:281053-281397+	10	53	0	158,167,170,172,173,176	156,165,168,170,171,174	1	5,6,7,8,9,10	19	19	307	10|19|3|4|1|1|8|4|1|1|1|0
GA	Syrmik	LTR	ERVL	DR0203876	QGNR01000048.1:6199943-6200868+	QGNR01000068.1:3149755-3150631-	19	96	0	274,291,306,309,314	227,244,259,262,267	1	6,7,8,9,10	41	41	802	19|22|5|1|4|3|13|15|3|5|0|6
GA	Syrmik	LTR	ERVL	DR0203833	QGNR01000050.1:6931557-6932393-	QGNR01000090.1:1969656-1970489-	16	60	0	531,542,556,562,569	530,541,555,561,568	1	8,9,10,11,12	39	39	832	16|8|1|3|3|0|8|16|2|1|1|1
GA	Syrmik	LTR	ERVL	DR0203837	QGNR01000020.1:10060696-10061036-	QGNR01000025.1:4352145-4352488-	12	34	0	170,171,181,195,202	172,173,183,197,204	1	6,7,8,9,10	33	33	246	12|4|2|1|1|1|4|4|0|1|1|3
GA	Syrmik	LTR	ERVL	DR0203837	QGNR01000021.1:534674-535008+	QGNR01000061.1:5513387-5513727+	17	60	0	51,52,61,91,93	50,51,60,90,92	1	4,5,6,7,8	43	43	325	17|9|2|3|6|2|3|5|2|5|2|4
GA	Syrmik	LTR	ERVL	DR0203837	QGNR01000021.1:3791061-3791389+	QGNR01000023.1:5575078-5575412+	8	54	0	159,161,164,167,185,186	160,162,165,168,185,186	1	2,3,4,5,6,7	27	27	322	8|10|1|5|1|2|9|8|2|1|4|3
GA	Syrmik	LTR	ERVL	DR0203833	QGNR01000057.1:238237-239037+	QGNR01000076.1:4084414-4085215-	20	87	0	498,501,504,516,519	468,471,474,486,489	1	14,15,16,17,18	22	22	767	20|13|8|8|6|2|6|17|3|1|0|3
GA	Syrmik	LTR	ERVL	DR0203833	QGNR01000057.1:238237-239037+	QGNR01000068.1:2994996-2995793-	20	86	0	495,511,516,519,525	468,478,483,486,492	1	13,14,15,16,17	25	25	783	20|10|5|5|3|1|16|17|2|1|3|3
GA	Syrmik	LTR	ERVL	DR0203833	QGNR01000058.1:4288173-4288998+	QGNR01000071.1:4860348-4861171+	15	71	0	323,327,334,400,401	333,337,344,410,411	1	4,5,6,7,8	79	79	824	15|23|1|2|2|0|5|15|2|2|3|1
GA	Syrmik	LTR	ERVL	DR0203833	QGNR01000058.1:4288173-4288998+	QGNR01000107.1:211916-212726-	15	54	0	323,325,334,346,401	312,314,323,335,390	1	4,5,6,7,8	79	79	596	15|9|1|2|0|2|6|11|1|0|3|4
GA	Syrmik	LTR	ERVL	DR0203833	QGNR01000058.1:4288173-4288998+	QGNR01000612.1:3611-4397-	11	60	0	323,325,355,378,380	319,321,337,360,362	1	6,7,8,9,10	44	44	663	11|14|3|3|0|2|10|14|0|0|2|1
GA	Syrmik	LTR	ERVL	DR0203876	QGNR01000051.1:75405-76329-	QGNR01000071.1:4383176-4384091-	24	86	0	154,159,163,177,178,216	157,162,166,180,181,221	1	4,5,6,7,8,9	65	65	912	24|20|4|6|4|1|8|10|1|4|1|3
GA	Syrmik	LTR	ERVL	DR0203876	QGNR01000051.1:75405-76329-	QGNR01000071.1:4895412-4896238+	22	76	0	163,177,178,197,214	159,173,174,195,212	1	5,6,7,8,9	54	54	840	22|16|5|5|4|2|8|6|1|3|1|3
GA	Syrmik	LTR	ERVL	DR0203876	QGNR01000051.1:75405-76329-	QGNR01000090.1:1159206-1160084-	16	78	0	135,157,159,163,177	106,108,112,126,84	1	1,2,3,4,5	43	43	800	16|17|5|2|6|4|3|12|6|1|1|5
GA	Syrmik	LTR	ERVL	DR0203876	QGNR01000051.1:75405-76329-	QGNR01000076.1:4364246-4365131-	26	102	0	140,159,163,177,210,214	140,159,163,177,212,216	1	5,6,7,8,9,10	77	77	895	26|14|4|11|3|2|10|16|7|3|1|5
GA	Syrmik	LTR	ERVL	DR0203876	QGNR01000051.1:75405-76329-	QGNR01000076.1:4227636-4228554-	28	117	0	140,150,158,159,163,177	129,139,147,148,152,166	1	4,5,6,7,8,9	38	38	921	28|13|3|11|6|7|12|15|9|3|3|7
GA	Syrmik	LTR	ERVL	DR0203876	QGNR01000051.1:75405-76329-	QGNR01000139.1:179743-180663+	8	26	0	292,300,311,313,317	322,330,341,343,347	1	3,4,5,6,7	26	26	268	8|3|1|2|1|0|3|5|0|0|1|2
GA	Syrmik	LTR	ERVL	DR0203876	QGNR01000051.1:75405-76329-	QGNR01000106.1:1307987-1308610+	12	46	0	158,159,163,168,177	107,108,112,117,126	1	1,2,3,4,5	20	20	551	12|8|2|1|2|3|4|7|2|2|0|3
GA	Syrmik	LTR	ERVL	DR0203876	QGNR01000051.1:75405-76329-	QGNR01000076.1:4618522-4619026-	13	47	0	134,158,159,163,177	134,158,159,163,177	1	5,6,7,8,9	44	44	450	13|8|1|3|1|2|8|7|1|2|0|1
GA	Syrmik	LTR	ERVL	DR0203876	QGNR01000051.1:75405-76329-	QGNR01000114.1:2002269-2003047+	16	45	0	159,163,177,179,181,186	156,160,174,176,178,183	1	5,6,7,8,9,10	28	28	374	16|4|2|3|4|1|6|4|1|1|1|2
GA	Syrmik	LTR	ERVL	DR0203837	QGNR01000021.1:8242427-8242766+	QGNR01000023.1:5575078-5575412+	10	58	0	166,169,175,180,186	165,168,174,179,185	1	5,6,7,8,9	21	21	334	10|9|3|3|2|3|13|7|2|2|1|3
GA	Syrmik	LTR	ERVL	DR0203876	QGNR01000051.1:3255245-3256138+	QGNR01000064.1:1054263-1055154+	18	91	0	186,202,212,246,267	184,200,210,244,265	1	4,5,6,7,8	82	82	892	18|20|6|10|5|2|10|10|2|1|3|4
GA	Syrmik	LTR	ERVL	DR0203876	QGNR01000051.1:3255245-3256138+	QGNR01000068.1:3149755-3150631-	16	39	0	246,252,309,312,322,325	196,202,259,262,271,274	1	8,9,10,11,12,13	79	79	326	16|3|1|1|4|1|2|2|3|2|1|3
GA	Syrmik	LTR	ERVL	DR0203876	QGNR01000051.1:3255245-3256138+	QGNR01000076.1:4227636-4228554-	16	44	0	140,150,158,159,163	129,139,147,148,152	1	3,4,5,6,7	24	24	395	16|2|1|10|1|3|4|5|1|0|0|1
GA	Syrmik	LTR	ERVL	DR0203876	QGNR01000052.1:309803-310640+	QGNR01000068.1:2866744-2867587+	18	75	0	170,184,193,211,222	172,186,195,213,224	1	6,7,8,9,10	53	53	840	18|16|4|6|2|1|10|13|1|0|1|3
GA	Syrmik	LTR	ERVL	DR0203876	QGNR01000052.1:309803-310640+	QGNR01000099.1:140221-141138+	18	60	0	163,170,193,211,222,264	216,223,246,264,275,317	1	4,5,6,7,8,9	102	102	784	18|17|3|1|0|1|5|10|1|0|1|3
GA	Syrmik	LTR	ERVL	DR0203876	QGNR01000052.1:309803-310640+	QGNR01000094.1:85826-86692+	21	58	0	163,168,211,214,222	170,175,218,221,229	1	5,6,7,8,9	60	60	851	21|11|1|2|0|2|8|8|0|1|1|3
GA	Syrmik	LTR	ERVL	DR0203876	QGNR01000052.1:309803-310640+	QGNR01000248.1:17245-18127+	13	66	0	163,168,193,211,222	216,221,246,264,275	1	3,4,5,6,7	60	60	767	13|19|0|6|4|0|8|10|1|2|0|3
GA	Syrmik	LTR	ERVL	DR0203876	QGNR01000052.1:309803-310640+	QGNR01000058.1:4385775-4386668+	20	78	0	178,184,193,195,211	231,237,246,248,264	1	4,5,6,7,8	34	34	772	20|18|4|5|2|1|11|11|2|1|0|3
GA	Syrmik	LTR	ERVL	DR0203876	QGNR01000052.1:309803-310640+	QGNR01000064.1:858876-859702-	18	101	0	163,170,184,193,211,214	162,169,183,192,210,213	1	5,6,7,8,9,10	52	52	831	18|27|5|8|4|4|7|18|3|2|0|5
GA	Syrmik	LTR	ERVL	DR0203876	QGNR01000052.1:309803-310640+	QGNR01000068.1:3149755-3150631-	23	93	0	193,199,211,222,256,259	196,202,214,225,259,262	1	10,11,12,13,14,15	67	67	856	23|25|1|6|7|2|7|14|2|1|1|4
GA	Syrmik	LTR	ERVL	DR0203876	QGNR01000052.1:309803-310640+	QGNR01000071.1:4383176-4384091-	21	71	0	165,193,196,211,215,222	221,249,252,267,271,278	1	4,5,6,7,8,9	58	58	776	21|19|3|4|3|0|4|9|0|2|1|5
GA	Syrmik	LTR	ERVL	DR0203876	QGNR01000052.1:309803-310640+	QGNR01000068.1:3183487-3184365+	20	78	0	193,203,211,215,222	196,206,214,218,225	1	6,7,8,9,10	30	30	711	20|26|0|3|6|2|5|11|2|1|1|1
GA	Syrmik	LTR	ERVL	DR0203876	QGNR01000052.1:309803-310640+	QGNR01016065.1:0-745+	9	23	0	211,214,222,256,264	144,147,155,189,197	1	2,3,4,5,6	54	54	238	9|4|0|1|0|0|6|2|0|0|0|1
GA	Syrmik	LTR	ERVL	DR0203876	QGNR01000052.1:309803-310640+	QGNR01000076.1:4804894-4805823-	26	112	0	170,180,211,214,215	263,273,304,307,308	1	2,3,4,5,6	46	46	704	26|22|7|10|6|3|6|21|1|1|3|6
GA	Syrmik	LTR	ERVL	DR0203837	QGNR01000022.1:1131122-1131465-	QGNR01000037.1:1713500-1713821-	12	52	0	107,113,117,119,123,124	102,108,112,114,118,119	1	5,6,7,8,9,10	18	18	305	12|9|4|3|0|2|5|8|2|2|1|4
GA	Syrmik	LTR	ERVL	DR0203837	QGNR01000022.1:1131122-1131465-	QGNR01000061.1:5513387-5513727+	11	37	0	107,114,116,117,119	106,113,115,116,118	1	7,8,9,10,11	13	13	237	11|3|2|3|0|3|4|5|2|1|1|2
GA	Syrmik	LTR	ERVL	DR0203876	QGNR01000052.1:869509-870371+	QGNR01000058.1:4385775-4386668+	10	30	0	229,235,244,246,257	231,237,246,248,259	1	4,5,6,7,8	29	29	394	10|5|2|2|1|0|3|3|3|0|0|1
GA	Syrmik	LTR	ERVL	DR0203876	QGNR01000052.1:869509-870371+	QGNR01000114.1:2136632-2137358+	8	19	0	235,244,257,265,266	184,193,206,214,215	1	3,4,5,6,7	32	32	213	8|2|0|1|1|0|4|2|0|0|0|1
GA	Syrmik	LTR	ERVL	DR0203876	QGNR01000052.1:869509-870371+	QGNR01000128.1:555875-556655-	9	36	0	235,244,257,265,266	237,246,259,267,268	1	5,6,7,8,9	32	32	334	9|3|0|2|3|0|7|4|5|0|2|1
GA	Syrmik	LTR	ERVL	DR0203876	QGNR01000052.1:869509-870371+	QGNR01000068.1:3373540-3374479+	14	34	0	538,551,565,612,631,634,636	608,621,635,684,703,706,708	1	1,2,3,4,5,6,7	101	101	336	14|11|1|1|1|1|2|1|1|0|0|1
GA	Syrmik	LTR	ERVL	DR0204058	QGNR01000017.1:1875912-1876235+	QGNR01000054.1:6685824-6686148+	9	35	0	163,165,166,168,173	162,164,165,167,172	1	2,3,4,5,6	11	11	323	9|4|1|4|3|1|3|5|0|2|0|3
GA	Syrmik	LTR	ERVL	DR0203876	QGNR01000052.1:869509-870371+	QGNR01000076.1:4617988-4618511-	14	35	0	609,623,634,636,639,646,648	274,288,299,301,304,311,313	1	3,4,5,6,7,8,9	40	40	328	14|7|1|2|3|1|2|2|1|0|0|1
GA	Syrmik	LTR	ERVL	DR0203837	QGNR01000022.1:4479617-4479956+	QGNR01000060.1:5651114-5651452-	12	47	0	60,71,74,76,84	60,71,74,76,84	1	2,3,4,5,6	25	25	332	12|5|1|1|2|3|4|6|4|4|3|2
GA	Syrmik	LTR	ERVL	DR0203876	QGNR01000052.1:943601-944521+	QGNR01000068.1:3373540-3374479+	17	45	0	596,609,670,689,692,694	608,621,684,703,706,708	1	5,6,7,8,9,10	101	101	498	17|12|1|1|1|1|3|5|2|0|1|1
GA	Syrmik	LTR	ERVL	DR0203876	QGNR01000052.1:943601-944521+	QGNR01000076.1:4626505-4627390-	9	31	0	481,486,491,520,537	464,469,474,503,520	1	1,2,3,4,5	57	57	461	9|6|1|2|1|2|3|3|2|0|1|1
GA	Syrmik	LTR	ERVL	DR0203876	QGNR01000052.1:943601-944521+	QGNR01000076.1:4617988-4618511-	19	51	0	667,681,692,694,697,704,706	274,288,299,301,304,311,313	1	8,9,10,11,12,13,14	40	40	489	19|10|1|3|4|1|2|5|3|0|1|1
GA	Syrmik	LTR	ERVL	DR0203876	QGNR01000052.1:943601-944521+	QGNR01000218.1:80068-80828+	8	32	0	236,254,258,266,267	241,259,263,271,272	1	4,5,6,7,8	32	32	322	8|5|0|2|1|0|7|4|4|1|0|0
GA	Syrmik	LTR	ERVL	DR0203876	QGNR01000053.1:3694080-3694969-	QGNR01000099.1:140221-141138+	15	56	0	171,187,199,206,229,263,280	188,204,216,223,246,280,298	1	3,4,5,6,7,8,9	111	111	901	15|14|5|2|3|2|3|4|5|1|1|1
GA	Syrmik	LTR	ERVL	DR0203876	QGNR01000053.1:3694080-3694969-	QGNR01000075.1:1348461-1349364+	10	50	0	187,206,263,280,304	203,222,279,297,318	1	1,2,3,4,5	116	116	894	10|5|3|4|2|0|11|5|6|2|1|1
GA	Syrmik	LTR	ERVL	DR0203876	QGNR01000053.1:3694080-3694969-	QGNR01000096.1:1235976-1236881-	15	52	0	187,196,229,250,263	206,215,248,269,282	1	4,5,6,7,8	77	77	894	15|10|1|5|5|1|5|4|3|0|1|2
GA	Syrmik	LTR	ERVL	DR0203876	QGNR01000053.1:3694080-3694969-	QGNR01000068.1:2866744-2867587+	17	55	0	206,220,229,263,280	172,186,195,229,247	1	5,6,7,8,9	76	76	745	17|9|3|6|4|0|6|5|4|0|1|0
GA	Syrmik	LTR	ERVL	DR0203876	QGNR01000053.1:3694080-3694969-	QGNR01000094.1:85826-86692+	16	50	0	187,199,204,250,263,280	158,170,175,221,234,252	1	2,3,4,5,6,7	95	95	755	16|5|5|2|6|0|6|4|3|2|0|1
GA	Syrmik	LTR	ERVL	DR0203876	QGNR01000053.1:3694080-3694969-	QGNR01000071.1:4383176-4384091-	22	81	0	173,187,201,229,232,251,263	193,207,221,249,252,271,283	1	4,5,6,7,8,9,10	91	91	898	22|16|6|6|7|1|9|2|4|2|2|4
GA	Syrmik	LTR	ERVL	DR0203833	QGNR01000061.1:3709386-3710217-	QGNR01000113.1:323457-324261+	12	86	0	320,329,330,334,336	320,329,330,334,336	1	4,5,6,7,8	17	17	811	12|16|2|2|7|3|17|18|2|3|1|3
GA	Syrmik	LTR	ERVL	DR0203876	QGNR01000053.1:3694080-3694969-	QGNR01000064.1:1054263-1055154+	18	97	0	185,187,195,229,250	200,202,210,244,265	1	5,6,7,8,9	66	66	881	18|20|6|11|9|1|10|8|6|2|3|3
GA	Syrmik	LTR	ERVL	DR0203876	QGNR01000053.1:3694080-3694969-	QGNR01000114.1:1760953-1761876-	29	98	0	229,263,280,302,304	248,283,301,324,326	1	8,9,10,11,12	79	79	860	29|12|2|8|8|3|16|8|4|4|2|2
GA	Syrmik	LTR	ERVL	DR0203876	QGNR01000053.1:3694080-3694969-	QGNR01000068.1:3149755-3150631-	25	89	0	229,235,263,280,291,294	196,202,230,248,259,262	1	6,7,8,9,10,11	67	67	760	25|18|4|6|8|1|10|7|4|4|0|2
GA	Syrmik	LTR	ERVL	DR0203833	QGNR01000061.1:3709386-3710217-	QGNR01000612.1:3611-4397-	12	84	0	334,336,366,389,391	319,321,337,360,362	1	7,8,9,10,11	44	44	808	12|13|5|5|5|4|20|12|3|1|1|3
GA	Syrmik	LTR	ERVL	DR0203876	QGNR01000053.1:3694080-3694969-	QGNR01000064.1:858876-859702-	19	81	0	199,206,220,229,250	162,169,183,192,213	1	2,3,4,5,6	52	52	727	19|15|4|8|7|1|10|6|4|3|1|3
GA	Syrmik	LTR	ERVL	DR0203833	QGNR01000061.1:3709386-3710217-	QGNR01000113.1:326262-326869+	9	60	0	320,329,330,334,336	124,133,134,138,140	1	2,3,4,5,6	17	17	611	9|10|3|0|2|1|13|16|2|2|0|2
GA	Syrmik	LTR	ERVL	DR0203876	QGNR01000053.1:3694080-3694969-	QGNR01000076.1:4617988-4618511-	16	50	0	636,650,661,663,666,673,675	274,288,299,301,304,311,313	1	6,7,8,9,10,11,12	40	40	533	16|9|2|4|8|2|2|3|2|0|0|1
GA	Syrmik	LTR	ERVL	DR0204058	QGNR01000017.1:6817484-6817806-	QGNR01000054.1:6685824-6686148+	6	24	0	109,115,161,164,166	110,116,162,165,167	1	2,3,4,5,6	58	58	322	6|5|0|3|0|0|2|4|0|1|1|2
GA	Syrmik	LTR	ERVL	DR0203833	QGNR01000062.1:150542-151327+	QGNR01000076.1:3721516-3722348-	21	101	0	191,196,197,199,223,224	240,245,246,248,266,267	1	3,4,5,6,7,8	28	28	674	21|14|5|3|7|4|14|18|2|8|0|5
GA	Syrmik	LTR	ERVL	DR0203833	QGNR01000062.1:367223-368017-	QGNR01000076.1:4084414-4085215-	15	80	0	355,414,416,418,426	326,387,389,392,400	1	7,8,9,10,11	75	75	639	15|12|4|4|2|5|13|15|5|1|2|2
GA	Syrmik	LTR	ERVL	DR0203837	QGNR01000022.1:10505858-10506178-	QGNR01000025.1:6616725-6617064-	8	37	0	113,114,152,154,157	113,114,152,154,157	1	2,3,4,5,6	45	45	280	8|5|4|3|1|3|6|5|0|2|0|0
GA	Syrmik	LTR	ERVL	DR0203833	QGNR01000062.1:848613-849448+	QGNR01000113.1:323457-324261+	14	78	0	320,329,330,334,336,339	320,329,330,334,336,339	1	4,5,6,7,8,9	20	20	819	14|15|1|4|6|4|12|11|2|4|2|3
GA	Syrmik	LTR	ERVL	DR0203876	QGNR01000058.1:2526094-2527012-	QGNR01000076.1:4617988-4618511-	15	45	0	675,689,700,705,714	274,288,299,304,313	1	8,9,10,11,12	40	40	517	15|9|1|2|4|1|3|6|2|0|0|1
GA	Syrmik	LTR	ERVL	DR0203837	QGNR01000022.1:13223174-13223491+	QGNR01000061.1:5513387-5513727+	10	37	0	100,52,61,90,91,93	51,60,89,90,92,99	1	2,3,4,5,6,7	49	49	219	10|2|0|1|1|3|8|5|3|1|2|1
GA	Syrmik	LTR	ERVL	DR0203833	QGNR01000062.1:1619902-1620735+	QGNR01000397.1:7652-8302-	13	46	0	254,262,280,283,317	250,258,276,279,313	1	2,3,4,5,6	64	64	659	13|10|3|0|2|2|3|4|2|1|4|2
GA	Syrmik	LTR	ERVL	DR0203833	QGNR01000062.1:1619902-1620735+	QGNR01000071.1:4720056-4720863-	24	100	0	409,434,442,457,460	387,411,419,434,437	1	14,15,16,17,18	51	51	820	24|14|5|4|3|3|19|16|4|3|1|4
GA	Syrmik	LTR	ERVL	DR0203833	QGNR01000062.1:1619902-1620735+	QGNR01000171.1:18804-19606-	15	86	0	237,254,262,269,313,326,331	235,251,258,262,306,319,324	1	2,3,4,5,6,7,8	90	90	762	15|19|2|6|4|4|12|14|4|1|0|5
GA	Syrmik	LTR	ERVL	DR0204058	QGNR01000018.1:10854519-10854836+	QGNR01000054.1:6685824-6686148+	7	29	0	110,116,162,164,165,167	110,116,162,164,165,167	1	1,2,3,4,5,6	58	58	320	7|6|0|3|0|1|6|2|0|1|0|3
GA	Syrmik	LTR	ERVL	DR0203876	QGNR01000061.1:3619326-3620224+	QGNR01000068.1:3149755-3150631-	25	94	0	306,308,309,317,319	259,261,262,273,275	1	9,10,11,12,13	17	17	788	25|27|3|5|4|1|5|9|4|6|2|3
GA	Syrmik	LTR	ERVL	DR0203837	QGNR01000023.1:2634691-2635021+	QGNR01000041.1:6231234-6231556-	14	59	0	166,167,169,171,172	165,166,168,170,171	1	4,5,6,7,8	7	7	318	14|11|4|2|0|3|6|7|1|6|2|3
GA	Syrmik	LTR	ERVL	DR0203833	QGNR01000062.1:2458044-2458874+	QGNR01000397.1:7652-8302-	15	69	0	254,267,272,275,309	258,271,276,279,313	1	7,8,9,10,11	56	56	658	15|11|2|1|2|4|12|9|2|3|7|1
GA	Syrmik	LTR	ERVL	DR0203833	QGNR01000064.1:710942-711666+	QGNR01000075.1:561293-562065-	19	71	0	432,446,449,458,463	438,450,453,462,467	1	13,14,15,16,17	30	30	571	19|6|4|2|1|6|9|10|1|5|4|4
GA	Syrmik	LTR	ERVL	DR0203837	QGNR01000023.1:3515168-3515491+	QGNR01000066.1:4045713-4046040-	8	50	0	272,276,278,286,297	274,278,280,289,300	1	4,5,6,7,8	27	27	304	8|9|7|4|0|2|6|7|1|3|0|3
GA	Syrmik	LTR	ERVL	DR0204058	QGNR01000019.1:11882760-11883081-	QGNR01000054.1:6685824-6686148+	13	43	0	116,162,164,165,167	116,162,164,165,167	1	2,3,4,5,6	52	52	322	13|10|1|3|0|4|4|6|0|0|1|1
GA	Syrmik	LTR	ERVL	DR0203837	QGNR01000023.1:3515168-3515491+	QGNR01000039.1:4410899-4411241-	8	35	0	163,165,171,179,190	163,165,171,179,192	1	3,4,5,6,7	30	30	226	8|5|3|2|1|0|8|5|0|2|1|0
GA	Syrmik	LTR	ERVL	DR0203876	QGNR01000064.1:858876-859702-	QGNR01000082.1:1393743-1394668-	9	34	0	217,222,256,264,266	272,276,310,318,320	1	4,5,6,7,8	49	49	272	9|3|1|0|1|0|10|2|3|2|3|0
GA	Syrmik	LTR	ERVL	DR0203876	QGNR01000064.1:858876-859702-	QGNR01000076.1:4617988-4618511-	11	59	0	598,600,603,610,612	299,301,304,311,313	1	7,8,9,10,11	15	15	521	11|10|2|2|3|4|6|12|2|4|0|3
GA	Syrmik	LTR	ERVL	DR0203876	QGNR01000064.1:858876-859702-	QGNR01000068.1:3149755-3150631-	13	40	0	217,222,256,259,264,272,273,286	221,225,259,262,267,275,276,290	1	6,7,8,9,10,11,12,13	70	70	398	13|5|0|1|4|3|5|3|3|1|1|1
GA	Syrmik	LTR	ERVL	DR0204058	QGNR01000021.1:154731-155062+	QGNR01000054.1:6685824-6686148+	10	32	0	110,116,162,164,165,167	110,116,162,164,165,167	1	1,2,3,4,5,6	58	58	327	10|5|1|4|0|0|3|7|0|1|0|1
GA	Syrmik	LTR	ERVL	DR0203876	QGNR01000064.1:1054263-1055154+	QGNR01000076.1:4617988-4618511-	15	60	0	664,666,669,676,678	299,301,304,311,313	1	7,8,9,10,11	15	15	530	15|12|2|1|4|4|4|11|4|2|0|0
GA	Syrmik	LTR	ERVL	DR0204058	QGNR01000022.1:53908-54230-	QGNR01000043.1:2415685-2416005-	11	36	0	139,154,162,170,196	138,153,161,168,195	1	4,5,6,7,8	58	58	320	11|9|1|0|0|5|1|7|0|1|0|1
GA	Syrmik	LTR	ERVL	DR0204058	QGNR01000022.1:53908-54230-	QGNR01000054.1:6685824-6686148+	12	40	0	139,162,164,165,167	139,162,164,165,167	1	3,4,5,6,7	29	29	323	12|9|1|2|0|4|2|6|0|1|1|2
GA	Syrmik	LTR	ERVL	DR0203833	QGNR01000066.1:14880-15693-	QGNR01000090.1:296872-297681+	15	73	0	444,454,459,472,478,481	446,456,461,468,474,477	1	7,8,9,10,11,12	32	32	805	15|15|2|4|5|2|12|12|0|3|2|0
GA	Syrmik	LTR	ERVL	DR0203833	QGNR01000066.1:14880-15693-	QGNR01000612.1:3611-4397-	16	77	0	345,354,377,379,385	328,337,360,362,368	1	8,9,10,11,12	41	41	794	16|15|5|4|6|2|9|8|2|4|3|3
GA	Syrmik	LTR	ERVL	DR0203833	QGNR01000066.1:293977-294781+	QGNR01000076.1:3721516-3722348-	20	93	0	227,228,236,254,255	245,246,254,266,267	1	7,8,9,10,11	23	23	804	20|15|1|7|2|5|18|11|4|3|2|5
GA	Syrmik	LTR	ERVL	DR0203833	QGNR01000068.1:1408369-1409163+	QGNR01000099.1:12765-13568-	18	101	0	383,403,404,408,416	382,402,403,407,415	1	8,9,10,11,12	34	34	782	18|21|5|4|4|1|15|18|5|3|4|3
GA	Syrmik	LTR	ERVL	DR0203833	QGNR01000068.1:1408369-1409163+	QGNR01000076.1:4084414-4085215-	19	98	0	306,309,321,324,326	281,284,296,299,301	1	6,7,8,9,10	21	21	777	19|15|5|8|5|4|8|19|7|3|2|3
GA	Syrmik	LTR	ERVL	DR0203833	QGNR01000068.1:1408369-1409163+	QGNR01000076.1:4159786-4160614-	15	82	0	294,302,306,309,321	309,317,321,324,336	1	4,5,6,7,8	28	28	799	15|11|1|6|4|8|14|17|2|2|2|0
GA	Syrmik	LTR	ERVL	DR0203833	QGNR01000068.1:1408369-1409163+	QGNR01000076.1:3721516-3722348-	22	99	0	227,228,230,236,254,255	245,246,248,254,266,267	1	5,6,7,8,9,10	23	23	813	22|11|4|5|6|4|19|15|4|2|1|6
GA	Syrmik	LTR	ERVL	DR0203833	QGNR01000068.1:2676928-2677525+	QGNR01000113.1:323457-324261+	12	70	0	320,329,330,336,340	320,329,330,336,340	1	4,5,6,7,8	21	21	604	12|8|1|2|4|3|14|14|4|5|1|2
GA	Syrmik	LTR	ERVL	DR0203876	QGNR01000068.1:3128481-3129260-	QGNR01000408.1:43737-44609-	14	35	0	481,508,548,552,575,597	573,600,641,645,668,690	1	9,10,11,12,13,14	118	118	591	14|6|2|2|1|1|1|7|1|0|0|0
GA	Syrmik	LTR	ERVL	DR0203876	QGNR01000068.1:3128481-3129260-	QGNR01000114.1:2002269-2003047+	21	84	0	180,182,184,189,191	174,176,178,183,185	1	6,7,8,9,10	12	12	767	21|19|4|4|4|4|12|10|2|1|2|1
GA	Syrmik	LTR	ERVL	DR0203833	QGNR01000068.1:2676928-2677525+	QGNR01000113.1:326262-326869+	9	40	0	320,329,330,336,340	124,133,134,140,144	1	2,3,4,5,6	21	21	403	9|3|0|1|2|0|9|9|2|4|1|0
GA	Syrmik	LTR	ERVL	DR0203876	QGNR01000068.1:3128481-3129260-	QGNR01000068.1:3373540-3374479+	10	31	0	467,481,528,547,548	621,635,684,703,704	1	3,4,5,6,7	84	84	420	10|8|1|1|1|1|2|4|2|0|0|1
GA	Syrmik	LTR	ERVL	DR0203833	QGNR01000068.1:2677818-2678598+	QGNR01000113.1:323457-324261+	18	99	0	320,329,330,336,340	320,329,330,336,340	1	4,5,6,7,8	21	21	786	18|15|1|2|4|4|17|24|4|5|3|2
GA	Syrmik	LTR	ERVL	DR0203833	QGNR01000068.1:2677818-2678598+	QGNR01000113.1:326262-326869+	15	70	0	320,329,330,336,340	124,133,134,140,144	1	2,3,4,5,6	21	21	585	15|10|0|1|2|1|12|20|2|4|3|0
GA	Syrmik	LTR	ERVL	DR0203837	QGNR01000024.1:4528673-4529015-	QGNR01000066.1:5397964-5398309-	15	58	0	104,70,73,82,95	70,73,82,90,99	1	2,3,4,5,6	30	30	331	15|7|3|4|0|3|6|15|0|1|3|1
GA	Syrmik	LTR	ERVL	DR0203833	QGNR01000068.1:2891293-2891815-	QGNR01000113.1:323457-324261+	9	46	0	61,70,71,75,77	320,329,330,334,336	1	1,2,3,4,5	17	17	522	9|5|1|0|3|1|8|13|1|2|2|1
GA	Syrmik	LTR	ERVL	DR0203833	QGNR01000068.1:2891293-2891815-	QGNR01000113.1:326262-326869+	9	50	0	61,70,71,75,77	124,133,134,138,140	1	1,2,3,4,5	17	17	522	9|6|1|0|3|1|10|14|1|2|2|1
GA	Syrmik	LTR	ERVL	DR0203876	QGNR01000068.1:3373540-3374479+	QGNR01000088.1:230826-231675-	7	76	0	300,310,317,325,327	241,251,258,266,268	1	2,3,4,5,6	28	28	801	7|8|1|2|1|6|21|17|3|0|3|7
GA	Syrmik	LTR	ERVL	DR0203837	QGNR01000024.1:5947803-5948150-	QGNR01000024.1:9171852-9172185+	7	30	0	180,189,193,199,203	177,187,191,197,201	1	3,4,5,6,7	25	25	240	7|4|4|0|1|1|3|6|0|3|0|1
GA	Syrmik	LTR	ERVL	DR0203837	QGNR01000024.1:6166201-6166532-	QGNR01000087.1:1584658-1584983+	10	24	0	36,49,55,57,75	53,66,72,74,91	1	1,2,3,4,5	39	39	209	10|2|2|2|2|0|3|1|0|1|0|1
GA	Syrmik	LTR	ERVL	DR0203833	QGNR01000068.1:2994996-2995793-	QGNR01000075.1:3311186-3311999-	22	86	0	658,681,688,702,703	674,697,704,718,719	1	18,19,20,21,22	46	46	805	22|9|2|4|2|3|16|15|2|5|4|2
GA	Syrmik	LTR	ERVL	DR0203837	QGNR01000024.1:7232693-7233028-	QGNR01000024.1:12015385-12015715-	14	38	0	49,52,61,62,72	49,52,61,62,72	1	4,5,6,7,8	24	24	233	14|3|2|3|0|2|3|6|2|0|3|0
GA	Syrmik	LTR	ERVL	DR0203833	QGNR01000068.1:3046374-3047267-	QGNR01000113.1:323457-324261+	14	68	0	320,329,330,334,336	320,329,330,334,336	1	4,5,6,7,8	17	17	653	14|10|1|1|5|7|10|11|1|3|1|4
GA	Syrmik	LTR	ERVL	DR0203833	QGNR01000068.1:3046374-3047267-	QGNR01000075.1:3311186-3311999-	16	79	0	187,198,201,209,225	165,176,179,187,203	1	2,3,4,5,6	39	39	659	16|12|3|5|4|2|16|11|2|3|4|1
GA	Syrmik	LTR	ERVL	DR0203837	QGNR01000024.1:8766365-8766698-	QGNR01000024.1:12015385-12015715-	11	40	0	49,52,61,62,72,74	49,52,61,62,72,74	1	2,3,4,5,6,7	26	26	245	11|5|1|1|2|3|3|8|3|1|2|0
GA	Syrmik	LTR	ERVL	DR0203833	QGNR01000068.1:3246013-3246855+	QGNR01000076.1:3721516-3722348-	20	89	0	260,261,263,269,287,288	245,246,248,254,266,267	1	6,7,8,9,10,11	23	23	811	20|11|5|4|5|2|10|15|4|2|3|8
GA	Syrmik	LTR	ERVL	DR0203837	QGNR01000024.1:9754712-9755026-	QGNR01000024.1:12015385-12015715-	11	29	0	19,28,40,41,53,72	40,49,61,62,74,93	1	1,2,3,4,5,6	54	54	212	11|1|2|2|1|2|2|6|1|1|0|0
GA	Syrmik	LTR	ERVL	DR0203876	QGNR01000071.1:4466262-4467136-	QGNR01000151.1:735898-736737+	22	102	0	108,127,143,66,81	108,127,143,66,81	1	3,4,5,6,7	78	78	856	22|15|4|6|3|8|13|18|1|5|4|3
GA	Syrmik	LTR	ERVL	DR0203876	QGNR01000071.1:4466262-4467136-	QGNR01000122.1:600004-600849+	25	118	0	108,130,66,78,81	109,131,67,79,82	1	3,4,5,6,7	65	65	853	25|18|8|4|5|6|10|11|6|6|9|10
GA	Syrmik	LTR	ERVL	DR0203833	QGNR01000068.1:3415783-3416582+	QGNR01000090.1:1969656-1970489-	20	83	0	494,522,525,532,533	530,558,561,568,569	1	12,13,14,15,16	40	40	810	20|10|1|4|3|3|10|16|4|6|2|4
GA	Syrmik	LTR	ERVL	DR0203876	QGNR01000071.1:4466262-4467136-	QGNR01000090.1:1159206-1160084-	11	32	0	106,108,67,81,84	106,108,67,81,84	1	3,4,5,6,7	42	42	343	11|7|1|2|1|0|4|3|1|1|0|1
GA	Syrmik	LTR	ERVL	DR0203833	QGNR01000068.1:3415783-3416582+	QGNR01000076.1:3721516-3722348-	21	94	0	216,217,219,225,243,244	245,246,248,254,266,267	1	7,8,9,10,11,12	23	23	810	21|15|4|4|7|2|11|11|5|4|2|8
GA	Syrmik	LTR	ERVL	DR0204058	QGNR01000023.1:4845863-4846185-	QGNR01000054.1:6685824-6686148+	9	37	0	148,162,164,165,167	148,162,164,165,167	1	2,3,4,5,6	20	20	323	9|10|1|4|1|1|2|6|0|0|0|3
GA	Syrmik	LTR	ERVL	DR0203833	QGNR01000068.1:3857733-3858546-	QGNR01000076.1:3721516-3722348-	21	102	0	224,225,227,233,251,252	245,246,248,254,266,267	1	7,8,9,10,11,12	23	23	805	21|17|2|7|4|3|17|11|7|4|1|8
GA	Syrmik	LTR	ERVL	DR0203876	QGNR01000071.1:4781295-4782144+	QGNR01000076.1:4626505-4627390-	7	22	0	271,273,279,290,308	260,262,268,279,297	1	3,4,5,6,7	38	38	341	7|2|1|0|1|1|3|3|1|1|0|2
GA	Syrmik	LTR	ERVL	DR0203833	QGNR01000070.1:7412918-7413699-	QGNR01000090.1:296872-297681+	17	84	0	451,460,462,469,487	450,459,461,468,495	1	9,10,11,12,13	46	46	795	17|15|3|3|1|2|11|20|2|6|1|2
GA	Syrmik	LTR	ERVL	DR0204058	QGNR01000024.1:7438138-7438419+	QGNR01000054.1:6685824-6686148+	7	17	0	144,163,165,166,168	143,162,164,165,167	1	3,4,5,6,7	25	25	185	7|2|1|1|1|0|2|1|0|0|1|1
GA	Syrmik	LTR	ERVL	DR0204058	QGNR01000024.1:7494956-7495279+	QGNR01000033.1:7715702-7716021-	10	42	0	164,166,167,182,186	164,166,167,178,182	1	4,5,6,7,8	19	19	321	10|12|1|2|2|0|4|5|3|2|0|1
GA	Syrmik	LTR	ERVL	DR0203876	QGNR01000075.1:562374-563107-	QGNR01000218.1:80068-80828+	8	27	0	202,213,240,258,271,274	203,214,241,259,272,275	1	2,3,4,5,6,7	73	73	494	8|6|0|0|1|2|0|5|2|2|1|0
GA	Syrmik	LTR	ERVL	DR0203876	QGNR01000075.1:562374-563107-	QGNR01000076.1:3994604-3995363-	9	30	0	213,219,240,252,271,274	208,214,235,247,266,269	1	3,4,5,6,7,8	62	62	492	9|9|0|0|2|0|1|4|2|1|1|0
GA	Syrmik	LTR	ERVL	DR0204058	QGNR01000024.1:10731260-10731588-	QGNR01000066.1:2588893-2589214+	11	50	0	50,53,54,58,80,83	50,53,54,58,80,83	1	1,2,3,4,5,6	34	34	324	11|11|0|1|3|5|3|7|2|3|1|3
GA	Syrmik	LTR	ERVL	DR0203833	QGNR01000071.1:4028769-4029562+	QGNR01000105.1:46203-47016-	22	117	0	227,228,237,248,249	243,244,253,270,271	1	4,5,6,7,8	29	29	800	22|28|4|4|5|4|22|20|4|2|0|2
GA	Syrmik	LTR	ERVL	DR0203876	QGNR01000075.1:645992-646863-	QGNR01000076.1:4617988-4618511-	14	42	0	618,632,643,645,655,657	274,288,299,301,311,313	1	7,8,9,10,11,12	40	40	461	14|7|1|3|4|1|2|5|1|1|0|2
GA	Syrmik	LTR	ERVL	DR0203837	QGNR01000025.1:6625729-6626065-	QGNR01000066.1:4480487-4480819-	9	29	0	107,112,114,116,117	105,110,112,114,115	1	2,3,4,5,6	11	11	233	9|3|0|0|2|2|6|3|2|2|0|0
GA	Syrmik	LTR	ERVL	DR0203876	QGNR01000075.1:797822-798721-	QGNR01000076.1:4617988-4618511-	16	43	0	646,660,671,673,681,683,685	274,288,299,301,309,311,313	1	6,7,8,9,10,11,12	40	40	528	16|8|3|2|4|1|1|3|2|0|0|2
GA	Syrmik	LTR	ERVL	DR0203837	QGNR01000025.1:7027357-7027676-	QGNR01000066.1:4480487-4480819-	10	18	0	108,113,115,117,118	105,110,112,114,115	1	2,3,4,5,6	11	11	188	10|1|0|0|1|0|2|3|0|0|0|1
GA	Syrmik	LTR	ERVL	DR0203837	QGNR01000025.1:8209494-8209819-	QGNR01000025.1:9701593-9701929+	12	40	0	117,130,153,165,167	116,129,152,164,166	1	2,3,4,5,6	51	51	297	12|5|2|0|0|1|5|10|1|2|1|1
GA	Syrmik	LTR	ERVL	DR0203876	QGNR01000075.1:1348461-1349364+	QGNR01000084.1:1751338-1752143-	14	46	0	672,675,677,678,685	574,577,579,580,587	1	9,10,11,12,13	14	14	756	14|8|2|4|1|1|6|4|2|2|2|0
GA	Syrmik	LTR	ERVL	DR0203876	QGNR01000075.1:1348461-1349364+	QGNR01000090.1:1159206-1160084-	8	21	0	134,156,160,170,187	106,110,120,137,84	1	1,2,3,4,5	54	54	282	8|3|2|2|0|0|2|1|1|0|0|2
GA	Syrmik	LTR	ERVL	DR0203876	QGNR01000075.1:1348461-1349364+	QGNR01000076.1:4227636-4228554-	18	49	0	139,149,157,160,170	129,139,147,150,160	1	3,4,5,6,7	32	32	397	18|2|0|9|1|2|6|7|1|1|0|2
GA	Syrmik	LTR	ERVL	DR0203876	QGNR01000075.1:1348461-1349364+	QGNR01000076.1:4617988-4618511-	18	54	0	650,664,675,677,680,685,687,689	274,288,299,301,304,309,311,313	1	8,9,10,11,12,13,14,15	40	40	528	18|11|3|2|4|3|5|3|2|1|0|1
GA	Syrmik	LTR	ERVL	DR0203833	QGNR01000071.1:4945910-4946760-	QGNR01000076.1:3721516-3722348-	18	114	0	249,250,258,276,277	245,246,254,266,267	1	4,5,6,7,8	23	23	841	18|20|3|8|10|3|19|11|7|4|3|8
GA	Syrmik	LTR	ERVL	DR0203876	QGNR01000075.1:2323532-2324018+	QGNR01000084.1:1751338-1752143-	10	33	0	255,258,260,261,268	574,577,579,580,587	1	4,5,6,7,8	14	14	402	10|5|2|1|1|1|4|5|1|2|0|1
GA	Syrmik	LTR	ERVL	DR0203876	QGNR01000075.1:2323532-2324018+	QGNR01000076.1:4617988-4618511-	18	50	0	258,260,263,268,270,272	299,301,304,309,311,313	1	9,10,11,12,13,14	15	15	475	18|11|2|2|4|1|2|5|2|1|0|1
GA	Syrmik	LTR	ERVL	DR0203876	QGNR01000075.1:2323532-2324018+	QGNR01000373.1:9764-10640-	14	29	0	268,270,276,312,341	618,620,626,662,691	1	10,11,12,13,14	74	74	353	14|9|0|1|0|0|1|2|0|2|0|0
GA	Syrmik	LTR	ERVL	DR0204058	QGNR01000026.1:524133-524449+	QGNR01000054.1:6685824-6686148+	8	40	0	162,164,165,167,172	162,164,165,167,172	1	3,4,5,6,7	11	11	320	8|7|2|2|2|2|4|8|0|1|0|4
GA	Syrmik	LTR	ERVL	DR0203876	QGNR01000076.1:4105869-4106128-	QGNR01000408.1:43737-44609-	5	10	0	30,34,42,57,79	641,645,653,668,690	1	1,2,3,4,5	50	50	253	5|0|0|0|0|0|1|4|0|0|0|0
GA	Syrmik	LTR	ERVL	DR0203837	QGNR01000026.1:3949769-3950106-	QGNR01000048.1:7910022-7910359+	8	36	0	16,21,24,31,34	16,21,24,31,34	1	1,2,3,4,5	19	19	244	8|5|1|4|0|4|3|9|0|0|2|0
GA	Syrmik	LTR	ERVL	DR0203837	QGNR01000026.1:3949769-3950106-	QGNR01000061.1:3795677-3796020+	10	52	0	16,21,23,24,8	17,22,24,25,8	1	1,2,3,4,5	18	18	285	10|5|4|2|2|2|11|10|3|2|1|0
GA	Syrmik	LTR	ERVL	DR0203876	QGNR01000076.1:4249271-4249628-	QGNR01000408.1:43737-44609-	8	21	0	128,132,140,155,177	641,645,653,668,690	1	3,4,5,6,7	50	50	357	8|3|0|1|1|0|3|5|0|0|0|0
GA	Syrmik	LTR	ERVL	DR0203837	QGNR01000026.1:6371121-6371464+	QGNR01000039.1:4410899-4411241-	12	51	0	164,165,168,173,180	164,165,169,174,179	1	5,6,7,8,9	16	16	286	12|9|2|2|1|1|5|12|0|3|0|4
GA	Syrmik	LTR	ERVL	DR0203837	QGNR01000026.1:8920265-8920576+	QGNR01000039.1:11424259-11424586-	9	43	0	155,160,161,169,176	178,183,184,192,199	1	3,4,5,6,7	22	22	276	9|4|3|2|2|4|7|5|2|2|2|1
GA	Syrmik	LTR	ERVL	DR0203837	QGNR01000027.1:1744223-1744555+	QGNR01000030.1:2695987-2696318+	7	31	0	105,57,86,89,91	108,59,88,91,93	1	1,2,3,4,5	50	50	241	7|4|1|2|1|0|3|8|5|0|0|0
GA	Syrmik	LTR	ERVL	DR0203837	QGNR01000027.1:12396883-12397203-	QGNR01000066.1:4480487-4480819-	7	21	0	102,107,109,111,112	105,110,112,114,115	1	2,3,4,5,6	11	11	181	7|0|0|0|2|0|4|5|1|1|0|1
GA	Syrmik	LTR	ERVL	DR0203833	QGNR01000076.1:3750528-3751337-	QGNR01000093.1:1256813-1257632-	7	49	0	445,463,472,481,484	466,478,484,490,493	1	1,2,3,4,5	28	28	430	7|10|3|1|3|1|8|8|1|1|2|4
GA	Syrmik	LTR	ERVL	DR0203876	QGNR01000076.1:4626505-4627390-	QGNR01000084.1:1751338-1752143-	8	25	0	656,659,661,662,700	574,577,579,580,618	1	2,3,4,5,6	45	45	387	8|2|2|0|0|1|5|4|1|0|1|1
GA	Syrmik	LTR	ERVL	DR0203833	QGNR01000076.1:4159786-4160614-	QGNR01000106.1:938357-938985+	10	60	0	207,241,251,274,285	104,26,60,70,93	1	1,2,3,4,5	79	79	637	10|14|1|2|3|3|8|8|1|4|3|3
GA	Syrmik	LTR	ERVL	DR0204058	QGNR01000027.1:20658725-20659047+	QGNR01000107.1:704729-705043-	11	40	0	23,4,53,55,71	23,4,53,55,71	1	1,2,3,4,5	68	68	313	11|6|1|2|1|3|5|4|3|1|2|1
GA	Syrmik	LTR	ERVL	DR0204058	QGNR01000027.1:20693777-20694097-	QGNR01000054.1:6685824-6686148+	9	43	0	162,164,165,167,168	162,164,165,167,168	1	3,4,5,6,7	7	7	319	9|9|3|5|1|1|3|7|0|0|1|4
GA	Syrmik	LTR	ERVL	DR0204058	QGNR01000027.1:21767187-21767509+	QGNR01000041.1:7184033-7184354-	10	57	0	255,257,258,260,265	252,254,255,257,262	1	5,6,7,8,9	11	11	320	10|7|5|2|1|4|10|6|4|3|4|1
GA	Syrmik	LTR	ERVL	DR0203833	QGNR01000076.1:5220389-5221224+	QGNR01000113.1:326262-326869+	14	67	0	320,329,330,334,336	124,133,134,138,140	1	3,4,5,6,7	17	17	617	14|9|2|2|3|2|12|14|3|3|1|2
GA	Syrmik	LTR	ERVL	DR0203876	QGNR01000079.1:1980895-1981671+	QGNR01000408.1:43737-44609-	14	34	0	235,266,267,310,311,327	332,363,364,407,408,424	1	1,2,3,4,5,6	93	93	588	14|7|1|1|0|0|3|4|0|3|1|0
GA	Syrmik	LTR	ERVL	DR0203876	QGNR01000081.1:370273-371145+	QGNR01000106.1:404654-405493+	14	55	0	325,327,332,335,338,340	269,271,276,279,282,284	1	4,5,6,7,8,9	16	16	757	14|6|0|1|2|1|8|13|1|1|4|4
GA	Syrmik	LTR	ERVL	DR0203876	QGNR01000081.1:2835653-2836338+	QGNR01000114.1:206070-206908-	15	66	0	653,655,658,662,663	610,612,615,619,620	1	11,12,13,14,15	11	11	571	15|14|5|4|3|3|9|6|2|1|1|3
GA	Syrmik	LTR	ERVL	DR0203876	QGNR01000081.1:2835653-2836338+	QGNR01000084.1:1751338-1752143-	11	57	0	650,653,655,656,662,663	574,577,579,580,586,587	1	6,7,8,9,10,11	14	14	554	11|13|6|4|2|1|4|2|1|1|7|5
GA	Syrmik	LTR	ERVL	DR0203876	QGNR01000081.1:2835653-2836338+	QGNR01000397.1:34778-35617-	17	63	0	650,653,658,662,663	609,612,617,621,622	1	12,13,14,15,16	14	14	571	17|12|6|3|5|3|6|4|0|1|0|6
GA	Syrmik	LTR	ERVL	DR0203876	QGNR01000081.1:2835653-2836338+	QGNR01000308.1:4448-5283-	14	50	0	650,653,658,662,663	636,639,644,648,649	1	10,11,12,13,14	14	14	586	14|14|1|3|2|2|4|2|1|1|1|5
GA	Syrmik	LTR	ERVL	DR0203837	QGNR01000028.1:3859270-3859610-	QGNR01000078.1:221118-221446-	9	42	0	10,21,23,31,8	10,21,23,31,8	1	1,2,3,4,5	24	24	285	9|4|3|0|3|1|2|13|3|1|1|2
GA	Syrmik	LTR	ERVL	DR0204058	QGNR01000030.1:5132082-5132407+	QGNR01003740.1:1051-1373+	13	40	0	105,106,109,146,156,157	106,107,110,147,157,158	1	3,4,5,6,7,8	53	53	323	13|4|1|3|0|1|4|9|1|1|1|2
GA	Syrmik	LTR	ERVL	DR0203876	QGNR01000084.1:1751338-1752143-	QGNR01000151.1:735898-736737+	18	88	0	108,127,143,66,81	108,127,143,66,81	1	1,2,3,4,5	78	78	822	18|13|2|6|7|4|16|14|1|0|5|2
GA	Syrmik	LTR	ERVL	DR0203876	QGNR01000084.1:1751338-1752143-	QGNR01000099.1:140221-141138+	9	18	0	137,161,184,286,289	188,223,246,348,351	1	4,5,6,7,8	164	164	311	9|3|2|0|0|0|2|0|1|1|0|0
GA	Syrmik	LTR	ERVL	DR0203837	QGNR01000029.1:8458308-8458650-	QGNR01000061.1:5513387-5513727+	17	61	0	106,113,115,116,118	106,113,115,116,118	1	6,7,8,9,10	13	13	328	17|11|5|3|0|4|6|12|2|0|1|0
GA	Syrmik	LTR	ERVL	DR0203833	QGNR01000085.1:1789252-1789931+	QGNR01000090.1:296872-297681+	12	62	0	326,331,344,350,353	456,461,468,474,477	1	5,6,7,8,9	22	22	677	12|9|2|1|2|3|15|12|2|2|0|1
GA	Syrmik	LTR	ERVL	DR0203876	QGNR01000088.1:230826-231675-	QGNR01000090.1:1159206-1160084-	15	64	0	106,108,137,67,84	106,108,137,67,84	1	1,2,3,4,5	71	71	863	15|17|2|3|3|4|8|9|1|1|0|1
GA	Syrmik	LTR	ERVL	DR0203876	QGNR01000088.1:1193669-1194554-	QGNR01000099.1:140221-141138+	16	60	0	780,807,811,822,840	801,828,832,843,861	1	12,13,14,15,16	61	61	901	16|19|1|1|2|1|6|6|4|2|2|0
GA	Syrmik	LTR	ERVL	DR0203833	QGNR01000090.1:1274193-1275015+	QGNR01000113.1:323457-324261+	15	91	0	318,327,328,332,334	320,329,330,334,336	1	4,5,6,7,8	17	17	805	15|12|1|3|5|6|14|16|1|3|3|3
GA	Syrmik	LTR	ERVL	DR0203876	QGNR01000088.1:1193669-1194554-	QGNR01000114.1:2136632-2137358+	8	28	0	780,806,807,811,840	610,636,637,641,670	1	4,5,6,7,8	61	61	375	8|5|1|3|1|1|4|1|1|2|0|1
GA	Syrmik	LTR	ERVL	DR0203833	QGNR01000090.1:1711445-1712231-	QGNR01000612.1:3611-4397-	14	69	0	289,291,321,344,346	319,321,337,360,362	1	6,7,8,9,10	44	44	772	14|14|4|3|3|0|11|14|1|1|3|1
GA	Syrmik	LTR	ERVL	DR0204058	QGNR01000032.1:1972746-1973074-	QGNR01000036.1:8564258-8564583+	11	33	0	107,117,119,87,91	106,116,118,86,90	1	1,2,3,4,5	33	33	326	11|6|1|0|2|1|2|5|1|1|1|2
GA	Syrmik	LTR	ERVL	DR0203876	QGNR01000090.1:2202781-2203622-	QGNR01000106.1:404654-405493+	12	71	0	233,239,242,244,245	271,277,280,282,283	1	5,6,7,8,9	13	13	652	12|13|1|2|2|4|16|13|2|1|1|4
GA	Syrmik	LTR	ERVL	DR0203837	QGNR01000030.1:6956048-6956378+	QGNR01000063.1:382764-383092-	17	59	0	54,62,66,74,82	54,62,66,74,82	1	2,3,4,5,6	29	29	325	17|10|1|3|1|3|4|10|2|6|0|2
GA	Syrmik	LTR	ERVL	DR0203837	QGNR01000030.1:6956048-6956378+	QGNR01000054.1:931615-931951-	15	57	0	40,42,51,54,66	40,42,51,54,66	1	1,2,3,4,5	27	27	315	15|10|2|3|2|4|4|9|2|1|0|5
GA	Syrmik	LTR	ERVL	DR0203833	QGNR01000094.1:1427615-1428429+	QGNR01000105.1:46203-47016-	19	97	0	228,229,236,244,268	243,244,251,259,281	1	5,6,7,8,9	39	39	810	19|29|4|3|3|3|10|19|1|4|0|2
GA	Syrmik	LTR	ERVL	DR0203833	QGNR01000094.1:1427615-1428429+	QGNR01000113.1:323457-324261+	16	82	0	299,308,309,313,315	320,329,330,334,336	1	6,7,8,9,10	17	17	809	16|15|2|6|3|4|8|15|2|8|1|2
GA	Syrmik	LTR	ERVL	DR0203833	QGNR01000094.1:1427615-1428429+	QGNR01000113.1:326262-326869+	12	60	0	299,308,309,313,315	124,133,134,138,140	1	3,4,5,6,7	17	17	619	12|12|3|1|2|1|9|14|1|4|0|1
GA	Syrmik	LTR	ERVL	DR0203833	QGNR01000096.1:242850-243563-	QGNR01000106.1:938357-938985+	14	61	0	143,148,153,176,187	104,60,65,70,93	1	5,6,7,8,9	45	45	607	14|10|1|1|6|2|7|9|4|1|1|5
GA	Syrmik	LTR	ERVL	DR0203837	QGNR01000030.1:8569878-8570214+	QGNR01000063.1:382764-383092-	6	15	0	23,54,62,66,74,82	23,54,62,66,74,82	1	1,2,3,4,5,6	60	60	160	6|2|1|0|0|1|0|4|1|0|0|0
GA	Syrmik	LTR	ERVL	DR0203837	QGNR01000030.1:8569878-8570214+	QGNR01000039.1:12909987-12910324+	8	30	0	24,28,51,54,66	22,26,49,52,64	1	1,2,3,4,5	43	43	222	8|6|1|1|1|1|4|4|0|2|1|1
GA	Syrmik	LTR	ERVL	DR0203837	QGNR01000030.1:8569878-8570214+	QGNR01000045.1:5563621-5563956-	6	19	0	23,54,62,66,76	23,54,62,66,76	1	1,2,3,4,5	54	54	166	6|2|1|3|1|0|2|3|0|1|0|0
GA	Syrmik	LTR	ERVL	DR0203876	QGNR01000094.1:1420073-1420911-	QGNR01000218.1:80068-80828+	13	53	0	236,262,318,331,334	174,203,259,272,275	1	2,3,4,5,6	102	102	729	13|8|0|4|0|0|9|6|3|3|4|3
GA	Syrmik	LTR	ERVL	DR0203876	QGNR01000094.1:1420073-1420911-	QGNR01000114.1:2002269-2003047+	19	83	0	236,242,244,249,251	169,176,178,183,185	1	4,5,6,7,8	17	17	727	19|18|2|5|3|2|14|9|1|2|4|4
GA	Syrmik	LTR	ERVL	DR0203837	QGNR01000032.1:2025935-2026291-	QGNR01000061.1:5513387-5513727+	14	51	0	121,128,130,131,133	106,113,115,116,118	1	6,7,8,9,10	13	13	332	14|9|2|1|2|5|6|5|2|0|2|3
GA	Syrmik	LTR	ERVL	DR0203837	QGNR01000032.1:6710024-6710335+	QGNR01000068.1:2373371-2373711-	9	44	0	108,111,113,140,146,95	101,114,117,119,146,152	1	2,3,4,5,6,7	52	52	315	9|12|1|2|2|3|3|5|3|1|0|3
GA	Syrmik	LTR	ERVL	DR0203837	QGNR01000032.1:7183170-7183495-	QGNR01000061.1:5513387-5513727+	14	50	0	106,113,115,116,118	106,113,115,116,118	1	6,7,8,9,10	13	13	293	14|11|2|1|4|1|6|7|0|0|2|2
GA	Syrmik	LTR	ERVL	DR0203833	QGNR01000099.1:1457778-1458604-	QGNR01000106.1:938357-938985+	14	71	0	248,253,258,281,292	104,60,65,70,93	1	3,4,5,6,7	45	45	633	14|15|2|2|4|2|10|11|2|2|3|4
GA	Syrmik	LTR	ERVL	DR0203833	QGNR01000099.1:1457778-1458604-	QGNR01000105.1:46203-47016-	22	124	0	248,249,252,253,258	243,244,247,248,253	1	5,6,7,8,9	11	11	816	22|27|4|4|6|3|18|26|4|2|3|5
GA	Syrmik	LTR	ERVL	DR0204058	QGNR01000034.1:2141506-2141828-	QGNR01000034.1:10355395-10355712+	6	25	0	220,226,235,239,281	220,226,235,239,276	1	2,3,4,5,6	57	57	314	6|4|0|1|1|2|3|3|3|0|2|0
GA	Syrmik	LTR	ERVL	DR0203833	QGNR01000106.1:540147-540961+	QGNR01000196.1:162780-163609-	20	89	0	230,236,249,254,255	253,259,272,278,279	1	6,7,8,9,10	27	27	821	20|15|2|5|2|3|11|18|4|2|6|1
GA	Syrmik	LTR	ERVL	DR0203833	QGNR01000106.1:540147-540961+	QGNR01000106.1:938357-938985+	16	71	0	226,236,244,259,270	104,60,70,78,93	1	5,6,7,8,9	45	45	638	16|16|0|3|3|5|6|12|3|1|3|3
GA	Syrmik	LTR	ERVL	DR0203876	QGNR01000101.1:174774-175617-	QGNR01000106.1:404654-405493+	13	62	0	275,283,284,286,287	271,279,280,282,283	1	6,7,8,9,10	13	13	593	13|8|1|3|0|3|13|9|4|3|3|2
GA	Syrmik	LTR	ERVL	DR0203876	QGNR01000101.1:174774-175617-	QGNR01000107.1:1027811-1028670-	13	68	0	25,28,43,49,67,83	25,28,43,48,66,82	1	1,2,3,4,5,6	58	58	566	13|11|5|2|4|3|14|5|4|3|2|2
GA	Syrmik	LTR	ERVL	DR0203876	QGNR01000105.1:174297-175175+	QGNR01000114.1:1760953-1761876-	30	107	0	234,263,282,308,310	248,278,297,324,326	1	8,9,10,11,12	79	79	858	30|16|3|6|5|4|20|12|1|4|1|5
GA	Syrmik	LTR	ERVL	DR0203876	QGNR01000105.1:174297-175175+	QGNR01000178.1:128826-129563+	11	25	0	263,282,336,344,345	277,296,350,360,361	1	7,8,9,10,11	85	85	429	11|4|1|2|0|0|3|1|1|2|0|0
GA	Syrmik	LTR	ERVL	DR0203876	QGNR01000106.1:1215069-1215850-	QGNR01000114.1:2002269-2003047+	23	82	0	180,182,184,189,191	174,176,178,183,185	1	7,8,9,10,11	12	12	774	23|16|4|2|4|2|12|11|2|3|2|1
GA	Syrmik	LTR	ERVL	DR0204058	QGNR01000034.1:10272290-10272611+	QGNR01000054.1:6685824-6686148+	10	45	0	162,164,165,167,172	162,164,165,167,172	1	3,4,5,6,7	11	11	322	10|12|2|3|1|4|3|6|0|2|1|1
GA	Syrmik	LTR	ERVL	DR0203833	QGNR01000114.1:979002-979798+	QGNR01000612.1:3611-4397-	12	71	0	330,332,363,386,388	319,321,337,360,362	1	7,8,9,10,11	44	44	644	12|10|3|3|6|2|13|11|2|1|7|1
GA	Syrmik	LTR	ERVL	DR0203837	QGNR01000036.1:2423820-2424160+	QGNR01000100.1:1010723-1011066+	8	31	0	149,159,161,164,169	151,161,163,166,170	1	2,3,4,5,6	20	20	246	8|3|2|0|1|0|5|4|1|3|2|2
GA	Syrmik	LTR	ERVL	DR0203833	QGNR01000123.1:172378-173162+	QGNR01020253.1:0-654+	14	96	0	347,372,374,380,388	319,344,346,352,360	1	5,6,7,8,9	42	42	630	14|7|3|3|2|6|18|17|2|7|10|7
GA	Syrmik	LTR	ERVL	DR0204058	QGNR01000035.1:4686560-4686882+	QGNR01000054.1:6685824-6686148+	13	30	0	109,115,162,164,165,167	110,116,162,164,165,167	1	2,3,4,5,6,7	58	58	322	13|3|0|5|0|1|2|3|0|0|1|2
GA	Syrmik	LTR	ERVL	DR0203833	QGNR01000136.1:278955-279739+	QGNR01000612.1:3611-4397-	13	96	0	342,351,374,376,386	328,337,360,362,372	1	6,7,8,9,10	45	45	775	13|18|3|1|5|3|16|23|4|1|4|5
GA	Syrmik	LTR	ERVL	DR0203833	QGNR01000136.1:674317-675031+	QGNR01000196.1:162780-163609-	17	70	0	131,137,150,155,156	253,259,272,278,279	1	3,4,5,6,7	27	27	676	17|12|2|2|2|2|12|13|4|1|3|0
GA	Syrmik	LTR	ERVL	DR0204058	QGNR01000035.1:8976640-8976968+	QGNR01000050.1:8285692-8286017-	10	43	0	191,204,207,210,212	189,202,205,208,210	1	4,5,6,7,8	22	22	320	10|9|1|0|0|1|7|11|0|0|3|1
GA	Syrmik	LTR	ERVL	DR0203837	QGNR01000039.1:1175089-1175432+	QGNR01000078.1:221118-221446-	8	45	0	16,21,23,31,66	16,21,23,31,66	1	1,2,3,4,5	51	51	318	8|8|2|2|3|2|4|13|2|0|0|1
GA	Syrmik	LTR	ERVL	DR0203837	QGNR01000039.1:1175089-1175432+	QGNR01000085.1:946914-947245-	12	47	0	16,21,5,52,66	16,21,5,52,66	1	1,2,3,4,5	62	62	329	12|10|2|1|2|0|2|9|1|1|0|7
GA	Syrmik	LTR	ERVL	DR0203837	QGNR01000039.1:2228774-2229111-	QGNR01000059.1:3835416-3835759-	12	56	0	206,208,212,215,217	212,214,218,221,223	1	6,7,8,9,10	12	12	340	12|8|3|2|4|4|12|7|0|0|2|2
GA	Syrmik	LTR	ERVL	DR0204058	QGNR01000037.1:5073498-5073812+	QGNR01000054.1:6685824-6686148+	10	40	0	158,160,161,163,165	162,164,165,167,169	1	3,4,5,6,7	8	8	319	10|6|0|2|0|4|4|7|1|2|2|2
GA	Syrmik	LTR	ERVL	DR0204058	QGNR01000038.1:609050-609372+	QGNR01000054.1:6685824-6686148+	8	39	0	110,116,162,164,165	110,116,162,164,165	1	1,2,3,4,5	56	56	323	8|8|1|3|1|2|5|7|0|3|0|1
GA	Syrmik	LTR	ERVL	DR0203837	QGNR01000039.1:10228866-10229194-	QGNR01000041.1:6231234-6231556-	10	52	0	165,166,168,170,171	165,166,168,170,171	1	4,5,6,7,8	7	7	310	10|10|3|1|0|2|8|8|4|3|0|3
GA	Syrmik	LTR	ERVL	DR0204058	QGNR01000038.1:4521700-4522018-	QGNR01000054.1:6685824-6686148+	10	30	0	110,116,143,158,162,165,167	110,116,143,158,162,165,167	1	3,4,5,6,7,8,9	58	58	250	10|7|1|2|0|2|0|4|0|1|1|2
GA	Syrmik	LTR	ERVL	DR0203876	QGNR01000151.1:840953-841553-	QGNR01000408.1:43737-44609-	15	38	0	135,136,152,60,91,92,94	332,363,364,366,407,408,424	1	1,2,3,4,5,6,7	93	93	590	15|7|2|1|0|1|2|6|1|2|1|0
GA	Syrmik	LTR	ERVL	DR0203837	QGNR01000039.1:11024972-11025311-	QGNR01000061.1:5513387-5513727+	14	67	0	51,52,61,90,93	50,51,60,89,92	1	2,3,4,5,6	43	43	334	14|13|1|4|5|3|5|7|2|3|3|7
GA	Syrmik	LTR	ERVL	DR0204058	QGNR01000038.1:4536415-4536729-	QGNR01000043.1:2415685-2416005-	13	31	0	154,158,162,170,196	153,157,161,168,195	1	6,7,8,9,10	43	43	290	13|4|0|2|0|2|6|2|2|0|0|0
GA	Syrmik	LTR	ERVL	DR0204058	QGNR01000038.1:4536415-4536729-	QGNR01000041.1:8576834-8577154+	11	35	0	226,254,258,279,299	226,254,258,279,305	1	7,8,9,10,11	80	80	313	11|4|1|0|0|2|5|8|2|0|2|0
GA	Syrmik	LTR	ERVL	DR0204058	QGNR01000038.1:4536415-4536729-	QGNR01000054.1:6685824-6686148+	13	38	0	116,158,162,164,165,167	116,158,162,164,165,167	1	4,5,6,7,8,9	52	52	317	13|8|0|4|0|1|4|4|1|0|1|2
GA	Syrmik	LTR	ERVL	DR0203833	QGNR01000223.1:22758-23199-	QGNR01000612.1:3611-4397-	16	42	0	312,362,365,367,377	321,357,360,362,372	1	11,12,13,14,15	52	52	420	16|17|1|2|2|0|1|0|1|0|0|2
GA	Syrmik	LTR	ERVL	DR0203833	QGNR01000276.1:49649-50426+	QGNR01000397.1:7652-8302-	17	58	0	257,265,284,287,321,330	250,258,276,279,313,322	1	4,5,6,7,8,9	73	73	637	17|20|1|1|2|3|4|4|2|0|4|0
GA	Syrmik	LTR	ERVL	DR0203837	QGNR01000039.1:12681392-12681706-	QGNR01000066.1:5397964-5398309-	12	44	0	59,60,73,82,84	59,60,73,82,84	1	1,2,3,4,5	26	26	292	12|5|2|5|2|1|4|9|2|0|2|0
GA	Syrmik	LTR	ERVL	DR0203837	QGNR01000039.1:12823639-12823974-	QGNR01000104.1:292964-293303-	10	59	0	52,57,61,65,70,73	53,58,62,66,71,74	1	2,3,4,5,6,7	22	22	327	10|11|1|4|0|3|8|11|2|5|3|1
GA	Syrmik	LTR	ERVL	DR0203837	QGNR01000039.1:12823639-12823974-	QGNR01000041.1:6231234-6231556-	12	58	0	164,165,167,169,170	165,166,168,170,171	1	4,5,6,7,8	7	7	316	12|8|5|2|1|2|6|9|5|4|1|3
GA	Syrmik	LTR	ERVL	DR0203837	QGNR01000039.1:12823639-12823974-	QGNR01000063.1:939279-939553-	9	35	0	105,109,114,115,167	107,111,116,117,168	1	5,6,7,8,9	62	62	229	9|4|3|0|0|0|6|8|1|2|1|1
GA	Syrmik	LTR	ERVL	DR0203837	QGNR01000039.1:12898848-12899153+	QGNR01000102.1:691107-691418-	14	55	0	148,149,157,163,167	152,153,161,167,171	1	5,6,7,8,9	20	20	299	14|10|4|2|3|3|10|6|1|0|1|1
GA	Syrmik	LTR	ERVL	DR0203833	QGNR01000321.1:870-1579+	QGNR01000397.1:7652-8302-	19	60	0	152,169,172,206,209	258,276,279,313,316	1	5,6,7,8,9	59	59	542	19|15|1|6|2|3|4|2|2|1|4|1
GA	Syrmik	LTR	ERVL	DR0203876	QGNR01000178.1:128826-129563+	QGNR01000218.1:80068-80828+	8	33	0	240,248,257,269,270	241,250,259,271,272	1	3,4,5,6,7	32	32	338	8|2|0|1|1|0|9|5|3|2|0|2
GA	Syrmik	LTR	ERVL	DR0203876	QGNR01000178.1:152902-153708-	QGNR01000218.1:80068-80828+	7	34	0	240,249,258,270,271	241,250,259,271,272	1	2,3,4,5,6	32	32	338	7|4|0|1|2|0|9|5|3|1|0|2
GA	Syrmik	LTR	ERVL	DR0203837	QGNR01000041.1:5154781-5155103+	QGNR01000061.1:5513387-5513727+	14	54	0	105,107,108,110,98	106,113,115,116,118	1	6,7,8,9,10	13	13	319	14|8|2|3|3|5|6|9|1|1|1|1
GA	Syrmik	LTR	ERVL	DR0203837	QGNR01000041.1:6326440-6326779-	QGNR01000061.1:5513387-5513727+	13	52	0	114,116,117,119,93	113,115,116,118,92	1	4,5,6,7,8	27	27	300	13|7|1|2|2|3|7|10|3|1|1|2
GA	Syrmik	LTR	ERVL	DR0203876	QGNR01000185.1:176579-176844+	QGNR01000308.1:4448-5283-	7	17	0	34,37,42,46,47	636,639,644,648,649	1	1,2,3,4,5	14	14	228	7|7|0|2|0|0|0|0|0|1|0|0
GA	Syrmik	LTR	ERVL	DR0203837	QGNR01000042.1:760107-760416-	QGNR01000100.1:1010723-1011066+	7	37	0	160,162,165,170,192	161,163,166,170,192	1	2,3,4,5,6	32	32	235	7|3|3|0|1|1|4|8|2|2|2|4
GA	Syrmik	LTR	ERVL	DR0203876	QGNR01000188.1:9626-10534+	QGNR01000397.1:34778-35617-	21	101	0	677,680,685,689,690	609,612,617,621,622	1	14,15,16,17,18	14	14	779	21|28|6|6|4|7|8|5|2|2|2|6
GA	Syrmik	LTR	ERVL	DR0203876	QGNR01000188.1:9626-10534+	QGNR01000308.1:4448-5283-	18	76	0	677,680,685,689,690	636,639,644,648,649	1	12,13,14,15,16	14	14	763	18|26|3|4|2|5|7|1|2|2|2|4
GA	Syrmik	LTR	ERVL	DR0203837	QGNR01000042.1:3884330-3884608-	QGNR01000100.1:1010723-1011066+	8	24	0	159,161,164,169,191	161,163,166,170,192	1	3,4,5,6,7	32	32	206	8|2|2|1|1|0|2|4|1|0|1|2
GA	Syrmik	LTR	ERVL	DR0204058	QGNR01000042.1:5764450-5764730-	QGNR01000054.1:6685824-6686148+	8	23	0	138,140,141,143,148	162,164,165,167,172	1	3,4,5,6,7	11	11	238	8|3|1|4|0|2|1|3|0|0|0|1
GA	Syrmik	LTR	ERVL	DR0203837	QGNR01000044.1:5320518-5320831+	QGNR01000046.1:6170759-6171099+	11	50	0	249,251,255,266,270	245,247,251,262,266	1	7,8,9,10,11	22	22	285	11|5|1|0|2|1|12|7|3|2|4|2
GA	Syrmik	LTR	ERVL	DR0203837	QGNR01000046.1:3767160-3767487+	QGNR01000066.1:5397964-5398309-	12	52	0	59,65,72,79,81,83	60,66,73,80,82,84	1	2,3,4,5,6,7	25	25	306	12|7|4|4|3|0|7|8|1|1|2|3
GA	Syrmik	LTR	ERVL	DR0204058	QGNR01000045.1:3040237-3040550+	QGNR01000070.1:2154965-2155287+	8	27	0	19,33,54,67,76,96	100,23,37,58,71,80	1	1,2,3,4,5,6	78	78	315	8|3|2|3|0|2|2|1|2|0|2|2
GA	Syrmik	LTR	ERVL	DR0204058	QGNR01000045.1:3040237-3040550+	QGNR01000048.1:4478271-4478586-	7	28	0	33,47,54,67,69	32,46,53,66,68	1	1,2,3,4,5	37	37	313	7|6|0|4|0|2|2|2|1|1|1|2
GA	Syrmik	LTR	ERVL	DR0204058	QGNR01000045.1:3040237-3040550+	QGNR01000120.1:502727-503048-	7	31	0	32,33,46,54,67	36,37,50,58,71	1	2,3,4,5,6	36	36	298	7|6|2|2|1|2|2|3|1|2|0|3
GA	Syrmik	LTR	ERVL	DR0203837	QGNR01000046.1:5568562-5568810+	QGNR01000119.1:951806-952137-	7	22	0	13,42,56,57,66,73	38,52,53,62,69,9	1	1,2,3,4,5,6	61	61	181	7|5|0|1|1|1|3|1|3|0|0|0
GA	Syrmik	LTR	ERVL	DR0204058	QGNR01000045.1:4514999-4515319+	QGNR01000050.1:7950837-7951156+	14	28	0	229,231,280,289,295	228,230,281,288,294	1	10,11,12,13,14	67	67	319	14|1|0|1|2|0|2|5|0|2|1|0
GA	Syrmik	LTR	ERVL	DR0204058	QGNR01000045.1:4514999-4515319+	QGNR01000054.1:6685824-6686148+	13	35	0	139,162,164,165,167	139,162,164,165,167	1	4,5,6,7,8	29	29	321	13|4|0|5|1|1|4|6|0|0|1|0
GA	Syrmik	LTR	ERVL	DR0203837	QGNR01000046.1:5799966-5800331+	QGNR01000065.1:7638925-7639255-	11	30	0	100,102,110,86,90	107,82,86,97,99	1	3,4,5,6,7	26	26	213	11|4|0|1|2|1|0|2|4|1|2|2
GA	Syrmik	LTR	ERVL	DR0203837	QGNR01000048.1:727556-727898+	QGNR01000066.1:4480487-4480819-	13	57	0	112,116,117,82,91	110,114,115,82,91	1	2,3,4,5,6	34	34	337	13|5|1|2|5|2|9|10|0|4|1|5
GA	Syrmik	LTR	ERVL	DR0204058	QGNR01000046.1:4475164-4475482-	QGNR01000054.1:6685824-6686148+	16	35	0	149,157,161,163,164,166	150,158,162,164,165,167	1	5,6,7,8,9,10	18	18	320	16|3|2|4|1|0|2|4|1|0|1|1
GA	Syrmik	LTR	ERVL	DR0204058	QGNR01000046.1:4475164-4475482-	QGNR01000066.1:2588893-2589214+	16	42	0	149,157,161,163,166	151,159,163,165,168	1	6,7,8,9,10	18	18	319	16|4|2|1|2|3|1|5|1|1|3|3
GA	Syrmik	LTR	ERVL	DR0203837	QGNR01000049.1:1719117-1719463+	QGNR01000054.1:931615-931951-	13	57	0	40,42,51,55,87	40,42,51,55,87	1	2,3,4,5,6	48	48	327	13|10|1|4|2|2|10|5|2|3|2|3
GA	Syrmik	LTR	ERVL	DR0204058	QGNR01000047.1:8883656-8883982-	QGNR01000050.1:8285692-8286017-	9	40	0	201,203,206,209,211	200,202,205,208,210	1	2,3,4,5,6	11	11	325	9|9|1|0|1|1|6|6|0|2|3|2
GA	Syrmik	LTR	ERVL	DR0203837	QGNR01000050.1:2042951-2043281+	QGNR01000061.1:5513387-5513727+	13	49	0	107,114,116,117,119	106,113,115,116,118	1	5,6,7,8,9	13	13	278	13|4|2|4|2|3|2|12|1|2|1|3
GA	Syrmik	LTR	ERVL	DR0203837	QGNR01000050.1:5820096-5820425+	QGNR01000053.1:2868741-2869081+	9	47	0	269,275,279,289,290	269,275,279,289,290	1	4,5,6,7,8	22	22	327	9|7|1|3|3|2|8|10|2|0|0|2
GA	Syrmik	LTR	ERVL	DR0203837	QGNR01000050.1:7382634-7382967-	QGNR01000061.1:5513387-5513727+	12	41	0	100,119,121,122,124	113,115,116,118,94	1	5,6,7,8,9	25	25	254	12|4|2|1|3|0|6|5|3|1|3|1
GA	Syrmik	LTR	ERVL	DR0203837	QGNR01000050.1:7418747-7418962-	QGNR01000063.1:939279-939553-	7	28	0	105,109,110,118,161	110,116,117,125,168	1	3,4,5,6,7	59	59	218	7|3|0|1|1|2|5|3|4|1|0|1
GA	Syrmik	LTR	ERVL	DR0203837	QGNR01000053.1:1996285-1996609+	QGNR01000055.1:802738-803064+	11	34	0	150,151,157,161,194	153,154,160,164,197	1	3,4,5,6,7	45	45	302	11|3|1|0|1|1|7|5|1|1|2|1
GA	Syrmik	LTR	ERVL	DR0204058	QGNR01000050.1:624929-625248-	QGNR01000054.1:6685824-6686148+	9	38	0	116,161,163,164,166	116,162,164,165,167	1	2,3,4,5,6	52	52	321	9|6|0|3|0|0|4|8|1|1|1|5
GA	Syrmik	LTR	ERVL	DR0203837	QGNR01000055.1:802738-803064+	QGNR01000061.1:247511-247853-	12	61	0	247,289,290,291,299	248,286,287,288,296	1	7,8,9,10,11	49	49	324	12|7|2|5|2|2|11|13|3|2|1|1
GA	Syrmik	LTR	ERVL	DR0203837	QGNR01000059.1:293876-294205-	QGNR01000066.1:5397964-5398309-	12	61	0	50,56,63,72,74	60,66,73,82,84	1	1,2,3,4,5	25	25	332	12|6|6|4|2|3|5|20|1|1|0|1
GA	Syrmik	LTR	ERVL	DR0204058	QGNR01000050.1:3262354-3262687+	QGNR01000066.1:144166-144484+	14	41	0	103,106,107,108,115,122	103,106,107,108,115,122	1	4,5,6,7,8,9	20	20	320	14|8|2|0|1|3|6|3|0|0|3|1
GA	Syrmik	LTR	ERVL	DR0204058	QGNR01000050.1:5286582-5286904+	QGNR01000054.1:6685824-6686148+	10	41	0	110,116,162,164,165	110,116,162,164,165	1	2,3,4,5,6	56	56	323	10|7|1|2|1|4|1|10|0|1|1|3
GA	Syrmik	LTR	ERVL	DR0203837	QGNR01000059.1:763695-764034+	QGNR01000061.1:5513387-5513727+	15	68	0	51,52,61,66,91,93	50,51,60,65,90,92	1	3,4,5,6,7,8	43	43	335	15|13|4|5|5|5|7|7|1|2|1|3
GA	Syrmik	LTR	ERVL	DR0204058	QGNR01000050.1:7950837-7951156+	QGNR01000054.1:6685824-6686148+	8	32	0	157,161,163,164,166	158,162,164,165,167	1	2,3,4,5,6	10	10	320	8|6|1|3|0|0|8|3|0|1|1|1
GA	Syrmik	LTR	ERVL	DR0203837	QGNR01000061.1:200574-200919+	QGNR01000067.1:4296760-4297082-	9	46	0	161,166,169,172,175	161,166,169,172,175	1	3,4,5,6,7	15	15	316	9|13|1|1|0|4|5|7|1|2|3|0
GA	Syrmik	LTR	ERVL	DR0203837	QGNR01000061.1:200574-200919+	QGNR01000100.1:1010723-1011066+	11	40	0	161,163,166,171,175	161,163,166,170,174	1	5,6,7,8,9	14	14	233	11|2|3|0|1|1|5|8|2|1|1|5
GA	Syrmik	LTR	ERVL	DR0204058	QGNR01000051.1:4827841-4828164-	QGNR01000107.1:704729-705043-	11	35	0	18,23,53,55,71	18,23,53,55,71	1	1,2,3,4,5	54	54	314	11|8|1|1|0|1|5|3|0|2|2|1
GA	Syrmik	LTR	ERVL	DR0204058	QGNR01000052.1:4439197-4439518-	QGNR01000054.1:6685824-6686148+	9	33	0	110,116,128,162,165	110,116,128,162,165	1	1,2,3,4,5	56	56	319	9|6|1|3|1|1|4|3|0|1|3|1
GA	Syrmik	LTR	ERVL	DR0203837	QGNR01000061.1:3795677-3796020+	QGNR01000061.1:5513387-5513727+	12	50	0	52,53,62,92,94	50,51,60,90,92	1	2,3,4,5,6	43	43	285	12|12|4|2|4|1|3|5|2|0|3|2
GA	Syrmik	LTR	ERVL	DR0204058	QGNR01000053.1:3159220-3159497+	QGNR01000054.1:6685824-6686148+	11	33	0	115,161,163,164,166	116,162,164,165,167	1	2,3,4,5,6	52	52	244	11|6|1|4|1|1|2|3|2|0|2|0
GA	Syrmik	LTR	ERVL	DR0203837	QGNR01000063.1:1223596-1223931+	QGNR01000100.1:1010723-1011066+	10	38	0	164,165,167,170,175	160,161,163,166,170	1	4,5,6,7,8	11	11	245	10|6|2|0|1|2|3|7|1|1|3|2
GA	Syrmik	LTR	ERVL	DR0203837	QGNR01000063.1:2701232-2701576+	QGNR01000069.1:3552946-3553273+	7	27	0	138,143,149,154,168	141,146,152,157,171	1	2,3,4,5,6	31	31	228	7|5|2|4|1|0|3|1|1|0|2|1
GA	Syrmik	LTR	ERVL	DR0203837	QGNR01000065.1:3560881-3561206+	QGNR01000115.1:128558-128879-	10	48	0	123,159,165,167,169	125,161,167,169,171	1	4,5,6,7,8	47	47	295	10|4|0|3|1|1|15|6|1|2|3|2
GA	Syrmik	LTR	ERVL	DR0204058	QGNR01000066.1:1786118-1786441-	QGNR01000107.1:704729-705043-	9	35	0	41,53,55,58,71	41,53,55,58,71	1	1,2,3,4,5	31	31	314	9|7|2|0|1|2|6|2|1|3|1|1
GA	Syrmik	LTR	ERVL	DR0204058	QGNR01000066.1:1786118-1786441-	QGNR01000066.1:2588893-2589214+	13	41	0	41,50,53,58,80	41,50,53,58,80	1	1,2,3,4,5	40	40	322	13|6|1|0|2|3|2|3|2|4|2|3
GA	Syrmik	LTR	ERVL	DR0204058	QGNR01000068.1:4284169-4284486-	QGNR01000107.1:704729-705043-	11	38	0	53,55,58,71,74	53,55,58,71,74	1	2,3,4,5,6	22	22	311	11|9|0|1|0|2|5|5|2|1|0|2
GA	Syrmik	LTR	ERVL	DR0203837	QGNR01000083.1:1578150-1578492+	QGNR01000085.1:1092278-1092604+	14	60	0	100,103,104,114,117,129	100,103,104,114,117,129	1	4,5,6,7,8,9	30	30	322	14|9|2|1|1|5|12|9|0|6|0|1
GA	Syrmik	LTR	ERVL	DR0204058	QGNR01000076.1:1023277-1023592-	QGNR01000150.1:384419-384751+	10	32	0	100,4,47,52,65	106,13,53,58,71	1	1,2,3,4,5	94	94	319	10|6|1|1|1|2|2|3|3|2|0|1
GA	Syrmik	LTR	ERVL	DR0204058	QGNR01000077.1:8979-9305-	QGNR01000107.1:704729-705043-	10	37	0	53,55,58,61,71	53,55,58,61,71	1	2,3,4,5,6	19	19	310	10|11|0|2|0|0|5|5|1|1|2|0
GA	Syrmik	LTR	ERVL	DR0204058	QGNR01000115.1:872793-873116-	QGNR01000254.1:105994-106312-	8	26	0	106,123,164,168,171	106,122,164,168,171	1	3,4,5,6,7	66	66	320	8|2|0|2|0|1|6|4|0|1|1|1
