GA	Galgal	LTR	ERV1	GGLTR11-int	NC_052532.1:99787787-99789786-	NC_052571.1:4094502-4097503-	16	109	0	612,622,635,648,670	664,674,687,700,722	1	10,11,12,13,14	59	59	957	16|20|2|2|2|2|21|22|3|3|9|7
GA	Galgal	LTR	ERV1	GGLTR7A	NC_052532.1:143252-143859-	NC_052571.1:5622767-5623376+	22	45	0	170,177,216,217,235,250,261	170,177,216,217,238,253,264	1	6,7,8,9,10,11,12	95	95	608	22|4|3|4|1|1|2|2|3|3|0|0
GA	Galgal	LTR	ERV1	GGLTR7A	NC_052532.1:143252-143859-	NC_052543.1:94527-95137-	16	45	0	113,117,132,138,151,153	113,117,132,138,151,153	1	1,2,3,4,5,6	41	41	608	16|4|4|4|1|3|2|6|3|1|0|1
GA	Galgal	LTR	ERV1	GGLTR7A	NC_052532.1:143252-143859-	NC_052532.1:95005798-95006405+	18	45	0	216,217,235,250,261	214,215,236,251,262	1	7,8,9,10,11	49	49	606	18|5|2|5|1|1|3|5|3|1|0|1
GA	Galgal	LTR	ERV1	GGLTR7A	NC_052532.1:143252-143859-	NC_052543.1:100936-101546-	18	47	0	113,117,132,138,151,153,89	113,117,132,138,151,153,89	1	2,3,4,5,6,7,8	65	65	608	18|4|4|4|1|1|3|7|3|1|0|1
GA	Galgal	LTR	ERV1	GGLTR7A	NC_052532.1:143252-143859-	NC_052572.1:80453357-80453966+	20	49	0	177,216,217,235,250,261	177,216,217,238,253,264	1	5,6,7,8,9,10	88	88	608	20|6|5|4|1|2|2|4|3|1|1|0
GA	Galgal	LTR	ERV1	GGLTR7A	NC_052532.1:143252-143859-	NC_052572.1:79556020-79556629+	20	49	0	177,216,217,235,250,261	177,216,217,238,253,264	1	5,6,7,8,9,10	88	88	608	20|6|5|4|1|2|2|4|3|1|1|0
GA	Galgal	LTR	ERV1	GGLTR7A	NC_052532.1:143252-143859-	NC_052572.1:78589446-78590055+	20	49	0	177,216,217,235,250,261	177,216,217,238,253,264	1	5,6,7,8,9,10	88	88	608	20|6|5|4|1|2|2|4|3|1|1|0
GA	Galgal	LTR	ERV1	GGLTR7A	NC_052532.1:143252-143859-	NC_052532.1:120566809-120567418+	21	50	0	216,217,235,250,261	216,217,238,253,264	1	8,9,10,11,12	49	49	608	21|9|3|4|1|1|2|5|3|1|0|0
GA	Galgal	LTR	ERV1	GGLTR7A	NC_052532.1:143252-143859-	NC_052532.1:160119899-160120508+	18	49	0	170,216,235,250,285	170,216,238,253,287	1	5,6,7,8,9	118	118	607	18|5|2|4|3|1|4|6|3|1|0|2
GA	Galgal	LTR	ERV1	GGLTR7A	NC_052532.1:143252-143859-	NC_052572.1:82832776-82833386-	19	50	0	217,225,235,250,261	219,228,238,253,264	1	6,7,8,9,10	46	46	608	19|5|6|4|1|1|4|4|2|3|1|0
GA	Galgal	LTR	ERV1	GGLTR7A	NC_052532.1:143252-143859-	NC_052572.1:81575454-81576063-	20	49	0	177,216,217,235,250,261	177,216,217,238,253,264	1	5,6,7,8,9,10	88	88	608	20|6|5|4|1|2|2|4|3|1|1|0
GA	Galgal	LTR	ERV1	GGLTR7A	NC_052532.1:143252-143859-	NC_052571.1:1033603-1034212-	20	51	0	216,217,235,250,304	216,217,238,253,306	1	8,9,10,11,12	91	91	608	20|7|3|3|3|1|4|6|2|1|0|1
GA	Galgal	LTR	ERV1	GGLTR7A	NC_052532.1:143252-143859-	NC_052571.1:1534111-1534719-	17	50	0	170,216,217,225,235,250	170,216,217,228,238,253	1	6,7,8,9,10,11	84	84	607	17|6|3|5|1|2|3|8|3|1|0|1
GA	Galgal	LTR	ERV1	GGLTR7A	NC_052532.1:143252-143859-	NC_052571.1:6307365-6307969+	21	47	0	250,261,285,354,359	248,259,282,351,356	1	10,11,12,13,14	109	109	605	21|5|2|5|2|1|4|4|2|1|0|0
GA	Galgal	LTR	ERV1	GGLTR7A	NC_052532.1:143252-143859-	NC_052532.1:192663825-192664434-	18	53	0	117,130,131,132,138	117,130,131,132,138	1	1,2,3,4,5	22	22	606	18|6|7|4|1|1|5|6|3|2|0|0
GA	Galgal	LTR	ERV1	GGLTR7A	NC_052532.1:143252-143859-	NC_052571.1:5617313-5617922+	21	54	0	216,217,235,250,261	219,220,238,253,264	1	7,8,9,10,11	46	46	608	21|8|3|4|2|2|3|4|4|2|1|0
GA	Galgal	LTR	ERV1	GGLTR7A	NC_052532.1:143252-143859-	NC_052571.1:2429537-2430147+	23	55	0	117,132,138,151,153,216,217,235,250,261	117,132,138,151,153,216,217,238,253,264	2	1,2,3,4,5,9,10,11,12,13	86	148	608	23|6|2|5|1|1|3|9|3|1|0|1
GA	Galgal	LTR	ERV1	GGLTR7A	NC_052532.1:143252-143859-	NC_052571.1:837079-837678-	21	44	0	235,250,261,285,359	238,253,264,287,361	1	9,10,11,12,13	124	124	603	21|3|2|4|2|1|2|3|3|2|1|0
GA	Galgal	LTR	ERV1	GGLTR7A	NC_052532.1:143252-143859-	NC_052535.1:71546782-71547391-	23	57	0	216,217,235,250,261,285	216,217,238,253,264,287	1	7,8,9,10,11,12	72	72	608	23|10|2|4|2|1|2|5|3|2|2|1
GA	Galgal	LTR	ERV1	GGLTR7A	NC_052532.1:143252-143859-	NC_052532.1:192651087-192651696-	22	57	0	117,130,131,132,138,170,177,216,217,225,88	117,130,131,132,138,170,177,219,220,228,88	2	1,2,3,4,5,6,7,8,9,10,11	142	141	608	22|6|8|3|1|2|4|6|3|1|0|1
GA	Galgal	LTR	ERV1	GGLTR7A	NC_052532.1:143252-143859-	NC_052571.1:3921686-3922296-	26	59	0	216,217,228,235,243	216,217,231,238,246	1	8,9,10,11,12	31	31	608	26|7|5|3|1|1|2|9|3|1|1|0
GA	Galgal	LTR	ERV1	GGLTR7A	NC_052532.1:143252-143859-	NC_052549.1:674521-675117+	19	54	0	115,117,132,138,75	102,104,119,125,62	1	1,2,3,4,5	64	64	595	19|8|2|4|1|2|3|9|4|1|0|1
GA	Galgal	LTR	ERV1	GGLTR7A	NC_052532.1:143252-143859-	NC_052533.1:23523244-23523843-	24	47	0	216,217,235,250,261,262,285	216,217,238,253,264,265,288	1	9,10,11,12,13,14,15	73	73	603	24|3|2|4|2|1|4|4|1|1|0|1
GA	Galgal	LTR	ERV1	GGLTR7A	NC_052532.1:143252-143859-	NC_052571.1:6029430-6030040-	22	58	0	117,132,138,89,98	117,132,138,89,98	1	1,2,3,4,5	50	50	608	22|7|3|5|1|1|4|10|2|1|1|1
GA	Galgal	LTR	ERV1	GGLTR7A	NC_052532.1:143252-143859-	NC_052571.1:5983846-5984456+	22	58	0	117,132,138,89,98	117,132,138,89,98	1	1,2,3,4,5	50	50	608	22|7|3|5|1|1|4|10|2|1|1|1
GA	Galgal	LTR	ERV1	GGLTR7A	NC_052532.1:143252-143859-	NC_052533.1:95900396-95901005-	21	59	0	216,217,235,250,261	216,217,238,253,264	1	8,9,10,11,12	49	49	608	21|11|3|4|2|3|5|5|4|0|0|1
GA	Galgal	LTR	ERV1	GGLTR7A	NC_052532.1:143252-143859-	NC_052571.1:4481674-4482273+	20	48	0	216,217,235,250,261	216,217,238,253,264	1	6,7,8,9,10	49	49	603	20|8|2|3|2|1|2|6|3|1|0|0
GA	Galgal	LTR	ERV1	GGLTR7A	NC_052532.1:143252-143859-	NC_052534.1:92053228-92053838+	20	56	0	216,217,235,250,261	216,217,238,253,264	1	6,7,8,9,10	49	49	597	20|8|1|5|2|2|3|11|3|1|0|0
GA	Galgal	LTR	ERV1	GGLTR7A	NC_052532.1:143252-143859-	NC_052572.1:4784348-4784957+	25	63	0	108,117,129,132,138,216,217,235,239,250	108,117,129,132,138,216,217,238,242,253	2	1,2,3,4,5,7,8,9,10,11	69	146	608	25|12|4|5|1|1|2|7|4|1|0|1
GA	Galgal	LTR	ERV1	GGLTR7A	NC_052532.1:143252-143859-	NC_052571.1:4467136-4467740+	21	50	0	216,217,235,250,261	216,217,238,253,264	1	7,8,9,10,11	49	49	605	21|8|2|4|2|1|2|5|3|2|0|0
GA	Galgal	LTR	ERV1	GGLTR7A	NC_052532.1:143252-143859-	NC_052571.1:3762309-3762917-	18	57	0	117,132,138,86,87	117,132,138,86,87	1	1,2,3,4,5	53	53	607	18|7|6|4|1|3|2|8|6|0|1|1
GA	Galgal	LTR	ERV1	GGLTR7A	NC_052532.1:143252-143859-	NC_052571.1:2049912-2050520-	23	62	0	316,318,324,326,359	316,318,324,326,359	1	12,13,14,15,16	44	44	607	23|10|2|6|1|1|3|9|4|2|1|0
GA	Galgal	LTR	ERV1	GGLTR7B	NC_052532.1:2465316-2465645+	NC_052534.1:15264451-15264743-	6	20	0	158,162,163,170,182	121,125,126,133,145	1	1,2,3,4,5	25	25	292	6|4|1|0|0|0|4|5|0|0|0|0
GA	Galgal	LTR	ERV1	GGLTR7A	NC_052532.1:143252-143859-	NC_052571.1:8697126-8697735-	24	63	0	130,132,138,151,153	131,133,139,152,154	1	3,4,5,6,7	24	24	594	24|7|3|4|2|2|7|9|2|2|1|0
GA	Galgal	LTR	ERV1	GGLTR7A	NC_052532.1:143252-143859-	NC_052572.1:23876658-23877268-	22	65	0	113,132,138,151,153	114,133,139,152,154	1	2,3,4,5,6	41	41	595	22|11|4|3|2|2|7|8|3|2|1|0
GA	Galgal	LTR	ERV1	GGLTR7A	NC_052532.1:143252-143859-	NC_052572.1:24377144-24377750-	22	61	0	113,132,138,151,153	114,133,139,152,154	1	2,3,4,5,6	41	41	593	22|8|2|4|3|2|8|7|2|2|1|0
GA	Galgal	LTR	ERV1	GGLTR7A	NC_052532.1:143252-143859-	NC_052535.1:26973587-26974194-	21	65	0	129,132,138,151,153	130,133,139,152,154	1	3,4,5,6,7	25	25	594	21|10|3|4|4|2|8|8|2|2|1|0
GA	Galgal	LTR	ERV1	GGLTR7A	NC_052532.1:143252-143859-	NC_052571.1:6855668-6856285+	23	65	0	177,216,217,228,235,243	178,217,218,232,239,247	1	7,8,9,10,11,12	70	70	599	23|12|4|3|2|3|5|6|3|3|1|0
GA	Galgal	LTR	ERV1	GGLTR7A	NC_052532.1:143252-143859-	NC_052532.1:81676943-81677553-	27	69	0	115,132,138,151,153	116,133,139,152,154	1	2,3,4,5,6	39	39	595	27|11|4|4|2|2|6|8|3|1|1|0
GA	Galgal	LTR	ERV1	GGLTR7A	NC_052532.1:143252-143859-	NC_052532.1:184155155-184155765+	25	70	0	113,132,138,151,153	114,133,139,152,154	1	2,3,4,5,6	41	41	595	25|13|4|3|5|2|6|6|0|4|1|1
GA	Galgal	LTR	ERV1	GGLTR7A	NC_052532.1:143252-143859-	NC_052571.1:7821809-7822419+	25	71	0	216,217,229,235,243	217,218,233,239,247	1	9,10,11,12,13	31	31	595	25|10|5|3|5|3|4|7|5|3|1|0
GA	Galgal	LTR	ERV1	GGLTR11-int	NC_052533.1:52136510-52137944+	NC_052571.1:5200521-5202663-	24	161	0	666,669,671,672,708	1382,1385,1387,1388,1424	1	9,10,11,12,13	43	43	1421	24|24|6|5|8|12|35|19|5|6|6|11
GA	Galgal	LTR	ERV1	GGLTR7A	NC_052532.1:143252-143859-	NC_052572.1:5353887-5354483+	22	63	0	131,132,138,151,153	117,118,124,137,139	1	3,4,5,6,7	23	23	558	22|12|2|6|2|1|5|5|5|2|1|0
GA	Galgal	LTR	ERV1	GGLTR7A	NC_052532.1:143252-143859-	NC_052532.1:148985884-148986492-	26	71	0	132,138,150,151,153	133,139,151,152,154	1	4,5,6,7,8	22	22	594	26|12|5|3|2|4|6|6|3|2|1|1
GA	Galgal	LTR	ERV1	GGLTR7A	NC_052532.1:143252-143859-	NC_052532.1:126526284-126526898+	30	78	0	108,132,138,151,153,87	109,133,139,152,154,88	1	2,3,4,5,6,7	67	67	610	30|11|5|3|2|3|10|9|3|1|1|0
GA	Galgal	LTR	ERV1	GGLTR7A	NC_052532.1:143252-143859-	NC_052532.1:149964317-149964930-	29	71	0	130,132,138,151,153	131,133,139,152,154	1	4,5,6,7,8	24	24	597	29|11|5|3|2|2|6|6|4|2|1|0
GA	Galgal	LTR	ERV1	GGLTR7A	NC_052532.1:143252-143859-	NC_052532.1:127811556-127812164-	22	73	0	132,138,139,151,153	132,138,139,151,153	1	4,5,6,7,8	22	22	594	22|11|4|8|6|2|7|7|3|2|1|0
GA	Galgal	LTR	ERV1	GGLTR7A	NC_052532.1:143252-143859-	NC_052571.1:6797527-6798139-	28	74	0	113,131,132,138,151,153	114,132,133,139,152,154	1	3,4,5,6,7,8	41	41	596	28|10|6|3|4|2|7|8|2|2|2|0
GA	Galgal	LTR	ERV1	GGLTR7A	NC_052532.1:143252-143859-	NC_052532.1:164114996-164115606+	26	76	0	132,138,151,153,89	133,139,152,154,90	1	3,4,5,6,7	65	65	594	26|14|5|4|5|3|7|8|2|1|1|0
GA	Galgal	LTR	ERV1	GGLTR7A	NC_052532.1:143252-143859-	NC_052571.1:6251388-6251998+	28	75	0	115,132,138,151,153	116,133,139,152,154	1	2,3,4,5,6	39	39	595	28|10|5|4|3|1|8|6|6|3|1|0
GA	Galgal	LTR	ERV1	GGLTR7B	NC_052532.1:2474129-2474458+	NC_052534.1:15264451-15264743-	6	20	0	158,162,163,170,182	121,125,126,133,145	1	1,2,3,4,5	25	25	292	6|4|1|0|0|0|4|5|0|0|0|0
GA	Galgal	LTR	ERV1	ERV1-1_GG-I	NC_052537.1:272179-273777+	NC_052537.1:574434-575922+	5	16	0	1011,1128,1382,782,961	1019,1273,674,852,902	1	1,2,3,4,5	600	600	1488	5|1|2|1|0|0|5|0|0|1|0|1
GA	Galgal	LTR	ERV1	GGLTR7-int	NC_052532.1:138656-142606-	NC_052571.1:1970170-1976557-	64	269	0	2950,2951,2955,2956,2967	3700,3701,3705,3706,3717	1	59,60,61,62,63	18	18	3081	64|48|12|32|27|18|16|16|14|7|7|8
GA	Galgal	LTR	ERV1	GGLTR7-int	NC_052532.1:138656-142606-	NC_052571.1:9061300-9066868+	60	263	0	2919,2951,2955,2956,2967	3664,3696,3700,3701,3712	1	55,56,57,58,59	49	49	3080	60|50|10|33|30|15|20|17|10|5|8|5
GA	Galgal	LTR	ERV1	GGLTR7-int	NC_052532.1:138656-142606-	NC_052571.1:6607650-6614014-	65	255	0	2919,2951,2955,2956,2967	3643,3675,3679,3680,3691	1	60,61,62,63,64	49	49	3071	65|41|9|33|29|15|17|15|13|4|7|7
GA	Galgal	LTR	ERV1	GGLTR11-int	NC_052533.1:52865694-52867347-	NC_052571.1:4094502-4097503-	19	96	0	809,815,827,828,831	1279,1285,1297,1298,1301	1	3,4,5,6,7	23	23	896	19|19|3|6|1|3|19|15|6|5|0|0
GA	Galgal	LTR	ERV1	GGLTR7-int	NC_052532.1:138656-142606-	NC_052539.1:11268247-11271904-	67	269	0	1632,1638,1668,1674,1690,1697	2372,2378,2408,2414,2430,2437	1	41,42,43,44,45,46	66	66	2918	67|54|8|32|33|15|17|14|12|5|5|7
GA	Galgal	LTR	ERV1	GGLTR7A	NC_052532.1:151037-151626-	NC_052571.1:6447049-6447635-	18	46	0	322,341,377,378,397	319,338,374,375,394	1	9,10,11,12,13	76	76	587	18|10|1|5|2|0|3|0|7|0|0|0
GA	Galgal	LTR	ERV1	GGLTR7A	NC_052532.1:151037-151626-	NC_052532.1:56557846-56558436+	17	49	0	320,341,352,377,378,397	320,341,352,378,379,398	1	6,7,8,9,10,11	79	79	589	17|11|2|3|2|0|3|3|8|0|0|0
GA	Galgal	LTR	ERV1	GGLTR7A	NC_052532.1:151037-151626-	NC_052571.1:2325077-2325665+	19	49	0	289,341,377,378,397	288,340,376,377,396	1	8,9,10,11,12	109	109	588	19|8|3|5|3|1|1|0|6|0|2|1
GA	Galgal	LTR	ERV1	GGLTR7A	NC_052532.1:151037-151626-	NC_052572.1:50230947-50231535+	20	50	0	341,357,377,378,397	340,356,376,377,396	1	8,9,10,11,12	57	57	588	20|9|4|3|3|0|3|1|6|1|0|0
GA	Galgal	LTR	ERV1	GGLTR7A	NC_052532.1:151037-151626-	NC_052571.1:2236116-2236704+	21	48	0	336,341,377,378,388,397	335,340,376,377,387,396	1	6,7,8,9,10,11	62	62	588	21|6|2|3|3|0|2|2|6|1|1|1
GA	Galgal	LTR	ERV1	ERV1-1_GG-I	NC_052539.1:6119585-6120740-	NC_052571.1:6463245-6466417-	30	112	0	599,610,612,613,617	2945,2956,2958,2959,2963	1	16,17,18,19,20	19	19	825	30|13|3|3|5|4|24|20|1|1|3|5
GA	Galgal	LTR	ERV1	GGLTR7A	NC_052532.1:151037-151626-	NC_052571.1:2278455-2279043+	21	49	0	336,341,377,378,388,397	335,340,376,377,387,396	1	6,7,8,9,10,11	62	62	588	21|6|2|3|3|0|3|2|6|1|1|1
GA	Galgal	LTR	ERV1	GGLTR7A	NC_052532.1:151037-151626-	NC_052571.1:1588881-1589469-	21	54	0	377,378,380,381,382,388,397	376,377,379,380,381,387,396	1	10,11,12,13,14,15,16	21	21	588	21|11|3|2|2|0|6|0|6|0|2|1
GA	Galgal	LTR	ERV1	GGLTR7A	NC_052532.1:151037-151626-	NC_052571.1:1407048-1407636-	21	54	0	377,378,380,381,382,388,397	376,377,379,380,381,387,396	1	10,11,12,13,14,15,16	21	21	588	21|11|3|2|2|0|6|0|6|0|2|1
GA	Galgal	LTR	ERV1	GGLTR7A	NC_052532.1:151037-151626-	NC_052535.1:42275367-42275953+	21	53	0	336,341,350,370,377,378,388,397	335,340,349,369,376,377,387,396	1	9,10,11,12,13,14,15,16	62	62	587	21|12|2|3|3|1|3|0|6|0|0|2
GA	Galgal	LTR	ERV1	GGLTR7A	NC_052532.1:151037-151626-	NC_052533.1:96009614-96010197-	21	52	0	341,346,350,377,378,397	337,342,346,373,374,393	1	7,8,9,10,11,12	57	57	584	21|13|2|4|3|0|2|1|5|0|0|1
GA	Galgal	LTR	ERV1	GGLTR7A	NC_052532.1:151037-151626-	NC_052549.1:5972089-5972679+	19	58	0	360,377,378,388,397	360,377,378,388,397	1	10,11,12,13,14	38	38	589	19|13|3|6|5|0|5|1|4|0|1|1
GA	Galgal	LTR	ERV1	GGLTR7A	NC_052532.1:151037-151626-	NW_024095996.1:367095-367685-	21	61	0	357,377,378,382,397	358,378,379,383,398	1	12,13,14,15,16	41	41	589	21|8|2|5|2|0|7|2|7|3|3|1
GA	Galgal	LTR	ERV1	GGLTR7A	NC_052532.1:151037-151626-	NC_052541.1:2653717-2654304+	21	60	0	336,341,346,359,365,377,378	334,339,344,357,363,375,376	1	5,6,7,8,9,10,11	43	43	588	21|4|6|6|6|1|4|3|6|1|0|2
GA	Galgal	LTR	ERV1	GGLTR7A	NC_052532.1:151037-151626-	NC_052535.1:36454926-36455536-	15	43	0	377,378,382,388,397	398,399,403,409,418	1	7,8,9,10,11	21	21	599	15|8|3|5|3|1|1|1|5|0|0|1
GA	Galgal	LTR	ERV1	GGLTR7A	NC_052532.1:151037-151626-	NC_052571.1:8697126-8697735-	18	43	0	346,352,377,378,397	368,374,398,399,418	1	8,9,10,11,12	51	51	598	18|7|1|4|2|0|3|2|6|0|0|0
GA	Galgal	LTR	ERV1	GGLTR7A	NC_052532.1:151037-151626-	NC_052571.1:8822968-8823518-	20	49	0	336,341,352,356,377,378,388	296,301,312,316,338,339,349	1	7,8,9,10,11,12,13	54	54	550	20|10|1|4|4|1|2|2|5|0|0|0
GA	Galgal	LTR	ERV1	GGLTR7A	NC_052532.1:151037-151626-	NC_052541.1:20091684-20092294-	19	46	0	341,346,350,360,377,378	362,367,371,381,398,399	1	7,8,9,10,11,12	38	38	599	19|7|3|2|4|0|3|0|5|1|0|2
GA	Galgal	LTR	ERV1	GGLTR7A	NC_052532.1:151037-151626-	NC_052572.1:62341372-62341982+	19	47	0	308,341,350,377,378,382	307,362,371,398,399,403	1	7,8,9,10,11,12	97	97	599	19|9|2|3|3|1|3|1|5|0|0|1
GA	Galgal	LTR	ERV1	GGLTR7-int	NC_052532.1:138656-142606-	NC_052571.1:1035494-1039779-	50	200	0	2946,2951,2955,2956,2967	3663,3668,3672,3673,3684	1	45,46,47,48,49	22	22	2363	50|21|6|29|22|14|9|14|12|8|12|3
GA	Galgal	LTR	ERV1	GGLTR7A	NC_052532.1:151037-151626-	NC_052533.1:125109217-125109791-	18	50	0	366,377,378,382,388,397	351,362,363,367,373,382	1	8,9,10,11,12,13	32	32	581	18|13|2|4|4|0|3|0|4|1|1|0
GA	Galgal	LTR	ERV1	GGLTR7A	NC_052532.1:151037-151626-	NC_052532.1:184155155-184155765+	21	48	0	289,341,362,366,374,377,378,388,397	288,362,383,387,395,398,399,409,418	1	7,8,9,10,11,12,13,14,15	131	131	599	21|10|2|2|4|0|1|0|5|1|0|2
GA	Galgal	LTR	ERV1	GGLTR7A	NC_052532.1:151037-151626-	NC_052571.1:8146274-8146883+	17	48	0	341,352,377,378,388	361,372,397,398,408	1	7,8,9,10,11	48	48	599	17|8|3|3|3|2|3|0|5|3|1|0
GA	Galgal	LTR	ERV1	GGLTR7-int	NC_052532.1:138656-142606-	NC_052571.1:4640194-4643725-	78	325	0	1628,1668,1674,1697,1715	1573,1613,1619,1642,1660	1	45,46,47,48,49	88	88	2904	78|53|8|36|33|19|30|19|14|9|12|14
GA	Galgal	LTR	ERV1	GGLTR7A	NC_052532.1:151037-151626-	NC_052571.1:8100481-8101070+	22	66	0	265,270,271,274,289,322	265,270,271,274,288,320	1	7,8,9,10,11,12	56	56	589	22|8|1|4|7|3|6|3|5|1|4|2
GA	Galgal	LTR	ERV1	GGLTR7A	NC_052532.1:151037-151626-	NC_052534.1:103629500-103630110-	19	51	0	360,377,378,388,397	381,398,399,409,418	1	9,10,11,12,13	38	38	599	19|9|2|3|2|3|2|3|6|1|1|0
GA	Galgal	LTR	ERV1	GGLTR7A	NC_052532.1:151037-151626-	NC_052533.1:81702536-81703115+	22	59	0	359,377,378,397,399	358,376,377,388,390	1	10,11,12,13,14	33	33	584	22|13|3|4|2|1|6|1|6|0|0|1
GA	Galgal	LTR	ERV1	GGLTR7A	NC_052532.1:151037-151626-	NC_052532.1:171494551-171495161-	19	51	0	289,341,350,352,365,377,378,397	288,362,371,373,386,398,399,418	1	7,8,9,10,11,12,13,14	131	131	599	19|9|4|2|4|1|4|3|5|0|0|0
GA	Galgal	LTR	ERV1	GGLTR7A	NC_052532.1:151037-151626-	NC_052571.1:8122854-8123449-	21	58	0	265,270,271,274,289,322	271,276,277,280,294,326	1	6,7,8,9,10,11	56	56	592	21|9|2|4|5|1|5|1|5|0|1|4
GA	Galgal	LTR	ERV1	GGLTR7A	NC_052532.1:151037-151626-	NC_052534.1:34901920-34902521-	17	55	0	346,377,378,390,397	354,389,390,402,409	1	7,8,9,10,11	56	56	595	17|10|2|5|3|1|3|2|9|1|1|1
GA	Galgal	LTR	ERV1	GGLTR7A	NC_052532.1:151037-151626-	NC_052571.1:7992093-7992704+	19	51	0	341,366,377,378,397	364,388,399,400,419	1	9,10,11,12,13	56	56	600	19|8|3|3|4|1|8|0|4|1|0|0
GA	Galgal	LTR	ERV1	GGLTR7A	NC_052532.1:151037-151626-	NC_052571.1:7032892-7033502+	20	52	0	377,378,382,388,397	398,399,403,409,418	1	10,11,12,13,14	21	21	599	20|13|2|5|4|0|1|0|5|0|1|1
GA	Galgal	LTR	ERV1	GGLTR7A	NC_052532.1:151037-151626-	NC_052534.1:36794561-36795170+	17	51	0	350,359,377,378,388,397	370,379,397,398,408,417	1	8,9,10,11,12,13	48	48	599	17|8|3|6|4|1|2|1|6|0|1|2
GA	Galgal	LTR	ERV1	GGLTR7-int	NC_052532.1:138656-142606-	NC_052571.1:8757597-8762430+	56	261	0	2919,2951,2955,2956,2967	2282,2314,2318,2319,2330	1	50,51,52,53,54	49	49	2422	56|42|10|31|21|16|24|25|14|5|8|9
GA	Galgal	LTR	ERV1	GGLTR7A	NC_052532.1:151037-151626-	NC_052535.1:70875750-70876360-	21	54	0	352,359,377,378,388,397	373,380,398,399,409,418	1	8,9,10,11,12,13	46	46	599	21|12|3|3|4|0|4|1|5|0|1|0
GA	Galgal	LTR	ERV1	GGLTR7-int	NC_052532.1:138656-142606-	NC_052571.1:958656-963176+	38	157	0	2946,2951,2955,2956,2967	1819,1824,1828,1829,1840	1	33,34,35,36,37	22	22	1943	38|20|4|22|17|8|8|12|11|6|9|2
GA	Galgal	LTR	ERV1	GGLTR7A	NC_052532.1:151037-151626-	NC_052532.1:127811556-127812164-	17	51	0	341,346,377,378,397	360,365,396,397,416	1	10,11,12,13,14	57	57	596	17|11|2|7|5|0|3|0|6|0|0|0
GA	Galgal	LTR	ERV1	GGLTR7A	NC_052532.1:151037-151626-	NC_052571.1:6399764-6400375-	23	56	0	352,377,378,388,397	374,399,400,410,419	1	11,12,13,14,15	46	46	600	23|11|1|6|2|0|3|1|6|1|0|2
GA	Galgal	LTR	ERV1	GGLTR7A	NC_052532.1:151037-151626-	NC_052532.1:126526284-126526898+	25	54	0	270,274,277,289,291	270,274,277,290,292	1	8,9,10,11,12	23	23	601	25|10|2|3|2|0|3|2|6|0|0|1
GA	Galgal	LTR	ERV1	GGLTR7A	NC_052532.1:151037-151626-	NW_024095970.1:110885-111497+	14	54	0	365,377,378,382,397	388,400,401,405,420	1	5,6,7,8,9	33	33	600	14|9|1|4|2|2|7|3|6|4|1|1
GA	Galgal	LTR	ERV1	GGLTR7A	NC_052532.1:151037-151626-	NC_052571.1:6797527-6798139-	22	54	0	346,364,377,378,381,388	355,385,398,399,402,409	1	13,14,15,16,17,18	55	55	600	22|7|4|4|5|0|3|1|5|1|1|1
GA	Galgal	LTR	ERV1	GGLTR7A	NC_052532.1:151037-151626-	NC_052533.1:94903548-94904160-	19	56	0	341,361,377,378,388,397	364,384,400,401,411,420	1	10,11,12,13,14,15	57	57	600	19|17|1|5|2|0|3|0|7|1|0|1
GA	Galgal	LTR	ERV1	GGLTR7A	NC_052532.1:151037-151626-	NC_052572.1:73573984-73574587-	21	52	0	341,350,352,377,378,388,397	355,364,366,391,392,402,411	1	10,11,12,13,14,15,16	57	57	596	21|9|2|5|5|1|3|0|4|0|1|1
GA	Galgal	LTR	ERV1	GGLTR7A	NC_052532.1:151037-151626-	NC_052568.1:49822-50435+	14	54	0	365,377,378,382,397	389,401,402,406,421	1	5,6,7,8,9	33	33	601	14|9|1|4|2|2|7|3|6|4|1|1
GA	Galgal	LTR	ERV1	GGLTR7A	NC_052532.1:151037-151626-	NC_052564.1:117380-117989+	22	56	0	336,341,357,377,378,382,397	354,361,377,397,398,402,417	1	7,8,9,10,11,12,13	64	64	598	22|10|4|5|2|1|3|0|6|0|0|3
GA	Galgal	LTR	ERV1	GGLTR7A	NC_052532.1:151037-151626-	NC_052532.1:184260088-184260702-	21	55	0	243,265,289,336,341,350,352,357,377,378,382,388,397	243,265,292,361,366,375,377,382,402,403,407,413,422	2	3,4,5,6,7,8,9,10,11,12,13,14,15	181	180	601	21|9|2|5|3|0|2|3|7|1|1|1
GA	Galgal	LTR	ERV1	GGLTR7A	NC_052532.1:151037-151626-	NC_052572.1:81013902-81014517+	17	55	0	358,377,378,388,389	380,399,400,410,411	1	8,9,10,11,12	32	32	602	17|8|4|5|2|2|3|1|6|6|1|0
GA	Galgal	LTR	ERV1	GGLTR7A	NC_052532.1:151037-151626-	NW_024095967.1:5987-6600+	15	55	0	365,377,378,382,397	389,401,402,406,421	1	5,6,7,8,9	33	33	601	15|9|1|4|2|2|7|3|6|4|1|1
GA	Galgal	LTR	ERV1	GGLTR7A	NC_052532.1:151037-151626-	NC_052543.1:100936-101546-	19	52	0	114,118,133,169,177	113,117,132,168,176	1	6,7,8,9,10	64	64	586	19|6|1|5|3|0|4|3|6|1|1|3
GA	Galgal	LTR	ERV1	GGLTR7A	NC_052532.1:151037-151626-	NC_052532.1:149964317-149964930-	24	54	0	359,377,378,388,397	379,397,398,408,417	1	12,13,14,15,16	39	39	601	24|11|3|4|3|0|3|0|6|0|0|0
GA	Galgal	LTR	ERV1	GGLTR7-int	NC_052532.1:138656-142606-	NC_052533.1:52727304-52730752+	51	210	0	2919,2951,2955,2956,2967	1822,1854,1858,1859,1870	1	45,46,47,48,49	49	49	1914	51|40|7|29|18|5|17|18|13|4|5|3
GA	Galgal	LTR	ERV1	GGLTR7A	NC_052532.1:151037-151626-	NC_052532.1:24101707-24102311+	23	56	0	356,377,378,388,397	372,393,394,403,412	1	9,10,11,12,13	41	41	594	23|10|1|5|5|1|2|1|4|0|1|3
GA	Galgal	LTR	ERV1	GGLTR7A	NC_052532.1:151037-151626-	NC_052533.1:121398130-121398740-	22	60	0	341,361,377,378,388,397	362,382,398,399,409,418	1	9,10,11,12,13,14	57	57	599	22|11|2|4|3|0|5|3|7|1|0|2
GA	Galgal	LTR	ERV1	GGLTR7A	NC_052532.1:151037-151626-	NC_052534.1:46090351-46090964+	27	60	0	265,270,308,336,341,346,365,377,378,388	265,270,310,355,365,370,389,401,402,412	1	7,8,9,10,11,12,13,14,15,16	148	148	601	27|6|5|5|1|2|4|3|7|0|0|0
GA	Galgal	LTR	ERV1	GGLTR7A	NC_052532.1:151037-151626-	NC_052572.1:81771823-81772438-	16	59	0	352,358,377,378,388,389	374,380,399,400,410,411	1	6,7,8,9,10,11	38	38	602	16|8|5|6|1|2|4|3|6|7|1|0
GA	Galgal	LTR	ERV1	GGLTR7A	NC_052532.1:151037-151626-	NC_052572.1:30321172-30321782+	29	61	0	341,346,350,361,362,377,378,388,397	362,367,371,382,383,398,399,409,418	1	10,11,12,13,14,15,16,17,18	57	57	599	29|10|2|3|5|1|2|1|5|1|0|2
GA	Galgal	LTR	ERV1	GGLTR7A	NC_052532.1:151037-151626-	NC_052532.1:164114996-164115606+	22	61	0	341,350,357,377,378	362,371,378,398,399	1	8,9,10,11,12	38	38	599	22|14|2|4|5|1|4|2|6|0|0|1
GA	Galgal	LTR	ERV1	GGLTR7A	NC_052532.1:151037-151626-	NC_052572.1:77289703-77290318-	16	60	0	352,358,377,378,388,389	374,380,399,400,410,411	1	6,7,8,9,10,11	38	38	602	16|7|5|6|1|3|4|3|7|7|1|0
GA	Galgal	LTR	ERV1	GGLTR7A	NC_052532.1:151037-151626-	NC_052572.1:76482852-76483467+	18	60	0	350,362,377,378,388,389	372,384,399,400,410,411	1	7,8,9,10,11,12	40	40	602	18|5|6|2|1|2|5|3|8|8|2|0
GA	Galgal	LTR	ERV1	GGLTR7A	NC_052532.1:151037-151626-	NC_052532.1:164059803-164060413-	22	62	0	346,360,366,377,378,380,388,397	355,381,387,398,399,401,409,418	1	9,10,11,12,13,14,15,16	64	64	599	22|10|4|5|6|0|6|0|5|1|0|3
GA	Galgal	LTR	ERV1	GGLTR7A	NC_052532.1:151037-151626-	NC_052572.1:11521788-11522378+	22	77	0	377,378,381,388,397	378,379,382,389,398	1	13,14,15,16,17	21	21	589	22|14|4|8|4|2|5|5|7|2|2|2
GA	Galgal	LTR	ERV1	GGLTR7A	NC_052532.1:151037-151626-	NC_052572.1:75679007-75679619-	16	57	0	358,361,377,378,388,389	377,380,396,397,407,408	1	6,7,8,9,10,11	32	32	600	16|7|5|4|3|3|4|3|5|6|1|0
GA	Galgal	LTR	ERV1	GGLTR7A	NC_052532.1:151037-151626-	NC_052572.1:77655363-77655978-	19	61	0	350,362,377,378,388,389	372,384,399,400,410,411	1	7,8,9,10,11,12	40	40	602	19|5|6|2|1|2|5|3|8|8|2|0
GA	Galgal	LTR	ERV1	GGLTR7A	NC_052532.1:151037-151626-	NC_052572.1:77406423-77407038-	16	61	0	352,358,377,378,388,389	374,380,399,400,410,411	1	6,7,8,9,10,11	38	38	602	16|7|6|5|2|3|4|2|7|7|2|0
GA	Galgal	LTR	ERV1	GGLTR7A	NC_052532.1:151037-151626-	NC_052572.1:81686579-81687194+	19	62	0	350,362,377,378,382,388,389	372,384,399,400,404,410,411	1	7,8,9,10,11,12,13	40	40	602	19|5|6|2|1|2|6|3|8|8|2|0
GA	Galgal	LTR	ERV1	GGLTR7A	NC_052532.1:151037-151626-	NC_052572.1:80164330-80164945+	19	62	0	350,362,377,378,382,388,389	372,384,399,400,404,410,411	1	7,8,9,10,11,12,13	40	40	602	19|5|6|2|1|2|6|3|8|8|2|0
GA	Galgal	LTR	ERV1	GGLTR7A	NC_052532.1:151037-151626-	NC_052572.1:80131775-80132390+	19	62	0	350,362,377,378,382,388,389	372,384,399,400,404,410,411	1	7,8,9,10,11,12,13	40	40	602	19|5|6|2|1|2|6|3|8|8|2|0
GA	Galgal	LTR	ERV1	GGLTR7A	NC_052532.1:151037-151626-	NC_052572.1:79777164-79777783+	15	59	0	352,358,377,378,388,389	376,382,401,402,412,413	1	5,6,7,8,9,10	38	38	604	15|7|5|6|1|3|4|3|7|7|1|0
GA	Galgal	LTR	ERV1	GGLTR7A	NC_052532.1:151037-151626-	NC_052572.1:78929815-78930429+	17	61	0	358,361,377,378,388,389	379,382,398,399,409,410	1	6,7,8,9,10,11	32	32	601	17|8|5|4|2|3|5|3|6|7|1|0
GA	Galgal	LTR	ERV1	GGLTR7A	NC_052532.1:151037-151626-	NC_052572.1:77235093-77235707+	19	61	0	362,377,378,388,389	383,398,399,409,410	1	9,10,11,12,13	28	28	601	19|7|7|2|2|1|5|2|7|7|2|0
GA	Galgal	LTR	ERV1	GGLTR7A	NC_052532.1:151037-151626-	NC_052572.1:76923319-76923933-	17	61	0	358,361,377,378,388,389	379,382,398,399,409,410	1	6,7,8,9,10,11	32	32	601	17|8|5|4|2|3|5|3|6|7|1|0
GA	Galgal	LTR	ERV1	GGLTR7A	NC_052532.1:151037-151626-	NC_052572.1:79715237-79715853-	16	62	0	358,377,378,388,389	380,400,401,411,412	1	7,8,9,10,11	33	33	602	16|7|5|6|2|3|5|2|7|7|1|1
GA	Galgal	LTR	ERV1	GGLTR7A	NC_052532.1:151037-151626-	NC_052572.1:78538595-78539210-	19	63	0	350,362,377,378,382,388,389	372,384,399,400,404,410,411	1	7,8,9,10,11,12,13	40	40	602	19|5|6|2|1|2|6|4|8|8|2|0
GA	Galgal	LTR	ERV1	GGLTR7-int	NC_052532.1:138656-142606-	NC_052571.1:2731994-2736009-	35	133	0	2951,2955,2956,2959,2967	1356,1360,1361,1364,1372	1	30,31,32,33,34	17	17	1474	35|22|4|19|9|4|8|6|11|4|5|6
GA	Galgal	LTR	ERV1	GGLTR7A	NC_052532.1:151037-151626-	NC_052572.1:81349806-81350419+	19	61	0	362,377,378,388,389	383,398,399,409,410	1	9,10,11,12,13	28	28	601	19|7|7|2|2|1|5|2|7|7|2|0
GA	Galgal	LTR	ERV1	GGLTR7A	NC_052532.1:151037-151626-	NC_052572.1:76500939-76501553+	18	62	0	362,377,378,388,389	383,398,399,409,410	1	8,9,10,11,12	28	28	601	18|8|8|2|2|1|5|3|7|7|1|0
GA	Galgal	LTR	ERV1	GGLTR7A	NC_052532.1:151037-151626-	NC_052572.1:80760170-80760785-	18	64	0	352,358,377,378,388,389	374,380,399,400,410,411	1	8,9,10,11,12,13	38	38	602	18|8|4|7|2|3|4|2|8|7|1|0
GA	Galgal	LTR	ERV1	GGLTR7-int	NC_052532.1:138656-142606-	NC_052534.1:0-1142-	17	98	0	2946,2947,2951,2955,2956	1048,1049,1053,1057,1058	1	12,13,14,15,16	11	11	1142	17|12|5|7|3|4|10|10|7|14|7|2
GA	Galgal	LTR	ERV1	GGLTR7A	NC_052532.1:166060-166665+	NC_052543.1:94527-95137-	12	42	0	113,117,138,151,153,97	113,117,138,151,153,97	1	1,2,3,4,5,6	57	57	607	12|6|5|3|0|3|2|4|4|1|1|1
GA	Galgal	LTR	ERV1	GGLTR7A	NC_052532.1:166060-166665+	NC_052543.1:100936-101546-	14	44	0	113,117,138,151,153,31,89,97	113,117,138,151,153,31,89,97	1	1,2,3,4,5,6,7,8	123	123	607	14|6|4|4|0|1|3|5|4|1|1|1
GA	Galgal	LTR	ERV1	GGLTR7-int	NC_052532.1:138656-142606-	NC_052571.1:6829897-6833059+	21	84	0	2951,2955,2956,2959,2967	922,926,927,930,938	1	16,17,18,19,20	17	17	1047	21|15|3|11|3|4|7|8|5|2|4|1
GA	Galgal	LTR	ERV1	GGLTR7A	NC_052532.1:166060-166665+	NC_052532.1:192663825-192664434-	14	50	0	117,130,131,138,97	117,130,131,138,97	1	1,2,3,4,5	42	42	604	14|8|7|4|0|1|5|4|4|2|1|0
GA	Galgal	LTR	ERV1	GGLTR7-int	NC_052532.1:138656-142606-	NC_052571.1:895054-896947-	18	73	0	2946,2951,2955,2956,2967	812,817,821,822,833	1	13,14,15,16,17	22	22	937	18|11|1|10|3|3|6|4|7|3|6|1
GA	Galgal	LTR	ERV1	GGLTR11-int	NC_052538.1:7792641-7794376-	NC_052571.1:3683966-3685951-	56	235	0	602,603,604,605,606,607,608,609,610,611,612,613,615,617,619	800,801,802,803,804,805,806,807,808,809,810,811,813,815,817	1	14,15,16,17,18,19,20,21,22,23,24,25,26,27,28	18	18	1732	56|29|11|10|9|13|31|34|7|13|6|16
GA	Galgal	LTR	ERV1	GGLTR7A	NC_052532.1:166060-166665+	NC_052571.1:6029430-6030040-	18	53	0	117,138,89,97,98	117,138,89,97,98	1	1,2,3,4,5	50	50	607	18|9|2|5|0|1|4|8|2|1|2|1
GA	Galgal	LTR	ERV1	GGLTR7A	NC_052532.1:166060-166665+	NC_052571.1:5983846-5984456+	18	53	0	117,138,89,97,98	117,138,89,97,98	1	1,2,3,4,5	50	50	607	18|9|2|5|0|1|4|8|2|1|2|1
GA	Galgal	LTR	ERV1	GGLTR7A	NC_052532.1:166060-166665+	NC_052532.1:192651087-192651696-	17	56	0	117,130,131,138,88,97	117,130,131,138,88,97	1	1,2,3,4,5,6	51	51	606	17|9|9|3|0|2|4|5|4|1|1|1
GA	Galgal	LTR	ERV1	GGLTR7A	NC_052532.1:166060-166665+	NC_052549.1:674521-675117+	16	52	0	115,117,138,75,97	102,104,125,62,84	1	1,2,3,4,5	64	64	593	16|9|2|4|0|2|4|7|5|1|1|1
GA	Galgal	LTR	ERV1	GGLTR7A	NC_052532.1:166060-166665+	NC_052533.1:23523244-23523843-	20	44	0	216,217,235,262,284	216,217,238,265,288	1	7,8,9,10,11	73	73	601	20|5|2|4|1|1|4|2|2|1|1|1
GA	Galgal	LTR	ERV1	GGLTR7A	NC_052532.1:166060-166665+	NC_052571.1:3921686-3922296-	23	60	0	216,217,228,235,243	216,217,231,238,246	1	6,7,8,9,10	31	31	607	23|10|5|3|0|1|3|8|4|1|2|0
GA	Galgal	LTR	ERV1	GGLTR7A	NC_052532.1:166060-166665+	NC_052534.1:73477804-73478403+	25	52	0	201,216,217,235,236	201,216,217,238,239	1	7,8,9,10,11	39	39	601	25|7|3|4|0|1|3|3|4|1|1|0
GA	Galgal	LTR	ERV1	GGLTR7A	NC_052532.1:166060-166665+	NC_052572.1:4784348-4784957+	23	64	0	108,117,129,138,97	108,117,129,138,97	1	1,2,3,4,5	42	42	606	23|14|4|5|0|1|4|5|5|1|1|1
GA	Galgal	LTR	ERV1	GGLTR7A	NC_052532.1:166060-166665+	NC_052571.1:3762309-3762917-	16	53	0	117,138,86,87,97	117,138,86,87,97	1	1,2,3,4,5	53	53	594	16|7|6|3|1|3|4|5|6|0|1|1
GA	Galgal	LTR	ERV1	GGLTR7A	NC_052532.1:166060-166665+	NC_052571.1:2049912-2050520-	20	61	0	315,317,323,325,358	316,318,324,326,359	1	9,10,11,12,13	44	44	606	20|12|3|5|0|1|4|7|5|2|2|0
GA	Galgal	LTR	ERV1	GGLTR7A	NC_052532.1:166060-166665+	NC_052572.1:24377144-24377750-	18	57	0	113,138,151,153,97	114,139,152,154,98	1	2,3,4,5,6	57	57	582	18|9|2|3|2|2|9|6|3|2|1|0
GA	Galgal	LTR	ERV1	GGLTR7A	NC_052532.1:166060-166665+	NC_052572.1:23876658-23877268-	19	65	0	113,138,151,153,97	114,139,152,154,98	1	2,3,4,5,6	57	57	594	19|13|4|3|1|2|8|7|4|2|2|0
GA	Galgal	LTR	ERV1	GGLTR7A	NC_052532.1:166060-166665+	NC_052532.1:184344966-184345585+	21	62	0	108,138,153,97,98	108,138,153,97,98	1	3,4,5,6,7	57	57	611	21|9|4|6|2|3|2|3|7|1|2|2
GA	Galgal	LTR	ERV1	GGLTR7A	NC_052532.1:166060-166665+	NC_052571.1:7821809-7822419+	21	66	0	216,217,229,235,243	217,218,233,239,247	1	7,8,9,10,11	31	31	594	21|10|5|3|4|3|4|5|6|3|1|1
GA	Galgal	LTR	ERV1	GGLTR7A	NC_052532.1:166060-166665+	NC_052532.1:81676943-81677553-	23	67	0	115,138,151,153,97	116,139,152,154,98	1	2,3,4,5,6	57	57	594	23|13|4|4|1|2|6|7|4|1|2|0
GA	Galgal	LTR	ERV1	GGLTR7A	NC_052532.1:166060-166665+	NC_052532.1:126526284-126526898+	25	72	0	108,138,151,153,87,97	109,139,152,154,88,98	1	2,3,4,5,6,7	67	67	599	25|12|5|2|2|2|10|8|4|1|1|0
GA	Galgal	LTR	ERV1	GGLTR7A	NC_052532.1:166060-166665+	NC_052572.1:73573984-73574587-	22	67	0	108,115,129,138,151,153	105,112,126,135,148,150	1	2,3,4,5,6,7	46	46	590	22|13|2|5|2|3|7|5|3|1|4|0
GA	Galgal	LTR	ERV1	GGLTR7A	NC_052532.1:166060-166665+	NC_052571.1:6797527-6798139-	25	74	0	113,131,138,151,153	114,132,139,152,154	1	4,5,6,7,8	41	41	595	25|12|6|3|3|2|8|7|3|2|3|0
GA	Galgal	LTR	ERV1	GGLTR7A	NC_052532.1:166060-166665+	NC_052532.1:164114996-164115606+	23	74	0	138,151,153,89,97	139,152,154,90,98	1	3,4,5,6,7	65	65	583	23|15|5|3|4|3|9|7|3|1|1|0
GA	Galgal	LTR	ERV1	GGLTR11	NC_052532.1:151317007-151317495-	NC_052571.1:7372292-7372533-	10	36	0	105,113,116,119,120	105,113,116,119,120	1	2,3,4,5,6	16	16	240	10|6|1|0|2|2|4|6|0|0|2|3
GA	Galgal	LTR	ERV1	GGLTR11-int	NC_052542.1:8739631-8741715-	NC_052571.1:4098628-4101490-	68	312	0	1526,1527,1545,1559,1575	1525,1526,1544,1558,1575	1	52,53,54,55,56	51	51	2073	68|41|16|13|8|20|48|53|5|7|14|19
GA	Galgal	LTR	ERV1	ERV1-1_GG-I	NC_052571.1:884955-885635-	NC_052572.1:11517893-11521787+	21	75	0	157,159,162,174,182	3371,3373,3376,3392,3400	1	4,5,6,7,8	30	30	673	21|7|2|2|1|2|13|13|4|2|4|4
GA	Galgal	LTR	ERV1	ERV1-1_GG-I	NC_052571.1:1034212-1035489-	NC_052572.1:11517893-11521787+	33	150	0	754,756,759,771,779	3371,3373,3376,3392,3400	1	17,18,19,20,21	30	30	1269	33|21|5|2|4|8|32|28|4|2|6|5
GA	Galgal	LTR	ERV1	GGLTR7A	NC_052532.1:173617-174221-	NC_052543.1:94527-95137-	14	43	0	113,117,132,138,151,153	113,117,132,138,151,153	1	1,2,3,4,5,6	41	41	607	14|5|5|4|0|3|4|4|2|1|0|1
GA	Galgal	LTR	ERV1	GGLTR7A	NC_052532.1:173617-174221-	NC_052543.1:100936-101546-	16	45	0	113,117,132,138,151,153,31,89	113,117,132,138,151,153,31,89	1	1,2,3,4,5,6,7,8	123	123	607	16|5|4|5|0|1|5|5|2|1|0|1
GA	Galgal	LTR	ERV1	GGLTR7A	NC_052532.1:173617-174221-	NC_052532.1:192663825-192664434-	16	50	0	117,130,131,132,138	117,130,131,132,138	1	1,2,3,4,5	22	22	604	16|6|7|5|0|1|7|4|3|1|0|0
GA	Galgal	LTR	ERV1	ERV1-1_GG-I	NC_052571.1:2299922-2305629+	NC_052571.1:5809924-5815573-	135	699	0	1439,1442,1451,1460,1463	2752,2755,2764,2773,2776	1	3,4,5,6,7	25	25	2895	135|73|16|17|38|41|135|142|13|21|35|33
GA	Galgal	LTR	ERV1	GGLTR7A	NC_052532.1:173617-174221-	NC_052571.1:2429537-2430147+	20	52	0	117,132,138,151,153	117,132,138,151,153	1	1,2,3,4,5	37	37	607	20|7|2|6|0|1|5|7|2|1|0|1
GA	Galgal	LTR	ERV1	GGLTR7A	NC_052532.1:173617-174221-	NC_052549.1:674521-675117+	17	49	0	115,117,132,138,75	102,104,119,125,62	1	1,2,3,4,5	64	64	593	17|9|2|4|0|2|5|6|3|0|0|1
GA	Galgal	LTR	ERV1	GGLTR7A	NC_052532.1:173617-174221-	NC_052532.1:192651087-192651696-	19	55	0	117,130,131,132,138,88	117,130,131,132,138,88	1	1,2,3,4,5,6	51	51	606	19|7|8|4|0|2|6|5|3|0|0|1
GA	Galgal	LTR	ERV1	GGLTR7-int	NC_052532.1:170885-173616-	NC_052539.1:11268247-11271904-	73	286	0	108,117,134,138,145,150	109,118,135,139,146,151	1	3,4,5,6,7,8	43	43	2723	73|53|12|33|43|13|15|16|9|5|3|11
GA	Galgal	LTR	ERV1	GGLTR7A	NC_052532.1:173617-174221-	NC_052571.1:6029430-6030040-	20	57	0	117,132,138,89,98	117,132,138,89,98	1	1,2,3,4,5	50	50	607	20|8|3|6|0|1|6|8|2|1|1|1
GA	Galgal	LTR	ERV1	GGLTR7A	NC_052532.1:173617-174221-	NC_052571.1:5983846-5984456+	20	57	0	117,132,138,89,98	117,132,138,89,98	1	1,2,3,4,5	50	50	607	20|8|3|6|0|1|6|8|2|1|1|1
GA	Galgal	LTR	ERV1	GGLTR7A	NC_052532.1:173617-174221-	NC_052532.1:148474695-148475304+	24	58	0	362,366,373,396,403,412	366,370,377,401,408,417	1	10,11,12,13,14,15	52	52	606	24|10|3|4|0|1|5|6|2|0|0|3
GA	Galgal	LTR	ERV1	GGLTR7A	NC_052532.1:173617-174221-	NC_052572.1:4784348-4784957+	23	61	0	108,117,129,132,138	108,117,129,132,138	1	1,2,3,4,5	31	31	606	23|13|4|6|0|1|4|5|3|1|0|1
GA	Galgal	LTR	ERV1	GGLTR7A	NC_052532.1:173617-174221-	NC_052571.1:3762309-3762917-	16	51	0	117,132,138,86,87	117,132,138,86,87	1	1,2,3,4,5	53	53	593	16|7|6|4|1|3|3|5|3|1|1|1
GA	Galgal	LTR	ERV1	GGLTR7-int	NC_052532.1:170885-173616-	NC_052571.1:6067508-6069820-	58	253	0	161,163,171,184,211	162,164,172,185,212	1	7,8,9,10,11	51	51	2320	58|41|13|35|33|13|8|18|8|4|9|13
GA	Galgal	LTR	ERV1	GGLTR7A	NC_052532.1:173617-174221-	NC_052571.1:2049912-2050520-	21	60	0	314,316,322,324,357	316,318,324,326,359	1	10,11,12,13,14	44	44	606	21|11|3|6|0|1|5|7|3|2|1|0
GA	Galgal	LTR	ERV1	GGLTR7A	NC_052532.1:173617-174221-	NC_052572.1:23876658-23877268-	20	65	0	113,132,138,151,153	114,133,139,152,154	1	3,4,5,6,7	41	41	607	20|12|4|4|1|3|10|6|3|1|1|0
GA	Galgal	LTR	ERV1	GGLTR7A	NC_052532.1:173617-174221-	NC_052571.1:8697126-8697735-	23	66	0	130,132,138,151,153	131,133,139,152,154	1	4,5,6,7,8	24	24	606	23|8|3|5|1|3|11|7|2|2|1|0
GA	Galgal	LTR	ERV1	GGLTR7A	NC_052532.1:173617-174221-	NC_052572.1:24377144-24377750-	20	61	0	113,132,138,151,153	114,133,139,152,154	1	3,4,5,6,7	41	41	594	20|9|2|4|2|3|11|6|2|1|1|0
GA	Galgal	LTR	ERV1	GGLTR7-int	NC_052532.1:170885-173616-	NC_052571.1:8811596-8813551-	53	209	0	1344,1354,1359,1367,1382	1250,1260,1265,1273,1288	1	31,32,33,34,35	39	39	1957	53|40|6|25|28|9|8|16|6|7|4|7
GA	Galgal	LTR	ERV1	GGLTR7A	NC_052532.1:173617-174221-	NC_052532.1:81676943-81677553-	26	72	0	115,132,138,151,153	116,133,139,152,154	1	3,4,5,6,7	39	39	607	26|13|4|5|1|3|10|6|2|1|1|0
GA	Galgal	LTR	ERV1	GGLTR7A	NC_052532.1:173617-174221-	NC_052532.1:184155155-184155765+	25	73	0	113,132,138,151,153	114,133,139,152,154	1	3,4,5,6,7	41	41	607	25|13|4|4|3|3|11|4|1|3|1|1
GA	Galgal	LTR	ERV1	GGLTR7A	NC_052532.1:173617-174221-	NC_052571.1:6251388-6251998+	26	75	0	115,132,138,151,153	116,133,139,152,154	1	3,4,5,6,7	39	39	607	26|12|4|5|2|2|11|4|5|3|1|0
GA	Galgal	LTR	ERV1	GGLTR7A	NC_052532.1:173617-174221-	NC_052535.1:26973587-26974194-	21	67	0	129,132,138,151,153	130,133,139,152,154	1	3,4,5,6,7	25	25	592	21|12|3|5|3|2|11|6|1|2|1|0
GA	Galgal	LTR	ERV1	GGLTR7A	NC_052532.1:173617-174221-	NC_052532.1:148985884-148986492-	23	71	0	132,138,150,151,153	133,139,151,152,154	1	5,6,7,8,9	22	22	595	23|14|5|3|1|5|9|5|2|2|1|1
GA	Galgal	LTR	ERV1	GGLTR7A	NC_052532.1:173617-174221-	NC_052572.1:5353887-5354483+	20	60	0	131,132,138,151,153	117,118,124,137,139	1	3,4,5,6,7	23	23	557	20|14|2|6|1|1|6|3|3|2|1|1
GA	Galgal	LTR	ERV1	GGLTR7A	NC_052532.1:173617-174221-	NC_052532.1:149964317-149964930-	26	72	0	130,132,138,151,153	131,133,139,152,154	1	5,6,7,8,9	24	24	608	26|13|4|5|1|2|10|5|3|2|1|0
GA	Galgal	LTR	ERV1	GGLTR7A	NC_052532.1:173617-174221-	NC_052532.1:127811556-127812164-	20	72	0	132,138,139,151,153	132,138,139,151,153	1	4,5,6,7,8	22	22	593	20|13|4|9|5|2|9|5|2|2|1|0
GA	Galgal	LTR	ERV1	GGLTR7A	NC_052532.1:173617-174221-	NC_052532.1:126526284-126526898+	26	70	0	108,132,138,151,153,87	109,133,139,152,154,88	1	2,3,4,5,6,7	67	67	598	26|11|5|3|1|3|10|7|2|1|1|0
GA	Galgal	LTR	ERV1	GGLTR7A	NC_052532.1:173617-174221-	NC_052572.1:73573984-73574587-	25	71	0	108,115,129,132,138,151,153	105,112,126,129,135,148,150	1	3,4,5,6,7,8,9	46	46	603	25|13|2|6|2|4|10|4|1|1|3|0
GA	Galgal	LTR	ERV1	GGLTR7A	NC_052532.1:173617-174221-	NC_052571.1:6797527-6798139-	26	73	0	113,131,132,138,151,153	114,132,133,139,152,154	1	3,4,5,6,7,8	41	41	595	26|12|6|4|3|2|9|6|1|2|2|0
GA	Galgal	LTR	ERV1	GGLTR7B	NC_052532.1:75288431-75288734-	NC_052571.1:5278566-5278904+	10	34	0	109,117,24,29,99	109,119,127,34,39	1	1,2,3,4,5	94	94	248	10|6|1|1|1|0|5|8|0|2|0|0
GA	Galgal	LTR	ERV1	GGLTR7A	NC_052532.1:173617-174221-	NC_052532.1:184260088-184260702-	25	77	0	366,368,373,397,403,412	375,377,382,407,413,422	1	14,15,16,17,18,19	48	48	609	25|13|5|4|2|3|11|7|2|3|2|0
GA	Galgal	LTR	ERV1	ERV1-1_GG-I	NC_052571.1:4226920-4229946+	NC_052571.1:6463245-6466417-	67	312	0	2112,2118,2124,2128,2130	1179,1185,1191,1195,1197	1	34,35,36,37,38	19	19	2096	67|49|6|8|21|14|60|58|7|4|8|10
GA	Galgal	LTR	ERV1	GGLTR7A	NC_052532.1:186512-187119-	NC_052543.1:94527-95137-	13	40	0	113,132,138,151,153,53	113,132,138,151,153,53	1	1,2,3,4,5,6	101	101	608	13|4|5|4|1|3|2|3|3|1|0|1
GA	Galgal	LTR	ERV1	GGLTR7A	NC_052532.1:186512-187119-	NC_052543.1:100936-101546-	15	42	0	113,132,138,151,153,31,53,89	113,132,138,151,153,31,53,89	1	1,2,3,4,5,6,7,8	123	123	608	15|4|4|5|1|1|3|4|3|1|0|1
GA	Galgal	LTR	ERV1	GGLTR7A	NC_052532.1:186512-187119-	NC_052532.1:192663825-192664434-	16	50	0	130,131,132,138,53	130,131,132,138,53	1	1,2,3,4,5	86	86	606	16|6|7|5|1|1|6|3|3|2|0|0
GA	Galgal	LTR	ERV1	GGLTR7A	NC_052532.1:186512-187119-	NC_052549.1:674521-675117+	16	47	0	115,132,138,53,75	102,119,125,40,62	1	1,2,3,4,5	86	86	595	16|7|2|5|1|2|4|5|4|0|0|1
GA	Galgal	LTR	ERV1	GGLTR7B	NC_052532.1:75706001-75706602-	NC_052539.1:10775496-10776093+	15	47	0	252,277,283,291,293,306,366	252,283,291,299,301,314,369	1	6,7,8,9,10,11,12	118	118	596	15|8|1|3|4|2|3|5|2|0|2|2
GA	Galgal	LTR	ERV1	GGLTR11-int	NC_052547.1:1794948-1798706-	NC_052571.1:4097851-4098488-	18	59	0	1383,1391,1396,1421,1427,1439	509,517,522,547,553,565	1	12,13,14,15,16,17	57	57	515	18|11|5|4|4|1|7|3|3|0|2|1
GA	Galgal	LTR	ERV1	GGLTR7A	NC_052532.1:186512-187119-	NC_052571.1:6029430-6030040-	20	55	0	132,138,53,89,98	132,138,53,89,98	1	1,2,3,4,5	86	86	608	20|7|3|6|1|1|5|7|2|1|1|1
GA	Galgal	LTR	ERV1	GGLTR7A	NC_052532.1:186512-187119-	NC_052571.1:5983846-5984456+	20	55	0	132,138,53,89,98	132,138,53,89,98	1	1,2,3,4,5	86	86	608	20|7|3|6|1|1|5|7|2|1|1|1
GA	Galgal	LTR	ERV1	GGLTR7A	NC_052532.1:186512-187119-	NC_052532.1:192651087-192651696-	19	56	0	130,131,132,138,53,88	130,131,132,138,53,88	1	1,2,3,4,5,6	86	86	608	19|7|9|4|1|2|5|4|3|1|0|1
GA	Galgal	LTR	ERV1	ERV1-1_GG-I	NC_052571.1:5809924-5815573-	NC_052571.1:7559769-7562321-	27	105	0	5194,5197,5204,5205,5206	691,694,701,702,703	1	10,11,12,13,14	13	13	741	27|23|3|1|7|0|20|14|1|1|3|5
GA	Galgal	LTR	ERV1	GGLTR7A	NC_052532.1:186512-187119-	NC_052532.1:148474695-148475304+	26	58	0	395,399,406,415,429	397,401,408,417,431	1	15,16,17,18,19	35	35	608	26|8|3|4|1|1|5|4|3|0|0|3
GA	Galgal	LTR	ERV1	GGLTR7A	NC_052532.1:186512-187119-	NC_052571.1:2049912-2050520-	22	59	0	316,318,324,326,359	316,318,324,326,359	1	11,12,13,14,15	44	44	607	22|9|3|6|1|1|5|5|4|2|1|0
GA	Galgal	LTR	ERV1	GGLTR7A	NC_052532.1:186512-187119-	NC_052571.1:4120162-4120771-	24	65	0	395,399,407,408,415,429	397,401,409,410,417,431	1	14,15,16,17,18,19	35	35	608	24|9|6|6|1|1|3|5|4|1|2|3
GA	Galgal	LTR	ERV1	GGLTR7A	NC_052532.1:186512-187119-	NC_052571.1:8697126-8697735-	23	62	0	130,132,138,151,153	131,133,139,152,154	1	4,5,6,7,8	24	24	594	23|7|3|5|2|2|9|6|2|2|1|0
GA	Galgal	LTR	ERV1	GGLTR7A	NC_052532.1:186512-187119-	NC_052571.1:4113793-4114402+	24	65	0	395,399,407,408,415,429	397,401,409,410,417,431	1	14,15,16,17,18,19	35	35	595	24|9|6|6|1|1|3|5|4|1|2|3
GA	Galgal	LTR	ERV1	GGLTR7A	NC_052532.1:186512-187119-	NC_052535.1:26973587-26974194-	21	66	0	129,132,138,151,153	130,133,139,152,154	1	4,5,6,7,8	25	25	594	21|10|3|5|4|2|11|5|2|2|1|0
GA	Galgal	LTR	ERV1	ERV1-1_GG-I	NC_052571.1:6090628-6097691+	NC_052572.1:11517893-11521787+	92	408	0	6535,6537,6540,6552,6556	3371,3373,3376,3388,3392	1	80,81,82,83,84	22	22	3905	92|68|11|10|9|8|87|81|8|5|15|14
GA	Galgal	LTR	ERV1	GGLTR7A	NC_052532.1:186512-187119-	NC_052572.1:5353887-5354483+	22	64	0	131,132,138,151,153	117,118,124,137,139	1	4,5,6,7,8	23	23	558	22|12|2|7|2|1|8|2|5|2|1|0
GA	Galgal	LTR	ERV1	GGLTR7A	NC_052532.1:186512-187119-	NC_052532.1:149964317-149964930-	26	69	0	130,132,138,151,153	131,133,139,152,154	1	5,6,7,8,9	24	24	597	26|11|5|5|2|1|8|4|4|2|1|0
GA	Galgal	LTR	ERV1	GGLTR7A	NC_052532.1:186512-187119-	NC_052532.1:148985884-148986492-	26	74	0	132,138,150,151,153	133,139,151,152,154	1	5,6,7,8,9	22	22	594	26|13|5|4|2|4|9|4|3|2|1|1
GA	Galgal	LTR	ERV1	GGLTR7A	NC_052532.1:186512-187119-	NC_052571.1:6797527-6798139-	28	75	0	131,132,138,151,153	132,133,139,152,154	1	5,6,7,8,9	23	23	596	28|10|6|4|4|2|10|5|2|2|2|0
GA	Galgal	LTR	ERV1	GGLTR7A	NC_052532.1:186512-187119-	NC_052572.1:73573984-73574587-	26	70	0	129,132,138,151,153	126,129,135,148,150	1	5,6,7,8,9	25	25	592	26|11|2|6|3|3|9|4|2|1|3|0
GA	Galgal	LTR	ERV1	ERV1-1_GG-I	NC_052571.1:6709970-6710985-	NC_052572.1:11517893-11521787+	27	122	0	489,491,494,510,518	3371,3373,3376,3392,3400	1	12,13,14,15,16	30	30	1006	27|17|4|3|2|6|27|22|5|0|5|4
GA	Galgal	LTR	ERV1	ERV1-1_GG-I	NC_052571.1:6717343-6723432-	NC_052572.1:11517893-11521787+	70	312	0	3455,3459,3472,3486,3490	264,268,281,294,298	1	3,4,5,6,7	35	35	2896	70|60|7|5|5|4|70|58|7|8|7|11
GA	Galgal	LTR	ERV1	ERV1-1_GG-I	NC_052571.1:6717343-6723432-	NC_052571.1:7559769-7562321-	44	152	0	5200,5203,5210,5211,5212	691,694,701,702,703	1	12,13,14,15,16	13	13	1176	44|19|3|3|6|1|31|21|3|3|7|11
GA	Galgal	LTR	ERV1	GGLTR7-int	NC_052532.1:183770-186511-	NC_052539.1:11268247-11271904-	76	291	0	108,117,134,138,145,150	109,118,135,139,146,151	1	3,4,5,6,7,8	43	43	2728	76|56|13|32|39|12|20|15|10|3|5|10
GA	Galgal	LTR	ERV1	GGLTR7A	NC_052532.1:199286-199889-	NC_052543.1:94527-95137-	12	46	0	111,115,130,136,149,151	113,117,132,138,151,153	1	1,2,3,4,5,6	41	41	606	12|5|4|5|1|3|3|7|3|1|1|1
GA	Galgal	LTR	ERV1	GGLTR7A	NC_052532.1:199286-199889-	NC_052543.1:100936-101546-	14	48	0	111,115,130,136,149,151,31,84	113,117,132,138,151,153,31,85	1	1,2,3,4,5,6,7,8	123	123	606	14|5|5|4|1|1|4|8|3|1|1|1
GA	Galgal	LTR	ERV1	ERV1-1_GG-I	NC_052571.1:6866273-6870021+	NC_052572.1:11517893-11521787+	28	95	0	3009,3013,3026,3040,3044	264,268,281,294,298	1	4,5,6,7,8	35	35	998	28|16|0|1|3|2|17|18|2|4|1|3
GA	Galgal	LTR	ERV1	GGLTR7A	NC_052532.1:199286-199889-	NC_052532.1:192663825-192664434-	15	52	0	115,128,129,130,136	117,130,131,132,138	1	1,2,3,4,5	22	22	604	15|4|6|5|2|1|6|6|4|1|1|1
GA	Galgal	LTR	ERV1	GGLTR7A	NC_052532.1:199286-199889-	NC_052571.1:2429537-2430147+	19	56	0	115,130,136,149,151	117,132,138,151,153	1	1,2,3,4,5	37	37	606	19|7|2|6|1|1|4|10|3|1|1|1
GA	Galgal	LTR	ERV1	GGLTR7A	NC_052532.1:199286-199889-	NC_052549.1:674521-675117+	16	54	0	113,115,130,136,75	102,104,119,125,62	1	1,2,3,4,5	64	64	593	16|9|2|4|1|2|5|9|4|0|1|1
GA	Galgal	LTR	ERV1	GGLTR7A	NC_052532.1:199286-199889-	NC_052532.1:192651087-192651696-	18	60	0	115,128,129,130,136,84	117,130,131,132,138,85	1	1,2,3,4,5,6	54	54	606	18|7|9|3|1|2|5|8|4|0|1|2
GA	Galgal	LTR	ERV1	GGLTR7A	NC_052532.1:199286-199889-	NC_052571.1:6029430-6030040-	18	58	0	115,130,136,84,96	117,132,138,85,98	1	1,2,3,4,5	54	54	606	18|8|3|5|1|1|4|11|3|1|2|1
GA	Galgal	LTR	ERV1	GGLTR7A	NC_052532.1:199286-199889-	NC_052571.1:5983846-5984456+	18	58	0	115,130,136,84,96	117,132,138,85,98	1	1,2,3,4,5	54	54	606	18|8|3|5|1|1|4|11|3|1|2|1
GA	Galgal	LTR	ERV1	GGLTR7A	NC_052532.1:199286-199889-	NC_052532.1:148474695-148475304+	24	63	0	360,364,371,372,395,402,411	366,370,377,378,401,408,417	1	10,11,12,13,14,15,16	52	52	606	24|10|3|3|1|1|4|9|3|0|1|4
GA	Galgal	LTR	ERV1	ERV1-1_GG-I	NC_052571.1:7523485-7530571+	NC_052572.1:11517893-11521787+	101	473	0	6559,6561,6564,6580,6588	3371,3373,3376,3392,3400	1	87,88,89,90,91	30	30	3896	101|80|11|10|10|8|113|93|9|12|12|14
GA	Galgal	LTR	ERV1	GGLTR7A	NC_052532.1:199286-199889-	NC_052572.1:4784348-4784957+	23	66	0	106,115,127,130,136	108,117,129,132,138	1	1,2,3,4,5	31	31	606	23|12|4|6|1|1|5|7|4|1|1|1
GA	Galgal	LTR	ERV1	GGLTR7A	NC_052532.1:199286-199889-	NC_052571.1:3762309-3762917-	16	56	0	115,130,136,84,85	117,132,138,84,85	1	1,2,3,4,5	55	55	592	16|7|6|4|1|2|4|7|5|1|2|1
GA	Galgal	LTR	ERV1	GGLTR7A	NC_052532.1:199286-199889-	NC_052532.1:157320240-157320837-	22	54	0	115,130,136,75,84	117,132,138,75,85	1	2,3,4,5,6	64	64	600	22|7|2|5|1|2|3|6|4|1|1|0
GA	Galgal	LTR	ERV1	GGLTR7A	NC_052532.1:199286-199889-	NC_052572.1:23876658-23877268-	20	70	0	111,130,136,149,151	114,133,139,152,154	1	3,4,5,6,7	41	41	606	20|12|4|4|1|3|11|8|4|1|2|0
GA	Galgal	LTR	ERV1	GGLTR7A	NC_052532.1:199286-199889-	NC_052532.1:184344966-184345585+	20	64	0	106,130,136,151,75,96	108,132,138,153,75,98	1	2,3,4,5,6,7	79	79	611	20|9|4|7|2|4|2|5|6|1|2|2
GA	Galgal	LTR	ERV1	GGLTR7A	NC_052532.1:199286-199889-	NC_052572.1:24377144-24377750-	19	64	0	111,130,136,149,151	114,133,139,152,154	1	3,4,5,6,7	41	41	593	19|9|2|4|2|3|12|7|3|1|2|0
GA	Galgal	LTR	ERV1	GGLTR7A	NC_052532.1:199286-199889-	NC_052571.1:8697126-8697735-	22	71	0	128,130,136,149,151	131,133,139,152,154	1	4,5,6,7,8	24	24	605	22|9|3|5|1|3|11|10|3|2|2|0
GA	Galgal	LTR	ERV1	GGLTR7A	NC_052532.1:199286-199889-	NC_052532.1:184155155-184155765+	24	75	0	111,130,136,149,151,376,380,388,402,411	114,133,139,152,154,383,387,395,409,418	2	3,4,5,6,7,15,16,17,18,19	77	305	606	24|13|4|4|3|3|10|6|2|3|2|1
GA	Galgal	LTR	ERV1	GGLTR7A	NC_052532.1:199286-199889-	NC_052532.1:81676943-81677553-	24	75	0	113,130,136,149,151	116,133,139,152,154	1	3,4,5,6,7	39	39	606	24|14|4|5|1|3|9|9|3|1|2|0
GA	Galgal	LTR	ERV1	ERV1-1_GG-I	NC_052571.1:7559769-7562321-	NC_052572.1:11517893-11521787+	24	112	0	2025,2027,2030,2046,2054	3371,3373,3376,3392,3400	1	10,11,12,13,14	30	30	963	24|18|3|3|2|7|26|14|3|3|5|4
GA	Galgal	LTR	ERV1	GGLTR7A	NC_052532.1:199286-199889-	NC_052572.1:73573984-73574587-	24	74	0	106,113,127,130,136,149,151	105,112,126,129,135,148,150	1	3,4,5,6,7,8,9	46	46	603	24|13|2|6|2|4|10|6|2|1|4|0
GA	Galgal	LTR	ERV1	GGLTR7A	NC_052532.1:199286-199889-	NC_052532.1:126526284-126526898+	24	73	0	106,130,136,149,151,85	109,133,139,152,154,88	1	2,3,4,5,6,7	67	67	597	24|12|5|3|1|3|10|9|3|1|2|0
GA	Galgal	LTR	ERV1	GGLTR7A	NC_052532.1:199286-199889-	NC_052532.1:148985884-148986492-	23	77	0	130,136,148,149,151	133,139,151,152,154	1	5,6,7,8,9	22	22	594	23|15|5|3|1|5|10|7|3|2|2|1
GA	Galgal	LTR	ERV1	GGLTR7A	NC_052532.1:199286-199889-	NC_052532.1:127811556-127812164-	19	77	0	130,136,137,149,151	132,138,139,151,153	1	4,5,6,7,8	22	22	592	19|14|4|9|5|2|9|8|3|2|2|0
GA	Galgal	LTR	ERV1	GGLTR7A	NC_052532.1:199286-199889-	NC_052532.1:149964317-149964930-	26	78	0	128,130,136,149,151	131,133,139,152,154	1	5,6,7,8,9	24	24	608	26|14|4|5|1|2|10|8|4|2|2|0
GA	Galgal	LTR	ERV1	GGLTR7A	NC_052532.1:199286-199889-	NC_052572.1:5353887-5354483+	19	66	0	129,130,136,149,151	117,118,124,137,139	1	3,4,5,6,7	23	23	556	19|15|2|7|1|1|7|6|4|2|2|0
GA	Galgal	LTR	ERV1	GGLTR7A	NC_052532.1:199286-199889-	NC_052571.1:6086404-6087003-	20	71	0	111,130,136,149,151	103,122,128,141,143	1	3,4,5,6,7	41	41	601	20|10|3|5|2|6|8|6|2|2|6|1
GA	Galgal	LTR	ERV1	GGLTR7-int	NC_052532.1:183770-186511-	NC_052535.1:19210634-19211886+	18	81	0	1711,1721,1730,1734,1736	480,490,502,506,509	1	4,5,6,7,8	30	30	701	18|16|5|11|6|5|6|6|2|3|0|3
GA	Galgal	LTR	ERV1	GGLTR7B	NC_052532.1:118706778-118707104-	NC_052532.1:149931590-149931896+	12	30	0	127,134,142,147,174	126,133,141,146,172	1	6,7,8,9,10	47	47	304	12|5|2|0|2|0|3|4|0|0|2|0
GA	Galgal	LTR	ERV1	GGLTR7A	NC_052532.1:215725-216328-	NC_052543.1:94527-95137-	12	46	0	111,115,130,136,149,151	113,117,132,138,151,153	1	1,2,3,4,5,6	41	41	606	12|5|4|5|1|3|3|7|3|1|1|1
GA	Galgal	LTR	ERV1	GGLTR7A	NC_052532.1:215725-216328-	NC_052543.1:100936-101546-	14	48	0	111,115,130,136,149,151,31,84	113,117,132,138,151,153,31,85	1	1,2,3,4,5,6,7,8	123	123	606	14|5|5|4|1|1|4|8|3|1|1|1
GA	Galgal	LTR	ERV1	GGLTR7A	NC_052532.1:215725-216328-	NC_052532.1:192663825-192664434-	15	52	0	115,128,129,130,136	117,130,131,132,138	1	1,2,3,4,5	22	22	604	15|4|6|5|2|1|6|6|4|1|1|1
GA	Galgal	LTR	ERV1	GGLTR7A	NC_052532.1:215725-216328-	NC_052571.1:2429537-2430147+	19	56	0	115,130,136,149,151	117,132,138,151,153	1	1,2,3,4,5	37	37	606	19|7|2|6|1|1|4|10|3|1|1|1
GA	Galgal	LTR	ERV1	GGLTR7A	NC_052532.1:215725-216328-	NC_052549.1:674521-675117+	16	54	0	113,115,130,136,75	102,104,119,125,62	1	1,2,3,4,5	64	64	593	16|9|2|4|1|2|5|9|4|0|1|1
GA	Galgal	LTR	ERV1	GGLTR7A	NC_052532.1:215725-216328-	NC_052532.1:192651087-192651696-	18	60	0	115,128,129,130,136,84	117,130,131,132,138,85	1	1,2,3,4,5,6	54	54	606	18|7|9|3|1|2|5|8|4|0|1|2
GA	Galgal	LTR	ERV1	GGLTR7A	NC_052532.1:215725-216328-	NC_052571.1:6029430-6030040-	18	58	0	115,130,136,84,96	117,132,138,85,98	1	1,2,3,4,5	54	54	606	18|8|3|5|1|1|4|11|3|1|2|1
GA	Galgal	LTR	ERV1	GGLTR7A	NC_052532.1:215725-216328-	NC_052571.1:5983846-5984456+	18	58	0	115,130,136,84,96	117,132,138,85,98	1	1,2,3,4,5	54	54	606	18|8|3|5|1|1|4|11|3|1|2|1
GA	Galgal	LTR	ERV1	GGLTR7A	NC_052532.1:215725-216328-	NC_052532.1:148474695-148475304+	24	63	0	360,364,371,372,395,402,411	366,370,377,378,401,408,417	1	10,11,12,13,14,15,16	52	52	606	24|10|3|3|1|1|4|9|3|0|1|4
GA	Galgal	LTR	ERV1	GGLTR7A	NC_052532.1:215725-216328-	NC_052572.1:4784348-4784957+	23	66	0	106,115,127,130,136	108,117,129,132,138	1	1,2,3,4,5	31	31	606	23|12|4|6|1|1|5|7|4|1|1|1
GA	Galgal	LTR	ERV1	GGLTR7A	NC_052532.1:215725-216328-	NC_052571.1:3762309-3762917-	16	56	0	115,130,136,84,85	117,132,138,84,85	1	1,2,3,4,5	55	55	592	16|7|6|4|1|2|4|7|5|1|2|1
GA	Galgal	LTR	ERV1	GGLTR7A	NC_052532.1:215725-216328-	NC_052532.1:157320240-157320837-	22	54	0	115,130,136,75,84	117,132,138,75,85	1	2,3,4,5,6	64	64	600	22|7|2|5|1|2|3|6|4|1|1|0
GA	Galgal	LTR	ERV1	GGLTR7A	NC_052532.1:215725-216328-	NC_052572.1:23876658-23877268-	20	70	0	111,130,136,149,151	114,133,139,152,154	1	3,4,5,6,7	41	41	606	20|12|4|4|1|3|11|8|4|1|2|0
GA	Galgal	LTR	ERV1	GGLTR7A	NC_052532.1:215725-216328-	NC_052532.1:184344966-184345585+	20	64	0	106,130,136,151,75,96	108,132,138,153,75,98	1	2,3,4,5,6,7	79	79	611	20|9|4|7|2|4|2|5|6|1|2|2
GA	Galgal	LTR	ERV1	GGLTR7A	NC_052532.1:215725-216328-	NC_052572.1:24377144-24377750-	19	64	0	111,130,136,149,151	114,133,139,152,154	1	3,4,5,6,7	41	41	593	19|9|2|4|2|3|12|7|3|1|2|0
GA	Galgal	LTR	ERV1	GGLTR7A	NC_052532.1:215725-216328-	NC_052571.1:8697126-8697735-	22	71	0	128,130,136,149,151	131,133,139,152,154	1	4,5,6,7,8	24	24	605	22|9|3|5|1|3|11|10|3|2|2|0
GA	Galgal	LTR	ERV1	GGLTR7A	NC_052532.1:215725-216328-	NC_052532.1:184155155-184155765+	24	75	0	111,130,136,149,151,376,380,388,402,411	114,133,139,152,154,383,387,395,409,418	2	3,4,5,6,7,15,16,17,18,19	77	305	606	24|13|4|4|3|3|10|6|2|3|2|1
GA	Galgal	LTR	ERV1	GGLTR7A	NC_052532.1:215725-216328-	NC_052532.1:81676943-81677553-	24	75	0	113,130,136,149,151	116,133,139,152,154	1	3,4,5,6,7	39	39	606	24|14|4|5|1|3|9|9|3|1|2|0
GA	Galgal	LTR	ERV1	GGLTR7A	NC_052532.1:215725-216328-	NC_052572.1:73573984-73574587-	24	74	0	106,113,127,130,136,149,151	105,112,126,129,135,148,150	1	3,4,5,6,7,8,9	46	46	603	24|13|2|6|2|4|10|6|2|1|4|0
GA	Galgal	LTR	ERV1	GGLTR7A	NC_052532.1:215725-216328-	NC_052532.1:126526284-126526898+	24	73	0	106,130,136,149,151,85	109,133,139,152,154,88	1	2,3,4,5,6,7	67	67	597	24|12|5|3|1|3|10|9|3|1|2|0
GA	Galgal	LTR	ERV1	GGLTR7A	NC_052532.1:215725-216328-	NC_052532.1:148985884-148986492-	23	77	0	130,136,148,149,151	133,139,151,152,154	1	5,6,7,8,9	22	22	594	23|15|5|3|1|5|10|7|3|2|2|1
GA	Galgal	LTR	ERV1	GGLTR7A	NC_052532.1:215725-216328-	NC_052532.1:127811556-127812164-	19	77	0	130,136,137,149,151	132,138,139,151,153	1	4,5,6,7,8	22	22	592	19|14|4|9|5|2|9|8|3|2|2|0
GA	Galgal	LTR	ERV1	GGLTR7A	NC_052532.1:215725-216328-	NC_052532.1:149964317-149964930-	26	78	0	128,130,136,149,151	131,133,139,152,154	1	5,6,7,8,9	24	24	608	26|14|4|5|1|2|10|8|4|2|2|0
GA	Galgal	LTR	ERV1	GGLTR7A	NC_052532.1:215725-216328-	NC_052572.1:5353887-5354483+	19	66	0	129,130,136,149,151	117,118,124,137,139	1	3,4,5,6,7	23	23	556	19|15|2|7|1|1|7|6|4|2|2|0
GA	Galgal	LTR	ERV1	GGLTR7A	NC_052532.1:215725-216328-	NC_052571.1:6086404-6087003-	20	71	0	111,130,136,149,151	103,122,128,141,143	1	3,4,5,6,7	41	41	601	20|10|3|5|2|6|8|6|2|2|6|1
GA	Galgal	LTR	ERV1	GGLTR7-int	NC_052532.1:196553-199286-	NC_052571.1:6067508-6069820-	60	252	0	162,164,172,185,212	162,164,172,185,212	1	7,8,9,10,11	51	51	2321	60|42|13|34|33|10|9|18|11|3|8|11
GA	Galgal	LTR	ERV1	GGLTR11	NC_052533.1:52864425-52864947-	NC_052571.1:4205524-4205986+	11	36	0	234,240,259,265,268	234,240,259,265,268	1	6,7,8,9,10	35	35	347	11|5|2|2|0|1|5|5|0|3|1|1
GA	Galgal	LTR	ERV1	GGLTR7-int	NC_052532.1:196553-199286-	NC_052571.1:8811596-8813551-	54	205	0	1346,1356,1361,1369,1384	1250,1260,1265,1273,1288	1	30,31,32,33,34	39	39	1957	54|39|5|24|27|8|7|15|6|7|5|8
GA	Galgal	LTR	ERV1	GGLTR7-int	NC_052532.1:196553-199286-	NC_052571.1:4882981-4885694+	57	245	0	1868,1874,1877,1879,1881,1891	803,809,812,814,816,826	1	26,27,28,29,30,31	24	24	1652	57|35|14|24|29|16|20|28|4|7|6|5
GA	Galgal	LTR	ERV1	GGLTR7A	NC_052532.1:231169-231779-	NC_052532.1:184260088-184260702-	19	62	0	374,379,398,403,409	377,382,402,407,413	1	9,10,11,12,13	37	37	612	19|11|3|4|5|1|4|5|7|1|1|1
GA	Galgal	LTR	ERV1	GGLTR7A	NC_052532.1:231169-231779-	NC_052543.1:100936-101546-	19	59	0	114,118,133,169,177	113,117,132,168,176	1	7,8,9,10,11	64	64	597	19|6|1|5|5|1|7|4|6|1|1|3
GA	Galgal	LTR	ERV1	GGLTR7B	NC_052532.1:157280367-157280693+	NC_052572.1:44503029-44503357+	9	32	0	135,136,140,142,146	134,135,139,141,145	1	3,4,5,6,7	12	12	326	9|6|1|0|0|5|5|3|0|1|1|1
GA	Galgal	LTR	ERV1	GGLTR7A	NC_052532.1:262213-262802-	NC_052571.1:1588881-1589469-	19	54	0	377,380,381,382,388,397	376,379,380,381,387,396	1	10,11,12,13,14,15	21	21	588	19|11|3|2|2|1|6|0|6|0|2|2
GA	Galgal	LTR	ERV1	GGLTR7A	NC_052532.1:262213-262802-	NC_052571.1:1407048-1407636-	19	54	0	377,380,381,382,388,397	376,379,380,381,387,396	1	10,11,12,13,14,15	21	21	588	19|11|3|2|2|1|6|0|6|0|2|2
GA	Galgal	LTR	ERV1	GGLTR7A	NC_052532.1:262213-262802-	NC_052535.1:42275367-42275953+	20	55	0	351,370,377,388,397	349,369,376,387,396	1	12,13,14,15,16	48	48	587	20|12|2|3|3|2|3|0|7|0|0|3
GA	Galgal	LTR	ERV1	GGLTR7B	NC_052532.1:157772498-157773095-	NC_052572.1:31378249-31378827-	13	66	0	122,130,137,146,157	103,111,117,127,138	1	4,5,6,7,8	36	36	568	13|11|1|2|3|1|17|12|3|1|1|1
GA	Galgal	LTR	ERV1	GGLTR7A	NC_052532.1:262213-262802-	NC_052533.1:125109217-125109791-	16	48	0	366,377,382,388,397	351,362,367,373,382	1	8,9,10,11,12	32	32	581	16|12|2|4|4|0|3|0|4|1|1|1
GA	Galgal	LTR	ERV1	GGLTR7A	NC_052532.1:262213-262802-	NC_052532.1:184155155-184155765+	20	51	0	364,374,377,388,397	384,395,398,409,418	1	11,12,13,14,15	35	35	599	20|10|2|2|4|1|2|0|5|2|1|2
GA	Galgal	LTR	ERV1	GGLTR7A	NC_052532.1:262213-262802-	NC_052571.1:8100481-8101070+	20	66	0	254,265,270,271,274	254,265,270,271,274	1	7,8,9,10,11	21	21	589	20|8|1|4|7|4|6|3|5|1|4|3
GA	Galgal	LTR	ERV1	GGLTR7A	NC_052532.1:262213-262802-	NC_052532.1:171494551-171495161-	17	51	0	351,353,365,377,397	371,373,386,398,418	1	9,10,11,12,13	48	48	599	17|9|4|2|4|2|4|3|5|0|0|1
GA	Galgal	LTR	ERV1	GGLTR7A	NC_052532.1:262213-262802-	NC_052571.1:8122854-8123449-	19	58	0	254,265,270,271,274	260,271,276,277,280	1	6,7,8,9,10	21	21	592	19|9|2|4|5|2|5|1|5|0|1|5
GA	Galgal	LTR	ERV1	GGLTR7A	NC_052532.1:262213-262802-	NC_052572.1:73573984-73574587-	21	55	0	351,353,377,388,397	364,366,391,402,411	1	13,14,15,16,17	48	48	596	21|10|2|4|5|2|3|1|4|0|2|1
GA	Galgal	LTR	ERV1	GGLTR7A	NC_052532.1:262213-262802-	NC_052532.1:184260088-184260702-	19	55	0	351,353,358,377,382,388,397	375,377,382,402,407,413,422	1	8,9,10,11,12,13,14	48	48	601	19|9|3|4|3|1|2|3|7|1|1|2
GA	Galgal	LTR	ERV1	GGLTR7A	NC_052532.1:262213-262802-	NC_052571.1:6797527-6798139-	20	53	0	347,364,377,381,388	355,385,398,402,409	1	13,14,15,16,17	55	55	600	20|7|4|4|5|0|3|1|5|1|1|2
GA	Galgal	LTR	ERV1	GGLTR7A	NC_052532.1:262213-262802-	NC_052543.1:100936-101546-	17	53	0	114,118,133,169,177	113,117,132,168,176	1	5,6,7,8,9	64	64	586	17|6|1|5|3|1|3|3|6|3|2|3
GA	Galgal	LTR	ERV1	GGLTR7A	NC_052532.1:262213-262802-	NC_052572.1:30321172-30321782+	27	60	0	347,351,362,377,388,397	367,371,382,398,409,418	1	12,13,14,15,16,17	52	52	599	27|10|2|3|4|1|2|0|5|4|0|2
GA	Galgal	LTR	ERV1	GGLTR7-int	NC_052532.1:212992-215725-	NC_052571.1:6067508-6069820-	59	252	0	162,164,172,185,212	162,164,172,185,212	1	7,8,9,10,11	51	51	2321	59|41|15|34|33|11|9|16|11|3|9|11
GA	Galgal	LTR	ERV1	GGLTR7A	NC_052532.1:262213-262802-	NC_052532.1:79650666-79651236+	23	58	0	481,493,495,497,512,513	462,474,476,478,493,494	1	16,17,18,19,20,21	33	33	579	23|11|2|5|3|1|4|1|5|0|1|2
GA	Galgal	LTR	ERV1	GGLTR7A	NC_052532.1:262213-262802-	NC_052532.1:148114223-148114827-	20	54	0	114,118,133,169,177	103,118,154,162,99	1	4,5,6,7,8	64	64	589	20|6|2|6|4|1|2|2|6|1|1|3
GA	Galgal	LTR	ERV1	GGLTR7-int	NC_052532.1:212992-215725-	NC_052571.1:8811596-8813551-	54	205	0	1346,1356,1361,1369,1384	1250,1260,1265,1273,1288	1	30,31,32,33,34	39	39	1957	54|38|6|24|27|8|7|15|6|7|5|8
GA	Galgal	LTR	ERV1	GGLTR7-int	NC_052532.1:212992-215725-	NC_052571.1:4882981-4885694+	57	245	0	1868,1874,1877,1879,1881,1891	803,809,812,814,816,826	1	26,27,28,29,30,31	24	24	1652	57|35|14|24|29|16|20|28|4|7|6|5
GA	Galgal	LTR	ERV1	GGLTR7A	NC_052532.1:277684-278267-	NC_052543.1:94527-95137-	15	42	0	113,117,132,138,151,153	113,117,132,138,151,153	1	1,2,3,4,5,6	41	41	596	15|5|4|4|2|4|1|3|2|1|0|1
GA	Galgal	LTR	ERV1	GGLTR7A	NC_052532.1:277684-278267-	NC_052543.1:100936-101546-	17	44	0	113,117,132,138,151,153,31,89	113,117,132,138,151,153,31,89	1	1,2,3,4,5,6,7,8	123	123	596	17|5|3|5|2|1|2|4|2|2|0|1
GA	Galgal	LTR	ERV1	GGLTR7A	NC_052532.1:277684-278267-	NC_052533.1:54098699-54099272+	22	48	0	117,132,138,75,88	111,126,132,75,88	1	1,2,3,4,5	58	58	578	22|8|1|5|3|3|1|1|2|1|0|1
GA	Galgal	LTR	ERV1	GGLTR7A	NC_052532.1:277684-278267-	NC_052532.1:192663825-192664434-	16	48	0	117,130,131,132,138	117,130,131,132,138	1	1,2,3,4,5	22	22	594	16|7|7|4|2|2|3|3|2|2|0|0
GA	Galgal	LTR	ERV1	GGLTR7A	NC_052532.1:277684-278267-	NC_052571.1:2429537-2430147+	21	50	0	117,132,138,151,153	117,132,138,151,153	1	1,2,3,4,5	37	37	596	21|7|1|6|2|2|1|6|2|1|0|1
GA	Galgal	LTR	ERV1	GGLTR7A	NC_052532.1:277684-278267-	NC_052532.1:115226576-115227163-	22	61	0	132,138,151,153,87	133,139,152,154,88	1	2,3,4,5,6	67	67	564	22|10|3|4|3|2|7|6|2|1|1|0
GA	Galgal	LTR	ERV1	GGLTR7A	NC_052532.1:277684-278267-	NC_052549.1:674521-675117+	18	48	0	115,117,132,138,75	102,104,119,125,62	1	1,2,3,4,5	64	64	583	18|6|2|5|2|2|3|4|4|1|0|1
GA	Galgal	LTR	ERV1	GGLTR7A	NC_052532.1:277684-278267-	NC_052572.1:67181191-67181781+	21	64	0	132,138,151,153,87	132,138,151,153,88	1	2,3,4,5,6	66	66	573	21|12|4|3|4|4|8|4|1|2|1|0
GA	Galgal	LTR	ERV1	GGLTR7A	NC_052532.1:277684-278267-	NC_052533.1:23523244-23523843-	23	43	0	235,250,262,285,337	238,253,265,288,362	1	10,11,12,13,14	125	125	591	23|4|1|4|3|2|2|1|1|1|0|1
GA	Galgal	LTR	ERV1	GGLTR7A	NC_052532.1:277684-278267-	NC_052571.1:6029430-6030040-	22	56	0	117,132,138,89,98	117,132,138,89,98	1	1,2,3,4,5	50	50	596	22|7|2|5|3|2|3|7|2|1|1|1
GA	Galgal	LTR	ERV1	GGLTR7A	NC_052532.1:277684-278267-	NC_052571.1:5983846-5984456+	22	56	0	117,132,138,89,98	117,132,138,89,98	1	1,2,3,4,5	50	50	596	22|7|2|5|3|2|3|7|2|1|1|1
GA	Galgal	LTR	ERV1	GGLTR7A	NC_052532.1:277684-278267-	NC_052532.1:192651087-192651696-	19	53	0	117,130,131,132,138,88	117,130,131,132,138,88	1	1,2,3,4,5,6	51	51	596	19|8|7|4|2|3|2|4|2|1|0|1
GA	Galgal	LTR	ERV1	GGLTR7A	NC_052532.1:277684-278267-	NC_052571.1:2321388-2321976+	26	67	0	121,132,138,151,153	122,133,139,152,154	1	2,3,4,5,6	33	33	572	26|9|3|4|4|3|8|4|2|2|2|0
GA	Galgal	LTR	ERV1	GGLTR7A	NC_052532.1:277684-278267-	NC_052532.1:148114223-148114827-	21	46	0	113,117,132,138,151,153,87	103,118,124,137,139,73,99	1	1,2,3,4,5,6,7	67	67	586	21|4|2|6|3|1|2|3|2|2|0|0
GA	Galgal	LTR	ERV1	GGLTR7A	NC_052532.1:277684-278267-	NC_052532.1:148474695-148475304+	24	57	0	371,375,382,391,405	397,401,408,417,431	1	12,13,14,15,16	35	35	596	24|9|3|4|3|2|3|4|2|0|0|3
GA	Galgal	LTR	ERV1	GGLTR7A	NC_052532.1:277684-278267-	NC_052532.1:70198126-70198715-	19	66	0	117,132,138,151,153	117,132,138,151,153	1	4,5,6,7,8	37	37	559	19|16|1|4|5|4|6|4|3|3|1|0
GA	Galgal	LTR	ERV1	GGLTR7A	NC_052532.1:277684-278267-	NC_052533.1:82045103-82045692+	26	72	0	132,138,151,153,86	133,139,152,154,87	1	2,3,4,5,6	68	68	573	26|13|4|5|4|4|5|4|2|2|1|2
GA	Galgal	LTR	ERV1	GGLTR7A	NC_052532.1:277684-278267-	NC_052535.1:42275367-42275953+	25	69	0	113,132,138,151,153	114,133,139,152,154	1	3,4,5,6,7	41	41	571	25|14|4|3|3|5|8|4|2|0|1|0
GA	Galgal	LTR	ERV1	GGLTR7A	NC_052532.1:277684-278267-	NC_052571.1:1588881-1589469-	26	73	0	113,132,138,151,153,371,374,375,376,382,391	114,133,139,152,154,376,379,380,381,387,396	2	3,4,5,6,7,16,17,18,19,20,21	62	283	572	26|11|3|4|4|2|9|4|2|4|3|1
GA	Galgal	LTR	ERV1	GGLTR7A	NC_052532.1:277684-278267-	NC_052571.1:1407048-1407636-	26	73	0	113,132,138,151,153,371,374,375,376,382,391	114,133,139,152,154,376,379,380,381,387,396	2	3,4,5,6,7,16,17,18,19,20,21	62	283	572	26|11|3|4|4|2|9|4|2|4|3|1
GA	Galgal	LTR	ERV1	GGLTR7A	NC_052532.1:277684-278267-	NC_052535.1:66888406-66888994+	26	72	0	130,132,138,151,153	131,133,139,152,154	1	3,4,5,6,7	24	24	567	26|11|3|6|6|3|5|5|4|1|2|0
GA	Galgal	LTR	ERV1	GGLTR7A	NC_052532.1:277684-278267-	NC_052572.1:4784348-4784957+	24	61	0	108,117,129,132,138	108,117,129,132,138	1	1,2,3,4,5	31	31	596	24|13|4|6|2|2|2|3|3|1|0|1
GA	Galgal	LTR	ERV1	GGLTR7A	NC_052532.1:277684-278267-	NC_052533.1:73546480-73547038-	25	73	0	121,132,138,151,153	109,115,128,130,98	1	3,4,5,6,7	33	33	559	25|9|5|5|5|3|8|6|3|3|1|0
GA	Galgal	LTR	ERV1	GGLTR7A	NC_052532.1:277684-278267-	NC_052532.1:184344966-184345585+	23	62	0	108,132,138,153,98	108,132,138,153,98	1	3,4,5,6,7	56	56	601	23|9|3|7|3|4|1|3|5|1|1|2
GA	Galgal	LTR	ERV1	GGLTR7A	NC_052532.1:279816-280423-	NC_052543.1:94527-95137-	14	47	0	113,117,138,151,153	113,117,138,151,153	1	1,2,3,4,5	41	41	608	14|6|6|4|1|3|3|3|4|2|0|1
GA	Galgal	LTR	ERV1	GGLTR7A	NC_052532.1:279816-280423-	NC_052543.1:100936-101546-	16	49	0	113,117,138,151,153,31,89	113,117,138,151,153,31,89	1	1,2,3,4,5,6,7	123	123	608	16|6|5|5|1|1|4|4|4|2|0|1
GA	Galgal	LTR	ERV1	GGLTR7-int	NC_052532.1:228440-231168-	NC_052539.1:11268247-11271904-	77	292	0	108,117,134,138,145,150	109,118,135,139,146,151	1	3,4,5,6,7,8	43	43	2722	77|56|9|35|40|15|16|14|10|5|4|11
GA	Galgal	LTR	ERV1	GGLTR7A	NC_052532.1:279816-280423-	NC_052532.1:192651087-192651696-	19	60	0	117,130,131,138,88	117,130,131,138,88	1	1,2,3,4,5	51	51	608	19|9|9|4|1|2|4|4|4|2|1|1
GA	Galgal	LTR	ERV1	GGLTR7A	NC_052532.1:279816-280423-	NC_052532.1:148474695-148475304+	25	62	0	395,399,406,415,429	397,401,408,417,431	1	13,14,15,16,17	35	35	608	25|10|3|5|1|1|5|5|3|1|0|3
GA	Galgal	LTR	ERV1	GGLTR7A	NC_052532.1:279816-280423-	NC_052571.1:2049912-2050520-	22	66	0	316,318,324,326,359	316,318,324,326,359	1	10,11,12,13,14	44	44	607	22|12|4|6|1|1|4|6|5|3|2|0
GA	Galgal	LTR	ERV1	GGLTR7-int	NC_052532.1:228440-231168-	NC_052571.1:8811596-8813551-	58	216	0	1342,1352,1357,1365,1380	1250,1260,1265,1273,1288	1	35,36,37,38,39	39	39	1956	58|43|5|26|25|9|10|14|8|6|5|7
GA	Galgal	LTR	ERV1	GGLTR7A	NC_052532.1:279816-280423-	NC_052571.1:4120162-4120771-	24	72	0	395,399,407,408,415,429	397,401,409,410,417,431	1	14,15,16,17,18,19	35	35	608	24|12|7|6|1|1|3|6|5|2|2|3
GA	Galgal	LTR	ERV1	GGLTR7A	NC_052532.1:279816-280423-	NC_052571.1:4113793-4114402+	24	70	0	395,399,407,408,415,429	397,401,409,410,417,431	1	14,15,16,17,18,19	35	35	595	24|11|7|6|1|1|3|6|4|2|2|3
GA	Galgal	LTR	ERV1	GGLTR7A	NC_052532.1:279816-280423-	NC_052532.1:126526284-126526898+	28	76	0	108,138,151,153,87	109,139,152,154,88	1	2,3,4,5,6	67	67	597	28|12|6|4|2|2|9|7|3|2|1|0
GA	Galgal	LTR	ERV1	GGLTR7A	NC_052532.1:279816-280423-	NC_052572.1:73573984-73574587-	25	69	0	108,115,129,138,151,153	105,112,126,135,148,150	1	2,3,4,5,6,7	46	46	592	25|13|2|6|2|3|7|4|2|2|3|0
GA	Galgal	LTR	ERV1	GGLTR7A	NC_052532.1:279816-280423-	NC_052571.1:6797527-6798139-	27	78	0	113,131,138,151,153	114,132,139,152,154	1	3,4,5,6,7	41	41	596	27|12|7|4|4|2|9|6|2|3|2|0
GA	Galgal	LTR	ERV1	GGLTR7-int	NC_052532.1:228440-231168-	NC_052571.1:4882981-4885694+	54	247	0	1864,1873,1875,1877,1887	803,812,814,816,826	1	27,28,29,30,31	24	24	1651	54|39|13|25|29|19|19|30|5|6|5|3
GA	Galgal	LTR	ERV1	GGLTR11-int	NC_052571.1:3683966-3685951-	NC_052571.1:4198267-4199941+	14	86	0	776,812,814,816,818	669,710,712,714,716	1	2,3,4,5,6	48	48	1072	14|9|2|3|3|6|21|12|3|3|5|5
GA	Galgal	LTR	ERV1	GGLTR11-int	NC_052571.1:3683966-3685951-	NC_052571.1:4156415-4157512+	14	86	0	776,812,814,816,818	133,135,137,139,92	1	2,3,4,5,6	48	48	1072	14|9|2|3|3|6|21|12|3|3|5|5
GA	Galgal	LTR	ERV1	GGLTR7A	NC_052532.1:297687-298276+	NC_052571.1:1588881-1589469-	19	53	0	377,380,381,382,388,397	376,379,380,381,387,396	1	10,11,12,13,14,15	21	21	588	19|11|3|2|2|0|7|0|6|0|2|1
GA	Galgal	LTR	ERV1	GGLTR7A	NC_052532.1:297687-298276+	NC_052571.1:1407048-1407636-	19	53	0	377,380,381,382,388,397	376,379,380,381,387,396	1	10,11,12,13,14,15	21	21	588	19|11|3|2|2|0|7|0|6|0|2|1
GA	Galgal	LTR	ERV1	GGLTR7A	NC_052532.1:297687-298276+	NC_052532.1:171494551-171495161-	14	45	0	289,341,350,377,397	288,362,371,398,418	1	6,7,8,9,10	131	131	599	14|9|4|2|4|1|3|3|5|0|0|0
GA	Galgal	LTR	ERV1	GGLTR7A	NC_052532.1:297687-298276+	NC_052532.1:184155155-184155765+	19	48	0	363,374,377,388,397	383,395,398,409,418	1	10,11,12,13,14	36	36	599	19|10|2|2|4|0|3|0|5|1|0|2
GA	Galgal	LTR	ERV1	GGLTR7A	NC_052532.1:297687-298276+	NC_052571.1:8100481-8101070+	20	65	0	265,270,271,274,289,322	265,270,271,274,288,320	1	7,8,9,10,11,12	56	56	589	20|8|1|4|7|3|7|3|5|1|4|2
GA	Galgal	LTR	ERV1	GGLTR7A	NC_052532.1:297687-298276+	NC_052571.1:8122854-8123449-	19	57	0	265,270,271,274,289,322	271,276,277,280,294,326	1	6,7,8,9,10,11	56	56	592	19|9|2|4|5|1|6|1|5|0|1|4
GA	Galgal	LTR	ERV1	GGLTR7A	NC_052532.1:297687-298276+	NC_052532.1:126526284-126526898+	21	49	0	270,274,277,289,291	270,274,277,290,292	1	7,8,9,10,11	23	23	601	21|10|2|3|2|0|2|2|6|0|0|1
GA	Galgal	LTR	ERV1	GGLTR7A	NC_052532.1:297687-298276+	NC_052532.1:184260088-184260702-	17	51	0	243,265,289,336,341,350	243,265,292,361,366,375	1	3,4,5,6,7,8	133	133	601	17|9|2|5|3|0|2|3|7|1|1|1
GA	Galgal	LTR	ERV1	GGLTR7A	NC_052532.1:297687-298276+	NC_052572.1:81686579-81687194+	16	59	0	363,377,382,388,389	384,399,404,410,411	1	7,8,9,10,11	28	28	602	16|5|6|2|1|2|6|3|8|8|2|0
GA	Galgal	LTR	ERV1	GGLTR7A	NC_052532.1:297687-298276+	NC_052572.1:80164330-80164945+	16	59	0	363,377,382,388,389	384,399,404,410,411	1	7,8,9,10,11	28	28	602	16|5|6|2|1|2|6|3|8|8|2|0
GA	Galgal	LTR	ERV1	GGLTR7A	NC_052532.1:297687-298276+	NC_052572.1:80131775-80132390+	16	59	0	363,377,382,388,389	384,399,404,410,411	1	7,8,9,10,11	28	28	602	16|5|6|2|1|2|6|3|8|8|2|0
GA	Galgal	LTR	ERV1	GGLTR7A	NC_052532.1:297687-298276+	NC_052532.1:164059803-164060413-	20	63	0	346,350,377,380,388,397	349,355,398,401,409,418	1	10,11,12,13,14,15	70	70	599	20|11|4|4|7|0|7|0|5|1|0|4
GA	Galgal	LTR	ERV1	GGLTR7A	NC_052532.1:297687-298276+	NC_052572.1:78538595-78539210-	16	60	0	363,377,382,388,389	384,399,404,410,411	1	7,8,9,10,11	28	28	602	16|5|6|2|1|2|6|4|8|8|2|0
GA	Galgal	LTR	ERV1	GGLTR7B	NC_052533.1:49681751-49682080-	NC_052533.1:73681347-73681695+	12	28	0	105,130,138,158,92	109,134,142,162,96	1	6,7,8,9,10	67	67	262	12|2|1|0|0|1|5|5|0|1|1|0
GA	Galgal	LTR	ERV1	GGLTR7-int	NC_052532.1:243446-246378-	NC_052571.1:1035494-1039779-	38	177	0	1929,1934,1938,1939,1950	3663,3668,3672,3673,3684	1	32,33,34,35,36	22	22	2058	38|22|3|25|22|8|12|18|13|5|8|3
GA	Galgal	LTR	ERV1	GGLTR7-int	NC_052532.1:243446-246378-	NC_052571.1:9061300-9066868+	41	182	0	1902,1934,1938,1939,1950	3664,3696,3700,3701,3712	1	35,36,37,38,39	49	49	2058	41|28|6|25|18|11|18|17|9|2|5|2
GA	Galgal	LTR	ERV1	GGLTR7-int	NC_052532.1:243446-246378-	NC_052571.1:1970170-1976557-	40	188	0	1933,1934,1938,1939,1950	3700,3701,3705,3706,3717	1	34,35,36,37,38	18	18	2059	40|30|8|23|22|12|15|15|11|5|5|2
GA	Galgal	LTR	ERV1	GGLTR7A	NC_052532.1:305751-306353+	NC_052543.1:100936-101546-	13	47	0	111,115,130,31,84	113,117,132,31,85	1	1,2,3,4,5	102	102	606	13|8|6|3|3|1|3|5|3|1|0|1
GA	Galgal	LTR	ERV1	GGLTR7-int	NC_052532.1:243446-246378-	NC_052571.1:6607650-6614014-	46	187	0	1902,1934,1938,1939,1950	3643,3675,3679,3680,3691	1	40,41,42,43,44	49	49	2054	46|25|5|25|20|12|15|14|12|3|6|4
GA	Galgal	LTR	ERV1	GGLTR7-int	NC_052532.1:243446-246378-	NC_052571.1:958656-963176+	35	167	0	1929,1934,1938,1939,1950	1819,1824,1828,1829,1840	1	29,30,31,32,33	22	22	1942	35|23|3|24|19|7|11|17|12|5|8|3
GA	Galgal	LTR	ERV1	GGLTR7A	NC_052532.1:305751-306353+	NC_052532.1:192651087-192651696-	17	57	0	115,128,129,130,84	117,130,131,132,85	1	1,2,3,4,5	48	48	605	17|11|9|2|2|2|4|5|4|0|0|1
GA	Galgal	LTR	ERV1	GGLTR7A	NC_052532.1:305751-306353+	NC_052533.1:23523244-23523843-	18	46	0	214,215,233,260,281	216,217,238,265,288	1	7,8,9,10,11	73	73	600	18|7|3|4|4|1|3|2|2|1|0|1
GA	Galgal	LTR	ERV1	GGLTR7-int	NC_052532.1:243446-246378-	NC_052571.1:8757597-8762430+	40	224	0	1902,1934,1938,1939,1950	2282,2314,2318,2319,2330	1	34,35,36,37,38	49	49	2058	40|37|6|29|20|12|19|25|13|4|8|11
GA	Galgal	LTR	ERV1	GGLTR7A	NC_052532.1:305751-306353+	NC_052571.1:3921686-3922296-	22	63	0	214,215,226,233,241	216,217,231,238,246	1	6,7,8,9,10	31	31	606	22|12|6|3|3|1|3|8|3|1|1|0
GA	Galgal	LTR	ERV1	GGLTR11	NC_052535.1:27453659-27454014-	NC_052539.1:9421441-9421977+	10	52	0	105,38,53,56,59,92	218,233,236,239,272,285	1	2,3,4,5,6,7	68	68	341	10|8|1|6|0|2|11|7|2|2|1|2
GA	Galgal	LTR	ERV1	GGLTR7A	NC_052532.1:305751-306353+	NC_052571.1:2049912-2050520-	19	62	0	312,314,320,322,355	316,318,324,326,359	1	9,10,11,12,13	44	44	605	19|13|4|5|3|1|4|6|4|2|1|0
GA	Galgal	LTR	ERV1	GGLTR7A	NC_052532.1:305751-306353+	NC_052534.1:73477804-73478403+	23	54	0	199,214,215,233,234	201,216,217,238,239	1	7,8,9,10,11	39	39	600	23|9|4|4|3|1|3|3|3|1|0|0
GA	Galgal	LTR	ERV1	GGLTR7-int	NC_052532.1:243446-246378-	NC_052533.1:52727304-52730752+	51	231	0	1902,1934,1938,1939,1950	1822,1854,1858,1859,1870	1	44,45,46,47,48	49	49	1978	51|38|8|31|21|8|20|22|18|4|6|4
GA	Galgal	LTR	ERV1	GGLTR7B	NC_052533.1:51628824-51629398+	NC_052571.1:5068971-5069566+	9	41	0	17,39,4,54,62	17,4,40,55,63	1	1,2,3,4,5	60	60	584	9|7|0|1|1|1|8|8|0|6|0|0
GA	Galgal	LTR	ERV1	GGLTR7-int	NC_052532.1:243446-246378-	NC_052571.1:2731994-2736009-	35	139	0	1934,1938,1939,1942,1950	1356,1360,1361,1364,1372	1	29,30,31,32,33	17	17	1473	35|21|4|19|11|4|9|10|12|3|4|7
GA	Galgal	LTR	ERV1	GGLTR7A	NC_052532.1:305751-306353+	NC_052532.1:184260088-184260702-	21	77	0	364,366,371,401,410	375,377,382,413,422	1	12,13,14,15,16	48	48	608	21|17|6|3|4|3|8|7|3|3|2|0
GA	Galgal	LTR	ERV1	GGLTR7-int	NC_052532.1:243446-246378-	NC_052534.1:0-1142-	19	105	0	1929,1930,1934,1938,1939	1048,1049,1053,1057,1058	1	13,14,15,16,17	11	11	1141	19|12|5|7|3|4|11|14|8|13|7|2
GA	Galgal	LTR	ERV1	GGLTR11	NC_052535.1:28214977-28215512-	NC_052571.1:8358535-8359104+	7	38	0	115,117,127,132,91	115,117,127,132,91	1	2,3,4,5,6	42	42	305	7|3|1|5|3|2|5|8|0|2|0|2
GA	Galgal	LTR	ERV1	GGLTR11	NC_052535.1:28214977-28215512-	NC_052571.1:8343677-8344246-	7	38	0	115,117,127,132,91	115,117,127,132,91	1	2,3,4,5,6	42	42	305	7|3|1|5|3|2|5|8|0|2|0|2
GA	Galgal	LTR	ERV1	GGLTR7-int	NC_052532.1:243446-246378-	NC_052571.1:4882981-4885694+	42	191	0	107,109,111,121,98	803,812,814,816,826	1	4,5,6,7,8	24	24	1464	42|27|9|19|21|10|21|19|7|8|5|3
GA	Galgal	LTR	ERV1	GGLTR7B	NC_052533.1:52069424-52069989+	NC_052572.1:44599761-44600348+	13	70	0	326,330,334,336,348	344,348,354,356,368	1	6,7,8,9,10	25	25	570	13|9|2|4|1|2|13|9|2|5|5|5
GA	Galgal	LTR	ERV1	GGLTR7B	NC_052533.1:52073196-52073771+	NC_052535.1:18616156-18616737-	16	61	0	29,52,56,62,90,98	29,52,58,64,92,99	1	1,2,3,4,5,6	71	71	578	16|9|2|1|0|2|12|8|4|2|2|3
GA	Galgal	LTR	ERV1	GGLTR7-int	NC_052532.1:243446-246378-	NC_052571.1:6829897-6833059+	22	88	0	1934,1938,1939,1942,1950	922,926,927,930,938	1	16,17,18,19,20	17	17	1046	22|13|3|12|3|3|8|11|6|1|4|2
GA	Galgal	LTR	ERV1	GGLTR7A	NC_052532.1:335181-335787+	NC_052571.1:5890400-5891009+	16	47	0	117,132,138,89,97	117,132,138,89,97	1	1,2,3,4,5	50	50	607	16|7|4|5|2|1|3|5|3|1|0|0
GA	Galgal	LTR	ERV1	GGLTR7A	NC_052532.1:335181-335787+	NC_052543.1:94527-95137-	13	47	0	113,117,132,138,151,153,97	113,117,132,138,151,153,97	1	1,2,3,4,5,6,7	57	57	608	13|7|5|4|2|3|3|5|3|1|0|1
GA	Galgal	LTR	ERV1	GGLTR7A	NC_052532.1:335181-335787+	NC_052571.1:1854557-1855166-	17	49	0	111,117,132,138,97	111,117,132,138,97	1	1,2,3,4,5	42	42	607	17|8|3|5|2|1|4|5|3|1|0|0
GA	Galgal	LTR	ERV1	GGLTR7A	NC_052532.1:335181-335787+	NC_052543.1:100936-101546-	15	49	0	113,117,132,138,151,153,31,89,97	113,117,132,138,151,153,31,89,97	1	1,2,3,4,5,6,7,8,9	123	123	608	15|7|5|4|2|1|4|6|3|1|0|1
GA	Galgal	LTR	ERV1	GGLTR7A	NC_052532.1:335181-335787+	NC_052571.1:6824892-6825500+	16	51	0	117,132,138,75,97	117,132,138,75,97	1	2,3,4,5,6	64	64	607	16|8|2|9|2|1|4|4|4|1|0|0
GA	Galgal	LTR	ERV1	GGLTR7A	NC_052532.1:335181-335787+	NC_052532.1:120566809-120567418+	18	50	0	113,117,132,138,97	113,117,132,138,97	1	1,2,3,4,5	42	42	607	18|11|3|5|2|1|3|3|3|1|0|0
GA	Galgal	LTR	ERV1	GGLTR7A	NC_052532.1:335181-335787+	NC_052571.1:3972098-3972708-	16	51	0	117,130,132,138,97	117,130,132,138,97	1	1,2,3,4,5	42	42	608	16|5|5|5|3|1|5|6|4|1|0|0
GA	Galgal	LTR	ERV1	GGLTR7A	NC_052532.1:335181-335787+	NC_052571.1:1850851-1851460-	19	53	0	111,117,132,138,97	111,117,132,138,97	1	1,2,3,4,5	42	42	607	19|8|5|4|2|2|3|6|3|1|0|0
GA	Galgal	LTR	ERV1	GGLTR7A	NC_052532.1:335181-335787+	NC_052571.1:1969561-1970170-	23	54	0	111,117,132,138,97	111,117,132,138,97	1	1,2,3,4,5	42	42	607	23|7|4|5|3|1|4|4|2|1|0|0
GA	Galgal	LTR	ERV1	GGLTR7A	NC_052532.1:335181-335787+	NC_052571.1:6307365-6307969+	19	49	0	117,132,138,97,98	112,127,133,92,93	1	1,2,3,4,5	42	42	605	19|8|2|5|3|1|5|3|2|1|0|0
GA	Galgal	LTR	ERV1	GGLTR7A	NC_052532.1:335181-335787+	NC_052572.1:20945828-20946437+	18	53	0	117,130,132,138,97	117,130,132,138,97	1	1,2,3,4,5	42	42	607	18|8|5|6|2|1|5|5|3|0|0|0
GA	Galgal	LTR	ERV1	GGLTR7-int	NC_052532.1:243446-246378-	NC_052571.1:895054-896947-	19	81	0	1929,1934,1938,1939,1950	812,817,821,822,833	1	13,14,15,16,17	22	22	936	19|11|2|10|4|1|7|9|8|2|6|2
GA	Galgal	LTR	ERV1	GGLTR11	NC_052535.1:60857167-60857699+	NC_052562.1:514417-514952+	21	83	0	133,152,157,166,180	131,150,155,164,178	1	7,8,9,10,11	48	48	515	21|13|3|1|6|3|13|9|4|4|2|4
GA	Galgal	LTR	ERV1	GGLTR7A	NC_052532.1:335181-335787+	NC_052571.1:1976557-1977163-	21	53	0	111,117,132,138,97	111,117,132,138,97	1	1,2,3,4,5	42	42	606	21|8|4|5|2|2|2|5|3|0|0|1
GA	Galgal	LTR	ERV1	GGLTR7A	NC_052532.1:335181-335787+	NC_052571.1:1534111-1534719-	15	56	0	117,132,138,153,97	117,132,138,153,97	1	1,2,3,4,5	57	57	607	15|10|3|6|2|2|5|8|3|1|0|1
GA	Galgal	LTR	ERV1	GGLTR7-int	NC_052532.1:243446-246378-	NC_052532.1:75282990-75284251-	10	31	0	1902,1934,1938,1942,1950	194,226,230,234,242	1	4,5,6,7,8	49	49	254	10|5|1|4|1|0|2|5|1|0|2|0
GA	Galgal	LTR	ERV1	GGLTR7A	NC_052532.1:335181-335787+	NC_052571.1:2429537-2430147+	20	57	0	117,132,138,151,153	117,132,138,151,153	1	2,3,4,5,6	37	37	608	20|9|2|6|2|1|4|8|3|1|0|1
GA	Galgal	LTR	ERV1	GGLTR7-int	NC_052532.1:243446-246378-	NC_052571.1:6545541-6548562-	19	79	0	1902,1934,1938,1939,1950	2489,2521,2525,2526,2537	1	12,13,14,15,16	49	49	616	19|11|2|11|5|2|10|6|1|2|4|6
GA	Galgal	LTR	ERV1	GGLTR7A	NC_052532.1:335181-335787+	NC_052532.1:192663825-192664434-	16	57	0	117,130,131,132,138,97	117,130,131,132,138,97	1	1,2,3,4,5,6	42	42	605	16|9|7|5|2|1|7|5|3|2|0|0
GA	Galgal	LTR	ERV1	GGLTR7A	NC_052532.1:335181-335787+	NC_052548.1:480831-481440-	17	58	0	117,132,138,66,97	117,132,138,66,97	1	1,2,3,4,5	73	73	607	17|9|4|6|3|1|7|4|3|1|0|3
GA	Galgal	LTR	ERV1	GGLTR7A	NC_052532.1:335181-335787+	NC_052532.1:93540368-93540977+	20	58	0	117,131,132,138,97	117,131,132,138,97	1	2,3,4,5,6	42	42	607	20|14|3|6|3|2|3|4|2|1|0|0
GA	Galgal	LTR	ERV1	GGLTR7A	NC_052532.1:335181-335787+	NC_052549.1:674521-675117+	17	55	0	115,117,132,138,75,97	102,104,119,125,62,84	1	1,2,3,4,5,6	64	64	594	17|10|2|4|2|2|5|8|4|0|0|1
GA	Galgal	LTR	ERV1	GGLTR7A	NC_052532.1:335181-335787+	NC_052571.1:5495494-5496093-	17	48	0	117,132,138,88,97	117,132,138,88,97	1	1,2,3,4,5	51	51	602	17|9|3|4|3|1|3|3|3|2|0|0
GA	Galgal	LTR	ERV1	GGLTR7A	NC_052532.1:335181-335787+	NC_052533.1:95900396-95901005-	19	61	0	117,132,138,153,97	117,132,138,153,97	1	2,3,4,5,6	57	57	607	19|13|3|5|3|3|7|3|4|0|0|1
GA	Galgal	LTR	ERV1	GGLTR7A	NC_052532.1:335181-335787+	NC_052532.1:192651087-192651696-	19	61	0	117,130,131,132,138,88,97	117,130,131,132,138,88,97	1	1,2,3,4,5,6,7	51	51	607	19|9|9|4|2|2|6|5|3|1|0|1
GA	Galgal	LTR	ERV1	GGLTR7A	NC_052532.1:335181-335787+	NC_052571.1:2164080-2164679+	18	51	0	117,132,138,153,97	117,132,138,153,97	1	2,3,4,5,6	57	57	602	18|8|2|6|2|2|3|5|3|1|0|1
GA	Galgal	LTR	ERV1	GGLTR11	NC_052535.1:60857167-60857699+	NC_052571.1:3879627-3879870-	9	29	0	131,133,134,166,180	129,131,132,164,178	1	4,5,6,7,8	50	50	222	9|4|1|2|2|2|4|2|0|2|0|1
GA	Galgal	LTR	ERV1	GGLTR7A	NC_052532.1:335181-335787+	NC_052533.1:23523244-23523843-	21	49	0	117,132,138,75,97	117,132,138,75,97	1	2,3,4,5,6	64	64	602	21|6|2|5|3|1|5|3|1|1|0|1
GA	Galgal	LTR	ERV1	GGLTR7A	NC_052532.1:335181-335787+	NC_052532.1:159966730-159967331-	17	54	0	117,132,138,153,97	109,124,130,145,89	1	1,2,3,4,5	57	57	603	17|13|2|5|4|1|4|3|3|1|0|1
GA	Galgal	LTR	ERV1	GGLTR7A	NC_052532.1:335181-335787+	NC_052571.1:6029430-6030040-	21	62	0	117,132,138,89,97,98	117,132,138,89,97,98	1	1,2,3,4,5,6	50	50	608	21|10|3|5|2|1|6|9|2|1|1|1
GA	Galgal	LTR	ERV1	GGLTR7A	NC_052532.1:335181-335787+	NC_052571.1:5983846-5984456+	21	62	0	117,132,138,89,97,98	117,132,138,89,97,98	1	1,2,3,4,5,6	50	50	608	21|10|3|5|2|1|6|9|2|1|1|1
GA	Galgal	LTR	ERV1	GGLTR7A	NC_052532.1:335181-335787+	NC_052532.1:149061281-149061881+	19	53	0	117,132,138,75,97	117,132,138,75,97	1	2,3,4,5,6	64	64	603	19|9|2|4|2|1|3|6|3|2|1|1
GA	Galgal	LTR	ERV1	GGLTR7A	NC_052532.1:335181-335787+	NC_052571.1:3921686-3922296-	24	65	0	117,132,138,153,97	117,132,138,153,97	1	2,3,4,5,6	57	57	608	24|11|5|4|2|1|4|9|3|1|1|0
GA	Galgal	LTR	ERV1	GGLTR7A	NC_052532.1:335181-335787+	NC_052571.1:2890823-2891423-	21	54	0	117,132,138,75,97	117,132,138,75,97	1	2,3,4,5,6	64	64	603	21|5|3|4|2|1|7|6|3|1|0|1
GA	Galgal	LTR	ERV1	GGLTR7A	NC_052532.1:335181-335787+	NC_052534.1:73477804-73478403+	25	55	0	117,132,138,35,97	117,132,138,35,97	1	1,2,3,4,5	104	104	602	25|8|3|5|2|1|3|4|3|1|0|0
GA	Galgal	LTR	ERV1	GGLTR7A	NC_052532.1:335181-335787+	NC_052572.1:4784348-4784957+	23	67	0	108,117,129,132,138,97	108,117,129,132,138,97	1	1,2,3,4,5,6	42	42	607	23|15|4|6|2|1|4|6|4|1|0|1
GA	Galgal	LTR	ERV1	GGLTR7A	NC_052532.1:335181-335787+	NC_052571.1:3727502-3728102-	18	55	0	115,132,138,38,97	115,132,138,38,97	1	1,2,3,4,5	101	101	603	18|13|5|3|2|1|6|4|3|0|0|0
GA	Galgal	LTR	ERV1	GGLTR7A	NC_052532.1:335181-335787+	NC_052536.1:53281232-53281830-	16	55	0	117,132,138,153,97	108,123,129,144,88	1	2,3,4,5,6	57	57	602	16|11|4|5|2|1|6|4|4|0|1|1
GA	Galgal	LTR	ERV1	GGLTR7A	NC_052532.1:335181-335787+	NC_052571.1:1455688-1456286-	21	56	0	117,132,138,75,97	117,132,138,75,97	1	2,3,4,5,6	64	64	602	21|10|3|7|2|1|4|4|2|1|0|1
GA	Galgal	LTR	ERV1	GGLTR7A	NC_052532.1:335181-335787+	NC_052571.1:2157170-2157769+	21	58	0	117,132,138,75,97	117,132,138,75,97	1	2,3,4,5,6	64	64	602	21|10|6|4|2|1|5|5|3|1|0|0
GA	Galgal	LTR	ERV1	GGLTR7A	NC_052532.1:335181-335787+	NC_052571.1:7569583-7570183-	18	58	0	117,132,138,75,97	117,132,138,75,97	1	2,3,4,5,6	64	64	603	18|11|2|5|2|2|5|4|4|3|0|2
GA	Galgal	LTR	ERV1	GGLTR7A	NC_052532.1:335181-335787+	NC_052571.1:2463787-2464388-	21	59	0	111,132,138,97,98	102,123,129,88,89	1	1,2,3,4,5	42	42	575	21|7|4|3|2|1|9|5|4|1|1|1
GA	Galgal	LTR	ERV1	GGLTR7A	NC_052532.1:335181-335787+	NC_052571.1:3762309-3762917-	18	64	0	117,132,138,86,87,97	117,132,138,86,87,97	1	1,2,3,4,5,6	53	53	607	18|10|6|5|2|3|5|7|6|0|1|1
GA	Galgal	LTR	ERV1	GGLTR7A	NC_052532.1:335181-335787+	NC_052572.1:62341372-62341982+	23	66	0	132,138,151,153,97	133,139,152,154,98	1	2,3,4,5,6	57	57	590	23|11|4|3|2|2|9|6|4|1|1|0
GA	Galgal	LTR	ERV1	GGLTR11-int	NC_052571.1:6602760-6602984-	NC_052572.1:30856502-30856994+	10	26	0	14,37,4,6,9	272,274,277,282,303	1	1,2,3,4,5	32	32	221	10|4|0|0|0|0|5|5|0|0|1|1
GA	Galgal	LTR	ERV1	GGLTR7A	NC_052532.1:335181-335787+	NC_052571.1:2500573-2501175+	20	59	0	111,132,138,97,98	102,123,129,88,89	1	1,2,3,4,5	42	42	575	20|8|3|4|3|1|9|5|3|1|1|1
GA	Galgal	LTR	ERV1	GGLTR7A	NC_052532.1:335181-335787+	NC_052571.1:8697126-8697735-	22	67	0	130,132,138,151,153	131,133,139,152,154	1	4,5,6,7,8	24	24	594	22|9|3|5|3|2|9|9|2|2|1|0
GA	Galgal	LTR	ERV1	GGLTR7A	NC_052532.1:335181-335787+	NC_052532.1:184344966-184345585+	22	67	0	108,132,138,153,97,98	108,132,138,153,97,98	1	3,4,5,6,7,8	57	57	612	22|10|4|7|4|3|3|4|6|1|1|2
GA	Galgal	LTR	ERV1	GGLTR7A	NC_052532.1:335181-335787+	NC_052572.1:23876658-23877268-	21	72	0	113,132,138,151,153,97	114,133,139,152,154,98	1	2,3,4,5,6,7	57	57	595	21|14|4|4|3|2|10|8|3|2|1|0
GA	Galgal	LTR	ERV1	GGLTR7A	NC_052532.1:335181-335787+	NC_052532.1:81676943-81677553-	24	72	0	115,132,138,151,153,97	116,133,139,152,154,98	1	2,3,4,5,6,7	57	57	595	24|14|4|5|3|2|7|8|3|1|1|0
GA	Galgal	LTR	ERV1	GGLTR7A	NC_052532.1:335181-335787+	NC_052571.1:2581877-2582481+	21	61	0	111,132,138,97,98	102,123,129,88,89	1	1,2,3,4,5	42	42	576	21|9|4|3|2|1|8|5|4|1|1|2
GA	Galgal	LTR	ERV1	GGLTR7A	NC_052532.1:335181-335787+	NC_052572.1:24377144-24377750-	21	68	0	113,132,138,151,153,97	114,133,139,152,154,98	1	2,3,4,5,6,7	57	57	593	21|11|2|5|4|2|11|7|2|2|1|0
GA	Galgal	LTR	ERV1	GGLTR7A	NC_052532.1:335181-335787+	NC_052535.1:36454926-36455536-	21	70	0	132,138,151,153,97	133,139,152,154,98	1	2,3,4,5,6	57	57	595	21|12|5|5|4|2|9|8|2|1|1|0
GA	Galgal	LTR	ERV1	GGLTR7A	NC_052532.1:335181-335787+	NC_052532.1:184155155-184155765+	23	75	0	113,132,138,151,153	114,133,139,152,154	1	3,4,5,6,7	41	41	595	23|16|4|4|6|2|8|6|0|4|1|1
GA	Galgal	LTR	ERV1	GGLTR7A	NC_052532.1:335181-335787+	NC_052572.1:50106841-50107360-	16	49	0	117,132,138,89,97	117,132,138,89,97	1	1,2,3,4,5	50	50	512	16|8|5|2|2|1|4|8|2|0|0|1
GA	Galgal	LTR	ERV1	GGLTR7A	NC_052532.1:335181-335787+	NC_052535.1:26973587-26974194-	21	73	0	129,132,138,151,153	130,133,139,152,154	1	4,5,6,7,8	25	25	593	21|13|3|5|5|2|11|8|2|2|1|0
GA	Galgal	LTR	ERV1	GGLTR7A	NC_052532.1:335181-335787+	NC_052534.1:36794561-36795170+	23	79	0	132,138,151,153,97	133,139,152,154,98	1	3,4,5,6,7	57	57	594	23|12|5|7|6|3|11|5|3|1|2|1
GA	Galgal	LTR	ERV1	GGLTR7A	NC_052532.1:335181-335787+	NC_052532.1:148985884-148986492-	25	78	0	132,138,150,151,153	133,139,151,152,154	1	5,6,7,8,9	22	22	594	25|15|5|4|3|4|9|6|3|2|1|1
GA	Galgal	LTR	ERV1	GGLTR7A	NC_052532.1:335181-335787+	NC_052571.1:6797527-6798139-	27	79	0	113,131,132,138,151,153	114,132,133,139,152,154	1	4,5,6,7,8,9	41	41	596	27|12|6|4|5|2|10|7|2|2|2|0
GA	Galgal	LTR	ERV1	GGLTR7A	NC_052532.1:335181-335787+	NC_052571.1:6086404-6087003-	20	68	0	113,132,138,151,153	103,122,128,141,143	1	2,3,4,5,6	41	41	589	20|10|4|4|4|5|6|5|2|2|5|1
GA	Galgal	LTR	ERV1	GGLTR7A	NC_052532.1:335181-335787+	NC_052532.1:126526284-126526898+	27	82	0	108,132,138,151,153,87,97	109,133,139,152,154,88,98	1	2,3,4,5,6,7,8	67	67	610	27|15|5|4|4|2|11|9|3|1|1|0
GA	Galgal	LTR	ERV1	GGLTR7A	NC_052532.1:335181-335787+	NC_052572.1:5353887-5354483+	21	69	0	131,132,138,151,153	117,118,124,137,139	1	4,5,6,7,8	23	23	558	21|15|2|7|3|1|8|5|4|2|1|0
GA	Galgal	LTR	ERV1	GGLTR7A	NC_052532.1:335181-335787+	NC_052571.1:6251388-6251998+	26	80	0	115,132,138,151,153	116,133,139,152,154	1	3,4,5,6,7	39	39	595	26|13|5|5|4|1|10|6|6|3|1|0
GA	Galgal	LTR	ERV1	GGLTR7A	NC_052532.1:335181-335787+	NC_052572.1:73573984-73574587-	24	74	0	108,115,129,132,138,151,153	105,112,126,129,135,148,150	1	2,3,4,5,6,7,8	46	46	591	24|14|2|6|4|3|9|6|2|1|3|0
GA	Galgal	LTR	ERV1	GGLTR7A	NC_052532.1:335181-335787+	NC_052532.1:127811556-127812164-	21	80	0	132,138,139,151,153	132,138,139,151,153	1	5,6,7,8,9	22	22	594	21|14|4|9|7|2|10|7|3|2|1|0
GA	Galgal	LTR	ERV1	GGLTR7A	NC_052532.1:335181-335787+	NC_052572.1:58920624-58921235-	26	82	0	132,138,151,153,97	133,139,152,154,98	1	4,5,6,7,8	57	57	595	26|13|7|4|5|2|12|9|2|1|1|0
GA	Galgal	LTR	ERV1	GGLTR7A	NC_052532.1:335181-335787+	NC_052534.1:34901920-34902521-	21	69	0	132,138,151,153,97	133,139,152,154,98	1	2,3,4,5,6	57	57	577	21|14|4|4|3|1|11|6|2|2|1|0
GA	Galgal	LTR	ERV1	GGLTR7A	NC_052532.1:335181-335787+	NC_052532.1:100368080-100368693-	25	81	0	132,138,151,153,97	133,139,152,154,98	1	2,3,4,5,6	57	57	596	25|13|5|3|3|2|12|9|5|1|2|1
GA	Galgal	LTR	ERV1	GGLTR7-int	NC_052532.1:274953-277683-	NC_052539.1:11268247-11271904-	77	283	0	108,117,134,138,145,150	109,118,135,139,146,151	1	3,4,5,6,7,8	43	43	2723	77|48|12|32|44|14|13|15|10|4|3|11
GA	Galgal	LTR	ERV1	GGLTR7A	NC_052532.1:393813-394409-	NC_052571.1:1588881-1589469-	18	68	0	384,387,388,389,395	376,379,380,381,387	1	10,11,12,13,14	12	12	575	18|13|3|8|4|2|6|2|4|3|3|2
GA	Galgal	LTR	ERV1	GGLTR7A	NC_052532.1:393813-394409-	NC_052571.1:1407048-1407636-	18	68	0	384,387,388,389,395	376,379,380,381,387	1	10,11,12,13,14	12	12	575	18|13|3|8|4|2|6|2|4|3|3|2
GA	Galgal	LTR	ERV1	GGLTR7A	NC_052532.1:393813-394409-	NC_052535.1:42275367-42275953+	19	66	0	339,348,377,384,395	340,349,369,376,387	1	10,11,12,13,14	48	48	568	19|14|2|7|5|4|4|2|4|1|1|3
GA	Galgal	LTR	ERV1	GGLTR7A	NC_052532.1:393813-394409-	NC_052571.1:8822968-8823518-	21	62	0	339,350,354,384,395	301,312,316,338,349	1	10,11,12,13,14	49	49	549	21|11|3|7|4|2|2|3|5|2|1|1
GA	Galgal	LTR	ERV1	GGLTR7A	NC_052532.1:393813-394409-	NC_052532.1:93540368-93540977+	19	77	0	488,491,494,502,519	501,504,507,515,532	1	15,16,17,18,19	32	32	599	19|13|6|12|5|4|3|2|7|3|0|3
GA	Galgal	LTR	ERV1	GGLTR7-int	NC_052532.1:274953-277683-	NC_052571.1:8811596-8813551-	56	205	0	1344,1354,1359,1367,1382	1250,1260,1265,1273,1288	1	31,32,33,34,35	39	39	1957	56|37|6|23|28|10|8|15|6|5|4|7
GA	Galgal	LTR	ERV1	GGLTR7B	NC_052533.1:73307945-73308539+	NC_052572.1:31378249-31378827-	18	70	0	121,129,135,144,155	103,111,117,127,138	1	4,5,6,7,8	36	36	576	18|10|3|2|3|2|18|5|1|3|2|3
GA	Galgal	LTR	ERV1	GGLTR7-int	NC_052532.1:274953-277683-	NC_052571.1:8757597-8762430+	32	144	0	1622,1632,1634,1641,1661	215,228,230,237,257	1	6,7,8,9,10	43	43	1329	32|24|5|19|22|10|10|11|6|0|1|4
GA	Galgal	LTR	ERV1	GGLTR7A	NC_052532.1:409210-409576-	NC_052571.1:6552868-6553457-	9	25	0	132,162,163,190,194	132,162,163,190,194	1	1,2,3,4,5	63	63	365	9|4|0|1|1|0|4|2|0|2|1|1
GA	Galgal	LTR	ERV1	GGLTR7A	NC_052532.1:409210-409576-	NC_052532.1:73932512-73933101+	10	29	0	129,132,162,177,190,194	129,132,162,177,190,194	1	1,2,3,4,5,6	66	66	365	10|6|0|1|2|0|4|2|0|1|1|2
GA	Galgal	LTR	ERV1	GGLTR7A	NC_052532.1:409210-409576-	NC_052571.1:4433761-4434349+	12	29	0	132,162,177,190,194	132,162,177,190,194	1	2,3,4,5,6	63	63	364	12|5|0|1|1|0|5|1|0|2|1|1
GA	Galgal	LTR	ERV1	GGLTR7A	NC_052532.1:409210-409576-	NC_052571.1:4426797-4427385+	12	29	0	132,162,177,190,194	132,162,177,190,194	1	2,3,4,5,6	63	63	364	12|5|0|1|1|0|5|1|0|2|1|1
GA	Galgal	LTR	ERV1	GGLTR7A	NC_052532.1:409210-409576-	NC_052533.1:64035730-64036305-	11	27	0	153,175,177,190,194	153,175,177,190,194	1	2,3,4,5,6	42	42	364	11|6|0|1|1|0|4|2|0|1|0|1
GA	Galgal	LTR	ERV1	GGLTR7A	NC_052532.1:409210-409576-	NC_052571.1:3972098-3972708-	7	19	0	130,132,162,177,190	130,132,162,177,190	1	1,2,3,4,5	61	61	326	7|3|1|1|1|0|4|1|0|0|0|1
GA	Galgal	LTR	ERV1	GGLTR7A	NC_052532.1:409210-409576-	NC_052571.1:1850851-1851460-	9	19	0	132,163,177,190,194	132,163,177,190,194	1	2,3,4,5,6	63	63	326	9|2|0|1|1|0|3|1|0|1|0|1
GA	Galgal	LTR	ERV1	GGLTR7A	NC_052532.1:409210-409576-	NC_052571.1:1854557-1855166-	9	20	0	132,162,177,190,194	132,162,177,190,194	1	2,3,4,5,6	63	63	326	9|3|0|1|1|0|4|1|0|0|0|1
GA	Galgal	LTR	ERV1	GGLTR7A	NC_052532.1:409210-409576-	NC_052571.1:49529-50113-	11	32	0	132,151,163,190,194,201	131,150,162,189,193,200	1	1,2,3,4,5,6	70	70	363	11|6|0|1|1|1|6|3|0|1|1|1
GA	Galgal	LTR	ERV1	GGLTR7A	NC_052532.1:409210-409576-	NC_052532.1:116474276-116474817+	9	19	0	132,163,190,194,201	132,163,190,194,201	1	1,2,3,4,5	70	70	324	9|3|1|1|1|0|3|0|0|0|0|1
GA	Galgal	LTR	ERV1	GGLTR7A	NC_052532.1:409210-409576-	NW_024095992.1:43625-44234+	8	21	0	132,162,177,190,194	132,162,177,190,194	1	1,2,3,4,5	63	63	326	8|4|0|1|1|0|4|1|0|0|1|1
GA	Galgal	LTR	ERV1	GGLTR7A	NC_052532.1:409210-409576-	NC_052571.1:7643345-7643954+	9	21	0	132,162,177,190,194	132,162,177,190,194	1	1,2,3,4,5	63	63	326	9|4|0|1|1|0|4|1|0|0|0|1
GA	Galgal	LTR	ERV1	GGLTR7A	NC_052532.1:409210-409576-	NC_052543.1:1200881-1201490+	9	21	0	132,162,172,177,190,194	132,162,172,177,190,194	1	1,2,3,4,5,6	63	63	326	9|4|0|1|1|0|4|0|0|0|1|1
GA	Galgal	LTR	ERV1	GGLTR7A	NC_052532.1:409210-409576-	NC_052571.1:9067124-9067705+	6	21	0	132,163,177,179,190	132,163,177,179,190	1	1,2,3,4,5	59	59	361	6|4|1|0|0|0|4|4|0|1|0|1
GA	Galgal	LTR	ERV1	GGLTR7A	NC_052532.1:409210-409576-	NC_052572.1:65821893-65822502-	9	22	0	132,162,177,190,194	132,162,177,190,194	1	2,3,4,5,6	63	63	327	9|4|0|1|1|1|4|1|0|0|0|1
GA	Galgal	LTR	ERV1	GGLTR7A	NC_052532.1:409210-409576-	NC_052572.1:49645656-49646255+	9	22	0	132,162,177,190,194	132,162,177,190,194	1	2,3,4,5,6	63	63	327	9|5|0|1|1|0|3|1|0|1|0|1
GA	Galgal	LTR	ERV1	GGLTR7A	NC_052532.1:409210-409576-	NC_052571.1:6036952-6037562-	8	20	0	132,162,177,190,194	132,162,177,190,194	1	1,2,3,4,5	63	63	327	8|5|0|1|1|0|3|0|0|1|0|1
GA	Galgal	LTR	ERV1	GGLTR7A	NC_052532.1:409210-409576-	NC_052571.1:5976324-5976934+	8	20	0	132,162,177,190,194	132,162,177,190,194	1	1,2,3,4,5	63	63	327	8|5|0|1|1|0|3|0|0|1|0|1
GA	Galgal	LTR	ERV1	GGLTR7A	NC_052532.1:409210-409576-	NC_052533.1:121266927-121267537-	9	21	0	132,162,177,190,194,201	132,162,177,190,194,201	1	1,2,3,4,5,6	70	70	327	9|3|1|2|1|0|4|0|0|0|0|1
GA	Galgal	LTR	ERV1	GGLTR7A	NC_052532.1:409210-409576-	NC_052572.1:20945828-20946437+	9	23	0	130,132,162,177,190,194	130,132,162,177,190,194	1	1,2,3,4,5,6	65	65	326	9|3|1|2|1|0|4|1|0|0|1|1
GA	Galgal	LTR	ERV1	GGLTR7A	NC_052532.1:409210-409576-	NC_052571.1:5890400-5891009+	9	22	0	132,162,177,190,194	132,162,177,190,194	1	2,3,4,5,6	63	63	326	9|4|1|1|1|0|4|1|0|0|0|1
GA	Galgal	LTR	ERV1	GGLTR7A	NC_052532.1:409210-409576-	NC_052532.1:14587167-14587776+	8	22	0	132,162,177,190,194	132,162,177,190,194	1	1,2,3,4,5	63	63	326	8|4|1|1|1|0|3|2|0|1|0|1
GA	Galgal	LTR	ERV1	GGLTR7A	NC_052532.1:409210-409576-	NC_052571.1:5815573-5816203-	10	21	0	131,132,177,190,194	131,132,177,190,194	1	2,3,4,5,6	64	64	325	10|4|1|0|1|1|2|1|0|0|0|1
GA	Galgal	LTR	ERV1	GGLTR7A	NC_052532.1:409210-409576-	NC_052571.1:3721091-3721595-	9	22	0	132,162,177,190,194,201	132,162,177,190,194,201	1	1,2,3,4,5,6	70	70	325	9|6|0|1|1|0|3|1|0|0|0|1
GA	Galgal	LTR	ERV1	GGLTR7A	NC_052532.1:409210-409576-	NC_052533.1:70223467-70224054-	9	31	0	132,162,163,190,194	133,163,164,191,195	1	1,2,3,4,5	63	63	364	9|7|0|1|2|1|4|2|2|1|1|1
GA	Galgal	LTR	ERV1	GGLTR7A	NC_052532.1:409210-409576-	NC_052571.1:2157170-2157769+	9	23	0	132,162,177,190,194	132,162,177,190,194	1	2,3,4,5,6	63	63	326	9|7|1|1|1|0|1|1|0|0|1|1
GA	Galgal	LTR	ERV1	GGLTR7A	NC_052532.1:409210-409576-	NC_052532.1:160119899-160120508+	8	23	0	132,153,163,190,194	132,153,163,190,194	1	1,2,3,4,5	63	63	326	8|6|0|1|1|0|4|2|0|0|0|1
GA	Galgal	LTR	ERV1	GGLTR7A	NC_052532.1:409210-409576-	NC_052532.1:157320240-157320837-	10	23	0	132,162,177,190,194	132,162,177,190,194	1	2,3,4,5,6	63	63	326	10|5|0|2|1|0|2|1|1|0|0|1
GA	Galgal	LTR	ERV1	GGLTR7A	NC_052532.1:409210-409576-	NC_052532.1:120566809-120567418+	11	23	0	132,162,177,190,194	132,162,177,190,194	1	2,3,4,5,6	63	63	326	11|5|0|1|1|0|3|1|0|0|0|1
GA	Galgal	LTR	ERV1	GGLTR7A	NC_052532.1:409210-409576-	NC_052571.1:2156283-2156915+	9	24	0	132,177,190,194,201	132,177,190,194,201	1	2,3,4,5,6	70	70	327	9|4|1|1|2|0|4|1|0|0|1|1
GA	Galgal	LTR	ERV1	GGLTR7A	NC_052532.1:409210-409576-	NC_052571.1:6090020-6090628+	8	22	0	132,153,162,177,190,194	131,152,161,176,189,193	1	1,2,3,4,5,6	63	63	326	8|4|1|1|1|0|3|2|0|1|0|1
GA	Galgal	LTR	ERV1	GGLTR7A	NC_052532.1:409210-409576-	NC_052533.1:23523244-23523843-	11	25	0	132,162,177,190,194	132,162,177,190,194	1	2,3,4,5,6	63	63	326	11|5|0|1|1|0|4|1|0|0|1|1
GA	Galgal	LTR	ERV1	GGLTR7A	NC_052532.1:409210-409576-	NC_052532.1:95005798-95006405+	9	22	0	132,162,177,190,194	130,160,175,188,192	1	1,2,3,4,5	63	63	323	9|5|0|1|1|0|4|1|0|0|0|1
GA	Galgal	LTR	ERV1	GGLTR7A	NC_052532.1:409210-409576-	NC_052532.1:14406378-14406969+	9	28	0	163,177,190,194,201	163,177,190,194,201	1	2,3,4,5,6	39	39	338	9|6|0|2|2|0|5|1|1|0|1|1
GA	Galgal	LTR	ERV1	GGLTR7A	NC_052532.1:409210-409576-	NC_052564.1:19050-19665-	8	22	0	132,162,177,190,194	136,166,181,194,198	1	2,3,4,5,6	63	63	328	8|5|0|1|1|0|4|1|0|0|1|1
GA	Galgal	LTR	ERV1	GGLTR7A	NC_052532.1:409210-409576-	NC_052571.1:8323501-8324101-	12	26	0	132,162,177,190,194	132,162,177,190,194	1	4,5,6,7,8	63	63	326	12|4|0|1|1|0|2|1|1|0|2|2
GA	Galgal	LTR	ERV1	GGLTR7A	NC_052532.1:409210-409576-	NC_052571.1:7650249-7650858+	9	25	0	132,177,183,190,194	132,177,183,190,194	1	2,3,4,5,6	63	63	326	9|4|1|1|1|0|6|1|1|0|0|1
GA	Galgal	LTR	ERV1	GGLTR7A	NC_052532.1:409210-409576-	NC_052571.1:1969561-1970170-	12	25	0	132,162,177,190,194	132,162,177,190,194	1	2,3,4,5,6	63	63	326	12|4|1|1|1|0|4|1|0|0|0|1
GA	Galgal	LTR	ERV1	GGLTR7A	NC_052532.1:409210-409576-	NC_052571.1:1534111-1534719-	9	25	0	132,153,162,190,194	132,153,162,190,194	1	1,2,3,4,5	63	63	326	9|5|0|1|1|0|4|3|1|0|0|1
GA	Galgal	LTR	ERV1	GGLTR7A	NC_052532.1:409210-409576-	NC_052533.1:95900396-95901005-	10	25	0	132,153,177,190,194	132,153,177,190,194	1	2,3,4,5,6	63	63	326	10|6|0|1|1|0|4|2|0|0|0|1
GA	Galgal	LTR	ERV1	GGLTR7A	NC_052532.1:409210-409576-	NC_052536.1:1089923-1090531+	9	24	0	132,162,177,190,194	132,162,177,190,194	1	1,2,3,4,5	63	63	325	9|6|1|1|1|0|5|0|0|0|0|1
GA	Galgal	LTR	ERV1	GGLTR7A	NC_052532.1:409210-409576-	NC_052532.1:158229647-158230234-	12	36	0	132,151,162,177,190,194	132,151,162,177,190,194	1	1,2,3,4,5,6	63	63	361	12|5|0|2|1|1|9|3|1|0|0|2
GA	Galgal	LTR	ERV1	GGLTR7A	NC_052532.1:409210-409576-	NC_052571.1:5495494-5496093-	10	26	0	132,162,177,190,194	132,162,177,190,194	1	2,3,4,5,6	63	63	326	10|5|1|1|2|0|4|1|1|0|0|1
GA	Galgal	LTR	ERV1	GGLTR7A	NC_052532.1:409210-409576-	NC_052571.1:2761518-2762129-	9	27	0	153,163,177,190,194	153,163,177,190,194	1	3,4,5,6,7	42	42	326	9|6|0|1|1|1|4|1|1|1|1|1
GA	Galgal	LTR	ERV1	GGLTR7A	NC_052532.1:409210-409576-	NC_052571.1:2164080-2164679+	11	26	0	132,153,162,177,190,194	132,153,162,177,190,194	1	2,3,4,5,6,7	63	63	326	11|4|0|2|1|1|4|1|0|0|0|2
GA	Galgal	LTR	ERV1	GGLTR7A	NC_052532.1:409210-409576-	NC_052532.1:192663825-192664434-	9	25	0	130,131,132,177,190,194	130,131,132,177,190,194	1	1,2,3,4,5,6	65	65	323	9|6|1|1|1|0|5|1|0|0|0|1
GA	Galgal	LTR	ERV1	GGLTR7A	NC_052532.1:409210-409576-	NC_052532.1:149220760-149221370-	11	26	0	132,158,163,190,194	132,158,163,190,194	1	2,3,4,5,6	63	63	326	11|6|0|1|1|0|4|1|0|0|0|2
GA	Galgal	LTR	ERV1	GGLTR7A	NC_052532.1:409210-409576-	NC_052532.1:21603758-21604367+	9	26	0	132,177,190,194,196,201	132,177,190,194,196,201	1	1,2,3,4,5,6	70	70	326	9|5|1|1|1|1|3|1|1|0|1|2
GA	Galgal	LTR	ERV1	GGLTR7A	NC_052532.1:409210-409576-	NC_052532.1:152018132-152018709+	13	36	0	132,153,162,177,190,194,201	119,140,149,164,177,181,188	1	1,2,3,4,5,6,7	70	70	352	13|7|0|2|1|0|6|3|1|1|1|1
GA	Galgal	LTR	ERV1	GGLTR7A	NC_052532.1:409210-409576-	NC_052571.1:5622767-5623376+	10	27	0	132,162,177,190,194	132,162,177,190,194	1	2,3,4,5,6	63	63	326	10|6|1|1|1|0|4|1|1|1|0|1
GA	Galgal	LTR	ERV1	GGLTR7A	NC_052532.1:409210-409576-	NC_052571.1:5617313-5617922+	8	27	0	129,162,177,190,194	129,162,177,190,194	1	1,2,3,4,5	66	66	326	8|6|1|1|2|1|6|0|0|0|1|1
GA	Galgal	LTR	ERV1	GGLTR7A	NC_052532.1:409210-409576-	NC_052571.1:3672454-3673053-	12	27	0	132,162,177,190,194,201	132,162,177,190,194,201	1	4,5,6,7,8,9	70	70	326	12|5|0|1|2|1|3|1|0|0|0|2
GA	Galgal	LTR	ERV1	GGLTR7A	NC_052532.1:409210-409576-	NC_052571.1:2049912-2050520-	12	25	0	132,153,163,177,190	130,151,161,175,188	1	2,3,4,5,6	59	59	326	12|3|0|1|0|0|4|2|1|0|1|1
GA	Galgal	LTR	ERV1	GGLTR7A	NC_052532.1:409210-409576-	NC_052532.1:184344966-184345585+	14	29	0	132,153,158,162,177,190,194	132,153,158,162,177,190,194	1	4,5,6,7,8,9,10	63	63	327	14|4|0|1|1|0|3|3|1|0|0|2
GA	Galgal	LTR	ERV1	GGLTR7A	NC_052532.1:409210-409576-	NC_052532.1:188118997-188119592+	8	24	0	132,162,190,194,201	118,148,176,180,187	1	1,2,3,4,5	70	70	312	8|5|0|1|1|0|3|4|0|0|0|2
GA	Galgal	LTR	ERV1	GGLTR7A	NC_052532.1:409210-409576-	NC_052532.1:192651087-192651696-	11	29	0	130,131,132,177,190,194	130,131,132,177,190,194	1	2,3,4,5,6,7	65	65	326	11|5|1|1|1|1|4|2|0|0|1|2
GA	Galgal	LTR	ERV1	GGLTR7A	NC_052532.1:409210-409576-	NC_052571.1:6607041-6607637-	8	25	0	163,177,190,194,201	150,164,177,181,188	1	2,3,4,5,6	39	39	313	8|5|0|1|1|0|6|1|0|1|0|2
GA	Galgal	LTR	ERV1	GGLTR7A	NC_052532.1:409210-409576-	NC_052571.1:5806951-5807581-	12	28	0	131,132,177,190,194,201	131,132,177,190,194,201	1	2,3,4,5,6,7	71	71	325	12|4|1|1|3|1|3|1|1|0|0|1
GA	Galgal	LTR	ERV1	GGLTR7A	NC_052532.1:409210-409576-	NC_052571.1:3727502-3728102-	12	29	0	162,177,190,194,201	162,177,190,194,201	1	4,5,6,7,8	40	40	325	12|6|0|1|1|0|7|1|0|0|0|1
GA	Galgal	LTR	ERV1	GGLTR7A	NC_052532.1:409210-409576-	NC_052571.1:6307365-6307969+	10	24	0	132,162,177,190,194	127,157,172,185,189	1	2,3,4,5,6	63	63	323	10|5|0|1|1|0|5|1|0|0|0|1
GA	Galgal	LTR	ERV1	GGLTR7A	NC_052532.1:409210-409576-	NC_052571.1:8826616-8826953+	13	33	0	132,162,163,177,190,194	132,162,163,177,190,194	1	4,5,6,7,8,9	63	63	327	13|6|0|2|1|0|5|1|0|1|2|2
GA	Galgal	LTR	ERV1	GGLTR7A	NC_052532.1:409210-409576-	NC_052571.1:6029430-6030040-	12	33	0	132,162,177,190,194,196	132,162,177,190,194,196	1	3,4,5,6,7,8	65	65	327	12|5|1|1|2|0|4|4|0|0|2|2
GA	Galgal	LTR	ERV1	GGLTR7A	NC_052532.1:409210-409576-	NC_052571.1:5983846-5984456+	12	33	0	132,162,177,190,194,196	132,162,177,190,194,196	1	3,4,5,6,7,8	65	65	327	12|5|1|1|2|0|4|4|0|0|2|2
GA	Galgal	LTR	ERV1	GGLTR7A	NC_052532.1:409210-409576-	NC_052571.1:2650246-2650855+	12	32	0	163,177,190,194,196	163,177,190,194,196	1	3,4,5,6,7	34	34	326	12|4|1|1|1|0|7|3|0|0|1|2
GA	Galgal	LTR	ERV1	GGLTR7-int	NC_052532.1:306354-309006+	NC_052571.1:6067508-6069820-	54	249	0	161,163,171,184,211	162,164,172,185,212	1	7,8,9,10,11	51	51	2320	54|44|15|33|32|15|9|15|10|3|8|11
GA	Galgal	LTR	ERV1	GGLTR7A	NC_052532.1:411547-411837-	NC_052532.1:184344966-184345585+	11	25	0	132,153,158,170,177	132,153,158,170,177	1	5,6,7,8,9	46	46	282	11|3|2|1|0|0|2|3|1|1|1|0
GA	Galgal	LTR	ERV1	GGLTR7-int	NC_052532.1:306354-309006+	NC_052571.1:8811596-8813551-	55	207	0	1345,1355,1360,1368,1383	1250,1260,1265,1273,1288	1	33,34,35,36,37	39	39	1957	55|42|5|23|26|9|10|15|6|5|5|6
GA	Galgal	LTR	ERV1	GGLTR11-int	NC_052572.1:43784205-43784437+	NC_052572.1:68663010-68663236-	7	22	0	161,168,205,216,219	161,168,205,216,219	1	3,4,5,6,7	59	59	225	7|3|2|0|0|1|7|0|1|0|1|0
GA	Galgal	LTR	ERV1	GGLTR7B	NC_052533.1:94856106-94856701-	NC_052572.1:31378249-31378827-	18	67	0	121,129,135,144,155	103,111,117,127,138	1	5,6,7,8,9	36	36	576	18|11|1|2|3|3|15|5|1|3|3|2
GA	Galgal	LTR	ERV1	GGLTR11	NC_052547.1:1217864-1218391+	NC_052571.1:1298208-1298609+	14	45	0	206,214,219,242,245	227,234,238,257,260	1	6,7,8,9,10	34	34	364	14|3|1|3|2|2|6|3|4|1|2|4
GA	Galgal	LTR	ERV1	GGLTR7-int	NC_052532.1:306354-309006+	NC_052535.1:19210634-19211886+	18	85	0	1695,1705,1714,1718,1720	480,490,502,506,509	1	4,5,6,7,8	30	30	700	18|16|5|11|6|6|7|6|2|5|0|3
GA	Galgal	LTR	ERV1	GGLTR7A	NC_052532.1:413436-414032+	NC_052532.1:192651087-192651696-	22	78	0	117,130,131,132,88	117,130,131,132,88	1	1,2,3,4,5	45	45	599	22|9|9|9|2|2|4|3|10|3|1|4
GA	Galgal	LTR	ERV1	GGLTR7A	NC_052532.1:413436-414032+	NC_052532.1:93540368-93540977+	20	79	0	488,491,494,502,519	501,504,507,515,532	1	16,17,18,19,20	32	32	599	20|15|7|12|6|2|2|2|7|3|1|2
GA	Galgal	LTR	ERV1	GGLTR7A	NC_052532.1:413436-414032+	NC_052571.1:3762309-3762917-	19	61	0	117,132,83,86,87	117,132,83,86,87	1	1,2,3,4,5	50	50	589	19|9|5|8|2|0|1|3|9|1|2|2
GA	Galgal	LTR	ERV1	GGLTR7-int	NC_052532.1:308988-310336+	NC_052571.1:958656-963176+	16	68	0	718,723,727,728,739	1819,1824,1828,1829,1840	1	11,12,13,14,15	22	22	836	16|7|2|11|3|1|6|4|9|2|5|2
GA	Galgal	LTR	ERV1	GGLTR7-int	NC_052532.1:308988-310336+	NC_052571.1:1035494-1039779-	16	69	0	718,723,727,728,739	3663,3668,3672,3673,3684	1	11,12,13,14,15	22	22	836	16|7|2|11|3|1|7|4|9|2|5|2
GA	Galgal	LTR	ERV1	GGLTR7-int	NC_052532.1:308988-310336+	NC_052571.1:895054-896947-	16	69	0	718,723,727,728,739	812,817,821,822,833	1	11,12,13,14,15	22	22	836	16|7|2|11|3|1|7|4|9|2|5|2
GA	Galgal	LTR	ERV1	GGLTR7-int	NC_052532.1:308988-310336+	NC_052571.1:6607650-6614014-	18	69	0	691,723,727,728,739	3643,3675,3679,3680,3691	1	13,14,15,16,17	49	49	838	18|9|3|12|3|2|5|4|8|0|3|2
GA	Galgal	LTR	ERV1	GGLTR7-int	NC_052532.1:308988-310336+	NC_052571.1:9061300-9066868+	17	68	0	691,723,727,728,739	3664,3696,3700,3701,3712	1	12,13,14,15,16	49	49	828	17|9|3|10|3|2|9|3|7|0|4|1
GA	Galgal	LTR	ERV1	GGLTR7-int	NC_052532.1:308988-310336+	NC_052571.1:1970170-1976557-	16	77	0	722,723,727,728,739	3700,3701,3705,3706,3717	1	11,12,13,14,15	18	18	839	16|10|4|12|5|3|9|3|9|2|3|1
GA	Galgal	LTR	ERV1	GGLTR7-int	NC_052532.1:308988-310336+	NC_052571.1:2731994-2736009-	23	79	0	723,727,728,731,739	1356,1360,1361,1364,1372	1	18,19,20,21,22	17	17	835	23|11|3|14|6|1|6|3|6|1|1|4
GA	Galgal	LTR	ERV1	GGLTR7-int	NC_052532.1:308988-310336+	NC_052571.1:6829897-6833059+	17	71	0	723,727,728,731,739	922,926,927,930,938	1	12,13,14,15,16	17	17	830	17|9|3|13|2|3|7|6|6|0|3|2
GA	Galgal	LTR	ERV1	GGLTR7-int	NC_052532.1:308988-310336+	NC_052534.1:0-1142-	17	78	0	718,719,723,727,728	1048,1049,1053,1057,1058	1	12,13,14,15,16	11	11	801	17|9|5|8|1|1|10|7|7|7|5|1
GA	Galgal	LTR	ERV1	GGLTR7-int	NC_052532.1:308988-310336+	NC_052571.1:6030040-6033343-	16	66	0	719,723,727,728,739	608,612,616,617,628	1	11,12,13,14,15	21	21	733	16|12|3|9|3|3|7|3|4|2|2|2
GA	Galgal	LTR	ERV1	GGLTR7-int	NC_052532.1:308988-310336+	NC_052571.1:5980543-5983846+	16	66	0	719,723,727,728,739	608,612,616,617,628	1	11,12,13,14,15	21	21	733	16|12|3|9|3|3|7|3|4|2|2|2
GA	Galgal	LTR	ERV1	GGLTR7-int	NC_052532.1:308988-310336+	NC_052533.1:52727304-52730752+	23	97	0	691,723,727,728,739	1822,1854,1858,1859,1870	1	17,18,19,20,21	49	49	836	23|17|3|16|5|1|10|8|9|0|3|2
GA	Galgal	LTR	ERV1	GGLTR7-int	NC_052532.1:308988-310336+	NC_052571.1:8757597-8762430+	21	102	0	691,723,727,728,739	2282,2314,2318,2319,2330	1	15,16,17,18,19	49	49	824	21|16|6|11|4|4|13|8|7|3|5|4
GA	Galgal	LTR	ERV1	GGLTR7-int	NC_052532.1:308988-310336+	NC_052571.1:6209815-6210573-	19	89	0	691,723,727,728,739	666,698,702,703,714	1	14,15,16,17,18	49	49	758	19|13|3|15|2|3|11|5|11|0|4|3
GA	Galgal	LTR	ERV1	GGLTR7-int	NC_052532.1:308988-310336+	NC_052571.1:8783599-8786186+	18	85	0	691,723,727,728,739	1606,1638,1642,1643,1654	1	12,13,14,15,16	49	49	675	18|11|2|13|4|2|14|9|6|1|2|3
GA	Galgal	LTR	ERV1	GGLTR7-int	NC_052532.1:308988-310336+	NC_052571.1:3723916-3727502-	14	59	0	400,402,403,414,430	3382,3384,3385,3396,3412	1	7,8,9,10,11	31	31	590	14|8|2|8|2|1|5|4|7|1|6|1
GA	Galgal	LTR	ERV1	GGLTR7-int	NC_052532.1:308988-310336+	NC_052571.1:6545541-6548562-	18	74	0	691,723,727,728,739	2489,2521,2525,2526,2537	1	12,13,14,15,16	49	49	617	18|10|0|12|6|1|11|3|1|2|4|6
GA	Galgal	LTR	ERV1	GGLTR7-int	NC_052532.1:308988-310336+	NC_052572.1:33750588-33753251-	15	79	0	691,723,727,739,741	1624,1656,1660,1672,1674	1	8,9,10,11,12	51	51	682	15|17|1|11|6|2|8|5|3|1|2|8
GA	Galgal	LTR	ERV1	GGLTR7-int	NC_052532.1:308988-310336+	NC_052571.1:8779457-8781332-	17	85	0	691,723,727,728,739	1155,1187,1191,1192,1203	1	11,12,13,14,15	49	49	609	17|10|2|11|5|2|16|9|5|2|2|4
GA	Galgal	LTR	ERV1	GGLTR7A	NC_052532.1:414672-415265+	NC_052532.1:192663825-192664434-	21	74	0	115,125,128,129,130	117,127,130,131,132	1	3,4,5,6,7	16	16	583	21|11|6|7|1|2|6|4|7|2|2|5
GA	Galgal	LTR	ERV1	GGLTR7-int	NC_052532.1:308988-310336+	NC_052571.1:3871991-3874994-	10	40	0	723,727,728,731,739	307,311,312,315,323	1	5,6,7,8,9	17	17	431	10|8|2|5|2|3|5|0|2|0|3|0
GA	Galgal	LTR	ERV1	GGLTR7-int	NC_052532.1:308988-310336+	NC_052571.1:1658397-1659274+	29	108	0	723,727,728,739,743	214,218,219,230,234	1	5,6,7,8,9	21	21	735	29|12|3|12|5|3|12|10|7|3|4|8
GA	Galgal	LTR	ERV1	GGLTR7A	NC_052532.1:414672-415265+	NC_052532.1:93540368-93540977+	23	86	0	485,488,491,499,516	501,504,507,515,532	1	19,20,21,22,23	32	32	579	23|15|7|11|4|2|5|3|7|4|1|4
GA	Galgal	LTR	ERV1	GGLTR7-int	NC_052532.1:308988-310336+	NC_052571.1:784877-785696-	8	22	0	691,723,727,728,739	161,193,197,198,209	1	3,4,5,6,7	49	49	265	8|1|1|4|2|0|3|1|1|0|1|0
GA	Galgal	LTR	ERV1	GGLTR7-int	NC_052532.1:308988-310336+	NC_052532.1:75282990-75284251-	9	26	0	691,723,727,731,739	194,226,230,234,242	1	4,5,6,7,8	49	49	254	9|5|1|4|1|0|2|2|1|0|1|0
GA	Galgal	LTR	ERV1	GGLTR7A	NC_052532.1:414672-415265+	NC_052532.1:192651087-192651696-	23	77	0	115,125,128,129,130	117,127,130,131,132	1	4,5,6,7,8	16	16	572	23|10|7|8|1|4|6|4|7|1|2|4
GA	Galgal	LTR	ERV1	GGLTR7A	NC_052532.1:415883-416476+	NC_052532.1:126526284-126526898+	24	74	0	267,271,274,285,287	270,274,277,290,292	1	10,11,12,13,14	23	23	599	24|10|4|9|3|2|2|4|8|1|2|5
GA	Galgal	LTR	ERV1	GGLTR7A	NC_052532.1:415883-416476+	NC_052532.1:79650666-79651236+	22	71	0	497,499,501,516,517	474,476,478,493,494	1	18,19,20,21,22	21	21	577	22|13|3|9|5|1|3|3|5|0|2|5
GA	Galgal	LTR	ERV1	GGLTR7A	NC_052532.1:415883-416476+	NC_052572.1:30321172-30321782+	29	74	0	336,341,345,357,358,381	362,367,371,382,383,398	1	12,13,14,15,16,17	37	37	597	29|11|2|8|5|0|1|3|6|2|1|6
GA	Galgal	LTR	ERV1	GGLTR7A	NC_052532.1:415883-416476+	NC_052532.1:93540368-93540977+	23	77	0	485,488,491,499,516	501,504,507,515,532	1	19,20,21,22,23	32	32	579	23|17|4|7|6|2|3|4|4|0|1|6
GA	Galgal	LTR	ERV1	GGLTR7A	NC_052532.1:415883-416476+	NC_052535.1:46635193-46635704+	20	67	0	336,341,356,358,374	339,344,359,361,375	1	11,12,13,14,15	37	37	512	20|11|0|10|5|0|4|2|6|2|1|6
GA	Galgal	LTR	ERV1	GGLTR7B	NC_052534.1:69233728-69234325-	NC_052572.1:31378249-31378827-	17	68	0	123,126,131,137,139,147	103,106,111,117,119,127	1	6,7,8,9,10,11	25	25	577	17|11|4|5|2|3|7|7|3|4|3|2
GA	Galgal	LTR	ERV1	GGLTR7B	NC_052534.1:69233728-69234325-	NC_052571.1:5068971-5069566+	21	75	0	17,26,39,46,65	17,26,40,47,64	1	1,2,3,4,5	48	48	596	21|11|3|5|1|4|8|10|3|4|4|1
GA	Galgal	LTR	ERV1	GGLTR7B	NC_052534.1:69233728-69234325-	NC_052535.1:18616156-18616737-	22	80	0	46,57,59,65,92	46,57,59,65,92	1	1,2,3,4,5	47	47	589	22|13|5|2|0|3|10|8|4|5|5|3
GA	Galgal	LTR	ERV1	GGLTR7B	NC_052534.1:86366661-86367232-	NC_052572.1:3802827-3803399-	23	78	0	199,220,234,235,238	178,199,213,214,217	1	9,10,11,12,13	40	40	550	23|18|6|2|2|7|8|6|2|2|2|0
GA	Galgal	LTR	ERV1	GGLTR7B	NC_052534.1:90243899-90244496+	NC_052572.1:31378249-31378827-	17	63	0	121,123,131,137,139	101,103,111,117,119	1	5,6,7,8,9	19	19	568	17|12|2|1|6|0|13|6|1|3|0|2
GA	Galgal	LTR	ERV1	GGLTR7A	NC_052532.1:430332-430514-	NC_052572.1:73573984-73574587-	8	12	0	106,113,125,127,130	105,112,124,126,129	1	3,4,5,6,7	25	25	181	8|2|1|0|0|0|0|0|0|0|0|1
GA	Galgal	LTR	ERV1	GGLTR7-int	NC_052532.1:399838-402436-	NC_052571.1:1970170-1976557-	48	194	0	1953,1954,1958,1959,1970	3700,3701,3705,3706,3717	1	42,43,44,45,46	18	18	2058	48|31|7|23|21|9|18|16|11|5|4|1
GA	Galgal	LTR	ERV1	GGLTR7-int	NC_052532.1:399838-402436-	NC_052571.1:1035494-1039779-	45	196	0	1949,1954,1958,1959,1970	3663,3668,3672,3673,3684	1	39,40,41,42,43	22	22	2059	45|26|4|27|20|9|16|21|12|5|9|2
GA	Galgal	LTR	ERV1	GGLTR7-int	NC_052532.1:399838-402436-	NC_052571.1:3837690-3842544+	45	183	0	269,284,289,294,315	515,530,535,540,561	1	5,6,7,8,9	47	47	2058	45|30|6|27|17|5|12|17|12|7|3|2
GA	Galgal	LTR	ERV1	GGLTR7-int	NC_052532.1:399838-402436-	NC_052571.1:9061300-9066868+	49	200	0	1922,1954,1958,1959,1970	3664,3696,3700,3701,3712	1	43,44,45,46,47	49	49	2058	49|30|8|28|17|10|21|17|10|5|4|1
GA	Galgal	LTR	ERV1	GGLTR7-int	NC_052532.1:399838-402436-	NC_052571.1:5766737-5773113+	47	193	0	269,284,289,294,315	2047,2062,2067,2072,2093	1	5,6,7,8,9	47	47	2052	47|35|7|25|18|6|17|16|10|4|5|3
GA	Galgal	LTR	ERV1	GGLTR7-int	NC_052532.1:399838-402436-	NC_052571.1:6607650-6614014-	50	196	0	1918,1922,1954,1958,1959,1970	3639,3643,3675,3679,3680,3691	1	43,44,45,46,47,48	53	53	2053	50|26|7|26|20|8|21|15|11|4|5|3
GA	Galgal	LTR	ERV1	GGLTR7-int	NC_052532.1:399838-402436-	NC_052571.1:958656-963176+	45	189	0	1949,1954,1958,1959,1970	1819,1824,1828,1829,1840	1	39,40,41,42,43	22	22	1959	45|27|5|25|19|8|14|20|10|5|9|2
GA	Galgal	LTR	ERV1	GGLTR7-int	NC_052532.1:399838-402436-	NC_052571.1:3667545-3672454-	51	206	0	34,35,39,41,42	1814,1815,1819,1821,1822	1	1,2,3,4,5	9	9	2053	51|33|6|24|18|13|19|18|10|5|6|3
GA	Galgal	LTR	ERV1	GGLTR7-int	NC_052532.1:399838-402436-	NC_052571.1:8015391-8020939+	52	223	0	269,284,289,294,315	1187,1202,1207,1212,1232	1	5,6,7,8,9	46	46	2060	52|36|17|27|19|10|16|20|11|4|5|6
GA	Galgal	LTR	ERV1	GGLTR7-int	NC_052532.1:399838-402436-	NC_052571.1:8757597-8762430+	49	242	0	1922,1954,1958,1959,1970	2282,2314,2318,2319,2330	1	43,44,45,46,47	49	49	2059	49|37|7|31|19|11|24|26|13|6|8|11
GA	Galgal	LTR	ERV1	GGLTR7A	NC_052532.1:431066-431660-	NC_052543.1:100936-101546-	18	65	0	111,115,125,130,166,174	113,117,127,132,168,176	1	4,5,6,7,8,9	64	64	583	18|7|3|11|4|2|3|2|7|2|3|3
GA	Galgal	LTR	ERV1	GGLTR7-int	NC_052532.1:399838-402436-	NC_052571.1:7035342-7039162+	51	231	0	1918,1922,1954,1958,1959	1703,1707,1739,1743,1744	1	42,43,44,45,46	42	42	1870	51|40|9|30|16|9|21|22|13|5|7|8
GA	Galgal	LTR	ERV1	GGLTR7-int	NC_052532.1:399838-402436-	NC_052571.1:2731994-2736009-	42	155	0	1954,1958,1959,1962,1970	1356,1360,1361,1364,1372	1	36,37,38,39,40	17	17	1486	42|25|5|19|13|6|11|12|9|2|4|7
GA	Galgal	LTR	ERV1	GGLTR7-int	NC_052532.1:399838-402436-	NC_052538.1:9282173-9285018+	25	71	0	2097,2108,2110,2111,2115	2344,2355,2357,2358,2362	1	2,3,4,5,6	19	19	516	25|12|4|8|3|0|7|8|2|1|0|1
GA	Galgal	LTR	ERV1	GGLTR7A	NC_052532.1:431066-431660-	NC_052532.1:126526284-126526898+	28	75	0	267,271,274,285,287	270,274,277,290,292	1	12,13,14,15,16	23	23	604	28|10|5|9|3|2|3|2|8|0|2|3
GA	Galgal	LTR	ERV1	GGLTR7B	NC_052535.1:14761817-14762412-	NC_052572.1:42881838-42882394+	12	38	0	306,320,355,364,370	275,289,321,328,333	1	6,7,8,9,10	59	59	571	12|3|2|1|1|1|4|5|3|2|2|2
GA	Galgal	LTR	ERV1	GGLTR7-int	NC_052532.1:399838-402436-	NC_052534.1:0-1142-	23	93	0	1949,1950,1954,1958,1959	1048,1049,1053,1057,1058	1	17,18,19,20,21	11	11	1157	23|14|3|6|3|3|10|13|6|8|4|0
GA	Galgal	LTR	ERV1	GGLTR7A	NC_052532.1:431066-431660-	NC_052571.1:2429537-2430147+	21	64	0	115,125,130,166,174	117,127,132,168,176	1	2,3,4,5,6	60	60	583	21|8|2|13|5|0|1|3|5|1|2|3
GA	Galgal	LTR	ERV1	GGLTR7-int	NC_052532.1:399838-402436-	NC_052571.1:4355663-4357551+	36	148	0	1918,1922,1954,1958,1970	1143,1147,1179,1183,1195	1	28,29,30,31,32	53	53	1318	36|22|4|18|11|6|17|18|7|1|5|3
GA	Galgal	LTR	ERV1	GGLTR7-int	NC_052532.1:399838-402436-	NC_052571.1:4267099-4268987-	36	148	0	1918,1922,1954,1958,1970	1143,1147,1179,1183,1195	1	28,29,30,31,32	53	53	1318	36|22|4|18|11|6|17|18|7|1|5|3
GA	Galgal	LTR	ERV1	GGLTR7A	NC_052532.1:431066-431660-	NC_052572.1:73573984-73574587-	25	69	0	106,113,125,127,130	105,112,124,126,129	1	3,4,5,6,7	25	25	598	25|11|4|10|6|1|3|0|4|0|3|2
GA	Galgal	LTR	ERV1	GGLTR7B	NC_052535.1:18603769-18604376-	NC_052572.1:31378249-31378827-	16	62	0	121,129,135,148,156,157,167	103,111,117,119,127,128,138	1	4,5,6,7,8,9,10	36	36	582	16|9|3|2|2|2|14|6|1|4|0|3
GA	Galgal	LTR	ERV1	GGLTR7-int	NC_052532.1:399838-402436-	NC_052571.1:6829897-6833059+	28	95	0	1954,1958,1959,1962,1970	922,926,927,930,938	1	22,23,24,25,26	17	17	1041	28|17|2|13|3|4|9|11|5|0|2|1
GA	Galgal	LTR	ERV1	GGLTR7-int	NC_052532.1:399838-402436-	NC_052571.1:6246315-6251388+	31	132	0	1918,1922,1954,1958,1970	2359,2363,2395,2399,2411	1	25,26,27,28,29	53	53	1216	31|21|4|17|11|5|12|11|12|2|3|3
GA	Galgal	LTR	ERV1	GGLTR7-int	NC_052532.1:399838-402436-	NC_052571.1:895054-896947-	26	87	0	1949,1954,1958,1959,1970	812,817,821,822,833	1	20,21,22,23,24	22	22	941	26|14|1|11|4|2|8|8|7|1|5|0
GA	Galgal	LTR	ERV1	GGLTR7-int	NC_052532.1:399838-402436-	NC_052533.1:52727304-52730752+	37	139	0	1922,1954,1958,1959,1970	1822,1854,1858,1859,1870	1	30,31,32,33,34	49	49	1063	37|28|8|15|6|3|12|15|11|0|2|2
GA	Galgal	LTR	ERV1	GGLTR7-int	NC_052532.1:399838-402436-	NC_052571.1:7235621-7238317-	22	70	0	1918,1922,1954,1958,1970	1631,1635,1667,1671,1683	1	16,17,18,19,20	53	53	686	22|15|2|8|2|1|4|6|9|0|0|1
GA	Galgal	LTR	ERV1	GGLTR7-int	NC_052532.1:399838-402436-	NC_052535.1:18611936-18614745-	30	135	0	1918,1922,1954,1958,1970	2278,2282,2314,2318,2330	1	25,26,27,28,29	53	53	1017	30|33|3|15|9|1|12|14|10|1|1|6
GA	Galgal	LTR	ERV1	GGLTR7-int	NC_052532.1:399838-402436-	NC_052571.1:6030040-6033343-	21	72	0	1950,1954,1958,1959,1970	608,612,616,617,628	1	15,16,17,18,19	21	21	737	21|15|3|8|3|3|5|5|5|2|1|1
GA	Galgal	LTR	ERV1	GGLTR7-int	NC_052532.1:399838-402436-	NC_052571.1:5980543-5983846+	21	72	0	1950,1954,1958,1959,1970	608,612,616,617,628	1	15,16,17,18,19	21	21	737	21|15|3|8|3|3|5|5|5|2|1|1
GA	Galgal	LTR	ERV1	GGLTR7-int	NC_052532.1:407153-408946-	NC_052539.1:11268247-11271904-	52	182	0	108,117,134,138,145,150	109,118,135,139,146,151	1	3,4,5,6,7,8	43	43	1763	52|33|9|14|19|8|14|19|6|2|2|4
GA	Galgal	LTR	ERV1	GGLTR7-int	NC_052532.1:407153-408946-	NC_052571.1:8811596-8813551-	50	168	0	1343,1353,1358,1366,1381,1394	1250,1260,1265,1273,1288,1301	1	32,33,34,35,36,37	52	52	1699	50|24|6|20|22|7|6|15|6|4|3|5
GA	Galgal	LTR	ERV1	GGLTR7B	NC_052535.1:19173227-19173788+	NC_052572.1:31378249-31378827-	12	53	0	123,137,139,147,158	103,117,119,127,138	1	3,4,5,6,7	36	36	556	12|7|3|1|1|3|9|7|1|3|2|4
GA	Galgal	LTR	ERV1	GGLTR11	NC_052547.1:1469646-1470179+	NC_052571.1:1298208-1298609+	14	45	0	207,215,220,245,248	227,234,238,257,260	1	6,7,8,9,10	34	34	365	14|3|1|3|2|2|6|3|4|1|3|3
GA	Galgal	LTR	ERV1	GGLTR7A	NC_052532.1:13648402-13649012+	NC_052538.1:8663003-8663612-	14	51	0	544,546,563,592,603	543,545,562,591,602	1	10,11,12,13,14	60	60	609	14|9|1|2|3|1|9|8|2|2|0|0
GA	Galgal	LTR	ERV1	GGLTR7B	NC_052535.1:19665181-19665784-	NC_052572.1:31378249-31378827-	15	62	0	121,129,135,144,155	103,111,117,127,138	1	5,6,7,8,9	36	36	580	15|9|1|4|4|2|14|8|1|2|0|2
GA	Galgal	LTR	ERV1	GGLTR7B	NC_052535.1:19709891-19710487+	NC_052572.1:42881838-42882394+	13	45	0	306,320,353,370,375	275,289,319,333,338	1	6,7,8,9,10	64	64	572	13|3|2|2|1|0|9|9|1|1|1|3
GA	Galgal	LTR	ERV1	GGLTR7A	NC_052532.1:14406378-14406969+	NC_052543.1:100936-101546-	8	37	0	113,31,51,56,89	113,31,51,56,89	1	1,2,3,4,5	83	83	600	8|4|1|0|0|0|6|15|0|1|1|1
GA	Galgal	LTR	ERV1	GGLTR7A	NC_052532.1:14587167-14587776+	NC_052571.1:4120162-4120771-	12	47	0	401,409,410,417,431	401,409,410,417,431	1	6,7,8,9,10	31	31	609	12|9|4|3|1|0|3|5|2|2|2|4
GA	Galgal	LTR	ERV1	GGLTR7A	NC_052532.1:14587167-14587776+	NC_052571.1:4113793-4114402+	12	47	0	401,409,410,417,431	401,409,410,417,431	1	6,7,8,9,10	31	31	596	12|9|4|3|1|0|3|5|2|2|2|4
GA	Galgal	LTR	ERV1	GGLTR7-int	NC_052532.1:74161349-74162873+	NC_052571.1:4885727-4886481+	19	104	0	491,492,500,501,516	357,358,366,367,382	1	9,10,11,12,13	26	26	749	19|17|3|9|1|6|22|9|1|3|10|4
GA	Galgal	LTR	ERV1	GGLTR7-int	NC_052532.1:74161349-74162873+	NC_052538.1:9282173-9285018+	27	128	0	491,492,500,501,516	2455,2456,2464,2465,2480	1	17,18,19,20,21	26	26	809	27|17|10|10|3|7|22|12|3|1|9|7
GA	Galgal	LTR	ERV1	GGLTR7A	NC_052532.1:18867828-18868431+	NC_052532.1:126526284-126526898+	11	46	0	254,258,261,272,274	270,274,277,290,292	1	3,4,5,6,7	23	23	599	11|5|1|0|1|3|9|10|0|2|3|1
GA	Galgal	LTR	ERV1	GGLTR7-int	NC_052532.1:74631564-74633074+	NC_052571.1:4885727-4886481+	20	110	0	471,480,481,482,490,491	347,356,357,358,366,367	1	6,7,8,9,10,11	21	21	748	20|15|4|7|2|8|25|9|4|5|7|4
GA	Galgal	LTR	ERV1	GGLTR7-int	NC_052532.1:74631564-74633074+	NC_052571.1:8757597-8762430+	27	212	0	471,480,481,482,491	2610,2619,2620,2621,2630	1	9,10,11,12,13	21	21	1135	27|26|13|10|10|19|45|28|5|2|12|15
GA	Galgal	LTR	ERV1	GGLTR7-int	NC_052532.1:74631564-74633074+	NC_052571.1:1875119-1878042-	29	175	0	480,481,482,490,491	900,901,902,910,911	1	8,9,10,11,12	12	12	1003	29|25|11|9|9|12|36|19|5|4|9|7
GA	Galgal	LTR	ERV1	GGLTR7B	NC_052536.1:3366774-3367348-	NC_052572.1:31378249-31378827-	17	56	0	121,129,135,143,144,155	103,111,117,126,127,138	1	6,7,8,9,10,11	36	36	564	17|8|2|4|2|1|9|9|1|2|0|1
GA	Galgal	LTR	ERV1	GGLTR7-int	NC_052532.1:75282990-75284251-	NC_052535.1:18606010-18607240-	22	117	0	426,432,440,445,469,470	413,419,427,432,456,457	1	6,7,8,9,10,11	45	45	1238	22|22|4|4|1|5|23|13|4|8|4|7
GA	Galgal	LTR	ERV1	GGLTR7-int	NC_052532.1:75282990-75284251-	NC_052533.1:52727304-52730752+	19	135	0	426,437,444,452,462	2051,2062,2069,2077,2087	1	3,4,5,6,7	37	37	1182	19|24|3|5|2|5|25|24|3|7|6|12
GA	Galgal	LTR	ERV1	GGLTR7-int	NC_052532.1:75282990-75284251-	NC_052538.1:9282173-9285018+	25	108	0	426,430,432,437,445	2351,2355,2357,2362,2370	1	12,13,14,15,16	20	20	798	25|14|3|4|2|5|16|20|2|2|2|13
GA	Galgal	LTR	ERV1	GGLTR7-int	NC_052532.1:75282990-75284251-	NC_052571.1:6772112-6772943+	17	92	0	441,445,469,470,475	394,398,422,423,428	1	9,10,11,12,13	35	35	810	17|14|1|3|4|4|16|16|2|1|5|9
GA	Galgal	LTR	ERV1	GGLTR7-int	NC_052532.1:75282990-75284251-	NC_052571.1:8117591-8121603-	15	71	0	426,432,445,469,470	3658,3664,3677,3701,3702	1	8,9,10,11,12	45	45	711	15|12|1|3|0|1|13|8|4|2|6|6
GA	Galgal	LTR	ERV1	GGLTR7-int	NC_052532.1:75282990-75284251-	NC_052571.1:4946233-4946732+	13	39	0	426,432,445,449,462,469,470	111,115,128,135,136,92,98	1	1,2,3,4,5,6,7	45	45	423	13|9|0|1|0|3|5|5|0|1|2|0
GA	Galgal	LTR	ERV1	GGLTR7B	NC_052536.1:39725578-39726148-	NC_052572.1:31378249-31378827-	17	63	0	119,127,133,135,143	103,111,117,119,127	1	3,4,5,6,7	25	25	564	17|12|1|2|3|1|13|8|1|2|2|1
GA	Galgal	LTR	ERV1	GGLTR7-int	NC_052532.1:75285426-75286647-	NC_052571.1:6607650-6614014-	20	97	0	1056,1058,1062,1063,1072	3012,3014,3018,3019,3028	1	15,16,17,18,19	17	17	1117	20|8|2|0|6|7|18|17|2|7|5|5
GA	Galgal	LTR	ERV1	GGLTR7B	NC_052538.1:7283211-7283815+	NC_052572.1:42881838-42882394+	7	25	0	314,359,361,378,383	275,317,319,333,338	1	1,2,3,4,5	64	64	301	7|4|1|0|0|0|5|4|1|1|0|2
GA	Galgal	LTR	ERV1	GGLTR7B	NC_052538.1:9285897-9286252+	NC_052572.1:31378249-31378827-	12	41	0	107,108,119,92,98	111,117,126,127,138	1	2,3,4,5,6	28	28	360	12|5|1|3|7|0|9|2|0|1|0|1
GA	Galgal	LTR	ERV1	GGLTR7A	NC_052532.1:27794465-27795074+	NC_052543.1:100936-101546-	5	25	0	113,151,31,51,89	113,151,31,51,89	1	1,2,3,4,5	121	121	609	5|1|1|0|0|1|8|6|0|1|1|1
GA	Galgal	LTR	ERV1	GGLTR7A	NC_052532.1:27794465-27795074+	NC_052571.1:4120162-4120771-	12	42	0	401,409,410,417,431	401,409,410,417,431	1	7,8,9,10,11	31	31	609	12|5|2|2|0|0|4|6|1|3|3|4
GA	Galgal	LTR	ERV1	GGLTR7A	NC_052532.1:27794465-27795074+	NC_052571.1:4113793-4114402+	12	42	0	401,409,410,417,431	401,409,410,417,431	1	7,8,9,10,11	31	31	596	12|5|2|2|0|0|4|6|1|3|3|4
GA	Galgal	LTR	ERV1	GGLTR7A	NC_052532.1:28361756-28362354+	NC_052571.1:6855668-6856285+	9	41	0	101,128,197,222,237	111,138,207,232,249	1	2,3,4,5,6	139	139	578	9|11|1|0|1|2|4|8|3|1|1|0
GA	Galgal	LTR	ERV1	GGLTR7A	NC_052532.1:28361756-28362354+	NC_052571.1:6797527-6798139-	15	46	0	101,104,122,128,173,237,240	111,114,132,138,183,249,252	1	3,4,5,6,7,8,9	142	142	576	15|7|2|0|2|1|5|9|2|1|2|0
GA	Galgal	LTR	ERV1	GGLTR7A	NC_052532.1:28361756-28362354+	NC_052532.1:74124504-74125112-	17	51	0	164,195,214,237,240	172,203,222,247,250	1	5,6,7,8,9	79	79	575	17|10|0|0|2|2|8|8|2|1|1|0
GA	Galgal	LTR	ERV1	GGLTR7A	NC_052532.1:28361756-28362354+	NC_052572.1:73573984-73574587-	13	45	0	101,106,120,128,99	105,107,112,126,134	1	2,3,4,5,6	30	30	571	13|10|1|1|1|2|5|8|2|0|2|0
GA	Galgal	LTR	ERV1	GGLTR7B	NC_052539.1:10775496-10776093+	NC_052572.1:31378249-31378827-	15	65	0	122,130,136,145,156	103,111,117,127,138	1	4,5,6,7,8	36	36	574	15|9|2|2|2|2|19|6|2|2|2|2
GA	Galgal	LTR	ERV1	GGLTR7A	NC_052532.1:28361756-28362354+	NC_052532.1:192663825-192664434-	13	60	0	101,108,121,122,128	110,117,130,131,137	1	3,4,5,6,7	28	28	575	13|11|2|1|1|0|11|14|2|2|2|1
GA	Galgal	LTR	ERV1	GGLTR7A	NC_052532.1:28361756-28362354+	NC_052532.1:192651087-192651696-	16	64	0	101,108,121,122,128	110,117,130,131,137	1	4,5,6,7,8	28	28	575	16|10|3|1|1|2|11|13|2|1|3|1
GA	Galgal	LTR	ERV1	GGLTR7B	NC_052541.1:1412721-1413314+	NC_052572.1:31378249-31378827-	17	59	0	121,129,135,137,145	103,111,117,119,127	1	4,5,6,7,8	25	25	575	17|10|1|4|1|1|7|8|1|6|1|2
GA	Galgal	LTR	ERV1	GGLTR7B	NC_052541.1:1412721-1413314+	NC_052572.1:52337599-52338196-	16	67	0	188,196,197,205,214,215	190,198,199,207,216,217	1	3,4,5,6,7,8	28	28	595	16|12|2|2|1|0|11|9|1|7|4|2
GA	Galgal	LTR	ERV1	GGLTR7A	NC_052532.1:31771935-31772544+	NC_052532.1:148474695-148475304+	13	47	0	366,370,377,378,387	366,370,377,378,387	1	3,4,5,6,7	22	22	609	13|6|0|1|1|2|10|7|1|0|1|5
GA	Galgal	LTR	ERV1	GGLTR7B	NC_052546.1:711035-711594-	NC_052572.1:31378249-31378827-	13	29	0	123,131,132,135,137,146,157	103,111,112,115,117,127,138	1	3,4,5,6,7,8,9	36	36	263	13|3|1|1|1|0|5|3|0|1|0|1
GA	Galgal	LTR	ERV1	GGLTR7A	NC_052532.1:31771935-31772544+	NC_052532.1:126526284-126526898+	18	66	0	269,273,276,287,289	270,274,277,290,292	1	8,9,10,11,12	23	23	602	18|10|0|0|1|3|16|12|1|1|2|2
GA	Galgal	LTR	ERV1	GGLTR7-int	NC_052532.1:102962344-102964203-	NC_052572.1:43997201-43997718-	13	48	0	414,418,424,438,458	198,202,208,222,242	1	1,2,3,4,5	45	45	460	13|7|1|5|0|2|3|9|2|3|0|3
GA	Galgal	LTR	ERV1	GGLTR7-int	NC_052532.1:102962344-102964203-	NC_052571.1:2167054-2168300+	11	58	0	458,461,484,492,508	377,380,403,411,427	1	3,4,5,6,7	51	51	415	11|5|3|4|1|9|10|5|3|2|3|2
GA	Galgal	LTR	ERV1	GGLTR7A	NC_052532.1:48391647-48392239-	NC_052532.1:161160430-161161019-	15	48	0	23,36,54,75,88	23,36,54,75,88	1	1,2,3,4,5	66	66	590	15|10|1|2|0|0|8|8|0|1|2|1
GA	Galgal	LTR	ERV1	GGLTR7A	NC_052532.1:48391647-48392239-	NC_052532.1:70198126-70198715-	11	48	0	34,54,75,80,88	32,52,73,79,87	1	1,2,3,4,5	56	56	590	11|13|0|1|1|1|12|4|3|2|0|0
GA	Galgal	LTR	ERV1	GGLTR7A	NC_052532.1:48391647-48392239-	NC_052572.1:73573984-73574587-	16	43	0	109,116,130,54,75	105,112,126,54,75	1	1,2,3,4,5	73	73	597	16|5|2|1|0|1|10|6|1|0|1|0
GA	Galgal	LTR	ERV1	GGLTR7-int	NC_052532.1:140035583-140037289-	NC_052571.1:4946233-4946732+	13	46	0	1206,1223,1236,1246,1247	115,128,138,139,98	1	2,3,4,5,6	42	42	499	13|8|2|2|1|6|4|4|2|1|2|1
GA	Galgal	LTR	ERV1	GGLTR7A	NC_052532.1:56557846-56558436+	NC_052571.1:6797527-6798139-	14	37	0	114,132,183,214,249,252	114,132,183,214,249,252	1	3,4,5,6,7,8	139	139	601	14|3|4|1|1|0|6|4|1|1|1|1
GA	Galgal	LTR	ERV1	GGLTR7A	NC_052532.1:56557846-56558436+	NC_052532.1:74124504-74125112-	16	37	0	174,205,214,224,249,252	172,203,212,222,247,250	1	3,4,5,6,7,8	79	79	599	16|6|2|0|1|2|7|3|0|0|0|0
GA	Galgal	LTR	ERV1	GGLTR7-int	NC_052532.1:140037296-140038356-	NC_052571.1:3667545-3672454-	25	109	0	393,394,395,400,403	1812,1813,1814,1819,1822	1	12,13,14,15,16	11	11	1080	25|16|4|6|8|6|13|11|3|5|4|8
GA	Galgal	LTR	ERV1	GGLTR7B	NC_052563.1:68423-68752+	NC_052571.1:8781527-8781848+	7	26	0	101,105,108,111,97	82,86,90,93,96	1	2,3,4,5,6	15	15	317	7|5|1|0|2|0|3|4|2|0|1|1
GA	Galgal	LTR	ERV1	GGLTR7B	NC_052563.1:68423-68752+	NC_052571.1:5278566-5278904+	9	21	0	101,108,114,124,97	103,109,119,92,96	1	3,4,5,6,7	28	28	323	9|2|0|0|1|0|2|4|1|0|1|1
GA	Galgal	LTR	ERV1	GGLTR7B	NC_052563.1:68423-68752+	NC_052571.1:8786297-8786618+	7	28	0	101,105,108,111,97	82,86,90,93,96	1	2,3,4,5,6	15	15	317	7|5|1|0|2|0|4|5|2|0|1|1
GA	Galgal	LTR	ERV1	GGLTR7-int	NC_052532.1:140037296-140038356-	NC_052571.1:8757597-8762430+	22	80	0	220,221,224,241,280	236,237,240,257,296	1	9,10,11,12,13	61	61	720	22|10|3|4|5|5|12|9|3|3|2|2
GA	Galgal	LTR	ERV1	GGLTR7B	NC_052563.1:68423-68752+	NC_052572.1:45941281-45941570+	8	25	0	101,105,108,97,99	59,61,63,67,70	1	1,2,3,4,5	12	12	283	8|4|0|1|4|1|1|2|1|1|1|1
GA	Galgal	LTR	ERV1	GGLTR7B	NC_052563.1:68423-68752+	NC_052572.1:43049711-43050038-	7	34	0	101,103,105,108,97	82,86,88,90,93	1	1,2,3,4,5	12	12	246	7|7|0|3|1|1|6|4|3|0|2|0
GA	Galgal	LTR	ERV1	GGLTR7B	NC_052563.1:69003-69418+	NC_052571.1:7074738-7075333-	23	53	0	376,387,396,398,403	374,385,394,396,401	1	19,20,21,22,23	28	28	412	23|9|4|2|1|0|5|4|1|1|2|1
GA	Galgal	LTR	ERV1	GGLTR7B	NC_052563.1:69003-69418+	NC_052572.1:52337599-52338196-	20	53	0	190,198,199,207,215,216,236	190,198,199,207,215,216,236	1	8,9,10,11,12,13,14	47	47	393	20|10|3|2|1|0|3|3|3|2|5|1
GA	Galgal	LTR	ERV1	GGLTR7B	NC_052563.1:69003-69418+	NC_052571.1:7492179-7492746+	28	59	0	388,394,396,398,403	389,395,397,399,404	1	24,25,26,27,28	16	16	409	28|7|3|3|1|1|5|3|2|1|4|1
GA	Galgal	LTR	ERV1	GGLTR7B	NC_052563.1:69003-69418+	NC_052571.1:6214338-6214933-	27	59	0	365,368,387,394,396,398	363,366,385,392,394,396	1	21,22,23,24,25,26	34	34	412	27|9|3|5|0|1|4|4|1|1|3|1
GA	Galgal	LTR	ERV1	GGLTR7B	NC_052563.1:69003-69418+	NC_052571.1:5068971-5069566+	30	59	0	385,387,394,396,398,403	384,386,393,395,397,402	1	25,26,27,28,29,30	19	19	412	30|9|3|2|2|2|6|1|0|1|3|0
GA	Galgal	LTR	ERV1	GGLTR7B	NC_052563.1:69003-69418+	NC_052572.1:31378249-31378827-	27	54	0	387,394,396,398,403	368,375,377,379,384	1	23,24,25,26,27	17	17	393	27|11|4|1|2|0|3|2|0|0|2|2
GA	Galgal	LTR	ERV1	GGLTR7B	NC_052563.1:69003-69418+	NC_052571.1:761055-761660+	20	59	0	25,37,52,6,67	25,36,51,6,66	1	1,2,3,4,5	61	61	417	20|14|2|2|0|0|7|2|2|3|5|2
GA	Galgal	LTR	ERV1	GGLTR7B	NC_052563.1:69003-69418+	NC_052572.1:31352377-31352957+	21	51	0	387,394,396,398,403	373,380,382,384,389	1	17,18,19,20,21	17	17	368	21|9|3|3|2|0|6|3|0|1|2|1
GA	Galgal	LTR	ERV1	GGLTR7B	NC_052563.1:69003-69418+	NC_052571.1:7225108-7225678-	26	55	0	387,394,396,398,403	363,370,372,374,379	1	22,23,24,25,26	17	17	401	26|8|4|1|0|0|6|3|2|1|3|1
GA	Galgal	LTR	ERV1	GGLTR7B	NC_052563.1:69003-69418+	NC_052571.1:8431605-8432042+	18	42	0	394,396,398,400,403	243,245,247,249,252	1	14,15,16,17,18	10	10	261	18|5|4|1|3|1|2|4|0|1|3|0
GA	Galgal	LTR	ERV1	GGLTR7B	NC_052563.1:69003-69418+	NC_052571.1:8411945-8412397-	20	49	0	394,396,398,400,403	256,258,260,262,265	1	16,17,18,19,20	10	10	265	20|8|3|0|4|1|5|3|2|0|2|1
GA	Galgal	LTR	ERV1	GGLTR7-int	NC_052532.1:140039397-140039786-	NC_052533.1:52073771-52074275+	11	32	0	102,105,118,88,89,95	207,208,214,221,224,237	1	3,4,5,6,7,8	31	31	381	11|7|1|1|3|0|2|2|1|3|0|1
GA	Galgal	LTR	ERV1	GGLTR7B	NC_052571.1:761055-761660+	NC_052572.1:52337599-52338196-	13	53	0	206,207,224,233,244	198,199,216,225,236	1	4,5,6,7,8	39	39	601	13|11|1|2|3|2|3|10|2|2|1|3
GA	Galgal	LTR	ERV1	GGLTR7B	NC_052571.1:761055-761660+	NC_052572.1:3802827-3803399-	27	69	0	201,209,230,233,244,245,248,260	170,178,199,202,213,214,217,229	1	8,9,10,11,12,13,14,15	60	60	571	27|13|5|3|4|4|2|9|0|1|1|0
GA	Galgal	LTR	ERV1	GGLTR7A	NC_052532.1:63939850-63940461-	NC_052532.1:74124504-74125112-	14	43	0	174,205,214,224,252	172,203,212,222,250	1	3,4,5,6,7	79	79	609	14|7|0|0|1|2|9|4|0|3|2|1
GA	Galgal	LTR	ERV1	GGLTR7A	NC_052532.1:70198126-70198715-	NC_052532.1:79650666-79651236+	16	42	0	479,491,493,495,512	462,474,476,478,494	1	10,11,12,13,14	33	33	579	16|3|2|2|0|0|6|9|0|0|2|2
GA	Galgal	LTR	ERV1	GGLTR7A	NC_052532.1:70198126-70198715-	NC_052571.1:1715955-1716541-	18	65	0	474,479,493,495,520	473,478,492,494,518	1	12,13,14,15,16	46	46	572	18|5|3|4|2|3|10|16|0|0|2|2
GA	Galgal	LTR	ERV1	GGLTR7-int	NC_052532.1:149217437-149220760-	NC_052533.1:49682626-49684959-	16	68	0	2384,2398,2405,2422,2430	103,64,78,85,95	1	1,2,3,4,5	40	40	769	16|11|1|3|3|5|15|9|0|1|3|1
GA	Galgal	LTR	ERV1	GGLTR7A	NC_052532.1:73932512-73933101+	NC_052532.1:148474695-148475304+	12	48	0	308,346,350,357,358	306,366,370,377,378	1	1,2,3,4,5	73	73	599	12|5|0|3|1|2|6|13|1|0|0|5
GA	Galgal	LTR	ERV1	GGLTR7A	NC_052532.1:74124504-74125112-	NC_052532.1:148474695-148475304+	14	55	0	365,376,377,386,400	366,377,378,387,401	1	8,9,10,11,12	36	36	583	14|6|0|3|2|0|14|10|0|0|2|4
GA	Galgal	LTR	ERV1	GGLTR7B	NC_052571.1:2406419-2407016+	NC_052572.1:52337599-52338196-	16	59	0	180,190,198,199,216,225,236	180,190,198,199,216,225,236	1	5,6,7,8,9,10,11	57	57	597	16|15|1|1|3|1|4|10|3|3|1|1
GA	Galgal	LTR	ERV1	GGLTR7B	NC_052571.1:2406419-2407016+	NC_052572.1:3802827-3803399-	28	70	0	193,201,222,225,236,237,240,252	170,178,199,202,213,214,217,229	1	8,9,10,11,12,13,14,15	60	60	567	28|15|4|1|4|3|2|9|2|1|1|0
GA	Galgal	LTR	ERV1	GGLTR7A	NC_052532.1:74189109-74189697-	NC_052564.1:117380-117989+	11	43	0	356,366,381,395,410	377,387,402,416,431	1	5,6,7,8,9	55	55	598	11|2|1|2|0|4|8|7|0|2|2|4
GA	Galgal	LTR	ERV1	GGLTR7A	NC_052532.1:74189109-74189697-	NC_052532.1:149964317-149964930-	14	42	0	358,366,387,395,410	379,387,408,416,431	1	8,9,10,11,12	53	53	600	14|4|1|1|0|2|9|7|0|2|1|1
GA	Galgal	LTR	ERV1	GGLTR7A	NC_052532.1:74189109-74189697-	NC_052535.1:70875750-70876360-	10	46	0	351,358,366,387,395,410	373,380,388,409,417,432	1	4,5,6,7,8,9	60	60	599	10|6|1|1|1|0|10|9|0|3|3|2
GA	Galgal	LTR	ERV1	GGLTR7A	NC_052532.1:74189109-74189697-	NC_052532.1:184155155-184155765+	12	46	0	361,365,366,373,387,395	383,387,388,395,409,417	1	5,6,7,8,9,10	35	35	599	12|3|1|1|0|2|9|9|0|5|2|2
GA	Galgal	LTR	ERV1	GGLTR7A	NC_052532.1:74189109-74189697-	NC_052571.1:1588881-1589469-	13	60	0	366,379,380,381,387,395	366,379,380,381,387,395	1	5,6,7,8,9,10	30	30	588	13|6|5|0|0|0|14|12|1|2|3|4
GA	Galgal	LTR	ERV1	GGLTR7A	NC_052532.1:74189109-74189697-	NC_052571.1:1407048-1407636-	13	60	0	366,379,380,381,387,395	366,379,380,381,387,395	1	5,6,7,8,9,10	30	30	588	13|6|5|0|0|0|14|12|1|2|3|4
GA	Galgal	LTR	ERV1	GGLTR7A	NC_052532.1:74189109-74189697-	NC_052534.1:103629500-103630110-	10	49	0	359,366,387,395,410	381,388,409,417,432	1	5,6,7,8,9	52	52	599	10|3|0|0|0|5|9|14|1|3|3|1
GA	Galgal	LTR	ERV1	GGLTR7A	NC_052532.1:74189109-74189697-	NC_052533.1:125109217-125109791-	12	50	0	365,366,381,387,395,458	351,352,367,373,381,444	1	7,8,9,10,11,12	94	94	581	12|6|5|1|0|0|10|9|1|2|2|2
GA	Galgal	LTR	ERV1	GGLTR7A	NC_052532.1:74189109-74189697-	NC_052572.1:30321172-30321782+	18	52	0	360,361,366,387,395,410	382,383,388,409,417,432	1	8,9,10,11,12,13	51	51	599	18|5|0|1|1|1|7|10|0|4|1|4
GA	Galgal	LTR	ERV1	GGLTR7A	NC_052532.1:74189109-74189697-	NC_052571.1:6399764-6400375-	14	57	0	351,366,387,395,410	374,389,410,418,433	1	7,8,9,10,11	60	60	599	14|9|1|3|0|2|12|10|0|3|1|2
GA	Galgal	LTR	ERV1	GGLTR7A	NC_052532.1:74189109-74189697-	NC_052535.1:77486321-77486929+	15	57	0	351,366,387,395,398,410	371,386,407,415,418,430	1	9,10,11,12,13,14	60	60	598	15|5|0|5|0|3|9|12|1|2|3|2
GA	Galgal	LTR	ERV1	GGLTR7A	NC_052532.1:74189109-74189697-	NC_052532.1:164059803-164060413-	17	62	0	359,365,366,379,387,395	381,387,388,401,409,417	1	9,10,11,12,13,14	37	37	599	17|7|3|2|1|3|14|9|0|2|1|3
GA	Galgal	LTR	ERV1	GGLTR7A	NC_052532.1:74189109-74189697-	NC_052572.1:32420229-32420835+	12	59	0	360,363,366,387,395	382,385,388,405,413	1	7,8,9,10,11	32	32	597	12|6|3|3|0|2|15|12|1|4|0|1
GA	Galgal	LTR	ERV1	GGLTR7A	NC_052532.1:74189109-74189697-	NC_052571.1:7786941-7787544+	16	58	0	363,365,366,387,395	385,387,388,409,417	1	9,10,11,12,13	33	33	595	16|4|1|2|1|4|12|11|1|2|3|1
GA	Galgal	LTR	ERV1	GGLTR7A	NC_052532.1:74189109-74189697-	NC_052571.1:4113793-4114402+	17	69	0	380,388,389,395,410	401,409,410,416,431	1	12,13,14,15,16	31	31	598	17|6|3|3|0|3|13|14|1|1|3|5
GA	Galgal	LTR	ERV1	GGLTR7A	NC_052532.1:74189109-74189697-	NC_052572.1:75679007-75679619-	10	60	0	357,360,366,387,388	377,380,386,407,408	1	5,6,7,8,9	32	32	589	10|1|2|3|0|3|10|17|1|7|4|2
GA	Galgal	LTR	ERV1	GGLTR7B	NC_052571.1:4263597-4264190+	NC_052572.1:52337599-52338196-	12	60	0	180,190,198,199,216,236	180,190,198,199,216,236	1	2,3,4,5,6,7	57	57	595	12|11|2|0|1|2|12|9|4|3|3|1
GA	Galgal	LTR	ERV1	GGLTR7B	NC_052571.1:4263597-4264190+	NC_052572.1:31378249-31378827-	12	57	0	123,131,137,139,57,59	103,111,117,119,37,39	1	1,2,3,4,5,6	83	83	575	12|8|3|1|4|4|8|8|3|2|0|4
GA	Galgal	LTR	ERV1	GGLTR7B	NC_052571.1:5068971-5069566+	NC_052572.1:31378249-31378827-	13	59	0	122,130,136,145,156	103,111,117,127,138	1	4,5,6,7,8	36	36	576	13|12|1|2|1|1|15|8|1|2|1|2
GA	Galgal	LTR	ERV1	GGLTR7B	NC_052571.1:6144199-6144524-	NC_052571.1:7209558-7209901-	11	46	0	132,143,154,155,157	147,158,168,169,171	1	4,5,6,7,8	25	25	326	11|7|2|2|1|2|6|5|1|2|4|3
GA	Galgal	LTR	ERV1	GGLTR7B	NC_052571.1:6144199-6144524-	NC_052571.1:8998225-8998553-	7	37	0	123,132,148,154,157	138,147,163,169,172	1	1,2,3,4,5	35	35	317	7|5|1|2|2|1|4|6|1|1|3|4
GA	Galgal	LTR	ERV1	GGLTR7B	NC_052571.1:6144199-6144524-	NC_052571.1:7234726-7235056-	8	41	0	132,143,154,155,157	147,158,168,169,171	1	4,5,6,7,8	25	25	320	8|6|2|1|1|2|5|6|1|1|5|3
GA	Galgal	LTR	ERV1	GGLTR7A	NC_052532.1:81676943-81677553-	NC_052532.1:184155155-184155765+	10	40	0	484,497,500,516,536	484,497,500,516,536	1	6,7,8,9,10	53	53	610	10|10|0|0|0|0|9|6|0|4|0|1
GA	Galgal	LTR	ERV1	GGLTR7A	NC_052532.1:81676943-81677553-	NC_052538.1:8663003-8663612-	9	42	0	511,516,563,592,603	510,515,562,591,602	1	5,6,7,8,9	93	93	609	9|8|1|1|1|1|10|7|2|2|0|0
GA	Galgal	LTR	ERV1	GGLTR7-int	NC_052533.1:49682626-49684959-	NC_052571.1:6607650-6614014-	17	74	0	710,712,716,717,726	3012,3014,3018,3019,3028	1	13,14,15,16,17	17	17	768	17|9|0|1|2|4|14|13|2|4|6|2
GA	Galgal	LTR	ERV1	GGLTR7-int	NC_052533.1:49682626-49684959-	NC_052571.1:8037742-8041853+	25	114	0	1431,1433,1434,1449,1462	1532,1534,1535,1550,1563	1	11,12,13,14,15	32	32	1233	25|16|6|3|3|5|21|19|5|2|5|4
GA	Galgal	LTR	ERV1	GGLTR7B	NC_052571.1:6660926-6661520-	NC_052572.1:31378249-31378827-	15	58	0	140,148,154,163,164,166	103,111,117,126,127,129	1	2,3,4,5,6,7	27	27	556	15|10|3|3|6|1|8|5|3|2|0|2
GA	Galgal	LTR	ERV1	GGLTR7-int	NC_052533.1:52074654-52077165+	NC_052571.1:6906995-6909351-	22	106	0	1050,1052,1053,1054,1055,1056	894,896,897,898,899,900	1	3,4,5,6,7,8	7	7	1663	22|13|2|4|2|4|25|18|1|5|7|3
GA	Galgal	LTR	ERV1	GGLTR7-int	NC_052533.1:52074654-52077165+	NC_052571.1:4640194-4643725-	52	251	0	1052,1053,1054,1055,1056,1075	899,900,901,902,903,922	1	18,19,20,21,22,23	24	24	2289	52|35|6|9|6|12|58|34|4|12|5|18
GA	Galgal	LTR	ERV1	GGLTR7A	NC_052532.1:93540368-93540977+	NC_052571.1:4120162-4120771-	11	51	0	401,409,410,417,431	401,409,410,417,431	1	6,7,8,9,10	31	31	609	11|5|2|3|0|0|9|11|2|2|2|4
GA	Galgal	LTR	ERV1	GGLTR7A	NC_052532.1:93540368-93540977+	NC_052571.1:4113793-4114402+	11	51	0	401,409,410,417,431	401,409,410,417,431	1	6,7,8,9,10	31	31	596	11|5|2|3|0|0|9|11|2|2|2|4
GA	Galgal	LTR	ERV1	GGLTR7-int	NC_052533.1:52074654-52077165+	NC_052541.1:1409195-1412154+	26	129	0	1049,1052,1053,1054,1055	330,333,334,335,336	1	2,3,4,5,6	7	7	1561	26|11|5|3|4|7|36|14|4|9|4|6
GA	Galgal	LTR	ERV1	GGLTR11	NC_052564.1:2845052-2845556+	NC_052571.1:1275790-1276325-	16	70	0	119,121,69,75,84	102,108,117,149,151	1	1,2,3,4,5	50	50	463	16|13|3|7|6|3|6|9|1|3|1|2
GA	Galgal	LTR	ERV1	GGLTR7B	NC_052571.1:7074738-7075333-	NC_052572.1:31378249-31378827-	15	63	0	121,129,135,144,155	103,111,117,127,138	1	4,5,6,7,8	36	36	576	15|12|1|2|4|1|11|7|2|3|2|3
GA	Galgal	LTR	ERV1	GGLTR7-int	NC_052533.1:52074654-52077165+	NC_052571.1:1232668-1234285-	11	65	0	1007,1033,1050,1052,970	782,809,832,854,857	1	2,3,4,5,6	76	76	695	11|10|2|4|2|6|15|6|0|5|1|3
GA	Galgal	LTR	ERV1	GGLTR7-int	NC_052533.1:52074654-52077165+	NC_052571.1:4944534-4946235+	30	77	0	1050,1052,1053,1054,1055	111,113,114,115,116	1	4,5,6,7,8	6	6	891	30|9|2|1|2|5|15|5|0|5|2|1
GA	Galgal	LTR	ERV1	GGLTR7-int	NC_052533.1:52074654-52077165+	NC_052571.1:6211772-6213219-	16	68	0	1013,1050,1052,1053,1054	427,464,466,467,468	1	3,4,5,6,7	42	42	670	16|11|4|1|2|3|19|4|1|4|1|2
GA	Galgal	LTR	ERV1	GGLTR7A	NC_052532.1:95005798-95006405+	NC_052543.1:100936-101546-	6	24	0	111,149,151,29,87	113,151,153,31,89	1	1,2,3,4,5	123	123	608	6|1|1|0|1|1|7|6|0|0|0|1
GA	Galgal	LTR	ERV1	GGLTR7A	NC_052532.1:95005798-95006405+	NC_052571.1:4120162-4120771-	12	45	0	399,407,408,415,429	401,409,410,417,431	1	7,8,9,10,11	31	31	607	12|7|2|3|1|1|4|8|1|1|2|3
GA	Galgal	LTR	ERV1	GGLTR7A	NC_052532.1:95005798-95006405+	NC_052571.1:4113793-4114402+	12	45	0	399,407,408,415,429	401,409,410,417,431	1	7,8,9,10,11	31	31	593	12|7|2|3|1|1|4|8|1|1|2|3
GA	Galgal	LTR	ERV1	GGLTR7B	NC_052571.1:7225108-7225678-	NC_052572.1:31378249-31378827-	11	47	0	122,130,136,145,156	103,111,117,127,138	1	3,4,5,6,7	36	36	564	11|9|1|2|3|2|9|5|2|1|1|1
GA	Galgal	LTR	ERV1	GGLTR7B	NC_052571.1:8083963-8084517+	NC_052572.1:3802827-3803399-	25	80	0	106,117,124,125,140	108,119,126,127,139	1	4,5,6,7,8	32	32	554	25|12|2|4|1|4|6|21|2|2|1|0
GA	Galgal	LTR	ERV1	GGLTR7A	NC_052532.1:99898966-99899573+	NC_052571.1:6797527-6798139-	14	47	0	131,171,182,248,251	132,172,183,249,252	1	4,5,6,7,8	121	121	609	14|3|2|2|1|2|11|8|0|2|1|1
GA	Galgal	LTR	ERV1	GGLTR7-int	NC_052533.1:80449042-80453446+	NC_052539.1:11268247-11271904-	53	252	0	146,151,162,164,177	146,151,162,164,178	1	2,3,4,5,6	33	33	3663	53|37|7|12|17|10|44|36|11|8|5|12
GA	Galgal	LTR	ERV1	GGLTR7B	NC_052572.1:31352377-31352957+	NC_052572.1:52337599-52338196-	11	63	0	175,183,184,192,201	190,198,199,207,216	1	1,2,3,4,5	27	27	583	11|13|2|1|1|1|10|10|3|5|4|2
GA	Galgal	LTR	ERV1	GGLTR7B	NC_052572.1:31357883-31358210-	NC_052572.1:36614619-36614933+	9	31	0	23,26,34,36,49	10,13,21,23,36	1	1,2,3,4,5	27	27	314	9|8|1|1|1|0|2|8|0|0|0|1
GA	Galgal	LTR	ERV1	GGLTR7A	NC_052532.1:100498278-100498883-	NC_052571.1:4113793-4114402+	18	75	0	163,164,171,172,175	162,163,170,171,174	1	4,5,6,7,8	13	13	607	18|10|1|2|0|2|12|20|1|1|3|5
GA	Galgal	LTR	ERV1	GGLTR7A	NC_052532.1:100615859-100616446+	NC_052571.1:8122854-8123449-	12	58	0	269,270,273,287,320	276,277,280,294,326	1	6,7,8,9,10	51	51	568	12|5|0|2|4|3|12|9|0|1|3|7
GA	Galgal	LTR	ERV1	GGLTR7A	NC_052532.1:100615859-100616446+	NC_052571.1:8100481-8101070+	15	67	0	269,270,273,287,320	270,271,274,288,320	1	8,9,10,11,12	51	51	565	15|4|0|1|5|5|15|10|1|3|6|2
GA	Galgal	LTR	ERV1	GGLTR11	NC_052571.1:4242705-4243277-	NC_052571.1:7103874-7104213-	8	33	0	261,264,265,267,293	258,261,262,264,290	1	4,5,6,7,8	33	33	302	8|8|0|1|0|1|3|7|1|1|1|2
GA	Galgal	LTR	ERV1	GGLTR7A	NC_052532.1:101115809-101116418-	NC_052532.1:126526284-126526898+	16	60	0	269,273,276,287,289	270,274,277,290,292	1	7,8,9,10,11	23	23	606	16|9|0|2|2|2|17|9|0|2|1|0
GA	Galgal	LTR	ERV1	GGLTR7-int	NC_052533.1:95901005-95905900-	NC_052571.1:2887203-2889741-	14	109	0	3871,3889,3890,3899,3977	2092,2110,2111,2120,2198	1	10,11,12,13,14	107	107	2547	14|15|6|5|5|3|29|22|0|4|2|4
GA	Galgal	LTR	ERV1	GGLTR7A	NC_052532.1:102140284-102140895-	NC_052571.1:2399247-2399856+	14	41	0	328,337,359,368,372,378	326,335,357,366,370,376	1	6,7,8,9,10,11	51	51	610	14|4|0|1|0|2|7|8|3|2|0|0
GA	Galgal	LTR	ERV1	GGLTR7A	NC_052532.1:102140284-102140895-	NC_052571.1:6855668-6856285+	10	40	0	204,207,214,232,236	204,207,214,232,236	1	1,2,3,4,5	33	33	614	10|6|1|0|1|2|7|8|3|2|0|0
GA	Galgal	LTR	ERV1	GGLTR7A	NC_052532.1:102140284-102140895-	NC_052571.1:7821809-7822419+	13	46	0	204,207,214,233,236	204,207,214,233,236	1	3,4,5,6,7	33	33	610	13|3|1|1|3|3|7|8|5|2|0|0
GA	Galgal	LTR	ERV1	GGLTR7A	NC_052532.1:102140284-102140895-	NC_052535.1:18630528-18631134+	12	41	0	328,337,358,359,368	327,336,357,358,367	1	5,6,7,8,9	41	41	600	12|2|0|1|3|1|10|8|2|2|0|0
GA	Galgal	LTR	ERV1	GGLTR7A	NC_052532.1:102140284-102140895-	NC_052571.1:6797527-6798139-	17	47	0	183,204,214,236,252	183,204,214,236,252	1	5,6,7,8,9	70	70	611	17|4|2|0|2|0|7|9|2|3|1|0
GA	Galgal	LTR	ERV1	GGLTR7A	NC_052532.1:102140284-102140895-	NC_052572.1:73573984-73574587-	13	47	0	197,203,204,214,236	193,199,200,210,232	1	4,5,6,7,8	40	40	607	13|7|1|0|1|2|6|10|4|1|1|1
GA	Galgal	LTR	ERV1	GGLTR7A	NC_052532.1:102140284-102140895-	NC_052571.1:2817570-2818120-	13	35	0	337,359,368,372,378	276,298,307,311,317	1	7,8,9,10,11	42	42	541	13|0|0|1|3|1|4|9|3|0|1|0
GA	Galgal	LTR	ERV1	GGLTR7A	NC_052532.1:102140284-102140895-	NC_052571.1:2180644-2181173+	11	35	0	204,207,214,236,252	204,207,214,236,252	1	2,3,4,5,6	49	49	529	11|3|0|1|4|1|5|6|2|1|0|1
GA	Galgal	LTR	ERV1	GGLTR7A	NC_052532.1:102140284-102140895-	NC_052571.1:1534111-1534719-	14	58	0	204,207,214,229,236	203,206,213,228,235	1	6,7,8,9,10	33	33	591	14|5|1|2|2|2|13|13|3|1|1|1
GA	Galgal	LTR	ERV1	GGLTR7A	NC_052532.1:102140284-102140895-	NC_052532.1:114359142-114359753+	15	66	0	203,204,214,236,250	203,204,214,236,250	1	3,4,5,6,7	48	48	611	15|10|0|1|9|3|12|11|2|2|1|0
GA	Galgal	LTR	ERV1	GGLTR7A	NC_052532.1:102140284-102140895-	NC_052571.1:1969561-1970170-	20	58	0	204,207,214,229,236	203,206,213,228,235	1	7,8,9,10,11	33	33	584	20|6|2|1|2|1|10|12|2|1|1|0
GA	Galgal	LTR	ERV1	GGLTR7A	NC_052532.1:114278525-114279129-	NW_024095996.1:370441-371051+	10	51	0	241,247,257,263,264	249,255,265,271,272	1	5,6,7,8,9	24	24	603	10|4|2|0|2|2|10|12|0|7|1|1
GA	Galgal	LTR	ERV1	GGLTR7A	NC_052532.1:114968591-114969200-	NC_052535.1:21207973-21208582+	16	46	0	515,543,545,555,562	515,543,545,555,562	1	12,13,14,15,16	48	48	609	16|8|1|3|0|1|8|2|2|2|2|1
GA	Galgal	LTR	ERV1	GGLTR7A	NC_052532.1:114968591-114969200-	NC_052534.1:52527043-52527653-	14	49	0	496,508,543,555,562,566	497,509,544,556,563,567	1	9,10,11,12,13,14	71	71	604	14|11|1|0|1|1|6|6|3|2|2|2
GA	Galgal	LTR	ERV1	GGLTR7A	NC_052532.1:114968591-114969200-	NC_052532.1:184155155-184155765+	17	52	0	483,496,499,508,515	484,497,500,509,516	1	11,12,13,14,15	33	33	609	17|11|1|0|0|0|7|7|2|4|1|2
GA	Galgal	LTR	ERV1	GGLTR7A	NC_052532.1:114968591-114969200-	NC_052532.1:126526284-126526898+	18	48	0	269,273,276,287,289	270,274,277,290,292	1	7,8,9,10,11	23	23	606	18|7|1|0|0|0|9|8|2|1|1|1
GA	Galgal	LTR	ERV1	GGLTR7A	NC_052532.1:114968591-114969200-	NC_052571.1:5617313-5617922+	18	68	0	496,497,508,515,555,562	496,497,508,515,555,562	1	13,14,15,16,17,18	67	67	596	18|10|1|3|2|2|13|8|3|4|3|1
GA	Galgal	LTR	ERV1	GGLTR7A	NC_052532.1:114968591-114969200-	NC_052534.1:92053228-92053838+	16	62	0	508,515,535,555,562	509,516,536,556,563	1	12,13,14,15,16	55	55	574	16|10|0|3|2|0|10|13|3|2|2|1
GA	Galgal	LTR	ERV1	GGLTR7A	NC_052532.1:115226576-115227163-	NC_052571.1:8100481-8101070+	10	51	0	270,271,274,287,320	270,271,274,288,320	1	5,6,7,8,9	51	51	583	10|7|0|0|4|3|9|8|0|3|5|2
GA	Galgal	LTR	ERV1	GGLTR7-int	NC_052534.1:110582432-110584936+	NC_052571.1:4467740-4471823+	23	149	0	913,960,976,977,979	914,961,977,978,980	1	10,11,12,13,14	67	67	2495	23|22|2|7|12|7|25|22|6|13|2|8
GA	Galgal	LTR	ERV1	GGLTR7A	NC_052532.1:115226576-115227163-	NC_052571.1:8122854-8123449-	11	48	0	270,271,274,287,320	276,277,280,294,326	1	5,6,7,8,9	51	51	586	11|7|0|2|2|2|12|6|0|1|2|3
GA	Galgal	LTR	ERV1	GGLTR7-int	NC_052534.1:110582432-110584936+	NC_052571.1:4427385-4433761+	24	155	0	913,960,976,977,979	914,961,977,978,980	1	11,12,13,14,15	67	67	2495	24|27|2|7|12|8|24|22|6|13|2|8
GA	Galgal	LTR	ERV1	GGLTR7A	NC_052532.1:115226576-115227163-	NC_052532.1:126526284-126526898+	11	36	0	270,274,277,287,289	270,274,277,290,292	1	4,5,6,7,8	23	23	595	11|9|0|0|0|0|6|8|0|1|1|0
GA	Galgal	LTR	ERV1	GGLTR7-int	NC_052534.1:110582432-110584936+	NC_052571.1:8592361-8593788+	17	92	0	930,960,976,977,979	304,334,350,351,353	1	3,4,5,6,7	50	50	1259	17|15|1|4|7|5|16|12|4|3|5|3
GA	Galgal	LTR	ERV1	GGLTR7A	NC_052532.1:116474276-116474817+	NC_052543.1:100936-101546-	6	23	0	113,151,153,31,89	113,151,153,31,89	1	1,2,3,4,5	123	123	336	6|3|1|0|1|0|6|5|0|0|0|1
GA	Galgal	LTR	ERV1	GGLTR7A	NC_052532.1:120566809-120567418+	NC_052571.1:1976557-1977163-	8	21	0	370,385,408,409,492	367,382,405,406,489	1	3,4,5,6,7	123	123	607	8|2|0|0|0|0|3|7|0|0|0|1
GA	Galgal	LTR	ERV1	GGLTR7A	NC_052532.1:120566809-120567418+	NC_052571.1:4120162-4120771-	11	46	0	401,409,410,417,431	401,409,410,417,431	1	6,7,8,9,10	31	31	609	11|6|2|3|0|0|6|10|2|1|2|3
GA	Galgal	LTR	ERV1	GGLTR7A	NC_052532.1:120566809-120567418+	NC_052571.1:4113793-4114402+	11	46	0	401,409,410,417,431	401,409,410,417,431	1	6,7,8,9,10	31	31	596	11|6|2|3|0|0|6|10|2|1|2|3
GA	Galgal	LTR	ERV1	GGLTR7-int	NC_052535.1:18608440-18609664-	NC_052535.1:19469907-19471803-	31	136	0	768,769,772,778,779	1590,1591,1594,1600,1601	1	20,21,22,23,24	12	12	944	31|16|2|8|5|8|24|26|1|5|3|7
GA	Galgal	LTR	ERV1	GGLTR7-int	NC_052535.1:18608440-18609664-	NC_052535.1:19278106-19280008+	32	138	0	768,769,772,778,779	1607,1608,1611,1618,1619	1	21,22,23,24,25	13	13	944	32|16|2|8|7|7|25|27|0|5|2|7
GA	Galgal	LTR	ERV1	GGLTR7-int	NC_052535.1:18609672-18610899-	NC_052571.1:6429279-6429831-	10	58	0	503,531,559,563,566	257,285,313,317,320	1	6,7,8,9,10	64	64	550	10|4|2|4|1|4|9|15|2|2|2|3
GA	Galgal	LTR	ERV1	GGLTR7A	NC_052532.1:126526284-126526898+	NC_052571.1:6797527-6798139-	17	51	0	114,132,183,214,252	114,132,183,214,252	1	4,5,6,7,8	139	139	613	17|7|2|0|1|0|16|6|0|1|1|0
GA	Galgal	LTR	ERV1	GGLTR7A	NC_052532.1:127811556-127812164-	NC_052532.1:148474695-148475304+	18	58	0	369,376,377,400,407	370,377,378,401,408	1	8,9,10,11,12	39	39	582	18|5|0|3|2|0|11|9|1|4|3|2
GA	Galgal	LTR	ERV1	GGLTR7A	NC_052532.1:127811556-127812164-	NC_052572.1:81686579-81687194+	11	66	0	369,381,401,407,408	372,384,404,410,411	1	4,5,6,7,8	40	40	609	11|2|5|0|0|2|9|13|4|13|6|1
GA	Galgal	LTR	ERV1	GGLTR7A	NC_052532.1:127811556-127812164-	NC_052572.1:80164330-80164945+	11	66	0	369,381,401,407,408	372,384,404,410,411	1	4,5,6,7,8	40	40	609	11|2|5|0|0|2|9|13|4|13|6|1
GA	Galgal	LTR	ERV1	GGLTR7A	NC_052532.1:127811556-127812164-	NC_052572.1:80131775-80132390+	11	66	0	369,381,401,407,408	372,384,404,410,411	1	4,5,6,7,8	40	40	609	11|2|5|0|0|2|9|13|4|13|6|1
GA	Galgal	LTR	ERV1	GGLTR7A	NC_052532.1:127811556-127812164-	NC_052572.1:78538595-78539210-	11	67	0	369,381,401,407,408	372,384,404,410,411	1	4,5,6,7,8	40	40	609	11|2|5|0|0|2|9|14|4|13|6|1
GA	Galgal	LTR	ERV1	GGLTR7A	NC_052532.1:148114223-148114827-	NC_052571.1:1976557-1977163-	11	27	0	365,380,403,404,452	367,382,405,406,454	1	4,5,6,7,8	88	88	598	11|3|1|0|0|0|7|2|1|0|1|1
GA	Galgal	LTR	ERV1	GGLTR7A	NC_052532.1:148114223-148114827-	NC_052532.1:148474695-148475304+	13	45	0	396,403,412,426,452	401,408,417,431,457	1	6,7,8,9,10	57	57	599	13|7|0|2|1|1|11|5|1|0|1|3
GA	Galgal	LTR	ERV1	GGLTR7A	NC_052532.1:148114223-148114827-	NC_052571.1:4120162-4120771-	13	50	0	396,404,405,412,426,452	401,409,410,417,431,457	1	7,8,9,10,11,12	57	57	599	13|8|2|3|0|0|9|6|2|1|3|3
GA	Galgal	LTR	ERV1	GGLTR7A	NC_052532.1:148114223-148114827-	NC_052571.1:4113793-4114402+	13	50	0	396,404,405,412,426,452	401,409,410,417,431,457	1	7,8,9,10,11,12	57	57	599	13|8|2|3|0|0|9|6|2|1|3|3
GA	Galgal	LTR	ERV1	GGLTR7A	NC_052532.1:148985884-148986492-	NC_052538.1:8663003-8663612-	9	41	0	514,542,544,561,590	515,543,545,562,591	1	5,6,7,8,9	77	77	599	9|6|1|1|1|2|9|7|2|1|0|2
GA	Galgal	LTR	ERV1	GGLTR7A	NC_052532.1:148985884-148986492-	NC_052535.1:18754346-18754955-	13	62	0	514,540,542,561,589	515,541,543,562,590	1	9,10,11,12,13	76	76	595	13|11|0|2|1|1|15|11|0|2|3|3
GA	Galgal	LTR	ERV1	GGLTR7-int	NC_052536.1:3291720-3292779+	NW_024095983.1:113168-114913-	10	76	0	665,668,677,683,684	190,193,202,208,209	1	4,5,6,7,8	20	20	579	10|7|3|2|3|8|15|8|6|7|1|6
GA	Galgal	LTR	ERV1	GGLTR7A	NC_052532.1:149061281-149061881+	NC_052532.1:184260088-184260702-	13	57	0	357,362,371,373,378	361,366,375,377,382	1	4,5,6,7,8	22	22	607	13|11|0|2|1|3|13|9|0|3|1|1
GA	Galgal	LTR	ERV1	GGLTR7A	NC_052532.1:149220760-149221370-	NC_052571.1:4120162-4120771-	13	51	0	402,410,411,418,432	401,409,410,417,431	1	8,9,10,11,12	31	31	609	13|6|2|2|0|1|8|9|1|1|3|5
GA	Galgal	LTR	ERV1	GGLTR7A	NC_052532.1:149220760-149221370-	NC_052571.1:4113793-4114402+	13	51	0	402,410,411,418,432	401,409,410,417,431	1	8,9,10,11,12	31	31	596	13|6|2|2|0|1|8|9|1|1|3|5
GA	Galgal	LTR	ERV1	GGLTR7A	NC_052532.1:149753885-149754493+	NC_052571.1:2049912-2050520-	13	49	0	317,319,325,327,356	316,318,324,326,355	1	7,8,9,10,11	40	40	595	13|7|0|1|0|1|12|10|1|0|3|1
GA	Galgal	LTR	ERV1	GGLTR7-int	NC_052537.1:329412-330302-	NC_052571.1:6772112-6772943+	22	77	0	496,505,516,519,529,552	493,502,513,516,526,548	1	12,13,14,15,16,17	56	56	668	22|16|5|6|6|4|8|3|1|2|0|4
GA	Galgal	LTR	ERV1	GGLTR7A	NC_052532.1:149893053-149893597+	NC_052532.1:149964317-149964930-	10	27	0	115,131,169,79,88	115,131,169,79,88	1	1,2,3,4,5	91	91	543	10|2|1|2|0|1|4|4|2|0|0|1
GA	Galgal	LTR	ERV1	GGLTR7A	NC_052532.1:149893053-149893597+	NC_052571.1:8697126-8697735-	10	35	0	115,131,169,79,88	115,131,169,79,88	1	1,2,3,4,5	91	91	542	10|1|1|1|0|2|9|8|0|1|0|2
GA	Galgal	LTR	ERV1	GGLTR7A	NC_052532.1:149893053-149893597+	NC_052534.1:69480250-69480860+	12	40	0	115,169,79,80,88	115,169,79,80,88	1	1,2,3,4,5	91	91	542	12|5|2|1|1|2|8|7|1|0|0|1
GA	Galgal	LTR	ERV1	GGLTR7A	NC_052532.1:149893053-149893597+	NC_052571.1:6797527-6798139-	16	43	0	114,115,132,169,183	114,115,132,169,183	1	3,4,5,6,7	70	70	542	16|3|4|1|0|1|8|7|1|1|0|1
GA	Galgal	LTR	ERV1	GGLTR7A	NC_052532.1:149893053-149893597+	NC_052572.1:5353887-5354483+	9	28	0	115,132,169,79,88	100,117,154,64,73	1	1,2,3,4,5	91	91	489	9|2|1|1|0|1|7|4|2|0|0|1
GA	Galgal	LTR	ERV1	GGLTR7-int	NC_052537.1:633760-634651-	NC_052571.1:6772112-6772943+	22	78	0	497,506,517,520,530,553	493,502,513,516,526,548	1	12,13,14,15,16,17	56	56	668	22|16|5|7|6|4|8|3|1|2|0|4
GA	Galgal	LTR	ERV1	GGLTR7-int	NC_052537.1:806205-807097-	NC_052571.1:6772112-6772943+	22	78	0	497,506,517,520,530,554	493,502,513,516,526,548	1	12,13,14,15,16,17	56	56	669	22|16|5|7|6|4|8|3|1|2|0|4
GA	Galgal	LTR	ERV1	GGLTR7-int	NC_052537.1:927405-928297-	NC_052571.1:6772112-6772943+	22	78	0	497,506,517,520,530,553	493,502,513,516,526,548	1	12,13,14,15,16,17	56	56	668	22|16|5|7|6|4|8|3|1|2|0|4
GA	Galgal	LTR	ERV1	GGLTR7-int	NC_052537.1:956537-957428+	NC_052571.1:6772112-6772943+	22	79	0	497,506,517,520,530,554	493,502,513,516,526,548	1	12,13,14,15,16,17	56	56	669	22|16|5|7|6|4|9|3|1|2|0|4
GA	Galgal	LTR	ERV1	GGLTR7A	NC_052532.1:150072351-150072966-	NC_052562.1:788031-788641-	13	54	0	270,288,302,307,314	270,288,302,307,314	1	8,9,10,11,12	45	45	612	13|8|2|4|1|0|13|7|1|1|2|2
GA	Galgal	LTR	ERV1	GGLTR7A	NC_052532.1:150521237-150521841+	NC_052572.1:30492835-30493444-	15	68	0	265,282,284,292,313,321	269,286,288,296,317,325	1	3,4,5,6,7,8	57	57	606	15|14|2|2|2|1|14|9|1|2|3|3
GA	Galgal	LTR	ERV1	GGLTR7A	NC_052532.1:150521237-150521841+	NC_052532.1:151729110-151729714-	15	55	0	260,266,268,282,289	265,271,273,289,296	1	6,7,8,9,10	32	32	526	15|11|2|2|0|1|10|6|1|2|2|3
GA	Galgal	LTR	ERV1	GGLTR7-int	NC_052537.1:1076643-1077533-	NC_052571.1:6772112-6772943+	23	80	0	497,506,517,520,530,553	493,502,513,516,526,548	1	13,14,15,16,17,18	56	56	668	23|16|5|6|6|4|8|3|2|2|0|5
GA	Galgal	LTR	ERV1	GGLTR7A	NC_052532.1:151098028-151098639-	NC_052532.1:184260088-184260702-	16	71	0	339,342,357,371,378	343,346,361,375,382	1	6,7,8,9,10	40	40	612	16|7|0|2|3|0|15|12|1|4|6|5
GA	Galgal	LTR	ERV1	GGLTR7A	NC_052532.1:151098028-151098639-	NC_052571.1:2049912-2050520-	15	70	0	319,321,327,339,342	316,318,324,336,339	1	8,9,10,11,12	24	24	596	15|8|0|2|2|0|16|15|3|1|4|4
GA	Galgal	LTR	ERV1	GGLTR7A	NC_052532.1:151987125-151987736-	NC_052572.1:30321172-30321782+	20	52	0	367,371,382,383,410,433,467	367,371,382,383,409,432,466	1	8,9,10,11,12,13,14	100	100	610	20|7|1|2|2|2|7|7|0|2|0|2
GA	Galgal	LTR	ERV1	GGLTR7A	NC_052532.1:151987125-151987736-	NC_052571.1:2049912-2050520-	16	56	0	314,319,321,327,329	311,316,318,324,326	1	8,9,10,11,12	16	16	596	16|9|1|2|0|1|12|11|1|1|1|1
GA	Galgal	LTR	ERV1	GGLTR7A	NC_052532.1:152018132-152018709+	NC_052543.1:100936-101546-	6	35	0	100,138,18,60,76	113,151,31,73,89	1	1,2,3,4,5	121	121	587	6|2|1|0|0|0|14|9|1|1|0|1
GA	Galgal	LTR	ERV1	GGLTR7-int	NC_052539.1:5100599-5101434+	NC_052571.1:4885727-4886481+	17	88	0	399,410,418,429,456	347,358,366,377,404	1	6,7,8,9,10	58	58	688	17|10|3|2|4|7|17|9|0|9|4|6
GA	Galgal	LTR	ERV1	GGLTR7-int	NC_052539.1:5100599-5101434+	NC_052571.1:6772112-6772943+	23	83	0	418,428,429,452,456	492,502,503,526,530	1	10,11,12,13,14	39	39	596	23|8|3|2|5|6|13|7|1|7|1|7
GA	Galgal	LTR	ERV1	GGLTR7-int	NC_052539.1:8763140-8764228-	NC_052571.1:4860806-4866362+	37	155	0	547,548,549,559,561	2507,2508,2509,2519,2521	1	14,15,16,17,18	15	15	979	37|40|8|7|13|4|17|11|2|5|5|6
GA	Galgal	LTR	ERV1	GGLTR7-int	NC_052539.1:8763140-8764228-	NC_052571.1:7968294-7968904-	29	80	0	617,623,626,635,636	142,147,151,161,162	1	10,11,12,13,14	21	21	612	29|16|4|3|4|3|7|6|3|2|1|2
GA	Galgal	LTR	ERV1	GGLTR7-int	NC_052539.1:8773489-8774577-	NC_052571.1:4860806-4866362+	37	155	0	547,548,549,559,561	2507,2508,2509,2519,2521	1	14,15,16,17,18	15	15	979	37|40|8|7|13|4|17|11|2|5|5|6
GA	Galgal	LTR	ERV1	GGLTR7-int	NC_052539.1:8773489-8774577-	NC_052571.1:7968294-7968904-	29	80	0	617,623,626,635,636	142,147,151,161,162	1	10,11,12,13,14	21	21	612	29|16|4|3|4|3|7|6|3|2|1|2
GA	Galgal	LTR	ERV1	GGLTR7-int	NC_052539.1:8783848-8784936-	NC_052571.1:4860806-4866362+	37	155	0	547,548,549,559,561	2507,2508,2509,2519,2521	1	14,15,16,17,18	15	15	979	37|40|8|7|13|4|17|11|2|5|5|6
GA	Galgal	LTR	ERV1	GGLTR7-int	NC_052539.1:8783848-8784936-	NC_052571.1:7968294-7968904-	29	80	0	617,623,626,635,636	142,147,151,161,162	1	10,11,12,13,14	21	21	612	29|16|4|3|4|3|7|6|3|2|1|2
GA	Galgal	LTR	ERV1	GGLTR7-int	NC_052539.1:8794202-8795851-	NC_052571.1:4860806-4866362+	37	155	0	1108,1109,1110,1120,1122	2507,2508,2509,2519,2521	1	14,15,16,17,18	15	15	979	37|40|8|7|13|4|17|11|2|5|5|6
GA	Galgal	LTR	ERV1	GGLTR7-int	NC_052539.1:8794202-8795851-	NC_052571.1:7968294-7968904-	29	80	0	1178,1184,1187,1196,1197	142,147,151,161,162	1	10,11,12,13,14	21	21	612	29|16|4|3|4|3|7|6|3|2|1|2
GA	Galgal	LTR	ERV1	GGLTR7-int	NC_052539.1:8804553-8805641-	NC_052571.1:4860806-4866362+	37	155	0	547,548,549,559,561	2507,2508,2509,2519,2521	1	14,15,16,17,18	15	15	979	37|40|8|7|13|4|17|11|2|5|5|6
GA	Galgal	LTR	ERV1	GGLTR7-int	NC_052539.1:8804553-8805641-	NC_052571.1:7968294-7968904-	29	81	0	617,623,626,635,636	142,147,151,161,162	1	10,11,12,13,14	21	21	612	29|17|4|3|4|3|7|6|3|2|1|2
GA	Galgal	LTR	ERV1	GGLTR7-int	NC_052539.1:9003458-9004546-	NC_052571.1:4860806-4866362+	38	154	0	547,548,549,559,561	2507,2508,2509,2519,2521	1	14,15,16,17,18	15	15	979	38|38|8|7|11|5|18|10|2|5|5|7
GA	Galgal	LTR	ERV1	GGLTR7-int	NC_052539.1:9012608-9013696-	NC_052571.1:4860806-4866362+	37	154	0	547,548,549,559,561	2507,2508,2509,2519,2521	1	13,14,15,16,17	15	15	979	37|38|8|7|11|6|18|10|2|5|5|7
GA	Galgal	LTR	ERV1	GGLTR7-int	NC_052539.1:9195166-9196254-	NC_052571.1:4860806-4866362+	37	151	0	547,548,549,559,561	2507,2508,2509,2519,2521	1	13,14,15,16,17	15	15	979	37|37|8|7|11|5|17|10|2|5|5|7
GA	Galgal	LTR	ERV1	GGLTR7-int	NC_052539.1:9195166-9196254-	NC_052571.1:7968294-7968904-	30	81	0	617,623,626,635,636	142,147,151,161,162	1	11,12,13,14,15	21	21	612	30|15|4|3|4|3|7|6|3|2|1|3
GA	Galgal	LTR	ERV1	GGLTR7-int	NC_052539.1:9720200-9722251+	NC_052571.1:4860806-4866362+	56	214	0	1510,1511,1512,1522,1524	2507,2508,2509,2519,2521	1	32,33,34,35,36	15	15	1449	56|50|12|11|15|6|25|12|5|7|8|7
GA	Galgal	LTR	ERV1	GGLTR7-int	NC_052539.1:9720200-9722251+	NW_024095983.1:113168-114913-	65	229	0	1510,1511,1512,1522,1524,659,660,661,668,674,675,683,778,786,787,788,792	193,194,195,202,208,209,217,302,306,307,308,312,970,971,972,981,983	3	7,8,9,10,11,12,13,16,17,18,19,20,40,41,42,43,44	50	791	1448	65|43|11|15|14|9|21|17|6|10|6|12
GA	Galgal	LTR	ERV1	GGLTR7-int	NC_052539.1:9720200-9722251+	NC_052571.1:4467740-4471823+	42	179	0	1510,1511,1512,1522,1524	2472,2473,2474,2483,2485	1	15,16,17,18,19	14	14	1103	42|38|9|10|13|8|20|14|3|10|6|6
GA	Galgal	LTR	ERV1	GGLTR7-int	NC_052539.1:9720200-9722251+	NC_052571.1:4427385-4433761+	42	179	0	1510,1511,1512,1522,1524	2472,2473,2474,2483,2485	1	15,16,17,18,19	14	14	1103	42|38|9|10|13|8|20|14|3|10|6|6
GA	Galgal	LTR	ERV1	GGLTR7-int	NC_052539.1:9720200-9722251+	NC_052571.1:4640194-4643725-	44	172	0	1510,1511,1512,1522,1524	1676,1677,1678,1688,1690	1	19,20,21,22,23	15	15	1099	44|33|11|12|12|6|19|11|5|6|5|8
GA	Galgal	LTR	ERV1	GGLTR7-int	NC_052539.1:9720200-9722251+	NC_052571.1:7968294-7968904-	30	80	0	1580,1586,1589,1598,1599	142,147,151,161,162	1	11,12,13,14,15	21	21	612	30|14|4|3|4|3|7|7|3|2|1|2
GA	Galgal	LTR	ERV1	GGLTR7A	NC_052532.1:158432199-158432808-	NC_052572.1:30321172-30321782+	14	47	0	367,371,382,383,409	367,371,382,383,409	1	4,5,6,7,8	43	43	600	14|8|1|2|2|3|5|8|0|2|0|2
GA	Galgal	LTR	ERV1	GGLTR7-int	NC_052539.1:9730802-9732852+	NC_052571.1:4860806-4866362+	64	258	0	1509,1510,1511,1521,1523	2507,2508,2509,2519,2521	1	40,41,42,43,44	15	15	1669	64|59|17|13|21|7|29|14|7|8|10|9
GA	Galgal	LTR	ERV1	GGLTR7-int	NC_052539.1:9730802-9732852+	NW_024095983.1:113168-114913-	65	229	0	1509,1510,1511,1521,1523,658,659,660,667,673,674,682,777,785,786,787,791	193,194,195,202,208,209,217,302,306,307,308,312,970,971,972,981,983	3	7,8,9,10,11,12,13,16,17,18,19,20,40,41,42,43,44	50	791	1448	65|43|11|15|14|9|21|17|6|10|6|12
GA	Galgal	LTR	ERV1	GGLTR7-int	NC_052539.1:9730802-9732852+	NC_052571.1:4467740-4471823+	42	179	0	1509,1510,1511,1521,1523	2472,2473,2474,2483,2485	1	15,16,17,18,19	14	14	1103	42|38|9|10|13|8|20|14|3|10|6|6
GA	Galgal	LTR	ERV1	GGLTR7-int	NC_052539.1:9730802-9732852+	NC_052571.1:4427385-4433761+	42	179	0	1509,1510,1511,1521,1523	2472,2473,2474,2483,2485	1	15,16,17,18,19	14	14	1103	42|38|9|10|13|8|20|14|3|10|6|6
GA	Galgal	LTR	ERV1	GGLTR7-int	NC_052539.1:9730802-9732852+	NC_052571.1:4640194-4643725-	44	172	0	1509,1510,1511,1521,1523	1676,1677,1678,1688,1690	1	19,20,21,22,23	15	15	1099	44|33|11|12|12|6|19|11|5|6|5|8
GA	Galgal	LTR	ERV1	GGLTR7-int	NC_052539.1:9730802-9732852+	NC_052571.1:7968294-7968904-	30	80	0	1579,1585,1588,1597,1598	142,147,151,161,162	1	11,12,13,14,15	21	21	612	30|14|4|3|4|3|7|7|3|2|1|2
GA	Galgal	LTR	ERV1	GGLTR7-int	NC_052539.1:9744975-9747025+	NC_052571.1:4860806-4866362+	64	258	0	1509,1510,1511,1521,1523	2507,2508,2509,2519,2521	1	40,41,42,43,44	15	15	1669	64|59|17|13|21|7|29|14|7|8|10|9
GA	Galgal	LTR	ERV1	GGLTR7-int	NC_052539.1:9744975-9747025+	NW_024095983.1:113168-114913-	65	229	0	1509,1510,1511,1521,1523,658,659,660,667,673,674,682,777,784,785,786,790	193,194,195,202,208,209,217,302,306,307,308,312,970,971,972,981,983	3	7,8,9,10,11,12,13,16,17,18,19,20,40,41,42,43,44	50	791	1448	65|43|11|15|14|9|21|17|6|10|6|12
GA	Galgal	LTR	ERV1	GGLTR7-int	NC_052539.1:9744975-9747025+	NC_052571.1:4467740-4471823+	42	179	0	1509,1510,1511,1521,1523	2472,2473,2474,2483,2485	1	15,16,17,18,19	14	14	1104	42|38|9|10|13|8|20|14|3|10|6|6
GA	Galgal	LTR	ERV1	GGLTR7-int	NC_052539.1:9744975-9747025+	NC_052571.1:4427385-4433761+	42	179	0	1509,1510,1511,1521,1523	2472,2473,2474,2483,2485	1	15,16,17,18,19	14	14	1104	42|38|9|10|13|8|20|14|3|10|6|6
GA	Galgal	LTR	ERV1	GGLTR7-int	NC_052539.1:9744975-9747025+	NC_052571.1:4640194-4643725-	44	172	0	1509,1510,1511,1521,1523	1676,1677,1678,1688,1690	1	19,20,21,22,23	15	15	1100	44|33|11|12|12|6|19|11|5|6|5|8
GA	Galgal	LTR	ERV1	GGLTR7-int	NC_052539.1:9744975-9747025+	NC_052571.1:7968294-7968904-	30	80	0	1579,1585,1588,1597,1598	142,147,151,161,162	1	11,12,13,14,15	21	21	612	30|14|4|3|4|3|7|7|3|2|1|2
GA	Galgal	LTR	ERV1	GGLTR7A	NC_052532.1:158669902-158670519-	NC_052571.1:6797527-6798139-	15	48	0	112,121,130,190,211	114,123,132,183,204	1	4,5,6,7,8	91	91	613	15|8|3|0|1|1|10|7|0|1|1|1
GA	Galgal	LTR	ERV1	GGLTR7A	NC_052532.1:159966730-159967331-	NC_052571.1:1969561-1970170-	12	30	0	358,377,400,401,413	366,385,408,409,421	1	6,7,8,9,10	56	56	605	12|0|2|0|0|1|5|8|0|0|1|1
GA	Galgal	LTR	ERV1	GGLTR7A	NC_052532.1:159966730-159967331-	NC_052571.1:1976557-1977163-	12	32	0	362,377,400,401,413	367,382,405,406,418	1	5,6,7,8,9	52	52	603	12|1|1|0|0|1|5|9|0|0|1|2
GA	Galgal	LTR	ERV1	GGLTR7A	NC_052532.1:159966730-159967331-	NC_052571.1:837079-837678-	8	27	0	382,394,400,413,423	390,402,408,421,431	1	4,5,6,7,8	42	42	600	8|1|0|0|1|1|5|7|0|1|2|1
GA	Galgal	LTR	ERV1	GGLTR7A	NC_052532.1:159966730-159967331-	NC_052571.1:4120162-4120771-	14	54	0	393,401,402,409,413,423	401,409,410,417,421,431	1	8,9,10,11,12,13	31	31	605	14|6|2|3|0|1|7|13|1|1|3|3
GA	Galgal	LTR	ERV1	GGLTR7A	NC_052532.1:159966730-159967331-	NC_052571.1:4113793-4114402+	14	54	0	393,401,402,409,413,423	401,409,410,417,421,431	1	8,9,10,11,12,13	31	31	592	14|6|2|3|0|1|7|13|1|1|3|3
GA	Galgal	LTR	ERV1	GGLTR7A	NC_052532.1:159966730-159967331-	NC_052535.1:77486321-77486929+	16	58	0	400,409,411,413,423	407,416,418,420,430	1	10,11,12,13,14	24	24	561	16|7|0|5|1|2|8|11|1|1|4|2
GA	Galgal	LTR	ERV1	GGLTR7A	NC_052532.1:160119899-160120508+	NC_052571.1:4120162-4120771-	15	52	0	402,410,411,418,422	401,409,410,417,421	1	8,9,10,11,12	21	21	608	15|7|4|3|0|2|7|7|1|1|2|3
GA	Galgal	LTR	ERV1	GGLTR7A	NC_052532.1:160119899-160120508+	NC_052571.1:4113793-4114402+	15	52	0	402,410,411,418,422	401,409,410,417,421	1	8,9,10,11,12	21	21	595	15|7|4|3|0|2|7|7|1|1|2|3
GA	Galgal	LTR	ERV1	GGLTR7-int	NC_052539.1:11266144-11268251-	NC_052571.1:2887203-2889741-	26	153	0	1394,1412,1413,1422,1427	2092,2110,2111,2120,2125	1	17,18,19,20,21	34	34	1825	26|23|8|5|6|2|29|28|4|9|5|8
GA	Galgal	LTR	ERV1	GGLTR7A	NC_052532.1:179839839-179840471-	NC_052535.1:62622182-62622792-	12	41	0	306,326,335,388,392	307,327,336,367,371	1	5,6,7,8,9	65	65	621	12|9|1|0|0|1|7|7|1|1|1|1
GA	Galgal	LTR	ERV1	GGLTR7-int	NC_052539.1:11268247-11271904-	NW_024095983.1:113168-114913-	22	117	0	1695,1698,1707,1713,1714	190,193,202,208,209	1	5,6,7,8,9	20	20	1731	22|10|5|6|2|5|25|19|3|8|6|6
GA	Galgal	LTR	ERV1	GGLTR7-int	NC_052539.1:11268247-11271904-	NC_052571.1:6246315-6251388+	21	104	0	1884,1901,1904,1927,1938	611,628,631,654,665	1	11,12,13,14,15	55	55	1296	21|14|4|10|1|4|26|10|2|4|5|3
GA	Galgal	LTR	ERV1	GGLTR7-int	NC_052541.1:193079-193965-	NC_052571.1:6772112-6772943+	20	77	0	497,506,517,520,530,553	493,502,513,516,526,548	1	10,11,12,13,14,15	56	56	668	20|16|5|5|7|4|8|3|1|3|0|5
GA	Galgal	LTR	ERV1	GGLTR7-int	NC_052541.1:343532-344419-	NC_052571.1:6772112-6772943+	20	77	0	497,506,517,520,530,553	493,502,513,516,526,548	1	10,11,12,13,14,15	56	56	668	20|16|5|5|7|4|8|3|1|3|0|5
GA	Galgal	LTR	ERV1	GGLTR7A	NC_052532.1:184260088-184260702-	NC_052532.1:192651087-192651696-	14	67	0	118,125,131,132,89	117,124,130,131,88	1	3,4,5,6,7	44	44	598	14|8|3|3|2|3|16|11|0|1|3|3
GA	Galgal	LTR	ERV1	GGLTR7-int	NC_052541.1:441681-442569-	NC_052571.1:6772112-6772943+	20	78	0	497,506,517,520,530,553	493,502,513,516,526,548	1	10,11,12,13,14,15	56	56	668	20|16|5|6|7|4|8|3|1|3|0|5
GA	Galgal	LTR	ERV1	GGLTR7A	NC_052532.1:187948001-187948591-	NC_052538.1:8663003-8663612-	10	38	0	491,524,526,572,583	510,543,545,591,602	1	6,7,8,9,10	93	93	599	10|8|2|1|2|1|4|6|2|1|0|1
GA	Galgal	LTR	ERV1	GGLTR7A	NC_052532.1:187948001-187948591-	NC_052571.1:5622767-5623376+	13	47	0	164,173,178,208,215	162,171,176,206,213	1	5,6,7,8,9	52	52	591	13|10|2|1|2|0|8|6|0|3|1|1
GA	Galgal	LTR	ERV1	GGLTR7A	NC_052532.1:188118997-188119592+	NC_052535.1:18754346-18754955-	8	34	0	501,527,529,576,582	515,541,543,590,596	1	4,5,6,7,8	82	82	595	8|10|2|0|1|3|4|5|0|0|1|0
GA	Galgal	LTR	ERV1	GGLTR7A	NC_052532.1:188118997-188119592+	NC_052571.1:4120162-4120771-	15	56	0	387,395,396,403,417	401,409,410,417,431	1	8,9,10,11,12	31	31	595	15|11|3|3|1|3|4|9|1|1|2|3
GA	Galgal	LTR	ERV1	GGLTR7A	NC_052532.1:188118997-188119592+	NC_052571.1:4113793-4114402+	15	56	0	387,395,396,403,417	401,409,410,417,431	1	8,9,10,11,12	31	31	595	15|11|3|3|1|3|4|9|1|1|2|3
GA	Galgal	LTR	ERV1	GGLTR7A	NC_052532.1:188118997-188119592+	NC_052538.1:8663003-8663612-	19	72	0	496,501,529,531,577,582,588	510,515,543,545,591,596,602	1	13,14,15,16,17,18,19	93	93	595	19|15|2|2|3|4|11|10|2|3|1|0
GA	Galgal	LTR	ERV1	GGLTR7-int	NC_052541.1:603545-605871-	NC_052571.1:4648087-4650958-	49	209	0	1790,1799,1802,1823,1829	2310,2319,2322,2352,2358	1	35,36,37,38,39	49	49	1410	49|29|7|11|12|8|40|24|9|7|8|5
GA	Galgal	LTR	ERV1	GGLTR7-int	NC_052541.1:1409195-1412154+	NC_052571.1:9061300-9066868+	38	170	0	244,250,256,274,281	1610,1616,1622,1650,1657	1	2,3,4,5,6	48	48	1642	38|16|8|7|8|11|39|20|5|4|4|10
GA	Galgal	LTR	ERV1	GGLTR7-int	NC_052541.1:1409195-1412154+	NC_052571.1:7471877-7474974-	41	173	0	244,250,256,270,274,277	1621,1627,1633,1647,1652,1655	1	4,5,6,7,8,9	35	35	1648	41|20|7|8|11|7|33|21|2|3|11|9
GA	Galgal	LTR	ERV1	GGLTR7-int	NC_052541.1:1409195-1412154+	NC_052571.1:3723916-3727502-	37	165	0	244,250,256,274,281	1616,1622,1628,1656,1663	1	5,6,7,8,9	48	48	1639	37|20|7|8|8|11|32|15|3|8|4|12
GA	Galgal	LTR	ERV1	GGLTR7-int	NC_052541.1:1409195-1412154+	NC_052571.1:8757597-8762430+	38	175	0	244,245,256,274,277,281	214,215,226,254,257,261	1	5,6,7,8,9,10	48	48	1625	38|18|4|11|10|7|32|24|6|5|6|14
GA	Galgal	LTR	ERV1	GGLTR7-int	NC_052541.1:1409195-1412154+	NC_052571.1:7355525-7358728+	40	167	0	244,250,256,274,281	1612,1618,1624,1652,1659	1	4,5,6,7,8	48	48	1622	40|14|6|7|5|13|34|19|6|4|8|11
GA	Galgal	LTR	ERV1	GGLTR7-int	NC_052541.1:1409195-1412154+	NC_052571.1:6425287-6429268-	21	116	0	2826,2838,2845,2856,2867	1807,1819,1826,1837,1848	1	14,15,16,17,18	42	42	1307	21|21|6|10|3|5|21|14|2|4|5|4
GA	Galgal	LTR	ERV1	GGLTR7-int	NC_052541.1:1409195-1412154+	NC_052571.1:3837690-3842544+	22	128	0	2825,2826,2838,2844,2867	2705,2706,2718,2724,2747	1	15,16,17,18,19	43	43	1304	22|17|8|8|4|6|22|23|4|4|5|5
GA	Galgal	LTR	ERV1	GGLTR7-int	NC_052541.1:1409195-1412154+	NC_052571.1:5980543-5983846+	27	128	0	2788,2826,2838,2851,2856,2867	1112,1150,1162,1175,1180,1191	1	18,19,20,21,22,23	80	80	1286	27|20|6|10|4|6|23|16|1|6|4|5
GA	Galgal	LTR	ERV1	GGLTR7-int	NC_052541.1:1409195-1412154+	NC_052571.1:6030040-6033343-	27	129	0	2788,2826,2838,2851,2856,2867	1112,1150,1162,1175,1180,1191	1	18,19,20,21,22,23	80	80	1286	27|20|7|10|4|6|23|16|1|6|4|5
GA	Galgal	LTR	ERV1	GGLTR7-int	NC_052541.1:1409195-1412154+	NC_052571.1:8450951-8455607-	26	137	0	2838,2854,2856,2862,2867	2516,2532,2534,2540,2545	1	16,17,18,19,20	30	30	1305	26|20|6|12|5|8|24|18|3|5|6|4
GA	Galgal	LTR	ERV1	GGLTR7-int	NC_052541.1:1409195-1412154+	NC_052571.1:3814352-3818327-	26	132	0	2807,2826,2838,2843,2845	2412,2431,2443,2448,2450	1	17,18,19,20,21	39	39	1300	26|19|8|7|4|6|18|25|3|3|5|8
GA	Galgal	LTR	ERV1	GGLTR7-int	NC_052541.1:1409195-1412154+	NC_052571.1:8779457-8781332-	20	117	0	2838,2845,2854,2856,2867	1758,1765,1774,1776,1787	1	15,16,17,18,19	30	30	1150	20|13|9|7|4|3|25|21|1|4|3|7
GA	Galgal	LTR	ERV1	GGLTR7-int	NC_052541.1:1409195-1412154+	NC_052571.1:8823517-8826616-	26	125	0	2826,2836,2838,2841,2851	1023,1034,1036,1039,1048	1	15,16,17,18,19	26	26	1159	26|18|5|13|2|5|18|21|0|4|4|9
GA	Galgal	LTR	ERV1	GGLTR7-int	NC_052543.1:54316-55074-	NC_052571.1:6772112-6772943+	21	77	0	497,506,517,520,530,553	493,502,513,516,526,548	1	11,12,13,14,15,16	56	56	668	21|16|5|6|7|4|8|3|1|2|0|4
GA	Galgal	LTR	ERV1	GGLTR7A	NC_052533.1:64035730-64036305-	NC_052543.1:100936-101546-	6	31	0	113,149,151,31,89	113,149,151,31,89	1	1,2,3,4,5	121	121	583	6|3|1|0|0|0|9|10|0|0|1|1
GA	Galgal	LTR	ERV1	GGLTR7A	NC_052533.1:64035730-64036305-	NC_052571.1:4120162-4120771-	11	42	0	380,388,389,396,410	401,409,410,417,431	1	6,7,8,9,10	31	31	582	11|6|1|3|0|0|5|7|0|2|4|3
GA	Galgal	LTR	ERV1	GGLTR7A	NC_052533.1:64035730-64036305-	NC_052571.1:4113793-4114402+	11	42	0	380,388,389,396,410	401,409,410,417,431	1	6,7,8,9,10	31	31	569	11|6|1|3|0|0|5|7|0|2|4|3
GA	Galgal	LTR	ERV1	GGLTR7A	NC_052533.1:64035730-64036305-	NC_052571.1:1588881-1589469-	13	59	0	379,380,381,387,396	379,380,381,387,396	1	7,8,9,10,11	18	18	545	13|10|1|1|1|1|15|10|0|3|3|1
GA	Galgal	LTR	ERV1	GGLTR7A	NC_052533.1:64035730-64036305-	NC_052571.1:1407048-1407636-	13	59	0	379,380,381,387,396	379,380,381,387,396	1	7,8,9,10,11	18	18	545	13|10|1|1|1|1|15|10|0|3|3|1
GA	Galgal	LTR	ERV1	GGLTR7-int	NC_052543.1:95304-100936-	NC_052571.1:2887203-2889741-	24	106	0	5370,5388,5389,5398,5460,5480	2092,2110,2111,2120,2182,2202	1	19,20,21,22,23,24	111	111	2367	24|20|10|7|3|4|17|10|2|1|2|6
GA	Galgal	LTR	ERV1	GGLTR7-int	NC_052543.1:105181-107486-	NC_052571.1:2425896-2429537+	11	32	0	2099,2101,2120,2128,2131	3414,3416,3435,3443,3446	1	2,3,4,5,6	33	33	257	11|1|1|2|2|3|3|3|1|3|1|1
GA	Galgal	LTR	ERV1	GGLTR7-int	NC_052543.1:105181-107486-	NC_052571.1:2438494-2440402-	42	182	0	2099,2101,2120,2128,2131	1681,1683,1702,1710,1713	1	33,34,35,36,37	33	33	1831	42|18|9|10|8|15|26|32|5|9|4|4
GA	Galgal	LTR	ERV1	GGLTR7-int	NC_052543.1:1120571-1123940+	NC_052571.1:6067508-6069820-	42	168	0	152,160,162,170,183	154,162,164,172,185	1	4,5,6,7,8	32	32	2311	42|22|7|16|11|5|20|23|9|1|5|7
GA	Galgal	LTR	ERV1	GGLTR7-int	NC_052543.1:1120571-1123940+	NC_052571.1:8757597-8762430+	31	178	0	1597,1601,1611,1620,1640,1647	211,215,228,237,257,264	1	7,8,9,10,11,12	54	54	1981	31|29|4|18|11|6|25|21|11|7|3|12
GA	Galgal	LTR	ERV1	GGLTR7-int	NC_052543.1:1120571-1123940+	NW_024095983.1:113168-114913-	24	112	0	1647,1650,1668,1680,1683	153,156,174,190,193	1	5,6,7,8,9	41	41	1741	24|17|3|10|6|3|12|13|8|6|2|8
GA	Galgal	LTR	ERV1	GGLTR7-int	NC_052543.1:1120571-1123940+	NC_052571.1:3709353-3711760+	21	83	0	1578,1580,1597,1611,1647,1671	379,381,400,417,453,477	1	11,12,13,14,15,16	99	99	643	21|12|2|6|7|2|11|6|8|5|1|2
GA	Galgal	LTR	ERV1	GGLTR7-int	NC_052543.1:1120571-1123940+	NW_024095983.1:121100-122615-	23	92	0	152,154,162,176,213	154,156,164,178,215	1	3,4,5,6,7	62	62	1510	23|12|1|9|6|2|12|15|5|1|2|4
GA	Galgal	LTR	ERV1	GGLTR7-int	NC_052543.1:1120571-1123940+	NC_052571.1:6795537-6796722-	22	77	0	1578,1597,1611,1615,1624,1647	1008,934,955,972,976,985	1	15,16,17,18,19,20	75	75	1125	22|8|4|3|5|2|9|16|3|1|0|4
GA	Galgal	LTR	ERV1	GGLTR7-int	NC_052543.1:1120571-1123940+	NC_052572.1:48441326-48443272-	39	221	0	1578,1597,1607,1611,1647	513,535,549,553,589	1	15,16,17,18,19	77	77	1602	39|31|12|10|11|14|39|33|10|4|10|8
GA	Galgal	LTR	ERV1	GGLTR7A	NC_052533.1:73546480-73547038-	NC_052571.1:8100481-8101070+	10	49	0	241,246,247,250,264	265,270,271,274,288	1	3,4,5,6,7	24	24	553	10|5|1|0|4|2|10|7|2|1|5|2
GA	Galgal	LTR	ERV1	GGLTR7A	NC_052533.1:73546480-73547038-	NC_052571.1:8122854-8123449-	9	42	0	241,246,247,250,264	271,276,277,280,294	1	2,3,4,5,6	24	24	556	9|5|1|2|2|0|11|5|2|0|2|3
GA	Galgal	LTR	ERV1	GGLTR7A	NC_052533.1:76453715-76454323-	NC_052571.1:6029430-6030040-	9	32	0	162,196,213,89,98	162,196,213,89,98	1	1,2,3,4,5	125	125	609	9|1|1|0|0|0|8|9|0|1|2|1
GA	Galgal	LTR	ERV1	GGLTR7A	NC_052533.1:76453715-76454323-	NC_052571.1:5983846-5984456+	9	32	0	162,196,213,89,98	162,196,213,89,98	1	1,2,3,4,5	125	125	609	9|1|1|0|0|0|8|9|0|1|2|1
GA	Galgal	LTR	ERV1	GGLTR7-int	NC_052543.1:1134384-1137751+	NC_052571.1:8757597-8762430+	28	167	0	1601,1605,1615,1624,1644,1651	211,215,228,237,257,264	1	5,6,7,8,9,10	54	54	1978	28|25|3|15|13|7|23|19|10|8|3|13
GA	Galgal	LTR	ERV1	GGLTR7A	NC_052533.1:76453715-76454323-	NC_052538.1:8663003-8663612-	17	65	0	542,544,561,590,601	543,545,562,591,602	1	13,14,15,16,17	60	60	608	17|8|1|1|2|3|15|10|2|3|2|1
GA	Galgal	LTR	ERV1	GGLTR7-int	NC_052543.1:1134384-1137751+	NC_052571.1:3709353-3711760+	20	83	0	1584,1601,1615,1651,1675	381,400,417,453,477	1	11,12,13,14,15	97	97	644	20|11|2|6|8|3|12|5|8|5|1|2
GA	Galgal	LTR	ERV1	GGLTR7-int	NC_052543.1:1134384-1137751+	NC_052571.1:6795537-6796722-	23	74	0	1601,1615,1619,1628,1651	1008,955,972,976,985	1	17,18,19,20,21	54	54	1126	23|6|3|3|4|4|9|14|3|1|0|4
GA	Galgal	LTR	ERV1	GGLTR7-int	NC_052543.1:1137748-1138825+	NC_052571.1:1430344-1433213-	13	45	0	341,354,379,433,471	1192,1205,1230,1284,1322	1	5,6,7,8,9	131	131	1044	13|7|0|4|3|1|7|3|0|1|2|4
GA	Galgal	LTR	ERV1	GGLTR7A	NC_052533.1:81702536-81703115+	NC_052571.1:6797527-6798139-	13	40	0	114,132,183,189,214,241	114,132,183,189,214,241	1	4,5,6,7,8,9	128	128	595	13|3|2|0|1|1|9|7|1|1|1|1
GA	Galgal	LTR	ERV1	GGLTR7A	NC_052533.1:81702536-81703115+	NC_052571.1:6855668-6856285+	10	42	0	100,189,207,214,232,241,92	100,189,207,214,232,241,92	1	1,2,3,4,5,6,7	150	150	598	10|8|0|0|0|1|11|7|2|2|0|1
GA	Galgal	LTR	ERV1	GGLTR7A	NC_052533.1:81702536-81703115+	NC_052571.1:8762429-8763000+	13	42	0	177,189,207,229,241	138,150,168,190,202	1	3,4,5,6,7	65	65	553	13|4|0|2|1|0|8|8|1|2|1|2
GA	Galgal	LTR	ERV1	GGLTR7A	NC_052533.1:81702536-81703115+	NC_052571.1:49529-50113-	18	67	0	202,207,214,235,241	200,205,212,233,239	1	9,10,11,12,13	40	40	568	18|6|0|1|3|1|18|11|0|3|3|3
GA	Galgal	LTR	ERV1	GGLTR7-int	NC_052543.1:1148224-1151591+	NC_052571.1:8757597-8762430+	28	167	0	1601,1605,1615,1624,1644,1651	211,215,228,237,257,264	1	5,6,7,8,9,10	54	54	1978	28|25|3|15|13|7|23|19|10|8|3|13
GA	Galgal	LTR	ERV1	GGLTR7-int	NC_052543.1:1148224-1151591+	NC_052571.1:3709353-3711760+	20	83	0	1584,1601,1615,1651,1675	381,400,417,453,477	1	11,12,13,14,15	97	97	644	20|11|2|6|8|3|12|5|8|5|1|2
GA	Galgal	LTR	ERV1	GGLTR7-int	NC_052543.1:1148224-1151591+	NC_052571.1:6795537-6796722-	23	74	0	1601,1615,1619,1628,1651	1008,955,972,976,985	1	17,18,19,20,21	54	54	1126	23|6|3|3|4|4|9|14|3|1|0|4
GA	Galgal	LTR	ERV1	GGLTR7-int	NC_052543.1:1151588-1152665+	NC_052571.1:1430344-1433213-	14	46	0	342,355,380,434,472	1192,1205,1230,1284,1322	1	5,6,7,8,9	131	131	1044	14|8|0|3|3|1|7|3|0|1|2|4
GA	Galgal	LTR	ERV1	GGLTR7A	NC_052533.1:89886724-89887299-	NC_052571.1:4120162-4120771-	10	41	0	385,386,393,397,407	409,410,417,421,431	1	5,6,7,8,9	23	23	592	10|8|2|3|0|0|7|6|1|0|1|3
GA	Galgal	LTR	ERV1	GGLTR7A	NC_052533.1:89886724-89887299-	NC_052571.1:1588881-1589469-	13	60	0	376,377,384,393,397	379,380,387,396,400	1	6,7,8,9,10	22	22	581	13|13|2|1|1|2|16|8|0|2|1|1
GA	Galgal	LTR	ERV1	GGLTR7A	NC_052533.1:89886724-89887299-	NC_052571.1:1407048-1407636-	13	60	0	376,377,384,393,397	379,380,387,396,400	1	6,7,8,9,10	22	22	581	13|13|2|1|1|2|16|8|0|2|1|1
GA	Galgal	LTR	ERV1	GGLTR7A	NC_052533.1:89886724-89887299-	NC_052538.1:1064452-1065034-	14	55	0	390,393,395,397,407	387,390,392,394,404	1	7,8,9,10,11	18	18	567	14|8|1|4|2|1|12|10|0|2|0|1
GA	Galgal	LTR	ERV1	GGLTR7A	NC_052533.1:89886724-89887299-	NC_052571.1:4113793-4114402+	10	44	0	385,386,393,397,407	409,410,417,421,431	1	5,6,7,8,9	23	23	592	10|9|2|3|0|1|8|6|1|0|1|3
GA	Galgal	LTR	ERV1	GGLTR7A	NC_052533.1:95900396-95901005-	NC_052543.1:100936-101546-	8	43	0	113,151,31,53,89	113,151,31,53,89	1	1,2,3,4,5	121	121	609	8|4|2|0|0|1|9|13|0|2|1|3
GA	Galgal	LTR	ERV1	GGLTR7A	NC_052533.1:95900396-95901005-	NC_052572.1:4784348-4784957+	16	54	0	543,562,573,590,602	543,562,573,590,602	1	12,13,14,15,16	60	60	609	16|9|2|1|0|1|8|9|1|2|2|3
GA	Galgal	LTR	ERV1	GGLTR7A	NC_052533.1:95900396-95901005-	NC_052538.1:8663003-8663612-	17	70	0	545,562,573,591,602	545,562,573,591,602	1	13,14,15,16,17	58	58	608	17|10|2|1|2|4|13|11|1|4|2|3
GA	Galgal	LTR	ERV1	GGLTR7A	NC_052533.1:96009614-96010197-	NC_052571.1:49529-50113-	13	62	0	199,204,211,217,232	200,205,212,218,233	1	6,7,8,9,10	34	34	572	13|7|2|1|2|2|18|11|0|3|2|1
GA	Galgal	LTR	ERV1	GGLTR7A	NC_052533.1:108242917-108243536-	NC_052572.1:30321172-30321782+	13	41	0	375,379,390,391,418	367,371,382,383,409	1	4,5,6,7,8	43	43	614	13|8|1|1|2|1|5|3|0|2|1|4
GA	Galgal	LTR	ERV1	GGLTR7A	NC_052533.1:108242917-108243536-	NC_052571.1:6797527-6798139-	13	41	0	114,132,190,221,259	114,132,183,214,252	1	3,4,5,6,7	139	139	615	13|6|3|0|1|0|10|3|0|1|2|2
GA	Galgal	LTR	ERV1	GGLTR7-int	NC_052543.1:1180575-1183798+	NC_052572.1:39538655-39541164-	56	266	0	1787,1788,1799,1829,1846	562,563,574,604,621	1	15,16,17,18,19	60	60	1998	56|51|4|17|12|13|48|34|5|10|10|6
GA	Galgal	LTR	ERV1	GGLTR7-int	NC_052543.1:1201490-1204067+	NC_052571.1:8757597-8762430+	16	102	0	1601,1605,1615,1624,1644,1651	211,215,228,237,257,264	1	5,6,7,8,9,10	54	54	1184	16|18|2|8|8|5|15|11|6|5|1|7
GA	Galgal	LTR	ERV1	GGLTR7A	NC_052533.1:121266927-121267537-	NC_052571.1:4120162-4120771-	14	53	0	402,410,411,418,444	401,409,410,417,443	1	8,9,10,11,12	43	43	609	14|4|3|4|0|0|8|10|2|2|2|4
GA	Galgal	LTR	ERV1	GGLTR7-int	NC_052543.1:1201490-1204067+	NC_052571.1:6795537-6796722-	23	74	0	1601,1615,1619,1628,1651	1008,955,972,976,985	1	17,18,19,20,21	54	54	1126	23|6|3|3|4|4|9|14|3|1|0|4
GA	Galgal	LTR	ERV1	GGLTR7A	NC_052533.1:121266927-121267537-	NC_052571.1:4113793-4114402+	14	53	0	402,410,411,418,444	401,409,410,417,443	1	8,9,10,11,12	43	43	596	14|4|3|4|0|0|8|10|2|2|2|4
GA	Galgal	LTR	ERV1	GGLTR7-int	NC_052543.1:1201490-1204067+	NC_052571.1:3709353-3711760+	20	82	0	1584,1601,1615,1651,1675	381,400,417,453,477	1	11,12,13,14,15	97	97	644	20|10|2|6|8|3|12|5|8|5|1|2
GA	Galgal	LTR	ERV1	GGLTR7A	NC_052533.1:121398130-121398740-	NC_052571.1:6797527-6798139-	17	54	0	114,132,172,175,183,214	114,132,172,175,183,214	1	4,5,6,7,8,9	101	101	611	17|7|3|2|1|2|11|7|0|2|2|0
GA	Galgal	LTR	ERV1	GGLTR7A	NC_052533.1:121398130-121398740-	NC_052571.1:5622767-5623376+	14	54	0	163,172,175,177,207,214	162,171,174,176,206,213	1	5,6,7,8,9,10	52	52	587	14|9|1|3|1|3|12|9|0|1|1|0
GA	Galgal	LTR	ERV1	GGLTR7A	NC_052533.1:121398130-121398740-	NC_052543.1:1200881-1201490+	12	55	0	163,172,173,175,177	162,171,172,174,176	1	4,5,6,7,8	15	15	589	12|9|0|4|1|3|13|11|0|1|1|0
GA	Galgal	LTR	ERV1	GGLTR7A	NC_052533.1:121398130-121398740-	NC_052572.1:80453357-80453966+	14	60	0	172,175,177,207,214	171,174,176,206,213	1	5,6,7,8,9	43	43	589	14|9|3|4|1|4|14|8|0|1|2|0
GA	Galgal	LTR	ERV1	GGLTR7A	NC_052533.1:121398130-121398740-	NC_052572.1:79556020-79556629+	14	60	0	172,175,177,207,214	171,174,176,206,213	1	5,6,7,8,9	43	43	589	14|9|3|4|1|4|14|8|0|1|2|0
GA	Galgal	LTR	ERV1	GGLTR7A	NC_052533.1:121398130-121398740-	NC_052572.1:78589446-78590055+	14	60	0	172,175,177,207,214	171,174,176,206,213	1	5,6,7,8,9	43	43	589	14|9|3|4|1|4|14|8|0|1|2|0
GA	Galgal	LTR	ERV1	GGLTR7A	NC_052533.1:121398130-121398740-	NC_052564.1:19050-19665-	13	56	0	163,172,175,177,207	166,175,178,180,210	1	5,6,7,8,9	45	45	585	13|9|0|4|1|4|13|9|0|2|1|0
GA	Galgal	LTR	ERV1	GGLTR7A	NC_052533.1:121398130-121398740-	NC_052571.1:2650246-2650855+	15	61	0	164,172,175,177,197	163,171,174,176,196	1	4,5,6,7,8	34	34	584	15|5|2|4|2|4|12|11|1|1|3|1
GA	Galgal	LTR	ERV1	GGLTR7A	NC_052533.1:121398130-121398740-	NC_052572.1:81575454-81576063-	14	60	0	172,175,177,207,214	171,174,176,206,213	1	5,6,7,8,9	43	43	589	14|9|3|4|1|4|14|8|0|1|2|0
GA	Galgal	LTR	ERV1	GGLTR7A	NC_052533.1:121398130-121398740-	NC_052571.1:7895616-7896225+	14	64	0	163,164,172,175,177	162,163,171,174,176	1	4,5,6,7,8	15	15	582	14|10|0|6|3|3|13|12|0|1|1|1
GA	Galgal	LTR	ERV1	GGLTR7-int	NC_052543.1:1204064-1206649+	NC_052572.1:39538655-39541164-	57	270	0	1149,1150,1161,1191,1208	562,563,574,604,621	1	16,17,18,19,20	60	60	1998	57|51|4|18|12|13|48|36|5|10|10|6
GA	Galgal	LTR	ERV1	GGLTR7A	NC_052533.1:147965124-147965379+	NC_052572.1:65821893-65822502-	12	26	0	155,161,170,175,176	156,162,171,176,177	1	8,9,10,11,12	22	22	250	12|2|2|2|3|1|1|3|0|0|0|0
GA	Galgal	LTR	ERV1	GGLTR7A	NC_052533.1:147965124-147965379+	NC_052572.1:80391789-80392034-	16	31	0	24,29,57,74,77	25,30,58,75,78	1	1,2,3,4,5	54	54	244	16|4|2|3|2|0|1|3|0|0|0|0
GA	Galgal	LTR	ERV1	GGLTR7A	NC_052533.1:147965124-147965379+	NC_052572.1:78398793-78399038+	16	31	0	24,29,57,74,77	25,30,58,75,78	1	1,2,3,4,5	54	54	244	16|4|2|3|2|0|1|3|0|0|0|0
GA	Galgal	LTR	ERV1	GGLTR7A	NC_052533.1:147965124-147965379+	NC_052572.1:80733532-80733775+	16	30	0	24,29,57,74,77	25,30,58,75,78	1	1,2,3,4,5	54	54	243	16|3|2|3|2|0|1|3|0|0|0|0
GA	Galgal	LTR	ERV1	GGLTR7A	NC_052533.1:147965124-147965379+	NC_052572.1:79751154-79751399-	16	31	0	24,29,57,74,77	25,30,56,73,76	1	1,2,3,4,5	52	52	244	16|4|2|3|2|0|1|3|0|0|0|0
GA	Galgal	LTR	ERV1	GGLTR7A	NC_052533.1:147966314-147966658+	NC_052571.1:2049912-2050520-	10	36	0	67,69,75,77,82	316,318,324,326,331	1	1,2,3,4,5	16	16	349	10|14|3|2|1|0|1|1|1|0|3|0
GA	Galgal	LTR	ERV1	GGLTR7-int	NC_052547.1:11081-14314-	NC_052571.1:5766737-5773113+	31	229	0	1829,1830,1831,1850,1889,1893	1811,1812,1813,1831,1870,1874	1	20,21,22,23,24,25	64	64	3228	31|32|11|15|18|13|40|25|12|7|12|13
GA	Galgal	LTR	ERV1	GGLTR7-int	NC_052547.1:11081-14314-	NC_052571.1:9061300-9066868+	35	256	0	1829,1830,1831,1850,1859	1808,1809,1810,1828,1837	1	21,22,23,24,25	30	30	3224	35|35|11|18|20|16|47|30|10|9|10|15
GA	Galgal	LTR	ERV1	GGLTR7-int	NC_052547.1:11081-14314-	NC_052571.1:5086080-5092421+	32	241	0	1829,1830,1831,1840,1850,1893	1810,1811,1812,1820,1830,1873	1	16,17,18,19,20,21	64	64	3223	32|40|10|13|20|15|42|21|13|8|10|17
GA	Galgal	LTR	ERV1	GGLTR7-int	NC_052547.1:11081-14314-	NC_052571.1:7288839-7293946+	43	254	0	1829,1830,1831,1850,1860,1893	1815,1816,1817,1835,1845,1878	1	28,29,30,31,32,33	64	64	3227	43|33|7|16|20|16|44|30|15|10|8|12
GA	Galgal	LTR	ERV1	GGLTR7-int	NC_052547.1:11081-14314-	NC_052571.1:1970170-1976557-	37	263	0	1829,1830,1831,1850,1893	1812,1813,1814,1832,1875	1	23,24,25,26,27	64	64	3227	37|38|13|17|24|15|38|30|13|8|15|15
GA	Galgal	LTR	ERV1	GGLTR7-int	NC_052547.1:11081-14314-	NC_052571.1:7355525-7358728+	34	247	0	1829,1830,1831,1850,1893	1811,1812,1813,1831,1874	1	20,21,22,23,24	64	64	3207	34|34|7|17|19|17|40|31|15|12|8|13
GA	Galgal	LTR	ERV1	GGLTR7-int	NC_052547.1:11081-14314-	NC_052571.1:6607650-6614014-	33	239	0	1829,1830,1831,1850,1893	1795,1796,1797,1815,1858	1	16,17,18,19,20	64	64	3213	33|35|7|13|23|15|43|26|14|7|11|12
GA	Galgal	LTR	ERV1	GGLTR7-int	NC_052547.1:11081-14314-	NC_052571.1:7300693-7304986-	26	186	0	1829,1830,1831,1850,1893	1001,1002,1003,1021,1064	1	12,13,14,15,16	64	64	2406	26|24|7|11|18|14|29|21|10|8|8|10
GA	Galgal	LTR	ERV1	GGLTR7-int	NC_052547.1:11081-14314-	NW_024095983.1:113168-114913-	20	141	0	1829,1830,1831,1850,1893	306,307,308,326,369	1	8,9,10,11,12	64	64	1704	20|19|7|9|9|12|17|17|5|7|9|10
GA	Galgal	LTR	ERV1	GGLTR7-int	NC_052547.1:11081-14314-	NC_052571.1:4882981-4885694+	44	261	0	1880,1889,1891,1893,1903	803,812,814,816,826	1	19,20,21,22,23	24	24	2143	44|35|10|16|19|17|38|44|9|9|11|9
GA	Galgal	LTR	ERV1	GGLTR7-int	NC_052547.1:11081-14314-	NC_052571.1:46174-47160-	10	72	0	1829,1830,1831,1850,1861,1872	280,281,282,300,311,322	1	2,3,4,5,6,7	43	43	983	10|9|4|5|3|7|12|9|4|2|3|4
GA	Galgal	LTR	ERV1	GGLTR7-int	NC_052547.1:62211-62868+	NC_052571.1:6906995-6909351-	20	71	0	441,449,465,481,504	2140,2148,2164,2180,2203	1	11,12,13,14,15	64	64	650	20|16|1|6|4|1|8|5|4|1|2|3
GA	Galgal	LTR	ERV1	GGLTR7-int	NC_052547.1:126868-127235-	NC_052571.1:6906995-6909351-	10	23	0	104,112,128,144,167	2140,2148,2164,2180,2203	1	1,2,3,4,5	64	64	255	10|5|1|0|1|0|2|1|2|0|1|0
GA	Galgal	LTR	ERV1	GGLTR7A	NC_052534.1:52976504-52977114-	NC_052571.1:6855668-6856285+	9	42	0	172,189,207,214,232	172,189,207,214,232	1	1,2,3,4,5	61	61	613	9|6|1|1|0|3|6|12|1|2|1|0
GA	Galgal	LTR	ERV1	GGLTR7A	NC_052534.1:52976504-52977114-	NC_052571.1:6797527-6798139-	14	48	0	172,183,189,214,252	172,183,189,214,252	1	5,6,7,8,9	81	81	611	14|4|3|0|1|3|5|13|0|2|2|1
GA	Galgal	LTR	ERV1	GGLTR7A	NC_052534.1:52976504-52977114-	NC_052571.1:8762429-8763000+	11	51	0	172,177,189,207,229	133,138,150,168,190	1	1,2,3,4,5	58	58	571	11|5|1|2|1|3|7|15|0|2|2|2
GA	Galgal	LTR	ERV1	GGLTR7A	NC_052534.1:52976504-52977114-	NC_052571.1:5622767-5623376+	15	61	0	163,172,177,189,207,214	162,171,176,188,206,213	1	5,6,7,8,9,10	52	52	596	15|7|2|1|1|3|11|15|0|3|2|1
GA	Galgal	LTR	ERV1	GGLTR7-int	NC_052547.1:202857-203513+	NC_052571.1:6906995-6909351-	19	64	0	440,448,464,480,503	2140,2148,2164,2180,2203	1	10,11,12,13,14	64	64	649	19|14|1|5|4|1|6|5|4|1|1|3
GA	Galgal	LTR	ERV1	GGLTR7A	NC_052534.1:52976504-52977114-	NC_052543.1:1200881-1201490+	14	63	0	163,172,173,177,189	162,171,172,176,188	1	4,5,6,7,8	27	27	596	14|8|1|1|1|3|13|18|0|1|2|1
GA	Galgal	LTR	ERV1	GGLTR7A	NC_052534.1:52976504-52977114-	NC_052571.1:2180644-2181173+	11	42	0	172,189,207,214,252	172,189,207,214,252	1	2,3,4,5,6	81	81	528	11|3|2|1|2|3|5|11|1|1|0|2
GA	Galgal	LTR	ERV1	GGLTR7A	NC_052534.1:52976504-52977114-	NC_052564.1:19050-19665-	13	61	0	163,172,177,189,207	166,175,180,192,210	1	5,6,7,8,9	45	45	599	13|8|1|1|1|4|12|16|0|2|2|1
GA	Galgal	LTR	ERV1	GGLTR7A	NC_052534.1:52976504-52977114-	NC_052572.1:80453357-80453966+	15	69	0	172,177,189,207,214	171,176,188,206,213	1	5,6,7,8,9	43	43	596	15|9|4|1|1|4|13|17|0|1|3|1
GA	Galgal	LTR	ERV1	GGLTR7A	NC_052534.1:52976504-52977114-	NC_052572.1:79556020-79556629+	15	69	0	172,177,189,207,214	171,176,188,206,213	1	5,6,7,8,9	43	43	596	15|9|4|1|1|4|13|17|0|1|3|1
GA	Galgal	LTR	ERV1	GGLTR7A	NC_052534.1:52976504-52977114-	NC_052572.1:78589446-78590055+	15	69	0	172,177,189,207,214	171,176,188,206,213	1	5,6,7,8,9	43	43	596	15|9|4|1|1|4|13|17|0|1|3|1
GA	Galgal	LTR	ERV1	GGLTR7-int	NC_052547.1:202857-203513+	NC_052571.1:8700693-8701262-	18	63	0	217,221,225,236,239	281,285,289,300,303	1	7,8,9,10,11	23	23	424	18|15|0|4|5|4|6|5|1|1|0|4
GA	Galgal	LTR	ERV1	GGLTR7-int	NC_052547.1:333551-334208+	NC_052571.1:6906995-6909351-	20	71	0	441,449,465,481,504	2140,2148,2164,2180,2203	1	11,12,13,14,15	64	64	650	20|16|1|6|4|1|8|5|4|1|2|3
GA	Galgal	LTR	ERV1	GGLTR7A	NC_052534.1:60726795-60727407+	NC_052571.1:2049912-2050520-	19	63	0	321,323,329,331,341	316,318,324,326,336	1	10,11,12,13,14	21	21	597	19|11|0|1|0|1|8|16|4|1|1|1
GA	Galgal	LTR	ERV1	GGLTR7A	NC_052534.1:67384671-67385281+	NC_052572.1:30321172-30321782+	21	44	0	371,382,383,418,424	371,382,383,418,424	1	8,9,10,11,12	54	54	610	21|8|0|1|2|1|3|5|0|1|0|2
GA	Galgal	LTR	ERV1	GGLTR7A	NC_052534.1:67384671-67385281+	NC_052572.1:73573984-73574587-	15	42	0	197,203,214,220,265	193,199,210,216,261	1	4,5,6,7,8	69	69	606	15|10|1|2|0|1|5|6|1|0|1|0
GA	Galgal	LTR	ERV1	GGLTR7A	NC_052534.1:67384671-67385281+	NC_052571.1:5622767-5623376+	16	45	0	163,177,207,214,220	162,176,206,213,219	1	5,6,7,8,9	58	58	596	16|9|1|1|1|0|7|6|0|2|1|1
GA	Galgal	LTR	ERV1	GGLTR7A	NC_052534.1:67384671-67385281+	NC_052571.1:7786941-7787544+	17	47	0	367,385,387,418,424	367,385,387,418,424	1	8,9,10,11,12	58	58	606	17|8|1|2|0|2|6|8|1|0|2|0
GA	Galgal	LTR	ERV1	GGLTR7A	NC_052534.1:69480250-69480860+	NC_052571.1:6797527-6798139-	14	51	0	114,132,182,183,214	114,132,182,183,214	1	3,4,5,6,7	101	101	611	14|5|3|1|1|1|11|8|1|2|3|1
GA	Galgal	LTR	ERV1	GGLTR7A	NC_052534.1:69480250-69480860+	NC_052571.1:5622767-5623376+	13	51	0	163,177,182,207,214	162,176,181,206,213	1	5,6,7,8,9	52	52	588	13|5|2|1|1|1|14|5|1|3|3|2
GA	Galgal	LTR	ERV1	GGLTR7-int	NC_052547.1:2531676-2532334+	NC_052571.1:6906995-6909351-	20	66	0	442,450,466,482,505	2140,2148,2164,2180,2203	1	11,12,13,14,15	64	64	650	20|15|1|5|4|1|6|5|4|1|2|2
GA	Galgal	LTR	ERV1	GGLTR7-int	NC_052547.1:2572162-2572819+	NC_052571.1:6906995-6909351-	19	71	0	441,449,465,481,504	2140,2148,2164,2180,2203	1	11,12,13,14,15	64	64	650	19|16|1|6|4|2|7|5|5|1|2|3
GA	Galgal	LTR	ERV1	GGLTR7-int	NC_052547.1:2643217-2643874-	NC_052571.1:6906995-6909351-	20	71	0	441,449,465,481,504	2140,2148,2164,2180,2203	1	11,12,13,14,15	64	64	650	20|16|1|6|4|1|8|5|4|1|2|3
GA	Galgal	LTR	ERV1	GGLTR7A	NC_052534.1:85735925-85736514+	NC_052572.1:30492835-30493444-	14	67	0	270,289,291,299,320	269,286,288,296,317	1	3,4,5,6,7	49	49	599	14|13|1|3|3|2|10|6|3|2|2|8
GA	Galgal	LTR	ERV1	GGLTR7-int	NC_052547.1:2687931-2691188+	NC_052571.1:5766737-5773113+	31	233	0	1829,1830,1831,1850,1888,1892	1811,1812,1813,1831,1870,1874	1	20,21,22,23,24,25	64	64	3253	31|32|11|15|19|14|40|26|13|7|12|13
GA	Galgal	LTR	ERV1	GGLTR7-int	NC_052547.1:2687931-2691188+	NC_052571.1:9061300-9066868+	35	259	0	1829,1830,1831,1850,1859	1808,1809,1810,1828,1837	1	21,22,23,24,25	30	30	3252	35|34|11|18|21|17|48|30|11|9|10|15
GA	Galgal	LTR	ERV1	GGLTR7-int	NC_052547.1:2687931-2691188+	NC_052571.1:5086080-5092421+	32	245	0	1829,1830,1831,1840,1850,1892	1810,1811,1812,1820,1830,1873	1	16,17,18,19,20,21	64	64	3248	32|40|10|13|21|16|42|22|14|8|10|17
GA	Galgal	LTR	ERV1	GGLTR7-int	NC_052547.1:2687931-2691188+	NC_052571.1:7288839-7293946+	43	258	0	1829,1830,1831,1850,1860,1892	1815,1816,1817,1835,1845,1878	1	28,29,30,31,32,33	64	64	3255	43|33|7|16|21|17|45|30|16|10|8|12
GA	Galgal	LTR	ERV1	GGLTR7-int	NC_052547.1:2687931-2691188+	NC_052571.1:1970170-1976557-	37	266	0	1829,1830,1831,1850,1892	1812,1813,1814,1832,1875	1	23,24,25,26,27	64	64	3252	37|38|13|17|25|16|38|30|14|8|15|15
GA	Galgal	LTR	ERV1	GGLTR7-int	NC_052547.1:2687931-2691188+	NC_052571.1:6607650-6614014-	33	242	0	1829,1830,1831,1850,1892	1795,1796,1797,1815,1858	1	16,17,18,19,20	64	64	3238	33|35|7|13|24|16|43|26|15|7|11|12
GA	Galgal	LTR	ERV1	GGLTR7-int	NC_052547.1:2687931-2691188+	NC_052571.1:7355525-7358728+	34	247	0	1829,1830,1831,1850,1892	1811,1812,1813,1831,1874	1	20,21,22,23,24	64	64	3206	34|34|7|17|19|17|40|31|15|12|8|13
GA	Galgal	LTR	ERV1	GGLTR7-int	NC_052547.1:2687931-2691188+	NC_052571.1:7300693-7304986-	26	190	0	1829,1830,1831,1850,1892	1001,1002,1003,1021,1064	1	12,13,14,15,16	64	64	2434	26|24|7|11|19|15|30|21|11|8|8|10
GA	Galgal	LTR	ERV1	GGLTR7-int	NC_052547.1:2687931-2691188+	NW_024095983.1:113168-114913-	20	144	0	1829,1830,1831,1850,1892	306,307,308,326,369	1	8,9,10,11,12	64	64	1729	20|19|7|9|10|12|16|18|6|8|9|10
GA	Galgal	LTR	ERV1	GGLTR7-int	NC_052547.1:2687931-2691188+	NC_052571.1:4882981-4885694+	44	261	0	1879,1888,1890,1892,1902	803,812,814,816,826	1	19,20,21,22,23	24	24	2143	44|35|10|16|19|17|38|44|9|9|11|9
GA	Galgal	LTR	ERV1	GGLTR7-int	NC_052547.1:2687931-2691188+	NC_052571.1:46174-47160-	10	72	0	1829,1830,1831,1850,1861,1871	280,281,282,300,311,322	1	2,3,4,5,6,7	43	43	982	10|9|4|5|3|7|12|9|4|2|3|4
GA	Galgal	LTR	ERV1	GGLTR7A	NC_052534.1:96750437-96751036-	NC_052571.1:1969561-1970170-	18	59	0	163,166,177,203,218	162,165,176,213,228	1	5,6,7,8,9	67	67	591	18|9|1|3|1|1|12|10|0|1|2|1
GA	Galgal	LTR	ERV1	GGLTR7A	NC_052534.1:96750437-96751036-	NC_052571.1:7251052-7251657-	13	58	0	164,166,183,196,203	163,165,185,201,208	1	4,5,6,7,8	46	46	589	13|9|0|3|1|2|12|12|1|1|3|1
GA	Galgal	LTR	ERV1	GGLTR7A	NC_052534.1:96750437-96751036-	NC_052571.1:1033603-1034212-	12	61	0	164,166,177,196,203	163,165,176,206,213	1	4,5,6,7,8	51	51	591	12|11|0|4|3|1|13|12|0|1|2|2
GA	Galgal	LTR	ERV1	GGLTR7-int	NC_052548.1:474561-480831-	NC_052571.1:3877705-3878840-	12	49	0	292,304,308,370,394	290,302,306,368,392	1	4,5,6,7,8	103	103	1135	12|7|1|3|1|3|8|9|0|2|3|0
GA	Galgal	LTR	ERV1	GGLTR7A	NC_052534.1:110581880-110582432+	NC_052571.1:999328-999916-	9	34	0	370,384,393,398,458	396,411,429,434,494	1	4,5,6,7,8	99	99	569	9|5|0|2|1|0|8|6|1|1|1|0
GA	Galgal	LTR	ERV1	GGLTR7A	NC_052534.1:110581880-110582432+	NC_052571.1:4120162-4120771-	10	41	0	354,362,363,370,384	401,409,410,417,431	1	4,5,6,7,8	31	31	580	10|6|2|3|0|2|3|6|3|1|2|3
GA	Galgal	LTR	ERV1	GGLTR7A	NC_052534.1:110581880-110582432+	NC_052571.1:4113793-4114402+	10	41	0	354,362,363,370,384	401,409,410,417,431	1	4,5,6,7,8	31	31	568	10|6|2|3|0|2|3|6|3|1|2|3
GA	Galgal	LTR	ERV1	GGLTR7A	NC_052534.1:110581880-110582432+	NC_052571.1:837079-837678-	5	12	0	343,355,361,384,393	390,402,408,431,440	1	1,2,3,4,5	51	51	272	5|1|0|0|1|0|2|1|1|0|1|0
GA	Galgal	LTR	ERV1	GGLTR7A	NC_052534.1:110581880-110582432+	NC_052571.1:4467136-4467740+	6	14	0	333,355,384,393,458	385,407,436,445,510	1	1,2,3,4,5	126	126	273	6|3|0|0|1|0|2|0|1|0|1|0
GA	Galgal	LTR	ERV1	GGLTR7A	NC_052535.1:18630528-18631134+	NC_052538.1:8663003-8663612-	12	39	0	507,512,540,542,559	510,515,543,545,562	1	6,7,8,9,10	53	53	607	12|6|2|1|1|1|11|3|1|1|0|0
GA	Galgal	LTR	ERV1	GGLTR7A	NC_052535.1:18630528-18631134+	NC_052572.1:30321172-30321782+	19	48	0	375,382,383,409,432,462	375,382,383,409,432,466	1	9,10,11,12,13,14	92	92	608	19|7|1|1|2|1|8|4|0|2|1|2
GA	Galgal	LTR	ERV1	GGLTR7A	NC_052535.1:18630528-18631134+	NC_052572.1:75679007-75679619-	11	55	0	375,379,382,409,410	373,377,380,407,408	1	7,8,9,10,11	36	36	598	11|3|4|2|1|3|9|8|1|8|4|1
GA	Galgal	LTR	ERV1	GGLTR7A	NC_052535.1:18630528-18631134+	NC_052572.1:78929815-78930429+	12	58	0	375,379,382,409,410	375,379,382,409,410	1	7,8,9,10,11	36	36	599	12|3|4|2|1|3|11|7|1|9|4|1
GA	Galgal	LTR	ERV1	GGLTR7A	NC_052535.1:18630528-18631134+	NC_052572.1:76923319-76923933-	12	58	0	375,379,382,409,410	375,379,382,409,410	1	7,8,9,10,11	36	36	599	12|3|4|2|1|3|11|7|1|9|4|1
GA	Galgal	LTR	ERV1	GGLTR7A	NC_052535.1:18630528-18631134+	NC_052572.1:81686579-81687194+	12	61	0	375,383,403,409,410	376,384,404,410,411	1	7,8,9,10,11	36	36	605	12|3|5|0|0|2|10|8|3|11|6|1
GA	Galgal	LTR	ERV1	GGLTR7A	NC_052535.1:18630528-18631134+	NC_052572.1:80164330-80164945+	12	61	0	375,383,403,409,410	376,384,404,410,411	1	7,8,9,10,11	36	36	605	12|3|5|0|0|2|10|8|3|11|6|1
GA	Galgal	LTR	ERV1	GGLTR7A	NC_052535.1:18630528-18631134+	NC_052572.1:80131775-80132390+	12	61	0	375,383,403,409,410	376,384,404,410,411	1	7,8,9,10,11	36	36	605	12|3|5|0|0|2|10|8|3|11|6|1
GA	Galgal	LTR	ERV1	GGLTR7A	NC_052535.1:18630528-18631134+	NC_052572.1:78488316-78488930-	11	60	0	375,379,382,409,410	375,379,382,409,410	1	7,8,9,10,11	36	36	599	11|4|4|2|1|3|12|8|1|9|4|1
GA	Galgal	LTR	ERV1	GGLTR7A	NC_052535.1:18630528-18631134+	NC_052572.1:77857095-77857709-	11	60	0	375,379,382,409,410	375,379,382,409,410	1	7,8,9,10,11	36	36	599	11|4|4|2|1|3|12|8|1|9|4|1
GA	Galgal	LTR	ERV1	GGLTR7A	NC_052535.1:18630528-18631134+	NC_052572.1:76652792-76653406+	11	60	0	375,379,382,409,410	375,379,382,409,410	1	7,8,9,10,11	36	36	599	11|4|4|2|1|3|12|8|1|9|4|1
GA	Galgal	LTR	ERV1	GGLTR7A	NC_052535.1:18845865-18846484-	NC_052572.1:30321172-30321782+	17	48	0	391,392,418,441,475	382,383,409,432,466	1	9,10,11,12,13	85	85	605	17|6|0|1|2|4|6|6|1|3|0|2
GA	Galgal	LTR	ERV1	GGLTR7-int	NC_052558.1:83804-84860+	NC_052571.1:5086080-5092421+	20	101	0	777,781,785,795,869	1812,1816,1820,1830,1905	1	14,15,16,17,18	94	94	1049	20|12|3|8|3|5|21|10|5|3|4|7
GA	Galgal	LTR	ERV1	GGLTR7-int	NC_052558.1:83804-84860+	NC_052571.1:5766737-5773113+	23	107	0	777,781,795,834,869	1813,1817,1831,1870,1906	1	16,17,18,19,20	94	94	1052	23|11|4|9|2|2|22|12|5|3|5|9
GA	Galgal	LTR	ERV1	GGLTR7-int	NC_052558.1:83804-84860+	NC_052571.1:3667545-3672454-	22	128	0	777,778,782,784,785	1814,1815,1819,1821,1822	1	14,15,16,17,18	9	9	1050	22|14|5|12|5|7|25|13|7|2|6|10
GA	Galgal	LTR	ERV1	GGLTR7-int	NC_052558.1:83804-84860+	NC_052571.1:46174-47160-	12	58	0	777,781,795,806,817	282,286,300,311,322	1	5,6,7,8,9	41	41	557	12|6|2|3|2|1|15|8|2|2|1|4
GA	Galgal	LTR	ERV1	GGLTR7-int	NC_052558.1:83804-84860+	NW_024095983.1:113168-114913-	17	64	0	660,663,672,678,679	190,193,202,208,209	1	7,8,9,10,11	20	20	576	17|7|3|4|1|2|14|6|2|3|1|4
GA	Galgal	LTR	ERV1	GGLTR7-int	NC_052559.1:83171-83821-	NC_052572.1:77407039-77408595-	10	79	0	170,178,179,180,182	1060,1068,1069,1070,1072	1	2,3,4,5,6	13	13	654	10|9|1|3|1|2|18|12|0|12|8|3
GA	Galgal	LTR	ERV1	GGLTR7-int	NC_052559.1:83171-83821-	NC_052572.1:82565577-82568734+	18	71	0	170,177,178,179,212	2656,2663,2664,2665,2709	1	3,4,5,6,7	54	54	652	18|12|2|3|3|2|16|5|2|2|4|2
GA	Galgal	LTR	ERV1	GGLTR7A	NC_052535.1:26973587-26974194-	NC_052571.1:6797527-6798139-	17	45	0	132,166,180,201,249	132,166,183,204,252	1	5,6,7,8,9	121	121	609	17|6|2|1|1|0|8|7|0|1|2|0
GA	Galgal	LTR	ERV1	GGLTR7A	NC_052535.1:26973587-26974194-	NC_052571.1:5622767-5623376+	15	49	0	163,166,174,201,204	162,165,176,203,206	1	5,6,7,8,9	45	45	595	15|8|1|1|1|0|11|7|0|2|2|1
GA	Galgal	LTR	ERV1	GGLTR7A	NC_052535.1:26973587-26974194-	NC_052571.1:7251052-7251657-	13	51	0	164,166,173,201,204	163,165,171,198,201	1	4,5,6,7,8	39	39	593	13|7|0|2|1|1|11|10|1|1|3|1
GA	Galgal	LTR	ERV1	GGLTR7A	NC_052535.1:26973587-26974194-	NC_052571.1:1534111-1534719-	11	51	0	163,166,171,201,204,226	162,165,170,203,206,228	1	4,5,6,7,8,9	67	67	594	11|7|1|3|1|1|11|10|1|1|2|2
GA	Galgal	LTR	ERV1	GGLTR7A	NC_052535.1:26973587-26974194-	NC_052564.1:19050-19665-	13	51	0	163,166,174,201,204	166,169,180,207,210	1	5,6,7,8,9	45	45	598	13|9|0|2|1|1|12|8|0|2|2|1
GA	Galgal	LTR	ERV1	GGLTR7A	NC_052535.1:27449708-27450319+	NC_052571.1:6797527-6798139-	13	37	0	114,132,166,183,204,252	114,132,166,183,204,252	1	3,4,5,6,7,8	139	139	611	13|3|2|1|1|0|6|8|0|1|1|1
GA	Galgal	LTR	ERV1	GGLTR7A	NC_052535.1:27449708-27450319+	NC_052571.1:5622767-5623376+	16	55	0	163,166,177,204,207	162,165,176,203,206	1	5,6,7,8,9	45	45	592	16|8|1|1|1|0|14|9|0|2|2|1
GA	Galgal	LTR	ERV1	GGLTR7A	NC_052535.1:27449708-27450319+	NC_052564.1:19050-19665-	14	57	0	163,166,177,204,207	166,169,180,207,210	1	5,6,7,8,9	45	45	600	14|8|0|2|1|1|14|12|0|2|1|2
GA	Galgal	LTR	ERV1	GGLTR7A	NC_052535.1:36454926-36455536-	NC_052538.1:8663003-8663612-	13	49	0	511,516,544,546,563	510,515,543,545,562	1	7,8,9,10,11	53	53	609	13|9|1|1|1|1|9|7|3|3|0|1
GA	Galgal	LTR	ERV1	GGLTR7-int	NC_052563.1:42397-44007+	NC_052571.1:1970170-1976557-	46	179	0	298,299,304,307,312	1691,1692,1700,1703,1708	1	9,10,11,12,13	18	18	1623	46|23|13|11|9|7|16|21|7|9|10|7
GA	Galgal	LTR	ERV1	GGLTR7-int	NC_052563.1:42397-44007+	NC_052571.1:7288839-7293946+	45	181	0	302,303,304,307,312	1701,1702,1703,1706,1711	1	10,11,12,13,14	11	11	1622	45|23|15|12|7|9|19|19|10|11|5|6
GA	Galgal	LTR	ERV1	GGLTR7-int	NC_052563.1:42397-44007+	NC_052571.1:7300693-7304986-	46	184	0	302,303,304,307,312	887,888,889,892,897	1	10,11,12,13,14	11	11	1622	46|23|14|10|9|9|17|19|11|11|8|7
GA	Galgal	LTR	ERV1	GGLTR7-int	NC_052563.1:42397-44007+	NC_052571.1:5879771-5884147+	39	157	0	298,299,304,307,312	134,135,143,146,151	1	6,7,8,9,10	18	18	1445	39|15|16|10|8|4|16|20|7|9|6|7
GA	Galgal	LTR	ERV1	GGLTR7-int	NC_052563.1:42397-44007+	NW_024095983.1:113168-114913-	41	168	0	299,302,303,304,307,312	188,192,193,194,197,202	1	6,7,8,9,10,11	15	15	1454	41|17|15|13|8|8|13|18|8|12|7|8
GA	Galgal	LTR	ERV1	GGLTR7-int	NC_052563.1:42397-44007+	NC_052571.1:8826954-8828600-	47	175	0	298,299,304,307,312	116,117,125,128,133	1	5,6,7,8,9	18	18	1432	47|19|10|15|9|7|18|19|5|8|9|9
GA	Galgal	LTR	ERV1	GGLTR7-int	NC_052563.1:42397-44007+	NC_052571.1:6607650-6614014-	44	172	0	298,299,304,307,312	1676,1677,1685,1688,1693	1	9,10,11,12,13	18	18	1576	44|18|11|12|11|8|17|18|8|9|10|6
GA	Galgal	LTR	ERV1	GGLTR7A	NC_052535.1:58768354-58768954-	NC_052572.1:58267398-58267986-	8	40	0	456,457,463,474,487	444,445,451,462,475	1	4,5,6,7,8	32	32	586	8|9|3|2|0|1|8|8|1|0|0|0
GA	Galgal	LTR	ERV1	GGLTR7-int	NC_052563.1:53959-55607+	NC_052571.1:1970170-1976557-	43	177	0	298,299,307,311,318	1691,1692,1704,1708,1715	1	10,11,12,13,14	25	25	1583	43|21|18|12|8|9|16|20|6|7|9|8
GA	Galgal	LTR	ERV1	GGLTR7-int	NC_052563.1:53959-55607+	NC_052571.1:5879771-5884147+	38	160	0	298,299,307,311,318	134,135,147,151,158	1	7,8,9,10,11	25	25	1464	38|16|20|14|8|7|18|18|4|7|3|7
GA	Galgal	LTR	ERV1	GGLTR7-int	NC_052563.1:53959-55607+	NC_052571.1:5086080-5092421+	52	190	0	410,418,419,420,431	1802,1810,1811,1812,1820	1	20,21,22,23,24	19	19	1642	52|24|19|12|8|6|23|16|4|9|9|8
GA	Galgal	LTR	ERV1	GGLTR7-int	NC_052563.1:53959-55607+	NC_052571.1:8757597-8762430+	45	194	0	242,250,253,262,280	237,245,248,257,275	1	6,7,8,9,10	39	39	1562	45|26|14|15|13|6|23|22|5|8|7|10
GA	Galgal	LTR	ERV1	GGLTR7-int	NC_052563.1:53959-55607+	NC_052571.1:7643954-7650249+	45	187	0	298,299,307,311,318	1625,1626,1639,1643,1650	1	11,12,13,14,15	26	26	1580	45|23|21|16|7|5|24|20|4|8|5|9
GA	Galgal	LTR	ERV1	GGLTR7-int	NC_052563.1:53959-55607+	NC_052571.1:8826954-8828600-	45	176	0	298,299,307,311,315,318	116,117,129,133,137,140	1	6,7,8,9,10,11	25	25	1395	45|19|14|16|9|10|22|19|2|7|5|8
GA	Galgal	LTR	ERV1	GGLTR7-int	NC_052563.1:53959-55607+	NC_052571.1:6067508-6069820-	30	118	0	298,299,307,311,318	1683,1684,1697,1701,1708	1	8,9,10,11,12	26	26	902	30|16|9|8|6|7|12|12|5|5|5|3
GA	Galgal	LTR	ERV1	GGLTR7-int	NC_052563.1:53959-55607+	NC_052572.1:68661861-68662653-	26	64	0	196,237,247,250,253	493,535,545,548,551	1	9,10,11,12,13	59	59	496	26|9|2|5|2|2|9|5|1|1|2|0
GA	Galgal	LTR	ERV1	GGLTR7A	NC_052535.1:62622182-62622792-	NC_052571.1:6029430-6030040-	13	40	0	177,196,213,89,98	177,196,213,89,98	1	2,3,4,5,6	125	125	610	13|5|1|0|0|1|9|7|1|0|1|2
GA	Galgal	LTR	ERV1	GGLTR7A	NC_052535.1:62622182-62622792-	NC_052571.1:5983846-5984456+	13	40	0	177,196,213,89,98	177,196,213,89,98	1	2,3,4,5,6	125	125	610	13|5|1|0|0|1|9|7|1|0|1|2
GA	Galgal	LTR	ERV1	GGLTR7-int	NC_052563.1:100707-102335-	NC_052571.1:5086080-5092421+	50	186	0	411,423,424,429,433	1802,1810,1811,1816,1820	1	19,20,21,22,23	19	19	1632	50|23|16|11|8|7|23|16|4|11|9|8
GA	Galgal	LTR	ERV1	GGLTR7-int	NC_052563.1:100707-102335-	NC_052571.1:3667545-3672454-	43	175	0	419,422,423,424,429,431,432	1809,1812,1813,1814,1819,1821,1822	1	15,16,17,18,19,20,21	14	14	1588	43|22|16|9|7|12|19|20|7|5|6|9
GA	Galgal	LTR	ERV1	GGLTR7-int	NC_052563.1:100707-102335-	NC_052571.1:1654797-1657227+	36	176	0	316,318,319,324,331	966,969,970,976,989	1	12,13,14,15,16	24	24	1527	36|29|14|13|6|11|29|19|3|3|6|7
GA	Galgal	LTR	ERV1	GGLTR7-int	NC_052563.1:100707-102335-	NC_052571.1:2043913-2044937-	33	111	0	419,422,423,424,429	685,688,689,690,695	1	18,19,20,21,22	11	11	763	33|16|7|6|4|3|15|9|5|4|5|4
GA	Galgal	LTR	ERV1	GGLTR7A	NC_052535.1:74928528-74929126-	NC_052543.1:100936-101546-	9	32	0	113,147,151,51,89	113,147,151,51,89	1	2,3,4,5,6	101	101	601	9|1|0|0|1|0|8|12|0|0|0|1
GA	Galgal	LTR	ERV1	GGLTR7A	NC_052535.1:74928528-74929126-	NC_052571.1:4120162-4120771-	16	52	0	391,399,400,407,421	401,409,410,417,431	1	10,11,12,13,14	31	31	603	16|5|1|3|1|0|7|12|0|2|2|3
GA	Galgal	LTR	ERV1	GGLTR7A	NC_052535.1:74928528-74929126-	NC_052571.1:4113793-4114402+	16	51	0	391,399,400,407,421	401,409,410,417,431	1	10,11,12,13,14	31	31	590	16|5|1|3|1|0|6|12|0|2|2|3
GA	Galgal	LTR	ERV1	GGLTR7A	NC_052535.1:90251953-90252540+	NC_052549.1:5972089-5972679+	14	46	0	232,239,241,262,265	232,239,241,262,265	1	5,6,7,8,9	34	34	588	14|8|2|3|2|2|6|5|1|0|2|1
GA	Galgal	LTR	ERV1	GGLTR7A	NC_052535.1:90251953-90252540+	NC_052571.1:8822968-8823518-	15	41	0	177,187,239,241,262	138,148,200,202,223	1	3,4,5,6,7	86	86	549	15|7|0|1|2|3|3|8|0|1|0|1
GA	Galgal	LTR	ERV1	GGLTR7A	NC_052535.1:90251953-90252540+	NC_052571.1:8100481-8101070+	17	58	0	233,239,241,262,265	233,239,241,262,265	1	5,6,7,8,9	33	33	588	17|4|0|1|6|4|7|9|1|2|4|3
GA	Galgal	LTR	ERV1	GGLTR7A	NC_052535.1:90251953-90252540+	NC_052571.1:6797527-6798139-	17	42	0	183,187,239,241,252,262	183,187,239,241,252,262	1	7,8,9,10,11,12	80	80	599	17|3|2|1|2|2|4|6|2|1|1|1
GA	Galgal	LTR	ERV1	GGLTR7A	NC_052535.1:90251953-90252540+	NC_052572.1:73573984-73574587-	17	41	0	197,203,239,241,262,265	193,199,235,237,258,261	1	7,8,9,10,11,12	69	69	595	17|6|1|2|1|2|4|5|2|0|1|0
GA	Galgal	LTR	ERV1	GGLTR7A	NC_052535.1:90251953-90252540+	NC_052571.1:6855668-6856285+	11	36	0	187,207,232,239,241	187,207,232,239,241	1	3,4,5,6,7	55	55	602	11|7|1|1|1|3|2|6|2|1|0|1
GA	Galgal	LTR	ERV1	GGLTR7A	NC_052535.1:90251953-90252540+	NC_052571.1:8597419-8598018-	12	50	0	224,239,241,262,265	224,239,241,262,265	1	5,6,7,8,9	42	42	593	12|14|1|1|1|3|7|8|1|1|0|1
GA	Galgal	LTR	ERV1	GGLTR7A	NC_052535.1:90251953-90252540+	NC_052571.1:1450654-1451138-	13	34	0	239,241,262,265,290	239,241,262,265,290	1	6,7,8,9,10	52	52	483	13|8|1|0|0|1|5|2|1|1|1|1
GA	Galgal	LTR	ERV1	GGLTR7A	NC_052535.1:90251953-90252540+	NC_052571.1:49529-50113-	18	62	0	202,207,235,239,241	200,205,233,237,239	1	8,9,10,11,12	40	40	572	18|8|1|1|4|3|12|11|0|1|1|2
GA	Galgal	LTR	ERV1	GGLTR7A	NC_052535.1:90251953-90252540+	NC_052571.1:2180644-2181173+	14	33	0	187,207,239,241,252	187,207,239,241,252	1	2,3,4,5,6	66	66	517	14|5|1|0|3|1|1|5|2|0|0|1
GA	Galgal	LTR	ERV1	GGLTR7-int	NC_052565.1:3195458-3201901-	NC_052571.1:2887203-2889741-	21	109	0	5424,5441,5442,5451,5529,5534	2094,2110,2111,2120,2198,2203	1	16,17,18,19,20,21	110	110	2544	21|29|8|6|5|2|17|11|0|5|1|4
GA	Galgal	LTR	ERV1	GGLTR7A	NC_052536.1:2745106-2745715-	NC_052543.1:100936-101546-	6	29	0	113,151,153,30,31,89	113,151,153,30,31,89	1	1,2,3,4,5,6	124	124	609	6|1|1|0|0|1|6|11|1|0|1|1
GA	Galgal	LTR	ERV1	GGLTR7-int	NC_052565.1:3195458-3201901-	NC_052571.1:8811596-8813551-	30	117	0	1325,1352,1357,1365,1380,1393	1233,1260,1265,1273,1288,1301	1	21,22,23,24,25,26	69	69	1486	30|17|2|7|6|6|18|16|3|7|2|3
GA	Galgal	LTR	ERV1	GGLTR7A	NC_052536.1:3301136-3301735+	NC_052543.1:94527-95137-	7	35	0	113,117,122,151,153	113,117,122,151,153	1	2,3,4,5,6	41	41	597	7|2|0|0|0|2|9|6|2|2|4|1
GA	Galgal	LTR	ERV1	GGLTR7A	NC_052536.1:3301136-3301735+	NC_052543.1:100936-101546-	9	37	0	113,117,122,151,153,89	113,117,122,151,153,89	1	3,4,5,6,7,8	65	65	597	9|2|0|0|0|0|10|7|2|2|4|1
GA	Galgal	LTR	ERV1	GGLTR7A	NC_052536.1:5958302-5958911-	NC_052543.1:100936-101546-	10	44	0	113,151,153,89,99	113,151,153,89,99	1	3,4,5,6,7	65	65	609	10|6|1|0|1|2|9|7|2|4|0|2
GA	Galgal	LTR	ERV1	GGLTR7A	NC_052536.1:5958302-5958911-	NC_052571.1:6029430-6030040-	14	50	0	177,196,89,98,99	177,196,89,98,99	1	2,3,4,5,6	108	108	609	14|7|1|0|1|3|9|8|2|2|1|2
GA	Galgal	LTR	ERV1	GGLTR7A	NC_052536.1:5958302-5958911-	NC_052571.1:5983846-5984456+	14	50	0	177,196,89,98,99	177,196,89,98,99	1	2,3,4,5,6	108	108	609	14|7|1|0|1|3|9|8|2|2|1|2
GA	Galgal	LTR	ERV1	GGLTR7-int	NC_052565.1:3320631-3327030+	NC_052572.1:80781397-80787089-	53	543	0	5486,5490,5491,5495,5496	5127,5131,5132,5136,5137	1	49,50,51,52,53	11	11	5201	53|49|32|12|20|12|76|86|21|102|60|20
GA	Galgal	LTR	ERV1	GGLTR7-int	NC_052565.1:3320631-3327030+	NC_052571.1:5040906-5043760-	32	181	0	5472,5486,5491,5496,5598	1929,1943,1948,1953,2054	1	17,18,19,20,21	126	126	2854	32|38|7|12|8|6|31|23|6|8|5|5
GA	Galgal	LTR	ERV1	GGLTR7-int	NC_052565.1:3320631-3327030+	NC_052571.1:2887203-2889741-	23	112	0	5398,5399,5408,5486,5490,5491	2110,2111,2120,2198,2202,2203	1	18,19,20,21,22,23	94	94	2542	23|29|7|6|6|2|17|12|0|5|1|4
GA	Galgal	LTR	ERV1	GGLTR7A	NC_052536.1:53281232-53281830-	NC_052571.1:7821809-7822419+	13	45	0	189,204,223,226,237	199,214,233,236,247	1	4,5,6,7,8	49	49	563	13|5|2|1|5|2|4|6|2|4|1|0
GA	Galgal	LTR	ERV1	GGLTR7A	NC_052536.1:58916042-58916648+	NC_052572.1:51733655-51734263-	17	52	0	359,364,376,379,388	360,365,377,380,389	1	9,10,11,12,13	30	30	606	17|14|0|1|2|0|5|7|3|1|0|2
GA	Galgal	LTR	ERV1	GGLTR7A	NC_052536.1:58916042-58916648+	NC_052572.1:30321172-30321782+	22	54	0	359,364,368,379,380,405,428	362,367,371,382,383,409,432	1	8,9,10,11,12,13,14	71	71	608	22|9|1|1|4|1|2|6|2|2|0|4
GA	Galgal	LTR	ERV1	GGLTR7A	NC_052536.1:58916042-58916648+	NC_052543.1:100936-101546-	14	50	0	114,118,145,163,174	113,117,147,165,176	1	5,6,7,8,9	64	64	595	14|8|0|1|2|0|8|10|2|1|1|3
GA	Galgal	LTR	ERV1	GGLTR7A	NC_052536.1:58916042-58916648+	NC_052571.1:2429537-2430147+	17	55	0	118,145,163,174,189	117,147,165,176,191	1	3,4,5,6,7	75	75	595	17|10|0|2|2|0|6|11|2|1|1|3
GA	Galgal	LTR	ERV1	GGLTR7A	NC_052537.1:7856075-7856662+	NC_052572.1:30492835-30493444-	13	46	0	287,289,295,297,318	286,288,294,296,317	1	4,5,6,7,8	32	32	520	13|9|1|5|1|1|5|4|0|1|2|4
GA	Galgal	LTR	ERV1	GGLTR7-int	NC_052571.1:35378-39245-	NC_052571.1:8015391-8020939+	66	334	0	1847,1884,1891,1930,1935	3513,3549,3556,3595,3600	1	26,27,28,29,30	88	88	3879	66|65|19|21|17|17|45|32|17|14|9|12
GA	Galgal	LTR	ERV1	GGLTR7-int	NC_052571.1:35378-39245-	NC_052571.1:5040906-5043760-	42	220	0	2935,2937,2951,2961,2988	1927,1929,1943,1953,1980	1	26,27,28,29,30	54	54	2849	42|51|9|18|9|8|29|19|12|7|6|10
GA	Galgal	LTR	ERV1	GGLTR7A	NC_052541.1:602956-603545-	NC_052571.1:2321388-2321976+	15	38	0	121,132,156,186,191	122,133,157,187,192	1	1,2,3,4,5	71	71	588	15|5|0|2|3|1|6|3|1|1|1|0
GA	Galgal	LTR	ERV1	GGLTR7A	NC_052541.1:602956-603545-	NC_052571.1:1588881-1589469-	12	44	0	377,380,381,382,388	376,379,380,381,387	1	7,8,9,10,11	12	12	583	12|9|1|1|3|1|8|4|0|2|2|1
GA	Galgal	LTR	ERV1	GGLTR7A	NC_052541.1:602956-603545-	NC_052571.1:1407048-1407636-	12	44	0	377,380,381,382,388	376,379,380,381,387	1	7,8,9,10,11	12	12	583	12|9|1|1|3|1|8|4|0|2|2|1
GA	Galgal	LTR	ERV1	GGLTR7A	NC_052541.1:602956-603545-	NC_052571.1:8100481-8101070+	14	48	0	269,270,273,318,322	270,271,274,316,320	1	7,8,9,10,11	51	51	584	14|4|0|1|6|4|6|4|1|2|4|2
GA	Galgal	LTR	ERV1	GGLTR7A	NC_052541.1:602956-603545-	NC_052571.1:8122854-8123449-	14	45	0	269,270,273,318,322	276,277,280,322,326	1	7,8,9,10,11	51	51	587	14|5|0|3|4|3|8|3|1|0|1|3
GA	Galgal	LTR	ERV1	GGLTR7A	NC_052541.1:602956-603545-	NC_052571.1:6797527-6798139-	15	36	0	113,131,132,156,182,186	114,132,133,157,183,187	1	3,4,5,6,7,8	74	74	600	15|4|2|1|1|1|4|4|2|1|1|0
GA	Galgal	LTR	ERV1	GGLTR7A	NC_052541.1:602956-603545-	NC_052572.1:30321172-30321782+	18	41	0	361,362,377,388,411,445	382,383,398,409,432,466	1	8,9,10,11,12,13	85	85	591	18|6|0|1|4|2|2|3|1|2|0|2
GA	Galgal	LTR	ERV1	GGLTR7A	NC_052541.1:602956-603545-	NC_052572.1:73573984-73574587-	17	44	0	108,115,129,132,156	105,112,126,129,153	1	1,2,3,4,5	49	49	596	17|8|1|1|2|3|3|5|2|0|2|0
GA	Galgal	LTR	ERV1	GGLTR7A	NC_052541.1:602956-603545-	NC_052571.1:3824738-3825325-	17	59	0	356,377,382,388,445	354,375,380,386,443	1	11,12,13,14,15	90	90	581	17|9|2|3|2|3|12|3|3|2|2|1
GA	Galgal	LTR	ERV1	GGLTR7A	NC_052541.1:602956-603545-	NC_052571.1:1715955-1716541-	20	56	0	481,495,497,521,542	478,492,494,518,539	1	15,16,17,18,19	62	62	574	20|8|0|2|4|3|7|9|1|0|1|1
GA	Galgal	LTR	ERV1	GGLTR7A	NC_052541.1:602956-603545-	NC_052572.1:11521788-11522378+	18	68	0	132,156,176,182,186	133,157,177,183,187	1	3,4,5,6,7	55	55	589	18|12|2|6|2|3|8|9|4|2|2|0
GA	Galgal	LTR	ERV1	GGLTR7-int	NC_052571.1:784877-785696-	NC_052572.1:48440354-48441239-	18	61	0	109,123,150,82,87	103,117,144,76,81	1	1,2,3,4,5	69	69	697	18|5|2|3|1|2|13|8|4|0|2|3
GA	Galgal	LTR	ERV1	GGLTR7-int	NC_052571.1:784877-785696-	NC_052572.1:44301131-44303025-	22	79	0	102,109,113,117,87,95	892,900,907,914,918,922	1	1,2,3,4,5,6	31	31	554	22|9|0|8|2|1|13|8|6|2|6|2
GA	Galgal	LTR	ERV1	GGLTR7A	NC_052543.1:94527-95137-	NC_052571.1:1969561-1970170-	14	28	0	213,228,287,312,366	213,228,287,312,366	1	3,4,5,6,7	154	154	609	14|3|2|0|0|1|4|1|1|0|0|2
GA	Galgal	LTR	ERV1	GGLTR7A	NC_052543.1:94527-95137-	NC_052571.1:7139409-7140018+	10	29	0	493,506,516,533,607	492,505,515,532,606	1	6,7,8,9,10	115	115	609	10|6|0|1|0|1|5|3|1|0|0|2
GA	Galgal	LTR	ERV1	GGLTR7A	NC_052543.1:94527-95137-	NC_052571.1:4120162-4120771-	15	51	0	402,410,411,418,432	401,409,410,417,431	1	8,9,10,11,12	31	31	609	15|9|2|3|0|1|5|6|2|1|2|5
GA	Galgal	LTR	ERV1	GGLTR7A	NC_052543.1:94527-95137-	NC_052571.1:4113793-4114402+	15	50	0	402,410,411,418,432	401,409,410,417,431	1	8,9,10,11,12	31	31	596	15|9|2|3|0|1|5|6|1|1|2|5
GA	Galgal	LTR	ERV1	GGLTR7A	NC_052543.1:100936-101546-	NC_052571.1:7139409-7140018+	11	31	0	493,506,516,533,607	492,505,515,532,606	1	7,8,9,10,11	115	115	609	11|7|0|1|0|1|7|3|1|0|0|0
GA	Galgal	LTR	ERV1	GGLTR7A	NC_052543.1:100936-101546-	NC_052571.1:2650246-2650855+	13	44	0	484,514,516,533,542	484,514,516,533,542	1	9,10,11,12,13	59	59	606	13|7|2|0|1|2|8|7|0|1|2|1
GA	Galgal	LTR	ERV1	GGLTR7A	NC_052543.1:100936-101546-	NC_052571.1:4120162-4120771-	15	52	0	402,410,411,418,432	401,409,410,417,431	1	8,9,10,11,12	31	31	609	15|10|2|4|0|1|7|6|2|1|2|2
GA	Galgal	LTR	ERV1	GGLTR7A	NC_052543.1:100936-101546-	NC_052571.1:4113793-4114402+	15	51	0	402,410,411,418,432	401,409,410,417,431	1	8,9,10,11,12	31	31	596	15|10|2|4|0|1|7|6|1|1|2|2
GA	Galgal	LTR	ERV1	GGLTR7A	NC_052543.1:1119962-1120571+	NC_052571.1:1969561-1970170-	12	24	0	361,366,385,408,409	361,366,385,408,409	1	6,7,8,9,10	49	49	609	12|1|3|2|0|0|2|2|2|0|0|0
GA	Galgal	LTR	ERV1	GGLTR7A	NC_052543.1:1119962-1120571+	NC_052571.1:1976557-1977163-	10	23	0	361,370,385,408,409	358,367,382,405,406	1	4,5,6,7,8	49	49	607	10|2|2|2|1|0|1|3|1|0|0|1
GA	Galgal	LTR	ERV1	GGLTR7A	NC_052543.1:1119962-1120571+	NC_052571.1:4120162-4120771-	13	49	0	401,409,410,417,431	401,409,410,417,431	1	7,8,9,10,11	31	31	609	13|8|3|4|1|0|3|8|2|1|2|4
GA	Galgal	LTR	ERV1	GGLTR7A	NC_052543.1:1119962-1120571+	NC_052571.1:4113793-4114402+	13	49	0	401,409,410,417,431	401,409,410,417,431	1	7,8,9,10,11	31	31	596	13|8|3|4|1|0|3|8|2|1|2|4
GA	Galgal	LTR	ERV1	GGLTR7A	NC_052543.1:1125420-1125639+	NC_052571.1:7569583-7570183-	7	10	0	15,51,6,75,80	15,51,6,75,80	1	1,2,3,4,5	75	75	219	7|1|0|1|0|0|0|1|0|0|0|0
GA	Galgal	LTR	ERV1	GGLTR7A	NC_052543.1:1125420-1125639+	NC_052572.1:74455951-74456196+	7	11	0	15,17,51,75,80	15,17,51,75,80	1	1,2,3,4,5	66	66	219	7|3|0|0|0|0|0|1|0|0|0|0
GA	Galgal	LTR	ERV1	GGLTR7A	NC_052543.1:1125420-1125639+	NC_052572.1:74941912-74942157+	8	12	0	15,51,75,80,89	15,51,75,80,89	1	1,2,3,4,5	75	75	219	8|3|0|0|0|0|0|1|0|0|0|0
GA	Galgal	LTR	ERV1	GGLTR7A	NC_052543.1:1125420-1125639+	NC_052571.1:6824892-6825500+	6	10	0	15,51,6,75,80	15,51,6,75,80	1	1,2,3,4,5	75	75	216	6|2|0|0|0|0|0|1|1|0|0|0
GA	Galgal	LTR	ERV1	GGLTR7-int	NC_052571.1:896928-899229-	NC_052571.1:8811596-8813551-	35	139	0	1712,1738,1740,1744,1762	1623,1649,1651,1655,1673	1	27,28,29,30,31	51	51	1954	35|17|5|7|6|9|20|13|6|8|5|8
GA	Galgal	LTR	ERV1	GGLTR7A	NC_052543.1:1133775-1134384+	NC_052571.1:4120162-4120771-	13	47	0	401,409,410,417,431	401,409,410,417,431	1	7,8,9,10,11	31	31	609	13|7|2|3|1|0|6|8|1|1|2|3
GA	Galgal	LTR	ERV1	GGLTR7A	NC_052543.1:1133775-1134384+	NC_052571.1:4113793-4114402+	13	47	0	401,409,410,417,431	401,409,410,417,431	1	7,8,9,10,11	31	31	596	13|7|2|3|1|0|6|8|1|1|2|3
GA	Galgal	LTR	ERV1	GGLTR7A	NC_052543.1:1139245-1139464+	NC_052571.1:7569583-7570183-	7	10	0	15,51,6,75,80	15,51,6,75,80	1	1,2,3,4,5	75	75	219	7|1|0|1|0|0|0|1|0|0|0|0
GA	Galgal	LTR	ERV1	GGLTR7A	NC_052543.1:1139245-1139464+	NC_052572.1:74455951-74456196+	7	11	0	15,17,51,75,80	15,17,51,75,80	1	1,2,3,4,5	66	66	219	7|3|0|0|0|0|0|1|0|0|0|0
GA	Galgal	LTR	ERV1	GGLTR7A	NC_052543.1:1139245-1139464+	NC_052572.1:74941912-74942157+	8	12	0	15,51,75,80,89	15,51,75,80,89	1	1,2,3,4,5	75	75	219	8|3|0|0|0|0|0|1|0|0|0|0
GA	Galgal	LTR	ERV1	GGLTR7A	NC_052543.1:1139245-1139464+	NC_052571.1:6824892-6825500+	6	10	0	15,51,6,75,80	15,51,6,75,80	1	1,2,3,4,5	75	75	216	6|2|0|0|0|0|0|1|1|0|0|0
GA	Galgal	LTR	ERV1	GGLTR7A	NC_052543.1:1147615-1148224+	NC_052571.1:4120162-4120771-	13	47	0	401,409,410,417,431	401,409,410,417,431	1	7,8,9,10,11	31	31	609	13|7|2|3|1|0|6|8|1|1|2|3
GA	Galgal	LTR	ERV1	GGLTR7A	NC_052543.1:1147615-1148224+	NC_052571.1:4113793-4114402+	13	47	0	401,409,410,417,431	401,409,410,417,431	1	7,8,9,10,11	31	31	596	13|7|2|3|1|0|6|8|1|1|2|3
GA	Galgal	LTR	ERV1	GGLTR7-int	NC_052571.1:1016141-1016797-	NC_052571.1:6772112-6772943+	13	44	0	261,271,295,318,320	492,502,526,548,550	1	4,5,6,7,8	59	59	487	13|7|3|1|0|1|8|6|1|1|1|2
GA	Galgal	LTR	ERV1	GGLTR7-int	NC_052571.1:1017322-1017582-	NC_052572.1:44301131-44303025-	12	38	0	101,108,119,123,93	892,900,907,918,922	1	4,5,6,7,8	31	31	255	12|6|0|2|1|0|6|6|2|0|0|3
GA	Galgal	LTR	ERV1	GGLTR7-int	NC_052571.1:1017631-1019648-	NC_052571.1:4882981-4885694+	43	192	0	794,803,805,817,824	803,812,814,826,833	1	21,22,23,24,25	31	31	1989	43|27|9|6|9|14|30|28|1|14|5|6
GA	Galgal	LTR	ERV1	GGLTR7-int	NC_052571.1:1017631-1019648-	NC_052571.1:8297226-8301799-	34	234	0	613,627,633,641,648	1681,1694,1704,1713,1720	1	14,15,16,17,18	40	40	1964	34|35|16|13|13|13|43|30|6|12|8|11
GA	Galgal	LTR	ERV1	GGLTR7-int	NC_052571.1:1017631-1019648-	NC_052571.1:2167054-2168300+	18	75	0	523,528,555,560,571	380,385,411,416,427	1	4,5,6,7,8	48	48	598	18|13|1|4|1|8|7|7|4|3|6|3
GA	Galgal	LTR	ERV1	GGLTR7-int	NC_052571.1:1017631-1019648-	NC_052571.1:4944534-4946235+	11	50	0	1321,1324,1338,1341,1363	720,723,737,740,761	1	4,5,6,7,8	42	42	582	11|4|1|1|4|4|10|6|2|3|1|3
GA	Galgal	LTR	ERV1	GGLTR7A	NC_052543.1:1200881-1201490+	NC_052571.1:1969561-1970170-	10	16	0	312,366,385,408,409	312,366,385,408,409	1	5,6,7,8,9	98	98	609	10|0|2|0|0|0|3|1|0|0|0|0
GA	Galgal	LTR	ERV1	GGLTR7A	NC_052543.1:1200881-1201490+	NC_052571.1:4120162-4120771-	13	45	0	401,409,410,417,431	401,409,410,417,431	1	7,8,9,10,11	31	31	609	13|7|2|3|0|0|6|7|1|1|2|3
GA	Galgal	LTR	ERV1	GGLTR7A	NC_052543.1:1200881-1201490+	NC_052571.1:4113793-4114402+	13	45	0	401,409,410,417,431	401,409,410,417,431	1	7,8,9,10,11	31	31	596	13|7|2|3|0|0|6|7|1|1|2|3
GA	Galgal	LTR	ERV1	GGLTR7A	NC_052547.1:14314-14896-	NC_052571.1:4120162-4120771-	12	49	0	374,382,383,390,404	401,409,410,417,431	1	7,8,9,10,11	31	31	595	12|6|2|4|0|0|5|10|2|2|2|4
GA	Galgal	LTR	ERV1	GGLTR7A	NC_052547.1:14314-14896-	NC_052571.1:1588881-1589469-	17	64	0	373,374,375,381,390	379,380,381,387,396	1	10,11,12,13,14	18	18	572	17|8|1|1|1|1|16|10|2|2|4|1
GA	Galgal	LTR	ERV1	GGLTR7A	NC_052547.1:14314-14896-	NC_052571.1:1407048-1407636-	17	64	0	373,374,375,381,390	379,380,381,387,396	1	10,11,12,13,14	18	18	572	17|8|1|1|1|1|16|10|2|2|4|1
GA	Galgal	LTR	ERV1	GGLTR7A	NC_052547.1:14314-14896-	NC_052571.1:4113793-4114402+	12	49	0	374,382,383,390,404	401,409,410,417,431	1	7,8,9,10,11	31	31	582	12|6|2|4|0|0|5|10|2|2|2|4
GA	Galgal	LTR	ERV1	GGLTR7A	NC_052547.1:2687348-2687931+	NC_052571.1:4120162-4120771-	12	49	0	374,382,383,390,404	401,409,410,417,431	1	7,8,9,10,11	31	31	596	12|6|2|4|0|0|5|10|2|2|2|4
GA	Galgal	LTR	ERV1	GGLTR7A	NC_052547.1:2687348-2687931+	NC_052571.1:1588881-1589469-	17	64	0	373,374,375,381,390	379,380,381,387,396	1	10,11,12,13,14	18	18	572	17|8|1|1|1|1|16|10|2|2|4|1
GA	Galgal	LTR	ERV1	GGLTR7A	NC_052547.1:2687348-2687931+	NC_052571.1:1407048-1407636-	17	64	0	373,374,375,381,390	379,380,381,387,396	1	10,11,12,13,14	18	18	572	17|8|1|1|1|1|16|10|2|2|4|1
GA	Galgal	LTR	ERV1	GGLTR7A	NC_052547.1:2687348-2687931+	NC_052571.1:4113793-4114402+	12	49	0	374,382,383,390,404	401,409,410,417,431	1	7,8,9,10,11	31	31	583	12|6|2|4|0|0|5|10|2|2|2|4
GA	Galgal	LTR	ERV1	GGLTR7-int	NC_052571.1:1232668-1234285-	NC_052571.1:4220089-4226110+	19	108	0	953,961,963,964,965	1421,1437,1439,1440,1441	1	7,8,9,10,11	21	21	1068	19|9|3|8|3|10|22|12|6|6|3|7
GA	Galgal	LTR	ERV1	GGLTR7A	NC_052548.1:480831-481440-	NC_052571.1:2650246-2650855+	14	48	0	483,504,513,541,562	484,505,514,542,563	1	10,11,12,13,14	80	80	608	14|3|2|0|1|5|8|8|2|1|3|1
GA	Galgal	LTR	ERV1	GGLTR7-int	NC_052571.1:1232668-1234285-	NC_052571.1:8592361-8593788+	11	69	0	961,963,964,965,968,976	1174,1176,1177,1178,1181,1189	1	3,4,5,6,7,8	16	16	630	11|5|3|5|2|10|5|5|8|4|7|4
GA	Galgal	LTR	ERV1	GGLTR7-int	NC_052571.1:1232668-1234285-	NC_052571.1:3667545-3672454-	15	65	0	961,964,965,966,971,974	1809,1812,1813,1814,1819,1822	1	6,7,8,9,10,11	14	14	703	15|5|1|4|1|5|8|10|2|3|3|8
GA	Galgal	LTR	ERV1	GGLTR7-int	NC_052571.1:1232668-1234285-	NC_052571.1:3723916-3727502-	20	85	0	961,963,964,965,976	1806,1808,1809,1810,1821	1	11,12,13,14,15	16	16	705	20|4|4|7|3|5|10|9|6|4|5|8
GA	Galgal	LTR	ERV1	GGLTR7A	NC_052549.1:674521-675117+	NC_052571.1:4120162-4120771-	14	48	0	396,397,404,418,429	409,410,417,431,442	1	9,10,11,12,13	34	34	596	14|7|3|3|0|1|6|6|1|1|2|4
GA	Galgal	LTR	ERV1	GGLTR7A	NC_052549.1:674521-675117+	NC_052571.1:4113793-4114402+	14	48	0	396,397,404,418,429	409,410,417,431,442	1	9,10,11,12,13	34	34	596	14|7|3|3|0|1|6|6|1|1|2|4
GA	Galgal	LTR	ERV1	GGLTR7-int	NC_052571.1:1418644-1422458+	NC_052571.1:8811596-8813551-	29	118	0	1095,1098,1121,1127,1145	1623,1626,1649,1655,1673	1	20,21,22,23,24	51	51	1392	29|9|2|10|2|6|24|19|5|5|2|5
GA	Galgal	LTR	ERV1	GGLTR7A	NC_052551.1:1939759-1940347+	NC_052571.1:8100481-8101070+	12	54	0	221,240,277,278,281,294	214,233,270,271,274,288	1	3,4,5,6,7,8	75	75	564	12|3|0|2|3|3|12|7|0|4|4|4
GA	Galgal	LTR	ERV1	GGLTR7A	NC_052551.1:1939759-1940347+	NC_052571.1:8597419-8598018-	11	49	0	221,231,277,281,313	214,224,270,274,317	1	4,5,6,7,8	104	104	571	11|10|1|2|1|1|11|6|0|2|2|2
GA	Galgal	LTR	ERV1	GGLTR7-int	NC_052571.1:1430344-1433213-	NC_052571.1:6246315-6251388+	65	287	0	1999,2004,2016,2029,2033	4196,4201,4212,4225,4229	1	42,43,44,45,46	34	34	2828	65|32|4|9|14|10|73|44|3|14|6|13
GA	Galgal	LTR	ERV1	GGLTR7-int	NC_052571.1:1435450-1436028-	NC_052571.1:8700693-8701262-	16	47	0	437,439,447,458,461	279,281,289,300,303	1	8,9,10,11,12	25	25	342	16|7|2|3|1|4|6|3|1|3|0|1
GA	Galgal	LTR	ERV1	GGLTR7-int	NC_052571.1:1461164-1462632+	NC_052571.1:9061300-9066868+	36	186	0	319,338,346,362,372	3821,3840,3848,3864,3874	1	5,6,7,8,9	54	54	1062	36|24|7|4|7|15|35|24|6|4|7|17
GA	Galgal	LTR	ERV1	GGLTR7-int	NC_052571.1:1600486-1604229+	NC_052571.1:8811596-8813551-	28	117	0	1088,1091,1114,1120,1138	1623,1626,1649,1655,1673	1	19,20,21,22,23	51	51	1389	28|8|2|11|2|6|23|19|5|6|2|5
GA	Galgal	LTR	ERV1	GGLTR7-int	NC_052571.1:1654797-1657227+	NC_052571.1:2399856-2405352+	48	232	0	874,875,884,898,921	1630,1631,1640,1654,1677	1	16,17,18,19,20	48	48	2212	48|24|9|5|9|14|44|34|14|10|8|13
GA	Galgal	LTR	ERV1	GGLTR7-int	NC_052571.1:1654797-1657227+	NC_052571.1:8757597-8762430+	31	172	0	869,882,884,891,898,911	215,228,230,237,244,257	1	5,6,7,8,9,10	43	43	1714	31|22|4|10|4|8|31|29|10|7|5|11
GA	Galgal	LTR	ERV1	GGLTR7-int	NC_052571.1:1654797-1657227+	NC_052571.1:6795537-6796722-	21	105	0	873,882,884,886,895,898	963,972,974,976,985,988	1	14,15,16,17,18,19	26	26	972	21|13|3|2|5|5|18|18|4|4|6|6
GA	Galgal	LTR	ERV1	GGLTR7-int	NC_052571.1:1654797-1657227+	NC_052571.1:4021581-4023470+	24	111	0	874,878,882,884,898	1614,1618,1622,1624,1638	1	18,19,20,21,22	25	25	924	24|12|5|1|2|3|24|14|8|5|2|11
GA	Galgal	LTR	ERV1	GGLTR7-int	NC_052571.1:1878040-1879217-	NC_052571.1:6246315-6251388+	24	123	0	385,386,390,403,425	162,163,167,179,201	1	2,3,4,5,6	40	40	939	24|22|9|10|6|5|22|11|2|3|3|6
GA	Galgal	LTR	ERV1	GGLTR7-int	NC_052571.1:1878040-1879217-	NC_052571.1:8757597-8762430+	25	108	0	383,385,386,390,403	40,42,43,47,59	1	1,2,3,4,5	20	20	831	25|23|4|8|1|5|19|10|3|4|5|1
GA	Galgal	LTR	ERV1	GGLTR7-int	NC_052571.1:1970170-1976557-	NC_052571.1:2399856-2405352+	55	287	0	3781,3814,3826,3845,3891	3772,3806,3818,3837,3883	1	37,38,39,40,41	112	112	5497	55|32|10|10|15|15|47|42|10|14|20|17
GA	Galgal	LTR	ERV1	GGLTR7-int	NC_052571.1:1970170-1976557-	NC_052571.1:2425896-2429537+	26	126	0	3781,3814,3826,3845,3891	1062,1096,1108,1127,1173	1	6,7,8,9,10	112	112	3331	26|13|8|2|5|5|23|18|5|5|5|11
GA	Galgal	LTR	ERV1	GGLTR7-int	NC_052571.1:1970170-1976557-	NC_052571.1:5980543-5983846+	39	173	0	3781,3826,3891,3903,3922	692,737,802,814,833	1	8,9,10,11,12	142	142	3300	39|24|9|8|7|8|19|25|8|8|6|12
GA	Galgal	LTR	ERV1	GGLTR7A	NC_052565.1:2871658-2872267-	NC_052571.1:4120162-4120771-	14	49	0	401,409,410,431,446	401,409,410,431,446	1	9,10,11,12,13	46	46	609	14|13|5|2|3|0|2|3|2|1|1|3
GA	Galgal	LTR	ERV1	GGLTR7A	NC_052565.1:2871658-2872267-	NC_052571.1:4113793-4114402+	14	48	0	401,409,410,431,446	401,409,410,431,446	1	9,10,11,12,13	46	46	596	14|13|5|2|2|0|2|3|2|1|1|3
GA	Galgal	LTR	ERV1	GGLTR7-int	NC_052571.1:1970170-1976557-	NC_052571.1:8823517-8826616-	45	240	0	4249,4250,4254,4255,4264	1033,1034,1038,1039,1048	1	14,15,16,17,18	16	16	3095	45|27|11|14|8|12|42|28|4|10|15|24
GA	Galgal	LTR	ERV1	GGLTR7-int	NC_052571.1:1970170-1976557-	NC_052571.1:2887203-2889741-	23	109	0	5364,5382,5383,5392,5454	2092,2110,2111,2120,2182	1	17,18,19,20,21	91	91	2543	23|18|10|7|6|4|8|13|1|7|4|8
GA	Galgal	LTR	ERV1	GGLTR7A	NC_052565.1:3189080-3189691+	NC_052571.1:4120162-4120771-	15	49	0	402,410,411,432,447	401,409,410,431,446	1	10,11,12,13,14	46	46	610	15|12|5|2|3|0|4|2|1|1|1|3
GA	Galgal	LTR	ERV1	GGLTR7A	NC_052565.1:3189080-3189691+	NC_052571.1:4113793-4114402+	15	48	0	402,410,411,432,447	401,409,410,431,446	1	10,11,12,13,14	46	46	597	15|12|5|2|2|0|4|2|1|1|1|3
GA	Galgal	LTR	ERV1	GGLTR7-int	NC_052571.1:2043913-2044937-	NC_052571.1:8811596-8813551-	20	86	0	589,615,621,639,647	1623,1649,1655,1673,1681	1	12,13,14,15,16	59	59	918	20|10|4|6|0|4|15|12|5|3|2|5
GA	Galgal	LTR	ERV1	GGLTR7A	NC_052565.1:3201901-3202510-	NC_052571.1:4120162-4120771-	14	48	0	401,409,410,431,446	401,409,410,431,446	1	9,10,11,12,13	46	46	609	14|13|4|1|3|0|2|2|1|1|3|4
GA	Galgal	LTR	ERV1	GGLTR7A	NC_052565.1:3201901-3202510-	NC_052571.1:4113793-4114402+	14	47	0	401,409,410,431,446	401,409,410,431,446	1	9,10,11,12,13	46	46	596	14|13|4|1|2|0|2|2|1|1|3|4
GA	Galgal	LTR	ERV1	GGLTR7A	NC_052565.1:3320023-3320631+	NC_052571.1:2049912-2050520-	14	45	0	317,319,325,327,350	316,318,324,326,349	1	8,9,10,11,12	34	34	608	14|14|2|1|4|0|3|3|1|2|1|0
GA	Galgal	LTR	ERV1	GGLTR7A	NC_052565.1:3320023-3320631+	NC_052572.1:51733655-51734263-	18	57	0	350,365,377,380,389	350,365,377,380,389	1	10,11,12,13,14	40	40	582	18|15|2|0|5|0|7|5|2|1|0|2
GA	Galgal	LTR	ERV1	GGLTR7-int	NC_052571.1:2160252-2164079+	NC_052571.1:6246315-6251388+	85	378	0	2954,2959,2971,2988,2991	4196,4201,4212,4229,4232	1	64,65,66,67,68	37	37	3762	85|48|9|15|21|18|76|47|14|19|7|19
GA	Galgal	LTR	ERV1	GGLTR7-int	NC_052571.1:2160252-2164079+	NC_052571.1:3615561-3618149-	11	53	0	655,658,659,686,688	151,154,155,182,184	1	1,2,3,4,5	34	34	1018	11|7|2|1|1|2|7|12|2|3|2|3
GA	Galgal	LTR	ERV1	GGLTR7-int	NC_052571.1:2160252-2164079+	NC_052571.1:3635527-3638115+	11	53	0	655,658,659,686,688	151,154,155,182,184	1	1,2,3,4,5	34	34	1018	11|6|2|2|1|2|7|12|2|3|2|3
GA	Galgal	LTR	ERV1	GGLTR7-int	NC_052571.1:2160252-2164079+	NC_052571.1:3559438-3562026-	11	53	0	655,658,659,686,688	150,153,154,184,186	1	1,2,3,4,5	37	37	1020	11|7|2|1|1|2|7|11|2|4|2|3
GA	Galgal	LTR	ERV1	GGLTR7-int	NC_052571.1:2160252-2164079+	NC_052571.1:3579391-3580296+	9	49	0	655,658,659,686,688	150,153,154,183,185	1	1,2,3,4,5	36	36	897	9|6|1|3|1|1|6|11|2|2|3|4
GA	Galgal	LTR	ERV1	GGLTR7-int	NC_052571.1:2167054-2168300+	NC_052571.1:7833630-7834188+	16	63	0	109,58,68,70,73	197,207,209,212,248	1	5,6,7,8,9	52	52	420	16|3|4|4|1|4|12|3|4|4|4|4
GA	Galgal	LTR	ERV1	GGLTR7A	NC_052568.1:8766-9378+	NC_052571.1:8697126-8697735-	14	45	0	131,133,157,169,190,199,88	131,133,157,169,190,199,88	1	3,4,5,6,7,8,9	112	112	610	14|4|2|5|2|3|2|8|1|1|0|3
GA	Galgal	LTR	ERV1	GGLTR7A	NC_052568.1:8766-9378+	NC_052572.1:23876658-23877268-	14	52	0	114,133,157,169,190	114,133,157,169,190	1	3,4,5,6,7	77	77	611	14|10|2|5|2|2|4|9|1|1|0|2
GA	Galgal	LTR	ERV1	GGLTR7A	NC_052568.1:8766-9378+	NC_052571.1:7483295-7483905+	14	53	0	133,157,169,190,199,88	133,157,169,190,199,88	1	3,4,5,6,7,8	112	112	611	14|8|4|5|2|2|5|7|2|0|2|2
GA	Galgal	LTR	ERV1	GGLTR7A	NC_052568.1:8766-9378+	NC_052571.1:6280845-6281454+	12	52	0	133,157,169,190,199	133,157,169,190,199	1	3,4,5,6,7	67	67	610	12|12|2|5|3|4|2|6|2|1|1|2
GA	Galgal	LTR	ERV1	GGLTR7A	NC_052568.1:8766-9378+	NC_052571.1:8829695-8830307-	14	54	0	133,157,169,177,190,199	133,157,169,177,190,199	1	4,5,6,7,8,9	67	67	612	14|7|2|4|2|3|7|9|1|1|1|3
GA	Galgal	LTR	ERV1	GGLTR7A	NC_052568.1:8766-9378+	NC_052571.1:7821809-7822419+	18	58	0	157,169,177,190,199	157,169,177,190,199	1	5,6,7,8,9	43	43	611	18|8|3|5|5|3|3|6|3|1|1|2
GA	Galgal	LTR	ERV1	GGLTR7A	NC_052568.1:8766-9378+	NC_052571.1:6797527-6798139-	21	58	0	114,132,133,157,169,183,190,199	114,132,133,157,169,183,190,199	1	5,6,7,8,9,10,11,12	86	86	612	21|7|4|5|4|2|4|6|0|1|2|2
GA	Galgal	LTR	ERV1	GGLTR7A	NC_052568.1:8766-9378+	NC_052571.1:7643345-7643954+	14	57	0	163,169,177,190,199	162,168,176,189,198	1	7,8,9,10,11	37	37	597	14|10|2|5|2|2|6|8|2|1|2|3
GA	Galgal	LTR	ERV1	GGLTR7A	NC_052568.1:8766-9378+	NC_052571.1:6251388-6251998+	17	62	0	116,133,157,169,190,199	116,133,157,169,190,199	1	3,4,5,6,7,8	84	84	611	17|10|3|6|4|3|4|8|4|0|1|2
GA	Galgal	LTR	ERV1	GGLTR7A	NC_052568.1:8766-9378+	NC_052571.1:6086404-6087003-	15	51	0	163,169,177,190,199	152,158,166,179,188	1	5,6,7,8,9	37	37	605	15|8|3|4|2|4|4|7|0|0|2|2
GA	Galgal	LTR	ERV1	GGLTR7A	NC_052568.1:8766-9378+	NW_024095992.1:43625-44234+	16	59	0	163,169,177,190,199	162,168,176,189,198	1	7,8,9,10,11	37	37	597	16|7|2|6|3|2|9|9|1|1|2|1
GA	Galgal	LTR	ERV1	GGLTR7A	NC_052568.1:8766-9378+	NC_052571.1:2429537-2430147+	18	59	0	157,169,177,190,192,199	156,168,176,189,191,198	1	6,7,8,9,10,11	43	43	598	18|7|2|6|3|2|5|9|1|1|2|3
GA	Galgal	LTR	ERV1	GGLTR7A	NC_052568.1:8766-9378+	NC_052571.1:7650249-7650858+	16	60	0	169,177,184,190,199	168,176,183,189,198	1	8,9,10,11,12	31	31	597	16|9|3|5|2|1|7|9|3|2|1|2
GA	Galgal	LTR	ERV1	GGLTR7A	NC_052568.1:8766-9378+	NC_052571.1:8762429-8763000+	17	53	0	133,157,169,177,190,199,207	118,130,138,151,160,168,94	1	2,3,4,5,6,7,8	75	75	572	17|8|2|5|4|1|5|8|0|0|1|2
GA	Galgal	LTR	ERV1	GGLTR7A	NC_052568.1:8766-9378+	NC_052571.1:6824892-6825500+	16	62	0	163,169,177,190,207	162,168,176,189,206	1	9,10,11,12,13	45	45	610	16|11|3|7|3|2|5|7|1|1|3|3
GA	Galgal	LTR	ERV1	GGLTR7A	NC_052568.1:8766-9378+	NC_052571.1:5976324-5976934+	17	58	0	163,169,177,190,199	162,168,176,189,198	1	7,8,9,10,11	37	37	598	17|8|2|5|3|2|7|9|1|1|1|2
GA	Galgal	LTR	ERV1	GGLTR7A	NC_052568.1:8766-9378+	NC_052571.1:6607041-6607637-	18	61	0	157,164,169,177,190,199	143,150,155,163,176,185	1	6,7,8,9,10,11	43	43	597	18|7|2|4|4|2|8|9|1|1|1|4
GA	Galgal	LTR	ERV1	GGLTR7A	NC_052568.1:8766-9378+	NC_052571.1:5890400-5891009+	18	61	0	163,169,177,190,199	162,168,176,189,198	1	8,9,10,11,12	37	37	597	18|8|3|5|3|2|7|10|1|1|1|2
GA	Galgal	LTR	ERV1	GGLTR7A	NC_052568.1:8766-9378+	NC_052571.1:5622767-5623376+	20	61	0	163,169,177,190,199,207	162,168,176,189,198,206	1	8,9,10,11,12,13	45	45	597	20|9|3|4|3|2|7|6|1|2|2|2
GA	Galgal	LTR	ERV1	GGLTR7A	NC_052568.1:8766-9378+	NC_052572.1:5353887-5354483+	13	49	0	132,133,157,169,190,199,88	117,118,142,154,175,184,73	1	2,3,4,5,6,7,8	112	112	560	13|12|2|5|2|1|3|8|2|0|0|1
GA	Galgal	LTR	ERV1	GGLTR7A	NC_052568.1:8766-9378+	NC_052571.1:7139409-7140018+	19	62	0	164,169,177,190,199	163,168,176,189,198	1	8,9,10,11,12	36	36	597	19|9|2|6|3|3|7|9|1|0|1|2
GA	Galgal	LTR	ERV1	GGLTR7A	NC_052568.1:8766-9378+	NC_052571.1:1854557-1855166-	17	60	0	163,169,177,190,199	162,168,176,189,198	1	8,9,10,11,12	37	37	597	17|9|2|5|3|2|7|11|1|0|1|2
GA	Galgal	LTR	ERV1	GGLTR7A	NC_052568.1:8766-9378+	NC_052571.1:6307365-6307969+	19	58	0	163,169,177,190,199	157,163,171,184,193	1	8,9,10,11,12	37	37	581	19|9|2|5|4|0|7|7|0|2|2|1
GA	Galgal	LTR	ERV1	GGLTR7A	NC_052568.1:8766-9378+	NC_052572.1:73573984-73574587-	19	60	0	109,116,130,133,157	105,112,126,129,153	1	3,4,5,6,7	49	49	607	19|11|3|5|3|3|5|6|1|0|2|2
GA	Galgal	LTR	ERV1	GGLTR7A	NC_052568.1:8766-9378+	NC_052571.1:6036952-6037562-	17	60	0	163,169,177,190,199	162,168,176,189,198	1	7,8,9,10,11	37	37	598	17|8|2|5|3|2|8|10|1|1|1|2
GA	Galgal	LTR	ERV1	GGLTR7A	NC_052568.1:8766-9378+	NC_052571.1:1850851-1851460-	20	63	0	164,169,177,190,199	163,168,176,189,198	1	8,9,10,11,12	36	36	597	20|7|2|6|3|3|6|11|1|1|1|2
GA	Galgal	LTR	ERV1	GGLTR7A	NC_052568.1:8766-9378+	NC_052572.1:20945828-20946437+	19	63	0	163,169,177,190,199	162,168,176,189,198	1	8,9,10,11,12	37	37	597	19|8|4|6|3|2|8|9|1|0|1|2
GA	Galgal	LTR	ERV1	GGLTR7A	NC_052568.1:8766-9378+	NC_052571.1:7251052-7251657-	15	59	0	164,169,190,199,207	163,168,184,193,201	1	7,8,9,10,11	39	39	595	15|8|2|5|4|3|6|9|1|1|3|2
GA	Galgal	LTR	ERV1	GGLTR7A	NC_052568.1:8766-9378+	NC_052572.1:37486646-37487255-	19	66	0	163,169,177,190,199	162,168,176,189,198	1	7,8,9,10,11	37	37	597	19|13|2|5|3|2|8|9|1|1|1|2
GA	Galgal	LTR	ERV1	GGLTR7A	NC_052568.1:8766-9378+	NC_052572.1:36955291-36955900-	18	68	0	163,169,177,190,199	162,168,176,189,198	1	7,8,9,10,11	37	37	597	18|13|3|5|3|2|7|11|1|1|2|2
GA	Galgal	LTR	ERV1	GGLTR7A	NC_052568.1:8766-9378+	NC_052571.1:2817570-2818120-	16	54	0	157,169,180,190,199	109,120,130,139,97	1	2,3,4,5,6	43	43	551	16|9|1|5|4|2|4|10|0|0|2|1
GA	Galgal	LTR	ERV1	GGLTR7A	NC_052568.1:8766-9378+	NC_052571.1:2761518-2762129-	16	67	0	164,169,177,190,199	163,168,176,189,198	1	8,9,10,11,12	36	36	598	16|12|2|7|3|3|6|11|2|0|2|3
GA	Galgal	LTR	ERV1	GGLTR7-int	NC_052571.1:2175095-2175903+	NC_052572.1:44301131-44303025-	24	122	0	130,137,144,148,152	900,907,914,918,922	1	4,5,6,7,8	23	23	804	24|16|1|7|3|2|23|19|7|6|7|7
GA	Galgal	LTR	ERV1	GGLTR7A	NC_052568.1:8766-9378+	NC_052572.1:65821893-65822502-	21	70	0	163,169,177,190,199	162,168,176,189,198	1	8,9,10,11,12	37	37	597	21|12|4|6|3|4|6|10|1|0|1|2
GA	Galgal	LTR	ERV1	GGLTR7A	NC_052568.1:8766-9378+	NC_052571.1:6090020-6090628+	16	67	0	163,169,177,190,199	161,167,175,188,197	1	7,8,9,10,11	37	37	597	16|10|3|4|3|3|8|11|3|1|2|3
GA	Galgal	LTR	ERV1	GGLTR7A	NC_052568.1:8766-9378+	NC_052571.1:5617313-5617922+	19	71	0	163,169,177,190,199	162,168,176,189,198	1	7,8,9,10,11	37	37	597	19|12|3|5|4|4|8|8|2|2|2|2
GA	Galgal	LTR	ERV1	GGLTR7A	NC_052568.1:49822-50435+	NC_052571.1:8829695-8830307-	13	52	0	157,169,177,190,199	157,169,177,190,199	1	5,6,7,8,9	43	43	612	13|7|1|4|1|2|9|10|1|1|0|3
GA	Galgal	LTR	ERV1	GGLTR7A	NC_052568.1:49822-50435+	NC_052571.1:7821809-7822419+	17	56	0	157,169,177,190,199	157,169,177,190,199	1	5,6,7,8,9	43	43	611	17|8|2|5|4|2|5|7|3|1|0|2
GA	Galgal	LTR	ERV1	GGLTR7A	NC_052568.1:49822-50435+	NC_052571.1:6797527-6798139-	20	56	0	157,169,183,190,199,255	157,169,183,190,199,252	1	8,9,10,11,12,13	96	96	612	20|7|3|5|3|1|6|7|0|1|1|2
GA	Galgal	LTR	ERV1	GGLTR7A	NC_052568.1:49822-50435+	NC_052571.1:7227708-7228316-	16	57	0	157,169,190,199,253	155,167,188,197,248	1	5,6,7,8,9	94	94	610	16|7|3|4|2|3|8|9|2|0|0|3
GA	Galgal	LTR	ERV1	GGLTR7A	NC_052568.1:49822-50435+	NW_024095992.1:43625-44234+	15	57	0	163,169,177,190,199	162,168,176,189,198	1	7,8,9,10,11	37	37	598	15|7|1|6|2|1|11|9|1|1|2|1
GA	Galgal	LTR	ERV1	GGLTR7A	NC_052568.1:49822-50435+	NC_052571.1:7643345-7643954+	14	57	0	163,169,177,190,199	162,168,176,189,198	1	7,8,9,10,11	37	37	598	14|10|1|5|1|1|9|9|2|1|1|3
GA	Galgal	LTR	ERV1	GGLTR7A	NC_052568.1:49822-50435+	NC_052571.1:2429537-2430147+	17	57	0	157,169,177,190,192,199	156,168,176,189,191,198	1	6,7,8,9,10,11	43	43	598	17|7|1|6|2|1|7|10|1|1|1|3
GA	Galgal	LTR	ERV1	GGLTR7A	NC_052568.1:49822-50435+	NC_052571.1:6086404-6087003-	14	51	0	163,169,177,190,199	152,158,166,179,188	1	5,6,7,8,9	37	37	606	14|8|2|4|2|3|6|7|0|0|3|2
GA	Galgal	LTR	ERV1	GGLTR7A	NC_052568.1:49822-50435+	NC_052571.1:8762429-8763000+	16	51	0	157,169,177,190,199,207,232	118,130,138,151,160,168,190	1	3,4,5,6,7,8,9	73	73	572	16|8|1|5|3|0|7|8|0|0|1|2
GA	Galgal	LTR	ERV1	GGLTR7A	NC_052568.1:49822-50435+	NC_052571.1:6824892-6825500+	15	60	0	163,169,177,190,207	162,168,176,189,206	1	9,10,11,12,13	45	45	610	15|11|2|7|2|1|7|8|1|1|2|3
GA	Galgal	LTR	ERV1	GGLTR7A	NC_052568.1:49822-50435+	NC_052571.1:6607041-6607637-	17	59	0	157,164,169,177,190,199	143,150,155,163,176,185	1	6,7,8,9,10,11	43	43	598	17|7|1|4|3|1|10|9|1|1|1|4
GA	Galgal	LTR	ERV1	GGLTR7A	NC_052568.1:49822-50435+	NC_052571.1:5976324-5976934+	16	56	0	163,169,177,190,199	162,168,176,189,198	1	7,8,9,10,11	37	37	598	16|8|1|5|2|1|9|9|1|1|1|2
GA	Galgal	LTR	ERV1	GGLTR7A	NC_052568.1:49822-50435+	NC_052571.1:5890400-5891009+	17	59	0	163,169,177,190,199	162,168,176,189,198	1	8,9,10,11,12	37	37	598	17|8|2|5|2|1|9|10|1|1|1|2
GA	Galgal	LTR	ERV1	GGLTR7A	NC_052568.1:49822-50435+	NC_052571.1:5622767-5623376+	19	59	0	163,169,177,190,199,207	162,168,176,189,198,206	1	8,9,10,11,12,13	45	45	598	19|9|2|4|2|1|9|7|1|2|1|2
GA	Galgal	LTR	ERV1	GGLTR7A	NC_052568.1:49822-50435+	NC_052571.1:7650249-7650858+	16	60	0	169,177,184,190,199	168,176,183,189,198	1	8,9,10,11,12	31	31	598	16|9|2|5|1|0|10|9|3|2|1|2
GA	Galgal	LTR	ERV1	GGLTR7A	NC_052568.1:49822-50435+	NC_052571.1:7139409-7140018+	18	60	0	164,169,177,190,199	163,168,176,189,198	1	8,9,10,11,12	36	36	598	18|9|1|6|2|2|9|9|1|0|1|2
GA	Galgal	LTR	ERV1	GGLTR7A	NC_052568.1:49822-50435+	NC_052572.1:20945828-20946437+	18	59	0	163,169,177,190,199	162,168,176,189,198	1	8,9,10,11,12	37	37	598	18|7|3|6|2|1|10|8|1|0|1|2
GA	Galgal	LTR	ERV1	GGLTR7A	NC_052568.1:49822-50435+	NC_052571.1:6036952-6037562-	16	58	0	163,169,177,190,199	162,168,176,189,198	1	7,8,9,10,11	37	37	598	16|8|1|5|2|1|10|10|1|1|1|2
GA	Galgal	LTR	ERV1	GGLTR7A	NC_052568.1:49822-50435+	NC_052571.1:1854557-1855166-	17	61	0	163,169,177,190,199	162,168,176,189,198	1	8,9,10,11,12	37	37	598	17|10|1|5|2|1|9|11|1|1|1|2
GA	Galgal	LTR	ERV1	GGLTR7A	NC_052568.1:49822-50435+	NC_052571.1:1850851-1851460-	19	61	0	164,169,177,190,199	163,168,176,189,198	1	8,9,10,11,12	36	36	598	19|7|1|6|2|2|8|11|1|1|1|2
GA	Galgal	LTR	ERV1	GGLTR7A	NC_052568.1:49822-50435+	NC_052571.1:6307365-6307969+	18	57	0	163,169,177,190,199	157,163,171,184,193	1	8,9,10,11,12	37	37	581	18|9|1|5|3|0|10|8|0|1|1|1
GA	Galgal	LTR	ERV1	GGLTR7A	NC_052568.1:49822-50435+	NC_052571.1:7251052-7251657-	14	57	0	164,169,190,199,207	163,168,184,193,201	1	7,8,9,10,11	39	39	596	14|8|1|5|3|2|8|10|1|1|2|2
GA	Galgal	LTR	ERV1	GGLTR7A	NC_052568.1:49822-50435+	NC_052572.1:37486646-37487255-	18	64	0	163,169,177,190,199	162,168,176,189,198	1	7,8,9,10,11	37	37	598	18|13|1|5|2|1|10|9|1|1|1|2
GA	Galgal	LTR	ERV1	GGLTR7A	NC_052568.1:49822-50435+	NC_052571.1:6090020-6090628+	14	61	0	163,169,177,190,199	161,167,175,188,197	1	7,8,9,10,11	37	37	597	14|9|2|4|2|2|9|10|3|1|2|3
GA	Galgal	LTR	ERV1	GGLTR7A	NC_052568.1:49822-50435+	NC_052571.1:2817570-2818120-	15	50	0	157,169,180,190,199	109,120,130,139,97	1	2,3,4,5,6	43	43	551	15|8|0|5|3|1|6|10|0|0|1|1
GA	Galgal	LTR	ERV1	GGLTR7A	NC_052568.1:49822-50435+	NC_052572.1:36955291-36955900-	17	66	0	163,169,177,190,199	162,168,176,189,198	1	7,8,9,10,11	37	37	598	17|13|2|5|2|1|9|11|1|1|2|2
GA	Galgal	LTR	ERV1	GGLTR7A	NC_052568.1:49822-50435+	NC_052571.1:2761518-2762129-	15	65	0	164,169,177,190,199	163,168,176,189,198	1	8,9,10,11,12	36	36	599	15|12|1|7|2|2|8|11|2|0|2|3
GA	Galgal	LTR	ERV1	GGLTR7A	NC_052568.1:49822-50435+	NC_052571.1:2650246-2650855+	20	66	0	164,169,177,190,197	163,168,176,189,196	1	7,8,9,10,11	34	34	597	20|7|3|4|4|0|9|12|0|2|2|3
GA	Galgal	LTR	ERV1	GGLTR7A	NC_052568.1:49822-50435+	NC_052572.1:65821893-65822502-	18	65	0	163,169,177,190,199	162,168,176,189,198	1	8,9,10,11,12	37	37	589	18|12|3|6|2|3|8|9|1|0|1|2
GA	Galgal	LTR	ERV1	GGLTR7A	NC_052568.1:49822-50435+	NC_052571.1:5617313-5617922+	18	69	0	163,169,177,190,199	162,168,176,189,198	1	7,8,9,10,11	37	37	598	18|12|2|5|3|3|10|8|2|2|2|2
GA	Galgal	LTR	ERV1	GGLTR7A	NC_052568.1:99418-100030+	NC_052571.1:8697126-8697735-	14	42	0	131,133,157,169,190,199,88	131,133,157,169,190,199,88	1	3,4,5,6,7,8,9	112	112	610	14|4|1|4|2|2|3|7|1|1|0|3
GA	Galgal	LTR	ERV1	GGLTR7A	NC_052568.1:99418-100030+	NC_052572.1:23876658-23877268-	14	49	0	114,133,157,169,190	114,133,157,169,190	1	3,4,5,6,7	77	77	611	14|10|1|4|2|1|5|8|1|1|0|2
GA	Galgal	LTR	ERV1	GGLTR7A	NC_052568.1:99418-100030+	NC_052571.1:7483295-7483905+	14	50	0	133,157,169,190,199,88	133,157,169,190,199,88	1	3,4,5,6,7,8	112	112	611	14|8|3|4|2|1|6|6|2|0|2|2
GA	Galgal	LTR	ERV1	GGLTR7A	NC_052568.1:99418-100030+	NC_052571.1:6280845-6281454+	12	51	0	133,157,169,190,199	133,157,169,190,199	1	3,4,5,6,7	67	67	610	12|13|1|4|3|3|3|6|2|1|1|2
GA	Galgal	LTR	ERV1	GGLTR7A	NC_052568.1:99418-100030+	NC_052571.1:8829695-8830307-	14	51	0	133,157,169,177,190,199	133,157,169,177,190,199	1	4,5,6,7,8,9	67	67	612	14|7|1|3|2|2|8|9|1|1|0|3
GA	Galgal	LTR	ERV1	GGLTR7A	NC_052568.1:99418-100030+	NC_052571.1:7821809-7822419+	18	55	0	157,169,177,190,199	157,169,177,190,199	1	5,6,7,8,9	43	43	611	18|8|2|4|5|2|4|6|3|1|0|2
GA	Galgal	LTR	ERV1	GGLTR7A	NC_052568.1:99418-100030+	NC_052571.1:5040298-5040906-	16	51	0	133,157,169,190,199	130,154,166,187,196	1	4,5,6,7,8	67	67	610	16|7|2|4|4|1|4|8|2|1|0|2
GA	Galgal	LTR	ERV1	GGLTR7A	NC_052568.1:99418-100030+	NC_052571.1:6797527-6798139-	21	55	0	114,132,133,157,169,183,190,199,254	114,132,133,157,169,183,190,199,252	1	5,6,7,8,9,10,11,12,13	139	139	612	21|7|3|4|4|1|5|6|0|1|1|2
GA	Galgal	LTR	ERV1	GGLTR7A	NC_052568.1:99418-100030+	NC_052571.1:7227708-7228316-	17	56	0	157,169,190,199,252	155,167,188,197,248	1	5,6,7,8,9	94	94	610	17|7|3|3|3|3|7|8|2|0|0|3
GA	Galgal	LTR	ERV1	GGLTR7A	NC_052568.1:99418-100030+	NC_052571.1:2897961-2898571+	19	59	0	133,157,169,190,199	133,157,169,190,199	1	4,5,6,7,8	67	67	611	19|11|3|5|2|2|8|6|1|0|0|2
GA	Galgal	LTR	ERV1	GGLTR7A	NC_052568.1:99418-100030+	NC_052571.1:7643345-7643954+	14	54	0	163,169,177,190,199	162,168,176,189,198	1	7,8,9,10,11	37	37	597	14|10|1|4|2|1|7|8|2|1|1|3
GA	Galgal	LTR	ERV1	GGLTR7A	NC_052568.1:99418-100030+	NC_052571.1:6251388-6251998+	17	59	0	116,133,157,169,190,199	116,133,157,169,190,199	1	3,4,5,6,7,8	84	84	611	17|10|2|5|4|2|5|7|4|0|1|2
GA	Galgal	LTR	ERV1	GGLTR7A	NC_052568.1:99418-100030+	NC_052571.1:6086404-6087003-	15	48	0	163,169,177,190,199	152,158,166,179,188	1	5,6,7,8,9	37	37	605	15|8|2|3|2|3|5|6|0|0|2|2
GA	Galgal	LTR	ERV1	GGLTR7A	NC_052568.1:99418-100030+	NW_024095992.1:43625-44234+	16	56	0	163,169,177,190,199	162,168,176,189,198	1	7,8,9,10,11	37	37	597	16|7|1|5|3|1|10|8|1|1|2|1
GA	Galgal	LTR	ERV1	GGLTR7A	NC_052568.1:99418-100030+	NC_052571.1:2429537-2430147+	18	56	0	157,169,177,190,192,199	156,168,176,189,191,198	1	6,7,8,9,10,11	43	43	598	18|7|1|5|3|1|6|9|1|1|1|3
GA	Galgal	LTR	ERV1	GGLTR7A	NC_052568.1:99418-100030+	NC_052571.1:7650249-7650858+	16	57	0	169,177,184,190,199	168,176,183,189,198	1	8,9,10,11,12	31	31	597	16|9|2|4|2|0|8|8|3|2|1|2
GA	Galgal	LTR	ERV1	GGLTR7A	NC_052568.1:99418-100030+	NC_052571.1:8762429-8763000+	17	50	0	133,157,169,177,190,199,207,231	118,130,138,151,160,168,190,94	1	2,3,4,5,6,7,8,9	97	97	572	17|8|1|4|4|0|6|7|0|0|1|2
GA	Galgal	LTR	ERV1	GGLTR7A	NC_052568.1:99418-100030+	NC_052571.1:6824892-6825500+	16	59	0	163,169,177,190,207	162,168,176,189,206	1	9,10,11,12,13	45	45	610	16|11|2|6|3|1|6|7|1|1|2|3
GA	Galgal	LTR	ERV1	GGLTR7A	NC_052568.1:99418-100030+	NC_052571.1:5976324-5976934+	17	55	0	163,169,177,190,199	162,168,176,189,198	1	7,8,9,10,11	37	37	598	17|8|1|4|3|1|8|8|1|1|1|2
GA	Galgal	LTR	ERV1	GGLTR7A	NC_052568.1:99418-100030+	NC_052571.1:6607041-6607637-	18	58	0	157,164,169,177,190,199	143,150,155,163,176,185	1	6,7,8,9,10,11	43	43	597	18|7|1|3|4|1|9|8|1|1|1|4
GA	Galgal	LTR	ERV1	GGLTR7A	NC_052568.1:99418-100030+	NC_052571.1:5890400-5891009+	18	58	0	163,169,177,190,199	162,168,176,189,198	1	8,9,10,11,12	37	37	597	18|8|2|4|3|1|8|9|1|1|1|2
GA	Galgal	LTR	ERV1	GGLTR7A	NC_052568.1:99418-100030+	NC_052571.1:5622767-5623376+	20	58	0	163,169,177,190,199,207	162,168,176,189,198,206	1	8,9,10,11,12,13	45	45	597	20|9|2|3|3|1|8|6|1|2|1|2
GA	Galgal	LTR	ERV1	GGLTR7A	NC_052568.1:99418-100030+	NC_052572.1:5353887-5354483+	13	46	0	132,133,157,169,190,199,88	117,118,142,154,175,184,73	1	2,3,4,5,6,7,8	112	112	560	13|12|1|4|2|0|4|7|2|0|0|1
GA	Galgal	LTR	ERV1	GGLTR7A	NC_052568.1:99418-100030+	NC_052571.1:7139409-7140018+	19	59	0	164,169,177,190,199	163,168,176,189,198	1	8,9,10,11,12	36	36	597	19|9|1|5|3|2|8|8|1|0|1|2
GA	Galgal	LTR	ERV1	GGLTR7A	NC_052568.1:99418-100030+	NC_052571.1:1854557-1855166-	17	57	0	163,169,177,190,199	162,168,176,189,198	1	8,9,10,11,12	37	37	597	17|9|1|4|3|1|8|10|1|0|1|2
GA	Galgal	LTR	ERV1	GGLTR7A	NC_052568.1:99418-100030+	NC_052572.1:73573984-73574587-	19	57	0	109,116,130,133,157	105,112,126,129,153	1	3,4,5,6,7	49	49	607	19|10|2|4|3|2|5|6|2|0|1|3
GA	Galgal	LTR	ERV1	GGLTR7A	NC_052568.1:99418-100030+	NC_052571.1:6036952-6037562-	17	57	0	163,169,177,190,199	162,168,176,189,198	1	7,8,9,10,11	37	37	598	17|8|1|4|3|1|9|9|1|1|1|2
GA	Galgal	LTR	ERV1	GGLTR7A	NC_052568.1:99418-100030+	NC_052571.1:1850851-1851460-	20	60	0	164,169,177,190,199	163,168,176,189,198	1	8,9,10,11,12	36	36	597	20|7|1|5|3|2|7|10|1|1|1|2
GA	Galgal	LTR	ERV1	GGLTR7A	NC_052568.1:99418-100030+	NC_052571.1:6307365-6307969+	19	56	0	163,169,177,190,199	157,163,171,184,193	1	8,9,10,11,12	37	37	581	19|9|1|4|4|0|9|7|0|1|1|1
GA	Galgal	LTR	ERV1	GGLTR7A	NC_052568.1:99418-100030+	NC_052571.1:7831393-7832000+	17	57	0	133,157,169,190,199	129,153,165,186,195	1	5,6,7,8,9	67	67	604	17|7|1|3|5|2|3|8|1|3|2|5
GA	Galgal	LTR	ERV1	GGLTR7A	NC_052568.1:99418-100030+	NC_052572.1:20945828-20946437+	19	60	0	163,169,177,190,199	162,168,176,189,198	1	8,9,10,11,12	37	37	597	19|8|3|5|3|1|9|8|1|0|1|2
GA	Galgal	LTR	ERV1	GGLTR7A	NC_052568.1:99418-100030+	NC_052572.1:37486646-37487255-	19	63	0	163,169,177,190,199	162,168,176,189,198	1	7,8,9,10,11	37	37	597	19|13|1|4|3|1|9|8|1|1|1|2
GA	Galgal	LTR	ERV1	GGLTR7A	NC_052568.1:99418-100030+	NC_052572.1:36955291-36955900-	18	65	0	163,169,177,190,199	162,168,176,189,198	1	7,8,9,10,11	37	37	597	18|13|2|4|3|1|8|10|1|1|2|2
GA	Galgal	LTR	ERV1	GGLTR7A	NC_052568.1:99418-100030+	NC_052571.1:2817570-2818120-	16	51	0	157,169,180,190,199	109,120,130,139,97	1	2,3,4,5,6	43	43	551	16|9|0|4|4|1|5|10|0|0|1|1
GA	Galgal	LTR	ERV1	GGLTR7A	NC_052568.1:99418-100030+	NC_052571.1:2761518-2762129-	16	64	0	164,169,177,190,199	163,168,176,189,198	1	8,9,10,11,12	36	36	598	16|12|1|6|3|2|7|10|2|0|2|3
GA	Galgal	LTR	ERV1	GGLTR7A	NC_052568.1:99418-100030+	NC_052571.1:2650246-2650855+	21	65	0	164,169,177,190,197	163,168,176,189,196	1	7,8,9,10,11	34	34	597	21|7|3|3|5|0|8|11|0|2|2|3
GA	Galgal	LTR	ERV1	GGLTR7A	NC_052568.1:99418-100030+	NC_052572.1:65821893-65822502-	21	67	0	163,169,177,190,199	162,168,176,189,198	1	8,9,10,11,12	37	37	597	21|12|3|5|3|3|7|9|1|0|1|2
GA	Galgal	LTR	ERV1	GGLTR7A	NC_052568.1:99418-100030+	NC_052571.1:6090020-6090628+	16	64	0	163,169,177,190,199	161,167,175,188,197	1	7,8,9,10,11	37	37	597	16|10|2|3|3|2|9|10|3|1|2|3
GA	Galgal	LTR	ERV1	GGLTR7-int	NC_052571.1:2199355-2200947-	NC_052571.1:5086080-5092421+	16	75	0	978,979,980,984,991	1810,1811,1812,1816,1820	1	9,10,11,12,13	11	11	1148	16|7|6|2|3|4|9|7|4|8|4|5
GA	Galgal	LTR	ERV1	GGLTR7A	NC_052568.1:146847-147459+	NC_052571.1:8697126-8697735-	13	45	0	131,133,157,169,190,199,88	131,133,157,169,190,199,88	1	3,4,5,6,7,8,9	112	112	610	13|5|1|5|3|3|3|7|1|1|0|3
GA	Galgal	LTR	ERV1	GGLTR7A	NC_052568.1:146847-147459+	NC_052572.1:23876658-23877268-	12	48	0	114,133,157,169,190	114,133,157,169,190	1	3,4,5,6,7	77	77	611	12|10|1|5|3|2|4|7|1|1|0|2
GA	Galgal	LTR	ERV1	GGLTR7A	NC_052568.1:146847-147459+	NC_052571.1:7483295-7483905+	12	51	0	133,157,169,190,199,88	133,157,169,190,199,88	1	3,4,5,6,7,8	112	112	611	12|9|3|5|3|2|5|6|2|0|2|2
GA	Galgal	LTR	ERV1	GGLTR7A	NC_052568.1:146847-147459+	NC_052571.1:6280845-6281454+	11	52	0	133,157,169,190,199	133,157,169,190,199	1	3,4,5,6,7	67	67	610	11|13|1|5|4|4|3|5|2|1|1|2
GA	Galgal	LTR	ERV1	GGLTR7A	NC_052568.1:146847-147459+	NC_052571.1:8829695-8830307-	13	52	0	133,157,169,177,190,199	133,157,169,177,190,199	1	4,5,6,7,8,9	67	67	612	13|7|1|4|3|3|8|8|1|1|0|3
GA	Galgal	LTR	ERV1	GGLTR7A	NC_052568.1:146847-147459+	NC_052571.1:7821809-7822419+	17	56	0	157,169,177,190,199	157,169,177,190,199	1	5,6,7,8,9	43	43	611	17|8|2|5|6|3|4|5|3|1|0|2
GA	Galgal	LTR	ERV1	GGLTR7A	NC_052568.1:146847-147459+	NC_052571.1:6797527-6798139-	20	58	0	114,132,133,157,169,183,190,199	114,132,133,157,169,183,190,199	1	5,6,7,8,9,10,11,12	86	86	612	20|8|3|5|5|2|5|6|0|1|1|2
GA	Galgal	LTR	ERV1	GGLTR7A	NC_052568.1:146847-147459+	NW_024095992.1:43625-44234+	14	55	0	163,169,177,190,199	162,168,176,189,198	1	7,8,9,10,11	37	37	597	14|7|1|6|4|2|9|7|1|1|2|1
GA	Galgal	LTR	ERV1	GGLTR7-int	NC_052571.1:2199355-2200947-	NC_052571.1:8592361-8593788+	9	40	0	143,149,189,190,192	304,310,350,351,353	1	1,2,3,4,5	50	50	431	9|7|0|1|1|0|12|5|1|0|3|1
GA	Galgal	LTR	ERV1	GGLTR7A	NC_052568.1:146847-147459+	NC_052571.1:5976324-5976934+	15	54	0	163,169,177,190,199	162,168,176,189,198	1	7,8,9,10,11	37	37	598	15|8|1|5|4|2|7|7|1|1|1|2
GA	Galgal	LTR	ERV1	GGLTR7A	NC_052568.1:146847-147459+	NC_052571.1:7643345-7643954+	14	57	0	163,169,177,190,199	162,168,176,189,198	1	7,8,9,10,11	37	37	597	14|10|1|5|3|2|8|7|2|1|1|3
GA	Galgal	LTR	ERV1	GGLTR7A	NC_052568.1:146847-147459+	NC_052572.1:5353887-5354483+	12	46	0	132,133,157,169,190,199,88	117,118,142,154,175,184,73	1	2,3,4,5,6,7,8	112	112	560	12|12|1|4|3|1|3|6|2|0|0|2
GA	Galgal	LTR	ERV1	GGLTR7A	NC_052568.1:146847-147459+	NC_052571.1:6251388-6251998+	16	62	0	116,133,157,169,190,199	116,133,157,169,190,199	1	3,4,5,6,7,8	84	84	611	16|11|2|6|5|3|5|7|4|0|1|2
GA	Galgal	LTR	ERV1	GGLTR7A	NC_052568.1:146847-147459+	NC_052571.1:6086404-6087003-	14	51	0	163,169,177,190,199	152,158,166,179,188	1	5,6,7,8,9	37	37	605	14|9|2|4|3|4|5|6|0|0|2|2
GA	Galgal	LTR	ERV1	GGLTR7A	NC_052568.1:146847-147459+	NC_052572.1:73573984-73574587-	17	56	0	109,116,130,133,157	105,112,126,129,153	1	3,4,5,6,7	49	49	607	17|11|2|5|4|3|5|5|1|0|1|2
GA	Galgal	LTR	ERV1	GGLTR7A	NC_052568.1:146847-147459+	NC_052571.1:6824892-6825500+	15	60	0	163,169,177,190,207	162,168,176,189,206	1	9,10,11,12,13	45	45	610	15|11|2|7|4|2|6|6|1|1|2|3
GA	Galgal	LTR	ERV1	GGLTR7A	NC_052568.1:146847-147459+	NC_052571.1:6036952-6037562-	15	56	0	163,169,177,190,199	162,168,176,189,198	1	7,8,9,10,11	37	37	598	15|8|1|5|4|2|8|8|1|1|1|2
GA	Galgal	LTR	ERV1	GGLTR7A	NC_052568.1:146847-147459+	NC_052571.1:6607041-6607637-	17	59	0	157,164,169,177,190,199	143,150,155,163,176,185	1	6,7,8,9,10,11	43	43	597	17|7|1|4|5|2|9|7|1|1|1|4
GA	Galgal	LTR	ERV1	GGLTR7A	NC_052568.1:146847-147459+	NC_052571.1:5890400-5891009+	17	59	0	163,169,177,190,199	162,168,176,189,198	1	8,9,10,11,12	37	37	597	17|8|2|5|4|2|8|8|1|1|1|2
GA	Galgal	LTR	ERV1	GGLTR7A	NC_052568.1:146847-147459+	NC_052571.1:5622767-5623376+	19	59	0	163,169,177,190,199,207	162,168,176,189,198,206	1	8,9,10,11,12,13	45	45	597	19|9|2|4|4|2|8|5|1|2|1|2
GA	Galgal	LTR	ERV1	GGLTR7A	NC_052568.1:146847-147459+	NC_052571.1:2429537-2430147+	17	59	0	157,169,177,190,192,199	156,168,176,189,191,198	1	6,7,8,9,10,11	43	43	598	17|8|1|6|4|2|6|9|1|1|1|3
GA	Galgal	LTR	ERV1	GGLTR7A	NC_052568.1:146847-147459+	NC_052571.1:7650249-7650858+	16	60	0	169,177,184,190,199	168,176,183,189,198	1	8,9,10,11,12	31	31	597	16|9|2|5|3|1|9|7|3|2|1|2
GA	Galgal	LTR	ERV1	GGLTR7A	NC_052568.1:146847-147459+	NC_052571.1:8762429-8763000+	16	53	0	133,157,169,177,190,199,207,231	118,130,138,151,160,168,190,94	1	2,3,4,5,6,7,8,9	97	97	572	16|9|1|5|5|1|6|7|0|0|1|2
GA	Galgal	LTR	ERV1	GGLTR7A	NC_052568.1:146847-147459+	NC_052571.1:6307365-6307969+	18	56	0	163,169,177,190,199	157,163,171,184,193	1	8,9,10,11,12	37	37	581	18|9|1|5|5|0|8|6|0|2|1|1
GA	Galgal	LTR	ERV1	GGLTR7A	NC_052568.1:146847-147459+	NC_052571.1:1854557-1855166-	17	61	0	163,169,177,190,199	162,168,176,189,198	1	8,9,10,11,12	37	37	597	17|10|1|5|4|2|8|9|1|1|1|2
GA	Galgal	LTR	ERV1	GGLTR7A	NC_052568.1:146847-147459+	NC_052571.1:1850851-1851460-	19	61	0	164,169,177,190,199	163,168,176,189,198	1	8,9,10,11,12	36	36	597	19|7|1|6|4|3|7|9|1|1|1|2
GA	Galgal	LTR	ERV1	GGLTR7A	NC_052568.1:146847-147459+	NC_052571.1:7831393-7832000+	16	57	0	133,157,169,190,199	129,153,165,186,195	1	5,6,7,8,9	67	67	601	16|7|1|4|6|3|2|7|1|3|2|5
GA	Galgal	LTR	ERV1	GGLTR7A	NC_052568.1:146847-147459+	NC_052571.1:7139409-7140018+	18	62	0	164,169,177,190,199	163,168,176,189,198	1	8,9,10,11,12	36	36	597	18|10|1|6|4|3|8|8|1|0|1|2
GA	Galgal	LTR	ERV1	GGLTR7A	NC_052568.1:146847-147459+	NC_052571.1:7251052-7251657-	14	57	0	164,169,190,199,207	163,168,184,193,201	1	7,8,9,10,11	39	39	595	14|8|1|5|5|3|7|8|1|1|2|2
GA	Galgal	LTR	ERV1	GGLTR7A	NC_052568.1:146847-147459+	NC_052572.1:37486646-37487255-	18	64	0	163,169,177,190,199	162,168,176,189,198	1	7,8,9,10,11	37	37	597	18|13|1|5|4|2|9|7|1|1|1|2
GA	Galgal	LTR	ERV1	GGLTR7A	NC_052568.1:146847-147459+	NC_052572.1:20945828-20946437+	18	63	0	163,169,177,190,199	162,168,176,189,198	1	8,9,10,11,12	37	37	597	18|9|3|6|4|2|9|8|1|0|1|2
GA	Galgal	LTR	ERV1	GGLTR7A	NC_052568.1:146847-147459+	NC_052572.1:65821893-65822502-	19	66	0	163,169,177,190,199	162,168,176,189,198	1	8,9,10,11,12	37	37	597	19|12|3|6|4|4|6|8|1|0|1|2
GA	Galgal	LTR	ERV1	GGLTR7A	NC_052568.1:146847-147459+	NC_052572.1:36955291-36955900-	17	66	0	163,169,177,190,199	162,168,176,189,198	1	7,8,9,10,11	37	37	597	17|13|2|5|4|2|8|9|1|1|2|2
GA	Galgal	LTR	ERV1	GGLTR7A	NC_052568.1:146847-147459+	NC_052571.1:2817570-2818120-	15	52	0	157,169,180,190,199	109,120,130,139,97	1	2,3,4,5,6	43	43	551	15|9|0|5|5|2|5|9|0|0|1|1
GA	Galgal	LTR	ERV1	GGLTR7A	NC_052568.1:146847-147459+	NC_052571.1:2761518-2762129-	15	65	0	164,169,177,190,199	163,168,176,189,198	1	8,9,10,11,12	36	36	598	15|12|1|7|4|3|7|9|2|0|2|3
GA	Galgal	LTR	ERV1	GGLTR7A	NC_052568.1:146847-147459+	NC_052571.1:6090020-6090628+	15	65	0	163,169,177,190,199	161,167,175,188,197	1	7,8,9,10,11	37	37	597	15|10|2|4|4|3|9|9|3|1|2|3
GA	Galgal	LTR	ERV1	GGLTR7A	NC_052568.1:146847-147459+	NC_052571.1:5617313-5617922+	18	69	0	163,169,177,190,199	162,168,176,189,198	1	7,8,9,10,11	37	37	597	18|12|2|5|5|4|9|6|2|2|2|2
GA	Galgal	LTR	ERV1	GGLTR7-int	NC_052571.1:2367254-2368224-	NC_052571.1:3623412-3624550+	13	81	0	328,329,330,334,345	374,375,376,380,391	1	3,4,5,6,7	18	18	968	13|11|4|4|3|6|14|10|4|4|4|4
GA	Galgal	LTR	ERV1	GGLTR7-int	NC_052571.1:2367254-2368224-	NC_052571.1:7300693-7304986-	16	84	0	328,329,330,334,345	1001,1002,1003,1007,1018	1	7,8,9,10,11	18	18	970	16|8|6|4|4|8|12|13|5|4|0|4
GA	Galgal	LTR	ERV1	GGLTR7-int	NC_052571.1:2367254-2368224-	NC_052571.1:3567285-3568421+	13	81	0	328,329,330,334,345	373,374,375,379,390	1	3,4,5,6,7	18	18	967	13|11|4|4|3|6|14|10|4|4|4|4
GA	Galgal	LTR	ERV1	GGLTR7-int	NC_052571.1:2367254-2368224-	NC_052571.1:7288839-7293946+	17	85	0	328,329,330,334,345	1815,1816,1817,1821,1832	1	7,8,9,10,11	18	18	970	17|8|6|4|4|8|12|13|5|4|0|4
GA	Galgal	LTR	ERV1	GGLTR7-int	NC_052571.1:2367254-2368224-	NC_052571.1:5766737-5773113+	14	83	0	328,329,330,334,345	1811,1812,1813,1817,1828	1	3,4,5,6,7	18	18	967	14|10|6|6|4|5|12|9|3|4|5|5
GA	Galgal	LTR	ERV1	GGLTR7-int	NC_052571.1:2367254-2368224-	NC_052571.1:6483345-6489027+	14	85	0	328,329,330,334,345	1153,1154,1155,1159,1170	1	3,4,5,6,7	18	18	970	14|10|4|5|5|8|12|10|3|6|4|4
GA	Galgal	LTR	ERV1	GGLTR7-int	NC_052571.1:2367254-2368224-	NC_052571.1:5086080-5092421+	15	81	0	328,329,330,334,338,345	1810,1811,1812,1816,1820,1827	1	4,5,6,7,8,9	18	18	965	15|11|7|4|4|6|9|8|3|6|4|4
GA	Galgal	LTR	ERV1	GGLTR7-int	NC_052571.1:2367254-2368224-	NC_052571.1:9061300-9066868+	17	91	0	328,329,330,334,345	1808,1809,1810,1814,1825	1	5,6,7,8,9	18	18	968	17|9|6|7|5|8|18|8|3|5|2|3
GA	Galgal	LTR	ERV1	GGLTR7-int	NC_052571.1:2367254-2368224-	NC_052571.1:4467740-4471823+	15	87	0	328,329,330,334,345	1802,1803,1804,1808,1819	1	6,7,8,9,10	18	18	967	15|11|5|6|4|9|13|9|3|7|2|3
GA	Galgal	LTR	ERV1	GGLTR7-int	NC_052571.1:2367254-2368224-	NC_052571.1:4427385-4433761+	15	87	0	328,329,330,334,345	1802,1803,1804,1808,1819	1	6,7,8,9,10	18	18	967	15|11|5|6|4|9|13|9|3|7|2|3
GA	Galgal	LTR	ERV1	GGLTR7-int	NC_052571.1:2367254-2368224-	NC_052571.1:7355525-7358728+	16	90	0	328,329,330,334,345	1811,1812,1813,1817,1828	1	6,7,8,9,10	18	18	967	16|9|6|4|4|10|11|13|4|5|4|4
GA	Galgal	LTR	ERV1	GGLTR7-int	NC_052571.1:2367254-2368224-	NC_052571.1:5879771-5884147+	10	76	0	328,329,330,334,345	255,256,257,261,272	1	2,3,4,5,6	18	18	884	10|10|6|6|4|4|10|12|3|5|2|4
GA	Galgal	LTR	ERV1	GGLTR7-int	NC_052571.1:2367254-2368224-	NC_052571.1:3837690-3842544+	14	81	0	328,329,330,334,345	279,280,281,285,296	1	3,4,5,6,7	18	18	908	14|12|3|6|5|6|10|9|3|7|2|4
GA	Galgal	LTR	ERV1	GGLTR7-int	NC_052571.1:2367254-2368224-	NC_052571.1:4882981-4885694+	22	110	0	384,387,389,401,408	809,812,814,826,833	1	11,12,13,14,15	25	25	948	22|14|5|6|5|5|17|18|4|8|3|3
GA	Galgal	LTR	ERV1	GGLTR7-int	NC_052571.1:2367254-2368224-	NC_052571.1:3667545-3672454-	16	95	0	327,328,329,333,335,336	1813,1814,1815,1819,1821,1822	1	5,6,7,8,9,10	10	10	965	16|12|6|4|6|6|12|13|4|6|4|6
GA	Galgal	LTR	ERV1	GGLTR7-int	NC_052571.1:2367254-2368224-	NC_052571.1:6607650-6614014-	17	84	0	328,329,330,334,345	1795,1796,1797,1801,1812	1	5,6,7,8,9	18	18	961	17|11|4|5|7|6|14|9|2|2|3|4
GA	Galgal	LTR	ERV1	GGLTR7-int	NC_052571.1:2367254-2368224-	NW_024095983.1:113168-114913-	18	86	0	328,329,330,334,345	306,307,308,312,323	1	8,9,10,11,12	18	18	928	18|11|5|6|4|6|12|13|3|4|1|3
GA	Galgal	LTR	ERV1	GGLTR7-int	NC_052571.1:2367254-2368224-	NC_052571.1:4116056-4117637-	14	75	0	328,329,330,334,345	193,194,195,199,210	1	3,4,5,6,7	18	18	824	14|11|4|4|4|6|8|11|3|7|1|2
GA	Galgal	LTR	ERV1	GGLTR7A	NC_052571.1:49529-50113-	NC_052571.1:8100481-8101070+	20	75	0	268,269,272,286,319	270,271,274,288,320	1	8,9,10,11,12	51	51	573	20|7|0|2|5|4|18|8|1|3|5|2
GA	Galgal	LTR	ERV1	GGLTR7A	NC_052571.1:837079-837678-	NC_052571.1:1715955-1716541-	9	34	0	486,491,505,507,531	473,478,492,494,518	1	4,5,6,7,8	46	46	592	9|2|1|3|3|2|7|5|1|0|1|0
GA	Galgal	LTR	ERV1	GGLTR7-int	NC_052571.1:2399856-2405352+	NC_052571.1:2887203-2889741-	20	88	0	5362,5380,5381,5390,5472	2092,2110,2111,2120,2202	1	16,17,18,19,20	111	111	2234	20|16|7|5|3|2|17|11|2|2|1|2
GA	Galgal	LTR	ERV1	GGLTR7A	NC_052571.1:884344-884955-	NC_052571.1:4120162-4120771-	16	61	0	403,411,412,419,433	401,409,410,417,431	1	10,11,12,13,14	31	31	610	16|9|3|3|1|1|5|11|1|3|3|5
GA	Galgal	LTR	ERV1	GGLTR7A	NC_052571.1:884344-884955-	NC_052571.1:4113793-4114402+	16	60	0	403,411,412,419,433	401,409,410,417,431	1	10,11,12,13,14	31	31	597	16|9|3|3|1|1|4|11|1|3|3|5
GA	Galgal	LTR	ERV1	GGLTR7-int	NC_052571.1:2399856-2405352+	NC_052571.1:3615561-3618149-	9	55	0	3209,3212,3213,3240,3242	151,154,155,182,184	1	1,2,3,4,5	34	34	1078	9|5|4|2|2|2|12|10|3|3|1|2
GA	Galgal	LTR	ERV1	GGLTR7-int	NC_052571.1:2399856-2405352+	NC_052571.1:3635527-3638115+	9	57	0	3209,3212,3213,3240,3242	151,154,155,182,184	1	1,2,3,4,5	34	34	1078	9|5|4|3|2|2|12|11|3|3|1|2
GA	Galgal	LTR	ERV1	GGLTR7-int	NC_052571.1:2399856-2405352+	NC_052571.1:3559438-3562026-	9	54	0	3209,3212,3213,3240,3242	150,153,154,184,186	1	1,2,3,4,5	37	37	1080	9|5|4|2|2|2|11|9|3|4|1|2
GA	Galgal	LTR	ERV1	GGLTR7A	NC_052571.1:892973-893562-	NC_052571.1:8100481-8101070+	15	53	0	265,270,271,274,288,321	265,270,271,274,288,320	1	5,6,7,8,9,10	56	56	589	15|6|0|0|6|3|9|4|0|2|5|3
GA	Galgal	LTR	ERV1	GGLTR7A	NC_052571.1:892973-893562-	NC_052571.1:8122854-8123449-	15	48	0	265,270,271,274,288,321	271,276,277,280,294,326	1	4,5,6,7,8,9	56	56	592	15|6|0|2|4|1|11|2|0|1|2|4
GA	Galgal	LTR	ERV1	GGLTR7A	NC_052571.1:892973-893562-	NC_052571.1:1715955-1716541-	19	59	0	481,488,495,497,521	478,485,492,494,518	1	12,13,14,15,16	41	41	574	19|10|0|2|4|2|9|9|0|1|1|2
GA	Galgal	LTR	ERV1	GGLTR7-int	NC_052571.1:2425896-2429537+	NC_052571.1:3615561-3618149-	9	48	0	500,503,504,531,533	151,154,155,182,184	1	1,2,3,4,5	34	34	1078	9|4|4|1|2|2|10|7|3|3|1|2
GA	Galgal	LTR	ERV1	GGLTR7-int	NC_052571.1:2425896-2429537+	NC_052571.1:3635527-3638115+	9	50	0	500,503,504,531,533	151,154,155,182,184	1	1,2,3,4,5	34	34	1078	9|4|4|2|2|2|10|8|3|3|1|2
GA	Galgal	LTR	ERV1	GGLTR7-int	NC_052571.1:2425896-2429537+	NC_052571.1:3559438-3562026-	9	47	0	500,503,504,531,533	150,153,154,184,186	1	1,2,3,4,5	37	37	1080	9|4|4|1|2|2|9|6|3|4|1|2
GA	Galgal	LTR	ERV1	GGLTR7A	NC_052571.1:963176-963765+	NC_052571.1:8100481-8101070+	15	53	0	265,270,271,274,288,321	265,270,271,274,288,320	1	5,6,7,8,9,10	56	56	589	15|6|0|0|6|3|9|4|0|2|5|3
GA	Galgal	LTR	ERV1	GGLTR7A	NC_052571.1:963176-963765+	NC_052571.1:8122854-8123449-	15	48	0	265,270,271,274,288,321	271,276,277,280,294,326	1	4,5,6,7,8,9	56	56	592	15|6|0|2|4|1|11|2|0|1|2|4
GA	Galgal	LTR	ERV1	GGLTR7-int	NC_052571.1:2425896-2429537+	NC_052571.1:3579391-3580296+	9	45	0	500,503,504,531,533	150,153,154,183,185	1	1,2,3,4,5	36	36	898	9|4|3|3|2|1|9|7|2|2|1|2
GA	Galgal	LTR	ERV1	GGLTR7A	NC_052571.1:963176-963765+	NC_052571.1:1715955-1716541-	19	59	0	481,488,495,497,521	478,485,492,494,518	1	12,13,14,15,16	41	41	574	19|10|0|2|4|2|9|9|0|1|1|2
GA	Galgal	LTR	ERV1	GGLTR7A	NC_052571.1:980193-980782-	NC_052571.1:2236116-2236704+	13	41	0	476,495,525,540,563	475,494,524,539,562	1	8,9,10,11,12	88	88	588	13|5|1|2|3|0|4|7|0|4|2|0
GA	Galgal	LTR	ERV1	GGLTR7A	NC_052571.1:980193-980782-	NC_052571.1:2278455-2279043+	13	42	0	476,495,525,540,563	475,494,524,539,562	1	8,9,10,11,12	88	88	588	13|5|1|2|3|0|5|7|0|4|2|0
GA	Galgal	LTR	ERV1	GGLTR7A	NC_052571.1:980193-980782-	NC_052571.1:8100481-8101070+	14	52	0	270,271,274,288,321	270,271,274,288,320	1	5,6,7,8,9	51	51	589	14|6|0|1|6|3|5|7|0|3|5|2
GA	Galgal	LTR	ERV1	GGLTR7A	NC_052571.1:980193-980782-	NC_052571.1:8122854-8123449-	13	45	0	270,271,274,288,321	276,277,280,294,326	1	4,5,6,7,8	51	51	592	13|6|0|3|4|1|6|5|0|2|2|3
GA	Galgal	LTR	ERV1	GGLTR7A	NC_052571.1:980193-980782-	NC_052571.1:1715955-1716541-	19	58	0	463,476,481,495,497,521,540,542	460,473,478,492,494,518,537,539	1	11,12,13,14,15,16,17,18	80	80	574	19|9|0|3|4|2|6|11|0|2|1|1
GA	Galgal	LTR	ERV1	GGLTR7A	NC_052571.1:999328-999916-	NC_052571.1:8122854-8123449-	11	54	0	269,270,273,287,320	276,277,280,294,326	1	4,5,6,7,8	51	51	578	11|6|0|3|3|3|13|7|0|2|2|4
GA	Galgal	LTR	ERV1	GGLTR7A	NC_052571.1:999328-999916-	NC_052571.1:8100481-8101070+	14	64	0	269,270,273,287,320	270,271,274,288,320	1	6,7,8,9,10	51	51	575	14|6|0|1|4|6|14|8|0|3|5|3
GA	Galgal	LTR	ERV1	GGLTR7A	NC_052571.1:1039779-1040391-	NC_052572.1:30321172-30321782+	20	48	0	367,371,383,384,411,424,434,468	367,371,382,383,409,422,432,466	1	7,8,9,10,11,12,13,14	100	100	611	20|6|3|1|3|2|6|2|0|1|0|4
GA	Galgal	LTR	ERV1	GGLTR7A	NC_052571.1:1039779-1040391-	NC_052571.1:4113793-4114402+	16	60	0	404,412,413,424,434	401,409,410,421,431	1	11,12,13,14,15	31	31	610	16|10|5|3|1|1|7|8|1|0|2|6
GA	Galgal	LTR	ERV1	GGLTR7A	NC_052571.1:1072097-1072582-	NC_052572.1:30321172-30321782+	13	37	0	242,246,258,284,293,307,341	367,371,383,409,418,432,466	1	3,4,5,6,7,8,9	100	100	479	13|7|0|2|2|2|4|4|0|2|0|1
GA	Galgal	LTR	ERV1	GGLTR7A	NC_052571.1:1072097-1072582-	NC_052571.1:4120162-4120771-	12	44	0	277,285,286,293,307	401,409,410,417,431	1	7,8,9,10,11	31	31	483	12|7|2|3|0|0|8|6|2|2|1|1
GA	Galgal	LTR	ERV1	GGLTR7A	NC_052571.1:1072097-1072582-	NC_052571.1:4113793-4114402+	12	44	0	277,285,286,293,307	401,409,410,417,431	1	7,8,9,10,11	31	31	483	12|7|2|3|0|0|8|6|2|2|1|1
GA	Galgal	LTR	ERV1	GGLTR7A	NC_052571.1:1407048-1407636-	NC_052571.1:8100481-8101070+	12	53	0	214,233,247,265,270	214,233,247,265,270	1	3,4,5,6,7	57	57	588	12|4|0|1|5|5|10|8|1|1|4|2
GA	Galgal	LTR	ERV1	GGLTR7A	NC_052571.1:1429655-1430047-	NC_052571.1:1976557-1977163-	7	12	0	153,191,192,275,324	367,405,406,489,538	1	2,3,4,5,6	172	172	386	7|1|0|0|0|0|1|2|0|0|0|1
GA	Galgal	LTR	ERV1	GGLTR7A	NC_052571.1:1429655-1430047-	NC_052571.1:4120162-4120771-	9	31	0	184,192,193,200,214	401,409,410,417,431	1	4,5,6,7,8	31	31	385	9|5|1|1|0|0|4|7|1|1|2|0
GA	Galgal	LTR	ERV1	GGLTR7A	NC_052571.1:1429655-1430047-	NC_052571.1:4113793-4114402+	9	31	0	184,192,193,200,214	401,409,410,417,431	1	4,5,6,7,8	31	31	385	9|5|1|1|0|0|4|7|1|1|2|0
GA	Galgal	LTR	ERV1	GGLTR7A	NC_052571.1:1534111-1534719-	NC_052571.1:4120162-4120771-	14	48	0	400,408,409,416,430	401,409,410,417,431	1	8,9,10,11,12	31	31	608	14|7|3|3|0|1|5|5|2|2|2|4
GA	Galgal	LTR	ERV1	GGLTR7A	NC_052571.1:1534111-1534719-	NC_052571.1:4113793-4114402+	14	48	0	400,408,409,416,430	401,409,410,417,431	1	8,9,10,11,12	31	31	595	14|7|3|3|0|1|5|5|2|2|2|4
GA	Galgal	LTR	ERV1	GGLTR7A	NC_052571.1:1588881-1589469-	NC_052571.1:8100481-8101070+	12	53	0	214,233,247,265,270	214,233,247,265,270	1	3,4,5,6,7	57	57	588	12|4|0|1|5|5|10|8|1|1|4|2
GA	Galgal	LTR	ERV1	GGLTR7-int	NC_052571.1:2762130-2764220-	NC_052571.1:6246315-6251388+	51	236	0	1218,1223,1235,1237,1252	4196,4201,4212,4214,4229	1	31,32,33,34,35	34	34	2083	51|28|6|7|17|11|55|29|8|9|5|10
GA	Galgal	LTR	ERV1	GGLTR7A	NC_052571.1:1715955-1716541-	NC_052571.1:4120162-4120771-	11	49	0	378,386,387,394,408	401,409,410,417,431	1	6,7,8,9,10	31	31	597	11|8|2|2|0|0|10|4|2|1|4|5
GA	Galgal	LTR	ERV1	GGLTR7A	NC_052571.1:1715955-1716541-	NC_052571.1:4113793-4114402+	11	49	0	378,386,387,394,408	401,409,410,417,431	1	6,7,8,9,10	31	31	584	11|8|2|2|0|0|10|4|2|1|4|5
GA	Galgal	LTR	ERV1	GGLTR7A	NC_052571.1:1850851-1851460-	NC_052571.1:4120162-4120771-	11	48	0	401,409,410,417,431	401,409,410,417,431	1	6,7,8,9,10	31	31	609	11|10|2|3|0|0|7|6|1|2|2|4
GA	Galgal	LTR	ERV1	GGLTR7A	NC_052571.1:1850851-1851460-	NC_052571.1:4113793-4114402+	11	48	0	401,409,410,417,431	401,409,410,417,431	1	6,7,8,9,10	31	31	596	11|10|2|3|0|0|7|6|1|2|2|4
GA	Galgal	LTR	ERV1	GGLTR7A	NC_052571.1:1850851-1851460-	NC_052572.1:30321172-30321782+	20	62	0	381,382,408,417,431	382,383,409,418,432	1	9,10,11,12,13	51	51	596	20|11|0|2|3|2|11|5|0|4|1|3
GA	Galgal	LTR	ERV1	GGLTR7-int	NC_052571.1:2841600-2842044-	NC_052571.1:5766737-5773113+	20	76	0	17,22,26,368,372,379,38,380,394,40	5294,5299,5303,5315,5317,5645,5649,5656,5657,5671	2	1,2,3,4,5,14,15,16,17,18	51	378	444	20|13|2|1|1|5|19|6|2|3|3|1
GA	Galgal	LTR	ERV1	GGLTR7-int	NC_052571.1:2841600-2842044-	NC_052571.1:5496093-5499322-	19	61	0	17,22,26,38,40	2158,2163,2167,2179,2181	1	1,2,3,4,5	24	24	435	19|9|1|1|1|3|15|4|2|3|2|1
GA	Galgal	LTR	ERV1	GGLTR7-int	NC_052571.1:2841600-2842044-	NC_052571.1:5619538-5622767+	18	63	0	17,22,26,38,40	2158,2163,2167,2179,2181	1	1,2,3,4,5	24	24	437	18|10|1|1|1|4|15|5|2|3|2|1
GA	Galgal	LTR	ERV1	GGLTR7-int	NC_052571.1:2842041-2842418-	NC_052571.1:7643954-7650249+	10	44	0	34,41,47,79,91	4623,4630,4636,4668,4680	1	1,2,3,4,5	58	58	376	10|4|2|3|2|4|8|5|0|0|4|2
GA	Galgal	LTR	ERV1	GGLTR7A	NC_052571.1:1873063-1873257-	NC_052571.1:8100481-8101070+	6	12	0	101,133,138,139,142	233,265,270,271,274	1	1,2,3,4,5	42	42	187	6|0|0|0|0|0|3|2|0|0|0|1
GA	Galgal	LTR	ERV1	GGLTR7-int	NC_052571.1:2847192-2848667-	NC_052571.1:5766737-5773113+	22	123	0	1385,1400,1410,1431,1451	2047,2062,2072,2093,2113	1	18,19,20,21,22	67	67	1478	22|16|5|5|5|8|23|12|2|7|8|10
GA	Galgal	LTR	ERV1	GGLTR7-int	NC_052571.1:2847192-2848667-	NC_052571.1:8015391-8020939+	22	128	0	1385,1400,1410,1431,1451	1187,1202,1212,1232,1252	1	18,19,20,21,22	66	66	1259	22|16|8|7|5|10|22|16|6|6|3|7
GA	Galgal	LTR	ERV1	GGLTR7-int	NC_052571.1:2847192-2848667-	NC_052571.1:3837690-3842544+	11	54	0	1385,1400,1410,1431,1451	515,530,540,561,581	1	7,8,9,10,11	67	67	592	11|6|1|4|3|5|9|4|1|4|2|4
GA	Galgal	LTR	ERV1	GGLTR7-int	NC_052571.1:2847192-2848667-	NC_052571.1:8826954-8828600-	13	54	0	1367,1385,1400,1431,1451	453,471,486,517,537	1	9,10,11,12,13	85	85	546	13|4|0|5|1|6|11|7|1|2|1|3
GA	Galgal	LTR	ERV1	GGLTR7A	NC_052571.1:2156283-2156915+	NC_052571.1:5773114-5773744+	13	41	0	519,540,564,566,585	517,538,562,564,583	1	7,8,9,10,11	67	67	631	13|8|2|0|1|0|6|5|4|1|1|0
GA	Galgal	LTR	ERV1	GGLTR7A	NC_052571.1:2156283-2156915+	NC_052571.1:7139409-7140018+	12	33	0	515,528,538,585,629	492,505,515,562,606	1	8,9,10,11,12	115	115	620	12|5|0|1|0|0|8|3|2|1|1|0
GA	Galgal	LTR	ERV1	GGLTR7A	NC_052571.1:2156283-2156915+	NC_052571.1:2650246-2650855+	14	41	0	506,536,538,564,585	484,514,516,542,563	1	10,11,12,13,14	80	80	617	14|2|2|0|0|2|9|4|2|2|3|1
GA	Galgal	LTR	ERV1	GGLTR7-int	NC_052571.1:2889742-2890823-	NC_052571.1:8592361-8593788+	9	30	0	932,976,978,979,981	304,348,350,351,353	1	2,3,4,5,6	50	50	286	9|2|0|2|1|2|5|4|0|0|4|1
GA	Galgal	LTR	ERV1	GGLTR7A	NC_052571.1:2236116-2236704+	NC_052571.1:8100481-8101070+	11	50	0	265,270,271,274,288	265,270,271,274,288	1	5,6,7,8,9	24	24	578	11|5|0|2|5|3|10|5|1|2|4|2
GA	Galgal	LTR	ERV1	GGLTR7A	NC_052571.1:2236116-2236704+	NC_052571.1:8122854-8123449-	12	47	0	265,270,271,274,288	271,276,277,280,294	1	5,6,7,8,9	24	24	581	12|5|0|4|3|2|13|3|1|0|1|3
GA	Galgal	LTR	ERV1	GGLTR7-int	NC_052571.1:3559438-3562026-	NC_052571.1:5619538-5622767+	15	48	0	2445,2466,2502,2546,2578	2365,2386,2424,2468,2500	1	11,12,13,14,15	136	136	1391	15|7|2|0|1|1|7|5|3|2|3|2
GA	Galgal	LTR	ERV1	GGLTR7-int	NC_052571.1:3559438-3562026-	NC_052571.1:6246315-6251388+	44	161	0	2428,2436,2441,2453,2466,2470	4189,4196,4201,4212,4225,4229	1	37,38,39,40,41,42	41	41	1386	44|21|3|2|12|6|34|15|3|9|5|7
GA	Galgal	LTR	ERV1	GGLTR7-int	NC_052571.1:3559438-3562026-	NC_052571.1:4025767-4026704+	10	23	0	2301,2338,2341,2377,2391	410,447,450,486,498	1	3,4,5,6,7	89	89	695	10|5|0|0|0|0|3|4|0|0|0|1
GA	Galgal	LTR	ERV1	GGLTR7-int	NC_052571.1:3559438-3562026-	NC_052571.1:4018330-4019268-	10	23	0	2301,2338,2341,2377,2391	410,447,450,486,498	1	3,4,5,6,7	89	89	695	10|5|0|0|0|0|3|4|0|0|0|1
GA	Galgal	LTR	ERV1	GGLTR7A	NC_052571.1:2278455-2279043+	NC_052571.1:8100481-8101070+	12	51	0	265,270,271,274,288	265,270,271,274,288	1	6,7,8,9,10	24	24	578	12|5|0|2|5|3|10|5|1|2|4|2
GA	Galgal	LTR	ERV1	GGLTR7A	NC_052571.1:2278455-2279043+	NC_052571.1:8122854-8123449-	13	48	0	265,270,271,274,288	271,276,277,280,294	1	6,7,8,9,10	24	24	581	13|5|0|4|3|2|13|3|1|0|1|3
GA	Galgal	LTR	ERV1	GGLTR7A	NC_052571.1:2321388-2321976+	NC_052571.1:8100481-8101070+	11	49	0	214,233,265,270,271,274	214,233,265,270,271,274	1	2,3,4,5,6,7	61	61	588	11|3|0|0|5|3|12|6|0|2|5|2
GA	Galgal	LTR	ERV1	GGLTR7-int	NC_052571.1:3567285-3568421+	NC_052571.1:7300693-7304986-	14	49	0	100,126,223,232,266,274	725,751,848,857,891,901	1	1,2,3,4,5,6	177	177	1133	14|3|1|1|4|6|5|7|3|2|0|3
GA	Galgal	LTR	ERV1	GGLTR7-int	NC_052571.1:3567285-3568421+	NC_052571.1:7288839-7293946+	15	50	0	100,126,223,232,266,274	1539,1565,1662,1671,1705,1715	1	1,2,3,4,5,6	177	177	1133	15|3|1|1|4|6|5|7|3|2|0|3
GA	Galgal	LTR	ERV1	GGLTR7-int	NC_052571.1:3567285-3568421+	NC_052571.1:8757597-8762430+	16	90	0	177,187,196,216,223	215,228,237,257,264	1	4,5,6,7,8	50	50	1137	16|13|2|7|6|3|16|10|5|3|2|7
GA	Galgal	LTR	ERV1	GGLTR7-int	NC_052571.1:3567285-3568421+	NC_052571.1:6795537-6796722-	10	21	0	187,191,200,223,232	1008,1017,972,976,985	1	3,4,5,6,7	46	46	371	10|2|1|0|0|0|2|4|1|0|1|0
GA	Galgal	LTR	ERV1	GGLTR7A	NC_052571.1:2325077-2325665+	NC_052572.1:30321172-30321782+	15	44	0	345,349,360,361,387	367,371,382,383,409	1	5,6,7,8,9	43	43	590	15|5|0|0|4|1|6|4|2|3|1|3
GA	Galgal	LTR	ERV1	GGLTR7-int	NC_052571.1:3615561-3618149-	NC_052571.1:5619538-5622767+	15	48	0	2443,2464,2502,2546,2578	2365,2386,2424,2468,2500	1	11,12,13,14,15	136	136	1393	15|7|2|0|1|1|7|5|3|2|3|2
GA	Galgal	LTR	ERV1	GGLTR7-int	NC_052571.1:3615561-3618149-	NC_052571.1:6246315-6251388+	45	163	0	2427,2434,2439,2451,2464,2468	4189,4196,4201,4212,4225,4229	1	38,39,40,41,42,43	41	41	1388	45|21|3|2|12|6|34|17|3|9|4|7
GA	Galgal	LTR	ERV1	GGLTR7-int	NC_052571.1:3615561-3618149-	NC_052571.1:4025767-4026704+	10	23	0	2302,2339,2342,2378,2390	410,447,450,486,498	1	3,4,5,6,7	89	89	696	10|5|0|0|0|0|3|4|0|0|0|1
GA	Galgal	LTR	ERV1	GGLTR7-int	NC_052571.1:3615561-3618149-	NC_052571.1:4018330-4019268-	10	23	0	2302,2339,2342,2378,2390	410,447,450,486,498	1	3,4,5,6,7	89	89	696	10|5|0|0|0|0|3|4|0|0|0|1
GA	Galgal	LTR	ERV1	GGLTR7A	NC_052571.1:2463787-2464388-	NC_052572.1:30321172-30321782+	20	49	0	358,362,373,374,400,423	367,371,382,383,409,432	1	9,10,11,12,13,14	66	66	576	20|9|1|1|3|1|5|4|0|3|0|2
GA	Galgal	LTR	ERV1	GGLTR7A	NC_052571.1:2487177-2487767+	NC_052571.1:8100481-8101070+	13	54	0	265,270,271,274,289,322	265,270,271,274,288,320	1	5,6,7,8,9,10	56	56	589	13|4|1|0|4|3|10|11|0|1|4|3
GA	Galgal	LTR	ERV1	GGLTR7A	NC_052571.1:2487177-2487767+	NC_052571.1:8122854-8123449-	13	48	0	265,270,271,274,289,322	271,276,277,280,294,326	1	6,7,8,9,10,11	56	56	592	13|4|1|2|2|1|11|9|0|0|1|4
GA	Galgal	LTR	ERV1	GGLTR7-int	NC_052571.1:3623412-3624550+	NC_052571.1:7300693-7304986-	14	49	0	100,126,223,232,266,274	725,751,848,857,891,901	1	1,2,3,4,5,6	177	177	1134	14|3|1|1|4|6|5|7|3|2|0|3
GA	Galgal	LTR	ERV1	GGLTR7-int	NC_052571.1:3623412-3624550+	NC_052571.1:7288839-7293946+	15	50	0	100,126,223,232,266,274	1539,1565,1662,1671,1705,1715	1	1,2,3,4,5,6	177	177	1134	15|3|1|1|4|6|5|7|3|2|0|3
GA	Galgal	LTR	ERV1	GGLTR7-int	NC_052571.1:3623412-3624550+	NC_052571.1:8757597-8762430+	16	90	0	177,187,196,216,223	215,228,237,257,264	1	4,5,6,7,8	50	50	1138	16|13|2|7|6|3|16|10|5|3|2|7
GA	Galgal	LTR	ERV1	GGLTR7-int	NC_052571.1:3623412-3624550+	NC_052571.1:6795537-6796722-	10	21	0	187,191,200,223,232	1008,1017,972,976,985	1	3,4,5,6,7	46	46	371	10|2|1|0|0|0|2|4|1|0|1|0
GA	Galgal	LTR	ERV1	GGLTR7A	NC_052571.1:2500573-2501175+	NC_052572.1:30321172-30321782+	20	49	0	360,364,375,401,410	367,371,383,409,418	1	9,10,11,12,13	52	52	577	20|8|1|1|3|1|5|5|0|3|0|2
GA	Galgal	LTR	ERV1	GGLTR7A	NC_052571.1:2500573-2501175+	NC_052572.1:73573984-73574587-	18	47	0	332,364,366,401,410	332,364,366,402,411	1	11,12,13,14,15	80	80	573	18|9|2|1|1|1|9|4|0|1|1|0
GA	Galgal	LTR	ERV1	GGLTR7A	NC_052571.1:2568475-2569064+	NC_052571.1:8100481-8101070+	13	54	0	265,270,271,274,289,322	265,270,271,274,288,320	1	5,6,7,8,9,10	56	56	589	13|4|1|0|4|3|10|11|0|1|4|3
GA	Galgal	LTR	ERV1	GGLTR7A	NC_052571.1:2568475-2569064+	NC_052571.1:8122854-8123449-	13	48	0	265,270,271,274,289,322	271,276,277,280,294,326	1	6,7,8,9,10,11	56	56	592	13|4|1|2|2|1|11|9|0|0|1|4
GA	Galgal	LTR	ERV1	GGLTR7-int	NC_052571.1:3635527-3638115+	NC_052571.1:5619538-5622767+	15	49	0	2443,2464,2502,2546,2578	2365,2386,2424,2468,2500	1	11,12,13,14,15	136	136	1393	15|7|2|0|1|1|8|5|3|2|3|2
GA	Galgal	LTR	ERV1	GGLTR7-int	NC_052571.1:3635527-3638115+	NC_052571.1:6246315-6251388+	45	164	0	2427,2434,2439,2451,2464,2468	4189,4196,4201,4212,4225,4229	1	38,39,40,41,42,43	41	41	1388	45|21|3|2|12|6|35|17|3|9|4|7
GA	Galgal	LTR	ERV1	GGLTR7-int	NC_052571.1:3635527-3638115+	NC_052571.1:4025767-4026704+	10	23	0	2302,2339,2342,2378,2390	410,447,450,486,498	1	3,4,5,6,7	89	89	696	10|5|0|0|0|0|3|4|0|0|0|1
GA	Galgal	LTR	ERV1	GGLTR7-int	NC_052571.1:3635527-3638115+	NC_052571.1:4018330-4019268-	10	23	0	2302,2339,2342,2378,2390	410,447,450,486,498	1	3,4,5,6,7	89	89	696	10|5|0|0|0|0|3|4|0|0|0|1
GA	Galgal	LTR	ERV1	GGLTR7-int	NC_052571.1:3667545-3672454-	NC_052571.1:5766737-5773113+	37	237	0	3894,3936,3956,3994,4005	3890,3932,3952,3990,4001	1	28,29,30,31,32	112	112	4907	37|36|8|10|11|10|41|33|10|14|11|16
GA	Galgal	LTR	ERV1	GGLTR7-int	NC_052571.1:3667545-3672454-	NC_052571.1:4220089-4226110+	54	312	0	3936,3956,3994,4005,4038	3578,3598,3636,3647,3681	1	41,42,43,44,45	104	104	4547	54|39|9|17|17|15|53|38|13|14|18|25
GA	Galgal	LTR	ERV1	GGLTR7-int	NC_052571.1:3667545-3672454-	NC_052571.1:5879771-5884147+	22	142	0	3894,3936,3956,3994,4005	2344,2386,2406,2444,2455	1	16,17,18,19,20	112	112	3359	22|23|5|9|3|6|22|15|8|9|6|14
GA	Galgal	LTR	ERV1	GGLTR7-int	NC_052571.1:3667545-3672454-	NC_052571.1:5619538-5622767+	14	73	0	3894,3936,3956,3994,4005	754,796,816,854,865	1	5,6,7,8,9	112	112	1767	14|10|0|2|1|3|11|12|4|7|5|4
GA	Galgal	LTR	ERV1	GGLTR7-int	NC_052571.1:3667545-3672454-	NC_052571.1:5496093-5499322-	15	78	0	3894,3936,3956,3994,4005	754,796,816,854,865	1	6,7,8,9,10	112	112	1767	15|11|0|2|1|3|11|13|6|7|5|4
GA	Galgal	LTR	ERV1	GGLTR7-int	NC_052571.1:3667545-3672454-	NC_052571.1:5980543-5983846+	20	98	0	3919,3936,3956,3994,4005	839,856,876,914,925	1	10,11,12,13,14	87	87	1827	20|15|1|3|2|6|15|12|4|7|5|8
GA	Galgal	LTR	ERV1	GGLTR7-int	NC_052571.1:3667545-3672454-	NC_052571.1:6030040-6033343-	20	99	0	3919,3936,3956,3994,4005	839,856,876,914,925	1	10,11,12,13,14	87	87	1827	20|15|2|3|2|6|15|12|4|7|5|8
GA	Galgal	LTR	ERV1	GGLTR7-int	NC_052571.1:3709353-3711760+	NC_052571.1:5086080-5092421+	35	181	0	603,604,605,609,613	1810,1811,1812,1816,1820	1	10,11,12,13,14	11	11	2383	35|20|12|8|4|6|31|29|8|6|11|11
GA	Galgal	LTR	ERV1	GGLTR7A	NC_052571.1:2890823-2891423-	NC_052571.1:3672454-3673053-	10	34	0	358,367,371,376,380	357,366,370,375,379	1	6,7,8,9,10	23	23	599	10|7|1|2|2|2|7|1|0|2|0|0
GA	Galgal	LTR	ERV1	GGLTR7-int	NC_052571.1:3711773-3713520+	NC_052571.1:4220089-4226110+	39	183	0	1564,1571,1575,1576,1590	5285,5292,5296,5297,5311	1	30,31,32,33,34	27	27	1442	39|19|4|10|5|5|41|25|3|9|11|12
GA	Galgal	LTR	ERV1	GGLTR7-int	NC_052571.1:3711773-3713520+	NC_052571.1:5766737-5773113+	43	201	0	1564,1568,1571,1575,1576,1590	5645,5649,5652,5656,5657,5671	1	30,31,32,33,34,35	27	27	1445	43|23|7|8|6|7|44|28|4|11|11|9
GA	Galgal	LTR	ERV1	GGLTR7-int	NC_052571.1:3711773-3713520+	NC_052571.1:5619538-5622767+	40	184	0	1564,1568,1571,1575,1576	2496,2500,2503,2507,2508	1	29,30,31,32,33	13	13	1439	40|21|7|8|6|7|38|25|4|11|10|7
GA	Galgal	LTR	ERV1	GGLTR7-int	NC_052571.1:3711773-3713520+	NC_052571.1:5496093-5499322-	42	184	0	1564,1568,1571,1575,1576	2496,2500,2503,2507,2508	1	31,32,33,34,35	13	13	1439	42|21|7|8|6|6|39|23|5|11|9|7
GA	Galgal	LTR	ERV1	GGLTR7A	NC_052571.1:2897961-2898571+	NC_052571.1:6797527-6798139-	19	56	0	114,126,132,183,214	114,126,132,183,214	1	3,4,5,6,7	101	101	611	19|6|2|0|1|0|12|10|2|2|1|1
GA	Galgal	LTR	ERV1	GGLTR7-int	NC_052571.1:3711773-3713520+	NW_024095983.1:109279-112561+	45	201	0	1564,1571,1575,1576,1590	2548,2555,2559,2560,2574	1	36,37,38,39,40	27	27	1440	45|27|4|8|7|11|41|24|2|9|11|12
GA	Galgal	LTR	ERV1	GGLTR7-int	NC_052571.1:3711773-3713520+	NC_052572.1:82519484-82523241+	46	202	0	1564,1568,1571,1575,1576	3022,3026,3029,3033,3034	1	35,36,37,38,39	13	13	1448	46|26|5|7|7|5|38|28|4|12|10|14
GA	Galgal	LTR	ERV1	GGLTR7-int	NC_052571.1:3711773-3713520+	NC_052572.1:81869138-81873409-	48	206	0	1564,1568,1571,1575,1576	3537,3541,3544,3548,3549	1	35,36,37,38,39	13	13	1447	48|25|5|7|7|5|39|28|5|12|11|14
GA	Galgal	LTR	ERV1	GGLTR7-int	NC_052571.1:3713521-3713881+	NC_052571.1:6607650-6614014-	17	55	0	219,228,234,241,276,283	6223,6232,6238,6245,6280,6287	1	11,12,13,14,15,16	65	65	357	17|8|3|1|1|3|11|6|0|1|2|2
GA	Galgal	LTR	ERV1	GGLTR7-int	NC_052571.1:3713521-3713881+	NC_052571.1:4481334-4481673+	20	57	0	241,251,258,276,283	221,231,238,256,263	1	15,16,17,18,19	43	43	337	20|4|4|0|0|5|10|8|0|1|2|3
GA	Galgal	LTR	ERV1	GGLTR7-int	NC_052571.1:3713521-3713881+	NC_052571.1:4427385-4433761+	22	65	0	241,251,258,276,283	6257,6267,6274,6292,6299	1	16,17,18,19,20	43	43	357	22|5|3|0|0|3|11|11|0|5|3|2
GA	Galgal	LTR	ERV1	GGLTR7-int	NC_052571.1:3713521-3713881+	NC_052571.1:8275481-8277786+	21	61	0	241,251,276,281,283	2186,2196,2221,2226,2228	1	15,16,17,18,19	43	43	353	21|5|3|0|0|3|13|7|0|4|1|4
GA	Galgal	LTR	ERV1	GGLTR7-int	NC_052571.1:3721595-3723907-	NC_052571.1:5980543-5983846+	19	96	0	1853,1859,1965,1991,2030	2844,2850,2956,2982,3021	1	15,16,17,18,19	178	178	2003	19|14|3|5|2|4|17|14|6|4|4|4
GA	Galgal	LTR	ERV1	GGLTR7-int	NC_052571.1:3721595-3723907-	NC_052571.1:6030040-6033343-	20	97	0	1853,1859,1965,1991,2030	2844,2850,2956,2982,3021	1	16,17,18,19,20	178	178	2003	20|14|3|5|2|4|17|14|6|4|4|4
GA	Galgal	LTR	ERV1	GGLTR7-int	NC_052571.1:3721595-3723907-	NC_052571.1:6246315-6251388+	51	217	0	1431,1438,1443,1455,1472	4189,4196,4201,4212,4229	1	30,31,32,33,34	41	41	2000	51|26|6|6|11|9|57|24|5|11|3|8
GA	Galgal	LTR	ERV1	GGLTR7A	NC_052571.1:3721091-3721595-	NC_052571.1:4120162-4120771-	10	37	0	402,410,411,418,432	401,409,410,417,431	1	6,7,8,9,10	31	31	508	10|4|2|3|0|0|2|9|1|2|1|3
GA	Galgal	LTR	ERV1	GGLTR7A	NC_052571.1:3721091-3721595-	NC_052571.1:4113793-4114402+	10	37	0	402,410,411,418,432	401,409,410,417,431	1	6,7,8,9,10	31	31	495	10|4|2|3|0|0|2|9|1|2|1|3
GA	Galgal	LTR	ERV1	GGLTR7A	NC_052571.1:3727502-3728102-	NC_052571.1:4120162-4120771-	15	49	0	402,410,411,418,432	401,409,410,417,431	1	10,11,12,13,14	31	31	604	15|6|2|2|0|0|7|9|1|2|2|3
GA	Galgal	LTR	ERV1	GGLTR7A	NC_052571.1:3727502-3728102-	NC_052571.1:4113793-4114402+	14	48	0	402,410,411,418,432	401,409,410,417,431	1	9,10,11,12,13	31	31	596	14|6|2|2|0|0|7|9|1|2|2|3
GA	Galgal	LTR	ERV1	GGLTR7A	NC_052571.1:3766991-3767578+	NC_052571.1:8822968-8823518-	15	28	0	287,332,334,350,354,386	249,294,296,312,316,349	1	6,7,8,9,10,11	101	101	541	15|5|0|0|1|1|2|4|0|0|0|0
GA	Galgal	LTR	ERV1	GGLTR7A	NC_052571.1:3766991-3767578+	NC_052571.1:4433761-4434349+	16	43	0	113,117,162,171,176	113,117,162,171,176	1	4,5,6,7,8	64	64	574	16|8|0|2|1|1|7|5|0|1|1|1
GA	Galgal	LTR	ERV1	GGLTR7A	NC_052571.1:3766991-3767578+	NC_052571.1:4426797-4427385+	17	44	0	113,117,162,171,176	113,117,162,171,176	1	4,5,6,7,8	64	64	574	17|8|0|2|1|1|7|5|0|1|1|1
GA	Galgal	LTR	ERV1	GGLTR7A	NC_052571.1:3766991-3767578+	NC_052571.1:6552868-6553457-	17	48	0	117,162,163,171,176	117,162,163,171,176	1	4,5,6,7,8	60	60	575	17|9|2|1|1|0|7|8|0|1|1|1
GA	Galgal	LTR	ERV1	GGLTR7A	NC_052571.1:3766991-3767578+	NC_052571.1:9067124-9067705+	12	41	0	117,163,171,176,179	117,163,171,176,179	1	4,5,6,7,8	63	63	571	12|5|1|1|0|0|7|8|1|1|4|1
GA	Galgal	LTR	ERV1	GGLTR7A	NC_052571.1:3766991-3767578+	NC_052572.1:30321172-30321782+	22	40	0	332,344,348,359,360,386,409	352,367,371,382,383,409,432	1	10,11,12,13,14,15,16	81	81	598	22|6|0|1|2|1|1|4|0|1|0|2
GA	Galgal	LTR	ERV1	GGLTR7A	NC_052571.1:3766991-3767578+	NC_052572.1:51733655-51734263-	17	39	0	269,332,344,356,359,368	269,350,365,377,380,389	1	6,7,8,9,10,11	121	121	597	17|10|0|0|1|0|4|5|1|0|0|1
GA	Galgal	LTR	ERV1	GGLTR7A	NC_052571.1:3766991-3767578+	NC_052571.1:5622767-5623376+	18	39	0	117,162,171,176,206,213,88	117,162,171,176,206,213,88	1	5,6,7,8,9,10,11	126	126	585	18|6|0|1|1|0|6|3|0|2|1|1
GA	Galgal	LTR	ERV1	GGLTR7-int	NC_052571.1:3814352-3818327-	NC_052571.1:5879771-5884147+	44	235	0	3164,3173,3177,3183,3185	3429,3438,3442,3448,3450	1	37,38,39,40,41	22	22	3276	44|43|9|10|8|9|32|39|9|10|11|11
GA	Galgal	LTR	ERV1	GGLTR7A	NC_052571.1:3842544-3843132+	NC_052571.1:6797527-6798139-	16	39	0	114,132,172,183,214	114,132,172,183,214	1	4,5,6,7,8	101	101	600	16|5|2|2|1|0|5|5|0|1|2|0
GA	Galgal	LTR	ERV1	GGLTR7-int	NC_052571.1:3837690-3842544+	NC_052571.1:6425287-6429268-	45	241	0	4743,4753,4775,4791,4795	3872,3882,3904,3920,3924	1	41,42,43,44,45	53	53	3966	45|42|12|10|7|14|39|31|12|6|12|11
GA	Galgal	LTR	ERV1	GGLTR7-int	NC_052571.1:3837690-3842544+	NC_052571.1:7643954-7650249+	44	207	0	3161,3168,3174,3201,3213	4623,4630,4636,4668,4680	1	34,35,36,37,38	58	58	3845	44|29|12|14|8|9|30|25|5|7|11|13
GA	Galgal	LTR	ERV1	GGLTR7A	NC_052571.1:3882552-3883162-	NC_052571.1:6797527-6798139-	16	38	0	114,132,172,183,252,288	114,132,172,183,252,288	1	4,5,6,7,8,9	175	175	611	16|5|2|1|1|1|6|4|0|1|1|0
GA	Galgal	LTR	ERV1	GGLTR7-int	NC_052571.1:3837690-3842544+	NC_052572.1:81080350-81084081+	51	331	0	4753,4755,4775,4791,4795	3632,3634,3654,3670,3674	1	45,46,47,48,49	43	43	3735	51|30|21|11|12|9|47|47|14|46|32|11
GA	Galgal	LTR	ERV1	GGLTR7-int	NC_052571.1:3837690-3842544+	NC_052571.1:3871991-3874994-	31	134	0	4743,4753,4775,4791,4795	2894,2904,2926,2942,2946	1	27,28,29,30,31	53	53	2996	31|19|5|5|4|8|22|13|5|6|9|7
GA	Galgal	LTR	ERV1	GGLTR7-int	NC_052571.1:3837690-3842544+	NC_052571.1:3972708-3975709-	33	143	0	4743,4753,4775,4791,4795	2892,2902,2924,2940,2944	1	28,29,30,31,32	53	53	2996	33|19|5|5|4|8|23|16|6|6|11|7
GA	Galgal	LTR	ERV1	GGLTR7-int	NC_052571.1:3837690-3842544+	NC_052571.1:5086080-5092421+	22	98	0	4753,4775,4785,4791,4795	6242,6264,6274,6280,6284	1	18,19,20,21,22	43	43	1364	22|13|2|4|5|3|18|11|7|4|3|6
GA	Galgal	LTR	ERV1	GGLTR7-int	NC_052571.1:3837690-3842544+	NC_052571.1:3912834-3915141-	28	105	0	4743,4753,4775,4791,4795	2198,2208,2230,2246,2250	1	23,24,25,26,27	53	53	2304	28|13|4|4|4|4|15|10|4|4|9|6
GA	Galgal	LTR	ERV1	GGLTR7-int	NC_052571.1:3837690-3842544+	NC_052571.1:8275481-8277786+	40	169	0	4753,4773,4775,4791,4795	2206,2226,2228,2244,2248	1	36,37,38,39,40	43	43	2307	40|22|6|9|5|5|33|16|6|10|6|11
GA	Galgal	LTR	ERV1	GGLTR7-int	NC_052571.1:3837690-3842544+	NC_052571.1:6483345-6489027+	23	83	0	4753,4775,4785,4791,4795	5583,5605,5615,5621,5625	1	19,20,21,22,23	43	43	1162	23|12|2|3|1|2|15|14|3|2|3|3
GA	Galgal	LTR	ERV1	GGLTR7-int	NC_052571.1:3871991-3874994-	NC_052571.1:6246315-6251388+	69	291	0	2122,2129,2134,2146,2151,2163	4189,4196,4201,4212,4217,4229	1	50,51,52,53,54,55	41	41	2994	69|29|6|12|21|8|64|43|6|14|5|14
GA	Galgal	LTR	ERV1	GGLTR7-int	NC_052571.1:3871991-3874994-	NC_052571.1:4648087-4650958-	80	387	0	1559,1562,1568,1574,1579	1395,1398,1404,1410,1415	1	27,28,29,30,31	21	21	2852	80|50|8|18|26|20|82|52|14|12|17|8
GA	Galgal	LTR	ERV1	GGLTR7-int	NC_052571.1:3871991-3874994-	NC_052571.1:8283363-8284847-	33	160	0	1554,1559,1562,1568,1574	60,65,68,74,80	1	3,4,5,6,7	21	21	1496	33|24|5|9|6|6|33|17|6|7|5|9
GA	Galgal	LTR	ERV1	GGLTR7A	NC_052571.1:3949714-3950299-	NC_052572.1:51733655-51734263-	15	56	0	102,60,83,88,94	101,59,82,87,93	1	1,2,3,4,5	43	43	596	15|10|0|0|4|1|7|14|1|2|0|2
GA	Galgal	LTR	ERV1	GGLTR7A	NC_052571.1:3949714-3950299-	NC_052572.1:71847181-71847781+	17	50	0	102,77,83,88,94	102,77,83,88,94	1	2,3,4,5,6	26	26	587	17|4|2|1|4|2|5|8|1|3|1|2
GA	Galgal	LTR	ERV1	GGLTR7-int	NC_052571.1:3877705-3878840-	NC_052571.1:8592361-8593788+	8	32	0	934,977,980,981,983	304,347,350,351,353	1	2,3,4,5,6	50	50	339	8|2|0|2|1|1|5|6|1|0|3|3
GA	Galgal	LTR	ERV1	GGLTR7-int	NC_052571.1:3883162-3884056-	NC_052571.1:3912834-3915141-	19	61	0	783,793,815,831,835	2198,2208,2230,2246,2250	1	14,15,16,17,18	53	53	893	19|6|1|2|1|3|12|12|2|1|1|1
GA	Galgal	LTR	ERV1	GGLTR7-int	NC_052571.1:3883162-3884056-	NC_052571.1:3972708-3975709-	19	66	0	783,793,815,831,835	2892,2902,2924,2940,2944	1	14,15,16,17,18	53	53	893	19|6|1|2|1|3|14|13|3|1|1|2
GA	Galgal	LTR	ERV1	GGLTR7-int	NC_052571.1:3883162-3884056-	NC_052571.1:6483345-6489027+	21	80	0	793,815,825,831,835	5583,5605,5615,5621,5625	1	17,18,19,20,21	43	43	893	21|10|2|2|1|3|13|18|2|2|3|3
GA	Galgal	LTR	ERV1	GGLTR7-int	NC_052571.1:3883162-3884056-	NC_052571.1:6425287-6429268-	22	82	0	783,793,815,831,835	3872,3882,3904,3920,3924	1	18,19,20,21,22	53	53	893	22|12|2|2|1|3|14|17|2|1|2|4
GA	Galgal	LTR	ERV1	GGLTR7-int	NC_052571.1:3883162-3884056-	NC_052572.1:81080350-81084081+	24	84	0	793,795,815,831,835	3632,3634,3654,3670,3674	1	18,19,20,21,22	43	43	893	24|10|1|4|2|3|13|14|2|4|3|4
GA	Galgal	LTR	ERV1	GGLTR7-int	NC_052571.1:3883162-3884056-	NC_052571.1:8275481-8277786+	22	88	0	793,813,815,831,835	2206,2226,2228,2244,2248	1	18,19,20,21,22	43	43	891	22|10|2|3|0|3|20|15|3|3|2|5
GA	Galgal	LTR	ERV1	GGLTR7-int	NC_052571.1:3883162-3884056-	NC_052571.1:5086080-5092421+	19	79	0	793,815,825,831,835	6242,6264,6274,6280,6284	1	15,16,17,18,19	43	43	887	19|9|3|3|3|3|14|11|4|3|2|5
GA	Galgal	LTR	ERV1	GGLTR7-int	NC_052571.1:3912834-3915141-	NC_052571.1:6246315-6251388+	57	244	0	1426,1433,1438,1450,1455,1467	4189,4196,4201,4212,4217,4229	1	38,39,40,41,42,43	41	41	2300	57|26|5|7|19|9|59|32|3|12|3|12
GA	Galgal	LTR	ERV1	GGLTR7-int	NC_052571.1:3912834-3915141-	NC_052571.1:7643954-7650249+	12	63	0	616,623,629,656,668	4623,4630,4636,4668,4680	1	6,7,8,9,10	58	58	1302	12|12|1|3|4|4|11|11|0|2|0|3
GA	Galgal	LTR	ERV1	GGLTR7A	NC_052571.1:4226110-4226691+	NC_052571.1:8100481-8101070+	11	45	0	214,233,262,265,270,271,274,288	214,233,262,265,270,271,274,288	1	2,3,4,5,6,7,8,9	75	75	585	11|4|0|0|4|3|7|8|1|1|4|2
GA	Galgal	LTR	ERV1	GGLTR7A	NC_052571.1:4226110-4226691+	NC_052571.1:8122854-8123449-	10	38	0	262,265,270,271,274,288	268,271,276,277,280,294	1	3,4,5,6,7,8	27	27	588	10|4|0|2|2|1|8|6|1|0|1|3
GA	Galgal	LTR	ERV1	GGLTR7A	NC_052571.1:4226110-4226691+	NC_052571.1:6797527-6798139-	13	32	0	183,214,252,262,288,319	183,214,252,262,288,319	1	5,6,7,8,9,10	137	137	586	13|4|2|1|1|0|5|1|3|1|1|0
GA	Galgal	LTR	ERV1	GGLTR7A	NC_052571.1:4226110-4226691+	NC_052572.1:73573984-73574587-	12	36	0	197,203,214,262,265	193,199,210,258,261	1	4,5,6,7,8	69	69	581	12|7|1|2|0|1|5|5|2|0|1|0
GA	Galgal	LTR	ERV1	GGLTR7-int	NC_052571.1:3972708-3975709-	NC_052571.1:6246315-6251388+	71	298	0	2120,2127,2132,2144,2149,2161	4189,4196,4201,4212,4217,4229	1	51,52,53,54,55,56	41	41	2994	71|31|7|12|23|7|67|42|6|14|5|13
GA	Galgal	LTR	ERV1	GGLTR7-int	NC_052571.1:3972708-3975709-	NC_052571.1:7643954-7650249+	17	81	0	1311,1318,1324,1351,1363	4623,4630,4636,4668,4680	1	11,12,13,14,15	58	58	1992	17|11|3|5|8|3|14|11|1|3|1|4
GA	Galgal	LTR	ERV1	GGLTR7-int	NC_052571.1:4018330-4019268-	NC_052571.1:6246315-6251388+	32	120	0	535,542,547,559,576	4189,4196,4201,4212,4229	1	18,19,20,21,22	41	41	919	32|14|2|3|5|1|30|15|0|7|3|8
GA	Galgal	LTR	ERV1	GGLTR7-int	NC_052571.1:4019279-4020558-	NC_052571.1:5980543-5983846+	12	63	0	231,284,316,380,386	684,737,769,833,839	1	3,4,5,6,7	156	156	1278	12|6|1|0|4|7|13|10|1|3|2|4
GA	Galgal	LTR	ERV1	GGLTR7-int	NC_052571.1:4019279-4020558-	NC_052571.1:4427385-4433761+	11	61	0	193,200,231,284,316	3729,3736,3767,3820,3852	1	1,2,3,4,5	124	124	1278	11|4|2|0|6|4|13|10|2|2|3|4
GA	Galgal	LTR	ERV1	GGLTR7-int	NC_052571.1:4024477-4025756+	NC_052571.1:5980543-5983846+	12	63	0	231,284,316,380,386	684,737,769,833,839	1	3,4,5,6,7	156	156	1278	12|6|1|0|4|7|13|10|1|3|2|4
GA	Galgal	LTR	ERV1	GGLTR7-int	NC_052571.1:4024477-4025756+	NC_052571.1:4427385-4433761+	11	61	0	193,200,231,284,316	3729,3736,3767,3820,3852	1	1,2,3,4,5	124	124	1278	11|4|2|0|6|4|13|10|2|2|3|4
GA	Galgal	LTR	ERV1	GGLTR7A	NC_052571.1:4682810-4683419-	NC_052572.1:30492835-30493444-	18	66	0	265,269,286,288,296	265,269,286,288,296	1	5,6,7,8,9	32	32	604	18|9|1|4|4|4|7|9|1|1|3|5
GA	Galgal	LTR	ERV1	GGLTR7-int	NC_052571.1:4025767-4026704+	NC_052571.1:6246315-6251388+	32	122	0	535,542,547,559,576	4189,4196,4201,4212,4229	1	18,19,20,21,22	41	41	919	32|14|2|3|6|1|30|15|0|7|4|8
GA	Galgal	LTR	ERV1	GGLTR7A	NC_052571.1:4697265-4697767+	NC_052572.1:81686579-81687194+	10	52	0	369,381,401,407,408	372,384,404,410,411	1	6,7,8,9,10	40	40	505	10|2|5|1|0|1|7|6|3|10|5|2
GA	Galgal	LTR	ERV1	GGLTR7A	NC_052571.1:4697265-4697767+	NC_052572.1:80164330-80164945+	10	52	0	369,381,401,407,408	372,384,404,410,411	1	6,7,8,9,10	40	40	505	10|2|5|1|0|1|7|6|3|10|5|2
GA	Galgal	LTR	ERV1	GGLTR7A	NC_052571.1:4697265-4697767+	NC_052572.1:80131775-80132390+	10	52	0	369,381,401,407,408	372,384,404,410,411	1	6,7,8,9,10	40	40	505	10|2|5|1|0|1|7|6|3|10|5|2
GA	Galgal	LTR	ERV1	GGLTR7-int	NC_052571.1:4114402-4116021+	NC_052571.1:6033867-6036951-	19	89	0	1436,1458,1478,1495,1535	1430,1452,1472,1489,1529	1	13,14,15,16,17	100	100	1613	19|19|1|2|2|5|14|13|1|5|5|3
GA	Galgal	LTR	ERV1	GGLTR7-int	NC_052571.1:4114402-4116021+	NC_052571.1:5976935-5980019+	19	89	0	1436,1458,1478,1495,1535	1430,1452,1472,1489,1529	1	13,14,15,16,17	100	100	1613	19|19|1|2|2|5|14|13|1|5|5|3
GA	Galgal	LTR	ERV1	GGLTR7A	NC_052571.1:4860218-4860806+	NC_052571.1:8100481-8101070+	11	61	0	214,233,262,265,271,274	214,233,262,265,271,274	1	2,3,4,5,6,7	61	61	588	11|3|1|2|5|4|13|8|0|6|4|4
GA	Galgal	LTR	ERV1	GGLTR7A	NC_052571.1:4860218-4860806+	NC_052572.1:73573984-73574587-	13	49	0	197,203,214,262,265	193,199,210,258,261	1	4,5,6,7,8	69	69	595	13|5|3|2|1|1|10|4|2|4|2|2
GA	Galgal	LTR	ERV1	GGLTR7-int	NC_052571.1:4136343-4137602-	NC_052571.1:4261045-4262374+	25	100	0	257,259,260,270,280,506,508,509,517,585	1008,709,711,712,722,732,929,931,932,940	2	5,6,7,8,9,14,15,16,17,18	104	300	850	25|12|2|4|4|8|20|11|3|4|4|3
GA	Galgal	LTR	ERV1	GGLTR7-int	NC_052571.1:4136343-4137602-	NC_052571.1:4355663-4357551+	18	84	0	506,508,509,517,585	1480,1482,1483,1491,1559	1	11,12,13,14,15	80	80	707	18|13|3|2|3|6|13|11|2|3|5|5
GA	Galgal	LTR	ERV1	GGLTR7-int	NC_052571.1:4136343-4137602-	NC_052571.1:4267099-4268987-	18	84	0	506,508,509,517,585	1480,1482,1483,1491,1559	1	11,12,13,14,15	80	80	707	18|13|3|2|3|6|13|11|2|3|5|5
GA	Galgal	LTR	ERV1	GGLTR7A	NC_052571.1:5199932-5200521+	NC_052572.1:11521788-11522378+	15	63	0	152,154,172,177,183	152,154,172,177,183	1	2,3,4,5,6	32	32	581	15|8|2|6|3|4|8|8|2|3|2|2
GA	Galgal	LTR	ERV1	GGLTR7A	NC_052571.1:5199932-5200521+	NC_052571.1:6797527-6798139-	18	49	0	114,132,152,154,172,183	114,132,152,154,172,183	1	3,4,5,6,7,8	70	70	600	18|4|2|1|3|2|9|5|1|2|1|1
GA	Galgal	LTR	ERV1	GGLTR7A	NC_052571.1:5199932-5200521+	NC_052572.1:30321172-30321782+	21	51	0	346,350,361,362,388	367,371,382,383,409	1	9,10,11,12,13	43	43	590	21|6|0|0|4|3|6|6|0|2|0|3
GA	Galgal	LTR	ERV1	GGLTR7A	NC_052571.1:5543120-5543708+	NC_052571.1:8122854-8123449-	11	47	0	241,270,271,274,288	247,276,277,280,294	1	3,4,5,6,7	48	48	591	11|4|3|3|2|2|8|9|0|0|1|4
GA	Galgal	LTR	ERV1	GGLTR7A	NC_052571.1:5543120-5543708+	NC_052571.1:8100481-8101070+	13	56	0	214,233,241,270,271,274,288	214,233,241,270,271,274,288	1	2,3,4,5,6,7,8	75	75	588	13|4|3|1|4|4|8|11|0|1|4|3
GA	Galgal	LTR	ERV1	GGLTR7-int	NC_052571.1:4220089-4226110+	NC_052571.1:7643954-7650249+	54	282	0	4328,4335,4341,4368,4380	4623,4630,4636,4668,4680	1	43,44,45,46,47	58	58	4772	54|42|12|14|18|19|45|32|6|12|16|12
GA	Galgal	LTR	ERV1	GGLTR7A	NC_052571.1:5648850-5649436+	NC_052572.1:30492835-30493444-	11	44	0	265,269,286,288,296,317	265,269,286,288,296,317	1	3,4,5,6,7,8	53	53	597	11|8|0|2|1|1|10|5|1|1|1|3
GA	Galgal	LTR	ERV1	GGLTR7-int	NC_052571.1:4267099-4268987-	NW_024095994.1:111993-116639-	36	219	0	607,609,622,639,643	2782,2784,2797,2818,2822	1	13,14,15,16,17	41	41	1746	36|36|12|10|7|4|40|23|8|17|16|10
GA	Galgal	LTR	ERV1	GGLTR7-int	NC_052571.1:4355663-4357551+	NW_024095994.1:111993-116639-	36	219	0	607,609,622,639,643	2782,2784,2797,2818,2822	1	13,14,15,16,17	41	41	1746	36|36|12|10|7|4|40|23|8|17|16|10
GA	Galgal	LTR	ERV1	GGLTR7A	NC_052571.1:5933475-5934105+	NC_052572.1:30321172-30321782+	20	64	0	388,392,403,404,430	367,371,382,383,409	1	10,11,12,13,14	43	43	619	20|10|0|1|2|2|14|7|2|2|0|4
GA	Galgal	LTR	ERV1	GGLTR7-int	NC_052571.1:4467740-4471823+	NC_052571.1:8828587-8829695-	15	65	0	244,254,267,290,302	243,253,266,289,301	1	5,6,7,8,9	59	59	1093	15|9|0|6|3|2|9|12|0|5|3|1
GA	Galgal	LTR	ERV1	GGLTR7-int	NC_052571.1:4478825-4479784+	NC_052571.1:6246315-6251388+	28	109	0	416,423,428,440,457	4189,4196,4201,4212,4229	1	16,17,18,19,20	41	41	951	28|14|3|2|7|3|27|15|1|5|1|3
GA	Galgal	LTR	ERV1	GGLTR7A	NC_052571.1:6083623-6084201-	NC_052571.1:6797527-6798139-	15	47	0	121,141,161,172,203,241	132,152,172,183,214,252	1	3,4,5,6,7,8	121	121	584	15|6|1|1|4|0|5|7|0|3|2|3
GA	Galgal	LTR	ERV1	GGLTR7A	NC_052571.1:6083623-6084201-	NC_052571.1:6855668-6856285+	8	44	0	141,161,196,203,221	152,172,207,214,232	1	1,2,3,4,5	81	81	587	8|10|1|1|3|1|6|6|1|3|1|3
GA	Galgal	LTR	ERV1	GGLTR7A	NC_052571.1:6083623-6084201-	NC_052571.1:8762429-8763000+	12	45	0	141,161,166,196,218	113,133,138,168,190	1	1,2,3,4,5	78	78	544	12|5|0|2|4|0|8|7|0|1|2|4
GA	Galgal	LTR	ERV1	GGLTR7A	NC_052571.1:6097691-6098276+	NC_052572.1:36955291-36955900-	8	37	0	347,352,358,385,422	370,375,381,408,446	1	3,4,5,6,7	77	77	597	8|7|3|0|1|2|6|5|1|2|1|1
GA	Galgal	LTR	ERV1	GGLTR7-int	NC_052571.1:4674871-4675226-	NC_052571.1:6607650-6614014-	15	58	0	224,227,230,237,272	6232,6235,6238,6245,6280	1	8,9,10,11,12	49	49	356	15|10|2|2|2|3|12|9|0|2|0|1
GA	Galgal	LTR	ERV1	GGLTR7-int	NC_052571.1:4680918-4682002-	NC_052571.1:8592361-8593788+	18	69	0	299,329,345,346,348	304,334,350,351,353	1	3,4,5,6,7	50	50	925	18|6|3|4|2|3|8|10|2|6|4|3
GA	Galgal	LTR	ERV1	GGLTR7A	NC_052571.1:6447049-6447635-	NC_052572.1:30321172-30321782+	15	36	0	343,347,358,359,385	367,371,382,383,409	1	4,5,6,7,8	43	43	598	15|5|1|0|2|1|2|6|0|2|0|2
GA	Galgal	LTR	ERV1	GGLTR7A	NC_052571.1:6552868-6553457-	NC_052571.1:8100481-8101070+	16	70	0	264,269,270,273,288,321	265,270,271,274,288,320	1	7,8,9,10,11,12	56	56	576	16|8|0|1|4|5|16|9|2|2|5|2
GA	Galgal	LTR	ERV1	GGLTR7A	NC_052571.1:6614014-6614601-	NC_052571.1:8100481-8101070+	16	61	0	269,270,273,287,320	270,271,274,288,320	1	7,8,9,10,11	51	51	575	16|7|1|0|4|5|12|9|0|1|4|2
GA	Galgal	LTR	ERV1	GGLTR7A	NC_052571.1:6614014-6614601-	NC_052571.1:8122854-8123449-	17	57	0	269,270,273,287,320	276,277,280,294,326	1	6,7,8,9,10	51	51	578	17|7|0|2|2|3|14|7|0|0|2|3
GA	Galgal	LTR	ERV1	GGLTR7A	NC_052571.1:6674573-6675162+	NC_052571.1:8100481-8101070+	17	68	0	269,270,273,287,320	270,271,274,288,320	1	9,10,11,12,13	51	51	576	17|7|0|1|5|6|12|9|1|3|5|2
GA	Galgal	LTR	ERV1	GGLTR7A	NC_052571.1:6674573-6675162+	NC_052571.1:8122854-8123449-	16	62	0	269,270,273,287,320	276,277,280,294,326	1	8,9,10,11,12	51	51	579	16|8|0|3|2|5|13|8|1|1|2|3
GA	Galgal	LTR	ERV1	GGLTR7-int	NC_052571.1:4882981-4885694+	NC_052571.1:6033867-6036951-	37	229	0	742,747,753,756,772	1795,1800,1805,1808,1819	1	17,18,19,20,21	25	25	2030	37|39|4|7|11|8|46|27|8|11|13|18
GA	Galgal	LTR	ERV1	GGLTR7-int	NC_052571.1:4882981-4885694+	NC_052571.1:5976935-5980019+	37	229	0	742,747,753,756,772	1795,1800,1805,1808,1819	1	17,18,19,20,21	25	25	2030	37|39|4|7|11|8|46|27|8|11|13|18
GA	Galgal	LTR	ERV1	GGLTR7-int	NC_052571.1:4882981-4885694+	NC_052571.1:8592361-8593788+	21	117	0	742,747,753,756,772	1176,1181,1186,1189,1200	1	14,15,16,17,18	25	25	993	21|22|1|4|5|2|22|17|6|7|4|6
GA	Galgal	LTR	ERV1	GGLTR7-int	NC_052571.1:4950649-4951753+	NC_052571.1:6904867-6905825-	9	48	0	874,882,891,897,909	855,863,872,878,890	1	5,6,7,8,9	36	36	921	9|9|2|2|2|0|13|3|0|2|3|3
GA	Galgal	LTR	ERV1	GGLTR7A	NC_052571.1:6903053-6903638-	NC_052571.1:8100481-8101070+	17	63	0	263,268,269,272,286,319	265,270,271,274,288,320	1	9,10,11,12,13,14	56	56	574	17|9|1|0|4|5|11|6|0|3|4|3
GA	Galgal	LTR	ERV1	GGLTR7A	NC_052571.1:6903053-6903638-	NC_052571.1:8122854-8123449-	18	59	0	263,268,269,272,286,319	271,276,277,280,294,326	1	8,9,10,11,12,13	56	56	577	18|9|0|2|2|4|13|4|0|1|2|4
GA	Galgal	LTR	ERV1	GGLTR7A	NC_052571.1:7227708-7228316-	NC_052572.1:30321172-30321782+	20	63	0	365,369,380,381,407	367,371,382,383,409	1	7,8,9,10,11	43	43	609	20|12|1|1|2|2|8|7|1|3|1|5
GA	Galgal	LTR	ERV1	GGLTR7A	NC_052571.1:7227708-7228316-	NC_052572.1:81686579-81687194+	11	66	0	369,381,401,407,408	372,384,404,410,411	1	4,5,6,7,8	40	40	611	11|5|6|0|0|4|10|7|4|11|5|3
GA	Galgal	LTR	ERV1	GGLTR7A	NC_052571.1:7227708-7228316-	NC_052572.1:80164330-80164945+	11	66	0	369,381,401,407,408	372,384,404,410,411	1	4,5,6,7,8	40	40	611	11|5|6|0|0|4|10|7|4|11|5|3
GA	Galgal	LTR	ERV1	GGLTR7A	NC_052571.1:7227708-7228316-	NC_052572.1:80131775-80132390+	11	66	0	369,381,401,407,408	372,384,404,410,411	1	4,5,6,7,8	40	40	611	11|5|6|0|0|4|10|7|4|11|5|3
GA	Galgal	LTR	ERV1	GGLTR7-int	NC_052571.1:5086080-5092421+	NC_052571.1:8592361-8593788+	15	68	0	928,958,974,975,977	304,334,350,351,353	1	2,3,4,5,6	50	50	1259	15|6|1|5|4|7|12|7|3|1|5|2
GA	Galgal	LTR	ERV1	GGLTR7-int	NC_052571.1:5086080-5092421+	NC_052571.1:6246315-6251388+	37	160	0	5471,5478,5483,5495,5512,5561	4189,4196,4201,4212,4229,4279	1	17,18,19,20,21,22	91	91	1358	37|15|7|8|7|8|40|16|3|7|5|7
GA	Galgal	LTR	ERV1	GGLTR7A	NC_052571.1:7328772-7329359+	NC_052571.1:8597419-8598018-	13	73	0	213,215,216,223,240	214,216,217,224,241	1	4,5,6,7,8	28	28	517	13|14|3|1|2|3|15|11|0|4|2|5
GA	Galgal	LTR	ERV1	GGLTR7A	NC_052571.1:7328772-7329359+	NC_052571.1:7821809-7822419+	14	70	0	213,215,216,232,240	214,216,217,233,241	1	5,6,7,8,9	28	28	523	14|9|4|2|4|5|12|10|1|3|2|4
GA	Galgal	LTR	ERV1	GGLTR7-int	NC_052571.1:5296728-5298731+	NC_052571.1:6607650-6614014-	17	81	0	1025,1027,1031,1032,1041	3012,3014,3018,3019,3028	1	13,14,15,16,17	17	17	885	17|7|0|0|6|6|13|12|4|6|7|3
GA	Galgal	LTR	ERV1	GGLTR7A	NC_052571.1:7474974-7475583-	NC_052572.1:51733655-51734263-	14	58	0	366,368,378,381,390	365,367,377,380,389	1	5,6,7,8,9	25	25	608	14|12|0|2|2|3|7|10|1|0|1|6
GA	Galgal	LTR	ERV1	GGLTR7A	NC_052571.1:7474974-7475583-	NC_052572.1:30321172-30321782+	22	64	0	366,368,370,381,382,431	367,369,371,382,383,432	1	9,10,11,12,13,14	66	66	609	22|9|1|2|2|3|5|9|1|2|1|7
GA	Galgal	LTR	ERV1	GGLTR7-int	NC_052571.1:5496093-5499322-	NC_052571.1:6246315-6251388+	73	306	0	2349,2356,2361,2373,2390	4189,4196,4201,4212,4229	1	52,53,54,55,56	41	41	3230	73|33|9|13|14|9|74|41|8|15|5|12
GA	Galgal	LTR	ERV1	GGLTR7A	NC_052571.1:7522897-7523483+	NC_052572.1:82568735-82569342+	19	54	0	153,162,163,177,190	153,162,163,177,190	1	4,5,6,7,8	38	38	589	19|10|6|0|3|4|2|7|1|2|0|0
GA	Galgal	LTR	ERV1	GGLTR7A	NC_052571.1:7522897-7523483+	NC_052571.1:8100481-8101070+	20	70	0	264,269,270,273,288,321	265,270,271,274,288,320	1	10,11,12,13,14,15	56	56	569	20|8|0|1|5|6|10|10|0|3|5|2
GA	Galgal	LTR	ERV1	GGLTR7-int	NC_052571.1:5619538-5622767+	NC_052571.1:6246315-6251388+	72	307	0	2349,2356,2361,2373,2390	4189,4196,4201,4212,4229	1	51,52,53,54,55	41	41	3230	72|36|8|14|15|10|74|38|8|15|5|12
GA	Galgal	LTR	ERV1	GGLTR7-int	NC_052571.1:5766737-5773113+	NC_052571.1:8811596-8813551-	37	148	0	1350,1355,1368,1378,1391	1260,1265,1278,1288,1301	1	20,21,22,23,24	42	42	1954	37|16|3|11|9|8|20|19|7|8|4|6
GA	Galgal	LTR	ERV1	GGLTR7-int	NC_052571.1:5766737-5773113+	NC_052571.1:8592361-8593788+	14	66	0	932,976,978,979,981	304,348,350,351,353	1	3,4,5,6,7	50	50	1262	14|9|0|3|6|6|13|5|2|3|4|1
GA	Galgal	LTR	ERV1	GGLTR7A	NC_052571.1:7992093-7992704+	NC_052572.1:73573984-73574587-	15	48	0	109,116,130,152,154	105,112,126,148,150	1	2,3,4,5,6	46	46	607	15|8|1|2|1|1|7|6|3|0|2|2
GA	Galgal	LTR	ERV1	GGLTR7-int	NC_052571.1:5879771-5884147+	NW_024095983.1:113168-114913-	17	90	0	106,109,127,139,142	153,156,174,190,193	1	2,3,4,5,6	41	41	1699	17|14|1|6|0|5|12|13|6|8|3|5
GA	Galgal	LTR	ERV1	GGLTR7-int	NC_052571.1:5976935-5980019+	NC_052571.1:8601500-8603712-	37	169	0	2852,2856,2858,2881,2888	1892,1896,1898,1921,1928	1	31,32,33,34,35	37	37	1864	37|21|8|6|13|13|26|21|5|5|5|9
GA	Galgal	LTR	ERV1	GGLTR7-int	NC_052571.1:5980543-5983846+	NC_052571.1:8283363-8284847-	35	178	0	2751,2769,2776,2781,2783	953,971,978,983,985	1	22,23,24,25,26	33	33	1497	35|27|7|8|4|7|41|20|6|10|5|8
GA	Galgal	LTR	ERV1	GGLTR7-int	NC_052571.1:6030040-6033343-	NC_052571.1:8283363-8284847-	35	179	0	2751,2769,2776,2781,2783	953,971,978,983,985	1	22,23,24,25,26	33	33	1497	35|27|7|8|4|7|42|20|6|10|5|8
GA	Galgal	LTR	ERV1	GGLTR7-int	NC_052571.1:6033867-6036951-	NC_052571.1:8601500-8603712-	37	169	0	2852,2856,2858,2881,2888	1892,1896,1898,1921,1928	1	31,32,33,34,35	37	37	1864	37|21|8|6|13|13|26|21|5|5|5|9
GA	Galgal	LTR	ERV1	GGLTR7A	NC_052571.1:8282805-8283363-	NC_052572.1:30321172-30321782+	15	39	0	377,381,392,393,421	367,371,382,383,409	1	7,8,9,10,11	43	43	545	15|3|0|2|3|1|4|6|0|1|0|4
GA	Galgal	LTR	ERV1	GGLTR7-int	NC_052571.1:6061960-6063217-	NC_052571.1:8601500-8603712-	22	65	0	545,549,551,574,581	1892,1896,1898,1921,1928	1	15,16,17,18,19	37	37	782	22|7|0|4|4|4|8|9|2|2|0|3
GA	Galgal	LTR	ERV1	GGLTR7-int	NC_052571.1:6088073-6089849-	NC_052571.1:6607650-6614014-	36	183	0	1387,1392,1405,1408,1410	5277,5282,5295,5298,5300	1	26,27,28,29,30	24	24	1775	36|23|7|7|8|6|50|23|4|6|7|6
GA	Galgal	LTR	ERV1	GGLTR7-int	NC_052571.1:6088073-6089849-	NW_024095983.1:109279-112561+	33	182	0	1104,1105,1118,1120,1127	1917,1918,1931,1933,1940	1	13,14,15,16,17	24	24	1774	33|26|8|9|11|7|41|20|2|7|9|9
GA	Galgal	LTR	ERV1	GGLTR7A	NC_052571.1:8597419-8598018-	NC_052571.1:9067124-9067705+	11	60	0	171,175,177,178,180	170,174,176,177,179	1	5,6,7,8,9	10	10	572	11|6|1|1|1|1|14|16|2|1|4|2
GA	Galgal	LTR	ERV1	GGLTR7A	NC_052571.1:8685834-8686422-	NC_052572.1:30321172-30321782+	21	47	0	345,349,360,361,387	367,371,382,383,409	1	9,10,11,12,13	43	43	591	21|5|0|1|2|2|4|3|1|1|1|6
GA	Galgal	LTR	ERV1	GGLTR7A	NC_052571.1:8757174-8757594+	NC_052572.1:30321172-30321782+	11	32	0	343,345,349,360,391	365,367,371,382,413	1	6,7,8,9,10	49	49	431	11|3|1|1|1|0|5|6|0|1|1|2
GA	Galgal	LTR	ERV1	GGLTR7-int	NC_052571.1:6301923-6302821-	NC_052571.1:6772112-6772943+	20	71	0	515,525,549,559,572	492,502,526,536,548	1	10,11,12,13,14	57	57	672	20|12|5|1|0|1|14|5|2|3|2|6
GA	Galgal	LTR	ERV1	GGLTR7-int	NC_052571.1:6316977-6318636+	NC_052571.1:6788052-6788669-	13	58	0	555,559,563,568,574,577	113,117,121,126,132,135	1	2,3,4,5,6,7	23	23	536	13|7|0|2|5|5|9|5|3|2|1|6
GA	Galgal	LTR	ERV1	GGLTR7-int	NC_052571.1:6318718-6319616+	NC_052571.1:6772112-6772943+	20	71	0	515,525,549,559,572	492,502,526,536,548	1	10,11,12,13,14	57	57	672	20|12|5|1|0|1|14|5|2|3|2|6
GA	Galgal	LTR	ERV1	GGLTR7A	NC_052572.1:24377144-24377750-	NC_052572.1:73573984-73574587-	12	34	0	193,195,199,210,261	193,195,199,210,261	1	5,6,7,8,9	69	69	595	12|6|1|2|1|1|5|3|0|1|1|1
GA	Galgal	LTR	ERV1	GGLTR7-int	NC_052571.1:6483345-6489027+	NC_052572.1:82856649-82860360-	16	58	0	4646,4658,4660,4666,4676	2724,2736,2738,2744,2754	1	1,2,3,4,5	31	31	918	16|8|0|5|3|2|9|5|4|3|1|2
GA	Galgal	LTR	ERV1	GGLTR7-int	NC_052571.1:6483345-6489027+	NC_052572.1:77426369-77430082-	16	58	0	4646,4658,4660,4666,4676	2726,2738,2740,2746,2756	1	1,2,3,4,5	31	31	918	16|8|0|5|3|2|9|5|4|3|1|2
GA	Galgal	LTR	ERV1	GGLTR7-int	NC_052571.1:6483345-6489027+	NC_052572.1:77330106-77333820-	16	59	0	4646,4658,4660,4666,4676	2727,2739,2741,2747,2757	1	1,2,3,4,5	31	31	918	16|8|0|5|3|2|9|6|4|3|1|2
GA	Galgal	LTR	ERV1	GGLTR7-int	NC_052571.1:6483345-6489027+	NC_052571.1:7296477-7297764+	8	49	0	4645,4660,4666,4676,4729	254,269,275,285,338	1	1,2,3,4,5	85	85	1157	8|11|0|3|3|1|10|6|3|1|1|2
GA	Galgal	LTR	ERV1	GGLTR7-int	NC_052571.1:6524426-6524735-	NC_052572.1:44301131-44303025-	11	36	0	100,104,108,86,93	900,907,914,918,922	1	1,2,3,4,5	23	23	233	11|1|0|4|0|2|5|4|4|2|0|3
GA	Galgal	LTR	ERV1	GGLTR7A	NC_052572.1:30868977-30869586-	NC_052572.1:73573984-73574587-	11	52	0	109,116,130,74,93	105,112,126,74,93	1	1,2,3,4,5	53	53	601	11|8|0|0|2|7|8|7|3|1|3|2
GA	Galgal	LTR	ERV1	GGLTR7-int	NC_052571.1:6529568-6529877-	NC_052572.1:44301131-44303025-	11	36	0	100,104,108,86,93	900,907,914,918,922	1	1,2,3,4,5	23	23	233	11|1|0|4|0|2|5|4|4|2|0|3
GA	Galgal	LTR	ERV1	GGLTR7-int	NC_052571.1:6545541-6548562-	NC_052572.1:48440354-48441239-	10	59	0	2410,2437,2447,2451,2478	103,113,117,144,76	1	1,2,3,4,5	69	69	636	10|6|2|1|2|4|11|9|4|3|2|5
GA	Galgal	LTR	ERV1	GGLTR7A	NC_052572.1:42997983-42998560+	NC_052572.1:73573984-73574587-	22	87	0	76,78,84,85,94	103,105,111,112,121	1	4,5,6,7,8	19	19	497	22|12|2|4|3|2|11|14|5|3|5|4
GA	Galgal	LTR	ERV1	GGLTR7-int	NC_052571.1:6772112-6772943+	NC_052572.1:44301131-44303025-	20	79	0	100,104,108,86,93	900,907,914,918,922	1	1,2,3,4,5	23	23	553	20|7|0|8|2|1|17|11|6|1|5|1
GA	Galgal	LTR	ERV1	GGLTR7A	NC_052572.1:51733655-51734263-	NC_052572.1:80453357-80453966+	14	67	0	171,176,186,206,213	171,176,186,206,213	1	5,6,7,8,9	43	43	582	14|12|4|2|0|3|16|12|0|1|3|0
GA	Galgal	LTR	ERV1	GGLTR7A	NC_052572.1:51733655-51734263-	NC_052572.1:79556020-79556629+	14	67	0	171,176,186,206,213	171,176,186,206,213	1	5,6,7,8,9	43	43	582	14|12|4|2|0|3|16|12|0|1|3|0
GA	Galgal	LTR	ERV1	GGLTR7A	NC_052572.1:51733655-51734263-	NC_052572.1:78589446-78590055+	14	67	0	171,176,186,206,213	171,176,186,206,213	1	5,6,7,8,9	43	43	582	14|12|4|2|0|3|16|12|0|1|3|0
GA	Galgal	LTR	ERV1	GGLTR7-int	NC_052571.1:6829897-6833059+	NC_052571.1:7643954-7650249+	20	87	0	1315,1351,1359,1363,1369	4021,4057,4065,4069,4075	1	12,13,14,15,16	55	55	2584	20|15|3|3|3|2|16|11|4|1|3|6
GA	Galgal	LTR	ERV1	GGLTR7-int	NC_052571.1:6829897-6833059+	NC_052571.1:8117591-8121603-	25	87	0	1064,1122,1123,1160,1161	3605,3663,3664,3701,3702	1	16,17,18,19,20	98	98	1479	25|9|1|5|3|6|14|11|6|0|4|3
GA	Galgal	LTR	ERV1	GGLTR7-int	NC_052571.1:6906995-6909351-	NC_052571.1:8757597-8762430+	24	164	0	809,822,831,838,851	215,228,237,244,257	1	3,4,5,6,7	43	43	1614	24|22|3|11|7|9|30|25|5|8|4|16
GA	Galgal	LTR	ERV1	GGLTR7-int	NC_052571.1:6906995-6909351-	NC_052571.1:7822419-7825115+	14	66	0	634,639,645,653,660	1411,1416,1422,1430,1437	1	10,11,12,13,14	27	27	572	14|7|1|1|6|1|15|9|2|4|1|5
GA	Galgal	LTR	ERV1	GGLTR7-int	NC_052571.1:6906995-6909351-	NC_052572.1:68661861-68662653-	20	89	0	786,818,822,826,836,838	493,527,531,535,545,547	1	14,15,16,17,18,19	55	55	592	20|13|1|7|8|2|13|8|6|4|4|3
GA	Galgal	LTR	ERV1	GGLTR7-int	NC_052571.1:7033502-7035360+	NC_052571.1:8811596-8813551-	12	43	0	1736,1739,1762,1768,1786	1623,1626,1649,1655,1673	1	8,9,10,11,12	51	51	482	12|7|0|6|1|0|7|2|3|1|1|3
GA	Galgal	LTR	ERV1	GGLTR7-int	NC_052571.1:7033502-7035360+	NW_024095983.1:113168-114913-	13	27	0	1720,1723,1732,1738,1739	190,193,202,208,209	1	6,7,8,9,10	20	20	327	13|2|2|1|1|0|3|2|0|1|0|2
GA	Galgal	LTR	ERV1	GGLTR7-int	NC_052571.1:7035342-7039162+	NC_052571.1:8079831-8082614+	39	207	0	1560,1561,1562,1575,1588	1904,1905,1906,1919,1932	1	25,26,27,28,29	29	29	2343	39|27|10|10|9|12|36|30|10|7|5|12
GA	Galgal	LTR	ERV1	GGLTR7-int	NC_052571.1:7035342-7039162+	NC_052572.1:81869138-81873409-	42	182	0	3637,3641,3644,3648,3649	3537,3541,3544,3548,3549	1	29,30,31,32,33	13	13	1457	42|25|4|8|9|4|35|23|5|7|10|10
GA	Galgal	LTR	ERV1	GGLTR7-int	NC_052571.1:7035342-7039162+	NW_024095983.1:109279-112561+	48	190	0	3637,3644,3648,3649,3663	2548,2555,2559,2560,2574	1	39,40,41,42,43	27	27	1449	48|28|2|8|9|8|39|22|2|4|10|10
GA	Galgal	LTR	ERV1	GGLTR7-int	NC_052571.1:7035342-7039162+	NC_052572.1:82519484-82523241+	43	182	0	3637,3641,3644,3648,3649	3022,3026,3029,3033,3034	1	32,33,34,35,36	13	13	1457	43|26|3|8|9|3|35|24|4|7|9|11
GA	Galgal	LTR	ERV1	GGLTR7A	NC_052572.1:74457022-74457280+	NC_052572.1:80547677-80547935-	5	6	0	192,199,218,62,64	192,199,218,62,64	1	1,2,3,4,5	157	157	258	5|0|1|0|0|0|0|0|0|0|0|0
GA	Galgal	LTR	ERV1	GGLTR7A	NC_052572.1:74457022-74457280+	NC_052572.1:80488282-80488540-	5	6	0	192,199,218,62,64	192,199,218,62,64	1	1,2,3,4,5	157	157	258	5|0|1|0|0|0|0|0|0|0|0|0
GA	Galgal	LTR	ERV1	GGLTR7A	NC_052572.1:74457022-74457280+	NC_052572.1:80316764-80317022-	5	6	0	192,199,218,62,64	192,199,218,62,64	1	1,2,3,4,5	157	157	258	5|0|1|0|0|0|0|0|0|0|0|0
GA	Galgal	LTR	ERV1	GGLTR7A	NC_052572.1:74457022-74457280+	NC_052572.1:78778964-78779222-	5	6	0	192,199,218,62,64	192,199,218,62,64	1	1,2,3,4,5	157	157	258	5|0|1|0|0|0|0|0|0|0|0|0
GA	Galgal	LTR	ERV1	GGLTR7A	NC_052572.1:74457022-74457280+	NC_052572.1:78680915-78681173+	5	6	0	192,199,218,62,64	192,199,218,62,64	1	1,2,3,4,5	157	157	258	5|0|1|0|0|0|0|0|0|0|0|0
GA	Galgal	LTR	ERV1	GGLTR7A	NC_052572.1:74457022-74457280+	NC_052572.1:81182119-81182380-	6	7	0	192,199,218,39,62,64	195,202,221,39,65,67	1	1,2,3,4,5,6	183	183	259	6|0|1|0|0|0|0|0|0|0|0|0
GA	Galgal	LTR	ERV1	GGLTR7A	NC_052572.1:74457022-74457280+	NC_052572.1:79925182-79925442+	5	6	0	192,199,218,62,64	193,200,219,64,66	1	1,2,3,4,5	156	156	259	5|0|1|0|0|0|0|0|0|0|0|0
GA	Galgal	LTR	ERV1	GGLTR7-int	NC_052571.1:7070633-7073217-	NC_052571.1:7209081-7209556-	21	72	0	347,351,355,356,362	323,327,331,332,338	1	10,11,12,13,14	16	16	486	21|12|3|3|6|2|7|9|0|2|2|5
GA	Galgal	LTR	ERV1	GGLTR7-int	NC_052571.1:7093689-7094232-	NW_024095983.1:113168-114913-	10	31	0	266,297,300,309,315	156,190,193,202,208	1	4,5,6,7,8	53	53	373	10|5|2|1|2|0|5|4|1|0|0|1
GA	Galgal	LTR	ERV1	GGLTR7A	NC_052572.1:74629115-74629375+	NC_052572.1:81182119-81182380-	5	6	0	193,220,39,62,64	195,221,39,65,67	1	1,2,3,4,5	183	183	260	5|0|1|0|0|0|0|0|0|0|0|0
GA	Galgal	LTR	ERV1	GGLTR7A	NC_052572.1:74846089-74846344+	NC_052572.1:80547677-80547935-	5	6	0	192,199,218,62,64	192,199,218,62,64	1	1,2,3,4,5	157	157	255	5|0|1|0|0|0|0|0|0|0|0|0
GA	Galgal	LTR	ERV1	GGLTR7A	NC_052572.1:74846089-74846344+	NC_052572.1:80488282-80488540-	5	6	0	192,199,218,62,64	192,199,218,62,64	1	1,2,3,4,5	157	157	255	5|0|1|0|0|0|0|0|0|0|0|0
GA	Galgal	LTR	ERV1	GGLTR7A	NC_052572.1:74846089-74846344+	NC_052572.1:80316764-80317022-	5	6	0	192,199,218,62,64	192,199,218,62,64	1	1,2,3,4,5	157	157	255	5|0|1|0|0|0|0|0|0|0|0|0
GA	Galgal	LTR	ERV1	GGLTR7A	NC_052572.1:74846089-74846344+	NC_052572.1:78778964-78779222-	5	6	0	192,199,218,62,64	192,199,218,62,64	1	1,2,3,4,5	157	157	255	5|0|1|0|0|0|0|0|0|0|0|0
GA	Galgal	LTR	ERV1	GGLTR7A	NC_052572.1:74846089-74846344+	NC_052572.1:78680915-78681173+	5	6	0	192,199,218,62,64	192,199,218,62,64	1	1,2,3,4,5	157	157	255	5|0|1|0|0|0|0|0|0|0|0|0
GA	Galgal	LTR	ERV1	GGLTR7A	NC_052572.1:74846089-74846344+	NC_052572.1:81182119-81182380-	6	7	0	192,199,218,39,62,64	195,202,221,39,65,67	1	1,2,3,4,5,6	183	183	256	6|0|1|0|0|0|0|0|0|0|0|0
GA	Galgal	LTR	ERV1	GGLTR7A	NC_052572.1:74846089-74846344+	NC_052572.1:79925182-79925442+	5	6	0	192,199,218,62,64	193,200,219,64,66	1	1,2,3,4,5	156	156	256	5|0|1|0|0|0|0|0|0|0|0|0
GA	Galgal	LTR	ERV1	GGLTR7-int	NC_052571.1:7288839-7293946+	NC_052571.1:7643954-7650249+	44	195	0	4692,4694,4701,4707,4739,4751	4621,4623,4630,4636,4668,4680	1	38,39,40,41,42,43	60	60	4496	44|29|13|10|6|7|31|23|5|5|5|17
GA	Galgal	LTR	ERV1	GGLTR7-int	NC_052571.1:7300693-7304986-	NC_052571.1:7643954-7650249+	44	186	0	3878,3880,3887,3893,3925,3937	4621,4623,4630,4636,4668,4680	1	38,39,40,41,42,43	60	60	4286	44|24|13|11|6|7|27|22|5|6|4|17
GA	Galgal	LTR	ERV1	GGLTR7-int	NC_052571.1:7471877-7474974-	NC_052571.1:8592361-8593788+	18	85	0	929,973,975,976,978	304,348,350,351,353	1	2,3,4,5,6	50	50	1263	18|8|1|6|7|6|15|7|4|5|6|2
GA	Galgal	LTR	ERV1	GGLTR7-int	NC_052571.1:7505255-7505762+	NW_024095983.1:109279-112561+	10	37	0	249,271,285,287,307	1895,1917,1931,1933,1953	1	3,4,5,6,7	59	59	508	10|4|0|2|3|2|8|5|1|1|1|0
GA	Galgal	LTR	ERV1	GGLTR7A	NC_052572.1:76215808-76216066+	NC_052572.1:80547677-80547935-	5	6	0	192,199,218,62,64	192,199,218,62,64	1	1,2,3,4,5	157	157	258	5|0|1|0|0|0|0|0|0|0|0|0
GA	Galgal	LTR	ERV1	GGLTR7A	NC_052572.1:76215808-76216066+	NC_052572.1:80488282-80488540-	5	6	0	192,199,218,62,64	192,199,218,62,64	1	1,2,3,4,5	157	157	258	5|0|1|0|0|0|0|0|0|0|0|0
GA	Galgal	LTR	ERV1	GGLTR7A	NC_052572.1:76215808-76216066+	NC_052572.1:80316764-80317022-	5	6	0	192,199,218,62,64	192,199,218,62,64	1	1,2,3,4,5	157	157	258	5|0|1|0|0|0|0|0|0|0|0|0
GA	Galgal	LTR	ERV1	GGLTR7A	NC_052572.1:76215808-76216066+	NC_052572.1:78778964-78779222-	5	6	0	192,199,218,62,64	192,199,218,62,64	1	1,2,3,4,5	157	157	258	5|0|1|0|0|0|0|0|0|0|0|0
GA	Galgal	LTR	ERV1	GGLTR7A	NC_052572.1:76215808-76216066+	NC_052572.1:78680915-78681173+	5	6	0	192,199,218,62,64	192,199,218,62,64	1	1,2,3,4,5	157	157	258	5|0|1|0|0|0|0|0|0|0|0|0
GA	Galgal	LTR	ERV1	GGLTR7A	NC_052572.1:76215808-76216066+	NC_052572.1:81182119-81182380-	6	7	0	192,199,218,39,62,64	195,202,221,39,65,67	1	1,2,3,4,5,6	183	183	259	6|0|1|0|0|0|0|0|0|0|0|0
GA	Galgal	LTR	ERV1	GGLTR7A	NC_052572.1:76215808-76216066+	NC_052572.1:79925182-79925442+	5	6	0	192,199,218,62,64	193,200,219,64,66	1	1,2,3,4,5	156	156	259	5|0|1|0|0|0|0|0|0|0|0|0
GA	Galgal	LTR	ERV1	GGLTR7-int	NC_052571.1:7643954-7650249+	NC_052571.1:8811596-8813551-	24	96	0	1275,1285,1290,1298,1313	1250,1260,1265,1273,1288	1	6,7,8,9,10	39	39	1438	24|8|1|6|4|6|15|17|3|8|1|3
GA	Galgal	LTR	ERV1	GGLTR7-int	NC_052571.1:7676963-7678305-	NC_052571.1:8015391-8020939+	49	179	0	221,236,245,259,260	3867,3882,3891,3905,3906	1	2,3,4,5,6	40	40	1327	49|23|4|10|10|1|33|27|1|7|8|6
GA	Galgal	LTR	ERV1	GGLTR7-int	NC_052571.1:7676963-7678305-	NC_052572.1:81085666-81087631+	54	186	0	194,207,221,245,260	316,329,343,367,381	1	2,3,4,5,6	66	66	1336	54|26|3|8|8|1|32|26|2|7|7|12
GA	Galgal	LTR	ERV1	GGLTR7-int	NC_052571.1:7676963-7678305-	NC_052572.1:79082739-79086814+	54	185	0	194,207,221,245,260	2383,2396,2410,2434,2448	1	2,3,4,5,6	66	66	1336	54|28|3|6|7|1|36|25|2|7|8|8
GA	Galgal	LTR	ERV1	GGLTR7-int	NC_052571.1:7676963-7678305-	NC_052572.1:82519484-82523241+	53	184	0	1159,1161,1163,1170,1171,194,207,221,245,260	2057,2070,2084,2108,2122,3022,3024,3026,3033,3034	2	2,3,4,5,6,43,44,45,46,47	79	978	1331	53|27|3|8|7|1|33|25|2|8|9|8
GA	Galgal	LTR	ERV1	GGLTR7-int	NC_052571.1:7676963-7678305-	NC_052572.1:77461860-77465869-	55	184	0	194,207,221,245,260	2313,2326,2340,2364,2378	1	2,3,4,5,6	66	66	1331	55|26|2|8|6|1|33|26|3|8|8|8
GA	Galgal	LTR	ERV1	GGLTR7-int	NC_052571.1:7676963-7678305-	NC_052572.1:74938178-74941912+	51	186	0	194,207,221,245,260	2035,2048,2062,2086,2100	1	2,3,4,5,6	66	66	1337	51|29|2|10|7|1|35|26|2|7|9|7
GA	Galgal	LTR	ERV1	GGLTR7-int	NC_052571.1:7676963-7678305-	NC_052572.1:74451020-74455951+	51	186	0	194,207,221,245,260	3232,3245,3259,3283,3297	1	2,3,4,5,6	66	66	1337	51|27|6|10|7|2|33|25|3|7|9|6
GA	Galgal	LTR	ERV1	GGLTR7-int	NC_052571.1:7676963-7678305-	NC_052572.1:81869138-81873409-	54	187	0	1159,1161,1163,1170,1171,194,207,221,245,260	2573,2586,2600,2624,2638,3537,3539,3541,3548,3549	2	2,3,4,5,6,43,44,45,46,47	79	977	1331	54|28|3|7|7|1|34|25|2|8|10|8
GA	Galgal	LTR	ERV1	GGLTR7-int	NC_052571.1:7676963-7678305-	NC_052572.1:80449611-80453357+	53	187	0	194,207,221,245,260	2048,2061,2075,2099,2113	1	3,4,5,6,7	66	66	1331	53|28|2|10|6|2|34|26|2|7|10|7
GA	Galgal	LTR	ERV1	GGLTR7-int	NC_052571.1:7676963-7678305-	NC_052572.1:79552274-79556020+	53	187	0	194,207,221,245,260	2048,2061,2075,2099,2113	1	3,4,5,6,7	66	66	1331	53|28|2|10|6|2|34|26|2|7|10|7
GA	Galgal	LTR	ERV1	GGLTR7-int	NC_052571.1:7676963-7678305-	NC_052572.1:78585700-78589446+	53	187	0	194,207,221,245,260	2048,2061,2075,2099,2113	1	3,4,5,6,7	66	66	1331	53|28|2|10|6|2|34|26|2|7|10|7
GA	Galgal	LTR	ERV1	GGLTR7-int	NC_052571.1:7676963-7678305-	NC_052572.1:77616802-77620883+	51	189	0	194,207,221,245,260	2383,2396,2410,2434,2448	1	2,3,4,5,6	66	66	1331	51|29|2|10|8|1|37|25|2|8|9|7
GA	Galgal	LTR	ERV1	GGLTR7-int	NC_052571.1:7676963-7678305-	NC_052572.1:82614405-82618482-	49	190	0	194,207,221,245,260	2380,2393,2407,2431,2445	1	1,2,3,4,5	66	66	1336	49|28|5|9|10|2|33|29|2|7|9|7
GA	Galgal	LTR	ERV1	GGLTR7-int	NC_052571.1:7676963-7678305-	NC_052572.1:82954544-82958294+	53	190	0	194,207,221,245,260	2052,2065,2079,2103,2117	1	2,3,4,5,6	66	66	1331	53|26|3|9|8|1|35|27|2|9|10|7
GA	Galgal	LTR	ERV1	GGLTR7-int	NC_052571.1:7676963-7678305-	NC_052572.1:74750802-74755385+	52	191	0	194,207,221,245,260	2885,2898,2912,2936,2950	1	2,3,4,5,6	66	66	1336	52|30|5|9|9|2|33|26|2|6|9|8
GA	Galgal	LTR	ERV1	GGLTR7-int	NC_052571.1:7676963-7678305-	NC_052572.1:78495371-78499122-	54	191	0	194,207,221,245,260	2053,2066,2080,2104,2118	1	2,3,4,5,6	66	66	1331	54|27|4|9|8|1|34|26|2|8|8|10
GA	Galgal	LTR	ERV1	GGLTR7-int	NC_052571.1:7676963-7678305-	NC_052572.1:82637834-82641585-	53	193	0	194,207,221,245,260	2053,2066,2080,2104,2118	1	2,3,4,5,6	66	66	1336	53|29|5|10|8|2|33|27|3|7|9|7
GA	Galgal	LTR	ERV1	GGLTR7-int	NC_052571.1:7676963-7678305-	NC_052572.1:81551714-81553725+	55	189	0	194,207,221,245,260	317,329,343,367,381	1	2,3,4,5,6	65	65	1330	55|27|4|7|8|1|32|27|3|7|7|11
GA	Galgal	LTR	ERV1	GGLTR7-int	NC_052571.1:7676963-7678305-	NC_052572.1:79389522-79391535+	55	190	0	194,207,221,245,260	316,329,343,367,381	1	2,3,4,5,6	66	66	1330	55|27|5|7|8|1|32|27|3|7|7|11
GA	Galgal	LTR	ERV1	GGLTR7-int	NC_052571.1:7676963-7678305-	NC_052572.1:77864149-77867900-	54	192	0	194,207,221,245,260	2053,2066,2080,2104,2118	1	2,3,4,5,6	66	66	1331	54|27|5|9|8|1|34|26|2|8|8|10
GA	Galgal	LTR	ERV1	GGLTR7-int	NC_052571.1:7676963-7678305-	NC_052572.1:76642601-76646352+	54	192	0	194,207,221,245,260	2053,2066,2080,2104,2118	1	2,3,4,5,6	66	66	1331	54|27|5|9|8|1|34|26|2|8|8|10
GA	Galgal	LTR	ERV1	GGLTR7-int	NC_052571.1:7676963-7678305-	NC_052572.1:74601743-74605825+	52	192	0	194,207,221,245,260	2381,2394,2408,2432,2446	1	2,3,4,5,6	66	66	1337	52|30|5|9|9|1|33|26|2|8|10|7
GA	Galgal	LTR	ERV1	GGLTR7-int	NC_052571.1:7676963-7678305-	NC_052572.1:80117702-80121406-	53	193	0	194,207,221,245,260	2055,2068,2082,2106,2120	1	2,3,4,5,6	66	66	1336	53|29|3|8|9|1|34|28|1|8|10|9
GA	Galgal	LTR	ERV1	GGLTR7-int	NC_052571.1:7676963-7678305-	NC_052572.1:77349962-77353176-	55	194	0	194,207,221,245,260	1520,1533,1547,1571,1585	1	2,3,4,5,6	66	66	1336	55|29|4|10|8|1|35|26|3|9|8|6
GA	Galgal	LTR	ERV1	GGLTR7-int	NC_052571.1:7676963-7678305-	NC_052572.1:82270720-82274476+	54	192	0	194,207,221,245,260	2058,2071,2085,2109,2123	1	2,3,4,5,6	66	66	1331	54|27|5|9|8|1|34|26|2|8|8|10
GA	Galgal	LTR	ERV1	GGLTR7-int	NC_052571.1:7676963-7678305-	NC_052572.1:81576063-81579802-	52	181	0	194,207,221,245,260	2045,2058,2072,2096,2110	1	3,4,5,6,7	66	66	1331	52|26|2|10|6|2|34|26|2|7|7|7
GA	Galgal	LTR	ERV1	GGLTR7-int	NC_052571.1:7676963-7678305-	NC_052572.1:82856649-82860360-	59	190	0	194,207,221,245,260	2056,2069,2083,2107,2121	1	3,4,5,6,7	66	66	1339	59|24|4|8|7|2|33|26|5|6|8|8
GA	Galgal	LTR	ERV1	GGLTR7-int	NC_052571.1:7676963-7678305-	NC_052572.1:77446230-77449445-	55	193	0	194,207,221,245,260	1520,1533,1547,1571,1585	1	2,3,4,5,6	66	66	1336	55|29|4|10|8|1|34|26|3|9|8|6
GA	Galgal	LTR	ERV1	GGLTR7-int	NC_052571.1:7676963-7678305-	NC_052572.1:77330106-77333820-	59	190	0	194,207,221,245,260	2059,2072,2086,2110,2124	1	3,4,5,6,7	66	66	1339	59|24|4|8|7|2|33|26|5|6|8|8
GA	Galgal	LTR	ERV1	GGLTR7-int	NC_052571.1:7676963-7678305-	NC_052572.1:80729459-80733532+	53	195	0	194,207,221,245,260	2372,2385,2399,2423,2437	1	2,3,4,5,6	66	66	1336	53|30|5|9|9|2|33|28|2|6|11|7
GA	Galgal	LTR	ERV1	GGLTR7-int	NC_052571.1:7676963-7678305-	NC_052572.1:78394715-78398793+	53	195	0	194,207,221,245,260	2380,2393,2407,2431,2445	1	2,3,4,5,6	66	66	1336	53|30|5|9|9|2|33|28|2|6|11|7
GA	Galgal	LTR	ERV1	GGLTR7-int	NC_052571.1:7676963-7678305-	NC_052572.1:77426369-77430082-	59	190	0	194,207,221,245,260	2059,2072,2086,2110,2124	1	3,4,5,6,7	66	66	1338	59|24|4|8|7|2|33|26|5|6|8|8
GA	Galgal	LTR	ERV1	GGLTR7-int	NC_052571.1:7676963-7678305-	NC_052572.1:79751399-79755476-	50	189	0	194,207,221,245,260	2379,2392,2406,2430,2444	1	2,3,4,5,6	66	66	1336	50|30|6|9|8|3|30|28|2|4|13|6
GA	Galgal	LTR	ERV1	GGLTR7-int	NC_052571.1:7676963-7678305-	NC_052572.1:76308725-76311933-	56	200	0	194,207,221,245,260	1510,1523,1537,1561,1575	1	3,4,5,6,7	66	66	1336	56|28|3|9|8|1|38|28|2|9|10|8
GA	Galgal	LTR	ERV1	GGLTR7-int	NC_052571.1:7676963-7678305-	NC_052572.1:80392034-80396119-	52	193	0	194,207,221,245,260	2380,2393,2407,2431,2445	1	2,3,4,5,6	66	66	1337	52|30|5|9|9|1|34|28|2|6|10|7
GA	Galgal	LTR	ERV1	GGLTR7-int	NC_052571.1:7676963-7678305-	NC_052572.1:80781397-80787089-	41	148	0	194,207,221,245,260	4347,4360,4374,4398,4412	1	2,3,4,5,6	66	66	1104	41|21|3|9|5|0|27|20|2|7|10|3
GA	Galgal	LTR	ERV1	GGLTR7-int	NC_052571.1:7676963-7678305-	NC_052572.1:78327636-78328793-	30	105	0	194,207,221,245,260	564,577,591,615,629	1	2,3,4,5,6	66	66	788	30|16|4|6|5|0|16|16|1|4|6|1
GA	Galgal	LTR	ERV1	GGLTR7-int	NC_052571.1:7676963-7678305-	NC_052572.1:76708638-76709795-	30	105	0	194,207,221,245,260	564,577,591,615,629	1	2,3,4,5,6	66	66	788	30|16|4|6|5|0|16|16|1|4|6|1
GA	Galgal	LTR	ERV1	GGLTR7-int	NC_052571.1:7676963-7678305-	NC_052572.1:78489262-78491911-	29	106	0	194,207,221,245,260	2056,2069,2083,2107,2121	1	2,3,4,5,6	66	66	788	29|16|4|7|4|0|16|17|2|4|6|1
GA	Galgal	LTR	ERV1	GGLTR7-int	NC_052571.1:7676963-7678305-	NC_052572.1:77858041-77860690-	29	106	0	194,207,221,245,260	2056,2069,2083,2107,2121	1	2,3,4,5,6	66	66	788	29|16|4|7|4|0|16|17|2|4|6|1
GA	Galgal	LTR	ERV1	GGLTR7-int	NC_052571.1:7676963-7678305-	NC_052572.1:76649811-76652460+	29	106	0	194,207,221,245,260	2056,2069,2083,2107,2121	1	2,3,4,5,6	66	66	788	29|16|4|7|4|0|16|17|2|4|6|1
GA	Galgal	LTR	ERV1	GGLTR7-int	NC_052571.1:7676963-7678305-	NC_052572.1:80882492-80885458-	28	106	0	194,207,221,245,260	2373,2386,2400,2424,2438	1	1,2,3,4,5	66	66	788	28|16|4|6|6|0|17|18|0|4|6|1
GA	Galgal	LTR	ERV1	GGLTR7-int	NC_052571.1:7676963-7678305-	NC_052572.1:77557190-77560163+	30	107	0	194,207,221,245,260	2380,2393,2407,2431,2445	1	2,3,4,5,6	66	66	788	30|16|4|6|6|0|15|17|0|5|7|1
GA	Galgal	LTR	ERV1	GGLTR7-int	NC_052571.1:7676963-7678305-	NC_052572.1:76312701-76317638+	28	107	0	194,207,221,245,260	4344,4357,4371,4395,4409	1	2,3,4,5,6	66	66	788	28|17|4|6|6|0|16|17|0|5|7|1
GA	Galgal	LTR	ERV1	GGLTR7-int	NC_052571.1:7676963-7678305-	NC_052572.1:81906678-81909312-	29	108	0	194,207,221,245,260	2041,2054,2068,2092,2106	1	2,3,4,5,6	66	66	788	29|16|4|8|6|0|16|17|0|4|7|1
GA	Galgal	LTR	ERV1	GGLTR7-int	NC_052571.1:7676963-7678305-	NC_052572.1:81596821-81599455-	29	108	0	194,207,221,245,260	2041,2054,2068,2092,2106	1	2,3,4,5,6	66	66	788	29|16|4|8|6|0|16|17|0|4|7|1
GA	Galgal	LTR	ERV1	GGLTR7-int	NC_052571.1:7676963-7678305-	NC_052572.1:79531922-79535194+	29	108	0	194,207,221,245,260	2679,2692,2706,2730,2744	1	2,3,4,5,6	66	66	788	29|16|4|8|6|0|16|17|0|4|7|1
GA	Galgal	LTR	ERV1	GGLTR7-int	NC_052571.1:7676963-7678305-	NC_052572.1:80663810-80666787+	29	105	0	194,207,221,245,260	2384,2397,2411,2435,2449	1	2,3,4,5,6	66	66	790	29|16|4|7|5|0|15|15|2|4|6|2
GA	Galgal	LTR	ERV1	GGLTR7-int	NC_052571.1:7676963-7678305-	NC_052572.1:79149177-79152149+	29	109	0	194,207,221,245,260	2379,2392,2406,2430,2444	1	2,3,4,5,6	66	66	788	29|17|4|7|5|0|16|17|0|5|8|1
GA	Galgal	LTR	ERV1	GGLTR7-int	NC_052571.1:7676963-7678305-	NC_052572.1:74917988-74920960+	29	109	0	194,207,221,245,260	2379,2392,2406,2430,2444	1	2,3,4,5,6	66	66	788	29|17|4|7|5|0|16|17|0|5|8|1
GA	Galgal	LTR	ERV1	GGLTR7-int	NC_052571.1:7676963-7678305-	NC_052572.1:78565995-78568622+	28	106	0	194,207,221,245,260	2036,2049,2063,2087,2101	1	2,3,4,5,6	66	66	788	28|16|4|8|6|0|15|17|0|4|7|1
GA	Galgal	LTR	ERV1	GGLTR7-int	NC_052571.1:7676963-7678305-	NC_052572.1:79813383-79816869+	30	108	0	194,207,221,245,260	2883,2896,2910,2934,2948	1	2,3,4,5,6	66	66	794	30|13|4|7|7|1|18|17|0|4|7|0
GA	Galgal	LTR	ERV1	GGLTR7-int	NC_052571.1:7830245-7831392+	NC_052572.1:81080350-81084081+	33	104	0	1017,1020,1037,1047,1049	3602,3605,3622,3632,3634	1	25,26,27,28,29	33	33	1149	33|14|5|3|3|4|15|9|2|7|5|4
GA	Galgal	LTR	ERV1	GGLTR7A	NC_052572.1:76700571-76700828+	NC_052572.1:81182119-81182380-	5	6	0	191,39,63,65,92	195,39,65,67,97	1	1,2,3,4,5	157	157	259	5|0|1|0|0|0|0|0|0|0|0|0
GA	Galgal	LTR	ERV1	GGLTR7A	NC_052572.1:77015088-77015342-	NC_052572.1:80547677-80547935-	5	6	0	188,195,214,62,64	192,199,218,62,64	1	1,2,3,4,5	157	157	256	5|0|1|0|0|0|0|0|0|0|0|0
GA	Galgal	LTR	ERV1	GGLTR7A	NC_052572.1:77015088-77015342-	NC_052572.1:80488282-80488540-	5	6	0	188,195,214,62,64	192,199,218,62,64	1	1,2,3,4,5	157	157	256	5|0|1|0|0|0|0|0|0|0|0|0
GA	Galgal	LTR	ERV1	GGLTR7A	NC_052572.1:77015088-77015342-	NC_052572.1:80316764-80317022-	5	6	0	188,195,214,62,64	192,199,218,62,64	1	1,2,3,4,5	157	157	256	5|0|1|0|0|0|0|0|0|0|0|0
GA	Galgal	LTR	ERV1	GGLTR7A	NC_052572.1:77015088-77015342-	NC_052572.1:78778964-78779222-	5	6	0	188,195,214,62,64	192,199,218,62,64	1	1,2,3,4,5	157	157	256	5|0|1|0|0|0|0|0|0|0|0|0
GA	Galgal	LTR	ERV1	GGLTR7A	NC_052572.1:77015088-77015342-	NC_052572.1:78680915-78681173+	5	6	0	188,195,214,62,64	192,199,218,62,64	1	1,2,3,4,5	157	157	256	5|0|1|0|0|0|0|0|0|0|0|0
GA	Galgal	LTR	ERV1	GGLTR7A	NC_052572.1:77015088-77015342-	NC_052572.1:81182119-81182380-	6	7	0	188,195,214,39,62,64	195,202,221,39,65,67	1	1,2,3,4,5,6	183	183	257	6|0|1|0|0|0|0|0|0|0|0|0
GA	Galgal	LTR	ERV1	GGLTR7A	NC_052572.1:77015088-77015342-	NC_052572.1:79925182-79925442+	5	6	0	188,195,214,62,64	193,200,219,64,66	1	1,2,3,4,5	156	156	257	5|0|1|0|0|0|0|0|0|0|0|0
GA	Galgal	LTR	ERV1	GGLTR7-int	NC_052571.1:8101070-8103171+	NC_052571.1:8592361-8593788+	16	90	0	933,954,973,980,982	304,325,344,351,353	1	2,3,4,5,6	50	50	1265	16|15|3|5|6|5|15|8|3|3|4|7
GA	Galgal	LTR	ERV1	GGLTR7-int	NC_052571.1:8117591-8121603-	NW_024095983.1:113168-114913-	22	140	0	1452,1453,1461,1467,1468	192,193,202,208,209	1	5,6,7,8,9	18	18	1737	22|14|7|7|4|9|26|20|5|9|3|14
GA	Galgal	LTR	ERV1	GGLTR7-int	NC_052571.1:8117591-8121603-	NC_052571.1:8592361-8593788+	16	89	0	678,699,718,725,727	304,325,344,351,353	1	2,3,4,5,6	50	50	1265	16|15|3|5|6|5|14|8|3|3|4|7
GA	Galgal	LTR	ERV1	GGLTR7-int	NC_052571.1:8146883-8148870+	NC_052571.1:9061300-9066868+	27	161	0	1815,1816,1817,1821,1836,1845	1808,1809,1810,1814,1828,1837	1	22,23,24,25,26,27	30	30	1983	27|27|5|8|11|7|38|16|6|5|5|6
GA	Galgal	LTR	ERV1	GGLTR7-int	NC_052571.1:8146883-8148870+	NW_024095983.1:113168-114913-	15	56	0	1816,1817,1818,1822,1836	306,307,308,312,326	1	11,12,13,14,15	21	21	469	15|6|5|1|3|3|10|2|4|2|1|4
GA	Galgal	LTR	ERV1	GGLTR7-int	NC_052571.1:8208721-8210709-	NC_052571.1:9061300-9066868+	26	164	0	1816,1817,1818,1822,1837,1846	1808,1809,1810,1814,1828,1837	1	21,22,23,24,25,26	30	30	1983	26|26|5|8|12|8|37|17|6|5|8|6
GA	Galgal	LTR	ERV1	GGLTR7-int	NC_052571.1:8208721-8210709-	NW_024095983.1:113168-114913-	15	56	0	1817,1818,1819,1823,1837	306,307,308,312,326	1	11,12,13,14,15	21	21	469	15|6|5|1|3|3|10|2|4|2|1|4
GA	Galgal	LTR	ERV1	GGLTR7-int	NC_052571.1:8275481-8277786+	NW_024095996.1:367780-370432+	29	159	0	2067,2068,2073,2074,2075	2624,2625,2630,2631,2632	1	25,26,27,28,29	9	9	2094	29|17|3|9|4|10|30|27|6|11|9|4
GA	Galgal	LTR	ERV1	GGLTR7A	NC_052572.1:77808065-77808319-	NC_052572.1:80547677-80547935-	5	6	0	188,195,214,62,64	192,199,218,62,64	1	1,2,3,4,5	157	157	256	5|0|1|0|0|0|0|0|0|0|0|0
GA	Galgal	LTR	ERV1	GGLTR7A	NC_052572.1:77808065-77808319-	NC_052572.1:80488282-80488540-	5	6	0	188,195,214,62,64	192,199,218,62,64	1	1,2,3,4,5	157	157	256	5|0|1|0|0|0|0|0|0|0|0|0
GA	Galgal	LTR	ERV1	GGLTR7A	NC_052572.1:77808065-77808319-	NC_052572.1:80316764-80317022-	5	6	0	188,195,214,62,64	192,199,218,62,64	1	1,2,3,4,5	157	157	256	5|0|1|0|0|0|0|0|0|0|0|0
GA	Galgal	LTR	ERV1	GGLTR7A	NC_052572.1:77808065-77808319-	NC_052572.1:78778964-78779222-	5	6	0	188,195,214,62,64	192,199,218,62,64	1	1,2,3,4,5	157	157	256	5|0|1|0|0|0|0|0|0|0|0|0
GA	Galgal	LTR	ERV1	GGLTR7A	NC_052572.1:77808065-77808319-	NC_052572.1:78680915-78681173+	5	6	0	188,195,214,62,64	192,199,218,62,64	1	1,2,3,4,5	157	157	256	5|0|1|0|0|0|0|0|0|0|0|0
GA	Galgal	LTR	ERV1	GGLTR7A	NC_052572.1:77808065-77808319-	NC_052572.1:81182119-81182380-	6	7	0	188,195,214,39,62,64	195,202,221,39,65,67	1	1,2,3,4,5,6	183	183	257	6|0|1|0|0|0|0|0|0|0|0|0
GA	Galgal	LTR	ERV1	GGLTR7A	NC_052572.1:77808065-77808319-	NC_052572.1:79925182-79925442+	5	6	0	188,195,214,62,64	193,200,219,64,66	1	1,2,3,4,5	156	156	257	5|0|1|0|0|0|0|0|0|0|0|0
GA	Galgal	LTR	ERV1	GGLTR7A	NC_052572.1:77883357-77883615-	NC_052572.1:80547677-80547935-	5	6	0	192,199,218,62,64	192,199,218,62,64	1	1,2,3,4,5	157	157	258	5|0|1|0|0|0|0|0|0|0|0|0
GA	Galgal	LTR	ERV1	GGLTR7A	NC_052572.1:77883357-77883615-	NC_052572.1:80488282-80488540-	5	6	0	192,199,218,62,64	192,199,218,62,64	1	1,2,3,4,5	157	157	258	5|0|1|0|0|0|0|0|0|0|0|0
GA	Galgal	LTR	ERV1	GGLTR7A	NC_052572.1:77883357-77883615-	NC_052572.1:80316764-80317022-	5	6	0	192,199,218,62,64	192,199,218,62,64	1	1,2,3,4,5	157	157	258	5|0|1|0|0|0|0|0|0|0|0|0
GA	Galgal	LTR	ERV1	GGLTR7A	NC_052572.1:77883357-77883615-	NC_052572.1:78778964-78779222-	5	6	0	192,199,218,62,64	192,199,218,62,64	1	1,2,3,4,5	157	157	258	5|0|1|0|0|0|0|0|0|0|0|0
GA	Galgal	LTR	ERV1	GGLTR7A	NC_052572.1:77883357-77883615-	NC_052572.1:78680915-78681173+	5	6	0	192,199,218,62,64	192,199,218,62,64	1	1,2,3,4,5	157	157	258	5|0|1|0|0|0|0|0|0|0|0|0
GA	Galgal	LTR	ERV1	GGLTR7A	NC_052572.1:77883357-77883615-	NC_052572.1:81182119-81182380-	6	7	0	192,199,218,39,62,64	195,202,221,39,65,67	1	1,2,3,4,5,6	183	183	259	6|0|1|0|0|0|0|0|0|0|0|0
GA	Galgal	LTR	ERV1	GGLTR7A	NC_052572.1:77883357-77883615-	NC_052572.1:79925182-79925442+	5	6	0	192,199,218,62,64	193,200,219,64,66	1	1,2,3,4,5	156	156	259	5|0|1|0|0|0|0|0|0|0|0|0
GA	Galgal	LTR	ERV1	GGLTR7A	NC_052572.1:78001264-78001519-	NC_052572.1:81182119-81182380-	5	7	0	192,199,39,62,64	195,202,39,65,67	1	1,2,3,4,5	164	164	256	5|0|1|0|0|0|0|0|0|1|0|0
GA	Galgal	LTR	ERV1	GGLTR7A	NC_052572.1:78164423-78164681-	NC_052572.1:80547677-80547935-	5	6	0	192,199,218,62,64	192,199,218,62,64	1	1,2,3,4,5	157	157	258	5|0|1|0|0|0|0|0|0|0|0|0
GA	Galgal	LTR	ERV1	GGLTR7A	NC_052572.1:78164423-78164681-	NC_052572.1:80488282-80488540-	5	6	0	192,199,218,62,64	192,199,218,62,64	1	1,2,3,4,5	157	157	258	5|0|1|0|0|0|0|0|0|0|0|0
GA	Galgal	LTR	ERV1	GGLTR7A	NC_052572.1:78164423-78164681-	NC_052572.1:80316764-80317022-	5	6	0	192,199,218,62,64	192,199,218,62,64	1	1,2,3,4,5	157	157	258	5|0|1|0|0|0|0|0|0|0|0|0
GA	Galgal	LTR	ERV1	GGLTR7A	NC_052572.1:78164423-78164681-	NC_052572.1:78778964-78779222-	5	6	0	192,199,218,62,64	192,199,218,62,64	1	1,2,3,4,5	157	157	258	5|0|1|0|0|0|0|0|0|0|0|0
GA	Galgal	LTR	ERV1	GGLTR7A	NC_052572.1:78164423-78164681-	NC_052572.1:78680915-78681173+	5	6	0	192,199,218,62,64	192,199,218,62,64	1	1,2,3,4,5	157	157	258	5|0|1|0|0|0|0|0|0|0|0|0
GA	Galgal	LTR	ERV1	GGLTR7A	NC_052572.1:78164423-78164681-	NC_052572.1:81182119-81182380-	6	7	0	192,199,218,39,62,64	195,202,221,39,65,67	1	1,2,3,4,5,6	183	183	259	6|0|1|0|0|0|0|0|0|0|0|0
GA	Galgal	LTR	ERV1	GGLTR7A	NC_052572.1:78164423-78164681-	NC_052572.1:79925182-79925442+	5	6	0	192,199,218,62,64	193,200,219,64,66	1	1,2,3,4,5	156	156	259	5|0|1|0|0|0|0|0|0|0|0|0
GA	Galgal	LTR	ERV1	GGLTR7-int	NC_052571.1:8350989-8352273-	NC_052571.1:8592361-8593788+	9	39	0	932,953,978,979,981	304,325,350,351,353	1	2,3,4,5,6	50	50	490	9|4|0|1|3|1|7|4|2|2|3|3
GA	Galgal	LTR	ERV1	GGLTR7-int	NC_052571.1:8387459-8388138-	NC_052572.1:81080350-81084081+	21	75	0	549,552,569,579,581	3602,3605,3622,3632,3634	1	14,15,16,17,18	33	33	678	21|12|1|3|5|3|11|4|0|4|4|7
GA	Galgal	LTR	ERV1	GGLTR7-int	NC_052571.1:8450951-8455607-	NC_052571.1:9061300-9066868+	11	48	0	141,142,143,147,161,170	1808,1809,1810,1814,1828,1837	1	3,4,5,6,7,8	30	30	446	11|6|2|1|2|2|13|4|0|2|1|4
GA	Galgal	LTR	ERV1	GGLTR7-int	NC_052571.1:8450951-8455607-	NW_024095983.1:113168-114913-	11	41	0	141,142,143,147,161	306,307,308,312,326	1	4,5,6,7,8	21	21	452	11|8|1|0|1|2|7|4|0|1|1|5
GA	Galgal	LTR	ERV1	GGLTR7A	NC_052572.1:79087886-79088144+	NC_052572.1:80547677-80547935-	6	8	0	192,199,218,62,64,75	192,199,218,62,64,75	1	1,2,3,4,5,6	157	157	258	6|0|1|0|0|0|0|0|0|1|0|0
GA	Galgal	LTR	ERV1	GGLTR7A	NC_052572.1:79087886-79088144+	NC_052572.1:80488282-80488540-	6	8	0	192,199,218,62,64,75	192,199,218,62,64,75	1	1,2,3,4,5,6	157	157	258	6|0|1|0|0|0|0|0|0|1|0|0
GA	Galgal	LTR	ERV1	GGLTR7A	NC_052572.1:79087886-79088144+	NC_052572.1:80316764-80317022-	6	8	0	192,199,218,62,64,75	192,199,218,62,64,75	1	1,2,3,4,5,6	157	157	258	6|0|1|0|0|0|0|0|0|1|0|0
GA	Galgal	LTR	ERV1	GGLTR7A	NC_052572.1:79087886-79088144+	NC_052572.1:81182119-81182380-	7	9	0	192,199,218,39,62,64,75	195,202,221,39,65,67,78	1	1,2,3,4,5,6,7	183	183	259	7|0|1|0|0|0|0|0|0|1|0|0
GA	Galgal	LTR	ERV1	GGLTR7A	NC_052572.1:79087886-79088144+	NC_052572.1:79925182-79925442+	6	8	0	192,199,218,62,64,75	193,200,219,64,66,77	1	1,2,3,4,5,6	156	156	259	6|0|1|0|0|0|0|0|0|1|0|0
GA	Galgal	LTR	ERV1	GGLTR7-int	NC_052571.1:8757597-8762430+	NW_024095983.1:113168-114913-	31	138	0	298,301,310,316,317	190,193,202,208,209	1	6,7,8,9,10	20	20	1746	31|17|5|4|2|10|22|19|3|12|4|9
GA	Galgal	LTR	ERV1	GGLTR7-int	NC_052571.1:8811596-8813551-	NC_052571.1:9061300-9066868+	22	149	0	1723,1724,1725,1729,1742	1808,1809,1810,1814,1828	1	16,17,18,19,20	21	21	1952	22|21|7|7|5|7|38|14|1|11|5|11
GA	Galgal	LTR	ERV1	GGLTR7A	NC_052572.1:79981465-79981723-	NC_052572.1:81182119-81182380-	5	6	0	192,199,39,62,64	195,202,39,65,67	1	1,2,3,4,5	164	164	259	5|0|1|0|0|0|0|0|0|0|0|0
GA	Galgal	LTR	ERV1	GGLTR7A	NC_052572.1:80881902-80882160-	NC_052572.1:81182119-81182380-	6	7	0	192,199,218,39,62,64	195,202,221,39,65,67	1	1,2,3,4,5,6	183	183	259	6|0|1|0|0|0|0|0|0|0|0|0
GA	Galgal	LTR	ERV1	GGLTR7A	NC_052572.1:80927838-80928096-	NC_052572.1:81182119-81182380-	7	9	0	109,39,62,64,75	112,39,65,67,78	1	1,2,3,4,5	74	74	259	7|0|1|0|0|0|0|0|1|0|0|0
GA	Galgal	LTR	ERV1	GGLTR7-int	NC_052572.1:74750802-74755385+	NC_052572.1:77426369-77430082-	27	149	0	4172,4213,4282,4286,4287	3351,3392,3461,3465,3466	1	23,24,25,26,27	116	116	3511	27|18|10|5|7|8|18|23|14|9|7|3
GA	Galgal	LTR	ERV1	GGLTR7-int	NC_052572.1:74750802-74755385+	NC_052572.1:82856649-82860360-	27	149	0	4172,4213,4282,4286,4287	3349,3390,3459,3463,3464	1	23,24,25,26,27	116	116	3510	27|18|10|5|7|8|18|23|14|9|7|3
GA	Galgal	LTR	ERV1	GGLTR7-int	NC_052572.1:74844531-74846088+	NC_052572.1:78394715-78398793+	14	67	0	188,189,201,210,227	2669,2670,2682,2691,2708	1	2,3,4,5,6	40	40	598	14|18|1|11|7|1|4|5|4|0|1|1
GA	Galgal	LTR	ERV1	GGLTR7-int	NC_052572.1:74844531-74846088+	NC_052572.1:80729459-80733532+	14	67	0	188,189,201,210,227	2661,2662,2674,2683,2700	1	2,3,4,5,6	40	40	598	14|18|1|11|7|1|4|5|4|0|1|1
GA	Galgal	LTR	ERV1	GGLTR7-int	NC_052572.1:74844531-74846088+	NC_052572.1:79751399-79755476-	13	66	0	188,189,201,210,227	2666,2667,2679,2688,2705	1	2,3,4,5,6	40	40	596	13|17|1|12|7|1|4|5|4|0|1|1
GA	Galgal	LTR	ERV1	GGLTR7-int	NC_052572.1:74844531-74846088+	NC_052572.1:80392034-80396119-	14	68	0	188,189,201,210,227	2669,2670,2682,2691,2708	1	2,3,4,5,6	40	40	598	14|19|1|11|7|1|4|5|4|0|1|1
GA	Galgal	LTR	ERV1	GGLTR7-int	NC_052572.1:75848192-75849749-	NC_052572.1:78394715-78398793+	15	73	0	188,189,201,210,227	2669,2670,2682,2691,2708	1	3,4,5,6,7	40	40	598	15|15|1|15|8|1|4|6|5|1|1|1
GA	Galgal	LTR	ERV1	GGLTR7-int	NC_052572.1:75848192-75849749-	NC_052572.1:80729459-80733532+	15	73	0	188,189,201,210,227	2661,2662,2674,2683,2700	1	3,4,5,6,7	40	40	598	15|15|1|15|8|1|4|6|5|1|1|1
GA	Galgal	LTR	ERV1	GGLTR7-int	NC_052572.1:75848192-75849749-	NC_052572.1:79751399-79755476-	14	72	0	188,189,201,210,227	2666,2667,2679,2688,2705	1	3,4,5,6,7	40	40	596	14|15|2|15|8|1|4|5|5|1|1|1
GA	Galgal	LTR	ERV1	GGLTR7-int	NC_052572.1:75848192-75849749-	NC_052572.1:80392034-80396119-	15	72	0	188,189,201,210,227	2669,2670,2682,2691,2708	1	3,4,5,6,7	40	40	598	15|15|1|15|8|1|4|5|5|1|1|1
GA	Galgal	LTR	ERV1	GGLTR7A	NW_024095932.1:5227-5578-	NW_024095992.1:43625-44234+	13	33	0	162,174,177,190,219	162,174,177,190,219	1	4,5,6,7,8	58	58	348	13|4|2|4|1|0|0|4|1|0|4|0
GA	Galgal	LTR	ERV1	GGLTR7-int	NC_052572.1:75895122-75896674-	NC_052572.1:78394715-78398793+	15	67	0	188,189,201,210,227	2669,2670,2682,2691,2708	1	3,4,5,6,7	40	40	598	15|14|1|12|8|1|4|4|4|1|1|2
GA	Galgal	LTR	ERV1	GGLTR7-int	NC_052572.1:75895122-75896674-	NC_052572.1:80729459-80733532+	15	67	0	188,189,201,210,227	2661,2662,2674,2683,2700	1	3,4,5,6,7	40	40	598	15|14|1|12|8|1|4|4|4|1|1|2
GA	Galgal	LTR	ERV1	GGLTR7-int	NC_052572.1:75895122-75896674-	NC_052572.1:79751399-79755476-	14	66	0	188,189,201,210,227	2666,2667,2679,2688,2705	1	3,4,5,6,7	40	40	596	14|14|2|12|8|1|4|3|4|1|1|2
GA	Galgal	LTR	ERV1	GGLTR7-int	NC_052572.1:75895122-75896674-	NC_052572.1:80392034-80396119-	15	68	0	188,189,201,210,227	2669,2670,2682,2691,2708	1	3,4,5,6,7	40	40	598	15|15|1|12|8|1|4|4|4|1|1|2
GA	Galgal	LTR	ERV1	GGLTR7-int	NC_052572.1:75917941-75922033-	NC_052572.1:80781397-80787089-	21	150	0	3089,3178,3183,3184,3203	5042,5131,5136,5137,5156	1	17,18,19,20,21	115	115	3745	21|23|8|11|9|3|20|18|12|14|4|7
GA	Galgal	LTR	ERV1	GGLTR7A	NW_024095967.1:5987-6600+	NW_024095992.1:43625-44234+	15	58	0	163,169,177,190,199	162,168,176,189,198	1	7,8,9,10,11	37	37	598	15|7|1|6|2|1|12|9|1|1|2|1
GA	Galgal	LTR	ERV1	GGLTR7A	NW_024095967.1:52240-52712+	NW_024095992.1:43625-44234+	14	45	0	163,169,177,190,199	162,168,176,189,198	1	7,8,9,10,11	37	37	457	14|5|0|5|3|0|8|7|0|0|2|1
GA	Galgal	LTR	ERV1	GGLTR7A	NW_024095967.1:78903-79515+	NW_024095992.1:43625-44234+	16	58	0	163,169,177,190,199	162,168,176,189,198	1	7,8,9,10,11	37	37	597	16|7|1|6|3|2|9|9|1|1|2|1
GA	Galgal	LTR	ERV1	GGLTR7A	NW_024095967.1:138331-138803+	NW_024095992.1:43625-44234+	14	47	0	163,169,177,190,199	162,168,176,189,198	1	7,8,9,10,11	37	37	457	14|5|0|6|3|0|8|8|0|0|2|1
GA	Galgal	LTR	ERV1	GGLTR7A	NW_024095968.1:16069-16681-	NW_024095992.1:43625-44234+	13	59	0	163,169,177,190,199	162,168,176,189,198	1	6,7,8,9,10	37	37	597	13|7|3|8|3|2|10|8|1|1|2|1
GA	Galgal	LTR	ERV1	GGLTR7A	NW_024095968.1:52796-53394-	NW_024095992.1:43625-44234+	12	53	0	150,156,164,177,186	162,168,176,189,198	1	5,6,7,8,9	37	37	590	12|7|1|4|2|2|10|10|1|1|2|1
GA	Galgal	LTR	ERV1	GGLTR7-int	NC_052572.1:76214250-76215807+	NC_052572.1:78394715-78398793+	14	68	0	188,189,201,210,227	2669,2670,2682,2691,2708	1	2,3,4,5,6	40	40	603	14|18|1|10|7|1|5|5|5|0|1|1
GA	Galgal	LTR	ERV1	GGLTR7-int	NC_052572.1:76214250-76215807+	NC_052572.1:80729459-80733532+	14	68	0	188,189,201,210,227	2661,2662,2674,2683,2700	1	2,3,4,5,6	40	40	603	14|18|1|10|7|1|5|5|5|0|1|1
GA	Galgal	LTR	ERV1	GGLTR7-int	NC_052572.1:76214250-76215807+	NC_052572.1:79751399-79755476-	14	67	0	188,189,201,210,227	2666,2667,2679,2688,2705	1	2,3,4,5,6	40	40	601	14|18|1|10|7|0|5|5|5|0|1|1
GA	Galgal	LTR	ERV1	GGLTR7-int	NC_052572.1:76214250-76215807+	NC_052572.1:80392034-80396119-	14	69	0	188,189,201,210,227	2669,2670,2682,2691,2708	1	2,3,4,5,6	40	40	603	14|19|1|10|7|1|5|5|5|0|1|1
GA	Galgal	LTR	ERV1	GGLTR7A	NW_024095969.1:16785-17385-	NW_024095992.1:43625-44234+	12	53	0	150,156,164,177,186	162,168,176,189,198	1	5,6,7,8,9	37	37	591	12|7|1|4|2|2|10|10|1|1|2|1
GA	Galgal	LTR	ERV1	GGLTR7A	NW_024095969.1:117379-117851-	NW_024095992.1:43625-44234+	14	47	0	163,169,177,190,199	162,168,176,189,198	1	7,8,9,10,11	37	37	457	14|5|0|6|3|0|8|8|0|0|2|1
GA	Galgal	LTR	ERV1	GGLTR7A	NW_024095969.1:136789-137401-	NW_024095992.1:43625-44234+	14	55	0	163,169,177,190,199	162,168,176,189,198	1	7,8,9,10,11	37	37	597	14|7|1|6|4|2|9|7|1|1|2|1
GA	Galgal	LTR	ERV1	GGLTR7A	NW_024095970.1:82285-82757+	NW_024095992.1:43625-44234+	14	46	0	163,169,177,190,199	162,168,176,189,198	1	7,8,9,10,11	37	37	457	14|5|0|5|2|1|8|8|0|0|2|1
GA	Galgal	LTR	ERV1	GGLTR7A	NW_024095970.1:110885-111497+	NW_024095992.1:43625-44234+	15	57	0	163,169,177,190,199	162,168,176,189,198	1	7,8,9,10,11	37	37	597	15|7|1|6|2|1|11|9|1|1|2|1
GA	Galgal	LTR	ERV1	GGLTR7A	NW_024095971.1:40962-41418-	NW_024095992.1:43625-44234+	14	48	0	157,163,171,183,188	162,168,176,189,194	1	7,8,9,10,11	33	33	451	14|5|0|6|3|0|9|8|0|0|2|1
GA	Galgal	LTR	ERV1	GGLTR7A	NW_024095972.1:22374-22987-	NW_024095992.1:43625-44234+	16	57	0	164,170,178,191,200	162,168,176,189,198	1	7,8,9,10,11	37	37	598	16|7|1|6|2|1|10|9|1|1|2|1
GA	Galgal	LTR	ERV1	GGLTR7A	NW_024095972.1:40612-41082-	NW_024095992.1:43625-44234+	14	47	0	161,167,175,188,197	162,168,176,189,198	1	7,8,9,10,11	37	37	456	14|5|0|6|2|1|8|8|0|0|2|1
GA	Galgal	LTR	ERV1	GGLTR7A	NW_024095972.1:60114-60723-	NW_024095992.1:43625-44234+	12	54	0	161,167,175,188,196	162,168,176,189,198	1	5,6,7,8,9	37	37	596	12|7|1|5|3|2|9|9|1|2|2|1
GA	Galgal	LTR	ERV1	GGLTR7-int	NC_052572.1:76649811-76652460+	NC_052572.1:77479074-77482312-	9	68	0	529,539,553,558,578	1940,1950,1964,1969,1989	1	1,2,3,4,5	50	50	1801	9|9|4|5|1|1|9|8|9|4|5|4
GA	Galgal	LTR	ERV1	GGLTR7-int	NC_052572.1:76699007-76700570+	NC_052572.1:78394715-78398793+	14	66	0	187,188,200,209,226	2669,2670,2682,2691,2708	1	2,3,4,5,6	40	40	596	14|17|1|12|7|1|4|4|4|0|1|1
GA	Galgal	LTR	ERV1	GGLTR7-int	NC_052572.1:76699007-76700570+	NC_052572.1:80729459-80733532+	14	66	0	187,188,200,209,226	2661,2662,2674,2683,2700	1	2,3,4,5,6	40	40	596	14|17|1|12|7|1|4|4|4|0|1|1
GA	Galgal	LTR	ERV1	GGLTR7-int	NC_052572.1:76699007-76700570+	NC_052572.1:79751399-79755476-	14	65	0	187,188,200,209,226	2666,2667,2679,2688,2705	1	2,3,4,5,6	40	40	594	14|17|1|12|7|0|4|4|4|0|1|1
GA	Galgal	LTR	ERV1	GGLTR7-int	NC_052572.1:76699007-76700570+	NC_052572.1:80392034-80396119-	14	67	0	187,188,200,209,226	2669,2670,2682,2691,2708	1	2,3,4,5,6	40	40	596	14|18|1|12|7|1|4|4|4|0|1|1
GA	Galgal	LTR	ERV1	GGLTR7-int	NC_052572.1:77015343-77016900-	NC_052572.1:78394715-78398793+	14	67	0	188,189,201,210,227	2669,2670,2682,2691,2708	1	2,3,4,5,6	40	40	596	14|18|1|11|7|1|4|4|4|0|1|2
GA	Galgal	LTR	ERV1	GGLTR7-int	NC_052572.1:77015343-77016900-	NC_052572.1:80729459-80733532+	14	67	0	188,189,201,210,227	2661,2662,2674,2683,2700	1	2,3,4,5,6	40	40	596	14|18|1|11|7|1|4|4|4|0|1|2
GA	Galgal	LTR	ERV1	GGLTR7-int	NC_052572.1:77015343-77016900-	NC_052572.1:79751399-79755476-	14	66	0	188,189,201,210,227	2666,2667,2679,2688,2705	1	2,3,4,5,6	40	40	594	14|18|1|11|7|0|4|4|4|0|1|2
GA	Galgal	LTR	ERV1	GGLTR7-int	NC_052572.1:77015343-77016900-	NC_052572.1:80392034-80396119-	14	68	0	188,189,201,210,227	2669,2670,2682,2691,2708	1	2,3,4,5,6	40	40	596	14|19|1|11|7|1|4|4|4|0|1|2
GA	Galgal	LTR	ERV1	GGLTR7-int	NC_052572.1:77526378-77527935-	NC_052572.1:78394715-78398793+	13	65	0	188,189,201,210,227	2669,2670,2682,2691,2708	1	2,3,4,5,6	40	40	599	13|14|1|12|6|1|6|6|1|2|1|2
GA	Galgal	LTR	ERV1	GGLTR7-int	NC_052572.1:77526378-77527935-	NC_052572.1:80729459-80733532+	13	65	0	188,189,201,210,227	2661,2662,2674,2683,2700	1	2,3,4,5,6	40	40	599	13|14|1|12|6|1|6|6|1|2|1|2
GA	Galgal	LTR	ERV1	GGLTR7-int	NC_052572.1:77526378-77527935-	NC_052572.1:79751399-79755476-	12	64	0	188,189,201,210,227	2666,2667,2679,2688,2705	1	2,3,4,5,6	40	40	597	12|14|2|12|6|1|6|5|1|2|1|2
GA	Galgal	LTR	ERV1	GGLTR7-int	NC_052572.1:77526378-77527935-	NC_052572.1:80392034-80396119-	13	64	0	188,189,201,210,227	2669,2670,2682,2691,2708	1	2,3,4,5,6	40	40	599	13|14|1|12|6|1|6|5|1|2|1|2
GA	Galgal	LTR	ERV1	GGLTR7-int	NC_052572.1:77808320-77809877-	NC_052572.1:78394715-78398793+	14	67	0	188,189,201,210,227	2669,2670,2682,2691,2708	1	2,3,4,5,6	40	40	596	14|18|1|11|7|1|4|4|4|0|1|2
GA	Galgal	LTR	ERV1	GGLTR7-int	NC_052572.1:77808320-77809877-	NC_052572.1:80729459-80733532+	14	67	0	188,189,201,210,227	2661,2662,2674,2683,2700	1	2,3,4,5,6	40	40	596	14|18|1|11|7|1|4|4|4|0|1|2
GA	Galgal	LTR	ERV1	GGLTR7-int	NC_052572.1:77808320-77809877-	NC_052572.1:79751399-79755476-	14	66	0	188,189,201,210,227	2666,2667,2679,2688,2705	1	2,3,4,5,6	40	40	594	14|18|1|11|7|0|4|4|4|0|1|2
GA	Galgal	LTR	ERV1	GGLTR7-int	NC_052572.1:77808320-77809877-	NC_052572.1:80392034-80396119-	14	68	0	188,189,201,210,227	2669,2670,2682,2691,2708	1	2,3,4,5,6	40	40	596	14|19|1|11|7|1|4|4|4|0|1|2
GA	Galgal	LTR	ERV1	GGLTR7-int	NC_052572.1:77883616-77885173-	NC_052572.1:78394715-78398793+	15	68	0	188,189,201,210,227	2669,2670,2682,2691,2708	1	3,4,5,6,7	40	40	598	15|18|1|10|8|1|4|4|5|0|1|1
GA	Galgal	LTR	ERV1	GGLTR7-int	NC_052572.1:77883616-77885173-	NC_052572.1:80729459-80733532+	15	68	0	188,189,201,210,227	2661,2662,2674,2683,2700	1	3,4,5,6,7	40	40	598	15|18|1|10|8|1|4|4|5|0|1|1
GA	Galgal	LTR	ERV1	GGLTR7-int	NC_052572.1:77883616-77885173-	NC_052572.1:79751399-79755476-	15	67	0	188,189,201,210,227	2666,2667,2679,2688,2705	1	3,4,5,6,7	40	40	596	15|18|1|10|8|0|4|4|5|0|1|1
GA	Galgal	LTR	ERV1	GGLTR7-int	NC_052572.1:77883616-77885173-	NC_052572.1:80392034-80396119-	15	69	0	188,189,201,210,227	2669,2670,2682,2691,2708	1	3,4,5,6,7	40	40	598	15|19|1|10|8|1|4|4|5|0|1|1
GA	Galgal	LTR	ERV1	GGLTR7-int	NC_052572.1:78164682-78166239-	NC_052572.1:78394715-78398793+	14	66	0	188,189,201,210,227	2669,2670,2682,2691,2708	1	2,3,4,5,6	40	40	598	14|18|1|10|7|2|4|4|4|0|1|1
GA	Galgal	LTR	ERV1	GGLTR7-int	NC_052572.1:78164682-78166239-	NC_052572.1:80729459-80733532+	14	66	0	188,189,201,210,227	2661,2662,2674,2683,2700	1	2,3,4,5,6	40	40	598	14|18|1|10|7|2|4|4|4|0|1|1
GA	Galgal	LTR	ERV1	GGLTR7-int	NC_052572.1:78164682-78166239-	NC_052572.1:79751399-79755476-	14	65	0	188,189,201,210,227	2666,2667,2679,2688,2705	1	2,3,4,5,6	40	40	596	14|18|1|10|7|1|4|4|4|0|1|1
GA	Galgal	LTR	ERV1	GGLTR7-int	NC_052572.1:78164682-78166239-	NC_052572.1:80392034-80396119-	14	67	0	188,189,201,210,227	2669,2670,2682,2691,2708	1	2,3,4,5,6	40	40	598	14|19|1|10|7|2|4|4|4|0|1|1
GA	Galgal	LTR	ERV1	GGLTR7-int	NC_052572.1:78834256-78835808+	NC_052572.1:80729459-80733532+	14	69	0	188,189,201,210,227	2661,2662,2674,2683,2700	1	2,3,4,5,6	40	40	598	14|20|1|10|7|1|4|4|5|0|1|2
GA	Galgal	LTR	ERV1	GGLTR7-int	NC_052572.1:78834256-78835808+	NC_052572.1:79751399-79755476-	14	68	0	188,189,201,210,227	2666,2667,2679,2688,2705	1	2,3,4,5,6	40	40	596	14|20|1|10|7|0|4|4|5|0|1|2
GA	Galgal	LTR	ERV1	GGLTR7-int	NC_052572.1:78834256-78835808+	NC_052572.1:80392034-80396119-	14	70	0	188,189,201,210,227	2669,2670,2682,2691,2708	1	2,3,4,5,6	40	40	598	14|21|1|10|7|1|4|4|5|0|1|2
GA	Galgal	LTR	ERV1	GGLTR7-int	NC_052572.1:79459230-79460787-	NC_052572.1:80729459-80733532+	15	65	0	188,189,201,210,227	2661,2662,2674,2683,2700	1	2,3,4,5,6	40	40	598	15|17|1|10|7|0|4|4|4|0|1|2
GA	Galgal	LTR	ERV1	GGLTR7-int	NC_052572.1:79459230-79460787-	NC_052572.1:79751399-79755476-	14	64	0	188,189,201,210,227	2666,2667,2679,2688,2705	1	2,3,4,5,6	40	40	596	14|17|2|10|7|0|4|3|4|0|1|2
GA	Galgal	LTR	ERV1	GGLTR7-int	NC_052572.1:79459230-79460787-	NC_052572.1:80392034-80396119-	15	66	0	188,189,201,210,227	2669,2670,2682,2691,2708	1	2,3,4,5,6	40	40	598	15|18|1|10|7|0|4|4|4|0|1|2
GA	Galgal	LTR	ERV1	GGLTR7-int	NC_052572.1:79715854-79717412-	NC_052572.1:80729459-80733532+	12	64	0	188,189,201,210,227	2661,2662,2674,2683,2700	1	2,3,4,5,6	40	40	603	12|15|1|10|9|1|4|6|3|1|1|1
GA	Galgal	LTR	ERV1	GGLTR7-int	NC_052572.1:79715854-79717412-	NC_052572.1:79751399-79755476-	11	61	0	188,189,201,210,227	2666,2667,2679,2688,2705	1	2,3,4,5,6	40	40	601	11|15|1|10|8|1|4|5|3|1|1|1
GA	Galgal	LTR	ERV1	GGLTR7-int	NC_052572.1:79715854-79717412-	NC_052572.1:80392034-80396119-	12	65	0	188,189,201,210,227	2669,2670,2682,2691,2708	1	2,3,4,5,6	40	40	603	12|16|1|10|9|1|4|6|3|1|1|1
GA	Galgal	LTR	ERV1	GGLTR7-int	NC_052572.1:79945474-79947025-	NC_052572.1:80729459-80733532+	13	70	0	187,188,200,209,226	2661,2662,2674,2683,2700	1	3,4,5,6,7	40	40	596	13|18|1|12|10|1|5|4|2|1|1|2
GA	Galgal	LTR	ERV1	GGLTR7-int	NC_052572.1:79945474-79947025-	NC_052572.1:80392034-80396119-	13	71	0	187,188,200,209,226	2669,2670,2682,2691,2708	1	3,4,5,6,7	40	40	596	13|19|1|12|10|1|5|4|2|1|1|2
GA	Galgal	LTR	ERV1	GGLTR7-int	NC_052572.1:79981724-79983281-	NC_052572.1:80729459-80733532+	14	65	0	188,189,201,210,227	2661,2662,2674,2683,2700	1	2,3,4,5,6	40	40	598	14|18|1|10|7|1|4|4|4|0|1|1
GA	Galgal	LTR	ERV1	GGLTR7-int	NC_052572.1:79981724-79983281-	NC_052572.1:80392034-80396119-	14	66	0	188,189,201,210,227	2669,2670,2682,2691,2708	1	2,3,4,5,6	40	40	598	14|19|1|10|7|1|4|4|4|0|1|1
GA	Galgal	LTR	ERV1	GGLTR7-int	NC_052572.1:80433441-80433735+	NC_052572.1:81080350-81084081+	17	41	0	194,196,208,216,232	3632,3634,3646,3654,3670	1	11,12,13,14,15	39	39	295	17|3|1|1|4|0|4|4|1|1|0|5
GA	Galgal	LTR	ERV1	GGLTR7-int	NC_052572.1:80638080-80639628-	NC_052572.1:80729459-80733532+	13	74	0	185,186,198,206,223	2661,2662,2674,2683,2700	1	2,3,4,5,6	40	40	594	13|17|2|10|7|2|5|4|5|4|3|2
GA	Galgal	LTR	ERV1	GGLTR7-int	NW_024095948.1:82907-84558-	NW_024095983.1:113168-114913-	42	165	0	299,302,303,304,307,312	188,192,193,194,197,202	1	6,7,8,9,10,11	15	15	1419	42|18|15|13|8|8|17|18|4|12|3|7
GA	Galgal	LTR	ERV1	GGLTR7-int	NW_024095948.1:96085-97722-	NW_024095983.1:113168-114913-	44	173	0	300,303,304,305,308,313	188,192,193,194,197,202	1	6,7,8,9,10,11	15	15	1468	44|20|16|14|7|7|17|18|4|13|4|9
GA	Galgal	LTR	ERV1	GGLTR7-int	NW_024095953.1:14660-16310-	NW_024095983.1:113168-114913-	42	166	0	299,302,303,304,307,312	188,192,193,194,197,202	1	6,7,8,9,10,11	15	15	1418	42|19|17|12|6|9|18|18|4|11|3|7
