CODONML (in paml version 4.10.10, 29 Jan 2026)  apobec1_final_align_NT.aln.phy
Model: several dN/dS ratios for branches,  kappa = 1.000 fixed

Codon frequency model: F3x4
ns =  75  ls = 210

Codon usage in sequences
--------------------------------------------------------------------------------------------------------------------------------------
Phe TTT   1   2   2   2   0   2 | Ser TCT   3   2   1   1   1   3 | Tyr TAT   2   1   1   1   0   1 | Cys TGT   3   0   0   1   0   5
    TTC   7   1   1   1   0   6 |     TCC   2   0   0   0   0   2 |     TAC   5   1   1   1   0   5 |     TGC   3   0   0   0   1   2
Leu TTA   0   1   0   0   0   1 |     TCA   2   1   1   1   0   3 | *** TAA   0   0   0   0   0   0 | *** TGA   0   0   0   0   0   0
    TTG   7   5   3   3   1   8 |     TCG   0   0   0   0   0   0 |     TAG   0   0   0   0   0   0 | Trp TGG   5   3   3   3   0   4
--------------------------------------------------------------------------------------------------------------------------------------
Leu CTT   1   1   1   1   0   3 | Pro CCT   0   1   1   1   1   1 | His CAT   3   2   2   2   0   4 | Arg CGT   1   0   1   0   0   0
    CTC   2   1   0   1   0   2 |     CCC   1   1   1   1   0   2 |     CAC   2   0   0   0   0   2 |     CGC   0   0   1   0   0   0
    CTA   1   0   0   0   0   2 |     CCA   2   1   1   1   2   3 | Gln CAA   4   0   1   1   0   3 |     CGA   1   0   0   0   0   0
    CTG   2   1   1   1   1   1 |     CCG   0   0   0   0   0   0 |     CAG   1   0   0   0   0   3 |     CGG   1   0   0   0   0   0
--------------------------------------------------------------------------------------------------------------------------------------
Ile ATT   3   2   2   2   0   4 | Thr ACT   3   0   1   1   0   5 | Asn AAT   4   0   0   0   0   5 | Ser AGT   2   0   0   0   0   1
    ATC   4   1   2   2   0   3 |     ACC   3   1   0   0   0   3 |     AAC   3   1   1   1   0   4 |     AGC   2   2   1   1   1   2
    ATA   3   1   1   1   0   3 |     ACA   1   1   1   1   0   1 | Lys AAA   5   2   1   1   0   5 | Arg AGA   1   0   0   0   0   3
Met ATG   3   0   0   0   0   3 |     ACG   0   0   0   0   0   0 |     AAG   2   0   0   0   0   1 |     AGG   4   0   0   0   0   4
--------------------------------------------------------------------------------------------------------------------------------------
Val GTT   3   1   0   0   1   1 | Ala GCT   0   0   0   0   0   2 | Asp GAT   2   2   3   1   0   4 | Gly GGT   1   1   0   2   0   1
    GTC   1   0   0   0   0   3 |     GCC   2   0   0   0   0   0 |     GAC   2   0   0   0   0   1 |     GGC   1   0   0   0   0   1
    GTA   1   0   0   0   0   0 |     GCA   1   1   2   2   2   0 | Glu GAA   7   2   2   2   1   7 |     GGA   1   1   1   1   0   3
    GTG   1   0   0   0   0   1 |     GCG   0   0   0   0   0   0 |     GAG   2   1   1   1   0   2 |     GGG   1   0   1   1   0   1
--------------------------------------------------------------------------------------------------------------------------------------

--------------------------------------------------------------------------------------------------------------------------------------
Phe TTT   1   2   1   1   0   1 | Ser TCT   3   4   4   3   4   3 | Tyr TAT   1   1   1   2   1   2 | Cys TGT   4   5   4   5   1   4
    TTC   6   4   6   8   8   7 |     TCC   1   1   2   2   2   2 |     TAC   7   7   6   4   5   5 |     TGC   2   2   3   2   5   4
Leu TTA   0   1   0   0   0   0 |     TCA   2   1   0   1   1   2 | *** TAA   0   0   0   0   0   0 | *** TGA   0   0   0   0   0   0
    TTG   7   6   6   6   7   7 |     TCG   0   0   0   0   0   0 |     TAG   0   0   0   0   0   0 | Trp TGG   6   5   6   6   4   5
--------------------------------------------------------------------------------------------------------------------------------------
Leu CTT   1   1   1   1   1   1 | Pro CCT   0   0   0   0   2   0 | His CAT   2   2   2   1   3   2 | Arg CGT   0   0   0   0   0   1
    CTC   3   2   2   1   0   1 |     CCC   3   1   1   2   1   1 |     CAC   4   3   3   5   1   2 |     CGC   1   0   0   1   0   0
    CTA   1   1   1   1   1   1 |     CCA   2   2   3   3   2   2 | Gln CAA   3   4   2   4   4   4 |     CGA   0   0   0   0   1   1
    CTG   2   3   3   2   1   2 |     CCG   0   1   0   0   0   0 |     CAG   1   1   2   2   2   1 |     CGG   0   0   0   0   0   0
--------------------------------------------------------------------------------------------------------------------------------------
Ile ATT   4   3   6   4   2   3 | Thr ACT   2   1   3   2   4   3 | Asn AAT   4   3   4   4   4   4 | Ser AGT   0   0   0   2   2   1
    ATC   5   4   2   3   3   3 |     ACC   5   6   6   5   3   3 |     AAC   2   4   2   3   3   3 |     AGC   3   2   3   2   3   3
    ATA   1   3   2   1   4   2 |     ACA   1   1   0   1   1   1 | Lys AAA   5   4   4   4   4   5 | Arg AGA   4   3   3   4   1   1
Met ATG   3   3   3   3   3   5 |     ACG   0   0   0   0   0   0 |     AAG   1   1   1   1   2   1 |     AGG   2   2   1   3   3   5
--------------------------------------------------------------------------------------------------------------------------------------
Val GTT   2   2   1   2   3   3 | Ala GCT   1   2   0   2   0   0 | Asp GAT   3   4   3   2   2   2 | Gly GGT   1   1   1   2   1   1
    GTC   2   2   3   3   2   2 |     GCC   0   0   1   0   2   2 |     GAC   1   1   2   1   1   2 |     GGC   2   2   2   2   1   1
    GTA   1   1   2   1   1   1 |     GCA   1   1   0   1   1   1 | Glu GAA   7   5   5   7   7   7 |     GGA   1   1   1   0   1   1
    GTG   2   1   1   1   1   1 |     GCG   0   0   0   0   0   0 |     GAG   2   1   2   2   2   2 |     GGG   1   2   2   1   1   1
--------------------------------------------------------------------------------------------------------------------------------------

--------------------------------------------------------------------------------------------------------------------------------------
Phe TTT   1   0   2   1   1   1 | Ser TCT   3   4   3   3   3   3 | Tyr TAT   2   1   1   0   0   1 | Cys TGT   4   2   4   5   5   3
    TTC   7   7   6   7   6   7 |     TCC   2   2   1   1   2   2 |     TAC   5   5   7   8   8   8 |     TGC   4   5   2   2   3   5
Leu TTA   0   0   0   0   0   0 |     TCA   2   1   2   3   2   2 | *** TAA   0   0   0   0   0   0 | *** TGA   0   0   0   0   0   0
    TTG   7   7   8   5   7   7 |     TCG   0   0   0   0   0   0 |     TAG   0   0   0   0   0   0 | Trp TGG   5   5   6   5   6   6
--------------------------------------------------------------------------------------------------------------------------------------
Leu CTT   1   1   3   1   1   1 | Pro CCT   0   2   1   1   1   1 | His CAT   2   3   2   2   2   1 | Arg CGT   1   0   0   0   0   0
    CTC   1   1   2   1   1   2 |     CCC   1   1   2   2   2   1 |     CAC   2   1   4   2   2   2 |     CGC   0   0   1   0   0   0
    CTA   1   1   1   2   2   2 |     CCA   2   2   3   1   2   2 | Gln CAA   4   4   3   3   4   4 |     CGA   1   1   0   0   0   0
    CTG   2   2   2   1   1   1 |     CCG   0   0   0   0   0   0 |     CAG   1   1   1   1   3   3 |     CGG   0   0   0   0   0   0
--------------------------------------------------------------------------------------------------------------------------------------
Ile ATT   3   3   4   4   4   5 | Thr ACT   3   4   2   3   4   4 | Asn AAT   4   4   3   4   5   4 | Ser AGT   1   2   0   0   1   1
    ATC   3   3   5   4   2   2 |     ACC   3   3   5   2   4   2 |     AAC   3   3   3   3   3   3 |     AGC   3   3   2   2   2   3
    ATA   2   4   2   3   2   2 |     ACA   1   1   1   1   1   1 | Lys AAA   5   5   5   5   6   5 | Arg AGA   1   1   3   2   2   2
Met ATG   5   4   2   3   4   2 |     ACG   0   0   0   0   0   0 |     AAG   1   2   1   1   1   1 |     AGG   5   2   2   1   2   2
--------------------------------------------------------------------------------------------------------------------------------------
Val GTT   3   3   2   2   2   2 | Ala GCT   0   0   1   0   0   0 | Asp GAT   2   2   3   3   2   3 | Gly GGT   1   1   1   1   1   1
    GTC   2   2   2   3   3   3 |     GCC   2   2   0   1   1   1 |     GAC   2   2   1   1   1   1 |     GGC   1   1   2   2   2   1
    GTA   1   1   1   2   2   2 |     GCA   1   1   1   1   1   1 | Glu GAA   7   7   5   6   7   7 |     GGA   1   1   1   1   1   2
    GTG   1   1   1   2   0   1 |     GCG   0   0   0   1   1   1 |     GAG   2   2   2   2   2   2 |     GGG   1   1   2   1   1   1
--------------------------------------------------------------------------------------------------------------------------------------

--------------------------------------------------------------------------------------------------------------------------------------
Phe TTT   4   3   1   3   3   1 | Ser TCT   0   0   4   0   3   1 | Tyr TAT   3   3   3   2   4   0 | Cys TGT   3   2   1   1   4   1
    TTC   8   7   8   1   5   0 |     TCC   4   2   2   0   3   0 |     TAC   7   4   5   4   3   0 |     TGC   4   6   6   0   4   1
Leu TTA   0   2   1   0   0   0 |     TCA   6   5   4   2   4   0 | *** TAA   0   0   0   0   0   0 | *** TGA   0   0   0   0   0   0
    TTG   2   3   4   2   5   4 |     TCG   0   0   0   0   0   1 |     TAG   0   0   0   0   0   0 | Trp TGG   7   7   8   3   8   1
--------------------------------------------------------------------------------------------------------------------------------------
Leu CTT   3   3   2   1   4   3 | Pro CCT   7   6   3   2   4   1 | His CAT   4   3   2   1   6   3 | Arg CGT   3   1   5   0   1   0
    CTC   2   3   3   1   1   1 |     CCC   3   3   4   0   1   0 |     CAC   4   3   3   0   3   0 |     CGC   1   1   1   0   0   0
    CTA   0   0   0   0   2   0 |     CCA   3   3   3   2   3   1 | Gln CAA   4   7   5   1   4   0 |     CGA   1   2   0   0   0   0
    CTG   8   8   9   2   6   1 |     CCG   0   0   0   0   0   0 |     CAG   3   3   2   0   3   0 |     CGG   1   1   2   0   0   0
--------------------------------------------------------------------------------------------------------------------------------------
Ile ATT   1   3   5   0   2   5 | Thr ACT   1   2   1   0   2   1 | Asn AAT   8   9   4   0   7   0 | Ser AGT   3   3   4   1   2   0
    ATC   6   6   7   2   6   2 |     ACC   2   2   4   0   7   0 |     AAC  10  11   8   3   4   1 |     AGC   3   3   0   0   3   4
    ATA   1   2   4   0   4   1 |     ACA   1   0   2   1   1   1 | Lys AAA   0   0   7   1   3   1 | Arg AGA   9   7   4   1   5   0
Met ATG   4   5   4   0   4   1 |     ACG   0   0   0   0   0   0 |     AAG   1   3   7   1   4   1 |     AGG   9   7   2   0   5   1
--------------------------------------------------------------------------------------------------------------------------------------
Val GTT   2   1   1   1   2   1 | Ala GCT   5   5   4   1   3   2 | Asp GAT   5   5   5   2   5   0 | Gly GGT   2   1   5   0   1   0
    GTC   3   4   4   0   5   0 |     GCC   1   2   1   0   1   0 |     GAC   1   1   1   0   2   0 |     GGC   1   1   0   0   1   1
    GTA   1   1   1   0   2   0 |     GCA   2   3   4   1   5   1 | Glu GAA   8   7   6   1   6   2 |     GGA   3   4   2   1   3   1
    GTG   3   2   3   0   3   0 |     GCG   0   0   1   0   0   0 |     GAG   4   1   2   1   2   2 |     GGG   0   1   2   1   2   0
--------------------------------------------------------------------------------------------------------------------------------------

--------------------------------------------------------------------------------------------------------------------------------------
Phe TTT   0   5   4   4   2   2 | Ser TCT   0   2   0   0   3   3 | Tyr TAT   0   4   3   3   3   3 | Cys TGT   1   2   2   2   4   3
    TTC   0   8   7   7   7   7 |     TCC   0   1   2   2   2   2 |     TAC   0   7   4   4   6   6 |     TGC   0   3   5   5   4   4
Leu TTA   2   2   2   2   0   0 |     TCA   0   2   4   4   3   3 | *** TAA   0   0   0   0   0   0 | *** TGA   0   0   0   0   0   0
    TTG   3   9   2   2   4   4 |     TCG   0   0   1   1   0   0 |     TAG   0   0   0   0   0   0 | Trp TGG   1   8   5   5   7   7
--------------------------------------------------------------------------------------------------------------------------------------
Leu CTT   1   3   3   3   2   3 | Pro CCT   0   3   5   5   3   3 | His CAT   2   4   2   2   7   5 | Arg CGT   0   0   3   3   2   1
    CTC   1   2   2   2   2   2 |     CCC   0   1   4   4   3   3 |     CAC   0   0   1   1   0   1 |     CGC   0   0   1   1   0   0
    CTA   0   1   0   0   1   1 |     CCA   0   5   4   4   5   4 | Gln CAA   0   4   6   6   3   4 |     CGA   0   0   2   2   0   0
    CTG   2   3   9   9   9   9 |     CCG   0   0   0   0   0   0 |     CAG   0   5   2   2   3   3 |     CGG   0   0   3   3   1   1
--------------------------------------------------------------------------------------------------------------------------------------
Ile ATT   5   2   3   3   2   2 | Thr ACT   1   5   2   2   3   2 | Asn AAT   1   7   8   8   8   8 | Ser AGT   0   4   3   3   1   0
    ATC   1   2   6   6   8   8 |     ACC   0   3   2   2   5   6 |     AAC   1   4  10  10   7   7 |     AGC   0   5   1   1   4   4
    ATA   1   4   3   3   4   2 |     ACA   0   0   0   0   2   1 | Lys AAA   3   3   1   1   3   4 | Arg AGA   0   2   9   9   6   6
Met ATG   2   2   4   4   4   4 |     ACG   0   0   0   0   0   1 |     AAG   1   3   2   2   5   3 |     AGG   0   3   7   6   2   3
--------------------------------------------------------------------------------------------------------------------------------------
Val GTT   0   2   1   1   2   2 | Ala GCT   2   4   5   5   3   3 | Asp GAT   1   3   5   5   6   7 | Gly GGT   0   1   3   3   3   3
    GTC   0   2   5   5   3   3 |     GCC   0   0   2   2   3   3 |     GAC   0   3   1   1   1   1 |     GGC   1   3   0   0   1   1
    GTA   0   0   0   0   1   1 |     GCA   0   4   3   3   6   6 | Glu GAA   0   5   7   7   6   6 |     GGA   1   1   4   4   2   2
    GTG   0   2   2   2   2   3 |     GCG   0   0   0   0   0   0 |     GAG   1   2   4   4   2   3 |     GGG   0   1   1   2   3   4
--------------------------------------------------------------------------------------------------------------------------------------

--------------------------------------------------------------------------------------------------------------------------------------
Phe TTT   3   4   3   3   4   3 | Ser TCT   0   1   1   1   0   0 | Tyr TAT   3   4   6   4   3   4 | Cys TGT   2   3   2   3   3   2
    TTC   8   6   7   7   7   7 |     TCC   4   3   3   6   4   3 |     TAC   7   5   6   4   5   5 |     TGC   4   4   6   4   5   5
Leu TTA   0   1   1   1   0   0 |     TCA   2   1   3   4   3   2 | *** TAA   0   0   0   0   0   0 | *** TGA   0   0   0   0   0   0
    TTG   5   5   2   2   3   3 |     TCG   0   0   1   0   1   1 |     TAG   0   0   0   0   0   0 | Trp TGG   8   7   7   7   6   7
--------------------------------------------------------------------------------------------------------------------------------------
Leu CTT   4   5   3   3   5   6 | Pro CCT   4   4   6   2   3   3 | His CAT   6   2   6   4   2   2 | Arg CGT   2   3   2   1   2   2
    CTC   2   2   3   1   2   2 |     CCC   2   3   1   3   4   5 |     CAC   1   5   2   4   3   4 |     CGC   1   0   1   2   2   2
    CTA   0   0   0   1   0   0 |     CCA   6   6   2   3   3   3 | Gln CAA   5   5   6   7   7   7 |     CGA   0   1   1   1   1   1
    CTG   7   7   9   8   8   8 |     CCG   0   0   1   0   0   0 |     CAG   4   3   1   1   2   2 |     CGG   1   1   1   1   1   1
--------------------------------------------------------------------------------------------------------------------------------------
Ile ATT   1   4   1   3   1   1 | Thr ACT   2   2   2   2   4   3 | Asn AAT   8  11   5   8   7   8 | Ser AGT   4   1   3   2   2   2
    ATC   6   5   5   5   6   6 |     ACC   2   2   3   3   2   4 |     AAC   8   6   9  11  14  10 |     AGC   0   0   2   1   0   0
    ATA   4   3   5   5   4   3 |     ACA   1   1   1   0   1   1 | Lys AAA   5   3   2   0   0   1 | Arg AGA   7   8   7   8   8   8
Met ATG   3   3   3   4   3   3 |     ACG   0   1   0   1   0   0 |     AAG   3   1   4   3   3   3 |     AGG   5   6   5   6   7   8
--------------------------------------------------------------------------------------------------------------------------------------
Val GTT   1   2   2   1   2   1 | Ala GCT   5   6   4   4   4   4 | Asp GAT   6   4   4   4   5   5 | Gly GGT   4   2   2   1   3   2
    GTC   3   2   4   3   3   5 |     GCC   1   4   1   2   2   1 |     GAC   1   4   3   3   2   2 |     GGC   2   2   2   0   0   1
    GTA   0   1   0   1   2   2 |     GCA   5   7   2   3   3   2 | Glu GAA   5   4   7   8   7   7 |     GGA   3   2   5   6   4   4
    GTG   5   1   2   4   3   3 |     GCG   0   0   0   0   0   1 |     GAG   2   3   2   2   1   1 |     GGG   1   2   3   2   2   2
--------------------------------------------------------------------------------------------------------------------------------------

--------------------------------------------------------------------------------------------------------------------------------------
Phe TTT   3   3   4   3   2   1 | Ser TCT   0   2   0   1   3   3 | Tyr TAT   4   3   4   4   4   3 | Cys TGT   2   1   1   1   3   1
    TTC   7   8   7   9   5   7 |     TCC   4   2   3   4   2   3 |     TAC   5   5   5   4   6   4 |     TGC   5   5   4   4   4   5
Leu TTA   0   1   3   2   0   2 |     TCA   2   4   4   3   3   4 | *** TAA   0   0   0   0   0   0 | *** TGA   0   0   0   0   0   0
    TTG   3   3   1   3   8   5 |     TCG   2   0   1   1   0   0 |     TAG   0   0   0   0   0   0 | Trp TGG   6   6   7   7   9   8
--------------------------------------------------------------------------------------------------------------------------------------
Leu CTT   5   4   4   2   1   3 | Pro CCT   3   5   4   6   4   4 | His CAT   6   4   4   0   2   3 | Arg CGT   1   0   2   2   2   4
    CTC   2   2   2   3   4   1 |     CCC   4   4   3   3   3   5 |     CAC   2   4   5   6   3   4 |     CGC   2   2   1   1   0   1
    CTA   0   0   0   1   1   1 |     CCA   3   3   4   1   5   3 | Gln CAA   7   7   6   5   2   5 |     CGA   1   1   2   1   3   0
    CTG   8   8   7   9   7   7 |     CCG   0   0   1   0   0   0 |     CAG   2   3   4   3   1   2 |     CGG   1   2   1   2   0   1
--------------------------------------------------------------------------------------------------------------------------------------
Ile ATT   1   1   2   2   4   6 | Thr ACT   3   3   2   3   2   1 | Asn AAT   9  10   9   8   1   6 | Ser AGT   2   2   3   4   6   2
    ATC   6   8   7   5   4   6 |     ACC   4   2   2   3   4   5 |     AAC   9   8  10  11  10   8 |     AGC   0   1   1   2   0   2
    ATA   4   2   3   2   5   4 |     ACA   1   2   1   1   0   1 | Lys AAA   0   3   0   0   7   6 | Arg AGA   9   5   8   8   6   5
Met ATG   3   5   3   4   5   4 |     ACG   0   0   0   0   1   0 |     AAG   3   2   1   2   3   6 |     AGG   7   6   6   6   5   4
--------------------------------------------------------------------------------------------------------------------------------------
Val GTT   2   2   1   2   1   2 | Ala GCT   4   4   3   1   2   3 | Asp GAT   5   2   2   3   5   4 | Gly GGT   3   4   3   3   8   4
    GTC   4   0   3   3   5   4 |     GCC   1   2   3   3   3   1 |     GAC   1   2   4   2   2   1 |     GGC   1   0   0   0   0   0
    GTA   2   1   1   1   0   2 |     GCA   3   1   1   4   3   6 | Glu GAA   7   8   7   8   5   5 |     GGA   4   5   5   4   2   2
    GTG   3   5   3   4   2   1 |     GCG   0   0   1   0   1   0 |     GAG   1   2   2   2   3   3 |     GGG   2   2   3   2   2   2
--------------------------------------------------------------------------------------------------------------------------------------

--------------------------------------------------------------------------------------------------------------------------------------
Phe TTT   1   2   2   1   3   3 | Ser TCT   2   1   3   0   2   3 | Tyr TAT   3   3   4   0   3   2 | Cys TGT   1   2   2   0   4   4
    TTC   7   7   6   0   6   7 |     TCC   4   2   2   0   2   2 |     TAC   4   6   7   0   7   8 |     TGC   5   4   3   0   3   4
Leu TTA   2   0   0   0   0   1 |     TCA   4   3   3   1   3   3 | *** TAA   0   0   0   0   0   0 | *** TGA   0   0   0   0   0   0
    TTG   5   4   4   1   6   4 |     TCG   0   0   1   0   1   0 |     TAG   0   0   0   0   0   0 | Trp TGG   8   9   9   0   9   8
--------------------------------------------------------------------------------------------------------------------------------------
Leu CTT   3   3   5   2   2   2 | Pro CCT   4   5   2   1   4   4 | His CAT   2   6   4   0   2   6 | Arg CGT   4   3   3   0   4   2
    CTC   1   1   3   0   2   2 |     CCC   5   3   4   0   4   4 |     CAC   5   3   1   0   1   1 |     CGC   1   0   0   0   0   0
    CTA   1   1   1   0   3   1 |     CCA   3   4   4   1   4   3 | Gln CAA   5   4   5   0   3   5 |     CGA   0   0   0   0   1   0
    CTG   7  10   8   0   6   9 |     CCG   0   0   0   0   0   0 |     CAG   2   2   0   0   2   3 |     CGG   1   2   2   0   0   0
--------------------------------------------------------------------------------------------------------------------------------------
Ile ATT   6   1   2   0   2   3 | Thr ACT   1   1   3   0   2   1 | Asn AAT   4   8   8   0   8   8 | Ser AGT   2   2   1   0   2   1
    ATC   5   8   7   0   8   5 |     ACC   5   5   4   0   5   4 |     AAC   9   5   8   1   6   8 |     AGC   2   3   2   0   4   2
    ATA   4   4   4   0   4   3 |     ACA   1   3   0   0   0   2 | Lys AAA   8   5   4   0   6   3 | Arg AGA   4   5   7   0   4   8
Met ATG   4   3   4   0   4   4 |     ACG   0   0   0   0   0   1 |     AAG   5   3   5   0   4   5 |     AGG   4   6   5   0   6   4
--------------------------------------------------------------------------------------------------------------------------------------
Val GTT   2   3   2   0   2   2 | Ala GCT   3   3   4   0   4   4 | Asp GAT   5   4   6   0   5   5 | Gly GGT   4   4   2   0   2   2
    GTC   5   2   4   0   4   5 |     GCC   1   2   1   0   2   2 |     GAC   1   0   1   0   3   2 |     GGC   0   1   1   0   0   0
    GTA   1   2   1   0   1   1 |     GCA   5   3   7   0   5   6 | Glu GAA   5   7   5   0   6   7 |     GGA   2   2   2   1   2   2
    GTG   2   2   3   0   3   2 |     GCG   1   1   0   0   1   0 |     GAG   3   4   3   0   3   1 |     GGG   2   2   3   0   2   3
--------------------------------------------------------------------------------------------------------------------------------------

--------------------------------------------------------------------------------------------------------------------------------------
Phe TTT   2   2   3   2   4   3 | Ser TCT   2   2   3   5   3   2 | Tyr TAT   7   3   4   3   4   5 | Cys TGT   5   3   3   3   3   3
    TTC   7   6   5   6   5   7 |     TCC   2   4   2   3   2   3 |     TAC   4   3   4   7   6   5 |     TGC   3   3   3   3   3   3
Leu TTA   0   0   0   0   0   0 |     TCA   3   3   2   3   2   3 | *** TAA   0   0   0   0   0   0 | *** TGA   0   0   0   0   0   0
    TTG   5   4   5   5   4   3 |     TCG   0   2   0   0   1   0 |     TAG   0   0   0   0   0   0 | Trp TGG   9   9   9   8   9  10
--------------------------------------------------------------------------------------------------------------------------------------
Leu CTT   3   2   2   3   3   3 | Pro CCT   4   4   3   2   4   3 | His CAT   3   4   7   3   6   4 | Arg CGT   3   2   1   2   1   2
    CTC   2   2   2   2   1   2 |     CCC   3   3   4   3   3   4 |     CAC   2   4   4   2   1   1 |     CGC   0   0   0   0   0   0
    CTA   1   3   3   2   2   1 |     CCA   4   4   3   3   3   5 | Gln CAA   3   3   5   5   3   5 |     CGA   0   1   1   0   2   0
    CTG  10   6   7   8   9   9 |     CCG   0   0   0   1   1   0 |     CAG   2   2   2   2   2   1 |     CGG   1   1   0   1   1   1
--------------------------------------------------------------------------------------------------------------------------------------
Ile ATT   3   4   2   2   2   1 | Thr ACT   0   3   2   2   2   2 | Asn AAT   7   8   6   8   7   8 | Ser AGT   1   0   2   1   2   2
    ATC   6   9   9   8   6   6 |     ACC   4   4   6   5   5   6 |     AAC  10   6   6   6   7   6 |     AGC   0   1   2   2   3   3
    ATA   3   3   3   2   5   4 |     ACA   0   0   1   1   1   1 | Lys AAA   4   4   6   3   3   4 | Arg AGA   7   6   6   7   6   8
Met ATG   5   3   3   4   4   5 |     ACG   0   0   0   1   0   0 |     AAG   6   4   4   5   5   4 |     AGG   3   5   5   4   4   4
--------------------------------------------------------------------------------------------------------------------------------------
Val GTT   2   2   3   2   2   2 | Ala GCT   6   3   4   5   4   4 | Asp GAT   6   6   6   4   4   3 | Gly GGT   2   3   2   3   3   3
    GTC   3   4   2   4   4   5 |     GCC   1   2   1   2   2   1 |     GAC   1   2   1   2   1   3 |     GGC   2   1   0   1   1   0
    GTA   2   2   1   1   2   1 |     GCA   6   6   6   5   5   4 | Glu GAA   5   5   6   5   7   6 |     GGA   2   3   3   3   2   2
    GTG   3   4   5   3   3   3 |     GCG   1   0   0   0   0   0 |     GAG   4   3   1   4   3   3 |     GGG   2   3   3   2   3   2
--------------------------------------------------------------------------------------------------------------------------------------

--------------------------------------------------------------------------------------------------------------------------------------
Phe TTT   3   2   2   3   2   4 | Ser TCT   3   3   4   4   4   2 | Tyr TAT   4   3   4   4   3   3 | Cys TGT   5   2   2   3   2   4
    TTC   5   7   6   7   7   5 |     TCC   2   2   2   2   2   2 |     TAC   7   4   4   5   4   6 |     TGC   3   4   4   3   4   3
Leu TTA   0   0   0   0   0   0 |     TCA   4   3   4   3   3   4 | *** TAA   0   0   0   0   0   0 | *** TGA   0   0   0   0   0   0
    TTG   5   5   6   4   4   4 |     TCG   0   0   0   0   0   0 |     TAG   0   0   0   0   0   0 | Trp TGG   8   9   7   9   9   9
--------------------------------------------------------------------------------------------------------------------------------------
Leu CTT   3   4   3   3   3   3 | Pro CCT   6   3   3   3   3   3 | His CAT   4   9   5   4   4   5 | Arg CGT   2   2   2   2   3   4
    CTC   2   2   1   1   2   1 |     CCC   2   4   4   4   4   3 |     CAC   1   1   3   2   2   2 |     CGC   0   0   0   1   1   0
    CTA   2   2   1   2   1   1 |     CCA   5   3   5   1   3   4 | Gln CAA   2   4   4   5   4   5 |     CGA   0   0   0   0   1   0
    CTG   6   7  10   9   9   8 |     CCG   0   1   0   2   1   1 |     CAG   2   2   1   2   2   2 |     CGG   1   1   1   0   0   1
--------------------------------------------------------------------------------------------------------------------------------------
Ile ATT   3   2   1   2   1   2 | Thr ACT   2   3   2   3   2   2 | Asn AAT  10   7   7   8   7   7 | Ser AGT   1   1   1   0   0   0
    ATC   5   5   7   6   7   4 |     ACC   5   5   3   5   6   6 |     AAC   8   7   8   8  10   8 |     AGC   1   1   2   2   2   2
    ATA   3   5   3   4   4   3 |     ACA   1   1   3   2   0   3 | Lys AAA   5   3   4   5   3   4 | Arg AGA   6   8   5   7   6   5
Met ATG   3   5   2   4   4   4 |     ACG   1   0   2   0   1   0 |     AAG   4   5   4   4   4   5 |     AGG   3   2   6   6   6   5
--------------------------------------------------------------------------------------------------------------------------------------
Val GTT   2   1   2   2   1   1 | Ala GCT   4   3   5   4   4   3 | Asp GAT   5   5   4   4   3   5 | Gly GGT   3   3   3   2   2   3
    GTC   5   4   5   4   4   6 |     GCC   1   3   2   2   2   3 |     GAC   0   2   4   2   2   1 |     GGC   1   0   0   1   1   1
    GTA   1   1   1   1   0   2 |     GCA   5   7   5   3   4   5 | Glu GAA   6   5   6   5   7   5 |     GGA   2   2   2   3   3   2
    GTG   3   4   2   3   4   2 |     GCG   0   0   0   0   0   0 |     GAG   3   2   1   4   3   3 |     GGG   3   3   4   3   4   3
--------------------------------------------------------------------------------------------------------------------------------------

--------------------------------------------------------------------------------------------------------------------------------------
Phe TTT   4   4   2   5   3   3 | Ser TCT   3   3   4   4   2   3 | Tyr TAT   2   6   3   4   5   4 | Cys TGT   4   2   2   2   1   2
    TTC   6   5   7   5   7   6 |     TCC   2   3   3   4   3   3 |     TAC   8   3   5   4   4   7 |     TGC   2   4   4   3   5   4
Leu TTA   0   0   0   0   3   0 |     TCA   2   3   3   1   2   3 | *** TAA   0   0   0   0   0   0 | *** TGA   0   0   0   0   0   0
    TTG   3   6   4   6   7   3 |     TCG   0   0   0   0   0   2 |     TAG   0   0   0   0   0   0 | Trp TGG   9   9   6   7   8   8
--------------------------------------------------------------------------------------------------------------------------------------
Leu CTT   2   3   2   1   3   3 | Pro CCT   3   5   3   3   3   3 | His CAT   4   5   4   5   3   5 | Arg CGT   1   3   2   1   1   2
    CTC   3   2   2   3   2   3 |     CCC   4   1   4   3   3   4 |     CAC   2   1   1   1   3   1 |     CGC   0   0   2   0   1   2
    CTA   1   2   2   2   0   1 |     CCA   4   3   4   5   5   3 | Gln CAA   5   4   5   4   5   3 |     CGA   0   0   0   0   0   0
    CTG   7   7  11   7   6  10 |     CCG   0   0   0   0   0   0 |     CAG   4   2   2   4   2   3 |     CGG   2   1   1   2   1   3
--------------------------------------------------------------------------------------------------------------------------------------
Ile ATT   2   1   2   3   3   1 | Thr ACT   4   2   2   3   3   0 | Asn AAT   7   7   9   9   9   4 | Ser AGT   1   0   2   1   1   2
    ATC   6   5   8   6   6   6 |     ACC   4   4   4   5   3   7 |     AAC   8   8   9   9  10  15 |     AGC   2   1   1   0   1   0
    ATA   4   3   3   4   6   3 |     ACA   1   2   1   1   1   2 | Lys AAA   4   5   4   5   5   0 | Arg AGA   6   6   5   7   6   8
Met ATG   4   3   4   3   4   3 |     ACG   1   0   0   0   0   0 |     AAG   6   6   6   3   6   3 |     AGG   3   4   3   3   5   3
--------------------------------------------------------------------------------------------------------------------------------------
Val GTT   2   4   3   2   1   1 | Ala GCT   3   4   3   2   4   4 | Asp GAT   7   6   3   5   4   4 | Gly GGT   2   3   3   4   2   2
    GTC   4   6   2   4   5   5 |     GCC   2   1   2   3   2   4 |     GAC   2   2   2   1   2   2 |     GGC   1   1   2   1   0   1
    GTA   2   2   1   2   0   1 |     GCA   5   5   5   5   4   1 | Glu GAA   7   5   6   8   5   6 |     GGA   3   3   2   2   2   3
    GTG   3   3   3   2   3   3 |     GCG   0   0   0   0   0   0 |     GAG   2   2   3   2   4   3 |     GGG   2   3   3   3   2   3
--------------------------------------------------------------------------------------------------------------------------------------

--------------------------------------------------------------------------------------------------------------------------------------
Phe TTT   2   2   4   3   2   2 | Ser TCT   2   4   2   3   3   3 | Tyr TAT   5   3   4   5   5   4 | Cys TGT   3   2   2   3   3   3
    TTC   7   7   6   7   7   6 |     TCC   2   3   3   2   1   2 |     TAC   5   6   5   6   5   7 |     TGC   3   4   5   2   5   4
Leu TTA   0   1   0   1   0   0 |     TCA   4   1   3   1   4   2 | *** TAA   0   0   0   0   0   0 | *** TGA   0   0   0   0   0   0
    TTG   5   2   5   3   4   5 |     TCG   1   0   0   1   1   0 |     TAG   0   0   0   0   0   0 | Trp TGG   9   8   9   6  10   9
--------------------------------------------------------------------------------------------------------------------------------------
Leu CTT   3   3   3   4   3   3 | Pro CCT   4   3   3   3   3   3 | His CAT   5   3   5   3   4   4 | Arg CGT   2   4   1   5   1   2
    CTC   2   2   3   1   2   2 |     CCC   4   4   1   4   4   4 |     CAC   3   4   2   1   1   1 |     CGC   0   0   0   0   0   0
    CTA   0   2   2   2   1   0 |     CCA   3   5   5   6   4   5 | Gln CAA   4   5   5   6   5   4 |     CGA   1   0   0   2   0   0
    CTG   7  10   9   7   9  10 |     CCG   1   0   0   0   0   0 |     CAG   1   2   1   3   2   2 |     CGG   1   1   0   0   1   1
--------------------------------------------------------------------------------------------------------------------------------------
Ile ATT   1   2   4   3   3   3 | Thr ACT   4   2   5   3   2   1 | Asn AAT   8   5   6   7   8   8 | Ser AGT   1   1   3   1   4   1
    ATC   7   8   7   5   5   5 |     ACC   4   3   4   4   4   4 |     AAC   9   7   6   8  10  12 |     AGC   1   1   2   3   1   1
    ATA   4   2   4   4   4   3 |     ACA   3   1   1   0   2   3 | Lys AAA   3   3   4   5   2   3 | Arg AGA   5   8   8   7   8   9
Met ATG   4   3   3   2   3   3 |     ACG   0   1   1   0   0   0 |     AAG   4   6   6   2   5   7 |     AGG   3   3   2   5   4   2
--------------------------------------------------------------------------------------------------------------------------------------
Val GTT   3   3   1   4   2   2 | Ala GCT   4   3   3   2   4   4 | Asp GAT   4   2   5   5   7   5 | Gly GGT   4   2   3   5   2   4
    GTC   4   2   4   2   3   4 |     GCC   1   4   3   3   2   2 |     GAC   1   4   2   2   0   1 |     GGC   2   0   0   2   0   0
    GTA   0   0   1   0   0   1 |     GCA   6   8   3   5   4   5 | Glu GAA   5   6   5   4   5   6 |     GGA   2   3   2   1   3   2
    GTG   4   4   2   4   2   3 |     GCG   0   0   0   0   2   0 |     GAG   3   4   3   5   2   1 |     GGG   1   2   3   1   1   1
--------------------------------------------------------------------------------------------------------------------------------------

--------------------------------------------------------------------------------------
Phe TTT   4   4   0 | Ser TCT   3   3   0 | Tyr TAT   8   2   0 | Cys TGT   1   4   0
    TTC   7   6   0 |     TCC   2   2   0 |     TAC   3   4   0 |     TGC   5   7   0
Leu TTA   0   0   0 |     TCA   3   3   1 | *** TAA   0   0   0 | *** TGA   0   0   0
    TTG   5   4   1 |     TCG   0   0   0 |     TAG   0   0   0 | Trp TGG   8   6   0
--------------------------------------------------------------------------------------
Leu CTT   5   1   3 | Pro CCT   3   3   1 | His CAT   2   2   0 | Arg CGT   4   1   0
    CTC   2   4   0 |     CCC   2   4   0 |     CAC   2   2   0 |     CGC   0   0   0
    CTA   1   3   0 |     CCA   5   2   1 | Gln CAA   5   4   0 |     CGA   0   0   0
    CTG   6   4   0 |     CCG   1   0   0 |     CAG   0   2   0 |     CGG   1   0   0
--------------------------------------------------------------------------------------
Ile ATT   3   5   0 | Thr ACT   1   3   0 | Asn AAT   6   5   0 | Ser AGT   2   3   0
    ATC   6   4   0 |     ACC   5   5   0 |     AAC   6   6   1 |     AGC   2   3   0
    ATA   5   5   0 |     ACA   0   4   0 | Lys AAA   1   8   0 | Arg AGA   8   4   0
Met ATG   4   5   0 |     ACG   0   0   0 |     AAG   6   2   0 |     AGG   5   6   0
--------------------------------------------------------------------------------------
Val GTT   1   3   0 | Ala GCT   4   2   0 | Asp GAT   5   6   0 | Gly GGT   3   4   0
    GTC   3   2   0 |     GCC   3   2   0 |     GAC   4   1   0 |     GGC   0   1   1
    GTA   0   2   0 |     GCA   7   1   0 | Glu GAA   5   6   1 |     GGA   1   1   1
    GTG   3   2   0 |     GCG   0   0   0 |     GAG   3   4   0 |     GGG   2   0   0
--------------------------------------------------------------------------------------

Codon position x base (3x4) table for each sequence.

#1: Tympanuchus_cupido
position  1:    T:0.30534    C:0.16794    A:0.32824    G:0.19847
position  2:    T:0.30534    C:0.15267    A:0.33588    G:0.20611
position  3:    T:0.24427    C:0.30534    A:0.22901    G:0.22137
Average         T:0.28499    C:0.20865    A:0.29771    G:0.20865

#2: Apteryx_rowi   
position  1:    T:0.37778    C:0.17778    A:0.24444    G:0.20000
position  2:    T:0.37778    C:0.20000    A:0.26667    G:0.15556
position  3:    T:0.33333    C:0.20000    A:0.24444    G:0.22222
Average         T:0.36296    C:0.19259    A:0.25185    G:0.19259

#3: Casuarius_casuarius
position  1:    T:0.30233    C:0.23256    A:0.23256    G:0.23256
position  2:    T:0.30233    C:0.20930    A:0.30233    G:0.18605
position  3:    T:0.34884    C:0.18605    A:0.25581    G:0.20930
Average         T:0.31783    C:0.20930    A:0.26357    G:0.20930

#4: Dromaius_novaehollandiae
position  1:    T:0.32558    C:0.20930    A:0.23256    G:0.23256
position  2:    T:0.32558    C:0.20930    A:0.25581    G:0.20930
position  3:    T:0.34884    C:0.18605    A:0.25581    G:0.20930
Average         T:0.33333    C:0.20155    A:0.24806    G:0.21705

#5: Rhea_americana 
position  1:    T:0.25000    C:0.33333    A:0.08333    G:0.33333
position  2:    T:0.25000    C:0.50000    A:0.08333    G:0.16667
position  3:    T:0.25000    C:0.16667    A:0.41667    G:0.16667
Average         T:0.25000    C:0.33333    A:0.19444    G:0.22222

#6: Gallus_gallus  
position  1:    T:0.29577    C:0.18310    A:0.33099    G:0.19014
position  2:    T:0.30282    C:0.17606    A:0.33099    G:0.19014
position  3:    T:0.29577    C:0.26761    A:0.23944    G:0.19718
Average         T:0.29812    C:0.20892    A:0.30047    G:0.19249

#7: Pavo_muticus   
position  1:    T:0.30303    C:0.17424    A:0.31818    G:0.20455
position  2:    T:0.31061    C:0.15909    A:0.32576    G:0.20455
position  3:    T:0.21970    C:0.35606    A:0.21970    G:0.20455
Average         T:0.27778    C:0.22980    A:0.28788    G:0.20455

#8: Numida_meleagris
position  1:    T:0.30952    C:0.16667    A:0.31746    G:0.20635
position  2:    T:0.30952    C:0.16667    A:0.32540    G:0.19841
position  3:    T:0.24603    C:0.32540    A:0.22222    G:0.20635
Average         T:0.28836    C:0.21958    A:0.28836    G:0.20370

#9: Coturnix_japonica
position  1:    T:0.31200    C:0.16000    A:0.32000    G:0.20800
position  2:    T:0.32000    C:0.16000    A:0.31200    G:0.20800
position  3:    T:0.24800    C:0.35200    A:0.18400    G:0.21600
Average         T:0.29333    C:0.22400    A:0.27200    G:0.21067

#10: Bambusicola_thoracicus
position  1:    T:0.30303    C:0.17424    A:0.31818    G:0.20455
position  2:    T:0.28788    C:0.16667    A:0.31818    G:0.22727
position  3:    T:0.25000    C:0.33333    A:0.21212    G:0.20455
Average         T:0.28030    C:0.22475    A:0.28283    G:0.21212

#11: Lagopus_leucura
position  1:    T:0.30400    C:0.15200    A:0.33600    G:0.20800
position  2:    T:0.29600    C:0.18400    A:0.32800    G:0.19200
position  3:    T:0.24000    C:0.32000    A:0.23200    G:0.20800
Average         T:0.28000    C:0.21867    A:0.29867    G:0.20267

#12: Centrocercus_minimus
position  1:    T:0.32061    C:0.14504    A:0.32824    G:0.20611
position  2:    T:0.30534    C:0.15267    A:0.32061    G:0.22137
position  3:    T:0.23664    C:0.31298    A:0.22137    G:0.22901
Average         T:0.28753    C:0.20356    A:0.29008    G:0.21883

#13: Centrocercus_urophasianus
position  1:    T:0.32061    C:0.14504    A:0.32824    G:0.20611
position  2:    T:0.30534    C:0.15267    A:0.32061    G:0.22137
position  3:    T:0.23664    C:0.31298    A:0.22137    G:0.22901
Average         T:0.28753    C:0.20356    A:0.29008    G:0.21883

#14: Lagopus_muta   
position  1:    T:0.30000    C:0.15385    A:0.33846    G:0.20769
position  2:    T:0.30769    C:0.17692    A:0.32308    G:0.19231
position  3:    T:0.24615    C:0.31538    A:0.23077    G:0.20769
Average         T:0.28462    C:0.21538    A:0.29744    G:0.20256

#15: Pavo_cristatus 
position  1:    T:0.31818    C:0.18939    A:0.30303    G:0.18939
position  2:    T:0.32576    C:0.16667    A:0.31061    G:0.19697
position  3:    T:0.24242    C:0.34091    A:0.21212    G:0.20455
Average         T:0.29545    C:0.23232    A:0.27525    G:0.19697

#16: Syrmaticus_mikado
position  1:    T:0.32258    C:0.13710    A:0.30645    G:0.23387
position  2:    T:0.33065    C:0.16129    A:0.33065    G:0.17742
position  3:    T:0.24194    C:0.33065    A:0.24194    G:0.18548
Average         T:0.29839    C:0.20968    A:0.29301    G:0.19892

#17: Chrysolophus_pictus
position  1:    T:0.32090    C:0.15672    A:0.32090    G:0.20149
position  2:    T:0.28358    C:0.17910    A:0.34328    G:0.19403
position  3:    T:0.23881    C:0.31343    A:0.23881    G:0.20896
Average         T:0.28109    C:0.21642    A:0.30100    G:0.20149

#18: Phasianus_colchicus
position  1:    T:0.33835    C:0.15038    A:0.29323    G:0.21805
position  2:    T:0.30075    C:0.15789    A:0.33835    G:0.20301
position  3:    T:0.23308    C:0.32331    A:0.24060    G:0.20301
Average         T:0.29073    C:0.21053    A:0.29073    G:0.20802

#19: Malurus_cyaneus_samueli
position  1:    T:0.24615    C:0.24103    A:0.30256    G:0.21026
position  2:    T:0.24615    C:0.17949    A:0.31795    G:0.25641
position  3:    T:0.27692    C:0.30769    A:0.20000    G:0.21538
Average         T:0.25641    C:0.24274    A:0.27350    G:0.22735

#20: Zonotrichia_albicollis
position  1:    T:0.22798    C:0.24352    A:0.32642    G:0.20207
position  2:    T:0.27461    C:0.17098    A:0.31088    G:0.24352
position  3:    T:0.25907    C:0.30570    A:0.22280    G:0.21244
Average         T:0.25389    C:0.24007    A:0.28670    G:0.21934

#21: Anser_cygnoides
position  1:    T:0.23980    C:0.22449    A:0.32143    G:0.21429
position  2:    T:0.29082    C:0.18878    A:0.30612    G:0.21429
position  3:    T:0.25510    C:0.29082    A:0.21939    G:0.23469
Average         T:0.26190    C:0.23469    A:0.28231    G:0.22109

#22: Cuculus_canorus
position  1:    T:0.38298    C:0.21277    A:0.21277    G:0.19149
position  2:    T:0.27660    C:0.19149    A:0.36170    G:0.17021
position  3:    T:0.31915    C:0.23404    A:0.23404    G:0.21277
Average         T:0.32624    C:0.21277    A:0.26950    G:0.19149

#23: Chlamydotis_macqueenii
position  1:    T:0.24731    C:0.20430    A:0.31720    G:0.23118
position  2:    T:0.29032    C:0.19892    A:0.30108    G:0.20968
position  3:    T:0.28495    C:0.26344    A:0.22581    G:0.22581
Average         T:0.27419    C:0.22222    A:0.28136    G:0.22222

#24: Struthio_camelus
position  1:    T:0.20408    C:0.20408    A:0.38776    G:0.20408
position  2:    T:0.40816    C:0.18367    A:0.20408    G:0.20408
position  3:    T:0.38776    C:0.20408    A:0.16327    G:0.24490
Average         T:0.33333    C:0.19728    A:0.25170    G:0.21769

#25: Tinamus_guttatus
position  1:    T:0.20000    C:0.17143    A:0.45714    G:0.17143
position  2:    T:0.51429    C:0.08571    A:0.28571    G:0.11429
position  3:    T:0.40000    C:0.11429    A:0.20000    G:0.28571
Average         T:0.37143    C:0.12381    A:0.31429    G:0.19048

#26: Pterocles_gutturalis
position  1:    T:0.31928    C:0.18675    A:0.29518    G:0.19880
position  2:    T:0.29518    C:0.18072    A:0.32530    G:0.19880
position  3:    T:0.30723    C:0.26506    A:0.19880    G:0.22892
Average         T:0.30723    C:0.21084    A:0.27309    G:0.20884

#27: Camarhynchus_parvulus
position  1:    T:0.21354    C:0.24479    A:0.31771    G:0.22396
position  2:    T:0.27604    C:0.17708    A:0.29167    G:0.25521
position  3:    T:0.27083    C:0.27604    A:0.23438    G:0.21875
Average         T:0.25347    C:0.23264    A:0.28125    G:0.23264

#28: Geospiza_fortis
position  1:    T:0.21354    C:0.24479    A:0.31250    G:0.22917
position  2:    T:0.27604    C:0.17708    A:0.29167    G:0.25521
position  3:    T:0.27083    C:0.27604    A:0.23438    G:0.21875
Average         T:0.25347    C:0.23264    A:0.27951    G:0.23438

#29: Gymnogyps_californianus
position  1:    T:0.23196    C:0.21134    A:0.32990    G:0.22680
position  2:    T:0.27320    C:0.21134    A:0.30928    G:0.20619
position  3:    T:0.27835    C:0.28866    A:0.21649    G:0.21649
Average         T:0.26117    C:0.23711    A:0.28522    G:0.21649

#30: Cathartes_aura 
position  1:    T:0.22798    C:0.20725    A:0.31606    G:0.24870
position  2:    T:0.27461    C:0.20725    A:0.31606    G:0.20207
position  3:    T:0.25907    C:0.30052    A:0.20725    G:0.23316
Average         T:0.25389    C:0.23834    A:0.27979    G:0.22798

#31: Manacus_vitellinus
position  1:    T:0.23711    C:0.23196    A:0.30412    G:0.22680
position  2:    T:0.26804    C:0.17526    A:0.32990    G:0.22680
position  3:    T:0.28351    C:0.26804    A:0.22165    G:0.22680
Average         T:0.26289    C:0.22509    A:0.28522    G:0.22680

#32: Acanthisitta_chloris
position  1:    T:0.22680    C:0.24227    A:0.29381    G:0.23711
position  2:    T:0.26289    C:0.21134    A:0.30928    G:0.21649
position  3:    T:0.29897    C:0.27320    A:0.22165    G:0.20619
Average         T:0.26289    C:0.24227    A:0.27491    G:0.21993

#33: Corvus_moneduloides
position  1:    T:0.24870    C:0.23316    A:0.29534    G:0.22280
position  2:    T:0.25907    C:0.16062    A:0.32642    G:0.25389
position  3:    T:0.26943    C:0.30052    A:0.21762    G:0.21244
Average         T:0.25907    C:0.23143    A:0.27979    G:0.22971

#34: Passer_domesticus
position  1:    T:0.23711    C:0.21649    A:0.31959    G:0.22680
position  2:    T:0.26804    C:0.17526    A:0.32474    G:0.23196
position  3:    T:0.23711    C:0.30412    A:0.24742    G:0.21134
Average         T:0.24742    C:0.23196    A:0.29725    G:0.22337

#35: Erythrura_gouldiae
position  1:    T:0.22680    C:0.23196    A:0.31959    G:0.22165
position  2:    T:0.27320    C:0.17526    A:0.31443    G:0.23711
position  3:    T:0.25773    C:0.31443    A:0.22165    G:0.20619
Average         T:0.25258    C:0.24055    A:0.28522    G:0.22165

#36: Lonchura_striata_domestica
position  1:    T:0.21649    C:0.24742    A:0.31443    G:0.22165
position  2:    T:0.27320    C:0.17010    A:0.31443    G:0.24227
position  3:    T:0.24742    C:0.31959    A:0.21134    G:0.22165
Average         T:0.24570    C:0.24570    A:0.28007    G:0.22852

#37: Taeniopygia_guttata
position  1:    T:0.22165    C:0.24227    A:0.31443    G:0.22165
position  2:    T:0.27320    C:0.17526    A:0.31443    G:0.23711
position  3:    T:0.27320    C:0.29381    A:0.22165    G:0.21134
Average         T:0.25601    C:0.23711    A:0.28351    G:0.22337

#38: Ficedula_albicollis
position  1:    T:0.22396    C:0.25521    A:0.31250    G:0.20833
position  2:    T:0.27604    C:0.17708    A:0.32812    G:0.21875
position  3:    T:0.26042    C:0.28646    A:0.22396    G:0.22917
Average         T:0.25347    C:0.23958    A:0.28819    G:0.21875

#39: Stachyris_ruficeps
position  1:    T:0.22680    C:0.25773    A:0.29897    G:0.21649
position  2:    T:0.26289    C:0.17010    A:0.32474    G:0.24227
position  3:    T:0.24742    C:0.30928    A:0.23196    G:0.21134
Average         T:0.24570    C:0.24570    A:0.28522    G:0.22337

#40: Serinus_canaria
position  1:    T:0.23711    C:0.23196    A:0.31443    G:0.21649
position  2:    T:0.28351    C:0.17526    A:0.29897    G:0.24227
position  3:    T:0.23196    C:0.32474    A:0.21134    G:0.23196
Average         T:0.25086    C:0.24399    A:0.27491    G:0.23024

#41: Alectura_lathami
position  1:    T:0.25258    C:0.19588    A:0.32474    G:0.22680
position  2:    T:0.27835    C:0.18557    A:0.27835    G:0.25773
position  3:    T:0.25773    C:0.28351    A:0.21649    G:0.24227
Average         T:0.26289    C:0.22165    A:0.27320    G:0.24227

#42: Anas_platyrhynchos
position  1:    T:0.23469    C:0.22449    A:0.33673    G:0.20408
position  2:    T:0.28571    C:0.19898    A:0.30612    G:0.20918
position  3:    T:0.25510    C:0.29082    A:0.23469    G:0.21939
Average         T:0.25850    C:0.23810    A:0.29252    G:0.21088

#43: Aythya_fuligula
position  1:    T:0.23469    C:0.22449    A:0.32653    G:0.21429
position  2:    T:0.28571    C:0.19898    A:0.31122    G:0.20408
position  3:    T:0.23980    C:0.30612    A:0.22959    G:0.22449
Average         T:0.25340    C:0.24320    A:0.28912    G:0.21429

#44: Apaloderma_vittatum
position  1:    T:0.22165    C:0.24227    A:0.31959    G:0.21649
position  2:    T:0.27320    C:0.18557    A:0.30928    G:0.23196
position  3:    T:0.26289    C:0.26804    A:0.22165    G:0.24742
Average         T:0.25258    C:0.23196    A:0.28351    G:0.23196

#45: Aptenodytes_forsteri
position  1:    T:0.23350    C:0.21320    A:0.32487    G:0.22843
position  2:    T:0.28426    C:0.19289    A:0.30964    G:0.21320
position  3:    T:0.26904    C:0.27411    A:0.21827    G:0.23858
Average         T:0.26227    C:0.22673    A:0.28426    G:0.22673

#46: Callipepla_squamata
position  1:    T:0.33333    C:0.44444    A:0.11111    G:0.11111
position  2:    T:0.44444    C:0.33333    A:0.11111    G:0.11111
position  3:    T:0.44444    C:0.11111    A:0.33333    G:0.11111
Average         T:0.40741    C:0.29630    A:0.18519    G:0.11111

#47: Fulmarus_glacialis
position  1:    T:0.24873    C:0.19289    A:0.32995    G:0.22843
position  2:    T:0.28426    C:0.19797    A:0.29949    G:0.21827
position  3:    T:0.25888    C:0.28934    A:0.21320    G:0.23858
Average         T:0.26396    C:0.22673    A:0.28088    G:0.22843

#48: Gavia_stellata 
position  1:    T:0.24873    C:0.21320    A:0.31472    G:0.22335
position  2:    T:0.27411    C:0.19797    A:0.32487    G:0.20305
position  3:    T:0.26396    C:0.28426    A:0.22843    G:0.22335
Average         T:0.26227    C:0.23181    A:0.28934    G:0.21658

#49: Mesitornis_unicolor
position  1:    T:0.24873    C:0.20812    A:0.29949    G:0.24365
position  2:    T:0.28934    C:0.18274    A:0.32487    G:0.20305
position  3:    T:0.28426    C:0.25381    A:0.20305    G:0.25888
Average         T:0.27411    C:0.21489    A:0.27580    G:0.23519

#50: Phoenicopterus_ruber
position  1:    T:0.22680    C:0.21134    A:0.30928    G:0.25258
position  2:    T:0.28866    C:0.20619    A:0.29381    G:0.21134
position  3:    T:0.26289    C:0.27835    A:0.22165    G:0.23711
Average         T:0.25945    C:0.23196    A:0.27491    G:0.23368

#51: Podilymbus_podiceps
position  1:    T:0.22165    C:0.22680    A:0.32474    G:0.22680
position  2:    T:0.28351    C:0.19072    A:0.31959    G:0.20619
position  3:    T:0.27320    C:0.26289    A:0.23711    G:0.22680
Average         T:0.25945    C:0.22680    A:0.29381    G:0.21993

#52: Aquila_chrysaetos_chrysaetos
position  1:    T:0.24742    C:0.20103    A:0.31443    G:0.23711
position  2:    T:0.27835    C:0.21134    A:0.30412    G:0.20619
position  3:    T:0.25773    C:0.28866    A:0.20619    G:0.24742
Average         T:0.26117    C:0.23368    A:0.27491    G:0.23024

#53: Egretta_garzetta
position  1:    T:0.23469    C:0.21429    A:0.31633    G:0.23469
position  2:    T:0.28571    C:0.19388    A:0.30102    G:0.21939
position  3:    T:0.27551    C:0.25510    A:0.21939    G:0.25000
Average         T:0.26531    C:0.22109    A:0.27891    G:0.23469

#54: Eurypyga_helias
position  1:    T:0.24227    C:0.21134    A:0.32990    G:0.21649
position  2:    T:0.28351    C:0.19588    A:0.29897    G:0.22165
position  3:    T:0.25773    C:0.28351    A:0.22680    G:0.23196
Average         T:0.26117    C:0.23024    A:0.28522    G:0.22337

#55: Caprimulgus_europaeus
position  1:    T:0.25521    C:0.19792    A:0.31771    G:0.22917
position  2:    T:0.26562    C:0.21354    A:0.31771    G:0.20312
position  3:    T:0.31250    C:0.25000    A:0.21875    G:0.21875
Average         T:0.27778    C:0.22049    A:0.28472    G:0.21701

#56: Charadrius_vociferus
position  1:    T:0.22680    C:0.23196    A:0.30928    G:0.23196
position  2:    T:0.28866    C:0.21134    A:0.30412    G:0.19588
position  3:    T:0.27320    C:0.26289    A:0.22680    G:0.23711
Average         T:0.26289    C:0.23540    A:0.28007    G:0.22165

#57: Falco_cherrug  
position  1:    T:0.23196    C:0.22165    A:0.30928    G:0.23711
position  2:    T:0.26804    C:0.22680    A:0.30412    G:0.20103
position  3:    T:0.25773    C:0.28351    A:0.22165    G:0.23711
Average         T:0.25258    C:0.24399    A:0.27835    G:0.22509

#58: Corythaeola_cristata
position  1:    T:0.23858    C:0.20812    A:0.33503    G:0.21827
position  2:    T:0.27919    C:0.19289    A:0.31472    G:0.21320
position  3:    T:0.25888    C:0.27919    A:0.20812    G:0.25381
Average         T:0.25888    C:0.22673    A:0.28596    G:0.22843

#59: Tauraco_erythrolophus
position  1:    T:0.22680    C:0.22165    A:0.32474    G:0.22680
position  2:    T:0.27320    C:0.20103    A:0.29897    G:0.22680
position  3:    T:0.22680    C:0.30928    A:0.20103    G:0.26289
Average         T:0.24227    C:0.24399    A:0.27491    G:0.23883

#60: Phaethon_lepturus
position  1:    T:0.23711    C:0.22165    A:0.30928    G:0.23196
position  2:    T:0.25773    C:0.21134    A:0.31443    G:0.21649
position  3:    T:0.26289    C:0.27320    A:0.22165    G:0.24227
Average         T:0.25258    C:0.23540    A:0.28179    G:0.23024

#61: Opisthocomus_hoazin
position  1:    T:0.22843    C:0.21320    A:0.31980    G:0.23858
position  2:    T:0.26904    C:0.19289    A:0.34518    G:0.19289
position  3:    T:0.25888    C:0.28426    A:0.22335    G:0.23350
Average         T:0.25212    C:0.23012    A:0.29611    G:0.22166

#62: Colius_striatus
position  1:    T:0.24742    C:0.20103    A:0.29381    G:0.25773
position  2:    T:0.28866    C:0.18557    A:0.31959    G:0.20619
position  3:    T:0.29897    C:0.24227    A:0.22165    G:0.23711
Average         T:0.27835    C:0.20962    A:0.27835    G:0.23368

#63: Galbula_dea    
position  1:    T:0.22165    C:0.23196    A:0.32474    G:0.22165
position  2:    T:0.28866    C:0.19588    A:0.31959    G:0.19588
position  3:    T:0.25258    C:0.29897    A:0.21134    G:0.23711
Average         T:0.25430    C:0.24227    A:0.28522    G:0.21821

#64: Chaetura_pelagica
position  1:    T:0.23196    C:0.21134    A:0.31959    G:0.23711
position  2:    T:0.28351    C:0.20103    A:0.32990    G:0.18557
position  3:    T:0.27835    C:0.26804    A:0.23711    G:0.21649
Average         T:0.26460    C:0.22680    A:0.29553    G:0.21306

#65: Columba_livia  
position  1:    T:0.25381    C:0.19289    A:0.35025    G:0.20305
position  2:    T:0.29949    C:0.17766    A:0.34010    G:0.18274
position  3:    T:0.24365    C:0.28934    A:0.22335    G:0.24365
Average         T:0.26565    C:0.21997    A:0.30457    G:0.20981

#66: Atlantisia_rogersi
position  1:    T:0.24742    C:0.23711    A:0.29381    G:0.22165
position  2:    T:0.26804    C:0.20103    A:0.30928    G:0.22165
position  3:    T:0.22165    C:0.36082    A:0.17526    G:0.24227
Average         T:0.24570    C:0.26632    A:0.25945    G:0.22852

#67: Cariama_cristata
position  1:    T:0.24742    C:0.21134    A:0.31443    G:0.22680
position  2:    T:0.27320    C:0.22165    A:0.30928    G:0.19588
position  3:    T:0.28351    C:0.28351    A:0.20619    G:0.22680
Average         T:0.26804    C:0.23883    A:0.27663    G:0.21649

#68: Merops_nubicus 
position  1:    T:0.22165    C:0.24742    A:0.28866    G:0.24227
position  2:    T:0.27320    C:0.21649    A:0.30928    G:0.20103
position  3:    T:0.22680    C:0.30412    A:0.23196    G:0.23711
Average         T:0.24055    C:0.25601    A:0.27663    G:0.22680

#69: Rhynochetos_jubatus
position  1:    T:0.24742    C:0.20619    A:0.34021    G:0.20619
position  2:    T:0.29897    C:0.19072    A:0.30412    G:0.20619
position  3:    T:0.27835    C:0.27320    A:0.22165    G:0.22680
Average         T:0.27491    C:0.22337    A:0.28866    G:0.21306

#70: Calypte_anna   
position  1:    T:0.22165    C:0.24227    A:0.30412    G:0.23196
position  2:    T:0.26804    C:0.19072    A:0.31959    G:0.22165
position  3:    T:0.30412    C:0.26804    A:0.22680    G:0.20103
Average         T:0.26460    C:0.23368    A:0.28351    G:0.21821

#71: Melopsittacus_undulatus
position  1:    T:0.25773    C:0.20619    A:0.33505    G:0.20103
position  2:    T:0.25773    C:0.20619    A:0.31443    G:0.22165
position  3:    T:0.28866    C:0.25773    A:0.21649    G:0.23711
Average         T:0.26804    C:0.22337    A:0.28866    G:0.21993

#72: Nestor_notabilis
position  1:    T:0.24227    C:0.21134    A:0.33505    G:0.21134
position  2:    T:0.26804    C:0.19588    A:0.33505    G:0.20103
position  3:    T:0.26804    C:0.28351    A:0.22165    G:0.22680
Average         T:0.25945    C:0.23024    A:0.29725    G:0.21306

#73: Calidris_pugnax
position  1:    T:0.25521    C:0.20312    A:0.31250    G:0.22917
position  2:    T:0.28646    C:0.20312    A:0.29167    G:0.21875
position  3:    T:0.28646    C:0.27083    A:0.21354    G:0.22917
Average         T:0.27604    C:0.22569    A:0.27257    G:0.22569

#74: Penelope_pileata
position  1:    T:0.24725    C:0.17582    A:0.37363    G:0.20330
position  2:    T:0.29670    C:0.18681    A:0.29670    G:0.21978
position  3:    T:0.28022    C:0.29121    A:0.23626    G:0.19231
Average         T:0.27473    C:0.21795    A:0.30220    G:0.20513

#75: Odontophorus_gujanensis
position  1:    T:0.18182    C:0.45455    A:0.09091    G:0.27273
position  2:    T:0.36364    C:0.27273    A:0.18182    G:0.18182
position  3:    T:0.36364    C:0.18182    A:0.36364    G:0.09091
Average         T:0.30303    C:0.30303    A:0.21212    G:0.18182

Sums of codon usage counts
------------------------------------------------------------------------------
Phe F TTT     177 | Ser S TCT     169 | Tyr Y TAT     218 | Cys C TGT     190
      TTC     440 |       TCC     160 |       TAC     362 |       TGC     257
Leu L TTA      33 |       TCA     189 | *** * TAA       0 | *** * TGA       0
      TTG     335 |       TCG      20 |       TAG       0 | Trp W TGG     495
------------------------------------------------------------------------------
Leu L CTT     191 | Pro P CCT     210 | His H CAT     251 | Arg R CGT     118
      CTC     133 |       CCC     197 |       CAC     155 |       CGC      32
      CTA      74 |       CCA     237 | Gln Q CAA     299 |       CGA      34
      CTG     445 |       CCG      12 |       CAG     138 |       CGG      55
------------------------------------------------------------------------------
Ile I ATT     193 | Thr T ACT     164 | Asn N AAT     438 | Ser S AGT     112
      ATC     375 |       ACC     266 |       AAC     486 |       AGC     130
      ATA     225 |       ACA      78 | Lys K AAA     251 | Arg R AGA     376
Met M ATG     240 |       ACG      13 |       AAG     228 |       AGG     283
------------------------------------------------------------------------------
Val V GTT     133 | Ala A GCT     207 | Asp D GAT     289 | Gly G GGT     168
      GTC     226 |       GCC     117 |       GAC     112 |       GGC      62
      GTA      70 |       GCA     248 | Glu E GAA     415 |       GGA     164
      GTG     165 |       GCG      13 |       GAG     171 |       GGG     135
------------------------------------------------------------------------------

(Ambiguity data are not used in the counts.)


Codon position x base (3x4) table, overall

position  1:    T:0.25002    C:0.21192    A:0.31677    G:0.22128
position  2:    T:0.28369    C:0.18885    A:0.31308    G:0.21439
position  3:    T:0.26505    C:0.28820    A:0.22112    G:0.22563
Average         T:0.26625    C:0.22966    A:0.28366    G:0.22043


Nei & Gojobori 1986. dN/dS (dN, dS)
(Pairwise deletion)
(Note: This matrix is not used in later ML. analysis.
Use runmode = -2 for ML pairwise comparison.)

Tympanuchus_cupido  
Apteryx_rowi         1.2003 (0.2547 0.2122)
Casuarius_casuarius  1.1632 (0.3058 0.2629) 1.4009 (0.1647 0.1176)
Dromaius_novaehollandiae 1.0964 (0.2877 0.2624) 1.3229 (0.1532 0.1158)-1.0000 (0.0408 0.0000)
Rhea_americana      -1.0000 (-1.0000 -1.0000) 0.7509 (0.2417 0.3219) 1.2369 (0.1748 0.1413) 1.3222 (0.1784 0.1349)
Gallus_gallus        0.4346 (0.1145 0.2633) 1.5379 (0.3637 0.2365) 1.8482 (0.4015 0.2173) 1.8076 (0.3861 0.2136) 3.1154 (0.4154 0.1333)
Pavo_muticus         0.5823 (0.1255 0.2156) 2.5143 (0.2079 0.0827) 2.3911 (0.2782 0.1163) 2.2379 (0.2599 0.1161)-1.0000 (-1.0000 -1.0000) 0.7001 (0.1329 0.1898)
Numida_meleagris     0.5504 (0.0990 0.1800) 1.7438 (0.2707 0.1553) 1.8140 (0.3458 0.1906) 1.7173 (0.3267 0.1903)-1.0000 (-1.0000 -1.0000) 0.7000 (0.1247 0.1781) 1.0351 (0.0709 0.0685)
Coturnix_japonica    0.4392 (0.0880 0.2004) 0.9415 (0.2297 0.2440) 1.1509 (0.2904 0.2523) 1.0826 (0.2725 0.2518)-1.0000 (-1.0000 -1.0000) 0.5011 (0.0943 0.1881) 0.4964 (0.0493 0.0992) 0.7410 (0.0817 0.1103)
Bambusicola_thoracicus 0.5361 (0.1013 0.1889) 1.4695 (0.2874 0.1956) 1.6403 (0.3877 0.2364) 1.3863 (0.3270 0.2359)-1.0000 (-1.0000 -1.0000) 0.6356 (0.0786 0.1237) 0.9020 (0.1001 0.1109) 1.0071 (0.0985 0.0978) 0.5982 (0.0684 0.1144)
Lagopus_leucura      0.5163 (0.0404 0.0783) 0.6740 (0.2545 0.3776) 0.7602 (0.3322 0.4370) 0.7164 (0.3123 0.4360)-1.0000 (-1.0000 -1.0000) 0.4529 (0.1263 0.2788) 0.5123 (0.1449 0.2827) 0.4763 (0.1183 0.2484) 0.4051 (0.1107 0.2732) 0.4686 (0.1115 0.2380)
Centrocercus_minimus 2.0438 (0.0260 0.0127) 1.3395 (0.2458 0.1835) 1.4375 (0.3176 0.2210) 1.3568 (0.2992 0.2205)-1.0000 (-1.0000 -1.0000) 0.4460 (0.1182 0.2649) 0.6199 (0.1251 0.2018) 0.6227 (0.1027 0.1649) 0.4957 (0.0917 0.1849) 0.5401 (0.0990 0.1834) 0.6258 (0.0403 0.0644)
Centrocercus_urophasianus 2.0438 (0.0260 0.0127) 1.3395 (0.2458 0.1835) 1.4375 (0.3176 0.2210) 1.3568 (0.2992 0.2205)-1.0000 (-1.0000 -1.0000) 0.4460 (0.1182 0.2649) 0.6199 (0.1251 0.2018) 0.6227 (0.1027 0.1649) 0.4957 (0.0917 0.1849) 0.5401 (0.0990 0.1834) 0.6258 (0.0403 0.0644)-1.0000 (0.0000 0.0000)
Lagopus_muta         0.6476 (0.0440 0.0680) 0.6740 (0.2545 0.3776) 0.7602 (0.3322 0.4370) 0.7164 (0.3123 0.4360)-1.0000 (-1.0000 -1.0000) 0.4535 (0.1287 0.2839) 0.5139 (0.1386 0.2696) 0.4776 (0.1130 0.2365) 0.4067 (0.1057 0.2598) 0.4701 (0.1068 0.2271)-1.0000 (0.0135 0.0000) 0.8030 (0.0439 0.0546) 0.8030 (0.0439 0.0546)
Pavo_cristatus       0.4106 (0.0699 0.1702) 1.4876 (0.2202 0.1480) 2.1889 (0.2791 0.1275) 2.1145 (0.2652 0.1254) 1.0732 (0.3248 0.3026) 0.6005 (0.0809 0.1347)-1.0000 (0.0034 0.0000) 0.9909 (0.0679 0.0685) 0.4644 (0.0461 0.0993) 0.9025 (0.0506 0.0561) 0.3845 (0.0905 0.2355) 0.4755 (0.0736 0.1547) 0.4755 (0.0736 0.1547) 0.3858 (0.0864 0.2241)
Syrmaticus_mikado    0.5367 (0.0802 0.1494) 1.3457 (0.2460 0.1828) 1.4445 (0.3180 0.2201) 1.3634 (0.2995 0.2197)-1.0000 (-1.0000 -1.0000) 0.5450 (0.1185 0.2174) 0.7965 (0.0796 0.1000) 0.8064 (0.1017 0.1261) 0.7391 (0.0946 0.1280) 0.8247 (0.1081 0.1310) 0.4465 (0.0972 0.2178) 0.5740 (0.0819 0.1427) 0.5740 (0.0819 0.1427) 0.4477 (0.0929 0.2074) 0.7663 (0.0766 0.1000)
Chrysolophus_pictus  0.4365 (0.0737 0.1687) 0.9598 (0.2437 0.2539) 1.0536 (0.3147 0.2987) 0.9946 (0.2965 0.2981)-1.0000 (-1.0000 -1.0000) 0.4972 (0.1006 0.2023) 0.6617 (0.1129 0.1706) 0.7645 (0.0967 0.1265) 0.7267 (0.0821 0.1130) 0.7177 (0.0879 0.1225) 0.3897 (0.0849 0.2177) 0.4856 (0.0717 0.1476) 0.4856 (0.0717 0.1476) 0.3911 (0.0814 0.2081) 0.5565 (0.0645 0.1158) 0.6804 (0.0275 0.0405)
Phasianus_colchicus  0.3576 (0.0779 0.2179) 0.7978 (0.2553 0.3200) 0.8927 (0.3309 0.3707) 0.8424 (0.3115 0.3698)-1.0000 (-1.0000 -1.0000) 0.4444 (0.1130 0.2542) 0.5515 (0.1215 0.2203) 0.6038 (0.1054 0.1746) 0.5632 (0.0906 0.1608) 0.5685 (0.0960 0.1689) 0.3667 (0.0934 0.2547) 0.3568 (0.0759 0.2127) 0.3568 (0.0759 0.2127) 0.3682 (0.0895 0.2431) 0.4405 (0.0727 0.1650) 0.5751 (0.0314 0.0545) 0.3959 (0.0256 0.0646)
Malurus_cyaneus_samueli 0.5358 (0.4240 0.7912) 1.0481 (0.3305 0.3153) 1.5148 (0.3907 0.2579) 1.4816 (0.3758 0.2536)-1.0000 (0.3843 0.0000) 0.7373 (0.3913 0.5307) 0.5655 (0.3475 0.6144) 0.6428 (0.3486 0.5423) 0.6365 (0.3435 0.5396) 0.6490 (0.4084 0.6292) 0.5596 (0.4119 0.7361) 0.5089 (0.4026 0.7911) 0.5089 (0.4026 0.7911) 0.5364 (0.4289 0.7995) 0.5845 (0.3044 0.5208) 0.6687 (0.3554 0.5315) 0.6640 (0.4106 0.6184) 0.6124 (0.4194 0.6849)
Zonotrichia_albicollis 0.4796 (0.4087 0.8521) 1.7022 (0.3355 0.1971) 2.0022 (0.3792 0.1894) 2.7083 (0.3811 0.1407) 4.2348 (0.3237 0.0764) 0.6386 (0.4056 0.6351) 0.4669 (0.3347 0.7169) 0.5383 (0.3532 0.6562) 0.4392 (0.3200 0.7286) 0.5195 (0.3994 0.7690) 0.5623 (0.4084 0.7263) 0.5095 (0.4111 0.8068) 0.5095 (0.4111 0.8068) 0.5107 (0.4152 0.8131) 0.4905 (0.3013 0.6141) 0.4974 (0.3340 0.6714) 0.4695 (0.3858 0.8216) 0.4413 (0.3959 0.8971) 1.3088 (0.1522 0.1163)
Anser_cygnoides      0.7786 (0.3047 0.3914) 0.6598 (0.2458 0.3725) 1.0261 (0.2998 0.2922) 1.0495 (0.3013 0.2871) 1.1305 (0.4553 0.4027) 0.8152 (0.2990 0.3667) 0.7017 (0.2295 0.3270) 1.0778 (0.2452 0.2275) 0.7420 (0.2239 0.3017) 0.9037 (0.2828 0.3129) 0.7206 (0.3168 0.4396) 0.7646 (0.2963 0.3875) 0.7646 (0.2963 0.3875) 0.7241 (0.3167 0.4374) 0.8310 (0.1981 0.2384) 0.9120 (0.2520 0.2764) 0.9592 (0.2959 0.3084) 0.8488 (0.3088 0.3638) 0.5176 (0.2738 0.5290) 0.4583 (0.2641 0.5763)
Cuculus_canorus      0.7069 (0.2888 0.4086) 0.6409 (0.2398 0.3741) 1.0220 (0.2878 0.2816) 1.1800 (0.2968 0.2515) 2.0136 (0.2938 0.1459) 1.2176 (0.3655 0.3002) 0.7135 (0.2152 0.3016) 0.8221 (0.2533 0.3082) 0.5200 (0.2490 0.4788) 0.6296 (0.3304 0.5248) 0.3391 (0.3218 0.9489) 0.5504 (0.2725 0.4950) 0.5504 (0.2725 0.4950) 0.3391 (0.3218 0.9489) 0.7049 (0.1830 0.2597) 0.8519 (0.2791 0.3276) 0.6647 (0.2767 0.4162) 0.5146 (0.2566 0.4986) 0.4607 (0.2055 0.4461) 0.6219 (0.2896 0.4656) 0.5158 (0.2097 0.4066)
Chlamydotis_macqueenii 0.7790 (0.3153 0.4047) 0.5744 (0.2025 0.3525) 0.9295 (0.2414 0.2597) 0.8956 (0.2288 0.2555) 2.0241 (0.2439 0.1205) 0.7832 (0.2960 0.3780) 0.5790 (0.2330 0.4025) 0.7701 (0.2471 0.3209) 0.5931 (0.2234 0.3766) 0.7845 (0.2980 0.3799) 0.7624 (0.3045 0.3994) 0.8038 (0.3140 0.3906) 0.8038 (0.3140 0.3906) 0.7189 (0.3195 0.4444) 0.6047 (0.1945 0.3216) 0.6690 (0.2505 0.3744) 0.7312 (0.3019 0.4129) 0.6201 (0.2996 0.4831) 0.8622 (0.2523 0.2926) 0.8784 (0.2585 0.2943) 0.4628 (0.1786 0.3859) 0.6576 (0.1745 0.2654)
Struthio_camelus     0.4560 (0.7693 1.6870) 0.6852 (0.3019 0.4406) 0.7801 (0.2817 0.3611) 0.6710 (0.2417 0.3603) 1.5064 (0.1864 0.1238) 0.6485 (0.6575 1.0139) 0.4683 (0.6880 1.4691) 0.4683 (0.8140 1.7383) 0.5194 (0.7223 1.3907) 0.4178 (0.7523 1.8004)-1.0000 (0.7070 -1.0000) 0.5378 (0.8452 1.5717) 0.5378 (0.8452 1.5717)-1.0000 (0.8319 -1.0000) 0.5898 (0.5824 0.9874) 0.4383 (0.7646 1.7443) 0.4561 (0.7998 1.7534) 0.4383 (0.7646 1.7443) 0.5704 (0.6887 1.2075) 0.5681 (0.6170 1.0861) 0.4702 (0.5831 1.2401) 1.2882 (0.5122 0.3976) 0.5601 (0.4639 0.8283)
Tinamus_guttatus    -1.0000 (0.6141 -1.0000) 0.5046 (0.4238 0.8398) 0.4224 (0.3547 0.8398) 0.3306 (0.2892 0.8749)-1.0000 (-1.0000 -1.0000) 0.4047 (0.7230 1.7866) 0.3249 (0.5553 1.7092) 0.3834 (0.6809 1.7759) 0.1965 (0.6107 3.1081) 0.1936 (0.6351 3.2810) 0.3581 (0.6303 1.7603) 0.2460 (0.6783 2.7572) 0.2460 (0.6783 2.7572)-1.0000 (0.6277 -1.0000) 0.3249 (0.5553 1.7092)-1.0000 (0.6169 -1.0000)-1.0000 (0.6519 -1.0000)-1.0000 (0.6169 -1.0000) 0.3413 (0.7748 2.2703) 0.4691 (0.6633 1.4138) 0.4312 (0.6544 1.5178) 0.9129 (0.7642 0.8371) 0.4195 (0.5670 1.3515) 0.8000 (0.2346 0.2933)
Pterocles_gutturalis 0.8272 (0.4681 0.5658) 1.1665 (0.2092 0.1794) 1.4124 (0.2623 0.1857) 1.3658 (0.2496 0.1828) 2.5219 (0.3039 0.1205) 0.8009 (0.4452 0.5558) 0.6450 (0.3755 0.5823) 0.6985 (0.3864 0.5532) 0.7373 (0.3755 0.5093) 0.7351 (0.4449 0.6052) 0.6858 (0.4563 0.6654) 0.7264 (0.4499 0.6193) 0.7264 (0.4499 0.6193) 0.6583 (0.4575 0.6949) 0.6699 (0.3361 0.5016) 0.7266 (0.3792 0.5218) 0.8337 (0.4241 0.5087) 0.7297 (0.4116 0.5641) 0.7597 (0.4049 0.5331) 0.8293 (0.4027 0.4856) 0.5840 (0.3072 0.5261) 0.5687 (0.2101 0.3695) 0.6981 (0.2664 0.3815) 1.3602 (0.6611 0.4860) 0.7441 (0.7075 0.9509)
Camarhynchus_parvulus 0.4908 (0.4191 0.8538) 1.1185 (0.3325 0.2972) 1.7697 (0.3726 0.2105) 2.3282 (0.3745 0.1609) 1.7529 (0.2809 0.1603) 0.7103 (0.4116 0.5795) 0.5487 (0.3482 0.6345) 0.6276 (0.3748 0.5972) 0.5138 (0.3326 0.6473) 0.5675 (0.4074 0.7179) 0.5331 (0.4076 0.7646) 0.5054 (0.4271 0.8451) 0.5054 (0.4271 0.8451) 0.5068 (0.4317 0.8517) 0.5880 (0.3156 0.5367) 0.6146 (0.3602 0.5861) 0.5681 (0.4118 0.7248) 0.5200 (0.4197 0.8072) 1.2771 (0.1729 0.1354) 1.0015 (0.0943 0.0941) 0.6182 (0.3050 0.4933) 0.6647 (0.2842 0.4275) 0.9641 (0.2899 0.3007) 0.7047 (0.7201 1.0218) 0.3779 (0.7163 1.8957) 0.9240 (0.4372 0.4731)
Geospiza_fortis      0.4931 (0.4194 0.8505) 1.1185 (0.3325 0.2972) 1.7697 (0.3726 0.2105) 2.3282 (0.3745 0.1609) 1.7529 (0.2809 0.1603) 0.7129 (0.4119 0.5778) 0.5509 (0.3484 0.6325) 0.6114 (0.3723 0.6089) 0.5160 (0.3329 0.6451) 0.5699 (0.4077 0.7155) 0.5356 (0.4080 0.7617) 0.5078 (0.4275 0.8418) 0.5078 (0.4275 0.8418) 0.5092 (0.4320 0.8484) 0.5902 (0.3158 0.5351) 0.5982 (0.3577 0.5980) 0.5705 (0.4121 0.7223) 0.5223 (0.4200 0.8042) 1.3005 (0.1758 0.1351) 1.0668 (0.0956 0.0896) 0.6197 (0.3051 0.4924) 0.6647 (0.2842 0.4275) 0.9545 (0.2865 0.3002) 0.7047 (0.7201 1.0218) 0.3779 (0.7163 1.8957) 0.9214 (0.4406 0.4782)-1.0000 (0.0023 0.0000)
Gymnogyps_californianus 0.5059 (0.2853 0.5639) 0.9667 (0.2122 0.2196) 1.1489 (0.2441 0.2125) 1.1050 (0.2309 0.2090) 1.6178 (0.2118 0.1309) 0.7363 (0.2803 0.3807) 0.4291 (0.2071 0.4827) 0.5334 (0.2173 0.4074) 0.4644 (0.1920 0.4134) 0.6485 (0.2700 0.4164) 0.6320 (0.3094 0.4896) 0.5104 (0.2866 0.5614) 0.5104 (0.2866 0.5614) 0.5813 (0.3096 0.5326) 0.4039 (0.1672 0.4140) 0.5956 (0.2354 0.3953) 0.7140 (0.2786 0.3902) 0.5942 (0.2748 0.4624) 0.9105 (0.2112 0.2320) 1.0137 (0.2248 0.2217) 0.4679 (0.1575 0.3366) 0.2153 (0.0981 0.4558) 0.7594 (0.0958 0.1262) 0.6033 (0.4990 0.8271) 0.3783 (0.5969 1.5780) 0.5730 (0.2385 0.4162) 1.0695 (0.2508 0.2345) 1.0853 (0.2541 0.2342)
Cathartes_aura       0.5134 (0.2793 0.5441) 0.6250 (0.1996 0.3194) 1.0921 (0.2303 0.2109) 1.0474 (0.2173 0.2075) 1.6178 (0.2118 0.1309) 0.7060 (0.2738 0.3879) 0.4493 (0.2010 0.4474) 0.5631 (0.2108 0.3743) 0.4889 (0.1856 0.3797) 0.6857 (0.2634 0.3842) 0.5979 (0.2973 0.4973) 0.5183 (0.2806 0.5414) 0.5183 (0.2806 0.5414) 0.5514 (0.2980 0.5404) 0.4437 (0.1613 0.3635) 0.5976 (0.2287 0.3826) 0.7188 (0.2720 0.3784) 0.6455 (0.2773 0.4296) 0.9691 (0.2179 0.2248) 0.9879 (0.2296 0.2324) 0.4906 (0.1627 0.3316) 0.1944 (0.0879 0.4520) 0.7763 (0.0870 0.1121) 0.5400 (0.4990 0.9241) 0.3783 (0.5969 1.5780) 0.5824 (0.2440 0.4189) 1.0650 (0.2497 0.2345) 1.0808 (0.2530 0.2341) 0.3272 (0.0157 0.0480)
Manacus_vitellinus   0.5325 (0.3054 0.5735) 1.1335 (0.2451 0.2163) 1.2659 (0.2648 0.2092) 1.2930 (0.2661 0.2058) 2.6699 (0.3895 0.1459) 0.5397 (0.3021 0.5597) 0.4286 (0.2335 0.5448) 0.4883 (0.2366 0.4846) 0.4045 (0.2201 0.5442) 0.4370 (0.2735 0.6258) 0.6040 (0.3110 0.5150) 0.5369 (0.3066 0.5710) 0.5369 (0.3066 0.5710) 0.5446 (0.3207 0.5889) 0.4300 (0.2016 0.4687) 0.4952 (0.2527 0.5103) 0.5030 (0.2958 0.5881) 0.4771 (0.3013 0.6314) 0.8666 (0.1635 0.1886) 0.8031 (0.1698 0.2114) 0.5175 (0.2086 0.4031) 0.3020 (0.1234 0.4084) 0.7378 (0.1578 0.2138) 0.5062 (0.6014 1.1881) 0.2921 (0.6261 2.1435) 0.6695 (0.3112 0.4648) 0.9054 (0.1952 0.2156) 0.8938 (0.1924 0.2153) 0.6548 (0.1192 0.1820) 0.5998 (0.1187 0.1978)
Acanthisitta_chloris 0.4869 (0.3558 0.7307) 0.6540 (0.3276 0.5009) 0.9384 (0.3545 0.3777) 0.9159 (0.3399 0.3711) 1.9667 (0.2915 0.1482) 0.5474 (0.3228 0.5896) 0.4272 (0.2971 0.6954) 0.4814 (0.2858 0.5938) 0.4392 (0.2782 0.6336) 0.5080 (0.3224 0.6346) 0.5065 (0.3467 0.6844) 0.4890 (0.3569 0.7299) 0.4890 (0.3569 0.7299) 0.4865 (0.3559 0.7315) 0.4561 (0.2473 0.5422) 0.5078 (0.2963 0.5834) 0.5044 (0.3409 0.6757) 0.4915 (0.3492 0.7105) 0.5411 (0.1740 0.3216) 0.6222 (0.1947 0.3129) 0.5658 (0.2393 0.4229) 0.6940 (0.2384 0.3436) 0.7482 (0.1647 0.2201) 0.5870 (0.5567 0.9484) 0.3926 (0.6712 1.7094) 0.6159 (0.3133 0.5086) 0.6306 (0.2086 0.3308) 0.6251 (0.2102 0.3362) 0.6866 (0.1398 0.2036) 0.6788 (0.1421 0.2093) 0.4414 (0.1191 0.2698)
Corvus_moneduloides  0.5683 (0.4484 0.7890) 1.3240 (0.4240 0.3202) 2.2715 (0.4803 0.2114) 2.4199 (0.5033 0.2080) 2.4782 (0.3797 0.1532) 0.7627 (0.4024 0.5276) 0.5777 (0.3607 0.6245) 0.6991 (0.3851 0.5509) 0.6020 (0.3632 0.6034) 0.6665 (0.4198 0.6298) 0.5851 (0.4501 0.7692) 0.5547 (0.4376 0.7890) 0.5547 (0.4376 0.7890) 0.5518 (0.4603 0.8342) 0.6283 (0.3178 0.5058) 0.6617 (0.3843 0.5807) 0.6490 (0.4387 0.6760) 0.6018 (0.4443 0.7383) 0.9100 (0.1495 0.1643) 1.0274 (0.1807 0.1758) 0.5281 (0.2908 0.5508) 0.7172 (0.2972 0.4144) 0.9138 (0.2497 0.2732) 0.7002 (0.7018 1.0023) 0.5629 (0.7453 1.3241) 0.6777 (0.3907 0.5765) 1.0744 (0.1995 0.1857) 1.0924 (0.2025 0.1854) 0.8165 (0.2182 0.2672) 0.9610 (0.2258 0.2350) 0.7495 (0.1667 0.2225) 0.5788 (0.1824 0.3151)
Passer_domesticus    0.5323 (0.4277 0.8035) 0.8215 (0.3839 0.4673) 1.1410 (0.4245 0.3720) 1.3827 (0.4267 0.3086) 2.5373 (0.3827 0.1508) 0.5517 (0.3988 0.7228) 0.4316 (0.3167 0.7337) 0.5621 (0.3694 0.6572) 0.4887 (0.3329 0.6813) 0.4690 (0.3774 0.8047) 0.5550 (0.4116 0.7416) 0.5335 (0.4287 0.8035) 0.5335 (0.4287 0.8035) 0.5367 (0.4292 0.7997) 0.4748 (0.2947 0.6208) 0.5877 (0.3486 0.5931) 0.5336 (0.3979 0.7458) 0.4905 (0.4020 0.8195) 0.8158 (0.1652 0.2025) 0.5619 (0.1028 0.1830) 0.4551 (0.2841 0.6242) 0.7256 (0.3107 0.4282) 0.6442 (0.2708 0.4203) 0.5069 (0.7291 1.4384)-1.0000 (0.7401 -1.0000) 0.5483 (0.4160 0.7586) 0.7069 (0.1292 0.1828) 0.7229 (0.1319 0.1825) 0.6419 (0.2296 0.3577) 0.6844 (0.2328 0.3401) 0.5229 (0.1611 0.3081) 0.5664 (0.2003 0.3537) 0.6266 (0.1666 0.2660)
Erythrura_gouldiae   0.4883 (0.3979 0.8148) 1.2421 (0.3802 0.3061) 2.1222 (0.4297 0.2025) 2.0770 (0.4140 0.1993) 0.8999 (0.2940 0.3267) 0.6427 (0.3745 0.5828) 0.4661 (0.3090 0.6629) 0.5457 (0.3265 0.5984) 0.4572 (0.2967 0.6490) 0.5692 (0.3716 0.6528) 0.5612 (0.3992 0.7112) 0.4762 (0.3881 0.8149) 0.4762 (0.3881 0.8149) 0.5100 (0.4110 0.8058) 0.4809 (0.2715 0.5646) 0.5367 (0.3205 0.5972) 0.5354 (0.3743 0.6990) 0.4828 (0.3762 0.7791) 0.8523 (0.1383 0.1622) 0.6331 (0.0975 0.1540) 0.4736 (0.2573 0.5432) 0.5976 (0.2567 0.4295) 0.5936 (0.2290 0.3857) 0.5542 (0.6829 1.2324) 0.4806 (0.8053 1.6757) 0.6302 (0.3842 0.6096) 0.7955 (0.1254 0.1577) 0.8139 (0.1281 0.1574) 0.5753 (0.1850 0.3216) 0.6214 (0.1882 0.3029) 0.4737 (0.1360 0.2872) 0.4851 (0.1716 0.3537) 0.6773 (0.1386 0.2046) 0.5454 (0.0976 0.1790)
Lonchura_striata_domestica 0.5054 (0.4051 0.8015) 0.9306 (0.3819 0.4104) 1.4528 (0.4318 0.2972) 1.4231 (0.4160 0.2923) 0.5197 (0.2940 0.5657) 0.5266 (0.3863 0.7334) 0.4571 (0.3071 0.6719) 0.5011 (0.3306 0.6598) 0.4545 (0.3108 0.6838) 0.5017 (0.3837 0.7648) 0.5814 (0.4068 0.6996) 0.4929 (0.3951 0.8015) 0.4929 (0.3951 0.8015) 0.5279 (0.4184 0.7925) 0.4210 (0.2743 0.6516) 0.5396 (0.3246 0.6016) 0.5083 (0.3810 0.7496) 0.4673 (0.3848 0.8233) 0.7075 (0.1415 0.1999) 0.5746 (0.0929 0.1618) 0.4370 (0.2533 0.5796) 0.4729 (0.2578 0.5450) 0.6044 (0.2419 0.4003) 0.4338 (0.6866 1.5826) 0.3809 (0.7766 2.0388) 0.7032 (0.4044 0.5750) 0.6678 (0.1233 0.1846) 0.6835 (0.1260 0.1843) 0.5591 (0.1894 0.3388) 0.6025 (0.1927 0.3198) 0.4881 (0.1445 0.2961) 0.4289 (0.1703 0.3972) 0.7205 (0.1508 0.2092) 0.5469 (0.0977 0.1786) 0.3033 (0.0259 0.0854)
Taeniopygia_guttata  0.4552 (0.3910 0.8590) 1.0031 (0.3634 0.3623) 1.6280 (0.4108 0.2524) 1.5930 (0.3955 0.2483) 0.8999 (0.2940 0.3267) 0.5762 (0.3834 0.6654) 0.4350 (0.2997 0.6889) 0.5063 (0.3278 0.6473) 0.4592 (0.3080 0.6708) 0.5069 (0.3807 0.7511) 0.5211 (0.3919 0.7520) 0.4560 (0.3921 0.8597) 0.4560 (0.3921 0.8597) 0.4751 (0.4039 0.8502) 0.4357 (0.2671 0.6131) 0.5456 (0.3217 0.5897) 0.5135 (0.3781 0.7364) 0.4588 (0.3792 0.8264) 0.9217 (0.1429 0.1550) 0.6590 (0.0968 0.1469) 0.4725 (0.2613 0.5530) 0.4953 (0.2438 0.4921) 0.7127 (0.2405 0.3375) 0.4596 (0.6580 1.4317) 0.3307 (0.7680 2.3222) 0.7181 (0.3960 0.5514) 0.8823 (0.1247 0.1414) 0.9028 (0.1274 0.1411) 0.6700 (0.1910 0.2851) 0.7269 (0.1943 0.2673) 0.6117 (0.1433 0.2342) 0.4896 (0.1663 0.3397) 0.8876 (0.1527 0.1720) 0.5000 (0.0965 0.1930) 0.3746 (0.0351 0.0938) 0.2483 (0.0179 0.0722)
Ficedula_albicollis  0.4981 (0.4214 0.8460) 0.9846 (0.3845 0.3905) 1.6831 (0.4562 0.2711) 1.5781 (0.4203 0.2663) 0.7420 (0.3113 0.4195) 0.5998 (0.3955 0.6594) 0.4400 (0.3227 0.7335) 0.6464 (0.3615 0.5593) 0.4829 (0.3206 0.6639) 0.5395 (0.3910 0.7248) 0.5230 (0.4106 0.7851) 0.5292 (0.4238 0.8007) 0.5292 (0.4238 0.8007) 0.5225 (0.4357 0.8339) 0.4638 (0.2886 0.6223) 0.5566 (0.3562 0.6400) 0.6006 (0.4095 0.6818) 0.5358 (0.4192 0.7824) 1.1684 (0.1631 0.1396) 0.9607 (0.1260 0.1311) 0.5987 (0.2888 0.4824) 0.6853 (0.3023 0.4411) 0.7631 (0.2659 0.3485) 0.4478 (0.6741 1.5054) 0.2260 (0.6939 3.0702) 0.5771 (0.3966 0.6873) 1.0936 (0.1497 0.1369) 1.1160 (0.1525 0.1367) 0.7071 (0.2160 0.3055) 0.7721 (0.2178 0.2821) 0.7026 (0.1690 0.2406) 0.5774 (0.1915 0.3316) 0.8309 (0.1521 0.1830) 0.6381 (0.1091 0.1711) 0.7188 (0.1071 0.1490) 0.5027 (0.0995 0.1979) 0.5672 (0.1034 0.1823)
Stachyris_ruficeps   0.4698 (0.4336 0.9230) 1.0330 (0.5009 0.4849) 1.4872 (0.5769 0.3879) 1.4671 (0.5587 0.3808) 0.8677 (0.4970 0.5728) 0.6612 (0.4132 0.6250) 0.4856 (0.3462 0.7129) 0.6132 (0.3777 0.6159) 0.5204 (0.3467 0.6662) 0.5456 (0.4091 0.7497) 0.4787 (0.4250 0.8877) 0.4770 (0.4360 0.9141) 0.4770 (0.4360 0.9141) 0.4776 (0.4362 0.9133) 0.4893 (0.3047 0.6227) 0.5742 (0.3716 0.6471) 0.5497 (0.4222 0.7680) 0.5579 (0.4322 0.7747) 1.0619 (0.1820 0.1714) 0.7147 (0.1273 0.1780) 0.6157 (0.2964 0.4814) 0.5679 (0.3228 0.5684) 0.8031 (0.2812 0.3501) 0.4382 (0.7996 1.8247)-1.0000 (0.8064 -1.0000) 0.6335 (0.4368 0.6895) 1.0667 (0.1777 0.1666) 1.0859 (0.1806 0.1664) 0.7591 (0.2285 0.3011) 0.8353 (0.2332 0.2791) 0.6615 (0.1743 0.2635) 0.5831 (0.1958 0.3357) 1.0538 (0.1851 0.1756) 0.6739 (0.1454 0.2157) 0.6162 (0.1175 0.1907) 0.4977 (0.1099 0.2207) 0.5844 (0.1138 0.1947) 0.5715 (0.1127 0.1972)
Serinus_canaria      0.4917 (0.4019 0.8174) 0.8305 (0.3368 0.4056) 1.1815 (0.3724 0.3152) 1.4575 (0.3743 0.2568) 1.8721 (0.2868 0.1532) 0.6222 (0.3789 0.6090) 0.5284 (0.3224 0.6102) 0.6247 (0.3619 0.5794) 0.5658 (0.3291 0.5816) 0.5245 (0.3793 0.7232) 0.5559 (0.3977 0.7154) 0.4932 (0.3988 0.8087) 0.4932 (0.3988 0.8087) 0.5107 (0.4102 0.8032) 0.5592 (0.2933 0.5246) 0.5943 (0.3407 0.5733) 0.6025 (0.3846 0.6383) 0.5463 (0.3911 0.7159) 1.0321 (0.1508 0.1461) 0.6649 (0.0793 0.1192) 0.4647 (0.2558 0.5505) 0.4353 (0.2452 0.5634) 0.7350 (0.2548 0.3466) 0.4455 (0.6033 1.3542)-1.0000 (0.7363 -1.0000) 0.7268 (0.4146 0.5704) 1.0066 (0.1123 0.1116) 1.0320 (0.1150 0.1114) 0.8094 (0.2119 0.2617) 0.9199 (0.2175 0.2365) 0.7124 (0.1575 0.2211) 0.5790 (0.1871 0.3232) 0.9009 (0.1765 0.1959) 0.5893 (0.1142 0.1938) 0.6504 (0.0975 0.1499) 0.5745 (0.0905 0.1575) 0.8148 (0.0943 0.1157) 0.7739 (0.1208 0.1560) 0.6841 (0.1343 0.1963)
Alectura_lathami     0.6416 (0.2628 0.4095) 0.9536 (0.2364 0.2479) 1.0891 (0.2800 0.2571) 1.0549 (0.2666 0.2528) 0.8978 (0.2938 0.3272) 0.6474 (0.2592 0.4004) 0.6498 (0.2187 0.3365) 0.7573 (0.2128 0.2809) 0.6735 (0.1922 0.2853) 0.6423 (0.2438 0.3795) 0.6138 (0.2708 0.4412) 0.6281 (0.2549 0.4058) 0.6281 (0.2549 0.4058) 0.6095 (0.2818 0.4623) 0.5611 (0.1669 0.2974) 0.6933 (0.2188 0.3156) 0.7108 (0.2658 0.3739) 0.6369 (0.2709 0.4253) 0.4939 (0.2126 0.4304) 0.5397 (0.2176 0.4032) 0.5940 (0.1795 0.3021) 0.4394 (0.1707 0.3886) 0.5383 (0.1766 0.3281) 0.4130 (0.5945 1.4395)-1.0000 (0.5994 -1.0000) 0.6510 (0.3173 0.4875) 0.5996 (0.2490 0.4153) 0.6009 (0.2491 0.4145) 0.5199 (0.1543 0.2969) 0.5524 (0.1582 0.2863) 0.5001 (0.1699 0.3397) 0.4583 (0.1972 0.4303) 0.5571 (0.2452 0.4402) 0.4755 (0.2348 0.4938) 0.4467 (0.2156 0.4827) 0.4502 (0.2060 0.4575) 0.5063 (0.2135 0.4216) 0.4815 (0.2365 0.4912) 0.5070 (0.2435 0.4802) 0.5110 (0.2246 0.4395)
Anas_platyrhynchos   0.7217 (0.3327 0.4609) 0.5935 (0.2681 0.4517) 0.7220 (0.2873 0.3979) 0.7031 (0.2962 0.4213) 0.5314 (0.4191 0.7886) 0.6931 (0.3252 0.4692) 0.6261 (0.2451 0.3915) 0.9210 (0.2699 0.2931) 0.6622 (0.2480 0.3745) 0.7441 (0.2948 0.3961) 0.6583 (0.3414 0.5186) 0.7076 (0.3238 0.4576) 0.7076 (0.3238 0.4576) 0.6636 (0.3403 0.5128) 0.6389 (0.2095 0.3279) 0.8276 (0.2874 0.3473) 0.8376 (0.3272 0.3906) 0.7329 (0.3349 0.4570) 0.4957 (0.2507 0.5056) 0.4429 (0.2486 0.5613) 0.6477 (0.0688 0.1061) 0.3886 (0.2170 0.5584) 0.4289 (0.1643 0.3831) 0.3166 (0.5390 1.7025) 0.4037 (0.5822 1.4421) 0.5613 (0.3277 0.5839) 0.6032 (0.2983 0.4945) 0.6047 (0.2984 0.4936) 0.4039 (0.1413 0.3499) 0.4148 (0.1451 0.3498) 0.4672 (0.1965 0.4206) 0.5557 (0.2211 0.3978) 0.4929 (0.2559 0.5192) 0.4992 (0.2826 0.5660) 0.4456 (0.2422 0.5436) 0.4026 (0.2347 0.5830) 0.4237 (0.2426 0.5725) 0.5484 (0.2524 0.4603) 0.5782 (0.2869 0.4962) 0.4069 (0.2314 0.5686) 0.4780 (0.1777 0.3716)
Aythya_fuligula      0.7686 (0.3377 0.4394) 0.6871 (0.2681 0.3902) 0.8486 (0.2873 0.3385) 0.8205 (0.2962 0.3610) 0.8348 (0.4191 0.5020) 0.7687 (0.3300 0.4293) 0.6394 (0.2399 0.3752) 0.9803 (0.2699 0.2754) 0.6995 (0.2480 0.3546) 0.7955 (0.2996 0.3766) 0.7021 (0.3468 0.4940) 0.7542 (0.3288 0.4359) 0.7542 (0.3288 0.4359) 0.7061 (0.3455 0.4893) 0.7150 (0.2095 0.2930) 0.8765 (0.2874 0.3280) 0.8942 (0.3321 0.3714) 0.7798 (0.3400 0.4360) 0.4584 (0.2537 0.5535) 0.4103 (0.2517 0.6135) 0.6252 (0.0664 0.1061) 0.4432 (0.2170 0.4896) 0.4068 (0.1673 0.4113) 0.3697 (0.5390 1.4578) 0.3208 (0.5822 1.8146) 0.5099 (0.3317 0.6505) 0.5454 (0.2950 0.5408) 0.5467 (0.2951 0.5398) 0.3943 (0.1454 0.3687) 0.4047 (0.1492 0.3686) 0.4315 (0.1936 0.4487) 0.4952 (0.2241 0.4525) 0.4563 (0.2590 0.5677) 0.4793 (0.2793 0.5828) 0.4135 (0.2453 0.5932) 0.3743 (0.2378 0.6353) 0.3937 (0.2456 0.6240) 0.5381 (0.2555 0.4749) 0.5505 (0.2902 0.5271) 0.4004 (0.2344 0.5853) 0.4856 (0.1805 0.3716) 0.1392 (0.0066 0.0473)
Apaloderma_vittatum  0.4906 (0.3156 0.6433) 0.7573 (0.2441 0.3222) 0.9205 (0.2928 0.3181) 0.9902 (0.3094 0.3125) 1.3128 (0.2032 0.1548) 0.6596 (0.3141 0.4762) 0.4223 (0.2598 0.6152) 0.5158 (0.2735 0.5302) 0.4569 (0.2468 0.5401) 0.5968 (0.2998 0.5024) 0.5161 (0.3326 0.6444) 0.4137 (0.3057 0.7390) 0.4137 (0.3057 0.7390) 0.4898 (0.3372 0.6885) 0.4076 (0.2179 0.5346) 0.5555 (0.2886 0.5195) 0.6160 (0.3179 0.5161) 0.5570 (0.3163 0.5679) 0.8153 (0.2576 0.3160) 0.7143 (0.2463 0.3448) 0.5604 (0.2192 0.3912) 0.5642 (0.1926 0.3414) 0.6416 (0.1454 0.2267) 0.5978 (0.5754 0.9626) 0.4112 (0.6535 1.5893) 0.7079 (0.3060 0.4323) 0.7669 (0.2829 0.3689) 0.7864 (0.2847 0.3620) 1.0029 (0.1224 0.1220) 0.8368 (0.1219 0.1456) 0.7157 (0.1698 0.2372) 0.5871 (0.1819 0.3098) 0.6713 (0.2376 0.3540) 0.6155 (0.2757 0.4480) 0.5307 (0.2293 0.4321) 0.5535 (0.2386 0.4310) 0.5968 (0.2327 0.3899) 0.6428 (0.2521 0.3921) 0.6566 (0.2572 0.3917) 0.6408 (0.2531 0.3949) 0.5521 (0.2088 0.3781) 0.4571 (0.1886 0.4125) 0.4484 (0.1972 0.4399)
Aptenodytes_forsteri 0.6093 (0.2722 0.4468) 0.9730 (0.1640 0.1686) 1.8034 (0.2046 0.1135) 1.7221 (0.1925 0.1118) 2.5219 (0.3039 0.1205) 0.8195 (0.2692 0.3284) 0.5007 (0.1910 0.3814) 0.6396 (0.2000 0.3127) 0.5166 (0.1839 0.3560) 0.7117 (0.2566 0.3606) 0.6677 (0.2950 0.4418) 0.6168 (0.2735 0.4434) 0.6168 (0.2735 0.4434) 0.6117 (0.2957 0.4834) 0.4925 (0.1504 0.3053) 0.6406 (0.2172 0.3391) 0.6747 (0.2652 0.3931) 0.6577 (0.2726 0.4145) 0.9408 (0.2125 0.2259) 0.8946 (0.2136 0.2388) 0.4539 (0.1337 0.2946) 0.6157 (0.1391 0.2260) 0.6839 (0.0733 0.1071) 0.4937 (0.4604 0.9326) 0.4919 (0.6030 1.2256) 0.6664 (0.2425 0.3639) 0.9527 (0.2343 0.2459) 0.9672 (0.2374 0.2455) 0.5749 (0.0588 0.1022) 0.6868 (0.0555 0.0808) 0.8061 (0.1246 0.1545) 0.5886 (0.1265 0.2150) 0.9139 (0.2192 0.2398) 0.6164 (0.2198 0.3566) 0.5872 (0.1837 0.3129) 0.5533 (0.1824 0.3297) 0.6452 (0.1826 0.2830) 0.7747 (0.2184 0.2819) 0.8196 (0.2278 0.2779) 0.7252 (0.2034 0.2804) 0.5460 (0.1380 0.2528) 0.4249 (0.1274 0.2999) 0.4027 (0.1300 0.3229) 0.9387 (0.1252 0.1334)
Callipepla_squamata -1.0000 (-1.0000 -1.0000) 0.6895 (0.2363 0.3428) 0.7099 (0.2381 0.3354) 0.7674 (0.2432 0.3169) 2.4102 (0.3259 0.1352)-1.0000 (0.0540 0.0000)-1.0000 (-1.0000 -1.0000)-1.0000 (-1.0000 -1.0000)-1.0000 (-1.0000 -1.0000)-1.0000 (-1.0000 -1.0000)-1.0000 (-1.0000 -1.0000)-1.0000 (-1.0000 -1.0000)-1.0000 (-1.0000 -1.0000)-1.0000 (-1.0000 -1.0000)-1.0000 (0.0000 0.1433)-1.0000 (-1.0000 -1.0000)-1.0000 (-1.0000 -1.0000)-1.0000 (-1.0000 -1.0000) 0.4177 (0.0626 0.1500) 0.9215 (0.2383 0.2586) 0.5162 (0.1970 0.3817)-1.0000 (0.0000 0.3277) 0.1698 (0.0538 0.3169) 0.7384 (0.2406 0.3259)-1.0000 (-1.0000 -1.0000) 0.3527 (0.1118 0.3169) 0.5463 (0.1999 0.3660) 0.5463 (0.1999 0.3660) 0.1885 (0.0629 0.3337) 0.1885 (0.0629 0.3337) 0.4043 (0.1325 0.3277) 0.3942 (0.1316 0.3337) 0.3736 (0.1296 0.3470) 0.6029 (0.2054 0.3407) 0.2339 (0.1326 0.5668) 0.1440 (0.1326 0.9209) 0.2339 (0.1326 0.5668) 0.1120 (0.0892 0.7967) 0.2300 (0.1320 0.5741) 0.3736 (0.1296 0.3470)-1.0000 (0.0000 0.5679) 0.3035 (0.1993 0.6566) 0.5395 (0.1993 0.3694) 0.5778 (0.2030 0.3513) 0.1698 (0.0538 0.3169)
Fulmarus_glacialis   0.6953 (0.2927 0.4209) 1.1411 (0.2187 0.1916) 1.3231 (0.2373 0.1793) 1.2734 (0.2248 0.1765) 1.0877 (0.2992 0.2751) 0.8052 (0.2952 0.3667) 0.5191 (0.2113 0.4071) 0.6590 (0.2216 0.3363) 0.5176 (0.2030 0.3922) 0.7233 (0.2786 0.3852) 0.6748 (0.3038 0.4502) 0.6814 (0.2844 0.4173) 0.6814 (0.2844 0.4173) 0.6498 (0.3193 0.4914) 0.5410 (0.1778 0.3286) 0.6959 (0.2396 0.3443) 0.7195 (0.2871 0.3990) 0.6371 (0.2949 0.4628) 0.8382 (0.2338 0.2790) 0.8004 (0.2395 0.2993) 0.5315 (0.1651 0.3107) 0.5973 (0.1779 0.2978) 0.7527 (0.1004 0.1334) 0.5290 (0.5216 0.9861) 0.5206 (0.5687 1.0923) 0.6473 (0.2488 0.3844) 0.9242 (0.2613 0.2827) 0.9374 (0.2646 0.2822) 0.6264 (0.0877 0.1401) 0.7203 (0.0846 0.1174) 0.6906 (0.1464 0.2120) 0.6032 (0.1540 0.2553) 0.8679 (0.2418 0.2786) 0.5540 (0.2413 0.4357) 0.5613 (0.2059 0.3668) 0.5465 (0.2104 0.3849) 0.6732 (0.2209 0.3280) 0.6798 (0.2355 0.3465) 0.8007 (0.2635 0.3291) 0.7001 (0.2320 0.3315) 0.4810 (0.1563 0.3249) 0.4714 (0.1519 0.3222) 0.4464 (0.1546 0.3463) 0.8686 (0.1676 0.1930) 0.8858 (0.0636 0.0718) 0.5157 (0.1716 0.3327)
Gavia_stellata       0.6161 (0.3056 0.4960) 0.8700 (0.2062 0.2371) 1.6082 (0.2225 0.1383) 1.3735 (0.2168 0.1579) 2.0241 (0.2439 0.1205) 0.7333 (0.3058 0.4171) 0.5058 (0.2255 0.4458) 0.6486 (0.2413 0.3720) 0.5067 (0.2247 0.4433) 0.6517 (0.2891 0.4437) 0.6160 (0.3126 0.5075) 0.6224 (0.3068 0.4930) 0.6224 (0.3068 0.4930) 0.5967 (0.3280 0.5497) 0.5018 (0.1855 0.3697) 0.7214 (0.2528 0.3504) 0.6704 (0.2999 0.4473) 0.6334 (0.3055 0.4822) 0.7909 (0.2194 0.2774) 0.7021 (0.2252 0.3208) 0.4510 (0.1515 0.3359) 0.5831 (0.1376 0.2360) 0.5474 (0.0970 0.1772) 0.5670 (0.5041 0.8891) 0.4199 (0.6340 1.5100) 0.6170 (0.2566 0.4159) 0.8123 (0.2509 0.3089) 0.8242 (0.2542 0.3084) 0.3775 (0.0723 0.1916) 0.4327 (0.0703 0.1625) 0.5174 (0.1311 0.2534) 0.5441 (0.1531 0.2814) 0.6832 (0.2367 0.3464) 0.5315 (0.2365 0.4450) 0.5236 (0.1957 0.3739) 0.4484 (0.2002 0.4465) 0.4976 (0.1946 0.3910) 0.6698 (0.2214 0.3306) 0.6718 (0.2408 0.3585) 0.5605 (0.2183 0.3895) 0.4451 (0.1543 0.3467) 0.3538 (0.1411 0.3988) 0.3378 (0.1437 0.4256) 0.5875 (0.1304 0.2220) 0.4811 (0.0576 0.1197) 0.1698 (0.0538 0.3169) 0.5763 (0.0860 0.1492)
Mesitornis_unicolor  0.5065 (0.2762 0.5454) 0.9196 (0.2186 0.2377) 1.3531 (0.2380 0.1759) 1.3031 (0.2255 0.1731) 2.5219 (0.3039 0.1205) 0.6521 (0.2868 0.4399) 0.4156 (0.2124 0.5112) 0.4968 (0.2079 0.4185) 0.4889 (0.2028 0.4149) 0.5574 (0.2706 0.4854) 0.4719 (0.2910 0.6166) 0.4560 (0.2790 0.6119) 0.4560 (0.2790 0.6119) 0.4409 (0.2919 0.6620) 0.4130 (0.1715 0.4154) 0.5252 (0.2254 0.4292) 0.5573 (0.2790 0.5006) 0.5359 (0.2819 0.5261) 0.6470 (0.2233 0.3451) 0.6630 (0.2175 0.3280) 0.4533 (0.1906 0.4205) 0.8869 (0.1704 0.1922) 0.8352 (0.1194 0.1430) 0.8673 (0.5013 0.5780) 0.3844 (0.5751 1.4959) 0.6388 (0.3120 0.4885) 0.7322 (0.2444 0.3338) 0.7245 (0.2414 0.3332) 0.6357 (0.0969 0.1525) 0.6736 (0.0901 0.1337) 0.5226 (0.1296 0.2481) 0.5795 (0.1503 0.2594) 0.6631 (0.2216 0.3341) 0.5444 (0.2402 0.4413) 0.4757 (0.2019 0.4244) 0.4480 (0.2020 0.4510) 0.5312 (0.2065 0.3888) 0.6342 (0.2268 0.3577) 0.6487 (0.2408 0.3711) 0.5442 (0.2102 0.3862) 0.4388 (0.1590 0.3622) 0.3791 (0.1672 0.4412) 0.3853 (0.1700 0.4412) 0.8194 (0.1530 0.1867) 0.6107 (0.0856 0.1402) 0.3304 (0.1099 0.3327) 0.6437 (0.1171 0.1820) 0.5056 (0.1055 0.2086)
Phoenicopterus_ruber 0.6232 (0.2775 0.4453) 1.5381 (0.2371 0.1542) 2.7086 (0.2590 0.0956) 2.6103 (0.2459 0.0942) 1.9667 (0.2915 0.1482) 0.8822 (0.2868 0.3251) 0.5704 (0.2138 0.3749) 0.7426 (0.2285 0.3077) 0.6016 (0.2053 0.3413) 0.7517 (0.2672 0.3555) 0.7216 (0.2933 0.4065) 0.6520 (0.2846 0.4366) 0.6520 (0.2846 0.4366) 0.6565 (0.2941 0.4479) 0.6131 (0.1798 0.2933) 0.7104 (0.2373 0.3341) 0.7259 (0.2806 0.3866) 0.6422 (0.2883 0.4489) 0.9134 (0.2408 0.2637) 0.8937 (0.2249 0.2516) 0.6634 (0.1871 0.2820) 1.0784 (0.2246 0.2083) 0.8032 (0.1099 0.1369) 0.6136 (0.5478 0.8927) 0.6385 (0.6824 1.0688) 0.6115 (0.2665 0.4358) 0.9065 (0.2409 0.2657) 0.8966 (0.2379 0.2653) 0.9159 (0.1059 0.1157) 0.9213 (0.1027 0.1115) 0.7582 (0.1459 0.1925) 0.7330 (0.1603 0.2188) 0.8699 (0.2395 0.2753) 0.6077 (0.2383 0.3921) 0.6006 (0.2073 0.3452) 0.6089 (0.2208 0.3626) 0.6830 (0.2106 0.3083) 0.7281 (0.2327 0.3195) 0.7948 (0.2441 0.3072) 0.7848 (0.2274 0.2898) 0.5238 (0.1545 0.2949) 0.5128 (0.1715 0.3345) 0.5212 (0.1743 0.3345) 0.9687 (0.1507 0.1556) 1.0873 (0.0773 0.0711) 0.3942 (0.1316 0.3337) 1.0008 (0.1109 0.1108) 0.7634 (0.1057 0.1384) 0.6949 (0.1122 0.1614)
Podilymbus_podiceps  0.5939 (0.3062 0.5156) 1.1939 (0.2370 0.1985) 2.1611 (0.2518 0.1165) 2.3305 (0.2674 0.1147) 1.3989 (0.2073 0.1482) 0.8426 (0.3374 0.4005) 0.5815 (0.2471 0.4250) 0.6381 (0.2401 0.3763) 0.5923 (0.2412 0.4073) 0.7712 (0.3235 0.4195) 0.6238 (0.3174 0.5088) 0.6283 (0.3147 0.5008) 0.6283 (0.3147 0.5008) 0.5855 (0.3225 0.5508) 0.6162 (0.2045 0.3319) 0.6630 (0.2580 0.3891) 0.7080 (0.3219 0.4547) 0.6458 (0.3362 0.5205) 0.9663 (0.2393 0.2476) 1.0776 (0.2489 0.2310) 0.5809 (0.1845 0.3176) 1.0863 (0.1599 0.1472) 0.8585 (0.1245 0.1450) 0.7746 (0.6113 0.7892) 0.6966 (0.6961 0.9993) 0.6327 (0.2808 0.4438) 1.0626 (0.2646 0.2490) 1.0484 (0.2663 0.2540) 0.9845 (0.1118 0.1135) 1.1880 (0.1086 0.0914) 0.7787 (0.1612 0.2071) 0.9117 (0.1760 0.1930) 1.0816 (0.2492 0.2303) 0.7184 (0.2451 0.3412) 0.8236 (0.2282 0.2770) 0.7355 (0.2328 0.3165) 0.8291 (0.2285 0.2756) 0.9022 (0.2527 0.2801) 0.9239 (0.2533 0.2742) 0.8673 (0.2449 0.2823) 0.6400 (0.1645 0.2570) 0.4814 (0.1649 0.3426) 0.4261 (0.1677 0.3936) 0.8480 (0.1666 0.1965) 1.2305 (0.0892 0.0725) 0.1885 (0.0629 0.3337) 1.3009 (0.1297 0.0997) 0.6669 (0.1038 0.1556) 0.8776 (0.1433 0.1633) 0.8154 (0.0869 0.1065)
Aquila_chrysaetos_chrysaetos 0.6618 (0.2817 0.4256) 0.5897 (0.1822 0.3090) 0.9419 (0.2381 0.2528) 0.7982 (0.2184 0.2736) 0.6303 (0.2081 0.3301) 0.7598 (0.2764 0.3638) 0.5555 (0.2029 0.3653) 0.7257 (0.2202 0.3035) 0.5948 (0.1916 0.3222) 0.7376 (0.2589 0.3510) 0.7012 (0.2949 0.4205) 0.6703 (0.2829 0.4221) 0.6703 (0.2829 0.4221) 0.6400 (0.2956 0.4619) 0.4683 (0.1599 0.3415) 0.6668 (0.2196 0.3293) 0.7219 (0.2698 0.3737) 0.6381 (0.2773 0.4345) 1.0042 (0.2319 0.2309) 0.7943 (0.2230 0.2808) 0.4692 (0.1573 0.3353) 0.3263 (0.1330 0.4075) 0.5896 (0.0933 0.1582) 0.4319 (0.5484 1.2696) 0.5671 (0.6688 1.1793) 0.5428 (0.2426 0.4469) 0.8176 (0.2395 0.2929) 0.8300 (0.2427 0.2924) 0.5942 (0.0717 0.1207) 0.5885 (0.0635 0.1079) 0.8239 (0.1431 0.1736) 0.5834 (0.1465 0.2511) 0.8599 (0.2411 0.2804) 0.5605 (0.2308 0.4119) 0.5710 (0.1902 0.3331) 0.5113 (0.1917 0.3750) 0.6050 (0.1933 0.3196) 0.6913 (0.2207 0.3193) 0.7410 (0.2331 0.3146) 0.6814 (0.2127 0.3122) 0.5112 (0.1515 0.2964) 0.3955 (0.1452 0.3670) 0.4029 (0.1479 0.3670) 0.7817 (0.1371 0.1754) 0.7238 (0.0577 0.0798) 0.1099 (0.0631 0.5741) 0.8357 (0.0968 0.1158) 0.4857 (0.0744 0.1531) 0.5683 (0.1022 0.1799) 0.9620 (0.0885 0.0920) 0.8783 (0.1018 0.1159)
Egretta_garzetta     0.4896 (0.2765 0.5648) 0.6069 (0.2111 0.3479) 0.8715 (0.2664 0.3057) 0.7517 (0.2461 0.3273) 0.4236 (0.3410 0.8051) 0.5523 (0.2703 0.4894) 0.4557 (0.2001 0.4392) 0.5610 (0.2086 0.3719) 0.4583 (0.1924 0.4199) 0.5648 (0.2580 0.4568) 0.4918 (0.2793 0.5679) 0.4939 (0.2777 0.5623) 0.4939 (0.2777 0.5623) 0.4585 (0.2806 0.6119) 0.3942 (0.1593 0.4041) 0.5514 (0.2215 0.4018) 0.5636 (0.2694 0.4779) 0.5047 (0.2768 0.5485) 0.7362 (0.2166 0.2942) 0.8015 (0.2272 0.2835) 0.5006 (0.1543 0.3083) 0.6196 (0.1760 0.2840) 0.4526 (0.0761 0.1682) 0.4652 (0.5234 1.1251) 0.4871 (0.6020 1.2361) 0.5032 (0.2317 0.4605) 0.9285 (0.2486 0.2677) 0.9423 (0.2518 0.2673) 0.4023 (0.0578 0.1438) 0.5083 (0.0570 0.1121) 0.5804 (0.1252 0.2157) 0.5622 (0.1365 0.2427) 0.8711 (0.2271 0.2607) 0.5802 (0.2260 0.3896) 0.5805 (0.1883 0.3244) 0.5848 (0.1927 0.3295) 0.6744 (0.1943 0.2881) 0.6742 (0.2192 0.3252) 0.9125 (0.2283 0.2501) 0.7141 (0.2168 0.3036) 0.4337 (0.1374 0.3168) 0.4504 (0.1492 0.3313) 0.4275 (0.1519 0.3553) 0.7004 (0.1339 0.1911) 0.4517 (0.0476 0.1053) 0.0518 (0.0604 1.1665) 0.5674 (0.0759 0.1337) 0.3643 (0.0662 0.1817) 0.5417 (0.0997 0.1840) 0.5572 (0.0814 0.1461) 0.8309 (0.0897 0.1079) 0.3574 (0.0508 0.1422)
Eurypyga_helias      0.6272 (0.2784 0.4438) 0.8207 (0.1803 0.2197) 1.8446 (0.2217 0.1202) 1.4468 (0.2025 0.1400) 1.9667 (0.2915 0.1482) 0.7688 (0.2912 0.3788) 0.5071 (0.2040 0.4024) 0.6534 (0.2146 0.3284) 0.5310 (0.1983 0.3735) 0.6982 (0.2694 0.3859) 0.6534 (0.3015 0.4614) 0.6349 (0.2796 0.4403) 0.6349 (0.2796 0.4403) 0.6182 (0.3045 0.4925) 0.5017 (0.1611 0.3212) 0.6263 (0.2230 0.3560) 0.6726 (0.2756 0.4098) 0.5959 (0.2832 0.4752) 0.9561 (0.2271 0.2375) 0.8878 (0.2178 0.2454) 0.5340 (0.1530 0.2866) 0.9760 (0.1478 0.1514) 0.8879 (0.0982 0.1106) 0.4575 (0.4851 1.0604) 0.3316 (0.5429 1.6375) 0.7150 (0.2610 0.3650) 0.9490 (0.2294 0.2417) 0.9636 (0.2326 0.2413) 0.7357 (0.0837 0.1138) 0.8786 (0.0805 0.0916) 0.7587 (0.1344 0.1771) 0.7677 (0.1525 0.1986) 0.9224 (0.2289 0.2482) 0.6588 (0.2330 0.3537) 0.5761 (0.1851 0.3213) 0.5669 (0.1942 0.3426) 0.6685 (0.1929 0.2886) 0.7589 (0.2287 0.3013) 0.8241 (0.2305 0.2797) 0.7283 (0.2125 0.2918) 0.6213 (0.1534 0.2469) 0.4541 (0.1437 0.3164) 0.4139 (0.1410 0.3407) 0.8118 (0.1346 0.1658) 0.9760 (0.0586 0.0601) 0.1885 (0.0629 0.3337) 1.1224 (0.0876 0.0780) 0.7277 (0.0862 0.1185) 0.6161 (0.0979 0.1589) 1.1400 (0.1019 0.0894) 1.2500 (0.1140 0.0912) 0.6703 (0.0719 0.1073) 0.5634 (0.0686 0.1218)
Caprimulgus_europaeus 0.4904 (0.2905 0.5923) 0.7804 (0.2177 0.2789) 1.1388 (0.2508 0.2203) 1.0959 (0.2373 0.2165) 0.9809 (0.4380 0.4466) 0.6646 (0.2823 0.4248) 0.4775 (0.2181 0.4566) 0.5437 (0.2197 0.4040) 0.4471 (0.2033 0.4548) 0.5677 (0.2717 0.4787) 0.5095 (0.3006 0.5901) 0.4943 (0.2917 0.5901) 0.4943 (0.2917 0.5901) 0.4841 (0.3063 0.6327) 0.4609 (0.1851 0.4016) 0.5342 (0.2329 0.4360) 0.5638 (0.2829 0.5018) 0.5259 (0.2904 0.5522) 0.6612 (0.2054 0.3107) 0.6575 (0.2129 0.3238) 0.4811 (0.1672 0.3475) 0.6269 (0.1558 0.2485) 0.6469 (0.1108 0.1714) 0.6252 (0.5920 0.9470) 0.6980 (0.6284 0.9003) 0.5509 (0.2504 0.4545) 0.7010 (0.2353 0.3357) 0.7118 (0.2385 0.3351) 0.5522 (0.0930 0.1685) 0.5795 (0.0932 0.1608) 0.6838 (0.1418 0.2073) 0.4653 (0.1345 0.2890) 0.7147 (0.2286 0.3199) 0.5103 (0.2277 0.4462) 0.4389 (0.1852 0.4220) 0.4501 (0.1925 0.4277) 0.5183 (0.1970 0.3801) 0.6114 (0.2221 0.3633) 0.6436 (0.2275 0.3534) 0.5495 (0.2110 0.3840) 0.4373 (0.1530 0.3499) 0.4441 (0.1594 0.3589) 0.4518 (0.1622 0.3589) 0.6353 (0.1386 0.2181) 0.5915 (0.0767 0.1297) 0.4043 (0.1855 0.4587) 0.6757 (0.1015 0.1503) 0.4052 (0.0938 0.2315) 0.8296 (0.1229 0.1482) 0.7198 (0.1145 0.1590) 0.7958 (0.1216 0.1528) 0.5016 (0.0873 0.1741) 0.5489 (0.0749 0.1364) 0.6675 (0.0850 0.1274)
Charadrius_vociferus 0.6469 (0.3200 0.4947) 0.6545 (0.2852 0.4358) 0.8180 (0.2516 0.3076) 0.7894 (0.2600 0.3293) 1.0595 (0.3756 0.3545) 0.7889 (0.3249 0.4118) 0.4600 (0.2435 0.5294) 0.5769 (0.2606 0.4518) 0.4852 (0.2343 0.4829) 0.5619 (0.2917 0.5191) 0.6710 (0.3385 0.5045) 0.6334 (0.3224 0.5090) 0.6334 (0.3224 0.5090) 0.6081 (0.3366 0.5536) 0.4899 (0.2061 0.4207) 0.7049 (0.2655 0.3766) 0.6915 (0.3126 0.4520) 0.6144 (0.3206 0.5219) 0.8964 (0.2635 0.2940) 0.8752 (0.2447 0.2796) 0.4969 (0.1738 0.3498) 0.5712 (0.2268 0.3970) 0.7963 (0.1369 0.1720) 0.3700 (0.5506 1.4881) 0.2370 (0.5598 2.3620) 0.6480 (0.2937 0.4532) 0.9666 (0.2739 0.2833) 0.9800 (0.2772 0.2829) 0.6853 (0.1093 0.1595) 0.8164 (0.1074 0.1316) 0.6772 (0.1633 0.2411) 0.6212 (0.1669 0.2687) 0.8364 (0.2350 0.2810) 0.6539 (0.2570 0.3930) 0.6253 (0.2250 0.3599) 0.6595 (0.2327 0.3528) 0.7853 (0.2344 0.2984) 0.6910 (0.2342 0.3389) 0.8056 (0.2615 0.3246) 0.7467 (0.2427 0.3250) 0.5682 (0.1684 0.2963) 0.4214 (0.1523 0.3613) 0.4007 (0.1550 0.3868) 0.6040 (0.1314 0.2175) 0.7219 (0.0877 0.1214) 1.2865 (0.2020 0.1570) 0.9011 (0.1220 0.1354) 0.4416 (0.0798 0.1808) 0.7191 (0.1285 0.1787) 0.6410 (0.1059 0.1652) 0.8599 (0.1246 0.1449) 0.5760 (0.0956 0.1660) 0.6747 (0.0936 0.1388) 0.8670 (0.1112 0.1282) 0.4890 (0.1086 0.2221)
Falco_cherrug        0.6295 (0.3167 0.5031) 0.6138 (0.2295 0.3739) 1.0839 (0.3158 0.2913) 0.9470 (0.2714 0.2866) 0.6358 (0.3812 0.5995) 0.7375 (0.3153 0.4275) 0.5489 (0.2355 0.4290) 0.6643 (0.2451 0.3690) 0.5462 (0.2213 0.4051) 0.6820 (0.2913 0.4271) 0.7464 (0.3388 0.4539) 0.6452 (0.3192 0.4946) 0.6452 (0.3192 0.4946) 0.6824 (0.3379 0.4951) 0.5371 (0.1985 0.3696) 0.6396 (0.2545 0.3978) 0.6710 (0.3094 0.4611) 0.5641 (0.3053 0.5412) 0.7064 (0.2192 0.3104) 0.7967 (0.2231 0.2800) 0.4622 (0.1711 0.3702) 0.3770 (0.1678 0.4452) 0.8957 (0.1172 0.1308) 0.4326 (0.5946 1.3745) 0.3232 (0.6447 1.9947) 0.5211 (0.2767 0.5310) 0.8859 (0.2489 0.2810) 0.8990 (0.2522 0.2805) 0.5248 (0.0836 0.1592) 0.5610 (0.0774 0.1379) 0.6361 (0.1409 0.2214) 0.6465 (0.1470 0.2274) 0.7976 (0.2275 0.2852) 0.6778 (0.2431 0.3586) 0.5516 (0.1939 0.3516) 0.5851 (0.1994 0.3408) 0.6237 (0.2010 0.3222) 0.6867 (0.2157 0.3142) 0.7557 (0.2297 0.3039) 0.7006 (0.2206 0.3149) 0.5083 (0.1603 0.3153) 0.4308 (0.1600 0.3715) 0.4102 (0.1628 0.3968) 0.6020 (0.1309 0.2175) 0.6361 (0.0774 0.1217) 0.3403 (0.2047 0.6015) 0.7318 (0.1137 0.1554) 0.4360 (0.0870 0.1994) 0.5779 (0.1150 0.1989) 0.8709 (0.1209 0.1388) 0.9285 (0.1189 0.1280) 0.5227 (0.0824 0.1577) 0.5536 (0.0778 0.1406) 0.8108 (0.1016 0.1254) 0.6410 (0.0997 0.1556) 0.6513 (0.1100 0.1689)
Corythaeola_cristata 0.5530 (0.2828 0.5113) 0.6437 (0.2283 0.3547) 0.9366 (0.2420 0.2583) 1.0111 (0.2568 0.2540) 1.5081 (0.4279 0.2837) 0.6004 (0.2871 0.4782) 0.3874 (0.2049 0.5288) 0.5380 (0.2192 0.4075) 0.4209 (0.2029 0.4821) 0.5398 (0.2715 0.5030) 0.5322 (0.2932 0.5510) 0.5586 (0.2840 0.5084) 0.5586 (0.2840 0.5084) 0.5350 (0.2966 0.5545) 0.3924 (0.1714 0.4369) 0.4685 (0.2278 0.4861) 0.5089 (0.2754 0.5412) 0.4566 (0.2830 0.6197) 0.6476 (0.2297 0.3547) 0.6881 (0.2239 0.3253) 0.3872 (0.1662 0.4292) 0.5400 (0.1986 0.3678) 0.4512 (0.0926 0.2051) 0.5749 (0.5321 0.9256) 0.2672 (0.5659 2.1179) 0.5378 (0.2501 0.4651) 0.7080 (0.2444 0.3452) 0.7186 (0.2476 0.3446) 0.5400 (0.0854 0.1581) 0.5344 (0.0822 0.1538) 0.5545 (0.1467 0.2645) 0.5658 (0.1529 0.2702) 0.7509 (0.2288 0.3047) 0.5327 (0.2257 0.4237) 0.5125 (0.1982 0.3867) 0.4842 (0.2027 0.4186) 0.5494 (0.2043 0.3719) 0.6154 (0.2247 0.3652) 0.6497 (0.2385 0.3671) 0.5585 (0.2033 0.3641) 0.4281 (0.1538 0.3593) 0.3330 (0.1476 0.4432) 0.3092 (0.1502 0.4858) 0.5855 (0.1394 0.2381) 0.4175 (0.0589 0.1411) 0.2800 (0.1695 0.6052) 0.5306 (0.0935 0.1763) 0.4045 (0.0837 0.2069) 0.4963 (0.1114 0.2245) 0.5428 (0.0870 0.1603) 0.6150 (0.0890 0.1447) 0.4433 (0.0672 0.1517) 0.3923 (0.0592 0.1510) 0.5273 (0.0815 0.1546) 0.4082 (0.0922 0.2259) 0.4785 (0.1000 0.2090) 0.4982 (0.0960 0.1926)
Tauraco_erythrolophus 0.5611 (0.2908 0.5182) 0.6031 (0.2494 0.4136) 0.8972 (0.2796 0.3116) 0.9663 (0.2959 0.3062) 2.3171 (0.3714 0.1603) 0.6208 (0.2955 0.4761) 0.4449 (0.2228 0.5007) 0.6229 (0.2384 0.3827) 0.4583 (0.2082 0.4543) 0.5924 (0.2817 0.4756) 0.5226 (0.2992 0.5725) 0.5402 (0.2849 0.5274) 0.5402 (0.2849 0.5274) 0.5349 (0.3074 0.5748) 0.4597 (0.1905 0.4144) 0.5196 (0.2380 0.4580) 0.5566 (0.2855 0.5130) 0.4985 (0.2932 0.5882) 0.6130 (0.2392 0.3902) 0.5963 (0.2281 0.3824) 0.4483 (0.1698 0.3787) 0.9662 (0.2290 0.2370) 0.3508 (0.0971 0.2767) 0.6235 (0.6311 1.0123) 0.4191 (0.7042 1.6804) 0.4491 (0.2533 0.5639) 0.6047 (0.2472 0.4089) 0.6137 (0.2505 0.4081) 0.4698 (0.0954 0.2030) 0.4698 (0.0909 0.1934) 0.5848 (0.1623 0.2775) 0.5775 (0.1710 0.2961) 0.5684 (0.2182 0.3839) 0.5787 (0.2374 0.4102) 0.4776 (0.1957 0.4098) 0.4959 (0.2060 0.4154) 0.5412 (0.2135 0.3944) 0.5237 (0.2207 0.4213) 0.5833 (0.2466 0.4228) 0.5562 (0.2132 0.3834) 0.3863 (0.1482 0.3837) 0.3615 (0.1492 0.4127) 0.3348 (0.1519 0.4538) 0.6791 (0.1396 0.2056) 0.3757 (0.0673 0.1792) 0.5463 (0.1999 0.3660) 0.4399 (0.0954 0.2169) 0.3782 (0.0903 0.2388) 0.5557 (0.1227 0.2208) 0.4459 (0.0859 0.1927) 0.4788 (0.0967 0.2019) 0.3761 (0.0747 0.1986) 0.2598 (0.0653 0.2512) 0.5085 (0.0953 0.1875) 0.3783 (0.1052 0.2781) 0.3919 (0.0976 0.2491) 0.3981 (0.0961 0.2415) 0.2370 (0.0317 0.1337)
Phaethon_lepturus    0.7174 (0.2950 0.4112) 0.8793 (0.2321 0.2640) 0.9019 (0.2252 0.2497) 0.9782 (0.2401 0.2455) 1.5503 (0.4969 0.3205) 0.8688 (0.3069 0.3533) 0.5758 (0.2114 0.3672) 0.7741 (0.2172 0.2805) 0.5688 (0.2053 0.3610) 0.8045 (0.2787 0.3465) 0.6560 (0.3093 0.4714) 0.7268 (0.2962 0.4075) 0.7268 (0.2962 0.4075) 0.6512 (0.3195 0.4906) 0.6225 (0.1837 0.2951) 0.7247 (0.2421 0.3340) 0.7579 (0.2872 0.3789) 0.6692 (0.2950 0.4408) 0.8214 (0.2303 0.2804) 0.7080 (0.2255 0.3185) 0.5325 (0.1659 0.3116) 0.6651 (0.1346 0.2023) 0.8433 (0.1072 0.1271) 0.5660 (0.5683 1.0040) 0.3738 (0.5923 1.5845) 0.5198 (0.2557 0.4918) 0.7725 (0.2430 0.3146) 0.7840 (0.2462 0.3141) 0.5045 (0.0794 0.1574) 0.5674 (0.0762 0.1342) 0.6355 (0.1392 0.2190) 0.6575 (0.1480 0.2251) 0.7222 (0.2287 0.3167) 0.5434 (0.2333 0.4294) 0.4899 (0.1895 0.3868) 0.4554 (0.1968 0.4321) 0.5630 (0.1955 0.3473) 0.6584 (0.2290 0.3477) 0.7520 (0.2409 0.3204) 0.6387 (0.2241 0.3508) 0.5133 (0.1594 0.3105) 0.5154 (0.1550 0.3008) 0.4865 (0.1578 0.3242) 0.6260 (0.1346 0.2150) 0.6376 (0.0640 0.1004) 1.7846 (0.2825 0.1583) 0.7879 (0.0991 0.1258) 0.5206 (0.0795 0.1527) 0.6831 (0.1062 0.1555) 0.9309 (0.1052 0.1130) 0.9258 (0.1109 0.1198) 0.5337 (0.0750 0.1405) 0.5176 (0.0682 0.1318) 0.7986 (0.0828 0.1037) 0.4695 (0.0790 0.1683) 0.5935 (0.0984 0.1657) 0.6796 (0.0986 0.1450) 0.3473 (0.0711 0.2048) 0.3517 (0.0860 0.2447)
Opisthocomus_hoazin  0.5761 (0.2934 0.5092) 0.7421 (0.2272 0.3061) 1.2611 (0.2682 0.2127) 1.2213 (0.2555 0.2092) 1.1045 (0.3005 0.2720) 0.7108 (0.2800 0.3939) 0.4904 (0.2114 0.4311) 0.6218 (0.2285 0.3675) 0.5361 (0.2088 0.3894) 0.7058 (0.2773 0.3929) 0.5724 (0.2994 0.5231) 0.5818 (0.2946 0.5063) 0.5818 (0.2946 0.5063) 0.5563 (0.3076 0.5528) 0.4768 (0.1771 0.3714) 0.6306 (0.2408 0.3819) 0.6369 (0.2857 0.4486) 0.5662 (0.2934 0.5182) 0.8716 (0.2407 0.2761) 0.8841 (0.2501 0.2828) 0.5695 (0.1805 0.3169) 0.6537 (0.2093 0.3202) 0.6070 (0.1096 0.1806) 0.4257 (0.5120 1.2028) 0.5362 (0.6179 1.1524) 0.5364 (0.2425 0.4521) 0.9475 (0.2652 0.2799) 0.9610 (0.2686 0.2795) 0.5303 (0.0801 0.1510) 0.6329 (0.0781 0.1234) 0.8560 (0.1568 0.1832) 0.6141 (0.1686 0.2745) 0.8539 (0.2363 0.2767) 0.5996 (0.2381 0.3972) 0.6277 (0.2170 0.3456) 0.6095 (0.2215 0.3635) 0.7253 (0.2232 0.3077) 0.7299 (0.2221 0.3042) 0.8568 (0.2420 0.2824) 0.7324 (0.2394 0.3269) 0.6094 (0.1682 0.2760) 0.4998 (0.1643 0.3286) 0.4566 (0.1670 0.3656) 0.9401 (0.1644 0.1749) 0.9016 (0.0729 0.0809) 0.1939 (0.1104 0.5694) 0.8236 (0.1043 0.1266) 0.5646 (0.0923 0.1634) 0.6144 (0.1211 0.1971) 0.7912 (0.0992 0.1254) 0.8482 (0.1125 0.1327) 0.6883 (0.0743 0.1079) 0.4398 (0.0697 0.1584) 1.0266 (0.1036 0.1009) 0.5307 (0.1101 0.2074) 0.7384 (0.1161 0.1573) 0.5749 (0.1096 0.1906) 0.3497 (0.0763 0.2182) 0.3422 (0.0840 0.2455) 0.6139 (0.0942 0.1535)
Colius_striatus      0.4627 (0.2753 0.5950) 0.6611 (0.2067 0.3127) 0.7685 (0.1966 0.2558) 0.8384 (0.2109 0.2515) 2.5287 (0.3823 0.1512) 0.5446 (0.2882 0.5292) 0.4027 (0.2185 0.5427) 0.4561 (0.2116 0.4639) 0.3719 (0.1887 0.5075) 0.5098 (0.2734 0.5363) 0.4570 (0.2986 0.6533) 0.4466 (0.2766 0.6193) 0.4466 (0.2766 0.6193) 0.4334 (0.3039 0.7011) 0.3628 (0.1759 0.4848) 0.4754 (0.2154 0.4530) 0.4741 (0.2728 0.5753) 0.4438 (0.2801 0.6312) 0.7089 (0.2307 0.3254) 0.6265 (0.2334 0.3725) 0.3950 (0.1830 0.4632) 0.5785 (0.1219 0.2108) 0.5189 (0.1208 0.2329) 0.6818 (0.5476 0.8032) 0.3827 (0.5534 1.4459) 0.5268 (0.2724 0.5171) 0.6942 (0.2591 0.3732) 0.6872 (0.2560 0.3726) 0.3650 (0.0929 0.2546) 0.3889 (0.0910 0.2339) 0.4877 (0.1390 0.2849) 0.4714 (0.1532 0.3249) 0.5858 (0.2330 0.3978) 0.4685 (0.2400 0.5122) 0.4370 (0.2139 0.4896) 0.4718 (0.2190 0.4643) 0.5247 (0.2177 0.4149) 0.5057 (0.2289 0.4527) 0.6211 (0.2645 0.4259) 0.5412 (0.2304 0.4257) 0.4714 (0.1642 0.3483) 0.3377 (0.1683 0.4982) 0.3235 (0.1710 0.5287) 0.5122 (0.1518 0.2963) 0.3900 (0.0833 0.2136) 0.6007 (0.2052 0.3416) 0.4562 (0.1133 0.2483) 0.3042 (0.0928 0.3052) 0.5146 (0.1162 0.2258) 0.5418 (0.1178 0.2174) 0.5574 (0.1210 0.2171) 0.3434 (0.0821 0.2390) 0.3387 (0.0850 0.2511) 0.4480 (0.1093 0.2439) 0.3712 (0.0981 0.2643) 0.4626 (0.1087 0.2349) 0.4021 (0.1012 0.2518) 0.2954 (0.0943 0.3194) 0.3147 (0.1072 0.3406) 0.4338 (0.0948 0.2185) 0.4174 (0.1233 0.2954)
Galbula_dea          0.5229 (0.3207 0.6133) 1.3820 (0.3003 0.2173) 2.9958 (0.3563 0.1189) 2.5260 (0.3500 0.1385) 2.0136 (0.2938 0.1459) 0.6193 (0.3087 0.4986) 0.4634 (0.2469 0.5329) 0.6022 (0.2637 0.4379) 0.4587 (0.2404 0.5242) 0.5572 (0.3013 0.5407) 0.5470 (0.3333 0.6094) 0.5347 (0.3269 0.6112) 0.5347 (0.3269 0.6112) 0.5083 (0.3326 0.6543) 0.4773 (0.2011 0.4213) 0.6383 (0.2843 0.4454) 0.6280 (0.3266 0.5201) 0.5875 (0.3352 0.5705) 0.7840 (0.2412 0.3076) 0.8127 (0.2380 0.2928) 0.5474 (0.1788 0.3267) 0.5119 (0.1708 0.3337) 0.8437 (0.1454 0.1723) 0.6215 (0.5508 0.8862) 0.5920 (0.6523 1.1019) 0.6030 (0.2910 0.4826) 0.8260 (0.2518 0.3048) 0.8488 (0.2535 0.2986) 0.8272 (0.1188 0.1436) 0.9554 (0.1156 0.1210) 0.7113 (0.1553 0.2183) 0.7159 (0.1755 0.2452) 0.8084 (0.2491 0.3081) 0.6479 (0.2470 0.3813) 0.5974 (0.2092 0.3501) 0.6035 (0.2181 0.3614) 0.6250 (0.2139 0.3422) 0.6321 (0.2350 0.3718) 0.8124 (0.2501 0.3079) 0.6868 (0.2305 0.3357) 0.5950 (0.1883 0.3165) 0.5043 (0.1784 0.3538) 0.4860 (0.1841 0.3788) 0.6901 (0.1479 0.2144) 1.0159 (0.1113 0.1096)-1.0000 (0.0000 0.3277) 0.8723 (0.1450 0.1663) 0.6804 (0.1152 0.1693) 0.8031 (0.1441 0.1794) 0.8262 (0.1232 0.1491) 1.1665 (0.1418 0.1216) 0.6115 (0.0973 0.1591) 0.6565 (0.1054 0.1605) 1.0212 (0.1276 0.1250) 0.6664 (0.1289 0.1934) 0.8605 (0.1425 0.1656) 0.8859 (0.1434 0.1619) 0.6337 (0.1201 0.1895) 0.5373 (0.1282 0.2385) 0.6573 (0.1232 0.1874) 0.7548 (0.1340 0.1775) 0.6204 (0.1415 0.2281)
Chaetura_pelagica    0.5202 (0.3542 0.6808) 0.8901 (0.2965 0.3331) 1.1382 (0.3694 0.3245) 1.1136 (0.3549 0.3187) 0.5328 (0.1986 0.3728) 0.7198 (0.3429 0.4764) 0.5480 (0.2654 0.4843) 0.5611 (0.2763 0.4923) 0.5054 (0.2574 0.5093) 0.6424 (0.3236 0.5038) 0.5374 (0.3644 0.6780) 0.5008 (0.3553 0.7095) 0.5008 (0.3553 0.7095) 0.4952 (0.3654 0.7378) 0.5555 (0.2324 0.4184) 0.6438 (0.3000 0.4659) 0.6498 (0.3443 0.5300) 0.5419 (0.3431 0.6331) 0.6410 (0.2534 0.3954) 0.7233 (0.2540 0.3511) 0.5857 (0.2052 0.3504) 0.4646 (0.2413 0.5194) 0.6503 (0.1543 0.2372) 0.3227 (0.5222 1.6180) 0.3515 (0.7165 2.0386) 0.5486 (0.2787 0.5080) 0.8392 (0.2672 0.3184) 0.8375 (0.2695 0.3218) 0.5426 (0.1213 0.2236) 0.5740 (0.1168 0.2035) 0.5157 (0.1658 0.3214) 0.5126 (0.1745 0.3405) 0.7390 (0.2391 0.3235) 0.5020 (0.2516 0.5012) 0.5081 (0.2201 0.4331) 0.5095 (0.2307 0.4527) 0.5604 (0.2263 0.4039) 0.6346 (0.2399 0.3781) 0.6546 (0.2707 0.4136) 0.5777 (0.2306 0.3992) 0.4730 (0.1854 0.3920) 0.5427 (0.1907 0.3515) 0.5141 (0.1936 0.3766) 0.5843 (0.1757 0.3006) 0.5944 (0.1196 0.2012) 0.5293 (0.1983 0.3746) 0.7057 (0.1549 0.2196) 0.5267 (0.1460 0.2772) 0.6279 (0.1695 0.2699) 0.5955 (0.1454 0.2442) 0.6728 (0.1490 0.2215) 0.4863 (0.1155 0.2376) 0.5234 (0.1209 0.2310) 0.8004 (0.1480 0.1849) 0.5510 (0.1401 0.2543) 0.6795 (0.1652 0.2431) 0.5199 (0.1356 0.2609) 0.4369 (0.1284 0.2940) 0.3693 (0.1340 0.3628) 0.5959 (0.1438 0.2413) 0.4930 (0.1305 0.2648) 0.4573 (0.1663 0.3636) 0.7858 (0.1492 0.1898)
Columba_livia        0.5361 (0.3283 0.6123) 0.8136 (0.2618 0.3218) 1.3374 (0.3071 0.2296) 1.3163 (0.3186 0.2421) 1.3974 (0.3690 0.2641) 0.6553 (0.3013 0.4598) 0.5588 (0.2717 0.4862) 0.6098 (0.2727 0.4473) 0.5075 (0.2557 0.5039) 0.5847 (0.3065 0.5242) 0.5967 (0.3424 0.5737) 0.5398 (0.3294 0.6102) 0.5398 (0.3294 0.6102) 0.5508 (0.3413 0.6196) 0.5325 (0.2224 0.4178) 0.6368 (0.2632 0.4132) 0.6290 (0.3099 0.4926) 0.5517 (0.3132 0.5677) 0.7523 (0.2235 0.2971) 0.8250 (0.2346 0.2844) 0.4623 (0.1848 0.3997) 0.7612 (0.2169 0.2850) 0.9346 (0.1442 0.1543) 0.4917 (0.5556 1.1300) 0.2927 (0.7047 2.4076) 0.7690 (0.2936 0.3818) 1.0137 (0.2718 0.2681) 1.0278 (0.2751 0.2677) 0.7792 (0.1217 0.1562) 0.9108 (0.1251 0.1373) 0.6900 (0.1644 0.2383) 0.7392 (0.1713 0.2317) 0.8760 (0.2378 0.2714) 0.5870 (0.2349 0.4001) 0.5636 (0.2129 0.3777) 0.5690 (0.2218 0.3898) 0.6730 (0.2190 0.3255) 0.6669 (0.2281 0.3420) 0.7410 (0.2473 0.3337) 0.6865 (0.2203 0.3208) 0.5751 (0.1813 0.3153) 0.3945 (0.1577 0.3998) 0.3883 (0.1658 0.4270) 0.7314 (0.1749 0.2392) 0.7345 (0.0994 0.1354) 0.0986 (0.0538 0.5456) 0.7435 (0.1296 0.1743) 0.5387 (0.1201 0.2230) 0.6422 (0.1413 0.2200) 0.8831 (0.1374 0.1556) 1.0013 (0.1414 0.1413) 0.7243 (0.1250 0.1726) 0.5430 (0.1034 0.1905) 0.7734 (0.1177 0.1521) 0.6370 (0.1220 0.1916) 0.7493 (0.1339 0.1787) 0.6855 (0.1287 0.1877) 0.6015 (0.1097 0.1824) 0.4471 (0.1197 0.2677) 0.7178 (0.1363 0.1898) 0.6468 (0.1286 0.1989) 0.5197 (0.1493 0.2873) 0.7770 (0.1570 0.2021) 0.6544 (0.1638 0.2503)
Atlantisia_rogersi   0.5208 (0.3499 0.6718) 0.5870 (0.2268 0.3864) 1.1920 (0.2622 0.2200) 1.0086 (0.2418 0.2397) 0.9488 (0.2989 0.3150) 0.6367 (0.3389 0.5324) 0.5986 (0.2820 0.4711) 0.5566 (0.2857 0.5133) 0.5100 (0.2574 0.5046) 0.5698 (0.3170 0.5563) 0.5957 (0.3689 0.6193) 0.5466 (0.3510 0.6421) 0.5466 (0.3510 0.6421) 0.5580 (0.3800 0.6810) 0.5768 (0.2375 0.4116) 0.5690 (0.2861 0.5028) 0.6123 (0.3352 0.5474) 0.5421 (0.3351 0.6182) 0.5135 (0.2207 0.4298) 0.4300 (0.2104 0.4894) 0.3975 (0.1944 0.4890) 0.3378 (0.1618 0.4790) 0.5080 (0.1730 0.3405) 0.5295 (0.5269 0.9951) 0.5037 (0.6051 1.2013) 0.6450 (0.3130 0.4853) 0.4925 (0.2323 0.4717) 0.4936 (0.2324 0.4708) 0.4435 (0.1460 0.3292) 0.5075 (0.1443 0.2843) 0.3984 (0.1625 0.4079) 0.3584 (0.1774 0.4949) 0.5647 (0.2389 0.4230) 0.3737 (0.2231 0.5970) 0.4327 (0.1910 0.4415) 0.4472 (0.1969 0.4404) 0.4070 (0.1927 0.4736) 0.4333 (0.2179 0.5029) 0.4609 (0.2234 0.4847) 0.4034 (0.2179 0.5402) 0.3816 (0.1812 0.4749) 0.3695 (0.1824 0.4938) 0.3429 (0.1796 0.5238) 0.5159 (0.1920 0.3722) 0.5105 (0.1401 0.2745) 0.2482 (0.1346 0.5424) 0.5406 (0.1617 0.2991) 0.4413 (0.1533 0.3474) 0.4930 (0.1683 0.3414) 0.5027 (0.1613 0.3208) 0.5863 (0.1756 0.2995) 0.4326 (0.1273 0.2942) 0.4333 (0.1386 0.3198) 0.5137 (0.1372 0.2670) 0.4823 (0.1594 0.3306) 0.4705 (0.1564 0.3324) 0.4250 (0.1451 0.3415) 0.3660 (0.1415 0.3868) 0.4018 (0.1568 0.3902) 0.4408 (0.1529 0.3469) 0.5223 (0.1794 0.3434) 0.3656 (0.1568 0.4288) 0.5921 (0.1737 0.2934) 0.4739 (0.1888 0.3984) 0.4967 (0.1788 0.3600)
Cariama_cristata     0.6817 (0.2948 0.4325) 1.4454 (0.2237 0.1548) 1.6524 (0.2656 0.1607) 1.5956 (0.2525 0.1582) 1.8937 (0.2879 0.1520) 0.8047 (0.2979 0.3701) 0.6098 (0.2242 0.3677) 0.7221 (0.2304 0.3191) 0.5711 (0.2057 0.3602) 0.7743 (0.2833 0.3659) 0.7943 (0.3200 0.4028) 0.6901 (0.2961 0.4290) 0.6901 (0.2961 0.4290) 0.6814 (0.3193 0.4686) 0.6096 (0.1856 0.3045) 0.7472 (0.2369 0.3171) 0.7322 (0.2779 0.3795) 0.6448 (0.2853 0.4425) 1.0355 (0.2453 0.2369) 0.9979 (0.2236 0.2241) 0.6222 (0.1758 0.2826) 0.3983 (0.1218 0.3059) 1.2084 (0.1388 0.1149) 0.5560 (0.5069 0.9117) 0.4727 (0.5994 1.2681) 0.8783 (0.3002 0.3418) 1.1304 (0.2607 0.2306) 1.1465 (0.2640 0.2302) 1.1202 (0.1047 0.0934) 1.2100 (0.1028 0.0849) 0.8170 (0.1468 0.1797) 0.7826 (0.1612 0.2060) 1.0907 (0.2448 0.2244) 0.6571 (0.2392 0.3640) 0.6493 (0.2037 0.3138) 0.6209 (0.2053 0.3307) 0.7441 (0.2069 0.2781) 0.8042 (0.2273 0.2827) 0.8462 (0.2342 0.2768) 0.8182 (0.2187 0.2673) 0.6596 (0.1677 0.2542) 0.5046 (0.1633 0.3237) 0.5217 (0.1689 0.3237) 0.9706 (0.1550 0.1597) 1.2108 (0.0870 0.0718) 0.3783 (0.1301 0.3438) 0.9774 (0.1183 0.1210) 0.8638 (0.1169 0.1353) 1.0369 (0.1384 0.1334) 1.4515 (0.1281 0.0883) 1.7925 (0.1460 0.0814) 1.4621 (0.1111 0.0760) 0.8645 (0.0962 0.1113) 1.2011 (0.1111 0.0925) 0.7079 (0.1121 0.1584) 1.3755 (0.1333 0.0969) 0.9423 (0.1153 0.1224) 0.8361 (0.1237 0.1479) 0.6340 (0.1257 0.1982) 0.8444 (0.1065 0.1262) 1.1198 (0.1385 0.1237) 0.5891 (0.1266 0.2148) 1.3050 (0.1494 0.1145) 0.8747 (0.1533 0.1753) 1.1867 (0.1465 0.1235) 0.5397 (0.1539 0.2851)
Merops_nubicus       0.6105 (0.3452 0.5655) 0.7008 (0.2483 0.3543) 1.0867 (0.2685 0.2470) 1.0366 (0.2772 0.2674) 0.6654 (0.2115 0.3178) 0.6559 (0.3419 0.5213) 0.5813 (0.2732 0.4700) 0.7133 (0.2864 0.4015) 0.6034 (0.2593 0.4297) 0.6838 (0.3325 0.4862) 0.5484 (0.3578 0.6525) 0.6151 (0.3464 0.5631) 0.6151 (0.3464 0.5631) 0.5348 (0.3563 0.6663) 0.5546 (0.2256 0.4068) 0.7470 (0.2994 0.4009) 0.7225 (0.3457 0.4785) 0.6771 (0.3472 0.5128) 0.7455 (0.2313 0.3103) 0.8344 (0.2257 0.2705) 0.5381 (0.2038 0.3788) 0.3920 (0.1784 0.4551) 0.9064 (0.1681 0.1855) 0.6095 (0.5614 0.9211)-1.0000 (0.6147 -1.0000) 0.6276 (0.3113 0.4960) 0.9252 (0.2564 0.2771) 0.9386 (0.2597 0.2767) 0.6561 (0.1359 0.2071) 0.7350 (0.1332 0.1812) 0.6219 (0.1650 0.2654) 0.5532 (0.1590 0.2875) 0.7305 (0.2291 0.3137) 0.7237 (0.2406 0.3325) 0.6033 (0.2013 0.3338) 0.6097 (0.2102 0.3449) 0.6643 (0.2089 0.3145) 0.7220 (0.2254 0.3122) 0.9516 (0.2384 0.2505) 0.7166 (0.2243 0.3130) 0.5159 (0.1861 0.3609) 0.4594 (0.1865 0.4059) 0.4664 (0.1893 0.4059) 0.5736 (0.1608 0.2804) 0.6749 (0.1166 0.1728) 0.1169 (0.0641 0.5482) 0.6813 (0.1533 0.2250) 0.4725 (0.1179 0.2496) 0.6119 (0.1411 0.2306) 0.6748 (0.1487 0.2204) 0.7993 (0.1519 0.1900) 0.6046 (0.1218 0.2015) 0.6705 (0.1264 0.1885) 0.7291 (0.1365 0.1873) 0.6169 (0.1486 0.2409) 0.5744 (0.1346 0.2344) 0.5506 (0.1288 0.2340) 0.6485 (0.1320 0.2036) 0.5666 (0.1376 0.2429) 0.6710 (0.1352 0.2015) 0.8193 (0.1693 0.2067) 0.6071 (0.1635 0.2692) 0.6409 (0.1352 0.2109) 0.5506 (0.1800 0.3269) 0.7213 (0.1619 0.2245) 0.4977 (0.1739 0.3494) 0.9693 (0.1592 0.1642)
Rhynochetos_jubatus  0.7062 (0.3162 0.4477) 0.5258 (0.1684 0.3203) 1.0502 (0.2220 0.2114) 1.0074 (0.2095 0.2080) 1.9667 (0.2915 0.1482) 0.8162 (0.3167 0.3880) 0.5381 (0.2293 0.4262) 0.6898 (0.2485 0.3603) 0.5543 (0.2203 0.3975) 0.7384 (0.2946 0.3990) 0.6829 (0.3365 0.4928) 0.7143 (0.3173 0.4442) 0.7143 (0.3173 0.4442) 0.6615 (0.3288 0.4970) 0.5426 (0.1854 0.3417) 0.6288 (0.2475 0.3936) 0.6910 (0.3021 0.4372) 0.6733 (0.3102 0.4607) 0.8664 (0.2473 0.2854) 0.8331 (0.2258 0.2711) 0.5983 (0.1780 0.2976) 0.5156 (0.1480 0.2871) 0.8553 (0.1223 0.1430) 0.5572 (0.5389 0.9672) 0.4888 (0.5252 1.0745) 0.6696 (0.2484 0.3710) 0.8889 (0.2469 0.2778) 0.9020 (0.2502 0.2773) 0.6595 (0.1027 0.1557) 0.7514 (0.0995 0.1324) 0.7391 (0.1571 0.2126) 0.6676 (0.1745 0.2614) 0.9947 (0.2519 0.2532) 0.5951 (0.2397 0.4027) 0.5333 (0.1928 0.3615) 0.5347 (0.2029 0.3796) 0.6244 (0.2017 0.3230) 0.7209 (0.2415 0.3350) 0.7992 (0.2494 0.3120) 0.6681 (0.2141 0.3204) 0.5777 (0.1713 0.2965) 0.4950 (0.1683 0.3401) 0.4687 (0.1711 0.3651) 0.7713 (0.1689 0.2190) 0.8555 (0.0842 0.0984) 0.1885 (0.0629 0.3337) 0.9200 (0.1147 0.1247) 0.6441 (0.1082 0.1680) 0.6137 (0.1248 0.2033) 0.9191 (0.1186 0.1290) 0.9539 (0.1257 0.1318) 0.6336 (0.0880 0.1388) 0.6036 (0.0959 0.1589) 0.9424 (0.0656 0.0696) 0.5539 (0.1079 0.1948) 0.7350 (0.1254 0.1706) 0.7326 (0.1175 0.1604) 0.5453 (0.1028 0.1884) 0.4854 (0.1106 0.2278) 0.7462 (0.1032 0.1384) 0.8812 (0.1254 0.1423) 0.4570 (0.1288 0.2818) 0.9021 (0.1503 0.1666) 0.6602 (0.1580 0.2394) 0.7822 (0.1474 0.1884) 0.5176 (0.1671 0.3229) 1.1166 (0.1405 0.1259) 0.7720 (0.1545 0.2002)
Calypte_anna         0.5970 (0.3913 0.6554) 1.0663 (0.2969 0.2784) 0.8875 (0.3501 0.3945) 0.8669 (0.3358 0.3873) 0.7236 (0.3331 0.4603) 0.7599 (0.3740 0.4922) 0.5698 (0.2996 0.5257) 0.6917 (0.3068 0.4436) 0.6209 (0.3017 0.4859) 0.6796 (0.3553 0.5227) 0.6238 (0.4045 0.6484) 0.5429 (0.3708 0.6830) 0.5429 (0.3708 0.6830) 0.5930 (0.4121 0.6949) 0.6020 (0.2710 0.4501) 0.6337 (0.3258 0.5141) 0.6584 (0.3687 0.5601) 0.5366 (0.3576 0.6663) 0.6190 (0.2375 0.3837) 0.7659 (0.2693 0.3517) 0.4737 (0.2102 0.4436) 0.8146 (0.2485 0.3051) 0.7474 (0.1755 0.2349) 0.7426 (0.6052 0.8149) 0.4626 (0.6167 1.3332) 0.7525 (0.3317 0.4408) 0.8721 (0.2894 0.3319) 0.8640 (0.2863 0.3313) 0.7708 (0.1401 0.1818) 0.7738 (0.1411 0.1823) 0.6939 (0.1928 0.2779) 0.6055 (0.1934 0.3194) 0.8382 (0.2801 0.3342) 0.6142 (0.2706 0.4406) 0.5563 (0.2279 0.4096) 0.5286 (0.2265 0.4285) 0.6346 (0.2343 0.3691) 0.6726 (0.2596 0.3860) 0.8032 (0.2803 0.3489) 0.5934 (0.2408 0.4059) 0.5573 (0.1988 0.3567) 0.4427 (0.1922 0.4341) 0.4095 (0.1951 0.4764) 0.7576 (0.1782 0.2352) 0.6990 (0.1348 0.1929) 0.5306 (0.2450 0.4617) 0.7855 (0.1696 0.2159) 0.5459 (0.1549 0.2838) 0.7061 (0.1649 0.2335) 0.8204 (0.1776 0.2165) 1.0824 (0.1873 0.1730) 0.6632 (0.1443 0.2175) 0.8689 (0.1396 0.1606) 0.8530 (0.1648 0.1932) 0.7340 (0.1643 0.2239) 0.6942 (0.1721 0.2479) 0.6560 (0.1690 0.2577) 0.5690 (0.1398 0.2457) 0.4530 (0.1509 0.3331) 0.8606 (0.1671 0.1942) 0.6431 (0.1588 0.2469) 0.5180 (0.1786 0.3448) 0.6626 (0.1677 0.2530) 0.5380 (0.1502 0.2793) 0.7441 (0.1818 0.2443) 0.5324 (0.2077 0.3901) 1.1399 (0.1917 0.1681) 0.6100 (0.1734 0.2843) 0.7123 (0.1816 0.2549)
Melopsittacus_undulatus 0.5460 (0.3068 0.5619) 0.7649 (0.2053 0.2684) 1.5168 (0.2496 0.1645) 1.4619 (0.2367 0.1619)-1.0000 (0.4850 0.0000) 0.6206 (0.3061 0.4932) 0.4013 (0.2345 0.5844) 0.5073 (0.2321 0.4576) 0.4153 (0.2213 0.5328) 0.5184 (0.2893 0.5581) 0.6328 (0.3223 0.5093) 0.5505 (0.3080 0.5594) 0.5505 (0.3080 0.5594) 0.5893 (0.3268 0.5546) 0.4065 (0.1977 0.4864) 0.6249 (0.2649 0.4239) 0.5790 (0.3169 0.5473) 0.5906 (0.3106 0.5259) 0.7018 (0.2238 0.3189) 0.7988 (0.2558 0.3202) 0.5485 (0.1796 0.3274) 0.3418 (0.1160 0.3393) 0.7782 (0.1447 0.1860) 0.7224 (0.5265 0.7288) 0.4270 (0.5265 1.2329) 0.6462 (0.2654 0.4106) 0.9067 (0.2823 0.3113) 0.9042 (0.2846 0.3147) 0.7269 (0.1000 0.1375) 0.6081 (0.0955 0.1571) 0.6115 (0.1550 0.2536) 0.6388 (0.1645 0.2575) 0.8229 (0.2481 0.3015) 0.5892 (0.2525 0.4284) 0.6077 (0.2193 0.3608) 0.5907 (0.2238 0.3790) 0.6749 (0.2255 0.3341) 0.7788 (0.2580 0.3313) 0.6938 (0.2543 0.3665) 0.6872 (0.2512 0.3656) 0.4581 (0.1596 0.3483) 0.5224 (0.1694 0.3243) 0.4484 (0.1708 0.3809) 0.7203 (0.1500 0.2082) 0.6638 (0.0928 0.1398) 0.8407 (0.1295 0.1540) 0.6661 (0.1203 0.1806) 0.5141 (0.1011 0.1966) 0.6979 (0.1333 0.1910) 0.8605 (0.1425 0.1657) 0.9049 (0.1242 0.1372) 0.6332 (0.1003 0.1585) 0.5558 (0.0970 0.1745) 0.7237 (0.1099 0.1519) 0.5721 (0.1181 0.2064) 0.7276 (0.1309 0.1799) 0.5645 (0.1178 0.2086) 0.6125 (0.1192 0.1946) 0.4858 (0.1351 0.2781) 0.5780 (0.1171 0.2026) 0.5791 (0.1174 0.2028) 0.4297 (0.1297 0.3017) 0.7702 (0.1505 0.1954) 0.5163 (0.1526 0.2955) 0.8140 (0.1529 0.1879) 0.4409 (0.1607 0.3644) 1.1294 (0.1430 0.1266) 0.6259 (0.1575 0.2516) 0.6751 (0.1359 0.2013) 0.6813 (0.1613 0.2368)
Nestor_notabilis     0.5554 (0.2971 0.5349) 0.8421 (0.2198 0.2611) 1.5362 (0.2503 0.1629) 1.4802 (0.2374 0.1604)-1.0000 (0.4809 0.0000) 0.6952 (0.2975 0.4280) 0.4259 (0.2199 0.5162) 0.5287 (0.2280 0.4313) 0.4584 (0.2116 0.4615) 0.5750 (0.2762 0.4802) 0.6147 (0.3119 0.5073) 0.5605 (0.2983 0.5322) 0.5605 (0.2983 0.5322) 0.5736 (0.3167 0.5522) 0.4314 (0.1897 0.4396) 0.6419 (0.2558 0.3985) 0.6036 (0.2986 0.4947) 0.6258 (0.2971 0.4747) 0.8521 (0.2234 0.2621) 0.8514 (0.2549 0.2994) 0.4262 (0.1656 0.3885) 0.4428 (0.1484 0.3351) 0.6998 (0.1344 0.1921) 0.5710 (0.5259 0.9210) 0.4073 (0.5022 1.2329) 0.6194 (0.2653 0.4283) 1.0136 (0.2743 0.2706) 1.0277 (0.2777 0.2702) 0.5356 (0.0913 0.1704) 0.5080 (0.0868 0.1709) 0.6923 (0.1505 0.2173) 0.6017 (0.1635 0.2718) 0.7941 (0.2505 0.3154) 0.6577 (0.2598 0.3950) 0.5892 (0.2088 0.3543) 0.5730 (0.2133 0.3722) 0.6319 (0.2149 0.3401) 0.6958 (0.2325 0.3341) 0.7018 (0.2526 0.3599) 0.6699 (0.2426 0.3622) 0.4207 (0.1495 0.3554) 0.3827 (0.1492 0.3899) 0.3798 (0.1506 0.3965) 0.7329 (0.1526 0.2082) 0.6166 (0.0855 0.1387) 1.2924 (0.2023 0.1565) 0.6112 (0.1065 0.1742) 0.5326 (0.1038 0.1949) 0.8356 (0.1316 0.1575) 0.7930 (0.1278 0.1612) 0.7573 (0.1284 0.1695) 0.6182 (0.0943 0.1525) 0.4914 (0.0947 0.1927) 0.6942 (0.1013 0.1459) 0.7129 (0.1106 0.1551) 0.6427 (0.1264 0.1966) 0.5598 (0.1103 0.1970) 0.4445 (0.1041 0.2341) 0.4614 (0.1171 0.2538) 0.4952 (0.0995 0.2009) 0.5204 (0.1100 0.2114) 0.3480 (0.1088 0.3125) 0.7260 (0.1383 0.1905) 0.4222 (0.1237 0.2929) 0.7654 (0.1426 0.1863) 0.5741 (0.1590 0.2769) 0.8672 (0.1209 0.1394) 0.6409 (0.1565 0.2441) 0.6167 (0.1231 0.1996) 0.6233 (0.1709 0.2743) 0.5878 (0.0643 0.1094)
Calidris_pugnax      0.7127 (0.3472 0.4872) 0.8762 (0.2894 0.3303) 1.3229 (0.3222 0.2435) 1.2850 (0.3075 0.2393) 0.4198 (0.1875 0.4466) 0.8782 (0.3395 0.3866) 0.5762 (0.2660 0.4617) 0.8231 (0.2853 0.3467) 0.6032 (0.2631 0.4362) 0.7927 (0.3218 0.4060) 0.8089 (0.3715 0.4592) 0.6985 (0.3382 0.4841) 0.6985 (0.3382 0.4841) 0.6873 (0.3634 0.5287) 0.6140 (0.2174 0.3541) 0.6601 (0.2757 0.4177) 0.6950 (0.3278 0.4716) 0.6177 (0.3287 0.5322) 0.8112 (0.2418 0.2981) 0.8692 (0.2403 0.2764) 0.5899 (0.1864 0.3160) 0.4421 (0.2227 0.5038) 0.9845 (0.1550 0.1574) 0.4986 (0.6132 1.2299) 0.6525 (0.6895 1.0566) 0.6492 (0.3197 0.4925) 1.0770 (0.2738 0.2543) 1.0921 (0.2772 0.2538) 0.8267 (0.1302 0.1575) 0.9454 (0.1311 0.1387) 0.6983 (0.1770 0.2534) 0.5726 (0.1612 0.2815) 0.8205 (0.2392 0.2916) 0.6378 (0.2428 0.3807) 0.5575 (0.2060 0.3695) 0.5616 (0.2105 0.3749) 0.6356 (0.2137 0.3362) 0.7945 (0.2382 0.2998) 0.7919 (0.2426 0.3063) 0.7106 (0.2292 0.3225) 0.5618 (0.1799 0.3202) 0.6162 (0.1807 0.2933) 0.5795 (0.1836 0.3168) 0.6307 (0.1677 0.2660) 0.7049 (0.0991 0.1405)-1.0000 (0.0000 0.1948) 0.7863 (0.1311 0.1667) 0.6002 (0.1217 0.2028) 0.6848 (0.1517 0.2215) 0.8101 (0.1501 0.1853) 0.9692 (0.1546 0.1596) 0.6916 (0.1152 0.1666) 0.7104 (0.1218 0.1714) 0.8587 (0.1161 0.1352) 0.5049 (0.1275 0.2525) 0.8242 (0.1052 0.1277) 0.8002 (0.1375 0.1718) 0.5854 (0.1299 0.2218) 0.4696 (0.1350 0.2875) 0.7361 (0.1327 0.1803) 0.9845 (0.1488 0.1512) 0.4997 (0.1451 0.2904) 1.0020 (0.1666 0.1662) 0.8245 (0.1887 0.2289) 0.7554 (0.1558 0.2063) 0.5012 (0.1771 0.3534) 1.0675 (0.1408 0.1319) 0.5919 (0.1413 0.2388) 0.6579 (0.1231 0.1871) 0.7071 (0.1792 0.2534) 0.7784 (0.1388 0.1783) 0.6665 (0.1485 0.2229)
Penelope_pileata     0.6384 (0.3171 0.4967) 3.3109 (0.2450 0.0740) 3.7102 (0.3772 0.1017) 3.5206 (0.3572 0.1015)-1.0000 (-1.0000 -1.0000) 0.7129 (0.3171 0.4448) 0.7592 (0.2669 0.3515) 0.8070 (0.2526 0.3130) 0.6662 (0.2328 0.3494) 0.7589 (0.3078 0.4056) 0.5468 (0.3205 0.5862) 0.6451 (0.3183 0.4934) 0.6451 (0.3183 0.4934) 0.5406 (0.3301 0.6106) 0.7830 (0.2321 0.2965) 0.7919 (0.2642 0.3337) 0.7347 (0.3108 0.4230) 0.6686 (0.3143 0.4700) 0.7229 (0.3115 0.4309) 0.6945 (0.2920 0.4205) 0.8408 (0.2383 0.2834) 0.8623 (0.2280 0.2644) 0.6816 (0.2365 0.3470) 0.6857 (0.6793 0.9906) 0.4563 (0.7434 1.6294) 0.8707 (0.3295 0.3784) 0.7501 (0.3153 0.4203) 0.7520 (0.3155 0.4195) 0.6786 (0.2195 0.3235) 0.7430 (0.2165 0.2914) 0.8093 (0.2615 0.3232) 0.6667 (0.2918 0.4376) 0.7211 (0.3270 0.4535) 0.6250 (0.3135 0.5017) 0.5064 (0.2714 0.5359) 0.5406 (0.2688 0.4972) 0.5697 (0.2775 0.4871) 0.6103 (0.2985 0.4891) 0.6848 (0.3207 0.4683) 0.6371 (0.2988 0.4689) 0.9554 (0.2009 0.2103) 0.7506 (0.2368 0.3154) 0.6749 (0.2400 0.3556) 0.7446 (0.2763 0.3711) 0.8238 (0.1988 0.2413)-1.0000 (-1.0000 -1.0000) 0.7928 (0.2182 0.2753) 0.6602 (0.2176 0.3296) 0.6471 (0.2399 0.3707) 0.7120 (0.2191 0.3077) 0.7707 (0.2311 0.2999) 0.7204 (0.2013 0.2794) 0.7734 (0.2049 0.2650) 0.9452 (0.2323 0.2458) 0.6692 (0.2182 0.3260) 0.7428 (0.2289 0.3082) 0.6709 (0.2203 0.3283) 0.5652 (0.2083 0.3685) 0.5522 (0.2134 0.3865) 0.7871 (0.2201 0.2796) 0.7796 (0.2222 0.2850) 0.6143 (0.2269 0.3694) 0.7748 (0.2484 0.3205) 0.6525 (0.2451 0.3756) 0.7679 (0.2360 0.3074) 0.5349 (0.2317 0.4331) 0.9725 (0.2464 0.2534) 0.6709 (0.2565 0.3823) 0.8287 (0.2206 0.2661) 0.7654 (0.2652 0.3465) 0.6784 (0.2335 0.3441) 0.6859 (0.2174 0.3169) 0.7931 (0.2576 0.3248)
Odontophorus_gujanensis-1.0000 (-1.0000 -1.0000) 0.9778 (0.3161 0.3233) 1.0056 (0.3186 0.3169) 1.0853 (0.3259 0.3003) 3.3765 (0.3807 0.1127)-1.0000 (0.1145 0.0000)-1.0000 (-1.0000 -1.0000)-1.0000 (-1.0000 -1.0000)-1.0000 (-1.0000 -1.0000)-1.0000 (-1.0000 -1.0000)-1.0000 (-1.0000 -1.0000)-1.0000 (-1.0000 -1.0000)-1.0000 (-1.0000 -1.0000)-1.0000 (-1.0000 -1.0000) 0.4001 (0.0546 0.1365)-1.0000 (-1.0000 -1.0000)-1.0000 (-1.0000 -1.0000)-1.0000 (-1.0000 -1.0000) 0.4177 (0.0626 0.1500) 0.9215 (0.2383 0.2586) 1.1619 (0.3429 0.2951)-1.0000 (0.0000 0.3277) 0.7484 (0.1908 0.2549) 1.1606 (0.3046 0.2624)-1.0000 (-1.0000 -1.0000) 0.9695 (0.2472 0.2549) 0.5463 (0.1999 0.3660) 0.5463 (0.1999 0.3660) 0.5571 (0.1552 0.2785) 0.5571 (0.1552 0.2785) 0.4043 (0.1325 0.3277) 0.3942 (0.1316 0.3337) 0.3736 (0.1296 0.3470) 0.6029 (0.2054 0.3407) 0.2339 (0.1326 0.5668) 0.1440 (0.1326 0.9209) 0.2339 (0.1326 0.5668) 0.1120 (0.0892 0.7967) 0.2300 (0.1320 0.5741) 0.3736 (0.1296 0.3470)-1.0000 (0.0000 0.5679) 0.4358 (0.2124 0.4872) 0.7384 (0.2124 0.2876) 0.5778 (0.2030 0.3513) 0.9695 (0.2472 0.2549)-1.0000 (0.0548 0.0000) 1.1437 (0.3034 0.2652) 0.7484 (0.1908 0.2549) 1.2086 (0.3081 0.2549) 0.3942 (0.1316 0.3337) 0.1885 (0.0629 0.3337) 0.1099 (0.0631 0.5741) 0.2724 (0.2113 0.7756) 0.1885 (0.0629 0.3337) 0.4043 (0.1855 0.4587) 1.2865 (0.2020 0.1570) 0.3403 (0.2047 0.6015) 0.7921 (0.3641 0.4596) 0.5463 (0.1999 0.3660) 1.7846 (0.2825 0.1583) 0.5572 (0.2444 0.4387) 0.6007 (0.2052 0.3416)-1.0000 (0.0000 0.3277) 0.5293 (0.1983 0.3746) 0.5822 (0.2472 0.4246) 0.2482 (0.1346 0.5424) 0.3783 (0.1301 0.3438) 0.1169 (0.0641 0.5482) 0.1885 (0.0629 0.3337) 0.5306 (0.2450 0.4617) 0.8407 (0.1295 0.1540) 1.2924 (0.2023 0.1565)-1.0000 (0.0000 0.1948)-1.0000 (-1.0000 -1.0000)

TREE #  1:  (24, ((25, (2, (3, 4))), 5), (((((59, 58), ((64, 70), 55)), ((((((((53, (45, 47)), 48), ((54, 69), 60)), 66), (73, 56)), (((49, 26), 65), (51, 50))), 61), (((((68, 63), 44), 62), (52, (30, 29))), ((((71, 72), ((((39, (38, ((33, (((37, 36), 35), (28, 27))), ((20, 40), 34)))), 31), 32), 19)), 57), 67)))), (23, 22)), (((42, 43), 21), (((((9, ((((18, 17), 16), ((11, 14), (1, (13, 12)))), ((15, 7), (10, 6)))), (46, 75)), 8), 74), 41))));   MP score: -1
lnL(ntime:147  np:151): -12371.002384      +0.000000
  76..24   76..77   77..78   78..25   78..79   79..2    79..80   80..3    80..4    77..5    76..81   81..82   82..83   83..84   84..85   85..59   85..58   84..86   86..87   87..64   87..70   86..55   83..88   88..89   89..90   90..91   91..92   92..93   93..94   94..95   95..53   95..96   96..45   96..47   94..48   93..97   97..98   98..54   98..69   97..60   92..66   91..99   99..73   99..56   90..100 100..101 101..102 102..49  102..26  101..65  100..103 103..51  103..50   89..61   88..104 104..105 105..106 106..107 107..108 108..68  108..63  107..44  106..62  105..109 109..52  109..110 110..30  110..29  104..111 111..112 112..113 113..114 114..71  114..72  113..115 115..116 116..117 117..118 118..39  118..119 119..38  119..120 120..121 121..33  121..122 122..123 123..124 124..37  124..36  123..35  122..125 125..28  125..27  120..126 126..127 127..20  127..40  126..34  117..31  116..32  115..19  112..57  111..67   82..128 128..23  128..22   81..129 129..130 130..131 131..42  131..43  130..21  129..132 132..133 133..134 134..135 135..136 136..9   136..137 137..138 138..139 139..140 140..18  140..17  139..16  138..141 141..142 142..11  142..14  141..143 143..1   143..144 144..13  144..12  137..145 145..146 146..15  146..7   145..147 147..10  147..6   135..148 148..46  148..75  134..8   133..74  132..41 
 1.022358 0.000004 0.000004 1.388609 0.000004 0.271614 0.175098 0.067304 0.034069 0.344443 0.450742 0.007623 0.000004 0.000004 0.118320 0.115913 0.050174 0.020054 0.090502 0.251597 0.290498 0.192237 0.000004 0.000004 0.000004 0.000004 0.005198 0.000004 0.005212 0.000004 0.117368 0.011172 0.051752 0.150120 0.160879 0.010079 0.054330 0.065964 0.140066 0.142214 0.451979 0.090387 0.207697 0.136275 0.009821 0.000004 0.000004 0.238810 0.742821 0.280267 0.056320 0.151460 0.131960 0.194449 0.010393 0.000004 0.005531 0.041601 0.025466 0.267188 0.199151 0.291777 0.261424 0.000004 0.123987 0.084701 0.022895 0.046531 0.000004 0.007998 0.001641 0.123529 0.122871 0.107811 0.228832 0.000004 0.007123 0.184301 0.232804 0.022206 0.201511 0.025961 0.003151 0.374984 0.000004 0.092879 0.031388 0.053448 0.036578 0.058272 0.245996 0.005305 0.000004 0.029664 0.036333 0.121873 0.146307 0.231096 0.184580 0.295018 0.355718 0.189435 0.203294 0.000004 0.190549 0.417494 0.116714 0.257994 0.111152 0.024423 0.022546 0.102883 0.065590 0.020534 0.402590 0.005584 0.000004 0.115723 0.000004 0.063250 0.071898 0.007587 0.067003 0.034680 0.046082 0.119717 0.076922 0.015052 0.017012 0.014432 0.039043 0.031310 0.000004 0.000004 0.009006 0.162443 0.000004 0.026746 0.037644 0.084069 0.176559 0.000004 0.000004 0.148169 0.145649 0.362736 0.236736 0.727479 0.621432 0.840559 0.595040

Note: Branch length is defined as number of nucleotide substitutions per codon (not per nucleotide site).

tree length = 17.687939

(24: 1.022358, ((25: 1.388609, (2: 0.271614, (3: 0.067304, 4: 0.034069): 0.175098): 0.000004): 0.000004, 5: 0.344443): 0.000004, (((((59: 0.115913, 58: 0.050174): 0.118320, ((64: 0.251597, 70: 0.290498): 0.090502, 55: 0.192237): 0.020054): 0.000004, ((((((((53: 0.117368, (45: 0.051752, 47: 0.150120): 0.011172): 0.000004, 48: 0.160879): 0.005212, ((54: 0.065964, 69: 0.140066): 0.054330, 60: 0.142214): 0.010079): 0.000004, 66: 0.451979): 0.005198, (73: 0.207697, 56: 0.136275): 0.090387): 0.000004, (((49: 0.238810, 26: 0.742821): 0.000004, 65: 0.280267): 0.000004, (51: 0.151460, 50: 0.131960): 0.056320): 0.009821): 0.000004, 61: 0.194449): 0.000004, (((((68: 0.267188, 63: 0.199151): 0.025466, 44: 0.291777): 0.041601, 62: 0.261424): 0.005531, (52: 0.123987, (30: 0.022895, 29: 0.046531): 0.084701): 0.000004): 0.000004, ((((71: 0.122871, 72: 0.107811): 0.123529, ((((39: 0.232804, (38: 0.201511, ((33: 0.374984, (((37: 0.053448, 36: 0.036578): 0.031388, 35: 0.058272): 0.092879, (28: 0.005305, 27: 0.000004): 0.245996): 0.000004): 0.003151, ((20: 0.121873, 40: 0.146307): 0.036333, 34: 0.231096): 0.029664): 0.025961): 0.022206): 0.184301, 31: 0.184580): 0.007123, 32: 0.295018): 0.000004, 19: 0.355718): 0.228832): 0.001641, 57: 0.189435): 0.007998, 67: 0.203294): 0.000004): 0.010393): 0.000004): 0.000004, (23: 0.190549, 22: 0.417494): 0.000004): 0.007623, (((42: 0.024423, 43: 0.022546): 0.111152, 21: 0.102883): 0.257994, (((((9: 0.115723, ((((18: 0.067003, 17: 0.034680): 0.007587, 16: 0.046082): 0.071898, ((11: 0.015052, 14: 0.017012): 0.076922, (1: 0.039043, (13: 0.000004, 12: 0.000004): 0.031310): 0.014432): 0.119717): 0.063250, ((15: 0.000004, 7: 0.026746): 0.162443, (10: 0.084069, 6: 0.176559): 0.037644): 0.009006): 0.000004): 0.000004, (46: 0.000004, 75: 0.148169): 0.000004): 0.005584, 8: 0.145649): 0.402590, 74: 0.362736): 0.020534, 41: 0.236736): 0.065590): 0.116714): 0.450742);

(Struthio_camelus: 1.022358, ((Tinamus_guttatus: 1.388609, (Apteryx_rowi: 0.271614, (Casuarius_casuarius: 0.067304, Dromaius_novaehollandiae: 0.034069): 0.175098): 0.000004): 0.000004, Rhea_americana: 0.344443): 0.000004, (((((Tauraco_erythrolophus: 0.115913, Corythaeola_cristata: 0.050174): 0.118320, ((Chaetura_pelagica: 0.251597, Calypte_anna: 0.290498): 0.090502, Caprimulgus_europaeus: 0.192237): 0.020054): 0.000004, ((((((((Egretta_garzetta: 0.117368, (Aptenodytes_forsteri: 0.051752, Fulmarus_glacialis: 0.150120): 0.011172): 0.000004, Gavia_stellata: 0.160879): 0.005212, ((Eurypyga_helias: 0.065964, Rhynochetos_jubatus: 0.140066): 0.054330, Phaethon_lepturus: 0.142214): 0.010079): 0.000004, Atlantisia_rogersi: 0.451979): 0.005198, (Calidris_pugnax: 0.207697, Charadrius_vociferus: 0.136275): 0.090387): 0.000004, (((Mesitornis_unicolor: 0.238810, Pterocles_gutturalis: 0.742821): 0.000004, Columba_livia: 0.280267): 0.000004, (Podilymbus_podiceps: 0.151460, Phoenicopterus_ruber: 0.131960): 0.056320): 0.009821): 0.000004, Opisthocomus_hoazin: 0.194449): 0.000004, (((((Merops_nubicus: 0.267188, Galbula_dea: 0.199151): 0.025466, Apaloderma_vittatum: 0.291777): 0.041601, Colius_striatus: 0.261424): 0.005531, (Aquila_chrysaetos_chrysaetos: 0.123987, (Cathartes_aura: 0.022895, Gymnogyps_californianus: 0.046531): 0.084701): 0.000004): 0.000004, ((((Melopsittacus_undulatus: 0.122871, Nestor_notabilis: 0.107811): 0.123529, ((((Stachyris_ruficeps: 0.232804, (Ficedula_albicollis: 0.201511, ((Corvus_moneduloides: 0.374984, (((Taeniopygia_guttata: 0.053448, Lonchura_striata_domestica: 0.036578): 0.031388, Erythrura_gouldiae: 0.058272): 0.092879, (Geospiza_fortis: 0.005305, Camarhynchus_parvulus: 0.000004): 0.245996): 0.000004): 0.003151, ((Zonotrichia_albicollis: 0.121873, Serinus_canaria: 0.146307): 0.036333, Passer_domesticus: 0.231096): 0.029664): 0.025961): 0.022206): 0.184301, Manacus_vitellinus: 0.184580): 0.007123, Acanthisitta_chloris: 0.295018): 0.000004, Malurus_cyaneus_samueli: 0.355718): 0.228832): 0.001641, Falco_cherrug: 0.189435): 0.007998, Cariama_cristata: 0.203294): 0.000004): 0.010393): 0.000004): 0.000004, (Chlamydotis_macqueenii: 0.190549, Cuculus_canorus: 0.417494): 0.000004): 0.007623, (((Anas_platyrhynchos: 0.024423, Aythya_fuligula: 0.022546): 0.111152, Anser_cygnoides: 0.102883): 0.257994, (((((Coturnix_japonica: 0.115723, ((((Phasianus_colchicus: 0.067003, Chrysolophus_pictus: 0.034680): 0.007587, Syrmaticus_mikado: 0.046082): 0.071898, ((Lagopus_leucura: 0.015052, Lagopus_muta: 0.017012): 0.076922, (Tympanuchus_cupido: 0.039043, (Centrocercus_urophasianus: 0.000004, Centrocercus_minimus: 0.000004): 0.031310): 0.014432): 0.119717): 0.063250, ((Pavo_cristatus: 0.000004, Pavo_muticus: 0.026746): 0.162443, (Bambusicola_thoracicus: 0.084069, Gallus_gallus: 0.176559): 0.037644): 0.009006): 0.000004): 0.000004, (Callipepla_squamata: 0.000004, Odontophorus_gujanensis: 0.148169): 0.000004): 0.005584, Numida_meleagris: 0.145649): 0.402590, Penelope_pileata: 0.362736): 0.020534, Alectura_lathami: 0.236736): 0.065590): 0.116714): 0.450742);

Detailed output identifying parameters

w (dN/dS) for branches:  0.72748 0.62143 0.84056 0.59504

dN & dS for each branch

 branch          t       N       S   dN/dS      dN      dS  N*dN  S*dS

  76..24     1.022   494.1   135.9  0.7275  0.3153  0.4334 155.8  58.9
  76..77     0.000   494.1   135.9  0.7275  0.0000  0.0000   0.0   0.0
  77..78     0.000   494.1   135.9  0.7275  0.0000  0.0000   0.0   0.0
  78..25     1.389   494.1   135.9  0.7275  0.4283  0.5887 211.6  80.0
  78..79     0.000   494.1   135.9  0.7275  0.0000  0.0000   0.0   0.0
  79..2      0.272   494.1   135.9  0.7275  0.0838  0.1152  41.4  15.6
  79..80     0.175   494.1   135.9  0.7275  0.0540  0.0742  26.7  10.1
  80..3      0.067   494.1   135.9  0.7275  0.0208  0.0285  10.3   3.9
  80..4      0.034   494.1   135.9  0.7275  0.0105  0.0144   5.2   2.0
  77..5      0.344   494.1   135.9  0.7275  0.1062  0.1460  52.5  19.8
  76..81     0.451   494.1   135.9  0.7275  0.1390  0.1911  68.7  26.0
  81..82     0.008   494.1   135.9  0.7275  0.0024  0.0032   1.2   0.4
  82..83     0.000   494.1   135.9  0.7275  0.0000  0.0000   0.0   0.0
  83..84     0.000   494.1   135.9  0.5950  0.0000  0.0000   0.0   0.0
  84..85     0.118   494.1   135.9  0.5950  0.0344  0.0578  17.0   7.9
  85..59     0.116   494.1   135.9  0.5950  0.0337  0.0566  16.6   7.7
  85..58     0.050   494.1   135.9  0.5950  0.0146  0.0245   7.2   3.3
  84..86     0.020   494.1   135.9  0.5950  0.0058  0.0098   2.9   1.3
  86..87     0.091   494.1   135.9  0.5950  0.0263  0.0442  13.0   6.0
  87..64     0.252   494.1   135.9  0.5950  0.0731  0.1229  36.1  16.7
  87..70     0.290   494.1   135.9  0.5950  0.0844  0.1419  41.7  19.3
  86..55     0.192   494.1   135.9  0.5950  0.0559  0.0939  27.6  12.8
  83..88     0.000   494.1   135.9  0.7275  0.0000  0.0000   0.0   0.0
  88..89     0.000   494.1   135.9  0.7275  0.0000  0.0000   0.0   0.0
  89..90     0.000   494.1   135.9  0.7275  0.0000  0.0000   0.0   0.0
  90..91     0.000   494.1   135.9  0.5950  0.0000  0.0000   0.0   0.0
  91..92     0.005   494.1   135.9  0.5950  0.0015  0.0025   0.7   0.3
  92..93     0.000   494.1   135.9  0.5950  0.0000  0.0000   0.0   0.0
  93..94     0.005   494.1   135.9  0.5950  0.0015  0.0025   0.7   0.3
  94..95     0.000   494.1   135.9  0.5950  0.0000  0.0000   0.0   0.0
  95..53     0.117   494.1   135.9  0.5950  0.0341  0.0573  16.9   7.8
  95..96     0.011   494.1   135.9  0.5950  0.0032  0.0055   1.6   0.7
  96..45     0.052   494.1   135.9  0.5950  0.0150  0.0253   7.4   3.4
  96..47     0.150   494.1   135.9  0.5950  0.0436  0.0733  21.6  10.0
  94..48     0.161   494.1   135.9  0.5950  0.0468  0.0786  23.1  10.7
  93..97     0.010   494.1   135.9  0.5950  0.0029  0.0049   1.4   0.7
  97..98     0.054   494.1   135.9  0.5950  0.0158  0.0265   7.8   3.6
  98..54     0.066   494.1   135.9  0.5950  0.0192  0.0322   9.5   4.4
  98..69     0.140   494.1   135.9  0.5950  0.0407  0.0684  20.1   9.3
  97..60     0.142   494.1   135.9  0.5950  0.0413  0.0695  20.4   9.4
  92..66     0.452   494.1   135.9  0.5950  0.1314  0.2208  64.9  30.0
  91..99     0.090   494.1   135.9  0.5950  0.0263  0.0442  13.0   6.0
  99..73     0.208   494.1   135.9  0.5950  0.0604  0.1015  29.8  13.8
  99..56     0.136   494.1   135.9  0.5950  0.0396  0.0666  19.6   9.0
  90..100    0.010   494.1   135.9  0.7275  0.0030  0.0042   1.5   0.6
 100..101    0.000   494.1   135.9  0.7275  0.0000  0.0000   0.0   0.0
 101..102    0.000   494.1   135.9  0.7275  0.0000  0.0000   0.0   0.0
 102..49     0.239   494.1   135.9  0.5950  0.0694  0.1167  34.3  15.9
 102..26     0.743   494.1   135.9  0.7275  0.2291  0.3149 113.2  42.8
 101..65     0.280   494.1   135.9  0.5950  0.0815  0.1369  40.3  18.6
 100..103    0.056   494.1   135.9  0.5950  0.0164  0.0275   8.1   3.7
 103..51     0.151   494.1   135.9  0.5950  0.0440  0.0740  21.8  10.1
 103..50     0.132   494.1   135.9  0.5950  0.0384  0.0645  19.0   8.8
  89..61     0.194   494.1   135.9  0.5950  0.0565  0.0950  27.9  12.9
  88..104    0.010   494.1   135.9  0.7275  0.0032  0.0044   1.6   0.6
 104..105    0.000   494.1   135.9  0.7275  0.0000  0.0000   0.0   0.0
 105..106    0.006   494.1   135.9  0.5950  0.0016  0.0027   0.8   0.4
 106..107    0.042   494.1   135.9  0.5950  0.0121  0.0203   6.0   2.8
 107..108    0.025   494.1   135.9  0.5950  0.0074  0.0124   3.7   1.7
 108..68     0.267   494.1   135.9  0.5950  0.0777  0.1305  38.4  17.7
 108..63     0.199   494.1   135.9  0.5950  0.0579  0.0973  28.6  13.2
 107..44     0.292   494.1   135.9  0.5950  0.0848  0.1425  41.9  19.4
 106..62     0.261   494.1   135.9  0.5950  0.0760  0.1277  37.5  17.4
 105..109    0.000   494.1   135.9  0.7275  0.0000  0.0000   0.0   0.0
 109..52     0.124   494.1   135.9  0.5950  0.0360  0.0606  17.8   8.2
 109..110    0.085   494.1   135.9  0.7275  0.0261  0.0359  12.9   4.9
 110..30     0.023   494.1   135.9  0.7275  0.0071  0.0097   3.5   1.3
 110..29     0.047   494.1   135.9  0.7275  0.0144  0.0197   7.1   2.7
 104..111    0.000   494.1   135.9  0.7275  0.0000  0.0000   0.0   0.0
 111..112    0.008   494.1   135.9  0.7275  0.0025  0.0034   1.2   0.5
 112..113    0.002   494.1   135.9  0.7275  0.0005  0.0007   0.3   0.1
 113..114    0.124   494.1   135.9  0.5950  0.0359  0.0603  17.7   8.2
 114..71     0.123   494.1   135.9  0.5950  0.0357  0.0600  17.6   8.2
 114..72     0.108   494.1   135.9  0.5950  0.0313  0.0527  15.5   7.2
 113..115    0.229   494.1   135.9  0.7275  0.0706  0.0970  34.9  13.2
 115..116    0.000   494.1   135.9  0.7275  0.0000  0.0000   0.0   0.0
 116..117    0.007   494.1   135.9  0.7275  0.0022  0.0030   1.1   0.4
 117..118    0.184   494.1   135.9  0.7275  0.0568  0.0781  28.1  10.6
 118..39     0.233   494.1   135.9  0.5950  0.0677  0.1137  33.4  15.5
 118..119    0.022   494.1   135.9  0.7275  0.0068  0.0094   3.4   1.3
 119..38     0.202   494.1   135.9  0.5950  0.0586  0.0984  28.9  13.4
 119..120    0.026   494.1   135.9  0.7275  0.0080  0.0110   4.0   1.5
 120..121    0.003   494.1   135.9  0.7275  0.0010  0.0013   0.5   0.2
 121..33     0.375   494.1   135.9  0.5950  0.1090  0.1832  53.9  24.9
 121..122    0.000   494.1   135.9  0.7275  0.0000  0.0000   0.0   0.0
 122..123    0.093   494.1   135.9  0.5950  0.0270  0.0454  13.3   6.2
 123..124    0.031   494.1   135.9  0.5950  0.0091  0.0153   4.5   2.1
 124..37     0.053   494.1   135.9  0.5950  0.0155  0.0261   7.7   3.5
 124..36     0.037   494.1   135.9  0.5950  0.0106  0.0179   5.3   2.4
 123..35     0.058   494.1   135.9  0.5950  0.0169  0.0285   8.4   3.9
 122..125    0.246   494.1   135.9  0.7275  0.0759  0.1043  37.5  14.2
 125..28     0.005   494.1   135.9  0.7275  0.0016  0.0022   0.8   0.3
 125..27     0.000   494.1   135.9  0.7275  0.0000  0.0000   0.0   0.0
 120..126    0.030   494.1   135.9  0.5950  0.0086  0.0145   4.3   2.0
 126..127    0.036   494.1   135.9  0.5950  0.0106  0.0177   5.2   2.4
 127..20     0.122   494.1   135.9  0.5950  0.0354  0.0595  17.5   8.1
 127..40     0.146   494.1   135.9  0.5950  0.0425  0.0715  21.0   9.7
 126..34     0.231   494.1   135.9  0.5950  0.0672  0.1129  33.2  15.3
 117..31     0.185   494.1   135.9  0.5950  0.0537  0.0902  26.5  12.3
 116..32     0.295   494.1   135.9  0.5950  0.0858  0.1441  42.4  19.6
 115..19     0.356   494.1   135.9  0.5950  0.1034  0.1738  51.1  23.6
 112..57     0.189   494.1   135.9  0.5950  0.0551  0.0925  27.2  12.6
 111..67     0.203   494.1   135.9  0.5950  0.0591  0.0993  29.2  13.5
  82..128    0.000   494.1   135.9  0.7275  0.0000  0.0000   0.0   0.0
 128..23     0.191   494.1   135.9  0.7275  0.0588  0.0808  29.0  11.0
 128..22     0.417   494.1   135.9  0.7275  0.1288  0.1770  63.6  24.1
  81..129    0.117   494.1   135.9  0.7275  0.0360  0.0495  17.8   6.7
 129..130    0.258   494.1   135.9  0.5950  0.0750  0.1260  37.1  17.1
 130..131    0.111   494.1   135.9  0.5950  0.0323  0.0543  16.0   7.4
 131..42     0.024   494.1   135.9  0.5950  0.0071  0.0119   3.5   1.6
 131..43     0.023   494.1   135.9  0.5950  0.0066  0.0110   3.2   1.5
 130..21     0.103   494.1   135.9  0.5950  0.0299  0.0503  14.8   6.8
 129..132    0.066   494.1   135.9  0.7275  0.0202  0.0278  10.0   3.8
 132..133    0.021   494.1   135.9  0.7275  0.0063  0.0087   3.1   1.2
 133..134    0.403   494.1   135.9  0.8406  0.1289  0.1534  63.7  20.8
 134..135    0.006   494.1   135.9  0.6214  0.0016  0.0026   0.8   0.4
 135..136    0.000   494.1   135.9  0.6214  0.0000  0.0000   0.0   0.0
 136..9      0.116   494.1   135.9  0.6214  0.0341  0.0549  16.8   7.5
 136..137    0.000   494.1   135.9  0.6214  0.0000  0.0000   0.0   0.0
 137..138    0.063   494.1   135.9  0.6214  0.0186  0.0300   9.2   4.1
 138..139    0.072   494.1   135.9  0.6214  0.0212  0.0341  10.5   4.6
 139..140    0.008   494.1   135.9  0.6214  0.0022  0.0036   1.1   0.5
 140..18     0.067   494.1   135.9  0.6214  0.0197  0.0318   9.8   4.3
 140..17     0.035   494.1   135.9  0.6214  0.0102  0.0164   5.0   2.2
 139..16     0.046   494.1   135.9  0.6214  0.0136  0.0218   6.7   3.0
 138..141    0.120   494.1   135.9  0.6214  0.0353  0.0568  17.4   7.7
 141..142    0.077   494.1   135.9  0.6214  0.0227  0.0365  11.2   5.0
 142..11     0.015   494.1   135.9  0.6214  0.0044  0.0071   2.2   1.0
 142..14     0.017   494.1   135.9  0.6214  0.0050  0.0081   2.5   1.1
 141..143    0.014   494.1   135.9  0.6214  0.0043  0.0068   2.1   0.9
 143..1      0.039   494.1   135.9  0.6214  0.0115  0.0185   5.7   2.5
 143..144    0.031   494.1   135.9  0.6214  0.0092  0.0148   4.6   2.0
 144..13     0.000   494.1   135.9  0.6214  0.0000  0.0000   0.0   0.0
 144..12     0.000   494.1   135.9  0.6214  0.0000  0.0000   0.0   0.0
 137..145    0.009   494.1   135.9  0.6214  0.0027  0.0043   1.3   0.6
 145..146    0.162   494.1   135.9  0.6214  0.0479  0.0770  23.6  10.5
 146..15     0.000   494.1   135.9  0.6214  0.0000  0.0000   0.0   0.0
 146..7      0.027   494.1   135.9  0.6214  0.0079  0.0127   3.9   1.7
 145..147    0.038   494.1   135.9  0.6214  0.0111  0.0178   5.5   2.4
 147..10     0.084   494.1   135.9  0.6214  0.0248  0.0399  12.2   5.4
 147..6      0.177   494.1   135.9  0.6214  0.0520  0.0837  25.7  11.4
 135..148    0.000   494.1   135.9  0.6214  0.0000  0.0000   0.0   0.0
 148..46     0.000   494.1   135.9  0.6214  0.0000  0.0000   0.0   0.0
 148..75     0.148   494.1   135.9  0.6214  0.0437  0.0702  21.6   9.5
 134..8      0.146   494.1   135.9  0.6214  0.0429  0.0691  21.2   9.4
 133..74     0.363   494.1   135.9  0.8406  0.1162  0.1382  57.4  18.8
 132..41     0.237   494.1   135.9  0.5950  0.0688  0.1156  34.0  15.7

tree length for dN:       5.2804
tree length for dS:       8.1346

dS tree:
(Struthio_camelus: 0.433428, ((Tinamus_guttatus: 0.588699, (Apteryx_rowi: 0.115151, (Casuarius_casuarius: 0.028534, Dromaius_novaehollandiae: 0.014444): 0.074233): 0.000002): 0.000002, Rhea_americana: 0.146027): 0.000002, (((((Tauraco_erythrolophus: 0.056622, Corythaeola_cristata: 0.024509): 0.057798, ((Chaetura_pelagica: 0.122901, Calypte_anna: 0.141903): 0.044209, Caprimulgus_europaeus: 0.093905): 0.009796): 0.000002, ((((((((Egretta_garzetta: 0.057332, (Aptenodytes_forsteri: 0.025280, Fulmarus_glacialis: 0.073331): 0.005458): 0.000002, Gavia_stellata: 0.078587): 0.002546, ((Eurypyga_helias: 0.032222, Rhynochetos_jubatus: 0.068420): 0.026539, Phaethon_lepturus: 0.069469): 0.004924): 0.000002, Atlantisia_rogersi: 0.220784): 0.002539, (Calidris_pugnax: 0.101457, Charadrius_vociferus: 0.066568): 0.044153): 0.000002, (((Mesitornis_unicolor: 0.116655, Pterocles_gutturalis: 0.314918): 0.000002, Columba_livia: 0.136906): 0.000002, (Podilymbus_podiceps: 0.073986, Phoenicopterus_ruber: 0.064460): 0.027511): 0.004164): 0.000002, Opisthocomus_hoazin: 0.094985): 0.000002, (((((Merops_nubicus: 0.130517, Galbula_dea: 0.097282): 0.012440, Apaloderma_vittatum: 0.142529): 0.020322, Colius_striatus: 0.127702): 0.002702, (Aquila_chrysaetos_chrysaetos: 0.060565, (Cathartes_aura: 0.009706, Gymnogyps_californianus: 0.019727): 0.035909): 0.000002): 0.000002, ((((Melopsittacus_undulatus: 0.060021, Nestor_notabilis: 0.052664): 0.060342, ((((Stachyris_ruficeps: 0.113721, (Ficedula_albicollis: 0.098435, ((Corvus_moneduloides: 0.183174, (((Taeniopygia_guttata: 0.026109, Lonchura_striata_domestica: 0.017868): 0.015333, Erythrura_gouldiae: 0.028465): 0.045370, (Geospiza_fortis: 0.002249, Camarhynchus_parvulus: 0.000002): 0.104290): 0.000002): 0.001336, ((Zonotrichia_albicollis: 0.059533, Serinus_canaria: 0.071469): 0.017748, Passer_domesticus: 0.112887): 0.014490): 0.011006): 0.009414): 0.078134, Manacus_vitellinus: 0.090164): 0.003020, Acanthisitta_chloris: 0.144112): 0.000002, Malurus_cyaneus_samueli: 0.173763): 0.097013): 0.000696, Falco_cherrug: 0.092536): 0.003391, Cariama_cristata: 0.099306): 0.000002): 0.004406): 0.000002): 0.000002, (Chlamydotis_macqueenii: 0.080783, Cuculus_canorus: 0.176996): 0.000002): 0.003232, (((Anas_platyrhynchos: 0.011930, Aythya_fuligula: 0.011013): 0.054296, Anser_cygnoides: 0.050257): 0.126026, (((((Coturnix_japonica: 0.054865, ((((Phasianus_colchicus: 0.031766, Chrysolophus_pictus: 0.016442): 0.003597, Syrmaticus_mikado: 0.021848): 0.034087, ((Lagopus_leucura: 0.007136, Lagopus_muta: 0.008065): 0.036469, (Tympanuchus_cupido: 0.018510, (Centrocercus_urophasianus: 0.000002, Centrocercus_minimus: 0.000002): 0.014844): 0.006842): 0.056758): 0.029987, ((Pavo_cristatus: 0.000002, Pavo_muticus: 0.012680): 0.077015, (Bambusicola_thoracicus: 0.039857, Gallus_gallus: 0.083707): 0.017847): 0.004270): 0.000002): 0.000002, (Callipepla_squamata: 0.000002, Odontophorus_gujanensis: 0.070247): 0.000002): 0.002648, Numida_meleagris: 0.069052): 0.153377, Penelope_pileata: 0.138193): 0.008706, Alectura_lathami: 0.115642): 0.027807): 0.049481): 0.191091);
dN tree:
(Struthio_camelus: 0.315310, ((Tinamus_guttatus: 0.428267, (Apteryx_rowi: 0.083770, (Casuarius_casuarius: 0.020758, Dromaius_novaehollandiae: 0.010507): 0.054003): 0.000001): 0.000001, Rhea_americana: 0.106231): 0.000001, (((((Tauraco_erythrolophus: 0.033692, Corythaeola_cristata: 0.014584): 0.034392, ((Chaetura_pelagica: 0.073131, Calypte_anna: 0.084438): 0.026306, Caprimulgus_europaeus: 0.055877): 0.005829): 0.000001, ((((((((Egretta_garzetta: 0.034115, (Aptenodytes_forsteri: 0.015043, Fulmarus_glacialis: 0.043635): 0.003247): 0.000001, Gavia_stellata: 0.046762): 0.001515, ((Eurypyga_helias: 0.019174, Rhynochetos_jubatus: 0.040713): 0.015792, Phaethon_lepturus: 0.041337): 0.002930): 0.000001, Atlantisia_rogersi: 0.131375): 0.001511, (Calidris_pugnax: 0.060371, Charadrius_vociferus: 0.039611): 0.026273): 0.000001, (((Mesitornis_unicolor: 0.069414, Pterocles_gutturalis: 0.229097): 0.000001, Columba_livia: 0.081464): 0.000001, (Podilymbus_podiceps: 0.044024, Phoenicopterus_ruber: 0.038356): 0.016370): 0.003029): 0.000001, Opisthocomus_hoazin: 0.056520): 0.000001, (((((Merops_nubicus: 0.077663, Galbula_dea: 0.057887): 0.007402, Apaloderma_vittatum: 0.084810): 0.012092, Colius_striatus: 0.075987): 0.001608, (Aquila_chrysaetos_chrysaetos: 0.036039, (Cathartes_aura: 0.007061, Gymnogyps_californianus: 0.014351): 0.026123): 0.000001): 0.000001, ((((Melopsittacus_undulatus: 0.035715, Nestor_notabilis: 0.031337): 0.035906, ((((Stachyris_ruficeps: 0.067669, (Ficedula_albicollis: 0.058573, ((Corvus_moneduloides: 0.108996, (((Taeniopygia_guttata: 0.015536, Lonchura_striata_domestica: 0.010632): 0.009124, Erythrura_gouldiae: 0.016938): 0.026997, (Geospiza_fortis: 0.001636, Camarhynchus_parvulus: 0.000001): 0.075869): 0.000001): 0.000972, ((Zonotrichia_albicollis: 0.035424, Serinus_canaria: 0.042527): 0.010561, Passer_domesticus: 0.067172): 0.008622): 0.008007): 0.006849): 0.056841, Manacus_vitellinus: 0.053651): 0.002197, Acanthisitta_chloris: 0.085752): 0.000001, Malurus_cyaneus_samueli: 0.103396): 0.070575): 0.000506, Falco_cherrug: 0.055062): 0.002467, Cariama_cristata: 0.059091): 0.000001): 0.003205): 0.000001): 0.000001, (Chlamydotis_macqueenii: 0.058768, Cuculus_canorus: 0.128761): 0.000001): 0.002351, (((Anas_platyrhynchos: 0.007099, Aythya_fuligula: 0.006553): 0.032308, Anser_cygnoides: 0.029905): 0.074991, (((((Coturnix_japonica: 0.034095, ((((Phasianus_colchicus: 0.019741, Chrysolophus_pictus: 0.010217): 0.002235, Syrmaticus_mikado: 0.013577): 0.021183, ((Lagopus_leucura: 0.004435, Lagopus_muta: 0.005012): 0.022663, (Tympanuchus_cupido: 0.011503, (Centrocercus_urophasianus: 0.000001, Centrocercus_minimus: 0.000001): 0.009225): 0.004252): 0.035271): 0.018635, ((Pavo_cristatus: 0.000001, Pavo_muticus: 0.007880): 0.047859, (Bambusicola_thoracicus: 0.024769, Gallus_gallus: 0.052018): 0.011091): 0.002653): 0.000001): 0.000001, (Callipepla_squamata: 0.000001, Odontophorus_gujanensis: 0.043654): 0.000001): 0.001645, Numida_meleagris: 0.042911): 0.128922, Penelope_pileata: 0.116160): 0.006333, Alectura_lathami: 0.068811): 0.020229): 0.035996): 0.139015);

w ratios as node labels:
(Struthio_camelus #0.727479 , ((Tinamus_guttatus #0.727479 , (Apteryx_rowi #0.727479 , (Casuarius_casuarius #0.727479 , Dromaius_novaehollandiae #0.727479 ) #0.727479 ) #0.727479 ) #0.727479 , Rhea_americana #0.727479 ) #0.727479 , (((((Tauraco_erythrolophus #0.59504 , Corythaeola_cristata #0.59504 ) #0.59504 , ((Chaetura_pelagica #0.59504 , Calypte_anna #0.59504 ) #0.59504 , Caprimulgus_europaeus #0.59504 ) #0.59504 ) #0.59504 , ((((((((Egretta_garzetta #0.59504 , (Aptenodytes_forsteri #0.59504 , Fulmarus_glacialis #0.59504 ) #0.59504 ) #0.59504 , Gavia_stellata #0.59504 ) #0.59504 , ((Eurypyga_helias #0.59504 , Rhynochetos_jubatus #0.59504 ) #0.59504 , Phaethon_lepturus #0.59504 ) #0.59504 ) #0.59504 , Atlantisia_rogersi #0.59504 ) #0.59504 , (Calidris_pugnax #0.59504 , Charadrius_vociferus #0.59504 ) #0.59504 ) #0.59504 , (((Mesitornis_unicolor #0.59504 , Pterocles_gutturalis #0.727479 ) #0.727479 , Columba_livia #0.59504 ) #0.727479 , (Podilymbus_podiceps #0.59504 , Phoenicopterus_ruber #0.59504 ) #0.59504 ) #0.727479 ) #0.727479 , Opisthocomus_hoazin #0.59504 ) #0.727479 , (((((Merops_nubicus #0.59504 , Galbula_dea #0.59504 ) #0.59504 , Apaloderma_vittatum #0.59504 ) #0.59504 , Colius_striatus #0.59504 ) #0.59504 , (Aquila_chrysaetos_chrysaetos #0.59504 , (Cathartes_aura #0.727479 , Gymnogyps_californianus #0.727479 ) #0.727479 ) #0.727479 ) #0.727479 , ((((Melopsittacus_undulatus #0.59504 , Nestor_notabilis #0.59504 ) #0.59504 , ((((Stachyris_ruficeps #0.59504 , (Ficedula_albicollis #0.59504 , ((Corvus_moneduloides #0.59504 , (((Taeniopygia_guttata #0.59504 , Lonchura_striata_domestica #0.59504 ) #0.59504 , Erythrura_gouldiae #0.59504 ) #0.59504 , (Geospiza_fortis #0.727479 , Camarhynchus_parvulus #0.727479 ) #0.727479 ) #0.727479 ) #0.727479 , ((Zonotrichia_albicollis #0.59504 , Serinus_canaria #0.59504 ) #0.59504 , Passer_domesticus #0.59504 ) #0.59504 ) #0.727479 ) #0.727479 ) #0.727479 , Manacus_vitellinus #0.59504 ) #0.727479 , Acanthisitta_chloris #0.59504 ) #0.727479 , Malurus_cyaneus_samueli #0.59504 ) #0.727479 ) #0.727479 , Falco_cherrug #0.59504 ) #0.727479 , Cariama_cristata #0.59504 ) #0.727479 ) #0.727479 ) #0.727479 ) #0.727479 , (Chlamydotis_macqueenii #0.727479 , Cuculus_canorus #0.727479 ) #0.727479 ) #0.727479 , (((Anas_platyrhynchos #0.59504 , Aythya_fuligula #0.59504 ) #0.59504 , Anser_cygnoides #0.59504 ) #0.59504 , (((((Coturnix_japonica #0.621432 , ((((Phasianus_colchicus #0.621432 , Chrysolophus_pictus #0.621432 ) #0.621432 , Syrmaticus_mikado #0.621432 ) #0.621432 , ((Lagopus_leucura #0.621432 , Lagopus_muta #0.621432 ) #0.621432 , (Tympanuchus_cupido #0.621432 , (Centrocercus_urophasianus #0.621432 , Centrocercus_minimus #0.621432 ) #0.621432 ) #0.621432 ) #0.621432 ) #0.621432 , ((Pavo_cristatus #0.621432 , Pavo_muticus #0.621432 ) #0.621432 , (Bambusicola_thoracicus #0.621432 , Gallus_gallus #0.621432 ) #0.621432 ) #0.621432 ) #0.621432 ) #0.621432 , (Callipepla_squamata #0.621432 , Odontophorus_gujanensis #0.621432 ) #0.621432 ) #0.621432 , Numida_meleagris #0.621432 ) #0.840559 , Penelope_pileata #0.840559 ) #0.727479 , Alectura_lathami #0.59504 ) #0.727479 ) #0.727479 ) #0.727479 );

