GA	Calsqu	LTR	ERV1	DR0012844	MCFN01000007.1:2965176-2965835-	MCFN01000701.1:477-1018+	19	67	0	340,343,346,353,357	224,227,230,237,241	1	4,5,6,7,8	18	18	412	19|6|3|6|3|5|7|10|0|2|3|3
GA	Calsqu	LTR	ERV1	DR0012866	MCFN01000001.1:2470742-2472354+	MCFN01000142.1:1561129-1562999-	51	228	0	151,153,154,157,190	527,529,530,533,566	1	9,10,11,12,13	40	40	1492	51|46|9|14|7|14|27|24|12|8|8|8
GA	Calsqu	LTR	ERV1	DR0012992	MCFN01000005.1:494423-495105+	MCFN01012875.1:312-1031-	25	83	0	502,512,519,520,526	535,545,552,553,559	1	17,18,19,20,21	25	25	674	25|13|5|0|1|3|10|15|4|2|2|3
GA	Calsqu	LTR	ERV1	DR0012992	MCFN01000005.1:494423-495105+	MCFN01010393.1:2005-2698-	26	83	0	502,512,519,520,526	509,519,526,527,533	1	18,19,20,21,22	25	25	674	26|13|5|0|1|3|10|14|4|2|2|3
GA	Calsqu	LTR	ERV1	DR0012992	MCFN01000005.1:494423-495105+	MCFN01000100.1:1928201-1928888+	28	82	0	273,275,282,284,298	281,283,290,292,306	1	12,13,14,15,16	26	26	684	28|8|3|6|2|8|11|8|0|1|2|5
GA	Calsqu	LTR	ERV1	DR0012992	MCFN01000005.1:494423-495105+	MCFN01000028.1:2287079-2287757+	21	78	0	249,273,282,284,290	247,271,280,282,288	1	8,9,10,11,12	42	42	680	21|14|3|2|4|0|11|9|3|1|5|5
GA	Calsqu	LTR	ERV1	DR0012866	MCFN01000001.1:2470742-2472354+	MCFN01004582.1:2061-2612-	27	80	0	151,153,154,157,190	171,173,174,177,210	1	6,7,8,9,10	40	40	504	27|15|3|2|6|3|10|5|3|2|3|1
GA	Calsqu	LTR	ERV1	DR0012857	MCFN01000001.1:4769889-4770183-	MCFN01001387.1:7795-8198+	9	15	0	14,31,45,46,6,63,64,71,72	14,31,45,46,6,63,64,71,72	1	1,2,3,4,5,6,7,8,9	67	67	291	9|1|0|1|0|3|1|0|0|0|0|0
GA	Calsqu	LTR	ERV1	DR0012857	MCFN01000001.1:4769889-4770183-	MCFN01025066.1:0-269-	9	14	0	14,45,46,6,63,64,71,72	15,46,47,64,65,7,72,73	1	1,2,3,4,5,6,7,8	67	67	267	9|1|0|0|0|0|3|0|1|0|0|0
GA	Calsqu	LTR	ERV1	DR0012857	MCFN01000001.1:4769889-4770183-	MCFN01000079.1:1246108-1246411-	14	21	0	14,45,46,58,6,63,64,67,71,72	12,20,51,52,64,69,70,73,77,78	1	1,2,3,4,5,6,7,8,9,10	67	67	291	14|1|0|0|0|1|4|0|0|0|0|1
GA	Calsqu	LTR	ERV1	DR0012857	MCFN01000001.1:4769889-4770183-	MCFN01020101.1:1058-1464+	12	23	0	45,46,63,64,71,72	47,48,65,66,73,74	1	4,5,6,7,8,9	28	28	293	12|4|0|1|0|1|3|1|0|0|0|1
GA	Calsqu	LTR	ERV1	DR0012857	MCFN01000001.1:4769889-4770183-	MCFN01000099.1:935124-935378-	7	13	0	14,45,46,6,65	13,44,45,5,62	1	1,2,3,4,5	58	58	257	7|3|0|1|0|1|1|0|0|0|0|0
GA	Calsqu	LTR	ERV1	DR0012922	MCFN01000002.1:4528230-4528801+	MCFN01000072.1:1667855-1668383+	18	74	0	179,184,189,201,213,214	136,141,146,158,170,171	1	4,5,6,7,8,9	36	36	535	18|8|1|3|2|1|13|12|1|4|6|5
GA	Calsqu	LTR	ERV1	DR0012857	MCFN01000001.1:4769889-4770183-	MCFN01003121.1:1335-1521-	11	13	0	14,45,46,6,63,64,71,72	15,46,47,64,65,7,72,73	1	1,2,3,4,5,6,7,8	67	67	179	11|1|0|0|0|1|0|0|0|0|0|0
GA	Calsqu	LTR	ERV1	DR0012857	MCFN01000001.1:4769889-4770183-	MCFN01000569.1:192198-192371+	11	14	0	14,30,45,46,6,63,64,71,72,73	16,32,47,48,65,66,73,74,75,8	1	1,2,3,4,5,6,7,8,9,10	68	68	171	11|1|0|0|0|1|0|1|0|0|0|0
GA	Calsqu	LTR	ERV1	DR0012906	MCFN01000062.1:2115550-2117971-	MCFN01014629.1:0-1860-	53	187	0	1114,1115,1138,1145,1147,802,803,810,812,857	1097,1098,1105,1107,1152,1413,1414,1437,1444,1446	2	23,24,25,26,27,37,38,39,40,41	90	350	1574	53|33|1|5|5|14|30|26|5|6|6|3
GA	Calsqu	LTR	ERV1	DR0012906	MCFN01000062.1:2115550-2117971-	MCFN01020562.1:0-1456+	52	179	0	802,803,810,812,857	693,694,701,703,748	1	22,23,24,25,26	56	56	1436	52|32|1|6|5|13|27|26|4|4|5|4
GA	Calsqu	LTR	ERV1	DR0012857	MCFN01000001.1:4769889-4770183-	MCFN01000139.1:1618463-1618617+	8	13	0	14,45,46,63,64,71,72	13,44,45,62,63,70,71	1	1,2,3,4,5,6,7	59	59	149	8|1|0|0|0|1|2|0|0|1|0|0
GA	Calsqu	LTR	ERV1	DR0012906	MCFN01000062.1:2115550-2117971-	MCFN01000843.1:4264-5578+	30	130	0	1114,1119,1138,1145,1147,797,803,810,812,835	1266,1271,1290,1297,1299,945,951,958,960,983	2	16,17,18,19,20,26,27,28,29,30	73	355	1166	30|19|0|7|3|11|27|20|4|4|3|2
GA	Calsqu	LTR	ERV1	DR0012906	MCFN01000062.1:2115550-2117971-	MCFN01032372.1:0-1044+	41	127	0	802,803,810,812,857	281,282,289,291,336	1	11,12,13,14,15	56	56	1026	41|24|0|5|2|10|17|17|4|1|4|2
GA	Calsqu	LTR	ERV1	DR0012866	MCFN01000047.1:2187757-2189259+	MCFN01001307.1:24712-26748-	30	195	0	22,23,24,25,26,28	467,468,469,470,471,473	1	1,2,3,4,5,6	7	7	1482	30|36|4|7|7|11|31|28|5|13|9|14
GA	Calsqu	LTR	ERV1	DR0012866	MCFN01000047.1:2187757-2189259+	MCFN01001752.1:491-1304-	22	97	0	362,366,369,387,395	337,341,344,367,375	1	10,11,12,13,14	39	39	825	22|10|2|2|1|4|16|19|2|7|4|8
GA	Calsqu	LTR	ERV1	DR0012866	MCFN01000047.1:2187757-2189259+	MCFN01001381.1:36490-38374+	33	134	0	22,23,24,30,31	1036,1037,1038,1044,1045	1	2,3,4,5,6	10	10	878	33|15|2|5|3|10|21|13|4|13|2|13
GA	Calsqu	LTR	ERV1	DR0012931	MCFN01000062.1:2323166-2323665+	MCFN01000189.1:1075761-1076268+	20	78	0	151,157,161,167,168	164,170,174,180,181	1	7,8,9,10,11	18	18	503	20|12|0|5|4|4|13|9|1|3|1|6
GA	Calsqu	LTR	ERV1	DR0012906	MCFN01000072.1:1689701-1690567-	MCFN01006918.1:4218-4834+	8	16	0	703,735,746,755,780	106,115,140,63,95	1	4,5,6,7,8	78	78	225	8|2|0|2|1|0|0|1|1|0|0|1
GA	Calsqu	LTR	ERV1	DR0012906	MCFN01000072.1:1689701-1690567-	MCFN01002029.1:13643-14031-	16	34	0	764,773,780,793,798	164,173,180,193,198	1	12,13,14,15,16	35	35	264	16|6|0|1|1|0|3|3|0|3|0|1
GA	Calsqu	LTR	ERV1	DR0012912	MCFN01000028.1:2808693-2809168+	MCFN01001123.1:35860-36347-	14	75	0	38,48,54,55,68	38,48,55,56,69	1	2,3,4,5,6	32	32	466	14|10|2|6|2|7|10|13|1|4|1|5
GA	Calsqu	LTR	ERV1	DR0012855	MCFN01000006.1:760023-760593+	MCFN01001067.1:96076-96647-	14	54	0	23,31,40,44,46	23,31,40,44,46	1	1,2,3,4,5	24	24	570	14|7|4|2|1|4|11|7|0|2|1|1
GA	Calsqu	LTR	ERV1	DR0012906	MCFN01000111.1:1004396-1005213+	MCFN01012340.1:1-2206+	37	118	0	608,623,638,657,665	1617,1633,1648,1667,1675	1	25,26,27,28,29	59	59	831	37|26|1|3|6|5|15|14|1|2|5|3
GA	Calsqu	LTR	ERV1	DR0012902	MCFN01000024.1:2354492-2361927+	MCFN01000212.1:1256210-1258787+	45	199	0	6831,6833,6838,6866,6868,6876	2283,2285,2290,2318,2320,2328	1	40,41,42,43,44,45	46	46	2401	45|46|3|7|8|9|30|22|3|5|6|15
GA	Calsqu	LTR	ERV1	DR0012902	MCFN01000024.1:2354492-2361927+	MCFN01001325.1:37492-39943+	58	306	0	944,960,964,966,984	1015,1019,1021,1039,999	1	20,21,22,23,24	41	41	2227	58|37|4|15|12|8|69|61|12|12|9|9
GA	Calsqu	LTR	ERV1	DR0012857	MCFN01000020.1:2997336-2997679-	MCFN01001387.1:7795-8198+	9	14	0	30,44,45,5,62,63,70,71	31,45,46,6,63,64,71,72	1	1,2,3,4,5,6,7,8	67	67	344	9|2|0|1|0|1|1|0|0|0|0|0
GA	Calsqu	LTR	ERV1	DR0012857	MCFN01000020.1:2997336-2997679-	MCFN01020101.1:1058-1464+	12	23	0	44,45,62,63,70,71	47,48,65,66,73,74	1	3,4,5,6,7,8	28	28	345	12|5|0|1|0|0|3|1|0|0|0|1
GA	Calsqu	LTR	ERV1	DR0012857	MCFN01000020.1:2997336-2997679-	MCFN01000079.1:1246108-1246411-	13	19	0	44,45,5,57,62,63,66,70,71	12,51,52,64,69,70,73,77,78	1	1,2,3,4,5,6,7,8,9	67	67	289	13|1|0|0|0|0|2|0|1|0|0|2
GA	Calsqu	LTR	ERV1	DR0012857	MCFN01000020.1:2997336-2997679-	MCFN01025066.1:0-269-	8	13	0	44,45,5,62,63,70,71	46,47,64,65,7,72,73	1	1,2,3,4,5,6,7	67	67	267	8|2|0|0|0|0|2|0|0|0|0|1
GA	Calsqu	LTR	ERV1	DR0012906	MCFN01000127.1:1724810-1725779-	MCFN01002029.1:13643-14031-	15	38	0	771,780,787,800,805	164,173,180,193,198	1	8,9,10,11,12	35	35	360	15|7|0|0|2|1|4|6|0|2|1|0
GA	Calsqu	LTR	ERV1	DR0012857	MCFN01000020.1:2997336-2997679-	MCFN01003121.1:1335-1521-	11	14	0	44,45,5,62,63,70,71	46,47,64,65,7,72,73	1	1,2,3,4,5,6,7	67	67	178	11|1|0|0|0|1|0|0|0|0|0|1
GA	Calsqu	LTR	ERV1	DR0012857	MCFN01000020.1:2997336-2997679-	MCFN01000569.1:192198-192371+	11	13	0	29,44,45,5,62,63,70,71,72	32,47,48,65,66,73,74,75,8	1	1,2,3,4,5,6,7,8,9	68	68	170	11|1|0|0|0|0|0|1|0|0|0|0
GA	Calsqu	LTR	ERV1	DR0012857	MCFN01000020.1:2997336-2997679-	MCFN01000139.1:1618463-1618617+	7	11	0	44,45,62,63,70,71	44,45,62,63,70,71	1	1,2,3,4,5,6	28	28	148	7|1|0|0|0|0|2|0|1|0|0|0
GA	Calsqu	LTR	ERV1	DR0012879	MCFN01000016.1:927512-928565+	MCFN01001218.1:1156-2248-	7	15	0	116,122,124,134,161,178	117,123,125,135,162,176	1	2,3,4,5,6,7	60	60	276	7|1|1|1|0|2|1|1|0|1|0|0
GA	Calsqu	LTR	ERV1	DR0012906	MCFN01000142.1:24419-25877-	MCFN01005221.1:4208-5968+	29	173	0	1009,1020,1038,1051,1052,1059	1009,1027,1040,1041,1048,998	1	19,20,21,22,23,24	51	51	1335	29|20|8|9|10|9|26|24|11|11|6|10
GA	Calsqu	LTR	ERV1	DR0012879	MCFN01000016.1:927512-928565+	MCFN01000178.1:585391-586466-	6	17	0	116,122,134,169,190,206	115,121,133,168,189,205	1	1,2,3,4,5,6	91	91	274	6|4|0|0|1|0|3|3|0|0|0|0
GA	Calsqu	LTR	ERV1	DR0012855	MCFN01000016.1:306832-307407+	MCFN01000593.1:418364-418946+	13	52	0	127,46,58,81,84,97	127,46,58,81,84,97	1	1,2,3,4,5,6	82	82	578	13|10|1|1|3|2|8|5|2|3|1|3
GA	Calsqu	LTR	ERV1	DR0012879	MCFN01000016.1:927512-928565+	MCFN01005062.1:2094-2897+	8	23	0	111,113,116,122,134	108,110,113,119,131	1	2,3,4,5,6	24	24	278	8|3|0|0|3|0|5|4|0|0|0|0
GA	Calsqu	LTR	ERV1	DR0012879	MCFN01000016.1:927512-928565+	MCFN01001047.1:114720-115321+	20	77	0	108,113,116,122,134	27,32,35,41,53	1	1,2,3,4,5	27	27	579	20|12|3|1|5|2|13|12|1|2|2|4
GA	Calsqu	LTR	ERV1	DR0012879	MCFN01000016.1:927512-928565+	MCFN01001475.1:19363-19957-	14	47	0	581,583,591,592,593	521,523,531,532,533	1	6,7,8,9,10	13	13	381	14|8|2|0|7|2|6|3|1|1|1|2
GA	Calsqu	LTR	ERV1	DR0012902	MCFN01000024.1:2354492-2361927+	MCFN01000480.1:687252-687871-	9	43	0	7325,7326,7332,7343,7353	508,509,516,527,537	1	5,6,7,8,9	30	30	526	9|5|1|1|3|4|5|6|3|3|0|3
GA	Calsqu	LTR	ERV1	DR0012906	MCFN01000166.1:1312757-1315495-	MCFN01006042.1:2964-5020-	60	221	0	366,380,390,398,404,434,436	504,519,529,537,543,573,575	1	13,14,15,16,17,18,19	72	72	1913	60|40|4|7|8|11|33|25|5|11|7|10
GA	Calsqu	LTR	ERV1	DR0012906	MCFN01000166.1:1312757-1315495-	MCFN01016885.1:0-1688-	58	195	0	366,380,390,398,434,436	12,27,37,45,81,83	1	1,2,3,4,5,6	72	72	1681	58|41|4|3|9|5|31|22|3|7|5|7
GA	Calsqu	LTR	ERV1	DR0012906	MCFN01000166.1:1312757-1315495-	MCFN01012340.1:1-2206+	71	244	0	1827,1845,1855,1869,1887	915,933,943,957,975	1	31,32,33,34,35	61	61	1816	71|47|3|6|14|8|45|24|4|6|8|8
GA	Calsqu	LTR	ERV1	DR0012844	MCFN01000585.1:249560-250140-	MCFN01000701.1:477-1018+	20	96	0	269,278,282,285,288,289	223,230,234,237,240,241	1	4,5,6,7,8,9	19	19	520	20|17|3|4|3|8|14|12|1|5|4|5
GA	Calsqu	LTR	ERV1	DR0012906	MCFN01000166.1:1312757-1315495-	MCFN01014838.1:1-1810-	39	135	0	366,380,390,398,434,436	1048,1063,1073,1081,1117,1119	1	13,14,15,16,17,18	72	72	1128	39|28|3|3|1|8|24|19|1|2|3|4
GA	Calsqu	LTR	ERV1	DR0012906	MCFN01000166.1:1312757-1315495-	MCFN01014005.1:0-1186-	50	178	0	1827,1845,1855,1869,1887	296,314,324,338,356	1	12,13,14,15,16	61	61	1177	50|37|2|3|7|6|37|17|2|5|6|6
GA	Calsqu	LTR	ERV1	DR0012906	MCFN01000166.1:1312757-1315495-	MCFN01000212.1:1260894-1261548+	20	75	0	1827,1845,1855,1869,1887	512,530,540,554,572	1	15,16,17,18,19	61	61	654	20|14|1|1|3|0|18|9|2|4|1|2
GA	Calsqu	LTR	ERV1	DR0012902	MCFN01000024.1:2354492-2361927+	MCFN01009897.1:3296-3625-	8	40	0	6297,6300,6301,6303,6305	78,81,82,84,86	1	3,4,5,6,7	9	9	326	8|8|1|1|2|2|4|8|0|2|2|2
GA	Calsqu	LTR	ERV1	DR0012857	MCFN01000020.1:3239090-3239347+	MCFN01001387.1:7795-8198+	8	11	0	32,46,47,64,65,7,72,73	31,45,46,6,63,64,71,72	1	1,2,3,4,5,6,7,8	67	67	254	8|0|0|1|0|1|0|1|0|0|0|0
GA	Calsqu	LTR	ERV1	DR0012857	MCFN01000020.1:3239090-3239347+	MCFN01025066.1:0-269-	8	13	0	46,47,64,65,7,72,73	46,47,64,65,7,72,73	1	1,2,3,4,5,6,7	67	67	254	8|0|0|0|0|0|2|1|1|0|0|1
GA	Calsqu	LTR	ERV1	DR0012857	MCFN01000020.1:3239090-3239347+	MCFN01000079.1:1246108-1246411-	12	16	0	46,47,59,64,65,68,7,72,73	12,51,52,64,69,70,73,77,78	1	1,2,3,4,5,6,7,8,9	67	67	253	12|0|0|0|0|0|2|1|1|0|0|0
GA	Calsqu	LTR	ERV1	DR0012857	MCFN01000020.1:3239090-3239347+	MCFN01020101.1:1058-1464+	11	19	0	46,47,64,65,72,73	47,48,65,66,73,74	1	3,4,5,6,7,8	28	28	255	11|2|0|2|0|0|2|2|0|0|0|0
GA	Calsqu	LTR	ERV1	DR0012857	MCFN01000020.1:3239090-3239347+	MCFN01003121.1:1335-1521-	11	14	0	46,47,64,65,7,72,73	46,47,64,65,7,72,73	1	1,2,3,4,5,6,7	67	67	178	11|0|0|0|0|1|0|1|0|0|0|1
GA	Calsqu	LTR	ERV1	DR0012857	MCFN01000020.1:3239090-3239347+	MCFN01033694.1:824-1014+	10	17	0	46,47,64,65,72,73	45,46,63,64,71,72	1	2,3,4,5,6,7	28	28	191	10|1|0|0|0|0|2|2|1|0|0|1
GA	Calsqu	LTR	ERV1	DR0012857	MCFN01000020.1:3239090-3239347+	MCFN01000569.1:192198-192371+	11	13	0	31,46,47,64,65,7,72,73,74	32,47,48,65,66,73,74,75,8	1	1,2,3,4,5,6,7,8,9	68	68	170	11|0|0|0|0|0|0|2|0|0|0|0
GA	Calsqu	LTR	ERV1	DR0012906	MCFN01000177.1:78091-79002-	MCFN01000619.1:72150-73063-	19	52	0	745,757,759,761,763,765,767,769	743,755,757,759,761,763,765,767	1	10,11,12,13,14,15,16,17	25	25	912	19|6|0|5|0|1|7|5|1|5|2|1
GA	Calsqu	LTR	ERV1	DR0012857	MCFN01000020.1:3239090-3239347+	MCFN01000139.1:1618463-1618617+	7	11	0	46,47,64,65,72,73	44,45,62,63,70,71	1	1,2,3,4,5,6	28	28	148	7|1|0|0|0|0|2|0|1|0|0|0
GA	Calsqu	LTR	ERV1	DR0012992	MCFN01000100.1:1587773-1588481-	MCFN01001462.1:3370-4058-	22	120	0	117,139,144,149,153	113,118,123,127,91	1	3,4,5,6,7	37	37	683	22|19|4|3|6|11|15|17|3|6|7|7
GA	Calsqu	LTR	ERV1	DR0012851	MCFN01000044.1:3246-10067+	MCFN01000588.1:474166-480460-	91	430	0	6655,6661,6666,6668,6680	4198,4204,4209,4211,4223	1	81,82,83,84,85	26	26	2287	91|79|27|25|28|24|23|39|22|21|32|19
GA	Calsqu	LTR	ERV1	DR0012922	MCFN01000089.1:354177-354699+	MCFN01001647.1:10290-10805+	9	30	0	110,118,125,129,169	110,118,125,129,169	1	3,4,5,6,7	60	60	518	9|4|0|2|2|1|4|6|0|2|0|0
GA	Calsqu	LTR	ERV1	DR0012922	MCFN01000089.1:354177-354699+	MCFN01001954.1:13571-13970+	13	41	0	239,244,259,273,276	114,119,134,141,144	1	3,4,5,6,7	31	31	369	13|3|1|3|0|4|2|7|1|3|2|2
GA	Calsqu	LTR	ERV1	DR0012992	MCFN01000103.1:241171-241875+	MCFN01000290.1:95802-96473+	14	80	0	557,566,570,582,595	527,536,540,551,564	1	7,8,9,10,11	38	38	687	14|14|3|6|6|3|13|9|1|4|1|6
GA	Calsqu	LTR	ERV1	DR0012902	MCFN01000044.1:2011000-2011521+	MCFN01000480.1:687252-687871-	8	39	0	397,419,420,427,438	486,508,509,516,527	1	4,5,6,7,8	42	42	519	8|7|1|1|3|4|5|3|2|3|0|2
GA	Calsqu	LTR	ERV1	DR0012922	MCFN01000093.1:760187-760702-	MCFN01002318.1:2671-3222+	8	33	0	201,222,235,242,275	202,223,236,243,278	1	4,5,6,7,8	77	77	419	8|4|1|4|1|2|3|5|0|1|1|3
GA	Calsqu	LTR	ERV1	DR0012922	MCFN01000093.1:760187-760702-	MCFN01006260.1:416-726-	11	25	0	188,202,222,235,248,278	189,203,224,237,250,282	1	6,7,8,9,10,11	94	94	302	11|1|0|1|0|0|4|3|0|2|0|3
GA	Calsqu	LTR	ERV1	DR0012857	MCFN01000026.1:1319524-1319833+	MCFN01001387.1:7795-8198+	6	12	0	111,112,121,79,93,94	31,45,46,63,64,71	1	1,2,3,4,5,6	41	41	258	6|1|0|1|1|1|2|0|0|0|0|0
GA	Calsqu	LTR	ERV1	DR0012857	MCFN01000026.1:1319524-1319833+	MCFN01025066.1:0-269-	7	14	0	111,112,119,120,93,94	46,47,64,65,72,73	1	1,2,3,4,5,6	28	28	259	7|2|0|0|1|0|3|0|0|0|0|1
GA	Calsqu	LTR	ERV1	DR0012857	MCFN01000026.1:1319524-1319833+	MCFN01000079.1:1246108-1246411-	10	17	0	106,111,112,115,121,93,94	51,52,64,69,70,73,77	1	1,2,3,4,5,6,7	27	27	254	10|1|0|0|1|0|5|0|0|0|0|0
GA	Calsqu	LTR	ERV1	DR0012857	MCFN01000026.1:1319524-1319833+	MCFN01020101.1:1058-1464+	9	20	0	111,112,121,93,94	47,48,65,66,73	1	2,3,4,5,6	27	27	258	9|4|0|1|1|0|4|1|0|0|0|0
GA	Calsqu	LTR	ERV1	DR0012857	MCFN01000026.1:1319524-1319833+	MCFN01003121.1:1335-1521-	9	13	0	111,112,119,120,93,94	46,47,64,65,72,73	1	1,2,3,4,5,6	28	28	179	9|1|0|0|1|1|0|0|0|0|0|1
GA	Calsqu	LTR	ERV1	DR0012857	MCFN01000026.1:1319524-1319833+	MCFN01000569.1:192198-192371+	8	12	0	111,112,121,123,78,93,94	32,47,48,65,66,73,75	1	1,2,3,4,5,6,7	44	44	171	8|1|0|0|1|0|1|1|0|0|0|0
GA	Calsqu	LTR	ERV1	DR0012857	MCFN01000026.1:1319524-1319833+	MCFN01000139.1:1618463-1618617+	7	12	0	111,112,119,120,93,94	44,45,62,63,70,71	1	1,2,3,4,5,6	28	28	149	7|1|0|0|0|0|3|0|1|0|0|0
GA	Calsqu	LTR	ERV1	DR0012902	MCFN01000054.1:928283-928818+	MCFN01000480.1:687252-687871-	7	37	0	424,425,432,443,453	508,509,516,527,537	1	3,4,5,6,7	30	30	529	7|3|1|1|2|4|7|6|1|3|0|2
GA	Calsqu	LTR	ERV1	DR0012857	MCFN01000033.1:1530588-1530984+	MCFN01001387.1:7795-8198+	10	16	0	30,44,45,54,62,63,70,71	31,45,46,55,63,64,71,72	1	1,2,3,4,5,6,7,8	42	42	393	10|1|0|1|0|3|1|0|0|0|0|0
GA	Calsqu	LTR	ERV1	DR0012857	MCFN01000033.1:1530588-1530984+	MCFN01020101.1:1058-1464+	12	21	0	44,45,54,62,63,70,71	47,48,57,65,66,73,74	1	2,3,4,5,6,7,8	28	28	394	12|4|0|1|0|0|3|1|0|0|0|0
GA	Calsqu	LTR	ERV1	DR0012857	MCFN01000033.1:1530588-1530984+	MCFN01007716.1:3863-4246-	10	32	0	54,62,63,70,71	56,64,65,72,73	1	3,4,5,6,7	18	18	382	10|5|1|2|3|1|3|1|3|1|1|1
GA	Calsqu	LTR	ERV1	DR0012857	MCFN01000033.1:1530588-1530984+	MCFN01000079.1:1246108-1246411-	13	17	0	44,45,54,57,62,63,66,70,71	51,52,61,64,69,70,73,77,78	1	1,2,3,4,5,6,7,8,9	28	28	292	13|0|0|0|0|0|3|1|0|0|0|0
GA	Calsqu	LTR	ERV1	DR0012857	MCFN01000033.1:1530588-1530984+	MCFN01025066.1:0-269-	8	13	0	44,45,54,62,63,70,71	46,47,56,64,65,72,73	1	1,2,3,4,5,6,7	28	28	267	8|0|0|0|0|1|2|0|1|0|0|1
GA	Calsqu	LTR	ERV1	DR0012992	MCFN01000206.1:390134-390731-	MCFN01000290.1:95802-96473+	14	64	0	457,461,463,471,476,488	536,540,542,547,552,564	1	6,7,8,9,10,11	29	29	405	14|16|1|4|3|4|7|7|2|1|2|3
GA	Calsqu	LTR	ERV1	DR0012857	MCFN01000033.1:1530588-1530984+	MCFN01033694.1:824-1014+	9	15	0	44,45,54,62,63,70,71	45,46,55,63,64,71,72	1	1,2,3,4,5,6,7	28	28	190	9|1|0|0|0|0|2|1|1|0|0|1
GA	Calsqu	LTR	ERV1	DR0012857	MCFN01000033.1:1530588-1530984+	MCFN01003121.1:1335-1521-	11	13	0	44,45,54,62,63,70,71	46,47,56,64,65,72,73	1	1,2,3,4,5,6,7	28	28	182	11|0|0|0|0|1|0|0|0|0|0|1
GA	Calsqu	LTR	ERV1	DR0012857	MCFN01000033.1:1530588-1530984+	MCFN01000569.1:192198-192371+	11	12	0	159,160,29,44,45,54,62,63,70,71,72	161,162,32,47,48,57,65,66,73,74,75	1	1,2,3,4,5,6,7,8,9,10,11	131	131	169	11|0|0|0|0|0|0|1|0|0|0|0
GA	Calsqu	LTR	ERV1	DR0012857	MCFN01000033.1:1530588-1530984+	MCFN01000139.1:1618463-1618617+	8	13	0	44,45,54,62,63,70,71	44,45,54,62,63,70,71	1	1,2,3,4,5,6,7	28	28	148	8|1|0|0|0|0|3|0|1|0|0|0
GA	Calsqu	LTR	ERV1	DR0012866	MCFN01000142.1:1569017-1571576+	MCFN01012845.1:668-2104-	12	72	0	968,970,971,973,974	619,621,622,624,625	1	2,3,4,5,6	7	7	1368	12|14|0|1|2|4|18|12|2|2|4|1
GA	Calsqu	LTR	ERV1	DR0012902	MCFN01000062.1:2119530-2123464-	MCFN01001447.1:9372-13994+	119	433	0	2201,2225,2226,2233,2251,2259	2185,2209,2210,2217,2235,2243	1	61,62,63,64,65,66	59	59	3631	119|89|7|18|10|16|76|49|7|12|10|20
GA	Calsqu	LTR	ERV1	DR0012866	MCFN01000142.1:1569017-1571576+	MCFN01001170.1:74524-75924+	34	211	0	1533,1535,1537,1539,1545	615,617,619,622,628	1	9,10,11,12,13	14	14	1392	34|26|10|15|9|16|38|29|7|7|10|10
GA	Calsqu	LTR	ERV1	DR0012906	MCFN01000588.1:507208-508211-	MCFN01002029.1:13643-14031-	17	41	0	779,783,788,795,808,813	164,168,173,180,193,198	1	7,8,9,10,11,12	35	35	384	17|9|0|0|2|0|3|5|0|3|0|2
GA	Calsqu	LTR	ERV1	DR0012906	MCFN01000588.1:507208-508211-	MCFN01001719.1:17977-18350-	11	29	0	779,783,863,871,880	164,168,233,241,250	1	4,5,6,7,8	87	87	377	11|7|0|1|1|0|4|2|1|1|0|1
GA	Calsqu	LTR	ERV1	DR0012902	MCFN01000062.1:2119530-2123464-	MCFN01010461.1:0-3007-	106	420	0	2201,2225,2226,2233,2251,2253,2259	1881,1905,1906,1913,1931,1933,1939	1	64,65,66,67,68,69,70	59	59	3004	106|76|11|14|13|18|70|55|13|14|11|19
GA	Calsqu	LTR	ERV1	DR0012902	MCFN01000062.1:2119530-2123464-	MCFN01010205.1:4-3341-	87	302	0	2201,2225,2226,2233,2251,2259	880,904,905,912,930,938	1	27,28,29,30,31,32	59	59	2458	87|63|6|10|10|11|56|31|2|8|12|6
GA	Calsqu	LTR	ERV1	DR0012902	MCFN01000062.1:2119530-2123464-	MCFN01000843.1:1509-4102+	81	304	0	2201,2219,2226,2233,2251,2259,2260	2182,2200,2207,2214,2232,2240,2241	1	64,65,66,67,68,69,70	60	60	2459	81|66|3|15|10|7|45|35|3|9|11|19
GA	Calsqu	LTR	ERV1	DR0012902	MCFN01000062.1:2119530-2123464-	MCFN01000197.1:0-3999+	90	309	0	2201,2225,2226,2233,2251,2259,2260	553,577,578,585,603,611,612	1	25,26,27,28,29,30,31	60	60	2292	90|64|4|8|10|13|56|41|3|6|5|9
GA	Calsqu	LTR	ERV1	DR0012902	MCFN01000062.1:2119530-2123464-	MCFN01002003.1:11226-14289-	17	72	0	3792,3828,3831,3836,3842	2986,3022,3025,3030,3036	1	13,14,15,16,17	51	51	874	17|13|3|2|1|1|18|10|1|2|1|3
GA	Calsqu	LTR	ERV1	DR0012902	MCFN01000062.1:2119530-2123464-	MCFN01011799.1:0-2341-	91	326	0	2201,2225,2226,2233,2251,2253,2259	1215,1239,1240,1247,1265,1267,1273	1	49,50,51,52,53,54,55	59	59	2339	91|62|8|9|11|14|53|39|7|10|6|16
GA	Calsqu	LTR	ERV1	DR0012992	MCFN01000227.1:1004002-1004593+	MCFN01000290.1:95802-96473+	17	78	0	549,558,562,575,587	527,536,540,552,564	1	13,14,15,16,17	38	38	578	17|9|3|7|2|6|15|7|1|4|4|3
GA	Calsqu	LTR	ERV1	DR0012902	MCFN01000062.1:2119530-2123464-	MCFN01001177.1:8570-13536-	81	284	0	2225,2226,2233,2251,2259	445,446,453,471,479	1	22,23,24,25,26	35	35	2155	81|64|5|7|11|10|49|30|4|5|8|10
GA	Calsqu	LTR	ERV1	DR0012912	MCFN01000149.1:1507615-1508107+	MCFN01000274.1:660644-661123+	18	75	0	158,167,170,171,179	158,167,170,171,179	1	6,7,8,9,10	22	22	453	18|12|1|5|2|7|10|7|4|3|2|4
GA	Calsqu	LTR	ERV1	DR0012902	MCFN01000062.1:2119530-2123464-	MCFN01000212.1:1247917-1250349+	79	293	0	1058,1066,1071,1073,1088,2201,2225,2226,2233,2251,2259,2260	1033,1041,1046,1048,1063,2161,2185,2186,2193,2211,2219,2220	2	18,19,20,21,22,66,67,68,69,70,71,72	91	1188	2166	79|58|3|8|7|10|46|38|10|12|7|15
GA	Calsqu	LTR	ERV1	DR0012902	MCFN01000062.1:2119530-2123464-	MCFN01013200.1:0-2045-	69	229	0	2201,2225,2226,2233,2251,2259	880,904,905,912,930,938	1	27,28,29,30,31,32	59	59	1871	69|46|5|9|8|9|38|21|2|7|12|3
GA	Calsqu	LTR	ERV1	DR0012902	MCFN01000062.1:2119530-2123464-	MCFN01014569.1:0-1866-	72	245	0	2201,2225,2226,2233,2251,2253,2259	740,764,765,772,790,792,798	1	30,31,32,33,34,35,36	59	59	1849	72|50|6|6|8|10|43|31|2|5|5|7
GA	Calsqu	LTR	ERV1	DR0012902	MCFN01000062.1:2119530-2123464-	MCFN01001460.1:4844-6988+	25	120	0	2501,2522,2533,2552,2555	102,123,134,153,156	1	1,2,3,4,5	55	55	1463	25|19|5|7|8|6|19|17|2|1|3|8
GA	Calsqu	LTR	ERV1	DR0012992	MCFN01000241.1:32784-33441-	MCFN01000924.1:47942-48627-	15	67	0	518,534,537,543,546	550,566,569,575,578	1	8,9,10,11,12	29	29	417	15|13|2|0|5|6|9|6|1|4|2|4
GA	Calsqu	LTR	ERV1	DR0012857	MCFN01000041.1:721571-721726+	MCFN01000569.1:192198-192371+	9	10	0	64,65,72,73,74	65,66,73,74,75	1	5,6,7,8,9	11	11	153	9|1|0|0|0|0|0|0|0|0|0|0
GA	Calsqu	LTR	ERV1	DR0012973	MCFN01000072.1:2109264-2110026+	MCFN01021096.1:321-1431+	7	37	0	286,295,301,311,314	958,967,973,983,986	1	2,3,4,5,6	29	29	439	7|3|0|2|3|3|3|4|3|1|4|4
GA	Calsqu	LTR	ERV1	DR0012973	MCFN01000072.1:2109264-2110026+	MCFN01023076.1:321-1339+	7	29	0	286,295,301,311,314	958,967,973,983,986	1	2,3,4,5,6	29	29	344	7|3|1|1|2|1|3|4|2|1|1|3
GA	Calsqu	LTR	ERV1	DR0012855	MCFN01000034.1:1263937-1264595+	MCFN01014955.1:1113-1827-	10	39	0	289,290,292,303,304	347,348,350,361,362	1	1,2,3,4,5	16	16	657	10|6|2|1|0|0|9|4|0|3|1|3
GA	Calsqu	LTR	ERV1	DR0012906	MCFN01000736.1:35701-36837+	MCFN01001542.1:729-1904+	15	85	0	937,939,945,949,954	582,584,590,594,599	1	8,9,10,11,12	18	18	772	15|6|4|4|2|2|10|12|4|11|10|5
GA	Calsqu	LTR	ERV1	DR0012857	MCFN01000041.1:1524626-1524896+	MCFN01001387.1:7795-8198+	10	18	0	55,63,64,71,72	55,63,64,71,72	1	5,6,7,8,9	18	18	270	10|0|0|1|0|1|1|4|0|0|1|0
GA	Calsqu	LTR	ERV1	DR0012857	MCFN01000041.1:1524626-1524896+	MCFN01025066.1:0-269-	10	19	0	55,63,64,71,72	56,64,65,72,73	1	4,5,6,7,8	18	18	263	10|0|0|0|0|0|3|3|1|0|1|1
GA	Calsqu	LTR	ERV1	DR0012857	MCFN01000041.1:1524626-1524896+	MCFN01000079.1:1246108-1246411-	15	25	0	55,58,63,64,67,71,72	61,64,69,70,73,77,78	1	4,5,6,7,8,9,10	18	18	269	15|0|1|0|0|0|4|3|0|0|1|1
GA	Calsqu	LTR	ERV1	DR0012857	MCFN01000041.1:1524626-1524896+	MCFN01020101.1:1058-1464+	13	27	0	55,63,64,71,72	57,65,66,73,74	1	5,6,7,8,9	18	18	270	13|3|0|1|0|0|3|5|0|0|1|1
GA	Calsqu	LTR	ERV1	DR0012922	MCFN01000120.1:2889-3407+	MCFN01001507.1:13505-13814-	6	21	0	130,149,173,181,202	130,149,173,181,202	1	1,2,3,4,5	73	73	309	6|4|0|1|2|0|4|3|1|0|0|0
GA	Calsqu	LTR	ERV1	DR0012857	MCFN01000041.1:1524626-1524896+	MCFN01033694.1:824-1014+	11	19	0	55,63,64,71,72	55,63,64,71,72	1	4,5,6,7,8	18	18	190	11|2|0|0|0|0|3|2|0|0|1|0
GA	Calsqu	LTR	ERV1	DR0012857	MCFN01000041.1:1524626-1524896+	MCFN01003121.1:1335-1521-	12	16	0	55,63,64,71,72	56,64,65,72,73	1	4,5,6,7,8	18	18	181	12|0|0|0|0|1|0|1|0|0|1|1
GA	Calsqu	LTR	ERV1	DR0012857	MCFN01000041.1:1524626-1524896+	MCFN01000569.1:192198-192371+	12	15	0	55,63,64,71,72,73	57,65,66,73,74,75	1	5,6,7,8,9,10	19	19	170	12|0|0|0|0|0|0|2|0|0|1|0
GA	Calsqu	LTR	ERV1	DR0012922	MCFN01000120.1:2889-3407+	MCFN01002448.1:10719-11119+	10	26	0	243,244,247,264,278,279,281	114,115,118,135,142,143,145	1	1,2,3,4,5,6,7	32	32	286	10|1|0|2|1|1|2|6|0|2|1|0
GA	Calsqu	LTR	ERV1	DR0012931	MCFN01000684.1:387726-388218+	MCFN01001861.1:5090-5462+	16	48	0	256,257,258,259,261	258,259,260,261,263	1	10,11,12,13,14	6	6	364	16|8|2|4|3|2|2|4|4|0|0|3
GA	Calsqu	LTR	ERV1	DR0012922	MCFN01000120.1:2889-3407+	MCFN01002448.1:4539-4939-	10	26	0	243,244,247,264,278,279,281	114,115,118,135,142,143,145	1	1,2,3,4,5,6,7	32	32	286	10|1|0|2|1|1|2|6|0|2|1|0
GA	Calsqu	LTR	ERV1	DR0012922	MCFN01000120.1:2889-3407+	MCFN01000655.1:359950-360335-	10	31	0	243,244,247,264,275	112,113,116,133,140	1	1,2,3,4,5	29	29	286	10|2|0|2|2|1|2|7|0|4|1|0
GA	Calsqu	LTR	ERV1	DR0012857	MCFN01000041.1:1524626-1524896+	MCFN01000139.1:1618463-1618617+	8	13	0	55,63,64,71,72	54,62,63,70,71	1	3,4,5,6,7	18	18	148	8|1|0|0|0|0|2|0|1|0|1|0
GA	Calsqu	LTR	ERV1	DR0012902	MCFN01000066.1:188049-188583-	MCFN01000619.1:73169-73455-	7	19	0	102,124,129,43,96	102,124,129,43,96	1	1,2,3,4,5	87	87	284	7|4|0|0|1|2|1|3|0|1|0|0
GA	Calsqu	LTR	ERV1	DR0012922	MCFN01000120.1:1608398-1608918+	MCFN01022561.1:282-682-	9	28	0	237,257,271,272,274	115,135,142,143,145	1	1,2,3,4,5	31	31	307	9|3|0|1|1|2|3|4|0|2|3|0
GA	Calsqu	LTR	ERV1	DR0012922	MCFN01000120.1:1608398-1608918+	MCFN01002448.1:10719-11119+	9	28	0	237,257,271,272,274	115,135,142,143,145	1	1,2,3,4,5	31	31	307	9|5|0|1|1|2|3|3|0|2|2|0
GA	Calsqu	LTR	ERV1	DR0012922	MCFN01000120.1:1608398-1608918+	MCFN01002448.1:4539-4939-	9	28	0	237,257,271,272,274	115,135,142,143,145	1	1,2,3,4,5	31	31	307	9|5|0|1|1|2|3|3|0|2|2|0
GA	Calsqu	LTR	ERV1	DR0012922	MCFN01000120.1:1608398-1608918+	MCFN01000996.1:173879-174279+	9	28	0	237,257,271,272,274	115,135,142,143,145	1	1,2,3,4,5	31	31	307	9|3|0|1|1|2|3|4|0|2|3|0
GA	Calsqu	LTR	ERV1	DR0012922	MCFN01000120.1:1608398-1608918+	MCFN01001954.1:13571-13970+	11	35	0	237,242,257,271,272,274	114,119,134,141,142,144	1	1,2,3,4,5,6	31	31	307	11|6|0|1|1|3|4|4|0|1|3|1
GA	Calsqu	LTR	ERV1	DR0012922	MCFN01000120.1:1608398-1608918+	MCFN01000674.1:301538-301925+	10	37	0	237,248,257,271,272,274	102,113,122,129,130,132	1	1,2,3,4,5,6	31	31	307	10|4|1|1|3|2|5|6|0|2|3|0
GA	Calsqu	LTR	ERV1	DR0012857	MCFN01000043.1:1314988-1315292+	MCFN01025066.1:0-269-	8	15	0	53,54,71,72,79,80	46,47,64,65,72,73	1	3,4,5,6,7,8	28	28	215	8|2|0|0|0|0|3|1|1|0|0|0
GA	Calsqu	LTR	ERV1	DR0012857	MCFN01000043.1:1314988-1315292+	MCFN01001387.1:7795-8198+	9	14	0	39,53,54,71,72,79,80	31,45,46,63,64,71,72	1	3,4,5,6,7,8,9	42	42	215	9|2|0|1|0|1|1|0|0|0|0|0
GA	Calsqu	LTR	ERV1	DR0012857	MCFN01000043.1:1314988-1315292+	MCFN01000079.1:1246108-1246411-	12	19	0	53,54,66,71,72,75,79,80	51,52,64,69,70,73,77,78	1	3,4,5,6,7,8,9,10	28	28	215	12|2|0|0|0|1|3|0|0|1|0|0
GA	Calsqu	LTR	ERV1	DR0012866	MCFN01000299.1:234202-234933-	MCFN01000539.1:352080-353681-	19	92	0	340,364,366,373,376	1213,1237,1239,1246,1249	1	10,11,12,13,14	37	37	720	19|13|3|7|8|3|9|9|5|7|2|7
GA	Calsqu	LTR	ERV1	DR0012857	MCFN01000043.1:1314988-1315292+	MCFN01020101.1:1058-1464+	10	19	0	53,54,71,72,79,80	47,48,65,66,73,74	1	4,5,6,7,8,9	28	28	215	10|3|0|1|0|1|3|1|0|0|0|0
GA	Calsqu	LTR	ERV1	DR0012857	MCFN01000043.1:1314988-1315292+	MCFN01003121.1:1335-1521-	11	14	0	53,54,71,72,79,80	46,47,64,65,72,73	1	3,4,5,6,7,8	28	28	179	11|2|0|0|0|1|0|0|0|0|0|0
GA	Calsqu	LTR	ERV1	DR0012906	MCFN01000907.1:228216-229225-	MCFN01002029.1:13643-14031-	16	43	0	770,779,786,799,804	164,173,180,193,198	1	8,9,10,11,12	35	35	387	16|7|0|1|2|3|3|7|0|2|2|0
GA	Calsqu	LTR	ERV1	DR0012866	MCFN01000299.1:234202-234933-	MCFN01000924.1:25114-27419+	21	105	0	132,135,157,158,166	162,165,181,182,190	1	3,4,5,6,7	29	29	664	21|20|4|2|7|7|9|19|4|3|2|7
GA	Calsqu	LTR	ERV1	DR0012857	MCFN01000043.1:1314988-1315292+	MCFN01000569.1:192198-192371+	11	15	0	38,53,54,71,72,79,80,81	32,47,48,65,66,73,74,75	1	3,4,5,6,7,8,9,10	44	44	171	11|2|0|0|0|1|0|1|0|0|0|0
GA	Calsqu	LTR	ERV1	DR0012992	MCFN01000411.1:647835-648498-	MCFN01002010.1:9373-10243-	17	89	0	511,515,552,553,559	712,716,751,752,758	1	12,13,14,15,16	47	47	670	17|11|4|3|1|5|15|18|8|2|0|5
GA	Calsqu	LTR	ERV1	DR0012992	MCFN01000411.1:647835-648498-	MCFN01000571.1:51402-52082-	20	105	0	511,515,518,552,553,559	524,528,531,563,564,570	1	15,16,17,18,19,20	47	47	650	20|15|4|5|6|5|17|11|4|4|7|7
GA	Calsqu	LTR	ERV1	DR0012922	MCFN01000157.1:1370451-1370990+	MCFN01001954.1:13571-13970+	8	37	0	239,242,244,259,265	114,117,119,134,140	1	1,2,3,4,5	27	27	316	8|12|1|1|0|4|5|2|0|1|2|1
GA	Calsqu	LTR	ERV1	DR0012992	MCFN01000411.1:647835-648498-	MCFN01001034.1:75191-75868+	21	115	0	168,169,171,176,191	197,198,200,205,221	1	5,6,7,8,9	25	25	659	21|14|7|2|1|9|21|17|3|5|3|12
GA	Calsqu	LTR	ERV1	DR0012906	MCFN01000907.1:243958-247086-	MCFN01002029.1:13643-14031-	16	39	0	750,759,766,779,784	164,173,180,193,198	1	8,9,10,11,12	35	35	386	16|9|0|0|1|1|5|3|1|2|0|1
GA	Calsqu	LTR	ERV1	DR0012906	MCFN01000907.1:243958-247086-	MCFN01002029.1:13643-14031-	10	27	0	2633,2642,2649,2662,2667	164,173,180,193,198	1	2,3,4,5,6	35	35	256	10|7|0|0|1|0|2|4|1|2|0|0
GA	Calsqu	LTR	ERV1	DR0012992	MCFN01000422.1:517251-517908-	MCFN01012875.1:312-1031-	10	34	0	475,478,485,492,493	535,538,545,552,553	1	2,3,4,5,6	19	19	249	10|4|1|1|2|0|6|6|2|1|1|0
GA	Calsqu	LTR	ERV1	DR0012992	MCFN01000422.1:517251-517908-	MCFN01010393.1:2005-2698-	10	34	0	475,478,485,492,493	509,512,519,526,527	1	2,3,4,5,6	19	19	249	10|4|1|1|2|0|6|6|2|1|1|0
GA	Calsqu	LTR	ERV1	DR0012902	MCFN01000072.1:2162171-2163986-	MCFN01000843.1:1509-4102+	45	236	0	1475,1478,1484,1499,1506	2128,2131,2137,2152,2159	1	34,35,36,37,38	32	32	1806	45|40|12|11|4|13|47|22|7|14|9|12
GA	Calsqu	LTR	ERV1	DR0012906	MCFN01000907.1:247924-248901-	MCFN01002029.1:13643-14031-	15	37	0	783,792,799,812,817	164,173,180,193,198	1	8,9,10,11,12	35	35	358	15|7|0|0|1|1|5|5|0|2|0|1
GA	Calsqu	LTR	ERV1	DR0012866	MCFN01000325.1:3978-5812-	MCFN01000525.1:462464-464322-	26	105	0	1023,1024,1025,1026,1027,1028,1029,1030,1031	1043,1044,1045,1046,1047,1048,1049,1050,1051	1	15,16,17,18,19,20,21,22,23	9	9	1846	26|11|3|1|3|5|20|20|6|4|3|3
GA	Calsqu	LTR	ERV1	DR0012866	MCFN01000325.1:3978-5812-	MCFN01010387.1:136-2762-	32	145	0	1021,1022,1023,1024,1025,1026,1027,1028,1029	1032,1033,1034,1035,1036,1037,1038,1039,1041	1	12,13,14,15,16,17,18,19,20	10	10	1801	32|22|6|3|2|6|24|29|3|5|7|6
GA	Calsqu	LTR	ERV1	DR0012866	MCFN01000325.1:3978-5812-	MCFN01001381.1:36490-38374+	30	143	0	1022,1023,1024,1025,1026,1027,1028,1029	1029,1030,1031,1032,1033,1034,1035,1038	1	14,15,16,17,18,19,20,21	10	10	1801	30|23|3|6|4|8|20|28|3|5|6|7
GA	Calsqu	LTR	ERV1	DR0012866	MCFN01000325.1:3978-5812-	MCFN01012845.1:668-2104-	20	76	0	1020,1021,1022,1024,1025,1026,1027,1028,1034,984	557,617,618,619,621,622,623,624,625,630	1	7,8,9,10,11,12,13,14,15,16	74	74	1421	20|8|1|1|4|5|12|14|2|3|5|1
GA	Calsqu	LTR	ERV1	DR0012866	MCFN01000325.1:3978-5812-	MCFN01005992.1:3894-5466-	28	105	0	1020,1021,1023,1024,1025,1026,1027,1028	774,775,777,778,779,780,781,782	1	11,12,13,14,15,16,17,18	9	9	1535	28|9|3|3|2|5|14|25|3|3|5|5
GA	Calsqu	LTR	ERV1	DR0012866	MCFN01000325.1:3978-5812-	MCFN01000881.1:162365-163801-	20	81	0	1023,1024,1025,1026,1027,1028,1034	623,624,625,626,627,628,633	1	8,9,10,11,12,13,14	11	11	1416	20|9|3|3|2|2|15|17|3|3|3|1
GA	Calsqu	LTR	ERV1	DR0012866	MCFN01000325.1:3978-5812-	MCFN01012680.1:0-2087+	22	93	0	1020,1021,1022,1023,1024,1025,1026,1027,1034,981	454,522,523,524,525,526,527,528,529,535	1	6,7,8,9,10,11,12,13,14,15	82	82	1284	22|8|3|3|2|8|16|19|2|2|5|3
GA	Calsqu	LTR	ERV1	DR0012857	MCFN01000043.1:1831322-1831727+	MCFN01001387.1:7795-8198+	10	23	0	31,45,46,55,63,64,71,72	31,45,46,55,63,64,71,72	1	1,2,3,4,5,6,7,8	42	42	404	10|3|1|2|1|2|1|2|0|1|0|0
GA	Calsqu	LTR	ERV1	DR0012866	MCFN01000325.1:3978-5812-	MCFN01004393.1:1410-3453-	21	88	0	1020,1021,1022,1023,1024,1025,1026,1027,1029,1034	431,432,433,434,435,436,437,438,440,444	1	3,4,5,6,7,8,9,10,11,12	14	14	1193	21|10|2|2|1|8|15|18|3|1|4|3
GA	Calsqu	LTR	ERV1	DR0012902	MCFN01000072.1:2162171-2163986-	MCFN01010461.1:0-3007-	51	269	0	1375,1383,1396,1406,1415,1553,1554,1558,1561,1581	1727,1735,1748,1758,1767,1905,1906,1910,1913,1933	2	29,30,31,32,33,41,42,43,44,45	70	207	1817	51|49|7|10|6|16|61|29|6|17|12|5
GA	Calsqu	LTR	ERV1	DR0012866	MCFN01000325.1:3978-5812-	MCFN01005578.1:3943-5279-	23	130	0	1021,1022,1023,1024,1025,1026	564,565,566,567,568,569	1	8,9,10,11,12,13	6	6	1305	23|10|6|7|3|7|20|27|4|8|7|8
GA	Calsqu	LTR	ERV1	DR0012857	MCFN01000043.1:1831322-1831727+	MCFN01020101.1:1058-1464+	11	28	0	45,46,55,63,64,71,72	47,48,57,65,66,73,74	1	2,3,4,5,6,7,8	28	28	405	11|7|1|2|0|0|3|3|0|1|0|0
GA	Calsqu	LTR	ERV1	DR0012902	MCFN01000072.1:2162171-2163986-	MCFN01010966.1:760-2657-	39	223	0	1375,1383,1396,1406,1415	1727,1735,1748,1758,1767	1	27,28,29,30,31	41	41	1551	39|37|7|9|7|13|49|27|2|17|10|6
GA	Calsqu	LTR	ERV1	DR0012902	MCFN01000072.1:2162171-2163986-	MCFN01011799.1:0-2341-	51	233	0	1375,1383,1396,1406,1415,1553,1554,1558,1561,1581	1061,1069,1082,1092,1101,1239,1240,1244,1247,1267	2	29,30,31,32,33,41,42,43,44,45	70	207	1494	51|48|3|7|6|9|49|26|6|14|8|6
GA	Calsqu	LTR	ERV1	DR0012857	MCFN01000043.1:1831322-1831727+	MCFN01007716.1:3863-4246-	11	33	0	55,63,64,71,72	56,64,65,72,73	1	3,4,5,6,7	18	18	380	11|7|1|2|2|0|4|1|0|3|1|1
GA	Calsqu	LTR	ERV1	DR0012906	MCFN01000927.1:127887-130320-	MCFN01006042.1:2964-5020-	69	227	0	498,501,508,509,515	526,529,536,537,543	1	2,3,4,5,6	18	18	1616	69|62|4|8|13|3|34|20|3|5|2|4
GA	Calsqu	LTR	ERV1	DR0012866	MCFN01000325.1:3978-5812-	MCFN01006273.1:4005-4448-	12	37	0	1024,1025,1026,1027,1028	337,338,339,340,341	1	4,5,6,7,8	5	5	450	12|2|1|4|0|1|2|5|2|2|3|3
GA	Calsqu	LTR	ERV1	DR0012992	MCFN01000467.1:437849-438518-	MCFN01002010.1:9373-10243-	15	70	0	102,145,152,154,157	303,346,353,357,360	1	1,2,3,4,5	58	58	667	15|6|2|4|4|4|11|13|4|3|2|2
GA	Calsqu	LTR	ERV1	DR0012857	MCFN01000043.1:1831322-1831727+	MCFN01000079.1:1246108-1246411-	13	23	0	45,46,55,58,63,64,67,71,72	51,52,61,64,69,70,73,77,78	1	1,2,3,4,5,6,7,8,9	28	28	295	13|1|1|1|0|0|2|2|1|1|0|1
GA	Calsqu	LTR	ERV1	DR0012912	MCFN01000209.1:751507-751993+	MCFN01000822.1:303383-303877-	15	88	0	271,278,284,287,288	284,291,297,300,301	1	8,9,10,11,12	18	18	484	15|10|1|3|3|7|17|18|2|4|3|5
GA	Calsqu	LTR	ERV1	DR0012902	MCFN01000072.1:2162171-2163986-	MCFN01014569.1:0-1866-	37	153	0	1375,1383,1396,1406,1415,1553,1554,1558,1561,1581	586,594,607,617,626,764,765,769,772,792	2	15,16,17,18,19,27,28,29,30,31	70	207	1021	37|31|2|2|3|6|38|17|3|8|4|2
GA	Calsqu	LTR	ERV1	DR0012906	MCFN01000927.1:127887-130320-	MCFN01001401.1:17332-18642-	27	91	0	1712,1719,1725,1744,1746	55,62,68,87,89	1	1,2,3,4,5	35	35	747	27|23|3|5|1|0|11|5|3|5|2|6
GA	Calsqu	LTR	ERV1	DR0012857	MCFN01000043.1:1831322-1831727+	MCFN01025066.1:0-269-	8	18	0	45,46,55,63,64,71,72	46,47,56,64,65,72,73	1	1,2,3,4,5,6,7	28	28	266	8|2|1|1|0|0|2|2|0|1|0|1
GA	Calsqu	LTR	ERV1	DR0012992	MCFN01000467.1:437849-438518-	MCFN01002630.1:5276-5726-	15	49	0	281,282,285,306,331	285,286,289,310,335	1	10,11,12,13,14	51	51	385	15|5|2|5|2|0|7|6|1|2|3|1
GA	Calsqu	LTR	ERV1	DR0012857	MCFN01000043.1:1831322-1831727+	MCFN01003121.1:1335-1521-	11	15	0	45,46,55,63,64,71,72	46,47,56,64,65,72,73	1	1,2,3,4,5,6,7	28	28	178	11|1|0|1|0|1|0|0|0|0|0|1
GA	Calsqu	LTR	ERV1	DR0012931	MCFN01001232.1:27636-28149+	MCFN01001264.1:58057-58571-	11	67	0	400,421,431,453,465,473	399,420,430,452,464,472	1	6,7,8,9,10,11	74	74	510	11|15|2|3|2|4|11|9|0|2|5|3
GA	Calsqu	LTR	ERV1	DR0012857	MCFN01000043.1:1831322-1831727+	MCFN01000569.1:192198-192371+	11	14	0	30,45,46,55,63,64,71,72,73	32,47,48,57,65,66,73,74,75	1	1,2,3,4,5,6,7,8,9	44	44	170	11|1|0|1|0|0|0|1|0|0|0|0
GA	Calsqu	LTR	ERV1	DR0012851	MCFN01000200.1:323-3754+	MCFN01000588.1:474166-480460-	56	221	0	3399,3405,3410,3412,3424	4198,4204,4209,4211,4223	1	52,53,54,55,56	26	26	1258	56|41|20|13|21|13|15|14|10|3|4|11
GA	Calsqu	LTR	ERV1	DR0012851	MCFN01000200.1:323-3754+	MCFN01000588.1:474166-480460-	49	224	0	2937,2938,2940,2946,2951,2953,2965	4195,4196,4198,4204,4209,4211,4223	1	20,21,22,23,24,25,26	29	29	1265	49|56|22|12|20|8|14|14|10|7|4|8
GA	Calsqu	LTR	ERV1	DR0012855	MCFN01000064.1:1867956-1868525+	MCFN01000754.1:185275-185843-	23	52	0	114,115,119,122,129,140,141,143,148	114,115,119,122,129,140,141,143,148	1	4,5,6,7,8,9,10,11,12	35	35	568	23|8|4|0|4|2|5|3|1|1|1|0
GA	Calsqu	LTR	ERV1	DR0012855	MCFN01000064.1:1867956-1868525+	MCFN01000508.1:58411-58980-	21	51	0	114,115,119,127,129,140,143,148	114,115,119,127,129,140,143,148	1	6,7,8,9,10,11,12,13	35	35	568	21|11|4|2|5|2|1|2|2|1|0|0
GA	Calsqu	LTR	ERV1	DR0012855	MCFN01000064.1:1867956-1868525+	MCFN01000655.1:380614-381182+	22	53	0	119,127,129,140,143,148	119,127,129,140,143,148	1	6,7,8,9,10,11	30	30	568	22|11|4|0|5|2|2|3|1|1|1|1
GA	Calsqu	LTR	ERV1	DR0012855	MCFN01000064.1:1867956-1868525+	MCFN01000420.1:644710-645281+	22	51	0	114,115,119,127,129,140,143,148	114,115,119,127,129,140,143,148	1	6,7,8,9,10,11,12,13	35	35	569	22|10|4|2|4|2|1|2|2|1|1|0
GA	Calsqu	LTR	ERV1	DR0012906	MCFN01001176.1:9704-10613+	MCFN01025078.1:236-1146+	25	75	0	707,754,756,758,760	710,758,760,762,764	1	16,17,18,19,20	55	55	906	25|10|7|4|5|2|7|5|5|1|3|1
GA	Calsqu	LTR	ERV1	DR0012855	MCFN01000064.1:1867956-1868525+	MCFN01001398.1:13192-13763-	21	52	0	114,115,119,127,129,140,143,148	114,115,119,127,129,140,143,148	1	5,6,7,8,9,10,11,12	35	35	569	21|12|4|0|4|2|2|2|2|2|1|0
GA	Calsqu	LTR	ERV1	DR0012855	MCFN01000064.1:1867956-1868525+	MCFN01002157.1:5560-6128+	23	56	0	115,119,127,129,140,143,148	115,119,127,129,140,143,148	1	6,7,8,9,10,11,12	34	34	568	23|10|4|1|4|3|4|3|2|1|1|0
GA	Calsqu	LTR	ERV1	DR0012906	MCFN01001176.1:9704-10613+	MCFN01011171.1:1511-2408-	27	72	0	707,754,756,758,760,762	693,741,743,745,747,749	1	16,17,18,19,20,21	57	57	895	27|15|5|4|5|2|4|1|2|4|1|2
GA	Calsqu	LTR	ERV1	DR0012855	MCFN01000064.1:1867956-1868525+	MCFN01000842.1:136411-136980-	21	55	0	119,127,129,140,143,148	119,127,129,140,143,148	1	7,8,9,10,11,12	30	30	566	21|12|2|2|4|2|3|4|2|1|1|1
GA	Calsqu	LTR	ERV1	DR0012906	MCFN01001176.1:9704-10613+	MCFN01014627.1:0-888+	25	72	0	707,754,756,758,760	688,736,738,740,742	1	16,17,18,19,20	55	55	884	25|10|7|3|5|2|7|4|4|1|3|1
GA	Calsqu	LTR	ERV1	DR0012855	MCFN01000064.1:1867956-1868525+	MCFN01000361.1:509615-510183+	25	58	0	114,115,122,127,129,140,143,148	114,115,122,127,129,140,143,148	1	7,8,9,10,11,12,13,14	35	35	568	25|11|3|1|5|2|3|4|1|1|1|1
GA	Calsqu	LTR	ERV1	DR0012906	MCFN01001176.1:9704-10613+	MCFN01014614.1:0-895+	24	71	0	707,754,756,758,760	695,743,745,747,749	1	15,16,17,18,19	55	55	894	24|11|7|4|5|1|7|3|4|1|3|1
GA	Calsqu	LTR	ERV1	DR0012855	MCFN01000064.1:1867956-1868525+	MCFN01000103.1:1021185-1021754-	24	56	0	117,119,127,129,140,143,148	117,119,127,129,140,143,148	1	8,9,10,11,12,13,14	32	32	568	24|11|3|0|4|4|3|1|1|2|1|2
GA	Calsqu	LTR	ERV1	DR0012855	MCFN01000064.1:1867956-1868525+	MCFN01001495.1:16219-16789+	26	58	0	114,115,119,122,127,129,140,143,148	114,115,119,122,127,129,140,143,148	1	7,8,9,10,11,12,13,14,15	35	35	569	26|11|3|1|5|2|3|3|1|1|1|1
GA	Calsqu	LTR	ERV1	DR0012855	MCFN01000064.1:1867956-1868525+	MCFN01000159.1:1504734-1505298+	22	52	0	115,119,127,129,148	111,115,123,125,144	1	5,6,7,8,9	34	34	551	22|8|3|2|5|3|2|3|2|1|1|0
GA	Calsqu	LTR	ERV1	DR0012855	MCFN01000064.1:1867956-1868525+	MCFN01002692.1:1681-2245+	21	52	0	114,115,119,127,129,148	114,115,119,127,129,142	1	5,6,7,8,9,10	29	29	566	21|12|5|1|4|3|1|2|2|1|0|0
GA	Calsqu	LTR	ERV1	DR0012855	MCFN01000064.1:1867956-1868525+	MCFN01001455.1:14331-14902+	23	54	0	114,115,119,127,129,140,143,148	114,115,119,127,129,140,143,148	1	5,6,7,8,9,10,11,12	35	35	569	23|10|2|0|5|4|4|3|1|0|2|0
GA	Calsqu	LTR	ERV1	DR0012855	MCFN01000064.1:1867956-1868525+	MCFN01000697.1:156401-156971-	25	59	0	114,115,119,122,127,129,140,143,148	114,115,119,122,127,129,140,143,148	1	7,8,9,10,11,12,13,14,15	35	35	569	25|11|3|2|4|2|3|4|2|1|1|1
GA	Calsqu	LTR	ERV1	DR0012906	MCFN01001176.1:9704-10613+	MCFN01020065.1:0-573+	17	46	0	707,754,756,758,760	373,421,423,425,427	1	8,9,10,11,12	55	55	569	17|5|3|2|4|1|5|2|3|2|1|1
GA	Calsqu	LTR	ERV1	DR0012855	MCFN01000064.1:1867956-1868525+	MCFN01000151.1:41598-42168+	24	59	0	114,115,119,122,127,129,140,143,148	114,115,119,122,127,129,140,143,148	1	7,8,9,10,11,12,13,14,15	35	35	569	24|11|3|1|5|2|4|4|1|1|1|2
GA	Calsqu	LTR	ERV1	DR0012906	MCFN01001176.1:9704-10613+	MCFN01033517.1:0-573+	17	48	0	707,754,756,758,760	373,421,423,425,427	1	8,9,10,11,12	55	55	569	17|5|3|2|4|1|5|3|3|2|2|1
GA	Calsqu	LTR	ERV1	DR0012855	MCFN01000064.1:1867956-1868525+	MCFN01000655.1:366946-367750+	25	61	0	114,115,119,122,127,129,140,143	114,115,119,122,127,129,140,143	1	7,8,9,10,11,12,13,14	30	30	568	25|13|3|1|5|2|4|4|1|1|1|1
GA	Calsqu	LTR	ERV1	DR0012855	MCFN01000064.1:1867956-1868525+	MCFN01001670.1:1197-1776+	23	54	0	114,115,119,127,129,140,143,148	114,115,119,127,129,140,143,148	1	5,6,7,8,9,10,11,12	35	35	573	23|7|5|0|6|3|2|1|3|1|1|2
GA	Calsqu	LTR	ERV1	DR0012855	MCFN01000064.1:1867956-1868525+	MCFN01003634.1:3691-4258+	23	59	0	115,119,127,129,140,143,148	115,119,127,129,140,143,148	1	5,6,7,8,9,10,11	34	34	563	23|11|5|0|5|3|3|4|2|2|1|0
GA	Calsqu	LTR	ERV1	DR0012855	MCFN01000064.1:1867956-1868525+	MCFN01001253.1:2845-3415+	27	60	0	114,115,116,119,122,127,129,140,143,148	114,115,116,119,122,127,129,140,143,148	1	7,8,9,10,11,12,13,14,15,16	35	35	569	27|10|3|1|5|2|3|3|2|2|1|1
GA	Calsqu	LTR	ERV1	DR0012855	MCFN01000064.1:1867956-1868525+	MCFN01000940.1:14522-15092+	26	60	0	114,115,119,122,127,129,140,143	114,115,119,122,127,129,140,143	1	7,8,9,10,11,12,13,14	30	30	569	26|12|3|1|5|3|3|3|1|1|1|1
GA	Calsqu	LTR	ERV1	DR0012855	MCFN01000064.1:1867956-1868525+	MCFN01000622.1:158835-159406-	27	59	0	114,115,119,122,127,129,135,140,143,148	114,115,119,122,127,129,135,140,143,148	1	7,8,9,10,11,12,13,14,15,16	35	35	569	27|11|3|1|5|2|3|3|1|1|1|1
GA	Calsqu	LTR	ERV1	DR0012855	MCFN01000064.1:1867956-1868525+	MCFN01000285.1:425818-426388+	25	60	0	114,115,119,122,127,129	114,115,119,122,127,129	1	7,8,9,10,11,12	16	16	569	25|12|3|1|5|2|3|4|1|2|1|1
GA	Calsqu	LTR	ERV1	DR0012855	MCFN01000064.1:1867956-1868525+	MCFN01000069.1:456913-457483-	26	60	0	114,115,119,122,127,129,140,143	114,115,119,122,127,129,140,143	1	7,8,9,10,11,12,13,14	30	30	569	26|12|3|1|5|2|3|4|1|1|1|1
GA	Calsqu	LTR	ERV1	DR0012855	MCFN01000064.1:1867956-1868525+	MCFN01000733.1:115159-115727+	26	61	0	114,115,119,122,127,129,140,143,148	114,115,119,122,127,129,140,143,148	1	7,8,9,10,11,12,13,14,15	35	35	565	26|12|3|2|5|2|3|3|1|1|2|1
GA	Calsqu	LTR	ERV1	DR0012855	MCFN01000064.1:1867956-1868525+	MCFN01000272.1:17607-18175+	26	58	0	115,119,122,127,129,140,143,148	113,117,120,125,127,138,141,146	1	7,8,9,10,11,12,13,14	34	34	568	26|11|4|1|4|2|3|3|1|1|1|1
GA	Calsqu	LTR	ERV1	DR0012855	MCFN01000064.1:1867956-1868525+	MCFN01000127.1:1128545-1129112-	24	61	0	114,115,119,127,129,140,143	114,115,119,127,129,140,143	1	5,6,7,8,9,10,11	30	30	567	24|9|6|0|4|3|5|4|3|2|1|0
GA	Calsqu	LTR	ERV1	DR0012855	MCFN01000064.1:1867956-1868525+	MCFN01004925.1:3596-4166+	26	61	0	114,115,119,122,127,129	114,115,119,122,127,129	1	7,8,9,10,11,12	16	16	569	26|13|3|2|5|2|3|3|1|1|1|1
GA	Calsqu	LTR	ERV1	DR0012855	MCFN01000064.1:1867956-1868525+	MCFN01001034.1:2630-3200-	25	61	0	114,115,119,122,127,129,140,143,148	114,115,119,122,127,129,140,143,148	1	7,8,9,10,11,12,13,14,15	35	35	569	25|13|3|1|6|2|4|3|1|1|1|1
GA	Calsqu	LTR	ERV1	DR0012855	MCFN01000064.1:1867956-1868525+	MCFN01000089.1:930287-930857-	26	61	0	114,115,119,122,127,129,140,143,148	114,115,119,122,127,129,140,143,148	1	7,8,9,10,11,12,13,14,15	35	35	569	26|13|3|1|5|2|3|4|1|1|1|1
GA	Calsqu	LTR	ERV1	DR0012855	MCFN01000064.1:1867956-1868525+	MCFN01000066.1:2196515-2197085-	25	61	0	114,115,119,122,127,129,140,143,148	114,115,119,122,127,129,140,143,148	1	7,8,9,10,11,12,13,14,15	35	35	569	25|14|3|1|5|2|3|4|1|1|1|1
GA	Calsqu	LTR	ERV1	DR0012855	MCFN01000064.1:1867956-1868525+	MCFN01002335.1:6133-6937+	25	58	0	127,129,140,143,148	127,129,140,143,148	1	9,10,11,12,13	22	22	568	25|12|5|0|5|3|2|2|2|1|1|0
GA	Calsqu	LTR	ERV1	DR0012855	MCFN01000064.1:1867956-1868525+	MCFN01005624.1:3062-3632-	26	62	0	114,115,119,122,127,129,140,143,148	114,115,119,122,127,129,140,143,148	1	7,8,9,10,11,12,13,14,15	35	35	569	26|13|3|1|5|2|3|5|1|1|1|1
GA	Calsqu	LTR	ERV1	DR0012855	MCFN01000064.1:1867956-1868525+	MCFN01001579.1:22084-22654+	26	62	0	114,115,119,122,127,129,140,143,148	114,115,119,122,127,129,140,143,148	1	7,8,9,10,11,12,13,14,15	35	35	569	26|12|3|2|5|2|4|4|1|1|1|1
GA	Calsqu	LTR	ERV1	DR0012855	MCFN01000064.1:1867956-1868525+	MCFN01001175.1:52326-52896-	26	60	0	114,115,119,122,127,129,140,143,148	114,115,119,122,127,129,140,143,148	1	7,8,9,10,11,12,13,14,15	35	35	569	26|13|2|1|5|2|3|3|1|1|2|1
GA	Calsqu	LTR	ERV1	DR0012855	MCFN01000064.1:1867956-1868525+	MCFN01000777.1:213282-213852+	26	58	0	114,115,119,122,127,129,140,143,148	114,115,119,122,127,129,140,143,148	1	8,9,10,11,12,13,14,15,16	35	35	569	26|12|2|1|4|4|3|2|1|1|1|1
GA	Calsqu	LTR	ERV1	DR0012855	MCFN01000064.1:1867956-1868525+	MCFN01000337.1:87791-88361-	25	62	0	114,115,119,122,127,129,140,143	114,115,119,122,127,129,140,143	1	7,8,9,10,11,12,13,14	30	30	569	25|13|3|1|5|2|4|5|1|1|1|1
GA	Calsqu	LTR	ERV1	DR0012855	MCFN01000064.1:1867956-1868525+	MCFN01002692.1:400-1197-	23	61	0	114,115,119,122,127,129,140,143	114,115,119,122,127,129,140,143	1	7,8,9,10,11,12,13,14	30	30	568	23|15|3|1|4|2|4|4|2|1|1|1
GA	Calsqu	LTR	ERV1	DR0012855	MCFN01000064.1:1867956-1868525+	MCFN01001754.1:51-857-	25	61	0	114,115,119,122,127,129,140,143,148	114,115,119,122,127,129,140,143,148	1	7,8,9,10,11,12,13,14,15	35	35	570	25|12|2|1|5|3|3|4|2|0|2|2
GA	Calsqu	LTR	ERV1	DR0012855	MCFN01000064.1:1867956-1868525+	MCFN01000683.1:121495-122054-	22	51	0	114,115,119,127,129,140,143	114,115,119,127,129,140,143	1	5,6,7,8,9,10,11	30	30	564	22|10|3|1|4|3|1|1|2|2|2|0
GA	Calsqu	LTR	ERV1	DR0012855	MCFN01000064.1:1867956-1868525+	MCFN01001127.1:107635-108205-	25	65	0	114,115,119,122,127,129,140,143,148	114,115,119,122,127,129,140,143,148	1	7,8,9,10,11,12,13,14,15	35	35	569	25|13|2|2|5|4|4|4|1|2|2|1
GA	Calsqu	LTR	ERV1	DR0012855	MCFN01000064.1:1867956-1868525+	MCFN01017663.1:1074-1637-	25	63	0	114,115,119,122,127,129,140,143,148	107,108,112,115,120,122,133,136,141	1	7,8,9,10,11,12,13,14,15	35	35	562	25|11|3|2|5|3|4|4|3|1|1|1
GA	Calsqu	LTR	ERV1	DR0012855	MCFN01000064.1:1867956-1868525+	MCFN01000189.1:1382015-1382583+	28	61	0	114,115,119,122,126,127,129,140,143,148	112,113,117,120,124,125,127,138,141,146	1	7,8,9,10,11,12,13,14,15,16	35	35	568	28|12|3|1|4|2|4|4|1|1|0|1
GA	Calsqu	LTR	ERV1	DR0012855	MCFN01000064.1:1867956-1868525+	MCFN01001806.1:3476-4046-	26	64	0	114,115,119,122,127,129,140,143,148	114,115,119,122,127,129,140,143,148	1	7,8,9,10,11,12,13,14,15	35	35	569	26|13|3|1|5|2|3|5|1|2|1|2
GA	Calsqu	LTR	ERV1	DR0012855	MCFN01000064.1:1867956-1868525+	MCFN01000894.1:167339-167910+	25	61	0	114,115,119,122,127,129,140,143,148	114,115,119,122,127,129,140,143,148	1	7,8,9,10,11,12,13,14,15	35	35	569	25|13|2|1|5|3|3|4|2|0|1|2
GA	Calsqu	LTR	ERV1	DR0012855	MCFN01000064.1:1867956-1868525+	MCFN01000166.1:1236527-1237097-	26	64	0	114,115,119,122,127,129,140,143	114,115,119,122,127,129,140,143	1	7,8,9,10,11,12,13,14	30	30	569	26|15|3|1|4|2|3|6|1|1|1|1
GA	Calsqu	LTR	ERV1	DR0012855	MCFN01000064.1:1867956-1868525+	MCFN01000713.1:296312-296884+	28	63	0	114,115,119,122,127,129,140,143	114,115,119,122,127,129,140,143	1	7,8,9,10,11,12,13,14	30	30	570	28|13|3|1|4|3|3|4|1|0|2|1
GA	Calsqu	LTR	ERV1	DR0012855	MCFN01000064.1:1867956-1868525+	MCFN01000131.1:354312-354883+	26	62	0	114,115,116,119,122,127,129,140,143,148	114,115,116,119,122,127,129,140,143,148	1	7,8,9,10,11,12,13,14,15,16	35	35	569	26|13|2|1|5|3|3|4|2|0|1|2
GA	Calsqu	LTR	ERV1	DR0012855	MCFN01000064.1:1867956-1868525+	MCFN01000089.1:356781-357357-	22	54	0	114,115,119,127,129,140,143,148	113,114,118,126,128,139,142,147	1	5,6,7,8,9,10,11,12	35	35	572	22|9|4|1|5|2|3|5|1|1|1|0
GA	Calsqu	LTR	ERV1	DR0012855	MCFN01000064.1:1867956-1868525+	MCFN01001181.1:16010-16580+	24	66	0	114,115,119,122,127,129,148	114,115,119,122,127,129,148	1	7,8,9,10,11,12,13	35	35	569	24|13|3|1|5|3|6|4|2|1|3|1
GA	Calsqu	LTR	ERV1	DR0012855	MCFN01000064.1:1867956-1868525+	MCFN01001175.1:59086-59917-	26	66	0	114,115,119,122,127,129,140,143	114,115,119,122,127,129,140,143	1	7,8,9,10,11,12,13,14	30	30	569	26|15|3|1|4|2|5|5|1|1|1|2
GA	Calsqu	LTR	ERV1	DR0012855	MCFN01000064.1:1867956-1868525+	MCFN01000116.1:1597934-1598502-	25	64	0	114,115,119,122,127,129,140,143,148	112,113,117,120,125,127,138,141,146	1	6,7,8,9,10,11,12,13,14	35	35	568	25|14|4|2|6|2|2|3|1|1|1|3
GA	Calsqu	LTR	ERV1	DR0012855	MCFN01000064.1:1867956-1868525+	MCFN01002242.1:8545-9115-	27	67	0	114,115,119,122,127,129	114,115,119,122,127,129	1	7,8,9,10,11,12	16	16	569	27|16|3|1|5|2|4|4|2|1|1|1
GA	Calsqu	LTR	ERV1	DR0012855	MCFN01000064.1:1867956-1868525+	MCFN01000736.1:106592-107162-	26	67	0	114,115,119,122,127,129,140,143,148	114,115,119,122,127,129,140,143,148	1	7,8,9,10,11,12,13,14,15	35	35	569	26|13|3|2|6|3|4|6|1|1|1|1
GA	Calsqu	LTR	ERV1	DR0012855	MCFN01000064.1:1867956-1868525+	MCFN01000420.1:540584-541155-	26	64	0	114,115,119,122,127,129,140,143,148	114,115,119,122,127,129,140,143,148	1	7,8,9,10,11,12,13,14,15	35	35	569	26|14|2|1|5|3|3|4|2|0|2|2
GA	Calsqu	LTR	ERV1	DR0012855	MCFN01000064.1:1867956-1868525+	MCFN01000894.1:197784-198351-	27	66	0	114,115,119,127,129,140,143,148	114,115,119,127,129,140,143,148	1	6,7,8,9,10,11,12,13	35	35	567	27|12|3|0|5|3|6|4|2|1|2|1
GA	Calsqu	LTR	ERV1	DR0012855	MCFN01000064.1:1867956-1868525+	MCFN01000954.1:1977-2542-	24	66	0	114,115,119,122,127	114,115,119,122,127	1	7,8,9,10,11	14	14	566	24|11|7|0|4|2|5|5|2|3|2|1
GA	Calsqu	LTR	ERV1	DR0012855	MCFN01000064.1:1867956-1868525+	MCFN01000341.1:185748-186314-	27	62	0	114,115,119,122,127,129,140,143,148	115,116,120,123,128,130,141,144,149	1	7,8,9,10,11,12,13,14,15	35	35	567	27|12|3|1|6|2|3|3|2|1|1|1
GA	Calsqu	LTR	ERV1	DR0012855	MCFN01000064.1:1867956-1868525+	MCFN01013058.1:1433-2010+	20	54	0	114,115,119,127,129,140,143	115,116,120,128,130,141,144	1	5,6,7,8,9,10,11	30	30	572	20|11|2|0|7|2|7|2|2|1|0|0
GA	Calsqu	LTR	ERV1	DR0012855	MCFN01000064.1:1867956-1868525+	MCFN01000736.1:82490-83077-	27	60	0	114,115,119,127,129,140,143	114,115,119,127,129,140,143	1	5,6,7,8,9,10,11	30	30	577	27|9|3|0|5|4|3|3|3|1|2|0
GA	Calsqu	LTR	ERV1	DR0012855	MCFN01000064.1:1867956-1868525+	MCFN01003246.1:7123-7672-	23	58	0	114,115,119,121,127,129,140,143,148	112,113,117,119,125,127,138,141,146	1	5,6,7,8,9,10,11,12,13	35	35	558	23|12|5|1|4|2|5|1|1|1|2|1
GA	Calsqu	LTR	ERV1	DR0012855	MCFN01000064.1:1867956-1868525+	MCFN01002142.1:9725-10303+	29	69	0	114,115,119,127,129,140,143	114,115,119,127,129,140,143	1	7,8,9,10,11,12,13	30	30	573	29|13|3|0|5|2|7|3|2|2|2|1
GA	Calsqu	LTR	ERV1	DR0012855	MCFN01000064.1:1867956-1868525+	MCFN01014955.1:1113-1827-	22	50	0	115,119,127,129,140,143,148,435,436,441,449,450	26,30,347,348,353,361,362,38,40,51,54,59	2	2,3,4,5,6,7,8,17,18,19,20,21	50	337	479	22|7|5|2|3|1|2|2|2|3|1|0
GA	Calsqu	LTR	ERV1	DR0012855	MCFN01000064.1:1867956-1868525+	MCFN01005799.1:519-1101+	23	59	0	114,115,119,127,129,140,143,148	118,119,123,131,133,144,147,152	1	5,6,7,8,9,10,11,12	35	35	574	23|13|2|0|5|3|6|3|2|1|0|1
GA	Calsqu	LTR	ERV1	DR0012855	MCFN01000064.1:1867956-1868525+	MCFN01001507.1:11807-12376-	26	70	0	114,115,119,127,129,135,140,143,148	114,115,119,127,129,135,140,143,148	1	7,8,9,10,11,12,13,14,15	35	35	568	26|10|6|0|6|4|9|1|2|4|1|1
GA	Calsqu	LTR	ERV1	DR0012855	MCFN01000064.1:1867956-1868525+	MCFN01000142.1:1558570-1559145+	25	67	0	114,115,119,127,129	111,112,116,124,126	1	4,5,6,7,8	16	16	571	25|13|4|0|6|3|5|2|4|2|2|1
GA	Calsqu	LTR	ERV1	DR0012855	MCFN01000064.1:1867956-1868525+	MCFN01005557.1:1234-2022+	26	62	0	114,115,119,122,127,129,140,143,148	112,113,117,120,125,127,138,141,146	1	6,7,8,9,10,11,12,13,14	35	35	561	26|12|3|1|7|2|1|4|2|1|1|2
GA	Calsqu	LTR	ERV1	DR0012855	MCFN01000064.1:1867956-1868525+	MCFN01000295.1:892362-892918+	17	51	0	114,115,117,119,148	108,109,111,113,130	1	4,5,6,7,8	23	23	562	17|8|4|2|4|2|5|5|2|1|1|0
GA	Calsqu	LTR	ERV1	DR0012855	MCFN01000064.1:1867956-1868525+	MCFN01018900.1:107-666-	25	70	0	115,119,127,129,140,143	115,119,127,129,140,143	1	5,6,7,8,9,10	29	29	563	25|9|3|1|4|5|7|4|5|2|3|2
GA	Calsqu	LTR	ERV1	DR0012855	MCFN01000064.1:1867956-1868525+	MCFN01009957.1:107-666-	25	70	0	115,119,127,129,140,143	115,119,127,129,140,143	1	5,6,7,8,9,10	29	29	563	25|9|3|1|4|5|7|4|5|2|3|2
GA	Calsqu	LTR	ERV1	DR0012855	MCFN01000064.1:1867956-1868525+	MCFN01007022.1:2574-3120-	22	61	0	114,115,119,127,129	114,115,119,127,129	1	5,6,7,8,9	16	16	557	22|12|3|1|4|5|4|4|2|2|2|0
GA	Calsqu	LTR	ERV1	DR0012855	MCFN01000064.1:1867956-1868525+	MCFN01000220.1:144084-144644+	23	64	0	119,127,129,140,143,148	101,109,111,122,125,130	1	8,9,10,11,12,13	30	30	536	23|12|3|0|4|3|11|4|3|0|0|1
GA	Calsqu	LTR	ERV1	DR0012855	MCFN01000064.1:1867956-1868525+	MCFN01009619.1:3127-3608+	22	46	0	114,115,119,122,127,129,140,143,148	32,33,37,40,45,47,58,61,66	1	3,4,5,6,7,8,9,10,11	35	35	482	22|8|2|0|3|2|4|4|1|0|0|0
GA	Calsqu	LTR	ERV1	DR0012855	MCFN01000064.1:1867956-1868525+	MCFN01003325.1:3174-3956+	20	60	0	114,115,119,127,129,148	108,109,113,121,123,142	1	5,6,7,8,9,10	35	35	557	20|16|4|0|5|4|5|3|2|1|0|0
GA	Calsqu	LTR	ERV1	DR0012855	MCFN01000064.1:1867956-1868525+	MCFN01013596.1:1273-1842+	22	72	0	115,119,127,129,140,143,148	110,114,122,124,135,138,143	1	4,5,6,7,8,9,10	34	34	568	22|8|4|0|3|3|8|10|6|4|2|2
GA	Calsqu	LTR	ERV1	DR0012855	MCFN01000064.1:1867956-1868525+	MCFN01000903.1:30758-31316+	21	72	0	119,122,127,129,140,143,148	112,115,120,122,133,136,141	1	5,6,7,8,9,10,11	30	30	562	21|11|6|1|5|2|11|8|3|2|2|0
GA	Calsqu	LTR	ERV1	DR0012855	MCFN01000064.1:1867956-1868525+	MCFN01000189.1:703429-703965+	25	62	0	121,127,129,140,143	104,107,85,91,93	1	9,10,11,12,13	23	23	535	25|7|4|3|4|2|6|5|2|1|2|1
GA	Calsqu	LTR	ERV1	DR0012855	MCFN01000064.1:1867956-1868525+	MCFN01001690.1:9821-10390+	24	68	0	114,115,119,122,127,129,140,143,148	114,115,119,122,127,129,140,143,148	1	6,7,8,9,10,11,12,13,14	35	35	568	24|14|3|3|5|4|5|3|3|1|3|0
GA	Calsqu	LTR	ERV1	DR0012855	MCFN01000064.1:1867956-1868525+	MCFN01000422.1:5476-6042+	25	65	0	114,115,119,127,129,140,143	108,109,113,121,123,134,137	1	7,8,9,10,11,12,13	30	30	567	25|15|3|0|3|2|6|4|3|2|0|2
GA	Calsqu	LTR	ERV1	DR0012855	MCFN01000064.1:1867956-1868525+	MCFN01000264.1:519838-520291+	18	51	0	114,115,119,122,129	114,115,119,122,129	1	6,7,8,9,10	16	16	453	18|10|3|0|2|1|10|3|1|2|1|0
GA	Calsqu	LTR	ERV1	DR0012855	MCFN01000064.1:1867956-1868525+	MCFN01005489.1:4836-5417-	22	73	0	115,119,127,129,140,143,148	122,126,134,136,147,150,155	1	4,5,6,7,8,9,10	34	34	574	22|10|4|0|3|3|9|11|4|3|3|1
GA	Calsqu	LTR	ERV1	DR0012855	MCFN01000064.1:1867956-1868525+	MCFN01001588.1:12030-12514-	20	51	0	114,115,119,121,127,129,135,140,143	19,20,24,26,32,34,40,45,48	1	1,2,3,4,5,6,7,8,9	30	30	478	20|6|4|0|4|4|5|4|2|2|0|0
GA	Calsqu	LTR	ERV1	DR0012855	MCFN01000064.1:1867956-1868525+	MCFN01001067.1:96076-96647-	29	74	0	114,115,119,121,127,129,135,140,143,148	114,115,119,121,127,129,135,140,143,148	1	8,9,10,11,12,13,14,15,16,17	35	35	569	29|12|6|1|5|3|7|4|3|1|2|1
GA	Calsqu	LTR	ERV1	DR0012855	MCFN01000064.1:1867956-1868525+	MCFN01000697.1:114108-114674+	26	71	0	114,115,119,127,129,140,143,148	111,112,116,124,126,137,140,145	1	6,7,8,9,10,11,12,13	35	35	566	26|12|3|0|4|7|7|2|4|3|3|0
GA	Calsqu	LTR	ERV1	DR0012855	MCFN01000064.1:1867956-1868525+	MCFN01000593.1:418364-418946+	30	77	0	114,115,119,127,129,140,143	114,115,119,127,129,140,143	1	9,10,11,12,13,14,15	30	30	575	30|15|2|2|5|2|6|5|4|2|2|2
GA	Calsqu	LTR	ERV1	DR0012855	MCFN01000064.1:1867956-1868525+	MCFN01001536.1:4188-4747-	24	80	0	114,115,119,122,127,129,140,143	114,115,119,122,127,129,140,143	1	7,8,9,10,11,12,13,14	30	30	536	24|10|4|1|4|4|11|11|3|3|2|3
GA	Calsqu	LTR	ERV1	DR0012855	MCFN01000064.1:1867956-1868525+	MCFN01006775.1:195-659-	17	41	0	114,115,119,122,127,129,140,143,148	27,28,32,35,40,42,53,56,61	1	2,3,4,5,6,7,8,9,10	35	35	466	17|6|3|1|4|2|2|3|3|0|0|0
GA	Calsqu	LTR	ERV1	DR0012855	MCFN01000064.1:1867956-1868525+	MCFN01001579.1:14173-14611+	25	58	0	114,115,119,122,127,129,140,143,148	114,115,119,122,127,129,140,143,148	1	7,8,9,10,11,12,13,14,15	35	35	438	25|11|3|1|4|2|3|5|1|1|1|1
GA	Calsqu	LTR	ERV1	DR0012855	MCFN01000064.1:1867956-1868525+	MCFN01031820.1:0-430-	22	47	0	214,218,229,244,250,271	223,227,238,253,259,280	1	14,15,16,17,18,19	58	58	425	22|8|4|1|3|2|2|0|2|1|1|1
GA	Calsqu	LTR	ERV1	DR0012855	MCFN01000064.1:1867956-1868525+	MCFN01003063.1:4861-5382+	18	57	0	114,115,119,127,129,140,143,148	114,115,119,127,129,140,143,148	1	3,4,5,6,7,8,9,10	35	35	453	18|8|5|0|3|5|9|3|1|2|3|0
GA	Calsqu	LTR	ERV1	DR0012855	MCFN01000064.1:1867956-1868525+	MCFN01000199.1:707033-707599+	28	86	0	127,129,135,140,143	127,129,135,140,143	1	10,11,12,13,14	17	17	567	28|13|5|1|7|2|11|9|3|2|3|2
GA	Calsqu	LTR	ERV1	DR0012855	MCFN01000064.1:1867956-1868525+	MCFN01000754.1:186196-186771+	26	71	0	114,115,119,127,129	119,120,124,132,134	1	3,4,5,6,7	16	16	499	26|7|2|2|4|2|12|6|6|2|2|0
GA	Calsqu	LTR	ERV1	DR0012855	MCFN01000064.1:1867956-1868525+	MCFN01001609.1:16992-17569-	23	66	0	114,115,119,126,127	125,126,130,137,138	1	2,3,4,5,6	14	14	497	23|6|2|1|3|2|10|9|4|2|2|2
GA	Calsqu	LTR	ERV1	DR0012855	MCFN01000064.1:1867956-1868525+	MCFN01000548.1:6833-7200-	22	52	0	114,115,119,122,127,129,140,143	114,115,119,122,127,129,140,143	1	7,8,9,10,11,12,13,14	30	30	367	22|10|3|1|3|2|3|3|1|2|1|1
GA	Calsqu	LTR	ERV1	DR0012855	MCFN01000064.1:1867956-1868525+	MCFN01000420.1:507889-508471+	30	70	0	114,115,119,127,129	125,126,130,138,140	1	2,3,4,5,6	16	16	496	30|9|2|1|4|2|8|6|4|2|2|0
GA	Calsqu	LTR	ERV1	DR0012855	MCFN01000064.1:1867956-1868525+	MCFN01005974.1:5124-5480+	23	50	0	114,115,119,122,127,129,140,143,148	114,115,119,122,127,129,140,143,148	1	7,8,9,10,11,12,13,14,15	35	35	355	23|9|3|1|3|2|2|3|1|1|1|1
GA	Calsqu	LTR	ERV1	DR0012855	MCFN01000064.1:1867956-1868525+	MCFN01000525.1:185577-185914-	22	42	0	114,115,119,122,127,129,140,143,148	114,115,119,122,127,129,140,143,148	1	7,8,9,10,11,12,13,14,15	35	35	320	22|9|2|1|2|1|2|1|0|0|1|1
GA	Calsqu	LTR	ERV1	DR0012855	MCFN01000064.1:1867956-1868525+	MCFN01001615.1:2259-2840-	31	85	0	114,115,119,127,129	125,126,130,138,140	1	4,5,6,7,8	16	16	559	31|13|3|1|6|5|10|5|4|2|3|2
GA	Calsqu	LTR	ERV1	DR0012855	MCFN01000064.1:1867956-1868525+	MCFN01025015.1:0-305-	18	31	0	114,115,119,127,129	100,104,112,114,99	1	5,6,7,8,9	16	16	281	18|7|2|1|1|1|0|0|0|0|1|0
GA	Calsqu	LTR	ERV1	DR0012855	MCFN01000064.1:1867956-1868525+	MCFN01002963.1:22-312+	18	35	0	127,129,140,143,148	127,129,140,143,148	1	8,9,10,11,12	22	22	290	18|8|2|0|2|1|2|0|0|0|2|0
GA	Calsqu	LTR	ERV1	DR0012855	MCFN01000064.1:1867956-1868525+	MCFN01003325.1:8081-8661-	32	95	0	114,115,119,127,129	123,124,128,136,138	1	6,7,8,9,10	16	16	574	32|15|2|2|6|5|12|9|2|4|4|2
GA	Calsqu	LTR	ERV1	DR0012855	MCFN01000064.1:1867956-1868525+	MCFN01000525.1:176288-176590-	20	41	0	114,115,119,122,127,129,140,143,148	114,115,119,122,127,129,140,143,148	1	7,8,9,10,11,12,13,14,15	35	35	299	20|10|1|1|2|1|2|2|0|0|1|1
GA	Calsqu	LTR	ERV1	DR0012855	MCFN01000064.1:1867956-1868525+	MCFN01010243.1:0-409-	23	57	0	114,115,119,122,127,129,140,143,148	114,115,119,122,127,129,140,143,148	1	6,7,8,9,10,11,12,13,14	35	35	407	23|11|3|1|4|4|4|3|2|1|1|0
GA	Calsqu	LTR	ERV1	DR0012855	MCFN01000064.1:1867956-1868525+	MCFN01001253.1:22992-23551+	14	29	0	119,127,129,140,143,148	100,111,114,119,90,98	1	1,2,3,4,5,6	30	30	292	14|3|2|1|2|1|3|0|1|1|1|0
GA	Calsqu	LTR	ERV1	DR0012855	MCFN01000064.1:1867956-1868525+	MCFN01002335.1:3995-4401-	18	41	0	119,127,129,140,143,148	100,111,114,119,90,98	1	1,2,3,4,5,6	30	30	315	18|8|4|0|2|1|3|0|3|1|0|1
GA	Calsqu	LTR	ERV1	DR0012855	MCFN01000064.1:1867956-1868525+	MCFN01000867.1:95883-96461-	33	102	0	114,115,119,127,129	125,126,130,138,140	1	5,6,7,8,9	16	16	573	33|15|5|2|7|3|11|10|4|6|3|3
GA	Calsqu	LTR	ERV1	DR0012922	MCFN01000209.1:580134-580663+	MCFN01002448.1:10719-11119+	9	34	0	243,244,264,278,279	114,115,135,142,143	1	1,2,3,4,5	30	30	308	9|8|0|2|1|1|4|4|1|1|1|2
GA	Calsqu	LTR	ERV1	DR0012922	MCFN01000209.1:580134-580663+	MCFN01002448.1:4539-4939-	9	34	0	243,244,264,278,279	114,115,135,142,143	1	1,2,3,4,5	30	30	308	9|8|0|2|1|1|4|4|1|1|1|2
GA	Calsqu	LTR	ERV1	DR0012866	MCFN01000508.1:42000-43553-	MCFN01010399.1:103-2747-	45	250	0	952,955,958,980,986	2049,2052,2055,2071,2077	1	34,35,36,37,38	29	29	1568	45|35|9|16|10|20|37|31|7|14|11|15
GA	Calsqu	LTR	ERV1	DR0012866	MCFN01000508.1:42000-43553-	MCFN01003423.1:0-903+	28	142	0	952,955,977,980,986	311,314,330,333,339	1	16,17,18,19,20	29	29	903	28|24|5|2|8|7|24|21|5|8|5|5
GA	Calsqu	LTR	ERV1	DR0012866	MCFN01000508.1:42000-43553-	MCFN01000924.1:25114-27419+	17	95	0	952,955,977,980,986	162,165,181,184,190	1	4,5,6,7,8	29	29	657	17|16|3|2|6|6|16|17|2|6|3|1
GA	Calsqu	LTR	ERV1	DR0012902	MCFN01000142.1:1572524-1578166-	MCFN01000799.1:265391-269261+	132	502	0	2889,2915,2917,2918,2928	2857,2883,2885,2886,2896	1	93,94,95,96,97	40	40	3858	132|55|12|12|19|23|90|102|7|18|16|16
GA	Calsqu	LTR	ERV1	DR0012857	MCFN01000049.1:2452336-2452579-	MCFN01000079.1:1246108-1246411-	12	18	0	62,63,66,70,71	69,70,73,77,78	1	5,6,7,8,9	10	10	240	12|0|0|0|0|1|2|2|1|0|0|0
GA	Calsqu	LTR	ERV1	DR0012992	MCFN01000611.1:493182-493863+	MCFN01012875.1:312-1031-	23	102	0	501,511,515,518,519	535,545,549,552,553	1	13,14,15,16,17	19	19	674	23|19|2|2|2|6|13|17|8|7|2|1
GA	Calsqu	LTR	ERV1	DR0012992	MCFN01000611.1:493182-493863+	MCFN01010393.1:2005-2698-	24	102	0	501,511,515,518,519	509,519,523,526,527	1	14,15,16,17,18	19	19	674	24|19|2|2|2|6|13|16|8|7|2|1
GA	Calsqu	LTR	ERV1	DR0012879	MCFN01000032.1:1779579-1780635+	MCFN01000715.1:123321-124369+	13	41	0	111,116,122,53,65	111,116,122,53,65	1	1,2,3,4,5	70	70	1052	13|7|0|0|1|1|12|4|0|1|1|1
GA	Calsqu	LTR	ERV1	DR0012902	MCFN01000142.1:1572524-1578166-	MCFN01001325.1:37492-39943+	42	201	0	936,952,956,958,971	1015,1019,1021,1034,999	1	2,3,4,5,6	36	36	1515	42|20|5|8|2|8|49|48|4|9|3|3
GA	Calsqu	LTR	ERV1	DR0012906	MCFN01001401.1:14820-16996-	MCFN01003244.1:5320-6244-	30	102	0	1001,1006,995,997,998,999	757,759,760,761,763,768	1	23,24,25,26,27,28	12	12	928	30|10|5|1|4|4|15|17|3|5|6|2
GA	Calsqu	LTR	ERV1	DR0012906	MCFN01001401.1:14820-16996-	MCFN01001425.1:17985-18881-	29	100	0	1001,1006,995,997,998,999	757,759,760,761,763,768	1	23,24,25,26,27,28	12	12	903	29|11|5|1|4|4|14|15|4|3|7|3
GA	Calsqu	LTR	ERV1	DR0012906	MCFN01001401.1:14820-16996-	MCFN01011171.1:1511-2408-	27	96	0	940,955,994,995,996,998	693,708,748,749,750,752	1	20,21,22,23,24,25	60	60	902	27|15|5|0|2|4|11|15|3|4|6|4
GA	Calsqu	LTR	ERV1	DR0012906	MCFN01001401.1:14820-16996-	MCFN01025078.1:236-1146+	28	123	0	940,955,994,996,998	710,725,765,767,769	1	23,24,25,26,27	60	60	910	28|14|7|2|3|7|16|20|4|5|11|6
GA	Calsqu	LTR	ERV1	DR0012906	MCFN01001401.1:14820-16996-	MCFN01014627.1:0-888+	27	118	0	940,955,994,996,998	688,703,743,745,747	1	22,23,24,25,26	60	60	886	27|13|7|2|3|6|16|19|3|5|11|6
GA	Calsqu	LTR	ERV1	DR0012906	MCFN01001401.1:14820-16996-	MCFN01014614.1:0-895+	26	118	0	940,955,994,996,998	695,710,750,752,754	1	21,22,23,24,25	60	60	897	26|14|7|2|3|7|16|18|3|5|11|6
GA	Calsqu	LTR	ERV1	DR0012879	MCFN01000032.1:1779579-1780635+	MCFN01000199.1:283031-284098+	7	27	0	111,116,122,124,134	110,115,121,123,133	1	1,2,3,4,5	24	24	274	7|3|0|3|2|1|3|3|2|0|1|2
GA	Calsqu	LTR	ERV1	DR0012902	MCFN01000142.1:1572524-1578166-	MCFN01000480.1:687252-687871-	17	58	0	420,421,428,439,449	508,509,516,527,537	1	12,13,14,15,16	30	30	526	17|4|2|1|3|7|6|9|2|4|1|2
GA	Calsqu	LTR	ERV1	DR0012879	MCFN01000032.1:1779579-1780635+	MCFN01001475.1:19363-19957-	10	38	0	582,584,592,593,594	521,523,531,532,533	1	6,7,8,9,10	13	13	355	10|7|2|0|5|2|8|1|0|2|0|1
GA	Calsqu	LTR	ERV1	DR0012906	MCFN01001401.1:17332-18642-	MCFN01014629.1:0-1860-	47	163	0	1034,1035,957,974,991	1315,1332,1347,1412,1413	1	36,37,38,39,40	99	99	1327	47|29|2|8|7|7|21|22|4|9|1|6
GA	Calsqu	LTR	ERV1	DR0012857	MCFN01000053.1:1343080-1343423+	MCFN01002390.1:11428-11813+	6	13	0	101,138,44,5,75	105,142,48,79,9	1	1,2,3,4,5	134	134	303	6|2|0|0|0|1|2|0|0|0|0|2
GA	Calsqu	LTR	ERV1	DR0012857	MCFN01000053.1:1343080-1343423+	MCFN01001387.1:7795-8198+	11	20	0	101,30,44,45,5,54,62,63,70,71,75	102,31,45,46,55,6,63,64,71,72,76	1	1,2,3,4,5,6,7,8,9,10,11	97	97	294	11|1|1|1|0|2|2|0|0|0|0|2
GA	Calsqu	LTR	ERV1	DR0012857	MCFN01000053.1:1343080-1343423+	MCFN01000079.1:1246108-1246411-	16	25	0	44,45,5,54,57,62,63,66,70,71,75	12,51,52,61,64,69,70,73,77,78,82	1	1,2,3,4,5,6,7,8,9,10,11	71	71	299	16|1|0|0|0|0|4|0|1|0|0|3
GA	Calsqu	LTR	ERV1	DR0012857	MCFN01000053.1:1343080-1343423+	MCFN01025066.1:0-269-	11	18	0	44,45,5,54,62,63,70,71,75	46,47,56,64,65,7,72,73,77	1	1,2,3,4,5,6,7,8,9	71	71	267	11|2|0|0|0|0|4|0|0|0|0|1
GA	Calsqu	LTR	ERV1	DR0012857	MCFN01000053.1:1343080-1343423+	MCFN01003112.1:9172-9562+	11	23	0	101,62,63,70,71,75	100,61,62,69,70,74	1	4,5,6,7,8,9	40	40	283	11|3|0|0|2|1|2|0|1|0|0|3
GA	Calsqu	LTR	ERV1	DR0012857	MCFN01000053.1:1343080-1343423+	MCFN01020101.1:1058-1464+	13	25	0	44,45,54,62,63,70,71,75	47,48,57,65,66,73,74,78	1	3,4,5,6,7,8,9,10	32	32	293	13|4|0|1|0|0|3|1|0|0|0|3
GA	Calsqu	LTR	ERV1	DR0012857	MCFN01000053.1:1343080-1343423+	MCFN01002597.1:3732-3953-	5	9	0	101,103,54,64,75	103,105,56,66,77	1	1,2,3,4,5	50	50	218	5|0|0|0|0|1|2|0|0|0|0|1
GA	Calsqu	LTR	ERV1	DR0012857	MCFN01000053.1:1343080-1343423+	MCFN01000099.1:935124-935378-	9	15	0	44,45,5,54,64,75	44,45,5,54,62,71	1	1,2,3,4,5,6	67	67	257	9|3|0|1|0|0|2|0|0|0|0|0
GA	Calsqu	LTR	ERV1	DR0012857	MCFN01000053.1:1343080-1343423+	MCFN01007716.1:3863-4246-	12	33	0	54,62,63,70,71,75	56,64,65,72,73,77	1	4,5,6,7,8,9	22	22	294	12|5|1|2|3|0|5|0|1|0|1|3
GA	Calsqu	LTR	ERV1	DR0012902	MCFN01000166.1:1315496-1316128-	MCFN01001425.1:21497-23676-	10	61	0	234,237,238,242,273	1420,1423,1424,1428,1458	1	2,3,4,5,6	39	39	631	10|13|5|3|3|4|12|5|4|0|0|2
GA	Calsqu	LTR	ERV1	DR0012857	MCFN01000053.1:1343080-1343423+	MCFN01003121.1:1335-1521-	13	16	0	101,44,45,5,54,62,63,70,71,75	103,46,47,56,64,65,7,72,73,77	1	1,2,3,4,5,6,7,8,9,10	97	97	178	13|1|0|0|0|1|0|0|0|0|0|1
GA	Calsqu	LTR	ERV1	DR0012857	MCFN01000053.1:1343080-1343423+	MCFN01000569.1:192198-192371+	13	15	0	101,29,44,45,5,54,62,63,70,71,72,75	104,32,47,48,57,65,66,73,74,75,78,8	1	1,2,3,4,5,6,7,8,9,10,11,12	97	97	170	13|1|0|0|0|0|0|1|0|0|0|0
GA	Calsqu	LTR	ERV1	DR0012906	MCFN01001425.1:17985-18881-	MCFN01001460.1:7212-9011+	23	75	0	741,742,744,745,756,758	1772,1773,1775,1776,1787,1789	1	18,19,20,21,22,23	18	18	767	23|8|0|3|1|5|13|12|4|1|3|2
GA	Calsqu	LTR	ERV1	DR0012879	MCFN01000032.1:1851988-1852595-	MCFN01005062.1:2094-2897+	12	68	0	29,31,34,39,40	108,110,113,118,119	1	1,2,3,4,5	12	12	608	12|18|0|4|3|2|13|6|1|4|0|5
GA	Calsqu	LTR	ERV1	DR0012879	MCFN01000032.1:1851988-1852595-	MCFN01001218.1:1156-2248-	15	69	0	34,39,40,42,79,96	117,122,123,125,162,176	1	1,2,3,4,5,6	60	60	611	15|11|0|9|4|4|11|4|2|3|3|3
GA	Calsqu	LTR	ERV1	DR0012879	MCFN01000032.1:1851988-1852595-	MCFN01021950.1:373-916+	8	45	0	26,29,31,34,39	80,83,85,88,93	1	1,2,3,4,5	14	14	479	8|9|1|2|4|2|8|2|1|2|2|4
GA	Calsqu	LTR	ERV1	DR0012851	MCFN01000203.1:11-5087+	MCFN01000588.1:474166-480460-	62	278	0	4529,4535,4539,4540,4542,4554	4198,4204,4208,4209,4211,4223	1	35,36,37,38,39,40	26	26	1760	62|52|22|15|21|12|20|21|13|12|13|15
GA	Calsqu	LTR	ERV1	DR0012851	MCFN01000203.1:11-5087+	MCFN01000588.1:474166-480460-	69	334	0	3611,3617,3622,3624,3636	4198,4204,4209,4211,4223	1	8,9,10,11,12	26	26	1780	69|55|25|17|26|23|26|28|14|15|18|18
GA	Calsqu	LTR	ERV1	DR0012851	MCFN01000203.1:11-5087+	MCFN01000588.1:474166-480460-	65	349	0	4070,4076,4081,4083,4095	4198,4204,4209,4211,4223	1	16,17,18,19,20	26	26	1769	65|66|26|20|23|23|25|33|20|14|16|18
GA	Calsqu	LTR	ERV1	DR0012879	MCFN01000032.1:1851988-1852595-	MCFN01001047.1:114720-115321+	12	68	0	26,31,34,39,40	27,32,35,40,41	1	1,2,3,4,5	15	15	591	12|16|1|4|1|2|14|7|0|5|3|3
GA	Calsqu	LTR	ERV1	DR0012851	MCFN01000203.1:11-5087+	MCFN01000377.1:4790-7671+	25	233	0	3362,3406,3408,3409,3413	1110,1154,1156,1157,1161	1	1,2,3,4,5	52	52	1786	25|19|19|9|7|11|36|35|24|15|24|9
GA	Calsqu	LTR	ERV1	DR0012857	MCFN01000056.1:1203898-1204095-	MCFN01001387.1:7795-8198+	6	10	0	30,44,45,54,62,63	31,45,46,55,63,64	1	1,2,3,4,5,6	34	34	195	6|1|0|1|1|0|1|0|0|0|0|0
GA	Calsqu	LTR	ERV1	DR0012851	MCFN01000203.1:11-5087+	MCFN01000450.1:7052-10377+	33	176	0	4176,4180,4192,4194,4195	3217,3221,3233,3235,3236	1	26,27,28,29,30	20	20	986	33|31|16|8|9|6|16|18|11|6|9|13
GA	Calsqu	LTR	ERV1	DR0012866	MCFN01000726.1:360754-361478+	MCFN01001058.1:85450-87055-	24	83	0	484,489,491,495,502	731,736,738,742,749	1	17,18,19,20,21	19	19	723	24|18|2|10|4|3|9|7|0|1|0|5
GA	Calsqu	LTR	ERV1	DR0012857	MCFN01000056.1:1203898-1204095-	MCFN01025066.1:0-269-	6	11	0	44,45,54,62,63,70	46,47,56,64,65,72	1	1,2,3,4,5,6	27	27	194	6|2|0|0|0|0|2|0|0|0|0|1
GA	Calsqu	LTR	ERV1	DR0012912	MCFN01000653.1:441642-442130+	MCFN01000697.1:48229-48734+	17	64	0	102,131,132,150,99	102,131,132,150,99	1	6,7,8,9,10	52	52	487	17|15|0|1|5|3|4|10|0|2|5|2
GA	Calsqu	LTR	ERV1	DR0012857	MCFN01000056.1:1203898-1204095-	MCFN01000079.1:1246108-1246411-	10	15	0	44,45,54,57,62,63,66,70	51,52,61,64,69,70,73,77	1	1,2,3,4,5,6,7,8	27	27	194	10|1|0|0|0|0|3|0|1|0|0|0
GA	Calsqu	LTR	ERV1	DR0012857	MCFN01000056.1:1203898-1204095-	MCFN01003121.1:1335-1521-	10	14	0	44,45,54,62,63,70	46,47,56,64,65,72	1	1,2,3,4,5,6	27	27	179	10|1|0|0|0|1|1|0|0|0|0|1
GA	Calsqu	LTR	ERV1	DR0012922	MCFN01000469.1:386492-386790-	MCFN01013509.1:997-1563+	15	44	0	122,126,141,145,152	386,390,405,409,416	1	5,6,7,8,9	31	31	269	15|5|0|0|3|0|4|11|3|1|1|1
GA	Calsqu	LTR	ERV1	DR0012857	MCFN01000056.1:1203898-1204095-	MCFN01020101.1:1058-1464+	7	16	0	44,45,54,62,63	47,48,57,65,66	1	2,3,4,5,6	20	20	195	7|3|0|1|1|0|3|1|0|0|0|0
GA	Calsqu	LTR	ERV1	DR0012922	MCFN01000469.1:386492-386790-	MCFN01000556.1:72483-73049+	15	44	0	122,126,141,145,152	386,390,405,409,416	1	5,6,7,8,9	31	31	269	15|5|0|0|3|0|4|11|3|1|1|1
GA	Calsqu	LTR	ERV1	DR0012857	MCFN01000056.1:1203898-1204095-	MCFN01033694.1:824-1014+	9	17	0	44,45,54,62,63,70	45,46,55,63,64,71	1	1,2,3,4,5,6	27	27	191	9|2|0|0|0|0|3|1|1|0|0|1
GA	Calsqu	LTR	ERV1	DR0012922	MCFN01000469.1:386492-386790-	MCFN01000795.1:145260-145754-	12	42	0	122,133,141,145,152	316,327,335,339,346	1	4,5,6,7,8	31	31	252	12|9|0|0|1|0|2|13|2|0|1|2
GA	Calsqu	LTR	ERV1	DR0012922	MCFN01000469.1:386492-386790-	MCFN01001243.1:54353-54882-	10	49	0	122,126,141,145,152	370,374,389,393,400	1	4,5,6,7,8	31	31	266	10|10|2|2|2|1|4|12|1|1|1|3
GA	Calsqu	LTR	ERV1	DR0012857	MCFN01000056.1:1203898-1204095-	MCFN01000569.1:192198-192371+	9	13	0	29,44,45,54,62,63	32,47,48,57,65,66	1	1,2,3,4,5,6	35	35	171	9|1|0|0|1|0|1|1|0|0|0|0
GA	Calsqu	LTR	ERV1	DR0012906	MCFN01001460.1:7212-9011+	MCFN01012340.1:1-2206+	39	126	0	457,474,481,489,504,531	1600,1617,1625,1633,1648,1675	1	21,22,23,24,25,26	76	76	1002	39|22|1|4|4|7|22|14|1|5|5|2
GA	Calsqu	LTR	ERV1	DR0012879	MCFN01000032.1:1851988-1852595-	MCFN01001078.1:9626-9832+	6	15	0	26,29,31,34,39	80,83,85,88,93	1	1,2,3,4,5	14	14	152	6|2|0|1|1|1|3|0|0|0|1|0
GA	Calsqu	LTR	ERV1	DR0012906	MCFN01001460.1:7212-9011+	MCFN01007388.1:0-641-	20	67	0	457,474,481,489,504,531	111,33,50,61,69,84	1	1,2,3,4,5,6	79	79	579	20|14|2|0|1|4|13|7|1|3|2|0
GA	Calsqu	LTR	ERV1	DR0012931	MCFN01012403.1:125-637+	MCFN01018119.1:646-1159+	18	72	0	328,343,348,357,359	326,341,346,355,357	1	11,12,13,14,15	32	32	509	18|6|1|8|3|1|7|16|1|3|5|3
GA	Calsqu	LTR	ERV1	DR0012992	MCFN01001013.1:154647-155237-	MCFN01012875.1:312-1031-	26	83	0	475,485,489,492,493	535,545,549,552,553	1	16,17,18,19,20	19	19	590	26|15|3|2|4|1|11|11|5|3|0|2
GA	Calsqu	LTR	ERV1	DR0012992	MCFN01001013.1:154647-155237-	MCFN01010393.1:2005-2698-	27	83	0	475,485,489,492,493	509,519,523,526,527	1	17,18,19,20,21	19	19	590	27|15|3|2|4|1|11|10|5|3|0|2
GA	Calsqu	LTR	ERV1	DR0012931	MCFN01012403.1:125-637+	MCFN01031331.1:0-380-	18	54	0	328,339,354,357,359	327,338,353,356,358	1	14,15,16,17,18	32	32	379	18|11|3|5|2|1|5|4|0|0|3|2
GA	Calsqu	LTR	ERV1	DR0012902	MCFN01000166.1:1318135-1321035-	MCFN01001425.1:21497-23676-	42	164	0	857,860,861,865,896	1420,1423,1424,1428,1458	1	24,25,26,27,28	39	39	1506	42|25|9|6|7|11|26|15|9|5|2|7
GA	Calsqu	LTR	ERV1	DR0012906	MCFN01001461.1:10280-11102+	MCFN01014614.1:0-895+	12	75	0	676,684,732,734,736,738	695,703,750,752,754,756	1	6,7,8,9,10,11	62	62	824	12|11|2|1|2|11|13|10|0|6|3|4
GA	Calsqu	LTR	ERV1	DR0012906	MCFN01001461.1:10280-11102+	MCFN01025078.1:236-1146+	14	78	0	676,684,732,734,736,738	710,718,765,767,769,771	1	8,9,10,11,12,13	62	62	837	14|10|1|1|2|11|13|12|1|6|3|4
GA	Calsqu	LTR	ERV1	DR0012906	MCFN01001461.1:10280-11102+	MCFN01014627.1:0-888+	14	76	0	676,684,732,734,736,738	688,696,743,745,747,749	1	8,9,10,11,12,13	62	62	815	14|10|2|1|2|11|13|10|0|6|3|4
GA	Calsqu	LTR	ERV1	DR0012902	MCFN01000166.1:1318135-1321035-	MCFN01001447.1:9372-13994+	66	195	0	1401,1404,1412,1415,1419,1603,1625,1626,1630,1633,2248,2258,2266,2302,2304	1985,1988,1996,1999,2003,2187,2209,2210,2214,2217,2828,2838,2846,2882,2884	3	2,3,4,5,6,16,17,18,19,20,41,42,43,44,45	107	900	1579	66|40|4|4|2|8|34|23|3|2|5|4
GA	Calsqu	LTR	ERV1	DR0012906	MCFN01001461.1:10280-11102+	MCFN01020065.1:0-573+	11	41	0	676,684,732,734,736,738	373,381,428,430,432,434	1	5,6,7,8,9,10	62	62	502	11|3|0|0|1|5|7|7|0|3|2|2
GA	Calsqu	LTR	ERV1	DR0012906	MCFN01001461.1:10280-11102+	MCFN01033517.1:0-573+	11	43	0	676,684,732,734,736,738	373,381,428,430,432,434	1	5,6,7,8,9,10	62	62	502	11|3|0|0|1|5|7|8|0|3|3|2
GA	Calsqu	LTR	ERV1	DR0012902	MCFN01000166.1:1318135-1321035-	MCFN01010205.1:4-3341-	64	197	0	1401,1404,1412,1415,1419,1447,1603,1625,1626,1630,1633	680,683,691,694,698,726,882,904,905,909,912	2	3,4,5,6,7,8,16,17,18,19,20	78	233	1578	64|41|3|3|2|9|33|24|2|6|7|3
GA	Calsqu	LTR	ERV1	DR0012902	MCFN01000166.1:1318135-1321035-	MCFN01000197.1:0-3999+	67	215	0	1595,1603,1625,1626,1630,1633	547,555,577,578,582,585	1	17,18,19,20,21,22	39	39	1583	67|45|3|3|2|10|41|31|2|2|4|5
GA	Calsqu	LTR	ERV1	DR0012902	MCFN01000166.1:1318135-1321035-	MCFN01001177.1:8570-13536-	68	217	0	2248,2258,2266,2272,2302,2304	1072,1082,1090,1096,1126,1128	1	43,44,45,46,47,48	57	57	1584	68|48|4|2|6|8|35|27|3|4|8|4
GA	Calsqu	LTR	ERV1	DR0012902	MCFN01000166.1:1318135-1321035-	MCFN01013200.1:0-2045-	59	180	0	1401,1404,1412,1415,1419,1447,1603,1625,1626,1630,1633	680,683,691,694,698,726,882,904,905,909,912	2	3,4,5,6,7,8,16,17,18,19,20	78	233	1473	59|38|3|3|2|9|30|21|2|5|6|2
GA	Calsqu	LTR	ERV1	DR0012902	MCFN01000166.1:1318135-1321035-	MCFN01010461.1:0-3007-	64	197	0	1595,1603,1625,1626,1630,1633,1653	1875,1883,1905,1906,1910,1913,1933	1	18,19,20,21,22,23,24	59	59	1425	64|39|4|2|3|8|38|26|2|3|4|4
GA	Calsqu	LTR	ERV1	DR0012922	MCFN01000482.1:451673-452225-	MCFN01002335.1:10127-10437+	10	36	0	209,218,219,220,236	192,201,202,203,223	1	5,6,7,8,9	32	32	275	10|6|0|2|2|1|6|2|1|3|1|2
GA	Calsqu	LTR	ERV1	DR0012922	MCFN01000482.1:451673-452225-	MCFN01006260.1:416-726-	11	35	0	209,218,219,220,236	192,201,202,203,224	1	5,6,7,8,9	33	33	275	11|6|1|2|1|1|5|2|0|3|0|3
GA	Calsqu	LTR	ERV1	DR0012922	MCFN01000482.1:451673-452225-	MCFN01001507.1:13505-13814-	10	34	0	209,218,220,234,236	191,200,202,221,223	1	6,7,8,9,10	33	33	275	10|6|1|1|4|1|5|2|0|1|1|2
GA	Calsqu	LTR	ERV1	DR0012902	MCFN01000166.1:1318135-1321035-	MCFN01014569.1:0-1866-	64	198	0	1595,1603,1625,1626,1630,1633,1653	734,742,764,765,769,772,792	1	18,19,20,21,22,23,24	59	59	1425	64|39|4|2|3|8|38|26|2|3|4|5
GA	Calsqu	LTR	ERV1	DR0012902	MCFN01000166.1:1318135-1321035-	MCFN01011799.1:0-2341-	64	198	0	1595,1603,1625,1626,1630,1633,1653	1209,1217,1239,1240,1244,1247,1267	1	18,19,20,21,22,23,24	59	59	1425	64|39|4|2|3|8|38|26|2|3|4|5
GA	Calsqu	LTR	ERV1	DR0012992	MCFN01001057.1:155403-156081-	MCFN01012875.1:312-1031-	26	93	0	502,503,510,511,523,527	544,545,552,553,567,571	1	19,20,21,22,23,24	28	28	672	26|8|3|1|2|9|11|19|4|4|2|4
GA	Calsqu	LTR	ERV1	DR0012992	MCFN01001057.1:155403-156081-	MCFN01010393.1:2005-2698-	27	93	0	502,503,510,511,523,527	518,519,526,527,541,545	1	20,21,22,23,24,25	28	28	672	27|8|3|1|2|9|11|18|4|4|2|4
GA	Calsqu	LTR	ERV1	DR0012851	MCFN01000203.1:11-5087+	MCFN01006658.1:0-1053+	19	110	0	2058,2060,2066,2071,2077	432,434,440,445,451	1	7,8,9,10,11	20	20	1063	19|10|4|14|6|8|18|15|10|1|2|3
GA	Calsqu	LTR	ERV1	DR0012857	MCFN01000056.1:2403134-2403367+	MCFN01025066.1:0-269-	8	13	0	28,46,47,64,65,7,72,73	28,46,47,64,65,7,72,73	1	1,2,3,4,5,6,7,8	67	67	230	8|1|0|0|0|0|3|0|1|0|0|0
GA	Calsqu	LTR	ERV1	DR0012857	MCFN01000056.1:2403134-2403367+	MCFN01001387.1:7795-8198+	9	14	0	28,32,46,47,64,65,7,72,73	27,31,45,46,6,63,64,71,72	1	1,2,3,4,5,6,7,8,9	67	67	230	9|1|0|1|0|2|1|0|0|0|0|0
GA	Calsqu	LTR	ERV1	DR0012857	MCFN01000056.1:2403134-2403367+	MCFN01000099.1:935124-935378-	7	13	0	28,46,47,66,7	26,44,45,5,62	1	1,2,3,4,5	58	58	227	7|3|0|1|0|1|1|0|0|0|0|0
GA	Calsqu	LTR	ERV1	DR0012857	MCFN01000056.1:2403134-2403367+	MCFN01000079.1:1246108-1246411-	13	19	0	28,46,47,59,64,65,68,7,72,73	12,33,51,52,64,69,70,73,77,78	1	1,2,3,4,5,6,7,8,9,10	67	67	229	13|1|0|0|0|1|4|0|0|0|0|0
GA	Calsqu	LTR	ERV1	DR0012931	MCFN01015534.1:1215-1727-	MCFN01018119.1:646-1159+	18	75	0	328,342,343,348,357	326,340,341,346,355	1	11,12,13,14,15	30	30	509	18|6|1|8|3|2|7|19|1|2|5|3
GA	Calsqu	LTR	ERV1	DR0012857	MCFN01000056.1:2403134-2403367+	MCFN01020101.1:1058-1464+	10	19	0	46,47,64,65,72,73	47,48,65,66,73,74	1	4,5,6,7,8,9	28	28	231	10|3|0|1|0|1|3|1|0|0|0|0
GA	Calsqu	LTR	ERV1	DR0012931	MCFN01015534.1:1215-1727-	MCFN01031331.1:0-380-	19	55	0	328,339,342,354,357	327,338,341,353,356	1	15,16,17,18,19	30	30	379	19|10|3|5|2|1|5|4|0|0|4|2
GA	Calsqu	LTR	ERV1	DR0012857	MCFN01000056.1:2403134-2403367+	MCFN01003121.1:1335-1521-	11	13	0	28,46,47,64,65,7,72,73	28,46,47,64,65,7,72,73	1	1,2,3,4,5,6,7,8	67	67	179	11|1|0|0|0|1|0|0|0|0|0|0
GA	Calsqu	LTR	ERV1	DR0012857	MCFN01000056.1:2403134-2403367+	MCFN01000569.1:192198-192371+	11	14	0	28,31,46,47,64,65,7,72,73,74	29,32,47,48,65,66,73,74,75,8	1	1,2,3,4,5,6,7,8,9,10	68	68	171	11|1|0|0|0|1|0|1|0|0|0|0
GA	Calsqu	LTR	ERV1	DR0012906	MCFN01001463.1:2968-5556+	MCFN01012516.1:602-1485+	25	101	0	356,358,362,364,369	375,377,381,383,388	1	10,11,12,13,14	14	14	861	25|19|4|6|13|2|12|10|3|3|3|1
GA	Calsqu	LTR	ERV1	DR0012906	MCFN01001463.1:2968-5556+	MCFN01018491.1:246-1133-	26	104	0	356,358,362,364,369	376,378,382,384,389	1	11,12,13,14,15	14	14	863	26|19|4|6|13|3|11|10|3|5|3|1
GA	Calsqu	LTR	ERV1	DR0012922	MCFN01000518.1:83522-83704+	MCFN01001647.1:10290-10805+	7	15	0	110,118,163,169,171	110,118,163,169,171	1	3,4,5,6,7	62	62	182	7|2|0|1|1|1|1|2|0|0|0|0
GA	Calsqu	LTR	ERV1	DR0012906	MCFN01001463.1:2968-5556+	MCFN01023463.1:0-743-	23	88	0	356,358,362,364,369	375,377,381,383,388	1	10,11,12,13,14	14	14	712	23|16|3|6|11|2|8|8|2|5|2|2
GA	Calsqu	LTR	ERV1	DR0012906	MCFN01001463.1:2968-5556+	MCFN01028257.1:446-1152+	21	81	0	356,358,362,364,369	375,377,381,383,388	1	10,11,12,13,14	14	14	660	21|12|4|5|10|3|8|8|2|5|2|1
GA	Calsqu	LTR	ERV1	DR0012906	MCFN01001463.1:2968-5556+	MCFN01025571.1:584-1246+	21	77	0	356,358,362,364,369	375,377,381,383,388	1	10,11,12,13,14	14	14	636	21|14|3|6|9|2|7|8|1|3|2|1
GA	Calsqu	LTR	ERV1	DR0012906	MCFN01001463.1:2968-5556+	MCFN01025521.1:946-1249+	9	29	0	356,358,362,364,369	120,122,126,128,133	1	3,4,5,6,7	14	14	302	9|5|0|0|3|1|2|3|1|2|2|1
GA	Calsqu	LTR	ERV1	DR0012851	MCFN01000203.1:11-5087+	MCFN01002517.1:10430-11307+	12	125	0	3362,3406,3408,3409,3413	219,263,265,266,270	1	1,2,3,4,5	52	52	778	12|11|6|7|5|3|24|18|14|6|11|8
GA	Calsqu	LTR	ERV1	DR0012851	MCFN01000203.1:11-5087+	MCFN01000377.1:0-886+	11	116	0	3362,3406,3408,3409,3413	280,324,326,327,331	1	1,2,3,4,5	52	52	726	11|11|6|6|6|3|20|16|11|7|10|9
GA	Calsqu	LTR	ERV1	DR0012879	MCFN01000048.1:794630-795687-	MCFN01000211.1:717672-718762+	12	70	0	116,122,134,137,53	116,122,134,137,53	1	2,3,4,5,6	85	85	1073	12|16|2|5|2|0|8|18|1|1|1|4
GA	Calsqu	LTR	ERV1	DR0012902	MCFN01000177.1:77353-78068-	MCFN01001447.1:9372-13994+	8	50	0	431,433,448,450,489	259,261,276,278,312	1	3,4,5,6,7	54	54	540	8|15|1|1|2|3|11|5|1|1|2|0
GA	Calsqu	LTR	ERV1	DR0012906	MCFN01001507.1:8082-8980+	MCFN01005731.1:226-2763-	20	70	0	677,694,697,724,725	415,427,430,457,458	1	14,15,16,17,18	44	44	620	20|10|1|3|4|3|11|10|2|1|3|2
GA	Calsqu	LTR	ERV1	DR0012906	MCFN01001507.1:8082-8980+	MCFN01012340.1:1-2206+	21	62	0	677,697,708,716,721,724,725	306,321,332,340,345,348,349	1	14,15,16,17,18,19,20	44	44	473	21|7|2|1|3|4|9|8|3|1|1|2
GA	Calsqu	LTR	ERV1	DR0012879	MCFN01000048.1:794630-795687-	MCFN01001218.1:1156-2248-	7	17	0	116,122,124,134,161,178	117,123,125,135,162,176	1	2,3,4,5,6,7	60	60	277	7|1|1|1|0|2|2|1|0|1|0|1
GA	Calsqu	LTR	ERV1	DR0012879	MCFN01000048.1:794630-795687-	MCFN01005062.1:2094-2897+	8	27	0	111,113,116,122,134	108,110,113,119,131	1	2,3,4,5,6	24	24	278	8|4|0|0|3|0|6|5|0|0|0|1
GA	Calsqu	LTR	ERV1	DR0012866	MCFN01000845.1:123877-124938+	MCFN01001123.1:5866-7740+	24	128	0	100,101,102,103,99	386,387,388,389,390	1	1,2,3,4,5	5	5	1074	24|26|4|7|7|8|12|20|4|3|7|6
GA	Calsqu	LTR	ERV1	DR0012866	MCFN01000845.1:123877-124938+	MCFN01004393.1:1410-3453-	33	162	0	101,102,104,108,109	437,438,440,444,445	1	1,2,3,4,5	9	9	1046	33|28|3|8|10|18|14|23|5|6|5|9
GA	Calsqu	LTR	ERV1	DR0012866	MCFN01000845.1:123877-124938+	MCFN01010399.1:103-2747-	33	162	0	100,101,108,109,99	1050,1051,1052,1059,1060	1	1,2,3,4,5	11	11	1055	33|26|4|8|9|19|15|21|2|6|5|14
GA	Calsqu	LTR	ERV1	DR0012866	MCFN01000845.1:123877-124938+	MCFN01012680.1:0-2087+	35	166	0	100,101,102,108,109,99	526,527,528,529,535,536	1	2,3,4,5,6,7	11	11	1052	35|30|3|9|8|16|16|24|2|7|5|11
GA	Calsqu	LTR	ERV1	DR0012866	MCFN01000845.1:123877-124938+	MCFN01000881.1:162365-163801-	28	135	0	102,103,108,109,99	626,627,628,633,634	1	1,2,3,4,5	9	9	829	28|22|3|8|7|9|13|21|2|9|5|8
GA	Calsqu	LTR	ERV1	DR0012866	MCFN01000845.1:123877-124938+	MCFN01012845.1:668-2104-	28	140	0	100,101,102,103,108,109	622,623,624,625,630,631	1	1,2,3,4,5,6	10	10	866	28|23|1|7|9|13|14|19|4|8|5|9
GA	Calsqu	LTR	ERV1	DR0012857	MCFN01000060.1:2273695-2274118+	MCFN01001387.1:7795-8198+	11	20	0	13,38,52,53,62,70,71,78,79	31,45,46,55,6,63,64,71,72	1	1,2,3,4,5,6,7,8,9	67	67	408	11|2|0|1|0|3|2|1|0|0|0|0
GA	Calsqu	LTR	ERV1	DR0012857	MCFN01000060.1:2273695-2274118+	MCFN01020101.1:1058-1464+	14	26	0	52,53,62,70,71,78,79	47,48,57,65,66,73,74	1	3,4,5,6,7,8,9	28	28	410	14|5|0|1|0|0|4|2|0|0|0|0
GA	Calsqu	LTR	ERV1	DR0012857	MCFN01000060.1:2273695-2274118+	MCFN01007716.1:3863-4246-	12	34	0	62,70,71,78,79	56,64,65,72,73	1	4,5,6,7,8	18	18	385	12|5|1|2|3|0|5|1|2|1|2|0
GA	Calsqu	LTR	ERV1	DR0012857	MCFN01000060.1:2273695-2274118+	MCFN01000079.1:1246108-1246411-	14	23	0	13,52,53,62,65,70,71,74,78,79	12,51,52,61,64,69,70,73,77,78	1	1,2,3,4,5,6,7,8,9,10	67	67	302	14|1|1|0|0|0|3|1|1|0|0|2
GA	Calsqu	LTR	ERV1	DR0012857	MCFN01000060.1:2273695-2274118+	MCFN01025066.1:0-269-	9	16	0	13,52,53,62,70,71,78,79	46,47,56,64,65,7,72,73	1	1,2,3,4,5,6,7,8	67	67	267	9|2|0|0|0|0|3|1|0|0|0|1
GA	Calsqu	LTR	ERV1	DR0012857	MCFN01000060.1:2273695-2274118+	MCFN01000099.1:935124-935378-	7	12	0	13,52,53,62,72	44,45,5,54,62	1	1,2,3,4,5	58	58	257	7|2|0|1|0|1|1|0|0|0|0|0
GA	Calsqu	LTR	ERV1	DR0012857	MCFN01000060.1:2273695-2274118+	MCFN01003121.1:1335-1521-	11	15	0	13,52,53,62,70,71,78,79	46,47,56,64,65,7,72,73	1	1,2,3,4,5,6,7,8	67	67	178	11|1|0|0|0|1|0|1|0|0|0|1
GA	Calsqu	LTR	ERV1	DR0012857	MCFN01000060.1:2273695-2274118+	MCFN01000569.1:192198-192371+	11	15	0	13,37,52,53,62,70,71,78,79,80	32,47,48,57,65,66,73,74,75,8	1	1,2,3,4,5,6,7,8,9,10	68	68	173	11|1|0|0|0|1|0|2|0|0|0|0
GA	Calsqu	LTR	ERV1	DR0012857	MCFN01000060.1:2273695-2274118+	MCFN01000139.1:1618463-1618617+	8	12	0	52,53,62,70,71,78,79	44,45,54,62,63,70,71	1	1,2,3,4,5,6,7	28	28	148	8|1|0|0|0|0|2|0|1|0|0|0
GA	Calsqu	LTR	ERV1	DR0012851	MCFN01000376.1:4299-5612+	MCFN01002394.1:3581-4546+	19	93	0	504,518,519,522,556	880,894,895,898,932	1	15,16,17,18,19	53	53	575	19|6|9|9|3|8|9|15|2|8|3|2
GA	Calsqu	LTR	ERV1	DR0012857	MCFN01000061.1:230219-230620-	MCFN01001387.1:7795-8198+	12	23	0	13,30,44,45,5,62,63,70,71	14,31,45,46,6,63,64,71,72	1	1,2,3,4,5,6,7,8,9	67	67	401	12|2|0|1|0|1|4|1|0|0|1|1
GA	Calsqu	LTR	ERV1	DR0012857	MCFN01000061.1:230219-230620-	MCFN01020101.1:1058-1464+	14	33	0	44,45,62,63,70,71	47,48,65,66,73,74	1	4,5,6,7,8,9	28	28	403	14|6|0|1|0|1|6|2|0|0|1|2
GA	Calsqu	LTR	ERV1	DR0012857	MCFN01000061.1:230219-230620-	MCFN01000079.1:1246108-1246411-	14	25	0	13,44,45,5,57,62,63,66,70,71	12,20,51,52,64,69,70,73,77,78	1	1,2,3,4,5,6,7,8,9,10	67	67	290	14|2|0|0|0|1|4|1|0|0|0|3
GA	Calsqu	LTR	ERV1	DR0012857	MCFN01000061.1:230219-230620-	MCFN01025066.1:0-269-	9	16	0	13,44,45,5,62,63,70,71	15,46,47,64,65,7,72,73	1	1,2,3,4,5,6,7,8	67	67	266	9|1|0|0|0|0|4|1|1|0|0|0
GA	Calsqu	LTR	ERV1	DR0012857	MCFN01000061.1:230219-230620-	MCFN01000099.1:935124-935378-	7	16	0	13,44,45,5,64	13,44,45,5,62	1	1,2,3,4,5	58	58	256	7|4|0|1|0|1|2|1|0|0|0|0
GA	Calsqu	LTR	ERV1	DR0012902	MCFN01000198.1:99602-100248-	MCFN01000211.1:189475-190025-	17	64	0	308,328,340,351,352	201,221,235,247,248	1	5,6,7,8,9	48	48	519	17|7|1|4|3|3|8|9|3|3|2|4
GA	Calsqu	LTR	ERV1	DR0012857	MCFN01000061.1:230219-230620-	MCFN01003121.1:1335-1521-	12	15	0	13,44,45,5,62,63,70,71	15,46,47,64,65,7,72,73	1	1,2,3,4,5,6,7,8	67	67	178	12|1|0|0|0|1|1|0|0|0|0|0
GA	Calsqu	LTR	ERV1	DR0012902	MCFN01000198.1:99602-100248-	MCFN01028229.1:496-1161-	16	76	0	328,340,345,351,352	214,226,231,237,238	1	4,5,6,7,8	25	25	514	16|7|2|4|3|3|16|10|4|6|3|2
GA	Calsqu	LTR	ERV1	DR0012857	MCFN01000061.1:230219-230620-	MCFN01000569.1:192198-192371+	12	17	0	13,29,44,45,5,62,63,70,71,72	16,32,47,48,65,66,73,74,75,8	1	1,2,3,4,5,6,7,8,9,10	68	68	170	12|2|0|0|0|1|1|1|0|0|0|0
GA	Calsqu	LTR	ERV1	DR0012879	MCFN01000049.1:2140751-2141805-	MCFN01001218.1:1156-2248-	6	15	0	116,124,134,161,178	117,125,135,162,176	1	2,3,4,5,6	60	60	277	6|1|1|1|0|2|1|2|0|1|0|0
GA	Calsqu	LTR	ERV1	DR0012879	MCFN01000049.1:2140751-2141805-	MCFN01000178.1:585391-586466-	5	15	0	116,134,169,190,206	115,133,168,189,205	1	1,2,3,4,5	91	91	274	5|3|0|0|1|0|3|3|0|0|0|0
GA	Calsqu	LTR	ERV1	DR0012866	MCFN01000924.1:25114-27419+	MCFN01010387.1:136-2762-	16	64	0	221,235,247,260,264,266	2092,2106,2118,2131,2135,2137	1	2,3,4,5,6,7	46	46	689	16|8|2|2|1|1|9|15|2|1|3|4
GA	Calsqu	LTR	ERV1	DR0012855	MCFN01000114.1:225010-225571-	MCFN01001579.1:22084-22654+	23	52	0	106,108,116,118,131	112,114,122,124,137	1	8,9,10,11,12	26	26	565	23|14|2|4|2|0|3|1|2|0|0|1
GA	Calsqu	LTR	ERV1	DR0012855	MCFN01000114.1:225010-225571-	MCFN01000655.1:366946-367750+	23	54	0	106,108,116,118,131	112,114,122,124,137	1	9,10,11,12,13	26	26	564	23|16|2|3|2|0|4|1|2|0|0|1
GA	Calsqu	LTR	ERV1	DR0012855	MCFN01000114.1:225010-225571-	MCFN01000697.1:156401-156971-	23	53	0	106,108,116,118,131	112,114,122,124,137	1	9,10,11,12,13	26	26	565	23|14|2|4|1|0|3|1|3|1|0|1
GA	Calsqu	LTR	ERV1	DR0012855	MCFN01000114.1:225010-225571-	MCFN01000777.1:213282-213852+	19	47	0	106,108,116,118,131	112,114,122,124,137	1	5,6,7,8,9	26	26	527	19|14|2|2|2|1|2|1|2|0|0|2
GA	Calsqu	LTR	ERV1	DR0012855	MCFN01000114.1:225010-225571-	MCFN01001495.1:16219-16789+	24	54	0	106,108,116,118,131	112,114,122,124,137	1	9,10,11,12,13	26	26	565	24|15|2|3|2|0|3|2|2|0|0|1
GA	Calsqu	LTR	ERV1	DR0012855	MCFN01000114.1:225010-225571-	MCFN01001253.1:2845-3415+	25	54	0	106,108,110,116,118,131	112,114,116,122,124,137	1	9,10,11,12,13,14	26	26	565	25|13|2|3|2|0|3|1|3|1|0|1
GA	Calsqu	LTR	ERV1	DR0012855	MCFN01000114.1:225010-225571-	MCFN01017663.1:1074-1637-	21	52	0	106,108,116,118,131	105,107,115,117,130	1	7,8,9,10,11	26	26	557	21|13|2|4|2|0|3|2|4|0|0|1
GA	Calsqu	LTR	ERV1	DR0012855	MCFN01000114.1:225010-225571-	MCFN01001127.1:107635-108205-	22	55	0	106,108,116,118,131	112,114,122,124,137	1	9,10,11,12,13	26	26	565	22|16|3|2|2|1|3|3|2|0|0|1
GA	Calsqu	LTR	ERV1	DR0012855	MCFN01000114.1:225010-225571-	MCFN01001034.1:2630-3200-	23	55	0	106,108,116,118,131	112,114,122,124,137	1	9,10,11,12,13	26	26	565	23|16|2|3|3|0|4|1|2|0|0|1
GA	Calsqu	LTR	ERV1	DR0012855	MCFN01000114.1:225010-225571-	MCFN01000733.1:115159-115727+	24	55	0	106,108,116,118,131	112,114,122,124,137	1	9,10,11,12,13	26	26	559	24|15|2|4|2|0|3|1|2|0|1|1
GA	Calsqu	LTR	ERV1	DR0012855	MCFN01000114.1:225010-225571-	MCFN01000166.1:1236527-1237097-	24	55	0	106,108,116,118,131	112,114,122,124,137	1	9,10,11,12,13	26	26	565	24|16|2|3|1|0|3|3|2|0|0|1
GA	Calsqu	LTR	ERV1	DR0012855	MCFN01000114.1:225010-225571-	MCFN01000189.1:1382015-1382583+	26	57	0	106,108,116,118,120,131	110,112,120,122,124,135	1	9,10,11,12,13,14	26	26	564	26|15|2|3|2|0|4|2|2|0|0|1
GA	Calsqu	LTR	ERV1	DR0012855	MCFN01000114.1:225010-225571-	MCFN01000894.1:167339-167910+	23	55	0	106,108,116,118,131	112,114,122,124,137	1	9,10,11,12,13	26	26	566	23|14|2|3|3|0|3|2|4|0|0|1
GA	Calsqu	LTR	ERV1	DR0012855	MCFN01000114.1:225010-225571-	MCFN01000622.1:158835-159406-	25	55	0	106,108,116,118,129,131	112,114,122,124,135,137	1	9,10,11,12,13,14	26	26	566	25|15|2|3|2|0|3|2|2|0|0|1
GA	Calsqu	LTR	ERV1	DR0012855	MCFN01000114.1:225010-225571-	MCFN01000131.1:354312-354883+	24	55	0	106,108,110,116,118,131	112,114,116,122,124,137	1	9,10,11,12,13,14	26	26	566	24|14|2|3|3|0|3|2|3|0|0|1
GA	Calsqu	LTR	ERV1	DR0012855	MCFN01000114.1:225010-225571-	MCFN01005624.1:3062-3632-	24	56	0	106,108,116,118,131	112,114,122,124,137	1	9,10,11,12,13	26	26	565	24|16|2|3|2|0|3|3|2|0|0|1
GA	Calsqu	LTR	ERV1	DR0012855	MCFN01000114.1:225010-225571-	MCFN01001806.1:3476-4046-	24	56	0	106,108,116,118,131	112,114,122,124,137	1	9,10,11,12,13	26	26	565	24|16|2|2|2|0|3|3|2|0|0|2
GA	Calsqu	LTR	ERV1	DR0012855	MCFN01000114.1:225010-225571-	MCFN01001175.1:52326-52896-	24	56	0	106,108,116,118,131	112,114,122,124,137	1	9,10,11,12,13	26	26	565	24|16|2|3|2|0|3|2|2|0|1|1
GA	Calsqu	LTR	ERV1	DR0012855	MCFN01000114.1:225010-225571-	MCFN01000337.1:87791-88361-	23	56	0	106,108,116,118,131	112,114,122,124,137	1	9,10,11,12,13	26	26	565	23|16|2|3|2|0|4|3|2|0|0|1
GA	Calsqu	LTR	ERV1	DR0012855	MCFN01000114.1:225010-225571-	MCFN01001754.1:51-857-	23	55	0	106,108,116,118,131	112,114,122,124,137	1	9,10,11,12,13	26	26	566	23|13|2|3|2|0|3|1|4|0|1|3
GA	Calsqu	LTR	ERV1	DR0012855	MCFN01000114.1:225010-225571-	MCFN01000940.1:14522-15092+	24	55	0	106,108,116,118,131	112,114,122,124,137	1	9,10,11,12,13	26	26	559	24|15|2|3|2|0|3|2|3|0|0|1
GA	Calsqu	LTR	ERV1	DR0012855	MCFN01000114.1:225010-225571-	MCFN01000151.1:41598-42168+	23	57	0	106,108,116,118,131	112,114,122,124,137	1	9,10,11,12,13	26	26	565	23|15|2|3|2|0|5|3|2|0|0|2
GA	Calsqu	LTR	ERV1	DR0012855	MCFN01000114.1:225010-225571-	MCFN01000420.1:540584-541155-	24	58	0	106,108,116,118,131	112,114,122,124,137	1	9,10,11,12,13	26	26	566	24|15|2|3|3|0|3|2|4|0|1|1
GA	Calsqu	LTR	ERV1	DR0012855	MCFN01000114.1:225010-225571-	MCFN01002242.1:8545-9115-	25	59	0	106,108,116,118,131	112,114,122,124,137	1	9,10,11,12,13	26	26	565	25|18|1|4|2|0|4|1|3|0|0|1
GA	Calsqu	LTR	ERV1	DR0012855	MCFN01000114.1:225010-225571-	MCFN01000713.1:296312-296884+	26	58	0	106,108,116,118,131	112,114,122,124,137	1	9,10,11,12,13	26	26	566	26|16|2|3|1|0|3|2|2|0|2|1
GA	Calsqu	LTR	ERV1	DR0012855	MCFN01000114.1:225010-225571-	MCFN01001175.1:59086-59917-	24	60	0	106,108,116,118,131	112,114,122,124,137	1	9,10,11,12,13	26	26	565	24|17|2|3|1|0|5|3|3|0|0|2
GA	Calsqu	LTR	ERV1	DR0012855	MCFN01000114.1:225010-225571-	MCFN01000116.1:1597934-1598502-	23	58	0	106,108,116,118,131	110,112,120,122,135	1	8,9,10,11,12	26	26	564	23|17|3|4|3|0|2|1|2|0|0|3
GA	Calsqu	LTR	ERV1	DR0012855	MCFN01000114.1:225010-225571-	MCFN01000736.1:106592-107162-	21	54	0	106,108,116,118,131	112,114,122,124,137	1	5,6,7,8,9	26	26	527	21|15|3|2|3|1|3|2|2|0|0|2
GA	Calsqu	LTR	ERV1	DR0012855	MCFN01000114.1:225010-225571-	MCFN01001181.1:16010-16580+	23	61	0	106,108,116,118,131	112,114,122,124,137	1	8,9,10,11,12	26	26	565	23|16|3|3|2|0|6|2|3|1|1|1
GA	Calsqu	LTR	ERV1	DR0012855	MCFN01000114.1:225010-225571-	MCFN01000341.1:185748-186314-	24	56	0	106,108,116,118,131	113,115,123,125,138	1	9,10,11,12,13	26	26	563	24|16|1|4|2|1|3|1|3|0|0|1
GA	Calsqu	LTR	ERV1	DR0012855	MCFN01000114.1:225010-225571-	MCFN01003246.1:7123-7672-	18	46	0	106,108,115,118,131	110,112,119,122,135	1	4,5,6,7,8	26	26	546	18|14|3|2|2|0|4|0|1|0|1|1
GA	Calsqu	LTR	ERV1	DR0012855	MCFN01000114.1:225010-225571-	MCFN01014955.1:1113-1827-	18	45	0	428,429,434,442,443	347,348,353,361,362	1	13,14,15,16,17	16	16	479	18|12|2|4|1|0|3|0|2|2|1|0
GA	Calsqu	LTR	ERV1	DR0012855	MCFN01000114.1:225010-225571-	MCFN01009619.1:3127-3608+	17	42	0	106,108,116,118,131	30,32,40,42,55	1	2,3,4,5,6	26	26	483	17|12|1|2|1|0|4|2|2|0|1|0
GA	Calsqu	LTR	ERV1	DR0012855	MCFN01000114.1:225010-225571-	MCFN01001588.1:12030-12514-	15	42	0	106,108,115,118,129,131	17,19,26,29,40,42	1	1,2,3,4,5,6	26	26	478	15|9|1|1|4|1|6|3|2|0|0|0
GA	Calsqu	LTR	ERV1	DR0012855	MCFN01000114.1:225010-225571-	MCFN01005557.1:1234-2022+	24	56	0	106,108,116,118,131	110,112,120,122,135	1	8,9,10,11,12	26	26	557	24|15|3|2|4|0|2|1|3|0|0|2
GA	Calsqu	LTR	ERV1	DR0012855	MCFN01000114.1:225010-225571-	MCFN01001690.1:9821-10390+	23	61	0	106,108,116,118,131	112,114,122,124,137	1	8,9,10,11,12	26	26	565	23|17|2|4|2|1|5|2|4|0|1|0
GA	Calsqu	LTR	ERV1	DR0012855	MCFN01000114.1:225010-225571-	MCFN01001507.1:11807-12376-	25	74	0	106,108,118,129,131	112,114,124,135,137	1	9,10,11,12,13	26	26	565	25|16|3|1|3|3|11|4|4|1|2|1
GA	Calsqu	LTR	ERV1	DR0012855	MCFN01000114.1:225010-225571-	MCFN01001067.1:96076-96647-	21	60	0	106,108,115,118,129,131	112,114,121,124,135,137	1	4,5,6,7,8,9	26	26	528	21|15|3|3|3|1|9|2|1|0|1|1
GA	Calsqu	LTR	ERV1	DR0012855	MCFN01000114.1:225010-225571-	MCFN01006775.1:195-659-	14	37	0	106,108,116,118,131	25,27,35,37,50	1	2,3,4,5,6	26	26	471	14|9|1|1|3|0|3|1|5|0|0|0
GA	Calsqu	LTR	ERV1	DR0012855	MCFN01000114.1:225010-225571-	MCFN01001579.1:14173-14611+	23	46	0	106,108,116,118,131	112,114,122,124,137	1	9,10,11,12,13	26	26	434	23|10|2|2|2|0|2|3|1|0|0|1
GA	Calsqu	LTR	ERV1	DR0012855	MCFN01000114.1:225010-225571-	MCFN01001415.1:2908-3332+	24	45	0	106,108,116,118,131	112,114,122,124,137	1	9,10,11,12,13	26	26	420	24|9|2|2|2|0|2|2|1|0|0|1
GA	Calsqu	LTR	ERV1	DR0012855	MCFN01000114.1:225010-225571-	MCFN01001034.1:751-1322+	21	67	0	106,108,116,118,131	113,115,123,125,138	1	4,5,6,7,8	26	26	551	21|17|4|2|4|3|7|3|3|0|1|2
GA	Calsqu	LTR	ERV1	DR0012906	MCFN01002701.1:0-2377-	MCFN01006918.1:4218-4834+	8	17	0	2226,2258,2269,2278,2303	106,115,140,63,95	1	4,5,6,7,8	78	78	213	8|2|0|2|1|0|0|2|1|0|0|1
GA	Calsqu	LTR	ERV1	DR0012855	MCFN01000114.1:225010-225571-	MCFN01000548.1:6833-7200-	22	42	0	106,108,116,118,131	112,114,122,124,137	1	9,10,11,12,13	26	26	363	22|8|2|1|2|0|4|1|1|0|0|1
GA	Calsqu	LTR	ERV1	DR0012855	MCFN01000114.1:225010-225571-	MCFN01005974.1:5124-5480+	22	43	0	106,108,116,118,131	112,114,122,124,137	1	9,10,11,12,13	26	26	352	22|8|2|2|2|0|2|3|1|0|0|1
GA	Calsqu	LTR	ERV1	DR0012855	MCFN01000114.1:225010-225571-	MCFN01000525.1:185577-185914-	21	40	0	106,108,116,118,131	112,114,122,124,137	1	9,10,11,12,13	26	26	332	21|8|1|2|2|0|2|2|1|0|0|1
GA	Calsqu	LTR	ERV1	DR0012879	MCFN01000062.1:819190-819766+	MCFN01013294.1:0-977-	18	60	0	191,192,207,213,244,245	290,291,306,312,363,364	1	7,8,9,10,11,12	75	75	489	18|12|1|5|4|3|8|3|3|1|1|1
GA	Calsqu	LTR	ERV1	DR0012922	MCFN01000672.1:86906-87434-	MCFN01000736.1:75199-75730+	13	37	0	196,200,210,214,217	196,200,210,214,217	1	4,5,6,7,8	22	22	529	13|7|0|2|2|1|4|4|1|2|1|0
GA	Calsqu	LTR	ERV1	DR0012922	MCFN01000672.1:86906-87434-	MCFN01001987.1:13595-14093+	10	32	0	181,196,200,214,217	151,166,170,184,187	1	1,2,3,4,5	37	37	470	10|4|0|0|2|0|4|7|1|1|1|2
GA	Calsqu	LTR	ERV1	DR0012922	MCFN01000672.1:86906-87434-	MCFN01002318.1:2671-3222+	11	52	0	196,200,202,214,217	196,200,202,214,217	1	3,4,5,6,7	22	22	539	11|6|2|3|4|2|9|7|2|1|2|3
GA	Calsqu	LTR	ERV1	DR0012857	MCFN01000061.1:1487459-1487695+	MCFN01001387.1:7795-8198+	8	11	0	10,35,49,50,67,68,75,76	31,45,46,6,63,64,71,72	1	1,2,3,4,5,6,7,8	67	67	229	8|0|0|1|0|1|1|0|0|0|0|0
GA	Calsqu	LTR	ERV1	DR0012857	MCFN01000061.1:1487459-1487695+	MCFN01025066.1:0-269-	7	12	0	10,49,50,67,68,75,76	46,47,64,65,7,72,73	1	1,2,3,4,5,6,7	67	67	230	7|1|0|0|0|0|3|0|0|0|0|1
GA	Calsqu	LTR	ERV1	DR0012857	MCFN01000061.1:1487459-1487695+	MCFN01000079.1:1246108-1246411-	11	14	0	10,49,50,62,67,68,71,75,76	12,51,52,64,69,70,73,77,78	1	1,2,3,4,5,6,7,8,9	67	67	233	11|0|0|0|0|0|2|0|1|0|0|0
GA	Calsqu	LTR	ERV1	DR0012857	MCFN01000061.1:1487459-1487695+	MCFN01020101.1:1058-1464+	9	16	0	49,50,67,68,75,76	47,48,65,66,73,74	1	3,4,5,6,7,8	28	28	230	9|2|0|1|0|0|3|1|0|0|0|0
GA	Calsqu	LTR	ERV1	DR0012857	MCFN01000061.1:1487459-1487695+	MCFN01003121.1:1335-1521-	11	13	0	10,49,50,67,68,75,76	46,47,64,65,7,72,73	1	1,2,3,4,5,6,7	67	67	179	11|0|0|0|0|1|0|0|0|0|0|1
GA	Calsqu	LTR	ERV1	DR0012857	MCFN01000061.1:1487459-1487695+	MCFN01000569.1:192198-192371+	11	13	0	10,165,166,34,49,50,67,68,75,76,77	161,162,32,47,48,65,66,73,74,75,8	1	1,2,3,4,5,6,7,8,9,10,11	155	155	174	11|0|0|0|0|1|0|1|0|0|0|0
GA	Calsqu	LTR	ERV1	DR0012857	MCFN01000061.1:1487459-1487695+	MCFN01000139.1:1618463-1618617+	7	11	0	49,50,67,68,75,76	44,45,62,63,70,71	1	1,2,3,4,5,6	28	28	148	7|1|0|0|0|0|2|0|1|0|0|0
GA	Calsqu	LTR	ERV1	DR0012906	MCFN01003530.1:7894-8639-	MCFN01012340.1:1-2206+	24	72	0	543,554,562,567,570,571	321,332,340,345,348,349	1	17,18,19,20,21,22	29	29	524	24|11|2|1|3|2|13|9|4|1|1|1
GA	Calsqu	LTR	ERV1	DR0012857	MCFN01000072.1:119375-121819-	MCFN01007072.1:0-304+	6	8	0	427,429,461,462,464	104,105,107,70,72	1	1,2,3,4,5	38	38	293	6|0|0|0|0|0|1|0|1|0|0|0
GA	Calsqu	LTR	ERV1	DR0012866	MCFN01001123.1:5866-7740+	MCFN01001462.1:22257-22706-	7	29	0	1704,1713,1715,1736,1740	201,210,212,233,237	1	2,3,4,5,6	37	37	367	7|7|1|1|1|1|3|6|0|0|1|1
GA	Calsqu	LTR	ERV1	DR0012906	MCFN01005012.1:6329-6641-	MCFN01006918.1:4218-4834+	7	15	0	100,109,134,57,89	106,115,140,63,95	1	3,4,5,6,7	78	78	247	7|2|0|2|0|0|0|2|1|0|0|1
GA	Calsqu	LTR	ERV1	DR0012902	MCFN01000212.1:1252510-1256190+	MCFN01001566.1:15479-16314+	32	115	0	740,744,748,762,769	775,779,783,797,804	1	28,29,30,31,32	30	30	634	32|17|3|3|6|2|17|18|5|3|2|7
GA	Calsqu	LTR	ERV1	DR0012902	MCFN01000212.1:1256210-1258787+	MCFN01003469.1:4664-8758-	51	290	0	1763,1764,1765,1766,1768,1769	2954,2955,2956,2957,2959,2960	1	38,39,40,41,42,43	7	7	2385	51|31|4|9|12|15|77|51|5|6|13|16
GA	Calsqu	LTR	ERV1	DR0012866	MCFN01001232.1:36221-38079+	MCFN01010399.1:103-2747-	27	119	0	1041,1042,1043,1044,1045,1046,1047,1055	1045,1046,1047,1048,1049,1050,1051,1060	1	16,17,18,19,20,21,22,23	16	16	1767	27|18|3|6|4|2|28|21|1|2|2|5
GA	Calsqu	LTR	ERV1	DR0012866	MCFN01001232.1:36221-38079+	MCFN01005992.1:3894-5466-	21	93	0	1042,1043,1044,1045,1046,1047	777,778,779,780,781,782	1	11,12,13,14,15,16	6	6	1493	21|13|3|2|3|2|16|20|1|2|3|7
GA	Calsqu	LTR	ERV1	DR0012866	MCFN01001232.1:36221-38079+	MCFN01012845.1:668-2104-	18	77	0	1041,1042,1044,1045,1046,1047,1048,1053	618,619,621,622,623,624,625,630	1	7,8,9,10,11,12,13,14	13	13	1431	18|13|2|0|6|2|16|12|1|1|2|4
GA	Calsqu	LTR	ERV1	DR0012866	MCFN01001232.1:36221-38079+	MCFN01012680.1:0-2087+	20	90	0	1041,1042,1043,1044,1045,1046,1047,1048,1055	522,523,524,525,526,527,528,529,536	1	8,9,10,11,12,13,14,15,16	15	15	1243	20|14|4|2|3|5|20|14|1|0|2|5
GA	Calsqu	LTR	ERV1	DR0012866	MCFN01001232.1:36221-38079+	MCFN01004393.1:1410-3453-	24	91	0	1041,1043,1044,1045,1046,1047,1048,1050,1055	432,433,434,435,436,437,438,440,445	1	7,8,9,10,11,12,13,14,15	14	14	1180	24|12|2|1|4|3|18|14|2|0|2|9
GA	Calsqu	LTR	ERV1	DR0012906	MCFN01005731.1:226-2763-	MCFN01006042.1:2964-5020-	23	87	0	826,827,859,866,871	1783,1784,1816,1823,1828	1	14,15,16,17,18	46	46	1100	23|13|0|0|3|2|22|14|0|5|3|2
GA	Calsqu	LTR	ERV1	DR0012902	MCFN01000215.1:39139-40457-	MCFN01001460.1:4844-6988+	33	125	0	117,120,66,69,87,89,98	102,105,123,125,134,153,156	1	2,3,4,5,6,7,8	55	55	1282	33|25|4|8|6|6|18|11|3|1|4|6
GA	Calsqu	LTR	ERV1	DR0012857	MCFN01000072.1:296675-297143+	MCFN01001387.1:7795-8198+	9	17	0	100,108,109,116,117,76,90,91	31,45,46,55,63,64,71,72	1	1,2,3,4,5,6,7,8	42	42	413	9|1|0|1|0|2|3|1|0|0|0|0
GA	Calsqu	LTR	ERV1	DR0012857	MCFN01000072.1:296675-297143+	MCFN01020101.1:1058-1464+	10	22	0	100,108,109,116,117,90,91	47,48,57,65,66,73,74	1	2,3,4,5,6,7,8	28	28	414	10|4|0|1|1|0|4|2|0|0|0|0
GA	Calsqu	LTR	ERV1	DR0012857	MCFN01000072.1:296675-297143+	MCFN01000079.1:1246108-1246411-	13	22	0	100,103,108,109,112,116,117,90,91	51,52,61,64,69,70,73,77,78	1	1,2,3,4,5,6,7,8,9	28	28	298	13|0|0|0|0|0|5|1|0|0|1|2
GA	Calsqu	LTR	ERV1	DR0012857	MCFN01000072.1:296675-297143+	MCFN01025066.1:0-269-	8	15	0	100,108,109,116,117,90,91	46,47,56,64,65,72,73	1	1,2,3,4,5,6,7	28	28	266	8|1|0|0|0|0|4|1|0|0|0|1
GA	Calsqu	LTR	ERV1	DR0012857	MCFN01000072.1:296675-297143+	MCFN01033694.1:824-1014+	10	17	0	100,108,109,116,117,90,91	45,46,55,63,64,71,72	1	1,2,3,4,5,6,7	28	28	190	10|2|0|0|0|0|3|2|0|0|0|0
GA	Calsqu	LTR	ERV1	DR0012857	MCFN01000072.1:296675-297143+	MCFN01003121.1:1335-1521-	11	14	0	100,108,109,116,117,90,91	46,47,56,64,65,72,73	1	1,2,3,4,5,6,7	28	28	181	11|0|0|0|0|1|0|1|0|0|0|1
GA	Calsqu	LTR	ERV1	DR0012857	MCFN01000072.1:296675-297143+	MCFN01000569.1:192198-192371+	12	14	0	100,108,109,116,117,118,46,75,90,91	3,32,47,48,57,65,66,73,74,75	1	1,2,3,4,5,6,7,8,9,10	73	73	173	12|0|0|0|0|0|0|2|0|0|0|0
GA	Calsqu	LTR	ERV1	DR0012857	MCFN01000072.1:296675-297143+	MCFN01000139.1:1618463-1618617+	8	13	0	100,108,109,116,117,90,91	44,45,54,62,63,70,71	1	1,2,3,4,5,6,7	28	28	148	8|1|0|0|0|0|3|0|1|0|0|0
GA	Calsqu	LTR	ERV1	DR0012922	MCFN01000764.1:83707-84244-	MCFN01002335.1:10127-10437+	11	25	0	187,197,198,217,219	192,202,203,222,224	1	7,8,9,10,11	33	33	297	11|3|0|1|0|1|2|0|2|3|0|2
GA	Calsqu	LTR	ERV1	DR0012922	MCFN01000764.1:83707-84244-	MCFN01006260.1:416-726-	14	29	0	10,19,20,5,7	11,20,21,6,8	1	1,2,3,4,5	16	16	297	14|3|0|2|0|0|2|2|2|2|0|2
GA	Calsqu	LTR	ERV1	DR0012922	MCFN01000764.1:83707-84244-	MCFN01006129.1:1512-1827-	11	25	0	187,197,198,217,219	197,207,208,227,229	1	7,8,9,10,11	33	33	300	11|3|0|1|0|2|2|1|2|2|0|1
GA	Calsqu	LTR	ERV1	DR0012902	MCFN01000220.1:29847-30393+	MCFN01001101.1:6038-12381-	14	79	0	13,15,38,45,9	13,15,38,43,9	1	1,2,3,4,5	35	35	535	14|11|3|2|5|2|19|10|2|4|2|5
GA	Calsqu	LTR	ERV1	DR0012857	MCFN01000072.1:347235-348327-	MCFN01007072.1:0-304+	6	14	0	299,301,333,334,336	104,105,107,70,72	1	1,2,3,4,5	38	38	305	6|1|0|0|0|0|3|3|0|0|0|1
GA	Calsqu	LTR	ERV1	DR0012906	MCFN01006042.1:2964-5020-	MCFN01012340.1:1-2206+	27	87	0	1343,1386,1393,1394,1403	289,332,339,340,349	1	10,11,12,13,14	61	61	997	27|13|1|3|2|3|22|13|1|0|0|2
GA	Calsqu	LTR	ERV1	DR0012855	MCFN01000141.1:863387-863943+	MCFN01000420.1:646222-646803+	18	43	0	272,277,337,356,380	288,293,360,380,404	1	9,10,11,12,13	117	117	568	18|9|1|1|2|1|2|6|1|1|1|0
GA	Calsqu	LTR	ERV1	DR0012855	MCFN01000141.1:863387-863943+	MCFN01001615.1:2259-2840-	22	44	0	356,366,376,379,380	381,391,401,404,405	1	13,14,15,16,17	25	25	545	22|5|1|2|2|1|3|4|2|0|1|1
GA	Calsqu	LTR	ERV1	DR0012855	MCFN01000141.1:863387-863943+	MCFN01001609.1:16992-17569-	19	51	0	50,52,61,70,73	58,60,72,81,84	1	2,3,4,5,6	27	27	566	19|5|0|2|2|0|6|8|2|4|2|1
GA	Calsqu	LTR	ERV1	DR0012857	MCFN01000072.1:383895-384253-	MCFN01001387.1:7795-8198+	8	18	0	44,45,54,62,63,70,71	45,46,55,63,64,71,72	1	2,3,4,5,6,7,8	28	28	354	8|3|0|1|1|3|0|0|1|1|0|0
GA	Calsqu	LTR	ERV1	DR0012922	MCFN01000795.1:160069-160648-	MCFN01001647.1:10290-10805+	18	69	0	138,146,160,162,163	110,118,132,134,135	1	3,4,5,6,7	26	26	510	18|11|0|3|5|3|9|6|0|4|5|5
GA	Calsqu	LTR	ERV1	DR0012879	MCFN01000072.1:57422-57851-	MCFN01001475.1:19363-19957-	11	40	0	310,312,320,321,322	521,523,531,532,533	1	7,8,9,10,11	13	13	354	11|6|2|0|4|3|7|3|0|2|0|2
GA	Calsqu	LTR	ERV1	DR0012857	MCFN01000072.1:383895-384253-	MCFN01020101.1:1058-1464+	11	26	0	44,45,54,62,63,70,71	47,48,57,65,66,73,74	1	2,3,4,5,6,7,8	28	28	355	11|6|0|1|1|1|2|1|1|1|0|1
GA	Calsqu	LTR	ERV1	DR0012857	MCFN01000072.1:383895-384253-	MCFN01007716.1:3863-4246-	9	36	0	54,62,63,70,71	56,64,65,72,73	1	3,4,5,6,7	18	18	356	9|9|2|2|4|1|3|1|3|1|1|0
GA	Calsqu	LTR	ERV1	DR0012857	MCFN01000072.1:383895-384253-	MCFN01000079.1:1246108-1246411-	13	21	0	44,45,54,57,62,63,66,70,71	51,52,61,64,69,70,73,77,78	1	1,2,3,4,5,6,7,8,9	28	28	294	13|2|1|0|0|0|3|0|1|0|0|1
GA	Calsqu	LTR	ERV1	DR0012902	MCFN01000272.1:249914-250341+	MCFN01001447.1:9372-13994+	9	37	0	149,151,166,168,207	259,261,276,278,312	1	3,4,5,6,7	54	54	421	9|10|1|0|2|2|7|2|0|0|3|1
GA	Calsqu	LTR	ERV1	DR0012857	MCFN01000072.1:383895-384253-	MCFN01025066.1:0-269-	8	15	0	44,45,54,62,63,70,71	46,47,56,64,65,72,73	1	1,2,3,4,5,6,7	28	28	266	8|2|0|0|0|0|2|0|2|0|0|1
GA	Calsqu	LTR	ERV1	DR0012857	MCFN01000072.1:383895-384253-	MCFN01003121.1:1335-1521-	11	16	0	44,45,54,62,63,70,71	46,47,56,64,65,72,73	1	1,2,3,4,5,6,7	28	28	181	11|2|0|0|0|1|0|0|1|0|0|1
GA	Calsqu	LTR	ERV1	DR0012857	MCFN01000072.1:383895-384253-	MCFN01033694.1:824-1014+	10	19	0	44,45,54,62,63,70,71	45,46,55,63,64,71,72	1	1,2,3,4,5,6,7	28	28	189	10|4|0|0|0|0|3|1|1|0|0|0
GA	Calsqu	LTR	ERV1	DR0012857	MCFN01000072.1:383895-384253-	MCFN01000569.1:192198-192371+	11	15	0	44,45,54,62,63,70,71,72	47,48,57,65,66,73,74,75	1	2,3,4,5,6,7,8,9	29	29	170	11|2|0|0|0|0|0|1|1|0|0|0
GA	Calsqu	LTR	ERV1	DR0012922	MCFN01000892.1:251068-251498+	MCFN01001507.1:2531-3082+	11	45	0	267,271,272,277,280	388,392,393,398,401	1	6,7,8,9,10	14	14	383	11|11|1|4|3|3|3|3|1|4|0|1
GA	Calsqu	LTR	ERV1	DR0012906	MCFN01006866.1:1048-4238-	MCFN01012340.1:1-2206+	56	203	0	1774,1806,1825,1833,1834	289,321,340,348,349	1	12,13,14,15,16	61	61	1713	56|32|1|5|7|11|47|29|3|4|4|4
GA	Calsqu	LTR	ERV1	DR0012906	MCFN01006866.1:1048-4238-	MCFN01024662.1:15-1281+	29	123	0	2775,2785,2791,2798,2810	607,617,623,630,642	1	15,16,17,18,19	36	36	1010	29|16|4|4|4|7|21|24|2|5|4|3
GA	Calsqu	LTR	ERV1	DR0012857	MCFN01000072.1:2096301-2096471+	MCFN01001387.1:7795-8198+	8	14	0	44,45,54,62,63	45,46,55,63,64	1	2,3,4,5,6	20	20	168	8|1|0|1|0|1|1|0|1|0|0|1
GA	Calsqu	LTR	ERV1	DR0012857	MCFN01000072.1:2096301-2096471+	MCFN01000569.1:192198-192371+	11	16	0	44,45,54,62,63	47,48,57,65,66	1	3,4,5,6,7	20	20	167	11|1|0|0|0|0|0|1|1|1|0|1
GA	Calsqu	LTR	ERV1	DR0012857	MCFN01000072.1:2096301-2096471+	MCFN01025066.1:0-269-	8	16	0	44,45,54,62,63	46,47,56,64,65	1	2,3,4,5,6	20	20	169	8|2|0|0|0|0|2|0|1|1|0|2
GA	Calsqu	LTR	ERV1	DR0012857	MCFN01000072.1:2096301-2096471+	MCFN01003121.1:1335-1521-	11	17	0	44,45,54,62,63	46,47,56,64,65	1	2,3,4,5,6	20	20	168	11|1|0|0|0|1|0|0|1|1|0|2
GA	Calsqu	LTR	ERV1	DR0012855	MCFN01000151.1:41598-42168+	MCFN01014955.1:1113-1827-	8	28	0	435,436,441,449,450	347,348,353,361,362	1	3,4,5,6,7	16	16	478	8|4|2|1|0|1|7|2|0|2|1|0
GA	Calsqu	LTR	ERV1	DR0012855	MCFN01000151.1:41598-42168+	MCFN01001067.1:96076-96647-	15	54	0	23,31,40,46,55	23,31,40,46,55	1	1,2,3,4,5	33	33	570	15|8|4|1|1|4|13|6|0|1|1|0
GA	Calsqu	LTR	ERV1	DR0012866	MCFN01001381.1:36490-38374+	MCFN01005578.1:3943-5279-	15	117	0	1601,1603,1605,1607,1613	1133,1135,1137,1139,1147	1	9,10,11,12,13	15	15	1325	15|13|5|7|3|7|24|19|3|4|6|11
GA	Calsqu	LTR	ERV1	DR0012866	MCFN01001381.1:36490-38374+	MCFN01006446.1:3530-4670+	13	108	0	1601,1603,1605,1607,1613	593,595,597,599,607	1	6,7,8,9,10	15	15	873	13|9|5|7|3|6|23|17|3|4|4|14
GA	Calsqu	LTR	ERV1	DR0012866	MCFN01001381.1:36490-38374+	MCFN01001752.1:491-1304-	20	120	0	1601,1603,1605,1607,1614	552,554,556,558,564	1	12,13,14,15,16	13	13	768	20|14|3|4|2|8|22|22|3|4|8|10
GA	Calsqu	LTR	ERV1	DR0012902	MCFN01000508.1:241439-241971-	MCFN01000827.1:108084-108625-	15	74	0	411,413,415,429,431,450	418,420,422,436,438,457	1	8,9,10,11,12,13	40	40	515	15|16|0|2|6|2|14|9|1|2|3|4
GA	Calsqu	LTR	ERV1	DR0012879	MCFN01000072.1:376636-377167-	MCFN01001218.1:1156-2248-	7	17	0	116,124,134,161,178	117,125,135,162,176	1	3,4,5,6,7	60	60	277	7|1|1|1|0|2|1|2|0|1|0|1
GA	Calsqu	LTR	ERV1	DR0012855	MCFN01000159.1:1504734-1505298+	MCFN01001253.1:2845-3415+	10	30	0	110,112,118,138,159	114,116,122,142,163	1	3,4,5,6,7	50	50	552	10|3|0|1|0|0|6|3|0|4|0|3
GA	Calsqu	LTR	ERV1	DR0012855	MCFN01000159.1:1504734-1505298+	MCFN01000622.1:158835-159406-	10	30	0	110,118,131,138,159	114,122,135,142,163	1	3,4,5,6,7	50	50	552	10|4|0|1|0|0|6|4|0|2|0|3
GA	Calsqu	LTR	ERV1	DR0012855	MCFN01000159.1:1504734-1505298+	MCFN01000189.1:1382015-1382583+	11	34	0	110,118,122,138,159	112,120,124,140,161	1	3,4,5,6,7	50	50	551	11|5|0|1|0|0|6|5|1|2|0|3
GA	Calsqu	LTR	ERV1	DR0012855	MCFN01000159.1:1504734-1505298+	MCFN01001067.1:96076-96647-	13	43	0	110,117,131,138,159	114,121,135,142,163	1	4,5,6,7,8	50	50	552	13|5|3|1|1|2|11|2|0|2|2|1
GA	Calsqu	LTR	ERV1	DR0012857	MCFN01000095.1:593832-594010+	MCFN01001387.1:7795-8198+	8	11	0	30,44,45,5,62,63,70,71	31,45,46,6,63,64,71,72	1	1,2,3,4,5,6,7,8	67	67	178	8|0|0|1|0|0|0|2|0|0|0|0
GA	Calsqu	LTR	ERV1	DR0012857	MCFN01000095.1:593832-594010+	MCFN01025066.1:0-269-	7	12	0	44,45,5,62,63,70,71	46,47,64,65,7,72,73	1	1,2,3,4,5,6,7	67	67	179	7|0|0|0|0|0|1|2|1|0|0|1
GA	Calsqu	LTR	ERV1	DR0012857	MCFN01000095.1:593832-594010+	MCFN01003121.1:1335-1521-	11	15	0	44,45,5,62,63,70,71	46,47,64,65,7,72,73	1	1,2,3,4,5,6,7	67	67	178	11|0|0|0|0|1|0|2|0|0|0|1
GA	Calsqu	LTR	ERV1	DR0012857	MCFN01000095.1:593832-594010+	MCFN01000569.1:192198-192371+	11	14	0	29,44,45,5,62,63,70,71,72	32,47,48,65,66,73,74,75,8	1	1,2,3,4,5,6,7,8,9	68	68	170	11|0|0|0|0|0|0|3|0|0|0|0
GA	Calsqu	LTR	ERV1	DR0012922	MCFN01001134.1:110845-111398-	MCFN01001647.1:10290-10805+	11	36	0	113,121,133,172,174	110,118,130,169,171	1	2,3,4,5,6	62	62	534	11|8|2|1|1|0|4|4|0|3|1|1
GA	Calsqu	LTR	ERV1	DR0012857	MCFN01000095.1:593832-594010+	MCFN01033694.1:824-1014+	10	18	0	44,45,62,63,70,71	45,46,63,64,71,72	1	2,3,4,5,6,7	28	28	177	10|1|0|0|0|0|2|3|1|0|0|1
GA	Calsqu	LTR	ERV1	DR0012857	MCFN01000095.1:593832-594010+	MCFN01020101.1:1058-1464+	9	17	0	44,45,62,63,70,71	47,48,65,66,73,74	1	3,4,5,6,7,8	28	28	178	9|2|0|1|0|0|1|3|1|0|0|0
GA	Calsqu	LTR	ERV1	DR0012857	MCFN01000095.1:593832-594010+	MCFN01000139.1:1618463-1618617+	7	12	0	44,45,62,63,70,71	44,45,62,63,70,71	1	1,2,3,4,5,6	28	28	148	7|1|0|0|0|0|2|1|1|0|0|0
GA	Calsqu	LTR	ERV1	DR0012922	MCFN01001153.1:107405-107957-	MCFN01002335.1:10127-10437+	6	19	0	173,196,201,202,221	174,197,202,203,222	1	2,3,4,5,6	49	49	309	6|2|0|0|0|2|5|2|1|0|0|1
GA	Calsqu	LTR	ERV1	DR0012922	MCFN01001153.1:107405-107957-	MCFN01006129.1:1512-1827-	7	20	0	173,196,201,202,221	179,202,207,208,227	1	3,4,5,6,7	49	49	311	7|2|0|0|0|3|6|2|0|0|0|0
GA	Calsqu	LTR	ERV1	DR0012902	MCFN01000560.1:244990-245323+	MCFN01010461.1:0-3007-	17	61	0	187,188,192,195,215	1905,1906,1910,1913,1933	1	11,12,13,14,15	29	29	311	17|12|1|0|1|2|14|5|2|2|4|1
GA	Calsqu	LTR	ERV1	DR0012902	MCFN01000572.1:6759-7079+	MCFN01010461.1:0-3007-	17	61	0	174,175,179,182,202	1905,1906,1910,1913,1933	1	11,12,13,14,15	29	29	311	17|12|1|0|1|2|14|5|2|2|4|1
GA	Calsqu	LTR	ERV1	DR0012879	MCFN01000072.1:1709415-1710274-	MCFN01001218.1:1156-2248-	7	16	0	116,133,71,79,89	117,125,135,162,176	1	3,4,5,6,7	60	60	231	7|3|1|1|0|2|1|0|0|1|0|0
GA	Calsqu	LTR	ERV1	DR0012879	MCFN01000072.1:1709415-1710274-	MCFN01000178.1:585391-586466-	6	19	0	124,145,161,71,89	115,133,168,189,205	1	2,3,4,5,6	91	91	230	6|6|0|0|1|0|3|2|0|1|0|0
GA	Calsqu	LTR	ERV1	DR0012851	MCFN01000377.1:4790-7671+	MCFN01000588.1:474166-480460-	84	386	0	2740,2746,2751,2753,2765	4198,4204,4209,4211,4223	1	75,76,77,78,79	26	26	2345	84|69|35|15|30|18|32|35|24|15|9|20
GA	Calsqu	LTR	ERV1	DR0012851	MCFN01000377.1:4790-7671+	MCFN01000588.1:474166-480460-	84	442	0	2281,2287,2292,2294,2306	4198,4204,4209,4211,4223	1	53,54,55,56,57	26	26	2294	84|81|40|30|40|23|39|34|24|16|10|21
GA	Calsqu	LTR	ERV1	DR0012879	MCFN01000072.1:1709415-1710274-	MCFN01001475.1:19363-19957-	12	40	0	538,540,548,549,550	521,523,531,532,533	1	4,5,6,7,8	13	13	332	12|7|2|0|4|2|5|2|0|2|0|4
GA	Calsqu	LTR	ERV1	DR0012922	MCFN01001175.1:51256-51739-	MCFN01001647.1:10290-10805+	11	45	0	51,59,66,71,76	110,118,125,130,135	1	1,2,3,4,5	26	26	425	11|7|0|4|3|3|5|5|0|2|2|3
GA	Calsqu	LTR	ERV1	DR0012857	MCFN01000119.1:1190616-1190867-	MCFN01001387.1:7795-8198+	8	17	0	30,44,45,5,54,62	31,45,46,55,6,63	1	1,2,3,4,5,6	58	58	208	8|1|0|1|0|1|3|1|1|0|0|1
GA	Calsqu	LTR	ERV1	DR0012857	MCFN01000119.1:1190616-1190867-	MCFN01025066.1:0-269-	7	19	0	44,45,5,54,62	46,47,56,64,7	1	1,2,3,4,5	58	58	209	7|2|0|0|0|1|5|1|1|0|0|2
GA	Calsqu	LTR	ERV1	DR0012857	MCFN01000119.1:1190616-1190867-	MCFN01003121.1:1335-1521-	10	18	0	44,45,5,54,62	46,47,56,64,7	1	1,2,3,4,5	58	58	178	10|1|0|0|0|2|1|1|1|0|0|2
GA	Calsqu	LTR	ERV1	DR0012857	MCFN01000119.1:1190616-1190867-	MCFN01000569.1:192198-192371+	10	16	0	29,44,45,5,54,62	32,47,48,57,65,8	1	1,2,3,4,5,6	58	58	168	10|1|0|0|0|1|0|2|1|0|0|1
GA	Calsqu	LTR	ERV1	DR0012879	MCFN01000072.1:1710505-1710725-	MCFN01000178.1:585391-586466-	6	13	0	116,134,169,190,206	115,133,168,189,205	1	2,3,4,5,6	91	91	219	6|4|0|0|0|0|2|1|0|0|0|0
GA	Calsqu	LTR	ERV1	DR0012879	MCFN01000072.1:1710505-1710725-	MCFN01001218.1:1156-2248-	7	13	0	116,124,134,161,178	117,125,135,162,176	1	3,4,5,6,7	60	60	219	7|2|1|0|0|1|1|0|0|1|0|0
GA	Calsqu	LTR	ERV1	DR0012922	MCFN01001185.1:67174-67714-	MCFN01002318.1:2671-3222+	30	76	0	364,373,378,381,384	375,384,389,392,395	1	23,24,25,26,27	21	21	540	30|10|3|5|3|3|5|7|3|2|2|3
GA	Calsqu	LTR	ERV1	DR0012922	MCFN01001185.1:67174-67714-	MCFN01001507.1:2531-3082+	35	82	0	373,377,378,381,384,390	384,388,389,392,395,401	1	28,29,30,31,32,33	18	18	540	35|14|2|3|5|0|9|4|2|5|1|2
GA	Calsqu	LTR	ERV1	DR0012922	MCFN01001185.1:67174-67714-	MCFN01001805.1:4728-5255-	30	61	0	114,143,144,155,364,371,373,377,378,381,384,91	121,150,151,162,366,373,375,379,380,383,386,98	2	8,9,10,11,12,23,24,25,26,27,28,29	86	289	491	30|7|0|3|5|0|3|6|2|1|0|4
GA	Calsqu	LTR	ERV1	DR0012922	MCFN01001185.1:67174-67714-	MCFN01002448.1:3497-4034+	26	63	0	373,378,381,384,395	369,374,377,380,391	1	22,23,24,25,26	23	23	475	26|9|3|5|3|1|7|1|3|2|0|3
GA	Calsqu	LTR	ERV1	DR0012922	MCFN01001185.1:67174-67714-	MCFN01001307.1:28863-29415-	30	76	0	364,373,378,381,384,395	376,385,390,393,396,407	1	24,25,26,27,28,29	32	32	540	30|11|1|5|4|2|12|5|2|1|0|3
GA	Calsqu	LTR	ERV1	DR0012922	MCFN01001185.1:67174-67714-	MCFN01002450.1:7151-7677+	27	75	0	378,381,384,392,395	366,369,372,380,383	1	22,23,24,25,26	18	18	527	27|12|0|8|3|3|9|6|3|2|0|2
GA	Calsqu	LTR	ERV1	DR0012922	MCFN01001185.1:67174-67714-	MCFN01011866.1:649-1058+	25	59	0	373,377,378,381,384	242,246,247,250,253	1	18,19,20,21,22	12	12	396	25|6|0|4|4|2|4|8|0|2|1|3
GA	Calsqu	LTR	ERV1	DR0012902	MCFN01000695.1:246491-248959-	MCFN01021322.1:1-1420+	15	51	0	293,304,305,316,322	1236,1247,1248,1259,1265	1	7,8,9,10,11	30	30	453	15|9|0|3|0|1|6|9|1|2|4|1
GA	Calsqu	LTR	ERV1	DR0012902	MCFN01000695.1:246491-248959-	MCFN01016711.1:225-1698+	15	51	0	293,304,305,316,322	1290,1301,1302,1313,1319	1	7,8,9,10,11	30	30	453	15|9|0|3|0|1|6|9|1|2|4|1
GA	Calsqu	LTR	ERV1	DR0012922	MCFN01001185.1:67174-67714-	MCFN01006129.1:1512-1827-	20	39	0	55,58,59,60,63	67,70,71,72,75	1	2,3,4,5,6	9	9	300	20|8|0|1|0|1|2|2|1|2|0|2
GA	Calsqu	LTR	ERV1	DR0012922	MCFN01001185.1:67174-67714-	MCFN01001588.1:14887-15199-	22	49	0	239,246,250,251,256	251,260,264,265,270	1	14,15,16,17,18	20	20	297	22|8|1|1|0|1|5|2|1|2|2|4
GA	Calsqu	LTR	ERV1	DR0012866	MCFN01001557.1:4144-5104-	MCFN01005992.1:3894-5466-	32	121	0	363,364,365,366,367,370,371	755,756,757,758,759,760,761	1	11,12,13,14,15,16,17	7	7	903	32|11|6|8|1|10|13|23|3|3|3|8
GA	Calsqu	LTR	ERV1	DR0012866	MCFN01001557.1:4144-5104-	MCFN01004393.1:1410-3453-	31	121	0	365,366,367,368,369,370,371,396,397,401	411,412,413,414,415,416,417,444,445,449	1	10,11,12,13,14,15,16,17,18,19	39	39	901	31|12|4|7|1|10|17|23|4|3|3|6
GA	Calsqu	LTR	ERV1	DR0012866	MCFN01001557.1:4144-5104-	MCFN01012845.1:668-2104-	31	126	0	365,366,367,368,369,370,371,391,397,401	593,594,595,596,597,598,599,624,631,635	1	11,12,13,14,15,16,17,18,19,20	43	43	901	31|11|4|7|3|10|18|24|3|3|5|7
GA	Calsqu	LTR	ERV1	DR0012902	MCFN01000726.1:351819-352602+	MCFN01013200.1:0-2045-	27	86	0	253,263,264,272,273	596,606,607,615,616	1	9,10,11,12,13	21	21	579	27|19|1|2|2|1|14|9|2|2|5|2
GA	Calsqu	LTR	ERV1	DR0012902	MCFN01000726.1:351819-352602+	MCFN01010205.1:4-3341-	27	86	0	253,263,264,272,273	596,606,607,615,616	1	9,10,11,12,13	21	21	579	27|19|1|2|2|1|14|9|2|2|5|2
GA	Calsqu	LTR	ERV1	DR0012922	MCFN01001243.1:41628-42150+	MCFN01001954.1:13571-13970+	10	49	0	243,258,272,273,275	119,134,141,142,144	1	3,4,5,6,7	26	26	406	10|7|1|6|0|6|4|7|1|2|2|3
GA	Calsqu	LTR	ERV1	DR0012857	MCFN01000130.1:835455-835773-	MCFN01001387.1:7795-8198+	8	14	0	30,45,5,54,62,63,70,71	31,46,55,6,63,64,71,72	1	1,2,3,4,5,6,7,8	67	67	294	8|1|0|1|0|4|0|0|0|0|0|0
GA	Calsqu	LTR	ERV1	DR0012902	MCFN01000726.1:351819-352602+	MCFN01003603.1:5912-7553-	12	35	0	402,405,406,418,421	64,67,68,79,82	1	2,3,4,5,6	19	19	245	12|5|1|3|1|1|3|2|3|0|1|3
GA	Calsqu	LTR	ERV1	DR0012857	MCFN01000130.1:835455-835773-	MCFN01020101.1:1058-1464+	11	19	0	45,54,62,63,70,71	48,57,65,66,73,74	1	3,4,5,6,7,8	27	27	291	11|4|0|1|0|0|2|1|0|0|0|0
GA	Calsqu	LTR	ERV1	DR0012857	MCFN01000130.1:835455-835773-	MCFN01025066.1:0-269-	8	14	0	45,5,54,62,63,70,71	47,56,64,65,7,72,73	1	1,2,3,4,5,6,7	67	67	267	8|1|0|0|0|1|2|0|1|0|0|1
GA	Calsqu	LTR	ERV1	DR0012857	MCFN01000130.1:835455-835773-	MCFN01003121.1:1335-1521-	11	14	0	45,5,54,62,63,70,71	47,56,64,65,7,72,73	1	1,2,3,4,5,6,7	67	67	178	11|1|0|0|0|1|0|0|0|0|0|1
GA	Calsqu	LTR	ERV1	DR0012857	MCFN01000130.1:835455-835773-	MCFN01000569.1:192198-192371+	11	13	0	29,45,5,54,62,63,70,71,72	32,48,57,65,66,73,74,75,8	1	1,2,3,4,5,6,7,8,9	68	68	170	11|1|0|0|0|0|0|1|0|0|0|0
GA	Calsqu	LTR	ERV1	DR0012857	MCFN01000130.1:835455-835773-	MCFN01000139.1:1618463-1618617+	7	11	0	45,54,62,63,70,71	45,54,62,63,70,71	1	1,2,3,4,5,6	27	27	148	7|1|0|0|0|0|2|0|1|0|0|0
GA	Calsqu	LTR	ERV1	DR0012851	MCFN01000377.1:7700-9995+	MCFN01000588.1:474166-480460-	66	318	0	1838,1844,1849,1851,1863	4198,4204,4209,4211,4223	1	47,48,49,50,51	26	26	1638	66|61|29|18|32|15|21|24|13|10|10|19
GA	Calsqu	LTR	ERV1	DR0012902	MCFN01000763.1:52883-53533-	MCFN01028229.1:496-1161-	16	75	0	328,340,345,351,352	214,226,231,237,238	1	4,5,6,7,8	25	25	521	16|7|2|4|4|2|17|10|3|6|3|1
GA	Calsqu	LTR	ERV1	DR0012879	MCFN01000072.1:1779767-1780825-	MCFN01001218.1:1156-2248-	6	14	0	116,122,124,161,178	117,123,125,162,176	1	2,3,4,5,6	60	60	277	6|1|1|1|0|2|1|1|0|1|0|0
GA	Calsqu	LTR	ERV1	DR0012922	MCFN01001274.1:58972-59498-	MCFN01001647.1:10290-10805+	9	37	0	100,108,156,159,162	110,118,166,169,171	1	2,3,4,5,6	62	62	511	9|5|1|3|2|1|2|7|2|3|1|1
GA	Calsqu	LTR	ERV1	DR0012922	MCFN01001274.1:58972-59498-	MCFN01022561.1:282-682-	9	36	0	234,254,268,269,271	115,135,142,143,145	1	1,2,3,4,5	31	31	312	9|5|0|1|0|1|4|10|0|3|3|0
GA	Calsqu	LTR	ERV1	DR0012922	MCFN01001274.1:58972-59498-	MCFN01002448.1:10719-11119+	9	36	0	234,254,268,269,271	115,135,142,143,145	1	1,2,3,4,5	31	31	312	9|7|0|1|0|1|4|9|0|3|2|0
GA	Calsqu	LTR	ERV1	DR0012922	MCFN01001274.1:58972-59498-	MCFN01002448.1:4539-4939-	9	36	0	234,254,268,269,271	115,135,142,143,145	1	1,2,3,4,5	31	31	312	9|7|0|1|0|1|4|9|0|3|2|0
GA	Calsqu	LTR	ERV1	DR0012922	MCFN01001274.1:58972-59498-	MCFN01001954.1:13571-13970+	11	41	0	234,239,254,268,269,271	114,119,134,141,142,144	1	1,2,3,4,5,6	31	31	312	11|7|0|1|0|3|5|8|0|2|3|1
GA	Calsqu	LTR	ERV1	DR0012922	MCFN01001274.1:61054-61490-	MCFN01022561.1:282-682-	9	34	0	144,164,178,179,181	115,135,142,143,145	1	1,2,3,4,5	31	31	312	9|4|0|1|0|1|4|9|0|3|3|0
GA	Calsqu	LTR	ERV1	DR0012922	MCFN01001274.1:61054-61490-	MCFN01002448.1:10719-11119+	9	34	0	144,164,178,179,181	115,135,142,143,145	1	1,2,3,4,5	31	31	312	9|6|0|1|0|1|4|8|0|3|2|0
GA	Calsqu	LTR	ERV1	DR0012922	MCFN01001274.1:61054-61490-	MCFN01002448.1:4539-4939-	9	34	0	144,164,178,179,181	115,135,142,143,145	1	1,2,3,4,5	31	31	312	9|6|0|1|0|1|4|8|0|3|2|0
GA	Calsqu	LTR	ERV1	DR0012922	MCFN01001274.1:61054-61490-	MCFN01001954.1:13571-13970+	11	39	0	144,149,164,178,179,181	114,119,134,141,142,144	1	1,2,3,4,5,6	31	31	312	11|6|0|1|0|3|5|7|0|2|3|1
GA	Calsqu	LTR	ERV1	DR0012922	MCFN01001274.1:62442-62717+	MCFN01006129.1:1512-1827-	5	14	0	53,58,59,78,80	202,207,208,227,229	1	1,2,3,4,5	28	28	160	5|3|0|1|0|1|1|2|0|0|0|1
GA	Calsqu	LTR	ERV1	DR0012922	MCFN01001274.1:62442-62717+	MCFN01002335.1:10127-10437+	5	14	0	53,58,59,78,80	197,202,203,222,224	1	1,2,3,4,5	28	28	160	5|3|0|1|0|1|1|2|0|0|0|1
GA	Calsqu	LTR	ERV1	DR0012902	MCFN01000799.1:265391-269261+	MCFN01001447.1:9372-13994+	92	462	0	2176,2177,2181,2184,2202	2209,2210,2214,2217,2235	1	40,41,42,43,44	27	27	3861	92|94|5|14|12|17|115|57|12|12|18|14
GA	Calsqu	LTR	ERV1	DR0012902	MCFN01000799.1:265391-269261+	MCFN01010461.1:0-3007-	82	415	0	2176,2177,2181,2184,2202,2204	1905,1906,1910,1913,1931,1933	1	42,43,44,45,46,47	29	29	2996	82|80|3|8|13|17|100|59|8|13|13|19
GA	Calsqu	LTR	ERV1	DR0012902	MCFN01000799.1:265391-269261+	MCFN01010205.1:4-3341-	71	328	0	2176,2177,2181,2184,2202	904,905,909,912,930	1	18,19,20,21,22	27	27	2561	71|61|3|9|10|15|81|39|7|10|17|5
GA	Calsqu	LTR	ERV1	DR0012902	MCFN01000799.1:265391-269261+	MCFN01011799.1:0-2341-	77	335	0	2176,2177,2181,2184,2202,2204	1239,1240,1244,1247,1265,1267	1	37,38,39,40,41,42	29	29	2329	77|66|3|4|10|14|81|42|7|9|12|10
GA	Calsqu	LTR	ERV1	DR0012902	MCFN01000799.1:265391-269261+	MCFN01001177.1:8570-13536-	68	296	0	2176,2177,2181,2184,2202	445,446,450,453,471	1	18,19,20,21,22	27	27	2107	68|57|4|7|9|10|71|38|7|7|11|7
GA	Calsqu	LTR	ERV1	DR0012902	MCFN01000799.1:265391-269261+	MCFN01013200.1:0-2045-	56	256	0	2176,2177,2181,2184,2202	904,905,909,912,930	1	18,19,20,21,22	27	27	2046	56|47|2|7|7|14|61|28|7|9|14|4
GA	Calsqu	LTR	ERV1	DR0012902	MCFN01000799.1:265391-269261+	MCFN01014569.1:0-1866-	64	269	0	2176,2177,2181,2184,2202,2204	764,765,769,772,790,792	1	24,25,26,27,28,29	29	29	1852	64|50|3|3|7|12|68|36|5|6|8|7
GA	Calsqu	LTR	ERV1	DR0012855	MCFN01000199.1:707033-707599+	MCFN01001615.1:2259-2840-	17	81	0	364,376,390,393,413	375,387,401,404,424	1	10,11,12,13,14	50	50	573	17|12|2|3|5|4|14|9|5|3|3|4
GA	Calsqu	LTR	ERV1	DR0012855	MCFN01000199.1:707033-707599+	MCFN01014955.1:1113-1827-	16	50	0	425,435,436,449,450	337,347,348,361,362	1	11,12,13,14,15	26	26	477	16|5|2|2|2|1|9|5|2|3|3|0
GA	Calsqu	LTR	ERV1	DR0012922	MCFN01001380.1:37929-38375-	MCFN01002335.1:10127-10437+	6	15	0	115,67,90,95,96	174,197,202,203,222	1	2,3,4,5,6	49	49	201	6|1|0|0|0|1|4|1|0|0|1|1
GA	Calsqu	LTR	ERV1	DR0012922	MCFN01001380.1:37929-38375-	MCFN01001507.1:13505-13814-	6	18	0	35,67,75,90,96	141,173,181,196,202	1	1,2,3,4,5	62	62	201	6|3|0|1|1|0|3|2|0|0|1|1
GA	Calsqu	LTR	ERV1	DR0012922	MCFN01001380.1:37929-38375-	MCFN01006129.1:1512-1827-	6	14	0	115,67,90,95,96	179,202,207,208,227	1	2,3,4,5,6	49	49	203	6|1|0|0|0|1|4|0|0|0|2|0
GA	Calsqu	LTR	ERV1	DR0012857	MCFN01000150.1:1077015-1077173-	MCFN01025066.1:0-269-	8	12	0	26,44,45,5,62,63,70,71	28,46,47,64,65,7,72,73	1	1,2,3,4,5,6,7,8	67	67	158	8|1|0|0|0|0|1|1|1|0|0|0
GA	Calsqu	LTR	ERV1	DR0012857	MCFN01000150.1:1077015-1077173-	MCFN01003121.1:1335-1521-	9	11	0	26,44,45,5,62,63,70,71	28,46,47,64,65,7,72,73	1	1,2,3,4,5,6,7,8	67	67	157	9|1|0|0|0|1|0|0|0|0|0|0
GA	Calsqu	LTR	ERV1	DR0012857	MCFN01000150.1:1077015-1077173-	MCFN01001387.1:7795-8198+	9	12	0	26,30,44,45,5,62,63,70,71	27,31,45,46,6,63,64,71,72	1	1,2,3,4,5,6,7,8,9	67	67	157	9|1|0|1|0|1|0|0|0|0|0|0
GA	Calsqu	LTR	ERV1	DR0012857	MCFN01000150.1:1077015-1077173-	MCFN01000569.1:192198-192371+	10	12	0	26,29,44,45,5,62,63,70,71,72	29,32,47,48,65,66,73,74,75,8	1	1,2,3,4,5,6,7,8,9,10	68	68	156	10|1|0|0|0|1|0|0|0|0|0|0
GA	Calsqu	LTR	ERV1	DR0012922	MCFN01001487.1:17642-18190-	MCFN01001647.1:10290-10805+	7	33	0	119,131,159,170,172	118,130,158,169,171	1	2,3,4,5,6	54	54	531	7|2|0|4|3|2|1|5|2|2|2|3
GA	Calsqu	LTR	ERV1	DR0012902	MCFN01000810.1:11937-16280-	MCFN01001447.1:9372-13994+	94	328	0	1158,1161,1169,1172,1176,1360,1382,1383,1387,1390	1985,1988,1996,1999,2003,2187,2209,2210,2214,2217	2	2,3,4,5,6,16,17,18,19,20	50	233	2728	94|70|9|7|13|10|54|36|10|4|10|11
GA	Calsqu	LTR	ERV1	DR0012902	MCFN01000810.1:11937-16280-	MCFN01010205.1:4-3341-	94	345	0	1158,1161,1169,1172,1176,1204,1360,1382,1383,1387,1390	680,683,691,694,698,726,882,904,905,909,912	2	3,4,5,6,7,8,16,17,18,19,20	78	233	2745	94|73|7|8|11|12|64|40|7|11|11|7
GA	Calsqu	LTR	ERV1	DR0012857	MCFN01000159.1:1020000-1020407+	MCFN01001387.1:7795-8198+	9	21	0	30,44,45,54,62,63,70,71	31,45,46,55,63,64,71,72	1	1,2,3,4,5,6,7,8	42	42	399	9|2|0|1|0|3|4|1|0|0|0|1
GA	Calsqu	LTR	ERV1	DR0012857	MCFN01000159.1:1020000-1020407+	MCFN01020101.1:1058-1464+	11	27	0	44,45,54,62,63,70,71	47,48,57,65,66,73,74	1	2,3,4,5,6,7,8	28	28	400	11|5|0|1|1|0|6|2|0|0|0|1
GA	Calsqu	LTR	ERV1	DR0012879	MCFN01000072.1:2175813-2176869-	MCFN01001475.1:19363-19957-	11	38	0	580,582,590,591,592	521,523,531,532,533	1	7,8,9,10,11	13	13	356	11|6|2|0|5|2|5|1|1|3|0|2
GA	Calsqu	LTR	ERV1	DR0012902	MCFN01000810.1:11937-16280-	MCFN01003652.1:6579-8413+	38	156	0	2152,2161,2166,2175,2183	1285,1294,1299,1328,1336	1	25,26,27,28,29	52	52	1812	38|36|5|8|4|8|21|22|2|5|3|4
GA	Calsqu	LTR	ERV1	DR0012857	MCFN01000159.1:1020000-1020407+	MCFN01025066.1:0-269-	8	18	0	44,45,54,62,63,70,71	46,47,56,64,65,72,73	1	1,2,3,4,5,6,7	28	28	266	8|1|0|0|0|0|5|1|1|0|0|2
GA	Calsqu	LTR	ERV1	DR0012902	MCFN01000810.1:11937-16280-	MCFN01013200.1:0-2045-	58	184	0	1158,1161,1169,1172,1176,1204,1360,1382,1383,1387,1390	680,683,691,694,698,726,882,904,905,909,912	2	3,4,5,6,7,8,16,17,18,19,20	78	233	1463	58|38|4|5|4|9|30|21|2|6|5|2
GA	Calsqu	LTR	ERV1	DR0012902	MCFN01000810.1:11937-16280-	MCFN01010461.1:0-3007-	61	200	0	1352,1360,1382,1383,1387,1390,1410	1875,1883,1905,1906,1910,1913,1933	1	18,19,20,21,22,23,24	59	59	1417	61|39|6|3|6|8|38|26|2|3|4|4
GA	Calsqu	LTR	ERV1	DR0012902	MCFN01000810.1:11937-16280-	MCFN01014569.1:0-1866-	61	201	0	1352,1360,1382,1383,1387,1390,1410	734,742,764,765,769,772,792	1	18,19,20,21,22,23,24	59	59	1417	61|39|6|3|6|8|38|26|2|3|4|5
GA	Calsqu	LTR	ERV1	DR0012857	MCFN01000159.1:1020000-1020407+	MCFN01003121.1:1335-1521-	10	15	0	44,45,54,62,63,70,71	46,47,56,64,65,72,73	1	1,2,3,4,5,6,7	28	28	181	10|1|0|0|0|1|0|1|0|0|0|2
GA	Calsqu	LTR	ERV1	DR0012902	MCFN01000810.1:11937-16280-	MCFN01011799.1:0-2341-	61	201	0	1352,1360,1382,1383,1387,1390,1410	1209,1217,1239,1240,1244,1247,1267	1	18,19,20,21,22,23,24	59	59	1417	61|39|6|3|6|8|38|26|2|3|4|5
GA	Calsqu	LTR	ERV1	DR0012857	MCFN01000159.1:1020000-1020407+	MCFN01033694.1:824-1014+	9	18	0	44,45,54,62,63,70,71	45,46,55,63,64,71,72	1	1,2,3,4,5,6,7	28	28	189	9|3|0|0|0|0|3|2|0|0|0|1
GA	Calsqu	LTR	ERV1	DR0012857	MCFN01000159.1:1020000-1020407+	MCFN01000569.1:192198-192371+	9	9	0	29,44,45,54,62,63,70,71,72	32,47,48,57,65,66,73,74,75	1	1,2,3,4,5,6,7,8,9	44	44	157	9|0|0|0|0|0|0|0|0|0|0|0
GA	Calsqu	LTR	ERV1	DR0012902	MCFN01000810.1:11937-16280-	MCFN01008428.1:2863-4181-	34	180	0	3460,3470,3484,3499,3502	1217,1227,1241,1256,1259	1	29,30,31,32,33	43	43	1308	34|28|7|8|8|9|35|26|8|3|5|9
GA	Calsqu	LTR	ERV1	DR0012902	MCFN01000810.1:11937-16280-	MCFN01020552.1:0-1456-	39	208	0	3460,3470,3484,3499,3502	743,753,767,782,785	1	21,22,23,24,25	43	43	1435	39|28|9|9|15|10|38|28|10|4|8|10
GA	Calsqu	LTR	ERV1	DR0012902	MCFN01000810.1:11937-16280-	MCFN01017322.1:123-1658+	32	171	0	3460,3470,3484,3499,3502	1434,1444,1458,1473,1476	1	27,28,29,30,31	43	43	1229	32|26|4|5|9|9|38|22|8|5|4|9
GA	Calsqu	LTR	ERV1	DR0012902	MCFN01000810.1:11937-16280-	MCFN01000843.1:1509-4102+	23	85	0	1360,1376,1383,1387,1390	2184,2200,2207,2211,2214	1	13,14,15,16,17	31	31	705	23|18|3|4|1|3|15|8|2|3|3|2
GA	Calsqu	LTR	ERV1	DR0012902	MCFN01000810.1:11937-16280-	MCFN01017312.1:123-1658+	33	173	0	3460,3470,3484,3499,3502	1434,1444,1458,1473,1476	1	28,29,30,31,32	43	43	1229	33|26|4|5|8|9|38|23|9|3|5|10
GA	Calsqu	LTR	ERV1	DR0012851	MCFN01000450.1:7052-10377+	MCFN01000588.1:474166-480460-	77	505	0	3108,3109,3111,3117,3122	4195,4196,4198,4204,4209	1	67,68,69,70,71	15	15	3059	77|73|37|24|29|33|69|58|29|34|20|22
GA	Calsqu	LTR	ERV1	DR0012855	MCFN01000220.1:144084-144644+	MCFN01001615.1:2259-2840-	18	64	0	355,366,372,380,383	376,387,393,401,404	1	11,12,13,14,15	29	29	489	18|8|1|2|2|3|12|9|1|2|3|3
GA	Calsqu	LTR	ERV1	DR0012857	MCFN01000172.1:257862-258112+	MCFN01025066.1:0-269-	9	14	0	29,47,48,65,66,73,74,8	28,46,47,64,65,7,72,73	1	1,2,3,4,5,6,7,8	67	67	246	9|1|0|0|0|0|3|0|1|0|0|0
GA	Calsqu	LTR	ERV1	DR0012857	MCFN01000172.1:257862-258112+	MCFN01001387.1:7795-8198+	9	14	0	29,33,47,48,65,66,73,74,8	27,31,45,46,6,63,64,71,72	1	1,2,3,4,5,6,7,8,9	67	67	246	9|1|0|1|0|2|1|0|0|0|0|0
GA	Calsqu	LTR	ERV1	DR0012855	MCFN01000264.1:519838-520291+	MCFN01000733.1:115159-115727+	13	26	0	127,137,142,163,166	127,137,142,163,166	1	3,4,5,6,7	40	40	453	13|3|0|2|2|1|0|3|0|0|1|1
GA	Calsqu	LTR	ERV1	DR0012857	MCFN01000172.1:257862-258112+	MCFN01020101.1:1058-1464+	12	21	0	47,48,65,66,73,74	47,48,65,66,73,74	1	4,5,6,7,8,9	28	28	247	12|3|0|1|0|1|3|1|0|0|0|0
GA	Calsqu	LTR	ERV1	DR0012855	MCFN01000264.1:519838-520291+	MCFN01001495.1:16219-16789+	14	27	0	127,137,142,163,166,182	127,137,142,163,166,182	1	3,4,5,6,7,8	56	56	453	14|3|0|2|2|1|0|4|0|0|0|1
GA	Calsqu	LTR	ERV1	DR0012855	MCFN01000264.1:519838-520291+	MCFN01000754.1:185275-185843-	14	27	0	137,141,142,163,166	137,141,142,163,166	1	4,5,6,7,8	30	30	453	14|2|0|1|1|1|5|2|0|0|1|0
GA	Calsqu	LTR	ERV1	DR0012855	MCFN01000264.1:519838-520291+	MCFN01000697.1:156401-156971-	13	26	0	127,137,142,163,166	127,137,142,163,166	1	3,4,5,6,7	40	40	450	13|3|0|3|1|1|0|3|1|0|0|1
GA	Calsqu	LTR	ERV1	DR0012855	MCFN01000264.1:519838-520291+	MCFN01001034.1:2630-3200-	13	28	0	127,137,142,163,166	127,137,142,163,166	1	3,4,5,6,7	40	40	453	13|5|0|2|3|1|0|3|0|0|0|1
GA	Calsqu	LTR	ERV1	DR0012855	MCFN01000264.1:519838-520291+	MCFN01000777.1:213282-213852+	14	28	0	127,137,142,163,166	127,137,142,163,166	1	4,5,6,7,8	40	40	453	14|3|0|2|2|2|0|3|0|0|0|2
GA	Calsqu	LTR	ERV1	DR0012855	MCFN01000264.1:519838-520291+	MCFN01000622.1:158835-159406-	15	28	0	127,135,137,142,163,166,182	127,135,137,142,163,166,182	1	3,4,5,6,7,8,9	56	56	453	15|3|0|2|2|1|0|4|0|0|0|1
GA	Calsqu	LTR	ERV1	DR0012855	MCFN01000264.1:519838-520291+	MCFN01000361.1:509615-510183+	14	28	0	127,137,142,163,166,182	127,137,142,163,166,182	1	3,4,5,6,7,8	56	56	453	14|3|0|2|2|1|1|4|0|0|0|1
GA	Calsqu	LTR	ERV1	DR0012857	MCFN01000172.1:257862-258112+	MCFN01003121.1:1335-1521-	11	13	0	29,47,48,65,66,73,74,8	28,46,47,64,65,7,72,73	1	1,2,3,4,5,6,7,8	67	67	179	11|1|0|0|0|1|0|0|0|0|0|0
GA	Calsqu	LTR	ERV1	DR0012855	MCFN01000264.1:519838-520291+	MCFN01005624.1:3062-3632-	14	29	0	127,137,142,163,166,182	127,137,142,163,166,182	1	3,4,5,6,7,8	56	56	453	14|4|0|2|2|1|0|5|0|0|0|1
GA	Calsqu	LTR	ERV1	DR0012855	MCFN01000264.1:519838-520291+	MCFN01001398.1:13192-13763-	13	28	0	127,137,142,163,166	127,137,142,164,167	1	4,5,6,7,8	41	41	453	13|6|0|1|1|1|3|2|1|0|0|0
GA	Calsqu	LTR	ERV1	DR0012855	MCFN01000264.1:519838-520291+	MCFN01001175.1:52326-52896-	14	29	0	127,137,142,163,166	127,137,142,163,166	1	3,4,5,6,7	40	40	453	14|5|0|2|2|1|0|3|0|0|1|1
GA	Calsqu	LTR	ERV1	DR0012855	MCFN01000264.1:519838-520291+	MCFN01000508.1:58411-58980-	13	28	0	127,137,142,163,166	127,137,142,164,167	1	5,6,7,8,9	41	41	453	13|3|1|2|3|1|2|2|1|0|0|0
GA	Calsqu	LTR	ERV1	DR0012855	MCFN01000264.1:519838-520291+	MCFN01001754.1:51-857-	13	28	0	127,137,142,163,166	127,137,142,163,166	1	3,4,5,6,7	40	40	454	13|3|0|2|3|1|0|4|1|0|0|1
GA	Calsqu	LTR	ERV1	DR0012855	MCFN01000264.1:519838-520291+	MCFN01001806.1:3476-4046-	14	30	0	127,137,142,163,166,182	127,137,142,163,166,182	1	3,4,5,6,7,8	56	56	453	14|4|0|2|2|1|0|5|0|0|0|2
GA	Calsqu	LTR	ERV1	DR0012855	MCFN01000264.1:519838-520291+	MCFN01001253.1:2845-3415+	15	30	0	116,127,137,142,163,166	116,127,137,142,163,166	1	3,4,5,6,7,8	51	51	453	15|3|0|2|2|1|0|4|0|2|0|1
GA	Calsqu	LTR	ERV1	DR0012857	MCFN01000172.1:257862-258112+	MCFN01000569.1:192198-192371+	12	15	0	29,3,32,47,48,65,66,73,74,75,8	29,3,32,47,48,65,66,73,74,75,8	1	1,2,3,4,5,6,7,8,9,10,11	73	73	174	12|1|0|0|0|1|0|1|0|0|0|0
GA	Calsqu	LTR	ERV1	DR0012855	MCFN01000264.1:519838-520291+	MCFN01000894.1:167339-167910+	13	29	0	127,137,142,163,166	127,137,142,163,166	1	3,4,5,6,7	40	40	453	13|4|0|2|3|1|0|4|1|0|0|1
GA	Calsqu	LTR	ERV1	DR0012855	MCFN01000264.1:519838-520291+	MCFN01000272.1:17607-18175+	14	28	0	127,137,142,163,166,182	125,135,140,161,164,180	1	3,4,5,6,7,8	56	56	452	14|3|0|2|2|1|1|4|0|0|0|1
GA	Calsqu	LTR	ERV1	DR0012855	MCFN01000264.1:519838-520291+	MCFN01017663.1:1074-1637-	13	28	0	127,137,142,163,166	120,130,135,156,159	1	3,4,5,6,7	40	40	444	13|2|0|2|2|1|0|5|2|0|0|1
GA	Calsqu	LTR	ERV1	DR0012855	MCFN01000264.1:519838-520291+	MCFN01001127.1:107635-108205-	13	31	0	127,137,142,163,166	127,137,142,163,166	1	3,4,5,6,7	40	40	453	13|5|0|2|2|2|0|5|0|0|1|1
GA	Calsqu	LTR	ERV1	DR0012855	MCFN01000264.1:519838-520291+	MCFN01000655.1:380614-381182+	13	31	0	127,137,142,163,166	127,137,142,163,166	1	4,5,6,7,8	40	40	453	13|6|0|1|2|1|4|3|0|0|0|1
GA	Calsqu	LTR	ERV1	DR0012855	MCFN01000264.1:519838-520291+	MCFN01000420.1:644710-645281+	14	29	0	127,137,142,163,166	127,137,142,164,167	1	5,6,7,8,9	41	41	454	14|3|0|3|2|1|2|3|1|0|0|0
GA	Calsqu	LTR	ERV1	DR0012855	MCFN01000264.1:519838-520291+	MCFN01001579.1:14173-14611+	13	28	0	127,137,142,163,166	127,137,142,163,166	1	3,4,5,6,7	40	40	438	13|4|0|2|2|1|0|5|0|0|0|1
GA	Calsqu	LTR	ERV1	DR0012855	MCFN01000264.1:519838-520291+	MCFN01003634.1:3691-4258+	15	33	0	127,137,142,163,166	127,137,142,163,166	1	4,5,6,7,8	40	40	449	15|5|1|1|1|2|5|2|1|0|0|0
GA	Calsqu	LTR	ERV1	DR0012855	MCFN01000264.1:519838-520291+	MCFN01002335.1:6133-6937+	16	33	0	127,137,142,163,166	127,137,142,163,166	1	5,6,7,8,9	40	40	452	16|5|1|1|1|1|4|2|1|1|0|0
GA	Calsqu	LTR	ERV1	DR0012855	MCFN01000264.1:519838-520291+	MCFN01002157.1:5560-6128+	15	35	0	127,137,142,163,166	127,137,142,163,166	1	5,6,7,8,9	40	40	453	15|4|0|2|2|1|6|3|1|0|1|0
GA	Calsqu	LTR	ERV1	DR0012855	MCFN01000264.1:519838-520291+	MCFN01001415.1:2908-3332+	14	27	0	127,137,142,163,166,182	127,137,142,163,166,182	1	3,4,5,6,7,8	56	56	424	14|3|0|2|2|1|0|4|0|0|0|1
GA	Calsqu	LTR	ERV1	DR0012855	MCFN01000264.1:519838-520291+	MCFN01000341.1:185748-186314-	15	29	0	127,137,142,163,166,182	128,138,143,164,167,183	1	3,4,5,6,7,8	56	56	450	15|3|0|2|2|2|0|3|1|0|0|1
GA	Calsqu	LTR	ERV1	DR0012855	MCFN01000264.1:519838-520291+	MCFN01001670.1:1197-1776+	13	30	0	127,137,142,163,166	127,137,142,163,166	1	4,5,6,7,8	40	40	457	13|2|1|1|2|2|2|3|2|0|0|2
GA	Calsqu	LTR	ERV1	DR0012855	MCFN01000264.1:519838-520291+	MCFN01003246.1:7123-7672-	14	31	0	127,137,142,163,166	125,135,140,161,164	1	5,6,7,8,9	40	40	447	14|5|0|2|2|1|6|0|0|0|0|1
GA	Calsqu	LTR	ERV1	DR0012855	MCFN01000264.1:519838-520291+	MCFN01005557.1:1234-2022+	12	28	0	127,137,142,163,166,202	125,135,140,161,164,200	1	3,4,5,6,7,8	76	76	445	12|4|0|2|4|1|0|3|1|0|0|1
GA	Calsqu	LTR	ERV1	DR0012855	MCFN01000264.1:519838-520291+	MCFN01005974.1:5124-5480+	10	22	0	127,137,142,163,166,182	127,137,142,163,166,182	1	3,4,5,6,7,8	56	56	355	10|3|0|2|1|1|0|4|0|0|0|1
GA	Calsqu	LTR	ERV1	DR0012855	MCFN01000264.1:519838-520291+	MCFN01005799.1:519-1101+	14	35	0	127,137,142,163,166	131,141,146,167,170	1	4,5,6,7,8	40	40	455	14|4|0|1|3|2|6|2|2|0|0|1
GA	Calsqu	LTR	ERV1	DR0012855	MCFN01000264.1:519838-520291+	MCFN01001507.1:11807-12376-	17	45	0	127,135,137,142,163,166	127,135,137,142,163,166	1	6,7,8,9,10,11	40	40	449	17|4|2|1|3|3|8|4|1|1|0|1
GA	Calsqu	LTR	ERV1	DR0012855	MCFN01000264.1:519838-520291+	MCFN01001690.1:9821-10390+	15	37	0	127,137,142,163,166	127,137,142,163,166	1	3,4,5,6,7	40	40	450	15|8|0|2|2|2|3|4|1|0|0|0
GA	Calsqu	LTR	ERV1	DR0012855	MCFN01000264.1:519838-520291+	MCFN01000525.1:185577-185914-	10	21	0	127,137,142,163,166,182	127,137,142,163,166,182	1	3,4,5,6,7,8	56	56	337	10|3|0|2|1|1|0|3|0|0|0|1
GA	Calsqu	LTR	ERV1	DR0012855	MCFN01000264.1:519838-520291+	MCFN01014955.1:1113-1827-	13	29	0	127,137,142,163,166	38,48,53,75,78	1	2,3,4,5,6	41	41	359	13|2|0|3|1|0|4|2|1|2|1|0
GA	Calsqu	LTR	ERV1	DR0012855	MCFN01000264.1:519838-520291+	MCFN01000697.1:114108-114674+	19	39	0	127,137,142,163,166	124,134,139,160,163	1	5,6,7,8,9	40	40	446	19|2|0|1|1|3|6|2|2|1|2|0
GA	Calsqu	LTR	ERV1	DR0012855	MCFN01000264.1:519838-520291+	MCFN01001034.1:751-1322+	18	50	0	127,137,142,163,166	128,138,143,164,167	1	3,4,5,6,7	40	40	455	18|8|2|1|4|2|7|4|1|0|2|1
GA	Calsqu	LTR	ERV1	DR0012855	MCFN01000264.1:519838-520291+	MCFN01001067.1:96076-96647-	21	49	0	127,135,137,142,163,166	127,135,137,142,163,166	1	8,9,10,11,12,13	40	40	435	21|6|3|2|2|2|9|2|1|0|1|0
GA	Calsqu	LTR	ERV1	DR0012855	MCFN01000264.1:519838-520291+	MCFN01010243.1:0-409-	14	31	0	127,137,142,163,166	127,137,142,163,166	1	3,4,5,6,7	40	40	407	14|5|0|1|2|2|2|4|1|0|0|0
GA	Calsqu	LTR	ERV1	DR0012855	MCFN01000264.1:519838-520291+	MCFN01002963.1:22-312+	10	21	0	127,137,142,163,166	127,137,142,163,166	1	4,5,6,7,8	40	40	290	10|2|1|1|0|1|4|1|0|0|1|0
GA	Calsqu	LTR	ERV1	DR0012855	MCFN01000264.1:519838-520291+	MCFN01006775.1:195-659-	10	21	0	127,137,142,163,166	40,50,55,76,79	1	1,2,3,4,5	40	40	356	10|2|0|1|3|0|0|4|1|0|0|0
GA	Calsqu	LTR	ERV1	DR0012855	MCFN01000264.1:519838-520291+	MCFN01031536.1:0-268-	8	18	0	127,137,142,163,166	127,137,142,163,166	1	3,4,5,6,7	40	40	268	8|3|0|2|0|2|0|1|0|0|0|2
GA	Calsqu	LTR	ERV1	DR0012855	MCFN01000264.1:519838-520291+	MCFN01001253.1:22992-23551+	8	17	0	127,137,142,163,166	108,113,134,137,98	1	1,2,3,4,5	40	40	292	8|1|0|2|1|0|3|1|1|0|0|0
GA	Calsqu	LTR	ERV1	DR0012855	MCFN01000264.1:519838-520291+	MCFN01001292.1:57214-57424+	8	13	0	127,137,142,163,166,202	127,137,142,163,166,202	1	3,4,5,6,7,8	76	76	210	8|2|0|0|0|1|0|1|0|0|0|1
GA	Calsqu	LTR	ERV1	DR0012855	MCFN01000264.1:519838-520291+	MCFN01002966.1:9523-9777-	9	22	0	127,137,142,163,166	107,110,71,81,86	1	3,4,5,6,7	40	40	254	9|3|0|2|1|0|3|2|0|1|1|0
GA	Calsqu	LTR	ERV1	DR0012866	MCFN01003005.1:1620-2335-	MCFN01009773.1:430-1885+	12	78	0	173,189,203,208,222	946,962,976,981,995	1	5,6,7,8,9	50	50	446	12|17|1|4|2|2|19|13|1|2|2|3
GA	Calsqu	LTR	ERV1	DR0012879	MCFN01000080.1:711561-712612-	MCFN01000715.1:123321-124369+	15	40	0	116,122,178,215,227	116,122,178,215,227	1	5,6,7,8,9	112	112	1049	15|8|0|0|1|1|7|5|0|1|1|1
GA	Calsqu	LTR	ERV1	DR0012902	MCFN01000843.1:1509-4102+	MCFN01001425.1:21497-23676-	52	229	0	681,705,707,728,763	671,695,697,718,753	1	19,20,21,22,23	83	83	2056	52|34|4|5|11|21|40|38|7|8|4|5
GA	Calsqu	LTR	ERV1	DR0012922	MCFN01001927.1:6874-7329+	MCFN01002335.1:10127-10437+	5	25	0	165,193,194,213,215	174,202,203,222,224	1	1,2,3,4,5	51	51	298	5|5|0|0|1|1|5|1|3|1|0|3
GA	Calsqu	LTR	ERV1	DR0012922	MCFN01001927.1:6874-7329+	MCFN01006129.1:1512-1827-	6	26	0	165,193,194,213,215	179,207,208,227,229	1	2,3,4,5,6	51	51	300	6|5|0|0|1|2|6|1|2|1|0|2
GA	Calsqu	LTR	ERV1	DR0012879	MCFN01000080.1:711561-712612-	MCFN01000211.1:717672-718762+	15	59	0	116,122,134,137,53,70	116,122,134,137,53,70	1	2,3,4,5,6,7	85	85	1070	15|15|1|3|2|1|9|11|1|0|0|1
GA	Calsqu	LTR	ERV1	DR0012866	MCFN01003423.1:0-903+	MCFN01010387.1:136-2762-	14	43	0	370,384,396,409,413,415	2092,2106,2118,2131,2135,2137	1	2,3,4,5,6,7	46	46	903	14|4|2|2|1|2|7|8|0|0|1|2
GA	Calsqu	LTR	ERV1	DR0012857	MCFN01000183.1:55997-56296+	MCFN01001387.1:7795-8198+	9	20	0	30,37,44,45,54	31,38,45,46,55	1	1,2,3,4,5	25	25	288	9|1|0|1|1|4|1|0|1|2|0|0
GA	Calsqu	LTR	ERV1	DR0012879	MCFN01000080.1:711561-712612-	MCFN01001218.1:1156-2248-	8	17	0	116,122,124,134,161,178	117,123,125,135,162,176	1	3,4,5,6,7,8	60	60	277	8|1|1|1|0|2|2|1|0|1|0|0
GA	Calsqu	LTR	ERV1	DR0012879	MCFN01000080.1:711561-712612-	MCFN01000178.1:585391-586466-	6	15	0	116,122,134,169,190	115,121,133,168,189	1	2,3,4,5,6	75	75	274	6|3|0|0|1|0|3|2|0|0|0|0
GA	Calsqu	LTR	ERV1	DR0012857	MCFN01000183.1:55997-56296+	MCFN01000569.1:192198-192371+	12	16	0	29,37,44,45,54,62,63,70,71,72	32,40,47,48,57,65,66,73,74,75	2	1,2,3,4,5,6,7,8,9,10	45	44	170	12|0|0|0|1|0|1|1|0|1|0|0
GA	Calsqu	LTR	ERV1	DR0012879	MCFN01000080.1:711561-712612-	MCFN01005062.1:2094-2897+	9	27	0	111,113,116,122,134	108,110,113,119,131	1	3,4,5,6,7	24	24	278	9|4|0|0|3|0|6|5|0|0|0|0
GA	Calsqu	LTR	ERV1	DR0012879	MCFN01000080.1:711561-712612-	MCFN01001475.1:19363-19957-	13	42	0	582,584,592,593,594	521,523,531,532,533	1	5,6,7,8,9	13	13	381	13|7|2|0|5|3|6|2|0|2|0|2
GA	Calsqu	LTR	ERV1	DR0012902	MCFN01000845.1:14305-14833+	MCFN01011033.1:658-2622+	15	71	0	254,258,265,271,273	241,245,252,258,260	1	8,9,10,11,12	20	20	508	15|7|4|0|2|5|14|9|6|2|1|6
GA	Calsqu	LTR	ERV1	DR0012851	MCFN01000450.1:13317-15058+	MCFN01000771.1:337471-347386-	69	374	0	1062,1063,1070,1073,1078	3570,3571,3578,3581,3586	1	34,35,36,37,38	17	17	1736	69|58|32|30|27|27|35|22|23|20|18|13
GA	Calsqu	LTR	ERV1	DR0012857	MCFN01000207.1:1253684-1253819-	MCFN01001387.1:7795-8198+	10	10	0	30,44,45,5,50,54,62,63,70,71	31,45,46,51,55,6,63,64,71,72	1	1,2,3,4,5,6,7,8,9,10	67	67	135	10|0|0|0|0|0|0|0|0|0|0|0
GA	Calsqu	LTR	ERV1	DR0012866	MCFN01004393.1:1410-3453-	MCFN01012680.1:0-2087+	13	79	0	146,176,178,321,369	231,261,263,406,454	1	1,2,3,4,5	224	224	2003	13|14|4|1|0|7|15|15|1|3|1|5
GA	Calsqu	LTR	ERV1	DR0012866	MCFN01004393.1:1410-3453-	MCFN01005992.1:3894-5466-	11	28	0	145,146,167,178,298	485,486,507,518,642	1	4,5,6,7,8	158	158	1229	11|1|1|1|0|2|3|5|0|0|1|3
GA	Calsqu	LTR	ERV1	DR0012855	MCFN01000295.1:892362-892918+	MCFN01011096.1:667-1245+	9	30	0	13,23,25,54,67	13,23,25,60,73	1	1,2,3,4,5	61	61	567	9|5|1|0|1|1|3|4|3|1|2|0
GA	Calsqu	LTR	ERV1	DR0012902	MCFN01000924.1:2825-6344+	MCFN01001447.1:9372-13994+	115	430	0	866,867,871,874,892	2209,2210,2214,2217,2235	1	27,28,29,30,31	27	27	3246	115|86|16|35|34|10|57|41|12|4|7|13
GA	Calsqu	LTR	ERV1	DR0012902	MCFN01000924.1:2825-6344+	MCFN01010205.1:4-3341-	110	443	0	866,867,871,874,892	904,905,909,912,930	1	23,24,25,26,27	27	27	3203	110|87|13|34|35|9|64|47|9|12|12|11
GA	Calsqu	LTR	ERV1	DR0012879	MCFN01000084.1:206514-207567+	MCFN01001047.1:114720-115321+	21	86	0	108,113,116,122,134	27,32,35,41,53	1	1,2,3,4,5	27	27	580	21|8|3|2|4|4|16|12|3|6|2|5
GA	Calsqu	LTR	ERV1	DR0012902	MCFN01000924.1:2825-6344+	MCFN01003437.1:1729-4146+	46	231	0	2002,2033,2037,2039,2044,2047	1853,1884,1888,1890,1895,1898	1	35,36,37,38,39,40	46	46	2433	46|52|16|20|23|7|20|20|5|3|3|16
GA	Calsqu	LTR	ERV1	DR0012902	MCFN01000924.1:2825-6344+	MCFN01001177.1:8570-13536-	110	405	0	866,867,871,874,892	445,446,450,453,471	1	18,19,20,21,22	27	27	2840	110|81|13|31|30|8|56|41|9|6|8|12
GA	Calsqu	LTR	ERV1	DR0012902	MCFN01000924.1:2825-6344+	MCFN01001460.1:4844-6988+	46	205	0	2033,2037,2039,2044,2047	1001,987,991,993,998	1	21,22,23,24,25	15	15	2075	46|31|8|25|29|8|18|22|5|2|2|9
GA	Calsqu	LTR	ERV1	DR0012902	MCFN01000924.1:2825-6344+	MCFN01002983.1:5076-9873-	54	234	0	2033,2037,2039,2044,2048	720,724,726,731,735	1	15,16,17,18,19	16	16	2002	54|37|12|23|29|6|32|18|8|2|3|10
GA	Calsqu	LTR	ERV1	DR0012902	MCFN01000924.1:2825-6344+	MCFN01013200.1:0-2045-	65	251	0	866,867,871,874,892	904,905,909,912,930	1	23,24,25,26,27	27	27	1911	65|51|7|18|12|7|36|27|5|6|9|8
GA	Calsqu	LTR	ERV1	DR0012902	MCFN01000924.1:2825-6344+	MCFN01011799.1:0-2341-	70	281	0	866,867,871,874,892,894	1239,1240,1244,1247,1265,1267	1	29,30,31,32,33,34	29	29	1966	70|59|12|12|13|8|48|36|4|3|4|12
GA	Calsqu	LTR	ERV1	DR0012902	MCFN01000924.1:2825-6344+	MCFN01010461.1:0-3007-	72	285	0	866,867,871,874,892,894	1905,1906,1910,1913,1931,1933	1	29,30,31,32,33,34	29	29	1966	72|59|12|12|14|7|49|38|4|3|4|11
GA	Calsqu	LTR	ERV1	DR0012866	MCFN01004663.1:2863-4686+	MCFN01010387.1:136-2762-	27	115	0	1014,1015,1016,1017,1018,1024,1031,964	1037,1038,1039,1040,1041,1047,1054,978	1	12,13,14,15,16,17,18,19	77	77	1796	27|25|7|1|4|5|14|21|1|2|5|3
GA	Calsqu	LTR	ERV1	DR0012866	MCFN01004663.1:2863-4686+	MCFN01010399.1:103-2747-	27	107	0	1014,1015,1016,1017,1024	1049,1050,1051,1052,1059	1	18,19,20,21,22	11	11	1804	27|19|4|5|3|5|11|21|2|3|3|4
GA	Calsqu	LTR	ERV1	DR0012902	MCFN01000924.1:2825-6344+	MCFN01014569.1:0-1866-	68	268	0	866,867,871,874,892,894	764,765,769,772,790,792	1	27,28,29,30,31,32	29	29	1868	68|55|12|12|13|8|46|33|4|2|4|11
GA	Calsqu	LTR	ERV1	DR0012866	MCFN01004663.1:2863-4686+	MCFN01005992.1:3894-5466-	26	91	0	1015,1016,1017,1018,1019,1020	777,778,779,780,781,782	1	15,16,17,18,19,20	6	6	1531	26|14|4|2|4|4|10|19|1|2|3|2
GA	Calsqu	LTR	ERV1	DR0012866	MCFN01004663.1:2863-4686+	MCFN01012845.1:668-2104-	15	60	0	1015,1016,1017,1018,1019,1024,964	557,621,622,623,624,625,630	1	7,8,9,10,11,12,13	74	74	1417	15|11|2|0|5|5|7|9|1|3|2|0
GA	Calsqu	LTR	ERV1	DR0012866	MCFN01004663.1:2863-4686+	MCFN01012680.1:0-2087+	17	81	0	1014,1015,1016,1017,1018,1024	525,526,527,528,529,535	1	8,9,10,11,12,13	11	11	1280	17|14|4|2|4|6|10|15|1|3|3|2
GA	Calsqu	LTR	ERV1	DR0012857	MCFN01000232.1:3910-4079-	MCFN01001387.1:7795-8198+	9	12	0	30,44,45,54,62,63	31,45,46,55,63,64	1	2,3,4,5,6,7	34	34	169	9|1|0|1|0|0|0|0|1|0|0|0
GA	Calsqu	LTR	ERV1	DR0012857	MCFN01000232.1:3910-4079-	MCFN01025066.1:0-269-	8	13	0	44,45,54,62,63	46,47,56,64,65	1	2,3,4,5,6	20	20	170	8|1|0|0|0|0|1|0|2|0|0|1
GA	Calsqu	LTR	ERV1	DR0012902	MCFN01000924.1:2825-6344+	MCFN01011693.1:132-1769-	21	75	0	2031,2033,2037,2039,2044	1379,1381,1385,1387,1392	1	11,12,13,14,15	14	14	632	21|12|3|6|8|2|8|6|2|3|3|1
GA	Calsqu	LTR	ERV1	DR0012857	MCFN01000232.1:3910-4079-	MCFN01000569.1:192198-192371+	12	15	0	159,160,29,44,45,54,62,63,70,71,72	161,162,32,47,48,57,65,66,73,74,75	2	2,3,4,5,6,7,8,9,10,11,12	132	131	168	12|1|0|0|0|0|0|1|1|0|0|0
GA	Calsqu	LTR	ERV1	DR0012857	MCFN01000232.1:3910-4079-	MCFN01003121.1:1335-1521-	12	16	0	44,45,54,62,63	46,47,56,64,65	1	2,3,4,5,6	20	20	169	12|1|0|0|0|1|0|0|1|0|0|1
GA	Calsqu	LTR	ERV1	DR0012857	MCFN01000232.1:3910-4079-	MCFN01033694.1:824-1014+	10	18	0	44,45,54,62,63	45,46,55,63,64	1	2,3,4,5,6	20	20	168	10|2|0|0|0|0|2|1|2|0|0|1
GA	Calsqu	LTR	ERV1	DR0012857	MCFN01000232.1:3910-4079-	MCFN01020101.1:1058-1464+	10	17	0	44,45,54,62,63	47,48,57,65,66	1	3,4,5,6,7	20	20	169	10|2|0|1|0|0|2|1|1|0|0|0
GA	Calsqu	LTR	ERV1	DR0012902	MCFN01000924.1:2825-6344+	MCFN01033899.1:399-1009-	14	61	0	2226,2242,2251,2268,2274	278,294,303,320,326	1	6,7,8,9,10	49	49	614	14|15|3|6|8|3|1|7|2|0|0|2
GA	Calsqu	LTR	ERV1	DR0012902	MCFN01000924.1:2825-6344+	MCFN01011290.1:1355-1986-	17	73	0	2031,2033,2037,2039,2044,2047	120,122,126,128,133,136	1	3,4,5,6,7,8	17	17	626	17|13|4|4|11|3|5|8|2|2|2|2
GA	Calsqu	LTR	ERV1	DR0012855	MCFN01000337.1:87791-88361-	MCFN01014955.1:1113-1827-	7	26	0	399,435,436,449,450	311,347,348,361,362	1	2,3,4,5,6	52	52	478	7|4|2|1|0|0|6|3|0|2|1|0
GA	Calsqu	LTR	ERV1	DR0012855	MCFN01000337.1:87791-88361-	MCFN01001615.1:2259-2840-	16	68	0	376,382,390,393,399	387,393,401,404,410	1	9,10,11,12,13	24	24	560	16|9|1|2|3|2|17|7|2|3|3|3
GA	Calsqu	LTR	ERV1	DR0012902	MCFN01000927.1:125681-126279-	MCFN01001951.1:11745-12293+	25	76	0	302,304,315,323,345,347	232,234,245,253,275,277	1	12,13,14,15,16,17	46	46	525	25|10|1|1|7|3|11|9|4|0|3|2
GA	Calsqu	LTR	ERV1	DR0012902	MCFN01000927.1:125681-126279-	MCFN01001103.1:72863-73419+	30	71	0	258,261,264,265,268,391,392,394,401,414	190,193,196,197,200,335,336,338,345,358	2	6,7,8,9,10,19,20,21,22,23	35	169	452	30|8|2|2|6|3|6|2|4|0|2|6
GA	Calsqu	LTR	ERV1	DR0012902	MCFN01000927.1:125681-126279-	MCFN01001646.1:19717-20015-	20	46	0	391,392,394,398,404,414,416,431	112,114,129,85,86,88,92,98	1	5,6,7,8,9,10,11,12	45	45	289	20|8|2|0|0|0|5|4|2|0|3|2
GA	Calsqu	LTR	ERV1	DR0012902	MCFN01000927.1:131315-131859-	MCFN01001425.1:21497-23676-	27	78	0	310,312,323,330,337,339	651,653,664,671,678,680	1	14,15,16,17,18,19	30	30	559	27|12|5|1|5|1|11|8|1|3|2|2
GA	Calsqu	LTR	ERV1	DR0012857	MCFN01000245.1:410253-410430-	MCFN01025066.1:0-269-	8	12	0	20,28,59,60,77,78,85,86	15,46,47,64,65,7,72,73	1	1,2,3,4,5,6,7,8	67	67	161	8|1|0|0|0|0|1|1|1|0|0|0
GA	Calsqu	LTR	ERV1	DR0012857	MCFN01000245.1:410253-410430-	MCFN01003121.1:1335-1521-	9	11	0	20,28,59,60,77,78,85,86	15,46,47,64,65,7,72,73	1	1,2,3,4,5,6,7,8	67	67	160	9|1|0|0|0|1|0|0|0|0|0|0
GA	Calsqu	LTR	ERV1	DR0012857	MCFN01000245.1:410253-410430-	MCFN01001387.1:7795-8198+	9	12	0	20,28,45,59,60,77,78,85,86	14,31,45,46,6,63,64,71,72	1	1,2,3,4,5,6,7,8,9	67	67	160	9|1|0|1|0|1|0|0|0|0|0|0
GA	Calsqu	LTR	ERV1	DR0012857	MCFN01000245.1:410253-410430-	MCFN01000569.1:192198-192371+	10	12	0	20,28,44,59,60,77,78,85,86,87	16,32,47,48,65,66,73,74,75,8	1	1,2,3,4,5,6,7,8,9,10	68	68	159	10|1|0|0|0|1|0|0|0|0|0|0
GA	Calsqu	LTR	ERV1	DR0012879	MCFN01000084.1:414814-415859+	MCFN01001218.1:1156-2248-	7	19	0	112,118,120,130,157,174	117,123,125,135,162,176	1	2,3,4,5,6,7	60	60	275	7|2|1|1|0|2|3|1|0|1|0|1
GA	Calsqu	LTR	ERV1	DR0012879	MCFN01000084.1:414814-415859+	MCFN01000178.1:585391-586466-	6	22	0	112,118,130,165,186,202	115,121,133,168,189,205	1	1,2,3,4,5,6	91	91	272	6|5|0|0|1|0|5|3|0|1|0|1
GA	Calsqu	LTR	ERV1	DR0012879	MCFN01000084.1:414814-415859+	MCFN01001475.1:19363-19957-	12	39	0	579,581,589,590,591	521,523,531,532,533	1	5,6,7,8,9	13	13	332	12|7|2|0|4|2|4|2|0|3|1|2
GA	Calsqu	LTR	ERV1	DR0012902	MCFN01000978.1:2351-5673+	MCFN01003437.1:1729-4146+	18	103	0	669,700,704,706,711	1853,1884,1888,1890,1895	1	9,10,11,12,13	43	43	1235	18|23|6|10|14|1|13|8|3|3|2|2
GA	Calsqu	LTR	ERV1	DR0012902	MCFN01000978.1:2351-5673+	MCFN01011693.1:132-1769-	21	76	0	698,700,704,706,711	1379,1381,1385,1387,1392	1	12,13,14,15,16	14	14	631	21|10|3|6|9|1|11|5|1|5|4|0
GA	Calsqu	LTR	ERV1	DR0012902	MCFN01000978.1:2351-5673+	MCFN01011290.1:1355-1986-	16	76	0	698,700,704,706,711	120,122,126,128,133	1	4,5,6,7,8	14	14	626	16|13|5|4|10|3|7|7|3|4|4|0
GA	Calsqu	LTR	ERV1	DR0012851	MCFN01000588.1:474166-480460-	MCFN01000724.1:384808-394646-	114	729	0	5830,5834,5835,5840,5844	3552,3556,3557,3562,3566	1	96,97,98,99,100	15	15	3939	114|139|70|40|47|40|67|73|39|17|36|47
GA	Calsqu	LTR	ERV1	DR0012851	MCFN01000588.1:474166-480460-	MCFN01000724.1:384808-394646-	81	542	0	5830,5834,5835,5840,5844	2634,2638,2639,2644,2648	1	60,61,62,63,64	15	15	3068	81|103|46|38|37|30|46|56|31|13|29|32
GA	Calsqu	LTR	ERV1	DR0012857	MCFN01000306.1:908583-908773+	MCFN01025066.1:0-269-	8	13	0	13,44,45,5,62,63,70,71	15,46,47,64,65,7,72,73	1	1,2,3,4,5,6,7,8	67	67	187	8|1|0|0|0|0|2|0|1|0|0|1
GA	Calsqu	LTR	ERV1	DR0012857	MCFN01000306.1:908583-908773+	MCFN01001387.1:7795-8198+	9	14	0	13,30,44,45,5,62,63,70,71	14,31,45,46,6,63,64,71,72	1	1,2,3,4,5,6,7,8,9	67	67	186	9|1|0|1|0|1|1|0|0|0|0|1
GA	Calsqu	LTR	ERV1	DR0012857	MCFN01000306.1:908583-908773+	MCFN01003121.1:1335-1521-	12	16	0	13,44,45,5,62,63,70,71	15,46,47,64,65,7,72,73	1	1,2,3,4,5,6,7,8	67	67	179	12|1|0|0|0|1|1|0|0|0|0|1
GA	Calsqu	LTR	ERV1	DR0012857	MCFN01000306.1:908583-908773+	MCFN01000569.1:192198-192371+	12	16	0	13,29,44,45,5,62,63,70,71,72	16,32,47,48,65,66,73,74,75,8	1	1,2,3,4,5,6,7,8,9,10	68	68	171	12|1|0|0|0|1|1|0|0|0|1|0
GA	Calsqu	LTR	ERV1	DR0012851	MCFN01000588.1:474166-480460-	MCFN01000763.1:20486-21625+	10	142	0	2730,2772,2797,2814,2822	107,115,23,65,90	1	1,2,3,4,5	93	93	1123	10|13|6|4|7|9|29|22|10|10|11|11
GA	Calsqu	LTR	ERV1	DR0012857	MCFN01000336.1:783395-783696+	MCFN01001387.1:7795-8198+	9	17	0	31,45,46,55,6,63,64,71,72	31,45,46,55,6,63,64,71,72	1	1,2,3,4,5,6,7,8,9	67	67	290	9|0|3|1|0|3|1|0|0|0|0|0
GA	Calsqu	LTR	ERV1	DR0012922	MCFN01005207.1:3228-3770-	MCFN01022561.1:282-682-	9	43	0	242,245,262,276,279	115,118,135,143,145	1	1,2,3,4,5	31	31	316	9|7|1|3|4|1|6|5|3|2|2|0
GA	Calsqu	LTR	ERV1	DR0012857	MCFN01000336.1:783395-783696+	MCFN01020101.1:1058-1464+	11	20	0	45,46,55,63,64,71,72	47,48,57,65,66,73,74	1	2,3,4,5,6,7,8	28	28	283	11|3|2|1|0|0|3|0|0|0|0|0
GA	Calsqu	LTR	ERV1	DR0012857	MCFN01000336.1:783395-783696+	MCFN01025066.1:0-269-	8	15	0	45,46,55,63,64,71,72	46,47,56,64,65,72,73	1	1,2,3,4,5,6,7	28	28	262	8|0|1|0|0|1|3|0|1|0|0|1
GA	Calsqu	LTR	ERV1	DR0012857	MCFN01000336.1:783395-783696+	MCFN01007716.1:3863-4246-	9	25	0	55,63,64,71,72	56,64,65,72,73	1	3,4,5,6,7	18	18	285	9|4|2|2|3|0|4|0|0|0|1|0
GA	Calsqu	LTR	ERV1	DR0012857	MCFN01000336.1:783395-783696+	MCFN01003121.1:1335-1521-	11	13	0	45,46,55,63,64,71,72	46,47,56,64,65,72,73	1	1,2,3,4,5,6,7	28	28	173	11|0|0|0|0|1|0|0|0|0|0|1
GA	Calsqu	LTR	ERV1	DR0012857	MCFN01000336.1:783395-783696+	MCFN01033694.1:824-1014+	11	18	0	45,46,55,63,64,71,72	45,46,55,63,64,71,72	1	2,3,4,5,6,7,8	28	28	191	11|1|1|0|0|0|2|1|1|0|0|1
GA	Calsqu	LTR	ERV1	DR0012857	MCFN01000336.1:783395-783696+	MCFN01000569.1:192198-192371+	11	12	0	160,161,30,45,46,55,63,64,71,72,73	161,162,32,47,48,57,65,66,73,74,75	1	1,2,3,4,5,6,7,8,9,10,11	131	131	165	11|0|0|0|0|0|0|1|0|0|0|0
GA	Calsqu	LTR	ERV1	DR0012851	MCFN01000588.1:474166-480460-	MCFN01008159.1:0-781+	25	101	0	104,118,125,152,158	149,161,168,201,207	1	3,4,5,6,7	59	59	726	25|15|7|0|0|8|11|16|4|3|1|11
GA	Calsqu	LTR	ERV1	DR0012902	MCFN01001101.1:6038-12381-	MCFN01005935.1:1156-4877+	75	385	0	1578,1583,1585,1658,1692	299,304,306,360,394	1	1,2,3,4,5	96	96	3449	75|55|16|19|11|31|61|49|12|22|17|17
GA	Calsqu	LTR	ERV1	DR0012902	MCFN01001101.1:6038-12381-	MCFN01010205.1:4-3341-	116	424	0	2234,2235,2238,2242,2260	904,905,908,912,930	1	34,35,36,37,38	27	27	3344	116|86|11|14|11|12|82|56|4|8|17|7
GA	Calsqu	LTR	ERV1	DR0012902	MCFN01001101.1:6038-12381-	MCFN01002003.1:11226-14289-	82	284	0	1082,1111,1115,1125,1132	241,280,284,294,301	1	5,6,7,8,9	61	61	2993	82|53|9|12|6|15|36|34|2|10|9|16
GA	Calsqu	LTR	ERV1	DR0012851	MCFN01000588.1:474166-480460-	MCFN01031998.1:1-1053-	9	34	0	302,307,308,313,315	906,911,912,917,919	1	3,4,5,6,7	14	14	272	9|5|2|1|1|4|1|6|1|2|1|1
GA	Calsqu	LTR	ERV1	DR0012902	MCFN01001101.1:6038-12381-	MCFN01001177.1:8570-13536-	106	379	0	2234,2235,2238,2242,2260	445,446,449,453,471	1	21,22,23,24,25	27	27	2831	106|82|10|12|15|10|65|47|6|8|11|7
GA	Calsqu	LTR	ERV1	DR0012902	MCFN01001101.1:6038-12381-	MCFN01001460.1:4844-6988+	41	167	0	2509,2512,2521,2541,2560	102,105,114,134,153	1	3,4,5,6,7	52	52	2145	41|29|7|9|7|11|22|22|2|6|2|9
GA	Calsqu	LTR	ERV1	DR0012902	MCFN01001101.1:6038-12381-	MCFN01010461.1:0-3007-	108	440	0	2234,2235,2238,2242,2260,2262	1905,1906,1909,1913,1931,1933	1	63,64,65,66,67,68	29	29	3028	108|75|9|12|13|19|90|70|8|10|10|16
GA	Calsqu	LTR	ERV1	DR0012922	MCFN01006041.1:777-1319-	MCFN01022561.1:282-682-	9	43	0	242,245,262,276,279	115,118,135,143,145	1	1,2,3,4,5	31	31	316	9|6|1|3|4|1|7|5|3|2|2|0
GA	Calsqu	LTR	ERV1	DR0012902	MCFN01001101.1:6038-12381-	MCFN01001447.1:9372-13994+	81	314	0	2234,2235,2238,2242,2260	2209,2210,2213,2217,2235	1	58,59,60,61,62	27	27	2404	81|57|7|11|11|13|62|42|5|3|9|13
GA	Calsqu	LTR	ERV1	DR0012902	MCFN01001101.1:6038-12381-	MCFN01011799.1:0-2341-	94	339	0	2234,2235,2238,2242,2260,2262	1239,1240,1243,1247,1265,1267	1	50,51,52,53,54,55	29	29	2349	94|63|8|8|9|13|65|47|4|7|8|13
GA	Calsqu	LTR	ERV1	DR0012902	MCFN01001101.1:6038-12381-	MCFN01013200.1:0-2045-	76	261	0	2234,2235,2238,2242,2260	904,905,908,912,930	1	34,35,36,37,38	27	27	2067	76|51|8|9|6|8|49|32|2|3|12|5
GA	Calsqu	LTR	ERV1	DR0012902	MCFN01001101.1:6038-12381-	MCFN01014569.1:0-1866-	74	259	0	2234,2235,2238,2242,2260,2262	764,765,768,772,790,792	1	30,31,32,33,34,35	29	29	1869	74|50|7|7|6|10|53|34|2|4|5|7
GA	Calsqu	LTR	ERV1	DR0012879	MCFN01000084.1:823898-824956-	MCFN01000220.1:40694-41743+	13	77	0	570,589,599,610,617	565,584,594,605,612	1	6,7,8,9,10	48	48	1053	13|17|1|2|3|1|10|17|6|3|0|4
GA	Calsqu	LTR	ERV1	DR0012857	MCFN01000358.1:6670-6917-	MCFN01001387.1:7795-8198+	7	13	0	30,45,62,63,70,71	31,46,63,64,71,72	1	2,3,4,5,6,7	42	42	246	7|1|1|1|0|1|1|0|0|0|1|0
GA	Calsqu	LTR	ERV1	DR0012857	MCFN01000358.1:6670-6917-	MCFN01025066.1:0-269-	7	15	0	45,62,63,70,71	47,64,65,72,73	1	2,3,4,5,6	27	27	247	7|1|1|0|0|0|3|0|1|0|1|1
GA	Calsqu	LTR	ERV1	DR0012857	MCFN01000358.1:6670-6917-	MCFN01020101.1:1058-1464+	10	20	0	45,62,63,70,71	48,65,66,73,74	1	3,4,5,6,7	27	27	245	10|3|1|1|0|0|3|1|0|0|1|0
GA	Calsqu	LTR	ERV1	DR0012857	MCFN01000358.1:6670-6917-	MCFN01033694.1:824-1014+	8	17	0	45,62,63,70,71	46,63,64,71,72	1	2,3,4,5,6	27	27	190	8|2|1|0|0|0|2|1|1|0|1|1
GA	Calsqu	LTR	ERV1	DR0012857	MCFN01000358.1:6670-6917-	MCFN01003121.1:1335-1521-	10	15	0	45,62,63,70,71	47,64,65,72,73	1	2,3,4,5,6	27	27	178	10|1|0|0|0|1|1|0|0|0|1|1
GA	Calsqu	LTR	ERV1	DR0012857	MCFN01000358.1:6670-6917-	MCFN01000569.1:192198-192371+	10	13	0	29,45,62,63,70,71,72	32,48,65,66,73,74,75	1	2,3,4,5,6,7,8	44	44	168	10|1|0|0|0|0|0|1|0|0|1|0
GA	Calsqu	LTR	ERV1	DR0012879	MCFN01000084.1:823898-824956-	MCFN01001218.1:1156-2248-	9	27	0	119,125,127,137,164,182	117,123,125,135,162,176	1	3,4,5,6,7,8	60	60	279	9|3|1|1|0|1|3|4|2|2|0|1
GA	Calsqu	LTR	ERV1	DR0012902	MCFN01001101.1:6038-12381-	MCFN01006020.1:342-1088-	19	84	0	1578,1583,1585,1658,1692	322,327,329,384,418	1	9,10,11,12,13	97	97	700	19|13|3|3|6|2|13|9|2|3|3|8
GA	Calsqu	LTR	ERV1	DR0012879	MCFN01000084.1:823898-824956-	MCFN01001475.1:19363-19957-	13	49	0	587,589,597,598,599	521,523,531,532,533	1	5,6,7,8,9	13	13	381	13|10|2|0|4|5|3|4|0|4|1|3
GA	Calsqu	LTR	ERV1	DR0012857	MCFN01000370.1:386332-386785-	MCFN01001387.1:7795-8198+	12	22	0	102,110,111,53,78,92,93	31,45,46,55,6,63,64	1	1,2,3,4,5,6,7	59	59	404	12|1|0|1|0|3|2|2|0|1|0|0
GA	Calsqu	LTR	ERV1	DR0012857	MCFN01000370.1:386332-386785-	MCFN01020101.1:1058-1464+	14	27	0	102,110,111,92,93	47,48,57,65,66	1	3,4,5,6,7	20	20	406	14|4|0|1|0|0|4|3|0|1|0|0
GA	Calsqu	LTR	ERV1	DR0012857	MCFN01000370.1:386332-386785-	MCFN01025066.1:0-269-	10	17	0	102,110,111,53,92,93	46,47,56,64,65,7	1	1,2,3,4,5,6	59	59	266	10|0|0|0|0|1|3|1|1|0|0|1
GA	Calsqu	LTR	ERV1	DR0012857	MCFN01000370.1:386332-386785-	MCFN01003121.1:1335-1521-	13	16	0	102,110,111,177,194,207,208,213,53,92,93	132,149,162,163,168,46,47,56,64,65,7	2	1,2,3,4,5,6,9,10,11,12,13	96	162	181	13|0|0|0|0|0|1|0|0|1|0|1
GA	Calsqu	LTR	ERV1	DR0012857	MCFN01000370.1:386332-386785-	MCFN01000569.1:192198-192371+	13	16	0	102,110,111,53,77,92,93	32,47,48,57,65,66,8	1	1,2,3,4,5,6,7	59	59	170	13|0|0|0|0|0|1|1|0|1|0|0
GA	Calsqu	LTR	ERV1	DR0012902	MCFN01001176.1:10648-11263+	MCFN01006866.1:506-1048+	9	25	0	470,487,499,501,512	315,332,344,346,357	1	5,6,7,8,9	43	43	361	9|5|1|2|3|0|1|2|1|0|0|1
GA	Calsqu	LTR	ERV1	DR0012857	MCFN01000375.1:497606-497904+	MCFN01001387.1:7795-8198+	9	14	0	15,33,47,48,65,66,7,73,74	14,31,45,46,6,63,64,71,72	1	1,2,3,4,5,6,7,8,9	67	67	292	9|1|0|1|0|3|0|0|0|0|0|0
GA	Calsqu	LTR	ERV1	DR0012857	MCFN01000375.1:497606-497904+	MCFN01025066.1:0-269-	9	13	0	15,47,48,65,66,7,73,74	15,46,47,64,65,7,72,73	1	1,2,3,4,5,6,7,8	67	67	268	9|1|0|0|0|0|2|0|1|0|0|0
GA	Calsqu	LTR	ERV1	DR0012857	MCFN01000375.1:497606-497904+	MCFN01020101.1:1058-1464+	12	23	0	47,48,65,66,73,74	47,48,65,66,73,74	1	4,5,6,7,8,9	28	28	293	12|4|0|1|0|1|2|2|0|0|0|1
GA	Calsqu	LTR	ERV1	DR0012902	MCFN01001177.1:6232-7048+	MCFN01003437.1:1729-4146+	14	67	0	341,376,378,383,386	1853,1888,1890,1895,1898	1	8,9,10,11,12	46	46	818	14|18|2|9|11|1|4|4|2|0|1|1
GA	Calsqu	LTR	ERV1	DR0012857	MCFN01000375.1:497606-497904+	MCFN01003121.1:1335-1521-	12	14	0	15,47,48,65,66,7,73,74	15,46,47,64,65,7,72,73	1	1,2,3,4,5,6,7,8	67	67	179	12|1|0|0|0|1|0|0|0|0|0|0
GA	Calsqu	LTR	ERV1	DR0012857	MCFN01000375.1:497606-497904+	MCFN01000569.1:192198-192371+	12	15	0	15,32,47,48,65,66,7,73,74,75	16,32,47,48,65,66,73,74,75,8	1	1,2,3,4,5,6,7,8,9,10	68	68	171	12|1|0|0|0|1|0|1|0|0|0|0
GA	Calsqu	LTR	ERV1	DR0012902	MCFN01001177.1:6232-7048+	MCFN01011290.1:1355-1986-	12	70	0	370,376,378,383,386	120,126,128,133,136	1	3,4,5,6,7	17	17	570	12|16|3|7|9|3|5|7|3|2|3|0
GA	Calsqu	LTR	ERV1	DR0012855	MCFN01000422.1:5476-6042+	MCFN01014955.1:1113-1827-	8	36	0	410,431,432,445,446	326,347,348,361,362	1	3,4,5,6,7	37	37	481	8|5|2|3|0|1|6|7|1|2|1|0
GA	Calsqu	LTR	ERV1	DR0012851	MCFN01000588.1:491333-495827-	MCFN01002873.1:9569-10181-	6	19	0	785,787,814,815,817	313,315,339,340,343	1	2,3,4,5,6	31	31	374	6|3|1|1|0|0|4|3|0|0|1|0
GA	Calsqu	LTR	ERV1	DR0012902	MCFN01001177.1:8570-13536-	MCFN01009897.1:3296-3625-	9	37	0	4556,4559,4560,4561,4562,4564	78,81,82,83,84,86	1	3,4,5,6,7,8	9	9	326	9|5|1|0|2|2|4|9|0|2|2|1
GA	Calsqu	LTR	ERV1	DR0012902	MCFN01001212.1:86344-86727+	MCFN01011033.1:658-2622+	10	47	0	104,108,115,121,123	241,245,252,258,260	1	2,3,4,5,6	20	20	344	10|9|3|0|3|1|8|7|1|2|1|2
GA	Calsqu	LTR	ERV1	DR0012902	MCFN01001212.1:86344-86727+	MCFN01007577.1:28-553+	10	51	0	104,108,115,121,123	252,256,263,269,271	1	2,3,4,5,6	20	20	345	10|9|3|0|3|2|10|7|1|2|1|3
GA	Calsqu	LTR	ERV1	DR0012902	MCFN01001276.1:701-1379+	MCFN01001461.1:11107-11328+	7	35	0	391,392,399,406,407	61,62,69,76,77	1	1,2,3,4,5	17	17	218	7|8|1|5|2|1|6|0|3|0|1|1
GA	Calsqu	LTR	ERV1	DR0012857	MCFN01000535.1:128229-128477+	MCFN01000569.1:192198-192371+	10	15	0	159,160,63,70,71,72	161,162,66,73,74,75	1	5,6,7,8,9,10	97	97	170	10|2|0|0|1|1|0|1|0|0|0|0
GA	Calsqu	LTR	ERV1	DR0012879	MCFN01000105.1:472035-472810-	MCFN01001475.1:19363-19957-	13	39	0	298,300,308,309,310	521,523,531,532,533	1	5,6,7,8,9	13	13	331	13|8|2|0|3|2|4|2|1|2|0|2
GA	Calsqu	LTR	ERV1	DR0012902	MCFN01001276.1:3852-6496+	MCFN01033899.1:399-1009-	11	52	0	175,191,200,217,223	278,294,303,320,326	1	4,5,6,7,8	49	49	492	11|12|2|3|7|1|8|3|3|1|0|1
GA	Calsqu	LTR	ERV1	DR0012857	MCFN01000546.1:585901-586195+	MCFN01000569.1:192198-192371+	10	13	0	62,63,70,71,72	65,66,73,74,75	1	5,6,7,8,9	11	11	166	10|0|1|0|0|0|1|1|0|0|0|0
GA	Calsqu	LTR	ERV1	DR0012857	MCFN01000556.1:0-247-	MCFN01025066.1:0-269-	9	15	0	26,44,45,5,62,63,70,71	28,46,47,64,65,7,72,73	1	1,2,3,4,5,6,7,8	67	67	244	9|1|0|0|0|0|3|1|1|0|0|0
GA	Calsqu	LTR	ERV1	DR0012857	MCFN01000556.1:0-247-	MCFN01001387.1:7795-8198+	9	14	0	26,30,44,45,5,62,63,70,71	27,31,45,46,6,63,64,71,72	1	1,2,3,4,5,6,7,8,9	67	67	243	9|1|0|1|0|2|1|0|0|0|0|0
GA	Calsqu	LTR	ERV1	DR0012902	MCFN01001325.1:37492-39943+	MCFN01001447.1:9372-13994+	50	192	0	2237,2238,2242,2244,2245	2209,2210,2214,2216,2217	1	41,42,43,44,45	9	9	1527	50|46|4|9|4|3|37|19|5|7|2|6
GA	Calsqu	LTR	ERV1	DR0012902	MCFN01001325.1:37492-39943+	MCFN01010461.1:0-3007-	51	213	0	2237,2238,2242,2244,2245,2265	1905,1906,1910,1912,1913,1933	1	42,43,44,45,46,47	29	29	1528	51|51|4|8|5|4|42|26|6|7|5|4
GA	Calsqu	LTR	ERV1	DR0012857	MCFN01000556.1:0-247-	MCFN01020101.1:1058-1464+	12	21	0	44,45,62,63,70,71	47,48,65,66,73,74	1	4,5,6,7,8,9	28	28	244	12|3|0|1|0|1|3|1|0|0|0|0
GA	Calsqu	LTR	ERV1	DR0012902	MCFN01001325.1:37492-39943+	MCFN01005741.1:703-2277-	50	197	0	332,334,335,345,352,362	27,29,30,40,48,58	1	1,2,3,4,5,6	32	32	1565	50|31|5|11|8|8|28|25|4|10|8|9
GA	Calsqu	LTR	ERV1	DR0012857	MCFN01000556.1:0-247-	MCFN01003121.1:1335-1521-	11	14	0	26,44,45,5,62,63,70,71	28,46,47,64,65,7,72,73	1	1,2,3,4,5,6,7,8	67	67	185	11|2|0|0|0|1|0|0|0|0|0|0
GA	Calsqu	LTR	ERV1	DR0012902	MCFN01001325.1:37492-39943+	MCFN01011799.1:0-2341-	51	200	0	2237,2238,2242,2244,2245,2265	1239,1240,1244,1246,1247,1267	1	42,43,44,45,46,47	29	29	1435	51|51|3|7|5|1|35|25|6|6|5|5
GA	Calsqu	LTR	ERV1	DR0012857	MCFN01000556.1:0-247-	MCFN01000569.1:192198-192371+	11	14	0	26,29,44,45,5,62,63,70,71,72	29,32,47,48,65,66,73,74,75,8	1	1,2,3,4,5,6,7,8,9,10	68	68	172	11|1|0|0|0|1|0|1|0|0|0|0
GA	Calsqu	LTR	ERV1	DR0012902	MCFN01001325.1:37492-39943+	MCFN01010205.1:4-3341-	31	133	0	2237,2238,2242,2244,2245	904,905,909,911,912	1	23,24,25,26,27	9	9	1113	31|28|5|7|6|0|28|13|4|2|7|2
GA	Calsqu	LTR	ERV1	DR0012902	MCFN01001325.1:37492-39943+	MCFN01013200.1:0-2045-	31	134	0	2237,2238,2242,2244,2245	904,905,909,911,912	1	23,24,25,26,27	9	9	1113	31|28|5|7|6|0|29|13|4|2|7|2
GA	Calsqu	LTR	ERV1	DR0012902	MCFN01001325.1:37492-39943+	MCFN01014569.1:0-1866-	31	130	0	2237,2238,2242,2244,2245,2265	764,765,769,771,772,792	1	22,23,24,25,26,27	29	29	974	31|30|2|4|3|1|31|18|3|1|4|2
GA	Calsqu	LTR	ERV1	DR0012851	MCFN01000643.1:14852-16951+	MCFN01000771.1:337471-347386-	36	180	0	1137,1145,1155,1157,1165	4613,4621,4631,4633,4641	1	3,4,5,6,7	29	29	1074	36|30|20|10|12|3|14|13|17|6|4|15
GA	Calsqu	LTR	ERV1	DR0012879	MCFN01000111.1:213648-214701+	MCFN01001218.1:1156-2248-	6	13	0	116,122,124,134,161	117,123,125,135,162	1	2,3,4,5,6	46	46	277	6|1|1|1|0|2|1|0|0|1|0|0
GA	Calsqu	LTR	ERV1	DR0012851	MCFN01000643.1:14852-16951+	MCFN01000724.1:384808-394646-	38	191	0	1138,1143,1145,1157,1182	4461,4466,4468,4478,4505	1	3,4,5,6,7	45	45	1068	38|32|25|11|12|8|13|15|14|3|4|16
GA	Calsqu	LTR	ERV1	DR0012879	MCFN01000111.1:213648-214701+	MCFN01005062.1:2094-2897+	8	25	0	111,113,116,122,134	108,110,113,119,131	1	2,3,4,5,6	24	24	278	8|4|0|0|3|0|6|4|0|0|0|0
GA	Calsqu	LTR	ERV1	DR0012879	MCFN01000111.1:213648-214701+	MCFN01001047.1:114720-115321+	17	73	0	108,113,116,122,134	27,32,35,41,53	1	1,2,3,4,5	27	27	579	17|9|3|2|4|2|13|14|1|2|1|5
GA	Calsqu	LTR	ERV1	DR0012857	MCFN01000607.1:372008-372171-	MCFN01025066.1:0-269-	7	11	0	29,31,32,49,50,57,58	44,46,47,64,65,72,73	1	1,2,3,4,5,6,7	30	30	160	7|1|0|0|0|0|1|1|0|1|0|0
GA	Calsqu	LTR	ERV1	DR0012855	MCFN01000622.1:158835-159406-	MCFN01002142.1:9725-10303+	11	44	0	454,460,471,482,483	462,467,478,489,490	1	7,8,9,10,11	29	29	574	11|8|1|0|1|1|13|5|0|2|1|1
GA	Calsqu	LTR	ERV1	DR0012879	MCFN01000119.1:647539-648626+	MCFN01000197.1:28234-29353-	29	134	0	710,712,718,736,739	710,712,718,736,739	1	18,19,20,21,22	30	30	1103	29|17|6|7|5|10|19|23|1|5|6|6
GA	Calsqu	LTR	ERV1	DR0012855	MCFN01000655.1:366946-367750+	MCFN01005557.1:1234-2022+	7	19	0	479,530,588,595,634	465,516,574,581,620	1	2,3,4,5,6	156	156	795	7|3|2|0|2|0|0|3|0|1|1|0
GA	Calsqu	LTR	ERV1	DR0012857	MCFN01000618.1:502648-502950+	MCFN01001387.1:7795-8198+	9	18	0	34,48,49,58,66,67,74,75	31,45,46,55,63,64,71,72	1	2,3,4,5,6,7,8,9	42	42	294	9|2|0|1|0|2|3|0|0|0|0|1
GA	Calsqu	LTR	ERV1	DR0012857	MCFN01000618.1:502648-502950+	MCFN01020101.1:1058-1464+	11	25	0	48,49,58,66,67,74,75	47,48,57,65,66,73,74	1	3,4,5,6,7,8,9	28	28	291	11|5|0|1|0|0|4|1|0|0|0|3
GA	Calsqu	LTR	ERV1	DR0012857	MCFN01000618.1:502648-502950+	MCFN01025066.1:0-269-	9	18	0	48,49,58,66,67,74,75	46,47,56,64,65,72,73	1	2,3,4,5,6,7,8	28	28	265	9|2|0|0|0|0|5|0|1|0|0|1
GA	Calsqu	LTR	ERV1	DR0012857	MCFN01000618.1:502648-502950+	MCFN01007716.1:3863-4246-	10	32	0	58,66,67,74,75	56,64,65,72,73	1	4,5,6,7,8	18	18	294	10|6|1|1|3|0|5|0|2|0|1|3
GA	Calsqu	LTR	ERV1	DR0012879	MCFN01000119.1:647539-648626+	MCFN01001036.1:52654-53256+	22	78	0	626,634,635,636,643	531,539,540,541,548	1	15,16,17,18,19	18	18	609	22|12|2|3|2|5|7|15|1|3|4|2
GA	Calsqu	LTR	ERV1	DR0012851	MCFN01000659.1:1262-2802+	MCFN01002517.1:10430-11307+	22	95	0	446,477,479,480,484	232,263,265,266,270	1	6,7,8,9,10	39	39	876	22|12|6|12|3|3|9|4|9|6|7|2
GA	Calsqu	LTR	ERV1	DR0012851	MCFN01000659.1:1262-2802+	MCFN01002517.1:10430-11307+	15	36	0	895,908,931,939,941,942,946	219,232,255,263,265,266,270	1	5,6,7,8,9,10,11	52	52	301	15|5|2|3|2|0|2|2|3|1|1|0
GA	Calsqu	LTR	ERV1	DR0012857	MCFN01000618.1:502648-502950+	MCFN01003121.1:1335-1521-	11	16	0	48,49,58,66,67,74,75	46,47,56,64,65,72,73	1	2,3,4,5,6,7,8	28	28	176	11|2|0|0|0|1|1|0|0|0|0|1
GA	Calsqu	LTR	ERV1	DR0012857	MCFN01000620.1:3261-3566-	MCFN01001387.1:7795-8198+	8	19	0	37,51,52,61,69,70,77,78	31,45,46,55,63,64,71,72	1	1,2,3,4,5,6,7,8	42	42	289	8|1|1|2|0|4|2|0|0|1|0|0
GA	Calsqu	LTR	ERV1	DR0012857	MCFN01000620.1:3261-3566-	MCFN01020101.1:1058-1464+	11	21	0	51,52,61,69,70,77,78	47,48,57,65,66,73,74	1	2,3,4,5,6,7,8	28	28	287	11|4|1|1|0|0|3|0|0|1|0|0
GA	Calsqu	LTR	ERV1	DR0012857	MCFN01000620.1:3261-3566-	MCFN01025066.1:0-269-	8	19	0	51,52,61,69,70,77,78	46,47,56,64,65,72,73	1	1,2,3,4,5,6,7	28	28	262	8|1|1|1|0|1|4|0|1|1|0|1
GA	Calsqu	LTR	ERV1	DR0012857	MCFN01000620.1:3261-3566-	MCFN01003121.1:1335-1521-	10	14	0	51,52,61,69,70,77,78	46,47,56,64,65,72,73	1	1,2,3,4,5,6,7	28	28	173	10|1|0|0|0|1|0|0|0|1|0|1
GA	Calsqu	LTR	ERV1	DR0012857	MCFN01000722.1:111272-111667-	MCFN01000853.1:176732-177374-	11	44	0	321,322,326,332,333	344,345,349,355,356	1	6,7,8,9,10	13	13	318	11|7|1|0|3|3|4|6|4|1|2|2
GA	Calsqu	LTR	ERV1	DR0012879	MCFN01000131.1:458082-459139-	MCFN01000715.1:123321-124369+	10	38	0	116,122,206,53,65	116,122,206,53,65	1	1,2,3,4,5	154	154	1052	10|6|0|1|1|2|6|7|0|3|0|2
GA	Calsqu	LTR	ERV1	DR0012879	MCFN01000131.1:458082-459139-	MCFN01001218.1:1156-2248-	6	16	0	116,122,124,134,161	117,123,125,135,162	1	2,3,4,5,6	46	46	277	6|1|1|1|0|2|3|1|0|1|0|0
GA	Calsqu	LTR	ERV1	DR0012902	MCFN01001460.1:4844-6988+	MCFN01002441.1:9825-11579+	24	163	0	1415,1416,1417,1421,1441	792,793,794,798,818	1	9,10,11,12,13	27	27	1491	24|13|2|8|4|13|32|27|7|9|11|13
GA	Calsqu	LTR	ERV1	DR0012851	MCFN01000680.1:427536-429736-	MCFN01000763.1:23605-29545+	17	71	0	976,979,983,988,991	4139,4142,4150,4155,4158	1	4,5,6,7,8	20	20	659	17|11|4|3|1|2|8|10|3|7|2|3
GA	Calsqu	LTR	ERV1	DR0012879	MCFN01000139.1:855157-856215-	MCFN01001218.1:1156-2248-	8	15	0	116,122,124,134,161,178	117,123,125,135,162,176	1	2,3,4,5,6,7	60	60	269	8|1|2|1|0|2|0|0|0|1|0|0
GA	Calsqu	LTR	ERV1	DR0012879	MCFN01000139.1:855157-856215-	MCFN01000178.1:585391-586466-	6	16	0	116,122,134,169,190,206	115,121,133,168,189,205	1	1,2,3,4,5,6	91	91	272	6|4|1|0|1|0|2|2|0|0|0|0
GA	Calsqu	LTR	ERV1	DR0012902	MCFN01001461.1:6554-9526+	MCFN01002441.1:9825-11579+	17	98	0	2875,2876,2877,2881,2901	792,793,794,798,818	1	13,14,15,16,17	27	27	857	17|9|3|3|8|6|21|14|5|2|3|7
GA	Calsqu	LTR	ERV1	DR0012857	MCFN01000833.1:26357-26762-	MCFN01001387.1:7795-8198+	12	26	0	11,19,36,50,51,68,69,76,77	14,31,45,46,6,63,64,71,72	1	1,2,3,4,5,6,7,8,9	67	67	397	12|2|0|1|0|4|4|1|1|0|1|0
GA	Calsqu	LTR	ERV1	DR0012857	MCFN01000833.1:26357-26762-	MCFN01020101.1:1058-1464+	14	31	0	50,51,68,69,76,77	47,48,65,66,73,74	1	4,5,6,7,8,9	28	28	399	14|5|0|1|0|1|6|2|1|0|1|0
GA	Calsqu	LTR	ERV1	DR0012879	MCFN01000139.1:855157-856215-	MCFN01005062.1:2094-2897+	8	23	0	111,113,116,122,134	108,110,113,119,131	1	1,2,3,4,5	24	24	274	8|3|0|1|3|0|4|4|0|0|0|0
GA	Calsqu	LTR	ERV1	DR0012902	MCFN01001461.1:6554-9526+	MCFN01033899.1:399-1009-	12	53	0	2628,2630,2644,2653,2670,2676	278,280,294,303,320,326	1	5,6,7,8,9,10	49	49	618	12|9|2|3|1|3|8|10|1|2|0|2
GA	Calsqu	LTR	ERV1	DR0012857	MCFN01000833.1:26357-26762-	MCFN01025066.1:0-269-	10	19	0	11,19,50,51,68,69,76,77	15,46,47,64,65,7,72,73	1	1,2,3,4,5,6,7,8	67	67	267	10|1|0|0|0|1|4|1|2|0|0|0
GA	Calsqu	LTR	ERV1	DR0012879	MCFN01000139.1:855157-856215-	MCFN01001047.1:114720-115321+	20	77	0	108,113,116,122,134	27,32,35,41,53	1	1,2,3,4,5	27	27	580	20|10|2|2|4|2|17|10|1|2|2|5
GA	Calsqu	LTR	ERV1	DR0012857	MCFN01000833.1:26357-26762-	MCFN01003121.1:1335-1521-	10	13	0	11,19,50,51,68,69,76,77	15,46,47,64,65,7,72,73	1	1,2,3,4,5,6,7,8	67	67	183	10|1|0|0|0|1|0|1|0|0|0|0
GA	Calsqu	LTR	ERV1	DR0012879	MCFN01000139.1:855157-856215-	MCFN01001475.1:19363-19957-	13	44	0	583,585,593,594,595	521,523,531,532,533	1	5,6,7,8,9	13	13	332	13|8|2|1|4|2|8|2|0|2|0|2
GA	Calsqu	LTR	ERV1	DR0012857	MCFN01000843.1:0-249-	MCFN01001387.1:7795-8198+	9	14	0	30,44,45,5,54,62,63,70,71	31,45,46,55,6,63,64,71,72	1	1,2,3,4,5,6,7,8,9	67	67	248	9|1|0|1|0|1|2|0|0|0|0|0
GA	Calsqu	LTR	ERV1	DR0012857	MCFN01000843.1:0-249-	MCFN01025066.1:0-269-	9	16	0	44,45,5,54,62,63,70,71	46,47,56,64,65,7,72,73	1	1,2,3,4,5,6,7,8	67	67	249	9|1|0|0|0|0|4|0|1|0|0|1
GA	Calsqu	LTR	ERV1	DR0012857	MCFN01000843.1:0-249-	MCFN01020101.1:1058-1464+	11	19	0	44,45,54,62,63,70,71	47,48,57,65,66,73,74	1	3,4,5,6,7,8,9	28	28	245	11|3|0|1|0|0|3|1|0|0|0|0
GA	Calsqu	LTR	ERV1	DR0012857	MCFN01000843.1:0-249-	MCFN01003121.1:1335-1521-	11	14	0	44,45,5,54,62,63,70,71	46,47,56,64,65,7,72,73	1	1,2,3,4,5,6,7,8	67	67	178	11|1|0|0|0|1|0|0|0|0|0|1
GA	Calsqu	LTR	ERV1	DR0012857	MCFN01000853.1:280138-280381+	MCFN01025066.1:0-269-	9	14	0	26,44,45,5,62,63,70,71	28,46,47,64,65,7,72,73	1	1,2,3,4,5,6,7,8	67	67	242	9|1|0|0|0|0|3|0|1|0|0|0
GA	Calsqu	LTR	ERV1	DR0012857	MCFN01000853.1:280138-280381+	MCFN01001387.1:7795-8198+	9	14	0	26,30,44,45,5,62,63,70,71	27,31,45,46,6,63,64,71,72	1	1,2,3,4,5,6,7,8,9	67	67	241	9|1|0|1|0|2|1|0|0|0|0|0
GA	Calsqu	LTR	ERV1	DR0012857	MCFN01000853.1:280138-280381+	MCFN01020101.1:1058-1464+	12	21	0	44,45,62,63,70,71	47,48,65,66,73,74	1	4,5,6,7,8,9	28	28	242	12|3|0|1|0|1|3|1|0|0|0|0
GA	Calsqu	LTR	ERV1	DR0012857	MCFN01000853.1:280138-280381+	MCFN01003121.1:1335-1521-	11	13	0	26,44,45,5,62,63,70,71	28,46,47,64,65,7,72,73	1	1,2,3,4,5,6,7,8	67	67	179	11|1|0|0|0|1|0|0|0|0|0|0
GA	Calsqu	LTR	ERV1	DR0012902	MCFN01001555.1:567-2811-	MCFN01004503.1:250-2404+	47	167	0	1211,1215,1224,1226,1239	297,302,312,314,327	1	13,14,15,16,17	31	31	1130	47|33|5|18|14|11|20|8|3|1|2|5
GA	Calsqu	LTR	ERV1	DR0012857	MCFN01000877.1:69108-69268+	MCFN01001387.1:7795-8198+	8	11	0	54,62,63,70,71	55,63,64,71,72	1	4,5,6,7,8	18	18	160	8|0|0|1|1|0|0|1|0|0|0|0
GA	Calsqu	LTR	ERV1	DR0012902	MCFN01001555.1:3663-5437-	MCFN01009261.1:1681-2696-	20	75	0	54,83,86,93,97	329,358,361,368,372	1	3,4,5,6,7	44	44	747	20|14|5|4|3|3|8|5|4|4|1|4
GA	Calsqu	LTR	ERV1	DR0012855	MCFN01000754.1:185275-185843-	MCFN01002242.1:8545-9115-	11	34	0	357,385,400,402,441	357,385,400,402,441	1	6,7,8,9,10	85	85	569	11|9|0|1|2|0|7|2|1|0|0|1
GA	Calsqu	LTR	ERV1	DR0012857	MCFN01000877.1:69108-69268+	MCFN01025066.1:0-269-	7	12	0	54,62,63,70,71	56,64,65,72,73	1	3,4,5,6,7	18	18	161	7|1|0|0|1|0|1|1|0|0|0|1
GA	Calsqu	LTR	ERV1	DR0012857	MCFN01000877.1:69108-69268+	MCFN01003121.1:1335-1521-	8	12	0	54,62,63,70,71	56,64,65,72,73	1	3,4,5,6,7	18	18	158	8|0|0|0|1|1|0|1|0|0|0|1
GA	Calsqu	LTR	ERV1	DR0012857	MCFN01000877.1:69108-69268+	MCFN01033694.1:824-1014+	8	16	0	54,62,63,70,71	55,63,64,71,72	1	3,4,5,6,7	18	18	159	8|1|0|0|1|0|2|2|1|0|0|1
GA	Calsqu	LTR	ERV1	DR0012855	MCFN01000754.1:185275-185843-	MCFN01014955.1:1113-1827-	10	30	0	400,402,435,436,441,450	312,314,347,348,353,362	1	4,5,6,7,8,9	51	51	479	10|5|2|2|0|0|6|1|1|2|1|0
GA	Calsqu	LTR	ERV1	DR0012855	MCFN01000754.1:185275-185843-	MCFN01002450.1:8091-8420-	6	19	0	357,400,402,429,441	119,162,164,191,203	1	1,2,3,4,5	85	85	324	6|3|0|1|1|0|4|2|2|0|0|0
GA	Calsqu	LTR	ERV1	DR0012902	MCFN01001555.1:5445-6117-	MCFN01007502.1:2143-2479-	5	14	0	283,290,311,315,317	285,292,313,317,319	1	1,2,3,4,5	35	35	335	5|3|0|0|0|1|3|1|0|1|0|0
GA	Calsqu	LTR	ERV1	DR0012879	MCFN01000142.1:1505085-1506174-	MCFN01001996.1:4547-5444+	10	40	0	485,497,554,566,570	328,340,397,409,413	1	3,4,5,6,7	86	86	732	10|6|2|1|4|2|5|2|4|1|1|2
GA	Calsqu	LTR	ERV1	DR0012879	MCFN01000142.1:1505085-1506174-	MCFN01001218.1:1156-2248-	7	16	0	120,126,128,138,165,182	117,123,125,135,162,176	1	2,3,4,5,6,7	60	60	279	7|1|1|1|0|2|2|1|0|1|0|0
GA	Calsqu	LTR	ERV1	DR0012879	MCFN01000142.1:1505085-1506174-	MCFN01000178.1:585391-586466-	6	18	0	120,126,138,173,194	115,121,133,168,189	1	1,2,3,4,5	75	75	276	6|4|0|0|1|0|4|3|0|0|0|0
GA	Calsqu	LTR	ERV1	DR0012879	MCFN01000142.1:1505085-1506174-	MCFN01005062.1:2094-2897+	7	22	0	115,117,120,126,138	108,110,113,119,131	1	1,2,3,4,5	24	24	260	7|3|0|0|3|0|5|4|0|0|0|0
GA	Calsqu	LTR	ERV1	DR0012857	MCFN01000888.1:166616-166908-	MCFN01001387.1:7795-8198+	8	13	0	31,45,46,6,63,64,71,72	31,45,46,6,63,64,71,72	1	1,2,3,4,5,6,7,8	67	67	290	8|0|0|1|0|2|1|0|0|0|0|1
GA	Calsqu	LTR	ERV1	DR0012857	MCFN01000888.1:166616-166908-	MCFN01025066.1:0-269-	8	13	0	45,46,6,63,64,71,72	46,47,64,65,7,72,73	1	1,2,3,4,5,6,7	67	67	267	8|0|0|0|0|0|3|0|1|0|0|1
GA	Calsqu	LTR	ERV1	DR0012857	MCFN01000888.1:166616-166908-	MCFN01020101.1:1058-1464+	11	21	0	45,46,63,64,71,72	47,48,65,66,73,74	1	3,4,5,6,7,8	28	28	291	11|3|0|1|0|0|3|1|0|0|0|2
GA	Calsqu	LTR	ERV1	DR0012855	MCFN01000754.1:186196-186771+	MCFN01001615.1:2259-2840-	12	50	0	367,369,381,387,395,398	373,375,387,393,401,404	1	4,5,6,7,8,9	32	32	578	12|7|3|3|3|2|8|5|1|3|1|2
GA	Calsqu	LTR	ERV1	DR0012879	MCFN01000142.1:1505085-1506174-	MCFN01001047.1:114720-115321+	21	75	0	112,117,120,126,138	27,32,35,41,53	1	1,2,3,4,5	27	27	580	21|10|2|1|4|2|14|12|1|2|1|5
GA	Calsqu	LTR	ERV1	DR0012857	MCFN01000888.1:166616-166908-	MCFN01003121.1:1335-1521-	11	13	0	45,46,6,63,64,71,72	46,47,64,65,7,72,73	1	1,2,3,4,5,6,7	67	67	179	11|0|0|0|0|1|0|0|0|0|0|1
GA	Calsqu	LTR	ERV1	DR0012879	MCFN01000142.1:1505085-1506174-	MCFN01001475.1:19363-19957-	13	39	0	587,589,597,598,599	521,523,531,532,533	1	6,7,8,9,10	13	13	332	13|7|2|0|4|2|4|3|0|2|0|2
GA	Calsqu	LTR	ERV1	DR0012857	MCFN01000888.1:166616-166908-	MCFN01033694.1:824-1014+	10	16	0	45,46,63,64,71,72	45,46,63,64,71,72	1	2,3,4,5,6,7	28	28	192	10|2|0|0|0|0|2|1|0|1|0|0
GA	Calsqu	LTR	ERV1	DR0012855	MCFN01000754.1:186196-186771+	MCFN01001253.1:2845-3415+	19	67	0	362,367,369,405,407	357,362,364,400,402	1	13,14,15,16,17	46	46	572	19|9|5|1|4|2|10|7|2|2|3|3
GA	Calsqu	LTR	ERV1	DR0012855	MCFN01000754.1:186196-186771+	MCFN01004925.1:3596-4166+	17	66	0	362,367,369,405,407	357,362,364,400,402	1	11,12,13,14,15	46	46	572	17|12|5|1|4|1|9|7|1|2|4|3
GA	Calsqu	LTR	ERV1	DR0012855	MCFN01000754.1:186196-186771+	MCFN01001579.1:22084-22654+	16	51	0	362,367,369,405,407	357,362,364,400,402	1	10,11,12,13,14	46	46	500	16|7|3|2|2|0|7|7|1|2|1|3
GA	Calsqu	LTR	ERV1	DR0012855	MCFN01000754.1:186196-186771+	MCFN01001495.1:16219-16789+	18	66	0	362,367,369,405,407	357,362,364,400,402	1	12,13,14,15,16	46	46	572	18|11|5|1|4|1|10|7|1|2|4|2
GA	Calsqu	LTR	ERV1	DR0012855	MCFN01000754.1:186196-186771+	MCFN01000940.1:14522-15092+	18	67	0	362,367,369,405,407	357,362,364,400,402	1	12,13,14,15,16	46	46	572	18|12|5|1|4|2|10|6|1|2|4|2
GA	Calsqu	LTR	ERV1	DR0012855	MCFN01000754.1:186196-186771+	MCFN01005624.1:3062-3632-	19	70	0	362,367,369,405,407	357,362,364,400,402	1	13,14,15,16,17	46	46	572	19|12|5|1|4|1|10|9|1|2|4|2
GA	Calsqu	LTR	ERV1	DR0012855	MCFN01000754.1:186196-186771+	MCFN01001034.1:2630-3200-	18	70	0	362,367,369,405,407	357,362,364,400,402	1	12,13,14,15,16	46	46	572	18|12|5|1|5|1|11|7|1|2|4|3
GA	Calsqu	LTR	ERV1	DR0012855	MCFN01000754.1:186196-186771+	MCFN01009619.1:3127-3608+	14	53	0	362,367,369,405,407	268,273,275,311,313	1	8,9,10,11,12	46	46	484	14|8|3|0|2|0|11|8|1|2|1|3
GA	Calsqu	LTR	ERV1	DR0012855	MCFN01000754.1:186196-186771+	MCFN01000777.1:213282-213852+	19	71	0	362,367,369,405,407	357,362,364,400,402	1	13,14,15,16,17	46	46	572	19|11|5|1|4|2|10|7|1|3|4|4
GA	Calsqu	LTR	ERV1	DR0012855	MCFN01000754.1:186196-186771+	MCFN01001806.1:3476-4046-	18	71	0	362,367,369,405,407	357,362,364,400,402	1	12,13,14,15,16	46	46	572	18|12|5|2|4|1|10|8|1|3|3|4
GA	Calsqu	LTR	ERV1	DR0012855	MCFN01000754.1:186196-186771+	MCFN01001181.1:16010-16580+	19	74	0	362,367,369,405,407	357,362,364,400,402	1	12,13,14,15,16	46	46	572	19|12|5|1|4|1|13|7|1|3|5|3
GA	Calsqu	LTR	ERV1	DR0012855	MCFN01000754.1:186196-186771+	MCFN01002242.1:8545-9115-	20	76	0	362,367,369,390,405,407	357,362,364,385,400,402	1	12,13,14,15,16,17	46	46	572	20|15|5|1|4|2|11|7|2|2|4|3
GA	Calsqu	LTR	ERV1	DR0012855	MCFN01000754.1:186196-186771+	MCFN01000954.1:1977-2542-	18	72	0	362,367,369,405,407	357,362,364,400,402	1	13,14,15,16,17	46	46	570	18|10|4|2|2|2|11|8|1|4|8|2
GA	Calsqu	LTR	ERV1	DR0012855	MCFN01000754.1:186196-186771+	MCFN01001034.1:751-1322+	22	84	0	362,367,369,405,407	366,371,373,409,411	1	15,16,17,18,19	46	46	573	22|9|6|3|5|3|13|7|3|2|5|6
GA	Calsqu	LTR	ERV1	DR0012855	MCFN01000754.1:186196-186771+	MCFN01031123.1:520-825+	9	31	0	362,367,369,405,407	135,137,92,97,99	1	3,4,5,6,7	46	46	304	9|5|3|0|0|0|5|5|1|2|1|0
GA	Calsqu	LTR	ERV1	DR0012855	MCFN01000754.1:186196-186771+	MCFN01002450.1:8091-8420-	11	35	0	362,367,369,405,407,434	119,124,126,162,164,191	1	3,4,5,6,7,8	73	73	310	11|5|3|0|0|0|6|3|3|2|1|1
GA	Calsqu	LTR	ERV1	DR0012855	MCFN01000754.1:186196-186771+	MCFN01001415.1:2908-3332+	17	53	0	362,367,369,405,407	357,362,364,400,402	1	13,14,15,16,17	46	46	426	17|7|4|1|4|1|8|5|0|0|4|2
GA	Calsqu	LTR	ERV1	DR0012855	MCFN01000754.1:186196-186771+	MCFN01028468.1:901-1154-	8	26	0	362,367,369,405,407	40,45,47,83,85	1	2,3,4,5,6	46	46	252	8|2|2|0|0|0|5|4|2|3|0|0
GA	Calsqu	LTR	ERV1	DR0012855	MCFN01000761.1:300021-300411+	MCFN01001409.1:9389-9969+	19	49	0	259,263,270,277,301	424,428,435,442,466	1	12,13,14,15,16	43	43	395	19|9|4|3|2|1|4|3|1|0|2|1
GA	Calsqu	LTR	ERV1	DR0012857	MCFN01000951.1:225622-226063+	MCFN01001387.1:7795-8198+	10	16	0	12,20,37,51,52,69,70,77,78,86	14,31,45,46,6,63,64,71,72,80	1	1,2,3,4,5,6,7,8,9,10	75	75	294	10|1|0|1|0|4|0|0|0|0|0|0
GA	Calsqu	LTR	ERV1	DR0012857	MCFN01000951.1:225622-226063+	MCFN01025066.1:0-269-	10	14	0	12,20,51,52,69,70,77,78,86	15,46,47,64,65,7,72,73,81	1	1,2,3,4,5,6,7,8,9	75	75	268	10|1|0|0|0|0|2|0|1|0|0|0
GA	Calsqu	LTR	ERV1	DR0012857	MCFN01000951.1:225622-226063+	MCFN01003112.1:9172-9562+	10	19	0	69,70,77,78,86	61,62,69,70,78	1	4,5,6,7,8	18	18	282	10|3|0|0|2|2|0|0|1|0|0|1
GA	Calsqu	LTR	ERV1	DR0012857	MCFN01000951.1:225622-226063+	MCFN01020101.1:1058-1464+	12	21	0	51,52,69,70,77,78,98	47,48,65,66,73,74,94	1	4,5,6,7,8,9,10	48	48	292	12|4|0|1|0|1|1|1|0|0|0|1
GA	Calsqu	LTR	ERV1	DR0012857	MCFN01000951.1:225622-226063+	MCFN01007716.1:3863-4246-	10	27	0	69,70,77,78,98	64,65,72,73,93	1	5,6,7,8,9	30	30	295	10|5|1|2|3|1|2|0|2|0|1|0
GA	Calsqu	LTR	ERV1	DR0012857	MCFN01000951.1:225622-226063+	MCFN01003121.1:1335-1521-	13	15	0	12,20,51,52,69,70,77,78,86	15,46,47,64,65,7,72,73,81	1	1,2,3,4,5,6,7,8,9	75	75	180	13|1|0|0|0|1|0|0|0|0|0|0
GA	Calsqu	LTR	ERV1	DR0012902	MCFN01001652.1:0-2525+	MCFN01010461.1:0-3007-	46	158	0	109,81,82,86,89	1905,1906,1910,1913,1933	1	7,8,9,10,11	29	29	1167	46|38|6|2|9|6|27|16|2|1|2|3
GA	Calsqu	LTR	ERV1	DR0012902	MCFN01001652.1:0-2525+	MCFN01014569.1:0-1866-	46	159	0	109,81,82,86,89	764,765,769,772,792	1	7,8,9,10,11	29	29	1167	46|38|6|2|9|6|27|16|2|1|2|4
GA	Calsqu	LTR	ERV1	DR0012902	MCFN01001652.1:0-2525+	MCFN01011799.1:0-2341-	46	159	0	109,81,82,86,89	1239,1240,1244,1247,1267	1	7,8,9,10,11	29	29	1167	46|38|6|2|9|6|27|16|2|1|2|4
GA	Calsqu	LTR	ERV1	DR0012857	MCFN01000980.1:168233-168492-	MCFN01001387.1:7795-8198+	8	17	0	54,62,63,70,71	55,63,64,71,72	1	4,5,6,7,8	18	18	259	8|0|0|1|0|1|3|3|0|0|0|1
GA	Calsqu	LTR	ERV1	DR0012857	MCFN01000980.1:168233-168492-	MCFN01025066.1:0-269-	8	19	0	54,62,63,70,71	56,64,65,72,73	1	3,4,5,6,7	18	18	260	8|1|0|0|0|0|5|3|0|0|0|2
GA	Calsqu	LTR	ERV1	DR0012857	MCFN01000980.1:168233-168492-	MCFN01020101.1:1058-1464+	10	23	0	54,62,63,70,71	57,65,66,73,74	1	4,5,6,7,8	18	18	259	10|3|0|1|0|0|4|4|0|0|0|1
GA	Calsqu	LTR	ERV1	DR0012857	MCFN01000980.1:168233-168492-	MCFN01003121.1:1335-1521-	10	16	0	54,62,63,70,71	56,64,65,72,73	1	3,4,5,6,7	18	18	181	10|0|0|0|0|1|1|2|0|0|0|2
GA	Calsqu	LTR	ERV1	DR0012857	MCFN01000980.1:168233-168492-	MCFN01033694.1:824-1014+	10	21	0	54,62,63,70,71	55,63,64,71,72	1	3,4,5,6,7	18	18	189	10|2|0|0|0|0|5|3|0|0|0|1
GA	Calsqu	LTR	ERV1	DR0012855	MCFN01000842.1:136411-136980-	MCFN01014955.1:1113-1827-	7	25	0	436,437,442,450,451	347,348,353,361,362	1	1,2,3,4,5	16	16	476	7|4|2|1|0|1|3|4|0|2|1|0
GA	Calsqu	LTR	ERV1	DR0012902	MCFN01001925.1:0-339-	MCFN01009261.1:1681-2696-	14	30	0	53,82,85,92,96	329,358,361,368,372	1	3,4,5,6,7	44	44	340	14|3|1|4|0|0|2|2|2|2|0|0
GA	Calsqu	LTR	ERV1	DR0012857	MCFN01001071.1:51115-51268+	MCFN01025066.1:0-269-	8	11	0	26,44,45,5,62,63,70,71	28,46,47,64,65,7,72,73	1	1,2,3,4,5,6,7,8	67	67	153	8|0|0|0|0|0|1|1|0|1|0|0
GA	Calsqu	LTR	ERV1	DR0012857	MCFN01001071.1:51115-51268+	MCFN01003121.1:1335-1521-	9	11	0	26,44,45,5,62,63,70,71	28,46,47,64,65,7,72,73	1	1,2,3,4,5,6,7,8	67	67	152	9|0|0|0|0|1|0|1|0|0|0|0
GA	Calsqu	LTR	ERV1	DR0012857	MCFN01001071.1:51115-51268+	MCFN01001387.1:7795-8198+	9	12	0	26,30,44,45,5,62,63,70,71	27,31,45,46,6,63,64,71,72	1	1,2,3,4,5,6,7,8,9	67	67	152	9|0|0|1|0|1|0|1|0|0|0|0
GA	Calsqu	LTR	ERV1	DR0012879	MCFN01000146.1:24903-25446-	MCFN01001475.1:19363-19957-	11	40	0	435,437,445,446,447	521,523,531,532,533	1	7,8,9,10,11	13	13	355	11|9|2|0|5|3|5|2|0|2|0|1
GA	Calsqu	LTR	ERV1	DR0012857	MCFN01001138.1:68770-68936+	MCFN01001387.1:7795-8198+	9	10	0	30,44,45,5,54,62,63,70,71	31,45,46,55,6,63,64,71,72	1	1,2,3,4,5,6,7,8,9	67	67	166	9|0|0|1|0|0|0|0|0|0|0|0
GA	Calsqu	LTR	ERV1	DR0012857	MCFN01001138.1:68770-68936+	MCFN01025066.1:0-269-	8	11	0	44,45,5,54,62,63,70,71	46,47,56,64,65,7,72,73	1	1,2,3,4,5,6,7,8	67	67	167	8|0|0|0|0|0|1|0|1|0|0|1
GA	Calsqu	LTR	ERV1	DR0012857	MCFN01001138.1:68770-68936+	MCFN01003121.1:1335-1521-	9	11	0	44,45,5,54,62,63,70,71	46,47,56,64,65,7,72,73	1	1,2,3,4,5,6,7,8	67	67	158	9|0|0|0|0|1|0|0|0|0|0|1
GA	Calsqu	LTR	ERV1	DR0012857	MCFN01001138.1:68770-68936+	MCFN01033694.1:824-1014+	9	15	0	44,45,54,62,63,70,71	45,46,55,63,64,71,72	1	2,3,4,5,6,7,8	28	28	163	9|2|0|0|0|0|3|1|0|0|0|0
GA	Calsqu	LTR	ERV1	DR0012857	MCFN01001138.1:68770-68936+	MCFN01020101.1:1058-1464+	10	16	0	44,45,54,62,63,70,71	47,48,57,65,66,73,74	1	3,4,5,6,7,8,9	28	28	166	10|2|0|1|0|0|2|1|0|0|0|0
GA	Calsqu	LTR	ERV1	DR0012855	MCFN01000903.1:30758-31316+	MCFN01014955.1:1113-1827-	15	48	0	421,423,424,429,437,438	345,347,348,353,361,362	1	9,10,11,12,13,14	18	18	476	15|8|2|4|1|0|6|5|2|3|2|0
GA	Calsqu	LTR	ERV1	DR0012855	MCFN01000903.1:30758-31316+	MCFN01001615.1:2259-2840-	17	67	0	363,369,377,380,381	387,393,401,404,405	1	8,9,10,11,12	19	19	482	17|12|2|3|2|3|12|5|3|3|3|2
GA	Calsqu	LTR	ERV1	DR0012879	MCFN01000150.1:918240-919277+	MCFN01000715.1:123321-124369+	13	53	0	100,106,162,190,199	116,122,178,206,215	1	4,5,6,7,8	100	100	1034	13|11|0|0|1|2|9|11|1|1|2|2
GA	Calsqu	LTR	ERV1	DR0012902	MCFN01002441.1:8844-9537+	MCFN01011290.1:1355-1986-	11	42	0	507,515,520,521,523	120,128,133,134,136	1	1,2,3,4,5	17	17	304	11|6|2|0|3|3|4|6|0|2|2|3
GA	Calsqu	LTR	ERV1	DR0012879	MCFN01000150.1:918240-919277+	MCFN01000715.1:254102-255170-	14	65	0	106,162,169,219,95	111,122,178,185,232	1	1,2,3,4,5	122	122	1044	14|12|1|4|2|4|11|9|3|0|2|3
GA	Calsqu	LTR	ERV1	DR0012879	MCFN01000150.1:918240-919277+	MCFN01001218.1:1156-2248-	7	18	0	100,106,108,118,145,162	117,123,125,135,162,176	1	2,3,4,5,6,7	60	60	244	7|1|1|0|0|2|1|3|1|1|1|0
GA	Calsqu	LTR	ERV1	DR0012879	MCFN01000150.1:918240-919277+	MCFN01000178.1:585391-586466-	6	17	0	100,106,118,153,174,190	115,121,133,168,189,205	1	1,2,3,4,5,6	91	91	240	6|2|0|0|1|0|2|4|1|0|0|1
GA	Calsqu	LTR	ERV1	DR0012857	MCFN01001243.1:19746-20148-	MCFN01001387.1:7795-8198+	11	18	0	30,44,45,5,54,62,63,70,71	31,45,46,55,6,63,64,71,72	1	1,2,3,4,5,6,7,8,9	67	67	402	11|2|0|1|0|2|2|0|0|0|0|0
GA	Calsqu	LTR	ERV1	DR0012857	MCFN01001243.1:19746-20148-	MCFN01020101.1:1058-1464+	13	25	0	44,45,54,62,63,70,71	47,48,57,65,66,73,74	1	3,4,5,6,7,8,9	28	28	403	13|5|0|1|0|0|4|1|0|0|0|1
GA	Calsqu	LTR	ERV1	DR0012902	MCFN01002441.1:9825-11579+	MCFN01003469.1:4664-8758-	41	188	0	1638,1641,1643,1645,1647	1327,1330,1332,1334,1336	1	34,35,36,37,38	10	10	1438	41|33|6|6|11|10|30|18|4|6|6|17
GA	Calsqu	LTR	ERV1	DR0012857	MCFN01001243.1:19746-20148-	MCFN01007716.1:3863-4246-	10	31	0	54,62,63,70,71	56,64,65,72,73	1	4,5,6,7,8	18	18	379	10|6|1|2|3|0|5|2|0|0|1|1
GA	Calsqu	LTR	ERV1	DR0012857	MCFN01001243.1:19746-20148-	MCFN01025066.1:0-269-	9	15	0	44,45,5,54,62,63,70,71	46,47,56,64,65,7,72,73	1	1,2,3,4,5,6,7,8	67	67	267	9|1|0|0|0|0|3|0|1|0|0|1
GA	Calsqu	LTR	ERV1	DR0012902	MCFN01002441.1:9825-11579+	MCFN01011290.1:1355-1986-	20	88	0	359,367,372,373,375	120,128,133,134,136	1	1,2,3,4,5	17	17	625	20|11|6|1|5|7|14|9|2|4|4|5
GA	Calsqu	LTR	ERV1	DR0012857	MCFN01001243.1:19746-20148-	MCFN01003121.1:1335-1521-	11	14	0	44,45,5,54,62,63,70,71	46,47,56,64,65,7,72,73	1	1,2,3,4,5,6,7,8	67	67	179	11|1|0|0|0|1|0|0|0|0|0|1
GA	Calsqu	LTR	ERV1	DR0012857	MCFN01001249.1:69522-69935+	MCFN01001387.1:7795-8198+	11	33	0	30,44,45,5,54,62,63,70,71	31,45,46,55,6,63,64,71,72	1	1,2,3,4,5,6,7,8,9	67	67	407	11|3|0|2|2|4|3|3|2|3|0|0
GA	Calsqu	LTR	ERV1	DR0012857	MCFN01001249.1:69522-69935+	MCFN01020101.1:1058-1464+	12	38	0	44,45,54,62,63,70,71	47,48,57,65,66,73,74	1	3,4,5,6,7,8,9	28	28	409	12|6|0|2|2|2|5|4|1|3|0|1
GA	Calsqu	LTR	ERV1	DR0012857	MCFN01001249.1:69522-69935+	MCFN01007716.1:3863-4246-	10	31	0	54,62,63,70,71	56,64,65,72,73	1	4,5,6,7,8	18	18	384	10|5|1|1|3|0|5|1|2|2|1|0
GA	Calsqu	LTR	ERV1	DR0012857	MCFN01001249.1:69522-69935+	MCFN01025066.1:0-269-	8	15	0	44,45,5,54,62,63,70,71	46,47,56,64,65,7,72,73	1	1,2,3,4,5,6,7,8	67	67	265	8|1|0|0|0|0|3|1|1|0|0|1
GA	Calsqu	LTR	ERV1	DR0012857	MCFN01001249.1:69522-69935+	MCFN01003121.1:1335-1521-	11	15	0	44,45,5,54,62,63,70,71	46,47,56,64,65,7,72,73	1	1,2,3,4,5,6,7,8	67	67	180	11|1|0|0|0|1|0|1|0|0|0|1
GA	Calsqu	LTR	ERV1	DR0012902	MCFN01002472.1:0-1646+	MCFN01013200.1:0-2045-	54	197	0	870,871,875,878,889,896	904,905,909,912,923,930	1	23,24,25,26,27,28	27	27	1511	54|45|7|10|13|3|30|21|3|4|5|2
GA	Calsqu	LTR	ERV1	DR0012902	MCFN01002472.1:0-1646+	MCFN01010205.1:4-3341-	54	197	0	870,871,875,878,889,896	904,905,909,912,923,930	1	23,24,25,26,27,28	27	27	1511	54|46|7|10|13|3|29|21|3|4|5|2
GA	Calsqu	LTR	ERV1	DR0012902	MCFN01002472.1:0-1646+	MCFN01011799.1:0-2341-	61	240	0	870,871,875,878,889,896,898	1239,1240,1244,1247,1258,1265,1267	1	30,31,32,33,34,35,36	29	29	1630	61|56|7|7|13|4|44|33|5|1|4|5
GA	Calsqu	LTR	ERV1	DR0012902	MCFN01002472.1:0-1646+	MCFN01010461.1:0-3007-	61	240	0	870,871,875,878,889,896,898	1905,1906,1910,1913,1924,1931,1933	1	30,31,32,33,34,35,36	29	29	1630	61|56|7|7|13|4|44|34|5|1|4|4
GA	Calsqu	LTR	ERV1	DR0012902	MCFN01002472.1:0-1646+	MCFN01014569.1:0-1866-	59	227	0	870,871,875,878,889,896,898	764,765,769,772,783,790,792	1	28,29,30,31,32,33,34	29	29	1532	59|52|7|7|13|4|42|30|5|0|4|4
GA	Calsqu	LTR	ERV1	DR0012879	MCFN01000150.1:1269916-1270972+	MCFN01001218.1:1156-2248-	7	16	0	116,124,134,161,178	117,125,135,162,176	1	3,4,5,6,7	60	60	277	7|1|1|1|0|2|2|0|0|1|0|1
GA	Calsqu	LTR	ERV1	DR0012879	MCFN01000150.1:1269916-1270972+	MCFN01000178.1:585391-586466-	6	18	0	116,134,169,190,206	115,133,168,189,205	1	2,3,4,5,6	91	91	274	6|4|0|0|1|0|4|2|0|0|0|1
GA	Calsqu	LTR	ERV1	DR0012855	MCFN01000954.1:9306-9874-	MCFN01002157.1:5560-6128+	12	48	0	104,61,68,74,78	103,60,67,73,77	1	2,3,4,5,6	44	44	568	12|5|1|5|6|2|7|7|0|0|1|2
GA	Calsqu	LTR	ERV1	DR0012857	MCFN01001334.1:24005-24408-	MCFN01001387.1:7795-8198+	9	21	0	47,61,62,71,79,80,87,88	31,45,46,55,63,64,71,72	1	1,2,3,4,5,6,7,8	42	42	381	9|3|0|1|0|3|1|3|0|1|0|0
GA	Calsqu	LTR	ERV1	DR0012857	MCFN01001334.1:24005-24408-	MCFN01020101.1:1058-1464+	11	27	0	61,62,71,79,80,87,88	47,48,57,65,66,73,74	1	2,3,4,5,6,7,8	28	28	382	11|6|0|1|0|1|3|3|0|1|0|1
GA	Calsqu	LTR	ERV1	DR0012857	MCFN01001334.1:24005-24408-	MCFN01007716.1:3863-4246-	10	37	0	71,79,80,87,88	56,64,65,72,73	1	3,4,5,6,7	18	18	380	10|8|1|2|3|0|3|5|3|1|1|0
GA	Calsqu	LTR	ERV1	DR0012857	MCFN01001334.1:24005-24408-	MCFN01025066.1:0-269-	8	16	0	61,62,71,79,80,87,88	46,47,56,64,65,72,73	1	1,2,3,4,5,6,7	28	28	265	8|2|0|0|0|0|2|3|0|0|0|1
GA	Calsqu	LTR	ERV1	DR0012857	MCFN01001334.1:24005-24408-	MCFN01003121.1:1335-1521-	11	15	0	61,62,71,79,80,87,88	46,47,56,64,65,72,73	1	1,2,3,4,5,6,7	28	28	176	11|1|0|0|0|1|0|1|0|0|0|1
GA	Calsqu	LTR	ERV1	DR0012857	MCFN01001334.1:24005-24408-	MCFN01033694.1:824-1014+	10	18	0	61,62,71,79,80,87,88	45,46,55,63,64,71,72	1	1,2,3,4,5,6,7	28	28	188	10|2|0|0|0|0|2|2|1|0|0|1
GA	Calsqu	LTR	ERV1	DR0012879	MCFN01000150.1:1269916-1270972+	MCFN01001036.1:52654-53256+	11	37	0	585,593,594,595,600	531,539,540,541,546	1	7,8,9,10,11	16	16	355	11|6|1|2|5|2|2|5|0|2|1|0
GA	Calsqu	LTR	ERV1	DR0012902	MCFN01002930.1:1513-1818+	MCFN01018760.1:0-1560-	7	32	0	51,56,58,62,70	51,56,58,62,70	1	1,2,3,4,5	20	20	262	7|3|1|2|2|1|4|3|2|0|1|6
GA	Calsqu	LTR	ERV1	DR0012902	MCFN01002930.1:1513-1818+	MCFN01005935.1:1156-4877+	7	32	0	51,56,58,62,70	299,304,306,310,318	1	1,2,3,4,5	20	20	262	7|3|1|2|2|2|4|3|1|0|1|6
GA	Calsqu	LTR	ERV1	DR0012902	MCFN01002930.1:1513-1818+	MCFN01017446.1:527-1650+	7	33	0	51,56,58,62,70	299,304,306,310,318	1	1,2,3,4,5	20	20	262	7|4|1|2|2|2|4|3|1|0|1|6
GA	Calsqu	LTR	ERV1	DR0012879	MCFN01000150.1:1269916-1270972+	MCFN01001475.1:19363-19957-	15	49	0	583,585,593,594,595,600	521,523,531,532,533,538	1	6,7,8,9,10,11	18	18	381	15|7|2|2|3|6|6|2|0|4|0|2
GA	Calsqu	LTR	ERV1	DR0012879	MCFN01000150.1:1269916-1270972+	MCFN01000245.1:932804-933175-	7	34	0	585,593,594,595,600	300,308,309,310,315	1	2,3,4,5,6	16	16	308	7|3|2|1|1|1|6|6|1|2|3|1
GA	Calsqu	LTR	ERV1	DR0012879	MCFN01000150.1:1269916-1270972+	MCFN01000177.1:1086309-1086870-	8	40	0	585,593,594,595,600	490,498,499,500,505	1	2,3,4,5,6	16	16	324	8|1|1|2|3|1|8|9|2|2|1|2
GA	Calsqu	LTR	ERV1	DR0012857	MCFN01001362.1:5-292-	MCFN01001387.1:7795-8198+	9	15	0	29,33,47,48,65,66,73,74,8	27,31,45,46,6,63,64,71,72	1	1,2,3,4,5,6,7,8,9	67	67	282	9|1|0|1|0|3|1|0|0|0|0|0
GA	Calsqu	LTR	ERV1	DR0012857	MCFN01001362.1:5-292-	MCFN01025066.1:0-269-	9	15	0	29,47,48,65,66,73,74,8	28,46,47,64,65,7,72,73	1	1,2,3,4,5,6,7,8	67	67	268	9|1|0|0|0|0|3|1|1|0|0|0
GA	Calsqu	LTR	ERV1	DR0012857	MCFN01001362.1:5-292-	MCFN01020101.1:1058-1464+	12	23	0	47,48,65,66,73,74	47,48,65,66,73,74	1	4,5,6,7,8,9	28	28	282	12|4|0|1|0|1|3|1|0|0|0|1
GA	Calsqu	LTR	ERV1	DR0012857	MCFN01001362.1:5-292-	MCFN01003121.1:1335-1521-	11	13	0	29,47,48,65,66,73,74,8	28,46,47,64,65,7,72,73	1	1,2,3,4,5,6,7,8	67	67	179	11|1|0|0|0|1|0|0|0|0|0|0
GA	Calsqu	LTR	ERV1	DR0012855	MCFN01001034.1:751-1322+	MCFN01014955.1:1113-1827-	11	49	0	442,444,445,458,459,491	345,347,348,361,362,391	1	6,7,8,9,10,11	47	47	479	11|5|2|2|1|3|10|5|1|3|3|3
GA	Calsqu	LTR	ERV1	DR0012902	MCFN01003244.1:2352-2891-	MCFN01018442.1:0-516+	11	48	0	261,263,278,280,352	242,244,259,261,328	1	5,6,7,8,9	87	87	518	11|7|1|0|3|2|12|7|0|0|2|3
GA	Calsqu	LTR	ERV1	DR0012879	MCFN01000160.1:1019284-1020324+	MCFN01005062.1:2094-2897+	9	29	0	110,112,115,121,133	108,110,113,119,131	1	2,3,4,5,6	24	24	277	9|4|0|0|3|0|9|3|0|0|1|0
GA	Calsqu	LTR	ERV1	DR0012879	MCFN01000160.1:1019284-1020324+	MCFN01001047.1:114720-115321+	19	73	0	107,112,115,121,133	27,32,35,41,53	1	1,2,3,4,5	27	27	580	19|12|2|1|5|1|12|12|1|3|1|4
GA	Calsqu	LTR	ERV1	DR0012879	MCFN01000160.1:1019284-1020324+	MCFN01001475.1:19363-19957-	13	39	0	583,585,593,594,595	521,523,531,532,533	1	5,6,7,8,9	13	13	332	13|8|2|0|3|2|4|2|0|3|0|2
GA	Calsqu	LTR	ERV1	DR0012857	MCFN01001462.1:19820-20231-	MCFN01020101.1:1058-1464+	12	33	0	44,45,54,62,63,70,71	47,48,57,65,66,73,74	1	3,4,5,6,7,8,9	28	28	408	12|6|0|1|0|2|6|2|1|0|1|2
GA	Calsqu	LTR	ERV1	DR0012857	MCFN01001462.1:19820-20231-	MCFN01025066.1:0-269-	9	16	0	44,45,5,54,62,63,70,71	46,47,56,64,65,7,72,73	1	1,2,3,4,5,6,7,8	67	67	266	9|0|0|0|0|0|4|2|1|0|0|0
GA	Calsqu	LTR	ERV1	DR0012857	MCFN01001462.1:19820-20231-	MCFN01003121.1:1335-1521-	12	14	0	44,45,5,54,62,63,70,71	46,47,56,64,65,7,72,73	1	1,2,3,4,5,6,7,8	67	67	180	12|0|0|0|0|1|1|0|0|0|0|0
GA	Calsqu	LTR	ERV1	DR0012857	MCFN01001462.1:19820-20231-	MCFN01033694.1:824-1014+	11	17	0	44,45,54,62,63,70,71	45,46,55,63,64,71,72	1	2,3,4,5,6,7,8	28	28	192	11|1|0|0|0|0|3|1|0|1|0|0
GA	Calsqu	LTR	ERV1	DR0012902	MCFN01003356.1:8392-8963+	MCFN01009261.1:1681-2696-	20	50	0	112,82,85,92,96	358,361,368,372,388	1	5,6,7,8,9	31	31	565	20|6|5|4|1|0|6|3|3|2|0|0
GA	Calsqu	LTR	ERV1	DR0012857	MCFN01001479.1:27965-28380+	MCFN01020101.1:1058-1464+	12	26	0	44,45,62,63,70,71	47,48,65,66,73,74	1	4,5,6,7,8,9	28	28	410	12|5|0|1|1|1|4|1|0|0|1|0
GA	Calsqu	LTR	ERV1	DR0012857	MCFN01001479.1:27965-28380+	MCFN01025066.1:0-269-	9	14	0	13,44,45,5,62,63,70,71	15,46,47,64,65,7,72,73	1	1,2,3,4,5,6,7,8	67	67	267	9|1|0|0|0|1|2|0|1|0|0|0
GA	Calsqu	LTR	ERV1	DR0012902	MCFN01003437.1:1729-4146+	MCFN01011799.1:0-2341-	66	251	0	727,728,732,735,755	1239,1240,1244,1247,1267	1	28,29,30,31,32	29	29	1835	66|42|1|2|2|11|56|45|5|4|8|9
GA	Calsqu	LTR	ERV1	DR0012902	MCFN01003437.1:1729-4146+	MCFN01014569.1:0-1866-	66	252	0	727,728,732,735,755	764,765,769,772,792	1	28,29,30,31,32	29	29	1835	66|43|1|2|2|11|56|45|5|4|8|9
GA	Calsqu	LTR	ERV1	DR0012857	MCFN01001479.1:27965-28380+	MCFN01003121.1:1335-1521-	12	14	0	13,44,45,5,62,63,70,71	15,46,47,64,65,7,72,73	1	1,2,3,4,5,6,7,8	67	67	179	12|1|0|0|0|1|0|0|0|0|0|0
GA	Calsqu	LTR	ERV1	DR0012902	MCFN01003437.1:1729-4146+	MCFN01010461.1:0-3007-	66	253	0	727,728,732,735,755	1905,1906,1910,1913,1933	1	28,29,30,31,32	29	29	1835	66|43|1|2|2|12|56|46|5|4|8|8
GA	Calsqu	LTR	ERV1	DR0012857	MCFN01001560.1:1453-1762+	MCFN01025066.1:0-269-	7	20	0	47,48,57,65,66,75	46,47,56,64,65,72	1	1,2,3,4,5,6	27	27	269	7|2|0|0|0|0|4|4|1|1|0|1
GA	Calsqu	LTR	ERV1	DR0012857	MCFN01001560.1:1453-1762+	MCFN01020101.1:1058-1464+	11	29	0	47,48,57,65,66,75	47,48,57,65,66,73	1	2,3,4,5,6,7	27	27	309	11|5|0|1|0|0|4|6|0|1|0|1
GA	Calsqu	LTR	ERV1	DR0012857	MCFN01001560.1:1453-1762+	MCFN01003121.1:1335-1521-	7	17	0	47,48,57,65,66,75	46,47,56,64,65,72	1	1,2,3,4,5,6	27	27	181	7|2|2|0|0|1|2|2|0|0|0|1
GA	Calsqu	LTR	ERV1	DR0012855	MCFN01001175.1:59086-59917-	MCFN01014955.1:1113-1827-	10	43	0	400,435,436,449,450	312,347,348,361,362	1	2,3,4,5,6	51	51	712	10|7|2|1|0|2|9|5|1|3|1|2
GA	Calsqu	LTR	ERV1	DR0012857	MCFN01001629.1:20686-21093+	MCFN01020101.1:1058-1464+	13	30	0	44,45,62,63,70,71	47,48,65,66,73,74	1	4,5,6,7,8,9	28	28	405	13|8|0|1|0|1|4|1|0|1|1|0
GA	Calsqu	LTR	ERV1	DR0012857	MCFN01001629.1:20686-21093+	MCFN01025066.1:0-269-	9	18	0	13,44,45,5,62,63,70,71	15,46,47,64,65,7,72,73	1	1,2,3,4,5,6,7,8	67	67	269	9|3|0|0|0|1|2|1|1|1|0|0
GA	Calsqu	LTR	ERV1	DR0012857	MCFN01001629.1:20686-21093+	MCFN01003121.1:1335-1521-	12	15	0	13,44,45,5,62,63,70,71	15,46,47,64,65,7,72,73	1	1,2,3,4,5,6,7,8	67	67	180	12|1|0|0|0|1|0|0|0|1|0|0
GA	Calsqu	LTR	ERV1	DR0012902	MCFN01003469.1:4664-8758-	MCFN01010898.1:0-2440-	69	271	0	1652,1669,1685,1700,1727	295,312,327,342,369	1	14,15,16,17,18	75	75	2257	69|52|5|3|13|14|49|31|3|9|11|12
GA	Calsqu	LTR	ERV1	DR0012902	MCFN01003469.1:4664-8758-	MCFN01004503.1:250-2404+	39	121	0	1652,1669,1671,1685,1700	295,312,314,327,342	1	14,15,16,17,18	48	48	1135	39|20|1|0|5|7|20|14|1|3|8|3
GA	Calsqu	LTR	ERV1	DR0012857	MCFN01001687.1:5129-5414+	MCFN01025066.1:0-269-	9	14	0	44,45,5,54,62,63,70,71	46,47,56,64,65,7,72,73	1	1,2,3,4,5,6,7,8	67	67	267	9|0|0|0|0|0|3|0|1|0|0|1
GA	Calsqu	LTR	ERV1	DR0012857	MCFN01001687.1:5129-5414+	MCFN01020101.1:1058-1464+	12	21	0	44,45,54,62,63,70,71	47,48,57,65,66,73,74	1	3,4,5,6,7,8,9	28	28	284	12|3|0|1|0|0|3|1|0|0|0|1
GA	Calsqu	LTR	ERV1	DR0012857	MCFN01001687.1:5129-5414+	MCFN01007716.1:3863-4246-	10	28	0	54,62,63,70,71	56,64,65,72,73	1	4,5,6,7,8	18	18	283	10|4|1|3|3|0|3|0|3|0|1|0
GA	Calsqu	LTR	ERV1	DR0012879	MCFN01000176.1:228588-229624+	MCFN01001047.1:114720-115321+	18	75	0	108,113,116,122,134	27,32,35,41,53	1	1,2,3,4,5	27	27	584	18|9|3|0|5|2|14|15|2|0|2|5
GA	Calsqu	LTR	ERV1	DR0012857	MCFN01001687.1:5129-5414+	MCFN01003121.1:1335-1521-	12	14	0	44,45,5,54,62,63,70,71	46,47,56,64,65,7,72,73	1	1,2,3,4,5,6,7,8	67	67	182	12|0|0|0|0|1|0|0|0|0|0|1
GA	Calsqu	LTR	ERV1	DR0012857	MCFN01001687.1:5129-5414+	MCFN01033694.1:824-1014+	11	17	0	44,45,54,62,63,70,71	45,46,55,63,64,71,72	1	2,3,4,5,6,7,8	28	28	190	11|1|0|0|0|0|2|1|1|0|0|1
GA	Calsqu	LTR	ERV1	DR0012902	MCFN01003469.1:4664-8758-	MCFN01013868.1:0-1949-	25	93	0	1652,1669,1685,1700,1727	112,38,55,70,85	1	1,2,3,4,5	75	75	873	25|17|1|0|3|4|18|13|1|3|6|2
GA	Calsqu	LTR	ERV1	DR0012851	MCFN01001224.1:4999-7130+	MCFN01006658.1:0-1053+	15	82	0	1844,1846,1852,1857,1863	432,434,440,445,451	1	7,8,9,10,11	20	20	680	15|12|1|9|3|3|15|12|4|4|1|3
GA	Calsqu	LTR	ERV1	DR0012851	MCFN01002394.1:10622-10899+	MCFN01027723.1:743-1176-	5	11	0	106,215,216,247,248	243,352,353,384,385	1	1,2,3,4,5	143	143	209	5|0|2|2|1|0|0|0|0|0|1|0
GA	Calsqu	LTR	ERV1	DR0012851	MCFN01002394.1:10622-10899+	MCFN01021110.1:1088-1430-	5	5	0	106,215,216,247,248	163,272,273,304,305	1	1,2,3,4,5	143	143	178	5|0|0|0|0|0|0|0|0|0|0|0
GA	Calsqu	LTR	ERV1	DR0012851	MCFN01002394.1:10622-10899+	MCFN01011103.1:0-838+	5	5	0	106,215,216,247,248	648,757,758,789,790	1	1,2,3,4,5	143	143	178	5|0|0|0|0|0|0|0|0|0|0|0
GA	Calsqu	LTR	ERV1	DR0012851	MCFN01002394.1:10622-10899+	MCFN01011838.1:975-2319-	5	9	0	206,215,216,247,248	1200,1209,1210,1241,1242	1	1,2,3,4,5	43	43	146	5|2|1|0|0|0|0|1|0|0|0|0
GA	Calsqu	LTR	ERV1	DR0012857	MCFN01001825.1:373-548-	MCFN01025066.1:0-269-	7	12	0	46,47,56,64,65,72,73	46,47,56,64,65,72,73	1	1,2,3,4,5,6,7	28	28	176	7|1|0|0|0|0|1|1|1|0|0|1
GA	Calsqu	LTR	ERV1	DR0012857	MCFN01001825.1:373-548-	MCFN01003121.1:1335-1521-	11	15	0	46,47,56,64,65,72,73	46,47,56,64,65,72,73	1	1,2,3,4,5,6,7	28	28	175	11|1|0|0|0|1|0|1|0|0|0|1
GA	Calsqu	LTR	ERV1	DR0012857	MCFN01001825.1:373-548-	MCFN01033694.1:824-1014+	10	16	0	46,47,56,64,65,72,73	45,46,55,63,64,71,72	1	1,2,3,4,5,6,7	28	28	172	10|2|0|0|0|0|3|1|0|0|0|0
GA	Calsqu	LTR	ERV1	DR0012857	MCFN01001825.1:373-548-	MCFN01020101.1:1058-1464+	9	17	0	46,47,56,64,65,72,73	47,48,57,65,66,73,74	1	2,3,4,5,6,7,8	28	28	173	9|3|0|1|0|0|2|2|0|0|0|0
GA	Calsqu	LTR	ERV1	DR0012902	MCFN01003492.1:2934-6603+	MCFN01031436.1:0-1066+	12	34	0	117,140,151,191,220	101,124,135,175,204	1	2,3,4,5,6	104	104	824	12|3|0|1|3|0|4|2|2|2|4|1
GA	Calsqu	LTR	ERV1	DR0012851	MCFN01002517.1:0-2192+	MCFN01011298.1:0-2118+	25	157	0	1646,1655,1675,1697,1732	1315,1324,1343,1365,1400	1	16,17,18,19,20	86	86	1848	25|16|16|8|6|6|21|29|9|9|5|7
GA	Calsqu	LTR	ERV1	DR0012851	MCFN01002517.1:0-2192+	MCFN01011103.1:0-838+	10	42	0	1646,1655,1675,1697,1732	121,36,45,64,86	1	1,2,3,4,5	86	86	561	10|2|4|0|1|0|6|10|5|2|1|1
GA	Calsqu	LTR	ERV1	DR0012857	MCFN01001910.1:1-397+	MCFN01020101.1:1058-1464+	12	25	0	39,40,57,58,65,66	47,48,65,66,73,74	1	3,4,5,6,7,8	28	28	397	12|5|0|1|0|1|4|0|0|0|1|1
GA	Calsqu	LTR	ERV1	DR0012857	MCFN01001910.1:1-397+	MCFN01025066.1:0-269-	8	12	0	39,40,57,58,65,66,8	15,46,47,64,65,72,73	1	1,2,3,4,5,6,7	59	59	262	8|1|0|0|0|0|2|0|1|0|0|0
GA	Calsqu	LTR	ERV1	DR0012855	MCFN01001364.1:0-443+	MCFN01014955.1:1113-1827-	6	24	0	291,308,309,322,323	330,347,348,361,362	1	1,2,3,4,5	33	33	442	6|5|2|1|0|0|3|3|1|2|1|0
GA	Calsqu	LTR	ERV1	DR0012857	MCFN01001910.1:1-397+	MCFN01003121.1:1335-1521-	11	13	0	39,40,57,58,65,66,8	15,46,47,64,65,72,73	1	1,2,3,4,5,6,7	59	59	174	11|1|0|0|0|1|0|0|0|0|0|0
GA	Calsqu	LTR	ERV1	DR0012855	MCFN01001398.1:13192-13763-	MCFN01001615.1:2259-2840-	16	63	0	377,383,387,391,394	387,393,397,401,404	1	9,10,11,12,13	18	18	561	16|7|1|3|3|3|14|7|2|2|2|3
GA	Calsqu	LTR	ERV1	DR0012857	MCFN01002051.1:13777-14016+	MCFN01025066.1:0-269-	6	11	0	44,45,62,63,70,71	46,47,64,65,72,73	1	1,2,3,4,5,6	28	28	235	6|1|0|0|0|0|3|0|0|0|0|1
GA	Calsqu	LTR	ERV1	DR0012857	MCFN01002051.1:13777-14016+	MCFN01020101.1:1058-1464+	8	16	0	44,45,62,63,72	47,48,65,66,73	1	2,3,4,5,6	27	27	236	8|2|0|1|0|0|4|1|0|0|0|0
GA	Calsqu	LTR	ERV1	DR0012857	MCFN01002051.1:13777-14016+	MCFN01003121.1:1335-1521-	10	12	0	44,45,62,63,70,71	46,47,64,65,72,73	1	1,2,3,4,5,6	28	28	179	10|0|0|0|0|1|0|0|0|0|0|1
GA	Calsqu	LTR	ERV1	DR0012857	MCFN01002051.1:13777-14016+	MCFN01033694.1:824-1014+	9	15	0	44,45,62,63,70,71	45,46,63,64,71,72	1	1,2,3,4,5,6	28	28	191	9|1|0|0|0|0|2|1|1|0|0|1
GA	Calsqu	LTR	ERV1	DR0012857	MCFN01002121.1:13184-13499+	MCFN01020101.1:1058-1464+	13	24	0	45,46,55,63,64	47,48,57,65,66	1	3,4,5,6,7	20	20	317	13|4|0|1|0|0|2|1|2|0|0|1
GA	Calsqu	LTR	ERV1	DR0012857	MCFN01002121.1:13184-13499+	MCFN01025066.1:0-269-	9	17	0	45,46,55,63,64	46,47,56,64,65	1	2,3,4,5,6	20	20	261	9|2|0|0|0|0|2|0|3|0|0|1
GA	Calsqu	LTR	ERV1	DR0012857	MCFN01002121.1:13184-13499+	MCFN01003121.1:1335-1521-	12	18	0	45,46,55,63,64	46,47,56,64,65	1	2,3,4,5,6	20	20	178	12|2|0|0|0|1|0|0|2|0|0|1
GA	Calsqu	LTR	ERV1	DR0012902	MCFN01003652.1:6579-8413+	MCFN01011799.1:0-2341-	58	240	0	521,522,526,529,549	1239,1240,1244,1247,1267	1	22,23,24,25,26	29	29	1632	58|47|1|1|6|9|49|41|3|4|9|12
GA	Calsqu	LTR	ERV1	DR0012902	MCFN01003652.1:6579-8413+	MCFN01010461.1:0-3007-	58	240	0	521,522,526,529,549	1905,1906,1910,1913,1933	1	22,23,24,25,26	29	29	1632	58|47|1|1|6|9|49|42|3|4|9|11
GA	Calsqu	LTR	ERV1	DR0012902	MCFN01003652.1:6579-8413+	MCFN01014569.1:0-1866-	58	241	0	521,522,526,529,549	764,765,769,772,792	1	22,23,24,25,26	29	29	1632	58|48|1|1|6|9|49|41|3|4|9|12
GA	Calsqu	LTR	ERV1	DR0012902	MCFN01003932.1:5783-7304-	MCFN01009897.1:3296-3625-	10	48	0	363,364,365,366,368	81,82,83,84,86	1	4,5,6,7,8	6	6	323	10|6|2|1|4|2|5|11|2|2|1|2
GA	Calsqu	LTR	ERV1	DR0012857	MCFN01002260.1:0-250-	MCFN01025066.1:0-269-	8	14	0	103,104,121,122,63,71	15,46,47,64,65,7	1	1,2,3,4,5,6	59	59	191	8|1|0|0|0|0|3|1|1|0|0|0
GA	Calsqu	LTR	ERV1	DR0012857	MCFN01002260.1:0-250-	MCFN01003121.1:1335-1521-	11	15	0	103,104,121,122,63,71	15,46,47,64,65,7	1	1,2,3,4,5,6	59	59	179	11|1|0|0|0|1|1|1|0|0|0|0
GA	Calsqu	LTR	ERV1	DR0012879	MCFN01000181.1:308882-309444-	MCFN01000197.1:948750-949461-	12	50	0	179,209,210,211,233	276,310,311,312,334	1	3,4,5,6,7	59	59	552	12|10|3|1|0|3|11|5|1|1|1|2
GA	Calsqu	LTR	ERV1	DR0012857	MCFN01002390.1:11428-11813+	MCFN01020101.1:1058-1464+	10	22	0	49,58,66,67,74,75	48,57,65,66,73,74	1	2,3,4,5,6,7	27	27	375	10|4|0|1|0|0|4|2|0|1|0|0
GA	Calsqu	LTR	ERV1	DR0012857	MCFN01002390.1:11428-11813+	MCFN01007716.1:3863-4246-	8	30	0	58,66,67,74,75	56,64,65,72,73	1	2,3,4,5,6	18	18	378	8|5|1|2|3|0|6|1|2|1|1|0
GA	Calsqu	LTR	ERV1	DR0012857	MCFN01002390.1:11428-11813+	MCFN01025066.1:0-269-	7	14	0	49,58,66,67,74,75	47,56,64,65,72,73	1	1,2,3,4,5,6	27	27	269	7|1|0|0|0|0|4|1|0|0|0|1
GA	Calsqu	LTR	ERV1	DR0012857	MCFN01002390.1:11428-11813+	MCFN01003121.1:1335-1521-	10	14	0	49,58,66,67,74,75	47,56,64,65,72,73	1	1,2,3,4,5,6	27	27	180	10|0|0|0|0|1|2|0|0|0|0|1
GA	Calsqu	LTR	ERV1	DR0012857	MCFN01002493.1:11005-11381+	MCFN01020101.1:1058-1464+	12	27	0	44,45,54,62,63,70,71	47,48,57,65,66,73,74	1	3,4,5,6,7,8,9	28	28	374	12|7|1|1|0|0|4|2|0|0|0|0
GA	Calsqu	LTR	ERV1	DR0012857	MCFN01002493.1:11005-11381+	MCFN01007716.1:3863-4246-	12	39	0	54,62,63,70,71	56,64,65,72,73	1	5,6,7,8,9	18	18	374	12|9|1|2|3|0|6|2|2|1|1|0
GA	Calsqu	LTR	ERV1	DR0012857	MCFN01002493.1:11005-11381+	MCFN01025066.1:0-269-	10	17	0	16,44,45,5,54,62,63,70,71	18,46,47,56,64,65,7,72,73	1	1,2,3,4,5,6,7,8,9	67	67	263	10|1|0|0|0|0|3|1|1|0|1|0
GA	Calsqu	LTR	ERV1	DR0012857	MCFN01002493.1:11005-11381+	MCFN01033694.1:824-1014+	12	20	0	44,45,54,62,63,70,71	45,46,55,63,64,71,72	1	3,4,5,6,7,8,9	28	28	190	12|4|0|0|0|0|3|1|0|0|0|0
GA	Calsqu	LTR	ERV1	DR0012857	MCFN01002493.1:11005-11381+	MCFN01003121.1:1335-1521-	13	16	0	16,44,45,5,54,62,63,70,71	18,46,47,56,64,65,7,72,73	1	1,2,3,4,5,6,7,8,9	67	67	178	13|1|0|0|0|1|0|0|0|0|0|1
GA	Calsqu	LTR	ERV1	DR0012857	MCFN01002593.1:198-381-	MCFN01025066.1:0-269-	7	11	0	14,45,46,63,64,71,72	15,46,47,64,65,72,73	1	1,2,3,4,5,6,7	59	59	179	7|1|0|0|0|0|1|1|1|0|0|0
GA	Calsqu	LTR	ERV1	DR0012857	MCFN01002593.1:198-381-	MCFN01003121.1:1335-1521-	11	14	0	14,45,46,63,64,71,72	15,46,47,64,65,72,73	1	1,2,3,4,5,6,7	59	59	179	11|1|0|0|0|1|0|1|0|0|0|0
GA	Calsqu	LTR	ERV1	DR0012851	MCFN01006658.1:4314-4959+	MCFN01008159.1:0-781+	20	75	0	590,597,630,634,635	535,542,575,579,580	1	16,17,18,19,20	46	46	601	20|12|5|2|0|5|8|9|4|3|2|5
GA	Calsqu	LTR	ERV1	DR0012855	MCFN01001536.1:4188-4747-	MCFN01011096.1:667-1245+	18	64	0	23,25,31,35,55	23,25,31,35,55	1	1,2,3,4,5	33	33	541	18|13|2|3|2|1|11|5|4|1|2|2
GA	Calsqu	LTR	ERV1	DR0012855	MCFN01001536.1:4188-4747-	MCFN01002142.1:9725-10303+	22	69	0	460,471,482,483,485	467,478,489,490,492	1	18,19,20,21,22	26	26	542	22|14|0|4|1|1|11|7|4|1|2|2
GA	Calsqu	LTR	ERV1	DR0012902	MCFN01004651.1:0-1079-	MCFN01009261.1:1681-2696-	23	80	0	53,82,85,92,96	329,358,361,368,372	1	2,3,4,5,6	44	44	741	23|13|6|6|6|0|10|7|3|4|0|2
GA	Calsqu	LTR	ERV1	DR0012857	MCFN01002692.1:0-399-	MCFN01020101.1:1058-1464+	12	28	0	44,45,54,62,63	47,48,57,65,66	1	3,4,5,6,7	20	20	393	12|6|0|1|1|0|4|2|1|0|0|1
GA	Calsqu	LTR	ERV1	DR0012857	MCFN01002692.1:0-399-	MCFN01025066.1:0-269-	9	19	0	44,45,54,62,63	46,47,56,64,65	1	2,3,4,5,6	20	20	267	9|2|0|0|0|0|3|1|2|0|0|2
GA	Calsqu	LTR	ERV1	DR0012857	MCFN01002692.1:0-399-	MCFN01003121.1:1335-1521-	11	17	0	44,45,54,62,63	46,47,56,64,65	1	2,3,4,5,6	20	20	178	11|2|0|0|0|1|0|0|1|0|0|2
GA	Calsqu	LTR	ERV1	DR0012879	MCFN01000194.1:1246538-1247589+	MCFN01000715.1:123321-124369+	16	45	0	116,122,178,206,215	116,122,178,206,215	1	4,5,6,7,8	100	100	1049	16|8|0|0|2|1|6|5|0|2|1|4
GA	Calsqu	LTR	ERV1	DR0012879	MCFN01000194.1:1246538-1247589+	MCFN01000211.1:717672-718762+	15	58	0	116,122,134,137,53	116,122,134,137,53	1	2,3,4,5,6	85	85	1070	15|15|2|3|3|0|6|7|1|1|0|5
GA	Calsqu	LTR	ERV1	DR0012879	MCFN01000194.1:1246538-1247589+	MCFN01001218.1:1156-2248-	7	15	0	116,122,124,134,161,178	117,123,125,135,162,176	1	2,3,4,5,6,7	60	60	277	7|1|1|1|0|1|2|1|0|1|0|0
GA	Calsqu	LTR	ERV1	DR0012879	MCFN01000194.1:1246538-1247589+	MCFN01005062.1:2094-2897+	8	26	0	111,113,116,122,134	108,110,113,119,131	1	2,3,4,5,6	24	24	278	8|4|0|0|3|0|6|4|0|0|1|0
GA	Calsqu	LTR	ERV1	DR0012857	MCFN01002706.1:5387-5661+	MCFN01025066.1:0-269-	9	15	0	44,45,62,63,70,71	46,47,64,65,72,73	1	3,4,5,6,7,8	28	28	268	9|1|0|0|1|0|2|1|1|0|0|0
GA	Calsqu	LTR	ERV1	DR0012857	MCFN01002706.1:5387-5661+	MCFN01020101.1:1058-1464+	12	24	0	44,45,62,63,70,71	47,48,65,66,73,74	1	4,5,6,7,8,9	28	28	272	12|4|0|1|1|1|2|1|0|1|0|1
GA	Calsqu	LTR	ERV1	DR0012879	MCFN01000194.1:1246538-1247589+	MCFN01001475.1:19363-19957-	13	41	0	583,585,593,594,595	521,523,531,532,533	1	5,6,7,8,9	13	13	332	13|8|2|0|4|2|4|2|0|3|0|3
GA	Calsqu	LTR	ERV1	DR0012857	MCFN01002706.1:5387-5661+	MCFN01003121.1:1335-1521-	12	18	0	44,45,62,63,70,71	46,47,64,65,72,73	1	3,4,5,6,7,8	28	28	184	12|3|0|0|1|1|0|0|0|1|0|0
GA	Calsqu	LTR	ERV1	DR0012855	MCFN01001588.1:12030-12514-	MCFN01001615.1:2259-2840-	14	54	0	290,296,300,304,307	387,393,397,401,404	1	7,8,9,10,11	18	18	456	14|9|1|2|3|3|11|5|1|1|2|2
GA	Calsqu	LTR	ERV1	DR0012857	MCFN01002844.1:7839-10268-	MCFN01020101.1:1058-1464+	12	28	0	2047,2048,2057,2065,2066,2073,2074	47,48,57,65,66,73,74	1	2,3,4,5,6,7,8	28	28	416	12|4|0|1|1|0|6|3|0|0|0|1
GA	Calsqu	LTR	ERV1	DR0012857	MCFN01002844.1:7839-10268-	MCFN01007716.1:3863-4246-	10	37	0	2057,2065,2066,2073,2074	56,64,65,72,73	1	3,4,5,6,7	18	18	391	10|6|1|2|3|1|7|2|2|1|1|1
GA	Calsqu	LTR	ERV1	DR0012857	MCFN01002844.1:7839-10268-	MCFN01025066.1:0-269-	8	17	0	2047,2048,2057,2065,2066,2073,2074	46,47,56,64,65,72,73	1	1,2,3,4,5,6,7	28	28	266	8|1|0|0|0|0|4|2|0|0|0|2
GA	Calsqu	LTR	ERV1	DR0012857	MCFN01002844.1:7839-10268-	MCFN01003121.1:1335-1521-	10	14	0	2047,2048,2057,2065,2066,2073,2074	46,47,56,64,65,72,73	1	1,2,3,4,5,6,7	28	28	181	10|0|0|0|0|1|1|0|0|0|0|2
GA	Calsqu	LTR	ERV1	DR0012857	MCFN01002844.1:7839-10268-	MCFN01033694.1:824-1014+	10	19	0	2047,2048,2057,2065,2066,2073,2074	45,46,55,63,64,71,72	1	1,2,3,4,5,6,7	28	28	190	10|2|0|0|0|0|5|1|0|0|0|1
GA	Calsqu	LTR	ERV1	DR0012902	MCFN01005586.1:5011-5960-	MCFN01033899.1:399-1009-	14	53	0	695,697,711,720,737,743	278,280,294,303,320,326	1	6,7,8,9,10,11	49	49	536	14|11|2|6|9|1|2|5|1|1|0|1
GA	Calsqu	LTR	ERV1	DR0012902	MCFN01005593.1:4415-5149-	MCFN01022943.1:0-1024+	14	72	0	588,590,603,615,632	880,882,893,905,922	1	9,10,11,12,13	43	43	734	14|7|2|2|4|4|8|17|5|2|2|5
GA	Calsqu	LTR	ERV1	DR0012857	MCFN01002870.1:3181-3369-	MCFN01025066.1:0-269-	6	12	0	45,46,63,64,71,72	46,47,64,65,72,73	1	1,2,3,4,5,6	28	28	184	6|0|0|1|0|0|1|0|1|2|0|1
GA	Calsqu	LTR	ERV1	DR0012857	MCFN01002870.1:3181-3369-	MCFN01003121.1:1335-1521-	7	9	0	45,46,63,64,71,72	46,47,64,65,72,73	1	1,2,3,4,5,6	28	28	153	7|0|0|1|0|0|0|0|0|0|0|1
GA	Calsqu	LTR	ERV1	DR0012857	MCFN01002870.1:3181-3369-	MCFN01033694.1:824-1014+	8	18	0	45,46,63,64,71,72	45,46,63,64,71,72	1	2,3,4,5,6,7	28	28	188	8|2|0|1|0|1|3|2|0|1|0|0
GA	Calsqu	LTR	ERV1	DR0012857	MCFN01002870.1:3181-3369-	MCFN01020101.1:1058-1464+	8	16	0	45,46,63,64,71,72	47,48,65,66,73,74	1	2,3,4,5,6,7	28	28	184	8|2|0|2|0|0|2|0|0|2|0|0
GA	Calsqu	LTR	ERV1	DR0012857	MCFN01003121.1:0-276-	MCFN01025066.1:0-269-	9	17	0	44,45,62,63,70,71	46,47,64,65,72,73	1	3,4,5,6,7,8	28	28	268	9|1|0|0|0|1|3|1|2|0|0|0
GA	Calsqu	LTR	ERV1	DR0012857	MCFN01003121.1:0-276-	MCFN01020101.1:1058-1464+	12	23	0	44,45,62,63,70,71	47,48,65,66,73,74	1	4,5,6,7,8,9	28	28	274	12|4|0|1|0|1|3|1|1|0|0|0
GA	Calsqu	LTR	ERV1	DR0012857	MCFN01003121.1:0-276-	MCFN01003121.1:1335-1521-	11	14	0	44,45,62,63,70,71	46,47,64,65,72,73	1	3,4,5,6,7,8	28	28	179	11|1|0|0|0|1|0|0|1|0|0|0
GA	Calsqu	LTR	ERV1	DR0012902	MCFN01005768.1:3167-5719-	MCFN01011290.1:1355-1986-	21	88	0	1556,1564,1569,1570,1572	120,128,133,134,136	1	3,4,5,6,7	17	17	625	21|11|4|3|5|5|10|12|4|4|3|6
GA	Calsqu	LTR	ERV1	DR0012857	MCFN01003134.1:3762-4382-	MCFN01007072.1:0-304+	5	5	0	518,520,552,553,555	104,105,107,70,72	1	1,2,3,4,5	38	38	172	5|0|0|0|0|0|0|0|0|0|0|0
GA	Calsqu	LTR	ERV1	DR0012857	MCFN01003345.1:39-464-	MCFN01020101.1:1058-1464+	12	26	0	48,49,66,67,74,75	47,48,65,66,73,74	1	4,5,6,7,8,9	28	28	413	12|6|0|1|1|0|4|1|0|0|1|0
GA	Calsqu	LTR	ERV1	DR0012857	MCFN01003345.1:39-464-	MCFN01025066.1:0-269-	9	15	0	48,49,66,67,74,75	46,47,64,65,72,73	1	3,4,5,6,7,8	28	28	270	9|2|0|0|0|0|2|1|1|0|0|0
GA	Calsqu	LTR	ERV1	DR0012902	MCFN01005873.1:4835-5583-	MCFN01005993.1:4022-5465-	26	97	0	356,367,369,372,373	163,174,176,179,180	1	6,7,8,9,10	18	18	557	26|9|4|2|5|7|12|17|2|1|7|5
GA	Calsqu	LTR	ERV1	DR0012857	MCFN01003530.1:3332-3695-	MCFN01020101.1:1058-1464+	10	22	0	44,45,62,63,70,71	47,48,65,66,73,74	1	2,3,4,5,6,7	28	28	354	10|5|1|1|0|1|2|1|0|0|0|1
GA	Calsqu	LTR	ERV1	DR0012857	MCFN01003530.1:3332-3695-	MCFN01025066.1:0-269-	7	14	0	44,45,62,63,70,71	46,47,64,65,72,73	1	1,2,3,4,5,6	28	28	267	7|1|0|1|0|0|2|0|1|0|0|2
GA	Calsqu	LTR	ERV1	DR0012857	MCFN01003652.1:0-236-	MCFN01025066.1:0-269-	8	12	0	46,47,64,65,7,72,73	46,47,64,65,7,72,73	1	1,2,3,4,5,6,7	67	67	245	8|0|0|0|0|0|3|0|1|0|0|0
GA	Calsqu	LTR	ERV1	DR0012879	MCFN01000199.1:104910-105951-	MCFN01001218.1:1156-2248-	7	25	0	116,122,124,134,161	117,123,125,135,162	1	3,4,5,6,7	46	46	278	7|2|1|2|0|2|6|2|0|2|1|0
GA	Calsqu	LTR	ERV1	DR0012857	MCFN01003652.1:4249-4535-	MCFN01025066.1:0-269-	8	19	0	45,46,55,63,64,71,72	46,47,56,64,65,72,73	1	1,2,3,4,5,6,7	28	28	266	8|0|0|0|0|1|5|1|1|1|0|2
GA	Calsqu	LTR	ERV1	DR0012857	MCFN01003652.1:4249-4535-	MCFN01020101.1:1058-1464+	11	28	0	45,46,55,63,64,71,72	47,48,57,65,66,73,74	1	2,3,4,5,6,7,8	28	28	283	11|3|0|1|0|1|5|3|0|1|0|3
GA	Calsqu	LTR	ERV1	DR0012857	MCFN01003652.1:4249-4535-	MCFN01007716.1:3863-4246-	9	33	0	55,63,64,71,72	56,64,65,72,73	1	3,4,5,6,7	18	18	281	9|5|1|1|3|1|5|1|2|1|1|3
GA	Calsqu	LTR	ERV1	DR0012857	MCFN01003652.1:4249-4535-	MCFN01033694.1:824-1014+	9	18	0	45,46,55,63,64,71,72	45,46,55,63,64,71,72	1	1,2,3,4,5,6,7	28	28	190	9|2|0|0|0|1|4|1|0|0|0|1
GA	Calsqu	LTR	ERV1	DR0012855	MCFN01002157.1:5560-6128+	MCFN01002450.1:8091-8420-	6	18	0	329,357,359,429,431	119,121,191,193,91	1	1,2,3,4,5	103	103	329	6|3|0|0|1|0|3|1|3|0|0|1
GA	Calsqu	LTR	ERV1	DR0012902	MCFN01006042.1:1325-2232-	MCFN01009897.1:3296-3625-	11	32	0	704,707,708,709,710,712	78,81,82,83,84,86	1	4,5,6,7,8,9	9	9	281	11|4|2|0|2|2|0|5|1|2|1|2
GA	Calsqu	LTR	ERV1	DR0012857	MCFN01004115.1:1642-2039+	MCFN01020101.1:1058-1464+	12	27	0	45,46,63,64,71,72	47,48,65,66,73,74	1	3,4,5,6,7,8	28	28	396	12|5|1|1|0|0|5|2|0|0|0|1
GA	Calsqu	LTR	ERV1	DR0012857	MCFN01004115.1:1642-2039+	MCFN01025066.1:0-269-	8	16	0	45,46,6,63,64,71,72	46,47,64,65,7,72,73	1	1,2,3,4,5,6,7	67	67	267	8|0|0|0|0|1|4|0|1|0|0|2
GA	Calsqu	LTR	ERV1	DR0012857	MCFN01004115.1:1642-2039+	MCFN01033694.1:824-1014+	10	16	0	45,46,63,64,71,72	45,46,63,64,71,72	1	2,3,4,5,6,7	28	28	191	10|1|0|0|0|0|2|1|1|0|0|1
GA	Calsqu	LTR	ERV1	DR0012857	MCFN01004151.1:1531-2401-	MCFN01007072.1:0-304+	6	7	0	296,298,330,331,333	104,105,107,70,72	1	1,2,3,4,5	38	38	304	6|0|0|0|0|0|0|1|0|0|0|0
GA	Calsqu	LTR	ERV1	DR0012902	MCFN01006419.1:4038-4577-	MCFN01018442.1:0-516+	17	54	0	261,269,278,280,307	242,250,259,261,283	1	7,8,9,10,11	42	42	517	17|10|3|1|4|2|6|6|0|1|2|2
GA	Calsqu	LTR	ERV1	DR0012902	MCFN01006419.1:4038-4577-	MCFN01011033.1:658-2622+	18	75	0	261,265,272,278,280	241,245,252,258,260	1	8,9,10,11,12	20	20	513	18|11|5|2|4|6|10|8|2|4|1|4
GA	Calsqu	LTR	ERV1	DR0012902	MCFN01006419.1:4038-4577-	MCFN01007577.1:28-553+	16	77	0	261,265,272,278,280	252,256,263,269,271	1	6,7,8,9,10	20	20	516	16|11|5|3|4|7|11|8|2|4|1|5
GA	Calsqu	LTR	ERV1	DR0012857	MCFN01004325.1:7142-7364-	MCFN01025066.1:0-269-	9	15	0	15,46,47,64,65,7,72,73	15,46,47,64,65,7,72,73	1	1,2,3,4,5,6,7,8	67	67	221	9|0|0|0|0|0|2|1|2|0|0|1
GA	Calsqu	LTR	ERV1	DR0012857	MCFN01004325.1:7142-7364-	MCFN01020101.1:1058-1464+	11	19	0	46,47,64,65,72,73	47,48,65,66,73,74	1	4,5,6,7,8,9	28	28	219	11|2|0|1|0|0|2|2|1|0|0|0
GA	Calsqu	LTR	ERV1	DR0012857	MCFN01004343.1:6495-6647-	MCFN01025066.1:0-269-	7	11	0	46,47,64,65,7,72,73	46,47,64,65,7,72,73	1	1,2,3,4,5,6,7	67	67	153	7|1|0|1|0|0|1|0|0|0|0|1
GA	Calsqu	LTR	ERV1	DR0012857	MCFN01004380.1:2515-2775-	MCFN01025066.1:0-269-	8	16	0	44,45,54,62,63,70,71	46,47,56,64,65,72,73	1	1,2,3,4,5,6,7	28	28	259	8|1|0|0|0|0|3|3|0|0|0|1
GA	Calsqu	LTR	ERV1	DR0012857	MCFN01004380.1:2515-2775-	MCFN01020101.1:1058-1464+	10	22	0	44,45,54,62,63,72	47,48,57,65,66,73	1	2,3,4,5,6,7	27	27	258	10|3|0|1|0|0|4|4|0|0|0|0
GA	Calsqu	LTR	ERV1	DR0012857	MCFN01004380.1:2515-2775-	MCFN01033694.1:824-1014+	10	19	0	44,45,54,62,63,70,71	45,46,55,63,64,71,72	1	1,2,3,4,5,6,7	28	28	191	10|1|0|0|0|0|3|3|1|0|0|1
GA	Calsqu	LTR	ERV1	DR0012902	MCFN01007138.1:1-1890-	MCFN01011290.1:1355-1986-	22	89	0	1054,1062,1067,1068,1070	120,128,133,134,136	1	2,3,4,5,6	17	17	625	22|12|6|2|4|6|11|12|2|4|4|4
GA	Calsqu	LTR	ERV1	DR0012857	MCFN01004793.1:2988-3192-	MCFN01025066.1:0-269-	9	16	0	46,47,56,64,65,72,73,81	46,47,56,64,65,72,73,81	1	2,3,4,5,6,7,8,9	36	36	204	9|1|0|0|0|0|3|0|1|0|0|2
GA	Calsqu	LTR	ERV1	DR0012857	MCFN01004793.1:2988-3192-	MCFN01020101.1:1058-1464+	10	18	0	46,47,56,64,65,72,73,93	47,48,57,65,66,73,74,94	1	3,4,5,6,7,8,9,10	48	48	201	10|3|0|1|0|0|1|1|1|0|1|0
GA	Calsqu	LTR	ERV1	DR0012879	MCFN01000207.1:92604-93660+	MCFN01000984.1:164830-165891+	10	41	0	338,413,429,437,474	338,413,429,437,474	1	3,4,5,6,7	137	137	1058	10|12|1|2|0|2|3|5|4|1|0|1
GA	Calsqu	LTR	ERV1	DR0012857	MCFN01004793.1:5576-5811-	MCFN01025066.1:0-269-	8	15	0	54,62,63,70,71	56,64,65,72,73	1	4,5,6,7,8	18	18	234	8|1|0|0|0|0|4|0|1|0|0|1
GA	Calsqu	LTR	ERV1	DR0012857	MCFN01004793.1:5576-5811-	MCFN01020101.1:1058-1464+	11	20	0	54,62,63,70,71	57,65,66,73,74	1	5,6,7,8,9	18	18	234	11|3|0|1|0|0|4|1|0|0|0|0
GA	Calsqu	LTR	ERV1	DR0012902	MCFN01007218.1:0-539+	MCFN01013200.1:0-2045-	25	75	0	127,128,132,135,153	904,905,909,912,930	1	6,7,8,9,10	27	27	533	25|14|2|4|1|2|13|8|3|1|2|0
GA	Calsqu	LTR	ERV1	DR0012902	MCFN01007218.1:0-539+	MCFN01010205.1:4-3341-	25	75	0	127,128,132,135,153	904,905,909,912,930	1	6,7,8,9,10	27	27	533	25|15|2|4|1|2|12|8|3|1|2|0
GA	Calsqu	LTR	ERV1	DR0012879	MCFN01000207.1:92604-93660+	MCFN01001996.1:4547-5444+	10	35	0	437,493,550,562,566	284,340,397,409,413	1	3,4,5,6,7	130	130	718	10|9|2|0|3|1|4|0|4|1|0|1
GA	Calsqu	LTR	ERV1	DR0012902	MCFN01007218.1:0-539+	MCFN01010461.1:0-3007-	25	73	0	127,128,132,135,153,155	1905,1906,1910,1913,1931,1933	1	7,8,9,10,11,12	29	29	532	25|15|3|2|1|1|13|9|2|0|2|0
GA	Calsqu	LTR	ERV1	DR0012857	MCFN01005021.1:6106-6539+	MCFN01020101.1:1058-1464+	13	30	0	45,46,63,64,71,72	47,48,65,66,73,74	1	5,6,7,8,9,10	28	28	419	13|5|0|1|1|1|5|2|0|0|2|0
GA	Calsqu	LTR	ERV1	DR0012857	MCFN01005021.1:6106-6539+	MCFN01025066.1:0-269-	10	17	0	14,27,45,46,6,63,64,71,72	15,28,46,47,64,65,7,72,73	1	1,2,3,4,5,6,7,8,9	67	67	271	10|1|0|0|0|0|3|2|1|0|0|0
GA	Calsqu	LTR	ERV1	DR0012902	MCFN01007424.1:3289-4588-	MCFN01013200.1:0-2045-	53	175	0	311,312,316,319,337	904,905,909,912,930	1	15,16,17,18,19	27	27	1290	53|32|4|11|11|5|29|18|2|3|3|4
GA	Calsqu	LTR	ERV1	DR0012902	MCFN01007424.1:3289-4588-	MCFN01010205.1:4-3341-	53	175	0	311,312,316,319,337	904,905,909,912,930	1	15,16,17,18,19	27	27	1290	53|33|4|11|11|5|28|18|2|3|3|4
GA	Calsqu	LTR	ERV1	DR0012902	MCFN01007424.1:3289-4588-	MCFN01010461.1:0-3007-	54	190	0	311,312,316,319,337,339	1905,1906,1910,1913,1931,1933	1	14,15,16,17,18,19	29	29	1295	54|35|8|8|12|4|34|25|1|1|2|6
GA	Calsqu	LTR	ERV1	DR0012902	MCFN01007424.1:3289-4588-	MCFN01014569.1:0-1866-	54	191	0	311,312,316,319,337,339	764,765,769,772,790,792	1	14,15,16,17,18,19	29	29	1295	54|35|8|8|12|4|34|25|1|1|2|7
GA	Calsqu	LTR	ERV1	DR0012902	MCFN01007424.1:3289-4588-	MCFN01011799.1:0-2341-	54	191	0	311,312,316,319,337,339	1239,1240,1244,1247,1265,1267	1	14,15,16,17,18,19	29	29	1295	54|35|8|8|12|4|34|25|1|1|2|7
GA	Calsqu	LTR	ERV1	DR0012857	MCFN01005253.1:6202-6397+	MCFN01025066.1:0-269-	7	15	0	44,45,54,62,63	46,47,56,64,65	1	1,2,3,4,5	20	20	188	7|2|0|0|0|1|2|0|2|0|0|1
GA	Calsqu	LTR	ERV1	DR0012857	MCFN01005357.1:939-3743-	MCFN01007072.1:0-304+	6	8	0	2482,2484,2516,2517,2519,2641	104,105,107,243,70,72	1	1,2,3,4,5,6	174	174	297	6|0|0|0|1|0|1|0|0|0|0|0
GA	Calsqu	LTR	ERV1	DR0012855	MCFN01003325.1:3174-3956+	MCFN01014955.1:1113-1827-	13	60	0	394,413,414,419,428	328,347,348,353,362	1	5,6,7,8,9	35	35	706	13|10|3|1|0|1|12|10|0|3|4|3
GA	Calsqu	LTR	ERV1	DR0012902	MCFN01007502.1:0-1375-	MCFN01010461.1:0-3007-	54	216	0	1270,1271,1275,1278,1296,1298	1905,1906,1910,1913,1931,1933	1	48,49,50,51,52,53	29	29	1362	54|49|8|8|7|2|36|27|5|6|4|10
GA	Calsqu	LTR	ERV1	DR0012902	MCFN01007502.1:0-1375-	MCFN01011799.1:0-2341-	53	211	0	1270,1271,1275,1278,1296,1298	1239,1240,1244,1247,1265,1267	1	47,48,49,50,51,52	29	29	1339	53|50|8|8|7|1|34|24|5|6|4|11
GA	Calsqu	LTR	ERV1	DR0012902	MCFN01007502.1:0-1375-	MCFN01010205.1:4-3341-	31	138	0	1270,1271,1275,1278,1296	904,905,909,912,930	1	26,27,28,29,30	27	27	1019	31|33|8|8|5|1|20|13|3|4|5|7
GA	Calsqu	LTR	ERV1	DR0012902	MCFN01007502.1:0-1375-	MCFN01013200.1:0-2045-	31	139	0	1270,1271,1275,1278,1296	904,905,909,912,930	1	26,27,28,29,30	27	27	1019	31|33|8|8|5|1|21|13|3|4|5|7
GA	Calsqu	LTR	ERV1	DR0012902	MCFN01007502.1:0-1375-	MCFN01014569.1:0-1866-	35	140	0	1270,1271,1275,1278,1296,1298	764,765,769,772,790,792	1	29,30,31,32,33,34	29	29	871	35|31|6|4|5|1|26|16|3|2|3|8
GA	Calsqu	LTR	ERV1	DR0012857	MCFN01005384.1:5917-6265+	MCFN01020101.1:1058-1464+	12	27	0	44,45,62,63,70,71	47,48,65,66,73,74	1	3,4,5,6,7,8	28	28	348	12|5|1|1|0|1|3|1|0|1|1|1
GA	Calsqu	LTR	ERV1	DR0012857	MCFN01005384.1:5917-6265+	MCFN01025066.1:0-269-	8	15	0	44,45,5,62,63,70,71	46,47,64,65,7,72,73	1	1,2,3,4,5,6,7	67	67	267	8|1|2|0|0|0|3|0|1|0|0|0
GA	Calsqu	LTR	ERV1	DR0012857	MCFN01005478.1:5833-6135+	MCFN01025066.1:0-269-	7	13	0	46,47,56,64,65,74	46,47,56,64,65,72	1	1,2,3,4,5,6	27	27	268	7|0|0|0|0|0|3|1|1|0|0|1
GA	Calsqu	LTR	ERV1	DR0012857	MCFN01005478.1:5833-6135+	MCFN01020101.1:1058-1464+	10	21	0	46,47,56,64,65,74	47,48,57,65,66,73	1	2,3,4,5,6,7	27	27	293	10|4|0|1|0|0|3|2|0|0|0|1
GA	Calsqu	LTR	ERV1	DR0012857	MCFN01005478.1:5833-6135+	MCFN01033694.1:824-1014+	10	16	0	46,47,56,64,65,72,73	45,46,55,63,64,71,72	1	1,2,3,4,5,6,7	28	28	192	10|1|0|0|0|0|2|1|1|0|0|1
GA	Calsqu	LTR	ERV1	DR0012855	MCFN01003345.1:6848-7173+	MCFN01014955.1:1113-1827-	7	21	0	158,190,191,204,205	315,347,348,361,362	1	1,2,3,4,5	48	48	324	7|2|2|2|1|0|2|2|0|2|1|0
GA	Calsqu	LTR	ERV1	DR0012857	MCFN01005503.1:2842-3071-	MCFN01025066.1:0-269-	7	12	0	14,45,46,63,64,71,72	15,46,47,64,65,72,73	1	1,2,3,4,5,6,7	59	59	220	7|1|0|0|0|0|2|1|1|0|0|0
GA	Calsqu	LTR	ERV1	DR0012855	MCFN01003957.1:0-410+	MCFN01014955.1:1113-1827-	9	36	0	258,277,278,283,292	328,347,348,353,362	1	4,5,6,7,8	35	35	418	9|5|3|1|0|0|5|7|0|2|3|1
GA	Calsqu	LTR	ERV1	DR0012857	MCFN01005667.1:3214-3494-	MCFN01025066.1:0-269-	9	17	0	44,45,5,54,62,63,70,71	46,47,56,64,65,7,72,73	1	1,2,3,4,5,6,7,8	67	67	267	9|1|0|0|0|1|4|0|1|0|0|1
GA	Calsqu	LTR	ERV1	DR0012857	MCFN01005667.1:3214-3494-	MCFN01020101.1:1058-1464+	11	20	0	44,45,54,62,63,70,71	47,48,57,65,66,73,74	1	3,4,5,6,7,8,9	28	28	279	11|4|0|1|0|0|3|1|0|0|0|0
GA	Calsqu	LTR	ERV1	DR0012857	MCFN01005728.1:681-968-	MCFN01025066.1:0-269-	9	14	0	26,44,45,5,62,63,70,71	28,46,47,64,65,7,72,73	1	1,2,3,4,5,6,7,8	67	67	268	9|1|0|0|0|0|2|1|1|0|0|0
GA	Calsqu	LTR	ERV1	DR0012857	MCFN01005728.1:681-968-	MCFN01020101.1:1058-1464+	13	25	0	44,45,62,63,70,71	47,48,65,66,73,74	1	4,5,6,7,8,9	28	28	285	13|4|0|1|0|1|3|2|0|0|0|1
GA	Calsqu	LTR	ERV1	DR0012879	MCFN01000219.1:264834-265884+	MCFN01001475.1:19363-19957-	8	32	0	583,585,593,594,595	521,523,531,532,533	1	4,5,6,7,8	13	13	306	8|7|2|1|3|1|5|1|0|3|0|1
GA	Calsqu	LTR	ERV1	DR0012857	MCFN01006087.1:0-150-	MCFN01025066.1:0-269-	9	13	0	15,46,47,56,64,65,7,72,73	15,46,47,56,64,65,7,72,73	1	1,2,3,4,5,6,7,8,9	67	67	149	9|1|0|0|0|0|2|0|0|0|0|1
GA	Calsqu	LTR	ERV1	DR0012857	MCFN01006326.1:2881-3210-	MCFN01025066.1:0-269-	9	14	0	15,46,47,64,65,7,72,73	15,46,47,64,65,7,72,73	1	1,2,3,4,5,6,7,8	67	67	267	9|1|0|0|0|0|3|0|1|0|0|0
GA	Calsqu	LTR	ERV1	DR0012857	MCFN01006326.1:2881-3210-	MCFN01020101.1:1058-1464+	13	26	0	46,47,64,65,72,73	47,48,65,66,73,74	1	4,5,6,7,8,9	28	28	330	13|4|0|1|0|1|3|1|0|1|1|1
GA	Calsqu	LTR	ERV1	DR0012857	MCFN01006609.1:711-1859+	MCFN01007072.1:0-304+	6	9	0	548,550,582,583,585	104,105,107,70,72	1	1,2,3,4,5	38	38	304	6|0|0|0|1|0|1|0|1|0|0|0
GA	Calsqu	LTR	ERV1	DR0012902	MCFN01009983.1:2623-3604-	MCFN01013200.1:0-2045-	44	140	0	452,453,457,460,478	904,905,909,912,930	1	19,20,21,22,23	27	27	978	44|24|2|8|7|3|25|12|4|3|4|4
GA	Calsqu	LTR	ERV1	DR0012902	MCFN01009983.1:2623-3604-	MCFN01010205.1:4-3341-	44	140	0	452,453,457,460,478	904,905,909,912,930	1	19,20,21,22,23	27	27	978	44|25|2|8|7|3|24|12|4|3|4|4
GA	Calsqu	LTR	ERV1	DR0012902	MCFN01009983.1:2623-3604-	MCFN01010461.1:0-3007-	40	143	0	452,453,457,460,478,480	1905,1906,1910,1913,1931,1933	1	18,19,20,21,22,23	29	29	981	40|26|5|5|7|3|29|17|4|0|2|5
GA	Calsqu	LTR	ERV1	DR0012902	MCFN01009983.1:2623-3604-	MCFN01014569.1:0-1866-	41	144	0	452,453,457,460,478,480	764,765,769,772,790,792	1	19,20,21,22,23,24	29	29	981	41|27|5|5|6|3|27|16|5|0|3|6
GA	Calsqu	LTR	ERV1	DR0012902	MCFN01009983.1:2623-3604-	MCFN01011799.1:0-2341-	41	144	0	452,453,457,460,478,480	1239,1240,1244,1247,1265,1267	1	19,20,21,22,23,24	29	29	981	41|27|5|5|6|3|27|16|5|0|3|6
GA	Calsqu	LTR	ERV1	DR0012879	MCFN01000241.1:286190-286740+	MCFN01001475.1:19363-19957-	9	30	0	478,480,488,490,528	521,523,531,533,571	1	5,6,7,8,9	51	51	248	9|8|0|2|2|0|1|2|1|3|0|2
GA	Calsqu	LTR	ERV1	DR0012857	MCFN01007667.1:0-278-	MCFN01025066.1:0-269-	10	19	0	47,48,57,65,66,7,73,74	46,47,56,64,65,7,72,73	1	1,2,3,4,5,6,7,8	67	67	267	10|1|0|0|0|2|2|1|1|1|0|1
GA	Calsqu	LTR	ERV1	DR0012857	MCFN01007667.1:0-278-	MCFN01020101.1:1058-1464+	13	25	0	47,48,57,65,66,73,74	47,48,57,65,66,73,74	1	3,4,5,6,7,8,9	28	28	276	13|4|0|1|0|1|2|3|0|1|0|0
GA	Calsqu	LTR	ERV1	DR0012857	MCFN01008072.1:4199-4336+	MCFN01025066.1:0-269-	8	10	0	13,44,45,5,62,63,70,71	15,46,47,64,65,7,72,73	1	1,2,3,4,5,6,7,8	67	67	137	8|0|0|0|0|0|1|0|1|0|0|0
GA	Calsqu	LTR	ERV1	DR0012879	MCFN01000249.1:28306-28899+	MCFN01000984.1:87647-88730-	20	75	0	197,208,234,260,273	283,294,327,366,379	1	10,11,12,13,14	97	97	563	20|14|6|7|2|5|8|6|3|0|0|4
GA	Calsqu	LTR	ERV1	DR0012879	MCFN01000249.1:28306-28899+	MCFN01001193.1:40528-41135+	25	73	0	145,148,150,151,159,174	148,151,153,154,162,177	1	7,8,9,10,11,12	30	30	549	25|11|2|5|4|4|6|7|3|2|2|2
GA	Calsqu	LTR	ERV1	DR0012879	MCFN01000249.1:28306-28899+	MCFN01005062.1:2094-2897+	21	77	0	148,151,159,170,174	232,235,243,254,258	1	8,9,10,11,12	27	27	554	21|17|3|7|3|4|7|4|4|3|0|4
GA	Calsqu	LTR	ERV1	DR0012879	MCFN01000249.1:28306-28899+	MCFN01001475.1:19363-19957-	22	53	0	148,150,151,153,159,170,174	136,138,139,141,147,158,162	1	2,3,4,5,6,7,8	27	27	475	22|10|2|6|3|3|2|2|1|1|0|1
GA	Calsqu	LTR	ERV1	DR0012879	MCFN01000249.1:28306-28899+	MCFN01002190.1:6924-7837-	19	92	0	150,151,159,170,174	102,113,117,93,94	1	7,8,9,10,11	25	25	534	19|14|7|10|1|8|16|7|5|1|2|2
GA	Calsqu	LTR	ERV1	DR0012879	MCFN01000249.1:28306-28899+	MCFN01000881.1:205890-206980-	22	77	0	151,153,156,159,170,174	238,240,243,246,257,261	1	8,9,10,11,12,13	24	24	554	22|15|3|6|1|4|9|8|2|1|2|4
GA	Calsqu	LTR	ERV1	DR0012879	MCFN01000249.1:28306-28899+	MCFN01000654.1:422082-422489-	12	25	0	148,150,151,159,170,174	136,138,139,147,158,162	1	1,2,3,4,5,6	27	27	249	12|5|1|2|0|1|0|1|1|0|1|1
GA	Calsqu	LTR	ERV1	DR0012857	MCFN01008199.1:543-799+	MCFN01025066.1:0-269-	10	18	0	42,44,45,5,54	44,46,47,56,7	1	1,2,3,4,5	50	50	256	10|0|0|0|0|2|3|1|1|0|0|1
GA	Calsqu	LTR	ERV1	DR0012879	MCFN01000256.1:678813-679869+	MCFN01001218.1:1156-2248-	6	15	0	116,122,124,157,174	117,123,125,162,176	1	2,3,4,5,6	60	60	275	6|1|1|1|0|2|3|0|0|1|0|0
GA	Calsqu	LTR	ERV1	DR0012902	MCFN01011029.1:351-2623-	MCFN01011290.1:1355-1986-	21	82	0	375,383,388,389,391	120,128,133,134,136	1	3,4,5,6,7	17	17	620	21|11|4|3|5|5|10|9|3|3|3|5
GA	Calsqu	LTR	ERV1	DR0012857	MCFN01008738.1:0-345-	MCFN01020101.1:1058-1464+	9	23	0	13,14,31,32,39,40	47,48,65,66,73,74	1	1,2,3,4,5,6	28	28	343	9|3|0|1|0|0|5|4|0|0|0|1
GA	Calsqu	LTR	ERV1	DR0012857	MCFN01008738.1:0-345-	MCFN01025066.1:0-269-	7	18	0	13,14,31,32,39,40	46,47,64,65,72,73	1	1,2,3,4,5,6	28	28	236	7|0|0|1|0|0|3|5|1|0|0|1
GA	Calsqu	LTR	ERV1	DR0012879	MCFN01000256.1:678813-679869+	MCFN01005062.1:2094-2897+	7	24	0	111,113,116,122,192	108,110,113,119,193	1	2,3,4,5,6	86	86	276	7|4|0|0|3|0|7|3|0|0|0|0
GA	Calsqu	LTR	ERV1	DR0012879	MCFN01000256.1:678813-679869+	MCFN01001475.1:19363-19957-	13	43	0	579,581,589,590,591	521,523,531,532,533	1	5,6,7,8,9	13	13	332	13|8|2|0|5|2|4|4|0|2|1|2
GA	Calsqu	LTR	ERV1	DR0012857	MCFN01009393.1:1417-1814-	MCFN01020101.1:1058-1464+	13	30	0	44,45,62,63,70,71,76	47,48,65,66,73,74,79	1	4,5,6,7,8,9,10	33	33	392	13|5|0|1|1|2|4|2|0|1|1|0
GA	Calsqu	LTR	ERV1	DR0012857	MCFN01009393.1:1417-1814-	MCFN01025066.1:0-269-	10	16	0	13,44,45,5,62,63,70,71,76	15,46,47,64,65,7,72,73,78	1	1,2,3,4,5,6,7,8,9	72	72	267	10|2|0|0|0|2|2|0|0|0|0|0
GA	Calsqu	LTR	ERV1	DR0012857	MCFN01009544.1:0-250-	MCFN01025066.1:0-269-	9	17	0	44,45,54,62,63,70,71	46,47,56,64,65,72,73	1	2,3,4,5,6,7,8	28	28	249	9|1|0|0|0|0|4|1|1|1|0|0
GA	Calsqu	LTR	ERV1	DR0012857	MCFN01009544.1:0-250-	MCFN01020101.1:1058-1464+	11	22	0	44,45,54,62,63,70,71	47,48,57,65,66,73,74	1	2,3,4,5,6,7,8	28	28	246	11|3|0|1|0|1|3|2|0|1|0|0
GA	Calsqu	LTR	ERV1	DR0012902	MCFN01011351.1:1815-2370-	MCFN01018442.1:0-516+	11	46	0	276,278,293,295,323	242,244,259,261,284	1	4,5,6,7,8	43	43	520	11|7|1|1|2|3|9|8|1|0|2|1
GA	Calsqu	LTR	ERV1	DR0012857	MCFN01009831.1:3406-3691-	MCFN01025066.1:0-269-	7	16	0	31,32,49,50,57,58	46,47,64,65,72,73	1	1,2,3,4,5,6	28	28	254	7|1|1|0|0|0|5|0|1|0|0|1
GA	Calsqu	LTR	ERV1	DR0012857	MCFN01009831.1:3406-3691-	MCFN01020101.1:1058-1464+	10	23	0	31,32,49,50,57,58	47,48,65,66,73,74	1	2,3,4,5,6,7	28	28	280	10|4|1|1|0|1|5|0|0|0|0|1
GA	Calsqu	LTR	ERV1	DR0012857	MCFN01010601.1:0-167-	MCFN01025066.1:0-269-	8	12	0	13,44,45,5,62,63,70,71	15,46,47,64,65,7,72,73	1	1,2,3,4,5,6,7,8	67	67	164	8|1|0|0|0|0|1|1|1|0|0|0
GA	Calsqu	LTR	ERV1	DR0012855	MCFN01011520.1:2060-2433-	MCFN01014955.1:1113-1827-	7	19	0	240,241,246,254,255	347,348,353,361,362	1	2,3,4,5,6	16	16	373	7|4|2|2|0|0|0|1|0|2|1|0
GA	Calsqu	LTR	ERV1	DR0012879	MCFN01000256.1:940190-940939+	MCFN01001475.1:19363-19957-	14	45	0	275,277,285,286,287	521,523,531,532,533	1	6,7,8,9,10	13	13	331	14|10|2|0|4|3|4|4|0|2|0|2
GA	Calsqu	LTR	ERV1	DR0012857	MCFN01011283.1:0-309+	MCFN01020101.1:1058-1464+	10	24	0	12,13,30,31,38,39	47,48,65,66,73,74	1	1,2,3,4,5,6	28	28	309	10|4|0|0|0|2|4|1|1|0|1|1
GA	Calsqu	LTR	ERV1	DR0012857	MCFN01011283.1:0-309+	MCFN01025066.1:0-269-	7	12	0	12,13,30,31,38,39	46,47,64,65,72,73	1	1,2,3,4,5,6	28	28	236	7|1|0|0|0|0|2|1|1|0|0|0
GA	Calsqu	LTR	ERV1	DR0012902	MCFN01011841.1:0-1808-	MCFN01013200.1:0-2045-	57	214	0	1357,1367,1379,1387,1389	1319,1329,1341,1349,1351	1	38,39,40,41,42	33	33	1540	57|38|6|9|5|7|39|22|5|6|14|6
GA	Calsqu	LTR	ERV1	DR0012902	MCFN01011841.1:1818-2329-	MCFN01017446.1:0-517+	9	16	0	280,287,289,304,316	286,293,295,310,322	1	5,6,7,8,9	37	37	514	9|0|0|0|0|1|0|5|0|1|0|0
GA	Calsqu	LTR	ERV1	DR0012902	MCFN01011841.1:1818-2329-	MCFN01022391.1:381-1371-	9	17	0	280,287,289,304,316	759,766,768,783,795	1	5,6,7,8,9	37	37	514	9|0|0|0|0|1|0|6|0|1|0|0
GA	Calsqu	LTR	ERV1	DR0012857	MCFN01011972.1:188-577+	MCFN01020101.1:1058-1464+	11	24	0	46,47,64,65,72,73	47,48,65,66,73,74	1	3,4,5,6,7,8	28	28	372	11|5|1|1|1|0|4|1|0|0|0|0
GA	Calsqu	LTR	ERV1	DR0012857	MCFN01011972.1:188-577+	MCFN01025066.1:0-269-	8	17	0	46,47,64,65,72,73	46,47,64,65,72,73	1	2,3,4,5,6,7	28	28	269	8|2|1|0|0|0|4|0|1|0|0|1
GA	Calsqu	LTR	ERV1	DR0012857	MCFN01013124.1:1809-2056+	MCFN01025066.1:0-269-	8	13	0	13,44,45,62,63,70,71	15,46,47,64,65,72,73	1	1,2,3,4,5,6,7	59	59	245	8|1|0|0|0|0|2|1|1|0|0|0
GA	Calsqu	LTR	ERV1	DR0012857	MCFN01013124.1:1809-2056+	MCFN01020101.1:1058-1464+	11	19	0	44,45,62,63,70,71	47,48,65,66,73,74	1	3,4,5,6,7,8	28	28	245	11|3|0|1|0|1|2|1|0|0|0|0
GA	Calsqu	LTR	ERV1	DR0012879	MCFN01000274.1:514514-515538-	MCFN01001218.1:1156-2248-	7	26	0	116,124,134,149,161,178	117,125,135,150,162,176	1	2,3,4,5,6,7	60	60	278	7|1|1|1|1|3|5|5|0|1|0|1
GA	Calsqu	LTR	ERV1	DR0012902	MCFN01012485.1:515-2174-	MCFN01014569.1:0-1866-	54	218	0	878,879,883,886,906	764,765,769,772,792	1	29,30,31,32,33	29	29	1436	54|40|3|5|3|11|42|35|6|4|6|9
GA	Calsqu	LTR	ERV1	DR0012902	MCFN01012621.1:1477-2148-	MCFN01033899.1:399-1009-	17	60	0	268,269,271,285,294	277,278,280,294,303	1	6,7,8,9,10	27	27	589	17|12|2|6|8|1|4|5|2|2|0|1
GA	Calsqu	LTR	ERV1	DR0012857	MCFN01015882.1:0-350-	MCFN01020101.1:1058-1464+	12	26	0	45,46,55,63,64,71,72	47,48,57,65,66,73,74	1	2,3,4,5,6,7,8	28	28	353	12|3|0|2|1|0|4|3|0|0|0|1
GA	Calsqu	LTR	ERV1	DR0012857	MCFN01015882.1:0-350-	MCFN01025066.1:0-269-	8	18	0	45,46,55,63,64,71,72	46,47,56,64,65,72,73	1	1,2,3,4,5,6,7	28	28	266	8|1|0|1|1|0|3|3|0|0|0|1
GA	Calsqu	LTR	ERV1	DR0012857	MCFN01015952.1:0-380-	MCFN01020101.1:1058-1464+	14	28	0	45,46,55,63,64,71,72	47,48,57,65,66,73,74	1	2,3,4,5,6,7,8	28	28	379	14|5|0|1|0|1|4|2|0|0|1|0
GA	Calsqu	LTR	ERV1	DR0012857	MCFN01015952.1:0-380-	MCFN01025066.1:0-269-	9	15	0	45,46,55,63,64,71,72	46,47,56,64,65,72,73	1	1,2,3,4,5,6,7	28	28	267	9|0|0|0|0|1|2|1|1|0|0|1
GA	Calsqu	LTR	ERV1	DR0012857	MCFN01015952.1:0-380-	MCFN01033694.1:824-1014+	10	16	0	45,46,55,63,64,71,72	45,46,55,63,64,71,72	1	1,2,3,4,5,6,7	28	28	191	10|1|0|0|0|0|2|1|1|0|0|1
GA	Calsqu	LTR	ERV1	DR0012879	MCFN01000298.1:848767-849800-	MCFN01000984.1:164830-165891+	16	70	0	384,395,411,456,463	402,413,429,474,481	1	7,8,9,10,11	80	80	1047	16|22|3|3|1|2|9|7|1|0|2|4
GA	Calsqu	LTR	ERV1	DR0012857	MCFN01017665.1:0-251-	MCFN01025066.1:0-269-	9	13	0	13,44,45,5,62,63,70,71	15,46,47,64,65,7,72,73	1	1,2,3,4,5,6,7,8	67	67	250	9|1|0|0|0|0|2|0|1|0|0|0
GA	Calsqu	LTR	ERV1	DR0012857	MCFN01017665.1:0-251-	MCFN01020101.1:1058-1464+	12	21	0	44,45,62,63,70,71	47,48,65,66,73,74	1	4,5,6,7,8,9	28	28	250	12|4|0|1|0|1|2|1|0|0|0|0
GA	Calsqu	LTR	ERV1	DR0012857	MCFN01018252.1:38-448-	MCFN01020101.1:1058-1464+	13	27	0	49,50,67,68,75,76	47,48,65,66,73,74	1	4,5,6,7,8,9	28	28	405	13|5|0|1|0|1|4|1|0|0|1|1
GA	Calsqu	LTR	ERV1	DR0012857	MCFN01018252.1:38-448-	MCFN01025066.1:0-269-	9	13	0	10,18,49,50,67,68,75,76	15,46,47,64,65,7,72,73	1	1,2,3,4,5,6,7,8	67	67	267	9|1|0|0|0|0|2|0|1|0|0|0
GA	Calsqu	LTR	ERV1	DR0012857	MCFN01018379.1:1382-1587+	MCFN01025066.1:0-269-	7	12	0	44,45,54,62,63,70,71	46,47,56,64,65,72,73	1	1,2,3,4,5,6,7	28	28	203	7|0|0|0|0|0|3|0|1|0|0|1
GA	Calsqu	LTR	ERV1	DR0012857	MCFN01018379.1:1382-1587+	MCFN01020101.1:1058-1464+	8	16	0	44,45,54,62,63,72	47,48,57,65,66,73	1	2,3,4,5,6,7	27	27	203	8|2|0|1|0|0|4|1|0|0|0|0
GA	Calsqu	LTR	ERV1	DR0012857	MCFN01018379.1:1382-1587+	MCFN01033694.1:824-1014+	9	15	0	44,45,54,62,63,70,71	45,46,55,63,64,71,72	1	1,2,3,4,5,6,7	28	28	192	9|2|0|0|0|0|2|1|0|1|0|0
GA	Calsqu	LTR	ERV1	DR0012857	MCFN01019693.1:1226-1505+	MCFN01025066.1:0-269-	9	14	0	13,44,45,5,62,63,70,71	15,46,47,64,65,7,72,73	1	1,2,3,4,5,6,7,8	67	67	267	9|1|0|0|0|1|2|0|1|0|0|0
GA	Calsqu	LTR	ERV1	DR0012857	MCFN01019693.1:1226-1505+	MCFN01020101.1:1058-1464+	12	22	0	44,45,62,63,70,71	47,48,65,66,73,74	1	4,5,6,7,8,9	28	28	278	12|4|0|1|0|1|1|1|0|1|0|1
GA	Calsqu	LTR	ERV1	DR0012879	MCFN01000362.1:565300-566342-	MCFN01001475.1:19363-19957-	13	39	0	572,574,582,583,584	521,523,531,532,533	1	5,6,7,8,9	13	13	332	13|6|2|1|4|2|3|2|0|2|0|4
GA	Calsqu	LTR	ERV1	DR0012879	MCFN01000378.1:690538-691578-	MCFN01000984.1:164830-165891+	11	40	0	323,338,413,429,474	323,338,413,429,474	1	4,5,6,7,8	152	152	1050	11|9|1|0|1|1|4|8|0|2|1|2
GA	Calsqu	LTR	ERV1	DR0012879	MCFN01000378.1:690538-691578-	MCFN01001218.1:1156-2248-	6	15	0	116,122,124,134,161,178	117,123,125,135,162,176	1	1,2,3,4,5,6	60	60	277	6|1|1|1|0|3|2|0|0|1|0|0
GA	Calsqu	LTR	ERV1	DR0012879	MCFN01000378.1:690538-691578-	MCFN01005062.1:2094-2897+	8	26	0	111,113,116,122,134	108,110,113,119,131	1	2,3,4,5,6	24	24	278	8|4|0|0|3|0|6|4|0|1|0|0
GA	Calsqu	LTR	ERV1	DR0012879	MCFN01000378.1:690538-691578-	MCFN01001047.1:114720-115321+	20	72	0	108,113,116,122,134	27,32,35,41,53	1	1,2,3,4,5	27	27	569	20|10|2|1|4|2|15|8|1|3|1|5
GA	Calsqu	LTR	ERV1	DR0012879	MCFN01000380.1:824081-825119+	MCFN01000715.1:254102-255170-	14	47	0	110,121,177,184,234	111,122,178,185,232	1	1,2,3,4,5	122	122	1052	14|7|2|3|1|2|8|5|1|1|1|2
GA	Calsqu	LTR	ERV1	DR0012879	MCFN01000380.1:824081-825119+	MCFN01001218.1:1156-2248-	7	17	0	115,121,123,133,160,177	117,123,125,135,162,176	1	2,3,4,5,6,7	60	60	276	7|1|1|1|0|2|2|1|0|2|0|0
GA	Calsqu	LTR	ERV1	DR0012879	MCFN01000380.1:824081-825119+	MCFN01001475.1:19363-19957-	13	40	0	582,584,592,593,594	521,523,531,532,533	1	5,6,7,8,9	13	13	332	13|7|2|0|5|2|4|2|0|3|0|2
GA	Calsqu	LTR	ERV1	DR0012879	MCFN01000391.1:733732-734351+	MCFN01000467.1:449673-450240-	12	50	0	303,322,326,368,369	321,342,346,388,389	1	8,9,10,11,12	69	69	544	12|12|0|2|5|1|5|9|1|0|1|2
GA	Calsqu	LTR	ERV1	DR0012879	MCFN01000391.1:733732-734351+	MCFN01000984.1:87647-88730-	16	63	0	322,326,361,368,369	431,435,471,478,479	1	10,11,12,13,14	49	49	568	16|16|2|2|3|3|12|5|1|0|1|2
GA	Calsqu	LTR	ERV1	DR0012879	MCFN01000391.1:733732-734351+	MCFN01005062.1:2094-2897+	19	75	0	303,322,326,368,369	407,428,432,475,476	1	13,14,15,16,17	70	70	573	19|20|0|1|3|5|14|7|1|1|1|3
GA	Calsqu	LTR	ERV1	DR0012879	MCFN01000424.1:649472-650523+	MCFN01001475.1:19363-19957-	15	48	0	579,581,589,590,591	521,523,531,532,533	1	7,8,9,10,11	13	13	381	15|9|2|1|5|4|4|3|0|3|0|2
GA	Calsqu	LTR	ERV1	DR0012879	MCFN01000432.1:583997-585055+	MCFN01001218.1:1156-2248-	6	17	0	116,124,134,161,178	117,125,135,162,176	1	2,3,4,5,6	60	60	277	6|1|1|1|0|2|2|2|1|1|0|0
GA	Calsqu	LTR	ERV1	DR0012879	MCFN01000432.1:583997-585055+	MCFN01001475.1:19363-19957-	14	48	0	582,584,592,593,594	521,523,531,532,533	1	6,7,8,9,10	13	13	381	14|9|2|0|6|4|6|2|1|2|0|2
GA	Calsqu	LTR	ERV1	DR0012902	MCFN01027163.1:1-1193-	MCFN01033899.1:399-1009-	14	54	0	936,938,952,961,978,984	278,280,294,303,320,326	1	7,8,9,10,11,12	49	49	538	14|12|2|6|8|1|3|5|1|1|0|1
GA	Calsqu	LTR	ERV1	DR0012902	MCFN01029482.1:0-1124+	MCFN01033899.1:399-1009-	17	65	0	651,653,667,676,693,699	278,280,294,303,320,326	1	7,8,9,10,11,12	49	49	614	17|15|3|7|8|3|4|4|2|1|0|1
GA	Calsqu	LTR	ERV1	DR0012902	MCFN01029977.1:0-1109+	MCFN01031436.1:0-1066+	8	19	0	663,687,698,734,750	101,124,135,171,187	1	2,3,4,5,6	87	87	546	8|2|1|0|1|0|3|1|0|1|1|1
GA	Calsqu	LTR	ERV1	DR0012879	MCFN01000525.1:226783-227865-	MCFN01001218.1:1156-2248-	9	28	0	114,120,122,132,146,159	117,123,125,135,149,162	1	3,4,5,6,7,8	46	46	265	9|4|2|1|0|2|6|1|0|1|1|1
GA	Calsqu	LTR	ERV1	DR0012879	MCFN01000532.1:345603-346657-	MCFN01001218.1:1156-2248-	7	18	0	116,122,124,134,161,178	117,123,125,135,162,176	1	2,3,4,5,6,7	60	60	277	7|2|1|1|0|2|2|1|0|1|1|0
GA	Calsqu	LTR	ERV1	DR0012879	MCFN01000532.1:345603-346657-	MCFN01005062.1:2094-2897+	8	25	0	111,113,116,122,134	108,110,113,119,131	1	2,3,4,5,6	24	24	278	8|3|0|0|3|0|6|4|0|0|1|0
GA	Calsqu	LTR	ERV1	DR0012879	MCFN01000532.1:345603-346657-	MCFN01001047.1:114720-115321+	20	76	0	108,113,116,122,134	27,32,35,41,53	1	1,2,3,4,5	27	27	580	20|10|2|1|4|2|14|13|1|3|1|5
GA	Calsqu	LTR	ERV1	DR0012879	MCFN01000536.1:438125-438609-	MCFN01001475.1:19363-19957-	26	65	0	226,232,255,257,288,289,32,40,42,43,45,51	128,136,138,139,141,147,335,341,364,366,397,398	2	1,2,3,4,5,6,12,13,14,15,16,17	84	271	483	26|14|3|4|4|2|5|3|1|1|0|2
GA	Calsqu	LTR	ERV1	DR0012879	MCFN01000536.1:438125-438609-	MCFN01000919.1:228854-229908+	9	44	0	226,232,255,288,290	394,400,423,456,458	1	3,4,5,6,7	65	65	332	9|10|2|2|2|4|7|4|1|0|1|2
GA	Calsqu	LTR	ERV1	DR0012879	MCFN01000536.1:438125-438609-	MCFN01001081.1:89242-90296+	10	50	0	226,232,242,255,288	397,403,413,426,459	1	3,4,5,6,7	63	63	374	10|10|3|4|3|5|6|4|1|1|1|2
GA	Calsqu	LTR	ERV1	DR0012879	MCFN01000536.1:438125-438609-	MCFN01000984.1:164830-165891+	12	47	0	226,232,242,255,258,288	397,403,413,426,429,459	1	4,5,6,7,8,9	63	63	332	12|9|2|2|2|4|6|6|1|0|1|2
GA	Calsqu	LTR	ERV1	DR0012879	MCFN01000536.1:438125-438609-	MCFN01001353.1:14732-15785-	10	50	0	226,232,234,255,288	393,399,401,422,455	1	3,4,5,6,7	63	63	375	10|8|2|7|4|4|5|5|2|0|1|2
GA	Calsqu	LTR	ERV1	DR0012879	MCFN01000536.1:438125-438609-	MCFN01000980.1:63575-64643+	9	43	0	226,232,242,255,288	410,416,426,439,472	1	3,4,5,6,7	63	63	321	9|9|2|2|2|4|6|5|1|0|1|2
GA	Calsqu	LTR	ERV1	DR0012879	MCFN01000536.1:438125-438609-	MCFN01001480.1:23224-24175-	11	52	0	226,232,242,255,288	397,403,413,426,459	1	3,4,5,6,7	63	63	374	11|9|3|4|3|5|6|6|1|1|0|3
GA	Calsqu	LTR	ERV1	DR0012879	MCFN01000536.1:438125-438609-	MCFN01000980.1:189548-190607-	9	52	0	226,232,242,255,288	397,403,413,426,459	1	3,4,5,6,7	63	63	373	9|11|3|4|2|5|6|5|2|1|1|3
GA	Calsqu	LTR	ERV1	DR0012879	MCFN01000536.1:438125-438609-	MCFN01000980.1:44517-45250-	11	36	0	226,232,242,255,257,288	129,135,145,158,160,191	1	5,6,7,8,9,10	63	63	273	11|10|2|1|0|2|5|3|0|0|1|1
GA	Calsqu	LTR	ERV1	DR0012879	MCFN01000673.1:106619-107198+	MCFN01001113.1:19108-20162+	8	53	0	175,209,210,235,272	269,281,282,307,333	1	2,3,4,5,6	65	65	549	8|9|3|5|4|1|6|6|3|2|4|2
GA	Calsqu	LTR	ERV1	DR0012879	MCFN01000673.1:106619-107198+	MCFN01000984.1:164830-165891+	10	52	0	175,210,235,272,273	273,286,311,337,338	1	1,2,3,4,5	66	66	550	10|8|3|6|2|2|7|5|2|1|3|3
GA	Calsqu	LTR	ERV1	DR0012879	MCFN01000715.1:123321-124369+	MCFN01010609.1:931-1970-	8	46	0	1007,1034,971,987,993	1025,962,978,984,998	1	4,5,6,7,8	64	64	1043	8|9|0|3|1|2|11|9|1|0|0|2
GA	Calsqu	LTR	ERV1	DR0012879	MCFN01000715.1:123321-124369+	MCFN01002190.1:6924-7837-	15	65	0	1007,1021,1034,971,987	836,852,872,886,899	1	11,12,13,14,15	64	64	908	15|9|1|3|3|1|11|14|3|1|1|3
GA	Calsqu	LTR	ERV1	DR0012879	MCFN01000715.1:254102-255170-	MCFN01001475.1:19363-19957-	15	51	0	572,574,582,583,584	521,523,531,532,533	1	7,8,9,10,11	13	13	378	15|7|1|1|4|3|7|4|0|6|1|2
GA	Calsqu	LTR	ERV1	DR0012879	MCFN01000717.1:7449-8013+	MCFN01001475.1:19363-19957-	18	65	0	179,195,198,208,253	180,192,195,205,270	1	4,5,6,7,8	91	91	578	18|13|1|5|6|3|7|4|2|4|0|2
GA	Calsqu	LTR	ERV1	DR0012879	MCFN01000717.1:7449-8013+	MCFN01001036.1:52654-53256+	18	79	0	146,177,195,198,208	150,181,199,202,212	1	4,5,6,7,8	63	63	582	18|18|2|8|7|4|5|9|3|2|0|3
GA	Calsqu	LTR	ERV1	DR0012879	MCFN01000717.1:7449-8013+	MCFN01013294.1:0-977-	16	70	0	191,195,198,208,213,244	290,294,297,307,312,363	1	6,7,8,9,10,11	74	74	589	16|16|1|8|4|2|7|6|5|2|0|3
GA	Calsqu	LTR	ERV1	DR0012879	MCFN01000738.1:50848-51883-	MCFN01001475.1:19363-19957-	16	49	0	567,569,577,578,579	521,523,531,532,533	1	8,9,10,11,12	13	13	381	16|10|1|1|4|3|5|4|2|1|0|2
GA	Calsqu	LTR	ERV1	DR0012879	MCFN01000738.1:52565-52800-	MCFN01005062.1:2094-2897+	7	22	0	111,113,116,122,134	108,110,113,119,131	1	2,3,4,5,6	24	24	231	7|4|0|0|2|0|6|3|0|0|0|0
GA	Calsqu	LTR	ERV1	DR0012879	MCFN01000766.1:231796-232848+	MCFN01001475.1:19363-19957-	8	30	0	583,585,593,594,595	521,523,531,532,533	1	4,5,6,7,8	13	13	305	8|6|2|1|3|1|4|1|0|3|0|1
GA	Calsqu	LTR	ERV1	DR0012879	MCFN01000775.1:330210-331229+	MCFN01000984.1:164830-165891+	12	51	0	307,332,382,398,443	338,363,413,429,474	1	4,5,6,7,8	137	137	1019	12|11|1|1|2|1|7|13|0|0|1|2
GA	Calsqu	LTR	ERV1	DR0012879	MCFN01000775.1:330210-331229+	MCFN01001475.1:19363-19957-	14	43	0	552,554,562,563,564	521,523,531,532,533	1	6,7,8,9,10	13	13	332	14|9|2|0|3|2|4|5|0|2|0|2
GA	Calsqu	LTR	ERV1	DR0012879	MCFN01000790.1:179350-179577-	MCFN01001218.1:1156-2248-	7	16	0	116,122,124,134,161,178	117,123,125,135,162,176	1	2,3,4,5,6,7	60	60	225	7|1|1|0|0|1|2|2|1|1|0|0
GA	Calsqu	LTR	ERV1	DR0012879	MCFN01000790.1:179350-179577-	MCFN01005062.1:2094-2897+	7	25	0	111,113,116,122,134	108,110,113,119,131	1	2,3,4,5,6	24	24	224	7|4|0|0|2|0|6|5|1|0|0|0
GA	Calsqu	LTR	ERV1	DR0012879	MCFN01000881.1:49553-50518-	MCFN01001353.1:14732-15785-	18	74	0	115,121,123,141,145	112,118,120,138,142	1	3,4,5,6,7	31	31	797	18|17|3|4|9|3|4|8|1|3|2|2
GA	Calsqu	LTR	ERV1	DR0012879	MCFN01000881.1:49553-50518-	MCFN01001218.1:1156-2248-	9	25	0	115,121,123,133,141,145,160	117,123,125,135,143,147,162	1	2,3,4,5,6,7,8	46	46	277	9|5|2|1|5|1|1|1|0|0|0|0
GA	Calsqu	LTR	ERV1	DR0012879	MCFN01000881.1:49553-50518-	MCFN01005062.1:2094-2897+	10	35	0	110,112,115,121,133	108,110,113,119,131	1	2,3,4,5,6	24	24	279	10|9|1|0|6|0|4|4|1|0|0|0
GA	Calsqu	LTR	ERV1	DR0012879	MCFN01000881.1:49553-50518-	MCFN01001047.1:114720-115321+	21	86	0	107,112,115,121,133,141,149,160	27,32,35,41,53,61,69,80	1	1,2,3,4,5,6,7,8	54	54	581	21|16|3|4|7|4|8|14|2|4|1|2
GA	Calsqu	LTR	ERV1	DR0012879	MCFN01000881.1:74257-75354-	MCFN01001218.1:1156-2248-	24	99	0	122,124,134,161,178	123,125,135,162,176	1	4,5,6,7,8	54	54	1094	24|16|3|7|7|7|13|12|3|3|3|1
GA	Calsqu	LTR	ERV1	DR0012879	MCFN01000881.1:74257-75354-	MCFN01000884.1:70807-71824-	8	25	0	185,206,218,227,237	185,206,218,227,237	1	4,5,6,7,8	53	53	267	8|6|0|0|1|1|4|4|0|0|1|0
GA	Calsqu	LTR	ERV1	DR0012879	MCFN01000881.1:205890-206980-	MCFN01001218.1:1156-2248-	22	94	0	122,124,134,161,178	123,125,135,162,176	1	4,5,6,7,8	54	54	1086	22|16|2|7|10|4|13|12|3|3|1|1
GA	Calsqu	LTR	ERV1	DR0012879	MCFN01000919.1:228854-229908+	MCFN01001218.1:1156-2248-	7	15	0	116,122,124,131,158,175	117,123,125,135,162,176	1	2,3,4,5,6,7	60	60	275	7|1|1|1|0|2|2|0|0|1|0|0
GA	Calsqu	LTR	ERV1	DR0012879	MCFN01000919.1:228854-229908+	MCFN01001047.1:114720-115321+	20	72	0	108,113,116,122,131	27,32,35,41,53	1	1,2,3,4,5	27	27	578	20|9|2|1|4|2|13|11|1|2|2|5
GA	Calsqu	LTR	ERV1	DR0012879	MCFN01000919.1:228854-229908+	MCFN01001475.1:19363-19957-	13	38	0	580,582,590,591,592	521,523,531,532,533	1	5,6,7,8,9	13	13	332	13|6|2|0|4|2|5|2|0|2|0|2
GA	Calsqu	LTR	ERV1	DR0012879	MCFN01000980.1:63575-64643+	MCFN01001168.1:4890-5940-	14	55	0	113,122,215,235,286	113,122,215,235,286	1	3,4,5,6,7	174	174	1059	14|12|1|2|2|3|6|5|2|0|0|1
GA	Calsqu	LTR	ERV1	DR0012879	MCFN01000980.1:63575-64643+	MCFN01002754.1:2901-3948-	13	58	0	116,122,215,235,65	116,122,211,233,65	1	1,2,3,4,5	169	169	1057	13|17|3|1|1|4|6|0|0|3|2|1
GA	Calsqu	LTR	ERV1	DR0012879	MCFN01000980.1:63575-64643+	MCFN01001218.1:1156-2248-	7	14	0	116,122,124,134,161,178	117,123,125,135,162,176	1	2,3,4,5,6,7	60	60	277	7|1|1|1|0|2|1|0|0|1|0|0
GA	Calsqu	LTR	ERV1	DR0012879	MCFN01000980.1:63575-64643+	MCFN01005062.1:2094-2897+	8	24	0	111,113,116,122,134	108,110,113,119,131	1	2,3,4,5,6	24	24	278	8|4|0|0|3|0|5|4|0|0|0|0
GA	Calsqu	LTR	ERV1	DR0012879	MCFN01000980.1:63575-64643+	MCFN01001475.1:19363-19957-	12	36	0	595,597,605,606,607	521,523,531,532,533	1	4,5,6,7,8	13	13	317	12|7|1|0|4|2|5|2|0|1|0|2
GA	Calsqu	LTR	ERV1	DR0012879	MCFN01000980.1:189548-190607-	MCFN01005062.1:2094-2897+	8	25	0	111,113,116,122,134	108,110,113,119,131	1	2,3,4,5,6	24	24	278	8|4|0|0|3|0|6|4|0|0|0|0
GA	Calsqu	LTR	ERV1	DR0012879	MCFN01000980.1:189548-190607-	MCFN01001475.1:19363-19957-	13	46	0	583,585,593,594,595	521,523,531,532,533	1	6,7,8,9,10	13	13	377	13|8|2|1|5|4|6|3|0|2|0|2
GA	Calsqu	LTR	ERV1	DR0012879	MCFN01000984.1:164830-165891+	MCFN01001475.1:19363-19957-	13	44	0	583,585,593,594,595	521,523,531,532,533	1	5,6,7,8,9	13	13	332	13|8|2|0|4|2|9|2|1|1|0|2
GA	Calsqu	LTR	ERV1	DR0012879	MCFN01001078.1:9626-9832+	MCFN01001218.1:1156-2248-	9	22	0	130,133,150,94,96	123,125,159,162,176	1	2,3,4,5,6	54	54	204	9|2|1|0|0|2|4|1|0|0|1|2
GA	Calsqu	LTR	ERV1	DR0012879	MCFN01001081.1:89242-90296+	MCFN01005062.1:2094-2897+	8	28	0	111,113,116,122,134	108,110,113,119,131	1	2,3,4,5,6	24	24	278	8|5|0|0|3|0|8|4|0|0|0|0
GA	Calsqu	LTR	ERV1	DR0012879	MCFN01001113.1:19108-20162+	MCFN01001218.1:1156-2248-	6	16	0	116,122,124,157,174	117,123,125,162,176	1	2,3,4,5,6	60	60	267	6|3|1|2|0|2|1|0|0|1|0|0
GA	Calsqu	LTR	ERV1	DR0012879	MCFN01001113.1:19108-20162+	MCFN01005062.1:2094-2897+	6	24	0	111,113,116,122,192	108,110,113,119,193	1	1,2,3,4,5	86	86	272	6|6|0|1|3|0|5|3|0|0|0|0
GA	Calsqu	LTR	ERV1	DR0012879	MCFN01001158.1:61435-62491+	MCFN01001218.1:1156-2248-	7	17	0	116,122,124,134,161,178	117,123,125,135,162,176	1	2,3,4,5,6,7	60	60	277	7|2|1|1|0|2|2|0|0|1|1|0
GA	Calsqu	LTR	ERV1	DR0012879	MCFN01001158.1:61435-62491+	MCFN01005062.1:2094-2897+	8	27	0	111,113,116,122,134	108,110,113,119,131	1	2,3,4,5,6	24	24	278	8|5|0|0|3|0|6|4|0|0|1|0
GA	Calsqu	LTR	ERV1	DR0012879	MCFN01001158.1:61435-62491+	MCFN01001475.1:19363-19957-	10	35	0	582,584,592,593,594	521,523,531,532,533	1	6,7,8,9,10	13	13	340	10|7|2|0|5|2|6|2|0|1|0|0
GA	Calsqu	LTR	ERV1	DR0012879	MCFN01001168.1:4890-5940-	MCFN01001218.1:1156-2248-	6	20	0	116,124,134,161,178	117,125,135,162,176	1	2,3,4,5,6	60	60	277	6|3|1|1|0|2|6|0|0|1|0|0
GA	Calsqu	LTR	ERV1	DR0012879	MCFN01001193.1:40528-41135+	MCFN01001218.1:1156-2248-	15	71	0	35,41,43,64,79	117,123,125,147,162	1	1,2,3,4,5	46	46	592	15|9|2|6|4|3|13|9|1|1|3|5
GA	Calsqu	LTR	ERV1	DR0012879	MCFN01001342.1:44365-45095-	MCFN01001475.1:19363-19957-	13	44	0	313,315,323,324,325	521,523,531,532,533	1	5,6,7,8,9	13	13	332	13|6|2|0|5|2|6|3|1|1|2|3
GA	Calsqu	LTR	ERV1	DR0012879	MCFN01001480.1:23224-24175-	MCFN01002754.1:2901-3948-	12	51	0	116,122,142,215,65	116,122,138,211,65	1	1,2,3,4,5	147	147	946	12|18|3|2|2|2|7|1|0|3|1|0
GA	Calsqu	LTR	ERV1	DR0012879	MCFN01001480.1:23224-24175-	MCFN01005062.1:2094-2897+	9	26	0	111,113,116,122,134	108,110,113,119,131	1	2,3,4,5,6	24	24	278	9|4|0|0|3|0|6|4|0|0|0|0
