family	Subfamily	chr	start	end	strand	percent_divergence	GA_edit_count
ERVL	DR0105305	KZ505635.1	79660	80420	C	27.1	0
ERVL	DR0105326	KZ505635.1	109045	109213	C	15.2	0
ERVL	DR0105370	KZ505635.1	109240	109408	C	11.2	0
ERVL	DR0105326	KZ505635.1	143711	143761	+	11.8	0
ERVL	DR0105370	KZ505635.1	296708	297135	+	25.6	0
ERVL	DR0105238	KZ505635.1	472102	472193	+	15.6	0
ERVL	DR0105278	KZ505635.1	487117	487608	C	15.5	0
ERVL	DR0105364	KZ505635.1	510865	511518	C	12.2	0
ERVL	DR0105326	KZ505635.1	675448	675536	+	21.4	0
ERVL	DR0105305	KZ505635.1	679353	679657	C	22.6	0
ERVL	DR0105338	KZ505635.1	711115	712136	+	13.6	0
ERV1	DR0105342	KZ505635.1	717744	718800	C	11.4	0
ERVL	DR0105230	KZ505635.1	731325	731976	C	15.8	0
ERVL	DR0105370	KZ505635.1	749922	750520	C	16.7	0
ERVL	DR0105370	KZ505635.1	768110	768691	C	16.0	0
ERVL	DR0105364	KZ505635.1	816814	817484	C	13.0	0
ERVL	DR0105305	KZ505635.1	842042	842396	C	24.5	0
ERV1	DR0105342	KZ505635.1	859286	860321	+	19.7	0
ERVL	DR0105338	KZ505635.1	909439	910523	C	16.2	0
ERV4	DR0105376	KZ505635.1	972522	972728	C	18.1	0
ERVL	DR0105238	KZ505635.1	983840	984621	+	10.5	0
ERVL	DR0105338	KZ505635.1	1019543	1020093	C	20.4	0
ERVL	DR0105358	KZ505635.1	1102398	1103042	+	4.5	0
ERVL	DR0105230	KZ505635.1	1169817	1169883	C	16.4	0
ERVL	DR0105371	KZ505635.1	1469858	1470463	C	15.6	0
ERVL	DR0105358	KZ505635.1	1703693	1704191	C	5.4	0
ERVL	DR0105295	KZ505635.1	1813217	1813487	+	18.1	0
ERVL	DR0105338	KZ505635.1	1828527	1829132	C	24.3	0
ERVL	DR0105371	KZ505635.1	1884650	1885171	C	16.1	0
ERVL	DR0105278	KZ505635.1	1986225	1986721	C	16.1	0
ERVL	DR0105305	KZ505635.1	2160098	2160146	+	12.2	0
ERVL	DR0105278	KZ505635.1	2209822	2210261	+	14.4	0
ERVL	DR0105358	KZ505635.1	2345357	2346003	+	5.0	0
ERVL	DR0105238	KZ505635.1	2363274	2363432	+	6.3	0
ERVL	DR0105238	KZ505635.1	2363939	2363990	+	15.7	0
ERVL	DR0105327	KZ505635.1	2423535	2423563	C	0.0	0
ERVL	DR0105370	KZ505635.1	2490550	2490833	+	13.5	0
ERVL	DR0105370	KZ505635.1	2490939	2491057	+	23.6	0
ERVL	DR0105371	KZ505635.1	2749498	2750064	+	13.0	0
ERVL	DR0105294	KZ505635.1	2916588	2917334	+	10.5	0
ERVL	DR0105371	KZ505635.1	3034127	3034703	+	15.0	0
ERVL	DR0105338	KZ505635.1	3073166	3073548	+	23.5	0
ERVL	DR0105238	KZ505635.1	3087516	3087568	+	3.8	0
ERVL	DR0105294	KZ505635.1	3129945	3130030	C	8.1	0
ERVL	DR0105358	KZ505635.1	3132216	3132856	C	12.0	0
ERVL	DR0105371	KZ505635.1	3297427	3297882	+	14.1	0
ERVL	DR0105315	KZ505635.1	3322505	3322977	+	23.2	0
ERVL	DR0105294	KZ505635.1	3333310	3334049	+	8.9	0
ERVL	DR0105261	KZ505635.1	3411628	3412009	+	10.7	0
ERVL	DR0105338	KZ505635.1	3412016	3412206	+	16.8	0
ERVL	DR0105338	KZ505635.1	3758720	3759773	+	15.2	0
ERVL	DR0105371	KZ505635.1	3779957	3780526	C	16.0	0
ERVL	DR0105341	KZ505635.1	3793530	3793661	+	10.8	0
ERVL	DR0105341	KZ505635.1	3793891	3793984	+	8.5	0
ERVL	DR0105315	KZ505635.1	3805934	3806500	+	22.9	0
ERVL	DR0105370	KZ505635.1	3907048	3907661	+	14.7	0
ERVL	DR0105238	KZ505635.1	3964531	3964646	C	4.3	0
ERVL	DR0105294	KZ505635.1	3978932	3979699	C	9.5	0
ERVL	DR0105238	KZ505635.1	3986123	3986864	+	11.6	0
ERVL	DR0105338	KZ505635.1	3997121	3998228	C	20.9	0
ERVL	DR0105338	KZ505635.1	4085250	4086183	+	24.9	0
ERVL	DR0105370	KZ505635.1	4093888	4094475	+	18.0	0
ERVL	DR0105238	KZ505635.1	4108375	4109148	C	9.9	0
ERVL	DR0105305	KZ505635.1	4156740	4157055	+	26.8	0
ERVL	DR0105305	KZ505635.1	4158229	4158590	+	22.1	0
ERVL	DR0105315	KZ505635.1	4164059	4164642	C	20.1	0
ERVL	DR0105338	KZ505635.1	4213183	4213372	+	27.6	0
ERVL	DR0105278	KZ505635.1	4213547	4213741	C	11.1	0
ERVL	DR0105238	KZ505635.1	4219480	4220220	+	10.2	0
ERVL	DR0105338	KZ505635.1	4239822	4240328	C	27.3	0
ERVL	DR0105338	KZ505635.1	4244837	4244917	C	25.9	0
ERVL	DR0105278	KZ505635.1	4281813	4282252	+	17.0	0
ERVL	DR0105370	KZ505635.1	4286018	4286604	+	12.6	0
ERVL	DR0105294	KZ505635.1	4311623	4312353	C	9.6	0
ERVL	DR0105315	KZ505635.1	4403900	4404492	+	25.6	0
ERVL	DR0105338	KZ505635.1	4408514	4409504	+	21.1	0
ERV4	DR0105376	KZ505635.1	4421298	4421699	C	23.8	0
ERVL	DR0105371	KZ505635.1	4488592	4489147	C	20.6	0
ERVL	DR0105294	KZ505635.1	4521210	4521273	+	12.5	0
ERVL	DR0105294	KZ505635.1	4522721	4523363	C	9.0	0
ERVL	DR0105338	KZ505635.1	4530561	4530630	+	17.1	0
ERVL	DR0105338	KZ505635.1	4531729	4532450	+	22.3	0
ERVL	DR0105238	KZ505635.1	4534077	4534155	C	18.7	0
ERVL	DR0105238	KZ505635.1	4534661	4534798	C	7.3	0
ERVL	DR0105315	KZ505635.1	4709520	4710066	C	28.2	0
ERVL	DR0105230	KZ505635.1	4804919	4804984	+	13.6	0
ERVL	DR0105338	KZ505635.1	4836182	4836839	+	25.0	0
ERVL	DR0105370	KZ505635.1	4886121	4886706	C	20.6	0
ERVL	DR0105261	KZ505635.1	4946316	4947164	+	16.6	0
ERVL	DR0105370	KZ505635.1	5026587	5027167	+	16.5	0
ERVL	DR0105295	KZ505635.1	5158454	5158685	C	24.5	0
ERVL	DR0105295	KZ505635.1	5158813	5158962	C	24.5	0
ERVL	DR0105294	KZ505635.1	5180945	5181689	+	10.4	0
ERVL	DR0105305	KZ505635.1	5229338	5229438	C	21.9	0
ERVL	DR0105338	KZ505635.1	5247290	5247452	+	30.7	0
ERVL	DR0105338	KZ505635.1	5248579	5249000	+	25.6	0
ERVL	DR0105358	KZ505635.1	5344815	5345443	C	44.5	0
ERVL	DR0105278	KZ505635.1	5353236	5353347	C	17.1	0
ERVL	DR0105338	KZ505636.1	114851	115693	+	22.5	0
ERVL	DR0105358	KZ505636.1	117384	118025	C	5.8	0
ERVL	DR0105370	KZ505636.1	260402	260951	+	23.1	0
ERVL	DR0105305	KZ505636.1	335150	335370	C	26.4	0
ERVL	DR0105358	KZ505636.1	561386	561535	+	3.3	0
ERVL	DR0105358	KZ505636.1	561546	562091	+	5.3	0
ERVL	DR0105364	KZ505636.1	565369	565692	C	9.9	0
ERVL	DR0105338	KZ505636.1	599610	600718	C	14.1	0
ERVL	DR0105338	KZ505636.1	659524	659672	+	16.1	0
ERVL	DR0105338	KZ505636.1	660644	661540	+	17.7	0
ERVL	DR0105305	KZ505636.1	766151	766354	C	19.2	0
ERVL	DR0105305	KZ505636.1	766359	766744	C	26.6	0
ERVL	DR0105295	KZ505636.1	810319	810549	+	22.4	0
ERVL	DR0105305	KZ505636.1	839332	839407	+	28.9	0
ERVL	DR0105371	KZ505636.1	840983	841552	C	15.6	0
ERVL	DR0105338	KZ505636.1	841595	842638	C	16.2	0
ERVL	DR0105312	KZ505636.1	842993	843062	+	17.6	0
ERV4	DR0105376	KZ505636.1	867005	867548	C	12.4	0
ERVL	DR0105278	KZ505636.1	950554	951057	C	17.4	0
ERVL	DR0105338	KZ505636.1	962465	963519	+	20.0	0
ERV1	DR0105240	KZ505636.1	1042607	1042789	+	26.9	0
ERVL	DR0105232	KZ505636.1	1044416	1044473	C	17.2	0
ERVL	DR0105315	KZ505636.1	1059121	1059689	+	24.1	0
ERVL	DR0105278	KZ505636.1	1069453	1069693	+	13.4	0
ERVL	DR0105370	KZ505636.1	1146528	1147134	+	22.9	0
ERVL	DR0105305	KZ505636.1	1159716	1160008	C	23.7	0
ERVL	DR0105305	KZ505636.1	1160105	1160176	C	20.0	0
ERVL	DR0105305	KZ505636.1	1161532	1162401	C	27.0	0
ERVL	DR0105370	KZ505636.1	1171829	1172283	C	15.6	0
ERV4	DR0105376	KZ505636.1	1172490	1172990	+	26.8	0
ERVL	DR0105338	KZ505636.1	1180273	1180613	C	13.8	0
ERVL	DR0105238	KZ505636.1	1194512	1195279	C	9.9	0
ERVL	DR0105370	KZ505636.1	1201103	1201674	+	23.7	0
ERVL	DR0105338	KZ505636.1	1246507	1246795	+	17.9	0
ERV4	DR0105376	KZ505636.1	1253192	1253397	+	24.5	0
ERVL	DR0105338	KZ505636.1	1396681	1396832	C	16.4	0
ERVL	DR0105338	KZ505636.1	1418311	1419309	+	19.1	0
ERVL	DR0105338	KZ505636.1	1420947	1421697	C	29.9	0
ERVL	DR0105338	KZ505636.1	1449640	1450454	+	23.9	0
ERVL	DR0105338	KZ505636.1	1464317	1465343	C	24.1	0
ERVL	DR0105295	KZ505636.1	1470958	1471254	C	22.3	0
ERVL	DR0105315	KZ505636.1	1491353	1491896	C	24.3	0
ERVL	DR0105294	KZ505636.1	1504029	1504625	+	9.1	0
ERVL	DR0105338	KZ505636.1	1507750	1508439	+	19.9	0
ERVL	DR0105370	KZ505636.1	1521245	1522107	C	22.3	0
ERVL	DR0105338	KZ505636.1	1522120	1522495	C	23.9	0
ERVL	DR0105338	KZ505636.1	1526107	1527110	C	23.0	0
ERVL	DR0105338	KZ505636.1	1529666	1530642	C	19.0	0
ERVL	DR0105294	KZ505636.1	1625562	1625855	C	12.2	0
ERVL	DR0105238	KZ505636.1	1625858	1626607	C	10.7	0
ERVL	DR0105294	KZ505636.1	1626609	1627040	C	9.5	0
ERVL	DR0105370	KZ505636.1	1667890	1668446	+	14.1	0
ERVL	DR0105370	KZ505636.1	1668917	1669958	+	19.4	0
ERVL	DR0105338	KZ505636.1	1672186	1672508	+	27.1	0
ERVL	DR0105305	KZ505636.1	1672958	1673160	+	25.6	0
ERVL	DR0105294	KZ505636.1	1674268	1674678	C	8.8	0
ERVL	DR0105371	KZ505636.1	1678491	1679062	+	15.7	0
ERVL	DR0105305	KZ505636.1	1694843	1695171	C	23.8	0
ERVL	DR0105305	KZ505636.1	1695235	1695305	C	29.6	0
ERVL	DR0105305	KZ505636.1	1695375	1695591	C	25.4	0
ERVL	DR0105371	KZ505636.1	1711669	1712226	+	16.3	0
ERVL	DR0105261	KZ505636.1	1719752	1720226	+	23.9	0
ERVL	DR0105327	KZ505636.1	1731099	1731191	+	8.6	0
ERVL	DR0105341	KZ505636.1	1751070	1751487	+	10.7	0
ERVL	DR0105278	KZ505636.1	1758926	1759463	+	16.8	0
ERVL	DR0105315	KZ505636.1	1760162	1760343	+	24.6	0
ERVL	DR0105338	KZ505636.1	1780382	1780576	C	16.1	0
ERVL	DR0105315	KZ505636.1	1784494	1784884	C	22.2	0
ERVL	DR0105370	KZ505636.1	1810773	1811106	C	16.9	0
ERVL	DR0105278	KZ505636.1	1879750	1880297	+	17.5	0
ERVL	DR0105315	KZ505636.1	1914161	1914728	C	22.3	0
ERVL	DR0105261	KZ505636.1	1979687	1980113	C	16.2	0
ERVL	DR0105370	KZ505636.1	1997352	1997453	+	23.5	0
ERV4	DR0105376	KZ505636.1	2007292	2008045	+	7.2	0
ERVL	DR0105278	KZ505636.1	2019566	2020105	+	14.6	0
ERVL	DR0105370	KZ505636.1	2022451	2023024	+	11.9	0
ERVL	DR0105261	KZ505636.1	2049970	2050700	+	14.6	0
ERVL	DR0105370	KZ505636.1	2078733	2078865	+	21.9	0
ERVL	DR0105305	KZ505636.1	2143014	2143605	+	25.3	0
ERVL	DR0105261	KZ505636.1	2184442	2184553	C	15.2	0
ERVL	DR0105261	KZ505636.1	2185030	2185078	C	14.3	0
ERVL	DR0105261	KZ505636.1	2185403	2186088	C	15.8	0
ERVL	DR0105370	KZ505636.1	2210610	2211202	+	14.3	0
ERVL	DR0105338	KZ505636.1	2305307	2306345	+	24.8	0
ERVL	DR0105370	KZ505636.1	2311717	2312322	+	23.3	0
ERVL	DR0105370	KZ505636.1	2327230	2327708	+	19.6	0
ERVL	DR0105338	KZ505636.1	2351498	2351584	+	16.1	0
ERVL	DR0105338	KZ505636.1	2430394	2431063	+	25.9	0
ERVL	DR0105326	KZ505636.1	2436369	2436437	+	14.9	0
ERVL	DR0105305	KZ505636.1	2452345	2452935	+	26.3	0
ERVL	DR0105315	KZ505636.1	2459831	2459941	C	23.4	0
ERVL	DR0105295	KZ505636.1	2460060	2460358	C	22.4	0
ERVL	DR0105338	KZ505636.1	2531595	2532442	+	23.3	0
ERVL	DR0105338	KZ505636.1	2549391	2550325	+	17.6	0
ERVL	DR0105370	KZ505636.1	2553286	2553873	C	19.2	0
ERVL	DR0105370	KZ505636.1	2657415	2657541	+	15.1	0
ERVL	DR0105371	KZ505636.1	2661558	2661826	+	13.5	0
ERVL	DR0105358	KZ505636.1	2692030	2692178	+	2.7	0
ERVL	DR0105370	KZ505636.1	2747903	2748064	C	20.0	0
ERVL	DR0105295	KZ505636.1	2748257	2748456	C	19.9	0
ERVL	DR0105338	KZ505636.1	2758504	2758878	C	22.7	0
ERVL	DR0105358	KZ505636.1	2784196	2784420	+	17.8	0
ERVL	DR0105364	KZ505636.1	2784488	2784673	+	11.3	0
ERVL	DR0105358	KZ505636.1	2803115	2803798	+	5.9	0
ERVL	DR0105338	KZ505636.1	2879615	2880572	+	24.4	0
ERVL	DR0105232	KZ505636.1	2901929	2902175	+	23.8	0
ERVL	DR0105338	KZ505636.1	2929487	2930386	+	24.3	0
ERVL	DR0105370	KZ505636.1	3031391	3031561	C	19.8	0
ERVL	DR0105341	KZ505636.1	3051983	3052386	+	11.3	0
ERV1	DR0105342	KZ505636.1	3081399	3082438	C	21.1	0
ERVL	DR0105370	KZ505636.1	3128260	3128597	+	17.6	0
ERVL	DR0105371	KZ505636.1	3142835	3143420	C	16.0	0
ERVL	DR0105294	KZ505636.1	3152277	3153018	+	10.6	0
ERVL	DR0105278	KZ505636.1	3155521	3156055	+	15.6	0
ERVL	DR0105338	KZ505636.1	3183165	3183914	+	26.0	0
ERVL	DR0105278	KZ505636.1	3209120	3209647	C	15.2	0
ERVL	DR0105278	KZ505636.1	3210069	3210560	+	19.6	0
ERVL	DR0105295	KZ505636.1	3214572	3214827	+	23.4	0
ERVL	DR0105315	KZ505636.1	3221534	3222101	C	19.0	0
ERVL	DR0105261	KZ505636.1	3319714	3320594	+	21.7	0
ERVL	DR0105338	KZ505636.1	3328131	3328850	C	16.4	0
ERVL	DR0105278	KZ505636.1	3631737	3631859	C	21.0	0
ERVL	DR0105278	KZ505636.1	3631930	3632264	C	15.8	0
ERVL	DR0105338	KZ505636.1	3635298	3636341	+	18.8	0
ERVL	DR0105295	KZ505636.1	3715238	3715746	C	23.6	0
ERVL	DR0105371	KZ505636.1	3761522	3762105	+	18.4	0
ERVL	DR0105338	KZ505636.1	3870534	3871672	C	15.7	0
ERVL	DR0105305	KZ505636.1	4033912	4033997	C	16.3	0
ERVL	DR0105370	KZ505636.1	4074943	4075361	+	19.1	0
ERVL	DR0105338	KZ505636.1	4077762	4078832	+	15.0	0
ERVL	DR0105315	KZ505636.1	4332585	4332708	+	19.5	0
ERVL	DR0105371	KZ505636.1	4564327	4564731	+	14.4	0
ERVL	DR0105338	KZ505636.1	4656228	4656820	C	12.1	0
ERV4	DR0105376	KZ505637.1	31346	32098	+	5.9	0
ERV4	DR0105376	KZ505637.1	170439	171158	+	30.7	0
ERVL	DR0105371	KZ505637.1	389572	390060	+	18.1	0
ERVL	DR0105338	KZ505637.1	649008	650065	C	16.0	0
ERVL	DR0105370	KZ505637.1	802326	802918	C	13.6	0
ERVL	DR0105358	KZ505637.1	838307	838952	+	3.6	0
ERVL	DR0105305	KZ505637.1	960693	961058	+	31.1	0
ERVL	DR0105305	KZ505637.1	961074	961238	+	20.2	0
ERVL	DR0105370	KZ505637.1	961313	961870	+	18.1	0
ERVL	DR0105364	KZ505637.1	1271683	1272299	C	11.4	0
ERVL	DR0105327	KZ505637.1	1306650	1307082	C	14.2	0
ERVL	DR0105338	KZ505637.1	1318217	1319127	C	22.8	0
ERVL	DR0105315	KZ505637.1	1395913	1396133	+	24.0	0
ERVL	DR0105315	KZ505637.1	1397796	1398081	+	22.9	0
ERVL	DR0105315	KZ505637.1	1398112	1398330	+	25.3	0
ERVL	DR0105295	KZ505637.1	1408363	1408824	+	19.8	0
ERVL	DR0105315	KZ505637.1	1461421	1461985	+	20.6	0
ERVL	DR0105338	KZ505637.1	1484735	1485637	C	15.9	0
ERVL	DR0105338	KZ505637.1	1539705	1540340	+	24.1	0
ERVL	DR0105370	KZ505637.1	1679235	1679821	+	17.0	0
ERVL	DR0105295	KZ505637.1	1768694	1769234	C	21.7	0
ERVL	DR0105294	KZ505637.1	1887125	1887228	+	7.7	0
ERVL	DR0105338	KZ505637.1	1895978	1896236	+	21.1	0
ERVL	DR0105370	KZ505637.1	1910671	1910974	+	11.2	0
ERVL	DR0105261	KZ505637.1	1916517	1916691	C	16.6	0
ERVL	DR0105370	KZ505637.1	1928812	1929427	C	22.8	0
ERVL	DR0105371	KZ505637.1	1934229	1934807	C	17.7	0
ERVL	DR0105338	KZ505637.1	1940838	1941890	C	15.4	0
ERVL	DR0105370	KZ505637.1	1976634	1977253	+	17.2	0
ERVL	DR0105371	KZ505637.1	2004472	2005051	C	14.2	0
ERVL	DR0105364	KZ505637.1	2020108	2020696	+	15.6	0
ERVL	DR0105305	KZ505637.1	2037752	2038570	+	25.3	0
ERVL	DR0105278	KZ505637.1	2079988	2080488	+	19.2	0
ERVL	DR0105370	KZ505637.1	2089039	2089574	C	18.8	0
ERVL	DR0105370	KZ505637.1	2152410	2152969	C	26.3	0
ERVL	DR0105278	KZ505637.1	2154455	2154840	+	18.8	0
ERVL	DR0105278	KZ505637.1	2154847	2154953	+	25.1	0
ERVL	DR0105338	KZ505637.1	2175662	2176335	+	23.9	0
ERVL	DR0105315	KZ505637.1	2199740	2200064	+	22.0	0
ERVL	DR0105370	KZ505637.1	2200137	2200203	+	25.8	0
ERVL	DR0105370	KZ505637.1	2422372	2422945	C	23.9	0
ERVL	DR0105338	KZ505637.1	2522793	2523393	C	20.6	0
ERVL	DR0105370	KZ505637.1	2580527	2581109	C	23.9	0
ERVL	DR0105294	KZ505637.1	2594512	2595248	+	10.8	0
ERVL	DR0105370	KZ505637.1	2618591	2619170	+	15.2	0
ERVL	DR0105327	KZ505637.1	2627355	2628084	+	9.9	0
ERVL	DR0105305	KZ505637.1	2640320	2641092	+	28.6	0
ERVL	DR0105370	KZ505637.1	2681751	2681886	+	21.1	0
ERV1	DR0105342	KZ505637.1	2681995	2682102	C	29.5	0
ERV1	DR0105342	KZ505637.1	2682144	2682317	C	20.8	0
ERVL	DR0105370	KZ505637.1	2682939	2683304	+	20.9	0
ERVL	DR0105338	KZ505637.1	2703911	2705025	+	16.7	0
ERVL	DR0105278	KZ505637.1	2718759	2719243	+	18.7	0
ERVL	DR0105338	KZ505637.1	2721308	2721457	+	12.0	0
ERVL	DR0105338	KZ505637.1	2753932	2755034	+	17.1	0
ERVL	DR0105295	KZ505637.1	2914772	2915055	+	16.8	0
ERVL	DR0105371	KZ505637.1	2934063	2934647	+	13.8	0
ERVL	DR0105305	KZ505637.1	3027713	3027807	+	24.5	0
ERVL	DR0105371	KZ505637.1	3198566	3199144	C	14.6	0
ERVL	DR0105327	KZ505637.1	3263314	3264002	C	12.7	0
ERVL	DR0105338	KZ505637.1	3622412	3622540	C	15.6	0
ERVL	DR0105338	KZ505637.1	3622542	3623170	C	15.8	0
ERVL	DR0105338	KZ505637.1	3666977	3668067	C	17.2	0
ERVL	DR0105315	KZ505637.1	3706916	3707445	+	22.1	0
ERVL	DR0105370	KZ505637.1	3763863	3764068	+	24.3	0
ERVL	DR0105370	KZ505637.1	3809220	3809800	C	17.7	0
ERVL	DR0105305	KZ505637.1	4128028	4128105	C	20.5	0
ERVL	DR0105370	KZ505637.1	4132605	4133182	+	13.6	0
ERVL	DR0105370	KZ505637.1	4244044	4244629	C	15.2	0
ERVL	DR0105315	KZ505637.1	4249397	4249976	+	24.1	0
ERVL	DR0105278	KZ505637.1	4252075	4252400	C	13.4	0
ERVL	DR0105338	KZ505637.1	4419990	4420854	C	22.0	0
ERV1	DR0105321	KZ505637.1	4460952	4461134	C	13.2	0
ERVL	DR0105294	KZ505637.1	4541241	4541952	+	8.2	0
ERVL	DR0105371	KZ505637.1	4572004	4572571	+	14.7	0
ERVL	DR0105278	KZ505637.1	4736329	4736825	C	17.9	0
ERVL	DR0105278	KZ505637.1	4872151	4872443	C	15.4	0
ERVL	DR0105338	KZ505637.1	4875044	4876130	+	17.4	0
ERVL	DR0105327	KZ505638.1	71291	71854	+	7.7	0
ERV1	DR0105321	KZ505638.1	81407	82250	C	10.4	0
ERVL	DR0105327	KZ505638.1	84021	84646	+	7.9	0
ERVL	DR0105370	KZ505638.1	84814	85325	+	24.2	0
ERVL	DR0105295	KZ505638.1	142588	142745	C	20.9	0
ERVL	DR0105370	KZ505638.1	150688	151282	+	13.0	0
ERVL	DR0105371	KZ505638.1	202373	202945	C	15.3	0
ERVL	DR0105294	KZ505638.1	242583	242745	C	16.7	0
ERVL	DR0105358	KZ505638.1	324478	325139	+	5.0	0
ERVL	DR0105371	KZ505638.1	445298	445875	C	14.2	0
ERVL	DR0105370	KZ505638.1	737384	737972	C	14.2	0
ERVL	DR0105371	KZ505638.1	950713	951304	C	14.8	0
ERVL	DR0105238	KZ505638.1	1012206	1012957	+	10.2	0
ERV1	DR0105240	KZ505638.1	1020689	1020733	C	11.4	0
ERV4	DR0105376	KZ505638.1	1039430	1039903	C	5.3	0
ERVL	DR0105315	KZ505638.1	1121934	1122524	+	23.7	0
ERVL	DR0105371	KZ505638.1	1217936	1218110	C	18.4	0
ERVL	DR0105278	KZ505638.1	1218319	1218852	+	13.8	0
ERVL	DR0105370	KZ505638.1	1618407	1618985	C	12.3	0
ERVL	DR0105338	KZ505638.1	1677962	1678908	+	16.2	0
ERVL	DR0105358	KZ505638.1	1856124	1856385	C	4.2	0
ERVL	DR0105315	KZ505638.1	1946801	1946857	+	12.3	0
ERVL	DR0105295	KZ505638.1	1947229	1947727	+	22.2	0
ERVL	DR0105364	KZ505638.1	1986574	1987049	C	11.3	0
ERVL	DR0105371	KZ505638.1	2276448	2276966	C	11.6	0
ERVL	DR0105338	KZ505638.1	2335873	2335976	+	17.3	0
ERVL	DR0105294	KZ505638.1	2336979	2337328	+	8.9	0
ERVL	DR0105358	KZ505638.1	2357653	2358297	+	9.0	0
ERVL	DR0105370	KZ505638.1	2691537	2692109	C	13.2	0
ERVL	DR0105315	KZ505638.1	2721708	2721937	C	23.2	0
ERVL	DR0105295	KZ505638.1	2721967	2722238	C	17.0	0
ERVL	DR0105358	KZ505638.1	2845193	2845839	C	6.2	0
ERV4	DR0105376	KZ505638.1	3027909	3028648	C	7.1	0
ERVL	DR0105238	KZ505638.1	3195137	3195871	+	9.3	0
ERVL	DR0105370	KZ505638.1	3394559	3394928	C	16.0	0
ERVL	DR0105315	KZ505638.1	3556610	3556990	C	23.3	0
ERVL	DR0105338	KZ505638.1	3571420	3572264	+	22.1	0
ERVL	DR0105370	KZ505638.1	3572434	3572986	+	18.4	0
ERVL	DR0105294	KZ505638.1	3623198	3623908	C	11.0	0
ERVL	DR0105338	KZ505638.1	3710239	3711097	+	24.0	0
ERVL	DR0105338	KZ505638.1	3746198	3746479	C	22.6	0
ERVL	DR0105371	KZ505638.1	3926896	3927437	+	15.2	0
ERVL	DR0105338	KZ505638.1	3951332	3951975	+	25.5	0
ERVL	DR0105338	KZ505638.1	3951989	3952247	+	20.7	0
ERVL	DR0105371	KZ505638.1	4026796	4027147	+	12.1	0
ERVL	DR0105232	KZ505638.1	4027148	4027202	+	12.7	0
ERVL	DR0105278	KZ505639.1	108129	108677	C	17.1	0
ERVL	DR0105278	KZ505639.1	113200	113772	+	15.7	0
ERVL	DR0105358	KZ505639.1	151565	152210	C	4.8	0
ERVL	DR0105370	KZ505639.1	291779	292370	+	15.1	0
ERVL	DR0105278	KZ505639.1	295001	295479	+	19.6	0
ERVL	DR0105315	KZ505639.1	352778	353019	+	23.1	0
ERVL	DR0105261	KZ505639.1	361717	362603	C	16.5	0
ERVL	DR0105358	KZ505639.1	423026	423667	C	4.7	0
ERVL	DR0105338	KZ505639.1	426353	426597	+	24.0	0
ERVL	DR0105338	KZ505639.1	552257	552680	+	26.0	0
ERVL	DR0105370	KZ505639.1	665912	666529	+	15.1	0
ERVL	DR0105370	KZ505639.1	669163	669729	C	17.6	0
ERVL	DR0105305	KZ505639.1	680979	681092	+	18.9	0
ERVL	DR0105295	KZ505639.1	697399	697678	+	19.4	0
ERVL	DR0105370	KZ505639.1	697748	697897	+	23.1	0
ERVL	DR0105338	KZ505639.1	787902	788678	C	28.9	0
ERVL	DR0105338	KZ505639.1	970137	970699	C	25.4	0
ERVL	DR0105305	KZ505639.1	1001646	1002013	C	24.5	0
ERVL	DR0105327	KZ505639.1	1149857	1150564	+	11.8	0
ERVL	DR0105364	KZ505639.1	1216321	1216957	+	11.0	0
ERVL	DR0105278	KZ505639.1	1428699	1429216	C	12.9	0
ERVL	DR0105338	KZ505639.1	1508445	1509174	+	25.8	0
ERVL	DR0105295	KZ505639.1	1560715	1560801	+	12.6	0
ERVL	DR0105305	KZ505639.1	1627481	1627804	C	24.5	0
ERV1	DR0105240	KZ505639.1	1648173	1648815	C	9.2	0
ERV1	DR0105321	KZ505639.1	1689144	1689245	C	14.0	0
ERVL	DR0105338	KZ505639.1	2118209	2119011	C	23.1	0
ERVL	DR0105294	KZ505639.1	2265704	2266408	C	11.1	0
ERVL	DR0105338	KZ505639.1	2283098	2283950	C	25.4	0
ERVL	DR0105315	KZ505639.1	2305438	2305526	C	13.5	0
ERVL	DR0105261	KZ505639.1	2672706	2673140	C	17.6	0
ERVL	DR0105315	KZ505639.1	2676752	2677240	+	23.9	0
ERVL	DR0105370	KZ505639.1	2724751	2725046	+	18.4	0
ERVL	DR0105358	KZ505639.1	2763793	2764424	C	6.8	0
ERVL	DR0105315	KZ505639.1	2825102	2825192	+	14.3	0
ERVL	DR0105370	KZ505639.1	2826024	2826134	+	19.8	0
ERVL	DR0105232	KZ505639.1	2826478	2827565	+	26.1	0
ERVL	DR0105370	KZ505639.1	2828145	2828525	+	15.9	0
ERVL	DR0105238	KZ505639.1	2834073	2834806	C	15.0	0
ERVL	DR0105294	KZ505639.1	2842916	2843634	+	11.6	0
ERVL	DR0105312	KZ505639.1	2897316	2898738	C	18.9	0
ERVL	DR0105370	KZ505639.1	2939454	2940046	+	13.8	0
ERVL	DR0105338	KZ505639.1	2969678	2970694	C	24.4	0
ERVL	DR0105371	KZ505639.1	2993676	2994122	+	15.3	0
ERVL	DR0105305	KZ505639.1	3025757	3026032	+	26.3	0
ERV1	DR0105342	KZ505639.1	3026967	3027132	+	22.7	0
ERV1	DR0105342	KZ505639.1	3027325	3027554	+	25.1	0
ERV4	DR0105376	KZ505639.1	3083756	3084442	+	21.1	0
ERVL	DR0105238	KZ505639.1	3124056	3124230	+	10.2	0
ERVL	DR0105338	KZ505639.1	3156998	3158087	+	20.1	0
ERVL	DR0105294	KZ505639.1	3159164	3159887	C	10.5	0
ERVL	DR0105358	KZ505639.1	3164530	3165170	+	5.6	0
ERVL	DR0105371	KZ505639.1	3182438	3183013	C	15.7	0
ERVL	DR0105315	KZ505639.1	3189973	3190533	+	26.1	0
ERVL	DR0105370	KZ505639.1	3285293	3285595	C	29.2	0
ERVL	DR0105370	KZ505639.1	3286139	3287307	+	19.2	0
ERVL	DR0105338	KZ505639.1	3309621	3310714	C	19.1	0
ERVL	DR0105338	KZ505639.1	3323163	3324236	C	22.3	0
ERVL	DR0105315	KZ505639.1	3364943	3365313	+	23.9	0
ERVL	DR0105294	KZ505639.1	3395007	3395719	C	12.2	0
ERVL	DR0105370	KZ505639.1	3416928	3417516	C	20.9	0
ERVL	DR0105294	KZ505639.1	3424915	3424995	C	13.6	0
ERV1	DR0105342	KZ505639.1	3453117	3453296	C	23.8	0
ERV1	DR0105342	KZ505639.1	3453519	3453709	C	19.6	0
ERVL	DR0105338	KZ505639.1	3504901	3505952	C	26.0	0
ERVL	DR0105370	KZ505639.1	3533915	3534385	+	19.8	0
ERVL	DR0105338	KZ505639.1	3548085	3548999	+	24.6	0
ERVL	DR0105370	KZ505639.1	3626616	3627246	+	23.1	0
ERVL	DR0105326	KZ505639.1	3663652	3664061	C	19.9	0
ERVL	DR0105315	KZ505639.1	3665714	3665894	C	15.5	0
ERVL	DR0105278	KZ505639.1	3669807	3670172	+	13.0	0
ERVL	DR0105278	KZ505639.1	3670204	3670413	+	20.8	0
ERVL	DR0105327	KZ505639.1	3686674	3687396	C	10.8	0
ERVL	DR0105370	KZ505639.1	3691736	3692325	C	14.3	0
ERVL	DR0105338	KZ505639.1	3807192	3808328	C	17.2	0
ERVL	DR0105338	KZ505639.1	3840934	3841311	C	16.4	0
ERVL	DR0105338	KZ505639.1	3922257	3922354	C	18.7	0
ERVL	DR0105338	KZ505639.1	3922552	3922650	C	18.8	0
ERV4	DR0105376	KZ505639.1	3940708	3940779	+	20.0	0
ERVL	DR0105338	KZ505639.1	3986655	3987034	+	27.9	0
ERVL	DR0105371	KZ505639.1	4098480	4098997	C	16.1	0
ERVL	DR0105370	KZ505639.1	4101478	4102048	C	23.7	0
ERVL	DR0105370	KZ505639.1	4109030	4109614	+	21.6	0
ERVL	DR0105305	KZ505640.1	2203	2673	C	22.6	0
ERVL	DR0105305	KZ505640.1	21466	22201	+	28.0	0
ERVL	DR0105295	KZ505640.1	64507	64781	+	19.7	0
ERVL	DR0105371	KZ505640.1	64925	65050	+	30.6	0
ERVL	DR0105294	KZ505640.1	74150	74881	C	11.2	0
ERVL	DR0105338	KZ505640.1	82489	83169	C	18.3	0
ERVL	DR0105338	KZ505640.1	85947	86797	C	25.9	0
ERVL	DR0105338	KZ505640.1	103386	104271	C	22.7	0
ERVL	DR0105315	KZ505640.1	163152	163310	+	28.5	0
ERVL	DR0105278	KZ505640.1	164395	164748	+	16.1	0
ERVL	DR0105294	KZ505640.1	251796	252530	+	10.8	0
ERVL	DR0105278	KZ505640.1	253483	254024	+	13.4	0
ERVL	DR0105370	KZ505640.1	264044	264499	C	25.9	0
ERVL	DR0105261	KZ505640.1	276572	276915	C	19.5	0
ERVL	DR0105371	KZ505640.1	304377	304950	+	14.4	0
ERV4	DR0105376	KZ505640.1	316919	317463	+	12.5	0
ERVL	DR0105370	KZ505640.1	389890	390393	C	15.8	0
ERVL	DR0105305	KZ505640.1	419240	420054	C	22.5	0
ERVL	DR0105338	KZ505640.1	432255	432668	+	25.7	0
ERVL	DR0105305	KZ505640.1	433592	433753	C	27.9	0
ERVL	DR0105338	KZ505640.1	463529	464596	C	20.5	0
ERVL	DR0105315	KZ505640.1	481254	481832	+	16.5	0
ERVL	DR0105232	KZ505640.1	482438	482522	+	26.2	0
ERV4	DR0105376	KZ505640.1	522388	522630	+	7.8	0
ERVL	DR0105295	KZ505640.1	612718	612931	C	20.2	0
ERVL	DR0105338	KZ505640.1	614221	614747	C	27.2	0
ERVL	DR0105278	KZ505640.1	622887	623341	C	18.1	0
ERVL	DR0105326	KZ505640.1	624705	624778	+	18.9	0
ERVL	DR0105371	KZ505640.1	846020	846141	C	10.7	0
ERVL	DR0105364	KZ505640.1	949018	949695	+	11.6	0
ERVL	DR0105230	KZ505640.1	970680	970745	+	22.7	0
ERVL	DR0105295	KZ505640.1	1021870	1022395	+	23.3	0
ERVL	DR0105338	KZ505640.1	1041264	1042007	C	16.7	0
ERVL	DR0105371	KZ505640.1	1101718	1102277	+	13.8	0
ERVL	DR0105358	KZ505640.1	1140795	1141439	C	5.3	0
ERVL	DR0105370	KZ505640.1	1563511	1564050	+	25.7	0
ERVL	DR0105338	KZ505640.1	1853667	1854568	C	17.2	0
ERVL	DR0105338	KZ505640.1	1855013	1855220	C	16.1	0
ERVL	DR0105305	KZ505640.1	1861152	1861539	C	25.2	0
ERVL	DR0105305	KZ505640.1	1861683	1861923	C	26.4	0
ERVL	DR0105295	KZ505640.1	2183142	2183186	C	8.9	0
ERVL	DR0105370	KZ505640.1	2191288	2191826	C	25.9	0
ERVL	DR0105315	KZ505640.1	2218061	2218107	C	8.5	0
ERVL	DR0105261	KZ505640.1	2602152	2602436	+	27.3	0
ERVL	DR0105338	KZ505640.1	2602450	2602646	+	22.4	0
ERV1	DR0105225	KZ505640.1	2648488	2648539	+	18.0	0
ERVL	DR0105358	KZ505640.1	2664879	2665495	C	11.8	0
ERVL	DR0105371	KZ505640.1	2885116	2885691	+	16.6	0
ERVL	DR0105371	KZ505640.1	2888916	2889497	C	15.8	0
ERVL	DR0105338	KZ505640.1	2903282	2903950	C	21.3	0
ERV4	DR0105376	KZ505640.1	2912878	2913035	C	5.7	0
ERVL	DR0105371	KZ505640.1	2944092	2944640	C	14.6	0
ERVL	DR0105338	KZ505640.1	3036350	3037064	+	21.7	0
ERVL	DR0105338	KZ505640.1	3144946	3145653	C	18.1	0
ERVL	DR0105371	KZ505640.1	3244577	3245153	C	13.9	0
ERVL	DR0105364	KZ505640.1	3379890	3380550	+	12.1	0
ERVL	DR0105371	KZ505640.1	3497142	3497708	+	15.5	0
ERVL	DR0105338	KZ505640.1	3515219	3515440	C	22.4	0
ERVL	DR0105338	KZ505640.1	3516063	3516642	C	24.3	0
ERVL	DR0105371	KZ505640.1	3569059	3569110	C	19.2	0
ERVL	DR0105338	KZ505640.1	3737586	3737661	C	17.3	0
ERVL	DR0105294	KZ505640.1	3811019	3811762	C	10.8	0
ERVL	DR0105278	KZ505640.1	3846785	3847286	+	17.8	0
ERVL	DR0105294	KZ505641.1	82670	82745	+	6.6	0
ERVL	DR0105295	KZ505641.1	384301	384837	C	21.2	0
ERVL	DR0105370	KZ505641.1	433216	433819	+	12.0	0
ERVL	DR0105371	KZ505641.1	636612	637205	+	16.0	0
ERVL	DR0105278	KZ505641.1	676595	677123	+	16.6	0
ERVL	DR0105238	KZ505641.1	698640	698694	C	16.7	0
ERVL	DR0105238	KZ505641.1	699300	699399	C	6.1	0
ERVL	DR0105370	KZ505641.1	947457	947744	+	12.5	0
ERVL	DR0105338	KZ505641.1	1059576	1059891	+	21.3	0
ERV4	DR0105376	KZ505641.1	1212372	1212595	+	20.7	0
ERVL	DR0105338	KZ505641.1	1213881	1215009	+	16.9	0
ERV4	DR0105376	KZ505641.1	1355012	1355600	+	24.1	0
ERVL	DR0105358	KZ505641.1	1367651	1367815	+	3.0	0
ERV1	DR0105321	KZ505641.1	1369282	1370132	C	11.9	0
ERVL	DR0105338	KZ505641.1	1486053	1486424	+	11.4	0
ERVL	DR0105338	KZ505641.1	1687506	1687870	C	27.5	0
ERVL	DR0105278	KZ505641.1	1899208	1899744	C	13.8	0
ERVL	DR0105278	KZ505641.1	1905999	1906522	C	12.1	0
ERVL	DR0105278	KZ505641.1	2480376	2480883	C	16.7	0
ERV1	DR0105240	KZ505641.1	2572288	2572412	+	28.7	0
ERVL	DR0105338	KZ505641.1	2799566	2800682	C	16.6	0
ERVL	DR0105364	KZ505641.1	2914830	2915466	+	13.6	0
ERVL	DR0105358	KZ505641.1	2970177	2970577	+	10.5	0
ERV1	DR0105240	KZ505641.1	3002326	3002464	C	16.7	0
ERV1	DR0105240	KZ505641.1	3104999	3105042	+	18.2	0
ERV4	DR0105376	KZ505641.1	3130226	3130301	+	17.9	0
ERVL	DR0105278	KZ505641.1	3584744	3585261	C	15.9	0
ERVL	DR0105295	KZ505641.1	3734860	3735148	+	14.2	0
ERVL	DR0105326	KZ505641.1	3735175	3735217	+	9.3	0
ERVL	DR0105370	KZ505641.1	3757811	3758414	C	15.3	0
ERVL	DR0105371	KZ505642.1	581496	582063	C	13.1	0
ERVL	DR0105294	KZ505642.1	632506	633244	+	9.5	0
ERVL	DR0105364	KZ505642.1	635880	636560	+	10.8	0
ERVL	DR0105305	KZ505642.1	729791	730394	C	23.2	0
ERV1	DR0105240	KZ505642.1	934630	934664	+	5.7	0
ERVL	DR0105294	KZ505642.1	999491	999542	C	13.5	0
ERVL	DR0105338	KZ505642.1	1114441	1115543	C	18.4	0
ERVL	DR0105364	KZ505642.1	1133771	1134366	C	12.4	0
ERVL	DR0105358	KZ505642.1	1143935	1144573	C	8.4	0
ERVL	DR0105327	KZ505642.1	1384782	1385472	+	9.7	0
ERVL	DR0105238	KZ505642.1	1411843	1411926	+	17.1	0
ERVL	DR0105370	KZ505642.1	1738901	1739475	C	20.2	0
ERVL	DR0105238	KZ505642.1	1763272	1763340	C	8.7	0
ERVL	DR0105327	KZ505642.1	1782434	1783157	C	9.3	0
ERVL	DR0105370	KZ505642.1	2181299	2181842	C	24.7	0
ERVL	DR0105364	KZ505642.1	2337377	2338023	+	11.0	0
ERVL	DR0105230	KZ505642.1	2365772	2365816	+	15.6	0
ERVL	DR0105338	KZ505642.1	2468635	2469321	C	19.5	0
ERVL	DR0105341	KZ505642.1	2622056	2622445	C	10.8	0
ERVL	DR0105261	KZ505642.1	2624482	2624647	C	12.2	0
ERVL	DR0105261	KZ505642.1	2624648	2625187	C	14.0	0
ERVL	DR0105238	KZ505642.1	2642199	2642695	C	14.3	0
ERVL	DR0105341	KZ505642.1	2720827	2721250	+	11.9	0
ERVL	DR0105370	KZ505642.1	2748933	2749448	C	16.2	0
ERVL	DR0105338	KZ505642.1	2806536	2806615	C	15.0	0
ERVL	DR0105315	KZ505642.1	2806703	2807202	C	23.2	0
ERV4	DR0105376	KZ505642.1	2906720	2906909	+	6.7	0
ERVL	DR0105327	KZ505642.1	3141658	3141823	+	9.6	0
ERVL	DR0105327	KZ505642.1	3141828	3142180	+	10.5	0
ERVL	DR0105364	KZ505642.1	3263992	3264631	+	11.5	0
ERVL	DR0105295	KZ505642.1	3509913	3510220	+	21.7	0
ERVL	DR0105315	KZ505642.1	3510300	3510467	+	22.3	0
ERVL	DR0105295	KZ505643.1	84774	85052	+	25.3	0
ERVL	DR0105370	KZ505643.1	126410	126995	C	12.9	0
ERVL	DR0105371	KZ505643.1	151964	152493	C	13.9	0
ERVL	DR0105305	KZ505643.1	173118	173493	C	27.2	0
ERVL	DR0105295	KZ505643.1	175437	175477	C	4.9	0
ERVL	DR0105371	KZ505643.1	178586	179143	C	12.1	0
ERV1	DR0105240	KZ505643.1	192351	192691	C	7.6	0
ERVL	DR0105358	KZ505643.1	192692	193338	+	4.7	0
ERV1	DR0105240	KZ505643.1	205136	205264	+	29.1	0
ERVL	DR0105364	KZ505643.1	235129	235784	C	11.8	0
ERVL	DR0105341	KZ505643.1	398864	399267	C	10.0	0
ERVL	DR0105338	KZ505643.1	1094676	1095656	+	24.6	0
ERV4	DR0105376	KZ505643.1	1111745	1111898	C	18.1	0
ERVL	DR0105238	KZ505643.1	1318862	1319622	+	9.7	0
ERVL	DR0105371	KZ505643.1	1389135	1389701	+	16.8	0
ERVL	DR0105370	KZ505643.1	1440249	1440777	+	21.1	0
ERVL	DR0105312	KZ505643.1	1718105	1718236	+	17.2	0
ERVL	DR0105312	KZ505643.1	1720282	1720746	+	15.4	0
ERVL	DR0105371	KZ505643.1	1979266	1979840	+	14.4	0
ERVL	DR0105371	KZ505643.1	2210494	2211056	+	11.1	0
ERVL	DR0105230	KZ505643.1	2214147	2214364	+	6.1	0
ERVL	DR0105327	KZ505643.1	2412566	2413285	+	10.0	0
ERVL	DR0105278	KZ505643.1	2588695	2589212	+	11.7	0
ERVL	DR0105278	KZ505643.1	2607150	2607426	+	11.8	0
ERVL	DR0105278	KZ505643.1	2800630	2801165	C	17.1	0
ERVL	DR0105338	KZ505643.1	2994865	2995037	C	12.7	0
ERVL	DR0105371	KZ505643.1	2995040	2995488	C	11.2	0
ERVL	DR0105261	KZ505643.1	2995509	2995950	C	14.8	0
ERV1	DR0105225	KZ505643.1	3494835	3494869	C	11.4	0
ERVL	DR0105278	KZ505644.1	89508	90013	C	12.5	0
ERVL	DR0105278	KZ505644.1	108971	109468	+	15.4	0
ERVL	DR0105370	KZ505644.1	152938	153016	C	11.4	0
ERVL	DR0105312	KZ505644.1	210202	213039	+	15.7	0
ERVL	DR0105358	KZ505644.1	325652	326296	C	3.7	0
ERV1	DR0105240	KZ505644.1	505665	505699	C	5.7	0
ERVL	DR0105278	KZ505644.1	721883	722363	C	15.9	0
ERV1	DR0105225	KZ505644.1	1178306	1178360	C	22.2	0
ERVL	DR0105305	KZ505644.1	1218326	1218505	+	31.1	0
ERVL	DR0105305	KZ505644.1	1218818	1218969	+	19.7	0
ERVL	DR0105294	KZ505644.1	1417620	1418342	+	13.2	0
ERVL	DR0105238	KZ505644.1	1805612	1805700	+	16.5	0
ERVL	DR0105315	KZ505644.1	1903349	1903644	+	19.6	0
ERVL	DR0105371	KZ505644.1	2136764	2137153	C	18.8	0
ERVL	DR0105370	KZ505644.1	2545252	2545521	+	11.2	0
ERVL	DR0105278	KZ505644.1	2551126	2551530	+	18.9	0
ERVL	DR0105278	KZ505644.1	2562246	2562668	C	14.8	0
ERVL	DR0105358	KZ505644.1	2623089	2623735	+	7.9	0
ERVL	DR0105294	KZ505644.1	2693862	2694024	C	13.0	0
ERVL	DR0105371	KZ505644.1	2705358	2705938	C	12.6	0
ERVL	DR0105294	KZ505644.1	2755958	2756456	+	9.5	0
ERVL	DR0105327	KZ505644.1	2839626	2840355	+	10.9	0
ERVL	DR0105370	KZ505644.1	3045042	3045618	C	14.3	0
ERVL	DR0105358	KZ505644.1	3271122	3271762	C	10.4	0
ERVL	DR0105327	KZ505644.1	3329343	3330057	+	9.3	0
ERVL	DR0105238	KZ505644.1	3450548	3451261	C	11.4	0
ERVL	DR0105238	KZ505645.1	1	81	C	3.8	0
ERVL	DR0105371	KZ505645.1	45057	45627	+	13.1	0
ERVL	DR0105371	KZ505645.1	78714	79092	+	12.7	0
ERVL	DR0105305	KZ505645.1	79752	79972	+	27.0	0
ERVL	DR0105338	KZ505645.1	150197	151300	C	18.6	0
ERVL	DR0105294	KZ505645.1	176606	177339	C	9.7	0
ERVL	DR0105370	KZ505645.1	177340	177392	C	25.0	0
ERVL	DR0105312	KZ505645.1	177540	177764	C	13.4	0
ERVL	DR0105341	KZ505645.1	195160	195450	+	12.9	0
ERVL	DR0105371	KZ505645.1	238650	239213	+	12.7	0
ERVL	DR0105338	KZ505645.1	250046	251082	C	21.5	0
ERVL	DR0105261	KZ505645.1	302274	302533	C	12.7	0
ERVL	DR0105364	KZ505645.1	403041	403680	C	11.4	0
ERVL	DR0105371	KZ505645.1	466218	466797	C	12.5	0
ERVL	DR0105305	KZ505645.1	596274	596523	C	24.6	0
ERVL	DR0105364	KZ505645.1	663064	663743	C	13.2	0
ERVL	DR0105261	KZ505645.1	682418	682684	+	13.0	0
ERVL	DR0105371	KZ505645.1	702536	703068	C	11.9	0
ERV1	DR0105225	KZ505645.1	716566	716647	C	27.4	0
ERVL	DR0105261	KZ505645.1	876882	877307	C	17.6	0
ERVL	DR0105370	KZ505645.1	909437	910024	+	20.6	0
ERVL	DR0105338	KZ505645.1	970609	971743	C	15.8	0
ERVL	DR0105338	KZ505645.1	1058230	1058324	C	6.3	0
ERVL	DR0105371	KZ505645.1	1091229	1091783	C	13.8	0
ERVL	DR0105358	KZ505645.1	1214150	1214793	+	3.9	0
ERVL	DR0105338	KZ505645.1	1300736	1301784	+	13.1	0
ERVL	DR0105338	KZ505645.1	1409051	1410057	C	13.7	0
ERVL	DR0105295	KZ505645.1	1423083	1423211	C	10.8	0
ERVL	DR0105338	KZ505645.1	1507805	1508232	C	21.9	0
ERV4	DR0105376	KZ505645.1	1565957	1566031	+	9.3	0
ERVL	DR0105315	KZ505645.1	1636750	1637201	C	26.0	0
ERVL	DR0105278	KZ505645.1	1695203	1695717	C	16.5	0
ERVL	DR0105338	KZ505645.1	1739394	1740052	+	20.2	0
ERVL	DR0105338	KZ505645.1	1756543	1756798	C	20.8	0
ERVL	DR0105371	KZ505645.1	1795388	1795966	+	13.1	0
ERVL	DR0105315	KZ505645.1	1823586	1823861	+	19.1	0
ERVL	DR0105370	KZ505645.1	1823993	1824059	+	17.9	0
ERVL	DR0105370	KZ505645.1	1874179	1874730	C	24.5	0
ERVL	DR0105364	KZ505645.1	2004758	2005368	C	8.5	0
ERVL	DR0105370	KZ505645.1	2052611	2052818	C	21.4	0
ERVL	DR0105315	KZ505645.1	2052825	2053045	C	18.4	0
ERVL	DR0105370	KZ505645.1	2060516	2061053	+	11.9	0
ERVL	DR0105278	KZ505645.1	2061057	2061475	C	14.2	0
ERVL	DR0105312	KZ505645.1	2061477	2061541	C	16.9	0
ERVL	DR0105305	KZ505645.1	2145799	2145890	C	21.9	0
ERVL	DR0105315	KZ505645.1	2158905	2159150	+	27.0	0
ERVL	DR0105338	KZ505645.1	2163481	2163772	+	20.8	0
ERVL	DR0105338	KZ505645.1	2386112	2387010	+	23.1	0
ERVL	DR0105338	KZ505645.1	2506723	2507458	C	25.1	0
ERVL	DR0105294	KZ505645.1	2508415	2509141	+	10.1	0
ERVL	DR0105371	KZ505645.1	2519722	2519937	+	14.6	0
ERVL	DR0105371	KZ505645.1	2540405	2540827	C	10.6	0
ERVL	DR0105370	KZ505645.1	2627416	2628004	+	10.3	0
ERVL	DR0105338	KZ505645.1	2721375	2722396	+	21.5	0
ERVL	DR0105278	KZ505645.1	2830238	2830287	+	14.5	0
ERVL	DR0105371	KZ505645.1	3143911	3144504	+	26.7	0
ERVL	DR0105370	KZ505645.1	3316352	3316936	C	16.6	0
ERVL	DR0105305	KZ505645.1	3322431	3322753	C	22.3	0
ERVL	DR0105327	KZ505645.1	3352155	3352895	C	9.1	0
ERV1	DR0105342	KZ505645.1	3394660	3395686	C	18.6	0
ERVL	DR0105305	KZ505645.1	3405814	3406015	C	24.7	0
ERVL	DR0105370	KZ505645.1	3414387	3414982	C	15.5	0
ERVL	DR0105305	KZ505645.1	3443073	3443242	+	23.7	0
ERVL	DR0105278	KZ505645.1	3459665	3460024	+	14.5	0
ERVL	DR0105278	KZ505645.1	3460324	3460530	+	15.0	0
ERV4	DR0105376	KZ505645.1	3465700	3465798	C	11.1	0
ERVL	DR0105364	KZ505645.1	3480113	3480734	+	10.6	0
ERVL	DR0105364	KZ505645.1	3506695	3507353	+	12.3	0
ERVL	DR0105371	KZ505646.1	103936	104235	+	12.3	0
ERV1	DR0105240	KZ505646.1	542747	542832	+	11.8	0
ERVL	DR0105305	KZ505646.1	619955	620256	C	29.7	0
ERVL	DR0105294	KZ505646.1	661814	662552	+	9.4	0
ERVL	DR0105358	KZ505646.1	1341625	1342257	+	7.6	0
ERVL	DR0105278	KZ505646.1	1367740	1368234	+	13.8	0
ERVL	DR0105338	KZ505646.1	1523985	1524988	C	21.9	0
ERVL	DR0105371	KZ505646.1	1549443	1550038	C	18.0	0
ERVL	DR0105278	KZ505646.1	1641125	1641609	C	13.1	0
ERV4	DR0105376	KZ505646.1	1823904	1823946	+	7.0	0
ERVL	DR0105370	KZ505646.1	1978646	1979169	C	14.2	0
ERVL	DR0105371	KZ505646.1	2277545	2278111	C	12.9	0
ERVL	DR0105305	KZ505646.1	2411899	2412383	+	21.6	0
ERVL	DR0105305	KZ505646.1	2551944	2552230	+	26.9	0
ERVL	DR0105305	KZ505646.1	2552240	2552599	+	22.7	0
ERVL	DR0105315	KZ505646.1	2577364	2577930	+	25.0	0
ERVL	DR0105371	KZ505646.1	3204898	3205427	+	16.8	0
ERV4	DR0105376	KZ505646.1	3251141	3251868	C	5.6	0
ERVL	DR0105261	KZ505646.1	3282397	3282482	+	25.6	0
ERVL	DR0105371	KZ505646.1	3285230	3285768	+	14.0	0
ERVL	DR0105370	KZ505646.1	3296565	3297161	+	15.4	0
ERVL	DR0105358	KZ505646.1	3334274	3334900	C	6.7	0
ERVL	DR0105278	KZ505646.1	3343975	3344490	+	16.2	0
ERVL	DR0105370	KZ505646.1	3346839	3347437	C	14.9	0
ERVL	DR0105370	KZ505646.1	3443604	3444188	C	12.1	0
ERVL	DR0105327	KZ505646.1	3488663	3489383	+	10.7	0
ERVL	DR0105327	KZ505646.1	3498649	3499379	+	12.4	0
ERV4	DR0105376	KZ505647.1	11663	12206	+	15.1	0
ERVL	DR0105315	KZ505647.1	160097	160173	+	14.3	0
ERVL	DR0105295	KZ505647.1	173118	173657	+	22.1	0
ERVL	DR0105370	KZ505647.1	480638	481227	+	17.8	0
ERVL	DR0105315	KZ505647.1	500125	500400	+	23.4	0
ERVL	DR0105315	KZ505647.1	678404	678980	+	21.5	0
ERVL	DR0105370	KZ505647.1	761324	761825	C	24.0	0
ERVL	DR0105295	KZ505647.1	763191	763286	C	15.4	0
ERVL	DR0105371	KZ505647.1	817415	817949	+	13.1	0
ERVL	DR0105278	KZ505647.1	869733	870241	C	14.6	0
ERV4	DR0105376	KZ505647.1	920474	921130	+	14.4	0
ERVL	DR0105315	KZ505647.1	1011049	1011271	C	31.5	0
ERVL	DR0105370	KZ505647.1	1011292	1011570	C	16.5	0
ERVL	DR0105294	KZ505647.1	1021700	1021992	C	8.2	0
ERVL	DR0105238	KZ505647.1	1223777	1224522	C	10.0	0
ERVL	DR0105370	KZ505647.1	1291452	1292051	C	11.9	0
ERVL	DR0105370	KZ505647.1	1511796	1512278	+	16.6	0
ERV1	DR0105321	KZ505647.1	1950813	1951568	+	12.3	0
ERVL	DR0105338	KZ505647.1	2023718	2023801	C	14.3	0
ERVL	DR0105351	KZ505647.1	2077949	2078221	C	23.4	0
ERVL	DR0105338	KZ505647.1	2078267	2079305	C	23.2	0
ERVL	DR0105338	KZ505647.1	2142253	2143316	C	21.6	0
ERVL	DR0105278	KZ505647.1	2151950	2152215	C	13.7	0
ERVL	DR0105315	KZ505647.1	2207169	2207375	C	25.5	0
ERVL	DR0105338	KZ505647.1	2304727	2305043	+	26.2	0
ERVL	DR0105370	KZ505647.1	2414297	2414885	+	14.6	0
ERVL	DR0105294	KZ505647.1	2442433	2443172	+	10.0	0
ERVL	DR0105338	KZ505647.1	2565839	2566299	+	17.5	0
ERVL	DR0105338	KZ505647.1	2566300	2566400	+	5.0	0
ERVL	DR0105327	KZ505647.1	2626066	2626796	+	7.8	0
ERV4	DR0105376	KZ505647.1	2708299	2708371	+	5.5	0
ERV4	DR0105376	KZ505647.1	2708852	2708999	+	4.8	0
ERVL	DR0105230	KZ505647.1	2715166	2715788	C	5.5	0
ERV4	DR0105376	KZ505647.1	2883974	2884654	C	16.6	0
ERVL	DR0105371	KZ505647.1	2971948	2972506	+	15.3	0
ERVL	DR0105294	KZ505647.1	3041460	3042189	+	11.0	0
ERVL	DR0105371	KZ505647.1	3105331	3105880	C	16.8	0
ERVL	DR0105358	KZ505647.1	3155018	3155646	C	5.9	0
ERVL	DR0105370	KZ505647.1	3180881	3181481	+	16.9	0
ERVL	DR0105338	KZ505647.1	3222141	3223220	C	17.7	0
ERVL	DR0105312	KZ505647.1	3241995	3242421	+	21.7	0
ERVL	DR0105338	KZ505647.1	3279520	3279885	C	12.6	0
ERV4	DR0105376	KZ505647.1	3290467	3290919	C	23.7	0
ERVL	DR0105371	KZ505648.1	290557	291125	+	11.5	0
ERVL	DR0105278	KZ505648.1	358639	359057	C	19.2	0
ERVL	DR0105371	KZ505648.1	403849	404418	C	12.6	0
ERVL	DR0105371	KZ505648.1	448434	448998	C	13.8	0
ERVL	DR0105338	KZ505648.1	959124	960208	+	17.7	0
ERVL	DR0105371	KZ505648.1	964340	964913	C	14.9	0
ERVL	DR0105305	KZ505648.1	1344039	1344150	C	19.8	0
ERVL	DR0105370	KZ505648.1	1435508	1436100	C	12.3	0
ERVL	DR0105338	KZ505648.1	2013702	2014839	C	14.0	0
ERV1	DR0105240	KZ505648.1	2132897	2133023	+	25.2	0
ERVL	DR0105338	KZ505648.1	2226327	2226650	+	27.9	0
ERVL	DR0105370	KZ505648.1	2272757	2273351	+	13.5	0
ERVL	DR0105295	KZ505648.1	2275674	2276241	C	23.7	0
ERVL	DR0105305	KZ505648.1	2293393	2293757	C	22.0	0
ERVL	DR0105305	KZ505648.1	2294001	2294238	C	25.1	0
ERVL	DR0105338	KZ505648.1	2296643	2297777	+	16.0	0
ERVL	DR0105338	KZ505648.1	2313490	2314032	+	20.4	0
ERVL	DR0105370	KZ505648.1	2315162	2315751	+	24.6	0
ERVL	DR0105371	KZ505648.1	2364089	2364342	C	17.3	0
ERVL	DR0105338	KZ505648.1	2365195	2365618	+	20.3	0
ERVL	DR0105370	KZ505648.1	2365681	2366063	+	13.8	0
ERVL	DR0105341	KZ505648.1	2377266	2377685	+	11.8	0
ERVL	DR0105294	KZ505648.1	2397438	2397760	+	6.2	0
ERVL	DR0105238	KZ505648.1	2560077	2560858	+	10.2	0
ERVL	DR0105358	KZ505648.1	2610997	2611640	+	4.7	0
ERVL	DR0105294	KZ505648.1	2614526	2614694	+	10.7	0
ERVL	DR0105371	KZ505648.1	2617555	2618118	C	15.1	0
ERVL	DR0105358	KZ505648.1	2644240	2644883	+	5.3	0
ERVL	DR0105371	KZ505648.1	2653451	2654058	C	18.6	0
ERV4	DR0105376	KZ505648.1	2661958	2662418	C	13.1	0
ERVL	DR0105278	KZ505648.1	2743116	2743636	+	16.2	0
ERVL	DR0105338	KZ505648.1	2879432	2879968	C	27.6	0
ERVL	DR0105371	KZ505648.1	2902630	2903209	C	14.1	0
ERVL	DR0105370	KZ505648.1	2950127	2950279	C	19.2	0
ERVL	DR0105295	KZ505648.1	2950280	2950540	C	11.5	0
ERVL	DR0105338	KZ505648.1	2970463	2971518	C	14.6	0
ERVL	DR0105370	KZ505648.1	2975348	2975913	+	18.0	0
ERVL	DR0105370	KZ505648.1	2990020	2990604	+	14.3	0
ERVL	DR0105305	KZ505648.1	3008303	3008442	C	29.3	0
ERVL	DR0105305	KZ505648.1	3008702	3008791	C	24.4	0
ERVL	DR0105338	KZ505648.1	3009517	3010290	C	28.4	0
ERVL	DR0105305	KZ505648.1	3010812	3011039	+	23.6	0
ERVL	DR0105305	KZ505648.1	3011536	3011893	+	24.9	0
ERVL	DR0105305	KZ505648.1	3012112	3012215	+	18.3	0
ERVL	DR0105278	KZ505648.1	3022011	3022725	C	20.1	0
ERVL	DR0105232	KZ505648.1	3028447	3028791	C	16.3	0
ERVL	DR0105305	KZ505648.1	3031115	3031467	+	24.8	0
ERV1	DR0105240	KZ505648.1	3114297	3114464	+	28.1	0
ERVL	DR0105315	KZ505648.1	3118766	3118815	C	10.2	0
ERVL	DR0105232	KZ505648.1	3127176	3127337	C	12.3	0
ERVL	DR0105371	KZ505648.1	3179582	3180152	C	14.5	0
ERVL	DR0105305	KZ505648.1	3189013	3189250	C	24.4	0
ERVL	DR0105338	KZ505648.1	3189260	3189622	C	27.9	0
ERVL	DR0105278	KZ505649.1	142724	143203	C	17.3	0
ERVL	DR0105371	KZ505649.1	148370	148910	+	20.0	0
ERV4	DR0105376	KZ505649.1	184983	185679	C	17.9	0
ERVL	DR0105238	KZ505649.1	212562	212616	C	23.6	0
ERVL	DR0105327	KZ505649.1	253600	254310	+	9.9	0
ERVL	DR0105338	KZ505649.1	303285	304001	C	22.9	0
ERVL	DR0105370	KZ505649.1	338207	338396	+	24.7	0
ERVL	DR0105326	KZ505649.1	338398	338467	+	20.0	0
ERVL	DR0105371	KZ505649.1	389269	389841	+	13.0	0
ERVL	DR0105364	KZ505649.1	525505	526129	+	9.3	0
ERV4	DR0105376	KZ505649.1	564544	565265	C	5.4	0
ERVL	DR0105261	KZ505649.1	614797	615493	+	17.0	0
ERVL	DR0105338	KZ505649.1	615523	615633	+	9.9	0
ERVL	DR0105305	KZ505649.1	836508	836989	+	20.2	0
ERVL	DR0105370	KZ505649.1	1141678	1142257	+	16.5	0
ERVL	DR0105370	KZ505649.1	1174775	1174841	+	25.4	0
ERVL	DR0105312	KZ505649.1	1177679	1177850	C	13.9	0
ERVL	DR0105294	KZ505649.1	1177923	1178649	C	10.1	0
ERVL	DR0105370	KZ505649.1	1183560	1183703	+	18.1	0
ERVL	DR0105305	KZ505649.1	1206015	1206082	+	18.8	0
ERVL	DR0105370	KZ505649.1	1227287	1227483	C	17.8	0
ERVL	DR0105326	KZ505649.1	1255151	1255217	+	14.6	0
ERVL	DR0105295	KZ505649.1	1257142	1257651	C	19.9	0
ERVL	DR0105371	KZ505649.1	1264406	1264881	+	12.2	0
ERVL	DR0105261	KZ505649.1	1281983	1282216	+	15.8	0
ERVL	DR0105312	KZ505649.1	1317099	1317486	+	19.2	0
ERVL	DR0105305	KZ505649.1	1369217	1369360	C	27.3	0
ERVL	DR0105261	KZ505649.1	1424129	1424834	+	16.6	0
ERVL	DR0105370	KZ505649.1	1488231	1488763	+	20.1	0
ERVL	DR0105338	KZ505649.1	1503532	1504321	+	17.0	0
ERVL	DR0105370	KZ505649.1	1506763	1507346	C	16.6	0
ERVL	DR0105327	KZ505649.1	1560267	1560973	C	9.7	0
ERV4	DR0105376	KZ505649.1	1564704	1564858	+	25.0	0
ERVL	DR0105312	KZ505649.1	1571503	1571688	C	34.4	0
ERVL	DR0105370	KZ505649.1	1573205	1573647	+	13.3	0
ERVL	DR0105338	KZ505649.1	1599553	1599641	C	17.0	0
ERVL	DR0105305	KZ505649.1	1605047	1605473	+	24.8	0
ERVL	DR0105338	KZ505649.1	1635497	1635863	+	19.8	0
ERVL	DR0105358	KZ505649.1	1666049	1666619	C	7.0	0
ERVL	DR0105295	KZ505649.1	1667011	1667562	C	20.1	0
ERVL	DR0105295	KZ505649.1	1696422	1696559	+	17.4	0
ERVL	DR0105370	KZ505649.1	1697100	1697299	+	23.3	0
ERVL	DR0105358	KZ505649.1	1739400	1740046	C	5.4	0
ERVL	DR0105371	KZ505649.1	1743535	1744091	+	14.6	0
ERVL	DR0105305	KZ505649.1	1753401	1753643	+	21.4	0
ERVL	DR0105370	KZ505649.1	1753723	1754277	C	25.3	0
ERVL	DR0105305	KZ505649.1	1754389	1754597	+	20.0	0
ERVL	DR0105327	KZ505649.1	1769380	1770080	+	9.9	0
ERVL	DR0105370	KZ505649.1	1814304	1814703	+	19.9	0
ERVL	DR0105338	KZ505649.1	1864118	1864509	C	18.2	0
ERVL	DR0105315	KZ505649.1	1865360	1865748	C	22.4	0
ERVL	DR0105358	KZ505649.1	1881094	1881744	+	5.4	0
ERVL	DR0105315	KZ505649.1	1896868	1897442	+	22.8	0
ERVL	DR0105338	KZ505649.1	1905897	1906180	+	10.4	0
ERVL	DR0105278	KZ505649.1	1980663	1981204	C	14.8	0
ERVL	DR0105261	KZ505649.1	1991892	1992200	C	24.4	0
ERVL	DR0105338	KZ505649.1	2027158	2027302	C	10.6	0
ERVL	DR0105305	KZ505649.1	2028892	2029105	C	24.6	0
ERVL	DR0105326	KZ505649.1	2034462	2034514	C	11.3	0
ERVL	DR0105261	KZ505649.1	2134060	2134319	+	14.7	0
ERVL	DR0105338	KZ505649.1	2134454	2135190	+	12.2	0
ERVL	DR0105371	KZ505649.1	2184324	2184863	C	14.7	0
ERVL	DR0105295	KZ505649.1	2242268	2242764	C	21.1	0
ERVL	DR0105305	KZ505649.1	2250896	2251009	C	20.9	0
ERVL	DR0105294	KZ505649.1	2342136	2342560	C	9.3	0
ERVL	DR0105371	KZ505649.1	2468001	2468575	C	15.7	0
ERVL	DR0105370	KZ505649.1	2478747	2478847	C	24.8	0
ERVL	DR0105278	KZ505649.1	2496887	2497398	+	13.9	0
ERVL	DR0105371	KZ505649.1	2534681	2534987	+	13.4	0
ERVL	DR0105278	KZ505649.1	2535414	2535950	C	17.2	0
ERVL	DR0105338	KZ505649.1	2575770	2576057	C	11.8	0
ERVL	DR0105338	KZ505649.1	2659074	2659147	C	6.8	0
ERVL	DR0105261	KZ505649.1	2659162	2659483	C	13.3	0
ERVL	DR0105338	KZ505649.1	2659657	2659731	C	17.3	0
ERVL	DR0105305	KZ505649.1	2682620	2682670	+	17.6	0
ERVL	DR0105278	KZ505649.1	2697413	2697928	+	15.7	0
ERVL	DR0105295	KZ505649.1	2868194	2868420	C	22.0	0
ERVL	DR0105364	KZ505649.1	2874641	2875286	+	13.0	0
ERV4	DR0105376	KZ505649.1	3006548	3007294	C	5.9	0
ERVL	DR0105261	KZ505649.1	3050508	3050674	+	9.8	0
ERVL	DR0105315	KZ505649.1	3080566	3081062	C	22.2	0
ERVL	DR0105238	KZ505649.1	3151437	3152188	C	11.4	0
ERVL	DR0105370	KZ505649.1	3160324	3160559	C	23.1	0
ERVL	DR0105238	KZ505650.1	166269	166335	C	18.5	0
ERVL	DR0105294	KZ505650.1	166907	167016	C	3.6	0
ERVL	DR0105278	KZ505650.1	506920	507436	+	13.5	0
ERVL	DR0105358	KZ505650.1	677067	677712	C	5.0	0
ERVL	DR0105278	KZ505650.1	823223	823713	+	17.9	0
ERVL	DR0105278	KZ505650.1	868415	868892	+	13.2	0
ERVL	DR0105370	KZ505650.1	1181499	1182093	+	14.5	0
ERV1	DR0105240	KZ505650.1	1321677	1321836	C	16.9	0
ERVL	DR0105295	KZ505650.1	1343241	1343462	+	20.4	0
ERVL	DR0105370	KZ505650.1	1482054	1482534	C	11.9	0
ERVL	DR0105370	KZ505650.1	1509363	1509916	C	26.2	0
ERVL	DR0105294	KZ505650.1	1610861	1611387	C	8.7	0
ERVL	DR0105305	KZ505650.1	1619653	1619869	C	26.6	0
ERVL	DR0105295	KZ505650.1	1619912	1620187	C	21.7	0
ERVL	DR0105338	KZ505650.1	1805160	1805444	C	26.6	0
ERVL	DR0105312	KZ505650.1	2035585	2035833	C	6.8	0
ERVL	DR0105371	KZ505650.1	2038373	2038946	+	13.8	0
ERVL	DR0105312	KZ505650.1	2089353	2089580	C	15.5	0
ERVL	DR0105278	KZ505650.1	2095319	2095750	C	13.6	0
ERVL	DR0105294	KZ505650.1	2095819	2096487	C	12.2	0
ERVL	DR0105338	KZ505650.1	2189332	2189437	+	18.1	0
ERV1	DR0105240	KZ505650.1	2243571	2243707	+	13.6	0
ERV1	DR0105321	KZ505650.1	2252207	2253049	+	12.4	0
ERVL	DR0105278	KZ505650.1	2397605	2398151	+	14.9	0
ERVL	DR0105238	KZ505650.1	2481622	2482377	+	9.5	0
ERVL	DR0105295	KZ505650.1	2536010	2536275	+	15.6	0
ERVL	DR0105370	KZ505650.1	2536294	2536380	+	16.7	0
ERVL	DR0105370	KZ505650.1	2537592	2537785	+	21.4	0
ERVL	DR0105327	KZ505650.1	2580518	2580604	+	11.5	0
ERVL	DR0105338	KZ505650.1	2580695	2580941	C	18.8	0
ERVL	DR0105278	KZ505650.1	2671190	2671698	C	18.0	0
ERVL	DR0105370	KZ505650.1	2882748	2883346	+	12.3	0
ERVL	DR0105370	KZ505650.1	2958542	2958746	C	11.5	0
ERV4	DR0105376	KZ505651.1	16374	17121	+	14.6	0
ERVL	DR0105338	KZ505651.1	41263	41803	+	13.4	0
ERVL	DR0105338	KZ505651.1	58874	59616	C	23.1	0
ERVL	DR0105370	KZ505651.1	67241	67815	C	24.0	0
ERVL	DR0105371	KZ505651.1	78761	79326	+	20.0	0
ERV1	DR0105342	KZ505651.1	90920	91932	+	15.2	0
ERVL	DR0105370	KZ505651.1	195476	196052	C	15.3	0
ERVL	DR0105295	KZ505651.1	294846	294920	+	12.2	0
ERVL	DR0105370	KZ505651.1	294937	296120	+	15.1	0
ERVL	DR0105371	KZ505651.1	594559	594763	+	17.1	0
ERVL	DR0105370	KZ505651.1	594764	595431	+	12.1	0
ERVL	DR0105370	KZ505651.1	647894	648476	+	13.1	0
ERVL	DR0105370	KZ505651.1	678169	678837	+	14.3	0
ERVL	DR0105371	KZ505651.1	700280	700851	+	14.8	0
ERVL	DR0105364	KZ505651.1	731531	732130	C	12.8	0
ERVL	DR0105278	KZ505651.1	776944	776979	+	0.0	0
ERVL	DR0105278	KZ505651.1	777333	777827	+	12.7	0
ERVL	DR0105338	KZ505651.1	837163	838092	C	21.3	0
ERVL	DR0105295	KZ505651.1	884944	885078	C	17.2	0
ERVL	DR0105370	KZ505651.1	976443	977037	+	12.0	0
ERVL	DR0105364	KZ505651.1	1105957	1106608	C	12.4	0
ERVL	DR0105338	KZ505651.1	1139193	1140329	C	15.9	0
ERVL	DR0105370	KZ505651.1	1145842	1146413	C	20.4	0
ERV4	DR0105376	KZ505651.1	1288949	1289443	C	13.8	0
ERVL	DR0105358	KZ505651.1	1370141	1370774	+	4.3	0
ERVL	DR0105371	KZ505651.1	1372852	1373420	+	12.5	0
ERVL	DR0105371	KZ505651.1	1379786	1379875	+	13.6	0
ERVL	DR0105315	KZ505651.1	1389034	1389619	+	20.9	0
ERV1	DR0105342	KZ505651.1	2023692	2023902	+	25.5	0
ERVL	DR0105364	KZ505651.1	2090551	2091197	+	10.7	0
ERVL	DR0105371	KZ505651.1	2264169	2264740	+	12.4	0
ERVL	DR0105371	KZ505651.1	2300318	2300871	+	13.3	0
ERV1	DR0105240	KZ505651.1	2498501	2498593	C	7.5	0
ERVL	DR0105278	KZ505651.1	2517104	2517640	+	14.3	0
ERV4	DR0105376	KZ505651.1	2602459	2603214	+	5.5	0
ERVL	DR0105230	KZ505651.1	2666289	2666331	+	9.3	0
ERVL	DR0105230	KZ505651.1	2736157	2736202	C	8.7	0
ERVL	DR0105370	KZ505651.1	2814230	2814823	+	14.0	0
ERVL	DR0105364	KZ505651.1	2841203	2841844	C	10.1	0
ERV4	DR0105376	KZ505651.1	2928054	2928128	+	13.5	0
ERVL	DR0105238	KZ505652.1	72802	72851	+	12.0	0
ERVL	DR0105370	KZ505652.1	102792	103353	+	14.9	0
ERVL	DR0105327	KZ505652.1	288869	289579	C	11.3	0
ERVL	DR0105371	KZ505652.1	400052	400646	+	14.3	0
ERVL	DR0105261	KZ505652.1	415865	416279	+	24.5	0
ERVL	DR0105338	KZ505652.1	416300	416512	+	19.8	0
ERVL	DR0105278	KZ505652.1	427020	427241	C	16.1	0
ERVL	DR0105338	KZ505652.1	583757	584780	+	15.5	0
ERVL	DR0105294	KZ505652.1	614948	615638	C	9.6	0
ERVL	DR0105238	KZ505652.1	738774	739534	C	10.5	0
ERVL	DR0105238	KZ505652.1	819450	819527	+	3.9	0
ERVL	DR0105238	KZ505652.1	820073	820233	+	14.2	0
ERVL	DR0105370	KZ505652.1	929173	929750	C	13.9	0
ERVL	DR0105338	KZ505652.1	936884	937975	C	17.0	0
ERVL	DR0105370	KZ505652.1	994587	994647	C	22.0	0
ERVL	DR0105370	KZ505652.1	1082352	1082411	+	20.0	0
ERV1	DR0105240	KZ505652.1	1445133	1445264	+	29.6	0
ERV1	DR0105240	KZ505652.1	1586258	1586324	+	18.2	0
ERVL	DR0105338	KZ505652.1	1639948	1641025	C	15.4	0
ERVL	DR0105338	KZ505652.1	1914127	1915102	C	15.0	0
ERVL	DR0105238	KZ505652.1	2351309	2351348	+	15.0	0
ERVL	DR0105238	KZ505652.1	2575400	2575575	+	6.9	0
ERVL	DR0105238	KZ505652.1	2576111	2576164	+	15.1	0
ERVL	DR0105371	KZ505652.1	2579972	2580548	+	15.5	0
ERVL	DR0105371	KZ505652.1	2589474	2589624	C	19.4	0
ERVL	DR0105326	KZ505652.1	2716925	2716976	C	19.2	0
ERVL	DR0105370	KZ505652.1	2717028	2718756	C	15.6	0
ERVL	DR0105370	KZ505652.1	2732362	2732965	C	14.6	0
ERVL	DR0105358	KZ505652.1	2761420	2762058	+	5.0	0
ERVL	DR0105261	KZ505653.1	21580	21640	+	4.9	0
ERVL	DR0105338	KZ505653.1	22481	22697	+	9.9	0
ERVL	DR0105371	KZ505653.1	210092	210632	+	12.3	0
ERVL	DR0105338	KZ505653.1	262766	263879	C	17.2	0
ERVL	DR0105327	KZ505653.1	291553	292287	C	10.7	0
ERVL	DR0105238	KZ505653.1	304100	304238	C	15.2	0
ERVL	DR0105238	KZ505653.1	304624	304782	C	6.3	0
ERVL	DR0105278	KZ505653.1	339806	340295	+	15.9	0
ERVL	DR0105358	KZ505653.1	437587	438232	+	5.0	0
ERVL	DR0105305	KZ505653.1	468879	469281	C	27.2	0
ERVL	DR0105305	KZ505653.1	469365	469499	C	24.9	0
ERVL	DR0105371	KZ505653.1	516141	516719	+	15.5	0
ERVL	DR0105338	KZ505653.1	529422	530398	C	23.6	0
ERV4	DR0105376	KZ505653.1	744619	745137	C	13.8	0
ERVL	DR0105278	KZ505653.1	775734	776006	C	18.6	0
ERVL	DR0105278	KZ505653.1	823634	824364	+	17.2	0
ERVL	DR0105338	KZ505653.1	844400	845521	+	14.9	0
ERVL	DR0105278	KZ505653.1	910487	910992	C	16.3	0
ERVL	DR0105370	KZ505653.1	1013430	1013713	C	16.4	0
ERV1	DR0105240	KZ505653.1	1102757	1103415	C	7.3	0
ERVL	DR0105364	KZ505653.1	1147932	1148550	+	12.0	0
ERVL	DR0105278	KZ505653.1	1184194	1184688	+	17.1	0
ERVL	DR0105278	KZ505653.1	1448264	1448788	+	14.8	0
ERVL	DR0105294	KZ505653.1	1590491	1590948	+	8.4	0
ERVL	DR0105371	KZ505653.1	1608064	1608641	+	17.6	0
ERVL	DR0105278	KZ505653.1	1670184	1670214	+	0.0	0
ERVL	DR0105238	KZ505653.1	1796108	1796844	+	10.9	0
ERVL	DR0105338	KZ505653.1	1858897	1859239	+	27.4	0
ERVL	DR0105371	KZ505653.1	2334887	2335457	C	13.4	0
ERVL	DR0105338	KZ505653.1	2507513	2507863	+	9.1	0
ERVL	DR0105364	KZ505653.1	2534569	2535139	+	14.8	0
ERV1	DR0105342	KZ505653.1	2620314	2621049	+	15.2	0
ERVL	DR0105371	KZ505653.1	2648198	2648726	+	24.2	0
ERVL	DR0105294	KZ505654.1	77459	78207	C	10.1	0
ERVL	DR0105238	KZ505654.1	186632	186681	C	4.0	0
ERVL	DR0105370	KZ505654.1	302811	303406	C	12.7	0
ERVL	DR0105278	KZ505654.1	422733	423221	+	14.9	0
ERVL	DR0105278	KZ505654.1	540850	541335	C	18.2	0
ERVL	DR0105358	KZ505654.1	801841	802486	+	5.1	0
ERVL	DR0105370	KZ505654.1	844475	845069	C	11.8	0
ERVL	DR0105364	KZ505654.1	977515	978154	+	9.8	0
ERVL	DR0105278	KZ505654.1	1516645	1517178	+	20.1	0
ERVL	DR0105370	KZ505654.1	1593568	1594152	+	11.3	0
ERVL	DR0105371	KZ505654.1	1949519	1950088	+	12.2	0
ERV1	DR0105240	KZ505654.1	1959127	1959287	+	20.6	0
ERVL	DR0105371	KZ505654.1	2130548	2131143	+	11.1	0
ERVL	DR0105305	KZ505654.1	2149069	2149370	C	25.0	0
ERVL	DR0105305	KZ505654.1	2187165	2187231	C	16.2	0
ERVL	DR0105278	KZ505654.1	2201769	2202298	+	10.2	0
ERVL	DR0105364	KZ505654.1	2282115	2282167	C	15.1	0
ERV4	DR0105376	KZ505654.1	2482828	2483575	+	8.2	0
ERVL	DR0105370	KZ505654.1	2531830	2532421	+	13.1	0
ERV4	DR0105376	KZ505655.1	79442	79762	+	13.5	0
ERVL	DR0105315	KZ505655.1	86290	86845	C	34.4	0
ERVL	DR0105338	KZ505655.1	96795	97785	+	13.8	0
ERVL	DR0105278	KZ505655.1	288737	289165	C	19.4	0
ERVL	DR0105364	KZ505655.1	415429	416100	C	14.7	0
ERVL	DR0105364	KZ505655.1	427817	428420	C	13.4	0
ERVL	DR0105364	KZ505655.1	917493	917793	C	15.7	0
ERVL	DR0105305	KZ505655.1	982710	982989	+	24.1	0
ERVL	DR0105278	KZ505655.1	1174074	1174508	+	14.6	0
ERVL	DR0105305	KZ505655.1	1377980	1378074	C	28.4	0
ERVL	DR0105338	KZ505655.1	1378097	1378353	C	21.6	0
ERVL	DR0105370	KZ505655.1	1420181	1420762	C	20.1	0
ERVL	DR0105315	KZ505655.1	1421135	1421713	C	23.3	0
ERVL	DR0105261	KZ505655.1	1496079	1497027	C	16.0	0
ERVL	DR0105338	KZ505655.1	2276185	2277260	+	15.3	0
ERVL	DR0105327	KZ505655.1	2324440	2324902	C	11.1	0
ERVL	DR0105341	KZ505655.1	2370515	2370911	C	11.1	0
ERVL	DR0105358	KZ505655.1	2421412	2422055	+	6.4	0
ERVL	DR0105370	KZ505655.1	2454356	2454949	+	18.1	0
ERVL	DR0105261	KZ505655.1	2515291	2515372	+	20.9	0
ERVL	DR0105230	KZ505655.1	2615391	2616041	C	19.9	0
ERVL	DR0105294	KZ505656.1	38657	39209	+	10.6	0
ERVL	DR0105370	KZ505656.1	172163	172726	C	14.9	0
ERVL	DR0105371	KZ505656.1	304731	305284	+	14.0	0
ERVL	DR0105370	KZ505656.1	317964	318560	+	12.0	0
ERVL	DR0105278	KZ505656.1	431738	432277	+	15.0	0
ERVL	DR0105295	KZ505656.1	608960	609046	+	11.5	0
ERVL	DR0105295	KZ505656.1	716629	716673	C	0.0	0
ERVL	DR0105370	KZ505656.1	862023	862612	+	12.4	0
ERVL	DR0105278	KZ505656.1	901427	901703	C	16.0	0
ERVL	DR0105327	KZ505656.1	945602	946310	C	10.4	0
ERVL	DR0105305	KZ505656.1	973224	973483	C	25.3	0
ERVL	DR0105315	KZ505656.1	1000804	1001355	C	20.4	0
ERVL	DR0105294	KZ505656.1	1070465	1070647	+	11.5	0
ERV1	DR0105321	KZ505656.1	1128010	1128249	+	25.2	0
ERVL	DR0105370	KZ505656.1	1185579	1186168	C	15.4	0
ERVL	DR0105232	KZ505656.1	1353841	1354182	C	18.0	0
ERV1	DR0105321	KZ505656.1	1705840	1706290	C	8.6	0
ERV1	DR0105321	KZ505656.1	1706451	1706803	C	15.1	0
ERVL	DR0105338	KZ505656.1	2001225	2001774	+	21.8	0
ERVL	DR0105338	KZ505656.1	2041918	2042437	+	23.9	0
ERVL	DR0105364	KZ505656.1	2319633	2320305	+	11.2	0
ERVL	DR0105294	KZ505656.1	2455368	2456085	C	9.2	0
ERVL	DR0105278	KZ505656.1	2612704	2613147	+	17.4	0
ERVL	DR0105294	KZ505657.1	104670	105400	C	10.1	0
ERV1	DR0105342	KZ505657.1	161352	161571	C	29.0	0
ERV1	DR0105342	KZ505657.1	161799	161935	C	20.4	0
ERVL	DR0105338	KZ505657.1	248610	249351	+	25.0	0
ERVL	DR0105278	KZ505657.1	290242	290750	+	14.7	0
ERVL	DR0105295	KZ505657.1	402315	402820	+	19.1	0
ERVL	DR0105278	KZ505657.1	570393	570879	C	13.6	0
ERVL	DR0105305	KZ505657.1	688403	688603	+	23.6	0
ERVL	DR0105338	KZ505657.1	736125	737119	C	14.0	0
ERVL	DR0105370	KZ505657.1	899744	900312	+	11.0	0
ERVL	DR0105370	KZ505657.1	991368	991966	C	22.1	0
ERVL	DR0105370	KZ505657.1	1111346	1111586	C	24.2	0
ERVL	DR0105238	KZ505657.1	1186226	1186979	+	10.3	0
ERVL	DR0105238	KZ505657.1	1384338	1385079	+	10.3	0
ERVL	DR0105327	KZ505657.1	1389813	1390541	+	9.8	0
ERVL	DR0105358	KZ505657.1	1920532	1921179	+	4.5	0
ERVL	DR0105278	KZ505657.1	1976484	1976805	C	18.0	0
ERVL	DR0105278	KZ505657.1	1976943	1977152	C	12.6	0
ERVL	DR0105371	KZ505657.1	1991416	1991994	+	13.2	0
ERVL	DR0105370	KZ505657.1	2030777	2031181	C	14.1	0
ERVL	DR0105338	KZ505657.1	2169595	2170029	+	21.5	0
ERVL	DR0105278	KZ505657.1	2187968	2188509	C	17.2	0
ERVL	DR0105370	KZ505657.1	2209440	2209536	+	22.7	0
ERVL	DR0105371	KZ505657.1	2224609	2225160	C	14.8	0
ERVL	DR0105338	KZ505657.1	2286642	2287704	+	19.0	0
ERVL	DR0105305	KZ505657.1	2289706	2290036	C	24.1	0
ERVL	DR0105305	KZ505657.1	2290265	2290386	C	27.6	0
ERVL	DR0105338	KZ505657.1	2488279	2488516	+	8.5	0
ERV4	DR0105376	KZ505657.1	2574204	2574911	C	5.7	0
ERV1	DR0105240	KZ505657.1	2582675	2582930	C	24.9	0
ERVL	DR0105278	KZ505657.1	2622805	2623296	C	16.4	0
ERVL	DR0105338	KZ505658.1	12486	13163	+	14.2	0
ERVL	DR0105338	KZ505658.1	61266	62022	+	16.8	0
ERVL	DR0105338	KZ505658.1	186276	186908	C	20.6	0
ERVL	DR0105315	KZ505658.1	195506	196014	+	21.7	0
ERVL	DR0105358	KZ505658.1	238711	239075	C	7.6	0
ERVL	DR0105364	KZ505658.1	239077	239164	C	4.5	0
ERVL	DR0105371	KZ505658.1	347775	348326	C	13.7	0
ERVL	DR0105370	KZ505658.1	447654	447996	C	19.7	0
ERVL	DR0105338	KZ505658.1	661911	662910	+	20.5	0
ERVL	DR0105358	KZ505658.1	849070	849717	+	4.6	0
ERVL	DR0105238	KZ505658.1	964112	964873	+	10.0	0
ERVL	DR0105338	KZ505658.1	1113537	1114375	C	26.4	0
ERVL	DR0105294	KZ505658.1	1159626	1160370	C	11.5	0
ERVL	DR0105371	KZ505658.1	1198619	1199206	+	15.9	0
ERVL	DR0105371	KZ505658.1	1229903	1230472	C	14.5	0
ERVL	DR0105338	KZ505658.1	1298566	1299029	+	26.2	0
ERVL	DR0105294	KZ505658.1	1306671	1307413	C	10.9	0
ERVL	DR0105338	KZ505658.1	1424618	1424882	C	22.0	0
ERVL	DR0105338	KZ505658.1	1488399	1488617	+	23.9	0
ERVL	DR0105315	KZ505658.1	1497819	1498402	+	22.4	0
ERVL	DR0105338	KZ505658.1	1514795	1515798	C	15.8	0
ERVL	DR0105338	KZ505658.1	1566522	1566632	+	20.4	0
ERVL	DR0105338	KZ505658.1	1585881	1586935	C	19.0	0
ERVL	DR0105338	KZ505658.1	1754981	1755332	C	23.2	0
ERVL	DR0105278	KZ505658.1	1755340	1755864	C	14.7	0
ERVL	DR0105338	KZ505658.1	1755865	1756190	C	23.2	0
ERVL	DR0105338	KZ505658.1	1756196	1756297	C	20.5	0
ERVL	DR0105278	KZ505658.1	1846963	1847475	+	15.0	0
ERVL	DR0105305	KZ505658.1	1986114	1986437	C	30.7	0
ERVL	DR0105338	KZ505658.1	2195833	2196020	+	23.0	0
ERVL	DR0105305	KZ505658.1	2197708	2197802	+	27.7	0
ERVL	DR0105338	KZ505658.1	2245466	2246501	C	16.3	0
ERV1	DR0105342	KZ505658.1	2360539	2360973	C	12.6	0
ERV1	DR0105342	KZ505658.1	2360990	2361458	C	18.6	0
ERVL	DR0105370	KZ505658.1	2449656	2449793	C	23.9	0
ERVL	DR0105315	KZ505658.1	2449794	2450046	C	19.9	0
ERVL	DR0105278	KZ505658.1	2457365	2457753	C	14.4	0
ERVL	DR0105371	KZ505658.1	2457755	2458212	C	14.1	0
ERVL	DR0105338	KZ505658.1	2470524	2471310	+	23.7	0
ERVL	DR0105338	KZ505658.1	2491445	2491568	C	10.5	0
ERVL	DR0105338	KZ505658.1	2491584	2492212	C	18.2	0
ERVL	DR0105338	KZ505658.1	2502518	2503255	+	25.2	0
ERVL	DR0105370	KZ505658.1	2503304	2503853	C	15.1	0
ERVL	DR0105371	KZ505658.1	2515390	2515529	C	11.6	0
ERVL	DR0105232	KZ505658.1	2515540	2515609	+	23.6	0
ERVL	DR0105370	KZ505658.1	2521621	2521766	+	19.3	0
ERVL	DR0105338	KZ505658.1	2560561	2560846	+	32.0	0
ERVL	DR0105230	KZ505659.1	28671	28733	+	7.9	0
ERVL	DR0105364	KZ505659.1	61837	62190	+	11.2	0
ERVL	DR0105295	KZ505659.1	85486	86017	+	24.9	0
ERVL	DR0105315	KZ505659.1	90478	90694	C	24.1	0
ERVL	DR0105295	KZ505659.1	90729	90970	C	19.1	0
ERVL	DR0105371	KZ505659.1	255373	255926	+	14.2	0
ERV1	DR0105240	KZ505659.1	296021	296686	+	6.3	0
ERVL	DR0105278	KZ505659.1	598159	598654	+	15.2	0
ERVL	DR0105312	KZ505659.1	1267352	1267737	C	17.7	0
ERVL	DR0105327	KZ505659.1	1578618	1579342	C	9.1	0
ERVL	DR0105312	KZ505659.1	1635165	1635569	+	16.3	0
ERVL	DR0105338	KZ505659.1	1698974	1700109	C	17.1	0
ERVL	DR0105371	KZ505659.1	2138140	2138671	+	15.3	0
ERVL	DR0105278	KZ505659.1	2302314	2302787	C	14.5	0
ERVL	DR0105278	KZ505659.1	2327583	2328069	C	17.6	0
ERVL	DR0105338	KZ505659.1	2395431	2395711	C	25.2	0
ERVL	DR0105327	KZ505660.1	7727	7927	C	8.2	0
ERV1	DR0105240	KZ505660.1	166905	167043	C	21.8	0
ERVL	DR0105364	KZ505660.1	222027	222633	C	12.7	0
ERVL	DR0105370	KZ505660.1	336043	336195	+	20.9	0
ERVL	DR0105305	KZ505660.1	372913	373046	+	19.0	0
ERVL	DR0105278	KZ505660.1	532319	532787	+	14.6	0
ERVL	DR0105315	KZ505660.1	1103989	1104082	+	16.0	0
ERVL	DR0105370	KZ505660.1	1325807	1326371	C	15.3	0
ERVL	DR0105338	KZ505660.1	1390280	1390491	C	17.6	0
ERVL	DR0105338	KZ505660.1	1466159	1466425	+	19.9	0
ERVL	DR0105371	KZ505660.1	1558938	1559452	+	13.9	0
ERVL	DR0105338	KZ505660.1	1670324	1670682	+	24.0	0
ERVL	DR0105338	KZ505660.1	1670688	1670894	+	21.4	0
ERV4	DR0105376	KZ505660.1	1790766	1790971	C	28.5	0
ERVL	DR0105305	KZ505660.1	2361916	2362546	+	31.9	0
ERVL	DR0105238	KZ505660.1	2456967	2457057	C	7.7	0
ERVL	DR0105312	KZ505661.1	109463	109842	+	15.1	0
ERVL	DR0105278	KZ505661.1	460263	460649	+	13.4	0
ERVL	DR0105370	KZ505661.1	601404	601740	+	18.4	0
ERVL	DR0105370	KZ505661.1	759817	760169	+	15.1	0
ERV1	DR0105321	KZ505661.1	762961	763294	+	21.7	0
ERV1	DR0105321	KZ505661.1	763376	763507	+	22.8	0
ERVL	DR0105364	KZ505661.1	769236	769884	+	10.8	0
ERVL	DR0105370	KZ505661.1	876567	877189	+	10.6	0
ERVL	DR0105358	KZ505661.1	905874	906031	C	2.5	0
ERVL	DR0105371	KZ505661.1	924266	924840	+	15.2	0
ERVL	DR0105278	KZ505661.1	1098791	1099315	C	16.9	0
ERVL	DR0105278	KZ505661.1	1099316	1099378	C	17.9	0
ERVL	DR0105370	KZ505661.1	1171299	1171897	+	19.6	0
ERVL	DR0105371	KZ505661.1	1185601	1186161	+	14.9	0
ERV1	DR0105321	KZ505661.1	1266005	1266847	C	12.8	0
ERVL	DR0105305	KZ505661.1	1361147	1361607	C	28.3	0
ERV4	DR0105376	KZ505661.1	1364076	1364274	+	23.7	0
ERV1	DR0105240	KZ505661.1	1475885	1475960	C	8.0	0
ERVL	DR0105278	KZ505661.1	1486182	1486656	+	14.9	0
ERVL	DR0105338	KZ505661.1	2038044	2039179	+	25.7	0
ERVL	DR0105338	KZ505661.1	2039416	2040173	+	25.9	0
ERVL	DR0105278	KZ505661.1	2131832	2132381	C	16.8	0
ERVL	DR0105327	KZ505662.1	12770	13511	C	10.5	0
ERV4	DR0105376	KZ505662.1	28947	29444	+	13.6	0
ERVL	DR0105370	KZ505662.1	60071	60672	+	13.7	0
ERVL	DR0105338	KZ505662.1	97955	98270	+	26.7	0
ERVL	DR0105364	KZ505662.1	167569	168204	+	12.3	0
ERVL	DR0105238	KZ505662.1	172676	173498	+	42.7	0
ERVL	DR0105358	KZ505662.1	199341	199987	C	55.8	0
ERVL	DR0105312	KZ505662.1	236592	237411	+	16.4	0
ERVL	DR0105327	KZ505662.1	237703	238417	+	8.3	0
ERVL	DR0105278	KZ505662.1	239435	239894	C	15.4	0
ERVL	DR0105278	KZ505662.1	276410	276942	C	17.1	0
ERVL	DR0105315	KZ505662.1	358126	358704	+	19.4	0
ERVL	DR0105370	KZ505662.1	447661	448258	C	14.1	0
ERVL	DR0105278	KZ505662.1	453504	454031	C	14.1	0
ERVL	DR0105315	KZ505662.1	622245	622820	C	26.0	0
ERVL	DR0105338	KZ505662.1	644690	645821	+	22.2	0
ERVL	DR0105278	KZ505662.1	681253	681747	+	16.7	0
ERVL	DR0105370	KZ505662.1	904543	905079	C	24.9	0
ERV4	DR0105376	KZ505662.1	922831	923203	+	14.2	0
ERVL	DR0105278	KZ505662.1	1071930	1072098	+	12.5	0
ERVL	DR0105371	KZ505662.1	1215561	1216136	+	13.7	0
ERVL	DR0105278	KZ505662.1	1411605	1412089	+	15.0	0
ERV1	DR0105240	KZ505662.1	1453035	1453070	C	5.6	0
ERVL	DR0105294	KZ505662.1	1471642	1472380	+	10.2	0
ERVL	DR0105364	KZ505662.1	1476868	1477535	C	12.0	0
ERVL	DR0105371	KZ505662.1	1559089	1559638	+	13.7	0
ERVL	DR0105338	KZ505662.1	1560639	1560762	C	17.9	0
ERVL	DR0105370	KZ505662.1	1628506	1629038	C	25.4	0
ERVL	DR0105370	KZ505662.1	1821650	1822213	C	14.3	0
ERVL	DR0105338	KZ505662.1	1972931	1973794	+	21.3	0
ERVL	DR0105338	KZ505662.1	1989813	1990053	+	11.4	0
ERVL	DR0105370	KZ505662.1	2019657	2019750	C	9.6	0
ERVL	DR0105278	KZ505662.1	2246684	2247482	+	19.9	0
ERVL	DR0105327	KZ505662.1	2267049	2267775	+	9.5	0
ERV1	DR0105240	KZ505663.1	71003	71128	C	20.5	0
ERVL	DR0105364	KZ505663.1	71253	71601	+	9.2	0
ERVL	DR0105338	KZ505663.1	92382	93288	+	16.6	0
ERVL	DR0105305	KZ505663.1	98881	99083	C	23.9	0
ERV4	DR0105376	KZ505663.1	150589	151337	C	10.8	0
ERVL	DR0105370	KZ505663.1	286126	286603	+	25.9	0
ERV4	DR0105376	KZ505663.1	323346	323865	C	16.2	0
ERVL	DR0105278	KZ505663.1	360749	361053	+	15.3	0
ERVL	DR0105294	KZ505663.1	372768	372828	+	11.5	0
ERVL	DR0105294	KZ505663.1	373273	373439	+	17.7	0
ERVL	DR0105364	KZ505663.1	411646	412178	C	12.9	0
ERVL	DR0105238	KZ505663.1	422315	422412	+	9.3	0
ERVL	DR0105315	KZ505663.1	424890	425481	C	23.0	0
ERVL	DR0105371	KZ505663.1	428510	429087	C	14.9	0
ERVL	DR0105278	KZ505663.1	522660	522820	C	19.2	0
ERVL	DR0105338	KZ505663.1	530779	531873	+	16.4	0
ERVL	DR0105358	KZ505663.1	533974	534616	C	4.3	0
ERVL	DR0105338	KZ505663.1	583249	584126	C	27.3	0
ERVL	DR0105294	KZ505663.1	610415	611131	C	10.2	0
ERVL	DR0105327	KZ505663.1	622141	622180	C	5.0	0
ERVL	DR0105230	KZ505663.1	710821	710864	C	9.1	0
ERVL	DR0105371	KZ505663.1	784491	785065	+	15.9	0
ERVL	DR0105238	KZ505663.1	788701	788759	+	3.5	0
ERVL	DR0105370	KZ505663.1	803605	804185	C	12.9	0
ERVL	DR0105371	KZ505663.1	829452	830024	+	14.9	0
ERVL	DR0105338	KZ505663.1	924117	925199	+	22.1	0
ERVL	DR0105338	KZ505663.1	1014881	1015358	+	24.8	0
ERVL	DR0105371	KZ505663.1	1017571	1018088	C	12.0	0
ERVL	DR0105338	KZ505663.1	1217804	1218664	+	18.9	0
ERVL	DR0105327	KZ505663.1	1255556	1256001	C	13.2	0
ERV1	DR0105225	KZ505663.1	1291562	1291611	+	24.0	0
ERVL	DR0105370	KZ505663.1	1299286	1299643	C	11.8	0
ERVL	DR0105278	KZ505663.1	1394395	1394955	+	15.0	0
ERVL	DR0105327	KZ505663.1	1400745	1400817	+	2.7	0
ERVL	DR0105305	KZ505663.1	1471340	1471464	C	23.7	0
ERVL	DR0105338	KZ505663.1	1550555	1550720	C	14.6	0
ERVL	DR0105338	KZ505663.1	1584027	1585096	+	16.8	0
ERVL	DR0105278	KZ505663.1	1654126	1654646	C	18.3	0
ERVL	DR0105295	KZ505663.1	1696371	1696883	C	25.6	0
ERVL	DR0105338	KZ505663.1	1840504	1841397	+	29.8	0
ERVL	DR0105278	KZ505663.1	1904573	1904708	+	17.0	0
ERVL	DR0105338	KZ505663.1	1943859	1944449	C	28.9	0
ERVL	DR0105358	KZ505663.1	1961287	1961937	C	9.6	0
ERVL	DR0105338	KZ505663.1	1964383	1964568	C	21.2	0
ERVL	DR0105338	KZ505663.1	2010409	2011174	C	27.2	0
ERVL	DR0105305	KZ505663.1	2035116	2035352	C	23.1	0
ERVL	DR0105370	KZ505663.1	2037943	2038514	C	13.1	0
ERVL	DR0105371	KZ505663.1	2080454	2081021	+	13.6	0
ERVL	DR0105370	KZ505663.1	2113581	2114164	C	15.5	0
ERVL	DR0105278	KZ505663.1	2180836	2180910	+	10.6	0
ERVL	DR0105294	KZ505663.1	2180913	2181648	C	10.2	0
ERVL	DR0105370	KZ505663.1	2181653	2182205	+	24.9	0
ERV4	DR0105376	KZ505663.1	2187655	2188389	+	64.8	0
ERVL	DR0105238	KZ505663.1	2206840	2207586	+	10.0	0
ERVL	DR0105358	KZ505663.1	2241437	2241906	+	4.3	0
ERVL	DR0105338	KZ505663.1	2266850	2267913	+	18.0	0
ERVL	DR0105370	KZ505663.1	2295846	2296388	C	14.4	0
ERVL	DR0105338	KZ505663.1	2351894	2352420	C	13.6	0
ERVL	DR0105341	KZ505663.1	2368907	2369335	+	11.8	0
ERVL	DR0105327	KZ505664.1	1128	1328	+	8.2	0
ERV4	DR0105376	KZ505664.1	198187	198926	+	20.9	0
ERVL	DR0105278	KZ505664.1	200911	201439	+	13.4	0
ERVL	DR0105238	KZ505664.1	562796	563186	C	8.3	0
ERVL	DR0105327	KZ505664.1	575685	575752	C	8.6	0
ERVL	DR0105238	KZ505664.1	582243	582551	+	10.3	0
ERVL	DR0105338	KZ505664.1	749968	750027	+	17.0	0
ERVL	DR0105278	KZ505664.1	1983915	1984409	C	17.1	0
ERV1	DR0105321	KZ505664.1	1991033	1991387	+	25.8	0
ERVL	DR0105278	KZ505664.1	1994433	1994948	C	16.1	0
ERVL	DR0105305	KZ505664.1	2257021	2257118	C	24.7	0
ERVL	DR0105305	KZ505664.1	2267335	2267707	C	23.0	0
ERVL	DR0105364	KZ505665.1	230240	230849	C	9.4	0
ERV1	DR0105321	KZ505665.1	260941	261648	+	8.1	0
ERVL	DR0105370	KZ505665.1	299016	299573	C	18.0	0
ERV4	DR0105376	KZ505665.1	750620	751321	C	4.9	0
ERVL	DR0105370	KZ505665.1	779018	779172	C	20.0	0
ERVL	DR0105338	KZ505665.1	794386	795467	C	17.9	0
ERVL	DR0105294	KZ505665.1	904171	904909	+	11.4	0
ERVL	DR0105338	KZ505665.1	1095141	1096181	+	22.7	0
ERVL	DR0105370	KZ505665.1	1109260	1109859	+	12.8	0
ERVL	DR0105371	KZ505665.1	1821502	1822076	+	12.0	0
ERVL	DR0105371	KZ505665.1	2009990	2010267	C	13.4	0
ERVL	DR0105338	KZ505666.1	17545	18638	+	20.5	0
ERVL	DR0105261	KZ505666.1	54993	55287	C	14.1	0
ERVL	DR0105370	KZ505666.1	102177	102452	C	20.0	0
ERVL	DR0105371	KZ505666.1	104569	104620	C	18.0	0
ERVL	DR0105305	KZ505666.1	140786	140907	C	22.4	0
ERV1	DR0105240	KZ505666.1	140911	141224	C	24.3	0
ERVL	DR0105338	KZ505666.1	141479	141625	C	19.6	0
ERVL	DR0105371	KZ505666.1	159512	160081	C	12.2	0
ERVL	DR0105278	KZ505666.1	201512	201864	C	18.5	0
ERVL	DR0105278	KZ505666.1	201901	202128	C	15.5	0
ERVL	DR0105315	KZ505666.1	386109	386673	+	21.6	0
ERVL	DR0105371	KZ505666.1	458938	459080	C	14.8	0
ERVL	DR0105294	KZ505666.1	591918	592649	C	8.3	0
ERVL	DR0105278	KZ505666.1	616258	616592	C	12.7	0
ERVL	DR0105315	KZ505666.1	737706	738276	C	21.8	0
ERVL	DR0105261	KZ505666.1	936697	937623	+	15.4	0
ERVL	DR0105371	KZ505666.1	1023453	1024033	C	14.4	0
ERVL	DR0105371	KZ505666.1	1138762	1139122	C	12.7	0
ERVL	DR0105370	KZ505666.1	1139188	1139536	C	11.5	0
ERVL	DR0105370	KZ505666.1	1140005	1140479	C	12.0	0
ERVL	DR0105371	KZ505666.1	1140732	1141210	C	12.0	0
ERVL	DR0105370	KZ505666.1	1206106	1206688	+	13.1	0
ERVL	DR0105371	KZ505666.1	1323140	1323694	+	13.7	0
ERVL	DR0105370	KZ505666.1	1574278	1574844	+	15.0	0
ERVL	DR0105370	KZ505666.1	1613870	1613911	+	28.6	0
ERVL	DR0105315	KZ505666.1	1809366	1809852	+	21.7	0
ERVL	DR0105261	KZ505666.1	1813415	1813686	+	24.0	0
ERVL	DR0105370	KZ505666.1	1826438	1826611	C	27.4	0
ERVL	DR0105370	KZ505666.1	1826625	1826900	C	15.9	0
ERVL	DR0105278	KZ505666.1	1916032	1916518	C	14.1	0
ERVL	DR0105278	KZ505666.1	1961890	1962130	C	17.2	0
ERVL	DR0105338	KZ505666.1	2186030	2187005	+	23.2	0
ERVL	DR0105295	KZ505667.1	17285	17563	+	18.7	0
ERVL	DR0105305	KZ505667.1	17588	17629	+	16.7	0
ERVL	DR0105370	KZ505667.1	27081	27171	C	23.6	0
ERVL	DR0105305	KZ505667.1	97936	98723	C	26.9	0
ERVL	DR0105305	KZ505667.1	222504	222562	C	23.7	0
ERVL	DR0105315	KZ505667.1	222586	222885	C	22.5	0
ERVL	DR0105278	KZ505667.1	282148	282673	+	19.4	0
ERVL	DR0105315	KZ505667.1	460326	460891	C	24.8	0
ERVL	DR0105370	KZ505667.1	511799	511841	C	16.3	0
ERVL	DR0105371	KZ505667.1	557620	557942	+	17.1	0
ERV1	DR0105342	KZ505667.1	558084	558349	+	14.9	0
ERVL	DR0105294	KZ505667.1	585480	586184	+	8.4	0
ERVL	DR0105278	KZ505667.1	596211	596764	C	14.1	0
ERVL	DR0105338	KZ505667.1	644147	644952	+	18.9	0
ERVL	DR0105327	KZ505667.1	674879	674928	+	6.0	0
ERVL	DR0105327	KZ505667.1	675327	675596	+	8.6	0
ERV4	DR0105376	KZ505667.1	781910	782001	+	20.9	0
ERVL	DR0105338	KZ505667.1	794023	795108	+	15.8	0
ERVL	DR0105371	KZ505667.1	807230	807764	+	15.7	0
ERVL	DR0105315	KZ505667.1	930731	931092	+	22.0	0
ERVL	DR0105295	KZ505667.1	972429	972961	+	22.7	0
ERVL	DR0105338	KZ505667.1	988443	989488	C	15.1	0
ERVL	DR0105364	KZ505667.1	996541	997156	+	13.1	0
ERVL	DR0105358	KZ505667.1	1017776	1018411	+	13.4	0
ERVL	DR0105327	KZ505667.1	1196399	1196432	C	2.9	0
ERVL	DR0105358	KZ505667.1	1209871	1210514	C	5.1	0
ERVL	DR0105238	KZ505667.1	1615421	1615474	+	1.9	0
ERVL	DR0105238	KZ505667.1	1616059	1616147	+	16.5	0
ERVL	DR0105315	KZ505667.1	1768400	1768748	C	23.9	0
ERVL	DR0105338	KZ505667.1	1797921	1798549	C	14.3	0
ERVL	DR0105338	KZ505667.1	1800074	1800958	+	17.8	0
ERV4	DR0105376	KZ505667.1	1944269	1944340	+	6.9	0
ERVL	DR0105364	KZ505667.1	1962484	1963061	C	12.9	0
ERVL	DR0105315	KZ505667.1	1982190	1982470	+	21.7	0
ERVL	DR0105305	KZ505667.1	2019168	2020024	+	25.9	0
ERVL	DR0105238	KZ505667.1	2144168	2144929	+	10.1	0
ERVL	DR0105278	KZ505667.1	2175688	2176194	C	18.7	0
ERVL	DR0105327	KZ505667.1	2207029	2207479	+	17.9	0
ERVL	DR0105315	KZ505667.1	2218707	2219093	+	16.6	0
ERVL	DR0105358	KZ505668.1	1	451	+	12.2	0
ERVL	DR0105338	KZ505668.1	29768	30124	+	18.3	0
ERVL	DR0105261	KZ505668.1	46695	47001	+	15.4	0
ERVL	DR0105364	KZ505668.1	67216	67665	C	13.8	0
ERVL	DR0105370	KZ505668.1	69846	70468	C	22.3	0
ERVL	DR0105305	KZ505668.1	76946	77358	C	24.0	0
ERVL	DR0105370	KZ505668.1	81591	82166	C	14.9	0
ERVL	DR0105338	KZ505668.1	114576	114744	C	19.7	0
ERVL	DR0105315	KZ505668.1	150326	150404	+	12.7	0
ERVL	DR0105294	KZ505668.1	217938	218232	+	13.0	0
ERVL	DR0105305	KZ505668.1	250146	250321	+	29.8	0
ERVL	DR0105305	KZ505668.1	250349	250523	+	17.2	0
ERVL	DR0105370	KZ505668.1	267651	268220	+	20.4	0
ERVL	DR0105338	KZ505668.1	286805	287903	C	20.6	0
ERVL	DR0105371	KZ505668.1	320000	320450	+	13.3	0
ERVL	DR0105338	KZ505668.1	326654	327137	+	26.5	0
ERVL	DR0105295	KZ505668.1	337312	337595	+	21.2	0
ERVL	DR0105326	KZ505668.1	337605	337672	+	27.9	0
ERVL	DR0105338	KZ505668.1	364478	364787	+	26.5	0
ERVL	DR0105305	KZ505668.1	364880	365109	+	22.3	0
ERVL	DR0105370	KZ505668.1	395624	395818	C	20.8	0
ERVL	DR0105371	KZ505668.1	419681	420240	C	15.2	0
ERVL	DR0105278	KZ505668.1	438127	438170	+	18.2	0
ERVL	DR0105338	KZ505668.1	486518	486659	+	18.7	0
ERVL	DR0105338	KZ505668.1	511406	511492	C	5.8	0
ERVL	DR0105370	KZ505668.1	558379	558612	C	23.8	0
ERVL	DR0105295	KZ505668.1	558618	558906	C	12.9	0
ERVL	DR0105238	KZ505668.1	1006762	1007039	C	10.7	0
ERVL	DR0105364	KZ505668.1	1082784	1083463	C	10.1	0
ERVL	DR0105370	KZ505668.1	1096047	1096272	C	13.9	0
ERVL	DR0105278	KZ505668.1	1187958	1188460	+	16.3	0
ERVL	DR0105295	KZ505668.1	1483910	1484397	C	20.0	0
ERV4	DR0105376	KZ505668.1	1662110	1662855	C	6.7	0
ERV1	DR0105240	KZ505668.1	1843082	1843116	+	5.7	0
ERV1	DR0105321	KZ505668.1	2192964	2193085	+	15.9	0
ERVL	DR0105312	KZ505668.1	2216391	2216753	C	16.8	0
ERVL	DR0105338	KZ505669.1	4846	5516	C	20.1	0
ERVL	DR0105338	KZ505669.1	21095	22210	C	17.4	0
ERV4	DR0105376	KZ505669.1	26863	26981	C	21.5	0
ERVL	DR0105370	KZ505669.1	65074	65649	C	16.1	0
ERVL	DR0105238	KZ505669.1	113990	114735	+	12.9	0
ERVL	DR0105338	KZ505669.1	123932	124633	C	15.4	0
ERVL	DR0105370	KZ505669.1	166489	167095	+	15.1	0
ERVL	DR0105338	KZ505669.1	169526	170138	+	15.6	0
ERVL	DR0105238	KZ505669.1	367891	368652	+	10.4	0
ERVL	DR0105371	KZ505669.1	433616	434197	+	15.4	0
ERVL	DR0105238	KZ505669.1	557754	558509	C	10.2	0
ERVL	DR0105370	KZ505669.1	603243	603840	C	22.2	0
ERVL	DR0105327	KZ505669.1	724705	724743	C	7.7	0
ERVL	DR0105358	KZ505669.1	840985	841630	+	5.1	0
ERVL	DR0105364	KZ505669.1	856316	856614	C	16.4	0
ERVL	DR0105315	KZ505669.1	861444	861758	+	20.5	0
ERVL	DR0105364	KZ505669.1	946435	946948	+	10.3	0
ERVL	DR0105364	KZ505669.1	966510	967116	C	9.9	0
ERVL	DR0105370	KZ505669.1	982227	982783	C	26.2	0
ERVL	DR0105370	KZ505669.1	1192255	1192794	+	19.6	0
ERVL	DR0105370	KZ505669.1	1244725	1245784	+	16.8	0
ERVL	DR0105238	KZ505669.1	1326148	1326219	+	1.4	0
ERVL	DR0105238	KZ505669.1	1326746	1326835	+	16.8	0
ERVL	DR0105358	KZ505669.1	1528771	1529419	C	4.3	0
ERVL	DR0105338	KZ505669.1	1568854	1569974	+	16.4	0
ERVL	DR0105278	KZ505669.1	1685439	1685745	C	14.9	0
ERVL	DR0105358	KZ505669.1	1735218	1735864	+	4.5	0
ERVL	DR0105278	KZ505669.1	1760708	1761193	C	15.5	0
ERVL	DR0105370	KZ505669.1	1769268	1769849	C	14.0	0
ERVL	DR0105305	KZ505669.1	1809085	1809232	+	22.8	0
ERVL	DR0105278	KZ505669.1	1918036	1918521	+	11.1	0
ERVL	DR0105261	KZ505669.1	2010228	2010719	+	13.4	0
ERVL	DR0105371	KZ505669.1	2064997	2065570	C	13.6	0
ERV1	DR0105240	KZ505669.1	2157472	2157514	C	9.5	0
ERV4	DR0105376	KZ505670.1	111279	111829	C	12.0	0
ERVL	DR0105364	KZ505670.1	112401	113054	+	13.5	0
ERVL	DR0105278	KZ505670.1	169400	169926	C	12.3	0
ERVL	DR0105305	KZ505670.1	178803	179007	C	22.1	0
ERVL	DR0105305	KZ505670.1	179358	179562	C	33.4	0
ERVL	DR0105238	KZ505670.1	360770	361456	+	11.6	0
ERVL	DR0105338	KZ505670.1	372191	372565	C	11.3	0
ERVL	DR0105370	KZ505670.1	390137	390716	C	14.0	0
ERVL	DR0105338	KZ505670.1	565695	565916	C	12.9	0
ERVL	DR0105371	KZ505670.1	630061	630356	C	16.3	0
ERVL	DR0105338	KZ505670.1	652230	653117	C	16.1	0
ERVL	DR0105261	KZ505670.1	653474	653655	C	17.0	0
ERV4	DR0105376	KZ505670.1	708163	708547	+	24.5	0
ERVL	DR0105327	KZ505670.1	715603	716326	+	9.8	0
ERVL	DR0105370	KZ505670.1	814949	815533	+	25.0	0
ERVL	DR0105371	KZ505670.1	828133	828288	+	16.5	0
ERVL	DR0105312	KZ505670.1	916617	917039	C	18.9	0
ERV4	DR0105376	KZ505670.1	961648	962216	+	13.7	0
ERVL	DR0105278	KZ505670.1	1082270	1082796	+	15.4	0
ERVL	DR0105326	KZ505670.1	1093400	1093479	+	19.4	0
ERVL	DR0105370	KZ505670.1	1139295	1139852	+	19.4	0
ERVL	DR0105364	KZ505670.1	1576794	1577456	+	9.2	0
ERVL	DR0105371	KZ505670.1	1751799	1751946	+	20.9	0
ERVL	DR0105371	KZ505670.1	1754762	1754909	+	20.9	0
ERVL	DR0105371	KZ505670.1	1810961	1811157	C	16.8	0
ERVL	DR0105261	KZ505670.1	2126510	2127414	+	16.2	0
ERVL	DR0105338	KZ505670.1	2127929	2128222	+	18.4	0
ERVL	DR0105371	KZ505671.1	184362	184931	+	12.7	0
ERVL	DR0105294	KZ505671.1	381177	381236	+	5.0	0
ERVL	DR0105278	KZ505671.1	567219	567709	C	15.2	0
ERVL	DR0105338	KZ505671.1	657371	657570	C	12.6	0
ERVL	DR0105312	KZ505671.1	733199	733367	+	15.8	0
ERVL	DR0105232	KZ505671.1	733381	734962	+	11.2	0
ERVL	DR0105371	KZ505671.1	1107897	1108460	+	11.6	22
ERVL	DR0105370	KZ505671.1	1266513	1267104	+	13.9	0
ERVL	DR0105338	KZ505671.1	1330837	1330942	C	9.4	0
ERVL	DR0105261	KZ505671.1	1330946	1331318	C	13.3	0
ERVL	DR0105338	KZ505671.1	1489524	1489789	+	24.4	0
ERVL	DR0105338	KZ505671.1	1506132	1506898	+	23.2	0
ERVL	DR0105338	KZ505671.1	1510655	1511370	C	14.3	0
ERVL	DR0105338	KZ505671.1	1571362	1572158	C	24.4	0
ERVL	DR0105338	KZ505671.1	1655737	1656834	C	15.9	0
ERVL	DR0105371	KZ505671.1	1756877	1756962	+	20.9	0
ERVL	DR0105370	KZ505671.1	1757043	1757158	+	16.4	0
ERVL	DR0105278	KZ505671.1	1757159	1757205	+	12.8	0
ERVL	DR0105364	KZ505671.1	1857976	1858062	C	6.9	0
ERVL	DR0105230	KZ505671.1	1924024	1924118	+	10.5	0
ERVL	DR0105370	KZ505672.1	624492	624688	+	11.2	0
ERVL	DR0105230	KZ505672.1	835635	835701	C	14.9	0
ERVL	DR0105358	KZ505672.1	844199	844856	C	48.1	0
ERVL	DR0105371	KZ505672.1	1103410	1103459	+	22.0	0
ERVL	DR0105370	KZ505672.1	1103464	1103761	+	14.4	0
ERVL	DR0105305	KZ505672.1	1639384	1639500	C	21.5	0
ERVL	DR0105338	KZ505672.1	1639501	1639767	C	23.9	0
ERVL	DR0105338	KZ505672.1	1673363	1674483	+	15.5	0
ERVL	DR0105338	KZ505672.1	1742775	1743855	C	16.5	0
ERVL	DR0105305	KZ505672.1	1979181	1979366	+	26.0	0
ERVL	DR0105305	KZ505672.1	1979609	1979956	+	22.4	0
ERV1	DR0105240	KZ505673.1	19535	19814	+	25.1	0
ERVL	DR0105364	KZ505673.1	24616	25040	C	14.7	0
ERVL	DR0105278	KZ505673.1	691513	692045	C	16.3	0
ERV4	DR0105376	KZ505673.1	1547853	1548548	C	18.3	0
ERVL	DR0105278	KZ505673.1	1627956	1628240	C	14.8	0
ERVL	DR0105278	KZ505673.1	1628362	1628556	C	16.9	0
ERVL	DR0105278	KZ505673.1	1636402	1636967	C	19.4	0
ERVL	DR0105278	KZ505673.1	1834966	1835504	C	14.3	0
ERVL	DR0105294	KZ505673.1	2019187	2019941	+	9.7	0
ERVL	DR0105305	KZ505673.1	2025925	2025971	C	19.1	0
ERV4	DR0105376	KZ505674.1	109373	109569	+	26.6	0
ERVL	DR0105294	KZ505674.1	141147	141837	+	9.6	0
ERVL	DR0105370	KZ505674.1	238445	239020	+	16.4	0
ERV4	DR0105376	KZ505674.1	994378	994489	C	6.4	0
ERVL	DR0105278	KZ505674.1	1229400	1229510	+	15.3	0
ERVL	DR0105278	KZ505674.1	1229888	1230014	+	16.9	0
ERVL	DR0105371	KZ505674.1	1604627	1605121	+	12.9	0
ERVL	DR0105278	KZ505674.1	1958577	1959094	C	15.7	0
ERV4	DR0105376	KZ505675.1	79342	79748	+	17.2	0
ERVL	DR0105370	KZ505675.1	167845	168255	+	18.0	0
ERVL	DR0105358	KZ505675.1	210530	211172	+	8.6	0
ERVL	DR0105338	KZ505675.1	286281	286444	+	24.8	0
ERVL	DR0105358	KZ505675.1	351756	352374	+	25.7	0
ERVL	DR0105278	KZ505675.1	361961	362481	C	15.6	0
ERVL	DR0105305	KZ505675.1	367320	367499	+	24.8	0
ERVL	DR0105278	KZ505675.1	396267	396793	+	13.9	0
ERVL	DR0105278	KZ505675.1	673278	673824	C	15.8	0
ERVL	DR0105312	KZ505675.1	700407	700619	C	24.1	0
ERVL	DR0105312	KZ505675.1	700692	702189	C	14.9	0
ERVL	DR0105327	KZ505675.1	706478	706516	C	5.1	0
ERVL	DR0105371	KZ505675.1	745750	745910	+	19.5	0
ERVL	DR0105371	KZ505675.1	799593	800168	+	18.0	0
ERV1	DR0105240	KZ505675.1	812163	812287	+	29.3	0
ERVL	DR0105294	KZ505675.1	1249893	1250263	+	7.9	0
ERVL	DR0105238	KZ505675.1	1250266	1250434	+	15.3	0
ERV4	DR0105376	KZ505675.1	1401860	1401945	+	15.5	0
ERVL	DR0105312	KZ505675.1	1504919	1506294	+	38.1	0
ERVL	DR0105364	KZ505675.1	1794227	1794866	C	12.5	0
ERVL	DR0105305	KZ505675.1	1827824	1828250	C	22.9	0
ERVL	DR0105305	KZ505675.1	1828324	1828557	C	24.6	0
ERVL	DR0105278	KZ505675.1	1901827	1902333	C	19.1	0
ERVL	DR0105370	KZ505675.1	1971524	1972109	C	22.3	0
ERVL	DR0105294	KZ505676.1	60737	61143	+	11.6	0
ERVL	DR0105327	KZ505676.1	61634	61856	+	10.8	0
ERVL	DR0105261	KZ505676.1	248835	249604	C	17.9	0
ERVL	DR0105338	KZ505676.1	336657	337804	+	21.8	0
ERVL	DR0105294	KZ505676.1	675336	675511	+	6.2	0
ERVL	DR0105238	KZ505676.1	675513	675602	+	23.1	0
ERVL	DR0105338	KZ505676.1	679959	680609	+	22.9	0
ERV4	DR0105376	KZ505676.1	680883	681093	C	28.4	0
ERVL	DR0105305	KZ505676.1	682025	682303	+	28.7	0
ERVL	DR0105370	KZ505676.1	685088	685407	C	15.3	0
ERVL	DR0105358	KZ505676.1	695621	696272	+	8.4	0
ERVL	DR0105364	KZ505676.1	705552	705892	+	12.0	0
ERVL	DR0105364	KZ505676.1	706018	706394	+	11.3	0
ERVL	DR0105370	KZ505676.1	729694	730296	+	12.6	0
ERVL	DR0105295	KZ505676.1	747325	747533	+	18.7	0
ERVL	DR0105278	KZ505676.1	787720	788199	C	16.8	0
ERVL	DR0105338	KZ505676.1	854506	855551	+	19.0	0
ERV4	DR0105376	KZ505676.1	868001	868048	C	14.6	0
ERV4	DR0105376	KZ505676.1	868052	868590	C	5.0	0
ERVL	DR0105364	KZ505676.1	904587	905136	C	12.9	0
ERVL	DR0105370	KZ505676.1	928524	929102	C	19.9	0
ERVL	DR0105315	KZ505676.1	963716	963995	C	21.4	0
ERVL	DR0105338	KZ505676.1	966087	966840	C	22.7	0
ERVL	DR0105370	KZ505676.1	1045586	1046145	+	10.8	0
ERVL	DR0105370	KZ505676.1	1049486	1049616	+	14.7	0
ERVL	DR0105230	KZ505676.1	1075384	1076002	+	6.2	0
ERVL	DR0105364	KZ505676.1	1131751	1132396	C	11.5	0
ERVL	DR0105315	KZ505676.1	1176216	1176797	C	24.3	0
ERVL	DR0105338	KZ505676.1	1188832	1189770	C	17.1	0
ERV1	DR0105342	KZ505676.1	1197528	1198544	C	14.7	0
ERVL	DR0105327	KZ505676.1	1233041	1233252	+	9.6	0
ERVL	DR0105370	KZ505676.1	1382015	1382553	+	24.4	0
ERV4	DR0105376	KZ505676.1	1412367	1412517	+	26.7	0
ERV1	DR0105342	KZ505676.1	1436194	1436382	+	23.5	0
ERVL	DR0105371	KZ505676.1	1506892	1507461	C	15.9	0
ERVL	DR0105327	KZ505676.1	1636268	1636998	C	8.2	0
ERVL	DR0105294	KZ505676.1	1685811	1686003	C	12.9	0
ERVL	DR0105312	KZ505676.1	1687481	1690185	C	15.0	0
ERV1	DR0105321	KZ505676.1	1760105	1760239	C	17.8	0
ERV1	DR0105321	KZ505676.1	1760317	1760484	C	25.5	0
ERVL	DR0105278	KZ505676.1	1768657	1769135	C	19.2	0
ERVL	DR0105370	KZ505676.1	1781191	1781337	+	16.3	0
ERVL	DR0105278	KZ505676.1	1823633	1824191	C	17.8	0
ERV1	DR0105240	KZ505676.1	1937965	1938611	C	8.3	0
ERVL	DR0105364	KZ505676.1	1946208	1946816	+	12.5	0
ERVL	DR0105327	KZ505676.1	1957789	1958500	C	15.1	0
ERV1	DR0105240	KZ505676.1	1968135	1968734	C	9.2	0
ERVL	DR0105338	KZ505677.1	83724	84641	C	26.4	0
ERVL	DR0105261	KZ505677.1	89961	90720	+	17.6	0
ERVL	DR0105261	KZ505677.1	92266	92646	+	14.7	0
ERVL	DR0105312	KZ505677.1	137396	137878	C	22.8	0
ERVL	DR0105338	KZ505677.1	145701	146104	C	24.0	0
ERVL	DR0105338	KZ505677.1	215117	215747	+	23.4	0
ERVL	DR0105305	KZ505677.1	240819	241169	C	25.5	0
ERVL	DR0105305	KZ505677.1	241342	241491	C	24.1	0
ERVL	DR0105370	KZ505677.1	258026	258296	C	11.4	0
ERVL	DR0105295	KZ505677.1	333804	333894	+	16.5	0
ERVL	DR0105338	KZ505677.1	377043	377756	C	23.0	0
ERV4	DR0105376	KZ505677.1	390032	390811	+	6.7	0
ERVL	DR0105338	KZ505677.1	406690	407804	+	16.5	0
ERVL	DR0105238	KZ505677.1	442168	442918	C	11.6	0
ERVL	DR0105315	KZ505677.1	478338	478912	C	24.4	0
ERVL	DR0105370	KZ505677.1	484641	485193	C	16.5	0
ERVL	DR0105338	KZ505677.1	580425	581366	C	19.9	0
ERVL	DR0105294	KZ505677.1	635562	636259	+	10.8	0
ERV4	DR0105376	KZ505677.1	690333	690883	C	13.4	0
ERVL	DR0105370	KZ505677.1	721794	721841	C	20.8	0
ERVL	DR0105370	KZ505677.1	721873	722149	C	17.3	0
ERVL	DR0105338	KZ505677.1	725317	726436	C	16.4	0
ERVL	DR0105295	KZ505677.1	738528	739076	C	27.5	0
ERVL	DR0105370	KZ505677.1	787127	787705	C	23.2	0
ERVL	DR0105338	KZ505677.1	804261	805335	C	19.0	0
ERVL	DR0105238	KZ505677.1	810048	810796	+	11.8	0
ERVL	DR0105278	KZ505677.1	824042	824558	+	16.6	0
ERVL	DR0105370	KZ505677.1	891490	892069	C	18.5	0
ERV4	DR0105376	KZ505677.1	910554	911313	C	5.6	0
ERVL	DR0105238	KZ505677.1	977141	977200	C	22.4	0
ERVL	DR0105315	KZ505677.1	978555	978929	+	17.1	0
ERVL	DR0105370	KZ505677.1	979047	979243	+	20.4	0
ERVL	DR0105338	KZ505677.1	1006066	1007131	C	24.8	0
ERVL	DR0105370	KZ505677.1	1026016	1026623	+	21.6	0
ERVL	DR0105238	KZ505677.1	1035138	1035929	+	11.8	0
ERVL	DR0105338	KZ505677.1	1071432	1072270	+	19.2	0
ERVL	DR0105338	KZ505677.1	1073234	1074036	C	24.4	0
ERVL	DR0105371	KZ505677.1	1095224	1095795	+	15.1	0
ERVL	DR0105341	KZ505677.1	1101015	1101408	C	11.6	0
ERVL	DR0105370	KZ505677.1	1117913	1118268	C	17.6	0
ERVL	DR0105371	KZ505677.1	1155427	1155946	+	19.1	0
ERVL	DR0105338	KZ505677.1	1164454	1165536	+	22.3	0
ERV4	DR0105376	KZ505677.1	1198313	1199086	+	31.8	0
ERVL	DR0105358	KZ505677.1	1202879	1203521	+	3.6	0
ERVL	DR0105294	KZ505677.1	1227470	1227839	C	14.8	0
ERVL	DR0105370	KZ505677.1	1242300	1242368	C	20.3	0
ERVL	DR0105315	KZ505677.1	1322166	1322605	+	23.1	0
ERVL	DR0105370	KZ505677.1	1325468	1326060	+	21.0	0
ERVL	DR0105261	KZ505677.1	1380192	1380448	+	11.7	0
ERVL	DR0105312	KZ505677.1	1392259	1392984	+	39.4	0
ERVL	DR0105327	KZ505677.1	1482730	1482885	C	9.0	0
ERVL	DR0105338	KZ505677.1	1745875	1746348	+	17.2	0
ERVL	DR0105315	KZ505677.1	1834128	1834734	+	26.7	0
ERVL	DR0105305	KZ505677.1	1921253	1921427	C	23.9	0
ERVL	DR0105278	KZ505677.1	1932590	1933072	+	22.3	0
ERVL	DR0105371	KZ505677.1	1966041	1966638	C	15.1	0
ERVL	DR0105364	KZ505678.1	43660	44339	+	12.1	0
ERVL	DR0105358	KZ505678.1	337612	338257	+	4.0	0
ERVL	DR0105338	KZ505678.1	355623	356726	C	15.0	0
ERVL	DR0105370	KZ505678.1	356976	357027	C	25.7	0
ERVL	DR0105338	KZ505678.1	357028	357074	C	12.8	0
ERVL	DR0105338	KZ505678.1	539476	540492	+	23.8	0
ERVL	DR0105238	KZ505678.1	580225	580968	C	11.3	0
ERVL	DR0105315	KZ505678.1	1032586	1033128	C	21.4	0
ERVL	DR0105358	KZ505678.1	1106474	1106616	+	3.5	0
ERVL	DR0105278	KZ505678.1	1108930	1109430	+	16.6	0
ERVL	DR0105278	KZ505678.1	1118952	1119395	C	18.8	0
ERVL	DR0105327	KZ505678.1	1133194	1133306	+	15.9	0
ERVL	DR0105238	KZ505678.1	1160619	1160771	+	14.2	0
ERVL	DR0105338	KZ505678.1	1230074	1231082	C	15.5	0
ERVL	DR0105338	KZ505678.1	1265605	1266594	C	15.4	0
ERVL	DR0105338	KZ505678.1	1447356	1448300	+	15.7	0
ERVL	DR0105370	KZ505678.1	1531529	1531778	+	11.2	0
ERVL	DR0105371	KZ505678.1	1531914	1532247	+	11.7	0
ERVL	DR0105364	KZ505678.1	1536237	1536813	C	14.0	0
ERVL	DR0105338	KZ505678.1	1618083	1618781	+	19.7	0
ERVL	DR0105338	KZ505678.1	1618786	1618988	+	9.9	0
ERVL	DR0105295	KZ505678.1	1646609	1647120	C	20.4	0
ERVL	DR0105278	KZ505678.1	1665190	1665708	C	17.7	0
ERV4	DR0105376	KZ505678.1	1818139	1818344	+	11.7	0
ERVL	DR0105370	KZ505679.1	6133	6699	C	25.5	0
ERVL	DR0105370	KZ505679.1	14882	15480	C	23.8	0
ERVL	DR0105295	KZ505679.1	35753	36291	C	23.8	0
ERVL	DR0105278	KZ505679.1	67095	67582	C	20.7	0
ERVL	DR0105338	KZ505679.1	125901	126466	+	22.5	0
ERVL	DR0105371	KZ505679.1	138181	138760	+	13.1	0
ERVL	DR0105371	KZ505679.1	149763	150351	C	17.7	0
ERVL	DR0105338	KZ505679.1	158973	159200	+	23.3	0
ERVL	DR0105315	KZ505679.1	210572	211112	C	23.4	0
ERVL	DR0105338	KZ505679.1	322025	322301	+	24.0	0
ERVL	DR0105278	KZ505679.1	411320	411849	C	13.3	0
ERVL	DR0105358	KZ505679.1	419776	420418	+	5.0	0
ERVL	DR0105370	KZ505679.1	423371	423524	C	22.1	0
ERVL	DR0105315	KZ505679.1	423607	423805	C	20.3	0
ERVL	DR0105338	KZ505679.1	440572	441128	C	18.5	0
ERV4	DR0105376	KZ505679.1	442546	443045	+	20.5	0
ERV1	DR0105342	KZ505679.1	443046	444069	+	20.5	0
ERVL	DR0105338	KZ505679.1	452491	453593	+	18.3	0
ERVL	DR0105295	KZ505679.1	456598	457128	+	20.3	0
ERVL	DR0105371	KZ505679.1	462428	462733	C	13.7	0
ERVL	DR0105370	KZ505679.1	470888	471415	+	16.1	0
ERVL	DR0105278	KZ505679.1	506664	507210	C	19.1	0
ERV1	DR0105321	KZ505679.1	556170	556934	+	11.4	0
ERVL	DR0105327	KZ505679.1	614502	615230	+	11.7	0
ERVL	DR0105338	KZ505679.1	623214	624275	+	19.2	0
ERVL	DR0105315	KZ505679.1	633051	633594	C	23.4	0
ERVL	DR0105338	KZ505679.1	642751	643203	C	22.9	0
ERVL	DR0105295	KZ505679.1	668012	668159	+	18.9	0
ERVL	DR0105338	KZ505679.1	716234	716556	C	19.9	0
ERVL	DR0105338	KZ505679.1	726642	727040	C	23.3	0
ERVL	DR0105326	KZ505679.1	740764	740958	C	20.2	0
ERVL	DR0105312	KZ505679.1	785849	787352	+	15.5	0
ERVL	DR0105370	KZ505679.1	790948	791550	C	13.7	0
ERVL	DR0105370	KZ505679.1	805763	806358	C	24.0	0
ERVL	DR0105338	KZ505679.1	833748	834310	+	22.3	0
ERVL	DR0105315	KZ505679.1	846302	846578	C	24.2	0
ERVL	DR0105338	KZ505679.1	848923	849365	+	24.2	0
ERVL	DR0105278	KZ505679.1	856387	856726	+	17.7	0
ERVL	DR0105370	KZ505679.1	856731	857109	C	20.9	0
ERVL	DR0105338	KZ505679.1	887478	888091	C	12.2	0
ERVL	DR0105370	KZ505679.1	902200	902752	C	23.6	0
ERVL	DR0105278	KZ505679.1	931694	932194	+	18.4	0
ERV4	DR0105376	KZ505679.1	946748	947502	+	6.4	0
ERVL	DR0105238	KZ505679.1	1011819	1012547	+	10.5	0
ERVL	DR0105338	KZ505679.1	1083348	1083698	C	24.2	0
ERV4	DR0105376	KZ505679.1	1108464	1109017	C	16.1	0
ERVL	DR0105370	KZ505679.1	1109316	1109882	+	17.8	0
ERVL	DR0105295	KZ505679.1	1131404	1131855	+	18.8	0
ERVL	DR0105338	KZ505679.1	1140124	1140949	C	20.9	0
ERVL	DR0105370	KZ505679.1	1164735	1165028	+	13.1	0
ERVL	DR0105338	KZ505679.1	1188730	1188804	C	20.9	0
ERVL	DR0105305	KZ505679.1	1241408	1241461	+	24.1	0
ERVL	DR0105315	KZ505679.1	1333385	1333540	C	21.6	0
ERVL	DR0105295	KZ505679.1	1333573	1333815	C	19.8	0
ERVL	DR0105370	KZ505679.1	1386238	1386835	+	13.8	0
ERVL	DR0105370	KZ505679.1	1393431	1394021	+	15.4	0
ERVL	DR0105338	KZ505679.1	1419047	1419518	+	14.2	0
ERVL	DR0105338	KZ505679.1	1420986	1421197	C	21.2	0
ERVL	DR0105358	KZ505679.1	1422243	1422880	+	8.2	0
ERVL	DR0105371	KZ505679.1	1423731	1424350	+	26.4	0
ERVL	DR0105370	KZ505679.1	1439141	1439729	C	23.2	0
ERVL	DR0105338	KZ505679.1	1453426	1453647	C	20.0	0
ERVL	DR0105371	KZ505679.1	1466691	1467039	+	12.7	0
ERVL	DR0105370	KZ505679.1	1486623	1486716	+	16.1	0
ERVL	DR0105338	KZ505679.1	1564413	1564949	C	22.0	0
ERVL	DR0105315	KZ505679.1	1567818	1568373	+	21.6	0
ERVL	DR0105338	KZ505679.1	1581743	1582152	+	24.9	0
ERVL	DR0105338	KZ505679.1	1588458	1589440	+	14.4	0
ERVL	DR0105278	KZ505679.1	1602132	1602454	+	16.0	0
ERVL	DR0105327	KZ505679.1	1609582	1610310	C	8.7	0
ERVL	DR0105338	KZ505679.1	1612006	1612736	+	23.8	0
ERVL	DR0105295	KZ505679.1	1630893	1631380	C	19.6	0
ERVL	DR0105295	KZ505679.1	1634256	1634365	C	12.7	0
ERVL	DR0105371	KZ505679.1	1647491	1648057	C	14.7	0
ERVL	DR0105338	KZ505679.1	1686747	1686936	C	20.8	0
ERVL	DR0105364	KZ505679.1	1760608	1761220	+	16.0	0
ERVL	DR0105327	KZ505679.1	1847166	1847747	C	11.1	0
ERVL	DR0105278	KZ505679.1	1867067	1867600	+	18.7	0
ERVL	DR0105371	KZ505679.1	1878067	1878664	+	17.9	0
ERVL	DR0105338	KZ505679.1	1889478	1890186	+	24.1	0
ERVL	DR0105338	KZ505679.1	1896789	1897152	+	12.0	0
ERVL	DR0105338	KZ505680.1	39200	39539	C	24.6	0
ERVL	DR0105338	KZ505680.1	53269	53438	+	23.7	0
ERVL	DR0105278	KZ505680.1	54797	55105	C	16.3	0
ERVL	DR0105261	KZ505680.1	163405	163768	C	14.7	0
ERVL	DR0105238	KZ505680.1	172082	172127	C	21.7	0
ERVL	DR0105305	KZ505680.1	177809	177891	C	30.1	0
ERVL	DR0105278	KZ505680.1	181809	181854	C	13.1	0
ERVL	DR0105370	KZ505680.1	290431	291010	+	17.0	0
ERVL	DR0105370	KZ505680.1	297073	297212	+	16.6	0
ERVL	DR0105370	KZ505680.1	307174	307782	+	13.8	0
ERVL	DR0105370	KZ505680.1	319285	319836	+	17.8	0
ERVL	DR0105338	KZ505680.1	327792	327891	C	25.0	0
ERVL	DR0105338	KZ505680.1	335537	335683	+	16.3	0
ERVL	DR0105338	KZ505680.1	335715	336068	+	19.5	0
ERVL	DR0105278	KZ505680.1	340422	340957	+	13.9	0
ERVL	DR0105371	KZ505680.1	351171	351340	C	22.5	0
ERVL	DR0105294	KZ505680.1	387514	387683	C	9.4	0
ERVL	DR0105338	KZ505680.1	389301	390404	C	17.1	0
ERVL	DR0105327	KZ505680.1	408879	409583	C	10.8	0
ERVL	DR0105338	KZ505680.1	424926	426078	C	17.0	0
ERVL	DR0105370	KZ505680.1	439391	439909	+	20.1	0
ERVL	DR0105238	KZ505680.1	439911	440402	+	11.4	0
ERVL	DR0105370	KZ505680.1	468441	469001	C	18.4	0
ERVL	DR0105370	KZ505680.1	470882	471443	C	28.4	0
ERVL	DR0105364	KZ505680.1	506727	507106	C	13.4	0
ERV4	DR0105376	KZ505680.1	526459	526618	C	26.9	0
ERVL	DR0105278	KZ505680.1	592060	592576	+	14.1	0
ERVL	DR0105315	KZ505680.1	627489	628021	C	23.1	0
ERV4	DR0105376	KZ505680.1	629090	629817	+	5.0	0
ERVL	DR0105338	KZ505680.1	668757	669333	+	14.2	0
ERV4	DR0105376	KZ505680.1	720049	720259	C	16.8	0
ERVL	DR0105312	KZ505680.1	746946	747362	C	14.7	0
ERVL	DR0105370	KZ505680.1	767260	767822	C	25.0	0
ERV1	DR0105342	KZ505680.1	769159	769351	C	25.8	0
ERV1	DR0105342	KZ505680.1	769560	769750	C	21.6	0
ERVL	DR0105370	KZ505680.1	804831	805359	+	22.6	0
ERVL	DR0105371	KZ505680.1	945044	945582	C	13.4	0
ERVL	DR0105370	KZ505680.1	976060	976647	C	12.9	0
ERVL	DR0105278	KZ505680.1	1044740	1045228	+	17.5	0
ERVL	DR0105338	KZ505680.1	1157207	1157614	C	23.5	0
ERVL	DR0105278	KZ505680.1	1209334	1209854	C	19.4	0
ERV4	DR0105376	KZ505680.1	1290235	1290495	+	5.0	0
ERVL	DR0105338	KZ505680.1	1315437	1315869	+	27.1	0
ERVL	DR0105315	KZ505680.1	1398529	1398931	+	23.2	0
ERV1	DR0105240	KZ505680.1	1416210	1416852	+	10.9	0
ERVL	DR0105371	KZ505680.1	1418825	1419402	+	17.0	0
ERVL	DR0105338	KZ505680.1	1430003	1431107	C	17.9	0
ERVL	DR0105371	KZ505680.1	1439993	1440410	+	17.6	0
ERVL	DR0105370	KZ505680.1	1627391	1627934	C	26.9	0
ERVL	DR0105338	KZ505680.1	1705401	1705665	+	21.1	0
ERVL	DR0105364	KZ505680.1	1718515	1719163	+	12.0	0
ERVL	DR0105315	KZ505680.1	1733665	1734249	+	25.6	0
ERVL	DR0105370	KZ505680.1	1749373	1749931	C	21.4	0
ERVL	DR0105338	KZ505680.1	1752313	1753059	+	25.0	0
ERVL	DR0105370	KZ505680.1	1769633	1770064	C	14.2	0
ERVL	DR0105371	KZ505680.1	1771418	1771667	+	19.4	0
ERVL	DR0105327	KZ505680.1	1784267	1784593	+	19.7	0
ERVL	DR0105371	KZ505680.1	1810536	1811112	C	12.2	0
ERVL	DR0105278	KZ505680.1	1817582	1817792	C	17.0	0
ERVL	DR0105370	KZ505680.1	1833704	1834237	C	24.8	0
ERV4	DR0105376	KZ505681.1	219381	219542	+	6.2	0
ERVL	DR0105294	KZ505681.1	259984	260715	+	9.2	0
ERVL	DR0105278	KZ505681.1	457346	457423	C	10.3	0
ERV4	DR0105376	KZ505681.1	493398	493955	C	13.7	0
ERVL	DR0105338	KZ505681.1	551527	552591	+	13.7	0
ERVL	DR0105338	KZ505681.1	710223	710513	+	21.3	0
ERVL	DR0105371	KZ505681.1	784282	784475	+	16.6	0
ERVL	DR0105370	KZ505681.1	784482	784802	+	15.4	0
ERVL	DR0105238	KZ505681.1	811723	811820	+	6.2	0
ERVL	DR0105305	KZ505681.1	856507	856625	C	23.2	0
ERVL	DR0105315	KZ505681.1	884108	884451	C	22.4	0
ERVL	DR0105370	KZ505681.1	1008446	1008707	+	14.5	0
ERVL	DR0105371	KZ505681.1	1013166	1013763	C	24.6	0
ERV1	DR0105321	KZ505681.1	1021219	1021372	+	13.1	0
ERV4	DR0105376	KZ505681.1	1207964	1208704	C	51.9	0
ERVL	DR0105278	KZ505681.1	1393149	1393655	C	13.3	0
ERV4	DR0105376	KZ505681.1	1747695	1747897	C	19.0	0
ERVL	DR0105338	KZ505682.1	9601	10547	C	22.5	0
ERVL	DR0105338	KZ505682.1	36150	36905	C	18.4	0
ERVL	DR0105338	KZ505682.1	44414	45240	C	20.5	0
ERVL	DR0105338	KZ505682.1	49771	50000	C	18.4	0
ERV4	DR0105376	KZ505682.1	74783	75116	+	13.9	0
ERV4	DR0105376	KZ505682.1	75132	75555	+	9.4	0
ERVL	DR0105370	KZ505682.1	97022	97276	+	20.1	0
ERVL	DR0105338	KZ505682.1	98876	98997	+	14.1	0
ERVL	DR0105278	KZ505682.1	200013	200566	C	15.5	0
ERVL	DR0105338	KZ505682.1	213369	214123	C	22.3	0
ERV1	DR0105321	KZ505682.1	221783	222519	+	11.8	0
ERVL	DR0105338	KZ505682.1	229176	230167	+	18.3	0
ERVL	DR0105370	KZ505682.1	252071	252648	C	13.2	0
ERVL	DR0105230	KZ505682.1	390954	391005	C	11.5	0
ERVL	DR0105370	KZ505682.1	471170	471755	C	10.3	0
ERVL	DR0105294	KZ505682.1	480030	480760	+	10.7	0
ERVL	DR0105238	KZ505682.1	498426	498763	C	12.0	0
ERVL	DR0105238	KZ505682.1	498774	499443	C	9.9	0
ERVL	DR0105278	KZ505682.1	505227	505723	+	13.7	0
ERVL	DR0105371	KZ505682.1	515835	516422	+	14.9	0
ERVL	DR0105370	KZ505682.1	527634	528286	C	22.8	0
ERVL	DR0105370	KZ505682.1	533488	533582	C	24.2	0
ERVL	DR0105370	KZ505682.1	533644	534228	C	23.1	0
ERV1	DR0105240	KZ505682.1	535442	536058	C	6.8	0
ERV1	DR0105240	KZ505682.1	540761	540892	+	4.8	0
ERVL	DR0105370	KZ505682.1	549854	549938	C	13.1	0
ERVL	DR0105371	KZ505682.1	549956	550534	C	14.9	0
ERVL	DR0105370	KZ505682.1	571690	572265	+	24.4	0
ERVL	DR0105338	KZ505682.1	680257	680655	C	19.7	0
ERVL	DR0105338	KZ505682.1	715997	717025	+	22.5	0
ERVL	DR0105338	KZ505682.1	925308	926006	C	24.4	0
ERVL	DR0105238	KZ505682.1	938076	938828	C	8.5	0
ERVL	DR0105278	KZ505682.1	1003506	1004033	+	17.2	0
ERVL	DR0105326	KZ505682.1	1038188	1038249	+	25.8	0
ERVL	DR0105338	KZ505682.1	1053644	1054705	C	16.1	0
ERVL	DR0105230	KZ505682.1	1065998	1066616	+	6.6	0
ERVL	DR0105238	KZ505682.1	1139447	1140184	+	9.1	0
ERVL	DR0105358	KZ505682.1	1173091	1173264	C	4.6	0
ERVL	DR0105312	KZ505682.1	1174127	1175732	C	19.0	0
ERVL	DR0105312	KZ505682.1	1176258	1177774	C	18.1	0
ERVL	DR0105358	KZ505682.1	1180367	1180460	C	1.1	0
ERVL	DR0105338	KZ505682.1	1244160	1244515	C	24.4	0
ERVL	DR0105370	KZ505682.1	1257747	1258288	+	13.6	0
ERVL	DR0105370	KZ505682.1	1328596	1329186	+	16.2	0
ERVL	DR0105370	KZ505682.1	1331244	1331316	+	9.6	0
ERVL	DR0105338	KZ505682.1	1331358	1331786	+	17.6	0
ERVL	DR0105370	KZ505682.1	1331847	1332387	+	16.5	0
ERVL	DR0105338	KZ505682.1	1362560	1363677	C	17.1	0
ERVL	DR0105338	KZ505682.1	1422492	1422922	C	20.0	0
ERVL	DR0105338	KZ505682.1	1488718	1489672	C	25.1	0
ERVL	DR0105327	KZ505682.1	1524823	1525533	+	9.8	0
ERVL	DR0105312	KZ505682.1	1538454	1538510	C	14.6	0
ERVL	DR0105327	KZ505682.1	1723140	1723169	C	3.3	0
ERVL	DR0105370	KZ505682.1	1765972	1766498	C	20.5	0
ERVL	DR0105370	KZ505682.1	1776122	1776530	+	21.9	0
ERVL	DR0105315	KZ505682.1	1793982	1794519	C	22.2	0
ERVL	DR0105327	KZ505682.1	1804745	1804825	+	7.4	0
ERVL	DR0105238	KZ505683.1	73196	73297	+	8.5	0
ERVL	DR0105278	KZ505683.1	91796	91904	+	11.0	0
ERVL	DR0105278	KZ505683.1	92078	92473	+	15.7	0
ERVL	DR0105238	KZ505683.1	498474	499242	+	11.9	0
ERVL	DR0105371	KZ505683.1	552250	552790	C	10.6	0
ERVL	DR0105338	KZ505683.1	580459	580816	+	21.2	0
ERVL	DR0105305	KZ505683.1	666316	666404	+	16.7	0
ERVL	DR0105370	KZ505683.1	804095	804681	C	12.8	0
ERVL	DR0105238	KZ505683.1	807477	807530	+	11.3	0
ERVL	DR0105338	KZ505683.1	1083894	1084470	+	20.9	0
ERVL	DR0105278	KZ505683.1	1106283	1106821	+	17.8	0
ERVL	DR0105278	KZ505683.1	1380532	1381034	C	16.8	0
ERVL	DR0105238	KZ505683.1	1624272	1624402	C	17.1	0
ERVL	DR0105238	KZ505683.1	1624828	1625006	C	9.0	0
ERVL	DR0105315	KZ505683.1	1686806	1687138	C	24.8	0
ERV4	DR0105376	KZ505683.1	1778022	1778220	C	8.2	0
ERVL	DR0105294	KZ505684.1	59883	60624	C	11.4	0
ERVL	DR0105364	KZ505684.1	296715	297333	+	14.1	0
ERVL	DR0105278	KZ505684.1	404323	404833	C	14.7	0
ERVL	DR0105370	KZ505684.1	492499	492947	C	15.8	0
ERVL	DR0105358	KZ505684.1	1033167	1033811	C	6.2	0
ERVL	DR0105338	KZ505684.1	1056525	1056779	+	13.1	0
ERVL	DR0105370	KZ505684.1	1125713	1126089	C	19.1	0
ERVL	DR0105371	KZ505684.1	1128937	1129498	C	15.4	0
ERVL	DR0105278	KZ505684.1	1149616	1150188	C	14.7	0
ERVL	DR0105371	KZ505684.1	1213912	1214445	+	20.5	0
ERVL	DR0105370	KZ505684.1	1239025	1239624	+	13.4	0
ERVL	DR0105230	KZ505684.1	1255370	1255450	+	14.8	0
ERVL	DR0105278	KZ505684.1	1280301	1280804	C	16.3	0
ERVL	DR0105371	KZ505684.1	1307503	1308071	+	15.0	0
ERVL	DR0105278	KZ505684.1	1358367	1358877	+	17.3	0
ERVL	DR0105338	KZ505684.1	1381320	1382414	+	17.4	0
ERVL	DR0105370	KZ505684.1	1385457	1386045	+	17.1	0
ERVL	DR0105371	KZ505684.1	1428883	1429439	C	14.3	0
ERVL	DR0105370	KZ505684.1	1460429	1461030	C	13.1	0
ERV1	DR0105240	KZ505684.1	1463714	1464011	+	25.6	0
ERVL	DR0105315	KZ505684.1	1530323	1530902	+	23.3	0
ERVL	DR0105338	KZ505684.1	1577480	1578605	C	16.4	0
ERVL	DR0105358	KZ505684.1	1652317	1652935	+	4.9	0
ERVL	DR0105358	KZ505685.1	107461	108104	C	4.8	0
ERVL	DR0105371	KZ505685.1	299586	300153	+	17.8	0
ERVL	DR0105370	KZ505685.1	414422	414473	+	13.1	0
ERVL	DR0105294	KZ505685.1	414474	415215	+	10.5	0
ERVL	DR0105364	KZ505685.1	506707	507354	+	12.5	0
ERVL	DR0105338	KZ505685.1	554819	555883	C	16.0	0
ERVL	DR0105371	KZ505685.1	561845	562393	+	14.5	0
ERVL	DR0105338	KZ505685.1	696357	697410	+	14.8	0
ERVL	DR0105370	KZ505685.1	704227	704788	C	24.5	0
ERVL	DR0105364	KZ505685.1	723214	723859	+	14.2	0
ERVL	DR0105370	KZ505685.1	854956	855486	+	22.4	0
ERVL	DR0105371	KZ505685.1	873376	873944	C	13.1	0
ERVL	DR0105278	KZ505685.1	981642	981679	+	5.3	0
ERVL	DR0105278	KZ505685.1	981681	981966	+	13.2	0
ERVL	DR0105327	KZ505685.1	1135354	1135406	C	13.2	0
ERVL	DR0105294	KZ505685.1	1426119	1426853	C	7.8	0
ERVL	DR0105370	KZ505685.1	1439659	1440107	+	12.0	0
ERVL	DR0105294	KZ505685.1	1543040	1543771	+	6.7	0
ERVL	DR0105278	KZ505685.1	1748795	1749327	+	13.4	0
ERVL	DR0105370	KZ505686.1	145949	146047	+	16.3	0
ERVL	DR0105278	KZ505686.1	325022	325508	+	15.6	0
ERVL	DR0105364	KZ505686.1	1004277	1004890	+	10.3	0
ERVL	DR0105327	KZ505686.1	1024122	1024849	+	8.4	0
ERVL	DR0105315	KZ505686.1	1056442	1056977	+	15.9	0
ERVL	DR0105238	KZ505686.1	1060690	1060744	C	18.2	0
ERVL	DR0105294	KZ505686.1	1112128	1112859	+	8.6	0
ERVL	DR0105358	KZ505686.1	1152187	1152592	+	10.6	0
ERVL	DR0105364	KZ505686.1	1155135	1155744	+	13.6	0
ERVL	DR0105338	KZ505686.1	1214349	1214678	+	22.3	0
ERVL	DR0105370	KZ505686.1	1218931	1219471	C	16.4	0
ERVL	DR0105278	KZ505686.1	1221984	1222494	C	17.4	0
ERVL	DR0105315	KZ505686.1	1282325	1282737	C	26.2	0
ERVL	DR0105370	KZ505686.1	1327012	1327270	+	23.0	0
ERVL	DR0105315	KZ505686.1	1327272	1327416	+	18.8	0
ERVL	DR0105338	KZ505686.1	1327486	1327636	C	29.1	0
ERVL	DR0105371	KZ505686.1	1344729	1345307	C	13.7	0
ERVL	DR0105338	KZ505686.1	1648094	1649187	+	17.2	0
ERVL	DR0105370	KZ505686.1	1651671	1652122	+	13.3	0
ERVL	DR0105338	KZ505686.1	1662221	1662438	+	24.1	0
ERVL	DR0105371	KZ505686.1	1693810	1694384	+	14.0	0
ERV4	DR0105376	KZ505687.1	129634	129810	+	9.5	0
ERVL	DR0105238	KZ505687.1	131631	131879	+	14.2	0
ERVL	DR0105370	KZ505687.1	305875	305992	+	10.2	0
ERVL	DR0105370	KZ505687.1	306394	307121	+	14.9	0
ERVL	DR0105305	KZ505687.1	370657	370732	C	17.1	0
ERVL	DR0105278	KZ505687.1	478450	478957	C	17.2	0
ERVL	DR0105338	KZ505687.1	546176	547265	+	16.7	0
ERVL	DR0105370	KZ505687.1	687213	687422	C	25.4	0
ERVL	DR0105370	KZ505687.1	687521	688178	C	26.2	0
ERVL	DR0105338	KZ505687.1	869716	870796	+	23.7	0
ERVL	DR0105230	KZ505687.1	900769	900819	C	13.7	0
ERVL	DR0105295	KZ505687.1	917769	918290	C	23.7	0
ERVL	DR0105358	KZ505687.1	936263	936865	+	5.5	0
ERVL	DR0105238	KZ505687.1	972980	973745	+	10.6	0
ERVL	DR0105371	KZ505687.1	1083974	1084048	+	24.0	0
ERVL	DR0105338	KZ505687.1	1165158	1166142	+	17.8	0
ERVL	DR0105294	KZ505687.1	1172332	1173069	C	10.1	0
ERVL	DR0105305	KZ505687.1	1251971	1252213	+	26.4	0
ERVL	DR0105305	KZ505687.1	1252226	1252348	+	15.4	0
ERVL	DR0105338	KZ505687.1	1266113	1267177	C	16.8	0
ERVL	DR0105294	KZ505687.1	1458311	1458999	+	8.7	0
ERVL	DR0105370	KZ505687.1	1527745	1528074	+	22.4	0
ERVL	DR0105315	KZ505687.1	1536977	1537517	+	26.1	0
ERVL	DR0105370	KZ505687.1	1539614	1540229	C	18.4	0
ERVL	DR0105315	KZ505687.1	1542452	1543031	+	22.9	0
ERVL	DR0105305	KZ505687.1	1604861	1605637	C	30.6	0
ERVL	DR0105338	KZ505687.1	1618149	1619245	+	17.4	0
ERV4	DR0105376	KZ505687.1	1647006	1647104	C	6.1	0
ERV4	DR0105376	KZ505687.1	1647660	1647760	C	9.9	0
ERVL	DR0105370	KZ505687.1	1664112	1664704	+	17.2	0
ERVL	DR0105364	KZ505687.1	1674770	1675414	+	11.8	0
ERVL	DR0105370	KZ505687.1	1686125	1686521	+	24.9	0
ERVL	DR0105370	KZ505687.1	1686524	1687066	+	16.0	0
ERVL	DR0105370	KZ505688.1	3907	4502	+	18.0	0
ERV1	DR0105225	KZ505688.1	85597	85636	+	15.0	0
ERVL	DR0105338	KZ505688.1	92255	92790	C	22.2	0
ERVL	DR0105338	KZ505688.1	222995	224073	+	15.5	0
ERVL	DR0105278	KZ505688.1	230755	231284	+	13.4	0
ERVL	DR0105327	KZ505688.1	246056	246775	C	10.7	0
ERVL	DR0105338	KZ505688.1	348901	349473	+	25.2	0
ERVL	DR0105370	KZ505688.1	650072	650612	+	18.9	0
ERVL	DR0105370	KZ505688.1	695584	695921	+	15.9	0
ERVL	DR0105338	KZ505688.1	777656	778785	+	13.1	0
ERVL	DR0105371	KZ505688.1	785667	785819	C	14.4	0
ERV4	DR0105376	KZ505688.1	968716	969437	+	7.9	0
ERVL	DR0105338	KZ505688.1	1016967	1017224	+	24.5	0
ERVL	DR0105238	KZ505688.1	1092624	1093375	+	10.8	0
ERVL	DR0105358	KZ505688.1	1113713	1114354	C	4.0	0
ERVL	DR0105370	KZ505688.1	1179355	1179963	+	18.5	0
ERVL	DR0105261	KZ505688.1	1285095	1285180	C	26.7	0
ERVL	DR0105305	KZ505688.1	1285181	1285253	C	19.2	0
ERVL	DR0105278	KZ505688.1	1349797	1350547	C	17.4	0
ERVL	DR0105305	KZ505688.1	1372756	1373568	C	23.9	0
ERVL	DR0105364	KZ505689.1	66744	67164	+	11.3	0
ERV1	DR0105240	KZ505689.1	177924	178051	+	24.2	0
ERVL	DR0105338	KZ505689.1	416181	416235	+	10.9	0
ERVL	DR0105370	KZ505689.1	544433	546113	+	14.5	0
ERVL	DR0105295	KZ505689.1	603091	603622	+	22.2	0
ERVL	DR0105278	KZ505689.1	698209	698654	+	15.9	0
ERVL	DR0105370	KZ505689.1	748984	749349	+	18.9	0
ERVL	DR0105294	KZ505689.1	871433	872173	C	9.9	0
ERVL	DR0105338	KZ505689.1	892259	892594	C	22.4	0
ERVL	DR0105278	KZ505689.1	1145213	1145685	+	14.2	0
ERVL	DR0105338	KZ505689.1	1541920	1543009	+	14.3	0
ERVL	DR0105294	KZ505689.1	1707074	1707807	C	9.4	0
ERVL	DR0105364	KZ505689.1	1726862	1727521	+	12.7	0
ERVL	DR0105238	KZ505690.1	129735	130461	+	24.3	0
ERVL	DR0105295	KZ505690.1	301426	301956	+	26.1	0
ERVL	DR0105338	KZ505690.1	316988	318041	C	14.6	0
ERVL	DR0105315	KZ505690.1	414970	415539	+	20.9	0
ERVL	DR0105370	KZ505690.1	454070	454920	+	22.0	0
ERVL	DR0105370	KZ505690.1	520646	520960	+	22.3	0
ERVL	DR0105338	KZ505690.1	666021	666375	+	23.5	0
ERVL	DR0105305	KZ505690.1	674583	674929	C	24.0	0
ERVL	DR0105338	KZ505690.1	781016	781176	+	23.1	0
ERVL	DR0105261	KZ505690.1	816287	816717	C	23.7	0
ERVL	DR0105370	KZ505690.1	853557	854196	C	24.5	0
ERVL	DR0105370	KZ505690.1	854480	854583	C	27.9	0
ERVL	DR0105315	KZ505690.1	854767	854939	+	20.9	0
ERVL	DR0105371	KZ505690.1	887348	887880	C	18.2	0
ERVL	DR0105238	KZ505690.1	1161453	1161506	+	5.7	0
ERVL	DR0105358	KZ505690.1	1170871	1171006	C	5.3	0
ERVL	DR0105295	KZ505690.1	1184305	1184409	+	13.3	0
ERVL	DR0105371	KZ505690.1	1184417	1184557	+	17.7	0
ERVL	DR0105358	KZ505690.1	1215042	1215720	C	42.4	0
ERVL	DR0105278	KZ505690.1	1384469	1384602	+	12.0	0
ERVL	DR0105371	KZ505690.1	1448715	1448915	+	16.9	0
ERVL	DR0105370	KZ505690.1	1533448	1534018	C	11.5	0
ERVL	DR0105370	KZ505690.1	1651170	1651518	C	14.0	0
ERVL	DR0105278	KZ505690.1	1729292	1729837	C	16.2	0
ERVL	DR0105238	KZ505691.1	121863	121965	C	8.9	0
ERVL	DR0105338	KZ505691.1	266369	266876	C	24.5	0
ERVL	DR0105278	KZ505691.1	470859	471379	C	14.8	0
ERVL	DR0105338	KZ505691.1	537408	538362	+	14.5	0
ERVL	DR0105338	KZ505691.1	730305	730387	C	19.5	0
ERVL	DR0105371	KZ505691.1	770688	771258	+	14.5	0
ERVL	DR0105294	KZ505691.1	802728	803462	+	9.7	0
ERVL	DR0105371	KZ505691.1	838655	838925	+	15.8	0
ERVL	DR0105338	KZ505691.1	852360	853333	C	43.8	0
ERVL	DR0105358	KZ505691.1	1035913	1036528	C	40.7	0
ERVL	DR0105370	KZ505691.1	1121931	1122516	+	15.7	0
ERV4	DR0105376	KZ505691.1	1254414	1255132	C	9.4	0
ERVL	DR0105338	KZ505691.1	1438511	1439163	+	11.8	0
ERVL	DR0105278	KZ505691.1	1479334	1479866	+	11.8	0
ERVL	DR0105278	KZ505692.1	4565	5112	C	15.7	0
ERVL	DR0105370	KZ505692.1	5465	6036	C	25.8	0
ERVL	DR0105338	KZ505692.1	17929	18949	+	21.7	0
ERVL	DR0105338	KZ505692.1	50884	51240	C	23.7	0
ERVL	DR0105230	KZ505692.1	109572	110194	+	5.8	0
ERVL	DR0105371	KZ505692.1	142278	142851	+	19.5	0
ERVL	DR0105261	KZ505692.1	144590	144999	C	23.9	0
ERVL	DR0105338	KZ505692.1	180709	181836	+	16.2	0
ERVL	DR0105278	KZ505692.1	218243	218371	+	18.6	0
ERV4	DR0105376	KZ505692.1	231600	231787	C	26.7	0
ERVL	DR0105305	KZ505692.1	264014	264870	C	23.9	0
ERVL	DR0105261	KZ505692.1	534770	535211	+	23.2	0
ERVL	DR0105338	KZ505692.1	535863	535963	+	22.0	0
ERVL	DR0105230	KZ505692.1	536154	536773	C	5.7	0
ERVL	DR0105278	KZ505692.1	550126	550652	+	16.1	0
ERVL	DR0105371	KZ505692.1	578394	578661	C	20.2	0
ERVL	DR0105315	KZ505692.1	589412	589988	+	23.8	0
ERVL	DR0105305	KZ505692.1	745729	745874	+	29.9	0
ERVL	DR0105305	KZ505692.1	745876	746210	+	25.4	0
ERVL	DR0105278	KZ505692.1	792966	793439	C	15.8	0
ERVL	DR0105370	KZ505692.1	802561	803088	+	18.9	0
ERVL	DR0105315	KZ505692.1	811835	811977	C	23.3	0
ERVL	DR0105326	KZ505692.1	812152	812257	C	20.2	0
ERVL	DR0105315	KZ505692.1	812274	812562	C	28.1	0
ERVL	DR0105238	KZ505692.1	876263	876304	C	4.8	0
ERVL	DR0105371	KZ505692.1	900695	901272	C	14.4	0
ERVL	DR0105338	KZ505692.1	1062970	1063127	C	12.7	0
ERVL	DR0105278	KZ505692.1	1248136	1248183	+	14.9	0
ERVL	DR0105278	KZ505692.1	1250337	1250534	C	14.5	0
ERVL	DR0105278	KZ505692.1	1250562	1250782	C	9.1	0
ERVL	DR0105364	KZ505692.1	1259354	1259991	+	11.6	0
ERVL	DR0105370	KZ505692.1	1281893	1282476	C	15.6	0
ERVL	DR0105371	KZ505692.1	1455110	1455659	+	20.1	0
ERVL	DR0105370	KZ505692.1	1485431	1485896	+	10.5	0
ERVL	DR0105371	KZ505692.1	1559754	1560359	+	21.5	0
ERVL	DR0105371	KZ505692.1	1615569	1616170	C	14.8	0
ERVL	DR0105371	KZ505693.1	45751	46111	+	13.9	0
ERVL	DR0105370	KZ505693.1	46114	46478	+	11.9	0
ERVL	DR0105370	KZ505693.1	46513	46844	+	13.9	0
ERVL	DR0105370	KZ505693.1	160561	161151	C	10.7	0
ERVL	DR0105338	KZ505693.1	254522	255221	C	19.1	0
ERVL	DR0105338	KZ505693.1	297308	298286	C	21.2	0
ERVL	DR0105371	KZ505693.1	315339	315909	+	11.2	0
ERVL	DR0105278	KZ505693.1	429454	429920	+	16.6	0
ERVL	DR0105358	KZ505693.1	519062	519701	C	7.5	0
ERVL	DR0105370	KZ505693.1	530381	530975	C	13.2	0
ERV4	DR0105376	KZ505693.1	628000	628163	+	23.9	0
ERV4	DR0105376	KZ505693.1	628233	628414	+	32.7	0
ERVL	DR0105358	KZ505693.1	784407	784614	C	5.8	0
ERVL	DR0105338	KZ505693.1	873495	873571	+	16.9	0
ERVL	DR0105370	KZ505693.1	909990	910099	+	19.1	0
ERVL	DR0105338	KZ505693.1	1037070	1038153	C	17.6	0
ERVL	DR0105238	KZ505694.1	65913	66666	+	11.0	0
ERVL	DR0105371	KZ505694.1	79345	79953	+	16.1	0
ERVL	DR0105364	KZ505694.1	97534	98122	+	8.9	0
ERVL	DR0105295	KZ505694.1	224836	225107	C	21.3	0
ERVL	DR0105370	KZ505694.1	226090	226533	+	18.3	0
ERV1	DR0105342	KZ505694.1	226538	227197	C	18.6	0
ERVL	DR0105305	KZ505694.1	391363	391686	C	19.9	0
ERVL	DR0105371	KZ505694.1	449122	449661	C	14.3	0
ERV4	DR0105376	KZ505694.1	463430	463517	+	21.2	0
ERVL	DR0105364	KZ505694.1	611239	611642	C	15.0	0
ERVL	DR0105358	KZ505694.1	706528	706859	+	5.2	0
ERVL	DR0105278	KZ505694.1	853820	853918	+	16.3	0
ERVL	DR0105278	KZ505694.1	889831	890381	+	15.5	0
ERVL	DR0105278	KZ505694.1	903967	904471	+	20.0	0
ERVL	DR0105338	KZ505694.1	981797	982773	C	18.6	0
ERV4	DR0105376	KZ505694.1	1019829	1020587	C	19.6	0
ERVL	DR0105294	KZ505694.1	1122139	1122253	+	7.9	0
ERVL	DR0105338	KZ505694.1	1221831	1222461	C	27.3	0
ERV4	DR0105376	KZ505694.1	1224541	1225306	C	8.0	0
ERVL	DR0105294	KZ505694.1	1234517	1234592	+	7.9	0
ERVL	DR0105371	KZ505694.1	1477037	1477599	C	14.8	0
ERVL	DR0105238	KZ505694.1	1627401	1627479	C	17.4	0
ERVL	DR0105261	KZ505695.1	232937	233691	C	16.6	0
ERVL	DR0105278	KZ505695.1	257913	258340	+	18.0	0
ERVL	DR0105371	KZ505695.1	312012	312234	C	14.9	0
ERVL	DR0105370	KZ505695.1	316164	316758	C	13.0	0
ERVL	DR0105338	KZ505695.1	370164	370701	C	23.0	0
ERVL	DR0105327	KZ505695.1	470841	471009	C	13.0	0
ERVL	DR0105358	KZ505695.1	544952	545595	C	4.7	0
ERV4	DR0105376	KZ505695.1	564544	565065	+	16.7	0
ERVL	DR0105315	KZ505695.1	682117	682711	+	25.5	0
ERV4	DR0105376	KZ505695.1	720846	721000	+	9.9	0
ERVL	DR0105278	KZ505695.1	760446	760881	+	17.0	0
ERVL	DR0105338	KZ505695.1	1214654	1214773	+	19.5	0
ERVL	DR0105338	KZ505695.1	1214774	1214908	+	18.7	0
ERV4	DR0105376	KZ505695.1	1334596	1334775	C	25.5	0
ERVL	DR0105338	KZ505695.1	1369183	1370241	+	17.4	0
ERVL	DR0105364	KZ505695.1	1413134	1413752	+	11.6	0
ERVL	DR0105338	KZ505695.1	1521253	1521397	+	23.2	0
ERVL	DR0105305	KZ505695.1	1521401	1521459	+	22.0	0
ERVL	DR0105338	KZ505696.1	18425	19168	+	26.8	0
ERVL	DR0105315	KZ505696.1	156914	157292	+	22.7	0
ERVL	DR0105341	KZ505696.1	166934	167329	C	10.8	0
ERVL	DR0105338	KZ505696.1	197142	197488	C	25.8	0
ERVL	DR0105230	KZ505696.1	500933	500988	+	16.1	0
ERVL	DR0105305	KZ505696.1	867056	867270	C	21.2	0
ERVL	DR0105371	KZ505696.1	894974	895547	C	13.9	0
ERVL	DR0105315	KZ505696.1	1007154	1007362	C	21.4	0
ERVL	DR0105371	KZ505696.1	1110804	1111369	C	10.8	0
ERVL	DR0105278	KZ505696.1	1160436	1161010	+	12.5	0
ERVL	DR0105371	KZ505696.1	1161028	1161534	C	15.2	0
ERVL	DR0105364	KZ505696.1	1194826	1195494	+	11.9	0
ERVL	DR0105338	KZ505696.1	1306003	1306390	C	10.8	0
ERVL	DR0105364	KZ505696.1	1329176	1329816	C	12.0	0
ERVL	DR0105371	KZ505696.1	1401782	1402198	C	14.0	0
ERVL	DR0105371	KZ505696.1	1402278	1402425	C	20.4	0
ERVL	DR0105295	KZ505696.1	1451114	1451168	C	9.3	0
ERV1	DR0105240	KZ505696.1	1480741	1480846	+	20.9	0
ERV1	DR0105240	KZ505696.1	1480849	1481107	+	15.2	0
ERVL	DR0105338	KZ505696.1	1484564	1484660	C	15.6	0
ERVL	DR0105232	KZ505696.1	1491697	1492521	+	15.3	0
ERV4	DR0105376	KZ505696.1	1492522	1493246	C	9.0	0
ERVL	DR0105232	KZ505696.1	1493247	1493825	+	8.6	0
ERVL	DR0105364	KZ505696.1	1538652	1539283	C	10.8	0
ERVL	DR0105371	KZ505696.1	1588589	1589081	+	16.1	0
ERVL	DR0105278	KZ505697.1	203376	203675	C	17.4	0
ERVL	DR0105278	KZ505697.1	214763	215278	+	14.0	0
ERVL	DR0105370	KZ505697.1	219139	219639	+	13.0	0
ERV1	DR0105240	KZ505697.1	265494	265596	+	27.7	0
ERVL	DR0105370	KZ505697.1	530951	531598	+	26.2	0
ERVL	DR0105312	KZ505697.1	533171	534009	+	23.6	0
ERVL	DR0105370	KZ505697.1	534028	534581	+	22.4	0
ERVL	DR0105315	KZ505697.1	535672	535891	+	26.4	0
ERVL	DR0105370	KZ505697.1	535926	536090	+	28.6	0
ERVL	DR0105278	KZ505697.1	556819	557335	C	11.9	0
ERVL	DR0105230	KZ505697.1	928800	928849	+	20.0	0
ERVL	DR0105278	KZ505697.1	1066268	1066764	C	19.5	0
ERVL	DR0105338	KZ505697.1	1125916	1127010	+	17.7	0
ERVL	DR0105315	KZ505697.1	1428892	1429429	+	22.7	0
ERVL	DR0105238	KZ505697.1	1448541	1448655	+	17.7	0
ERVL	DR0105312	KZ505697.1	1469984	1473378	C	15.1	0
ERVL	DR0105338	KZ505698.1	151075	152044	+	21.7	0
ERVL	DR0105278	KZ505698.1	326453	326971	+	14.3	0
ERVL	DR0105371	KZ505698.1	397187	397745	C	16.2	0
ERVL	DR0105338	KZ505698.1	406776	407863	C	16.9	0
ERVL	DR0105370	KZ505698.1	431995	432246	+	10.8	0
ERVL	DR0105315	KZ505698.1	502604	503194	C	22.0	0
ERVL	DR0105358	KZ505698.1	526296	526942	+	4.5	0
ERVL	DR0105294	KZ505698.1	612580	613058	C	8.3	0
ERVL	DR0105315	KZ505698.1	617407	617997	C	20.4	0
ERVL	DR0105371	KZ505698.1	652630	653147	+	16.0	0
ERVL	DR0105338	KZ505698.1	877662	878165	+	27.9	0
ERVL	DR0105370	KZ505698.1	943336	943893	C	37.4	0
ERVL	DR0105370	KZ505698.1	1051383	1051880	C	23.5	0
ERVL	DR0105278	KZ505699.1	284708	285217	+	16.3	0
ERVL	DR0105358	KZ505699.1	348045	348691	+	5.0	0
ERVL	DR0105338	KZ505699.1	433478	434352	+	25.9	0
ERVL	DR0105326	KZ505699.1	442253	442315	+	11.1	0
ERVL	DR0105278	KZ505699.1	465996	466535	+	15.6	0
ERVL	DR0105278	KZ505699.1	497077	497402	C	16.6	0
ERVL	DR0105338	KZ505699.1	545287	545749	+	26.4	0
ERVL	DR0105278	KZ505699.1	576293	576810	+	15.1	0
ERVL	DR0105305	KZ505699.1	709500	709700	+	24.5	0
ERVL	DR0105305	KZ505699.1	709917	710299	+	18.2	0
ERVL	DR0105338	KZ505699.1	725787	726871	C	16.5	0
ERVL	DR0105305	KZ505699.1	737643	737775	+	21.1	0
ERVL	DR0105338	KZ505699.1	743913	744891	C	22.9	0
ERV4	DR0105376	KZ505699.1	809563	810001	C	10.8	0
ERVL	DR0105230	KZ505699.1	836431	836475	C	15.6	0
ERVL	DR0105338	KZ505699.1	862082	862386	C	22.6	0
ERVL	DR0105338	KZ505699.1	862438	862605	C	28.8	0
ERVL	DR0105278	KZ505699.1	1124689	1124858	C	13.5	0
ERVL	DR0105278	KZ505699.1	1124873	1125079	C	11.2	0
ERVL	DR0105370	KZ505699.1	1578777	1579412	C	22.8	0
ERVL	DR0105278	KZ505700.1	42354	42867	+	14.5	0
ERVL	DR0105338	KZ505700.1	59452	59811	+	16.5	0
ERVL	DR0105370	KZ505700.1	90043	90605	+	22.0	0
ERVL	DR0105294	KZ505700.1	122308	122667	C	8.1	0
ERVL	DR0105338	KZ505700.1	265455	265660	C	26.8	0
ERVL	DR0105370	KZ505700.1	266653	267231	C	17.0	0
ERVL	DR0105338	KZ505700.1	602651	603229	+	24.3	0
ERVL	DR0105371	KZ505700.1	790700	791264	+	14.1	0
ERVL	DR0105294	KZ505700.1	877390	878137	C	9.7	0
ERVL	DR0105371	KZ505700.1	955357	955932	C	15.1	0
ERVL	DR0105358	KZ505700.1	964050	964693	C	5.3	0
ERVL	DR0105370	KZ505700.1	997795	998396	C	15.6	0
ERVL	DR0105278	KZ505700.1	1034003	1034108	+	12.3	0
ERVL	DR0105338	KZ505700.1	1105796	1105884	C	14.3	0
ERVL	DR0105278	KZ505700.1	1126546	1126798	C	16.4	0
ERVL	DR0105370	KZ505700.1	1158962	1159252	+	21.2	0
ERVL	DR0105315	KZ505700.1	1159383	1159669	+	27.8	0
ERVL	DR0105294	KZ505700.1	1433580	1434319	+	10.8	0
ERVL	DR0105278	KZ505700.1	1495550	1496096	+	18.3	0
ERVL	DR0105305	KZ505701.1	134707	135246	C	23.9	0
ERVL	DR0105278	KZ505701.1	224662	224900	C	15.2	0
ERVL	DR0105358	KZ505701.1	227140	227784	+	4.8	0
ERVL	DR0105278	KZ505701.1	324354	324907	+	15.8	0
ERVL	DR0105338	KZ505701.1	361739	362837	+	21.9	0
ERVL	DR0105278	KZ505701.1	582644	583161	C	13.8	0
ERVL	DR0105338	KZ505701.1	604460	605382	C	24.2	0
ERVL	DR0105370	KZ505701.1	621342	621918	+	23.9	0
ERVL	DR0105370	KZ505701.1	630747	631345	C	15.4	0
ERVL	DR0105338	KZ505701.1	639807	640302	C	18.7	0
ERVL	DR0105338	KZ505701.1	692343	693155	+	28.6	0
ERVL	DR0105232	KZ505701.1	727934	728331	+	25.1	0
ERVL	DR0105238	KZ505701.1	752946	753655	C	14.3	0
ERVL	DR0105370	KZ505701.1	764144	764726	C	16.0	0
ERVL	DR0105370	KZ505701.1	789493	789687	+	14.7	0
ERV1	DR0105342	KZ505701.1	790308	791129	C	16.0	0
ERVL	DR0105370	KZ505701.1	801415	801906	+	26.2	0
ERVL	DR0105261	KZ505701.1	801919	802536	C	16.1	0
ERVL	DR0105338	KZ505701.1	802859	802946	C	12.8	0
ERVL	DR0105371	KZ505701.1	820047	820620	+	16.6	0
ERVL	DR0105338	KZ505701.1	839343	839424	+	17.4	0
ERVL	DR0105326	KZ505701.1	874822	875138	+	13.7	0
ERVL	DR0105370	KZ505701.1	875494	876057	C	23.0	0
ERVL	DR0105370	KZ505701.1	907183	907729	+	24.9	0
ERVL	DR0105370	KZ505701.1	931548	932108	C	17.5	0
ERVL	DR0105371	KZ505701.1	943930	944070	+	21.3	0
ERVL	DR0105371	KZ505701.1	944316	944881	C	12.8	0
ERVL	DR0105278	KZ505701.1	964480	964523	C	0.0	0
ERVL	DR0105230	KZ505701.1	1002890	1003545	+	16.8	0
ERVL	DR0105261	KZ505701.1	1023523	1023760	C	18.7	0
ERVL	DR0105370	KZ505701.1	1032779	1033040	C	21.2	0
ERVL	DR0105305	KZ505701.1	1047719	1048319	C	28.7	0
ERVL	DR0105295	KZ505701.1	1064779	1064821	+	16.3	0
ERVL	DR0105326	KZ505701.1	1064833	1064947	+	19.4	0
ERVL	DR0105326	KZ505701.1	1065033	1065178	+	14.6	0
ERVL	DR0105238	KZ505701.1	1067051	1067617	+	11.2	0
ERVL	DR0105370	KZ505701.1	1087494	1088077	+	17.3	0
ERVL	DR0105338	KZ505701.1	1104018	1104546	+	18.9	0
ERVL	DR0105338	KZ505701.1	1104938	1105450	+	14.7	0
ERVL	DR0105338	KZ505701.1	1145224	1145485	+	15.4	0
ERVL	DR0105327	KZ505701.1	1208225	1208942	+	10.7	0
ERVL	DR0105295	KZ505701.1	1223493	1223587	C	15.8	0
ERVL	DR0105295	KZ505701.1	1285120	1285203	+	9.5	0
ERVL	DR0105370	KZ505701.1	1338889	1339233	C	18.6	0
ERVL	DR0105338	KZ505701.1	1349982	1350778	C	27.5	0
ERVL	DR0105305	KZ505701.1	1409736	1409959	+	25.7	0
ERVL	DR0105371	KZ505701.1	1447158	1447500	+	11.7	0
ERVL	DR0105341	KZ505701.1	1453425	1453823	C	9.9	0
ERVL	DR0105278	KZ505701.1	1474352	1474707	+	15.0	0
ERVL	DR0105278	KZ505701.1	1539740	1540262	C	14.2	0
ERVL	DR0105278	KZ505702.1	254907	255446	+	14.7	0
ERVL	DR0105338	KZ505702.1	348150	348450	C	9.4	0
ERVL	DR0105338	KZ505702.1	348455	348993	C	15.4	0
ERVL	DR0105230	KZ505702.1	398386	399005	+	7.1	0
ERVL	DR0105315	KZ505702.1	437804	438378	C	20.4	0
ERVL	DR0105338	KZ505702.1	454992	455120	C	20.2	0
ERVL	DR0105370	KZ505702.1	573340	573923	+	18.1	0
ERVL	DR0105278	KZ505702.1	630175	630677	+	15.3	0
ERVL	DR0105338	KZ505702.1	807703	807887	+	25.7	0
ERVL	DR0105305	KZ505702.1	808621	808907	+	25.3	0
ERVL	DR0105371	KZ505702.1	813268	813805	C	15.3	0
ERVL	DR0105315	KZ505702.1	829844	830431	+	23.7	0
ERVL	DR0105261	KZ505702.1	930083	930884	+	13.4	0
ERVL	DR0105295	KZ505702.1	1014583	1014883	+	19.2	0
ERVL	DR0105371	KZ505702.1	1038246	1038471	C	18.7	0
ERVL	DR0105370	KZ505702.1	1047597	1047742	+	16.1	0
ERVL	DR0105295	KZ505702.1	1049770	1050292	C	22.6	0
ERVL	DR0105371	KZ505702.1	1065736	1066307	C	14.3	0
ERVL	DR0105312	KZ505702.1	1104847	1104920	+	23.0	0
ERVL	DR0105338	KZ505702.1	1144324	1145406	C	17.7	0
ERVL	DR0105370	KZ505702.1	1146447	1147010	+	20.2	0
ERVL	DR0105230	KZ505702.1	1156348	1156483	+	7.3	0
ERVL	DR0105371	KZ505702.1	1199729	1199960	C	26.7	0
ERVL	DR0105295	KZ505702.1	1200011	1200259	C	16.7	0
ERVL	DR0105338	KZ505702.1	1209732	1210836	+	17.2	0
ERV1	DR0105225	KZ505702.1	1329030	1329068	+	12.8	0
ERVL	DR0105371	KZ505702.1	1469372	1469813	C	10.1	0
ERVL	DR0105370	KZ505702.1	1506099	1506397	C	13.0	0
ERVL	DR0105305	KZ505702.1	1511473	1511771	C	25.8	0
ERVL	DR0105305	KZ505702.1	1511990	1512211	C	30.6	0
ERVL	DR0105261	KZ505703.1	315	668	+	11.8	0
ERVL	DR0105338	KZ505703.1	11310	11551	+	27.7	0
ERVL	DR0105370	KZ505703.1	25756	26336	C	13.6	0
ERVL	DR0105278	KZ505703.1	69467	69934	C	14.9	0
ERVL	DR0105364	KZ505703.1	111056	111704	+	12.5	0
ERVL	DR0105294	KZ505703.1	120919	121640	C	9.9	0
ERVL	DR0105294	KZ505703.1	124293	124378	+	10.5	0
ERVL	DR0105278	KZ505703.1	132416	132935	+	14.4	0
ERVL	DR0105230	KZ505703.1	160044	160101	C	19.0	0
ERVL	DR0105278	KZ505703.1	164580	165115	C	15.4	0
ERVL	DR0105370	KZ505703.1	187008	187582	C	22.8	0
ERVL	DR0105278	KZ505703.1	255634	256148	C	16.2	0
ERVL	DR0105370	KZ505703.1	256590	257180	C	14.8	0
ERVL	DR0105278	KZ505703.1	264142	264707	C	21.0	0
ERVL	DR0105327	KZ505703.1	450729	451461	+	11.3	0
ERVL	DR0105278	KZ505703.1	532274	532406	C	22.7	0
ERV1	DR0105240	KZ505703.1	546812	546938	+	10.3	0
ERVL	DR0105370	KZ505703.1	558487	559074	C	27.2	0
ERVL	DR0105278	KZ505703.1	621150	621675	+	14.5	0
ERVL	DR0105338	KZ505703.1	685149	685821	C	23.5	0
ERVL	DR0105238	KZ505703.1	791943	791982	C	12.5	0
ERVL	DR0105370	KZ505703.1	830615	831209	+	13.9	0
ERVL	DR0105371	KZ505703.1	951321	951845	+	17.6	0
ERVL	DR0105364	KZ505703.1	952856	953529	C	11.1	0
ERVL	DR0105295	KZ505703.1	1150537	1150818	+	23.2	0
ERVL	DR0105371	KZ505703.1	1253148	1253717	C	14.8	0
ERVL	DR0105278	KZ505703.1	1256179	1256699	+	16.2	0
ERVL	DR0105278	KZ505703.1	1257326	1257837	+	16.1	0
ERVL	DR0105230	KZ505703.1	1276407	1276573	+	7.8	0
ERVL	DR0105278	KZ505703.1	1329879	1330382	+	14.5	0
ERVL	DR0105338	KZ505703.1	1446963	1447449	C	12.6	0
ERVL	DR0105370	KZ505704.1	1572	1706	C	26.1	0
ERVL	DR0105370	KZ505704.1	1790	2472	C	19.1	0
ERVL	DR0105312	KZ505704.1	2570	3086	C	22.8	0
ERVL	DR0105312	KZ505704.1	5189	5270	C	29.3	0
ERVL	DR0105315	KZ505704.1	5702	6312	C	25.0	0
ERVL	DR0105338	KZ505704.1	28679	29079	C	21.4	0
ERVL	DR0105338	KZ505704.1	140383	140972	C	22.5	0
ERVL	DR0105338	KZ505704.1	141193	141376	C	24.5	0
ERVL	DR0105338	KZ505704.1	176879	176966	C	11.4	0
ERVL	DR0105261	KZ505704.1	176978	177417	C	17.4	0
ERVL	DR0105278	KZ505704.1	198211	198711	C	14.7	0
ERVL	DR0105371	KZ505704.1	242414	242985	C	14.3	0
ERVL	DR0105371	KZ505704.1	277842	278438	+	33.8	0
ERVL	DR0105278	KZ505704.1	282975	283465	C	16.1	0
ERVL	DR0105338	KZ505704.1	485452	485607	C	14.8	0
ERVL	DR0105338	KZ505704.1	545258	545946	C	51.7	0
ERVL	DR0105294	KZ505704.1	621513	621821	+	9.4	0
ERVL	DR0105278	KZ505704.1	728093	728600	C	15.3	0
ERVL	DR0105315	KZ505704.1	743813	744342	+	24.3	0
ERVL	DR0105238	KZ505704.1	790480	791229	+	11.4	0
ERVL	DR0105338	KZ505704.1	799598	800529	+	24.4	0
ERVL	DR0105370	KZ505704.1	1157750	1158327	+	22.1	0
ERVL	DR0105371	KZ505704.1	1162305	1162890	+	13.3	0
ERVL	DR0105278	KZ505704.1	1185166	1185708	+	15.5	0
ERVL	DR0105338	KZ505704.1	1186177	1186946	C	19.5	0
ERVL	DR0105238	KZ505704.1	1317588	1317896	C	10.1	0
ERVL	DR0105238	KZ505704.1	1361657	1362233	+	10.4	0
ERVL	DR0105295	KZ505704.1	1484779	1484926	C	16.2	0
ERVL	DR0105338	KZ505704.1	1486041	1486617	C	19.0	0
ERVL	DR0105358	KZ505704.1	1511921	1512567	+	7.0	0
ERVL	DR0105370	KZ505705.1	138775	138877	+	23.3	0
ERVL	DR0105305	KZ505705.1	139056	139358	+	25.8	0
ERVL	DR0105364	KZ505705.1	171467	172077	+	12.5	0
ERVL	DR0105278	KZ505705.1	322584	323101	C	14.6	0
ERVL	DR0105294	KZ505705.1	671282	672008	C	9.2	0
ERV4	DR0105376	KZ505705.1	1158681	1159386	C	10.8	0
ERVL	DR0105238	KZ505705.1	1277238	1277326	+	6.7	0
ERVL	DR0105364	KZ505705.1	1280672	1280882	C	5.2	0
ERVL	DR0105371	KZ505705.1	1300170	1300739	+	11.8	0
ERVL	DR0105278	KZ505705.1	1423336	1423815	+	15.6	0
ERVL	DR0105370	KZ505705.1	1495016	1495609	C	17.2	0
ERVL	DR0105278	KZ505706.1	62490	63007	+	17.3	0
ERV1	DR0105342	KZ505706.1	261330	261393	C	10.9	0
ERVL	DR0105371	KZ505706.1	319531	319687	C	17.4	0
ERVL	DR0105358	KZ505706.1	356038	356675	+	8.2	0
ERVL	DR0105370	KZ505706.1	431393	431550	+	22.8	0
ERVL	DR0105370	KZ505706.1	431569	431799	+	25.8	0
ERVL	DR0105370	KZ505706.1	436408	436476	+	23.2	0
ERVL	DR0105370	KZ505706.1	738909	739157	+	20.9	0
ERVL	DR0105364	KZ505706.1	753159	753819	C	10.5	0
ERVL	DR0105370	KZ505706.1	881619	882358	C	12.2	0
ERVL	DR0105364	KZ505706.1	904839	904946	+	13.9	0
ERVL	DR0105338	KZ505706.1	928598	929679	+	16.6	0
ERVL	DR0105278	KZ505706.1	1466256	1466727	+	14.3	0
ERVL	DR0105278	KZ505707.1	8395	8616	C	26.1	0
ERVL	DR0105278	KZ505707.1	165934	166200	+	21.9	0
ERVL	DR0105370	KZ505707.1	169583	169720	C	18.6	0
ERVL	DR0105370	KZ505707.1	169780	169911	C	18.2	0
ERVL	DR0105295	KZ505707.1	850881	851360	+	23.8	0
ERVL	DR0105305	KZ505707.1	1273892	1274907	C	28.3	0
ERVL	DR0105338	KZ505707.1	1351281	1352058	C	24.5	0
ERVL	DR0105315	KZ505707.1	1396051	1396625	C	21.1	0
ERVL	DR0105278	KZ505708.1	47366	47867	+	16.2	0
ERVL	DR0105338	KZ505708.1	87013	87785	C	25.8	0
ERVL	DR0105294	KZ505708.1	148063	148793	+	9.6	0
ERV4	DR0105376	KZ505708.1	250278	251001	C	6.8	0
ERVL	DR0105338	KZ505708.1	288203	288400	+	16.3	0
ERV4	DR0105376	KZ505708.1	338488	339207	C	12.3	0
ERVL	DR0105338	KZ505708.1	399118	400247	+	16.6	0
ERVL	DR0105278	KZ505708.1	409992	410526	C	17.4	0
ERVL	DR0105341	KZ505708.1	439717	440116	+	10.3	0
ERVL	DR0105238	KZ505708.1	470436	470538	C	15.8	0
ERVL	DR0105370	KZ505708.1	509192	509783	+	24.3	0
ERVL	DR0105261	KZ505708.1	533055	533144	+	25.8	0
ERVL	DR0105370	KZ505708.1	564016	564611	C	24.6	0
ERVL	DR0105294	KZ505708.1	684473	685104	+	7.3	0
ERVL	DR0105370	KZ505708.1	757058	757643	C	22.2	0
ERVL	DR0105358	KZ505708.1	766475	767125	C	11.5	0
ERVL	DR0105338	KZ505708.1	781311	781780	C	28.0	0
ERVL	DR0105370	KZ505708.1	781896	782039	+	22.3	0
ERVL	DR0105338	KZ505708.1	800471	801325	C	23.4	0
ERVL	DR0105338	KZ505708.1	815694	816064	+	13.6	0
ERVL	DR0105295	KZ505708.1	999200	999362	+	20.2	0
ERVL	DR0105315	KZ505708.1	999372	999591	+	20.3	0
ERVL	DR0105338	KZ505708.1	1020993	1022102	+	16.3	0
ERVL	DR0105364	KZ505708.1	1088718	1089399	+	11.8	0
ERVL	DR0105338	KZ505708.1	1103476	1103806	+	22.7	0
ERVL	DR0105370	KZ505708.1	1154756	1155350	+	16.1	0
ERVL	DR0105295	KZ505708.1	1195118	1195235	+	27.1	0
ERVL	DR0105261	KZ505708.1	1212459	1212819	+	23.6	0
ERVL	DR0105261	KZ505708.1	1212872	1212980	+	20.5	0
ERVL	DR0105364	KZ505708.1	1291731	1292377	+	12.7	0
ERVL	DR0105338	KZ505708.1	1302736	1303470	+	21.2	0
ERVL	DR0105338	KZ505708.1	1328164	1329077	+	20.9	0
ERVL	DR0105278	KZ505708.1	1415471	1415923	+	14.3	0
ERVL	DR0105327	KZ505708.1	1421496	1421632	+	11.0	0
ERVL	DR0105358	KZ505709.1	130278	130921	+	4.3	0
ERVL	DR0105338	KZ505709.1	510606	510908	+	28.8	0
ERV1	DR0105225	KZ505709.1	668414	668435	+	20.6	0
ERVL	DR0105370	KZ505709.1	674379	674930	+	21.4	0
ERV1	DR0105240	KZ505709.1	767372	768022	+	7.6	0
ERV1	DR0105240	KZ505709.1	865236	865504	+	6.3	0
ERV1	DR0105240	KZ505709.1	865900	866064	+	9.1	0
ERVL	DR0105338	KZ505709.1	950401	950698	C	29.0	0
ERVL	DR0105278	KZ505709.1	982384	982638	C	13.7	0
ERVL	DR0105294	KZ505709.1	991003	991113	+	10.9	0
ERVL	DR0105364	KZ505710.1	9234	9914	+	13.8	0
ERVL	DR0105370	KZ505710.1	22632	23206	+	12.8	0
ERVL	DR0105278	KZ505710.1	74676	74983	+	14.4	0
ERVL	DR0105278	KZ505710.1	75132	75341	+	16.3	0
ERVL	DR0105305	KZ505710.1	304292	304647	C	26.9	0
ERVL	DR0105278	KZ505710.1	357433	357927	C	14.6	0
ERVL	DR0105278	KZ505710.1	650244	650756	+	16.3	0
ERV1	DR0105240	KZ505710.1	749348	749400	+	15.1	0
ERVL	DR0105370	KZ505710.1	1149096	1149663	C	20.0	0
ERVL	DR0105370	KZ505710.1	1338088	1338209	C	16.4	0
ERV4	DR0105376	KZ505710.1	1355978	1356169	+	9.0	0
ERVL	DR0105294	KZ505711.1	737	1373	C	9.4	0
ERVL	DR0105261	KZ505711.1	29034	29638	+	15.2	0
ERVL	DR0105305	KZ505711.1	60659	60828	C	26.2	0
ERVL	DR0105305	KZ505711.1	61015	61330	C	32.9	0
ERVL	DR0105295	KZ505711.1	171558	172095	+	22.7	0
ERVL	DR0105371	KZ505711.1	240895	241440	+	18.9	0
ERVL	DR0105238	KZ505711.1	272834	272950	+	4.3	0
ERVL	DR0105278	KZ505711.1	396122	396652	C	19.1	0
ERVL	DR0105278	KZ505711.1	436155	436664	+	16.7	0
ERVL	DR0105305	KZ505711.1	459400	459529	+	30.7	0
ERVL	DR0105278	KZ505711.1	476859	477375	C	14.6	0
ERVL	DR0105278	KZ505711.1	571496	571609	C	15.6	0
ERVL	DR0105278	KZ505711.1	572000	572429	C	19.8	0
ERVL	DR0105370	KZ505711.1	679809	679999	C	15.7	0
ERVL	DR0105294	KZ505711.1	724141	724571	C	10.7	0
ERVL	DR0105370	KZ505711.1	735118	735692	+	15.2	0
ERVL	DR0105338	KZ505711.1	773954	774476	+	16.6	0
ERVL	DR0105338	KZ505711.1	798598	798822	C	28.1	0
ERV1	DR0105321	KZ505711.1	808645	809428	C	14.2	0
ERVL	DR0105338	KZ505711.1	820621	820920	+	22.4	0
ERVL	DR0105338	KZ505711.1	822012	822454	+	20.9	0
ERV4	DR0105376	KZ505711.1	823588	824285	C	16.9	0
ERVL	DR0105338	KZ505711.1	831299	831470	C	22.2	0
ERVL	DR0105364	KZ505711.1	844830	845310	C	13.3	0
ERVL	DR0105327	KZ505711.1	1023214	1023938	C	9.1	0
ERVL	DR0105370	KZ505711.1	1173447	1174021	+	19.8	0
ERVL	DR0105370	KZ505711.1	1231085	1231670	C	13.9	0
ERVL	DR0105238	KZ505711.1	1240551	1240705	C	6.5	0
ERVL	DR0105305	KZ505711.1	1301169	1301291	C	27.9	0
ERVL	DR0105312	KZ505711.1	1318384	1318559	C	23.0	0
ERVL	DR0105232	KZ505711.1	1321909	1323291	C	14.4	0
ERVL	DR0105338	KZ505711.1	1341795	1342003	+	16.4	0
ERVL	DR0105338	KZ505711.1	1346770	1346996	+	21.9	0
ERVL	DR0105315	KZ505712.1	94981	95586	C	23.1	0
ERVL	DR0105278	KZ505712.1	477850	478001	+	16.0	0
ERVL	DR0105358	KZ505712.1	513339	513439	C	6.9	0
ERVL	DR0105358	KZ505712.1	527669	527801	+	4.5	0
ERVL	DR0105370	KZ505712.1	602314	602474	+	12.2	0
ERVL	DR0105371	KZ505712.1	625071	625640	+	14.0	0
ERVL	DR0105371	KZ505712.1	776084	776649	+	14.1	0
ERVL	DR0105278	KZ505712.1	835545	836070	C	14.7	0
ERVL	DR0105370	KZ505712.1	841296	841896	+	17.0	0
ERVL	DR0105315	KZ505712.1	851558	852157	+	16.7	0
ERV1	DR0105240	KZ505712.1	1065449	1066008	+	6.5	0
ERVL	DR0105261	KZ505712.1	1101834	1101901	+	13.2	0
ERVL	DR0105238	KZ505713.1	2345	2423	C	7.6	0
ERVL	DR0105370	KZ505713.1	181777	182095	+	15.8	0
ERVL	DR0105338	KZ505713.1	982035	982466	C	17.9	0
ERVL	DR0105370	KZ505714.1	252752	253289	+	25.4	0
ERVL	DR0105238	KZ505714.1	296114	296344	C	14.5	0
ERVL	DR0105370	KZ505714.1	342752	343119	+	17.2	0
ERVL	DR0105371	KZ505714.1	487937	488514	C	15.0	0
ERVL	DR0105315	KZ505714.1	495156	495742	+	24.2	0
ERVL	DR0105261	KZ505714.1	500167	500299	C	20.6	0
ERVL	DR0105338	KZ505714.1	500326	500890	C	24.5	0
ERVL	DR0105315	KZ505714.1	501175	501554	C	24.5	0
ERVL	DR0105315	KZ505714.1	501732	501987	C	23.2	0
ERV4	DR0105376	KZ505714.1	528522	528730	C	21.4	0
ERVL	DR0105315	KZ505714.1	530297	530794	+	23.9	0
ERVL	DR0105305	KZ505714.1	616496	616585	C	28.9	0
ERVL	DR0105370	KZ505714.1	616596	617952	C	23.5	0
ERVL	DR0105230	KZ505714.1	628578	628864	+	27.5	0
ERVL	DR0105327	KZ505714.1	702662	703191	C	12.1	0
ERVL	DR0105338	KZ505714.1	756175	756927	+	24.2	0
ERVL	DR0105364	KZ505714.1	840469	840985	+	15.7	0
ERVL	DR0105294	KZ505714.1	918197	918932	+	10.4	0
ERVL	DR0105358	KZ505714.1	923855	923975	C	10.7	0
ERVL	DR0105305	KZ505714.1	943502	943619	+	20.3	0
ERV4	DR0105376	KZ505714.1	956607	957383	C	7.4	0
ERVL	DR0105305	KZ505714.1	976371	977145	+	30.0	0
ERVL	DR0105370	KZ505714.1	978491	979423	C	22.6	0
ERVL	DR0105312	KZ505714.1	980276	980609	C	19.3	0
ERVL	DR0105312	KZ505714.1	980617	981373	C	30.8	0
ERVL	DR0105370	KZ505714.1	981759	981976	C	23.4	0
ERVL	DR0105295	KZ505714.1	982080	982358	C	22.4	0
ERVL	DR0105338	KZ505714.1	1001911	1002243	+	23.0	0
ERVL	DR0105370	KZ505714.1	1067792	1068193	+	26.3	0
ERVL	DR0105278	KZ505714.1	1073165	1073668	C	18.0	0
ERVL	DR0105338	KZ505714.1	1082773	1082890	C	24.6	0
ERV1	DR0105240	KZ505714.1	1131245	1131370	+	24.4	0
ERVL	DR0105278	KZ505714.1	1190343	1190865	C	19.6	0
ERVL	DR0105338	KZ505714.1	1205729	1206810	+	17.0	0
ERVL	DR0105371	KZ505714.1	1240658	1241169	+	13.1	0
ERVL	DR0105364	KZ505714.1	1308083	1308713	C	12.2	0
ERVL	DR0105371	KZ505715.1	47460	48033	C	14.7	0
ERVL	DR0105371	KZ505715.1	180978	181530	+	15.5	0
ERVL	DR0105294	KZ505715.1	280891	281652	+	16.7	0
ERVL	DR0105338	KZ505715.1	418624	419667	+	13.7	0
ERVL	DR0105370	KZ505715.1	442833	443503	+	21.6	0
ERVL	DR0105371	KZ505715.1	605858	606407	+	15.0	0
ERVL	DR0105338	KZ505715.1	664638	664935	+	27.9	0
ERVL	DR0105338	KZ505715.1	778367	778606	C	12.3	0
ERVL	DR0105358	KZ505715.1	778853	779497	C	3.4	0
ERVL	DR0105305	KZ505715.1	779730	780056	C	24.9	0
ERVL	DR0105370	KZ505715.1	780090	780153	C	26.6	0
ERVL	DR0105370	KZ505715.1	804625	804877	C	14.3	0
ERVL	DR0105370	KZ505715.1	813894	814444	+	13.8	0
ERVL	DR0105338	KZ505715.1	839742	839928	+	27.4	0
ERVL	DR0105370	KZ505715.1	863478	863791	C	23.9	0
ERVL	DR0105370	KZ505715.1	962024	962602	C	14.7	0
ERVL	DR0105315	KZ505715.1	1046905	1047471	+	19.9	0
ERVL	DR0105338	KZ505715.1	1080673	1080871	+	22.0	0
ERVL	DR0105371	KZ505715.1	1103693	1104267	+	14.8	0
ERVL	DR0105315	KZ505715.1	1177617	1178123	+	24.4	0
ERVL	DR0105370	KZ505715.1	1198958	1199111	+	23.4	0
ERVL	DR0105341	KZ505715.1	1207257	1207672	+	10.6	0
ERVL	DR0105305	KZ505716.1	70661	70827	C	16.4	0
ERVL	DR0105338	KZ505716.1	79561	80206	+	18.2	0
ERVL	DR0105278	KZ505716.1	261588	262130	+	13.6	0
ERV4	DR0105376	KZ505716.1	293160	293883	C	10.9	0
ERVL	DR0105370	KZ505716.1	302200	302789	+	23.0	0
ERV1	DR0105240	KZ505716.1	439765	439909	+	23.2	0
ERV4	DR0105376	KZ505716.1	445308	445856	+	17.0	0
ERVL	DR0105261	KZ505716.1	540969	541189	C	11.6	0
ERVL	DR0105370	KZ505716.1	596548	596818	C	18.9	0
ERVL	DR0105278	KZ505716.1	598033	598230	C	13.7	0
ERVL	DR0105315	KZ505716.1	671003	671593	C	21.0	0
ERVL	DR0105315	KZ505716.1	718514	719068	C	25.2	0
ERVL	DR0105315	KZ505716.1	855881	856479	+	23.4	0
ERVL	DR0105370	KZ505716.1	985794	986365	C	19.3	0
ERVL	DR0105370	KZ505716.1	1000624	1001171	+	24.6	0
ERVL	DR0105371	KZ505716.1	1034652	1035193	C	14.5	0
ERVL	DR0105305	KZ505716.1	1107180	1107307	C	22.2	0
ERVL	DR0105295	KZ505716.1	1107414	1107529	C	23.0	0
ERVL	DR0105358	KZ505716.1	1133301	1133961	C	4.5	0
ERVL	DR0105370	KZ505716.1	1168537	1168909	C	22.1	0
ERVL	DR0105295	KZ505716.1	1179487	1180009	+	22.4	0
ERVL	DR0105278	KZ505716.1	1260510	1261018	+	13.3	0
ERVL	DR0105278	KZ505717.1	24361	24948	+	16.0	0
ERVL	DR0105238	KZ505717.1	606669	606713	C	13.3	0
ERV4	DR0105376	KZ505717.1	631022	631177	+	25.4	0
ERVL	DR0105338	KZ505717.1	663148	663902	C	25.7	0
ERVL	DR0105358	KZ505717.1	679645	680278	C	5.4	0
ERVL	DR0105371	KZ505717.1	758359	758948	C	15.0	0
ERVL	DR0105327	KZ505717.1	775016	775749	C	11.2	0
ERVL	DR0105294	KZ505717.1	808389	808499	+	16.2	0
ERVL	DR0105294	KZ505717.1	809048	809210	+	16.1	0
ERVL	DR0105370	KZ505717.1	849251	849835	+	14.3	0
ERVL	DR0105278	KZ505717.1	901342	901876	C	15.3	0
ERVL	DR0105315	KZ505717.1	1138696	1139147	+	23.5	0
ERVL	DR0105370	KZ505717.1	1139180	1139358	+	26.4	0
ERVL	DR0105338	KZ505717.1	1224333	1224437	+	15.2	0
ERVL	DR0105358	KZ505718.1	3516	4161	C	10.7	0
ERVL	DR0105338	KZ505718.1	69632	70305	C	24.1	0
ERVL	DR0105294	KZ505718.1	263896	264642	C	11.4	0
ERVL	DR0105338	KZ505718.1	751631	752295	C	23.5	0
ERVL	DR0105370	KZ505718.1	868046	868143	+	19.6	0
ERVL	DR0105338	KZ505719.1	222648	223693	+	15.5	0
ERVL	DR0105371	KZ505719.1	255813	256403	+	11.1	0
ERVL	DR0105278	KZ505719.1	322724	323233	+	13.8	0
ERVL	DR0105261	KZ505719.1	370678	371099	C	13.8	0
ERVL	DR0105338	KZ505719.1	420482	420706	+	26.3	0
ERVL	DR0105338	KZ505719.1	491262	491643	+	27.0	0
ERVL	DR0105371	KZ505719.1	677882	678475	+	14.1	0
ERVL	DR0105327	KZ505719.1	746132	746857	+	9.5	0
ERVL	DR0105358	KZ505719.1	760273	760863	C	5.8	0
ERV1	DR0105240	KZ505719.1	1057453	1057593	+	21.5	0
ERVL	DR0105315	KZ505719.1	1208691	1208764	C	18.9	0
ERVL	DR0105338	KZ505719.1	1268432	1269232	+	25.9	0
ERVL	DR0105315	KZ505720.1	12879	13159	C	15.4	0
ERVL	DR0105238	KZ505720.1	21695	21788	+	3.2	0
ERVL	DR0105238	KZ505720.1	22324	22412	+	16.5	0
ERVL	DR0105371	KZ505720.1	64864	65437	C	16.7	0
ERVL	DR0105370	KZ505720.1	67813	68399	+	17.4	0
ERVL	DR0105315	KZ505720.1	86767	86853	+	27.6	0
ERVL	DR0105305	KZ505720.1	86926	87100	+	22.0	0
ERVL	DR0105295	KZ505720.1	170633	170884	+	18.9	0
ERVL	DR0105370	KZ505720.1	170927	171163	+	23.6	0
ERVL	DR0105364	KZ505720.1	248316	248912	C	12.8	0
ERVL	DR0105338	KZ505720.1	338832	339939	+	17.5	0
ERVL	DR0105370	KZ505720.1	387650	388223	C	22.9	0
ERVL	DR0105358	KZ505720.1	413663	414092	C	4.9	0
ERVL	DR0105358	KZ505720.1	414114	414372	C	4.6	0
ERVL	DR0105364	KZ505720.1	1111320	1111971	C	12.7	0
ERVL	DR0105232	KZ505720.1	1173253	1173309	+	12.3	0
ERVL	DR0105315	KZ505720.1	1283398	1283947	+	22.3	0
ERVL	DR0105338	KZ505721.1	38803	39900	C	15.9	0
ERVL	DR0105338	KZ505721.1	143081	143378	C	24.7	0
ERVL	DR0105338	KZ505721.1	143397	143805	C	30.7	0
ERVL	DR0105230	KZ505721.1	206674	207277	+	7.1	0
ERVL	DR0105338	KZ505721.1	296676	297158	+	17.2	0
ERVL	DR0105371	KZ505721.1	311550	312127	+	18.9	0
ERVL	DR0105315	KZ505721.1	315309	315591	+	25.7	0
ERVL	DR0105370	KZ505721.1	315613	315828	+	28.3	0
ERVL	DR0105294	KZ505721.1	341138	341874	C	11.2	0
ERVL	DR0105315	KZ505721.1	351600	352174	C	24.8	0
ERVL	DR0105370	KZ505721.1	352222	352341	+	20.3	0
ERVL	DR0105261	KZ505721.1	352622	352765	+	16.0	0
ERVL	DR0105371	KZ505721.1	398372	398509	+	18.2	0
ERVL	DR0105370	KZ505721.1	416384	416953	+	15.7	0
ERVL	DR0105371	KZ505721.1	452348	452902	C	14.5	0
ERVL	DR0105370	KZ505721.1	483909	484149	C	25.3	0
ERVL	DR0105315	KZ505721.1	498011	498602	C	25.1	0
ERVL	DR0105261	KZ505721.1	501095	501300	+	14.7	0
ERVL	DR0105338	KZ505721.1	501491	501638	+	13.5	0
ERVL	DR0105278	KZ505721.1	546801	547264	+	19.4	0
ERVL	DR0105315	KZ505721.1	563713	564065	+	19.8	0
ERVL	DR0105371	KZ505721.1	564068	564148	+	19.8	0
ERVL	DR0105371	KZ505721.1	596698	597283	+	13.0	0
ERVL	DR0105315	KZ505721.1	771883	772367	C	19.9	0
ERVL	DR0105238	KZ505721.1	793690	794428	+	58.2	0
ERVL	DR0105238	KZ505721.1	826082	826359	+	9.0	0
ERVL	DR0105315	KZ505721.1	872383	872969	C	24.6	0
ERVL	DR0105278	KZ505721.1	890695	891154	+	17.7	0
ERVL	DR0105338	KZ505721.1	925817	925915	C	16.2	0
ERVL	DR0105261	KZ505721.1	927305	927571	C	14.4	0
ERVL	DR0105370	KZ505721.1	1008025	1009043	C	16.2	0
ERVL	DR0105312	KZ505721.1	1009085	1009264	C	23.7	0
ERVL	DR0105326	KZ505721.1	1009697	1009857	+	17.3	0
ERVL	DR0105326	KZ505721.1	1014305	1014447	+	15.1	0
ERVL	DR0105338	KZ505721.1	1039474	1040516	+	19.1	0
ERVL	DR0105371	KZ505721.1	1060309	1060884	C	15.6	0
ERV4	DR0105376	KZ505721.1	1091677	1092383	C	18.8	0
ERVL	DR0105315	KZ505721.1	1118452	1119027	+	21.0	0
ERVL	DR0105238	KZ505721.1	1131425	1131581	+	8.3	0
ERVL	DR0105312	KZ505721.1	1133880	1136226	+	15.1	0
ERVL	DR0105278	KZ505721.1	1160476	1160979	C	18.8	0
ERVL	DR0105326	KZ505721.1	1256461	1256519	+	25.4	0
ERVL	DR0105370	KZ505721.1	1268748	1269314	C	18.2	0
ERVL	DR0105294	KZ505721.1	1282144	1282360	+	7.4	0
ERVL	DR0105238	KZ505721.1	1282361	1282769	+	13.4	0
ERVL	DR0105278	KZ505722.1	4135	4843	+	20.1	0
ERVL	DR0105261	KZ505722.1	25893	25951	+	12.4	0
ERVL	DR0105338	KZ505722.1	246922	247992	C	21.2	0
ERVL	DR0105370	KZ505722.1	311326	311459	C	13.4	0
ERVL	DR0105278	KZ505722.1	335235	335728	+	17.4	0
ERVL	DR0105371	KZ505722.1	377472	378040	+	15.0	0
ERVL	DR0105370	KZ505722.1	379219	379608	C	19.8	0
ERVL	DR0105315	KZ505722.1	437719	438137	C	21.6	0
ERVL	DR0105338	KZ505722.1	487798	488592	C	28.2	0
ERV1	DR0105342	KZ505722.1	492461	492872	C	12.8	0
ERVL	DR0105338	KZ505722.1	506397	507491	+	14.6	0
ERVL	DR0105371	KZ505722.1	518575	519145	C	15.9	0
ERVL	DR0105230	KZ505722.1	662540	662606	+	10.4	0
ERVL	DR0105315	KZ505722.1	682399	682664	C	22.3	0
ERVL	DR0105238	KZ505722.1	766711	767033	C	13.4	0
ERVL	DR0105278	KZ505722.1	807858	808298	+	19.0	0
ERVL	DR0105278	KZ505722.1	811398	811903	+	19.0	0
ERVL	DR0105371	KZ505722.1	820826	821407	+	14.6	0
ERVL	DR0105364	KZ505722.1	834024	834647	C	12.2	0
ERVL	DR0105238	KZ505722.1	903734	903802	C	10.1	0
ERVL	DR0105315	KZ505722.1	936362	936964	C	20.0	0
ERVL	DR0105305	KZ505722.1	941077	941371	C	25.5	0
ERVL	DR0105315	KZ505722.1	1096777	1096986	+	16.3	0
ERVL	DR0105338	KZ505723.1	227251	227986	+	24.8	0
ERVL	DR0105278	KZ505723.1	276612	276672	+	20.2	0
ERVL	DR0105305	KZ505723.1	282155	282451	+	31.3	0
ERVL	DR0105305	KZ505723.1	282481	282850	+	25.0	0
ERVL	DR0105371	KZ505723.1	293473	293726	C	11.3	0
ERVL	DR0105370	KZ505723.1	294105	294456	C	12.4	0
ERVL	DR0105315	KZ505723.1	305369	305651	+	22.0	0
ERVL	DR0105261	KZ505723.1	378275	378861	+	23.9	0
ERVL	DR0105305	KZ505723.1	378863	378992	+	27.7	0
ERVL	DR0105338	KZ505723.1	430048	431169	C	15.8	0
ERVL	DR0105278	KZ505723.1	447920	448422	+	19.2	0
ERVL	DR0105230	KZ505723.1	505507	505625	+	14.3	0
ERVL	DR0105312	KZ505723.1	561703	561914	+	34.5	0
ERVL	DR0105338	KZ505723.1	601181	601405	C	22.7	0
ERVL	DR0105338	KZ505723.1	601444	601700	C	23.1	0
ERVL	DR0105370	KZ505723.1	613703	614276	C	14.9	0
ERV1	DR0105240	KZ505723.1	676509	676587	+	8.9	0
ERVL	DR0105338	KZ505723.1	715342	716427	C	17.2	0
ERVL	DR0105278	KZ505723.1	726494	727032	C	13.3	0
ERVL	DR0105278	KZ505723.1	851944	852460	+	14.7	0
ERVL	DR0105278	KZ505723.1	901258	901755	C	15.5	0
ERVL	DR0105338	KZ505723.1	914371	914606	C	24.5	0
ERVL	DR0105338	KZ505723.1	914617	914754	C	26.3	0
ERVL	DR0105338	KZ505723.1	1101304	1102439	+	15.9	0
ERVL	DR0105295	KZ505723.1	1137688	1138223	+	22.1	0
ERVL	DR0105261	KZ505723.1	1218919	1219162	C	16.1	0
ERVL	DR0105278	KZ505724.1	48609	49107	+	13.1	0
ERV4	DR0105376	KZ505724.1	51181	51369	C	6.8	0
ERVL	DR0105371	KZ505724.1	57277	57839	+	12.9	0
ERVL	DR0105338	KZ505724.1	87012	87839	C	22.4	0
ERVL	DR0105238	KZ505724.1	319258	319362	+	11.9	0
ERVL	DR0105358	KZ505724.1	385867	386513	C	4.5	0
ERVL	DR0105232	KZ505724.1	478433	478796	+	21.1	0
ERVL	DR0105278	KZ505724.1	478955	479445	+	17.1	0
ERVL	DR0105371	KZ505724.1	498301	498851	C	15.7	0
ERV1	DR0105342	KZ505724.1	520334	520690	C	13.8	0
ERVL	DR0105371	KZ505724.1	643486	644050	+	12.1	0
ERVL	DR0105371	KZ505724.1	735187	735754	C	12.5	0
ERVL	DR0105370	KZ505724.1	746011	746609	+	22.2	0
ERVL	DR0105371	KZ505724.1	795110	795670	C	15.1	0
ERVL	DR0105370	KZ505724.1	833089	833665	C	15.2	0
ERVL	DR0105371	KZ505724.1	1101276	1101854	+	12.5	0
ERV4	DR0105376	KZ505724.1	1197865	1198414	+	13.4	0
ERVL	DR0105371	KZ505724.1	1205565	1206109	C	19.2	0
ERVL	DR0105338	KZ505724.1	1214431	1214516	C	17.9	0
ERVL	DR0105338	KZ505724.1	1214528	1214694	C	19.4	0
ERVL	DR0105370	KZ505724.1	1252427	1253019	+	13.8	0
ERVL	DR0105370	KZ505725.1	60093	60688	C	13.4	0
ERVL	DR0105370	KZ505725.1	68099	68142	+	18.2	0
ERVL	DR0105338	KZ505725.1	458504	459650	+	19.4	0
ERVL	DR0105278	KZ505725.1	462228	462799	C	17.5	0
ERVL	DR0105338	KZ505725.1	465485	466265	+	18.1	0
ERV4	DR0105376	KZ505725.1	775638	776414	C	47.7	0
ERVL	DR0105370	KZ505725.1	795951	796495	+	20.3	0
ERVL	DR0105338	KZ505725.1	874100	874632	+	26.5	0
ERVL	DR0105278	KZ505725.1	940706	941237	C	14.1	0
ERVL	DR0105370	KZ505725.1	942242	942863	C	25.1	0
ERVL	DR0105370	KZ505725.1	1020950	1021332	C	12.3	0
ERV1	DR0105240	KZ505725.1	1058567	1058681	+	20.5	0
ERVL	DR0105370	KZ505725.1	1065046	1065172	+	12.6	0
ERVL	DR0105370	KZ505725.1	1194071	1194619	+	13.5	0
ERVL	DR0105370	KZ505725.1	1225722	1226337	+	21.1	0
ERVL	DR0105370	KZ505725.1	1237470	1238034	C	14.9	0
ERVL	DR0105358	KZ505725.1	1238145	1238789	C	4.5	0
ERVL	DR0105370	KZ505726.1	2203	2820	+	24.3	0
ERVL	DR0105238	KZ505726.1	18795	19548	C	10.8	0
ERVL	DR0105294	KZ505726.1	25964	26151	+	8.0	0
ERVL	DR0105370	KZ505726.1	46174	46729	C	23.6	0
ERVL	DR0105338	KZ505726.1	54765	55600	C	23.9	0
ERVL	DR0105338	KZ505726.1	60840	61910	C	17.3	0
ERVL	DR0105238	KZ505726.1	115094	115845	+	9.7	0
ERVL	DR0105370	KZ505726.1	189488	190046	C	15.4	0
ERVL	DR0105338	KZ505726.1	205857	206117	+	25.0	0
ERVL	DR0105371	KZ505726.1	206118	206671	C	19.7	0
ERVL	DR0105370	KZ505726.1	311003	311571	C	23.7	0
ERVL	DR0105370	KZ505726.1	377089	377681	C	17.6	0
ERVL	DR0105315	KZ505726.1	429892	430236	+	23.8	0
ERVL	DR0105294	KZ505726.1	483226	483588	C	5.5	0
ERVL	DR0105305	KZ505726.1	532546	532615	C	22.1	0
ERVL	DR0105341	KZ505726.1	672154	672204	+	11.8	0
ERVL	DR0105327	KZ505726.1	697292	697342	C	3.9	0
ERVL	DR0105278	KZ505726.1	699756	700247	+	18.0	0
ERVL	DR0105358	KZ505726.1	845970	846641	+	14.4	0
ERVL	DR0105295	KZ505726.1	983591	983819	C	22.8	0
ERV1	DR0105342	KZ505726.1	1029495	1029659	C	21.8	0
ERVL	DR0105358	KZ505726.1	1042150	1042792	+	6.1	0
ERVL	DR0105338	KZ505726.1	1064430	1065175	C	25.9	0
ERVL	DR0105315	KZ505726.1	1070154	1070245	C	20.9	0
ERVL	DR0105315	KZ505726.1	1119031	1119613	C	21.8	0
ERVL	DR0105305	KZ505727.1	184593	184692	+	25.3	0
ERVL	DR0105238	KZ505727.1	295617	296085	+	8.6	0
ERVL	DR0105294	KZ505727.1	600700	601435	+	9.1	0
ERVL	DR0105370	KZ505727.1	608455	609053	+	25.3	0
ERVL	DR0105278	KZ505727.1	829384	829848	+	15.1	0
ERVL	DR0105278	KZ505727.1	876671	877157	+	18.9	0
ERVL	DR0105370	KZ505727.1	1144987	1145557	C	11.8	0
ERVL	DR0105295	KZ505727.1	1223850	1224168	C	22.4	0
ERVL	DR0105338	KZ505727.1	1236171	1236471	C	11.8	0
ERVL	DR0105338	KZ505728.1	15165	15691	C	25.8	0
ERVL	DR0105294	KZ505728.1	29066	29791	C	11.5	0
ERVL	DR0105278	KZ505728.1	35629	36016	+	11.9	0
ERVL	DR0105327	KZ505728.1	40668	41362	+	8.8	0
ERVL	DR0105327	KZ505728.1	41366	41444	C	5.1	0
ERVL	DR0105338	KZ505728.1	90284	90637	C	17.2	0
ERVL	DR0105341	KZ505728.1	92503	92729	C	9.4	0
ERVL	DR0105338	KZ505728.1	96862	97160	C	23.5	0
ERVL	DR0105370	KZ505728.1	113623	114214	+	18.7	0
ERVL	DR0105315	KZ505728.1	136066	136632	C	25.1	0
ERVL	DR0105370	KZ505728.1	153871	154472	C	19.8	0
ERV4	DR0105376	KZ505728.1	176605	177160	+	14.6	0
ERVL	DR0105261	KZ505728.1	207133	207346	C	15.6	0
ERVL	DR0105371	KZ505728.1	218655	219239	C	13.9	0
ERV4	DR0105376	KZ505728.1	220786	221575	C	20.8	0
ERVL	DR0105278	KZ505728.1	222235	222652	+	16.6	0
ERVL	DR0105370	KZ505728.1	243559	244150	C	20.4	0
ERVL	DR0105278	KZ505728.1	255170	255644	+	15.3	0
ERVL	DR0105315	KZ505728.1	264029	264169	+	26.6	0
ERVL	DR0105370	KZ505728.1	270227	270813	+	17.8	0
ERVL	DR0105370	KZ505728.1	278985	279568	+	16.8	0
ERVL	DR0105295	KZ505728.1	361771	361864	+	15.1	0
ERVL	DR0105370	KZ505728.1	361899	362127	+	15.3	0
ERVL	DR0105370	KZ505728.1	409037	409675	+	16.9	0
ERVL	DR0105338	KZ505728.1	417650	417938	+	12.8	0
ERVL	DR0105338	KZ505728.1	420118	421316	+	16.6	0
ERVL	DR0105371	KZ505728.1	424816	425383	+	14.8	0
ERVL	DR0105305	KZ505728.1	455135	455907	C	23.4	0
ERVL	DR0105338	KZ505728.1	482045	482676	+	26.4	0
ERVL	DR0105338	KZ505728.1	499085	499524	+	20.4	0
ERVL	DR0105338	KZ505728.1	511725	512195	C	18.1	0
ERVL	DR0105338	KZ505728.1	521268	522378	C	22.9	0
ERVL	DR0105338	KZ505728.1	554008	554824	+	27.0	0
ERVL	DR0105338	KZ505728.1	564693	564831	C	25.4	0
ERVL	DR0105315	KZ505728.1	570863	571469	C	25.2	0
ERVL	DR0105338	KZ505728.1	572821	572872	+	15.4	0
ERVL	DR0105338	KZ505728.1	610886	611397	C	27.8	0
ERV4	DR0105376	KZ505728.1	625655	626365	+	12.2	0
ERVL	DR0105294	KZ505728.1	642976	643536	+	8.7	0
ERVL	DR0105341	KZ505728.1	653989	654403	C	10.1	0
ERVL	DR0105370	KZ505728.1	678619	679179	+	14.6	0
ERVL	DR0105278	KZ505728.1	685567	686104	C	14.1	0
ERVL	DR0105261	KZ505728.1	694727	694957	C	29.0	0
ERVL	DR0105338	KZ505728.1	699099	700005	C	26.3	0
ERVL	DR0105358	KZ505728.1	705555	706186	C	5.5	0
ERVL	DR0105338	KZ505728.1	721363	722070	C	24.9	0
ERVL	DR0105338	KZ505728.1	722863	722935	C	19.6	0
ERVL	DR0105341	KZ505728.1	725038	725440	C	11.3	0
ERVL	DR0105338	KZ505728.1	736534	736600	+	16.9	0
ERVL	DR0105338	KZ505728.1	778450	778616	C	33.5	0
ERVL	DR0105315	KZ505728.1	788222	788706	+	22.9	0
ERVL	DR0105370	KZ505728.1	789626	790141	+	16.5	0
ERVL	DR0105370	KZ505728.1	826283	826918	+	24.6	0
ERV4	DR0105376	KZ505728.1	826919	827671	+	6.3	0
ERVL	DR0105370	KZ505728.1	831960	832276	+	19.8	0
ERVL	DR0105294	KZ505728.1	832430	833170	+	10.5	0
ERVL	DR0105305	KZ505728.1	833172	833258	+	30.2	0
ERVL	DR0105338	KZ505728.1	907181	908150	C	26.6	0
ERVL	DR0105370	KZ505728.1	922145	922692	+	22.2	0
ERVL	DR0105278	KZ505728.1	939171	939676	C	17.2	0
ERVL	DR0105338	KZ505728.1	941485	942444	C	22.2	0
ERVL	DR0105315	KZ505728.1	949438	949941	C	20.9	0
ERVL	DR0105338	KZ505728.1	965024	966140	+	20.0	0
ERVL	DR0105305	KZ505728.1	980505	981247	+	29.0	0
ERVL	DR0105312	KZ505728.1	992608	992774	C	29.6	0
ERVL	DR0105338	KZ505728.1	1014165	1014321	+	21.7	0
ERVL	DR0105315	KZ505728.1	1017514	1018077	C	23.2	0
ERV4	DR0105376	KZ505728.1	1073735	1074013	+	8.4	0
ERVL	DR0105370	KZ505728.1	1078764	1079357	C	15.2	0
ERVL	DR0105338	KZ505728.1	1132060	1133077	+	18.5	0
ERVL	DR0105278	KZ505728.1	1134952	1135446	C	17.4	0
ERV4	DR0105376	KZ505728.1	1140755	1141508	C	6.5	0
ERVL	DR0105371	KZ505728.1	1157849	1158033	+	15.8	0
ERVL	DR0105371	KZ505728.1	1158123	1158505	+	14.1	0
ERVL	DR0105371	KZ505728.1	1174932	1174982	+	13.2	0
ERVL	DR0105305	KZ505729.1	13251	13993	+	25.9	0
ERV1	DR0105240	KZ505729.1	83785	83849	C	12.3	0
ERVL	DR0105338	KZ505729.1	105105	106226	+	16.7	0
ERVL	DR0105338	KZ505729.1	109307	109759	+	27.5	0
ERVL	DR0105371	KZ505729.1	124819	125397	+	17.4	0
ERVL	DR0105370	KZ505729.1	152223	152357	+	20.9	0
ERVL	DR0105338	KZ505729.1	152358	153413	C	18.3	0
ERVL	DR0105315	KZ505729.1	153634	154044	+	28.4	0
ERVL	DR0105315	KZ505729.1	189280	189468	C	29.2	0
ERVL	DR0105341	KZ505729.1	202574	202984	C	12.3	0
ERVL	DR0105294	KZ505729.1	216737	217485	C	10.1	0
ERVL	DR0105371	KZ505729.1	220762	221336	+	14.3	0
ERVL	DR0105326	KZ505729.1	235034	235073	C	7.5	0
ERVL	DR0105261	KZ505729.1	236660	237137	C	23.2	0
ERVL	DR0105371	KZ505729.1	263975	264556	C	16.3	0
ERVL	DR0105338	KZ505729.1	285048	285180	C	27.9	0
ERVL	DR0105315	KZ505729.1	310887	311455	C	25.6	0
ERVL	DR0105338	KZ505729.1	312173	312555	C	24.1	0
ERVL	DR0105295	KZ505729.1	330233	330334	+	17.8	0
ERVL	DR0105338	KZ505729.1	342439	343272	C	25.8	0
ERVL	DR0105338	KZ505729.1	372653	372956	+	17.8	0
ERVL	DR0105305	KZ505729.1	407120	407284	+	26.7	0
ERV4	DR0105376	KZ505729.1	407479	407998	+	12.0	0
ERVL	DR0105294	KZ505729.1	429308	429463	C	19.5	0
ERVL	DR0105294	KZ505729.1	429899	429976	C	9.0	0
ERVL	DR0105370	KZ505729.1	432349	432411	+	23.0	0
ERVL	DR0105338	KZ505729.1	498409	499440	+	17.0	0
ERVL	DR0105261	KZ505729.1	543291	543521	C	14.3	0
ERVL	DR0105261	KZ505729.1	543524	544101	C	14.2	0
ERVL	DR0105315	KZ505729.1	547412	547983	+	24.8	0
ERVL	DR0105294	KZ505729.1	619207	619939	C	10.4	0
ERVL	DR0105371	KZ505729.1	639710	640274	+	15.7	0
ERVL	DR0105338	KZ505729.1	676902	677213	+	26.8	0
ERVL	DR0105315	KZ505729.1	677270	677775	+	23.5	0
ERVL	DR0105370	KZ505729.1	769939	770512	+	18.0	0
ERVL	DR0105338	KZ505729.1	838481	839562	+	18.5	0
ERVL	DR0105261	KZ505729.1	860822	861691	+	15.5	0
ERVL	DR0105295	KZ505729.1	1048969	1049220	C	18.4	0
ERVL	DR0105338	KZ505729.1	1229861	1230995	+	16.6	0
ERVL	DR0105295	KZ505730.1	20484	20976	C	21.7	0
ERVL	DR0105338	KZ505730.1	423483	424611	+	16.4	0
ERVL	DR0105327	KZ505730.1	429352	429414	C	7.9	0
ERVL	DR0105338	KZ505730.1	551840	552226	C	25.4	0
ERVL	DR0105371	KZ505730.1	904999	905556	C	13.5	0
ERVL	DR0105326	KZ505730.1	941546	941586	C	4.9	0
ERVL	DR0105370	KZ505730.1	941610	942188	C	10.9	0
ERVL	DR0105370	KZ505730.1	1206215	1206394	+	17.2	0
ERVL	DR0105371	KZ505731.1	312004	312584	+	13.9	0
ERVL	DR0105358	KZ505731.1	350120	350357	+	6.3	0
ERVL	DR0105370	KZ505731.1	383956	384501	C	26.6	0
ERVL	DR0105370	KZ505731.1	385231	385773	C	22.8	0
ERVL	DR0105370	KZ505731.1	435023	435311	+	13.3	0
ERVL	DR0105326	KZ505731.1	435323	435438	+	14.9	0
ERV1	DR0105321	KZ505731.1	464567	465071	+	10.9	0
ERVL	DR0105370	KZ505731.1	468881	469422	+	23.4	0
ERVL	DR0105315	KZ505731.1	624760	625344	C	22.7	0
ERVL	DR0105358	KZ505731.1	887859	888493	C	10.1	0
ERVL	DR0105312	KZ505731.1	891722	891981	+	16.0	0
ERVL	DR0105370	KZ505731.1	892100	892682	C	17.0	0
ERV4	DR0105376	KZ505731.1	980688	980901	C	7.1	0
ERV4	DR0105376	KZ505731.1	1048044	1048206	+	6.1	0
ERVL	DR0105315	KZ505731.1	1160613	1161238	C	19.2	0
ERVL	DR0105278	KZ505731.1	1164448	1164944	C	16.5	0
ERVL	DR0105364	KZ505732.1	154865	155510	C	11.6	0
ERVL	DR0105338	KZ505732.1	259977	261070	+	20.8	0
ERVL	DR0105338	KZ505732.1	591656	592722	+	21.4	0
ERVL	DR0105278	KZ505732.1	621771	622243	C	16.9	0
ERV4	DR0105376	KZ505732.1	677842	678067	C	6.6	0
ERVL	DR0105370	KZ505732.1	714835	714896	C	27.4	0
ERVL	DR0105370	KZ505732.1	714974	715243	C	12.0	0
ERV4	DR0105376	KZ505732.1	845447	846003	+	14.7	0
ERV4	DR0105376	KZ505732.1	941731	942449	+	5.8	0
ERVL	DR0105278	KZ505732.1	945568	946101	+	14.9	0
ERVL	DR0105371	KZ505732.1	1100561	1101133	+	13.0	0
ERVL	DR0105238	KZ505733.1	1032185	1032268	+	9.5	0
ERVL	DR0105312	KZ505733.1	1090820	1090966	+	18.0	0
ERV1	DR0105342	KZ505734.1	285274	285373	+	14.3	0
ERV1	DR0105342	KZ505734.1	285393	286134	+	11.6	0
ERVL	DR0105238	KZ505734.1	525951	526688	+	10.8	0
ERVL	DR0105278	KZ505734.1	769774	770258	+	12.2	0
ERVL	DR0105338	KZ505735.1	1496	2531	+	17.1	0
ERVL	DR0105371	KZ505735.1	35917	36469	+	15.7	0
ERVL	DR0105278	KZ505735.1	138225	138588	+	15.8	0
ERVL	DR0105338	KZ505735.1	147122	147621	C	14.7	0
ERVL	DR0105261	KZ505735.1	147633	147735	C	14.5	0
ERVL	DR0105338	KZ505735.1	202700	203049	C	22.3	0
ERVL	DR0105338	KZ505735.1	210308	210560	C	22.9	0
ERVL	DR0105278	KZ505735.1	219885	220258	+	19.2	0
ERVL	DR0105370	KZ505735.1	226646	227228	+	14.6	0
ERVL	DR0105338	KZ505735.1	317129	318022	C	20.3	0
ERVL	DR0105341	KZ505735.1	318023	318418	C	9.4	0
ERVL	DR0105338	KZ505735.1	318419	318596	C	20.7	0
ERVL	DR0105305	KZ505735.1	461610	461849	+	20.9	0
ERVL	DR0105278	KZ505735.1	715631	716154	+	18.9	0
ERVL	DR0105338	KZ505735.1	743534	744477	+	22.7	0
ERVL	DR0105371	KZ505735.1	752681	753230	C	17.3	0
ERVL	DR0105338	KZ505735.1	753675	753948	C	21.3	0
ERVL	DR0105261	KZ505735.1	753988	754164	C	19.4	0
ERVL	DR0105370	KZ505735.1	758786	759357	+	15.2	0
ERVL	DR0105338	KZ505735.1	786464	787239	+	21.9	0
ERVL	DR0105338	KZ505735.1	824501	825493	C	20.5	0
ERVL	DR0105370	KZ505735.1	1056342	1056443	C	26.5	0
ERVL	DR0105370	KZ505735.1	1056450	1056557	C	23.1	0
ERVL	DR0105238	KZ505735.1	1090792	1090862	+	8.4	0
ERVL	DR0105371	KZ505735.1	1134631	1135227	+	16.4	0
ERVL	DR0105338	KZ505736.1	206063	207094	+	20.1	0
ERVL	DR0105278	KZ505736.1	214469	214947	+	15.0	0
ERVL	DR0105315	KZ505736.1	410295	410853	C	26.6	0
ERVL	DR0105315	KZ505736.1	432099	432647	+	23.9	0
ERVL	DR0105370	KZ505736.1	520228	520610	C	11.8	0
ERVL	DR0105278	KZ505736.1	521350	521471	C	14.8	0
ERVL	DR0105278	KZ505736.1	530733	530904	C	16.0	0
ERVL	DR0105370	KZ505736.1	604456	604727	+	8.5	0
ERVL	DR0105371	KZ505736.1	757316	757424	C	12.8	0
ERVL	DR0105294	KZ505736.1	895061	895207	+	16.2	0
ERVL	DR0105358	KZ505736.1	911441	912085	+	5.0	0
ERVL	DR0105370	KZ505736.1	980036	980603	+	15.4	0
ERVL	DR0105358	KZ505736.1	1062470	1062647	C	3.9	0
ERVL	DR0105238	KZ505736.1	1121478	1121575	+	20.7	0
ERVL	DR0105338	KZ505737.1	64864	65903	+	19.4	0
ERVL	DR0105305	KZ505737.1	216716	216888	C	22.3	0
ERVL	DR0105364	KZ505737.1	405437	405779	+	11.7	0
ERVL	DR0105338	KZ505737.1	457076	457620	C	21.6	0
ERVL	DR0105358	KZ505737.1	595547	596195	C	9.9	0
ERVL	DR0105278	KZ505737.1	651317	651828	C	14.2	0
ERVL	DR0105327	KZ505737.1	652892	653128	C	5.9	0
ERVL	DR0105364	KZ505737.1	719934	720157	+	13.4	0
ERVL	DR0105364	KZ505737.1	770423	771044	+	14.0	0
ERVL	DR0105338	KZ505737.1	795787	796743	+	21.8	0
ERVL	DR0105238	KZ505737.1	1029217	1029252	+	11.1	0
ERVL	DR0105278	KZ505737.1	1168816	1169339	+	17.9	0
ERVL	DR0105371	KZ505738.1	5332	5892	+	12.2	0
ERVL	DR0105338	KZ505738.1	22120	22342	+	23.5	0
ERVL	DR0105370	KZ505738.1	35058	35245	C	29.5	0
ERVL	DR0105370	KZ505738.1	44235	44852	+	12.1	0
ERVL	DR0105278	KZ505738.1	60899	61415	C	14.2	0
ERVL	DR0105370	KZ505738.1	102739	102892	+	12.3	0
ERVL	DR0105278	KZ505738.1	244942	245340	+	16.3	0
ERVL	DR0105364	KZ505738.1	277480	278161	C	10.8	0
ERVL	DR0105230	KZ505738.1	288243	288848	+	15.9	0
ERVL	DR0105338	KZ505738.1	456321	457697	+	20.5	0
ERVL	DR0105370	KZ505738.1	598372	598474	C	18.4	0
ERVL	DR0105338	KZ505738.1	652280	652537	+	18.4	0
ERVL	DR0105305	KZ505738.1	694847	695321	+	21.7	0
ERVL	DR0105338	KZ505738.1	723093	723246	+	21.4	0
ERVL	DR0105371	KZ505738.1	731079	731650	C	15.6	0
ERVL	DR0105278	KZ505738.1	800514	800596	C	18.1	0
ERVL	DR0105278	KZ505738.1	928300	928825	+	16.2	0
ERV4	DR0105376	KZ505738.1	965097	965622	C	11.8	0
ERVL	DR0105338	KZ505738.1	970635	971302	C	16.8	0
ERVL	DR0105338	KZ505738.1	977163	977356	+	16.6	0
ERVL	DR0105238	KZ505738.1	978667	979429	+	11.0	0
ERVL	DR0105327	KZ505738.1	988790	988845	+	14.3	0
ERVL	DR0105278	KZ505738.1	994138	994693	C	12.8	0
ERVL	DR0105338	KZ505738.1	1030895	1031165	+	29.4	0
ERVL	DR0105305	KZ505738.1	1031258	1031378	+	18.3	0
ERVL	DR0105238	KZ505738.1	1124195	1124956	C	9.8	0
ERVL	DR0105370	KZ505738.1	1141166	1141752	C	15.6	0
ERVL	DR0105364	KZ505738.1	1151217	1151278	C	12.9	0
ERVL	DR0105232	KZ505739.1	98085	98498	C	21.4	0
ERVL	DR0105327	KZ505739.1	107108	107482	C	9.6	0
ERVL	DR0105370	KZ505739.1	119923	120156	+	26.8	0
ERVL	DR0105338	KZ505739.1	177847	178012	+	26.5	0
ERVL	DR0105338	KZ505739.1	178334	179390	C	22.3	0
ERVL	DR0105370	KZ505739.1	207086	207353	C	14.6	0
ERVL	DR0105371	KZ505739.1	217280	217834	C	15.0	0
ERVL	DR0105315	KZ505739.1	261464	261769	+	21.6	0
ERVL	DR0105370	KZ505739.1	262928	263433	C	12.3	0
ERVL	DR0105338	KZ505739.1	282424	282717	C	9.3	0
ERVL	DR0105261	KZ505739.1	282718	282872	C	14.8	0
ERVL	DR0105312	KZ505739.1	283502	283845	+	18.5	0
ERVL	DR0105338	KZ505739.1	303383	304375	+	16.8	0
ERVL	DR0105370	KZ505739.1	328268	329274	+	18.0	0
ERVL	DR0105370	KZ505739.1	332428	333013	+	16.3	0
ERVL	DR0105338	KZ505739.1	333860	334077	C	25.2	0
ERVL	DR0105305	KZ505739.1	358358	358679	+	22.5	0
ERVL	DR0105338	KZ505739.1	378842	379582	+	27.5	0
ERVL	DR0105315	KZ505739.1	414347	414931	C	24.4	0
ERVL	DR0105338	KZ505739.1	417560	417953	+	22.1	0
ERVL	DR0105278	KZ505739.1	424706	425237	+	12.7	0
ERVL	DR0105341	KZ505739.1	432584	432630	C	2.1	0
ERVL	DR0105370	KZ505739.1	455799	456389	+	14.1	0
ERVL	DR0105338	KZ505739.1	457602	458673	C	16.6	0
ERVL	DR0105338	KZ505739.1	463998	464915	+	21.3	0
ERVL	DR0105338	KZ505739.1	493304	493477	+	30.5	0
ERVL	DR0105364	KZ505739.1	536922	537568	C	12.7	0
ERV4	DR0105376	KZ505739.1	538376	538921	C	13.6	0
ERVL	DR0105305	KZ505739.1	555771	555929	+	24.7	0
ERVL	DR0105315	KZ505739.1	562534	563088	+	25.3	0
ERVL	DR0105338	KZ505739.1	583978	584901	+	18.5	0
ERVL	DR0105371	KZ505739.1	623374	623947	C	16.1	0
ERVL	DR0105338	KZ505739.1	646399	647357	C	17.1	0
ERVL	DR0105371	KZ505739.1	660829	661398	C	17.9	0
ERVL	DR0105338	KZ505739.1	684564	685598	C	17.1	0
ERVL	DR0105370	KZ505739.1	687486	687943	+	14.3	0
ERVL	DR0105338	KZ505739.1	730905	731658	C	23.4	0
ERVL	DR0105338	KZ505739.1	737266	738336	C	17.3	0
ERVL	DR0105294	KZ505739.1	750433	751156	C	12.6	0
ERV1	DR0105342	KZ505739.1	775152	775568	C	19.7	0
ERVL	DR0105315	KZ505739.1	811038	811596	+	22.3	0
ERVL	DR0105370	KZ505739.1	843723	844321	C	17.9	0
ERVL	DR0105315	KZ505739.1	893122	893244	+	20.5	0
ERVL	DR0105370	KZ505739.1	909625	909976	C	14.9	0
ERVL	DR0105371	KZ505739.1	912881	913436	+	16.1	0
ERVL	DR0105278	KZ505739.1	993999	994193	C	14.1	0
ERVL	DR0105338	KZ505739.1	1023390	1024061	+	24.2	0
ERVL	DR0105371	KZ505739.1	1057958	1058464	C	19.9	0
ERVL	DR0105370	KZ505739.1	1091344	1091578	C	14.5	0
ERVL	DR0105371	KZ505739.1	1094503	1095069	+	13.7	0
ERVL	DR0105338	KZ505739.1	1143078	1143664	+	24.7	0
ERV4	DR0105376	KZ505739.1	1149459	1149566	C	2.9	0
ERVL	DR0105338	KZ505740.1	30902	31807	C	21.5	0
ERVL	DR0105315	KZ505740.1	34396	34502	+	18.7	0
ERVL	DR0105371	KZ505740.1	61326	61886	C	16.0	0
ERVL	DR0105295	KZ505740.1	128813	129296	+	17.8	0
ERVL	DR0105261	KZ505740.1	163921	164005	+	16.5	0
ERVL	DR0105338	KZ505740.1	353588	354810	+	15.7	0
ERVL	DR0105278	KZ505740.1	368894	369401	C	13.1	0
ERVL	DR0105278	KZ505740.1	414684	415199	+	17.1	0
ERVL	DR0105371	KZ505740.1	418990	419327	+	13.8	0
ERVL	DR0105338	KZ505740.1	470965	471282	+	19.0	0
ERV4	DR0105376	KZ505740.1	479797	480257	+	9.3	0
ERVL	DR0105327	KZ505740.1	491266	491340	+	6.7	0
ERVL	DR0105370	KZ505740.1	494221	494325	C	33.3	0
ERVL	DR0105338	KZ505740.1	516917	516986	+	11.4	0
ERVL	DR0105338	KZ505740.1	628709	628922	+	38.8	0
ERVL	DR0105278	KZ505740.1	682537	683042	+	17.7	0
ERVL	DR0105370	KZ505740.1	770159	770754	C	14.8	0
ERVL	DR0105278	KZ505740.1	784434	784711	C	11.9	0
ERVL	DR0105238	KZ505740.1	812548	813004	C	10.5	0
ERVL	DR0105371	KZ505740.1	814356	814910	C	17.5	0
ERV1	DR0105342	KZ505740.1	896907	897991	+	20.1	0
ERVL	DR0105338	KZ505740.1	939152	939621	+	12.1	0
ERVL	DR0105370	KZ505740.1	957657	958248	+	15.8	0
ERVL	DR0105370	KZ505740.1	1068677	1069230	C	25.1	0
ERVL	DR0105294	KZ505741.1	65845	65883	+	12.8	0
ERVL	DR0105238	KZ505741.1	66449	66582	+	16.0	0
ERVL	DR0105278	KZ505741.1	129283	129821	C	17.2	0
ERVL	DR0105338	KZ505741.1	139955	140241	+	24.1	0
ERVL	DR0105371	KZ505741.1	167711	168248	C	14.2	0
ERVL	DR0105315	KZ505741.1	252832	253125	C	20.4	0
ERVL	DR0105338	KZ505741.1	281075	282201	C	16.2	0
ERVL	DR0105278	KZ505741.1	395272	395808	+	11.4	0
ERV4	DR0105376	KZ505741.1	535188	535553	+	20.1	0
ERV4	DR0105376	KZ505741.1	535571	535698	+	19.7	0
ERVL	DR0105370	KZ505741.1	718536	718648	+	20.4	0
ERVL	DR0105371	KZ505741.1	751855	752459	C	14.7	0
ERVL	DR0105327	KZ505741.1	843599	844201	C	8.1	0
ERVL	DR0105370	KZ505741.1	866158	866715	+	21.8	0
ERVL	DR0105295	KZ505741.1	902998	903505	C	20.9	0
ERVL	DR0105358	KZ505742.1	46910	47073	+	3.7	0
ERVL	DR0105338	KZ505742.1	299156	300155	C	13.2	0
ERVL	DR0105338	KZ505742.1	582416	583466	+	20.7	0
ERV4	DR0105376	KZ505742.1	641519	642214	+	9.9	0
ERVL	DR0105338	KZ505742.1	661076	661330	+	24.1	0
ERVL	DR0105338	KZ505742.1	661381	661490	+	20.0	0
ERVL	DR0105338	KZ505742.1	661735	661947	+	24.1	0
ERVL	DR0105238	KZ505742.1	718387	719112	C	10.0	0
ERVL	DR0105278	KZ505742.1	916328	916867	+	13.9	0
ERVL	DR0105358	KZ505742.1	1023792	1024392	+	5.8	0
ERVL	DR0105327	KZ505742.1	1043901	1044633	C	11.4	0
ERVL	DR0105230	KZ505742.1	1139433	1139484	+	5.8	0
ERVL	DR0105278	KZ505743.1	15368	15897	C	13.1	0
ERVL	DR0105358	KZ505743.1	125452	126102	C	56.8	0
ERVL	DR0105358	KZ505743.1	270567	271210	C	4.3	0
ERVL	DR0105371	KZ505743.1	358842	359178	C	12.8	0
ERVL	DR0105358	KZ505743.1	674221	674261	+	4.9	0
ERVL	DR0105358	KZ505743.1	674857	674893	+	0.0	0
ERVL	DR0105278	KZ505743.1	725603	726083	+	13.3	0
ERVL	DR0105278	KZ505743.1	754334	754815	C	17.9	0
ERVL	DR0105294	KZ505744.1	75996	76777	+	8.0	0
ERVL	DR0105371	KZ505744.1	217133	217700	+	11.7	0
ERVL	DR0105326	KZ505744.1	325834	326405	+	15.4	0
ERVL	DR0105338	KZ505744.1	648898	649385	+	28.6	0
ERVL	DR0105338	KZ505744.1	774528	775568	C	15.8	0
ERVL	DR0105238	KZ505745.1	169640	169747	C	17.0	0
ERVL	DR0105371	KZ505745.1	184490	185032	+	18.9	0
ERVL	DR0105371	KZ505745.1	293556	294132	C	16.6	0
ERVL	DR0105278	KZ505745.1	298299	298777	C	17.1	0
ERVL	DR0105327	KZ505745.1	340586	341300	C	10.8	0
ERVL	DR0105370	KZ505745.1	417190	417341	+	23.8	0
ERVL	DR0105278	KZ505745.1	420619	421116	C	12.9	0
ERVL	DR0105371	KZ505745.1	512416	512987	+	16.5	0
ERVL	DR0105370	KZ505745.1	521395	521613	+	21.7	0
ERVL	DR0105295	KZ505745.1	562275	562539	+	27.4	0
ERVL	DR0105370	KZ505745.1	562601	562656	+	14.3	0
ERVL	DR0105338	KZ505745.1	994441	995164	+	17.3	0
ERVL	DR0105261	KZ505745.1	1007567	1007842	C	26.8	0
ERVL	DR0105238	KZ505745.1	1047517	1048272	+	11.2	0
ERVL	DR0105358	KZ505745.1	1106845	1107488	C	3.4	0
ERVL	DR0105370	KZ505746.1	2996	3285	+	15.4	0
ERVL	DR0105370	KZ505746.1	104071	104653	+	13.4	0
ERVL	DR0105370	KZ505746.1	104694	104764	C	9.9	0
ERVL	DR0105358	KZ505746.1	214085	214743	+	9.6	0
ERVL	DR0105370	KZ505746.1	250824	251387	+	23.6	0
ERV4	DR0105376	KZ505746.1	280052	280111	+	6.7	0
ERV1	DR0105342	KZ505746.1	374656	375748	C	18.6	0
ERVL	DR0105370	KZ505746.1	375750	376332	+	13.4	0
ERVL	DR0105338	KZ505746.1	652634	652935	C	23.6	0
ERVL	DR0105338	KZ505746.1	916242	917350	C	16.3	0
ERVL	DR0105370	KZ505746.1	942755	942876	C	18.3	0
ERVL	DR0105278	KZ505747.1	330589	331109	C	13.8	0
ERVL	DR0105305	KZ505747.1	718755	718880	+	24.1	0
ERVL	DR0105278	KZ505747.1	732704	732838	+	11.9	0
ERVL	DR0105338	KZ505747.1	851747	852815	C	17.9	0
ERVL	DR0105294	KZ505748.1	21870	22249	C	13.4	0
ERVL	DR0105278	KZ505748.1	188724	189297	C	16.8	0
ERVL	DR0105338	KZ505748.1	191151	192264	+	16.2	0
ERV4	DR0105376	KZ505748.1	205722	206262	C	7.1	0
ERV1	DR0105321	KZ505748.1	208286	209132	C	11.4	0
ERV1	DR0105321	KZ505748.1	257117	257461	C	12.5	0
ERVL	DR0105315	KZ505748.1	344832	345104	+	20.7	0
ERVL	DR0105315	KZ505748.1	345892	346054	+	27.9	0
ERV1	DR0105321	KZ505748.1	363531	363997	+	10.8	0
ERVL	DR0105338	KZ505748.1	399769	399923	C	14.3	0
ERVL	DR0105364	KZ505748.1	399924	400585	+	10.3	0
ERVL	DR0105338	KZ505748.1	400587	401005	C	13.0	0
ERVL	DR0105230	KZ505748.1	444096	444153	C	20.7	0
ERVL	DR0105371	KZ505748.1	557832	558405	C	12.3	0
ERVL	DR0105338	KZ505748.1	701444	702553	+	17.5	0
ERVL	DR0105238	KZ505748.1	726821	727002	+	6.6	0
ERVL	DR0105312	KZ505748.1	728304	728973	+	23.2	0
ERVL	DR0105364	KZ505748.1	731845	732397	+	12.1	0
ERVL	DR0105278	KZ505748.1	744143	744286	+	18.3	0
ERVL	DR0105358	KZ505748.1	1092737	1093395	C	25.1	0
ERVL	DR0105370	KZ505749.1	1778	2096	+	24.2	0
ERVL	DR0105358	KZ505749.1	40791	41406	+	10.9	0
ERVL	DR0105278	KZ505749.1	133956	134464	+	16.2	0
ERVL	DR0105278	KZ505749.1	212653	213082	+	12.8	0
ERVL	DR0105232	KZ505749.1	397945	398005	+	22.9	0
ERVL	DR0105370	KZ505749.1	426358	426929	+	17.7	0
ERV1	DR0105342	KZ505749.1	557832	557990	C	22.1	0
ERV4	DR0105376	KZ505749.1	558084	558532	C	20.0	0
ERVL	DR0105338	KZ505749.1	646300	646616	C	14.4	0
ERVL	DR0105294	KZ505749.1	686824	687535	+	8.3	0
ERVL	DR0105364	KZ505749.1	719222	719863	C	12.5	0
ERVL	DR0105338	KZ505749.1	826149	826686	+	16.9	0
ERVL	DR0105371	KZ505749.1	826691	827263	C	14.3	0
ERVL	DR0105338	KZ505749.1	827269	827487	+	11.1	0
ERVL	DR0105370	KZ505749.1	847762	848491	+	23.0	0
ERVL	DR0105238	KZ505749.1	908426	908556	C	16.4	0
ERVL	DR0105294	KZ505749.1	909093	909147	C	10.9	0
ERVL	DR0105261	KZ505749.1	922544	922675	+	14.5	0
ERVL	DR0105370	KZ505749.1	928043	928645	C	13.9	0
ERVL	DR0105238	KZ505749.1	1004350	1005090	+	12.3	0
ERVL	DR0105338	KZ505749.1	1018665	1019764	+	16.8	0
ERVL	DR0105278	KZ505750.1	46928	47447	+	14.4	0
ERV1	DR0105321	KZ505750.1	381510	381731	C	25.9	0
ERV1	DR0105240	KZ505750.1	496394	496538	C	25.4	0
ERVL	DR0105338	KZ505750.1	521128	521205	C	16.2	0
ERVL	DR0105371	KZ505750.1	602877	603453	C	13.8	0
ERVL	DR0105364	KZ505750.1	696043	696648	+	12.6	0
ERVL	DR0105371	KZ505750.1	780669	780817	C	18.1	0
ERVL	DR0105370	KZ505750.1	795944	796521	C	16.2	0
ERVL	DR0105338	KZ505750.1	868704	869001	C	26.6	0
ERVL	DR0105371	KZ505751.1	16689	17164	+	15.7	0
ERVL	DR0105230	KZ505751.1	147272	147447	C	12.5	0
ERV4	DR0105376	KZ505751.1	244789	244910	C	14.0	0
ERV4	DR0105376	KZ505751.1	244953	245308	C	20.4	0
ERVL	DR0105371	KZ505751.1	251959	252540	C	14.2	0
ERV1	DR0105240	KZ505751.1	330363	330995	+	7.6	0
ERVL	DR0105364	KZ505751.1	539528	539942	+	11.4	0
ERVL	DR0105364	KZ505751.1	548987	549618	+	13.0	0
ERVL	DR0105371	KZ505751.1	587842	588437	C	12.8	0
ERVL	DR0105370	KZ505751.1	620335	620925	+	13.3	0
ERVL	DR0105278	KZ505751.1	673409	673940	C	14.5	0
ERVL	DR0105232	KZ505751.1	799120	799454	+	18.8	0
ERVL	DR0105371	KZ505751.1	830014	830582	C	13.0	0
ERVL	DR0105371	KZ505752.1	23990	24182	C	12.4	0
ERVL	DR0105294	KZ505752.1	36997	37670	C	11.3	0
ERVL	DR0105371	KZ505752.1	51308	51716	C	12.4	0
ERVL	DR0105278	KZ505752.1	140638	141143	C	14.1	0
ERVL	DR0105338	KZ505752.1	381607	381830	C	14.3	0
ERVL	DR0105261	KZ505752.1	381832	381910	C	13.9	0
ERVL	DR0105338	KZ505752.1	381922	382123	C	16.3	0
ERVL	DR0105371	KZ505752.1	503371	503924	+	15.0	0
ERVL	DR0105338	KZ505752.1	503932	504892	+	16.4	0
ERVL	DR0105370	KZ505752.1	605133	605366	+	17.6	0
ERVL	DR0105338	KZ505752.1	654478	655188	+	22.0	0
ERVL	DR0105371	KZ505752.1	845288	845411	+	13.9	0
ERVL	DR0105278	KZ505752.1	997302	997800	C	17.1	0
ERVL	DR0105371	KZ505752.1	1042711	1043286	+	14.1	0
ERVL	DR0105278	KZ505753.1	205121	205616	C	17.4	0
ERVL	DR0105370	KZ505753.1	226145	226694	+	13.1	0
ERVL	DR0105338	KZ505753.1	362701	363793	C	17.4	0
ERVL	DR0105370	KZ505753.1	401218	401807	C	11.9	0
ERVL	DR0105230	KZ505753.1	479286	479942	C	16.4	0
ERVL	DR0105315	KZ505753.1	621399	621729	C	25.7	0
ERVL	DR0105370	KZ505753.1	676406	676980	C	14.8	0
ERVL	DR0105278	KZ505753.1	702067	702469	+	14.3	0
ERVL	DR0105338	KZ505753.1	732394	733521	C	17.4	0
ERVL	DR0105370	KZ505753.1	787346	787933	+	19.2	0
ERVL	DR0105338	KZ505753.1	832272	832579	C	18.0	0
ERVL	DR0105278	KZ505754.1	78934	79437	C	11.9	0
ERVL	DR0105294	KZ505754.1	141280	142023	+	8.9	0
ERVL	DR0105338	KZ505754.1	290720	291807	C	18.3	0
ERVL	DR0105295	KZ505754.1	392171	392443	+	23.5	0
ERVL	DR0105315	KZ505754.1	392468	392695	+	30.5	0
ERVL	DR0105327	KZ505754.1	545976	546260	C	11.6	0
ERVL	DR0105358	KZ505754.1	578842	579485	C	11.0	0
ERVL	DR0105278	KZ505754.1	771052	771573	C	13.9	0
ERVL	DR0105278	KZ505754.1	934010	934371	C	16.7	0
ERVL	DR0105278	KZ505754.1	955700	956222	C	12.7	0
ERVL	DR0105358	KZ505754.1	1010089	1010736	C	10.5	0
ERVL	DR0105261	KZ505755.1	15711	15836	+	14.4	0
ERVL	DR0105338	KZ505755.1	221294	222109	C	25.4	0
ERVL	DR0105278	KZ505755.1	277020	277495	+	14.7	0
ERVL	DR0105278	KZ505755.1	355961	356448	+	15.9	0
ERVL	DR0105370	KZ505755.1	396627	398047	+	26.5	0
ERVL	DR0105370	KZ505755.1	398846	399350	+	22.4	0
ERVL	DR0105370	KZ505755.1	399367	399636	+	26.1	0
ERVL	DR0105371	KZ505755.1	477562	478173	C	16.1	0
ERVL	DR0105305	KZ505755.1	502575	502682	C	26.0	0
ERVL	DR0105327	KZ505755.1	711465	712180	C	9.8	0
ERVL	DR0105295	KZ505755.1	762996	763170	+	14.3	0
ERVL	DR0105370	KZ505755.1	763310	763689	+	17.4	0
ERVL	DR0105315	KZ505755.1	808438	809045	C	23.5	0
ERVL	DR0105338	KZ505755.1	815165	816238	C	17.0	0
ERVL	DR0105305	KZ505755.1	837636	837871	+	27.2	0
ERVL	DR0105370	KZ505755.1	936556	936612	C	21.1	0
ERVL	DR0105278	KZ505755.1	945751	946276	+	17.4	0
ERV4	DR0105376	KZ505755.1	1030289	1030727	+	7.5	0
ERV4	DR0105376	KZ505755.1	1030905	1031095	+	7.5	0
ERVL	DR0105294	KZ505756.1	291407	291967	+	7.5	0
ERVL	DR0105364	KZ505756.1	293029	293486	+	9.4	0
ERVL	DR0105338	KZ505756.1	345816	345913	+	19.4	0
ERVL	DR0105312	KZ505756.1	564927	564958	+	6.2	0
ERVL	DR0105295	KZ505756.1	602238	602424	+	20.2	0
ERVL	DR0105315	KZ505756.1	660730	660803	+	9.5	0
ERVL	DR0105315	KZ505756.1	716352	716878	+	18.4	0
ERV1	DR0105240	KZ505756.1	845877	846002	C	22.8	0
ERVL	DR0105364	KZ505756.1	1018696	1019339	+	11.2	0
ERVL	DR0105315	KZ505757.1	486635	487218	+	23.3	0
ERVL	DR0105370	KZ505757.1	543122	543311	+	27.4	0
ERVL	DR0105351	KZ505757.1	543320	543379	+	21.7	0
ERVL	DR0105232	KZ505758.1	6	774	C	13.5	0
ERVL	DR0105341	KZ505758.1	69861	70246	+	10.6	0
ERVL	DR0105327	KZ505758.1	74279	74635	+	10.1	0
ERVL	DR0105364	KZ505758.1	88360	88997	C	12.8	0
ERVL	DR0105338	KZ505758.1	167565	167907	C	15.2	0
ERVL	DR0105327	KZ505758.1	407542	408263	C	10.4	0
ERVL	DR0105327	KZ505758.1	418467	419175	C	9.6	0
ERVL	DR0105315	KZ505758.1	631390	631950	C	21.9	0
ERVL	DR0105327	KZ505758.1	740970	741697	+	9.0	0
ERVL	DR0105295	KZ505758.1	813814	814355	C	20.9	0
ERVL	DR0105312	KZ505758.1	847019	847693	C	11.0	0
ERVL	DR0105315	KZ505758.1	853562	854145	+	24.2	0
ERV1	DR0105240	KZ505758.1	959439	960078	+	9.3	0
ERVL	DR0105326	KZ505758.1	1001518	1001552	+	11.4	0
ERVL	DR0105238	KZ505758.1	1023688	1024217	C	12.5	0
ERVL	DR0105278	KZ505759.1	71249	71685	+	15.6	0
ERVL	DR0105338	KZ505759.1	392982	393233	+	25.1	0
ERVL	DR0105338	KZ505759.1	493248	493468	C	12.3	0
ERVL	DR0105364	KZ505759.1	707959	708588	C	10.6	0
ERV4	DR0105376	KZ505759.1	944464	944641	C	4.6	0
ERVL	DR0105370	KZ505759.1	998097	998161	+	7.7	0
ERVL	DR0105371	KZ505759.1	1020148	1020767	C	14.6	0
ERVL	DR0105278	KZ505760.1	16642	17152	C	13.1	0
ERVL	DR0105312	KZ505760.1	27258	27513	C	8.2	0
ERVL	DR0105358	KZ505760.1	324968	325636	C	6.5	0
ERVL	DR0105370	KZ505760.1	562518	563127	+	20.6	0
ERVL	DR0105294	KZ505760.1	767582	768348	+	9.3	0
ERVL	DR0105312	KZ505760.1	961615	965392	+	14.9	0
ERVL	DR0105312	KZ505760.1	965462	965644	+	24.6	0
ERVL	DR0105238	KZ505760.1	965645	966331	+	11.1	0
ERV4	DR0105376	KZ505760.1	998490	999236	+	6.0	0
ERVL	DR0105315	KZ505761.1	100848	101042	C	13.1	0
ERVL	DR0105358	KZ505761.1	340057	340702	C	3.9	0
ERVL	DR0105341	KZ505761.1	471812	472202	+	10.3	0
ERVL	DR0105341	KZ505761.1	763939	764329	+	10.3	0
ERVL	DR0105370	KZ505761.1	791996	792558	C	14.9	0
ERVL	DR0105278	KZ505761.1	833398	833901	C	17.3	0
ERVL	DR0105370	KZ505762.1	49158	49696	C	19.6	0
ERVL	DR0105315	KZ505762.1	171409	171782	C	19.4	0
ERV1	DR0105240	KZ505762.1	299207	299338	+	13.8	0
ERVL	DR0105278	KZ505762.1	486956	487461	+	15.5	0
ERVL	DR0105370	KZ505762.1	508202	508795	+	11.7	0
ERVL	DR0105338	KZ505762.1	549073	549919	C	24.2	0
ERVL	DR0105364	KZ505762.1	550346	550959	+	13.0	0
ERVL	DR0105364	KZ505762.1	686535	686872	+	10.1	0
ERVL	DR0105364	KZ505762.1	686922	687099	+	12.4	0
ERVL	DR0105364	KZ505762.1	941479	941754	+	13.1	0
ERV4	DR0105376	KZ505762.1	1033148	1033236	C	4.5	0
ERV4	DR0105376	KZ505762.1	1033787	1033897	C	8.1	0
ERVL	DR0105341	KZ505763.1	26077	26480	C	10.0	0
ERVL	DR0105312	KZ505763.1	142008	142110	+	12.6	0
ERVL	DR0105232	KZ505763.1	142879	143368	+	9.1	0
ERVL	DR0105294	KZ505763.1	143371	143493	+	20.3	0
ERVL	DR0105312	KZ505763.1	146050	146454	+	16.7	0
ERV1	DR0105240	KZ505763.1	153487	153589	+	24.8	0
ERV1	DR0105240	KZ505763.1	270424	270587	C	23.4	0
ERVL	DR0105278	KZ505763.1	273197	273686	+	16.7	0
ERVL	DR0105338	KZ505763.1	335850	336862	+	26.2	0
ERVL	DR0105370	KZ505763.1	354950	355024	+	13.7	0
ERVL	DR0105230	KZ505763.1	368789	369397	+	7.0	0
ERVL	DR0105371	KZ505763.1	474655	475209	C	16.5	0
ERVL	DR0105327	KZ505763.1	517433	518135	C	9.9	0
ERVL	DR0105278	KZ505763.1	531657	531986	C	16.5	0
ERVL	DR0105358	KZ505763.1	534782	534832	+	3.9	0
ERVL	DR0105278	KZ505763.1	545830	546363	C	14.7	0
ERVL	DR0105371	KZ505763.1	551642	552167	+	17.7	0
ERVL	DR0105312	KZ505763.1	562715	562777	+	11.5	0
ERVL	DR0105232	KZ505763.1	562829	563185	+	20.6	0
ERV4	DR0105376	KZ505763.1	563640	564276	C	11.7	0
ERVL	DR0105232	KZ505763.1	565170	565571	+	13.3	0
ERVL	DR0105370	KZ505763.1	572178	573205	C	18.3	0
ERVL	DR0105370	KZ505763.1	573648	574250	C	18.8	0
ERVL	DR0105338	KZ505763.1	599534	599856	C	27.1	0
ERVL	DR0105238	KZ505763.1	627877	628017	+	6.4	0
ERVL	DR0105278	KZ505763.1	632333	632831	+	17.4	0
ERVL	DR0105305	KZ505763.1	675262	675364	+	21.8	0
ERVL	DR0105278	KZ505763.1	679607	680103	C	17.6	0
ERVL	DR0105312	KZ505763.1	689157	691683	+	22.5	0
ERVL	DR0105312	KZ505763.1	691764	691975	+	26.4	0
ERVL	DR0105327	KZ505763.1	691976	692710	+	11.2	0
ERVL	DR0105370	KZ505763.1	784836	784904	+	11.6	0
ERVL	DR0105371	KZ505763.1	785471	785652	+	17.1	0
ERV1	DR0105240	KZ505763.1	826810	826920	+	21.9	0
ERVL	DR0105232	KZ505763.1	831640	833549	C	14.7	0
ERVL	DR0105305	KZ505763.1	837107	837212	+	22.1	0
ERVL	DR0105278	KZ505763.1	862928	863485	+	14.4	0
ERVL	DR0105278	KZ505763.1	886471	887035	C	26.1	0
ERVL	DR0105370	KZ505763.1	1026103	1026220	C	19.5	0
ERVL	DR0105370	KZ505763.1	1026225	1026281	C	19.3	0
ERVL	DR0105370	KZ505763.1	1029443	1029682	+	27.2	0
ERVL	DR0105295	KZ505764.1	32711	33245	C	21.6	0
ERVL	DR0105315	KZ505764.1	55116	55585	+	24.4	0
ERVL	DR0105371	KZ505764.1	172897	173470	C	12.9	0
ERVL	DR0105305	KZ505764.1	266085	266152	C	19.1	0
ERVL	DR0105305	KZ505764.1	266292	266416	C	24.2	0
ERV4	DR0105376	KZ505764.1	277583	278079	C	12.7	0
ERVL	DR0105327	KZ505764.1	345158	345675	C	18.4	0
ERVL	DR0105371	KZ505764.1	397603	398167	+	11.3	0
ERVL	DR0105338	KZ505764.1	441828	442578	+	15.2	0
ERVL	DR0105232	KZ505764.1	489152	489407	C	24.0	0
ERVL	DR0105278	KZ505764.1	489408	489608	C	11.4	0
ERVL	DR0105338	KZ505764.1	927706	927763	+	14.0	0
ERVL	DR0105370	KZ505764.1	927814	928051	+	12.6	0
ERVL	DR0105315	KZ505764.1	933423	933992	+	23.6	0
ERVL	DR0105295	KZ505764.1	991982	992523	C	20.5	0
ERVL	DR0105305	KZ505764.1	1005852	1006071	+	30.0	0
ERVL	DR0105305	KZ505764.1	1006180	1006541	+	26.6	0
ERVL	DR0105238	KZ505765.1	445144	445191	+	10.4	0
ERV4	DR0105376	KZ505765.1	712194	712403	+	24.8	0
ERVL	DR0105315	KZ505765.1	962422	962785	C	23.0	0
ERV4	DR0105376	KZ505766.1	61384	61489	C	20.8	0
ERVL	DR0105358	KZ505766.1	138025	138640	+	13.2	0
ERVL	DR0105278	KZ505766.1	165961	166449	C	13.5	0
ERVL	DR0105312	KZ505766.1	215510	215579	C	14.9	0
ERVL	DR0105370	KZ505766.1	292215	292798	C	17.0	0
ERVL	DR0105294	KZ505766.1	317333	317942	C	8.5	0
ERVL	DR0105338	KZ505766.1	352682	352967	C	27.5	0
ERVL	DR0105364	KZ505766.1	366203	366424	C	10.1	0
ERVL	DR0105364	KZ505766.1	366443	366664	C	16.2	0
ERVL	DR0105278	KZ505766.1	401829	402348	C	13.4	0
ERVL	DR0105338	KZ505766.1	464033	464108	+	14.7	0
ERVL	DR0105305	KZ505766.1	620883	621027	+	25.8	0
ERVL	DR0105278	KZ505766.1	686157	686596	+	17.8	0
ERVL	DR0105294	KZ505766.1	770152	770879	+	10.0	0
ERV4	DR0105376	KZ505766.1	816707	817255	+	16.5	0
ERVL	DR0105338	KZ505766.1	837887	838285	+	22.9	0
ERVL	DR0105230	KZ505766.1	842391	842436	C	13.0	0
ERVL	DR0105338	KZ505766.1	983455	984558	+	16.5	0
ERV1	DR0105240	KZ505766.1	999504	999659	C	28.3	0
ERVL	DR0105338	KZ505767.1	63213	63776	C	22.0	0
ERVL	DR0105295	KZ505767.1	68100	68623	C	18.2	0
ERVL	DR0105338	KZ505767.1	82454	83580	C	16.6	0
ERVL	DR0105370	KZ505767.1	135678	136169	+	18.0	0
ERVL	DR0105370	KZ505767.1	369766	370309	C	19.7	0
ERVL	DR0105327	KZ505767.1	403198	403904	C	10.8	0
ERVL	DR0105312	KZ505767.1	406931	407333	C	15.7	0
ERVL	DR0105312	KZ505767.1	410448	411040	C	18.1	0
ERVL	DR0105312	KZ505767.1	412161	412293	C	15.8	0
ERVL	DR0105338	KZ505767.1	438385	438592	C	15.2	0
ERVL	DR0105370	KZ505767.1	438593	439187	C	13.5	0
ERVL	DR0105338	KZ505767.1	439188	439945	C	20.1	0
ERVL	DR0105312	KZ505767.1	446997	447409	C	17.2	0
ERV1	DR0105342	KZ505767.1	500369	500585	C	24.3	0
ERV1	DR0105342	KZ505767.1	500789	500992	C	22.2	0
ERVL	DR0105295	KZ505767.1	544135	544432	+	22.6	0
ERVL	DR0105371	KZ505767.1	545048	545207	+	29.6	0
ERVL	DR0105371	KZ505767.1	611296	611863	C	15.8	0
ERVL	DR0105371	KZ505767.1	785932	786505	C	14.9	0
ERVL	DR0105326	KZ505767.1	870183	870436	C	12.6	0
ERVL	DR0105370	KZ505767.1	892629	892977	+	15.6	0
ERVL	DR0105370	KZ505767.1	892986	893126	+	16.9	0
ERVL	DR0105338	KZ505767.1	919248	920351	C	16.2	0
ERVL	DR0105370	KZ505767.1	922249	922551	+	20.4	0
ERVL	DR0105371	KZ505768.1	11273	11840	+	17.3	0
ERVL	DR0105338	KZ505768.1	119762	120108	+	13.2	0
ERVL	DR0105315	KZ505768.1	182066	182654	C	22.8	0
ERVL	DR0105370	KZ505768.1	227870	228436	C	12.4	0
ERVL	DR0105338	KZ505768.1	337000	337576	+	13.0	0
ERVL	DR0105338	KZ505768.1	490305	491400	C	19.4	0
ERVL	DR0105338	KZ505768.1	512184	513169	C	20.1	0
ERVL	DR0105371	KZ505768.1	564392	564758	+	17.7	0
ERV1	DR0105321	KZ505768.1	570555	570875	C	23.0	0
ERVL	DR0105278	KZ505768.1	698105	698632	C	21.8	0
ERVL	DR0105238	KZ505768.1	773732	774154	+	10.7	0
ERVL	DR0105338	KZ505768.1	833778	834043	+	27.0	0
ERVL	DR0105338	KZ505768.1	834059	834353	+	19.0	0
ERVL	DR0105295	KZ505768.1	926241	926739	+	24.3	0
ERVL	DR0105370	KZ505768.1	931478	932096	+	13.0	0
ERVL	DR0105327	KZ505768.1	969166	969428	C	7.6	0
ERVL	DR0105295	KZ505768.1	1012601	1012836	C	19.8	0
ERVL	DR0105338	KZ505769.1	7377	8493	+	16.8	0
ERVL	DR0105338	KZ505769.1	50470	50626	C	19.4	0
ERVL	DR0105278	KZ505769.1	157560	158056	+	15.6	0
ERVL	DR0105315	KZ505769.1	210739	211327	+	23.4	0
ERVL	DR0105295	KZ505769.1	303978	304480	+	23.5	0
ERV4	DR0105376	KZ505769.1	341888	342643	+	18.7	0
ERVL	DR0105238	KZ505769.1	365145	365220	+	12.2	0
ERVL	DR0105371	KZ505769.1	365943	366479	+	15.3	0
ERVL	DR0105338	KZ505769.1	429982	430131	C	11.7	0
ERVL	DR0105295	KZ505769.1	580074	580312	+	17.6	0
ERVL	DR0105338	KZ505769.1	621993	622807	C	23.9	0
ERV1	DR0105342	KZ505769.1	744204	744422	C	26.5	0
ERV1	DR0105342	KZ505769.1	744646	744719	C	17.5	0
ERV4	DR0105376	KZ505769.1	932010	932406	C	20.1	0
ERVL	DR0105338	KZ505770.1	104676	105207	C	21.3	0
ERVL	DR0105338	KZ505771.1	66431	67539	C	15.5	0
ERVL	DR0105370	KZ505771.1	78265	78850	C	11.7	0
ERVL	DR0105371	KZ505771.1	211820	212389	+	12.3	0
ERVL	DR0105315	KZ505771.1	223737	224247	+	24.3	0
ERVL	DR0105327	KZ505771.1	283900	283936	C	5.4	0
ERVL	DR0105370	KZ505771.1	347521	348117	+	11.3	0
ERVL	DR0105278	KZ505771.1	351664	352225	+	11.8	0
ERVL	DR0105338	KZ505771.1	525712	526821	+	15.9	0
ERVL	DR0105312	KZ505771.1	597670	598045	C	16.7	0
ERVL	DR0105370	KZ505771.1	654705	655255	C	23.7	0
ERVL	DR0105338	KZ505771.1	841087	841839	+	15.0	0
ERVL	DR0105370	KZ505772.1	24488	25003	+	19.4	0
ERVL	DR0105371	KZ505772.1	86734	86867	+	12.8	0
ERVL	DR0105315	KZ505772.1	91811	92379	C	21.2	0
ERVL	DR0105278	KZ505772.1	130916	131328	C	17.6	0
ERVL	DR0105278	KZ505772.1	264446	264916	C	16.3	0
ERVL	DR0105371	KZ505772.1	286747	287104	C	10.7	0
ERVL	DR0105371	KZ505772.1	287238	287463	C	17.8	0
ERVL	DR0105338	KZ505772.1	395814	396020	+	23.8	0
ERVL	DR0105278	KZ505772.1	451938	452443	C	11.8	0
ERV4	DR0105376	KZ505772.1	622956	623697	C	9.3	0
ERVL	DR0105305	KZ505772.1	665090	665256	+	20.0	0
ERVL	DR0105371	KZ505772.1	674481	675017	C	15.7	0
ERVL	DR0105315	KZ505772.1	714442	715043	+	24.3	0
ERVL	DR0105370	KZ505772.1	726322	726866	C	14.5	0
ERVL	DR0105294	KZ505772.1	737939	738684	C	9.9	0
ERVL	DR0105305	KZ505772.1	741223	741430	+	28.3	0
ERVL	DR0105305	KZ505772.1	741556	741664	+	21.6	0
ERVL	DR0105305	KZ505772.1	741696	741803	+	20.9	0
ERVL	DR0105238	KZ505772.1	767396	768164	+	12.2	0
ERVL	DR0105358	KZ505772.1	770991	771630	C	5.3	0
ERVL	DR0105370	KZ505772.1	850444	850688	+	26.0	0
ERVL	DR0105338	KZ505772.1	859566	860544	C	20.4	0
ERVL	DR0105338	KZ505772.1	964434	965136	+	23.1	0
ERVL	DR0105358	KZ505773.1	58246	58891	+	4.2	0
ERVL	DR0105370	KZ505773.1	292973	293114	C	10.6	0
ERVL	DR0105327	KZ505773.1	513703	514407	+	9.7	0
ERVL	DR0105294	KZ505773.1	696774	697531	C	10.6	0
ERVL	DR0105338	KZ505773.1	849593	849728	C	10.3	0
ERVL	DR0105261	KZ505773.1	862441	862627	C	18.9	0
ERVL	DR0105238	KZ505773.1	866459	867196	C	17.6	0
ERVL	DR0105278	KZ505773.1	889375	889891	C	18.0	0
ERVL	DR0105371	KZ505773.1	898070	898642	+	23.3	0
ERVL	DR0105338	KZ505774.1	50065	51171	C	19.5	0
ERVL	DR0105315	KZ505774.1	113457	113925	+	28.0	0
ERVL	DR0105370	KZ505774.1	130326	130896	C	17.9	0
ERVL	DR0105370	KZ505774.1	139228	139856	C	26.3	0
ERVL	DR0105338	KZ505774.1	169625	170556	C	16.8	0
ERVL	DR0105371	KZ505774.1	212009	212467	C	14.7	0
ERVL	DR0105371	KZ505774.1	274356	274549	+	16.1	0
ERVL	DR0105370	KZ505774.1	413557	414109	+	12.6	0
ERVL	DR0105326	KZ505774.1	414246	414412	+	17.8	0
ERVL	DR0105305	KZ505774.1	716653	717414	+	24.1	0
ERVL	DR0105370	KZ505774.1	773181	773330	+	17.4	0
ERVL	DR0105315	KZ505774.1	881264	881838	+	22.8	0
ERVL	DR0105278	KZ505774.1	885235	885711	+	17.8	0
ERVL	DR0105338	KZ505774.1	954995	955825	C	27.9	0
ERVL	DR0105278	KZ505775.1	141249	141446	+	11.9	0
ERV1	DR0105225	KZ505775.1	149242	149322	C	30.0	0
ERVL	DR0105370	KZ505775.1	288267	288875	+	18.4	0
ERVL	DR0105364	KZ505775.1	309239	309882	C	12.9	0
ERVL	DR0105338	KZ505775.1	330368	331004	C	14.5	0
ERVL	DR0105370	KZ505775.1	378677	379255	C	18.6	0
ERVL	DR0105230	KZ505775.1	915201	915825	+	7.3	0
ERVL	DR0105315	KZ505776.1	4189	4768	C	27.3	0
ERVL	DR0105294	KZ505776.1	223497	223673	+	13.6	0
ERVL	DR0105261	KZ505776.1	312338	313068	C	18.2	0
ERVL	DR0105338	KZ505776.1	549789	550866	+	21.8	0
ERVL	DR0105338	KZ505776.1	564690	564865	C	25.1	0
ERVL	DR0105294	KZ505776.1	592750	592969	+	13.9	0
ERVL	DR0105370	KZ505776.1	655397	655529	C	21.5	0
ERVL	DR0105370	KZ505776.1	655595	655886	C	18.2	0
ERVL	DR0105370	KZ505776.1	702059	702602	C	25.4	0
ERVL	DR0105364	KZ505776.1	734040	734704	C	13.4	0
ERVL	DR0105370	KZ505776.1	749271	749396	+	25.1	0
ERVL	DR0105232	KZ505776.1	756194	757739	C	13.3	0
ERV1	DR0105240	KZ505776.1	762713	762908	+	30.0	0
ERVL	DR0105371	KZ505776.1	815187	815802	C	22.5	0
ERV4	DR0105376	KZ505776.1	944147	944597	C	13.8	0
ERVL	DR0105295	KZ505776.1	971222	971715	C	23.6	0
ERVL	DR0105315	KZ505777.1	125072	125667	C	24.4	0
ERVL	DR0105278	KZ505777.1	187735	188271	C	14.9	0
ERVL	DR0105338	KZ505777.1	203073	203712	C	12.8	0
ERVL	DR0105338	KZ505777.1	205412	205578	+	13.1	0
ERVL	DR0105295	KZ505777.1	225327	225855	C	22.9	0
ERVL	DR0105278	KZ505777.1	247767	248216	+	15.5	0
ERVL	DR0105338	KZ505777.1	358455	359430	C	19.7	0
ERVL	DR0105338	KZ505777.1	386750	387052	C	23.8	0
ERVL	DR0105338	KZ505777.1	426913	427106	+	21.8	0
ERVL	DR0105370	KZ505777.1	457891	458444	+	17.9	0
ERVL	DR0105371	KZ505777.1	510044	510547	C	14.9	0
ERVL	DR0105338	KZ505777.1	667133	668165	C	17.4	0
ERVL	DR0105338	KZ505777.1	701564	702145	C	25.8	0
ERVL	DR0105338	KZ505778.1	15358	16457	+	15.6	0
ERVL	DR0105370	KZ505778.1	30943	31499	+	15.0	0
ERVL	DR0105315	KZ505778.1	32851	33444	C	24.0	0
ERVL	DR0105261	KZ505778.1	60571	60821	+	28.4	0
ERVL	DR0105338	KZ505778.1	60850	61201	+	29.3	0
ERVL	DR0105338	KZ505778.1	75088	75275	C	26.1	0
ERVL	DR0105341	KZ505778.1	117260	117695	+	10.4	0
ERVL	DR0105338	KZ505778.1	122414	123415	C	25.7	0
ERVL	DR0105338	KZ505778.1	137964	138163	+	26.5	0
ERV4	DR0105376	KZ505778.1	201097	201843	+	15.4	0
ERVL	DR0105338	KZ505778.1	201845	202297	C	22.4	0
ERVL	DR0105315	KZ505778.1	233283	233691	C	25.5	0
ERVL	DR0105315	KZ505778.1	233826	233866	C	12.2	0
ERVL	DR0105238	KZ505778.1	237075	237378	+	12.8	0
ERVL	DR0105338	KZ505778.1	241263	241506	C	25.4	0
ERVL	DR0105371	KZ505778.1	278159	278712	C	16.8	0
ERVL	DR0105341	KZ505778.1	284950	285334	C	11.6	0
ERVL	DR0105370	KZ505778.1	304540	305113	+	21.1	0
ERVL	DR0105238	KZ505778.1	341938	342705	+	11.5	0
ERVL	DR0105327	KZ505778.1	353650	354017	+	11.2	0
ERVL	DR0105338	KZ505778.1	370312	371318	+	16.8	0
ERVL	DR0105371	KZ505778.1	391758	392316	+	19.6	0
ERVL	DR0105295	KZ505778.1	392451	392802	+	12.2	0
ERVL	DR0105338	KZ505778.1	407434	407972	+	13.7	0
ERVL	DR0105294	KZ505778.1	455428	456160	+	9.4	0
ERVL	DR0105338	KZ505778.1	463573	464388	+	25.5	0
ERVL	DR0105305	KZ505778.1	464433	464543	+	36.9	0
ERVL	DR0105338	KZ505778.1	514028	514536	+	18.8	0
ERVL	DR0105338	KZ505778.1	515506	516044	+	19.5	0
ERVL	DR0105370	KZ505778.1	558835	559085	+	22.1	0
ERVL	DR0105315	KZ505778.1	574831	575399	+	27.4	0
ERVL	DR0105338	KZ505778.1	604884	605975	+	19.6	0
ERVL	DR0105338	KZ505778.1	644244	645279	+	23.2	0
ERVL	DR0105370	KZ505778.1	673402	673939	C	16.8	0
ERVL	DR0105370	KZ505778.1	681518	682107	+	23.1	0
ERVL	DR0105338	KZ505778.1	737263	737473	+	27.7	0
ERVL	DR0105295	KZ505778.1	738870	739213	+	24.6	0
ERVL	DR0105338	KZ505778.1	748191	749318	+	18.9	0
ERVL	DR0105338	KZ505778.1	768849	769764	+	16.5	0
ERVL	DR0105370	KZ505778.1	814725	814859	C	20.6	0
ERVL	DR0105370	KZ505778.1	814903	815807	C	16.7	0
ERVL	DR0105315	KZ505778.1	899053	899649	+	25.4	0
ERVL	DR0105338	KZ505778.1	949172	949963	+	24.8	0
ERVL	DR0105338	KZ505779.1	7763	8152	C	24.6	0
ERVL	DR0105338	KZ505779.1	21716	21891	+	27.3	0
ERVL	DR0105338	KZ505779.1	21912	22254	+	20.3	0
ERVL	DR0105278	KZ505779.1	39833	40274	C	16.3	0
ERVL	DR0105238	KZ505779.1	48060	48231	C	8.8	0
ERVL	DR0105278	KZ505779.1	67947	68452	+	17.6	0
ERVL	DR0105338	KZ505779.1	103378	104191	+	25.3	0
ERVL	DR0105370	KZ505779.1	121456	122026	+	17.8	0
ERV4	DR0105376	KZ505779.1	132570	132848	+	6.9	0
ERVL	DR0105338	KZ505779.1	168468	169366	+	24.1	0
ERV4	DR0105376	KZ505779.1	197952	197987	C	5.6	0
ERVL	DR0105338	KZ505779.1	205789	206888	C	18.9	0
ERVL	DR0105371	KZ505779.1	301236	301822	+	15.6	0
ERVL	DR0105338	KZ505779.1	319587	320732	+	24.0	0
ERVL	DR0105305	KZ505779.1	324900	325063	+	27.2	0
ERVL	DR0105370	KZ505779.1	330141	330613	C	23.2	0
ERVL	DR0105371	KZ505779.1	330930	331027	C	23.5	0
ERVL	DR0105370	KZ505779.1	345104	345682	C	22.9	0
ERVL	DR0105338	KZ505779.1	523998	524498	C	23.1	0
ERVL	DR0105358	KZ505779.1	530710	531355	C	5.4	0
ERVL	DR0105370	KZ505779.1	546492	546871	C	16.2	0
ERVL	DR0105315	KZ505779.1	698909	699120	C	23.0	0
ERVL	DR0105295	KZ505779.1	699149	699459	C	18.9	0
ERVL	DR0105338	KZ505779.1	801472	802372	C	26.0	0
ERVL	DR0105338	KZ505779.1	814097	814458	C	21.5	0
ERVL	DR0105315	KZ505779.1	831846	832155	+	23.4	0
ERV4	DR0105376	KZ505779.1	871719	872431	+	6.5	0
ERVL	DR0105338	KZ505779.1	887276	888197	+	23.3	0
ERVL	DR0105370	KZ505780.1	13412	14001	C	13.7	0
ERVL	DR0105338	KZ505780.1	29077	29237	C	20.6	0
ERVL	DR0105338	KZ505780.1	29238	29605	C	25.7	0
ERVL	DR0105370	KZ505780.1	245800	246272	C	16.5	0
ERVL	DR0105358	KZ505780.1	498973	499602	+	4.3	0
ERVL	DR0105358	KZ505780.1	524715	524761	+	4.3	0
ERVL	DR0105358	KZ505780.1	525212	525342	+	3.8	0
ERVL	DR0105305	KZ505780.1	529075	529234	+	23.9	0
ERVL	DR0105338	KZ505780.1	908687	909671	+	19.8	0
ERVL	DR0105371	KZ505780.1	926074	926631	+	11.2	0
ERVL	DR0105261	KZ505780.1	954269	954570	+	15.5	0
ERVL	DR0105371	KZ505781.1	215191	215767	C	13.8	0
ERVL	DR0105338	KZ505781.1	857459	857860	+	22.6	0
ERVL	DR0105278	KZ505782.1	97734	98240	+	16.2	0
ERVL	DR0105370	KZ505782.1	99015	99614	+	19.5	0
ERVL	DR0105295	KZ505782.1	225765	226052	+	20.8	0
ERVL	DR0105358	KZ505782.1	280150	280794	+	11.6	0
ERVL	DR0105338	KZ505782.1	615470	615584	C	20.9	0
ERVL	DR0105371	KZ505782.1	664814	665380	C	14.6	0
ERVL	DR0105370	KZ505782.1	853046	853614	+	19.8	0
ERVL	DR0105370	KZ505782.1	872535	873089	+	21.5	0
ERVL	DR0105338	KZ505783.1	135848	136118	C	22.9	0
ERVL	DR0105305	KZ505783.1	136153	136247	C	25.3	0
ERV4	DR0105376	KZ505783.1	235351	235458	C	22.4	0
ERVL	DR0105278	KZ505783.1	242010	242479	+	17.2	0
ERVL	DR0105238	KZ505783.1	349304	350047	C	10.4	0
ERVL	DR0105232	KZ505783.1	364765	365263	+	16.9	0
ERV4	DR0105376	KZ505783.1	504721	505492	+	7.0	0
ERVL	DR0105370	KZ505783.1	561952	562192	+	18.8	0
ERVL	DR0105341	KZ505783.1	565496	565624	+	8.5	0
ERVL	DR0105315	KZ505783.1	648773	649333	C	26.0	0
ERVL	DR0105327	KZ505783.1	664441	665163	+	12.6	0
ERV4	DR0105376	KZ505783.1	706001	706254	C	14.6	0
ERVL	DR0105278	KZ505783.1	890415	890768	+	15.5	0
ERVL	DR0105278	KZ505783.1	890894	891089	+	15.8	0
ERVL	DR0105370	KZ505784.1	14128	14410	+	21.2	0
ERVL	DR0105370	KZ505784.1	14434	14652	+	23.3	0
ERVL	DR0105278	KZ505784.1	62378	62922	C	18.8	0
ERVL	DR0105338	KZ505784.1	128720	128969	C	26.8	0
ERVL	DR0105278	KZ505784.1	144840	145323	+	16.9	0
ERVL	DR0105371	KZ505784.1	183329	183890	+	13.5	0
ERVL	DR0105371	KZ505784.1	374050	374602	+	16.7	0
ERVL	DR0105364	KZ505784.1	501354	501506	C	7.9	0
ERVL	DR0105278	KZ505784.1	547593	547693	+	22.3	0
ERVL	DR0105338	KZ505784.1	725633	726799	+	13.9	0
ERV1	DR0105321	KZ505784.1	845427	846230	+	12.9	0
ERVL	DR0105370	KZ505784.1	888363	888937	C	12.8	0
ERV1	DR0105225	KZ505785.1	512392	512454	+	16.9	0
ERVL	DR0105370	KZ505785.1	741722	742258	+	12.4	0
ERVL	DR0105278	KZ505785.1	794731	795240	C	11.9	0
ERVL	DR0105338	KZ505785.1	921919	923032	C	16.4	0
ERVL	DR0105261	KZ505786.1	33018	33725	+	23.7	0
ERVL	DR0105278	KZ505786.1	43820	44275	C	13.1	0
ERVL	DR0105338	KZ505786.1	140491	140839	C	8.9	0
ERVL	DR0105338	KZ505786.1	153969	154697	C	12.8	0
ERVL	DR0105370	KZ505786.1	277660	278258	C	13.9	0
ERVL	DR0105370	KZ505786.1	464193	464784	C	15.1	0
ERVL	DR0105305	KZ505786.1	594449	594737	+	25.5	0
ERVL	DR0105295	KZ505786.1	630331	630863	C	23.6	0
ERVL	DR0105370	KZ505786.1	645620	645886	C	23.2	0
ERVL	DR0105295	KZ505786.1	646088	646299	C	19.7	0
ERVL	DR0105370	KZ505786.1	664771	665243	C	20.6	0
ERVL	DR0105338	KZ505786.1	686355	686902	+	23.6	0
ERVL	DR0105315	KZ505786.1	703503	704045	C	23.2	0
ERVL	DR0105338	KZ505786.1	773048	773669	C	12.3	0
ERVL	DR0105261	KZ505786.1	849502	850633	+	35.4	0
ERVL	DR0105338	KZ505786.1	875331	876071	C	16.1	0
ERVL	DR0105370	KZ505786.1	883201	883758	+	18.2	0
ERVL	DR0105294	KZ505787.1	114496	115225	C	9.1	0
ERVL	DR0105294	KZ505787.1	129574	129801	C	7.9	0
ERVL	DR0105261	KZ505787.1	191299	191630	+	12.9	0
ERVL	DR0105338	KZ505787.1	192097	192781	+	20.1	0
ERVL	DR0105338	KZ505787.1	208194	209378	+	16.8	0
ERVL	DR0105312	KZ505787.1	294340	294524	C	17.3	0
ERVL	DR0105370	KZ505787.1	400821	401372	+	25.6	0
ERVL	DR0105295	KZ505787.1	503765	504300	+	24.9	0
ERVL	DR0105278	KZ505787.1	626138	626545	+	13.3	0
ERVL	DR0105364	KZ505787.1	665839	666480	C	11.7	0
ERVL	DR0105295	KZ505787.1	679996	680537	C	21.7	0
ERVL	DR0105278	KZ505787.1	690825	691360	+	11.7	0
ERVL	DR0105371	KZ505787.1	709876	710207	C	15.6	0
ERVL	DR0105338	KZ505787.1	806692	807060	C	14.4	0
ERVL	DR0105370	KZ505787.1	807335	807883	C	19.1	0
ERVL	DR0105371	KZ505787.1	910209	910786	C	14.1	0
ERVL	DR0105295	KZ505787.1	924686	924960	C	23.7	0
ERVL	DR0105370	KZ505788.1	27546	27750	C	16.6	0
ERVL	DR0105305	KZ505788.1	184634	184694	C	21.3	0
ERVL	DR0105327	KZ505788.1	259962	260414	C	8.7	0
ERVL	DR0105370	KZ505788.1	354991	355295	+	14.8	0
ERVL	DR0105338	KZ505788.1	393947	394662	+	25.4	0
ERVL	DR0105230	KZ505788.1	445084	445706	+	9.9	0
ERVL	DR0105278	KZ505788.1	553640	554147	C	12.7	0
ERVL	DR0105238	KZ505788.1	608160	608246	+	21.1	0
ERVL	DR0105327	KZ505788.1	695683	695726	C	6.8	0
ERVL	DR0105261	KZ505788.1	837344	837945	C	17.2	0
ERVL	DR0105261	KZ505788.1	857912	858440	C	20.6	0
ERVL	DR0105338	KZ505788.1	861862	862513	+	23.2	0
ERVL	DR0105371	KZ505788.1	879882	880461	C	15.4	0
ERVL	DR0105294	KZ505788.1	900120	900843	C	11.2	0
ERVL	DR0105315	KZ505788.1	924966	925387	C	21.1	0
ERVL	DR0105358	KZ505789.1	189518	190161	+	5.3	0
ERVL	DR0105238	KZ505789.1	294659	294801	+	15.3	0
ERVL	DR0105327	KZ505789.1	432025	432063	C	10.3	0
ERVL	DR0105371	KZ505789.1	524000	524602	C	14.0	0
ERVL	DR0105230	KZ505789.1	728594	728641	+	10.4	0
ERV1	DR0105342	KZ505789.1	840208	841264	+	17.6	0
ERVL	DR0105261	KZ505789.1	896001	896220	C	15.2	0
ERVL	DR0105295	KZ505790.1	14174	14449	C	19.7	0
ERVL	DR0105238	KZ505790.1	794735	795044	+	9.4	0
ERVL	DR0105358	KZ505791.1	180924	181567	C	4.7	0
ERVL	DR0105364	KZ505791.1	269412	270043	C	15.9	0
ERVL	DR0105371	KZ505791.1	417865	418421	C	14.8	0
ERV1	DR0105342	KZ505791.1	421930	423071	C	13.5	0
ERV4	DR0105376	KZ505791.1	505535	506003	+	12.8	0
ERVL	DR0105370	KZ505792.1	299950	300512	+	24.1	0
ERV4	DR0105376	KZ505792.1	314240	314384	+	20.4	0
ERVL	DR0105370	KZ505792.1	382709	383241	C	13.2	0
ERVL	DR0105278	KZ505792.1	424293	424401	C	17.1	0
ERVL	DR0105278	KZ505792.1	561285	561783	C	13.7	0
ERVL	DR0105358	KZ505792.1	691341	691987	C	3.9	0
ERVL	DR0105370	KZ505792.1	888677	888927	C	11.2	0
ERVL	DR0105371	KZ505793.1	1970	2538	+	16.6	0
ERVL	DR0105315	KZ505793.1	7225	7399	+	30.9	0
ERVL	DR0105261	KZ505793.1	30540	31220	+	15.6	0
ERVL	DR0105370	KZ505793.1	86381	86993	+	20.5	0
ERVL	DR0105315	KZ505793.1	99332	99923	C	26.0	0
ERVL	DR0105370	KZ505793.1	132911	133480	C	14.3	0
ERVL	DR0105370	KZ505793.1	136502	136733	C	28.2	0
ERVL	DR0105371	KZ505793.1	141127	141397	+	17.1	0
ERVL	DR0105338	KZ505793.1	157472	158437	C	16.2	0
ERVL	DR0105370	KZ505793.1	168115	168695	C	16.0	0
ERVL	DR0105338	KZ505793.1	195901	196871	+	22.7	0
ERVL	DR0105338	KZ505793.1	211009	211944	+	17.5	0
ERV4	DR0105376	KZ505793.1	213441	214159	+	11.7	0
ERVL	DR0105370	KZ505793.1	222367	222935	C	17.0	0
ERV4	DR0105376	KZ505793.1	227812	228000	+	25.2	0
ERVL	DR0105338	KZ505793.1	236258	236672	C	24.0	0
ERVL	DR0105371	KZ505793.1	311230	311800	+	16.3	0
ERVL	DR0105370	KZ505793.1	315018	315617	C	13.1	0
ERVL	DR0105294	KZ505793.1	330592	331275	+	13.8	0
ERVL	DR0105305	KZ505793.1	334432	335278	C	26.0	0
ERVL	DR0105278	KZ505793.1	347564	347934	C	14.8	0
ERVL	DR0105326	KZ505793.1	419318	419507	+	13.0	0
ERVL	DR0105370	KZ505793.1	478071	478665	+	12.0	0
ERVL	DR0105327	KZ505793.1	510847	510978	C	14.4	0
ERV1	DR0105321	KZ505793.1	563470	564266	+	10.8	0
ERV1	DR0105321	KZ505793.1	583988	584816	C	11.4	0
ERVL	DR0105327	KZ505794.1	7755	7908	C	6.5	0
ERV1	DR0105342	KZ505794.1	74237	75275	+	15.3	0
ERVL	DR0105294	KZ505794.1	112080	112846	+	8.8	0
ERVL	DR0105371	KZ505794.1	494514	495069	+	10.7	0
ERVL	DR0105358	KZ505794.1	788030	788676	C	9.9	0
ERVL	DR0105371	KZ505795.1	214542	215121	C	12.4	0
ERVL	DR0105338	KZ505795.1	473022	473311	C	23.2	0
ERVL	DR0105370	KZ505795.1	643335	643625	C	15.5	0
ERVL	DR0105338	KZ505795.1	737935	738089	C	11.8	0
ERVL	DR0105338	KZ505795.1	738504	739225	C	18.5	0
ERVL	DR0105370	KZ505796.1	3290	3856	+	23.5	0
ERVL	DR0105278	KZ505796.1	104692	104836	C	13.7	0
ERVL	DR0105315	KZ505796.1	117230	117774	+	19.8	0
ERVL	DR0105370	KZ505796.1	140759	141344	+	11.4	0
ERVL	DR0105278	KZ505796.1	158831	159339	+	13.8	0
ERVL	DR0105338	KZ505796.1	172290	172727	C	24.3	0
ERVL	DR0105338	KZ505796.1	172730	173042	C	25.4	0
ERVL	DR0105370	KZ505796.1	180017	180143	+	18.8	0
ERVL	DR0105338	KZ505796.1	183792	184093	+	11.8	0
ERVL	DR0105370	KZ505796.1	262778	262843	+	19.7	0
ERVL	DR0105278	KZ505796.1	412395	412935	+	17.7	0
ERVL	DR0105338	KZ505796.1	430976	432096	+	17.5	0
ERVL	DR0105294	KZ505796.1	442372	442457	+	11.6	0
ERVL	DR0105261	KZ505796.1	489548	489602	+	20.0	0
ERVL	DR0105338	KZ505796.1	489608	489862	+	29.6	0
ERV1	DR0105240	KZ505796.1	514165	514237	C	11.1	0
ERVL	DR0105370	KZ505796.1	534637	535229	C	12.6	0
ERVL	DR0105338	KZ505796.1	733564	734601	+	26.4	0
ERV1	DR0105342	KZ505796.1	772939	774015	+	17.4	0
ERVL	DR0105371	KZ505796.1	800424	801011	C	16.1	0
ERVL	DR0105371	KZ505796.1	819893	820457	C	16.0	0
ERVL	DR0105278	KZ505797.1	7598	7743	+	15.3	0
ERVL	DR0105358	KZ505797.1	52468	53122	+	9.6	0
ERV1	DR0105240	KZ505797.1	284010	284137	+	26.4	0
ERV1	DR0105240	KZ505797.1	306255	306302	C	16.7	0
ERVL	DR0105312	KZ505797.1	815378	815787	C	19.2	0
ERVL	DR0105338	KZ505798.1	45829	46587	C	24.4	0
ERVL	DR0105370	KZ505798.1	91174	91394	+	26.2	0
ERVL	DR0105315	KZ505798.1	91403	91989	+	21.1	0
ERVL	DR0105261	KZ505798.1	95085	95162	C	26.9	0
ERVL	DR0105261	KZ505798.1	95165	95872	C	15.7	0
ERV4	DR0105376	KZ505798.1	191606	192360	+	6.1	0
ERVL	DR0105295	KZ505798.1	195633	196170	+	20.0	0
ERVL	DR0105338	KZ505798.1	221400	222530	C	17.8	0
ERVL	DR0105370	KZ505798.1	240817	241410	+	15.7	0
ERVL	DR0105305	KZ505798.1	248986	249158	C	17.9	0
ERVL	DR0105338	KZ505798.1	267819	268473	C	22.9	0
ERVL	DR0105315	KZ505798.1	285268	285674	C	27.3	0
ERVL	DR0105370	KZ505798.1	285697	285791	C	26.3	0
ERVL	DR0105338	KZ505798.1	388821	389796	C	20.0	0
ERVL	DR0105261	KZ505798.1	432073	432489	+	22.5	0
ERVL	DR0105370	KZ505798.1	437382	437953	+	18.8	0
ERVL	DR0105305	KZ505798.1	446280	446613	+	26.8	0
ERV4	DR0105376	KZ505798.1	484682	484804	+	4.2	0
ERVL	DR0105370	KZ505798.1	492070	492350	C	19.1	0
ERVL	DR0105370	KZ505798.1	494487	494567	C	30.0	0
ERVL	DR0105370	KZ505798.1	494605	495249	C	24.6	0
ERVL	DR0105312	KZ505798.1	534905	534957	+	20.8	0
ERVL	DR0105232	KZ505798.1	535123	535258	+	21.6	0
ERVL	DR0105261	KZ505798.1	568597	568987	C	21.7	0
ERVL	DR0105338	KZ505798.1	569532	569763	C	13.6	0
ERVL	DR0105338	KZ505798.1	569767	569951	C	18.8	0
ERVL	DR0105371	KZ505798.1	634004	634579	C	13.8	0
ERVL	DR0105338	KZ505798.1	653044	654043	+	20.9	0
ERVL	DR0105338	KZ505798.1	663790	663951	+	19.6	0
ERVL	DR0105278	KZ505798.1	733836	734091	+	19.1	0
ERVL	DR0105278	KZ505798.1	734105	734177	+	13.9	0
ERV4	DR0105376	KZ505798.1	740298	740447	C	8.2	0
ERV4	DR0105376	KZ505798.1	740994	741067	C	6.8	0
ERVL	DR0105230	KZ505798.1	741068	741155	C	15.9	0
ERVL	DR0105338	KZ505798.1	765375	766035	+	15.2	0
ERVL	DR0105338	KZ505798.1	771392	772527	C	22.3	0
ERV1	DR0105240	KZ505798.1	791149	791774	+	25.6	0
ERVL	DR0105370	KZ505798.1	793703	794077	+	21.2	0
ERVL	DR0105370	KZ505798.1	795912	796452	+	18.8	0
ERVL	DR0105338	KZ505798.1	847618	848672	+	24.2	0
ERV1	DR0105240	KZ505799.1	57787	57919	+	15.8	0
ERVL	DR0105278	KZ505799.1	235078	235351	C	16.9	0
ERV4	DR0105376	KZ505799.1	330852	331303	C	14.2	0
ERVL	DR0105371	KZ505799.1	463760	464348	C	12.4	0
ERVL	DR0105371	KZ505799.1	487088	487663	C	13.9	0
ERV4	DR0105376	KZ505799.1	549177	549318	C	16.2	0
ERVL	DR0105371	KZ505800.1	6638	7152	C	16.6	0
ERVL	DR0105371	KZ505800.1	7272	7335	C	15.6	0
ERVL	DR0105305	KZ505800.1	18288	18473	C	32.4	0
ERVL	DR0105294	KZ505800.1	19465	19923	+	11.5	0
ERVL	DR0105370	KZ505800.1	28064	28646	C	15.3	0
ERVL	DR0105294	KZ505800.1	32781	33101	C	10.3	0
ERVL	DR0105338	KZ505800.1	57836	58497	C	27.0	0
ERVL	DR0105371	KZ505800.1	63549	64115	+	16.7	0
ERVL	DR0105338	KZ505800.1	66216	67006	C	27.1	0
ERVL	DR0105312	KZ505800.1	126211	126592	C	18.0	0
ERVL	DR0105370	KZ505800.1	130043	130425	C	17.3	0
ERVL	DR0105295	KZ505800.1	133081	133246	C	18.1	0
ERV4	DR0105376	KZ505800.1	157657	158397	+	20.4	0
ERVL	DR0105232	KZ505800.1	165745	166117	+	15.9	0
ERVL	DR0105294	KZ505800.1	168527	168672	C	16.0	0
ERVL	DR0105327	KZ505800.1	181588	182310	C	9.6	0
ERVL	DR0105238	KZ505800.1	199031	199669	C	9.1	0
ERVL	DR0105294	KZ505800.1	207339	207481	+	9.1	0
ERVL	DR0105312	KZ505800.1	209310	210026	+	22.1	0
ERVL	DR0105230	KZ505800.1	235130	235748	+	6.0	0
ERVL	DR0105278	KZ505800.1	320706	321249	+	18.4	0
ERVL	DR0105338	KZ505800.1	354027	354608	+	22.8	0
ERVL	DR0105370	KZ505800.1	355281	355449	+	31.4	0
ERVL	DR0105370	KZ505800.1	355682	356334	+	22.5	0
ERVL	DR0105370	KZ505800.1	359632	360180	+	16.4	0
ERVL	DR0105238	KZ505800.1	363194	363321	+	6.3	0
ERVL	DR0105238	KZ505800.1	363900	363988	+	17.7	0
ERV1	DR0105342	KZ505800.1	369840	370009	+	7.7	0
ERVL	DR0105261	KZ505800.1	401271	401633	C	16.6	0
ERVL	DR0105312	KZ505800.1	427930	428300	C	16.8	0
ERVL	DR0105341	KZ505800.1	451990	452392	C	11.8	0
ERVL	DR0105261	KZ505800.1	452968	453451	+	16.3	0
ERVL	DR0105338	KZ505800.1	453977	454146	+	13.0	0
ERVL	DR0105295	KZ505800.1	474686	474927	+	18.6	0
ERVL	DR0105371	KZ505800.1	711997	712237	C	15.3	0
ERVL	DR0105370	KZ505800.1	712373	712723	C	16.3	0
ERVL	DR0105358	KZ505800.1	734970	735145	+	5.7	0
ERV4	DR0105376	KZ505800.1	742299	742427	C	4.7	0
ERVL	DR0105370	KZ505800.1	786328	786913	+	13.5	0
ERVL	DR0105278	KZ505800.1	825816	825871	+	12.6	0
ERVL	DR0105371	KZ505800.1	862006	862587	C	17.6	0
ERVL	DR0105370	KZ505800.1	874553	875105	+	20.7	0
ERVL	DR0105326	KZ505801.1	70094	70457	+	26.5	0
ERVL	DR0105364	KZ505801.1	147931	148531	+	11.9	0
ERV1	DR0105240	KZ505801.1	163778	163903	+	25.0	0
ERV4	DR0105376	KZ505801.1	201543	201768	C	5.8	0
ERVL	DR0105338	KZ505801.1	273857	274955	+	15.9	0
ERVL	DR0105261	KZ505801.1	305039	305214	+	15.3	0
ERVL	DR0105358	KZ505801.1	325976	326625	C	4.5	0
ERVL	DR0105338	KZ505801.1	351296	352304	+	20.3	0
ERVL	DR0105278	KZ505801.1	387587	388047	C	15.5	0
ERVL	DR0105238	KZ505801.1	405449	405517	C	13.2	0
ERVL	DR0105327	KZ505801.1	405830	405874	+	6.7	0
ERVL	DR0105261	KZ505801.1	489300	489414	C	11.3	0
ERVL	DR0105364	KZ505801.1	508484	509167	+	12.3	0
ERVL	DR0105238	KZ505801.1	680545	680707	+	8.6	0
ERVL	DR0105338	KZ505801.1	811139	812137	C	13.5	0
ERVL	DR0105338	KZ505801.1	821608	822120	C	26.0	0
ERVL	DR0105371	KZ505801.1	835599	835879	C	13.2	0
ERVL	DR0105370	KZ505801.1	835888	836067	C	16.1	0
ERVL	DR0105338	KZ505801.1	862432	863286	C	24.1	0
ERVL	DR0105278	KZ505802.1	239193	239685	+	16.0	0
ERVL	DR0105278	KZ505802.1	385318	385847	C	13.8	0
ERVL	DR0105364	KZ505802.1	852279	852415	+	8.9	0
ERVL	DR0105341	KZ505803.1	101124	101519	+	11.6	0
ERVL	DR0105295	KZ505803.1	161260	161858	+	25.8	0
ERVL	DR0105370	KZ505803.1	211856	212424	C	15.7	0
ERVL	DR0105295	KZ505803.1	414455	414693	+	16.9	0
ERV4	DR0105376	KZ505803.1	503041	503741	+	8.2	0
ERVL	DR0105371	KZ505803.1	507964	508531	C	14.5	0
ERVL	DR0105370	KZ505803.1	666714	667060	C	15.1	0
ERVL	DR0105370	KZ505804.1	3592	4201	+	21.3	0
ERVL	DR0105370	KZ505804.1	7441	8017	+	18.1	0
ERVL	DR0105338	KZ505804.1	20211	21303	C	25.8	0
ERVL	DR0105315	KZ505804.1	193624	193700	C	13.0	0
ERVL	DR0105338	KZ505804.1	232398	233078	C	21.8	0
ERVL	DR0105338	KZ505804.1	301649	302540	C	22.2	0
ERVL	DR0105315	KZ505804.1	315704	316003	C	19.1	0
ERVL	DR0105371	KZ505804.1	346334	346900	+	15.1	0
ERVL	DR0105370	KZ505804.1	444211	444315	+	26.7	0
ERVL	DR0105338	KZ505804.1	444641	445462	+	24.4	0
ERVL	DR0105278	KZ505804.1	479716	479896	C	18.8	0
ERVL	DR0105370	KZ505804.1	500866	501281	C	19.9	0
ERVL	DR0105358	KZ505804.1	555344	555687	C	5.8	0
ERVL	DR0105358	KZ505804.1	555783	555944	C	6.2	0
ERV1	DR0105342	KZ505804.1	637674	637854	+	18.3	0
ERV1	DR0105342	KZ505804.1	638105	638321	+	24.7	0
ERVL	DR0105338	KZ505804.1	649889	650952	C	20.4	0
ERVL	DR0105261	KZ505804.1	757297	757836	+	16.2	0
ERVL	DR0105358	KZ505804.1	836795	837464	C	37.4	0
ERVL	DR0105327	KZ505805.1	72862	73134	C	11.8	0
ERVL	DR0105294	KZ505805.1	197725	198477	+	11.4	0
ERVL	DR0105238	KZ505805.1	262241	263010	C	9.8	0
ERVL	DR0105371	KZ505805.1	428008	428162	C	11.0	0
ERVL	DR0105238	KZ505805.1	428165	428470	C	11.6	0
ERVL	DR0105238	KZ505805.1	429178	429635	C	10.5	0
ERVL	DR0105371	KZ505805.1	429636	429936	C	13.3	0
ERVL	DR0105370	KZ505805.1	430476	430663	+	22.3	0
ERVL	DR0105295	KZ505805.1	432619	432687	+	24.6	0
ERV4	DR0105376	KZ505805.1	433316	433862	+	16.0	0
ERVL	DR0105315	KZ505805.1	444106	444700	C	23.6	0
ERVL	DR0105238	KZ505805.1	486390	486483	+	5.4	0
ERVL	DR0105338	KZ505805.1	495405	496496	C	16.3	0
ERVL	DR0105341	KZ505805.1	598257	598644	C	10.0	0
ERVL	DR0105358	KZ505805.1	611641	612283	+	4.2	0
ERVL	DR0105238	KZ505805.1	713673	714431	+	11.1	0
ERVL	DR0105371	KZ505805.1	750766	751344	+	14.0	0
ERVL	DR0105278	KZ505806.1	297403	297875	+	17.9	0
ERVL	DR0105338	KZ505806.1	472906	473200	C	11.6	0
ERVL	DR0105261	KZ505806.1	473486	473796	C	13.1	0
ERVL	DR0105305	KZ505806.1	511029	511773	C	30.0	0
ERVL	DR0105338	KZ505806.1	575071	575316	+	23.3	0
ERVL	DR0105305	KZ505806.1	575334	575516	+	24.3	0
ERVL	DR0105315	KZ505806.1	617168	617753	+	24.2	0
ERVL	DR0105370	KZ505806.1	697247	697817	C	12.5	0
ERV4	DR0105376	KZ505806.1	698967	699649	C	18.9	0
ERVL	DR0105278	KZ505807.1	16477	16974	C	14.5	0
ERVL	DR0105370	KZ505807.1	36393	37016	C	21.8	0
ERVL	DR0105370	KZ505807.1	48282	48463	+	23.7	0
ERVL	DR0105338	KZ505807.1	48667	49335	+	23.0	0
ERVL	DR0105305	KZ505807.1	80114	80496	+	26.0	0
ERVL	DR0105371	KZ505807.1	93496	93663	+	15.2	0
ERVL	DR0105295	KZ505807.1	130243	130705	C	19.9	0
ERVL	DR0105370	KZ505807.1	141014	141343	+	21.7	0
ERVL	DR0105358	KZ505807.1	146471	146924	C	5.3	0
ERVL	DR0105370	KZ505807.1	172497	173095	C	12.7	0
ERVL	DR0105327	KZ505807.1	180246	180763	C	13.7	0
ERVL	DR0105305	KZ505807.1	263785	263964	C	25.7	0
ERVL	DR0105364	KZ505807.1	282527	282904	+	8.9	0
ERV4	DR0105376	KZ505807.1	318636	319056	C	25.6	0
ERV1	DR0105321	KZ505807.1	407750	408574	C	12.5	0
ERVL	DR0105364	KZ505807.1	455444	456088	C	10.5	0
ERVL	DR0105370	KZ505807.1	708975	709560	C	13.0	0
ERVL	DR0105370	KZ505808.1	20683	21274	C	24.2	0
ERVL	DR0105338	KZ505808.1	57227	57991	C	23.7	0
ERVL	DR0105327	KZ505808.1	63524	63593	C	12.9	0
ERVL	DR0105315	KZ505808.1	64770	65353	C	24.0	0
ERVL	DR0105278	KZ505808.1	77441	77926	+	16.1	0
ERVL	DR0105371	KZ505808.1	80077	80171	C	20.0	0
ERVL	DR0105338	KZ505808.1	93385	94166	+	21.4	0
ERVL	DR0105305	KZ505808.1	108457	108953	C	24.6	0
ERVL	DR0105338	KZ505808.1	109094	109165	C	25.0	0
ERVL	DR0105370	KZ505808.1	132904	133494	+	18.7	0
ERVL	DR0105327	KZ505808.1	150840	150935	+	15.6	0
ERVL	DR0105338	KZ505808.1	152650	153679	+	27.8	0
ERV4	DR0105376	KZ505808.1	158477	158665	+	25.1	0
ERVL	DR0105305	KZ505808.1	159842	160579	C	28.4	0
ERVL	DR0105305	KZ505808.1	166647	166764	C	20.4	0
ERVL	DR0105370	KZ505808.1	173168	173749	+	17.4	0
ERVL	DR0105305	KZ505808.1	208248	208391	C	23.8	0
ERVL	DR0105305	KZ505808.1	208481	208565	C	19.5	0
ERVL	DR0105305	KZ505808.1	208737	209278	C	28.4	0
ERVL	DR0105315	KZ505808.1	212011	212405	C	19.8	0
ERVL	DR0105305	KZ505808.1	217996	218246	+	30.2	0
ERVL	DR0105305	KZ505808.1	218472	218770	+	24.6	0
ERVL	DR0105338	KZ505808.1	252589	252736	+	21.6	0
ERVL	DR0105278	KZ505808.1	274472	274939	C	16.8	0
ERVL	DR0105370	KZ505808.1	300213	300352	+	19.3	0
ERVL	DR0105295	KZ505808.1	309029	309299	+	20.1	0
ERVL	DR0105370	KZ505808.1	341750	342343	+	15.8	0
ERVL	DR0105338	KZ505808.1	361407	362497	C	19.5	0
ERVL	DR0105338	KZ505808.1	382896	382980	+	11.8	0
ERVL	DR0105338	KZ505808.1	382986	383222	+	13.2	0
ERV1	DR0105321	KZ505808.1	387113	387167	+	16.4	0
ERV1	DR0105321	KZ505808.1	390063	390726	+	13.5	0
ERVL	DR0105338	KZ505808.1	399341	400304	C	20.7	0
ERVL	DR0105294	KZ505808.1	414833	414927	+	10.5	0
ERV4	DR0105376	KZ505808.1	435148	435275	C	12.1	0
ERV4	DR0105376	KZ505808.1	435370	435566	C	27.5	0
ERVL	DR0105261	KZ505808.1	477354	478156	+	27.2	0
ERVL	DR0105327	KZ505808.1	501177	501302	C	9.5	0
ERVL	DR0105238	KZ505808.1	570023	570785	+	10.2	0
ERVL	DR0105315	KZ505808.1	633824	633992	C	22.1	0
ERVL	DR0105315	KZ505808.1	634045	634176	C	20.5	0
ERVL	DR0105238	KZ505808.1	649231	649987	C	12.2	0
ERV4	DR0105376	KZ505808.1	678237	678957	C	7.5	0
ERVL	DR0105305	KZ505808.1	694538	695285	+	28.6	0
ERVL	DR0105370	KZ505808.1	734959	735502	C	23.4	0
ERVL	DR0105295	KZ505808.1	773927	774469	C	23.6	0
ERVL	DR0105305	KZ505808.1	783828	783939	C	19.2	0
ERVL	DR0105294	KZ505808.1	797058	797727	C	13.7	0
ERV4	DR0105376	KZ505808.1	833433	833589	+	24.2	0
ERVL	DR0105338	KZ505809.1	14334	14561	+	22.3	0
ERVL	DR0105238	KZ505809.1	15142	15341	+	12.5	0
ERVL	DR0105294	KZ505809.1	35180	35634	C	8.3	0
ERVL	DR0105294	KZ505809.1	40203	40907	C	43.6	0
ERVL	DR0105238	KZ505809.1	59473	60196	C	46.3	0
ERVL	DR0105294	KZ505809.1	103007	103745	+	31.6	0
ERVL	DR0105370	KZ505809.1	161849	162481	C	23.6	0
ERVL	DR0105312	KZ505809.1	165404	165853	C	24.4	0
ERVL	DR0105370	KZ505809.1	166597	167235	+	18.1	0
ERVL	DR0105370	KZ505809.1	168058	168264	+	17.9	0
ERVL	DR0105358	KZ505809.1	348812	349459	+	9.9	0
ERVL	DR0105238	KZ505809.1	543444	544185	+	24.6	0
ERVL	DR0105238	KZ505809.1	555275	555530	C	11.7	0
ERVL	DR0105294	KZ505809.1	621033	621285	+	9.6	0
ERVL	DR0105238	KZ505809.1	621756	621864	+	19.5	0
ERVL	DR0105370	KZ505809.1	637265	637779	C	18.3	0
ERVL	DR0105294	KZ505809.1	654142	654467	+	12.4	0
ERVL	DR0105327	KZ505809.1	662639	662941	+	10.6	0
ERVL	DR0105364	KZ505809.1	712095	712772	C	13.2	0
ERVL	DR0105294	KZ505809.1	806286	806769	+	9.3	0
ERVL	DR0105358	KZ505809.1	822246	822886	+	4.2	0
ERVL	DR0105371	KZ505810.1	53708	54285	+	14.7	0
ERVL	DR0105278	KZ505810.1	55053	55296	+	11.1	0
ERVL	DR0105315	KZ505810.1	75347	75936	C	23.9	0
ERVL	DR0105327	KZ505811.1	74658	74795	+	9.4	0
ERVL	DR0105364	KZ505811.1	221141	221497	C	16.1	0
ERVL	DR0105364	KZ505811.1	221508	221722	C	12.5	0
ERVL	DR0105371	KZ505811.1	636785	636868	C	23.2	0
ERVL	DR0105338	KZ505811.1	651897	652978	+	17.1	0
ERVL	DR0105338	KZ505811.1	668680	669389	+	23.8	0
ERVL	DR0105338	KZ505811.1	762308	762603	C	10.8	0
ERVL	DR0105371	KZ505811.1	817745	818259	+	17.6	0
ERVL	DR0105278	KZ505812.1	97646	98173	C	15.4	0
ERVL	DR0105370	KZ505812.1	173101	173667	C	13.6	0
ERVL	DR0105238	KZ505812.1	310768	310820	C	11.5	0
ERVL	DR0105364	KZ505812.1	660917	661593	+	14.0	0
ERVL	DR0105232	KZ505812.1	702980	703358	C	19.8	0
ERVL	DR0105294	KZ505813.1	478865	479600	+	8.7	0
ERVL	DR0105261	KZ505813.1	645760	646204	+	17.8	0
ERVL	DR0105338	KZ505813.1	671674	672783	C	20.0	0
ERVL	DR0105294	KZ505814.1	20336	20516	C	11.6	0
ERV1	DR0105240	KZ505814.1	63341	63962	C	8.4	0
ERV4	DR0105376	KZ505814.1	102302	103041	C	7.7	0
ERVL	DR0105294	KZ505814.1	141169	141588	+	11.0	0
ERVL	DR0105312	KZ505814.1	142874	143225	C	19.0	0
ERVL	DR0105312	KZ505814.1	143282	143334	C	15.4	0
ERVL	DR0105315	KZ505814.1	161779	162354	C	22.6	0
ERVL	DR0105315	KZ505814.1	201847	202425	C	22.8	0
ERVL	DR0105338	KZ505814.1	211487	212401	+	15.1	0
ERVL	DR0105278	KZ505814.1	292079	292606	C	17.7	0
ERVL	DR0105327	KZ505814.1	458015	458431	+	11.3	0
ERVL	DR0105370	KZ505814.1	637419	637926	C	17.8	0
ERVL	DR0105327	KZ505814.1	641118	641821	C	11.5	0
ERVL	DR0105371	KZ505814.1	643726	644274	+	18.5	0
ERVL	DR0105312	KZ505814.1	666947	667196	C	13.9	0
ERVL	DR0105294	KZ505814.1	767560	768305	C	12.0	0
ERVL	DR0105338	KZ505814.1	780947	782009	+	15.7	0
ERVL	DR0105338	KZ505814.1	787657	788456	+	19.5	0
ERVL	DR0105238	KZ505814.1	802583	803332	C	11.6	0
ERVL	DR0105358	KZ505815.1	3593	3671	C	10.1	0
ERVL	DR0105315	KZ505815.1	72388	72472	+	10.9	0
ERVL	DR0105370	KZ505815.1	85528	86111	+	18.4	0
ERVL	DR0105315	KZ505815.1	120854	121214	C	24.1	0
ERVL	DR0105327	KZ505815.1	181248	181295	C	6.2	0
ERVL	DR0105305	KZ505815.1	233292	233514	+	26.2	0
ERVL	DR0105305	KZ505815.1	233706	234155	+	26.1	0
ERVL	DR0105370	KZ505815.1	285939	286504	+	20.4	0
ERVL	DR0105358	KZ505816.1	102429	102835	+	12.5	0
ERVL	DR0105364	KZ505816.1	306142	306594	C	12.8	0
ERV1	DR0105240	KZ505816.1	330377	331020	C	6.8	0
ERVL	DR0105371	KZ505816.1	558934	559510	C	13.4	0
ERVL	DR0105370	KZ505816.1	616750	617164	C	12.2	0
ERVL	DR0105358	KZ505816.1	753714	754357	+	4.8	0
ERVL	DR0105278	KZ505816.1	756694	757191	C	14.9	0
ERV1	DR0105321	KZ505816.1	813646	814400	+	12.3	0
ERV1	DR0105321	KZ505816.1	821590	822329	+	10.2	0
ERVL	DR0105278	KZ505817.1	42399	42924	+	14.5	0
ERV1	DR0105240	KZ505817.1	229986	230245	C	6.9	0
ERV1	DR0105342	KZ505817.1	388938	390004	+	19.8	0
ERV4	DR0105376	KZ505817.1	405253	405811	+	15.2	0
ERVL	DR0105370	KZ505817.1	482874	483454	C	13.1	0
ERVL	DR0105294	KZ505817.1	579139	579854	+	8.7	0
ERVL	DR0105238	KZ505817.1	735409	735471	C	9.5	0
ERVL	DR0105278	KZ505819.1	79250	79794	+	19.6	0
ERVL	DR0105358	KZ505819.1	86265	86910	C	5.3	0
ERV4	DR0105376	KZ505819.1	232111	232663	C	13.1	0
ERVL	DR0105338	KZ505819.1	388747	389632	C	28.2	0
ERVL	DR0105338	KZ505819.1	396963	397370	C	17.9	0
ERVL	DR0105358	KZ505819.1	462551	463228	C	48.2	0
ERVL	DR0105370	KZ505819.1	663840	664424	+	16.1	0
ERVL	DR0105370	KZ505820.1	18733	19681	+	15.8	0
ERVL	DR0105371	KZ505821.1	39071	39666	+	12.6	0
ERVL	DR0105294	KZ505821.1	68098	68823	+	9.3	0
ERVL	DR0105371	KZ505821.1	157027	157607	C	15.5	0
ERVL	DR0105341	KZ505821.1	187847	188237	C	11.8	0
ERVL	DR0105338	KZ505821.1	311385	312451	C	16.8	0
ERVL	DR0105371	KZ505821.1	377874	378430	+	13.2	0
ERVL	DR0105238	KZ505821.1	485246	486005	C	10.0	0
ERVL	DR0105278	KZ505821.1	612806	613316	C	15.0	0
ERVL	DR0105278	KZ505821.1	635600	636036	+	16.8	0
ERV4	DR0105376	KZ505821.1	659481	660201	C	7.5	0
ERVL	DR0105338	KZ505822.1	77487	78230	C	24.1	0
ERVL	DR0105327	KZ505822.1	85123	85858	C	11.7	0
ERVL	DR0105294	KZ505822.1	305814	306547	C	11.7	0
ERVL	DR0105278	KZ505822.1	434062	434560	C	16.3	0
ERVL	DR0105338	KZ505822.1	449893	449996	+	16.4	0
ERVL	DR0105370	KZ505822.1	516243	516836	C	15.5	0
ERVL	DR0105326	KZ505822.1	536185	536241	+	16.4	0
ERVL	DR0105232	KZ505822.1	637756	637917	C	29.9	0
ERVL	DR0105370	KZ505822.1	638168	638312	C	30.6	0
ERVL	DR0105295	KZ505822.1	638609	638811	C	22.2	0
ERVL	DR0105305	KZ505822.1	647353	647991	+	23.6	0
ERV4	DR0105376	KZ505822.1	659068	659817	C	5.9	0
ERVL	DR0105338	KZ505822.1	716073	716774	+	26.1	0
ERVL	DR0105261	KZ505822.1	722783	723327	+	18.1	0
ERVL	DR0105338	KZ505822.1	755855	756073	C	30.7	0
ERVL	DR0105370	KZ505822.1	780972	781544	C	10.8	0
ERV4	DR0105376	KZ505822.1	789016	789526	C	11.2	0
ERV4	DR0105376	KZ505822.1	789541	789649	C	24.8	0
ERVL	DR0105338	KZ505822.1	795708	796494	+	18.1	0
ERVL	DR0105338	KZ505822.1	797672	797938	+	12.7	0
ERVL	DR0105370	KZ505822.1	798024	798145	+	14.6	0
ERV1	DR0105342	KZ505822.1	801008	801116	+	23.1	0
ERV1	DR0105342	KZ505822.1	801310	801512	+	26.4	0
ERVL	DR0105371	KZ505822.1	808382	808955	+	13.6	0
ERV1	DR0105321	KZ505822.1	823878	824280	+	10.1	0
ERVL	DR0105338	KZ505823.1	248493	249357	+	22.0	0
ERVL	DR0105295	KZ505823.1	488640	489156	+	23.4	0
ERVL	DR0105305	KZ505823.1	522896	523056	+	33.3	0
ERVL	DR0105327	KZ505823.1	523131	523804	C	11.1	0
ERVL	DR0105338	KZ505823.1	561559	562111	C	12.9	0
ERVL	DR0105358	KZ505823.1	589560	590211	+	4.5	0
ERVL	DR0105371	KZ505823.1	600228	600553	+	19.4	0
ERVL	DR0105261	KZ505823.1	607097	607947	C	22.5	0
ERVL	DR0105371	KZ505823.1	610864	611441	+	12.7	0
ERVL	DR0105371	KZ505823.1	681943	682507	+	13.4	0
ERV1	DR0105342	KZ505823.1	710732	711829	+	18.5	0
ERVL	DR0105370	KZ505823.1	734940	735290	+	16.7	0
ERVL	DR0105327	KZ505824.1	283430	283483	C	20.4	0
ERVL	DR0105338	KZ505824.1	595737	596682	C	14.5	0
ERVL	DR0105327	KZ505824.1	607963	608694	C	9.3	0
ERV1	DR0105240	KZ505825.1	35254	35353	+	20.8	0
ERVL	DR0105278	KZ505825.1	39054	39504	C	19.0	0
ERVL	DR0105370	KZ505825.1	96242	96432	+	25.7	0
ERVL	DR0105338	KZ505825.1	97038	97337	+	24.7	0
ERVL	DR0105338	KZ505825.1	157605	157791	+	19.1	0
ERVL	DR0105312	KZ505825.1	158877	159005	C	18.2	0
ERVL	DR0105294	KZ505825.1	237706	238419	C	10.5	0
ERVL	DR0105305	KZ505825.1	782616	782732	+	22.2	0
ERVL	DR0105370	KZ505826.1	34317	34416	C	26.0	0
ERVL	DR0105261	KZ505826.1	163973	164126	C	13.1	0
ERV4	DR0105376	KZ505826.1	396221	396936	+	10.8	0
ERVL	DR0105358	KZ505826.1	412083	412322	C	13.3	0
ERVL	DR0105371	KZ505826.1	422552	423041	C	15.5	0
ERVL	DR0105371	KZ505826.1	423127	423227	C	20.0	0
ERVL	DR0105238	KZ505826.1	493969	494749	C	9.6	0
ERVL	DR0105278	KZ505826.1	611105	611578	+	15.5	0
ERVL	DR0105261	KZ505826.1	674024	674640	C	16.4	0
ERVL	DR0105364	KZ505826.1	715622	716241	+	13.0	0
ERVL	DR0105370	KZ505826.1	767667	768253	+	14.4	0
ERVL	DR0105338	KZ505827.1	11363	12500	C	17.6	0
ERVL	DR0105278	KZ505827.1	89670	90176	+	14.9	0
ERVL	DR0105294	KZ505827.1	209496	210232	+	10.5	0
ERVL	DR0105371	KZ505827.1	240490	240545	C	16.1	0
ERVL	DR0105370	KZ505827.1	247578	248174	C	14.4	0
ERVL	DR0105278	KZ505827.1	267016	267581	+	14.4	0
ERVL	DR0105338	KZ505827.1	337930	338120	C	19.0	0
ERVL	DR0105338	KZ505827.1	342382	342655	C	19.6	0
ERVL	DR0105338	KZ505827.1	343242	343435	C	18.3	0
ERVL	DR0105278	KZ505827.1	367240	367744	+	17.0	0
ERVL	DR0105278	KZ505827.1	424304	424814	+	15.3	0
ERVL	DR0105278	KZ505827.1	426469	426963	+	18.8	0
ERVL	DR0105338	KZ505827.1	463068	463658	+	22.3	0
ERVL	DR0105278	KZ505827.1	469928	470410	+	15.7	0
ERVL	DR0105294	KZ505827.1	485417	485611	+	14.0	0
ERVL	DR0105370	KZ505827.1	493251	493617	+	16.7	0
ERVL	DR0105370	KZ505827.1	511504	512097	+	16.2	0
ERVL	DR0105370	KZ505827.1	513843	513902	+	15.0	0
ERVL	DR0105338	KZ505827.1	555776	556797	+	23.2	0
ERVL	DR0105294	KZ505827.1	558873	559583	C	9.9	0
ERVL	DR0105371	KZ505827.1	572233	572814	C	15.1	0
ERVL	DR0105358	KZ505827.1	584717	584945	C	2.6	0
ERVL	DR0105338	KZ505827.1	593647	593941	+	26.2	0
ERVL	DR0105371	KZ505827.1	632366	632878	C	13.4	0
ERVL	DR0105338	KZ505827.1	668155	668408	+	23.0	0
ERVL	DR0105230	KZ505827.1	690456	691047	C	4.9	0
ERVL	DR0105278	KZ505827.1	698549	698749	+	13.8	0
ERVL	DR0105278	KZ505827.1	698750	698832	+	22.5	0
ERVL	DR0105278	KZ505827.1	713967	714358	+	17.5	0
ERVL	DR0105338	KZ505827.1	727294	727634	+	21.7	0
ERV1	DR0105342	KZ505827.1	728126	729050	C	20.8	0
ERV1	DR0105342	KZ505827.1	729388	729486	C	15.6	0
ERVL	DR0105371	KZ505827.1	744570	745121	+	17.6	0
ERVL	DR0105338	KZ505827.1	765845	766207	C	26.4	0
ERVL	DR0105294	KZ505827.1	772858	773085	+	9.7	0
ERVL	DR0105358	KZ505827.1	782537	783180	+	4.3	0
ERVL	DR0105338	KZ505828.1	466666	467513	+	18.9	0
ERVL	DR0105370	KZ505828.1	745148	745765	+	17.0	0
ERVL	DR0105278	KZ505829.1	3147	3643	+	12.0	0
ERVL	DR0105261	KZ505829.1	314846	315442	C	16.4	0
ERVL	DR0105338	KZ505829.1	395870	397000	C	14.6	0
ERVL	DR0105338	KZ505829.1	456574	456817	C	19.3	0
ERVL	DR0105364	KZ505829.1	482442	483123	C	12.1	0
ERVL	DR0105338	KZ505829.1	527969	529013	C	13.7	0
ERVL	DR0105295	KZ505829.1	683178	683418	C	15.5	0
ERV4	DR0105376	KZ505829.1	785109	785294	+	19.3	0
ERVL	DR0105370	KZ505830.1	37758	38274	+	15.1	0
ERVL	DR0105232	KZ505830.1	46873	46933	+	18.3	0
ERVL	DR0105371	KZ505830.1	51147	51739	C	15.6	0
ERVL	DR0105338	KZ505830.1	51842	51941	C	20.4	0
ERVL	DR0105358	KZ505830.1	250075	250714	C	5.3	0
ERVL	DR0105370	KZ505830.1	323909	324690	C	19.8	0
ERVL	DR0105370	KZ505830.1	325037	325099	+	19.1	0
ERVL	DR0105358	KZ505830.1	335270	335903	C	4.3	0
ERVL	DR0105358	KZ505830.1	335927	336030	C	8.7	0
ERVL	DR0105338	KZ505830.1	366099	367243	C	15.6	0
ERV1	DR0105240	KZ505830.1	536615	537242	C	6.2	0
ERV4	DR0105376	KZ505830.1	562005	562648	C	10.1	0
ERVL	DR0105238	KZ505830.1	630172	630355	+	12.9	0
ERVL	DR0105278	KZ505830.1	643189	643712	+	13.3	0
ERVL	DR0105278	KZ505830.1	683849	684380	+	13.5	0
ERVL	DR0105358	KZ505831.1	165315	165948	C	5.7	0
ERV1	DR0105342	KZ505831.1	179954	180978	+	14.2	0
ERVL	DR0105358	KZ505831.1	184543	185185	C	5.1	0
ERVL	DR0105371	KZ505831.1	195583	196195	+	13.1	0
ERV1	DR0105240	KZ505831.1	206100	206389	C	21.6	0
ERV4	DR0105376	KZ505831.1	212495	213261	+	54.0	0
ERVL	DR0105338	KZ505831.1	248625	249745	+	15.5	0
ERVL	DR0105358	KZ505831.1	307967	308596	+	33.8	0
ERVL	DR0105358	KZ505831.1	376977	377618	C	5.1	0
ERVL	DR0105370	KZ505831.1	440654	441236	C	13.8	0
ERVL	DR0105370	KZ505831.1	506399	506970	C	12.9	0
ERVL	DR0105278	KZ505831.1	508016	508522	+	14.0	0
ERVL	DR0105370	KZ505831.1	519044	519244	+	27.0	0
ERVL	DR0105278	KZ505831.1	530968	531481	C	13.9	0
ERVL	DR0105305	KZ505831.1	536530	536703	C	26.2	0
ERVL	DR0105312	KZ505831.1	537788	538293	C	32.2	0
ERVL	DR0105312	KZ505831.1	538603	539543	C	37.2	0
ERVL	DR0105312	KZ505831.1	539783	540095	C	32.7	0
ERVL	DR0105338	KZ505831.1	571033	571853	+	20.9	0
ERVL	DR0105370	KZ505831.1	592363	592900	C	20.4	0
ERVL	DR0105295	KZ505831.1	662885	662988	+	15.4	0
ERVL	DR0105338	KZ505831.1	742308	742973	C	24.8	0
ERV1	DR0105321	KZ505832.1	253312	254051	+	16.0	0
ERVL	DR0105358	KZ505832.1	441514	442174	+	5.7	0
ERVL	DR0105327	KZ505832.1	557304	557339	+	5.6	0
ERVL	DR0105238	KZ505833.1	90074	90242	C	5.4	0
ERVL	DR0105261	KZ505833.1	111579	112409	+	16.8	0
ERVL	DR0105338	KZ505833.1	143877	144412	+	19.8	0
ERVL	DR0105338	KZ505833.1	162142	163245	C	15.7	0
ERV4	DR0105376	KZ505833.1	169809	169903	+	13.8	0
ERV1	DR0105342	KZ505833.1	246655	247285	+	12.8	0
ERVL	DR0105358	KZ505833.1	277753	277836	+	3.6	0
ERV4	DR0105376	KZ505833.1	379562	379621	+	8.3	0
ERVL	DR0105305	KZ505833.1	549601	549974	+	23.9	0
ERVL	DR0105278	KZ505833.1	568607	569140	C	21.0	0
ERVL	DR0105278	KZ505833.1	590574	590756	C	15.1	0
ERVL	DR0105278	KZ505833.1	590764	590957	C	16.5	0
ERV1	DR0105321	KZ505833.1	689364	690109	+	12.0	0
ERVL	DR0105371	KZ505833.1	755251	755618	+	17.2	0
ERVL	DR0105370	KZ505833.1	755643	755742	+	20.4	0
ERVL	DR0105370	KZ505833.1	772063	772657	C	11.8	0
ERVL	DR0105338	KZ505833.1	796112	797105	C	24.9	0
ERVL	DR0105338	KZ505834.1	13295	14012	+	26.6	0
ERVL	DR0105278	KZ505834.1	14021	14478	C	21.6	0
ERVL	DR0105338	KZ505834.1	14654	14801	+	23.3	0
ERVL	DR0105338	KZ505834.1	19130	19813	C	21.4	0
ERVL	DR0105338	KZ505834.1	87704	88791	+	17.1	0
ERVL	DR0105370	KZ505834.1	89199	90026	+	19.4	0
ERVL	DR0105370	KZ505834.1	132555	132776	+	31.5	0
ERVL	DR0105370	KZ505834.1	134007	134567	+	14.1	0
ERVL	DR0105338	KZ505834.1	180646	181173	C	24.9	0
ERVL	DR0105338	KZ505834.1	186008	187149	C	17.3	0
ERVL	DR0105338	KZ505834.1	263264	264382	C	20.0	0
ERVL	DR0105358	KZ505834.1	368168	368814	+	4.3	0
ERVL	DR0105370	KZ505834.1	388162	388292	C	25.9	0
ERVL	DR0105295	KZ505834.1	405409	405994	C	23.5	0
ERV1	DR0105240	KZ505834.1	414647	415084	C	6.8	0
ERV1	DR0105240	KZ505834.1	460948	461603	+	6.3	0
ERVL	DR0105278	KZ505834.1	521675	522132	+	18.4	0
ERVL	DR0105338	KZ505834.1	523515	524092	C	21.4	0
ERVL	DR0105338	KZ505834.1	529307	529607	C	20.2	0
ERVL	DR0105338	KZ505834.1	529629	529674	C	15.2	0
ERVL	DR0105338	KZ505834.1	538928	539955	C	23.8	0
ERVL	DR0105371	KZ505834.1	641722	642278	+	13.0	0
ERVL	DR0105341	KZ505834.1	773227	773646	+	9.6	0
ERVL	DR0105294	KZ505835.1	18978	19195	C	12.2	0
ERVL	DR0105294	KZ505835.1	73829	74530	C	12.1	0
ERVL	DR0105278	KZ505835.1	242854	243369	C	12.5	0
ERVL	DR0105338	KZ505835.1	257030	258047	C	19.4	0
ERVL	DR0105305	KZ505835.1	258748	258952	+	29.6	0
ERVL	DR0105305	KZ505835.1	259255	259406	+	23.4	0
ERVL	DR0105230	KZ505835.1	271843	271923	+	12.3	0
ERVL	DR0105294	KZ505835.1	300163	300858	+	11.1	0
ERVL	DR0105338	KZ505835.1	315960	316954	C	20.1	0
ERVL	DR0105315	KZ505835.1	317745	318319	+	19.2	0
ERVL	DR0105238	KZ505835.1	329479	329797	C	13.4	0
ERVL	DR0105370	KZ505835.1	345258	345613	C	16.0	0
ERVL	DR0105278	KZ505835.1	348046	348575	+	12.6	0
ERVL	DR0105305	KZ505835.1	379446	379731	C	31.9	0
ERVL	DR0105305	KZ505835.1	380412	380564	C	23.5	0
ERVL	DR0105238	KZ505835.1	408839	408922	C	18.1	0
ERVL	DR0105294	KZ505835.1	409560	409650	C	12.1	0
ERVL	DR0105327	KZ505835.1	411077	411131	+	12.7	0
ERVL	DR0105230	KZ505835.1	448497	449102	C	6.9	0
ERVL	DR0105370	KZ505835.1	502194	502751	+	16.7	0
ERV4	DR0105376	KZ505835.1	511950	512205	C	12.2	0
ERVL	DR0105312	KZ505835.1	548447	551273	C	14.9	0
ERVL	DR0105238	KZ505835.1	556654	557414	C	10.6	0
ERVL	DR0105341	KZ505835.1	624609	625028	C	12.5	0
ERVL	DR0105230	KZ505835.1	665066	665353	+	29.4	0
ERVL	DR0105305	KZ505835.1	708065	708809	C	27.0	0
ERVL	DR0105327	KZ505835.1	713699	714357	+	8.7	0
ERVL	DR0105338	KZ505835.1	725207	725634	+	23.8	0
ERVL	DR0105338	KZ505835.1	725637	725779	+	23.4	0
ERVL	DR0105278	KZ505835.1	776786	777021	+	12.7	0
ERVL	DR0105371	KZ505836.1	386477	387051	C	12.7	0
ERVL	DR0105370	KZ505836.1	521084	521418	C	17.8	0
ERVL	DR0105370	KZ505836.1	601653	602217	C	16.3	0
ERV1	DR0105240	KZ505836.1	747378	747499	C	26.4	0
ERVL	DR0105305	KZ505837.1	257637	257780	C	26.6	0
ERVL	DR0105358	KZ505837.1	337276	337911	C	9.1	0
ERVL	DR0105278	KZ505837.1	416830	417090	+	14.8	0
ERV4	DR0105376	KZ505837.1	569372	569664	C	10.7	0
ERVL	DR0105261	KZ505837.1	569822	570235	C	10.8	0
ERV4	DR0105376	KZ505837.1	572489	572548	C	18.3	0
ERVL	DR0105278	KZ505837.1	676796	677296	C	13.1	0
ERVL	DR0105238	KZ505837.1	684084	684192	+	20.6	0
ERVL	DR0105371	KZ505837.1	696934	697501	+	12.7	0
ERVL	DR0105371	KZ505839.1	27752	28324	+	16.0	0
ERVL	DR0105315	KZ505839.1	132481	132629	C	20.2	0
ERVL	DR0105295	KZ505839.1	140926	141196	+	19.9	0
ERVL	DR0105364	KZ505839.1	153230	153824	+	12.8	0
ERVL	DR0105338	KZ505839.1	264669	265511	+	15.9	0
ERVL	DR0105371	KZ505839.1	358586	359110	C	11.7	0
ERVL	DR0105315	KZ505839.1	534546	535126	+	25.4	0
ERVL	DR0105338	KZ505839.1	567591	568615	+	14.5	0
ERVL	DR0105305	KZ505840.1	142751	143374	+	24.9	0
ERVL	DR0105294	KZ505840.1	156622	157351	+	9.6	0
ERVL	DR0105294	KZ505840.1	385450	386176	C	8.9	0
ERVL	DR0105370	KZ505840.1	570136	570700	+	19.4	0
ERVL	DR0105238	KZ505840.1	661161	661315	+	8.4	0
ERVL	DR0105238	KZ505840.1	661760	661849	+	16.5	0
ERVL	DR0105338	KZ505841.1	40330	40719	C	18.2	0
ERVL	DR0105312	KZ505841.1	121067	122014	+	12.8	0
ERVL	DR0105370	KZ505841.1	156774	157377	+	23.9	0
ERVL	DR0105338	KZ505841.1	203441	204186	C	26.1	0
ERV1	DR0105321	KZ505841.1	244156	244287	C	24.6	0
ERV1	DR0105321	KZ505841.1	249013	249084	C	20.8	0
ERVL	DR0105370	KZ505841.1	257435	257701	+	14.3	0
ERVL	DR0105338	KZ505841.1	356314	357152	+	19.5	0
ERVL	DR0105315	KZ505841.1	388958	389472	C	22.1	0
ERVL	DR0105371	KZ505841.1	492454	493025	+	17.1	0
ERVL	DR0105312	KZ505841.1	526202	526434	+	17.4	0
ERVL	DR0105370	KZ505841.1	553352	553918	+	20.4	0
ERVL	DR0105315	KZ505841.1	600092	600648	C	23.2	0
ERVL	DR0105305	KZ505841.1	693792	694386	C	29.8	0
ERVL	DR0105294	KZ505841.1	774456	774621	C	7.8	0
ERVL	DR0105232	KZ505842.1	17984	18407	+	17.1	0
ERVL	DR0105371	KZ505842.1	18516	19085	+	17.2	0
ERVL	DR0105371	KZ505842.1	26667	27249	+	15.9	0
ERV1	DR0105240	KZ505842.1	44382	44514	+	14.4	0
ERVL	DR0105305	KZ505842.1	45016	45758	C	27.4	0
ERVL	DR0105358	KZ505842.1	49115	49760	C	6.4	0
ERV4	DR0105376	KZ505842.1	113565	114271	+	16.6	0
ERVL	DR0105370	KZ505842.1	139721	140277	C	16.8	0
ERV4	DR0105376	KZ505842.1	150351	150545	C	26.8	0
ERVL	DR0105278	KZ505842.1	175161	175674	C	17.7	0
ERVL	DR0105338	KZ505842.1	182324	183434	C	16.2	0
ERVL	DR0105338	KZ505842.1	263217	264090	C	23.0	0
ERVL	DR0105370	KZ505842.1	283386	283970	C	12.7	0
ERVL	DR0105338	KZ505842.1	328679	329058	C	12.5	0
ERVL	DR0105338	KZ505842.1	433300	434181	+	25.7	0
ERVL	DR0105338	KZ505842.1	463466	464538	C	19.9	0
ERVL	DR0105261	KZ505842.1	472669	473513	C	23.6	0
ERVL	DR0105338	KZ505842.1	507801	507897	+	27.2	0
ERVL	DR0105305	KZ505842.1	507914	508011	+	37.1	0
ERVL	DR0105338	KZ505842.1	511096	511965	+	25.1	0
ERVL	DR0105338	KZ505842.1	554191	554640	C	24.5	0
ERVL	DR0105338	KZ505842.1	554648	554962	C	31.2	0
ERVL	DR0105370	KZ505842.1	569100	569694	C	17.5	0
ERVL	DR0105338	KZ505842.1	575055	575468	C	13.9	0
ERVL	DR0105312	KZ505842.1	705437	705515	C	25.0	0
ERVL	DR0105278	KZ505842.1	705528	706560	C	21.1	0
ERVL	DR0105326	KZ505842.1	710120	710534	C	14.6	0
ERVL	DR0105358	KZ505842.1	750027	750689	+	5.9	0
ERVL	DR0105338	KZ505843.1	4232	4352	C	23.7	0
ERVL	DR0105358	KZ505843.1	23605	23707	+	11.7	0
ERVL	DR0105371	KZ505843.1	120153	120481	C	15.9	0
ERVL	DR0105358	KZ505843.1	167580	168183	+	5.5	0
ERVL	DR0105338	KZ505843.1	168307	168507	+	19.2	0
ERVL	DR0105370	KZ505843.1	222201	222342	C	22.2	0
ERVL	DR0105338	KZ505843.1	225101	226223	C	14.9	0
ERVL	DR0105338	KZ505843.1	320571	320848	+	20.9	0
ERV4	DR0105376	KZ505843.1	393451	394206	C	5.3	0
ERVL	DR0105338	KZ505843.1	432665	433623	C	21.9	0
ERVL	DR0105358	KZ505843.1	445620	446263	C	4.7	0
ERVL	DR0105305	KZ505843.1	463099	463243	+	22.4	0
ERVL	DR0105338	KZ505843.1	472170	473144	+	21.1	0
ERVL	DR0105338	KZ505843.1	525776	525951	C	20.0	0
ERVL	DR0105338	KZ505843.1	541671	542419	+	20.7	0
ERVL	DR0105338	KZ505843.1	602571	603724	+	13.8	0
ERVL	DR0105338	KZ505843.1	733128	734078	+	17.1	0
ERVL	DR0105370	KZ505843.1	766702	766754	+	15.7	0
ERVL	DR0105315	KZ505843.1	766839	767041	C	21.4	0
ERVL	DR0105278	KZ505844.1	22495	22928	C	17.2	0
ERVL	DR0105370	KZ505844.1	53858	54451	C	16.7	0
ERVL	DR0105278	KZ505844.1	82953	83434	+	15.7	0
ERVL	DR0105364	KZ505844.1	88463	89116	C	11.4	0
ERVL	DR0105261	KZ505844.1	135042	135334	C	15.9	0
ERVL	DR0105338	KZ505844.1	175050	175519	+	13.7	0
ERVL	DR0105238	KZ505844.1	193274	193384	+	14.5	0
ERVL	DR0105294	KZ505844.1	252409	252722	C	13.2	0
ERVL	DR0105278	KZ505844.1	283547	284095	+	16.6	0
ERVL	DR0105261	KZ505844.1	371139	371313	+	14.4	0
ERVL	DR0105338	KZ505844.1	371347	371521	+	17.9	0
ERVL	DR0105261	KZ505844.1	410592	410650	C	16.9	0
ERVL	DR0105338	KZ505844.1	413313	413698	C	26.8	0
ERVL	DR0105370	KZ505844.1	459370	459880	C	21.4	0
ERVL	DR0105294	KZ505844.1	550729	551446	+	8.1	0
ERVL	DR0105370	KZ505844.1	604820	605382	C	16.1	0
ERVL	DR0105338	KZ505844.1	635577	635785	C	26.5	0
ERVL	DR0105278	KZ505844.1	696699	697228	+	19.4	0
ERVL	DR0105305	KZ505844.1	725480	725622	C	30.7	0
ERV4	DR0105376	KZ505844.1	767097	767613	C	16.8	0
ERV4	DR0105376	KZ505845.1	152655	153405	C	16.7	0
ERVL	DR0105315	KZ505845.1	179503	180081	C	24.3	0
ERVL	DR0105370	KZ505845.1	199784	199917	C	21.4	0
ERVL	DR0105370	KZ505845.1	199990	200263	C	23.0	0
ERVL	DR0105315	KZ505845.1	218011	218544	+	23.4	0
ERVL	DR0105295	KZ505845.1	247176	247695	C	25.4	0
ERVL	DR0105371	KZ505845.1	399372	399930	C	15.9	0
ERVL	DR0105370	KZ505845.1	417015	417535	C	13.6	0
ERVL	DR0105371	KZ505845.1	417550	417823	C	12.1	0
ERVL	DR0105358	KZ505845.1	427152	427373	C	5.0	0
ERV4	DR0105376	KZ505845.1	558125	558870	C	7.5	0
ERVL	DR0105278	KZ505845.1	635444	635989	+	12.1	0
ERVL	DR0105358	KZ505845.1	636855	637496	C	6.8	0
ERVL	DR0105294	KZ505845.1	649910	650605	+	8.8	0
ERVL	DR0105278	KZ505845.1	749996	750424	C	13.0	0
ERVL	DR0105371	KZ505846.1	64467	65037	+	15.8	0
ERVL	DR0105338	KZ505846.1	82904	83750	C	23.0	0
ERVL	DR0105338	KZ505846.1	84240	84395	C	25.6	0
ERVL	DR0105370	KZ505846.1	86649	86873	+	26.2	0
ERVL	DR0105305	KZ505846.1	252768	252970	+	28.7	0
ERVL	DR0105278	KZ505846.1	267055	267581	+	15.1	0
ERVL	DR0105261	KZ505846.1	274322	274589	C	12.4	0
ERVL	DR0105338	KZ505846.1	274635	274803	+	17.8	0
ERVL	DR0105315	KZ505846.1	341589	342203	C	27.3	0
ERVL	DR0105261	KZ505846.1	365915	366878	+	22.4	0
ERV4	DR0105376	KZ505846.1	379202	379744	C	17.2	0
ERVL	DR0105364	KZ505846.1	385187	385712	C	15.1	0
ERVL	DR0105327	KZ505846.1	385713	386430	+	9.4	0
ERVL	DR0105358	KZ505846.1	386434	386527	C	16.0	0
ERVL	DR0105338	KZ505846.1	394334	394525	+	10.6	0
ERVL	DR0105338	KZ505846.1	469573	469707	C	19.6	0
ERVL	DR0105338	KZ505846.1	476754	477724	+	15.4	0
ERV4	DR0105376	KZ505846.1	520817	521284	+	14.6	0
ERVL	DR0105341	KZ505846.1	540882	541287	+	10.5	0
ERVL	DR0105338	KZ505846.1	582959	584051	C	24.5	0
ERVL	DR0105327	KZ505846.1	659668	660396	C	10.9	0
ERVL	DR0105315	KZ505846.1	692278	692847	C	21.1	0
ERVL	DR0105261	KZ505846.1	693662	694049	C	13.2	0
ERV1	DR0105240	KZ505846.1	696723	696816	C	22.6	0
ERVL	DR0105312	KZ505846.1	708881	709075	C	18.5	0
ERVL	DR0105312	KZ505846.1	709151	709295	C	22.9	0
ERVL	DR0105312	KZ505846.1	709350	709779	C	19.2	0
ERVL	DR0105294	KZ505846.1	711549	711988	C	9.2	0
ERVL	DR0105295	KZ505846.1	733738	734025	+	20.6	0
ERVL	DR0105338	KZ505846.1	757777	758420	+	25.6	0
ERV4	DR0105376	KZ505846.1	758421	759170	+	7.4	0
ERVL	DR0105338	KZ505846.1	759172	759248	+	23.4	0
ERVL	DR0105338	KZ505847.1	90740	91531	+	22.6	0
ERVL	DR0105238	KZ505847.1	198889	199614	+	11.2	0
ERVL	DR0105341	KZ505847.1	236025	236416	C	10.4	0
ERV4	DR0105376	KZ505847.1	312544	312974	C	6.8	0
ERVL	DR0105278	KZ505847.1	314765	315249	C	14.2	0
ERVL	DR0105232	KZ505847.1	315363	315722	C	15.4	0
ERVL	DR0105358	KZ505847.1	318768	319375	C	10.9	0
ERVL	DR0105278	KZ505847.1	354173	354715	C	13.8	0
ERVL	DR0105327	KZ505847.1	562534	562605	C	15.3	0
ERVL	DR0105238	KZ505848.1	62014	62737	+	10.1	0
ERVL	DR0105358	KZ505848.1	304968	305587	C	8.9	0
ERVL	DR0105358	KZ505848.1	546068	546710	+	4.8	0
ERV4	DR0105376	KZ505849.1	5282	6034	+	7.7	0
ERVL	DR0105364	KZ505849.1	66026	66334	C	13.3	0
ERVL	DR0105364	KZ505849.1	66641	67273	C	13.7	0
ERV4	DR0105376	KZ505849.1	69457	69567	C	21.1	0
ERVL	DR0105341	KZ505849.1	92333	92736	+	12.8	0
ERVL	DR0105358	KZ505849.1	225073	225714	C	4.8	0
ERVL	DR0105358	KZ505849.1	430088	430732	C	4.7	0
ERVL	DR0105358	KZ505849.1	477128	477774	C	37.9	0
ERVL	DR0105364	KZ505849.1	482623	483279	C	14.2	0
ERVL	DR0105338	KZ505849.1	513808	514928	C	15.2	0
ERVL	DR0105238	KZ505849.1	515990	516757	+	12.2	0
ERVL	DR0105358	KZ505849.1	586408	587050	C	5.0	0
ERVL	DR0105278	KZ505849.1	609156	609634	C	18.1	0
ERVL	DR0105370	KZ505849.1	636359	636727	+	18.3	0
ERVL	DR0105312	KZ505850.1	1	197	C	14.2	0
ERVL	DR0105230	KZ505850.1	13046	13262	+	18.8	0
ERVL	DR0105312	KZ505850.1	15439	15499	C	21.7	0
ERVL	DR0105278	KZ505850.1	52520	52641	+	13.1	0
ERVL	DR0105278	KZ505850.1	52647	52813	+	18.1	0
ERV4	DR0105376	KZ505850.1	73183	73333	C	7.4	0
ERVL	DR0105358	KZ505850.1	228013	228658	C	7.3	0
ERVL	DR0105261	KZ505850.1	232743	232830	+	12.5	0
ERVL	DR0105338	KZ505850.1	362517	363614	+	14.4	0
ERVL	DR0105294	KZ505850.1	484323	484916	+	7.3	0
ERVL	DR0105327	KZ505850.1	484982	485190	+	14.6	0
ERVL	DR0105294	KZ505850.1	544351	545101	+	9.9	0
ERVL	DR0105341	KZ505850.1	654482	654570	C	6.7	0
ERVL	DR0105338	KZ505850.1	750545	751045	C	19.2	0
ERVL	DR0105338	KZ505851.1	7369	7610	C	26.7	0
ERVL	DR0105370	KZ505851.1	67089	67361	C	20.1	0
ERVL	DR0105338	KZ505851.1	119692	120413	+	15.1	0
ERVL	DR0105371	KZ505851.1	186162	186688	C	15.5	0
ERVL	DR0105338	KZ505851.1	433084	433324	C	27.9	0
ERVL	DR0105338	KZ505851.1	657046	657835	+	23.6	0
ERV1	DR0105342	KZ505851.1	712378	712606	C	9.2	0
ERVL	DR0105238	KZ505852.1	122176	122241	+	6.1	0
ERVL	DR0105278	KZ505852.1	194272	194763	C	15.2	0
ERVL	DR0105315	KZ505852.1	244644	244823	+	20.6	0
ERVL	DR0105358	KZ505852.1	259233	259877	+	5.6	0
ERVL	DR0105278	KZ505852.1	314673	315209	+	16.8	0
ERVL	DR0105278	KZ505852.1	413790	414247	+	14.8	0
ERVL	DR0105338	KZ505852.1	492498	493483	+	20.7	0
ERVL	DR0105371	KZ505852.1	601452	602011	+	14.3	0
ERVL	DR0105312	KZ505852.1	610153	610545	C	19.2	0
ERVL	DR0105371	KZ505852.1	620536	620881	+	14.2	0
ERVL	DR0105295	KZ505853.1	8830	9077	+	20.2	0
ERVL	DR0105315	KZ505853.1	25617	25914	C	24.2	0
ERVL	DR0105338	KZ505853.1	85334	86081	C	27.9	0
ERV4	DR0105376	KZ505853.1	102051	102751	C	17.8	0
ERVL	DR0105338	KZ505853.1	108269	108414	C	18.0	0
ERVL	DR0105338	KZ505853.1	111546	111776	C	13.5	0
ERVL	DR0105261	KZ505853.1	111786	111902	C	15.4	0
ERVL	DR0105278	KZ505853.1	142988	143190	+	15.8	0
ERVL	DR0105338	KZ505853.1	147697	147861	+	18.3	0
ERVL	DR0105327	KZ505853.1	149733	150462	+	11.9	0
ERVL	DR0105315	KZ505853.1	202225	202530	+	19.3	0
ERVL	DR0105338	KZ505853.1	306402	306623	C	13.2	0
ERVL	DR0105261	KZ505853.1	306629	306979	C	14.6	0
ERV4	DR0105376	KZ505853.1	385630	385703	+	12.7	0
ERVL	DR0105238	KZ505853.1	392356	392395	+	15.0	0
ERVL	DR0105370	KZ505853.1	405651	406253	C	22.5	0
ERVL	DR0105370	KZ505853.1	456353	456413	+	14.8	0
ERVL	DR0105295	KZ505853.1	507593	507813	+	20.1	0
ERVL	DR0105315	KZ505853.1	507898	508004	+	22.8	0
ERVL	DR0105338	KZ505853.1	517315	517603	+	25.0	0
ERVL	DR0105338	KZ505853.1	555392	556174	C	23.6	0
ERVL	DR0105338	KZ505853.1	632123	633252	+	16.5	0
ERVL	DR0105261	KZ505853.1	665725	666128	+	14.5	0
ERVL	DR0105370	KZ505853.1	677922	678514	+	16.6	0
ERVL	DR0105370	KZ505853.1	716045	716349	C	16.0	0
ERVL	DR0105370	KZ505853.1	729866	729975	C	13.8	0
ERVL	DR0105370	KZ505854.1	44667	45256	C	12.2	0
ERVL	DR0105305	KZ505854.1	164664	164882	C	25.7	0
ERVL	DR0105358	KZ505854.1	198177	198823	C	6.7	0
ERVL	DR0105338	KZ505854.1	573247	573971	+	14.1	0
ERVL	DR0105338	KZ505855.1	35253	35405	C	25.8	0
ERV4	DR0105376	KZ505855.1	37593	38070	C	10.5	0
ERV4	DR0105376	KZ505855.1	38071	38421	+	7.8	0
ERVL	DR0105338	KZ505855.1	155224	155527	+	25.2	0
ERVL	DR0105338	KZ505855.1	155531	155702	+	22.2	0
ERVL	DR0105338	KZ505855.1	185652	186750	+	17.7	0
ERVL	DR0105370	KZ505855.1	194949	195541	C	24.2	0
ERVL	DR0105278	KZ505855.1	203865	204330	+	19.4	0
ERVL	DR0105315	KZ505855.1	236646	236988	C	22.1	0
ERVL	DR0105370	KZ505855.1	265330	265865	+	15.2	0
ERVL	DR0105338	KZ505855.1	293526	294089	+	14.7	0
ERVL	DR0105338	KZ505855.1	302219	303224	+	19.5	0
ERVL	DR0105371	KZ505855.1	324628	325188	+	16.3	0
ERV4	DR0105376	KZ505855.1	351325	352016	+	16.0	0
ERVL	DR0105338	KZ505855.1	357316	357746	C	13.5	0
ERVL	DR0105338	KZ505855.1	358141	358766	C	20.8	0
ERVL	DR0105370	KZ505855.1	418881	419160	C	13.6	0
ERVL	DR0105371	KZ505855.1	426634	427187	+	16.9	0
ERVL	DR0105327	KZ505855.1	427475	428191	+	11.1	0
ERVL	DR0105261	KZ505855.1	431432	431723	C	19.0	0
ERVL	DR0105294	KZ505855.1	454997	455597	C	7.1	0
ERVL	DR0105278	KZ505855.1	513237	513353	+	9.5	0
ERVL	DR0105315	KZ505855.1	534717	535302	+	21.8	0
ERVL	DR0105278	KZ505855.1	537243	537503	C	17.0	0
ERVL	DR0105312	KZ505855.1	540308	540691	C	18.5	0
ERVL	DR0105371	KZ505855.1	542770	543319	C	17.6	0
ERV1	DR0105342	KZ505855.1	550182	551234	C	16.0	0
ERV1	DR0105342	KZ505855.1	551249	551395	C	15.9	0
ERVL	DR0105238	KZ505855.1	559648	560030	C	10.2	0
ERVL	DR0105305	KZ505855.1	562055	562549	C	28.3	0
ERVL	DR0105338	KZ505855.1	562552	562849	C	29.2	0
ERVL	DR0105338	KZ505855.1	570401	570994	+	19.8	0
ERVL	DR0105338	KZ505855.1	591010	591786	+	24.7	0
ERVL	DR0105371	KZ505855.1	592206	592808	+	16.1	0
ERVL	DR0105278	KZ505855.1	611122	611634	+	16.0	0
ERVL	DR0105338	KZ505855.1	612791	613503	+	26.0	0
ERVL	DR0105294	KZ505855.1	640858	640900	+	11.6	0
ERVL	DR0105294	KZ505855.1	645210	645948	C	8.6	0
ERVL	DR0105371	KZ505855.1	662930	663504	+	15.1	0
ERVL	DR0105338	KZ505855.1	676707	677166	+	23.8	0
ERVL	DR0105338	KZ505855.1	696490	696732	+	28.9	0
ERVL	DR0105315	KZ505855.1	704096	704238	C	23.0	0
ERVL	DR0105295	KZ505855.1	704284	704553	C	23.3	0
ERVL	DR0105278	KZ505856.1	11012	11122	C	18.9	0
ERVL	DR0105315	KZ505856.1	75793	76323	C	23.9	0
ERVL	DR0105371	KZ505856.1	93780	94360	+	15.9	0
ERVL	DR0105278	KZ505856.1	122907	123178	C	14.6	0
ERVL	DR0105295	KZ505856.1	165488	165656	C	18.9	0
ERVL	DR0105370	KZ505856.1	165696	166238	+	17.1	0
ERVL	DR0105315	KZ505856.1	166241	166657	+	21.9	0
ERVL	DR0105338	KZ505856.1	176686	177059	+	22.1	0
ERVL	DR0105338	KZ505856.1	211848	212532	C	23.3	0
ERVL	DR0105327	KZ505856.1	216983	217176	C	8.1	0
ERVL	DR0105370	KZ505856.1	391375	391975	+	13.8	0
ERVL	DR0105371	KZ505856.1	481089	481236	C	14.3	0
ERVL	DR0105338	KZ505856.1	595463	596627	C	15.9	0
ERVL	DR0105370	KZ505856.1	691074	691652	C	18.2	0
ERVL	DR0105278	KZ505857.1	235584	235764	C	23.3	0
ERVL	DR0105370	KZ505857.1	289977	290572	C	12.0	0
ERVL	DR0105371	KZ505857.1	555768	556342	C	14.5	0
ERVL	DR0105338	KZ505857.1	575643	576545	C	16.4	0
ERVL	DR0105364	KZ505857.1	607412	608035	+	12.0	0
ERVL	DR0105261	KZ505857.1	732062	732347	C	16.1	0
ERVL	DR0105338	KZ505858.1	33110	34154	+	19.9	0
ERVL	DR0105305	KZ505858.1	78395	78689	C	26.1	0
ERVL	DR0105371	KZ505858.1	82576	83128	C	14.9	0
ERVL	DR0105370	KZ505858.1	132860	133456	C	12.7	0
ERVL	DR0105327	KZ505858.1	135525	135732	+	10.6	0
ERV4	DR0105376	KZ505858.1	138015	138502	C	13.6	0
ERVL	DR0105370	KZ505858.1	195959	196510	+	14.3	0
ERVL	DR0105278	KZ505858.1	224684	224944	+	17.2	0
ERVL	DR0105261	KZ505858.1	230286	230749	C	16.0	0
ERVL	DR0105338	KZ505858.1	263514	263755	+	13.4	0
ERVL	DR0105338	KZ505858.1	269564	270064	C	25.1	0
ERVL	DR0105278	KZ505858.1	270614	271133	C	15.9	0
ERVL	DR0105370	KZ505858.1	276517	277189	C	27.3	0
ERVL	DR0105371	KZ505858.1	282526	283010	+	16.7	0
ERVL	DR0105338	KZ505858.1	283460	283709	+	22.5	0
ERVL	DR0105238	KZ505858.1	300569	300663	+	7.5	0
ERVL	DR0105305	KZ505858.1	329599	330145	C	25.1	0
ERVL	DR0105370	KZ505858.1	355650	355998	+	22.4	0
ERVL	DR0105315	KZ505858.1	356495	356722	+	22.2	0
ERVL	DR0105371	KZ505858.1	361195	361335	C	21.0	0
ERVL	DR0105370	KZ505858.1	361413	361497	C	15.3	0
ERV1	DR0105321	KZ505858.1	392452	392664	C	24.9	0
ERVL	DR0105278	KZ505858.1	393986	394262	C	15.9	0
ERVL	DR0105338	KZ505858.1	400952	401948	+	21.9	0
ERVL	DR0105371	KZ505858.1	436003	436399	C	15.0	0
ERVL	DR0105371	KZ505858.1	469767	470337	+	13.9	0
ERVL	DR0105370	KZ505858.1	508050	508641	C	18.7	0
ERVL	DR0105370	KZ505858.1	526023	526645	+	23.6	0
ERVL	DR0105238	KZ505858.1	558323	558371	+	18.4	0
ERVL	DR0105312	KZ505858.1	589316	589627	+	41.8	0
ERVL	DR0105338	KZ505858.1	589706	590062	+	23.3	0
ERVL	DR0105371	KZ505858.1	593901	594465	+	15.1	0
ERVL	DR0105370	KZ505858.1	633674	633894	C	15.3	0
ERVL	DR0105261	KZ505858.1	643393	643782	+	20.2	0
ERVL	DR0105230	KZ505858.1	674878	675240	+	8.3	0
ERVL	DR0105371	KZ505858.1	690920	691479	+	17.2	0
ERV4	DR0105376	KZ505858.1	694291	694359	C	13.0	0
ERVL	DR0105294	KZ505858.1	704369	704669	C	14.3	0
ERVL	DR0105371	KZ505858.1	719695	720300	C	18.0	0
ERVL	DR0105315	KZ505858.1	733953	734525	C	24.2	0
ERVL	DR0105238	KZ505859.1	13870	14221	C	11.3	0
ERVL	DR0105338	KZ505859.1	89660	89721	+	16.1	0
ERVL	DR0105315	KZ505860.1	6838	7024	C	21.5	0
ERVL	DR0105295	KZ505860.1	7035	7236	C	14.4	0
ERVL	DR0105370	KZ505860.1	14247	14469	C	29.4	0
ERVL	DR0105370	KZ505860.1	14479	15033	C	17.5	0
ERV1	DR0105240	KZ505860.1	42035	42468	+	7.0	0
ERVL	DR0105338	KZ505860.1	337097	337356	+	15.4	0
ERVL	DR0105371	KZ505860.1	486674	487250	+	15.2	0
ERVL	DR0105358	KZ505860.1	654988	655037	C	2.0	0
ERVL	DR0105370	KZ505861.1	107707	108134	+	12.4	0
ERV1	DR0105321	KZ505861.1	152526	153267	C	14.0	0
ERVL	DR0105371	KZ505861.1	162402	162985	C	14.3	0
ERVL	DR0105364	KZ505861.1	198090	198120	+	21.9	0
ERVL	DR0105364	KZ505861.1	198303	198887	+	11.2	0
ERV4	DR0105376	KZ505861.1	476718	476916	C	7.6	0
ERVL	DR0105371	KZ505861.1	515337	515837	+	15.4	0
ERVL	DR0105371	KZ505861.1	545184	545300	C	21.7	0
ERVL	DR0105371	KZ505861.1	545442	546004	C	13.8	0
ERVL	DR0105370	KZ505861.1	566689	567285	C	11.5	0
ERVL	DR0105327	KZ505861.1	621085	621128	+	6.8	0
ERVL	DR0105338	KZ505861.1	692329	692555	C	21.5	0
ERVL	DR0105338	KZ505861.1	708276	709361	C	15.4	0
ERVL	DR0105278	KZ505862.1	91209	91714	+	13.0	0
ERVL	DR0105305	KZ505862.1	340971	341150	+	28.8	0
ERVL	DR0105305	KZ505862.1	341500	341649	+	20.0	0
ERV4	DR0105376	KZ505862.1	346386	347091	C	8.5	0
ERVL	DR0105371	KZ505862.1	377307	377404	+	10.2	0
ERVL	DR0105358	KZ505862.1	526359	527004	+	7.4	0
ERV1	DR0105240	KZ505863.1	213836	213961	C	22.9	0
ERVL	DR0105278	KZ505863.1	216660	217179	+	16.1	0
ERVL	DR0105371	KZ505863.1	228387	228917	+	11.9	0
ERVL	DR0105278	KZ505863.1	258994	259536	+	14.8	0
ERVL	DR0105364	KZ505863.1	593521	593921	+	13.5	0
ERVL	DR0105364	KZ505863.1	594105	594360	+	9.8	0
ERVL	DR0105278	KZ505863.1	714085	714608	+	17.2	0
ERVL	DR0105338	KZ505863.1	716058	716789	+	19.9	0
ERVL	DR0105364	KZ505864.1	183455	184044	+	12.9	0
ERVL	DR0105278	KZ505864.1	275083	275589	+	14.6	0
ERVL	DR0105370	KZ505864.1	314529	315078	C	21.9	0
ERVL	DR0105238	KZ505864.1	316923	317673	C	12.8	0
ERV1	DR0105240	KZ505865.1	84326	84360	+	5.7	0
ERVL	DR0105238	KZ505865.1	111131	111902	+	18.4	0
ERV1	DR0105342	KZ505865.1	120844	121115	C	23.7	0
ERVL	DR0105358	KZ505865.1	135593	136229	C	9.3	0
ERVL	DR0105338	KZ505865.1	275919	276143	+	30.1	0
ERVL	DR0105338	KZ505865.1	276151	276320	+	18.9	0
ERVL	DR0105338	KZ505865.1	294399	294607	+	26.8	0
ERV4	DR0105376	KZ505865.1	387865	388562	C	22.6	0
ERVL	DR0105232	KZ505865.1	388693	390207	+	26.3	0
ERV4	DR0105376	KZ505865.1	391608	391715	+	18.5	0
ERVL	DR0105370	KZ505865.1	392846	393898	+	21.2	0
ERV4	DR0105376	KZ505865.1	410248	410704	+	17.6	0
ERV1	DR0105342	KZ505865.1	450470	451196	+	18.6	0
ERV1	DR0105342	KZ505865.1	451285	451689	+	17.2	0
ERVL	DR0105370	KZ505865.1	456478	457066	+	17.1	0
ERVL	DR0105312	KZ505865.1	546595	547087	+	33.0	0
ERV4	DR0105376	KZ505865.1	553503	553703	+	8.6	0
ERVL	DR0105338	KZ505865.1	560361	560455	C	14.2	0
ERVL	DR0105312	KZ505865.1	560621	560999	+	18.5	0
ERVL	DR0105312	KZ505865.1	564678	565294	C	22.3	0
ERVL	DR0105315	KZ505865.1	565817	566345	C	22.1	0
ERVL	DR0105312	KZ505865.1	606706	610611	+	14.2	0
ERVL	DR0105294	KZ505865.1	661205	661361	+	19.6	0
ERV1	DR0105321	KZ505865.1	710140	710971	+	12.8	0
ERVL	DR0105371	KZ505866.1	534835	535414	+	14.2	0
ERVL	DR0105278	KZ505866.1	538088	538140	+	15.1	0
ERVL	DR0105371	KZ505866.1	550438	551021	C	13.3	0
ERVL	DR0105278	KZ505866.1	551415	552116	C	22.4	0
ERVL	DR0105338	KZ505866.1	574385	574552	C	11.8	0
ERVL	DR0105338	KZ505866.1	574553	574669	C	21.4	0
ERVL	DR0105370	KZ505866.1	593350	593424	+	20.0	0
ERVL	DR0105305	KZ505866.1	644983	645235	+	24.4	0
ERVL	DR0105305	KZ505866.1	645395	645729	+	26.0	0
ERVL	DR0105338	KZ505866.1	702415	702900	C	17.8	0
ERVL	DR0105338	KZ505866.1	703389	703489	C	19.6	0
ERVL	DR0105261	KZ505867.1	128298	128393	C	5.2	0
ERVL	DR0105261	KZ505867.1	128411	129402	C	17.0	0
ERVL	DR0105305	KZ505867.1	149263	149455	+	32.5	0
ERVL	DR0105371	KZ505867.1	451147	451543	+	12.6	0
ERVL	DR0105371	KZ505867.1	598653	599177	C	14.3	0
ERVL	DR0105278	KZ505868.1	51442	51871	+	16.0	0
ERVL	DR0105370	KZ505868.1	441036	441638	C	14.3	0
ERV1	DR0105342	KZ505868.1	565129	565361	C	26.7	0
ERVL	DR0105338	KZ505868.1	570273	571374	C	14.1	0
ERV1	DR0105321	KZ505868.1	675496	675800	C	25.3	0
ERVL	DR0105278	KZ505868.1	691508	691656	+	18.6	0
ERVL	DR0105338	KZ505868.1	699673	700027	+	21.1	0
ERVL	DR0105327	KZ505869.1	20785	21511	C	10.8	0
ERVL	DR0105278	KZ505869.1	40742	41294	C	15.9	0
ERVL	DR0105338	KZ505869.1	62607	63612	+	18.2	0
ERVL	DR0105278	KZ505869.1	65683	66176	C	22.7	0
ERVL	DR0105341	KZ505869.1	94561	94964	C	9.6	0
ERVL	DR0105358	KZ505869.1	124345	124986	+	5.5	0
ERVL	DR0105315	KZ505869.1	139843	140400	+	26.5	0
ERVL	DR0105278	KZ505869.1	155517	156564	C	21.0	0
ERVL	DR0105238	KZ505869.1	257221	257427	C	7.3	0
ERVL	DR0105341	KZ505869.1	286891	287073	C	6.6	0
ERVL	DR0105338	KZ505869.1	297190	298235	C	24.2	0
ERVL	DR0105294	KZ505869.1	305820	306573	C	11.1	0
ERVL	DR0105371	KZ505869.1	320400	320963	+	15.5	0
ERVL	DR0105358	KZ505869.1	388786	389219	C	7.8	0
ERVL	DR0105238	KZ505869.1	429841	430603	+	11.5	0
ERVL	DR0105338	KZ505869.1	431682	432025	+	20.9	0
ERVL	DR0105341	KZ505869.1	446514	446927	C	9.8	0
ERVL	DR0105238	KZ505869.1	450425	450517	+	9.1	0
ERVL	DR0105370	KZ505869.1	454315	454895	C	19.4	0
ERVL	DR0105338	KZ505869.1	460301	461257	+	23.1	0
ERVL	DR0105326	KZ505869.1	474510	474825	C	16.6	0
ERVL	DR0105370	KZ505869.1	474836	475161	C	17.2	0
ERVL	DR0105370	KZ505869.1	540793	541392	+	21.1	0
ERVL	DR0105312	KZ505869.1	570871	571184	C	16.0	0
ERVL	DR0105341	KZ505869.1	605446	605860	C	11.1	0
ERVL	DR0105371	KZ505869.1	607077	607121	+	13.3	0
ERVL	DR0105278	KZ505869.1	608506	608961	+	16.9	0
ERVL	DR0105341	KZ505869.1	640847	641247	+	10.9	0
ERVL	DR0105294	KZ505870.1	1	108	+	19.4	0
ERVL	DR0105305	KZ505870.1	22345	22534	C	26.6	0
ERVL	DR0105261	KZ505870.1	64017	64778	C	16.0	0
ERVL	DR0105338	KZ505870.1	102758	103735	+	20.2	0
ERVL	DR0105358	KZ505870.1	156465	157094	C	55.1	0
ERVL	DR0105278	KZ505870.1	193024	193564	+	12.3	0
ERVL	DR0105278	KZ505870.1	335592	336089	+	18.1	0
ERVL	DR0105278	KZ505870.1	411043	411585	C	16.3	0
ERVL	DR0105338	KZ505870.1	454050	455073	+	18.3	0
ERV1	DR0105342	KZ505870.1	462017	462118	+	21.0	0
ERV1	DR0105342	KZ505870.1	462324	462509	+	26.1	0
ERV1	DR0105321	KZ505870.1	508697	508758	+	6.5	0
ERVL	DR0105338	KZ505870.1	520822	521573	C	26.6	0
ERVL	DR0105358	KZ505870.1	561200	561880	C	9.4	0
ERV1	DR0105321	KZ505870.1	583335	584173	C	44.6	0
ERVL	DR0105370	KZ505870.1	662513	662858	+	14.5	0
ERVL	DR0105358	KZ505870.1	684963	685304	C	6.7	0
ERV1	DR0105321	KZ505870.1	698111	698939	C	11.5	0
ERVL	DR0105315	KZ505871.1	4261	4439	+	23.3	0
ERVL	DR0105371	KZ505871.1	244920	245523	C	17.9	0
ERVL	DR0105370	KZ505871.1	280158	280739	C	13.3	0
ERVL	DR0105338	KZ505871.1	295906	296329	C	24.4	0
ERVL	DR0105294	KZ505871.1	405505	405971	C	8.8	0
ERVL	DR0105358	KZ505871.1	606067	606712	C	3.6	0
ERVL	DR0105370	KZ505871.1	643042	643616	C	14.1	0
ERVL	DR0105230	KZ505872.1	60008	60075	+	8.8	0
ERVL	DR0105358	KZ505872.1	112429	113099	+	68.7	0
ERVL	DR0105338	KZ505872.1	128851	128904	C	13.0	0
ERV1	DR0105240	KZ505872.1	301331	301365	+	8.6	0
ERVL	DR0105338	KZ505872.1	329429	329486	+	15.5	0
ERVL	DR0105338	KZ505872.1	329491	329843	+	14.0	0
ERVL	DR0105370	KZ505872.1	366323	366438	C	23.5	0
ERVL	DR0105315	KZ505872.1	553097	553152	+	3.6	0
ERVL	DR0105371	KZ505872.1	553164	553609	+	13.8	0
ERVL	DR0105371	KZ505872.1	599706	599920	C	17.4	0
ERVL	DR0105295	KZ505872.1	599921	600149	C	16.2	0
ERVL	DR0105338	KZ505872.1	613616	614678	+	15.7	0
ERV1	DR0105321	KZ505873.1	177794	177859	C	14.5	0
ERVL	DR0105338	KZ505873.1	482372	483468	+	18.2	0
ERVL	DR0105305	KZ505873.1	691677	692457	+	28.2	0
ERVL	DR0105370	KZ505874.1	118656	119242	C	13.8	0
ERVL	DR0105338	KZ505874.1	510306	510873	C	21.7	0
ERVL	DR0105370	KZ505874.1	670589	671153	C	15.9	0
ERVL	DR0105338	KZ505874.1	677307	677479	+	14.5	0
ERVL	DR0105370	KZ505874.1	682471	683081	C	14.9	0
ERVL	DR0105370	KZ505875.1	262952	263502	+	19.2	0
ERVL	DR0105338	KZ505875.1	361447	361640	C	11.9	0
ERVL	DR0105370	KZ505875.1	560332	560893	C	15.9	0
ERVL	DR0105371	KZ505875.1	627222	627784	C	14.2	0
ERVL	DR0105315	KZ505875.1	643310	643866	+	22.4	0
ERVL	DR0105278	KZ505875.1	667376	667573	C	13.7	0
ERV1	DR0105321	KZ505875.1	674564	674583	C	18.7	0
ERVL	DR0105278	KZ505875.1	674584	675141	+	16.8	0
ERVL	DR0105278	KZ505875.1	684452	684669	+	10.1	0
ERV4	DR0105376	KZ505876.1	69818	70168	+	10.7	0
ERV1	DR0105321	KZ505876.1	75664	76510	+	9.8	0
ERVL	DR0105338	KZ505876.1	83435	84535	C	15.5	0
ERVL	DR0105294	KZ505876.1	86413	87158	C	8.8	0
ERVL	DR0105278	KZ505876.1	90339	90858	+	16.7	0
ERVL	DR0105305	KZ505876.1	106722	107379	C	22.7	0
ERV1	DR0105321	KZ505876.1	107773	108280	C	8.4	0
ERVL	DR0105261	KZ505876.1	415221	415409	C	16.0	0
ERVL	DR0105371	KZ505876.1	477804	478386	C	14.7	0
ERVL	DR0105278	KZ505876.1	630834	631376	+	14.3	0
ERVL	DR0105294	KZ505877.1	1	73	+	17.8	0
ERVL	DR0105370	KZ505877.1	68635	69229	C	12.2	0
ERVL	DR0105338	KZ505877.1	255180	256182	C	17.7	0
ERVL	DR0105261	KZ505877.1	332302	332585	C	18.2	0
ERVL	DR0105305	KZ505877.1	423422	423508	+	28.6	0
ERVL	DR0105305	KZ505877.1	423888	424010	+	21.1	0
ERVL	DR0105370	KZ505878.1	54238	54799	C	22.3	0
ERV1	DR0105321	KZ505878.1	213204	214002	+	11.2	0
ERVL	DR0105371	KZ505878.1	225122	225668	+	13.0	0
ERVL	DR0105370	KZ505878.1	409572	409693	C	25.4	0
ERVL	DR0105315	KZ505878.1	491126	491524	C	17.8	0
ERVL	DR0105278	KZ505878.1	495909	496408	C	13.1	0
ERVL	DR0105364	KZ505878.1	593987	594218	+	11.3	0
ERVL	DR0105278	KZ505878.1	596385	596922	C	13.1	0
ERVL	DR0105370	KZ505878.1	600355	600408	C	18.5	0
ERVL	DR0105315	KZ505878.1	649517	649667	C	20.7	0
ERVL	DR0105238	KZ505879.1	361893	362650	+	11.1	0
ERVL	DR0105305	KZ505879.1	422408	422654	C	20.3	0
ERVL	DR0105230	KZ505879.1	444913	445524	C	6.7	0
ERVL	DR0105371	KZ505879.1	450851	451421	C	15.2	0
ERVL	DR0105278	KZ505880.1	40545	40706	+	10.9	0
ERVL	DR0105278	KZ505880.1	138704	139129	C	19.3	0
ERVL	DR0105278	KZ505880.1	142967	143487	C	14.3	0
ERVL	DR0105370	KZ505881.1	19663	19747	+	12.9	0
ERVL	DR0105371	KZ505881.1	257466	258023	+	12.9	0
ERVL	DR0105370	KZ505881.1	275864	276446	+	17.3	0
ERVL	DR0105370	KZ505881.1	300752	301330	+	13.5	0
ERV1	DR0105225	KZ505881.1	309314	309360	+	21.3	0
ERVL	DR0105370	KZ505881.1	396968	397579	C	17.4	0
ERVL	DR0105326	KZ505881.1	411601	412188	C	16.0	0
ERVL	DR0105278	KZ505882.1	170297	170793	+	18.6	0
ERVL	DR0105371	KZ505882.1	235324	235665	C	18.6	0
ERVL	DR0105370	KZ505882.1	266335	266920	C	17.1	0
ERVL	DR0105232	KZ505882.1	367536	367906	C	16.2	0
ERVL	DR0105315	KZ505882.1	372541	372759	+	20.8	0
ERVL	DR0105371	KZ505882.1	376818	377383	+	15.4	0
ERVL	DR0105370	KZ505882.1	395197	395433	C	16.1	0
ERVL	DR0105358	KZ505882.1	448874	449486	C	49.5	0
ERVL	DR0105338	KZ505882.1	456242	457199	+	19.1	0
ERVL	DR0105370	KZ505882.1	571872	572446	C	13.8	0
ERVL	DR0105371	KZ505882.1	666859	667445	C	14.2	0
ERVL	DR0105370	KZ505883.1	128311	128901	+	12.6	0
ERVL	DR0105327	KZ505883.1	174080	174457	+	7.7	0
ERVL	DR0105315	KZ505883.1	196093	196655	C	23.1	0
ERVL	DR0105358	KZ505883.1	230052	230691	C	10.2	0
ERVL	DR0105294	KZ505883.1	283254	283427	C	10.9	0
ERVL	DR0105338	KZ505883.1	315859	316974	+	17.6	0
ERVL	DR0105370	KZ505883.1	340958	341419	C	16.3	0
ERVL	DR0105338	KZ505883.1	372782	373926	+	17.3	0
ERVL	DR0105338	KZ505883.1	388008	389081	C	17.0	0
ERVL	DR0105278	KZ505883.1	389242	389717	C	18.3	0
ERVL	DR0105371	KZ505883.1	396154	396217	+	18.8	0
ERVL	DR0105370	KZ505883.1	396258	396303	+	8.7	0
ERVL	DR0105370	KZ505883.1	396315	397377	+	15.7	0
ERVL	DR0105338	KZ505883.1	399716	400775	+	18.2	0
ERVL	DR0105370	KZ505883.1	429235	429816	C	24.0	0
ERVL	DR0105370	KZ505883.1	532780	533350	+	24.1	0
ERVL	DR0105370	KZ505883.1	547075	547646	C	23.7	0
ERV4	DR0105376	KZ505883.1	586032	586744	C	17.5	0
ERVL	DR0105238	KZ505883.1	656100	656244	C	7.6	0
ERVL	DR0105338	KZ505883.1	661957	662703	C	22.2	0
ERVL	DR0105371	KZ505884.1	105128	105617	+	12.3	0
ERVL	DR0105338	KZ505884.1	163954	164960	C	20.9	0
ERVL	DR0105261	KZ505884.1	217908	218998	+	13.3	0
ERVL	DR0105278	KZ505884.1	258461	258574	+	18.3	0
ERVL	DR0105338	KZ505884.1	347571	347753	+	24.7	0
ERVL	DR0105278	KZ505884.1	386278	386813	C	16.3	0
ERVL	DR0105371	KZ505884.1	391496	391741	+	14.7	0
ERVL	DR0105371	KZ505884.1	401700	402251	C	15.4	0
ERVL	DR0105338	KZ505884.1	455060	455219	+	21.2	0
ERV1	DR0105240	KZ505884.1	469491	470161	C	9.2	0
ERVL	DR0105295	KZ505884.1	479834	480056	+	19.3	0
ERVL	DR0105370	KZ505884.1	484230	484799	+	12.7	0
ERVL	DR0105338	KZ505884.1	525763	525965	+	9.8	0
ERVL	DR0105370	KZ505884.1	539845	540033	+	24.2	0
ERV1	DR0105240	KZ505884.1	561566	562134	C	17.8	0
ERVL	DR0105295	KZ505884.1	621873	622398	+	18.9	0
ERVL	DR0105338	KZ505885.1	2346	3369	+	17.4	0
ERVL	DR0105315	KZ505885.1	127012	127583	C	23.6	0
ERVL	DR0105338	KZ505885.1	201564	202369	C	19.8	0
ERVL	DR0105338	KZ505885.1	270386	270819	C	27.8	0
ERVL	DR0105338	KZ505885.1	270839	271132	C	33.1	0
ERVL	DR0105370	KZ505885.1	281383	282087	+	15.2	0
ERVL	DR0105370	KZ505885.1	389748	390338	+	14.0	0
ERVL	DR0105294	KZ505885.1	406210	406941	C	9.4	0
ERVL	DR0105371	KZ505886.1	53683	54241	+	13.9	0
ERVL	DR0105364	KZ505886.1	147976	148622	C	11.6	0
ERVL	DR0105338	KZ505886.1	317347	318465	C	16.1	0
ERVL	DR0105315	KZ505886.1	390576	391153	+	21.7	0
ERVL	DR0105338	KZ505886.1	408788	408870	C	23.3	0
ERVL	DR0105338	KZ505886.1	408907	409065	C	16.4	0
ERVL	DR0105305	KZ505886.1	499046	499700	+	22.6	0
ERVL	DR0105358	KZ505886.1	504517	505157	+	60.7	0
ERVL	DR0105338	KZ505886.1	507287	507737	C	21.9	0
ERVL	DR0105371	KZ505886.1	519929	520494	C	16.6	0
ERVL	DR0105341	KZ505886.1	650965	651344	+	19.5	0
ERVL	DR0105295	KZ505886.1	660684	660813	C	13.8	0
ERVL	DR0105371	KZ505886.1	670055	670627	C	19.1	0
ERVL	DR0105305	KZ505886.1	672904	673085	+	22.7	0
ERVL	DR0105315	KZ505887.1	22438	22980	C	20.6	0
ERV4	DR0105376	KZ505887.1	27014	27508	C	13.8	0
ERVL	DR0105338	KZ505887.1	71878	72281	+	22.4	0
ERVL	DR0105338	KZ505887.1	90174	91260	C	18.7	0
ERVL	DR0105315	KZ505887.1	105555	105785	C	22.3	0
ERVL	DR0105338	KZ505887.1	132072	133113	C	21.0	0
ERVL	DR0105338	KZ505887.1	207325	208439	C	16.8	0
ERVL	DR0105305	KZ505887.1	211522	211806	C	25.1	0
ERVL	DR0105338	KZ505887.1	220160	220977	+	25.0	0
ERVL	DR0105364	KZ505887.1	225736	226356	+	14.1	0
ERVL	DR0105338	KZ505887.1	315162	316260	+	20.6	0
ERVL	DR0105370	KZ505887.1	336583	337176	C	15.6	0
ERVL	DR0105305	KZ505887.1	340356	340480	+	20.8	0
ERVL	DR0105370	KZ505887.1	361342	361619	+	20.2	0
ERVL	DR0105364	KZ505887.1	373678	374286	+	12.6	0
ERVL	DR0105338	KZ505887.1	410823	410997	+	17.9	0
ERVL	DR0105370	KZ505887.1	432313	432460	C	19.6	0
ERVL	DR0105294	KZ505887.1	436440	437179	C	9.7	0
ERVL	DR0105338	KZ505887.1	479037	479871	C	25.0	0
ERVL	DR0105278	KZ505887.1	521757	521982	+	14.7	0
ERVL	DR0105338	KZ505887.1	550464	551222	+	24.4	0
ERVL	DR0105370	KZ505887.1	596361	596944	C	16.5	0
ERVL	DR0105338	KZ505887.1	661364	661667	C	21.1	0
ERVL	DR0105338	KZ505887.1	661692	661748	C	21.1	0
ERV1	DR0105321	KZ505888.1	4526	5375	C	10.2	0
ERVL	DR0105295	KZ505888.1	60322	60834	C	23.0	0
ERVL	DR0105371	KZ505888.1	79758	80006	C	12.8	0
ERVL	DR0105371	KZ505888.1	83774	84113	+	11.9	0
ERVL	DR0105338	KZ505888.1	146306	147006	+	16.2	0
ERVL	DR0105364	KZ505888.1	341759	342395	C	12.2	0
ERV1	DR0105342	KZ505888.1	433353	433610	C	20.2	0
ERVL	DR0105294	KZ505888.1	560897	561635	+	12.5	0
ERVL	DR0105327	KZ505889.1	485816	486555	C	9.0	0
ERVL	DR0105370	KZ505890.1	19334	19863	C	14.0	0
ERVL	DR0105371	KZ505890.1	49719	49801	C	12.1	0
ERVL	DR0105371	KZ505890.1	49803	49887	C	11.9	0
ERVL	DR0105371	KZ505890.1	62979	63535	C	15.6	0
ERVL	DR0105338	KZ505890.1	73427	74526	C	24.3	0
ERVL	DR0105315	KZ505890.1	101743	102083	+	21.6	0
ERVL	DR0105305	KZ505890.1	115723	116233	C	24.2	0
ERVL	DR0105305	KZ505891.1	108461	108658	C	21.9	0
ERVL	DR0105341	KZ505891.1	331777	332175	+	13.2	0
ERVL	DR0105312	KZ505891.1	421474	422298	+	20.9	0
ERVL	DR0105312	KZ505891.1	423311	423799	+	13.5	0
ERVL	DR0105312	KZ505891.1	424252	425626	+	17.4	0
ERVL	DR0105358	KZ505891.1	426230	426671	+	4.5	0
ERVL	DR0105238	KZ505891.1	427419	428141	+	12.6	0
ERVL	DR0105278	KZ505891.1	437514	437950	+	16.8	0
ERVL	DR0105278	KZ505891.1	538372	538883	+	14.4	0
ERVL	DR0105294	KZ505891.1	557472	557524	+	11.3	0
ERVL	DR0105278	KZ505891.1	638036	638524	+	15.6	0
ERVL	DR0105370	KZ505892.1	475412	476009	C	12.1	0
ERVL	DR0105305	KZ505892.1	529566	529811	+	28.2	0
ERVL	DR0105305	KZ505892.1	529851	530075	+	16.9	0
ERVL	DR0105370	KZ505892.1	544044	544591	C	25.2	0
ERV1	DR0105342	KZ505892.1	614851	615246	+	17.9	0
ERVL	DR0105371	KZ505892.1	619450	620022	C	13.1	0
ERVL	DR0105370	KZ505892.1	626339	626933	C	14.9	0
ERVL	DR0105294	KZ505893.1	19354	20075	+	9.6	0
ERVL	DR0105278	KZ505893.1	130196	130370	C	15.0	0
ERVL	DR0105238	KZ505893.1	472809	473546	+	10.4	0
ERVL	DR0105371	KZ505893.1	478654	478925	C	13.0	0
ERVL	DR0105294	KZ505893.1	546614	547071	C	9.7	0
ERVL	DR0105364	KZ505894.1	141793	142429	+	12.0	0
ERVL	DR0105338	KZ505894.1	297444	298561	C	15.8	0
ERVL	DR0105370	KZ505894.1	359512	360076	+	15.7	0
ERVL	DR0105370	KZ505894.1	497298	497950	+	24.8	0
ERVL	DR0105370	KZ505895.1	30442	30990	C	13.2	0
ERVL	DR0105371	KZ505895.1	60813	61216	+	17.1	0
ERVL	DR0105370	KZ505895.1	83115	83695	+	13.8	0
ERVL	DR0105371	KZ505895.1	103108	103677	+	14.5	0
ERVL	DR0105338	KZ505895.1	254968	255229	+	22.2	0
ERVL	DR0105338	KZ505895.1	255766	256320	+	22.7	0
ERVL	DR0105278	KZ505895.1	317546	318047	+	19.5	0
ERVL	DR0105315	KZ505895.1	399857	400401	+	24.5	0
ERVL	DR0105294	KZ505895.1	442499	443248	+	8.5	0
ERVL	DR0105371	KZ505895.1	457406	457984	+	13.8	0
ERVL	DR0105338	KZ505896.1	3891	4084	C	11.9	0
ERVL	DR0105338	KZ505896.1	4739	4903	C	15.8	0
ERVL	DR0105261	KZ505896.1	130547	130906	C	14.6	0
ERVL	DR0105278	KZ505896.1	181200	181358	C	17.8	0
ERVL	DR0105278	KZ505896.1	181389	181443	C	14.6	0
ERVL	DR0105364	KZ505896.1	245374	245996	+	10.9	0
ERVL	DR0105295	KZ505896.1	286104	286633	+	24.4	0
ERVL	DR0105278	KZ505896.1	334657	335145	+	15.4	0
ERVL	DR0105370	KZ505896.1	576361	576593	+	25.8	0
ERVL	DR0105315	KZ505896.1	630785	631374	+	24.1	0
ERVL	DR0105370	KZ505896.1	635678	636283	+	16.7	0
ERV4	DR0105376	KZ505897.1	6693	6996	C	4.3	0
ERVL	DR0105370	KZ505897.1	359319	359916	C	12.2	0
ERVL	DR0105358	KZ505897.1	411674	412318	C	5.1	0
ERVL	DR0105364	KZ505897.1	600701	600870	C	10.0	0
ERVL	DR0105364	KZ505897.1	600930	601366	C	13.8	0
ERVL	DR0105338	KZ505898.1	265438	266195	C	19.1	0
ERVL	DR0105278	KZ505898.1	439984	440499	C	16.4	0
ERVL	DR0105370	KZ505898.1	521607	522197	C	13.0	0
ERVL	DR0105261	KZ505898.1	562439	562535	+	17.6	0
ERVL	DR0105261	KZ505898.1	580792	581378	+	19.4	0
ERVL	DR0105305	KZ505899.1	27578	27804	+	26.6	0
ERVL	DR0105305	KZ505899.1	27999	28386	+	22.1	0
ERVL	DR0105315	KZ505899.1	38939	39310	+	20.3	0
ERVL	DR0105305	KZ505899.1	48890	49545	+	24.4	0
ERVL	DR0105371	KZ505899.1	121252	121818	C	15.3	0
ERVL	DR0105371	KZ505899.1	216613	216859	+	12.2	0
ERVL	DR0105327	KZ505899.1	319117	319551	C	16.3	0
ERVL	DR0105358	KZ505899.1	460246	460874	C	65.7	0
ERVL	DR0105371	KZ505899.1	596484	596568	C	20.1	0
ERVL	DR0105370	KZ505899.1	638839	639427	C	13.0	0
ERVL	DR0105278	KZ505900.1	44852	44902	+	7.8	0
ERVL	DR0105315	KZ505900.1	59571	59647	C	14.3	0
ERVL	DR0105278	KZ505900.1	594254	594761	C	14.7	0
ERVL	DR0105338	KZ505900.1	627466	628460	+	23.4	0
ERVL	DR0105278	KZ505901.1	279	1413	+	18.8	0
ERVL	DR0105278	KZ505901.1	60212	60728	+	13.9	0
ERVL	DR0105338	KZ505901.1	179264	179534	C	19.4	0
ERVL	DR0105230	KZ505901.1	277236	277282	C	14.9	0
ERVL	DR0105371	KZ505901.1	305047	305619	+	13.5	0
ERV4	DR0105376	KZ505901.1	524828	525573	+	6.3	0
ERVL	DR0105278	KZ505902.1	173854	174038	C	15.2	0
ERVL	DR0105364	KZ505902.1	228520	229123	C	12.3	0
ERVL	DR0105315	KZ505902.1	341268	341458	+	22.5	0
ERVL	DR0105315	KZ505902.1	341538	341682	+	20.6	0
ERVL	DR0105315	KZ505902.1	366524	367100	C	24.9	0
ERVL	DR0105315	KZ505902.1	460790	461228	C	22.0	0
ERVL	DR0105278	KZ505902.1	493705	494220	C	15.7	0
ERVL	DR0105371	KZ505902.1	494241	494717	+	14.2	0
ERVL	DR0105338	KZ505902.1	507492	508316	+	21.5	0
ERVL	DR0105370	KZ505902.1	547241	547844	+	16.9	0
ERVL	DR0105358	KZ505902.1	581985	582512	C	11.1	0
ERVL	DR0105338	KZ505903.1	36211	36353	+	14.0	0
ERVL	DR0105261	KZ505903.1	36354	36577	+	12.5	0
ERVL	DR0105315	KZ505903.1	231091	231619	C	22.2	0
ERVL	DR0105238	KZ505903.1	275390	275468	C	16.1	0
ERVL	DR0105238	KZ505903.1	275910	276062	C	7.2	0
ERVL	DR0105305	KZ505903.1	337848	337995	+	22.4	0
ERVL	DR0105370	KZ505903.1	355399	356163	+	19.0	0
ERV1	DR0105321	KZ505904.1	54450	54601	C	4.1	0
ERVL	DR0105230	KZ505904.1	410948	411012	+	12.3	0
ERV1	DR0105321	KZ505904.1	421592	421933	+	23.7	0
ERVL	DR0105338	KZ505904.1	447893	448958	C	16.2	0
ERVL	DR0105370	KZ505904.1	478712	479279	C	15.0	0
ERVL	DR0105278	KZ505904.1	521342	521846	+	18.0	0
ERVL	DR0105305	KZ505904.1	526650	527359	+	26.0	0
ERVL	DR0105338	KZ505905.1	202470	202719	+	23.7	0
ERVL	DR0105370	KZ505905.1	215195	215742	C	17.1	0
ERVL	DR0105261	KZ505905.1	335333	336001	+	16.2	0
ERVL	DR0105238	KZ505905.1	449798	450554	C	10.2	0
ERVL	DR0105371	KZ505906.1	56918	57148	+	16.9	0
ERVL	DR0105370	KZ505906.1	57389	57757	+	14.3	0
ERVL	DR0105338	KZ505906.1	111714	112297	C	15.0	0
ERVL	DR0105305	KZ505906.1	516164	516796	C	26.0	0
ERVL	DR0105370	KZ505906.1	539228	539542	C	15.7	0
ERVL	DR0105278	KZ505906.1	545957	546400	C	16.2	0
ERVL	DR0105315	KZ505906.1	600904	601385	+	23.8	0
ERVL	DR0105295	KZ505906.1	611233	611449	C	15.8	0
ERVL	DR0105338	KZ505906.1	618314	619099	C	24.7	0
ERVL	DR0105338	KZ505907.1	230761	231873	C	16.5	0
ERVL	DR0105315	KZ505907.1	334802	335312	C	23.7	0
ERVL	DR0105278	KZ505907.1	563362	563881	+	17.2	0
ERVL	DR0105315	KZ505907.1	575566	575645	+	12.5	0
ERV1	DR0105225	KZ505908.1	99873	99917	C	20.0	0
ERVL	DR0105305	KZ505908.1	112990	113110	+	28.1	0
ERVL	DR0105305	KZ505908.1	113133	113655	+	22.7	0
ERVL	DR0105295	KZ505908.1	204173	204640	C	22.6	0
ERVL	DR0105315	KZ505908.1	251836	252409	C	23.7	0
ERVL	DR0105370	KZ505908.1	269736	271019	+	18.4	0
ERVL	DR0105370	KZ505908.1	271382	272072	+	15.7	0
ERVL	DR0105326	KZ505908.1	272087	272172	+	19.8	0
ERVL	DR0105278	KZ505908.1	285779	286061	C	17.6	0
ERVL	DR0105358	KZ505908.1	495719	496363	+	4.2	0
ERVL	DR0105358	KZ505908.1	503778	504423	+	6.0	0
ERVL	DR0105371	KZ505909.1	50734	51176	C	14.8	0
ERVL	DR0105338	KZ505909.1	175425	175873	C	22.7	0
ERVL	DR0105238	KZ505909.1	240573	240692	C	7.6	0
ERVL	DR0105371	KZ505909.1	310455	311029	+	15.0	0
ERVL	DR0105358	KZ505909.1	330094	330300	C	4.4	0
ERVL	DR0105371	KZ505909.1	335342	335912	C	13.6	0
ERVL	DR0105371	KZ505909.1	402171	402731	C	13.0	0
ERVL	DR0105338	KZ505909.1	544532	544578	+	14.9	0
ERVL	DR0105312	KZ505910.1	5086	5208	+	35.0	0
ERVL	DR0105370	KZ505910.1	18596	19034	C	13.2	0
ERVL	DR0105305	KZ505910.1	35815	35951	+	28.2	0
ERV1	DR0105240	KZ505910.1	52673	52788	+	21.4	0
ERVL	DR0105338	KZ505910.1	108856	109137	C	24.7	0
ERVL	DR0105338	KZ505910.1	109666	110353	C	26.5	0
ERVL	DR0105370	KZ505910.1	111778	111927	+	15.3	0
ERVL	DR0105315	KZ505910.1	115561	116029	C	22.6	0
ERVL	DR0105338	KZ505910.1	128965	129501	+	20.2	0
ERVL	DR0105358	KZ505910.1	162536	162790	+	16.6	0
ERVL	DR0105338	KZ505910.1	253534	253686	+	21.1	0
ERVL	DR0105338	KZ505910.1	254179	254716	+	17.9	0
ERV1	DR0105321	KZ505910.1	408262	408738	C	15.3	0
ERVL	DR0105294	KZ505910.1	455236	455948	+	10.8	0
ERV4	DR0105376	KZ505910.1	481341	482070	+	5.6	0
ERV4	DR0105376	KZ505910.1	482535	482862	+	16.2	0
ERVL	DR0105371	KZ505910.1	504331	504887	C	12.4	0
ERVL	DR0105295	KZ505910.1	525629	526102	+	13.8	0
ERV1	DR0105240	KZ505910.1	548630	549291	C	8.8	0
ERVL	DR0105238	KZ505910.1	572541	573068	+	9.9	0
ERVL	DR0105232	KZ505910.1	590143	590534	+	18.6	0
ERVL	DR0105312	KZ505910.1	598606	600352	+	16.2	0
ERVL	DR0105312	KZ505910.1	601143	602945	+	13.9	0
ERVL	DR0105327	KZ505910.1	604488	605248	+	9.7	0
ERVL	DR0105312	KZ505910.1	606571	606879	+	10.4	0
ERV4	DR0105376	KZ505911.1	5777	6229	C	15.8	0
ERVL	DR0105338	KZ505911.1	44097	44843	C	28.6	0
ERVL	DR0105278	KZ505911.1	60160	60348	C	18.3	0
ERVL	DR0105238	KZ505911.1	60355	60672	+	12.0	0
ERVL	DR0105370	KZ505911.1	72362	72930	C	15.0	0
ERVL	DR0105370	KZ505911.1	93006	93543	C	13.2	0
ERVL	DR0105295	KZ505911.1	176755	177292	C	24.4	0
ERVL	DR0105370	KZ505911.1	201977	202097	+	28.0	0
ERV4	DR0105376	KZ505911.1	241972	242260	+	8.7	0
ERV4	DR0105376	KZ505911.1	242267	242598	+	5.8	0
ERV4	DR0105376	KZ505911.1	311465	311872	C	21.9	0
ERVL	DR0105278	KZ505911.1	345208	345275	C	18.2	0
ERVL	DR0105338	KZ505911.1	408517	408719	+	14.4	0
ERVL	DR0105305	KZ505911.1	435630	435731	+	21.8	0
ERVL	DR0105338	KZ505911.1	436150	437224	+	21.4	0
ERVL	DR0105370	KZ505911.1	437497	437623	+	25.4	0
ERVL	DR0105305	KZ505911.1	437754	437833	+	28.8	0
ERVL	DR0105315	KZ505911.1	475485	475880	C	24.6	0
ERVL	DR0105278	KZ505911.1	499873	500354	+	20.4	0
ERVL	DR0105371	KZ505911.1	550648	551225	C	16.8	0
ERV1	DR0105321	KZ505911.1	569126	569394	C	12.3	0
ERVL	DR0105338	KZ505912.1	9752	10761	+	17.4	0
ERVL	DR0105294	KZ505912.1	104280	104959	C	10.1	0
ERVL	DR0105370	KZ505912.1	128787	129382	+	16.2	0
ERVL	DR0105278	KZ505912.1	277827	278033	+	13.0	0
ERVL	DR0105358	KZ505912.1	361054	361699	C	5.3	0
ERVL	DR0105338	KZ505912.1	440616	441704	+	15.1	0
ERVL	DR0105364	KZ505913.1	506	1141	+	11.3	0
ERVL	DR0105370	KZ505913.1	10649	11695	C	17.7	0
ERVL	DR0105364	KZ505913.1	21483	22122	C	14.1	0
ERV1	DR0105321	KZ505913.1	26100	26905	+	14.0	0
ERV4	DR0105376	KZ505913.1	31440	32141	+	13.4	0
ERV1	DR0105321	KZ505913.1	54067	54216	C	12.0	0
ERV1	DR0105321	KZ505913.1	54261	54517	C	13.8	0
ERV1	DR0105321	KZ505913.1	55259	55424	+	11.7	0
ERVL	DR0105278	KZ505913.1	96496	97018	C	13.0	0
ERVL	DR0105312	KZ505913.1	155338	155728	C	19.3	0
ERVL	DR0105312	KZ505913.1	157550	157593	C	6.8	0
ERVL	DR0105232	KZ505913.1	158892	160890	C	12.9	0
ERVL	DR0105338	KZ505913.1	171318	172471	C	17.7	0
ERVL	DR0105338	KZ505913.1	293748	294844	C	18.0	0
ERVL	DR0105238	KZ505913.1	325552	325630	C	17.4	0
ERVL	DR0105238	KZ505913.1	326174	326276	C	3.9	0
ERVL	DR0105338	KZ505913.1	367636	368687	+	19.4	0
ERVL	DR0105338	KZ505913.1	420541	421372	+	25.1	0
ERVL	DR0105278	KZ505913.1	538881	539253	+	15.6	0
ERVL	DR0105278	KZ505913.1	539314	539523	+	14.0	0
ERVL	DR0105370	KZ505913.1	555681	556255	+	12.2	0
ERVL	DR0105278	KZ505913.1	596250	596415	+	16.0	0
ERVL	DR0105232	KZ505913.1	596416	597714	+	20.3	0
ERV4	DR0105376	KZ505914.1	17852	18559	C	11.3	0
ERVL	DR0105278	KZ505914.1	67221	67651	C	16.2	0
ERV4	DR0105376	KZ505914.1	72705	73455	+	7.4	0
ERVL	DR0105370	KZ505914.1	143452	143665	C	27.2	0
ERVL	DR0105315	KZ505914.1	143693	143980	C	23.8	0
ERVL	DR0105370	KZ505914.1	274765	275621	C	17.0	0
ERVL	DR0105338	KZ505914.1	283209	283643	+	16.1	0
ERVL	DR0105338	KZ505914.1	319712	319821	+	15.7	0
ERVL	DR0105338	KZ505914.1	319968	320077	+	14.8	0
ERVL	DR0105338	KZ505914.1	320201	320393	+	15.3	0
ERVL	DR0105238	KZ505914.1	365555	365689	C	15.6	0
ERV1	DR0105240	KZ505914.1	413859	414512	+	6.4	0
ERVL	DR0105305	KZ505914.1	534717	534783	+	10.0	0
ERVL	DR0105370	KZ505914.1	561610	561961	+	12.8	0
ERVL	DR0105327	KZ505914.1	611157	611306	C	13.8	0
ERVL	DR0105278	KZ505915.1	60423	60930	+	14.0	0
ERVL	DR0105338	KZ505915.1	189191	190053	+	25.2	0
ERVL	DR0105338	KZ505915.1	230956	231624	+	25.6	0
ERVL	DR0105364	KZ505915.1	298000	298620	+	12.8	0
ERVL	DR0105278	KZ505915.1	305513	305998	+	15.3	0
ERVL	DR0105338	KZ505915.1	393943	394583	+	23.6	0
ERVL	DR0105278	KZ505915.1	507298	507819	C	17.4	0
ERVL	DR0105370	KZ505915.1	569043	569639	+	14.8	0
ERVL	DR0105305	KZ505915.1	619375	619470	C	24.5	0
ERVL	DR0105305	KZ505916.1	102387	102445	+	22.8	0
ERVL	DR0105370	KZ505916.1	215965	216358	+	11.9	0
ERVL	DR0105371	KZ505916.1	216406	216623	+	17.0	0
ERVL	DR0105371	KZ505916.1	462389	462965	+	13.8	0
ERVL	DR0105338	KZ505916.1	473014	473213	C	14.6	0
ERVL	DR0105338	KZ505916.1	473214	473401	C	23.4	0
ERV1	DR0105225	KZ505917.1	540233	540290	C	22.4	0
ERVL	DR0105278	KZ505918.1	1214	1272	+	8.5	0
ERVL	DR0105315	KZ505918.1	306331	306936	C	25.9	0
ERVL	DR0105338	KZ505918.1	466546	467289	+	15.3	0
ERVL	DR0105278	KZ505918.1	516378	516905	C	14.6	0
ERV1	DR0105321	KZ505919.1	88905	88928	C	19.2	0
ERVL	DR0105278	KZ505919.1	88929	89466	+	15.0	0
ERVL	DR0105338	KZ505919.1	118963	120086	C	15.0	0
ERVL	DR0105278	KZ505919.1	243751	244051	C	14.3	0
ERVL	DR0105370	KZ505919.1	308399	308973	C	12.4	0
ERVL	DR0105358	KZ505919.1	451227	451623	+	5.6	0
ERVL	DR0105338	KZ505919.1	495838	496376	C	23.4	0
ERVL	DR0105338	KZ505920.1	236635	236704	C	4.3	0
ERVL	DR0105238	KZ505920.1	326007	326047	+	7.3	0
ERV4	DR0105376	KZ505920.1	392307	392433	C	20.6	0
ERVL	DR0105278	KZ505921.1	176280	176767	+	15.6	0
ERVL	DR0105338	KZ505921.1	245473	245528	+	10.7	0
ERVL	DR0105370	KZ505921.1	479204	479457	+	22.2	0
ERVL	DR0105315	KZ505921.1	479469	479741	+	26.9	0
ERVL	DR0105278	KZ505921.1	502329	502781	+	16.3	0
ERVL	DR0105364	KZ505921.1	583896	584211	+	14.2	0
ERV1	DR0105342	KZ505921.1	598445	599257	C	16.2	0
ERV1	DR0105342	KZ505921.1	599825	599986	C	25.9	0
ERVL	DR0105294	KZ505922.1	58362	59114	C	10.3	0
ERVL	DR0105327	KZ505922.1	75533	75628	C	10.4	0
ERVL	DR0105305	KZ505922.1	98647	98921	+	26.9	0
ERVL	DR0105338	KZ505922.1	104713	104961	C	26.1	0
ERV4	DR0105376	KZ505922.1	221051	221267	+	8.4	0
ERVL	DR0105315	KZ505922.1	234188	234718	+	20.8	0
ERVL	DR0105364	KZ505922.1	270547	271144	C	14.1	0
ERVL	DR0105338	KZ505922.1	289854	290931	+	19.2	0
ERVL	DR0105338	KZ505922.1	318846	319048	C	18.9	0
ERVL	DR0105338	KZ505922.1	319089	319460	C	24.4	0
ERVL	DR0105338	KZ505922.1	353711	354016	C	25.2	0
ERVL	DR0105338	KZ505922.1	355217	355976	C	25.7	0
ERVL	DR0105338	KZ505922.1	468616	469083	C	17.1	0
ERVL	DR0105338	KZ505922.1	469438	469983	C	19.1	0
ERVL	DR0105295	KZ505922.1	480290	480457	C	17.3	0
ERVL	DR0105315	KZ505923.1	17182	17467	+	19.9	0
ERVL	DR0105370	KZ505923.1	17667	17812	+	29.3	0
ERVL	DR0105315	KZ505923.1	40093	40538	+	29.9	0
ERVL	DR0105294	KZ505923.1	54953	55266	+	13.7	0
ERVL	DR0105358	KZ505923.1	103880	104507	C	7.0	0
ERVL	DR0105338	KZ505923.1	123636	123705	C	19.1	0
ERVL	DR0105278	KZ505923.1	332998	333148	C	19.6	0
ERVL	DR0105278	KZ505924.1	20315	20791	C	16.4	0
ERVL	DR0105305	KZ505924.1	202052	202483	+	20.7	0
ERVL	DR0105338	KZ505924.1	321165	321916	C	18.1	0
ERVL	DR0105261	KZ505924.1	322090	322248	C	26.6	0
ERV4	DR0105376	KZ505924.1	328367	328928	+	13.3	0
ERVL	DR0105370	KZ505924.1	352927	353510	C	13.8	0
ERVL	DR0105338	KZ505924.1	500257	501231	+	15.6	0
ERVL	DR0105371	KZ505924.1	517139	517249	+	16.6	0
ERV1	DR0105240	KZ505924.1	532666	532860	C	25.2	0
ERV4	DR0105376	KZ505925.1	79917	80496	C	8.2	0
ERV1	DR0105321	KZ505925.1	112894	113075	C	9.9	0
ERV1	DR0105321	KZ505925.1	113162	113362	C	13.5	0
ERV4	DR0105376	KZ505925.1	160293	160472	C	23.9	0
ERV4	DR0105376	KZ505925.1	160489	160571	C	20.5	0
ERV4	DR0105376	KZ505925.1	160715	160888	C	26.4	0
ERVL	DR0105358	KZ505925.1	461544	461728	C	3.8	0
ERVL	DR0105358	KZ505926.1	136788	137202	+	5.8	0
ERVL	DR0105370	KZ505926.1	170906	171170	+	13.3	0
ERVL	DR0105326	KZ505926.1	171178	171320	+	14.1	0
ERVL	DR0105232	KZ505926.1	172440	173140	+	24.5	0
ERVL	DR0105358	KZ505926.1	176720	177363	C	7.9	0
ERVL	DR0105370	KZ505926.1	177663	178266	+	19.7	0
ERV1	DR0105321	KZ505926.1	186736	187262	+	14.9	0
ERVL	DR0105370	KZ505926.1	222890	223179	C	14.7	0
ERVL	DR0105371	KZ505926.1	232104	232680	C	12.8	0
ERVL	DR0105370	KZ505926.1	304166	304541	+	12.5	0
ERVL	DR0105364	KZ505926.1	306465	307059	+	11.8	0
ERVL	DR0105338	KZ505926.1	418121	419081	C	27.6	0
ERVL	DR0105294	KZ505926.1	528700	528785	+	10.5	0
ERVL	DR0105238	KZ505926.1	529305	529420	+	20.2	0
ERVL	DR0105278	KZ505927.1	33440	33782	+	14.2	0
ERVL	DR0105370	KZ505927.1	85401	86000	C	11.5	0
ERVL	DR0105371	KZ505927.1	379550	380093	+	16.1	0
ERVL	DR0105358	KZ505928.1	24676	25321	C	8.1	0
ERVL	DR0105238	KZ505928.1	147928	148019	+	18.7	0
ERVL	DR0105358	KZ505928.1	237448	237710	+	11.1	0
ERV4	DR0105376	KZ505928.1	591886	592634	C	7.1	0
ERVL	DR0105230	KZ505928.1	593344	593644	+	17.5	0
ERVL	DR0105278	KZ505929.1	36548	37060	C	13.9	0
ERVL	DR0105370	KZ505929.1	136519	136641	C	18.0	0
ERV4	DR0105376	KZ505929.1	222668	223411	+	5.7	0
ERVL	DR0105364	KZ505929.1	554462	555136	+	17.2	0
ERV4	DR0105376	KZ505929.1	586480	587204	C	7.7	0
ERVL	DR0105371	KZ505930.1	96340	96487	C	24.4	0
ERVL	DR0105370	KZ505930.1	96553	96810	C	21.7	0
ERVL	DR0105370	KZ505930.1	124153	125006	+	16.4	0
ERVL	DR0105238	KZ505930.1	157823	158515	C	13.6	0
ERVL	DR0105338	KZ505930.1	165086	166215	+	16.4	0
ERVL	DR0105327	KZ505930.1	260142	260268	C	7.1	0
ERVL	DR0105261	KZ505930.1	284306	285171	+	17.3	0
ERVL	DR0105295	KZ505930.1	297716	298254	+	20.8	0
ERV4	DR0105376	KZ505930.1	377765	378516	+	4.9	0
ERVL	DR0105238	KZ505930.1	502049	502146	C	21.8	0
ERVL	DR0105371	KZ505930.1	529092	529666	+	14.5	0
ERVL	DR0105358	KZ505931.1	110	292	+	9.3	0
ERV4	DR0105376	KZ505931.1	12953	13632	+	17.6	0
ERV1	DR0105240	KZ505931.1	20721	21357	+	11.5	0
ERVL	DR0105364	KZ505931.1	388292	388886	C	15.1	0
ERVL	DR0105278	KZ505931.1	390970	391473	C	14.8	0
ERVL	DR0105364	KZ505931.1	452289	452487	+	14.6	0
ERV4	DR0105376	KZ505932.1	1	204	+	6.0	0
ERVL	DR0105315	KZ505932.1	37115	37338	C	26.6	0
ERVL	DR0105338	KZ505932.1	52766	53405	C	21.5	0
ERVL	DR0105238	KZ505932.1	112725	113472	C	10.3	0
ERVL	DR0105315	KZ505932.1	123058	123115	C	13.8	0
ERVL	DR0105338	KZ505932.1	154993	155168	C	28.8	0
ERVL	DR0105358	KZ505932.1	155169	155799	C	10.9	0
ERVL	DR0105338	KZ505932.1	155800	156130	C	27.2	0
ERVL	DR0105305	KZ505932.1	156403	156494	C	23.3	0
ERVL	DR0105370	KZ505932.1	163312	163875	C	18.3	0
ERVL	DR0105371	KZ505932.1	253656	254239	C	16.3	0
ERVL	DR0105370	KZ505932.1	269803	270033	C	20.4	0
ERVL	DR0105278	KZ505932.1	346296	346653	C	17.6	0
ERV4	DR0105376	KZ505932.1	471805	472356	C	14.4	0
ERVL	DR0105370	KZ505932.1	483132	483685	+	25.7	0
ERVL	DR0105294	KZ505932.1	509390	510111	C	11.4	0
ERV4	DR0105376	KZ505932.1	524668	525144	+	14.4	0
ERVL	DR0105338	KZ505932.1	528197	528284	C	14.8	0
ERVL	DR0105295	KZ505932.1	528763	529302	+	22.6	0
ERVL	DR0105338	KZ505932.1	559869	560917	C	13.9	0
ERVL	DR0105338	KZ505933.1	2491	2741	+	10.4	0
ERVL	DR0105312	KZ505933.1	12220	12384	C	11.4	0
ERVL	DR0105341	KZ505933.1	44168	44281	+	11.1	0
ERVL	DR0105338	KZ505933.1	48168	49269	+	14.8	0
ERVL	DR0105312	KZ505933.1	68847	69210	C	15.3	0
ERVL	DR0105294	KZ505933.1	73911	74382	+	12.2	0
ERVL	DR0105358	KZ505933.1	81349	81965	+	9.6	0
ERV1	DR0105240	KZ505933.1	107139	107456	+	20.9	0
ERVL	DR0105238	KZ505933.1	310333	310437	C	19.7	0
ERVL	DR0105327	KZ505933.1	327872	328616	+	7.4	0
ERV1	DR0105240	KZ505933.1	338464	338561	C	20.4	0
ERVL	DR0105238	KZ505933.1	352634	353385	+	52.5	0
ERVL	DR0105294	KZ505933.1	359104	359845	+	11.5	0
ERVL	DR0105294	KZ505933.1	392905	393659	C	8.8	0
ERV4	DR0105376	KZ505933.1	494651	495339	C	12.7	0
ERVL	DR0105371	KZ505933.1	522053	522616	C	13.8	0
ERVL	DR0105238	KZ505933.1	544179	544305	+	12.7	0
ERVL	DR0105294	KZ505933.1	584956	585486	C	10.6	0
ERV4	DR0105376	KZ505934.1	83140	83865	C	8.5	0
ERVL	DR0105278	KZ505934.1	213767	214244	+	13.8	0
ERVL	DR0105358	KZ505934.1	224997	225689	C	40.7	0
ERVL	DR0105370	KZ505934.1	455450	456014	C	19.0	0
ERVL	DR0105338	KZ505934.1	537285	538215	C	19.1	0
ERVL	DR0105370	KZ505935.1	24170	24698	+	20.2	0
ERVL	DR0105358	KZ505935.1	71469	72107	C	8.0	0
ERVL	DR0105238	KZ505935.1	155645	155710	+	21.2	0
ERVL	DR0105364	KZ505935.1	155715	156323	+	12.6	0
ERVL	DR0105261	KZ505935.1	237279	237862	+	16.6	0
ERVL	DR0105358	KZ505935.1	238108	238751	C	5.8	0
ERVL	DR0105261	KZ505935.1	239075	239199	+	17.2	0
ERVL	DR0105261	KZ505935.1	260794	261168	+	17.2	0
ERVL	DR0105338	KZ505935.1	261564	262257	+	22.5	0
ERVL	DR0105370	KZ505935.1	271284	271701	C	12.1	0
ERVL	DR0105338	KZ505935.1	309502	309787	+	16.8	0
ERVL	DR0105364	KZ505935.1	310203	310850	+	15.6	0
ERVL	DR0105370	KZ505935.1	561306	561922	C	24.4	0
ERVL	DR0105278	KZ505935.1	583837	584382	+	16.2	0
ERVL	DR0105278	KZ505936.1	279372	279912	C	14.6	0
ERV4	DR0105376	KZ505937.1	173594	174151	+	14.9	0
ERVL	DR0105278	KZ505937.1	211009	211467	+	16.1	0
ERVL	DR0105305	KZ505937.1	223436	223847	C	26.5	0
ERVL	DR0105338	KZ505937.1	237024	238072	C	20.7	0
ERVL	DR0105278	KZ505937.1	277094	277585	C	14.3	0
ERVL	DR0105278	KZ505937.1	333103	333625	C	12.2	0
ERVL	DR0105371	KZ505938.1	80066	80538	C	14.0	0
ERVL	DR0105278	KZ505938.1	177290	177339	C	6.0	0
ERVL	DR0105338	KZ505938.1	368711	369142	+	11.2	0
ERVL	DR0105238	KZ505938.1	412005	412651	C	10.1	0
ERVL	DR0105238	KZ505938.1	527649	527829	C	13.2	0
ERVL	DR0105230	KZ505939.1	2374	2996	C	6.0	0
ERVL	DR0105364	KZ505939.1	13736	14052	+	18.1	0
ERV1	DR0105240	KZ505939.1	39625	39769	C	17.0	0
ERVL	DR0105315	KZ505939.1	144532	144985	C	24.2	0
ERVL	DR0105338	KZ505939.1	163088	164151	C	18.6	0
ERVL	DR0105370	KZ505939.1	457353	457597	+	12.7	0
ERVL	DR0105326	KZ505939.1	457862	458023	+	10.1	0
ERVL	DR0105370	KZ505940.1	188665	189006	+	24.2	0
ERVL	DR0105305	KZ505940.1	450019	450855	+	23.9	0
ERVL	DR0105370	KZ505941.1	9572	9798	+	12.3	0
ERVL	DR0105371	KZ505941.1	9802	10116	+	19.2	0
ERVL	DR0105338	KZ505941.1	14031	14487	C	12.2	0
ERVL	DR0105370	KZ505941.1	14488	15060	C	23.2	0
ERVL	DR0105261	KZ505941.1	15082	15726	C	16.8	0
ERVL	DR0105371	KZ505941.1	107739	108313	C	13.5	0
ERVL	DR0105370	KZ505941.1	223878	224422	C	18.6	0
ERVL	DR0105338	KZ505941.1	265147	265939	C	23.3	0
ERVL	DR0105338	KZ505941.1	275091	275546	+	18.6	0
ERVL	DR0105370	KZ505941.1	275627	275904	+	10.4	0
ERVL	DR0105338	KZ505941.1	290148	290513	+	13.2	0
ERV4	DR0105376	KZ505941.1	298900	299399	+	5.4	0
ERVL	DR0105305	KZ505941.1	315806	315921	+	17.8	0
ERVL	DR0105370	KZ505941.1	360253	360809	+	23.8	0
ERVL	DR0105278	KZ505941.1	414271	414746	C	30.2	0
ERVL	DR0105338	KZ505941.1	422031	422143	C	6.2	0
ERVL	DR0105338	KZ505941.1	422252	422995	C	18.1	0
ERVL	DR0105278	KZ505941.1	427271	427445	C	12.0	0
ERVL	DR0105305	KZ505941.1	434208	434611	C	21.4	0
ERVL	DR0105305	KZ505941.1	434756	434905	C	33.7	0
ERVL	DR0105338	KZ505941.1	434908	434991	+	17.9	0
ERVL	DR0105338	KZ505941.1	435003	435440	+	21.1	0
ERVL	DR0105358	KZ505941.1	534875	535161	C	8.0	0
ERVL	DR0105294	KZ505941.1	559137	559387	C	8.8	0
ERVL	DR0105370	KZ505942.1	53657	54234	+	18.1	0
ERVL	DR0105358	KZ505942.1	73096	73742	C	4.6	0
ERVL	DR0105364	KZ505942.1	510536	511176	C	12.0	0
ERVL	DR0105338	KZ505943.1	212348	212442	C	15.8	0
ERVL	DR0105315	KZ505943.1	230619	231189	+	23.6	0
ERVL	DR0105261	KZ505943.1	295284	295346	C	12.7	0
ERVL	DR0105312	KZ505943.1	328972	329286	+	12.0	0
ERVL	DR0105370	KZ505943.1	335260	335863	C	27.0	0
ERVL	DR0105371	KZ505943.1	419807	420345	C	13.4	0
ERVL	DR0105364	KZ505943.1	463109	463758	C	12.2	0
ERVL	DR0105371	KZ505943.1	484413	484955	C	14.5	0
ERVL	DR0105338	KZ505943.1	554314	555394	C	16.7	0
ERVL	DR0105278	KZ505944.1	4200	4706	C	14.3	0
ERVL	DR0105278	KZ505944.1	207832	208307	C	16.5	0
ERVL	DR0105232	KZ505944.1	260936	261276	+	16.6	0
ERVL	DR0105370	KZ505944.1	381210	381803	+	11.0	0
ERVL	DR0105338	KZ505944.1	459289	459585	C	25.6	0
ERVL	DR0105370	KZ505944.1	467349	467743	C	12.5	0
ERVL	DR0105370	KZ505944.1	470810	471323	+	22.9	0
ERVL	DR0105338	KZ505944.1	485974	487044	+	15.3	0
ERVL	DR0105261	KZ505944.1	487117	487165	C	4.2	0
ERVL	DR0105315	KZ505945.1	852	1434	+	22.3	0
ERVL	DR0105261	KZ505945.1	15126	15203	C	21.8	0
ERVL	DR0105295	KZ505945.1	24083	24517	C	23.5	0
ERVL	DR0105315	KZ505945.1	40603	40741	+	15.1	0
ERVL	DR0105338	KZ505945.1	51967	52363	C	14.0	0
ERVL	DR0105238	KZ505945.1	96734	97494	C	9.5	0
ERVL	DR0105338	KZ505945.1	98587	99650	C	18.9	0
ERVL	DR0105358	KZ505945.1	99651	99935	+	3.9	0
ERVL	DR0105358	KZ505945.1	99946	100385	+	6.1	0
ERVL	DR0105338	KZ505945.1	100386	100436	C	11.4	0
ERVL	DR0105294	KZ505945.1	101530	102237	+	10.7	0
ERVL	DR0105238	KZ505945.1	106313	106851	+	9.3	0
ERVL	DR0105370	KZ505945.1	110796	111444	+	23.8	0
ERVL	DR0105295	KZ505945.1	120958	121147	C	16.4	0
ERVL	DR0105305	KZ505945.1	144477	144668	+	24.6	0
ERVL	DR0105305	KZ505945.1	144866	145246	+	28.4	0
ERV4	DR0105376	KZ505945.1	147807	147990	+	23.9	0
ERV4	DR0105376	KZ505945.1	148095	148262	+	16.1	0
ERVL	DR0105278	KZ505945.1	150464	150999	+	14.1	0
ERVL	DR0105338	KZ505945.1	161508	162148	C	20.9	0
ERVL	DR0105338	KZ505945.1	196652	197457	C	26.2	0
ERVL	DR0105261	KZ505945.1	198304	198491	C	19.5	0
ERVL	DR0105294	KZ505945.1	206007	206654	+	9.7	0
ERVL	DR0105294	KZ505945.1	220199	220946	C	11.3	0
ERVL	DR0105230	KZ505945.1	222466	223083	+	8.1	0
ERVL	DR0105338	KZ505945.1	236574	236829	C	24.6	0
ERVL	DR0105370	KZ505945.1	237557	237939	C	21.8	0
ERVL	DR0105315	KZ505945.1	239790	240243	C	25.7	0
ERVL	DR0105371	KZ505945.1	240318	240432	C	24.8	0
ERVL	DR0105338	KZ505945.1	285640	286200	C	24.1	0
ERV4	DR0105376	KZ505945.1	293181	293734	+	13.8	0
ERVL	DR0105371	KZ505945.1	357713	358279	+	15.4	0
ERVL	DR0105338	KZ505945.1	381883	382035	C	22.6	0
ERVL	DR0105370	KZ505945.1	391943	392872	C	19.2	0
ERVL	DR0105278	KZ505945.1	393144	393220	C	23.3	0
ERVL	DR0105358	KZ505945.1	395736	396370	C	9.9	0
ERVL	DR0105338	KZ505945.1	397444	398177	C	26.1	0
ERV4	DR0105376	KZ505945.1	422060	422669	+	8.8	0
ERVL	DR0105338	KZ505945.1	424953	425133	C	22.6	0
ERVL	DR0105370	KZ505945.1	427639	428198	+	15.6	0
ERVL	DR0105370	KZ505945.1	510467	511053	C	19.6	0
ERVL	DR0105371	KZ505945.1	519824	520399	+	15.3	0
ERVL	DR0105338	KZ505945.1	522241	522487	+	25.5	0
ERVL	DR0105338	KZ505945.1	537570	538611	C	16.7	0
ERVL	DR0105370	KZ505945.1	541008	541596	+	22.2	0
ERVL	DR0105370	KZ505945.1	555060	555368	+	18.4	0
ERVL	DR0105371	KZ505945.1	555374	555509	+	18.6	0
ERVL	DR0105312	KZ505946.1	2428	2469	C	11.9	0
ERV1	DR0105342	KZ505946.1	18255	19237	C	21.2	0
ERVL	DR0105370	KZ505946.1	181347	181891	+	14.9	0
ERVL	DR0105232	KZ505946.1	188047	189002	+	14.7	0
ERVL	DR0105358	KZ505946.1	259645	260290	C	3.7	0
ERVL	DR0105238	KZ505946.1	444254	445023	+	10.2	0
ERV4	DR0105376	KZ505946.1	548809	548896	C	8.2	0
ERVL	DR0105338	KZ505947.1	56735	56810	+	25.0	0
ERVL	DR0105338	KZ505947.1	56952	57201	+	22.1	0
ERVL	DR0105338	KZ505947.1	72081	72802	C	27.0	0
ERVL	DR0105327	KZ505947.1	101704	101776	+	8.2	0
ERVL	DR0105338	KZ505947.1	132629	133753	C	21.7	0
ERVL	DR0105294	KZ505947.1	141071	141808	C	10.7	0
ERVL	DR0105238	KZ505947.1	162264	162421	+	7.0	0
ERVL	DR0105327	KZ505947.1	163043	163717	C	10.7	0
ERVL	DR0105238	KZ505947.1	187607	187806	+	8.0	0
ERVL	DR0105358	KZ505947.1	224165	224558	C	6.8	0
ERVL	DR0105338	KZ505947.1	228962	229610	C	28.6	0
ERVL	DR0105370	KZ505947.1	266704	266946	+	17.4	0
ERVL	DR0105370	KZ505947.1	267005	267317	+	19.8	0
ERVL	DR0105338	KZ505947.1	277450	278553	+	18.6	0
ERVL	DR0105294	KZ505947.1	278718	279462	+	11.3	0
ERVL	DR0105370	KZ505947.1	307300	307846	C	21.7	0
ERVL	DR0105370	KZ505947.1	319289	319884	+	24.7	0
ERVL	DR0105371	KZ505947.1	339749	340314	C	16.8	0
ERVL	DR0105305	KZ505947.1	380616	381019	+	27.2	0
ERVL	DR0105261	KZ505947.1	388221	388381	C	16.8	0
ERVL	DR0105278	KZ505947.1	469619	470123	C	18.5	0
ERVL	DR0105315	KZ505947.1	496815	497539	C	23.8	0
ERVL	DR0105338	KZ505947.1	534111	534783	+	20.1	0
ERVL	DR0105358	KZ505948.1	17843	18473	+	3.6	0
ERVL	DR0105278	KZ505948.1	151003	151520	+	16.3	0
ERVL	DR0105278	KZ505948.1	216937	217099	C	17.4	0
ERVL	DR0105370	KZ505948.1	352037	352318	+	21.2	0
ERV4	DR0105376	KZ505948.1	390577	391285	+	15.6	0
ERVL	DR0105315	KZ505948.1	403857	404437	C	21.1	0
ERV1	DR0105342	KZ505949.1	91269	91417	C	15.4	0
ERVL	DR0105358	KZ505949.1	406845	407502	C	5.1	0
ERVL	DR0105278	KZ505950.1	126615	127143	C	14.1	0
ERVL	DR0105278	KZ505950.1	256864	257242	+	14.8	0
ERVL	DR0105371	KZ505950.1	407845	408419	+	15.6	0
ERVL	DR0105261	KZ505950.1	505741	506064	+	14.6	0
ERVL	DR0105338	KZ505950.1	506066	506362	+	10.8	0
ERVL	DR0105238	KZ505950.1	517671	518264	+	8.8	0
ERVL	DR0105238	KZ505950.1	518436	518610	+	9.9	0
ERVL	DR0105315	KZ505950.1	553598	553724	C	18.1	0
ERV4	DR0105376	KZ505950.1	554417	554970	+	15.8	0
ERVL	DR0105370	KZ505950.1	582090	582609	+	16.8	0
ERVL	DR0105278	KZ505952.1	108899	109421	C	14.8	0
ERVL	DR0105364	KZ505952.1	140668	141326	C	11.8	0
ERVL	DR0105315	KZ505952.1	185743	185955	C	29.0	0
ERVL	DR0105295	KZ505952.1	185972	186256	C	20.6	0
ERVL	DR0105358	KZ505952.1	248324	248960	C	4.1	0
ERVL	DR0105370	KZ505952.1	328089	328678	C	16.2	0
ERVL	DR0105261	KZ505952.1	386673	387058	C	21.2	0
ERVL	DR0105315	KZ505952.1	408627	409185	+	19.3	0
ERVL	DR0105370	KZ505952.1	444702	445297	+	16.0	0
ERVL	DR0105338	KZ505952.1	455123	455859	C	24.4	0
ERVL	DR0105338	KZ505952.1	487993	488469	+	28.6	0
ERVL	DR0105338	KZ505952.1	488477	488544	+	16.2	0
ERVL	DR0105238	KZ505952.1	514780	515005	C	16.4	0
ERVL	DR0105370	KZ505952.1	538719	539314	+	20.9	0
ERVL	DR0105371	KZ505952.1	539748	540323	C	13.9	0
ERVL	DR0105370	KZ505953.1	167704	168271	+	16.4	0
ERVL	DR0105232	KZ505953.1	169014	169160	C	11.8	0
ERVL	DR0105312	KZ505953.1	169205	169262	C	17.6	0
ERVL	DR0105294	KZ505953.1	241640	242381	+	10.3	0
ERVL	DR0105295	KZ505953.1	263375	263565	+	18.9	0
ERVL	DR0105370	KZ505953.1	270738	271315	+	17.6	0
ERVL	DR0105338	KZ505953.1	280198	281226	+	16.9	0
ERVL	DR0105370	KZ505953.1	327965	328534	C	16.0	0
ERVL	DR0105278	KZ505953.1	330848	331374	C	14.2	0
ERVL	DR0105370	KZ505953.1	334827	335394	+	19.5	0
ERVL	DR0105238	KZ505953.1	364318	364467	+	14.6	0
ERVL	DR0105305	KZ505953.1	500171	500374	C	34.5	0
ERVL	DR0105370	KZ505953.1	523891	524372	+	16.1	0
ERVL	DR0105338	KZ505954.1	223460	223809	+	11.5	0
ERVL	DR0105338	KZ505954.1	267614	267967	+	20.1	0
ERVL	DR0105295	KZ505954.1	303242	303398	+	12.3	0
ERVL	DR0105371	KZ505954.1	359032	359602	C	12.0	0
ERVL	DR0105358	KZ505954.1	402616	402966	C	4.8	0
ERVL	DR0105370	KZ505954.1	413898	414280	+	14.3	0
ERVL	DR0105371	KZ505954.1	450778	450865	+	19.3	0
ERVL	DR0105315	KZ505954.1	488365	488601	+	23.0	0
ERVL	DR0105338	KZ505954.1	506777	507820	C	20.2	0
ERVL	DR0105295	KZ505954.1	564898	564990	+	21.5	0
ERVL	DR0105238	KZ505955.1	92539	92628	+	17.8	0
ERVL	DR0105238	KZ505955.1	92672	92749	+	15.4	0
ERVL	DR0105370	KZ505955.1	130414	130956	C	12.0	0
ERVL	DR0105278	KZ505955.1	351991	352511	C	15.2	0
ERVL	DR0105278	KZ505956.1	46107	46255	+	8.7	0
ERVL	DR0105278	KZ505956.1	46259	46505	+	20.2	0
ERVL	DR0105278	KZ505956.1	60048	60089	+	7.1	0
ERVL	DR0105371	KZ505956.1	185108	185690	+	14.2	0
ERVL	DR0105370	KZ505956.1	227210	227309	C	17.3	0
ERV4	DR0105376	KZ505956.1	303725	304475	C	8.7	0
ERVL	DR0105305	KZ505956.1	306437	306525	C	11.6	0
ERVL	DR0105305	KZ505956.1	306536	306670	C	22.1	0
ERVL	DR0105370	KZ505956.1	481595	482166	C	21.6	0
ERVL	DR0105261	KZ505956.1	526682	527031	C	13.2	0
ERVL	DR0105370	KZ505956.1	548717	549249	C	24.4	0
ERVL	DR0105305	KZ505957.1	423673	423836	+	26.4	0
ERVL	DR0105294	KZ505958.1	2921	3268	+	13.1	0
ERVL	DR0105370	KZ505958.1	38059	38634	C	14.6	0
ERVL	DR0105370	KZ505958.1	38654	39314	C	19.1	0
ERVL	DR0105338	KZ505958.1	80261	81308	+	16.7	0
ERVL	DR0105338	KZ505958.1	99618	100390	+	27.6	0
ERVL	DR0105358	KZ505958.1	137061	137564	+	10.9	0
ERVL	DR0105295	KZ505958.1	218538	219083	C	26.2	0
ERVL	DR0105358	KZ505958.1	268650	269295	C	5.7	0
ERVL	DR0105238	KZ505958.1	276769	277527	+	10.1	0
ERVL	DR0105371	KZ505958.1	342859	343205	+	14.8	0
ERVL	DR0105371	KZ505958.1	343370	343609	+	13.8	0
ERVL	DR0105371	KZ505958.1	349318	349884	C	25.1	0
ERVL	DR0105312	KZ505958.1	431987	432050	+	14.3	0
ERVL	DR0105338	KZ505958.1	434819	435769	C	16.8	0
ERVL	DR0105370	KZ505958.1	447599	448186	C	14.0	0
ERVL	DR0105294	KZ505958.1	460332	461074	+	11.4	0
ERVL	DR0105371	KZ505958.1	481925	482326	C	15.5	0
ERVL	DR0105261	KZ505958.1	492957	493894	C	16.8	0
ERV4	DR0105376	KZ505958.1	501146	501842	C	12.0	0
ERVL	DR0105278	KZ505958.1	503131	503662	+	17.9	0
ERVL	DR0105338	KZ505959.1	87029	87797	+	25.9	0
ERVL	DR0105370	KZ505959.1	105052	105664	+	23.0	0
ERVL	DR0105326	KZ505959.1	105752	105860	+	18.9	0
ERVL	DR0105305	KZ505959.1	138128	138728	C	24.8	0
ERVL	DR0105305	KZ505959.1	151073	151274	+	21.1	0
ERVL	DR0105278	KZ505959.1	291003	291535	+	13.7	0
ERVL	DR0105338	KZ505959.1	438407	439507	+	17.8	0
ERVL	DR0105230	KZ505959.1	482236	482298	C	14.3	0
ERVL	DR0105364	KZ505960.1	108493	108861	+	11.1	0
ERVL	DR0105371	KZ505960.1	179965	180538	C	13.5	0
ERVL	DR0105371	KZ505960.1	235934	236505	+	15.3	0
ERVL	DR0105278	KZ505960.1	238398	238933	C	20.8	0
ERV1	DR0105240	KZ505960.1	348928	349200	+	12.4	0
ERVL	DR0105364	KZ505960.1	366750	367222	C	10.6	0
ERV1	DR0105240	KZ505960.1	418045	418181	+	21.5	0
ERVL	DR0105278	KZ505960.1	455128	455647	+	14.3	0
ERVL	DR0105370	KZ505960.1	547639	547679	+	26.7	0
ERVL	DR0105261	KZ505961.1	256031	256358	+	14.8	0
ERVL	DR0105305	KZ505961.1	308846	309717	C	25.6	0
ERVL	DR0105358	KZ505961.1	391950	392597	+	3.7	0
ERVL	DR0105294	KZ505961.1	400688	401426	+	11.2	0
ERVL	DR0105371	KZ505962.1	337001	337555	+	17.6	0
ERVL	DR0105338	KZ505962.1	439181	440229	+	17.9	0
ERVL	DR0105238	KZ505962.1	459796	459888	+	4.3	0
ERVL	DR0105238	KZ505962.1	460444	460581	+	15.9	0
ERVL	DR0105315	KZ505964.1	97367	97925	+	21.2	0
ERVL	DR0105295	KZ505964.1	164423	164952	+	23.4	0
ERVL	DR0105370	KZ505964.1	261876	262136	C	13.8	0
ERVL	DR0105358	KZ505964.1	290397	291040	C	4.2	0
ERV4	DR0105376	KZ505964.1	316939	317076	+	16.9	0
ERVL	DR0105370	KZ505964.1	369590	370148	C	15.4	0
ERVL	DR0105370	KZ505964.1	466110	466657	+	14.6	0
ERVL	DR0105305	KZ505965.1	148666	148972	+	26.4	0
ERVL	DR0105371	KZ505965.1	171146	171717	C	15.8	0
ERVL	DR0105305	KZ505966.1	152920	153244	+	18.9	0
ERVL	DR0105371	KZ505966.1	240609	241180	+	19.5	0
ERVL	DR0105305	KZ505966.1	253341	254039	+	27.2	0
ERVL	DR0105305	KZ505966.1	254520	254669	+	19.2	0
ERVL	DR0105315	KZ505967.1	877	1390	C	23.2	0
ERV1	DR0105342	KZ505967.1	5099	6151	+	22.3	0
ERVL	DR0105370	KZ505967.1	19120	19706	+	18.0	0
ERVL	DR0105338	KZ505967.1	32537	33330	+	23.8	0
ERVL	DR0105230	KZ505967.1	45350	45971	+	6.6	0
ERVL	DR0105338	KZ505967.1	84793	85460	C	26.2	0
ERVL	DR0105370	KZ505967.1	106939	107516	C	15.5	0
ERVL	DR0105338	KZ505967.1	124766	125588	C	27.1	0
ERVL	DR0105338	KZ505967.1	126488	126773	C	19.4	0
ERVL	DR0105370	KZ505967.1	168396	168975	+	16.3	0
ERVL	DR0105305	KZ505967.1	179672	179824	+	26.4	0
ERVL	DR0105371	KZ505967.1	187197	187768	+	17.6	0
ERVL	DR0105278	KZ505967.1	194229	194760	+	15.7	0
ERVL	DR0105338	KZ505967.1	231102	231719	+	23.8	0
ERV4	DR0105376	KZ505967.1	237371	237910	C	13.4	0
ERVL	DR0105294	KZ505967.1	247493	248207	+	29.1	0
ERVL	DR0105294	KZ505967.1	250965	251144	C	7.8	0
ERVL	DR0105238	KZ505967.1	302899	303247	C	19.4	0
ERVL	DR0105305	KZ505967.1	306619	307056	C	26.1	0
ERVL	DR0105371	KZ505967.1	320415	320987	C	15.2	0
ERVL	DR0105294	KZ505967.1	340218	340428	+	9.9	0
ERV4	DR0105376	KZ505967.1	349302	349859	C	14.2	0
ERVL	DR0105278	KZ505967.1	359420	359914	+	17.5	0
ERVL	DR0105327	KZ505967.1	416490	417222	C	9.3	0
ERVL	DR0105238	KZ505967.1	433451	434211	C	11.4	0
ERVL	DR0105370	KZ505967.1	456810	457444	C	21.2	0
ERVL	DR0105370	KZ505967.1	457654	457850	C	34.5	0
ERVL	DR0105338	KZ505967.1	460843	461695	+	18.2	0
ERVL	DR0105315	KZ505967.1	472285	472688	C	20.0	0
ERVL	DR0105278	KZ505967.1	473215	473697	+	17.1	0
ERVL	DR0105338	KZ505967.1	476213	476953	+	22.4	0
ERVL	DR0105341	KZ505967.1	481689	481736	+	4.2	0
ERVL	DR0105315	KZ505967.1	494174	494737	+	25.3	0
ERVL	DR0105338	KZ505967.1	498941	499351	C	23.6	0
ERVL	DR0105278	KZ505967.1	502275	502802	+	16.7	0
ERVL	DR0105315	KZ505967.1	547932	548519	C	25.7	0
ERVL	DR0105364	KZ505968.1	78580	79217	C	9.2	0
ERV1	DR0105321	KZ505968.1	368610	368775	+	17.5	0
ERVL	DR0105338	KZ505968.1	383601	383681	C	18.8	0
ERVL	DR0105327	KZ505968.1	393151	393881	C	9.2	0
ERV4	DR0105376	KZ505968.1	503615	504287	+	12.4	0
ERV4	DR0105376	KZ505968.1	513876	514573	+	12.4	0
ERVL	DR0105341	KZ505968.1	522553	522964	+	12.1	0
ERVL	DR0105358	KZ505968.1	540884	541528	C	7.7	0
ERVL	DR0105305	KZ505969.1	98951	99633	+	20.8	0
ERVL	DR0105238	KZ505969.1	136560	136640	+	5.0	0
ERVL	DR0105305	KZ505969.1	218617	218869	+	23.9	0
ERVL	DR0105305	KZ505969.1	219255	219662	+	24.2	0
ERVL	DR0105338	KZ505969.1	257084	257865	+	14.3	0
ERVL	DR0105278	KZ505969.1	394381	394916	+	13.7	0
ERVL	DR0105370	KZ505969.1	534510	534876	C	13.2	0
ERV4	DR0105376	KZ505970.1	1175	1303	C	18.7	0
ERVL	DR0105364	KZ505970.1	471134	471731	+	9.1	0
ERVL	DR0105294	KZ505970.1	483041	483686	C	10.2	0
ERVL	DR0105370	KZ505972.1	84738	85015	+	18.4	0
ERVL	DR0105371	KZ505972.1	103176	103529	+	11.6	0
ERV4	DR0105376	KZ505972.1	104828	105027	C	26.9	0
ERVL	DR0105278	KZ505972.1	188044	188300	C	12.7	0
ERV4	DR0105376	KZ505972.1	207226	207425	+	26.3	0
ERVL	DR0105370	KZ505972.1	224770	225346	+	13.1	0
ERVL	DR0105338	KZ505972.1	528477	529431	+	17.0	0
ERVL	DR0105278	KZ505972.1	531473	531997	+	13.3	0
ERVL	DR0105305	KZ505973.1	6948	7165	+	24.8	0
ERVL	DR0105305	KZ505973.1	7225	7561	+	27.2	0
ERVL	DR0105371	KZ505973.1	20051	20556	+	14.5	0
ERVL	DR0105238	KZ505973.1	48709	49446	+	12.1	0
ERVL	DR0105294	KZ505973.1	63195	63935	C	10.1	0
ERVL	DR0105327	KZ505973.1	63953	64664	C	13.1	0
ERVL	DR0105370	KZ505973.1	70909	71509	+	12.3	0
ERVL	DR0105364	KZ505973.1	73006	73622	C	14.8	0
ERVL	DR0105327	KZ505973.1	94275	94977	C	10.3	0
ERV4	DR0105376	KZ505973.1	233616	233752	+	6.6	0
ERV4	DR0105376	KZ505973.1	234192	234308	+	5.3	0
ERVL	DR0105278	KZ505973.1	267855	268323	C	18.0	0
ERVL	DR0105338	KZ505973.1	294326	294819	C	13.4	0
ERVL	DR0105238	KZ505973.1	350693	351414	+	59.5	0
ERVL	DR0105315	KZ505973.1	378049	378476	+	23.5	0
ERVL	DR0105358	KZ505973.1	385570	386082	C	6.6	0
ERVL	DR0105278	KZ505973.1	405952	406474	C	15.3	0
ERVL	DR0105338	KZ505973.1	412315	413336	+	23.8	0
ERVL	DR0105370	KZ505973.1	423902	424482	+	14.7	0
ERV1	DR0105342	KZ505973.1	492574	492987	C	20.1	0
ERV4	DR0105376	KZ505974.1	133375	133540	C	11.1	0
ERVL	DR0105370	KZ505974.1	419169	419858	C	17.4	0
ERVL	DR0105338	KZ505975.1	2537	3359	+	23.7	0
ERVL	DR0105370	KZ505975.1	12190	12810	C	19.5	0
ERVL	DR0105338	KZ505975.1	18998	19592	+	28.9	0
ERVL	DR0105278	KZ505975.1	35185	35684	C	17.0	0
ERVL	DR0105341	KZ505975.1	89062	89466	C	11.1	0
ERVL	DR0105370	KZ505975.1	98967	99519	+	22.1	0
ERVL	DR0105370	KZ505975.1	126079	126677	+	13.3	0
ERVL	DR0105338	KZ505975.1	214660	215778	C	17.3	0
ERVL	DR0105338	KZ505975.1	219188	219997	C	21.4	0
ERVL	DR0105370	KZ505975.1	266483	267061	+	17.3	0
ERVL	DR0105294	KZ505975.1	292962	293690	C	10.6	0
ERVL	DR0105338	KZ505975.1	302274	303216	C	25.7	0
ERVL	DR0105338	KZ505975.1	327314	328382	C	21.8	0
ERV1	DR0105240	KZ505975.1	350889	351010	+	26.0	0
ERVL	DR0105315	KZ505975.1	377536	378051	C	23.5	0
ERVL	DR0105294	KZ505975.1	384688	385431	+	10.2	0
ERVL	DR0105338	KZ505975.1	400020	400155	C	22.1	0
ERVL	DR0105338	KZ505975.1	400186	400246	C	12.9	0
ERVL	DR0105230	KZ505975.1	404707	404812	C	18.9	0
ERVL	DR0105315	KZ505975.1	440324	440705	C	24.4	0
ERVL	DR0105338	KZ505975.1	491937	492696	C	18.0	0
ERVL	DR0105338	KZ505975.1	498343	498713	+	26.2	0
ERVL	DR0105315	KZ505976.1	24584	24846	+	15.6	0
ERVL	DR0105370	KZ505976.1	24875	25069	+	26.9	0
ERVL	DR0105305	KZ505976.1	96757	96883	+	29.0	0
ERVL	DR0105261	KZ505976.1	159942	160232	+	12.0	0
ERVL	DR0105371	KZ505976.1	191229	191604	C	15.5	0
ERVL	DR0105278	KZ505976.1	250647	251187	C	13.0	0
ERVL	DR0105358	KZ505976.1	332323	332967	+	5.3	0
ERVL	DR0105295	KZ505976.1	361646	362179	+	20.4	0
ERVL	DR0105278	KZ505976.1	430386	430906	C	14.8	0
ERV4	DR0105376	KZ505976.1	436950	437485	+	13.9	0
ERVL	DR0105238	KZ505976.1	437752	438533	+	10.1	0
ERVL	DR0105305	KZ505976.1	461516	461803	C	26.9	0
ERVL	DR0105371	KZ505976.1	475368	475960	C	15.4	0
ERVL	DR0105305	KZ505976.1	478657	478926	C	23.5	0
ERVL	DR0105294	KZ505976.1	482948	483686	C	11.5	0
ERVL	DR0105371	KZ505976.1	494257	494392	+	23.6	0
ERVL	DR0105358	KZ505976.1	517960	518594	+	4.6	0
ERV1	DR0105342	KZ505977.1	63	294	+	12.5	0
ERVL	DR0105370	KZ505977.1	18332	18439	+	28.9	0
ERVL	DR0105370	KZ505977.1	19164	19709	+	15.0	0
ERVL	DR0105294	KZ505977.1	23377	24108	+	10.9	0
ERVL	DR0105315	KZ505977.1	54555	54694	C	25.5	0
ERVL	DR0105327	KZ505977.1	54952	55005	+	5.6	0
ERVL	DR0105238	KZ505977.1	64419	65149	+	59.8	0
ERVL	DR0105278	KZ505977.1	137174	137723	+	17.1	0
ERV4	DR0105376	KZ505977.1	240033	240092	C	10.2	0
ERVL	DR0105315	KZ505977.1	240251	240776	C	21.8	0
ERVL	DR0105371	KZ505977.1	298732	299295	+	14.5	0
ERVL	DR0105338	KZ505977.1	329006	329732	C	25.2	0
ERVL	DR0105295	KZ505977.1	356753	356834	C	18.3	0
ERVL	DR0105238	KZ505977.1	368916	369671	+	10.1	0
ERVL	DR0105358	KZ505977.1	373318	373968	C	12.3	0
ERVL	DR0105371	KZ505977.1	418122	418222	C	20.4	0
ERVL	DR0105238	KZ505977.1	420914	421175	C	10.7	0
ERVL	DR0105370	KZ505977.1	457332	457494	C	12.6	0
ERVL	DR0105278	KZ505977.1	483433	483924	+	14.1	0
ERVL	DR0105371	KZ505978.1	29813	30313	C	13.7	0
ERVL	DR0105371	KZ505978.1	87085	87621	+	13.4	0
ERVL	DR0105338	KZ505978.1	87927	88302	+	14.7	0
ERVL	DR0105370	KZ505978.1	88353	88885	+	15.7	0
ERVL	DR0105370	KZ505978.1	247279	247417	C	20.9	0
ERVL	DR0105305	KZ505978.1	310467	310543	+	15.8	0
ERVL	DR0105338	KZ505978.1	312068	312297	+	21.1	0
ERVL	DR0105338	KZ505978.1	361244	361727	C	12.2	0
ERVL	DR0105338	KZ505978.1	456801	457351	+	23.1	0
ERVL	DR0105327	KZ505978.1	495249	495965	C	8.0	0
ERVL	DR0105338	KZ505978.1	509281	509753	+	23.0	0
ERVL	DR0105338	KZ505979.1	37711	38129	C	25.4	0
ERVL	DR0105230	KZ505979.1	462399	462433	C	2.9	0
ERVL	DR0105261	KZ505980.1	48762	48881	+	15.8	0
ERVL	DR0105315	KZ505980.1	196647	197220	C	23.0	0
ERVL	DR0105327	KZ505980.1	338621	338930	+	9.7	0
ERVL	DR0105261	KZ505980.1	399753	400045	+	11.7	0
ERVL	DR0105295	KZ505980.1	482244	482504	C	19.1	0
ERVL	DR0105370	KZ505981.1	4154	4730	+	17.0	0
ERVL	DR0105370	KZ505981.1	26954	27088	C	18.5	0
ERVL	DR0105341	KZ505981.1	43850	44250	+	11.5	0
ERVL	DR0105261	KZ505981.1	44555	44971	+	15.2	0
ERVL	DR0105261	KZ505981.1	51663	52060	+	15.7	0
ERVL	DR0105338	KZ505981.1	53697	54404	+	25.9	0
ERVL	DR0105305	KZ505981.1	58340	58434	+	27.8	0
ERVL	DR0105278	KZ505981.1	73215	73594	C	17.5	0
ERVL	DR0105338	KZ505981.1	81142	81761	C	22.3	0
ERVL	DR0105295	KZ505981.1	111843	112050	C	16.0	0
ERVL	DR0105338	KZ505981.1	124419	124676	C	21.4	0
ERVL	DR0105295	KZ505981.1	126045	126238	+	16.3	0
ERVL	DR0105370	KZ505981.1	126554	126767	+	16.9	0
ERVL	DR0105338	KZ505981.1	134201	135257	C	18.5	0
ERVL	DR0105358	KZ505981.1	140947	141425	+	4.2	0
ERVL	DR0105295	KZ505981.1	147010	147498	C	22.7	0
ERVL	DR0105370	KZ505981.1	152860	153139	C	19.8	0
ERVL	DR0105278	KZ505981.1	153140	153590	+	16.2	0
ERVL	DR0105295	KZ505981.1	153607	153896	C	16.3	0
ERVL	DR0105278	KZ505981.1	156166	156716	C	14.6	0
ERVL	DR0105371	KZ505981.1	160314	160853	C	12.5	0
ERVL	DR0105294	KZ505981.1	162001	162733	+	9.9	0
ERVL	DR0105370	KZ505981.1	185132	185692	C	24.1	0
ERVL	DR0105295	KZ505981.1	252036	252159	+	15.3	0
ERVL	DR0105371	KZ505981.1	262840	263194	+	15.3	0
ERVL	DR0105294	KZ505981.1	289215	289650	C	5.1	0
ERVL	DR0105370	KZ505981.1	296783	297371	+	16.7	0
ERVL	DR0105338	KZ505981.1	303948	304257	+	25.8	0
ERVL	DR0105371	KZ505981.1	343794	344380	+	17.2	0
ERVL	DR0105370	KZ505981.1	350713	351281	C	24.1	0
ERVL	DR0105338	KZ505981.1	351683	351939	C	21.4	0
ERVL	DR0105338	KZ505981.1	351942	352601	C	22.6	0
ERVL	DR0105338	KZ505981.1	365055	366106	+	21.3	0
ERVL	DR0105371	KZ505981.1	378740	378841	C	19.8	0
ERVL	DR0105338	KZ505981.1	386373	387478	C	17.8	0
ERVL	DR0105278	KZ505981.1	388609	388792	+	18.1	0
ERVL	DR0105370	KZ505981.1	402361	402947	C	14.5	0
ERVL	DR0105261	KZ505981.1	426513	426919	+	22.3	0
ERVL	DR0105305	KZ505981.1	426923	427013	+	31.1	0
ERVL	DR0105238	KZ505981.1	435090	435818	C	10.2	0
ERVL	DR0105238	KZ505981.1	447170	447206	C	16.2	0
ERVL	DR0105370	KZ505981.1	450337	450482	C	13.2	0
ERVL	DR0105370	KZ505981.1	452162	452727	+	18.1	0
ERVL	DR0105370	KZ505981.1	473467	473608	C	25.5	0
ERVL	DR0105338	KZ505981.1	505998	506440	+	25.5	0
ERVL	DR0105371	KZ505981.1	527777	527951	C	15.3	0
ERV4	DR0105376	KZ505982.1	14431	14598	+	8.0	0
ERVL	DR0105338	KZ505982.1	150247	150624	+	11.3	0
ERVL	DR0105338	KZ505982.1	249836	250200	+	10.6	0
ERVL	DR0105278	KZ505982.1	369493	369978	+	15.4	0
ERV4	DR0105376	KZ505983.1	27762	27948	C	23.8	0
ERVL	DR0105370	KZ505983.1	28266	28845	C	13.2	0
ERVL	DR0105371	KZ505983.1	38592	39152	C	13.2	0
ERVL	DR0105315	KZ505983.1	74002	74208	C	23.2	0
ERVL	DR0105327	KZ505983.1	110347	111064	+	7.8	0
ERV1	DR0105342	KZ505983.1	356009	357025	C	15.5	0
ERVL	DR0105230	KZ505983.1	417197	417782	+	5.0	0
ERVL	DR0105371	KZ505983.1	447172	447742	+	13.1	0
ERVL	DR0105238	KZ505983.1	467973	468731	C	9.9	0
ERVL	DR0105370	KZ505984.1	10220	10767	C	22.6	0
ERVL	DR0105370	KZ505984.1	55205	55805	C	13.8	0
ERVL	DR0105305	KZ505984.1	332427	332848	C	28.7	0
ERVL	DR0105364	KZ505984.1	334474	335119	C	13.9	0
ERV1	DR0105240	KZ505984.1	438746	438847	+	23.2	0
ERVL	DR0105338	KZ505985.1	6383	7125	+	13.2	0
ERVL	DR0105338	KZ505985.1	126964	127688	C	24.2	0
ERVL	DR0105370	KZ505985.1	136279	136824	C	16.4	0
ERVL	DR0105338	KZ505985.1	458960	459077	C	15.2	0
ERV1	DR0105225	KZ505985.1	490398	490439	+	16.7	0
ERV1	DR0105321	KZ505985.1	499589	500024	+	13.1	0
ERVL	DR0105364	KZ505986.1	110856	110987	C	9.9	0
ERVL	DR0105278	KZ505986.1	139717	139904	C	17.4	0
ERVL	DR0105315	KZ505986.1	158911	159222	C	21.8	0
ERVL	DR0105305	KZ505986.1	192492	192878	C	23.4	0
ERVL	DR0105370	KZ505986.1	192896	193012	C	27.6	0
ERVL	DR0105305	KZ505986.1	193060	193210	C	29.1	0
ERVL	DR0105338	KZ505986.1	202371	202723	C	21.9	0
ERVL	DR0105338	KZ505986.1	202725	203108	C	23.4	0
ERVL	DR0105338	KZ505986.1	220092	221096	C	15.1	0
ERVL	DR0105338	KZ505986.1	232794	233160	C	22.7	0
ERVL	DR0105278	KZ505986.1	295321	295795	C	16.3	0
ERVL	DR0105278	KZ505986.1	328045	328549	C	14.4	0
ERVL	DR0105294	KZ505986.1	351211	351720	+	7.7	0
ERVL	DR0105312	KZ505986.1	354103	354336	+	20.5	0
ERVL	DR0105338	KZ505986.1	383027	383921	C	14.6	0
ERVL	DR0105370	KZ505986.1	397478	398075	+	19.1	0
ERVL	DR0105370	KZ505986.1	438658	438872	C	25.1	0
ERVL	DR0105238	KZ505986.1	447640	447716	C	5.2	0
ERV1	DR0105321	KZ505986.1	473652	473711	+	6.7	0
ERV1	DR0105321	KZ505986.1	473730	474339	+	13.3	0
ERVL	DR0105294	KZ505986.1	482339	482421	+	9.6	0
ERVL	DR0105371	KZ505986.1	485510	485930	+	12.9	0
ERVL	DR0105238	KZ505986.1	491808	492185	+	16.4	0
ERVL	DR0105327	KZ505987.1	375174	375223	+	14.0	0
ERVL	DR0105370	KZ505987.1	457339	457910	C	22.6	0
ERVL	DR0105338	KZ505988.1	73939	74934	+	14.7	0
ERVL	DR0105370	KZ505988.1	91940	92034	+	28.4	0
ERVL	DR0105312	KZ505988.1	189075	189473	C	14.8	0
ERVL	DR0105370	KZ505988.1	229349	229879	C	13.5	0
ERVL	DR0105232	KZ505988.1	278581	278685	C	27.6	0
ERVL	DR0105278	KZ505989.1	167918	168451	C	16.1	0
ERVL	DR0105338	KZ505989.1	371451	372103	+	17.8	0
ERVL	DR0105315	KZ505990.1	24048	24607	+	21.8	0
ERVL	DR0105278	KZ505990.1	40323	40838	+	13.2	0
ERVL	DR0105338	KZ505990.1	170870	171638	+	25.4	0
ERVL	DR0105371	KZ505990.1	226776	227320	C	14.7	0
ERVL	DR0105278	KZ505990.1	437214	437755	C	15.3	0
ERVL	DR0105338	KZ505990.1	457806	458959	C	15.5	0
ERVL	DR0105278	KZ505990.1	512876	513408	C	13.4	0
ERVL	DR0105370	KZ505991.1	10711	11077	+	13.2	0
ERVL	DR0105370	KZ505991.1	204864	204968	C	23.8	0
ERVL	DR0105370	KZ505991.1	401009	401083	+	14.7	0
ERVL	DR0105370	KZ505992.1	45065	45178	C	15.6	0
ERVL	DR0105295	KZ505992.1	84327	84852	+	24.3	0
ERVL	DR0105315	KZ505992.1	119481	119571	+	22.0	0
ERVL	DR0105371	KZ505992.1	193731	194303	+	15.3	0
ERV4	DR0105376	KZ505992.1	206547	207096	+	14.1	0
ERVL	DR0105312	KZ505992.1	457689	457974	C	19.2	0
ERVL	DR0105312	KZ505993.1	1	123	+	10.9	0
ERVL	DR0105305	KZ505993.1	26564	26722	+	32.9	0
ERVL	DR0105358	KZ505993.1	86624	86810	C	20.4	0
ERV1	DR0105321	KZ505993.1	117984	118100	C	24.8	0
ERV1	DR0105321	KZ505993.1	118181	118514	C	23.5	0
ERVL	DR0105238	KZ505993.1	164637	165377	+	12.3	0
ERVL	DR0105238	KZ505993.1	239217	239358	+	7.8	0
ERVL	DR0105238	KZ505993.1	239817	239878	+	16.7	0
ERVL	DR0105338	KZ505993.1	265714	266790	+	23.4	0
ERVL	DR0105295	KZ505993.1	270780	271058	+	21.1	0
ERVL	DR0105370	KZ505993.1	349054	349288	C	11.2	0
ERVL	DR0105294	KZ505993.1	438943	439647	+	9.9	0
ERVL	DR0105305	KZ505993.1	471875	471954	+	26.2	0
ERVL	DR0105305	KZ505993.1	472022	472372	+	24.6	0
ERVL	DR0105238	KZ505993.1	477848	477925	+	3.9	0
ERVL	DR0105238	KZ505993.1	478427	478593	+	13.0	0
ERVL	DR0105338	KZ505993.1	510028	510216	+	18.5	0
ERVL	DR0105278	KZ505994.1	119357	119836	+	15.7	0
ERV1	DR0105342	KZ505994.1	261780	262422	+	13.6	0
ERVL	DR0105370	KZ505994.1	268518	269103	C	15.7	0
ERVL	DR0105315	KZ505996.1	42547	43086	+	20.2	0
ERVL	DR0105358	KZ505996.1	43956	44602	+	33.2	0
ERVL	DR0105294	KZ505996.1	49390	50115	+	10.7	0
ERVL	DR0105364	KZ505996.1	298517	299121	C	14.4	0
ERV1	DR0105321	KZ505996.1	341740	342481	+	12.7	0
ERVL	DR0105364	KZ505996.1	370718	371369	+	12.9	0
ERVL	DR0105230	KZ505997.1	116219	116277	C	18.6	0
ERVL	DR0105294	KZ505997.1	320837	321047	+	8.5	0
ERVL	DR0105278	KZ505997.1	462733	463258	+	18.7	0
ERVL	DR0105370	KZ505998.1	14790	15076	C	13.3	0
ERV4	DR0105376	KZ505998.1	15077	15823	+	7.3	0
ERVL	DR0105370	KZ505998.1	15824	16135	C	17.4	0
ERVL	DR0105338	KZ505998.1	16145	16386	+	19.8	0
ERVL	DR0105338	KZ505998.1	16956	17858	+	18.3	0
ERVL	DR0105312	KZ505998.1	18185	18423	+	33.4	0
ERVL	DR0105371	KZ505998.1	22763	23301	C	14.3	0
ERVL	DR0105370	KZ505998.1	106468	106994	C	16.8	0
ERVL	DR0105312	KZ505998.1	115861	116359	C	19.1	0
ERVL	DR0105315	KZ505998.1	121795	122355	C	23.1	0
ERVL	DR0105238	KZ505998.1	147704	148099	C	11.3	0
ERVL	DR0105371	KZ505998.1	402602	403151	+	13.7	0
ERVL	DR0105371	KZ505999.1	66391	66535	+	16.7	0
ERVL	DR0105370	KZ505999.1	71462	72049	+	12.9	0
ERVL	DR0105358	KZ505999.1	248434	249074	C	5.2	0
ERVL	DR0105370	KZ505999.1	427795	427898	+	21.4	0
ERVL	DR0105295	KZ505999.1	443210	443370	+	20.2	0
ERVL	DR0105364	KZ506000.1	188903	189343	+	15.8	0
ERVL	DR0105295	KZ506001.1	3742	3830	+	10.1	0
ERVL	DR0105315	KZ506001.1	3866	4081	+	30.8	0
ERVL	DR0105305	KZ506001.1	24408	24511	+	18.4	0
ERVL	DR0105305	KZ506001.1	24777	25100	+	29.5	0
ERVL	DR0105278	KZ506001.1	35177	35743	+	15.1	0
ERVL	DR0105370	KZ506001.1	44203	44603	+	17.2	0
ERVL	DR0105338	KZ506001.1	63045	64023	C	17.6	0
ERVL	DR0105370	KZ506001.1	104671	105202	+	13.8	0
ERVL	DR0105371	KZ506001.1	127413	127984	C	14.3	0
ERVL	DR0105278	KZ506001.1	191282	191809	+	14.8	0
ERVL	DR0105315	KZ506001.1	194561	195120	+	23.0	0
ERVL	DR0105278	KZ506001.1	225992	226480	C	14.9	0
ERVL	DR0105338	KZ506002.1	220242	220409	C	27.4	0
ERVL	DR0105338	KZ506002.1	220881	221020	+	25.0	0
ERVL	DR0105338	KZ506002.1	225477	226587	C	17.7	0
ERVL	DR0105370	KZ506002.1	228472	229044	+	16.3	0
ERVL	DR0105238	KZ506002.1	330637	331380	C	12.6	0
ERVL	DR0105371	KZ506002.1	361733	362324	+	14.1	0
ERVL	DR0105315	KZ506002.1	372888	373134	+	24.0	0
ERVL	DR0105370	KZ506002.1	426633	426695	C	16.8	0
ERVL	DR0105370	KZ506002.1	426707	426798	C	13.0	0
ERVL	DR0105370	KZ506002.1	448877	449438	+	13.7	0
ERVL	DR0105370	KZ506002.1	462557	463127	C	26.6	0
ERVL	DR0105238	KZ506002.1	488816	488855	+	10.0	0
ERVL	DR0105238	KZ506002.1	488873	488923	+	13.7	0
ERVL	DR0105315	KZ506002.1	490439	490961	+	23.8	0
ERVL	DR0105370	KZ506002.1	496856	497191	+	16.2	0
ERVL	DR0105305	KZ506003.1	34219	35010	C	24.4	0
ERVL	DR0105364	KZ506003.1	63156	63781	+	13.4	0
ERVL	DR0105305	KZ506003.1	83683	83844	C	30.0	0
ERVL	DR0105261	KZ506003.1	157970	158275	+	16.8	0
ERV1	DR0105240	KZ506003.1	196976	197173	C	30.7	0
ERVL	DR0105294	KZ506003.1	213222	213951	C	10.3	0
ERVL	DR0105338	KZ506003.1	223080	223663	+	27.3	0
ERVL	DR0105338	KZ506003.1	287528	288004	+	25.7	0
ERVL	DR0105230	KZ506003.1	294412	294734	+	8.7	0
ERVL	DR0105370	KZ506003.1	296698	297264	C	19.7	0
ERVL	DR0105338	KZ506003.1	308286	308759	C	14.9	0
ERVL	DR0105238	KZ506003.1	336756	336943	C	9.0	0
ERVL	DR0105278	KZ506003.1	365528	366069	C	17.9	0
ERVL	DR0105327	KZ506003.1	373259	373966	+	9.1	0
ERV4	DR0105376	KZ506003.1	401744	402290	C	14.7	0
ERVL	DR0105295	KZ506003.1	441230	441762	C	21.5	0
ERVL	DR0105358	KZ506003.1	445410	445665	+	5.1	0
ERVL	DR0105338	KZ506003.1	452815	453208	+	19.5	0
ERVL	DR0105338	KZ506003.1	488344	488403	C	21.7	0
ERVL	DR0105338	KZ506003.1	489826	490140	+	24.2	0
ERVL	DR0105338	KZ506003.1	490407	490559	+	20.8	0
ERVL	DR0105261	KZ506004.1	45905	46119	+	27.4	0
ERVL	DR0105278	KZ506004.1	102762	103186	+	18.2	0
ERVL	DR0105370	KZ506004.1	225280	225873	+	12.9	0
ERVL	DR0105278	KZ506004.1	255440	255963	+	13.8	0
ERVL	DR0105370	KZ506004.1	275093	275693	C	16.1	0
ERVL	DR0105315	KZ506004.1	284171	284697	+	22.8	0
ERVL	DR0105338	KZ506004.1	293633	294758	+	17.3	0
ERVL	DR0105305	KZ506004.1	394946	395546	+	29.0	0
ERVL	DR0105278	KZ506004.1	428401	428901	C	15.4	0
ERVL	DR0105370	KZ506004.1	437574	437944	+	25.9	0
ERVL	DR0105238	KZ506005.1	41807	41867	+	3.3	0
ERVL	DR0105370	KZ506005.1	67526	68095	C	16.0	0
ERVL	DR0105371	KZ506005.1	163345	163917	+	13.2	0
ERVL	DR0105232	KZ506005.1	225438	225487	+	20.0	0
ERVL	DR0105315	KZ506005.1	237828	238381	+	23.1	0
ERVL	DR0105370	KZ506005.1	338825	339436	+	10.8	0
ERVL	DR0105370	KZ506006.1	7493	8061	+	16.5	0
ERVL	DR0105338	KZ506006.1	100939	101194	+	20.2	0
ERVL	DR0105326	KZ506006.1	235945	236030	+	16.3	0
ERVL	DR0105338	KZ506006.1	250117	250197	+	14.8	0
ERVL	DR0105338	KZ506006.1	250220	250419	+	24.2	0
ERVL	DR0105338	KZ506006.1	283600	284643	+	24.9	0
ERVL	DR0105278	KZ506006.1	314155	314685	+	18.8	0
ERVL	DR0105305	KZ506006.1	329558	330095	+	25.5	0
ERVL	DR0105338	KZ506006.1	330750	331894	+	18.3	0
ERVL	DR0105261	KZ506006.1	352543	352644	C	19.6	0
ERV4	DR0105376	KZ506006.1	355392	355585	+	31.6	0
ERVL	DR0105294	KZ506006.1	427034	427377	C	9.1	0
ERVL	DR0105371	KZ506006.1	434038	434599	C	22.1	0
ERVL	DR0105312	KZ506006.1	451950	453334	+	12.7	0
ERVL	DR0105238	KZ506006.1	455596	456254	+	10.6	0
ERVL	DR0105238	KZ506006.1	477075	477415	+	12.4	0
ERV4	DR0105376	KZ506006.1	489036	489741	C	55.9	0
ERVL	DR0105371	KZ506008.1	130971	131548	+	13.0	0
ERVL	DR0105278	KZ506008.1	293456	293938	+	16.5	0
ERVL	DR0105238	KZ506008.1	414995	415029	+	3.0	0
ERVL	DR0105327	KZ506008.1	418954	418991	+	7.9	0
ERVL	DR0105370	KZ506009.1	489827	490425	C	29.2	0
ERVL	DR0105232	KZ506010.1	300267	300341	C	13.0	0
ERVL	DR0105370	KZ506011.1	40569	41160	C	16.4	0
ERVL	DR0105238	KZ506011.1	66007	66581	+	8.7	0
ERVL	DR0105338	KZ506011.1	67183	67341	+	21.4	0
ERVL	DR0105338	KZ506011.1	67342	67740	+	13.3	0
ERV4	DR0105376	KZ506011.1	76180	76840	+	8.1	0
ERVL	DR0105305	KZ506011.1	376180	376304	+	19.3	0
ERVL	DR0105370	KZ506011.1	476184	476394	C	22.1	0
ERVL	DR0105370	KZ506011.1	476397	476973	C	15.3	0
ERVL	DR0105305	KZ506011.1	489327	489427	+	19.8	0
ERVL	DR0105305	KZ506011.1	489440	489800	+	27.3	0
ERVL	DR0105371	KZ506012.1	89079	89638	+	17.7	0
ERVL	DR0105370	KZ506012.1	159785	160276	C	22.0	0
ERVL	DR0105315	KZ506012.1	235657	236194	C	25.0	0
ERVL	DR0105295	KZ506012.1	381090	381634	C	22.4	0
ERVL	DR0105370	KZ506012.1	419882	420481	+	19.7	0
ERVL	DR0105294	KZ506013.1	3788	4130	+	15.5	0
ERVL	DR0105338	KZ506013.1	22764	23354	+	20.3	0
ERVL	DR0105338	KZ506013.1	23612	24071	+	9.8	0
ERVL	DR0105370	KZ506013.1	201785	202387	C	14.3	0
ERVL	DR0105294	KZ506013.1	245241	245958	C	9.5	0
ERVL	DR0105370	KZ506013.1	265675	266220	+	23.3	0
ERVL	DR0105315	KZ506013.1	278839	279417	+	25.6	0
ERVL	DR0105370	KZ506013.1	283744	283834	+	22.8	0
ERVL	DR0105370	KZ506013.1	335565	335980	C	14.3	0
ERVL	DR0105327	KZ506013.1	358550	358679	+	10.0	0
ERVL	DR0105315	KZ506013.1	386291	386760	C	23.5	0
ERVL	DR0105338	KZ506013.1	403492	403868	C	12.3	0
ERVL	DR0105370	KZ506014.1	136317	136895	C	15.1	0
ERVL	DR0105364	KZ506014.1	174336	174909	+	13.5	0
ERVL	DR0105278	KZ506015.1	38546	39013	+	20.6	0
ERVL	DR0105338	KZ506015.1	112415	113476	+	22.1	0
ERVL	DR0105371	KZ506015.1	207528	208110	+	14.5	0
ERVL	DR0105338	KZ506016.1	10965	11980	C	26.5	0
ERVL	DR0105358	KZ506016.1	46227	46756	C	4.9	0
ERVL	DR0105358	KZ506016.1	50221	50864	+	5.1	0
ERVL	DR0105278	KZ506016.1	99071	99467	+	13.0	0
ERVL	DR0105370	KZ506016.1	129758	130265	C	12.2	0
ERVL	DR0105370	KZ506016.1	156800	157350	C	23.9	0
ERVL	DR0105305	KZ506016.1	181428	181674	+	25.0	0
ERVL	DR0105278	KZ506016.1	244062	244312	+	17.3	0
ERVL	DR0105315	KZ506016.1	257025	257596	+	25.6	0
ERVL	DR0105371	KZ506016.1	269064	269648	C	16.5	0
ERVL	DR0105370	KZ506016.1	401361	401711	C	14.8	0
ERVL	DR0105315	KZ506016.1	431371	431458	C	26.1	0
ERVL	DR0105295	KZ506016.1	431459	431660	C	23.1	0
ERVL	DR0105238	KZ506017.1	69187	69225	+	0.0	0
ERVL	DR0105312	KZ506017.1	122863	123275	C	18.6	0
ERVL	DR0105370	KZ506017.1	178588	178885	+	15.2	0
ERV4	DR0105376	KZ506017.1	209432	209683	+	6.5	0
ERV4	DR0105376	KZ506017.1	209685	210000	+	6.4	0
ERVL	DR0105278	KZ506017.1	216644	216822	C	18.6	0
ERVL	DR0105278	KZ506017.1	216823	216977	C	13.0	0
ERVL	DR0105371	KZ506017.1	337756	338338	C	13.3	0
ERVL	DR0105338	KZ506017.1	342781	343890	C	17.0	0
ERVL	DR0105278	KZ506017.1	373862	374342	C	16.4	0
ERVL	DR0105371	KZ506017.1	455535	456112	C	14.4	0
ERVL	DR0105338	KZ506017.1	456563	457710	C	17.2	0
ERVL	DR0105364	KZ506018.1	254853	255438	+	11.8	0
ERV4	DR0105376	KZ506019.1	142584	142764	C	5.0	0
ERV1	DR0105240	KZ506019.1	179028	179095	C	15.7	0
ERVL	DR0105358	KZ506020.1	28777	28976	+	4.0	0
ERVL	DR0105278	KZ506020.1	177984	178509	C	16.9	0
ERVL	DR0105370	KZ506020.1	214879	214943	+	20.0	0
ERVL	DR0105370	KZ506020.1	250997	251629	C	14.5	0
ERVL	DR0105278	KZ506021.1	13129	13635	+	14.7	0
ERVL	DR0105315	KZ506021.1	20190	20819	+	25.3	0
ERVL	DR0105338	KZ506021.1	20930	21240	+	20.4	0
ERVL	DR0105370	KZ506021.1	40070	40153	C	26.5	0
ERVL	DR0105370	KZ506021.1	51171	51753	+	20.1	0
ERVL	DR0105370	KZ506021.1	89117	89694	+	16.8	0
ERVL	DR0105278	KZ506021.1	107404	107936	C	14.9	0
ERVL	DR0105370	KZ506021.1	114320	114913	+	18.3	0
ERV4	DR0105376	KZ506021.1	121399	122044	+	19.1	0
ERVL	DR0105238	KZ506021.1	133251	133295	+	4.4	0
ERVL	DR0105338	KZ506021.1	136089	136259	+	28.1	0
ERVL	DR0105238	KZ506021.1	136260	136992	+	11.3	0
ERVL	DR0105338	KZ506021.1	137114	137510	+	24.0	0
ERVL	DR0105338	KZ506021.1	137515	137723	C	31.4	0
ERVL	DR0105312	KZ506021.1	170817	171216	C	22.4	0
ERVL	DR0105230	KZ506021.1	172487	172535	C	10.2	0
ERVL	DR0105370	KZ506021.1	185025	185610	C	16.8	0
ERVL	DR0105294	KZ506021.1	210659	211065	+	9.1	0
ERVL	DR0105338	KZ506021.1	214859	215063	+	22.7	0
ERVL	DR0105338	KZ506021.1	217842	218583	C	26.6	0
ERVL	DR0105358	KZ506021.1	248923	249567	+	5.7	0
ERVL	DR0105338	KZ506021.1	403065	403358	C	27.9	0
ERVL	DR0105370	KZ506021.1	410887	411461	+	16.8	0
ERVL	DR0105312	KZ506021.1	433134	433380	C	18.8	0
ERVL	DR0105238	KZ506021.1	467910	468655	C	10.8	0
ERVL	DR0105338	KZ506022.1	6272	6880	+	28.3	0
ERVL	DR0105338	KZ506022.1	17579	18001	C	22.4	0
ERVL	DR0105278	KZ506022.1	37701	38174	C	17.2	0
ERVL	DR0105278	KZ506022.1	40644	41190	+	17.9	0
ERVL	DR0105261	KZ506022.1	232550	233091	+	17.2	0
ERVL	DR0105341	KZ506022.1	242185	242562	C	9.2	0
ERVL	DR0105312	KZ506022.1	246646	246811	C	10.9	0
ERVL	DR0105315	KZ506022.1	292217	292499	+	21.6	0
ERVL	DR0105278	KZ506022.1	321767	321873	+	16.0	0
ERVL	DR0105294	KZ506022.1	344860	345232	C	10.5	0
ERV4	DR0105376	KZ506022.1	380826	381151	+	15.3	0
ERVL	DR0105370	KZ506022.1	390905	391386	C	24.8	0
ERVL	DR0105312	KZ506022.1	391765	392216	C	26.6	0
ERVL	DR0105370	KZ506022.1	436393	436978	C	17.7	0
ERVL	DR0105338	KZ506022.1	460634	460773	+	23.7	0
ERV4	DR0105376	KZ506022.1	461388	462132	+	6.2	0
ERVL	DR0105238	KZ506023.1	66110	66195	C	14.7	0
ERVL	DR0105358	KZ506023.1	112147	112790	C	4.7	0
ERVL	DR0105312	KZ506023.1	126801	126975	C	16.4	0
ERVL	DR0105295	KZ506023.1	226201	226482	C	23.4	0
ERVL	DR0105338	KZ506023.1	299791	300545	+	22.6	0
ERVL	DR0105338	KZ506023.1	340855	341895	C	15.3	0
ERVL	DR0105294	KZ506023.1	354240	354977	+	9.7	0
ERVL	DR0105312	KZ506023.1	399612	399665	+	20.4	0
ERVL	DR0105327	KZ506023.1	467605	468108	+	15.0	0
ERVL	DR0105278	KZ506024.1	313466	313923	+	13.8	0
ERVL	DR0105371	KZ506024.1	340166	340742	+	15.0	0
ERVL	DR0105370	KZ506024.1	348089	348507	+	14.1	0
ERVL	DR0105371	KZ506025.1	274761	275325	+	18.8	0
ERVL	DR0105278	KZ506025.1	333660	334144	C	22.1	0
ERVL	DR0105278	KZ506026.1	117188	117704	C	17.6	0
ERVL	DR0105370	KZ506026.1	125209	125543	+	11.9	0
ERVL	DR0105338	KZ506026.1	354072	355135	C	15.6	0
ERVL	DR0105294	KZ506027.1	146557	146716	+	10.0	0
ERVL	DR0105294	KZ506027.1	146730	147237	+	12.7	0
ERVL	DR0105327	KZ506027.1	218745	219473	+	10.5	0
ERVL	DR0105338	KZ506027.1	431056	432165	C	15.5	0
ERVL	DR0105295	KZ506027.1	461200	461444	+	15.9	0
ERVL	DR0105278	KZ506028.1	8989	9486	+	14.8	0
ERVL	DR0105338	KZ506028.1	20578	21755	+	14.9	0
ERVL	DR0105278	KZ506028.1	37095	37587	C	16.5	0
ERVL	DR0105295	KZ506028.1	40587	40720	+	17.9	0
ERVL	DR0105315	KZ506028.1	40722	40982	+	28.4	0
ERVL	DR0105364	KZ506028.1	69839	70486	C	10.7	0
ERVL	DR0105371	KZ506028.1	81683	82231	C	20.0	0
ERVL	DR0105261	KZ506028.1	124845	125200	+	14.4	0
ERVL	DR0105295	KZ506028.1	178283	178816	C	24.7	0
ERVL	DR0105232	KZ506028.1	192024	192063	C	15.0	0
ERVL	DR0105371	KZ506028.1	192072	192425	C	15.3	0
ERVL	DR0105305	KZ506028.1	199938	200208	C	27.6	0
ERVL	DR0105232	KZ506028.1	203342	203573	C	32.7	0
ERVL	DR0105370	KZ506028.1	203801	204258	C	25.9	0
ERVL	DR0105338	KZ506028.1	230699	231837	C	14.0	0
ERVL	DR0105370	KZ506028.1	234422	234982	+	12.3	0
ERVL	DR0105338	KZ506028.1	263634	264693	C	15.3	0
ERVL	DR0105370	KZ506028.1	283241	283794	C	20.0	0
ERVL	DR0105338	KZ506029.1	1804	2678	C	17.4	0
ERVL	DR0105371	KZ506029.1	9793	10353	+	15.2	0
ERVL	DR0105278	KZ506029.1	317811	318320	+	13.8	0
ERVL	DR0105294	KZ506030.1	300122	300853	C	10.8	0
ERVL	DR0105312	KZ506030.1	300854	301024	C	24.5	0
ERVL	DR0105312	KZ506030.1	301049	301150	C	25.7	0
ERVL	DR0105294	KZ506031.1	96847	97588	+	9.6	0
ERVL	DR0105358	KZ506031.1	441590	442235	+	4.5	0
ERVL	DR0105371	KZ506032.1	80722	81284	+	12.5	18
ERVL	DR0105338	KZ506032.1	92196	93113	C	17.0	0
ERVL	DR0105338	KZ506032.1	177059	177765	C	24.4	0
ERVL	DR0105278	KZ506032.1	303976	304026	+	15.7	0
ERV4	DR0105376	KZ506032.1	382949	383493	+	18.2	0
ERVL	DR0105278	KZ506033.1	209358	209431	+	20.6	0
ERVL	DR0105371	KZ506033.1	311610	311760	C	13.5	0
ERVL	DR0105278	KZ506033.1	319966	320267	+	13.6	0
ERVL	DR0105338	KZ506033.1	341415	341497	C	14.8	0
ERVL	DR0105338	KZ506034.1	6906	7990	+	22.6	0
ERV4	DR0105376	KZ506034.1	26889	27119	C	5.7	0
ERVL	DR0105371	KZ506034.1	55280	55845	C	15.5	0
ERVL	DR0105315	KZ506034.1	117507	118092	C	21.8	0
ERVL	DR0105338	KZ506034.1	147529	148555	C	23.4	0
ERVL	DR0105315	KZ506034.1	149555	149746	C	27.6	0
ERVL	DR0105370	KZ506034.1	149759	149905	C	24.3	0
ERV4	DR0105376	KZ506034.1	160647	161201	C	16.5	0
ERVL	DR0105358	KZ506034.1	162299	162912	C	5.2	0
ERVL	DR0105315	KZ506034.1	164934	165514	C	22.2	0
ERVL	DR0105338	KZ506034.1	241974	242192	+	22.5	0
ERVL	DR0105370	KZ506034.1	243520	244119	C	14.4	0
ERVL	DR0105338	KZ506034.1	244315	244956	+	23.2	0
ERVL	DR0105305	KZ506034.1	323066	323185	C	23.3	0
ERVL	DR0105338	KZ506034.1	324200	324769	C	24.9	0
ERVL	DR0105278	KZ506034.1	361846	362330	+	19.3	0
ERVL	DR0105338	KZ506035.1	429	1478	C	15.7	0
ERVL	DR0105370	KZ506035.1	5461	6053	C	20.4	0
ERVL	DR0105341	KZ506037.1	1	222	+	11.8	0
ERVL	DR0105327	KZ506037.1	5750	6034	+	12.3	0
ERVL	DR0105341	KZ506037.1	9459	9874	C	10.6	0
ERVL	DR0105295	KZ506037.1	16721	16795	+	9.3	0
ERVL	DR0105370	KZ506037.1	16798	16864	+	25.4	0
ERVL	DR0105371	KZ506037.1	49396	49511	C	15.5	0
ERV4	DR0105376	KZ506037.1	49727	50280	+	14.0	0
ERVL	DR0105371	KZ506037.1	50281	50640	C	18.8	0
ERVL	DR0105261	KZ506037.1	52491	52906	+	21.1	0
ERVL	DR0105294	KZ506037.1	86069	86751	C	12.1	0
ERVL	DR0105370	KZ506037.1	142073	142667	C	11.9	0
ERVL	DR0105315	KZ506037.1	196389	196951	C	23.9	0
ERV4	DR0105376	KZ506037.1	203374	204119	C	5.8	0
ERVL	DR0105370	KZ506037.1	204736	205232	C	18.1	0
ERVL	DR0105338	KZ506037.1	225078	225395	+	16.4	0
ERVL	DR0105370	KZ506037.1	225461	226058	C	12.9	0
ERVL	DR0105338	KZ506037.1	231250	231943	C	24.5	0
ERVL	DR0105278	KZ506037.1	243123	243700	C	16.8	0
ERVL	DR0105338	KZ506037.1	255109	256128	+	21.2	0
ERVL	DR0105294	KZ506037.1	298239	298981	+	51.4	0
ERVL	DR0105278	KZ506037.1	302276	302796	C	18.0	0
ERVL	DR0105315	KZ506037.1	354626	355192	C	22.4	0
ERVL	DR0105338	KZ506037.1	371055	371343	C	23.1	0
ERV4	DR0105376	KZ506037.1	398969	399690	+	13.6	0
ERVL	DR0105278	KZ506037.1	402269	402805	+	20.6	0
ERVL	DR0105338	KZ506037.1	433295	433563	C	23.1	0
ERVL	DR0105338	KZ506038.1	27898	28010	C	21.4	0
ERVL	DR0105370	KZ506038.1	71014	71084	+	9.9	0
ERVL	DR0105338	KZ506038.1	114531	115229	+	22.6	0
ERV4	DR0105376	KZ506038.1	297895	298443	+	13.9	0
ERVL	DR0105294	KZ506038.1	432224	432966	C	9.9	0
ERVL	DR0105338	KZ506038.1	438075	438784	C	24.3	0
ERVL	DR0105294	KZ506039.1	134459	134638	C	4.4	0
ERVL	DR0105341	KZ506039.1	144353	144743	C	9.4	0
ERVL	DR0105238	KZ506039.1	157420	158175	C	11.6	0
ERVL	DR0105364	KZ506039.1	224847	225468	+	15.8	0
ERVL	DR0105338	KZ506039.1	237672	237761	+	15.8	0
ERV4	DR0105376	KZ506039.1	265048	265424	C	5.7	0
ERVL	DR0105238	KZ506039.1	269559	270310	+	9.6	0
ERV4	DR0105376	KZ506039.1	393021	393654	+	15.4	0
ERVL	DR0105341	KZ506039.1	447477	447571	+	7.4	0
ERVL	DR0105338	KZ506040.1	120896	122027	C	15.4	0
ERVL	DR0105261	KZ506040.1	193770	194345	+	14.4	0
ERVL	DR0105338	KZ506040.1	194349	194389	+	9.8	0
ERVL	DR0105278	KZ506040.1	208106	208579	+	18.7	0
ERVL	DR0105370	KZ506040.1	244548	245137	C	23.3	0
ERVL	DR0105278	KZ506040.1	248593	249083	C	17.8	0
ERVL	DR0105261	KZ506040.1	355015	355292	+	15.3	0
ERVL	DR0105261	KZ506040.1	366504	366568	C	4.6	0
ERVL	DR0105327	KZ506040.1	411274	411358	C	10.6	0
ERVL	DR0105371	KZ506042.1	180458	180994	C	15.6	0
ERV4	DR0105376	KZ506042.1	348197	348949	+	6.4	0
ERVL	DR0105315	KZ506042.1	371474	371655	+	15.8	0
ERVL	DR0105370	KZ506042.1	373343	373844	+	22.9	0
ERVL	DR0105370	KZ506042.1	428161	428778	C	18.0	0
ERV4	DR0105376	KZ506043.1	24	107	C	13.1	0
ERV4	DR0105376	KZ506043.1	14800	14840	+	2.4	0
ERVL	DR0105294	KZ506043.1	227952	228636	+	9.6	0
ERV1	DR0105240	KZ506043.1	231766	231824	+	8.5	0
ERVL	DR0105364	KZ506043.1	283261	283891	C	12.6	0
ERV4	DR0105376	KZ506043.1	442461	443200	C	9.9	0
ERV4	DR0105376	KZ506044.1	5568	6285	C	10.2	0
ERVL	DR0105370	KZ506044.1	298497	299079	+	16.2	0
ERVL	DR0105371	KZ506045.1	181971	182440	+	12.5	0
ERVL	DR0105327	KZ506045.1	443327	444048	C	8.5	0
ERV4	DR0105376	KZ506046.1	51362	51907	+	14.7	0
ERVL	DR0105370	KZ506046.1	52174	52762	C	10.9	0
ERVL	DR0105371	KZ506046.1	224242	224794	+	13.0	0
ERVL	DR0105338	KZ506046.1	249472	249598	+	24.7	0
ERVL	DR0105370	KZ506046.1	282943	283524	C	10.3	0
ERV1	DR0105321	KZ506046.1	288148	288492	C	26.2	0
ERVL	DR0105338	KZ506046.1	304525	304601	C	6.5	0
ERVL	DR0105370	KZ506047.1	2297	2406	+	26.4	0
ERVL	DR0105338	KZ506047.1	186578	186857	C	14.7	0
ERVL	DR0105338	KZ506047.1	189618	189694	+	6.6	0
ERVL	DR0105315	KZ506047.1	420791	421054	C	24.3	0
ERVL	DR0105338	KZ506048.1	112856	113951	+	15.7	0
ERVL	DR0105338	KZ506048.1	168975	169611	+	15.5	0
ERV4	DR0105376	KZ506048.1	251004	251525	C	12.0	0
ERVL	DR0105370	KZ506048.1	253682	254281	C	12.2	0
ERVL	DR0105370	KZ506048.1	262252	262863	+	21.7	0
ERVL	DR0105315	KZ506048.1	294011	294570	C	24.1	0
ERVL	DR0105312	KZ506048.1	296207	298409	+	21.0	0
ERVL	DR0105312	KZ506048.1	301499	302332	+	18.1	0
ERVL	DR0105327	KZ506048.1	319058	319249	+	23.2	0
ERVL	DR0105371	KZ506048.1	338281	338893	+	13.9	0
ERV1	DR0105342	KZ506049.1	224542	224601	C	13.3	0
ERVL	DR0105351	KZ506049.1	299308	299458	C	17.9	0
ERVL	DR0105278	KZ506049.1	300692	301149	C	14.7	0
ERVL	DR0105338	KZ506051.1	100	394	C	12.7	0
ERVL	DR0105338	KZ506051.1	117095	117404	C	19.6	0
ERVL	DR0105338	KZ506051.1	148514	148936	+	24.1	0
ERVL	DR0105338	KZ506051.1	171976	173108	C	15.7	0
ERVL	DR0105295	KZ506051.1	215776	216303	+	22.7	0
ERVL	DR0105315	KZ506051.1	265228	265306	+	23.6	0
ERVL	DR0105278	KZ506051.1	374961	375444	C	15.4	0
ERVL	DR0105338	KZ506051.1	386964	388091	+	15.0	0
ERVL	DR0105358	KZ506052.1	21014	21661	C	4.7	0
ERV1	DR0105321	KZ506053.1	549	1228	+	17.1	0
ERVL	DR0105370	KZ506053.1	12339	12873	+	24.9	0
ERVL	DR0105327	KZ506053.1	63980	64012	C	6.1	0
ERVL	DR0105370	KZ506053.1	104622	105168	+	20.9	0
ERVL	DR0105371	KZ506053.1	210546	211120	+	16.1	0
ERVL	DR0105338	KZ506053.1	216346	216572	+	27.9	0
ERVL	DR0105278	KZ506053.1	220178	220330	+	16.4	0
ERVL	DR0105327	KZ506053.1	235016	235628	C	14.9	0
ERVL	DR0105294	KZ506054.1	427360	428111	+	9.6	0
ERVL	DR0105278	KZ506056.1	32028	32332	+	11.2	0
ERVL	DR0105278	KZ506056.1	32351	32429	+	19.0	0
ERVL	DR0105358	KZ506056.1	147330	147974	C	4.8	0
ERV1	DR0105321	KZ506056.1	185558	186280	C	14.8	0
ERVL	DR0105364	KZ506056.1	219545	220176	+	11.6	0
ERVL	DR0105364	KZ506056.1	262709	263375	+	12.1	0
ERVL	DR0105341	KZ506056.1	304782	304933	+	10.6	0
ERVL	DR0105364	KZ506056.1	435710	436351	+	13.6	0
ERVL	DR0105370	KZ506057.1	158851	159405	+	22.4	0
ERVL	DR0105305	KZ506058.1	13983	14276	C	19.4	0
ERVL	DR0105305	KZ506058.1	14338	14615	C	27.2	0
ERVL	DR0105370	KZ506058.1	177914	178513	C	13.3	0
ERVL	DR0105370	KZ506058.1	201262	201540	C	18.7	0
ERVL	DR0105278	KZ506058.1	304136	304510	+	16.7	0
ERVL	DR0105338	KZ506058.1	378061	378334	+	24.9	0
ERVL	DR0105338	KZ506058.1	378367	378605	+	21.2	0
ERVL	DR0105358	KZ506058.1	418872	419522	+	10.8	0
ERVL	DR0105278	KZ506059.1	180786	181295	+	15.6	0
ERVL	DR0105371	KZ506059.1	303500	304053	C	16.2	0
ERVL	DR0105370	KZ506060.1	41126	41717	C	25.7	0
ERVL	DR0105370	KZ506061.1	377052	377112	+	10.7	0
ERVL	DR0105370	KZ506061.1	377147	377368	+	21.5	0
ERVL	DR0105294	KZ506061.1	380546	380751	C	13.8	0
ERVL	DR0105371	KZ506063.1	12001	12563	+	16.4	0
ERVL	DR0105370	KZ506063.1	54077	54650	C	17.0	0
ERVL	DR0105315	KZ506063.1	54844	55065	C	28.4	0
ERVL	DR0105370	KZ506063.1	55092	55375	C	24.4	0
ERVL	DR0105370	KZ506063.1	71422	71997	+	13.4	0
ERVL	DR0105230	KZ506063.1	106170	106215	C	8.7	0
ERVL	DR0105371	KZ506063.1	117640	118198	+	13.7	0
ERVL	DR0105371	KZ506063.1	147689	147810	+	14.2	0
ERVL	DR0105338	KZ506063.1	165612	166320	+	27.4	0
ERVL	DR0105294	KZ506063.1	177067	177795	+	10.2	0
ERVL	DR0105338	KZ506063.1	191900	192202	C	15.7	0
ERVL	DR0105338	KZ506063.1	197597	197769	C	20.8	0
ERVL	DR0105338	KZ506063.1	221224	222137	+	24.3	0
ERVL	DR0105358	KZ506063.1	223713	224358	+	5.4	0
ERVL	DR0105315	KZ506063.1	245383	245659	+	21.6	0
ERVL	DR0105315	KZ506063.1	245669	245901	+	23.6	0
ERVL	DR0105327	KZ506063.1	249484	250047	C	10.0	0
ERVL	DR0105294	KZ506063.1	258949	259675	C	10.5	0
ERVL	DR0105338	KZ506063.1	261196	261276	+	17.8	0
ERVL	DR0105371	KZ506063.1	266413	266890	C	12.4	0
ERVL	DR0105338	KZ506063.1	283619	284641	C	18.0	0
ERVL	DR0105315	KZ506063.1	310971	311579	C	23.9	0
ERVL	DR0105370	KZ506063.1	336393	336979	+	26.9	0
ERVL	DR0105370	KZ506064.1	107134	107719	C	12.5	0
ERVL	DR0105278	KZ506065.1	32172	32313	C	12.1	0
ERV4	DR0105376	KZ506065.1	421234	421881	+	8.2	0
ERVL	DR0105338	KZ506065.1	423078	424094	C	14.0	0
ERVL	DR0105338	KZ506066.1	65666	65947	C	23.8	0
ERVL	DR0105370	KZ506066.1	289757	290339	C	14.3	0
ERVL	DR0105370	KZ506067.1	68329	68924	C	14.9	0
ERVL	DR0105278	KZ506067.1	80808	81328	C	16.7	0
ERVL	DR0105371	KZ506067.1	322335	322906	C	12.8	0
ERV4	DR0105376	KZ506068.1	3731	3841	C	12.9	0
ERVL	DR0105278	KZ506068.1	110131	110277	C	19.2	0
ERVL	DR0105370	KZ506068.1	250778	251370	+	16.3	0
ERVL	DR0105364	KZ506068.1	338247	338673	C	14.5	0
ERVL	DR0105364	KZ506068.1	338788	338971	C	12.0	0
ERVL	DR0105278	KZ506069.1	26419	26961	C	15.6	0
ERVL	DR0105338	KZ506069.1	35259	36047	+	28.2	0
ERVL	DR0105315	KZ506069.1	36049	36611	C	25.1	0
ERVL	DR0105370	KZ506069.1	52213	52493	+	20.4	0
ERVL	DR0105370	KZ506069.1	59577	60219	C	22.8	0
ERVL	DR0105338	KZ506069.1	60549	61254	C	21.5	0
ERVL	DR0105261	KZ506069.1	63116	63509	C	19.0	0
ERVL	DR0105370	KZ506069.1	68457	68603	C	21.1	0
ERVL	DR0105370	KZ506069.1	90444	91061	C	17.1	0
ERVL	DR0105294	KZ506069.1	92226	92955	+	10.7	0
ERVL	DR0105370	KZ506069.1	149715	150302	C	18.4	0
ERVL	DR0105371	KZ506069.1	182579	183123	C	20.8	0
ERVL	DR0105238	KZ506069.1	197461	198190	+	14.1	0
ERVL	DR0105338	KZ506069.1	205805	206580	C	26.0	0
ERVL	DR0105371	KZ506069.1	232387	232512	+	24.6	0
ERVL	DR0105338	KZ506069.1	246232	247110	C	19.3	0
ERVL	DR0105338	KZ506069.1	271784	272475	+	24.9	0
ERVL	DR0105370	KZ506069.1	275725	276296	+	14.8	0
ERVL	DR0105370	KZ506069.1	289897	290439	C	22.5	0
ERVL	DR0105338	KZ506069.1	306042	306204	C	28.2	0
ERVL	DR0105261	KZ506069.1	306206	306257	C	21.1	0
ERVL	DR0105338	KZ506069.1	318221	318722	C	30.3	0
ERVL	DR0105338	KZ506069.1	330282	330615	+	28.4	0
ERVL	DR0105238	KZ506069.1	345110	345834	C	31.0	0
ERVL	DR0105370	KZ506069.1	362096	362672	+	18.0	0
ERVL	DR0105370	KZ506069.1	384125	384711	C	15.0	0
ERVL	DR0105315	KZ506069.1	401024	401336	C	22.6	0
ERVL	DR0105305	KZ506069.1	412067	412182	+	31.9	0
ERV4	DR0105376	KZ506069.1	414030	414158	+	9.3	0
ERVL	DR0105295	KZ506069.1	416810	417091	+	14.5	0
ERVL	DR0105326	KZ506069.1	417107	417196	+	22.7	0
ERVL	DR0105370	KZ506069.1	417247	417300	+	22.2	0
ERVL	DR0105338	KZ506070.1	89292	90390	C	14.5	0
ERVL	DR0105326	KZ506070.1	199723	200016	C	16.5	0
ERVL	DR0105261	KZ506070.1	313988	314462	+	13.5	0
ERVL	DR0105338	KZ506070.1	315220	315819	+	11.6	0
ERVL	DR0105370	KZ506070.1	399052	399308	+	19.1	0
ERVL	DR0105364	KZ506071.1	249644	250263	C	14.6	0
ERVL	DR0105278	KZ506071.1	405285	405811	+	12.2	0
ERVL	DR0105338	KZ506071.1	410430	411354	+	18.6	0
ERVL	DR0105338	KZ506072.1	103539	104679	C	15.9	0
ERVL	DR0105364	KZ506072.1	155544	156061	C	13.3	0
ERVL	DR0105370	KZ506072.1	162463	162947	+	16.3	0
ERVL	DR0105295	KZ506072.1	176708	177083	+	20.8	0
ERVL	DR0105315	KZ506072.1	177974	178089	+	26.8	0
ERVL	DR0105294	KZ506072.1	181821	182115	+	11.9	0
ERVL	DR0105338	KZ506072.1	182478	183494	+	18.8	0
ERVL	DR0105370	KZ506072.1	209797	209965	+	11.9	0
ERVL	DR0105358	KZ506072.1	303403	304042	+	4.8	0
ERVL	DR0105295	KZ506072.1	399752	400027	C	21.4	0
ERVL	DR0105261	KZ506073.1	85280	85433	C	13.0	0
ERVL	DR0105364	KZ506073.1	160214	160840	+	12.6	0
ERV1	DR0105240	KZ506073.1	392486	392535	+	18.0	0
ERVL	DR0105370	KZ506074.1	21877	22494	+	12.2	0
ERVL	DR0105278	KZ506074.1	124290	124784	C	15.6	0
ERVL	DR0105370	KZ506074.1	280980	281558	+	14.3	0
ERVL	DR0105358	KZ506074.1	320701	321366	+	51.6	0
ERVL	DR0105305	KZ506074.1	399715	400142	C	27.6	0
ERV1	DR0105342	KZ506074.1	407494	408526	+	14.9	0
ERVL	DR0105312	KZ506075.1	6240	6302	+	19.4	0
ERVL	DR0105278	KZ506075.1	288034	288504	+	17.1	0
ERVL	DR0105370	KZ506076.1	162559	163114	+	11.8	0
ERV1	DR0105342	KZ506076.1	406605	407706	+	16.8	0
ERVL	DR0105294	KZ506077.1	7970	8019	+	10.0	0
ERVL	DR0105278	KZ506077.1	14763	15276	+	13.3	0
ERV1	DR0105240	KZ506077.1	25822	25952	+	17.6	0
ERVL	DR0105312	KZ506077.1	27926	28089	C	21.9	0
ERVL	DR0105315	KZ506077.1	28104	28667	C	24.8	0
ERV4	DR0105376	KZ506077.1	30444	30975	+	15.5	0
ERVL	DR0105278	KZ506077.1	46171	46700	+	14.8	0
ERVL	DR0105338	KZ506077.1	53601	54284	+	23.1	0
ERVL	DR0105338	KZ506077.1	54428	54475	+	6.2	0
ERVL	DR0105278	KZ506077.1	111161	111669	C	12.7	0
ERVL	DR0105238	KZ506077.1	178923	178997	C	10.8	0
ERVL	DR0105338	KZ506077.1	263435	263710	+	23.9	0
ERVL	DR0105370	KZ506077.1	268359	269121	C	17.7	0
ERVL	DR0105370	KZ506077.1	273040	273258	+	19.2	0
ERVL	DR0105278	KZ506078.1	47400	47877	C	16.2	0
ERVL	DR0105371	KZ506078.1	163093	163585	+	11.9	0
ERV4	DR0105376	KZ506078.1	274494	275245	+	7.8	0
ERVL	DR0105278	KZ506079.1	172519	172640	+	15.6	0
ERVL	DR0105278	KZ506079.1	172867	172961	+	18.9	0
ERVL	DR0105338	KZ506080.1	133566	134395	+	15.0	0
ERVL	DR0105294	KZ506080.1	169201	169844	+	12.5	0
ERVL	DR0105358	KZ506080.1	181457	181619	+	5.5	0
ERVL	DR0105358	KZ506080.1	207218	207861	+	4.8	0
ERVL	DR0105358	KZ506080.1	260413	261056	C	9.2	0
ERVL	DR0105371	KZ506080.1	288489	289104	+	18.0	0
ERV4	DR0105376	KZ506080.1	331890	332624	C	10.4	0
ERVL	DR0105364	KZ506081.1	118458	119126	C	11.5	0
ERVL	DR0105278	KZ506081.1	147735	148280	+	16.9	0
ERVL	DR0105370	KZ506081.1	227436	227589	C	23.9	0
ERVL	DR0105295	KZ506081.1	227646	227943	C	19.7	0
ERVL	DR0105315	KZ506081.1	231079	231626	+	25.3	0
ERVL	DR0105305	KZ506081.1	254571	255178	C	23.9	0
ERVL	DR0105370	KZ506081.1	399698	400040	+	13.0	0
ERVL	DR0105278	KZ506081.1	401545	401780	+	14.8	0
ERVL	DR0105338	KZ506082.1	49680	50717	+	19.5	0
ERVL	DR0105370	KZ506082.1	332628	334349	C	17.3	0
ERVL	DR0105370	KZ506083.1	72681	73270	+	14.3	0
ERVL	DR0105278	KZ506083.1	218915	219446	C	14.1	0
ERVL	DR0105338	KZ506084.1	8483	9578	+	19.9	0
ERVL	DR0105338	KZ506084.1	30833	31797	+	24.8	0
ERVL	DR0105278	KZ506084.1	63530	64063	C	15.9	0
ERVL	DR0105295	KZ506084.1	85350	85544	C	22.2	0
ERVL	DR0105315	KZ506084.1	148386	148944	C	24.1	0
ERVL	DR0105370	KZ506084.1	273738	274330	C	15.6	0
ERVL	DR0105370	KZ506084.1	305330	305884	C	25.0	0
ERVL	DR0105370	KZ506084.1	378671	378849	+	18.4	0
ERVL	DR0105341	KZ506085.1	2788	3167	+	11.7	0
ERVL	DR0105371	KZ506085.1	77505	77990	C	14.6	0
ERVL	DR0105294	KZ506085.1	149193	149912	+	8.8	0
ERVL	DR0105278	KZ506085.1	201837	202346	+	15.9	0
ERVL	DR0105364	KZ506085.1	289195	289856	+	11.8	0
ERVL	DR0105341	KZ506085.1	350829	351190	C	11.8	0
ERVL	DR0105278	KZ506086.1	71666	71893	+	12.9	0
ERVL	DR0105312	KZ506086.1	181994	182326	+	18.9	0
ERVL	DR0105230	KZ506086.1	249223	249287	C	15.4	0
ERVL	DR0105338	KZ506086.1	316549	316726	C	16.3	0
ERVL	DR0105338	KZ506086.1	316729	316888	C	18.2	0
ERVL	DR0105338	KZ506086.1	319789	320234	C	11.7	0
ERVL	DR0105338	KZ506086.1	342104	343248	+	16.8	0
ERVL	DR0105371	KZ506086.1	346564	346897	+	17.5	0
ERVL	DR0105371	KZ506086.1	349378	349626	+	12.9	0
ERV1	DR0105321	KZ506086.1	391571	391802	+	28.4	0
ERV4	DR0105376	KZ506087.1	27384	27543	+	25.5	0
ERVL	DR0105238	KZ506087.1	38320	38590	C	9.9	0
ERVL	DR0105278	KZ506087.1	195127	195494	C	17.8	0
ERVL	DR0105364	KZ506088.1	7	371	C	15.2	0
ERVL	DR0105370	KZ506088.1	19087	19667	+	23.9	0
ERVL	DR0105278	KZ506088.1	73290	73672	C	18.7	0
ERVL	DR0105371	KZ506088.1	111091	111612	+	18.8	0
ERV4	DR0105376	KZ506088.1	116940	117113	C	8.1	0
ERVL	DR0105338	KZ506088.1	136785	137930	C	23.6	0
ERVL	DR0105370	KZ506088.1	161080	161665	+	18.7	0
ERVL	DR0105371	KZ506088.1	166188	166759	+	15.6	0
ERVL	DR0105338	KZ506088.1	247842	248071	C	21.3	0
ERVL	DR0105338	KZ506088.1	248077	248445	C	26.0	0
ERVL	DR0105358	KZ506088.1	305224	305869	C	5.1	0
ERVL	DR0105338	KZ506088.1	351831	352772	+	20.3	0
ERVL	DR0105295	KZ506088.1	356440	356764	+	19.1	0
ERVL	DR0105370	KZ506088.1	369046	369630	C	13.2	0
ERVL	DR0105305	KZ506089.1	340655	340862	+	24.8	0
ERVL	DR0105261	KZ506089.1	398984	399064	C	6.2	0
ERVL	DR0105341	KZ506089.1	401269	401661	+	10.4	0
ERVL	DR0105312	KZ506090.1	33856	34564	+	19.4	0
ERVL	DR0105364	KZ506090.1	97627	98247	+	15.1	0
ERVL	DR0105338	KZ506090.1	103637	104031	C	23.2	0
ERVL	DR0105338	KZ506090.1	120081	121169	C	18.3	0
ERVL	DR0105338	KZ506090.1	163617	164563	C	18.2	0
ERVL	DR0105327	KZ506090.1	216432	216632	+	11.5	0
ERVL	DR0105341	KZ506090.1	257871	258084	+	15.2	0
ERVL	DR0105370	KZ506090.1	303450	303778	C	20.2	0
ERVL	DR0105238	KZ506090.1	303779	304508	C	11.7	0
ERVL	DR0105370	KZ506090.1	304509	304771	C	20.2	0
ERVL	DR0105261	KZ506090.1	320265	320651	+	19.0	0
ERVL	DR0105338	KZ506090.1	347807	347900	+	20.6	0
ERVL	DR0105338	KZ506090.1	353097	353783	+	21.9	0
ERVL	DR0105232	KZ506090.1	377308	378400	C	21.4	0
ERVL	DR0105338	KZ506091.1	33343	34235	C	16.6	0
ERVL	DR0105261	KZ506091.1	34541	34809	C	14.8	0
ERVL	DR0105338	KZ506091.1	77344	77497	C	24.8	0
ERVL	DR0105278	KZ506091.1	92337	92878	+	12.6	0
ERVL	DR0105238	KZ506091.1	112162	112626	C	15.1	0
ERVL	DR0105370	KZ506091.1	112884	112926	C	21.8	0
ERVL	DR0105358	KZ506091.1	120999	121071	+	13.7	0
ERVL	DR0105278	KZ506091.1	242168	242487	C	10.9	0
ERVL	DR0105370	KZ506091.1	306483	306834	C	19.4	0
ERVL	DR0105230	KZ506091.1	361552	361619	C	8.8	0
ERVL	DR0105305	KZ506092.1	239423	239813	C	18.9	0
ERVL	DR0105305	KZ506092.1	239847	239980	C	24.7	0
ERVL	DR0105370	KZ506093.1	33404	33455	+	9.6	0
ERVL	DR0105370	KZ506093.1	33470	33939	+	15.4	0
ERVL	DR0105338	KZ506093.1	60493	60670	C	14.9	0
ERVL	DR0105305	KZ506093.1	70815	71079	C	17.4	0
ERVL	DR0105358	KZ506093.1	142255	142882	C	11.2	0
ERVL	DR0105305	KZ506093.1	159488	159917	C	22.9	0
ERVL	DR0105370	KZ506093.1	159918	160033	C	30.2	0
ERVL	DR0105305	KZ506093.1	160127	160358	C	25.9	0
ERVL	DR0105338	KZ506093.1	192583	193208	+	13.4	0
ERVL	DR0105278	KZ506093.1	202706	203005	+	18.4	0
ERV4	DR0105376	KZ506093.1	241809	242011	+	22.5	0
ERVL	DR0105371	KZ506093.1	375586	376042	C	14.5	0
ERVL	DR0105261	KZ506094.1	137372	137426	C	4.3	0
ERVL	DR0105370	KZ506094.1	326887	327338	+	13.1	0
ERVL	DR0105278	KZ506095.1	123925	124382	+	18.5	0
ERVL	DR0105371	KZ506095.1	272827	273021	+	14.0	0
ERVL	DR0105358	KZ506096.1	253855	254521	C	5.6	0
ERVL	DR0105338	KZ506096.1	302735	303844	+	15.6	0
ERVL	DR0105370	KZ506097.1	172631	173241	+	21.4	0
ERVL	DR0105295	KZ506097.1	311022	311130	C	18.4	0
ERVL	DR0105371	KZ506097.1	316009	316560	C	17.2	0
ERVL	DR0105315	KZ506098.1	7270	7535	+	19.2	0
ERVL	DR0105315	KZ506098.1	7622	7761	+	23.9	0
ERVL	DR0105341	KZ506098.1	106309	106724	+	10.8	0
ERVL	DR0105371	KZ506098.1	108810	109207	C	16.5	0
ERVL	DR0105312	KZ506098.1	174508	174703	C	15.7	0
ERVL	DR0105232	KZ506098.1	179238	179898	C	13.2	0
ERV4	DR0105376	KZ506098.1	190231	190384	C	23.3	0
ERVL	DR0105338	KZ506098.1	235706	236734	C	17.0	0
ERVL	DR0105238	KZ506098.1	249587	250349	+	9.9	0
ERVL	DR0105370	KZ506098.1	251343	251908	+	22.1	0
ERVL	DR0105294	KZ506098.1	271332	272048	C	55.3	0
ERVL	DR0105358	KZ506098.1	286433	287070	+	5.3	0
ERVL	DR0105295	KZ506098.1	295535	296050	C	24.3	0
ERVL	DR0105370	KZ506098.1	312564	312627	+	23.8	0
ERVL	DR0105370	KZ506098.1	331747	332305	+	15.3	0
ERVL	DR0105238	KZ506098.1	381080	381199	C	17.8	0
ERVL	DR0105294	KZ506098.1	381654	381739	C	9.3	0
ERVL	DR0105312	KZ506098.1	390168	390701	+	13.4	0
ERVL	DR0105338	KZ506099.1	5692	6768	+	17.5	0
ERV1	DR0105321	KZ506099.1	23834	24281	+	14.7	0
ERVL	DR0105358	KZ506099.1	81679	81780	C	11.8	0
ERVL	DR0105370	KZ506099.1	82342	82929	+	16.4	0
ERVL	DR0105364	KZ506099.1	90807	91424	C	14.8	0
ERVL	DR0105364	KZ506099.1	101200	101845	+	12.6	0
ERVL	DR0105364	KZ506099.1	110111	110819	C	12.8	0
ERVL	DR0105371	KZ506099.1	114989	115550	+	16.4	0
ERV1	DR0105240	KZ506099.1	180115	180196	C	6.2	0
ERVL	DR0105370	KZ506099.1	211641	211823	C	18.6	0
ERVL	DR0105238	KZ506099.1	232212	232350	C	14.0	0
ERVL	DR0105364	KZ506099.1	270010	270595	+	13.2	0
ERVL	DR0105364	KZ506099.1	350355	351012	+	13.1	0
ERV4	DR0105376	KZ506100.1	7983	8687	+	10.6	0
ERVL	DR0105364	KZ506100.1	133747	134449	C	13.6	0
ERVL	DR0105370	KZ506100.1	143720	144307	+	11.8	0
ERVL	DR0105338	KZ506100.1	164110	165059	C	21.5	0
ERVL	DR0105305	KZ506100.1	218154	218620	C	25.0	0
ERVL	DR0105370	KZ506100.1	227180	227766	+	12.3	0
ERVL	DR0105238	KZ506100.1	264554	264669	+	27.4	0
ERVL	DR0105341	KZ506100.1	303528	303597	+	10.0	0
ERVL	DR0105364	KZ506100.1	340478	341116	C	10.7	0
ERVL	DR0105338	KZ506101.1	225351	226443	+	15.3	0
ERVL	DR0105294	KZ506101.1	268051	268778	C	10.5	0
ERVL	DR0105338	KZ506101.1	269943	270525	+	24.1	0
ERVL	DR0105315	KZ506101.1	299194	299365	+	24.5	0
ERVL	DR0105315	KZ506101.1	300064	300498	+	26.1	0
ERVL	DR0105370	KZ506101.1	313839	314411	+	13.9	0
ERVL	DR0105315	KZ506102.1	297053	297472	+	19.4	0
ERVL	DR0105338	KZ506104.1	16986	17353	+	22.6	0
ERVL	DR0105294	KZ506104.1	38485	39212	+	11.0	0
ERVL	DR0105364	KZ506104.1	66219	66414	+	15.8	0
ERVL	DR0105364	KZ506104.1	66548	66679	C	19.6	0
ERVL	DR0105364	KZ506104.1	67164	67522	C	15.7	0
ERVL	DR0105341	KZ506104.1	129565	129603	+	2.6	0
ERVL	DR0105358	KZ506104.1	229312	229471	+	3.1	0
ERVL	DR0105358	KZ506104.1	229676	229903	+	4.0	0
ERVL	DR0105338	KZ506104.1	279408	280432	+	22.9	0
ERV4	DR0105376	KZ506104.1	386983	387322	C	6.2	0
ERV4	DR0105376	KZ506105.1	140926	141323	C	24.1	0
ERV1	DR0105342	KZ506105.1	147647	148742	+	13.6	0
ERVL	DR0105370	KZ506105.1	256211	256773	C	20.9	0
ERVL	DR0105371	KZ506105.1	276918	277482	+	12.7	0
ERVL	DR0105315	KZ506105.1	299116	299697	+	19.7	0
ERVL	DR0105312	KZ506105.1	372926	376326	C	15.5	0
ERVL	DR0105294	KZ506106.1	554	1131	+	8.1	0
ERVL	DR0105232	KZ506106.1	228410	228468	+	20.3	0
ERVL	DR0105358	KZ506106.1	269736	270350	+	4.7	0
ERVL	DR0105338	KZ506106.1	371510	372285	+	16.3	0
ERVL	DR0105364	KZ506107.1	48046	48466	C	11.4	0
ERVL	DR0105278	KZ506107.1	119405	119867	C	16.3	0
ERVL	DR0105278	KZ506107.1	231945	232482	C	13.1	0
ERVL	DR0105341	KZ506108.1	13	142	C	10.2	0
ERVL	DR0105278	KZ506108.1	62670	63178	+	17.2	0
ERVL	DR0105294	KZ506108.1	168386	169121	C	10.1	0
ERVL	DR0105327	KZ506108.1	188327	189051	+	11.2	0
ERVL	DR0105238	KZ506108.1	339391	339821	+	9.5	0
ERV4	DR0105376	KZ506108.1	380660	381216	+	15.9	0
ERVL	DR0105278	KZ506110.1	43983	44083	C	18.2	0
ERVL	DR0105278	KZ506110.1	44096	44514	C	17.6	0
ERVL	DR0105278	KZ506110.1	232752	232953	+	17.0	0
ERVL	DR0105370	KZ506110.1	237303	237386	+	16.7	0
ERVL	DR0105338	KZ506112.1	16924	18030	C	17.4	0
ERVL	DR0105370	KZ506112.1	73347	73929	+	14.5	0
ERVL	DR0105371	KZ506112.1	80843	81173	C	17.4	0
ERVL	DR0105305	KZ506112.1	137683	138008	+	28.1	0
ERVL	DR0105315	KZ506112.1	144572	144663	+	8.7	0
ERVL	DR0105278	KZ506112.1	195174	195309	+	14.7	0
ERVL	DR0105278	KZ506112.1	195323	195568	+	20.5	0
ERVL	DR0105370	KZ506112.1	203720	204286	C	12.6	0
ERVL	DR0105338	KZ506112.1	247795	247949	C	16.1	0
ERVL	DR0105278	KZ506112.1	272078	272564	+	17.5	0
ERVL	DR0105338	KZ506112.1	290849	290975	+	20.6	0
ERVL	DR0105371	KZ506112.1	317370	317938	C	15.7	0
ERVL	DR0105370	KZ506112.1	319011	319607	C	15.9	0
ERVL	DR0105278	KZ506112.1	339631	339697	+	13.4	0
ERVL	DR0105315	KZ506112.1	354432	355005	+	26.5	0
ERVL	DR0105338	KZ506112.1	355060	356150	C	16.4	0
ERVL	DR0105338	KZ506113.1	50017	50153	C	11.8	0
ERVL	DR0105338	KZ506113.1	50231	51387	C	18.0	0
ERVL	DR0105364	KZ506113.1	195973	196621	C	11.5	0
ERVL	DR0105294	KZ506113.1	197376	198100	+	11.3	0
ERVL	DR0105358	KZ506113.1	212064	212094	C	0.0	0
ERVL	DR0105358	KZ506113.1	212490	212646	C	5.1	0
ERVL	DR0105338	KZ506113.1	234098	234636	+	25.3	0
ERVL	DR0105338	KZ506113.1	256486	257603	+	16.2	0
ERVL	DR0105278	KZ506113.1	334228	334760	+	11.8	0
ERVL	DR0105371	KZ506114.1	136409	136995	C	15.2	0
ERVL	DR0105370	KZ506116.1	61957	62124	+	22.1	0
ERVL	DR0105327	KZ506116.1	120671	120745	+	5.3	0
ERVL	DR0105327	KZ506116.1	120746	120775	C	0.0	0
ERVL	DR0105371	KZ506117.1	112464	112989	+	17.0	0
ERVL	DR0105295	KZ506117.1	211733	211968	+	21.3	0
ERVL	DR0105370	KZ506117.1	212081	212234	+	22.6	0
ERVL	DR0105278	KZ506117.1	216283	216638	C	17.7	0
ERVL	DR0105338	KZ506118.1	133905	134647	+	26.0	0
ERVL	DR0105315	KZ506118.1	190887	191445	C	26.1	0
ERVL	DR0105338	KZ506118.1	202453	203138	+	25.6	0
ERVL	DR0105261	KZ506118.1	210888	211689	C	23.8	0
ERVL	DR0105338	KZ506118.1	259990	260323	C	15.5	0
ERVL	DR0105338	KZ506118.1	263557	263677	C	21.5	0
ERVL	DR0105305	KZ506118.1	279800	280169	+	27.4	0
ERVL	DR0105364	KZ506119.1	85887	86535	C	10.0	0
ERVL	DR0105364	KZ506119.1	254960	255495	C	12.9	0
ERVL	DR0105294	KZ506119.1	263534	263681	+	18.6	0
ERVL	DR0105370	KZ506119.1	284893	285164	+	14.3	0
ERV1	DR0105321	KZ506119.1	327777	327992	+	10.5	0
ERVL	DR0105338	KZ506120.1	44433	44811	C	22.9	0
ERVL	DR0105294	KZ506120.1	83466	84196	+	9.3	0
ERVL	DR0105312	KZ506120.1	108684	108856	C	26.3	0
ERVL	DR0105312	KZ506120.1	109152	111128	C	16.8	0
ERVL	DR0105358	KZ506120.1	203455	204032	C	6.1	0
ERVL	DR0105370	KZ506120.1	250638	250830	C	14.5	0
ERVL	DR0105358	KZ506120.1	299412	299755	+	10.5	0
ERVL	DR0105370	KZ506120.1	307640	308197	+	16.7	0
ERVL	DR0105338	KZ506120.1	323014	323830	C	26.1	0
ERVL	DR0105338	KZ506120.1	350355	351413	C	17.4	0
ERVL	DR0105327	KZ506120.1	351959	352699	+	9.8	0
ERVL	DR0105338	KZ506120.1	356568	357535	+	23.6	0
ERVL	DR0105305	KZ506120.1	376527	376690	+	25.8	0
ERVL	DR0105338	KZ506121.1	219538	220435	C	20.5	0
ERVL	DR0105338	KZ506121.1	278835	278971	C	14.6	0
ERVL	DR0105261	KZ506121.1	279554	279848	C	13.7	0
ERVL	DR0105338	KZ506121.1	302600	303029	C	24.0	0
ERVL	DR0105278	KZ506121.1	325340	325551	C	19.1	0
ERVL	DR0105358	KZ506121.1	329852	330503	+	15.9	0
ERVL	DR0105341	KZ506121.1	349450	349813	+	9.3	0
ERVL	DR0105326	KZ506121.1	353652	353970	C	16.0	0
ERVL	DR0105295	KZ506121.1	353978	354014	C	5.6	0
ERVL	DR0105315	KZ506121.1	355033	355602	+	23.2	0
ERVL	DR0105370	KZ506122.1	72524	73115	C	18.4	0
ERVL	DR0105371	KZ506122.1	166634	167094	C	11.7	0
ERVL	DR0105371	KZ506122.1	175243	175767	C	16.9	0
ERVL	DR0105370	KZ506122.1	180083	180189	+	16.8	0
ERVL	DR0105278	KZ506122.1	219825	220266	+	20.0	0
ERVL	DR0105278	KZ506122.1	270256	270729	+	13.0	0
ERVL	DR0105338	KZ506122.1	363944	364043	+	20.9	0
ERVL	DR0105295	KZ506123.1	27795	28069	+	19.6	0
ERVL	DR0105371	KZ506123.1	43548	44130	+	15.4	0
ERVL	DR0105305	KZ506124.1	5214	5314	+	19.8	0
ERVL	DR0105305	KZ506124.1	5327	5687	+	27.3	0
ERVL	DR0105338	KZ506124.1	26832	27836	C	19.6	0
ERVL	DR0105294	KZ506124.1	120721	121131	+	7.6	0
ERVL	DR0105294	KZ506124.1	121142	121666	+	9.8	0
ERVL	DR0105278	KZ506124.1	161041	161497	C	14.3	0
ERVL	DR0105278	KZ506125.1	51028	51562	C	16.9	0
ERV4	DR0105376	KZ506125.1	76912	77612	+	12.7	0
ERVL	DR0105338	KZ506125.1	219702	220293	+	17.2	0
ERVL	DR0105341	KZ506125.1	234302	234704	C	10.7	0
ERVL	DR0105338	KZ506125.1	289326	289626	C	29.8	0
ERVL	DR0105338	KZ506125.1	321493	322325	C	24.2	0
ERVL	DR0105370	KZ506125.1	334103	334179	C	23.1	0
ERVL	DR0105370	KZ506125.1	350482	350634	C	13.1	0
ERVL	DR0105294	KZ506125.1	357891	358103	+	9.0	0
ERVL	DR0105338	KZ506125.1	366834	367515	C	17.2	0
ERVL	DR0105261	KZ506125.1	369445	369825	C	16.9	0
ERVL	DR0105371	KZ506127.1	267716	267918	+	16.1	0
ERVL	DR0105230	KZ506127.1	350304	350783	C	5.6	0
ERV1	DR0105342	KZ506127.1	363692	364374	+	17.3	0
ERVL	DR0105371	KZ506130.1	8438	8907	C	18.9	0
ERVL	DR0105370	KZ506130.1	20650	21247	+	16.4	0
ERVL	DR0105358	KZ506130.1	32041	32686	C	4.7	0
ERVL	DR0105312	KZ506130.1	105888	106266	+	14.2	0
ERVL	DR0105238	KZ506130.1	159743	160195	+	9.3	0
ERVL	DR0105371	KZ506130.1	238102	238518	C	17.0	0
ERVL	DR0105371	KZ506130.1	248111	248686	+	14.8	0
ERVL	DR0105358	KZ506130.1	288095	288736	+	5.3	0
ERVL	DR0105358	KZ506130.1	360008	360118	+	0.9	0
ERVL	DR0105278	KZ506132.1	116694	117230	C	17.1	0
ERVL	DR0105294	KZ506132.1	159367	160091	C	9.2	0
ERVL	DR0105305	KZ506132.1	215658	215752	+	30.9	0
ERVL	DR0105364	KZ506132.1	263064	263716	+	11.4	0
ERVL	DR0105294	KZ506132.1	340343	340681	C	10.9	0
ERVL	DR0105338	KZ506134.1	30387	30655	+	17.6	0
ERVL	DR0105338	KZ506134.1	171807	172536	+	16.7	0
ERVL	DR0105370	KZ506134.1	215486	215551	C	12.1	0
ERVL	DR0105370	KZ506134.1	215651	216240	+	14.5	0
ERVL	DR0105370	KZ506134.1	218841	219369	C	17.0	0
ERVL	DR0105305	KZ506134.1	223044	223116	C	21.9	0
ERVL	DR0105305	KZ506134.1	223118	223246	C	23.8	0
ERVL	DR0105315	KZ506134.1	276999	277583	C	24.5	0
ERVL	DR0105294	KZ506135.1	39751	39867	+	8.6	0
ERVL	DR0105238	KZ506135.1	121257	121469	+	9.0	0
ERVL	DR0105238	KZ506135.1	121485	121961	+	12.1	0
ERVL	DR0105238	KZ506135.1	204872	204974	C	24.8	0
ERVL	DR0105371	KZ506136.1	14581	15095	+	20.1	0
ERVL	DR0105312	KZ506136.1	19231	20713	+	15.2	0
ERVL	DR0105370	KZ506136.1	34978	35525	+	17.0	0
ERVL	DR0105315	KZ506136.1	65215	65693	+	21.6	0
ERVL	DR0105338	KZ506136.1	68588	69411	+	21.6	0
ERVL	DR0105370	KZ506136.1	71325	71377	C	15.1	0
ERVL	DR0105278	KZ506136.1	71388	71439	C	21.1	0
ERVL	DR0105371	KZ506136.1	71451	72016	C	15.1	0
ERVL	DR0105315	KZ506136.1	74399	74732	+	15.9	0
ERVL	DR0105338	KZ506136.1	103938	104341	C	20.6	0
ERVL	DR0105261	KZ506136.1	104346	104665	+	18.4	0
ERVL	DR0105338	KZ506136.1	106762	107120	+	20.5	0
ERVL	DR0105294	KZ506136.1	107121	107262	+	11.3	0
ERVL	DR0105338	KZ506136.1	109798	110246	C	24.1	0
ERVL	DR0105338	KZ506136.1	110369	110939	C	28.0	0
ERVL	DR0105327	KZ506136.1	116244	116406	+	12.3	0
ERV4	DR0105376	KZ506136.1	122680	123250	C	13.1	0
ERVL	DR0105327	KZ506136.1	128721	129452	C	9.1	0
ERVL	DR0105238	KZ506136.1	227919	228049	C	14.8	0
ERVL	DR0105312	KZ506136.1	229554	231142	C	13.5	0
ERVL	DR0105312	KZ506136.1	231808	232161	C	13.8	0
ERVL	DR0105370	KZ506136.1	302220	302816	C	14.3	0
ERVL	DR0105338	KZ506136.1	317051	317463	C	23.5	0
ERVL	DR0105370	KZ506137.1	68674	69251	+	24.6	0
ERVL	DR0105230	KZ506137.1	112595	112643	+	10.2	0
ERVL	DR0105315	KZ506137.1	209596	210181	+	28.5	0
ERVL	DR0105358	KZ506137.1	296614	296691	+	1.3	0
ERVL	DR0105358	KZ506138.1	28003	28595	+	11.4	0
ERVL	DR0105315	KZ506138.1	33256	33789	C	23.7	0
ERVL	DR0105238	KZ506138.1	39559	39857	C	11.8	0
ERV4	DR0105376	KZ506138.1	41603	41801	+	26.2	0
ERVL	DR0105358	KZ506138.1	60359	61040	+	11.4	0
ERVL	DR0105364	KZ506138.1	83897	84474	+	15.3	0
ERVL	DR0105294	KZ506138.1	89286	90031	C	11.7	0
ERVL	DR0105338	KZ506138.1	107451	107664	C	25.4	0
ERVL	DR0105238	KZ506138.1	172427	172847	+	9.5	0
ERVL	DR0105370	KZ506138.1	284466	285773	+	16.4	0
ERVL	DR0105370	KZ506138.1	286075	286116	+	16.4	0
ERVL	DR0105232	KZ506138.1	286123	286183	+	11.5	0
ERVL	DR0105238	KZ506138.1	286522	287292	C	10.4	0
ERVL	DR0105312	KZ506138.1	287293	287490	C	27.7	0
ERVL	DR0105312	KZ506138.1	287564	288927	C	13.5	0
ERVL	DR0105315	KZ506138.1	315538	315792	+	22.1	0
ERVL	DR0105261	KZ506138.1	362314	362712	+	14.4	0
ERVL	DR0105327	KZ506140.1	32601	33286	C	15.2	0
ERV1	DR0105321	KZ506140.1	296100	296839	C	18.0	0
ERVL	DR0105371	KZ506140.1	315083	315168	+	22.4	0
ERVL	DR0105371	KZ506141.1	15984	16550	C	15.6	0
ERVL	DR0105358	KZ506141.1	41720	42307	+	16.4	0
ERVL	DR0105315	KZ506141.1	62955	63272	C	20.1	0
ERV1	DR0105240	KZ506141.1	63352	63386	C	5.7	0
ERVL	DR0105295	KZ506141.1	63910	64140	C	16.4	0
ERVL	DR0105364	KZ506141.1	73391	74004	+	14.2	0
ERVL	DR0105358	KZ506141.1	87427	88068	+	4.7	0
ERVL	DR0105370	KZ506141.1	101051	101453	+	21.4	0
ERVL	DR0105312	KZ506141.1	135523	135919	C	18.1	0
ERVL	DR0105338	KZ506141.1	183310	183640	C	23.3	0
ERVL	DR0105338	KZ506141.1	262717	263372	C	23.7	0
ERVL	DR0105358	KZ506141.1	337517	338118	+	21.0	0
ERVL	DR0105371	KZ506142.1	37557	37781	C	11.6	0
ERVL	DR0105238	KZ506142.1	151431	151662	+	10.9	0
ERVL	DR0105238	KZ506142.1	152051	152149	+	12.0	0
ERVL	DR0105338	KZ506142.1	236404	236887	C	13.9	0
ERVL	DR0105338	KZ506142.1	273352	274281	C	22.1	0
ERVL	DR0105358	KZ506142.1	302137	302777	+	4.8	0
ERVL	DR0105278	KZ506142.1	325133	325528	C	18.7	0
ERV4	DR0105376	KZ506143.1	6983	7213	+	8.3	0
ERVL	DR0105364	KZ506143.1	23912	24164	C	8.4	0
ERVL	DR0105358	KZ506143.1	24167	24328	C	12.3	0
ERV4	DR0105376	KZ506143.1	79757	79897	C	24.0	0
ERVL	DR0105370	KZ506143.1	80436	81029	+	13.5	0
ERVL	DR0105371	KZ506143.1	122753	123280	+	15.2	0
ERVL	DR0105338	KZ506143.1	158225	159280	C	18.7	0
ERVL	DR0105370	KZ506143.1	211225	211624	C	13.3	0
ERVL	DR0105278	KZ506144.1	4250	4761	C	17.7	0
ERVL	DR0105294	KZ506144.1	9274	10015	+	10.3	0
ERVL	DR0105371	KZ506144.1	31245	31825	C	15.8	0
ERVL	DR0105371	KZ506144.1	121902	122469	C	13.1	0
ERVL	DR0105371	KZ506144.1	127513	127655	C	14.8	0
ERVL	DR0105278	KZ506144.1	171733	172286	+	12.8	0
ERVL	DR0105261	KZ506145.1	56896	57592	C	15.3	0
ERVL	DR0105370	KZ506145.1	79509	80064	+	12.6	0
ERVL	DR0105278	KZ506145.1	330142	330634	+	16.9	0
ERVL	DR0105370	KZ506146.1	53545	53808	+	16.0	0
ERVL	DR0105371	KZ506146.1	53814	54381	+	15.2	0
ERVL	DR0105338	KZ506146.1	120503	121568	C	16.9	0
ERVL	DR0105338	KZ506146.1	203086	203709	C	23.7	0
ERVL	DR0105338	KZ506146.1	208218	208532	C	17.0	0
ERVL	DR0105278	KZ506149.1	9481	9892	C	17.3	0
ERVL	DR0105358	KZ506149.1	75332	75424	C	3.2	0
ERVL	DR0105315	KZ506149.1	176610	176712	C	17.5	0
ERVL	DR0105338	KZ506150.1	479	1340	C	20.3	0
ERVL	DR0105315	KZ506150.1	5704	5847	C	29.1	0
ERVL	DR0105315	KZ506150.1	5957	6222	C	22.6	0
ERVL	DR0105364	KZ506150.1	22060	22696	C	14.5	0
ERVL	DR0105238	KZ506150.1	66677	66765	+	16.5	0
ERVL	DR0105370	KZ506150.1	187279	187890	+	17.6	0
ERVL	DR0105371	KZ506150.1	192952	193078	+	21.6	0
ERVL	DR0105338	KZ506150.1	209076	210128	+	23.4	0
ERVL	DR0105294	KZ506150.1	331535	332214	+	9.0	0
ERVL	DR0105338	KZ506151.1	333506	333695	C	18.0	0
ERVL	DR0105294	KZ506152.1	25187	25928	C	10.7	0
ERVL	DR0105315	KZ506152.1	34305	34740	C	21.6	0
ERVL	DR0105295	KZ506152.1	35821	35948	C	21.9	0
ERVL	DR0105295	KZ506152.1	56331	56486	+	13.5	0
ERV4	DR0105376	KZ506152.1	64225	64988	+	7.5	0
ERVL	DR0105278	KZ506152.1	128873	129378	C	15.0	0
ERV1	DR0105321	KZ506152.1	164633	165373	+	14.7	0
ERVL	DR0105338	KZ506152.1	194742	194982	+	29.9	0
ERVL	DR0105370	KZ506152.1	226094	227002	C	19.9	0
ERVL	DR0105278	KZ506152.1	227112	227628	C	15.3	0
ERVL	DR0105315	KZ506152.1	247929	248180	C	23.5	0
ERVL	DR0105315	KZ506152.1	248721	248928	C	19.7	0
ERVL	DR0105338	KZ506152.1	277493	277926	+	23.1	0
ERVL	DR0105338	KZ506152.1	307304	307616	+	21.5	0
ERVL	DR0105295	KZ506152.1	325469	326017	+	24.2	0
ERVL	DR0105371	KZ506152.1	328154	328737	+	14.2	0
ERVL	DR0105370	KZ506153.1	1074	1373	+	14.6	0
ERVL	DR0105371	KZ506153.1	46056	46631	C	17.4	0
ERVL	DR0105338	KZ506153.1	334843	335158	C	11.6	0
ERVL	DR0105278	KZ506154.1	79453	79538	+	23.8	0
ERVL	DR0105295	KZ506154.1	310687	310742	+	14.3	0
ERVL	DR0105371	KZ506155.1	116728	117305	+	13.8	0
ERVL	DR0105370	KZ506155.1	128595	129187	C	17.8	0
ERVL	DR0105371	KZ506155.1	146049	146614	+	15.7	0
ERVL	DR0105371	KZ506155.1	241629	242156	+	11.3	0
ERVL	DR0105315	KZ506155.1	339757	340334	C	23.3	0
ERVL	DR0105294	KZ506158.1	42146	42509	+	7.7	0
ERVL	DR0105278	KZ506158.1	111007	111263	C	17.4	0
ERVL	DR0105315	KZ506158.1	113911	114501	+	24.4	0
ERVL	DR0105341	KZ506159.1	28974	29392	C	9.8	0
ERVL	DR0105371	KZ506159.1	119889	120457	+	14.2	0
ERVL	DR0105338	KZ506159.1	146426	147494	C	15.7	0
ERVL	DR0105358	KZ506160.1	323668	323767	C	5.0	0
ERVL	DR0105358	KZ506161.1	7862	7973	C	2.7	0
ERVL	DR0105278	KZ506161.1	27931	28454	C	17.6	0
ERVL	DR0105370	KZ506161.1	42506	42970	C	17.9	0
ERVL	DR0105315	KZ506161.1	42975	43029	C	14.6	0
ERVL	DR0105261	KZ506161.1	91306	91497	C	10.4	0
ERVL	DR0105305	KZ506161.1	264797	264887	+	25.3	0
ERVL	DR0105278	KZ506162.1	24606	25110	C	14.2	0
ERVL	DR0105371	KZ506162.1	37827	38345	C	15.1	0
ERVL	DR0105364	KZ506162.1	87281	87931	C	9.3	0
ERVL	DR0105278	KZ506162.1	130772	131230	C	18.8	0
ERVL	DR0105364	KZ506162.1	329728	330336	+	13.3	0
ERVL	DR0105294	KZ506163.1	39168	39899	+	9.1	0
ERVL	DR0105315	KZ506163.1	138662	139149	C	20.1	0
ERVL	DR0105358	KZ506164.1	169204	169648	C	5.8	0
ERVL	DR0105358	KZ506164.1	169700	169942	C	8.2	0
ERVL	DR0105371	KZ506164.1	175432	175997	+	23.8	0
ERVL	DR0105294	KZ506164.1	208037	208766	+	10.8	0
ERVL	DR0105338	KZ506164.1	253291	253618	C	16.5	0
ERVL	DR0105358	KZ506164.1	282924	283324	C	5.2	0
ERVL	DR0105278	KZ506164.1	312580	313060	C	18.0	0
ERVL	DR0105338	KZ506165.1	21141	22258	+	14.6	0
ERVL	DR0105371	KZ506165.1	185387	185951	C	15.0	0
ERVL	DR0105371	KZ506165.1	265654	265940	+	15.9	0
ERVL	DR0105338	KZ506165.1	270500	270646	+	22.6	0
ERVL	DR0105371	KZ506166.1	11422	11970	+	21.4	0
ERVL	DR0105338	KZ506166.1	16299	16766	+	19.6	0
ERVL	DR0105370	KZ506166.1	22947	23037	+	21.6	0
ERVL	DR0105370	KZ506166.1	31436	31610	+	21.7	0
ERVL	DR0105338	KZ506166.1	45733	45951	C	23.1	0
ERVL	DR0105338	KZ506166.1	57987	59087	+	17.2	0
ERVL	DR0105370	KZ506166.1	110305	110848	+	20.5	0
ERVL	DR0105338	KZ506166.1	121094	121571	C	27.6	0
ERVL	DR0105338	KZ506166.1	130699	131013	C	21.7	0
ERVL	DR0105338	KZ506166.1	131016	131224	C	30.1	0
ERVL	DR0105338	KZ506166.1	133453	134584	C	16.9	0
ERVL	DR0105278	KZ506166.1	137884	138169	C	12.8	0
ERV4	DR0105376	KZ506166.1	144973	145203	+	9.8	0
ERV4	DR0105376	KZ506166.1	145639	145996	+	6.2	0
ERVL	DR0105338	KZ506166.1	164630	165694	+	17.8	0
ERVL	DR0105327	KZ506166.1	167498	167944	+	9.5	0
ERVL	DR0105278	KZ506166.1	186369	186746	+	15.7	0
ERVL	DR0105278	KZ506166.1	231474	231976	+	14.8	0
ERV4	DR0105376	KZ506166.1	241769	242419	C	19.9	0
ERVL	DR0105371	KZ506166.1	249054	249632	C	14.3	0
ERVL	DR0105370	KZ506166.1	257863	258293	+	16.3	0
ERVL	DR0105338	KZ506166.1	265768	266490	C	18.0	0
ERVL	DR0105326	KZ506166.1	274152	274699	+	21.3	0
ERVL	DR0105338	KZ506166.1	299241	299595	C	20.4	0
ERVL	DR0105278	KZ506166.1	306492	307027	+	15.8	0
ERVL	DR0105294	KZ506166.1	315278	316010	+	11.2	0
ERVL	DR0105261	KZ506166.1	317771	318169	+	23.1	0
ERVL	DR0105338	KZ506166.1	318221	318548	+	25.5	0
ERVL	DR0105370	KZ506167.1	51569	51783	C	21.3	0
ERVL	DR0105371	KZ506167.1	54011	54200	C	21.2	0
ERVL	DR0105278	KZ506167.1	87931	88215	+	18.5	0
ERVL	DR0105371	KZ506167.1	254449	255028	C	14.9	0
ERVL	DR0105370	KZ506167.1	318167	318756	+	23.2	0
ERVL	DR0105261	KZ506168.1	391	713	C	16.0	0
ERVL	DR0105238	KZ506168.1	28210	28308	C	3.1	0
ERVL	DR0105370	KZ506168.1	116998	117357	C	25.8	0
ERVL	DR0105338	KZ506168.1	160057	161094	+	34.5	0
ERVL	DR0105278	KZ506168.1	168771	168832	+	19.4	0
ERVL	DR0105338	KZ506168.1	180268	181388	+	15.1	0
ERVL	DR0105338	KZ506169.1	1122	1396	+	21.4	0
ERVL	DR0105338	KZ506170.1	145776	146144	C	24.8	0
ERV1	DR0105342	KZ506171.1	22118	23214	+	12.7	0
ERVL	DR0105294	KZ506171.1	212178	212273	C	14.6	0
ERVL	DR0105364	KZ506171.1	279791	280439	+	12.8	0
ERVL	DR0105278	KZ506172.1	35149	35639	C	17.1	0
ERVL	DR0105338	KZ506172.1	139983	141059	+	14.8	0
ERVL	DR0105278	KZ506172.1	220255	220796	+	19.5	0
ERVL	DR0105371	KZ506173.1	111586	112104	C	18.9	0
ERV4	DR0105376	KZ506174.1	21411	22161	+	5.9	0
ERVL	DR0105338	KZ506174.1	35257	35482	C	18.3	0
ERVL	DR0105338	KZ506174.1	43751	44801	+	16.2	0
ERVL	DR0105370	KZ506174.1	51901	52048	+	18.6	0
ERVL	DR0105370	KZ506174.1	88931	89549	+	17.2	0
ERVL	DR0105261	KZ506174.1	167395	167792	+	22.6	0
ERVL	DR0105305	KZ506174.1	167811	167904	+	26.4	0
ERVL	DR0105278	KZ506174.1	205561	205687	+	21.8	0
ERVL	DR0105338	KZ506174.1	208465	209089	C	24.0	0
ERVL	DR0105238	KZ506174.1	210861	210940	+	24.4	0
ERVL	DR0105238	KZ506175.1	26851	27602	+	11.0	0
ERVL	DR0105338	KZ506175.1	77060	78084	C	15.5	0
ERVL	DR0105370	KZ506175.1	183804	184379	C	19.1	0
ERVL	DR0105294	KZ506175.1	189041	189765	+	9.9	0
ERVL	DR0105370	KZ506175.1	191362	191734	C	23.0	0
ERVL	DR0105315	KZ506175.1	194269	194735	+	22.5	0
ERVL	DR0105295	KZ506175.1	229319	229587	C	19.7	0
ERVL	DR0105341	KZ506176.1	43951	44082	+	6.8	0
ERVL	DR0105312	KZ506176.1	323822	324006	C	28.6	0
ERV4	DR0105376	KZ506176.1	325232	325930	C	11.3	0
ERVL	DR0105358	KZ506177.1	178690	179191	+	10.2	0
ERVL	DR0105338	KZ506177.1	248461	248715	C	29.5	0
ERVL	DR0105261	KZ506177.1	248719	248791	C	13.0	0
ERVL	DR0105305	KZ506178.1	110749	110844	C	12.1	0
ERVL	DR0105371	KZ506178.1	148673	149206	C	13.7	0
ERVL	DR0105364	KZ506179.1	294208	294618	+	11.3	0
ERVL	DR0105364	KZ506179.1	294711	294928	+	8.3	0
ERVL	DR0105278	KZ506180.1	40114	40601	+	13.6	0
ERV4	DR0105376	KZ506180.1	74257	74588	C	22.5	0
ERVL	DR0105370	KZ506180.1	189652	190243	+	12.9	0
ERVL	DR0105338	KZ506180.1	223806	224802	C	15.5	0
ERVL	DR0105305	KZ506180.1	262849	263025	C	25.7	0
ERVL	DR0105305	KZ506180.1	263123	263359	C	28.2	0
ERVL	DR0105370	KZ506180.1	304284	304806	+	23.6	0
ERVL	DR0105305	KZ506181.1	14224	15051	+	22.0	0
ERV4	DR0105376	KZ506181.1	167412	167960	C	12.7	0
ERVL	DR0105278	KZ506181.1	214672	215149	C	18.1	0
ERVL	DR0105338	KZ506181.1	306238	307317	C	17.4	0
ERVL	DR0105278	KZ506182.1	24484	24974	C	19.2	0
ERVL	DR0105370	KZ506182.1	44794	45016	+	26.6	0
ERVL	DR0105371	KZ506182.1	128940	129123	+	15.8	0
ERVL	DR0105338	KZ506182.1	192298	193328	+	17.9	0
ERVL	DR0105358	KZ506183.1	20622	21263	C	8.6	0
ERVL	DR0105338	KZ506183.1	274003	274820	+	15.6	0
ERVL	DR0105341	KZ506184.1	1051	1452	C	11.1	0
ERVL	DR0105326	KZ506184.1	64975	65293	+	14.6	0
ERVL	DR0105278	KZ506184.1	138367	138890	+	18.4	0
ERVL	DR0105338	KZ506184.1	222012	222132	C	12.5	0
ERVL	DR0105370	KZ506184.1	230185	230723	C	22.0	0
ERVL	DR0105294	KZ506184.1	239184	239385	C	8.4	0
ERVL	DR0105278	KZ506184.1	276447	276947	+	17.8	0
ERVL	DR0105278	KZ506184.1	305653	306136	C	16.9	0
ERVL	DR0105305	KZ506184.1	310544	310910	+	28.7	0
ERVL	DR0105370	KZ506184.1	314614	314822	+	17.2	0
ERVL	DR0105338	KZ506185.1	246988	247431	+	19.6	0
ERVL	DR0105238	KZ506185.1	308830	309595	C	9.8	0
ERVL	DR0105327	KZ506186.1	85905	86461	C	8.7	0
ERVL	DR0105358	KZ506186.1	124140	124750	C	45.5	0
ERVL	DR0105278	KZ506186.1	173500	174000	+	15.8	0
ERVL	DR0105358	KZ506187.1	221407	222032	C	34.2	0
ERVL	DR0105370	KZ506188.1	260924	261224	C	17.6	0
ERVL	DR0105358	KZ506189.1	254004	254297	C	10.5	0
ERVL	DR0105232	KZ506189.1	299274	299340	C	20.9	0
ERV1	DR0105342	KZ506189.1	306031	306190	+	21.9	0
ERV1	DR0105342	KZ506189.1	306334	306517	+	23.1	0
ERVL	DR0105358	KZ506190.1	328711	329343	+	9.8	0
ERVL	DR0105327	KZ506191.1	15079	15141	C	19.1	0
ERVL	DR0105371	KZ506191.1	286927	287350	C	13.9	0
ERVL	DR0105358	KZ506192.1	74660	75298	C	4.1	0
ERV4	DR0105376	KZ506192.1	157208	157947	C	6.7	0
ERVL	DR0105371	KZ506192.1	178947	179052	C	7.5	0
ERVL	DR0105370	KZ506193.1	86737	86848	+	23.2	0
ERVL	DR0105278	KZ506193.1	124467	124620	C	13.1	0
ERVL	DR0105315	KZ506193.1	124877	125414	C	25.2	0
ERVL	DR0105370	KZ506193.1	126799	127349	C	17.7	0
ERVL	DR0105370	KZ506193.1	173335	173467	C	14.2	0
ERVL	DR0105370	KZ506193.1	174561	174735	C	23.3	0
ERVL	DR0105315	KZ506193.1	174817	175034	C	20.5	0
ERVL	DR0105358	KZ506193.1	294542	295182	+	10.5	0
ERVL	DR0105370	KZ506194.1	46096	46690	C	27.1	0
ERVL	DR0105315	KZ506194.1	51429	51986	+	25.4	0
ERVL	DR0105278	KZ506194.1	80696	81173	+	16.4	0
ERVL	DR0105370	KZ506194.1	104812	105165	C	15.9	0
ERV4	DR0105376	KZ506194.1	108694	109414	+	10.3	0
ERVL	DR0105370	KZ506194.1	158442	158992	+	20.7	0
ERVL	DR0105338	KZ506194.1	168506	169211	C	23.1	0
ERV4	DR0105376	KZ506194.1	171780	172306	C	16.8	0
ERV4	DR0105376	KZ506194.1	219108	219422	C	14.8	0
ERVL	DR0105338	KZ506194.1	257865	258601	C	24.3	0
ERVL	DR0105370	KZ506194.1	262480	263041	+	20.0	0
ERVL	DR0105370	KZ506194.1	287165	287410	C	23.7	0
ERVL	DR0105338	KZ506194.1	287413	287602	+	20.6	0
ERVL	DR0105338	KZ506194.1	319995	320124	C	21.4	0
ERVL	DR0105278	KZ506194.1	321607	322180	+	16.3	0
ERV1	DR0105342	KZ506194.1	323070	323634	C	22.7	0
ERVL	DR0105338	KZ506195.1	100199	100910	C	21.2	0
ERVL	DR0105338	KZ506196.1	11762	12510	C	30.1	0
ERVL	DR0105338	KZ506196.1	89439	90383	+	16.4	0
ERVL	DR0105338	KZ506196.1	121447	122086	+	28.4	0
ERVL	DR0105371	KZ506196.1	129505	129964	C	15.6	0
ERVL	DR0105278	KZ506196.1	130118	130441	C	17.6	0
ERVL	DR0105338	KZ506196.1	147206	147644	+	18.1	0
ERVL	DR0105338	KZ506196.1	148074	148238	+	22.4	0
ERVL	DR0105315	KZ506196.1	209569	209861	C	23.4	0
ERVL	DR0105338	KZ506196.1	210650	211651	C	17.3	0
ERVL	DR0105315	KZ506196.1	213800	213906	C	21.5	0
ERVL	DR0105338	KZ506196.1	240172	240704	C	22.6	0
ERVL	DR0105338	KZ506196.1	246556	247505	+	28.6	0
ERVL	DR0105294	KZ506196.1	260703	261449	+	10.0	0
ERV1	DR0105240	KZ506196.1	265011	265114	C	21.8	0
ERVL	DR0105370	KZ506196.1	297296	297858	C	24.2	0
ERVL	DR0105338	KZ506196.1	309249	309719	+	27.3	0
ERVL	DR0105305	KZ506196.1	309885	309974	+	31.1	0
ERVL	DR0105338	KZ506196.1	319155	319359	C	17.1	0
ERVL	DR0105294	KZ506196.1	319361	320099	+	10.3	0
ERVL	DR0105338	KZ506196.1	320100	321016	C	23.2	0
ERVL	DR0105338	KZ506196.1	323520	323925	+	27.1	0
ERVL	DR0105327	KZ506196.1	326052	326137	+	10.5	0
ERV1	DR0105240	KZ506197.1	6523	6562	C	7.5	0
ERVL	DR0105278	KZ506197.1	123609	123829	C	12.3	0
ERVL	DR0105338	KZ506199.1	110547	110948	+	21.8	0
ERVL	DR0105358	KZ506200.1	179693	180220	+	5.8	0
ERVL	DR0105370	KZ506201.1	78163	78743	+	12.0	0
ERVL	DR0105232	KZ506201.1	127579	127658	C	14.5	0
ERVL	DR0105371	KZ506201.1	131395	131870	+	12.1	0
ERVL	DR0105327	KZ506201.1	207462	208188	C	7.8	0
ERVL	DR0105338	KZ506201.1	237984	239070	+	15.2	0
ERVL	DR0105278	KZ506201.1	296142	296277	C	23.0	0
ERVL	DR0105338	KZ506202.1	121005	121479	+	27.5	0
ERVL	DR0105338	KZ506202.1	292339	293257	C	16.9	0
ERVL	DR0105358	KZ506202.1	300708	301328	+	10.5	0
ERVL	DR0105315	KZ506203.1	177585	178071	+	27.1	0
ERVL	DR0105238	KZ506203.1	189210	189252	C	7.0	0
ERVL	DR0105338	KZ506204.1	5923	6113	C	22.1	0
ERVL	DR0105371	KZ506204.1	25982	26552	C	19.9	0
ERVL	DR0105338	KZ506204.1	46046	46352	C	25.1	0
ERVL	DR0105338	KZ506204.1	46574	46854	C	27.3	0
ERVL	DR0105370	KZ506204.1	53991	54575	C	20.2	0
ERVL	DR0105305	KZ506204.1	227250	227490	C	24.3	0
ERVL	DR0105261	KZ506204.1	227505	227825	C	26.6	0
ERVL	DR0105338	KZ506204.1	301749	301831	+	21.7	0
ERVL	DR0105230	KZ506204.1	313140	313563	+	17.0	0
ERVL	DR0105338	KZ506205.1	42770	43668	C	14.5	0
ERVL	DR0105305	KZ506205.1	61132	61206	C	28.0	0
ERVL	DR0105338	KZ506205.1	234505	235002	C	11.7	0
ERVL	DR0105261	KZ506205.1	235579	235634	C	10.7	0
ERVL	DR0105305	KZ506206.1	63361	63427	C	22.7	0
ERVL	DR0105305	KZ506206.1	63544	63679	C	26.7	0
ERVL	DR0105278	KZ506209.1	271989	272437	+	14.8	0
ERVL	DR0105305	KZ506210.1	49147	49393	+	30.0	0
ERVL	DR0105305	KZ506210.1	49527	49695	+	28.4	0
ERV1	DR0105321	KZ506210.1	152031	152354	+	33.0	0
ERVL	DR0105364	KZ506210.1	267461	267872	C	13.6	0
ERVL	DR0105358	KZ506210.1	273270	273502	C	13.4	0
ERV1	DR0105240	KZ506212.1	102957	103082	+	24.4	0
ERVL	DR0105238	KZ506212.1	150772	151282	+	11.0	0
ERVL	DR0105238	KZ506212.1	151297	151675	+	14.3	0
ERVL	DR0105230	KZ506213.1	789	1395	+	5.8	0
ERVL	DR0105338	KZ506213.1	49913	50495	+	22.6	0
ERVL	DR0105305	KZ506213.1	108171	108376	C	25.4	0
ERVL	DR0105338	KZ506213.1	120729	121696	+	24.5	0
ERVL	DR0105370	KZ506213.1	145828	146396	+	17.6	0
ERVL	DR0105278	KZ506213.1	147787	148301	C	16.7	0
ERVL	DR0105295	KZ506213.1	173859	174115	+	18.3	0
ERVL	DR0105370	KZ506213.1	185853	187278	+	20.9	0
ERVL	DR0105338	KZ506213.1	199651	200624	C	27.2	0
ERVL	DR0105305	KZ506213.1	220207	220326	C	23.5	0
ERVL	DR0105338	KZ506213.1	220332	220406	C	17.6	0
ERVL	DR0105315	KZ506213.1	262684	263240	+	24.4	0
ERVL	DR0105371	KZ506214.1	70625	70744	C	23.7	0
ERVL	DR0105371	KZ506214.1	148159	148717	C	17.8	0
ERVL	DR0105295	KZ506214.1	172997	173178	+	17.1	0
ERVL	DR0105370	KZ506214.1	192317	192965	+	25.0	0
ERVL	DR0105338	KZ506215.1	210409	211500	C	14.3	0
ERVL	DR0105338	KZ506215.1	242527	243627	C	17.6	0
ERVL	DR0105370	KZ506217.1	63633	64192	+	12.4	0
ERVL	DR0105370	KZ506217.1	139530	140131	+	13.2	0
ERVL	DR0105278	KZ506218.1	95892	96012	C	19.7	0
ERVL	DR0105370	KZ506218.1	218687	218918	C	28.5	0
ERVL	DR0105370	KZ506218.1	240776	241132	+	18.2	0
ERVL	DR0105305	KZ506218.1	248933	249239	+	31.1	0
ERVL	DR0105305	KZ506218.1	249286	249646	+	28.5	0
ERVL	DR0105370	KZ506218.1	285678	286269	+	11.4	0
ERV1	DR0105240	KZ506219.1	59467	59514	+	16.7	0
ERVL	DR0105294	KZ506219.1	115611	116351	C	11.2	0
ERVL	DR0105294	KZ506219.1	246999	247701	+	9.6	0
ERVL	DR0105338	KZ506220.1	173891	174360	+	31.2	0
ERVL	DR0105370	KZ506220.1	174733	174867	+	30.3	0
ERVL	DR0105326	KZ506220.1	196992	197090	C	18.4	0
ERVL	DR0105370	KZ506221.1	16186	16287	C	14.2	0
ERVL	DR0105315	KZ506221.1	16719	16861	C	27.3	0
ERVL	DR0105370	KZ506221.1	16964	17183	C	28.9	0
ERVL	DR0105371	KZ506221.1	18097	18654	C	16.9	0
ERVL	DR0105358	KZ506221.1	46615	46846	+	4.7	0
ERVL	DR0105315	KZ506221.1	208382	208923	+	20.1	0
ERVL	DR0105371	KZ506221.1	262955	263507	C	18.1	0
ERVL	DR0105278	KZ506221.1	290771	291236	C	18.1	0
ERVL	DR0105371	KZ506222.1	190722	191298	C	14.7	0
ERVL	DR0105295	KZ506222.1	209781	209910	+	12.3	0
ERVL	DR0105278	KZ506222.1	309527	310076	C	14.9	0
ERVL	DR0105338	KZ506223.1	53266	53438	C	21.7	0
ERVL	DR0105338	KZ506224.1	40339	40528	+	17.4	0
ERVL	DR0105370	KZ506224.1	78071	78186	C	12.1	0
ERVL	DR0105370	KZ506224.1	78795	79260	C	14.2	0
ERV1	DR0105342	KZ506224.1	210959	211209	C	14.4	0
ERV4	DR0105376	KZ506224.1	255975	256038	+	23.0	0
ERVL	DR0105370	KZ506225.1	23699	24270	+	15.1	0
ERVL	DR0105370	KZ506225.1	88916	89384	+	17.1	0
ERVL	DR0105278	KZ506225.1	118902	119375	C	17.1	0
ERVL	DR0105371	KZ506226.1	143464	144021	+	12.3	0
ERVL	DR0105315	KZ506226.1	303638	303983	C	27.0	0
ERVL	DR0105338	KZ506227.1	9838	10938	C	18.1	0
ERVL	DR0105261	KZ506227.1	30294	30661	C	15.0	0
ERVL	DR0105327	KZ506227.1	129131	129221	C	8.8	0
ERVL	DR0105305	KZ506227.1	169403	169473	+	15.5	0
ERVL	DR0105371	KZ506227.1	224356	224993	+	16.6	0
ERVL	DR0105326	KZ506227.1	298967	299010	+	11.4	0
ERVL	DR0105312	KZ506228.1	13424	13506	+	19.7	0
ERVL	DR0105370	KZ506228.1	153416	153995	+	15.0	0
ERVL	DR0105305	KZ506228.1	279295	279557	C	23.3	0
ERVL	DR0105305	KZ506229.1	216330	217065	C	24.2	0
ERVL	DR0105358	KZ506231.1	6243	6420	C	3.9	0
ERVL	DR0105371	KZ506231.1	9290	9446	C	19.7	0
ERVL	DR0105338	KZ506231.1	77563	78702	+	19.9	0
ERVL	DR0105341	KZ506232.1	23813	24208	+	9.8	0
ERV1	DR0105240	KZ506232.1	107918	108045	+	25.0	0
ERVL	DR0105315	KZ506232.1	120511	120824	C	21.0	0
ERVL	DR0105305	KZ506232.1	155723	156525	C	25.7	0
ERVL	DR0105371	KZ506232.1	278322	278494	+	12.8	0
ERVL	DR0105371	KZ506232.1	282537	283105	+	14.0	0
ERVL	DR0105371	KZ506233.1	36456	36728	+	14.7	0
ERVL	DR0105370	KZ506233.1	89255	89840	C	22.0	0
ERVL	DR0105327	KZ506233.1	230676	231203	+	7.8	0
ERVL	DR0105295	KZ506234.1	10114	10321	+	17.8	0
ERVL	DR0105370	KZ506234.1	10360	10598	+	24.4	0
ERVL	DR0105358	KZ506234.1	238831	239475	C	49.0	0
ERVL	DR0105261	KZ506236.1	10844	11635	+	19.9	0
ERV1	DR0105240	KZ506236.1	12152	12246	+	14.6	0
ERVL	DR0105261	KZ506236.1	12249	12563	+	15.7	0
ERVL	DR0105278	KZ506236.1	25777	25987	+	25.3	0
ERVL	DR0105315	KZ506236.1	30416	30987	+	23.8	0
ERVL	DR0105338	KZ506236.1	41344	41694	+	22.6	0
ERVL	DR0105370	KZ506236.1	41860	42427	C	24.8	0
ERVL	DR0105364	KZ506236.1	157507	158115	C	13.6	0
ERVL	DR0105327	KZ506236.1	168851	169474	C	12.1	0
ERVL	DR0105338	KZ506236.1	194756	195031	C	19.8	0
ERVL	DR0105278	KZ506236.1	205351	205892	C	17.0	0
ERVL	DR0105338	KZ506236.1	216839	217108	+	24.9	0
ERVL	DR0105338	KZ506236.1	217133	217396	+	27.1	0
ERVL	DR0105261	KZ506236.1	221391	221587	C	13.7	0
ERV4	DR0105376	KZ506236.1	240784	241480	+	17.6	0
ERVL	DR0105370	KZ506236.1	270476	271060	+	16.9	0
ERVL	DR0105294	KZ506236.1	307193	307374	+	8.2	0
ERVL	DR0105278	KZ506237.1	102557	103066	C	17.2	0
ERVL	DR0105370	KZ506238.1	51455	51930	C	14.6	0
ERVL	DR0105278	KZ506238.1	204804	205370	+	17.9	0
ERVL	DR0105278	KZ506239.1	34233	34668	+	15.5	0
ERVL	DR0105358	KZ506239.1	138819	139462	+	6.1	0
ERVL	DR0105305	KZ506239.1	166102	166350	+	21.3	0
ERVL	DR0105305	KZ506239.1	166501	166860	+	23.2	0
ERVL	DR0105370	KZ506239.1	194064	194658	+	14.4	0
ERVL	DR0105358	KZ506239.1	209349	209992	+	4.7	0
ERVL	DR0105364	KZ506240.1	310181	310452	+	11.4	0
ERVL	DR0105370	KZ506241.1	69162	69405	+	15.1	0
ERVL	DR0105338	KZ506241.1	283405	283507	+	26.2	0
ERVL	DR0105338	KZ506242.1	27946	28633	+	22.2	0
ERVL	DR0105371	KZ506242.1	188727	189000	C	11.8	0
ERVL	DR0105370	KZ506242.1	243873	243940	+	16.4	0
ERVL	DR0105315	KZ506242.1	243955	244068	+	21.6	0
ERVL	DR0105338	KZ506242.1	247004	247988	+	21.6	0
ERVL	DR0105230	KZ506243.1	22358	22423	+	15.2	0
ERVL	DR0105230	KZ506243.1	22426	22472	+	6.4	0
ERV1	DR0105240	KZ506243.1	76205	76242	+	7.9	0
ERVL	DR0105278	KZ506243.1	182295	182791	+	15.8	0
ERVL	DR0105315	KZ506243.1	210602	211147	C	26.7	0
ERVL	DR0105238	KZ506243.1	226474	226552	C	16.1	0
ERVL	DR0105338	KZ506245.1	11481	12520	+	15.2	0
ERVL	DR0105371	KZ506245.1	137103	137332	C	18.2	0
ERVL	DR0105371	KZ506245.1	159549	160107	C	14.1	0
ERVL	DR0105278	KZ506245.1	266152	266672	C	15.0	0
ERVL	DR0105315	KZ506245.1	281968	282549	C	26.0	0
ERVL	DR0105338	KZ506245.1	297550	297798	C	23.4	0
ERVL	DR0105338	KZ506245.1	297820	298410	C	23.6	0
ERVL	DR0105338	KZ506245.1	299256	299431	C	26.7	0
ERVL	DR0105338	KZ506245.1	302559	303203	C	18.9	0
ERVL	DR0105261	KZ506246.1	280436	280746	+	12.2	0
ERVL	DR0105312	KZ506246.1	292566	292846	+	25.2	0
ERVL	DR0105370	KZ506246.1	293393	294062	+	22.4	0
ERVL	DR0105278	KZ506247.1	93630	94140	+	14.8	0
ERVL	DR0105294	KZ506247.1	115954	116043	C	12.2	0
ERVL	DR0105312	KZ506247.1	151088	151230	+	35.0	0
ERVL	DR0105358	KZ506247.1	156531	157172	+	8.3	0
ERVL	DR0105315	KZ506248.1	37817	38404	+	23.1	0
ERVL	DR0105315	KZ506248.1	52288	52359	C	11.1	0
ERVL	DR0105370	KZ506248.1	94186	94835	+	21.4	0
ERVL	DR0105232	KZ506248.1	126163	126586	C	18.7	0
ERVL	DR0105261	KZ506248.1	143037	143467	+	16.5	0
ERVL	DR0105370	KZ506248.1	152270	152865	C	18.8	0
ERVL	DR0105370	KZ506248.1	215884	216054	C	21.2	0
ERVL	DR0105370	KZ506248.1	256830	257002	+	24.3	0
ERVL	DR0105338	KZ506248.1	274235	274716	C	23.1	0
ERVL	DR0105370	KZ506249.1	6530	6581	+	5.9	0
ERVL	DR0105370	KZ506249.1	6582	7343	+	17.6	0
ERVL	DR0105278	KZ506249.1	15024	15541	+	18.5	0
ERVL	DR0105261	KZ506249.1	47218	47723	+	25.1	0
ERVL	DR0105364	KZ506249.1	81944	82572	+	12.6	0
ERVL	DR0105238	KZ506249.1	157215	157339	C	7.4	0
ERVL	DR0105370	KZ506249.1	187917	188513	+	11.1	0
ERVL	DR0105315	KZ506249.1	200084	200671	+	26.0	0
ERVL	DR0105327	KZ506249.1	219609	219643	C	5.7	0
ERVL	DR0105371	KZ506249.1	259610	259823	C	22.9	0
ERVL	DR0105305	KZ506249.1	263185	263294	C	31.2	0
ERVL	DR0105278	KZ506249.1	287621	288119	C	14.7	0
ERVL	DR0105305	KZ506251.1	142649	142889	C	21.0	0
ERVL	DR0105338	KZ506251.1	254982	255420	+	30.2	0
ERVL	DR0105305	KZ506251.1	255439	255510	+	25.4	0
ERVL	DR0105295	KZ506252.1	27200	27474	+	11.3	0
ERVL	DR0105370	KZ506252.1	27500	27609	+	23.6	0
ERVL	DR0105358	KZ506252.1	32700	33316	+	9.9	0
ERVL	DR0105305	KZ506252.1	86892	87010	C	27.4	0
ERVL	DR0105370	KZ506252.1	89459	89818	+	16.1	0
ERVL	DR0105338	KZ506252.1	95414	96409	C	17.7	0
ERVL	DR0105338	KZ506252.1	251541	252563	+	20.6	0
ERVL	DR0105295	KZ506252.1	263012	263096	+	10.6	0
ERVL	DR0105341	KZ506252.1	281294	281690	C	11.6	0
ERVL	DR0105358	KZ506253.1	278177	278309	+	10.7	0
ERVL	DR0105327	KZ506254.1	158804	159525	+	8.4	0
ERVL	DR0105305	KZ506254.1	220421	220578	C	24.8	0
ERVL	DR0105315	KZ506254.1	220757	221145	+	21.3	0
ERVL	DR0105338	KZ506254.1	252480	252619	C	10.7	0
ERVL	DR0105338	KZ506254.1	263305	263829	+	18.3	0
ERVL	DR0105305	KZ506255.1	41927	41991	C	33.9	0
ERVL	DR0105294	KZ506255.1	55429	55593	+	18.3	0
ERVL	DR0105278	KZ506255.1	117257	117793	+	15.8	0
ERVL	DR0105370	KZ506255.1	212358	212883	+	13.7	0
ERVL	DR0105278	KZ506255.1	280431	280938	C	14.9	0
ERVL	DR0105261	KZ506256.1	37179	37445	C	14.2	0
ERVL	DR0105338	KZ506256.1	52960	54031	C	19.4	0
ERVL	DR0105338	KZ506256.1	157253	158349	C	17.7	0
ERVL	DR0105294	KZ506256.1	165912	166640	C	10.8	0
ERVL	DR0105370	KZ506256.1	169581	169858	C	15.9	0
ERVL	DR0105370	KZ506256.1	169980	170277	C	11.1	0
ERVL	DR0105370	KZ506256.1	245823	246386	C	14.4	0
ERVL	DR0105338	KZ506256.1	276482	276697	C	14.5	0
ERVL	DR0105261	KZ506256.1	277113	277549	C	14.2	0
ERVL	DR0105371	KZ506256.1	286809	287382	+	15.4	0
ERVL	DR0105294	KZ506258.1	171843	172191	C	10.3	0
ERVL	DR0105371	KZ506258.1	192500	193052	+	14.3	0
ERVL	DR0105358	KZ506259.1	45464	45695	+	5.6	0
ERVL	DR0105338	KZ506260.1	13382	14182	+	16.6	0
ERVL	DR0105338	KZ506260.1	14199	14699	+	12.4	0
ERVL	DR0105312	KZ506260.1	19217	19581	C	18.3	0
ERVL	DR0105278	KZ506261.1	249889	250450	+	18.5	0
ERVL	DR0105364	KZ506263.1	86147	86794	C	13.0	0
ERVL	DR0105358	KZ506263.1	117876	118510	C	11.0	0
ERVL	DR0105327	KZ506263.1	143839	143872	C	5.9	0
ERVL	DR0105327	KZ506263.1	174673	174846	+	8.6	0
ERVL	DR0105230	KZ506264.1	3662	3704	C	9.3	0
ERVL	DR0105278	KZ506264.1	193733	194236	C	14.7	0
ERVL	DR0105371	KZ506265.1	86396	86869	C	15.6	0
ERVL	DR0105370	KZ506266.1	197745	198244	+	19.6	0
ERVL	DR0105278	KZ506266.1	204171	204502	+	17.6	0
ERVL	DR0105364	KZ506267.1	252164	252704	C	13.7	0
ERVL	DR0105371	KZ506267.1	272087	272213	C	15.0	0
ERVL	DR0105370	KZ506268.1	151686	152019	+	21.8	0
ERVL	DR0105278	KZ506268.1	224334	224860	+	13.8	0
ERVL	DR0105358	KZ506268.1	234085	234423	C	13.3	0
ERVL	DR0105364	KZ506268.1	272692	273112	C	14.8	0
ERVL	DR0105278	KZ506269.1	96121	96683	C	13.8	0
ERV4	DR0105376	KZ506270.1	50113	50295	+	9.3	0
ERVL	DR0105370	KZ506270.1	164651	164746	+	18.8	0
ERVL	DR0105238	KZ506270.1	223052	223811	+	11.0	0
ERVL	DR0105232	KZ506270.1	261830	262473	C	19.0	0
ERVL	DR0105232	KZ506270.1	262476	262591	C	12.3	0
ERVL	DR0105232	KZ506270.1	262606	263498	C	22.8	0
ERVL	DR0105358	KZ506270.1	267552	268187	+	5.8	0
ERVL	DR0105371	KZ506271.1	7791	8311	C	14.5	0
ERVL	DR0105327	KZ506272.1	89119	89852	C	8.9	0
ERVL	DR0105370	KZ506272.1	264351	264637	C	11.3	0
ERVL	DR0105338	KZ506273.1	266463	267041	+	13.2	0
ERVL	DR0105370	KZ506274.1	140382	140503	C	17.2	0
ERVL	DR0105370	KZ506274.1	173300	173870	C	17.2	0
ERVL	DR0105370	KZ506275.1	175001	175568	+	14.0	0
ERV4	DR0105376	KZ506276.1	4318	4448	+	28.1	0
ERVL	DR0105370	KZ506276.1	131227	131828	C	14.9	0
ERVL	DR0105371	KZ506276.1	197055	197640	+	14.1	0
ERVL	DR0105371	KZ506278.1	38746	39320	+	14.2	0
ERVL	DR0105305	KZ506278.1	85138	85870	+	27.6	0
ERVL	DR0105364	KZ506278.1	141705	142290	+	12.5	0
ERVL	DR0105338	KZ506279.1	278380	279388	C	16.7	0
ERVL	DR0105315	KZ506280.1	128465	128819	+	22.4	0
ERVL	DR0105338	KZ506280.1	243771	244057	+	11.0	0
ERVL	DR0105338	KZ506281.1	133280	133961	+	16.5	0
ERVL	DR0105278	KZ506281.1	215998	216069	C	16.2	0
ERVL	DR0105278	KZ506281.1	216499	216954	C	14.2	0
ERVL	DR0105370	KZ506281.1	266463	267049	C	16.6	0
ERVL	DR0105278	KZ506282.1	22655	22732	C	8.0	0
ERVL	DR0105278	KZ506282.1	59008	59552	C	14.0	0
ERVL	DR0105370	KZ506282.1	83094	83685	C	21.0	0
ERVL	DR0105358	KZ506282.1	230619	230893	C	4.4	0
ERVL	DR0105230	KZ506282.1	257212	257272	C	16.4	0
ERVL	DR0105312	KZ506283.1	269368	269575	C	14.0	0
ERVL	DR0105371	KZ506285.1	45371	45958	+	16.9	0
ERVL	DR0105338	KZ506285.1	63378	64194	C	16.6	0
ERVL	DR0105364	KZ506285.1	135997	136510	+	13.4	0
ERVL	DR0105338	KZ506285.1	163516	164583	C	18.9	0
ERVL	DR0105371	KZ506285.1	185370	185824	C	16.1	0
ERVL	DR0105338	KZ506285.1	205032	206077	+	17.2	0
ERVL	DR0105278	KZ506285.1	209253	209761	+	17.6	0
ERVL	DR0105294	KZ506285.1	277185	277310	+	7.9	0
ERVL	DR0105312	KZ506285.1	279133	279432	+	21.6	0
ERVL	DR0105312	KZ506285.1	279494	280084	+	21.3	0
ERVL	DR0105370	KZ506286.1	159884	160484	C	17.9	0
ERVL	DR0105338	KZ506287.1	54408	55373	C	21.3	0
ERVL	DR0105278	KZ506287.1	87767	88307	+	16.7	0
ERVL	DR0105294	KZ506287.1	115072	115816	+	10.0	0
ERV1	DR0105240	KZ506287.1	244988	245120	+	20.6	0
ERVL	DR0105315	KZ506287.1	250264	250378	C	17.4	0
ERVL	DR0105370	KZ506287.1	250454	250761	C	25.2	0
ERVL	DR0105370	KZ506287.1	252846	252943	C	17.4	0
ERVL	DR0105370	KZ506287.1	254079	254491	C	19.0	0
ERVL	DR0105305	KZ506288.1	97205	97345	+	26.7	0
ERVL	DR0105295	KZ506288.1	106653	106821	+	17.2	0
ERVL	DR0105305	KZ506288.1	144819	145022	+	22.5	0
ERVL	DR0105315	KZ506288.1	148677	148977	+	16.3	0
ERVL	DR0105338	KZ506288.1	184968	185771	C	21.4	0
ERVL	DR0105305	KZ506288.1	196507	196715	C	29.4	0
ERVL	DR0105338	KZ506288.1	215011	215872	+	15.3	0
ERVL	DR0105338	KZ506288.1	248023	248248	C	23.0	0
ERVL	DR0105305	KZ506288.1	248256	248414	C	26.1	0
ERVL	DR0105371	KZ506288.1	272052	272271	C	18.3	0
ERVL	DR0105338	KZ506289.1	106674	107659	C	15.2	0
ERVL	DR0105338	KZ506289.1	110297	110585	+	22.4	0
ERVL	DR0105338	KZ506289.1	226600	227294	C	22.2	0
ERVL	DR0105338	KZ506289.1	233097	234082	C	15.7	0
ERVL	DR0105370	KZ506290.1	48530	49122	+	14.4	0
ERVL	DR0105364	KZ506290.1	75419	76065	C	11.3	0
ERVL	DR0105238	KZ506290.1	149329	150058	C	13.0	0
ERVL	DR0105338	KZ506290.1	197971	199108	C	14.1	0
ERVL	DR0105261	KZ506290.1	243498	243854	+	14.3	0
ERVL	DR0105338	KZ506291.1	23105	23298	C	13.5	0
ERVL	DR0105338	KZ506291.1	23412	24038	C	20.7	0
ERVL	DR0105338	KZ506291.1	35274	35612	C	22.3	0
ERV1	DR0105321	KZ506291.1	40579	40723	+	24.8	0
ERVL	DR0105341	KZ506291.1	58182	58563	+	11.5	0
ERVL	DR0105294	KZ506291.1	61675	62380	C	11.9	0
ERVL	DR0105261	KZ506291.1	123311	123523	C	16.6	0
ERVL	DR0105305	KZ506291.1	124605	124837	+	27.3	0
ERVL	DR0105370	KZ506291.1	132350	132766	C	16.0	0
ERVL	DR0105371	KZ506291.1	162243	162819	C	15.0	0
ERVL	DR0105338	KZ506291.1	185621	185764	C	24.5	0
ERVL	DR0105338	KZ506291.1	195059	195461	C	12.2	0
ERVL	DR0105261	KZ506291.1	195462	195725	C	14.0	0
ERVL	DR0105338	KZ506291.1	217653	217881	+	18.1	0
ERVL	DR0105338	KZ506291.1	217883	218213	+	18.5	0
ERVL	DR0105371	KZ506291.1	223084	223543	+	16.8	0
ERV4	DR0105376	KZ506291.1	226753	226913	C	28.0	0
ERV4	DR0105376	KZ506291.1	226986	227425	C	27.1	0
ERVL	DR0105238	KZ506291.1	247358	247448	C	11.7	0
ERVL	DR0105315	KZ506291.1	263347	263953	C	22.6	0
ERVL	DR0105358	KZ506292.1	78078	78347	C	4.4	0
ERVL	DR0105371	KZ506293.1	35255	35809	C	14.2	0
ERVL	DR0105370	KZ506293.1	175300	175897	C	14.8	0
ERVL	DR0105370	KZ506294.1	213549	213601	+	20.8	0
ERVL	DR0105370	KZ506294.1	255829	256439	C	22.8	0
ERVL	DR0105305	KZ506295.1	94614	94921	+	21.2	0
ERVL	DR0105338	KZ506295.1	126609	127095	+	22.2	0
ERVL	DR0105295	KZ506296.1	33075	33623	C	24.6	0
ERVL	DR0105278	KZ506296.1	101795	102295	+	16.8	0
ERVL	DR0105338	KZ506296.1	110738	111041	+	10.0	0
ERVL	DR0105278	KZ506296.1	154999	155519	+	14.1	0
ERVL	DR0105305	KZ506297.1	8086	8625	C	26.6	0
ERVL	DR0105370	KZ506297.1	12391	12503	C	16.2	0
ERVL	DR0105338	KZ506297.1	235085	235363	+	23.8	0
ERVL	DR0105370	KZ506298.1	22675	23264	C	22.5	0
ERV1	DR0105240	KZ506298.1	30681	31212	+	11.7	0
ERV4	DR0105376	KZ506298.1	31865	32096	C	14.7	0
ERVL	DR0105278	KZ506298.1	52711	53169	C	15.4	0
ERVL	DR0105371	KZ506298.1	104795	105352	C	14.9	0
ERVL	DR0105327	KZ506298.1	114107	114844	C	12.0	0
ERVL	DR0105341	KZ506298.1	119990	120407	C	10.3	0
ERVL	DR0105315	KZ506298.1	152622	152921	+	24.6	0
ERVL	DR0105370	KZ506298.1	200796	201172	C	14.9	0
ERVL	DR0105326	KZ506298.1	270386	270470	+	21.0	0
ERVL	DR0105238	KZ506299.1	22249	23008	C	9.2	0
ERVL	DR0105338	KZ506299.1	36007	36313	C	19.0	0
ERVL	DR0105338	KZ506299.1	36371	36562	C	24.3	0
ERVL	DR0105338	KZ506299.1	166821	167221	+	21.6	0
ERV4	DR0105376	KZ506299.1	257219	257967	C	4.8	0
ERVL	DR0105371	KZ506300.1	13912	14516	+	13.1	0
ERVL	DR0105294	KZ506300.1	75300	75425	+	6.3	0
ERVL	DR0105371	KZ506300.1	86525	87103	+	13.5	0
ERVL	DR0105370	KZ506300.1	120764	121347	+	18.0	0
ERVL	DR0105312	KZ506300.1	265022	265071	C	18.0	0
ERVL	DR0105364	KZ506301.1	17483	17526	C	11.4	0
ERVL	DR0105338	KZ506301.1	96184	96306	+	28.5	0
ERVL	DR0105305	KZ506301.1	96313	96485	+	25.7	0
ERVL	DR0105238	KZ506301.1	155240	155328	+	9.0	0
ERVL	DR0105305	KZ506301.1	231107	231907	+	26.5	0
ERVL	DR0105294	KZ506301.1	262898	263614	C	9.8	0
ERVL	DR0105370	KZ506302.1	123990	124095	C	22.6	0
ERVL	DR0105315	KZ506302.1	125769	126055	+	20.4	0
ERVL	DR0105295	KZ506302.1	139388	139532	+	13.8	0
ERVL	DR0105338	KZ506302.1	183125	183879	+	18.2	0
ERVL	DR0105278	KZ506302.1	192378	192914	C	15.9	0
ERV1	DR0105321	KZ506303.1	23660	23849	C	5.3	0
ERV1	DR0105240	KZ506304.1	13494	13545	C	15.7	0
ERVL	DR0105371	KZ506304.1	15289	15642	+	16.9	0
ERVL	DR0105371	KZ506304.1	15721	15951	+	10.9	0
ERVL	DR0105364	KZ506304.1	139726	140326	+	9.2	0
ERVL	DR0105370	KZ506304.1	146318	146879	+	14.3	0
ERV1	DR0105321	KZ506304.1	252522	252704	C	12.6	0
ERVL	DR0105338	KZ506305.1	9731	10578	+	24.0	0
ERVL	DR0105338	KZ506305.1	181107	182174	+	18.6	0
ERVL	DR0105371	KZ506306.1	11110	11186	+	18.2	0
ERVL	DR0105338	KZ506306.1	64705	64940	+	20.5	0
ERVL	DR0105364	KZ506306.1	192567	193202	C	11.3	0
ERVL	DR0105294	KZ506307.1	11233	11939	+	10.6	0
ERVL	DR0105364	KZ506307.1	73199	73820	C	12.3	0
ERVL	DR0105327	KZ506307.1	172295	172986	+	9.1	0
ERVL	DR0105364	KZ506307.1	240977	241613	+	13.1	0
ERVL	DR0105315	KZ506308.1	16797	17342	+	19.8	0
ERVL	DR0105358	KZ506308.1	183916	183963	C	6.2	0
ERVL	DR0105370	KZ506309.1	47399	47790	+	12.4	0
ERVL	DR0105315	KZ506309.1	90233	90761	+	23.4	0
ERVL	DR0105278	KZ506309.1	185554	186023	C	15.6	0
ERVL	DR0105294	KZ506309.1	208156	208896	+	10.1	0
ERVL	DR0105327	KZ506310.1	181976	182387	C	9.3	0
ERVL	DR0105370	KZ506310.1	204853	205439	C	18.3	0
ERVL	DR0105338	KZ506311.1	115595	116447	+	14.6	0
ERV4	DR0105376	KZ506312.1	61135	61356	+	18.1	0
ERVL	DR0105358	KZ506312.1	90244	90859	C	18.9	0
ERVL	DR0105370	KZ506312.1	92839	93099	+	14.2	0
ERVL	DR0105305	KZ506312.1	132014	132992	+	24.9	0
ERVL	DR0105261	KZ506312.1	140138	140348	+	16.2	0
ERVL	DR0105370	KZ506312.1	187694	188253	C	16.3	0
ERVL	DR0105364	KZ506312.1	230018	230653	C	15.9	0
ERVL	DR0105261	KZ506313.1	33922	33969	+	18.8	0
ERVL	DR0105371	KZ506313.1	58597	59151	C	15.0	0
ERVL	DR0105358	KZ506313.1	88739	88907	C	16.4	0
ERV4	DR0105376	KZ506313.1	103097	103422	C	15.4	0
ERVL	DR0105230	KZ506313.1	140571	141199	+	17.8	0
ERV1	DR0105240	KZ506314.1	3732	3855	C	27.3	0
ERV4	DR0105376	KZ506314.1	28338	29102	C	6.0	0
ERVL	DR0105370	KZ506314.1	73432	74329	+	18.8	0
ERVL	DR0105261	KZ506314.1	74342	74705	+	18.7	0
ERVL	DR0105370	KZ506314.1	74752	75831	+	21.9	0
ERVL	DR0105364	KZ506314.1	255950	256565	+	10.9	0
ERVL	DR0105371	KZ506315.1	39099	39504	C	12.4	0
ERVL	DR0105278	KZ506317.1	12583	13112	C	14.0	0
ERVL	DR0105305	KZ506317.1	22252	22441	C	29.6	0
ERVL	DR0105261	KZ506317.1	135405	135815	+	14.0	0
ERVL	DR0105261	KZ506317.1	144722	144997	C	8.6	0
ERVL	DR0105370	KZ506317.1	219672	220262	C	16.2	0
ERVL	DR0105294	KZ506318.1	123925	124658	+	9.8	0
ERVL	DR0105370	KZ506322.1	34830	35266	+	14.3	0
ERV1	DR0105321	KZ506322.1	79068	79156	C	11.2	0
ERV1	DR0105240	KZ506322.1	116243	116288	C	13.0	0
ERVL	DR0105338	KZ506324.1	175214	175344	C	9.3	0
ERVL	DR0105261	KZ506324.1	176231	176313	C	8.4	0
ERVL	DR0105370	KZ506324.1	239552	239654	C	20.4	0
ERVL	DR0105370	KZ506325.1	3786	4380	+	13.7	0
ERVL	DR0105305	KZ506325.1	55941	56163	+	31.0	0
ERVL	DR0105305	KZ506325.1	56434	56819	+	29.6	0
ERVL	DR0105261	KZ506325.1	74594	75026	+	20.7	0
ERVL	DR0105315	KZ506325.1	120222	120765	+	22.7	0
ERVL	DR0105358	KZ506325.1	154133	154775	C	4.2	0
ERVL	DR0105278	KZ506326.1	4089	4687	+	18.0	0
ERVL	DR0105338	KZ506326.1	17189	17528	C	14.0	0
ERV1	DR0105342	KZ506326.1	157263	157400	+	28.6	0
ERVL	DR0105341	KZ506326.1	164127	164523	C	10.3	0
ERVL	DR0105371	KZ506327.1	106358	106927	+	12.8	0
ERVL	DR0105341	KZ506327.1	111123	111540	+	10.3	0
ERVL	DR0105338	KZ506327.1	229134	230131	+	15.5	0
ERVL	DR0105341	KZ506327.1	258209	258404	C	7.7	0
ERVL	DR0105315	KZ506328.1	50	165	+	21.7	0
ERVL	DR0105338	KZ506328.1	16805	17068	+	27.7	0
ERVL	DR0105315	KZ506328.1	26741	26793	+	15.1	0
ERVL	DR0105294	KZ506329.1	13782	14530	+	11.8	0
ERVL	DR0105338	KZ506329.1	28367	28769	C	22.5	0
ERVL	DR0105305	KZ506329.1	67076	67282	C	24.8	0
ERVL	DR0105305	KZ506329.1	68451	69038	C	28.6	0
ERVL	DR0105315	KZ506329.1	217199	217723	C	25.4	0
ERVL	DR0105338	KZ506329.1	222722	223832	C	18.2	0
ERVL	DR0105371	KZ506329.1	235621	236195	C	17.4	0
ERVL	DR0105371	KZ506330.1	127913	128075	C	13.5	0
ERVL	DR0105371	KZ506330.1	147467	147773	+	12.4	0
ERV4	DR0105376	KZ506330.1	177098	177334	C	7.3	0
ERVL	DR0105305	KZ506330.1	196762	197089	C	17.3	0
ERVL	DR0105305	KZ506330.1	197378	197467	C	20.0	0
ERVL	DR0105315	KZ506330.1	214719	215147	+	23.6	0
ERV1	DR0105321	KZ506331.1	132844	132893	+	0.0	0
ERVL	DR0105338	KZ506332.1	78199	78814	C	19.2	0
ERVL	DR0105370	KZ506333.1	170050	170644	+	13.9	0
ERVL	DR0105358	KZ506333.1	174037	174129	+	16.1	0
ERVL	DR0105327	KZ506333.1	214014	214742	C	11.7	0
ERV1	DR0105240	KZ506334.1	115403	115485	C	9.6	0
ERVL	DR0105370	KZ506334.1	127595	127629	C	11.4	0
ERVL	DR0105278	KZ506334.1	127649	127965	C	12.7	0
ERVL	DR0105371	KZ506335.1	64108	64664	+	16.5	0
ERVL	DR0105371	KZ506335.1	98449	98984	+	16.1	0
ERVL	DR0105294	KZ506335.1	106808	107548	C	10.0	0
ERVL	DR0105371	KZ506335.1	124582	124869	+	15.3	0
ERVL	DR0105326	KZ506335.1	168787	168830	C	13.6	0
ERVL	DR0105370	KZ506335.1	168833	169045	C	15.0	0
ERVL	DR0105358	KZ506336.1	49362	50006	C	4.2	0
ERVL	DR0105371	KZ506337.1	174942	175524	C	13.5	0
ERVL	DR0105338	KZ506337.1	208880	209115	C	26.3	0
ERVL	DR0105371	KZ506338.1	223281	223523	C	12.0	0
ERVL	DR0105312	KZ506339.1	14523	14908	C	14.3	0
ERVL	DR0105338	KZ506340.1	45641	45997	+	12.1	0
ERVL	DR0105370	KZ506340.1	50251	50725	C	10.7	0
ERV4	DR0105376	KZ506341.1	19939	20349	+	21.3	0
ERVL	DR0105278	KZ506341.1	26524	27002	C	13.1	0
ERVL	DR0105338	KZ506342.1	172744	172976	C	21.0	0
ERVL	DR0105238	KZ506342.1	175694	175764	+	5.6	0
ERVL	DR0105338	KZ506342.1	204023	204896	C	22.3	0
ERVL	DR0105370	KZ506343.1	2	151	+	10.7	0
ERVL	DR0105278	KZ506343.1	28837	29325	C	17.0	0
ERVL	DR0105370	KZ506343.1	103306	103371	C	10.0	0
ERVL	DR0105261	KZ506343.1	160836	161390	+	15.7	0
ERVL	DR0105358	KZ506343.1	169910	170553	C	3.6	0
ERVL	DR0105295	KZ506344.1	76291	76824	+	23.7	0
ERVL	DR0105338	KZ506344.1	115893	116908	+	15.2	0
ERVL	DR0105358	KZ506344.1	162516	162562	C	0.0	0
ERVL	DR0105358	KZ506344.1	163033	163159	C	3.9	0
ERVL	DR0105371	KZ506344.1	188619	189175	+	13.8	0
ERVL	DR0105338	KZ506345.1	23277	24407	C	17.0	0
ERVL	DR0105370	KZ506345.1	29821	30390	C	14.1	0
ERVL	DR0105370	KZ506345.1	43766	44286	C	16.0	0
ERVL	DR0105238	KZ506345.1	56283	56411	C	9.3	0
ERVL	DR0105371	KZ506345.1	134311	134555	C	20.7	0
ERVL	DR0105371	KZ506345.1	172505	173076	C	15.5	0
ERVL	DR0105371	KZ506345.1	226809	227389	C	14.3	0
ERVL	DR0105370	KZ506346.1	12106	12165	+	8.3	0
ERVL	DR0105338	KZ506346.1	32423	33361	+	15.7	0
ERV1	DR0105321	KZ506346.1	40715	40786	+	15.3	0
ERVL	DR0105370	KZ506346.1	118947	119537	C	14.1	0
ERVL	DR0105261	KZ506346.1	121395	121618	C	15.2	0
ERVL	DR0105305	KZ506346.1	137111	137265	+	24.0	0
ERVL	DR0105305	KZ506346.1	159198	159294	+	27.8	0
ERVL	DR0105338	KZ506346.1	159306	159399	+	14.7	0
ERV1	DR0105321	KZ506346.1	160204	161070	C	47.2	0
ERVL	DR0105338	KZ506346.1	161071	161343	+	20.6	0
ERVL	DR0105238	KZ506346.1	177842	178401	C	9.8	0
ERVL	DR0105312	KZ506346.1	178697	179520	C	18.7	0
ERVL	DR0105238	KZ506346.1	236309	236514	C	11.7	0
ERVL	DR0105341	KZ506346.1	253339	253489	C	8.0	0
ERVL	DR0105278	KZ506349.1	45464	45965	+	15.0	0
ERVL	DR0105371	KZ506349.1	55998	56547	+	13.9	0
ERVL	DR0105358	KZ506349.1	134843	135063	C	4.1	0
ERVL	DR0105358	KZ506351.1	27183	27233	+	2.0	0
ERVL	DR0105338	KZ506352.1	12537	12675	C	18.1	0
ERVL	DR0105338	KZ506352.1	13469	13767	C	16.2	0
ERVL	DR0105315	KZ506352.1	36235	36306	C	11.4	0
ERVL	DR0105261	KZ506352.1	42825	43116	C	15.2	0
ERVL	DR0105370	KZ506354.1	99702	99861	+	13.8	0
ERVL	DR0105238	KZ506354.1	176018	176126	C	8.4	0
ERVL	DR0105312	KZ506354.1	176559	176966	+	14.7	0
ERVL	DR0105338	KZ506354.1	229349	230016	+	26.0	0
ERVL	DR0105278	KZ506355.1	94854	95346	C	14.4	0
ERVL	DR0105338	KZ506357.1	54323	54659	+	23.2	0
ERVL	DR0105338	KZ506357.1	151826	152819	+	17.8	0
ERVL	DR0105358	KZ506359.1	248489	248636	+	3.4	0
ERVL	DR0105370	KZ506361.1	246090	246139	C	6.0	0
ERVL	DR0105370	KZ506362.1	28786	29379	+	21.2	0
ERVL	DR0105238	KZ506362.1	57687	57746	C	7.7	0
ERV4	DR0105376	KZ506362.1	124834	124979	C	17.2	0
ERVL	DR0105370	KZ506364.1	64354	64577	+	26.7	0
ERVL	DR0105370	KZ506364.1	136802	137365	+	17.1	0
ERVL	DR0105364	KZ506364.1	228379	228458	C	11.2	0
ERVL	DR0105371	KZ506365.1	137803	138381	+	13.0	0
ERVL	DR0105278	KZ506365.1	141084	141665	+	14.2	0
ERVL	DR0105295	KZ506366.1	157872	158018	+	19.8	0
ERV1	DR0105240	KZ506367.1	12006	12135	+	18.2	0
ERVL	DR0105338	KZ506367.1	102136	102843	C	23.5	0
ERVL	DR0105338	KZ506368.1	78204	79246	+	14.8	0
ERVL	DR0105278	KZ506368.1	90427	90857	+	17.7	0
ERVL	DR0105278	KZ506368.1	120937	121140	+	15.3	0
ERVL	DR0105326	KZ506368.1	124807	124863	C	15.8	0
ERVL	DR0105370	KZ506368.1	124873	125161	C	14.5	0
ERVL	DR0105370	KZ506368.1	137007	137179	C	16.2	0
ERVL	DR0105327	KZ506368.1	169928	170648	C	11.1	0
ERVL	DR0105338	KZ506368.1	178730	178988	C	19.2	0
ERVL	DR0105326	KZ506368.1	182848	182901	C	18.5	0
ERVL	DR0105370	KZ506368.1	195575	195806	+	14.0	0
ERVL	DR0105232	KZ506368.1	201858	202060	+	23.4	0
ERVL	DR0105327	KZ506368.1	226517	227231	C	11.2	0
ERVL	DR0105295	KZ506368.1	229390	229616	+	18.1	0
ERVL	DR0105315	KZ506368.1	229833	230129	+	23.0	0
ERVL	DR0105305	KZ506368.1	230268	230373	+	27.8	0
ERVL	DR0105338	KZ506370.1	8190	8761	+	26.5	0
ERV4	DR0105376	KZ506370.1	9738	10098	+	19.1	0
ERVL	DR0105370	KZ506370.1	23525	24109	+	18.6	0
ERVL	DR0105338	KZ506371.1	6270	6454	C	26.8	0
ERVL	DR0105327	KZ506371.1	64190	64226	+	10.8	0
ERVL	DR0105371	KZ506371.1	83974	84099	+	26.0	0
ERVL	DR0105261	KZ506371.1	131137	131514	C	12.3	0
ERVL	DR0105315	KZ506372.1	1938	2508	+	23.8	0
ERVL	DR0105371	KZ506372.1	70808	71046	+	18.5	0
ERVL	DR0105370	KZ506372.1	199994	200546	+	27.8	0
ERVL	DR0105371	KZ506373.1	7019	7318	+	15.7	0
ERVL	DR0105261	KZ506373.1	7708	7853	+	15.3	0
ERVL	DR0105261	KZ506373.1	9702	9845	+	12.5	0
ERVL	DR0105238	KZ506373.1	14141	14247	C	14.6	0
ERVL	DR0105238	KZ506373.1	14907	14956	C	2.0	0
ERVL	DR0105338	KZ506373.1	24093	24610	+	10.2	0
ERVL	DR0105312	KZ506373.1	28579	28702	+	12.1	0
ERVL	DR0105315	KZ506373.1	136851	137419	C	23.4	0
ERVL	DR0105358	KZ506373.1	140403	141048	C	4.8	0
ERVL	DR0105370	KZ506373.1	142225	142623	+	8.3	0
ERVL	DR0105370	KZ506373.1	145360	145540	+	14.4	0
ERVL	DR0105312	KZ506373.1	145828	146056	C	30.9	0
ERVL	DR0105370	KZ506373.1	146284	147089	C	22.1	0
ERVL	DR0105261	KZ506373.1	148299	148890	+	12.5	0
ERVL	DR0105295	KZ506373.1	148930	149162	C	19.8	0
ERVL	DR0105294	KZ506373.1	160918	161280	C	7.4	0
ERVL	DR0105370	KZ506373.1	220819	221424	C	14.6	0
ERVL	DR0105338	KZ506373.1	241716	242734	C	13.2	0
ERVL	DR0105370	KZ506373.1	253841	253899	+	16.9	0
ERVL	DR0105327	KZ506375.1	1169	1905	+	9.4	0
ERVL	DR0105338	KZ506375.1	10768	10927	C	32.0	0
ERVL	DR0105370	KZ506375.1	10983	11359	C	23.0	0
ERVL	DR0105370	KZ506375.1	103211	103683	C	13.1	0
ERVL	DR0105358	KZ506375.1	103684	104327	+	6.4	0
ERVL	DR0105371	KZ506375.1	104328	104445	C	18.6	0
ERVL	DR0105278	KZ506375.1	121084	121338	C	9.8	0
ERVL	DR0105294	KZ506375.1	169846	169970	+	10.4	0
ERVL	DR0105370	KZ506375.1	193416	193952	C	22.7	0
ERVL	DR0105338	KZ506375.1	209783	210842	+	22.0	0
ERVL	DR0105305	KZ506375.1	234587	235281	+	26.4	0
ERVL	DR0105338	KZ506376.1	46308	46434	C	24.0	0
ERVL	DR0105338	KZ506376.1	81523	82071	C	20.8	0
ERVL	DR0105338	KZ506376.1	146928	147853	+	20.2	0
ERV4	DR0105376	KZ506378.1	27362	27487	C	4.9	0
ERV4	DR0105376	KZ506378.1	27725	28066	C	7.4	0
ERVL	DR0105370	KZ506378.1	52909	53483	+	16.4	0
ERV1	DR0105321	KZ506379.1	234061	234798	C	15.2	0
ERVL	DR0105370	KZ506380.1	158812	159027	C	27.1	0
ERVL	DR0105315	KZ506380.1	159040	159310	C	23.7	0
ERVL	DR0105305	KZ506380.1	161555	162262	C	26.4	0
ERVL	DR0105370	KZ506380.1	171519	171900	C	25.5	0
ERV4	DR0105376	KZ506380.1	193920	194066	C	17.0	0
ERVL	DR0105261	KZ506381.1	23020	23800	+	17.3	0
ERV4	DR0105376	KZ506381.1	199634	200064	C	15.4	0
ERVL	DR0105370	KZ506381.1	201080	201634	C	24.2	0
ERVL	DR0105338	KZ506382.1	162952	163128	+	22.1	0
ERVL	DR0105338	KZ506382.1	232593	233472	C	14.7	0
ERV4	DR0105376	KZ506382.1	238944	239421	+	9.1	0
ERVL	DR0105238	KZ506382.1	239429	239650	C	9.7	0
ERV4	DR0105376	KZ506382.1	239661	239925	+	14.2	0
ERVL	DR0105338	KZ506382.1	240580	241338	C	14.3	0
ERVL	DR0105261	KZ506382.1	247147	247518	+	13.9	0
ERVL	DR0105294	KZ506382.1	247519	247676	+	5.7	0
ERVL	DR0105294	KZ506383.1	22467	22939	+	8.7	0
ERVL	DR0105338	KZ506383.1	37151	38168	C	15.7	0
ERVL	DR0105294	KZ506383.1	40584	40776	+	10.4	0
ERVL	DR0105338	KZ506383.1	217911	219229	C	21.0	0
ERVL	DR0105312	KZ506384.1	970	3599	+	15.2	0
ERV4	DR0105376	KZ506384.1	4796	5548	+	6.5	0
ERVL	DR0105230	KZ506384.1	102464	102520	+	19.3	0
ERVL	DR0105338	KZ506384.1	119573	119975	+	20.4	0
ERVL	DR0105358	KZ506384.1	180421	180640	+	5.9	0
ERV1	DR0105321	KZ506384.1	218373	218625	+	29.1	0
ERV1	DR0105342	KZ506385.1	213022	213402	C	14.3	0
ERV1	DR0105240	KZ506386.1	198020	198668	C	8.5	0
ERV1	DR0105240	KZ506386.1	201715	201768	+	18.5	0
ERVL	DR0105278	KZ506386.1	207461	207976	C	13.5	0
ERVL	DR0105370	KZ506387.1	93586	94336	+	24.4	0
ERVL	DR0105338	KZ506388.1	189937	189977	C	9.8	0
ERVL	DR0105261	KZ506389.1	73872	74306	+	11.8	0
ERVL	DR0105338	KZ506389.1	74338	74406	+	11.6	0
ERVL	DR0105278	KZ506389.1	157943	158441	C	15.1	0
ERVL	DR0105370	KZ506391.1	92324	92911	C	14.7	0
ERVL	DR0105295	KZ506391.1	130414	130700	+	19.3	0
ERVL	DR0105370	KZ506391.1	130726	130927	+	20.7	0
ERVL	DR0105338	KZ506391.1	187923	189020	C	16.5	0
ERV4	DR0105376	KZ506391.1	245204	245400	+	7.2	0
ERVL	DR0105358	KZ506393.1	97899	98072	C	5.2	0
ERVL	DR0105370	KZ506393.1	189531	190097	+	27.3	0
ERVL	DR0105305	KZ506394.1	28264	28338	+	24.0	0
ERVL	DR0105295	KZ506394.1	93143	93677	C	21.3	0
ERVL	DR0105358	KZ506395.1	29589	29747	+	3.8	0
ERVL	DR0105371	KZ506395.1	49900	50352	+	13.8	0
ERVL	DR0105341	KZ506395.1	120279	120683	C	11.6	0
ERVL	DR0105341	KZ506395.1	155931	156273	C	11.1	0
ERVL	DR0105294	KZ506395.1	166032	166745	+	10.2	0
ERVL	DR0105358	KZ506395.1	184821	185449	+	4.0	0
ERVL	DR0105338	KZ506395.1	187227	187618	C	23.4	0
ERVL	DR0105294	KZ506395.1	216985	217027	+	16.3	0
ERVL	DR0105338	KZ506396.1	49628	50674	C	23.4	0
ERVL	DR0105338	KZ506396.1	66385	67501	C	15.5	0
ERVL	DR0105338	KZ506396.1	204128	204994	+	17.4	0
ERVL	DR0105238	KZ506397.1	172529	172700	+	14.5	0
ERVL	DR0105312	KZ506397.1	172701	172771	+	9.9	0
ERVL	DR0105364	KZ506397.1	217130	217767	C	11.0	0
ERVL	DR0105338	KZ506397.1	229535	230529	C	14.1	0
ERVL	DR0105338	KZ506398.1	35988	36142	+	20.6	0
ERVL	DR0105327	KZ506398.1	71253	71383	C	6.1	0
ERVL	DR0105370	KZ506398.1	106863	107266	+	11.7	0
ERVL	DR0105338	KZ506398.1	129003	129532	+	21.1	0
ERVL	DR0105370	KZ506398.1	147186	147409	+	23.1	0
ERVL	DR0105338	KZ506398.1	162325	162949	C	22.4	0
ERVL	DR0105364	KZ506398.1	176262	176900	+	10.2	0
ERVL	DR0105370	KZ506399.1	38357	38947	C	20.0	0
ERVL	DR0105358	KZ506399.1	44803	45402	C	5.3	0
ERVL	DR0105370	KZ506399.1	61325	61840	+	14.3	0
ERVL	DR0105338	KZ506399.1	97046	97465	C	12.3	0
ERVL	DR0105261	KZ506399.1	182010	182450	+	14.9	0
ERVL	DR0105315	KZ506399.1	224845	225301	C	23.5	0
ERVL	DR0105358	KZ506399.1	226137	226751	C	9.1	0
ERVL	DR0105261	KZ506400.1	40569	40656	C	9.1	0
ERVL	DR0105371	KZ506402.1	85029	85585	+	15.8	0
ERVL	DR0105371	KZ506402.1	120410	120981	+	12.1	0
ERVL	DR0105364	KZ506402.1	161473	162146	+	12.5	0
ERVL	DR0105370	KZ506402.1	168056	168629	C	13.7	0
ERVL	DR0105278	KZ506403.1	164944	165479	C	13.8	0
ERVL	DR0105238	KZ506405.1	42316	42326	C	19.3	0
ERVL	DR0105294	KZ506407.1	180068	180808	C	9.9	0
ERVL	DR0105294	KZ506408.1	30942	31283	C	11.4	0
ERVL	DR0105312	KZ506409.1	15310	15520	+	15.5	0
ERVL	DR0105364	KZ506410.1	6945	7035	+	15.7	0
ERVL	DR0105338	KZ506410.1	35757	36158	+	17.5	0
ERVL	DR0105338	KZ506414.1	27913	28352	+	13.4	0
ERVL	DR0105338	KZ506414.1	30991	31360	C	20.2	0
ERVL	DR0105338	KZ506414.1	40798	41836	C	19.7	0
ERVL	DR0105238	KZ506414.1	43438	43797	+	10.4	0
ERVL	DR0105371	KZ506414.1	58883	59449	+	15.1	0
ERVL	DR0105278	KZ506414.1	85758	86274	C	16.6	0
ERVL	DR0105370	KZ506414.1	120143	120738	+	15.6	0
ERVL	DR0105338	KZ506414.1	123648	124378	C	21.7	0
ERVL	DR0105341	KZ506414.1	137601	137990	+	9.2	0
ERVL	DR0105315	KZ506414.1	148916	149127	+	22.3	0
ERVL	DR0105338	KZ506414.1	171779	172628	C	30.1	0
ERVL	DR0105305	KZ506418.1	16336	16617	+	25.0	0
ERVL	DR0105278	KZ506418.1	44070	44601	+	17.7	0
ERVL	DR0105371	KZ506418.1	44602	45204	C	13.8	0
ERVL	DR0105278	KZ506418.1	219515	220021	C	13.0	0
ERVL	DR0105294	KZ506419.1	167960	168688	+	10.5	0
ERVL	DR0105370	KZ506420.1	89967	90363	+	10.4	0
ERV1	DR0105342	KZ506421.1	84744	84885	+	28.4	0
ERVL	DR0105364	KZ506421.1	210758	210820	+	7.9	0
ERVL	DR0105278	KZ506422.1	58650	58817	C	13.9	0
ERVL	DR0105261	KZ506422.1	194424	195154	+	18.7	0
ERVL	DR0105370	KZ506423.1	60443	60883	+	13.4	0
ERVL	DR0105294	KZ506423.1	143850	143882	C	9.1	0
ERVL	DR0105370	KZ506424.1	26656	27201	C	14.9	0
ERV1	DR0105321	KZ506424.1	78259	78567	+	26.1	0
ERVL	DR0105278	KZ506426.1	66682	67181	C	13.0	0
ERVL	DR0105371	KZ506426.1	134745	135321	C	13.8	0
ERV1	DR0105240	KZ506427.1	115720	115855	+	11.9	0
ERVL	DR0105370	KZ506427.1	121441	122020	+	16.9	0
ERVL	DR0105278	KZ506428.1	6682	7021	C	13.9	0
ERVL	DR0105294	KZ506428.1	22000	22741	C	10.0	0
ERVL	DR0105338	KZ506428.1	48905	49324	C	26.8	0
ERVL	DR0105278	KZ506428.1	54930	55437	C	14.1	0
ERVL	DR0105370	KZ506428.1	128742	129301	C	13.2	0
ERVL	DR0105338	KZ506428.1	189438	190098	+	21.8	0
ERVL	DR0105312	KZ506430.1	65511	65567	C	10.5	0
ERVL	DR0105371	KZ506431.1	79976	80527	C	12.9	0
ERVL	DR0105370	KZ506431.1	96516	96587	+	24.0	0
ERVL	DR0105364	KZ506431.1	200030	200548	C	13.7	0
ERV4	DR0105376	KZ506431.1	228829	228967	C	15.1	0
ERVL	DR0105338	KZ506432.1	132893	134026	C	17.4	0
ERVL	DR0105305	KZ506432.1	210635	211265	+	22.9	0
ERVL	DR0105278	KZ506433.1	45959	46460	C	12.5	0
ERVL	DR0105371	KZ506433.1	226874	227445	C	18.9	0
ERVL	DR0105364	KZ506435.1	101665	102219	+	14.1	0
ERVL	DR0105358	KZ506435.1	119674	120240	C	13.0	0
ERVL	DR0105358	KZ506435.1	141399	142036	+	4.5	0
ERVL	DR0105371	KZ506435.1	149026	149160	C	23.3	0
ERVL	DR0105278	KZ506436.1	19156	19636	C	16.6	0
ERVL	DR0105230	KZ506436.1	63334	63399	+	21.2	0
ERVL	DR0105305	KZ506436.1	93281	93367	+	18.4	0
ERVL	DR0105338	KZ506436.1	93413	93684	+	22.2	0
ERVL	DR0105371	KZ506437.1	166751	167322	C	18.6	0
ERVL	DR0105358	KZ506438.1	48702	49347	+	5.1	0
ERVL	DR0105315	KZ506438.1	73036	73133	+	10.2	0
ERVL	DR0105338	KZ506438.1	179519	180152	C	22.7	0
ERVL	DR0105371	KZ506438.1	218452	219021	C	13.3	0
ERVL	DR0105261	KZ506439.1	58042	58591	C	18.8	0
ERVL	DR0105338	KZ506439.1	59847	60040	C	14.1	0
ERVL	DR0105370	KZ506439.1	101907	102463	+	24.5	0
ERVL	DR0105370	KZ506439.1	153887	154452	+	17.6	0
ERVL	DR0105315	KZ506439.1	182759	183337	+	24.5	0
ERV4	DR0105376	KZ506440.1	108356	108921	+	12.1	0
ERVL	DR0105278	KZ506440.1	131692	131857	C	18.7	0
ERVL	DR0105370	KZ506440.1	195646	196261	+	12.6	0
ERV4	DR0105376	KZ506440.1	216466	217218	C	7.3	0
ERVL	DR0105338	KZ506441.1	51603	52323	+	26.7	0
ERVL	DR0105294	KZ506441.1	75014	75432	C	9.9	0
ERVL	DR0105370	KZ506441.1	127491	127673	C	22.6	0
ERVL	DR0105295	KZ506441.1	127698	127987	C	18.8	0
ERVL	DR0105341	KZ506441.1	146365	146758	C	10.6	0
ERVL	DR0105338	KZ506441.1	149665	150123	+	23.5	0
ERVL	DR0105370	KZ506441.1	182925	183508	C	16.2	0
ERVL	DR0105278	KZ506443.1	207810	208292	C	19.5	0
ERVL	DR0105278	KZ506444.1	5713	5776	+	15.9	0
ERVL	DR0105338	KZ506444.1	124498	124651	+	19.5	0
ERVL	DR0105230	KZ506444.1	158461	158499	+	0.0	0
ERVL	DR0105338	KZ506445.1	3	161	+	21.6	0
ERVL	DR0105338	KZ506445.1	116877	117147	+	11.7	0
ERVL	DR0105294	KZ506445.1	150103	150485	C	7.9	0
ERVL	DR0105370	KZ506446.1	223231	223492	C	19.1	0
ERVL	DR0105305	KZ506446.1	228369	229095	+	26.8	0
ERVL	DR0105371	KZ506447.1	39648	39851	C	18.1	0
ERVL	DR0105358	KZ506447.1	86255	86887	C	4.4	0
ERV4	DR0105376	KZ506447.1	100053	100313	C	5.4	0
ERVL	DR0105338	KZ506447.1	128287	129400	C	17.1	0
ERVL	DR0105358	KZ506448.1	45158	45799	+	5.9	0
ERVL	DR0105305	KZ506448.1	116675	116885	+	27.2	0
ERVL	DR0105338	KZ506448.1	160464	161595	+	14.4	0
ERV1	DR0105240	KZ506449.1	18511	18613	+	25.5	0
ERV1	DR0105240	KZ506449.1	138826	138968	+	19.5	0
ERVL	DR0105278	KZ506451.1	17815	18153	+	13.7	0
ERVL	DR0105327	KZ506451.1	30295	30987	+	10.4	0
ERV1	DR0105342	KZ506451.1	49243	49377	+	18.1	0
ERV1	DR0105342	KZ506451.1	49702	49911	+	27.6	0
ERVL	DR0105294	KZ506451.1	52115	52850	+	12.2	0
ERVL	DR0105364	KZ506452.1	50226	50545	+	13.8	0
ERVL	DR0105315	KZ506453.1	15980	16285	+	18.2	0
ERVL	DR0105327	KZ506454.1	7836	8566	+	10.7	0
ERVL	DR0105370	KZ506454.1	16851	17409	+	26.1	0
ERVL	DR0105370	KZ506454.1	35235	35534	+	15.6	0
ERVL	DR0105326	KZ506454.1	35535	35907	+	13.9	0
ERV4	DR0105376	KZ506454.1	99375	99422	C	10.4	0
ERV4	DR0105376	KZ506454.1	99964	100146	C	9.8	0
ERV4	DR0105376	KZ506454.1	174741	175445	+	16.4	0
ERVL	DR0105238	KZ506455.1	70901	71002	C	21.0	0
ERVL	DR0105238	KZ506455.1	90278	90414	+	13.6	0
ERVL	DR0105294	KZ506455.1	131555	131782	+	13.7	0
ERVL	DR0105371	KZ506455.1	192999	193545	C	14.5	0
ERVL	DR0105327	KZ506456.1	196452	197026	+	9.6	0
ERVL	DR0105278	KZ506458.1	3259	3795	C	13.8	0
ERVL	DR0105315	KZ506458.1	8599	8995	C	21.1	0
ERVL	DR0105338	KZ506458.1	99970	100857	C	24.1	0
ERVL	DR0105238	KZ506458.1	201474	201533	+	16.7	0
ERV1	DR0105321	KZ506458.1	204085	204431	C	24.3	0
ERVL	DR0105364	KZ506458.1	219394	219891	C	13.1	0
ERVL	DR0105278	KZ506460.1	98663	98711	+	12.5	0
ERVL	DR0105305	KZ506460.1	116441	117168	+	27.4	0
ERVL	DR0105370	KZ506460.1	118789	118978	+	17.4	0
ERVL	DR0105370	KZ506462.1	56222	56492	+	17.7	0
ERV4	DR0105376	KZ506463.1	3157	3540	C	5.3	0
ERV4	DR0105376	KZ506463.1	3551	4109	C	8.4	0
ERVL	DR0105358	KZ506463.1	87020	87663	+	4.5	0
ERV4	DR0105376	KZ506464.1	20867	21431	C	12.8	0
ERVL	DR0105371	KZ506464.1	64191	64794	+	16.2	0
ERVL	DR0105371	KZ506464.1	102821	103348	C	16.3	0
ERVL	DR0105338	KZ506464.1	144384	145303	+	23.8	0
ERVL	DR0105341	KZ506464.1	223743	223814	+	6.9	0
ERVL	DR0105312	KZ506465.1	41765	42021	C	24.2	0
ERVL	DR0105312	KZ506465.1	42038	42092	C	23.6	0
ERVL	DR0105305	KZ506465.1	47768	48427	C	23.6	0
ERVL	DR0105338	KZ506465.1	78218	79158	+	16.9	0
ERVL	DR0105338	KZ506465.1	169106	169749	+	39.4	0
ERVL	DR0105364	KZ506466.1	173953	174417	+	13.8	0
ERVL	DR0105364	KZ506466.1	174526	174796	+	11.5	0
ERV4	DR0105376	KZ506467.1	12419	12494	+	13.2	0
ERVL	DR0105341	KZ506468.1	2323	2452	+	10.0	0
ERVL	DR0105364	KZ506468.1	8921	9598	+	14.1	0
ERVL	DR0105358	KZ506469.1	36796	36989	C	10.8	0
ERVL	DR0105370	KZ506470.1	79401	79473	C	16.6	0
ERVL	DR0105370	KZ506470.1	109190	109799	+	16.4	0
ERVL	DR0105364	KZ506471.1	79994	80658	+	13.2	0
ERV4	DR0105376	KZ506471.1	152614	153344	C	5.5	0
ERVL	DR0105338	KZ506471.1	184565	184654	+	16.0	0
ERVL	DR0105358	KZ506471.1	217520	218162	C	8.1	0
ERVL	DR0105338	KZ506472.1	98693	99790	+	17.7	0
ERVL	DR0105338	KZ506472.1	117232	117703	+	16.5	0
ERVL	DR0105278	KZ506472.1	122613	123147	+	17.3	0
ERVL	DR0105338	KZ506472.1	209310	210094	C	20.4	0
ERVL	DR0105238	KZ506473.1	152084	152195	+	15.7	0
ERVL	DR0105326	KZ506474.1	80395	80530	C	19.7	0
ERVL	DR0105315	KZ506474.1	80574	80633	C	13.3	0
ERVL	DR0105370	KZ506474.1	94932	95372	+	21.1	0
ERVL	DR0105278	KZ506474.1	219275	219697	+	15.1	0
ERVL	DR0105358	KZ506475.1	188	388	+	8.5	0
ERVL	DR0105370	KZ506475.1	14083	14671	+	16.6	0
ERVL	DR0105341	KZ506475.1	16069	16445	+	46.7	0
ERVL	DR0105315	KZ506475.1	31819	32394	+	26.4	0
ERVL	DR0105315	KZ506475.1	46095	46684	C	24.4	0
ERVL	DR0105338	KZ506475.1	63903	64676	+	28.3	0
ERVL	DR0105327	KZ506475.1	77661	78323	+	12.2	0
ERVL	DR0105278	KZ506475.1	132992	133414	C	12.9	0
ERVL	DR0105338	KZ506475.1	192757	193819	C	17.2	0
ERVL	DR0105305	KZ506476.1	12403	12482	C	25.0	0
ERVL	DR0105295	KZ506476.1	12652	12914	C	19.1	0
ERVL	DR0105230	KZ506476.1	156823	156914	C	13.0	0
ERVL	DR0105338	KZ506478.1	186784	187926	+	14.5	0
ERVL	DR0105364	KZ506479.1	4691	5351	+	11.3	0
ERVL	DR0105278	KZ506479.1	81367	81475	+	15.6	0
ERVL	DR0105338	KZ506479.1	177379	178405	C	15.5	0
ERVL	DR0105338	KZ506479.1	185035	186323	C	14.7	0
ERVL	DR0105358	KZ506480.1	31838	32482	C	10.1	0
ERVL	DR0105278	KZ506480.1	68373	68601	C	15.8	0
ERVL	DR0105338	KZ506480.1	149511	150465	C	17.6	0
ERVL	DR0105338	KZ506480.1	155842	156044	+	21.4	0
ERVL	DR0105278	KZ506480.1	162345	162865	+	14.5	0
ERVL	DR0105358	KZ506480.1	167097	167737	+	5.5	0
ERV1	DR0105321	KZ506480.1	214096	214615	+	18.5	0
ERV1	DR0105321	KZ506480.1	214677	214809	+	24.8	0
ERVL	DR0105371	KZ506481.1	3414	4007	+	17.2	0
ERVL	DR0105370	KZ506481.1	10483	11069	+	15.0	0
ERV4	DR0105376	KZ506481.1	117322	118073	C	7.5	0
ERVL	DR0105327	KZ506481.1	148793	149485	C	12.6	0
ERVL	DR0105315	KZ506481.1	178400	178541	C	25.1	0
ERVL	DR0105315	KZ506481.1	178640	178903	C	22.0	0
ERVL	DR0105370	KZ506481.1	218588	219181	+	19.5	0
ERVL	DR0105338	KZ506482.1	60542	60846	+	22.9	0
ERVL	DR0105338	KZ506482.1	88463	89590	+	17.9	0
ERVL	DR0105295	KZ506482.1	185463	185981	+	22.8	0
ERVL	DR0105370	KZ506484.1	68029	68585	+	15.1	0
ERVL	DR0105371	KZ506485.1	18421	18879	C	14.0	0
ERVL	DR0105371	KZ506485.1	33089	33658	+	15.4	0
ERVL	DR0105326	KZ506485.1	39120	39207	C	17.7	0
ERVL	DR0105371	KZ506485.1	53990	54573	C	16.1	0
ERVL	DR0105370	KZ506485.1	82968	83530	+	21.8	0
ERVL	DR0105371	KZ506485.1	85230	85813	C	13.3	0
ERVL	DR0105338	KZ506485.1	90691	91203	C	21.3	0
ERVL	DR0105338	KZ506485.1	100182	100396	+	21.4	0
ERVL	DR0105338	KZ506485.1	108703	109403	C	20.4	0
ERVL	DR0105338	KZ506485.1	109622	109998	C	19.1	0
ERVL	DR0105295	KZ506485.1	184995	185536	C	22.5	0
ERVL	DR0105370	KZ506485.1	197321	198235	+	15.6	0
ERVL	DR0105370	KZ506485.1	199476	200557	+	20.1	0
ERVL	DR0105370	KZ506485.1	204134	204690	C	16.7	0
ERVL	DR0105341	KZ506485.1	205418	205489	+	5.6	0
ERVL	DR0105294	KZ506488.1	11073	11446	+	9.8	0
ERVL	DR0105312	KZ506488.1	14251	15348	+	13.5	0
ERVL	DR0105295	KZ506488.1	19745	20288	C	24.8	0
ERVL	DR0105312	KZ506488.1	33606	33855	C	19.0	0
ERVL	DR0105371	KZ506488.1	50672	51243	+	15.5	0
ERVL	DR0105358	KZ506488.1	52286	52940	C	5.7	0
ERVL	DR0105315	KZ506488.1	75755	76090	C	23.1	0
ERVL	DR0105370	KZ506488.1	78330	78925	C	10.6	0
ERVL	DR0105338	KZ506488.1	85624	86110	+	18.6	0
ERVL	DR0105338	KZ506488.1	86877	87479	+	19.1	0
ERVL	DR0105338	KZ506488.1	160316	161327	+	20.4	0
ERV4	DR0105376	KZ506488.1	191341	192088	+	7.4	0
ERVL	DR0105370	KZ506488.1	193018	193369	C	16.1	0
ERVL	DR0105370	KZ506488.1	200014	200604	+	14.0	0
ERV1	DR0105240	KZ506488.1	215523	215672	C	30.3	0
ERVL	DR0105338	KZ506489.1	78517	79551	+	16.1	0
ERVL	DR0105370	KZ506489.1	139849	140443	+	12.3	0
ERVL	DR0105278	KZ506489.1	195807	196116	C	15.9	0
ERVL	DR0105315	KZ506490.1	12993	13531	+	23.6	0
ERVL	DR0105312	KZ506490.1	81205	81456	+	18.3	0
ERV1	DR0105240	KZ506492.1	112178	112303	C	26.2	0
ERVL	DR0105305	KZ506493.1	14387	14721	+	30.2	0
ERVL	DR0105338	KZ506493.1	22597	23670	C	15.2	0
ERVL	DR0105238	KZ506493.1	52697	53456	C	10.0	0
ERVL	DR0105370	KZ506495.1	109511	109666	C	20.5	0
ERV4	DR0105376	KZ506496.1	144685	145235	+	14.6	0
ERVL	DR0105238	KZ506497.1	23970	24088	+	6.7	0
ERVL	DR0105370	KZ506497.1	35842	36440	C	11.6	0
ERVL	DR0105327	KZ506497.1	72876	73582	+	9.3	0
ERVL	DR0105371	KZ506497.1	122437	123015	+	16.3	0
ERVL	DR0105278	KZ506498.1	52611	53127	C	16.8	0
ERVL	DR0105238	KZ506498.1	73866	73909	+	9.1	0
ERV1	DR0105342	KZ506498.1	177478	178618	C	12.8	0
ERVL	DR0105338	KZ506498.1	192842	193472	C	22.6	0
ERV1	DR0105321	KZ506499.1	88350	88756	C	12.6	0
ERV1	DR0105321	KZ506499.1	88761	88869	C	15.6	0
ERV1	DR0105321	KZ506499.1	105547	105837	C	8.2	0
ERV1	DR0105321	KZ506499.1	105852	105967	C	13.8	0
ERVL	DR0105278	KZ506499.1	135030	135281	+	15.3	0
ERVL	DR0105338	KZ506499.1	185128	186211	+	15.8	0
ERVL	DR0105278	KZ506499.1	211574	212123	C	17.1	0
ERVL	DR0105370	KZ506500.1	38639	38700	C	14.5	0
ERVL	DR0105358	KZ506500.1	203053	203697	C	5.0	0
ERVL	DR0105305	KZ506501.1	50774	50855	+	24.4	0
ERVL	DR0105338	KZ506501.1	59138	59966	C	21.9	0
ERVL	DR0105238	KZ506501.1	117012	117761	+	10.5	0
ERV1	DR0105240	KZ506502.1	30761	30816	+	11.3	0
ERVL	DR0105338	KZ506504.1	85885	86953	C	15.5	0
ERVL	DR0105278	KZ506504.1	146360	146875	+	14.6	0
ERVL	DR0105238	KZ506505.1	34584	34715	+	8.7	0
ERVL	DR0105370	KZ506505.1	124055	124710	C	20.5	0
ERVL	DR0105370	KZ506505.1	124966	125218	C	25.9	0
ERVL	DR0105312	KZ506505.1	125273	127590	C	25.6	0
ERVL	DR0105371	KZ506505.1	143159	143736	+	15.4	0
ERVL	DR0105305	KZ506505.1	195745	195825	+	25.9	0
ERVL	DR0105305	KZ506505.1	196090	196434	+	25.5	0
ERVL	DR0105371	KZ506506.1	95178	95753	+	15.9	0
ERVL	DR0105371	KZ506506.1	172580	173150	C	14.9	0
ERVL	DR0105371	KZ506506.1	175628	176202	+	16.3	0
ERV4	DR0105376	KZ506508.1	41185	41278	C	21.7	0
ERVL	DR0105261	KZ506509.1	44891	45655	+	18.6	0
ERVL	DR0105278	KZ506509.1	104363	104673	+	16.7	0
ERVL	DR0105338	KZ506511.1	188215	189215	+	13.6	0
ERVL	DR0105370	KZ506512.1	2	92	+	18.7	0
ERVL	DR0105305	KZ506512.1	908	1003	+	25.0	0
ERVL	DR0105370	KZ506512.1	1700	1809	C	16.1	0
ERVL	DR0105261	KZ506512.1	110289	111218	C	17.3	0
ERV4	DR0105376	KZ506512.1	150595	151059	+	23.6	0
ERV4	DR0105376	KZ506512.1	151095	151252	+	29.1	0
ERVL	DR0105312	KZ506512.1	155256	155319	C	23.0	0
ERVL	DR0105370	KZ506513.1	94855	95297	+	14.5	0
ERV4	DR0105376	KZ506513.1	106788	107214	+	21.6	0
ERV4	DR0105376	KZ506513.1	107231	107357	+	15.1	0
ERV4	DR0105376	KZ506513.1	107374	107457	+	19.3	0
ERVL	DR0105370	KZ506514.1	28492	28654	C	21.3	0
ERVL	DR0105295	KZ506514.1	28681	28783	C	11.7	0
ERVL	DR0105295	KZ506515.1	100871	101401	+	23.4	0
ERVL	DR0105338	KZ506515.1	184718	185309	C	19.0	0
ERVL	DR0105315	KZ506515.1	201719	201861	C	25.6	0
ERVL	DR0105370	KZ506515.1	201881	202043	C	21.5	0
ERV1	DR0105225	KZ506516.1	44904	44975	+	22.9	0
ERVL	DR0105370	KZ506516.1	118340	118893	C	15.7	0
ERV1	DR0105240	KZ506518.1	55773	55853	+	7.4	0
ERVL	DR0105232	KZ506518.1	78740	79921	+	22.0	0
ERVL	DR0105295	KZ506518.1	137439	137941	C	20.3	0
ERVL	DR0105315	KZ506518.1	171753	172314	+	24.0	0
ERVL	DR0105295	KZ506519.1	153000	153101	C	15.7	0
ERVL	DR0105295	KZ506520.1	40041	40247	C	34.3	0
ERVL	DR0105370	KZ506521.1	37605	37716	+	15.2	0
ERVL	DR0105278	KZ506521.1	63569	64074	C	16.1	0
ERVL	DR0105358	KZ506522.1	66224	66512	C	5.9	0
ERVL	DR0105338	KZ506522.1	169254	170307	C	15.1	0
ERVL	DR0105370	KZ506522.1	198023	198615	+	15.9	0
ERV4	DR0105376	KZ506524.1	200918	201657	+	12.5	0
ERVL	DR0105238	KZ506524.1	205229	205446	C	13.4	0
ERVL	DR0105364	KZ506525.1	27339	27970	C	10.6	0
ERVL	DR0105371	KZ506525.1	29239	29778	C	12.3	0
ERVL	DR0105295	KZ506527.1	3281	3385	+	15.7	0
ERVL	DR0105370	KZ506527.1	44513	44650	C	21.5	0
ERVL	DR0105338	KZ506527.1	70947	71984	C	21.7	0
ERVL	DR0105278	KZ506527.1	120959	121410	C	16.5	0
ERVL	DR0105305	KZ506527.1	124774	124915	C	20.8	0
ERVL	DR0105358	KZ506528.1	54599	55243	C	4.5	0
ERVL	DR0105371	KZ506528.1	107605	108003	C	11.6	0
ERVL	DR0105338	KZ506529.1	38477	39452	+	17.8	0
ERVL	DR0105371	KZ506529.1	133137	133715	C	17.2	0
ERVL	DR0105358	KZ506530.1	31379	32022	C	4.8	0
ERVL	DR0105358	KZ506530.1	63865	63980	+	9.5	0
ERV1	DR0105321	KZ506530.1	169742	170480	+	19.1	0
ERV1	DR0105240	KZ506530.1	185249	185349	C	19.8	0
ERVL	DR0105341	KZ506531.1	8840	9236	C	12.1	0
ERVL	DR0105326	KZ506531.1	11809	12143	C	13.6	0
ERVL	DR0105370	KZ506531.1	12246	12508	C	12.7	0
ERVL	DR0105338	KZ506532.1	138684	139750	+	18.7	0
ERVL	DR0105358	KZ506533.1	73615	73846	C	5.2	0
ERVL	DR0105358	KZ506533.1	74200	74331	C	3.8	0
ERVL	DR0105370	KZ506533.1	140299	140874	C	24.8	0
ERVL	DR0105305	KZ506535.1	164617	164842	+	28.3	0
ERVL	DR0105305	KZ506535.1	165010	165198	+	24.7	0
ERVL	DR0105364	KZ506535.1	179565	180209	+	10.8	0
ERVL	DR0105338	KZ506536.1	149336	149382	+	4.3	0
ERVL	DR0105338	KZ506538.1	11440	12060	C	26.7	0
ERVL	DR0105278	KZ506538.1	12396	12955	C	20.2	0
ERVL	DR0105338	KZ506538.1	20109	20451	+	21.0	0
ERVL	DR0105338	KZ506538.1	60077	61038	+	21.9	0
ERVL	DR0105370	KZ506538.1	113867	114210	+	21.2	0
ERVL	DR0105370	KZ506538.1	117083	117618	C	16.5	0
ERVL	DR0105294	KZ506538.1	145396	146061	C	9.2	0
ERVL	DR0105327	KZ506540.1	4761	4854	+	10.6	0
ERVL	DR0105278	KZ506540.1	6825	7004	+	14.8	0
ERVL	DR0105278	KZ506540.1	113843	114162	+	16.2	0
ERVL	DR0105371	KZ506540.1	129578	130147	C	13.8	0
ERVL	DR0105370	KZ506540.1	184578	185145	+	23.8	0
ERVL	DR0105371	KZ506540.1	192486	193054	+	14.5	0
ERV1	DR0105342	KZ506540.1	201590	202106	+	19.0	0
ERVL	DR0105278	KZ506541.1	4957	5476	+	13.9	0
ERVL	DR0105327	KZ506541.1	77744	77904	C	8.7	0
ERVL	DR0105371	KZ506541.1	120242	120379	C	14.0	0
ERVL	DR0105364	KZ506541.1	155034	155287	+	13.8	0
ERVL	DR0105327	KZ506541.1	156467	157029	C	12.1	0
ERVL	DR0105278	KZ506541.1	187504	187551	C	10.4	0
ERV4	DR0105376	KZ506543.1	21017	21533	+	9.5	0
ERVL	DR0105261	KZ506543.1	98688	98932	+	26.9	0
ERVL	DR0105295	KZ506543.1	107913	108446	C	20.5	0
ERVL	DR0105338	KZ506545.1	93315	93381	+	13.4	0
ERVL	DR0105278	KZ506545.1	156175	156556	+	23.0	0
ERVL	DR0105338	KZ506545.1	188574	189314	C	21.4	0
ERV1	DR0105240	KZ506545.1	192109	192179	+	8.4	0
ERVL	DR0105338	KZ506547.1	17447	17547	C	23.2	0
ERVL	DR0105338	KZ506547.1	17551	17652	C	20.4	0
ERVL	DR0105261	KZ506547.1	119226	119302	+	9.1	0
ERVL	DR0105371	KZ506547.1	132662	133179	+	13.8	0
ERVL	DR0105371	KZ506547.1	176351	176912	+	12.1	0
ERVL	DR0105327	KZ506547.1	189592	190337	C	19.7	0
ERVL	DR0105338	KZ506549.1	11700	11827	+	26.4	0
ERVL	DR0105294	KZ506550.1	33384	33599	C	9.3	0
ERV1	DR0105240	KZ506550.1	137773	138062	+	23.1	0
ERVL	DR0105278	KZ506551.1	66411	66944	C	15.6	0
ERVL	DR0105370	KZ506551.1	66945	67048	+	16.5	0
ERV4	DR0105376	KZ506552.1	4241	4938	+	20.4	0
ERVL	DR0105358	KZ506552.1	12588	13232	C	5.9	0
ERVL	DR0105370	KZ506552.1	24727	25280	+	14.0	0
ERVL	DR0105338	KZ506552.1	103796	104755	+	18.3	0
ERVL	DR0105364	KZ506552.1	128573	129184	C	10.8	0
ERVL	DR0105238	KZ506552.1	162036	162792	C	46.3	0
ERVL	DR0105338	KZ506553.1	72742	73499	C	17.1	0
ERVL	DR0105315	KZ506556.1	124918	125458	+	19.9	0
ERVL	DR0105370	KZ506558.1	110670	110821	+	27.0	0
ERVL	DR0105364	KZ506558.1	157802	158393	C	13.4	0
ERVL	DR0105370	KZ506559.1	51414	52133	C	13.8	0
ERVL	DR0105278	KZ506559.1	74928	75314	C	16.5	0
ERVL	DR0105358	KZ506559.1	109575	110207	C	10.9	0
ERVL	DR0105338	KZ506559.1	121609	122561	C	22.5	0
ERVL	DR0105370	KZ506559.1	128460	128906	+	17.2	0
ERVL	DR0105294	KZ506559.1	133679	134415	C	10.8	0
ERV4	DR0105376	KZ506559.1	179768	180464	+	10.8	0
ERVL	DR0105371	KZ506561.1	55438	56013	C	14.6	0
ERVL	DR0105238	KZ506562.1	12856	12971	+	4.3	0
ERVL	DR0105364	KZ506563.1	16791	17084	+	13.9	0
ERVL	DR0105315	KZ506564.1	4805	5309	+	24.6	0
ERVL	DR0105338	KZ506565.1	4649	5658	+	15.0	0
ERVL	DR0105371	KZ506565.1	24996	25519	+	14.8	0
ERV1	DR0105321	KZ506565.1	137978	138036	C	16.4	0
ERV1	DR0105321	KZ506565.1	138111	138343	C	31.0	0
ERVL	DR0105364	KZ506565.1	153638	154302	+	14.8	0
ERVL	DR0105230	KZ506565.1	175990	176356	C	17.6	0
ERV4	DR0105376	KZ506565.1	187982	188141	C	26.2	0
ERVL	DR0105238	KZ506566.1	113575	114106	+	12.3	0
ERVL	DR0105370	KZ506566.1	129867	130046	C	18.9	0
ERVL	DR0105370	KZ506567.1	21876	22435	+	13.6	0
ERVL	DR0105278	KZ506568.1	4022	4234	C	12.4	0
ERVL	DR0105278	KZ506568.1	4247	4612	C	15.9	0
ERV4	DR0105376	KZ506568.1	19915	20110	+	8.2	0
ERV4	DR0105376	KZ506568.1	20125	20761	+	6.2	0
ERVL	DR0105370	KZ506568.1	24925	25513	C	21.1	0
ERVL	DR0105371	KZ506568.1	78289	78341	+	20.8	0
ERVL	DR0105371	KZ506568.1	78645	79147	+	14.6	0
ERVL	DR0105370	KZ506568.1	174987	175265	C	13.1	0
ERVL	DR0105305	KZ506568.1	183670	183894	+	27.8	0
ERVL	DR0105338	KZ506568.1	193221	193402	+	9.9	0
ERVL	DR0105370	KZ506570.1	151900	152003	+	11.5	0
ERVL	DR0105338	KZ506571.1	56246	56745	C	11.9	0
ERVL	DR0105338	KZ506572.1	13803	14070	+	22.8	0
ERVL	DR0105294	KZ506572.1	57147	57876	+	11.0	0
ERVL	DR0105370	KZ506572.1	97887	98660	+	17.1	0
ERVL	DR0105312	KZ506572.1	163372	163724	C	15.2	0
ERVL	DR0105358	KZ506572.1	170443	171075	C	8.7	0
ERVL	DR0105364	KZ506572.1	172727	173330	+	11.6	0
ERVL	DR0105278	KZ506573.1	35261	35761	C	14.6	0
ERVL	DR0105370	KZ506574.1	50976	51237	C	22.8	0
ERVL	DR0105294	KZ506574.1	180624	180727	C	10.6	0
ERVL	DR0105278	KZ506576.1	162488	163004	C	13.9	0
ERVL	DR0105305	KZ506577.1	99116	99281	+	30.1	0
ERVL	DR0105305	KZ506577.1	99496	99908	+	21.3	0
ERVL	DR0105370	KZ506577.1	130796	130859	C	19.1	0
ERVL	DR0105295	KZ506580.1	117485	117744	C	17.4	0
ERVL	DR0105338	KZ506582.1	123587	124312	C	25.7	0
ERVL	DR0105278	KZ506582.1	127838	128333	C	16.3	0
ERVL	DR0105338	KZ506582.1	149874	150665	C	24.7	0
ERVL	DR0105341	KZ506583.1	1	51	+	5.9	0
ERVL	DR0105305	KZ506583.1	32879	33298	+	24.6	0
ERVL	DR0105370	KZ506583.1	58592	59111	+	26.0	0
ERVL	DR0105341	KZ506583.1	185406	185735	+	13.1	0
ERV4	DR0105376	KZ506584.1	80206	80498	C	8.6	0
ERVL	DR0105370	KZ506585.1	84720	84810	+	18.7	0
ERVL	DR0105338	KZ506586.1	13686	13895	+	15.9	0
ERVL	DR0105338	KZ506586.1	63583	64597	C	13.6	0
ERV1	DR0105342	KZ506586.1	99569	99805	+	18.6	0
ERVL	DR0105371	KZ506586.1	140715	141159	+	10.2	0
ERVL	DR0105261	KZ506586.1	152696	153289	C	14.5	0
ERVL	DR0105261	KZ506586.1	185922	186027	+	17.0	0
ERV4	DR0105376	KZ506587.1	6466	7120	C	23.8	0
ERVL	DR0105238	KZ506587.1	9983	10127	C	7.0	0
ERV4	DR0105376	KZ506587.1	102172	102527	+	21.1	0
ERVL	DR0105338	KZ506587.1	125423	126422	+	16.6	0
ERVL	DR0105358	KZ506587.1	176704	177347	+	5.0	0
ERVL	DR0105295	KZ506588.1	14092	14218	C	13.9	0
ERVL	DR0105315	KZ506588.1	52198	52762	C	23.7	0
ERVL	DR0105305	KZ506588.1	173599	173660	C	24.2	0
ERVL	DR0105338	KZ506589.1	89099	89278	C	18.5	0
ERVL	DR0105327	KZ506590.1	2863	3058	+	9.2	0
ERVL	DR0105338	KZ506592.1	4307	4441	C	11.3	0
ERVL	DR0105338	KZ506592.1	4478	5028	C	23.4	0
ERVL	DR0105338	KZ506592.1	24901	25189	+	17.0	0
ERVL	DR0105341	KZ506594.1	21175	21607	C	10.9	0
ERVL	DR0105327	KZ506594.1	37542	38245	+	12.3	0
ERVL	DR0105238	KZ506594.1	43884	44379	C	29.3	0
ERVL	DR0105338	KZ506594.1	65929	66947	+	18.4	0
ERV4	DR0105376	KZ506594.1	81275	81969	+	16.3	0
ERVL	DR0105294	KZ506594.1	121201	121927	C	12.2	0
ERVL	DR0105338	KZ506594.1	141472	142200	C	24.0	0
ERV4	DR0105376	KZ506594.1	177016	177120	+	6.7	0
ERV4	DR0105376	KZ506594.1	180079	180131	+	13.2	0
ERVL	DR0105305	KZ506595.1	53143	53351	C	27.2	0
ERVL	DR0105278	KZ506595.1	90591	90721	+	19.2	0
ERVL	DR0105305	KZ506596.1	63412	63874	C	23.9	0
ERVL	DR0105338	KZ506596.1	132630	133685	C	13.6	0
ERV1	DR0105240	KZ506597.1	125483	125986	C	18.8	0
ERVL	DR0105338	KZ506598.1	22305	23257	+	24.4	0
ERVL	DR0105341	KZ506598.1	64365	64748	+	11.9	0
ERV4	DR0105376	KZ506598.1	86751	87116	C	14.9	0
ERV4	DR0105376	KZ506598.1	87589	87772	C	15.8	0
ERVL	DR0105315	KZ506598.1	121116	121557	C	21.2	0
ERVL	DR0105312	KZ506598.1	122321	122705	C	29.4	0
ERVL	DR0105230	KZ506598.1	171412	172030	+	8.7	0
ERV4	DR0105376	KZ506598.1	176629	177335	+	13.9	0
ERVL	DR0105370	KZ506599.1	7451	7998	+	19.0	0
ERV4	DR0105376	KZ506599.1	34231	34340	C	25.3	0
ERV1	DR0105240	KZ506599.1	68867	68902	+	8.3	0
ERVL	DR0105338	KZ506602.1	154358	154472	+	11.3	0
ERVL	DR0105327	KZ506602.1	163569	164296	+	8.6	0
ERVL	DR0105278	KZ506604.1	46697	46969	C	14.6	0
ERVL	DR0105238	KZ506604.1	120795	120951	C	13.5	0
ERVL	DR0105371	KZ506605.1	70664	71222	C	14.0	0
ERVL	DR0105261	KZ506605.1	90246	90880	C	17.1	0
ERVL	DR0105371	KZ506605.1	91523	92100	C	15.1	0
ERVL	DR0105358	KZ506605.1	130198	130839	+	10.9	0
ERVL	DR0105278	KZ506605.1	141476	141958	C	20.6	0
ERVL	DR0105370	KZ506606.1	102157	102207	C	7.8	0
ERVL	DR0105358	KZ506606.1	178764	178975	+	3.8	0
ERVL	DR0105338	KZ506607.1	9506	9715	C	9.6	0
ERV4	DR0105376	KZ506607.1	166897	166980	+	13.1	0
ERV4	DR0105376	KZ506607.1	167707	168147	+	16.5	0
ERV1	DR0105321	KZ506608.1	4754	4782	C	26.4	0
ERVL	DR0105370	KZ506608.1	4783	5260	+	11.8	0
ERVL	DR0105371	KZ506609.1	85853	86373	+	12.8	0
ERVL	DR0105261	KZ506610.1	25119	25185	+	10.4	0
ERVL	DR0105338	KZ506610.1	25859	26116	+	8.3	0
ERVL	DR0105338	KZ506611.1	13969	14946	C	17.4	0
ERVL	DR0105327	KZ506611.1	161578	162264	C	9.5	0
ERVL	DR0105358	KZ506614.1	69308	69421	+	6.1	0
ERV1	DR0105240	KZ506614.1	81872	82006	+	25.2	0
ERV4	DR0105376	KZ506614.1	119473	119985	C	12.0	0
ERV1	DR0105240	KZ506614.1	125072	125172	+	16.7	0
ERVL	DR0105370	KZ506614.1	128245	128834	C	25.0	0
ERVL	DR0105278	KZ506614.1	178406	178916	C	15.1	0
ERVL	DR0105305	KZ506615.1	36208	36283	+	26.7	0
ERV1	DR0105342	KZ506615.1	53836	54930	+	21.3	0
ERVL	DR0105341	KZ506615.1	104720	105109	+	11.1	0
ERVL	DR0105338	KZ506615.1	130837	131493	+	24.1	0
ERVL	DR0105338	KZ506615.1	166700	166859	+	24.0	0
ERVL	DR0105305	KZ506615.1	167168	167599	+	20.4	0
ERV4	DR0105376	KZ506616.1	866	978	C	19.5	0
ERVL	DR0105338	KZ506616.1	4741	5093	C	19.8	0
ERV1	DR0105321	KZ506616.1	105587	106401	+	10.7	0
ERVL	DR0105370	KZ506617.1	45321	45860	C	23.8	0
ERVL	DR0105371	KZ506619.1	26120	26432	+	13.7	0
ERVL	DR0105315	KZ506619.1	85582	86192	+	23.8	0
ERVL	DR0105338	KZ506619.1	92134	92279	C	25.3	0
ERVL	DR0105338	KZ506619.1	143064	144094	C	15.6	0
ERVL	DR0105371	KZ506622.1	67	667	C	15.7	0
ERVL	DR0105278	KZ506622.1	26631	27128	C	15.7	0
ERVL	DR0105294	KZ506624.1	35750	35868	C	12.6	0
ERVL	DR0105338	KZ506624.1	99818	100367	+	15.8	0
ERVL	DR0105338	KZ506624.1	109453	110219	C	26.3	0
ERVL	DR0105364	KZ506625.1	90407	91026	C	9.6	0
ERVL	DR0105278	KZ506625.1	97824	98172	C	13.9	0
ERVL	DR0105371	KZ506625.1	105441	106012	+	14.3	0
ERVL	DR0105370	KZ506625.1	108792	108936	C	14.7	0
ERVL	DR0105370	KZ506625.1	116383	116744	+	18.2	0
ERV1	DR0105240	KZ506625.1	116748	117417	C	7.8	0
ERVL	DR0105370	KZ506625.1	117422	117654	+	16.4	0
ERVL	DR0105294	KZ506625.1	148901	149620	C	9.2	0
ERVL	DR0105315	KZ506626.1	130705	130756	+	5.8	0
ERVL	DR0105278	KZ506629.1	91809	92323	+	14.6	0
ERVL	DR0105364	KZ506629.1	131379	132051	C	13.1	0
ERVL	DR0105327	KZ506631.1	130697	131425	+	8.8	0
ERVL	DR0105371	KZ506632.1	63305	63872	+	12.4	0
ERVL	DR0105364	KZ506633.1	54773	55207	+	14.9	0
ERVL	DR0105305	KZ506634.1	30675	30751	C	22.4	0
ERVL	DR0105315	KZ506634.1	30840	31029	C	21.3	0
ERVL	DR0105295	KZ506634.1	31066	31178	C	13.3	0
ERVL	DR0105338	KZ506634.1	39041	40144	C	18.0	0
ERVL	DR0105370	KZ506634.1	150236	150842	+	21.5	0
ERVL	DR0105338	KZ506636.1	80610	80935	C	28.9	0
ERVL	DR0105315	KZ506636.1	84181	84249	+	12.2	0
ERVL	DR0105370	KZ506637.1	2	446	+	13.7	0
ERVL	DR0105364	KZ506638.1	1019	1516	C	13.1	0
ERVL	DR0105370	KZ506638.1	63487	64030	+	24.9	0
ERVL	DR0105312	KZ506638.1	75983	77962	+	17.4	0
ERVL	DR0105312	KZ506638.1	77969	78061	+	15.4	0
ERVL	DR0105370	KZ506638.1	78269	78310	+	24.1	0
ERVL	DR0105338	KZ506638.1	84229	84823	C	22.4	0
ERVL	DR0105261	KZ506638.1	141555	142382	+	21.7	0
ERVL	DR0105315	KZ506639.1	48135	48668	+	26.8	0
ERVL	DR0105312	KZ506639.1	81014	81419	+	18.1	0
ERVL	DR0105315	KZ506639.1	93441	93703	+	25.3	0
ERVL	DR0105371	KZ506640.1	23101	23293	+	11.9	0
ERVL	DR0105315	KZ506641.1	12919	13487	+	25.4	0
ERVL	DR0105312	KZ506641.1	13892	14139	+	31.4	0
ERV4	DR0105376	KZ506641.1	38942	39628	+	12.4	0
ERV1	DR0105240	KZ506641.1	108321	108431	+	26.4	0
ERVL	DR0105358	KZ506641.1	137343	137976	C	10.1	0
ERVL	DR0105312	KZ506641.1	138320	138677	C	22.1	0
ERVL	DR0105358	KZ506641.1	143456	144057	C	9.5	0
ERVL	DR0105371	KZ506642.1	17512	17850	C	17.9	0
ERVL	DR0105338	KZ506642.1	19933	20145	+	19.6	0
ERVL	DR0105261	KZ506642.1	26820	27187	C	18.4	0
ERVL	DR0105315	KZ506642.1	59165	59635	C	20.6	0
ERVL	DR0105370	KZ506642.1	69480	70087	C	18.0	0
ERVL	DR0105295	KZ506642.1	96457	96992	C	23.0	0
ERVL	DR0105305	KZ506642.1	98018	98264	C	23.1	0
ERVL	DR0105305	KZ506642.1	98616	99161	C	27.2	0
ERV1	DR0105342	KZ506642.1	112454	113351	C	20.5	0
ERVL	DR0105338	KZ506642.1	114435	115506	C	18.2	0
ERVL	DR0105338	KZ506642.1	123144	123511	+	23.0	0
ERVL	DR0105315	KZ506642.1	151041	151609	+	22.1	0
ERVL	DR0105338	KZ506642.1	155847	155990	C	25.7	0
ERVL	DR0105238	KZ506643.1	15358	15800	+	12.8	0
ERVL	DR0105338	KZ506643.1	55532	55970	+	17.7	0
ERVL	DR0105338	KZ506643.1	89120	90306	+	21.0	0
ERVL	DR0105278	KZ506643.1	122863	123403	+	15.2	0
ERVL	DR0105370	KZ506644.1	69847	70183	+	12.6	0
ERVL	DR0105338	KZ506646.1	1612	2611	+	18.7	0
ERVL	DR0105295	KZ506646.1	28501	28588	+	15.9	0
ERVL	DR0105370	KZ506646.1	28588	28965	+	12.0	0
ERVL	DR0105338	KZ506646.1	88762	88961	+	9.7	0
ERVL	DR0105370	KZ506646.1	99262	99558	+	15.2	0
ERVL	DR0105278	KZ506646.1	170550	170799	+	12.1	0
ERV1	DR0105321	KZ506647.1	1335	2003	+	12.1	0
ERVL	DR0105370	KZ506647.1	28311	28896	+	11.5	0
ERVL	DR0105278	KZ506648.1	121912	122367	C	17.9	0
ERVL	DR0105358	KZ506649.1	155167	155468	C	4.0	0
ERVL	DR0105294	KZ506651.1	83486	83674	C	6.3	0
ERVL	DR0105338	KZ506652.1	27297	27644	C	27.9	0
ERVL	DR0105312	KZ506652.1	146652	147049	C	21.4	0
ERVL	DR0105370	KZ506652.1	148670	148824	C	35.3	0
ERVL	DR0105371	KZ506652.1	162184	162522	C	14.6	0
ERVL	DR0105278	KZ506653.1	121866	122350	C	18.9	0
ERVL	DR0105305	KZ506657.1	473	868	+	24.0	0
ERVL	DR0105358	KZ506657.1	2144	2782	+	10.5	0
ERVL	DR0105232	KZ506657.1	6397	6773	+	14.6	0
ERVL	DR0105370	KZ506657.1	9882	10458	C	16.0	0
ERVL	DR0105294	KZ506657.1	29854	30051	+	12.6	0
ERV4	DR0105376	KZ506657.1	57794	58208	C	8.6	0
ERVL	DR0105370	KZ506657.1	76540	77110	C	21.1	0
ERVL	DR0105230	KZ506657.1	95366	95410	C	13.3	0
ERVL	DR0105338	KZ506657.1	115276	116188	+	21.3	0
ERVL	DR0105312	KZ506657.1	142058	142557	+	16.8	0
ERVL	DR0105312	KZ506657.1	143889	144621	+	21.6	0
ERV4	DR0105376	KZ506657.1	145448	145591	+	10.4	0
ERVL	DR0105358	KZ506657.1	167684	168044	+	9.7	0
ERVL	DR0105312	KZ506658.1	3	124	C	16.4	0
ERVL	DR0105338	KZ506658.1	30306	30584	C	25.5	0
ERVL	DR0105338	KZ506659.1	135610	135673	+	6.2	0
ERVL	DR0105370	KZ506660.1	8324	8887	C	21.8	0
ERVL	DR0105261	KZ506660.1	66182	66505	+	13.1	0
ERVL	DR0105370	KZ506660.1	90258	90848	C	16.2	0
ERVL	DR0105370	KZ506660.1	102994	103601	C	20.7	0
ERVL	DR0105338	KZ506660.1	109636	109795	+	15.3	0
ERVL	DR0105261	KZ506660.1	131238	131656	C	23.4	0
ERVL	DR0105338	KZ506660.1	161315	162350	+	17.1	0
ERVL	DR0105371	KZ506664.1	71243	71814	+	13.3	0
ERVL	DR0105358	KZ506666.1	96277	96918	+	5.9	0
ERVL	DR0105370	KZ506666.1	97790	98096	C	11.7	0
ERVL	DR0105358	KZ506666.1	110144	110172	C	0.0	0
ERVL	DR0105370	KZ506667.1	45434	46068	+	19.2	0
ERVL	DR0105294	KZ506667.1	55741	55783	+	16.3	0
ERVL	DR0105327	KZ506667.1	84977	85165	+	10.6	0
ERVL	DR0105327	KZ506667.1	141725	142451	C	9.9	0
ERV4	DR0105376	KZ506667.1	150841	151380	+	15.9	0
ERV4	DR0105376	KZ506667.1	164302	164858	C	15.4	0
ERV1	DR0105342	KZ506667.1	166626	167069	+	17.1	0
ERVL	DR0105371	KZ506669.1	146447	147000	+	50.6	0
ERVL	DR0105315	KZ506673.1	3564	4130	+	17.7	0
ERVL	DR0105370	KZ506673.1	14199	14786	+	16.6	0
ERVL	DR0105341	KZ506673.1	17148	17563	+	12.9	0
ERVL	DR0105370	KZ506673.1	21922	22072	C	29.4	0
ERVL	DR0105295	KZ506673.1	22170	22428	C	22.9	0
ERVL	DR0105295	KZ506673.1	56223	56458	+	21.6	0
ERVL	DR0105338	KZ506673.1	70225	70378	+	24.7	0
ERVL	DR0105327	KZ506673.1	73444	73895	C	15.3	0
ERVL	DR0105338	KZ506673.1	74213	75051	C	25.6	0
ERVL	DR0105278	KZ506673.1	80642	81146	C	14.8	0
ERVL	DR0105278	KZ506673.1	98410	98942	+	12.6	0
ERVL	DR0105370	KZ506673.1	128989	129367	C	19.4	0
ERVL	DR0105261	KZ506673.1	134764	135045	C	12.6	0
ERVL	DR0105294	KZ506673.1	137846	137999	+	10.4	0
ERVL	DR0105370	KZ506673.1	140814	141383	+	26.4	0
ERVL	DR0105370	KZ506673.1	164700	165291	+	18.0	0
ERVL	DR0105341	KZ506674.1	1	61	+	5.1	0
ERV4	DR0105376	KZ506674.1	27785	28487	C	10.0	0
ERVL	DR0105230	KZ506678.1	40312	40362	C	11.8	0
ERVL	DR0105338	KZ506678.1	62178	63150	C	16.2	0
ERVL	DR0105312	KZ506679.1	135157	135305	+	20.6	0
ERVL	DR0105371	KZ506679.1	138502	138901	C	12.1	0
ERVL	DR0105278	KZ506679.1	141693	142239	C	18.9	0
ERVL	DR0105370	KZ506679.1	150161	150442	C	14.0	0
ERVL	DR0105371	KZ506679.1	150451	150645	C	18.6	0
ERVL	DR0105371	KZ506680.1	148970	149392	+	15.3	0
ERVL	DR0105371	KZ506680.1	149403	149767	+	14.6	0
ERVL	DR0105278	KZ506680.1	150906	151415	C	13.5	0
ERVL	DR0105278	KZ506680.1	156080	156617	C	16.1	0
ERVL	DR0105371	KZ506681.1	31820	32442	C	17.4	0
ERVL	DR0105370	KZ506681.1	80261	80847	C	14.3	0
ERVL	DR0105315	KZ506681.1	132328	132664	C	22.0	0
ERVL	DR0105370	KZ506681.1	137025	137636	C	21.1	0
ERVL	DR0105371	KZ506681.1	159930	160495	C	16.7	0
ERVL	DR0105295	KZ506682.1	25335	25869	+	20.9	0
ERVL	DR0105338	KZ506682.1	38394	39202	+	23.8	0
ERVL	DR0105371	KZ506682.1	41126	41698	+	13.3	0
ERVL	DR0105370	KZ506682.1	75037	75253	+	15.7	0
ERVL	DR0105338	KZ506682.1	86041	86679	+	20.7	0
ERVL	DR0105305	KZ506683.1	47261	47349	+	25.8	0
ERVL	DR0105230	KZ506684.1	92323	92369	C	4.3	0
ERVL	DR0105230	KZ506684.1	100858	100924	+	13.4	0
ERVL	DR0105305	KZ506684.1	118559	118633	C	26.0	0
ERVL	DR0105371	KZ506685.1	107911	108445	+	14.7	0
ERVL	DR0105338	KZ506686.1	33038	33477	+	11.0	0
ERVL	DR0105278	KZ506686.1	69298	69854	C	12.8	0
ERVL	DR0105294	KZ506686.1	97432	98171	C	10.0	0
ERVL	DR0105364	KZ506687.1	9135	9809	C	11.1	0
ERV4	DR0105376	KZ506687.1	37690	38363	+	9.2	0
ERVL	DR0105315	KZ506687.1	118270	118822	+	19.5	0
ERVL	DR0105305	KZ506689.1	18446	18844	+	23.6	0
ERV4	DR0105376	KZ506689.1	77954	78040	C	13.8	0
ERVL	DR0105371	KZ506689.1	108164	108723	C	15.0	0
ERVL	DR0105364	KZ506689.1	151384	151976	+	13.5	0
ERVL	DR0105238	KZ506690.1	4154	4922	C	9.4	0
ERVL	DR0105364	KZ506690.1	30115	30728	+	14.2	0
ERVL	DR0105294	KZ506690.1	45705	46443	C	10.2	0
ERVL	DR0105278	KZ506690.1	62736	63255	+	12.8	0
ERVL	DR0105294	KZ506690.1	67723	68436	+	9.9	0
ERV1	DR0105240	KZ506692.1	107577	108233	C	8.4	0
ERVL	DR0105371	KZ506693.1	131152	131217	C	25.0	0
ERVL	DR0105371	KZ506693.1	158202	158510	+	17.9	0
ERVL	DR0105315	KZ506694.1	10189	10321	C	15.0	0
ERVL	DR0105305	KZ506694.1	55839	56279	C	23.0	0
ERVL	DR0105295	KZ506694.1	88523	88786	+	17.9	0
ERVL	DR0105305	KZ506694.1	88833	89037	+	34.9	0
ERVL	DR0105371	KZ506694.1	132860	133446	C	15.0	0
ERVL	DR0105295	KZ506694.1	143133	143273	C	15.7	0
ERVL	DR0105338	KZ506696.1	99570	99818	+	20.5	0
ERVL	DR0105261	KZ506696.1	100419	100567	+	15.2	0
ERV1	DR0105240	KZ506696.1	124863	124963	+	16.5	0
ERVL	DR0105370	KZ506696.1	137086	137584	C	15.6	0
ERVL	DR0105238	KZ506696.1	143483	143511	C	0.0	0
ERVL	DR0105358	KZ506698.1	73523	74108	C	6.1	0
ERVL	DR0105370	KZ506698.1	160093	160685	C	13.6	0
ERVL	DR0105278	KZ506699.1	149529	150029	+	17.0	0
ERVL	DR0105371	KZ506702.1	118605	118819	C	13.3	0
ERVL	DR0105341	KZ506703.1	69480	69550	C	9.9	0
ERVL	DR0105371	KZ506705.1	46900	47444	+	23.1	0
ERVL	DR0105341	KZ506705.1	159179	159348	C	7.1	0
ERVL	DR0105341	KZ506706.1	6	134	C	9.4	0
ERVL	DR0105294	KZ506706.1	93753	94067	+	7.0	0
ERVL	DR0105315	KZ506708.1	7577	8023	+	28.9	0
ERVL	DR0105364	KZ506708.1	159774	160270	+	20.1	0
ERVL	DR0105371	KZ506709.1	23744	24160	C	14.6	0
ERVL	DR0105278	KZ506709.1	121762	122259	+	18.0	0
ERVL	DR0105305	KZ506710.1	58936	59046	C	25.2	0
ERVL	DR0105327	KZ506711.1	157545	157583	+	12.8	0
ERVL	DR0105364	KZ506712.1	119887	120519	C	10.6	0
ERVL	DR0105278	KZ506712.1	138297	138595	+	14.9	0
ERV4	DR0105376	KZ506713.1	19299	20003	+	13.9	0
ERVL	DR0105371	KZ506713.1	141030	141587	C	13.1	0
ERV4	DR0105376	KZ506714.1	98535	98990	+	10.2	0
ERV4	DR0105376	KZ506714.1	153853	153985	+	15.2	0
ERVL	DR0105370	KZ506715.1	5741	6307	+	18.6	0
ERVL	DR0105295	KZ506715.1	39606	40163	+	22.4	0
ERVL	DR0105295	KZ506718.1	34752	35019	C	17.9	0
ERVL	DR0105371	KZ506718.1	123878	124438	+	15.3	0
ERVL	DR0105278	KZ506722.1	78493	78621	+	15.5	0
ERVL	DR0105315	KZ506722.1	85248	85757	C	26.5	0
ERV1	DR0105342	KZ506722.1	129225	130266	C	17.7	0
ERVL	DR0105364	KZ506722.1	140553	141159	+	12.4	0
ERVL	DR0105315	KZ506722.1	153581	153842	+	22.5	0
ERVL	DR0105371	KZ506723.1	4026	4606	+	13.7	0
ERVL	DR0105278	KZ506724.1	40256	40722	C	11.3	0
ERVL	DR0105371	KZ506724.1	62196	62752	C	14.2	0
ERVL	DR0105295	KZ506724.1	154395	154450	C	16.7	0
ERVL	DR0105370	KZ506726.1	16034	16604	C	20.7	0
ERVL	DR0105371	KZ506726.1	52103	52668	C	16.2	0
ERVL	DR0105305	KZ506726.1	97226	97418	C	31.1	0
ERVL	DR0105305	KZ506726.1	105804	105875	C	22.9	0
ERVL	DR0105338	KZ506727.1	21488	21676	+	22.1	0
ERVL	DR0105326	KZ506727.1	94928	95330	+	11.8	0
ERVL	DR0105364	KZ506730.1	9088	9705	C	12.1	0
ERVL	DR0105370	KZ506730.1	119532	120102	C	15.2	0
ERVL	DR0105358	KZ506731.1	23191	23834	C	5.3	0
ERVL	DR0105295	KZ506732.1	104084	104301	+	18.4	0
ERVL	DR0105358	KZ506733.1	6228	6873	+	7.9	0
ERVL	DR0105341	KZ506733.1	14973	15370	C	12.0	0
ERV4	DR0105376	KZ506733.1	26672	27381	+	10.2	0
ERVL	DR0105238	KZ506733.1	33706	34467	C	8.8	0
ERVL	DR0105278	KZ506733.1	107746	108209	+	18.3	0
ERVL	DR0105278	KZ506733.1	119049	119534	C	14.9	0
ERVL	DR0105312	KZ506733.1	120627	121578	C	17.4	0
ERVL	DR0105312	KZ506733.1	122099	122299	C	26.9	0
ERVL	DR0105278	KZ506733.1	143453	143578	C	15.1	0
ERVL	DR0105338	KZ506734.1	47447	48498	+	21.1	0
ERVL	DR0105294	KZ506734.1	137447	138184	+	9.8	0
ERVL	DR0105295	KZ506736.1	152936	153044	C	13.0	0
ERVL	DR0105338	KZ506737.1	28357	28643	+	20.6	0
ERVL	DR0105338	KZ506737.1	103263	103625	C	20.0	0
ERVL	DR0105278	KZ506739.1	94327	94832	+	18.0	0
ERVL	DR0105315	KZ506743.1	9009	9224	+	23.8	0
ERVL	DR0105238	KZ506744.1	25937	25980	C	4.5	0
ERVL	DR0105338	KZ506745.1	66556	67632	C	14.5	0
ERVL	DR0105305	KZ506746.1	33004	33393	C	26.4	0
ERVL	DR0105305	KZ506746.1	33404	33753	C	26.2	0
ERVL	DR0105370	KZ506746.1	52948	53022	C	10.8	0
ERVL	DR0105371	KZ506746.1	59895	60463	C	12.9	0
ERVL	DR0105364	KZ506746.1	99857	100533	C	12.0	0
ERVL	DR0105305	KZ506748.1	97139	97445	C	24.6	0
ERVL	DR0105338	KZ506748.1	126584	126641	+	10.3	0
ERVL	DR0105315	KZ506749.1	26044	26521	C	21.4	0
ERVL	DR0105305	KZ506749.1	42592	43150	C	26.2	0
ERVL	DR0105327	KZ506749.1	148684	149410	C	11.7	0
ERV1	DR0105240	KZ506751.1	21099	21761	C	7.9	0
ERVL	DR0105238	KZ506751.1	23467	24239	+	10.6	0
ERVL	DR0105338	KZ506751.1	85413	85828	+	20.7	0
ERVL	DR0105261	KZ506752.1	57648	58088	+	10.4	0
ERV4	DR0105376	KZ506752.1	113525	113964	C	6.5	0
ERVL	DR0105358	KZ506756.1	62346	62986	+	7.5	0
ERVL	DR0105312	KZ506756.1	64874	65788	+	21.8	0
ERVL	DR0105358	KZ506756.1	66752	67361	+	8.4	0
ERVL	DR0105278	KZ506759.1	19761	20120	C	14.6	0
ERVL	DR0105370	KZ506759.1	21926	22508	+	15.3	0
ERVL	DR0105294	KZ506759.1	121629	122350	C	10.9	0
ERVL	DR0105278	KZ506760.1	2	359	C	15.4	0
ERVL	DR0105338	KZ506760.1	3161	4271	C	15.6	0
ERVL	DR0105305	KZ506760.1	56864	57485	C	27.4	0
ERVL	DR0105370	KZ506760.1	57749	57855	C	33.1	0
ERVL	DR0105358	KZ506760.1	62649	62781	+	4.5	0
ERVL	DR0105358	KZ506760.1	62911	63194	+	4.9	0
ERVL	DR0105338	KZ506761.1	30190	30574	C	24.9	0
ERVL	DR0105364	KZ506762.1	81523	82188	+	14.2	0
ERVL	DR0105326	KZ506762.1	119866	120164	+	16.1	0
ERVL	DR0105327	KZ506763.1	44025	44111	C	11.5	0
ERVL	DR0105278	KZ506763.1	117277	117805	C	14.3	0
ERVL	DR0105238	KZ506764.1	31627	32377	C	10.1	0
ERVL	DR0105371	KZ506764.1	91379	91841	C	13.0	0
ERVL	DR0105341	KZ506764.1	92299	92688	C	12.8	0
ERVL	DR0105338	KZ506764.1	148185	148555	+	14.6	0
ERVL	DR0105327	KZ506766.1	35456	35696	+	10.4	0
ERVL	DR0105338	KZ506766.1	42325	43312	C	43.0	0
ERVL	DR0105370	KZ506766.1	56717	57307	C	18.7	0
ERVL	DR0105338	KZ506766.1	90271	90992	C	21.2	0
ERVL	DR0105338	KZ506766.1	141858	142054	+	23.2	0
ERVL	DR0105338	KZ506766.1	145680	146796	+	25.2	0
ERVL	DR0105278	KZ506767.1	9515	9773	+	12.5	0
ERVL	DR0105261	KZ506768.1	3459	3900	+	13.0	0
ERVL	DR0105305	KZ506769.1	145228	145447	C	31.5	0
ERVL	DR0105305	KZ506769.1	145557	145799	C	28.9	0
ERVL	DR0105338	KZ506770.1	33357	33758	C	14.1	0
ERVL	DR0105370	KZ506770.1	42197	42739	+	26.3	0
ERVL	DR0105295	KZ506770.1	92724	93259	+	24.6	0
ERVL	DR0105338	KZ506770.1	113800	114219	+	26.0	0
ERVL	DR0105338	KZ506770.1	115412	115510	+	20.6	0
ERVL	DR0105338	KZ506770.1	115512	115693	+	20.6	0
ERVL	DR0105278	KZ506770.1	118129	118601	+	16.1	0
ERVL	DR0105371	KZ506770.1	120338	120876	+	14.9	0
ERVL	DR0105370	KZ506770.1	137934	138355	+	13.8	0
ERVL	DR0105278	KZ506771.1	80203	80698	+	13.3	0
ERVL	DR0105278	KZ506771.1	87182	87707	C	18.2	0
ERVL	DR0105370	KZ506772.1	5702	5824	+	13.3	0
ERVL	DR0105371	KZ506772.1	121903	122121	+	19.4	0
ERV1	DR0105342	KZ506772.1	145996	147073	C	12.8	0
ERVL	DR0105370	KZ506774.1	55070	55185	C	19.8	0
ERVL	DR0105278	KZ506774.1	120170	120346	C	12.4	0
ERVL	DR0105370	KZ506774.1	141448	141663	+	20.9	0
ERVL	DR0105371	KZ506776.1	6832	7677	C	15.9	0
ERVL	DR0105370	KZ506776.1	62208	62320	C	16.2	0
ERVL	DR0105338	KZ506776.1	71487	72402	C	18.9	0
ERVL	DR0105338	KZ506776.1	125021	125126	+	26.4	0
ERVL	DR0105371	KZ506777.1	7880	8102	+	12.7	0
ERVL	DR0105278	KZ506779.1	53512	54067	+	12.1	0
ERVL	DR0105278	KZ506779.1	68336	68814	C	13.1	0
ERVL	DR0105315	KZ506779.1	113693	114287	+	17.5	0
ERV4	DR0105376	KZ506783.1	70371	70574	C	28.2	0
ERV4	DR0105376	KZ506785.1	97277	97949	+	16.2	0
ERV1	DR0105240	KZ506785.1	126587	126883	C	22.6	0
ERVL	DR0105338	KZ506786.1	54877	55389	C	28.4	0
ERVL	DR0105305	KZ506787.1	27668	28004	C	28.2	0
ERVL	DR0105370	KZ506787.1	28021	28212	C	30.0	0
ERVL	DR0105338	KZ506787.1	37347	37996	C	16.0	0
ERVL	DR0105338	KZ506787.1	56880	56945	+	13.6	0
ERVL	DR0105338	KZ506787.1	56947	57131	C	22.5	0
ERVL	DR0105338	KZ506787.1	57887	58578	C	23.2	0
ERVL	DR0105338	KZ506787.1	128685	129331	+	20.2	0
ERVL	DR0105370	KZ506787.1	139323	139725	+	23.6	0
ERVL	DR0105370	KZ506789.1	92547	92669	+	22.8	0
ERVL	DR0105238	KZ506791.1	93904	93955	C	7.7	0
ERVL	DR0105358	KZ506792.1	70401	71043	C	3.9	0
ERVL	DR0105305	KZ506793.1	53829	54451	C	28.1	0
ERVL	DR0105238	KZ506797.1	78970	79069	+	10.3	0
ERVL	DR0105295	KZ506798.1	55519	55752	C	29.9	0
ERV4	DR0105376	KZ506798.1	127931	128616	C	6.9	0
ERVL	DR0105370	KZ506799.1	8909	9154	C	19.6	0
ERVL	DR0105295	KZ506799.1	9193	9436	C	23.4	0
ERVL	DR0105315	KZ506799.1	123032	123518	+	21.9	0
ERVL	DR0105358	KZ506800.1	13586	13680	+	3.2	0
ERVL	DR0105371	KZ506800.1	106370	106497	C	10.5	0
ERVL	DR0105370	KZ506800.1	136147	136453	+	15.2	0
ERVL	DR0105278	KZ506801.1	27397	27926	+	14.8	0
ERVL	DR0105358	KZ506801.1	78084	78143	+	3.3	0
ERVL	DR0105294	KZ506802.1	4631	5371	C	10.3	0
ERVL	DR0105364	KZ506802.1	14701	15116	+	14.4	0
ERVL	DR0105338	KZ506802.1	23944	24182	C	20.2	0
ERVL	DR0105294	KZ506802.1	27550	28258	+	13.7	0
ERVL	DR0105278	KZ506802.1	29956	30426	+	18.3	0
ERVL	DR0105358	KZ506802.1	39825	40319	C	6.9	0
ERVL	DR0105358	KZ506802.1	40338	40567	C	8.3	0
ERVL	DR0105371	KZ506802.1	48169	48327	C	13.8	0
ERVL	DR0105341	KZ506802.1	49233	49327	C	6.3	0
ERVL	DR0105338	KZ506802.1	50508	51155	+	24.7	0
ERV4	DR0105376	KZ506802.1	74696	75055	+	14.5	0
ERV4	DR0105376	KZ506802.1	75063	75272	+	12.4	0
ERVL	DR0105238	KZ506802.1	90893	91013	C	9.9	0
ERV4	DR0105376	KZ506802.1	112226	112947	C	13.2	0
ERVL	DR0105230	KZ506802.1	127172	127807	+	19.5	0
ERVL	DR0105315	KZ506803.1	26019	26074	+	11.5	0
ERVL	DR0105326	KZ506803.1	26075	26522	+	17.8	0
ERVL	DR0105278	KZ506803.1	30721	31171	C	20.4	0
ERVL	DR0105294	KZ506803.1	49437	49544	+	7.4	0
ERVL	DR0105312	KZ506803.1	49883	50584	+	18.9	0
ERVL	DR0105278	KZ506803.1	107687	107778	+	24.4	0
ERV1	DR0105321	KZ506803.1	116285	116984	C	13.2	0
ERVL	DR0105370	KZ506803.1	123609	124193	C	18.6	0
ERVL	DR0105371	KZ506803.1	127284	127853	C	16.8	0
ERVL	DR0105315	KZ506803.1	135383	135613	C	25.9	0
ERVL	DR0105294	KZ506803.1	139247	139380	+	9.0	0
ERVL	DR0105238	KZ506803.1	142729	142909	+	12.8	0
ERVL	DR0105230	KZ506804.1	5946	6127	C	7.7	0
ERVL	DR0105338	KZ506805.1	57685	57943	C	19.1	0
ERVL	DR0105338	KZ506805.1	136051	136810	+	20.2	0
ERVL	DR0105338	KZ506806.1	19886	20914	+	23.8	0
ERVL	DR0105327	KZ506806.1	25273	25353	C	13.8	0
ERVL	DR0105370	KZ506806.1	39545	40119	+	15.1	0
ERVL	DR0105338	KZ506806.1	68417	68771	+	12.4	0
ERVL	DR0105370	KZ506806.1	121057	121140	+	22.9	0
ERV4	DR0105376	KZ506806.1	131429	131504	+	19.7	0
ERVL	DR0105338	KZ506807.1	38563	39445	+	24.8	0
ERVL	DR0105371	KZ506807.1	110446	110725	C	11.9	0
ERVL	DR0105278	KZ506809.1	106219	106690	+	20.3	0
ERVL	DR0105338	KZ506814.1	11256	11718	+	13.2	0
ERVL	DR0105294	KZ506815.1	70165	70410	C	8.5	0
ERVL	DR0105294	KZ506817.1	12064	12099	+	8.3	0
ERVL	DR0105370	KZ506817.1	38487	38961	+	22.7	0
ERVL	DR0105370	KZ506818.1	27094	27165	+	23.6	0
ERVL	DR0105315	KZ506818.1	123802	124374	C	24.9	0
ERVL	DR0105370	KZ506820.1	62366	62967	C	54.5	0
ERVL	DR0105294	KZ506821.1	2733	3104	C	7.3	0
ERVL	DR0105370	KZ506821.1	9220	9768	+	25.9	0
ERVL	DR0105232	KZ506821.1	10455	10827	+	34.7	0
ERVL	DR0105370	KZ506821.1	11910	12270	+	19.2	0
ERVL	DR0105364	KZ506821.1	78432	78974	+	14.2	0
ERVL	DR0105326	KZ506823.1	1776	1863	C	19.1	0
ERVL	DR0105371	KZ506823.1	113459	114018	C	15.7	0
ERVL	DR0105358	KZ506824.1	101302	101942	+	9.7	0
ERVL	DR0105358	KZ506825.1	21538	21774	C	8.4	0
ERVL	DR0105364	KZ506827.1	73976	74220	+	8.6	0
ERVL	DR0105315	KZ506830.1	18059	18629	C	24.7	0
ERVL	DR0105358	KZ506830.1	105745	106390	C	8.2	0
ERVL	DR0105261	KZ506830.1	126405	127305	C	15.4	0
ERVL	DR0105261	KZ506832.1	27995	28465	C	18.5	0
ERVL	DR0105294	KZ506833.1	130241	130955	+	8.3	0
ERVL	DR0105364	KZ506834.1	44818	45369	+	13.9	0
ERVL	DR0105315	KZ506834.1	59976	60178	C	26.8	0
ERV1	DR0105321	KZ506835.1	95195	95986	C	14.9	0
ERVL	DR0105295	KZ506840.1	63242	63733	C	25.0	0
ERVL	DR0105278	KZ506840.1	140218	140492	C	16.1	0
ERVL	DR0105315	KZ506842.1	49129	49261	C	24.1	0
ERVL	DR0105294	KZ506842.1	121641	121780	C	16.9	0
ERVL	DR0105294	KZ506842.1	122366	122500	C	9.6	0
ERVL	DR0105338	KZ506842.1	129787	130866	C	22.7	0
ERV1	DR0105240	KZ506843.1	44988	45645	+	8.3	0
ERVL	DR0105364	KZ506844.1	35653	36086	+	19.6	0
ERVL	DR0105232	KZ506845.1	15119	15172	C	18.5	0
ERVL	DR0105371	KZ506845.1	39154	39644	+	14.3	0
ERVL	DR0105370	KZ506846.1	16318	16546	C	22.2	0
ERVL	DR0105278	KZ506850.1	19139	19408	C	15.7	0
ERVL	DR0105327	KZ506851.1	34703	35436	+	10.6	0
ERVL	DR0105315	KZ506851.1	43657	43884	+	18.6	0
ERVL	DR0105232	KZ506851.1	52326	52583	C	16.3	0
ERVL	DR0105370	KZ506852.1	40942	41126	C	16.8	0
ERVL	DR0105294	KZ506852.1	46944	47677	C	9.2	0
ERVL	DR0105305	KZ506852.1	50823	50996	C	26.2	0
ERVL	DR0105294	KZ506852.1	58299	58989	+	10.9	0
ERVL	DR0105370	KZ506852.1	100049	100126	+	12.8	0
ERVL	DR0105338	KZ506852.1	106987	108079	+	16.9	0
ERVL	DR0105261	KZ506852.1	121465	121840	+	14.7	0
ERVL	DR0105230	KZ506852.1	136335	136658	+	6.2	0
ERVL	DR0105278	KZ506855.1	104928	105441	+	13.5	0
ERVL	DR0105338	KZ506856.1	62514	63613	+	16.0	0
ERVL	DR0105278	KZ506856.1	64210	64747	+	12.8	0
ERVL	DR0105338	KZ506859.1	13226	14068	C	25.6	0
ERVL	DR0105370	KZ506859.1	17794	18348	C	15.8	0
ERVL	DR0105315	KZ506859.1	18371	18454	C	15.6	0
ERVL	DR0105370	KZ506859.1	84135	84233	C	19.4	0
ERVL	DR0105312	KZ506861.1	55738	56158	C	16.5	0
ERVL	DR0105371	KZ506862.1	27047	27634	C	10.9	0
ERVL	DR0105278	KZ506863.1	16443	16961	+	18.6	0
ERVL	DR0105261	KZ506863.1	40126	40550	C	15.6	0
ERVL	DR0105370	KZ506863.1	46242	46846	+	12.3	0
ERVL	DR0105338	KZ506863.1	53051	54132	C	17.0	0
ERVL	DR0105341	KZ506863.1	60572	60716	+	13.3	0
ERVL	DR0105278	KZ506863.1	64102	64616	+	16.9	0
ERVL	DR0105341	KZ506863.1	78241	78385	+	12.6	0
ERVL	DR0105341	KZ506863.1	78630	78712	+	14.2	0
ERVL	DR0105238	KZ506863.1	111087	111836	C	12.1	0
ERVL	DR0105278	KZ506864.1	122436	122627	C	17.9	0
ERVL	DR0105278	KZ506865.1	66542	67032	+	15.9	0
ERVL	DR0105338	KZ506866.1	30692	31211	+	18.3	0
ERVL	DR0105305	KZ506866.1	92974	93466	C	27.4	0
ERV4	DR0105376	KZ506866.1	108527	109247	C	8.7	0
ERVL	DR0105238	KZ506868.1	19108	19206	+	5.2	0
ERVL	DR0105305	KZ506869.1	80285	80560	C	23.4	0
ERVL	DR0105238	KZ506870.1	27421	27463	+	7.0	0
ERVL	DR0105370	KZ506870.1	78653	79101	C	14.8	0
ERV1	DR0105342	KZ506872.1	121773	122468	+	15.9	0
ERV1	DR0105240	KZ506874.1	29414	29449	+	5.6	0
ERVL	DR0105338	KZ506874.1	29587	29649	+	17.5	0
ERVL	DR0105315	KZ506874.1	65653	66243	+	20.0	0
ERV1	DR0105342	KZ506875.1	865	1431	C	14.9	0
ERV1	DR0105342	KZ506875.1	1458	1534	C	23.4	0
ERVL	DR0105261	KZ506875.1	50879	51049	+	13.4	0
ERVL	DR0105305	KZ506875.1	78390	78528	C	25.1	0
ERVL	DR0105295	KZ506875.1	78965	79243	C	21.2	0
ERVL	DR0105338	KZ506875.1	112975	113889	+	25.7	0
ERVL	DR0105338	KZ506876.1	4797	5832	C	20.1	0
ERVL	DR0105370	KZ506876.1	15051	15177	C	21.6	0
ERVL	DR0105370	KZ506876.1	50473	51049	+	14.3	0
ERVL	DR0105358	KZ506876.1	60564	61183	+	7.3	0
ERVL	DR0105370	KZ506876.1	65535	66087	+	17.9	0
ERVL	DR0105370	KZ506876.1	76231	76380	C	17.3	0
ERVL	DR0105370	KZ506876.1	77107	77534	C	17.8	0
ERVL	DR0105370	KZ506876.1	98736	98822	C	23.3	0
ERVL	DR0105370	KZ506878.1	124902	124975	+	12.8	0
ERVL	DR0105370	KZ506879.1	10427	10992	+	11.3	0
ERVL	DR0105278	KZ506879.1	88461	88973	C	14.7	0
ERVL	DR0105338	KZ506879.1	105405	106534	+	15.7	0
ERVL	DR0105278	KZ506882.1	30502	30929	+	15.6	0
ERVL	DR0105315	KZ506887.1	95072	95271	C	25.2	0
ERVL	DR0105315	KZ506887.1	95307	95580	C	20.6	0
ERVL	DR0105370	KZ506890.1	106425	106610	C	20.0	0
ERVL	DR0105295	KZ506890.1	106657	106934	C	18.6	0
ERVL	DR0105364	KZ506893.1	119446	120113	+	10.6	0
ERVL	DR0105261	KZ506894.1	401	661	+	11.1	0
ERVL	DR0105338	KZ506894.1	1205	1974	+	12.8	0
ERVL	DR0105312	KZ506894.1	6871	7145	C	12.5	0
ERVL	DR0105238	KZ506894.1	9744	10265	+	9.0	0
ERVL	DR0105261	KZ506894.1	12884	13950	C	15.0	0
ERVL	DR0105326	KZ506894.1	15450	15617	+	10.7	0
ERVL	DR0105294	KZ506894.1	26150	26225	+	5.3	0
ERVL	DR0105238	KZ506894.1	26558	26804	+	12.2	0
ERVL	DR0105338	KZ506894.1	49092	49904	+	12.8	0
ERVL	DR0105315	KZ506894.1	57912	58493	C	19.5	0
ERVL	DR0105312	KZ506894.1	68719	68960	+	18.6	0
ERVL	DR0105312	KZ506894.1	68980	69090	+	22.9	0
ERVL	DR0105312	KZ506894.1	69180	69275	+	27.9	0
ERVL	DR0105338	KZ506894.1	83351	83595	C	14.8	0
ERVL	DR0105338	KZ506894.1	86700	87710	+	18.4	0
ERVL	DR0105278	KZ506894.1	106101	106228	C	21.4	0
ERV1	DR0105240	KZ506894.1	106229	106860	+	9.1	0
ERVL	DR0105370	KZ506894.1	106946	107297	C	9.7	0
ERVL	DR0105370	KZ506894.1	107814	108690	C	14.3	0
ERV4	DR0105376	KZ506894.1	129654	129831	+	8.4	0
ERVL	DR0105338	KZ506894.1	132075	133038	+	14.9	0
ERVL	DR0105261	KZ506896.1	52051	52401	C	13.0	0
ERVL	DR0105370	KZ506896.1	83979	84450	C	13.4	0
ERVL	DR0105305	KZ506897.1	18354	18462	C	25.0	0
ERVL	DR0105232	KZ506897.1	116159	116699	+	12.6	0
ERV4	DR0105376	KZ506897.1	132302	132476	+	9.8	0
ERVL	DR0105232	KZ506898.1	774	2043	C	14.9	0
ERVL	DR0105294	KZ506898.1	13676	14219	+	10.6	0
ERVL	DR0105341	KZ506898.1	20083	20443	+	11.6	0
ERVL	DR0105312	KZ506898.1	68073	69736	C	13.1	0
ERVL	DR0105312	KZ506898.1	70050	70273	C	21.8	0
ERVL	DR0105312	KZ506898.1	70311	70971	C	23.6	0
ERVL	DR0105278	KZ506898.1	74686	74971	+	15.8	0
ERVL	DR0105358	KZ506898.1	89862	90535	C	28.1	0
ERVL	DR0105338	KZ506898.1	120743	120861	+	18.2	0
ERVL	DR0105315	KZ506899.1	92214	92746	C	21.2	0
ERVL	DR0105358	KZ506900.1	65303	65933	+	48.6	0
ERVL	DR0105315	KZ506901.1	8943	9500	+	19.4	0
ERVL	DR0105338	KZ506901.1	36697	37798	C	17.2	0
ERVL	DR0105371	KZ506902.1	502	1069	+	17.5	0
ERV4	DR0105376	KZ506902.1	6799	6911	+	15.9	0
ERVL	DR0105312	KZ506902.1	21312	21700	+	13.8	0
ERV4	DR0105376	KZ506902.1	61201	61400	C	21.7	0
ERVL	DR0105295	KZ506902.1	69606	69662	+	19.3	0
ERVL	DR0105351	KZ506902.1	85172	85338	C	23.0	0
ERVL	DR0105295	KZ506902.1	85357	85629	C	21.3	0
ERVL	DR0105305	KZ506902.1	91899	92082	+	22.8	0
ERVL	DR0105327	KZ506903.1	104590	104707	+	0.8	0
ERVL	DR0105278	KZ506904.1	79811	80328	C	15.6	0
ERVL	DR0105358	KZ506907.1	17027	17670	C	5.0	0
ERVL	DR0105305	KZ506908.1	29634	29980	C	19.3	0
ERVL	DR0105370	KZ506908.1	30133	30279	C	27.2	0
ERVL	DR0105305	KZ506908.1	30402	30641	C	27.4	0
ERVL	DR0105294	KZ506908.1	66243	66976	+	10.4	0
ERVL	DR0105358	KZ506909.1	1348	1564	C	4.6	0
ERVL	DR0105364	KZ506911.1	61247	61424	C	9.6	0
ERVL	DR0105371	KZ506912.1	88814	89378	+	11.8	0
ERV4	DR0105376	KZ506913.1	320	634	+	23.1	0
ERV1	DR0105240	KZ506913.1	635	757	C	17.1	0
ERV4	DR0105376	KZ506913.1	1260	1520	+	13.9	0
ERVL	DR0105364	KZ506916.1	98400	98984	+	13.3	0
ERVL	DR0105370	KZ506920.1	93386	94201	+	12.5	0
ERVL	DR0105370	KZ506920.1	94392	94774	+	12.6	0
ERVL	DR0105371	KZ506920.1	94824	94897	+	19.5	0
ERVL	DR0105370	KZ506920.1	126409	126996	C	25.0	0
ERVL	DR0105364	KZ506922.1	19822	20453	+	12.1	0
ERVL	DR0105371	KZ506923.1	1376	1420	+	20.0	0
ERVL	DR0105370	KZ506923.1	1455	1602	+	19.1	0
ERVL	DR0105238	KZ506923.1	4692	4896	+	8.8	0
ERVL	DR0105370	KZ506923.1	81129	81703	C	19.5	0
ERVL	DR0105238	KZ506925.1	21141	21232	+	16.7	0
ERVL	DR0105294	KZ506926.1	144	453	C	7.1	0
ERVL	DR0105230	KZ506926.1	22177	22647	+	16.9	0
ERV4	DR0105376	KZ506926.1	22731	23126	C	8.6	0
ERVL	DR0105338	KZ506926.1	46272	47377	C	15.3	0
ERVL	DR0105278	KZ506927.1	20513	20595	+	6.0	0
ERVL	DR0105371	KZ506927.1	65696	66266	C	16.6	0
ERVL	DR0105370	KZ506927.1	96526	96595	C	19.4	0
ERVL	DR0105326	KZ506927.1	96613	96712	C	18.8	0
ERVL	DR0105305	KZ506929.1	5015	5222	C	27.8	0
ERVL	DR0105295	KZ506929.1	5253	5544	C	22.8	0
ERVL	DR0105338	KZ506929.1	13614	14510	C	19.0	0
ERVL	DR0105370	KZ506929.1	31256	31674	+	13.4	0
ERVL	DR0105338	KZ506929.1	48108	48300	+	19.3	0
ERVL	DR0105371	KZ506929.1	66540	66966	+	16.0	0
ERVL	DR0105370	KZ506929.1	67007	67149	+	18.3	0
ERVL	DR0105278	KZ506929.1	69929	70445	C	16.1	0
ERVL	DR0105338	KZ506929.1	86075	86373	C	25.0	0
ERVL	DR0105364	KZ506930.1	97980	98618	+	12.4	0
ERVL	DR0105278	KZ506932.1	42049	42541	C	16.0	0
ERVL	DR0105315	KZ506932.1	100779	101055	C	19.5	0
ERVL	DR0105370	KZ506934.1	302	363	C	16.1	0
ERVL	DR0105238	KZ506934.1	11439	11667	+	11.0	0
ERVL	DR0105238	KZ506934.1	11811	12136	+	11.2	0
ERVL	DR0105364	KZ506934.1	13369	14023	+	13.1	0
ERVL	DR0105238	KZ506934.1	17822	18141	C	11.5	0
ERVL	DR0105312	KZ506934.1	18897	22507	C	13.5	0
ERVL	DR0105238	KZ506934.1	24554	24640	C	7.0	0
ERVL	DR0105338	KZ506934.1	107685	107919	+	20.9	0
ERV4	DR0105376	KZ506934.1	126082	126416	+	6.3	0
ERV1	DR0105240	KZ506935.1	35573	35889	C	22.9	0
ERVL	DR0105305	KZ506936.1	122235	122333	C	25.2	0
ERVL	DR0105338	KZ506939.1	77018	77986	C	25.1	0
ERVL	DR0105338	KZ506944.1	38484	38778	C	27.9	0
ERVL	DR0105326	KZ506944.1	40625	40726	C	10.0	0
ERVL	DR0105370	KZ506944.1	40729	41041	C	11.3	0
ERVL	DR0105294	KZ506944.1	46419	47149	+	8.9	0
ERVL	DR0105370	KZ506944.1	109643	109764	C	22.9	0
ERVL	DR0105370	KZ506944.1	109869	110312	C	19.4	0
ERV1	DR0105240	KZ506944.1	110621	111276	C	8.7	0
ERVL	DR0105364	KZ506946.1	72988	73370	C	10.4	0
ERVL	DR0105358	KZ506946.1	102519	102727	C	3.8	0
ERVL	DR0105238	KZ506948.1	90124	90880	+	11.6	0
ERV4	DR0105376	KZ506948.1	94760	95319	C	13.2	0
ERVL	DR0105371	KZ506954.1	24054	24628	+	12.4	0
ERVL	DR0105370	KZ506954.1	38568	38831	+	17.5	0
ERVL	DR0105278	KZ506954.1	53826	54130	C	16.2	0
ERVL	DR0105371	KZ506954.1	70274	70718	+	14.1	0
ERVL	DR0105278	KZ506954.1	81630	82113	+	13.0	0
ERVL	DR0105315	KZ506954.1	125955	126273	C	20.2	0
ERVL	DR0105370	KZ506956.1	20263	20412	+	19.3	0
ERVL	DR0105305	KZ506957.1	46727	46850	C	27.4	0
ERVL	DR0105305	KZ506957.1	46868	46992	C	21.4	0
ERVL	DR0105370	KZ506957.1	60009	60578	C	17.0	0
ERVL	DR0105278	KZ506957.1	102008	102457	C	17.5	0
ERVL	DR0105295	KZ506958.1	5994	6560	C	22.3	0
ERVL	DR0105370	KZ506958.1	51225	51809	C	15.2	0
ERVL	DR0105295	KZ506958.1	100991	101208	+	16.3	0
ERVL	DR0105338	KZ506960.1	82635	83397	+	27.0	0
ERVL	DR0105338	KZ506961.1	6850	6957	+	28.2	0
ERVL	DR0105261	KZ506961.1	103817	103940	+	21.9	0
ERVL	DR0105238	KZ506964.1	122569	122714	C	13.2	0
ERVL	DR0105338	KZ506970.1	51511	51644	C	17.5	0
ERVL	DR0105230	KZ506972.1	5741	6362	+	6.1	0
ERVL	DR0105278	KZ506972.1	32432	33006	+	19.1	0
ERVL	DR0105338	KZ506972.1	35083	35982	+	24.8	0
ERV4	DR0105376	KZ506972.1	60720	60828	+	19.6	0
ERVL	DR0105338	KZ506972.1	68482	69544	+	20.7	0
ERVL	DR0105261	KZ506972.1	75118	75648	+	15.9	0
ERVL	DR0105338	KZ506972.1	76025	76608	+	14.4	0
ERVL	DR0105312	KZ506972.1	79948	80704	+	34.3	0
ERVL	DR0105305	KZ506972.1	119110	119439	+	28.6	0
ERVL	DR0105338	KZ506972.1	120507	120606	C	24.0	0
ERVL	DR0105370	KZ506973.1	16859	16979	+	11.6	0
ERVL	DR0105278	KZ506973.1	19449	19931	C	19.9	0
ERVL	DR0105370	KZ506973.1	65584	66166	C	15.0	0
ERVL	DR0105370	KZ506973.1	105271	105422	+	21.2	0
ERVL	DR0105370	KZ506974.1	69967	70521	+	15.9	0
ERVL	DR0105278	KZ506975.1	62659	62899	+	14.6	0
ERVL	DR0105278	KZ506975.1	62959	63119	+	16.1	0
ERVL	DR0105312	KZ506976.1	93156	93424	+	14.0	0
ERVL	DR0105278	KZ506977.1	25990	26496	+	16.1	0
ERVL	DR0105261	KZ506978.1	115265	115682	+	15.9	0
ERVL	DR0105358	KZ506978.1	115684	116313	C	7.6	0
ERVL	DR0105338	KZ506978.1	116327	116421	+	16.6	0
ERVL	DR0105315	KZ506982.1	11904	12440	C	22.8	0
ERVL	DR0105341	KZ506982.1	20969	21366	C	9.8	0
ERVL	DR0105338	KZ506982.1	29652	30723	+	22.2	0
ERV1	DR0105342	KZ506982.1	32957	33942	+	16.1	0
ERV1	DR0105321	KZ506982.1	59900	60148	+	9.5	0
ERV1	DR0105321	KZ506982.1	60149	60493	+	12.5	0
ERV1	DR0105342	KZ506982.1	81353	81924	+	16.6	0
ERV1	DR0105342	KZ506982.1	81933	82286	+	11.8	0
ERVL	DR0105371	KZ506982.1	83463	83985	C	13.9	0
ERVL	DR0105341	KZ506982.1	86347	86758	+	10.9	0
ERVL	DR0105341	KZ506982.1	93815	93873	C	11.3	0
ERVL	DR0105341	KZ506982.1	121439	121527	+	5.6	0
ERVL	DR0105294	KZ506983.1	12830	13563	C	9.1	0
ERVL	DR0105278	KZ506984.1	117544	117855	+	16.9	0
ERVL	DR0105370	KZ506985.1	79661	80168	+	25.4	0
ERVL	DR0105364	KZ506987.1	37797	37840	+	9.1	0
ERVL	DR0105364	KZ506987.1	38786	38855	+	10.0	0
ERVL	DR0105338	KZ506991.1	2707	2979	+	13.2	0
ERVL	DR0105370	KZ506991.1	14435	14534	C	26.0	0
ERVL	DR0105305	KZ506991.1	15720	15780	C	26.2	0
ERVL	DR0105338	KZ506991.1	49535	49661	C	23.6	0
ERVL	DR0105278	KZ506992.1	76126	76170	C	11.1	0
ERVL	DR0105315	KZ506993.1	51064	51549	C	24.0	0
ERVL	DR0105371	KZ506994.1	11353	11893	C	14.7	0
ERV1	DR0105240	KZ506996.1	36066	36184	+	19.7	0
ERVL	DR0105315	KZ506996.1	97422	97913	C	23.9	0
ERVL	DR0105358	KZ507000.1	1	129	C	4.7	0
ERVL	DR0105338	KZ507000.1	77320	77619	C	13.6	0
ERV1	DR0105240	KZ507003.1	6335	6952	+	10.2	0
ERV1	DR0105240	KZ507003.1	6954	7054	C	18.8	0
ERVL	DR0105327	KZ507003.1	46686	47406	+	9.8	0
ERVL	DR0105338	KZ507004.1	24009	25024	+	16.7	0
ERVL	DR0105295	KZ507004.1	29854	30008	+	17.5	0
ERVL	DR0105238	KZ507004.1	68592	69362	C	9.8	0
ERVL	DR0105370	KZ507005.1	7523	8111	+	19.8	0
ERVL	DR0105358	KZ507005.1	33404	34049	+	5.1	0
ERV4	DR0105376	KZ507005.1	43235	43981	+	6.3	0
ERVL	DR0105338	KZ507012.1	11659	12466	C	17.0	0
ERVL	DR0105338	KZ507012.1	53688	54006	C	26.3	0
ERVL	DR0105371	KZ507013.1	48748	49330	C	14.5	0
ERVL	DR0105370	KZ507015.1	61288	61601	+	15.6	0
ERVL	DR0105370	KZ507015.1	103994	104590	+	14.0	0
ERVL	DR0105327	KZ507016.1	92655	93159	C	8.7	0
ERVL	DR0105312	KZ507017.1	53601	53963	C	19.5	0
ERVL	DR0105364	KZ507017.1	75046	75324	C	12.9	0
ERVL	DR0105278	KZ507018.1	82063	82222	C	11.2	0
ERVL	DR0105358	KZ507018.1	86673	86737	+	3.1	0
ERVL	DR0105338	KZ507023.1	7683	7725	+	4.7	0
ERVL	DR0105338	KZ507023.1	20994	21148	+	19.8	0
ERVL	DR0105364	KZ507023.1	84586	85228	C	11.5	0
ERVL	DR0105338	KZ507023.1	89590	89835	+	8.8	0
ERVL	DR0105261	KZ507024.1	26155	26498	C	9.5	0
ERV1	DR0105321	KZ507029.1	22811	23264	C	13.9	0
ERV1	DR0105240	KZ507029.1	93573	94156	C	15.0	0
ERV4	DR0105376	KZ507029.1	102695	103226	C	15.2	0
ERVL	DR0105294	KZ507032.1	1	432	+	10.7	0
ERVL	DR0105370	KZ507032.1	6893	6978	+	10.5	0
ERVL	DR0105278	KZ507032.1	82541	83116	C	15.3	0
ERVL	DR0105238	KZ507033.1	16239	16994	+	10.8	0
ERVL	DR0105261	KZ507033.1	45093	45482	+	22.8	0
ERVL	DR0105338	KZ507035.1	33878	34679	C	24.0	0
ERVL	DR0105305	KZ507035.1	63327	63412	C	26.7	0
ERVL	DR0105338	KZ507035.1	90517	90751	C	17.9	0
ERVL	DR0105370	KZ507036.1	21708	21791	C	22.2	0
ERVL	DR0105294	KZ507036.1	34735	34818	C	4.8	0
ERVL	DR0105305	KZ507036.1	41281	42006	C	23.9	0
ERV1	DR0105342	KZ507036.1	96054	96779	C	16.5	0
ERVL	DR0105338	KZ507038.1	20156	20242	C	8.1	0
ERVL	DR0105371	KZ507038.1	58800	58924	+	18.9	0
ERVL	DR0105338	KZ507040.1	81308	82324	+	15.0	0
ERV1	DR0105240	KZ507041.1	39150	39280	C	20.4	0
ERVL	DR0105371	KZ507041.1	58327	58868	+	15.4	0
ERVL	DR0105358	KZ507044.1	102926	103338	+	4.6	0
ERVL	DR0105232	KZ507048.1	66116	66490	+	16.0	0
ERV4	DR0105376	KZ507048.1	69676	70124	+	8.0	0
ERVL	DR0105305	KZ507049.1	100003	100193	+	28.1	0
ERVL	DR0105358	KZ507051.1	45033	45345	C	4.2	0
ERVL	DR0105358	KZ507051.1	45661	45746	C	4.7	0
ERVL	DR0105338	KZ507052.1	72641	72852	+	27.0	0
ERVL	DR0105358	KZ507057.1	5030	5676	C	4.8	0
ERVL	DR0105278	KZ507057.1	34285	34483	+	16.2	0
ERVL	DR0105370	KZ507057.1	85012	85498	C	22.4	0
ERVL	DR0105371	KZ507058.1	60247	60411	C	13.5	0
ERVL	DR0105364	KZ507058.1	76852	77497	+	12.4	0
ERVL	DR0105338	KZ507059.1	21574	21917	+	27.2	0
ERVL	DR0105338	KZ507059.1	21921	22140	+	22.1	0
ERVL	DR0105364	KZ507059.1	79631	80227	+	12.9	0
ERVL	DR0105338	KZ507059.1	94724	95501	+	26.1	0
ERVL	DR0105338	KZ507059.1	107815	108856	+	19.4	0
ERVL	DR0105305	KZ507060.1	12905	13676	C	23.6	0
ERVL	DR0105315	KZ507060.1	34370	34937	C	20.6	0
ERVL	DR0105305	KZ507061.1	55474	56339	C	22.9	0
ERVL	DR0105370	KZ507064.1	5545	6126	+	16.1	0
ERVL	DR0105295	KZ507064.1	40319	40452	C	21.0	0
ERVL	DR0105338	KZ507064.1	44423	45414	+	50.1	0
ERVL	DR0105294	KZ507065.1	34731	34797	C	10.6	0
ERVL	DR0105338	KZ507066.1	29407	29790	C	16.2	0
ERVL	DR0105371	KZ507067.1	4696	4770	+	16.0	0
ERVL	DR0105338	KZ507067.1	13355	14418	C	20.5	0
ERVL	DR0105238	KZ507070.1	37614	37653	+	2.5	0
ERVL	DR0105295	KZ507074.1	621	719	+	28.5	0
ERV4	DR0105376	KZ507074.1	725	1400	C	18.0	0
ERVL	DR0105370	KZ507074.1	1414	1795	+	19.9	0
ERVL	DR0105370	KZ507075.1	52873	53406	+	20.1	0
ERVL	DR0105278	KZ507076.1	79528	80040	+	13.7	0
ERVL	DR0105261	KZ507077.1	68699	69636	+	16.1	0
ERV1	DR0105240	KZ507078.1	36107	36158	+	7.7	0
ERVL	DR0105278	KZ507079.1	96500	96714	+	16.4	0
ERVL	DR0105364	KZ507082.1	11954	12574	+	11.9	0
ERVL	DR0105364	KZ507082.1	29217	29677	+	11.3	0
ERVL	DR0105261	KZ507082.1	107821	108328	+	22.9	0
ERVL	DR0105305	KZ507082.1	108330	108419	+	22.7	0
ERVL	DR0105338	KZ507084.1	70936	71948	+	18.1	0
ERVL	DR0105338	KZ507084.1	79578	80515	+	22.1	0
ERVL	DR0105370	KZ507084.1	108692	109287	+	18.0	0
ERVL	DR0105371	KZ507086.1	62357	62672	C	9.9	0
ERVL	DR0105315	KZ507087.1	33139	33612	+	24.3	0
ERVL	DR0105278	KZ507089.1	92159	92661	+	15.5	0
ERVL	DR0105370	KZ507091.1	62567	62697	C	26.9	0
ERVL	DR0105295	KZ507091.1	62889	63100	C	23.6	0
ERVL	DR0105305	KZ507092.1	91927	92004	C	33.3	0
ERVL	DR0105315	KZ507092.1	92035	92154	C	22.0	0
ERVL	DR0105364	KZ507092.1	104841	105479	+	11.5	0
ERV1	DR0105342	KZ507095.1	5084	5273	C	25.1	0
ERVL	DR0105358	KZ507095.1	10005	10648	+	4.5	0
ERVL	DR0105261	KZ507095.1	18253	18790	C	16.9	0
ERVL	DR0105358	KZ507095.1	99042	99686	C	5.0	0
ERVL	DR0105261	KZ507096.1	10844	11264	+	16.1	0
ERVL	DR0105371	KZ507096.1	42820	43347	C	14.1	0
ERVL	DR0105370	KZ507096.1	75409	75503	C	13.7	0
ERVL	DR0105370	KZ507096.1	76379	76471	C	12.3	0
ERVL	DR0105371	KZ507097.1	68602	69173	+	12.7	0
ERVL	DR0105370	KZ507097.1	91726	92318	C	13.4	0
ERVL	DR0105370	KZ507099.1	1614	1882	C	13.9	0
ERVL	DR0105338	KZ507100.1	12497	13397	+	25.2	0
ERVL	DR0105371	KZ507101.1	91073	91477	C	11.9	0
ERVL	DR0105338	KZ507102.1	8886	8998	C	12.4	0
ERVL	DR0105315	KZ507102.1	49892	50140	C	20.7	0
ERVL	DR0105295	KZ507102.1	50150	50373	C	23.6	0
ERVL	DR0105370	KZ507104.1	17099	17647	+	26.0	0
ERVL	DR0105312	KZ507104.1	32009	32240	C	17.7	0
ERVL	DR0105295	KZ507105.1	33713	33882	C	19.0	0
ERVL	DR0105232	KZ507106.1	19979	20173	+	34.0	0
ERVL	DR0105370	KZ507106.1	21138	21272	+	17.4	0
ERVL	DR0105305	KZ507106.1	57340	57523	+	28.3	0
ERVL	DR0105338	KZ507106.1	104225	104458	C	13.2	0
ERV1	DR0105342	KZ507108.1	63474	64538	+	20.1	0
ERVL	DR0105338	KZ507108.1	70949	72020	+	18.9	0
ERVL	DR0105370	KZ507114.1	98473	99041	+	25.2	0
ERV1	DR0105321	KZ507114.1	100740	101464	C	9.4	0
ERVL	DR0105338	KZ507115.1	1502	1624	+	11.5	0
ERVL	DR0105278	KZ507115.1	61563	62065	+	13.8	0
ERVL	DR0105370	KZ507115.1	94510	95097	+	13.7	0
ERVL	DR0105278	KZ507116.1	87095	87612	+	15.1	0
ERVL	DR0105278	KZ507125.1	26979	27490	+	12.7	0
ERVL	DR0105338	KZ507126.1	19778	20096	+	27.6	0
ERVL	DR0105305	KZ507128.1	76007	76090	C	20.2	0
ERVL	DR0105338	KZ507128.1	86334	86499	+	20.1	0
ERVL	DR0105370	KZ507129.1	55230	55357	+	26.0	0
ERVL	DR0105238	KZ507129.1	102103	102259	+	7.7	0
ERVL	DR0105278	KZ507131.1	27014	27106	+	26.9	0
ERV1	DR0105342	KZ507131.1	44162	45240	+	15.1	0
ERVL	DR0105295	KZ507131.1	91451	91752	C	21.5	0
ERV1	DR0105225	KZ507132.1	63044	63111	+	17.9	0
ERVL	DR0105370	KZ507135.1	80046	80262	C	25.5	0
ERVL	DR0105295	KZ507135.1	80618	80838	C	24.4	0
ERVL	DR0105338	KZ507136.1	14649	15747	+	16.2	0
ERVL	DR0105358	KZ507138.1	53762	53913	+	4.0	0
ERVL	DR0105358	KZ507138.1	53963	54354	+	4.4	0
ERVL	DR0105370	KZ507138.1	55474	55539	+	18.2	0
ERVL	DR0105370	KZ507138.1	105780	106360	+	13.3	0
ERVL	DR0105238	KZ507141.1	14905	15139	C	22.7	0
ERV4	DR0105376	KZ507141.1	44114	44257	+	23.2	0
ERVL	DR0105278	KZ507144.1	105662	105893	+	14.1	0
ERVL	DR0105294	KZ507149.1	24198	24254	C	14.3	0
ERVL	DR0105338	KZ507149.1	32862	33629	C	25.2	0
ERVL	DR0105327	KZ507151.1	5617	5713	C	6.2	0
ERVL	DR0105315	KZ507151.1	24955	25507	C	26.8	0
ERV4	DR0105376	KZ507152.1	7008	7288	+	29.7	0
ERVL	DR0105338	KZ507153.1	46562	46876	C	22.6	0
ERVL	DR0105370	KZ507153.1	112201	112552	+	23.0	0
ERVL	DR0105371	KZ507154.1	16847	17448	+	22.1	0
ERVL	DR0105371	KZ507154.1	41046	41623	+	13.3	0
ERVL	DR0105371	KZ507155.1	48189	48752	+	15.4	0
ERVL	DR0105338	KZ507155.1	65082	65236	C	11.7	0
ERVL	DR0105338	KZ507155.1	86509	87601	C	19.7	0
ERVL	DR0105370	KZ507155.1	91463	91615	C	23.3	0
ERVL	DR0105370	KZ507155.1	91639	92050	C	16.8	0
ERVL	DR0105230	KZ507158.1	106450	106840	+	6.9	0
ERVL	DR0105371	KZ507160.1	35046	35617	+	15.3	0
ERV4	DR0105376	KZ507160.1	97017	97398	+	8.9	0
ERVL	DR0105238	KZ507161.1	88871	89622	+	10.5	0
ERVL	DR0105238	KZ507161.1	89961	90163	C	9.0	0
ERVL	DR0105370	KZ507162.1	37445	38047	+	14.1	0
ERVL	DR0105338	KZ507163.1	16439	16811	C	13.0	0
ERVL	DR0105370	KZ507163.1	89113	89719	+	13.7	0
ERV1	DR0105240	KZ507163.1	93191	93361	+	23.9	0
ERVL	DR0105338	KZ507164.1	53627	54089	+	23.1	0
ERVL	DR0105327	KZ507164.1	62160	62236	C	13.0	0
ERVL	DR0105338	KZ507164.1	98299	99305	C	20.0	0
ERVL	DR0105278	KZ507168.1	88812	89225	+	17.5	0
ERVL	DR0105294	KZ507169.1	91837	92579	+	9.7	0
ERVL	DR0105364	KZ507171.1	16571	16808	C	8.4	0
ERVL	DR0105370	KZ507171.1	84784	84973	C	14.7	0
ERV1	DR0105321	KZ507172.1	6218	6529	+	8.7	0
ERV4	DR0105376	KZ507175.1	48482	49118	C	11.9	0
ERVL	DR0105341	KZ507178.1	1	222	+	12.5	0
ERV1	DR0105321	KZ507178.1	32712	33162	+	13.3	0
ERVL	DR0105338	KZ507178.1	83940	84832	+	13.8	0
ERVL	DR0105358	KZ507178.1	89104	89745	C	7.5	0
ERVL	DR0105238	KZ507178.1	96147	96290	C	11.3	0
ERVL	DR0105278	KZ507178.1	97627	97841	C	12.6	0
ERVL	DR0105338	KZ507181.1	64545	65311	C	24.1	0
ERVL	DR0105370	KZ507181.1	75157	75784	+	22.4	0
ERVL	DR0105294	KZ507183.1	54176	54239	C	4.7	0
ERVL	DR0105338	KZ507183.1	89958	90607	+	15.1	0
ERVL	DR0105338	KZ507185.1	47000	47773	C	16.9	0
ERVL	DR0105371	KZ507185.1	99565	99717	+	29.3	0
ERV4	DR0105376	KZ507186.1	26825	27287	+	14.7	0
ERVL	DR0105295	KZ507188.1	14892	14974	C	18.1	0
ERVL	DR0105371	KZ507188.1	39715	40027	C	17.6	0
ERVL	DR0105278	KZ507188.1	85405	85894	C	16.8	0
ERVL	DR0105341	KZ507188.1	91065	91139	C	12.0	0
ERVL	DR0105315	KZ507191.1	25847	26432	+	23.1	0
ERVL	DR0105294	KZ507191.1	63340	64076	+	10.6	0
ERVL	DR0105358	KZ507192.1	4790	4849	+	0.0	0
ERVL	DR0105338	KZ507192.1	56011	56115	+	10.5	0
ERVL	DR0105338	KZ507192.1	97177	97603	C	25.0	0
ERVL	DR0105370	KZ507194.1	27643	28235	+	11.5	0
ERVL	DR0105364	KZ507194.1	74737	75378	+	11.4	0
ERVL	DR0105305	KZ507195.1	492	829	C	24.6	0
ERVL	DR0105305	KZ507195.1	1558	2040	C	29.2	0
ERVL	DR0105278	KZ507198.1	63015	63090	+	9.2	0
ERVL	DR0105305	KZ507201.1	29428	29818	+	25.3	0
ERVL	DR0105327	KZ507202.1	7222	7633	+	15.4	0
ERVL	DR0105338	KZ507202.1	57159	58032	C	27.4	0
ERVL	DR0105358	KZ507203.1	25931	26085	+	10.3	0
ERVL	DR0105338	KZ507204.1	98256	99202	+	18.9	0
ERVL	DR0105370	KZ507207.1	14759	14799	+	7.3	0
ERVL	DR0105358	KZ507207.1	48193	48255	+	6.3	0
ERVL	DR0105315	KZ507208.1	29248	29294	+	8.5	0
ERVL	DR0105305	KZ507209.1	645	831	+	17.3	0
ERVL	DR0105370	KZ507209.1	14109	14686	+	13.9	0
ERVL	DR0105341	KZ507209.1	23020	23252	C	8.8	0
ERVL	DR0105312	KZ507209.1	28667	29132	C	9.0	0
ERVL	DR0105370	KZ507209.1	32191	32786	+	16.1	0
ERVL	DR0105238	KZ507209.1	33066	33809	C	8.4	0
ERVL	DR0105338	KZ507209.1	35033	35861	+	21.6	0
ERVL	DR0105338	KZ507209.1	38983	39996	C	16.1	0
ERVL	DR0105312	KZ507209.1	40757	41139	C	15.0	0
ERV4	DR0105376	KZ507209.1	45398	45654	+	7.8	0
ERV4	DR0105376	KZ507209.1	53127	53261	+	7.6	0
ERVL	DR0105315	KZ507209.1	60958	61457	+	13.6	0
ERVL	DR0105338	KZ507209.1	61463	61520	C	12.1	0
ERVL	DR0105370	KZ507209.1	70669	70858	C	23.4	0
ERV4	DR0105376	KZ507209.1	71254	71388	+	9.1	0
ERVL	DR0105230	KZ507209.1	74751	74854	C	1.0	0
ERVL	DR0105338	KZ507209.1	74858	75888	+	12.6	0
ERV1	DR0105240	KZ507209.1	77371	77966	C	9.2	0
ERVL	DR0105312	KZ507209.1	82114	82310	+	14.5	0
ERVL	DR0105312	KZ507209.1	82319	83403	+	16.3	0
ERVL	DR0105312	KZ507209.1	85857	88444	+	12.4	0
ERVL	DR0105232	KZ507209.1	89134	89652	+	14.3	0
ERVL	DR0105312	KZ507209.1	90225	90526	+	10.6	0
ERVL	DR0105232	KZ507209.1	90578	90763	+	13.6	0
ERVL	DR0105312	KZ507209.1	94362	95235	C	21.5	0
ERVL	DR0105232	KZ507209.1	96770	97281	C	20.3	0
ERVL	DR0105338	KZ507209.1	100578	101529	C	13.7	0
ERVL	DR0105261	KZ507209.1	106232	106314	+	10.8	0
ERVL	DR0105278	KZ507210.1	79995	80479	C	17.0	0
ERVL	DR0105338	KZ507211.1	80694	80938	+	19.9	0
ERVL	DR0105238	KZ507211.1	85911	86020	+	18.5	0
ERV1	DR0105321	KZ507214.1	46381	46394	C	25.0	0
ERVL	DR0105370	KZ507214.1	46395	46978	+	16.2	0
ERVL	DR0105327	KZ507216.1	48061	48138	C	1.3	0
ERVL	DR0105338	KZ507217.1	3	84	+	25.0	0
ERVL	DR0105338	KZ507217.1	2192	2505	+	24.2	0
ERVL	DR0105278	KZ507217.1	5048	5508	C	14.3	0
ERVL	DR0105278	KZ507217.1	5886	5953	C	17.6	0
ERVL	DR0105338	KZ507217.1	27985	28903	+	25.9	0
ERV4	DR0105376	KZ507217.1	49030	49559	C	8.6	0
ERVL	DR0105370	KZ507220.1	58995	59082	+	17.1	0
ERVL	DR0105370	KZ507225.1	99116	99688	C	13.7	0
ERVL	DR0105358	KZ507226.1	70504	70584	C	16.1	0
ERVL	DR0105358	KZ507228.1	96849	97075	C	4.8	0
ERVL	DR0105305	KZ507229.1	50191	51080	+	27.5	0
ERVL	DR0105338	KZ507229.1	96440	96884	+	23.5	0
ERVL	DR0105305	KZ507229.1	100384	100767	+	24.1	0
ERVL	DR0105364	KZ507233.1	61096	61743	+	11.5	0
ERVL	DR0105305	KZ507233.1	84918	85151	C	29.0	0
ERVL	DR0105341	KZ507236.1	1	115	+	7.0	0
ERVL	DR0105338	KZ507236.1	16385	17495	+	16.3	0
ERVL	DR0105364	KZ507236.1	18567	19185	+	10.7	0
ERVL	DR0105295	KZ507236.1	23334	23866	+	23.1	0
ERVL	DR0105294	KZ507236.1	26216	26402	+	8.6	0
ERVL	DR0105358	KZ507236.1	51942	52587	+	5.1	0
ERVL	DR0105278	KZ507237.1	93784	94315	C	14.6	0
ERVL	DR0105278	KZ507238.1	16871	16919	C	10.7	0
ERVL	DR0105338	KZ507238.1	19706	20111	+	21.5	0
ERVL	DR0105338	KZ507238.1	27898	28001	+	21.0	0
ERVL	DR0105338	KZ507240.1	41419	42106	+	20.1	0
ERVL	DR0105278	KZ507240.1	93610	94097	C	11.6	0
ERVL	DR0105371	KZ507242.1	63514	64042	+	14.8	0
ERVL	DR0105338	KZ507245.1	8060	8701	+	24.9	0
ERVL	DR0105370	KZ507245.1	69858	70153	+	22.4	0
ERVL	DR0105315	KZ507245.1	70247	70389	+	28.0	0
ERVL	DR0105278	KZ507256.1	54416	54911	C	17.5	0
ERVL	DR0105370	KZ507256.1	77283	77830	+	22.8	0
ERVL	DR0105358	KZ507259.1	68629	69270	+	4.9	0
ERVL	DR0105370	KZ507260.1	22390	22944	+	18.0	0
ERVL	DR0105315	KZ507260.1	59038	59609	+	21.9	0
ERVL	DR0105351	KZ507262.1	39274	39360	C	18.8	0
ERVL	DR0105371	KZ507262.1	80480	81043	+	14.3	0
ERVL	DR0105294	KZ507262.1	83276	83930	+	6.9	0
ERVL	DR0105371	KZ507262.1	88989	89501	C	14.9	0
ERVL	DR0105305	KZ507264.1	13007	13189	+	23.3	0
ERV4	DR0105376	KZ507264.1	99104	99283	C	5.6	0
ERVL	DR0105230	KZ507265.1	11961	12038	+	11.5	0
ERVL	DR0105364	KZ507265.1	91235	91866	C	11.6	0
ERVL	DR0105370	KZ507266.1	93522	94094	+	16.1	0
ERVL	DR0105338	KZ507268.1	62492	62683	C	17.9	0
ERVL	DR0105338	KZ507268.1	62734	62862	C	24.6	0
ERVL	DR0105278	KZ507271.1	41417	41965	+	15.9	0
ERVL	DR0105261	KZ507271.1	78785	79137	+	14.0	0
ERVL	DR0105278	KZ507274.1	12488	13025	C	17.5	0
ERV4	DR0105376	KZ507274.1	34003	34550	+	16.0	0
ERVL	DR0105371	KZ507274.1	95685	95938	C	14.2	0
ERVL	DR0105370	KZ507274.1	97273	97860	C	10.7	0
ERVL	DR0105312	KZ507275.1	35585	36072	C	15.5	0
ERVL	DR0105232	KZ507275.1	36084	36130	C	17.0	0
ERVL	DR0105358	KZ507275.1	69867	70077	+	9.5	0
ERVL	DR0105364	KZ507275.1	98424	98703	+	12.9	0
ERVL	DR0105364	KZ507278.1	67821	68431	C	11.1	0
ERVL	DR0105278	KZ507279.1	29801	30064	+	11.8	0
ERVL	DR0105278	KZ507282.1	62449	62938	+	15.6	0
ERVL	DR0105261	KZ507283.1	30899	30970	+	20.8	0
ERV4	DR0105376	KZ507284.1	74405	74483	C	11.6	0
ERVL	DR0105294	KZ507285.1	69542	69811	C	11.3	0
ERVL	DR0105294	KZ507285.1	70627	70854	C	11.8	0
ERVL	DR0105341	KZ507286.1	19857	20277	C	10.6	0
ERVL	DR0105327	KZ507287.1	96251	96326	C	6.6	0
ERVL	DR0105338	KZ507291.1	2712	3802	C	13.6	0
ERVL	DR0105364	KZ507291.1	9892	10518	+	8.3	0
ERVL	DR0105232	KZ507291.1	50646	51624	+	11.8	0
ERVL	DR0105238	KZ507291.1	51625	52375	+	11.1	0
ERVL	DR0105312	KZ507291.1	53642	53698	+	8.8	0
ERVL	DR0105341	KZ507291.1	55014	55105	C	4.3	0
ERV4	DR0105376	KZ507291.1	97313	97907	+	7.7	0
ERVL	DR0105294	KZ507295.1	31347	32084	+	8.8	0
ERVL	DR0105371	KZ507295.1	52077	52653	+	13.7	0
ERVL	DR0105338	KZ507296.1	99466	99788	C	11.6	0
ERVL	DR0105238	KZ507297.1	2980	3025	+	13.3	0
ERVL	DR0105338	KZ507297.1	19017	19312	C	21.4	0
ERVL	DR0105295	KZ507297.1	85345	85631	C	14.9	0
ERV4	DR0105376	KZ507299.1	45625	45894	+	13.8	0
ERV4	DR0105376	KZ507299.1	45995	46399	+	10.9	0
ERVL	DR0105305	KZ507301.1	18218	18531	+	30.8	0
ERVL	DR0105294	KZ507305.1	70356	70551	+	6.6	0
ERVL	DR0105278	KZ507310.1	37879	38363	+	16.5	0
ERVL	DR0105278	KZ507310.1	66496	66974	+	18.0	0
ERVL	DR0105371	KZ507311.1	36096	36437	C	15.9	0
ERVL	DR0105295	KZ507311.1	36438	36502	C	15.4	0
ERVL	DR0105305	KZ507311.1	42810	43004	C	32.8	0
ERVL	DR0105371	KZ507311.1	69645	69969	C	15.1	0
ERVL	DR0105371	KZ507311.1	92358	92736	C	14.8	0
ERVL	DR0105278	KZ507312.1	52274	52812	C	13.8	0
ERVL	DR0105370	KZ507312.1	52884	53030	+	13.0	0
ERVL	DR0105315	KZ507314.1	88247	88879	C	21.2	0
ERVL	DR0105370	KZ507314.1	92437	92561	C	10.1	0
ERVL	DR0105358	KZ507316.1	23912	24557	C	6.0	0
ERVL	DR0105364	KZ507317.1	41244	41405	+	4.3	0
ERVL	DR0105364	KZ507318.1	24892	25377	+	10.1	0
ERVL	DR0105370	KZ507318.1	41844	42466	+	28.1	0
ERVL	DR0105338	KZ507318.1	54678	54775	+	17.4	0
ERVL	DR0105358	KZ507318.1	57740	57888	+	4.0	0
ERVL	DR0105338	KZ507320.1	34424	35390	+	24.2	0
ERVL	DR0105238	KZ507320.1	43110	43185	+	6.7	0
ERVL	DR0105312	KZ507320.1	43248	43329	C	5.0	0
ERV1	DR0105240	KZ507320.1	79542	80190	+	12.3	0
ERV4	DR0105376	KZ507320.1	96199	96359	+	6.3	0
ERV4	DR0105376	KZ507323.1	48115	48856	+	5.8	0
ERV1	DR0105240	KZ507323.1	59080	59673	+	11.5	0
ERVL	DR0105370	KZ507329.1	90510	91112	C	13.0	0
ERVL	DR0105230	KZ507331.1	1371	1746	C	15.0	0
ERVL	DR0105338	KZ507331.1	31429	31730	C	10.0	0
ERVL	DR0105261	KZ507331.1	32702	33131	C	13.8	0
ERVL	DR0105294	KZ507331.1	53235	53576	C	10.2	0
ERV1	DR0105321	KZ507331.1	54430	54704	C	26.6	0
ERV4	DR0105376	KZ507331.1	54753	54877	+	24.0	0
ERVL	DR0105327	KZ507331.1	56353	56582	+	7.9	0
ERVL	DR0105327	KZ507331.1	56822	57157	+	8.1	0
ERVL	DR0105312	KZ507331.1	76050	76258	C	31.1	0
ERVL	DR0105312	KZ507331.1	76337	76467	C	18.3	0
ERVL	DR0105230	KZ507331.1	76472	77117	+	17.4	0
ERVL	DR0105312	KZ507331.1	77118	77467	C	14.7	0
ERV1	DR0105240	KZ507331.1	89226	89345	+	20.3	0
ERVL	DR0105338	KZ507335.1	651	1737	+	16.0	0
ERVL	DR0105278	KZ507335.1	37875	38055	+	16.8	0
ERVL	DR0105364	KZ507335.1	78907	79538	+	11.2	0
ERVL	DR0105358	KZ507335.1	88187	88469	C	12.8	0
ERVL	DR0105371	KZ507337.1	43147	43474	C	17.6	0
ERVL	DR0105238	KZ507338.1	1	646	+	8.9	0
ERVL	DR0105327	KZ507338.1	9220	9912	+	11.9	0
ERVL	DR0105278	KZ507339.1	42907	43423	+	13.7	0
ERVL	DR0105315	KZ507339.1	67788	67940	C	25.4	0
ERVL	DR0105315	KZ507339.1	68011	68275	C	19.2	0
ERVL	DR0105338	KZ507339.1	83661	84389	+	24.9	0
ERVL	DR0105305	KZ507346.1	88066	88210	+	31.2	0
ERVL	DR0105370	KZ507349.1	13961	14500	C	24.2	0
ERVL	DR0105278	KZ507349.1	66341	66860	+	16.6	0
ERVL	DR0105338	KZ507350.1	64419	65445	C	17.1	0
ERVL	DR0105371	KZ507352.1	5025	5105	C	15.8	0
ERVL	DR0105338	KZ507352.1	33069	33643	C	24.9	0
ERVL	DR0105315	KZ507355.1	40954	41286	+	17.3	0
ERVL	DR0105338	KZ507358.1	5463	5947	+	14.4	0
ERVL	DR0105338	KZ507358.1	13721	14154	C	25.7	0
ERVL	DR0105370	KZ507358.1	14445	14541	C	20.6	0
ERVL	DR0105305	KZ507358.1	20668	20835	+	28.7	0
ERVL	DR0105315	KZ507358.1	20842	21450	+	21.1	0
ERVL	DR0105341	KZ507358.1	21789	22120	+	11.2	0
ERVL	DR0105238	KZ507358.1	35397	36144	+	9.8	0
ERV1	DR0105342	KZ507358.1	51005	52041	C	18.8	0
ERVL	DR0105370	KZ507358.1	62128	62712	+	13.9	0
ERVL	DR0105294	KZ507358.1	63593	64304	C	10.7	0
ERVL	DR0105338	KZ507358.1	71126	72172	+	24.5	0
ERVL	DR0105371	KZ507361.1	23876	24408	C	12.1	0
ERVL	DR0105315	KZ507364.1	39013	39077	C	16.9	0
ERVL	DR0105371	KZ507365.1	20550	20775	C	10.7	0
ERVL	DR0105278	KZ507366.1	60110	60530	+	20.4	0
ERVL	DR0105294	KZ507368.1	10440	11172	+	11.1	0
ERVL	DR0105278	KZ507371.1	57088	57147	+	10.0	0
ERVL	DR0105315	KZ507373.1	35	376	+	18.8	0
ERVL	DR0105338	KZ507373.1	10901	11106	+	18.4	0
ERVL	DR0105338	KZ507373.1	11304	11433	+	12.5	0
ERVL	DR0105358	KZ507373.1	16669	17194	C	6.3	0
ERVL	DR0105312	KZ507373.1	34284	34562	C	11.1	0
ERVL	DR0105338	KZ507373.1	36801	37544	C	16.4	0
ERVL	DR0105315	KZ507373.1	43467	43973	+	22.3	0
ERVL	DR0105238	KZ507373.1	46628	46710	C	7.2	0
ERVL	DR0105326	KZ507373.1	48359	48471	C	6.4	0
ERVL	DR0105370	KZ507373.1	61220	61313	C	15.0	0
ERVL	DR0105371	KZ507373.1	61316	61543	C	15.0	0
ERVL	DR0105238	KZ507373.1	72408	73178	C	70.3	0
ERVL	DR0105230	KZ507373.1	73772	74410	+	16.4	0
ERVL	DR0105294	KZ507373.1	75123	75653	+	6.2	0
ERVL	DR0105338	KZ507373.1	86890	87835	C	17.2	0
ERVL	DR0105338	KZ507373.1	88105	88392	C	12.8	0
ERVL	DR0105370	KZ507373.1	88399	89056	+	22.6	0
ERVL	DR0105371	KZ507376.1	12199	12550	+	14.0	0
ERV4	DR0105376	KZ507377.1	9935	10440	+	17.1	0
ERVL	DR0105364	KZ507377.1	42361	42597	C	10.1	0
ERV1	DR0105321	KZ507379.1	55709	56380	C	12.4	0
ERVL	DR0105370	KZ507381.1	76435	77013	C	15.2	0
ERVL	DR0105371	KZ507381.1	84060	84652	+	13.4	0
ERVL	DR0105371	KZ507381.1	90297	90861	+	15.0	0
ERVL	DR0105370	KZ507383.1	18961	19560	C	21.0	0
ERVL	DR0105370	KZ507383.1	71235	71557	+	18.3	0
ERVL	DR0105371	KZ507385.1	39159	39738	C	13.5	0
ERVL	DR0105338	KZ507386.1	62419	63480	C	14.9	0
ERVL	DR0105371	KZ507388.1	53466	54065	+	14.5	0
ERVL	DR0105338	KZ507392.1	3967	4540	+	24.1	0
ERVL	DR0105370	KZ507392.1	68250	69632	+	22.6	0
ERVL	DR0105326	KZ507393.1	21577	21703	+	12.6	0
ERVL	DR0105278	KZ507398.1	6875	7303	C	18.2	0
ERVL	DR0105338	KZ507398.1	54039	54601	+	14.2	0
ERVL	DR0105327	KZ507400.1	27585	27629	+	13.3	0
ERVL	DR0105358	KZ507400.1	65142	65775	C	11.0	0
ERVL	DR0105305	KZ507404.1	53083	53429	C	24.7	0
ERVL	DR0105305	KZ507404.1	53605	53829	C	26.1	0
ERVL	DR0105358	KZ507406.1	63504	64144	+	7.5	0
ERVL	DR0105305	KZ507407.1	83957	84185	+	30.4	0
ERVL	DR0105305	KZ507407.1	84344	84564	+	28.4	0
ERVL	DR0105364	KZ507407.1	86433	86884	C	11.9	0
ERVL	DR0105238	KZ507408.1	1	433	C	7.4	0
ERVL	DR0105370	KZ507408.1	22878	23754	+	20.6	0
ERVL	DR0105338	KZ507408.1	23812	24371	C	18.8	0
ERVL	DR0105312	KZ507408.1	24709	24964	+	34.6	0
ERVL	DR0105312	KZ507408.1	25012	25241	+	19.1	0
ERVL	DR0105370	KZ507408.1	28954	29051	+	13.3	0
ERVL	DR0105338	KZ507408.1	29646	30493	+	23.2	0
ERVL	DR0105294	KZ507408.1	30754	31038	C	10.2	0
ERVL	DR0105238	KZ507408.1	39260	39361	C	8.8	0
ERVL	DR0105238	KZ507408.1	47503	47960	+	8.1	0
ERVL	DR0105338	KZ507408.1	52146	52848	C	24.7	0
ERVL	DR0105338	KZ507408.1	94572	95193	+	17.6	0
ERVL	DR0105338	KZ507409.1	76113	76174	+	13.1	0
ERVL	DR0105338	KZ507415.1	72367	73122	C	26.0	0
ERVL	DR0105370	KZ507415.1	76556	76827	C	16.7	0
ERVL	DR0105358	KZ507416.1	41010	41230	C	12.2	0
ERV4	DR0105376	KZ507419.1	3745	4453	C	14.7	0
ERVL	DR0105370	KZ507419.1	34249	34824	C	20.2	0
ERVL	DR0105238	KZ507419.1	36787	36866	+	14.5	0
ERVL	DR0105230	KZ507419.1	47461	48080	+	6.8	0
ERVL	DR0105341	KZ507419.1	58164	58226	+	7.9	0
ERVL	DR0105278	KZ507419.1	58617	59035	+	16.4	0
ERVL	DR0105315	KZ507419.1	63029	63263	C	27.0	0
ERVL	DR0105295	KZ507419.1	63281	63553	C	20.9	0
ERVL	DR0105294	KZ507419.1	74809	75459	C	8.5	0
ERVL	DR0105261	KZ507419.1	88686	88823	+	15.7	0
ERVL	DR0105338	KZ507419.1	90095	90285	C	15.3	0
ERVL	DR0105305	KZ507420.1	7115	7404	C	27.4	0
ERVL	DR0105371	KZ507420.1	72575	72740	+	19.1	0
ERVL	DR0105358	KZ507422.1	69623	69691	+	13.0	0
ERVL	DR0105238	KZ507426.1	35882	35985	+	21.0	0
ERVL	DR0105364	KZ507426.1	44932	45628	C	9.9	0
ERVL	DR0105358	KZ507426.1	46604	46677	C	5.4	0
ERVL	DR0105364	KZ507426.1	64035	64700	C	11.4	0
ERVL	DR0105261	KZ507431.1	1170	1469	+	12.6	0
ERVL	DR0105358	KZ507436.1	32713	32883	+	6.4	0
ERVL	DR0105338	KZ507436.1	34808	35814	+	15.9	0
ERVL	DR0105370	KZ507438.1	14933	15210	C	21.1	0
ERVL	DR0105370	KZ507438.1	19116	19678	C	19.1	0
ERVL	DR0105358	KZ507439.1	49730	49775	+	4.3	0
ERVL	DR0105358	KZ507439.1	50311	50402	+	5.4	0
ERVL	DR0105294	KZ507441.1	15550	16245	C	9.4	0
ERVL	DR0105312	KZ507441.1	43011	43227	C	27.0	0
ERVL	DR0105327	KZ507441.1	47469	47665	+	5.1	0
ERV4	DR0105376	KZ507441.1	65855	66027	+	5.6	0
ERVL	DR0105341	KZ507441.1	66468	66596	C	11.0	0
ERV4	DR0105376	KZ507441.1	66597	67069	+	7.0	0
ERVL	DR0105358	KZ507441.1	67489	68151	C	57.5	0
ERV1	DR0105240	KZ507441.1	73652	73870	C	24.6	0
ERVL	DR0105312	KZ507441.1	79127	80171	+	15.6	0
ERVL	DR0105370	KZ507441.1	83502	83951	+	11.4	0
ERVL	DR0105278	KZ507441.1	85098	85294	+	8.7	0
ERV1	DR0105321	KZ507441.1	92324	92413	+	13.6	0
ERV1	DR0105321	KZ507443.1	45140	45389	+	10.0	0
ERVL	DR0105358	KZ507445.1	3374	4018	C	5.5	0
ERVL	DR0105315	KZ507445.1	4323	4898	+	26.7	0
ERVL	DR0105370	KZ507449.1	324	918	C	14.1	0
ERV4	DR0105376	KZ507449.1	22478	23022	C	16.4	0
ERVL	DR0105338	KZ507451.1	75221	76239	C	16.4	0
ERV1	DR0105321	KZ507452.1	3433	4219	C	13.4	0
ERVL	DR0105278	KZ507455.1	22604	22810	+	10.4	0
ERVL	DR0105278	KZ507456.1	26860	27369	C	13.9	0
ERVL	DR0105295	KZ507457.1	66374	66651	+	19.4	0
ERVL	DR0105315	KZ507457.1	66730	66891	+	20.3	0
ERVL	DR0105238	KZ507458.1	18504	18709	C	6.8	0
ERVL	DR0105315	KZ507458.1	69198	69771	C	24.0	0
ERVL	DR0105238	KZ507458.1	71259	71655	C	9.7	0
ERVL	DR0105315	KZ507459.1	32967	33496	C	23.0	0
ERVL	DR0105370	KZ507460.1	66498	66565	C	20.9	0
ERVL	DR0105315	KZ507460.1	66669	66905	C	22.3	0
ERVL	DR0105315	KZ507463.1	58970	59017	+	8.3	0
ERVL	DR0105338	KZ507463.1	69346	69954	C	23.5	0
ERVL	DR0105338	KZ507464.1	19300	20446	C	17.4	0
ERV4	DR0105376	KZ507464.1	22015	22721	C	13.1	0
ERVL	DR0105370	KZ507464.1	33104	33659	+	16.7	0
ERVL	DR0105371	KZ507464.1	80975	81554	C	14.3	0
ERVL	DR0105371	KZ507465.1	41990	42294	+	17.6	0
ERVL	DR0105370	KZ507465.1	78977	79147	C	21.6	0
ERVL	DR0105338	KZ507467.1	36704	36803	+	18.2	0
ERVL	DR0105370	KZ507471.1	36597	36800	+	15.7	0
ERVL	DR0105364	KZ507472.1	10053	10362	+	12.0	0
ERVL	DR0105338	KZ507472.1	65183	66302	+	15.7	0
ERVL	DR0105278	KZ507472.1	82994	83293	+	18.5	0
ERVL	DR0105358	KZ507474.1	71773	72407	+	13.0	0
ERVL	DR0105370	KZ507475.1	12806	13199	C	22.1	0
ERVL	DR0105315	KZ507476.1	18812	19409	+	22.5	0
ERVL	DR0105371	KZ507481.1	11236	11655	C	10.2	0
ERV4	DR0105376	KZ507482.1	3985	4141	C	18.6	0
ERVL	DR0105358	KZ507484.1	27937	28512	+	9.8	0
ERVL	DR0105338	KZ507484.1	35517	36594	+	19.5	0
ERVL	DR0105370	KZ507484.1	37865	38452	+	18.6	0
ERVL	DR0105338	KZ507484.1	39772	40646	+	25.0	0
ERVL	DR0105238	KZ507484.1	57190	57949	C	12.6	0
ERVL	DR0105294	KZ507484.1	60503	60658	+	8.6	0
ERVL	DR0105338	KZ507484.1	67686	67760	+	17.6	0
ERVL	DR0105305	KZ507484.1	67800	67922	+	27.9	0
ERVL	DR0105278	KZ507488.1	62853	63126	C	16.1	0
ERVL	DR0105338	KZ507489.1	28154	29189	+	16.6	0
ERVL	DR0105370	KZ507489.1	59604	59811	+	14.1	0
ERVL	DR0105338	KZ507492.1	58276	59378	C	20.4	0
ERVL	DR0105294	KZ507492.1	71269	72004	C	7.7	0
ERVL	DR0105370	KZ507493.1	4879	5424	C	14.9	0
ERVL	DR0105238	KZ507495.1	72371	72743	C	11.1	0
ERVL	DR0105315	KZ507497.1	8906	9004	+	20.4	0
ERVL	DR0105370	KZ507500.1	24485	24688	C	15.7	0
ERVL	DR0105261	KZ507500.1	32007	32416	+	15.5	0
ERVL	DR0105338	KZ507504.1	52240	52381	+	21.3	0
ERVL	DR0105294	KZ507507.1	67502	68078	C	9.9	0
ERVL	DR0105278	KZ507507.1	72638	73126	C	14.9	0
ERVL	DR0105338	KZ507507.1	85629	85742	C	18.2	0
ERVL	DR0105326	KZ507509.1	28893	28929	+	13.5	0
ERVL	DR0105338	KZ507510.1	21063	22081	+	13.2	0
ERVL	DR0105294	KZ507512.1	1	165	C	9.1	0
ERVL	DR0105338	KZ507512.1	303	1047	+	16.8	0
ERVL	DR0105278	KZ507512.1	1527	1629	+	17.5	0
ERVL	DR0105278	KZ507512.1	2576	2764	+	11.4	0
ERVL	DR0105371	KZ507512.1	2910	3083	+	14.4	0
ERVL	DR0105341	KZ507512.1	7094	7344	+	8.4	0
ERVL	DR0105338	KZ507512.1	12558	13631	+	13.2	0
ERV1	DR0105240	KZ507512.1	17216	17250	+	5.7	0
ERVL	DR0105261	KZ507512.1	25228	25640	+	15.2	0
ERVL	DR0105370	KZ507512.1	29779	30285	+	21.3	0
ERVL	DR0105278	KZ507512.1	31121	31555	+	14.1	0
ERVL	DR0105294	KZ507512.1	34836	35000	+	9.7	0
ERV1	DR0105240	KZ507512.1	35745	35867	+	18.3	0
ERVL	DR0105338	KZ507512.1	45603	46376	C	13.1	0
ERVL	DR0105238	KZ507512.1	54478	54750	+	8.8	0
ERVL	DR0105312	KZ507512.1	72067	73426	+	13.5	0
ERVL	DR0105312	KZ507512.1	73431	74160	+	18.2	0
ERVL	DR0105295	KZ507512.1	79192	79727	+	18.8	0
ERVL	DR0105338	KZ507512.1	81077	82035	C	21.7	0
ERVL	DR0105370	KZ507512.1	83844	85310	C	11.9	0
ERVL	DR0105370	KZ507512.1	85957	86087	C	18.0	0
ERVL	DR0105315	KZ507514.1	38332	38400	C	10.1	0
ERV4	DR0105376	KZ507514.1	84228	84352	+	13.2	0
ERVL	DR0105338	KZ507517.1	2	675	+	22.0	0
ERVL	DR0105371	KZ507517.1	692	1016	+	13.9	0
ERVL	DR0105315	KZ507517.1	1220	1310	C	11.0	0
ERVL	DR0105358	KZ507517.1	6658	7302	C	12.4	0
ERVL	DR0105315	KZ507517.1	20549	20636	+	15.9	0
ERVL	DR0105338	KZ507517.1	20933	21231	+	23.9	0
ERVL	DR0105370	KZ507517.1	22252	22832	C	12.8	0
ERVL	DR0105278	KZ507517.1	52455	53003	+	16.1	0
ERVL	DR0105370	KZ507517.1	67551	67948	+	16.7	0
ERVL	DR0105371	KZ507517.1	67954	68043	+	18.9	0
ERVL	DR0105364	KZ507520.1	37061	37692	+	11.9	0
ERVL	DR0105294	KZ507521.1	74535	74598	C	17.2	0
ERV4	DR0105376	KZ507523.1	32000	32150	C	6.8	0
ERVL	DR0105358	KZ507523.1	54260	54417	C	3.2	0
ERVL	DR0105371	KZ507524.1	34746	34859	+	11.4	0
ERVL	DR0105295	KZ507529.1	4164	4706	+	24.2	0
ERVL	DR0105278	KZ507539.1	86345	86821	+	13.9	0
ERVL	DR0105358	KZ507540.1	27924	28031	C	10.2	0
ERVL	DR0105278	KZ507543.1	19186	19430	+	12.3	0
ERVL	DR0105261	KZ507545.1	79722	79802	+	20.0	0
ERVL	DR0105261	KZ507545.1	79845	80165	C	16.1	0
ERVL	DR0105371	KZ507546.1	35517	36106	+	14.4	0
ERVL	DR0105370	KZ507546.1	41776	41854	+	22.8	0
ERVL	DR0105370	KZ507546.1	44070	44451	C	16.0	0
ERVL	DR0105261	KZ507546.1	51368	51840	+	16.4	0
ERV4	DR0105376	KZ507546.1	61414	61529	C	20.1	0
ERVL	DR0105315	KZ507546.1	71715	72082	C	21.3	0
ERVL	DR0105370	KZ507546.1	76533	77094	+	15.5	0
ERVL	DR0105370	KZ507547.1	31043	31416	+	21.4	0
ERVL	DR0105232	KZ507550.1	7945	8017	+	12.3	0
ERVL	DR0105338	KZ507550.1	23962	24719	+	23.1	0
ERVL	DR0105371	KZ507550.1	81835	82039	C	17.4	0
ERVL	DR0105278	KZ507551.1	18836	19404	C	21.2	0
ERVL	DR0105341	KZ507551.1	76654	76981	+	15.8	0
ERVL	DR0105294	KZ507551.1	84645	84679	C	2.9	0
ERVL	DR0105278	KZ507552.1	38273	38486	+	14.1	0
ERVL	DR0105278	KZ507553.1	65717	66222	C	15.8	0
ERVL	DR0105364	KZ507554.1	1	513	+	9.7	0
ERVL	DR0105370	KZ507554.1	15085	15854	C	15.1	0
ERV4	DR0105376	KZ507554.1	34880	35622	C	56.8	0
ERVL	DR0105230	KZ507554.1	54211	54844	C	17.6	0
ERVL	DR0105312	KZ507554.1	67586	69188	C	16.9	0
ERVL	DR0105338	KZ507554.1	73318	74416	+	13.2	0
ERV1	DR0105321	KZ507554.1	80794	81610	+	9.0	0
ERVL	DR0105338	KZ507558.1	17391	18454	+	17.2	0
ERVL	DR0105364	KZ507558.1	22872	23357	+	14.3	0
ERVL	DR0105294	KZ507558.1	23358	24087	+	10.5	0
ERVL	DR0105364	KZ507558.1	24090	24141	+	17.3	0
ERVL	DR0105305	KZ507562.1	45918	46216	+	24.6	0
ERVL	DR0105370	KZ507562.1	48425	48916	C	11.6	0
ERVL	DR0105338	KZ507562.1	64848	65958	+	12.2	0
ERVL	DR0105358	KZ507564.1	4300	4942	C	12.3	0
ERVL	DR0105338	KZ507564.1	12402	12718	C	24.9	0
ERV1	DR0105342	KZ507564.1	20313	20957	C	21.8	0
ERVL	DR0105338	KZ507564.1	40634	41331	+	25.7	0
ERV4	DR0105376	KZ507564.1	46306	46488	C	29.9	0
ERV4	DR0105376	KZ507564.1	46559	46808	C	22.8	0
ERVL	DR0105364	KZ507564.1	50170	50251	+	13.4	0
ERVL	DR0105338	KZ507564.1	50559	50812	C	21.2	0
ERVL	DR0105338	KZ507564.1	55986	56464	C	22.8	0
ERVL	DR0105371	KZ507564.1	61791	61912	C	26.3	0
ERVL	DR0105341	KZ507564.1	82724	82826	+	6.8	0
ERVL	DR0105370	KZ507570.1	34854	35433	+	12.7	0
ERVL	DR0105338	KZ507570.1	36118	36726	+	21.2	0
ERVL	DR0105370	KZ507571.1	5877	6040	C	22.1	0
ERV4	DR0105376	KZ507571.1	43501	44255	C	8.2	0
ERVL	DR0105238	KZ507571.1	81556	81664	C	15.9	0
ERVL	DR0105371	KZ507572.1	34681	34785	+	20.6	0
ERVL	DR0105370	KZ507573.1	2776	2913	C	16.7	0
ERVL	DR0105338	KZ507573.1	11300	12044	+	25.8	0
ERVL	DR0105370	KZ507573.1	40539	41150	C	11.8	0
ERVL	DR0105371	KZ507577.1	1	170	+	11.9	0
ERVL	DR0105358	KZ507577.1	2076	2717	+	3.1	0
ERVL	DR0105278	KZ507577.1	9077	9553	C	13.9	0
ERVL	DR0105358	KZ507577.1	61975	62320	+	11.8	0
ERVL	DR0105358	KZ507577.1	62398	62519	C	9.8	0
ERVL	DR0105315	KZ507577.1	66560	67106	+	22.3	0
ERVL	DR0105338	KZ507577.1	76319	76384	C	6.1	0
ERVL	DR0105338	KZ507577.1	85045	85147	C	8.8	0
ERVL	DR0105295	KZ507580.1	48875	49408	C	23.6	0
ERV1	DR0105225	KZ507580.1	66582	66719	C	7.4	0
ERVL	DR0105370	KZ507584.1	53525	54186	+	14.1	0
ERVL	DR0105364	KZ507585.1	33663	33853	C	9.4	0
ERVL	DR0105371	KZ507585.1	70826	71374	+	13.6	0
ERVL	DR0105371	KZ507587.1	2040	2619	C	14.3	0
ERVL	DR0105370	KZ507588.1	30551	31103	+	18.6	0
ERVL	DR0105364	KZ507590.1	14865	15503	C	10.6	0
ERVL	DR0105370	KZ507592.1	33911	34115	+	10.8	0
ERVL	DR0105294	KZ507592.1	36111	36469	+	15.7	0
ERVL	DR0105278	KZ507593.1	6941	7382	C	16.0	0
ERVL	DR0105370	KZ507594.1	73341	73654	+	16.3	0
ERVL	DR0105370	KZ507606.1	754	1042	+	16.0	0
ERVL	DR0105238	KZ507607.1	26052	26104	C	3.8	0
ERVL	DR0105261	KZ507608.1	21828	22256	+	13.8	0
ERVL	DR0105370	KZ507609.1	25308	25439	+	9.8	0
ERVL	DR0105230	KZ507610.1	11678	11724	+	12.8	0
ERVL	DR0105278	KZ507615.1	61314	61834	+	17.1	0
ERVL	DR0105358	KZ507618.1	152	230	+	14.1	0
ERVL	DR0105230	KZ507623.1	23547	23592	+	8.7	0
ERVL	DR0105338	KZ507623.1	28473	29223	C	24.0	0
ERVL	DR0105370	KZ507626.1	38097	38452	+	17.2	0
ERVL	DR0105338	KZ507627.1	6282	6703	+	22.5	0
ERVL	DR0105338	KZ507629.1	19821	20078	C	20.0	0
ERVL	DR0105338	KZ507629.1	20946	21348	C	17.1	0
ERVL	DR0105371	KZ507632.1	56160	56727	+	13.8	0
ERVL	DR0105370	KZ507635.1	59466	60041	C	11.6	0
ERVL	DR0105371	KZ507636.1	14727	14995	C	20.1	0
ERVL	DR0105338	KZ507636.1	19006	19880	C	18.0	0
ERVL	DR0105327	KZ507636.1	62474	63025	C	11.6	0
ERVL	DR0105370	KZ507639.1	40363	40971	C	18.1	0
ERVL	DR0105370	KZ507640.1	60876	60975	C	17.0	0
ERVL	DR0105278	KZ507640.1	68956	69176	+	12.7	0
ERVL	DR0105278	KZ507643.1	67306	67840	C	14.6	0
ERVL	DR0105371	KZ507644.1	9716	10276	+	12.9	0
ERVL	DR0105278	KZ507644.1	25148	25469	+	14.9	0
ERVL	DR0105371	KZ507645.1	5680	6218	C	13.4	0
ERVL	DR0105294	KZ507646.1	9141	9677	+	9.3	0
ERVL	DR0105371	KZ507647.1	55626	56194	C	13.6	0
ERVL	DR0105315	KZ507647.1	76669	76926	+	28.4	0
ERVL	DR0105370	KZ507648.1	9779	10297	+	14.9	0
ERVL	DR0105338	KZ507656.1	23475	23955	C	22.6	0
ERVL	DR0105338	KZ507659.1	52318	52658	C	23.5	0
ERVL	DR0105232	KZ507660.1	46023	46387	+	15.7	0
ERV1	DR0105240	KZ507660.1	47470	47555	+	17.9	0
ERVL	DR0105338	KZ507660.1	54907	55708	+	19.8	0
ERVL	DR0105370	KZ507662.1	8491	8943	C	21.4	0
ERVL	DR0105338	KZ507665.1	28562	29217	C	26.6	0
ERVL	DR0105358	KZ507668.1	65446	65478	C	3.0	0
ERV1	DR0105225	KZ507669.1	60051	60171	C	24.0	0
ERVL	DR0105294	KZ507670.1	35024	35261	+	8.8	0
ERVL	DR0105370	KZ507675.1	72756	73344	+	16.0	0
ERVL	DR0105278	KZ507675.1	74813	74949	C	17.1	0
ERVL	DR0105338	KZ507677.1	51421	52224	+	23.9	0
ERVL	DR0105364	KZ507679.1	4778	5414	+	13.0	0
ERVL	DR0105370	KZ507682.1	5630	6246	C	63.3	0
ERVL	DR0105312	KZ507683.1	28752	28800	C	16.7	0
ERVL	DR0105315	KZ507683.1	35908	36200	+	27.2	0
ERVL	DR0105370	KZ507683.1	36281	36427	+	24.4	0
ERVL	DR0105295	KZ507683.1	44644	44822	+	25.7	0
ERVL	DR0105294	KZ507685.1	34306	34466	+	8.7	0
ERVL	DR0105364	KZ507687.1	40109	40763	C	11.2	0
ERVL	DR0105338	KZ507689.1	3787	4860	C	16.7	0
ERVL	DR0105238	KZ507691.1	7	140	+	18.2	0
ERVL	DR0105294	KZ507691.1	9782	10379	C	10.4	0
ERVL	DR0105232	KZ507691.1	17541	19153	+	12.0	0
ERVL	DR0105315	KZ507691.1	75135	75884	+	22.6	0
ERVL	DR0105312	KZ507691.1	76102	76287	+	36.5	0
ERVL	DR0105232	KZ507691.1	76551	76961	+	30.8	0
ERVL	DR0105364	KZ507693.1	37921	38080	+	6.9	0
ERVL	DR0105305	KZ507694.1	34455	34621	+	26.2	0
ERVL	DR0105305	KZ507694.1	34636	35020	+	23.8	0
ERVL	DR0105305	KZ507694.1	35122	35247	+	20.1	0
ERVL	DR0105230	KZ507696.1	20169	20221	+	11.3	0
ERVL	DR0105338	KZ507701.1	55105	55751	+	21.7	0
ERVL	DR0105338	KZ507702.1	5778	5915	+	26.8	0
ERVL	DR0105338	KZ507702.1	5951	6515	+	23.0	0
ERVL	DR0105370	KZ507702.1	17378	17970	C	21.0	0
ERV4	DR0105376	KZ507702.1	26213	26901	C	14.7	0
ERVL	DR0105327	KZ507706.1	23244	23283	+	10.0	0
ERVL	DR0105371	KZ507708.1	43951	44523	+	16.5	0
ERVL	DR0105370	KZ507708.1	61586	62159	C	17.4	0
ERVL	DR0105341	KZ507708.1	76735	76928	C	7.4	0
ERVL	DR0105261	KZ507711.1	14035	14186	C	11.8	0
ERVL	DR0105364	KZ507711.1	41707	41866	C	5.6	0
ERVL	DR0105305	KZ507712.1	8926	9124	C	20.8	0
ERVL	DR0105305	KZ507712.1	9144	9308	C	24.5	0
ERVL	DR0105338	KZ507712.1	29622	29707	+	20.7	0
ERVL	DR0105315	KZ507712.1	29737	29969	+	20.7	0
ERVL	DR0105338	KZ507712.1	51482	51997	C	26.4	0
ERVL	DR0105278	KZ507712.1	57732	58243	+	16.3	0
ERVL	DR0105278	KZ507719.1	13957	14388	+	17.8	0
ERV1	DR0105240	KZ507721.1	61474	61599	+	26.8	0
ERVL	DR0105305	KZ507727.1	18219	18489	C	27.8	0
ERVL	DR0105338	KZ507727.1	29388	30113	+	25.5	0
ERVL	DR0105338	KZ507727.1	68859	69153	C	12.7	0
ERVL	DR0105315	KZ507728.1	36732	37321	+	24.4	0
ERVL	DR0105327	KZ507728.1	64159	64871	C	9.0	0
ERV1	DR0105321	KZ507730.1	75851	75940	+	12.2	0
ERVL	DR0105341	KZ507732.1	5255	5649	+	14.2	0
ERVL	DR0105341	KZ507732.1	31303	31747	+	9.6	0
ERVL	DR0105294	KZ507735.1	33627	33705	C	8.9	0
ERVL	DR0105370	KZ507736.1	1183	1325	+	21.0	0
ERVL	DR0105294	KZ507737.1	23273	24003	+	9.7	0
ERVL	DR0105370	KZ507737.1	31083	31701	C	26.5	0
ERVL	DR0105370	KZ507737.1	37301	37646	+	17.4	0
ERVL	DR0105338	KZ507737.1	55591	55694	+	21.6	0
ERVL	DR0105338	KZ507737.1	55732	56073	+	26.0	0
ERVL	DR0105305	KZ507737.1	56662	56750	+	36.5	0
ERVL	DR0105315	KZ507738.1	61322	61444	+	24.4	0
ERVL	DR0105238	KZ507739.1	75787	76513	+	13.3	0
ERVL	DR0105341	KZ507739.1	76763	76814	+	5.8	0
ERVL	DR0105371	KZ507743.1	47474	48055	C	13.7	0
ERVL	DR0105341	KZ507744.1	1	150	+	5.3	0
ERVL	DR0105278	KZ507744.1	6125	6637	+	13.9	0
ERV4	DR0105376	KZ507744.1	45169	45410	+	10.0	0
ERV4	DR0105376	KZ507744.1	45421	45470	+	4.1	0
ERV4	DR0105376	KZ507744.1	45485	45852	+	11.2	0
ERVL	DR0105278	KZ507745.1	75187	75563	+	10.7	0
ERVL	DR0105338	KZ507746.1	1	265	+	24.8	0
ERVL	DR0105278	KZ507746.1	49252	49589	C	16.9	0
ERVL	DR0105338	KZ507746.1	69958	70201	+	22.2	0
ERVL	DR0105338	KZ507746.1	70202	70299	+	24.5	0
ERVL	DR0105312	KZ507749.1	75301	75670	+	16.2	0
ERVL	DR0105338	KZ507752.1	3053	3572	+	24.5	0
ERVL	DR0105238	KZ507753.1	17350	17458	+	8.4	0
ERVL	DR0105238	KZ507755.1	20498	20785	+	16.2	0
ERVL	DR0105370	KZ507755.1	25791	25911	C	11.6	0
ERVL	DR0105371	KZ507763.1	58989	59543	C	14.5	0
ERVL	DR0105278	KZ507765.1	14893	15362	+	14.4	0
ERVL	DR0105305	KZ507765.1	61007	61311	C	19.9	0
ERVL	DR0105371	KZ507769.1	63388	63957	C	15.3	0
ERVL	DR0105358	KZ507772.1	4191	4307	C	2.6	0
ERV1	DR0105240	KZ507772.1	9888	10433	+	6.0	0
ERV4	DR0105376	KZ507772.1	13253	13892	C	5.5	0
ERV1	DR0105321	KZ507772.1	27530	28123	+	13.8	0
ERV1	DR0105321	KZ507772.1	28400	28666	+	4.8	0
ERVL	DR0105294	KZ507772.1	44826	45528	C	44.2	0
ERVL	DR0105230	KZ507772.1	61332	61966	C	18.8	0
ERVL	DR0105315	KZ507772.1	65143	65529	C	21.5	0
ERVL	DR0105312	KZ507772.1	72117	72256	C	8.5	0
ERVL	DR0105294	KZ507772.1	73628	74348	C	6.5	0
ERVL	DR0105315	KZ507774.1	522	1151	C	25.4	0
ERVL	DR0105261	KZ507774.1	49447	49543	C	13.4	0
ERVL	DR0105370	KZ507774.1	56458	56572	C	16.5	0
ERVL	DR0105238	KZ507778.1	3270	4004	C	9.9	0
ERVL	DR0105278	KZ507778.1	5251	5773	C	11.6	0
ERVL	DR0105305	KZ507778.1	59757	59802	C	23.9	0
ERVL	DR0105315	KZ507778.1	62743	63235	+	17.7	0
ERVL	DR0105238	KZ507779.1	1	62	+	4.8	0
ERVL	DR0105327	KZ507779.1	764	1442	C	8.7	0
ERVL	DR0105370	KZ507779.1	4674	5265	C	11.5	0
ERVL	DR0105295	KZ507779.1	67518	67787	+	12.6	0
ERVL	DR0105278	KZ507779.1	70658	71132	+	15.9	0
ERVL	DR0105370	KZ507780.1	3260	3437	C	11.2	0
ERVL	DR0105364	KZ507780.1	9933	10409	C	11.2	0
ERVL	DR0105232	KZ507780.1	11384	13147	+	11.0	0
ERVL	DR0105232	KZ507780.1	14693	14844	+	13.8	0
ERVL	DR0105358	KZ507780.1	32065	32185	C	0.0	0
ERVL	DR0105232	KZ507780.1	68715	69877	+	12.8	0
ERVL	DR0105232	KZ507780.1	74085	74253	+	13.6	0
ERVL	DR0105312	KZ507781.1	62029	62499	+	20.4	0
ERVL	DR0105312	KZ507781.1	62510	62596	+	26.4	0
ERVL	DR0105358	KZ507786.1	23634	24279	C	12.4	0
ERVL	DR0105364	KZ507787.1	10944	11391	C	12.9	0
ERVL	DR0105305	KZ507787.1	30917	31117	C	27.4	0
ERVL	DR0105294	KZ507787.1	46382	46626	C	8.6	0
ERV4	DR0105376	KZ507787.1	67734	67957	+	30.8	0
ERV4	DR0105376	KZ507787.1	68007	68055	+	24.5	0
ERV4	DR0105376	KZ507788.1	37188	37361	+	27.4	0
ERV1	DR0105321	KZ507794.1	22215	22342	C	20.8	0
ERV1	DR0105321	KZ507794.1	22419	22748	C	22.5	0
ERVL	DR0105371	KZ507794.1	27190	27775	C	15.0	0
ERVL	DR0105294	KZ507794.1	51708	52102	C	12.3	0
ERVL	DR0105294	KZ507794.1	52099	52369	C	8.9	0
ERVL	DR0105370	KZ507795.1	22237	22558	+	13.0	0
ERVL	DR0105371	KZ507798.1	66348	66878	C	15.3	0
ERVL	DR0105370	KZ507799.1	9593	10098	C	10.7	0
ERVL	DR0105315	KZ507799.1	10142	10227	C	13.9	0
ERV4	DR0105376	KZ507800.1	28775	29534	C	6.3	0
ERVL	DR0105326	KZ507809.1	17134	17392	C	17.4	0
ERV4	DR0105376	KZ507809.1	28660	28777	+	10.8	0
ERV4	DR0105376	KZ507809.1	29260	29380	+	6.8	0
ERVL	DR0105305	KZ507809.1	60184	60286	+	27.2	0
ERVL	DR0105338	KZ507809.1	60764	60950	+	26.7	0
ERVL	DR0105370	KZ507811.1	1094	1353	+	17.4	0
ERVL	DR0105370	KZ507813.1	14863	15034	+	12.2	0
ERVL	DR0105312	KZ507814.1	22955	23149	+	12.9	0
ERVL	DR0105371	KZ507818.1	3368	3968	+	15.7	0
ERVL	DR0105295	KZ507820.1	27827	28142	+	20.2	0
ERVL	DR0105295	KZ507820.1	28154	28273	+	19.0	0
ERVL	DR0105370	KZ507826.1	44221	44775	C	13.3	0
ERVL	DR0105278	KZ507827.1	22808	23332	+	14.5	0
ERVL	DR0105294	KZ507827.1	57964	58696	C	10.1	0
ERVL	DR0105370	KZ507828.1	3905	3963	+	20.3	0
ERVL	DR0105278	KZ507828.1	6015	6450	C	14.5	0
ERVL	DR0105338	KZ507828.1	51019	51627	+	15.8	0
ERVL	DR0105338	KZ507828.1	51630	51723	+	8.5	0
ERVL	DR0105364	KZ507836.1	17895	18058	+	9.3	0
ERVL	DR0105364	KZ507836.1	66828	67446	C	12.9	0
ERVL	DR0105371	KZ507836.1	70940	71041	C	20.6	0
ERV1	DR0105225	KZ507837.1	32092	32148	+	18.6	0
ERVL	DR0105238	KZ507837.1	36191	36287	C	8.2	0
ERVL	DR0105338	KZ507837.1	56777	56972	C	17.6	0
ERVL	DR0105338	KZ507837.1	58039	58370	C	18.6	0
ERVL	DR0105278	KZ507840.1	1	435	+	17.7	0
ERVL	DR0105295	KZ507840.1	23186	23727	+	24.2	0
ERVL	DR0105358	KZ507841.1	42817	42884	+	5.9	0
ERVL	DR0105294	KZ507843.1	11614	12354	C	9.3	0
ERVL	DR0105315	KZ507843.1	53722	54279	+	23.6	0
ERVL	DR0105370	KZ507843.1	71439	71841	C	23.6	0
ERVL	DR0105338	KZ507845.1	66009	66105	+	16.3	0
ERVL	DR0105238	KZ507846.1	10109	10395	C	16.9	0
ERVL	DR0105294	KZ507847.1	22770	23060	+	7.6	0
ERVL	DR0105238	KZ507847.1	23493	23592	+	18.4	0
ERVL	DR0105305	KZ507847.1	62606	62833	+	30.4	0
ERVL	DR0105305	KZ507847.1	63115	63333	+	24.5	0
ERVL	DR0105278	KZ507849.1	61281	61795	+	12.3	0
ERVL	DR0105338	KZ507855.1	20758	20855	C	10.4	0
ERV1	DR0105342	KZ507856.1	5913	6505	+	21.9	0
ERVL	DR0105370	KZ507856.1	28186	28292	+	29.0	0
ERVL	DR0105370	KZ507856.1	28296	28507	+	22.4	0
ERVL	DR0105261	KZ507860.1	675	794	C	11.0	0
ERVL	DR0105371	KZ507863.1	17923	18499	+	15.0	0
ERVL	DR0105327	KZ507866.1	1748	1858	C	9.9	0
ERV1	DR0105321	KZ507868.1	49706	49786	+	13.6	0
ERVL	DR0105341	KZ507869.1	1	220	+	9.6	0
ERVL	DR0105358	KZ507869.1	13378	14028	C	7.7	0
ERVL	DR0105358	KZ507869.1	23245	23888	C	5.1	0
ERVL	DR0105338	KZ507870.1	37868	37936	C	16.2	0
ERVL	DR0105338	KZ507870.1	38212	38353	C	22.3	0
ERVL	DR0105338	KZ507870.1	72385	72636	+	22.9	0
ERVL	DR0105278	KZ507871.1	51830	52219	C	14.5	0
ERVL	DR0105371	KZ507874.1	31410	31866	C	12.5	0
ERVL	DR0105278	KZ507877.1	28939	29094	+	13.1	0
ERVL	DR0105305	KZ507878.1	17271	17400	C	23.1	0
ERV4	DR0105376	KZ507879.1	58534	58605	C	11.1	0
ERVL	DR0105305	KZ507882.1	856	1017	+	19.6	0
ERVL	DR0105232	KZ507882.1	39862	41012	C	14.0	0
ERV1	DR0105240	KZ507887.1	7388	8018	C	8.3	0
ERVL	DR0105261	KZ507887.1	33443	34383	C	16.6	0
ERVL	DR0105338	KZ507887.1	35473	35966	+	25.5	0
ERVL	DR0105371	KZ507888.1	18623	19193	C	15.7	0
ERV1	DR0105240	KZ507888.1	26003	26654	C	9.4	0
ERVL	DR0105294	KZ507888.1	46971	47673	+	10.6	0
ERVL	DR0105278	KZ507888.1	57229	57772	C	14.4	0
ERVL	DR0105358	KZ507894.1	34958	35603	C	5.4	0
ERVL	DR0105371	KZ507895.1	27601	28178	C	12.8	0
ERVL	DR0105278	KZ507897.1	21890	22015	+	12.7	0
ERVL	DR0105278	KZ507898.1	25185	25647	+	17.2	0
ERV4	DR0105376	KZ507898.1	64455	64924	C	7.7	0
ERVL	DR0105315	KZ507900.1	2343	2902	C	24.0	0
ERVL	DR0105238	KZ507902.1	3083	3792	C	10.8	0
ERVL	DR0105312	KZ507903.1	26723	27352	+	19.3	0
ERV4	DR0105376	KZ507904.1	69688	70122	+	16.0	0
ERVL	DR0105315	KZ507905.1	4830	5436	+	24.1	0
ERVL	DR0105338	KZ507905.1	34869	35020	+	25.8	0
ERVL	DR0105338	KZ507905.1	35033	35569	+	26.7	0
ERV1	DR0105240	KZ507905.1	43506	43631	+	17.5	0
ERVL	DR0105358	KZ507906.1	13122	13169	+	2.1	0
ERVL	DR0105278	KZ507906.1	62228	62687	C	15.7	0
ERVL	DR0105364	KZ507911.1	46320	46596	C	11.0	0
ERVL	DR0105294	KZ507913.1	27125	27834	+	9.6	0
ERVL	DR0105278	KZ507914.1	38448	38595	C	15.5	0
ERVL	DR0105278	KZ507914.1	39451	39751	C	16.2	0
ERVL	DR0105341	KZ507914.1	69603	69696	+	8.5	0
ERVL	DR0105238	KZ507922.1	55810	56311	C	13.7	0
ERVL	DR0105315	KZ507924.1	38248	38439	C	24.3	0
ERVL	DR0105364	KZ507930.1	3356	3908	+	14.9	0
ERVL	DR0105338	KZ507934.1	67516	68118	+	16.8	0
ERVL	DR0105261	KZ507938.1	29686	29748	C	13.4	0
ERVL	DR0105238	KZ507938.1	64518	65276	+	11.0	0
ERVL	DR0105358	KZ507941.1	52849	52993	+	12.5	0
ERV4	DR0105376	KZ507942.1	35842	36469	+	18.6	0
ERVL	DR0105370	KZ507949.1	32650	32821	+	24.0	0
ERVL	DR0105370	KZ507949.1	59144	59611	+	26.0	0
ERVL	DR0105370	KZ507951.1	57927	57987	+	19.7	0
ERVL	DR0105338	KZ507956.1	4156	4327	C	15.2	0
ERV4	DR0105376	KZ507956.1	18978	19130	C	23.8	0
ERVL	DR0105294	KZ507956.1	19753	20496	C	9.8	0
ERV4	DR0105376	KZ507956.1	20724	21270	C	8.8	0
ERVL	DR0105305	KZ507956.1	33780	33838	+	14.0	0
ERVL	DR0105305	KZ507956.1	34451	34771	+	24.8	0
ERVL	DR0105278	KZ507956.1	35017	35520	+	15.3	0
ERVL	DR0105370	KZ507956.1	37041	37343	C	21.0	0
ERVL	DR0105312	KZ507956.1	39643	39970	C	15.0	0
ERVL	DR0105312	KZ507956.1	41300	42214	C	15.7	0
ERVL	DR0105338	KZ507956.1	42801	43453	+	23.1	0
ERVL	DR0105370	KZ507956.1	44102	44196	+	18.9	0
ERVL	DR0105295	KZ507956.1	44693	44881	+	11.3	0
ERVL	DR0105338	KZ507956.1	44883	45959	C	10.9	0
ERV1	DR0105240	KZ507956.1	46627	47111	+	17.2	0
ERVL	DR0105370	KZ507956.1	47500	48058	C	20.5	0
ERVL	DR0105295	KZ507956.1	49857	50051	C	18.0	0
ERVL	DR0105338	KZ507956.1	56234	56321	+	14.8	0
ERVL	DR0105338	KZ507956.1	64395	64728	+	20.9	0
ERVL	DR0105338	KZ507956.1	65396	65763	C	14.5	0
ERVL	DR0105338	KZ507956.1	65769	66294	+	17.9	0
ERVL	DR0105371	KZ507957.1	67149	67715	C	12.3	0
ERV1	DR0105240	KZ507958.1	6473	6513	C	7.3	0
ERV1	DR0105240	KZ507961.1	23605	23730	+	29.8	0
ERVL	DR0105338	KZ507964.1	4921	5108	+	13.8	0
ERVL	DR0105305	KZ507964.1	24189	24425	C	19.7	0
ERVL	DR0105370	KZ507966.1	26976	27570	C	21.4	0
ERVL	DR0105230	KZ507966.1	50523	51143	+	7.6	0
ERVL	DR0105294	KZ507967.1	1	181	+	14.8	0
ERV4	DR0105376	KZ507970.1	17174	17894	+	22.8	0
ERVL	DR0105341	KZ507971.1	1	68	C	7.3	0
ERVL	DR0105232	KZ507971.1	1920	2284	+	13.7	0
ERV4	DR0105376	KZ507971.1	26753	27439	+	8.2	0
ERVL	DR0105312	KZ507971.1	31167	31366	C	16.0	0
ERVL	DR0105238	KZ507971.1	53390	53936	C	15.3	0
ERV1	DR0105240	KZ507971.1	63522	63811	C	22.7	0
ERV4	DR0105376	KZ507971.1	69239	69671	+	10.7	0
ERV4	DR0105376	KZ507971.1	70012	70734	+	6.4	0
ERVL	DR0105338	KZ507975.1	47629	48101	C	10.0	0
ERVL	DR0105278	KZ507975.1	49878	50016	+	8.0	0
ERV4	DR0105376	KZ507977.1	12144	12829	C	11.1	0
ERVL	DR0105370	KZ507982.1	24628	25198	+	16.8	0
ERVL	DR0105338	KZ507984.1	38771	39817	C	20.4	0
ERVL	DR0105358	KZ507989.1	50645	50723	+	2.5	0
ERVL	DR0105371	KZ507989.1	57527	57853	C	12.9	0
ERVL	DR0105358	KZ507991.1	52827	53465	+	5.2	0
ERVL	DR0105370	KZ507999.1	53071	53314	+	15.3	0
ERVL	DR0105371	KZ508000.1	46568	46651	+	20.2	0
ERVL	DR0105371	KZ508000.1	46683	47220	+	12.8	0
ERVL	DR0105338	KZ508001.1	50802	51719	+	17.1	0
ERVL	DR0105278	KZ508004.1	55164	55236	+	24.7	0
ERVL	DR0105261	KZ508009.1	10794	11031	C	16.7	0
ERVL	DR0105338	KZ508010.1	3140	3318	+	22.0	0
ERVL	DR0105261	KZ508010.1	3319	3524	+	14.4	0
ERV4	DR0105376	KZ508010.1	3745	4493	+	6.6	0
ERVL	DR0105338	KZ508010.1	14735	14816	+	23.2	0
ERVL	DR0105230	KZ508010.1	19626	19706	+	20.1	0
ERV4	DR0105376	KZ508010.1	32341	33067	+	5.4	0
ERVL	DR0105370	KZ508016.1	17394	17951	C	18.1	0
ERVL	DR0105358	KZ508016.1	32676	33331	+	27.0	0
ERV1	DR0105321	KZ508016.1	44780	45175	+	10.7	0
ERV1	DR0105225	KZ508017.1	13683	13727	+	9.3	0
ERVL	DR0105364	KZ508024.1	32	374	C	12.0	0
ERVL	DR0105364	KZ508024.1	472	528	+	7.0	0
ERV1	DR0105321	KZ508024.1	49917	50368	C	8.5	0
ERV1	DR0105321	KZ508024.1	50371	50439	C	13.3	0
ERVL	DR0105370	KZ508026.1	34440	34663	+	27.7	0
ERVL	DR0105315	KZ508027.1	22839	23461	C	21.8	0
ERVL	DR0105338	KZ508027.1	45468	46278	C	15.6	0
ERVL	DR0105338	KZ508032.1	3132	3300	C	14.3	0
ERVL	DR0105370	KZ508032.1	8179	8825	+	20.7	0
ERVL	DR0105261	KZ508032.1	10738	11128	+	11.2	0
ERVL	DR0105327	KZ508032.1	11134	11289	C	10.3	0
ERVL	DR0105294	KZ508032.1	11701	11750	C	0.0	0
ERVL	DR0105312	KZ508032.1	22368	24486	+	15.6	0
ERVL	DR0105238	KZ508032.1	24731	25370	+	11.1	0
ERVL	DR0105370	KZ508032.1	32831	33412	+	22.3	0
ERVL	DR0105312	KZ508032.1	39882	40689	+	19.2	0
ERVL	DR0105358	KZ508032.1	58337	58765	+	6.5	0
ERVL	DR0105371	KZ508033.1	22547	23121	C	14.9	0
ERVL	DR0105338	KZ508033.1	48176	48416	+	12.9	0
ERVL	DR0105315	KZ508033.1	63843	64083	+	19.8	0
ERVL	DR0105305	KZ508033.1	64171	64276	+	26.0	0
ERVL	DR0105338	KZ508035.1	13373	13914	+	18.6	0
ERVL	DR0105278	KZ508037.1	16932	17030	C	23.5	0
ERVL	DR0105278	KZ508037.1	24070	24484	C	16.5	0
ERV1	DR0105321	KZ508037.1	29708	30021	C	21.5	0
ERVL	DR0105278	KZ508037.1	41516	41976	C	18.9	0
ERVL	DR0105305	KZ508038.1	17167	17330	+	27.4	0
ERVL	DR0105371	KZ508041.1	25061	25557	+	16.9	0
ERVL	DR0105315	KZ508043.1	646	1208	+	24.9	0
ERVL	DR0105338	KZ508043.1	35578	36654	C	15.9	0
ERV4	DR0105376	KZ508044.1	42929	42999	C	25.4	0
ERVL	DR0105364	KZ508044.1	58335	58831	C	19.9	0
ERVL	DR0105312	KZ508048.1	24578	24970	+	16.7	0
ERVL	DR0105370	KZ508052.1	2076	2601	+	35.0	0
ERV4	DR0105376	KZ508052.1	18046	18477	C	8.8	0
ERVL	DR0105338	KZ508052.1	21631	21925	C	25.1	0
ERVL	DR0105338	KZ508052.1	23512	24384	C	18.9	0
ERVL	DR0105305	KZ508052.1	24700	24937	C	27.6	0
ERVL	DR0105261	KZ508052.1	27674	27922	C	28.2	0
ERV4	DR0105376	KZ508052.1	50226	50383	+	27.3	0
ERVL	DR0105370	KZ508061.1	19054	19212	C	23.9	0
ERVL	DR0105295	KZ508061.1	19275	19540	C	18.8	0
ERVL	DR0105364	KZ508061.1	26436	27115	+	14.1	0
ERVL	DR0105238	KZ508062.1	41260	41415	C	14.8	0
ERVL	DR0105338	KZ508069.1	50203	51070	+	18.8	0
ERVL	DR0105370	KZ508069.1	60982	61559	C	23.0	0
ERVL	DR0105364	KZ508071.1	36691	36799	C	17.4	0
ERV4	DR0105376	KZ508073.1	1	61	C	8.2	0
ERVL	DR0105294	KZ508073.1	60878	61599	+	10.4	0
ERVL	DR0105294	KZ508076.1	1010	1142	+	3.8	0
ERVL	DR0105370	KZ508076.1	13733	14466	+	20.8	0
ERVL	DR0105338	KZ508076.1	14534	15463	+	18.4	0
ERVL	DR0105338	KZ508076.1	20043	20970	C	20.4	0
ERVL	DR0105230	KZ508076.1	25163	25761	+	18.6	0
ERVL	DR0105294	KZ508076.1	31629	32303	+	11.4	0
ERVL	DR0105338	KZ508076.1	43595	44356	C	24.1	0
ERVL	DR0105370	KZ508076.1	50831	51592	C	11.8	0
ERVL	DR0105327	KZ508076.1	52961	53373	C	9.5	0
ERVL	DR0105364	KZ508076.1	54442	55120	+	10.7	0
ERVL	DR0105315	KZ508077.1	15091	15633	C	24.1	0
ERVL	DR0105370	KZ508077.1	16757	17056	C	24.0	0
ERVL	DR0105341	KZ508079.1	28901	29283	+	11.3	0
ERVL	DR0105305	KZ508079.1	32553	32679	C	23.5	0
ERVL	DR0105358	KZ508079.1	47802	48447	C	8.1	0
ERVL	DR0105338	KZ508079.1	53952	55038	+	16.4	0
ERV1	DR0105240	KZ508084.1	35788	35873	C	8.1	0
ERV1	DR0105342	KZ508084.1	63651	63881	+	15.3	0
ERVL	DR0105315	KZ508085.1	32756	32884	+	13.8	0
ERVL	DR0105358	KZ508087.1	1	107	+	3.7	0
ERVL	DR0105358	KZ508087.1	11476	11536	C	1.6	0
ERVL	DR0105358	KZ508087.1	12081	12140	C	3.3	0
ERVL	DR0105232	KZ508087.1	12867	13024	+	15.4	0
ERVL	DR0105232	KZ508087.1	15389	15541	C	10.9	0
ERV1	DR0105342	KZ508087.1	15544	16679	C	11.2	0
ERVL	DR0105312	KZ508087.1	16695	16871	C	16.7	0
ERVL	DR0105315	KZ508087.1	22379	22953	+	21.8	0
ERVL	DR0105358	KZ508087.1	39731	40278	C	6.9	0
ERV4	DR0105376	KZ508087.1	67478	67753	+	5.4	0
ERVL	DR0105278	KZ508090.1	13670	14147	C	14.7	0
ERVL	DR0105312	KZ508090.1	14822	16005	C	15.4	0
ERVL	DR0105358	KZ508090.1	21835	22478	+	4.8	0
ERVL	DR0105370	KZ508090.1	38124	38339	C	13.0	0
ERVL	DR0105295	KZ508091.1	43270	43792	C	19.6	0
ERVL	DR0105278	KZ508092.1	20997	21473	+	15.2	0
ERV1	DR0105321	KZ508092.1	44432	44808	+	9.6	0
ERVL	DR0105238	KZ508096.1	28520	28654	+	8.2	0
ERVL	DR0105305	KZ508098.1	38161	38280	C	30.0	0
ERVL	DR0105278	KZ508103.1	28764	29238	C	19.1	0
ERVL	DR0105305	KZ508107.1	6983	7162	+	19.1	0
ERVL	DR0105278	KZ508108.1	56323	56501	+	12.0	0
ERVL	DR0105358	KZ508109.1	39834	40478	+	6.4	0
ERVL	DR0105358	KZ508112.1	6121	6727	+	13.3	0
ERVL	DR0105278	KZ508112.1	17574	18091	+	11.6	0
ERVL	DR0105371	KZ508115.1	51553	52128	+	10.8	0
ERVL	DR0105370	KZ508116.1	60968	61379	C	15.1	0
ERVL	DR0105370	KZ508116.1	64503	64829	C	14.1	0
ERV1	DR0105342	KZ508117.1	62288	63169	+	19.6	0
ERVL	DR0105305	KZ508121.1	34727	34839	C	17.8	0
ERVL	DR0105370	KZ508122.1	12030	12323	C	11.2	0
ERVL	DR0105371	KZ508124.1	35129	35716	+	14.7	0
ERVL	DR0105338	KZ508124.1	53363	53833	+	25.9	0
ERVL	DR0105338	KZ508129.1	14340	14492	C	12.4	0
ERVL	DR0105327	KZ508129.1	31273	32051	C	8.4	0
ERVL	DR0105312	KZ508129.1	32675	33329	C	14.1	0
ERVL	DR0105358	KZ508129.1	35734	35921	C	4.8	0
ERVL	DR0105312	KZ508129.1	41039	41390	C	23.0	0
ERVL	DR0105327	KZ508129.1	42339	42496	C	5.7	0
ERVL	DR0105305	KZ508129.1	45575	45639	+	29.2	0
ERVL	DR0105338	KZ508129.1	57811	58078	+	19.5	0
ERVL	DR0105327	KZ508129.1	59773	59847	C	18.7	0
ERVL	DR0105312	KZ508129.1	61442	63096	C	14.7	0
ERVL	DR0105371	KZ508135.1	15566	16003	+	16.7	0
ERVL	DR0105364	KZ508139.1	710	1220	C	13.7	0
ERVL	DR0105278	KZ508145.1	48985	49223	C	16.9	0
ERVL	DR0105358	KZ508147.1	35213	35858	C	4.6	0
ERVL	DR0105278	KZ508154.1	42590	43092	C	15.2	0
ERVL	DR0105315	KZ508155.1	685	883	+	25.4	0
ERVL	DR0105315	KZ508158.1	3093	3629	C	23.2	0
ERVL	DR0105364	KZ508165.1	1	88	C	3.4	0
ERVL	DR0105370	KZ508165.1	12774	13134	C	10.1	0
ERVL	DR0105278	KZ508166.1	34660	34756	C	13.6	0
ERVL	DR0105261	KZ508172.1	63132	63252	C	19.0	0
ERVL	DR0105315	KZ508172.1	63559	64009	C	22.6	0
ERVL	DR0105371	KZ508174.1	56063	56616	C	14.6	0
ERVL	DR0105341	KZ508176.1	1	95	C	6.3	0
ERVL	DR0105371	KZ508178.1	4118	4607	C	13.3	0
ERVL	DR0105315	KZ508179.1	31518	32088	+	21.7	0
ERVL	DR0105358	KZ508179.1	41056	41699	+	4.3	0
ERVL	DR0105370	KZ508181.1	9265	9853	C	17.3	0
ERVL	DR0105364	KZ508181.1	14804	15450	+	14.0	0
ERVL	DR0105278	KZ508186.1	814	1257	C	11.5	0
ERVL	DR0105370	KZ508186.1	13637	13711	C	21.9	0
ERV4	DR0105376	KZ508186.1	18718	18887	+	6.5	0
ERVL	DR0105338	KZ508186.1	21768	22448	+	13.6	0
ERVL	DR0105371	KZ508186.1	26533	26700	+	8.4	0
ERVL	DR0105364	KZ508188.1	59241	59326	+	15.1	0
ERVL	DR0105370	KZ508190.1	26492	26602	+	12.6	0
ERVL	DR0105370	KZ508190.1	26795	27270	+	12.9	0
ERVL	DR0105232	KZ508192.1	5970	6017	C	14.6	0
ERVL	DR0105294	KZ508195.1	48046	48600	C	14.3	0
ERVL	DR0105364	KZ508201.1	6144	6256	+	8.0	0
ERVL	DR0105370	KZ508207.1	31460	31780	C	19.0	0
ERVL	DR0105327	KZ508207.1	53883	53932	C	2.0	0
ERVL	DR0105338	KZ508210.1	29033	29230	C	14.3	0
ERVL	DR0105371	KZ508210.1	30468	31043	C	11.5	0
ERVL	DR0105315	KZ508211.1	24337	24905	+	25.2	0
ERVL	DR0105364	KZ508214.1	25522	26065	+	11.1	0
ERVL	DR0105278	KZ508217.1	17409	17792	C	15.1	0
ERVL	DR0105295	KZ508228.1	39998	40289	C	14.4	0
ERVL	DR0105278	KZ508230.1	7044	7518	+	14.3	0
ERVL	DR0105371	KZ508231.1	30756	31327	C	13.2	0
ERVL	DR0105295	KZ508237.1	50130	50615	C	23.2	0
ERVL	DR0105358	KZ508248.1	4573	4987	+	5.3	0
ERVL	DR0105238	KZ508248.1	6628	6695	+	5.9	0
ERVL	DR0105338	KZ508248.1	11836	12990	C	14.6	0
ERV1	DR0105240	KZ508248.1	14364	14398	C	5.7	0
ERVL	DR0105315	KZ508248.1	19236	19533	C	28.0	0
ERVL	DR0105230	KZ508248.1	21072	21695	C	5.9	0
ERVL	DR0105370	KZ508248.1	22435	22816	C	10.8	0
ERVL	DR0105232	KZ508248.1	23070	23263	+	15.3	0
ERVL	DR0105338	KZ508248.1	27340	27631	+	11.3	0
ERVL	DR0105315	KZ508248.1	35050	35609	C	21.4	0
ERVL	DR0105370	KZ508248.1	36088	36352	+	8.3	0
ERVL	DR0105364	KZ508248.1	36461	37083	+	7.0	0
ERV4	DR0105376	KZ508248.1	37085	37534	C	9.8	0
ERV1	DR0105321	KZ508248.1	50568	51307	+	13.0	0
ERVL	DR0105232	KZ508248.1	51309	52800	C	11.2	0
ERVL	DR0105364	KZ508248.1	55733	56384	+	9.4	0
ERVL	DR0105364	KZ508251.1	31157	31782	C	11.2	0
ERVL	DR0105294	KZ508251.1	53972	54052	C	8.6	0
ERVL	DR0105315	KZ508251.1	54133	54663	C	17.1	0
ERVL	DR0105370	KZ508260.1	4347	4975	C	22.0	0
ERVL	DR0105371	KZ508260.1	21103	21688	C	14.5	0
ERVL	DR0105238	KZ508260.1	26792	27005	+	12.4	0
ERVL	DR0105315	KZ508260.1	42749	43153	+	25.0	0
ERVL	DR0105341	KZ508260.1	54775	54845	+	8.4	0
ERVL	DR0105338	KZ508260.1	56861	57126	C	23.0	0
ERVL	DR0105370	KZ508263.1	16499	17035	+	20.6	0
ERVL	DR0105364	KZ508263.1	20348	20987	C	11.7	0
ERV1	DR0105342	KZ508264.1	32216	33288	+	13.5	0
ERVL	DR0105278	KZ508265.1	48403	48809	+	16.2	0
ERVL	DR0105278	KZ508268.1	9093	9605	+	15.2	0
ERVL	DR0105370	KZ508273.1	8818	8962	C	24.6	0
ERVL	DR0105358	KZ508276.1	28831	29458	+	5.7	0
ERVL	DR0105278	KZ508282.1	6159	6287	C	18.2	0
ERVL	DR0105278	KZ508282.1	6291	6540	C	14.9	0
ERVL	DR0105338	KZ508282.1	24114	24625	C	18.4	0
ERVL	DR0105338	KZ508284.1	54523	55138	C	16.8	0
ERVL	DR0105371	KZ508288.1	3872	4172	C	15.5	0
ERV1	DR0105225	KZ508291.1	52911	52968	C	13.3	0
ERVL	DR0105371	KZ508292.1	35543	35657	C	6.2	0
ERVL	DR0105338	KZ508294.1	10082	11184	C	17.1	0
ERVL	DR0105364	KZ508297.1	22821	22858	+	2.6	0
ERVL	DR0105358	KZ508298.1	11196	11752	+	5.4	0
ERVL	DR0105370	KZ508298.1	39184	39704	C	20.8	0
ERVL	DR0105338	KZ508300.1	53538	53642	C	19.6	0
ERVL	DR0105364	KZ508301.1	54062	54143	C	14.6	0
ERVL	DR0105370	KZ508303.1	24656	24915	+	11.2	0
ERVL	DR0105295	KZ508305.1	64	316	C	19.4	0
ERVL	DR0105278	KZ508305.1	10460	10843	C	15.7	0
ERVL	DR0105370	KZ508306.1	46771	46872	+	25.5	0
ERVL	DR0105370	KZ508307.1	39250	39506	+	21.2	0
ERVL	DR0105370	KZ508307.1	39586	39687	+	27.7	0
ERVL	DR0105315	KZ508314.1	27616	27864	+	19.7	0
ERVL	DR0105326	KZ508314.1	28319	28603	+	18.0	0
ERVL	DR0105338	KZ508319.1	54772	55364	+	22.3	0
ERVL	DR0105370	KZ508323.1	47956	48368	C	15.3	0
ERVL	DR0105261	KZ508327.1	23329	23885	+	17.4	0
ERVL	DR0105338	KZ508327.1	24318	24993	+	19.8	0
ERV4	DR0105376	KZ508328.1	43801	43880	C	20.2	0
ERVL	DR0105312	KZ508328.1	45321	45643	C	37.1	0
ERV4	DR0105376	KZ508328.1	46747	47175	C	14.9	0
ERVL	DR0105278	KZ508330.1	17858	18292	C	16.6	0
ERVL	DR0105364	KZ508330.1	35897	36226	+	14.6	0
ERVL	DR0105338	KZ508341.1	15629	15908	+	25.7	0
ERVL	DR0105315	KZ508341.1	18435	19029	+	24.1	0
ERVL	DR0105338	KZ508341.1	43067	43291	+	21.3	0
ERVL	DR0105238	KZ508342.1	50813	51107	C	12.8	0
ERVL	DR0105238	KZ508342.1	51119	51758	C	10.8	0
ERVL	DR0105294	KZ508355.1	56952	57142	+	8.4	0
ERVL	DR0105278	KZ508364.1	4161	4675	+	20.8	0
ERVL	DR0105315	KZ508364.1	23649	24258	+	23.1	0
ERVL	DR0105261	KZ508364.1	24263	24457	C	14.9	0
ERVL	DR0105305	KZ508365.1	38067	38189	+	24.6	0
ERVL	DR0105305	KZ508366.1	26985	27331	C	27.4	0
ERVL	DR0105278	KZ508367.1	1475	1962	C	14.8	0
ERVL	DR0105305	KZ508367.1	29772	30289	C	26.0	0
ERVL	DR0105338	KZ508367.1	44446	44931	C	22.4	0
ERVL	DR0105338	KZ508367.1	44960	45326	+	28.5	0
ERVL	DR0105327	KZ508367.1	46967	47695	C	6.4	0
ERVL	DR0105370	KZ508367.1	49148	49728	C	12.7	0
ERV1	DR0105240	KZ508367.1	50861	51401	C	15.4	0
ERVL	DR0105315	KZ508370.1	5452	5751	+	17.9	0
ERV1	DR0105342	KZ508371.1	51419	52455	C	15.2	0
ERVL	DR0105327	KZ508372.1	39156	39248	+	5.4	0
ERVL	DR0105327	KZ508372.1	39259	39304	C	4.3	0
ERVL	DR0105358	KZ508372.1	41039	41660	+	10.2	0
ERV1	DR0105240	KZ508373.1	5627	5879	C	11.1	0
ERVL	DR0105358	KZ508376.1	40413	40545	C	4.5	0
ERV4	DR0105376	KZ508379.1	2	74	C	13.7	0
ERVL	DR0105295	KZ508379.1	26812	26923	+	17.0	0
ERVL	DR0105315	KZ508379.1	30388	30977	C	21.4	0
ERVL	DR0105338	KZ508379.1	50063	50403	C	23.0	0
ERVL	DR0105364	KZ508381.1	22829	23470	C	11.7	0
ERVL	DR0105338	KZ508381.1	25583	25861	+	12.5	0
ERVL	DR0105364	KZ508383.1	2	331	C	14.5	0
ERVL	DR0105327	KZ508388.1	42847	42936	C	4.4	0
ERVL	DR0105364	KZ508393.1	30232	30882	C	11.8	0
ERVL	DR0105338	KZ508395.1	7629	7826	C	23.4	0
ERVL	DR0105370	KZ508395.1	30229	30436	C	20.7	0
ERVL	DR0105295	KZ508395.1	30470	30742	C	17.6	0
ERVL	DR0105338	KZ508395.1	44481	44825	+	26.1	0
ERVL	DR0105371	KZ508395.1	45078	45481	+	17.5	0
ERVL	DR0105338	KZ508395.1	56106	56356	C	27.9	0
ERVL	DR0105305	KZ508399.1	36719	36857	C	21.3	0
ERVL	DR0105305	KZ508399.1	36927	37418	C	25.2	0
ERVL	DR0105312	KZ508402.1	2461	2733	+	12.9	0
ERVL	DR0105278	KZ508402.1	9161	9242	+	13.4	0
ERVL	DR0105294	KZ508402.1	15496	15653	C	10.8	0
ERVL	DR0105278	KZ508402.1	15889	15930	C	7.1	0
ERVL	DR0105312	KZ508402.1	18435	19779	C	13.6	0
ERVL	DR0105312	KZ508402.1	22111	22397	C	22.3	0
ERVL	DR0105338	KZ508402.1	37288	37526	+	15.9	0
ERV1	DR0105342	KZ508402.1	50126	50534	C	20.2	0
ERVL	DR0105338	KZ508408.1	2	293	+	21.2	0
ERVL	DR0105315	KZ508408.1	38868	39443	+	22.4	0
ERVL	DR0105278	KZ508409.1	18847	19305	C	14.3	0
ERVL	DR0105305	KZ508412.1	12225	12392	+	17.9	0
ERVL	DR0105370	KZ508414.1	45234	45804	C	15.0	0
ERV4	DR0105376	KZ508415.1	38951	39673	C	9.6	0
ERV1	DR0105321	KZ508416.1	6100	6729	C	12.8	0
ERVL	DR0105371	KZ508420.1	36711	37301	+	10.7	0
ERVL	DR0105370	KZ508429.1	39339	39381	C	13.9	0
ERVL	DR0105371	KZ508429.1	41021	41591	C	14.1	0
ERVL	DR0105370	KZ508430.1	5710	5980	+	21.4	0
ERVL	DR0105338	KZ508431.1	41568	41809	C	12.9	0
ERVL	DR0105294	KZ508432.1	2257	2493	C	8.1	0
ERVL	DR0105338	KZ508433.1	29962	30501	C	23.1	0
ERVL	DR0105261	KZ508434.1	53466	53663	C	11.6	0
ERVL	DR0105295	KZ508438.1	26805	27085	+	20.9	0
ERVL	DR0105370	KZ508438.1	27166	27302	+	16.8	0
ERVL	DR0105358	KZ508442.1	14757	14946	+	4.7	0
ERVL	DR0105370	KZ508443.1	16140	16246	+	14.9	0
ERVL	DR0105238	KZ508443.1	27138	27182	C	4.4	0
ERVL	DR0105338	KZ508443.1	54161	54250	C	23.6	0
ERV4	DR0105376	KZ508444.1	4558	4853	+	23.1	0
ERVL	DR0105294	KZ508444.1	4854	5544	+	9.7	0
ERV4	DR0105376	KZ508444.1	5565	5956	+	11.2	0
ERVL	DR0105370	KZ508446.1	11055	11284	+	20.4	0
ERVL	DR0105278	KZ508446.1	30165	30233	C	10.6	0
ERVL	DR0105278	KZ508447.1	33721	33812	+	8.4	0
ERV1	DR0105321	KZ508458.1	40706	41515	+	10.5	0
ERV1	DR0105321	KZ508459.1	20469	21209	C	13.6	0
ERVL	DR0105238	KZ508460.1	7010	7313	+	18.3	0
ERVL	DR0105338	KZ508464.1	27627	28415	C	14.9	0
ERVL	DR0105371	KZ508473.1	52876	53343	C	12.1	0
ERVL	DR0105338	KZ508474.1	8924	9746	C	24.1	0
ERVL	DR0105358	KZ508474.1	15162	15274	+	14.2	0
ERVL	DR0105294	KZ508474.1	15287	16184	C	17.1	0
ERVL	DR0105294	KZ508474.1	16264	16778	C	13.0	0
ERVL	DR0105312	KZ508474.1	16903	18651	C	14.1	0
ERVL	DR0105312	KZ508474.1	18675	19002	C	14.0	0
ERV1	DR0105240	KZ508474.1	19003	19644	C	6.3	0
ERVL	DR0105327	KZ508474.1	21257	21301	+	6.7	0
ERVL	DR0105338	KZ508474.1	24633	25763	+	12.2	0
ERVL	DR0105370	KZ508474.1	34050	34314	+	14.3	0
ERVL	DR0105312	KZ508474.1	36197	36264	C	17.6	0
ERVL	DR0105312	KZ508474.1	36270	36770	C	10.6	0
ERVL	DR0105358	KZ508474.1	54503	54531	C	0.0	0
ERVL	DR0105261	KZ508481.1	7106	7878	C	19.7	0
ERVL	DR0105358	KZ508481.1	40171	40452	C	13.8	0
ERVL	DR0105364	KZ508481.1	40454	40683	C	12.7	0
ERVL	DR0105294	KZ508481.1	41548	42258	C	9.9	0
ERVL	DR0105238	KZ508493.1	25461	25526	C	6.1	0
ERVL	DR0105338	KZ508499.1	16807	17717	C	17.1	0
ERVL	DR0105371	KZ508499.1	21933	22486	C	19.3	0
ERVL	DR0105338	KZ508500.1	696	936	+	21.0	0
ERVL	DR0105370	KZ508500.1	5177	5455	+	20.8	0
ERVL	DR0105338	KZ508500.1	5875	6843	+	32.7	0
ERVL	DR0105351	KZ508500.1	8186	8477	+	27.1	0
ERVL	DR0105232	KZ508500.1	22250	22465	C	30.9	0
ERVL	DR0105315	KZ508500.1	23117	23820	C	27.2	0
ERVL	DR0105278	KZ508500.1	33654	34162	C	12.4	0
ERVL	DR0105370	KZ508500.1	48489	49686	+	23.9	0
ERVL	DR0105370	KZ508500.1	53077	53152	+	13.2	0
ERVL	DR0105305	KZ508502.1	45298	45588	+	24.6	0
ERVL	DR0105338	KZ508502.1	51041	51443	+	12.7	0
ERVL	DR0105305	KZ508503.1	38388	39018	+	23.9	0
ERV1	DR0105240	KZ508504.1	40309	40641	C	25.4	0
ERVL	DR0105305	KZ508506.1	6466	6761	C	22.0	0
ERVL	DR0105305	KZ508506.1	6944	7137	C	25.4	0
ERVL	DR0105338	KZ508506.1	53023	53379	C	10.3	0
ERVL	DR0105294	KZ508510.1	37156	37873	C	8.5	0
ERVL	DR0105370	KZ508511.1	805	1392	+	11.8	0
ERVL	DR0105326	KZ508511.1	22412	22498	C	10.6	0
ERVL	DR0105294	KZ508511.1	22877	23259	+	8.7	0
ERV1	DR0105240	KZ508511.1	25625	26261	+	6.6	0
ERVL	DR0105230	KZ508511.1	46888	47495	+	9.5	0
ERVL	DR0105358	KZ508511.1	51870	52025	+	3.9	0
ERVL	DR0105315	KZ508512.1	41689	41945	C	24.0	0
ERVL	DR0105315	KZ508512.1	41950	42217	C	24.8	0
ERVL	DR0105327	KZ508514.1	6918	7635	C	9.2	0
ERVL	DR0105370	KZ508515.1	46898	47106	C	22.0	0
ERVL	DR0105370	KZ508519.1	14917	15019	C	26.4	0
ERVL	DR0105278	KZ508523.1	36868	37210	+	14.5	0
ERVL	DR0105278	KZ508523.1	52977	53126	+	10.0	0
ERVL	DR0105278	KZ508523.1	53141	53315	+	12.0	0
ERVL	DR0105312	KZ508530.1	18	212	+	28.2	0
ERV4	DR0105376	KZ508541.1	6966	7457	C	5.7	0
ERV4	DR0105376	KZ508541.1	7461	7544	C	9.5	0
ERVL	DR0105341	KZ508541.1	7575	7748	C	9.8	0
ERV4	DR0105376	KZ508541.1	27035	27757	+	17.5	0
ERVL	DR0105338	KZ508541.1	32849	32934	C	20.9	0
ERVL	DR0105315	KZ508548.1	13336	13725	+	22.0	0
ERVL	DR0105370	KZ508548.1	30915	31498	+	12.1	0
ERVL	DR0105371	KZ508552.1	35294	35337	+	18.2	0
ERVL	DR0105371	KZ508554.1	24662	24859	C	17.8	0
ERVL	DR0105370	KZ508555.1	12195	12755	C	16.1	0
ERVL	DR0105338	KZ508555.1	17714	18649	+	16.3	0
ERVL	DR0105294	KZ508555.1	45555	46254	C	36.2	0
ERVL	DR0105238	KZ508556.1	24046	24079	C	2.9	0
ERVL	DR0105338	KZ508556.1	32187	32611	C	23.8	0
ERVL	DR0105338	KZ508562.1	28634	29555	C	12.5	0
ERVL	DR0105338	KZ508562.1	46315	46461	C	25.1	0
ERVL	DR0105371	KZ508563.1	37832	38014	C	11.5	0
ERVL	DR0105278	KZ508566.1	10505	11048	C	12.8	0
ERVL	DR0105370	KZ508569.1	4834	4988	C	19.5	0
ERVL	DR0105358	KZ508569.1	49815	50462	C	5.9	0
ERVL	DR0105338	KZ508572.1	18478	19382	C	18.9	0
ERVL	DR0105278	KZ508572.1	28337	28515	C	16.2	0
ERV1	DR0105240	KZ508580.1	10696	10794	C	17.2	0
ERVL	DR0105341	KZ508581.1	4	100	C	7.2	0
ERVL	DR0105238	KZ508581.1	1726	2306	+	11.5	0
ERV1	DR0105342	KZ508581.1	2311	3074	C	11.8	0
ERVL	DR0105312	KZ508581.1	5738	6551	C	13.9	0
ERVL	DR0105312	KZ508581.1	9444	9742	C	24.7	0
ERVL	DR0105232	KZ508581.1	12840	13160	+	20.1	0
ERV1	DR0105321	KZ508581.1	13192	13308	C	23.8	0
ERV1	DR0105321	KZ508581.1	13390	13729	C	18.3	0
ERVL	DR0105312	KZ508581.1	15480	15926	+	13.4	0
ERVL	DR0105370	KZ508581.1	18853	19320	+	10.6	0
ERVL	DR0105370	KZ508581.1	21423	22056	+	21.6	0
ERVL	DR0105305	KZ508581.1	44873	45006	+	25.1	0
ERVL	DR0105305	KZ508581.1	45078	45382	+	21.6	0
ERVL	DR0105312	KZ508581.1	46342	50151	+	15.1	0
ERV4	DR0105376	KZ508581.1	52375	53136	+	65.3	0
ERVL	DR0105371	KZ508588.1	30322	30453	C	13.6	0
ERVL	DR0105370	KZ508589.1	13824	13925	+	24.0	0
ERVL	DR0105371	KZ508589.1	33107	33665	C	13.6	0
ERVL	DR0105371	KZ508591.1	49467	50040	C	14.5	0
ERVL	DR0105278	KZ508594.1	49351	49829	+	15.1	0
ERVL	DR0105294	KZ508599.1	44199	44481	C	11.3	0
ERVL	DR0105315	KZ508600.1	25339	25884	+	25.4	0
ERVL	DR0105371	KZ508601.1	11706	11934	C	23.7	0
ERVL	DR0105261	KZ508604.1	20873	21185	C	16.0	0
ERVL	DR0105364	KZ508609.1	44916	45027	C	8.0	0
ERVL	DR0105358	KZ508611.1	1	191	+	5.8	0
ERVL	DR0105230	KZ508611.1	1543	1688	C	5.5	0
ERVL	DR0105230	KZ508611.1	1704	2090	C	3.9	0
ERVL	DR0105312	KZ508611.1	30365	30516	C	7.2	0
ERVL	DR0105232	KZ508611.1	30574	30751	C	8.4	0
ERVL	DR0105312	KZ508611.1	31418	31811	C	18.1	0
ERVL	DR0105358	KZ508611.1	31812	31865	+	11.1	0
ERVL	DR0105358	KZ508611.1	32222	32501	+	6.1	0
ERVL	DR0105371	KZ508611.1	41808	42190	C	11.1	0
ERVL	DR0105232	KZ508611.1	44807	44892	C	22.1	0
ERVL	DR0105370	KZ508611.1	45598	45663	C	12.1	0
ERV1	DR0105225	KZ508614.1	41831	41874	C	20.4	0
ERV4	DR0105376	KZ508615.1	32433	33154	+	11.7	0
ERVL	DR0105338	KZ508616.1	24737	24930	+	26.3	0
ERVL	DR0105371	KZ508618.1	27115	27669	+	13.3	0
ERV1	DR0105342	KZ508618.1	37860	38022	+	23.3	0
ERVL	DR0105338	KZ508624.1	11314	12365	C	19.2	0
ERV4	DR0105376	KZ508625.1	27071	27794	C	11.1	0
ERVL	DR0105278	KZ508628.1	5	398	+	17.1	0
ERVL	DR0105327	KZ508636.1	44960	45578	C	9.6	0
ERV4	DR0105376	KZ508639.1	22165	22712	C	15.5	0
ERVL	DR0105278	KZ508640.1	34072	34150	+	11.4	0
ERVL	DR0105294	KZ508657.1	44496	44803	C	9.4	0
ERVL	DR0105230	KZ508663.1	28140	28206	+	10.4	0
ERVL	DR0105230	KZ508663.1	28207	28267	+	19.7	0
ERVL	DR0105338	KZ508663.1	46308	46405	C	22.7	0
ERVL	DR0105238	KZ508667.1	12044	12818	+	9.9	0
ERVL	DR0105261	KZ508670.1	7535	7723	+	18.4	0
ERVL	DR0105338	KZ508670.1	8708	9173	+	11.2	0
ERVL	DR0105338	KZ508672.1	2601	2701	C	24.8	0
ERVL	DR0105338	KZ508672.1	2703	2832	C	30.8	0
ERVL	DR0105338	KZ508672.1	20002	20176	C	11.5	0
ERVL	DR0105238	KZ508672.1	21521	21651	+	9.3	0
ERVL	DR0105358	KZ508672.1	27260	27773	C	6.0	0
ERVL	DR0105338	KZ508672.1	35024	35807	C	24.7	0
ERVL	DR0105370	KZ508674.1	46086	46196	+	9.1	0
ERVL	DR0105370	KZ508678.1	32260	32314	+	16.4	0
ERVL	DR0105370	KZ508678.1	32521	32576	+	16.1	0
ERVL	DR0105315	KZ508682.1	47314	47882	C	24.9	0
ERVL	DR0105295	KZ508682.1	54412	54932	+	22.6	0
ERVL	DR0105358	KZ508685.1	26838	26921	+	6.0	0
ERVL	DR0105305	KZ508686.1	44598	44776	C	19.8	0
ERVL	DR0105305	KZ508687.1	38759	39065	+	19.3	0
ERV1	DR0105342	KZ508691.1	15947	16072	+	15.9	0
ERV1	DR0105342	KZ508691.1	16135	16312	+	9.7	0
ERVL	DR0105278	KZ508691.1	41645	41696	+	9.6	0
ERVL	DR0105370	KZ508691.1	42243	42302	+	16.7	0
ERVL	DR0105370	KZ508692.1	2258	2855	C	8.2	0
ERVL	DR0105338	KZ508692.1	20781	21388	+	16.8	0
ERVL	DR0105371	KZ508692.1	30328	30924	C	9.9	0
ERVL	DR0105315	KZ508692.1	36849	37318	C	18.0	0
ERVL	DR0105261	KZ508692.1	41438	41878	+	12.8	0
ERVL	DR0105371	KZ508692.1	41881	42460	C	9.1	0
ERVL	DR0105338	KZ508692.1	42466	43188	+	12.5	0
ERVL	DR0105230	KZ508693.1	1174	1215	+	9.5	0
ERVL	DR0105364	KZ508695.1	3	103	+	7.1	0
ERVL	DR0105358	KZ508701.1	7343	7421	C	1.3	0
ERVL	DR0105327	KZ508708.1	12939	13076	+	9.1	0
ERVL	DR0105294	KZ508712.1	13815	14519	+	8.1	0
ERVL	DR0105370	KZ508713.1	10639	11171	+	16.8	0
ERVL	DR0105230	KZ508724.1	47034	47179	C	21.2	0
ERVL	DR0105238	KZ508726.1	45995	46044	+	6.0	0
ERVL	DR0105315	KZ508729.1	35370	35657	C	25.9	0
ERVL	DR0105327	KZ508733.1	31724	32449	C	10.3	0
ERVL	DR0105370	KZ508734.1	22824	23135	+	18.7	0
ERV4	DR0105376	KZ508740.1	905	1363	+	13.8	0
ERVL	DR0105315	KZ508741.1	27985	28539	+	25.0	0
ERVL	DR0105232	KZ508746.1	30047	30088	+	14.3	0
ERVL	DR0105305	KZ508746.1	33241	33330	C	15.1	0
ERVL	DR0105278	KZ508748.1	9883	10393	+	15.3	0
ERV1	DR0105342	KZ508751.1	40176	40600	+	18.7	0
ERVL	DR0105238	KZ508753.1	4335	4444	C	11.1	0
ERVL	DR0105232	KZ508753.1	47678	49102	+	12.5	0
ERVL	DR0105364	KZ508754.1	12242	12363	C	16.8	0
ERVL	DR0105326	KZ508755.1	4481	4543	+	11.9	0
ERV1	DR0105240	KZ508755.1	11212	11246	+	5.7	0
ERV1	DR0105240	KZ508755.1	15832	16484	+	8.8	0
ERV4	DR0105376	KZ508755.1	18219	18452	C	9.6	0
ERVL	DR0105370	KZ508755.1	20963	21097	C	13.3	0
ERVL	DR0105312	KZ508755.1	22693	25144	C	19.3	0
ERVL	DR0105295	KZ508755.1	26676	27318	C	21.4	0
ERVL	DR0105238	KZ508755.1	50495	50929	+	9.8	0
ERVL	DR0105338	KZ508762.1	37405	37553	+	18.1	0
ERVL	DR0105370	KZ508763.1	1252	1726	C	21.5	0
ERVL	DR0105315	KZ508763.1	1720	1960	C	17.3	0
ERVL	DR0105338	KZ508763.1	8464	9518	C	17.4	0
ERVL	DR0105338	KZ508763.1	15019	15741	C	12.5	0
ERVL	DR0105371	KZ508763.1	15747	16326	+	9.1	0
ERVL	DR0105261	KZ508763.1	16329	16769	C	12.8	0
ERVL	DR0105370	KZ508763.1	17770	18295	C	22.3	0
ERVL	DR0105327	KZ508763.1	28299	29018	+	7.5	0
ERV1	DR0105342	KZ508763.1	36205	37291	+	11.0	0
ERVL	DR0105278	KZ508772.1	17971	18127	C	10.9	0
ERV1	DR0105321	KZ508777.1	17706	18550	+	11.8	0
ERV1	DR0105321	KZ508777.1	35704	35976	+	11.8	0
ERV4	DR0105376	KZ508778.1	39463	39625	C	30.2	0
ERV1	DR0105240	KZ508779.1	3182	3812	+	10.7	0
ERVL	DR0105238	KZ508779.1	5987	6155	C	8.8	0
ERVL	DR0105238	KZ508779.1	6168	6483	C	7.0	0
ERVL	DR0105238	KZ508779.1	7001	7347	+	13.2	0
ERVL	DR0105312	KZ508779.1	8389	8834	+	12.3	0
ERV1	DR0105240	KZ508779.1	13298	13950	C	6.9	0
ERVL	DR0105312	KZ508779.1	16053	16280	+	13.7	0
ERVL	DR0105312	KZ508779.1	16418	17094	C	23.2	0
ERVL	DR0105338	KZ508779.1	27373	27742	C	8.8	0
ERVL	DR0105261	KZ508779.1	28415	28487	C	12.3	0
ERVL	DR0105338	KZ508779.1	30365	30465	+	10.9	0
ERV1	DR0105240	KZ508779.1	40490	40590	C	13.6	0
ERVL	DR0105338	KZ508779.1	41464	42314	C	21.1	0
ERVL	DR0105371	KZ508780.1	5123	5692	+	14.5	0
ERVL	DR0105305	KZ508780.1	7607	8418	+	25.5	0
ERVL	DR0105371	KZ508782.1	18174	18730	C	16.4	0
ERVL	DR0105327	KZ508783.1	27779	27886	+	6.5	0
ERVL	DR0105278	KZ508783.1	44548	44654	C	14.6	0
ERVL	DR0105370	KZ508790.1	21924	22521	+	13.3	0
ERVL	DR0105371	KZ508795.1	17072	17590	+	15.3	0
ERVL	DR0105278	KZ508803.1	9493	9580	+	16.4	0
ERVL	DR0105230	KZ508807.1	29892	29955	+	14.1	0
ERVL	DR0105370	KZ508808.1	40567	40903	C	14.2	0
ERVL	DR0105230	KZ508808.1	47860	47901	+	14.3	0
ERVL	DR0105370	KZ508812.1	8139	8413	C	13.5	0
ERVL	DR0105230	KZ508815.1	721	1358	C	18.4	0
ERV4	DR0105376	KZ508815.1	3120	3195	C	18.9	0
ERVL	DR0105338	KZ508815.1	11991	12253	C	19.0	0
ERVL	DR0105312	KZ508815.1	14261	14945	+	20.1	0
ERVL	DR0105312	KZ508815.1	14952	16289	+	17.0	0
ERVL	DR0105312	KZ508815.1	16298	16774	+	17.6	0
ERVL	DR0105312	KZ508815.1	16848	17058	+	25.6	0
ERVL	DR0105238	KZ508815.1	17059	17462	+	11.2	0
ERV1	DR0105240	KZ508815.1	20277	20878	+	14.1	0
ERVL	DR0105364	KZ508815.1	20879	21117	+	17.4	0
ERV1	DR0105240	KZ508815.1	21133	21210	+	12.8	0
ERVL	DR0105364	KZ508815.1	21225	21285	+	11.5	0
ERVL	DR0105312	KZ508815.1	21415	21731	+	15.9	0
ERVL	DR0105370	KZ508815.1	44601	45130	C	17.1	0
ERVL	DR0105312	KZ508817.1	10916	11318	+	17.2	0
ERVL	DR0105338	KZ508819.1	16948	18051	+	17.9	0
ERVL	DR0105338	KZ508819.1	18283	18388	+	20.8	0
ERVL	DR0105370	KZ508819.1	19490	19985	+	15.0	0
ERVL	DR0105295	KZ508819.1	33338	33430	+	16.1	0
ERVL	DR0105370	KZ508819.1	46783	47293	+	14.7	0
ERVL	DR0105261	KZ508822.1	11810	12321	+	16.7	0
ERVL	DR0105358	KZ508822.1	12597	13135	+	6.9	0
ERVL	DR0105341	KZ508822.1	14148	14536	C	11.6	0
ERVL	DR0105371	KZ508822.1	14569	14621	C	11.3	0
ERVL	DR0105294	KZ508822.1	14626	15046	+	7.4	0
ERVL	DR0105312	KZ508822.1	17189	18226	C	15.1	0
ERV1	DR0105342	KZ508822.1	20583	20921	+	10.2	0
ERV1	DR0105240	KZ508822.1	24346	24531	C	26.9	0
ERVL	DR0105312	KZ508822.1	35828	36190	+	17.9	0
ERVL	DR0105312	KZ508822.1	39151	39911	C	21.3	0
ERV1	DR0105342	KZ508822.1	42785	43253	C	18.3	0
ERVL	DR0105341	KZ508822.1	49632	49764	C	4.5	0
ERVL	DR0105338	KZ508825.1	19402	19527	+	12.7	0
ERVL	DR0105370	KZ508825.1	43992	44576	C	17.5	0
ERVL	DR0105294	KZ508830.1	6528	6733	C	15.2	0
ERVL	DR0105338	KZ508830.1	8115	8784	+	20.8	0
ERVL	DR0105315	KZ508830.1	31232	31410	C	20.1	0
ERVL	DR0105338	KZ508830.1	41520	42194	C	23.1	0
ERVL	DR0105338	KZ508833.1	30	669	C	17.1	0
ERVL	DR0105338	KZ508833.1	753	896	+	14.5	0
ERVL	DR0105338	KZ508833.1	899	1078	+	16.7	0
ERVL	DR0105338	KZ508833.1	2548	2829	+	9.3	0
ERVL	DR0105315	KZ508833.1	2832	3013	C	20.3	0
ERVL	DR0105371	KZ508833.1	5583	6033	C	11.8	0
ERVL	DR0105232	KZ508833.1	6045	6969	C	26.0	0
ERVL	DR0105312	KZ508833.1	8359	10171	C	15.4	0
ERVL	DR0105312	KZ508833.1	10945	11085	C	7.3	0
ERVL	DR0105312	KZ508833.1	11515	12481	C	29.7	0
ERV1	DR0105240	KZ508833.1	12778	13396	C	16.7	0
ERVL	DR0105278	KZ508833.1	16477	16664	C	14.6	0
ERVL	DR0105232	KZ508833.1	18586	18975	C	12.4	0
ERVL	DR0105305	KZ508833.1	19230	19477	+	27.5	0
ERVL	DR0105312	KZ508833.1	26003	26089	C	8.1	0
ERVL	DR0105327	KZ508833.1	31987	32180	C	5.2	0
ERVL	DR0105232	KZ508833.1	32181	32238	C	13.6	0
ERVL	DR0105338	KZ508833.1	39000	39716	+	21.8	0
ERVL	DR0105295	KZ508834.1	7682	7776	+	14.7	0
ERVL	DR0105294	KZ508839.1	1	185	C	4.3	0
ERV4	DR0105376	KZ508849.1	42915	43114	+	17.0	0
ERVL	DR0105294	KZ508850.1	15687	15987	C	9.7	0
ERVL	DR0105364	KZ508850.1	36545	36903	+	13.1	0
ERVL	DR0105371	KZ508852.1	32378	32652	C	12.1	0
ERVL	DR0105338	KZ508854.1	38074	39135	+	17.8	0
ERV1	DR0105321	KZ508855.1	22731	22870	+	10.0	0
ERV1	DR0105321	KZ508855.1	23029	23636	+	12.0	0
ERVL	DR0105327	KZ508860.1	10940	11646	C	10.4	0
ERVL	DR0105312	KZ508864.1	3087	3897	+	17.5	0
ERVL	DR0105312	KZ508864.1	5033	5610	+	15.3	0
ERVL	DR0105261	KZ508864.1	8170	8414	+	9.9	0
ERVL	DR0105261	KZ508864.1	8417	8557	+	10.0	0
ERVL	DR0105358	KZ508864.1	19883	20127	+	5.3	0
ERVL	DR0105327	KZ508864.1	29668	29982	C	7.7	0
ERVL	DR0105364	KZ508870.1	19655	20243	C	16.2	0
ERVL	DR0105364	KZ508871.1	31912	32549	+	14.1	0
ERVL	DR0105278	KZ508871.1	42731	43252	C	15.0	0
ERVL	DR0105338	KZ508873.1	37017	37075	C	5.1	0
ERVL	DR0105364	KZ508879.1	11817	12455	+	14.3	0
ERVL	DR0105364	KZ508880.1	24176	24816	+	15.8	0
ERVL	DR0105370	KZ508882.1	40599	40714	+	20.9	0
ERVL	DR0105338	KZ508888.1	19083	20104	+	19.9	0
ERV1	DR0105321	KZ508891.1	7651	8408	C	11.8	0
ERVL	DR0105358	KZ508893.1	39639	40287	+	7.9	0
ERV4	DR0105376	KZ508903.1	10057	10779	C	8.8	0
ERVL	DR0105278	KZ508903.1	21549	22092	+	16.9	0
ERVL	DR0105278	KZ508909.1	29919	30025	+	16.8	0
ERV1	DR0105225	KZ508916.1	17858	17895	+	5.3	0
ERVL	DR0105338	KZ508917.1	1181	1296	+	20.9	0
ERVL	DR0105370	KZ508918.1	20367	20956	+	12.8	0
ERVL	DR0105315	KZ508919.1	20140	20701	C	20.1	0
ERVL	DR0105371	KZ508922.1	21755	22371	+	14.2	0
ERVL	DR0105294	KZ508922.1	28545	29274	C	10.4	0
ERVL	DR0105232	KZ508927.1	483	860	C	15.0	0
ERVL	DR0105358	KZ508927.1	1334	1897	C	5.4	0
ERVL	DR0105341	KZ508927.1	8272	8658	C	11.1	0
ERVL	DR0105358	KZ508929.1	11430	11969	C	5.0	0
ERVL	DR0105278	KZ508929.1	24418	24723	+	15.7	0
ERVL	DR0105326	KZ508937.1	21914	22369	+	15.4	0
ERVL	DR0105370	KZ508937.1	25907	26998	C	17.6	0
ERVL	DR0105312	KZ508937.1	27036	27090	C	22.2	0
ERVL	DR0105312	KZ508937.1	27092	27461	C	19.7	0
ERVL	DR0105338	KZ508942.1	22852	23292	C	23.9	0
ERVL	DR0105278	KZ508957.1	10399	10742	+	18.7	0
ERVL	DR0105278	KZ508959.1	44903	45454	+	13.9	0
ERV1	DR0105342	KZ508962.1	38024	38859	+	16.1	0
ERV4	DR0105376	KZ508965.1	1876	2624	+	9.7	0
ERVL	DR0105370	KZ508965.1	15663	15879	+	22.7	0
ERVL	DR0105370	KZ508968.1	12613	12809	+	20.8	0
ERVL	DR0105370	KZ508971.1	2313	2916	+	23.7	0
ERVL	DR0105371	KZ508982.1	19823	20440	+	12.8	0
ERVL	DR0105327	KZ508990.1	3962	4691	C	9.5	0
ERV4	DR0105376	KZ508990.1	27893	28633	C	20.7	0
ERV4	DR0105376	KZ508991.1	1	425	C	7.8	0
ERVL	DR0105232	KZ508991.1	15841	16186	+	13.2	0
ERVL	DR0105312	KZ508991.1	18260	18845	+	22.6	0
ERVL	DR0105312	KZ508991.1	21487	21653	+	9.6	0
ERVL	DR0105364	KZ508991.1	21776	21855	+	7.6	0
ERVL	DR0105312	KZ508991.1	28687	29676	C	14.8	0
ERVL	DR0105261	KZ508991.1	33291	33476	C	27.4	0
ERVL	DR0105278	KZ508991.1	35002	35335	C	14.0	0
ERVL	DR0105261	KZ508991.1	37628	37769	C	9.2	0
ERV1	DR0105240	KZ508991.1	39785	39884	C	13.7	0
ERVL	DR0105338	KZ508992.1	11368	11843	C	16.5	0
ERV4	DR0105376	KZ508994.1	42651	43208	C	15.0	0
ERVL	DR0105358	KZ509011.1	28501	29131	+	10.9	0
ERV1	DR0105240	KZ509012.1	779	814	C	5.6	0
ERVL	DR0105358	KZ509014.1	1211	1855	+	4.7	0
ERVL	DR0105238	KZ509015.1	38086	38347	C	13.7	0
ERVL	DR0105278	KZ509017.1	33273	33664	C	15.0	0
ERVL	DR0105338	KZ509018.1	202	1134	C	19.8	0
ERV4	DR0105376	KZ509018.1	10718	11465	+	5.8	0
ERVL	DR0105315	KZ509018.1	12658	13303	+	23.3	0
ERVL	DR0105370	KZ509018.1	14803	15407	+	21.4	0
ERVL	DR0105312	KZ509018.1	16401	17016	+	18.7	0
ERVL	DR0105370	KZ509018.1	17552	18120	C	10.5	0
ERVL	DR0105370	KZ509018.1	19265	19341	+	25.0	0
ERVL	DR0105370	KZ509018.1	19543	19913	+	23.7	0
ERVL	DR0105315	KZ509018.1	29603	29791	+	22.6	0
ERVL	DR0105305	KZ509018.1	34707	34877	+	21.0	0
ERVL	DR0105305	KZ509018.1	35880	36449	+	20.9	0
ERVL	DR0105358	KZ509018.1	38276	38415	+	9.3	0
ERVL	DR0105371	KZ509020.1	7769	7870	+	17.6	0
ERVL	DR0105370	KZ509028.1	4328	4869	+	10.5	0
ERVL	DR0105364	KZ509032.1	2224	2849	+	11.9	0
ERVL	DR0105261	KZ509034.1	6036	6245	C	12.9	0
ERVL	DR0105370	KZ509034.1	6679	8065	+	25.3	0
ERVL	DR0105370	KZ509034.1	13405	15058	+	16.8	0
ERVL	DR0105278	KZ509034.1	17913	18442	C	9.5	0
ERVL	DR0105315	KZ509034.1	19684	19884	C	23.1	0
ERVL	DR0105261	KZ509034.1	20887	21777	C	12.7	0
ERV1	DR0105240	KZ509034.1	33016	33144	C	14.4	0
ERVL	DR0105315	KZ509034.1	33626	34181	C	22.5	0
ERVL	DR0105338	KZ509038.1	10792	10983	C	25.8	0
ERV1	DR0105240	KZ509042.1	33933	34028	+	15.2	0
ERVL	DR0105370	KZ509043.1	34199	34761	+	16.4	0
ERVL	DR0105358	KZ509044.1	20690	21335	+	50.0	0
ERVL	DR0105278	KZ509046.1	28886	29262	+	18.3	0
ERVL	DR0105371	KZ509049.1	6892	7441	+	14.0	0
ERVL	DR0105338	KZ509051.1	36358	36580	+	19.8	0
ERVL	DR0105278	KZ509063.1	11285	11356	C	9.7	0
ERVL	DR0105358	KZ509068.1	1	225	C	9.8	0
ERVL	DR0105278	KZ509069.1	29536	30055	+	15.7	0
ERVL	DR0105294	KZ509073.1	11186	11888	C	30.0	0
ERVL	DR0105358	KZ509073.1	14656	15104	C	13.8	0
ERV1	DR0105240	KZ509073.1	26205	26347	+	24.6	0
ERV1	DR0105240	KZ509073.1	29045	29170	C	27.9	0
ERVL	DR0105238	KZ509076.1	39871	39954	+	11.9	0
ERVL	DR0105294	KZ509078.1	23834	24553	C	9.2	0
ERVL	DR0105364	KZ509081.1	952	1290	+	12.1	0
ERVL	DR0105370	KZ509087.1	282	538	+	15.9	0
ERVL	DR0105305	KZ509087.1	13607	13827	+	26.5	0
ERVL	DR0105338	KZ509090.1	19320	20349	C	17.7	0
ERVL	DR0105370	KZ509093.1	34573	35019	+	14.0	0
ERVL	DR0105364	KZ509094.1	14	528	C	13.4	0
ERVL	DR0105358	KZ509095.1	2667	3313	+	5.6	0
ERVL	DR0105370	KZ509097.1	7589	8170	+	20.0	0
ERVL	DR0105305	KZ509101.1	30981	31091	+	18.0	0
ERVL	DR0105305	KZ509101.1	31580	31916	+	27.2	0
ERVL	DR0105315	KZ509105.1	1049	1254	C	17.8	0
ERVL	DR0105338	KZ509105.1	1538	2611	+	18.7	0
ERVL	DR0105295	KZ509105.1	11571	11684	C	14.0	0
ERV4	DR0105376	KZ509105.1	14311	15042	C	13.1	0
ERVL	DR0105371	KZ509105.1	22549	23095	+	17.7	0
ERVL	DR0105278	KZ509105.1	31815	32391	+	20.7	0
ERVL	DR0105278	KZ509105.1	32819	32918	+	27.0	0
ERVL	DR0105278	KZ509105.1	33081	33209	+	22.2	0
ERVL	DR0105364	KZ509108.1	41928	42599	C	13.7	0
ERVL	DR0105371	KZ509114.1	5618	5672	C	14.6	0
ERVL	DR0105294	KZ509117.1	30235	30391	+	9.6	0
ERVL	DR0105238	KZ509117.1	30392	30492	+	17.1	0
ERVL	DR0105278	KZ509119.1	27615	28100	C	13.0	0
ERVL	DR0105370	KZ509121.1	30966	31173	+	14.0	0
ERVL	DR0105312	KZ509122.1	14	241	+	27.5	0
ERVL	DR0105232	KZ509122.1	6695	6804	C	33.0	0
ERVL	DR0105358	KZ509122.1	11094	11456	C	8.5	0
ERV1	DR0105240	KZ509122.1	13437	13537	C	10.4	0
ERVL	DR0105312	KZ509122.1	16156	16248	+	30.8	0
ERVL	DR0105341	KZ509122.1	43403	43440	+	7.9	0
ERVL	DR0105371	KZ509124.1	43122	43375	+	13.9	0
ERVL	DR0105261	KZ509134.1	44327	44497	C	18.1	0
ERVL	DR0105358	KZ509148.1	1227	1277	+	9.8	0
ERVL	DR0105341	KZ509152.1	22843	23263	+	11.6	0
ERVL	DR0105358	KZ509154.1	9513	10159	+	5.1	0
ERVL	DR0105358	KZ509154.1	21397	21630	C	7.9	0
ERVL	DR0105338	KZ509154.1	24778	24967	+	15.9	0
ERV4	DR0105376	KZ509154.1	26422	26975	C	13.1	0
ERV1	DR0105240	KZ509154.1	41738	42042	+	22.7	0
ERVL	DR0105338	KZ509157.1	15590	16684	C	22.0	0
ERVL	DR0105294	KZ509157.1	20181	20897	C	9.5	0
ERVL	DR0105315	KZ509157.1	31789	32366	C	27.7	0
ERV1	DR0105240	KZ509158.1	34702	34749	C	4.2	0
ERVL	DR0105364	KZ509159.1	43795	44254	+	11.8	0
ERVL	DR0105305	KZ509162.1	25856	26065	+	26.6	0
ERVL	DR0105305	KZ509162.1	26071	26143	+	19.2	0
ERVL	DR0105364	KZ509166.1	37846	38319	C	10.8	0
ERVL	DR0105338	KZ509167.1	11720	12792	+	16.6	0
ERVL	DR0105278	KZ509168.1	9480	9867	C	16.0	0
ERVL	DR0105338	KZ509169.1	5501	5951	+	24.8	0
ERV1	DR0105240	KZ509169.1	5956	6547	+	13.8	0
ERVL	DR0105338	KZ509169.1	6549	6815	+	22.7	0
ERVL	DR0105338	KZ509177.1	2832	3319	C	20.6	0
ERVL	DR0105278	KZ509177.1	3325	3783	C	17.1	0
ERVL	DR0105338	KZ509177.1	3802	4162	C	20.4	0
ERVL	DR0105312	KZ509178.1	1	713	+	14.9	0
ERVL	DR0105312	KZ509178.1	1178	1714	+	16.5	0
ERVL	DR0105294	KZ509178.1	1791	2534	+	15.5	0
ERV4	DR0105376	KZ509178.1	11660	11901	+	8.7	0
ERVL	DR0105294	KZ509178.1	16570	17324	+	11.1	0
ERVL	DR0105358	KZ509178.1	28409	29055	+	5.4	0
ERVL	DR0105278	KZ509178.1	41696	41897	+	19.9	0
ERVL	DR0105338	KZ509178.1	46886	47480	+	25.6	0
ERVL	DR0105371	KZ509180.1	414	984	C	12.1	0
ERVL	DR0105338	KZ509186.1	16884	17623	C	20.1	0
ERVL	DR0105358	KZ509187.1	1939	2578	+	45.3	0
ERVL	DR0105370	KZ509187.1	12094	12686	C	15.4	0
ERVL	DR0105230	KZ509187.1	30171	30224	C	13.0	0
ERVL	DR0105294	KZ509189.1	17675	18418	C	10.7	0
ERVL	DR0105370	KZ509193.1	24684	25237	+	24.0	0
ERVL	DR0105371	KZ509202.1	21287	21389	C	25.0	0
ERVL	DR0105326	KZ509204.1	2883	3001	+	14.8	0
ERV4	DR0105376	KZ509205.1	14011	14096	C	17.4	0
ERV1	DR0105240	KZ509206.1	10148	10298	C	22.3	0
ERV1	DR0105240	KZ509206.1	11206	11348	+	26.2	0
ERVL	DR0105358	KZ509207.1	22482	23111	+	12.3	0
ERVL	DR0105312	KZ509210.1	24278	24576	+	31.0	0
ERV1	DR0105240	KZ509214.1	40121	40248	+	23.8	0
ERVL	DR0105278	KZ509215.1	31026	31539	+	14.3	0
ERVL	DR0105358	KZ509219.1	40119	40196	C	2.6	0
ERVL	DR0105238	KZ509220.1	17077	17526	C	14.6	0
ERVL	DR0105338	KZ509223.1	8284	9345	+	23.3	0
ERVL	DR0105370	KZ509231.1	890	1096	C	17.0	0
ERVL	DR0105278	KZ509236.1	31985	32356	C	20.0	0
ERVL	DR0105338	KZ509236.1	33917	34127	C	22.0	0
ERV4	DR0105376	KZ509239.1	37124	37238	+	16.8	0
ERVL	DR0105278	KZ509244.1	3766	3970	C	14.4	0
ERVL	DR0105364	KZ509245.1	4566	4715	+	16.6	0
ERVL	DR0105278	KZ509246.1	539	1105	+	17.1	0
ERVL	DR0105370	KZ509246.1	32443	32996	+	27.4	0
ERVL	DR0105315	KZ509250.1	363	856	C	21.8	0
ERVL	DR0105364	KZ509254.1	7086	7672	C	13.7	0
ERVL	DR0105278	KZ509262.1	783	847	C	20.0	0
ERVL	DR0105358	KZ509262.1	848	1474	+	5.9	0
ERVL	DR0105278	KZ509262.1	1476	2459	C	16.4	0
ERVL	DR0105338	KZ509262.1	3561	4377	C	16.4	0
ERVL	DR0105338	KZ509262.1	9532	9931	C	17.4	0
ERVL	DR0105305	KZ509262.1	11790	12104	C	22.9	0
ERVL	DR0105305	KZ509262.1	12176	12408	C	22.6	0
ERVL	DR0105370	KZ509262.1	14059	14573	C	15.1	0
ERVL	DR0105341	KZ509262.1	16481	16875	C	9.6	0
ERVL	DR0105338	KZ509262.1	23197	24238	C	13.2	0
ERVL	DR0105327	KZ509262.1	36782	36965	+	6.6	0
ERVL	DR0105238	KZ509262.1	42615	43336	C	8.0	0
ERVL	DR0105358	KZ509267.1	32603	32863	+	4.6	0
ERVL	DR0105327	KZ509267.1	41117	41175	+	6.8	0
ERV1	DR0105321	KZ509269.1	6684	6816	+	10.5	0
ERVL	DR0105278	KZ509270.1	14920	15412	+	17.0	0
ERVL	DR0105338	KZ509270.1	24066	24481	C	9.9	0
ERVL	DR0105338	KZ509270.1	24483	24796	C	15.4	0
ERVL	DR0105338	KZ509275.1	1	589	C	25.4	0
ERVL	DR0105315	KZ509275.1	7381	7729	+	21.8	0
ERV4	DR0105376	KZ509275.1	12400	12510	+	14.4	0
ERVL	DR0105232	KZ509275.1	21145	21285	C	11.0	0
ERVL	DR0105232	KZ509275.1	26916	27730	C	15.1	0
ERVL	DR0105315	KZ509275.1	31670	32270	+	22.8	0
ERVL	DR0105238	KZ509275.1	35437	35542	+	9.4	0
ERVL	DR0105338	KZ509277.1	30912	31704	+	20.1	0
ERVL	DR0105278	KZ509277.1	31705	31924	+	14.3	0
ERVL	DR0105305	KZ509279.1	27546	27957	+	29.4	0
ERVL	DR0105294	KZ509282.1	8350	8451	C	9.8	0
ERVL	DR0105370	KZ509283.1	36525	37106	C	16.3	0
ERVL	DR0105371	KZ509283.1	38955	39267	+	14.1	0
ERV1	DR0105240	KZ509287.1	23249	23805	C	10.1	0
ERVL	DR0105294	KZ509287.1	40637	41270	+	8.0	0
ERVL	DR0105364	KZ509292.1	1225	1590	C	16.0	0
ERVL	DR0105312	KZ509292.1	4780	5171	C	16.9	0
ERV4	DR0105376	KZ509292.1	18453	19174	+	13.6	0
ERVL	DR0105358	KZ509292.1	26511	27139	C	4.0	0
ERVL	DR0105371	KZ509292.1	38996	39380	+	15.7	0
ERVL	DR0105278	KZ509293.1	29904	30376	C	13.6	0
ERVL	DR0105370	KZ509294.1	20645	21184	C	13.4	0
ERV4	DR0105376	KZ509299.1	19138	19879	+	6.6	0
ERVL	DR0105338	KZ509300.1	15386	15567	+	11.6	0
ERVL	DR0105338	KZ509303.1	152	353	C	18.9	0
ERVL	DR0105370	KZ509303.1	17227	17792	C	18.5	0
ERVL	DR0105315	KZ509303.1	19360	19928	+	20.2	0
ERVL	DR0105278	KZ509303.1	24251	24342	C	12.2	0
ERVL	DR0105294	KZ509303.1	24816	25110	C	8.9	0
ERVL	DR0105278	KZ509303.1	25116	25396	C	14.0	0
ERVL	DR0105315	KZ509310.1	7811	8376	C	25.6	0
ERVL	DR0105371	KZ509314.1	32849	33082	+	11.2	0
ERVL	DR0105370	KZ509314.1	33085	33132	+	14.6	0
ERVL	DR0105338	KZ509316.1	36496	36698	+	25.0	0
ERVL	DR0105358	KZ509318.1	2	174	C	9.8	0
ERVL	DR0105278	KZ509318.1	16342	16616	C	11.8	0
ERV1	DR0105240	KZ509318.1	27804	27906	+	26.5	0
ERVL	DR0105238	KZ509326.1	4019	4109	+	3.3	0
ERVL	DR0105338	KZ509326.1	6604	6744	+	5.7	0
ERVL	DR0105278	KZ509326.1	9906	10255	+	10.4	0
ERVL	DR0105278	KZ509326.1	10654	10838	+	13.0	0
ERVL	DR0105338	KZ509326.1	17705	18307	+	17.6	0
ERVL	DR0105358	KZ509326.1	36718	37365	C	6.2	0
ERVL	DR0105295	KZ509326.1	39911	40449	C	21.5	0
ERVL	DR0105370	KZ509329.1	8245	8369	+	11.2	0
ERVL	DR0105370	KZ509329.1	9607	10122	+	22.9	0
ERVL	DR0105370	KZ509329.1	24314	24374	C	16.4	0
ERVL	DR0105312	KZ509330.1	31784	31838	+	16.4	0
ERVL	DR0105341	KZ509336.1	19978	20368	+	12.5	0
ERVL	DR0105238	KZ509336.1	36703	37389	+	7.9	0
ERVL	DR0105294	KZ509338.1	2344	3034	+	8.1	0
ERVL	DR0105338	KZ509338.1	3616	3758	+	16.1	0
ERVL	DR0105338	KZ509338.1	20523	21482	+	20.3	0
ERVL	DR0105338	KZ509338.1	23505	24479	+	17.5	0
ERVL	DR0105338	KZ509338.1	24501	24866	+	5.3	0
ERVL	DR0105370	KZ509338.1	28951	29123	+	19.2	0
ERVL	DR0105358	KZ509338.1	29667	29807	+	9.9	0
ERVL	DR0105364	KZ509338.1	33064	33701	+	10.8	0
ERVL	DR0105338	KZ509338.1	33714	34004	+	16.2	0
ERVL	DR0105294	KZ509338.1	37511	37666	+	7.0	0
ERVL	DR0105312	KZ509338.1	39476	40156	+	21.0	0
ERVL	DR0105312	KZ509338.1	40198	40636	+	15.1	0
ERVL	DR0105312	KZ509338.1	40711	40921	+	25.7	0
ERVL	DR0105326	KZ509338.1	42652	42708	C	12.3	0
ERVL	DR0105370	KZ509338.1	43024	43317	C	9.6	0
ERVL	DR0105261	KZ509338.1	44697	45004	+	17.3	0
ERVL	DR0105338	KZ509340.1	33595	34723	C	17.6	0
ERV4	DR0105376	KZ509341.1	5750	6263	C	6.0	0
ERVL	DR0105358	KZ509342.1	767	821	C	7.3	0
ERVL	DR0105338	KZ509342.1	2270	2889	+	12.0	0
ERVL	DR0105358	KZ509342.1	4572	4810	+	8.4	0
ERVL	DR0105370	KZ509342.1	6638	6860	C	14.3	0
ERV1	DR0105240	KZ509342.1	12048	12278	C	9.1	0
ERVL	DR0105312	KZ509342.1	17333	17480	C	31.3	0
ERVL	DR0105312	KZ509342.1	17512	19993	C	14.2	0
ERVL	DR0105312	KZ509342.1	20711	21207	C	16.4	0
ERVL	DR0105232	KZ509342.1	23026	23951	C	27.1	0
ERVL	DR0105370	KZ509342.1	23960	24233	+	13.3	0
ERVL	DR0105294	KZ509342.1	25062	25280	C	7.3	0
ERVL	DR0105358	KZ509342.1	30513	31022	+	10.6	0
ERVL	DR0105326	KZ509342.1	38483	38562	+	10.5	0
ERVL	DR0105278	KZ509343.1	20909	21471	C	14.0	0
ERVL	DR0105358	KZ509352.1	40319	40421	+	10.7	0
ERVL	DR0105238	KZ509354.1	41353	41510	+	14.7	0
ERVL	DR0105278	KZ509369.1	33264	33767	C	15.6	0
ERV4	DR0105376	KZ509373.1	7539	8088	C	14.0	0
ERVL	DR0105326	KZ509373.1	13198	13465	+	28.5	0
ERVL	DR0105338	KZ509381.1	19327	19566	+	24.9	0
ERVL	DR0105370	KZ509386.1	20946	21097	+	20.0	0
ERVL	DR0105315	KZ509388.1	38386	38690	C	17.4	0
ERVL	DR0105338	KZ509389.1	35308	35568	+	23.1	0
ERVL	DR0105338	KZ509389.1	35583	35937	+	23.5	0
ERVL	DR0105338	KZ509399.1	16489	16871	C	11.8	0
ERVL	DR0105312	KZ509400.1	6188	6413	+	20.8	0
ERVL	DR0105312	KZ509400.1	6415	7723	+	23.5	0
ERVL	DR0105312	KZ509400.1	7745	8295	C	15.8	0
ERVL	DR0105261	KZ509400.1	9338	9778	C	16.7	0
ERVL	DR0105364	KZ509400.1	12248	12707	+	14.3	0
ERVL	DR0105370	KZ509404.1	27636	28279	C	23.3	0
ERVL	DR0105312	KZ509409.1	28593	29354	C	19.8	0
ERVL	DR0105232	KZ509409.1	29653	30061	C	26.1	0
ERV1	DR0105321	KZ509418.1	13381	13405	C	27.9	0
ERVL	DR0105371	KZ509418.1	13904	14298	+	16.3	0
ERV1	DR0105321	KZ509422.1	1	528	+	11.0	0
ERVL	DR0105294	KZ509422.1	2791	3173	C	7.0	0
ERVL	DR0105315	KZ509422.1	7183	7337	C	12.9	0
ERVL	DR0105370	KZ509422.1	7573	8120	C	12.0	0
ERVL	DR0105338	KZ509422.1	14417	14486	C	12.9	0
ERVL	DR0105338	KZ509422.1	14729	15669	C	16.2	0
ERVL	DR0105278	KZ509422.1	35917	35987	C	15.0	0
ERVL	DR0105278	KZ509422.1	36131	36321	C	15.8	0
ERVL	DR0105338	KZ509422.1	36621	36925	C	16.2	0
ERVL	DR0105312	KZ509422.1	43401	43902	C	17.8	0
ERVL	DR0105232	KZ509422.1	44068	44408	C	25.6	0
ERVL	DR0105371	KZ509425.1	8766	9353	+	11.2	0
ERV4	DR0105376	KZ509426.1	654	798	+	20.4	0
ERVL	DR0105295	KZ509427.1	24128	24627	C	23.2	0
ERVL	DR0105278	KZ509428.1	12159	12649	C	16.1	0
ERVL	DR0105358	KZ509430.1	1	167	+	4.2	0
ERVL	DR0105232	KZ509430.1	31337	31618	+	12.7	0
ERV4	DR0105376	KZ509430.1	32416	32483	C	16.0	0
ERV4	DR0105376	KZ509430.1	32505	32704	C	19.5	0
ERV4	DR0105376	KZ509430.1	32707	32890	C	25.0	0
ERV4	DR0105376	KZ509430.1	35065	35164	C	17.0	0
ERVL	DR0105238	KZ509430.1	39593	39675	C	25.9	0
ERVL	DR0105294	KZ509430.1	39678	39892	C	9.8	0
ERVL	DR0105295	KZ509435.1	8701	9156	+	11.5	0
ERVL	DR0105315	KZ509435.1	15468	16076	+	18.4	0
ERVL	DR0105370	KZ509435.1	18154	18225	+	19.4	0
ERVL	DR0105338	KZ509435.1	18228	18468	+	18.8	0
ERVL	DR0105338	KZ509435.1	30679	30823	C	13.4	0
ERVL	DR0105338	KZ509435.1	30829	31306	C	17.4	0
ERVL	DR0105370	KZ509435.1	32277	32873	+	12.5	0
ERVL	DR0105295	KZ509435.1	39488	39599	C	14.3	0
ERVL	DR0105261	KZ509435.1	40152	40392	+	11.3	0
ERVL	DR0105338	KZ509435.1	41017	41360	+	13.8	0
ERVL	DR0105312	KZ509446.1	12949	13188	C	22.9	0
ERVL	DR0105261	KZ509452.1	40181	40389	+	18.2	0
ERVL	DR0105364	KZ509455.1	1	244	C	7.0	0
ERVL	DR0105327	KZ509455.1	4459	5012	+	9.4	0
ERVL	DR0105294	KZ509455.1	10051	10376	C	10.9	0
ERV1	DR0105342	KZ509455.1	13734	14080	+	21.5	0
ERV1	DR0105342	KZ509455.1	24487	24792	C	16.7	0
ERVL	DR0105370	KZ509455.1	29374	29676	+	21.1	0
ERVL	DR0105305	KZ509455.1	30226	31056	C	24.9	0
ERVL	DR0105261	KZ509455.1	35439	35850	C	22.9	0
ERVL	DR0105294	KZ509457.1	34305	34420	C	6.1	0
ERVL	DR0105278	KZ509460.1	12448	12557	C	20.2	0
ERVL	DR0105370	KZ509460.1	18500	18740	C	17.0	0
ERV1	DR0105240	KZ509465.1	106	206	+	13.6	0
ERVL	DR0105232	KZ509478.1	13579	13842	+	17.2	0
ERVL	DR0105338	KZ509478.1	16709	17663	C	19.7	0
ERVL	DR0105278	KZ509478.1	28170	28469	C	10.0	0
ERVL	DR0105370	KZ509478.1	37518	37715	C	15.7	0
ERVL	DR0105305	KZ509483.1	17092	17549	C	28.6	0
ERVL	DR0105364	KZ509485.1	20231	20867	C	14.7	0
ERVL	DR0105370	KZ509488.1	31928	32032	+	17.3	0
ERVL	DR0105364	KZ509501.1	26615	26945	C	11.7	0
ERV1	DR0105342	KZ509505.1	33415	34457	C	19.8	0
ERVL	DR0105364	KZ509508.1	30870	31091	C	13.1	0
ERV4	DR0105376	KZ509508.1	31765	32177	+	5.4	0
ERVL	DR0105364	KZ509509.1	22824	23323	C	9.6	0
ERVL	DR0105278	KZ509509.1	25730	26161	+	12.5	0
ERVL	DR0105294	KZ509509.1	27423	28150	+	10.5	0
ERVL	DR0105371	KZ509525.1	31734	31786	+	15.1	0
ERVL	DR0105358	KZ509526.1	29165	29345	+	3.3	0
ERVL	DR0105338	KZ509527.1	11530	12576	C	18.8	0
ERVL	DR0105370	KZ509527.1	13919	14508	C	14.2	0
ERVL	DR0105358	KZ509527.1	17362	17520	+	2.5	0
ERVL	DR0105358	KZ509527.1	17857	18100	+	6.6	0
ERVL	DR0105294	KZ509527.1	18985	19029	+	6.7	0
ERVL	DR0105338	KZ509527.1	23935	25005	+	17.3	0
ERV1	DR0105342	KZ509527.1	29815	30853	+	14.6	0
ERV1	DR0105321	KZ509527.1	31781	32521	+	9.0	0
ERVL	DR0105238	KZ509527.1	36694	36778	C	12.4	0
ERVL	DR0105238	KZ509527.1	37323	37389	C	4.5	0
ERVL	DR0105370	KZ509528.1	18763	19207	+	15.1	0
ERVL	DR0105315	KZ509536.1	32008	32480	+	22.5	0
ERVL	DR0105370	KZ509538.1	29478	29600	+	23.3	0
ERVL	DR0105238	KZ509541.1	23539	24176	+	11.6	0
ERVL	DR0105364	KZ509550.1	38411	38560	C	12.0	0
ERVL	DR0105278	KZ509551.1	6070	6189	C	14.2	0
ERV4	DR0105376	KZ509551.1	6295	6681	+	22.5	0
ERVL	DR0105261	KZ509551.1	11233	11624	C	17.9	0
ERVL	DR0105294	KZ509552.1	15069	15818	C	10.4	0
ERVL	DR0105364	KZ509552.1	26088	26735	C	13.3	0
ERVL	DR0105338	KZ509552.1	32857	33363	C	16.9	0
ERVL	DR0105370	KZ509558.1	26067	26178	+	17.0	0
ERVL	DR0105370	KZ509558.1	26266	26503	+	16.4	0
ERVL	DR0105370	KZ509562.1	10238	10330	+	21.5	0
ERVL	DR0105370	KZ509565.1	9125	9703	+	18.8	0
ERVL	DR0105295	KZ509573.1	5259	5533	+	20.8	0
ERVL	DR0105370	KZ509573.1	5634	5779	+	20.8	0
ERVL	DR0105294	KZ509574.1	21818	21951	C	6.0	0
ERVL	DR0105371	KZ509578.1	13527	13999	C	11.8	0
ERVL	DR0105364	KZ509581.1	4427	4482	+	12.5	0
ERVL	DR0105294	KZ509584.1	31254	31331	C	15.4	0
ERVL	DR0105370	KZ509585.1	11302	11889	+	12.4	0
ERVL	DR0105278	KZ509586.1	17917	18374	C	12.9	0
ERVL	DR0105278	KZ509587.1	9840	10339	+	16.8	0
ERV1	DR0105321	KZ509588.1	15718	16177	C	11.5	0
ERV1	DR0105225	KZ509590.1	1269	1321	C	26.4	0
ERVL	DR0105294	KZ509592.1	26024	26130	C	6.5	0
ERVL	DR0105370	KZ509595.1	10161	10277	C	17.2	0
ERVL	DR0105370	KZ509595.1	11689	11787	+	23.5	0
ERVL	DR0105370	KZ509595.1	14676	15263	C	26.4	0
ERVL	DR0105371	KZ509599.1	25819	26323	C	17.0	0
ERVL	DR0105371	KZ509603.1	36075	36447	+	16.1	0
ERV4	DR0105376	KZ509604.1	9244	9993	+	7.1	0
ERVL	DR0105338	KZ509607.1	3765	4402	+	12.6	0
ERVL	DR0105327	KZ509609.1	16960	17105	C	18.7	0
ERV4	DR0105376	KZ509612.1	12955	13142	C	26.7	0
ERVL	DR0105371	KZ509612.1	19192	19752	+	13.8	0
ERVL	DR0105278	KZ509615.1	18071	18235	C	13.0	0
ERVL	DR0105278	KZ509615.1	23535	23980	+	14.6	0
ERV1	DR0105321	KZ509615.1	32045	32889	C	10.4	0
ERVL	DR0105278	KZ509621.1	11170	11555	+	14.7	0
ERVL	DR0105371	KZ509622.1	14778	15352	+	14.4	0
ERVL	DR0105312	KZ509636.1	11677	12039	C	19.3	0
ERVL	DR0105312	KZ509636.1	15189	15236	+	10.4	0
ERVL	DR0105312	KZ509636.1	15242	15632	+	15.6	0
ERVL	DR0105238	KZ509636.1	18217	18310	C	20.7	0
ERVL	DR0105312	KZ509636.1	19424	21492	+	13.8	0
ERVL	DR0105312	KZ509636.1	21570	21753	+	23.5	0
ERVL	DR0105312	KZ509636.1	21850	22926	C	15.5	0
ERVL	DR0105312	KZ509636.1	22961	23653	C	22.6	0
ERVL	DR0105358	KZ509636.1	29926	30069	+	4.2	0
ERV4	DR0105376	KZ509636.1	31194	31764	C	5.6	0
ERVL	DR0105358	KZ509636.1	36534	37174	C	4.8	0
ERVL	DR0105338	KZ509638.1	24114	24289	C	23.5	0
ERVL	DR0105371	KZ509640.1	37540	38119	+	13.9	0
ERVL	DR0105364	KZ509647.1	9419	9671	+	16.3	0
ERVL	DR0105261	KZ509647.1	38370	38433	+	9.9	0
ERVL	DR0105338	KZ509649.1	23907	24086	+	24.6	0
ERVL	DR0105338	KZ509649.1	24099	24185	+	21.7	0
ERVL	DR0105238	KZ509656.1	29795	29984	+	12.7	0
ERVL	DR0105338	KZ509660.1	12488	12724	C	15.4	0
ERVL	DR0105232	KZ509660.1	13622	14132	+	13.8	0
ERVL	DR0105232	KZ509660.1	18048	19302	+	12.6	0
ERVL	DR0105232	KZ509660.1	21046	21358	+	15.1	0
ERVL	DR0105315	KZ509660.1	28424	28655	C	24.1	0
ERVL	DR0105315	KZ509660.1	28688	29011	C	21.6	0
ERVL	DR0105278	KZ509666.1	30714	31158	+	14.7	0
ERVL	DR0105261	KZ509667.1	11542	11921	+	13.3	0
ERVL	DR0105294	KZ509670.1	11403	11637	C	10.2	0
ERVL	DR0105261	KZ509670.1	16723	17011	+	10.5	0
ERVL	DR0105338	KZ509670.1	17734	17857	+	8.1	0
ERVL	DR0105312	KZ509670.1	38068	39053	C	12.7	0
ERVL	DR0105338	KZ509678.1	3001	3708	C	22.0	0
ERVL	DR0105338	KZ509678.1	4682	4859	C	22.5	0
ERV4	DR0105376	KZ509678.1	12158	12320	+	25.9	0
ERVL	DR0105305	KZ509678.1	13417	14066	+	23.2	0
ERVL	DR0105232	KZ509678.1	16431	18126	C	23.6	0
ERVL	DR0105370	KZ509678.1	18171	18820	+	18.5	0
ERVL	DR0105370	KZ509678.1	26819	26967	C	12.8	0
ERVL	DR0105315	KZ509678.1	27112	27299	C	12.4	0
ERVL	DR0105338	KZ509678.1	28557	28886	C	9.5	0
ERVL	DR0105278	KZ509678.1	28887	29399	+	13.4	0
ERVL	DR0105338	KZ509678.1	29400	29574	C	9.6	0
ERVL	DR0105370	KZ509681.1	2989	3281	+	15.3	0
ERVL	DR0105364	KZ509688.1	7720	8043	+	10.5	0
ERVL	DR0105326	KZ509691.1	3908	4068	C	17.7	0
ERVL	DR0105370	KZ509691.1	4070	4412	C	26.6	0
ERVL	DR0105370	KZ509691.1	4421	5110	C	17.2	0
ERVL	DR0105370	KZ509693.1	20313	20653	+	11.9	0
ERVL	DR0105364	KZ509697.1	22936	23577	+	13.2	0
ERVL	DR0105341	KZ509703.1	21600	21994	+	10.8	0
ERVL	DR0105327	KZ509704.1	881	913	+	3.0	0
ERVL	DR0105326	KZ509704.1	27089	27454	+	13.4	0
ERVL	DR0105338	KZ509706.1	21063	22212	+	16.7	0
ERVL	DR0105278	KZ509721.1	17577	17627	+	3.9	0
ERVL	DR0105358	KZ509722.1	12993	13630	C	5.7	0
ERVL	DR0105338	KZ509722.1	31683	31721	+	12.8	0
ERVL	DR0105370	KZ509723.1	25550	25620	+	21.4	0
ERVL	DR0105338	KZ509730.1	9631	9859	C	21.7	0
ERVL	DR0105338	KZ509730.1	9870	10162	C	24.4	0
ERVL	DR0105370	KZ509730.1	18516	18607	C	10.9	0
ERVL	DR0105338	KZ509730.1	18876	19796	C	19.5	0
ERVL	DR0105278	KZ509730.1	33168	33289	C	10.7	0
ERVL	DR0105295	KZ509730.1	34820	34963	C	15.8	0
ERVL	DR0105294	KZ509731.1	19474	19795	+	7.8	0
ERVL	DR0105230	KZ509731.1	22519	23140	+	8.7	0
ERVL	DR0105312	KZ509731.1	23791	24375	C	19.5	0
ERVL	DR0105312	KZ509731.1	27429	27635	C	12.1	0
ERVL	DR0105294	KZ509731.1	32726	32791	+	13.6	0
ERVL	DR0105338	KZ509731.1	34047	34564	C	14.7	0
ERVL	DR0105358	KZ509731.1	38518	38628	C	2.7	0
ERVL	DR0105370	KZ509733.1	27913	28510	+	20.6	0
ERV4	DR0105376	KZ509734.1	19057	19184	C	13.6	0
ERVL	DR0105370	KZ509734.1	31820	31931	C	26.2	0
ERVL	DR0105238	KZ509734.1	36306	36738	+	10.5	0
ERVL	DR0105338	KZ509740.1	5449	6686	+	17.1	0
ERVL	DR0105238	KZ509741.1	5165	5260	C	10.8	0
ERVL	DR0105230	KZ509741.1	31013	31052	C	12.5	0
ERVL	DR0105358	KZ509742.1	257	325	C	13.0	0
ERVL	DR0105341	KZ509742.1	9923	9974	C	7.7	0
ERVL	DR0105327	KZ509742.1	14554	15268	C	10.6	0
ERVL	DR0105230	KZ509747.1	15683	15788	C	4.7	0
ERVL	DR0105358	KZ509747.1	26218	26866	C	9.3	0
ERVL	DR0105312	KZ509747.1	27400	27480	+	13.6	0
ERVL	DR0105358	KZ509747.1	32801	33064	+	3.4	0
ERVL	DR0105358	KZ509747.1	37101	37463	+	6.6	0
ERVL	DR0105338	KZ509753.1	30575	31018	C	26.6	0
ERVL	DR0105238	KZ509758.1	1930	2051	+	9.9	0
ERVL	DR0105312	KZ509758.1	3455	5006	+	16.3	0
ERVL	DR0105312	KZ509758.1	5007	5105	+	10.1	0
ERVL	DR0105238	KZ509758.1	7284	7723	C	9.4	0
ERVL	DR0105278	KZ509762.1	5427	5919	C	19.0	0
ERVL	DR0105305	KZ509762.1	8833	9395	+	28.2	0
ERVL	DR0105305	KZ509762.1	11681	11883	+	28.7	0
ERVL	DR0105371	KZ509766.1	30166	30493	+	17.1	0
ERV4	DR0105376	KZ509769.1	5482	5660	C	12.3	0
ERVL	DR0105295	KZ509771.1	19502	19676	C	13.7	0
ERVL	DR0105370	KZ509774.1	18031	18619	C	14.5	0
ERVL	DR0105305	KZ509777.1	12151	12465	+	24.2	0
ERVL	DR0105364	KZ509780.1	4188	4783	C	15.0	0
ERVL	DR0105358	KZ509780.1	23681	23839	C	12.6	0
ERVL	DR0105338	KZ509784.1	1184	1338	C	9.7	0
ERVL	DR0105294	KZ509784.1	6920	7662	+	19.7	0
ERVL	DR0105315	KZ509784.1	8540	9138	C	19.1	8
ERV4	DR0105376	KZ509784.1	11377	11455	+	8.6	0
ERV4	DR0105376	KZ509784.1	11459	11557	+	8.1	0
ERVL	DR0105370	KZ509784.1	24478	24824	C	14.5	0
ERVL	DR0105338	KZ509784.1	30832	31128	+	10.4	0
ERVL	DR0105338	KZ509784.1	31311	31728	+	18.6	0
ERVL	DR0105358	KZ509784.1	34583	34812	+	4.3	0
ERVL	DR0105338	KZ509784.1	34822	35036	+	18.7	0
ERVL	DR0105338	KZ509784.1	35148	35732	+	9.4	0
ERVL	DR0105370	KZ509784.1	35781	36027	C	23.7	0
ERVL	DR0105278	KZ509785.1	11478	11957	C	17.6	0
ERVL	DR0105305	KZ509786.1	11900	12059	C	23.7	0
ERVL	DR0105294	KZ509794.1	35796	35935	+	6.4	0
ERVL	DR0105315	KZ509801.1	27052	27187	C	17.3	0
ERVL	DR0105358	KZ509801.1	40431	40811	C	9.2	0
ERVL	DR0105315	KZ509803.1	11508	11866	C	20.0	0
ERVL	DR0105261	KZ509807.1	7346	7785	+	12.9	0
ERVL	DR0105294	KZ509807.1	29378	29943	C	9.2	0
ERVL	DR0105371	KZ509807.1	35723	36121	C	14.9	0
ERVL	DR0105232	KZ509812.1	7136	7522	C	13.0	0
ERVL	DR0105338	KZ509812.1	7563	8646	C	17.5	0
ERVL	DR0105294	KZ509812.1	29993	30633	+	7.7	0
ERVL	DR0105327	KZ509815.1	14361	14413	+	17.7	0
ERV1	DR0105321	KZ509823.1	17537	18088	C	14.1	0
ERV1	DR0105321	KZ509823.1	18215	18473	C	21.3	0
ERVL	DR0105358	KZ509824.1	15756	15890	C	3.0	0
ERVL	DR0105278	KZ509825.1	1	46	C	13.0	0
ERVL	DR0105338	KZ509825.1	5941	6911	C	12.8	0
ERVL	DR0105295	KZ509828.1	26748	27286	+	22.8	0
ERVL	DR0105370	KZ509832.1	23544	23696	+	16.3	0
ERVL	DR0105230	KZ509840.1	33092	33189	+	12.5	0
ERV4	DR0105376	KZ509854.1	4818	5367	C	17.3	0
ERV4	DR0105376	KZ509854.1	22414	23149	C	7.1	0
ERVL	DR0105370	KZ509854.1	32816	33406	C	14.2	0
ERVL	DR0105295	KZ509855.1	32446	32598	+	13.1	0
ERVL	DR0105364	KZ509855.1	36444	37092	C	9.9	0
ERVL	DR0105338	KZ509858.1	25182	25360	+	19.3	0
ERVL	DR0105315	KZ509862.1	10834	11204	+	22.6	0
ERVL	DR0105370	KZ509863.1	1094	1322	C	17.8	0
ERVL	DR0105371	KZ509863.1	11738	11930	C	14.6	0
ERVL	DR0105371	KZ509866.1	13080	13682	+	13.4	0
ERVL	DR0105295	KZ509867.1	30180	30361	+	27.8	0
ERVL	DR0105315	KZ509867.1	30390	30579	+	24.7	0
ERVL	DR0105238	KZ509872.1	3463	3585	+	12.2	0
ERVL	DR0105312	KZ509872.1	10446	10642	+	12.8	0
ERVL	DR0105238	KZ509872.1	13614	14138	C	11.5	0
ERVL	DR0105358	KZ509872.1	20829	21280	C	5.8	0
ERVL	DR0105358	KZ509872.1	21500	21599	+	4.0	0
ERVL	DR0105358	KZ509875.1	3701	3983	+	3.5	0
ERV4	DR0105376	KZ509875.1	3985	4206	C	17.2	0
ERVL	DR0105371	KZ509875.1	14489	14907	+	12.4	0
ERVL	DR0105294	KZ509876.1	11222	11564	C	6.7	0
ERVL	DR0105338	KZ509876.1	15012	15269	+	13.9	0
ERVL	DR0105338	KZ509876.1	15271	15338	C	11.8	0
ERVL	DR0105370	KZ509876.1	15339	15912	C	14.7	0
ERVL	DR0105338	KZ509876.1	15913	16467	C	23.2	0
ERVL	DR0105338	KZ509876.1	19506	19671	C	27.7	0
ERVL	DR0105370	KZ509876.1	27230	27921	C	19.6	0
ERVL	DR0105370	KZ509876.1	28060	28210	C	23.9	0
ERVL	DR0105312	KZ509876.1	28540	28758	C	32.7	0
ERVL	DR0105278	KZ509876.1	29862	30297	C	11.4	0
ERV1	DR0105240	KZ509876.1	30400	30736	C	16.2	0
ERVL	DR0105278	KZ509876.1	30751	30831	C	11.1	0
ERVL	DR0105371	KZ509881.1	24899	25467	+	16.1	0
ERVL	DR0105338	KZ509882.1	2275	3211	+	24.6	0
ERVL	DR0105338	KZ509883.1	24715	24935	C	31.0	0
ERVL	DR0105315	KZ509886.1	26703	27123	C	20.9	0
ERVL	DR0105338	KZ509886.1	28681	29273	C	14.1	0
ERVL	DR0105341	KZ509886.1	30823	30941	C	13.4	0
ERVL	DR0105370	KZ509886.1	32402	32990	+	8.3	0
ERVL	DR0105371	KZ509888.1	25765	26002	+	12.7	0
ERVL	DR0105278	KZ509890.1	21966	22463	+	16.3	0
ERVL	DR0105261	KZ509893.1	18038	18139	C	10.8	0
ERVL	DR0105278	KZ509901.1	10673	10973	C	16.4	0
ERVL	DR0105364	KZ509901.1	34524	34816	+	10.5	0
ERVL	DR0105371	KZ509903.1	21202	21778	C	11.9	0
ERVL	DR0105278	KZ509915.1	16292	16839	+	14.7	0
ERVL	DR0105370	KZ509918.1	2066	2754	+	23.3	0
ERVL	DR0105371	KZ509923.1	24235	24748	+	18.4	0
ERVL	DR0105338	KZ509927.1	10569	11653	C	19.2	0
ERVL	DR0105312	KZ509930.1	5459	5744	+	16.8	0
ERVL	DR0105312	KZ509930.1	5886	7868	C	14.2	0
ERVL	DR0105294	KZ509930.1	18841	19319	+	6.1	0
ERVL	DR0105294	KZ509930.1	21457	21696	+	9.2	0
ERVL	DR0105294	KZ509930.1	21797	21875	C	11.4	0
ERV1	DR0105240	KZ509940.1	23905	24524	+	10.6	0
ERVL	DR0105238	KZ509940.1	37972	38008	+	2.7	0
ERVL	DR0105238	KZ509941.1	438	507	C	9.0	0
ERVL	DR0105358	KZ509944.1	16461	17104	+	5.3	0
ERVL	DR0105305	KZ509954.1	22481	22614	C	20.4	0
ERVL	DR0105338	KZ509955.1	24773	24962	+	18.9	0
ERVL	DR0105312	KZ509961.1	15927	16304	C	10.8	0
ERV4	DR0105376	KZ509967.1	4518	4969	+	14.8	0
ERV4	DR0105376	KZ509968.1	9218	9660	+	12.8	0
ERVL	DR0105294	KZ509972.1	4100	4812	+	11.4	0
ERVL	DR0105315	KZ509972.1	12197	12792	+	24.1	0
ERVL	DR0105338	KZ509978.1	8139	8290	+	13.3	0
ERV4	DR0105376	KZ509978.1	26675	26714	C	5.0	0
ERVL	DR0105305	KZ509978.1	27516	28319	+	24.4	0
ERVL	DR0105338	KZ509978.1	29785	30166	C	15.2	0
ERVL	DR0105230	KZ509978.1	30352	30934	C	8.3	0
ERVL	DR0105338	KZ509978.1	31597	31703	C	12.4	0
ERVL	DR0105364	KZ509980.1	12954	13435	C	15.4	0
ERVL	DR0105364	KZ509980.1	16591	16800	C	13.3	0
ERVL	DR0105364	KZ509980.1	16809	16918	C	14.6	0
ERVL	DR0105364	KZ509980.1	23153	23613	+	16.5	0
ERVL	DR0105261	KZ509987.1	8413	9107	C	14.7	0
ERVL	DR0105371	KZ509992.1	21918	22138	C	12.8	0
ERVL	DR0105338	KZ509999.1	12010	12595	C	16.0	0
ERVL	DR0105370	KZ509999.1	31190	31780	C	20.0	0
ERVL	DR0105371	KZ510002.1	6893	6981	C	13.5	0
ERVL	DR0105370	KZ510002.1	7018	7402	C	11.4	0
ERVL	DR0105261	KZ510002.1	7453	7794	C	15.2	0
ERVL	DR0105370	KZ510002.1	7797	8354	C	8.9	0
ERVL	DR0105315	KZ510002.1	9546	10084	C	23.5	0
ERVL	DR0105315	KZ510002.1	16007	16133	C	15.4	0
ERVL	DR0105312	KZ510002.1	29246	30281	C	18.1	0
ERVL	DR0105338	KZ510002.1	31943	32150	C	11.3	0
ERVL	DR0105338	KZ510002.1	32421	32460	C	12.5	0
ERVL	DR0105358	KZ510002.1	35721	35908	C	6.9	0
ERVL	DR0105315	KZ510010.1	20845	21285	C	31.1	0
ERVL	DR0105370	KZ510014.1	11823	12169	C	11.8	0
ERVL	DR0105370	KZ510014.1	12823	12873	C	11.8	0
ERVL	DR0105278	KZ510015.1	26071	26169	+	15.7	0
ERV4	DR0105376	KZ510021.1	24483	24989	+	15.5	0
ERVL	DR0105371	KZ510023.1	15602	16047	+	10.8	0
ERVL	DR0105238	KZ510023.1	16090	16180	+	5.5	0
ERVL	DR0105312	KZ510023.1	22854	23797	+	20.3	0
ERVL	DR0105312	KZ510023.1	23875	24716	+	18.9	0
ERVL	DR0105312	KZ510023.1	24717	24815	+	10.1	0
ERVL	DR0105312	KZ510023.1	25616	26956	+	16.0	0
ERVL	DR0105312	KZ510023.1	26983	27131	+	26.2	0
ERVL	DR0105364	KZ510023.1	28645	29043	+	11.0	0
ERVL	DR0105370	KZ510023.1	29600	29974	+	9.3	0
ERVL	DR0105294	KZ510027.1	26587	26721	C	5.2	0
ERVL	DR0105294	KZ510027.1	26993	27276	C	9.2	0
ERV1	DR0105342	KZ510031.1	31998	32066	C	23.2	0
ERVL	DR0105338	KZ510037.1	19029	19422	+	25.8	0
ERVL	DR0105364	KZ510039.1	6818	7448	C	9.5	0
ERV4	DR0105376	KZ510039.1	11515	11634	+	25.2	0
ERVL	DR0105261	KZ510039.1	19693	20589	+	12.4	0
ERVL	DR0105338	KZ510039.1	20695	20969	+	9.2	0
ERVL	DR0105338	KZ510039.1	28233	28686	C	19.5	0
ERVL	DR0105370	KZ510039.1	29100	30030	C	12.8	0
ERVL	DR0105370	KZ510042.1	28580	29115	C	12.8	0
ERVL	DR0105305	KZ510042.1	32812	32896	C	14.2	0
ERVL	DR0105364	KZ510050.1	22093	22315	C	10.0	0
ERVL	DR0105278	KZ510056.1	19268	19694	+	17.1	0
ERVL	DR0105370	KZ510059.1	4624	4765	C	14.8	0
ERVL	DR0105338	KZ510069.1	16404	16630	C	22.3	0
ERVL	DR0105370	KZ510076.1	852	1417	+	11.6	0
ERVL	DR0105232	KZ510076.1	1804	2009	C	15.7	0
ERVL	DR0105295	KZ510076.1	9707	10023	+	20.8	0
ERVL	DR0105370	KZ510076.1	10131	10232	+	20.8	0
ERVL	DR0105338	KZ510076.1	10427	11431	C	13.6	0
ERVL	DR0105294	KZ510076.1	26151	26669	C	10.4	0
ERVL	DR0105364	KZ510076.1	29105	29240	C	2.9	0
ERVL	DR0105338	KZ510076.1	29242	30132	+	14.7	0
ERVL	DR0105238	KZ510080.1	24067	24738	+	9.7	0
ERVL	DR0105364	KZ510085.1	20064	20172	+	12.8	0
ERVL	DR0105364	KZ510086.1	1	116	+	8.7	0
ERVL	DR0105326	KZ510090.1	6166	6282	C	18.1	0
ERVL	DR0105326	KZ510093.1	15834	16002	C	9.2	0
ERV4	DR0105376	KZ510096.1	22213	22542	+	18.2	0
ERV4	DR0105376	KZ510097.1	28875	29595	+	8.5	0
ERVL	DR0105305	KZ510107.1	14161	14320	+	23.2	0
ERVL	DR0105364	KZ510112.1	13272	13838	+	12.4	0
ERVL	DR0105315	KZ510120.1	10362	10929	C	23.9	0
ERVL	DR0105278	KZ510120.1	16754	17257	+	16.1	0
ERV1	DR0105342	KZ510126.1	772	1188	C	16.6	0
ERVL	DR0105338	KZ510126.1	30428	30618	C	13.8	0
ERVL	DR0105370	KZ510133.1	21877	22383	+	11.9	0
ERVL	DR0105278	KZ510136.1	3883	4224	+	18.3	0
ERVL	DR0105327	KZ510170.1	35	95	+	8.2	0
ERVL	DR0105327	KZ510170.1	3027	3756	C	7.2	0
ERVL	DR0105338	KZ510170.1	3839	4772	+	16.7	0
ERVL	DR0105370	KZ510170.1	7241	7511	+	22.6	0
ERVL	DR0105315	KZ510170.1	14122	14276	C	18.7	0
ERVL	DR0105295	KZ510170.1	14429	14971	C	21.6	0
ERVL	DR0105312	KZ510170.1	15069	15361	C	25.4	0
ERVL	DR0105364	KZ510170.1	16377	16555	C	7.8	0
ERVL	DR0105315	KZ510170.1	18528	18940	C	21.7	0
ERVL	DR0105338	KZ510170.1	22588	23230	C	16.1	0
ERVL	DR0105358	KZ510181.1	24355	24412	+	5.2	0
ERVL	DR0105232	KZ510188.1	21214	21564	+	6.8	0
ERV1	DR0105342	KZ510188.1	21839	22030	+	22.2	0
ERV1	DR0105342	KZ510188.1	22234	22395	+	22.8	0
ERVL	DR0105305	KZ510191.1	19844	20019	C	28.4	0
ERVL	DR0105261	KZ510192.1	1865	2104	C	10.1	0
ERVL	DR0105312	KZ510195.1	8059	8465	C	19.9	0
ERV1	DR0105240	KZ510201.1	266	463	C	29.2	0
ERV4	DR0105376	KZ510201.1	885	938	C	13.0	0
ERVL	DR0105232	KZ510201.1	940	1026	+	16.1	0
ERV1	DR0105240	KZ510201.1	3884	4305	C	4.3	0
ERVL	DR0105370	KZ510201.1	6948	7068	+	13.6	0
ERVL	DR0105312	KZ510201.1	7069	7645	C	16.7	0
ERVL	DR0105364	KZ510201.1	9350	9522	+	13.9	0
ERVL	DR0105358	KZ510201.1	9932	10239	+	11.0	0
ERVL	DR0105338	KZ510201.1	15491	16054	C	25.0	0
ERVL	DR0105315	KZ510202.1	34393	34619	C	23.5	0
ERVL	DR0105370	KZ510203.1	8072	9214	+	19.9	0
ERV4	DR0105376	KZ510204.1	442	597	C	17.4	0
ERVL	DR0105312	KZ510217.1	4160	4460	+	15.9	0
ERVL	DR0105338	KZ510217.1	8586	8796	C	21.3	0
ERVL	DR0105312	KZ510217.1	21485	21799	+	35.9	0
ERVL	DR0105312	KZ510217.1	23603	23664	C	9.8	0
ERVL	DR0105312	KZ510217.1	23888	23944	C	7.0	0
ERV1	DR0105321	KZ510217.1	27266	27591	C	26.7	0
ERV4	DR0105376	KZ510217.1	30867	31059	C	19.6	0
ERVL	DR0105294	KZ510228.1	4060	4782	C	11.3	0
ERVL	DR0105278	KZ510240.1	28586	29062	C	13.6	0
ERVL	DR0105232	KZ510252.1	21341	22394	C	9.7	0
ERVL	DR0105370	KZ510256.1	21838	21920	+	19.3	0
ERVL	DR0105278	KZ510264.1	27095	27289	+	15.0	0
ERVL	DR0105371	KZ510274.1	2297	2599	+	17.2	0
ERVL	DR0105294	KZ510274.1	27556	27848	+	9.3	0
ERVL	DR0105370	KZ510279.1	17807	18043	+	19.4	0
ERVL	DR0105364	KZ510286.1	241	896	C	13.9	0
ERVL	DR0105327	KZ510295.1	7614	7686	+	13.7	0
ERVL	DR0105238	KZ510296.1	11	122	+	17.9	0
ERVL	DR0105364	KZ510299.1	1	229	C	12.4	0
ERVL	DR0105371	KZ510301.1	19463	20026	C	14.1	0
ERVL	DR0105370	KZ510322.1	16217	16764	+	14.3	0
ERVL	DR0105230	KZ510324.1	7159	7578	C	14.4	0
ERVL	DR0105238	KZ510324.1	11799	12376	C	9.2	0
ERVL	DR0105278	KZ510324.1	12378	12446	C	10.1	0
ERVL	DR0105358	KZ510324.1	16122	16769	C	6.9	0
ERVL	DR0105312	KZ510324.1	16770	16966	C	27.2	0
ERV1	DR0105240	KZ510324.1	17735	17866	+	4.8	0
ERV1	DR0105240	KZ510324.1	20981	21638	+	6.0	0
ERVL	DR0105312	KZ510324.1	22058	22207	C	22.0	0
ERV4	DR0105376	KZ510324.1	22208	22946	C	5.3	0
ERVL	DR0105312	KZ510324.1	29422	31103	C	16.8	0
ERVL	DR0105370	KZ510330.1	18297	18473	C	15.2	0
ERVL	DR0105364	KZ510332.1	3428	3814	+	15.9	0
ERVL	DR0105305	KZ510333.1	23137	23246	C	22.8	0
ERV1	DR0105321	KZ510338.1	4215	4471	+	24.0	0
ERVL	DR0105338	KZ510340.1	8380	8587	+	26.0	0
ERVL	DR0105261	KZ510340.1	14305	14390	C	17.3	0
ERVL	DR0105371	KZ510345.1	18235	18770	+	14.9	0
ERVL	DR0105230	KZ510349.1	466	515	C	14.0	0
ERVL	DR0105278	KZ510349.1	3482	3941	+	16.9	0
ERVL	DR0105338	KZ510356.1	1	193	C	9.8	0
ERV4	DR0105376	KZ510356.1	814	946	C	18.6	0
ERVL	DR0105370	KZ510356.1	1281	1991	C	21.4	0
ERVL	DR0105358	KZ510356.1	15496	15617	C	7.4	0
ERVL	DR0105338	KZ510356.1	17830	17873	C	13.6	0
ERVL	DR0105230	KZ510356.1	21643	21706	C	15.9	0
ERVL	DR0105294	KZ510361.1	13678	13978	C	10.7	0
ERV1	DR0105240	KZ510365.1	28965	28999	C	2.9	0
ERV1	DR0105240	KZ510372.1	14065	14208	C	23.6	0
ERVL	DR0105370	KZ510373.1	29665	30241	+	13.5	0
ERVL	DR0105371	KZ510374.1	1104	1629	C	17.7	0
ERVL	DR0105312	KZ510376.1	44	174	C	30.4	0
ERVL	DR0105312	KZ510376.1	247	1114	C	14.2	0
ERVL	DR0105278	KZ510376.1	13952	14010	+	13.6	0
ERVL	DR0105364	KZ510376.1	14257	14765	+	8.1	0
ERVL	DR0105370	KZ510376.1	18094	18677	C	11.7	0
ERVL	DR0105358	KZ510376.1	24630	24768	C	9.3	0
ERVL	DR0105364	KZ510376.1	24850	25067	C	9.2	0
ERVL	DR0105315	KZ510376.1	26893	27465	+	23.1	0
ERVL	DR0105305	KZ510376.1	31612	31665	C	16.7	0
ERVL	DR0105370	KZ510380.1	5686	6055	+	14.2	0
ERVL	DR0105370	KZ510384.1	540	696	+	7.6	0
ERVL	DR0105230	KZ510385.1	5902	5966	C	10.8	0
ERVL	DR0105358	KZ510396.1	20658	20729	C	1.4	0
ERVL	DR0105358	KZ510396.1	21198	21361	C	4.9	0
ERV4	DR0105376	KZ510400.1	11404	11656	+	24.3	0
ERVL	DR0105370	KZ510401.1	19745	20279	+	19.6	0
ERV1	DR0105321	KZ510402.1	5728	5837	C	26.4	0
ERVL	DR0105370	KZ510402.1	9736	10329	+	22.2	0
ERV4	DR0105376	KZ510402.1	13268	13661	C	11.5	0
ERV4	DR0105376	KZ510402.1	17311	18066	C	6.6	0
ERVL	DR0105232	KZ510402.1	26406	26569	+	13.5	0
ERV1	DR0105321	KZ510405.1	476	559	+	10.7	0
ERVL	DR0105295	KZ510426.1	16133	16285	C	22.2	0
ERVL	DR0105370	KZ510427.1	20028	20579	C	23.7	0
ERV4	DR0105376	KZ510431.1	908	1653	+	21.7	0
ERV1	DR0105342	KZ510438.1	3824	4707	+	9.9	0
ERVL	DR0105358	KZ510438.1	6242	6885	C	5.0	0
ERVL	DR0105294	KZ510438.1	22278	22622	+	5.3	0
ERVL	DR0105294	KZ510438.1	25456	25944	C	10.4	0
ERVL	DR0105371	KZ510439.1	7992	8397	C	15.8	0
ERVL	DR0105370	KZ510439.1	18025	18430	C	15.2	0
ERVL	DR0105338	KZ510442.1	24804	25022	+	24.3	0
ERV4	DR0105376	KZ510448.1	4227	4284	+	8.6	0
ERVL	DR0105341	KZ510453.1	12	263	+	11.9	0
ERVL	DR0105341	KZ510453.1	596	878	C	13.3	0
ERVL	DR0105341	KZ510453.1	910	1039	C	10.2	0
ERVL	DR0105338	KZ510455.1	10431	10543	+	15.5	0
ERVL	DR0105232	KZ510460.1	477	738	+	12.3	0
ERVL	DR0105312	KZ510460.1	745	812	+	12.3	0
ERVL	DR0105238	KZ510461.1	22426	22461	C	0.0	0
ERVL	DR0105294	KZ510463.1	8696	9184	+	11.9	0
ERVL	DR0105278	KZ510468.1	26998	27438	C	15.6	0
ERVL	DR0105341	KZ510488.1	10700	10795	C	7.3	0
ERVL	DR0105364	KZ510494.1	10776	11157	C	14.9	0
ERVL	DR0105370	KZ510496.1	19668	20182	+	16.7	0
ERVL	DR0105326	KZ510502.1	4826	5070	C	14.3	0
ERVL	DR0105315	KZ510502.1	5077	5173	C	9.7	0
ERVL	DR0105370	KZ510502.1	20585	21435	C	13.9	0
ERVL	DR0105370	KZ510502.1	21447	21993	C	24.0	0
ERVL	DR0105370	KZ510502.1	22049	22976	C	13.5	0
ERVL	DR0105294	KZ510505.1	829	961	+	8.4	0
ERVL	DR0105312	KZ510505.1	3545	3960	+	18.3	0
ERVL	DR0105338	KZ510505.1	5591	6456	+	21.3	0
ERVL	DR0105294	KZ510505.1	9789	10559	C	9.2	0
ERVL	DR0105312	KZ510505.1	10778	10950	C	17.9	0
ERVL	DR0105312	KZ510505.1	12255	13352	C	14.1	0
ERVL	DR0105312	KZ510505.1	14078	14841	C	14.2	0
ERV1	DR0105240	KZ510505.1	15934	15979	C	13.0	0
ERVL	DR0105294	KZ510505.1	25603	26306	C	6.9	0
ERVL	DR0105278	KZ510506.1	16862	17045	+	14.7	0
ERVL	DR0105278	KZ510506.1	17162	17472	+	18.6	0
ERVL	DR0105305	KZ510510.1	28629	28786	C	26.5	0
ERVL	DR0105305	KZ510510.1	28874	29107	C	26.9	0
ERVL	DR0105371	KZ510516.1	15507	15660	C	12.1	0
ERVL	DR0105370	KZ510517.1	3021	3169	+	26.5	0
ERVL	DR0105312	KZ510517.1	3249	3645	+	25.3	0
ERVL	DR0105312	KZ510517.1	3920	4001	+	22.2	0
ERVL	DR0105315	KZ510517.1	4007	4073	+	23.9	0
ERV1	DR0105240	KZ510517.1	12818	12914	C	12.1	0
ERVL	DR0105278	KZ510518.1	6772	7247	+	21.0	0
ERVL	DR0105261	KZ510521.1	14913	15623	+	15.6	0
ERVL	DR0105261	KZ510521.1	15632	15750	+	12.6	0
ERVL	DR0105295	KZ510523.1	19820	20067	C	21.8	0
ERVL	DR0105312	KZ510524.1	2731	4709	C	29.2	0
ERVL	DR0105370	KZ510524.1	4854	5204	+	18.6	0
ERVL	DR0105232	KZ510524.1	12215	12801	C	33.2	0
ERVL	DR0105338	KZ510524.1	13051	13132	C	29.2	0
ERV1	DR0105342	KZ510524.1	13752	13796	C	17.8	0
ERV1	DR0105342	KZ510524.1	14890	15672	C	16.6	0
ERVL	DR0105294	KZ510524.1	19657	20317	C	8.6	0
ERV1	DR0105240	KZ510524.1	26469	26569	+	15.6	0
ERVL	DR0105338	KZ510524.1	28515	29308	+	17.9	0
ERVL	DR0105371	KZ510530.1	530	1101	C	13.1	0
ERVL	DR0105371	KZ510530.1	14070	14631	+	12.8	0
ERV4	DR0105376	KZ510540.1	22409	22605	+	26.0	0
ERVL	DR0105238	KZ510542.1	22731	22821	C	24.5	0
ERV4	DR0105376	KZ510555.1	2003	2152	+	6.0	0
ERVL	DR0105305	KZ510555.1	10197	10814	C	25.4	0
ERVL	DR0105305	KZ510555.1	10877	11131	C	23.5	0
ERVL	DR0105278	KZ510555.1	23120	23625	+	9.7	0
ERVL	DR0105370	KZ510555.1	26060	26118	+	13.6	0
ERVL	DR0105315	KZ510555.1	26287	26775	+	21.6	0
ERVL	DR0105370	KZ510557.1	18067	18624	C	18.2	0
ERVL	DR0105238	KZ510558.1	1161	1200	C	12.5	0
ERVL	DR0105238	KZ510558.1	7439	7771	+	14.3	0
ERVL	DR0105230	KZ510558.1	12823	13377	+	10.1	0
ERVL	DR0105326	KZ510558.1	13809	13993	+	12.9	0
ERV4	DR0105376	KZ510558.1	17692	18228	+	11.8	0
ERV1	DR0105342	KZ510558.1	23310	23393	+	14.2	0
ERV1	DR0105342	KZ510558.1	23622	23875	+	14.4	0
ERVL	DR0105261	KZ510559.1	8696	9016	+	10.3	0
ERVL	DR0105305	KZ510566.1	9319	9537	+	24.6	0
ERVL	DR0105305	KZ510566.1	9716	9855	+	21.5	0
ERVL	DR0105305	KZ510567.1	19506	20239	C	27.5	0
ERVL	DR0105338	KZ510567.1	29340	29721	C	11.4	0
ERVL	DR0105305	KZ510570.1	22855	23006	+	29.1	0
ERVL	DR0105338	KZ510572.1	20143	20575	C	13.3	0
ERVL	DR0105371	KZ510574.1	19002	19544	+	12.8	0
ERVL	DR0105370	KZ510578.1	1085	1236	+	10.5	0
ERVL	DR0105295	KZ510579.1	1814	2098	+	22.4	0
ERVL	DR0105371	KZ510586.1	15253	15671	C	11.8	0
ERVL	DR0105371	KZ510586.1	17167	17738	+	11.9	0
ERV1	DR0105225	KZ510586.1	25248	25352	+	27.8	0
ERVL	DR0105338	KZ510586.1	26829	27045	+	13.0	0
ERVL	DR0105312	KZ510587.1	600	2878	+	14.8	0
ERVL	DR0105294	KZ510587.1	3636	4002	+	12.1	0
ERVL	DR0105315	KZ510587.1	4591	5031	C	28.2	0
ERVL	DR0105238	KZ510587.1	9524	10205	+	10.3	0
ERV1	DR0105240	KZ510587.1	10262	10417	+	30.3	0
ERV1	DR0105321	KZ510587.1	20663	21371	C	18.5	0
ERVL	DR0105358	KZ510587.1	25796	25879	+	4.8	0
ERVL	DR0105238	KZ510587.1	28355	28587	+	16.1	0
ERVL	DR0105278	KZ510596.1	4196	4665	+	18.4	0
ERVL	DR0105294	KZ510596.1	14903	15639	C	10.8	0
ERVL	DR0105371	KZ510597.1	27347	27892	+	13.6	0
ERVL	DR0105295	KZ510598.1	7913	8020	C	13.9	0
ERVL	DR0105338	KZ510610.1	74	242	+	15.0	0
ERVL	DR0105278	KZ510617.1	12356	12868	+	15.7	0
ERVL	DR0105278	KZ510626.1	26048	26266	+	11.0	0
ERVL	DR0105338	KZ510630.1	28192	28336	C	24.3	0
ERVL	DR0105326	KZ510631.1	14927	15026	C	13.7	0
ERVL	DR0105294	KZ510633.1	12300	13029	+	9.9	0
ERV1	DR0105240	KZ510636.1	4	263	+	9.3	0
ERV1	DR0105240	KZ510636.1	3477	3695	+	23.5	0
ERVL	DR0105294	KZ510636.1	8006	8150	C	17.0	0
ERVL	DR0105364	KZ510636.1	14223	14389	C	4.8	0
ERVL	DR0105341	KZ510636.1	28965	29121	C	5.7	0
ERVL	DR0105295	KZ510638.1	13200	13436	+	17.9	0
ERVL	DR0105370	KZ510647.1	27959	28524	+	16.3	0
ERVL	DR0105278	KZ510654.1	5479	5977	+	13.3	0
ERVL	DR0105371	KZ510664.1	10101	10693	C	11.5	0
ERVL	DR0105312	KZ510665.1	15012	15239	+	15.7	0
ERVL	DR0105338	KZ510669.1	5300	5455	+	24.2	0
ERV4	DR0105376	KZ510691.1	14359	14457	C	15.3	0
ERVL	DR0105364	KZ510693.1	1010	1643	C	13.8	0
ERVL	DR0105371	KZ510694.1	16922	17254	+	16.3	0
ERVL	DR0105370	KZ510696.1	6871	7924	+	20.1	0
ERVL	DR0105370	KZ510696.1	7936	8456	+	10.6	0
ERVL	DR0105326	KZ510696.1	8501	8759	+	13.0	0
ERVL	DR0105278	KZ510696.1	10941	11433	+	18.8	0
ERVL	DR0105230	KZ510697.1	9212	9256	+	13.3	0
ERVL	DR0105371	KZ510698.1	20045	20619	C	13.7	0
ERVL	DR0105364	KZ510701.1	14040	14641	+	13.3	0
ERVL	DR0105261	KZ510711.1	28840	29216	+	13.2	0
ERVL	DR0105327	KZ510719.1	3354	3502	C	14.1	0
ERVL	DR0105370	KZ510719.1	8299	8734	+	15.7	0
ERVL	DR0105238	KZ510719.1	28105	28795	C	9.8	0
ERVL	DR0105305	KZ510724.1	6714	7221	C	23.5	0
ERVL	DR0105305	KZ510724.1	7403	7620	C	21.8	0
ERVL	DR0105326	KZ510725.1	4096	4182	C	20.9	0
ERVL	DR0105295	KZ510725.1	4213	4302	C	18.9	0
ERVL	DR0105338	KZ510725.1	7040	7562	C	22.9	0
ERV1	DR0105240	KZ510726.1	24778	24866	C	6.7	0
ERVL	DR0105370	KZ510726.1	25083	25427	C	10.8	0
ERVL	DR0105371	KZ510727.1	12311	12883	C	16.1	0
ERVL	DR0105370	KZ510728.1	23185	23562	C	14.5	0
ERVL	DR0105370	KZ510728.1	23573	23673	C	17.4	0
ERV1	DR0105240	KZ510736.1	12588	12873	+	22.2	0
ERVL	DR0105315	KZ510736.1	15461	16029	C	20.2	0
ERVL	DR0105338	KZ510736.1	20074	20808	C	14.7	0
ERVL	DR0105338	KZ510736.1	27989	28743	C	22.9	0
ERVL	DR0105315	KZ510741.1	14408	14749	+	26.6	0
ERVL	DR0105370	KZ510746.1	20117	20653	+	16.4	0
ERVL	DR0105278	KZ510749.1	27023	27182	C	21.0	0
ERVL	DR0105364	KZ510753.1	2655	3010	C	16.7	0
ERVL	DR0105278	KZ510756.1	15107	15255	+	16.9	0
ERVL	DR0105338	KZ510772.1	18974	20050	C	17.1	0
ERVL	DR0105312	KZ510775.1	4347	4382	+	11.1	0
ERVL	DR0105312	KZ510775.1	6602	8303	+	15.7	0
ERVL	DR0105358	KZ510775.1	8318	8395	+	3.9	0
ERVL	DR0105327	KZ510775.1	8397	8985	C	9.0	0
ERV4	DR0105376	KZ510775.1	9378	10102	+	6.7	0
ERVL	DR0105312	KZ510775.1	16082	16873	C	13.3	0
ERVL	DR0105312	KZ510775.1	17824	19626	C	11.7	0
ERVL	DR0105312	KZ510775.1	19657	20122	C	18.1	0
ERV1	DR0105342	KZ510775.1	27347	27607	C	13.8	0
ERVL	DR0105294	KZ510779.1	16862	16992	+	7.6	0
ERVL	DR0105338	KZ510779.1	17324	17576	C	12.2	0
ERVL	DR0105358	KZ510783.1	17468	17956	C	15.3	0
ERVL	DR0105305	KZ510785.1	31942	32006	+	21.5	0
ERVL	DR0105371	KZ510794.1	24534	25074	+	12.3	0
ERVL	DR0105278	KZ510797.1	3618	4109	+	14.2	0
ERVL	DR0105338	KZ510799.1	23330	23487	+	21.2	0
ERVL	DR0105338	KZ510799.1	24046	24654	+	22.6	0
ERVL	DR0105278	KZ510810.1	19407	19599	C	18.4	0
ERVL	DR0105371	KZ510810.1	19626	19779	C	23.0	0
ERV4	DR0105376	KZ510814.1	7556	7708	+	26.6	0
ERVL	DR0105261	KZ510818.1	1	354	C	16.9	0
ERVL	DR0105261	KZ510827.1	11393	12135	+	20.4	0
ERVL	DR0105338	KZ510827.1	12143	12224	+	9.8	0
ERVL	DR0105294	KZ510833.1	1	229	+	8.3	0
ERV1	DR0105240	KZ510833.1	980	1527	C	15.1	0
ERVL	DR0105370	KZ510833.1	7999	8327	C	18.6	0
ERVL	DR0105315	KZ510833.1	8329	8372	+	6.8	0
ERVL	DR0105312	KZ510833.1	19614	19804	C	11.5	0
ERVL	DR0105371	KZ510833.1	21132	21703	+	10.3	0
ERVL	DR0105230	KZ510839.1	348	981	+	14.1	0
ERVL	DR0105238	KZ510839.1	7311	7355	+	15.6	0
ERVL	DR0105312	KZ510839.1	8837	9511	+	22.6	0
ERVL	DR0105312	KZ510839.1	9542	10411	+	16.0	0
ERVL	DR0105312	KZ510839.1	11569	11705	+	21.3	0
ERVL	DR0105230	KZ510839.1	16451	17077	C	8.3	0
ERVL	DR0105232	KZ510839.1	17091	17255	+	9.2	0
ERVL	DR0105312	KZ510839.1	19202	20030	+	15.7	0
ERVL	DR0105278	KZ510844.1	2941	3459	+	16.1	0
ERVL	DR0105364	KZ510845.1	15689	15806	C	9.6	0
ERVL	DR0105238	KZ510845.1	15808	15910	+	11.8	0
ERVL	DR0105364	KZ510845.1	15931	16474	C	11.9	0
ERV1	DR0105342	KZ510852.1	12059	12212	C	10.4	0
ERV1	DR0105342	KZ510852.1	12223	12555	C	19.9	0
ERVL	DR0105327	KZ510854.1	11551	12158	C	8.1	0
ERVL	DR0105327	KZ510854.1	12195	12487	+	7.5	0
ERVL	DR0105238	KZ510854.1	23977	24230	C	11.2	0
ERVL	DR0105312	KZ510854.1	25706	27987	C	12.2	0
ERVL	DR0105305	KZ510860.1	8999	9590	+	27.2	0
ERVL	DR0105370	KZ510860.1	25631	26198	C	20.9	0
ERVL	DR0105370	KZ510863.1	18265	18301	C	19.4	0
ERVL	DR0105312	KZ510863.1	19787	20784	C	16.4	0
ERVL	DR0105341	KZ510865.1	27152	27566	C	8.0	0
ERVL	DR0105232	KZ510865.1	29021	29969	C	21.3	0
ERVL	DR0105315	KZ510866.1	24489	24717	C	26.6	0
ERVL	DR0105364	KZ510874.1	11364	11720	C	12.0	0
ERVL	DR0105341	KZ510875.1	11110	11446	+	7.9	0
ERVL	DR0105230	KZ510875.1	18872	19495	C	9.5	0
ERVL	DR0105338	KZ510875.1	20962	21086	+	8.0	0
ERV4	DR0105376	KZ510875.1	22912	23415	+	12.4	0
ERVL	DR0105370	KZ510876.1	22875	23456	C	38.7	0
ERVL	DR0105364	KZ510877.1	8410	8999	C	15.7	0
ERVL	DR0105294	KZ510882.1	21982	22238	C	6.4	0
ERVL	DR0105294	KZ510882.1	22694	22769	C	4.0	0
ERVL	DR0105364	KZ510897.1	5049	5526	C	15.5	0
ERVL	DR0105364	KZ510897.1	7745	8373	C	13.7	0
ERVL	DR0105364	KZ510902.1	16468	16827	+	14.7	0
ERVL	DR0105312	KZ510903.1	3786	5259	C	13.8	0
ERVL	DR0105371	KZ510903.1	12786	13334	C	13.2	0
ERVL	DR0105370	KZ510903.1	13397	13456	C	16.7	0
ERVL	DR0105370	KZ510903.1	13471	13567	C	12.4	0
ERVL	DR0105370	KZ510903.1	14456	14593	C	20.2	0
ERVL	DR0105370	KZ510903.1	14696	15109	C	15.1	0
ERVL	DR0105364	KZ510903.1	25436	26055	C	10.7	0
ERVL	DR0105364	KZ510904.1	3773	4121	C	15.5	0
ERVL	DR0105370	KZ510904.1	13736	14239	+	12.4	0
ERVL	DR0105261	KZ510914.1	14410	14988	+	17.2	0
ERVL	DR0105338	KZ510925.1	25919	26369	C	20.9	0
ERVL	DR0105238	KZ510928.1	3996	4443	+	10.9	0
ERVL	DR0105364	KZ510929.1	13316	13681	C	13.4	0
ERVL	DR0105312	KZ510932.1	3854	6227	+	13.8	0
ERVL	DR0105312	KZ510932.1	6297	6505	+	27.0	0
ERVL	DR0105232	KZ510932.1	8088	8327	C	35.3	0
ERVL	DR0105341	KZ510932.1	27017	27172	C	7.7	0
ERVL	DR0105371	KZ510942.1	1764	1940	+	11.9	0
ERVL	DR0105278	KZ510947.1	3793	4231	C	14.6	0
ERV4	DR0105376	KZ510947.1	26390	26794	+	11.3	0
ERVL	DR0105341	KZ510947.1	26795	27151	+	12.6	0
ERVL	DR0105338	KZ510950.1	596	733	C	24.3	0
ERVL	DR0105312	KZ510950.1	9115	9341	C	15.0	0
ERVL	DR0105312	KZ510950.1	9372	9739	C	10.0	0
ERVL	DR0105312	KZ510950.1	9890	10128	C	12.2	0
ERVL	DR0105327	KZ510950.1	18905	19142	C	7.9	0
ERVL	DR0105305	KZ510950.1	22475	22621	C	21.4	0
ERVL	DR0105370	KZ510950.1	22965	23308	C	26.3	0
ERVL	DR0105295	KZ510950.1	23532	23749	C	14.3	0
ERV1	DR0105342	KZ510950.1	24066	25079	C	16.0	0
ERV1	DR0105321	KZ510952.1	23610	23848	+	16.0	0
ERVL	DR0105278	KZ510956.1	6460	6952	C	16.4	0
ERVL	DR0105338	KZ510956.1	13895	14917	+	20.1	0
ERVL	DR0105238	KZ510959.1	3212	3247	C	2.8	0
ERV1	DR0105240	KZ510959.1	12542	12661	C	13.9	0
ERV1	DR0105240	KZ510959.1	18391	18503	+	14.4	0
ERVL	DR0105238	KZ510969.1	7359	7441	C	11.7	0
ERVL	DR0105338	KZ510969.1	17398	17627	C	11.7	0
ERVL	DR0105338	KZ510969.1	22281	23158	C	15.0	0
ERVL	DR0105327	KZ510969.1	25243	25689	C	11.4	0
ERVL	DR0105315	KZ510972.1	3091	3399	+	15.6	0
ERVL	DR0105338	KZ510972.1	5845	6153	C	8.5	0
ERVL	DR0105370	KZ510972.1	8320	9323	+	13.8	0
ERVL	DR0105370	KZ510972.1	9724	10205	+	10.0	0
ERVL	DR0105370	KZ510972.1	17428	17477	C	16.0	0
ERVL	DR0105364	KZ510972.1	18060	18640	C	8.8	0
ERV1	DR0105321	KZ510972.1	26972	27052	C	11.1	0
ERVL	DR0105230	KZ510974.1	10004	10204	C	19.8	0
ERVL	DR0105364	KZ510983.1	25677	25849	+	6.9	0
ERVL	DR0105261	KZ510984.1	11	740	C	14.9	0
ERVL	DR0105364	KZ510984.1	10590	10934	C	20.0	0
ERVL	DR0105364	KZ510984.1	11076	11126	C	9.8	0
ERVL	DR0105312	KZ510984.1	15709	16524	C	12.1	0
ERVL	DR0105312	KZ510984.1	16588	17774	C	20.4	0
ERVL	DR0105312	KZ510984.1	19630	20097	C	31.2	0
ERVL	DR0105358	KZ510984.1	21240	21428	C	5.8	0
ERVL	DR0105238	KZ510984.1	27936	27986	C	10.0	0
ERVL	DR0105238	KZ510985.1	22558	22706	C	12.0	0
ERVL	DR0105338	KZ510990.1	1	136	+	4.5	0
ERVL	DR0105315	KZ510990.1	9500	9585	+	18.6	0
ERVL	DR0105370	KZ510990.1	9596	9865	+	26.5	0
ERVL	DR0105294	KZ510990.1	10811	10945	+	3.7	0
ERVL	DR0105326	KZ510990.1	16719	16786	+	13.4	0
ERVL	DR0105232	KZ510990.1	16895	17218	+	21.5	0
ERVL	DR0105370	KZ510990.1	26899	27271	+	20.6	0
ERVL	DR0105278	KZ510996.1	19739	20261	+	12.2	0
ERVL	DR0105358	KZ510997.1	13673	13776	+	1.9	0
ERVL	DR0105371	KZ511000.1	6446	6642	+	17.4	0
ERV1	DR0105342	KZ511013.1	19433	20155	C	19.2	0
ERVL	DR0105364	KZ511021.1	13362	13669	+	12.4	0
ERVL	DR0105364	KZ511021.1	21624	22147	C	11.0	0
ERVL	DR0105278	KZ511022.1	17338	17819	+	16.2	0
ERVL	DR0105312	KZ511024.1	4358	4422	+	33.0	0
ERVL	DR0105327	KZ511024.1	18808	18844	C	5.4	0
ERV1	DR0105240	KZ511036.1	13680	13741	C	3.2	0
ERVL	DR0105370	KZ511038.1	12200	12481	+	14.0	0
ERVL	DR0105358	KZ511041.1	21712	22065	+	13.4	0
ERV1	DR0105240	KZ511063.1	112	276	C	27.0	0
ERVL	DR0105232	KZ511073.1	25063	25121	+	13.6	0
ERV4	DR0105376	KZ511081.1	7407	7449	+	13.9	0
ERVL	DR0105278	KZ511082.1	12093	12606	C	11.4	0
ERVL	DR0105230	KZ511082.1	19699	20309	+	5.4	0
ERVL	DR0105315	KZ511082.1	24011	24383	+	20.6	0
ERVL	DR0105312	KZ511082.1	24923	26402	C	30.0	0
ERVL	DR0105294	KZ511082.1	28392	28571	+	10.6	0
ERVL	DR0105351	KZ511090.1	17299	17497	C	21.4	0
ERVL	DR0105364	KZ511096.1	8342	8869	C	12.0	0
ERVL	DR0105364	KZ511096.1	8935	9168	C	12.8	0
ERVL	DR0105278	KZ511103.1	7235	7740	C	15.3	0
ERVL	DR0105338	KZ511106.1	7603	8022	+	20.9	0
ERVL	DR0105294	KZ511111.1	13266	13504	C	7.5	0
ERVL	DR0105358	KZ511112.1	4819	5484	C	63.6	0
ERVL	DR0105341	KZ511120.1	8602	9041	C	9.3	0
ERVL	DR0105338	KZ511120.1	14889	15463	C	12.2	0
ERVL	DR0105315	KZ511120.1	27798	28210	C	21.7	0
ERVL	DR0105230	KZ511121.1	240	860	+	5.5	0
ERVL	DR0105358	KZ511121.1	2815	3446	C	5.5	0
ERVL	DR0105312	KZ511121.1	7106	8779	+	12.6	0
ERVL	DR0105312	KZ511121.1	11692	13439	+	13.0	0
ERVL	DR0105312	KZ511121.1	13518	13734	+	28.8	0
ERVL	DR0105327	KZ511121.1	13735	14453	+	5.5	0
ERVL	DR0105338	KZ511121.1	22657	22770	+	16.6	0
ERV1	DR0105321	KZ511121.1	23096	23850	+	11.8	0
ERV1	DR0105240	KZ511121.1	24943	25577	C	8.5	0
ERVL	DR0105370	KZ511128.1	19869	19924	C	19.6	0
ERVL	DR0105364	KZ511138.1	17113	17730	+	11.1	0
ERV1	DR0105240	KZ511143.1	20612	20739	C	26.8	0
ERVL	DR0105315	KZ511146.1	24663	24948	+	20.0	0
ERVL	DR0105305	KZ511146.1	24972	25165	+	23.5	0
ERVL	DR0105371	KZ511154.1	2799	3220	C	10.0	0
ERVL	DR0105238	KZ511158.1	1	116	C	10.5	0
ERVL	DR0105326	KZ511160.1	3144	3406	+	15.6	0
ERVL	DR0105315	KZ511167.1	1	258	+	23.4	0
ERVL	DR0105370	KZ511168.1	3344	3874	C	17.6	0
ERVL	DR0105278	KZ511172.1	21536	22071	+	14.8	0
ERVL	DR0105364	KZ511173.1	22792	23038	+	11.0	0
ERV1	DR0105240	KZ511175.1	24084	24705	+	6.3	0
ERVL	DR0105294	KZ511180.1	13727	14142	+	10.1	0
ERVL	DR0105315	KZ511180.1	24878	25238	C	23.8	0
ERVL	DR0105312	KZ511186.1	2897	3079	+	38.3	0
ERVL	DR0105370	KZ511186.1	22502	23077	+	12.5	0
ERV1	DR0105321	KZ511195.1	24665	25295	+	14.4	0
ERVL	DR0105327	KZ511196.1	15849	15895	+	12.8	0
ERVL	DR0105315	KZ511201.1	13958	14238	C	18.5	0
ERVL	DR0105370	KZ511215.1	3593	4153	+	19.5	0
ERVL	DR0105294	KZ511225.1	7981	8725	C	10.3	0
ERVL	DR0105358	KZ511229.1	14510	15156	C	13.0	0
ERVL	DR0105312	KZ511232.1	6451	8312	+	14.2	0
ERVL	DR0105370	KZ511232.1	11450	11503	+	16.7	0
ERV1	DR0105240	KZ511232.1	13297	13911	+	5.2	0
ERVL	DR0105294	KZ511232.1	18738	19313	C	5.9	0
ERVL	DR0105370	KZ511232.1	19632	20238	+	11.3	0
ERVL	DR0105326	KZ511232.1	20454	20564	+	15.6	0
ERVL	DR0105238	KZ511232.1	25349	25725	+	8.0	0
ERVL	DR0105341	KZ511232.1	25726	25902	+	11.7	0
ERVL	DR0105278	KZ511246.1	21357	21651	C	18.6	0
ERVL	DR0105338	KZ511255.1	9671	10607	+	15.7	0
ERVL	DR0105278	KZ511256.1	16745	17036	+	16.3	0
ERVL	DR0105370	KZ511260.1	20600	21115	+	17.3	0
ERVL	DR0105315	KZ511267.1	3884	4460	C	23.8	0
ERVL	DR0105232	KZ511273.1	5609	5753	+	23.6	0
ERVL	DR0105371	KZ511286.1	10894	11446	+	12.9	0
ERVL	DR0105278	KZ511289.1	10274	10733	C	14.6	0
ERV4	DR0105376	KZ511297.1	16671	16985	+	12.8	0
ERVL	DR0105238	KZ511298.1	1421	2191	C	11.4	0
ERV1	DR0105342	KZ511298.1	9586	9718	+	20.1	0
ERV1	DR0105342	KZ511298.1	9955	10107	+	18.5	0
ERVL	DR0105312	KZ511299.1	18897	18954	C	12.3	0
ERVL	DR0105364	KZ511305.1	5930	6563	+	8.6	0
ERVL	DR0105326	KZ511305.1	9324	9379	C	10.9	0
ERVL	DR0105338	KZ511305.1	13416	13678	+	11.7	0
ERVL	DR0105341	KZ511305.1	24731	25024	C	11.1	0
ERVL	DR0105326	KZ511313.1	755	1036	C	14.9	0
ERVL	DR0105305	KZ511318.1	4261	4330	+	25.7	0
ERVL	DR0105327	KZ511319.1	9105	9722	+	9.8	0
ERVL	DR0105261	KZ511319.1	21449	21817	+	16.2	0
ERVL	DR0105338	KZ511324.1	12695	13516	C	15.7	0
ERVL	DR0105370	KZ511325.1	18195	18631	+	13.2	0
ERVL	DR0105315	KZ511327.1	9226	9276	C	15.7	0
ERVL	DR0105338	KZ511337.1	15713	16786	C	14.9	0
ERVL	DR0105305	KZ511341.1	2271	2440	C	23.6	0
ERVL	DR0105364	KZ511358.1	9903	10003	C	10.9	0
ERVL	DR0105370	KZ511369.1	1	259	C	19.4	0
ERVL	DR0105315	KZ511378.1	8715	9239	+	21.8	0
ERVL	DR0105232	KZ511378.1	10981	11424	C	34.8	0
ERVL	DR0105238	KZ511378.1	17579	18362	C	13.6	0
ERVL	DR0105358	KZ511378.1	19243	19554	C	6.7	0
ERV4	DR0105376	KZ511378.1	24228	24478	C	4.8	0
ERVL	DR0105371	KZ511397.1	6026	6253	+	14.5	0
ERVL	DR0105338	KZ511406.1	2026	3182	C	15.2	0
ERVL	DR0105238	KZ511407.1	21004	21508	C	12.2	0
ERVL	DR0105364	KZ511420.1	3707	4279	+	10.8	0
ERVL	DR0105338	KZ511420.1	9529	9645	+	22.3	0
ERVL	DR0105312	KZ511420.1	12147	13056	+	20.9	0
ERVL	DR0105312	KZ511420.1	13057	13763	+	13.4	0
ERVL	DR0105358	KZ511420.1	18012	18098	+	10.3	0
ERVL	DR0105278	KZ511428.1	534	1035	C	14.7	0
ERVL	DR0105338	KZ511438.1	1472	1772	C	10.1	0
ERVL	DR0105294	KZ511438.1	8192	8918	+	9.8	0
ERVL	DR0105315	KZ511438.1	9287	9551	C	25.8	0
ERVL	DR0105338	KZ511438.1	10256	11176	+	18.7	0
ERV4	DR0105376	KZ511438.1	18493	18887	C	9.7	0
ERV4	DR0105376	KZ511438.1	19294	19461	C	24.5	0
ERVL	DR0105278	KZ511442.1	880	1192	C	18.4	0
ERVL	DR0105278	KZ511443.1	6336	6655	C	15.1	0
ERV4	DR0105376	KZ511446.1	15025	15458	C	13.9	0
ERVL	DR0105295	KZ511450.1	848	1143	+	23.5	0
ERVL	DR0105370	KZ511459.1	12418	13006	+	12.3	0
ERVL	DR0105232	KZ511459.1	14086	14129	+	6.8	0
ERVL	DR0105338	KZ511459.1	16808	17054	+	23.4	0
ERVL	DR0105338	KZ511459.1	17085	17460	C	22.1	0
ERVL	DR0105315	KZ511459.1	18558	19125	+	18.8	0
ERVL	DR0105358	KZ511459.1	19557	20202	+	3.4	0
ERV4	DR0105376	KZ511459.1	20327	21047	+	8.4	0
ERV4	DR0105376	KZ511459.1	23004	23731	C	6.9	0
ERVL	DR0105230	KZ511462.1	7107	7402	C	4.7	0
ERVL	DR0105338	KZ511462.1	16097	16647	C	18.6	0
ERV4	DR0105376	KZ511462.1	17132	17426	+	6.5	0
ERV1	DR0105240	KZ511462.1	19918	20361	+	11.5	0
ERVL	DR0105232	KZ511462.1	20363	20498	+	14.1	0
ERVL	DR0105371	KZ511462.1	21718	22295	+	18.0	0
ERVL	DR0105370	KZ511478.1	7000	7586	+	14.9	0
ERVL	DR0105278	KZ511488.1	11445	11954	C	15.0	0
ERVL	DR0105338	KZ511488.1	23624	24304	+	24.2	0
ERVL	DR0105364	KZ511513.1	1	107	+	10.3	0
ERVL	DR0105364	KZ511513.1	22395	22483	+	15.7	0
ERVL	DR0105371	KZ511515.1	13046	13302	C	5.5	0
ERVL	DR0105370	KZ511515.1	13488	13747	C	12.1	0
ERVL	DR0105338	KZ511523.1	1	146	+	13.3	0
ERVL	DR0105327	KZ511532.1	5843	6167	+	8.9	0
ERVL	DR0105326	KZ511532.1	10715	11128	C	15.7	0
ERVL	DR0105315	KZ511532.1	15426	15805	C	24.7	0
ERVL	DR0105370	KZ511534.1	23829	23875	+	12.8	0
ERVL	DR0105370	KZ511534.1	23897	24061	+	20.2	0
ERVL	DR0105278	KZ511545.1	12669	13196	+	13.0	0
ERV4	DR0105376	KZ511547.1	23469	23995	C	15.8	0
ERVL	DR0105294	KZ511550.1	4681	4923	C	8.7	0
ERVL	DR0105327	KZ511556.1	6142	6405	C	14.0	0
ERV4	DR0105376	KZ511560.1	1407	1506	C	5.0	0
ERVL	DR0105312	KZ511569.1	8054	8369	C	14.3	0
ERVL	DR0105238	KZ511569.1	12689	12786	C	7.3	0
ERVL	DR0105364	KZ511569.1	17028	17690	C	9.0	0
ERVL	DR0105370	KZ511591.1	3826	4097	+	16.2	0
ERVL	DR0105338	KZ511594.1	2226	2557	+	18.6	0
ERVL	DR0105338	KZ511594.1	11116	11276	+	10.1	0
ERVL	DR0105338	KZ511594.1	18368	18405	C	7.9	0
ERVL	DR0105370	KZ511594.1	18413	18658	+	9.8	0
ERV1	DR0105240	KZ511594.1	19526	19821	+	23.4	0
ERVL	DR0105338	KZ511594.1	21112	21841	+	18.8	0
ERVL	DR0105278	KZ511608.1	4055	4489	C	16.6	0
ERV4	DR0105376	KZ511611.1	1	604	+	6.8	0
ERVL	DR0105312	KZ511613.1	2054	3341	C	12.7	0
ERVL	DR0105364	KZ511613.1	5874	6246	C	13.9	0
ERVL	DR0105364	KZ511613.1	6632	6815	C	6.5	0
ERVL	DR0105370	KZ511613.1	11966	12265	C	18.0	0
ERVL	DR0105326	KZ511613.1	13587	13871	C	13.4	0
ERVL	DR0105261	KZ511613.1	15159	15604	+	13.4	0
ERVL	DR0105338	KZ511613.1	16072	16287	+	8.9	0
ERVL	DR0105294	KZ511613.1	20460	20958	+	8.7	0
ERVL	DR0105315	KZ511613.1	23306	23612	+	16.3	0
ERVL	DR0105305	KZ511613.1	25161	25247	C	31.0	0
ERVL	DR0105238	KZ511613.1	25253	25342	C	18.6	0
ERVL	DR0105338	KZ511616.1	14721	14815	C	9.5	0
ERVL	DR0105341	KZ511636.1	1	157	+	6.4	0
ERVL	DR0105312	KZ511647.1	1337	3982	+	16.1	0
ERVL	DR0105312	KZ511647.1	4124	4950	+	10.8	0
ERV1	DR0105240	KZ511647.1	6371	6420	C	14.0	0
ERVL	DR0105312	KZ511647.1	6466	7237	C	21.4	0
ERVL	DR0105358	KZ511647.1	8955	9603	C	7.1	0
ERVL	DR0105278	KZ511648.1	3783	4304	+	16.1	0
ERVL	DR0105278	KZ511651.1	18122	18371	+	19.3	0
ERVL	DR0105338	KZ511656.1	1859	1980	C	29.0	0
ERVL	DR0105294	KZ511658.1	23562	23912	+	6.0	0
ERVL	DR0105338	KZ511659.1	11381	12438	C	22.8	0
ERVL	DR0105364	KZ511668.1	5905	6094	+	13.3	0
ERVL	DR0105364	KZ511668.1	14556	14776	C	14.9	0
ERVL	DR0105295	KZ511670.1	17018	17306	+	20.6	0
ERVL	DR0105294	KZ511670.1	18925	19653	+	6.8	0
ERVL	DR0105338	KZ511670.1	19921	20345	C	20.7	0
ERVL	DR0105278	KZ511674.1	947	1323	C	16.4	0
ERVL	DR0105364	KZ511678.1	21651	22291	+	13.1	0
ERVL	DR0105278	KZ511680.1	18	69	C	5.8	0
ERVL	DR0105238	KZ511680.1	23397	23637	+	7.5	0
ERVL	DR0105370	KZ511683.1	14825	15283	+	15.8	0
ERVL	DR0105230	KZ511690.1	1765	2341	+	5.9	0
ERVL	DR0105371	KZ511690.1	9098	9328	C	18.3	0
ERV4	DR0105376	KZ511690.1	14170	14676	+	23.9	0
ERVL	DR0105278	KZ511691.1	20103	20607	C	15.1	0
ERVL	DR0105370	KZ511704.1	13835	13997	+	28.2	0
ERVL	DR0105327	KZ511709.1	6186	6923	+	8.1	0
ERVL	DR0105312	KZ511709.1	13393	13478	+	10.2	0
ERVL	DR0105232	KZ511709.1	13479	13686	+	12.1	0
ERVL	DR0105358	KZ511709.1	13719	14168	+	8.7	0
ERVL	DR0105278	KZ511723.1	475	1001	C	15.6	0
ERVL	DR0105232	KZ511723.1	3049	3660	C	11.8	0
ERV4	DR0105376	KZ511723.1	10016	10283	C	7.8	0
ERV1	DR0105342	KZ511723.1	16342	16621	C	16.8	0
ERVL	DR0105295	KZ511723.1	19615	19885	+	21.1	0
ERVL	DR0105338	KZ511733.1	14013	15104	+	15.9	0
ERVL	DR0105278	KZ511734.1	6912	7448	C	14.1	0
ERVL	DR0105371	KZ511743.1	924	1168	C	20.1	0
ERVL	DR0105364	KZ511747.1	1554	1796	C	9.1	0
ERVL	DR0105371	KZ511750.1	5401	5938	+	18.7	0
ERV4	DR0105376	KZ511759.1	2121	2685	+	14.9	0
ERVL	DR0105326	KZ511759.1	8184	8472	C	14.5	0
ERVL	DR0105278	KZ511762.1	11064	11117	C	14.8	0
ERVL	DR0105370	KZ511765.1	13190	13616	+	14.2	0
ERVL	DR0105312	KZ511772.1	1	298	C	26.9	0
ERV1	DR0105240	KZ511772.1	3511	3546	+	5.6	0
ERVL	DR0105232	KZ511772.1	3615	4282	C	9.0	0
ERV1	DR0105240	KZ511772.1	9739	10098	+	16.3	0
ERV4	DR0105376	KZ511772.1	15349	15895	C	12.2	0
ERVL	DR0105358	KZ511772.1	17271	17554	+	7.4	0
ERVL	DR0105338	KZ511772.1	18732	19310	+	11.9	0
ERVL	DR0105312	KZ511772.1	20495	20711	C	29.5	0
ERVL	DR0105312	KZ511772.1	20789	21103	C	18.1	0
ERVL	DR0105312	KZ511772.1	22139	23205	C	15.1	0
ERVL	DR0105370	KZ511776.1	139	703	+	16.9	0
ERVL	DR0105371	KZ511780.1	1451	2033	+	14.4	0
ERVL	DR0105278	KZ511781.1	7675	8167	+	24.2	0
ERV1	DR0105321	KZ511781.1	23176	23327	C	16.4	0
ERV1	DR0105321	KZ511781.1	23366	23491	+	17.6	0
ERVL	DR0105278	KZ511783.1	19894	20015	C	15.6	0
ERVL	DR0105278	KZ511805.1	5	159	+	11.7	0
ERVL	DR0105338	KZ511807.1	2107	2842	C	43.6	0
ERVL	DR0105315	KZ511807.1	2844	3322	+	15.9	0
ERVL	DR0105238	KZ511807.1	3819	4179	+	7.8	0
ERVL	DR0105238	KZ511807.1	4441	4620	+	10.6	0
ERVL	DR0105341	KZ511807.1	9298	9453	+	12.2	0
ERV4	DR0105376	KZ511820.1	3407	3460	+	14.8	0
ERV1	DR0105240	KZ511820.1	9057	9641	C	6.9	0
ERVL	DR0105371	KZ511823.1	16325	16899	C	13.3	0
ERVL	DR0105358	KZ511829.1	5846	6046	C	2.5	0
ERVL	DR0105278	KZ511833.1	1379	1563	C	11.4	0
ERVL	DR0105370	KZ511844.1	3942	4475	+	10.9	0
ERVL	DR0105338	KZ511852.1	14265	15259	+	15.8	0
ERV1	DR0105321	KZ511860.1	3763	3806	C	11.4	0
ERV4	DR0105376	KZ511860.1	4355	4461	+	17.8	0
ERVL	DR0105338	KZ511862.1	20693	21510	C	21.8	0
ERV4	DR0105376	KZ511868.1	1519	1686	+	7.3	0
ERVL	DR0105238	KZ511868.1	9805	9917	C	10.2	0
ERV4	DR0105376	KZ511868.1	21132	21315	C	8.3	0
ERVL	DR0105232	KZ511869.1	10254	11641	C	10.0	0
ERVL	DR0105358	KZ511869.1	18199	18375	C	4.0	0
ERVL	DR0105358	KZ511869.1	18917	18953	C	2.7	0
ERVL	DR0105358	KZ511869.1	22915	23068	C	4.5	0
ERVL	DR0105315	KZ511879.1	1330	1414	C	18.8	0
ERVL	DR0105278	KZ511885.1	12696	13098	+	15.0	0
ERV4	DR0105376	KZ511887.1	2538	2847	C	16.4	0
ERVL	DR0105327	KZ511888.1	139	467	C	11.3	0
ERVL	DR0105312	KZ511888.1	1025	2239	+	12.5	0
ERV4	DR0105376	KZ511900.1	3911	4362	C	14.8	0
ERV4	DR0105376	KZ511902.1	2678	2868	C	15.3	0
ERVL	DR0105312	KZ511902.1	5955	6114	C	34.6	0
ERV4	DR0105376	KZ511902.1	8166	8709	C	11.0	0
ERVL	DR0105327	KZ511907.1	1	188	+	7.5	0
ERVL	DR0105230	KZ511907.1	6691	6764	C	10.8	0
ERVL	DR0105312	KZ511907.1	11625	12923	+	20.1	0
ERVL	DR0105312	KZ511907.1	14290	14972	+	15.1	0
ERVL	DR0105364	KZ511907.1	22262	22567	+	15.0	0
ERVL	DR0105338	KZ511922.1	5703	5987	+	26.8	0
ERVL	DR0105338	KZ511922.1	5989	6165	+	23.5	0
ERVL	DR0105358	KZ511922.1	6784	7416	C	3.0	0
ERVL	DR0105371	KZ511922.1	10741	10896	C	14.3	0
ERVL	DR0105371	KZ511922.1	12291	12458	C	15.1	0
ERV1	DR0105240	KZ511922.1	13500	13776	C	23.1	0
ERVL	DR0105364	KZ511924.1	16093	16376	+	12.0	0
ERVL	DR0105364	KZ511926.1	20501	20937	C	13.3	0
ERV1	DR0105321	KZ511932.1	12745	13010	C	6.8	0
ERVL	DR0105315	KZ511935.1	6731	7246	+	21.2	0
ERVL	DR0105312	KZ511938.1	18790	19610	C	12.7	0
ERVL	DR0105312	KZ511938.1	20885	21297	C	16.0	0
ERVL	DR0105358	KZ511938.1	24559	24874	+	5.1	0
ERVL	DR0105358	KZ511942.1	19682	20319	+	10.2	0
ERVL	DR0105294	KZ511946.1	20046	20535	C	12.2	0
ERVL	DR0105364	KZ511950.1	11098	11749	+	13.3	0
ERVL	DR0105327	KZ511950.1	14083	14774	+	15.7	0
ERVL	DR0105371	KZ511956.1	8759	8901	+	16.4	0
ERVL	DR0105238	KZ511956.1	9057	9137	C	21.5	0
ERV4	DR0105376	KZ511956.1	23365	23772	C	19.0	0
ERVL	DR0105370	KZ511960.1	20850	21431	+	13.0	0
ERVL	DR0105370	KZ511965.1	15022	15074	+	11.3	0
ERVL	DR0105338	KZ511968.1	6361	7243	+	18.3	0
ERVL	DR0105338	KZ511968.1	7427	7660	+	9.9	0
ERVL	DR0105370	KZ511980.1	14770	15023	+	13.4	0
ERVL	DR0105230	KZ511988.1	9080	9738	+	15.7	0
ERVL	DR0105326	KZ511988.1	15405	15454	+	12.0	0
ERVL	DR0105370	KZ511989.1	2066	2652	+	11.3	0
ERVL	DR0105364	KZ511989.1	9094	9499	C	10.1	0
ERVL	DR0105312	KZ511989.1	10691	11113	C	16.3	0
ERV1	DR0105240	KZ511989.1	19539	20151	+	7.2	0
ERVL	DR0105364	KZ511993.1	14464	15063	C	17.0	0
ERVL	DR0105338	KZ512000.1	11983	12145	C	17.8	0
ERVL	DR0105238	KZ512004.1	16873	16926	C	17.7	0
ERVL	DR0105312	KZ512026.1	1	2272	+	14.0	0
ERV1	DR0105240	KZ512026.1	6493	6679	C	5.3	0
ERV1	DR0105240	KZ512026.1	7119	7174	C	3.6	0
ERVL	DR0105358	KZ512026.1	17846	18336	+	6.9	0
ERVL	DR0105338	KZ512026.1	18337	18573	C	16.6	0
ERVL	DR0105364	KZ512030.1	2300	2676	+	10.4	0
ERVL	DR0105370	KZ512036.1	3187	3622	C	14.1	0
ERVL	DR0105338	KZ512040.1	6839	7938	+	22.1	0
ERVL	DR0105338	KZ512040.1	11391	11580	C	27.8	0
ERV4	DR0105376	KZ512040.1	13677	14209	+	13.8	0
ERVL	DR0105315	KZ512057.1	7657	8187	+	16.2	0
ERVL	DR0105371	KZ512058.1	11910	11956	+	6.4	0
ERVL	DR0105370	KZ512058.1	11969	12071	+	14.7	0
ERV4	DR0105376	KZ512063.1	17455	17638	C	21.5	0
ERVL	DR0105312	KZ512065.1	523	965	C	12.9	0
ERVL	DR0105230	KZ512065.1	1096	1251	C	9.2	0
ERVL	DR0105312	KZ512065.1	1270	1325	C	16.1	0
ERVL	DR0105312	KZ512065.1	1568	1871	C	14.8	0
ERVL	DR0105338	KZ512065.1	14559	15497	C	17.3	0
ERVL	DR0105230	KZ512067.1	11364	11982	+	6.6	0
ERVL	DR0105338	KZ512067.1	15167	15937	C	16.0	0
ERVL	DR0105294	KZ512070.1	9971	10489	C	5.0	0
ERVL	DR0105370	KZ512070.1	17818	18107	C	12.4	0
ERV4	DR0105376	KZ512070.1	22107	22228	C	11.8	0
ERVL	DR0105261	KZ512073.1	8648	8987	+	15.0	0
ERVL	DR0105338	KZ512074.1	19049	19114	C	15.2	0
ERVL	DR0105370	KZ512074.1	19703	19913	C	27.5	0
ERVL	DR0105232	KZ512074.1	20938	21179	C	29.8	0
ERVL	DR0105370	KZ512074.1	21471	21723	C	29.0	0
ERVL	DR0105294	KZ512079.1	22504	22835	C	11.4	0
ERVL	DR0105278	KZ512081.1	20818	21254	C	18.4	0
ERVL	DR0105327	KZ512090.1	19257	19810	C	9.6	0
ERVL	DR0105312	KZ512093.1	103	1617	C	15.1	0
ERVL	DR0105315	KZ512093.1	5054	5352	C	12.0	0
ERV1	DR0105342	KZ512093.1	5438	5635	C	23.1	0
ERV1	DR0105342	KZ512093.1	5764	5886	C	23.0	0
ERV1	DR0105240	KZ512093.1	10362	10558	C	27.2	0
ERVL	DR0105327	KZ512093.1	13919	13983	+	14.7	0
ERVL	DR0105294	KZ512093.1	18603	19324	+	6.8	0
ERVL	DR0105341	KZ512093.1	20277	20465	C	5.8	0
ERVL	DR0105294	KZ512093.1	20478	20528	+	7.8	0
ERVL	DR0105261	KZ512096.1	6738	6820	C	13.3	0
ERVL	DR0105294	KZ512098.1	6856	7608	C	8.1	0
ERVL	DR0105370	KZ512106.1	10025	10605	+	24.7	0
ERVL	DR0105312	KZ512108.1	14684	15441	C	10.9	0
ERVL	DR0105312	KZ512108.1	15883	16256	C	18.4	0
ERVL	DR0105371	KZ512116.1	1	118	+	12.6	0
ERV4	DR0105376	KZ512126.1	10841	10952	C	6.2	0
ERVL	DR0105238	KZ512126.1	11271	11974	+	9.6	0
ERVL	DR0105294	KZ512126.1	14120	14415	+	10.1	0
ERVL	DR0105370	KZ512126.1	15217	15802	C	13.2	0
ERVL	DR0105364	KZ512126.1	18434	19064	C	7.9	0
ERVL	DR0105238	KZ512126.1	19246	19783	+	10.1	0
ERVL	DR0105238	KZ512126.1	21934	21986	+	7.7	0
ERVL	DR0105261	KZ512127.1	9694	10079	C	17.7	0
ERVL	DR0105338	KZ512127.1	10361	11512	C	18.8	0
ERVL	DR0105278	KZ512129.1	8732	9183	+	15.2	0
ERVL	DR0105327	KZ512129.1	19384	19834	+	9.8	0
ERVL	DR0105238	KZ512129.1	21884	22018	C	9.2	0
ERVL	DR0105305	KZ512139.1	8808	8890	+	26.8	0
ERVL	DR0105371	KZ512141.1	1	240	+	9.6	0
ERVL	DR0105370	KZ512147.1	13593	14235	C	11.4	0
ERVL	DR0105338	KZ512147.1	17257	17423	+	10.2	0
ERV4	DR0105376	KZ512163.1	13137	13627	+	11.7	0
ERVL	DR0105278	KZ512173.1	1	228	+	15.2	0
ERVL	DR0105312	KZ512173.1	687	938	+	15.1	0
ERVL	DR0105312	KZ512173.1	9006	9540	C	13.3	0
ERV4	DR0105376	KZ512233.1	11710	11793	C	6.0	0
ERV4	DR0105376	KZ512233.1	13036	13149	C	16.1	0
ERV4	DR0105376	KZ512233.1	13673	14430	+	4.5	0
ERVL	DR0105312	KZ512233.1	20330	20630	C	40.1	0
ERVL	DR0105230	KZ512235.1	7225	7291	+	9.0	0
ERVL	DR0105338	KZ512236.1	4081	4725	C	21.7	0
ERVL	DR0105364	KZ512240.1	3763	4061	C	11.4	0
ERVL	DR0105238	KZ512240.1	4063	4421	C	12.2	0
ERVL	DR0105238	KZ512240.1	4812	4906	C	5.3	0
ERVL	DR0105364	KZ512240.1	4910	5261	C	12.6	0
ERVL	DR0105238	KZ512240.1	5914	6041	+	6.5	0
ERVL	DR0105238	KZ512240.1	8149	8298	+	11.1	0
ERVL	DR0105327	KZ512240.1	9015	9714	+	8.1	0
ERVL	DR0105371	KZ512240.1	10720	10888	C	16.8	0
ERVL	DR0105312	KZ512240.1	16645	16920	+	29.0	0
ERVL	DR0105358	KZ512240.1	16939	17121	+	9.3	0
ERVL	DR0105294	KZ512240.1	19166	19405	+	7.5	0
ERVL	DR0105312	KZ512242.1	2777	3837	C	13.4	0
ERVL	DR0105312	KZ512242.1	4694	5969	C	16.4	0
ERVL	DR0105238	KZ512242.1	7612	8109	C	9.1	0
ERVL	DR0105358	KZ512242.1	10065	10710	+	5.9	0
ERVL	DR0105261	KZ512242.1	12307	12509	C	19.9	0
ERV4	DR0105376	KZ512242.1	15694	16398	C	9.0	0
ERV1	DR0105321	KZ512242.1	18470	18605	+	11.0	0
ERV1	DR0105321	KZ512242.1	18626	18953	+	11.0	0
ERVL	DR0105364	KZ512243.1	21461	21796	+	15.2	0
ERVL	DR0105315	KZ512247.1	19711	20282	C	21.3	0
ERVL	DR0105338	KZ512250.1	20379	21046	+	22.4	0
ERVL	DR0105315	KZ512254.1	771	1334	+	21.0	0
ERVL	DR0105370	KZ512254.1	2020	2061	C	22.8	0
ERVL	DR0105338	KZ512254.1	4371	5379	+	19.3	0
ERVL	DR0105338	KZ512254.1	8924	9715	C	22.9	0
ERVL	DR0105294	KZ512254.1	12440	13183	C	9.1	0
ERVL	DR0105278	KZ512254.1	16961	16997	C	8.1	0
ERVL	DR0105294	KZ512262.1	3964	4443	+	7.7	0
ERVL	DR0105370	KZ512268.1	4191	4631	+	14.9	0
ERVL	DR0105305	KZ512268.1	9134	9501	+	26.9	0
ERVL	DR0105315	KZ512268.1	18406	18984	C	22.5	0
ERVL	DR0105338	KZ512270.1	7200	7410	+	24.4	0
ERVL	DR0105294	KZ512273.1	12948	13651	C	11.4	0
ERVL	DR0105294	KZ512273.1	20773	20952	+	10.1	0
ERVL	DR0105370	KZ512281.1	11856	12107	C	13.7	0
ERVL	DR0105370	KZ512301.1	14556	14601	+	15.2	0
ERVL	DR0105278	KZ512303.1	11565	11964	C	16.1	0
ERVL	DR0105338	KZ512306.1	10203	10980	C	25.2	0
ERVL	DR0105327	KZ512310.1	2411	2935	+	12.5	0
ERVL	DR0105312	KZ512312.1	5856	6234	C	13.8	0
ERVL	DR0105278	KZ512312.1	17314	18078	+	18.6	0
ERVL	DR0105232	KZ512312.1	21319	21559	C	31.6	0
ERVL	DR0105312	KZ512312.1	21923	22071	C	21.2	0
ERVL	DR0105312	KZ512312.1	22423	23405	C	18.2	0
ERVL	DR0105312	KZ512312.1	24156	24706	C	13.5	0
ERVL	DR0105230	KZ512312.1	24708	25268	C	14.8	0
ERVL	DR0105230	KZ512314.1	3758	4069	+	20.7	0
ERVL	DR0105312	KZ512314.1	7781	8055	+	35.2	0
ERVL	DR0105230	KZ512314.1	13833	14073	C	8.2	0
ERVL	DR0105294	KZ512314.1	15940	16109	C	18.4	0
ERVL	DR0105370	KZ512323.1	14891	15486	C	13.0	0
ERVL	DR0105278	KZ512324.1	18022	18079	C	19.3	0
ERV4	DR0105376	KZ512334.1	11955	12173	+	6.4	0
ERVL	DR0105370	KZ512350.1	4548	4997	C	16.7	0
ERVL	DR0105294	KZ512364.1	9329	9586	+	7.4	0
ERVL	DR0105312	KZ512365.1	1	760	+	10.4	0
ERVL	DR0105370	KZ512365.1	4849	5444	+	10.6	0
ERVL	DR0105370	KZ512365.1	8280	8834	C	21.2	0
ERVL	DR0105238	KZ512365.1	15549	16070	C	10.0	0
ERVL	DR0105338	KZ512365.1	17733	17972	+	22.0	0
ERV1	DR0105321	KZ512371.1	7035	7511	+	11.2	0
ERVL	DR0105278	KZ512371.1	15136	15248	+	12.1	0
ERVL	DR0105370	KZ512373.1	1065	1195	C	22.0	0
ERVL	DR0105315	KZ512373.1	1218	1509	C	19.6	0
ERVL	DR0105338	KZ512375.1	3646	3795	+	10.7	0
ERVL	DR0105278	KZ512379.1	999	1516	+	13.8	0
ERVL	DR0105230	KZ512383.1	2	379	C	17.3	0
ERVL	DR0105238	KZ512383.1	4965	5093	C	9.5	0
ERV1	DR0105321	KZ512383.1	16686	17517	+	12.8	0
ERVL	DR0105315	KZ512394.1	20072	20447	C	25.5	0
ERVL	DR0105338	KZ512397.1	10705	11324	+	17.3	0
ERVL	DR0105370	KZ512400.1	11967	12556	+	15.2	0
ERVL	DR0105338	KZ512406.1	17618	17878	C	11.9	0
ERVL	DR0105364	KZ512406.1	18873	19171	C	9.7	0
ERVL	DR0105371	KZ512420.1	15720	16024	C	14.1	0
ERVL	DR0105312	KZ512427.1	6949	8208	+	16.7	0
ERVL	DR0105315	KZ512427.1	11146	11582	C	21.6	0
ERVL	DR0105370	KZ512427.1	12016	12243	+	10.5	0
ERVL	DR0105278	KZ512431.1	4984	5596	C	19.9	0
ERVL	DR0105327	KZ512441.1	7147	7375	C	7.9	0
ERVL	DR0105358	KZ512449.1	7494	7553	C	1.7	0
ERVL	DR0105371	KZ512451.1	7932	8084	+	15.8	0
ERVL	DR0105370	KZ512451.1	8101	8363	+	14.1	0
ERVL	DR0105278	KZ512455.1	1	212	+	15.8	0
ERVL	DR0105370	KZ512455.1	1299	1362	C	18.8	0
ERVL	DR0105315	KZ512455.1	20668	20793	C	20.5	0
ERVL	DR0105371	KZ512461.1	4733	4902	+	16.1	0
ERVL	DR0105371	KZ512465.1	2548	2725	+	10.7	0
ERVL	DR0105364	KZ512471.1	20299	20386	+	13.6	0
ERVL	DR0105312	KZ512473.1	15065	17222	+	13.9	0
ERVL	DR0105312	KZ512473.1	17226	17453	+	26.1	0
ERV1	DR0105321	KZ512474.1	13626	13740	+	19.1	0
ERVL	DR0105294	KZ512484.1	10305	11034	C	10.3	0
ERVL	DR0105232	KZ512496.1	2060	3312	+	10.4	0
ERV1	DR0105240	KZ512496.1	3652	3686	C	8.6	0
ERVL	DR0105358	KZ512496.1	5338	5497	C	6.3	0
ERV1	DR0105240	KZ512497.1	5927	6052	+	25.4	0
ERVL	DR0105338	KZ512498.1	13142	13422	+	26.4	0
ERVL	DR0105358	KZ512504.1	16745	16971	C	16.8	0
ERVL	DR0105371	KZ512509.1	1333	1755	+	10.9	0
ERVL	DR0105364	KZ512511.1	16917	17563	+	10.2	0
ERVL	DR0105358	KZ512511.1	17991	18166	C	3.4	0
ERVL	DR0105312	KZ512511.1	18822	18909	C	25.3	0
ERVL	DR0105312	KZ512511.1	19046	20351	C	16.4	0
ERVL	DR0105261	KZ512514.1	4242	4538	C	15.3	0
ERVL	DR0105338	KZ512519.1	19980	20369	+	25.9	0
ERVL	DR0105312	KZ512524.1	1	280	+	15.5	0
ERVL	DR0105327	KZ512524.1	532	1301	+	9.8	0
ERV1	DR0105240	KZ512524.1	2307	2405	+	14.9	0
ERVL	DR0105370	KZ512528.1	347	593	C	27.6	0
ERVL	DR0105370	KZ512528.1	655	1020	+	14.6	0
ERVL	DR0105364	KZ512544.1	21904	22334	+	13.2	0
ERVL	DR0105230	KZ512557.1	2537	3161	+	17.9	0
ERVL	DR0105358	KZ512558.1	12589	12902	C	9.6	0
ERVL	DR0105315	KZ512559.1	2429	2973	+	22.4	0
ERVL	DR0105364	KZ512559.1	8010	8198	C	8.3	0
ERVL	DR0105338	KZ512559.1	10431	10988	C	18.9	0
ERVL	DR0105338	KZ512559.1	11613	12332	+	15.7	0
ERVL	DR0105312	KZ512559.1	17194	17445	+	8.9	0
ERV1	DR0105240	KZ512559.1	17447	17578	C	29.7	0
ERVL	DR0105261	KZ512564.1	8735	9321	+	15.5	0
ERVL	DR0105338	KZ512564.1	9596	9853	+	9.3	0
ERVL	DR0105370	KZ512564.1	9854	10163	+	14.3	0
ERVL	DR0105261	KZ512564.1	13736	14137	C	27.2	0
ERVL	DR0105338	KZ512564.1	15820	15868	C	12.2	0
ERVL	DR0105327	KZ512564.1	15927	16462	C	9.2	0
ERV1	DR0105342	KZ512583.1	9000	9536	+	22.0	0
ERVL	DR0105294	KZ512593.1	6067	6250	+	10.5	0
ERVL	DR0105238	KZ512593.1	11238	11738	C	12.7	0
ERVL	DR0105338	KZ512596.1	10997	11373	+	25.6	0
ERVL	DR0105278	KZ512602.1	12414	12543	C	12.4	0
ERVL	DR0105238	KZ512617.1	1	167	C	6.0	0
ERVL	DR0105232	KZ512623.1	188	1178	+	26.9	0
ERVL	DR0105370	KZ512623.1	2309	2426	C	11.9	0
ERVL	DR0105278	KZ512623.1	7791	8108	C	12.5	0
ERVL	DR0105338	KZ512623.1	9054	9557	+	18.4	0
ERVL	DR0105312	KZ512623.1	11198	11619	+	18.9	0
ERVL	DR0105327	KZ512625.1	17890	18603	C	33.1	0
ERVL	DR0105370	KZ512629.1	6599	7182	+	23.5	0
ERVL	DR0105370	KZ512629.1	8246	8416	C	26.6	0
ERVL	DR0105295	KZ512629.1	8442	8729	C	20.2	0
ERVL	DR0105370	KZ512629.1	10642	11192	+	14.0	0
ERV1	DR0105240	KZ512649.1	10312	10346	+	5.7	0
ERVL	DR0105294	KZ512649.1	18262	18328	C	11.9	0
ERVL	DR0105370	KZ512653.1	556	823	C	14.2	0
ERVL	DR0105341	KZ512658.1	12	404	C	10.7	0
ERVL	DR0105338	KZ512658.1	2414	2681	C	12.3	0
ERVL	DR0105312	KZ512658.1	6330	6882	+	17.3	0
ERVL	DR0105278	KZ512658.1	6884	6998	C	11.3	0
ERVL	DR0105370	KZ512658.1	8287	8704	+	17.6	0
ERVL	DR0105370	KZ512658.1	18799	18960	C	16.1	0
ERVL	DR0105312	KZ512663.1	4167	4794	+	20.6	0
ERV1	DR0105240	KZ512663.1	5586	6067	C	7.7	0
ERVL	DR0105312	KZ512663.1	6069	7115	+	12.8	0
ERVL	DR0105312	KZ512663.1	8170	8722	+	12.1	0
ERVL	DR0105294	KZ512663.1	11198	11561	+	7.7	0
ERV1	DR0105240	KZ512663.1	13044	13109	+	15.2	0
ERVL	DR0105338	KZ512664.1	3781	4492	+	16.4	0
ERVL	DR0105238	KZ512667.1	8	92	+	13.3	0
ERVL	DR0105338	KZ512668.1	9103	9524	+	21.8	0
ERVL	DR0105338	KZ512679.1	842	1477	C	17.8	0
ERV1	DR0105240	KZ512679.1	3848	3970	+	29.1	0
ERVL	DR0105305	KZ512679.1	9923	10407	+	19.5	0
ERVL	DR0105370	KZ512679.1	14116	14642	+	17.9	0
ERVL	DR0105370	KZ512679.1	14688	14878	+	31.4	0
ERV1	DR0105240	KZ512679.1	15171	15475	+	21.6	0
ERVL	DR0105312	KZ512679.1	16943	19479	C	12.1	0
ERVL	DR0105327	KZ512684.1	5099	5147	+	12.2	0
ERV1	DR0105342	KZ512691.1	699	792	C	25.7	0
ERVL	DR0105315	KZ512691.1	5289	5490	+	24.7	0
ERVL	DR0105230	KZ512697.1	8528	9155	C	15.4	0
ERVL	DR0105338	KZ512697.1	12103	12446	C	29.7	0
ERVL	DR0105341	KZ512697.1	13982	14210	+	14.1	0
ERVL	DR0105261	KZ512697.1	14211	14489	+	16.3	0
ERVL	DR0105230	KZ512698.1	1	506	C	18.3	0
ERVL	DR0105312	KZ512698.1	13425	13690	+	12.9	0
ERVL	DR0105370	KZ512706.1	7008	7118	C	9.0	0
ERVL	DR0105294	KZ512707.1	1	242	C	7.9	0
ERVL	DR0105370	KZ512707.1	4599	4911	+	15.6	0
ERVL	DR0105370	KZ512707.1	5067	5469	+	24.2	0
ERVL	DR0105294	KZ512707.1	11761	12192	C	8.6	0
ERVL	DR0105230	KZ512707.1	20153	20309	+	10.3	0
ERV1	DR0105240	KZ512712.1	9312	9548	C	8.5	0
ERV1	DR0105240	KZ512712.1	9562	9797	C	9.4	0
ERV1	DR0105240	KZ512712.1	10201	10278	+	13.0	0
ERVL	DR0105338	KZ512712.1	16545	16753	+	13.5	0
ERVL	DR0105338	KZ512712.1	17991	18262	+	13.9	0
ERVL	DR0105338	KZ512717.1	1	416	C	13.9	0
ERV1	DR0105321	KZ512717.1	438	569	C	25.9	0
ERV1	DR0105321	KZ512717.1	651	1185	C	17.6	0
ERVL	DR0105338	KZ512717.1	1186	1768	C	39.3	0
ERVL	DR0105315	KZ512717.1	4937	5473	+	23.6	0
ERVL	DR0105371	KZ512717.1	7589	8166	+	11.9	0
ERVL	DR0105358	KZ512717.1	8420	9066	C	4.5	0
ERVL	DR0105370	KZ512717.1	9337	9920	C	10.9	0
ERVL	DR0105315	KZ512717.1	16194	16660	C	16.7	0
ERVL	DR0105370	KZ512717.1	17532	17866	+	10.8	0
ERVL	DR0105238	KZ512726.1	7987	8701	+	64.7	0
ERVL	DR0105315	KZ512731.1	10459	10540	C	7.3	0
ERVL	DR0105294	KZ512733.1	1103	1507	+	8.9	0
ERVL	DR0105327	KZ512733.1	10772	11503	C	7.8	0
ERVL	DR0105370	KZ512735.1	4072	4667	+	9.9	0
ERVL	DR0105358	KZ512735.1	5771	5863	+	4.3	0
ERVL	DR0105338	KZ512745.1	20494	20974	C	11.4	0
ERV1	DR0105342	KZ512760.1	19	212	C	20.9	0
ERV1	DR0105321	KZ512760.1	1730	2024	C	9.0	0
ERVL	DR0105238	KZ512760.1	2027	2775	C	9.3	0
ERV1	DR0105321	KZ512760.1	2777	2963	C	11.2	0
ERVL	DR0105370	KZ512760.1	2985	3414	+	24.2	0
ERVL	DR0105327	KZ512760.1	9830	9926	+	6.2	0
ERVL	DR0105261	KZ512760.1	13644	14167	+	12.4	0
ERVL	DR0105338	KZ512760.1	16116	16329	+	18.8	0
ERVL	DR0105312	KZ512760.1	18375	19315	C	12.7	0
ERVL	DR0105364	KZ512762.1	9979	10589	+	12.3	0
ERVL	DR0105278	KZ512772.1	10362	10776	C	14.6	0
ERVL	DR0105278	KZ512772.1	11384	11469	C	12.8	0
ERVL	DR0105315	KZ512772.1	13276	13826	+	25.5	0
ERVL	DR0105370	KZ512784.1	13986	14188	+	15.6	0
ERVL	DR0105370	KZ512784.1	14542	14702	+	22.4	0
ERVL	DR0105278	KZ512788.1	11758	12263	C	17.5	0
ERVL	DR0105294	KZ512813.1	6541	7056	+	8.6	0
ERVL	DR0105238	KZ512813.1	11415	11599	C	8.3	0
ERVL	DR0105327	KZ512820.1	18914	18996	+	7.4	0
ERVL	DR0105370	KZ512821.1	2959	3061	C	13.6	0
ERVL	DR0105294	KZ512825.1	9843	10572	+	8.1	0
ERV1	DR0105240	KZ512835.1	8358	8537	+	7.8	0
ERVL	DR0105338	KZ512840.1	3	636	+	12.5	0
ERVL	DR0105338	KZ512840.1	3904	4526	+	11.4	0
ERVL	DR0105305	KZ512851.1	9038	9323	C	24.2	0
ERVL	DR0105338	KZ512851.1	9355	9650	C	21.6	0
ERVL	DR0105230	KZ512851.1	16330	16981	+	17.3	0
ERVL	DR0105312	KZ512855.1	10505	10904	+	16.5	0
ERVL	DR0105312	KZ512855.1	10905	12616	C	15.0	0
ERVL	DR0105312	KZ512855.1	16285	16698	C	18.4	0
ERVL	DR0105338	KZ512856.1	8841	9153	+	20.8	0
ERV1	DR0105240	KZ512869.1	5103	5760	C	7.8	0
ERVL	DR0105238	KZ512877.1	2	565	C	9.7	0
ERV4	DR0105376	KZ512877.1	8533	9004	+	11.2	0
ERVL	DR0105238	KZ512877.1	9538	9643	+	6.0	0
ERVL	DR0105278	KZ512883.1	18345	18823	+	15.0	0
ERVL	DR0105370	KZ512896.1	12154	12218	C	23.4	0
ERVL	DR0105370	KZ512901.1	1834	1973	C	13.6	0
ERV1	DR0105240	KZ512902.1	3	338	+	9.7	0
ERVL	DR0105338	KZ512902.1	3241	4216	C	17.1	0
ERVL	DR0105338	KZ512911.1	16931	17248	C	24.6	0
ERVL	DR0105370	KZ512931.1	15223	15273	C	13.7	0
ERVL	DR0105230	KZ512954.1	12968	13622	C	16.1	0
ERVL	DR0105312	KZ512954.1	18052	18437	+	13.6	0
ERVL	DR0105312	KZ512956.1	5667	5910	+	12.5	0
ERVL	DR0105305	KZ512956.1	13209	13552	+	23.0	0
ERV4	DR0105376	KZ512958.1	17543	18183	C	23.1	0
ERVL	DR0105295	KZ512961.1	21487	21678	+	16.1	0
ERVL	DR0105238	KZ512965.1	1823	1911	+	6.8	0
ERVL	DR0105238	KZ512967.1	2686	3073	+	11.7	0
ERVL	DR0105338	KZ512967.1	3797	3958	C	15.0	0
ERVL	DR0105294	KZ512967.1	9483	9630	+	5.4	0
ERVL	DR0105230	KZ512967.1	9633	9825	C	10.4	0
ERV1	DR0105342	KZ512967.1	11381	11541	C	16.1	0
ERVL	DR0105238	KZ512967.1	17982	18258	C	13.2	0
ERVL	DR0105312	KZ512967.1	18392	18589	C	28.5	0
ERVL	DR0105312	KZ512967.1	18663	18924	C	15.3	0
ERVL	DR0105341	KZ512967.1	18927	19169	C	8.0	0
ERVL	DR0105370	KZ512973.1	3865	4482	+	16.2	0
ERVL	DR0105278	KZ512973.1	4591	4736	C	20.6	0
ERVL	DR0105338	KZ512974.1	7734	8054	C	17.9	0
ERVL	DR0105305	KZ512976.1	948	1056	C	24.1	0
ERVL	DR0105338	KZ512976.1	1787	2069	C	17.1	0
ERVL	DR0105295	KZ512976.1	2072	2118	+	9.4	0
ERVL	DR0105326	KZ512976.1	2130	2197	+	25.0	0
ERVL	DR0105370	KZ512976.1	2210	2350	+	24.1	0
ERVL	DR0105327	KZ512976.1	3466	3782	C	8.6	0
ERVL	DR0105364	KZ512976.1	5287	5758	C	10.6	0
ERVL	DR0105338	KZ512976.1	14957	15326	C	12.6	0
ERVL	DR0105261	KZ512976.1	15327	15380	C	7.4	0
ERVL	DR0105278	KZ512981.1	9940	10441	C	16.4	0
ERVL	DR0105232	KZ512984.1	279	2186	C	14.6	0
ERVL	DR0105294	KZ512984.1	15011	15327	+	6.0	0
ERVL	DR0105364	KZ512984.1	16333	16499	+	14.5	0
ERVL	DR0105364	KZ512984.1	16877	17117	+	10.8	0
ERVL	DR0105338	KZ512984.1	19549	20106	C	10.5	0
ERVL	DR0105232	KZ512984.1	20577	20926	C	12.0	0
ERVL	DR0105327	KZ512984.1	21882	22101	+	9.1	0
ERVL	DR0105358	KZ512989.1	2794	3021	+	5.3	0
ERVL	DR0105230	KZ512994.1	3057	3667	C	17.9	0
ERVL	DR0105230	KZ512994.1	9294	9938	C	17.6	0
ERVL	DR0105295	KZ512995.1	13073	13315	+	22.2	0
ERVL	DR0105315	KZ512995.1	15394	15930	+	28.5	0
ERVL	DR0105358	KZ513010.1	2620	3198	C	5.4	0
ERVL	DR0105238	KZ513010.1	11671	12426	C	9.4	0
ERVL	DR0105338	KZ513016.1	18064	18309	+	31.2	0
ERV4	DR0105376	KZ513030.1	16222	16973	+	6.8	0
ERVL	DR0105371	KZ513049.1	11514	11741	+	13.5	0
ERVL	DR0105238	KZ513051.1	4877	5626	+	12.5	0
ERVL	DR0105326	KZ513051.1	8453	8674	C	10.2	0
ERVL	DR0105315	KZ513051.1	11628	12220	+	18.2	0
ERVL	DR0105364	KZ513053.1	7863	8088	+	10.8	0
ERV4	DR0105376	KZ513057.1	18462	18702	+	9.2	0
ERVL	DR0105295	KZ513061.1	15663	16194	+	18.8	0
ERVL	DR0105312	KZ513079.1	1	1105	C	13.8	0
ERVL	DR0105238	KZ513079.1	4717	4820	C	5.9	0
ERV4	DR0105376	KZ513079.1	6221	6412	C	26.9	0
ERV1	DR0105342	KZ513079.1	9062	9264	+	23.6	0
ERV1	DR0105342	KZ513079.1	9438	9656	+	23.7	0
ERV4	DR0105376	KZ513079.1	13053	13303	+	4.5	0
ERVL	DR0105364	KZ513085.1	12511	13156	C	9.4	0
ERVL	DR0105305	KZ513093.1	6383	6555	+	20.7	0
ERVL	DR0105305	KZ513093.1	8108	8348	C	25.4	0
ERVL	DR0105305	KZ513093.1	8508	8772	C	17.8	0
ERVL	DR0105338	KZ513093.1	14429	15442	+	14.3	0
ERVL	DR0105338	KZ513093.1	16582	16910	C	26.5	0
ERVL	DR0105278	KZ513094.1	7738	7941	C	19.8	0
ERVL	DR0105312	KZ513107.1	2	453	+	13.8	0
ERVL	DR0105312	KZ513107.1	527	746	+	27.6	0
ERV4	DR0105376	KZ513107.1	12584	12972	+	9.8	0
ERV4	DR0105376	KZ513107.1	13278	13320	+	16.3	0
ERVL	DR0105338	KZ513107.1	13795	14461	+	22.8	0
ERVL	DR0105358	KZ513111.1	939	1206	+	7.2	0
ERVL	DR0105312	KZ513111.1	3564	5000	+	16.7	0
ERVL	DR0105358	KZ513111.1	6106	6202	+	7.2	0
ERVL	DR0105338	KZ513111.1	6464	7044	+	16.9	0
ERVL	DR0105364	KZ513111.1	8852	9489	C	8.9	0
ERVL	DR0105238	KZ513113.1	4	157	+	14.2	0
ERVL	DR0105294	KZ513113.1	158	232	C	7.8	0
ERVL	DR0105364	KZ513113.1	2998	3618	+	8.9	0
ERVL	DR0105338	KZ513113.1	12788	13912	C	14.1	0
ERVL	DR0105238	KZ513136.1	7021	7234	C	10.3	0
ERV1	DR0105342	KZ513136.1	7626	7978	C	14.5	0
ERV1	DR0105342	KZ513136.1	8071	8428	C	20.7	0
ERVL	DR0105305	KZ513141.1	3725	3780	C	12.2	0
ERVL	DR0105305	KZ513141.1	3782	3976	C	19.1	0
ERV1	DR0105321	KZ513141.1	10836	11586	+	9.0	0
ERVL	DR0105312	KZ513141.1	14470	14647	+	22.5	0
ERV4	DR0105376	KZ513141.1	14649	15200	C	11.6	0
ERV1	DR0105240	KZ513141.1	17154	17734	+	7.2	0
ERVL	DR0105338	KZ513142.1	38	131	C	20.5	0
ERVL	DR0105305	KZ513142.1	2401	2582	C	31.1	0
ERVL	DR0105364	KZ513148.1	12952	13063	C	7.1	0
ERV1	DR0105240	KZ513159.1	17876	17988	C	16.8	0
ERVL	DR0105358	KZ513160.1	6434	6590	+	3.2	0
ERVL	DR0105312	KZ513160.1	15596	15623	+	16.1	0
ERVL	DR0105327	KZ513160.1	18001	18080	C	8.8	0
ERVL	DR0105338	KZ513162.1	4588	5441	+	26.2	0
ERVL	DR0105364	KZ513169.1	3686	3860	+	8.0	0
ERVL	DR0105338	KZ513170.1	2923	3025	C	18.6	0
ERVL	DR0105305	KZ513171.1	5988	6108	C	25.8	0
ERVL	DR0105370	KZ513187.1	13288	13747	+	15.2	0
ERVL	DR0105358	KZ513195.1	1356	1494	C	4.3	0
ERV1	DR0105342	KZ513195.1	11514	11945	C	18.5	0
ERVL	DR0105294	KZ513195.1	11946	12153	+	5.3	0
ERV1	DR0105342	KZ513195.1	13199	13408	C	19.7	0
ERVL	DR0105338	KZ513195.1	15913	16868	+	13.8	0
ERVL	DR0105370	KZ513209.1	865	1080	+	18.6	0
ERVL	DR0105238	KZ513209.1	6986	7717	C	9.9	0
ERVL	DR0105238	KZ513209.1	12775	13015	C	10.3	0
ERVL	DR0105261	KZ513209.1	15593	16078	C	9.6	0
ERVL	DR0105294	KZ513209.1	19656	19846	C	15.4	0
ERVL	DR0105312	KZ513214.1	9618	9755	+	15.3	0
ERVL	DR0105312	KZ513214.1	9829	10032	+	28.0	0
ERVL	DR0105238	KZ513214.1	10033	10176	+	6.9	0
ERVL	DR0105295	KZ513214.1	16138	16301	+	16.8	0
ERVL	DR0105238	KZ513226.1	2282	2383	+	6.9	0
ERVL	DR0105238	KZ513226.1	3142	3220	+	17.4	0
ERVL	DR0105315	KZ513226.1	8020	8483	C	22.4	0
ERVL	DR0105338	KZ513226.1	8628	9041	+	22.6	0
ERVL	DR0105370	KZ513251.1	12545	12901	C	23.8	0
ERVL	DR0105278	KZ513253.1	14411	14589	C	11.5	0
ERVL	DR0105358	KZ513270.1	9892	10534	C	5.1	0
ERVL	DR0105232	KZ513273.1	4	692	C	12.8	0
ERV4	DR0105376	KZ513273.1	10099	10283	C	20.6	0
ERVL	DR0105315	KZ513276.1	3659	4161	C	25.5	0
ERVL	DR0105278	KZ513294.1	10758	11244	C	14.4	0
ERVL	DR0105294	KZ513297.1	8074	8806	C	9.5	0
ERVL	DR0105358	KZ513298.1	19125	19216	+	4.3	0
ERVL	DR0105370	KZ513307.1	16076	16361	+	13.5	0
ERVL	DR0105312	KZ513314.1	253	824	C	14.7	0
ERVL	DR0105294	KZ513314.1	829	878	C	6.0	0
ERVL	DR0105312	KZ513318.1	6311	6668	C	19.6	0
ERVL	DR0105338	KZ513318.1	10397	10893	+	21.8	0
ERVL	DR0105370	KZ513321.1	1475	2078	C	11.1	0
ERV4	DR0105376	KZ513321.1	3966	4109	+	6.9	0
ERV4	DR0105376	KZ513321.1	4615	4779	+	5.5	0
ERV1	DR0105342	KZ513321.1	5205	6255	C	17.4	0
ERVL	DR0105230	KZ513321.1	7057	7138	C	1.2	0
ERVL	DR0105338	KZ513330.1	5340	6464	+	15.5	0
ERVL	DR0105358	KZ513332.1	4803	4865	C	9.5	0
ERV4	DR0105376	KZ513340.1	1	73	+	15.1	0
ERVL	DR0105338	KZ513340.1	1751	2336	+	15.3	0
ERVL	DR0105358	KZ513340.1	3504	3682	+	8.4	0
ERVL	DR0105327	KZ513340.1	11128	11311	+	6.0	0
ERVL	DR0105294	KZ513340.1	12114	12219	+	11.0	0
ERVL	DR0105238	KZ513351.1	8633	8766	+	8.3	0
ERV4	DR0105376	KZ513351.1	16823	16965	+	8.4	0
ERV1	DR0105240	KZ513361.1	11932	12051	+	15.7	0
ERVL	DR0105371	KZ513364.1	6964	7173	+	12.5	0
ERVL	DR0105358	KZ513390.1	6921	7385	+	4.5	0
ERVL	DR0105338	KZ513391.1	8220	9299	+	12.9	0
ERVL	DR0105312	KZ513391.1	11333	11808	C	20.6	0
ERV1	DR0105240	KZ513391.1	15662	15790	+	15.5	0
ERVL	DR0105312	KZ513391.1	16996	17167	C	5.4	0
ERVL	DR0105358	KZ513394.1	3807	3850	+	4.5	0
ERVL	DR0105358	KZ513394.1	4319	4447	+	8.5	0
ERVL	DR0105371	KZ513394.1	7248	7464	+	7.9	0
ERVL	DR0105338	KZ513394.1	11351	11509	+	11.9	0
ERVL	DR0105370	KZ513400.1	10778	11086	+	13.4	0
ERVL	DR0105370	KZ513400.1	11179	11315	+	9.5	0
ERVL	DR0105370	KZ513400.1	11504	11716	C	12.5	0
ERV1	DR0105321	KZ513403.1	2564	3395	C	11.7	0
ERVL	DR0105278	KZ513403.1	11807	12216	+	15.4	0
ERVL	DR0105370	KZ513420.1	11131	11295	C	20.1	0
ERVL	DR0105370	KZ513422.1	11144	11403	+	16.1	0
ERVL	DR0105338	KZ513423.1	9857	10071	C	9.4	0
ERVL	DR0105338	KZ513423.1	12227	12623	C	13.8	0
ERVL	DR0105370	KZ513424.1	7511	7613	C	13.2	0
ERVL	DR0105238	KZ513428.1	1346	1645	C	12.2	0
ERV1	DR0105240	KZ513428.1	4184	4296	C	22.0	0
ERVL	DR0105327	KZ513428.1	10794	11212	C	8.4	0
ERVL	DR0105358	KZ513461.1	8390	8504	C	4.3	0
ERVL	DR0105338	KZ513469.1	2735	2991	+	17.5	0
ERVL	DR0105232	KZ513488.1	2308	3224	+	24.6	0
ERVL	DR0105232	KZ513488.1	3260	3603	+	13.8	0
ERVL	DR0105312	KZ513488.1	12568	13801	+	12.9	0
ERVL	DR0105278	KZ513488.1	13806	13922	+	7.0	0
ERVL	DR0105315	KZ513492.1	13960	14131	+	19.3	0
ERVL	DR0105278	KZ513492.1	15612	16028	+	13.5	0
ERVL	DR0105312	KZ513496.1	6521	6682	+	24.4	0
ERVL	DR0105358	KZ513496.1	7021	7372	+	6.5	0
ERVL	DR0105358	KZ513496.1	9890	10273	C	10.2	0
ERVL	DR0105358	KZ513496.1	16759	16953	C	4.6	0
ERVL	DR0105238	KZ513497.1	1	305	+	13.8	0
ERV4	DR0105376	KZ513497.1	306	730	C	8.7	0
ERVL	DR0105341	KZ513497.1	1472	1560	+	5.6	0
ERVL	DR0105327	KZ513497.1	8889	9533	+	13.1	0
ERVL	DR0105338	KZ513497.1	9534	9682	+	21.0	0
ERVL	DR0105370	KZ513497.1	11155	11735	C	20.5	0
ERVL	DR0105370	KZ513497.1	15232	15454	C	11.7	0
ERVL	DR0105370	KZ513503.1	1075	1133	+	10.2	0
ERVL	DR0105358	KZ513518.1	15472	15564	+	11.9	0
ERVL	DR0105370	KZ513527.1	15445	16020	+	11.7	0
ERVL	DR0105370	KZ513548.1	15637	15798	+	13.8	0
ERVL	DR0105261	KZ513559.1	9695	9843	C	12.8	0
ERV1	DR0105342	KZ513559.1	13118	13667	+	11.8	0
ERV1	DR0105342	KZ513559.1	14040	14588	+	9.1	0
ERVL	DR0105338	KZ513573.1	3773	4673	+	26.6	0
ERVL	DR0105238	KZ513576.1	8468	8499	+	0.0	0
ERVL	DR0105295	KZ513578.1	16762	17174	+	13.4	0
ERVL	DR0105295	KZ513585.1	2987	3324	+	21.9	0
ERVL	DR0105305	KZ513589.1	9242	9332	+	25.6	0
ERVL	DR0105261	KZ513596.1	8965	9007	C	16.3	0
ERVL	DR0105312	KZ513597.1	5515	7051	+	18.1	0
ERVL	DR0105312	KZ513597.1	8809	8878	+	18.6	0
ERVL	DR0105312	KZ513597.1	9458	9587	+	16.9	0
ERV4	DR0105376	KZ513597.1	9588	9755	+	12.2	0
ERVL	DR0105358	KZ513597.1	9765	9927	C	2.5	0
ERVL	DR0105312	KZ513597.1	11868	14270	+	13.3	0
ERVL	DR0105370	KZ513597.1	14344	14540	+	32.7	0
ERVL	DR0105294	KZ513612.1	4798	4955	+	7.0	0
ERVL	DR0105312	KZ513612.1	7784	9308	C	15.8	0
ERVL	DR0105358	KZ513612.1	11904	12079	C	6.8	0
ERVL	DR0105338	KZ513612.1	12710	13499	C	14.3	0
ERVL	DR0105232	KZ513612.1	15576	16080	+	16.1	0
ERV1	DR0105240	KZ513614.1	8820	9438	+	14.2	0
ERVL	DR0105338	KZ513617.1	15135	15197	+	14.3	0
ERVL	DR0105326	KZ513619.1	5597	5856	C	10.8	0
ERVL	DR0105370	KZ513619.1	5902	6308	C	12.7	0
ERV4	DR0105376	KZ513619.1	7234	7948	C	49.3	0
ERVL	DR0105278	KZ513619.1	17621	17916	+	16.6	0
ERVL	DR0105371	KZ513621.1	4586	5150	C	47.9	0
ERVL	DR0105364	KZ513622.1	12987	13174	+	11.5	0
ERVL	DR0105370	KZ513626.1	3662	3736	+	14.7	0
ERVL	DR0105370	KZ513626.1	3737	3885	+	20.5	0
ERVL	DR0105370	KZ513626.1	14985	15571	C	13.6	0
ERVL	DR0105278	KZ513626.1	16640	16694	+	7.3	0
ERVL	DR0105364	KZ513656.1	6237	6795	+	11.4	0
ERV4	DR0105376	KZ513658.1	11380	11991	+	17.6	0
ERVL	DR0105327	KZ513666.1	6490	6550	+	6.6	0
ERV1	DR0105240	KZ513666.1	15716	15749	C	5.9	0
ERVL	DR0105294	KZ513673.1	3174	3905	C	10.6	0
ERV1	DR0105342	KZ513684.1	677	1643	C	18.0	0
ERVL	DR0105370	KZ513684.1	6319	6875	+	21.3	0
ERV4	DR0105376	KZ513684.1	10958	11007	+	6.0	0
ERV4	DR0105376	KZ513684.1	11019	11162	C	11.6	0
ERVL	DR0105315	KZ513685.1	12486	13060	C	24.2	0
ERVL	DR0105338	KZ513691.1	462	1309	+	27.4	0
ERVL	DR0105370	KZ513691.1	8916	9124	C	20.6	0
ERVL	DR0105295	KZ513691.1	9977	10535	C	21.0	0
ERVL	DR0105364	KZ513707.1	8649	8722	C	8.1	0
ERVL	DR0105232	KZ513715.1	2438	2921	C	13.8	0
ERVL	DR0105371	KZ513722.1	14706	15258	C	17.0	0
ERVL	DR0105312	KZ513732.1	1	1302	C	12.3	0
ERVL	DR0105238	KZ513732.1	7268	7774	C	10.0	0
ERVL	DR0105358	KZ513733.1	3165	3796	+	5.8	0
ERVL	DR0105338	KZ513733.1	15615	15804	C	30.6	0
ERVL	DR0105338	KZ513733.1	15910	16426	C	21.4	0
ERV1	DR0105240	KZ513737.1	12483	12557	+	12.0	0
ERV4	DR0105376	KZ513753.1	3029	3267	+	5.1	0
ERV1	DR0105321	KZ513753.1	10678	10714	+	8.1	0
ERV1	DR0105321	KZ513753.1	11203	11894	+	10.8	0
ERVL	DR0105358	KZ513753.1	17286	17347	C	6.5	0
ERVL	DR0105312	KZ513753.1	18233	18339	C	12.2	0
ERVL	DR0105358	KZ513754.1	4043	4239	C	2.5	0
ERVL	DR0105358	KZ513754.1	7334	7410	+	6.5	0
ERVL	DR0105312	KZ513754.1	13548	13869	C	11.8	0
ERVL	DR0105294	KZ513754.1	14877	15172	+	9.4	0
ERVL	DR0105312	KZ513754.1	15174	15533	C	15.7	0
ERVL	DR0105312	KZ513754.1	15535	16096	C	14.0	0
ERVL	DR0105232	KZ513758.1	94	813	C	25.4	0
ERVL	DR0105278	KZ513758.1	3096	3459	C	13.4	0
ERVL	DR0105370	KZ513758.1	10869	11476	+	20.8	0
ERVL	DR0105238	KZ513766.1	17915	18196	C	10.2	0
ERVL	DR0105305	KZ513767.1	11538	11689	+	28.6	0
ERVL	DR0105364	KZ513774.1	8746	8864	C	5.4	0
ERVL	DR0105364	KZ513774.1	8868	8945	+	10.6	0
ERVL	DR0105364	KZ513774.1	8970	9354	C	10.2	0
ERV1	DR0105240	KZ513775.1	13259	13398	+	21.9	0
ERVL	DR0105371	KZ513785.1	6567	7104	C	13.0	0
ERVL	DR0105358	KZ513785.1	8624	8778	+	5.8	0
ERV1	DR0105321	KZ513785.1	12676	12712	C	5.4	0
ERV1	DR0105321	KZ513785.1	12767	12998	C	26.1	0
ERVL	DR0105326	KZ513797.1	14885	14973	+	16.9	0
ERVL	DR0105358	KZ513808.1	11526	11586	C	21.3	0
ERVL	DR0105364	KZ513808.1	17981	18224	+	7.8	0
ERVL	DR0105326	KZ513811.1	13876	13936	+	18.3	0
ERVL	DR0105338	KZ513812.1	1	124	+	16.1	0
ERVL	DR0105370	KZ513812.1	10148	10680	C	16.8	0
ERVL	DR0105338	KZ513812.1	10725	11865	+	25.8	0
ERV1	DR0105240	KZ513832.1	2396	2431	C	5.6	0
ERV1	DR0105240	KZ513832.1	8125	8257	C	13.5	0
ERV4	DR0105376	KZ513832.1	11856	12008	+	6.0	0
ERVL	DR0105338	KZ513834.1	6501	6772	+	14.7	0
ERVL	DR0105338	KZ513834.1	7527	7652	+	6.3	0
ERVL	DR0105338	KZ513834.1	11960	12361	C	13.5	0
ERVL	DR0105338	KZ513836.1	1318	1403	+	12.8	0
ERVL	DR0105370	KZ513836.1	5381	5977	+	25.1	0
ERVL	DR0105371	KZ513848.1	12607	12797	+	8.9	0
ERVL	DR0105315	KZ513848.1	13860	14455	+	19.6	0
ERVL	DR0105261	KZ513854.1	17098	17255	+	23.4	0
ERVL	DR0105278	KZ513867.1	251	821	+	19.5	0
ERVL	DR0105230	KZ513867.1	1471	2090	+	5.0	0
ERVL	DR0105370	KZ513869.1	7747	8273	C	18.2	0
ERVL	DR0105295	KZ513870.1	1563	1672	C	18.2	0
ERV4	DR0105376	KZ513874.1	345	439	+	11.6	0
ERVL	DR0105371	KZ513901.1	388	736	+	21.2	0
ERVL	DR0105327	KZ513905.1	513	1210	+	9.4	0
ERVL	DR0105261	KZ513911.1	8475	9120	+	14.1	0
ERVL	DR0105315	KZ513912.1	11047	11600	C	21.2	0
ERVL	DR0105312	KZ513928.1	1208	1699	+	23.1	0
ERVL	DR0105327	KZ513928.1	1700	1995	+	11.4	0
ERVL	DR0105370	KZ513928.1	13697	14289	+	11.5	0
ERVL	DR0105230	KZ513928.1	17265	17885	C	4.0	0
ERVL	DR0105338	KZ513931.1	4684	4876	C	27.8	0
ERVL	DR0105294	KZ513932.1	3032	3070	C	10.3	0
ERVL	DR0105364	KZ513951.1	15915	16228	C	15.0	0
ERVL	DR0105370	KZ513960.1	8795	8985	C	27.6	0
ERVL	DR0105295	KZ513960.1	9185	9447	C	22.1	0
ERVL	DR0105327	KZ513963.1	11	455	+	16.3	0
ERVL	DR0105370	KZ513963.1	656	943	+	18.0	0
ERVL	DR0105358	KZ513963.1	944	1580	C	26.8	0
ERVL	DR0105370	KZ513963.1	1592	2372	+	17.2	0
ERVL	DR0105371	KZ513963.1	8991	9595	+	13.2	0
ERVL	DR0105338	KZ513968.1	1	280	C	22.1	0
ERVL	DR0105370	KZ513968.1	673	1232	C	13.8	0
ERVL	DR0105261	KZ513968.1	8428	8833	C	12.7	0
ERVL	DR0105312	KZ513968.1	8835	9350	C	16.1	0
ERVL	DR0105370	KZ513968.1	9367	9525	+	13.8	0
ERVL	DR0105370	KZ513968.1	9681	10077	C	11.8	0
ERVL	DR0105371	KZ513968.1	14779	14829	C	17.6	0
ERVL	DR0105338	KZ513973.1	703	1089	C	25.1	0
ERVL	DR0105364	KZ513977.1	4091	4165	+	9.3	0
ERVL	DR0105364	KZ513977.1	4177	4471	+	11.5	0
ERVL	DR0105370	KZ513979.1	2831	3421	+	18.9	0
ERVL	DR0105371	KZ513984.1	11329	11876	+	13.8	0
ERVL	DR0105315	KZ513986.1	1218	1444	C	28.8	0
ERV4	DR0105376	KZ513995.1	11717	11796	C	22.5	0
ERVL	DR0105238	KZ513997.1	11312	11691	C	5.3	0
ERVL	DR0105338	KZ514005.1	2386	2856	C	22.1	0
ERV1	DR0105321	KZ514013.1	2964	3059	C	11.5	0
ERVL	DR0105358	KZ514022.1	2264	2396	+	3.8	0
ERVL	DR0105238	KZ514026.1	5139	5401	C	20.1	0
ERVL	DR0105278	KZ514029.1	11418	11755	C	18.6	0
ERVL	DR0105326	KZ514029.1	13468	13605	C	13.6	0
ERVL	DR0105370	KZ514037.1	5020	5323	C	14.3	0
ERVL	DR0105312	KZ514037.1	5330	5440	C	15.3	0
ERVL	DR0105312	KZ514037.1	6965	8042	C	13.6	0
ERVL	DR0105312	KZ514037.1	8190	9412	C	11.5	0
ERVL	DR0105370	KZ514037.1	15311	15374	+	15.6	0
ERVL	DR0105315	KZ514080.1	15568	15862	C	27.4	0
ERVL	DR0105358	KZ514083.1	9002	9038	C	0.0	0
ERVL	DR0105341	KZ514085.1	1	302	C	11.8	0
ERVL	DR0105312	KZ514085.1	3162	3758	+	18.4	0
ERVL	DR0105312	KZ514085.1	7042	8087	+	12.3	0
ERVL	DR0105230	KZ514091.1	19960	20013	+	3.7	0
ERVL	DR0105371	KZ514096.1	5714	5937	+	17.9	0
ERVL	DR0105371	KZ514096.1	5942	6101	+	15.3	0
ERVL	DR0105364	KZ514100.1	988	1349	C	16.1	0
ERVL	DR0105358	KZ514110.1	13216	13274	C	13.6	0
ERVL	DR0105371	KZ514119.1	14475	15019	C	14.0	0
ERVL	DR0105370	KZ514130.1	6359	6941	C	14.4	0
ERVL	DR0105370	KZ514136.1	6076	6202	+	19.2	0
ERV4	DR0105376	KZ514143.1	5612	6375	+	8.4	0
ERVL	DR0105232	KZ514158.1	1483	1622	C	8.6	0
ERVL	DR0105312	KZ514158.1	1728	1955	C	13.2	0
ERVL	DR0105315	KZ514158.1	3524	3865	+	14.6	0
ERVL	DR0105338	KZ514158.1	4367	5448	C	14.1	0
ERVL	DR0105315	KZ514158.1	5513	5641	+	18.3	0
ERVL	DR0105261	KZ514158.1	12420	12538	C	12.2	0
ERVL	DR0105364	KZ514170.1	12182	12815	+	10.9	0
ERVL	DR0105230	KZ514176.1	1086	1727	C	16.0	0
ERVL	DR0105338	KZ514176.1	4602	5053	C	20.7	0
ERVL	DR0105370	KZ514176.1	6889	7039	C	17.6	0
ERV4	DR0105376	KZ514176.1	9020	9169	C	24.8	0
ERVL	DR0105338	KZ514176.1	9605	9986	C	20.4	0
ERVL	DR0105238	KZ514177.1	14311	14587	C	10.9	0
ERVL	DR0105315	KZ514177.1	14748	15072	C	19.2	0
ERVL	DR0105294	KZ514178.1	3616	4315	C	9.6	0
ERVL	DR0105370	KZ514186.1	13638	14227	C	25.6	0
ERV4	DR0105376	KZ514194.1	1096	1223	C	4.8	0
ERV4	DR0105376	KZ514194.1	1709	1991	C	6.1	0
ERV1	DR0105240	KZ514194.1	8122	8225	+	22.2	0
ERVL	DR0105364	KZ514194.1	8779	9423	C	11.2	0
ERVL	DR0105232	KZ514194.1	12177	12663	C	13.0	0
ERVL	DR0105238	KZ514198.1	1	81	C	3.8	0
ERV4	DR0105376	KZ514198.1	6369	6475	+	16.0	0
ERVL	DR0105278	KZ514228.1	3161	3291	C	18.4	0
ERVL	DR0105338	KZ514231.1	1332	2445	C	23.1	0
ERVL	DR0105312	KZ514231.1	5599	6583	C	13.0	0
ERVL	DR0105312	KZ514231.1	6584	8008	C	12.6	0
ERVL	DR0105312	KZ514231.1	9452	9512	C	11.5	0
ERVL	DR0105238	KZ514243.1	6212	6966	C	11.4	0
ERVL	DR0105312	KZ514251.1	1	142	C	6.3	0
ERVL	DR0105312	KZ514251.1	303	1160	C	16.0	0
ERVL	DR0105312	KZ514251.1	2597	3672	C	14.3	0
ERVL	DR0105305	KZ514253.1	9809	10282	C	25.7	0
ERVL	DR0105364	KZ514260.1	10712	10837	C	16.0	0
ERVL	DR0105338	KZ514264.1	9437	9610	C	23.6	0
ERVL	DR0105312	KZ514272.1	228	623	+	14.9	0
ERVL	DR0105341	KZ514272.1	8204	8282	+	8.9	0
ERVL	DR0105238	KZ514272.1	9076	9751	C	8.5	0
ERVL	DR0105327	KZ514275.1	12047	12088	+	2.4	0
ERVL	DR0105341	KZ514277.1	17	263	+	13.9	0
ERVL	DR0105312	KZ514277.1	7389	7499	C	18.0	0
ERVL	DR0105312	KZ514277.1	8945	10396	C	13.4	0
ERVL	DR0105278	KZ514297.1	6782	7010	+	15.1	0
ERVL	DR0105278	KZ514301.1	4309	4849	C	11.2	0
ERV1	DR0105342	KZ514307.1	6895	7061	C	26.1	0
ERV4	DR0105376	KZ514320.1	9	105	+	9.3	0
ERVL	DR0105294	KZ514322.1	3738	4073	+	15.0	0
ERVL	DR0105358	KZ514329.1	829	1233	C	6.2	0
ERVL	DR0105238	KZ514335.1	4141	4235	+	4.2	0
ERVL	DR0105315	KZ514335.1	6263	6574	C	22.1	0
ERVL	DR0105338	KZ514340.1	1909	2995	C	17.5	0
ERVL	DR0105261	KZ514363.1	19	424	C	16.8	0
ERVL	DR0105295	KZ514363.1	5769	5804	+	5.6	0
ERVL	DR0105238	KZ514363.1	10225	10258	C	5.9	0
ERVL	DR0105370	KZ514363.1	10259	10347	+	16.2	0
ERVL	DR0105327	KZ514378.1	14837	14870	C	5.9	0
ERVL	DR0105341	KZ514378.1	17332	17680	+	10.8	0
ERVL	DR0105370	KZ514405.1	965	1544	C	14.7	0
ERVL	DR0105370	KZ514405.1	2753	3026	C	10.7	0
ERVL	DR0105364	KZ514410.1	77	527	C	13.9	0
ERVL	DR0105364	KZ514410.1	4003	4650	+	12.6	0
ERVL	DR0105327	KZ514412.1	209	467	C	24.5	0
ERVL	DR0105338	KZ514414.1	12610	12719	+	19.2	0
ERVL	DR0105358	KZ514418.1	7068	7644	+	5.5	0
ERVL	DR0105295	KZ514419.1	6963	7089	+	19.7	0
ERVL	DR0105370	KZ514420.1	6999	7255	C	15.6	0
ERVL	DR0105261	KZ514421.1	10912	11707	+	20.6	0
ERVL	DR0105338	KZ514436.1	2923	3842	C	25.2	0
ERVL	DR0105364	KZ514441.1	752	1234	C	9.7	0
ERVL	DR0105371	KZ514441.1	16480	16608	C	7.8	0
ERVL	DR0105364	KZ514449.1	14345	14491	C	9.5	0
ERV1	DR0105342	KZ514450.1	1199	1701	C	17.1	0
ERVL	DR0105358	KZ514450.1	9591	9776	+	7.5	0
ERVL	DR0105295	KZ514472.1	7119	7384	+	16.3	0
ERVL	DR0105278	KZ514479.1	3596	4120	C	11.6	0
ERVL	DR0105370	KZ514482.1	3899	4477	C	16.1	0
ERVL	DR0105364	KZ514488.1	11027	11665	C	12.5	0
ERVL	DR0105338	KZ514491.1	11225	11584	+	19.4	0
ERVL	DR0105338	KZ514491.1	13461	14211	+	23.1	0
ERVL	DR0105315	KZ514499.1	2902	3511	+	20.1	0
ERV4	DR0105376	KZ514501.1	3642	4394	C	17.3	0
ERVL	DR0105371	KZ514501.1	6857	7104	C	13.4	0
ERVL	DR0105370	KZ514501.1	11704	12340	C	21.6	0
ERVL	DR0105238	KZ514511.1	203	250	C	8.3	0
ERVL	DR0105338	KZ514516.1	12082	12258	+	24.2	0
ERVL	DR0105371	KZ514520.1	2161	2237	C	19.5	0
ERVL	DR0105295	KZ514526.1	3201	3731	C	22.2	0
ERV1	DR0105342	KZ514526.1	9217	9492	+	17.1	0
ERVL	DR0105278	KZ514526.1	11670	12106	+	15.7	0
ERVL	DR0105295	KZ514526.1	13084	13243	C	21.2	0
ERV4	DR0105376	KZ514526.1	13394	13917	C	10.5	0
ERVL	DR0105338	KZ514554.1	192	619	C	20.4	0
ERVL	DR0105370	KZ514554.1	633	1238	C	17.4	0
ERV4	DR0105376	KZ514554.1	1735	2361	C	13.9	0
ERVL	DR0105305	KZ514554.1	2362	2446	C	31.0	0
ERVL	DR0105338	KZ514554.1	3088	3949	C	24.8	0
ERVL	DR0105305	KZ514554.1	4960	5426	+	26.5	0
ERVL	DR0105370	KZ514554.1	6158	6432	+	13.8	0
ERVL	DR0105370	KZ514554.1	12189	12853	+	14.0	0
ERVL	DR0105305	KZ514565.1	519	1084	+	27.3	0
ERVL	DR0105370	KZ514569.1	8380	8648	+	13.8	0
ERVL	DR0105294	KZ514569.1	14119	14192	+	10.8	0
ERVL	DR0105278	KZ514572.1	6017	6354	C	16.0	0
ERVL	DR0105278	KZ514575.1	11553	12079	+	13.5	0
ERVL	DR0105232	KZ514575.1	12110	12175	+	14.3	0
ERVL	DR0105358	KZ514587.1	626	1265	C	7.7	0
ERVL	DR0105312	KZ514587.1	1266	1464	C	24.5	0
ERVL	DR0105370	KZ514603.1	15513	16234	+	21.9	0
ERVL	DR0105338	KZ514609.1	937	1958	+	15.4	0
ERVL	DR0105232	KZ514624.1	3074	3771	+	11.2	0
ERVL	DR0105370	KZ514624.1	13633	14090	+	10.1	0
ERV1	DR0105240	KZ514644.1	2717	2981	+	8.4	0
ERVL	DR0105338	KZ514644.1	2982	3629	C	15.9	0
ERVL	DR0105305	KZ514644.1	5889	6190	C	23.1	0
ERVL	DR0105370	KZ514644.1	6663	6806	+	22.0	0
ERVL	DR0105338	KZ514644.1	9866	10057	C	23.7	0
ERV4	DR0105376	KZ514644.1	10062	10671	C	7.9	0
ERVL	DR0105305	KZ514644.1	10787	11364	C	17.4	0
ERV1	DR0105240	KZ514644.1	12270	12389	C	13.8	0
ERVL	DR0105294	KZ514644.1	13872	14048	+	8.5	0
ERVL	DR0105371	KZ514654.1	3044	3210	+	10.5	0
ERVL	DR0105370	KZ514658.1	610	721	C	13.4	0
ERVL	DR0105338	KZ514658.1	746	1804	C	17.6	0
ERVL	DR0105370	KZ514658.1	7221	7754	+	9.6	0
ERVL	DR0105238	KZ514658.1	13121	13784	+	10.6	0
ERV4	DR0105376	KZ514660.1	11372	12084	C	8.3	0
ERVL	DR0105278	KZ514663.1	13881	14110	C	10.2	0
ERV4	DR0105376	KZ514674.1	7	137	+	11.5	0
ERVL	DR0105294	KZ514676.1	10294	11044	C	9.2	0
ERVL	DR0105230	KZ514676.1	13777	14166	+	2.6	0
ERVL	DR0105305	KZ514677.1	8834	8920	+	27.6	0
ERVL	DR0105370	KZ514677.1	10465	10709	+	12.2	0
ERVL	DR0105327	KZ514681.1	1432	1542	+	6.7	0
ERVL	DR0105338	KZ514687.1	10490	10847	C	23.4	0
ERVL	DR0105261	KZ514689.1	8	227	C	17.8	0
ERVL	DR0105370	KZ514720.1	12788	13134	C	20.5	0
ERVL	DR0105238	KZ514721.1	4256	4344	C	15.3	0
ERVL	DR0105358	KZ514721.1	13919	14105	C	5.4	0
ERVL	DR0105364	KZ514724.1	1	124	C	10.5	0
ERV4	DR0105376	KZ514733.1	6786	7343	C	10.4	0
ERVL	DR0105278	KZ514751.1	1	480	+	12.4	0
ERVL	DR0105232	KZ514756.1	338	2155	C	21.1	0
ERVL	DR0105294	KZ514756.1	8967	9407	C	6.8	0
ERVL	DR0105238	KZ514758.1	13492	13641	+	6.0	0
ERVL	DR0105295	KZ514762.1	685	1212	+	19.9	0
ERVL	DR0105338	KZ514769.1	285	1191	C	20.0	0
ERVL	DR0105295	KZ514773.1	3688	3826	+	18.7	0
ERVL	DR0105338	KZ514773.1	4963	5282	+	11.1	0
ERVL	DR0105338	KZ514780.1	1235	1650	+	11.7	0
ERVL	DR0105315	KZ514780.1	1652	1790	+	13.7	0
ERVL	DR0105341	KZ514780.1	5303	5484	C	6.7	0
ERVL	DR0105312	KZ514780.1	7597	7706	C	4.5	0
ERVL	DR0105326	KZ514780.1	9003	9238	C	21.6	0
ERVL	DR0105315	KZ514780.1	9749	10043	C	20.3	0
ERVL	DR0105312	KZ514783.1	3284	5434	+	15.0	0
ERVL	DR0105358	KZ514783.1	8959	9035	+	11.7	0
ERVL	DR0105370	KZ514793.1	5795	6366	+	11.1	0
ERVL	DR0105305	KZ514793.1	6494	6572	C	22.1	0
ERVL	DR0105294	KZ514799.1	3046	3329	C	16.9	0
ERVL	DR0105261	KZ514800.1	6229	6751	C	12.5	0
ERVL	DR0105371	KZ514803.1	6200	6777	C	13.9	0
ERV4	DR0105376	KZ514808.1	3354	3608	+	5.9	0
ERVL	DR0105341	KZ514817.1	1	70	C	5.7	0
ERVL	DR0105370	KZ514817.1	3259	3368	+	11.8	0
ERV4	DR0105376	KZ514817.1	4776	5016	+	10.4	0
ERV4	DR0105376	KZ514817.1	5200	5568	+	7.3	0
ERVL	DR0105312	KZ514817.1	12417	13055	+	10.2	0
ERVL	DR0105238	KZ514819.1	21	126	+	24.0	0
ERV1	DR0105240	KZ514824.1	10940	11002	C	11.1	0
ERVL	DR0105294	KZ514827.1	11356	11473	C	16.1	0
ERVL	DR0105305	KZ514830.1	13475	13672	C	28.3	0
ERVL	DR0105295	KZ514858.1	3137	3326	C	11.7	0
ERVL	DR0105238	KZ514858.1	6755	7514	C	11.8	0
ERV4	DR0105376	KZ514858.1	9432	10045	C	5.5	0
ERVL	DR0105305	KZ514858.1	11404	12197	+	26.6	0
ERVL	DR0105370	KZ514859.1	828	1131	+	8.4	0
ERVL	DR0105232	KZ514886.1	2	499	C	13.6	0
ERVL	DR0105294	KZ514886.1	996	1772	C	9.6	0
ERVL	DR0105312	KZ514886.1	1989	2269	C	18.2	0
ERV4	DR0105376	KZ514886.1	5513	6260	+	6.8	0
ERVL	DR0105371	KZ514897.1	12861	12987	+	23.3	0
ERV4	DR0105376	KZ514900.1	8911	9303	+	7.9	0
ERVL	DR0105230	KZ514908.1	2538	2581	+	13.6	0
ERV1	DR0105342	KZ514908.1	8578	8755	+	23.8	0
ERVL	DR0105305	KZ514912.1	11041	11624	C	22.5	0
ERVL	DR0105370	KZ514918.1	805	1051	C	14.3	0
ERVL	DR0105278	KZ514918.1	7179	7708	+	18.4	0
ERVL	DR0105338	KZ514925.1	5480	5864	C	15.2	0
ERVL	DR0105371	KZ514931.1	6515	6753	+	11.0	0
ERVL	DR0105364	KZ514931.1	9310	9965	+	12.6	0
ERVL	DR0105358	KZ514936.1	8674	8847	C	10.3	0
ERVL	DR0105261	KZ514945.1	1	657	C	13.6	0
ERVL	DR0105358	KZ514945.1	822	1448	C	9.4	0
ERVL	DR0105370	KZ514951.1	11246	11674	C	17.1	0
ERVL	DR0105294	KZ514952.1	5433	5619	C	15.8	0
ERVL	DR0105294	KZ514952.1	5874	6233	C	6.4	0
ERVL	DR0105364	KZ514952.1	7383	7882	+	9.6	0
ERVL	DR0105364	KZ514952.1	8040	8338	+	7.0	0
ERVL	DR0105338	KZ514958.1	1	864	C	14.0	0
ERVL	DR0105338	KZ514958.1	12996	13389	C	11.7	0
ERVL	DR0105371	KZ514970.1	3827	4404	+	15.1	0
ERVL	DR0105230	KZ514975.1	10350	10971	C	6.9	0
ERVL	DR0105238	KZ514977.1	8616	8718	+	11.7	0
ERVL	DR0105278	KZ514981.1	12802	13106	+	15.1	0
ERVL	DR0105370	KZ514986.1	12137	12197	C	21.3	0
ERVL	DR0105312	KZ514988.1	2	1262	+	13.2	0
ERV1	DR0105342	KZ514988.1	2797	3084	C	19.1	0
ERV4	DR0105376	KZ514994.1	12004	12110	C	17.8	0
ERV4	DR0105376	KZ514994.1	13484	13685	C	18.1	0
ERVL	DR0105358	KZ514994.1	14501	14960	C	7.0	0
ERVL	DR0105371	KZ515000.1	4441	4758	+	14.3	0
ERV1	DR0105342	KZ515000.1	11791	12679	+	13.1	0
ERVL	DR0105338	KZ515006.1	3728	3830	C	13.6	0
ERVL	DR0105341	KZ515006.1	10451	10810	+	10.3	0
ERVL	DR0105338	KZ515006.1	12565	12826	+	26.8	0
ERVL	DR0105370	KZ515016.1	5803	5988	+	11.3	0
ERVL	DR0105327	KZ515016.1	9796	9932	C	8.1	0
ERVL	DR0105327	KZ515016.1	10960	11681	C	8.2	0
ERVL	DR0105370	KZ515035.1	6695	7248	+	13.7	0
ERVL	DR0105370	KZ515048.1	8254	8862	C	11.7	0
ERV4	DR0105376	KZ515050.1	8276	9003	C	8.7	0
ERV4	DR0105376	KZ515050.1	10559	10665	C	17.8	0
ERVL	DR0105294	KZ515050.1	10668	11051	+	9.7	0
ERV1	DR0105321	KZ515050.1	12352	12395	+	6.8	0
ERVL	DR0105232	KZ515050.1	12556	12804	C	29.7	0
ERVL	DR0105364	KZ515057.1	1	161	+	11.2	0
ERVL	DR0105294	KZ515068.1	1	351	+	9.0	0
ERVL	DR0105364	KZ515068.1	3021	3226	+	10.2	0
ERVL	DR0105232	KZ515068.1	9043	10872	C	11.9	0
ERVL	DR0105364	KZ515075.1	7900	8531	+	12.7	0
ERVL	DR0105305	KZ515075.1	8897	9129	+	30.3	0
ERVL	DR0105312	KZ515077.1	3698	4895	+	16.7	0
ERVL	DR0105312	KZ515077.1	6913	7818	+	14.7	0
ERV4	DR0105376	KZ515077.1	7862	8054	+	4.9	0
ERV4	DR0105376	KZ515077.1	8572	8676	+	4.9	0
ERVL	DR0105312	KZ515077.1	8712	9671	+	16.1	0
ERVL	DR0105364	KZ515081.1	5183	5815	+	12.1	0
ERVL	DR0105238	KZ515102.1	11559	11640	+	7.3	0
ERVL	DR0105230	KZ515104.1	2	56	C	3.6	0
ERVL	DR0105370	KZ515105.1	1153	1740	+	22.3	0
ERV4	DR0105376	KZ515105.1	11625	11714	+	17.8	0
ERV4	DR0105376	KZ515111.1	4162	4590	+	21.5	0
ERVL	DR0105370	KZ515121.1	408	962	C	11.8	0
ERVL	DR0105326	KZ515123.1	1259	1299	C	7.3	0
ERVL	DR0105358	KZ515128.1	1	156	C	3.9	0
ERVL	DR0105338	KZ515128.1	5244	6234	+	15.2	0
ERVL	DR0105341	KZ515128.1	11265	11347	+	6.0	0
ERVL	DR0105278	KZ515138.1	3927	4174	C	14.3	0
ERVL	DR0105338	KZ515138.1	5839	6084	+	7.2	0
ERVL	DR0105371	KZ515160.1	9468	9986	C	16.6	0
ERVL	DR0105370	KZ515161.1	11941	12188	C	18.6	0
ERVL	DR0105371	KZ515164.1	1243	1520	+	9.8	0
ERVL	DR0105232	KZ515164.1	1618	1656	+	7.7	0
ERVL	DR0105278	KZ515164.1	4371	4654	+	10.9	0
ERVL	DR0105364	KZ515164.1	5877	6298	+	11.2	0
ERVL	DR0105371	KZ515164.1	7521	7798	C	9.8	0
ERVL	DR0105364	KZ515164.1	9648	10278	+	8.4	0
ERVL	DR0105294	KZ515165.1	6400	6881	C	9.2	0
ERVL	DR0105312	KZ515169.1	1177	1249	C	13.7	0
ERVL	DR0105261	KZ515174.1	11725	12010	C	10.6	0
ERV1	DR0105240	KZ515175.1	3068	3200	C	30.1	0
ERVL	DR0105338	KZ515193.1	4243	4642	C	23.4	0
ERV4	DR0105376	KZ515203.1	1	137	C	9.5	0
ERVL	DR0105327	KZ515203.1	6189	6907	C	11.5	0
ERVL	DR0105370	KZ515203.1	9596	9716	C	15.6	0
ERVL	DR0105295	KZ515203.1	9749	9994	C	18.1	0
ERVL	DR0105238	KZ515203.1	13181	13274	+	20.6	0
ERVL	DR0105338	KZ515203.1	14595	14697	C	14.7	0
ERVL	DR0105364	KZ515220.1	4470	4920	C	9.4	0
ERVL	DR0105371	KZ515236.1	9595	9711	+	23.3	0
ERVL	DR0105371	KZ515236.1	9726	10039	+	10.5	0
ERVL	DR0105278	KZ515251.1	2117	2471	C	13.4	0
ERVL	DR0105312	KZ515254.1	5492	6418	C	14.4	0
ERVL	DR0105370	KZ515257.1	10118	10702	C	16.1	0
ERVL	DR0105371	KZ515264.1	12237	12558	+	13.4	0
ERVL	DR0105312	KZ515265.1	1552	1760	C	30.1	0
ERVL	DR0105312	KZ515265.1	1836	2348	C	13.5	0
ERVL	DR0105312	KZ515265.1	4974	5377	C	13.9	0
ERVL	DR0105327	KZ515265.1	7160	7422	C	5.7	0
ERVL	DR0105370	KZ515265.1	11425	11909	+	21.7	0
ERV4	DR0105376	KZ515273.1	5053	5464	C	24.9	0
ERVL	DR0105364	KZ515275.1	8722	8972	C	11.6	0
ERVL	DR0105364	KZ515275.1	11245	11423	+	16.8	0
ERVL	DR0105338	KZ515278.1	1658	2206	C	9.7	0
ERVL	DR0105370	KZ515279.1	1545	1642	+	14.6	0
ERVL	DR0105370	KZ515279.1	10124	10565	+	21.4	0
ERVL	DR0105338	KZ515279.1	10738	11053	C	19.8	0
ERVL	DR0105338	KZ515282.1	1105	1935	+	20.4	0
ERVL	DR0105261	KZ515282.1	3965	4527	C	24.7	0
ERVL	DR0105358	KZ515282.1	6421	7054	C	6.3	0
ERVL	DR0105312	KZ515282.1	7397	9799	C	16.1	0
ERV4	DR0105376	KZ515287.1	6240	6637	C	22.8	0
ERVL	DR0105370	KZ515293.1	8502	8711	C	17.1	0
ERVL	DR0105338	KZ515327.1	10569	11574	C	16.2	0
ERV1	DR0105342	KZ515334.1	1127	1392	+	26.9	0
ERVL	DR0105341	KZ515338.1	12461	12572	+	12.5	0
ERVL	DR0105327	KZ515354.1	5050	5573	C	15.0	0
ERVL	DR0105370	KZ515354.1	7208	7805	C	12.1	0
ERVL	DR0105371	KZ515355.1	6177	6742	+	12.5	0
ERVL	DR0105364	KZ515363.1	37	637	+	11.1	0
ERV4	DR0105376	KZ515373.1	282	845	+	8.5	0
ERV1	DR0105321	KZ515373.1	4978	5712	C	10.5	0
ERVL	DR0105315	KZ515373.1	7099	7429	C	15.5	0
ERVL	DR0105338	KZ515381.1	12287	12542	C	18.9	0
ERVL	DR0105312	KZ515388.1	9855	9911	+	10.5	0
ERVL	DR0105294	KZ515388.1	10517	11250	+	8.7	0
ERVL	DR0105358	KZ515389.1	7	131	+	6.4	0
ERV1	DR0105342	KZ515389.1	2473	3066	+	18.1	0
ERVL	DR0105312	KZ515397.1	152	1364	+	15.6	0
ERVL	DR0105294	KZ515397.1	1367	1437	+	5.6	0
ERVL	DR0105312	KZ515397.1	2515	3167	+	15.2	0
ERV1	DR0105342	KZ515397.1	6145	6529	+	16.3	0
ERVL	DR0105232	KZ515397.1	7046	8153	+	18.9	0
ERVL	DR0105312	KZ515397.1	8221	8401	+	14.6	0
ERV4	DR0105376	KZ515400.1	1487	1618	C	4.5	0
ERV1	DR0105321	KZ515401.1	235	850	C	8.9	0
ERVL	DR0105358	KZ515401.1	1850	2108	+	4.6	0
ERVL	DR0105358	KZ515401.1	7539	7860	+	10.9	0
ERVL	DR0105338	KZ515401.1	7861	8028	C	27.9	0
ERVL	DR0105370	KZ515401.1	11737	11818	+	14.6	0
ERVL	DR0105232	KZ515401.1	12012	12371	+	33.0	0
ERV1	DR0105342	KZ515410.1	4404	4457	C	13.0	0
ERV4	DR0105376	KZ515433.1	3869	4103	C	9.9	0
ERVL	DR0105338	KZ515433.1	11632	12285	C	17.3	0
ERVL	DR0105261	KZ515442.1	9139	9509	+	14.2	0
ERV1	DR0105342	KZ515462.1	6497	6740	+	12.3	0
ERVL	DR0105371	KZ515467.1	2989	3278	C	19.3	0
ERVL	DR0105278	KZ515472.1	76	276	+	11.5	0
ERVL	DR0105370	KZ515479.1	8548	8652	C	18.2	0
ERVL	DR0105364	KZ515490.1	6935	7051	C	17.1	0
ERVL	DR0105238	KZ515526.1	2448	2717	+	11.7	0
ERV4	DR0105376	KZ515529.1	1791	2451	C	9.4	0
ERVL	DR0105327	KZ515533.1	9965	10016	+	11.5	0
ERVL	DR0105305	KZ515533.1	12072	12233	+	24.9	0
ERVL	DR0105295	KZ515551.1	1425	1697	+	19.5	0
ERVL	DR0105326	KZ515551.1	1801	1894	+	20.2	0
ERVL	DR0105312	KZ515558.1	1	61	+	13.1	0
ERVL	DR0105230	KZ515558.1	63	681	C	5.0	0
ERVL	DR0105341	KZ515558.1	10469	10597	C	8.5	0
ERVL	DR0105341	KZ515558.1	10984	11035	C	5.8	0
ERV1	DR0105240	KZ515560.1	11839	11964	C	16.6	0
ERVL	DR0105358	KZ515569.1	3099	3329	+	4.8	0
ERVL	DR0105278	KZ515582.1	8191	8326	+	20.0	0
ERV4	DR0105376	KZ515582.1	9311	9849	+	12.3	0
ERVL	DR0105358	KZ515582.1	10606	10844	C	5.9	0
ERVL	DR0105305	KZ515598.1	6253	6364	+	26.6	0
ERVL	DR0105370	KZ515599.1	4496	4582	C	12.6	0
ERVL	DR0105370	KZ515599.1	4661	4768	C	13.9	0
ERVL	DR0105358	KZ515611.1	104	730	C	13.3	0
ERVL	DR0105327	KZ515611.1	10820	11539	C	9.2	0
ERVL	DR0105338	KZ515612.1	4456	4646	C	17.0	0
ERVL	DR0105338	KZ515612.1	6289	6838	C	25.6	0
ERVL	DR0105315	KZ515612.1	7111	7714	C	21.4	0
ERVL	DR0105338	KZ515612.1	11864	12022	C	18.9	0
ERVL	DR0105327	KZ515616.1	953	982	C	3.3	0
ERVL	DR0105232	KZ515616.1	5586	6491	+	13.6	0
ERVL	DR0105358	KZ515617.1	184	265	C	2.4	0
ERVL	DR0105341	KZ515617.1	6784	6844	+	6.6	0
ERVL	DR0105278	KZ515620.1	67	251	+	12.5	0
ERVL	DR0105294	KZ515620.1	3359	3482	C	6.5	0
ERVL	DR0105238	KZ515627.1	10279	10535	C	6.6	0
ERVL	DR0105305	KZ515629.1	3886	4273	+	25.4	0
ERVL	DR0105370	KZ515629.1	11517	11928	C	13.1	0
ERVL	DR0105327	KZ515642.1	6283	6394	C	9.8	0
ERVL	DR0105338	KZ515649.1	5468	5583	+	22.6	0
ERVL	DR0105315	KZ515654.1	830	1407	C	21.3	0
ERV1	DR0105342	KZ515657.1	8918	9146	+	19.5	0
ERVL	DR0105238	KZ515658.1	6534	6616	C	7.2	0
ERVL	DR0105295	KZ515659.1	10412	10547	+	11.2	0
ERVL	DR0105370	KZ515659.1	10577	11072	+	13.2	0
ERV4	DR0105376	KZ515666.1	1	200	C	7.0	0
ERV1	DR0105240	KZ515666.1	201	338	C	8.7	0
ERVL	DR0105358	KZ515666.1	1529	1669	+	2.8	0
ERVL	DR0105338	KZ515666.1	7791	7918	+	9.4	0
ERVL	DR0105327	KZ515666.1	11822	11868	C	19.1	0
ERV1	DR0105342	KZ515672.1	2898	4016	+	19.2	0
ERVL	DR0105232	KZ515672.1	4017	4189	C	29.0	0
ERVL	DR0105232	KZ515672.1	6516	6645	C	27.6	0
ERVL	DR0105370	KZ515672.1	6963	7646	C	23.6	0
ERVL	DR0105294	KZ515672.1	9657	9722	C	6.1	0
ERVL	DR0105278	KZ515676.1	7975	8499	C	16.6	0
ERVL	DR0105278	KZ515683.1	459	594	+	14.1	0
ERVL	DR0105278	KZ515683.1	627	778	+	21.1	0
ERVL	DR0105278	KZ515691.1	6514	6608	C	10.8	0
ERVL	DR0105238	KZ515696.1	1	102	+	19.0	0
ERVL	DR0105371	KZ515696.1	105	510	C	11.2	0
ERVL	DR0105338	KZ515700.1	8052	8113	C	9.8	0
ERVL	DR0105261	KZ515700.1	8162	8591	C	15.5	0
ERVL	DR0105364	KZ515704.1	740	1004	C	11.3	0
ERVL	DR0105358	KZ515717.1	4961	5608	+	7.7	0
ERVL	DR0105312	KZ515717.1	8667	9062	+	11.7	0
ERVL	DR0105341	KZ515724.1	11734	11930	C	7.1	0
ERVL	DR0105238	KZ515731.1	5244	5598	+	13.8	0
ERVL	DR0105238	KZ515755.1	817	1570	C	9.7	0
ERVL	DR0105370	KZ515761.1	2239	2372	+	13.4	0
ERVL	DR0105326	KZ515761.1	4641	4689	C	10.2	0
ERVL	DR0105338	KZ515765.1	824	1036	+	17.8	0
ERVL	DR0105238	KZ515772.1	6095	6178	C	10.7	0
ERVL	DR0105278	KZ515781.1	7782	8274	C	16.6	0
ERVL	DR0105371	KZ515785.1	6709	6871	C	17.4	0
ERVL	DR0105370	KZ515785.1	6874	7036	C	14.1	0
ERVL	DR0105261	KZ515792.1	10999	11371	+	12.6	0
ERVL	DR0105338	KZ515792.1	11372	11432	+	12.1	0
ERVL	DR0105315	KZ515793.1	284	733	+	17.4	0
ERV4	DR0105376	KZ515793.1	735	852	C	18.8	0
ERVL	DR0105238	KZ515808.1	12789	13315	+	9.7	0
ERVL	DR0105278	KZ515823.1	11468	11506	+	2.6	0
ERVL	DR0105305	KZ515826.1	2848	2919	+	19.4	0
ERVL	DR0105338	KZ515826.1	6467	6524	+	12.3	0
ERVL	DR0105238	KZ515826.1	7643	7757	+	14.2	0
ERVL	DR0105338	KZ515848.1	8660	8713	+	17.0	0
ERVL	DR0105278	KZ515861.1	4679	5031	+	14.3	0
ERVL	DR0105370	KZ515864.1	1272	1439	C	15.0	0
ERVL	DR0105294	KZ515884.1	11348	11538	+	12.6	0
ERVL	DR0105278	KZ515893.1	7824	7935	+	13.4	0
ERVL	DR0105370	KZ515896.1	3353	3941	C	13.0	0
ERV1	DR0105321	KZ515900.1	9073	9332	+	10.4	0
ERVL	DR0105371	KZ515906.1	5657	6217	+	17.6	0
ERVL	DR0105341	KZ515911.1	8963	9377	C	8.0	0
ERVL	DR0105232	KZ515911.1	10832	11535	C	23.1	0
ERVL	DR0105338	KZ515918.1	364	1420	C	16.0	0
ERVL	DR0105370	KZ515918.1	1684	2347	C	22.6	0
ERVL	DR0105312	KZ515918.1	2348	2625	C	18.3	0
ERV1	DR0105240	KZ515918.1	7566	7690	+	24.4	0
ERVL	DR0105294	KZ515924.1	7539	8056	+	11.8	0
ERVL	DR0105338	KZ515940.1	5316	5401	+	18.1	0
ERVL	DR0105232	KZ515970.1	129	909	C	9.5	0
ERV1	DR0105240	KZ515970.1	1527	1823	C	26.9	0
ERVL	DR0105312	KZ515970.1	8199	9153	+	17.5	0
ERVL	DR0105338	KZ515977.1	13681	13878	+	27.3	0
ERVL	DR0105338	KZ515977.1	13880	13982	+	17.6	0
ERVL	DR0105261	KZ515980.1	11536	11714	+	13.1	0
ERVL	DR0105358	KZ516007.1	11103	11495	C	6.1	0
ERVL	DR0105315	KZ516011.1	7048	7512	C	20.9	0
ERVL	DR0105370	KZ516016.1	1907	2492	+	28.5	0
ERV1	DR0105240	KZ516019.1	160	249	+	15.9	0
ERVL	DR0105230	KZ516024.1	2746	3354	+	11.1	0
ERVL	DR0105327	KZ516024.1	10875	11061	C	13.5	0
ERVL	DR0105327	KZ516024.1	11132	11849	C	13.5	0
ERVL	DR0105294	KZ516033.1	10437	10835	+	5.5	0
ERVL	DR0105338	KZ516043.1	24	955	C	18.6	0
ERVL	DR0105341	KZ516045.1	277	322	+	13.0	0
ERVL	DR0105338	KZ516045.1	325	394	C	25.7	0
ERVL	DR0105338	KZ516045.1	410	562	C	20.9	0
ERVL	DR0105341	KZ516045.1	7626	7986	+	10.9	0
ERVL	DR0105338	KZ516045.1	9206	9808	+	19.2	0
ERVL	DR0105370	KZ516045.1	10701	10907	C	13.3	0
ERV1	DR0105321	KZ516051.1	2669	2940	+	6.6	0
ERVL	DR0105364	KZ516054.1	1169	1325	C	8.9	0
ERVL	DR0105238	KZ516056.1	1627	2375	C	11.1	0
ERVL	DR0105338	KZ516056.1	2734	3328	+	16.5	0
ERV4	DR0105376	KZ516056.1	11154	11246	+	19.5	0
ERVL	DR0105294	KZ516065.1	1	233	C	10.8	0
ERV1	DR0105321	KZ516065.1	10079	10207	C	9.3	0
ERVL	DR0105238	KZ516065.1	10647	10828	+	7.7	0
ERVL	DR0105327	KZ516076.1	2962	3582	C	10.2	0
ERVL	DR0105364	KZ516083.1	3111	3306	+	10.4	0
ERVL	DR0105312	KZ516094.1	1555	1943	C	18.0	0
ERVL	DR0105315	KZ516101.1	2666	2867	C	23.2	0
ERVL	DR0105338	KZ516113.1	2687	3826	C	15.2	0
ERV4	DR0105376	KZ516121.1	1352	1684	+	3.6	0
ERVL	DR0105305	KZ516121.1	3074	3750	+	22.6	0
ERVL	DR0105312	KZ516121.1	4667	4821	+	34.8	0
ERVL	DR0105230	KZ516144.1	492	529	C	2.6	0
ERVL	DR0105230	KZ516144.1	536	601	C	13.6	0
ERVL	DR0105232	KZ516144.1	11076	11935	C	13.7	0
ERVL	DR0105261	KZ516146.1	2437	2827	C	10.6	0
ERVL	DR0105370	KZ516164.1	8885	9321	+	9.7	0
ERV4	DR0105376	KZ516164.1	9333	10021	+	13.0	0
ERVL	DR0105312	KZ516169.1	3894	4140	C	14.4	0
ERVL	DR0105312	KZ516169.1	7935	8137	+	15.8	0
ERV4	DR0105376	KZ516169.1	8179	8259	C	21.5	0
ERVL	DR0105278	KZ516183.1	7748	8063	+	21.2	0
ERVL	DR0105358	KZ516185.1	4161	4191	C	6.5	0
ERVL	DR0105338	KZ516185.1	4952	5924	+	21.2	0
ERVL	DR0105370	KZ516185.1	6646	6693	C	16.7	0
ERV1	DR0105240	KZ516185.1	10866	10954	C	4.5	0
ERVL	DR0105364	KZ516186.1	6930	7562	+	10.6	0
ERVL	DR0105278	KZ516188.1	7425	7597	C	15.2	0
ERVL	DR0105294	KZ516210.1	925	1248	+	6.5	0
ERVL	DR0105238	KZ516244.1	1	122	C	6.6	0
ERVL	DR0105230	KZ516244.1	1179	1794	C	7.3	0
ERVL	DR0105294	KZ516244.1	10762	11013	C	13.8	0
ERVL	DR0105315	KZ516246.1	9270	9432	+	23.9	0
ERVL	DR0105312	KZ516249.1	370	1064	+	18.6	0
ERVL	DR0105312	KZ516249.1	2909	3658	+	14.1	0
ERVL	DR0105338	KZ516250.1	1	89	+	9.0	0
ERVL	DR0105358	KZ516265.1	10082	10247	+	9.6	0
ERVL	DR0105338	KZ516271.1	6501	6889	C	18.5	0
ERVL	DR0105230	KZ516290.1	1	63	+	19.1	0
ERVL	DR0105312	KZ516290.1	3201	4181	+	17.6	0
ERVL	DR0105312	KZ516290.1	4417	5347	+	13.3	0
ERVL	DR0105370	KZ516290.1	5674	6242	C	14.7	0
ERVL	DR0105312	KZ516290.1	8817	9483	+	14.4	0
ERVL	DR0105312	KZ516290.1	9560	10485	+	12.1	0
ERVL	DR0105294	KZ516293.1	822	1551	C	10.1	0
ERVL	DR0105261	KZ516294.1	6527	7126	C	14.7	0
ERVL	DR0105371	KZ516300.1	7449	7683	C	10.9	0
ERVL	DR0105338	KZ516300.1	7695	7975	C	11.1	0
ERVL	DR0105358	KZ516333.1	733	1380	+	4.5	0
ERVL	DR0105338	KZ516333.1	1708	2233	C	14.0	0
ERVL	DR0105315	KZ516333.1	8021	8271	C	26.7	0
ERV1	DR0105240	KZ516339.1	5901	5936	+	5.6	0
ERVL	DR0105338	KZ516339.1	6005	6287	+	12.9	0
ERVL	DR0105338	KZ516339.1	6606	6675	+	5.7	0
ERVL	DR0105232	KZ516339.1	9248	10817	C	10.3	0
ERVL	DR0105364	KZ516340.1	4858	5481	C	13.2	0
ERVL	DR0105278	KZ516345.1	3257	3746	C	17.2	0
ERVL	DR0105238	KZ516349.1	8686	8865	C	5.0	0
ERV4	DR0105376	KZ516361.1	1	99	+	8.1	0
ERVL	DR0105278	KZ516361.1	4231	4776	+	12.7	0
ERVL	DR0105238	KZ516361.1	10308	10638	+	9.6	0
ERVL	DR0105312	KZ516388.1	1	1668	+	13.5	0
ERVL	DR0105358	KZ516388.1	10561	10592	C	3.1	0
ERVL	DR0105294	KZ516398.1	2833	3039	+	4.5	0
ERVL	DR0105312	KZ516404.1	8640	9003	C	14.8	0
ERVL	DR0105312	KZ516404.1	9624	10266	C	11.4	0
ERVL	DR0105312	KZ516404.1	10403	11562	C	18.9	0
ERVL	DR0105327	KZ516404.1	13192	13371	C	10.5	0
ERVL	DR0105371	KZ516405.1	7973	8188	+	14.2	0
ERV4	DR0105376	KZ516406.1	3896	4086	C	6.8	0
ERVL	DR0105312	KZ516406.1	9916	10317	C	14.2	0
ERV1	DR0105342	KZ516419.1	10552	10713	+	21.6	0
ERV4	DR0105376	KZ516429.1	11350	11538	C	10.2	0
ERVL	DR0105341	KZ516450.1	8523	8768	+	8.5	0
ERV1	DR0105240	KZ516452.1	5770	5880	+	24.5	0
ERVL	DR0105338	KZ516463.1	7639	7977	+	21.4	0
ERVL	DR0105338	KZ516502.1	3245	3404	+	29.4	0
ERVL	DR0105370	KZ516505.1	86	599	C	25.1	0
ERVL	DR0105238	KZ516514.1	7045	7167	C	16.3	0
ERV4	DR0105376	KZ516521.1	235	926	+	15.3	0
ERVL	DR0105338	KZ516521.1	1936	2477	+	10.2	0
ERVL	DR0105294	KZ516529.1	3866	4224	+	13.0	0
ERVL	DR0105230	KZ516533.1	10156	10199	C	15.9	0
ERVL	DR0105295	KZ516541.1	3404	3935	C	24.7	0
ERVL	DR0105238	KZ516551.1	3352	3646	+	12.2	0
ERVL	DR0105338	KZ516551.1	4536	4674	C	20.9	0
ERVL	DR0105338	KZ516551.1	9099	10138	+	17.6	0
ERVL	DR0105312	KZ516551.1	10452	10762	C	16.0	0
ERV4	DR0105376	KZ516557.1	2	508	C	5.9	0
ERV1	DR0105240	KZ516602.1	2781	3432	C	8.0	0
ERVL	DR0105338	KZ516607.1	7396	8089	+	23.9	0
ERVL	DR0105305	KZ516614.1	1270	1367	+	15.8	0
ERVL	DR0105315	KZ516638.1	9821	9977	C	21.4	0
ERVL	DR0105232	KZ516642.1	6434	6510	C	18.1	0
ERVL	DR0105358	KZ516651.1	5985	6047	+	11.1	0
ERV1	DR0105240	KZ516651.1	6310	6484	C	10.3	0
ERV1	DR0105240	KZ516651.1	6623	6667	C	4.4	0
ERVL	DR0105358	KZ516660.1	152	293	+	6.4	0
ERVL	DR0105312	KZ516664.1	181	1757	C	13.8	0
ERVL	DR0105338	KZ516664.1	5228	5677	C	24.3	0
ERVL	DR0105364	KZ516667.1	1	107	+	14.0	0
ERV1	DR0105321	KZ516668.1	882	1206	C	7.7	0
ERVL	DR0105370	KZ516668.1	6026	6149	C	19.4	0
ERVL	DR0105295	KZ516668.1	7239	7338	C	20.8	0
ERVL	DR0105295	KZ516668.1	7412	7828	C	20.8	0
ERVL	DR0105232	KZ516668.1	8133	8535	C	26.3	0
ERVL	DR0105232	KZ516668.1	8556	8700	C	28.1	0
ERVL	DR0105341	KZ516668.1	10111	10211	C	3.0	0
ERVL	DR0105232	KZ516668.1	10272	10446	C	19.7	0
ERVL	DR0105295	KZ516668.1	11648	11752	C	16.2	0
ERVL	DR0105315	KZ516668.1	12229	12285	+	5.0	0
ERVL	DR0105312	KZ516672.1	9075	10270	+	13.8	0
ERVL	DR0105294	KZ516672.1	10281	10955	+	8.7	0
ERVL	DR0105294	KZ516672.1	11170	11224	C	10.9	0
ERV4	DR0105376	KZ516695.1	1085	1216	C	6.1	0
ERVL	DR0105371	KZ516699.1	10542	11100	+	13.3	0
ERVL	DR0105341	KZ516712.1	434	548	+	13.9	0
ERV1	DR0105240	KZ516713.1	5339	5372	+	8.8	0
ERVL	DR0105364	KZ516713.1	5641	6239	+	9.7	0
ERVL	DR0105238	KZ516728.1	7357	7492	C	19.4	0
ERVL	DR0105294	KZ516728.1	8119	8158	C	10.0	0
ERVL	DR0105230	KZ516731.1	6831	6880	+	12.0	0
ERVL	DR0105370	KZ516739.1	1597	2523	C	17.3	0
ERVL	DR0105338	KZ516739.1	3866	4499	+	25.8	0
ERVL	DR0105294	KZ516744.1	5800	5905	+	8.5	0
ERV4	DR0105376	KZ516752.1	6361	6411	C	3.9	0
ERVL	DR0105364	KZ516754.1	9612	10102	C	10.6	0
ERV4	DR0105376	KZ516757.1	5683	6252	C	13.2	0
ERVL	DR0105370	KZ516776.1	4906	5429	C	14.4	0
ERVL	DR0105370	KZ516777.1	9628	10062	+	16.0	0
ERVL	DR0105338	KZ516780.1	3130	3905	C	17.5	0
ERV4	DR0105376	KZ516780.1	5942	6417	+	6.5	0
ERV4	DR0105376	KZ516792.1	6290	6585	+	14.5	0
ERVL	DR0105364	KZ516827.1	6844	7009	C	12.1	0
ERV1	DR0105321	KZ516850.1	5799	5856	C	14.0	0
ERV1	DR0105321	KZ516850.1	5922	6153	C	25.2	0
ERVL	DR0105338	KZ516850.1	11483	11620	+	8.8	0
ERVL	DR0105370	KZ516880.1	2786	3647	+	21.6	0
ERVL	DR0105295	KZ516880.1	3650	3856	+	23.8	0
ERVL	DR0105315	KZ516881.1	3589	4108	+	26.1	0
ERVL	DR0105312	KZ516881.1	8449	8675	+	28.6	0
ERVL	DR0105315	KZ516891.1	4630	5181	C	25.0	0
ERV4	DR0105376	KZ516892.1	8087	8270	C	15.2	0
ERVL	DR0105358	KZ516898.1	9867	9991	C	2.4	0
ERVL	DR0105230	KZ516909.1	4767	4809	C	9.3	0
ERVL	DR0105341	KZ516919.1	7000	7121	+	11.5	0
ERVL	DR0105338	KZ516932.1	1138	1294	+	24.4	0
ERVL	DR0105338	KZ516932.1	1344	1873	+	22.0	0
ERVL	DR0105230	KZ516933.1	272	893	+	6.3	0
ERVL	DR0105364	KZ516933.1	6107	6265	+	6.3	0
ERVL	DR0105364	KZ516962.1	5194	5694	C	13.9	0
ERVL	DR0105338	KZ516975.1	3884	4925	+	21.0	0
ERVL	DR0105358	KZ516984.1	4272	4478	+	4.3	0
ERVL	DR0105312	KZ516992.1	3238	6315	C	12.3	0
ERVL	DR0105364	KZ516994.1	8334	8643	C	18.2	0
ERVL	DR0105371	KZ517004.1	4753	5064	C	15.1	0
ERVL	DR0105294	KZ517008.1	1	209	C	7.2	0
ERVL	DR0105238	KZ517008.1	1380	1472	+	7.5	0
ERVL	DR0105312	KZ517008.1	3995	4064	C	11.4	0
ERVL	DR0105295	KZ517028.1	3054	3578	C	23.4	0
ERVL	DR0105278	KZ517046.1	3671	3967	+	12.9	0
ERVL	DR0105238	KZ517062.1	1	171	+	15.3	0
ERVL	DR0105338	KZ517077.1	4424	5165	C	21.2	0
ERVL	DR0105295	KZ517080.1	4210	4445	+	19.1	0
ERVL	DR0105358	KZ517101.1	240	569	+	7.3	0
ERVL	DR0105238	KZ517110.1	1	132	+	13.2	0
ERVL	DR0105315	KZ517125.1	3670	3761	C	8.7	0
ERVL	DR0105305	KZ517125.1	4146	5031	+	39.5	0
ERV4	DR0105376	KZ517125.1	8916	9418	+	10.2	0
ERVL	DR0105371	KZ517149.1	5873	6423	C	14.4	0
ERVL	DR0105370	KZ517182.1	1	69	+	13.2	0
ERVL	DR0105294	KZ517182.1	232	939	C	8.9	0
ERVL	DR0105312	KZ517182.1	7161	7267	+	19.6	0
ERVL	DR0105341	KZ517192.1	9198	9326	+	7.1	0
ERVL	DR0105305	KZ517194.1	3003	3255	C	28.1	0
ERVL	DR0105312	KZ517223.1	1	276	C	12.3	0
ERVL	DR0105312	KZ517223.1	379	1565	C	17.3	0
ERVL	DR0105294	KZ517223.1	4508	4571	C	4.7	0
ERV1	DR0105342	KZ517228.1	7259	7511	C	17.1	0
ERVL	DR0105358	KZ517235.1	76	126	+	7.8	0
ERVL	DR0105364	KZ517235.1	4204	4450	C	13.8	0
ERV1	DR0105321	KZ517235.1	5267	5956	+	14.2	0
ERVL	DR0105371	KZ517243.1	5581	5858	C	12.7	0
ERV4	DR0105376	KZ517247.1	9175	9366	+	13.1	0
ERVL	DR0105371	KZ517249.1	4380	4717	+	18.0	0
ERVL	DR0105358	KZ517253.1	1	94	C	11.7	0
ERVL	DR0105338	KZ517257.1	4478	4651	C	12.9	0
ERVL	DR0105358	KZ517260.1	839	1499	C	10.3	0
ERVL	DR0105312	KZ517275.1	1	1046	C	14.8	0
ERVL	DR0105315	KZ517275.1	3358	3909	C	18.1	0
ERVL	DR0105370	KZ517300.1	5131	5384	+	11.8	0
ERVL	DR0105338	KZ517308.1	8888	8931	+	4.5	0
ERVL	DR0105312	KZ517310.1	6304	6398	+	7.4	0
ERV4	DR0105376	KZ517331.1	9058	9133	C	7.9	0
ERVL	DR0105327	KZ517340.1	9444	9496	+	0.0	0
ERVL	DR0105238	KZ517341.1	5385	5805	+	11.3	0
ERVL	DR0105294	KZ517343.1	5938	6091	+	8.4	0
ERVL	DR0105371	KZ517349.1	8	85	C	11.8	0
ERVL	DR0105370	KZ517375.1	8201	8783	C	14.5	0
ERVL	DR0105364	KZ517375.1	8785	9108	C	13.3	0
ERVL	DR0105338	KZ517380.1	1568	2004	C	18.6	0
ERV4	DR0105376	KZ517380.1	10477	10649	+	12.2	0
ERVL	DR0105238	KZ517383.1	1	571	+	12.1	0
ERVL	DR0105295	KZ517383.1	2384	2628	+	17.1	0
ERVL	DR0105338	KZ517383.1	8892	9110	C	25.1	0
ERVL	DR0105326	KZ517408.1	148	259	C	11.5	0
ERVL	DR0105370	KZ517420.1	10152	10234	+	13.2	0
ERV1	DR0105240	KZ517435.1	3056	3657	+	6.3	0
ERVL	DR0105312	KZ517435.1	8124	8498	+	12.5	0
ERVL	DR0105338	KZ517436.1	9589	9952	+	23.4	0
ERVL	DR0105261	KZ517439.1	3095	3142	+	12.5	0
ERVL	DR0105370	KZ517439.1	3199	3705	C	12.9	0
ERVL	DR0105370	KZ517439.1	3708	4184	C	17.1	0
ERVL	DR0105371	KZ517439.1	4215	4454	+	9.8	0
ERVL	DR0105358	KZ517453.1	9126	9208	C	9.6	0
ERVL	DR0105371	KZ517462.1	3680	4251	+	13.8	0
ERVL	DR0105371	KZ517468.1	1210	1622	C	18.5	0
ERVL	DR0105358	KZ517476.1	8748	9016	+	13.4	0
ERVL	DR0105312	KZ517477.1	2835	3097	C	13.8	0
ERVL	DR0105370	KZ517477.1	4507	4586	C	21.1	0
ERV4	DR0105376	KZ517477.1	5037	5232	+	13.8	0
ERVL	DR0105370	KZ517477.1	5236	5302	C	20.9	0
ERVL	DR0105370	KZ517477.1	5332	5416	C	17.6	0
ERV4	DR0105376	KZ517504.1	2106	2379	+	11.1	0
ERVL	DR0105327	KZ517518.1	4626	4698	+	19.4	0
ERVL	DR0105364	KZ517518.1	4971	5550	+	13.3	0
ERVL	DR0105315	KZ517526.1	1	119	C	21.0	0
ERV1	DR0105240	KZ517530.1	777	1114	+	11.0	0
ERVL	DR0105364	KZ517537.1	1	321	+	11.0	0
ERVL	DR0105232	KZ517550.1	1366	1476	C	4.5	0
ERVL	DR0105312	KZ517550.1	6999	7650	+	13.4	0
ERVL	DR0105371	KZ517550.1	10448	10714	+	13.7	0
ERVL	DR0105232	KZ517554.1	3276	3696	+	21.9	0
ERVL	DR0105338	KZ517554.1	5164	6066	+	17.2	0
ERVL	DR0105371	KZ517562.1	8492	8939	+	15.5	0
ERVL	DR0105370	KZ517579.1	300	882	+	14.4	0
ERVL	DR0105364	KZ517592.1	1	89	C	4.5	0
ERV1	DR0105321	KZ517592.1	4345	4474	C	4.8	0
ERVL	DR0105312	KZ517595.1	5418	5654	+	13.7	0
ERVL	DR0105232	KZ517595.1	5858	6576	+	8.5	0
ERVL	DR0105371	KZ517599.1	8695	8958	+	18.2	0
ERVL	DR0105261	KZ517620.1	1045	1487	+	16.7	0
ERVL	DR0105338	KZ517620.1	1512	1596	+	8.2	0
ERVL	DR0105312	KZ517636.1	1	366	C	11.8	0
ERVL	DR0105364	KZ517636.1	1507	2038	+	8.5	0
ERV1	DR0105240	KZ517648.1	5431	5556	C	26.2	0
ERVL	DR0105238	KZ517659.1	5344	5488	C	9.0	0
ERVL	DR0105364	KZ517662.1	1424	1661	C	4.6	0
ERV4	DR0105376	KZ517662.1	6314	6479	C	26.1	0
ERVL	DR0105358	KZ517686.1	5344	5846	C	13.6	0
ERVL	DR0105294	KZ517695.1	11928	12303	C	9.9	0
ERVL	DR0105312	KZ517705.1	1	486	C	10.8	0
ERV4	DR0105376	KZ517713.1	7111	7296	C	29.4	0
ERV4	DR0105376	KZ517713.1	7318	7402	C	15.9	0
ERVL	DR0105238	KZ517721.1	1	619	C	9.2	0
ERVL	DR0105230	KZ517721.1	4086	4686	+	44.8	0
ERVL	DR0105312	KZ517721.1	6995	7250	+	31.2	0
ERVL	DR0105305	KZ517738.1	3769	3866	C	27.6	0
ERVL	DR0105338	KZ517748.1	3817	4947	+	14.9	0
ERV1	DR0105342	KZ517762.1	7522	7677	+	11.0	0
ERVL	DR0105315	KZ517764.1	2480	3030	C	24.2	0
ERVL	DR0105312	KZ517787.1	2802	3049	+	33.7	0
ERVL	DR0105370	KZ517787.1	4593	5241	+	19.3	0
ERV4	DR0105376	KZ517787.1	7686	8405	C	9.9	0
ERVL	DR0105312	KZ517787.1	8410	8501	C	18.5	0
ERVL	DR0105312	KZ517805.1	1	30	+	3.3	0
ERVL	DR0105278	KZ517813.1	7061	7616	C	14.4	0
ERVL	DR0105326	KZ517819.1	841	1385	C	15.5	0
ERVL	DR0105278	KZ517831.1	10	183	C	12.3	0
ERVL	DR0105371	KZ517841.1	7388	7953	C	13.3	0
ERVL	DR0105358	KZ517843.1	3790	3980	+	8.9	0
ERVL	DR0105278	KZ517844.1	60	296	C	16.5	0
ERV4	DR0105376	KZ517851.1	7384	7502	C	21.2	0
ERVL	DR0105312	KZ517852.1	2040	2120	C	12.3	0
ERVL	DR0105358	KZ517852.1	2282	2921	C	7.4	0
ERV1	DR0105240	KZ517852.1	3067	3195	C	14.7	0
ERVL	DR0105312	KZ517852.1	3622	4720	C	18.1	0
ERVL	DR0105312	KZ517852.1	7009	7612	+	16.6	0
ERVL	DR0105358	KZ517859.1	9332	9500	C	3.5	0
ERVL	DR0105358	KZ517859.1	9899	10033	C	10.4	0
ERVL	DR0105358	KZ517859.1	10037	10133	+	5.2	0
ERVL	DR0105305	KZ517869.1	7396	7835	+	23.0	0
ERVL	DR0105371	KZ517870.1	1248	1291	+	12.2	0
ERVL	DR0105238	KZ517871.1	2025	2072	+	14.6	0
ERV4	DR0105376	KZ517887.1	4655	4760	C	7.8	0
ERVL	DR0105278	KZ517899.1	4022	4164	C	20.7	0
ERV1	DR0105240	KZ517906.1	5810	6436	C	4.8	0
ERVL	DR0105312	KZ517916.1	171	212	+	17.9	0
ERVL	DR0105371	KZ517921.1	4364	4489	+	19.1	0
ERVL	DR0105278	KZ517921.1	4505	4794	+	17.2	0
ERVL	DR0105294	KZ517962.1	6743	6983	C	8.4	0
ERV4	DR0105376	KZ517972.1	649	709	+	18.3	0
ERVL	DR0105230	KZ517978.1	2162	2287	+	11.1	0
ERV1	DR0105321	KZ517978.1	7868	8146	+	14.0	0
ERVL	DR0105327	KZ518004.1	8094	8148	C	8.0	0
ERVL	DR0105358	KZ518006.1	6862	7365	C	9.7	0
ERV1	DR0105342	KZ518006.1	7677	8382	+	17.6	0
ERVL	DR0105312	KZ518009.1	7362	8538	C	14.4	0
ERV4	DR0105376	KZ518010.1	1	536	+	8.4	0
ERVL	DR0105278	KZ518022.1	918	959	+	11.9	0
ERVL	DR0105230	KZ518022.1	1392	1730	+	16.3	0
ERVL	DR0105364	KZ518028.1	1709	1990	+	10.8	0
ERVL	DR0105278	KZ518046.1	1	100	+	12.0	0
ERVL	DR0105371	KZ518067.1	7164	7247	C	20.2	0
ERVL	DR0105364	KZ518085.1	731	1370	C	11.7	0
ERV1	DR0105321	KZ518095.1	3658	4391	+	10.6	0
ERVL	DR0105278	KZ518104.1	3135	3361	+	19.6	0
ERVL	DR0105358	KZ518104.1	3362	3398	C	5.4	0
ERVL	DR0105358	KZ518104.1	3751	4058	C	7.8	0
ERVL	DR0105364	KZ518104.1	5556	5807	+	14.7	0
ERVL	DR0105371	KZ518108.1	3499	4082	C	11.4	0
ERVL	DR0105370	KZ518130.1	1282	1574	C	20.4	0
ERVL	DR0105370	KZ518130.1	1580	1638	C	20.3	0
ERVL	DR0105338	KZ518150.1	3860	4130	C	15.2	0
ERVL	DR0105261	KZ518162.1	7461	7605	+	15.2	0
ERVL	DR0105338	KZ518162.1	7601	8266	+	14.3	0
ERV4	DR0105376	KZ518166.1	10332	10401	C	15.9	0
ERVL	DR0105327	KZ518173.1	3549	4264	C	9.0	0
ERV1	DR0105321	KZ518188.1	4398	4411	C	25.0	0
ERVL	DR0105370	KZ518188.1	4412	4735	+	13.0	0
ERV4	DR0105376	KZ518204.1	6833	6945	C	26.4	0
ERVL	DR0105364	KZ518226.1	2061	2216	C	17.2	0
ERVL	DR0105338	KZ518251.1	7929	8189	+	13.0	0
ERVL	DR0105312	KZ518262.1	1	180	C	12.2	0
ERVL	DR0105238	KZ518262.1	5371	5769	C	7.8	0
ERVL	DR0105238	KZ518294.1	8266	8361	C	6.3	0
ERVL	DR0105370	KZ518306.1	7267	8171	+	11.2	0
ERVL	DR0105341	KZ518308.1	803	1223	C	10.2	0
ERVL	DR0105338	KZ518315.1	722	933	C	17.7	0
ERVL	DR0105358	KZ518320.1	866	1036	+	15.8	0
ERVL	DR0105371	KZ518348.1	1	329	C	19.3	0
ERVL	DR0105338	KZ518354.1	22	204	+	24.1	0
ERVL	DR0105338	KZ518354.1	322	849	C	27.2	0
ERVL	DR0105370	KZ518354.1	3791	4070	C	18.5	0
ERVL	DR0105338	KZ518373.1	5571	5658	+	10.2	0
ERVL	DR0105312	KZ518375.1	3273	3462	C	31.3	0
ERV1	DR0105240	KZ518375.1	5968	6287	+	4.1	0
ERVL	DR0105371	KZ518401.1	3156	3339	+	10.4	0
ERV4	DR0105376	KZ518401.1	4119	4349	+	7.8	0
ERVL	DR0105312	KZ518401.1	6993	7984	+	15.4	0
ERVL	DR0105358	KZ518414.1	3012	3679	+	8.0	0
ERV1	DR0105342	KZ518422.1	3609	3844	C	16.7	0
ERVL	DR0105305	KZ518441.1	1747	2383	C	27.8	0
ERV4	DR0105376	KZ518445.1	93	225	C	18.6	0
ERVL	DR0105370	KZ518445.1	4268	4332	C	21.9	0
ERVL	DR0105312	KZ518445.1	4811	5185	+	24.8	0
ERVL	DR0105312	KZ518445.1	7707	8032	+	16.0	0
ERVL	DR0105238	KZ518462.1	7946	8082	C	12.6	0
ERV4	DR0105376	KZ518475.1	1840	1901	+	8.2	0
ERV4	DR0105376	KZ518475.1	1905	2203	+	15.8	0
ERVL	DR0105358	KZ518486.1	1633	2069	C	8.5	0
ERV1	DR0105240	KZ518486.1	3775	4107	C	9.2	0
ERVL	DR0105232	KZ518496.1	834	1820	+	12.6	0
ERVL	DR0105341	KZ518496.1	4082	4235	+	12.3	0
ERVL	DR0105338	KZ518499.1	4413	4472	+	20.7	0
ERVL	DR0105232	KZ518509.1	6926	7048	C	11.2	0
ERVL	DR0105312	KZ518509.1	7049	7212	C	16.0	0
ERVL	DR0105294	KZ518512.1	6123	6170	+	8.3	0
ERV1	DR0105321	KZ518544.1	3607	3990	+	10.7	0
ERVL	DR0105326	KZ518548.1	1	31	+	6.5	0
ERVL	DR0105305	KZ518548.1	6538	6897	+	24.1	0
ERVL	DR0105278	KZ518566.1	849	1294	+	13.7	0
ERVL	DR0105338	KZ518569.1	788	1043	C	24.8	0
ERVL	DR0105370	KZ518581.1	5865	6121	+	26.1	0
ERV4	DR0105376	KZ518588.1	7618	7868	C	17.3	0
ERVL	DR0105338	KZ518615.1	7436	8403	C	13.8	0
ERVL	DR0105232	KZ518643.1	1	189	+	14.1	0
ERVL	DR0105294	KZ518647.1	4375	4579	+	7.8	0
ERV1	DR0105321	KZ518647.1	9570	9764	C	10.7	0
ERVL	DR0105294	KZ518654.1	3794	3830	+	10.8	0
ERV1	DR0105342	KZ518659.1	7870	8011	C	15.8	0
ERVL	DR0105338	KZ518667.1	3922	4358	+	27.3	0
ERVL	DR0105370	KZ518670.1	1	336	+	11.8	0
ERVL	DR0105338	KZ518670.1	6518	7263	+	23.9	0
ERV1	DR0105240	KZ518676.1	3654	3689	C	5.6	0
ERVL	DR0105338	KZ518693.1	5178	6313	+	14.4	0
ERVL	DR0105370	KZ518703.1	2007	2447	C	16.5	0
ERVL	DR0105358	KZ518714.1	1	477	+	6.4	0
ERVL	DR0105338	KZ518714.1	3449	3623	+	15.1	0
ERVL	DR0105278	KZ518714.1	3624	3736	C	16.1	0
ERVL	DR0105338	KZ518714.1	4825	5053	+	9.2	0
ERV4	DR0105376	KZ518714.1	6500	6624	C	5.6	0
ERV4	DR0105376	KZ518714.1	7213	7305	C	8.4	0
ERVL	DR0105338	KZ518749.1	3108	3191	C	19.1	0
ERVL	DR0105364	KZ518762.1	1311	1894	+	11.8	0
ERVL	DR0105305	KZ518784.1	568	894	C	23.0	0
ERVL	DR0105371	KZ518791.1	5702	6274	C	14.1	0
ERVL	DR0105338	KZ518793.1	92	364	+	20.0	0
ERVL	DR0105364	KZ518793.1	4091	4659	+	13.1	0
ERV4	DR0105376	KZ518793.1	7552	7653	C	14.7	0
ERVL	DR0105358	KZ518805.1	6934	7574	C	13.0	0
ERVL	DR0105312	KZ518825.1	1	1184	+	12.3	0
ERVL	DR0105370	KZ518825.1	1383	1393	+	14.8	0
ERVL	DR0105294	KZ518825.1	1435	1554	+	7.5	0
ERVL	DR0105230	KZ518825.1	2305	2920	+	14.6	0
ERVL	DR0105278	KZ518827.1	4249	4759	C	13.9	0
ERVL	DR0105315	KZ518842.1	1826	2201	C	23.5	0
ERVL	DR0105341	KZ518863.1	1	75	C	4.0	0
ERV1	DR0105342	KZ518863.1	76	987	+	11.8	0
ERVL	DR0105370	KZ518863.1	4016	4561	+	20.4	0
ERV1	DR0105342	KZ518863.1	4912	5110	C	17.9	0
ERVL	DR0105278	KZ518874.1	1085	1171	C	17.2	0
ERVL	DR0105312	KZ518903.1	320	357	+	13.2	0
ERVL	DR0105232	KZ518903.1	3577	3880	C	26.2	0
ERVL	DR0105358	KZ518903.1	3881	4512	C	9.5	0
ERVL	DR0105371	KZ518903.1	5660	6228	+	11.9	0
ERVL	DR0105364	KZ518905.1	601	789	C	14.8	0
ERVL	DR0105370	KZ518910.1	629	1224	+	11.6	0
ERVL	DR0105338	KZ518912.1	2394	3060	C	23.7	0
ERVL	DR0105338	KZ518948.1	7621	7786	C	21.1	0
ERVL	DR0105338	KZ518950.1	4627	4806	C	7.8	0
ERVL	DR0105261	KZ518950.1	4814	5321	C	14.9	0
ERVL	DR0105238	KZ518971.1	2	131	+	16.4	0
ERVL	DR0105327	KZ518992.1	1	164	C	7.3	0
ERVL	DR0105371	KZ518992.1	3240	3334	C	15.8	0
ERV4	DR0105376	KZ519002.1	2	174	C	6.4	0
ERVL	DR0105315	KZ519046.1	2508	2931	+	17.1	0
ERVL	DR0105315	KZ519046.1	4044	4597	C	19.4	0
ERVL	DR0105230	KZ519048.1	6191	6305	C	14.2	0
ERVL	DR0105370	KZ519050.1	7177	7613	C	14.3	0
ERVL	DR0105370	KZ519058.1	3308	3909	C	11.3	0
ERVL	DR0105370	KZ519071.1	7075	7535	C	9.8	0
ERVL	DR0105338	KZ519072.1	1	78	+	9.0	0
ERVL	DR0105341	KZ519077.1	1	184	+	6.1	0
ERVL	DR0105364	KZ519085.1	5289	5966	C	9.2	0
ERVL	DR0105238	KZ519086.1	943	1219	C	12.8	0
ERVL	DR0105338	KZ519087.1	336	1350	C	16.7	0
ERVL	DR0105305	KZ519090.1	1914	2202	+	24.1	0
ERVL	DR0105358	KZ519095.1	1137	1177	+	9.8	0
ERVL	DR0105238	KZ519098.1	5271	6007	C	10.5	0
ERVL	DR0105278	KZ519106.1	1	76	+	17.8	0
ERV1	DR0105321	KZ519106.1	1559	1618	C	12.6	0
ERV1	DR0105321	KZ519106.1	1879	2030	C	18.0	0
ERVL	DR0105305	KZ519124.1	6090	6274	C	25.3	0
ERVL	DR0105358	KZ519150.1	1	183	+	5.5	0
ERVL	DR0105305	KZ519151.1	5806	6204	C	24.6	0
ERV4	DR0105376	KZ519151.1	6205	6333	C	19.8	0
ERVL	DR0105338	KZ519151.1	6337	6504	C	24.0	0
ERV1	DR0105240	KZ519173.1	367	401	+	8.6	0
ERVL	DR0105327	KZ519173.1	966	1015	+	2.0	0
ERVL	DR0105232	KZ519173.1	6035	7434	+	12.0	0
ERVL	DR0105312	KZ519183.1	6688	6826	C	16.6	0
ERVL	DR0105278	KZ519192.1	997	1281	+	15.2	0
ERVL	DR0105371	KZ519208.1	6194	6524	+	13.0	0
ERVL	DR0105294	KZ519211.1	1	423	C	7.6	0
ERVL	DR0105294	KZ519215.1	1	131	C	13.0	0
ERVL	DR0105294	KZ519224.1	7243	7484	+	7.9	0
ERV1	DR0105321	KZ519328.1	1	89	+	3.4	0
ERVL	DR0105327	KZ519335.1	6984	7023	+	15.0	0
ERVL	DR0105312	KZ519344.1	862	1056	C	9.7	0
ERVL	DR0105312	KZ519344.1	1523	1836	C	16.5	0
ERVL	DR0105312	KZ519344.1	1872	2200	C	25.3	0
ERVL	DR0105358	KZ519367.1	1318	1569	+	5.6	0
ERVL	DR0105358	KZ519375.1	1	150	+	3.3	0
ERVL	DR0105364	KZ519383.1	7110	7215	+	10.4	0
ERVL	DR0105278	KZ519387.1	1145	1354	+	13.4	0
ERVL	DR0105312	KZ519389.1	1	223	+	20.7	0
ERVL	DR0105312	KZ519389.1	253	369	+	26.1	0
ERVL	DR0105294	KZ519389.1	411	996	+	6.7	0
ERVL	DR0105294	KZ519389.1	2069	2196	+	11.0	0
ERVL	DR0105371	KZ519391.1	5884	6441	C	13.2	0
ERVL	DR0105295	KZ519392.1	1496	1780	C	22.1	0
ERV1	DR0105342	KZ519407.1	1	944	+	18.8	0
ERVL	DR0105370	KZ519413.1	3406	3611	C	14.1	0
ERVL	DR0105370	KZ519413.1	3613	3767	C	13.6	0
ERVL	DR0105338	KZ519415.1	2876	2965	+	15.6	0
ERVL	DR0105238	KZ519416.1	4205	4346	C	16.8	0
ERVL	DR0105278	KZ519420.1	920	1101	C	23.4	0
ERVL	DR0105341	KZ519432.1	6930	7227	C	12.4	0
ERVL	DR0105294	KZ519449.1	985	1108	+	10.5	0
ERVL	DR0105261	KZ519449.1	7000	7210	+	19.6	0
ERVL	DR0105358	KZ519463.1	3817	4457	+	6.9	0
ERVL	DR0105371	KZ519492.1	3243	3663	+	10.5	0
ERV4	DR0105376	KZ519492.1	6085	6281	+	25.4	0
ERVL	DR0105364	KZ519500.1	3140	3788	+	15.8	0
ERVL	DR0105338	KZ519512.1	2952	3045	+	14.9	0
ERVL	DR0105294	KZ519512.1	4502	4723	+	3.1	0
ERVL	DR0105305	KZ519512.1	7175	7477	C	20.6	0
ERVL	DR0105238	KZ519514.1	1	123	+	16.5	0
ERVL	DR0105278	KZ519536.1	989	1395	+	14.0	0
ERVL	DR0105370	KZ519539.1	4130	4722	+	14.8	0
ERVL	DR0105294	KZ519546.1	1141	1218	+	12.8	0
ERV1	DR0105240	KZ519546.1	2784	2967	C	1.6	0
ERVL	DR0105238	KZ519552.1	3196	3230	C	2.9	0
ERVL	DR0105232	KZ519567.1	4227	4604	C	13.9	0
ERVL	DR0105371	KZ519568.1	1839	1900	C	15.6	0
ERVL	DR0105312	KZ519580.1	1	317	+	14.9	0
ERVL	DR0105294	KZ519580.1	319	380	C	17.7	0
ERVL	DR0105278	KZ519580.1	1112	1631	C	12.8	0
ERV1	DR0105240	KZ519580.1	4241	4275	C	2.9	0
ERVL	DR0105294	KZ519580.1	5803	6512	C	8.8	0
ERVL	DR0105312	KZ519580.1	6515	6634	+	9.2	0
ERV4	DR0105376	KZ519585.1	7072	7126	+	14.8	0
ERVL	DR0105338	KZ519587.1	6454	6934	C	13.0	0
ERVL	DR0105338	KZ519588.1	5758	6328	+	23.0	0
ERVL	DR0105238	KZ519599.1	1	185	C	7.6	0
ERVL	DR0105338	KZ519643.1	1	48	+	12.5	0
ERVL	DR0105315	KZ519651.1	1677	2098	+	17.8	0
ERV1	DR0105321	KZ519651.1	2661	2743	+	22.8	0
ERVL	DR0105238	KZ519651.1	3770	4518	C	7.3	0
ERVL	DR0105370	KZ519651.1	5138	5566	+	13.1	0
ERVL	DR0105370	KZ519653.1	465	666	+	25.9	0
ERVL	DR0105312	KZ519683.1	2637	4032	C	18.0	0
ERVL	DR0105294	KZ519683.1	5384	6041	C	8.2	0
ERVL	DR0105295	KZ519687.1	3417	3486	C	10.0	0
ERVL	DR0105238	KZ519693.1	3463	3562	C	12.8	0
ERV1	DR0105240	KZ519719.1	5668	5796	+	10.6	0
ERVL	DR0105238	KZ519740.1	1646	1777	C	17.4	0
ERVL	DR0105338	KZ519750.1	6381	6643	+	10.3	0
ERVL	DR0105370	KZ519779.1	1	98	+	15.3	0
ERV1	DR0105321	KZ519787.1	799	1052	C	13.0	0
ERVL	DR0105338	KZ519814.1	3067	3241	+	16.0	0
ERV4	DR0105376	KZ519825.1	16	370	C	12.3	0
ERVL	DR0105261	KZ519857.1	350	820	+	23.4	0
ERVL	DR0105312	KZ519857.1	2224	2433	C	14.5	0
ERVL	DR0105312	KZ519857.1	2468	2528	C	13.3	0
ERVL	DR0105238	KZ519874.1	6315	6376	C	16.4	0
ERVL	DR0105312	KZ519889.1	7408	7613	C	29.8	0
ERVL	DR0105312	KZ519889.1	7673	8255	C	13.9	0
ERVL	DR0105305	KZ519891.1	6252	6351	C	33.0	0
ERVL	DR0105327	KZ519901.1	3644	3856	C	11.8	0
ERVL	DR0105278	KZ519927.1	555	1048	C	18.2	0
ERVL	DR0105278	KZ519927.1	4777	5297	+	17.7	0
ERVL	DR0105278	KZ519927.1	5308	5424	+	27.4	0
ERVL	DR0105305	KZ519941.1	252	427	C	25.3	0
ERVL	DR0105338	KZ519954.1	4224	4958	C	23.1	0
ERVL	DR0105295	KZ519955.1	3329	3834	+	21.0	0
ERVL	DR0105341	KZ519956.1	1	117	+	8.6	0
ERVL	DR0105312	KZ519968.1	1	622	C	12.1	0
ERVL	DR0105338	KZ519968.1	838	1057	C	15.4	0
ERVL	DR0105261	KZ519968.1	1552	1977	C	11.7	0
ERVL	DR0105315	KZ519977.1	1	406	C	20.4	0
ERVL	DR0105238	KZ519977.1	3797	4103	C	7.5	0
ERVL	DR0105327	KZ519979.1	297	652	+	11.7	0
ERV1	DR0105240	KZ519991.1	689	790	+	23.2	0
ERVL	DR0105232	KZ520009.1	953	1287	C	8.7	0
ERVL	DR0105370	KZ520009.1	2900	3128	+	22.0	0
ERVL	DR0105327	KZ520022.1	6028	6139	C	14.4	0
ERVL	DR0105338	KZ520048.1	1	745	C	16.9	0
ERVL	DR0105312	KZ520091.1	69	234	+	12.4	0
ERVL	DR0105338	KZ520098.1	3504	4376	C	24.8	0
ERVL	DR0105371	KZ520101.1	5097	5655	C	15.2	0
ERVL	DR0105312	KZ520103.1	373	492	+	15.0	0
ERVL	DR0105305	KZ520107.1	1498	1600	+	27.4	0
ERVL	DR0105371	KZ520113.1	3240	3423	C	18.7	0
ERVL	DR0105312	KZ520160.1	292	1243	C	14.4	0
ERVL	DR0105278	KZ520180.1	1195	1748	+	18.8	0
ERVL	DR0105312	KZ520187.1	2485	3192	+	12.8	0
ERVL	DR0105370	KZ520190.1	4942	5064	+	20.3	0
ERVL	DR0105312	KZ520193.1	1	392	+	15.4	0
ERV1	DR0105240	KZ520193.1	8182	8235	C	7.4	0
ERVL	DR0105305	KZ520198.1	5537	5805	+	26.7	0
ERVL	DR0105370	KZ520203.1	5278	5504	C	23.2	0
ERVL	DR0105315	KZ520203.1	5527	5714	C	20.2	0
ERVL	DR0105305	KZ520245.1	5474	5584	+	21.6	0
ERVL	DR0105278	KZ520251.1	4256	4514	+	11.0	0
ERVL	DR0105238	KZ520273.1	49	246	C	14.7	0
ERVL	DR0105338	KZ520273.1	249	339	C	23.6	0
ERVL	DR0105370	KZ520281.1	649	1222	+	16.1	0
ERV4	DR0105376	KZ520298.1	2334	2932	+	18.6	0
ERV4	DR0105376	KZ520316.1	285	829	+	18.6	0
ERVL	DR0105230	KZ520351.1	1473	2023	C	16.9	0
ERVL	DR0105371	KZ520361.1	1	314	C	17.8	0
ERVL	DR0105370	KZ520377.1	4482	4568	+	21.8	0
ERVL	DR0105230	KZ520380.1	16	85	C	15.9	0
ERVL	DR0105327	KZ520422.1	675	1285	+	10.1	0
ERVL	DR0105312	KZ520435.1	3756	4046	C	25.2	0
ERVL	DR0105312	KZ520435.1	4068	4653	C	14.4	0
ERVL	DR0105312	KZ520435.1	4761	5640	C	14.8	0
ERVL	DR0105370	KZ520450.1	710	1304	+	13.2	0
ERVL	DR0105315	KZ520450.1	5022	5163	+	14.8	0
ERVL	DR0105232	KZ520463.1	6969	7080	C	31.5	0
ERVL	DR0105338	KZ520463.1	7092	7202	+	20.1	0
ERVL	DR0105358	KZ520472.1	3155	3371	C	8.8	0
ERVL	DR0105312	KZ520472.1	3374	5487	+	13.9	0
ERV1	DR0105240	KZ520475.1	3628	4236	+	9.9	0
ERVL	DR0105371	KZ520487.1	1557	1805	C	10.3	0
ERVL	DR0105312	KZ520536.1	818	1153	C	17.0	0
ERVL	DR0105358	KZ520547.1	4615	5257	+	4.7	0
ERVL	DR0105294	KZ520567.1	1	184	C	7.1	0
ERV4	DR0105376	KZ520602.1	5721	5858	C	6.5	0
ERVL	DR0105338	KZ520603.1	997	1424	+	20.9	0
ERVL	DR0105278	KZ520670.1	1481	1784	+	21.2	0
ERVL	DR0105370	KZ520695.1	5846	5901	+	14.3	0
ERVL	DR0105315	KZ520702.1	4528	4615	C	12.5	0
ERVL	DR0105364	KZ520703.1	5146	5447	C	10.6	0
ERVL	DR0105312	KZ520715.1	3925	4308	C	34.3	0
ERVL	DR0105358	KZ520734.1	5723	6364	C	8.6	0
ERVL	DR0105327	KZ520747.1	1	157	C	9.6	0
ERV4	DR0105376	KZ520747.1	543	669	C	11.8	0
ERVL	DR0105312	KZ520759.1	1594	1820	+	15.0	0
ERVL	DR0105312	KZ520759.1	3652	3939	+	15.6	0
ERVL	DR0105312	KZ520759.1	3955	4157	+	25.4	0
ERVL	DR0105315	KZ520771.1	1716	2312	C	23.8	0
ERVL	DR0105370	KZ520771.1	4504	4576	C	22.2	0
ERVL	DR0105341	KZ520771.1	5323	5427	+	6.7	0
ERVL	DR0105371	KZ520789.1	470	1032	C	20.6	0
ERVL	DR0105238	KZ520821.1	1367	1479	+	8.1	0
ERVL	DR0105278	KZ520833.1	3734	3934	C	12.0	0
ERVL	DR0105371	KZ520849.1	4055	4531	C	16.6	0
ERVL	DR0105371	KZ520872.1	1769	2335	C	12.4	0
ERVL	DR0105294	KZ520872.1	5043	5391	C	8.9	0
ERVL	DR0105370	KZ520878.1	462	1010	+	13.2	0
ERVL	DR0105370	KZ520903.1	2	33	+	6.2	0
ERVL	DR0105358	KZ520903.1	2131	2741	+	31.6	0
ERV1	DR0105342	KZ520903.1	3057	3991	+	18.0	0
ERVL	DR0105294	KZ520918.1	4698	4842	C	9.0	0
ERVL	DR0105370	KZ520957.1	1060	1438	+	14.6	0
ERV4	DR0105376	KZ520984.1	4839	5020	+	13.8	0
ERVL	DR0105312	KZ520986.1	3979	4463	+	16.9	0
ERVL	DR0105312	KZ520986.1	5158	5441	+	17.4	0
ERVL	DR0105358	KZ521020.1	1	177	C	3.4	0
ERVL	DR0105338	KZ521035.1	3991	5110	C	16.9	0
ERVL	DR0105338	KZ521042.1	76	829	+	28.7	0
ERVL	DR0105312	KZ521042.1	2761	5111	+	16.2	0
ERVL	DR0105358	KZ521046.1	3609	3916	+	5.2	0
ERVL	DR0105370	KZ521108.1	3592	3653	+	17.7	0
ERVL	DR0105370	KZ521108.1	3665	3854	+	20.1	0
ERVL	DR0105294	KZ521116.1	4042	4131	C	8.9	0
ERV4	DR0105376	KZ521135.1	139	704	+	11.5	0
ERVL	DR0105312	KZ521137.1	2133	2547	C	13.0	0
ERVL	DR0105312	KZ521137.1	3727	3985	C	23.6	0
ERVL	DR0105338	KZ521168.1	345	746	C	23.2	0
ERVL	DR0105295	KZ521215.1	5402	5475	C	9.7	0
ERVL	DR0105312	KZ521241.1	3244	4940	+	16.4	0
ERVL	DR0105238	KZ521243.1	4115	4210	+	18.1	0
ERVL	DR0105232	KZ521248.1	3556	5141	+	13.8	0
ERVL	DR0105238	KZ521278.1	5462	5808	+	10.1	0
ERVL	DR0105371	KZ521308.1	2	178	+	12.6	0
ERVL	DR0105312	KZ521318.1	1	64	+	18.8	0
ERVL	DR0105312	KZ521321.1	1	299	C	12.4	0
ERVL	DR0105358	KZ521321.1	300	442	C	2.9	0
ERVL	DR0105358	KZ521321.1	5175	5321	C	3.4	0
ERVL	DR0105312	KZ521343.1	2768	4307	C	14.3	0
ERVL	DR0105312	KZ521343.1	5197	5915	C	23.1	0
ERVL	DR0105278	KZ521351.1	5387	5421	C	11.4	0
ERVL	DR0105370	KZ521356.1	1832	1943	+	16.7	0
ERVL	DR0105312	KZ521356.1	3306	4027	C	17.7	0
ERVL	DR0105312	KZ521356.1	6208	6954	C	16.8	0
ERVL	DR0105312	KZ521373.1	31	906	C	10.7	0
ERVL	DR0105232	KZ521373.1	3597	4094	C	13.6	0
ERVL	DR0105312	KZ521373.1	4122	5103	+	14.7	0
ERV4	DR0105376	KZ521379.1	1409	1541	C	7.7	0
ERVL	DR0105341	KZ521386.1	1	172	+	8.7	0
ERVL	DR0105261	KZ521386.1	4413	5073	+	14.5	0
ERV4	DR0105376	KZ521406.1	5044	5119	C	6.6	0
ERVL	DR0105338	KZ521454.1	977	1070	+	12.5	0
ERVL	DR0105261	KZ521454.1	1071	1372	+	8.0	0
ERVL	DR0105338	KZ521502.1	1246	1493	C	14.9	0
ERVL	DR0105371	KZ521507.1	4226	4778	C	16.4	0
ERVL	DR0105278	KZ521510.1	5114	5162	+	8.2	0
ERVL	DR0105364	KZ521543.1	1	342	+	11.6	0
ERVL	DR0105358	KZ521549.1	4015	4106	C	3.3	0
ERVL	DR0105338	KZ521571.1	4963	5140	+	18.8	0
ERVL	DR0105261	KZ521583.1	2505	2610	+	12.5	0
ERVL	DR0105338	KZ521583.1	3476	3615	+	9.3	0
ERVL	DR0105338	KZ521594.1	341	433	C	10.9	0
ERVL	DR0105358	KZ521619.1	1059	1094	C	2.8	0
ERVL	DR0105338	KZ521628.1	760	1162	C	23.9	0
ERVL	DR0105327	KZ521628.1	4902	5127	C	11.6	0
ERVL	DR0105364	KZ521631.1	1163	1801	C	13.3	0
ERVL	DR0105371	KZ521633.1	4506	5099	C	14.6	0
ERVL	DR0105338	KZ521649.1	1	565	+	11.7	0
ERVL	DR0105312	KZ521649.1	3275	4239	C	17.7	0
ERVL	DR0105370	KZ521702.1	3793	4358	+	24.5	0
ERVL	DR0105238	KZ521716.1	4097	4846	C	10.1	0
ERVL	DR0105312	KZ521753.1	2	516	C	14.8	0
ERVL	DR0105364	KZ521753.1	1953	2607	C	12.8	0
ERVL	DR0105370	KZ521768.1	4091	4177	C	25.3	0
ERVL	DR0105238	KZ521805.1	3307	3403	C	10.5	0
ERVL	DR0105278	KZ521837.1	153	497	+	19.8	0
ERVL	DR0105305	KZ521865.1	655	1501	C	29.2	0
ERV4	DR0105376	KZ521876.1	3781	4032	+	7.1	0
ERVL	DR0105341	KZ521890.1	4689	4854	C	8.4	0
ERVL	DR0105358	KZ521891.1	497	668	C	11.1	0
ERVL	DR0105358	KZ521891.1	671	959	C	9.7	0
ERVL	DR0105341	KZ521906.1	4793	4882	+	5.6	0
ERVL	DR0105312	KZ522019.1	4581	4792	C	29.1	0
ERVL	DR0105238	KZ522064.1	4718	4809	+	3.3	0
ERVL	DR0105278	KZ522087.1	3167	3627	C	16.4	0
ERV4	DR0105376	KZ522109.1	893	1043	+	17.4	0
ERVL	DR0105294	KZ522109.1	3605	4340	C	9.2	0
ERV4	DR0105376	KZ522109.1	4664	5149	+	8.1	0
ERVL	DR0105371	KZ522125.1	1161	1388	+	15.4	0
ERVL	DR0105278	KZ522127.1	1	405	C	14.5	0
ERVL	DR0105238	KZ522139.1	8	68	+	16.7	0
ERVL	DR0105305	KZ522139.1	71	735	+	24.0	0
ERV4	DR0105376	KZ522161.1	1658	1760	+	5.9	0
ERVL	DR0105294	KZ522161.1	4674	4723	C	4.0	0
ERVL	DR0105371	KZ522172.1	4298	4879	C	27.5	0
ERVL	DR0105295	KZ522190.1	3636	4152	+	22.9	0
ERVL	DR0105261	KZ522201.1	1	416	C	20.6	0
ERVL	DR0105312	KZ522242.1	475	1015	C	19.3	0
ERVL	DR0105312	KZ522242.1	1029	1565	C	20.4	0
ERVL	DR0105294	KZ522242.1	3126	3681	C	5.8	0
ERVL	DR0105232	KZ522242.1	4140	4400	+	10.0	0
ERVL	DR0105371	KZ522257.1	100	657	C	18.0	0
ERVL	DR0105238	KZ522269.1	15	907	C	11.6	0
ERVL	DR0105312	KZ522269.1	1015	1239	C	15.6	0
ERVL	DR0105312	KZ522269.1	2534	4613	C	12.5	0
ERVL	DR0105315	KZ522276.1	3042	3221	C	20.0	0
ERV4	DR0105376	KZ522308.1	1	292	+	6.2	0
ERVL	DR0105341	KZ522313.1	1459	1510	+	5.8	0
ERVL	DR0105358	KZ522333.1	256	783	C	13.5	0
ERVL	DR0105261	KZ522343.1	4639	4778	+	8.6	0
ERVL	DR0105232	KZ522381.1	5173	5230	C	12.1	0
ERVL	DR0105294	KZ522389.1	4747	4865	+	5.9	0
ERVL	DR0105364	KZ522393.1	2566	2683	+	11.0	0
ERVL	DR0105294	KZ522422.1	4604	4641	+	13.2	0
ERVL	DR0105370	KZ522424.1	1	375	+	15.8	0
ERVL	DR0105364	KZ522431.1	186	354	+	12.7	0
ERVL	DR0105327	KZ522450.1	2908	3631	C	7.9	0
ERVL	DR0105370	KZ522472.1	1280	1315	C	11.1	0
ERVL	DR0105364	KZ522482.1	4293	4872	C	11.6	0
ERVL	DR0105371	KZ522491.1	3784	3929	+	21.4	0
ERVL	DR0105238	KZ522502.1	971	1090	C	19.0	0
ERVL	DR0105364	KZ522514.1	3491	3735	C	13.1	0
ERVL	DR0105315	KZ522536.1	1063	1434	+	19.7	0
ERVL	DR0105238	KZ522573.1	1480	1582	+	12.9	0
ERVL	DR0105278	KZ522575.1	3593	4104	C	11.5	0
ERVL	DR0105341	KZ522622.1	1253	1432	+	5.6	0
ERVL	DR0105315	KZ522632.1	2	581	+	25.2	0
ERVL	DR0105358	KZ522643.1	845	1046	C	6.4	0
ERVL	DR0105312	KZ522643.1	3608	4265	C	8.8	0
ERVL	DR0105358	KZ522653.1	1358	1669	C	7.0	0
ERVL	DR0105364	KZ522683.1	2972	3392	C	16.1	0
ERVL	DR0105278	KZ522686.1	4043	4543	C	16.4	0
ERVL	DR0105370	KZ522695.1	2553	2821	+	25.8	0
ERVL	DR0105232	KZ522695.1	2921	3387	+	30.4	0
ERVL	DR0105278	KZ522695.1	3904	4234	C	13.0	0
ERVL	DR0105338	KZ522701.1	384	671	C	19.2	0
ERVL	DR0105370	KZ522711.1	1410	1524	+	14.8	0
ERVL	DR0105278	KZ522727.1	3457	3948	C	16.3	0
ERVL	DR0105338	KZ522755.1	2745	3298	+	20.9	0
ERVL	DR0105338	KZ522755.1	3310	3416	+	17.9	0
ERVL	DR0105364	KZ522772.1	251	518	C	11.3	0
ERVL	DR0105327	KZ522812.1	1454	1637	C	6.5	0
ERVL	DR0105338	KZ522817.1	383	685	+	15.2	0
ERVL	DR0105295	KZ522865.1	3971	4247	C	18.8	0
ERVL	DR0105370	KZ522870.1	4108	4146	C	15.4	0
ERV1	DR0105321	KZ522899.1	814	1110	+	16.8	0
ERVL	DR0105305	KZ522912.1	1384	1473	C	31.8	0
ERV1	DR0105240	KZ522917.1	178	305	C	23.8	0
ERVL	DR0105370	KZ522927.1	750	1152	C	14.3	0
ERVL	DR0105230	KZ522930.1	482	552	C	16.9	0
ERVL	DR0105305	KZ522949.1	1040	1190	C	27.2	0
ERV4	DR0105376	KZ522951.1	1	160	C	6.2	0
ERVL	DR0105341	KZ522969.1	3383	3474	C	8.9	0
ERVL	DR0105338	KZ523023.1	3799	4451	C	16.2	0
ERVL	DR0105370	KZ523032.1	3510	4144	C	13.3	0
ERVL	DR0105312	KZ523032.1	4228	4506	C	22.0	0
ERV1	DR0105240	KZ523032.1	4507	4577	C	8.4	0
ERV1	DR0105240	KZ523071.1	2957	2990	+	5.9	0
ERV4	DR0105376	KZ523114.1	19	119	+	23.2	0
ERV1	DR0105240	KZ523126.1	417	1071	C	6.7	0
ERVL	DR0105358	KZ523126.1	4398	4444	+	2.1	0
ERVL	DR0105238	KZ523130.1	1221	1417	C	8.1	0
ERVL	DR0105370	KZ523130.1	3317	3942	C	20.4	0
ERVL	DR0105238	KZ523141.1	1	107	C	4.7	0
ERVL	DR0105232	KZ523141.1	4395	4571	C	16.7	0
ERVL	DR0105338	KZ523143.1	3553	4191	C	24.2	0
ERVL	DR0105230	KZ523154.1	60	116	C	17.5	0
ERVL	DR0105370	KZ523182.1	5206	5514	+	11.5	0
ERV1	DR0105321	KZ523207.1	228	366	+	16.6	0
ERVL	DR0105238	KZ523215.1	1045	1181	+	13.7	0
ERV4	DR0105376	KZ523215.1	4762	5445	C	9.7	0
ERVL	DR0105370	KZ523238.1	3060	3582	C	8.6	0
ERVL	DR0105358	KZ523318.1	3824	4126	+	7.6	0
ERVL	DR0105312	KZ523419.1	132	182	C	18.0	0
ERVL	DR0105338	KZ523419.1	586	1224	C	23.6	0
ERVL	DR0105278	KZ523441.1	509	1043	C	14.2	0
ERVL	DR0105312	KZ523455.1	3653	4465	+	17.8	0
ERV4	DR0105376	KZ523455.1	4466	4608	+	6.1	0
ERVL	DR0105338	KZ523500.1	18	276	+	23.4	0
ERVL	DR0105315	KZ523522.1	2207	2524	+	27.1	0
ERVL	DR0105338	KZ523556.1	23	208	C	16.3	0
ERVL	DR0105261	KZ523565.1	440	553	+	15.0	0
ERVL	DR0105358	KZ523567.1	4132	4375	C	11.5	0
ERVL	DR0105338	KZ523568.1	1	97	C	15.5	0
ERVL	DR0105312	KZ523570.1	3276	3714	+	12.8	0
ERVL	DR0105312	KZ523570.1	3749	4366	+	15.9	0
ERVL	DR0105370	KZ523576.1	4187	4339	C	23.5	0
ERVL	DR0105338	KZ523596.1	4398	4486	C	24.1	0
ERVL	DR0105364	KZ523621.1	4262	4490	+	11.4	0
ERVL	DR0105364	KZ523626.1	79	459	+	14.2	0
ERVL	DR0105294	KZ523685.1	3373	3424	+	13.5	0
ERVL	DR0105371	KZ523689.1	2357	2758	C	8.5	0
ERVL	DR0105315	KZ523689.1	3701	3827	C	11.9	0
ERVL	DR0105261	KZ523745.1	1617	1975	+	19.9	0
ERVL	DR0105327	KZ523746.1	1	504	+	10.0	0
ERVL	DR0105364	KZ523771.1	3881	4352	C	11.0	0
ERVL	DR0105294	KZ523800.1	1	211	+	12.3	0
ERVL	DR0105338	KZ523807.1	3928	4054	C	11.0	0
ERVL	DR0105294	KZ523812.1	5932	6118	C	13.9	0
ERVL	DR0105238	KZ523829.1	3262	3333	+	20.0	0
ERVL	DR0105278	KZ523838.1	3047	3448	+	16.7	0
ERVL	DR0105230	KZ523856.1	3101	3158	C	12.1	0
ERVL	DR0105370	KZ523864.1	133	694	C	13.5	0
ERVL	DR0105338	KZ523875.1	258	963	+	18.2	0
ERVL	DR0105338	KZ523922.1	2928	3283	C	22.8	0
ERVL	DR0105312	KZ523925.1	1	93	+	16.1	0
ERVL	DR0105370	KZ523942.1	66	643	+	13.1	0
ERVL	DR0105261	KZ523950.1	2	142	C	15.6	0
ERVL	DR0105278	KZ523950.1	270	480	+	17.2	0
ERVL	DR0105338	KZ523960.1	1	228	+	23.8	0
ERV1	DR0105342	KZ523981.1	3252	4061	C	13.7	0
ERVL	DR0105370	KZ523997.1	3773	4075	C	23.6	0
ERVL	DR0105312	KZ524008.1	1	624	C	23.6	0
ERVL	DR0105358	KZ524008.1	3726	4031	C	4.9	0
ERVL	DR0105327	KZ524029.1	1	327	C	8.3	0
ERVL	DR0105364	KZ524088.1	41	247	+	12.1	0
ERVL	DR0105238	KZ524091.1	999	1130	C	12.0	0
ERVL	DR0105364	KZ524106.1	3814	4063	C	14.3	0
ERVL	DR0105278	KZ524109.1	3442	3852	+	16.2	0
ERVL	DR0105338	KZ524181.1	745	839	C	22.1	0
ERV4	DR0105376	KZ524192.1	476	1040	C	15.3	0
ERVL	DR0105370	KZ524243.1	4	153	+	16.0	0
ERVL	DR0105364	KZ524269.1	3214	3596	C	14.1	0
ERVL	DR0105238	KZ524328.1	693	1441	C	10.8	0
ERVL	DR0105278	KZ524347.1	333	409	+	13.0	0
ERVL	DR0105338	KZ524375.1	2421	2617	C	15.3	0
ERVL	DR0105261	KZ524375.1	3202	3632	C	14.0	0
ERVL	DR0105294	KZ524375.1	3703	4270	C	9.2	0
ERVL	DR0105326	KZ524407.1	954	1009	C	5.5	0
ERVL	DR0105338	KZ524446.1	3169	3288	+	17.3	0
ERVL	DR0105232	KZ524461.1	1	57	+	19.3	0
ERVL	DR0105371	KZ524476.1	407	628	+	11.7	0
ERVL	DR0105294	KZ524478.1	2929	3045	C	11.1	0
ERVL	DR0105230	KZ524493.1	3488	3531	+	15.9	0
ERVL	DR0105370	KZ524527.1	574	740	C	28.7	0
ERVL	DR0105312	KZ524545.1	1	1387	C	14.4	0
ERVL	DR0105230	KZ524545.1	3384	4008	C	10.0	0
ERV4	DR0105376	KZ524559.1	13	546	+	12.4	0
ERVL	DR0105230	KZ524631.1	11	610	C	17.7	0
ERVL	DR0105312	KZ524661.1	2132	2223	+	28.3	0
ERVL	DR0105312	KZ524661.1	3022	3743	+	16.5	0
ERVL	DR0105370	KZ524671.1	620	665	+	8.7	0
ERVL	DR0105358	KZ524672.1	1100	1135	+	5.6	0
ERVL	DR0105238	KZ524729.1	886	1086	C	8.5	0
ERVL	DR0105327	KZ524735.1	2681	2976	+	10.5	0
ERVL	DR0105338	KZ524794.1	170	261	C	14.1	0
ERVL	DR0105238	KZ524795.1	1	110	+	16.1	0
ERVL	DR0105312	KZ524795.1	113	1038	+	16.8	0
ERVL	DR0105312	KZ524795.1	2169	3711	+	13.8	0
ERV4	DR0105376	KZ524863.1	1	186	C	11.2	0
ERVL	DR0105338	KZ524887.1	2582	2693	C	22.5	0
ERVL	DR0105238	KZ524948.1	1034	1796	C	9.7	0
ERVL	DR0105261	KZ524957.1	2245	2451	+	27.7	0
ERV1	DR0105342	KZ524969.1	1317	2159	+	13.8	0
ERVL	DR0105295	KZ524981.1	952	1333	+	14.1	0
ERVL	DR0105294	KZ524984.1	925	989	+	4.6	0
ERVL	DR0105238	KZ524984.1	2866	3473	+	9.9	0
ERVL	DR0105278	KZ524998.1	2671	3189	C	16.4	0
ERVL	DR0105338	KZ525017.1	3676	3943	C	21.7	0
ERVL	DR0105315	KZ525030.1	1413	1721	+	18.0	0
ERVL	DR0105238	KZ525056.1	947	1115	C	12.3	0
ERVL	DR0105294	KZ525114.1	1	368	+	14.1	0
ERVL	DR0105364	KZ525126.1	1	89	+	6.7	0
ERVL	DR0105312	KZ525171.1	1871	2225	C	14.1	0
ERV4	DR0105376	KZ525178.1	1	547	C	8.5	0
ERVL	DR0105294	KZ525205.1	1046	1545	C	11.9	0
ERVL	DR0105278	KZ525247.1	1682	2202	+	10.2	0
ERVL	DR0105278	KZ525248.1	434	878	+	17.5	0
ERV1	DR0105342	KZ525269.1	2113	2363	+	13.2	0
ERVL	DR0105371	KZ525272.1	17	174	C	17.2	0
ERV4	DR0105376	KZ525272.1	1350	1520	+	5.4	0
ERV1	DR0105240	KZ525319.1	2936	3227	+	18.7	0
ERVL	DR0105341	KZ525323.1	3160	3231	C	8.3	0
ERVL	DR0105278	KZ525326.1	2047	2105	C	10.2	0
ERVL	DR0105278	KZ525326.1	2159	2565	C	16.4	0
ERVL	DR0105338	KZ525345.1	2488	3074	+	13.4	0
ERV4	DR0105376	KZ525376.1	1066	1662	C	10.1	0
ERVL	DR0105278	KZ525388.1	1481	1669	C	16.7	0
ERVL	DR0105278	KZ525388.1	1684	1940	C	17.2	0
ERVL	DR0105238	KZ525409.1	1	115	+	19.5	0
ERVL	DR0105370	KZ525410.1	91	396	C	13.4	0
ERVL	DR0105338	KZ525419.1	347	650	+	17.1	0
ERVL	DR0105327	KZ525420.1	7	392	C	7.0	0
ERV4	DR0105376	KZ525425.1	2190	2394	C	17.7	0
ERV1	DR0105240	KZ525426.1	1	151	C	4.6	0
ERVL	DR0105341	KZ525432.1	15	160	C	10.5	0
ERV1	DR0105240	KZ525434.1	1	133	+	9.0	0
ERVL	DR0105338	KZ525450.1	1	240	+	11.2	0
ERVL	DR0105315	KZ525454.1	1	280	C	16.7	0
ERVL	DR0105364	KZ525462.1	194	387	+	6.2	0
ERVL	DR0105232	KZ525462.1	1590	1945	+	15.2	0
ERVL	DR0105295	KZ525476.1	795	990	+	14.0	0
ERVL	DR0105370	KZ525476.1	991	1285	+	15.3	0
ERV1	DR0105342	KZ525480.1	1677	2357	C	17.5	0
ERVL	DR0105238	KZ525480.1	2360	2489	C	19.4	0
ERVL	DR0105358	KZ525527.1	1271	1362	+	10.9	0
ERVL	DR0105364	KZ525531.1	618	855	+	7.1	0
ERVL	DR0105358	KZ525531.1	857	1145	+	9.0	0
ERVL	DR0105338	KZ525555.1	694	1117	C	24.1	0
ERVL	DR0105238	KZ525577.1	2295	2345	C	10.0	0
ERVL	DR0105370	KZ525588.1	1	75	C	16.0	0
ERVL	DR0105370	KZ525590.1	2059	2159	C	5.9	0
ERV1	DR0105240	KZ525591.1	1787	1961	C	14.3	0
ERVL	DR0105338	KZ525634.1	2006	2281	+	27.1	0
ERV1	DR0105240	KZ525680.1	2062	2174	C	8.8	0
ERVL	DR0105312	KZ525696.1	1	45	+	13.3	0
ERVL	DR0105341	KZ525779.1	6	181	C	10.6	0
ERVL	DR0105238	KZ525802.1	1548	2078	+	10.3	0
ERV4	DR0105376	KZ525865.1	1	192	C	6.3	0
ERVL	DR0105238	KZ525865.1	273	356	+	13.1	0
ERVL	DR0105370	KZ525869.1	2	369	C	10.4	0
ERV4	DR0105376	KZ525870.1	760	937	C	28.9	0
ERV1	DR0105240	KZ525902.1	562	1201	+	16.2	0
ERV4	DR0105376	KZ525927.1	1	224	C	14.9	0
ERVL	DR0105370	KZ525951.1	1439	1957	C	18.9	0
ERVL	DR0105230	KZ525993.1	1801	1929	C	16.3	0
ERVL	DR0105261	KZ526023.1	1348	1801	+	13.2	0
ERVL	DR0105364	KZ526036.1	1484	1887	+	10.0	0
ERVL	DR0105315	KZ526064.1	209	650	+	23.6	0
ERVL	DR0105278	KZ526088.1	560	617	C	10.3	0
ERVL	DR0105238	KZ526134.1	1145	1499	C	13.8	0
ERVL	DR0105370	KZ526142.1	1066	1607	+	12.0	0
ERVL	DR0105371	KZ526163.1	1583	1707	+	21.8	0
ERVL	DR0105338	KZ526192.1	7	969	+	17.5	0
ERVL	DR0105278	KZ526198.1	1753	1904	C	16.1	0
ERVL	DR0105261	KZ526242.1	1242	1870	+	14.2	0
ERVL	DR0105371	KZ526269.1	1539	1926	+	13.5	0
ERVL	DR0105312	KZ526308.1	516	1798	C	14.0	0
ERVL	DR0105238	KZ526359.1	35	777	+	11.4	0
ERVL	DR0105238	KZ526401.1	1744	1883	+	10.7	0
ERVL	DR0105232	KZ526417.1	6	144	C	25.1	0
ERVL	DR0105326	KZ526491.1	1162	1543	+	13.1	0
ERVL	DR0105238	KZ526500.1	1	279	C	10.1	0
ERVL	DR0105312	KZ526527.1	1	1312	+	17.6	0
ERVL	DR0105370	KZ526527.1	1521	1843	C	17.8	0
ERVL	DR0105312	KZ526528.1	1	45	+	8.9	0
ERVL	DR0105238	KZ526612.1	1186	1820	C	10.0	0
ERVL	DR0105315	KZ526615.1	1509	1710	C	19.9	0
ERVL	DR0105294	KZ526671.1	305	622	C	5.3	0
ERVL	DR0105261	KZ526691.1	102	202	C	13.0	0
ERVL	DR0105338	KZ526710.1	1437	1740	C	23.2	0
ERVL	DR0105370	KZ526716.1	105	143	C	15.4	0
ERV1	DR0105321	KZ526742.1	1	283	+	8.8	0
ERVL	DR0105327	KZ526745.1	1051	1594	+	7.2	0
ERVL	DR0105312	KZ526753.1	1	1105	+	12.1	0
ERVL	DR0105371	KZ526892.1	1335	1729	C	15.4	0
ERVL	DR0105338	KZ526896.1	334	514	C	11.7	0
ERVL	DR0105358	KZ526906.1	1553	1636	+	6.0	0
ERVL	DR0105232	KZ526947.1	444	1571	C	10.9	0
ERVL	DR0105364	KZ526973.1	2	276	C	11.6	0
ERVL	DR0105358	KZ526973.1	285	345	C	13.3	0
ERV1	DR0105240	KZ526982.1	1177	1303	C	26.6	0
ERV1	DR0105240	KZ526997.1	627	812	C	26.6	0
ERVL	DR0105338	KZ527052.1	1347	1624	C	21.6	0
ERVL	DR0105232	KZ527065.1	665	1219	+	16.7	0
ERVL	DR0105238	KZ527156.1	4	245	C	8.7	0
ERVL	DR0105358	KZ527156.1	1490	1706	+	3.2	0
ERVL	DR0105232	KZ527164.1	1206	1600	+	13.4	0
ERVL	DR0105327	KZ527190.1	1	610	+	13.3	0
ERV1	DR0105240	KZ527197.1	705	1017	C	24.3	0
ERVL	DR0105341	KZ527215.1	852	1034	C	7.8	0
ERVL	DR0105294	KZ527215.1	1035	1611	+	7.5	0
ERV1	DR0105240	KZ527247.1	894	1022	+	15.5	0
ERVL	DR0105364	KZ527313.1	851	1252	+	11.3	0
ERVL	DR0105312	KZ527328.1	1	150	+	12.7	0
ERVL	DR0105358	KZ527412.1	1	145	C	4.8	0
ERVL	DR0105230	KZ527412.1	1448	1496	C	10.2	0
ERVL	DR0105338	KZ527421.1	1298	1643	+	26.7	0
ERVL	DR0105261	KZ527424.1	1490	1600	+	12.0	0
ERVL	DR0105294	KZ527427.1	973	1652	+	8.1	0
ERVL	DR0105370	KZ527447.1	1144	1492	+	21.3	0
ERVL	DR0105370	KZ527507.1	841	901	+	18.3	0
ERVL	DR0105371	KZ527551.1	824	1185	C	17.9	0
ERVL	DR0105370	KZ527578.1	707	1303	C	16.4	0
ERVL	DR0105370	KZ527596.1	126	352	+	27.7	0
ERVL	DR0105371	KZ527630.1	1	90	C	20.2	0
ERVL	DR0105358	KZ527635.1	1	32	C	6.2	0
ERVL	DR0105305	KZ527647.1	1461	1564	+	18.3	0
ERV1	DR0105321	KZ527662.1	1119	1291	C	18.1	0
ERV1	DR0105321	KZ527662.1	1327	1441	+	24.4	0
ERVL	DR0105338	KZ527670.1	1	181	C	14.9	0
ERVL	DR0105364	KZ527679.1	1	104	+	8.7	0
ERVL	DR0105327	KZ527679.1	1164	1500	+	9.2	0
ERVL	DR0105371	KZ527756.1	1161	1556	+	9.9	0
ERVL	DR0105358	KZ527759.1	1	81	C	11.1	0
ERV4	DR0105376	KZ527776.1	641	1170	C	16.3	0
ERVL	DR0105358	KZ527776.1	1337	1555	+	5.5	0
ERVL	DR0105261	KZ527812.1	1	91	C	12.7	0
ERVL	DR0105370	KZ527826.1	2	116	C	18.4	0
ERVL	DR0105358	KZ527849.1	1500	1551	+	5.8	0
ERVL	DR0105338	KZ527862.1	20	467	C	10.9	0
ERVL	DR0105371	KZ527869.1	1421	1599	C	14.1	0
ERV4	DR0105376	KZ527928.1	1	434	+	7.0	0
ERVL	DR0105278	KZ527948.1	890	1363	C	15.7	0
ERVL	DR0105338	KZ527971.1	1307	1446	C	20.3	0
ERVL	DR0105338	KZ527971.1	1467	1524	C	19.0	0
ERVL	DR0105364	KZ527988.1	1	449	C	16.0	0
ERVL	DR0105371	KZ528149.1	1381	1503	C	12.4	0
ERVL	DR0105312	KZ528175.1	1111	1476	+	23.6	0
ERVL	DR0105230	KZ528184.1	1259	1309	+	15.7	0
ERVL	DR0105338	KZ528215.1	1	959	C	14.9	0
ERVL	DR0105238	KZ528219.1	1	455	+	11.9	0
ERVL	DR0105230	KZ528279.1	1	244	+	13.9	0
ERVL	DR0105358	KZ528283.1	1362	1436	C	14.7	0
ERVL	DR0105294	KZ528353.1	1490	1538	+	12.2	0
ERVL	DR0105358	KZ528358.1	6	421	+	4.3	0
ERVL	DR0105358	KZ528379.1	5	648	C	9.9	0
ERVL	DR0105294	KZ528415.1	1128	1470	+	7.6	0
ERVL	DR0105295	KZ528426.1	440	572	+	24.2	0
ERVL	DR0105370	KZ528426.1	581	1035	+	29.9	0
ERVL	DR0105338	KZ528441.1	5	139	+	8.3	0
ERVL	DR0105338	KZ528459.1	499	1488	+	16.5	0
ERVL	DR0105338	KZ528477.1	1	110	+	18.2	0
ERVL	DR0105261	KZ528546.1	1075	1512	+	15.2	0
ERV4	DR0105376	KZ528612.1	830	889	C	22.0	0
ERVL	DR0105238	KZ528646.1	1283	1344	+	3.2	0
ERV1	DR0105342	KZ528649.1	1432	1507	C	14.5	0
ERVL	DR0105371	KZ528661.1	11	129	+	3.4	0
ERV4	DR0105376	KZ528664.1	1	148	+	6.2	0
ERVL	DR0105278	KZ528668.1	1102	1413	+	12.5	0
ERVL	DR0105338	KZ528686.1	3	261	+	12.8	0
ERVL	DR0105370	KZ528686.1	320	1062	+	18.7	0
ERVL	DR0105371	KZ528701.1	435	999	C	15.3	0
ERV1	DR0105342	KZ528764.1	132	346	+	12.3	0
ERVL	DR0105312	KZ528764.1	347	832	+	16.3	0
ERV1	DR0105342	KZ528764.1	1433	1496	C	17.2	0
ERV4	DR0105376	KZ528807.1	835	1458	C	6.8	0
ERV1	DR0105321	KZ528809.1	814	911	+	10.2	0
ERVL	DR0105370	KZ528812.1	1	233	C	15.0	0
ERVL	DR0105358	KZ528821.1	1	52	+	1.9	0
ERVL	DR0105338	KZ528836.1	1	163	+	9.2	0
ERVL	DR0105278	KZ528886.1	1257	1483	+	14.6	0
ERV4	DR0105376	KZ528915.1	974	1420	+	9.1	0
ERVL	DR0105341	KZ528920.1	1	34	+	2.9	0
ERVL	DR0105338	KZ528923.1	1	396	+	16.8	0
ERVL	DR0105326	KZ528930.1	910	1256	C	17.3	0
ERV4	DR0105376	KZ528964.1	557	1285	C	19.0	0
ERV4	DR0105376	KZ529018.1	580	1112	C	13.0	0
ERV1	DR0105240	KZ529019.1	1257	1375	C	27.3	0
ERVL	DR0105358	KZ529055.1	259	329	+	12.7	0
ERV1	DR0105240	KZ529055.1	1395	1469	C	14.7	0
ERVL	DR0105370	KZ529078.1	325	426	C	25.5	0
ERVL	DR0105370	KZ529133.1	1136	1414	C	17.3	0
ERVL	DR0105364	KZ529153.1	1393	1460	C	10.3	0
ERVL	DR0105238	KZ529190.1	1	85	+	16.3	0
ERV1	DR0105321	KZ529194.1	944	1411	C	9.2	0
ERVL	DR0105294	KZ529242.1	1	95	+	11.6	0
ERV1	DR0105321	KZ529242.1	1239	1450	C	10.4	0
ERVL	DR0105278	KZ529246.1	308	750	+	18.6	0
ERVL	DR0105315	KZ529309.1	134	947	C	15.8	0
ERVL	DR0105238	KZ529309.1	1301	1416	+	4.3	0
ERVL	DR0105294	KZ529421.1	511	634	C	5.7	0
ERVL	DR0105358	KZ529439.1	1	133	C	3.8	0
ERVL	DR0105315	KZ529450.1	452	597	C	23.9	0
ERVL	DR0105370	KZ529535.1	9	355	C	20.2	0
ERVL	DR0105305	KZ529545.1	124	387	C	26.4	0
ERVL	DR0105341	KZ529597.1	1328	1422	+	4.2	0
ERVL	DR0105312	KZ529601.1	1	1000	C	17.9	0
ERV1	DR0105240	KZ529726.1	1	656	C	6.6	0
ERVL	DR0105370	KZ529731.1	21	607	C	22.1	0
ERVL	DR0105278	KZ529795.1	18	407	+	13.9	0
ERVL	DR0105305	KZ529854.1	4	436	+	18.7	0
ERV4	DR0105376	KZ529924.1	1306	1397	+	15.2	0
ERV4	DR0105376	KZ529949.1	1	269	+	5.6	0
ERVL	DR0105294	KZ529984.1	1	122	C	9.0	0
ERVL	DR0105338	KZ529988.1	1288	1393	C	17.9	0
ERVL	DR0105294	KZ530049.1	973	1381	+	5.4	0
ERVL	DR0105305	KZ530125.1	1171	1289	+	20.3	0
ERVL	DR0105238	KZ530127.1	664	739	+	2.7	0
ERVL	DR0105312	KZ530127.1	748	1378	+	18.9	0
ERVL	DR0105278	KZ530146.1	610	1088	C	16.8	0
ERVL	DR0105312	KZ530147.1	1	67	+	28.4	0
ERVL	DR0105312	KZ530147.1	105	1320	+	12.8	0
ERVL	DR0105312	KZ530197.1	2	944	C	13.2	0
ERV1	DR0105240	KZ530201.1	535	1138	+	8.0	0
ERVL	DR0105338	KZ530219.1	135	783	C	15.3	0
ERVL	DR0105371	KZ530225.1	21	580	+	12.8	0
ERVL	DR0105327	KZ530268.1	748	1311	C	9.8	0
ERVL	DR0105370	KZ530315.1	838	1307	+	15.2	0
ERVL	DR0105338	KZ530342.1	2	865	C	19.2	0
ERVL	DR0105370	KZ530342.1	1145	1352	C	26.9	0
ERVL	DR0105338	KZ530413.1	1278	1358	+	11.1	0
ERVL	DR0105261	KZ530446.1	968	1213	+	24.6	0
ERVL	DR0105370	KZ530478.1	161	228	+	14.9	0
ERVL	DR0105370	KZ530492.1	832	1351	C	15.0	0
ERVL	DR0105370	KZ530496.1	2	248	C	13.8	0
ERVL	DR0105341	KZ530561.1	1	189	+	7.1	0
ERV1	DR0105321	KZ530562.1	1	277	C	8.9	0
ERV1	DR0105240	KZ530665.1	282	409	+	20.0	0
ERVL	DR0105338	KZ530729.1	904	1284	C	23.1	0
ERV1	DR0105342	KZ530751.1	562	1318	+	20.5	0
ERVL	DR0105261	KZ530796.1	80	406	C	15.4	0
ERVL	DR0105341	KZ530856.1	720	1176	C	9.4	0
ERVL	DR0105364	KZ530863.1	1	335	+	11.0	0
ERVL	DR0105294	KZ530867.1	1	599	+	10.1	0
ERVL	DR0105370	KZ530886.1	899	1311	C	28.9	0
ERVL	DR0105338	KZ530892.1	1	628	C	14.1	0
ERVL	DR0105232	KZ530999.1	375	562	C	10.5	0
ERVL	DR0105371	KZ531003.1	1	563	C	12.5	0
ERVL	DR0105294	KZ531029.1	887	1121	C	10.2	0
ERVL	DR0105338	KZ531051.1	95	265	+	19.5	0
ERVL	DR0105338	KZ531051.1	275	600	+	20.9	0
ERVL	DR0105358	KZ531105.1	1	309	+	5.5	0
ERVL	DR0105312	KZ531107.1	767	1275	+	13.6	0
ERVL	DR0105358	KZ531123.1	1	142	C	4.2	0
ERVL	DR0105338	KZ531145.1	312	564	C	15.5	0
ERV1	DR0105342	KZ531168.1	642	749	C	15.7	0
ERVL	DR0105295	KZ531172.1	2	76	C	14.7	0
ERVL	DR0105341	KZ531172.1	1128	1256	+	9.4	0
ERVL	DR0105278	KZ531181.1	4	423	C	14.4	0
ERVL	DR0105278	KZ531194.1	1019	1144	C	9.6	0
ERVL	DR0105338	KZ531229.1	552	1314	+	22.7	0
ERVL	DR0105370	KZ531266.1	206	306	C	21.8	0
ERVL	DR0105327	KZ531272.1	148	322	+	8.6	0
ERV4	DR0105376	KZ531311.1	1	217	+	6.5	0
ERV1	DR0105342	KZ531356.1	554	780	C	15.3	0
ERV1	DR0105342	KZ531356.1	874	1207	C	15.9	0
ERVL	DR0105341	KZ531357.1	1141	1305	C	8.5	0
ERVL	DR0105338	KZ531448.1	143	369	+	8.1	0
ERV4	DR0105376	KZ531541.1	1	292	+	10.8	0
ERVL	DR0105327	KZ531555.1	481	618	+	13.1	0
ERVL	DR0105370	KZ531568.1	101	494	C	17.0	0
ERVL	DR0105371	KZ531568.1	505	611	C	17.9	0
ERVL	DR0105278	KZ531568.1	716	1098	+	17.6	0
ERVL	DR0105315	KZ531610.1	270	321	C	25.0	0
ERVL	DR0105278	KZ531637.1	705	1187	+	21.9	0
ERVL	DR0105338	KZ531640.1	1001	1290	+	12.2	0
ERVL	DR0105294	KZ531707.1	2	248	C	8.8	0
ERVL	DR0105232	KZ531740.1	1	564	C	11.7	0
ERVL	DR0105338	KZ531741.1	71	597	+	13.8	0
ERVL	DR0105312	KZ531763.1	1	617	C	15.6	0
ERVL	DR0105312	KZ531763.1	633	1174	C	14.8	0
ERVL	DR0105338	KZ531784.1	634	875	C	18.4	0
ERVL	DR0105371	KZ531797.1	4	493	C	11.6	0
ERVL	DR0105327	KZ531837.1	925	1029	C	18.1	0
ERVL	DR0105238	KZ531839.1	1	64	C	9.5	0
ERVL	DR0105370	KZ531850.1	1051	1096	C	15.2	0
ERVL	DR0105364	KZ531913.1	726	1005	+	10.4	0
ERVL	DR0105371	KZ531940.1	126	691	C	18.8	0
ERVL	DR0105358	KZ532006.1	1124	1179	+	5.4	0
ERVL	DR0105370	KZ532023.1	963	1169	C	27.9	0
ERVL	DR0105312	KZ532027.1	589	1253	C	12.3	0
ERV1	DR0105321	KZ532060.1	1	429	C	14.2	0
ERV1	DR0105321	KZ532197.1	740	984	+	25.9	0
ERV1	DR0105321	KZ532197.1	1061	1120	+	16.1	0
ERVL	DR0105364	KZ532251.1	1	199	+	10.6	0
ERV4	DR0105376	KZ532304.1	1145	1208	C	12.5	0
ERVL	DR0105327	KZ532315.1	1	382	C	7.7	0
ERV4	DR0105376	KZ532354.1	301	492	+	20.4	0
ERVL	DR0105294	KZ532443.1	1	174	C	9.2	0
ERVL	DR0105371	KZ532485.1	684	1210	C	15.0	0
ERVL	DR0105326	KZ532502.1	726	839	+	8.2	0
ERVL	DR0105230	KZ532502.1	862	1185	+	14.9	0
ERVL	DR0105371	KZ532599.1	1	413	C	14.9	0
ERVL	DR0105278	KZ532645.1	580	792	C	9.9	0
ERVL	DR0105364	KZ532654.1	1	349	+	14.1	0
ERVL	DR0105364	KZ532681.1	78	693	+	14.0	0
ERV4	DR0105376	KZ532695.1	1	129	+	5.4	0
ERV4	DR0105376	KZ532695.1	240	437	C	12.4	0
ERVL	DR0105364	KZ532723.1	1133	1233	+	5.9	0
ERVL	DR0105364	KZ532733.1	588	685	+	3.1	0
ERVL	DR0105364	KZ532733.1	1106	1176	+	5.6	0
ERVL	DR0105238	KZ532795.1	3	103	+	16.0	0
ERVL	DR0105371	KZ532826.1	1065	1228	+	13.6	0
ERVL	DR0105341	KZ532872.1	1	191	+	6.3	0
ERVL	DR0105294	KZ532918.1	2	240	C	8.4	0
ERVL	DR0105326	KZ532993.1	835	1160	C	11.1	0
ERVL	DR0105371	KZ533022.1	994	1219	+	20.4	0
ERVL	DR0105232	KZ533089.1	1	539	C	11.4	0
ERVL	DR0105312	KZ533089.1	540	670	+	18.3	0
ERVL	DR0105358	KZ533089.1	934	1217	+	7.8	0
ERVL	DR0105358	KZ533102.1	1	376	+	5.0	0
ERVL	DR0105238	KZ533112.1	1075	1154	C	24.7	0
ERVL	DR0105312	KZ533117.1	2	882	C	15.5	0
ERVL	DR0105312	KZ533128.1	1	557	C	20.6	0
ERVL	DR0105358	KZ533182.1	1	529	+	8.1	0
ERVL	DR0105358	KZ533207.1	1	74	C	8.1	0
ERVL	DR0105278	KZ533273.1	1	362	+	17.7	0
ERVL	DR0105338	KZ533281.1	826	1162	+	12.2	0
ERVL	DR0105338	KZ533282.1	2	809	C	16.1	0
ERVL	DR0105278	KZ533294.1	825	1160	C	15.1	0
ERVL	DR0105315	KZ533302.1	1	460	+	22.5	0
ERVL	DR0105326	KZ533304.1	970	1192	C	21.0	0
ERV4	DR0105376	KZ533309.1	1	76	C	6.7	0
ERVL	DR0105261	KZ533386.1	1	279	C	12.6	0
ERVL	DR0105305	KZ533441.1	868	1151	C	31.2	0
ERVL	DR0105338	KZ533442.1	318	388	+	21.4	0
ERV4	DR0105376	KZ533600.1	563	1064	+	15.0	0
ERV4	DR0105376	KZ533635.1	33	667	+	15.4	0
ERVL	DR0105312	KZ533687.1	1	1130	C	10.6	0
ERVL	DR0105315	KZ533724.1	1	291	+	23.8	0
ERVL	DR0105327	KZ533755.1	150	301	+	10.5	0
ERVL	DR0105278	KZ533782.1	1067	1185	+	14.3	0
ERVL	DR0105294	KZ533783.1	1	129	+	10.8	0
ERVL	DR0105364	KZ533783.1	808	1143	C	12.2	0
ERVL	DR0105358	KZ533795.1	142	300	+	5.0	0
ERVL	DR0105278	KZ533852.1	274	325	+	7.7	0
ERVL	DR0105278	KZ533852.1	506	948	+	15.8	0
ERVL	DR0105278	KZ533910.1	1	503	+	13.2	0
ERVL	DR0105312	KZ533933.1	1	1078	+	11.1	0
ERVL	DR0105238	KZ533954.1	38	792	+	9.5	0
ERVL	DR0105261	KZ533954.1	795	1120	+	14.0	0
ERVL	DR0105294	KZ533957.1	1	552	C	14.6	0
ERVL	DR0105312	KZ534051.1	1	213	C	17.4	0
ERVL	DR0105338	KZ534233.1	930	1111	C	7.2	0
ERVL	DR0105312	KZ534236.1	865	1086	C	20.3	0
ERVL	DR0105364	KZ534247.1	553	741	+	15.3	0
ERVL	DR0105364	KZ534267.1	707	1172	C	15.0	0
ERVL	DR0105315	KZ534291.1	722	1107	C	21.2	0
ERVL	DR0105358	KZ534295.1	1	59	+	11.9	0
ERVL	DR0105338	KZ534316.1	2	125	+	27.7	0
ERVL	DR0105305	KZ534316.1	131	302	+	25.9	0
ERVL	DR0105278	KZ534328.1	1	230	C	18.9	0
ERVL	DR0105338	KZ534363.1	800	1139	C	14.2	0
ERVL	DR0105370	KZ534395.1	999	1093	C	17.9	0
ERVL	DR0105358	KZ534441.1	1	93	C	8.6	0
ERVL	DR0105370	KZ534441.1	95	139	C	8.9	0
ERV4	DR0105376	KZ534502.1	849	1160	C	5.8	0
ERVL	DR0105238	KZ534510.1	1	154	C	9.8	0
ERVL	DR0105232	KZ534520.1	335	1082	C	16.0	0
ERVL	DR0105371	KZ534602.1	551	884	+	14.0	0
ERVL	DR0105358	KZ534654.1	510	965	+	8.3	0
ERVL	DR0105312	KZ534667.1	896	1136	C	16.6	0
ERVL	DR0105364	KZ534685.1	1000	1094	+	10.5	0
ERVL	DR0105358	KZ534726.1	763	1063	+	9.3	0
ERVL	DR0105370	KZ534736.1	1003	1098	+	17.7	0
ERVL	DR0105364	KZ534753.1	754	1090	C	15.8	0
ERVL	DR0105315	KZ534834.1	610	942	+	20.6	0
ERV1	DR0105321	KZ534836.1	900	1142	C	10.7	0
ERVL	DR0105312	KZ534912.1	2	572	+	21.2	0
ERVL	DR0105312	KZ534912.1	598	1040	+	22.0	0
ERV1	DR0105321	KZ534959.1	617	1143	+	11.3	0
ERVL	DR0105312	KZ534960.1	783	994	C	17.4	0
ERVL	DR0105315	KZ534991.1	725	1139	C	21.0	0
ERVL	DR0105278	KZ535052.1	8	520	C	17.3	0
ERVL	DR0105371	KZ535080.1	442	787	+	16.5	0
ERVL	DR0105294	KZ535091.1	978	1069	+	9.8	0
ERVL	DR0105261	KZ535102.1	1	185	C	10.4	0
ERVL	DR0105338	KZ535135.1	14	1091	+	15.2	0
ERVL	DR0105312	KZ535163.1	658	1135	+	10.0	0
ERVL	DR0105338	KZ535219.1	866	1011	C	13.7	0
ERVL	DR0105278	KZ535282.1	5	174	C	14.8	0
ERVL	DR0105238	KZ535282.1	941	1115	C	19.2	0
ERVL	DR0105278	KZ535297.1	218	730	+	16.0	0
ERVL	DR0105370	KZ535313.1	1	126	C	17.5	0
ERVL	DR0105370	KZ535381.1	574	1126	+	12.9	0
ERV4	DR0105376	KZ535480.1	736	1124	C	19.5	0
ERV4	DR0105376	KZ535525.1	1	204	+	6.4	0
ERVL	DR0105358	KZ535535.1	1040	1123	+	4.8	0
ERVL	DR0105238	KZ535580.1	995	1038	C	18.2	0
ERVL	DR0105364	KZ535589.1	704	1075	C	11.6	0
ERVL	DR0105358	KZ535637.1	945	1032	+	8.0	0
ERVL	DR0105312	KZ535656.1	80	885	C	21.4	0
ERVL	DR0105338	KZ535666.1	504	911	C	18.6	0
ERVL	DR0105238	KZ535707.1	602	1057	C	12.3	0
ERVL	DR0105338	KZ535753.1	585	1082	C	20.6	0
ERVL	DR0105371	KZ535831.1	113	421	+	15.8	0
ERVL	DR0105370	KZ535938.1	647	892	+	12.6	0
ERVL	DR0105238	KZ535980.1	1	228	C	11.4	0
ERVL	DR0105338	KZ536014.1	192	967	+	23.1	0
ERV1	DR0105240	KZ536059.1	338	456	+	26.5	0
ERVL	DR0105338	KZ536063.1	93	1048	C	17.7	0
ERVL	DR0105370	KZ536079.1	55	390	C	10.7	0
ERVL	DR0105338	KZ536087.1	1006	1051	+	10.9	0
ERV4	DR0105376	KZ536105.1	461	1011	+	9.4	0
ERVL	DR0105370	KZ536110.1	39	432	+	18.3	0
ERVL	DR0105364	KZ536129.1	1	516	C	17.2	0
ERVL	DR0105338	KZ536139.1	848	1101	C	11.5	0
ERVL	DR0105370	KZ536236.1	1	74	C	15.1	0
ERVL	DR0105312	KZ536291.1	444	830	+	20.3	0
ERVL	DR0105295	KZ536292.1	1	188	+	16.3	0
ERVL	DR0105338	KZ536312.1	801	1049	C	10.1	0
ERVL	DR0105230	KZ536369.1	786	1095	C	4.2	0
ERVL	DR0105358	KZ536417.1	1	133	C	2.3	0
ERVL	DR0105341	KZ536480.1	2	94	+	8.6	0
ERVL	DR0105305	KZ536558.1	267	419	C	22.7	0
ERVL	DR0105338	KZ536558.1	676	1067	C	28.0	0
ERVL	DR0105238	KZ536622.1	258	350	+	22.0	0
ERVL	DR0105261	KZ536640.1	746	1013	+	16.9	0
ERVL	DR0105230	KZ536664.1	915	971	C	10.5	0
ERVL	DR0105295	KZ536735.1	652	945	+	22.9	0
ERVL	DR0105294	KZ536740.1	697	1001	+	9.1	0
ERVL	DR0105312	KZ536756.1	1	145	+	15.3	0
ERVL	DR0105312	KZ536776.1	308	691	+	16.2	0
ERVL	DR0105371	KZ536841.1	676	1000	C	7.5	0
ERV1	DR0105321	KZ536854.1	502	1058	C	11.2	0
ERVL	DR0105338	KZ536882.1	548	886	+	18.2	0
ERVL	DR0105364	KZ536888.1	1	144	C	7.6	0
ERVL	DR0105315	KZ536939.1	32	128	+	22.7	0
ERVL	DR0105364	KZ536978.1	794	909	+	8.6	0
ERVL	DR0105327	KZ537010.1	2	620	C	21.1	0
ERVL	DR0105338	KZ537039.1	967	1012	C	6.5	0
ERVL	DR0105261	KZ537069.1	691	1046	+	15.3	0
ERVL	DR0105370	KZ537079.1	1	296	C	10.8	0
ERVL	DR0105294	KZ537089.1	1	206	+	14.9	0
ERV1	DR0105240	KZ537126.1	1	43	+	4.7	0
ERVL	DR0105238	KZ537142.1	943	1000	C	20.1	0
ERVL	DR0105338	KZ537194.1	231	1004	+	24.1	0
ERVL	DR0105370	KZ537221.1	864	1008	+	12.4	0
ERVL	DR0105312	KZ537234.1	784	1036	C	18.2	0
ERVL	DR0105364	KZ537272.1	22	73	+	0.0	0
ERV4	DR0105376	KZ537371.1	619	1030	C	7.2	0
ERVL	DR0105261	KZ537490.1	625	731	C	12.2	0
ERVL	DR0105338	KZ537495.1	266	426	C	19.4	0
ERVL	DR0105327	KZ537600.1	318	571	+	16.5	0
ERVL	DR0105371	KZ537706.1	771	1012	+	11.2	0
ERVL	DR0105312	KZ537713.1	756	961	+	17.8	0
ERVL	DR0105338	KZ537740.1	360	978	+	22.5	0
ERVL	DR0105364	KZ537749.1	586	986	+	16.8	0
ERV1	DR0105240	KZ537761.1	767	801	C	5.7	0
ERVL	DR0105232	KZ537777.1	240	950	C	24.4	0
ERV1	DR0105321	KZ537874.1	175	673	+	14.9	0
