GA	Anocar	LTR	Gypsy	DR0007157	NC_085841.1:78742355-78748048+	NC_085843.1:287689309-287695000+	21	50	0	1408,1419,1470,1659,1677,2529,2621,2702,2892,3054	1407,1418,1469,1658,1676,2528,2620,2701,2891,3053	2	7,8,9,10,11,14,15,16,17,18	796	1647	5692	21|5|1|2|0|3|9|5|1|1|0|2
GA	Anocar	LTR	Gypsy	DR0007681	NW_026943819.1:21464142-21464486+	NW_026943825.1:14370024-14370361+	16	35	0	192,206,209,225,226,71,72,73,74,77	184,199,202,218,219,69,70,71,72,75	2	1,2,3,4,5,8,9,10,11,12	43	151	315	16|0|0|0|4|2|8|2|1|1|0|1
GA	Anocar	LTR	Gypsy	DR0007617	NC_085841.1:209826926-209827771+	NC_085843.1:93611868-93613053+	22	59	0	114,152,173,362,363,368,409,430,74,87	114,152,173,362,363,368,402,423,74,87	2	3,4,5,6,7,12,13,14,15,16	162	350	820	22|7|1|3|0|5|8|9|1|0|1|2
GA	Anocar	LTR	Gypsy	DR0007617	NC_085842.1:74895727-74896612-	NC_085843.1:102028315-102029499-	29	78	0	361,362,368,392,401,608,614,625,659,677	361,362,368,392,401,608,614,625,659,672	2	10,11,12,13,14,22,23,24,25,26	106	312	851	29|12|3|4|2|2|11|6|0|1|1|7
GA	Anocar	LTR	Gypsy	DR0007617	NC_085842.1:235336137-235337480+	NC_085844.1:121317635-121318910+	21	63	0	259,264,277,328,330,347,367,381,382,395	259,264,277,328,330,347,367,381,382,395	1	4,5,6,7,8,9,10,11,12,13	137	137	936	21|5|2|3|2|3|15|4|0|3|0|5
GA	Anocar	LTR	Gypsy	DR0007555	NC_085841.1:278249097-278254769-	NW_026943822.1:11345171-11350855+	52	155	0	1000,1009,1111,1151,1193,2173,2191,2194,2257,2269,930,953,974	1012,1021,1123,1163,1205,2185,2203,2206,2269,2281,942,965,986	2	12,13,14,15,16,17,18,19,26,27,28,29,30	361	1340	5678	52|19|3|7|5|0|32|19|2|10|3|3
GA	Anocar	LTR	Gypsy	DR0007555	NC_085841.1:278249097-278254769-	NC_085844.1:38644471-38650155-	56	162	0	1000,1009,1111,1151,2173,2191,2194,2257,2269,930,974	1012,1021,1123,1163,2185,2203,2206,2269,2281,942,986	2	15,16,17,18,19,20,28,29,30,31,32	319	1340	5678	56|20|4|5|6|0|36|19|0|9|3|4
GA	Anocar	LTR	Gypsy	DR0007555	NC_085841.1:278249097-278254769-	NC_085841.1:347539490-347544803-	38	111	0	1000,1009,1013,1074,1081,1120,1151,1189,1250,874,930	1002,1011,1015,1076,1083,1122,1153,1191,1252,876,932	2	8,9,10,11,12,13,14,15,16,17,18	378	377	5314	38|15|2|4|6|0|24|14|0|3|3|2
GA	Anocar	LTR	Gypsy	DR0007777	NC_085842.1:68636786-68637574+	NC_085844.1:82747876-82748656-	21	55	0	123,131,138,175,193,63,69,70,8,94,98	123,131,138,174,192,63,69,70,8,94,98	2	1,2,3,4,5,6,7,8,9,10,11	186	185	783	21|9|2|0|1|3|4|4|1|5|2|3
GA	Anocar	LTR	Gypsy	DR0007277	NC_085841.1:179228054-179234396-	NW_026943820.1:23608885-23615223-	22	65	0	130,151,18,37,5095,5211,5230,5257,5290,5323,5344,64,97	130,151,18,37,5093,5209,5228,5255,5288,5321,5342,64,97	2	1,2,3,4,5,6,15,16,17,18,19,20,21	384	5325	6340	22|10|0|4|5|1|13|6|0|0|1|3
GA	Anocar	LTR	Gypsy	DR0007277	NC_085841.1:179228054-179234396-	NW_026943822.1:8395960-8402300-	22	66	0	130,151,18,37,5137,5211,5230,5257,5290,5323,5344,64,97	130,151,18,37,5136,5210,5229,5256,5289,5322,5343,64,97	2	1,2,3,4,5,6,15,16,17,18,19,20,21	342	5326	6341	22|12|0|2|3|1|14|7|0|0|1|4
GA	Anocar	LTR	Gypsy	DR0007277	NC_085841.1:179228054-179234396-	NC_085845.1:51999070-52005408-	23	69	0	130,151,18,37,5211,5230,5257,5290,5323,5344,64,97	130,151,18,37,5209,5228,5255,5288,5321,5342,64,97	2	1,2,3,4,5,6,17,18,19,20,21,22	268	5325	6340	23|11|0|4|6|1|13|6|0|0|1|4
GA	Anocar	LTR	Gypsy	DR0007277	NC_085841.1:179228054-179234396-	NW_026943825.1:7704650-7710988-	25	71	0	130,151,18,37,5211,5230,5257,5290,5323,5344,64,97	130,151,18,37,5209,5228,5255,5288,5321,5342,64,97	2	1,2,3,4,5,6,18,19,20,21,22,23	268	5325	6340	25|10|0|5|5|1|14|6|0|1|2|2
GA	Anocar	LTR	Gypsy	DR0007777	NC_085842.1:103202600-103203469-	NC_085844.1:82747876-82748656-	17	47	0	131,172,30,48,64,65,76,87,94,99	131,174,30,48,64,65,76,87,94,99	1	1,2,3,4,5,6,7,8,9,10	145	145	794	17|4|3|4|1|1|5|4|0|1|3|4
GA	Anocar	LTR	Gypsy	DR0007617	NC_085843.1:116634891-116636138-	NC_085846.1:44263913-44265082+	21	60	0	310,362,368,376,397,540,546,560,566,583	310,347,353,361,382,521,527,538,544,561	2	5,6,7,8,9,12,13,14,15,16	114	252	811	21|7|0|5|2|1|9|8|1|3|0|3
GA	Anocar	LTR	Gypsy	DR0007777	NC_085843.1:82221674-82222486+	NC_085845.1:125520148-125520544+	19	45	0	104,117,122,127,145,23,24,32,58,59,76	110,123,128,133,151,24,25,35,61,62,83	2	1,2,3,4,5,6,8,9,10,11,12	102	128	390	19|4|0|4|0|2|10|3|0|0|2|1
GA	Anocar	LTR	Gypsy	DR0007777	NC_085843.1:82221674-82222486+	NW_026943824.1:8672359-8672753+	17	45	0	104,117,122,127,145,23,24,32,59,76	107,120,125,130,148,24,25,35,61,80	2	1,2,3,4,5,6,7,8,9,10	126	125	389	17|5|0|3|0|2|11|3|1|0|2|1
GA	Anocar	LTR	Gypsy	DR0007777	NC_085843.1:82221674-82222486+	NW_026943824.1:59421-59812+	19	50	0	104,117,122,127,145,23,24,32,58,59	106,119,124,129,147,24,25,35,61,62	2	1,2,3,4,5,8,9,10,11,12	81	124	388	19|5|0|4|0|2|14|3|0|0|2|1
GA	Anocar	LTR	Gypsy	DR0007777	NC_085843.1:82221674-82222486+	NC_085846.1:776706-777099-	19	47	0	104,117,122,127,145,23,24,32,58,59,76	109,122,127,132,150,24,25,35,61,62,82	2	1,2,3,4,5,6,7,8,9,10,11	128	127	389	19|4|0|4|1|2|10|2|0|0|4|1
GA	Anocar	LTR	Gypsy	DR0007777	NC_085843.1:82221674-82222486+	NC_085846.1:1186484-1186875+	19	45	0	104,117,122,127,145,173,197,23,24,32,58,59,76	109,122,127,132,150,175,201,24,25,35,61,62,82	2	1,2,3,4,5,6,7,8,9,10,11,12,13	179	178	388	19|3|0|4|1|2|10|2|0|0|3|1
GA	Anocar	LTR	Gypsy	DR0007777	NC_085843.1:206673940-206674842+	NC_085844.1:82747876-82748656-	16	47	0	131,172,30,48,64,65,76,87,94,99	131,174,30,48,64,65,76,87,94,99	1	1,2,3,4,5,6,7,8,9,10	145	145	783	16|5|3|3|1|0|8|4|0|1|2|4
GA	Anocar	LTR	Gypsy	DR0007777	NC_085843.1:283909145-283909952+	NC_085845.1:125520148-125520544+	16	46	0	100,113,118,123,141,23,24,32,54,55,72	110,123,128,133,151,24,25,35,61,62,83	2	1,2,3,4,5,6,8,9,10,11,12	102	128	388	16|3|0|5|0|1|11|7|1|0|2|0
GA	Anocar	LTR	Gypsy	DR0007777	NC_085843.1:283909145-283909952+	NW_026943824.1:59421-59812+	17	51	0	100,113,118,123,141,23,24,32,54,55	106,119,124,129,147,24,25,35,61,62	2	1,2,3,4,5,8,9,10,11,12	81	124	385	17|5|0|4|0|1|14|7|0|0|2|1
GA	Anocar	LTR	Gypsy	DR0007777	NC_085843.1:283909145-283909952+	NC_085846.1:776706-777099-	17	48	0	100,113,118,123,141,23,24,32,54,55,72	109,122,127,132,150,24,25,35,61,62,82	2	1,2,3,4,5,6,7,8,9,10,11	128	127	386	17|4|0|4|1|1|10|6|0|0|4|1
GA	Anocar	LTR	Gypsy	DR0007777	NC_085843.1:283909145-283909952+	NC_085846.1:1186484-1186875+	17	46	0	100,113,118,123,141,169,23,24,32,54,55,72	109,122,127,132,150,175,24,25,35,61,62,82	2	1,2,3,4,5,6,7,8,9,10,11,12	153	152	385	17|3|0|4|1|1|10|6|0|0|3|1
GA	Anocar	LTR	Gypsy	DR0007617	NC_085845.1:101585146-101585957-	NW_026943821.1:10091471-10092543-	37	93	0	542,543,555,561,595,630,631,632,634,635,641	537,538,550,556,590,625,626,627,629,630,636	2	25,26,27,28,29,30,31,32,33,34,35	101	100	780	37|11|4|5|3|1|13|6|1|5|1|6
GA	Anocar	LTR	Gypsy	DR0007777	NW_026943818.1:29419581-29420129+	NW_026943824.1:59421-59812+	17	41	0	117,122,127,145,191,198,23,24,32,43,60	119,124,129,147,193,202,24,25,35,46,61	2	1,2,3,4,5,8,9,10,11,12,13	122	179	388	17|3|0|4|0|2|9|2|0|0|2|2
GA	Anocar	LTR	Gypsy	DR0007777	NW_026943818.1:29419581-29420129+	NW_026943825.1:13280067-13280458-	19	43	0	117,122,127,145,191,198,58,59,60,74,76,81	118,123,128,146,191,200,58,59,60,76,78,83	2	5,6,7,8,9,10,11,12,13,14,15,16	144	143	388	19|3|0|2|1|2|7|4|0|0|3|2
GA	Anocar	LTR	Gypsy	DR0007777	NW_026943818.1:29419581-29420129+	NW_026943824.1:19935906-19936303+	19	42	0	117,122,127,145,191,198,206,58,59,60,74,76,81	123,128,133,151,197,206,214,62,63,64,81,83,88	2	4,5,6,7,8,9,10,11,12,13,14,15,16	154	153	391	19|1|0|4|0|2|7|4|1|0|2|2
GA	Anocar	LTR	Gypsy	DR0007777	NW_026943818.1:29419581-29420129+	NW_026943822.1:3978742-3979132-	19	43	0	117,122,127,145,191,198,59,60,74,76,81	121,126,131,149,195,204,61,62,79,81,86	2	4,5,6,7,8,9,10,11,12,13,14	145	144	384	19|2|1|5|0|3|6|2|0|0|3|2
GA	Anocar	LTR	Gypsy	DR0007997	NC_085841.1:78387859-78389143+	NC_085843.1:32665681-32667152+	23	50	0	298,312,333,381,394,497,519,529,544,549	298,312,333,381,394,497,519,529,544,549	2	6,7,8,9,10,13,14,15,16,17	150	252	794	23|2|4|0|1|1|5|10|1|0|2|1
GA	Anocar	LTR	Gypsy	DR0007997	NC_085841.1:256111239-256112536+	NC_085846.1:52672196-52673546-	23	50	0	23,237,245,249,267,272,28,29,37,40	23,234,242,246,264,269,28,29,37,40	2	1,2,3,4,5,11,12,13,14,15	54	247	463	23|2|1|1|2|5|9|4|0|0|0|3
GA	Anocar	LTR	Gypsy	DR0007277	NC_085841.1:283577829-283584167-	NW_026943825.1:7704650-7710988-	16	47	0	130,37,432,478,5228,5288,530,5321,5623,5669,5721,97	130,37,432,478,5228,5288,530,5321,5623,5669,5721,97	2	1,2,3,4,5,6,11,12,13,14,15,16	988	5685	6338	16|6|0|3|5|1|4|6|0|2|2|2
GA	Anocar	LTR	Gypsy	DR0007997	NC_085841.1:275178973-275180268+	NC_085843.1:32665681-32667152+	31	92	0	294,322,331,335,342,354,355,470,485,490,502,505	353,381,390,394,401,413,414,529,544,549,561,564	2	9,10,11,12,13,14,15,20,21,22,23,24	98	212	818	31|11|3|2|4|0|14|10|3|5|4|5
GA	Anocar	LTR	Gypsy	DR0007997	NC_085842.1:189996336-189997365-	NC_085843.1:32665681-32667152+	24	70	0	164,192,201,205,212,340,355,360,372,375	353,381,390,394,401,529,544,549,561,564	2	5,6,7,8,9,14,15,16,17,18	85	212	603	24|7|4|2|3|2|11|7|2|3|3|2
GA	Anocar	LTR	Gypsy	DR0007555	NC_085844.1:34748470-34754142+	NW_026943822.1:11345171-11350855+	47	141	0	1000,1111,1121,1151,1193,2068,2116,2173,2191,2194,2269,2327	1012,1123,1133,1163,1205,2080,2128,2185,2203,2206,2281,2339	2	13,14,15,16,17,24,25,26,27,28,29,30	454	1328	5678	47|13|3|9|3|1|28|20|2|10|2|3
GA	Anocar	LTR	Gypsy	DR0007555	NC_085844.1:179691691-179697351-	NW_026943822.1:11345171-11350855+	51	153	0	1000,1111,1151,1193,2173,2191,2194,2257,2269,930,953,974	1012,1123,1163,1205,2185,2203,2206,2269,2281,942,965,986	2	12,13,14,15,16,17,18,25,26,27,28,29	361	1340	5672	51|19|3|7|5|0|31|18|2|10|4|3
GA	Anocar	LTR	Gypsy	DR0007157	NC_085842.1:172053913-172059606+	NC_085843.1:287689309-287695000+	19	49	0	1082,1101,1127,1408,1635,1659,1677,1848,2529,2702,2880,2892,3054	1081,1100,1126,1407,1634,1658,1676,1847,2528,2701,2879,2891,3053	2	3,4,5,6,7,8,9,10,13,14,15,16,17	1293	1973	5692	19|7|0|1|1|4|8|5|1|0|1|2
GA	Anocar	LTR	Gypsy	DR0007277	NC_085842.1:26419491-26425829-	NW_026943820.1:23608885-23615223-	22	64	0	139,18,37,5017,5093,5209,5228,5255,5288,5330,64,97	139,18,37,5017,5093,5209,5228,5255,5288,5330,64,97	2	1,2,3,4,5,14,15,16,17,18,19,20	436	5313	6338	22|10|0|4|5|1|11|8|0|0|1|2
GA	Anocar	LTR	Gypsy	DR0007277	NC_085842.1:26419491-26425829-	NC_085846.1:19020682-19027020+	22	65	0	139,18,37,5017,5209,5228,5255,5288,5330,64,97	139,18,37,5017,5209,5228,5255,5288,5330,64,97	2	1,2,3,4,5,15,16,17,18,19,20	436	5313	6338	22|11|0|4|5|1|10|8|0|1|1|2
GA	Anocar	LTR	Gypsy	DR0007277	NC_085842.1:26419491-26425829-	NW_026943822.1:8395960-8402300-	22	65	0	139,18,37,5017,5135,5209,5228,5255,5288,5330,64,97	139,18,37,5018,5136,5210,5229,5256,5289,5331,64,97	2	1,2,3,4,5,14,15,16,17,18,19,20	436	5314	6339	22|12|0|2|3|1|12|9|0|0|1|3
GA	Anocar	LTR	Gypsy	DR0007277	NC_085842.1:26419491-26425829-	NC_085845.1:51999070-52005408-	23	68	0	139,18,37,5017,5209,5228,5255,5288,5330,64,97	139,18,37,5017,5209,5228,5255,5288,5330,64,97	2	1,2,3,4,5,16,17,18,19,20,21	436	5313	6338	23|11|0|4|6|1|11|8|0|0|1|3
GA	Anocar	LTR	Gypsy	DR0007277	NC_085842.1:26419491-26425829-	NW_026943825.1:7704650-7710988-	25	72	0	139,18,37,5017,5209,5228,5255,5288,5330,64,97	139,18,37,5017,5209,5228,5255,5288,5330,64,97	2	1,2,3,4,5,17,18,19,20,21,22	436	5313	6338	25|10|0|5|5|1|10|8|0|3|2|3
GA	Anocar	LTR	Gypsy	DR0007277	NC_085842.1:26419491-26425829-	NC_085845.1:53305993-53312331+	24	72	0	139,18,37,5017,5209,5228,5255,5288,5330,64,97	139,18,37,5017,5209,5228,5255,5288,5330,64,97	2	1,2,3,4,5,16,17,18,19,20,21	436	5313	6338	24|11|0|6|5|1|14|7|0|1|1|2
GA	Anocar	LTR	Gypsy	DR0007277	NC_085842.1:26419491-26425829-	NC_085842.1:108588463-108594801-	26	78	0	18,36,37,5017,5209,5227,5228,5255,5288,64,97	18,36,37,5017,5209,5227,5228,5255,5288,64,97	2	1,2,3,4,5,17,18,19,20,21,22	352	5271	6338	26|12|0|2|4|2|17|11|0|1|1|2
GA	Anocar	LTR	Gypsy	DR0007102	NC_085841.1:236775769-236781786-	NW_026943820.1:13296815-13303036-	66	148	0	3147,3148,3156,3157,3183,3189,3234,3592,3629,3662,3760,3827,3828,3851,3853,3904,3985,5120,5122,5131,5134,5135	3138,3139,3147,3148,3174,3180,3225,3583,3620,3653,3751,3820,3821,3844,3846,3897,3978,5113,5115,5124,5127,5128	3	28,29,30,31,32,33,34,37,38,39,40,41,42,43,44,45,46,58,59,60,61,62	500	1991	6013	66|29|2|3|5|3|15|14|3|3|4|1
GA	Anocar	LTR	Gypsy	DR0006963	NC_085842.1:282963058-282968352-	NC_085845.1:41555186-41560501-	24	65	0	2888,2922,2996,3159,3324,4790,5073,5098,5105,5114,5116	2888,2922,2996,3159,3324,4811,5094,5119,5126,5135,5137	2	12,13,14,15,16,19,20,21,22,23,24	764	2250	5296	24|10|0|2|0|1|13|8|2|1|1|3
GA	Anocar	LTR	Gypsy	DR0006963	NC_085842.1:282963058-282968352-	NC_085845.1:104281593-104286910+	48	138	0	2825,2834,2885,3016,3044,3101,3119,3230,3359,3422	2826,2835,2886,3017,3045,3102,3120,3231,3360,3423	1	26,27,28,29,30,31,32,33,34,35	598	598	5297	48|12|2|3|2|4|26|23|3|6|8|1
GA	Anocar	LTR	Gypsy	DR0006963	NC_085843.1:2637253-2642567+	NC_085845.1:41555186-41560501-	21	57	0	2888,2922,2996,3158,3323,4810,5093,5125,5134,5136	2888,2922,2996,3159,3324,4811,5094,5126,5135,5137	2	9,10,11,12,13,17,18,19,20,21	764	2250	5314	21|11|0|2|1|0|10|6|0|2|1|3
GA	Anocar	LTR	Gypsy	DR0007157	NC_085843.1:189242727-189245220-	NC_085846.1:62191614-62197307+	46	137	0	2239,2271,2274,2275,2335,484,492,535,552,588	2248,2280,2283,2284,2344,493,501,544,561,597	2	9,10,11,12,13,40,41,42,43,44	202	1852	2497	46|14|2|1|7|6|28|16|1|4|9|3
GA	Anocar	LTR	Gypsy	DR0007157	NC_085843.1:189242727-189245220-	NC_085844.1:10995075-11000768+	48	143	0	2271,2274,2275,2335,2344,484,492,535,552,588	2280,2283,2284,2344,2353,493,501,544,561,597	2	11,12,13,14,15,42,43,44,45,46	179	1861	2497	48|13|1|1|7|6|29|19|1|4|9|5
GA	Anocar	LTR	Gypsy	DR0007157	NC_085843.1:189242727-189245220-	NW_026943982.1:15346-21026+	47	135	0	2271,2274,2275,2332,2335,484,492,535,552,588	2278,2281,2282,2339,2342,495,503,546,563,599	2	10,11,12,13,14,41,42,43,44,45	170	1848	2496	47|13|2|1|6|6|27|16|2|4|9|2
GA	Anocar	LTR	Gypsy	DR0006963	NC_085843.1:29277330-29282647+	NW_026943820.1:24008709-24014026+	48	135	0	1365,1374,1474,1564,1582,1606,4830,4833,4843,4900,4922	1365,1374,1474,1564,1582,1606,4830,4833,4843,4900,4922	2	5,6,7,8,9,10,43,44,45,46,47	335	3558	5317	48|18|1|8|3|0|35|9|2|8|1|2
GA	Anocar	LTR	Gypsy	DR0007157	NC_085843.1:269833364-269839057+	NC_085843.1:287689309-287695000+	19	42	0	1082,1408,1419,1659,1677,1848,2529,2621,2702,2892,3054	1081,1407,1418,1658,1676,1847,2528,2620,2701,2891,3053	2	4,5,6,7,8,9,11,12,13,14,15	1293	1973	5692	19|4|0|1|0|2|7|5|1|1|0|2
GA	Anocar	LTR	Gypsy	DR0007157	NC_085844.1:128568716-128574402+	NC_085844.1:243383426-243389112+	12	24	0	2655,2780,2865,3111,3477,4046,4149,4771,5210,5281	2655,2780,2865,3111,3477,4046,4149,4771,5210,5281	2	3,4,5,6,7,8,9,10,11,12	2628	2627	5686	12|3|0|0|0|0|7|0|0|1|1|0
GA	Anocar	LTR	Gypsy	DR0007277	NC_085842.1:309232443-309238787+	NW_026943820.1:23608885-23615223-	23	69	0	130,151,18,37,5096,5212,5231,5258,5291,5324,5345,64,97	130,151,18,37,5093,5209,5228,5255,5288,5321,5342,64,97	2	1,2,3,4,5,6,16,17,18,19,20,21,22	384	5325	6341	23|11|0|4|5|1|13|8|0|0|1|3
GA	Anocar	LTR	Gypsy	DR0007277	NC_085842.1:309232443-309238787+	NW_026943825.1:7704650-7710988-	26	75	0	130,151,18,37,5212,5231,5258,5291,5324,5345,64,97	130,151,18,37,5209,5228,5255,5288,5321,5342,64,97	2	1,2,3,4,5,6,19,20,21,22,23,24	268	5325	6341	26|11|0|5|5|1|14|8|0|1|2|2
GA	Anocar	LTR	Gypsy	DR0007229	NC_085841.1:117921823-117928210-	NC_085845.1:55442365-55448752-	15	26	0	286,319,320,389,4999,5486,5489,55,5717,5750,5751,58,5820	286,319,320,389,4999,5486,5489,55,5717,5750,5751,58,5820	2	1,2,3,4,5,6,9,10,11,12,13,14,15	1157	5766	6387	15|1|0|0|1|1|2|2|0|0|2|2
GA	Anocar	LTR	Gypsy	DR0007229	NC_085841.1:117921823-117928210-	NC_085842.1:42993028-42999415+	16	28	0	286,319,320,389,4622,4999,5486,5489,55,5717,5750,5751,58,5820	286,319,320,389,4622,4999,5486,5489,55,5717,5750,5751,58,5820	2	1,2,3,4,5,6,9,10,11,12,13,14,15,16	1534	5766	6387	16|1|0|0|2|0|1|4|0|0|2|2
GA	Anocar	LTR	Gypsy	DR0007229	NC_085841.1:117921823-117928210-	NC_085845.1:88566409-88572796+	16	29	0	286,319,320,389,4999,5486,5489,55,5717,5750,5751,58,5820	286,319,320,389,4999,5486,5489,55,5717,5750,5751,58,5820	2	1,2,3,4,5,6,10,11,12,13,14,15,16	1157	5766	6387	16|4|0|0|1|0|3|0|1|0|2|2
GA	Anocar	LTR	Gypsy	DR0007229	NC_085841.1:117921823-117928210-	NC_085842.1:52557500-52563887+	16	29	0	286,319,320,389,4999,5486,5489,55,5717,5750,5751,58,5820,5863	286,319,320,389,4999,5486,5489,55,5717,5750,5751,58,5820,5863	2	1,2,3,4,5,6,9,10,11,12,13,14,15,16	1200	5809	6387	16|2|0|0|1|0|1|5|0|0|2|2
GA	Anocar	LTR	Gypsy	DR0007229	NC_085841.1:117921823-117928210-	NC_085841.1:281816342-281822729-	17	29	0	286,319,320,389,5486,5489,55,5717,5750,5751,58,5820	286,319,320,389,5486,5489,55,5717,5750,5751,58,5820	2	1,2,3,4,5,6,12,13,14,15,16,17	670	5766	6387	17|2|0|0|1|2|1|2|0|0|0|4
GA	Anocar	LTR	Gypsy	DR0007229	NC_085841.1:117921823-117928210-	NC_085841.1:248350397-248356784+	17	29	0	286,319,320,3740,389,4432,4999,5486,5489,55,5717,5750,5751,58,5820	286,319,320,3740,389,4432,4999,5486,5489,55,5717,5750,5751,58,5820	2	1,2,3,4,5,6,9,10,11,12,13,14,15,16,17	2416	5766	6387	17|2|0|0|1|0|1|2|2|0|2|2
GA	Anocar	LTR	Gypsy	DR0007229	NC_085841.1:117921823-117928210-	NC_085841.1:157719987-157726374+	15	29	0	286,319,320,389,4999,5486,5489,55,5717,5750,5751,58,5820	286,319,320,389,4999,5486,5489,55,5717,5750,5751,58,5820	2	1,2,3,4,5,6,9,10,11,12,13,14,15	1157	5766	6387	15|0|0|0|1|2|2|4|0|1|2|2
GA	Anocar	LTR	Gypsy	DR0007229	NC_085841.1:117921823-117928210-	NC_085841.1:356755483-356761870-	16	31	0	286,319,320,389,4622,4999,5486,5489,55,5717,5750,5751,58,5820	286,319,320,389,4622,4999,5486,5489,55,5717,5750,5751,58,5820	2	1,2,3,4,5,6,9,10,11,12,13,14,15,16	1534	5766	6387	16|0|0|0|2|2|2|3|0|0|2|4
GA	Anocar	LTR	Gypsy	DR0007229	NC_085841.1:117921823-117928210-	NC_085844.1:218022794-218029181+	18	33	0	286,319,320,5486,5489,55,5717,5750,5751,58	286,319,320,5486,5489,55,5717,5750,5751,58	2	1,2,3,4,5,13,14,15,16,17	532	5697	6387	18|1|0|0|2|1|2|3|0|0|4|2
GA	Anocar	LTR	Gypsy	DR0007229	NC_085841.1:117921823-117928210-	NC_085841.1:142095664-142102051-	18	33	0	286,319,320,389,5486,5489,55,5717,5750,5751,58,5820	286,319,320,389,5486,5489,55,5717,5750,5751,58,5820	2	1,2,3,4,5,6,13,14,15,16,17,18	670	5766	6387	18|3|1|0|1|1|2|2|0|0|2|3
GA	Anocar	LTR	Gypsy	DR0007229	NC_085841.1:117921823-117928210-	NC_085845.1:39556724-39563111+	19	34	0	286,319,320,389,5486,5489,55,5717,5750,5751,58,5820	286,319,320,389,5486,5489,55,5717,5750,5751,58,5820	2	1,2,3,4,5,6,14,15,16,17,18,19	670	5766	6387	19|4|0|0|1|0|3|2|0|1|2|2
GA	Anocar	LTR	Gypsy	DR0007229	NC_085841.1:117921823-117928210-	NC_085843.1:208358690-208365077+	15	35	0	286,319,320,4999,5486,5489,55,5717,5750,5751,58	286,319,320,4999,5486,5489,55,5717,5750,5751,58	2	1,2,3,4,5,9,10,11,12,13,14	1019	5697	6387	15|4|0|0|2|2|3|3|0|1|2|3
GA	Anocar	LTR	Gypsy	DR0007229	NC_085841.1:117921823-117928210-	NC_085844.1:42875489-42881877+	17	36	0	286,319,320,389,4933,4999,5015,5486,5489,55,5717,5750,5751,58,5820	286,319,320,389,4934,5000,5016,5487,5490,55,5718,5751,5752,58,5821	2	1,2,3,4,5,6,9,10,11,12,13,14,15,16,17	1223	5767	6387	17|1|0|0|1|2|2|7|0|0|4|2
GA	Anocar	LTR	Gypsy	DR0007229	NC_085841.1:117921823-117928210-	NC_085844.1:210077016-210083325-	17	33	0	286,319,320,389,4999,5486,5489,55,5717,5750,5751,58,5820	286,319,320,389,4999,5486,5489,55,5717,5750,5751,58,5820	2	1,2,3,4,5,6,11,12,13,14,15,16,17	1157	5766	6309	17|2|0|0|1|2|3|4|0|0|2|2
GA	Anocar	LTR	Gypsy	DR0007277	NC_085843.1:186955823-186962168-	NC_085844.1:221602256-221608596-	13	32	0	1051,1052,1107,1108,6192,6245,6246,6301,6302,998	1049,1050,1105,1106,6188,6241,6242,6297,6298,996	2	1,2,3,4,5,9,10,11,12,13	222	5303	6342	13|2|0|0|0|0|4|7|2|1|0|3
GA	Anocar	LTR	Gypsy	DR0007277	NC_085843.1:186955823-186962168-	NC_085846.1:87235495-87241839+	12	33	0	1051,1052,1083,1107,1108,6245,6246,6277,6301,6302	1051,1052,1083,1107,1108,6245,6246,6277,6301,6302	2	1,2,3,4,5,8,9,10,11,12	116	5252	6344	12|2|1|0|0|1|6|5|2|1|0|3
GA	Anocar	LTR	Gypsy	DR0007102	NC_085844.1:177301547-177307787+	NW_026943820.1:13296815-13303036-	60	145	0	3654,3687,3785,3854,3855,3878,3880,5132,5134,5143,5146,5147	3620,3653,3751,3820,3821,3844,3846,5113,5115,5124,5127,5128	2	33,34,35,36,37,38,39,53,54,55,56,57	243	1509	6230	60|30|5|2|4|3|13|18|5|3|2|0
GA	Anocar	LTR	Gypsy	DR0007229	NC_085842.1:73470313-73476731+	NC_085842.1:221829242-221835660-	30	31	0	148,151,152,163,175,176,184,319,320,385,388,389,44,5491,5508,5595,5598,5599,5610,5622,5623,5631,5766,5767,5832,5835,5836,61,6178,731	148,151,152,163,175,176,184,319,320,385,388,389,44,5491,5508,5595,5598,5599,5610,5622,5623,5631,5766,5767,5832,5835,5836,61,6178,731	2	1,2,3,4,5,6,7,8,9,10,11,12,13,14,15,16,17,18,19,20,21,22,23,24,25,26,27,28,29,30	6136	6135	6418	30|0|0|0|0|0|0|0|0|0|1|0
GA	Anocar	LTR	Gypsy	DR0007229	NC_085842.1:73470313-73476731+	NC_085842.1:221829242-221835660-	15	15	0	5491,5508,5595,5598,5599,5610,5622,5623,5631,5766,5767,5832,5835,5836,6178	148,151,152,163,175,176,184,319,320,385,388,389,44,61,731	1	1,2,3,4,5,6,7,8,9,10,11,12,13,14,15	688	688	971	15|0|0|0|0|0|0|0|0|0|0|0
GA	Anocar	LTR	Gypsy	DR0007229	NC_085842.1:73470313-73476731+	NC_085842.1:221829242-221835660-	15	15	0	148,151,152,163,175,176,184,319,320,385,388,389,44,61,731	5491,5508,5595,5598,5599,5610,5622,5623,5631,5766,5767,5832,5835,5836,6178	1	1,2,3,4,5,6,7,8,9,10,11,12,13,14,15	688	688	971	15|0|0|0|0|0|0|0|0|0|0|0
GA	Anocar	LTR	Gypsy	DR0007229	NC_085842.1:73470313-73476731+	NC_085844.1:6401952-6408369+	30	30	0	148,151,152,163,175,176,184,319,320,385,388,389,44,5491,5508,5595,5598,5599,5610,5622,5623,5631,5766,5767,5832,5835,5836,61,6178,731	148,151,152,163,175,176,184,319,320,385,388,389,44,5490,5507,5594,5597,5598,5609,5621,5622,5630,5765,5766,5831,5834,5835,61,6177,731	1	1,2,3,4,5,6,7,8,9,10,11,12,13,14,15,16,17,18,19,20,21,22,23,24,25,26,27,28,29,30	6134	6134	6417	30|0|0|0|0|0|0|0|0|0|0|0
GA	Anocar	LTR	Gypsy	DR0007229	NC_085842.1:73470313-73476731+	NC_085844.1:6401952-6408369+	15	15	0	5491,5508,5595,5598,5599,5610,5622,5623,5631,5766,5767,5832,5835,5836,6178	148,151,152,163,175,176,184,319,320,385,388,389,44,61,731	1	1,2,3,4,5,6,7,8,9,10,11,12,13,14,15	688	688	971	15|0|0|0|0|0|0|0|0|0|0|0
GA	Anocar	LTR	Gypsy	DR0007229	NC_085842.1:73470313-73476731+	NC_085844.1:6401952-6408369+	15	15	0	148,151,152,163,175,176,184,319,320,385,388,389,44,61,731	5490,5507,5594,5597,5598,5609,5621,5622,5630,5765,5766,5831,5834,5835,6177	1	1,2,3,4,5,6,7,8,9,10,11,12,13,14,15	688	688	971	15|0|0|0|0|0|0|0|0|0|0|0
GA	Anocar	LTR	Gypsy	DR0007229	NC_085842.1:73470313-73476731+	NC_085843.1:283613698-283620116-	30	33	0	148,151,152,163,175,176,184,319,320,385,388,389,44,5491,5508,5595,5598,5599,5610,5622,5623,5631,5766,5767,5832,5835,5836,61,6178,731	148,151,152,163,175,176,184,319,320,385,388,389,44,5491,5508,5595,5598,5599,5610,5622,5623,5631,5766,5767,5832,5835,5836,61,6178,731	2	1,2,3,4,5,6,7,8,9,10,11,12,13,14,15,16,17,18,19,20,21,22,23,24,25,26,27,28,29,30	6136	6135	6418	30|1|0|0|0|0|1|0|0|1|0|0
GA	Anocar	LTR	Gypsy	DR0007229	NC_085842.1:73470313-73476731+	NC_085843.1:283613698-283620116-	15	15	0	5491,5508,5595,5598,5599,5610,5622,5623,5631,5766,5767,5832,5835,5836,6178	148,151,152,163,175,176,184,319,320,385,388,389,44,61,731	1	1,2,3,4,5,6,7,8,9,10,11,12,13,14,15	688	688	971	15|0|0|0|0|0|0|0|0|0|0|0
GA	Anocar	LTR	Gypsy	DR0007229	NC_085842.1:73470313-73476731+	NC_085843.1:283613698-283620116-	15	15	0	148,151,152,163,175,176,184,319,320,385,388,389,44,61,731	5491,5508,5595,5598,5599,5610,5622,5623,5631,5766,5767,5832,5835,5836,6178	1	1,2,3,4,5,6,7,8,9,10,11,12,13,14,15	688	688	971	15|0|0|0|0|0|0|0|0|0|0|0
GA	Anocar	LTR	Gypsy	DR0007229	NC_085842.1:73470313-73476731+	NC_085845.1:20848084-20854504-	30	32	0	148,151,152,163,175,176,184,319,320,385,388,389,44,5491,5508,5595,5598,5599,5610,5622,5623,5631,5766,5767,5832,5835,5836,61,6178,731	148,151,152,163,175,176,184,319,320,385,388,389,44,5492,5509,5596,5599,5600,5611,5623,5624,5632,5767,5768,5833,5836,5837,61,6180,732	2	1,2,3,4,5,6,7,8,9,10,11,12,13,14,15,16,17,18,19,20,21,22,23,24,25,26,27,28,29,30	6138	6137	6419	30|1|0|0|0|0|0|1|0|0|0|0
GA	Anocar	LTR	Gypsy	DR0007229	NC_085842.1:73470313-73476731+	NC_085845.1:20848084-20854504-	15	15	0	5491,5508,5595,5598,5599,5610,5622,5623,5631,5766,5767,5832,5835,5836,6178	148,151,152,163,175,176,184,319,320,385,388,389,44,61,732	1	1,2,3,4,5,6,7,8,9,10,11,12,13,14,15	689	689	971	15|0|0|0|0|0|0|0|0|0|0|0
GA	Anocar	LTR	Gypsy	DR0007229	NC_085842.1:73470313-73476731+	NC_085845.1:20848084-20854504-	15	15	0	148,151,152,163,175,176,184,319,320,385,388,389,44,61,731	5492,5509,5596,5599,5600,5611,5623,5624,5632,5767,5768,5833,5836,5837,6180	1	1,2,3,4,5,6,7,8,9,10,11,12,13,14,15	689	689	971	15|0|0|0|0|0|0|0|0|0|0|0
GA	Anocar	LTR	Gypsy	DR0007229	NC_085842.1:73470313-73476731+	NC_085843.1:219515596-219522016+	30	32	0	148,151,152,163,175,176,184,319,320,385,388,389,44,5491,5508,5595,5598,5599,5610,5622,5623,5631,5766,5767,5832,5835,5836,61,6178,731	148,151,152,163,175,176,184,319,320,385,388,389,44,5492,5509,5596,5599,5600,5611,5623,5624,5632,5767,5768,5833,5836,5837,61,6180,732	2	1,2,3,4,5,6,7,8,9,10,11,12,13,14,15,16,17,18,19,20,21,22,23,24,25,26,27,28,29,30	6138	6137	6419	30|1|0|0|0|0|0|1|0|0|0|0
GA	Anocar	LTR	Gypsy	DR0007229	NC_085842.1:73470313-73476731+	NC_085843.1:219515596-219522016+	15	15	0	5491,5508,5595,5598,5599,5610,5622,5623,5631,5766,5767,5832,5835,5836,6178	148,151,152,163,175,176,184,319,320,385,388,389,44,61,732	1	1,2,3,4,5,6,7,8,9,10,11,12,13,14,15	689	689	971	15|0|0|0|0|0|0|0|0|0|0|0
GA	Anocar	LTR	Gypsy	DR0007229	NC_085842.1:73470313-73476731+	NC_085843.1:219515596-219522016+	15	15	0	148,151,152,163,175,176,184,319,320,385,388,389,44,61,731	5492,5509,5596,5599,5600,5611,5623,5624,5632,5767,5768,5833,5836,5837,6180	1	1,2,3,4,5,6,7,8,9,10,11,12,13,14,15	689	689	971	15|0|0|0|0|0|0|0|0|0|0|0
GA	Anocar	LTR	Gypsy	DR0007229	NC_085842.1:73470313-73476731+	NC_085843.1:54728016-54734432+	30	32	0	148,151,152,163,175,176,184,319,320,385,388,389,44,5491,5508,5595,5598,5599,5610,5622,5623,5631,5766,5767,5832,5835,5836,61,6178,731	148,151,152,163,175,176,184,319,320,385,388,389,44,5490,5507,5594,5597,5598,5609,5621,5622,5630,5765,5766,5831,5834,5835,61,6177,731	2	1,2,3,4,5,6,7,8,9,10,11,12,13,14,15,16,17,18,19,20,21,22,23,24,25,26,27,28,29,30	6135	6134	6417	30|0|0|0|0|0|0|2|0|0|0|0
GA	Anocar	LTR	Gypsy	DR0007229	NC_085842.1:73470313-73476731+	NC_085843.1:54728016-54734432+	15	16	0	5491,5508,5595,5598,5599,5610,5622,5623,5631,5766,5767,5832,5835,5836,6178	148,151,152,163,175,176,184,319,320,385,388,389,44,61,731	1	1,2,3,4,5,6,7,8,9,10,11,12,13,14,15	688	688	970	15|0|0|0|0|0|0|1|0|0|0|0
GA	Anocar	LTR	Gypsy	DR0007229	NC_085842.1:73470313-73476731+	NC_085843.1:54728016-54734432+	15	16	0	148,151,152,163,175,176,184,319,320,385,388,389,44,61,731	5490,5507,5594,5597,5598,5609,5621,5622,5630,5765,5766,5831,5834,5835,6177	1	1,2,3,4,5,6,7,8,9,10,11,12,13,14,15	688	688	970	15|0|0|0|0|0|0|1|0|0|0|0
GA	Anocar	LTR	Gypsy	DR0007229	NC_085842.1:73470313-73476731+	NC_085846.1:81376862-81383282+	30	33	0	148,151,152,163,175,176,184,319,320,385,388,389,44,5491,5508,5595,5598,5599,5610,5622,5623,5631,5766,5767,5832,5835,5836,61,6178,731	148,151,152,163,175,176,184,319,320,385,388,389,44,5492,5509,5596,5599,5600,5611,5623,5624,5632,5767,5768,5833,5836,5837,61,6180,732	2	1,2,3,4,5,6,7,8,9,10,11,12,13,14,15,16,17,18,19,20,21,22,23,24,25,26,27,28,29,30	6138	6137	6419	30|0|0|0|0|2|0|1|0|0|0|0
GA	Anocar	LTR	Gypsy	DR0007229	NC_085842.1:73470313-73476731+	NC_085846.1:81376862-81383282+	15	16	0	5491,5508,5595,5598,5599,5610,5622,5623,5631,5766,5767,5832,5835,5836,6178	148,151,152,163,175,176,184,319,320,385,388,389,44,61,732	1	1,2,3,4,5,6,7,8,9,10,11,12,13,14,15	689	689	971	15|0|0|0|0|1|0|0|0|0|0|0
GA	Anocar	LTR	Gypsy	DR0007229	NC_085842.1:73470313-73476731+	NC_085846.1:81376862-81383282+	15	16	0	148,151,152,163,175,176,184,319,320,385,388,389,44,61,731	5492,5509,5596,5599,5600,5611,5623,5624,5632,5767,5768,5833,5836,5837,6180	1	1,2,3,4,5,6,7,8,9,10,11,12,13,14,15	689	689	971	15|0|0|0|0|1|0|0|0|0|0|0
GA	Anocar	LTR	Gypsy	DR0007229	NC_085842.1:73470313-73476731+	NC_085845.1:183796770-183803190+	30	33	0	148,151,152,163,175,176,184,319,320,385,388,389,44,5491,5508,5595,5598,5599,5610,5622,5623,5631,5766,5767,5832,5835,5836,61,6178,731	148,151,152,163,175,176,184,319,320,385,388,389,44,5492,5509,5596,5599,5600,5611,5623,5624,5632,5767,5768,5833,5836,5837,61,6180,732	2	1,2,3,4,5,6,7,8,9,10,11,12,13,14,15,16,17,18,19,20,21,22,23,24,25,26,27,28,29,30	6138	6137	6419	30|1|0|0|0|1|0|1|0|0|0|0
GA	Anocar	LTR	Gypsy	DR0007229	NC_085842.1:73470313-73476731+	NC_085845.1:183796770-183803190+	15	15	0	5491,5508,5595,5598,5599,5610,5622,5623,5631,5766,5767,5832,5835,5836,6178	148,151,152,163,175,176,184,319,320,385,388,389,44,61,732	1	1,2,3,4,5,6,7,8,9,10,11,12,13,14,15	689	689	971	15|0|0|0|0|0|0|0|0|0|0|0
GA	Anocar	LTR	Gypsy	DR0007229	NC_085842.1:73470313-73476731+	NC_085845.1:183796770-183803190+	15	15	0	148,151,152,163,175,176,184,319,320,385,388,389,44,61,731	5492,5509,5596,5599,5600,5611,5623,5624,5632,5767,5768,5833,5836,5837,6180	1	1,2,3,4,5,6,7,8,9,10,11,12,13,14,15	689	689	971	15|0|0|0|0|0|0|0|0|0|0|0
GA	Anocar	LTR	Gypsy	DR0007229	NC_085842.1:73470313-73476731+	NC_085844.1:177721243-177727663+	32	33	0	148,151,152,163,175,176,184,319,320,385,388,389,44,474,5491,5508,5595,5598,5599,5610,5622,5623,5631,5766,5767,5832,5835,5836,5921,61,6178,731	148,151,152,163,175,176,184,319,320,385,388,389,44,474,5492,5509,5596,5599,5600,5611,5623,5624,5632,5767,5768,5833,5836,5837,5922,61,6180,732	2	1,2,3,4,5,6,7,8,9,10,11,12,13,14,15,16,17,18,19,20,21,22,23,24,25,26,27,28,29,30,31,32	6138	6137	6419	32|0|0|0|0|0|0|1|0|0|0|0
GA	Anocar	LTR	Gypsy	DR0007229	NC_085842.1:73470313-73476731+	NC_085844.1:177721243-177727663+	16	16	0	5491,5508,5595,5598,5599,5610,5622,5623,5631,5766,5767,5832,5835,5836,5921,6178	148,151,152,163,175,176,184,319,320,385,388,389,44,474,61,732	1	1,2,3,4,5,6,7,8,9,10,11,12,13,14,15,16	689	689	971	16|0|0|0|0|0|0|0|0|0|0|0
GA	Anocar	LTR	Gypsy	DR0007229	NC_085842.1:73470313-73476731+	NC_085844.1:177721243-177727663+	16	16	0	148,151,152,163,175,176,184,319,320,385,388,389,44,474,61,731	5492,5509,5596,5599,5600,5611,5623,5624,5632,5767,5768,5833,5836,5837,5922,6180	1	1,2,3,4,5,6,7,8,9,10,11,12,13,14,15,16	689	689	971	16|0|0|0|0|0|0|0|0|0|0|0
GA	Anocar	LTR	Gypsy	DR0007229	NC_085842.1:73470313-73476731+	NC_085844.1:106666938-106673358+	30	33	0	148,151,152,163,175,176,184,319,320,385,388,389,44,5491,5508,5595,5598,5599,5610,5622,5623,5631,5766,5767,5832,5835,5836,61,6178,731	148,151,152,163,175,176,184,319,320,385,388,389,44,5492,5509,5596,5599,5600,5611,5623,5624,5632,5767,5768,5833,5836,5837,61,6180,732	2	1,2,3,4,5,6,7,8,9,10,11,12,13,14,15,16,17,18,19,20,21,22,23,24,25,26,27,28,29,30	6138	6137	6419	30|1|0|0|0|0|0|2|0|0|0|0
GA	Anocar	LTR	Gypsy	DR0007229	NC_085842.1:73470313-73476731+	NC_085844.1:106666938-106673358+	15	15	0	5491,5508,5595,5598,5599,5610,5622,5623,5631,5766,5767,5832,5835,5836,6178	148,151,152,163,175,176,184,319,320,385,388,389,44,61,732	1	1,2,3,4,5,6,7,8,9,10,11,12,13,14,15	689	689	971	15|0|0|0|0|0|0|0|0|0|0|0
GA	Anocar	LTR	Gypsy	DR0007229	NC_085842.1:73470313-73476731+	NC_085844.1:106666938-106673358+	15	15	0	148,151,152,163,175,176,184,319,320,385,388,389,44,61,731	5492,5509,5596,5599,5600,5611,5623,5624,5632,5767,5768,5833,5836,5837,6180	1	1,2,3,4,5,6,7,8,9,10,11,12,13,14,15	689	689	971	15|0|0|0|0|0|0|0|0|0|0|0
GA	Anocar	LTR	Gypsy	DR0007229	NC_085842.1:73470313-73476731+	NC_085844.1:10670711-10677131+	28	33	0	148,151,152,163,175,176,184,319,320,385,388,389,44,5491,5508,5595,5598,5599,5610,5622,5623,5631,5766,5767,5832,5835,5836,61	148,151,152,163,175,176,184,319,320,385,388,389,44,5492,5509,5596,5599,5600,5611,5623,5624,5632,5767,5768,5833,5836,5837,61	2	1,2,3,4,5,6,7,8,9,10,11,12,13,14,15,16,17,18,19,20,21,22,23,24,25,26,27,28	5795	5794	6419	28|2|0|0|0|0|2|1|0|0|0|0
GA	Anocar	LTR	Gypsy	DR0007229	NC_085842.1:73470313-73476731+	NC_085844.1:10670711-10677131+	14	14	0	5491,5508,5595,5598,5599,5610,5622,5623,5631,5766,5767,5832,5835,5836	148,151,152,163,175,176,184,319,320,385,388,389,44,61	1	1,2,3,4,5,6,7,8,9,10,11,12,13,14	346	346	971	14|0|0|0|0|0|0|0|0|0|0|0
GA	Anocar	LTR	Gypsy	DR0007229	NC_085842.1:73470313-73476731+	NC_085844.1:10670711-10677131+	14	14	0	148,151,152,163,175,176,184,319,320,385,388,389,44,61	5492,5509,5596,5599,5600,5611,5623,5624,5632,5767,5768,5833,5836,5837	1	1,2,3,4,5,6,7,8,9,10,11,12,13,14	346	346	971	14|0|0|0|0|0|0|0|0|0|0|0
GA	Anocar	LTR	Gypsy	DR0007229	NC_085842.1:73470313-73476731+	NC_085844.1:5320410-5326830-	31	33	0	148,151,152,163,1706,175,176,184,319,320,385,388,389,44,5491,5508,5595,5598,5599,5610,5622,5623,5631,5766,5767,5832,5835,5836,61,6178,731	148,151,152,163,1707,175,176,184,319,320,385,388,389,44,5492,5509,5596,5599,5600,5611,5623,5624,5632,5767,5768,5833,5836,5837,61,6180,732	2	1,2,3,4,5,6,7,8,9,10,11,12,13,14,15,16,17,18,19,20,21,22,23,24,25,26,27,28,29,30,31	6138	6137	6419	31|1|0|0|0|0|0|1|0|0|0|0
GA	Anocar	LTR	Gypsy	DR0007229	NC_085842.1:73470313-73476731+	NC_085844.1:5320410-5326830-	15	15	0	5491,5508,5595,5598,5599,5610,5622,5623,5631,5766,5767,5832,5835,5836,6178	148,151,152,163,175,176,184,319,320,385,388,389,44,61,732	1	1,2,3,4,5,6,7,8,9,10,11,12,13,14,15	689	689	971	15|0|0|0|0|0|0|0|0|0|0|0
GA	Anocar	LTR	Gypsy	DR0007229	NC_085842.1:73470313-73476731+	NC_085844.1:5320410-5326830-	15	15	0	148,151,152,163,175,176,184,319,320,385,388,389,44,61,731	5492,5509,5596,5599,5600,5611,5623,5624,5632,5767,5768,5833,5836,5837,6180	1	1,2,3,4,5,6,7,8,9,10,11,12,13,14,15	689	689	971	15|0|0|0|0|0|0|0|0|0|0|0
GA	Anocar	LTR	Gypsy	DR0007229	NC_085842.1:73470313-73476731+	NC_085843.1:131816607-131823027+	32	33	0	148,151,152,163,175,176,184,319,320,385,388,389,44,474,5491,5508,5595,5598,5599,5610,5622,5623,5631,5766,5767,5832,5835,5836,5921,61,6178,731	148,151,152,163,175,176,184,319,320,385,388,389,44,474,5492,5509,5596,5599,5600,5611,5623,5624,5632,5767,5768,5833,5836,5837,5922,61,6180,732	2	1,2,3,4,5,6,7,8,9,10,11,12,13,14,15,16,17,18,19,20,21,22,23,24,25,26,27,28,29,30,31,32	6138	6137	6419	32|0|0|0|0|0|0|1|0|0|0|0
GA	Anocar	LTR	Gypsy	DR0007229	NC_085842.1:73470313-73476731+	NC_085843.1:131816607-131823027+	16	16	0	5491,5508,5595,5598,5599,5610,5622,5623,5631,5766,5767,5832,5835,5836,5921,6178	148,151,152,163,175,176,184,319,320,385,388,389,44,474,61,732	1	1,2,3,4,5,6,7,8,9,10,11,12,13,14,15,16	689	689	971	16|0|0|0|0|0|0|0|0|0|0|0
GA	Anocar	LTR	Gypsy	DR0007229	NC_085842.1:73470313-73476731+	NC_085843.1:131816607-131823027+	16	16	0	148,151,152,163,175,176,184,319,320,385,388,389,44,474,61,731	5492,5509,5596,5599,5600,5611,5623,5624,5632,5767,5768,5833,5836,5837,5922,6180	1	1,2,3,4,5,6,7,8,9,10,11,12,13,14,15,16	689	689	971	16|0|0|0|0|0|0|0|0|0|0|0
GA	Anocar	LTR	Gypsy	DR0007229	NC_085842.1:73470313-73476731+	NC_085843.1:119817259-119823679+	30	33	0	148,151,152,163,175,176,184,319,320,385,388,389,5595,5598,5599,5610,5622,5623,5631,5766,5767,5832,5835,5836,6178,731	148,151,152,163,175,176,184,319,320,385,388,389,5596,5599,5600,5611,5623,5624,5632,5767,5768,5833,5836,5837,6180,732	2	3,4,5,6,7,8,9,10,11,12,13,14,15,18,19,20,21,22,23,24,25,26,27,28,29,30	1170	6033	6419	30|2|0|0|0|0|0|1|0|0|0|0
GA	Anocar	LTR	Gypsy	DR0007229	NC_085842.1:73470313-73476731+	NC_085843.1:119817259-119823679+	15	16	0	5595,5598,5599,5610,5622,5623,5631,5766,5767,5832,5835,5836,6178	148,151,152,163,175,176,184,319,320,385,388,389,732	1	3,4,5,6,7,8,9,10,11,12,13,14,15	585	585	971	15|1|0|0|0|0|0|0|0|0|0|0
GA	Anocar	LTR	Gypsy	DR0007229	NC_085842.1:73470313-73476731+	NC_085843.1:119817259-119823679+	15	16	0	148,151,152,163,175,176,184,319,320,385,388,389,731	5596,5599,5600,5611,5623,5624,5632,5767,5768,5833,5836,5837,6180	1	3,4,5,6,7,8,9,10,11,12,13,14,15	585	585	971	15|1|0|0|0|0|0|0|0|0|0|0
GA	Anocar	LTR	Gypsy	DR0007229	NC_085842.1:73470313-73476731+	NC_085843.1:79782376-79788796+	30	33	0	148,151,152,163,175,176,184,319,320,385,388,389,44,5491,5508,5595,5598,5599,5610,5622,5623,5631,5766,5767,5832,5835,5836,61,6178,731	148,151,152,163,175,176,184,319,320,385,388,389,44,5492,5509,5596,5599,5600,5611,5623,5624,5632,5767,5768,5833,5836,5837,61,6180,732	2	1,2,3,4,5,6,7,8,9,10,11,12,13,14,15,16,17,18,19,20,21,22,23,24,25,26,27,28,29,30	6138	6137	6419	30|2|0|0|0|0|0|1|0|0|0|0
GA	Anocar	LTR	Gypsy	DR0007229	NC_085842.1:73470313-73476731+	NC_085843.1:79782376-79788796+	15	15	0	5491,5508,5595,5598,5599,5610,5622,5623,5631,5766,5767,5832,5835,5836,6178	148,151,152,163,175,176,184,319,320,385,388,389,44,61,732	1	1,2,3,4,5,6,7,8,9,10,11,12,13,14,15	689	689	971	15|0|0|0|0|0|0|0|0|0|0|0
GA	Anocar	LTR	Gypsy	DR0007229	NC_085842.1:73470313-73476731+	NC_085843.1:79782376-79788796+	15	15	0	148,151,152,163,175,176,184,319,320,385,388,389,44,61,731	5492,5509,5596,5599,5600,5611,5623,5624,5632,5767,5768,5833,5836,5837,6180	1	1,2,3,4,5,6,7,8,9,10,11,12,13,14,15	689	689	971	15|0|0|0|0|0|0|0|0|0|0|0
GA	Anocar	LTR	Gypsy	DR0007229	NC_085842.1:73470313-73476731+	NC_085842.1:306933114-306939534-	31	33	0	148,151,152,163,175,176,184,319,320,385,388,389,44,5491,5508,5595,5598,5599,5610,5622,5623,5631,5766,5767,5832,5835,5836,61,6178,731	148,151,152,163,175,176,184,319,320,385,388,389,44,5492,5509,5596,5599,5600,5611,5623,5624,5632,5767,5768,5833,5836,5837,61,6180,732	2	1,2,3,4,5,6,7,8,9,10,11,12,13,14,15,17,18,19,20,21,22,23,24,25,26,27,28,29,30,31	1378	6137	6419	31|0|0|0|0|0|0|2|0|0|0|0
GA	Anocar	LTR	Gypsy	DR0007229	NC_085842.1:73470313-73476731+	NC_085842.1:306933114-306939534-	15	15	0	5491,5508,5595,5598,5599,5610,5622,5623,5631,5766,5767,5832,5835,5836,6178	148,151,152,163,175,176,184,319,320,385,388,389,44,61,732	1	1,2,3,4,5,6,7,8,9,10,11,12,13,14,15	689	689	971	15|0|0|0|0|0|0|0|0|0|0|0
GA	Anocar	LTR	Gypsy	DR0007229	NC_085842.1:73470313-73476731+	NC_085842.1:306933114-306939534-	15	15	0	148,151,152,163,175,176,184,319,320,385,388,389,44,61,731	5492,5509,5596,5599,5600,5611,5623,5624,5632,5767,5768,5833,5836,5837,6180	1	1,2,3,4,5,6,7,8,9,10,11,12,13,14,15	689	689	971	15|0|0|0|0|0|0|0|0|0|0|0
GA	Anocar	LTR	Gypsy	DR0007229	NC_085842.1:73470313-73476731+	NC_085842.1:293472630-293479050-	30	33	0	148,151,152,163,175,176,184,319,320,385,388,389,44,5491,5508,5595,5598,5599,5610,5622,5623,5631,5766,5767,5832,5835,5836,61,6178,731	148,151,152,163,175,176,184,319,320,385,388,389,44,5492,5509,5596,5599,5600,5611,5623,5624,5632,5767,5768,5833,5836,5837,61,6180,732	2	1,2,3,4,5,6,7,8,9,10,11,12,13,14,15,16,17,18,19,20,21,22,23,24,25,26,27,28,29,30	6138	6137	6419	30|1|0|0|0|0|1|1|0|0|0|0
GA	Anocar	LTR	Gypsy	DR0007229	NC_085842.1:73470313-73476731+	NC_085842.1:293472630-293479050-	15	15	0	5491,5508,5595,5598,5599,5610,5622,5623,5631,5766,5767,5832,5835,5836,6178	148,151,152,163,175,176,184,319,320,385,388,389,44,61,732	1	1,2,3,4,5,6,7,8,9,10,11,12,13,14,15	689	689	971	15|0|0|0|0|0|0|0|0|0|0|0
GA	Anocar	LTR	Gypsy	DR0007229	NC_085842.1:73470313-73476731+	NC_085842.1:293472630-293479050-	15	15	0	148,151,152,163,175,176,184,319,320,385,388,389,44,61,731	5492,5509,5596,5599,5600,5611,5623,5624,5632,5767,5768,5833,5836,5837,6180	1	1,2,3,4,5,6,7,8,9,10,11,12,13,14,15	689	689	971	15|0|0|0|0|0|0|0|0|0|0|0
GA	Anocar	LTR	Gypsy	DR0007229	NC_085842.1:73470313-73476731+	NC_085842.1:248478297-248484717+	30	33	0	148,151,152,163,175,176,184,319,320,385,388,389,44,5491,5508,5595,5598,5599,5610,5622,5623,5631,5766,5767,5832,5835,5836,61,6178,731	148,151,152,163,175,176,184,319,320,385,388,389,44,5492,5509,5596,5599,5600,5611,5623,5624,5632,5767,5768,5833,5836,5837,61,6180,732	2	1,2,3,4,5,6,7,8,9,10,11,12,13,14,15,16,17,18,19,20,21,22,23,24,25,26,27,28,29,30	6138	6137	6419	30|1|0|0|0|0|0|2|0|0|0|0
GA	Anocar	LTR	Gypsy	DR0007229	NC_085842.1:73470313-73476731+	NC_085842.1:248478297-248484717+	15	15	0	5491,5508,5595,5598,5599,5610,5622,5623,5631,5766,5767,5832,5835,5836,6178	148,151,152,163,175,176,184,319,320,385,388,389,44,61,732	1	1,2,3,4,5,6,7,8,9,10,11,12,13,14,15	689	689	971	15|0|0|0|0|0|0|0|0|0|0|0
GA	Anocar	LTR	Gypsy	DR0007229	NC_085842.1:73470313-73476731+	NC_085842.1:248478297-248484717+	15	15	0	148,151,152,163,175,176,184,319,320,385,388,389,44,61,731	5492,5509,5596,5599,5600,5611,5623,5624,5632,5767,5768,5833,5836,5837,6180	1	1,2,3,4,5,6,7,8,9,10,11,12,13,14,15	689	689	971	15|0|0|0|0|0|0|0|0|0|0|0
GA	Anocar	LTR	Gypsy	DR0007229	NC_085842.1:73470313-73476731+	NC_085843.1:14787994-14794413-	30	32	0	148,151,152,163,175,176,184,319,320,385,388,389,44,5491,5508,5595,5598,5599,5610,5622,5623,5631,5766,5767,5832,5835,5836,61,6178,731	148,151,152,163,175,176,184,319,320,385,388,389,44,5491,5508,5595,5598,5599,5610,5622,5623,5631,5766,5767,5832,5835,5836,61,6179,732	2	1,2,3,4,5,6,7,8,9,10,11,12,13,14,15,16,17,18,19,20,21,22,23,24,25,26,27,28,29,30	6137	6136	6418	30|1|0|0|0|0|0|1|0|0|0|0
GA	Anocar	LTR	Gypsy	DR0007229	NC_085842.1:73470313-73476731+	NC_085843.1:14787994-14794413-	15	15	0	5491,5508,5595,5598,5599,5610,5622,5623,5631,5766,5767,5832,5835,5836,6178	148,151,152,163,175,176,184,319,320,385,388,389,44,61,732	1	1,2,3,4,5,6,7,8,9,10,11,12,13,14,15	689	689	971	15|0|0|0|0|0|0|0|0|0|0|0
GA	Anocar	LTR	Gypsy	DR0007229	NC_085842.1:73470313-73476731+	NC_085843.1:14787994-14794413-	15	15	0	148,151,152,163,175,176,184,319,320,385,388,389,44,61,731	5491,5508,5595,5598,5599,5610,5622,5623,5631,5766,5767,5832,5835,5836,6179	1	1,2,3,4,5,6,7,8,9,10,11,12,13,14,15	689	689	971	15|0|0|0|0|0|0|0|0|0|0|0
GA	Anocar	LTR	Gypsy	DR0007229	NC_085842.1:73470313-73476731+	NW_026943820.1:17107507-17113927-	30	34	0	148,151,152,163,175,176,184,319,320,385,388,389,44,5491,5508,5595,5598,5599,5610,5622,5623,5631,5766,5767,5832,5835,5836,61,6178,731	148,151,152,163,175,176,184,319,320,385,388,389,44,5492,5509,5596,5599,5600,5611,5623,5624,5632,5767,5768,5833,5836,5837,61,6180,732	2	1,2,3,4,5,6,7,8,9,10,11,12,13,14,15,16,17,18,19,20,21,22,23,24,25,26,27,28,29,30	6138	6137	6419	30|1|0|0|0|0|0|3|0|0|0|0
GA	Anocar	LTR	Gypsy	DR0007229	NC_085842.1:73470313-73476731+	NW_026943820.1:17107507-17113927-	15	16	0	5491,5508,5595,5598,5599,5610,5622,5623,5631,5766,5767,5832,5835,5836,6178	148,151,152,163,175,176,184,319,320,385,388,389,44,61,732	1	1,2,3,4,5,6,7,8,9,10,11,12,13,14,15	689	689	971	15|0|0|0|0|0|0|1|0|0|0|0
GA	Anocar	LTR	Gypsy	DR0007229	NC_085842.1:73470313-73476731+	NW_026943820.1:17107507-17113927-	15	16	0	148,151,152,163,175,176,184,319,320,385,388,389,44,61,731	5492,5509,5596,5599,5600,5611,5623,5624,5632,5767,5768,5833,5836,5837,6180	1	1,2,3,4,5,6,7,8,9,10,11,12,13,14,15	689	689	971	15|0|0|0|0|0|0|1|0|0|0|0
GA	Anocar	LTR	Gypsy	DR0007229	NC_085842.1:73470313-73476731+	NW_026943820.1:6403852-6410272-	31	34	0	148,151,152,163,175,176,184,319,320,385,388,389,44,5491,5508,5595,5598,5599,5610,5622,5623,5631,5766,5767,5832,5835,5836,61,6178,731	148,151,152,163,175,176,184,319,320,385,388,389,44,5492,5509,5596,5599,5600,5611,5623,5624,5632,5767,5768,5833,5836,5837,61,6180,732	2	1,2,3,4,5,6,7,8,9,10,11,12,13,14,15,17,18,19,20,21,22,23,24,25,26,27,28,29,30,31	1378	6137	6419	31|1|0|0|0|0|1|1|0|0|0|0
GA	Anocar	LTR	Gypsy	DR0007229	NC_085842.1:73470313-73476731+	NW_026943820.1:6403852-6410272-	15	15	0	5491,5508,5595,5598,5599,5610,5622,5623,5631,5766,5767,5832,5835,5836,6178	148,151,152,163,175,176,184,319,320,385,388,389,44,61,732	1	1,2,3,4,5,6,7,8,9,10,11,12,13,14,15	689	689	971	15|0|0|0|0|0|0|0|0|0|0|0
GA	Anocar	LTR	Gypsy	DR0007229	NC_085842.1:73470313-73476731+	NW_026943820.1:6403852-6410272-	15	15	0	148,151,152,163,175,176,184,319,320,385,388,389,44,61,731	5492,5509,5596,5599,5600,5611,5623,5624,5632,5767,5768,5833,5836,5837,6180	1	1,2,3,4,5,6,7,8,9,10,11,12,13,14,15	689	689	971	15|0|0|0|0|0|0|0|0|0|0|0
GA	Anocar	LTR	Gypsy	DR0007229	NC_085842.1:73470313-73476731+	NW_026943819.1:21205785-21212205+	30	34	0	148,151,152,163,175,176,184,319,320,385,388,389,44,5491,5508,5595,5598,5599,5610,5622,5623,5631,5766,5767,5832,5835,5836,61,6178,731	148,151,152,163,175,176,184,319,320,385,388,389,44,5492,5509,5596,5599,5600,5611,5623,5624,5632,5767,5768,5833,5836,5837,61,6180,732	2	1,2,3,4,5,6,7,8,9,10,11,12,13,14,15,16,17,18,19,20,21,22,23,24,25,26,27,28,29,30	6138	6137	6419	30|3|0|0|0|0|0|1|0|0|0|0
GA	Anocar	LTR	Gypsy	DR0007229	NC_085842.1:73470313-73476731+	NW_026943819.1:21205785-21212205+	15	15	0	5491,5508,5595,5598,5599,5610,5622,5623,5631,5766,5767,5832,5835,5836,6178	148,151,152,163,175,176,184,319,320,385,388,389,44,61,732	1	1,2,3,4,5,6,7,8,9,10,11,12,13,14,15	689	689	971	15|0|0|0|0|0|0|0|0|0|0|0
GA	Anocar	LTR	Gypsy	DR0007229	NC_085842.1:73470313-73476731+	NW_026943819.1:21205785-21212205+	15	15	0	148,151,152,163,175,176,184,319,320,385,388,389,44,61,731	5492,5509,5596,5599,5600,5611,5623,5624,5632,5767,5768,5833,5836,5837,6180	1	1,2,3,4,5,6,7,8,9,10,11,12,13,14,15	689	689	971	15|0|0|0|0|0|0|0|0|0|0|0
GA	Anocar	LTR	Gypsy	DR0007229	NC_085842.1:73470313-73476731+	NC_085846.1:27838324-27844744-	31	34	0	148,151,152,163,175,176,184,319,320,385,388,389,44,5491,5508,5595,5598,5599,5610,5622,5623,5631,5766,5767,5832,5835,5836,61,6178,731	148,151,152,163,175,176,184,319,320,385,388,389,44,5492,5509,5596,5599,5600,5611,5623,5624,5632,5767,5768,5833,5836,5837,61,6180,732	2	1,2,3,4,5,6,7,8,9,10,11,12,13,14,15,17,18,19,20,21,22,23,24,25,26,27,28,29,30,31	1378	6137	6419	31|1|0|0|0|0|1|1|0|0|0|0
GA	Anocar	LTR	Gypsy	DR0007229	NC_085842.1:73470313-73476731+	NC_085846.1:27838324-27844744-	15	15	0	5491,5508,5595,5598,5599,5610,5622,5623,5631,5766,5767,5832,5835,5836,6178	148,151,152,163,175,176,184,319,320,385,388,389,44,61,732	1	1,2,3,4,5,6,7,8,9,10,11,12,13,14,15	689	689	971	15|0|0|0|0|0|0|0|0|0|0|0
GA	Anocar	LTR	Gypsy	DR0007229	NC_085842.1:73470313-73476731+	NC_085846.1:27838324-27844744-	15	15	0	148,151,152,163,175,176,184,319,320,385,388,389,44,61,731	5492,5509,5596,5599,5600,5611,5623,5624,5632,5767,5768,5833,5836,5837,6180	1	1,2,3,4,5,6,7,8,9,10,11,12,13,14,15	689	689	971	15|0|0|0|0|0|0|0|0|0|0|0
GA	Anocar	LTR	Gypsy	DR0007229	NC_085842.1:73470313-73476731+	NC_085846.1:27097971-27104391-	30	34	0	148,151,152,163,175,176,184,319,320,385,388,389,44,5491,5508,5595,5598,5599,5610,5622,5623,5631,5766,5767,5832,5835,5836,61,6178,731	148,151,152,163,175,176,184,319,320,385,388,389,44,5492,5509,5596,5599,5600,5611,5623,5624,5632,5767,5768,5833,5836,5837,61,6180,732	2	1,2,3,4,5,6,7,8,9,10,11,12,13,14,15,16,17,18,19,20,21,22,23,24,25,26,27,28,29,30	6138	6137	6419	30|0|0|1|0|0|1|1|0|0|1|0
GA	Anocar	LTR	Gypsy	DR0007229	NC_085842.1:73470313-73476731+	NC_085846.1:27097971-27104391-	15	15	0	5491,5508,5595,5598,5599,5610,5622,5623,5631,5766,5767,5832,5835,5836,6178	148,151,152,163,175,176,184,319,320,385,388,389,44,61,732	1	1,2,3,4,5,6,7,8,9,10,11,12,13,14,15	689	689	971	15|0|0|0|0|0|0|0|0|0|0|0
GA	Anocar	LTR	Gypsy	DR0007229	NC_085842.1:73470313-73476731+	NC_085846.1:27097971-27104391-	15	15	0	148,151,152,163,175,176,184,319,320,385,388,389,44,61,731	5492,5509,5596,5599,5600,5611,5623,5624,5632,5767,5768,5833,5836,5837,6180	1	1,2,3,4,5,6,7,8,9,10,11,12,13,14,15	689	689	971	15|0|0|0|0|0|0|0|0|0|0|0
GA	Anocar	LTR	Gypsy	DR0007229	NC_085842.1:73470313-73476731+	NC_085845.1:206964445-206970865+	30	34	0	148,151,152,163,175,176,184,319,320,385,388,389,44,5491,5508,5595,5598,5599,5610,5622,5623,5631,5766,5767,5832,5835,5836,61,6178,731	148,151,152,163,175,176,184,319,320,385,388,389,44,5492,5509,5596,5599,5600,5611,5623,5624,5632,5767,5768,5833,5836,5837,61,6180,732	2	1,2,3,4,5,6,7,8,9,10,11,12,13,14,15,16,17,18,19,20,21,22,23,24,25,26,27,28,29,30	6138	6137	6419	30|1|0|0|0|0|0|2|0|0|0|1
GA	Anocar	LTR	Gypsy	DR0007229	NC_085842.1:73470313-73476731+	NC_085845.1:206964445-206970865+	15	15	0	5491,5508,5595,5598,5599,5610,5622,5623,5631,5766,5767,5832,5835,5836,6178	148,151,152,163,175,176,184,319,320,385,388,389,44,61,732	1	1,2,3,4,5,6,7,8,9,10,11,12,13,14,15	689	689	971	15|0|0|0|0|0|0|0|0|0|0|0
GA	Anocar	LTR	Gypsy	DR0007229	NC_085842.1:73470313-73476731+	NC_085845.1:206964445-206970865+	15	15	0	148,151,152,163,175,176,184,319,320,385,388,389,44,61,731	5492,5509,5596,5599,5600,5611,5623,5624,5632,5767,5768,5833,5836,5837,6180	1	1,2,3,4,5,6,7,8,9,10,11,12,13,14,15	689	689	971	15|0|0|0|0|0|0|0|0|0|0|0
GA	Anocar	LTR	Gypsy	DR0007229	NC_085842.1:73470313-73476731+	NC_085845.1:202977087-202983507+	30	34	0	148,151,152,163,175,176,184,319,320,385,388,389,44,5491,5508,5595,5598,5599,5610,5622,5623,5631,5766,5767,5832,5835,5836,61	148,151,152,163,175,176,184,319,320,385,388,389,44,5492,5509,5596,5599,5600,5611,5623,5624,5632,5767,5768,5833,5836,5837,61	2	1,2,3,4,5,6,7,8,9,10,11,12,13,14,16,17,18,19,20,21,22,23,24,25,26,27,28,29	692	5794	6419	30|1|0|0|0|0|0|1|0|2|0|0
GA	Anocar	LTR	Gypsy	DR0007229	NC_085842.1:73470313-73476731+	NC_085845.1:202977087-202983507+	15	16	0	5491,5508,5595,5598,5599,5610,5622,5623,5631,5766,5767,5832,5835,5836	148,151,152,163,175,176,184,319,320,385,388,389,44,61	1	1,2,3,4,5,6,7,8,9,10,11,12,13,14	346	346	971	15|0|0|0|0|0|0|0|0|1|0|0
GA	Anocar	LTR	Gypsy	DR0007229	NC_085842.1:73470313-73476731+	NC_085845.1:202977087-202983507+	15	16	0	148,151,152,163,175,176,184,319,320,385,388,389,44,61	5492,5509,5596,5599,5600,5611,5623,5624,5632,5767,5768,5833,5836,5837	1	1,2,3,4,5,6,7,8,9,10,11,12,13,14	346	346	971	15|0|0|0|0|0|0|0|0|1|0|0
GA	Anocar	LTR	Gypsy	DR0007229	NC_085842.1:73470313-73476731+	NC_085845.1:92471865-92478285-	30	34	0	148,151,152,163,175,176,184,319,320,385,388,389,44,5491,5508,5595,5598,5599,5610,5622,5623,5631,5766,5767,5832,5835,5836,61,6178,731	148,151,152,163,175,176,184,319,320,385,388,389,44,5492,5509,5596,5599,5600,5611,5623,5624,5632,5767,5768,5833,5836,5837,61,6180,732	2	1,2,3,4,5,6,7,8,9,10,11,12,13,14,15,16,17,18,19,20,21,22,23,24,25,26,27,28,29,30	6138	6137	6419	30|1|0|0|0|0|1|1|0|0|0|1
GA	Anocar	LTR	Gypsy	DR0007229	NC_085842.1:73470313-73476731+	NC_085845.1:92471865-92478285-	15	15	0	5491,5508,5595,5598,5599,5610,5622,5623,5631,5766,5767,5832,5835,5836,6178	148,151,152,163,175,176,184,319,320,385,388,389,44,61,732	1	1,2,3,4,5,6,7,8,9,10,11,12,13,14,15	689	689	971	15|0|0|0|0|0|0|0|0|0|0|0
GA	Anocar	LTR	Gypsy	DR0007229	NC_085842.1:73470313-73476731+	NC_085845.1:92471865-92478285-	15	15	0	148,151,152,163,175,176,184,319,320,385,388,389,44,61,731	5492,5509,5596,5599,5600,5611,5623,5624,5632,5767,5768,5833,5836,5837,6180	1	1,2,3,4,5,6,7,8,9,10,11,12,13,14,15	689	689	971	15|0|0|0|0|0|0|0|0|0|0|0
GA	Anocar	LTR	Gypsy	DR0007229	NC_085842.1:73470313-73476731+	NC_085844.1:207994689-208001109+	31	34	0	148,151,152,163,175,176,184,319,320,385,388,389,44,5491,5508,5595,5598,5599,5610,5622,5623,5631,5766,5767,5832,5835,5836,61,6178,731	148,151,152,163,175,176,184,319,320,385,388,389,44,5492,5509,5596,5599,5600,5611,5623,5624,5632,5767,5768,5833,5836,5837,61,6180,732	2	1,2,3,4,5,6,7,8,9,10,11,12,13,14,15,17,18,19,20,21,22,23,24,25,26,27,28,29,30,31	1378	6137	6419	31|1|0|0|0|0|0|1|0|0|0|1
GA	Anocar	LTR	Gypsy	DR0007229	NC_085842.1:73470313-73476731+	NC_085844.1:207994689-208001109+	15	15	0	5491,5508,5595,5598,5599,5610,5622,5623,5631,5766,5767,5832,5835,5836,6178	148,151,152,163,175,176,184,319,320,385,388,389,44,61,732	1	1,2,3,4,5,6,7,8,9,10,11,12,13,14,15	689	689	971	15|0|0|0|0|0|0|0|0|0|0|0
GA	Anocar	LTR	Gypsy	DR0007229	NC_085842.1:73470313-73476731+	NC_085844.1:207994689-208001109+	15	15	0	148,151,152,163,175,176,184,319,320,385,388,389,44,61,731	5492,5509,5596,5599,5600,5611,5623,5624,5632,5767,5768,5833,5836,5837,6180	1	1,2,3,4,5,6,7,8,9,10,11,12,13,14,15	689	689	971	15|0|0|0|0|0|0|0|0|0|0|0
GA	Anocar	LTR	Gypsy	DR0007229	NC_085842.1:73470313-73476731+	NC_085844.1:133716581-133723001-	31	34	0	148,151,152,163,175,176,184,319,320,385,388,389,44,5491,5508,5595,5598,5599,5610,5622,5623,5631,5766,5767,5832,5835,5836,61,6178,731	148,151,152,163,175,176,184,319,320,385,388,389,44,5492,5509,5596,5599,5600,5611,5623,5624,5632,5767,5768,5833,5836,5837,61,6180,732	2	1,2,3,4,5,6,7,8,9,10,11,12,13,14,15,17,18,19,20,21,22,23,24,25,26,27,28,29,30,31	1378	6137	6419	31|1|0|0|0|0|0|1|0|0|0|1
GA	Anocar	LTR	Gypsy	DR0007229	NC_085842.1:73470313-73476731+	NC_085844.1:133716581-133723001-	15	15	0	5491,5508,5595,5598,5599,5610,5622,5623,5631,5766,5767,5832,5835,5836,6178	148,151,152,163,175,176,184,319,320,385,388,389,44,61,732	1	1,2,3,4,5,6,7,8,9,10,11,12,13,14,15	689	689	971	15|0|0|0|0|0|0|0|0|0|0|0
GA	Anocar	LTR	Gypsy	DR0007229	NC_085842.1:73470313-73476731+	NC_085844.1:133716581-133723001-	15	15	0	148,151,152,163,175,176,184,319,320,385,388,389,44,61,731	5492,5509,5596,5599,5600,5611,5623,5624,5632,5767,5768,5833,5836,5837,6180	1	1,2,3,4,5,6,7,8,9,10,11,12,13,14,15	689	689	971	15|0|0|0|0|0|0|0|0|0|0|0
GA	Anocar	LTR	Gypsy	DR0007229	NC_085842.1:73470313-73476731+	NC_085844.1:119988039-119994459+	30	34	0	148,151,152,163,175,176,184,319,320,385,388,389,44,5491,5508,5595,5598,5599,5610,5622,5623,5631,5766,5767,5832,5835,5836,61,6178,731	148,151,152,163,175,176,184,319,320,385,388,389,44,5492,5509,5596,5599,5600,5611,5623,5624,5632,5767,5768,5833,5836,5837,61,6180,732	2	1,2,3,4,5,6,7,8,9,10,11,12,13,14,15,16,17,18,19,20,21,22,23,24,25,26,27,28,29,30	6138	6137	6419	30|2|0|0|0|0|1|1|0|0|0|0
GA	Anocar	LTR	Gypsy	DR0007229	NC_085842.1:73470313-73476731+	NC_085844.1:119988039-119994459+	15	15	0	5491,5508,5595,5598,5599,5610,5622,5623,5631,5766,5767,5832,5835,5836,6178	148,151,152,163,175,176,184,319,320,385,388,389,44,61,732	1	1,2,3,4,5,6,7,8,9,10,11,12,13,14,15	689	689	971	15|0|0|0|0|0|0|0|0|0|0|0
GA	Anocar	LTR	Gypsy	DR0007229	NC_085842.1:73470313-73476731+	NC_085844.1:119988039-119994459+	15	15	0	148,151,152,163,175,176,184,319,320,385,388,389,44,61,731	5492,5509,5596,5599,5600,5611,5623,5624,5632,5767,5768,5833,5836,5837,6180	1	1,2,3,4,5,6,7,8,9,10,11,12,13,14,15	689	689	971	15|0|0|0|0|0|0|0|0|0|0|0
GA	Anocar	LTR	Gypsy	DR0007229	NC_085842.1:73470313-73476731+	NC_085844.1:81301116-81307536-	30	34	0	148,151,152,163,175,176,184,319,320,385,388,389,44,5491,5508,5595,5598,5599,5610,5622,5623,5631,5766,5767,5832,5835,5836,61	148,151,152,163,175,176,184,319,320,385,388,389,44,5492,5509,5596,5599,5600,5611,5623,5624,5632,5767,5768,5833,5836,5837,61	2	1,2,3,4,5,6,7,8,9,10,11,12,13,14,16,17,18,19,20,21,22,23,24,25,26,27,28,29	692	5794	6419	30|1|0|0|0|0|0|3|0|0|0|0
GA	Anocar	LTR	Gypsy	DR0007229	NC_085842.1:73470313-73476731+	NC_085844.1:81301116-81307536-	15	16	0	5491,5508,5595,5598,5599,5610,5622,5623,5631,5766,5767,5832,5835,5836	148,151,152,163,175,176,184,319,320,385,388,389,44,61	1	1,2,3,4,5,6,7,8,9,10,11,12,13,14	346	346	971	15|0|0|0|0|0|0|1|0|0|0|0
GA	Anocar	LTR	Gypsy	DR0007229	NC_085842.1:73470313-73476731+	NC_085844.1:81301116-81307536-	15	16	0	148,151,152,163,175,176,184,319,320,385,388,389,44,61	5492,5509,5596,5599,5600,5611,5623,5624,5632,5767,5768,5833,5836,5837	1	1,2,3,4,5,6,7,8,9,10,11,12,13,14	346	346	971	15|0|0|0|0|0|0|1|0|0|0|0
GA	Anocar	LTR	Gypsy	DR0007229	NC_085842.1:73470313-73476731+	NC_085844.1:45332443-45338863+	30	34	0	148,151,152,163,175,176,184,319,320,385,388,389,44,5491,5508,5595,5598,5599,5610,5622,5623,5631,5766,5767,5832,5835,5836,61	148,151,152,163,175,176,184,319,320,385,388,389,44,5492,5509,5596,5599,5600,5611,5623,5624,5632,5767,5768,5833,5836,5837,61	2	1,2,3,4,5,6,7,8,9,10,11,12,13,14,16,17,18,19,20,21,22,23,24,25,26,27,28,29	692	5794	6419	30|1|0|0|0|0|0|1|0|2|0|0
GA	Anocar	LTR	Gypsy	DR0007229	NC_085842.1:73470313-73476731+	NC_085844.1:45332443-45338863+	15	16	0	5491,5508,5595,5598,5599,5610,5622,5623,5631,5766,5767,5832,5835,5836	148,151,152,163,175,176,184,319,320,385,388,389,44,61	1	1,2,3,4,5,6,7,8,9,10,11,12,13,14	346	346	971	15|0|0|0|0|0|0|0|0|1|0|0
GA	Anocar	LTR	Gypsy	DR0007229	NC_085842.1:73470313-73476731+	NC_085844.1:45332443-45338863+	15	16	0	148,151,152,163,175,176,184,319,320,385,388,389,44,61	5492,5509,5596,5599,5600,5611,5623,5624,5632,5767,5768,5833,5836,5837	1	1,2,3,4,5,6,7,8,9,10,11,12,13,14	346	346	971	15|0|0|0|0|0|0|0|0|1|0|0
GA	Anocar	LTR	Gypsy	DR0007229	NC_085842.1:73470313-73476731+	NC_085843.1:236353555-236359976-	30	33	0	148,151,152,163,175,176,184,319,320,385,388,389,44,5491,5508,5595,5598,5599,5610,5622,5623,5631,5766,5767,5832,5835,5836,61,6178	148,151,152,163,175,176,184,319,320,385,388,389,44,5493,5510,5597,5600,5601,5612,5624,5625,5633,5768,5769,5834,5837,5838,61,6181	2	1,2,3,4,5,6,7,8,9,10,11,12,13,14,16,17,18,19,20,21,22,23,24,25,26,27,28,29,30	1035	6138	6419	30|2|0|0|0|0|0|1|0|0|0|0
GA	Anocar	LTR	Gypsy	DR0007229	NC_085842.1:73470313-73476731+	NC_085843.1:236353555-236359976-	15	15	0	148,151,152,163,175,176,184,319,320,385,388,389,44,61,731	5493,5510,5597,5600,5601,5612,5624,5625,5633,5768,5769,5834,5837,5838,6181	1	1,2,3,4,5,6,7,8,9,10,11,12,13,14,15	689	689	971	15|0|0|0|0|0|0|0|0|0|0|0
GA	Anocar	LTR	Gypsy	DR0007229	NC_085842.1:73470313-73476731+	NC_085843.1:236353555-236359976-	15	16	0	5491,5508,5595,5598,5599,5610,5622,5623,5631,5766,5767,5832,5835,5836	148,151,152,163,175,176,184,319,320,385,388,389,44,61	1	1,2,3,4,5,6,7,8,9,10,11,12,13,14	346	346	972	15|1|0|0|0|0|0|0|0|0|0|0
GA	Anocar	LTR	Gypsy	DR0007229	NC_085842.1:73470313-73476731+	NC_085843.1:204796769-204803189-	30	34	0	148,151,152,163,175,176,184,319,320,385,388,389,44,5491,5508,5595,5598,5599,5610,5622,5623,5631,5766,5767,5832,5835,5836,61,6178,731	148,151,152,163,175,176,184,319,320,385,388,389,44,5492,5509,5596,5599,5600,5611,5623,5624,5632,5767,5768,5833,5836,5837,61,6180,732	2	1,2,3,4,5,6,7,8,9,10,11,12,13,14,15,16,17,18,19,20,21,22,23,24,25,26,27,28,29,30	6138	6137	6419	30|2|0|0|1|0|0|1|0|0|0|0
GA	Anocar	LTR	Gypsy	DR0007229	NC_085842.1:73470313-73476731+	NC_085843.1:204796769-204803189-	15	15	0	5491,5508,5595,5598,5599,5610,5622,5623,5631,5766,5767,5832,5835,5836,6178	148,151,152,163,175,176,184,319,320,385,388,389,44,61,732	1	1,2,3,4,5,6,7,8,9,10,11,12,13,14,15	689	689	971	15|0|0|0|0|0|0|0|0|0|0|0
GA	Anocar	LTR	Gypsy	DR0007229	NC_085842.1:73470313-73476731+	NC_085843.1:204796769-204803189-	15	15	0	148,151,152,163,175,176,184,319,320,385,388,389,44,61,731	5492,5509,5596,5599,5600,5611,5623,5624,5632,5767,5768,5833,5836,5837,6180	1	1,2,3,4,5,6,7,8,9,10,11,12,13,14,15	689	689	971	15|0|0|0|0|0|0|0|0|0|0|0
GA	Anocar	LTR	Gypsy	DR0007229	NC_085842.1:73470313-73476731+	NC_085843.1:131330042-131336462+	30	34	0	148,151,152,163,175,176,184,319,320,385,388,389,44,5491,5508,5595,5598,5599,5610,5622,5623,5631,5766,5767,5832,5835,5836,61,6178,731	148,151,152,163,175,176,184,319,320,385,388,389,44,5492,5509,5596,5599,5600,5611,5623,5624,5632,5767,5768,5833,5836,5837,61,6180,732	2	1,2,3,4,5,6,7,8,9,10,11,12,13,14,15,16,17,18,19,20,21,22,23,24,25,26,27,28,29,30	6138	6137	6419	30|2|0|0|0|0|1|1|0|0|0|0
GA	Anocar	LTR	Gypsy	DR0007229	NC_085842.1:73470313-73476731+	NC_085843.1:131330042-131336462+	15	15	0	5491,5508,5595,5598,5599,5610,5622,5623,5631,5766,5767,5832,5835,5836,6178	148,151,152,163,175,176,184,319,320,385,388,389,44,61,732	1	1,2,3,4,5,6,7,8,9,10,11,12,13,14,15	689	689	971	15|0|0|0|0|0|0|0|0|0|0|0
GA	Anocar	LTR	Gypsy	DR0007229	NC_085842.1:73470313-73476731+	NC_085843.1:131330042-131336462+	15	15	0	148,151,152,163,175,176,184,319,320,385,388,389,44,61,731	5492,5509,5596,5599,5600,5611,5623,5624,5632,5767,5768,5833,5836,5837,6180	1	1,2,3,4,5,6,7,8,9,10,11,12,13,14,15	689	689	971	15|0|0|0|0|0|0|0|0|0|0|0
GA	Anocar	LTR	Gypsy	DR0007229	NC_085842.1:73470313-73476731+	NC_085843.1:95625264-95631684+	30	34	0	148,151,152,163,175,176,184,319,320,385,388,389,44,5491,5508,5595,5598,5599,5610,5622,5623,5631,5766,5767,5832,5835,5836,61,6178,731	148,151,152,163,175,176,184,319,320,385,388,389,44,5492,5509,5596,5599,5600,5611,5623,5624,5632,5767,5768,5833,5836,5837,61,6180,732	2	1,2,3,4,5,6,7,8,9,10,11,12,13,14,15,16,17,18,19,20,21,22,23,24,25,26,27,28,29,30	6138	6137	6419	30|2|0|0|0|1|0|1|0|0|0|0
GA	Anocar	LTR	Gypsy	DR0007229	NC_085842.1:73470313-73476731+	NC_085843.1:95625264-95631684+	15	15	0	5491,5508,5595,5598,5599,5610,5622,5623,5631,5766,5767,5832,5835,5836,6178	148,151,152,163,175,176,184,319,320,385,388,389,44,61,732	1	1,2,3,4,5,6,7,8,9,10,11,12,13,14,15	689	689	971	15|0|0|0|0|0|0|0|0|0|0|0
GA	Anocar	LTR	Gypsy	DR0007229	NC_085842.1:73470313-73476731+	NC_085843.1:95625264-95631684+	15	15	0	148,151,152,163,175,176,184,319,320,385,388,389,44,61,731	5492,5509,5596,5599,5600,5611,5623,5624,5632,5767,5768,5833,5836,5837,6180	1	1,2,3,4,5,6,7,8,9,10,11,12,13,14,15	689	689	971	15|0|0|0|0|0|0|0|0|0|0|0
GA	Anocar	LTR	Gypsy	DR0007229	NC_085842.1:73470313-73476731+	NC_085843.1:30235024-30241444-	30	34	0	148,151,152,163,175,176,184,319,320,44,5491,5508,5595,5598,5599,5610,5622,5623,5631,5766,5767,61	148,151,152,163,175,176,184,319,320,44,5492,5509,5596,5599,5600,5611,5623,5624,5632,5767,5768,61	2	1,2,3,4,5,6,7,8,9,10,11,16,17,18,19,20,21,22,23,24,25,26	554	5725	6419	30|1|0|0|0|0|0|1|0|0|0|2
GA	Anocar	LTR	Gypsy	DR0007229	NC_085842.1:73470313-73476731+	NC_085843.1:30235024-30241444-	15	16	0	5491,5508,5595,5598,5599,5610,5622,5623,5631,5766,5767	148,151,152,163,175,176,184,319,320,44,61	1	1,2,3,4,5,6,7,8,9,10,11	277	277	971	15|0|0|0|0|0|0|0|0|0|0|1
GA	Anocar	LTR	Gypsy	DR0007229	NC_085842.1:73470313-73476731+	NC_085843.1:30235024-30241444-	15	16	0	148,151,152,163,175,176,184,319,320,44,61	5492,5509,5596,5599,5600,5611,5623,5624,5632,5767,5768	1	1,2,3,4,5,6,7,8,9,10,11	277	277	971	15|0|0|0|0|0|0|0|0|0|0|1
GA	Anocar	LTR	Gypsy	DR0007229	NC_085842.1:73470313-73476731+	NC_085843.1:16594638-16601058-	30	34	0	148,151,152,163,175,176,184,319,320,385,388,389,44,5491,5508,5595,5598,5599,5610,5622,5623,5631,5766,5767,5832,5835,5836,61,6178,731	148,151,152,163,175,176,184,319,320,385,388,389,44,5492,5509,5596,5599,5600,5611,5623,5624,5632,5767,5768,5833,5836,5837,61,6180,732	2	1,2,3,4,5,6,7,8,9,10,11,12,13,14,15,16,17,18,19,20,21,22,23,24,25,26,27,28,29,30	6138	6137	6419	30|1|0|0|1|0|0|2|0|0|0|0
GA	Anocar	LTR	Gypsy	DR0007229	NC_085842.1:73470313-73476731+	NC_085843.1:16594638-16601058-	15	15	0	148,151,152,163,175,176,184,319,320,385,388,389,44,61,731	5492,5509,5596,5599,5600,5611,5623,5624,5632,5767,5768,5833,5836,5837,6180	1	1,2,3,4,5,6,7,8,9,10,11,12,13,14,15	689	689	971	15|0|0|0|0|0|0|0|0|0|0|0
GA	Anocar	LTR	Gypsy	DR0007229	NC_085842.1:73470313-73476731+	NC_085843.1:16594638-16601058-	15	16	0	5491,5508,5595,5598,5599,5610,5622,5623,5631,5766,5767,5832,5835,5836,6178	148,151,152,163,175,176,184,319,320,385,388,389,44,61,732	1	1,2,3,4,5,6,7,8,9,10,11,12,13,14,15	689	689	971	15|0|0|0|0|0|0|1|0|0|0|0
GA	Anocar	LTR	Gypsy	DR0007229	NC_085842.1:73470313-73476731+	NC_085842.1:303408460-303414880+	30	34	0	148,151,152,163,175,176,184,319,320,385,388,389,44,5491,5508,5595,5598,5599,5610,5622,5623,5631,5766,5767,5832,5835,5836,61,6178,731	148,151,152,163,175,176,184,319,320,385,388,389,44,5492,5509,5596,5599,5600,5611,5623,5624,5632,5767,5768,5833,5836,5837,61,6180,732	2	1,2,3,4,5,6,7,8,9,10,11,12,13,14,15,16,17,18,19,20,21,22,23,24,25,26,27,28,29,30	6138	6137	6419	30|1|0|0|0|0|1|2|0|0|0|0
GA	Anocar	LTR	Gypsy	DR0007229	NC_085842.1:73470313-73476731+	NC_085842.1:303408460-303414880+	15	15	0	5491,5508,5595,5598,5599,5610,5622,5623,5631,5766,5767,5832,5835,5836,6178	148,151,152,163,175,176,184,319,320,385,388,389,44,61,732	1	1,2,3,4,5,6,7,8,9,10,11,12,13,14,15	689	689	971	15|0|0|0|0|0|0|0|0|0|0|0
GA	Anocar	LTR	Gypsy	DR0007229	NC_085842.1:73470313-73476731+	NC_085842.1:303408460-303414880+	15	15	0	148,151,152,163,175,176,184,319,320,385,388,389,44,61,731	5492,5509,5596,5599,5600,5611,5623,5624,5632,5767,5768,5833,5836,5837,6180	1	1,2,3,4,5,6,7,8,9,10,11,12,13,14,15	689	689	971	15|0|0|0|0|0|0|0|0|0|0|0
GA	Anocar	LTR	Gypsy	DR0007229	NC_085842.1:73470313-73476731+	NC_085842.1:278597762-278604182-	31	34	0	148,151,152,163,175,176,184,319,320,385,388,389,44,5491,5508,5595,5598,5599,5610,5622,5623,5631,5766,5767,5832,5835,5836,61,6178,731	148,151,152,163,175,176,184,319,320,385,388,389,44,5492,5509,5596,5599,5600,5611,5623,5624,5632,5767,5768,5833,5836,5837,61,6180,732	2	1,2,3,4,5,6,7,8,9,10,11,12,13,14,15,17,18,19,20,21,22,23,24,25,26,27,28,29,30,31	1378	6137	6419	31|1|0|0|0|0|0|1|0|0|0|1
GA	Anocar	LTR	Gypsy	DR0007229	NC_085842.1:73470313-73476731+	NC_085842.1:278597762-278604182-	15	15	0	5491,5508,5595,5598,5599,5610,5622,5623,5631,5766,5767,5832,5835,5836,6178	148,151,152,163,175,176,184,319,320,385,388,389,44,61,732	1	1,2,3,4,5,6,7,8,9,10,11,12,13,14,15	689	689	971	15|0|0|0|0|0|0|0|0|0|0|0
GA	Anocar	LTR	Gypsy	DR0007229	NC_085842.1:73470313-73476731+	NC_085842.1:278597762-278604182-	15	15	0	148,151,152,163,175,176,184,319,320,385,388,389,44,61,731	5492,5509,5596,5599,5600,5611,5623,5624,5632,5767,5768,5833,5836,5837,6180	1	1,2,3,4,5,6,7,8,9,10,11,12,13,14,15	689	689	971	15|0|0|0|0|0|0|0|0|0|0|0
GA	Anocar	LTR	Gypsy	DR0007229	NC_085842.1:73470313-73476731+	NC_085842.1:272937117-272943537+	30	34	0	148,151,152,163,175,176,184,319,320,385,388,389,5595,5598,5599,5610,5622,5623,5631,5766,5767,5832,5835,5836,6178,731	148,151,152,163,175,176,184,319,320,385,388,389,5596,5599,5600,5611,5623,5624,5632,5767,5768,5833,5836,5837,6180,732	2	3,4,5,6,7,8,9,10,11,12,13,14,15,18,19,20,21,22,23,24,25,26,27,28,29,30	1170	6033	6419	30|1|0|0|0|2|0|1|0|0|0|0
GA	Anocar	LTR	Gypsy	DR0007229	NC_085842.1:73470313-73476731+	NC_085842.1:272937117-272943537+	15	16	0	5595,5598,5599,5610,5622,5623,5631,5766,5767,5832,5835,5836,6178	148,151,152,163,175,176,184,319,320,385,388,389,732	1	3,4,5,6,7,8,9,10,11,12,13,14,15	585	585	971	15|0|0|0|0|1|0|0|0|0|0|0
GA	Anocar	LTR	Gypsy	DR0007229	NC_085842.1:73470313-73476731+	NC_085842.1:272937117-272943537+	15	16	0	148,151,152,163,175,176,184,319,320,385,388,389,731	5596,5599,5600,5611,5623,5624,5632,5767,5768,5833,5836,5837,6180	1	3,4,5,6,7,8,9,10,11,12,13,14,15	585	585	971	15|0|0|0|0|1|0|0|0|0|0|0
GA	Anocar	LTR	Gypsy	DR0007229	NC_085842.1:73470313-73476731+	NC_085842.1:188384652-188391072+	30	34	0	148,151,152,163,175,176,184,319,320,385,388,389,44,5491,5508,5595,5598,5599,5610,5622,5623,5631,5766,5767,5832,5835,5836,61,6178,731	148,151,152,163,175,176,184,319,320,385,388,389,44,5492,5509,5596,5599,5600,5611,5623,5624,5632,5767,5768,5833,5836,5837,61,6180,732	2	1,2,3,4,5,6,7,8,9,10,11,12,13,14,15,16,17,18,19,20,21,22,23,24,25,26,27,28,29,30	6138	6137	6419	30|2|0|0|0|0|0|2|0|0|0|0
GA	Anocar	LTR	Gypsy	DR0007229	NC_085842.1:73470313-73476731+	NC_085842.1:188384652-188391072+	15	15	0	5491,5508,5595,5598,5599,5610,5622,5623,5631,5766,5767,5832,5835,5836,6178	148,151,152,163,175,176,184,319,320,385,388,389,44,61,732	1	1,2,3,4,5,6,7,8,9,10,11,12,13,14,15	689	689	971	15|0|0|0|0|0|0|0|0|0|0|0
GA	Anocar	LTR	Gypsy	DR0007229	NC_085842.1:73470313-73476731+	NC_085842.1:188384652-188391072+	15	15	0	148,151,152,163,175,176,184,319,320,385,388,389,44,61,731	5492,5509,5596,5599,5600,5611,5623,5624,5632,5767,5768,5833,5836,5837,6180	1	1,2,3,4,5,6,7,8,9,10,11,12,13,14,15	689	689	971	15|0|0|0|0|0|0|0|0|0|0|0
GA	Anocar	LTR	Gypsy	DR0007229	NC_085842.1:73470313-73476731+	NC_085846.1:35991172-35997591+	30	33	0	148,151,152,163,175,176,184,319,320,385,388,389,44,5491,5508,5595,5598,5599,5610,5622,5623,5631,5766,5767,5832,5835,5836,61,6178,731	148,151,152,163,175,176,184,319,320,385,388,389,44,5491,5508,5595,5598,5599,5610,5622,5623,5631,5766,5767,5832,5835,5836,61,6179,732	2	1,2,3,4,5,6,7,8,9,10,11,12,13,14,15,16,17,18,19,20,21,22,23,24,25,26,27,28,29,30	6137	6136	6418	30|1|0|0|0|0|1|1|0|0|0|0
GA	Anocar	LTR	Gypsy	DR0007229	NC_085842.1:73470313-73476731+	NC_085846.1:35991172-35997591+	15	15	0	5491,5508,5595,5598,5599,5610,5622,5623,5631,5766,5767,5832,5835,5836,6178	148,151,152,163,175,176,184,319,320,385,388,389,44,61,732	1	1,2,3,4,5,6,7,8,9,10,11,12,13,14,15	689	689	971	15|0|0|0|0|0|0|0|0|0|0|0
GA	Anocar	LTR	Gypsy	DR0007229	NC_085842.1:73470313-73476731+	NC_085846.1:35991172-35997591+	15	15	0	148,151,152,163,175,176,184,319,320,385,388,389,44,61,731	5491,5508,5595,5598,5599,5610,5622,5623,5631,5766,5767,5832,5835,5836,6179	1	1,2,3,4,5,6,7,8,9,10,11,12,13,14,15	689	689	971	15|0|0|0|0|0|0|0|0|0|0|0
GA	Anocar	LTR	Gypsy	DR0007229	NC_085842.1:73470313-73476731+	NC_085844.1:148912396-148918815+	30	33	0	148,151,152,163,175,176,184,319,320,385,388,389,44,5491,5508,5595,5598,5599,5610,5622,5623,5631,5766,5767,5832,5835,5836,61,6178,731	148,151,152,163,175,176,184,319,320,385,388,389,44,5491,5508,5595,5598,5599,5610,5622,5623,5631,5766,5767,5832,5835,5836,61,6179,732	2	1,2,3,4,5,6,7,8,9,10,11,12,13,14,15,16,17,18,19,20,21,22,23,24,25,26,27,28,29,30	6137	6136	6418	30|2|0|0|0|0|0|1|0|0|0|0
GA	Anocar	LTR	Gypsy	DR0007229	NC_085842.1:73470313-73476731+	NC_085844.1:148912396-148918815+	15	15	0	5491,5508,5595,5598,5599,5610,5622,5623,5631,5766,5767,5832,5835,5836,6178	148,151,152,163,175,176,184,319,320,385,388,389,44,61,732	1	1,2,3,4,5,6,7,8,9,10,11,12,13,14,15	689	689	971	15|0|0|0|0|0|0|0|0|0|0|0
GA	Anocar	LTR	Gypsy	DR0007229	NC_085842.1:73470313-73476731+	NC_085844.1:148912396-148918815+	15	15	0	148,151,152,163,175,176,184,319,320,385,388,389,44,61,731	5491,5508,5595,5598,5599,5610,5622,5623,5631,5766,5767,5832,5835,5836,6179	1	1,2,3,4,5,6,7,8,9,10,11,12,13,14,15	689	689	971	15|0|0|0|0|0|0|0|0|0|0|0
GA	Anocar	LTR	Gypsy	DR0007229	NC_085842.1:73470313-73476731+	NC_085844.1:91448081-91454503-	29	33	0	148,152,163,175,176,184,319,320,385,388,389,44,5164,5491,5508,5595,5599,5610,5622,5623,5631,5766,5767,5832,5835,5836,61,6178,731	148,152,163,175,176,184,319,320,385,388,389,44,5166,5493,5510,5597,5601,5612,5624,5625,5633,5768,5769,5834,5837,5838,61,6182,733	2	1,2,3,4,5,6,7,8,9,10,11,12,13,14,15,16,17,18,19,20,21,22,23,24,25,26,27,28,29	6140	6139	6420	29|2|0|0|0|0|0|1|0|1|0|0
GA	Anocar	LTR	Gypsy	DR0007229	NC_085842.1:73470313-73476731+	NC_085844.1:91448081-91454503-	14	14	0	5491,5508,5595,5599,5610,5622,5623,5631,5766,5767,5832,5835,5836,6178	148,152,163,175,176,184,319,320,385,388,389,44,61,733	1	1,2,3,4,5,6,7,8,9,10,11,12,13,14	690	690	972	14|0|0|0|0|0|0|0|0|0|0|0
GA	Anocar	LTR	Gypsy	DR0007229	NC_085842.1:73470313-73476731+	NC_085844.1:91448081-91454503-	14	14	0	148,152,163,175,176,184,319,320,385,388,389,44,61,731	5493,5510,5597,5601,5612,5624,5625,5633,5768,5769,5834,5837,5838,6182	1	1,2,3,4,5,6,7,8,9,10,11,12,13,14	690	690	972	14|0|0|0|0|0|0|0|0|0|0|0
GA	Anocar	LTR	Gypsy	DR0007229	NC_085842.1:73470313-73476731+	NW_026943823.1:23580543-23586963+	30	35	0	148,151,152,163,175,176,184,319,320,385,388,389,44,5491,5508,5595,5598,5599,5610,5622,5623,5631,5766,5767,5832,5835,5836,61	148,151,152,163,175,176,184,319,320,385,388,389,44,5492,5509,5596,5599,5600,5611,5623,5624,5632,5767,5768,5833,5836,5837,61	2	1,2,3,4,5,6,7,8,9,10,11,12,13,14,16,17,18,19,20,21,22,23,24,25,26,27,28,29	692	5794	6419	30|2|0|0|0|0|0|1|0|2|0|0
GA	Anocar	LTR	Gypsy	DR0007229	NC_085842.1:73470313-73476731+	NW_026943823.1:23580543-23586963+	15	16	0	5491,5508,5595,5598,5599,5610,5622,5623,5631,5766,5767,5832,5835,5836	148,151,152,163,175,176,184,319,320,385,388,389,44,61	1	1,2,3,4,5,6,7,8,9,10,11,12,13,14	346	346	971	15|0|0|0|0|0|0|0|0|1|0|0
GA	Anocar	LTR	Gypsy	DR0007229	NC_085842.1:73470313-73476731+	NW_026943823.1:23580543-23586963+	15	16	0	148,151,152,163,175,176,184,319,320,385,388,389,44,61	5492,5509,5596,5599,5600,5611,5623,5624,5632,5767,5768,5833,5836,5837	1	1,2,3,4,5,6,7,8,9,10,11,12,13,14	346	346	971	15|0|0|0|0|0|0|0|0|1|0|0
GA	Anocar	LTR	Gypsy	DR0007229	NC_085842.1:73470313-73476731+	NW_026943821.1:15819692-15826112-	30	35	0	148,151,152,163,175,176,184,319,320,385,388,389,44,5491,5508,5595,5598,5599,5610,5622,5623,5631,5766,5767,5832,5835,5836,61,6178,731	148,151,152,163,175,176,184,319,320,385,388,389,44,5492,5509,5596,5599,5600,5611,5623,5624,5632,5767,5768,5833,5836,5837,61,6180,732	2	1,2,3,4,5,6,7,8,9,10,11,12,13,14,15,16,17,18,19,20,21,22,23,24,25,26,27,28,29,30	6138	6137	6419	30|1|0|0|0|0|1|3|0|0|0|0
GA	Anocar	LTR	Gypsy	DR0007229	NC_085842.1:73470313-73476731+	NW_026943821.1:15819692-15826112-	15	15	0	5491,5508,5595,5598,5599,5610,5622,5623,5631,5766,5767,5832,5835,5836,6178	148,151,152,163,175,176,184,319,320,385,388,389,44,61,732	1	1,2,3,4,5,6,7,8,9,10,11,12,13,14,15	689	689	971	15|0|0|0|0|0|0|0|0|0|0|0
GA	Anocar	LTR	Gypsy	DR0007229	NC_085842.1:73470313-73476731+	NW_026943821.1:15819692-15826112-	15	15	0	148,151,152,163,175,176,184,319,320,385,388,389,44,61,731	5492,5509,5596,5599,5600,5611,5623,5624,5632,5767,5768,5833,5836,5837,6180	1	1,2,3,4,5,6,7,8,9,10,11,12,13,14,15	689	689	971	15|0|0|0|0|0|0|0|0|0|0|0
GA	Anocar	LTR	Gypsy	DR0007229	NC_085842.1:73470313-73476731+	NW_026943819.1:28205658-28212078+	31	35	0	148,151,152,163,175,176,184,319,320,385,388,389,44,5491,5508,5595,5598,5599,5610,5622,5623,5631,5766,5767,5832,5835,5836,61,6178,731	148,151,152,163,175,176,184,319,320,385,388,389,44,5492,5509,5596,5599,5600,5611,5623,5624,5632,5767,5768,5833,5836,5837,61,6180,732	2	1,2,3,4,5,6,7,8,9,10,11,12,13,14,15,17,18,19,20,21,22,23,24,25,26,27,28,29,30,31	1378	6137	6419	31|3|0|0|0|0|0|1|0|0|0|0
GA	Anocar	LTR	Gypsy	DR0007229	NC_085842.1:73470313-73476731+	NW_026943819.1:28205658-28212078+	15	16	0	5491,5508,5595,5598,5599,5610,5622,5623,5631,5766,5767,5832,5835,5836,6178	148,151,152,163,175,176,184,319,320,385,388,389,44,61,732	1	1,2,3,4,5,6,7,8,9,10,11,12,13,14,15	689	689	971	15|1|0|0|0|0|0|0|0|0|0|0
GA	Anocar	LTR	Gypsy	DR0007229	NC_085842.1:73470313-73476731+	NW_026943819.1:28205658-28212078+	15	16	0	148,151,152,163,175,176,184,319,320,385,388,389,44,61,731	5492,5509,5596,5599,5600,5611,5623,5624,5632,5767,5768,5833,5836,5837,6180	1	1,2,3,4,5,6,7,8,9,10,11,12,13,14,15	689	689	971	15|1|0|0|0|0|0|0|0|0|0|0
GA	Anocar	LTR	Gypsy	DR0007229	NC_085842.1:73470313-73476731+	NC_085845.1:20285584-20292004-	31	35	0	148,151,152,163,175,176,184,319,320,385,388,389,44,5491,5508,5595,5598,5599,5610,5622,5623,5631,5766,5767,5832,5835,5836,61	148,151,152,163,175,176,184,319,320,385,388,389,44,5492,5509,5596,5599,5600,5611,5623,5624,5632,5767,5768,5833,5836,5837,61	2	1,2,3,4,5,6,7,8,9,10,11,12,13,14,17,18,19,20,21,22,23,24,25,26,27,28,29,30	692	5794	6419	31|1|0|0|0|0|0|1|0|2|0|0
GA	Anocar	LTR	Gypsy	DR0007229	NC_085842.1:73470313-73476731+	NC_085845.1:20285584-20292004-	15	16	0	5491,5508,5595,5598,5599,5610,5622,5623,5631,5766,5767,5832,5835,5836	148,151,152,163,175,176,184,319,320,385,388,389,44,61	1	1,2,3,4,5,6,7,8,9,10,11,12,13,14	346	346	971	15|0|0|0|0|0|0|0|0|1|0|0
GA	Anocar	LTR	Gypsy	DR0007229	NC_085842.1:73470313-73476731+	NC_085845.1:20285584-20292004-	15	16	0	148,151,152,163,175,176,184,319,320,385,388,389,44,61	5492,5509,5596,5599,5600,5611,5623,5624,5632,5767,5768,5833,5836,5837	1	1,2,3,4,5,6,7,8,9,10,11,12,13,14	346	346	971	15|0|0|0|0|0|0|0|0|1|0|0
GA	Anocar	LTR	Gypsy	DR0007229	NC_085842.1:73470313-73476731+	NC_085845.1:2855597-2862017+	30	35	0	148,151,152,163,175,176,184,319,320,385,388,389,44,5491,5508,5595,5598,5599,5610,5622,5623,5631,5766,5767,5832,5835,5836,61	148,151,152,163,175,176,184,319,320,385,388,389,44,5492,5509,5596,5599,5600,5611,5623,5624,5632,5767,5768,5833,5836,5837,61	2	1,2,3,4,5,6,7,8,9,10,11,12,13,14,16,17,18,19,20,21,22,23,24,25,26,27,28,29	692	5794	6419	30|1|0|0|0|0|0|2|0|2|0|0
GA	Anocar	LTR	Gypsy	DR0007229	NC_085842.1:73470313-73476731+	NC_085845.1:2855597-2862017+	15	16	0	5491,5508,5595,5598,5599,5610,5622,5623,5631,5766,5767,5832,5835,5836	148,151,152,163,175,176,184,319,320,385,388,389,44,61	1	1,2,3,4,5,6,7,8,9,10,11,12,13,14	346	346	971	15|0|0|0|0|0|0|0|0|1|0|0
GA	Anocar	LTR	Gypsy	DR0007229	NC_085842.1:73470313-73476731+	NC_085845.1:2855597-2862017+	15	16	0	148,151,152,163,175,176,184,319,320,385,388,389,44,61	5492,5509,5596,5599,5600,5611,5623,5624,5632,5767,5768,5833,5836,5837	1	1,2,3,4,5,6,7,8,9,10,11,12,13,14	346	346	971	15|0|0|0|0|0|0|0|0|1|0|0
GA	Anocar	LTR	Gypsy	DR0007229	NC_085842.1:73470313-73476731+	NC_085843.1:285928208-285934628-	30	35	0	148,151,152,163,175,176,184,319,320,385,388,389,44,5491,5508,5595,5598,5599,5610,5622,5623,5631,5766,5767,5832,5835,5836,61	148,151,152,163,175,176,184,319,320,385,388,389,44,5492,5509,5596,5599,5600,5611,5623,5624,5632,5767,5768,5833,5836,5837,61	2	1,2,3,4,5,6,7,8,9,10,11,12,13,14,16,17,18,19,20,21,22,23,24,25,26,27,28,29	692	5794	6419	30|1|0|0|1|0|0|1|0|2|0|0
GA	Anocar	LTR	Gypsy	DR0007229	NC_085842.1:73470313-73476731+	NC_085843.1:285928208-285934628-	15	16	0	5491,5508,5595,5598,5599,5610,5622,5623,5631,5766,5767,5832,5835,5836	148,151,152,163,175,176,184,319,320,385,388,389,44,61	1	1,2,3,4,5,6,7,8,9,10,11,12,13,14	346	346	971	15|0|0|0|0|0|0|0|0|1|0|0
GA	Anocar	LTR	Gypsy	DR0007229	NC_085842.1:73470313-73476731+	NC_085843.1:285928208-285934628-	15	16	0	148,151,152,163,175,176,184,319,320,385,388,389,44,61	5492,5509,5596,5599,5600,5611,5623,5624,5632,5767,5768,5833,5836,5837	1	1,2,3,4,5,6,7,8,9,10,11,12,13,14	346	346	971	15|0|0|0|0|0|0|0|0|1|0|0
GA	Anocar	LTR	Gypsy	DR0007229	NC_085842.1:73470313-73476731+	NC_085843.1:278198332-278204752-	30	35	0	148,151,152,163,175,176,184,319,320,385,388,389,44,5491,5508,5595,5598,5599,5610,5622,5623,5631,5766,5767,5832,5835,5836,61,6178,731	148,151,152,163,175,176,184,319,320,385,388,389,44,5492,5509,5596,5599,5600,5611,5623,5624,5632,5767,5768,5833,5836,5837,61,6180,732	2	1,2,3,4,5,6,7,8,9,10,11,12,13,14,15,16,17,18,19,20,21,22,23,24,25,26,27,28,29,30	6138	6137	6419	30|1|0|2|0|1|0|1|0|0|0|0
GA	Anocar	LTR	Gypsy	DR0007229	NC_085842.1:73470313-73476731+	NC_085843.1:278198332-278204752-	15	16	0	5491,5508,5595,5598,5599,5610,5622,5623,5631,5766,5767,5832,5835,5836,6178	148,151,152,163,175,176,184,319,320,385,388,389,44,61,732	1	1,2,3,4,5,6,7,8,9,10,11,12,13,14,15	689	689	971	15|0|0|1|0|0|0|0|0|0|0|0
GA	Anocar	LTR	Gypsy	DR0007229	NC_085842.1:73470313-73476731+	NC_085843.1:278198332-278204752-	15	16	0	148,151,152,163,175,176,184,319,320,385,388,389,44,61,731	5492,5509,5596,5599,5600,5611,5623,5624,5632,5767,5768,5833,5836,5837,6180	1	1,2,3,4,5,6,7,8,9,10,11,12,13,14,15	689	689	971	15|0|0|1|0|0|0|0|0|0|0|0
GA	Anocar	LTR	Gypsy	DR0007229	NC_085842.1:73470313-73476731+	NC_085843.1:260045492-260051912+	30	35	0	148,151,152,163,175,176,184,319,320,385,388,389,44,5491,5508,5595,5598,5599,5610,5622,5623,5631,5766,5767,5832,5835,5836,61,6178,731	148,151,152,163,175,176,184,319,320,385,388,389,44,5492,5509,5596,5599,5600,5611,5623,5624,5632,5767,5768,5833,5836,5837,61,6180,732	2	1,2,3,4,5,6,7,8,9,10,11,12,13,14,15,16,17,18,19,20,21,22,23,24,25,26,27,28,29,30	6138	6137	6419	30|2|0|0|0|1|1|1|0|0|0|0
GA	Anocar	LTR	Gypsy	DR0007229	NC_085842.1:73470313-73476731+	NC_085843.1:260045492-260051912+	15	15	0	5491,5508,5595,5598,5599,5610,5622,5623,5631,5766,5767,5832,5835,5836,6178	148,151,152,163,175,176,184,319,320,385,388,389,44,61,732	1	1,2,3,4,5,6,7,8,9,10,11,12,13,14,15	689	689	971	15|0|0|0|0|0|0|0|0|0|0|0
GA	Anocar	LTR	Gypsy	DR0007229	NC_085842.1:73470313-73476731+	NC_085843.1:260045492-260051912+	15	15	0	148,151,152,163,175,176,184,319,320,385,388,389,44,61,731	5492,5509,5596,5599,5600,5611,5623,5624,5632,5767,5768,5833,5836,5837,6180	1	1,2,3,4,5,6,7,8,9,10,11,12,13,14,15	689	689	971	15|0|0|0|0|0|0|0|0|0|0|0
GA	Anocar	LTR	Gypsy	DR0007229	NC_085842.1:73470313-73476731+	NC_085843.1:192248248-192254668+	30	35	0	148,151,152,163,175,176,184,319,320,385,388,389,44,5491,5508,5595,5598,5599,5610,5622,5623,5631,5766,5767,5832,5835,5836,61	148,151,152,163,175,176,184,319,320,385,388,389,44,5492,5509,5596,5599,5600,5611,5623,5624,5632,5767,5768,5833,5836,5837,61	2	1,2,3,4,5,6,7,8,9,10,11,12,13,14,16,17,18,19,20,21,22,23,24,25,26,27,28,29	692	5794	6419	30|3|0|0|0|0|1|1|0|0|0|0
GA	Anocar	LTR	Gypsy	DR0007229	NC_085842.1:73470313-73476731+	NC_085843.1:192248248-192254668+	15	16	0	5491,5508,5595,5598,5599,5610,5622,5623,5631,5766,5767,5832,5835,5836	148,151,152,163,175,176,184,319,320,385,388,389,44,61	1	1,2,3,4,5,6,7,8,9,10,11,12,13,14	346	346	971	15|1|0|0|0|0|0|0|0|0|0|0
GA	Anocar	LTR	Gypsy	DR0007229	NC_085842.1:73470313-73476731+	NC_085843.1:192248248-192254668+	15	16	0	148,151,152,163,175,176,184,319,320,385,388,389,44,61	5492,5509,5596,5599,5600,5611,5623,5624,5632,5767,5768,5833,5836,5837	1	1,2,3,4,5,6,7,8,9,10,11,12,13,14	346	346	971	15|1|0|0|0|0|0|0|0|0|0|0
GA	Anocar	LTR	Gypsy	DR0007229	NC_085842.1:73470313-73476731+	NC_085842.1:287948493-287954914+	31	34	0	148,151,152,163,175,176,184,319,320,385,388,389,44,5491,5508,5595,5598,5599,5610,5622,5623,5631,5766,5767,5832,5835,5836,61,6178,731	148,151,152,163,175,176,184,319,320,385,388,389,44,5492,5509,5596,5599,5600,5611,5623,5624,5632,5767,5768,5833,5836,5837,61,6180,732	2	1,2,3,4,5,6,7,8,9,10,11,12,13,14,15,17,18,19,20,21,22,23,24,25,26,27,28,29,30,31	1378	6137	6419	31|1|0|0|0|0|1|1|0|0|0|0
GA	Anocar	LTR	Gypsy	DR0007229	NC_085842.1:73470313-73476731+	NC_085842.1:287948493-287954914+	15	15	0	5491,5508,5595,5598,5599,5610,5622,5623,5631,5766,5767,5832,5835,5836,6178	148,151,152,163,175,176,184,319,320,385,388,389,44,61,732	1	1,2,3,4,5,6,7,8,9,10,11,12,13,14,15	689	689	971	15|0|0|0|0|0|0|0|0|0|0|0
GA	Anocar	LTR	Gypsy	DR0007229	NC_085842.1:73470313-73476731+	NC_085842.1:287948493-287954914+	15	15	0	148,151,152,163,175,176,184,319,320,385,388,389,44,61,731	5492,5509,5596,5599,5600,5611,5623,5624,5632,5767,5768,5833,5836,5837,6180	1	1,2,3,4,5,6,7,8,9,10,11,12,13,14,15	689	689	972	15|0|0|0|0|0|0|0|0|0|0|0
GA	Anocar	LTR	Gypsy	DR0007229	NC_085842.1:73470313-73476731+	NC_085842.1:283703130-283709550-	30	35	0	148,151,152,163,175,176,184,319,320,385,388,389,44,5491,5508,5595,5598,5599,5610,5622,5623,5631,5766,5767,5832,5835,5836,61,6178,731	148,151,152,163,175,176,184,319,320,385,388,389,44,5492,5509,5596,5599,5600,5611,5623,5624,5632,5767,5768,5833,5836,5837,61,6180,732	2	1,2,3,4,5,6,7,8,9,10,11,12,13,14,15,16,17,18,19,20,21,22,23,24,25,26,27,28,29,30	6138	6137	6419	30|1|0|0|0|0|2|1|0|0|0|1
GA	Anocar	LTR	Gypsy	DR0007229	NC_085842.1:73470313-73476731+	NC_085842.1:283703130-283709550-	15	15	0	5491,5508,5595,5598,5599,5610,5622,5623,5631,5766,5767,5832,5835,5836,6178	148,151,152,163,175,176,184,319,320,385,388,389,44,61,732	1	1,2,3,4,5,6,7,8,9,10,11,12,13,14,15	689	689	971	15|0|0|0|0|0|0|0|0|0|0|0
GA	Anocar	LTR	Gypsy	DR0007229	NC_085842.1:73470313-73476731+	NC_085842.1:283703130-283709550-	15	15	0	148,151,152,163,175,176,184,319,320,385,388,389,44,61,731	5492,5509,5596,5599,5600,5611,5623,5624,5632,5767,5768,5833,5836,5837,6180	1	1,2,3,4,5,6,7,8,9,10,11,12,13,14,15	689	689	971	15|0|0|0|0|0|0|0|0|0|0|0
GA	Anocar	LTR	Gypsy	DR0007229	NC_085842.1:73470313-73476731+	NC_085842.1:148426000-148432420-	30	35	0	148,151,152,163,175,176,184,319,320,385,388,389,44,5491,5508,5595,5598,5599,5610,5622,5623,5631,5766,5767,5832,5835,5836,61,6178,731	148,151,152,163,175,176,184,319,320,385,388,389,44,5492,5509,5596,5599,5600,5611,5623,5624,5632,5767,5768,5833,5836,5837,61,6180,732	2	1,2,3,4,5,6,7,8,9,10,11,12,13,14,15,16,17,18,19,20,21,22,23,24,25,26,27,28,29,30	6138	6137	6419	30|1|0|0|1|0|0|1|0|0|0|2
GA	Anocar	LTR	Gypsy	DR0007229	NC_085842.1:73470313-73476731+	NC_085842.1:148426000-148432420-	15	16	0	5491,5508,5595,5598,5599,5610,5622,5623,5631,5766,5767,5832,5835,5836,6178	148,151,152,163,175,176,184,319,320,385,388,389,44,61,732	1	1,2,3,4,5,6,7,8,9,10,11,12,13,14,15	689	689	971	15|0|0|0|0|0|0|0|0|0|0|1
GA	Anocar	LTR	Gypsy	DR0007229	NC_085842.1:73470313-73476731+	NC_085842.1:148426000-148432420-	15	16	0	148,151,152,163,175,176,184,319,320,385,388,389,44,61,731	5492,5509,5596,5599,5600,5611,5623,5624,5632,5767,5768,5833,5836,5837,6180	1	1,2,3,4,5,6,7,8,9,10,11,12,13,14,15	689	689	971	15|0|0|0|0|0|0|0|0|0|0|1
GA	Anocar	LTR	Gypsy	DR0007229	NC_085842.1:73470313-73476731+	NC_085844.1:203446469-203452887+	30	33	0	148,151,152,163,175,176,184,319,320,385,388,389,44,5491,5508,5595,5598,5599,5610,5622,5623,5631,5766,5767,5832,5835,5836,61,6178,731	148,151,152,163,175,176,184,319,320,385,388,389,44,5491,5508,5595,5598,5599,5610,5622,5623,5631,5766,5767,5832,5835,5836,61,6178,731	2	1,2,3,4,5,6,7,8,9,10,11,12,13,14,15,16,17,18,19,20,21,22,23,24,25,26,27,28,29,30	6136	6135	6418	30|1|0|0|1|0|0|1|0|0|0|0
GA	Anocar	LTR	Gypsy	DR0007229	NC_085842.1:73470313-73476731+	NC_085844.1:203446469-203452887+	15	15	0	5491,5508,5595,5598,5599,5610,5622,5623,5631,5766,5767,5832,5835,5836,6178	148,151,152,163,175,176,184,319,320,385,388,389,44,61,731	1	1,2,3,4,5,6,7,8,9,10,11,12,13,14,15	688	688	971	15|0|0|0|0|0|0|0|0|0|0|0
GA	Anocar	LTR	Gypsy	DR0007229	NC_085842.1:73470313-73476731+	NC_085844.1:203446469-203452887+	15	15	0	148,151,152,163,175,176,184,319,320,385,388,389,44,61,731	5491,5508,5595,5598,5599,5610,5622,5623,5631,5766,5767,5832,5835,5836,6178	1	1,2,3,4,5,6,7,8,9,10,11,12,13,14,15	688	688	971	15|0|0|0|0|0|0|0|0|0|0|0
GA	Anocar	LTR	Gypsy	DR0007229	NC_085842.1:73470313-73476731+	NW_026943831.1:1504983-1511403-	30	36	0	148,151,152,163,175,176,184,319,320,44,5491,5508,5595,5598,5599,5610,5622,5623,5631,5766,5767,61	148,151,152,163,175,176,184,319,320,44,5492,5509,5596,5599,5600,5611,5623,5624,5632,5767,5768,61	2	1,2,3,4,5,6,7,8,9,10,11,16,17,18,19,20,21,22,23,24,25,26	554	5725	6419	30|3|0|0|0|0|0|1|0|2|0|0
GA	Anocar	LTR	Gypsy	DR0007229	NC_085842.1:73470313-73476731+	NW_026943831.1:1504983-1511403-	15	16	0	5491,5508,5595,5598,5599,5610,5622,5623,5631,5766,5767	148,151,152,163,175,176,184,319,320,44,61	1	1,2,3,4,5,6,7,8,9,10,11	277	277	971	15|0|0|0|0|0|0|0|0|1|0|0
GA	Anocar	LTR	Gypsy	DR0007229	NC_085842.1:73470313-73476731+	NW_026943831.1:1504983-1511403-	15	16	0	148,151,152,163,175,176,184,319,320,44,61	5492,5509,5596,5599,5600,5611,5623,5624,5632,5767,5768	1	1,2,3,4,5,6,7,8,9,10,11	277	277	971	15|0|0|0|0|0|0|0|0|1|0|0
GA	Anocar	LTR	Gypsy	DR0007229	NC_085842.1:73470313-73476731+	NW_026943821.1:12292985-12299405+	30	36	0	148,151,152,163,175,176,184,319,320,5595,5598,5599,5610,5622,5623,5631,5766,5767	148,151,152,163,175,176,184,319,320,5596,5599,5600,5611,5623,5624,5632,5767,5768	2	3,4,5,6,7,8,9,10,11,18,19,20,21,22,23,24,25,26	346	5621	6419	30|4|0|0|0|0|0|1|0|0|1|0
GA	Anocar	LTR	Gypsy	DR0007229	NC_085842.1:73470313-73476731+	NW_026943820.1:10272679-10279099-	32	36	0	148,151,152,163,175,176,184,319,320,385,388,389,44,5491,5508,5595,5598,5599,5610,5622,5623,5631,5766,5767,5832,5835,5836,61,6178,731	148,151,152,163,175,176,184,319,320,385,388,389,44,5492,5509,5596,5599,5600,5611,5623,5624,5632,5767,5768,5833,5836,5837,61,6180,732	2	1,2,3,4,5,6,7,8,9,10,11,12,13,14,15,17,18,19,20,21,22,23,24,25,26,27,28,29,30,31	1378	6137	6419	32|1|0|0|0|0|0|3|0|0|0|0
GA	Anocar	LTR	Gypsy	DR0007229	NC_085842.1:73470313-73476731+	NW_026943820.1:10272679-10279099-	16	17	0	5491,5508,5595,5598,5599,5610,5622,5623,5631,5766,5767,5832,5835,5836,6178	148,151,152,163,175,176,184,319,320,385,388,389,44,61,732	1	1,2,3,4,5,6,7,8,9,10,11,12,13,14,15	689	689	971	16|0|0|0|0|0|0|1|0|0|0|0
GA	Anocar	LTR	Gypsy	DR0007229	NC_085842.1:73470313-73476731+	NW_026943820.1:10272679-10279099-	16	17	0	148,151,152,163,175,176,184,319,320,385,388,389,44,61,731	5492,5509,5596,5599,5600,5611,5623,5624,5632,5767,5768,5833,5836,5837,6180	1	1,2,3,4,5,6,7,8,9,10,11,12,13,14,15	689	689	971	16|0|0|0|0|0|0|1|0|0|0|0
GA	Anocar	LTR	Gypsy	DR0007229	NC_085842.1:73470313-73476731+	NW_026943818.1:27955403-27961823-	32	36	0	148,151,152,163,175,176,184,319,320,385,388,389,44,5491,5508,5595,5598,5599,5610,5622,5623,5631,5766,5767,5832,5835,5836,61,6178,731	148,151,152,163,175,176,184,319,320,385,388,389,44,5492,5509,5596,5599,5600,5611,5623,5624,5632,5767,5768,5833,5836,5837,61,6180,732	2	1,2,3,4,5,6,7,8,9,10,11,12,13,14,15,18,19,20,21,22,23,24,25,26,27,28,29,30,31,32	1378	6137	6419	32|2|0|0|0|0|0|1|0|0|0|1
GA	Anocar	LTR	Gypsy	DR0007229	NC_085842.1:73470313-73476731+	NW_026943818.1:27955403-27961823-	15	15	0	5491,5508,5595,5598,5599,5610,5622,5623,5631,5766,5767,5832,5835,5836,6178	148,151,152,163,175,176,184,319,320,385,388,389,44,61,732	1	1,2,3,4,5,6,7,8,9,10,11,12,13,14,15	689	689	971	15|0|0|0|0|0|0|0|0|0|0|0
GA	Anocar	LTR	Gypsy	DR0007229	NC_085842.1:73470313-73476731+	NW_026943818.1:27955403-27961823-	15	15	0	148,151,152,163,175,176,184,319,320,385,388,389,44,61,731	5492,5509,5596,5599,5600,5611,5623,5624,5632,5767,5768,5833,5836,5837,6180	1	1,2,3,4,5,6,7,8,9,10,11,12,13,14,15	689	689	971	15|0|0|0|0|0|0|0|0|0|0|0
GA	Anocar	LTR	Gypsy	DR0007229	NC_085842.1:73470313-73476731+	NC_085846.1:112254476-112260896+	31	36	0	148,151,152,163,175,176,184,319,320,385,388,389,44,5491,5508,5595,5598,5599,5610,5622,5623,5631,5766,5767,5832,5835,5836,61,6178,731	148,151,152,163,175,176,184,319,320,385,388,389,44,5492,5509,5596,5599,5600,5611,5623,5624,5632,5767,5768,5833,5836,5837,61,6180,732	2	1,2,3,4,5,6,7,8,9,10,11,12,13,14,15,17,18,19,20,21,22,23,24,25,26,27,28,29,30,31	1378	6137	6419	31|2|0|0|1|0|1|1|0|0|0|0
GA	Anocar	LTR	Gypsy	DR0007229	NC_085842.1:73470313-73476731+	NC_085846.1:112254476-112260896+	15	15	0	5491,5508,5595,5598,5599,5610,5622,5623,5631,5766,5767,5832,5835,5836,6178	148,151,152,163,175,176,184,319,320,385,388,389,44,61,732	1	1,2,3,4,5,6,7,8,9,10,11,12,13,14,15	689	689	971	15|0|0|0|0|0|0|0|0|0|0|0
GA	Anocar	LTR	Gypsy	DR0007229	NC_085842.1:73470313-73476731+	NC_085846.1:112254476-112260896+	15	15	0	148,151,152,163,175,176,184,319,320,385,388,389,44,61,731	5492,5509,5596,5599,5600,5611,5623,5624,5632,5767,5768,5833,5836,5837,6180	1	1,2,3,4,5,6,7,8,9,10,11,12,13,14,15	689	689	971	15|0|0|0|0|0|0|0|0|0|0|0
GA	Anocar	LTR	Gypsy	DR0007229	NC_085842.1:73470313-73476731+	NC_085846.1:94306526-94312946-	30	36	0	148,151,152,163,175,176,184,319,320,385,388,389,44,5491,5508,5595,5598,5599,5610,5622,5623,5631,5766,5767,5832,5835,5836,61	148,151,152,163,175,176,184,319,320,385,388,389,44,5492,5509,5596,5599,5600,5611,5623,5624,5632,5767,5768,5833,5836,5837,61	2	1,2,3,4,5,6,7,8,9,10,11,12,13,14,16,17,18,19,20,21,22,23,24,25,26,27,28,29	692	5794	6419	30|1|0|0|0|0|2|3|0|0|0|0
GA	Anocar	LTR	Gypsy	DR0007229	NC_085842.1:73470313-73476731+	NC_085846.1:94306526-94312946-	15	17	0	5491,5508,5595,5598,5599,5610,5622,5623,5631,5766,5767,5832,5835,5836	148,151,152,163,175,176,184,319,320,385,388,389,44,61	1	1,2,3,4,5,6,7,8,9,10,11,12,13,14	346	346	971	15|0|0|0|0|0|1|1|0|0|0|0
GA	Anocar	LTR	Gypsy	DR0007229	NC_085842.1:73470313-73476731+	NC_085846.1:94306526-94312946-	15	17	0	148,151,152,163,175,176,184,319,320,385,388,389,44,61	5492,5509,5596,5599,5600,5611,5623,5624,5632,5767,5768,5833,5836,5837	1	1,2,3,4,5,6,7,8,9,10,11,12,13,14	346	346	971	15|0|0|0|0|0|1|1|0|0|0|0
GA	Anocar	LTR	Gypsy	DR0007229	NC_085842.1:73470313-73476731+	NC_085845.1:195493959-195500379+	28	36	0	148,151,163,175,176,184,319,320,385,388,389,44,5491,5508,5595,5598,5610,5622,5623,5631,5766,5767,5832,5835,5836,61	148,151,163,175,176,184,319,320,385,388,389,44,5492,5509,5596,5599,5611,5623,5624,5632,5767,5768,5833,5836,5837,61	2	1,2,3,4,5,6,7,8,9,10,11,12,13,15,16,17,18,19,20,21,22,23,24,25,26,27	692	5794	6419	28|2|0|0|0|4|0|1|0|0|1|0
GA	Anocar	LTR	Gypsy	DR0007229	NC_085842.1:73470313-73476731+	NC_085845.1:195493959-195500379+	14	16	0	5491,5508,5595,5598,5610,5622,5623,5631,5766,5767,5832,5835,5836	148,151,163,175,176,184,319,320,385,388,389,44,61	1	1,2,3,4,5,6,7,8,9,10,11,12,13	346	346	971	14|0|0|0|0|2|0|0|0|0|0|0
GA	Anocar	LTR	Gypsy	DR0007229	NC_085842.1:73470313-73476731+	NC_085845.1:195493959-195500379+	14	16	0	148,151,163,175,176,184,319,320,385,388,389,44,61	5492,5509,5596,5599,5611,5623,5624,5632,5767,5768,5833,5836,5837	1	1,2,3,4,5,6,7,8,9,10,11,12,13	346	346	971	14|0|0|0|0|2|0|0|0|0|0|0
GA	Anocar	LTR	Gypsy	DR0007229	NC_085842.1:73470313-73476731+	NC_085845.1:188705137-188711557+	30	36	0	148,151,152,163,175,176,184,319,320,385,388,389,44,5491,5508,5595,5598,5599,5610,5622,5623,5631,5766,5767,5832,5835,5836,61	148,151,152,163,175,176,184,319,320,385,388,389,44,5492,5509,5596,5599,5600,5611,5623,5624,5632,5767,5768,5833,5836,5837,61	2	1,2,3,4,5,6,7,8,9,10,11,12,13,14,16,17,18,19,20,21,22,23,24,25,26,27,28,29	692	5794	6419	30|1|0|0|0|0|0|5|0|0|0|0
GA	Anocar	LTR	Gypsy	DR0007229	NC_085842.1:73470313-73476731+	NC_085845.1:188705137-188711557+	15	17	0	5491,5508,5595,5598,5599,5610,5622,5623,5631,5766,5767,5832,5835,5836	148,151,152,163,175,176,184,319,320,385,388,389,44,61	1	1,2,3,4,5,6,7,8,9,10,11,12,13,14	346	346	971	15|0|0|0|0|0|0|2|0|0|0|0
GA	Anocar	LTR	Gypsy	DR0007229	NC_085842.1:73470313-73476731+	NC_085845.1:188705137-188711557+	15	17	0	148,151,152,163,175,176,184,319,320,385,388,389,44,61	5492,5509,5596,5599,5600,5611,5623,5624,5632,5767,5768,5833,5836,5837	1	1,2,3,4,5,6,7,8,9,10,11,12,13,14	346	346	971	15|0|0|0|0|0|0|2|0|0|0|0
GA	Anocar	LTR	Gypsy	DR0007229	NC_085842.1:73470313-73476731+	NC_085845.1:177976307-177982727-	30	36	0	148,151,152,163,175,176,184,319,320,385,388,389,44,5491,5508,5595,5598,5599,5610,5622,5623,5631,5766,5767,5832,5835,5836,61	148,151,152,163,175,176,184,319,320,385,388,389,44,5492,5509,5596,5599,5600,5611,5623,5624,5632,5767,5768,5833,5836,5837,61	2	1,2,3,4,5,6,7,8,9,10,11,12,13,14,16,17,18,19,20,21,22,23,24,25,26,27,28,29	692	5794	6419	30|1|0|0|0|2|0|1|0|2|0|0
GA	Anocar	LTR	Gypsy	DR0007229	NC_085842.1:73470313-73476731+	NC_085845.1:177976307-177982727-	15	17	0	5491,5508,5595,5598,5599,5610,5622,5623,5631,5766,5767,5832,5835,5836	148,151,152,163,175,176,184,319,320,385,388,389,44,61	1	1,2,3,4,5,6,7,8,9,10,11,12,13,14	346	346	971	15|0|0|0|0|1|0|0|0|1|0|0
GA	Anocar	LTR	Gypsy	DR0007229	NC_085842.1:73470313-73476731+	NC_085845.1:177976307-177982727-	15	17	0	148,151,152,163,175,176,184,319,320,385,388,389,44,61	5492,5509,5596,5599,5600,5611,5623,5624,5632,5767,5768,5833,5836,5837	1	1,2,3,4,5,6,7,8,9,10,11,12,13,14	346	346	971	15|0|0|0|0|1|0|0|0|1|0|0
GA	Anocar	LTR	Gypsy	DR0007229	NC_085842.1:73470313-73476731+	NC_085845.1:128824517-128830937+	30	36	0	148,151,152,163,175,176,184,319,320,385,388,389,44,5491,5508,5595,5598,5599,5610,5622,5623,5631,5766,5767,5832,5835,5836,61,6178,731	148,151,152,163,175,176,184,319,320,385,388,389,44,5492,5509,5596,5599,5600,5611,5623,5624,5632,5767,5768,5833,5836,5837,61,6180,732	2	1,2,3,4,5,6,7,8,9,10,11,12,13,14,15,16,17,18,19,20,21,22,23,24,25,26,27,28,29,30	6138	6137	6419	30|2|0|0|1|0|0|2|0|0|0|1
GA	Anocar	LTR	Gypsy	DR0007229	NC_085842.1:73470313-73476731+	NC_085845.1:128824517-128830937+	15	15	0	5491,5508,5595,5598,5599,5610,5622,5623,5631,5766,5767,5832,5835,5836,6178	148,151,152,163,175,176,184,319,320,385,388,389,44,61,732	1	1,2,3,4,5,6,7,8,9,10,11,12,13,14,15	689	689	971	15|0|0|0|0|0|0|0|0|0|0|0
GA	Anocar	LTR	Gypsy	DR0007229	NC_085842.1:73470313-73476731+	NC_085845.1:128824517-128830937+	15	15	0	148,151,152,163,175,176,184,319,320,385,388,389,44,61,731	5492,5509,5596,5599,5600,5611,5623,5624,5632,5767,5768,5833,5836,5837,6180	1	1,2,3,4,5,6,7,8,9,10,11,12,13,14,15	689	689	971	15|0|0|0|0|0|0|0|0|0|0|0
GA	Anocar	LTR	Gypsy	DR0007229	NC_085842.1:73470313-73476731+	NC_085845.1:63953790-63960210-	31	36	0	148,151,152,163,175,176,184,319,320,385,388,389,44,5491,5508,5595,5598,5599,5610,5622,5623,5631,5766,5767,5832,5835,5836,61	148,151,152,163,175,176,184,319,320,385,388,389,44,5492,5509,5596,5599,5600,5611,5623,5624,5632,5767,5768,5833,5836,5837,61	2	1,2,3,4,5,6,7,8,9,10,11,12,13,14,17,18,19,20,21,22,23,24,25,26,27,28,29,30	692	5794	6419	31|3|0|1|0|0|0|1|0|0|0|0
GA	Anocar	LTR	Gypsy	DR0007229	NC_085842.1:73470313-73476731+	NC_085845.1:63953790-63960210-	15	16	0	5491,5508,5595,5598,5599,5610,5622,5623,5631,5766,5767,5832,5835,5836	148,151,152,163,175,176,184,319,320,385,388,389,44,61	1	1,2,3,4,5,6,7,8,9,10,11,12,13,14	346	346	971	15|1|0|0|0|0|0|0|0|0|0|0
GA	Anocar	LTR	Gypsy	DR0007229	NC_085842.1:73470313-73476731+	NC_085845.1:63953790-63960210-	15	16	0	148,151,152,163,175,176,184,319,320,385,388,389,44,61	5492,5509,5596,5599,5600,5611,5623,5624,5632,5767,5768,5833,5836,5837	1	1,2,3,4,5,6,7,8,9,10,11,12,13,14	346	346	971	15|1|0|0|0|0|0|0|0|0|0|0
GA	Anocar	LTR	Gypsy	DR0007229	NC_085842.1:73470313-73476731+	NC_085845.1:63007521-63013941+	31	36	0	148,151,152,163,175,176,184,319,320,385,388,389,44,5491,5508,5595,5598,5599,5610,5622,5623,5631,5766,5767,5832,5835,5836,61,6178,731	148,151,152,163,175,176,184,319,320,385,388,389,44,5492,5509,5596,5599,5600,5611,5623,5624,5632,5767,5768,5833,5836,5837,61,6180,732	2	1,2,3,4,5,6,7,8,9,10,11,12,13,14,15,17,18,19,20,21,22,23,24,25,26,27,28,29,30,31	1378	6137	6419	31|2|1|0|0|0|0|1|0|0|1|0
GA	Anocar	LTR	Gypsy	DR0007229	NC_085842.1:73470313-73476731+	NC_085845.1:63007521-63013941+	15	15	0	5491,5508,5595,5598,5599,5610,5622,5623,5631,5766,5767,5832,5835,5836,6178	148,151,152,163,175,176,184,319,320,385,388,389,44,61,732	1	1,2,3,4,5,6,7,8,9,10,11,12,13,14,15	689	689	971	15|0|0|0|0|0|0|0|0|0|0|0
GA	Anocar	LTR	Gypsy	DR0007229	NC_085842.1:73470313-73476731+	NC_085845.1:63007521-63013941+	15	15	0	148,151,152,163,175,176,184,319,320,385,388,389,44,61,731	5492,5509,5596,5599,5600,5611,5623,5624,5632,5767,5768,5833,5836,5837,6180	1	1,2,3,4,5,6,7,8,9,10,11,12,13,14,15	689	689	971	15|0|0|0|0|0|0|0|0|0|0|0
GA	Anocar	LTR	Gypsy	DR0007229	NC_085842.1:73470313-73476731+	NC_085844.1:245612003-245618423+	34	36	0	148,151,152,163,175,176,184,319,320,385,388,389,44,5491,5508,5595,5598,5599,5610,5622,5623,5631,5766,5767,5832,5835,5836,61,6178,731	148,151,152,163,175,176,184,319,320,385,388,389,44,5492,5509,5596,5599,5600,5611,5623,5624,5632,5767,5768,5833,5836,5837,61,6180,732	2	1,2,3,4,5,6,7,8,9,10,11,12,13,14,15,20,21,22,23,24,25,26,27,28,29,30,31,32,33,34	1378	6137	6419	34|1|0|0|0|0|0|1|0|0|0|0
GA	Anocar	LTR	Gypsy	DR0007229	NC_085842.1:73470313-73476731+	NC_085844.1:245612003-245618423+	15	15	0	5491,5508,5595,5598,5599,5610,5622,5623,5631,5766,5767,5832,5835,5836,6178	148,151,152,163,175,176,184,319,320,385,388,389,44,61,732	1	1,2,3,4,5,6,7,8,9,10,11,12,13,14,15	689	689	971	15|0|0|0|0|0|0|0|0|0|0|0
GA	Anocar	LTR	Gypsy	DR0007229	NC_085842.1:73470313-73476731+	NC_085844.1:245612003-245618423+	15	15	0	148,151,152,163,175,176,184,319,320,385,388,389,44,61,731	5492,5509,5596,5599,5600,5611,5623,5624,5632,5767,5768,5833,5836,5837,6180	1	1,2,3,4,5,6,7,8,9,10,11,12,13,14,15	689	689	971	15|0|0|0|0|0|0|0|0|0|0|0
GA	Anocar	LTR	Gypsy	DR0007229	NC_085842.1:73470313-73476731+	NC_085844.1:142612111-142618531-	30	36	0	148,151,152,163,175,176,184,319,320,385,388,389,5595,5598,5599,5610,5622,5623,5631,5766,5767,5832,5835,5836,6178,731	148,151,152,163,175,176,184,319,320,385,388,389,5596,5599,5600,5611,5623,5624,5632,5767,5768,5833,5836,5837,6180,732	2	3,4,5,6,7,8,9,10,11,12,13,14,15,18,19,20,21,22,23,24,25,26,27,28,29,30	1170	6033	6419	30|3|0|0|0|0|0|3|0|0|0|0
GA	Anocar	LTR	Gypsy	DR0007229	NC_085842.1:73470313-73476731+	NC_085844.1:142612111-142618531-	15	17	0	5595,5598,5599,5610,5622,5623,5631,5766,5767,5832,5835,5836,6178	148,151,152,163,175,176,184,319,320,385,388,389,732	1	3,4,5,6,7,8,9,10,11,12,13,14,15	585	585	971	15|1|0|0|0|0|0|1|0|0|0|0
GA	Anocar	LTR	Gypsy	DR0007229	NC_085842.1:73470313-73476731+	NC_085844.1:142612111-142618531-	15	17	0	148,151,152,163,175,176,184,319,320,385,388,389,731	5596,5599,5600,5611,5623,5624,5632,5767,5768,5833,5836,5837,6180	1	3,4,5,6,7,8,9,10,11,12,13,14,15	585	585	971	15|1|0|0|0|0|0|1|0|0|0|0
GA	Anocar	LTR	Gypsy	DR0007229	NC_085842.1:73470313-73476731+	NC_085844.1:121267427-121273847-	31	36	0	148,151,152,163,175,176,184,319,320,385,388,389,5595,5598,5599,5610,5622,5623,5631,5766,5767,5832,5835,5836,6178,731	148,151,152,163,175,176,184,319,320,385,388,389,5596,5599,5600,5611,5623,5624,5632,5767,5768,5833,5836,5837,6180,732	2	3,4,5,6,7,8,9,10,11,12,13,14,15,19,20,21,22,23,24,25,26,27,28,29,30,31	1170	6033	6419	31|1|0|0|0|0|0|2|0|0|0|2
GA	Anocar	LTR	Gypsy	DR0007229	NC_085842.1:73470313-73476731+	NC_085844.1:121267427-121273847-	15	16	0	5595,5598,5599,5610,5622,5623,5631,5766,5767,5832,5835,5836,6178	148,151,152,163,175,176,184,319,320,385,388,389,732	1	3,4,5,6,7,8,9,10,11,12,13,14,15	585	585	971	15|0|0|0|0|0|0|0|0|0|0|1
GA	Anocar	LTR	Gypsy	DR0007229	NC_085842.1:73470313-73476731+	NC_085844.1:121267427-121273847-	15	16	0	148,151,152,163,175,176,184,319,320,385,388,389,731	5596,5599,5600,5611,5623,5624,5632,5767,5768,5833,5836,5837,6180	1	3,4,5,6,7,8,9,10,11,12,13,14,15	585	585	971	15|0|0|0|0|0|0|0|0|0|0|1
GA	Anocar	LTR	Gypsy	DR0007229	NC_085842.1:73470313-73476731+	NC_085844.1:108427802-108434222-	30	36	0	148,151,152,163,175,176,184,319,320,385,388,389,44,5491,5508,5595,5598,5599,5610,5622,5623,5631,5766,5767,5832,5835,5836,61,6178,731	148,151,152,163,175,176,184,319,320,385,388,389,44,5492,5509,5596,5599,5600,5611,5623,5624,5632,5767,5768,5833,5836,5837,61,6180,732	2	1,2,3,4,5,6,7,8,9,10,11,12,13,14,15,16,17,18,19,20,21,22,23,24,25,26,27,28,29,30	6138	6137	6419	30|1|0|0|0|0|3|2|0|0|0|0
GA	Anocar	LTR	Gypsy	DR0007229	NC_085842.1:73470313-73476731+	NC_085844.1:108427802-108434222-	15	15	0	5491,5508,5595,5598,5599,5610,5622,5623,5631,5766,5767,5832,5835,5836,6178	148,151,152,163,175,176,184,319,320,385,388,389,44,61,732	1	1,2,3,4,5,6,7,8,9,10,11,12,13,14,15	689	689	971	15|0|0|0|0|0|0|0|0|0|0|0
GA	Anocar	LTR	Gypsy	DR0007229	NC_085842.1:73470313-73476731+	NC_085844.1:108427802-108434222-	15	15	0	148,151,152,163,175,176,184,319,320,385,388,389,44,61,731	5492,5509,5596,5599,5600,5611,5623,5624,5632,5767,5768,5833,5836,5837,6180	1	1,2,3,4,5,6,7,8,9,10,11,12,13,14,15	689	689	971	15|0|0|0|0|0|0|0|0|0|0|0
GA	Anocar	LTR	Gypsy	DR0007229	NC_085842.1:73470313-73476731+	NC_085844.1:43927563-43933983+	31	36	0	148,151,152,163,175,176,184,319,320,385,388,389,44,5491,5508,5595,5598,5599,5610,5622,5623,5631,5766,5767,5832,5835,5836,61	148,151,152,163,175,176,184,319,320,385,388,389,44,5492,5509,5596,5599,5600,5611,5623,5624,5632,5767,5768,5833,5836,5837,61	2	1,2,3,4,5,6,7,8,9,10,11,12,13,14,17,18,19,20,21,22,23,24,25,26,27,28,29,30	692	5794	6419	31|1|0|0|1|0|0|1|0|2|0|0
GA	Anocar	LTR	Gypsy	DR0007229	NC_085842.1:73470313-73476731+	NC_085844.1:43927563-43933983+	15	16	0	5491,5508,5595,5598,5599,5610,5622,5623,5631,5766,5767,5832,5835,5836	148,151,152,163,175,176,184,319,320,385,388,389,44,61	1	1,2,3,4,5,6,7,8,9,10,11,12,13,14	346	346	971	15|0|0|0|0|0|0|0|0|1|0|0
GA	Anocar	LTR	Gypsy	DR0007229	NC_085842.1:73470313-73476731+	NC_085844.1:43927563-43933983+	15	16	0	148,151,152,163,175,176,184,319,320,385,388,389,44,61	5492,5509,5596,5599,5600,5611,5623,5624,5632,5767,5768,5833,5836,5837	1	1,2,3,4,5,6,7,8,9,10,11,12,13,14	346	346	971	15|0|0|0|0|0|0|0|0|1|0|0
GA	Anocar	LTR	Gypsy	DR0007229	NC_085842.1:73470313-73476731+	NC_085844.1:11818673-11825093-	31	36	0	148,151,152,163,175,176,184,319,320,385,388,389,44,5491,5508,5595,5598,5599,5610,5622,5623,5631,5766,5767,5832,5835,5836,61,6178,6405,731	148,151,152,163,175,176,184,319,320,385,388,389,44,5492,5509,5596,5599,5600,5611,5623,5624,5632,5767,5768,5833,5836,5837,61,6180,6407,732	2	1,2,3,4,5,6,7,8,9,10,11,12,13,14,15,16,17,18,19,20,21,22,23,24,25,26,27,28,29,30,31	6365	6364	6419	31|2|0|0|0|0|1|1|0|0|0|1
GA	Anocar	LTR	Gypsy	DR0007229	NC_085842.1:73470313-73476731+	NC_085844.1:11818673-11825093-	15	15	0	5491,5508,5595,5598,5599,5610,5622,5623,5631,5766,5767,5832,5835,5836,6178	148,151,152,163,175,176,184,319,320,385,388,389,44,61,732	1	1,2,3,4,5,6,7,8,9,10,11,12,13,14,15	689	689	971	15|0|0|0|0|0|0|0|0|0|0|0
GA	Anocar	LTR	Gypsy	DR0007229	NC_085842.1:73470313-73476731+	NC_085844.1:11818673-11825093-	16	16	0	148,151,152,163,175,176,184,319,320,385,388,389,44,61,731,958	5492,5509,5596,5599,5600,5611,5623,5624,5632,5767,5768,5833,5836,5837,6180,6407	1	1,2,3,4,5,6,7,8,9,10,11,12,13,14,15,16	916	916	971	16|0|0|0|0|0|0|0|0|0|0|0
GA	Anocar	LTR	Gypsy	DR0007229	NC_085842.1:73470313-73476731+	NC_085844.1:10250398-10256818+	30	36	0	148,151,152,163,175,176,184,319,320,385,388,389,44,5491,5508,5595,5598,5599,5610,5622,5623,5631,5766,5767,5832,5835,5836,61,6178,731	148,151,152,163,175,176,184,319,320,385,388,389,44,5492,5509,5596,5599,5600,5611,5623,5624,5632,5767,5768,5833,5836,5837,61,6180,732	2	1,2,3,4,5,6,7,8,9,10,11,12,13,14,15,16,17,18,19,20,21,22,23,24,25,26,27,28,29,30	6138	6137	6419	30|1|0|0|1|1|2|1|0|0|0|0
GA	Anocar	LTR	Gypsy	DR0007229	NC_085842.1:73470313-73476731+	NC_085844.1:10250398-10256818+	15	16	0	5491,5508,5595,5598,5599,5610,5622,5623,5631,5766,5767,5832,5835,5836,6178	148,151,152,163,175,176,184,319,320,385,388,389,44,61,732	1	1,2,3,4,5,6,7,8,9,10,11,12,13,14,15	689	689	971	15|0|0|0|0|0|1|0|0|0|0|0
GA	Anocar	LTR	Gypsy	DR0007229	NC_085842.1:73470313-73476731+	NC_085844.1:10250398-10256818+	15	16	0	148,151,152,163,175,176,184,319,320,385,388,389,44,61,731	5492,5509,5596,5599,5600,5611,5623,5624,5632,5767,5768,5833,5836,5837,6180	1	1,2,3,4,5,6,7,8,9,10,11,12,13,14,15	689	689	971	15|0|0|0|0|0|1|0|0|0|0|0
GA	Anocar	LTR	Gypsy	DR0007229	NC_085842.1:73470313-73476731+	NC_085843.1:283859222-283865642+	30	36	0	148,151,152,163,175,176,184,319,320,385,388,389,44,5491,5508,5595,5598,5599,5610,5622,5623,5631,5766,5767,5832,5835,5836,61	148,151,152,163,175,176,184,319,320,385,388,389,44,5492,5509,5596,5599,5600,5611,5623,5624,5632,5767,5768,5833,5836,5837,61	3	1,2,3,4,5,6,7,8,9,10,11,12,13,14,16,17,18,19,20,21,22,23,24,25,26,27,28,29	693	5794	6419	30|2|0|0|0|0|1|3|0|0|0|0
GA	Anocar	LTR	Gypsy	DR0007229	NC_085842.1:73470313-73476731+	NC_085843.1:283859222-283865642+	15	16	0	5491,5508,5595,5598,5599,5610,5622,5623,5631,5766,5767,5832,5835,5836	148,151,152,163,175,176,184,319,320,385,388,389,44,61	1	1,2,3,4,5,6,7,8,9,10,11,12,13,14	346	346	971	15|0|0|0|0|0|0|1|0|0|0|0
GA	Anocar	LTR	Gypsy	DR0007229	NC_085842.1:73470313-73476731+	NC_085843.1:283859222-283865642+	15	17	0	148,151,152,163,175,176,184,319,320,385,388,389,44,61	5492,5509,5596,5599,5600,5611,5623,5624,5632,5767,5768,5833,5836,5837	2	1,2,3,4,5,6,7,8,9,10,11,12,13,14	347	346	971	15|1|0|0|0|0|0|1|0|0|0|0
GA	Anocar	LTR	Gypsy	DR0007229	NC_085842.1:73470313-73476731+	NC_085843.1:246582277-246588697+	30	36	0	148,151,152,163,175,176,184,319,320,385,388,389,44,5491,5508,5595,5598,5599,5610,5622,5623,5631,5766,5767,5832,5835,5836,61,6178,731	148,151,152,163,175,176,184,319,320,385,388,389,44,5492,5509,5596,5599,5600,5611,5623,5624,5632,5767,5768,5833,5836,5837,61,6180,732	2	1,2,3,4,5,6,7,8,9,10,11,12,13,14,15,16,17,18,19,20,21,22,23,24,25,26,27,28,29,30	6138	6137	6419	30|3|0|0|0|1|0|1|0|1|0|0
GA	Anocar	LTR	Gypsy	DR0007229	NC_085842.1:73470313-73476731+	NC_085843.1:246582277-246588697+	15	15	0	5491,5508,5595,5598,5599,5610,5622,5623,5631,5766,5767,5832,5835,5836,6178	148,151,152,163,175,176,184,319,320,385,388,389,44,61,732	1	1,2,3,4,5,6,7,8,9,10,11,12,13,14,15	689	689	971	15|0|0|0|0|0|0|0|0|0|0|0
GA	Anocar	LTR	Gypsy	DR0007229	NC_085842.1:73470313-73476731+	NC_085843.1:246582277-246588697+	15	15	0	148,151,152,163,175,176,184,319,320,385,388,389,44,61,731	5492,5509,5596,5599,5600,5611,5623,5624,5632,5767,5768,5833,5836,5837,6180	1	1,2,3,4,5,6,7,8,9,10,11,12,13,14,15	689	689	971	15|0|0|0|0|0|0|0|0|0|0|0
GA	Anocar	LTR	Gypsy	DR0007229	NC_085842.1:73470313-73476731+	NC_085843.1:230845406-230851826+	30	36	0	148,151,152,163,175,176,184,319,320,385,388,389,44,5491,5508,5595,5598,5599,5610,5622,5623,5631,5766,5767,5832,5835,5836,61,6178,731	148,151,152,163,175,176,184,319,320,385,388,389,44,5492,5509,5596,5599,5600,5611,5623,5624,5632,5767,5768,5833,5836,5837,61,6180,732	2	1,2,3,4,5,6,7,8,9,10,11,12,13,14,15,16,17,18,19,20,21,22,23,24,25,26,27,28,29,30	6138	6137	6419	30|2|0|0|0|0|0|3|1|0|0|0
GA	Anocar	LTR	Gypsy	DR0007229	NC_085842.1:73470313-73476731+	NC_085843.1:230845406-230851826+	15	15	0	148,151,152,163,175,176,184,319,320,385,388,389,44,61,731	5492,5509,5596,5599,5600,5611,5623,5624,5632,5767,5768,5833,5836,5837,6180	1	1,2,3,4,5,6,7,8,9,10,11,12,13,14,15	689	689	971	15|0|0|0|0|0|0|0|0|0|0|0
GA	Anocar	LTR	Gypsy	DR0007229	NC_085842.1:73470313-73476731+	NC_085843.1:230845406-230851826+	15	15	0	5491,5508,5595,5598,5599,5610,5622,5623,5631,5766,5767,5832,5835,5836,6178	148,151,152,163,175,176,184,319,320,385,388,389,44,61,732	1	1,2,3,4,5,6,7,8,9,10,11,12,13,14,15	689	689	970	15|0|0|0|0|0|0|0|0|0|0|0
GA	Anocar	LTR	Gypsy	DR0007229	NC_085842.1:73470313-73476731+	NC_085843.1:173695469-173701889-	30	36	0	148,151,152,163,175,176,184,319,320,385,388,389,44,5491,5508,5595,5598,5599,5610,5622,5623,5631,5766,5767,5832,5835,5836,61	148,151,152,163,175,176,184,319,320,385,388,389,44,5492,5509,5596,5599,5600,5611,5623,5624,5632,5767,5768,5833,5836,5837,61	2	1,2,3,4,5,6,7,8,9,10,11,12,13,14,16,17,18,19,20,21,22,23,24,25,26,27,28,29	692	5794	6419	30|4|0|0|0|0|0|2|0|0|0|0
GA	Anocar	LTR	Gypsy	DR0007229	NC_085842.1:73470313-73476731+	NC_085843.1:173695469-173701889-	15	16	0	5491,5508,5595,5598,5599,5610,5622,5623,5631,5766,5767,5832,5835,5836	148,151,152,163,175,176,184,319,320,385,388,389,44,61	1	1,2,3,4,5,6,7,8,9,10,11,12,13,14	346	346	971	15|1|0|0|0|0|0|0|0|0|0|0
GA	Anocar	LTR	Gypsy	DR0007229	NC_085842.1:73470313-73476731+	NC_085843.1:173695469-173701889-	15	16	0	148,151,152,163,175,176,184,319,320,385,388,389,44,61	5492,5509,5596,5599,5600,5611,5623,5624,5632,5767,5768,5833,5836,5837	1	1,2,3,4,5,6,7,8,9,10,11,12,13,14	346	346	971	15|1|0|0|0|0|0|0|0|0|0|0
GA	Anocar	LTR	Gypsy	DR0007229	NC_085842.1:73470313-73476731+	NC_085843.1:114880556-114886976-	32	36	0	1196,148,151,152,163,175,176,184,319,320,385,388,389,44,5491,5508,5595,5598,5599,5610,5622,5623,5631,5766,5767,5832,5835,5836,61,6178,731	1197,148,151,152,163,175,176,184,319,320,385,388,389,44,5492,5509,5596,5599,5600,5611,5623,5624,5632,5767,5768,5833,5836,5837,61,6180,732	2	1,2,3,4,5,6,7,8,9,10,11,12,13,14,15,16,18,19,20,21,22,23,24,25,26,27,28,29,30,31,32	1843	6137	6419	32|2|0|0|0|0|0|2|0|0|0|0
GA	Anocar	LTR	Gypsy	DR0007229	NC_085842.1:73470313-73476731+	NC_085843.1:114880556-114886976-	15	15	0	5491,5508,5595,5598,5599,5610,5622,5623,5631,5766,5767,5832,5835,5836,6178	148,151,152,163,175,176,184,319,320,385,388,389,44,61,732	1	1,2,3,4,5,6,7,8,9,10,11,12,13,14,15	689	689	971	15|0|0|0|0|0|0|0|0|0|0|0
GA	Anocar	LTR	Gypsy	DR0007229	NC_085842.1:73470313-73476731+	NC_085843.1:114880556-114886976-	15	15	0	148,151,152,163,175,176,184,319,320,385,388,389,44,61,731	5492,5509,5596,5599,5600,5611,5623,5624,5632,5767,5768,5833,5836,5837,6180	1	1,2,3,4,5,6,7,8,9,10,11,12,13,14,15	689	689	971	15|0|0|0|0|0|0|0|0|0|0|0
GA	Anocar	LTR	Gypsy	DR0007229	NC_085842.1:73470313-73476731+	NC_085843.1:58292807-58299227+	31	36	0	148,151,152,163,175,176,184,319,320,385,388,389,44,5491,5508,5595,5598,5599,5610,5622,5623,5631,5766,5767,5832,5835,5836,61,6178,731	148,151,152,163,175,176,184,319,320,385,388,389,44,5492,5509,5596,5599,5600,5611,5623,5624,5632,5767,5768,5833,5836,5837,61,6180,732	2	1,2,3,4,5,6,7,8,9,10,11,12,13,14,15,17,18,19,20,21,22,23,24,25,26,27,28,29,30,31	1378	6137	6419	31|2|0|0|0|0|0|2|0|1|0|0
GA	Anocar	LTR	Gypsy	DR0007229	NC_085842.1:73470313-73476731+	NC_085843.1:58292807-58299227+	15	15	0	5491,5508,5595,5598,5599,5610,5622,5623,5631,5766,5767,5832,5835,5836,6178	148,151,152,163,175,176,184,319,320,385,388,389,44,61,732	1	1,2,3,4,5,6,7,8,9,10,11,12,13,14,15	689	689	971	15|0|0|0|0|0|0|0|0|0|0|0
GA	Anocar	LTR	Gypsy	DR0007229	NC_085842.1:73470313-73476731+	NC_085843.1:58292807-58299227+	15	15	0	148,151,152,163,175,176,184,319,320,385,388,389,44,61,731	5492,5509,5596,5599,5600,5611,5623,5624,5632,5767,5768,5833,5836,5837,6180	1	1,2,3,4,5,6,7,8,9,10,11,12,13,14,15	689	689	971	15|0|0|0|0|0|0|0|0|0|0|0
GA	Anocar	LTR	Gypsy	DR0007229	NC_085842.1:73470313-73476731+	NC_085843.1:26585018-26591438-	31	36	0	148,151,152,163,175,176,184,4050,44,5491,5508,5595,5598,5599,5610,5622,5623,5631,61	148,151,152,163,175,176,184,4051,44,5492,5509,5596,5599,5600,5611,5623,5624,5632,61	2	1,2,3,4,5,6,7,8,9,16,17,18,19,20,21,22,23,24,25	1723	5589	6419	31|0|0|2|0|2|0|1|0|0|0|0
GA	Anocar	LTR	Gypsy	DR0007229	NC_085842.1:73470313-73476731+	NC_085843.1:20926338-20932758-	32	36	0	14,148,151,152,163,175,176,184,319,320,385,388,389,44,5461,5491,5508,5595,5598,5599,5610,5622,5623,5631,5766,5767,5832,5835,5836,61,6178,731	14,148,151,152,163,175,176,184,319,320,385,388,389,44,5462,5492,5509,5596,5599,5600,5611,5623,5624,5632,5767,5768,5833,5836,5837,61,6180,732	2	1,2,3,4,5,6,7,8,9,10,11,12,13,14,15,16,17,18,19,20,21,22,23,24,25,26,27,28,29,30,31,32	6168	6167	6419	32|1|0|0|0|0|0|2|0|0|1|0
GA	Anocar	LTR	Gypsy	DR0007229	NC_085842.1:73470313-73476731+	NC_085843.1:20926338-20932758-	16	16	0	5461,5491,5508,5595,5598,5599,5610,5622,5623,5631,5766,5767,5832,5835,5836,6178	14,148,151,152,163,175,176,184,319,320,385,388,389,44,61,732	1	1,2,3,4,5,6,7,8,9,10,11,12,13,14,15,16	719	719	971	16|0|0|0|0|0|0|0|0|0|0|0
GA	Anocar	LTR	Gypsy	DR0007229	NC_085842.1:73470313-73476731+	NC_085843.1:20926338-20932758-	16	16	0	14,148,151,152,163,175,176,184,319,320,385,388,389,44,61,731	5462,5492,5509,5596,5599,5600,5611,5623,5624,5632,5767,5768,5833,5836,5837,6180	1	1,2,3,4,5,6,7,8,9,10,11,12,13,14,15,16	719	719	971	16|0|0|0|0|0|0|0|0|0|0|0
GA	Anocar	LTR	Gypsy	DR0007229	NC_085842.1:73470313-73476731+	NC_085842.1:311053442-311059862-	30	36	0	148,151,152,163,175,176,184,319,320,385,388,389,44,5491,5508,5595,5598,5599,5610,5622,5623,5631,5766,5767,5832,5835,5836,61	148,151,152,163,175,176,184,319,320,385,388,389,44,5492,5509,5596,5599,5600,5611,5623,5624,5632,5767,5768,5833,5836,5837,61	2	1,2,3,4,5,6,7,8,9,10,11,12,13,14,16,17,18,19,20,21,22,23,24,25,26,27,28,29	692	5794	6419	30|1|0|0|0|2|0|1|0|2|0|0
GA	Anocar	LTR	Gypsy	DR0007229	NC_085842.1:73470313-73476731+	NC_085842.1:311053442-311059862-	15	17	0	5491,5508,5595,5598,5599,5610,5622,5623,5631,5766,5767,5832,5835,5836	148,151,152,163,175,176,184,319,320,385,388,389,44,61	1	1,2,3,4,5,6,7,8,9,10,11,12,13,14	346	346	971	15|0|0|0|0|1|0|0|0|1|0|0
GA	Anocar	LTR	Gypsy	DR0007229	NC_085842.1:73470313-73476731+	NC_085842.1:311053442-311059862-	15	17	0	148,151,152,163,175,176,184,319,320,385,388,389,44,61	5492,5509,5596,5599,5600,5611,5623,5624,5632,5767,5768,5833,5836,5837	1	1,2,3,4,5,6,7,8,9,10,11,12,13,14	346	346	971	15|0|0|0|0|1|0|0|0|1|0|0
GA	Anocar	LTR	Gypsy	DR0007229	NC_085842.1:73470313-73476731+	NC_085842.1:281912985-281919405-	31	36	0	148,151,152,163,175,176,184,319,320,385,388,389,44,5491,5508,5595,5598,5599,5610,5622,5623,5631,5766,5767,5832,5835,5836,61,6178,731	148,151,152,163,175,176,184,319,320,385,388,389,44,5492,5509,5596,5599,5600,5611,5623,5624,5632,5767,5768,5833,5836,5837,61,6180,732	2	1,2,3,4,5,6,7,8,9,10,11,12,13,14,15,17,18,19,20,21,22,23,24,25,26,27,28,29,30,31	1378	6137	6419	31|1|0|0|0|2|0|1|0|0|0|1
GA	Anocar	LTR	Gypsy	DR0007229	NC_085842.1:73470313-73476731+	NC_085842.1:281912985-281919405-	15	16	0	5491,5508,5595,5598,5599,5610,5622,5623,5631,5766,5767,5832,5835,5836,6178	148,151,152,163,175,176,184,319,320,385,388,389,44,61,732	1	1,2,3,4,5,6,7,8,9,10,11,12,13,14,15	689	689	971	15|0|0|0|0|1|0|0|0|0|0|0
GA	Anocar	LTR	Gypsy	DR0007229	NC_085842.1:73470313-73476731+	NC_085842.1:281912985-281919405-	15	16	0	148,151,152,163,175,176,184,319,320,385,388,389,44,61,731	5492,5509,5596,5599,5600,5611,5623,5624,5632,5767,5768,5833,5836,5837,6180	1	1,2,3,4,5,6,7,8,9,10,11,12,13,14,15	689	689	971	15|0|0|0|0|1|0|0|0|0|0|0
GA	Anocar	LTR	Gypsy	DR0007229	NC_085842.1:73470313-73476731+	NC_085842.1:280881816-280888236+	30	36	0	148,151,152,163,175,176,184,319,320,385,388,389,44,5491,5508,5595,5598,5599,5610,5622,5623,5631,5766,5767,5832,5835,5836,61	148,151,152,163,175,176,184,319,320,385,388,389,44,5492,5509,5596,5599,5600,5611,5623,5624,5632,5767,5768,5833,5836,5837,61	2	1,2,3,4,5,6,7,8,9,10,11,12,13,14,16,17,18,19,20,21,22,23,24,25,26,27,28,29	692	5794	6419	30|1|0|0|0|0|1|1|0|1|0|2
GA	Anocar	LTR	Gypsy	DR0007229	NC_085842.1:73470313-73476731+	NC_085842.1:280881816-280888236+	15	16	0	5491,5508,5595,5598,5599,5610,5622,5623,5631,5766,5767,5832,5835,5836	148,151,152,163,175,176,184,319,320,385,388,389,44,61	1	1,2,3,4,5,6,7,8,9,10,11,12,13,14	346	346	971	15|0|0|0|0|0|0|0|0|0|0|1
GA	Anocar	LTR	Gypsy	DR0007229	NC_085842.1:73470313-73476731+	NC_085842.1:280881816-280888236+	15	16	0	148,151,152,163,175,176,184,319,320,385,388,389,44,61	5492,5509,5596,5599,5600,5611,5623,5624,5632,5767,5768,5833,5836,5837	1	1,2,3,4,5,6,7,8,9,10,11,12,13,14	346	346	971	15|0|0|0|0|0|0|0|0|0|0|1
GA	Anocar	LTR	Gypsy	DR0007229	NC_085842.1:73470313-73476731+	NC_085842.1:226834111-226840531-	31	36	0	148,151,152,163,175,176,184,319,320,385,388,389,44,5491,5508,5595,5598,5599,5610,5622,5623,5631,5766,5767,5832,5835,5836,61,6178,731	148,151,152,163,175,176,184,319,320,385,388,389,44,5492,5509,5596,5599,5600,5611,5623,5624,5632,5767,5768,5833,5836,5837,61,6180,732	2	1,2,3,4,5,6,7,8,9,10,11,12,13,14,15,17,18,19,20,21,22,23,24,25,26,27,28,29,30,31	1378	6137	6419	31|1|0|0|0|0|3|1|0|0|0|0
GA	Anocar	LTR	Gypsy	DR0007229	NC_085842.1:73470313-73476731+	NC_085842.1:226834111-226840531-	15	16	0	5491,5508,5595,5598,5599,5610,5622,5623,5631,5766,5767,5832,5835,5836,6178	148,151,152,163,175,176,184,319,320,385,388,389,44,61,732	1	1,2,3,4,5,6,7,8,9,10,11,12,13,14,15	689	689	971	15|0|0|0|0|0|1|0|0|0|0|0
GA	Anocar	LTR	Gypsy	DR0007229	NC_085842.1:73470313-73476731+	NC_085842.1:226834111-226840531-	15	16	0	148,151,152,163,175,176,184,319,320,385,388,389,44,61,731	5492,5509,5596,5599,5600,5611,5623,5624,5632,5767,5768,5833,5836,5837,6180	1	1,2,3,4,5,6,7,8,9,10,11,12,13,14,15	689	689	971	15|0|0|0|0|0|1|0|0|0|0|0
GA	Anocar	LTR	Gypsy	DR0007229	NC_085842.1:73470313-73476731+	NC_085842.1:217769299-217775719+	30	36	0	148,151,152,163,175,176,184,319,320,385,388,389,44,5491,5508,5595,5598,5599,5610,5622,5623,5631,5766,5767,5832,5835,5836,61	148,151,152,163,175,176,184,319,320,385,388,389,44,5492,5509,5596,5599,5600,5611,5623,5624,5632,5767,5768,5833,5836,5837,61	2	1,2,3,4,5,6,7,8,9,10,11,12,13,14,16,17,18,19,20,21,22,23,24,25,26,27,28,29	692	5794	6419	30|2|0|0|0|0|0|2|0|2|0|0
GA	Anocar	LTR	Gypsy	DR0007229	NC_085842.1:73470313-73476731+	NC_085842.1:217769299-217775719+	15	16	0	5491,5508,5595,5598,5599,5610,5622,5623,5631,5766,5767,5832,5835,5836	148,151,152,163,175,176,184,319,320,385,388,389,44,61	1	1,2,3,4,5,6,7,8,9,10,11,12,13,14	346	346	971	15|0|0|0|0|0|0|0|0|1|0|0
GA	Anocar	LTR	Gypsy	DR0007229	NC_085842.1:73470313-73476731+	NC_085842.1:217769299-217775719+	15	16	0	148,151,152,163,175,176,184,319,320,385,388,389,44,61	5492,5509,5596,5599,5600,5611,5623,5624,5632,5767,5768,5833,5836,5837	1	1,2,3,4,5,6,7,8,9,10,11,12,13,14	346	346	971	15|0|0|0|0|0|0|0|0|1|0|0
GA	Anocar	LTR	Gypsy	DR0007229	NC_085842.1:73470313-73476731+	NW_026943824.1:15106177-15112595+	30	34	0	148,151,152,163,175,176,184,319,320,385,388,389,44,5491,5508,5595,5598,5599,5610,5622,5623,5631,5766,5767,5832,5835,5836,61	148,151,152,163,175,176,184,319,320,385,388,389,44,5491,5508,5595,5598,5599,5610,5622,5623,5631,5766,5767,5832,5835,5836,61	2	1,2,3,4,5,6,7,8,9,10,11,12,13,14,16,17,18,19,20,21,22,23,24,25,26,27,28,29	692	5793	6418	30|1|0|0|0|0|0|1|0|2|0|0
GA	Anocar	LTR	Gypsy	DR0007229	NC_085842.1:73470313-73476731+	NW_026943824.1:15106177-15112595+	15	16	0	5491,5508,5595,5598,5599,5610,5622,5623,5631,5766,5767,5832,5835,5836	148,151,152,163,175,176,184,319,320,385,388,389,44,61	1	1,2,3,4,5,6,7,8,9,10,11,12,13,14	346	346	971	15|0|0|0|0|0|0|0|0|1|0|0
GA	Anocar	LTR	Gypsy	DR0007229	NC_085842.1:73470313-73476731+	NW_026943824.1:15106177-15112595+	15	16	0	148,151,152,163,175,176,184,319,320,385,388,389,44,61	5491,5508,5595,5598,5599,5610,5622,5623,5631,5766,5767,5832,5835,5836	1	1,2,3,4,5,6,7,8,9,10,11,12,13,14	346	346	971	15|0|0|0|0|0|0|0|0|1|0|0
GA	Anocar	LTR	Gypsy	DR0007229	NC_085842.1:73470313-73476731+	NC_085843.1:264529111-264535530-	31	35	0	148,151,152,163,175,176,184,319,320,385,388,389,44,5491,5508,5595,5598,5599,5610,5622,5623,5631,5766,5767,5832,5835,5836,61,6178,731	148,151,152,163,175,176,184,319,320,385,388,389,44,5491,5508,5595,5598,5599,5610,5622,5623,5631,5766,5767,5832,5835,5836,61,6179,732	2	1,2,3,4,5,6,7,8,9,10,11,12,13,14,15,17,18,19,20,21,22,23,24,25,26,27,28,29,30,31	1378	6136	6418	31|1|0|0|0|0|0|1|0|2|0|0
GA	Anocar	LTR	Gypsy	DR0007229	NC_085842.1:73470313-73476731+	NC_085843.1:264529111-264535530-	15	16	0	5491,5508,5595,5598,5599,5610,5622,5623,5631,5766,5767,5832,5835,5836,6178	148,151,152,163,175,176,184,319,320,385,388,389,44,61,732	1	1,2,3,4,5,6,7,8,9,10,11,12,13,14,15	689	689	971	15|0|0|0|0|0|0|0|0|1|0|0
GA	Anocar	LTR	Gypsy	DR0007229	NC_085842.1:73470313-73476731+	NC_085843.1:264529111-264535530-	15	16	0	148,151,152,163,175,176,184,319,320,385,388,389,44,61,731	5491,5508,5595,5598,5599,5610,5622,5623,5631,5766,5767,5832,5835,5836,6179	1	1,2,3,4,5,6,7,8,9,10,11,12,13,14,15	689	689	971	15|0|0|0|0|0|0|0|0|1|0|0
GA	Anocar	LTR	Gypsy	DR0007229	NC_085842.1:73470313-73476731+	NC_085842.1:292091035-292097451+	28	32	0	148,151,152,163,175,176,319,320,385,388,389,44,5491,5508,5595,5598,5599,5610,5622,5623,5766,5767,5832,5835,5836,61,6178,731	148,151,152,163,175,176,319,320,385,388,389,44,5490,5507,5594,5597,5598,5609,5621,5622,5765,5766,5831,5834,5835,61,6177,731	2	1,2,3,4,5,6,7,8,9,10,11,12,13,14,15,16,17,18,19,20,21,22,23,24,25,26,27,28	6135	6134	6417	28|1|0|1|0|0|1|1|0|0|0|0
GA	Anocar	LTR	Gypsy	DR0007229	NC_085842.1:73470313-73476731+	NC_085842.1:292091035-292097451+	14	14	0	5491,5508,5595,5598,5599,5610,5622,5623,5766,5767,5832,5835,5836,6178	148,151,152,163,175,176,319,320,385,388,389,44,61,731	1	1,2,3,4,5,6,7,8,9,10,11,12,13,14	688	688	970	14|0|0|0|0|0|0|0|0|0|0|0
GA	Anocar	LTR	Gypsy	DR0007229	NC_085842.1:73470313-73476731+	NC_085842.1:292091035-292097451+	14	14	0	148,151,152,163,175,176,319,320,385,388,389,44,61,731	5490,5507,5594,5597,5598,5609,5621,5622,5765,5766,5831,5834,5835,6177	1	1,2,3,4,5,6,7,8,9,10,11,12,13,14	688	688	970	14|0|0|0|0|0|0|0|0|0|0|0
GA	Anocar	LTR	Gypsy	DR0007229	NC_085842.1:73470313-73476731+	NW_026943885.1:56350-62770+	31	37	0	148,151,152,163,175,176,184,319,320,385,388,389,44,5491,5508,5595,5598,5599,5610,5622,5623,5631,5766,5767,5832,5835,5836,61,6178,731	148,151,152,163,175,176,184,319,320,385,388,389,44,5492,5509,5596,5599,5600,5611,5623,5624,5632,5767,5768,5833,5836,5837,61,6180,732	2	1,2,3,4,5,6,7,8,9,10,11,12,13,14,15,17,18,19,20,21,22,23,24,25,26,27,28,29,30,31	1378	6137	6419	31|2|0|0|1|1|0|2|0|0|0|0
GA	Anocar	LTR	Gypsy	DR0007229	NC_085842.1:73470313-73476731+	NW_026943885.1:56350-62770+	15	15	0	5491,5508,5595,5598,5599,5610,5622,5623,5631,5766,5767,5832,5835,5836,6178	148,151,152,163,175,176,184,319,320,385,388,389,44,61,732	1	1,2,3,4,5,6,7,8,9,10,11,12,13,14,15	689	689	971	15|0|0|0|0|0|0|0|0|0|0|0
GA	Anocar	LTR	Gypsy	DR0007229	NC_085842.1:73470313-73476731+	NW_026943885.1:56350-62770+	15	15	0	148,151,152,163,175,176,184,319,320,385,388,389,44,61,731	5492,5509,5596,5599,5600,5611,5623,5624,5632,5767,5768,5833,5836,5837,6180	1	1,2,3,4,5,6,7,8,9,10,11,12,13,14,15	689	689	971	15|0|0|0|0|0|0|0|0|0|0|0
GA	Anocar	LTR	Gypsy	DR0007229	NC_085842.1:73470313-73476731+	NW_026943823.1:23196029-23202449-	30	37	0	148,151,152,163,175,176,184,319,320,385,388,389,44,5491,5508,5595,5598,5599,5610,5622,5623,5631,5766,5767,5832,5835,5836,61	148,151,152,163,175,176,184,319,320,385,388,389,44,5492,5509,5596,5599,5600,5611,5623,5624,5632,5767,5768,5833,5836,5837,61	2	1,2,3,4,5,6,7,8,9,10,11,12,13,14,16,17,18,19,20,21,22,23,24,25,26,27,28,29	692	5794	6419	30|1|0|0|1|0|0|2|0|3|0|0
GA	Anocar	LTR	Gypsy	DR0007229	NC_085842.1:73470313-73476731+	NW_026943823.1:23196029-23202449-	15	16	0	5491,5508,5595,5598,5599,5610,5622,5623,5631,5766,5767,5832,5835,5836	148,151,152,163,175,176,184,319,320,385,388,389,44,61	1	1,2,3,4,5,6,7,8,9,10,11,12,13,14	346	346	971	15|0|0|0|0|0|0|0|0|1|0|0
GA	Anocar	LTR	Gypsy	DR0007229	NC_085842.1:73470313-73476731+	NW_026943823.1:23196029-23202449-	15	16	0	148,151,152,163,175,176,184,319,320,385,388,389,44,61	5492,5509,5596,5599,5600,5611,5623,5624,5632,5767,5768,5833,5836,5837	1	1,2,3,4,5,6,7,8,9,10,11,12,13,14	346	346	971	15|0|0|0|0|0|0|0|0|1|0|0
GA	Anocar	LTR	Gypsy	DR0007229	NC_085842.1:73470313-73476731+	NW_026943823.1:21882942-21889362+	31	37	0	148,151,152,163,175,176,184,319,320,385,388,389,44,5491,5508,5595,5598,5599,5610,5622,5623,5631,5766,5767,5832,5835,5836,61	148,151,152,163,175,176,184,319,320,385,388,389,44,5492,5509,5596,5599,5600,5611,5623,5624,5632,5767,5768,5833,5836,5837,61	2	1,2,3,4,5,6,7,8,9,10,11,12,13,14,17,18,19,20,21,22,23,24,25,26,27,28,29,30	692	5794	6419	31|1|0|0|0|0|0|2|0|2|1|0
GA	Anocar	LTR	Gypsy	DR0007229	NC_085842.1:73470313-73476731+	NW_026943823.1:21882942-21889362+	15	16	0	5491,5508,5595,5598,5599,5610,5622,5623,5631,5766,5767,5832,5835,5836	148,151,152,163,175,176,184,319,320,385,388,389,44,61	1	1,2,3,4,5,6,7,8,9,10,11,12,13,14	346	346	971	15|0|0|0|0|0|0|0|0|1|0|0
GA	Anocar	LTR	Gypsy	DR0007229	NC_085842.1:73470313-73476731+	NW_026943823.1:21882942-21889362+	15	16	0	148,151,152,163,175,176,184,319,320,385,388,389,44,61	5492,5509,5596,5599,5600,5611,5623,5624,5632,5767,5768,5833,5836,5837	1	1,2,3,4,5,6,7,8,9,10,11,12,13,14	346	346	971	15|0|0|0|0|0|0|0|0|1|0|0
GA	Anocar	LTR	Gypsy	DR0007229	NC_085842.1:73470313-73476731+	NW_026943823.1:19923836-19930256+	30	37	0	148,151,152,163,175,176,184,319,320,385,388,389,44,5491,5508,5595,5598,5599,5610,5622,5623,5631,5766,5767,5832,5835,5836,61	148,151,152,163,175,176,184,319,320,385,388,389,44,5492,5509,5596,5599,5600,5611,5623,5624,5632,5767,5768,5833,5836,5837,61	2	1,2,3,4,5,6,7,8,9,10,11,12,13,14,16,17,18,19,20,21,22,23,24,25,26,27,28,29	692	5794	6419	30|3|0|0|0|1|0|1|0|2|0|0
GA	Anocar	LTR	Gypsy	DR0007229	NC_085842.1:73470313-73476731+	NW_026943823.1:19923836-19930256+	15	17	0	5491,5508,5595,5598,5599,5610,5622,5623,5631,5766,5767,5832,5835,5836	148,151,152,163,175,176,184,319,320,385,388,389,44,61	1	1,2,3,4,5,6,7,8,9,10,11,12,13,14	346	346	971	15|1|0|0|0|0|0|0|0|1|0|0
GA	Anocar	LTR	Gypsy	DR0007229	NC_085842.1:73470313-73476731+	NW_026943823.1:19923836-19930256+	15	17	0	148,151,152,163,175,176,184,319,320,385,388,389,44,61	5492,5509,5596,5599,5600,5611,5623,5624,5632,5767,5768,5833,5836,5837	1	1,2,3,4,5,6,7,8,9,10,11,12,13,14	346	346	971	15|1|0|0|0|0|0|0|0|1|0|0
GA	Anocar	LTR	Gypsy	DR0007229	NC_085842.1:73470313-73476731+	NW_026943822.1:21527248-21533668+	31	37	0	148,151,152,163,175,176,184,319,320,385,388,389,44,5491,5508,5595,5598,5599,5610,5622,5623,5631,5766,5767,5832,5835,5836,61	148,151,152,163,175,176,184,319,320,385,388,389,44,5492,5509,5596,5599,5600,5611,5623,5624,5632,5767,5768,5833,5836,5837,61	2	1,2,3,4,5,6,7,8,9,10,11,12,13,14,17,18,19,20,21,22,23,24,25,26,27,28,29,30	692	5794	6419	31|1|0|0|0|0|0|2|0|2|1|0
GA	Anocar	LTR	Gypsy	DR0007229	NC_085842.1:73470313-73476731+	NW_026943822.1:21527248-21533668+	15	16	0	5491,5508,5595,5598,5599,5610,5622,5623,5631,5766,5767,5832,5835,5836	148,151,152,163,175,176,184,319,320,385,388,389,44,61	1	1,2,3,4,5,6,7,8,9,10,11,12,13,14	346	346	971	15|0|0|0|0|0|0|0|0|1|0|0
GA	Anocar	LTR	Gypsy	DR0007229	NC_085842.1:73470313-73476731+	NW_026943822.1:21527248-21533668+	15	16	0	148,151,152,163,175,176,184,319,320,385,388,389,44,61	5492,5509,5596,5599,5600,5611,5623,5624,5632,5767,5768,5833,5836,5837	1	1,2,3,4,5,6,7,8,9,10,11,12,13,14	346	346	971	15|0|0|0|0|0|0|0|0|1|0|0
GA	Anocar	LTR	Gypsy	DR0007229	NC_085842.1:73470313-73476731+	NW_026943822.1:10449855-10456275+	30	37	0	148,151,152,163,175,176,184,319,320,385,388,389,44,5491,5508,5595,5598,5599,5610,5622,5623,5631,5766,5767,5832,5835,5836,61,6178,731	148,151,152,163,175,176,184,319,320,385,388,389,44,5492,5509,5596,5599,5600,5611,5623,5624,5632,5767,5768,5833,5836,5837,61,6180,732	2	1,2,3,4,5,6,7,8,9,10,11,12,13,14,15,16,17,18,19,20,21,22,23,24,25,26,27,28,29,30	6138	6137	6419	30|2|0|0|0|0|0|5|0|0|0|0
GA	Anocar	LTR	Gypsy	DR0007229	NC_085842.1:73470313-73476731+	NW_026943822.1:10449855-10456275+	15	16	0	5491,5508,5595,5598,5599,5610,5622,5623,5631,5766,5767,5832,5835,5836,6178	148,151,152,163,175,176,184,319,320,385,388,389,44,61,732	1	1,2,3,4,5,6,7,8,9,10,11,12,13,14,15	689	689	971	15|0|0|0|0|0|0|1|0|0|0|0
GA	Anocar	LTR	Gypsy	DR0007229	NC_085842.1:73470313-73476731+	NW_026943822.1:10449855-10456275+	15	16	0	148,151,152,163,175,176,184,319,320,385,388,389,44,61,731	5492,5509,5596,5599,5600,5611,5623,5624,5632,5767,5768,5833,5836,5837,6180	1	1,2,3,4,5,6,7,8,9,10,11,12,13,14,15	689	689	971	15|0|0|0|0|0|0|1|0|0|0|0
GA	Anocar	LTR	Gypsy	DR0007229	NC_085842.1:73470313-73476731+	NW_026943822.1:397793-404213+	30	37	0	148,151,152,163,175,176,184,319,320,385,388,389,44,5491,5508,5595,5598,5599,5610,5622,5623,5631,5766,5767,5832,5835,5836,61	148,151,152,163,175,176,184,319,320,385,388,389,44,5492,5509,5596,5599,5600,5611,5623,5624,5632,5767,5768,5833,5836,5837,61	2	1,2,3,4,5,6,7,8,9,10,11,12,13,14,16,17,18,19,20,21,22,23,24,25,26,27,28,29	692	5794	6419	30|4|0|0|0|0|0|2|0|1|0|0
GA	Anocar	LTR	Gypsy	DR0007229	NC_085842.1:73470313-73476731+	NW_026943822.1:397793-404213+	15	16	0	5491,5508,5595,5598,5599,5610,5622,5623,5631,5766,5767,5832,5835,5836	148,151,152,163,175,176,184,319,320,385,388,389,44,61	1	1,2,3,4,5,6,7,8,9,10,11,12,13,14	346	346	971	15|1|0|0|0|0|0|0|0|0|0|0
GA	Anocar	LTR	Gypsy	DR0007229	NC_085842.1:73470313-73476731+	NW_026943822.1:397793-404213+	15	16	0	148,151,152,163,175,176,184,319,320,385,388,389,44,61	5492,5509,5596,5599,5600,5611,5623,5624,5632,5767,5768,5833,5836,5837	1	1,2,3,4,5,6,7,8,9,10,11,12,13,14	346	346	971	15|1|0|0|0|0|0|0|0|0|0|0
GA	Anocar	LTR	Gypsy	DR0007229	NC_085842.1:73470313-73476731+	NW_026943820.1:26289159-26295579+	31	37	0	148,151,152,163,175,176,184,319,320,385,388,389,44,5491,5508,5595,5598,5599,5610,5622,5623,5631,5766,5767,5832,5835,5836,61,6178,731	148,151,152,163,175,176,184,319,320,385,388,389,44,5492,5509,5596,5599,5600,5611,5623,5624,5632,5767,5768,5833,5836,5837,61,6180,732	2	1,2,3,4,5,6,7,8,9,10,11,12,13,14,15,17,18,19,20,21,22,23,24,25,26,27,28,29,30,31	1378	6137	6419	31|4|0|0|0|0|1|1|0|0|0|0
GA	Anocar	LTR	Gypsy	DR0007229	NC_085842.1:73470313-73476731+	NW_026943820.1:26289159-26295579+	15	15	0	5491,5508,5595,5598,5599,5610,5622,5623,5631,5766,5767,5832,5835,5836,6178	148,151,152,163,175,176,184,319,320,385,388,389,44,61,732	1	1,2,3,4,5,6,7,8,9,10,11,12,13,14,15	689	689	971	15|0|0|0|0|0|0|0|0|0|0|0
GA	Anocar	LTR	Gypsy	DR0007229	NC_085842.1:73470313-73476731+	NW_026943820.1:26289159-26295579+	15	15	0	148,151,152,163,175,176,184,319,320,385,388,389,44,61,731	5492,5509,5596,5599,5600,5611,5623,5624,5632,5767,5768,5833,5836,5837,6180	1	1,2,3,4,5,6,7,8,9,10,11,12,13,14,15	689	689	971	15|0|0|0|0|0|0|0|0|0|0|0
GA	Anocar	LTR	Gypsy	DR0007229	NC_085842.1:73470313-73476731+	NW_026943820.1:21441599-21448019+	30	37	0	148,151,152,163,175,176,184,319,320,385,388,389,44,5491,5508,5595,5598,5599,5610,5622,5623,5631,5766,5767,5832,5835,5836,61	148,151,152,163,175,176,184,319,320,385,388,389,44,5492,5509,5596,5599,5600,5611,5623,5624,5632,5767,5768,5833,5836,5837,61	2	1,2,3,4,5,6,7,8,9,10,11,12,13,14,16,17,18,19,20,21,22,23,24,25,26,27,28,29	692	5794	6419	30|2|0|0|0|0|3|2|0|0|0|0
GA	Anocar	LTR	Gypsy	DR0007229	NC_085842.1:73470313-73476731+	NW_026943820.1:21441599-21448019+	15	16	0	5491,5508,5595,5598,5599,5610,5622,5623,5631,5766,5767,5832,5835,5836	148,151,152,163,175,176,184,319,320,385,388,389,44,61	1	1,2,3,4,5,6,7,8,9,10,11,12,13,14	346	346	971	15|0|0|0|0|0|1|0|0|0|0|0
GA	Anocar	LTR	Gypsy	DR0007229	NC_085842.1:73470313-73476731+	NW_026943820.1:21441599-21448019+	15	16	0	148,151,152,163,175,176,184,319,320,385,388,389,44,61	5492,5509,5596,5599,5600,5611,5623,5624,5632,5767,5768,5833,5836,5837	1	1,2,3,4,5,6,7,8,9,10,11,12,13,14	346	346	971	15|0|0|0|0|0|1|0|0|0|0|0
GA	Anocar	LTR	Gypsy	DR0007229	NC_085842.1:73470313-73476731+	NW_026943820.1:391016-397436+	30	37	0	148,151,152,163,175,176,184,319,320,385,388,389,44,5491,5508,5595,5598,5599,5610,5622,5623,5631,5766,5767,5832,5835,5836,61	148,151,152,163,175,176,184,319,320,385,388,389,44,5492,5509,5596,5599,5600,5611,5623,5624,5632,5767,5768,5833,5836,5837,61	2	1,2,3,4,5,6,7,8,9,10,11,12,13,14,16,17,18,19,20,21,22,23,24,25,26,27,28,29	692	5794	6419	30|1|0|0|1|0|0|3|0|0|0|2
GA	Anocar	LTR	Gypsy	DR0007229	NC_085842.1:73470313-73476731+	NW_026943820.1:391016-397436+	15	17	0	5491,5508,5595,5598,5599,5610,5622,5623,5631,5766,5767,5832,5835,5836	148,151,152,163,175,176,184,319,320,385,388,389,44,61	1	1,2,3,4,5,6,7,8,9,10,11,12,13,14	346	346	971	15|0|0|0|0|0|0|1|0|0|0|1
GA	Anocar	LTR	Gypsy	DR0007229	NC_085842.1:73470313-73476731+	NW_026943820.1:391016-397436+	15	17	0	148,151,152,163,175,176,184,319,320,385,388,389,44,61	5492,5509,5596,5599,5600,5611,5623,5624,5632,5767,5768,5833,5836,5837	1	1,2,3,4,5,6,7,8,9,10,11,12,13,14	346	346	971	15|0|0|0|0|0|0|1|0|0|0|1
GA	Anocar	LTR	Gypsy	DR0007229	NC_085842.1:73470313-73476731+	NC_085845.1:154562613-154569033-	30	37	0	148,151,152,163,175,176,184,319,320,385,388,389,44,5491,5508,5595,5598,5599,5610,5622,5623,5631,5766,5767,5832,5835,5836,61	148,151,152,163,175,176,184,319,320,385,388,389,44,5492,5509,5596,5599,5600,5611,5623,5624,5632,5767,5768,5833,5836,5837,61	2	1,2,3,4,5,6,7,8,9,10,11,12,13,14,16,17,18,19,20,21,22,23,24,25,26,27,28,29	692	5794	6419	30|1|0|0|1|0|0|3|0|2|0|0
GA	Anocar	LTR	Gypsy	DR0007229	NC_085842.1:73470313-73476731+	NC_085845.1:154562613-154569033-	15	16	0	5491,5508,5595,5598,5599,5610,5622,5623,5631,5766,5767,5832,5835,5836	148,151,152,163,175,176,184,319,320,385,388,389,44,61	1	1,2,3,4,5,6,7,8,9,10,11,12,13,14	346	346	971	15|0|0|0|0|0|0|0|0|1|0|0
GA	Anocar	LTR	Gypsy	DR0007229	NC_085842.1:73470313-73476731+	NC_085845.1:154562613-154569033-	15	16	0	148,151,152,163,175,176,184,319,320,385,388,389,44,61	5492,5509,5596,5599,5600,5611,5623,5624,5632,5767,5768,5833,5836,5837	1	1,2,3,4,5,6,7,8,9,10,11,12,13,14	346	346	971	15|0|0|0|0|0|0|0|0|1|0|0
GA	Anocar	LTR	Gypsy	DR0007229	NC_085842.1:73470313-73476731+	NC_085845.1:101225383-101231803+	31	37	0	148,151,152,163,175,176,184,319,320,385,388,389,5595,5598,5599,5610,5622,5623,5631,5766,5767,5832,5835,5836,6178,731	148,151,152,163,175,176,184,319,320,385,388,389,5596,5599,5600,5611,5623,5624,5632,5767,5768,5833,5836,5837,6180,732	2	3,4,5,6,7,8,9,10,11,12,13,14,15,19,20,21,22,23,24,25,26,27,28,29,30,31	1170	6033	6419	31|4|0|0|0|0|0|2|0|0|0|0
GA	Anocar	LTR	Gypsy	DR0007229	NC_085842.1:73470313-73476731+	NC_085845.1:101225383-101231803+	15	16	0	5595,5598,5599,5610,5622,5623,5631,5766,5767,5832,5835,5836,6178	148,151,152,163,175,176,184,319,320,385,388,389,732	1	3,4,5,6,7,8,9,10,11,12,13,14,15	585	585	971	15|1|0|0|0|0|0|0|0|0|0|0
GA	Anocar	LTR	Gypsy	DR0007229	NC_085842.1:73470313-73476731+	NC_085845.1:101225383-101231803+	15	16	0	148,151,152,163,175,176,184,319,320,385,388,389,731	5596,5599,5600,5611,5623,5624,5632,5767,5768,5833,5836,5837,6180	1	3,4,5,6,7,8,9,10,11,12,13,14,15	585	585	971	15|1|0|0|0|0|0|0|0|0|0|0
GA	Anocar	LTR	Gypsy	DR0007229	NC_085842.1:73470313-73476731+	NC_085845.1:81414530-81420950+	30	37	0	148,151,152,163,175,176,184,319,320,385,388,389,44,5491,5508,5595,5598,5599,5610,5622,5623,5631,5766,5767,5832,5835,5836,61,6178,731	148,151,152,163,175,176,184,319,320,385,388,389,44,5492,5509,5596,5599,5600,5611,5623,5624,5632,5767,5768,5833,5836,5837,61,6180,732	2	1,2,3,4,5,6,7,8,9,10,11,12,13,14,15,16,17,18,19,20,21,22,23,24,25,26,27,28,29,30	6138	6137	6419	30|2|0|0|0|0|1|2|0|0|0|2
GA	Anocar	LTR	Gypsy	DR0007229	NC_085842.1:73470313-73476731+	NC_085845.1:81414530-81420950+	15	15	0	5491,5508,5595,5598,5599,5610,5622,5623,5631,5766,5767,5832,5835,5836,6178	148,151,152,163,175,176,184,319,320,385,388,389,44,61,732	1	1,2,3,4,5,6,7,8,9,10,11,12,13,14,15	689	689	971	15|0|0|0|0|0|0|0|0|0|0|0
GA	Anocar	LTR	Gypsy	DR0007229	NC_085842.1:73470313-73476731+	NC_085845.1:81414530-81420950+	15	15	0	148,151,152,163,175,176,184,319,320,385,388,389,44,61,731	5492,5509,5596,5599,5600,5611,5623,5624,5632,5767,5768,5833,5836,5837,6180	1	1,2,3,4,5,6,7,8,9,10,11,12,13,14,15	689	689	971	15|0|0|0|0|0|0|0|0|0|0|0
GA	Anocar	LTR	Gypsy	DR0007229	NC_085842.1:73470313-73476731+	NC_085845.1:81263848-81270268-	30	37	0	148,151,152,163,175,176,184,319,320,385,388,389,44,5491,5508,5595,5598,5599,5610,5622,5623,5631,5766,5767,5832,5835,5836,61,6178,731	148,151,152,163,175,176,184,319,320,385,388,389,44,5492,5509,5596,5599,5600,5611,5623,5624,5632,5767,5768,5833,5836,5837,61,6180,732	2	1,2,3,4,5,6,7,8,9,10,11,12,13,14,15,16,17,18,19,20,21,22,23,24,25,26,27,28,29,30	6138	6137	6419	30|0|0|0|1|0|0|1|1|2|0|2
GA	Anocar	LTR	Gypsy	DR0007229	NC_085842.1:73470313-73476731+	NC_085845.1:81263848-81270268-	15	16	0	5491,5508,5595,5598,5599,5610,5622,5623,5631,5766,5767,5832,5835,5836,6178	148,151,152,163,175,176,184,319,320,385,388,389,44,61,732	1	1,2,3,4,5,6,7,8,9,10,11,12,13,14,15	689	689	971	15|0|0|0|0|0|0|0|0|0|0|1
GA	Anocar	LTR	Gypsy	DR0007229	NC_085842.1:73470313-73476731+	NC_085845.1:81263848-81270268-	15	16	0	148,151,152,163,175,176,184,319,320,385,388,389,44,61,731	5492,5509,5596,5599,5600,5611,5623,5624,5632,5767,5768,5833,5836,5837,6180	1	1,2,3,4,5,6,7,8,9,10,11,12,13,14,15	689	689	971	15|0|0|0|0|0|0|0|0|0|0|1
GA	Anocar	LTR	Gypsy	DR0007229	NC_085842.1:73470313-73476731+	NC_085845.1:70535833-70542253+	31	37	0	148,151,152,163,175,176,184,319,320,385,388,389,44,5491,5508,5595,5598,5599,5610,5622,5623,5631,5766,5767,5832,5835,5836,61,6178,731	148,151,152,163,175,176,184,319,320,385,388,389,44,5492,5509,5596,5599,5600,5611,5623,5624,5632,5767,5768,5833,5836,5837,61,6180,732	2	1,2,3,4,5,6,7,8,9,10,11,12,13,14,15,17,18,19,20,21,22,23,24,25,26,27,28,29,30,31	1378	6137	6419	31|2|0|0|0|0|1|3|0|0|0|0
GA	Anocar	LTR	Gypsy	DR0007229	NC_085842.1:73470313-73476731+	NC_085845.1:70535833-70542253+	15	15	0	5491,5508,5595,5598,5599,5610,5622,5623,5631,5766,5767,5832,5835,5836,6178	148,151,152,163,175,176,184,319,320,385,388,389,44,61,732	1	1,2,3,4,5,6,7,8,9,10,11,12,13,14,15	689	689	971	15|0|0|0|0|0|0|0|0|0|0|0
GA	Anocar	LTR	Gypsy	DR0007229	NC_085842.1:73470313-73476731+	NC_085845.1:70535833-70542253+	15	15	0	148,151,152,163,175,176,184,319,320,385,388,389,44,61,731	5492,5509,5596,5599,5600,5611,5623,5624,5632,5767,5768,5833,5836,5837,6180	1	1,2,3,4,5,6,7,8,9,10,11,12,13,14,15	689	689	971	15|0|0|0|0|0|0|0|0|0|0|0
GA	Anocar	LTR	Gypsy	DR0007229	NC_085842.1:73470313-73476731+	NC_085845.1:67221016-67227436+	30	37	0	148,151,152,163,175,176,184,319,320,385,388,389,44,5491,5508,5595,5598,5599,5610,5622,5623,5631,5766,5767,5832,5835,5836,61,6178,731	148,151,152,163,175,176,184,319,320,385,388,389,44,5492,5509,5596,5599,5600,5611,5623,5624,5632,5767,5768,5833,5836,5837,61,6180,732	2	1,2,3,4,5,6,7,8,9,10,11,12,13,14,15,16,17,18,19,20,21,22,23,24,25,26,27,28,29,30	6138	6137	6419	30|1|0|0|0|0|3|1|0|0|1|1
GA	Anocar	LTR	Gypsy	DR0007229	NC_085842.1:73470313-73476731+	NC_085845.1:67221016-67227436+	15	15	0	5491,5508,5595,5598,5599,5610,5622,5623,5631,5766,5767,5832,5835,5836,6178	148,151,152,163,175,176,184,319,320,385,388,389,44,61,732	1	1,2,3,4,5,6,7,8,9,10,11,12,13,14,15	689	689	971	15|0|0|0|0|0|0|0|0|0|0|0
GA	Anocar	LTR	Gypsy	DR0007229	NC_085842.1:73470313-73476731+	NC_085845.1:67221016-67227436+	15	15	0	148,151,152,163,175,176,184,319,320,385,388,389,44,61,731	5492,5509,5596,5599,5600,5611,5623,5624,5632,5767,5768,5833,5836,5837,6180	1	1,2,3,4,5,6,7,8,9,10,11,12,13,14,15	689	689	971	15|0|0|0|0|0|0|0|0|0|0|0
GA	Anocar	LTR	Gypsy	DR0007229	NC_085842.1:73470313-73476731+	NC_085844.1:155380320-155386740+	30	37	0	148,151,152,163,175,176,184,319,320,385,388,389,44,5491,5508,5595,5598,5599,5610,5622,5623,5631,5766,5767,5832,5835,5836,61	148,151,152,163,175,176,184,319,320,385,388,389,44,5492,5509,5596,5599,5600,5611,5623,5624,5632,5767,5768,5833,5836,5837,61	2	1,2,3,4,5,6,7,8,9,10,11,12,13,14,16,17,18,19,20,21,22,23,24,25,26,27,28,29	692	5794	6419	30|4|0|0|0|0|2|1|0|0|0|0
GA	Anocar	LTR	Gypsy	DR0007229	NC_085842.1:73470313-73476731+	NC_085844.1:155380320-155386740+	15	16	0	5491,5508,5595,5598,5599,5610,5622,5623,5631,5766,5767,5832,5835,5836	148,151,152,163,175,176,184,319,320,385,388,389,44,61	1	1,2,3,4,5,6,7,8,9,10,11,12,13,14	346	346	971	15|1|0|0|0|0|0|0|0|0|0|0
GA	Anocar	LTR	Gypsy	DR0007229	NC_085842.1:73470313-73476731+	NC_085844.1:155380320-155386740+	15	16	0	148,151,152,163,175,176,184,319,320,385,388,389,44,61	5492,5509,5596,5599,5600,5611,5623,5624,5632,5767,5768,5833,5836,5837	1	1,2,3,4,5,6,7,8,9,10,11,12,13,14	346	346	971	15|1|0|0|0|0|0|0|0|0|0|0
GA	Anocar	LTR	Gypsy	DR0007229	NC_085842.1:73470313-73476731+	NC_085844.1:144098643-144105063-	30	37	0	148,151,152,163,175,176,184,319,320,385,388,389,44,5491,5508,5595,5598,5599,5610,5622,5623,5631,5766,5767,5832,5835,5836,61,6178,731	148,151,152,163,175,176,184,319,320,385,388,389,44,5492,5509,5596,5599,5600,5611,5623,5624,5632,5767,5768,5833,5836,5837,61,6180,732	4	1,2,3,4,5,6,7,8,9,10,11,12,13,14,15,16,17,18,19,20,21,22,23,24,25,26,27,28,29,30	6140	6137	6419	30|2|0|0|1|1|0|1|0|0|0|2
GA	Anocar	LTR	Gypsy	DR0007229	NC_085842.1:73470313-73476731+	NC_085844.1:144098643-144105063-	15	16	0	5491,5508,5595,5598,5599,5610,5622,5623,5631,5766,5767,5832,5835,5836,6178	148,151,152,163,175,176,184,319,320,385,388,389,44,61,732	2	1,2,3,4,5,6,7,8,9,10,11,12,13,14,15	690	689	971	15|0|0|0|0|0|0|0|0|0|0|1
GA	Anocar	LTR	Gypsy	DR0007229	NC_085842.1:73470313-73476731+	NC_085844.1:144098643-144105063-	15	16	0	148,151,152,163,175,176,184,319,320,385,388,389,44,61,731	5492,5509,5596,5599,5600,5611,5623,5624,5632,5767,5768,5833,5836,5837,6180	2	1,2,3,4,5,6,7,8,9,10,11,12,13,14,15	690	689	971	15|0|0|0|0|0|0|0|0|0|0|1
GA	Anocar	LTR	Gypsy	DR0007229	NC_085842.1:73470313-73476731+	NC_085844.1:36348195-36354615+	30	37	0	148,151,152,163,175,176,184,319,320,385,388,389,44,5491,5508,5595,5598,5599,5610,5622,5623,5631,5766,5767,5832,5835,5836,61	148,151,152,163,175,176,184,319,320,385,388,389,44,5492,5509,5596,5599,5600,5611,5623,5624,5632,5767,5768,5833,5836,5837,61	2	1,2,3,4,5,6,7,8,9,10,11,12,13,14,16,17,18,19,20,21,22,23,24,25,26,27,28,29	692	5794	6419	30|3|0|0|0|1|0|1|0|2|0|0
GA	Anocar	LTR	Gypsy	DR0007229	NC_085842.1:73470313-73476731+	NC_085844.1:36348195-36354615+	15	17	0	5491,5508,5595,5598,5599,5610,5622,5623,5631,5766,5767,5832,5835,5836	148,151,152,163,175,176,184,319,320,385,388,389,44,61	1	1,2,3,4,5,6,7,8,9,10,11,12,13,14	346	346	971	15|1|0|0|0|0|0|0|0|1|0|0
GA	Anocar	LTR	Gypsy	DR0007229	NC_085842.1:73470313-73476731+	NC_085844.1:36348195-36354615+	15	17	0	148,151,152,163,175,176,184,319,320,385,388,389,44,61	5492,5509,5596,5599,5600,5611,5623,5624,5632,5767,5768,5833,5836,5837	1	1,2,3,4,5,6,7,8,9,10,11,12,13,14	346	346	971	15|1|0|0|0|0|0|0|0|1|0|0
GA	Anocar	LTR	Gypsy	DR0007229	NC_085842.1:73470313-73476731+	NC_085844.1:28491482-28497902+	32	37	0	148,151,152,163,175,176,184,319,320,385,388,389,44,5164,5491,5508,5595,5598,5599,5610,5622,5623,5631,5766,5767,5832,5835,5836,61,6178,731	148,151,152,163,175,176,184,319,320,385,388,389,44,5165,5492,5509,5596,5599,5600,5611,5623,5624,5632,5767,5768,5833,5836,5837,61,6180,732	2	1,2,3,4,5,6,7,8,9,10,11,12,13,14,15,17,18,19,20,21,22,23,24,25,26,27,28,29,30,31,32	1705	6137	6419	32|2|0|0|0|0|1|1|0|1|0|0
GA	Anocar	LTR	Gypsy	DR0007229	NC_085842.1:73470313-73476731+	NC_085844.1:28491482-28497902+	15	15	0	5491,5508,5595,5598,5599,5610,5622,5623,5631,5766,5767,5832,5835,5836,6178	148,151,152,163,175,176,184,319,320,385,388,389,44,61,732	1	1,2,3,4,5,6,7,8,9,10,11,12,13,14,15	689	689	971	15|0|0|0|0|0|0|0|0|0|0|0
GA	Anocar	LTR	Gypsy	DR0007229	NC_085842.1:73470313-73476731+	NC_085844.1:28491482-28497902+	15	15	0	148,151,152,163,175,176,184,319,320,385,388,389,44,61,731	5492,5509,5596,5599,5600,5611,5623,5624,5632,5767,5768,5833,5836,5837,6180	1	1,2,3,4,5,6,7,8,9,10,11,12,13,14,15	689	689	971	15|0|0|0|0|0|0|0|0|0|0|0
GA	Anocar	LTR	Gypsy	DR0007229	NC_085842.1:73470313-73476731+	NC_085844.1:2874044-2880464-	30	37	0	148,151,152,163,175,176,184,319,320,385,388,389,44,5491,5508,5595,5598,5599,5610,5622,5623,5631,5766,5767,5832,5835,5836,61	148,151,152,163,175,176,184,319,320,385,388,389,44,5492,5509,5596,5599,5600,5611,5623,5624,5632,5767,5768,5833,5836,5837,61	2	1,2,3,4,5,6,7,8,9,10,11,12,13,14,16,17,18,19,20,21,22,23,24,25,26,27,28,29	692	5794	6419	30|2|0|0|0|2|0|1|0|2|0|0
GA	Anocar	LTR	Gypsy	DR0007229	NC_085842.1:73470313-73476731+	NC_085844.1:2874044-2880464-	15	17	0	5491,5508,5595,5598,5599,5610,5622,5623,5631,5766,5767,5832,5835,5836	148,151,152,163,175,176,184,319,320,385,388,389,44,61	1	1,2,3,4,5,6,7,8,9,10,11,12,13,14	346	346	971	15|0|0|0|0|1|0|0|0|1|0|0
GA	Anocar	LTR	Gypsy	DR0007229	NC_085842.1:73470313-73476731+	NC_085844.1:2874044-2880464-	15	17	0	148,151,152,163,175,176,184,319,320,385,388,389,44,61	5492,5509,5596,5599,5600,5611,5623,5624,5632,5767,5768,5833,5836,5837	1	1,2,3,4,5,6,7,8,9,10,11,12,13,14	346	346	971	15|0|0|0|0|1|0|0|0|1|0|0
GA	Anocar	LTR	Gypsy	DR0007229	NC_085842.1:73470313-73476731+	NC_085843.1:262275514-262281934+	31	37	0	148,151,152,163,175,176,184,319,320,385,388,389,44,5491,5508,5595,5598,5599,5610,5622,5623,5631,5766,5767,5832,5835,5836,61	148,151,152,163,175,176,184,319,320,385,388,389,44,5492,5509,5596,5599,5600,5611,5623,5624,5632,5767,5768,5833,5836,5837,61	2	1,2,3,4,5,6,7,8,9,10,11,12,13,14,17,18,19,20,21,22,23,24,25,26,27,28,29,30	692	5794	6419	31|2|0|0|0|0|0|2|0|2|0|0
GA	Anocar	LTR	Gypsy	DR0007229	NC_085842.1:73470313-73476731+	NC_085843.1:262275514-262281934+	15	16	0	5491,5508,5595,5598,5599,5610,5622,5623,5631,5766,5767,5832,5835,5836	148,151,152,163,175,176,184,319,320,385,388,389,44,61	1	1,2,3,4,5,6,7,8,9,10,11,12,13,14	346	346	971	15|0|0|0|0|0|0|0|0|1|0|0
GA	Anocar	LTR	Gypsy	DR0007229	NC_085842.1:73470313-73476731+	NC_085843.1:262275514-262281934+	15	16	0	148,151,152,163,175,176,184,319,320,385,388,389,44,61	5492,5509,5596,5599,5600,5611,5623,5624,5632,5767,5768,5833,5836,5837	1	1,2,3,4,5,6,7,8,9,10,11,12,13,14	346	346	971	15|0|0|0|0|0|0|0|0|1|0|0
GA	Anocar	LTR	Gypsy	DR0007229	NC_085842.1:73470313-73476731+	NC_085843.1:259085134-259091554-	30	37	0	148,151,152,163,175,176,184,319,320,385,388,389,44,5491,5508,5595,5598,5599,5610,5622,5623,5631,5766,5767,5832,5835,5836,61,6178,731	148,151,152,163,175,176,184,319,320,385,388,389,44,5492,5509,5596,5599,5600,5611,5623,5624,5632,5767,5768,5833,5836,5837,61,6180,732	2	1,2,3,4,5,6,7,8,9,10,11,12,13,14,15,16,17,18,19,20,21,22,23,24,25,26,27,28,29,30	6138	6137	6419	30|2|0|0|0|1|1|3|0|0|0|0
GA	Anocar	LTR	Gypsy	DR0007229	NC_085842.1:73470313-73476731+	NC_085843.1:259085134-259091554-	15	16	0	5491,5508,5595,5598,5599,5610,5622,5623,5631,5766,5767,5832,5835,5836,6178	148,151,152,163,175,176,184,319,320,385,388,389,44,61,732	1	1,2,3,4,5,6,7,8,9,10,11,12,13,14,15	689	689	971	15|0|0|0|0|0|0|1|0|0|0|0
GA	Anocar	LTR	Gypsy	DR0007229	NC_085842.1:73470313-73476731+	NC_085843.1:259085134-259091554-	15	16	0	148,151,152,163,175,176,184,319,320,385,388,389,44,61,731	5492,5509,5596,5599,5600,5611,5623,5624,5632,5767,5768,5833,5836,5837,6180	1	1,2,3,4,5,6,7,8,9,10,11,12,13,14,15	689	689	971	15|0|0|0|0|0|0|1|0|0|0|0
GA	Anocar	LTR	Gypsy	DR0007229	NC_085842.1:73470313-73476731+	NC_085843.1:158930137-158936557-	30	37	0	148,151,152,163,175,176,184,319,320,385,388,389,44,5491,5508,5595,5598,5599,5610,5622,5623,5631,5766,5767,5832,5835,5836,61,6178,731	148,151,152,163,175,176,184,319,320,385,388,389,44,5492,5509,5596,5599,5600,5611,5623,5624,5632,5767,5768,5833,5836,5837,61,6180,732	2	1,2,3,4,5,6,7,8,9,10,11,12,13,14,15,16,17,18,19,20,21,22,23,24,25,26,27,28,29,30	6138	6137	6419	30|4|0|0|0|0|0|3|0|0|0|0
GA	Anocar	LTR	Gypsy	DR0007229	NC_085842.1:73470313-73476731+	NC_085843.1:158930137-158936557-	15	15	0	5491,5508,5595,5598,5599,5610,5622,5623,5631,5766,5767,5832,5835,5836,6178	148,151,152,163,175,176,184,319,320,385,388,389,44,61,732	1	1,2,3,4,5,6,7,8,9,10,11,12,13,14,15	689	689	971	15|0|0|0|0|0|0|0|0|0|0|0
GA	Anocar	LTR	Gypsy	DR0007229	NC_085842.1:73470313-73476731+	NC_085843.1:158930137-158936557-	15	15	0	148,151,152,163,175,176,184,319,320,385,388,389,44,61,731	5492,5509,5596,5599,5600,5611,5623,5624,5632,5767,5768,5833,5836,5837,6180	1	1,2,3,4,5,6,7,8,9,10,11,12,13,14,15	689	689	971	15|0|0|0|0|0|0|0|0|0|0|0
GA	Anocar	LTR	Gypsy	DR0007229	NC_085842.1:73470313-73476731+	NC_085843.1:132393082-132399502-	30	37	0	148,151,152,163,175,176,184,319,320,385,388,389,44,5491,5508,5595,5598,5599,5610,5622,5623,5631,5766,5767,5832,5835,5836,61	148,151,152,163,175,176,184,319,320,385,388,389,44,5492,5509,5596,5599,5600,5611,5623,5624,5632,5767,5768,5833,5836,5837,61	2	1,2,3,4,5,6,7,8,9,10,11,12,13,14,16,17,18,19,20,21,22,23,24,25,26,27,28,29	692	5794	6419	30|2|0|0|1|0|0|1|0|0|1|2
GA	Anocar	LTR	Gypsy	DR0007229	NC_085842.1:73470313-73476731+	NC_085843.1:132393082-132399502-	15	16	0	5491,5508,5595,5598,5599,5610,5622,5623,5631,5766,5767,5832,5835,5836	148,151,152,163,175,176,184,319,320,385,388,389,44,61	1	1,2,3,4,5,6,7,8,9,10,11,12,13,14	346	346	971	15|0|0|0|0|0|0|0|0|0|0|1
GA	Anocar	LTR	Gypsy	DR0007229	NC_085842.1:73470313-73476731+	NC_085843.1:132393082-132399502-	15	16	0	148,151,152,163,175,176,184,319,320,385,388,389,44,61	5492,5509,5596,5599,5600,5611,5623,5624,5632,5767,5768,5833,5836,5837	1	1,2,3,4,5,6,7,8,9,10,11,12,13,14	346	346	971	15|0|0|0|0|0|0|0|0|0|0|1
GA	Anocar	LTR	Gypsy	DR0007229	NC_085842.1:73470313-73476731+	NC_085843.1:102529251-102535671-	32	37	0	148,151,152,163,175,176,184,319,320,385,388,389,44,5491,5508,5595,5598,5599,5610,5622,5623,5631,5766,5767,5832,5835,5836,61	148,151,152,163,175,176,184,319,320,385,388,389,44,5492,5509,5596,5599,5600,5611,5623,5624,5632,5767,5768,5833,5836,5837,61	2	1,2,3,4,5,6,7,8,9,10,11,12,13,14,17,18,19,20,21,22,23,24,25,26,27,28,29,30	692	5794	6419	32|1|0|0|1|0|2|1|0|0|0|0
GA	Anocar	LTR	Gypsy	DR0007229	NC_085842.1:73470313-73476731+	NC_085843.1:102529251-102535671-	16	17	0	5491,5508,5595,5598,5599,5610,5622,5623,5631,5766,5767,5832,5835,5836	148,151,152,163,175,176,184,319,320,385,388,389,44,61	1	1,2,3,4,5,6,7,8,9,10,11,12,13,14	346	346	971	16|0|0|0|0|0|1|0|0|0|0|0
GA	Anocar	LTR	Gypsy	DR0007229	NC_085842.1:73470313-73476731+	NC_085843.1:102529251-102535671-	16	17	0	148,151,152,163,175,176,184,319,320,385,388,389,44,61	5492,5509,5596,5599,5600,5611,5623,5624,5632,5767,5768,5833,5836,5837	1	1,2,3,4,5,6,7,8,9,10,11,12,13,14	346	346	971	16|0|0|0|0|0|1|0|0|0|0|0
GA	Anocar	LTR	Gypsy	DR0007229	NC_085842.1:73470313-73476731+	NC_085843.1:88057244-88063664-	30	37	0	148,151,152,163,175,176,184,319,320,385,388,389,44,5491,5508,5595,5598,5599,5610,5622,5623,5631,5766,5767,5832,5835,5836,61,6178,731	148,151,152,163,175,176,184,319,320,385,388,389,44,5492,5509,5596,5599,5600,5611,5623,5624,5632,5767,5768,5833,5836,5837,61,6180,732	2	1,2,3,4,5,6,7,8,9,10,11,12,13,14,15,16,17,18,19,20,21,22,23,24,25,26,27,28,29,30	6138	6137	6419	30|1|0|0|0|0|2|4|0|0|0|0
GA	Anocar	LTR	Gypsy	DR0007229	NC_085842.1:73470313-73476731+	NC_085843.1:88057244-88063664-	15	15	0	5491,5508,5595,5598,5599,5610,5622,5623,5631,5766,5767,5832,5835,5836,6178	148,151,152,163,175,176,184,319,320,385,388,389,44,61,732	1	1,2,3,4,5,6,7,8,9,10,11,12,13,14,15	689	689	971	15|0|0|0|0|0|0|0|0|0|0|0
GA	Anocar	LTR	Gypsy	DR0007229	NC_085842.1:73470313-73476731+	NC_085843.1:88057244-88063664-	15	15	0	148,151,152,163,175,176,184,319,320,385,388,389,44,61,731	5492,5509,5596,5599,5600,5611,5623,5624,5632,5767,5768,5833,5836,5837,6180	1	1,2,3,4,5,6,7,8,9,10,11,12,13,14,15	689	689	971	15|0|0|0|0|0|0|0|0|0|0|0
GA	Anocar	LTR	Gypsy	DR0007229	NC_085842.1:73470313-73476731+	NC_085842.1:160166825-160173245+	31	37	0	148,151,152,163,175,176,184,319,320,385,388,389,44,5130,5491,5508,5595,5598,5599,5610,5622,5623,5631,5766,5767,5832,5835,5836,61	148,151,152,163,175,176,184,319,320,385,388,389,44,5131,5492,5509,5596,5599,5600,5611,5623,5624,5632,5767,5768,5833,5836,5837,61	2	1,2,3,4,5,6,7,8,9,10,11,12,13,14,16,17,18,19,20,21,22,23,24,25,26,27,28,29,30	1053	5794	6419	31|1|0|0|0|2|0|3|0|0|0|0
GA	Anocar	LTR	Gypsy	DR0007229	NC_085842.1:73470313-73476731+	NC_085842.1:160166825-160173245+	15	16	0	5491,5508,5595,5598,5599,5610,5622,5623,5631,5766,5767,5832,5835,5836	148,151,152,163,175,176,184,319,320,385,388,389,44,61	1	1,2,3,4,5,6,7,8,9,10,11,12,13,14	346	346	971	15|0|0|0|0|1|0|0|0|0|0|0
GA	Anocar	LTR	Gypsy	DR0007229	NC_085842.1:73470313-73476731+	NC_085842.1:160166825-160173245+	15	16	0	148,151,152,163,175,176,184,319,320,385,388,389,44,61	5492,5509,5596,5599,5600,5611,5623,5624,5632,5767,5768,5833,5836,5837	1	1,2,3,4,5,6,7,8,9,10,11,12,13,14	346	346	971	15|0|0|0|0|1|0|0|0|0|0|0
GA	Anocar	LTR	Gypsy	DR0007229	NC_085842.1:73470313-73476731+	NC_085842.1:126240274-126246694+	31	37	0	148,151,152,163,175,176,184,319,320,385,388,389,44,5491,5508,5595,5598,5599,5610,5622,5623,5631,5766,5767,5832,5835,5836,61	148,151,152,163,175,176,184,319,320,385,388,389,44,5492,5509,5596,5599,5600,5611,5623,5624,5632,5767,5768,5833,5836,5837,61	2	1,2,3,4,5,6,7,8,9,10,11,12,13,14,17,18,19,20,21,22,23,24,25,26,27,28,29,30	692	5794	6419	31|1|0|0|0|2|0|1|0|2|0|0
GA	Anocar	LTR	Gypsy	DR0007229	NC_085842.1:73470313-73476731+	NC_085842.1:126240274-126246694+	15	17	0	5491,5508,5595,5598,5599,5610,5622,5623,5631,5766,5767,5832,5835,5836	148,151,152,163,175,176,184,319,320,385,388,389,44,61	1	1,2,3,4,5,6,7,8,9,10,11,12,13,14	346	346	971	15|0|0|0|0|1|0|0|0|1|0|0
GA	Anocar	LTR	Gypsy	DR0007229	NC_085842.1:73470313-73476731+	NC_085842.1:126240274-126246694+	15	17	0	148,151,152,163,175,176,184,319,320,385,388,389,44,61	5492,5509,5596,5599,5600,5611,5623,5624,5632,5767,5768,5833,5836,5837	1	1,2,3,4,5,6,7,8,9,10,11,12,13,14	346	346	971	15|0|0|0|0|1|0|0|0|1|0|0
GA	Anocar	LTR	Gypsy	DR0007229	NC_085842.1:73470313-73476731+	NC_085842.1:79894266-79900686+	31	37	0	148,151,152,163,175,176,184,319,320,44,5491,5508,5595,5598,5599,5610,5622,5623,5631,5766,5767,61	148,151,152,163,175,176,184,319,320,44,5492,5509,5596,5599,5600,5611,5623,5624,5632,5767,5768,61	2	1,2,3,4,5,6,7,8,9,10,11,17,18,19,20,21,22,23,24,25,26,27	554	5725	6419	31|1|0|0|0|0|0|1|0|4|0|0
GA	Anocar	LTR	Gypsy	DR0007229	NC_085842.1:73470313-73476731+	NC_085842.1:79894266-79900686+	15	17	0	5491,5508,5595,5598,5599,5610,5622,5623,5631,5766,5767	148,151,152,163,175,176,184,319,320,44,61	1	1,2,3,4,5,6,7,8,9,10,11	277	277	971	15|0|0|0|0|0|0|0|0|2|0|0
GA	Anocar	LTR	Gypsy	DR0007229	NC_085842.1:73470313-73476731+	NC_085842.1:79894266-79900686+	15	17	0	148,151,152,163,175,176,184,319,320,44,61	5492,5509,5596,5599,5600,5611,5623,5624,5632,5767,5768	1	1,2,3,4,5,6,7,8,9,10,11	277	277	971	15|0|0|0|0|0|0|0|0|2|0|0
GA	Anocar	LTR	Gypsy	DR0007229	NC_085842.1:73470313-73476731+	NW_026943820.1:1109140-1115559-	30	36	0	148,151,152,163,175,176,184,319,320,385,388,389,5595,5598,5599,5610,5622,5623,5631,5766,5767,5832,5835,5836,6178,731	148,151,152,163,175,176,184,319,320,385,388,389,5595,5598,5599,5610,5622,5623,5631,5766,5767,5832,5835,5836,6179,732	2	3,4,5,6,7,8,9,10,11,12,13,14,15,18,19,20,21,22,23,24,25,26,27,28,29,30	1170	6032	6418	30|3|0|0|0|1|0|1|0|0|0|1
GA	Anocar	LTR	Gypsy	DR0007229	NC_085842.1:73470313-73476731+	NW_026943820.1:1109140-1115559-	15	16	0	5595,5598,5599,5610,5622,5623,5631,5766,5767,5832,5835,5836,6178	148,151,152,163,175,176,184,319,320,385,388,389,732	1	3,4,5,6,7,8,9,10,11,12,13,14,15	585	585	971	15|1|0|0|0|0|0|0|0|0|0|0
GA	Anocar	LTR	Gypsy	DR0007229	NC_085842.1:73470313-73476731+	NW_026943820.1:1109140-1115559-	15	16	0	148,151,152,163,175,176,184,319,320,385,388,389,731	5595,5598,5599,5610,5622,5623,5631,5766,5767,5832,5835,5836,6179	1	3,4,5,6,7,8,9,10,11,12,13,14,15	585	585	971	15|1|0|0|0|0|0|0|0|0|0|0
GA	Anocar	LTR	Gypsy	DR0007229	NC_085842.1:73470313-73476731+	NC_085844.1:63668509-63674927-	31	35	0	148,151,152,163,175,176,184,319,320,385,388,389,44,5106,5491,5508,5595,5598,5599,5610,5622,5623,5631,5766,5767,5832,5835,5836,61,6178,731	148,151,152,163,175,176,184,319,320,385,388,389,44,5106,5491,5508,5595,5598,5599,5610,5622,5623,5631,5766,5767,5832,5835,5836,61,6179,732	2	1,2,3,4,5,6,7,8,9,10,11,12,13,14,15,16,17,18,19,20,21,22,23,24,25,26,27,28,29,30,31	6137	6136	6418	31|2|0|0|0|0|1|1|0|0|0|0
GA	Anocar	LTR	Gypsy	DR0007229	NC_085842.1:73470313-73476731+	NC_085844.1:63668509-63674927-	15	15	0	5491,5508,5595,5598,5599,5610,5622,5623,5631,5766,5767,5832,5835,5836,6178	148,151,152,163,175,176,184,319,320,385,388,389,44,61,732	1	1,2,3,4,5,6,7,8,9,10,11,12,13,14,15	689	689	971	15|0|0|0|0|0|0|0|0|0|0|0
GA	Anocar	LTR	Gypsy	DR0007229	NC_085842.1:73470313-73476731+	NC_085844.1:63668509-63674927-	15	15	0	148,151,152,163,175,176,184,319,320,385,388,389,44,61,731	5491,5508,5595,5598,5599,5610,5622,5623,5631,5766,5767,5832,5835,5836,6179	1	1,2,3,4,5,6,7,8,9,10,11,12,13,14,15	689	689	971	15|0|0|0|0|0|0|0|0|0|0|0
GA	Anocar	LTR	Gypsy	DR0007229	NC_085842.1:73470313-73476731+	NC_085843.1:245250691-245257109-	30	35	0	148,151,152,163,175,176,184,319,320,385,388,389,44,5491,5508,5595,5598,5599,5610,5622,5623,5631,5766,5767,5832,5835,5836,61,6178,731	148,151,152,163,175,176,184,319,320,385,388,389,44,5491,5508,5595,5598,5599,5610,5622,5623,5631,5766,5767,5832,5835,5836,61,6179,732	2	1,2,3,4,5,6,7,8,9,10,11,12,13,14,15,16,17,18,19,20,21,22,23,24,25,26,27,28,29,30	6137	6136	6418	30|1|0|0|0|0|2|1|0|0|0|1
GA	Anocar	LTR	Gypsy	DR0007229	NC_085842.1:73470313-73476731+	NC_085843.1:245250691-245257109-	15	15	0	5491,5508,5595,5598,5599,5610,5622,5623,5631,5766,5767,5832,5835,5836,6178	148,151,152,163,175,176,184,319,320,385,388,389,44,61,732	1	1,2,3,4,5,6,7,8,9,10,11,12,13,14,15	689	689	971	15|0|0|0|0|0|0|0|0|0|0|0
GA	Anocar	LTR	Gypsy	DR0007229	NC_085842.1:73470313-73476731+	NC_085843.1:245250691-245257109-	15	15	0	148,151,152,163,175,176,184,319,320,385,388,389,44,61,731	5491,5508,5595,5598,5599,5610,5622,5623,5631,5766,5767,5832,5835,5836,6179	1	1,2,3,4,5,6,7,8,9,10,11,12,13,14,15	689	689	971	15|0|0|0|0|0|0|0|0|0|0|0
GA	Anocar	LTR	Gypsy	DR0007229	NC_085842.1:73470313-73476731+	NC_085843.1:52673906-52680324+	30	35	0	148,151,152,163,175,176,184,319,320,385,388,389,44,5491,5508,5595,5598,5599,5610,5622,5623,5631,5766,5767,5832,5835,5836,61	148,151,152,163,175,176,184,319,320,385,388,389,44,5491,5508,5595,5598,5599,5610,5622,5623,5631,5766,5767,5832,5835,5836,61	2	1,2,3,4,5,6,7,8,9,10,11,12,13,14,16,17,18,19,20,21,22,23,24,25,26,27,28,29	692	5793	6418	30|1|0|0|0|0|0|4|0|0|0|0
GA	Anocar	LTR	Gypsy	DR0007229	NC_085842.1:73470313-73476731+	NC_085843.1:52673906-52680324+	15	16	0	5491,5508,5595,5598,5599,5610,5622,5623,5631,5766,5767,5832,5835,5836	148,151,152,163,175,176,184,319,320,385,388,389,44,61	1	1,2,3,4,5,6,7,8,9,10,11,12,13,14	346	346	971	15|0|0|0|0|0|0|1|0|0|0|0
GA	Anocar	LTR	Gypsy	DR0007229	NC_085842.1:73470313-73476731+	NC_085843.1:52673906-52680324+	15	16	0	148,151,152,163,175,176,184,319,320,385,388,389,44,61	5491,5508,5595,5598,5599,5610,5622,5623,5631,5766,5767,5832,5835,5836	1	1,2,3,4,5,6,7,8,9,10,11,12,13,14	346	346	971	15|0|0|0|0|0|0|1|0|0|0|0
GA	Anocar	LTR	Gypsy	DR0007229	NC_085842.1:73470313-73476731+	NC_085843.1:50931014-50937432-	30	35	0	148,151,152,163,175,176,184,319,320,385,388,389,44,5491,5508,5595,5598,5599,5610,5622,5623,5631,5766,5767,5832,5835,5836,61	148,151,152,163,175,176,184,319,320,385,388,389,44,5491,5508,5595,5598,5599,5610,5622,5623,5631,5766,5767,5832,5835,5836,61	2	1,2,3,4,5,6,7,8,9,10,11,12,13,14,16,17,18,19,20,21,22,23,24,25,26,27,28,29	692	5793	6418	30|1|0|0|0|0|0|4|0|0|0|0
GA	Anocar	LTR	Gypsy	DR0007229	NC_085842.1:73470313-73476731+	NC_085843.1:50931014-50937432-	15	16	0	5491,5508,5595,5598,5599,5610,5622,5623,5631,5766,5767,5832,5835,5836	148,151,152,163,175,176,184,319,320,385,388,389,44,61	1	1,2,3,4,5,6,7,8,9,10,11,12,13,14	346	346	971	15|0|0|0|0|0|0|1|0|0|0|0
GA	Anocar	LTR	Gypsy	DR0007229	NC_085842.1:73470313-73476731+	NC_085843.1:50931014-50937432-	15	16	0	148,151,152,163,175,176,184,319,320,385,388,389,44,61	5491,5508,5595,5598,5599,5610,5622,5623,5631,5766,5767,5832,5835,5836	1	1,2,3,4,5,6,7,8,9,10,11,12,13,14	346	346	971	15|0|0|0|0|0|0|1|0|0|0|0
GA	Anocar	LTR	Gypsy	DR0007229	NC_085842.1:73470313-73476731+	NC_085843.1:115415075-115421497+	30	36	0	148,151,152,163,175,176,184,319,320,385,388,389,44,5491,5508,5595,5598,5599,5610,5622,5623,5631,5766,5767,5832,5835,5836,61	148,151,152,163,175,176,184,319,320,385,388,389,44,5494,5511,5598,5601,5602,5613,5625,5626,5634,5769,5770,5835,5838,5839,61	2	1,2,3,4,5,6,7,8,9,10,11,12,13,14,16,17,18,19,20,21,22,23,24,25,26,27,28,29	692	5796	6420	30|3|0|0|0|0|0|1|0|0|0|2
GA	Anocar	LTR	Gypsy	DR0007229	NC_085842.1:73470313-73476731+	NC_085843.1:115415075-115421497+	15	16	0	5491,5508,5595,5598,5599,5610,5622,5623,5631,5766,5767,5832,5835,5836	148,151,152,163,175,176,184,319,320,385,388,389,44,61	1	1,2,3,4,5,6,7,8,9,10,11,12,13,14	346	346	971	15|0|0|0|0|0|0|0|0|0|0|1
GA	Anocar	LTR	Gypsy	DR0007229	NC_085842.1:73470313-73476731+	NC_085843.1:115415075-115421497+	15	16	0	148,151,152,163,175,176,184,319,320,385,388,389,44,61	5494,5511,5598,5601,5602,5613,5625,5626,5634,5769,5770,5835,5838,5839	1	1,2,3,4,5,6,7,8,9,10,11,12,13,14	346	346	971	15|0|0|0|0|0|0|0|0|0|0|1
GA	Anocar	LTR	Gypsy	DR0007229	NC_085842.1:73470313-73476731+	NW_026943819.1:10596459-10602879+	30	38	0	148,151,152,163,175,176,184,319,320,385,388,389,5595,5598,5599,5610,5622,5623,5631,5766,5767,5832,5835,5836	148,151,152,163,175,176,184,319,320,385,388,389,5596,5599,5600,5611,5623,5624,5632,5767,5768,5833,5836,5837	2	3,4,5,6,7,8,9,10,11,12,13,14,18,19,20,21,22,23,24,25,26,27,28,29	484	5690	6419	30|4|0|0|0|0|0|4|0|0|0|0
GA	Anocar	LTR	Gypsy	DR0007229	NC_085842.1:73470313-73476731+	NW_026943819.1:10596459-10602879+	15	17	0	5595,5598,5599,5610,5622,5623,5631,5766,5767,5832,5835,5836	148,151,152,163,175,176,184,319,320,385,388,389	1	3,4,5,6,7,8,9,10,11,12,13,14	242	242	971	15|1|0|0|0|0|0|1|0|0|0|0
GA	Anocar	LTR	Gypsy	DR0007229	NC_085842.1:73470313-73476731+	NW_026943819.1:10596459-10602879+	15	17	0	148,151,152,163,175,176,184,319,320,385,388,389	5596,5599,5600,5611,5623,5624,5632,5767,5768,5833,5836,5837	1	3,4,5,6,7,8,9,10,11,12,13,14	242	242	971	15|1|0|0|0|0|0|1|0|0|0|0
GA	Anocar	LTR	Gypsy	DR0007229	NC_085842.1:73470313-73476731+	NC_085847.1:7553285-7559705+	31	38	0	148,151,152,163,175,176,184,319,320,385,388,389,44,5491,5508,5595,5598,5599,5610,5622,5623,5631,5766,5767,5832,5835,5836,61	148,151,152,163,175,176,184,319,320,385,388,389,44,5492,5509,5596,5599,5600,5611,5623,5624,5632,5767,5768,5833,5836,5837,61	2	1,2,3,4,5,6,7,8,9,10,11,12,13,14,17,18,19,20,21,22,23,24,25,26,27,28,29,30	692	5794	6419	31|1|0|0|1|2|0|1|0|2|0|0
GA	Anocar	LTR	Gypsy	DR0007229	NC_085842.1:73470313-73476731+	NC_085847.1:7553285-7559705+	15	17	0	5491,5508,5595,5598,5599,5610,5622,5623,5631,5766,5767,5832,5835,5836	148,151,152,163,175,176,184,319,320,385,388,389,44,61	1	1,2,3,4,5,6,7,8,9,10,11,12,13,14	346	346	971	15|0|0|0|0|1|0|0|0|1|0|0
GA	Anocar	LTR	Gypsy	DR0007229	NC_085842.1:73470313-73476731+	NC_085847.1:7553285-7559705+	15	17	0	148,151,152,163,175,176,184,319,320,385,388,389,44,61	5492,5509,5596,5599,5600,5611,5623,5624,5632,5767,5768,5833,5836,5837	1	1,2,3,4,5,6,7,8,9,10,11,12,13,14	346	346	971	15|0|0|0|0|1|0|0|0|1|0|0
GA	Anocar	LTR	Gypsy	DR0007229	NC_085842.1:73470313-73476731+	NC_085845.1:104005596-104012016+	31	38	0	148,151,152,163,175,176,184,319,320,385,388,389,44,5491,5508,5595,5598,5599,5610,5622,5623,5631,5766,5767,5832,5835,5836,61,6178,731	148,151,152,163,175,176,184,319,320,385,388,389,44,5492,5509,5596,5599,5600,5611,5623,5624,5632,5767,5768,5833,5836,5837,61,6180,732	2	1,2,3,4,5,6,7,8,9,10,11,12,13,14,15,17,18,19,20,21,22,23,24,25,26,27,28,29,30,31	1378	6137	6419	31|4|0|0|0|1|0|2|0|0|0|0
GA	Anocar	LTR	Gypsy	DR0007229	NC_085842.1:73470313-73476731+	NC_085845.1:104005596-104012016+	15	15	0	5491,5508,5595,5598,5599,5610,5622,5623,5631,5766,5767,5832,5835,5836,6178	148,151,152,163,175,176,184,319,320,385,388,389,44,61,732	1	1,2,3,4,5,6,7,8,9,10,11,12,13,14,15	689	689	971	15|0|0|0|0|0|0|0|0|0|0|0
GA	Anocar	LTR	Gypsy	DR0007229	NC_085842.1:73470313-73476731+	NC_085845.1:104005596-104012016+	15	15	0	148,151,152,163,175,176,184,319,320,385,388,389,44,61,731	5492,5509,5596,5599,5600,5611,5623,5624,5632,5767,5768,5833,5836,5837,6180	1	1,2,3,4,5,6,7,8,9,10,11,12,13,14,15	689	689	971	15|0|0|0|0|0|0|0|0|0|0|0
GA	Anocar	LTR	Gypsy	DR0007229	NC_085842.1:73470313-73476731+	NC_085845.1:8416035-8422455+	30	38	0	148,151,152,163,175,176,184,319,320,385,388,389,44,5491,5508,5595,5598,5599,5610,5622,5623,5631,5766,5767,5832,5835,5836,61	148,151,152,163,175,176,184,319,320,385,388,389,44,5492,5509,5596,5599,5600,5611,5623,5624,5632,5767,5768,5833,5836,5837,61	2	1,2,3,4,5,6,7,8,9,10,11,12,13,14,16,17,18,19,20,21,22,23,24,25,26,27,28,29	692	5794	6419	30|1|0|0|0|2|0|1|0|2|2|0
GA	Anocar	LTR	Gypsy	DR0007229	NC_085842.1:73470313-73476731+	NC_085845.1:8416035-8422455+	15	17	0	5491,5508,5595,5598,5599,5610,5622,5623,5631,5766,5767,5832,5835,5836	148,151,152,163,175,176,184,319,320,385,388,389,44,61	1	1,2,3,4,5,6,7,8,9,10,11,12,13,14	346	346	971	15|0|0|0|0|1|0|0|0|1|0|0
GA	Anocar	LTR	Gypsy	DR0007229	NC_085842.1:73470313-73476731+	NC_085845.1:8416035-8422455+	15	17	0	148,151,152,163,175,176,184,319,320,385,388,389,44,61	5492,5509,5596,5599,5600,5611,5623,5624,5632,5767,5768,5833,5836,5837	1	1,2,3,4,5,6,7,8,9,10,11,12,13,14	346	346	971	15|0|0|0|0|1|0|0|0|1|0|0
GA	Anocar	LTR	Gypsy	DR0007229	NC_085842.1:73470313-73476731+	NC_085845.1:7909800-7916220+	30	38	0	148,151,152,163,175,176,184,319,320,385,388,389,44,5491,5508,5595,5598,5599,5610,5622,5623,5631,5766,5767,5832,5835,5836,61	148,151,152,163,175,176,184,319,320,385,388,389,44,5492,5509,5596,5599,5600,5611,5623,5624,5632,5767,5768,5833,5836,5837,61	2	1,2,3,4,5,6,7,8,9,10,11,12,13,14,16,17,18,19,20,21,22,23,24,25,26,27,28,29	692	5794	6419	30|1|0|0|0|0|1|3|0|2|0|1
GA	Anocar	LTR	Gypsy	DR0007229	NC_085842.1:73470313-73476731+	NC_085845.1:7909800-7916220+	15	17	0	5491,5508,5595,5598,5599,5610,5622,5623,5631,5766,5767,5832,5835,5836	148,151,152,163,175,176,184,319,320,385,388,389,44,61	1	1,2,3,4,5,6,7,8,9,10,11,12,13,14	346	346	971	15|0|0|0|0|0|0|1|0|1|0|0
GA	Anocar	LTR	Gypsy	DR0007229	NC_085842.1:73470313-73476731+	NC_085845.1:7909800-7916220+	15	17	0	148,151,152,163,175,176,184,319,320,385,388,389,44,61	5492,5509,5596,5599,5600,5611,5623,5624,5632,5767,5768,5833,5836,5837	1	1,2,3,4,5,6,7,8,9,10,11,12,13,14	346	346	971	15|0|0|0|0|0|0|1|0|1|0|0
GA	Anocar	LTR	Gypsy	DR0007229	NC_085842.1:73470313-73476731+	NC_085844.1:187424093-187430513+	30	38	0	148,151,152,163,175,176,184,319,320,385,388,389,44,5491,5508,5595,5598,5599,5610,5622,5623,5631,5766,5767,5832,5835,5836,61	148,151,152,163,175,176,184,319,320,385,388,389,44,5492,5509,5596,5599,5600,5611,5623,5624,5632,5767,5768,5833,5836,5837,61	2	1,2,3,4,5,6,7,8,9,10,11,12,13,14,16,17,18,19,20,21,22,23,24,25,26,27,28,29	692	5794	6419	30|1|0|0|0|0|2|2|0|2|0|1
GA	Anocar	LTR	Gypsy	DR0007229	NC_085842.1:73470313-73476731+	NC_085844.1:187424093-187430513+	15	16	0	5491,5508,5595,5598,5599,5610,5622,5623,5631,5766,5767,5832,5835,5836	148,151,152,163,175,176,184,319,320,385,388,389,44,61	1	1,2,3,4,5,6,7,8,9,10,11,12,13,14	346	346	971	15|0|0|0|0|0|0|0|0|1|0|0
GA	Anocar	LTR	Gypsy	DR0007229	NC_085842.1:73470313-73476731+	NC_085844.1:187424093-187430513+	15	16	0	148,151,152,163,175,176,184,319,320,385,388,389,44,61	5492,5509,5596,5599,5600,5611,5623,5624,5632,5767,5768,5833,5836,5837	1	1,2,3,4,5,6,7,8,9,10,11,12,13,14	346	346	971	15|0|0|0|0|0|0|0|0|1|0|0
GA	Anocar	LTR	Gypsy	DR0007229	NC_085842.1:73470313-73476731+	NC_085844.1:153243351-153249771+	30	38	0	148,151,152,163,175,176,184,319,320,385,388,389,44,5491,5508,5595,5598,5599,5610,5622,5623,5631,5766,5767,5832,5835,5836,61,6178,731	148,151,152,163,175,176,184,319,320,385,388,389,44,5492,5509,5596,5599,5600,5611,5623,5624,5632,5767,5768,5833,5836,5837,61,6180,732	2	1,2,3,4,5,6,7,8,9,10,11,12,13,14,15,16,17,18,19,20,21,22,23,24,25,26,27,28,29,30	6138	6137	6419	30|1|0|0|0|0|3|2|0|0|0|2
GA	Anocar	LTR	Gypsy	DR0007229	NC_085842.1:73470313-73476731+	NC_085844.1:153243351-153249771+	15	15	0	5491,5508,5595,5598,5599,5610,5622,5623,5631,5766,5767,5832,5835,5836,6178	148,151,152,163,175,176,184,319,320,385,388,389,44,61,732	1	1,2,3,4,5,6,7,8,9,10,11,12,13,14,15	689	689	971	15|0|0|0|0|0|0|0|0|0|0|0
GA	Anocar	LTR	Gypsy	DR0007229	NC_085842.1:73470313-73476731+	NC_085844.1:153243351-153249771+	15	15	0	148,151,152,163,175,176,184,319,320,385,388,389,44,61,731	5492,5509,5596,5599,5600,5611,5623,5624,5632,5767,5768,5833,5836,5837,6180	1	1,2,3,4,5,6,7,8,9,10,11,12,13,14,15	689	689	971	15|0|0|0|0|0|0|0|0|0|0|0
GA	Anocar	LTR	Gypsy	DR0007229	NC_085842.1:73470313-73476731+	NC_085844.1:110662030-110668450-	30	38	0	148,151,152,163,175,176,184,319,320,385,388,389,44,5491,5508,5595,5598,5599,5610,5622,5623,5631,5766,5767,5832,5835,5836,61	148,151,152,163,175,176,184,319,320,385,388,389,44,5492,5509,5596,5599,5600,5611,5623,5624,5632,5767,5768,5833,5836,5837,61	2	1,2,3,4,5,6,7,8,9,10,11,12,13,14,16,17,18,19,20,21,22,23,24,25,26,27,28,29	692	5794	6419	30|4|0|0|0|0|0|2|0|2|0|0
GA	Anocar	LTR	Gypsy	DR0007229	NC_085842.1:73470313-73476731+	NC_085844.1:110662030-110668450-	15	17	0	5491,5508,5595,5598,5599,5610,5622,5623,5631,5766,5767,5832,5835,5836	148,151,152,163,175,176,184,319,320,385,388,389,44,61	1	1,2,3,4,5,6,7,8,9,10,11,12,13,14	346	346	971	15|1|0|0|0|0|0|0|0|1|0|0
GA	Anocar	LTR	Gypsy	DR0007229	NC_085842.1:73470313-73476731+	NC_085844.1:110662030-110668450-	15	17	0	148,151,152,163,175,176,184,319,320,385,388,389,44,61	5492,5509,5596,5599,5600,5611,5623,5624,5632,5767,5768,5833,5836,5837	1	1,2,3,4,5,6,7,8,9,10,11,12,13,14	346	346	971	15|1|0|0|0|0|0|0|0|1|0|0
GA	Anocar	LTR	Gypsy	DR0007229	NC_085842.1:73470313-73476731+	NC_085844.1:32656495-32662915-	30	38	0	148,151,152,163,175,176,184,319,320,385,388,389,44,5491,5508,5595,5598,5599,5610,5622,5623,5631,5766,5767,5832,5835,5836,61	148,151,152,163,175,176,184,319,320,385,388,389,44,5492,5509,5596,5599,5600,5611,5623,5624,5632,5767,5768,5833,5836,5837,61	2	1,2,3,4,5,6,7,8,9,10,11,12,13,14,16,17,18,19,20,21,22,23,24,25,26,27,28,29	692	5794	6419	30|1|0|0|0|0|2|3|0|2|0|0
GA	Anocar	LTR	Gypsy	DR0007229	NC_085842.1:73470313-73476731+	NC_085844.1:32656495-32662915-	15	17	0	5491,5508,5595,5598,5599,5610,5622,5623,5631,5766,5767,5832,5835,5836	148,151,152,163,175,176,184,319,320,385,388,389,44,61	1	1,2,3,4,5,6,7,8,9,10,11,12,13,14	346	346	971	15|0|0|0|0|0|0|1|0|1|0|0
GA	Anocar	LTR	Gypsy	DR0007229	NC_085842.1:73470313-73476731+	NC_085844.1:32656495-32662915-	15	17	0	148,151,152,163,175,176,184,319,320,385,388,389,44,61	5492,5509,5596,5599,5600,5611,5623,5624,5632,5767,5768,5833,5836,5837	1	1,2,3,4,5,6,7,8,9,10,11,12,13,14	346	346	971	15|0|0|0|0|0|0|1|0|1|0|0
GA	Anocar	LTR	Gypsy	DR0007229	NC_085842.1:73470313-73476731+	NC_085844.1:32232284-32238704-	30	38	0	148,151,152,163,175,176,184,319,320,385,388,389,5508,5595,5598,5599,5610,5622,5623,5631,5766,5767,5832,5835,5836,61	148,151,152,163,175,176,184,319,320,385,388,389,5509,5596,5599,5600,5611,5623,5624,5632,5767,5768,5833,5836,5837,61	2	2,3,4,5,6,7,8,9,10,11,12,13,14,17,18,19,20,21,22,23,24,25,26,27,28,29	658	5777	6419	30|5|0|0|0|0|2|1|0|0|0|0
GA	Anocar	LTR	Gypsy	DR0007229	NC_085842.1:73470313-73476731+	NC_085844.1:32232284-32238704-	15	18	0	5508,5595,5598,5599,5610,5622,5623,5631,5766,5767,5832,5835,5836	148,151,152,163,175,176,184,319,320,385,388,389,61	1	2,3,4,5,6,7,8,9,10,11,12,13,14	329	329	971	15|2|0|0|0|0|1|0|0|0|0|0
GA	Anocar	LTR	Gypsy	DR0007229	NC_085842.1:73470313-73476731+	NC_085844.1:32232284-32238704-	15	18	0	148,151,152,163,175,176,184,319,320,385,388,389,61	5509,5596,5599,5600,5611,5623,5624,5632,5767,5768,5833,5836,5837	1	2,3,4,5,6,7,8,9,10,11,12,13,14	329	329	971	15|2|0|0|0|0|1|0|0|0|0|0
GA	Anocar	LTR	Gypsy	DR0007229	NC_085842.1:73470313-73476731+	NC_085844.1:5331602-5338022+	30	38	0	148,151,152,163,175,176,184,319,320,385,388,389,44,5491,5508,5595,5598,5599,5610,5622,5623,5631,5766,5767,5832,5835,5836,61	148,151,152,163,175,176,184,319,320,385,388,389,44,5492,5509,5596,5599,5600,5611,5623,5624,5632,5767,5768,5833,5836,5837,61	4	1,2,3,4,5,6,7,8,9,10,11,12,13,14,16,17,18,19,20,21,22,23,24,25,26,27,28,29	694	5794	6419	30|4|0|0|0|0|0|4|0|0|0|0
GA	Anocar	LTR	Gypsy	DR0007229	NC_085842.1:73470313-73476731+	NC_085844.1:5331602-5338022+	15	17	0	5491,5508,5595,5598,5599,5610,5622,5623,5631,5766,5767,5832,5835,5836	148,151,152,163,175,176,184,319,320,385,388,389,44,61	2	1,2,3,4,5,6,7,8,9,10,11,12,13,14	347	346	971	15|1|0|0|0|0|0|1|0|0|0|0
GA	Anocar	LTR	Gypsy	DR0007229	NC_085842.1:73470313-73476731+	NC_085844.1:5331602-5338022+	15	17	0	148,151,152,163,175,176,184,319,320,385,388,389,44,61	5492,5509,5596,5599,5600,5611,5623,5624,5632,5767,5768,5833,5836,5837	2	1,2,3,4,5,6,7,8,9,10,11,12,13,14	347	346	971	15|1|0|0|0|0|0|1|0|0|0|0
GA	Anocar	LTR	Gypsy	DR0007229	NC_085842.1:73470313-73476731+	NC_085843.1:257746221-257752641+	30	38	0	148,151,152,163,175,176,184,319,320,385,388,389,44,5491,5508,5595,5598,5599,5610,5622,5623,5631,5766,5767,5832,5835,5836,61	148,151,152,163,175,176,184,319,320,385,388,389,44,5492,5509,5596,5599,5600,5611,5623,5624,5632,5767,5768,5833,5836,5837,61	2	1,2,3,4,5,6,7,8,9,10,11,12,13,14,16,17,18,19,20,21,22,23,24,25,26,27,28,29	692	5794	6419	30|3|0|0|0|4|0|1|0|0|0|0
GA	Anocar	LTR	Gypsy	DR0007229	NC_085842.1:73470313-73476731+	NC_085843.1:257746221-257752641+	15	18	0	5491,5508,5595,5598,5599,5610,5622,5623,5631,5766,5767,5832,5835,5836	148,151,152,163,175,176,184,319,320,385,388,389,44,61	1	1,2,3,4,5,6,7,8,9,10,11,12,13,14	346	346	971	15|1|0|0|0|2|0|0|0|0|0|0
GA	Anocar	LTR	Gypsy	DR0007229	NC_085842.1:73470313-73476731+	NC_085843.1:257746221-257752641+	15	18	0	148,151,152,163,175,176,184,319,320,385,388,389,44,61	5492,5509,5596,5599,5600,5611,5623,5624,5632,5767,5768,5833,5836,5837	1	1,2,3,4,5,6,7,8,9,10,11,12,13,14	346	346	971	15|1|0|0|0|2|0|0|0|0|0|0
GA	Anocar	LTR	Gypsy	DR0007229	NC_085842.1:73470313-73476731+	NC_085843.1:244265663-244272083-	31	38	0	148,151,152,163,175,176,184,319,320,385,388,389,44,5491,5508,5595,5598,5599,5610,5622,5623,5631,5766,5767,5832,5835,5836,61,6178,731	148,151,152,163,175,176,184,319,320,385,388,389,44,5492,5509,5596,5599,5600,5611,5623,5624,5632,5767,5768,5833,5836,5837,61,6180,732	2	1,2,3,4,5,6,7,8,9,10,11,12,13,14,15,17,18,19,20,21,22,23,24,25,26,27,28,29,30,31	1378	6137	6419	31|1|0|0|0|0|0|5|0|0|0|1
GA	Anocar	LTR	Gypsy	DR0007229	NC_085842.1:73470313-73476731+	NC_085843.1:244265663-244272083-	15	16	0	5491,5508,5595,5598,5599,5610,5622,5623,5631,5766,5767,5832,5835,5836,6178	148,151,152,163,175,176,184,319,320,385,388,389,44,61,732	1	1,2,3,4,5,6,7,8,9,10,11,12,13,14,15	689	689	971	15|0|0|0|0|0|0|1|0|0|0|0
GA	Anocar	LTR	Gypsy	DR0007229	NC_085842.1:73470313-73476731+	NC_085843.1:244265663-244272083-	15	16	0	148,151,152,163,175,176,184,319,320,385,388,389,44,61,731	5492,5509,5596,5599,5600,5611,5623,5624,5632,5767,5768,5833,5836,5837,6180	1	1,2,3,4,5,6,7,8,9,10,11,12,13,14,15	689	689	971	15|0|0|0|0|0|0|1|0|0|0|0
GA	Anocar	LTR	Gypsy	DR0007229	NC_085842.1:73470313-73476731+	NC_085843.1:71406819-71413239-	31	38	0	148,151,152,163,175,176,184,319,320,385,388,389,44,5491,5508,5595,5598,5599,5610,5622,5623,5631,5766,5767,5832,5835,5836,61,6178,731	148,151,152,163,175,176,184,319,320,385,388,389,44,5492,5509,5596,5599,5600,5611,5623,5624,5632,5767,5768,5833,5836,5837,61,6180,732	2	1,2,3,4,5,6,7,8,9,10,11,12,13,14,15,17,18,19,20,21,22,23,24,25,26,27,28,29,30,31	1378	6137	6419	31|4|0|0|0|0|1|2|0|0|0|0
GA	Anocar	LTR	Gypsy	DR0007229	NC_085842.1:73470313-73476731+	NC_085843.1:71406819-71413239-	15	16	0	5491,5508,5595,5598,5599,5610,5622,5623,5631,5766,5767,5832,5835,5836,6178	148,151,152,163,175,176,184,319,320,385,388,389,44,61,732	1	1,2,3,4,5,6,7,8,9,10,11,12,13,14,15	689	689	971	15|1|0|0|0|0|0|0|0|0|0|0
GA	Anocar	LTR	Gypsy	DR0007229	NC_085842.1:73470313-73476731+	NC_085843.1:71406819-71413239-	15	16	0	148,151,152,163,175,176,184,319,320,385,388,389,44,61,731	5492,5509,5596,5599,5600,5611,5623,5624,5632,5767,5768,5833,5836,5837,6180	1	1,2,3,4,5,6,7,8,9,10,11,12,13,14,15	689	689	971	15|1|0|0|0|0|0|0|0|0|0|0
GA	Anocar	LTR	Gypsy	DR0007229	NC_085842.1:73470313-73476731+	NC_085843.1:13053555-13059975-	32	38	0	148,151,152,163,175,176,184,319,320,385,388,389,44,5491,5508,5595,5598,5599,5610,5622,5623,5631,5766,5767,5832,5835,5836,61	148,151,152,163,175,176,184,319,320,385,388,389,44,5492,5509,5596,5599,5600,5611,5623,5624,5632,5767,5768,5833,5836,5837,61	2	1,2,3,4,5,6,7,8,9,10,11,12,13,14,18,19,20,21,22,23,24,25,26,27,28,29,30,31	692	5794	6419	32|1|0|0|0|0|0|2|0|2|1|0
GA	Anocar	LTR	Gypsy	DR0007229	NC_085842.1:73470313-73476731+	NC_085843.1:13053555-13059975-	15	16	0	5491,5508,5595,5598,5599,5610,5622,5623,5631,5766,5767,5832,5835,5836	148,151,152,163,175,176,184,319,320,385,388,389,44,61	1	1,2,3,4,5,6,7,8,9,10,11,12,13,14	346	346	971	15|0|0|0|0|0|0|0|0|1|0|0
GA	Anocar	LTR	Gypsy	DR0007229	NC_085842.1:73470313-73476731+	NC_085843.1:13053555-13059975-	15	16	0	148,151,152,163,175,176,184,319,320,385,388,389,44,61	5492,5509,5596,5599,5600,5611,5623,5624,5632,5767,5768,5833,5836,5837	1	1,2,3,4,5,6,7,8,9,10,11,12,13,14	346	346	971	15|0|0|0|0|0|0|0|0|1|0|0
GA	Anocar	LTR	Gypsy	DR0007229	NC_085842.1:73470313-73476731+	NC_085842.1:101810263-101816683-	32	38	0	148,151,152,163,175,176,184,319,320,385,388,389,44,5200,5491,5508,5595,5598,5599,5610,5622,5623,5631,5766,5767,5832,5835,5836,61	148,151,152,163,175,176,184,319,320,385,388,389,44,5201,5492,5509,5596,5599,5600,5611,5623,5624,5632,5767,5768,5833,5836,5837,61	4	1,2,3,4,5,6,7,8,9,10,11,12,13,14,17,18,19,20,21,22,23,24,25,26,27,28,29,30,31	985	5794	6419	32|1|2|0|0|0|0|1|0|2|0|0
GA	Anocar	LTR	Gypsy	DR0007229	NC_085842.1:73470313-73476731+	NC_085842.1:101810263-101816683-	15	17	0	5491,5508,5595,5598,5599,5610,5622,5623,5631,5766,5767,5832,5835,5836	148,151,152,163,175,176,184,319,320,385,388,389,44,61	2	1,2,3,4,5,6,7,8,9,10,11,12,13,14	347	346	971	15|0|1|0|0|0|0|0|0|1|0|0
GA	Anocar	LTR	Gypsy	DR0007229	NC_085842.1:73470313-73476731+	NC_085842.1:101810263-101816683-	15	17	0	148,151,152,163,175,176,184,319,320,385,388,389,44,61	5492,5509,5596,5599,5600,5611,5623,5624,5632,5767,5768,5833,5836,5837	2	1,2,3,4,5,6,7,8,9,10,11,12,13,14	347	346	971	15|0|1|0|0|0|0|0|0|1|0|0
GA	Anocar	LTR	Gypsy	DR0007229	NC_085842.1:73470313-73476731+	NC_085842.1:90456922-90463342+	31	38	0	148,151,152,163,175,176,184,319,320,385,388,389,44,5491,5508,5595,5598,5599,5610,5622,5623,5631,5766,5767,5832,5835,5836,61	148,151,152,163,175,176,184,319,320,385,388,389,44,5492,5509,5596,5599,5600,5611,5623,5624,5632,5767,5768,5833,5836,5837,61	2	1,2,3,4,5,6,7,8,9,10,11,12,13,14,17,18,19,20,21,22,23,24,25,26,27,28,29,30	692	5794	6419	31|1|0|0|0|2|0|2|0|2|0|0
GA	Anocar	LTR	Gypsy	DR0007229	NC_085842.1:73470313-73476731+	NC_085842.1:90456922-90463342+	15	17	0	5491,5508,5595,5598,5599,5610,5622,5623,5631,5766,5767,5832,5835,5836	148,151,152,163,175,176,184,319,320,385,388,389,44,61	1	1,2,3,4,5,6,7,8,9,10,11,12,13,14	346	346	971	15|0|0|0|0|1|0|0|0|1|0|0
GA	Anocar	LTR	Gypsy	DR0007229	NC_085842.1:73470313-73476731+	NC_085842.1:90456922-90463342+	15	17	0	148,151,152,163,175,176,184,319,320,385,388,389,44,61	5492,5509,5596,5599,5600,5611,5623,5624,5632,5767,5768,5833,5836,5837	1	1,2,3,4,5,6,7,8,9,10,11,12,13,14	346	346	971	15|0|0|0|0|1|0|0|0|1|0|0
GA	Anocar	LTR	Gypsy	DR0007229	NC_085842.1:73470313-73476731+	NC_085842.1:89621383-89627803-	30	38	0	148,151,152,163,175,176,184,319,320,44,5491,5508,5595,5598,5599,5610,5622,5623,5631,5766,5767,61	148,151,152,163,175,176,184,319,320,44,5492,5509,5596,5599,5600,5611,5623,5624,5632,5767,5768,61	2	1,2,3,4,5,6,7,8,9,10,11,16,17,18,19,20,21,22,23,24,25,26	554	5725	6419	30|2|0|0|0|0|2|2|0|2|0|0
GA	Anocar	LTR	Gypsy	DR0007229	NC_085842.1:73470313-73476731+	NC_085842.1:89621383-89627803-	15	17	0	5491,5508,5595,5598,5599,5610,5622,5623,5631,5766,5767	148,151,152,163,175,176,184,319,320,44,61	1	1,2,3,4,5,6,7,8,9,10,11	277	277	971	15|0|0|0|0|0|1|0|0|1|0|0
GA	Anocar	LTR	Gypsy	DR0007229	NC_085842.1:73470313-73476731+	NC_085842.1:89621383-89627803-	15	17	0	148,151,152,163,175,176,184,319,320,44,61	5492,5509,5596,5599,5600,5611,5623,5624,5632,5767,5768	1	1,2,3,4,5,6,7,8,9,10,11	277	277	971	15|0|0|0|0|0|1|0|0|1|0|0
GA	Anocar	LTR	Gypsy	DR0007229	NC_085842.1:73470313-73476731+	NW_026943838.1:645110-651529+	30	37	0	148,151,152,163,175,176,184,319,320,385,388,389,44,5491,5508,5595,5598,5599,5610,5622,5623,5631,5766,5767,5832,5835,5836,61,6178,731	148,151,152,163,175,176,184,319,320,385,388,389,44,5491,5508,5595,5598,5599,5610,5622,5623,5631,5766,5767,5832,5835,5836,61,6179,732	2	1,2,3,4,5,6,7,8,9,10,11,12,13,14,15,16,17,18,19,20,21,22,23,24,25,26,27,28,29,30	6137	6136	6418	30|1|0|0|0|0|4|1|0|1|0|0
GA	Anocar	LTR	Gypsy	DR0007229	NC_085842.1:73470313-73476731+	NW_026943838.1:645110-651529+	15	16	0	5491,5508,5595,5598,5599,5610,5622,5623,5631,5766,5767,5832,5835,5836,6178	148,151,152,163,175,176,184,319,320,385,388,389,44,61,732	1	1,2,3,4,5,6,7,8,9,10,11,12,13,14,15	689	689	971	15|0|0|0|0|0|1|0|0|0|0|0
GA	Anocar	LTR	Gypsy	DR0007229	NC_085842.1:73470313-73476731+	NW_026943838.1:645110-651529+	15	16	0	148,151,152,163,175,176,184,319,320,385,388,389,44,61,731	5491,5508,5595,5598,5599,5610,5622,5623,5631,5766,5767,5832,5835,5836,6179	1	1,2,3,4,5,6,7,8,9,10,11,12,13,14,15	689	689	971	15|0|0|0|0|0|1|0|0|0|0|0
GA	Anocar	LTR	Gypsy	DR0007229	NC_085842.1:73470313-73476731+	NW_026943820.1:19155248-19161666+	30	36	0	148,151,152,163,175,176,184,319,320,385,388,389,44,5491,5508,5595,5598,5599,5610,5622,5623,5631,5766,5767,5832,5835,5836,61	148,151,152,163,175,176,184,319,320,385,388,389,44,5491,5508,5595,5598,5599,5610,5622,5623,5631,5766,5767,5832,5835,5836,61	2	1,2,3,4,5,6,7,8,9,10,11,12,13,14,16,17,18,19,20,21,22,23,24,25,26,27,28,29	692	5793	6418	30|2|0|0|0|0|0|2|0|2|0|0
GA	Anocar	LTR	Gypsy	DR0007229	NC_085842.1:73470313-73476731+	NW_026943820.1:19155248-19161666+	15	16	0	5491,5508,5595,5598,5599,5610,5622,5623,5631,5766,5767,5832,5835,5836	148,151,152,163,175,176,184,319,320,385,388,389,44,61	1	1,2,3,4,5,6,7,8,9,10,11,12,13,14	346	346	971	15|0|0|0|0|0|0|0|0|1|0|0
GA	Anocar	LTR	Gypsy	DR0007229	NC_085842.1:73470313-73476731+	NW_026943820.1:19155248-19161666+	15	16	0	148,151,152,163,175,176,184,319,320,385,388,389,44,61	5491,5508,5595,5598,5599,5610,5622,5623,5631,5766,5767,5832,5835,5836	1	1,2,3,4,5,6,7,8,9,10,11,12,13,14	346	346	971	15|0|0|0|0|0|0|0|0|1|0|0
GA	Anocar	LTR	Gypsy	DR0007229	NC_085842.1:73470313-73476731+	NW_026943820.1:11758744-11765163+	30	35	0	148,151,152,163,175,176,184,319,320,385,388,389,44,5491,5508,5595,5598,5599,5610,5622,5623,5631,5766,5767,5832,5835,5836,61,6178,731	148,151,152,163,175,176,184,319,320,385,388,389,44,5492,5509,5596,5599,5600,5611,5623,5624,5632,5767,5768,5833,5836,5837,61,6180,732	2	1,2,3,4,5,6,7,8,9,10,11,12,13,14,15,16,17,18,19,20,21,22,23,24,25,26,27,28,29,30	6138	6137	6418	30|1|0|0|1|0|1|2|0|0|0|0
GA	Anocar	LTR	Gypsy	DR0007229	NC_085842.1:73470313-73476731+	NW_026943820.1:11758744-11765163+	15	15	0	5491,5508,5595,5598,5599,5610,5622,5623,5631,5766,5767,5832,5835,5836,6178	148,151,152,163,175,176,184,319,320,385,388,389,44,61,732	1	1,2,3,4,5,6,7,8,9,10,11,12,13,14,15	689	689	971	15|0|0|0|0|0|0|0|0|0|0|0
GA	Anocar	LTR	Gypsy	DR0007229	NC_085842.1:73470313-73476731+	NW_026943820.1:11758744-11765163+	15	15	0	148,151,152,163,175,176,184,319,320,385,388,389,44,61,731	5492,5509,5596,5599,5600,5611,5623,5624,5632,5767,5768,5833,5836,5837,6180	1	1,2,3,4,5,6,7,8,9,10,11,12,13,14,15	689	689	971	15|0|0|0|0|0|0|0|0|0|0|0
GA	Anocar	LTR	Gypsy	DR0007229	NC_085842.1:73470313-73476731+	NC_085843.1:244476480-244482898+	30	36	0	148,151,152,163,175,176,184,319,320,385,388,389,44,5491,5508,5595,5598,5599,5610,5622,5623,5631,5766,5767,5832,5835,5836,61,6178	148,151,152,163,175,176,184,319,320,385,388,389,44,5491,5508,5595,5598,5599,5610,5622,5623,5631,5766,5767,5832,5835,5836,61,6179	2	1,2,3,4,5,6,7,8,9,10,11,12,13,14,16,17,18,19,20,21,22,23,24,25,26,27,28,29,30	1035	6136	6418	30|1|0|0|0|0|2|2|0|0|0|1
GA	Anocar	LTR	Gypsy	DR0007229	NC_085842.1:73470313-73476731+	NC_085843.1:244476480-244482898+	15	15	0	148,151,152,163,175,176,184,319,320,385,388,389,44,61,731	5491,5508,5595,5598,5599,5610,5622,5623,5631,5766,5767,5832,5835,5836,6179	1	1,2,3,4,5,6,7,8,9,10,11,12,13,14,15	689	689	971	15|0|0|0|0|0|0|0|0|0|0|0
GA	Anocar	LTR	Gypsy	DR0007229	NC_085842.1:73470313-73476731+	NC_085843.1:244476480-244482898+	15	16	0	5491,5508,5595,5598,5599,5610,5622,5623,5631,5766,5767,5832,5835,5836	148,151,152,163,175,176,184,319,320,385,388,389,44,61	1	1,2,3,4,5,6,7,8,9,10,11,12,13,14	346	346	971	15|0|0|0|0|0|0|1|0|0|0|0
GA	Anocar	LTR	Gypsy	DR0007229	NC_085842.1:73470313-73476731+	NC_085843.1:131436945-131443363+	30	36	0	148,151,152,163,175,176,184,319,320,385,388,389,44,5491,5508,5595,5598,5599,5610,5622,5623,5631,5766,5767,5832,5835,5836,61	148,151,152,163,175,176,184,319,320,385,388,389,44,5491,5508,5595,5598,5599,5610,5622,5623,5631,5766,5767,5832,5835,5836,61	2	1,2,3,4,5,6,7,8,9,10,11,12,13,14,16,17,18,19,20,21,22,23,24,25,26,27,28,29	692	5793	6418	30|1|0|0|2|1|1|1|0|0|0|0
GA	Anocar	LTR	Gypsy	DR0007229	NC_085842.1:73470313-73476731+	NC_085843.1:131436945-131443363+	15	16	0	5491,5508,5595,5598,5599,5610,5622,5623,5631,5766,5767,5832,5835,5836	148,151,152,163,175,176,184,319,320,385,388,389,44,61	1	1,2,3,4,5,6,7,8,9,10,11,12,13,14	346	346	971	15|0|0|0|1|0|0|0|0|0|0|0
GA	Anocar	LTR	Gypsy	DR0007229	NC_085842.1:73470313-73476731+	NC_085843.1:131436945-131443363+	15	16	0	148,151,152,163,175,176,184,319,320,385,388,389,44,61	5491,5508,5595,5598,5599,5610,5622,5623,5631,5766,5767,5832,5835,5836	1	1,2,3,4,5,6,7,8,9,10,11,12,13,14	346	346	971	15|0|0|0|1|0|0|0|0|0|0|0
GA	Anocar	LTR	Gypsy	DR0007229	NC_085842.1:73470313-73476731+	NC_085845.1:185230657-185237079+	31	37	0	148,151,152,163,175,176,184,319,320,385,388,389,44,5491,5508,5595,5598,5599,5610,5622,5623,5631,5766,5767,5832,5835,5836,61,6178,731	148,151,152,163,175,176,184,319,320,386,389,390,44,5493,5510,5597,5600,5601,5612,5624,5625,5633,5768,5769,5835,5838,5839,61,6182,733	2	1,2,3,4,5,6,7,8,9,10,11,12,13,14,15,17,18,19,20,21,22,23,24,25,26,27,28,29,30,31	1380	6139	6420	31|4|0|0|0|0|0|2|0|0|0|0
GA	Anocar	LTR	Gypsy	DR0007229	NC_085842.1:73470313-73476731+	NC_085845.1:185230657-185237079+	15	16	0	5491,5508,5595,5598,5599,5610,5622,5623,5631,5766,5767,5832,5835,5836,6178	148,151,152,163,175,176,184,319,320,386,389,390,44,61,733	1	1,2,3,4,5,6,7,8,9,10,11,12,13,14,15	690	690	972	15|1|0|0|0|0|0|0|0|0|0|0
GA	Anocar	LTR	Gypsy	DR0007229	NC_085842.1:73470313-73476731+	NC_085845.1:185230657-185237079+	15	16	0	148,151,152,163,175,176,184,319,320,385,388,389,44,61,731	5493,5510,5597,5600,5601,5612,5624,5625,5633,5768,5769,5835,5838,5839,6182	1	1,2,3,4,5,6,7,8,9,10,11,12,13,14,15	690	690	972	15|1|0|0|0|0|0|0|0|0|0|0
GA	Anocar	LTR	Gypsy	DR0007229	NC_085842.1:73470313-73476731+	NW_026943822.1:12651590-12658010-	31	39	0	148,151,152,163,175,176,184,319,320,385,388,389,44,5491,5508,5595,5598,5599,5610,5622,5623,5631,5766,5767,5832,5835,5836,61	148,151,152,163,175,176,184,319,320,385,388,389,44,5492,5509,5596,5599,5600,5611,5623,5624,5632,5767,5768,5833,5836,5837,61	2	1,2,3,4,5,6,7,8,9,10,11,12,13,14,17,18,19,20,21,22,23,24,25,26,27,28,29,30	692	5794	6419	31|1|0|0|0|4|0|3|0|0|0|0
GA	Anocar	LTR	Gypsy	DR0007229	NC_085842.1:73470313-73476731+	NW_026943822.1:12651590-12658010-	15	17	0	5491,5508,5595,5598,5599,5610,5622,5623,5631,5766,5767,5832,5835,5836	148,151,152,163,175,176,184,319,320,385,388,389,44,61	1	1,2,3,4,5,6,7,8,9,10,11,12,13,14	346	346	971	15|0|0|0|0|2|0|0|0|0|0|0
GA	Anocar	LTR	Gypsy	DR0007229	NC_085842.1:73470313-73476731+	NW_026943822.1:12651590-12658010-	15	17	0	148,151,152,163,175,176,184,319,320,385,388,389,44,61	5492,5509,5596,5599,5600,5611,5623,5624,5632,5767,5768,5833,5836,5837	1	1,2,3,4,5,6,7,8,9,10,11,12,13,14	346	346	971	15|0|0|0|0|2|0|0|0|0|0|0
GA	Anocar	LTR	Gypsy	DR0007229	NC_085842.1:73470313-73476731+	NW_026943820.1:15158476-15164896+	31	39	0	148,151,152,163,175,176,184,319,320,385,388,389,44,5491,5508,5595,5598,5599,5610,5622,5623,5631,5766,5767,5832,5835,5836,61,6178,731	148,151,152,163,175,176,184,319,320,385,388,389,44,5492,5509,5596,5599,5600,5611,5623,5624,5632,5767,5768,5833,5836,5837,61,6180,732	2	1,2,3,4,5,6,7,8,9,10,11,12,13,14,15,17,18,19,20,21,22,23,24,25,26,27,28,29,30,31	1378	6137	6419	31|1|0|0|0|0|2|3|0|0|0|2
GA	Anocar	LTR	Gypsy	DR0007229	NC_085842.1:73470313-73476731+	NW_026943820.1:15158476-15164896+	15	15	0	5491,5508,5595,5598,5599,5610,5622,5623,5631,5766,5767,5832,5835,5836,6178	148,151,152,163,175,176,184,319,320,385,388,389,44,61,732	1	1,2,3,4,5,6,7,8,9,10,11,12,13,14,15	689	689	971	15|0|0|0|0|0|0|0|0|0|0|0
GA	Anocar	LTR	Gypsy	DR0007229	NC_085842.1:73470313-73476731+	NW_026943820.1:15158476-15164896+	15	15	0	148,151,152,163,175,176,184,319,320,385,388,389,44,61,731	5492,5509,5596,5599,5600,5611,5623,5624,5632,5767,5768,5833,5836,5837,6180	1	1,2,3,4,5,6,7,8,9,10,11,12,13,14,15	689	689	971	15|0|0|0|0|0|0|0|0|0|0|0
GA	Anocar	LTR	Gypsy	DR0007229	NC_085842.1:73470313-73476731+	NC_085845.1:77094468-77100888-	32	39	0	148,151,152,163,175,176,184,319,320,385,388,389,5595,5598,5599,5610,5622,5623,5631,5766,5767,5832,5835,5836	148,151,152,163,175,176,184,319,320,385,388,389,5596,5599,5600,5611,5623,5624,5632,5767,5768,5833,5836,5837	2	3,4,5,6,7,8,9,10,11,12,13,14,20,21,22,23,24,25,26,27,28,29,30,31	484	5690	6419	32|5|0|0|0|0|0|2|0|0|0|0
GA	Anocar	LTR	Gypsy	DR0007229	NC_085842.1:73470313-73476731+	NC_085845.1:77094468-77100888-	15	17	0	5595,5598,5599,5610,5622,5623,5631,5766,5767,5832,5835,5836	148,151,152,163,175,176,184,319,320,385,388,389	1	3,4,5,6,7,8,9,10,11,12,13,14	242	242	971	15|2|0|0|0|0|0|0|0|0|0|0
GA	Anocar	LTR	Gypsy	DR0007229	NC_085842.1:73470313-73476731+	NC_085845.1:77094468-77100888-	15	17	0	148,151,152,163,175,176,184,319,320,385,388,389	5596,5599,5600,5611,5623,5624,5632,5767,5768,5833,5836,5837	1	3,4,5,6,7,8,9,10,11,12,13,14	242	242	971	15|2|0|0|0|0|0|0|0|0|0|0
GA	Anocar	LTR	Gypsy	DR0007229	NC_085842.1:73470313-73476731+	NC_085844.1:11351417-11357837-	30	39	0	148,151,152,163,175,176,184,319,320,385,388,389,44,5491,5508,5595,5598,5599,5610,5622,5623,5631,5766,5767,5832,5835,5836,61	148,151,152,163,175,176,184,319,320,385,388,389,44,5492,5509,5596,5599,5600,5611,5623,5624,5632,5767,5768,5833,5836,5837,61	2	1,2,3,4,5,6,7,8,9,10,11,12,13,14,16,17,18,19,20,21,22,23,24,25,26,27,28,29	692	5794	6419	30|3|0|0|0|4|1|1|0|0|0|0
GA	Anocar	LTR	Gypsy	DR0007229	NC_085842.1:73470313-73476731+	NC_085844.1:11351417-11357837-	15	17	0	5491,5508,5595,5598,5599,5610,5622,5623,5631,5766,5767,5832,5835,5836	148,151,152,163,175,176,184,319,320,385,388,389,44,61	1	1,2,3,4,5,6,7,8,9,10,11,12,13,14	346	346	971	15|0|0|0|0|2|0|0|0|0|0|0
GA	Anocar	LTR	Gypsy	DR0007229	NC_085842.1:73470313-73476731+	NC_085844.1:11351417-11357837-	15	17	0	148,151,152,163,175,176,184,319,320,385,388,389,44,61	5492,5509,5596,5599,5600,5611,5623,5624,5632,5767,5768,5833,5836,5837	1	1,2,3,4,5,6,7,8,9,10,11,12,13,14	346	346	971	15|0|0|0|0|2|0|0|0|0|0|0
GA	Anocar	LTR	Gypsy	DR0007229	NC_085842.1:73470313-73476731+	NC_085843.1:268139558-268145978+	30	39	0	148,151,152,163,175,176,184,319,320,385,388,389,44,5491,5508,5595,5598,5599,5610,5622,5623,5631,5766,5767,5832,5835,5836,61	148,151,152,163,175,176,184,319,320,385,388,389,44,5492,5509,5596,5599,5600,5611,5623,5624,5632,5767,5768,5833,5836,5837,61	2	1,2,3,4,5,6,7,8,9,10,11,12,13,14,16,17,18,19,20,21,22,23,24,25,26,27,28,29	692	5794	6419	30|3|0|0|0|2|2|2|0|0|0|0
GA	Anocar	LTR	Gypsy	DR0007229	NC_085842.1:73470313-73476731+	NC_085843.1:268139558-268145978+	15	16	0	5491,5508,5595,5598,5599,5610,5622,5623,5631,5766,5767,5832,5835,5836	148,151,152,163,175,176,184,319,320,385,388,389,44,61	1	1,2,3,4,5,6,7,8,9,10,11,12,13,14	346	346	971	15|0|0|0|0|1|0|0|0|0|0|0
GA	Anocar	LTR	Gypsy	DR0007229	NC_085842.1:73470313-73476731+	NC_085843.1:268139558-268145978+	15	16	0	148,151,152,163,175,176,184,319,320,385,388,389,44,61	5492,5509,5596,5599,5600,5611,5623,5624,5632,5767,5768,5833,5836,5837	1	1,2,3,4,5,6,7,8,9,10,11,12,13,14	346	346	971	15|0|0|0|0|1|0|0|0|0|0|0
GA	Anocar	LTR	Gypsy	DR0007229	NC_085842.1:73470313-73476731+	NC_085843.1:251014073-251020493+	31	39	0	1353,148,151,152,163,175,176,184,319,320,385,388,389,44,5491,5508,5595,5598,5599,5610,5622,5623,5631,5766,5767,5832,5835,5836,61,6178,731	1354,148,151,152,163,175,176,184,319,320,385,388,389,44,5492,5509,5596,5599,5600,5611,5623,5624,5632,5767,5768,5833,5836,5837,61,6180,732	2	1,2,3,4,5,6,7,8,9,10,11,12,13,14,15,16,17,18,19,20,21,22,23,24,25,26,27,28,29,30,31	6138	6137	6419	31|3|0|0|0|0|2|3|0|0|0|0
GA	Anocar	LTR	Gypsy	DR0007229	NC_085842.1:73470313-73476731+	NC_085843.1:251014073-251020493+	15	15	0	5491,5508,5595,5598,5599,5610,5622,5623,5631,5766,5767,5832,5835,5836,6178	148,151,152,163,175,176,184,319,320,385,388,389,44,61,732	1	1,2,3,4,5,6,7,8,9,10,11,12,13,14,15	689	689	971	15|0|0|0|0|0|0|0|0|0|0|0
GA	Anocar	LTR	Gypsy	DR0007229	NC_085842.1:73470313-73476731+	NC_085843.1:251014073-251020493+	15	15	0	148,151,152,163,175,176,184,319,320,385,388,389,44,61,731	5492,5509,5596,5599,5600,5611,5623,5624,5632,5767,5768,5833,5836,5837,6180	1	1,2,3,4,5,6,7,8,9,10,11,12,13,14,15	689	689	971	15|0|0|0|0|0|0|0|0|0|0|0
GA	Anocar	LTR	Gypsy	DR0007229	NC_085842.1:73470313-73476731+	NC_085843.1:144856928-144863349-	30	38	0	148,151,152,163,175,176,184,319,320,44,5491,5508,5595,5598,5599,5610,5622,5623,5631,5766,5767,61	148,151,152,163,175,176,184,319,320,44,5493,5510,5597,5600,5601,5612,5624,5625,5633,5768,5769,61	2	1,2,3,4,5,6,7,8,9,10,11,16,17,18,19,20,21,22,23,24,25,26	554	5726	6419	30|1|0|0|0|0|0|2|1|2|1|1
GA	Anocar	LTR	Gypsy	DR0007229	NC_085842.1:73470313-73476731+	NC_085843.1:144856928-144863349-	15	16	0	5491,5508,5595,5598,5599,5610,5622,5623,5631,5766,5767	148,151,152,163,175,176,184,319,320,44,61	1	1,2,3,4,5,6,7,8,9,10,11	277	277	971	15|0|0|0|0|0|0|0|0|1|0|0
GA	Anocar	LTR	Gypsy	DR0007229	NC_085842.1:73470313-73476731+	NC_085843.1:144856928-144863349-	15	16	0	148,151,152,163,175,176,184,319,320,44,61	5493,5510,5597,5600,5601,5612,5624,5625,5633,5768,5769	1	1,2,3,4,5,6,7,8,9,10,11	277	277	971	15|0|0|0|0|0|0|0|0|1|0|0
GA	Anocar	LTR	Gypsy	DR0007229	NC_085842.1:73470313-73476731+	NC_085843.1:10804846-10811266-	34	39	0	148,151,152,163,175,176,184,319,320,385,388,389,44,5164,5491,5508,5595,5598,5599,5610,5622,5623,5631,5766,5767,5832,5835,5836,61	148,151,152,163,175,176,184,319,320,385,388,389,44,5165,5492,5509,5596,5599,5600,5611,5623,5624,5632,5767,5768,5833,5836,5837,61	2	1,2,3,4,5,6,7,8,9,10,11,12,13,14,18,19,20,21,22,23,24,25,26,27,28,29,30,31,32	1019	5794	6419	34|1|0|0|0|0|0|3|0|1|0|0
GA	Anocar	LTR	Gypsy	DR0007229	NC_085842.1:73470313-73476731+	NC_085843.1:10804846-10811266-	16	17	0	5491,5508,5595,5598,5599,5610,5622,5623,5631,5766,5767,5832,5835,5836	148,151,152,163,175,176,184,319,320,385,388,389,44,61	1	1,2,3,4,5,6,7,8,9,10,11,12,13,14	346	346	971	16|0|0|0|0|0|0|1|0|0|0|0
GA	Anocar	LTR	Gypsy	DR0007229	NC_085842.1:73470313-73476731+	NC_085843.1:10804846-10811266-	16	17	0	148,151,152,163,175,176,184,319,320,385,388,389,44,61	5492,5509,5596,5599,5600,5611,5623,5624,5632,5767,5768,5833,5836,5837	1	1,2,3,4,5,6,7,8,9,10,11,12,13,14	346	346	971	16|0|0|0|0|0|0|1|0|0|0|0
GA	Anocar	LTR	Gypsy	DR0007229	NC_085842.1:73470313-73476731+	NC_085842.1:289030285-289036705-	32	39	0	148,151,152,163,175,176,184,319,320,44,5491,5508,5595,5598,5599,5610,5622,5623,5631,5766,5767,61	148,151,152,163,175,176,184,319,320,44,5492,5509,5596,5599,5600,5611,5623,5624,5632,5767,5768,61	2	1,2,3,4,5,6,7,8,9,10,11,18,19,20,21,22,23,24,25,26,27,28	554	5725	6419	32|1|0|0|0|0|4|2|0|0|0|0
GA	Anocar	LTR	Gypsy	DR0007229	NC_085842.1:73470313-73476731+	NC_085842.1:289030285-289036705-	15	16	0	5491,5508,5595,5598,5599,5610,5622,5623,5631,5766,5767	148,151,152,163,175,176,184,319,320,44,61	1	1,2,3,4,5,6,7,8,9,10,11	277	277	971	15|0|0|0|0|0|1|0|0|0|0|0
GA	Anocar	LTR	Gypsy	DR0007229	NC_085842.1:73470313-73476731+	NC_085842.1:289030285-289036705-	15	16	0	148,151,152,163,175,176,184,319,320,44,61	5492,5509,5596,5599,5600,5611,5623,5624,5632,5767,5768	1	1,2,3,4,5,6,7,8,9,10,11	277	277	971	15|0|0|0|0|0|1|0|0|0|0|0
GA	Anocar	LTR	Gypsy	DR0007229	NC_085842.1:73470313-73476731+	NC_085842.1:119835271-119841691-	30	39	0	148,151,152,163,175,176,184,319,320,385,388,389,44,5491,5508,5595,5598,5599,5610,5622,5623,5631,5766,5767,5832,5835,5836,61	148,151,152,163,175,176,184,319,320,385,388,389,44,5492,5509,5596,5599,5600,5611,5623,5624,5632,5767,5768,5833,5836,5837,61	2	1,2,3,4,5,6,7,8,9,10,11,12,13,14,16,17,18,19,20,21,22,23,24,25,26,27,28,29	692	5794	6419	30|4|0|0|0|0|1|2|0|2|0|0
GA	Anocar	LTR	Gypsy	DR0007229	NC_085842.1:73470313-73476731+	NC_085842.1:119835271-119841691-	15	17	0	5491,5508,5595,5598,5599,5610,5622,5623,5631,5766,5767,5832,5835,5836	148,151,152,163,175,176,184,319,320,385,388,389,44,61	1	1,2,3,4,5,6,7,8,9,10,11,12,13,14	346	346	971	15|1|0|0|0|0|0|0|0|1|0|0
GA	Anocar	LTR	Gypsy	DR0007229	NC_085842.1:73470313-73476731+	NC_085842.1:119835271-119841691-	15	17	0	148,151,152,163,175,176,184,319,320,385,388,389,44,61	5492,5509,5596,5599,5600,5611,5623,5624,5632,5767,5768,5833,5836,5837	1	1,2,3,4,5,6,7,8,9,10,11,12,13,14	346	346	971	15|1|0|0|0|0|0|0|0|1|0|0
GA	Anocar	LTR	Gypsy	DR0007229	NC_085842.1:73470313-73476731+	NC_085842.1:107281334-107287754-	30	39	0	148,151,152,163,175,176,184,319,320,385,388,389,44,5491,5508,5595,5598,5599,5610,5622,5623,5631,5766,5767,5832,5835,5836,61	148,151,152,163,175,176,184,319,320,385,388,389,44,5492,5509,5596,5599,5600,5611,5623,5624,5632,5767,5768,5833,5836,5837,61	2	1,2,3,4,5,6,7,8,9,10,11,12,13,14,16,17,18,19,20,21,22,23,24,25,26,27,28,29	692	5794	6419	30|1|0|0|0|0|0|4|1|2|0|1
GA	Anocar	LTR	Gypsy	DR0007229	NC_085842.1:73470313-73476731+	NC_085842.1:107281334-107287754-	15	17	0	5491,5508,5595,5598,5599,5610,5622,5623,5631,5766,5767,5832,5835,5836	148,151,152,163,175,176,184,319,320,385,388,389,44,61	1	1,2,3,4,5,6,7,8,9,10,11,12,13,14	346	346	971	15|0|0|0|0|0|0|1|0|1|0|0
GA	Anocar	LTR	Gypsy	DR0007229	NC_085842.1:73470313-73476731+	NC_085842.1:107281334-107287754-	15	17	0	148,151,152,163,175,176,184,319,320,385,388,389,44,61	5492,5509,5596,5599,5600,5611,5623,5624,5632,5767,5768,5833,5836,5837	1	1,2,3,4,5,6,7,8,9,10,11,12,13,14	346	346	971	15|0|0|0|0|0|0|1|0|1|0|0
GA	Anocar	LTR	Gypsy	DR0007229	NC_085842.1:73470313-73476731+	NC_085842.1:95123180-95129600+	30	39	0	148,151,152,163,175,176,184,319,320,385,388,389,44,5491,5508,5595,5598,5599,5610,5622,5623,5631,5766,5767,5832,5835,5836,61	148,151,152,163,175,176,184,319,320,385,388,389,44,5492,5509,5596,5599,5600,5611,5623,5624,5632,5767,5768,5833,5836,5837,61	2	1,2,3,4,5,6,7,8,9,10,11,12,13,14,16,17,18,19,20,21,22,23,24,25,26,27,28,29	692	5794	6419	30|1|0|0|0|0|1|5|0|2|0|0
GA	Anocar	LTR	Gypsy	DR0007229	NC_085842.1:73470313-73476731+	NC_085842.1:95123180-95129600+	15	16	0	5491,5508,5595,5598,5599,5610,5622,5623,5631,5766,5767,5832,5835,5836	148,151,152,163,175,176,184,319,320,385,388,389,44,61	1	1,2,3,4,5,6,7,8,9,10,11,12,13,14	346	346	971	15|0|0|0|0|0|0|0|0|1|0|0
GA	Anocar	LTR	Gypsy	DR0007229	NC_085842.1:73470313-73476731+	NC_085842.1:95123180-95129600+	15	16	0	148,151,152,163,175,176,184,319,320,385,388,389,44,61	5492,5509,5596,5599,5600,5611,5623,5624,5632,5767,5768,5833,5836,5837	1	1,2,3,4,5,6,7,8,9,10,11,12,13,14	346	346	971	15|0|0|0|0|0|0|0|0|1|0|0
GA	Anocar	LTR	Gypsy	DR0007229	NC_085842.1:73470313-73476731+	NC_085844.1:165733648-165740067+	35	38	0	1234,148,151,152,163,175,176,184,319,320,385,388,389,44,5491,5508,5595,5598,5599,5610,5622,5623,5631,5766,5767,5832,5835,5836,61,6178,6409,731,962	1235,148,151,152,163,175,176,184,319,320,385,388,389,44,5491,5508,5595,5598,5599,5610,5622,5623,5631,5766,5767,5832,5835,5836,61,6179,6410,732,963	2	1,2,3,4,5,6,7,8,9,10,11,12,13,14,15,16,17,20,21,22,23,24,25,26,27,28,29,30,31,32,33,34,35	2112	6367	6418	35|1|0|0|0|0|0|2|0|0|0|0
GA	Anocar	LTR	Gypsy	DR0007229	NC_085842.1:73470313-73476731+	NC_085844.1:165733648-165740067+	16	16	0	5491,5508,5595,5598,5599,5610,5622,5623,5631,5766,5767,5832,5835,5836,6178,6409	148,151,152,163,175,176,184,319,320,385,388,389,44,61,732,963	1	1,2,3,4,5,6,7,8,9,10,11,12,13,14,15,16	920	920	971	16|0|0|0|0|0|0|0|0|0|0|0
GA	Anocar	LTR	Gypsy	DR0007229	NC_085842.1:73470313-73476731+	NC_085844.1:165733648-165740067+	16	16	0	148,151,152,163,175,176,184,319,320,385,388,389,44,61,731,962	5491,5508,5595,5598,5599,5610,5622,5623,5631,5766,5767,5832,5835,5836,6179,6410	1	1,2,3,4,5,6,7,8,9,10,11,12,13,14,15,16	920	920	971	16|0|0|0|0|0|0|0|0|0|0|0
GA	Anocar	LTR	Gypsy	DR0007229	NC_085842.1:73470313-73476731+	NC_085844.1:38262035-38268453+	32	37	0	148,151,152,163,175,176,184,319,320,385,388,389,4398,44,4866,5491,5508,5595,5598,5599,5610,5622,5623,5631,5766,5767,5832,5835,5836,61	148,151,152,163,175,176,184,319,320,385,388,389,4398,44,4866,5491,5508,5595,5598,5599,5610,5622,5623,5631,5766,5767,5832,5835,5836,61	2	1,2,3,4,5,6,7,8,9,10,11,12,13,14,16,17,18,19,20,21,22,23,24,25,26,27,28,29,30,31	1785	5793	6418	32|3|0|0|0|0|0|1|0|1|0|0
GA	Anocar	LTR	Gypsy	DR0007229	NC_085842.1:73470313-73476731+	NC_085844.1:38262035-38268453+	15	16	0	5491,5508,5595,5598,5599,5610,5622,5623,5631,5766,5767,5832,5835,5836	148,151,152,163,175,176,184,319,320,385,388,389,44,61	1	1,2,3,4,5,6,7,8,9,10,11,12,13,14	346	346	971	15|1|0|0|0|0|0|0|0|0|0|0
GA	Anocar	LTR	Gypsy	DR0007229	NC_085842.1:73470313-73476731+	NC_085844.1:38262035-38268453+	15	16	0	148,151,152,163,175,176,184,319,320,385,388,389,44,61	5491,5508,5595,5598,5599,5610,5622,5623,5631,5766,5767,5832,5835,5836	1	1,2,3,4,5,6,7,8,9,10,11,12,13,14	346	346	971	15|1|0|0|0|0|0|0|0|0|0|0
GA	Anocar	LTR	Gypsy	DR0007229	NC_085842.1:73470313-73476731+	NC_085843.1:37745487-37751906+	30	38	0	148,151,152,163,175,176,184,319,320,385,388,389,44,5491,5508,5595,5598,5599,5610,5622,5623,5631,5766,5767,5832,5835,5836,61	148,151,152,163,175,176,184,319,320,385,388,389,44,5492,5509,5596,5599,5600,5611,5623,5624,5632,5767,5768,5833,5836,5837,61	2	1,2,3,4,5,6,7,8,9,10,11,12,13,14,16,17,18,19,20,21,22,23,24,25,26,27,28,29	692	5794	6418	30|2|0|0|0|0|0|6|0|0|0|0
GA	Anocar	LTR	Gypsy	DR0007229	NC_085842.1:73470313-73476731+	NC_085843.1:37745487-37751906+	15	17	0	5491,5508,5595,5598,5599,5610,5622,5623,5631,5766,5767,5832,5835,5836	148,151,152,163,175,176,184,319,320,385,388,389,44,61	1	1,2,3,4,5,6,7,8,9,10,11,12,13,14	346	346	971	15|0|0|0|0|0|0|2|0|0|0|0
GA	Anocar	LTR	Gypsy	DR0007229	NC_085842.1:73470313-73476731+	NC_085843.1:37745487-37751906+	15	17	0	148,151,152,163,175,176,184,319,320,385,388,389,44,61	5492,5509,5596,5599,5600,5611,5623,5624,5632,5767,5768,5833,5836,5837	1	1,2,3,4,5,6,7,8,9,10,11,12,13,14	346	346	971	15|0|0|0|0|0|0|2|0|0|0|0
GA	Anocar	LTR	Gypsy	DR0007229	NC_085842.1:73470313-73476731+	NW_026943826.1:5902742-5909162-	32	40	0	148,151,152,163,175,176,184,319,320,385,388,389,44,5491,5508,5595,5598,5599,5610,5622,5623,5631,5766,5767,5832,5835,5836,61,6178,731	148,151,152,163,175,176,184,319,320,385,388,389,44,5492,5509,5596,5599,5600,5611,5623,5624,5632,5767,5768,5833,5836,5837,61,6180,732	2	1,2,3,4,5,6,7,8,9,10,11,12,13,14,15,18,19,20,21,22,23,24,25,26,27,28,29,30,31,32	1378	6137	6419	32|1|0|0|0|1|3|1|0|2|0|0
GA	Anocar	LTR	Gypsy	DR0007229	NC_085842.1:73470313-73476731+	NW_026943826.1:5902742-5909162-	15	16	0	5491,5508,5595,5598,5599,5610,5622,5623,5631,5766,5767,5832,5835,5836,6178	148,151,152,163,175,176,184,319,320,385,388,389,44,61,732	1	1,2,3,4,5,6,7,8,9,10,11,12,13,14,15	689	689	971	15|0|0|0|0|0|0|0|0|1|0|0
GA	Anocar	LTR	Gypsy	DR0007229	NC_085842.1:73470313-73476731+	NW_026943826.1:5902742-5909162-	15	16	0	148,151,152,163,175,176,184,319,320,385,388,389,44,61,731	5492,5509,5596,5599,5600,5611,5623,5624,5632,5767,5768,5833,5836,5837,6180	1	1,2,3,4,5,6,7,8,9,10,11,12,13,14,15	689	689	971	15|0|0|0|0|0|0|0|0|1|0|0
GA	Anocar	LTR	Gypsy	DR0007229	NC_085842.1:73470313-73476731+	NW_026943820.1:829355-835775-	30	40	0	148,151,152,163,175,176,184,319,320,385,388,389,5595,5598,5599,5610,5622,5623,5631,5766,5767,5832,5835,5836,6178,731	148,151,152,163,175,176,184,319,320,385,388,389,5596,5599,5600,5611,5623,5624,5632,5767,5768,5833,5836,5837,6180,732	2	3,4,5,6,7,8,9,10,11,12,13,14,15,18,19,20,21,22,23,24,25,26,27,28,29,30	1170	6033	6419	30|4|0|0|0|0|0|6|0|0|0|0
GA	Anocar	LTR	Gypsy	DR0007229	NC_085842.1:73470313-73476731+	NW_026943820.1:829355-835775-	15	18	0	5595,5598,5599,5610,5622,5623,5631,5766,5767,5832,5835,5836,6178	148,151,152,163,175,176,184,319,320,385,388,389,732	1	3,4,5,6,7,8,9,10,11,12,13,14,15	585	585	971	15|1|0|0|0|0|0|2|0|0|0|0
GA	Anocar	LTR	Gypsy	DR0007229	NC_085842.1:73470313-73476731+	NW_026943820.1:829355-835775-	15	18	0	148,151,152,163,175,176,184,319,320,385,388,389,731	5596,5599,5600,5611,5623,5624,5632,5767,5768,5833,5836,5837,6180	1	3,4,5,6,7,8,9,10,11,12,13,14,15	585	585	971	15|1|0|0|0|0|0|2|0|0|0|0
GA	Anocar	LTR	Gypsy	DR0007229	NC_085842.1:73470313-73476731+	NC_085846.1:94695147-94701567-	31	40	0	148,151,152,163,175,176,184,319,320,385,388,389,44,5491,5508,5595,5598,5599,5610,5622,5623,5631,5766,5767,5832,5835,5836,61	148,151,152,163,175,176,184,319,320,385,388,389,44,5492,5509,5596,5599,5600,5611,5623,5624,5632,5767,5768,5833,5836,5837,61	2	1,2,3,4,5,6,7,8,9,10,11,12,13,14,17,18,19,20,21,22,23,24,25,26,27,28,29,30	692	5794	6419	31|4|0|0|0|1|0|4|0|0|0|0
GA	Anocar	LTR	Gypsy	DR0007229	NC_085842.1:73470313-73476731+	NC_085846.1:94695147-94701567-	15	17	0	5491,5508,5595,5598,5599,5610,5622,5623,5631,5766,5767,5832,5835,5836	148,151,152,163,175,176,184,319,320,385,388,389,44,61	1	1,2,3,4,5,6,7,8,9,10,11,12,13,14	346	346	971	15|1|0|0|0|0|0|1|0|0|0|0
GA	Anocar	LTR	Gypsy	DR0007229	NC_085842.1:73470313-73476731+	NC_085846.1:94695147-94701567-	15	17	0	148,151,152,163,175,176,184,319,320,385,388,389,44,61	5492,5509,5596,5599,5600,5611,5623,5624,5632,5767,5768,5833,5836,5837	1	1,2,3,4,5,6,7,8,9,10,11,12,13,14	346	346	971	15|1|0|0|0|0|0|1|0|0|0|0
GA	Anocar	LTR	Gypsy	DR0007229	NC_085842.1:73470313-73476731+	NC_085844.1:14724203-14730623-	33	40	0	148,151,152,163,175,176,184,319,320,385,388,389,44,5491,5508,5595,5598,5599,5610,5622,5623,5631,5766,5767,5832,5835,5836,61,6178,6409,731,962	148,151,152,163,175,176,184,319,320,385,388,389,44,5492,5509,5596,5599,5600,5611,5623,5624,5632,5767,5768,5833,5836,5837,61,6180,6411,732,963	2	1,2,3,4,5,6,7,8,9,10,11,12,13,14,15,16,18,19,20,21,22,23,24,25,26,27,28,29,30,31,32,33	1840	6368	6419	33|2|0|0|0|1|2|2|0|0|0|0
GA	Anocar	LTR	Gypsy	DR0007229	NC_085842.1:73470313-73476731+	NC_085844.1:14724203-14730623-	16	16	0	5491,5508,5595,5598,5599,5610,5622,5623,5631,5766,5767,5832,5835,5836,6178,6409	148,151,152,163,175,176,184,319,320,385,388,389,44,61,732,963	1	1,2,3,4,5,6,7,8,9,10,11,12,13,14,15,16	920	920	971	16|0|0|0|0|0|0|0|0|0|0|0
GA	Anocar	LTR	Gypsy	DR0007229	NC_085842.1:73470313-73476731+	NC_085844.1:14724203-14730623-	16	16	0	148,151,152,163,175,176,184,319,320,385,388,389,44,61,731,962	5492,5509,5596,5599,5600,5611,5623,5624,5632,5767,5768,5833,5836,5837,6180,6411	1	1,2,3,4,5,6,7,8,9,10,11,12,13,14,15,16	920	920	971	16|0|0|0|0|0|0|0|0|0|0|0
GA	Anocar	LTR	Gypsy	DR0007229	NC_085842.1:73470313-73476731+	NC_085844.1:10722743-10729163-	31	40	0	148,151,152,163,175,176,184,319,320,385,388,389,44,5491,5508,5595,5598,5599,5610,5622,5623,5631,5766,5767,5832,5835,5836,61,6178,731	148,151,152,163,175,176,184,319,320,385,388,389,44,5492,5509,5596,5599,5600,5611,5623,5624,5632,5767,5768,5833,5836,5837,61,6180,732	2	1,2,3,4,5,6,7,8,9,10,11,12,13,14,15,17,18,19,20,21,22,23,24,25,26,27,28,29,30,31	1378	6137	6419	31|2|0|0|0|0|4|1|0|0|2|0
GA	Anocar	LTR	Gypsy	DR0007229	NC_085842.1:73470313-73476731+	NC_085844.1:10722743-10729163-	15	16	0	5491,5508,5595,5598,5599,5610,5622,5623,5631,5766,5767,5832,5835,5836,6178	148,151,152,163,175,176,184,319,320,385,388,389,44,61,732	1	1,2,3,4,5,6,7,8,9,10,11,12,13,14,15	689	689	971	15|0|0|0|0|0|0|0|0|0|1|0
GA	Anocar	LTR	Gypsy	DR0007229	NC_085842.1:73470313-73476731+	NC_085844.1:10722743-10729163-	15	16	0	148,151,152,163,175,176,184,319,320,385,388,389,44,61,731	5492,5509,5596,5599,5600,5611,5623,5624,5632,5767,5768,5833,5836,5837,6180	1	1,2,3,4,5,6,7,8,9,10,11,12,13,14,15	689	689	971	15|0|0|0|0|0|0|0|0|0|1|0
GA	Anocar	LTR	Gypsy	DR0007229	NC_085842.1:73470313-73476731+	NC_085843.1:199575590-199582010-	30	40	0	148,151,152,163,175,176,184,319,320,385,388,389,44,5491,5508,5595,5598,5599,5610,5622,5623,5631,5766,5767,5832,5835,5836,61,6178,731	148,151,152,163,175,176,184,319,320,385,388,389,44,5492,5509,5596,5599,5600,5611,5623,5624,5632,5767,5768,5833,5836,5837,61,6180,732	4	1,2,3,4,5,6,7,8,9,10,11,12,13,14,15,16,17,18,19,20,21,22,23,24,25,26,27,28,29,30	6140	6137	6419	30|3|0|0|0|0|3|2|0|0|0|2
GA	Anocar	LTR	Gypsy	DR0007229	NC_085842.1:73470313-73476731+	NC_085843.1:199575590-199582010-	15	18	0	5491,5508,5595,5598,5599,5610,5622,5623,5631,5766,5767,5832,5835,5836,6178	148,151,152,163,175,176,184,319,320,385,388,389,44,61,732	2	1,2,3,4,5,6,7,8,9,10,11,12,13,14,15	690	689	971	15|1|0|0|0|0|1|0|0|0|0|1
GA	Anocar	LTR	Gypsy	DR0007229	NC_085842.1:73470313-73476731+	NC_085843.1:199575590-199582010-	15	18	0	148,151,152,163,175,176,184,319,320,385,388,389,44,61,731	5492,5509,5596,5599,5600,5611,5623,5624,5632,5767,5768,5833,5836,5837,6180	2	1,2,3,4,5,6,7,8,9,10,11,12,13,14,15	690	689	971	15|1|0|0|0|0|1|0|0|0|0|1
GA	Anocar	LTR	Gypsy	DR0007229	NC_085842.1:73470313-73476731+	NC_085843.1:158559000-158565420-	30	40	0	148,151,152,163,175,176,184,319,320,385,388,389,44,5491,5508,5595,5598,5599,5610,5622,5623,5631,5766,5767,5832,5835,5836,61	148,151,152,163,175,176,184,319,320,385,388,389,44,5492,5509,5596,5599,5600,5611,5623,5624,5632,5767,5768,5833,5836,5837,61	2	1,2,3,4,5,6,7,8,9,10,11,12,13,14,16,17,18,19,20,21,22,23,24,25,26,27,28,29	692	5794	6419	30|2|0|0|1|0|2|5|0|0|0|0
GA	Anocar	LTR	Gypsy	DR0007229	NC_085842.1:73470313-73476731+	NC_085843.1:158559000-158565420-	15	16	0	5491,5508,5595,5598,5599,5610,5622,5623,5631,5766,5767,5832,5835,5836	148,151,152,163,175,176,184,319,320,385,388,389,44,61	1	1,2,3,4,5,6,7,8,9,10,11,12,13,14	346	346	971	15|0|0|0|0|0|0|1|0|0|0|0
GA	Anocar	LTR	Gypsy	DR0007229	NC_085842.1:73470313-73476731+	NC_085843.1:158559000-158565420-	15	16	0	148,151,152,163,175,176,184,319,320,385,388,389,44,61	5492,5509,5596,5599,5600,5611,5623,5624,5632,5767,5768,5833,5836,5837	1	1,2,3,4,5,6,7,8,9,10,11,12,13,14	346	346	971	15|0|0|0|0|0|0|1|0|0|0|0
GA	Anocar	LTR	Gypsy	DR0007229	NC_085842.1:73470313-73476731+	NC_085843.1:156598599-156605019+	30	40	0	148,151,152,163,175,176,184,319,320,385,388,389,44,5491,5508,5595,5598,5599,5610,5622,5623,5631,5766,5767,5832,5835,5836,61	148,151,152,163,175,176,184,319,320,385,388,389,44,5492,5509,5596,5599,5600,5611,5623,5624,5632,5767,5768,5833,5836,5837,61	2	1,2,3,4,5,6,7,8,9,10,11,12,13,14,16,17,18,19,20,21,22,23,24,25,26,27,28,29	692	5794	6419	30|2|0|0|0|0|2|5|0|1|0|0
GA	Anocar	LTR	Gypsy	DR0007229	NC_085842.1:73470313-73476731+	NC_085843.1:156598599-156605019+	15	16	0	148,151,152,163,175,176,184,319,320,385,388,389,44,61	5492,5509,5596,5599,5600,5611,5623,5624,5632,5767,5768,5833,5836,5837	1	1,2,3,4,5,6,7,8,9,10,11,12,13,14	346	346	971	15|0|0|0|0|0|0|1|0|0|0|0
GA	Anocar	LTR	Gypsy	DR0007229	NC_085842.1:73470313-73476731+	NC_085843.1:156598599-156605019+	15	17	0	5491,5508,5595,5598,5599,5610,5622,5623,5631,5766,5767,5832,5835,5836	148,151,152,163,175,176,184,319,320,385,388,389,44,61	1	1,2,3,4,5,6,7,8,9,10,11,12,13,14	346	346	971	15|0|0|0|0|0|0|1|0|1|0|0
GA	Anocar	LTR	Gypsy	DR0007229	NC_085842.1:73470313-73476731+	NC_085843.1:156446143-156452563-	30	40	0	148,151,152,163,175,176,184,319,320,385,388,389,44,5491,5508,5595,5598,5599,5610,5622,5623,5631,5766,5767,5832,5835,5836,61	148,151,152,163,175,176,184,319,320,385,388,389,44,5492,5509,5596,5599,5600,5611,5623,5624,5632,5767,5768,5833,5836,5837,61	2	1,2,3,4,5,6,7,8,9,10,11,12,13,14,16,17,18,19,20,21,22,23,24,25,26,27,28,29	692	5794	6419	30|2|0|0|0|0|2|5|0|0|1|0
GA	Anocar	LTR	Gypsy	DR0007229	NC_085842.1:73470313-73476731+	NC_085843.1:156446143-156452563-	15	16	0	5491,5508,5595,5598,5599,5610,5622,5623,5631,5766,5767,5832,5835,5836	148,151,152,163,175,176,184,319,320,385,388,389,44,61	1	1,2,3,4,5,6,7,8,9,10,11,12,13,14	346	346	971	15|0|0|0|0|0|0|1|0|0|0|0
GA	Anocar	LTR	Gypsy	DR0007229	NC_085842.1:73470313-73476731+	NC_085843.1:156446143-156452563-	15	16	0	148,151,152,163,175,176,184,319,320,385,388,389,44,61	5492,5509,5596,5599,5600,5611,5623,5624,5632,5767,5768,5833,5836,5837	1	1,2,3,4,5,6,7,8,9,10,11,12,13,14	346	346	971	15|0|0|0|0|0|0|1|0|0|0|0
GA	Anocar	LTR	Gypsy	DR0007229	NC_085842.1:73470313-73476731+	NC_085843.1:69398675-69405095-	34	40	0	148,151,152,163,175,176,184,319,320,385,388,389,44,5491,5508,5595,5598,5599,5610,5622,5623,5631,5766,5767,5832,5835,5836,61	148,151,152,163,175,176,184,319,320,385,388,389,44,5492,5509,5596,5599,5600,5611,5623,5624,5632,5767,5768,5833,5836,5837,61	2	1,2,3,4,5,6,7,8,9,10,11,12,13,14,19,20,21,22,23,24,25,26,27,28,29,30,31,32	692	5794	6419	34|1|0|0|0|1|2|2|0|0|0|0
GA	Anocar	LTR	Gypsy	DR0007229	NC_085842.1:73470313-73476731+	NC_085843.1:69398675-69405095-	16	17	0	5491,5508,5595,5598,5599,5610,5622,5623,5631,5766,5767,5832,5835,5836	148,151,152,163,175,176,184,319,320,385,388,389,44,61	1	1,2,3,4,5,6,7,8,9,10,11,12,13,14	346	346	971	16|0|0|0|0|0|1|0|0|0|0|0
GA	Anocar	LTR	Gypsy	DR0007229	NC_085842.1:73470313-73476731+	NC_085843.1:69398675-69405095-	16	17	0	148,151,152,163,175,176,184,319,320,385,388,389,44,61	5492,5509,5596,5599,5600,5611,5623,5624,5632,5767,5768,5833,5836,5837	1	1,2,3,4,5,6,7,8,9,10,11,12,13,14	346	346	971	16|0|0|0|0|0|1|0|0|0|0|0
GA	Anocar	LTR	Gypsy	DR0007229	NC_085842.1:73470313-73476731+	NC_085842.1:289810196-289816616+	32	40	0	148,151,152,163,175,176,184,319,320,385,388,389,44,5491,5508,5595,5598,5599,5610,5622,5623,5631,5766,5767,5832,5835,5836,61	148,151,152,163,175,176,184,319,320,385,388,389,44,5492,5509,5596,5599,5600,5611,5623,5624,5632,5767,5768,5833,5836,5837,61	2	1,2,3,4,5,6,7,8,9,10,11,12,13,14,18,19,20,21,22,23,24,25,26,27,28,29,30,31	692	5794	6419	32|4|0|0|0|0|1|2|0|1|0|0
GA	Anocar	LTR	Gypsy	DR0007229	NC_085842.1:73470313-73476731+	NC_085842.1:289810196-289816616+	15	16	0	5491,5508,5595,5598,5599,5610,5622,5623,5631,5766,5767,5832,5835,5836	148,151,152,163,175,176,184,319,320,385,388,389,44,61	1	1,2,3,4,5,6,7,8,9,10,11,12,13,14	346	346	971	15|1|0|0|0|0|0|0|0|0|0|0
GA	Anocar	LTR	Gypsy	DR0007229	NC_085842.1:73470313-73476731+	NC_085842.1:289810196-289816616+	15	16	0	148,151,152,163,175,176,184,319,320,385,388,389,44,61	5492,5509,5596,5599,5600,5611,5623,5624,5632,5767,5768,5833,5836,5837	1	1,2,3,4,5,6,7,8,9,10,11,12,13,14	346	346	971	15|1|0|0|0|0|0|0|0|0|0|0
GA	Anocar	LTR	Gypsy	DR0007229	NC_085842.1:73470313-73476731+	NC_085842.1:164453925-164460345+	33	40	0	148,151,152,163,175,176,184,319,320,385,388,389,44,5491,5508,5595,5598,5599,5610,5622,5623,5631,5766,5767,5832,5835,5836,61	148,151,152,163,175,176,184,319,320,385,388,389,44,5492,5509,5596,5599,5600,5611,5623,5624,5632,5767,5768,5833,5836,5837,61	2	1,2,3,4,5,6,7,8,9,10,11,12,13,14,19,20,21,22,23,24,25,26,27,28,29,30,31,32	692	5794	6419	33|1|0|0|0|0|1|5|0|0|0|0
GA	Anocar	LTR	Gypsy	DR0007229	NC_085842.1:73470313-73476731+	NC_085842.1:164453925-164460345+	15	16	0	5491,5508,5595,5598,5599,5610,5622,5623,5631,5766,5767,5832,5835,5836	148,151,152,163,175,176,184,319,320,385,388,389,44,61	1	1,2,3,4,5,6,7,8,9,10,11,12,13,14	346	346	971	15|0|0|0|0|0|0|1|0|0|0|0
GA	Anocar	LTR	Gypsy	DR0007229	NC_085842.1:73470313-73476731+	NC_085842.1:164453925-164460345+	15	16	0	148,151,152,163,175,176,184,319,320,385,388,389,44,61	5492,5509,5596,5599,5600,5611,5623,5624,5632,5767,5768,5833,5836,5837	1	1,2,3,4,5,6,7,8,9,10,11,12,13,14	346	346	971	15|0|0|0|0|0|0|1|0|0|0|0
GA	Anocar	LTR	Gypsy	DR0007229	NC_085842.1:73470313-73476731+	NC_085842.1:123461138-123467558+	31	40	0	148,151,152,163,175,176,184,319,320,385,388,389,44,5491,5508,5595,5598,5599,5610,5622,5623,5631,5766,5767,5832,5835,5836,61,731	148,151,152,163,175,176,184,319,320,385,388,389,44,5492,5509,5596,5599,5600,5611,5623,5624,5632,5767,5768,5833,5836,5837,61,732	2	1,2,3,4,5,6,7,8,9,10,11,12,13,14,15,17,18,19,20,21,22,23,24,25,26,27,28,29,30	1035	5794	6419	31|4|0|0|0|2|1|1|0|0|1|0
GA	Anocar	LTR	Gypsy	DR0007229	NC_085842.1:73470313-73476731+	NC_085842.1:123461138-123467558+	15	15	0	5491,5508,5595,5598,5599,5610,5622,5623,5631,5766,5767,5832,5835,5836,6178	148,151,152,163,175,176,184,319,320,385,388,389,44,61,732	1	1,2,3,4,5,6,7,8,9,10,11,12,13,14,15	689	689	971	15|0|0|0|0|0|0|0|0|0|0|0
GA	Anocar	LTR	Gypsy	DR0007229	NC_085842.1:73470313-73476731+	NC_085842.1:123461138-123467558+	15	16	0	148,151,152,163,175,176,184,319,320,385,388,389,44,61	5492,5509,5596,5599,5600,5611,5623,5624,5632,5767,5768,5833,5836,5837	1	1,2,3,4,5,6,7,8,9,10,11,12,13,14	346	346	971	15|0|0|0|0|0|0|0|0|0|1|0
GA	Anocar	LTR	Gypsy	DR0007229	NC_085842.1:73470313-73476731+	NC_085842.1:108017302-108023722+	32	36	0	148,151,152,163,175,176,184,319,320,385,388,389,44,5390,5491,5508,5595,5598,5599,5610,5622,5623,5631,5766,5767,5832,5835,5836,61	148,151,152,163,175,176,184,319,320,386,389,390,44,5391,5492,5509,5596,5599,5600,5611,5623,5624,5632,5767,5768,5834,5837,5838,61	2	1,2,3,4,5,6,7,8,9,10,11,12,13,14,17,18,19,20,21,22,23,24,25,26,27,28,29,30,31	795	5795	6419	32|1|0|0|0|0|0|1|0|2|0|0
GA	Anocar	LTR	Gypsy	DR0007229	NC_085842.1:73470313-73476731+	NC_085842.1:108017302-108023722+	15	16	0	5491,5508,5595,5598,5599,5610,5622,5623,5631,5766,5767,5832,5835,5836	148,151,152,163,175,176,184,319,320,386,389,390,44,61	1	1,2,3,4,5,6,7,8,9,10,11,12,13,14	347	347	971	15|0|0|0|0|0|0|0|0|1|0|0
GA	Anocar	LTR	Gypsy	DR0007229	NC_085842.1:73470313-73476731+	NC_085842.1:108017302-108023722+	15	16	0	148,151,152,163,175,176,184,319,320,385,388,389,44,61	5492,5509,5596,5599,5600,5611,5623,5624,5632,5767,5768,5834,5837,5838	1	1,2,3,4,5,6,7,8,9,10,11,12,13,14	347	347	971	15|0|0|0|0|0|0|0|0|1|0|0
GA	Anocar	LTR	Gypsy	DR0007229	NC_085842.1:73470313-73476731+	NC_085842.1:92724325-92730745+	30	40	0	148,151,152,163,175,176,184,319,320,385,388,389,44,5491,5508,5595,5598,5599,5610,5622,5623,5631,5766,5767,5832,5835,5836,61	148,151,152,163,175,176,184,319,320,385,388,389,44,5492,5509,5596,5599,5600,5611,5623,5624,5632,5767,5768,5833,5836,5837,61	2	1,2,3,4,5,6,7,8,9,10,11,12,13,14,16,17,18,19,20,21,22,23,24,25,26,27,28,29	692	5794	6419	30|2|0|0|0|0|1|5|0|2|0|0
GA	Anocar	LTR	Gypsy	DR0007229	NC_085842.1:73470313-73476731+	NC_085842.1:92724325-92730745+	15	18	0	5491,5508,5595,5598,5599,5610,5622,5623,5631,5766,5767,5832,5835,5836	148,151,152,163,175,176,184,319,320,385,388,389,44,61	1	1,2,3,4,5,6,7,8,9,10,11,12,13,14	346	346	971	15|0|0|0|0|0|0|2|0|1|0|0
GA	Anocar	LTR	Gypsy	DR0007229	NC_085842.1:73470313-73476731+	NC_085842.1:92724325-92730745+	15	18	0	148,151,152,163,175,176,184,319,320,385,388,389,44,61	5492,5509,5596,5599,5600,5611,5623,5624,5632,5767,5768,5833,5836,5837	1	1,2,3,4,5,6,7,8,9,10,11,12,13,14	346	346	971	15|0|0|0|0|0|0|2|0|1|0|0
GA	Anocar	LTR	Gypsy	DR0007229	NC_085842.1:73470313-73476731+	NC_085842.1:73752538-73758958-	31	40	0	148,151,152,163,175,176,184,319,320,385,388,389,44,5491,5508,5595,5598,5599,5610,5622,5623,5631,5766,5767,5832,5835,5836,61,6178,731	148,151,152,163,175,176,184,319,320,385,388,389,44,5492,5509,5596,5599,5600,5611,5623,5624,5632,5767,5768,5833,5836,5837,61,6180,732	2	1,2,3,4,5,6,7,8,9,10,11,12,13,14,15,17,18,19,20,21,22,23,24,25,26,27,28,29,30,31	1378	6137	6419	31|3|1|0|0|0|4|1|0|0|0|0
GA	Anocar	LTR	Gypsy	DR0007229	NC_085842.1:73470313-73476731+	NC_085842.1:73752538-73758958-	15	15	0	5491,5508,5595,5598,5599,5610,5622,5623,5631,5766,5767,5832,5835,5836,6178	148,151,152,163,175,176,184,319,320,385,388,389,44,61,732	1	1,2,3,4,5,6,7,8,9,10,11,12,13,14,15	689	689	971	15|0|0|0|0|0|0|0|0|0|0|0
GA	Anocar	LTR	Gypsy	DR0007229	NC_085842.1:73470313-73476731+	NC_085842.1:73752538-73758958-	15	15	0	148,151,152,163,175,176,184,319,320,385,388,389,44,61,731	5492,5509,5596,5599,5600,5611,5623,5624,5632,5767,5768,5833,5836,5837,6180	1	1,2,3,4,5,6,7,8,9,10,11,12,13,14,15	689	689	971	15|0|0|0|0|0|0|0|0|0|0|0
GA	Anocar	LTR	Gypsy	DR0007229	NC_085842.1:73470313-73476731+	NW_026943823.1:20733824-20740242+	30	38	0	148,151,152,163,175,176,184,319,320,385,388,389,44,5491,5508,5595,5598,5599,5610,5622,5623,5631,5766,5767,5832,5835,5836,61	148,151,152,163,175,176,184,319,320,385,388,389,44,5491,5508,5595,5598,5599,5610,5622,5623,5631,5766,5767,5832,5835,5836,61	2	1,2,3,4,5,6,7,8,9,10,11,12,13,14,16,17,18,19,20,21,22,23,24,25,26,27,28,29	692	5793	6418	30|3|0|0|0|1|1|3|0|0|0|0
GA	Anocar	LTR	Gypsy	DR0007229	NC_085842.1:73470313-73476731+	NW_026943823.1:20733824-20740242+	15	16	0	5491,5508,5595,5598,5599,5610,5622,5623,5631,5766,5767,5832,5835,5836	148,151,152,163,175,176,184,319,320,385,388,389,44,61	1	1,2,3,4,5,6,7,8,9,10,11,12,13,14	346	346	971	15|0|0|0|0|0|0|1|0|0|0|0
GA	Anocar	LTR	Gypsy	DR0007229	NC_085842.1:73470313-73476731+	NW_026943823.1:20733824-20740242+	15	16	0	148,151,152,163,175,176,184,319,320,385,388,389,44,61	5491,5508,5595,5598,5599,5610,5622,5623,5631,5766,5767,5832,5835,5836	1	1,2,3,4,5,6,7,8,9,10,11,12,13,14	346	346	971	15|0|0|0|0|0|0|1|0|0|0|0
GA	Anocar	LTR	Gypsy	DR0007229	NC_085842.1:73470313-73476731+	NW_026943821.1:9724458-9730882+	30	37	0	148,151,152,163,175,176,184,319,320,385,388,389,5595,5598,5599,5610,5622,5623,5631,5766,5767,5832,5835,5836	148,151,152,163,175,176,184,319,320,385,388,389,5598,5601,5602,5613,5625,5626,5634,5769,5770,5835,5838,5839	2	3,4,5,6,7,8,9,10,11,12,13,14,18,19,20,21,22,23,24,25,26,27,28,29	484	5692	6421	30|3|0|0|0|1|0|3|0|0|0|0
GA	Anocar	LTR	Gypsy	DR0007229	NC_085842.1:73470313-73476731+	NW_026943821.1:9724458-9730882+	15	17	0	5595,5598,5599,5610,5622,5623,5631,5766,5767,5832,5835,5836	148,151,152,163,175,176,184,319,320,385,388,389	1	3,4,5,6,7,8,9,10,11,12,13,14	242	242	972	15|1|0|0|0|0|0|1|0|0|0|0
GA	Anocar	LTR	Gypsy	DR0007229	NC_085842.1:73470313-73476731+	NW_026943821.1:9724458-9730882+	15	17	0	148,151,152,163,175,176,184,319,320,385,388,389	5598,5601,5602,5613,5625,5626,5634,5769,5770,5835,5838,5839	1	3,4,5,6,7,8,9,10,11,12,13,14	242	242	972	15|1|0|0|0|0|0|1|0|0|0|0
GA	Anocar	LTR	Gypsy	DR0007229	NC_085842.1:73470313-73476731+	NC_085844.1:168252273-168258692+	30	39	0	148,151,152,163,175,176,184,319,320,385,388,389,5595,5598,5599,5610,5622,5623,5631,5766,5767,5832,5835,5836	148,151,152,163,175,176,184,319,320,385,388,389,5595,5598,5599,5610,5622,5623,5631,5766,5767,5832,5835,5836	2	3,4,5,6,7,8,9,10,11,12,13,14,18,19,20,21,22,23,24,25,26,27,28,29	484	5689	6418	30|4|0|0|0|0|1|1|0|3|0|0
GA	Anocar	LTR	Gypsy	DR0007229	NC_085842.1:73470313-73476731+	NC_085844.1:168252273-168258692+	15	17	0	5595,5598,5599,5610,5622,5623,5631,5766,5767,5832,5835,5836	148,151,152,163,175,176,184,319,320,385,388,389	1	3,4,5,6,7,8,9,10,11,12,13,14	242	242	971	15|1|0|0|0|0|0|0|0|1|0|0
GA	Anocar	LTR	Gypsy	DR0007229	NC_085842.1:73470313-73476731+	NC_085844.1:168252273-168258692+	15	17	0	148,151,152,163,175,176,184,319,320,385,388,389	5595,5598,5599,5610,5622,5623,5631,5766,5767,5832,5835,5836	1	3,4,5,6,7,8,9,10,11,12,13,14	242	242	971	15|1|0|0|0|0|0|0|0|1|0|0
GA	Anocar	LTR	Gypsy	DR0007229	NC_085842.1:73470313-73476731+	NC_085842.1:223217893-223224311-	30	38	0	148,151,152,163,175,176,184,319,320,385,388,389,44,5491,5508,5595,5598,5599,5610,5622,5623,5631,5766,5767,5832,5835,5836,61	148,151,152,163,175,176,184,319,320,385,388,389,44,5491,5508,5595,5598,5599,5610,5622,5623,5631,5766,5767,5832,5835,5836,61	2	1,2,3,4,5,6,7,8,9,10,11,12,13,14,16,17,18,19,20,21,22,23,24,25,26,27,28,29	692	5793	6418	30|2|0|0|3|0|0|2|0|1|0|0
GA	Anocar	LTR	Gypsy	DR0007229	NC_085842.1:73470313-73476731+	NC_085842.1:223217893-223224311-	15	16	0	5491,5508,5595,5598,5599,5610,5622,5623,5631,5766,5767,5832,5835,5836	148,151,152,163,175,176,184,319,320,385,388,389,44,61	1	1,2,3,4,5,6,7,8,9,10,11,12,13,14	346	346	971	15|0|0|0|1|0|0|0|0|0|0|0
GA	Anocar	LTR	Gypsy	DR0007229	NC_085842.1:73470313-73476731+	NC_085842.1:223217893-223224311-	15	16	0	148,151,152,163,175,176,184,319,320,385,388,389,44,61	5491,5508,5595,5598,5599,5610,5622,5623,5631,5766,5767,5832,5835,5836	1	1,2,3,4,5,6,7,8,9,10,11,12,13,14	346	346	971	15|0|0|0|1|0|0|0|0|0|0|0
GA	Anocar	LTR	Gypsy	DR0007229	NC_085842.1:73470313-73476731+	NC_085842.1:112319736-112326154+	29	38	0	148,151,152,163,175,176,184,319,320,385,388,389,44,5491,5508,5595,5598,5599,5610,5622,5623,5631,5766,5767,5832,5835,5836,61	148,151,152,163,175,176,184,319,320,385,388,389,44,5491,5508,5595,5598,5599,5610,5622,5623,5631,5766,5767,5832,5835,5836,61	2	1,2,3,4,5,6,7,8,9,10,11,12,13,14,16,17,18,19,20,21,22,23,24,25,26,27,28,29	692	5793	6418	29|0|0|0|0|0|0|3|1|2|1|2
GA	Anocar	LTR	Gypsy	DR0007229	NC_085842.1:73470313-73476731+	NC_085842.1:112319736-112326154+	14	16	0	5491,5508,5595,5598,5599,5610,5622,5623,5631,5766,5767,5832,5835,5836	148,151,152,163,175,176,184,319,320,385,388,389,44,61	1	1,2,3,4,5,6,7,8,9,10,11,12,13,14	346	346	971	14|0|0|0|0|0|0|0|0|1|0|1
GA	Anocar	LTR	Gypsy	DR0007229	NC_085842.1:73470313-73476731+	NC_085842.1:112319736-112326154+	14	16	0	148,151,152,163,175,176,184,319,320,385,388,389,44,61	5491,5508,5595,5598,5599,5610,5622,5623,5631,5766,5767,5832,5835,5836	1	1,2,3,4,5,6,7,8,9,10,11,12,13,14	346	346	971	14|0|0|0|0|0|0|0|0|1|0|1
GA	Anocar	LTR	Gypsy	DR0007229	NC_085842.1:73470313-73476731+	NW_026943833.1:1009680-1016100-	30	41	0	148,151,152,163,175,176,184,319,320,44,5491,5508,5595,5598,5599,5610,5622,5623,5631,5766,5767,5832,5835,5836,61	148,151,152,163,175,176,184,319,320,44,5492,5509,5596,5599,5600,5611,5623,5624,5632,5767,5768,5833,5836,5837,61	2	1,2,3,4,5,6,7,8,9,10,11,16,17,18,19,20,21,22,23,24,25,26,27,28,29	623	5794	6419	30|3|0|0|0|3|3|1|0|1|0|0
GA	Anocar	LTR	Gypsy	DR0007229	NC_085842.1:73470313-73476731+	NW_026943833.1:1009680-1016100-	15	16	0	148,151,152,163,175,176,184,319,320,385,388,389,44,61	5492,5509,5596,5599,5600,5611,5623,5624,5632,5767,5768,5833,5836,5837	1	1,2,3,4,5,6,7,8,9,10,11,12,13,14	346	346	971	15|0|0|0|0|0|1|0|0|0|0|0
GA	Anocar	LTR	Gypsy	DR0007229	NC_085842.1:73470313-73476731+	NW_026943833.1:1009680-1016100-	15	17	0	5491,5508,5595,5598,5599,5610,5622,5623,5631,5766,5767	148,151,152,163,175,176,184,319,320,44,61	1	1,2,3,4,5,6,7,8,9,10,11	277	277	971	15|0|0|0|0|1|1|0|0|0|0|0
GA	Anocar	LTR	Gypsy	DR0007229	NC_085842.1:73470313-73476731+	NW_026943820.1:27023385-27029805-	32	41	0	148,151,152,163,175,176,184,319,320,385,388,389,44,5491,5508,5595,5598,5599,5610,5622,5623,5631,5766,5767,5832,5835,5836,61	148,151,152,163,175,176,184,319,320,385,388,389,44,5492,5509,5596,5599,5600,5611,5623,5624,5632,5767,5768,5833,5836,5837,61	2	1,2,3,4,5,6,7,8,9,10,11,12,13,14,18,19,20,21,22,23,24,25,26,27,28,29,30,31	692	5794	6419	32|2|0|0|0|0|0|7|0|0|0|0
GA	Anocar	LTR	Gypsy	DR0007229	NC_085842.1:73470313-73476731+	NW_026943820.1:27023385-27029805-	15	18	0	5491,5508,5595,5598,5599,5610,5622,5623,5631,5766,5767,5832,5835,5836	148,151,152,163,175,176,184,319,320,385,388,389,44,61	1	1,2,3,4,5,6,7,8,9,10,11,12,13,14	346	346	971	15|0|0|0|0|0|0|3|0|0|0|0
GA	Anocar	LTR	Gypsy	DR0007229	NC_085842.1:73470313-73476731+	NW_026943820.1:27023385-27029805-	15	18	0	148,151,152,163,175,176,184,319,320,385,388,389,44,61	5492,5509,5596,5599,5600,5611,5623,5624,5632,5767,5768,5833,5836,5837	1	1,2,3,4,5,6,7,8,9,10,11,12,13,14	346	346	971	15|0|0|0|0|0|0|3|0|0|0|0
GA	Anocar	LTR	Gypsy	DR0007229	NC_085842.1:73470313-73476731+	NW_026943820.1:15542924-15549411+	31	41	0	148,151,152,163,175,176,184,319,320,385,388,389,44,5491,5508,5595,5598,5599,5610,5622,5623,5631,5766,5767,5832,5835,5836,61	148,151,152,163,175,176,184,319,320,385,388,389,44,5492,5509,5596,5599,5600,5611,5623,5624,5632,5767,5768,5833,5836,5837,61	2	1,2,3,4,5,6,7,8,9,10,11,12,13,14,17,18,19,20,21,22,23,24,25,26,27,28,29,30	692	5794	6419	31|4|0|0|0|0|1|3|0|2|0|0
GA	Anocar	LTR	Gypsy	DR0007229	NC_085842.1:73470313-73476731+	NW_026943820.1:15542924-15549411+	15	18	0	148,151,152,163,175,176,184,319,320,385,388,389,44,61	5492,5509,5596,5599,5600,5611,5623,5624,5632,5767,5768,5833,5836,5837	1	1,2,3,4,5,6,7,8,9,10,11,12,13,14	346	346	973	15|1|0|0|0|0|0|1|0|1|0|0
GA	Anocar	LTR	Gypsy	DR0007229	NC_085842.1:73470313-73476731+	NW_026943820.1:15542924-15549411+	15	18	0	5491,5508,5595,5598,5599,5610,5622,5623,5631,5766,5767,5832,5835,5836	148,151,152,163,175,176,184,319,320,385,388,389,44,61	1	1,2,3,4,5,6,7,8,9,10,11,12,13,14	346	346	971	15|1|0|0|0|0|0|1|0|1|0|0
GA	Anocar	LTR	Gypsy	DR0007229	NC_085842.1:73470313-73476731+	NW_026943818.1:2260513-2266933+	32	41	0	148,151,152,163,175,176,184,319,320,385,388,389,5595,5598,5599,5610,5622,5623,5631,5766,5767,5832,5835,5836,6178,731	148,151,152,163,175,176,184,319,320,385,388,389,5596,5599,5600,5611,5623,5624,5632,5767,5768,5833,5836,5837,6180,732	2	3,4,5,6,7,8,9,10,11,12,13,14,15,20,21,22,23,24,25,26,27,28,29,30,31,32	1170	6033	6419	32|4|0|0|1|2|0|1|0|0|0|1
GA	Anocar	LTR	Gypsy	DR0007229	NC_085842.1:73470313-73476731+	NW_026943818.1:2260513-2266933+	15	17	0	5595,5598,5599,5610,5622,5623,5631,5766,5767,5832,5835,5836,6178	148,151,152,163,175,176,184,319,320,385,388,389,732	1	3,4,5,6,7,8,9,10,11,12,13,14,15	585	585	971	15|1|0|0|0|1|0|0|0|0|0|0
GA	Anocar	LTR	Gypsy	DR0007229	NC_085842.1:73470313-73476731+	NW_026943818.1:2260513-2266933+	15	17	0	148,151,152,163,175,176,184,319,320,385,388,389,731	5596,5599,5600,5611,5623,5624,5632,5767,5768,5833,5836,5837,6180	1	3,4,5,6,7,8,9,10,11,12,13,14,15	585	585	971	15|1|0|0|0|1|0|0|0|0|0|0
GA	Anocar	LTR	Gypsy	DR0007229	NC_085842.1:73470313-73476731+	NC_085846.1:45384584-45391004-	33	41	0	148,151,152,163,175,176,184,319,320,385,388,389,44,5491,5508,5595,5598,5599,5610,5622,5623,5631,5766,5767,5832,5835,5836,61,6178,731	148,151,152,163,175,176,184,319,320,385,388,389,44,5492,5509,5596,5599,5600,5611,5623,5624,5632,5767,5768,5833,5836,5837,61,6180,732	2	1,2,3,4,5,6,7,8,9,10,11,12,13,14,15,19,20,21,22,23,24,25,26,27,28,29,30,31,32,33	1378	6137	6419	33|4|0|0|0|0|2|1|0|0|0|1
GA	Anocar	LTR	Gypsy	DR0007229	NC_085842.1:73470313-73476731+	NC_085846.1:45384584-45391004-	15	16	0	5491,5508,5595,5598,5599,5610,5622,5623,5631,5766,5767,5832,5835,5836,6178	148,151,152,163,175,176,184,319,320,385,388,389,44,61,732	1	1,2,3,4,5,6,7,8,9,10,11,12,13,14,15	689	689	971	15|1|0|0|0|0|0|0|0|0|0|0
GA	Anocar	LTR	Gypsy	DR0007229	NC_085842.1:73470313-73476731+	NC_085846.1:45384584-45391004-	15	16	0	148,151,152,163,175,176,184,319,320,385,388,389,44,61,731	5492,5509,5596,5599,5600,5611,5623,5624,5632,5767,5768,5833,5836,5837,6180	1	1,2,3,4,5,6,7,8,9,10,11,12,13,14,15	689	689	971	15|1|0|0|0|0|0|0|0|0|0|0
GA	Anocar	LTR	Gypsy	DR0007229	NC_085842.1:73470313-73476731+	NC_085846.1:27226591-27233011-	30	41	0	148,151,152,163,175,176,184,319,320,44,5491,5508,5595,5598,5599,5610,5622,5623,5631,5766,5767,61	148,151,152,163,175,176,184,319,320,44,5492,5509,5596,5599,5600,5611,5623,5624,5632,5767,5768,61	2	1,2,3,4,5,6,7,8,9,10,11,16,17,18,19,20,21,22,23,24,25,26	554	5725	6419	30|1|0|2|0|1|2|2|0|0|0|3
GA	Anocar	LTR	Gypsy	DR0007229	NC_085842.1:73470313-73476731+	NC_085846.1:27226591-27233011-	15	16	0	5491,5508,5595,5598,5599,5610,5622,5623,5631,5766,5767	148,151,152,163,175,176,184,319,320,44,61	1	1,2,3,4,5,6,7,8,9,10,11	277	277	971	15|0|0|0|0|0|0|0|0|0|0|1
GA	Anocar	LTR	Gypsy	DR0007229	NC_085842.1:73470313-73476731+	NC_085846.1:27226591-27233011-	15	16	0	148,151,152,163,175,176,184,319,320,44,61	5492,5509,5596,5599,5600,5611,5623,5624,5632,5767,5768	1	1,2,3,4,5,6,7,8,9,10,11	277	277	971	15|0|0|0|0|0|0|0|0|0|0|1
GA	Anocar	LTR	Gypsy	DR0007229	NC_085842.1:73470313-73476731+	NC_085845.1:205469974-205476394-	30	41	0	148,151,152,163,175,176,184,319,320,385,388,389,44,5491,5508,5595,5598,5599,5610,5622,5623,5631,5766,5767,5832,5835,5836,61	148,151,152,163,175,176,184,319,320,385,388,389,44,5492,5509,5596,5599,5600,5611,5623,5624,5632,5767,5768,5833,5836,5837,61	2	1,2,3,4,5,6,7,8,9,10,11,12,13,14,16,17,18,19,20,21,22,23,24,25,26,27,28,29	692	5794	6419	30|2|0|0|0|0|1|7|0|1|0|0
GA	Anocar	LTR	Gypsy	DR0007229	NC_085842.1:73470313-73476731+	NC_085845.1:205469974-205476394-	15	17	0	5491,5508,5595,5598,5599,5610,5622,5623,5631,5766,5767,5832,5835,5836	148,151,152,163,175,176,184,319,320,385,388,389,44,61	1	1,2,3,4,5,6,7,8,9,10,11,12,13,14	346	346	971	15|0|0|0|0|0|0|2|0|0|0|0
GA	Anocar	LTR	Gypsy	DR0007229	NC_085842.1:73470313-73476731+	NC_085845.1:205469974-205476394-	15	17	0	148,151,152,163,175,176,184,319,320,385,388,389,44,61	5492,5509,5596,5599,5600,5611,5623,5624,5632,5767,5768,5833,5836,5837	1	1,2,3,4,5,6,7,8,9,10,11,12,13,14	346	346	971	15|0|0|0|0|0|0|2|0|0|0|0
GA	Anocar	LTR	Gypsy	DR0007229	NC_085842.1:73470313-73476731+	NC_085845.1:181105941-181112361-	29	41	0	148,151,152,163,175,176,184,319,320,385,388,389,5508,5595,5598,5599,5610,5622,5623,5631,5766,5767,5832,5835,5836,61	148,151,152,163,175,176,184,319,320,385,388,389,5509,5596,5599,5600,5611,5623,5624,5632,5767,5768,5833,5836,5837,61	2	1,2,3,4,5,6,7,8,9,10,11,12,13,16,17,18,19,20,21,22,23,24,25,26,27,28	658	5777	6419	29|4|0|2|0|0|0|4|0|0|0|2
GA	Anocar	LTR	Gypsy	DR0007229	NC_085842.1:73470313-73476731+	NC_085845.1:181105941-181112361-	14	18	0	5508,5595,5598,5599,5610,5622,5623,5631,5766,5767,5832,5835,5836	148,151,152,163,175,176,184,319,320,385,388,389,61	1	1,2,3,4,5,6,7,8,9,10,11,12,13	329	329	971	14|1|0|1|0|0|0|1|0|0|0|1
GA	Anocar	LTR	Gypsy	DR0007229	NC_085842.1:73470313-73476731+	NC_085845.1:181105941-181112361-	14	18	0	148,151,152,163,175,176,184,319,320,385,388,389,61	5509,5596,5599,5600,5611,5623,5624,5632,5767,5768,5833,5836,5837	1	1,2,3,4,5,6,7,8,9,10,11,12,13	329	329	971	14|1|0|1|0|0|0|1|0|0|0|1
GA	Anocar	LTR	Gypsy	DR0007229	NC_085842.1:73470313-73476731+	NC_085844.1:245937657-245944077-	30	41	0	148,151,152,163,175,176,184,319,320,385,388,389,44,5491,5508,5595,5598,5599,5610,5622,5623,5631,5766,5767,5832,5835,5836,61	148,151,152,163,175,176,184,319,320,385,388,389,44,5492,5509,5596,5599,5600,5611,5623,5624,5632,5767,5768,5833,5836,5837,61	2	1,2,3,4,5,6,7,8,9,10,11,12,13,14,16,17,18,19,20,21,22,23,24,25,26,27,28,29	692	5794	6419	30|2|0|0|0|0|1|8|0|0|0|0
GA	Anocar	LTR	Gypsy	DR0007229	NC_085842.1:73470313-73476731+	NC_085844.1:245937657-245944077-	15	18	0	5491,5508,5595,5598,5599,5610,5622,5623,5631,5766,5767,5832,5835,5836	148,151,152,163,175,176,184,319,320,385,388,389,44,61	1	1,2,3,4,5,6,7,8,9,10,11,12,13,14	346	346	971	15|0|0|0|0|0|0|3|0|0|0|0
GA	Anocar	LTR	Gypsy	DR0007229	NC_085842.1:73470313-73476731+	NC_085844.1:245937657-245944077-	15	18	0	148,151,152,163,175,176,184,319,320,385,388,389,44,61	5492,5509,5596,5599,5600,5611,5623,5624,5632,5767,5768,5833,5836,5837	1	1,2,3,4,5,6,7,8,9,10,11,12,13,14	346	346	971	15|0|0|0|0|0|0|3|0|0|0|0
GA	Anocar	LTR	Gypsy	DR0007229	NC_085842.1:73470313-73476731+	NC_085843.1:139730739-139737159+	33	41	0	148,151,152,163,175,176,184,319,320,44,5491,5508,5595,5598,5599,5610,5622,5623,5631,5766,5767,61	148,151,152,163,175,176,184,319,320,44,5492,5509,5596,5599,5600,5611,5623,5624,5632,5767,5768,61	2	1,2,3,4,5,6,7,8,9,10,11,19,20,21,22,23,24,25,26,27,28,29	554	5725	6419	33|4|0|0|0|0|1|2|0|1|0|0
GA	Anocar	LTR	Gypsy	DR0007229	NC_085842.1:73470313-73476731+	NC_085843.1:139730739-139737159+	15	16	0	5491,5508,5595,5598,5599,5610,5622,5623,5631,5766,5767	148,151,152,163,175,176,184,319,320,44,61	1	1,2,3,4,5,6,7,8,9,10,11	277	277	971	15|1|0|0|0|0|0|0|0|0|0|0
GA	Anocar	LTR	Gypsy	DR0007229	NC_085842.1:73470313-73476731+	NC_085843.1:139730739-139737159+	15	16	0	148,151,152,163,175,176,184,319,320,44,61	5492,5509,5596,5599,5600,5611,5623,5624,5632,5767,5768	1	1,2,3,4,5,6,7,8,9,10,11	277	277	971	15|1|0|0|0|0|0|0|0|0|0|0
GA	Anocar	LTR	Gypsy	DR0007229	NC_085842.1:282113872-282120291+	NC_085844.1:79281817-79288236-	10	22	0	241,2893,5310,5691,6163,6238,6293,713,788,843	241,2893,5310,5691,6163,6238,6293,713,788,843	2	1,2,3,4,5,6,7,8,9,10	6054	6053	6419	10|3|0|0|0|2|4|3|0|0|0|0
