GA	Allmis	LTR	ERV4	LT-46_AMi-I	JH732173:647251-649560+	JH736715:101760-102395-	29	61	0	1834,1835,1840,1851,1861,1992,2008,2037,2050,2061	168,169,174,185,195,327,343,364,377,388	2	7,8,9,10,11,21,22,23,24,25	90	221	639	29|6|0|0|0|0|2|17|0|3|3|1
GA	Allmis	LTR	ERV4	LT-47_AMi-I	JH731173:78417-79177-	JH735394:57888-58569-	23	44	0	493,510,513,517,548,595,640,648,650,652,654,657	257,274,277,281,312,358,403,411,413,415,417,420	2	8,9,10,11,12,13,14,15,16,17,18,19	165	164	523	23|8|2|0|1|1|3|5|0|0|1|0
GA	Allmis	LTR	ERV4	LT46B_AMi-LTR	JH731216:619149-619906-	JH733136:13562-14404+	15	28	0	200,209,220,264,292,294,332,347,351,353,357	201,210,221,265,293,295,333,348,352,354,358	1	3,4,5,6,7,8,9,10,11,12,13	158	158	427	15|2|0|1|1|0|1|4|0|1|0|2
GA	Allmis	LTR	ERV4	LT46D_AMi-LTR	JH731264:313477-314200+	JH734483:155505-156236-	34	76	0	149,162,163,166,190,197,201,274,276,277,294,296,299,310,316	150,163,164,167,191,198,202,275,277,278,295,297,300,311,317	2	5,6,7,8,9,10,11,16,17,18,19,20,21,22,23	96	168	727	34|16|1|2|2|0|6|6|4|1|1|3
GA	Allmis	LTR	ERV4	LT-47_AMi-I	JH731256:737828-738663+	JH737430:226138-228061+	25	74	0	24,33,360,367,375,389,391,42,46,51	239,248,257,261,266,575,582,590,604,606	2	1,2,3,4,5,18,19,20,21,22	60	368	566	25|13|1|2|0|0|17|9|1|3|1|1
GA	Allmis	LTR	ERV4	LT-47_AMi-I	JH731293:33186-33768+	JH733693:38584-40570+	21	43	0	168,171,226,236,238,276,277,294,309,322	1574,1577,1632,1642,1644,1680,1681,1698,1713,1726	2	3,4,5,6,7,10,11,12,13,14	118	153	538	21|3|1|0|0|1|9|6|0|0|2|0
GA	Allmis	LTR	ERV4	LT-47_AMi-I	JH731303:228069-229021+	JH739407:115884-117008+	17	46	0	691,711,714,715,716,885,891,901,910,916	1009,1015,1025,1034,1040,815,835,838,839,840	2	2,3,4,5,6,13,14,15,16,17	58	226	278	17|7|0|1|2|1|8|7|1|0|2|0
GA	Allmis	LTR	ERV4	LT46B_AMi-LTR	JH731437:551551-552396-	JH733136:13562-14404+	29	75	0	349,352,353,355,359,629,654,667,693,706	348,351,352,354,358,624,649,662,688,701	2	10,11,12,13,14,21,22,23,24,25	89	354	822	29|13|1|1|4|1|4|14|0|1|3|3
GA	Allmis	LTR	ERV4	LT46D_AMi-LTR	JH731460:29518-30263+	JH734483:155505-156236-	31	86	0	163,164,167,191,198,202,305,307,308,310,323,329,547,576,580,600,604	163,164,167,191,198,202,295,297,298,300,311,317,534,562,566,586,590	3	5,6,7,8,9,10,14,15,16,17,18,19,24,25,26,27,28	120	428	738	31|13|4|4|2|3|12|6|5|1|2|3
GA	Allmis	LTR	ERV4	LT-47_AMi-I	JH731582:208654-209342+	JH735394:57888-58569-	32	60	0	225,260,277,280,284,406,414,416,418,420,423	222,257,274,277,281,403,411,413,415,417,420	2	12,13,14,15,16,20,21,22,23,24,25	78	199	683	32|10|0|0|0|2|6|8|1|0|0|0
GA	Allmis	LTR	ERV4	LT-47_AMi-I	JH731736:254667-256873-	JH734309:346150-347454+	50	130	0	1088,1115,1116,1139,1148,1916,1923,1924,1934,1936	1110,1117,1118,1128,1130,284,311,312,335,344	2	11,12,13,14,15,40,41,42,43,44	82	847	1300	50|21|3|3|3|2|19|18|4|3|0|2
GA	Allmis	LTR	ERV4	SFV1-10_AMi-I	JH734884:304800-306420-	JH738474:110549-112202+	41	115	0	144,149,170,173,177,632,634,637,642,644	143,148,169,172,176,631,633,636,641,643	2	5,6,7,8,9,34,35,36,37,38	47	501	704	41|27|0|3|4|3|18|11|2|5|0|1
GA	Allmis	LTR	ERV4	SFV1-10_AMi-I	JH734884:304800-306420-	JH737886:22068-23805+	38	99	0	1002,1003,1004,1476,1479,1488,1492,1494,978,979,981,988	1437,1440,1449,1453,1455,938,939,941,948,962,963,964	2	4,5,6,7,8,9,10,34,35,36,37,38	46	518	584	38|18|0|0|2|3|17|15|3|1|1|1
GA	Allmis	LTR	ERV4	LT-47_AMi-I	JH732035:330384-332143-	JH732571:525141-527338+	27	64	0	179,181,184,185,192,469,470,473,478,485,489,491	636,638,641,642,649,939,940,943,948,955,959,961	2	7,8,9,10,11,21,22,23,24,25,26,27	37	326	511	27|6|2|2|3|1|9|7|0|4|0|2
GA	Allmis	LTR	ERV4	LT46D_AMi-LTR	JH732387:859518-860253+	JH734483:155505-156236-	37	90	0	161,162,165,189,196,200,273,275,276,293,295,296,298,315	163,164,167,191,198,202,275,277,278,295,297,298,300,317	2	5,6,7,8,9,10,15,16,17,18,19,20,21,22	83	155	733	37|18|4|3|0|2|6|9|7|1|2|1
GA	Allmis	LTR	ERV4	LTR-367_AMi	JH733013:551070-551983+	JH738869:121871-122816-	19	49	0	121,127,129,387,392,422,447,454,65,90	121,127,129,387,392,422,447,454,65,90	2	1,2,3,4,5,9,10,11,12,13	133	390	913	19|2|0|1|1|2|7|16|0|0|0|0
GA	Allmis	LTR	ERV4	LT-47_AMi-I	JH732254:150631-151816-	JH733769:329566-330617+	62	183	0	312,313,317,320,329,330,331,335,638,640,641,643,644	312,313,317,320,329,330,331,335,638,640,641,643,644	2	20,21,22,23,24,25,26,27,44,45,46,47,48	31	333	854	62|25|2|3|7|1|36|28|3|4|5|6
GA	Allmis	LTR	ERV4	SFV1-12D_AMi-I	JH731031:124712-127090+	JH732405:691814-692607+	23	58	0	1934,1935,1936,1939,1940,2061,2063,2064,2068,2069	339,340,341,344,345,462,464,465,469,470	2	1,2,3,4,5,10,11,12,13,14	16	132	494	23|4|0|1|1|1|13|12|1|0|2|0
GA	Allmis	LTR	ERV4	SFV1-12D_AMi-I	JH731137:104522-106880+	JH732405:691814-692607+	25	59	0	1916,1917,1918,1921,1922,2102,2104,2107,2111,2113,2115,2117	339,340,341,344,345,530,533,536,540,542,544,546	2	1,2,3,4,5,15,16,17,18,19,20,21	24	208	492	25|5|2|0|0|4|9|9|0|2|3|0
GA	Allmis	LTR	ERV4	SFV1-13_AMi-I	JH731003:1113767-1114035+	JH737047:67755-69165-	21	26	0	104,105,107,110,112,114,120,124,140,141,153,170,176,177,185,224,98	531,537,538,540,543,545,547,553,557,573,574,586,603,609,610,618,657	1	5,6,7,8,9,10,11,12,13,14,15,16,17,18,19,20,21	127	127	268	21|1|0|0|0|1|3|0|0|0|0|0
GA	Allmis	LTR	ERV4	SFV1-13_AMi-I	JH731041:96832-98408+	JH737439:86470-88420-	87	186	0	175,177,178,180,195,196,197,198,22,23,24,25,403,404,405,407,408,425,427,428,429,64,65,67,822,829,866,875,877	179,181,182,184,195,196,197,198,22,23,24,25,403,404,405,407,408,426,428,429,430,64,65,67,821,828,867,876,878	4	1,2,3,4,5,6,7,11,12,13,14,15,16,17,18,34,35,36,37,38,39,40,41,42,53,54,55,56,57	152	857	1575	87|14|3|3|1|5|35|23|0|3|11|0
GA	Allmis	LTR	ERV4	SFV1-13_AMi-I	JH731041:96832-98408+	JH732970:1101249-1102832+	83	202	0	190,191,193,195,197,22,23,24,25,299,303,311,314,316,32,496,497,499,500,501,503	197,198,200,202,204,22,23,24,25,294,298,306,309,311,32,490,491,493,494,495,497	4	3,4,5,6,7,14,15,16,17,18,23,24,25,26,27,37,38,39,40,41,42	45	476	1571	83|22|2|3|2|7|44|21|3|2|8|4
GA	Allmis	LTR	ERV4	LT46D_AMi-LTR	JH732595:98376-99107-	JH734483:155505-156236-	37	76	0	295,297,298,300,311,317,534,562,566,586,590	295,297,298,300,311,317,534,562,566,586,590	2	17,18,19,20,21,22,31,32,33,34,35	80	296	731	37|13|2|3|1|0|3|8|2|2|3|1
GA	Allmis	LTR	ERV4	SFV1-13_AMi-I	JH731041:96832-98408+	JH735343:300293-301615+	58	119	0	1203,1223,1224,1229,1231,1234,1240,1469,1484,1490,1524,1528,822,829,866,875,877,878	1052,1067,1073,1107,1111,406,413,450,459,461,462,786,806,807,812,814,817,823	3	22,23,24,25,26,27,40,41,42,43,44,45,46,54,55,56,57,58	155	706	1116	58|14|4|2|1|5|9|14|1|2|5|2
GA	Allmis	LTR	ERV4	SFV1-13_AMi-I	JH731041:96832-98408+	JH737364:69084-70907-	55	145	0	135,136,138,140,157,159,190,191,193,195,196,197,554,596,598,599,600	135,136,138,140,157,159,197,198,200,202,203,204,548,590,592,593,594	3	9,10,11,12,13,14,15,16,17,18,19,20,31,32,33,34,35	118	460	1114	55|16|2|3|2|3|34|14|1|1|8|3
GA	Allmis	LTR	ERV4	SFV1-13_AMi-I	JH731210:214986-216086+	JH736051:148039-150039+	30	76	0	339,340,346,361,379,751,757,759,777,781	1105,1111,1113,1131,1135,710,711,717,732,750	2	5,6,7,8,9,20,21,22,23,24	72	426	1084	30|11|1|0|2|0|12|9|5|1|2|1
GA	Allmis	LTR	ERV4	SFV1-13_AMi-I	JH731210:214986-216086+	JH733438:132918-134518-	54	108	0	318,330,361,371,372,379,392,394,398,578,579,588,595,605	1048,1049,1058,1065,1075,788,800,831,841,842,849,862,864,868	2	15,16,17,18,19,20,21,22,23,32,33,34,35,36	109	288	1098	54|15|1|1|4|2|11|12|2|0|4|1
GA	Allmis	LTR	ERV4	SFV1-13_AMi-I	JH731210:214986-216086+	JH736112:7666-9426+	68	106	0	102,150,157,161,162,171,172,174,175,260,275,285,307,318,32,330,339,340,361,371,372,392,398,452,458,465,471,474,495,5,57,781,783,785,793,795,805,84,98	1254,1256,1258,1266,1268,1278,483,510,535,562,576,580,628,635,639,640,649,650,652,653,738,753,763,785,796,808,817,818,839,849,850,870,876,930,936,943,949,952,973	6	1,2,3,4,5,6,12,13,14,15,16,17,18,19,21,22,23,24,25,26,27,28,29,30,31,32,33,38,39,40,41,42,43,51,52,53,54,55,56	333	796	1096	68|9|3|0|5|0|7|10|1|0|2|0
GA	Allmis	LTR	ERV4	SFV1-13_AMi-I	JH731210:214986-216086+	JH733829:441590-443620+	55	107	0	471,480,487,494,495,571,579,588,605,630,649	770,779,786,793,794,870,878,887,904,929,948	2	19,20,21,22,23,26,27,28,29,30,31	104	179	1095	55|12|1|0|3|3|15|8|5|3|2|0
GA	Allmis	LTR	ERV4	SFV1-13_AMi-I	JH731210:214986-216086+	JH736342:5310-6616+	37	94	0	751,754,781,783,785,937,955,956,962,974	1032,1035,1062,1064,1066,1218,1236,1237,1243,1255	2	25,26,27,28,29,33,34,35,36,37	73	224	1020	37|11|2|3|3|1|12|12|7|1|2|2
GA	Allmis	LTR	ERV4	SFV1-13_AMi-I	JH731210:214986-216086+	JH732397:416461-417969-	51	93	0	150,153,157,162,171,174,175,179,260,275,285,300,318,330	631,634,638,643,652,655,656,660,741,756,766,781,799,811	2	5,6,7,8,9,10,11,12,14,15,16,17,18,19	101	181	1013	51|16|1|0|2|0|10|9|2|0|2|0
GA	Allmis	LTR	ERV4	SFV1-13_AMi-I	JH731210:214986-216086+	JH735272:170248-171677+	45	95	0	1044,1058,1061,1063,1084,150,153,157,171,172,174,175,179,777,781,783,785,793	48,51,55,675,679,681,683,69,691,70,72,73,77,943,957,960,962,983	3	4,5,6,7,8,9,10,11,29,30,31,32,33,41,42,43,44,45	88	936	998	45|13|0|0|5|1|11|14|3|0|3|0
GA	Allmis	LTR	ERV4	SFV1-13_AMi-I	JH731210:214986-216086+	JH734158:99868-101351+	43	91	0	157,161,171,172,174,175,339,361,367,371,372,398	646,650,660,661,663,664,828,850,856,860,861,887	2	7,8,9,10,11,12,18,19,20,21,22,23	79	242	992	43|7|1|1|4|1|12|14|3|1|4|0
GA	Allmis	LTR	ERV4	SFV1-13_AMi-I	JH731210:214986-216086+	JH736990:97190-99315-	73	127	0	102,1048,1050,1058,1063,1084,118,120,157,161,162,171,172,174,175,177,542,544,549,550,552,553,588,605,615,622,630,754,757,759,760,777,781,783,785,84,98	1031,1033,1038,1039,1041,1042,1077,1094,1104,1111,1119,1243,1246,1248,1249,1266,1270,1272,1274,1538,1540,1548,1553,1574,573,587,591,607,609,646,650,651,660,661,663,664,666	6	4,5,6,7,8,10,11,12,13,14,15,16,17,37,38,39,40,41,42,44,45,46,47,48,50,51,52,53,54,55,56,57,69,70,71,72,73	182	1002	1098	73|16|2|2|6|1|6|14|4|0|3|0
GA	Allmis	LTR	ERV4	SFV1-13_AMi-I	JH731210:214986-216086+	JH739617:371791-373996-	76	130	0	102,114,116,118,120,150,153,157,161,162,172,180,212,318,330,339,341,361,371,372,392,394,471,472,477,479,480,495,51,57,72,729,754,757,760,767,769,777,781,783,785,795,805,84,98	1202,1227,1230,1233,1240,1242,1250,1254,1256,1258,1268,1278,528,534,549,561,575,579,591,593,595,597,627,630,634,638,639,649,657,686,792,804,813,815,835,845,846,866,868,944,945,950,952,953,968	5	4,5,6,7,8,9,10,11,12,13,14,15,16,17,18,19,20,21,27,28,29,30,31,32,33,34,35,40,41,42,43,44,45,52,53,54,55,56,57,58,59,60,61,62,63	339	751	1096	76|12|1|1|5|5|9|14|3|0|3|1
GA	Allmis	LTR	ERV4	SFV1-13_AMi-I	JH731210:214986-216086+	JH733354:140509-142084+	58	109	0	150,153,157,174,175,318,361,367,371,372,383,783,785,793,795,805	1262,1264,1272,1274,1284,653,656,660,677,678,820,863,869,873,874,885	3	10,11,12,13,14,19,20,21,22,23,24,43,44,45,46,47	115	632	1081	58|20|2|2|4|0|11|8|1|1|2|0
GA	Allmis	LTR	ERV4	SFV1-13_AMi-I	JH731210:214986-216086+	JH737633:135276-136813+	71	122	0	1000,1006,1012,1027,150,153,157,161,171,172,174,175,346,361,372,379,395,398,452,477,479,480,481,729,749,751,754,757,760,767,769,781,783,785,793,795,805,901,905,911,931,937,962,974	1218,1238,1240,1243,1246,1249,1256,1258,1270,1272,1274,1282,1284,1294,1390,1394,1400,1420,1426,1451,1463,1490,1496,1502,1517,639,642,646,650,660,661,663,664,835,850,861,868,884,887,941,966,968,969,970	6	7,8,9,10,11,12,13,14,21,22,23,24,25,26,28,29,30,31,32,42,43,44,45,46,47,48,49,50,51,52,53,54,55,61,62,63,64,65,66,67,68,69,70,71	315	879	1045	71|12|1|3|5|2|8|14|3|1|2|0
GA	Allmis	LTR	ERV4	SFV1-13_AMi-I	JH731210:214986-216086+	JH732970:1101249-1102832+	88	135	0	1000,1006,1012,1058,1061,1063,1084,1093,26,28,30,32,361,367,371,372,383,471,472,474,477,479,480,481,57,72,754,757,759,760,767,769,781,783,785,793,795,805,901,905,906,931,937,962	1228,1231,1233,1234,1241,1243,1255,1257,1259,1267,1269,1279,1375,1379,1380,1405,1411,1436,1475,1481,1487,1533,1536,1538,1559,1568,502,504,506,508,531,546,835,841,845,846,857,945,946,948,951,953,954,955	7	1,2,3,4,5,6,22,23,24,25,26,35,36,37,38,39,40,41,58,59,60,61,62,63,64,65,66,67,68,69,74,75,76,77,78,79,80,81,82,84,85,86,87,88	281	1067	1080	88|15|3|0|5|1|7|11|3|0|2|0
GA	Allmis	LTR	ERV4	SFV1-13_AMi-I	JH731210:214986-216086+	AKHW01036425:0-1143+	40	83	0	1044,1058,1061,1063,1071,452,457,472,474,495,749,751,754,783,785,795,906,911,937,946,956	262,267,282,284,305,559,561,564,593,595,605,716,721,747,756,766,855,869,872,874,882	4	9,10,11,12,13,23,24,25,26,27,28,30,31,32,33,34,36,37,38,39,40	170	621	910	40|10|0|0|3|0|12|9|5|0|2|2
GA	Allmis	LTR	ERV4	SFV1-13_AMi-I	JH731210:214986-216086+	JH732157:39045-40733+	89	139	0	102,1044,1048,1050,1058,1061,1063,1084,150,153,157,161,162,171,172,174,175,26,28,30,32,361,367,371,372,398,474,477,479,480,481,57,605,615,619,620,621,622,630,649,72,740,754,757,760,767,769,781,783,785,793,795,805,832,833,84,848,851,863,880,98	1093,1103,1107,1108,1109,1110,1118,1137,1224,1238,1241,1244,1251,1253,1265,1267,1269,1277,1279,1289,1316,1317,1332,1335,1347,1364,1530,1534,1536,1544,1547,1549,1570,515,517,519,521,546,561,573,587,591,639,642,646,650,651,659,660,662,663,849,855,859,860,886,962,965,967,968,969	8	1,2,3,4,5,6,7,8,9,11,12,13,14,15,16,17,18,19,25,26,27,28,29,36,37,38,39,40,48,49,50,51,52,53,54,55,57,58,59,60,61,62,63,64,65,66,67,68,70,71,72,73,74,75,83,84,85,86,87,88,89	349	1056	1096	89|13|1|0|5|2|11|10|3|1|3|1
GA	Allmis	LTR	ERV4	SFV1-13_AMi-I	JH731210:214986-216086+	JH736241:1279566-1280918-	32	72	0	318,327,339,361,398,781,783,785,793,795,805	1269,1271,1273,1281,1283,1293,806,815,827,849,886	2	9,10,11,12,13,27,28,29,30,31,32	106	488	862	32|13|1|0|1|0|10|8|5|0|2|0
GA	Allmis	LTR	ERV4	SFV1-13_AMi-I	JH731210:214986-216086+	JH732202:30635-32300+	86	137	0	1000,1012,102,161,162,171,172,174,175,177,179,26,28,30,32,330,361,367,371,372,379,394,395,398,57,72,740,754,757,759,760,767,769,781,783,785,793,795,805,84,901,906,932,937,955,956,962,98,986	1233,1247,1250,1252,1253,1260,1262,1274,1276,1278,1286,1288,1298,1394,1399,1425,1430,1448,1449,1455,1479,1495,1507,516,518,520,522,547,562,574,588,592,651,652,661,662,664,665,667,669,820,851,857,861,862,869,884,885,888	6	2,3,4,5,6,7,8,9,10,14,15,16,17,18,19,20,21,27,28,29,30,31,32,33,34,35,53,54,55,56,57,58,59,60,61,62,63,64,65,72,73,74,75,76,77,78,79,80,81	346	992	1100	86|16|2|0|6|3|9|12|1|0|2|0
GA	Allmis	LTR	ERV4	SFV1-13_AMi-I	JH731210:214986-216086+	JH737439:86470-88420-	97	148	0	1012,1027,1044,1058,1061,1063,1084,339,346,361,367,371,372,383,392,394,398,452,471,472,474,477,479,480,481,487,494,495,542,543,544,549,550,553,578,579,588,605,615,618,620,622,760,767,781,783,785,793,795,901,905,906,911,937	1026,1027,1028,1033,1034,1037,1062,1063,1072,1089,1099,1102,1104,1106,1242,1249,1263,1265,1267,1275,1277,1383,1387,1388,1393,1419,1495,1510,1527,1541,1544,1546,1567,821,828,843,851,855,856,867,876,878,882,936,955,956,958,961,963,964,965,971,978,979	7	21,22,23,24,25,26,27,28,29,30,35,36,37,38,39,40,41,42,43,44,45,47,48,49,50,51,52,55,56,57,58,59,60,61,62,70,71,72,73,74,75,76,84,85,86,87,88,91,92,93,94,95,96,97	309	747	1096	97|8|3|2|5|1|9|14|1|2|6|0
GA	Allmis	LTR	ERV4	SFV1-13_AMi-I	JH731210:214986-216086+	JH735343:300293-301615+	126	183	0	1000,1006,1012,102,1044,1058,1061,1063,1079,1084,1093,150,153,157,161,162,172,174,175,177,179,180,26,28,30,32,339,346,361,367,371,372,38,383,392,394,395,398,471,472,477,479,480,481,494,495,5,51,569,57,571,578,579,588,605,615,72,740,741,746,748,749,75,751,754,757,759,760,84,901,905,906,911,937,946,98	100,1003,1012,106,1067,1073,1079,1111,1125,1128,1130,1146,1151,1160,119,125,140,143,152,166,170,218,221,225,229,230,239,241,242,244,246,247,406,413,428,434,438,439,450,459,461,462,465,537,538,543,545,546,547,560,561,635,637,644,645,654,671,681,73,806,807,812,814,815,817,820,823,825,826,94,96,967,971,972,977,98	8	1,2,3,4,5,6,7,8,9,10,11,12,13,19,20,21,22,23,24,25,26,27,28,29,43,44,45,46,47,48,49,50,51,52,53,59,60,61,62,63,64,65,66,74,75,76,77,78,79,80,89,90,91,92,93,94,95,96,97,98,110,111,112,113,114,115,117,118,119,120,121,122,123,124,125,126	421	1088	1097	126|12|4|2|7|3|6|13|3|0|4|2
GA	Allmis	LTR	ERV4	SFV1-13_AMi-I	JH731210:214986-216086+	JH734113:292973-294265+	44	87	0	150,153,157,174,179,180,318,327,361,392,394,452,465,479,481,494,495,741,749,751,781,783,785,805	1205,1213,1215,1245,1247,1249,1269,622,625,629,646,651,652,785,794,828,855,857,916,929,943,945,958,959	4	7,8,9,10,11,12,16,17,18,19,20,25,26,27,28,29,30,37,38,39,40,41,42,43	213	648	822	44|11|2|1|6|2|8|7|2|2|1|1
GA	Allmis	LTR	ERV4	SFV1-13_AMi-I	JH731210:214986-216086+	JH733809:263056-264312+	24	48	0	1048,1050,1058,1061,1084,816,851,855,859,860	345,380,384,388,389,573,575,583,586,609	2	12,13,14,15,16,20,21,22,23,24	82	265	623	24|8|0|1|2|1|5|3|1|1|2|0
GA	Allmis	LTR	ERV4	SFV1-13_AMi-I	JH731210:214986-216086+	JH732514:327274-328399-	45	65	0	153,161,162,164,177,179,180,361,367,371,372,379,395,398,443,452,471,472,474	631,639,640,642,655,657,658,839,845,849,850,857,873,876,921,930,949,950,952	3	8,9,10,11,12,13,14,21,22,23,24,25,26,27,30,31,32,33,34	98	322	643	45|4|1|0|0|0|5|4|2|0|3|1
GA	Allmis	LTR	ERV4	SFV1-13_AMi-I	JH731210:214986-216086+	JH739720:39577-41375-	29	64	0	150,153,161,162,174,175,177,179,180,452,458,471,480,481,495	406,409,417,418,430,431,433,435,436,708,714,727,736,737,751	2	7,8,9,10,11,12,13,14,15,22,23,24,25,26,27	75	346	633	29|10|1|0|1|0|9|10|1|0|3|0
GA	Allmis	LTR	ERV4	SFV1-13_AMi-I	JH731210:214986-216086+	JH733072:391080-392734-	39	70	0	102,116,120,157,161,162,172,174,175,177,179,28,30,32,51,57,84,98	507,509,511,530,536,563,577,581,595,599,636,640,641,650,652,653,655,657	2	2,3,4,5,6,7,8,9,10,11,12,13,14,15,16,17,18,19	152	151	632	39|6|1|0|2|0|7|9|1|0|3|0
GA	Allmis	LTR	ERV4	SFV1-13_AMi-I	JH731210:214986-216086+	JH737364:69084-70907-	58	88	0	102,114,116,117,118,120,150,153,157,161,162,175,367,371,372,392,394,398,452,458,465,471,472,474,477,479,480,481,487,495,72,84,98	548,560,574,578,590,592,593,594,596,626,629,633,637,638,651,843,847,848,868,870,874,928,934,941,947,948,950,953,955,956,957,963,971	4	3,4,5,6,7,8,9,10,11,14,15,16,17,18,19,30,31,32,33,34,35,40,41,42,43,44,45,46,47,48,49,50,51	151	424	633	58|9|1|0|1|0|4|9|1|0|4|1
GA	Allmis	LTR	ERV4	SFV1-13_AMi-I	JH731210:214986-216086+	JH737364:69084-70907-	38	58	0	1050,1058,1061,1063,1071,1084,1093,754,757,759,760,767,769,773,781,783,785,793,795,805	1388,1391,1393,1394,1401,1403,1407,1415,1417,1419,1427,1429,1439,1685,1693,1696,1698,1706,1719,1728	3	5,6,7,8,9,10,11,12,13,14,15,16,17,32,33,34,35,36,37,38	97	341	405	38|7|0|0|1|3|4|5|0|0|0|0
GA	Allmis	LTR	ERV4	SFV1-13_AMi-I	JH731210:214986-216086+	JH734448:730001-732000-	40	72	0	102,114,116,117,118,120,150,153,157,161,162,174,28,30,32,57,72,84,98	506,508,510,535,550,562,576,580,592,594,595,596,598,628,631,635,639,640,652	2	1,2,3,4,5,6,7,8,9,10,11,12,13,14,15,16,17,18,19	148	147	626	40|6|2|0|2|1|6|10|1|0|4|0
GA	Allmis	LTR	ERV4	SFV1-13_AMi-I	JH731210:214986-216086+	JH733995:231086-232026+	20	38	0	150,157,171,172,174,175,330,339,341,361,371,372	626,633,647,648,650,651,806,815,817,837,847,848	2	4,5,6,7,8,9,12,13,14,15,16,17	69	223	460	20|1|1|0|1|0|5|6|2|0|2|0
GA	Allmis	LTR	ERV4	SFV1-13_AMi-I	JH731210:214986-216086+	JH737047:67755-69165-	72	97	0	102,120,150,153,157,161,162,164,172,174,175,177,179,180,26,28,30,32,367,371,372,379,38,392,394,395,398,465,471,472,474,477,479,480,481,487,494,495,508,51,537,543,544,549,550,552,553,57,72,84,98	104,117,123,138,150,164,168,186,216,219,223,227,228,230,238,240,241,243,245,246,433,437,438,445,458,460,461,464,531,537,538,540,543,545,546,547,553,560,561,574,603,609,610,615,616,618,619,92,94,96,98	6	1,2,3,4,5,6,7,8,9,10,11,12,15,16,17,18,19,20,21,22,23,24,25,26,37,38,39,40,41,42,43,44,48,49,50,51,52,53,54,55,56,57,58,59,61,62,63,64,65,66,67	220	528	631	72|6|1|1|2|0|2|10|0|0|3|0
GA	Allmis	LTR	ERV4	SFV1-13_AMi-I	JH731210:214986-216086+	JH737047:67755-69165-	36	53	0	1048,1050,1058,1061,1063,759,760,767,769,781,783,785,793,795,805	1005,1007,1009,1017,1019,1029,1272,1274,1282,1285,1287,983,984,991,993	2	7,8,9,10,11,12,13,14,15,16,31,32,33,34,35	63	305	405	36|4|0|0|0|3|4|5|0|0|1|0
GA	Allmis	LTR	ERV4	SFV1-13_AMi-I	JH731210:214986-216086+	JH735011:592006-592720+	22	36	0	1012,1044,1048,1050,1058,1063,749,751,754,783,785,795	22,24,27,286,323,327,329,337,342,56,58,68	2	1,2,3,4,5,6,16,17,18,19,20,21	104	321	376	22|5|0|0|1|0|3|5|0|0|0|0
GA	Allmis	LTR	ERV4	SFV1-13_AMi-I	JH731210:214986-216086+	JH733684:1128651-1129867+	33	53	0	1044,1048,1050,1058,1061,1063,1084,777,781,783,785,793,851,855,858,859,860	307,311,313,315,323,381,385,388,389,390,574,578,580,588,591,593,614	3	9,10,11,12,13,14,15,16,17,18,27,28,29,30,31,32,33	126	308	404	33|7|0|0|0|3|4|5|0|0|1|0
GA	Allmis	LTR	ERV4	SFV1-13_AMi-I	JH731210:216294-217429-	JH735011:592006-592720+	39	65	0	611,615,619,621,629,669,744,749,757,766,775,802	319,323,327,329,337,377,452,457,465,474,483,510	2	12,13,14,15,16,17,23,24,25,26,27,28	118	192	642	39|4|2|1|2|0|5|9|0|0|1|1
GA	Allmis	LTR	ERV4	SFV1-13_AMi-I	JH731210:216294-217429-	AKHW01036425:0-1143+	42	65	0	611,615,629,632,642,669,679,683,749,753,755,756,757,763,765,766,775,798,802,849,854,859,860,861,864,866	1003,1005,1006,1015,1038,1042,1089,1093,1098,1099,1100,1103,1105,851,855,869,872,882,909,920,923,989,993,995,996,997	3	9,10,11,12,13,14,15,16,20,21,22,23,24,25,26,27,28,29,30,33,34,35,36,37,38,39	144	255	534	42|2|0|1|3|0|3|9|0|0|2|2
GA	Allmis	LTR	ERV4	SFV1-13_AMi-I	JH731210:216294-217429-	JH734448:730001-732000-	59	82	0	619,629,655,657,659,669,679,681,683,688,694,709,711,713,719,744,749,757,761,763,765,766,775,777,778,779,781,784,802,826,859,860,861,869,871	1671,1681,1707,1709,1711,1721,1731,1733,1735,1742,1748,1763,1765,1767,1773,1798,1803,1811,1815,1817,1819,1820,1830,1832,1833,1834,1836,1839,1857,1881,1903,1904,1905,1913,1915	3	14,15,16,17,18,19,20,21,22,23,24,25,26,27,28,33,34,35,36,37,38,39,40,41,42,43,44,45,46,47,48,49,50,51,52	222	245	587	59|3|0|2|3|0|4|8|0|1|0|1
GA	Allmis	LTR	ERV4	SFV1-13_AMi-I	JH731210:216294-217429-	JH736990:97190-99315-	38	57	0	476,480,481,492,512,619,621,629,655,657,659,744,749,753,755,756,757,761,763,765,766,778,784	1390,1394,1395,1406,1426,1538,1540,1548,1574,1576,1578,1663,1668,1672,1674,1675,1676,1680,1682,1684,1685,1696,1702	3	6,7,8,9,10,14,15,16,17,18,19,27,28,29,30,31,32,33,34,35,36,37,38	118	313	435	38|2|0|1|1|0|0|10|1|0|2|2
GA	Allmis	LTR	ERV4	SFV1-13_AMi-I	JH731210:216294-217429-	JH734488:248625-249461+	34	54	0	629,655,657,659,669,679,681,688,694,697,704,709,756,761,763,765,766,770,772,784,787,790,791,798,802	207,233,235,237,247,258,260,266,272,275,282,287,334,339,341,343,344,348,350,362,365,368,369,376,380	3	7,8,9,10,11,12,13,14,15,16,17,18,21,22,23,24,25,26,27,28,29,30,31,32,33	129	174	421	34|4|2|0|0|1|2|6|1|0|1|3
GA	Allmis	LTR	ERV4	SFV1-13_AMi-I	JH731210:216294-217429-	JH739720:39577-41375-	23	44	0	619,621,632,659,664,669,679,683,688,693,694,697,719	1458,1460,1471,1498,1503,1508,1518,1522,1527,1532,1533,1536,1558	1	10,11,12,13,14,15,16,17,18,19,20,21,22	101	101	365	23|6|0|1|1|2|2|8|0|0|0|1
GA	Allmis	LTR	ERV4	SFV1-13_AMi-I	JH731210:216294-217429-	JH734362:443588-444212-	29	55	0	629,657,659,669,683,688,722,731,734,736,737	298,326,328,338,351,357,391,400,403,405,406	2	12,13,14,15,16,17,22,23,24,25,26	76	109	394	29|5|0|2|2|2|3|8|2|0|1|1
GA	Allmis	LTR	ERV4	SFV1-13_AMi-I	JH731210:216294-217429-	JH732970:1101249-1102832+	23	36	0	476,480,481,492,506,512,629,632,655,657,659,664,669	1375,1379,1380,1391,1405,1411,1533,1536,1559,1561,1563,1568,1573	2	7,8,9,10,11,12,17,18,19,20,21,22,23	78	199	314	23|1|0|1|1|0|2|7|0|0|0|1
GA	Allmis	LTR	ERV4	SFV1-13_AMi-I	JH731210:216294-217429-	JH737439:86470-88420-	32	47	0	476,480,481,486,492,512,611,615,629,632,655,657,659,669,679,681,683,688,693,694,704	1383,1387,1388,1393,1399,1419,1523,1527,1541,1544,1567,1569,1571,1581,1591,1593,1595,1600,1605,1606,1616	2	9,10,11,12,13,14,18,19,20,21,22,23,24,25,26,27,28,29,30,31,32	131	234	344	32|2|0|1|0|1|2|7|0|0|1|1
GA	Allmis	LTR	ERV4	SFV1-13_AMi-I	JH731210:216294-217429-	JH737439:86470-88420-	35	49	0	103,137,138,139,145,148,161,164,66,67,69,72,74,75,76,80,82,89,90	1026,1027,1028,1034,1037,1050,1053,955,956,958,961,963,964,965,969,971,978,979,992	2	3,4,5,6,7,8,9,10,11,12,13,14,15,16,17,18,19,20,21	100	99	295	35|2|0|0|0|0|4|6|0|1|0|1
GA	Allmis	LTR	ERV4	SFV1-13_AMi-I	JH731210:216294-217429-	JH737633:135276-136813+	18	39	0	256,259,262,267,270,72,74,75,76,80	1150,1153,1156,1161,1164,966,968,969,970,974	2	1,2,3,4,5,14,15,16,17,18	24	199	302	18|6|0|1|1|1|4|6|1|1|0|0
GA	Allmis	LTR	ERV4	SFV1-13_AMi-I	JH731210:216294-217429-	JH737047:67755-69165-	31	49	0	480,481,486,492,512,655,657,659,669,679,688,693,694,697,704	1128,1129,1134,1140,1160,1308,1310,1312,1322,1332,1339,1344,1345,1348,1355	2	8,9,10,11,12,22,23,24,25,26,27,28,29,30,31	81	228	342	31|5|0|1|0|2|1|8|0|0|0|1
GA	Allmis	LTR	ERV4	SFV1-13_AMi-I	JH731210:216294-217429-	JH737047:67755-69165-	28	36	0	102,103,138,139,145,147,148,60,66,67,69,72,74,75,76,80,82,89,90	531,537,538,540,543,545,546,547,551,553,560,561,573,574,609,610,616,618,619	2	4,5,6,7,8,9,10,11,12,13,14,15,16,17,19,20,21,22,23	55	89	230	28|3|0|0|0|0|1|4|0|0|0|0
GA	Allmis	LTR	ERV4	SFV1-13_AMi-I	JH731210:216294-217429-	JH732157:39045-40733+	25	39	0	210,214,215,216,217,256,259,262,267,270,69,72,74,75,76,80	1103,1107,1108,1109,1110,1149,1152,1155,1160,1163,962,965,967,968,969,973	3	2,3,4,5,6,7,15,16,17,18,19,21,22,23,24,25	35	202	300	25|7|0|0|1|0|2|4|0|0|0|0
GA	Allmis	LTR	ERV4	SFV1-13_AMi-I	JH731210:216294-217429-	JH735343:300293-301615+	30	46	0	145,147,148,161,164,173,174,177,256,259,262,267,270,66,67,72,74,75,76,80,89,90	537,538,543,545,546,547,551,560,561,616,618,619,632,635,644,645,648,727,730,733,738,741	3	2,3,4,5,6,7,8,9,10,13,14,15,16,17,18,19,20,26,27,28,29,30	73	205	297	30|2|0|1|2|2|2|7|0|0|0|0
GA	Allmis	LTR	ERV4	LT-47_AMi-I	JH732382:323766-324450-	JH736290:16599-18829+	32	96	0	195,204,214,218,232,328,342,353,361,382	1720,1729,1739,1743,1757,1867,1881,1892,1902,1922	2	5,6,7,8,9,16,17,18,19,20	94	203	688	32|15|2|2|3|2|18|14|0|0|1|1
GA	Allmis	LTR	ERV4	SFV1-13_AMi-I	JH731384:973162-975016-	JH736112:7666-9426+	127	203	0	1254,1256,1258,1266,1268,1273,1278,1281,1289,1294,1506,153,1532,1558,1560,1562,1563,173,175,177,178,180,182,19,225,23,233,24,240,25,261,267,317,318,321,348,355,357,36,360,362,39,41,42,53,628,630,632,642,643,645,810,811,831,842,843,863,869,872,873,875,876	1254,1256,1258,1266,1268,1273,1278,1281,1289,1294,1506,152,1532,1558,1560,1562,1563,172,174,176,177,179,181,19,22,226,23,234,24,241,262,268,318,319,322,349,35,356,358,361,363,38,40,41,52,635,637,639,649,650,652,817,818,838,849,850,870,876,879,880,882,883	8	1,2,3,4,5,6,7,8,9,13,14,15,16,17,18,19,22,23,24,25,26,27,28,29,30,31,32,33,34,51,52,53,54,55,56,71,72,73,74,75,76,77,78,79,80,81,93,94,95,96,97,98,99,100,101,102,112,113,114,115,116,117	387	1545	1652	127|20|4|4|5|2|13|15|2|0|3|1
GA	Allmis	LTR	ERV4	SFV1-13_AMi-I	JH731384:973162-975016-	JH739617:371791-373996-	138	217	0	1227,1240,1242,1243,1250,1254,1256,1258,1268,1273,1278,1532,1558,1560,1562,1563,177,186,19,192,205,207,219,22,225,23,24,240,243,245,25,259,261,267,298,318,348,35,355,357,360,362,383,389,39,390,395,396,402,41,42,420,422,423,424,435,498,505,509,528,53,534,561,564,575,579,591,593,595,731,741,743,746,750,756,769,810,812,831,842,843,863,865	1227,1240,1242,1243,1250,1254,1256,1258,1268,1273,1278,1532,1558,1560,1562,1563,177,186,19,192,205,207,219,22,225,23,24,240,243,245,25,259,261,267,298,318,348,35,355,357,360,362,383,389,39,390,395,396,402,41,42,420,422,423,424,435,498,505,509,528,53,534,561,564,575,579,591,593,595,734,744,746,749,753,759,772,813,815,834,845,846,866,868	11	1,2,3,4,5,6,7,8,9,10,14,15,16,17,18,19,20,21,22,23,24,25,26,27,28,29,30,31,32,33,34,35,36,37,38,39,40,41,42,43,44,46,47,48,49,50,52,53,54,55,56,57,58,70,71,72,73,74,75,76,80,81,82,83,84,85,86,105,106,107,108,109,110,111,112,113,114,115,127,128,129,130,131	548	1545	1652	138|17|1|5|6|6|17|12|2|0|4|3
GA	Allmis	LTR	ERV4	SFV1-13_AMi-I	JH731384:973162-975016-	JH735459:207399-208878+	76	159	0	23,25,348,355,357,362,389,390,396,402,414,42,53,65,67,831,842,843,854,869,876	23,25,348,355,357,362,389,390,396,402,414,42,53,65,67,830,841,842,853,868,875	3	1,2,3,4,5,6,17,18,19,20,21,22,23,24,25,48,49,50,51,52,53	158	853	1480	76|28|3|6|5|2|14|14|0|0|3|1
GA	Allmis	LTR	ERV4	SFV1-13_AMi-I	JH731384:973162-975016-	JH732397:416461-417969-	80	170	0	1079,1093,1104,1135,1138,1141,1256,1258,1266,1273,1278,1291,390,396,414,422,435,561,564,575,579,621,624,628,630,642,645,650,699,842,843,869,875,876	1086,1100,1111,1142,1145,1148,1264,1266,1274,1281,1286,1299,395,401,419,427,440,565,568,579,583,631,634,638,640,652,655,660,709,852,853,879,885,886	6	14,15,16,17,18,22,23,24,25,26,27,28,29,30,31,32,33,49,50,51,52,53,56,57,58,59,60,61,66,67,68,69,70,71	326	905	1477	80|29|3|5|3|2|17|16|2|1|4|2
GA	Allmis	LTR	ERV4	SFV1-13_AMi-I	JH731384:973162-975016-	JH734158:99868-101351+	85	157	0	1364,1371,1372,1379,1410,348,357,362,389,390,396,41,42,53,64,65,75,810,831,838,842,843,869,876	1378,1385,1386,1393,1424,360,369,374,401,402,408,41,42,53,64,65,75,828,849,856,860,861,887,894	4	4,5,6,7,8,9,24,25,26,27,28,29,56,57,58,59,60,61,62,79,80,81,82,83	198	1384	1463	85|13|2|3|3|3|19|16|1|1|2|3
GA	Allmis	LTR	ERV4	SFV1-13_AMi-I	JH731384:973162-975016-	JH736241:1279566-1280918-	47	125	0	1254,1256,1258,1266,1268,1273,1278,1281,564,579,612,615,621,624,810,831,869,875,876,880,882	1269,1271,1273,1281,1283,1288,1293,1296,575,590,629,632,638,641,827,848,886,892,893,897,899	3	9,10,11,12,13,14,22,23,24,25,26,27,28,39,40,41,42,43,44,45,46	168	722	1344	47|21|1|5|3|1|18|14|3|1|2|2
GA	Allmis	LTR	ERV4	SFV1-13_AMi-I	JH731384:973162-975016-	JH736990:97190-99315-	140	228	0	1021,1023,1028,1029,1031,1032,1079,1089,1096,1104,1135,1141,1474,148,1480,1486,151,1522,1524,1532,1558,1560,1562,1563,157,160,170,173,175,183,186,213,215,217,218,219,225,257,259,261,267,309,311,321,348,355,357,360,362,389,390,396,402,414,561,564,575,579,595,628,630,632,642,643,645,648,731,741,743,750,753,756,768,769,869,872,873,875,876	1031,1033,1038,1039,1041,1042,1094,1104,1111,1119,1150,1156,148,1490,1496,1502,151,1538,1540,1548,157,1574,1576,1578,1579,160,170,173,175,183,186,213,215,217,218,219,225,269,271,273,279,321,323,333,360,367,369,372,374,401,402,408,414,426,573,576,587,591,607,646,648,650,660,661,663,666,749,759,761,768,771,774,786,787,887,890,891,893,894	11	9,10,11,12,13,14,15,16,17,21,22,23,24,25,26,30,31,32,33,34,35,36,37,38,39,40,41,42,43,44,45,46,54,55,56,57,58,60,61,62,63,64,65,66,70,71,72,73,74,75,76,77,84,85,86,87,88,92,93,94,95,96,97,99,100,101,102,103,104,125,126,127,128,129,130,131,132,133,134	479	1432	1660	140|23|4|6|6|2|15|15|4|1|3|3
GA	Allmis	LTR	ERV4	SFV1-13_AMi-I	JH731384:973162-975016-	JH732157:39045-40733+	141	225	0	1079,1089,1093,1094,1095,1096,1104,1123,1135,1138,1141,1254,1256,1258,1266,1268,1273,1278,1281,1486,1518,1522,1524,1532,1535,1558,1560,1562,1563,22,23,24,25,341,348,355,357,360,362,38,389,390,395,396,400,402,414,424,435,628,630,632,642,643,645,831,838,842,843,869,872,873,875,876	1093,1103,1107,1108,1109,1110,1118,1137,1149,1152,1155,1265,1267,1269,1277,1279,1284,1289,1292,1498,1530,1534,1536,1544,1547,1570,1572,1574,1575,22,23,24,25,353,360,367,369,372,374,38,401,402,407,408,412,414,426,436,447,646,648,650,659,660,662,848,855,859,860,886,889,890,892,893	7	1,2,3,4,5,19,20,21,22,23,24,25,26,27,28,29,30,31,32,33,47,48,49,50,51,52,65,66,67,68,69,70,71,72,73,84,85,86,87,88,89,90,91,92,93,94,101,102,103,104,105,106,107,108,123,124,125,126,127,128,129,130,131,132	344	1554	1658	141|24|0|7|4|4|15|12|3|2|4|3
GA	Allmis	LTR	ERV4	SFV1-13_AMi-I	JH731384:973162-975016-	JH732202:30635-32300+	156	234	0	106,108,1254,1256,1258,1266,1268,1273,1278,1281,1372,1379,1405,1410,1428,1429,1435,1445,170,173,182,192,197,198,200,259,261,267,298,303,309,311,312,318,348,354,355,357,360,362,380,381,383,384,389,390,395,396,400,402,403,41,414,419,42,420,422,423,424,53,632,642,643,645,648,65,650,67,741,743,750,756,769,82,831,838,842,843,850,865,866,869,873,875,876,93,96,99	106,108,1274,1276,1278,1286,1288,1293,1298,1301,1392,1399,1425,1430,1448,1449,1455,1465,170,173,182,192,197,198,200,271,273,279,310,315,321,323,324,330,360,366,367,369,372,374,392,393,395,396,402,403,408,409,41,413,415,416,42,427,432,433,435,436,437,53,65,651,661,662,664,667,669,67,760,762,769,775,788,82,850,857,861,862,869,884,885,888,892,894,895,93,96,99	10	3,4,5,6,7,8,9,10,11,12,13,14,15,16,17,18,19,20,24,25,26,27,28,29,30,31,32,34,35,36,37,38,39,40,41,42,43,44,45,46,47,48,49,50,51,52,53,54,55,56,72,73,74,75,76,77,82,83,84,85,86,90,91,92,93,94,95,96,97,98,99,100,120,121,122,123,124,125,126,127,134,135,136,137,138,139,140,141	496	1425	1647	156|24|0|6|6|3|11|13|0|0|4|1
GA	Allmis	LTR	ERV4	SFV1-13_AMi-I	JH731384:973162-975016-	JH732970:1101249-1102832+	164	244	0	10,1254,1256,1258,1266,1268,1273,1278,1281,1372,1378,1379,1404,1410,1435,1445,1501,1532,1535,1558,1560,1562,1563,1567,19,192,197,198,200,202,204,22,23,24,240,243,25,257,259,261,267,294,298,306,309,311,32,35,355,357,36,360,362,371,373,380,389,390,396,41,414,419,42,420,422,423,424,435,491,492,494,495,496,498,503,505,509,53,549,561,564,575,579,621,624,64,65,67,731,735,741,743,750,76,831,838,842,843,854,863,865,866,872,873,875	10,1255,1257,1259,1267,1269,1274,1279,1282,1373,1379,1380,1405,1411,1436,1446,1502,1533,1536,1559,1561,1563,1564,1568,19,192,197,198,200,202,204,22,23,24,240,243,25,257,259,261,267,294,298,306,309,311,32,35,355,357,36,360,362,371,373,380,389,390,396,41,414,419,42,420,422,423,424,435,490,491,493,494,495,497,502,504,508,53,546,558,561,572,576,624,627,64,65,67,734,738,744,746,753,76,834,841,845,846,857,866,868,869,875,876,878	12	1,2,3,4,5,6,7,8,9,10,11,12,13,14,15,16,22,23,24,25,26,27,31,32,33,34,35,36,37,38,39,40,41,43,44,45,46,47,48,49,50,51,52,53,54,55,56,57,58,59,61,62,63,64,65,66,67,68,69,71,72,73,74,75,76,77,84,85,86,87,88,95,96,97,98,99,100,101,102,103,104,105,135,136,137,138,139,140,141,142,146,147,148,149,150,151,152,157,158,159,160,161,162,163,164	569	1559	1577	164|23|3|6|5|3|12|14|3|0|4|1
GA	Allmis	LTR	ERV4	SFV1-13_AMi-I	JH731384:973162-975016-	JH737364:315692-316816-	54	109	0	348,357,360,362,396,414,561,564,575,579,597,621,630,632,642,643,645,648,650	360,369,372,374,408,426,573,576,587,591,609,639,648,650,660,661,663,666,668	3	11,12,13,14,15,16,19,20,21,22,23,24,25,26,27,28,29,30,31	164	309	1116	54|17|1|1|3|1|9|10|0|2|2|2
GA	Allmis	LTR	ERV4	SFV1-13_AMi-I	JH731384:973162-975016-	JH734113:292973-294265+	90	170	0	1254,1256,1258,1273,1278,183,185,186,187,189,240,259,261,267,284,381,383,389,390,395,396,561,564,575,579,621,624,831,863,865,869,872,873,875,876	1245,1247,1249,1264,1269,180,182,183,184,186,237,256,258,264,281,375,377,384,385,390,391,556,559,570,574,622,625,827,855,857,861,864,865,867,868	6	10,11,12,13,14,19,20,21,22,23,29,30,31,32,33,34,38,39,40,41,42,43,61,62,63,64,65,66,67,68,85,86,87,88,89	206	1090	1291	90|23|2|4|7|2|15|13|0|3|2|3
GA	Allmis	LTR	ERV4	SFV1-13_AMi-I	JH731384:973162-975016-	JH733072:391080-392734-	77	135	0	192,203,204,205,207,22,23,24,25,35,36,360,362,389,39,390,395,396,41,42,53,561,564,575,579,593,597,628,630,632,642,643,645,648	192,203,204,205,207,22,23,24,25,35,36,360,362,389,39,390,395,396,41,42,53,563,566,577,581,595,599,636,638,640,650,651,653,656	5	1,2,3,4,5,6,7,8,9,10,13,14,15,16,17,25,26,27,28,29,30,41,42,43,44,45,46,47,48,49,50,51,52,53	180	635	1107	77|17|1|2|4|1|11|12|0|0|2|1
GA	Allmis	LTR	ERV4	SFV1-13_AMi-I	JH731384:973162-975016-	JH732514:327274-328399-	80	141	0	259,261,267,317,318,348,357,360,362,384,389,390,395,396,414,424,450,455,497,498,509,528,534,838,842,843,850,866,869,875,876	260,262,268,318,319,349,358,361,363,385,390,391,396,397,415,425,451,456,498,499,510,529,535,845,849,850,857,873,876,882,883	4	15,16,17,18,19,20,21,22,23,24,25,26,27,28,29,30,31,32,33,34,35,36,37,60,61,62,63,64,65,66,67	317	624	1123	80|22|2|3|3|1|10|8|1|1|0|3
GA	Allmis	LTR	ERV4	SFV1-13_AMi-I	JH731384:973162-975016-	JH738206:39380-40456-	62	125	0	348,357,360,362,371,384,396,402,414,561,564,575,594,621,838,854,863,869,872,876,880,882	310,319,322,324,333,346,358,364,376,524,527,538,557,590,807,823,832,838,841,845,849,851	3	8,9,10,11,12,13,14,15,16,21,22,23,24,25,48,49,50,51,52,53,54,55	179	542	1072	62|19|1|2|2|3|14|12|1|0|2|1
GA	Allmis	LTR	ERV4	SFV1-13_AMi-I	JH731384:973162-975016-	JH737439:86470-88420-	155	228	0	1021,1022,1023,1028,1029,1032,1079,1089,1092,1094,1096,1254,1256,1258,1266,1268,1372,1378,1379,1384,1410,1486,1501,1514,1518,1532,1535,1558,1560,1562,1563,1605,1610,1611,1613,1617,1620,1623,298,309,311,312,314,318,341,348,354,355,357,360,362,371,380,381,383,389,390,395,398,399,400,402,403,414,420,422,423,424,461,470,549,561,564,575,579,621,624,810,817,831,838,842,843,854,863,865,869,872,873,875,876	1026,1027,1028,1033,1034,1037,1089,1099,1102,1104,1106,1263,1265,1267,1275,1277,1381,1387,1388,1393,1419,1495,1510,1523,1527,1541,1544,1567,1569,1571,1572,1615,1621,1622,1624,1628,1631,1634,303,314,316,317,319,323,346,353,359,360,362,365,367,376,385,386,388,394,395,400,403,404,405,407,408,420,426,428,429,430,466,475,554,566,569,580,584,632,635,821,828,842,849,853,854,867,876,878,882,885,886,888,889	12	5,6,7,8,9,10,11,12,13,14,15,16,17,18,19,20,21,22,23,24,25,26,27,28,29,30,31,32,33,34,35,36,42,43,44,45,46,47,48,63,64,65,66,67,68,69,70,71,72,73,74,75,76,88,89,90,91,92,93,97,98,99,100,101,115,116,117,118,119,127,128,129,130,131,135,136,137,138,139,140,141,142,143,144,149,150,151,152,153,154,155	509	1332	1394	155|15|4|4|2|2|12|17|1|2|5|2
GA	Allmis	LTR	ERV4	SFV1-13_AMi-I	JH731384:973162-975016-	JH738596:14080-15730-	68	142	0	178,180,183,186,187,22,23,24,25,32,348,35,357,36,360,362,381,383,384,53	178,180,183,186,187,22,23,24,25,32,348,35,357,36,360,362,381,383,384,53	3	1,2,3,4,5,6,7,8,12,13,14,15,16,23,24,25,26,27,28,29	79	363	1110	68|23|4|2|5|1|11|12|0|0|2|2
GA	Allmis	LTR	ERV4	SFV1-13_AMi-I	JH731384:973162-975016-	AKHW01036425:0-1143+	53	108	0	1379,1384,1410,1419,1429,1514,1518,1532,1535,1545,1563,872,876,880,882,914	211,215,219,221,253,716,721,747,756,766,851,855,869,872,882,900	3	9,10,11,12,13,36,37,38,39,40,44,45,46,47,48,49	144	690	990	53|13|0|3|2|1|10|11|3|0|3|3
GA	Allmis	LTR	ERV4	SFV1-13_AMi-I	JH731384:973162-975016-	JH734462:423974-425707-	83	143	0	348,357,362,389,390,396,449,471,482,505,509,515,561,564,575,579,594,612,615,621,624,731,741,743,746,750,838,842,843,850,863,865,866,869,892	348,357,362,389,390,396,448,469,480,503,507,513,559,562,573,577,592,619,622,628,631,738,748,750,753,757,845,849,850,860,873,875,876,879,902	5	21,22,23,24,25,26,27,28,29,30,31,32,35,36,37,38,39,40,41,42,43,54,55,56,57,58,67,68,69,70,71,72,73,74,75	318	555	1108	83|19|2|3|4|2|10|8|1|2|0|2
GA	Allmis	LTR	ERV4	SFV1-13_AMi-I	JH731384:973162-975016-	JH734448:730001-732000-	96	148	0	129,133,135,136,138,19,240,25,259,261,267,30,309,312,314,318,32,348,35,354,355,357,360,362,380,381,383,384,389,39,390,396,402,41,42,435,561,564,575,579,591,593,594,595,597,621,624,65,67,731,741,743,746,750,869,87,872,873,875,876,93,96,99	129,133,135,136,138,19,240,25,259,261,267,30,309,312,314,318,32,348,35,354,355,357,360,362,381,382,384,385,39,390,391,397,403,41,42,436,562,565,576,580,592,594,595,596,598,628,631,65,67,738,748,750,753,757,862,865,866,868,869,87,93,96,99	7	1,2,3,4,5,6,7,8,9,10,12,13,14,15,16,17,18,19,20,28,29,30,31,32,33,34,35,36,37,38,39,40,41,42,43,44,45,46,47,48,49,50,56,57,58,59,60,61,62,63,64,65,66,73,74,75,76,77,83,84,85,86,87	397	851	1104	96|13|1|2|2|2|10|10|1|0|4|1
GA	Allmis	LTR	ERV4	SFV1-13_AMi-I	JH731384:973162-975016-	JH734448:730001-732000-	40	59	0	1254,1256,1258,1266,1268,1273,1278,1281,1522,1532,1558,1560,1562,1563,1610,1612,1614,1620,1623	1403,1405,1407,1415,1417,1422,1427,1430,1671,1681,1707,1709,1711,1712,1763,1765,1767,1773,1776	3	4,5,6,7,8,9,10,11,24,25,26,27,28,29,33,34,35,36,37	84	374	490	40|5|0|0|3|0|4|5|0|0|1|1
GA	Allmis	LTR	ERV4	SFV1-13_AMi-I	JH731384:973162-975016-	JH739720:39577-41375-	42	96	0	373,384,389,390,396,424,564,579,593,612,621,624,630,632,645,648,650,651	152,163,168,169,175,203,343,358,372,397,406,409,415,417,430,433,435,436	3	4,5,6,7,8,9,14,15,16,17,18,19,20,21,22,23,24,25	147	285	889	42|18|0|3|2|1|10|9|0|1|2|1
GA	Allmis	LTR	ERV4	SFV1-13_AMi-I	JH731384:973162-975016-	JH739720:39577-41375-	49	78	0	1256,1258,1266,1273,1281,1506,1522,1524,1535,1562,1563,1567,1586,1591,1596,1620,1623,1633,1638,1642,1645,1666,1700,1720,1721,1727,1740,1789,1790,1791,1793,1799,1803	1192,1194,1202,1209,1217,1442,1458,1460,1471,1498,1499,1503,1522,1527,1532,1558,1561,1571,1576,1580,1583,1604,1643,1663,1664,1670,1683,1725,1726,1727,1729,1735,1740	5	4,5,6,7,8,18,19,20,21,22,23,24,25,26,27,28,29,30,31,32,33,34,35,36,37,38,39,40,41,42,43,44,45	328	549	683	49|7|0|1|1|5|6|7|0|0|2|0
GA	Allmis	LTR	ERV4	SFV1-13_AMi-I	JH731384:973162-975016-	JH737364:69084-70907-	109	174	0	186,192,197,198,200,202,203,204,217,218,22,225,23,233,24,25,259,261,267,35,384,389,390,396,420,422,423,424,435,561,564,575,579,591,593,594,595,838,842,843,863,865,869,872,873,875,876	186,192,197,198,200,202,203,204,217,218,22,225,23,233,24,25,259,261,267,35,384,389,390,396,419,421,422,423,434,560,563,574,578,590,592,593,594,843,847,848,868,870,874,877,878,880,881	6	1,2,3,4,5,15,16,17,18,19,20,21,22,24,25,26,27,28,29,30,39,40,41,42,43,44,45,46,47,52,53,54,55,56,57,58,59,84,85,86,87,88,89,90,91,92,93	209	860	1110	109|18|3|3|3|1|7|10|1|2|5|3
GA	Allmis	LTR	ERV4	SFV1-13_AMi-I	JH731384:973162-975016-	JH737364:69084-70907-	59	84	0	1233,1240,1242,1243,1246,1254,1256,1258,1266,1268,1273,1278,1281,1294,1524,1532,1535,1545,1558,1560,1562,1563,1567,1591,1596,1610,1611,1612,1613,1614,1617,1620,1631,1633,1638,1642,1645	1394,1401,1403,1404,1407,1415,1417,1419,1427,1429,1434,1439,1442,1455,1685,1693,1696,1706,1719,1721,1723,1724,1728,1752,1757,1773,1774,1775,1776,1777,1780,1783,1794,1796,1801,1805,1808	5	6,7,8,9,10,11,12,13,14,15,16,17,18,19,35,36,37,38,39,40,41,42,43,46,47,48,49,50,51,52,53,54,55,56,57,58,59	165	415	486	59|8|1|1|2|3|2|6|0|0|2|0
GA	Allmis	LTR	ERV4	SFV1-13_AMi-I	JH731384:973162-975016-	JH739633:30555-31415+	41	88	0	348,355,357,390,396,564,575,595,597,612,642,643,645,648,650	355,362,364,397,403,571,582,602,604,625,655,656,658,661,663	3	5,6,7,8,9,14,15,16,17,18,23,24,25,26,27	113	309	848	41|11|1|3|3|3|15|6|2|1|1|1
GA	Allmis	LTR	ERV4	SFV1-13_AMi-I	JH731384:973162-975016-	JH735343:300293-301615+	149	223	0	1123,1131,1135,1138,1141,1364,1371,1372,1378,1379,1384,1410,1419,1474,1480,1486,1514,1518,1532,1535,1553,1558,1560,1562,1563,1567,1584,1586,1591,1596,1605,1610,1620,1623,1627,1628,1631,1633,1638,1642,1645,482,498,503,505,509,515,628,630,632,643,645,648,650,651,810,817,831,838,842,843,854,863,865,866,869,873,875,876	100,1003,1012,106,1067,1073,1079,1107,1111,1125,1128,1146,1151,1153,1155,1156,1160,1177,1179,1184,1189,1199,1205,1215,1218,1222,1223,1226,1228,1233,1237,1240,225,227,229,239,241,244,246,247,406,413,427,434,438,439,450,459,461,462,465,468,470,471,715,723,727,73,730,733,89,94,957,96,964,965,971,972,977	7	2,3,4,5,6,7,22,23,24,25,26,27,28,29,48,49,50,51,52,53,54,55,56,57,58,59,60,61,82,83,84,85,86,110,111,112,113,114,115,116,117,122,123,124,125,126,127,128,129,130,131,132,133,134,135,136,137,138,139,140,141,142,143,144,145,146,147,148,149	373	1168	1201	149|22|4|5|6|3|4|16|1|0|3|3
GA	Allmis	LTR	ERV4	SFV1-13_AMi-I	JH731384:973162-975016-	JH733684:1128651-1129867+	63	83	0	1227,1233,1240,1242,1243,1254,1256,1258,1266,1273,1281,1324,1328,1331,1332,1333,1518,1522,1524,1532,1535,1558,1560,1562,1563,1642,1654,1656,1658,1683,1687,1688,1700,1706,1708,1710,1718,1720,1721,1727,1729,1740,1744,1747,1751	284,290,297,299,300,311,313,315,323,330,338,381,385,388,389,390,574,578,580,588,591,614,616,618,619,700,712,714,716,736,740,741,753,759,761,763,770,772,773,779,781,792,796,799,803	5	3,4,5,6,7,9,10,11,12,13,14,15,16,17,18,19,30,31,32,33,34,35,36,37,38,44,45,46,47,48,49,50,51,52,53,54,55,56,57,58,59,60,61,62,63	248	520	587	63|7|1|0|0|3|2|5|0|0|2|0
GA	Allmis	LTR	ERV4	SFV1-13_AMi-I	JH731384:973162-975016-	JH737047:67755-69165-	57	75	0	1224,1227,1233,1240,1242,1243,1254,1256,1258,1266,1268,1273,1278,1281,1289,1294,1371,1372,1378,1379,1384,1410,1591,1596,1605,1610,1611,1612,1613,1614,1617,1620,1623,1627,1631	1005,1007,1009,1017,1019,1024,1029,1032,1040,1045,1122,1123,1128,1129,1134,1160,1339,1344,1354,1360,1361,1362,1363,1364,1367,1370,1373,1377,1381,975,978,984,991,993,994	4	4,5,6,7,8,9,10,11,12,13,14,15,16,17,18,19,22,23,24,25,26,27,42,43,44,45,46,47,48,49,50,51,52,53,54	154	407	484	57|5|1|1|0|3|1|6|0|0|1|0
GA	Allmis	LTR	ERV4	SFV1-13_AMi-I	JH731461:266788-267979-	JH733590:96909-98499+	77	166	0	311,312,314,317,318,844,851,855,856,867	311,312,314,317,318,836,843,847,848,859	2	21,22,23,24,25,58,59,60,61,62	32	549	1184	77|32|2|2|2|2|19|15|2|3|5|5
GA	Allmis	LTR	ERV4	SFV1-13_AMi-I	JH731461:266788-267979-	JH737633:135276-136813+	88	172	0	213,225,226,227,233,655,656,658,659,667,712,715,740,744,754,756,757,763,769,830,844,856,863,879	213,225,226,227,233,660,661,663,664,672,717,720,745,749,759,761,762,768,774,835,849,861,868,884	4	14,15,16,17,18,46,47,48,49,50,51,52,53,54,55,56,57,58,59,64,65,66,67,68	187	672	1190	88|33|4|2|1|3|16|9|3|6|3|4
GA	Allmis	LTR	ERV4	SFV1-13_AMi-I	JH731461:266788-267979-	JH737364:315692-316816-	71	150	0	207,219,225,226,227,254,655,656,658,659,661,663,744,754,756,757,763	207,219,225,226,227,266,660,661,663,664,666,668,749,759,761,762,768	3	11,12,13,14,15,16,38,39,40,41,42,43,45,46,47,48,49	89	562	1121	71|25|1|1|2|1|19|13|1|5|4|6
GA	Allmis	LTR	ERV4	SFV1-13_AMi-I	JH731461:266788-267979-	JH739617:371791-373996-	112	189	0	207,219,225,226,227,23,230,24,240,25,27,35,389,390,395,396,402,410,420,422,423,424,435,452,582,586,598,600,602,604,634,637,641,645,646,712,715,744,754,756,757,759,763,769,823,825,844,855,856,876,878,882,886,888,947,955,961,963,964	207,219,225,226,227,23,230,24,240,25,27,35,389,390,395,396,402,410,420,422,423,424,435,452,575,579,591,593,595,597,627,630,634,638,639,702,705,734,744,746,747,749,753,759,813,815,834,845,846,866,868,872,876,878,936,944,950,952,953	8	1,2,3,4,5,20,21,22,23,24,25,26,41,42,43,44,45,46,47,48,49,50,51,52,60,61,62,63,64,65,66,67,68,69,70,75,76,77,78,79,80,81,82,83,89,90,91,92,93,94,95,96,97,98,101,102,103,104,105	319	931	1182	112|27|1|1|4|7|17|8|0|3|3|6
GA	Allmis	LTR	ERV4	SFV1-13_AMi-I	JH731461:266788-267979-	JH738596:14080-15730-	80	171	0	179,180,186,187,193,207,208,22,23,24,25,27,32,35,36,381,383,396,410,414,947,955,958,964,965	178,179,186,187,193,207,208,22,23,24,25,27,32,35,36,381,383,396,410,414,940,948,951,957,958	4	1,2,3,4,5,6,7,8,16,17,18,19,20,21,22,35,36,37,38,39,72,73,74,75,76	99	937	1115	80|33|4|1|4|3|13|15|0|3|4|6
GA	Allmis	LTR	ERV4	SFV1-13_AMi-I	JH731461:266788-267979-	JH734448:730001-732000-	102	162	0	129,132,133,135,136,138,146,207,213,225,226,227,230,25,27,30,32,348,35,354,355,360,380,381,383,389,390,396,402,410,435,582,586,598,600,601,602,604,634,637,641,645,646,715,744,754,756,757,759,763,87,882,885,886,888,889,93,95,96,99	129,132,133,135,136,138,146,207,213,225,226,227,230,25,27,30,32,348,35,354,355,360,381,382,384,390,391,397,403,411,436,576,580,592,594,595,596,598,628,631,635,639,640,709,738,748,750,751,753,757,862,865,866,868,869,87,93,95,96,99	10	1,2,3,4,5,10,11,12,13,14,15,16,17,18,19,20,21,25,26,27,28,29,30,42,43,44,45,46,47,48,49,50,51,52,53,54,61,62,63,64,65,66,67,68,69,70,71,72,75,76,77,78,79,80,81,86,87,88,89,90	309	845	1109	102|21|2|0|2|4|11|11|0|1|5|3
GA	Allmis	LTR	ERV4	SFV1-13_AMi-I	JH731461:266788-267979-	JH733072:391080-392734-	90	178	0	22,23,24,25,27,35,36,656,658,659,661,663	22,23,24,25,27,35,36,650,652,653,655,657	2	1,2,3,4,5,6,7,55,56,57,58,59	23	636	1116	90|28|2|2|5|3|18|17|0|2|4|5
GA	Allmis	LTR	ERV4	SFV1-13_AMi-I	JH731461:266788-267979-	JH733829:441590-443620+	65	142	0	193,204,207,225,226,227,389,390,396,410,420,422,423,424	15,211,212,218,232,242,244,245,246,26,29,47,48,49	2	1,2,3,4,5,6,20,21,22,23,24,25,26,27	71	232	997	65|30|1|0|1|6|12|13|3|3|4|4
GA	Allmis	LTR	ERV4	SFV1-13_AMi-I	JH731461:266788-267979-	JH734462:423974-425707-	97	173	0	131,132,140,141,146,207,219,225,226,227,582,586,601,625,628,712,715,740,744,754,756,757,759,763,851,855,856,863,876,878,879	131,132,140,141,146,207,219,225,226,227,573,577,592,619,622,706,709,734,738,748,750,751,753,757,845,849,850,860,873,875,876	5	9,10,11,12,13,16,17,18,19,20,46,47,48,49,50,60,61,62,63,64,65,66,67,68,77,78,79,80,81,82,83	171	746	1117	97|33|1|1|2|2|13|13|0|4|2|5
GA	Allmis	LTR	ERV4	SFV1-13_AMi-I	JH731461:266788-267979-	JH733354:140509-142084+	87	168	0	22,23,24,25,27,371,373,376,380,381,754,756,757,759,763,844,851,855,856,867	22,23,24,25,27,383,385,388,392,393,772,774,775,777,781,862,869,873,874,885	4	2,3,4,5,6,26,27,28,29,30,56,57,58,59,60,67,68,69,70,71	51	864	1146	87|31|2|1|3|3|17|13|2|1|2|6
GA	Allmis	LTR	ERV4	SFV1-13_AMi-I	JH731461:266788-267979-	JH732157:39045-40733+	101	186	0	1089,1099,1103,1104,1105,1106,1114,1133,22,23,24,25,27,38,389,390,395,396,400,402,410,414,424,435,452,634,637,641,645,646,882,885,886,888,889,958,961,963,964,965	1093,1103,1107,1108,1109,1110,1118,1137,22,23,24,25,27,38,401,402,407,408,412,414,422,426,436,447,464,639,642,646,650,651,886,889,890,892,893,962,965,967,968,969	6	1,2,3,4,5,6,32,33,34,35,36,37,38,39,40,41,42,50,51,52,53,54,72,73,74,75,76,81,82,83,84,85,91,92,93,94,95,96,97,98	155	1116	1188	101|36|0|1|2|6|14|14|3|2|3|4
GA	Allmis	LTR	ERV4	SFV1-13_AMi-I	JH731461:266788-267979-	JH734113:292973-294265+	93	186	0	179,183,185,186,187,189,192,193,204,207,225,226,227,240,259,261,267,269,27,284,293,35,36,38,389,390,395,396,410,5,754,756,757,759,763,882,885,886,888,889	176,180,182,183,184,186,189,190,201,204,222,223,224,237,256,258,264,266,27,281,290,35,36,38,384,385,390,391,405,5,736,738,739,741,746,861,864,865,867,868	7	1,2,3,4,5,14,15,16,17,18,19,20,21,22,23,24,25,26,27,29,30,31,32,33,34,40,41,42,43,44,59,60,61,62,63,74,75,76,77,78	173	864	1178	93|34|2|1|5|5|15|16|0|6|3|6
GA	Allmis	LTR	ERV4	SFV1-13_AMi-I	JH731461:266788-267979-	JH736990:97190-99315-	118	197	0	1026,1028,1033,1034,1036,1037,106,107,108,151,157,159,160,163,170,192,193,204,207,213,215,217,218,219,22,225,226,227,23,233,24,243,245,25,27,389,390,396,402,410,414,655,656,658,659,661,667,712,715,744,754,756,757,763,766,769,782,882,885,886,888,889,95,99	1031,1033,1038,1039,1041,1042,106,107,108,151,157,159,160,163,170,192,193,204,207,213,215,217,218,219,22,225,226,227,23,233,24,25,255,257,27,401,402,408,414,422,426,660,661,663,664,666,672,717,720,749,759,761,762,768,771,774,787,887,890,891,893,894,95,99	9	1,2,3,4,5,7,8,9,10,11,16,17,18,19,20,21,22,23,24,25,26,27,28,29,30,31,32,33,34,35,36,48,49,50,51,52,53,71,72,73,74,75,76,77,78,79,80,81,82,83,84,85,86,94,95,96,97,98,105,106,107,108,109,110	303	1021	1184	118|33|1|2|3|2|15|12|1|4|2|4
GA	Allmis	LTR	ERV4	SFV1-13_AMi-I	JH731461:266788-267979-	JH732202:30635-32300+	122	202	0	106,108,179,192,193,197,198,200,215,218,225,226,227,254,389,390,395,396,400,402,403,410,414,419,420,422,423,424,655,656,658,659,661,663,667,754,756,757,763,769,844,851,855,856,863,878,879,93,95,96,99	106,108,179,192,193,197,198,200,215,218,225,226,227,266,402,403,408,409,413,415,416,423,427,432,433,435,436,437,661,662,664,665,667,669,673,760,762,763,769,775,850,857,861,862,869,884,885,93,95,96,99	7	10,11,12,13,14,15,20,21,22,23,24,25,26,27,28,29,30,31,51,52,53,54,55,56,57,58,59,60,61,62,63,64,78,79,80,81,82,83,84,87,88,89,90,91,96,97,98,99,100,101,102	206	793	1192	122|33|1|0|4|7|11|13|1|2|3|5
GA	Allmis	LTR	ERV4	SFV1-13_AMi-I	JH731461:266788-267979-	JH733481:242096-243512-	49	90	0	371,390,395,396,402,410,715,728,740,744,769,782,791	1022,1035,1047,1051,1075,1088,1097,679,698,703,704,710,718	2	1,2,3,4,5,6,24,25,26,27,28,29,30	116	419	764	49|5|2|0|1|1|18|11|0|0|1|1
GA	Allmis	LTR	ERV4	SFV1-13_AMi-I	JH731461:266788-267979-	JH739633:30555-31415+	52	106	0	655,656,658,659,661,663,744,754,756,757,763	655,656,658,659,661,663,746,756,758,759,765	2	32,33,34,35,36,37,40,41,42,43,44	29	111	855	52|22|1|0|2|0|14|7|2|2|2|2
GA	Allmis	LTR	ERV4	SFV1-13_AMi-I	JH731461:266788-267979-	JH737364:69084-70907-	130	212	0	132,133,135,136,138,140,146,186,192,193,197,198,200,202,203,204,207,217,218,22,225,226,227,23,230,233,24,25,27,35,389,390,396,414,420,422,423,424,435,582,586,598,600,601,602,604,625,628,634,637,641,645,646,712,715,744,754,756,757,763,851,855,856,876,878,882,885,886,888,889,942,947,949,955,958,961,963,964,965	132,133,135,136,138,140,146,186,192,193,197,198,200,202,203,204,207,217,218,22,225,226,227,23,230,233,24,25,27,35,389,390,396,413,419,421,422,423,434,574,578,590,592,593,594,596,617,620,626,629,633,637,638,704,707,736,746,748,749,755,843,847,848,868,870,874,877,878,880,881,934,939,941,947,950,953,955,956,957	10	1,2,3,4,5,6,13,14,15,16,17,18,19,24,25,26,27,28,29,30,31,32,33,34,35,36,37,38,39,40,53,54,55,56,57,58,59,60,61,68,69,70,71,72,73,74,75,76,77,78,79,80,81,84,85,86,87,88,89,90,101,102,103,104,105,106,107,108,109,110,113,114,115,116,117,118,119,120,121	305	936	1115	130|29|2|0|1|1|14|13|1|5|6|8
GA	Allmis	LTR	ERV4	SFV1-13_AMi-I	JH731461:266788-267979-	JH732970:1101249-1102832+	134	226	0	10,192,193,197,198,200,202,204,207,225,226,227,23,233,24,25,27,32,35,36,389,390,396,410,414,419,420,422,423,424,435,458,492,493,495,496,497,499,5,744,748,754,756,757,763,844,851,855,856,867,955,958,961,963,964,965	10,192,193,197,198,200,202,204,207,225,226,227,23,233,24,25,27,32,35,36,389,390,396,410,414,419,420,422,423,424,435,458,490,491,493,494,495,497,5,734,738,744,746,747,753,834,841,845,846,857,945,948,951,953,954,955	7	1,2,3,4,5,6,7,8,9,25,26,27,28,29,30,31,32,33,34,35,36,56,57,58,59,60,61,62,63,64,65,66,67,68,69,70,71,72,73,87,88,89,90,91,92,100,101,102,103,104,115,116,117,118,119,120	239	951	1177	134|39|2|2|2|7|13|17|0|2|4|4
GA	Allmis	LTR	ERV4	SFV1-13_AMi-I	JH731533:294215-295752-	JH738777:1497300-1499481-	68	166	0	1009,1013,1018,1021,911,932,934,936,946,960,993,996,999	1515,1536,1538,1540,1550,1563,1597,1600,1603,1613,1617,1622,1625	2	28,29,30,31,32,33,34,35,36,37,38,39,40	112	111	1532	68|9|5|4|4|2|31|23|4|3|8|4
GA	Allmis	LTR	ERV4	SFV1-13_AMi-I	JH731533:294215-295752-	JH733829:441590-443620+	83	172	0	1008,911,932,934,936,946,960,965,970,987,996,999	1366,1387,1389,1391,1401,1414,1420,1425,1442,1451,1454,1463	2	33,34,35,36,37,38,39,40,41,42,43,44	99	98	1525	83|13|4|1|1|5|26|20|5|5|6|3
GA	Allmis	LTR	ERV4	SFV1-13_AMi-I	JH731533:294215-295752-	JH739617:371791-373996-	106	187	0	1061,107,1075,1079,1097,1103,1154,1157,1162,1165,117,1179,119,122,126,1379,1416,1425,1427,1435,1442,1466,1488,1498,1518,1521,1530,19,27,318,319,324,326,327,4,59,614,616,624,632,642,652,683,8,9,911,932,934,936,946,960	1240,1242,1250,1258,1268,1278,1309,1537,1558,1560,1562,1572,1585,1687,1701,1705,1723,1729,1781,1784,1789,1792,1806,2006,2043,2052,2054,2062,2069,2093,2115,2125,2145,2148,2157,634,638,639,649,657,686,734,744,746,749,753,944,945,950,952,953	8	1,2,3,4,5,6,10,11,12,13,14,27,28,29,30,31,38,39,40,41,42,43,44,52,53,54,55,56,57,71,72,73,74,75,78,79,80,81,82,95,96,97,98,99,100,101,102,103,104,105,106	423	1524	1532	106|13|2|3|4|6|16|22|3|4|5|3
GA	Allmis	LTR	ERV4	SFV1-13_AMi-I	JH731533:294215-295752-	JH735272:170248-171677+	66	144	0	1018,1021,1030,1032,1033,1034,1114,1119,1120,1125,1126,18,19,21,22,26,4,909,911,932,934,936,946	1069,1072,1082,1084,1085,1086,1166,1170,1171,1176,1177,55,69,70,72,73,77,960,962,983,985,987,997	4	1,2,3,4,5,6,31,32,33,34,35,36,39,40,41,42,43,44,50,51,52,53,54	91	1123	1372	66|9|2|1|4|3|28|18|2|3|7|1
GA	Allmis	LTR	ERV4	SFV1-13_AMi-I	JH731533:294215-295752-	JH738247:100154-101411-	56	130	0	1030,1032,1033,1034,1040,1042,1043,1119,1120,1125,1126,1135,1137,1151,1154,1157	1097,1099,1100,1101,1108,1110,1111,1187,1188,1193,1194,1206,1208,1222,1225,1228	2	35,36,37,38,39,40,41,47,48,49,50,51,52,53,54,55	57	132	1181	56|13|2|1|3|2|23|18|3|3|5|1
GA	Allmis	LTR	ERV4	SFV1-13_AMi-I	JH731533:294215-295752-	JH733590:96909-98499+	42	94	0	107,126,132,150,165,911,932,934,936,946,954	1541,1562,1564,1566,1576,1584,736,755,761,779,794	2	6,7,8,9,10,37,38,39,40,41,42	103	849	959	42|9|2|0|2|1|16|14|1|3|2|1
GA	Allmis	LTR	ERV4	SFV1-13_AMi-I	JH731533:294215-295752-	JH736112:7666-9426+	73	140	0	1003,1009,1013,1014,1018,1021,154,165,177,18,187,19,21,218,22,4,632,640,642,652,655,8,9,911,932,934,936,946,954,960,965,996,999	1258,1266,1268,1278,1281,1537,1558,1560,1562,1572,1580,1586,1591,1622,1625,1629,1635,1639,1640,1644,1647,635,639,640,649,650,652,653,785,796,808,818,849	4	1,2,3,4,5,6,7,17,18,19,20,21,35,36,37,38,39,49,50,51,52,53,54,55,56,57,58,59,60,61,62,63,64	219	1013	1106	73|9|7|0|5|2|13|20|2|4|3|1
GA	Allmis	LTR	ERV4	SFV1-13_AMi-I	JH731533:294215-295752-	JH732970:1101249-1102832+	70	116	0	107,111,117,119,126,214,218,230,239,241,242,318,319,321,324,326,327,328,342,355,632,640,642,652,655,909,911,932,934,936,941,946	1259,1267,1269,1279,1282,1536,1538,1559,1561,1563,1568,1573,734,738,744,746,753,841,845,857,866,868,869,945,946,948,951,953,954,955,969,982	5	7,8,9,10,11,16,17,18,19,20,21,25,26,27,28,29,30,31,32,33,49,50,51,52,53,64,65,66,67,68,69,70	149	840	956	70|7|4|1|4|3|12|9|1|2|2|1
GA	Allmis	LTR	ERV4	SFV1-13_AMi-I	JH731533:294215-295752-	JH732157:39045-40733+	73	127	0	1009,1013,1018,1021,117,119,126,132,144,321,324,326,327,328,342,462,466,467,468,469,508,511,614,616,632,640,642,652,655,679,909,911,932,934,936,946,954,960,965,970,996,999	1103,1107,1108,1109,1110,1149,1152,1251,1253,1269,1277,1279,1289,1292,1316,1547,1549,1570,1572,1574,1584,1592,1598,1603,1608,1634,1637,1647,1651,1656,1659,758,760,767,773,785,962,965,967,968,969,983	6	5,6,7,8,9,18,19,20,21,22,23,30,31,32,33,34,35,36,39,40,41,42,43,44,45,46,58,59,60,61,62,63,64,65,66,67,68,69,70,71,72,73	280	902	1005	73|11|2|0|3|2|13|14|1|4|2|2
GA	Allmis	LTR	ERV4	SFV1-13_AMi-I	JH731533:294215-295752-	JH737633:135276-136813+	52	108	0	18,19,21,22,4,614,616,632,640,642,652,655,668,671,8	1256,1258,1274,1282,1284,1294,1297,1310,1313,646,650,660,661,663,664	2	1,2,3,4,5,6,36,37,38,39,40,41,42,43,44	77	668	895	52|11|3|2|2|2|9|19|3|3|1|1
GA	Allmis	LTR	ERV4	SFV1-13_AMi-I	JH731533:294215-295752-	JH732202:30635-32300+	66	125	0	632,640,642,652,655,668,932,934,936,946,960	1278,1286,1288,1298,1301,1314,1589,1591,1593,1603,1616	2	38,39,40,41,42,43,59,60,61,62,63	65	339	989	66|13|3|0|4|2|13|18|0|3|2|1
GA	Allmis	LTR	ERV4	SFV1-13_AMi-I	JH731533:294215-295752-	JH734158:99868-101351+	37	95	0	132,150,177,18,19,21,214,218,22,4,8	646,650,660,661,663,664,774,792,819,856,860	2	1,2,3,4,5,6,15,16,17,18,19	106	215	842	37|4|2|1|3|0|21|17|0|5|5|0
GA	Allmis	LTR	ERV4	SFV1-13_AMi-I	JH731533:294215-295752-	JH737439:86470-88420-	89	144	0	107,117,119,126,132,150,154,165,177,193,214,218,230,318,319,321,324,326,327,328,396,397,400,416,418,909,911,932,934,936,946,954,960,965,970,981,986,987,989,993,996,999	1033,1034,1037,1053,1055,1544,1546,1567,1569,1571,1581,1589,1595,1600,1605,1616,1621,1622,1624,1628,1631,1634,742,752,754,761,767,785,789,800,812,828,851,855,867,955,956,958,961,963,964,965	4	6,7,8,9,10,11,12,13,14,15,16,17,18,26,27,28,29,30,31,32,40,41,42,43,44,73,74,75,76,77,78,79,80,81,82,83,84,85,86,87,88,89	251	893	1005	89|5|3|2|3|2|12|17|0|4|7|0
GA	Allmis	LTR	ERV4	SFV1-13_AMi-I	JH731533:294215-295752-	JH737439:86470-88420-	15	24	0	1157,1162,1165,1179,1183,1245,1255,1305,1311,1316	1755,1760,1763,1777,1781,1843,1853,1903,1909,1914	2	1,2,3,4,5,10,11,12,13,14	99	160	198	15|0|0|1|0|1|2|3|0|1|0|1
GA	Allmis	LTR	ERV4	SFV1-13_AMi-I	JH731533:294215-295752-	JH734448:730001-732000-	57	91	0	1013,1014,1018,1021,1052,1054,1055,1056,1058,1061,1079,1103,1135,1137,1151,1154,1157,614,616,632,640,642,652,655,683,911,932,934,936,946,954,960,965,986,988,990,996,999	1389,1391,1407,1415,1417,1427,1430,1458,1686,1707,1709,1711,1721,1729,1735,1742,1763,1765,1767,1773,1776,1790,1791,1795,1798,1830,1832,1833,1834,1836,1839,1857,1881,1903,1905,1919,1922,1925	3	1,2,3,4,5,6,7,8,17,18,19,20,21,22,23,24,25,26,27,28,29,30,31,32,33,39,40,41,42,43,44,45,46,47,48,49,50,51	279	537	685	57|2|1|2|3|1|8|10|2|3|1|1
GA	Allmis	LTR	ERV4	SFV1-13_AMi-I	JH731533:294215-295752-	JH736323:348134-349246-	23	50	0	18,22,27,318,327,328,342,354,4,8	634,638,648,652,657,948,957,958,972,984	2	1,2,3,4,5,15,16,17,18,19	61	351	482	23|4|3|0|2|0|6|8|0|1|2|0
GA	Allmis	LTR	ERV4	SFV1-13_AMi-I	JH731533:294215-295752-	JH737364:315692-316816-	24	51	0	107,117,119,126,132,18,19,21,22,24,26,8,9	650,651,660,661,663,664,666,668,749,759,761,768,774	2	1,2,3,4,5,6,7,8,10,11,12,13,14	45	125	482	24|4|2|1|1|0|6|9|0|1|2|0
GA	Allmis	LTR	ERV4	SFV1-13_AMi-I	JH731533:294215-295752-	JH737364:69084-70907-	38	62	0	107,117,119,126,132,239,241,249,251,252,312,318,319,321,324,326,327,328	736,746,748,755,761,868,870,878,880,881,941,947,948,950,953,955,956,957	3	9,10,11,12,13,20,21,22,23,24,26,27,28,29,30,31,32,33	57	222	482	38|3|2|1|1|1|3|9|0|0|3|1
GA	Allmis	LTR	ERV4	SFV1-13_AMi-I	JH731533:294215-295752-	JH734462:423974-425707-	36	62	0	107,117,119,122,126,132,144,146,18,19,21,22,4,8	635,639,649,650,652,653,738,748,750,753,757,763,775,777	2	1,2,3,4,5,6,11,12,13,14,15,16,17,18	59	143	483	36|5|0|1|3|0|5|9|0|1|2|0
GA	Allmis	LTR	ERV4	SFV1-13_AMi-I	JH731533:294215-295752-	JH734462:423974-425707-	27	46	0	598,601,607,614,616,624,932,934,936,946,954	1374,1377,1383,1390,1392,1400,1703,1705,1707,1717,1725	2	1,2,3,4,5,6,23,24,25,26,27	50	352	393	27|2|0|0|1|1|4|6|1|3|0|1
GA	Allmis	LTR	ERV4	SFV1-13_AMi-I	JH731533:294215-295752-	JH738206:39380-40456-	28	60	0	107,117,119,126,132,18,19,21,22,27,63,75,78,80,91	611,612,614,615,620,656,668,671,673,684,700,710,712,719,725	3	1,2,3,4,5,6,7,8,9,10,11,12,13,14,15	117	115	482	28|6|3|0|1|1|5|11|1|1|3|0
GA	Allmis	LTR	ERV4	SFV1-13_AMi-I	JH731533:294215-295752-	JH734488:248625-249461+	27	44	0	1038,1040,1042,1043,1047,1061,1064,1067,1068,1075,1079,1096,911,932,934,936,946,960,965,974,981,986	212,233,235,237,247,261,266,275,282,287,339,341,343,344,348,362,365,368,369,376,380,397	4	4,5,6,7,8,9,10,11,12,13,16,17,18,19,20,21,22,23,24,25,26,27	137	186	414	27|2|1|1|2|1|2|3|1|2|0|2
GA	Allmis	LTR	ERV4	SFV1-13_AMi-I	JH731533:294215-295752-	JH733995:231086-232026+	15	22	0	107,119,126,144,150,177,18,19,21,22,4	633,647,648,650,651,736,748,755,773,779,806	2	1,2,3,4,5,7,8,9,10,11,12	90	174	302	15|1|0|0|0|0|2|4|0|0|0|0
GA	Allmis	LTR	ERV4	SFV1-13_AMi-I	JH731533:294215-295752-	JH737047:67755-69165-	46	73	0	107,117,119,122,132,312,318,319,321,324,326,327,328,334,341,342,354,355	326,336,338,341,351,531,537,538,540,543,545,546,547,553,560,561,573,574	3	6,7,8,9,10,24,25,26,27,28,29,30,31,32,33,34,35,36	71	249	453	46|4|3|0|1|0|5|11|0|1|2|0
GA	Allmis	LTR	ERV4	SFV1-13_AMi-I	JH731533:294215-295752-	JH735343:301613-301968+	27	35	0	1233,1245,1260,1261,1262,1263,1264,1305,1311,1316,1416,1425,1427,1429,1438,1442,1466	192,20,201,203,205,214,218,242,35,36,37,38,39,8,81,87,92	2	1,2,3,4,5,6,7,8,9,10,16,17,18,19,20,21,22	136	235	307	27|2|0|0|0|2|3|1|0|0|0|0
GA	Allmis	LTR	ERV4	SFV1-13_AMi-I	JH731694:176932-178576-	JH733072:391080-392734-	65	145	0	1132,1139,1150,1153,1167,170,192,193,203,204,22,23,24,25,35,39,41,42,53	1136,1143,1154,1157,1171,170,192,193,203,204,22,23,24,25,35,39,41,42,53	3	1,2,3,4,5,6,7,8,9,11,12,13,14,15,46,47,48,49,50	103	1150	1645	65|11|6|0|8|0|24|14|2|2|4|2
GA	Allmis	LTR	ERV4	SFV1-13_AMi-I	JH731694:176932-178576-	JH738596:14080-15730-	62	158	0	178,180,183,186,187,22,23,24,25,32,35,53,945,946,948,954,955	178,180,183,186,187,22,23,24,25,32,35,53,948,949,951,957,958	3	1,2,3,4,5,6,7,10,11,12,13,14,39,40,41,42,43	53	937	1646	62|17|5|2|8|2|26|14|2|1|7|4
GA	Allmis	LTR	ERV4	SFV1-13_AMi-I	JH731694:176932-178576-	JH734448:730001-732000-	87	164	0	129,133,136,138,173,175,177,182,213,230,240,259,261,267,309,312,314,318,354,355,360,362,380,381,383,389,39,402,41,42,588,590,591,592,594,627,65,67,82,93,95,96,99	129,133,136,138,173,175,177,182,213,230,240,259,261,267,309,312,314,318,354,355,361,363,381,382,384,39,390,403,41,42,592,594,595,596,598,631,65,67,82,93,95,96,99	5	5,6,7,8,9,10,11,12,13,14,15,16,17,18,19,20,21,22,23,24,25,26,27,28,29,30,31,32,33,34,35,36,37,38,39,40,41,49,50,51,52,53,54	408	593	1639	87|9|5|0|6|1|22|16|2|1|6|4
GA	Allmis	LTR	ERV4	SFV1-13_AMi-I	JH731694:176932-178576-	JH737364:69084-70907-	114	187	0	133,136,138,140,157,192,193,197,198,200,202,203,204,217,218,230,233,311,312,314,318,360,362,38,389,411,417,419,420,432,53,588,590,591,592,594,615,618,627,64,65,67,79,939,945,946,948,951,953,954,955,961,969,982	133,136,138,140,157,192,193,197,198,200,202,203,204,217,218,230,233,311,312,314,318,360,362,37,389,413,419,421,422,434,53,590,592,593,594,596,617,620,629,64,65,67,79,941,947,948,950,953,955,956,957,963,971,984	7	5,6,7,8,9,10,11,12,13,14,15,18,19,20,21,22,23,24,25,26,27,28,29,33,34,35,36,37,38,39,40,41,42,43,44,48,49,50,51,52,53,54,55,67,68,69,70,71,72,73,74,75,76,77	373	948	1645	114|13|6|1|6|0|15|12|2|1|6|4
GA	Allmis	LTR	ERV4	SFV1-13_AMi-I	JH731694:176932-178576-	JH737364:315692-316816-	27	75	0	219,259,261,267,318,360,362,645,646,648,651,653	219,271,273,279,330,372,374,660,661,663,666,668	2	4,5,6,7,8,9,10,14,15,16,17,18	165	450	1116	27|5|2|2|1|0|18|7|2|2|2|2
GA	Allmis	LTR	ERV4	SFV1-13_AMi-I	JH731694:176932-178576-	JH737047:67755-69165-	90	141	0	1011,1017,1018,1023,1024,1026,1027,1223,1224,1235,1237,1247,1248,1250,1383,1386,1389,1392,1413,1415,1448,1530,1531,1538,1594,1606,1633,1639,500,502,504,506,512,646,648,651,653,654,698,702,730,939,945,946,948,951,953,954,955,961,968,969,981,982,994	1005,1007,104,1040,1122,1123,1129,1185,1197,1224,1230,238,240,243,245,246,290,294,322,531,537,538,540,543,545,546,547,553,560,561,573,574,586,603,609,610,615,616,618,619,815,816,827,829,839,840,842,92,94,96,975,978,98,981,984	7	3,4,5,6,7,15,16,17,18,19,20,21,22,34,35,36,37,38,39,40,41,42,43,44,45,46,47,48,49,50,51,52,53,54,68,69,70,71,72,73,74,76,77,78,79,80,81,82,84,85,86,87,88,89,90	391	1139	1232	90|6|7|1|3|0|8|11|2|0|4|4
GA	Allmis	LTR	ERV4	SFV1-13_AMi-I	JH731694:176932-178576-	JH735459:207399-208878+	38	100	0	42,53,65,67,82,945,946,954,955,969	42,53,65,67,82,941,942,950,951,965	2	3,4,5,6,7,33,34,35,36,37	66	924	1107	38|15|4|1|2|1|19|10|1|1|2|2
GA	Allmis	LTR	ERV4	SFV1-13_AMi-I	JH731694:176932-178576-	JH732514:327274-328399-	56	115	0	213,219,230,259,261,267,317,318,360,362,389,395,411	213,219,231,260,262,268,318,319,361,363,390,396,412	2	13,14,15,16,17,18,19,20,21,22,23,24,25	201	200	1111	56|15|4|0|5|0|15|9|1|1|2|3
GA	Allmis	LTR	ERV4	SFV1-13_AMi-I	JH731694:176932-178576-	JH736112:7666-9426+	60	115	0	136,138,140,153,159,173,175,177,178,180,182,24,240,25,261,267,317,318,321,39,41,42,53,588,590,592,594,615,79	135,137,139,152,158,172,174,176,177,179,181,23,24,241,262,268,318,319,322,38,40,41,52,592,594,596,598,619,78	4	1,2,3,4,5,6,7,9,10,11,12,13,14,15,16,17,18,19,24,25,26,27,28,29,37,38,39,40,41	213	597	1111	60|14|3|0|4|0|12|14|1|0|2|0
GA	Allmis	LTR	ERV4	SFV1-13_AMi-I	JH731694:176932-178576-	JH734158:99868-101351+	45	120	0	140,159,170,183,185,186,41,42,53,64,645,646,648,65,702,718,75	140,159,170,183,185,186,41,42,53,64,65,660,661,663,717,733,75	3	4,5,6,7,8,9,14,15,16,17,18,19,33,34,35,36,37	156	693	1116	45|11|3|2|2|1|31|14|3|2|0|2
GA	Allmis	LTR	ERV4	SFV1-13_AMi-I	JH731694:176932-178576-	JH734113:292973-294265+	51	113	0	183,185,186,187,189,192,193,204,240,259,261,267,284,939,953,955,968,969	180,182,183,184,186,189,190,201,237,256,258,264,281,929,943,945,958,959	3	9,10,11,12,13,14,15,16,17,18,19,20,21,44,45,46,47,48	134	780	1104	51|13|4|1|3|1|16|13|1|3|0|3
GA	Allmis	LTR	ERV4	SFV1-13_AMi-I	JH731694:176932-178576-	JH739617:371791-373996-	71	127	0	240,243,245,259,261,267,298,318,355,360,362,383,389,395,402,417,419,420,432,588,590,592,594,627,945,946,951,953,954,969	240,243,245,259,261,267,298,318,355,360,362,383,389,395,402,420,422,423,435,591,593,595,597,630,944,945,950,952,953,968	4	19,20,21,22,23,24,25,26,27,28,29,30,31,32,33,34,35,36,37,44,45,46,47,48,63,64,65,66,67,68	262	729	1108	71|11|2|0|5|2|16|11|0|1|2|2
GA	Allmis	LTR	ERV4	SFV1-13_AMi-I	JH731694:176932-178576-	JH732157:39045-40733+	64	124	0	1089,1093,1094,1095,1096,389,395,400,402,411,432,932,948,951,953,954,955	1103,1107,1108,1109,1110,401,407,412,414,423,447,946,962,965,967,968,969	3	24,25,26,27,28,29,48,49,50,51,52,53,60,61,62,63,64	79	710	1116	64|17|2|1|2|1|16|10|4|0|3|0
GA	Allmis	LTR	ERV4	SFV1-13_AMi-I	JH731694:176932-178576-	JH732970:1101249-1102832+	90	137	0	10,1065,1089,1092,1094,1096,192,193,197,198,200,202,204,23,233,24,240,243,25,257,259,261,267,294,298,306,309,311,32,35,355,360,362,371,373,380,389,41,411,416,417,419,42,420,432,488,489,491,492,493,5,500,502,504,506,53,64,65,67,690,702,738,753,759,76,945,946,948,951,953,954,955	10,1065,1089,1092,1094,1096,192,193,197,198,200,202,204,23,233,24,240,243,25,257,259,261,267,294,298,306,309,311,32,35,355,360,362,371,373,380,389,41,414,419,42,420,422,423,435,490,491,493,494,495,5,502,504,506,508,53,64,65,67,690,702,738,753,759,76,945,946,948,951,953,954,955	8	1,2,3,4,5,6,7,8,9,10,11,12,13,14,19,20,21,22,23,24,25,26,27,28,29,30,31,32,33,34,35,36,37,38,39,40,41,42,43,44,45,46,47,48,49,50,51,52,53,54,55,56,57,58,59,63,64,65,66,67,75,76,77,78,79,80,81,86,87,88,89,90	505	1092	1109	90|13|3|3|2|1|9|9|0|0|3|0
GA	Allmis	LTR	ERV4	SFV1-13_AMi-I	JH731694:176932-178576-	JH736990:97190-99315-	75	137	0	1016,1018,1023,1024,1026,1027,106,107,108,140,148,151,157,159,160,170,173,175,183,186,192,193,204,213,215,217,218,219,233,259,261,267,309,311,321,389,402,411,417,419,420,95,99	1031,1033,1038,1039,1041,1042,106,107,108,140,148,151,157,159,160,170,173,175,183,186,192,193,204,213,215,217,218,219,233,271,273,279,321,323,333,401,414,425,432,434,435,95,99	5	5,6,7,8,9,10,11,12,13,14,15,16,17,18,19,20,21,22,23,24,25,26,27,28,29,30,31,32,33,34,35,39,40,41,42,43,44,67,68,69,70,71,72	288	948	1116	75|16|3|2|5|0|14|12|1|1|3|1
GA	Allmis	LTR	ERV4	SFV1-13_AMi-I	JH731694:176932-178576-	JH733829:441590-443620+	34	91	0	193,204,240,243,261,267,288,318,945,954,961,968,969	110,140,15,26,62,65,770,779,786,793,794,83,89	2	1,2,3,4,5,6,7,8,26,27,28,29,30	151	780	923	34|8|2|0|2|2|21|11|3|2|2|0
GA	Allmis	LTR	ERV4	SFV1-13_AMi-I	JH731694:176932-178576-	JH732202:30635-32300+	83	145	0	106,108,192,193,197,198,200,215,218,259,261,267,298,303,309,311,312,318,325,354,355,360,362,380,381,383,389,395,400,402,403,41,411,416,417,419,42,420,53,645,646,648,65,651,653,67,79,82,93,945,95,953,954,955,96,961,969,99	106,108,192,193,197,198,200,215,218,271,273,279,310,315,321,323,324,330,337,366,367,372,374,392,393,395,402,408,41,413,415,416,42,427,432,433,435,436,53,65,661,662,664,667,669,67,79,82,93,95,96,961,969,970,971,977,988,99	6	3,4,5,6,7,8,9,10,11,12,13,14,15,19,20,21,22,23,24,25,26,27,28,29,30,31,32,33,34,35,36,37,38,39,40,41,42,43,44,45,46,47,48,49,50,51,52,62,63,64,65,66,75,76,77,78,79,80	352	948	1118	83|16|3|1|5|2|13|13|2|0|2|1
GA	Allmis	LTR	ERV4	SFV1-13_AMi-I	JH731694:176932-178576-	JH737439:86470-88420-	75	126	0	1016,1017,1018,1023,1024,1027,298,309,311,312,314,318,341,354,355,360,362,371,380,381,383,398,399,400,402,403,411,417,945,946,948,951,953,954,955,961,968,969,982	1026,1027,1028,1033,1034,1037,303,314,316,317,319,323,346,359,360,365,367,376,385,386,388,403,404,405,407,408,420,426,955,956,958,961,963,964,965,971,978,979,992	5	5,6,7,8,9,10,11,12,13,14,15,16,17,18,19,21,22,23,24,25,26,27,52,53,54,55,56,57,58,59,60,61,62,63,64,65,66,67,68	195	735	870	75|8|5|2|2|0|9|13|1|3|3|1
GA	Allmis	LTR	ERV4	SFV1-13_AMi-I	JH731694:176932-178576-	JH735343:300293-301615+	62	105	0	500,502,504,506,512,646,648,651,653,654,945,946,951,953,954,955,968,969	100,106,239,241,244,246,247,537,538,543,545,546,547,560,561,94,96,98	3	8,9,10,11,12,22,23,24,25,26,44,45,46,47,48,49,50,51	47	468	697	62|10|4|1|4|3|2|10|0|0|2|2
GA	Allmis	LTR	ERV4	SFV1-13_AMi-I	JH731753:1015242-1017313+	JH739617:371791-373996-	123	213	0	1235,1238,1245,1247,1255,1263,1273,1645,1649,1652,1657,1661,1663,1664,1666,1815,1819,1837,1839,1844,1865,390,391,396,403,412,421,529,535,550,580,592,594,596,598,628,631,635,639,640,939,949,950,955,957,958	1230,1233,1240,1242,1250,1258,1268,1640,1644,1647,1652,1656,1658,1659,1661,1810,1814,1832,1834,1839,1860,389,390,395,402,411,420,528,534,549,579,591,593,595,597,627,630,634,638,639,934,944,945,950,952,953	6	30,31,32,33,34,35,42,43,44,45,46,47,48,49,50,51,52,53,54,66,67,68,69,70,71,77,78,79,80,81,82,83,94,95,96,97,98,99,100,101,110,111,112,113,114,115	276	1472	2068	123|17|0|2|6|12|26|17|4|1|2|3
GA	Allmis	LTR	ERV4	SFV1-13_AMi-I	JH731753:1015242-1017313+	JH733590:96909-98499+	57	139	0	312,313,315,318,319,382,384,390,404,436,510,516,535,550,580,598	311,312,314,317,318,380,382,388,402,434,508,514,533,548,578,596	3	11,12,13,14,15,16,17,18,19,20,21,22,23,24,25,26	288	286	1590	57|15|1|2|5|2|32|15|2|2|3|2
GA	Allmis	LTR	ERV4	SFV1-13_AMi-I	JH731753:1015242-1017313+	JH736112:7666-9426+	106	186	0	1642,1644,1645,1649,1652,1657,1696,1711,173,1735,1746,175,1752,1757,177,178,180,182,193,592,594,596,598,619,936,939,943,949,952	1637,1639,1640,1644,1647,1652,1689,1704,172,1728,174,1740,1746,1751,176,177,179,181,192,592,594,596,598,619,936,939,943,949,952	5	15,16,17,18,19,20,21,42,43,44,45,46,65,66,67,68,69,91,92,93,94,95,96,101,102,103,104,105,106	145	1580	1763	106|14|2|1|5|5|28|17|2|1|2|2
GA	Allmis	LTR	ERV4	SFV1-13_AMi-I	JH731753:1015242-1017313+	JH735459:207399-208878+	53	126	0	23,25,390,391,403,41,412,415,42,52,53,939,949,950,958,959	23,25,389,390,402,41,411,414,42,52,53,931,941,942,950,951	3	1,2,3,4,5,6,21,22,23,24,25,40,41,42,43,44	78	929	1483	53|20|2|1|3|3|25|9|1|2|3|3
GA	Allmis	LTR	ERV4	SFV1-13_AMi-I	JH731753:1015242-1017313+	JH736990:97190-99315-	113	200	0	1020,1022,1027,1028,1030,1031,1235,1237,1238,1255,1263,1453,1479,1485,1529,1537,1543,1649,1652,1657,1661,1663,1664,1665,1666,1687,170,173,175,183,186,192,193,204,215,217,218,219,22,23,233,24,245,25,257,261,267,312,322,390,391,403,412,415,52,649,650,652,653,655	1031,1033,1038,1039,1041,1042,1246,1248,1249,1266,1274,1464,1490,1496,1540,1548,1554,1660,1663,1668,1672,1674,1675,1676,1677,1696,170,173,175,183,186,192,193,204,215,217,218,219,22,23,233,24,25,257,269,273,279,323,333,401,402,414,423,426,52,660,661,663,664,666	10	1,2,3,4,5,16,17,18,19,20,21,22,23,24,25,26,27,28,29,30,31,32,33,34,39,40,41,42,43,56,57,58,59,60,74,75,76,77,78,79,85,86,87,88,89,96,97,98,99,100,101,105,106,107,108,109,110,111,112,113	399	1675	1714	113|22|1|2|5|3|23|21|5|1|2|2
GA	Allmis	LTR	ERV4	SFV1-13_AMi-I	JH731753:1015242-1017313+	JH732157:39045-40733+	117	197	0	1093,1097,1098,1099,1100,1127,1218,1235,1238,1245,1247,1263,1271,1273,1286,1310,1326,1329,1341,1358,1383,1384,1389,1523,1529,1537,1540,1543,1642,1644,1649,1652,1657,1661,1663,1664,1665,1666,22,23,24,25,342,349,356,361,363,38,390,391,396,40,401,403,41,412,415,42,504,506,510,52,53,535,550,580,622,628,631,635,639,640,952,955,957,958,959	1103,1107,1108,1109,1110,1137,1224,1241,1244,1251,1253,1269,1277,1279,1292,1316,1332,1335,1347,1364,1389,1390,1395,1530,1536,1544,1547,1550,1649,1651,1656,1659,1664,1668,1670,1671,1672,1673,22,23,24,25,353,360,367,372,374,38,40,401,402,407,41,412,414,42,423,426,515,517,52,521,53,546,561,591,633,639,642,646,650,651,962,965,967,968,969	11	1,2,3,4,5,6,7,8,9,10,21,22,23,24,25,26,27,28,29,30,31,32,36,37,38,39,40,41,42,43,44,45,46,47,62,63,64,65,66,72,73,74,75,76,77,81,82,83,84,85,86,87,88,89,90,91,92,93,94,95,96,97,100,101,102,103,104,108,109,110,111,112,113,114,115,116,117	507	1652	1682	117|21|1|0|3|4|25|15|5|2|1|3
GA	Allmis	LTR	ERV4	SFV1-13_AMi-I	JH731753:1015242-1017313+	JH734158:99868-101351+	63	150	0	1338,1369,1376,1377,1384,40,41,42,52,53,64	1347,1378,1385,1386,1393,40,41,42,52,53,64	2	4,5,6,7,8,9,58,59,60,61,62	72	1354	1478	63|10|2|1|4|2|39|15|4|4|3|3
GA	Allmis	LTR	ERV4	SFV1-13_AMi-I	JH731753:1015242-1017313+	JH737633:135276-136813+	82	170	0	1245,1247,1263,1271,1273,1286,1299,1302,1440,1452,1453,1479,1485,1506,622,628,631,635,639,939,955,957,958,959	1256,1258,1274,1282,1284,1297,1310,1313,1451,1463,1464,1490,1496,1517,633,639,642,646,650,950,966,968,969,970	4	28,29,30,31,32,47,48,49,50,51,65,66,67,68,69,70,71,72,77,78,79,80,81,82	164	885	1531	82|23|2|3|2|3|28|17|5|3|1|1
GA	Allmis	LTR	ERV4	SFV1-13_AMi-I	JH731753:1015242-1017313+	JH732970:1101249-1102832+	127	200	0	10,1235,1237,1238,1245,1247,192,193,197,198,200,202,204,23,24,25,257,261,267,295,299,307,312,32,35,356,36,361,363,372,374,390,391,41,412,415,42,420,421,492,493,495,496,497,5,504,506,510,52,53,535,550,64,949,950,952,955,957,958,959	10,1231,1233,1234,1241,1243,192,193,197,198,200,202,204,23,24,25,257,261,267,294,298,306,311,32,35,355,36,360,362,371,373,389,390,41,411,414,419,42,420,490,491,493,494,495,5,502,504,508,52,53,531,546,64,945,946,948,951,953,954,955	9	1,2,3,4,5,6,7,8,9,10,11,12,13,21,22,23,24,25,26,27,30,31,32,33,34,35,36,38,39,40,41,42,43,44,45,46,47,48,52,53,54,55,56,57,58,59,60,61,83,84,85,86,87,88,89,103,104,105,106,107	277	1239	1585	127|18|3|3|4|3|20|13|3|2|2|2
GA	Allmis	LTR	ERV4	SFV1-13_AMi-I	JH731753:1015242-1017313+	JH733354:140509-142084+	66	150	0	22,23,24,25,349,363,372,374,377,382,40,41,42,52,53	22,23,24,25,360,374,383,385,388,393,40,41,42,52,53	2	2,3,4,5,6,7,8,9,10,19,20,21,22,23,24	66	372	1574	66|28|3|2|3|2|25|13|4|2|1|1
GA	Allmis	LTR	ERV4	SFV1-13_AMi-I	JH731753:1015242-1017313+	JH732202:30635-32300+	123	202	0	1218,1235,1237,1238,1245,1247,1263,1271,1273,1286,1299,1329,1333,1344,1377,1384,1433,1434,1440,1453,1464,1479,170,173,182,192,193,197,198,200,24,25,261,267,299,304,312,313,319,349,355,356,361,363,382,384,385,390,391,396,40,401,403,404,41,412,415,42,420,421,504,506,510,52,53,535,550,580,649,650,652,653,655,657,857,872,873,880,883,939,949,957,958,959,965	1233,1250,1252,1253,1260,1262,1278,1286,1288,1301,1314,1344,1348,1359,1392,1399,1448,1449,1455,1468,1479,1495,170,173,182,192,193,197,198,200,24,25,273,279,310,315,323,324,330,360,366,367,372,374,393,395,396,40,402,403,408,41,413,415,416,42,424,427,432,433,516,518,52,522,53,547,562,592,661,662,664,665,667,669,869,884,885,892,895,951,961,969,970,971,977	13	1,2,3,4,5,6,7,16,17,18,19,20,21,22,23,26,27,28,29,30,31,32,34,35,36,37,38,39,40,41,42,43,44,45,46,47,48,49,50,51,56,57,58,59,60,61,67,68,69,70,71,72,79,80,81,82,83,84,85,86,87,88,89,96,97,98,99,100,101,102,103,104,105,106,107,108,109,110,111,112,113,114,115,116,117	656	1472	1649	123|22|2|0|5|7|20|17|2|0|1|3
GA	Allmis	LTR	ERV4	SFV1-13_AMi-I	JH731753:1015242-1017313+	JH734113:292973-294265+	65	135	0	183,185,186,187,189,35,36,38,40,41,42,5,52,870,872,879,880,883	180,182,183,184,186,35,36,38,40,41,42,5,52,855,857,865,866,869	3	1,2,3,4,5,6,7,8,13,14,15,16,17,48,49,50,51,52	70	865	1299	65|15|1|1|5|3|21|16|3|3|0|2
GA	Allmis	LTR	ERV4	SFV1-13_AMi-I	JH731753:1015242-1017313+	JH737439:86470-88420-	116	181	0	1020,1021,1022,1027,1028,1031,1047,1056,1057,1066,1093,1096,1098,1100,1238,1245,1263,1271,1273,1326,1329,1333,1377,1383,1384,1389,1609,1612,1617,1618,1620,1624,1627,1630,299,312,313,315,319,342,349,355,356,361,363,372,382,384,396,399,400,401,403,404,412,415,421,424,425,824,861,870,872,879,880,883,939,949,950,952,955,957,958,959,965	1026,1027,1028,1033,1034,1037,1053,1062,1063,1072,1099,1102,1104,1106,1242,1249,1267,1275,1277,1330,1333,1337,1381,1387,1388,1393,1613,1616,1621,1622,1624,1628,1631,1634,303,316,317,319,323,346,353,359,360,365,367,376,386,388,398,403,404,405,407,408,417,420,426,429,430,828,867,876,878,885,886,889,945,955,956,958,961,963,964,965,971	10	4,5,6,7,8,9,10,11,12,13,14,15,16,17,18,19,20,21,22,23,24,25,26,27,28,48,49,50,51,52,53,54,57,58,59,60,61,62,63,64,65,67,68,69,70,71,72,73,74,75,76,77,78,79,80,87,88,89,90,91,94,95,96,97,98,99,100,109,110,111,112,113,114,115,116	423	1332	1392	116|8|4|3|5|4|17|12|2|3|5|2
GA	Allmis	LTR	ERV4	SFV1-13_AMi-I	JH731753:1015242-1017313+	AKHW01036425:0-1143+	49	118	0	1644,1649,1657,1661,1663,1664,1665,1666,1757,1762,1767,1769,1772,1774	1087,1093,1098,1100,1103,1105,976,981,989,993,995,996,997,998	2	32,33,34,35,36,37,38,39,44,45,46,47,48,49	42	130	1143	49|9|1|0|2|4|34|10|3|1|1|4
GA	Allmis	LTR	ERV4	SFV1-13_AMi-I	JH731753:1015242-1017313+	JH732514:327274-328399-	65	122	0	32,390,391,396,41,412,415,42,52,53,58	32,390,391,396,41,412,415,42,52,53,58	2	1,2,3,4,5,6,26,27,28,29,30	53	384	1125	65|16|1|0|3|2|18|8|3|2|1|3
GA	Allmis	LTR	ERV4	SFV1-13_AMi-I	JH731753:1015242-1017313+	JH738206:39380-40456-	41	101	0	510,516,529,550,595,628,649,650,652,653,658	472,478,491,512,557,590,611,612,614,615,620	2	14,15,16,17,18,19,20,21,22,23,24	150	149	1074	41|12|1|0|2|3|22|13|3|2|1|1
GA	Allmis	LTR	ERV4	SFV1-13_AMi-I	JH731753:1015242-1017313+	JH734462:423974-425707-	60	114	0	506,510,516,529,535,580,595,619,622,628,631,635,639	503,507,513,526,532,577,592,619,622,628,631,635,639	2	26,27,28,29,30,31,32,33,34,35,36,37,38	138	137	1114	60|15|1|1|6|2|14|11|2|1|0|1
GA	Allmis	LTR	ERV4	SFV1-13_AMi-I	JH731753:1015242-1017313+	JH733072:391080-392734-	62	128	0	22,23,24,25,35,36,506,510,529,535,580,594,598,635,639,640,649,650,652,653,655	22,23,24,25,35,36,507,511,530,536,581,595,599,636,640,641,650,651,653,654,656	3	1,2,3,4,5,6,34,35,36,37,38,39,40,41,42,43,44,45,46,47,48	166	635	1113	62|11|1|1|5|2|24|14|2|2|1|1
GA	Allmis	LTR	ERV4	SFV1-13_AMi-I	JH731753:1015242-1017313+	JH738596:14080-15730-	58	128	0	178,180,183,186,187,193,208,22,23,24,25,32,35,36,382,384,385,412,415,939,949,950,952,958,959	178,180,183,186,187,193,208,22,23,24,25,32,35,36,381,383,384,411,414,938,948,949,951,957,958	4	1,2,3,4,5,6,7,13,14,15,16,17,18,19,28,29,30,31,32,50,51,52,53,54,55	101	937	1112	58|14|1|1|4|2|24|10|1|3|2|3
GA	Allmis	LTR	ERV4	SFV1-13_AMi-I	JH731753:1015242-1017313+	JH734448:730001-732000-	73	127	0	261,267,313,315,319,349,355,356,361,363,382,384,385,506,510,535,550,580,592,594,595,596,598,628,631,635,639,640	261,267,312,314,318,348,354,355,360,362,382,384,385,506,510,535,550,580,592,594,595,596,598,628,631,635,639,640	3	24,25,26,27,28,29,30,31,32,33,34,35,36,43,44,45,46,47,48,49,50,51,52,53,54,55,56,57	261	380	1106	73|10|1|1|4|4|14|15|1|1|3|0
GA	Allmis	LTR	ERV4	SFV1-13_AMi-I	JH731753:1015242-1017313+	JH734448:730001-732000-	43	63	0	1235,1238,1245,1247,1263,1271,1273,1286,1609,1617,1619,1621,1627,1630,1642,1644,1645,1649,1652,1657,1665,1666,1684,1686,1687,1688,1690,1711,1735,1767,1769,1777,1779	1379,1382,1389,1391,1407,1415,1417,1430,1755,1763,1765,1767,1773,1776,1788,1790,1791,1795,1798,1803,1811,1812,1830,1832,1833,1834,1836,1857,1881,1903,1905,1913,1915	4	1,2,3,4,5,6,7,8,17,18,19,20,21,22,23,24,25,26,27,28,29,30,31,32,33,34,35,36,37,38,39,40,41	215	537	686	43|2|0|0|2|3|7|4|0|1|0|1
GA	Allmis	LTR	ERV4	SFV1-13_AMi-I	JH731753:1015242-1017313+	JH737364:69084-70907-	90	144	0	186,192,193,197,198,200,202,203,204,22,23,24,25,35,52,53,550,580,592,594,595,596,598,619,622,628,631,635,639,64,640,870,872,879,880,883,936,939,943,949,950,952,955,957,958,959,965	186,192,193,197,198,200,202,203,204,22,23,24,25,35,52,53,548,578,590,592,593,594,596,617,620,626,629,633,637,638,64,868,870,877,878,881,934,937,941,947,948,950,953,955,956,957,963	5	1,2,3,4,5,6,7,8,16,17,18,19,20,21,22,23,24,49,50,51,52,53,54,55,56,57,58,59,60,61,62,70,71,72,73,74,75,76,77,78,79,80,81,82,83,84,85	250	942	1112	90|13|1|0|2|1|13|12|2|2|3|3
GA	Allmis	LTR	ERV4	SFV1-13_AMi-I	JH731753:1015242-1017313+	JH735343:300293-301615+	117	178	0	1027,1028,1030,1031,1047,1056,1057,1066,1093,1135,1139,1142,1153,1186,1190,1218,1219,1224,1226,1227,1229,1235,1237,1238,1369,1376,1377,1383,1384,1389,1453,1464,1479,1485,1519,1523,483,504,506,510,516,529,535,550,553,580,622,628,631,635,639,640,650,652,653,655,657,658,824,861,870,872,873,879,880,949,950,955,957,958,959	100,1041,1052,106,1067,1073,1107,1111,119,125,140,143,170,212,218,221,225,229,230,239,241,242,244,246,247,413,450,459,461,462,468,469,537,538,543,545,546,547,615,616,618,619,635,644,645,654,681,723,727,73,730,741,774,778,806,807,812,814,815,817,823,825,826,94,957,96,964,965,971,972,977	10	6,7,8,9,10,11,12,13,14,15,20,21,22,23,24,25,26,27,28,29,30,31,44,45,46,47,48,49,50,53,54,55,56,57,58,62,63,64,65,66,67,68,69,70,72,73,74,75,76,77,79,80,81,82,83,84,85,86,87,94,95,96,97,98,99,102,103,104,105,106,107	439	1039	1207	117|13|3|2|7|4|12|11|3|0|3|2
GA	Allmis	LTR	ERV4	SFV1-13_AMi-I	JH731753:1015242-1017313+	JH739720:39577-41375-	32	89	0	580,594,619,628,631,639,640,652,653,655,657,658,936,939,949,958,959	358,372,397,406,409,417,418,430,431,433,435,436,714,717,727,736,737	3	12,13,14,15,16,17,18,19,20,21,22,23,27,28,29,30,31	104	380	891	32|13|1|0|2|1|26|8|1|2|1|1
GA	Allmis	LTR	ERV4	SFV1-13_AMi-I	JH731753:1015242-1017313+	JH735011:592006-592720+	35	71	0	1519,1523,1529,1537,1543,1644,1645,1649,1652,1657,1665,1666	319,323,329,337,343,444,445,449,452,457,465,466	2	13,14,15,16,17,20,21,22,23,24,25,26	48	148	712	35|3|2|0|2|2|21|4|0|1|0|1
GA	Allmis	LTR	ERV4	SFV1-13_AMi-I	JH731753:1015242-1017313+	JH737047:67755-69165-	65	101	0	1021,1022,1027,1028,1030,1031,504,506,510,516,529,535,550,580,598,619,622,628,631,635,639,640,650,652,653,655,657,658,857,870,872,873,879,939,943,949,950,952,955,957,958,959,965	104,117,123,138,168,186,207,210,216,219,223,227,228,238,240,241,243,245,246,445,458,460,461,467,527,531,537,538,540,543,545,546,547,553,609,610,615,616,618,619,92,94,98	5	6,7,8,9,10,11,12,13,14,15,16,17,18,19,20,21,22,23,24,25,26,27,36,37,38,39,40,44,45,46,47,48,49,50,51,52,53,58,59,60,61,62,63	217	528	701	65|9|1|2|3|2|8|9|0|0|1|1
GA	Allmis	LTR	ERV4	SFV1-13_AMi-I	JH731753:1015242-1017313+	JH737047:67755-69165-	34	59	0	1237,1238,1245,1247,1263,1271,1273,1286,1376,1377,1383,1384,1389	1009,1017,1019,1032,1122,1123,1128,1129,1134,983,984,991,993	2	6,7,8,9,10,11,12,13,18,19,20,21,22	63	152	441	34|4|1|0|0|4|8|5|0|0|2|1
GA	Allmis	LTR	ERV4	SFV1-13_AMi-I	JH731753:1015242-1017313+	JH733684:1128651-1129867+	37	69	0	1329,1333,1336,1337,1338,1523,1529,1537,1540,1543,1605,1609,1624,1627,1630	381,385,388,389,390,574,580,588,591,594,656,660,675,678,681	3	12,13,14,15,16,24,25,26,27,28,29,30,31,32,33	119	301	482	37|7|1|0|0|4|10|6|0|0|3|1
GA	Allmis	LTR	ERV4	SFV1-13_AMi-I	JH731763:1305939-1306446+	JH734362:443588-444212-	35	58	0	296,303,308,355,357,359,361,402,414,415,431,433,434,435,436,437	406,413,418,472,474,476,478,519,531,532,548,550,551,552,553,554	2	15,16,17,18,19,20,21,25,26,27,28,29,30,31,32,33	109	149	513	35|2|0|1|1|1|8|5|0|1|2|2
GA	Allmis	LTR	ERV4	SFV1-13_AMi-LTR	JH730990:16816-17145-	JH734215:45816-46564+	20	32	0	169,171,173,185,190,261,266,284,286,287,288,294,295,296	588,590,592,604,609,680,685,703,705,706,707,713,714,715	2	5,6,7,8,9,12,13,14,15,16,17,18,19,20	58	128	317	20|2|1|0|0|0|4|4|0|1|0|0
GA	Allmis	LTR	ERV4	SFV1-13_AMi-I	JH731763:1305939-1306446+	JH737047:67755-69165-	30	36	0	109,135,141,188,191,193,214,216,218,247,252,253,256,260,263,268,269,270,271,272,275,285	1197,1224,1230,1282,1285,1287,1308,1310,1312,1339,1344,1345,1348,1352,1355,1360,1361,1362,1363,1364,1367,1377	2	6,7,8,9,10,11,12,13,14,15,16,17,18,19,20,21,22,23,24,25,26,27	182	181	312	30|0|1|0|0|2|1|2|0|0|0|0
GA	Allmis	LTR	ERV4	SFV1-13_AMi-I	JH731763:1305939-1306446+	JH737364:69084-70907-	31	41	0	188,191,193,201,214,216,218,223,240,242,247,252,253,256,260,268,269,270,271,272,275	1693,1696,1698,1706,1719,1721,1723,1728,1745,1747,1752,1757,1758,1761,1765,1773,1774,1775,1776,1777,1780	2	7,8,9,10,11,12,13,14,15,16,17,18,19,20,21,22,23,24,25,26,27	89	88	313	31|1|0|0|1|2|2|2|0|0|2|0
GA	Allmis	LTR	ERV4	SFV1-13_AMi-I	JH731763:1305939-1306446+	JH735343:300293-301615+	33	46	0	121,135,141,170,174,188,191,193,209,214,216,218,223,240,242,247,252,253,256,260	1052,1067,1073,1107,1111,1125,1128,1130,1146,1151,1153,1155,1160,1177,1179,1184,1189,1190,1193,1197	2	8,9,10,11,12,13,14,15,16,17,18,19,20,21,22,23,24,25,26,27	147	146	313	33|2|0|1|0|2|3|4|0|0|0|1
GA	Allmis	LTR	ERV4	SFV1-13_AMi-LTR	JH730990:16816-17145-	JH732157:41448-42200+	18	34	0	109,118,121,133,267,282,287,294,295,95	518,532,541,544,556,690,705,710,717,718	2	2,3,4,5,6,14,15,16,17,18	68	201	318	18|3|2|1|1|0|3|3|0|2|0|1
GA	Allmis	LTR	ERV4	SFV1-13_AMi-I	JH731809:564514-566640+	JH737439:86470-88420-	161	217	0	1000,101,1017,1027,1030,1032,1034,1042,105,106,108,109,110,1172,1179,1193,1195,1197,1207,1245,125,126,1260,1263,1267,127,128,1311,1317,1323,1374,138,140,141,1419,142,1457,1471,1474,1476,148,1535,1546,1551,1552,1554,1558,1561,1616,1618,1619,1640,1641,1643,1656,1657,1659,1667,1670,1671,1673,1686,1689,1699,1726,233,246,247,249,253,295,306,315,316,318,324,325,333,334,335,337,338,346,349,355,359,438,440,442,444,481,484,672,691,697,730,758,795,804,806,883,886,889,891,892,893,899,906,920,954,955,961,962,965,978,981,983,990,991	1026,1027,1033,1034,1037,1050,1053,1055,1062,1063,1072,1089,1099,1102,1104,1106,1114,1242,1249,1263,1265,1267,1277,1315,1330,1333,1337,1381,1387,1393,1444,1489,1527,1541,1544,1546,1605,1616,1621,1622,1624,1628,1631,1667,1669,1670,1691,1692,1694,1707,1708,1709,1718,1721,1722,1724,1737,1740,175,1750,1777,179,180,182,183,184,195,196,197,198,208,210,211,212,219,303,316,317,319,323,365,376,385,386,388,394,395,403,404,405,407,408,417,420,426,430,508,510,512,514,551,554,742,761,767,800,828,867,876,878,955,958,961,963,964,965,971,978,992	15	4,5,6,7,8,9,10,11,12,13,14,15,16,17,18,24,25,26,27,28,31,32,33,34,35,36,37,38,39,40,41,42,43,44,45,46,48,49,50,51,52,53,57,58,59,60,61,62,63,64,71,72,73,74,75,76,77,78,79,80,81,82,83,84,85,86,87,88,89,90,91,92,93,94,95,96,104,105,106,107,108,109,113,114,115,116,117,118,119,120,121,122,123,124,125,127,128,129,130,131,132,133,134,135,136,137,138,139,140,141,142,143,144,145,146,147,148,149,150	923	1603	1876	161|4|3|1|2|5|12|10|0|3|10|3
GA	Allmis	LTR	ERV4	SFV1-13_AMi-I	JH731809:564514-566640+	JH734158:99868-101351+	47	98	0	1272,1303,1310,1311,1374,573,583,584,586,640,656	1347,1378,1385,1386,1449,650,660,661,663,717,733	2	23,24,25,26,27,28,43,44,45,46,47	187	800	1406	47|3|0|0|0|0|27|9|1|3|4|1
GA	Allmis	LTR	ERV4	SFV1-13_AMi-I	JH731809:564514-566640+	JH733590:96909-98499+	58	144	0	246,247,249,252,253,961,962,964,965,978,983	1025,1026,1028,1029,1042,1047,311,312,314,317,318	2	11,12,13,14,15,35,36,37,38,39,40	31	737	1519	58|17|0|5|1|2|29|16|1|3|5|3
GA	Allmis	LTR	ERV4	SFV1-13_AMi-I	JH731809:564514-566640+	JH736112:7666-9426+	86	176	0	100,101,105,1193,1195,1197,1207,1217,1220,1228,1248,1252,1263,553,573,574,583,584,586,96,98	1254,1256,1258,1268,1278,1281,1289,1309,1313,1324,172,174,176,177,181,619,639,640,649,650,652	3	6,7,8,9,10,34,35,36,37,38,39,65,66,67,68,69,70,71,72,73,74	115	1153	1590	86|14|4|4|5|7|23|16|2|3|5|3
GA	Allmis	LTR	ERV4	SFV1-13_AMi-I	JH731809:564514-566640+	JH736990:97190-99315-	103	195	0	1000,1017,1027,1034,1166,1169,1171,1172,1189,1193,1195,1197,130,138,140,141,142,148,149,156,173,175,178,18,192,194,196,202,29,30,31,565,573,574,583,584,586,589,7,71,74,83,93,954,96,961,962,964,965,978,98,983	1031,1038,1039,1041,1042,1055,106,1060,107,1077,108,1094,1104,1111,1243,1246,1248,1249,1266,1270,1272,1274,148,151,160,170,173,175,207,215,217,218,219,225,226,233,250,252,255,269,271,273,279,642,650,651,660,661,663,666,84,95	7	1,2,3,4,5,7,8,9,10,11,12,16,17,18,19,20,21,22,23,24,25,26,27,28,29,30,47,48,49,50,51,52,53,68,69,70,71,72,73,74,75,76,77,78,81,82,83,84,85,86,87,88	265	1191	1599	103|21|1|6|4|2|19|19|4|3|5|5
GA	Allmis	LTR	ERV4	SFV1-13_AMi-I	JH731809:564514-566640+	JH732157:39045-40733+	101	192	0	1017,1027,1031,1032,1033,1034,1152,1166,1169,1172,1179,1181,1193,1195,1197,1207,1217,1220,1244,1245,1260,1263,1275,1292,1317,1323,1457,1461,1463,1471,1474,1476,189,192,194,196,202,295,324,325,335,337,346,349,556,565,573,574,583,584,586,886,889,891,892,893	1093,1103,1107,1108,1109,1110,1224,1238,1241,1244,1251,1253,1265,1267,1269,1279,1289,1292,1316,1317,1332,1335,1347,1364,1389,1395,1530,1534,1536,1544,1547,1549,266,269,271,273,279,372,401,402,412,414,423,426,633,642,650,651,659,660,662,962,965,967,968,969	8	8,9,10,11,12,14,15,16,17,18,19,20,29,30,31,32,33,34,35,47,48,49,50,51,58,59,60,61,62,63,68,69,70,71,72,73,74,75,76,77,78,79,81,82,83,84,85,86,87,88,91,92,93,94,95,96	294	1284	1597	101|19|0|4|3|5|24|16|3|4|6|4
GA	Allmis	LTR	ERV4	SFV1-13_AMi-I	JH731809:564514-566640+	JH739617:371791-373996-	94	186	0	1000,1017,1027,1034,1166,1169,1172,1179,1181,1189,1193,1195,1197,178,189,194,196,202,295,318,324,325,337,346,355,883,889,891,892,926,978	1039,1061,1078,1088,1095,1227,1230,1233,1240,1242,1250,1254,1256,1258,243,254,259,261,267,360,383,389,390,402,411,420,944,950,952,953,987	5	9,10,11,12,13,16,17,18,19,20,21,22,56,57,58,59,60,61,62,63,64,65,70,71,72,73,74,75,76,77,78	271	1016	1571	94|14|0|4|5|6|28|17|2|3|5|5
GA	Allmis	LTR	ERV4	SFV1-13_AMi-I	JH731809:564514-566640+	JH739617:371791-373996-	26	42	0	1947,1963,1972,1974,1982,2010,2013,2045,2065,2077,2086	2027,2043,2052,2054,2062,2090,2093,2125,2145,2157,2166	1	15,16,17,18,19,20,21,22,23,24,25	140	140	422	26|5|1|1|0|1|2|3|1|0|1|1
GA	Allmis	LTR	ERV4	SFV1-13_AMi-I	JH731809:564514-566640+	JH733438:132918-134518-	58	158	0	1000,1007,1017,126,127,128,130,141,148,149,990,991	1048,1049,1058,1065,1075,202,203,204,206,213,220,221	2	1,2,3,4,5,6,7,38,39,40,41,42	48	874	1475	58|24|0|3|4|4|27|19|1|2|5|4
GA	Allmis	LTR	ERV4	SFV1-13_AMi-I	JH731809:564514-566640+	JH737633:135276-136813+	82	179	0	1161,1163,1166,1169,1172,1179,1181,1193,1195,1197,1207,1217,1220,556,565,573,583,584,586	1238,1240,1243,1246,1249,1256,1258,1270,1272,1274,1284,1294,1297,633,642,650,660,661,663	3	25,26,27,28,29,30,58,59,60,61,62,63,64,65,66,67,68,69,70	92	665	1460	82|21|2|5|4|2|26|19|4|3|6|2
GA	Allmis	LTR	ERV4	SFV1-13_AMi-I	JH731809:564514-566640+	JH732202:30635-32300+	118	203	0	1152,1166,1169,1171,1172,1179,1181,1193,1195,1197,1207,1217,1220,1245,1263,1267,1278,1311,1344,16,18,19,233,238,246,247,253,29,295,31,315,316,318,319,324,325,335,337,338,346,349,354,355,573,574,583,584,586,589,591,891,892,893,899,926	1007,106,108,1233,1247,1250,1252,1253,1260,1262,1274,1276,1278,1288,1298,1301,1326,1344,1348,1359,1392,1425,310,315,323,324,330,372,392,393,395,396,402,403,413,415,416,424,427,432,433,651,652,661,662,664,667,669,93,95,96,969,970,971,977	8	1,2,3,4,5,21,22,23,24,25,28,29,30,31,32,33,34,35,36,37,38,39,40,41,51,52,53,54,55,56,57,71,72,73,74,75,87,88,89,90,91,92,93,94,95,96,97,98,99,101,102,103,104,105,106	327	1333	1570	118|25|1|1|4|2|19|19|0|3|5|3
GA	Allmis	LTR	ERV4	SFV1-13_AMi-I	JH731809:564514-566640+	JH732970:1101249-1102832+	117	202	0	10,1003,1017,1039,1042,1061,1073,1098,1166,1169,1171,1172,1179,1181,1193,1195,1197,120,1207,121,1217,1220,123,125,127,189,19,192,194,196,202,29,295,306,308,315,324,325,426,427,429,430,431,433,5,7,883,886,889,891,892,893,978,981,983	1040,1043,1045,106,1065,1079,1101,1104,1123,1135,1161,1228,1231,1233,1234,1241,1243,1255,1257,1259,1269,1279,1282,197,198,200,202,204,254,257,259,261,267,360,371,373,380,389,390,490,491,493,494,495,497,82,84,87,945,948,951,953,954,955,96	10	1,2,3,4,5,6,7,8,9,10,16,17,18,19,20,25,26,27,28,29,30,37,38,39,40,41,42,66,67,68,69,70,71,76,77,78,79,80,85,86,87,88,89,91,92,93,94,95,96,97,98,99,100,101,102	345	1201	1513	117|20|3|3|4|1|19|16|3|3|6|4
GA	Allmis	LTR	ERV4	SFV1-13_AMi-I	JH731809:564514-566640+	JH734113:292973-294265+	62	132	0	1153,1161,1163,1193,1195,1197,189,194,196,202,219,316,318,324,325,346	1205,1213,1215,1245,1247,1249,251,256,258,264,281,375,377,384,385,406	3	13,14,15,16,17,19,20,21,22,23,55,56,57,58,59,60	108	999	1227	62|15|2|0|4|1|22|13|0|4|2|4
GA	Allmis	LTR	ERV4	SFV1-13_AMi-I	JH731809:564514-566640+	AKHW01036425:0-1143+	35	95	0	1000,1027,1161,1163,1166,1195,1197,1457,1471,1474,1476,1484,965,978,990	363,376,388,398,425,559,561,564,593,595,855,869,872,874,882	3	10,11,12,13,14,19,20,21,22,23,31,32,33,34,35	128	520	998	35|10|0|4|3|1|23|9|1|1|0|7
GA	Allmis	LTR	ERV4	SFV1-13_AMi-I	JH731809:564514-566640+	JH735343:300293-301615+	115	181	0	1000,1017,1027,1152,1153,1158,1160,1161,1163,1166,1169,1171,1172,1303,1310,1311,1317,1323,1358,1368,438,440,442,444,450,553,556,565,573,574,584,586,589,591,592,691,697,709,712,730,739,758,795,804,806,807,883,889,891,892,893,906,926,990,991	100,1012,1022,106,209,212,221,229,230,239,241,244,246,247,346,352,364,367,385,394,413,450,459,461,462,537,543,545,546,547,560,580,644,645,654,671,681,806,807,812,814,815,817,820,823,825,826,94,957,96,964,965,971,977,98	8	4,5,6,7,8,15,16,17,18,19,20,21,22,23,24,31,32,33,34,35,36,37,38,39,40,41,47,48,49,50,51,52,53,63,64,65,66,67,76,77,78,79,80,81,82,83,84,85,94,95,96,97,98,99,100	339	929	1179	115|14|2|3|5|6|8|14|1|1|4|4
GA	Allmis	LTR	ERV4	SFV1-13_AMi-I	JH731809:564514-566640+	JH734462:423974-425707-	61	124	0	556,565,573,583,584,586,640,672,687,691,697,709,711	622,631,639,649,650,652,706,738,753,757,763,775,777	2	30,31,32,33,34,35,36,37,38,39,40,41,42	157	156	1036	61|14|1|3|4|0|19|14|0|4|1|0
GA	Allmis	LTR	ERV4	SFV1-13_AMi-I	JH731809:564514-566640+	JH734462:423974-425707-	27	44	0	1161,1163,1166,1169,1171,1172,1179,1181,1189,1195,1207,1217,1220	1372,1374,1377,1380,1382,1383,1390,1392,1400,1406,1418,1428,1431	1	1,2,3,4,5,6,7,8,9,10,11,12,13	60	60	390	27|4|0|0|1|2|5|3|0|0|0|2
GA	Allmis	LTR	ERV4	SFV1-13_AMi-I	JH731809:564514-566640+	JH737364:69084-70907-	78	135	0	109,120,121,123,125,126,127,140,141,148,149,153,156,526,528,529,530,532,556,565,573,574,608,640,870,877,883,886,889,891,892,893,899,920,926	186,197,198,200,202,203,204,217,218,225,226,230,233,590,592,593,594,596,620,629,637,638,672,704,934,941,947,950,953,955,956,957,963,984,990	5	4,5,6,7,8,9,10,12,13,14,15,16,17,36,37,38,39,40,42,43,44,45,46,47,61,62,63,64,65,66,67,68,69,70,71	185	805	1032	78|11|1|3|0|2|12|12|1|1|7|2
GA	Allmis	LTR	ERV4	SFV1-13_AMi-I	JH731809:564514-566640+	JH737364:69084-70907-	38	66	0	1166,1169,1171,1172,1179,1181,1185,1193,1195,1197,1207,1217,1220,1463,1471,1474,1476,1484	1388,1391,1393,1394,1401,1403,1407,1415,1417,1419,1429,1439,1442,1685,1693,1696,1698,1706	3	5,6,7,8,9,10,11,12,13,14,15,16,17,30,31,32,33,34	78	319	443	38|8|0|0|2|5|7|4|0|0|0|2
GA	Allmis	LTR	ERV4	SFV1-13_AMi-I	JH731809:564514-566640+	JH734448:730001-732000-	66	133	0	10,16,18,19,295,315,316,318,319,324,325,52,526,528,529,530,532	129,361,381,382,384,385,390,391,592,594,595,596,598,87,93,95,96	3	1,2,3,4,5,24,25,26,27,28,29,30,38,39,40,41,42	81	512	1027	66|9|2|2|2|4|18|19|1|1|6|0
GA	Allmis	LTR	ERV4	SFV1-13_AMi-I	JH731809:564514-566640+	JH737047:67755-69165-	65	101	0	438,440,442,444,450,556,565,573,574,576,584,586,589,591,592,636,640,672,687,697,877,883,886,889,891,892,893,899,906,919,920,926,949,955,961,962,964,965,978,983	104,210,219,227,228,230,238,240,243,245,246,290,294,326,341,351,531,537,540,543,545,546,547,553,560,573,574,580,603,609,615,616,618,619,632,637,92,94,96,98	5	7,8,9,10,11,16,17,18,19,20,21,22,23,24,25,26,27,28,29,30,42,43,44,45,46,47,48,49,50,51,52,53,54,55,56,57,58,59,60,61	264	546	701	65|8|1|3|0|0|4|12|0|2|3|0
GA	Allmis	LTR	ERV4	SFV1-13_AMi-I	JH731809:564514-566640+	JH737047:67755-69165-	36	58	0	1171,1172,1179,1181,1193,1195,1197,1207,1217,1220,1228,1461,1463,1471,1474,1476	1005,1007,1009,1019,1029,1032,1040,1272,1274,1282,1285,1287,983,984,991,993	2	7,8,9,10,11,12,13,14,15,16,17,28,29,30,31,32	74	305	441	36|5|0|0|1|4|5|4|0|0|1|2
GA	Allmis	LTR	ERV4	SFV1-13_AMi-I	JH731809:564514-566640+	JH735011:592006-592720+	22	47	0	1161,1163,1166,1195,1197,1457,1461,1463,1471,1476	22,24,27,323,327,329,337,342,56,58	2	1,2,3,4,5,16,17,18,19,20	57	321	449	22|4|0|1|3|0|9|4|0|2|0|2
GA	Allmis	LTR	ERV4	SFV1-13_AMi-I	JH731809:564514-566640+	JH733684:1128651-1129867+	37	70	0	1189,1193,1195,1197,1220,1263,1267,1270,1271,1272,1457,1461,1463,1471,1474,1476	307,311,313,315,338,381,385,388,389,390,574,578,580,588,591,593	3	9,10,11,12,13,14,15,16,17,18,26,27,28,29,30,31	105	287	493	37|8|1|2|0|5|9|5|0|0|1|2
GA	Allmis	LTR	ERV4	SFV1-13_AMi-I	JH731845:1974-3896+	JH739617:371791-373996-	153	249	0	102,103,108,115,124,1242,1249,1254,1275,1277,1279,1289,1297,1304,1309,1314,1315,1322,133,1330,1362,1370,1374,1376,1382,1384,1386,1405,1419,1423,1441,1447,1497,1500,1505,1508,1526,1632,1648,1654,1656,1663,1667,1759,1768,1770,1778,1785,242,248,263,275,289,293,305,307,309,311,341,344,348,353,363,61,68,73,75,96,966,970,972,974,984	1250,1254,1256,1258,1268,1525,1532,1537,1558,1560,1562,1572,1580,1585,1591,1596,1597,1604,1612,1644,1652,1656,1658,1664,1666,1668,1687,1701,1705,1723,1729,1781,1784,1789,1792,1810,1916,1932,1938,1940,1947,1951,2043,2052,2054,2062,2069,348,355,360,362,383,389,390,395,402,411,420,528,534,549,561,575,579,591,593,595,597,627,630,634,639,649	9	3,4,5,6,7,8,9,10,11,12,13,21,22,23,24,25,26,27,28,29,30,31,32,33,34,35,73,74,75,76,77,88,89,90,91,92,93,94,95,96,97,98,99,100,101,102,103,104,105,106,107,108,109,110,111,112,113,117,118,119,120,121,129,130,131,132,133,134,139,140,141,142,143	514	1722	1917	153|24|2|4|8|9|20|16|3|2|5|2
GA	Allmis	LTR	ERV4	SFV1-13_AMi-I	JH731845:1974-3896+	JH732242:0-1471+	52	129	0	1151,1163,1191,1228,1239,1241,1242,1378,1396,1402,1469,1470,643,648,649,656,665	1007,1008,182,187,188,195,204,691,703,730,767,778,780,781,916,934,940	3	10,11,12,13,14,26,27,28,29,30,31,32,37,38,39,40,41	207	827	1466	52|21|1|3|4|4|26|10|3|1|2|2
GA	Allmis	LTR	ERV4	SFV1-13_AMi-I	JH731845:1974-3896+	JH736379:905617-907163+	67	171	0	1191,1203,1228,1231,1242,1270,1277,1279,1302,1408,1426,1447,1458,1463,1469,1470	1031,1049,1070,1081,1086,1092,1093,816,828,852,855,866,894,901,903,925	2	24,25,26,27,28,29,30,31,32,41,42,43,44,45,46,47	173	278	1546	67|29|2|2|4|4|37|17|0|7|1|0
GA	Allmis	LTR	ERV4	SFV1-13_AMi-I	JH731845:1974-3896+	JH736112:7666-9426+	100	168	0	1005,1010,1025,1223,1228,1242,1249,1254,1275,1277,1279,1289,1297,1299,1302,1309,1315,1322,1340,1343,1347,1355,1357,1362,1370,305,307,309,311,332,341,348,353,362,363,365,643,649,656,662,665,970,972,974,982,984,997	1254,1256,1258,1266,1268,1281,1289,1294,1309,1506,1511,1525,1532,1537,1558,1560,1562,1572,1580,1582,1585,1591,1597,1604,1622,1625,1629,1637,1639,1644,1652,592,594,596,598,619,628,635,640,649,650,652,930,936,943,949,952	5	16,17,18,19,20,21,22,23,24,25,26,45,46,47,48,49,60,61,62,63,64,65,66,67,68,72,73,74,75,76,77,78,79,80,81,82,83,84,85,86,87,88,89,90,91,92,93	288	1061	1454	100|18|4|1|5|4|17|14|1|0|1|1
GA	Allmis	LTR	ERV4	SFV1-13_AMi-I	JH731845:1974-3896+	JH735031:227293-228440+	32	92	0	1191,1218,1242,1299,1302,1314,1315,517,518,521,522,523,735,740,744,752,757	1000,1057,1060,1071,1072,275,276,279,280,281,493,498,502,510,515,949,976	3	2,3,4,5,6,13,14,15,16,17,22,23,24,25,26,27,28	154	798	1147	32|20|1|1|2|2|23|9|0|1|1|0
GA	Allmis	LTR	ERV4	SFV1-13_AMi-I	JH731845:1974-3896+	JH736990:97190-99315-	108	187	0	102,103,115,1191,1197,1203,1228,1239,124,1241,1242,1249,1254,127,1275,1277,1279,1362,1370,1374,1376,1378,1382,1384,1386,1399,1405,275,289,293,309,311,335,348,353,362,363,365,368,61,68,73,733,735,740,741,743,744,75,779,796,806,813,821	1031,1033,1038,1039,1041,1042,1077,1094,1104,1111,1119,1490,1496,1502,1527,1538,1540,1541,1548,1553,1574,1576,1578,1660,1668,1672,1674,1676,1680,1682,1684,1696,1702,360,367,372,374,401,402,414,423,426,573,587,591,607,609,633,646,651,660,661,663,666	7	3,4,5,6,7,8,9,10,11,19,20,21,22,23,24,25,26,27,28,29,30,51,52,53,54,55,56,59,60,61,62,63,80,81,82,83,84,85,86,87,88,89,90,91,99,100,101,102,103,104,105,106,107,108	349	1343	1421	108|22|1|4|5|3|18|15|4|1|4|1
GA	Allmis	LTR	ERV4	SFV1-13_AMi-I	JH731845:1974-3896+	JH732157:39045-40733+	115	188	0	102,103,108,113,115,1203,1228,1235,1239,124,1241,1242,1249,1252,1254,127,1275,1277,1279,1289,1297,1299,1304,1309,1314,1315,1322,1340,1343,1355,1357,218,222,248,263,275,289,293,335,341,344,348,353,362,363,365,54,61,68,73,75,796,806,810,811,812,813,821,970,972,974,982,984,997	1093,1103,1107,1108,1109,1110,1118,1265,1267,1269,1277,1279,1292,1498,1523,1530,1534,1536,1537,1544,1547,1549,1570,1572,1574,1584,1592,1594,1598,1603,1608,1609,1616,1634,1637,1649,1651,353,360,367,372,374,401,402,407,412,414,423,426,517,520,546,561,573,587,591,633,639,642,646,651,659,660,662	7	1,2,3,4,5,6,7,8,9,10,11,12,16,17,18,19,20,21,22,23,24,25,26,27,28,29,30,62,63,64,65,66,67,68,76,77,78,79,80,81,90,91,92,93,94,95,96,97,98,99,100,101,102,103,104,105,106,107,108,109,110,111,112,113	430	1299	1370	115|21|1|1|4|3|19|13|3|2|4|1
GA	Allmis	LTR	ERV4	SFV1-13_AMi-I	JH731845:1974-3896+	JH737633:135276-136813+	80	154	0	1151,1163,1191,1197,1203,1218,1228,335,341,344,348,362,363,365,970,972,974,982,984,997	1270,1272,1274,1282,1284,1297,1451,1463,1490,1496,1502,1517,1527,633,639,642,646,660,661,663	3	19,20,21,22,23,24,25,62,63,64,65,66,67,74,75,76,77,78,79,80	136	895	1238	80|20|2|4|4|5|15|14|4|1|3|1
GA	Allmis	LTR	ERV4	SFV1-13_AMi-I	JH731845:1974-3896+	JH738247:100154-101411-	68	153	0	1176,1191,1203,1223,1242,1249,1254,1277,1279,1302,1309,1314,1315,1318,1340,1343	1001,1003,1026,1032,1037,1038,1041,1063,1066,906,920,932,952,966,973,978	1	33,34,35,36,37,38,39,40,41,42,43,44,45,46,47,48	161	161	1251	68|20|1|4|4|3|28|15|3|2|3|2
GA	Allmis	LTR	ERV4	SFV1-13_AMi-I	JH731845:1974-3896+	JH732970:1101249-1102832+	114	182	0	102,103,11,1218,1228,124,1242,1249,1252,1254,127,1275,1277,1279,1284,1289,132,133,19,204,205,207,208,209,211,22,24,275,289,293,341,344,348,68,7,73,75,84,86,93,970,972,974,982,984,997	1255,1257,1259,1267,1269,1282,1502,1512,1526,1533,1536,1538,1559,1561,1563,1568,1573,294,298,306,309,311,355,360,362,371,373,380,389,390,411,414,419,420,490,491,493,494,495,497,558,572,576,624,627,631	6	1,2,3,4,5,7,8,9,10,11,12,13,14,15,16,17,18,23,24,25,26,27,28,33,34,35,36,37,38,89,90,91,92,93,94,104,105,106,107,108,109,110,111,112,113,114	266	1280	1294	114|21|3|3|4|3|14|12|2|2|3|0
GA	Allmis	LTR	ERV4	SFV1-13_AMi-I	JH731845:1974-3896+	JH732202:30635-32300+	123	191	0	102,103,108,11,1121,113,1144,1145,115,1151,116,1175,1191,1203,1239,124,1242,1249,1252,1254,127,1275,1277,1279,1289,1297,1304,1309,1315,132,1322,133,1340,1343,16,218,22,222,24,248,25,263,275,289,293,31,353,362,363,365,368,370,38,61,67,670,671,672,678,68,686,73,75,93,94,96,97,970,972,974,982,984,997	1274,1276,1278,1286,1288,1301,1425,1448,1449,1455,1479,1495,1507,1553,1556,1563,1566,1568,1589,1591,1593,1603,1611,1616,1622,1628,1635,1653,1656,310,315,321,323,324,330,337,360,366,367,372,374,392,393,395,396,402,403,408,413,415,416,424,427,432,433,518,521,547,562,574,588,592,652,661,662,664,667,669,969,970,971,977,988	10	1,2,3,4,5,6,7,8,9,10,11,12,13,14,15,16,17,18,19,20,21,22,23,24,25,26,32,33,34,35,36,37,38,42,43,44,45,46,47,68,69,70,71,72,88,89,90,91,92,93,101,102,103,104,105,106,107,108,109,110,111,112,113,114,115,116,117,118,119,120,121,122,123	501	1347	1359	123|21|1|1|6|3|16|13|0|1|4|1
GA	Allmis	LTR	ERV4	SFV1-13_AMi-I	JH731845:1974-3896+	JH736241:1279566-1280918-	39	105	0	293,332,335,341,344,970,972,974,982,984,997	1269,1271,1273,1281,1283,1296,590,629,632,638,641	2	5,6,7,8,9,33,34,35,36,37,38	80	707	1051	39|21|2|0|1|2|20|11|4|1|2|1
GA	Allmis	LTR	ERV4	SFV1-13_AMi-I	JH731845:1974-3896+	JH737439:86470-88420-	145	212	0	102,103,108,11,111,112,113,115,116,1203,1218,1228,1231,1235,124,1242,1249,1252,1254,127,1275,1277,1279,1289,1297,1299,1302,1309,1314,1315,1322,1325,133,1330,1331,1333,1337,1340,1343,135,137,22,24,25,27,31,530,537,54,558,563,574,61,643,662,663,665,668,67,670,671,672,678,68,685,686,73,733,734,735,740,741,744,75,757,760,762,770,779,796,806,809,811,813,84,93,94,96,970,972,974,982,984	1026,1027,1028,1033,1034,1037,1050,1053,1055,1063,1072,1089,1099,1102,1104,1106,1263,1265,1267,1275,1277,1495,1510,1520,1523,1527,1534,1541,1544,1546,1567,1569,1571,1581,1589,1591,1594,1600,1605,1606,1613,1616,1621,1622,1624,1628,1631,1634,303,314,316,317,319,323,346,353,359,360,365,367,376,385,386,388,394,395,400,403,404,405,407,408,417,420,426,428,430,821,828,851,856,867,936,955,956,958,961,963,964,965,971,978,979	10	1,2,3,4,5,6,7,8,9,10,11,12,13,14,15,16,17,18,19,20,21,22,23,24,25,26,27,28,29,52,53,54,55,56,65,66,67,68,69,70,71,72,73,74,75,77,78,79,80,81,82,83,84,85,86,87,88,89,90,91,92,103,104,105,106,107,119,120,121,122,123,124,125,126,127,128,129,130,131,132,133,134,135,136,137,138,139,140,141,142,143,144,145	459	1332	1348	145|13|3|3|2|2|18|14|1|4|5|1
GA	Allmis	LTR	ERV4	SFV1-13_AMi-I	JH731845:1974-3896+	AKHW01036425:0-1143+	74	147	0	1228,1231,1235,1242,1249,1252,1254,1262,1289,1370,1374,1376,1378,1384,1386,1396,1419,1423,1447,1458,1464,1469,1470	1003,1005,1015,1038,1042,1066,1077,1083,1088,1089,848,851,855,862,869,872,874,882,909,989,993,995,997	2	36,37,38,39,40,41,42,43,44,52,53,54,55,56,57,58,59,60,61,62,63,64,65	163	242	1142	74|17|1|4|3|1|24|15|3|1|2|2
GA	Allmis	LTR	ERV4	SFV1-13_AMi-I	JH731845:1974-3896+	JH734113:292973-294265+	54	115	0	102,103,108,124,275,289,293,341,344,348,94,96	375,377,384,385,390,406,556,570,574,622,625,629	2	5,6,7,8,9,10,12,13,14,15,16,17	106	255	1012	54|18|1|1|5|2|13|12|1|3|1|3
GA	Allmis	LTR	ERV4	SFV1-13_AMi-I	JH731845:1974-3896+	JH739720:39577-41375-	36	82	0	102,103,124,293,307,332,341,344,353,365,368,370,371,86,97	152,163,168,169,190,358,372,397,406,409,418,430,433,435,436	2	2,3,4,5,6,11,12,13,14,15,16,17,18,19,20	118	285	825	36|14|1|0|2|0|14|9|0|1|3|0
GA	Allmis	LTR	ERV4	SFV1-13_AMi-I	JH731845:1974-3896+	JH737364:315692-316816-	40	82	0	124,127,341,353,362,363,365,368,370,61,73,75	360,372,374,423,426,639,651,660,661,663,666,668	2	2,3,4,5,6,13,14,15,16,17,18,19	97	309	825	40|13|1|0|1|0|12|10|0|1|1|1
GA	Allmis	LTR	ERV4	SFV1-13_AMi-I	JH731845:1974-3896+	JH733072:391080-392734-	49	87	0	102,103,108,218,222,242,248,275,289,293,307,311,348,353,362,363,365,368,73,75	360,362,391,392,397,507,510,530,536,563,577,581,595,599,636,641,650,651,653,656	2	3,4,5,6,7,14,15,16,17,18,19,20,21,22,23,24,25,26,27,28	188	297	826	49|11|1|0|2|0|10|8|0|1|2|0
GA	Allmis	LTR	ERV4	SFV1-13_AMi-I	JH731845:1974-3896+	JH738206:39380-40456-	48	90	0	115,124,127,229,242,263,275,289,308,341,61,73,75,84,97	310,322,324,333,346,364,373,376,478,491,512,524,538,557,590	2	1,2,3,4,5,6,7,8,9,10,11,12,13,14,15	282	281	825	48|12|1|0|1|2|11|10|1|1|2|0
GA	Allmis	LTR	ERV4	SFV1-13_AMi-I	JH731845:1974-3896+	JH732514:327274-328399-	59	101	0	102,103,108,124,127,61,634,643,662,663,665,671,672,678,686,73,75,97	349,361,363,385,390,391,396,412,415,921,930,949,950,952,958,959,965,973	2	3,4,5,6,7,8,9,10,11,43,44,45,46,47,48,49,50,51	120	625	837	59|15|1|0|0|1|11|8|1|1|2|1
GA	Allmis	LTR	ERV4	SFV1-13_AMi-I	JH731845:1974-3896+	JH734654:949857-950670-	26	66	0	1203,1228,1239,1242,1289,1315,1330,1331,1332,1333,1334,1386,1399,1400,1440,1447	432,457,468,471,518,543,558,559,560,561,562,614,627,628,668,675	3	7,8,9,10,11,12,13,14,15,16,17,19,20,21,22,23	194	244	801	26|4|4|2|2|2|19|4|0|0|0|3
GA	Allmis	LTR	ERV4	SFV1-13_AMi-I	JH731845:1974-3896+	JH734462:423974-425707-	57	95	0	102,103,127,218,222,229,242,248,275,289,293,308,332,335,341,344,348,362,363,365,61,75	348,362,389,390,413,503,506,513,526,532,559,573,577,592,619,622,628,631,635,649,650,652	3	3,4,5,6,7,11,12,13,14,15,16,17,18,19,20,21,22,23,24,25,26,27	217	305	827	57|14|1|1|5|0|6|8|1|0|1|0
GA	Allmis	LTR	ERV4	SFV1-13_AMi-I	JH731845:1974-3896+	JH734462:423974-425707-	30	46	0	1197,1203,1228,1235,1239,1241,1242,1275,1277,1279,1289,966,972,982,984,997	1400,1406,1416,1418,1431,1630,1636,1656,1663,1667,1669,1670,1703,1705,1707,1717	2	8,9,10,11,12,20,21,22,23,24,25,26,27,28,29,30	120	318	384	30|3|0|1|2|1|5|3|0|1|0|0
GA	Allmis	LTR	ERV4	SFV1-13_AMi-I	JH731845:1974-3896+	JH737364:69084-70907-	72	111	0	102,103,127,133,263,275,289,293,305,307,308,309,311,332,335,341,344,348,353,643,649,656,662,663,665,668,670,671,672,678,686,741,744,757,770,796,97	1026,1029,1042,1055,1081,384,389,390,413,419,548,560,574,578,590,592,593,594,596,617,620,626,629,633,638,928,934,941,947,948,950,953,955,956,957,963,971	5	8,9,10,11,12,19,20,21,22,23,24,25,26,27,28,29,30,31,32,33,54,55,56,57,58,59,60,61,62,63,64,65,67,68,69,70,71	228	698	824	72|14|1|0|1|0|6|9|1|0|4|2
GA	Allmis	LTR	ERV4	SFV1-13_AMi-I	JH731845:1974-3896+	JH734448:730001-732000-	59	101	0	102,103,115,124,218,222,248,263,275,289,293,305,307,308,309,311,341,344,348,353,365,61,67,68,73,75,93,94,96,97	348,354,355,361,363,381,382,384,385,390,391,403,412,506,509,535,550,562,576,580,592,594,595,596,598,628,631,635,640,652	2	5,6,7,8,9,10,11,12,13,14,15,16,17,20,21,22,23,24,25,26,27,28,29,30,31,32,33,34,35,36	212	305	819	59|10|2|0|2|2|10|10|1|0|4|0
GA	Allmis	LTR	ERV4	SFV1-13_AMi-I	JH731845:1974-3896+	JH734448:730001-732000-	66	92	0	1239,1242,1249,1254,1275,1277,1279,1289,1297,1299,1302,1304,1309,1315,1322,1330,1332,1334,1340,1343,1378,1382,1384,1386,1396,1398,1399,1400,1402,1405,1423,1447,1478,1479,1480,1494,970,972,974,982,984,997	1403,1405,1407,1415,1417,1430,1671,1674,1681,1686,1707,1709,1711,1721,1729,1731,1734,1736,1742,1748,1755,1763,1765,1767,1773,1776,1811,1815,1817,1819,1830,1832,1833,1834,1836,1839,1857,1881,1903,1904,1905,1919	3	5,6,7,8,9,10,20,21,22,23,24,25,26,27,28,29,30,31,32,33,34,35,36,37,38,39,44,45,46,47,48,49,50,51,52,53,54,55,56,57,58,59	243	517	685	66|4|0|3|3|0|9|4|0|2|0|1
GA	Allmis	LTR	ERV4	SFV1-13_AMi-I	JH731845:1974-3896+	JH738571:107420-108228-	19	40	0	103,115,248,275,289,293,309,311,341,348,61,68,75	348,355,362,390,402,536,563,577,581,597,599,629,636	2	3,4,5,6,7,12,13,14,15,16,17,18,19	156	289	514	19|4|1|1|1|0|8|2|0|1|2|0
GA	Allmis	LTR	ERV4	SFV1-13_AMi-I	JH731845:1974-3896+	JH737047:67755-69165-	74	107	0	218,222,229,242,248,263,275,289,293,311,332,335,341,344,348,353,355,363,365,368,370,371,656,662,663,665,668,670,671,672,678,685,686,734,735,740,741,743,744	104,117,123,138,150,164,168,186,207,210,216,219,223,228,230,238,240,243,245,246,531,537,538,540,543,545,546,547,553,560,561,609,610,615,616,618,619,94,97	5	6,7,8,9,10,11,12,13,14,15,16,17,18,19,20,21,22,23,24,25,26,27,49,50,51,52,53,54,55,56,57,58,59,63,64,65,66,67,68	197	526	701	74|12|1|2|1|1|3|10|0|0|2|0
GA	Allmis	LTR	ERV4	SFV1-13_AMi-I	JH732014:1524981-1526087-	JH737364:315692-316816-	40	87	0	557,571,575,582,593,634,644,645,647,650,652	573,587,591,598,609,650,660,661,663,666,668	2	16,17,18,19,20,21,22,23,24,25,26	97	96	1115	40|9|1|1|0|1|20|8|2|1|1|1
GA	Allmis	LTR	ERV4	SFV1-13_AMi-I	JH732014:1524981-1526087-	JH738596:14080-15730-	49	100	0	174,176,179,182,183,189,204,22,23,24,25,32,356,358,377,379,407,410,945,948,954,955,958	178,180,183,186,187,193,208,22,23,24,25,32,360,362,381,383,411,414,948,951,957,958,964	4	1,2,3,4,5,9,10,11,12,13,14,15,22,23,24,25,26,27,42,43,44,45,46	114	943	1109	49|11|2|4|2|3|12|7|1|0|2|1
GA	Allmis	LTR	ERV4	SFV1-13_AMi-I	JH732014:1524981-1526087-	JH738206:39380-40456-	47	99	0	545,557,571,582,590,857,866,875,879,883,885	512,524,538,549,557,823,832,841,846,850,852	2	16,17,18,19,20,35,36,37,38,39,40	76	341	1067	47|11|1|1|0|3|21|11|2|0|1|0
GA	Allmis	LTR	ERV4	SFV1-13_AMi-I	JH732014:1524981-1526087-	JH733072:391080-392734-	58	108	0	1050,1059,1086,1093,1101,22,23,24,25,35,36,488,501,503,505,524,530,557,571,575,582,589,593,630,634,644,645,647,650	1057,1066,1093,1100,1108,22,23,24,25,35,36,494,507,509,511,530,536,563,577,581,588,595,599,636,640,650,651,653,656	5	1,2,3,4,5,6,27,28,29,30,31,32,33,34,35,36,37,38,39,40,41,42,43,44,54,55,56,57,58	232	1087	1109	58|11|1|3|2|1|16|12|1|0|1|0
GA	Allmis	LTR	ERV4	SFV1-13_AMi-I	JH732014:1524981-1526087-	JH735997:352974-353999-	49	104	0	499,501,503,505,530,545,557,571,575,582	416,418,420,422,447,462,474,488,492,499	2	16,17,18,19,20,21,22,23,24,25	85	84	1024	49|12|2|1|0|2|21|9|1|1|3|1
GA	Allmis	LTR	ERV4	SFV1-13_AMi-I	JH732014:1524981-1526087-	JH734462:423974-425707-	69	121	0	215,221,236,239,241,501,503,505,511,524,530,557,571,575,582,590,614,617,626,841,845,846,866,868,869,895	219,225,240,243,245,503,505,507,513,526,532,559,573,577,584,592,619,622,631,845,849,850,873,875,876,902	4	10,11,12,13,14,27,28,29,30,31,32,33,34,35,36,37,38,39,40,52,53,54,55,56,57,58	215	684	1111	69|14|1|1|4|3|16|8|1|1|1|1
GA	Allmis	LTR	ERV4	SFV1-13_AMi-I	JH732014:1524981-1526087-	JH737364:69084-70907-	94	133	0	129,131,132,134,136,153,155,182,188,189,193,194,196,198,199,200,213,214,22,221,226,229,23,24,25,35,49,545,557,571,575,582,587,589,590,591,593,60,61,614,617,626,63,75,792,804,841,845,846,866,868,875,876,878,879,932,935,945,948,951,953	133,135,136,138,140,157,159,186,192,193,197,198,200,202,203,204,217,218,22,225,23,230,233,24,25,35,53,548,560,574,578,585,590,592,593,594,596,617,620,629,64,65,67,79,794,806,843,847,848,868,870,877,878,880,881,934,937,947,950,953,958	9	1,2,3,4,5,6,7,8,9,10,11,12,13,14,15,16,17,18,19,20,21,22,23,24,25,26,27,28,29,30,31,49,50,51,52,53,54,55,56,57,58,59,60,61,69,70,71,72,73,74,75,76,77,78,79,80,81,82,83,84,85	465	937	1108	94|7|2|2|0|0|12|5|1|2|3|2
GA	Allmis	LTR	ERV4	SFV1-13_AMi-I	JH732014:1524981-1526087-	JH732514:327274-328399-	69	135	0	215,221,226,255,257,263,385,386,391,407,410,841,845,846,869,878,879,935	219,226,231,260,262,268,390,391,396,412,415,845,849,850,873,882,883,939	3	13,14,15,16,17,18,23,24,25,26,27,51,52,53,54,55,56,57	171	721	1109	69|20|1|3|3|1|17|12|3|0|3|2
GA	Allmis	LTR	ERV4	SFV1-13_AMi-I	JH732014:1524981-1526087-	JH736112:7666-9426+	72	139	0	169,171,173,174,176,178,189,587,589,591,593,614,630,634,644,645,647,866,875,876,878,879	172,174,176,177,179,181,192,592,594,596,598,619,635,639,649,650,652,870,879,880,882,883	4	12,13,14,15,16,17,18,42,43,44,45,46,47,48,49,50,51,61,62,63,64,65	97	712	1109	72|17|1|4|4|3|16|15|2|0|3|0
GA	Allmis	LTR	ERV4	SFV1-13_AMi-I	JH732014:1524981-1526087-	JH737633:135276-136813+	55	131	0	221,229,255,257,263,951,953,954,955,958	225,233,271,273,279,966,968,969,970,973	2	8,9,10,11,12,46,47,48,49,50	63	749	1115	55|20|2|4|3|3|18|15|5|1|3|1
GA	Allmis	LTR	ERV4	SFV1-13_AMi-I	JH732014:1524981-1526087-	JH734113:292973-294265+	63	129	0	179,181,182,183,185,236,255,257,263,280,557,571,575,582,626,866,868,875,876,878,879	180,182,183,184,186,237,256,258,264,281,556,570,574,581,625,855,857,864,865,867,868	4	8,9,10,11,12,17,18,19,20,21,34,35,36,37,38,49,50,51,52,53,54	136	689	1102	63|14|1|3|3|2|19|15|2|2|1|3
GA	Allmis	LTR	ERV4	SFV1-13_AMi-I	JH732014:1524981-1526087-	JH739720:39577-41375-	29	80	0	575,582,589,614,626,634,647,650,652,653	358,365,372,397,409,417,430,433,435,436	2	11,12,13,14,15,16,17,18,19,20	80	79	890	29|10|2|2|2|0|19|9|1|1|3|0
GA	Allmis	LTR	ERV4	SFV1-13_AMi-I	JH732014:1524981-1526087-	JH734448:730001-732000-	77	142	0	125,129,131,132,134,350,351,356,358,376,377,379,545,557,571,575,582,587,589,590,591,593,626,83,89,91,92,95	129,133,135,136,138,354,355,361,363,381,382,384,550,562,576,580,587,592,594,595,596,598,631,87,93,95,96,99	4	8,9,10,11,12,13,14,15,16,17,32,33,34,35,36,37,38,48,49,50,51,52,53,54,55,56,57,58	166	545	1102	77|12|2|5|2|6|16|14|2|0|5|0
GA	Allmis	LTR	ERV4	SFV1-13_AMi-I	JH732014:1524981-1526087-	JH732157:39045-40733+	79	153	0	1086,1090,1091,1092,1093,1101,22,23,24,25,38,385,386,391,396,398,407,410,499,501,503,505,530,545,557,571,575,582,630,634,644,645,647,948,951,953,954,955,966	1103,1107,1108,1109,1110,1118,22,23,24,25,38,401,402,407,412,414,423,426,515,517,519,521,546,561,573,587,591,598,646,650,659,660,662,962,965,967,968,969,983	7	1,2,3,4,5,23,24,25,26,27,28,29,31,32,33,34,35,36,37,38,39,40,43,44,45,46,47,62,63,64,65,66,67,74,75,76,77,78,79	183	1097	1114	79|21|1|4|3|2|21|12|4|1|4|0
GA	Allmis	LTR	ERV4	SFV1-13_AMi-I	JH732014:1524981-1526087-	JH739617:371791-373996-	80	157	0	236,239,241,255,257,263,385,386,391,398,407,416,545,557,571,575,582,587,589,591,593,626,945,951,953,954,966	240,243,245,259,261,267,389,390,395,402,411,420,549,561,575,579,586,591,593,595,597,630,944,950,952,953,968	4	17,18,19,20,21,22,29,30,31,32,33,34,44,45,46,47,48,49,50,51,52,53,73,74,75,76,77	167	729	1097	80|17|1|6|5|6|20|16|1|0|3|1
GA	Allmis	LTR	ERV4	SFV1-13_AMi-I	JH732014:1524981-1526087-	JH732202:30635-32300+	96	165	0	169,178,188,189,193,194,196,211,214,221,255,257,263,294,299,305,308,314,321,350,351,356,358,376,377,379,385,386,391,396,398,399,407,410,415,416,49,493,499,501,503,505,530,545,557,571,575,582,61,63,634,644,645,647,650,652,75,78,841,845,846,868,869,876,878,879,953,954,955,958,966	173,182,192,193,197,198,200,215,218,225,271,273,279,310,315,321,324,330,337,366,367,372,374,392,393,395,402,403,408,413,415,416,424,427,432,433,510,516,518,520,522,53,547,562,574,588,592,599,65,651,661,662,664,667,669,67,79,82,857,861,862,884,885,892,894,895,969,970,971,974,988	11	3,4,5,6,7,14,15,16,17,18,19,20,21,22,23,24,25,26,27,28,29,30,31,32,33,34,35,36,37,38,39,40,41,42,43,44,45,46,47,48,49,53,54,55,56,57,58,59,60,61,62,63,66,67,68,69,70,71,77,78,79,80,81,82,83,84,87,88,89,90,91	464	936	1117	96|19|1|5|5|3|16|14|2|0|3|0
GA	Allmis	LTR	ERV4	SFV1-13_AMi-I	JH732014:1524981-1526087-	JH736990:97190-99315-	90	173	0	1013,1015,1020,1021,1023,1024,155,156,169,171,179,182,188,189,200,211,213,214,215,221,229,385,386,398,407,410,557,571,575,582,591,593,630,634,644,645,647,650	1031,1033,1038,1039,1041,1042,159,160,173,175,183,186,192,193,204,215,217,218,219,225,233,401,402,414,423,426,573,587,591,598,607,609,646,650,660,661,663,666	6	14,15,16,17,18,19,20,21,22,23,24,25,26,27,28,37,38,39,40,41,50,51,52,53,54,55,58,59,60,61,62,63,80,81,82,83,84,85	172	884	1115	90|24|2|3|4|4|18|18|3|0|5|1
GA	Allmis	LTR	ERV4	SFV1-13_AMi-I	JH732014:1524981-1526087-	JH732970:1101249-1102832+	94	163	0	188,189,193,194,196,198,200,221,229,236,239,253,255,257,263,351,356,358,367,369,376,385,386,407,410,415,416,487,488,49,490,491,492,494,499,501,503,505,530,557,571,575,582,60,61,626,63,72,945,948,951,953,954,955,966,979	192,193,197,198,200,202,204,225,233,240,243,257,259,261,267,355,360,362,371,373,380,389,390,411,414,419,420,490,491,493,494,495,497,502,504,506,508,53,531,558,572,576,583,627,64,65,67,76,945,948,951,953,954,955,969,982	8	1,2,3,4,5,11,12,13,14,15,16,17,18,19,20,21,22,23,24,25,29,30,31,32,33,34,35,36,37,38,39,40,45,46,47,48,49,50,51,52,53,54,55,57,58,59,60,61,83,84,85,86,87,88,89,90	318	930	1042	94|19|3|4|3|2|17|14|2|0|4|0
GA	Allmis	LTR	ERV4	SFV1-13_AMi-I	JH732014:1524981-1526087-	JH737439:86470-88420-	89	139	0	1013,1014,1015,1020,1021,1024,1040,294,305,308,310,314,337,350,351,356,358,367,377,379,394,395,396,398,399,407,410,416,418,419,857,866,868,875,876,878,879,945,948,951,953,954,955,958,965,966,979	1026,1027,1028,1033,1034,1037,1053,303,314,317,319,323,346,359,360,365,367,376,385,387,403,404,405,407,408,417,420,426,428,429,867,876,878,885,886,888,889,955,958,961,963,964,965,968,978,979,992	6	5,6,7,8,9,10,11,12,13,14,15,16,17,20,21,22,23,24,25,26,27,28,29,54,55,56,57,58,59,60,64,65,66,67,68,69,70,71,72,73,74,75,76,77,78,79,80	236	751	871	89|7|3|3|3|0|14|10|1|3|4|1
GA	Allmis	LTR	ERV4	SFV1-13_AMi-I	JH732014:1524981-1526087-	JH737047:67755-69165-	69	97	0	1008,1014,1015,1020,1021,1023,1024,494,499,501,503,505,511,524,530,545,557,571,575,582,593,614,617,626,645,647,650,652,653,697,701,841,845,846,866,868,869,875,894,895,896,935,945,948,951,953,954,955,958,965,966,978,979	104,117,123,138,150,164,168,175,186,207,210,219,238,240,243,245,246,290,294,433,437,438,458,460,461,467,486,487,488,527,537,540,543,545,546,547,550,560,561,573,574,603,609,610,615,616,618,619,87,92,94,96,98	6	5,6,7,8,9,10,11,12,13,14,15,16,17,18,19,20,21,25,26,27,28,29,30,31,36,37,38,39,40,41,42,43,44,45,46,47,48,49,50,51,52,53,54,55,56,57,59,60,61,62,63,64,65	351	533	700	69|5|1|3|1|1|7|8|0|0|1|0
GA	Allmis	LTR	ERV4	SFV1-13_AMi-LTR	JH731003:1069754-1070499+	JH734215:45816-46564+	44	99	0	585,587,589,601,606,700,702,703,704,710,711,712	588,590,592,604,609,703,705,706,707,713,714,715	2	26,27,28,29,30,35,36,37,38,39,40,41	35	128	746	44|10|1|1|4|8|10|11|2|2|3|3
GA	Allmis	LTR	ERV4	SFV1-13_AMi-I	JH732051:890427-891628-	JH734158:99868-101351+	76	177	0	41,42,53,64,65,834,855,862,866,867,872	41,42,53,64,65,828,849,856,860,861,866	2	5,6,7,8,9,61,62,63,64,65,66	64	826	1194	76|32|2|2|3|2|22|22|4|5|3|4
GA	Allmis	LTR	ERV4	SFV1-13_AMi-I	JH732051:890427-891628-	JH732202:30635-32300+	116	198	0	106,108,192,193,197,198,200,266,271,273,279,310,315,401,402,407,412,415,423,426,431,432,668,669,670,672,674,765,767,768,774,793,855,862,866,867,872,874,889,93,936,946,947,95,958,96,974,975,976,982	106,108,192,193,197,198,200,266,271,273,279,310,315,402,403,408,413,416,424,427,432,433,663,664,665,667,669,760,762,763,769,788,850,857,861,862,867,869,884,93,931,941,942,95,953,96,969,970,971,977	8	10,11,12,13,14,17,18,19,20,21,27,28,29,30,31,32,46,47,48,49,50,51,52,53,54,74,75,76,77,78,83,84,85,86,87,92,93,94,95,96,97,98,101,102,103,104,105,106,107,108	225	885	1197	116|35|2|1|6|4|6|17|1|3|3|4
GA	Allmis	LTR	ERV4	SFV1-13_AMi-I	JH732051:890427-891628-	JH736323:348134-349246-	65	163	0	1020,1037,1048,1061,1066,225,226,255,271,273,279,936,947,958,975,976	1002,1019,1030,1043,1048,225,226,243,259,261,267,918,929,940,957,958	3	9,10,11,12,13,14,54,55,56,57,58,60,61,62,63,64	131	824	1121	65|35|2|4|4|3|17|19|2|3|4|4
GA	Allmis	LTR	ERV4	SFV1-13_AMi-I	JH732051:890427-891628-	JH736112:7666-9426+	99	189	0	22,23,24,25,36,39,41,42,53,645,652,654,656,657,765,767,768,770,774,834,835,855,866,867,872,887,946,947,953,958,960,969	21,22,23,24,35,38,40,41,52,628,635,637,639,640,748,750,751,753,757,817,818,838,849,850,855,870,929,930,936,941,943,952	5	1,2,3,4,5,6,7,8,9,52,53,54,55,56,64,65,66,67,68,75,76,77,78,79,80,81,86,87,88,89,90,91	133	932	1189	99|34|3|0|6|5|14|21|2|0|2|2
GA	Allmis	LTR	ERV4	SFV1-13_AMi-I	JH732051:890427-891628-	JH736990:97190-99315-	118	209	0	1037,1039,1044,1045,1047,1048,146,148,151,157,160,21,213,215,217,218,219,22,225,226,23,233,24,25,250,252,255,257,269,271,273,279,765,767,768,774,777,792,793,855,862,866,867,872	1031,1033,1038,1039,1041,1042,146,148,151,157,160,21,213,215,217,218,219,22,225,226,23,233,24,25,250,252,255,257,269,271,273,279,759,761,762,768,771,786,787,849,856,860,861,866	7	1,2,3,4,5,12,13,14,15,16,24,25,26,27,28,29,30,31,32,33,34,35,36,37,38,39,79,80,81,82,83,84,85,89,90,91,92,93,105,106,107,108,109,110	147	1022	1195	118|35|2|4|5|1|15|18|3|4|1|3
GA	Allmis	LTR	ERV4	SFV1-13_AMi-I	JH732051:890427-891628-	JH739617:371791-373996-	108	186	0	22,23,24,25,255,257,266,271,273,279,310,35,39,401,402,407,41,42,423,432,53,645,648,652,654,656,657,765,767,768,770,774,793,834,836,855,866,867,872,887,889,958,967,972,974,975	22,23,24,243,245,25,254,259,261,267,298,35,389,39,390,395,41,411,42,420,53,627,630,634,636,638,639,744,746,747,749,753,772,813,815,834,845,846,851,866,868,936,945,950,952,953	7	1,2,3,4,5,6,7,8,9,25,26,27,28,29,30,31,38,39,40,41,42,61,62,63,64,65,66,74,75,76,77,78,79,85,86,87,88,89,90,91,92,98,99,100,101,102	236	932	1187	108|25|2|0|5|5|15|14|3|0|3|6
GA	Allmis	LTR	ERV4	SFV1-13_AMi-I	JH732051:890427-891628-	JH733481:242096-243512-	44	76	0	1020,1025,1056,1061,1074,751,755,792,793,802,813,841,862,866,867,874,887	1047,1051,1087,1088,1097,1108,1136,1157,1161,1162,1169,1182,1315,1320,1351,1356,1369	2	21,22,23,24,25,26,27,28,29,30,31,32,39,40,41,42,43	191	323	764	44|4|1|0|1|1|9|14|0|0|1|0
GA	Allmis	LTR	ERV4	SFV1-13_AMi-I	JH732051:890427-891628-	JH732157:39045-40733+	108	207	0	1100,1110,1114,1115,1116,1117,21,22,23,24,25,252,266,269,271,273,279,38,401,402,407,412,423,426,645,648,652,654,656,657,855,862,866,867,872,936,946,947,953,958,969,972,974,975,976	1093,1103,1107,1108,1109,1110,21,22,23,24,25,252,266,269,271,273,279,38,401,402,407,412,423,426,639,642,646,648,650,651,848,855,859,860,865,929,939,940,946,951,962,965,967,968,969	8	1,2,3,4,5,6,20,21,22,23,24,25,32,33,34,35,36,37,50,51,52,53,54,55,73,74,75,76,77,81,82,83,84,85,86,87,88,89,90,99,100,101,102,103,104	163	1090	1193	108|40|1|2|1|4|18|18|5|4|3|3
GA	Allmis	LTR	ERV4	SFV1-13_AMi-I	JH732051:890427-891628-	JH733072:391080-392734-	88	175	0	21,22,225,226,23,24,25,266,271,273,279,35,36,39,41,417,42,423,426,435,436,53,841,855,866,872,874	21,22,225,226,23,24,25,254,259,261,267,35,36,39,407,41,413,416,42,425,426,53,824,838,849,855,857	4	1,2,3,4,5,6,7,8,9,10,11,21,22,23,24,25,26,35,36,37,38,39,71,72,73,74,75	130	837	1121	88|29|2|1|6|2|17|18|1|2|4|3
GA	Allmis	LTR	ERV4	SFV1-13_AMi-I	JH732051:890427-891628-	JH732514:327274-328399-	91	176	0	205,207,21,213,219,225,226,230,266,271,273,279,32,42,53,58,648,654,656,657,659,765,767,768,770,774,862,866,867,872,874,936,938,946,947,958,967,969	205,207,21,213,219,226,227,231,255,260,262,268,32,42,53,58,631,637,639,640,642,748,750,751,753,757,845,849,850,855,857,919,921,929,930,941,950,952	6	1,2,3,4,5,14,15,16,17,18,19,20,21,22,23,24,46,47,48,49,50,59,60,61,62,63,69,70,71,72,73,75,76,77,78,79,80,81	171	932	1133	91|35|4|1|2|4|16|14|3|0|2|4
GA	Allmis	LTR	ERV4	SFV1-13_AMi-I	JH732051:890427-891628-	JH734448:730001-732000-	100	171	0	129,132,133,135,136,138,25,30,32,35,372,374,39,393,395,396,41,42,645,648,65,652,654,656,657,765,767,768,770,774	129,132,133,135,136,138,25,30,32,35,360,362,382,384,385,39,41,42,628,631,635,637,639,640,65,748,750,751,753,757	5	1,2,3,4,5,6,7,8,15,16,17,18,19,20,41,42,43,44,45,63,64,65,66,67,68,74,75,76,77,78	100	733	1114	100|24|3|0|3|3|14|17|2|0|4|1
GA	Allmis	LTR	ERV4	SFV1-13_AMi-I	JH732051:890427-891628-	JH734113:292973-294265+	84	183	0	183,185,186,187,189,192,193,266,271,273,279,296,936,946,947,958,960	180,182,183,184,186,189,190,251,256,258,264,281,905,915,916,927,929	3	12,13,14,15,16,17,18,23,24,25,26,27,68,69,70,71,72	67	750	1183	84|32|6|2|8|7|12|17|2|5|3|5
GA	Allmis	LTR	ERV4	SFV1-13_AMi-I	JH732051:890427-891628-	JH738596:14080-15730-	85	187	0	207,208,21,217,218,219,22,225,23,24,25,32,35,36,53,936,946,947,958,967,969,975,976	207,208,21,217,218,219,22,225,23,24,25,32,35,36,53,918,928,929,940,949,951,957,958	3	1,2,3,4,5,6,7,8,9,18,19,20,21,22,23,71,72,73,74,75,76,77,78	93	938	1121	85|35|5|1|4|2|18|20|3|1|4|4
GA	Allmis	LTR	ERV4	SFV1-13_AMi-I	JH732051:890427-891628-	JH739720:39577-41375-	52	132	0	645,648,654,656,657,668,669,670,672,674,675,946,947,953,958,975,976	406,409,415,417,418,429,430,431,433,435,436,707,708,714,719,736,737	3	17,18,19,20,21,22,23,24,25,26,27,43,44,45,46,47,48	63	332	874	52|28|2|1|2|2|17|20|0|2|3|3
GA	Allmis	LTR	ERV4	SFV1-13_AMi-I	JH732051:890427-891628-	JH732970:1101249-1102832+	134	224	0	192,193,197,198,200,202,22,23,24,25,255,266,269,271,273,279,306,310,318,32,35,36,41,42,5,503,504,506,507,508,510,519,53,64,65,855,862,866,867,872,878,967,969,972,974,975,976	192,193,197,198,200,202,22,23,24,243,25,254,257,259,261,267,294,298,306,32,35,36,41,42,490,491,493,494,495,497,5,503,53,64,65,834,841,845,846,851,857,946,948,951,953,954,955	6	1,2,3,4,5,6,7,8,9,10,11,12,13,22,23,24,25,26,27,33,34,35,36,37,38,39,40,41,62,63,64,65,66,67,68,97,98,99,100,101,102,112,113,114,115,116,117	184	951	1188	134|36|2|3|3|3|12|19|4|1|4|3
GA	Allmis	LTR	ERV4	SFV1-13_AMi-I	JH732051:890427-891628-	JH737364:69084-70907-	118	211	0	1003,132,133,135,136,138,140,192,193,197,198,200,202,21,22,23,24,25,35,611,612,613,615,636,639,645,648,652,654,656,657,862,866,867,872,887,889,947,953,958,960,967,969,972,974,975,976,982	132,133,135,136,138,140,192,193,197,198,200,202,21,22,23,24,25,35,592,593,594,596,617,620,626,629,633,635,637,638,843,847,848,853,868,870,928,934,939,941,948,950,953,955,956,957,963,984	7	1,2,3,4,5,6,11,12,13,14,15,16,20,21,22,23,24,25,59,60,61,62,63,64,65,66,67,68,69,70,90,91,92,93,94,95,100,101,102,103,104,105,106,107,108,109,110,111	168	964	1120	118|32|6|1|3|5|12|19|2|3|3|5
GA	Allmis	LTR	ERV4	SFV1-13_AMi-I	JH732051:890427-891628-	JH735031:227293-228440+	32	87	0	1039,1044,1048,1056,1061,821,822,825,826,827	275,276,279,280,281,493,498,502,510,515	2	11,12,13,14,15,28,29,30,31,32	30	241	650	32|22|0|1|1|1|14|10|0|2|1|3
GA	Allmis	LTR	ERV4	SFV1-13_AMi-I	JH732157:39045-40733+	JH736990:97190-99315-	54	154	0	148,151,157,159,160,170,173,175,183,207,213,215,217,218,219,225,233	148,151,157,159,160,170,173,175,183,207,213,215,217,218,219,225,233	2	4,5,6,7,8,9,10,11,12,14,15,16,17,18,19,20,21	63	86	1689	54|14|2|2|2|3|52|16|3|0|3|3
GA	Allmis	LTR	ERV4	SFV1-13_AMi-I	JH732157:39045-40733+	JH732202:30635-32300+	60	138	0	197,198,200,215,218,225,310,315,321,323,324,330,337,366,392,393,395,396,415,431,432,434,435	197,198,200,215,218,225,310,315,321,323,324,330,337,366,392,393,395,396,416,432,433,435,436	3	10,11,12,13,14,15,17,18,19,20,21,22,23,24,25,26,27,28,29,30,31,32,33	157	240	1655	60|13|3|1|2|3|39|14|0|0|1|2
GA	Allmis	LTR	ERV4	SFV1-13_AMi-I	JH732157:39045-40733+	JH732970:1101249-1102832+	70	167	0	197,198,200,202,204,306,310,318,321,323,503,504,506,507,508,510,64,65,67,76,87	197,198,200,202,204,294,298,306,309,311,490,491,493,494,495,497,64,65,67,76,87	4	6,7,8,9,10,13,14,15,16,17,21,22,23,24,25,34,35,36,37,38,39	58	434	1588	70|15|3|5|4|3|40|17|2|1|5|2
GA	Allmis	LTR	ERV4	SFV1-13_AMi-I	JH732157:39045-40733+	JH737439:86470-88420-	96	205	0	157,159,1619,1624,1625,1627,1631,178,180,182,183,185,187,202,203,204,205,213,215,217,218,219,310,321,323,324,326,330,366,383,392,393,395	157,159,1616,1621,1622,1624,1628,175,177,179,180,182,184,195,196,197,198,206,208,210,211,212,303,314,316,317,319,323,359,376,385,386,388	4	9,10,11,12,13,14,15,16,17,18,19,20,21,22,23,24,25,29,30,31,32,33,34,35,36,37,38,39,89,90,91,92,93	156	1472	1684	96|14|4|2|6|5|35|26|0|3|10|4
GA	Allmis	LTR	ERV4	SFV1-13_AMi-I	JH732157:39045-40733+	JH735343:300293-301615+	73	139	0	1145,1192,1196,1204,1213,1225,1230,1232,1233,1235,1243,1624,1641,1642,1645,1646,1652,606,609,630,667,668	1205,1222,1223,1226,1227,1233,185,188,209,246,247,723,774,778,786,795,807,812,814,815,817,825	4	13,14,15,16,17,45,46,47,48,49,50,51,52,53,54,55,68,69,70,71,72,73	196	1049	1262	73|13|3|2|4|4|16|15|1|0|3|4
GA	Allmis	LTR	ERV4	SFV1-13_AMi-I	JH732157:39045-40733+	JH737364:69084-70907-	55	135	0	159,197,198,200,202,203,204,207,217,218,225,230,233,603,605,606,607,609,630	159,197,198,200,202,203,204,207,217,218,225,230,233,590,592,593,594,596,617	3	10,11,12,13,14,15,16,17,18,19,20,21,22,33,34,35,36,37,38	104	459	1117	55|12|4|1|2|0|31|19|1|1|4|3
GA	Allmis	LTR	ERV4	SFV1-13_AMi-I	JH732157:39045-40733+	JH734448:730001-732000-	46	122	0	366,392,393,395,396,603,605,606,607,609	354,381,382,384,385,592,594,595,596,598	2	26,27,28,29,30,32,33,34,35,36	39	245	1111	46|8|3|0|0|4|39|19|0|0|3|0
GA	Allmis	LTR	ERV4	SFV1-13_AMi-LTR	JH731021:215506-216250+	JH734215:45816-46564+	42	73	0	178,203,205,216,224,226,227,584,586,588,600,605,676,681,699,701,702,703,709,710,711	183,208,210,221,229,231,232,588,590,592,604,609,680,685,703,705,706,707,713,714,715	3	9,10,11,12,13,14,15,24,25,26,27,28,31,32,33,34,35,36,37,38,39	108	533	746	42|7|0|0|0|3|6|8|1|0|5|1
GA	Allmis	LTR	ERV4	SFV1-13_AMi-LTR	JH731021:215506-216250+	JH737242:1129367-1130125-	33	62	0	127,142,153,158,165,203,212,213,214,216,227,96	102,133,148,159,164,171,209,218,219,220,222,234	2	3,4,5,6,7,8,9,10,11,12,13,14	134	133	751	33|8|0|1|0|3|4|7|1|0|4|1
GA	Allmis	LTR	ERV4	SFV1-13_AMi-LTR	JH731021:215506-216250+	JH732157:41448-42200+	45	77	0	582,584,586,588,605,682,697,702,709,710	590,592,594,596,613,690,705,710,717,718	2	31,32,33,34,35,39,40,41,42,43	53	129	748	45|5|0|1|1|2|7|8|2|0|5|1
GA	Allmis	LTR	ERV4	SFV1-13_AMi-LTR	JH731021:215506-216250+	JH737633:134518-135276+	35	70	0	153,158,165,178,203,205,216,578,581,586,588,605	158,163,170,183,209,211,222,592,595,600,602,619	2	6,7,8,9,10,11,12,27,28,29,30,31	93	462	751	35|13|0|0|0|0|6|8|1|0|6|1
GA	Allmis	LTR	ERV4	SFV1-13_AMi-LTR	JH731021:215506-216250+	JH738772:94377-95140-	43	77	0	102,115,153,158,165,203,224,226,227,228,240,242,249,253,254,96	102,108,123,161,166,173,211,232,234,235,236,248,250,257,261,262	3	5,6,7,8,9,10,11,12,13,14,15,16,17,18,19,20	163	161	750	43|8|1|1|1|4|5|6|2|0|5|1
GA	Allmis	LTR	ERV4	SFV1-13_AMi-LTR	JH731021:215506-216250+	JH732272:69733-70490-	34	79	0	153,158,165,178,203,205,216,226,227,228,240,242,254	159,164,171,184,210,212,223,233,234,235,247,249,261	1	5,6,7,8,9,10,11,12,13,14,15,16,17	103	103	750	34|10|1|0|2|5|10|6|2|0|4|5
GA	Allmis	LTR	ERV4	SFV1-13_AMi-LTR	JH731021:215506-216250+	JH735341:1473633-1474397+	36	69	0	153,158,165,178,203,205,212,213,214,216,227	166,171,178,191,216,218,225,226,227,229,240	2	2,3,4,5,6,7,8,9,10,11,12	76	75	733	36|8|0|0|0|3|5|7|1|0|4|1
GA	Allmis	LTR	ERV4	SFV1-13_AMi-LTR	JH731021:215506-216250+	JH735597:1032167-1032920+	67	94	0	127,140,142,153,158,165,178,203,205,216,224,226,227,228,240,242,245,253,254,434,444,447,457,462,470,578,584,586,588,605	138,151,153,164,169,176,189,214,216,227,235,237,238,239,251,253,256,264,265,444,454,457,467,472,480,588,594,596,598,615	4	5,6,7,8,9,10,11,12,13,14,15,16,17,18,19,20,21,22,23,36,37,38,39,40,41,51,52,53,54,55	194	478	748	67|7|0|1|1|1|4|8|2|0|3|0
GA	Allmis	LTR	ERV4	SFV1-13_AMi-LTR	JH731021:215506-216250+	JH735343:299021-299775+	53	86	0	153,158,165,178,205,582,584,586,588,600,605,676,699,701,702,709,710,711,718	158,163,170,183,209,592,594,596,598,610,615,686,709,711,712,719,720,721,728	3	6,7,8,9,10,36,37,38,39,40,41,46,47,48,49,50,51,52,53	119	571	738	53|7|3|1|0|3|3|8|1|1|5|1
GA	Allmis	LTR	ERV4	SFV1-13_AMi-LTR	JH731021:215506-216250+	JH733622:687916-688674-	65	99	0	110,113,115,119,127,173,178,199,203,205,212,213,214,216,224,228,240,242,249,253,254,300,301,334,336,339,344,366,378,382,386,390,392,400,582,584,586,588,605,96	102,116,119,121,125,135,181,186,207,211,213,220,221,222,224,232,234,246,248,255,259,260,306,307,340,342,345,350,372,384,388,392,396,398,406,596,598,600,602,619	7	6,7,8,9,10,11,15,16,17,18,19,20,21,22,23,24,25,26,27,28,29,30,34,35,36,37,38,39,40,41,42,43,44,45,46,56,57,58,59,60	242	518	740	65|9|0|0|1|3|3|9|1|1|6|0
GA	Allmis	LTR	ERV4	SFV1-13_AMi-I	JH732157:168925-170421+	JH734158:99868-101351+	62	133	0	1019,1022,1023,1024,1035,1051,1061,1063,1064,1070,1130,1151,1158,1162,1163	717,720,721,722,733,749,759,761,762,768,828,849,856,860,861	2	30,31,32,33,34,35,36,37,38,39,45,46,47,48,49	86	145	994	62|21|2|1|3|3|10|17|2|5|1|5
GA	Allmis	LTR	ERV4	SFV1-13_AMi-I	JH732157:168925-170421+	JH737633:135276-136813+	78	136	0	1019,1022,1023,1024,1047,1051,1061,1063,1064,1070,1076,1089,941,944,948,950,952,962,963,965,966,974	639,642,646,648,650,660,661,663,664,672,717,720,721,722,745,749,759,761,762,768,774,787	3	31,32,33,34,35,36,37,38,39,40,41,42,43,44,45,46,47,48,49,50,51,52	151	149	995	78|23|2|2|2|4|4|9|3|5|1|2
GA	Allmis	LTR	ERV4	SFV1-13_AMi-I	JH732157:168925-170421+	JH733829:441590-443620+	64	122	0	1168,1174,1243,1249,1256,662,669,671,674,676	170,177,179,182,184,676,682,751,757,764	2	9,10,11,12,13,44,45,46,47,48	104	595	935	64|20|1|0|2|5|4|12|5|3|2|3
GA	Allmis	LTR	ERV4	SFV1-13_AMi-I	JH732157:168925-170421+	JH733438:132918-134518-	68	125	0	1051,1061,1063,1064,1070,1076,1089,1168,1170,1183,1185,1189,662,668,669,671,676	343,349,350,352,357,730,740,742,743,749,755,768,847,849,862,864,868	3	7,8,9,10,11,34,35,36,37,38,39,40,49,50,51,52,53	76	526	938	68|25|1|0|3|4|6|8|1|2|2|3
GA	Allmis	LTR	ERV4	SFV1-13_AMi-I	JH732157:168925-170421+	JH733481:242096-243512-	54	79	0	1022,1023,1024,1035,1047,1051,1076,1088,1089,1098,1109,1137,1158,1162,1163,803,805,806,822,823,848	1022,1023,1024,1035,1047,1051,1075,1087,1088,1097,1108,1136,1157,1161,1162,797,799,800,816,817,842	2	8,9,10,11,12,13,24,25,26,27,28,29,30,31,32,33,34,35,36,37,38	187	366	760	54|4|2|0|1|1|6|8|1|1|0|0
GA	Allmis	LTR	ERV4	SFV1-13_AMi-I	JH732157:168925-170421+	JH732397:416461-417969-	70	143	0	1061,1063,1064,1066,1070,941,944,948,950,953,962,965,966,970,974	631,634,638,640,643,652,655,656,660,664,751,753,754,756,760	3	21,22,23,24,25,26,27,28,29,30,36,37,38,39,40	45	130	938	70|30|2|2|2|2|9|14|2|3|3|3
GA	Allmis	LTR	ERV4	SFV1-13_AMi-I	JH732157:168925-170421+	JH737364:315692-316816-	70	140	0	1023,1024,1051,1061,1063,1064,1070,962,963,965,966,968,970	660,661,663,664,666,668,721,722,749,759,761,762,768	2	33,34,35,36,37,38,40,41,42,43,44,45,46	57	109	926	70|25|1|1|4|3|8|14|2|5|2|4
GA	Allmis	LTR	ERV4	SFV1-13_AMi-I	JH732157:168925-170421+	JH736990:97190-99315-	101	168	0	1019,1022,1023,1024,1051,1061,1063,1064,1070,1073,1076,1088,1089,1192,1193,1195,1196,1243,1249,1333,1335,1340,1342,1343,1390,1395,1398,1405,1412,509,517,519,520,521,528,529,535,662,669,671,674,676,962,963,965,966,968,974	1031,1033,1038,1040,1041,1089,1094,1097,1104,1111,207,215,217,218,219,226,227,233,360,367,369,372,374,660,661,663,664,666,672,717,720,721,722,749,759,761,762,768,771,774,786,787,890,891,893,894,941,947	7	1,2,3,4,5,6,7,8,22,23,24,25,26,49,50,51,52,53,54,55,56,57,58,59,60,61,62,63,64,65,66,67,77,78,79,80,81,82,87,88,89,90,91,94,95,96,97,98	263	905	995	101|27|2|2|4|2|7|13|3|3|0|3
GA	Allmis	LTR	ERV4	SFV1-13_AMi-I	JH732157:168925-170421+	JH732202:30635-32300+	107	166	0	1061,1063,1064,1070,1076,1089,1168,1170,1185,1186,1189,1270,1271,1272,1278,1286,1297,662,668,669,671,674,676,704,709,714,716,717,725,728,734,962,963,965,966,968,970,974	360,366,367,369,372,374,403,408,413,415,416,424,427,433,661,662,664,665,667,669,673,760,762,763,769,775,788,867,869,884,885,888,969,970,971,977,988,999	6	20,21,22,23,24,25,30,31,32,33,34,35,36,37,58,59,60,61,62,63,64,69,70,71,72,73,74,83,84,85,86,87,93,94,95,96,97,98	141	640	989	107|24|2|0|4|4|5|11|1|2|1|4
GA	Allmis	LTR	ERV4	SFV1-13_AMi-I	JH732157:168925-170421+	JH734448:730001-732000-	74	120	0	1022,1023,1024,1051,1061,1063,1064,1066,1070,1192,1193,1195,1196,1243,662,668,669,671,674,676,694,695,697,698,941,944,948,950,952,953	348,354,355,357,360,362,381,382,384,385,628,631,635,637,639,640,709,710,711,738,748,750,751,753,757,865,866,868,869,916	4	11,12,13,14,15,16,17,18,19,20,37,38,39,40,41,42,45,46,47,48,49,50,51,52,53,60,61,62,63,64	152	569	864	74|18|3|0|3|3|3|10|0|2|2|2
GA	Allmis	LTR	ERV4	SFV1-13_AMi-I	JH732157:168925-170421+	JH734113:292973-294265+	71	139	0	1061,1063,1064,1066,1070,1270,1272,1285,1286,1297	736,739,740,742,746,943,945,958,959,970	2	36,37,38,39,40,58,59,60,61,62	39	235	934	71|24|3|1|6|5|7|12|1|4|0|4
GA	Allmis	LTR	ERV4	SFV1-13_AMi-I	JH732157:168925-170421+	JH735997:352974-353999-	68	135	0	1061,1063,1064,1066,1070,1192,1193,1195,1196,1243,1249,1262,662,669,671,674,676	261,268,270,273,275,660,662,663,665,669,791,792,794,795,842,848,861	3	7,8,9,10,11,35,36,37,38,39,53,54,55,56,57,58,59	96	601	870	68|27|4|1|2|5|5|13|1|2|2|4
GA	Allmis	LTR	ERV4	SFV1-13_AMi-I	JH732157:168925-170421+	JH732514:327274-328399-	80	144	0	1061,1063,1064,1066,1070,1232,1243,1262,1263,1265,1271,1272,1278,1286,1297,1311,944,950,952,953,955	631,637,639,640,642,748,750,751,753,757,919,930,949,950,952,958,959,965,973,984,998	4	30,31,32,33,34,44,45,46,47,48,64,65,66,67,68,69,70,71,72,73,74	103	368	885	80|27|3|1|2|3|8|12|1|3|0|4
GA	Allmis	LTR	ERV4	SFV1-13_AMi-I	JH732157:168925-170421+	JH732970:1101249-1102832+	104	169	0	1051,1055,1061,1063,1064,1070,1262,1263,1265,1270,1271,1272,607,608,612,620,623,736,737,738,749,767,772,804,805,806,808,809,810,812,817,819	293,294,298,306,309,422,423,424,435,453,458,489,490,491,493,494,495,497,502,504,734,738,744,746,747,753,945,946,948,953,954,955	5	4,5,6,7,8,22,23,24,25,26,27,28,29,30,31,32,33,34,35,36,52,53,54,55,56,57,81,82,83,84,85,86	132	663	917	104|28|3|1|3|4|3|13|3|2|2|2
GA	Allmis	LTR	ERV4	SFV1-13_AMi-I	JH732157:168925-170421+	JH733995:231086-232026+	50	98	0	1023,1024,1051,1063,1064,1070,1130,1132,1151,1162,1163,962,963,965,966,974	647,648,650,651,659,708,709,736,748,749,755,815,817,836,847,848	3	26,27,28,29,30,31,32,33,34,35,36,42,43,44,45,46	144	202	702	50|20|1|0|2|2|5|10|1|3|1|3
GA	Allmis	LTR	ERV4	SFV1-13_AMi-I	JH732157:168925-170421+	JH737364:69084-70907-	94	155	0	1019,1022,1023,1024,1051,1061,1063,1064,1070,1243,1249,1256,1262,1263,1265,1270,1271,1272,1278,1286,1297,1299,941,944,948,950,952,953	626,629,633,635,637,638,704,707,708,709,736,746,748,749,755,928,934,941,947,948,950,955,956,957,963,971,982,984	3	36,37,38,39,40,41,45,46,47,48,49,50,51,52,53,76,77,78,79,80,81,82,83,84,85,86,87,88	122	359	870	94|24|2|1|3|2|3|13|1|3|4|4
GA	Allmis	LTR	ERV4	SFV1-13_AMi-I	JH732157:168925-170421+	JH739633:30555-31415+	51	102	0	1051,1061,1063,1064,1070,962,963,965,966,968,970	655,656,658,659,661,663,746,756,758,759,765	2	27,28,29,30,31,32,37,38,39,40,41	29	111	663	51|18|2|0|2|2|10|10|2|2|0|3
GA	Allmis	LTR	ERV4	SFV1-13_AMi-I	JH732165:1626304-1626937+	JH738206:39380-40456-	27	49	0	214,226,242,246,258,277,283,365,381,390,407,409	656,668,684,688,700,719,725,807,823,832,850,852	2	8,9,10,11,12,13,14,18,19,20,21,22	116	197	633	27|4|0|0|0|1|8|7|1|0|1|0
GA	Allmis	LTR	ERV4	SFV1-13_AMi-I	JH732165:1626304-1626937+	JH733072:391080-392734-	25	50	0	159,170,172,175,177,577,586,613,620,628	1057,1066,1093,1100,1108,640,650,652,655,657	2	7,8,9,10,11,21,22,23,24,25	70	469	632	25|4|0|0|1|0|10|7|0|0|1|0
GA	Allmis	LTR	ERV4	SFV1-13_AMi-I	JH732165:1626304-1626937+	JH737364:69084-70907-	39	52	0	112,114,115,116,118,139,142,151,159,194,226,246,258,277,283,328,344,365,369,370,390,392,400,456,463,469,470,472,475,477,485,493	590,592,593,594,596,617,620,629,637,672,704,724,736,755,761,806,822,843,847,848,868,870,878,934,941,947,948,950,953,955,963,971	3	3,4,5,6,7,8,9,10,11,12,13,14,15,16,17,18,19,20,21,22,23,24,25,26,27,28,29,30,31,32,33,34	384	382	633	39|4|0|0|0|0|2|4|0|0|2|1
GA	Allmis	LTR	ERV4	SFV1-13_AMi-I	JH732165:1626304-1626937+	JH734462:423974-425707-	40	64	0	115,139,142,151,159,226,246,254,258,273,277,283,365,369,370,377,390,392,393	592,619,622,631,639,706,726,734,738,753,757,763,845,849,850,860,873,875,876	3	6,7,8,9,10,14,15,16,17,18,19,20,23,24,25,26,27,28,29	138	285	636	40|6|0|0|2|1|9|5|1|0|0|0
GA	Allmis	LTR	ERV4	SFV1-13_AMi-I	JH732165:1626304-1626937+	JH737047:67755-69165-	58	74	0	118,139,142,151,159,162,170,172,175,177,178,222,226,246,254,258,273,283,344,365,369,370,377,390,392,393,463,469,470,472,475,477,485,492,493,505,535,541,542,547,548,550,551	186,207,210,219,227,230,238,240,243,245,246,290,294,314,322,326,341,351,412,433,437,438,445,458,460,461,531,537,538,540,543,545,553,560,561,573,603,609,610,615,616,618,619	4	8,9,10,11,12,13,14,15,16,17,18,19,20,21,22,23,24,25,27,28,29,30,31,32,33,34,38,39,40,41,42,43,44,45,46,47,48,49,50,51,52,53,54	306	434	631	58|3|0|1|0|0|4|7|0|0|1|0
GA	Allmis	LTR	ERV4	SFV1-13_AMi-I	JH732165:1626304-1626937+	JH739617:371791-373996-	34	69	0	112,114,116,118,151,159,170,210,226,246,258,273,277	591,593,595,597,630,638,649,686,702,722,734,749,753	2	6,7,8,9,10,11,12,14,15,16,17,18,19	127	163	621	34|10|0|0|1|3|5|12|0|0|3|1
GA	Allmis	LTR	ERV4	SFV1-13_AMi-I	JH732165:1626304-1626937+	JH737439:86470-88420-	49	81	0	365,369,370,381,390,392,400,469,470,472,475,477,485,492,493,540,541,542,547,548,551	1026,1027,1028,1033,1034,1037,849,853,854,867,876,878,886,955,956,958,961,963,971,978,979	3	17,18,19,20,21,22,23,26,27,28,29,30,31,32,33,34,35,36,37,38,39	122	189	632	49|6|2|2|1|0|7|9|0|3|2|0
GA	Allmis	LTR	ERV4	SFV1-13_AMi-I	JH732165:1626304-1626937+	JH736990:97190-99315-	36	82	0	151,159,169,170,172,175,540,542,547,548,550,551	1031,1033,1038,1039,1041,1042,642,650,660,661,663,666	2	7,8,9,10,11,12,26,27,28,29,30,31	37	401	633	36|15|0|3|3|3|9|11|1|0|1|0
GA	Allmis	LTR	ERV4	SFV1-13_AMi-I	JH732165:1626304-1626937+	JH732202:30635-32300+	35	78	0	159,169,170,172,175,177,365,369,370,377,392,393	651,661,662,664,667,669,857,861,862,869,884,885	2	8,9,10,11,12,13,20,21,22,23,24,25	48	235	629	35|14|1|0|5|2|9|11|0|0|1|0
GA	Allmis	LTR	ERV4	SFV1-13_AMi-I	JH732165:1626304-1626937+	JH735343:300293-301615+	64	97	0	142,151,159,170,172,175,177,178,194,214,226,242,246,28,36,365,369,370,381,390,392,393,469,470,475,477,492,493,55,567,569,576,577,586,70,73	106,125,140,143,212,221,229,239,241,244,246,247,263,283,295,311,315,434,438,439,450,459,461,462,537,538,543,545,560,561,635,637,644,645,654,98	6	5,6,7,8,9,14,15,16,17,18,19,20,21,22,23,24,25,26,37,38,39,40,41,42,43,45,46,47,48,49,50,58,59,60,61,62	225	557	632	64|6|2|1|4|2|4|8|0|1|2|2
GA	Allmis	LTR	ERV4	SFV1-13_AMi-I	JH732165:1626929-1627592+	JH733684:1128651-1129867+	32	65	0	382,386,389,390,391,486,531,537,580,584,586,597	381,385,388,389,390,485,530,536,574,578,580,591	2	17,18,19,20,21,22,23,24,25,26,27,28	212	211	660	32|4|0|0|1|2|13|7|0|0|5|0
GA	Allmis	LTR	ERV4	SFV1-13_AMi-I	JH732165:1626929-1627592+	JH737047:67755-69165-	39	64	0	110,112,122,123,134,136,143,146,147,149,505,531,537,584,586,597	1197,1224,1230,1272,1274,1285,803,805,815,816,827,829,836,839,840,842	2	4,5,6,7,8,9,10,11,12,13,31,32,33,34,35,36	129	483	659	39|2|0|0|0|2|8|8|0|0|3|2
GA	Allmis	LTR	ERV4	SFV1-13_AMi-I	JH732165:1626929-1627592+	JH737364:69084-70907-	37	68	0	110,112,143,147,159,586,597,620,622,648	1213,1215,1246,1250,1262,1685,1696,1719,1721,1747	2	4,5,6,7,8,32,33,34,35,36	113	535	661	37|5|1|0|3|2|9|8|0|0|3|0
GA	Allmis	LTR	ERV4	SFV1-13_AMi-I	JH732165:1626929-1627592+	JH735343:300293-301615+	34	60	0	271,272,277,279,280,288,291,615,620,622,648,653	1146,1151,1153,1179,1184,806,807,812,814,815,823,826	2	5,6,7,8,9,10,11,30,31,32,33,34	60	379	435	34|7|0|0|0|1|7|6|1|0|3|1
GA	Allmis	LTR	ERV4	SFV1-13_AMi-LTR	JH731028:484214-484931-	JH734735:652264-652991+	36	53	0	102,118,120,122,132,220,222,230,232,247,267,464,472,486,489,497,516,68,98	103,121,123,125,135,223,225,233,235,250,270,465,473,489,492,500,519,69,99	3	4,5,6,7,8,9,10,13,14,15,16,17,18,23,24,25,26,27,28	170	451	722	36|5|2|0|2|0|3|3|0|0|2|0
GA	Allmis	LTR	ERV4	SFV1-13_AMi-LTR	JH731028:484214-484931-	JH737364:67877-68602-	49	68	0	260,268,281,288,293,294,307,429,431,444,472,486,489,524,532,554,557,559,561,578,584,625,635,654,655,698,702,707	260,268,281,288,293,294,307,429,431,444,476,490,493,532,540,562,565,567,569,586,592,633,643,662,663,706,710,715	4	16,17,18,19,20,21,22,27,28,29,30,31,32,35,36,37,38,39,40,41,42,43,44,45,46,47,48,49	298	456	721	49|5|2|0|1|1|2|1|1|1|3|1
GA	Allmis	LTR	ERV4	SFV1-13_AMi-LTR	JH731028:484214-484931-	JH738206:37267-37987-	48	60	0	102,118,120,122,124,132,159,18,294,307,308,350,374,384,392,397,40,400,404,516,539,557,559,561,573,578,618,625,635,68,698,707,708,98	102,118,120,122,124,132,151,18,286,299,300,342,366,376,384,389,392,396,40,516,543,561,563,565,577,582,622,629,639,68,702,711,712,98	4	1,2,3,4,5,6,7,8,9,10,11,16,17,18,19,20,21,22,23,24,25,36,37,38,39,40,41,42,43,44,45,46,47,48	443	695	716	48|3|0|0|1|0|4|2|2|0|0|0
GA	Allmis	LTR	ERV4	SFV1-13_AMi-LTR	JH731028:484214-484931-	JH731694:176382-176832-	25	45	0	648,654,655,666,670,672,674,675,676,682,683,684,686,694,698,707,708	381,387,388,399,403,405,407,408,409,415,416,417,419,427,431,440,441	2	9,10,11,12,13,14,15,16,17,18,19,20,21,22,23,24,25	62	61	448	25|7|1|1|1|1|6|2|0|0|1|0
GA	Allmis	LTR	ERV4	SFV1-13_AMi-LTR	JH731028:484214-484931-	JH734362:442498-443287-	18	26	0	472,486,489,493,497,504,516,625,635,654,674,676	536,554,557,561,565,572,584,697,707,726,746,748	2	4,5,6,7,8,9,10,14,15,16,17,18	101	213	372	18|1|1|0|0|0|3|1|1|0|1|0
GA	Allmis	LTR	ERV4	SFV1-13_AMi-I	JH732202:30635-32300+	JH732970:1101249-1102832+	59	169	0	1108,1111,1113,1115,1142,22,23,32,35,36,503,504,505,507,508	1089,1092,1094,1096,1123,22,23,32,35,36,490,491,492,494,495	3	3,4,5,6,7,22,23,24,25,26,45,46,47,48,49	56	1102	1598	59|20|2|1|3|2|48|19|3|2|7|3
GA	Allmis	LTR	ERV4	SFV1-13_AMi-I	JH732202:30635-32300+	JH737439:86470-88420-	73	183	0	1071,1072,1108,1111,1113,1115,1627,1638,1643,1644,1646,1650,180,183,185,186,187,205,213,217,219,22,23,35,36,38,64	1062,1063,1099,1102,1104,1106,1605,1616,1621,1622,1624,1628,177,180,182,183,184,198,206,210,212,22,23,35,36,38,64	4	1,2,3,4,5,6,11,12,13,14,15,16,17,18,19,50,51,52,53,54,55,68,69,70,71,72,73	148	1607	1651	73|15|2|2|5|1|44|27|0|2|10|2
GA	Allmis	LTR	ERV4	SFV1-13_AMi-I	JH732202:30635-32300+	JH737364:69084-70907-	48	140	0	1001,133,135,136,138,140,157,159,604,606,607,608,610,948,955,962,964,967	133,135,136,138,140,157,159,590,592,593,594,596,934,941,948,950,953,984	3	5,6,7,8,9,10,11,23,24,25,26,27,40,41,42,43,44,45	85	852	1119	48|14|1|0|1|0|45|17|1|1|6|4
GA	Allmis	LTR	ERV4	SFV1-13_AMi-I	JH732242:0-1471+	JH738777:1497300-1499481-	62	145	0	814,816,818,828,842,875,878,881,891,893,895	1536,1538,1540,1550,1563,1597,1600,1603,1613,1615,1617	2	22,23,24,25,26,27,28,29,30,31,32	83	82	1464	62|8|3|1|3|3|34|19|1|0|5|5
GA	Allmis	LTR	ERV4	SFV1-13_AMi-I	JH732242:0-1471+	JH739617:371791-373996-	92	152	0	1017,1018,1019,1027,1033,1036,1039,1044,1047,1065,1069,1070,1271,1292,1308,1317,1327,1333,1355,1358,1390,1410,1422,1427,1431,1442,483,486,489,496,498,510,514,524,534,565,584,814,816,818,828,842,847,852,860,900,912,914,915,943,957,961,979,985	1227,1230,1233,1240,1242,1254,1258,1268,1278,1309,1328,1558,1560,1562,1572,1585,1591,1596,1604,1644,1656,1658,1659,1687,1701,1705,1723,1729,1761,1762,1763,1771,1777,1781,1784,1789,1792,1810,1814,1815,2006,2027,2043,2052,2062,2068,2090,2093,2125,2145,2157,2162,2166,2177	7	19,20,21,22,23,24,25,26,27,28,29,37,38,39,40,41,42,43,44,45,46,47,48,52,53,54,55,56,57,58,59,60,61,62,63,64,65,66,67,68,78,79,80,81,82,83,84,85,86,87,88,89,90,91	508	951	1429	92|8|2|0|3|5|19|15|2|1|2|3
GA	Allmis	LTR	ERV4	SFV1-13_AMi-I	JH732242:0-1471+	AKHW01036425:0-1143+	58	108	0	1002,1012,1017,1018,1019,1022,1024,912,914,915,922,924,957,961,985,996	1003,1005,1038,1042,1066,1077,1083,1093,1098,1099,1100,1103,1105,993,995,996	3	39,40,41,42,43,44,45,46,47,48,49,50,51,52,53,54	115	113	1062	58|6|2|0|1|0|25|11|1|1|1|2
GA	Allmis	LTR	ERV4	SFV1-13_AMi-I	JH732242:0-1471+	JH736112:7666-9426+	65	115	0	1001,1002,101,102,122,131,132,134,135,37,48,510,514,522,524,534,537,70,814,816,818,828,838,842,847,860,878,881,885,891,893,895,900,946,961,985,996,999	1254,1258,1266,1268,1278,1281,1558,1560,1562,1572,1582,1586,1591,1604,1622,1625,1629,1635,1637,1639,1644,1689,1704,1728,1740,1743,1745,1746,785,796,818,849,850,870,879,880,882,883	6	3,4,5,6,7,8,9,10,11,12,22,23,24,25,26,27,40,41,42,43,44,45,46,47,48,49,50,51,52,53,54,59,60,61,62,63,64,65	274	962	1008	65|5|5|0|1|2|19|13|0|1|3|0
GA	Allmis	LTR	ERV4	SFV1-13_AMi-I	JH732242:0-1471+	JH736990:97190-99315-	64	120	0	272,274,279,280,282,283,301,483,486,488,489,510,514,900,912,914,915,920,922,924	1031,1033,1038,1039,1041,1042,1060,1243,1246,1248,1249,1270,1274,1660,1672,1674,1675,1680,1682,1684	3	15,16,17,18,19,20,21,27,28,29,30,31,32,56,57,58,59,60,61,62	87	654	960	64|10|0|2|1|1|20|15|2|1|3|1
GA	Allmis	LTR	ERV4	SFV1-13_AMi-I	JH732242:0-1471+	JH737633:135276-136813+	43	90	0	478,480,483,486,489,510,514,522,524,534,537,550,553,569,660,666,736,742,757	1238,1240,1243,1246,1249,1270,1274,1282,1284,1294,1297,1310,1313,1329,1420,1426,1496,1502,1517	3	19,20,21,22,23,26,27,28,29,30,31,32,33,34,39,40,41,42,43	170	280	777	43|9|3|1|2|1|12|14|2|2|0|1
GA	Allmis	LTR	ERV4	SFV1-13_AMi-I	JH732242:0-1471+	JH737439:86470-88420-	85	125	0	101,102,15,201,202,207,209,211,224,225,272,273,274,279,280,283,299,301,308,332,344,347,349,351,37,48,628,630,634,635,640,76,814,816,818,828,838,842,847,852,860,863,869,871,875,878,881,97	1026,1027,1028,1033,1034,1037,1053,1055,1062,1087,1099,1102,1104,1106,1381,1383,1387,1388,1393,1567,1569,1571,1581,1591,1595,1600,1605,1613,1616,1622,1624,1628,1631,1634,767,789,800,828,851,855,856,955,956,961,963,965,978,979	6	1,2,3,4,5,6,7,15,16,17,18,19,20,21,23,24,25,26,27,28,29,30,31,32,33,34,35,36,57,58,59,60,61,71,72,73,74,75,76,77,78,79,80,81,82,83,84,85	278	868	887	85|2|3|1|0|1|15|12|0|2|4|0
GA	Allmis	LTR	ERV4	SFV1-13_AMi-I	JH732242:0-1471+	JH732970:1101249-1102832+	67	117	0	201,202,207,209,211,483,486,488,489,496,498,510,514,522,524,534,537,814,816,818,823,828	1228,1231,1233,1234,1241,1243,1255,1259,1267,1269,1279,1282,1559,1561,1563,1568,1573,945,946,951,953,955	4	14,15,16,17,18,36,37,38,39,40,41,42,43,44,45,46,47,63,64,65,66,67	82	629	837	67|10|3|1|2|1|18|11|1|1|2|0
GA	Allmis	LTR	ERV4	SFV1-13_AMi-I	JH732242:0-1471+	JH735343:300293-301615+	112	165	0	122,124,125,134,135,15,27,30,37,437,441,458,469,470,475,477,478,48,480,483,486,488,489,57,620,627,628,630,634,635,640,715,736,742,770,774,809,814,816,818,823,828,838,842,847,852,856,860,878,881,885,886,889,890,891,893,895,900,912,914,915,920,946,949,950,957,961,964,978,985	1052,1073,1079,1107,1111,1146,1151,1153,1155,1160,1165,1175,1179,1184,1189,1193,1197,1215,1218,1222,1223,1226,1227,1228,1230,1232,1237,1249,1251,1252,1257,1278,1281,1282,1289,1293,1296,1310,1317,352,364,367,374,385,394,459,461,462,469,470,774,778,795,806,807,812,814,815,817,820,823,825,826,957,964,965,967,971,972,977	8	1,2,3,4,5,6,12,13,14,15,16,40,41,42,43,44,45,46,47,48,49,50,51,52,61,62,63,64,65,66,67,71,72,73,74,75,79,80,81,82,83,84,85,86,87,88,89,90,91,92,93,94,95,96,97,98,99,100,101,102,103,104,105,106,107,108,109,110,111,112	363	966	987	112|6|3|4|2|3|13|14|1|1|2|3
GA	Allmis	LTR	ERV4	SFV1-13_AMi-I	JH732242:0-1471+	JH734448:730001-732000-	56	76	0	1017,1018,1019,1027,1033,1036,1039,483,486,489,496,498,510,514,522,524,534,537,565,580,584,814,816,818,828,838,842,847,860,870,872,878,881,893,895,900,920,922,924,936,937,938,943,961,985	1376,1379,1382,1389,1391,1403,1407,1415,1417,1427,1430,1458,1473,1477,1707,1709,1711,1721,1731,1735,1742,1755,1765,1767,1773,1776,1788,1790,1795,1815,1817,1819,1832,1833,1834,1839,1857,1881,1903,1904,1905,1913,1919,1922,1925	3	1,2,3,4,5,6,7,8,9,10,11,12,13,14,22,23,24,25,26,27,28,29,30,31,32,33,34,35,36,37,38,39,40,41,42,43,44,45,46,47,48,49,50,51,52	322	550	685	56|3|1|1|1|0|6|6|0|2|0|0
GA	Allmis	LTR	ERV4	SFV1-13_AMi-I	JH732242:0-1471+	JH734488:248625-249461+	31	53	0	838,847,856,860,863,920,922,924,929,931,943,946,949,950,957,961,978	258,266,275,279,282,339,341,343,348,350,362,365,368,369,376,380,397	3	12,13,14,15,16,20,21,22,23,24,25,26,27,28,29,30,31	85	140	414	31|3|1|0|0|1|11|2|0|1|1|2
GA	Allmis	LTR	ERV4	SFV1-13_AMi-I	JH732242:0-1471+	JH734462:423974-425707-	27	38	0	478,480,483,486,488,489,496,498,522,524,534,537,580,814,816,818,828,838	1372,1374,1377,1380,1382,1383,1390,1392,1416,1418,1428,1431,1474,1703,1705,1707,1717,1727	2	1,2,3,4,5,6,7,8,9,10,11,12,13,23,24,25,26,27	128	356	393	27|2|0|0|0|1|2|5|0|1|0|0
GA	Allmis	LTR	ERV4	SFV1-13_AMi-I	JH732242:0-1471+	JH737047:67755-69165-	40	63	0	510,514,522,524,534,537,627,628,634,635,640,814,816,818,828,847,852,856,860,863	1005,1009,1017,1019,1029,1032,1122,1123,1128,1129,1134,1308,1310,1312,1322,1339,1344,1348,1352,1355	3	11,12,13,14,15,16,21,22,23,24,25,32,33,34,35,36,37,38,39,40	89	351	442	40|4|1|0|0|3|5|7|0|1|2|0
GA	Allmis	LTR	ERV4	SFV1-13_AMi-I	JH732242:0-1471+	JH737047:67755-69165-	34	58	0	201,202,207,209,211,224,225,273,274,279,280,282,283,301	537,538,543,545,547,560,561,609,610,615,616,618,619,637	2	15,16,17,18,19,20,21,26,27,28,29,30,31,32	54	101	364	34|5|2|0|0|0|6|10|0|0|1|0
GA	Allmis	LTR	ERV4	SFV1-13_AMi-LTR	JH731031:139524-140256-	JH731237:96003-96719+	54	68	0	105,125,137,162,170,203,213,214,218,227,233,234,235,247,259,261,264,383,384,386,401,407,409,415,423,453,466,469,473,479,559,579,586,607,609,611,623,628	105,126,138,163,171,204,214,215,219,228,234,235,236,248,260,262,265,384,385,387,402,408,410,416,424,454,467,470,474,480,560,580,587,608,610,612,624,629	4	7,8,9,10,11,12,13,14,15,16,17,18,19,20,21,22,23,29,30,31,32,33,34,35,36,37,38,39,40,41,45,46,47,48,49,50,51,52	329	525	715	54|3|1|0|0|1|4|2|1|1|0|0
GA	Allmis	LTR	ERV4	SFV1-13_AMi-LTR	JH731031:139524-140256-	JH735259:229764-230473-	37	57	0	105,137,162,164,170,203,393,401,407,409,423,431,469,473,605,607,609,611,628	105,140,165,167,173,206,387,395,401,403,417,425,463,467,599,601,603,605,622	3	4,5,6,7,8,9,18,19,20,21,22,23,24,25,29,30,31,32,33	207	518	710	37|5|3|0|2|1|4|2|0|0|2|0
GA	Allmis	LTR	ERV4	SFV1-13_AMi-I	JH732242:0-1471+	JH737364:69084-70907-	57	87	0	483,486,488,489,496,498,502,510,514,522,524,534,537,801,814,816,818,823,828,838,842,847,852,856,860,869,870,871,872,875,878,889,890,891,893,895,900	1388,1391,1393,1394,1401,1403,1407,1415,1419,1427,1429,1439,1442,1706,1719,1721,1723,1728,1733,1743,1747,1752,1757,1761,1765,1774,1775,1776,1777,1780,1783,1794,1795,1796,1798,1800,1805	5	5,6,7,8,9,10,11,12,13,14,15,16,17,34,35,36,37,38,39,40,41,42,43,44,45,46,47,48,49,50,51,52,53,54,55,56,57	158	418	485	57|7|2|0|1|3|7|7|0|1|2|0
GA	Allmis	LTR	ERV4	SFV1-13_AMi-I	JH732253:125538-127281+	JH737633:135276-136813+	73	132	0	1059,1078,1090,1093,1096,1104,645,657,660,662,685,689,699,775,801,808,824,827	1119,1138,1150,1153,1156,1164,705,717,720,722,745,749,759,835,861,868,884,887	3	39,40,41,42,43,44,45,52,53,54,55,56,68,69,70,71,72,73	154	460	1112	73|23|1|3|2|1|8|10|5|2|1|2
GA	Allmis	LTR	ERV4	SFV1-13_AMi-I	JH732253:125538-127281+	JH734158:99868-101351+	60	130	0	657,660,662,673,689,699,768,796,800,801,827	717,720,722,733,749,759,828,856,860,861,887	2	35,36,37,38,39,40,47,48,49,50,51	103	171	1103	60|19|2|2|2|0|18|13|4|4|1|4
GA	Allmis	LTR	ERV4	SFV1-13_AMi-LTR	JH731031:139524-140256-	JH732651:36399-37165+	46	118	0	300,303,305,306,308,320,605,607,609,611,628	295,298,300,301,303,315,604,606,608,610,627	2	12,13,14,15,16,17,38,39,40,41,42	45	333	709	46|15|4|1|5|5|6|16|2|5|3|9
GA	Allmis	LTR	ERV4	SFV1-13_AMi-I	JH732253:125538-127281+	JH733590:96909-98499+	67	132	0	1059,1078,1090,1093,1096,270,271,273,276,277,796,800,801,812,827	1106,1125,1137,1140,1143,311,312,314,317,318,843,847,848,859,874	3	13,14,15,16,17,47,48,49,50,51,63,64,65,66,67	78	833	1106	67|21|2|1|2|0|16|11|4|2|3|2
GA	Allmis	LTR	ERV4	SFV1-13_AMi-I	JH732253:125538-127281+	JH733438:132918-134518-	60	120	0	1007,1008,1017,1024,1034,800,801,808,821,823,827	1048,1049,1058,1065,1075,841,842,849,862,864,868	2	40,41,42,43,44,45,54,55,56,57,58	56	235	1045	60|23|1|0|3|2|11|5|5|1|2|2
GA	Allmis	LTR	ERV4	SFV1-13_AMi-I	JH732253:125538-127281+	JH733354:140509-142084+	69	138	0	330,332,335,339,340,460,462,464,489,504	383,385,388,392,393,531,533,535,560,575	2	13,14,15,16,17,25,26,27,28,29	56	193	1075	69|25|3|3|3|0|15|10|4|2|1|2
GA	Allmis	LTR	ERV4	SFV1-13_AMi-I	JH732253:125538-127281+	JH736112:7666-9426+	81	148	0	100,106,113,119,133,768,769,800,801,821,827,96,98	135,137,139,145,152,158,180,817,818,849,850,870,876	2	3,4,5,6,7,8,9,61,62,63,64,65,66	106	742	1096	81|24|2|1|6|2|11|11|2|2|2|2
GA	Allmis	LTR	ERV4	SFV1-13_AMi-LTR	JH731031:139524-140256-	JH737242:1129367-1130125-	36	100	0	203,213,218,222,223,224,225,227,229,559,604,609,611,641	198,210,214,218,219,220,221,223,225,550,595,600,602,632	2	9,10,11,12,13,14,15,16,17,29,30,31,32,33	111	435	693	36|11|3|3|5|7|6|12|2|4|3|7
GA	Allmis	LTR	ERV4	SFV1-13_AMi-I	JH732253:125538-127281+	JH736990:97190-99315-	105	167	0	100,106,108,111,117,119,120,130,154,160,162,164,165,166,172,173,180,197,199,202,348,349,369,370,373,657,660,662,689,699,708,711,714,726,727	140,146,148,151,157,159,160,170,207,213,215,217,218,219,225,226,233,250,252,255,401,402,422,423,426,717,720,722,749,759,768,771,774,786,787	5	8,9,10,11,12,13,14,15,16,17,18,19,20,21,22,23,24,25,26,27,39,40,41,42,43,65,66,67,68,69,70,71,72,73,74	215	648	1112	105|25|2|3|3|1|13|7|4|1|0|2
GA	Allmis	LTR	ERV4	SFV1-13_AMi-I	JH732253:125538-127281+	JH739617:371791-373996-	88	146	0	152,154,166,172,173,177,348,349,354,369,370,379,460,462,464,483,489,504,530,534,546,548,550,552,609,641,657,660,662,689,699,768,770,800,801,821,823,900,901,906,908,909,924	205,207,219,225,226,230,389,390,395,410,411,420,505,507,509,528,534,549,575,579,591,593,595,597,657,686,702,705,707,734,744,813,815,845,846,866,868,944,945,950,952,953,968	7	3,4,5,6,7,8,20,21,22,23,24,25,32,33,34,35,36,37,40,41,42,43,44,45,51,52,53,54,55,56,57,67,68,69,70,71,72,76,77,78,79,80,81	295	764	1093	88|17|0|3|3|4|15|7|2|1|1|4
GA	Allmis	LTR	ERV4	SFV1-13_AMi-I	JH732253:125538-127281+	JH733072:391080-392734-	69	140	0	106,130,150,152,154,172,173,364,369,370,373,382,383	146,170,203,205,207,225,226,407,412,413,416,425,426	2	4,5,6,7,8,9,10,21,22,23,24,25,26	101	281	1034	69|23|2|2|4|0|13|14|3|2|2|3
GA	Allmis	LTR	ERV4	SFV1-13_AMi-I	JH732253:125538-127281+	JH734448:730001-732000-	77	125	0	106,154,160,172,173,177,307,313,314,319,321,339,340,342,343,530,534,546,548,549,550,552,92,93,96,98	132,133,136,138,146,207,213,225,226,230,348,354,355,360,362,381,382,384,385,576,580,592,594,595,596,598	4	2,3,4,5,6,7,8,9,10,11,19,20,21,22,23,24,25,26,27,40,41,42,43,44,45,46	161	467	1002	77|15|4|0|1|2|11|7|3|1|2|1
GA	Allmis	LTR	ERV4	SFV1-13_AMi-I	JH732253:125538-127281+	JH734462:423974-425707-	79	146	0	657,660,662,685,689,699,796,800,801,808,821,823,824,827	706,709,711,734,738,748,848,852,853,860,873,875,876,879	2	44,45,46,47,48,49,61,62,63,64,65,66,67,68	75	174	1036	79|26|2|2|7|0|9|11|2|3|1|3
GA	Allmis	LTR	ERV4	SFV1-13_AMi-I	JH732253:125538-127281+	JH732514:327274-328399-	81	148	0	160,166,172,173,177,606,608,609,657,660,662,796,800,801,808,824,827,909,910,916,924,949	213,219,226,227,231,655,657,658,706,709,711,845,849,850,857,873,876,958,959,965,973,998	4	6,7,8,9,10,42,43,44,45,46,47,58,59,60,61,62,63,70,71,72,73,74	149	786	1021	81|23|3|0|1|1|18|6|5|2|2|5
GA	Allmis	LTR	ERV4	SFV1-13_AMi-I	JH732253:125538-127281+	JH733481:242096-243512-	44	89	0	330,343,349,354,369,381,660,662,673,685,689	1022,1024,1035,1047,1051,679,692,698,703,718,730	2	1,2,3,4,5,6,18,19,20,21,22	82	373	756	44|5|2|1|1|2|17|12|2|0|0|1
GA	Allmis	LTR	ERV4	SFV1-13_AMi-I	JH732253:125538-127281+	JH732970:1101249-1102832+	104	181	0	1059,1078,1090,1096,1116,216,220,226,252,253,257,265,369,370,373,378,379,446,447,449,450,451,453,460,462,464,900,901,903,906,908,909,910	1104,1123,1135,1141,1161,257,261,267,293,294,298,306,410,411,414,419,420,490,491,493,494,495,497,504,506,508,945,946,948,951,953,954,955	5	10,11,12,13,14,15,16,28,29,30,31,32,38,39,40,41,42,43,44,45,46,82,83,84,85,86,87,88,100,101,102,103,104	149	905	1092	104|27|3|5|5|3|15|11|3|0|2|2
GA	Allmis	LTR	ERV4	SFV1-13_AMi-I	JH732253:125538-127281+	JH737364:69084-70907-	98	168	0	100,106,117,119,145,147,149,150,530,534,546,548,549,550,552,625,657,660,662,689,699,796,800,801,821,823,827,887,900,901,903,906,908,909,910,916,92,924,93,937,96,98	132,133,136,138,140,146,157,159,198,200,202,203,574,578,590,592,593,594,596,672,704,707,709,736,746,843,847,848,868,870,874,934,947,948,950,953,955,956,957,963,971,984	6	1,2,3,4,5,6,7,8,9,10,11,12,42,43,44,45,46,47,48,54,55,56,57,58,59,71,72,73,74,75,76,81,82,83,84,85,86,87,88,89,90,91	254	853	1023	98|23|5|1|2|1|9|11|4|2|4|5
GA	Allmis	LTR	ERV4	SFV1-13_AMi-I	JH732253:125538-127281+	JH737439:86470-88420-	133	208	0	1007,1008,1017,1034,1044,1047,106,117,119,135,137,138,139,140,144,145,149,150,152,160,162,164,165,166,172,268,270,271,273,277,300,307,313,314,319,321,354,357,358,359,362,369,370,373,379,381,382,383,768,775,796,800,801,812,821,823,827,900,901,903,906,908,909,910,916,923,924,937	1062,1063,1072,1089,1099,1102,146,157,159,174,176,177,178,179,183,184,195,196,198,206,208,210,211,212,219,314,316,317,319,323,346,353,359,360,365,367,398,403,404,405,408,416,417,420,426,428,429,430,821,828,849,853,854,867,876,878,882,955,956,958,961,963,964,965,971,978,979,992	7	9,10,11,12,13,14,15,16,17,18,19,20,21,22,23,24,25,26,27,34,35,36,37,38,39,40,41,42,43,44,49,50,51,52,53,54,55,56,57,58,59,60,87,88,89,90,91,92,93,94,95,102,103,104,105,106,107,108,109,110,111,112,121,122,123,124,125,126	303	957	1109	133|18|5|4|4|1|13|14|3|5|4|3
GA	Allmis	LTR	ERV4	SFV1-13_AMi-I	JH732253:125538-127281+	JH735343:300293-301615+	90	142	0	1000,1007,1008,1017,1034,1044,1078,1086,1090,1093,1096,1104,437,453,460,462,464,470,625,645,657,660,662,673,768,775,796,800,801,812,821,823,824,827,900,901,906,908,909,910,923,924,978,979,981,982,995	100,106,263,283,295,298,300,311,406,413,434,438,439,450,459,461,462,465,537,538,543,545,546,547,560,561,615,616,618,619,632,637,644,645,654,671,681,715,723,727,73,730,733,741,89,96,98	7	4,5,6,7,8,9,29,30,31,32,33,34,49,50,51,52,53,54,55,56,57,58,63,64,65,66,67,68,69,70,73,74,75,76,77,78,79,80,81,82,83,85,86,87,88,89,90	263	669	757	90|17|4|2|5|3|3|10|1|1|1|3
GA	Allmis	LTR	ERV4	SFV1-13_AMi-I	JH732253:125538-127281+	JH737047:67755-69165-	83	135	0	453,460,462,464,470,582,588,590,591,593,601,603,606,608,609,653,657,660,662,685,689,699,796,800,801,808,821,823,824,827,900,901,903,906,908,909,910,916,923,924,936,937	104,219,225,227,228,230,238,240,243,245,246,290,294,297,299,322,326,336,433,437,438,445,458,460,461,464,537,538,540,543,545,546,547,553,560,561,573,574,87,94,96,98	6	6,7,8,9,10,20,21,22,23,24,25,26,27,28,29,30,31,32,33,34,35,36,46,47,48,49,50,51,52,53,58,59,60,61,62,63,64,65,66,67,68,69	208	488	697	83|18|2|2|2|1|5|13|2|1|2|3
GA	Allmis	LTR	ERV4	SFV1-13_AMi-I	JH732397:416461-417969-	JH739617:371791-373996-	72	171	0	1235,1238,1241,1248,1250,1258,224,235,245,248,250,264,553,595,597,599,601	1227,1230,1233,1240,1242,1250,219,230,240,243,245,259,549,591,593,595,597	3	12,13,14,15,16,17,35,36,37,38,39,57,58,59,60,61,62	114	1032	1504	72|18|1|1|9|6|28|29|2|0|2|3
GA	Allmis	LTR	ERV4	SFV1-13_AMi-I	JH732397:416461-417969-	JH732970:1101249-1102832+	100	176	0	1235,1238,1240,1241,1248,1250,197,202,203,205,207,209,238,299,303,311,314,316,360,365,367,376,378,385,394,424,425,428,429,462,495,496,498,499,500,507,509	1228,1231,1233,1234,1241,1243,192,197,198,200,202,204,233,294,298,306,309,311,355,360,362,371,373,380,389,419,420,423,424,458,490,491,493,494,495,502,504	6	15,16,17,18,19,20,21,26,27,28,29,30,31,32,33,34,35,36,37,38,39,40,41,42,43,44,45,46,47,48,49,83,84,85,86,87,88	272	1052	1504	100|17|1|3|4|1|21|21|3|1|4|0
GA	Allmis	LTR	ERV4	SFV1-13_AMi-I	JH732397:416461-417969-	JH736990:97190-99315-	76	172	0	113,1235,1238,1240,1241,1258,145,153,156,162,164,165,175,188,191,197,209,218,220,222,223,224,238,248,250	108,1243,1246,1248,1249,1266,140,148,151,157,159,160,170,183,186,192,204,213,215,217,218,219,233,255,257	3	3,4,5,6,7,8,9,10,11,12,13,14,15,16,17,18,19,20,21,22,61,62,63,64,65	175	1159	1512	76|23|1|2|8|1|26|29|3|0|3|0
GA	Allmis	LTR	ERV4	SFV1-13_AMi-I	JH732397:416461-417969-	JH734113:292973-294265+	45	124	0	1008,1034,187,188,190,191,192,194,197,209,245,264,960,975,976,996	1017,179,180,182,183,184,186,189,201,237,256,943,958,959,979,991	2	5,6,7,8,9,10,11,12,13,14,33,34,35,36,37,38	153	839	1256	45|15|1|0|6|1|27|20|3|2|1|3
GA	Allmis	LTR	ERV4	SFV1-13_AMi-I	JH732397:416461-417969-	JH737439:86470-88420-	113	223	0	1059,1060,1069,1096,1102,182,183,185,187,188,303,314,316,317,319,323,359,360,365,367,376,39,40,403,404,405,407,408,42,425,44,45,46,57,848,864,873,875,882,883,942,955,958,960,961,968,975,976,989	1062,1063,1072,1099,1106,178,179,181,183,184,303,314,316,317,319,323,35,359,36,360,365,367,376,38,40,403,404,405,407,408,41,42,426,53,849,867,876,878,885,886,945,958,961,963,964,971,978,979,992	8	1,2,3,4,5,6,7,14,15,16,17,18,27,28,29,30,31,32,34,35,36,37,38,43,44,45,46,47,48,62,63,64,65,66,67,70,71,72,73,74,75,76,77,78,87,88,89,90,91	220	1072	1508	113|10|8|5|11|3|25|32|2|3|8|3
GA	Allmis	LTR	ERV4	SFV1-13_AMi-I	JH732397:416461-417969-	JH737364:69084-70907-	67	125	0	138,140,141,143,145,162,197,202,203,205,207,208,209,222,223,235,238,264,389,394,425,428,429,553,595,597,598,599,601,848,873,875,882,883,939,942,946,955,958,960,961,968,976,989,996	133,135,136,138,140,157,192,197,198,200,202,203,204,217,218,230,233,259,384,389,419,422,423,548,590,592,593,594,596,843,868,870,877,878,934,937,941,950,953,955,956,963,971,984,991	6	4,5,6,7,8,9,12,13,14,15,16,17,18,19,20,21,22,23,30,31,32,33,34,37,38,39,40,41,42,48,49,50,51,52,53,54,55,56,57,58,59,60,61,62,63	332	859	1113	67|12|2|0|3|0|13|16|2|1|4|3
GA	Allmis	LTR	ERV4	SFV1-13_AMi-I	JH732397:416461-417969-	JH734448:730001-732000-	52	115	0	134,138,140,141,143,385,386,388,389,394,407,553,595,597,598,599,601	129,133,135,136,138,381,382,384,385,390,403,550,592,594,595,596,598	3	5,6,7,8,9,24,25,26,27,28,29,34,35,36,37,38,39	82	470	1063	52|12|2|0|3|2|20|21|1|0|2|0
GA	Allmis	LTR	ERV4	SFV1-13_AMi-I	JH732397:416461-417969-	JH735343:300293-301615+	89	150	0	1005,1008,1011,1023,1030,1031,1033,1034,1050,1059,1060,1069,1096,1201,1210,1221,1222,1227,1229,1230,1235,1238,1240,1241,1379,1382,1386,1387,1392,848,864,873,875,876,883,958,960,961,975,976	434,450,459,461,462,468,543,545,546,560,561,590,593,596,608,615,616,618,619,635,644,645,654,681,786,795,806,807,812,814,815,820,823,825,826,964,967,971,972,977	4	33,34,35,36,37,38,41,42,43,44,45,46,47,48,49,50,51,52,53,54,55,56,57,58,64,65,66,67,68,69,70,71,72,73,74,81,82,83,84,85	229	544	1093	89|12|2|1|7|3|9|19|2|0|3|2
GA	Allmis	LTR	ERV4	SFV1-13_AMi-I	JH732397:416461-417969-	JH737047:67755-69165-	53	94	0	848,860,873,875,876,882,942,946,955,958,960,961,968,975,976,988,989,996	433,445,458,460,461,467,527,531,540,543,545,546,553,560,561,573,574,581	2	23,24,25,26,27,28,32,33,34,35,36,37,38,39,40,41,42,43	90	149	700	53|8|2|1|3|0|10|14|0|0|1|2
GA	Allmis	LTR	ERV4	SFV1-13_AMi-I	JH732401:8702-8982+	JH733072:391080-392734-	21	28	0	170,192,193,196,203,22,225,226,23,24,259,261,267,35,36,39,41,42,53	170,192,193,196,203,22,225,226,23,24,259,261,267,35,36,39,41,42,53	3	1,2,3,4,5,6,7,8,9,12,13,14,15,16,17,18,19,20,21	131	246	280	21|2|0|0|2|0|0|2|0|0|1|0
GA	Allmis	LTR	ERV4	SFV1-13_AMi-I	JH732401:8702-8982+	JH736112:7666-9426+	29	32	0	136,138,140,153,159,173,175,177,178,180,182,193,225,226,23,230,233,24,240,261,267,36,39,41,42,53,79,84,99	135,137,139,152,158,172,174,176,177,179,181,192,22,224,225,229,23,234,241,262,268,35,38,40,41,52,78,83,98	4	1,2,3,4,5,6,7,8,9,10,11,12,13,14,15,16,17,18,19,20,21,22,23,24,25,26,27,28,29	250	247	280	29|1|0|0|0|0|0|2|0|0|0|0
GA	Allmis	LTR	ERV4	SFV1-13_AMi-LTR	JH731041:99354-100112+	JH732391:381235-382001+	28	64	0	517,524,538,592,602,713,715,716,723,724,725	525,532,546,600,610,721,723,724,731,732,733	2	12,13,14,15,16,19,20,21,22,23,24	99	209	760	28|8|1|0|3|1|7|5|2|1|3|5
GA	Allmis	LTR	ERV4	SFV1-13_AMi-I	JH732401:8702-8982+	JH739617:371791-373996-	28	37	0	219,22,225,226,23,230,24,240,243,245,259,261,267,35,39,41,42,53	219,22,225,226,23,230,24,240,243,245,259,261,267,35,39,41,42,53	2	1,2,3,4,5,6,7,8,19,20,21,22,23,24,25,26,27,28	81	246	280	28|2|0|0|2|0|2|2|0|0|0|1
GA	Allmis	LTR	ERV4	SFV1-13_AMi-I	JH732401:8702-8982+	JH738596:14080-15730-	24	37	0	178,180,183,186,187,22,23,24,32,35,36,53	178,180,183,186,187,22,23,24,32,35,36,53	2	1,2,3,4,5,6,7,11,12,13,14,15	42	166	280	24|5|1|0|1|1|1|3|0|0|1|0
GA	Allmis	LTR	ERV4	SFV1-13_AMi-I	JH732401:8702-8982+	JH734113:292973-294265+	25	34	0	178,180,182,183,185,192,193,196,225,226,240,259,261,267	178,180,182,183,185,189,190,193,222,223,237,256,258,264	1	12,13,14,15,16,17,18,19,20,21,22,23,24,25	87	87	278	25|2|0|1|1|1|1|2|0|0|1|0
GA	Allmis	LTR	ERV4	SFV1-13_AMi-LTR	JH731041:99354-100112+	JH735343:299021-299775+	36	69	0	392,394,396,398,406,538,547,596,598,600,602,713,715,716,723,724,725	388,390,392,394,402,534,543,592,594,596,598,709,711,712,719,720,721	3	12,13,14,15,16,21,22,23,24,25,26,30,31,32,33,34,35	93	334	743	36|5|3|1|2|2|5|7|1|1|5|1
GA	Allmis	LTR	ERV4	SFV1-13_AMi-I	JH732401:8702-8982+	JH734448:730001-732000-	33	39	0	129,133,135,136,138,173,175,177,182,196,30,32,35,39,41,42,65,67,84,87,93,95,96,99	129,133,135,136,138,173,175,177,182,196,30,32,35,39,41,42,65,67,84,87,93,95,96,99	3	1,2,3,4,5,6,7,8,10,11,12,13,14,15,16,17,18,19,20,21,22,23,24,25	152	167	280	33|2|0|0|0|1|1|2|0|0|0|0
GA	Allmis	LTR	ERV4	SFV1-13_AMi-I	JH732401:8702-8982+	JH732970:1101249-1102832+	37	43	0	10,106,192,193,196,197,198,200,202,22,225,226,23,233,24,240,243,257,259,261,267,32,35,36,41,42,5,53,64,65,67,76,82,84,87,96,99	10,106,192,193,196,197,198,200,202,22,225,226,23,233,24,240,243,257,259,261,267,32,35,36,41,42,5,53,64,65,67,76,82,84,87,96,99	3	1,2,3,4,5,6,7,8,9,10,11,12,13,14,15,16,17,18,19,20,21,22,23,24,25,26,27,28,29,30,31,32,33,34,35,36,37	265	263	280	37|4|0|1|0|0|0|1|0|0|0|0
GA	Allmis	LTR	ERV4	SFV1-13_AMi-I	JH732401:8702-8982+	JH734158:99868-101351+	21	34	0	131,159,170,183,185,186,41,42,53,64,65,75,82,93,95	131,159,170,183,185,186,41,42,53,64,65,75,82,93,95	2	3,4,5,6,7,8,9,10,11,12,14,15,16,17,18	119	146	241	21|3|0|1|1|1|4|1|1|0|1|0
GA	Allmis	LTR	ERV4	SFV1-13_AMi-I	JH732401:8702-8982+	JH736990:97190-99315-	31	38	0	106,107,108,159,160,170,173,175,183,186,192,193,196,213,215,217,218,219,225,226,233,84,95,99	106,107,108,159,160,170,173,175,183,186,192,193,196,213,215,217,218,219,225,226,233,84,95,99	2	4,5,6,7,8,9,14,15,16,17,18,19,20,21,22,23,24,25,26,27,28,29,30,31	100	150	238	31|2|0|1|1|0|0|1|0|1|1|0
GA	Allmis	LTR	ERV4	SFV1-13_AMi-LTR	JH731041:99354-100112+	JH735597:1032167-1032920+	42	69	0	234,246,248,251,259,287,292,300,306,319,394,396,398,406,440,450,463,468,476,500,538,570,592,598,600,602	239,251,253,256,264,292,297,305,311,324,398,400,402,410,444,454,467,472,480,504,534,566,588,594,596,598	4	6,7,8,9,10,11,12,13,14,15,17,18,19,20,21,22,23,24,25,26,28,29,30,31,32,33	259	360	753	42|3|1|2|4|1|6|5|1|0|1|3
GA	Allmis	LTR	ERV4	SFV1-13_AMi-LTR	JH731041:99354-100112+	JH733622:687916-688674-	43	76	0	119,122,124,128,292,300,306,307,319,340,345,388,392,394,396,398,406,422,98	116,119,121,125,292,300,306,307,319,340,345,388,392,394,396,398,406,422,98	3	4,5,6,7,8,18,19,20,21,22,23,24,27,28,29,30,31,32,33	117	325	745	43|6|1|0|3|2|5|8|0|1|5|1
GA	Allmis	LTR	ERV4	SFV1-13_AMi-LTR	JH731041:99354-100112+	JH737439:88420-89179-	32	76	0	220,221,246,248,259,349,350,351,353,360,592,596,598,600,602	218,219,244,246,257,347,348,349,351,358,593,597,599,601,603	3	6,7,8,9,10,14,15,16,17,18,28,29,30,31,32	63	386	756	32|10|1|0|1|5|7|10|1|2|6|1
GA	Allmis	LTR	ERV4	SFV1-13_AMi-LTR	JH731041:99354-100112+	JH732651:36399-37165+	37	83	0	287,290,292,300,307,388,392,394,396,398,418	295,298,300,308,315,395,399,401,403,405,425	2	4,5,6,7,8,13,14,15,16,17,18	52	131	760	37|11|1|0|1|2|12|9|2|0|3|4
GA	Allmis	LTR	ERV4	SFV1-13_AMi-I	JH732401:9082-10589+	JH735272:170248-171677+	54	140	0	1025,1028,1030,1031,1036,1042,1058,1065,1068,1094,1098,1099,1116,1118,1135,535,539,541,542,543	1166,1169,1171,1172,1177,1182,1198,1205,1208,1239,1243,1244,1261,1263,1280,675,679,681,682,683	3	11,12,13,14,15,39,40,41,42,43,44,45,46,47,49,50,51,52,53,54	94	606	1154	54|8|2|1|3|5|24|19|2|0|4|1
GA	Allmis	LTR	ERV4	SFV1-13_AMi-I	JH732401:9082-10589+	JH733829:441590-443620+	64	138	0	1008,1037,1042,1046,1047,1048,1065,1107,1116,1118,1135,1144,512,518,526,535,542,543,843,845,847,865,871,876,881,898,907,910,919,929,932,941,943,949,966	1056,1062,1070,1079,1086,1087,1387,1389,1391,1409,1414,1420,1425,1442,1451,1454,1463,1473,1476,1485,1487,1493,1510,1552,1576,1581,1585,1586,1587,1604,1647,1656,1658,1675,1684	6	16,17,18,19,20,21,32,33,34,35,36,37,38,39,40,41,42,43,44,45,46,47,48,49,50,51,52,53,54,55,60,61,62,63,64	291	629	1151	64|8|3|0|3|3|16|14|3|2|4|1
GA	Allmis	LTR	ERV4	SFV1-13_AMi-I	JH732401:9082-10589+	AKHW01036425:0-1143+	58	141	0	1025,1031,1036,1037,1041,1042,1046,1047,1048,1051,1053,1065,1076,924,929,937,941,943,963,986,990	1015,1038,1042,1077,1083,1088,1089,1093,1094,1098,1099,1100,1103,1105,1117,1128,976,981,989,993,995	2	38,39,40,41,42,43,44,45,46,47,48,49,50,51,52,53,54,55,56,57,58	154	153	1089	58|10|1|2|2|2|20|20|3|0|3|3
GA	Allmis	LTR	ERV4	SFV1-13_AMi-I	JH732401:9082-10589+	JH736112:7666-9426+	64	132	0	1025,1028,1030,1031,1036,1037,129,130,15,150,159,160,162,163,18,43,65,76,843,845,847,865,867,871,876,907,910,914,920,922,924,925,929,932,937	1558,1560,1562,1580,1582,1586,1591,1622,1625,1629,1635,1637,1639,1640,1644,1647,1652,1740,1743,1745,1746,1751,1752,735,738,763,785,796,849,850,870,879,880,882,883	5	1,2,3,4,5,7,8,9,10,11,12,13,38,39,40,41,42,43,44,45,46,47,48,49,50,51,52,53,54,59,60,61,62,63,64	206	1018	1042	64|5|3|1|3|3|13|18|0|0|3|1
GA	Allmis	LTR	ERV4	SFV1-13_AMi-I	JH732401:9082-10589+	JH738247:100154-101411-	58	150	0	1030,1031,1036,1037,1041,1046,1047,1048,1056,1058,1065,1068,129,130,162,163,167	1187,1188,1193,1194,1200,1206,1207,1208,1216,1218,1225,1228,289,290,322,323,327	2	6,7,8,9,10,46,47,48,49,50,51,52,53,54,55,56,57	81	940	1092	58|11|1|1|4|3|24|20|3|1|4|3
GA	Allmis	LTR	ERV4	SFV1-13_AMi-I	JH732401:9082-10589+	JH736990:97190-99315-	61	143	0	301,303,308,309,311,312,535,539,541,542,543,929,932,937,941,943,949,966,972	1031,1033,1038,1039,1041,1042,1266,1270,1272,1273,1274,1660,1663,1668,1672,1674,1680,1696,1702	3	14,15,16,17,18,19,27,28,29,30,31,54,55,56,57,58,59,60,61	64	672	988	61|10|0|4|4|3|14|23|2|0|4|1
GA	Allmis	LTR	ERV4	SFV1-13_AMi-I	JH732401:9082-10589+	JH735011:592006-592720+	43	77	0	1042,1058,1065,1068,1090,1093,1098,1099,1106,1135,924,925,929,932,937	444,445,449,452,457,562,578,585,588,609,612,617,618,625,654	3	24,25,26,27,28,34,35,36,37,38,39,40,41,42,43	108	211	669	43|3|1|1|1|1|12|14|0|0|0|1
GA	Allmis	LTR	ERV4	SFV1-13_AMi-I	JH732401:9082-10589+	JH734448:730001-732000-	59	92	0	1046,1047,1048,1056,1058,1065,1068,843,845,847,865,867,871,876,897,899,901,907,910,922,924,925,929,932,937,949,963,965,966,967,969,972,990	1707,1709,1711,1729,1731,1735,1742,1763,1765,1767,1773,1776,1788,1790,1791,1795,1798,1803,1815,1830,1832,1833,1834,1836,1839,1857,1903,1904,1905,1913,1915,1922,1925	4	21,22,23,24,25,26,27,28,29,30,31,32,33,34,35,36,37,38,39,40,41,42,43,44,45,46,47,48,49,50,51,52,53	222	219	685	59|2|1|1|2|1|10|14|0|1|0|1
GA	Allmis	LTR	ERV4	SFV1-13_AMi-I	JH732401:9082-10589+	JH734488:248625-249461+	26	50	0	867,871,876,885,892,897,949,958,960,972,975,978,979,986,990	257,261,266,275,282,287,339,348,350,362,365,368,369,376,380	2	10,11,12,13,14,15,18,19,20,21,22,23,24,25,26	73	124	414	26|2|2|1|1|2|7|7|0|0|0|2
GA	Allmis	LTR	ERV4	SFV1-13_AMi-I	JH732486:85667-86933+	JH737047:67755-69165-	52	90	0	114,116,118,124,125,128,135,137,143,145,148,167,169,176,179,180,460,461,467,468,473	1122,1123,1128,1129,1134,774,776,778,784,785,788,795,797,803,805,808,827,829,836,839,840	3	1,2,3,4,5,6,7,8,9,10,11,14,15,16,17,18,38,39,40,41,42	62	361	558	52|9|0|0|2|4|5|14|0|1|0|3
GA	Allmis	LTR	ERV4	SFV1-13_AMi-I	JH732498:464655-464864-	JH739617:371791-373996-	19	24	0	118,148,151,160,165,46,49,55,57,65,71,72,81	2043,2046,2052,2054,2062,2068,2069,2078,2115,2145,2148,2157,2162	2	2,3,4,5,6,7,8,9,12,13,14,15,16	84	120	206	19|2|0|1|0|0|0|1|0|0|0|0
GA	Allmis	LTR	ERV4	SFV1-13_AMi-I	JH732498:464863-466045-	JH733590:96909-98499+	54	117	0	1040,1065,1084,1096,1099,1151,1155,1168,270,271,273,276,277	1081,1106,1125,1137,1140,1196,1200,1213,311,312,314,317,318	2	11,12,13,14,15,47,48,49,50,51,52,53,54	141	903	1184	54|16|0|2|2|2|15|20|0|0|5|1
GA	Allmis	LTR	ERV4	SFV1-13_AMi-I	JH732498:464863-466045-	JH737633:135276-136813+	62	113	0	1065,1084,1096,1099,1110,580,589,597,607,608,610,611,652,664,667,692,696,706,708,897,913,915,916,917	1119,1138,1150,1153,1164,633,642,650,660,661,663,664,705,717,720,745,749,759,761,950,966,968,969,970	4	29,30,31,32,33,34,35,36,37,38,39,40,41,42,48,49,50,51,52,56,57,58,59,60	197	532	1184	62|15|1|2|1|3|11|12|2|1|3|0
GA	Allmis	LTR	ERV4	SFV1-13_AMi-I	JH732498:464863-466045-	JH736112:7666-9426+	75	129	0	112,118,132,134,136,137,139,141,152,577,597,598,607,608,610,611,664,667,807,808,828,837,838,840,841,894,897,901,907,910,931	152,158,172,174,176,177,179,181,192,619,639,640,649,650,652,653,706,709,849,850,870,879,880,882,883,936,939,943,949,952,973	4	6,7,8,9,10,11,12,13,14,37,38,39,40,41,42,43,44,45,56,57,58,59,60,61,62,63,64,65,66,67,68	258	822	1182	75|15|1|0|3|2|9|17|0|1|4|1
GA	Allmis	LTR	ERV4	SFV1-13_AMi-I	JH732498:464863-466045-	JH733438:132918-134518-	48	98	0	162,163,164,177,184,807,808,815,828,830	202,203,204,213,220,841,842,849,862,864	2	1,2,3,4,5,29,30,31,32,33	43	663	1091	48|15|0|0|1|3|11|12|0|0|4|0
GA	Allmis	LTR	ERV4	SFV1-13_AMi-I	JH732498:464863-466045-	JH739617:371791-373996-	83	129	0	136,145,151,152,164,178,184,189,199,202,218,220,226,361,370,379,381,382,383,394,457,464,466,468,487,493,508,520,550,552,554,589,597,598,608,616,648,664,667,696,706,708,711,897,907,908,913,915,916,931	177,186,192,193,205,219,225,230,240,243,259,261,267,402,411,420,422,423,424,435,498,505,507,509,528,534,549,561,591,593,595,630,638,639,649,657,686,702,705,734,744,746,749,934,944,945,950,952,953,968	8	6,7,8,9,10,11,12,13,14,15,16,17,18,27,28,29,30,31,32,33,35,36,37,38,39,40,41,42,43,44,45,46,47,48,49,50,51,52,53,54,55,56,57,69,70,71,72,73,74,75	416	792	1181	83|11|0|0|2|4|11|13|0|0|3|2
GA	Allmis	LTR	ERV4	SFV1-13_AMi-I	JH732498:464863-466045-	JH734158:99868-101351+	57	124	0	118,129,142,144,145,597,607,608,610,611,664,667,680,696,706,708	159,170,183,185,186,650,660,661,663,664,717,720,733,749,759,761	3	9,10,11,12,13,30,31,32,33,34,35,36,37,38,39,40	141	603	1188	57|12|1|1|2|2|22|19|1|2|3|2
GA	Allmis	LTR	ERV4	SFV1-13_AMi-I	JH732498:464863-466045-	JH737364:315692-316816-	41	97	0	178,184,218,220,226,597,598,607,608,610,611,613,615	219,225,271,273,279,650,651,660,661,663,664,666,668	2	3,4,5,6,7,16,17,18,19,20,21,22,23	80	450	1076	41|14|0|1|2|1|12|16|0|2|4|3
GA	Allmis	LTR	ERV4	SFV1-13_AMi-I	JH732498:464863-466045-	JH736990:97190-99315-	94	143	0	1040,1050,1057,1065,107,1096,110,1110,116,118,119,129,132,134,142,145,172,174,176,177,178,184,192,202,43,54,58,589,597,598,607,608,610,611,613,65,66,664,667,67,696,706,708,718,734	106,107,108,1094,1104,1111,1119,1150,1164,148,151,157,159,160,170,173,175,183,186,213,215,217,218,219,225,233,255,642,650,651,660,661,663,664,666,717,720,749,759,761,771,787,84,95,99	6	1,2,3,4,5,6,7,8,9,10,11,12,13,14,15,16,20,21,22,23,24,25,26,27,53,54,55,56,57,58,59,60,61,62,63,64,65,66,67,87,88,89,90,91,92	365	1081	1190	94|15|1|1|2|2|11|12|2|0|2|1
GA	Allmis	LTR	ERV4	SFV1-13_AMi-I	JH732498:464863-466045-	JH734113:292973-294265+	63	128	0	142,144,145,146,148,218,220,226,243,277,828,830,837,838,840,841,897,901,915,917,930,931	180,182,183,184,186,256,258,264,281,315,855,857,864,865,867,868,925,929,943,945,958,959	3	6,7,8,9,10,16,17,18,19,20,45,46,47,48,49,50,51,52,53,54,55,56	172	780	1172	63|15|3|1|4|3|13|17|0|3|3|3
GA	Allmis	LTR	ERV4	SFV1-13_AMi-I	JH732498:464863-466045-	JH738206:39380-40456-	49	117	0	607,608,610,611,616,652,664,667,680,696,706,708,803,819,828,837,841,847	611,612,614,615,620,656,668,671,684,700,710,712,807,823,832,841,845,851	3	20,21,22,23,24,25,26,27,28,29,30,31,36,37,38,39,40,41	148	241	1072	49|17|2|1|2|4|16|18|1|1|5|1
GA	Allmis	LTR	ERV4	SFV1-13_AMi-I	JH732498:464863-466045-	JH733829:441590-443620+	48	104	0	370,379,381,382,383,907,916,923,930,931	233,242,244,245,246,770,779,786,793,794	2	14,15,16,17,18,34,35,36,37,38	39	562	1038	48|13|1|0|1|3|14|15|2|3|4|0
GA	Allmis	LTR	ERV4	SFV1-13_AMi-I	JH732498:464863-466045-	JH733072:391080-392734-	58	122	0	151,152,162,163,164,184,348,354,364,370,373,597,598,607,608,610,611,613	192,193,203,204,205,225,389,395,407,413,416,640,641,650,651,653,654,656	3	5,6,7,8,9,10,17,18,19,20,21,33,34,35,36,37,38,39	79	465	1070	58|15|1|1|3|2|15|18|0|1|5|1
GA	Allmis	LTR	ERV4	SFV1-13_AMi-I	JH732498:464863-466045-	JH735997:352974-353999-	47	110	0	314,319,321,348,357,803,807,808,837,838,840,841	268,273,275,302,311,757,761,762,791,792,794,795	2	7,8,9,10,11,32,33,34,35,36,37,38	83	528	1024	47|16|3|1|2|2|11|15|0|3|5|4
GA	Allmis	LTR	ERV4	SFV1-13_AMi-I	JH732498:464863-466045-	JH732514:327274-328399-	76	131	0	43,456,457,46,466,468,487,493,54,55,58,597,598,600,613,615,616,803,807,808,815,831,840,841,879,897,907,908,910	498,499,508,510,529,535,639,640,642,655,657,658,84,845,849,850,857,87,873,882,883,921,939,949,95,950,952,96,99	5	3,4,5,6,7,31,32,33,34,35,36,40,41,42,43,44,45,54,55,56,57,58,59,60,61,62,63,64,65	183	869	1082	76|15|3|0|2|1|19|8|1|1|3|2
GA	Allmis	LTR	ERV4	SFV1-13_AMi-I	JH732498:464863-466045-	JH734462:423974-425707-	69	123	0	409,430,464,466,468,474,580,589,597,607,608,610,611,664,667,692,696,706,708,711,803,807,808,815,828,830,831	448,469,503,505,507,513,622,631,639,649,650,652,653,706,709,734,738,748,750,753,845,849,850,860,873,875,876	4	22,23,24,25,26,27,33,34,35,36,37,38,39,40,41,42,43,44,45,46,51,52,53,54,55,56,57	231	429	1072	69|18|2|2|2|3|9|14|0|2|0|2
GA	Allmis	LTR	ERV4	SFV1-13_AMi-I	JH732498:464863-466045-	JH734448:730001-732000-	75	113	0	313,314,319,321,340,342,343,348,41,43,46,508,52,520,54,55,550,552,553,554,58,667,696,706,708,711,88,897,901,913,915,931	129,354,355,361,363,382,384,385,390,550,562,592,594,595,596,709,738,748,750,753,82,84,87,925,929,93,941,943,95,959,96,99	5	3,4,5,6,7,8,9,10,29,30,31,32,33,34,35,36,45,46,47,48,49,50,55,56,57,58,59,66,67,68,69,70	212	878	1063	75|7|2|0|0|3|10|12|0|0|4|0
GA	Allmis	LTR	ERV4	SFV1-13_AMi-I	JH732498:464863-466045-	JH738596:14080-15730-	57	137	0	137,139,142,145,146,152,897,907,908,910,916,917	178,180,183,186,187,193,938,948,949,951,957,958	2	5,6,7,8,9,10,47,48,49,50,51,52	37	781	1070	57|20|3|2|4|3|17|17|0|1|6|2
GA	Allmis	LTR	ERV4	SFV1-13_AMi-I	JH732498:464863-466045-	JH732970:1101249-1102832+	109	177	0	12,151,152,156,157,159,161,163,23,24,253,257,26,265,268,270,314,319,321,330,332,348,35,370,373,378,379,381,382,383,394,43,450,451,453,454,455,457,46,462,464,466,468,55,58,65,907,908,910,913,915,916,917	106,192,193,197,198,200,202,204,294,298,306,309,311,355,360,362,371,373,389,411,414,419,420,422,423,424,435,490,491,493,494,495,497,502,504,506,508,53,64,65,67,76,84,87,945,946,948,951,953,954,955,96,99	8	1,2,3,4,5,7,8,9,10,11,12,13,14,15,16,17,18,27,28,29,30,31,32,33,34,35,36,37,38,39,40,41,42,43,44,45,47,48,49,50,51,52,53,54,55,56,83,84,85,86,87,88,89	320	903	1182	109|21|3|2|2|3|11|18|1|1|4|2
GA	Allmis	LTR	ERV4	SFV1-13_AMi-I	JH732498:464863-466045-	JH737364:69084-70907-	93	152	0	118,12,145,151,152,156,157,159,161,162,163,176,177,184,189,192,23,24,26,370,379,381,382,383,394,43,508,520,550,552,553,554,580,589,597,598,611,632,664,667,696,706,708,803,807,808,828,830,837,838,840,841,894,897,901,907,908,910,913,915,916,917,923,931	159,186,192,193,197,198,200,202,203,204,217,218,225,230,233,411,419,421,422,423,434,53,548,560,590,592,593,594,620,629,637,638,64,65,651,67,672,704,707,736,746,748,84,843,847,848,868,870,877,878,880,881,934,937,941,947,948,950,953,955,956,957,963,971	9	1,2,3,4,5,10,11,12,13,14,15,16,17,18,19,20,21,22,23,24,36,37,38,39,40,41,45,46,47,48,49,50,52,53,54,55,56,57,58,59,60,61,62,68,69,70,71,72,73,74,75,76,77,78,79,80,81,82,83,84,85,86,87,88	439	919	1070	93|17|2|0|1|2|5|17|1|1|6|5
GA	Allmis	LTR	ERV4	SFV1-13_AMi-I	JH732498:464863-466045-	JH739720:39577-41375-	36	98	0	597,598,610,611,613,615,616,894,897,907,916,917,931	417,418,430,431,433,435,436,714,717,727,736,737,751	2	15,16,17,18,19,20,21,29,30,31,32,33,34	58	335	890	36|16|1|1|2|1|19|14|0|1|5|1
GA	Allmis	LTR	ERV4	SFV1-13_AMi-I	JH732498:464863-466045-	JH737439:86470-88420-	97	155	0	1040,1050,1053,1055,1057,216,218,220,226,257,268,270,271,273,277,300,313,314,319,321,330,340,342,354,361,362,370,373,379,803,807,808,819,828,830,837,840,841,897,907,908,910,913,915,916,917,923,930,931,978,979,980,985,986	1026,1027,1028,1033,1034,1089,1099,1102,1104,1106,262,264,266,272,303,314,316,317,319,323,346,359,360,365,367,376,386,388,399,407,408,417,420,426,849,853,854,867,876,878,885,887,888,945,955,956,958,961,963,964,965,971,978,979	6	1,2,3,4,5,6,7,8,9,10,11,12,13,14,15,16,17,18,19,23,24,25,26,27,53,54,55,56,57,58,59,60,61,64,65,66,67,68,69,70,71,72,73,74,76,77,78,79,80,85,86,87,88,89	260	845	984	97|12|2|2|3|1|11|17|0|3|6|1
GA	Allmis	LTR	ERV4	SFV1-13_AMi-I	JH732498:464863-466045-	JH735343:300293-301615+	84	129	0	1084,1092,1096,1099,1110,457,462,464,466,468,474,577,580,589,597,598,607,608,610,611,613,615,616,632,652,664,667,680,803,807,808,819,828,830,831,837,840,841,907,908,913,915,916,917,930,931	100,106,209,212,221,229,230,239,240,242,243,245,247,248,263,283,295,298,311,434,438,439,450,459,461,462,468,470,471,537,538,543,545,546,547,560,561,715,723,727,730,741,89,94,96,98	6	6,7,8,9,10,11,19,20,21,22,23,24,25,26,27,28,29,30,31,32,33,34,35,45,46,47,48,49,50,51,52,53,54,57,58,59,60,61,62,63,64,77,78,79,80,81	212	653	785	84|14|2|1|4|3|1|13|0|0|4|2
GA	Allmis	LTR	ERV4	SFV1-13_AMi-I	JH732498:464863-466045-	JH737047:67755-69165-	74	122	0	457,462,464,466,468,474,580,589,597,598,600,608,610,611,613,615,616,660,664,667,692,696,706,708,711,803,807,808,815,828,830,831,837,897,901,907,908,910,913,915,916,917,923,930,931,973,979,980,985,986	104,210,219,227,228,230,238,240,241,243,245,246,290,294,297,322,326,336,338,341,433,437,438,445,458,460,461,467,527,531,537,538,540,543,545,546,547,553,560,561,603,609,610,615,616,87,92,94,96,98	7	6,7,8,9,10,11,17,18,19,20,21,22,23,24,25,26,27,28,29,30,31,32,33,34,35,39,40,41,42,43,44,45,46,50,51,52,53,54,55,56,57,58,59,60,61,65,66,67,68,69	236	530	700	74|14|1|3|2|2|6|14|0|0|5|1
GA	Allmis	LTR	ERV4	SFV1-13_AMi-I	JH732514:327274-328399-	JH737364:69084-70907-	61	141	0	186,192,197,198,200,202,203,204,550,562,576,580,594,595,596,598	186,192,197,198,200,202,203,204,548,560,574,578,592,593,594,596	2	15,16,17,18,19,20,21,22,32,33,34,35,36,37,38,39	68	411	1112	61|12|2|1|2|2|30|18|2|1|6|2
GA	Allmis	LTR	ERV4	SFV1-13_AMi-I	JH732514:327274-328399-	JH734448:730001-732000-	52	130	0	129,133,135,136,138,355,356,381,382,384,550,562,576,580,594,595,596,598	129,133,135,136,138,354,355,381,382,384,550,562,576,580,594,595,596,598	3	8,9,10,11,12,20,21,22,23,24,29,30,31,32,33,34,35,36	90	470	1106	52|5|2|2|2|4|38|17|2|0|6|0
GA	Allmis	LTR	ERV4	SFV1-13_AMi-I	JH732514:327274-328399-	JH732970:1101249-1102832+	72	151	0	10,192,197,198,200,202,204,23,234,24,241,244,25,258,295,299,307,310,312,35,36,420,421,423,424,436,491,492,493,495,496,5,504,506	10,192,197,198,200,202,204,23,233,24,240,243,25,257,294,298,306,309,311,35,36,419,420,422,423,435,490,491,492,494,495,5,502,504	5	1,2,3,4,5,6,7,12,13,14,15,16,17,18,19,20,21,22,23,24,25,26,31,32,33,34,35,37,38,39,40,41,42,43	185	500	1123	72|13|2|4|3|4|31|14|1|1|5|1
GA	Allmis	LTR	ERV4	SFV1-13_AMi-I	JH732514:327274-328399-	JH737439:86470-88420-	89	165	0	1028,1031,1047,1049,1056,1093,1096,1098,1100,182,183,185,186,187,299,310,312,313,315,342,355,356,372,381,382,384,399,400,401,403,404,421	1034,1037,1053,1055,1062,1099,1102,1104,1106,179,180,182,183,184,303,314,316,317,319,346,359,360,376,385,386,388,403,404,405,407,408,426	5	17,18,19,20,21,30,31,32,33,34,35,36,37,38,39,40,41,42,43,44,45,46,47,81,82,83,84,85,86,87,88,89	205	928	1127	89|7|3|2|2|3|29|20|1|2|6|1
GA	Allmis	LTR	ERV4	SFV1-13_AMi-I	JH732514:327274-328399-	JH735343:300293-301615+	54	102	0	1028,1030,1031,1047,1049,550,553,562,576,580,595,598,622,628,635	140,143,152,166,170,185,188,212,218,225,616,618,619,635,637	3	12,13,14,15,16,17,18,19,20,21,48,49,50,51,52	109	498	714	54|8|2|2|5|3|10|11|2|0|2|2
GA	Allmis	LTR	ERV4	SFV1-13_AMi-I	JH732604:44540-45482-	JH733481:242096-243512-	48	77	0	547,549,560,576,601,613,614,616,623,634,661,662	1022,1024,1035,1051,1075,1087,1088,1090,1097,1108,1135,1136	1	22,23,24,25,26,27,28,29,30,31,32,33	115	115	769	48|4|1|0|0|3|8|10|0|0|1|0
GA	Allmis	LTR	ERV4	SFV1-13_AMi-I	JH732604:44540-45482-	JH737633:135276-136813+	71	122	0	435,469,473,475,477,544,547,549,576,586,588,589,595,601,614,616,76,768,779,793,795,796,797,81,83,89,91	266,271,273,279,281,618,642,646,648,650,717,720,722,749,759,761,762,768,774,787,789,941,952,966,968,969,970	4	4,5,6,7,8,28,29,30,31,32,38,39,40,41,42,43,44,45,46,47,48,61,62,63,64,65,66	152	705	903	71|20|1|2|2|2|4|12|3|1|2|1
GA	Allmis	LTR	ERV4	SFV1-13_AMi-I	JH732604:44540-45482-	JH733829:441590-443620+	58	112	0	170,177,179,183,184,203,212,213,234,243	170,177,179,182,183,202,211,212,233,242	2	8,9,10,11,12,13,14,15,16,17	74	73	868	58|17|2|0|1|4|6|12|5|2|2|2
GA	Allmis	LTR	ERV4	SFV1-13_AMi-I	JH732604:44540-45482-	JH739720:39577-41375-	54	119	0	196,207,212,213,234,422,435,450,469,475,477,478,490,491,493,495,496,768,774,779,787,796,797	152,163,168,169,190,372,385,398,409,415,417,418,430,431,433,435,436,708,714,719,727,736,737	4	7,8,9,10,11,18,19,20,21,22,23,24,25,26,27,28,29,46,47,48,49,50,51	135	586	873	54|24|1|1|2|2|9|14|1|2|4|3
GA	Allmis	LTR	ERV4	SFV1-13_AMi-I	JH732604:44540-45482-	JH733438:132918-134518-	64	116	0	170,176,177,179,184,576,586,588,589,595,601,614,768,774,779,788,795,869,894,895,904,911,921	1023,1048,1049,1058,1065,1075,343,349,350,352,356,730,740,742,743,749,755,768,922,928,933,942,949	4	6,7,8,9,10,29,30,31,32,33,34,35,51,52,53,54,55,59,60,61,62,63,64	134	733	869	64|22|0|0|2|4|7|9|1|0|3|2
GA	Allmis	LTR	ERV4	SFV1-13_AMi-I	JH732604:44540-45482-	JH737364:315692-316816-	63	127	0	487,488,490,491,493,495,576,586,588,589,595,76,81,83,89,91	266,271,273,279,281,660,661,663,664,666,668,749,759,761,762,768	3	5,6,7,8,9,29,30,31,32,33,34,36,37,38,39,40	45	503	905	63|23|0|1|4|2|6|16|2|2|3|3
GA	Allmis	LTR	ERV4	SFV1-13_AMi-I	JH732604:44540-45482-	JH733590:96909-98499+	60	120	0	115,133,134,136,139,140,768,779,787,788,796	293,311,312,314,317,318,928,939,947,948,956	2	4,5,6,7,8,9,49,50,51,52,53	55	664	870	60|22|2|1|2|3|8|14|2|0|3|2
GA	Allmis	LTR	ERV4	SFV1-13_AMi-I	JH732604:44540-45482-	JH736323:348134-349246-	56	123	0	426,435,473,475,477,768,779,787,796,797	597,606,634,636,638,929,940,948,957,958	2	18,19,20,21,22,45,46,47,48,49	72	362	868	56|25|2|2|3|3|7|14|1|2|3|3
GA	Allmis	LTR	ERV4	SFV1-13_AMi-I	JH732604:44540-45482-	JH736112:7666-9426+	74	129	0	170,177,179,183,184,586,588,589,591,595,768,774,779,781,787,790	349,356,358,361,362,748,750,751,753,757,930,936,941,943,949,952	3	9,10,11,12,13,39,40,41,42,43,64,65,66,67,68,69	47	604	870	74|23|0|1|4|3|5|12|0|0|3|2
GA	Allmis	LTR	ERV4	SFV1-13_AMi-I	JH732604:44540-45482-	JH735459:207399-208878+	56	121	0	212,213,225,234,237,586,588,589,591,595,768,779,787,788,796,797	389,390,402,411,414,747,749,750,752,756,922,933,941,942,950,951	3	11,12,13,14,15,30,31,32,33,34,48,49,50,51,52,53	66	563	867	56|28|1|2|2|4|5|14|1|1|3|3
GA	Allmis	LTR	ERV4	SFV1-13_AMi-I	JH732604:44540-45482-	JH734448:730001-732000-	74	114	0	115,131,134,136,140,170,176,177,179,182,183,184,203,204,206,207,212,213,225,234,422,423,424,426,435,469,473,475,477,478,576,586,588,589,591,595,76,81,83,89,91	254,259,261,267,269,293,309,312,314,318,348,354,355,357,360,361,362,381,382,384,385,390,391,403,412,594,595,596,598,607,631,635,637,639,640,738,748,750,751,753,757	6	1,2,3,4,5,6,7,8,9,10,11,12,13,14,15,16,17,18,19,20,21,22,23,24,25,33,34,35,36,37,38,39,40,41,42,46,47,48,49,50,51	229	504	864	74|14|2|0|2|2|5|8|0|0|4|2
GA	Allmis	LTR	ERV4	SFV1-13_AMi-I	JH732604:44540-45482-	JH733072:391080-392734-	63	127	0	488,490,491,493,495,76,81,83,89,91	254,259,261,267,269,650,652,653,655,657	2	1,2,3,4,5,33,34,35,36,37	24	404	871	63|21|2|3|4|4|4|15|1|1|3|3
GA	Allmis	LTR	ERV4	SFV1-13_AMi-I	JH732604:44540-45482-	JH735997:352974-353999-	63	126	0	170,177,179,183,184,203,212,213,221,234,586,588,589,591,595,885,887,904,907,921	261,268,270,273,274,293,302,303,311,324,660,662,663,665,669,959,961,978,981,995	4	7,8,9,10,11,12,13,14,15,16,32,33,34,35,36,59,60,61,62,63	112	735	870	63|23|2|2|1|7|6|12|1|1|4|3
GA	Allmis	LTR	ERV4	SFV1-13_AMi-I	JH732604:44540-45482-	JH738596:14080-15730-	58	129	0	655,656,661,662,676,768,779,787,788,790,796,797	816,817,822,823,837,929,940,948,949,951,957,958	2	36,37,38,39,40,47,48,49,50,51,52,53	52	143	873	58|25|3|2|4|2|6|14|0|2|2|5
GA	Allmis	LTR	ERV4	SFV1-13_AMi-I	JH732604:44540-45482-	JH736990:97190-99315-	92	149	0	170,177,179,183,184,212,213,225,234,237,469,473,475,477,478,487,488,490,491,493,576,586,588,589,595,598,601,613,614,62,65,67,79,81,83,858,860,865,866,868,869,89,91	1031,1033,1038,1039,1041,1042,252,255,257,269,271,273,279,281,360,367,369,372,373,401,402,414,423,426,642,646,648,650,651,660,661,663,664,666,749,759,761,762,768,771,774,786,787	7	5,6,7,8,9,10,11,12,17,18,19,20,21,22,23,24,25,26,40,41,42,43,44,45,46,47,48,49,53,54,55,56,57,58,59,60,61,82,83,84,85,86,87	175	791	906	92|23|1|1|3|3|7|11|2|1|1|3
GA	Allmis	LTR	ERV4	SFV1-13_AMi-I	JH732604:44540-45482-	JH739617:371791-373996-	85	131	0	170,177,179,183,184,206,212,213,218,225,234,243,422,424,426,435,469,473,475,477,478,576,586,588,589,591,595,601,614,76,779,787,788,793,795,796,81,83,89,91	254,259,261,267,269,348,355,357,360,361,383,389,390,395,402,411,420,593,595,597,606,630,634,636,638,639,734,744,746,747,749,753,759,772,936,944,945,950,952,953	6	1,2,3,4,5,9,10,11,12,13,14,15,16,17,18,19,20,33,34,35,36,37,38,39,40,41,48,49,50,51,52,53,54,55,75,76,77,78,79,80	194	700	863	85|16|1|0|3|5|6|9|0|0|2|3
GA	Allmis	LTR	ERV4	SFV1-13_AMi-I	JH732604:44540-45482-	JH734113:292973-294265+	62	125	0	204,206,212,213,218,234,586,588,589,591,595,76,768,779,781,795,797,81,83,89,91	251,256,258,264,266,375,377,384,385,390,406,736,738,739,741,746,916,927,929,943,945	4	1,2,3,4,5,12,13,14,15,16,17,32,33,34,35,36,52,53,54,55,56	89	695	864	62|23|3|1|4|2|3|14|1|3|3|5
GA	Allmis	LTR	ERV4	SFV1-13_AMi-I	JH732604:44540-45482-	JH737364:69084-70907-	90	149	0	115,133,134,136,140,207,212,213,237,243,422,423,424,426,435,469,473,475,477,478,576,586,588,589,595,655,656,661,662,676,76,768,774,779,781,787,788,790,793,795,796,797,81,83,866,869,89,894,895,91,921	1026,1029,1054,1055,1081,254,259,261,267,269,293,311,312,314,318,384,389,390,413,419,592,593,594,596,605,629,633,635,637,638,736,746,748,749,755,815,816,821,822,836,928,934,939,941,947,948,950,953,955,956,957	9	1,2,3,4,5,6,7,8,9,10,14,15,16,17,18,30,31,32,33,34,35,36,37,38,39,45,46,47,48,49,57,58,59,60,61,72,73,74,75,76,77,78,79,80,81,82,86,87,88,89,90	278	828	870	90|22|3|0|2|3|5|14|1|0|4|3
GA	Allmis	LTR	ERV4	SFV1-13_AMi-I	JH732604:44540-45482-	JH739633:30555-31415+	46	86	0	487,488,490,491,493,495,576,586,588,589,595	655,656,658,659,661,663,746,756,758,759,765	2	23,24,25,26,27,28,31,32,33,34,35	29	111	644	46|15|1|0|2|1|6|11|1|0|0|2
GA	Allmis	LTR	ERV4	SFV1-13_AMi-LTR	JH731048:25904-26657-	JH737633:134518-135276+	30	57	0	131,156,181,206,219,587,590,595,597,614	133,158,183,209,222,592,595,600,602,619	2	5,6,7,8,9,22,23,24,25,26	118	487	755	30|10|1|0|0|1|6|7|0|0|0|1
GA	Allmis	LTR	ERV4	SFV1-13_AMi-LTR	JH731048:25904-26657-	JH734215:45816-46564+	36	68	0	593,595,597,609,614,685,690,708,710,711,712,718,719,720,743,744,745	588,590,592,604,609,680,685,703,705,706,707,713,714,715,738,739,740	2	18,19,20,21,22,25,26,27,28,29,30,31,32,33,34,35,36	83	153	750	36|6|1|1|1|2|9|11|0|0|0|0
GA	Allmis	LTR	ERV4	SFV1-13_AMi-LTR	JH731048:25904-26657-	JH732157:41448-42200+	41	77	0	591,593,595,597,614,691,706,711,718,719,743,744	590,592,594,596,613,690,705,710,717,718,742,743	2	27,28,29,30,31,35,36,37,38,39,40,41	78	154	752	41|7|1|1|2|2|9|10|1|0|2|0
GA	Allmis	LTR	ERV4	SFV1-13_AMi-LTR	JH731048:25904-26657-	JH735343:299021-299775+	53	89	0	386,390,392,400,408,591,593,595,597,609,614,685,708,710,711,718,719,720,727	388,392,394,402,410,592,594,596,598,610,615,686,709,711,712,719,720,721,728	3	21,22,23,24,25,36,37,38,39,40,41,46,47,48,49,50,51,52,53	90	341	742	53|7|3|1|1|3|4|11|0|1|4|0
GA	Allmis	LTR	ERV4	SFV1-13_AMi-LTR	JH731048:25904-26657-	JH732391:381235-382001+	45	86	0	587,597,614,620,625,627,661,671,684,708,710,711,718,719,720,730,743,744,750	600,610,627,633,638,640,674,684,697,721,723,724,731,732,733,743,756,757,763	2	27,28,29,30,31,32,33,34,35,36,37,38,39,40,41,42,43,44,45	165	164	759	45|11|1|1|2|2|7|9|1|2|2|2
GA	Allmis	LTR	ERV4	SFV1-13_AMi-LTR	JH731048:25904-26657-	JH737439:88420-89179-	51	96	0	215,216,217,219,241,344,345,346,348,355,367,378,587,591,593,595,597,614	218,219,220,222,244,347,348,349,351,358,370,381,593,597,599,601,603,620	3	12,13,14,15,16,24,25,26,27,28,29,30,44,45,46,47,48,49	90	403	755	51|12|1|0|0|5|7|14|0|2|4|0
GA	Allmis	LTR	ERV4	SFV1-13_AMi-LTR	JH731048:25904-26657-	JH733622:687916-688674-	62	98	0	215,216,217,219,229,287,288,290,295,301,302,345,367,378,386,390,392,400,408,416,591,593,595,597,614	220,221,222,224,234,292,293,295,300,306,307,350,373,384,392,396,398,406,414,422,596,598,600,602,619	4	17,18,19,20,21,26,27,28,29,30,31,35,36,37,38,39,40,41,42,43,53,54,55,56,57	128	400	744	62|7|1|0|2|2|5|12|0|1|4|0
GA	Allmis	LTR	ERV4	SFV1-13_AMi-I	JH732808:198094-199293-	JH739633:30555-31415+	49	112	0	664,665,667,668,670,672,753,763,765,766,772	655,656,658,659,661,663,746,756,758,759,765	2	28,29,30,31,32,33,37,38,39,40,41	29	111	859	49|25|3|2|2|0|7|13|3|3|0|3
GA	Allmis	LTR	ERV4	SFV1-13_AMi-I	JH732808:198094-199293-	JH734158:99868-101351+	64	133	0	41,42,53,63,64,721,724,725,726,737,753,763,765,766,772	41,42,53,64,65,717,720,721,722,733,749,759,761,762,768	2	5,6,7,8,9,49,50,51,52,53,54,55,56,57,58	77	728	861	64|25|2|2|3|1|8|14|4|3|1|4
GA	Allmis	LTR	ERV4	SFV1-13_AMi-I	JH732808:198094-199293-	JH733354:140509-142084+	66	132	0	21,22,23,24,25,359,368,381,383,386,390,391,763,765,766,768,772	21,22,23,24,25,360,369,383,385,388,392,393,772,774,775,777,781	3	1,2,3,4,5,24,25,26,27,28,29,30,56,57,58,59,60	49	761	867	66|29|2|3|2|1|6|12|3|3|1|2
GA	Allmis	LTR	ERV4	SFV1-13_AMi-I	JH732808:198094-199293-	JH736990:97190-99315-	96	150	0	105,106,107,136,145,147,150,156,158,159,182,185,191,192,203,206,21,212,214,216,217,218,22,224,225,226,23,232,24,25,399,400,412,421,424,646,650,652,654,655,664,665,667,668,670,721,724,725,726,753,763,765,766,772,775,790,791,94,98	106,107,108,137,146,148,151,157,159,160,183,186,192,193,204,207,21,213,215,217,218,219,22,225,226,227,23,233,24,25,401,402,414,423,426,642,646,648,650,651,660,661,663,664,666,717,720,721,722,749,759,761,762,768,771,786,787,95,99	9	1,2,3,4,5,7,8,9,10,11,13,14,15,16,17,18,19,21,22,23,24,25,26,27,28,29,30,31,32,33,34,35,50,51,52,53,54,71,72,73,74,75,76,77,78,79,80,81,82,83,84,85,86,87,88,89,90,91,92	269	767	861	96|21|0|4|4|0|6|12|1|2|0|2
GA	Allmis	LTR	ERV4	SFV1-13_AMi-I	JH732808:198094-199293-	JH734448:730001-732000-	86	133	0	128,131,132,135,136,137,206,212,224,225,226,229,25,30,32,35,359,365,366,368,371,39,390,391,393,394,41,42,64,646,650,652,654,655,724,725,726,753,763,765,766,768,772,86,92,94,95,98	129,132,133,136,137,138,207,213,225,226,227,230,25,30,32,348,35,354,355,357,360,381,382,384,385,39,41,42,631,635,637,639,640,65,709,710,711,738,748,750,751,753,757,87,93,95,96,99	7	1,2,3,4,5,6,7,8,12,13,14,15,16,17,18,19,20,21,22,26,27,28,29,30,31,40,41,42,43,44,45,46,47,48,67,68,69,70,71,73,74,75,76,77,78,79,80,81	215	733	844	86|18|3|1|4|2|4|9|1|1|1|2
GA	Allmis	LTR	ERV4	SFV1-13_AMi-I	JH732808:198094-199293-	JH738596:14080-15730-	66	139	0	21,22,23,24,25,32,35,359,36,368,371,391,393,394,421,424,53	21,22,23,24,25,32,348,35,357,36,360,381,383,384,411,414,53	2	1,2,3,4,5,6,7,8,9,30,31,32,33,34,35,36,37	100	394	860	66|27|3|2|4|1|6|13|2|2|2|4
GA	Allmis	LTR	ERV4	SFV1-13_AMi-I	JH732808:198094-199293-	JH734462:423974-425707-	76	135	0	206,218,224,225,226,249,254,256,265,721,724,725,726,749,753,763,765,766,768,772	207,219,225,226,227,240,243,245,254,706,709,710,711,734,738,748,750,751,753,757	2	14,15,16,17,18,19,20,21,22,57,58,59,60,61,62,63,64,65,66,67	100	551	855	76|28|2|2|1|0|3|10|3|4|0|4
GA	Allmis	LTR	ERV4	SFV1-13_AMi-I	JH732808:198094-199293-	JH733072:391080-392734-	76	143	0	206,21,22,224,225,226,23,24,25,265,35,36,39,41,42,53,664,665,667,668,670,724,725,726,749,753	207,21,22,225,226,227,23,24,25,254,35,36,39,41,42,53,650,651,653,654,656,709,710,711,734,738	4	1,2,3,4,5,6,7,8,9,10,11,21,22,23,24,25,57,58,59,60,61,62,63,64,65,66	171	718	860	76|26|2|2|4|1|8|13|2|2|2|3
GA	Allmis	LTR	ERV4	SFV1-13_AMi-I	JH732808:198094-199293-	JH733438:132918-134518-	48	95	0	206,217,224,225,226,753,763,765,766,772,791	206,213,220,221,222,730,740,742,743,749,768	2	4,5,6,7,8,37,38,39,40,41,42	56	563	715	48|20|0|1|2|2|5|5|3|0|2|2
GA	Allmis	LTR	ERV4	SFV1-13_AMi-I	JH732808:198094-199293-	JH733481:242096-243512-	32	48	0	381,394,400,405,412,724,725,726,737,749,753,790,791,800	1022,1023,1024,1035,1047,1051,1087,1088,1097,679,692,698,703,710	2	1,2,3,4,5,22,23,24,25,26,27,28,29,30	108	419	507	32|2|0|1|1|0|4|5|0|0|0|1
GA	Allmis	LTR	ERV4	SFV1-13_AMi-I	JH732808:198094-199293-	JH736112:7666-9426+	83	143	0	135,136,137,145,152,158,22,23,24,25,36,39,41,42,53,763,765,766,768,772	135,136,137,145,152,158,21,22,23,24,35,38,40,41,52,748,750,751,753,757	3	1,2,3,4,5,6,7,8,9,14,15,16,17,18,19,70,71,72,73,74	66	737	855	83|26|2|1|5|3|5|11|1|1|1|2
GA	Allmis	LTR	ERV4	SFV1-13_AMi-I	JH732808:198094-199293-	JH739617:371791-373996-	92	144	0	206,218,22,224,225,226,229,23,24,249,25,254,256,265,35,359,366,368,371,39,393,399,400,405,41,412,42,421,430,53,646,650,652,654,655,721,724,725,726,753,763,765,766,768,772,791	207,219,22,225,226,227,23,230,24,240,243,245,25,254,348,35,355,357,360,383,389,39,390,395,402,41,411,42,420,53,630,634,636,638,639,702,705,706,707,734,744,746,747,749,753,772	6	1,2,3,4,5,6,7,8,9,21,22,23,24,25,26,27,28,29,30,37,38,39,40,41,42,43,44,45,46,47,66,67,68,69,70,74,75,76,77,78,79,80,81,82,83,84	235	751	853	92|20|1|1|3|2|8|9|2|0|1|3
GA	Allmis	LTR	ERV4	SFV1-13_AMi-I	JH732808:198094-199293-	JH734113:292973-294265+	73	134	0	182,184,185,186,188,191,192,203,206,224,225,226,249,265,763,765,766,768,772	180,182,183,184,186,189,190,201,204,222,223,224,237,251,736,738,739,741,746	3	16,17,18,19,20,21,22,23,24,25,26,27,28,29,62,63,64,65,66	84	567	850	73|21|2|3|3|1|5|12|2|4|1|5
GA	Allmis	LTR	ERV4	SFV1-13_AMi-I	JH732808:198094-199293-	JH732970:1101249-1102832+	101	157	0	191,192,196,197,199,201,203,22,23,24,25,270,272,278,305,309,317,32,35,36,366,368,371,381,383,390,399,400,41,42,421,424,429,430,5,501,502,504,505,506,508,513,515,53,63,64,753,757,763,765,766,772	192,193,197,198,200,202,204,22,23,24,25,259,261,267,294,298,306,32,35,355,357,36,360,371,373,380,389,390,41,411,414,419,42,420,490,491,493,494,495,497,5,502,504,53,64,65,734,738,744,746,747,753	7	1,2,3,4,5,6,7,8,9,10,11,12,13,25,26,27,28,29,30,31,38,39,40,41,42,43,47,48,49,50,51,52,53,54,55,56,57,58,65,66,67,68,69,70,71,72,88,89,90,91,92,93	224	749	853	101|24|0|4|2|1|4|11|3|1|2|2
GA	Allmis	LTR	ERV4	SFV1-13_AMi-I	JH732808:198094-199293-	JH737364:69084-70907-	20	27	0	1043,1044,1046,1059,1071,1072,1098,965,967,970,972,973,974	1026,1027,1029,1042,1054,1055,1081,948,950,953,955,956,957	2	5,6,7,8,9,10,14,15,16,17,18,19,20	66	134	192	20|3|0|0|0|0|1|0|0|0|1|0
GA	Allmis	LTR	ERV4	SFV1-13_AMi-I	JH732970:1101249-1102832+	JH737439:86470-88420-	59	171	0	1023,1024,1027,1052,1053,1062,178,180,182,183,185,186,187,213,215,217,218,219,230,398,399,400,402,403	1033,1034,1037,1062,1063,1072,175,177,179,180,182,183,184,206,208,210,211,212,226,403,404,405,407,408	4	6,7,8,9,10,11,12,13,14,15,16,17,18,26,27,28,29,30,45,46,47,48,49,50	99	898	1587	59|11|4|3|7|3|40|24|0|5|13|2
GA	Allmis	LTR	ERV4	SFV1-13_AMi-I	JH732970:1101249-1102832+	JH735343:300293-301615+	60	137	0	1214,1215,1220,1222,1223,1225,618,635,636,646,648,651,653,654	212,229,230,239,241,244,246,247,806,807,812,814,815,817	2	12,13,14,15,16,17,18,19,44,45,46,47,48,49	48	606	1174	60|15|3|1|4|4|23|16|1|1|4|4
GA	Allmis	LTR	ERV4	SFV1-13_AMi-I	JH732970:1101249-1102832+	JH737047:67755-69165-	35	91	0	594,615,618,635,636,638,646,648,651,653,654	186,207,210,227,228,230,238,240,243,245,246	2	4,5,6,7,8,9,10,11,12,13,14	62	61	688	35|9|1|2|2|1|20|14|2|0|3|2
GA	Allmis	LTR	ERV4	SFV1-13_AMi-I	JH733072:391080-392734-	JH737364:69084-70907-	88	165	0	135,136,138,140,1403,1405,1409,1417,1457,157,551,593,596,597,620,623,629,632,936,943,949,950,952,955,957,958,959	135,136,138,140,1401,1403,1407,1415,1455,157,548,590,593,594,617,620,626,629,934,941,947,948,950,953,955,956,957	4	5,6,7,8,9,28,29,30,31,32,33,34,35,49,50,51,52,53,54,55,56,57,74,75,76,77,78	184	1321	1650	88|14|2|2|3|0|31|9|1|2|6|3
GA	Allmis	LTR	ERV4	SFV1-13_AMi-I	JH733072:391080-392734-	JH734448:730001-732000-	69	176	0	129,133,551,593,596,597,629,632,84,93,96,99	129,133,550,592,595,596,628,631,84,93,96,99	2	6,7,8,9,10,11,35,36,37,38,39,40	132	548	1647	69|15|2|2|5|4|47|18|1|1|7|3
GA	Allmis	LTR	ERV4	SFV1-13_AMi-I	JH733072:391080-392734-	JH737047:67755-69165-	76	112	0	1015,1021,1022,1027,1028,1030,1031,1049,1186,1200,1215,1227,1228,1239,1241,1251,1252,1254,1513,1535,1542,1547,1553,1596,1610,1636,1642,620,623,629,632,643,658,943,949,950,952,955,957,958,959	1101,1123,1129,1134,1140,1183,1197,1224,1230,207,210,216,219,230,246,531,537,538,540,543,545,546,547,603,609,610,615,616,618,619,637,774,788,803,815,816,827,829,839,840,842	5	8,9,10,11,12,13,29,30,31,32,33,34,35,36,41,42,43,44,45,46,47,48,50,51,52,53,54,55,56,57,58,59,68,69,70,71,72,73,74,75,76	291	1024	1241	76|5|1|2|0|0|15|5|0|0|4|2
GA	Allmis	LTR	ERV4	SFV1-13_AMi-I	JH733072:391080-392734-	JH739617:371791-373996-	45	116	0	219,230,240,243,245,298,551,593,597,629,632,796,808,817,819,823,949,950,955,957,958	219,230,240,243,245,298,549,591,595,627,630,792,804,813,815,819,944,945,950,952,953	4	8,9,10,11,12,13,23,24,25,26,27,33,34,35,36,37,41,42,43,44,45	200	735	1110	45|15|0|1|5|5|23|12|1|0|4|3
GA	Allmis	LTR	ERV4	SFV1-13_AMi-I	JH733072:391080-392734-	JH736990:97190-99315-	53	126	0	1020,1022,1027,1028,1030,1031,1049,140,148,151,157,159,160,173,175,183,186,213,215,217,218,219,233,243,245	1031,1033,1038,1039,1041,1042,1060,140,148,151,157,159,160,173,175,183,186,213,215,217,218,219,233,255,257	3	6,7,8,9,10,11,12,13,14,15,16,17,18,19,20,21,22,23,47,48,49,50,51,52,53	149	921	1118	53|19|0|1|5|2|21|13|2|1|4|3
GA	Allmis	LTR	ERV4	SFV1-13_AMi-I	JH733072:391080-392734-	JH737439:86470-88420-	84	145	0	1020,1021,1022,1027,1028,1031,178,180,182,183,185,186,187,213,215,217,218,219,230,233,298,309,312,314,318,64,65,67,82,84,949,950,952,955,957,958,959	1026,1027,1028,1033,1034,1037,175,177,179,180,182,183,184,206,208,210,211,212,226,230,303,314,317,319,323,64,65,67,82,84,955,956,958,961,963,964,965	6	1,2,3,4,5,11,12,13,14,15,16,17,19,20,21,22,23,24,25,27,28,29,30,31,65,66,67,68,69,70,71,74,75,76,77,78,79	100	974	1116	84|11|2|0|2|0|19|15|1|2|4|3
GA	Allmis	LTR	ERV4	SFV1-13_AMi-I	JH733072:391080-392734-	JH735343:300293-301615+	56	102	0	500,505,517,551,554,949,950,955,957,958,959	106,140,143,537,538,543,545,546,547,89,94	2	8,9,10,11,12,41,42,43,44,45,46	66	459	701	56|11|1|2|5|3|5|7|2|0|5|2
GA	Allmis	LTR	ERV4	SFV1-13_AMi-LTR	JH731073:26439-27195-	JH738109:223708-224467-	29	56	0	102,119,121,133,135,146,269,295,300,360,372	102,120,122,134,136,147,270,296,301,361,373	2	4,5,6,7,8,9,14,15,16,17,18	150	272	757	29|3|0|0|1|2|11|6|0|1|0|0
GA	Allmis	LTR	ERV4	SFV1-13_AMi-LTR	JH731073:26439-27195-	JH731638:70993-71749+	33	64	0	209,211,222,230,246,248,360,372,383,387,395	208,210,221,229,243,245,357,370,381,385,393	2	6,7,8,9,10,11,18,19,20,21,22	75	186	756	33|4|0|0|3|2|8|7|1|1|2|0
GA	Allmis	LTR	ERV4	SFV1-13_AMi-LTR	JH731073:26439-27195-	JH734215:45816-46564+	33	54	0	184,209,211,222,230,232,711,713,714,721,722,723,746,747,748	183,208,210,221,229,231,703,705,706,713,714,715,738,739,740	2	9,10,11,12,13,14,25,26,27,28,29,30,31,32,33	87	558	752	33|2|0|1|2|1|6|6|0|0|0|0
GA	Allmis	LTR	ERV4	SFV1-13_AMi-I	JH733354:140509-142084+	JH736112:7666-9426+	55	153	0	136,138,153,159,173,177,178,180,182,894,903,904,906,907	135,137,152,158,172,176,177,179,181,870,879,880,882,883	2	4,5,6,7,8,9,10,11,12,38,39,40,41,42	61	749	1572	55|13|4|2|5|4|34|26|2|2|4|1
GA	Allmis	LTR	ERV4	SFV1-13_AMi-I	JH733354:140509-142084+	JH736990:97190-99315-	71	168	0	106,107,108,148,151,157,159,160,170,173,183,186,207,213,215,217,218,219,225,233,664,665,674,675,680,95,99	106,107,108,148,151,157,159,160,170,173,183,186,207,213,215,217,218,219,225,233,650,651,660,661,666,95,99	4	2,3,4,5,6,7,8,9,10,11,12,13,14,15,17,18,19,20,21,22,23,24,41,42,43,44,45	137	572	1580	71|16|2|3|5|1|35|26|3|2|4|0
GA	Allmis	LTR	ERV4	SFV1-13_AMi-LTR	JH731073:26439-27195-	JH738772:94377-95140-	38	71	0	18,293,295,300,328,372,383,387,40,68,70,74	18,295,297,302,330,374,385,389,40,68,70,74	2	1,2,3,4,5,20,21,22,23,24,25,26	152	372	756	38|6|1|0|3|3|6|7|1|0|2|1
GA	Allmis	LTR	ERV4	SFV1-13_AMi-I	JH733354:140509-142084+	JH737439:86470-88420-	106	193	0	1151,1159,1195,1203,1208,157,159,180,182,183,185,186,187,202,203,204,205,213,215,217,218,219,269,271,310,321,323,324,326,35,36,38,64,65,67,894,896,903,904,906,907	1133,1141,1198,1206,1211,157,159,177,179,180,182,183,184,195,196,197,198,206,208,210,211,212,262,264,303,314,316,317,319,35,36,38,64,65,67,876,878,885,886,888,889	5	1,2,3,4,5,6,13,14,15,16,17,18,19,20,21,22,23,24,25,26,27,28,29,33,34,35,36,37,38,39,59,60,61,62,63,64,84,85,86,87,88	240	1177	1576	106|7|4|2|2|3|26|27|1|4|10|1
GA	Allmis	LTR	ERV4	SFV1-13_AMi-LTR	JH731073:26439-27195-	JH735341:1473633-1474397+	29	61	0	159,164,184,209,211,218,219,220,222,248,345,360,372,383,395	166,171,191,216,218,225,226,227,229,255,352,367,379,391,403	3	3,4,5,6,7,8,9,10,11,12,17,18,19,20,21	143	238	739	29|5|0|0|2|3|5|7|0|0|2|1
GA	Allmis	LTR	ERV4	SFV1-13_AMi-LTR	JH731073:26439-27195-	JH735343:299021-299775+	50	80	0	220,222,230,246,248,421,425,452,467,495,537,546,549,561,595,601,613	219,221,229,243,245,418,422,449,464,492,534,543,546,558,592,598,610	3	12,13,14,15,16,29,30,31,32,33,34,35,36,37,38,39,40	221	392	744	50|4|2|1|2|3|4|7|0|1|3|0
GA	Allmis	LTR	ERV4	SFV1-13_AMi-I	JH733354:140509-142084+	JH737364:69084-70907-	60	128	0	133,135,136,138,157,186,197,198,200,202,203,204,207,217,218,225,230,233,271,617,619,620,621,623,894,896,903,904,906,907	133,135,136,138,157,186,197,198,200,202,203,204,207,217,218,225,230,233,259,590,592,593,594,596,868,870,877,878,880,881	5	5,6,7,8,9,11,12,13,14,15,16,17,18,19,20,21,22,23,24,32,33,34,35,36,46,47,48,49,50,51	121	749	1124	60|11|3|1|1|0|23|15|2|2|5|3
GA	Allmis	LTR	ERV4	SFV1-13_AMi-I	JH733354:140509-142084+	JH735343:300293-301615+	84	148	0	1151,1159,1187,1191,1199,1208,1219,1220,1370,1377,1378,1384,1385,1390,1425,664,665,675,680,682,683,894,896,897,903,904,906	1012,229,230,239,244,246,247,459,461,462,468,469,471,715,723,774,778,786,795,806,807,957,964,965,971,972,977	4	19,20,21,22,23,24,37,38,39,40,41,42,56,57,58,59,60,61,62,63,69,70,71,72,73,74,75	181	784	1148	84|10|3|2|3|5|9|22|2|1|4|2
GA	Allmis	LTR	ERV4	SFV1-13_AMi-LTR	JH731073:26439-27195-	JH735597:1032167-1032920+	56	78	0	148,159,164,184,209,211,222,230,232,234,246,248,259,287,292,293,295,300,306,342,353,439,449,452,462,467,475,499,537,549,561,569,591,601	153,164,169,189,214,216,227,235,237,239,251,253,264,292,297,298,300,305,311,347,358,444,454,457,467,472,480,504,534,546,558,566,588,598	4	9,10,11,12,13,14,15,16,17,18,19,20,21,22,23,24,25,26,27,28,29,35,36,37,38,39,40,41,44,45,46,47,48,49	333	446	754	56|5|0|1|2|1|1|8|1|0|0|0
GA	Allmis	LTR	ERV4	SFV1-13_AMi-LTR	JH731073:26439-27195-	JH733622:687916-688674-	59	86	0	102,116,119,121,125,133,135,179,18,184,205,209,211,218,219,220,222,230,292,293,295,300,306,307,340,342,345,350,372,383,387,391,393,395,40,68,70,75,98	102,116,119,121,125,135,137,18,181,186,207,211,213,220,221,222,224,232,292,293,295,300,306,307,340,342,345,350,373,384,388,392,394,396,40,68,70,75,98	5	1,2,3,4,5,6,7,8,9,10,11,12,13,16,17,18,19,20,21,22,23,24,25,30,31,32,33,34,35,36,37,38,39,40,41,42,43,44,45	279	379	746	59|3|0|0|2|3|4|6|0|1|4|0
GA	Allmis	LTR	ERV4	SFV1-13_AMi-I	JH733354:140509-142084+	JH734448:730001-732000-	54	131	0	129,133,135,136,138,617,619,620,621,623,84,93,95,96,99	129,133,135,136,138,592,594,595,596,598,84,93,95,96,99	3	7,8,9,10,11,12,13,14,15,16,35,36,37,38,39	63	515	1118	54|7|3|1|3|5|31|18|2|0|6|1
GA	Allmis	LTR	ERV4	SFV1-13_AMi-LTR	JH731073:26439-27195-	JH732391:381235-382001+	42	79	0	295,340,372,383,391,393,395,721,722,723,733,746,747,753	304,349,381,392,400,402,404,731,732,733,743,756,757,763	2	12,13,14,15,16,17,18,36,37,38,39,40,41,42	134	460	761	42|8|0|2|3|2|8|6|2|1|1|1
GA	Allmis	LTR	ERV4	SFV1-13_AMi-LTR	JH731073:26439-27195-	JH732651:36399-37165+	47	87	0	287,290,292,293,295,300,307,383,387,391,393,395	295,298,300,301,303,308,315,391,395,399,401,403	2	11,12,13,14,15,16,17,22,23,24,25,26	34	109	761	47|10|1|0|1|3|8|7|2|0|2|2
GA	Allmis	LTR	ERV4	SFV1-13_AMi-LTR	JH731073:26439-27195-	JH734091:183738-184507+	36	83	0	293,295,300,340,360,372,383,387,391,393,395	304,306,311,351,371,384,395,399,403,405,407	2	11,12,13,14,15,16,17,18,19,20,21	105	104	762	36|7|2|1|5|5|10|9|2|0|2|1
GA	Allmis	LTR	ERV4	SFV1-13_AMi-LTR	JH731073:26439-27195-	JH737439:88420-89179-	46	87	0	218,219,220,222,230,246,248,340,342,349,350,351,353,360,372,383,387	218,219,220,222,230,244,246,338,340,347,348,349,351,358,370,381,385	2	14,15,16,17,18,19,20,25,26,27,28,29,30,31,32,33,34	77	168	757	46|9|0|1|1|4|6|10|0|2|4|1
GA	Allmis	LTR	ERV4	SFV1-13_AMi-I	JH733438:132918-134518-	JH739617:371791-373996-	64	141	0	1199,1224,1227,1230,1237,1239,406,415,417,418,445	1202,1227,1230,1233,1240,1242,411,420,422,423,452	2	16,17,18,19,20,49,50,51,52,53,54	83	832	1471	64|10|0|1|4|5|27|17|1|1|3|3
GA	Allmis	LTR	ERV4	SFV1-13_AMi-I	JH733438:132918-134518-	JH736112:7666-9426+	59	151	0	1251,1275,1278,1286,1306,1310,1321,152,158,172,174,176,177,179,181,631,632,641,642,644	1254,1278,1281,1289,1309,1313,1324,152,158,172,174,176,177,179,181,639,640,649,650,652	3	1,2,3,4,5,6,7,8,26,27,28,29,30,50,51,52,53,54,55,56	115	1173	1462	59|15|1|0|7|1|33|22|0|1|5|2
GA	Allmis	LTR	ERV4	SFV1-13_AMi-I	JH733438:132918-134518-	JH736990:97190-99315-	74	157	0	156,158,159,169,172,174,182,185,191,192,631,632,641,642,644,647	157,159,160,170,173,175,183,186,192,193,650,651,660,661,663,666	2	4,5,6,7,8,9,10,11,12,13,33,34,35,36,37,38	54	510	1479	74|13|1|2|4|1|29|16|3|1|6|2
GA	Allmis	LTR	ERV4	SFV1-13_AMi-I	JH733438:132918-134518-	JH737439:86470-88420-	88	168	0	293,304,307,309,313,336,355,366,375,376,378,390,393,394,398,406,409,415,853,871,872,874,875,941,944,947,950,951	303,314,317,319,323,346,365,376,385,386,388,400,403,404,408,417,420,426,867,885,886,888,889,955,958,961,964,965	5	4,5,6,7,8,9,10,11,12,13,14,15,16,17,18,19,20,21,40,41,42,43,44,47,48,49,50,51	160	663	1368	88|11|3|2|3|2|20|25|1|2|8|1
GA	Allmis	LTR	ERV4	SFV1-13_AMi-I	JH733438:132918-134518-	JH735343:300293-301615+	96	165	0	1019,1020,1022,1039,1041,1210,1211,1216,1218,1219,1221,1224,1227,1229,1230,1251,491,496,498,500,502,508,631,632,642,644,647,649,650,853,865,872,874,875	100,106,229,230,239,241,244,246,247,450,462,468,470,471,615,616,618,635,637,806,807,812,814,815,817,820,823,825,826,847,89,94,96,98	5	9,10,11,12,13,14,21,22,23,24,25,26,27,41,42,43,44,45,53,54,55,56,57,68,69,70,71,72,73,74,75,76,77,78	124	759	1194	96|14|3|1|7|4|9|19|1|1|4|4
GA	Allmis	LTR	ERV4	SFV1-13_AMi-I	JH733438:132918-134518-	JH734448:730001-732000-	41	89	0	355,375,376,378,379,566,584,586,588,590	361,381,382,384,385,574,592,594,596,598	2	13,14,15,16,17,23,24,25,26,27	50	238	964	41|4|1|0|1|2|20|13|0|0|3|1
GA	Allmis	LTR	ERV4	SFV1-13_AMi-I	JH733438:132918-134518-	JH737364:69084-70907-	54	113	0	191,192,196,197,199,201,566,584,586,588,590,935,941,944,947,950,951	192,193,197,198,200,202,572,590,592,594,596,941,947,950,953,956,957	3	4,5,6,7,8,9,26,27,28,29,30,46,47,48,49,50,51	53	766	968	54|14|1|0|2|0|10|17|1|0|5|5
GA	Allmis	LTR	ERV4	SFV1-13_AMi-I	JH733438:132918-134518-	JH737047:67755-69165-	51	99	0	491,496,498,500,502,508,642,644,647,649,650,837,865,871,890,891,892,935,941,944,947,950,951	104,238,240,243,245,246,433,461,467,486,487,488,531,537,540,543,546,547,87,92,94,96,98	4	5,6,7,8,9,10,18,19,20,21,22,30,31,32,33,34,35,36,37,38,39,40,41	143	461	700	51|11|2|2|2|1|8|16|0|0|3|3
GA	Allmis	LTR	ERV4	SFV1-13_AMi-LTR	JH731073:229273-229724+	JH735597:1032167-1032920+	33	49	0	149,151,162,168,187,213,215,226,234,236,238,250,295,296,298,303,309,397,399,401,409,417,443	151,153,164,170,189,214,216,227,235,237,239,251,297,298,300,305,311,398,400,402,410,418,444	4	4,5,6,7,8,9,10,11,12,13,14,15,20,21,22,23,24,28,29,30,31,32,33	164	294	451	33|3|1|1|0|1|3|4|0|0|0|3
GA	Allmis	LTR	ERV4	SFV1-13_AMi-I	JH733447:232833-235033-	JH739617:371791-373996-	45	57	0	1809,1810,1827,1829,1846,1854,1910,1919,1926,1932,1934,1941,1945,2000,2021,2037,2040,2046,2048,2056,2062,2063,2072,2087,2109,2119	1814,1815,1832,1834,1851,1860,1916,1925,1932,1938,1940,1947,1951,2006,2027,2043,2046,2052,2054,2062,2068,2069,2078,2093,2115,2125	3	5,6,7,8,9,10,14,15,16,17,18,19,20,24,25,26,27,28,29,30,31,32,33,34,35,36	203	312	417	45|5|0|0|0|1|1|2|1|0|1|1
GA	Allmis	LTR	ERV4	SFV1-13_AMi-LTR	JH731073:229273-229724+	JH733622:687916-688674-	44	64	0	119,122,124,128,222,223,224,226,234,295,296,298,303,309,310,345,348,391,395,397,399,401,409,417,425,98	116,119,121,125,220,221,222,224,232,292,293,295,300,306,307,342,345,388,392,394,396,398,406,414,422,98	4	4,5,6,7,8,16,17,18,19,20,25,26,27,28,29,30,31,32,37,38,39,40,41,42,43,44	130	325	449	44|2|1|1|1|2|2|5|0|1|2|3
GA	Allmis	LTR	ERV4	SFV1-13_AMi-I	JH733481:242096-243512-	JH736990:97190-99315-	52	113	0	1060,1062,1063,1069,1072,1332,1334,1339,1340,1342,1343,935,948,950,952,953	1031,1033,1038,1039,1041,1042,633,646,648,650,651,759,761,762,768,771	3	18,19,20,21,22,28,29,30,31,32,43,44,45,46,47,48	44	410	761	52|20|0|1|4|0|24|4|3|0|1|3
GA	Allmis	LTR	ERV4	SFV1-13_AMi-I	JH733481:242096-243512-	JH734462:423974-425707-	53	119	0	1060,1062,1063,1065,1069,935,941,944,948,950,952	622,628,631,635,637,639,748,750,751,753,757	2	18,19,20,21,22,23,28,29,30,31,32	28	136	766	53|21|1|0|5|1|25|6|1|0|2|3
GA	Allmis	LTR	ERV4	LT-47_AMi-LTR	JH732051:960492-961149-	JH732886:191898-192574+	20	44	0	365,385,387,396,403,597,618,621,632,653	384,404,406,414,421,617,638,641,652,672	2	9,10,11,12,13,16,17,18,19,20	94	289	666	20|7|0|0|1|2|1|7|0|3|2|1
GA	Allmis	LTR	ERV4	SFV1-13_AMi-I	AKHW01036425:0-1143+	JH739617:371791-373996-	54	121	0	567,570,577,579,587,591,615,643,646,665	1230,1233,1240,1242,1250,1254,1278,1306,1309,1328	1	27,28,29,30,31,32,33,34,35,36	99	99	1141	54|9|1|1|3|7|32|10|1|0|1|2
GA	Allmis	LTR	ERV4	SFV1-13_AMi-I	AKHW01036425:0-1143+	JH736990:97190-99315-	51	117	0	352,354,359,360,362,381,415,432,471,477,485	1031,1033,1038,1039,1041,1060,1094,1111,1150,1156,1164	2	18,19,20,21,22,23,24,25,26,27,28	135	134	1043	51|11|1|3|3|3|26|13|3|0|3|0
GA	Allmis	LTR	ERV4	SFV1-13_AMi-I	AKHW01036425:0-1143+	JH737439:86470-88420-	76	123	0	113,117,281,287,289,290,291,297,304,318,352,353,354,359,360,379,381,389,415,428,430,432,70,80,89,933,944,949,95,950,952,956,959,962	1026,1027,1028,1033,1034,1053,1055,1063,1089,1102,1104,1106,1605,1616,1621,1622,1624,1628,1631,1634,742,752,761,767,785,789,955,961,963,964,965,971,978,992	5	4,5,6,7,8,9,23,24,25,26,27,28,29,30,31,32,33,34,35,36,37,38,39,40,41,42,69,70,71,72,73,74,75,76	232	893	968	76|4|1|2|1|3|16|11|0|2|7|0
GA	Allmis	LTR	ERV4	SFV1-13_AMi-I	AKHW01036425:0-1143+	JH735343:300293-301615+	97	156	0	1001,1027,1030,1031,1045,1059,107,110,113,117,26,287,289,290,291,304,38,41,459,467,471,474,477,485,54,6,701,708,709,711,715,89,890,895,897,899,904,949,95,959,962,966,967,970,971,972,974,977,984	1146,1151,1153,1155,1160,1205,1215,1218,1222,1223,1226,1227,1228,1230,1233,1240,1257,1278,1281,1282,1296,1310,263,283,295,298,311,346,352,364,367,370,374,543,545,546,547,560,715,723,727,730,733,741,957,964,965,967,971	8	1,2,3,4,5,9,10,11,12,13,14,29,30,31,32,33,44,45,46,47,48,49,66,67,68,69,70,74,75,76,77,78,81,82,83,84,85,86,87,88,89,90,91,92,93,94,95,96,97	260	1048	1067	97|11|1|4|3|5|10|15|1|0|5|3
GA	Allmis	LTR	ERV4	SFV1-13_AMi-I	AKHW01036425:0-1143+	JH737633:135276-136813+	49	104	0	459,471,474,477,485,577,579,591,603,615,618,631,634,643,650	1138,1150,1153,1156,1164,1256,1258,1270,1282,1294,1297,1310,1313,1322,1329	2	24,25,26,27,28,31,32,33,34,35,36,37,38,39,40	101	192	858	49|9|2|1|2|3|22|11|2|1|1|1
GA	Allmis	LTR	ERV4	SFV1-13_AMi-I	AKHW01036425:0-1143+	JH734448:730001-732000-	37	71	0	1001,1017,1018,1019,1021,1024,567,570,577,579,591,603,615,618,643,646,661,665,949,951,953,959,962,974,977,984	1379,1382,1389,1391,1403,1415,1427,1430,1455,1458,1473,1477,1763,1765,1767,1773,1776,1788,1791,1798,1815,1832,1833,1834,1836,1839	3	1,2,3,4,5,6,7,8,9,10,11,12,21,22,23,24,25,26,27,28,29,30,31,32,33,34	177	461	634	37|3|0|0|2|2|21|3|0|1|1|1
GA	Allmis	LTR	ERV4	SFV1-13_AMi-I	AKHW01036425:0-1143+	JH733684:1128651-1129867+	32	67	0	661,665,668,669,670,937,956,959,962,971	381,385,388,389,390,656,675,678,681,690	2	11,12,13,14,15,27,28,29,30,31	45	310	493	32|8|1|0|0|5|12|6|0|0|3|0
GA	Allmis	LTR	ERV4	SFV1-13_AMi-I	AKHW01036425:0-1143+	JH737364:69084-70907-	45	81	0	567,569,570,577,579,583,861,895,897,899,904,933,937,949,950,951,952,953,956,959,970,971,972,974,977,984	1391,1393,1394,1401,1403,1407,1685,1719,1721,1723,1728,1757,1761,1773,1774,1775,1776,1777,1780,1783,1794,1795,1796,1798,1801,1808	4	3,4,5,6,7,8,26,27,28,29,30,31,32,33,34,35,36,37,38,39,40,41,42,43,44,45	143	418	494	45|9|1|0|1|6|11|6|0|0|2|0
GA	Allmis	LTR	ERV4	SFV1-13_AMi-I	AKHW01036425:0-1143+	JH737047:67755-69165-	44	74	0	569,570,577,579,591,603,615,618,933,937,944,949,950,951,952,953,956,959,962,966,970,971	1005,1017,1029,1032,1344,1348,1355,1360,1361,1362,1363,1364,1367,1370,1373,1377,1381,1382,983,984,991,993	2	4,5,6,7,8,9,10,11,28,29,30,31,32,33,34,35,36,37,38,39,40,41	89	400	492	44|5|1|0|0|5|10|6|0|0|3|0
GA	Allmis	LTR	ERV4	SFV1-13_AMi-I	AKHW01036425:0-1143+	JH737047:67755-69165-	40	64	0	275,281,287,289,290,291,297,304,317,318,347,353,354,359,360,362,381	531,537,543,545,546,547,553,560,573,574,603,609,610,615,616,618,637	2	22,23,24,25,26,27,28,29,30,31,32,33,34,35,36,37,38	108	107	445	40|4|3|0|0|1|8|8|0|0|0|0
GA	Allmis	LTR	ERV4	SFV1-13_AMi-LTR	JH731080:155964-156719+	JH737439:88420-89179-	37	66	0	218,219,243,245,256,290,292,337,339,347,348,350,357,384	219,220,244,246,257,291,293,338,340,348,349,351,358,385	2	11,12,13,14,15,16,17,18,19,20,21,22,23,24	168	167	750	37|8|0|0|0|5|4|7|0|3|2|0
GA	Allmis	LTR	ERV4	SFV1-13_AMi-LTR	JH731080:155964-156719+	JH735343:299021-299775+	43	73	0	219,243,245,256,290,292,325,710,712,713,720,721,722,729	219,243,245,256,290,292,325,709,711,712,719,720,721,728	2	7,8,9,10,11,12,13,37,38,39,40,41,42,43	127	510	743	43|5|1|1|3|2|4|5|0|2|5|2
GA	Allmis	LTR	ERV4	SFV1-13_AMi-I	JH733553:2566-3593+	JH737439:86470-88420-	89	120	0	328,343,351,355,372,374,395,397,399,409,417,419,421,423,428,433,441,444,449,450,452,456,459,462,507,510,514,516,517,520,524,528,529,538,539,541,552,554,555,556,557,559,565,568,569,571,574,578,584,587,590,597,602,607,610,624	1495,1510,1522,1527,1544,1546,1567,1569,1571,1581,1589,1591,1593,1595,1600,1605,1613,1616,1621,1622,1624,1628,1631,1634,1660,1663,1667,1669,1670,1673,1677,1681,1682,1691,1692,1694,1705,1707,1708,1709,1710,1712,1718,1721,1722,1724,1727,1731,1737,1740,1743,1750,1755,1760,1763,1777	5	22,23,24,25,26,27,28,29,30,31,32,33,34,35,36,37,38,39,40,41,42,43,44,45,46,47,48,49,50,51,52,53,54,55,56,57,58,59,60,61,62,63,64,65,66,67,68,69,70,71,72,73,74,75,76,77	287	283	776	89|4|1|0|0|2|11|6|0|2|4|1
GA	Allmis	LTR	ERV4	SFV1-13_AMi-LTR	JH731080:155964-156719+	JH733622:687916-688674-	52	80	0	116,119,125,133,243,245,252,256,289,290,292,303,304,337,339,342,347,384,388,392,402,410,98	116,119,125,135,246,248,255,259,292,293,295,306,307,340,342,345,350,388,392,396,406,414,98	3	4,5,6,7,8,18,19,20,21,22,23,24,25,26,27,28,29,30,31,32,33,34,35	208	317	745	52|6|0|0|3|2|5|6|0|1|4|0
GA	Allmis	LTR	ERV4	SFV1-13_AMi-I	JH733553:2566-3593+	JH737047:67755-69165-	39	55	0	100,108,110,123,131,136,206,214,220,221,252,395,397,399,409,417,419,428,433,437,66,72,74,75,82,84,96	1005,1009,1017,1019,1032,1040,1045,1115,1123,1128,1129,1160,1308,1310,1312,1322,1330,1332,1339,1344,1348,975,981,983,984,991,993	4	3,4,5,6,7,8,9,10,11,12,13,14,15,17,18,19,20,21,31,32,33,34,35,36,37,38,39	159	374	427	39|3|0|0|0|3|6|2|0|1|1|0
GA	Allmis	LTR	ERV4	SFV1-13_AMi-I	JH733553:2566-3593+	JH735343:300293-301615+	50	72	0	214,220,221,252,261,322,328,351,355,372,374,390,395,397,399,404,409,417,419,421,423,428,433,437,441,55,56,61,64,66,72	1003,1012,1073,1079,1106,1111,1128,1130,1146,1151,1153,1155,1160,1165,1173,1175,1177,1179,1184,1189,1193,1197,806,807,812,815,817,823,965,971,972	3	4,5,6,7,8,9,20,21,22,23,24,28,29,30,31,32,33,34,35,36,37,38,39,40,41,42,43,44,45,46,47	191	392	453	50|7|0|1|1|1|5|3|1|1|2|0
GA	Allmis	LTR	ERV4	SFV1-13_AMi-LTR	JH731080:155964-156719+	JH735597:1032167-1032920+	50	84	0	231,243,245,248,256,284,289,290,292,303,339,446,449,459,464,472	237,251,253,256,264,292,297,298,300,311,347,454,457,467,472,480	2	10,11,12,13,14,15,16,17,18,19,20,26,27,28,29,30	138	244	754	50|7|0|2|5|1|8|6|1|1|2|1
GA	Allmis	LTR	ERV4	SFV1-13_AMi-I	JH733588:833958-834517-	JH735459:207399-208878+	26	48	0	23,25,318,338,348,355,362,41,42,53,65,67,82	23,25,318,338,348,355,362,41,42,53,65,67,82	2	1,2,3,4,5,6,7,8,17,18,19,20,21	105	340	559	26|4|4|1|1|0|3|6|0|1|1|1
GA	Allmis	LTR	ERV4	SFV1-13_AMi-I	JH733588:833958-834517-	JH734462:423974-425707-	33	54	0	131,140,141,482,505,507,509,515,528,84,87,99	131,140,141,480,503,505,507,513,526,84,87,99	2	5,6,7,8,9,10,28,29,30,31,32,33	105	443	553	33|5|4|2|0|1|3|4|0|1|0|1
GA	Allmis	LTR	ERV4	SFV1-13_AMi-I	JH733588:833958-834517-	JH736112:7666-9426+	41	62	0	136,138,140,153,159,173,175,177,178,180,182,193,84,99	135,137,139,152,158,172,174,176,177,179,181,192,83,98	1	9,10,11,12,13,14,15,16,17,18,19,20,21,22	110	110	559	41|2|3|2|1|2|5|5|0|0|1|0
GA	Allmis	LTR	ERV4	SFV1-13_AMi-I	JH733588:833958-834517-	JH739617:371791-373996-	48	69	0	177,186,192,193,205,219,22,225,23,230,24,240,243,245,25,318,348,35,355,360,362,389,395,411,420,422,423,424,435,452,67,73,79,82,84	177,186,192,193,205,219,22,225,23,230,24,240,243,245,25,318,348,35,355,360,362,389,395,411,420,422,423,424,435,452,67,73,79,82,84	6	1,2,3,4,5,9,10,11,12,13,14,15,16,17,18,19,20,21,22,23,24,29,30,31,32,33,34,35,36,37,38,39,40,41,42	331	431	559	48|2|2|2|2|2|4|4|0|0|2|1
GA	Allmis	LTR	ERV4	SFV1-13_AMi-I	JH733588:833958-834517-	JH734113:292973-294265+	35	60	0	183,185,186,187,189,35,36,38,40,41,42	180,182,183,184,186,35,36,38,40,41,42	2	1,2,3,4,5,6,12,13,14,15,16	15	152	553	35|4|4|1|1|0|1|10|0|2|0|2
GA	Allmis	LTR	ERV4	SFV1-13_AMi-I	JH733588:833958-834517-	JH734448:730001-732000-	51	69	0	129,133,135,136,138,173,175,177,182,348,354,355,360,362,380,381,384,389,41,411,42,435,470,65,67,82,84,87,93,95,96,99	129,133,135,136,138,173,175,177,182,348,354,355,361,363,381,382,385,390,41,412,42,436,471,65,67,82,84,87,93,95,96,99	3	5,6,7,8,9,10,11,12,13,14,15,16,17,18,19,20,21,22,23,24,36,37,38,39,40,41,42,43,44,45,46,47	267	431	559	51|1|3|2|0|3|2|5|0|0|2|0
GA	Allmis	LTR	ERV4	SFV1-13_AMi-I	JH733588:833958-834517-	JH738596:14080-15730-	38	71	0	178,180,183,186,187,193,22,23,24,25,32,35,36	178,180,183,186,187,193,22,23,24,25,32,35,36	2	1,2,3,4,5,6,7,12,13,14,15,16,17	31	172	559	38|5|4|3|2|1|5|7|0|2|2|2
GA	Allmis	LTR	ERV4	SFV1-13_AMi-I	JH733588:833958-834517-	JH734158:99868-101351+	36	65	0	140,159,170,183,185,186,318,321,338,348,362,40,41,42,53,64,65,75	140,159,170,183,185,186,330,333,350,360,374,40,41,42,53,64,65,75	3	4,5,6,7,8,9,10,15,16,17,18,19,20,25,26,27,28,29	128	335	557	36|4|3|1|1|0|9|8|0|1|0|2
GA	Allmis	LTR	ERV4	SFV1-13_AMi-I	JH733588:833958-834517-	JH737364:69084-70907-	53	80	0	133,135,136,138,140,157,159,186,192,193,197,198,200,202,203,204,217,218,22,225,23,230,233,24,25,311,312,314,318,348,35,360,362,411,420,422,423,424,435,53,64,65,67,79,84	133,135,136,138,140,157,159,186,192,193,197,198,200,202,203,204,217,218,22,225,23,230,233,24,25,311,312,314,318,348,35,360,362,411,419,421,422,423,434,53,64,65,67,79,84	6	1,2,3,4,5,6,7,8,9,10,11,12,13,14,15,16,17,18,19,20,21,22,23,24,25,26,27,28,29,30,31,32,36,37,38,39,40,41,42,45,46,47,48,49,50	291	413	558	53|5|4|1|0|0|4|5|1|1|2|2
GA	Allmis	LTR	ERV4	SFV1-13_AMi-I	JH733588:833958-834517-	JH736990:97190-99315-	51	75	0	106,107,108,140,148,151,157,159,160,170,173,175,183,186,213,215,217,218,219,225,233,84,95,99	106,107,108,140,148,151,157,159,160,170,173,175,183,186,213,215,217,218,219,225,233,84,95,99	3	5,6,7,8,9,10,11,12,13,14,15,16,17,18,19,20,21,25,26,27,28,29,30,31	125	150	564	51|7|4|1|0|0|4|6|0|0|2|0
GA	Allmis	LTR	ERV4	SFV1-13_AMi-I	JH733588:833958-834517-	JH737439:86470-88420-	37	53	0	341,348,354,355,360,362,398,399,400,403,411,414,420,461,470,503,505,507,509	346,353,359,360,365,367,403,404,405,408,417,420,426,466,475,508,510,512,514	3	11,12,13,14,15,16,20,21,22,23,24,25,26,30,31,32,33,34,35	95	169	318	37|2|3|0|1|0|1|6|0|1|1|1
GA	Allmis	LTR	ERV4	SFV1-13_AMi-I	JH733590:96909-98499+	JH736112:7666-9426+	67	154	0	225,226,230,233,240,637,638,647,648,650,868,877,878,880,881	226,227,231,234,241,639,640,649,650,652,870,879,880,882,883	3	17,18,19,20,21,35,36,37,38,39,47,48,49,50,51	44	658	1588	67|17|3|1|5|3|33|18|0|1|4|0
GA	Allmis	LTR	ERV4	SFV1-13_AMi-I	JH733590:96909-98499+	JH736990:97190-99315-	84	169	0	148,151,157,159,160,213,215,217,218,219,225,226,233,243,245,637,638,647,648,650,653	148,151,157,159,160,213,215,217,218,219,225,226,233,255,257,650,651,660,661,663,666	3	8,9,10,11,12,20,21,22,23,24,25,26,27,28,29,49,50,51,52,53,54	75	519	1596	84|21|0|2|4|1|28|19|3|2|4|0
GA	Allmis	LTR	ERV4	SFV1-13_AMi-I	JH733590:96909-98499+	JH737633:135276-136813+	64	159	0	213,225,226,233,259,620,637,647,648,650	213,225,226,233,271,633,650,660,661,663	2	8,9,10,11,12,24,25,26,27,28	90	451	1531	64|21|2|3|4|1|36|19|3|3|2|0
GA	Allmis	LTR	ERV4	SFV1-13_AMi-I	JH733590:96909-98499+	JH737439:86470-88420-	81	145	0	1054,1055,1064,1091,1094,1096,1098,1309,1324,1331,1381,1382,1387,331,341,353,354,359,361,370,379,397,399,401,410,413,419,422,423,815,822,868,870,877,878,880,881	1062,1063,1072,1099,1102,1104,1106,1315,1330,1337,1387,1388,1393,336,346,359,360,365,367,376,385,404,405,407,417,420,426,429,430,821,828,876,878,885,886,888,889	5	5,6,7,8,9,10,11,12,14,15,16,17,18,19,20,21,33,34,35,36,37,38,39,40,55,56,57,58,59,60,61,71,72,73,74,75,76	270	1058	1352	81|9|4|2|4|1|14|18|0|4|6|1
GA	Allmis	LTR	ERV4	SFV1-13_AMi-I	JH733590:96909-98499+	JH734113:292973-294265+	53	128	0	183,185,186,187,189,192,193,35,36,38,40,41,42,868,870,877,878,880,881	180,182,183,184,186,189,190,35,36,38,40,41,42,855,857,864,865,867,868	3	2,3,4,5,6,7,11,12,13,14,15,16,17,37,38,39,40,41,42	33	834	1298	53|13|2|0|6|1|32|12|0|4|1|3
GA	Allmis	LTR	ERV4	SFV1-13_AMi-I	JH733590:96909-98499+	JH735343:300293-301615+	85	132	0	1045,1054,1055,1064,1091,1216,1217,1222,1224,1225,1227,1230,1367,1374,1381,1382,1387,497,502,504,506,527,551,620,637,638,648,650,653,655,656,672,692,720,740,746,748,815,822,868,870,871,877,878,880	119,143,212,229,230,239,241,244,246,247,263,283,311,331,337,339,406,413,459,461,462,468,469,471,635,644,645,654,681,806,807,812,814,815,817,820,89,94,957,96,964,971,972,977,98	7	6,7,8,9,10,11,15,16,17,18,19,20,21,22,23,24,25,26,27,28,34,35,36,37,38,39,40,41,51,52,53,54,55,61,62,63,64,65,66,67,72,73,74,75,76	333	889	1165	85|12|2|1|3|4|3|13|1|1|3|2
GA	Allmis	LTR	ERV4	SFV1-13_AMi-I	JH733590:96909-98499+	JH734462:423974-425707-	52	114	0	617,620,637,647,648,650,732,746,748,751,773,775	619,622,639,649,650,652,734,748,750,753,775,777	2	25,26,27,28,29,30,31,32,33,34,35,36	160	159	1113	52|16|1|0|5|1|23|10|0|2|2|2
GA	Allmis	LTR	ERV4	SFV1-13_AMi-I	JH733590:96909-98499+	JH737364:69084-70907-	71	125	0	192,193,197,198,200,202,217,218,225,226,23,230,233,24,25,259,35,53,64,79,868,870,877,878,880,881,934,941,950,953,955,957	192,193,197,198,200,202,217,218,225,226,23,230,233,24,25,259,35,53,64,79,868,870,877,878,880,881,934,941,950,953,955,957	5	1,2,3,4,5,6,7,15,16,17,18,19,20,21,22,23,24,25,26,27,54,55,56,57,58,59,61,62,63,64,65,66	164	935	1111	71|14|1|1|1|0|11|12|1|3|5|3
GA	Allmis	LTR	ERV4	SFV1-13_AMi-I	JH733590:96909-98499+	JH734448:730001-732000-	64	126	0	129,331,353,354,359,361,379,383,87,93,95,96	129,331,354,355,361,363,381,385,87,93,95,96	2	7,8,9,10,11,27,28,29,30,31,32,33	98	299	1105	64|12|1|1|1|3|22|15|0|2|5|0
GA	Allmis	LTR	ERV4	SFV1-13_AMi-I	JH733590:96909-98499+	JH737047:67755-69165-	52	82	0	497,502,504,506,527,617,620,637,638,640,648,650,653,655,656,868,870,871,877,896,897,898,941,950,953,955,957,963,970,983,984,991	117,207,210,227,228,230,238,240,243,245,246,458,460,461,467,486,487,488,531,540,543,545,547,553,560,573,574,581,87,92,94,96	6	6,7,8,9,10,11,12,13,14,15,16,17,18,19,20,29,30,31,32,33,34,35,37,38,39,40,41,42,43,44,45,46	245	495	701	52|7|2|2|1|1|4|9|0|1|2|1
GA	Allmis	LTR	ERV4	SFV1-13_AMi-LTR	JH731109:406356-407111-	JH734215:45816-46564+	39	57	0	595,597,599,611,616,692,710,712,713,714,720,721,722,745,746,747	588,590,592,604,609,685,703,705,706,707,713,714,715,738,739,740	2	21,22,23,24,25,29,30,31,32,33,34,35,36,37,38,39	78	153	751	39|5|0|1|0|0|7|3|0|0|0|0
GA	Allmis	LTR	ERV4	SFV1-13_AMi-LTR	JH731109:406356-407111-	JH731638:70993-71749+	35	59	0	364,376,382,388,392,400,402,457,505,512	357,369,375,381,385,393,395,450,498,505	2	16,17,18,19,20,21,22,23,24,25	150	149	755	35|7|0|1|1|0|5|5|1|1|1|0
GA	Allmis	LTR	ERV4	SFV1-13_AMi-LTR	JH731109:406356-407111-	JH735597:1032167-1032920+	64	83	0	152,154,165,171,190,228,238,250,252,255,299,304,310,346,357,398,400,402,410,418,444,454,457,467,472,480,505,512,521,524,528,547,559,567,589	151,153,164,170,189,227,237,251,253,256,300,305,311,347,358,398,400,402,410,418,444,454,457,467,472,480,504,511,520,523,527,546,558,566,588	4	6,7,8,9,10,13,14,15,16,17,22,23,24,25,26,29,30,31,32,33,34,35,36,37,38,39,40,41,42,43,44,45,46,47,48	319	438	754	64|5|0|2|1|0|4|3|1|1|0|0
GA	Allmis	LTR	ERV4	SFV1-13_AMi-LTR	JH731109:406356-407111-	JH732391:381235-382001+	42	68	0	299,344,376,388,398,400,402,418,521,528,547,559,589,599,616,622,627,629,710,712,713,720,721,722,732,745,746,752	304,349,381,392,402,404,406,422,525,532,558,570,600,610,627,633,638,640,721,723,724,731,732,733,743,756,757,763	4	9,10,11,12,13,14,15,16,20,21,22,23,24,25,26,27,28,29,33,34,35,36,37,38,39,40,41,42	279	460	760	42|10|0|1|1|0|3|4|1|2|1|1
GA	Allmis	LTR	ERV4	SFV1-13_AMi-LTR	JH731109:406356-407111-	JH735343:299021-299775+	53	75	0	398,400,402,410,418,426,430,457,472,501,593,595,597,599,611,616,710,712,713,720,721,722,729	390,392,394,402,410,418,422,449,464,492,592,594,596,598,610,615,709,711,712,719,720,721,728	4	22,23,24,25,26,27,28,29,30,31,36,37,38,39,40,41,47,48,49,50,51,52,53	148	339	743	53|6|1|2|1|0|1|5|0|1|3|0
GA	Allmis	LTR	ERV4	SFV1-13_AMi-LTR	JH731109:406356-407111-	JH733622:687916-688674-	62	84	0	250,252,263,296,297,299,304,310,311,344,346,349,354,376,382,388,392,398,400,402,410,418,426,593,595,597,599,616	246,248,259,292,293,295,300,306,307,340,342,345,350,372,378,384,388,394,396,398,406,414,422,596,598,600,602,619	3	23,24,25,26,27,28,29,30,31,32,33,34,35,36,37,38,39,40,41,42,43,44,45,53,54,55,56,57	202	374	745	62|8|0|0|1|2|0|5|0|0|3|0
GA	Allmis	LTR	ERV4	SFV1-13_AMi-LTR	JH731109:406356-407111-	JH732651:36399-37165+	49	79	0	388,392,398,400,402,418,422,457,593,595,597,599,616	391,395,401,403,405,421,425,460,604,606,608,610,627	2	19,20,21,22,23,24,25,26,37,38,39,40,41	94	237	760	49|10|1|0|1|0|4|5|1|1|2|2
GA	Allmis	LTR	ERV4	SFV1-13_AMi-I	JH733625:136499-137723-	JH737633:135276-136813+	52	92	0	641,647,650,654,658,668,669,722,750,766,773,779,866,873,889,895,946	633,639,642,646,650,660,661,717,745,761,768,774,861,868,884,890,941	2	23,24,25,26,27,28,29,30,31,32,33,34,37,38,39,40,41	223	309	1221	52|5|2|0|1|1|7|10|2|0|1|0
GA	Allmis	LTR	ERV4	SFV1-13_AMi-LTR	JH731109:406356-407111-	JH737439:88420-89179-	48	89	0	224,226,228,250,252,344,346,353,354,355,357,364,376,388,392,593,595,597,599,616	218,220,222,244,246,338,340,347,348,349,351,358,370,381,385,597,599,601,603,620	3	12,13,14,15,16,21,22,23,24,25,26,27,28,29,30,42,43,44,45,46	101	403	757	48|9|1|1|3|6|3|7|0|2|5|2
GA	Allmis	LTR	ERV4	SFV1-13_AMi-I	JH733625:136499-137723-	JH735459:207399-208878+	49	135	0	23,25,350,367,374,401,41,414,42,423,426,53,865,866,877,899,946	23,25,338,355,362,389,402,41,411,414,42,53,841,842,853,875,922	3	1,2,3,4,5,18,19,20,21,22,23,24,37,38,39,40,41	190	900	1210	49|19|3|3|3|1|15|23|0|3|3|2
GA	Allmis	LTR	ERV4	SFV1-13_AMi-I	JH733625:136499-137723-	JH739617:371791-373996-	87	154	0	177,186,192,193,205,207,219,22,225,23,230,24,25,255,257,35,367,372,374,395,401,407,414,423,432,435,647,650,654,658,659,669,722,766,769,773,779	177,186,192,193,205,207,219,22,225,23,230,24,243,245,25,35,355,360,362,383,389,395,402,411,420,423,627,630,634,638,639,649,702,746,749,753,759	6	1,2,3,4,5,13,14,15,16,17,18,19,20,21,22,23,29,30,31,32,33,34,35,36,37,38,50,51,52,53,54,55,58,59,60,61,62	234	738	1213	87|7|1|2|4|3|15|17|0|2|3|2
GA	Allmis	LTR	ERV4	SFV1-13_AMi-I	JH733625:136499-137723-	JH736990:97190-99315-	94	168	0	1043,1044,1046,1047,1065,140,148,151,157,159,160,170,173,175,183,186,215,217,218,219,225,233,367,372,374,401,414,423,426,615,617,641,654,658,659,668,669,674,722,766,773,776,779,792	1038,1039,1041,1042,1060,140,148,151,157,159,160,170,173,175,183,186,215,217,218,219,225,233,367,372,374,401,414,423,426,607,609,633,646,650,651,660,661,666,717,761,768,771,774,787	6	10,11,12,13,14,15,16,17,18,19,20,25,26,27,28,29,30,41,42,43,44,45,46,47,54,55,56,57,58,59,60,61,62,63,64,65,66,67,68,82,83,84,85,86	331	921	1219	94|14|2|2|3|1|13|20|2|1|2|2
GA	Allmis	LTR	ERV4	SFV1-13_AMi-I	JH733625:136499-137723-	JH734113:292973-294265+	65	144	0	183,185,186,187,189,35,36,38,393,395,40,401,407,41,42,423,812,821,886,888,895,896,898,899,946	180,182,183,184,186,35,36,375,377,38,384,390,40,406,41,42,785,794,855,857,865,866,868,869,916	4	2,3,4,5,6,7,13,14,15,16,17,30,31,32,33,34,48,49,50,51,52,53,54,55,56	179	882	1207	65|14|3|2|3|1|14|22|0|5|1|2
GA	Allmis	LTR	ERV4	SFV1-13_AMi-I	JH733625:136499-137723-	JH736112:7666-9426+	79	168	0	136,138,140,153,159,173,175,177,178,180,182,193,611,613,615,617,638,647,654,658,659,668,669,865,866,886,895,896,898,899	135,137,139,152,158,172,174,176,177,179,181,192,592,594,596,598,619,628,635,639,640,649,650,849,850,870,879,880,882,883	3	11,12,13,14,15,16,17,18,19,20,21,22,40,41,42,43,44,45,46,47,48,49,50,62,63,64,65,66,67,68	152	749	1208	79|15|2|4|4|5|16|25|0|2|3|1
GA	Allmis	LTR	ERV4	SFV1-13_AMi-I	JH733625:136499-137723-	JH734462:423974-425707-	67	135	0	641,647,650,654,658,668,669,722,750,766,769,773,865,866,873,886,888,889,915	622,628,631,635,639,649,650,706,734,750,753,757,849,850,860,873,875,876,902	3	33,34,35,36,37,38,39,40,41,42,43,44,50,51,52,53,54,55,56	191	281	1122	67|15|2|1|2|2|10|20|0|3|1|1
GA	Allmis	LTR	ERV4	SFV1-13_AMi-I	JH733625:136499-137723-	JH738596:14080-15730-	57	145	0	178,180,183,186,187,193,22,23,24,25,32,35,36,372,374,393,395,396	178,180,183,186,187,193,22,23,24,25,32,35,36,360,362,381,383,384	3	1,2,3,4,5,6,7,12,13,14,15,16,17,26,27,28,29,30	56	363	1120	57|17|4|2|3|2|9|25|0|3|4|3
GA	Allmis	LTR	ERV4	SFV1-13_AMi-I	JH733625:136499-137723-	JH735997:352974-353999-	45	118	0	1063,1065,1082,1085,1099,367,372,374,392,401,410,423,865,866,895,896,898,899	268,273,275,293,302,311,324,761,762,791,792,794,795,959,961,978,981,995	3	8,9,10,11,12,13,14,31,32,33,34,35,36,41,42,43,44,45	129	728	1033	45|13|4|2|1|1|12|18|0|4|4|2
GA	Allmis	LTR	ERV4	SFV1-13_AMi-I	JH733625:136499-137723-	JH739633:30555-31415+	25	72	0	615,617,638,641,650,654,668,669,674,676	602,604,625,628,637,641,655,656,661,663	1	9,10,11,12,13,14,15,16,17,18	62	62	860	25|6|2|0|2|0|11|13|1|1|1|0
GA	Allmis	LTR	ERV4	SFV1-13_AMi-I	JH733625:136499-137723-	JH734448:730001-732000-	77	137	0	133,135,136,138,173,175,177,182,366,367,372,374,392,393,395,396,401,414,423,611,613,614,615,617,647,650,654,658,659,824,895,896,898,899	133,135,136,138,173,175,177,182,354,355,361,363,381,382,384,385,390,403,412,592,594,595,596,598,628,631,635,639,640,808,865,866,868,869	5	14,15,16,17,18,19,20,21,32,33,34,35,36,37,38,39,40,41,42,49,50,51,52,53,54,55,56,57,58,63,64,65,66,67	221	737	1114	77|5|3|2|1|4|9|20|0|1|4|0
GA	Allmis	LTR	ERV4	SFV1-13_AMi-I	JH733625:136499-137723-	JH737364:69084-70907-	97	176	0	133,135,136,138,140,157,159,186,192,193,197,198,200,202,203,204,217,218,22,225,23,230,233,24,25,35,396,401,426,432,435,53,611,613,614,615,617,638,641,647,650,654,658,659,865,866,886,888,895,896,898,899,952,965,966,968,971,973,975	133,135,136,138,140,157,159,186,192,193,197,198,200,202,203,204,217,218,22,225,23,230,233,24,25,35,384,389,413,419,422,53,590,592,593,594,596,617,620,626,629,633,637,638,847,848,868,870,877,878,880,881,934,947,948,950,953,955,957	9	1,2,3,4,5,6,12,13,14,15,16,17,18,19,20,21,22,23,24,25,26,27,29,30,31,32,33,42,43,44,45,46,51,52,53,54,55,56,57,58,59,60,61,62,74,75,76,77,78,79,80,81,83,84,85,86,87,88,89	270	936	1120	97|15|3|1|1|1|8|24|1|3|5|4
GA	Allmis	LTR	ERV4	SFV1-13_AMi-I	JH733625:136499-137723-	JH735343:300293-301615+	82	137	0	1024,1036,1043,1044,1046,1047,1063,1065,1072,1073,1082,1099,614,617,638,641,647,650,654,658,659,669,674,676,677,833,840,865,866,877,886,888,889,896,898,899,965,966,971,973,975	185,188,209,212,218,221,225,229,230,239,244,246,247,406,413,438,439,450,459,461,462,468,470,471,537,538,543,545,547,596,608,615,616,618,619,635,637,644,645,654,671	5	18,19,20,21,22,23,24,25,26,27,28,29,30,43,44,45,46,47,48,49,50,51,52,53,56,57,58,59,60,63,64,65,66,67,68,69,70,71,72,73,74	217	487	797	82|9|3|3|4|1|4|15|1|1|1|2
GA	Allmis	LTR	ERV4	SFV1-13_AMi-I	JH733684:1128651-1129867+	JH737047:67755-69165-	33	54	0	110,122,123,134,136,146,150,407,428,429,436,441,652,663,668,669,670,671,672,685,689,696,703	1101,1122,1123,1129,1134,1344,1355,1360,1361,1362,1363,1364,1377,1381,1388,1395,803,815,816,827,829,839,843	3	3,4,5,6,7,8,9,17,18,19,20,21,23,24,25,26,27,28,29,30,31,32,33	127	593	717	33|1|0|0|0|0|12|4|0|0|1|2
GA	Allmis	LTR	ERV4	SFV1-13_AMi-I	JH733684:1128651-1129867+	JH737364:69084-70907-	31	60	0	396,410,428,429,431,652,668,669,670,671,672	1500,1514,1532,1533,1535,1757,1773,1774,1775,1776,1777	2	16,17,18,19,20,23,24,25,26,27,28	57	278	719	31|2|1|0|6|0|15|2|0|0|2|0
GA	Allmis	LTR	ERV4	SFV1-13_AMi-I	JH733809:263056-264312+	JH734448:730001-732000-	41	65	0	283,286,298,310,314,322,324,688,691,695,703,711,712,715,717,719,720,729,731,732,733,735,738,821,823,827,830,831,833	1376,1379,1391,1403,1407,1415,1417,1788,1791,1795,1803,1811,1812,1815,1817,1819,1820,1830,1832,1833,1834,1836,1839,1913,1915,1919,1922,1923,1925	3	1,2,3,4,5,6,7,19,20,21,22,23,24,25,26,27,28,29,30,31,32,33,34,35,36,37,38,39,40	181	550	683	41|3|0|1|3|0|9|5|0|2|0|1
GA	Allmis	LTR	ERV4	SFV1-13_AMi-I	JH733809:263056-264312+	JH737439:86470-88420-	46	73	0	106,107,116,146,148,150,310,314,322,324,337,428,430,434,435,440,647,658,663,664,666,670	1062,1063,1072,1102,1104,1106,1263,1267,1275,1277,1290,1381,1383,1387,1388,1393,1605,1616,1621,1622,1624,1628	4	10,11,12,13,14,15,22,23,24,25,26,29,30,31,32,33,41,42,43,44,45,46	110	567	674	46|2|0|1|1|3|9|8|0|0|2|1
GA	Allmis	LTR	ERV4	SFV1-13_AMi-I	JH733809:263056-264312+	JH735343:300293-301615+	79	114	0	177,185,189,192,203,22,23,236,240,248,269,270,275,277,278,280,283,286,288,427,428,430,434,435,440,5,515,530,536,565,569,663,680,681,685,686,688,691,695,703,707,709,710,711,712,715,731,732,741,744,745,752,759,773,8,9	1052,1067,1073,1106,1111,1205,1222,1223,1227,1228,1230,1233,1237,1245,1249,1251,1252,1253,1254,1257,1270,1271,1278,1281,1282,1289,1296,1310,543,546,547,560,561,715,723,727,730,741,774,778,786,806,807,812,814,815,817,820,823,825,964,965,967,971,972,977	7	1,2,3,4,5,15,16,17,18,19,20,21,22,23,24,25,26,27,28,29,30,31,38,39,40,41,42,43,46,47,48,49,50,57,58,59,60,61,62,63,64,65,66,67,68,69,70,71,72,73,74,75,76,77,78,79	312	768	784	79|5|0|5|2|2|9|8|1|0|1|2
GA	Allmis	LTR	ERV4	SFV1-13_AMi-I	JH733809:263056-264312+	JH737633:135276-136813+	32	58	0	150,177,189,192,203,298,310,314,322,324	1111,1138,1150,1153,1164,1258,1270,1274,1282,1284	2	5,6,7,8,9,14,15,16,17,18	81	174	561	32|4|0|1|3|1|7|6|2|0|1|1
GA	Allmis	LTR	ERV4	SFV1-13_AMi-I	JH733809:263056-264312+	JH734488:248625-249461+	23	45	0	710,712,715,717,719,720,726,738,741,744,745,752,773	334,336,339,341,343,344,350,362,365,368,369,376,397	1	11,12,13,14,15,16,17,18,19,20,21,22,23	64	64	412	23|2|1|0|1|1|11|2|0|0|1|3
GA	Allmis	LTR	ERV4	SFV1-13_AMi-I	JH733829:441590-443620+	JH736112:7666-9426+	59	146	0	1464,1466,1468,1469,1481,413,415,417,419,440,449,458,461,470,471,473	1635,1637,1639,1640,1652,592,594,596,598,619,628,637,640,649,650,652	3	7,8,9,10,11,12,13,14,15,16,17,53,54,55,56,57	80	1061	1565	59|13|4|3|6|0|37|15|0|1|4|3
GA	Allmis	LTR	ERV4	SFV1-13_AMi-I	JH733829:441590-443620+	JH736990:97190-99315-	72	168	0	14,35,37,39,40,41,458,461,470,471,473,476,55	192,213,215,217,218,219,233,648,651,660,661,663,666	2	1,2,3,4,5,6,7,22,23,24,25,26,27	61	475	1528	72|16|3|4|5|1|35|20|4|0|2|6
GA	Allmis	LTR	ERV4	SFV1-13_AMi-I	JH733829:441590-443620+	JH737633:135276-136813+	58	152	0	1264,1276,1303,1309,1330,443,449,458,470,471,473,555,559,569,571,578	1451,1463,1490,1496,1517,633,639,648,660,661,663,745,749,759,761,768	3	9,10,11,12,13,14,18,19,20,21,22,54,55,56,57,58	122	885	1345	58|15|5|5|3|2|35|17|5|1|3|3
GA	Allmis	LTR	ERV4	SFV1-13_AMi-I	JH733829:441590-443620+	JH737439:86470-88420-	95	179	0	120,131,133,134,136,176,193,203,205,217,220,221,222,224,225,236,559,569,571,578,606,666,670,671,691,693,697,771,773,776,778,780,877,914,917,919,921	1062,1099,1102,1104,1106,303,314,316,317,319,359,376,386,388,400,403,404,405,407,408,420,742,752,754,761,789,851,855,856,876,878,882,956,958,961,963,965	7	3,4,5,6,7,9,10,11,12,13,14,15,16,17,18,19,31,32,33,34,35,39,40,41,42,43,44,51,52,53,54,55,63,64,65,66,67	215	804	1393	95|11|6|4|5|2|21|19|0|4|7|5
GA	Allmis	LTR	ERV4	SFV1-13_AMi-I	JH733829:441590-443620+	JH735343:300293-301615+	114	180	0	1039,1040,1045,1047,1048,1050,1288,1303,1309,1343,1347,1364,1382,1396,1458,1459,1462,1464,1466,1468,1469,1481,1519,1522,1523,1530,1534,1537,416,419,440,443,449,458,461,471,473,476,478,479,527,530,543,559,563,569,571,578,596,599,606,626,666,670,671,691,693,694,697,829,841,848,849,851,852,868,877,914	1052,1067,1073,1107,1111,1128,1146,1160,1222,1223,1226,1228,1230,1232,1233,1245,1278,1281,1282,1289,1293,1296,185,188,209,212,218,227,230,239,241,244,246,247,295,298,311,327,331,337,339,346,364,367,374,394,434,438,439,459,461,462,465,596,608,615,616,618,619,635,644,681,806,807,812,814,815,817	9	14,15,16,17,18,19,20,21,22,23,24,25,28,29,30,31,32,33,34,35,36,37,38,39,43,44,45,46,47,48,49,57,58,59,60,61,62,63,64,65,74,75,76,77,78,79,91,92,93,94,95,96,97,98,101,102,103,104,105,106,107,108,109,110,111,112,113,114	479	1112	1327	114|10|5|7|6|2|13|12|1|0|2|7
GA	Allmis	LTR	ERV4	SFV1-13_AMi-I	JH733829:441590-443620+	JH737364:69084-70907-	51	101	0	413,415,416,417,419,440,771,773,776,778,780	590,592,593,594,596,617,948,950,953,955,957	2	13,14,15,16,17,18,44,45,46,47,48	38	368	908	51|11|3|3|1|0|12|10|1|0|4|4
GA	Allmis	LTR	ERV4	SFV1-13_AMi-I	JH733829:441590-443620+	JH734462:423974-425707-	43	100	0	443,449,458,470,471,473,555,559,569,571,574,578,596,598	622,628,637,649,650,652,734,738,748,750,753,757,775,777	2	12,13,14,15,16,17,20,21,22,23,24,25,26,27	75	156	927	43|13|3|3|4|2|20|7|0|1|1|3
GA	Allmis	LTR	ERV4	SFV1-13_AMi-I	JH733829:441590-443620+	JH734448:730001-732000-	44	100	0	176,203,205,206,224,413,415,416,417,419,559,569,571,574,578	354,382,384,385,403,592,594,595,596,598,738,748,750,753,757	3	7,8,9,10,11,16,17,18,19,20,26,27,28,29,30	77	404	918	44|9|3|2|0|2|24|11|0|0|3|2
GA	Allmis	LTR	ERV4	SFV1-13_AMi-LTR	JH731113:1048492-1049211-	JH732157:41448-42200+	22	41	0	557,559,561,563,580,672,677,684,685,709,710	590,592,594,596,613,705,710,717,718,742,743	2	8,9,10,11,12,17,18,19,20,21,22	63	154	357	22|5|1|1|2|0|7|2|1|0|0|0
GA	Allmis	LTR	ERV4	SFV1-13_AMi-I	JH733829:441590-443620+	JH739633:30555-31415+	22	60	0	417,419,440,443,458,470,471,473,476,478,479	602,604,625,628,643,656,657,659,662,665,666	2	4,5,6,7,8,9,10,11,12,13,14	66	65	600	22|6|1|1|3|0|20|6|0|0|0|1
GA	Allmis	LTR	ERV4	SFV1-13_AMi-I	JH733829:441590-443620+	JH737047:67755-69165-	56	95	0	443,449,458,461,463,471,473,476,478,479,555,559,569,571,574,771,773,776,778,780	210,216,225,228,230,238,240,243,245,246,322,326,336,338,341,538,540,543,545,547	4	10,11,12,13,14,15,16,17,18,19,23,24,25,26,27,42,43,44,45,46	68	338	690	56|9|3|4|2|1|5|10|0|0|2|3
GA	Allmis	LTR	ERV4	SFV1-13_AMi-LTR	JH731113:1048492-1049211-	JH734215:45816-46564+	22	36	0	559,561,563,575,580,674,676,677,678,684,685,686,709,710,711	588,590,592,604,609,703,705,706,707,713,714,715,738,739,740	2	4,5,6,7,8,13,14,15,16,17,18,19,20,21,22	60	153	356	22|2|1|1|2|0|6|1|0|0|0|1
GA	Allmis	LTR	ERV4	SFV1-13_AMi-LTR	JH731113:1048492-1049211-	JH735343:299021-299775+	29	41	0	508,511,523,557,559,561,563,575,580,674,676,677,684,685,686,693	543,546,558,592,594,596,598,610,615,709,711,712,719,720,721,728	2	9,10,11,12,13,14,15,16,17,23,24,25,26,27,28,29	93	186	349	29|4|1|0|1|1|3|1|0|0|0|1
GA	Allmis	LTR	ERV4	SFV1-13_AMi-LTR	JH731113:1048492-1049211-	JH733622:687916-688674-	36	52	0	114,117,119,123,131,176,181,202,206,215,216,217,219,229,287,288,295,301,302,335,337,340	116,119,121,125,135,181,186,207,211,220,221,222,224,234,292,293,300,306,307,340,342,345	3	7,8,9,10,11,15,16,17,18,19,20,21,22,23,28,29,30,31,32,33,34,35	128	230	360	36|3|0|0|2|2|1|5|0|1|2|0
GA	Allmis	LTR	ERV4	SFV1-13_AMi-I	JH733925:97689-98467+	JH734158:99868-101351+	35	68	0	140,159,170,183,185,186,213,218,41,42,53,64,65,75	140,159,170,183,185,186,213,218,41,42,53,64,65,75	2	4,5,6,7,8,9,15,16,17,18,19,20,21,22	114	178	585	35|6|1|1|2|2|5|7|0|1|0|2
GA	Allmis	LTR	ERV4	SFV1-13_AMi-I	JH733925:97689-98467+	JH737633:135276-136813+	32	68	0	114,213,225,226,227,233,87,93,95,99	114,213,225,226,227,233,87,93,95,99	2	3,4,5,6,7,10,11,12,13,14	49	147	585	32|11|1|1|2|1|5|7|1|0|1|0
GA	Allmis	LTR	ERV4	SFV1-13_AMi-I	JH733925:97689-98467+	JH736323:348134-349246-	24	61	0	170,205,207,225,226,227,242,271,273,279	170,205,207,225,226,227,242,259,261,267	1	5,6,7,8,9,10,11,12,13,14	98	98	579	24|9|1|4|2|2|5|5|0|1|1|1
GA	Allmis	LTR	ERV4	SFV1-13_AMi-I	JH733925:97689-98467+	JH738206:39380-40456-	23	54	0	207,225,226,227,266,271,273,360,372,374,383,396	167,187,188,189,216,221,223,310,322,324,333,346	2	4,5,6,7,8,9,10,13,14,15,16,17	94	180	540	23|6|2|0|2|2|5|5|0|1|1|1
GA	Allmis	LTR	ERV4	SFV1-13_AMi-I	JH733925:97689-98467+	JH734462:423974-425707-	37	68	0	207,219,225,226,227,242,245,269,273,279,305,310,483,494,517,519,527	207,219,225,226,227,240,242,259,261,267,293,298,469,480,503,505,513	3	11,12,13,14,15,16,17,19,20,21,22,23,30,31,32,33,34	121	307	578	37|7|2|1|6|2|3|3|0|0|0|2
GA	Allmis	LTR	ERV4	SFV1-13_AMi-I	JH733925:97689-98467+	JH736990:97190-99315-	60	91	0	106,107,108,140,148,151,157,159,160,170,173,175,183,186,207,213,215,217,218,219,225,226,227,233,250,252,255,257,269,271,273,279,305,321,333,95,99	106,107,108,140,148,151,157,159,160,170,173,175,183,186,207,213,215,217,218,219,225,226,227,233,250,252,255,257,269,271,273,279,305,321,333,95,99	4	5,6,7,8,9,11,12,13,14,15,16,17,18,19,20,21,25,26,27,28,29,30,31,32,33,34,35,36,37,38,39,40,41,42,43,44,45	189	239	585	60|9|1|1|2|1|5|5|0|1|0|0
GA	Allmis	LTR	ERV4	SFV1-13_AMi-I	JH733925:97689-98467+	JH734113:292973-294265+	41	74	0	183,185,186,187,189,266,271,273,279,296	180,182,183,184,186,251,256,258,264,281	2	12,13,14,15,16,24,25,26,27,28	38	102	576	41|4|2|1|4|2|3|8|0|1|0|2
GA	Allmis	LTR	ERV4	SFV1-13_AMi-I	JH733925:97689-98467+	JH739617:371791-373996-	55	85	0	177,186,192,193,205,207,219,225,226,227,230,240,242,266,271,273,279,305,310,360,367,372,374,395,510,517,519,540,546	177,186,192,193,205,207,219,225,226,227,230,240,242,254,259,261,267,293,298,348,355,360,362,383,498,505,507,528,534	4	15,16,17,18,19,20,21,22,23,24,25,26,27,28,29,30,31,32,33,35,36,37,38,39,49,50,51,52,53	196	358	579	55|6|0|0|4|1|6|5|0|0|1|1
GA	Allmis	LTR	ERV4	SFV1-13_AMi-I	JH733925:97689-98467+	JH734448:730001-732000-	59	88	0	114,129,133,135,136,138,173,175,177,182,207,213,225,226,227,230,242,266,271,273,279,305,321,360,366,367,372,374,39,392,393,395,396,41,42,65,67,93,95,96,99	114,129,133,135,136,138,173,175,177,182,207,213,225,226,227,230,240,254,259,261,267,293,309,348,354,355,360,362,381,382,384,385,39,41,42,65,67,93,95,96,99	6	5,6,7,8,9,13,14,15,16,17,18,19,20,21,22,23,24,25,26,27,28,29,30,31,32,33,34,35,36,37,38,39,43,44,45,46,47,48,49,50,51	287	347	579	59|5|1|0|2|2|4|7|0|0|2|0
GA	Allmis	LTR	ERV4	SFV1-13_AMi-I	JH733966:260033-260844+	JH739720:39577-41375-	57	77	0	3,34,38,40,50,51,512,516,521,535,540,553,571,574,584,586,589,593,596,6,601,620,622,656,657,677,684,697,728,736,739,741,749,753,765,774,788,795,805,808	1026,1030,1032,1042,1043,1499,1503,1508,1522,1527,1540,1558,1561,1571,1573,1576,1580,1583,1588,1607,1609,1642,1643,1663,1670,1683,1714,1722,1725,1727,1735,1740,1752,1761,1775,1782,1792,1795,995,998	4	1,2,3,4,5,6,7,25,26,27,28,29,30,31,32,33,34,35,36,37,38,39,40,41,42,43,44,45,46,47,48,49,50,51,52,53,54,55,56,57	348	801	808	57|4|1|0|1|1|5|4|0|0|1|0
GA	Allmis	LTR	ERV4	SFV1-13_AMi-I	JH733966:260033-260844+	JH737047:67755-69165-	45	57	0	13,14,168,170,173,176,179,182,189,205,207,217,227,238,25,27,299,320,321,328,333,339,34,37,38,40,471,473,481,484,486,6	1007,1009,1019,1029,1040,1101,1122,1123,1129,1134,1140,1272,1274,1282,1285,1287,808,815,816,827,829,836,839,840,842,970,972,975,978,981,984,991	4	1,2,3,4,5,6,7,8,9,11,12,13,14,15,16,17,18,19,20,21,22,23,24,25,26,27,28,34,35,36,37,38	223	480	555	45|2|0|0|0|0|2|3|0|0|1|1
GA	Allmis	LTR	ERV4	SFV1-13_AMi-I	JH733966:260033-260844+	JH734448:730001-732000-	42	74	0	189,205,207,217,227,471,481,486,507,509,512,521,533,535,540,553,561,563,565,571,574,586,589,593,596,601	1389,1405,1407,1417,1427,1671,1681,1686,1707,1709,1712,1721,1733,1735,1742,1755,1763,1765,1767,1773,1776,1788,1791,1795,1798,1803	5	7,8,9,10,11,22,23,24,25,26,27,28,29,30,31,32,33,34,35,36,37,38,39,40,41,42	175	415	608	42|5|0|1|3|0|9|6|0|1|1|3
GA	Allmis	LTR	ERV4	SFV1-13_AMi-I	JH733966:260033-260844+	JH737364:69084-70907-	47	67	0	151,168,170,176,179,288,302,320,321,323,339,473,481,484,486,494,507,509,512,516,521,533,535	1363,1380,1382,1388,1391,1500,1514,1532,1533,1535,1551,1685,1693,1696,1698,1706,1719,1721,1724,1728,1733,1745,1747	4	9,10,11,12,13,23,24,25,26,27,28,34,35,36,37,38,39,40,41,42,43,44,45	145	385	557	47|5|1|0|3|0|3|3|0|0|2|0
GA	Allmis	LTR	ERV4	SFV1-13_AMi-I	JH733966:260033-260844+	JH736112:7666-9426+	31	58	0	205,207,217,227,238,512,521,533,535,540,584,586,589,593,596	1256,1258,1268,1278,1289,1563,1572,1584,1586,1591,1635,1637,1640,1644,1647	3	2,3,4,5,6,18,19,20,21,22,27,28,29,30,31	76	392	481	31|3|3|1|1|0|9|6|0|0|1|2
GA	Allmis	LTR	ERV4	SFV1-13_AMi-I	JH733966:260033-260844+	JH737439:86470-88420-	45	70	0	321,323,328,333,339,481,484,486,507,509,512,521,533,535,540,553,556,561,562,564,568,571,574	1381,1383,1388,1393,1399,1541,1544,1546,1567,1569,1572,1581,1593,1595,1600,1613,1616,1621,1622,1624,1628,1631,1634	4	17,18,19,20,21,28,29,30,31,32,33,34,35,36,37,38,39,40,41,42,43,44,45	115	254	463	45|3|0|1|0|1|9|6|0|0|2|2
GA	Allmis	LTR	ERV4	SFV1-13_AMi-I	JH733995:231086-232026+	JH736112:7666-9426+	47	88	0	136,138,140,153,159,173,175,177,178,180,182,590,592,594,596,617,637,638	135,137,139,152,158,172,174,176,177,179,181,592,594,596,598,619,639,640	3	6,7,8,9,10,11,12,13,14,15,16,27,28,29,30,31,32,33	97	506	941	47|9|1|2|3|2|10|10|1|0|2|0
GA	Allmis	LTR	ERV4	SFV1-13_AMi-I	JH733995:231086-232026+	JH734113:292973-294265+	39	86	0	183,185,186,187,189,192,193,868,870,878,880,881,937	180,182,183,184,186,189,190,855,857,865,867,868,925	2	8,9,10,11,12,13,14,34,35,36,37,38,39	82	746	934	39|6|2|2|3|0|14|12|2|2|1|3
GA	Allmis	LTR	ERV4	SFV1-13_AMi-I	JH733995:231086-232026+	JH739617:371791-373996-	54	102	0	22,23,24,25,35,382,394,419,421,422,423,451,504,506,508,527,548,574,590,592,594,596,656,688,704,707,746,751	22,23,24,25,35,383,395,420,422,423,424,452,505,507,509,528,549,575,591,593,595,597,657,686,702,705,744,749	4	1,2,3,4,5,20,21,22,23,24,25,26,27,28,29,30,31,32,33,34,35,36,40,41,42,43,44,45	323	728	938	54|9|0|3|5|3|12|11|1|1|2|1
GA	Allmis	LTR	ERV4	SFV1-13_AMi-I	JH733995:231086-232026+	JH734448:730001-732000-	51	89	0	354,379,380,382,383,469,548,574,590,592,593,594,596	354,381,382,384,385,471,550,576,592,594,595,596,598	2	25,26,27,28,29,30,34,35,36,37,38,39,40	167	245	934	51|4|1|2|3|3|10|11|1|0|3|0
GA	Allmis	LTR	ERV4	SFV1-13_AMi-I	JH733995:231086-232026+	JH738596:14080-15730-	42	110	0	141,178,180,183,186,187,22,23,24,25,32,35,36	141,178,180,183,186,187,22,23,24,25,32,35,36	2	1,2,3,4,5,6,7,9,10,11,12,13,14	62	166	940	42|10|2|3|4|1|25|11|1|1|3|2
GA	Allmis	LTR	ERV4	SFV1-13_AMi-I	JH733995:231086-232026+	JH736990:97190-99315-	55	97	0	140,148,151,157,159,160,170,173,175,183,186,192,193,204,213,215,217,218,219,233	140,148,151,157,159,160,170,173,175,183,186,192,193,204,213,215,217,218,219,233	3	9,10,11,12,13,14,15,16,17,18,19,20,21,22,23,24,25,26,27,28	96	94	939	55|9|1|2|2|1|12|9|3|0|3|0
GA	Allmis	LTR	ERV4	SFV1-13_AMi-I	JH733995:231086-232026+	JH737364:69084-70907-	65	115	0	133,136,138,140,157,192,193,197,198,202,203,204,217,218,22,23,230,233,24,25,35,548,574,590,592,593,594,596,617,672,704,707,746,761,868,870,878,880,881	133,136,138,140,157,192,193,197,198,202,203,204,217,218,22,23,230,233,24,25,35,548,574,590,592,593,594,596,617,672,704,707,746,761,868,870,878,880,881	6	1,2,3,4,5,10,11,12,13,14,17,18,19,20,21,22,23,24,25,26,27,38,39,40,41,42,43,44,45,50,51,52,53,54,59,60,61,62,63	255	860	940	65|11|1|2|2|0|12|11|2|1|3|3
GA	Allmis	LTR	ERV4	SFV1-13_AMi-I	JH733995:231086-232026+	JH737439:86470-88420-	50	90	0	354,370,379,380,382,394,397,398,399,402,413,419,868,870,878,880,881	359,376,385,386,388,400,403,404,405,408,420,426,876,878,886,888,889	3	8,9,10,11,12,13,14,15,16,17,18,19,43,44,45,46,47	83	531	700	50|6|3|2|3|0|10|8|0|2|5|1
GA	Allmis	LTR	ERV4	SFV1-13_AMi-I	JH733995:231086-232026+	JH737047:67755-69165-	40	65	0	502,504,506,508,514,527,548,574,596,617,620,629,637,638,640,700,704,707,732,746,751,868,870,871,896,897,898	104,117,138,164,186,207,210,219,227,228,230,290,294,297,322,336,341,458,460,461,486,487,488,92,94,96,98	5	5,6,7,8,9,10,11,12,13,14,15,16,17,18,19,23,24,25,26,27,28,34,35,36,37,38,39	224	397	530	40|5|2|1|2|1|5|6|0|0|1|2
GA	Allmis	LTR	ERV4	SFV1-13_AMi-I	JH734079:292016-294366-	JH736990:97190-99315-	90	158	0	1019,1022,1023,1024,1051,1061,1063,1064,1070,1073,1333,1335,1340,1341,1343,1344,875,878,889,893,904,948,950,952,953,962,965,966,968	1031,1033,1038,1039,1041,1042,573,576,587,591,602,646,648,650,651,660,663,664,666,717,720,721,722,749,759,761,762,768,771	4	30,31,32,33,34,38,39,40,41,42,43,44,45,47,48,49,50,51,52,53,54,55,56,80,81,82,83,84,85	118	470	971	90|26|2|3|3|1|11|12|3|2|0|4
GA	Allmis	LTR	ERV4	SFV1-13_AMi-I	JH734079:292016-294366-	JH736112:7666-9426+	81	154	0	1061,1063,1064,1066,1070,1243,1249,1254,1256,1262,1265,948,950,952,953,962,965,966	635,637,639,640,649,652,653,748,750,751,753,757,930,936,941,943,949,952	3	33,34,35,36,37,38,39,46,47,48,49,50,71,72,73,74,75,76	52	318	945	81|28|2|1|4|1|13|16|0|1|1|4
GA	Allmis	LTR	ERV4	SFV1-13_AMi-I	JH734079:292016-294366-	JH735272:170248-171677+	39	83	0	1015,1019,1023,1024,1051,1064,948,950,962,965,966,970,974	122,126,130,131,158,171,55,57,69,72,73,77,81	2	6,7,8,9,10,11,12,13,14,15,16,17,18	118	117	605	39|16|1|1|3|1|7|9|1|2|1|1
GA	Allmis	LTR	ERV4	SFV1-13_AMi-I	JH734079:292016-294366-	JH737439:86470-88420-	111	188	0	1051,1061,1063,1064,1070,1243,1254,1262,1263,1265,1268,1271,1272,1278,1285,1286,1299,1333,1334,1335,1340,1341,1344,1360,1362,1369,1370,1409,1411,1413,680,689,690,692,698,699,704,711,712,720,723,729,732,733,863,875,878,889,893,904	1026,1027,1028,1033,1034,1037,1053,1055,1062,1063,1102,1104,1106,376,385,386,388,394,395,400,407,408,417,420,426,429,430,554,566,569,580,584,595,742,752,754,755,761,936,947,955,956,958,961,964,965,971,978,979,992	8	19,20,21,22,23,24,25,29,30,31,32,33,34,35,41,42,43,44,45,46,57,58,59,60,61,83,84,85,86,87,88,89,90,91,92,93,94,95,96,97,98,99,100,101,102,103,104,105,106,107	285	731	965	111|22|5|3|2|6|12|15|1|3|3|4
GA	Allmis	LTR	ERV4	SFV1-13_AMi-I	JH734079:292016-294366-	JH735343:300293-301615+	95	159	0	1019,1022,1023,1024,1035,1051,1055,1061,1063,1064,1117,1118,1121,1122,1123,1168,1174,1183,1185,1186,1340,1341,1343,1344,1360,1362,1440,1448,1452,1455,1458,948,950,952,953,965,966,968,970,971	225,227,229,230,241,242,244,246,247,295,298,299,300,311,327,331,337,339,340,393,394,397,398,399,444,450,459,461,462,615,616,618,619,635,637,715,723,727,730,733	7	25,26,27,28,29,30,31,32,33,36,37,38,39,40,41,42,43,44,45,49,50,51,52,53,61,62,63,64,65,82,83,84,85,86,87,90,91,92,93,94	138	509	762	95|22|5|2|4|7|3|13|0|1|1|4
GA	Allmis	LTR	ERV4	SFV1-13_AMi-I	JH734091:183028-183311+	JH735343:300293-301615+	20	35	0	159,188,192,209,241,58,59,64,90,99	1003,1012,1073,1107,1111,1128,1160,971,972,977	2	6,7,8,9,10,14,15,16,17,18	130	190	283	20|2|0|0|2|1|5|4|0|0|1|0
GA	Allmis	LTR	ERV4	SFV1-13_AMi-I	JH734113:292973-294265+	JH736112:7666-9426+	43	124	0	586,588,590,592,613,633,634,643,644,647	592,594,596,598,619,639,640,649,650,653	2	19,20,21,22,23,24,25,26,27,28	63	62	1282	43|16|2|3|2|3|30|17|1|1|4|1
GA	Allmis	LTR	ERV4	SFV1-13_AMi-I	JH734113:292973-294265+	JH739617:371791-373996-	55	139	0	1218,1221,1224,1231,1233,1241,1259,586,588,590,592,633,634,644	1227,1230,1233,1240,1242,1250,1268,591,593,595,597,638,639,649	2	26,27,28,29,30,31,32,49,50,51,52,53,54,55	101	678	1296	55|14|0|3|5|5|32|15|1|1|5|3
GA	Allmis	LTR	ERV4	SFV1-13_AMi-I	JH734113:292973-294265+	JH737439:86470-88420-	91	160	0	210,212,214,215,216,22,227,23,230,24,25,295,306,308,309,311,393,394,397,398,409,415,417,418,419,456,465,53,935,936,938,941,944,951,972	206,208,210,211,212,22,226,23,230,24,25,303,314,316,317,319,404,405,407,408,420,426,428,429,430,466,475,53,955,956,958,961,964,971,992	5	1,2,3,4,5,19,20,21,22,23,24,25,27,28,29,30,31,36,37,38,39,40,41,42,43,44,45,46,61,62,63,64,65,66,67	184	971	1301	91|10|1|2|1|2|21|18|1|1|10|2
GA	Allmis	LTR	ERV4	SFV1-13_AMi-I	JH734113:292973-294265+	JH736990:97190-99315-	65	166	0	1218,1221,1223,1224,1241,210,212,214,215,216,230	1243,1246,1248,1249,1266,213,215,217,218,219,233	2	16,17,18,19,20,21,59,60,61,62,63	45	1054	1304	65|19|0|6|4|3|40|17|3|2|6|1
GA	Allmis	LTR	ERV4	SFV1-13_AMi-I	JH734113:292973-294265+	JH737364:69084-70907-	61	135	0	133,135,136,138,140,157,159,194,195,197,199,200,214,215,227,230,586,588,589,590,592,613,616,633,634,922,935,936,938,941,944,951	133,135,136,138,140,157,159,197,198,200,202,203,217,218,230,233,590,592,593,594,596,617,620,637,638,934,947,948,950,953,956,963	4	10,11,12,13,14,15,16,17,18,19,20,21,22,23,24,25,38,39,40,41,42,43,44,45,46,53,54,55,56,57,58,59	181	831	1105	61|16|1|3|0|2|27|14|1|2|4|2
GA	Allmis	LTR	ERV4	SFV1-13_AMi-I	JH734113:292973-294265+	JH735343:300293-301615+	63	107	0	1006,1013,1014,1016,1128,1172,1176,1184,1193,1204,1210,1212,1218,1221,1223,1224,477,493,500,502,510,616,633,634,644,647,649,988,994	106,212,229,230,239,242,244,590,596,608,615,616,618,73,730,774,778,786,795,806,812,814,820,823,825,826,89,96,98	5	2,3,4,5,6,14,15,16,17,18,19,37,38,39,40,41,42,49,50,51,52,53,54,55,56,57,58,59,60	194	754	834	63|10|2|3|2|3|3|13|1|0|4|2
GA	Allmis	LTR	ERV4	SFV1-13_AMi-I	JH734113:292973-294265+	JH737047:67755-69165-	46	81	0	592,613,616,633,634,636,935,936,938,941,944,951,971,972	186,207,210,227,228,230,537,538,540,543,546,553,573,574	2	12,13,14,15,16,17,29,30,31,32,33,34,35,36	83	389	697	46|8|1|4|0|2|7|11|0|0|2|0
GA	Allmis	LTR	ERV4	SFV1-13_AMi-I	JH734158:99868-101351+	JH737439:86470-88420-	114	154	0	1031,1032,1038,1039,1042,1058,1060,1067,1068,1077,1094,1104,1107,1109,1111,1138,1146,1203,1241,1247,1254,1268,1272,1280,1282,1320,1335,1338,1342,178,180,182,187,200,202,203,204,205,215,217,219,23,233,269,271,310,321,323,324,326,33,35,353,36,366,367,372,38,383,392,393,395,407,414,415,432,434,435,436,515,543,558,561,573,615,67,771,796,807,835,872,881,883,890,891,893,968,969,970,976,983,997	1026,1027,1033,1034,1037,1053,1055,1062,1063,1072,1089,1099,1102,1104,1106,1133,1141,1198,1236,1242,1249,1263,1267,1275,1277,1315,1330,1333,1337,175,177,179,184,193,195,196,197,198,208,210,212,226,23,262,264,303,314,316,317,319,33,346,35,359,36,360,365,376,38,385,386,388,400,407,408,426,428,429,430,508,536,551,554,566,608,67,764,789,800,828,867,876,878,885,886,888,963,964,965,971,978,992	10	1,2,3,4,5,6,13,14,15,16,17,18,19,20,21,22,23,24,28,29,30,31,32,33,34,35,36,37,38,39,40,41,42,43,44,48,49,50,51,52,53,56,57,58,59,60,61,64,65,66,67,68,69,70,71,72,73,78,79,80,81,82,83,84,85,86,87,88,89,90,91,92,93,94,95,96,97,98,99,100,101,102,103,104,105,106,107,108,109,110,111,112	886	1315	1480	114|3|4|2|0|3|17|5|0|1|5|0
GA	Allmis	LTR	ERV4	SFV1-13_AMi-I	JH734158:99868-101351+	JH736990:97190-99315-	81	163	0	1031,1038,1039,1041,1042,1060,1077,1094,1104,1111,1246,1247,1264,1268,1272,148,151,157,160,173,175,207,215,217,219,225,226,227,233,250,252,255,257,269,271,890,891,893,930,947	1031,1038,1039,1041,1042,1060,1077,1094,1104,1111,1248,1249,1266,1270,1274,148,151,157,160,173,175,207,215,217,219,225,226,227,233,250,252,255,257,269,271,890,891,893,930,947	7	8,9,10,11,12,13,17,18,19,20,21,22,23,24,25,26,27,28,29,30,54,55,56,57,58,60,61,62,63,64,65,66,67,68,69,72,73,74,75,76	261	1127	1484	81|23|2|4|3|3|28|12|4|0|2|1
GA	Allmis	LTR	ERV4	SFV1-13_AMi-I	JH734158:99868-101351+	JH739617:371791-373996-	85	180	0	1247,1254,1256,1264,1268,1272,1282,219,225,226,227,230,573,603,605,607,609	1233,1240,1242,1250,1254,1258,1268,219,225,226,227,230,561,591,593,595,597	3	12,13,14,15,16,37,38,39,40,41,71,72,73,74,75,76,77	85	1050	1476	85|17|1|2|8|6|38|12|2|1|3|5
GA	Allmis	LTR	ERV4	SFV1-13_AMi-I	JH734158:99868-101351+	JH738206:39380-40456-	39	112	0	225,226,227,266,271,872,881,890,898,900,930	187,188,189,216,221,823,832,841,849,851,882	2	4,5,6,7,8,28,29,30,31,32,33	95	696	1078	39|14|3|1|0|3|36|12|1|1|2|0
GA	Allmis	LTR	ERV4	SFV1-13_AMi-I	JH734158:99868-101351+	JH737364:69084-70907-	78	139	0	1003,192,193,197,198,200,202,203,204,217,225,226,227,230,233,266,271,573,603,605,606,607,609,630,633,639,642,651,881,883,890,891,893,930,968,969,970,976,997	192,193,197,198,200,202,203,204,217,225,226,227,230,233,254,259,560,590,592,593,594,596,617,620,626,629,638,868,870,877,878,880,917,955,956,957,963,984,990	6	10,11,12,13,14,15,16,17,19,20,21,22,23,24,25,26,41,42,43,44,45,46,48,49,50,51,52,58,59,60,61,62,63,68,69,70,71,72,73	201	799	1117	78|12|2|3|1|1|21|8|1|2|6|2
GA	Allmis	LTR	ERV4	SFV1-13_AMi-I	JH734158:99868-101351+	JH735343:300293-301615+	84	133	0	1003,1038,1039,1041,1042,1058,1060,1067,1068,1077,1094,1104,1227,1233,1235,1236,1238,1241,1244,633,639,642,651,668,669,771,786,789,796,807,816,835,872,881,883,884,891,893,968,969,970,983	212,218,221,230,246,247,349,364,367,374,385,394,413,450,459,461,462,468,470,545,546,547,560,580,615,616,618,619,635,637,644,645,654,671,681,806,812,814,815,817,820,823	7	16,17,18,19,20,21,25,26,27,28,29,30,31,32,33,34,35,36,37,41,42,43,44,45,48,49,50,51,52,53,54,55,56,57,58,65,66,67,68,69,70,71	281	612	1019	84|15|3|3|4|4|6|8|1|0|2|2
GA	Allmis	LTR	ERV4	SFV1-13_AMi-I	JH734158:99868-101351+	JH734448:730001-732000-	64	136	0	129,366,367,372,392,393,395,396,573,603,605,606,607,609,84,87,96,99	129,354,355,361,381,382,384,385,562,592,594,595,596,598,84,87,96,99	3	6,7,8,9,10,27,28,29,30,31,32,33,39,40,41,42,43,44	115	515	1111	64|12|3|2|2|5|25|15|1|1|5|1
GA	Allmis	LTR	ERV4	SFV1-13_AMi-I	JH734158:99868-101351+	JH737047:67755-69165-	60	92	0	1003,1026,1032,1038,1039,1041,1042,630,633,639,642,651,653,868,881,883,884,890,968,969,970,976,983,996,997	207,210,216,219,228,230,445,458,460,461,467,545,546,547,553,560,573,574,580,603,609,615,616,618,619	4	15,16,17,18,19,20,30,31,32,33,34,42,43,44,45,46,47,48,49,51,52,53,54,55,56	100	413	701	60|10|2|2|0|1|5|8|0|1|2|1
GA	Allmis	LTR	ERV4	SFV1-13_AMi-I	JH734170:258906-260107-	JH736112:7666-9426+	101	184	0	174,176,177,179,192,21,22,23,35,38,40,41,52,764,766,767,769,773,865,866,871,886,895,896,898,899	174,176,177,179,192,21,22,23,35,38,40,41,52,748,750,751,753,757,849,850,855,870,879,880,882,883	4	1,2,3,4,5,6,7,8,19,20,21,22,23,71,72,73,74,75,85,86,87,88,89,90,91,92	96	863	1188	101|32|3|3|10|1|5|19|1|2|4|2
GA	Allmis	LTR	ERV4	SFV1-13_AMi-I	JH734170:258906-260107-	JH736990:97190-99315-	122	203	0	105,106,107,206,212,214,216,217,218,224,225,232,249,251,253,254,256,268,270,272,278,280,400,401,413,422,425,433,434,446,464,509,519,578,581,592,596,607,647,651,653,655,656,665,666,668,669,671,764,766,767,773,776,791,792,94,98	106,107,108,207,213,215,217,218,219,225,226,233,250,252,254,255,257,269,271,273,279,281,401,402,414,423,426,434,435,447,465,510,520,573,576,587,591,602,642,646,648,650,651,660,661,663,664,666,759,761,762,768,771,786,787,95,99	10	6,7,8,9,10,24,25,26,27,28,29,30,31,32,33,34,35,36,37,38,39,40,41,42,50,51,52,53,54,56,57,58,59,60,61,64,65,66,67,68,72,73,74,75,76,77,78,79,80,81,86,87,88,89,90,91,92	289	693	1194	122|29|1|7|6|2|10|16|3|2|3|2
GA	Allmis	LTR	ERV4	SFV1-13_AMi-I	JH734170:258906-260107-	JH739617:371791-373996-	108	184	0	20,206,21,218,22,224,225,229,23,265,270,272,278,280,34,38,40,400,401,406,41,413,422,431,433,434,435,446,463,464,52,578,581,592,596,607,647,651,653,655,656,764,766,767,769,773,792,865,866,871,886,888	207,21,219,22,225,226,23,230,24,254,259,261,267,269,35,389,39,390,395,402,41,411,42,420,422,423,424,435,452,453,53,561,564,575,579,590,630,634,636,638,639,744,746,747,749,753,772,845,846,851,866,868	9	1,2,3,4,5,6,7,8,9,21,22,23,24,25,29,30,31,32,33,42,43,44,45,46,47,48,49,50,51,52,53,59,60,61,62,63,67,68,69,70,71,79,80,81,82,83,84,93,94,95,96,97	232	848	1186	108|26|2|3|7|4|7|15|2|2|4|4
GA	Allmis	LTR	ERV4	SFV1-13_AMi-I	JH734170:258906-260107-	JH734448:730001-732000-	101	168	0	20,206,212,224,225,229,265,270,272,278,280,29,31,34,368,373,38,391,392,394,395,40,41,578,581,592,596,607,64,647,651,653,655,656,66,764,766,767,769,773,854,86,895,896,898,899,92,94,95,98	207,21,213,225,226,230,254,259,261,267,269,30,32,35,357,362,381,382,384,385,39,41,42,562,565,576,580,591,631,635,637,639,640,65,67,748,750,751,753,757,838,865,866,868,869,87,93,95,96,99	9	1,2,3,4,5,6,7,8,9,12,13,14,15,16,26,27,28,29,30,32,33,34,35,36,44,45,46,47,48,49,60,61,62,63,64,69,70,71,72,73,78,79,80,81,82,89,90,91,92,93	211	849	1114	101|23|3|3|5|1|5|17|1|3|5|1
GA	Allmis	LTR	ERV4	SFV1-13_AMi-LTR	JH731117:587081-587842-	JH738606:45170-45925+	30	79	0	221,222,223,225,235,510,520,541,553,565	216,217,218,220,228,504,514,535,547,559	2	6,7,8,9,10,19,20,21,22,23	69	344	758	30|3|0|0|1|1|8|3|1|1|4|2
GA	Allmis	LTR	ERV4	SFV1-13_AMi-I	JH734170:258906-260107-	JH737364:69084-70907-	126	214	0	1045,1048,1061,1073,1074,134,135,137,139,145,185,191,192,196,197,199,20,201,202,203,206,21,216,217,22,224,225,229,23,232,253,265,270,272,278,280,322,323,325,329,331,34,578,581,592,596,607,610,611,612,614,635,647,651,653,655,656,861,865,866,871,886,888,895,896,898,899,967,969,972,974,975,976	1026,1029,1042,1054,1055,135,136,138,140,146,186,192,193,197,198,200,202,203,204,207,21,217,218,22,225,226,23,230,233,24,242,254,259,261,267,269,311,312,314,318,320,35,560,563,574,578,589,592,593,594,596,617,629,633,635,637,638,843,847,848,853,868,870,877,878,880,881,948,950,953,955,956,957	12	1,2,3,4,5,14,15,16,17,18,21,22,23,24,25,26,27,28,29,30,31,32,33,34,35,36,37,38,39,40,41,42,43,44,45,46,47,65,66,67,68,69,70,71,72,73,74,76,77,78,79,80,101,102,103,104,105,106,107,108,109,110,114,115,116,117,118,119,122,123,124,125,126	313	1035	1120	126|30|3|4|3|1|6|19|3|5|7|5
GA	Allmis	LTR	ERV4	SFV1-13_AMi-LTR	JH731117:587081-587842-	JH734215:45816-46564+	34	77	0	601,603,605,617,622,679,693,698,716,718,719,720,726,727,728	588,590,592,604,609,666,680,685,703,705,706,707,713,714,715	2	19,20,21,22,23,25,26,27,28,29,30,31,32,33,34	72	128	743	34|3|0|1|1|1|6|3|0|0|1|1
GA	Allmis	LTR	ERV4	SFV1-13_AMi-LTR	JH731117:587081-587842-	JH732157:41448-42200+	34	80	0	599,601,603,605,622,699,714,719,726,727	590,592,594,596,613,690,705,710,717,718	2	22,23,24,25,26,30,31,32,33,34	53	129	745	34|3|0|1|2|1|5|5|0|0|2|1
GA	Allmis	LTR	ERV4	SFV1-13_AMi-LTR	JH731117:587081-587842-	JH735343:299021-299775+	50	94	0	599,601,603,605,617,622,675,679,693,716,718,719,726,727,728,735	592,594,596,598,610,615,668,672,686,709,711,712,719,720,721,728	2	33,34,35,36,37,38,41,42,43,44,45,46,47,48,49,50	85	137	746	50|3|2|1|1|1|2|4|0|1|3|1
GA	Allmis	LTR	ERV4	SFV1-13_AMi-LTR	JH731117:587081-587842-	JH733622:687916-688674-	60	105	0	119,122,124,128,136,295,296,298,309,310,375,387,391,395,397,399,401,599,601,603,605,622,669,679,730,732,735,751,752,753,98	116,119,121,125,135,292,293,295,306,307,372,384,388,392,394,396,398,596,598,600,602,619,666,676,727,729,732,748,749,750,98	5	5,6,7,8,9,10,22,23,24,25,26,31,32,33,34,35,36,37,48,49,50,51,52,53,54,55,56,57,58,59,60	237	653	759	60|3|0|1|1|1|2|5|0|1|4|0
GA	Allmis	LTR	ERV4	SFV1-13_AMi-LTR	JH731117:587081-587842-	JH735597:1032167-1032920+	55	99	0	136,149,151,162,168,290,295,296,298,309,409,417,443,453,466,471,595,601,603,605,622	138,151,153,164,170,292,297,298,300,311,410,418,444,454,467,472,588,594,596,598,615	4	4,5,6,7,8,16,17,18,19,20,27,28,29,30,31,32,40,41,42,43,44	144	478	752	55|5|0|1|2|0|3|4|1|0|1|1
GA	Allmis	LTR	ERV4	SFV1-13_AMi-LTR	JH731117:587081-587842-	JH737439:88420-89179-	46	103	0	221,222,223,225,235,343,345,352,353,354,356,595,599,601,603,605,622	218,219,220,222,230,338,340,347,348,349,351,593,597,599,601,603,620	3	12,13,14,15,16,20,21,22,23,24,25,39,40,41,42,43,44	55	403	760	46|5|0|0|2|5|3|7|0|2|6|2
GA	Allmis	LTR	ERV4	SFV1-13_AMi-I	JH734280:544561-547135-	JH739351:58757-60513-	47	126	0	1162,1163,1168,1189,1196,941,950,953,966,974	636,645,648,661,669,857,858,863,884,891	2	20,21,22,23,24,37,38,39,40,41	69	256	996	47|29|1|0|2|4|11|22|1|3|2|4
GA	Allmis	LTR	ERV4	SFV1-13_AMi-I	JH734280:544561-547135-	JH737633:135276-136813+	86	160	0	1019,1022,1023,1024,1047,1051,1061,1063,1064,1070,1076,1163,1168,1170,1186,1189,1192,509,521,522,523,529,875,878,889,893,904,941,944,948,950,952,962,963,965,966,974	213,225,226,227,233,573,576,587,591,602,639,642,646,648,650,660,661,663,664,672,717,720,721,722,745,749,759,761,762,768,774,861,866,868,884,887,890	6	1,2,3,4,5,30,31,32,33,34,36,37,38,39,40,41,42,43,44,45,47,48,49,50,51,52,53,54,55,56,57,64,65,66,67,68,69	174	678	1002	86|27|2|2|2|6|11|15|2|4|2|1
GA	Allmis	LTR	ERV4	SFV1-13_AMi-I	JH734280:544561-547135-	JH736112:7666-9426+	84	158	0	1061,1063,1064,1066,1070,1162,1163,1168,1183,1189,1192,1193,1195,1196,656,663,665,668,670,941,948,950,952,953,962,963,965,966,974	349,356,358,361,363,628,635,637,639,640,649,650,652,653,661,748,750,751,753,757,849,850,855,870,876,879,880,882,883	5	11,12,13,14,15,33,34,35,36,37,38,39,40,41,42,48,49,50,51,52,64,65,66,67,68,69,70,71,72	95	535	945	84|28|1|1|5|5|10|18|0|1|2|2
GA	Allmis	LTR	ERV4	SFV1-13_AMi-LTR	JH731117:587081-587842-	JH732391:381235-382001+	33	52	0	387,395,397,399,401,527,534,541,553,565,692,716,718,719,726,727,728,738	392,400,402,404,406,532,539,546,558,570,697,721,723,724,731,732,733,743	3	4,5,6,7,8,13,14,15,16,17,26,27,28,29,30,31,32,33	101	352	491	33|7|0|0|1|0|3|4|0|0|1|0
GA	Allmis	LTR	ERV4	SFV1-13_AMi-I	JH734280:544561-547135-	JH735459:207399-208878+	67	153	0	1061,1063,1064,1066,1070,1162,1163,1168,1174,1189,1196,690,697,698,710,719,722,875,878,889,893,904	382,389,390,402,411,414,561,564,575,579,590,747,749,750,752,756,841,842,847,853,868,875	4	13,14,15,16,17,18,23,24,25,26,27,39,40,41,42,43,51,52,53,54,55,56	108	494	945	67|33|3|2|3|6|13|17|1|2|3|3
GA	Allmis	LTR	ERV4	SFV1-13_AMi-I	JH734280:544561-547135-	JH737364:315692-316816-	72	154	0	1023,1024,1051,1061,1063,1064,1070,515,521,522,523,538,875,878,889,893,904,962,963,965,966,968,970	219,225,226,227,242,573,576,587,591,602,660,661,663,664,666,668,721,722,749,759,761,762,768	4	2,3,4,5,6,27,28,29,30,31,37,38,39,40,41,42,44,45,46,47,48,49,50	111	550	930	72|28|1|1|4|5|12|19|2|3|3|3
GA	Allmis	LTR	ERV4	SFV1-13_AMi-I	JH734280:544561-547135-	JH739720:39577-41375-	59	138	0	690,692,697,698,719,941,944,950,952,953,965,966,968,970,971	161,163,168,169,190,406,409,415,417,418,430,431,433,435,436	3	9,10,11,12,13,25,26,27,28,29,30,31,32,33,34	62	276	874	59|26|2|1|3|5|15|17|1|2|3|3
GA	Allmis	LTR	ERV4	SFV1-13_AMi-I	JH734280:544561-547135-	JH739617:371791-373996-	94	161	0	1019,1022,1023,1024,1051,1061,1063,1064,1066,1070,1076,1162,1163,1168,1183,1185,656,663,665,668,670,690,691,697,698,703,710,719,728,875,878,889,893,904,941,944,948,950,952,953	348,355,357,360,362,382,383,389,390,395,402,411,420,561,564,575,579,590,627,630,634,636,638,639,702,705,706,707,734,744,746,747,749,753,759,845,846,851,866,868	6	10,11,12,13,14,15,16,17,18,19,20,21,22,35,36,37,38,39,43,44,45,46,47,48,53,54,55,56,57,58,59,60,61,62,63,73,74,75,76,77	199	521	940	94|21|1|1|4|9|12|13|0|1|2|3
GA	Allmis	LTR	ERV4	SFV1-13_AMi-I	JH734280:544561-547135-	JH735031:227293-228440+	31	86	0	1051,1061,1063,1064,1070,1117,1118,1121,1122,1123	209,219,221,222,228,275,276,279,280,281	2	7,8,9,10,11,13,14,15,16,17	27	73	654	31|22|1|1|1|3|8|13|1|2|2|1
GA	Allmis	LTR	ERV4	SFV1-13_AMi-LTR	JH731117:587081-587842-	JH733438:131269-131742-	44	57	0	387,391,395,397,399,401,595,599,601,603,605,622,693,698,699,716,718,719,720,726,727,728,730,732,751,752	103,107,109,111,113,307,311,313,315,317,334,405,410,411,428,430,431,432,438,439,440,442,444,463,464,99	4	9,10,11,12,13,14,23,24,25,26,27,28,31,32,33,34,35,36,37,38,39,40,41,42,43,44	104	366	473	44|2|0|0|2|0|1|3|0|0|2|0
GA	Allmis	LTR	ERV4	SFV1-13_AMi-I	JH734280:544561-547135-	JH738247:100154-101411-	33	81	0	1023,1024,1051,1063,1064,1162,1163,1168,1189,1195,1196,1200	148,149,176,188,189,288,289,295,316,322,323,327	2	7,8,9,10,11,18,19,20,21,22,23,24	82	180	624	33|19|1|0|2|1|6|13|2|2|2|0
GA	Allmis	LTR	ERV4	SFV1-13_AMi-LTR	JH731117:587081-587842-	JH732651:36399-37165+	41	68	0	290,293,295,296,298,310,387,391,395,397,399,401,599,601,603,605,622	295,298,300,301,303,315,391,395,399,401,403,405,604,606,608,610,627	3	1,2,3,4,5,6,10,11,12,13,14,15,29,30,31,32,33	60	333	503	41|7|0|0|1|0|4|7|0|0|3|1
GA	Allmis	LTR	ERV4	SFV1-13_AMi-I	JH734280:544561-547135-	JH739633:30555-31415+	51	98	0	1051,1061,1063,1064,1070,962,963,965,966,968,970	655,656,658,659,661,663,746,756,758,759,765	2	29,30,31,32,33,34,39,40,41,42,43	29	111	666	51|18|1|0|3|4|9|8|1|1|0|2
GA	Allmis	LTR	ERV4	SFV1-13_AMi-I	JH734362:270705-271865-	JH736990:97190-99315-	75	132	0	1011,1017,1058,1060,1094,1096,1098,1099,538,540,546,548,549,854,863,904,909,940	1031,1033,1039,1041,1042,1340,1349,1390,1395,1426,1496,1502,1538,1540,1574,1576,1578,1579	3	34,35,36,37,38,57,58,59,60,61,62,63,64,65,66,67,68,69	253	549	1150	75|13|0|5|5|1|11|15|2|1|3|1
GA	Allmis	LTR	ERV4	SFV1-13_AMi-I	JH734362:270705-271865-	JH737633:135276-136813+	64	119	0	140,146,149,153,157,212,224,227,252,253,256,770,772,786,788,798,808,854,904,914,934,940	1256,1258,1272,1274,1284,1294,1340,1390,1400,1420,1426,633,639,642,646,650,705,717,720,745,746,749	4	5,6,7,8,9,13,14,15,16,17,18,44,45,46,47,48,49,55,56,57,58,59	189	794	1037	64|12|1|3|3|2|11|17|3|1|1|1
GA	Allmis	LTR	ERV4	SFV1-13_AMi-I	JH734362:270705-271865-	JH739617:371791-373996-	82	149	0	1094,1096,1098,1099,110,1108,1116,1119,112,1122,1127,1132,1133,114,1140,1148,116,467,473,475,476,491,770,772,780,786,788,80,94	1240,1242,1250,1256,1258,1558,1560,1562,1563,1572,1580,1583,1585,1591,1596,1597,1604,1612,561,575,591,593,595,597,944,950,952,953,968	5	8,9,10,11,12,13,37,38,39,40,41,53,54,55,56,57,70,71,72,73,74,75,76,77,78,79,80,81,82	137	1052	1151	82|13|1|3|5|4|17|18|1|1|3|1
GA	Allmis	LTR	ERV4	SFV1-13_AMi-I	JH734362:270705-271865-	JH737439:86470-88420-	101	153	0	1017,1032,1042,1054,1071,1094,1096,1098,1099,1108,1116,1119,1120,1122,1127,1132,1133,1140,1143,342,363,367,368,379,388,390,398,400,401,467,470,473,475,476,477,483,490,491,504,538,539,540,546,549,565,567,808,836,851,854,858,902,904,909,914,940	1026,1027,1028,1034,1037,1053,1055,1287,1315,1330,1333,1337,1381,1383,1388,1393,1419,1495,1510,1520,1527,1544,1567,1569,1571,1572,1581,1589,1592,1593,1595,1600,1605,1606,1613,1616,828,849,853,854,867,876,878,886,888,889,955,958,961,963,964,965,971,978,979,992	6	21,22,23,24,25,26,27,28,29,30,34,35,36,37,38,39,40,41,42,43,44,45,46,47,48,49,50,71,72,73,74,75,76,77,78,79,80,83,84,85,86,87,88,89,90,91,92,93,94,95,96,97,98,99,100,101	420	789	1140	101|6|3|4|2|2|12|15|2|1|5|0
GA	Allmis	LTR	ERV4	SFV1-13_AMi-I	JH734362:270705-271865-	JH735343:300293-301615+	122	173	0	1011,1017,1042,1054,1071,1089,1094,1096,1098,1099,1103,1108,1116,1119,1120,1122,1127,1132,1133,1136,1140,140,146,149,153,157,168,17,170,173,175,176,22,24,26,28,34,342,363,367,368,379,388,390,391,400,401,467,47,473,475,476,477,490,491,53,546,548,549,565,567,68,749,751,752,754,757,760,763,80,894,901,902,904,909,914,94,940,989	100,1003,1052,106,1073,1079,1104,1111,1128,1146,1151,1153,1155,1156,1160,1165,1173,1176,1177,1179,1184,1189,119,1190,1193,1197,125,140,152,166,212,218,221,225,229,239,241,244,246,247,413,434,438,439,450,459,461,462,470,471,537,543,545,546,547,560,561,616,618,619,635,637,812,814,815,817,820,823,826,89,94,957,96,964,965,967,972,977,98	11	1,2,3,4,5,6,7,8,9,10,11,15,16,17,18,19,20,21,22,23,24,40,41,42,43,44,45,46,47,48,49,52,53,54,55,56,57,58,62,63,64,65,66,80,81,82,83,84,85,86,92,93,94,95,96,97,98,100,101,102,103,104,105,106,107,108,109,110,111,112,113,114,115,116,117,118,119,120,121	431	1109	1148	122|8|3|5|5|5|3|13|2|0|3|3
GA	Allmis	LTR	ERV4	SFV1-13_AMi-I	JH734362:270705-271865-	JH734462:423974-425707-	44	77	0	140,146,149,153,157,224,227,252,253,256	622,628,631,635,639,706,709,734,735,738	2	10,11,12,13,14,18,19,20,21,22	51	117	624	44|8|0|1|4|1|5|11|2|0|1|0
GA	Allmis	LTR	ERV4	SFV1-13_AMi-I	JH734362:270705-271865-	JH734462:423974-425707-	30	45	0	1011,1017,1054,1058,1060,1094,1096,1098,1099,1108,752,754,757,760,763	1372,1374,1377,1380,1383,1630,1636,1663,1667,1669,1703,1705,1707,1708,1717	3	1,2,3,4,5,21,22,23,24,25,26,27,28,29,30	101	346	369	30|3|0|1|1|1|6|3|0|0|0|0
GA	Allmis	LTR	ERV4	SFV1-13_AMi-I	JH734362:270705-271865-	JH737047:67755-69165-	41	57	0	1011,1017,1058,1060,1071,1094,1096,1098,1099,1108,1116,1119,1127,1132,1133,1136,1140,1143,770,772,786,788,798,808,824,901,902,909,914,940	1007,1009,1019,1029,1045,1122,1123,1129,1134,1160,1230,1236,1272,1274,1285,1308,1310,1312,1313,1322,1330,1333,1339,1344,1345,1348,1352,1355,991,993	4	8,9,10,11,12,13,14,17,18,19,20,21,24,25,26,27,28,29,30,31,32,33,34,35,36,37,38,39,40,41	221	365	448	41|3|1|1|0|3|2|5|0|0|1|0
GA	Allmis	LTR	ERV4	SFV1-13_AMi-I	JH734362:443588-444212-	JH737047:67755-69165-	26	37	0	21,23,25,324,359,370,373,378,379,380,381,382,56,61	1005,1007,1009,1040,1045,1308,1341,1352,1355,1360,1361,1362,1363,1364	2	1,2,3,4,5,15,16,17,18,19,20,21,22,23	98	360	420	26|1|3|0|1|1|1|2|0|1|1|0
GA	Allmis	LTR	ERV4	SFV1-13_AMi-I	JH734362:443588-444212-	JH737364:69084-70907-	28	45	0	290,301,311,324,333,349,359,370,378,379,380,381,382	1685,1696,1706,1719,1728,1744,1754,1765,1773,1774,1775,1776,1777	2	13,14,15,16,17,18,19,20,21,22,23,24,25	94	93	421	28|4|2|0|2|1|2|2|0|1|3|0
GA	Allmis	LTR	ERV4	SFV1-13_AMi-I	JH734362:443588-444212-	JH737439:86470-88420-	26	49	0	268,280,284,301,324,349,359,370,373,378,379,381	1510,1523,1527,1544,1567,1592,1602,1613,1616,1621,1622,1624	2	12,13,14,15,16,17,18,19,20,21,22,23	116	115	435	26|2|2|1|2|2|5|4|0|1|2|2
GA	Allmis	LTR	ERV4	SFV1-13_AMi-LTR	JH731117:862322-863043+	JH737242:1129367-1130125-	31	65	0	157,163,217,218,220,571,574,579,581,611	159,165,219,220,222,592,595,600,602,632	2	7,8,9,10,11,26,27,28,29,30	105	474	739	31|9|1|2|2|3|4|10|1|0|1|1
GA	Allmis	LTR	ERV4	SFV1-13_AMi-LTR	JH731117:862322-863043+	JH738772:94377-95140-	40	68	0	100,18,242,244,251,255,289,296,36,369,370,372,379,383,40,68,74	102,18,248,250,257,261,295,302,36,374,375,377,385,389,40,68,74	3	1,2,3,4,5,6,12,13,14,15,16,17,20,21,22,23,24	156	372	737	40|6|2|3|2|3|4|7|1|0|0|0
GA	Allmis	LTR	ERV4	SFV1-13_AMi-I	JH734448:730001-732000-	JH737364:69084-70907-	91	201	0	1747,1751,1764,1766,1770,192,193,197,198,200,202,203,204,817,818,824,856,858,922,935,936,938,944,945,951,972	1757,1761,1774,1776,1780,192,193,197,198,200,202,203,204,815,816,822,868,870,934,947,948,950,956,957,963,984	4	11,12,13,14,15,16,17,18,36,37,38,39,40,41,42,43,44,45,46,47,48,84,85,86,87,88	208	1589	1809	91|22|2|1|5|3|44|13|2|2|10|4
GA	Allmis	LTR	ERV4	SFV1-13_AMi-I	JH734448:730001-732000-	JH737047:67755-69165-	92	171	0	1001,1007,1008,1014,1016,1017,1172,1174,1176,1186,1201,1213,1214,1225,1227,1237,1238,1520,1521,1527,1528,1533,1747,1751,1758,1764,1766,1770,1780,1784,1785,650,653,655,657,658,824,843,856,858,859,935,936,938,944,945,951,958,971,972	1122,1123,1128,1129,1134,1344,1348,1355,1361,1363,1367,1377,1381,1382,238,241,243,245,246,412,445,458,460,461,537,538,540,546,547,553,560,573,574,603,609,610,616,618,619,774,776,778,788,803,815,816,827,829,839,840	7	12,13,14,15,16,23,24,25,26,27,31,32,33,34,35,36,37,38,39,41,42,43,44,45,46,53,54,55,56,57,58,59,60,61,62,63,74,75,76,77,78,84,85,86,87,88,89,90,91,92	233	1145	1397	92|15|2|3|3|4|26|15|1|0|6|4
GA	Allmis	LTR	ERV4	SFV1-13_AMi-LTR	JH731117:862322-863043+	JH731638:70993-71749+	35	72	0	242,244,247,289,296,369,370,372,379,383	243,245,248,290,297,369,370,372,381,385	2	8,9,10,11,12,17,18,19,20,21	72	143	738	35|8|0|1|4|2|5|12|1|1|1|2
GA	Allmis	LTR	ERV4	SFV1-13_AMi-LTR	JH731117:862322-863043+	JH732157:41448-42200+	37	77	0	242,244,255,289,296,575,577,579,581,598	247,249,260,294,301,590,592,594,596,613	2	12,13,14,15,16,31,32,33,34,35	79	367	666	37|9|2|1|3|3|7|8|1|0|3|3
GA	Allmis	LTR	ERV4	SFV1-13_AMi-I	JH734448:730001-732000-	JH736990:97190-99315-	50	130	0	1006,1008,1014,1016,1017,140,148,151,157,159,160,170,192,193,204,215,217,218,219	1031,1033,1039,1041,1042,140,148,151,157,159,160,170,192,193,204,215,217,218,219	2	7,8,9,10,11,12,13,14,15,16,17,18,19,20,43,44,45,46,47	92	903	1111	50|15|1|2|5|0|44|5|2|1|3|2
GA	Allmis	LTR	ERV4	SFV1-13_AMi-I	JH734448:730001-732000-	JH737439:86470-88420-	73	152	0	1006,1007,1008,1014,1017,157,159,185,186,187,399,400,401,404,415,421,817,824,847,856,858,935,936,938,944,945,951,958,972	1026,1027,1028,1034,1037,157,159,182,183,184,403,404,405,408,420,426,821,828,867,876,878,955,956,958,964,965,971,978,992	5	9,10,11,12,13,29,30,31,32,33,34,47,48,49,50,51,54,55,56,57,58,59,60,61,62,63,64,65,66	194	881	1109	73|13|3|3|6|1|28|11|1|3|9|1
GA	Allmis	LTR	ERV4	SFV1-13_AMi-I	JH734448:730001-732000-	JH735343:300293-301615+	53	93	0	415,421,423,424,425,499,504,516,529,553,622,649,650,653,655,657,658,817,824,847,856,858,859,935,936,944,945,958	106,11,119,13,14,143,15,212,239,240,243,245,247,248,406,413,450,459,461,462,5,537,538,546,547,560,89,94	5	1,2,3,4,5,11,12,13,14,15,17,18,19,20,21,22,23,32,33,34,35,36,37,39,40,41,42,43	184	556	695	53|12|1|1|6|1|6|7|0|0|3|2
GA	Allmis	LTR	ERV4	SFV1-13_AMi-I	JH734448:730001-732000-	JH735343:300293-301615+	41	75	0	1362,1363,1368,1370,1371,1373,1381,1513,1520,1521,1523,1527,1528,1533,1684,1702,1716,1747,1751,1780,1781,1784,1785,1786,1807,1809,1810	1128,1146,1160,1189,1193,1222,1223,1226,1227,1228,1249,1251,1252,806,807,812,814,815,817,825,957,964,965,967,971,972,977	4	5,6,7,8,9,10,11,13,14,15,16,17,18,19,25,26,27,28,29,30,31,32,33,34,35,36,37	167	447	565	41|7|0|3|0|1|11|4|1|0|3|4
GA	Allmis	LTR	ERV4	SFV1-13_AMi-I	JH734462:423974-425707-	JH737364:69084-70907-	90	180	0	1181,1187,1189,1191,1193,1212,159,1677,1680,1682,1690,1712,186,192,193,197,198,200,202,203,204,217,218,22,23,24,25,64,67,952,953,955,958,960,961,962	1176,1182,1184,1186,1188,1207,159,1693,1696,1698,1706,1728,186,192,193,197,198,200,202,203,204,217,218,22,23,24,25,64,67,947,948,950,953,955,956,957	5	1,2,3,4,5,6,12,13,14,15,16,17,18,19,20,21,22,23,50,51,52,53,54,55,56,62,63,64,65,66,67,86,87,88,89,90	185	1707	1741	90|11|3|1|3|3|43|12|1|1|6|4
GA	Allmis	LTR	ERV4	SFV1-13_AMi-I	JH734462:423974-425707-	JH737047:67755-69165-	67	115	0	1001,1018,1024,1025,1030,1031,1033,1034,1174,1181,1189,1191,1193,1203,1210,1212,1230,1242,1244,1254,1255,1257,952,953,955,958,960,961,962,988,989	537,538,540,543,545,546,547,573,574,586,603,609,610,615,616,618,619,759,766,774,776,778,788,795,797,815,827,829,839,840,842	2	18,19,20,21,22,23,24,25,26,27,28,29,30,31,32,33,34,38,39,40,41,42,43,44,45,46,47,48,49,50,51	167	306	1328	67|6|1|0|1|2|18|8|0|0|8|4
GA	Allmis	LTR	ERV4	SFV1-13_AMi-I	JH734462:423974-425707-	JH736990:97190-99315-	56	142	0	1023,1025,1030,1031,1033,1034,148,151,157,159,160,170,173,175,183,186,192,193,204,213,215,217,218,233	1031,1033,1038,1039,1041,1042,148,151,157,159,160,170,173,175,183,186,192,193,204,213,215,217,218,233	3	9,10,11,12,13,14,15,16,17,18,19,20,21,22,23,24,25,26,50,51,52,53,54,55	99	895	1120	56|17|0|4|2|3|36|19|2|0|2|1
GA	Allmis	LTR	ERV4	SFV1-13_AMi-I	JH734462:423974-425707-	JH737439:86470-88420-	54	113	0	1023,1024,1025,1030,1031,1034,341,354,355,360,371,380,381,383,395,398,399,400,402,403,419,952,953,955,958,960,961,962,989	1026,1027,1028,1033,1034,1037,346,359,360,365,376,385,386,388,400,403,404,405,407,408,426,955,956,958,961,963,964,965,992	4	4,5,6,7,8,9,10,11,12,13,14,15,16,17,18,37,38,39,40,41,42,43,44,45,46,47,48,49,50	166	692	870	54|7|2|2|1|1|22|13|0|3|7|1
GA	Allmis	LTR	ERV4	SFV1-13_AMi-I	JH734462:423974-425707-	JH735343:300293-301615+	37	78	0	1030,1031,1033,1034,1060,1069,952,953,958,960,961,962	537,538,543,545,546,547,615,616,618,619,645,654	2	23,24,25,26,27,28,32,33,34,35,36,37	51	118	670	37|7|3|1|4|2|9|8|0|0|4|2
GA	Allmis	LTR	ERV4	SFV1-13_AMi-I	JH734488:248625-249461+	JH737439:86470-88420-	31	68	0	314,315,319,320,322,372,373,374,375,383	1648,1649,1653,1654,1656,1709,1710,1711,1712,1722	2	17,18,19,20,21,24,25,26,27,28	23	75	612	31|5|0|4|5|7|5|6|0|1|1|3
GA	Allmis	LTR	ERV4	SFV1-13_AMi-I	JH734488:248625-249461+	JH735343:300293-301615+	31	48	0	104,189,193,210,228,242,297,300,304,305,308,309,314,315,319,320,322,39,46,53,54,94	1012,1022,1107,1111,1128,1146,1160,1215,1218,1222,1223,1226,1227,1232,1233,1237,1238,1240,957,964,971,972	3	1,2,3,4,5,6,10,11,12,13,14,16,17,18,19,20,21,22,23,24,25,26	146	284	406	31|1|0|0|1|4|1|3|1|0|0|6
GA	Allmis	LTR	ERV4	SFV1-13_AMi-I	JH734488:248625-249461+	JH735343:301613-301968+	23	33	0	516,517,518,519,520,759,775,778,787,796,804	278,294,297,306,315,323,35,36,37,38,39	2	2,3,4,5,6,16,17,18,19,20,21	51	289	349	23|3|0|0|1|1|5|0|0|0|0|0
GA	Allmis	LTR	ERV4	SFV1-13_AMi-I	JH734654:949613-949857-	JH739617:371791-373996-	18	33	0	100,106,116,131,65,81,84,90,92,99	2027,2043,2046,2052,2054,2061,2062,2068,2078,2093	1	2,3,4,5,6,7,8,9,10,11	67	67	241	18|3|0|2|0|0|1|0|0|0|0|0
GA	Allmis	LTR	ERV4	SFV1-13_AMi-I	JH734654:949857-950670-	JH738777:1497300-1499481-	42	89	0	470,478,483,504,506,508,526,528,532,568,571,581,583,585,686,689,690,691,692	1502,1510,1515,1536,1538,1540,1558,1560,1563,1600,1603,1613,1615,1617,1719,1722,1723,1724,1725	3	11,12,13,14,15,16,17,18,19,21,22,23,24,25,31,32,33,34,35	87	224	800	42|6|0|2|1|4|20|5|2|1|2|4
GA	Allmis	LTR	ERV4	SFV1-13_AMi-I	JH734654:949857-950670-	JH737439:86470-88420-	50	67	0	134,142,147,159,178,185,199,203,211,213,317,319,323,324,329,478,481,483,504,506,508,526,528,530,532,537,55,63,67	1133,1141,1145,1198,1206,1211,1223,1242,1249,1263,1267,1275,1277,1381,1383,1387,1388,1393,1541,1544,1546,1567,1569,1571,1589,1591,1593,1595,1600	4	6,7,8,9,10,11,12,14,15,16,17,18,19,26,27,28,29,30,37,38,39,40,41,42,43,44,45,46,47	200	468	551	50|2|0|0|0|1|8|2|0|2|2|0
GA	Allmis	LTR	ERV4	SFV1-13_AMi-I	JH734654:949857-950670-	JH739720:39577-41375-	32	62	0	452,470,481,483,508,513,526,528,532,537,568,571,580,581,583,585,586	1442,1460,1471,1473,1498,1503,1516,1518,1522,1527,1558,1561,1570,1571,1573,1575,1576	2	13,14,15,16,17,18,19,20,21,22,26,27,28,29,30,31,32	105	135	487	32|7|0|0|2|3|11|4|0|1|2|0
GA	Allmis	LTR	ERV4	SFV1-13_AMi-I	JH734654:949857-950670-	JH735343:300293-301615+	77	112	0	166,167,169,172,175,309,317,319,323,324,329,478,481,483,499,504,506,508,513,526,528,530,532,537,568,571,575,576,579,580,581,583,585,586,602,604,605,606,610,636,639,640,647,651,654	1125,1128,1130,1146,1151,1153,1155,1160,1173,1175,1177,1179,1184,1215,1218,1222,1223,1226,1227,1228,1230,1232,1233,1249,1251,1252,1253,1257,1278,1281,1282,1289,1293,1296,814,815,817,820,823,957,965,967,971,972,977	6	14,15,16,17,18,27,28,29,30,31,32,41,42,43,44,45,46,47,48,49,50,51,52,53,57,58,59,60,61,62,63,64,65,66,67,68,69,70,71,72,73,74,75,76,77	175	483	671	77|7|0|4|2|2|8|5|1|2|2|2
GA	Allmis	LTR	ERV4	SFV1-13_AMi-I	JH734654:949857-950670-	JH737047:67755-69165-	40	56	0	169,172,175,178,185,187,199,203,211,213,226,234,504,506,508,526,528,537	1005,1009,1017,1019,1032,1040,1308,1310,1312,1330,1332,1339,975,978,981,984,991,993	2	4,5,6,7,8,9,10,11,12,13,14,15,31,32,33,34,35,36	98	365	448	40|5|0|0|0|3|3|3|0|1|1|0
GA	Allmis	LTR	ERV4	SFV1-13_AMi-I	JH734654:949857-950670-	JH737364:69084-70907-	52	77	0	199,203,211,213,226,470,478,481,483,491,504,506,508,513,526,528,530,532,579,580,581,583,585,586	1415,1419,1427,1429,1442,1685,1693,1696,1698,1706,1719,1721,1723,1728,1741,1743,1745,1747,1794,1795,1796,1798,1800,1801	3	11,12,13,14,15,28,29,30,31,32,33,34,35,36,37,38,39,40,47,48,49,50,51,52	99	387	482	52|8|1|0|2|3|4|4|0|1|2|0
GA	Allmis	LTR	ERV4	SFV1-13_AMi-I	JH734654:950883-951658-	JH735459:207399-208878+	41	84	0	23,25,364,391,392,404,413,416,42,53,67,69,84,86	23,25,362,389,390,402,411,414,42,53,65,67,82,84	2	1,2,3,4,5,6,7,8,20,21,22,23,24,25	115	392	772	41|12|3|1|3|2|8|6|0|2|1|0
GA	Allmis	LTR	ERV4	SFV1-13_AMi-LTR	JH731129:315804-316527+	JH734735:652264-652991+	33	50	0	118,120,157,219,220,223,233,245,247,265,291,292,294,305,371	121,123,160,221,222,225,235,250,252,270,296,297,299,310,374	2	6,7,8,9,10,11,12,13,14,15,16,17,18,19,20	255	254	725	33|4|1|2|1|0|1|4|0|0|0|0
GA	Allmis	LTR	ERV4	SFV1-13_AMi-LTR	JH731129:315804-316527+	JH737364:67877-68602-	47	68	0	157,159,205,219,220,223,233,245,247,250,470,484,487,491,495,538,560,563,584,590,597	157,159,205,218,219,222,232,247,249,252,472,490,493,497,501,540,562,565,586,592,599	3	3,4,5,6,7,8,9,10,11,12,28,29,30,31,32,34,35,36,37,38,39	186	443	724	47|5|1|2|0|1|1|3|1|1|0|1
GA	Allmis	LTR	ERV4	SFV1-13_AMi-LTR	JH731129:315804-316527+	JH738206:37267-37987-	43	76	0	118,120,124,159,205,292,294,305,306,371,372,382,390,395,398,402,522,545,563,579,584	118,120,124,151,197,286,288,299,300,365,366,376,384,389,392,396,516,543,561,577,582	3	5,6,7,8,9,12,13,14,15,16,17,18,19,20,21,22,32,33,34,35,36	258	465	719	43|4|0|4|3|1|1|5|2|0|0|1
GA	Allmis	LTR	ERV4	SFV1-13_AMi-I	JH734654:950883-951658-	JH738206:39380-40456-	35	77	0	362,364,373,386,404,413,416,723,739,749,751,758	322,324,333,346,364,373,376,684,700,710,712,719	2	10,11,12,13,14,15,16,30,31,32,33,34	91	398	735	35|9|3|0|3|2|10|7|0|2|1|0
GA	Allmis	LTR	ERV4	SFV1-13_AMi-I	JH734654:950883-951658-	JH738596:14080-15730-	46	100	0	180,182,185,188,189,22,23,24,25,32,35,36,362,364,383,385,386,53,89	178,180,183,186,187,22,23,24,25,32,35,36,360,362,381,383,384,53,87	3	1,2,3,4,5,6,7,8,9,11,12,13,14,15,26,27,28,29,30	101	363	772	46|12|5|0|4|2|7|9|0|2|1|2
GA	Allmis	LTR	ERV4	SFV1-13_AMi-I	JH734654:950883-951658-	JH736112:7666-9426+	64	101	0	138,140,142,155,161,19,227,228,229,23,232,235,24,242,25,263,269,36,39,41,42,53,620,629,636,640,641,651,653,81,86	135,137,139,152,158,19,22,226,227,228,23,231,234,24,241,262,268,35,38,40,41,52,619,628,635,639,640,649,651,78,83	4	1,2,3,4,5,6,7,8,9,10,11,12,13,14,15,16,21,22,23,24,25,26,27,28,50,51,52,53,54,55,56	217	633	772	64|10|3|0|2|3|6|7|1|0|0|0
GA	Allmis	LTR	ERV4	SFV1-13_AMi-I	JH734654:950883-951658-	JH737633:135276-136813+	50	95	0	215,227,228,229,235,261,263,269,623,629,632,636,640,651,653,735,739,749,751,758	213,225,226,227,233,271,273,279,633,639,642,646,650,660,662,745,749,759,761,768	3	8,9,10,11,12,13,14,15,35,36,37,38,39,40,41,45,46,47,48,49	121	556	778	50|10|4|2|1|2|10|6|3|1|1|0
GA	Allmis	LTR	ERV4	SFV1-13_AMi-I	JH734654:950883-951658-	JH736990:97190-99315-	72	109	0	108,109,110,142,150,153,159,161,162,175,185,188,194,215,217,219,220,221,227,228,229,235,245,247,362,364,391,392,404,413,416,623,636,640,641,650,651,653,86,97	106,107,108,140,148,151,157,159,160,173,183,186,192,213,215,217,218,219,225,226,227,233,255,257,372,374,401,402,414,423,426,633,646,650,651,660,661,663,84,95	5	5,6,7,8,9,10,11,12,13,14,15,16,17,18,19,20,21,22,23,24,25,26,27,28,29,30,40,41,42,43,44,45,46,59,60,61,62,63,64,65	262	580	778	72|9|4|1|2|3|6|5|1|1|0|0
GA	Allmis	LTR	ERV4	SFV1-13_AMi-I	JH734654:950883-951658-	JH737364:69084-70907-	75	124	0	135,138,140,142,159,194,199,200,202,204,205,219,22,220,227,228,229,23,232,235,24,25,261,263,269,35,386,391,392,416,422,581,593,595,596,597,623,629,632,636,640,641	133,136,138,140,157,192,197,198,200,202,203,217,218,22,225,226,227,23,230,233,24,25,259,261,267,35,384,389,390,413,419,578,590,592,593,594,620,626,629,633,637,638	6	1,2,3,4,5,11,12,13,14,15,18,19,20,21,22,23,24,25,26,27,28,29,30,31,32,33,41,42,43,44,45,56,57,58,59,60,62,63,64,65,66,67	187	617	771	75|12|4|1|2|3|6|8|1|2|2|1
GA	Allmis	LTR	ERV4	SFV1-13_AMi-I	JH734654:950883-951658-	JH739720:39577-41375-	24	58	0	375,386,391,392,413,629,632,640,641,653,659	152,163,168,169,190,406,409,417,418,430,436	2	3,4,5,6,7,16,17,18,19,20,21	70	285	546	24|10|3|0|2|1|3|7|0|2|0|0
GA	Allmis	LTR	ERV4	SFV1-13_AMi-I	JH734654:950883-951658-	JH737439:86470-88420-	56	89	0	295,300,311,314,316,320,362,364,373,382,383,385,391,392,397,400,401,402,404,405,413,416,422,424,425,426	298,303,314,317,319,323,365,367,376,385,386,388,394,395,400,403,404,405,407,408,417,420,426,428,429,430	3	5,6,7,8,9,10,15,16,17,18,19,20,21,22,23,24,25,26,27,28,29,30,31,32,33,34	93	133	535	56|5|3|1|2|1|4|7|0|3|2|0
GA	Allmis	LTR	ERV4	SFV1-13_AMi-I	JH734654:950883-951658-	JH737047:67755-69165-	37	58	0	500,505,507,509,511,517,530,536,551,563,577,623,629,632,636,640,641,643,735,739,749,751,754	104,117,123,138,150,164,210,216,219,223,227,228,230,322,326,336,338,341,87,92,94,96,98	4	6,7,8,9,10,11,12,13,14,15,16,19,20,21,22,23,24,25,32,33,34,35,36	120	255	362	37|3|1|2|2|2|1|4|0|0|1|0
GA	Allmis	LTR	ERV4	SFV1-13_AMi-I	JH734759:80504-81508+	JH737364:315692-316816-	40	93	0	562,576,580,587,598,628,637,639,640,649,650,652,655,657	573,587,591,598,609,639,648,650,651,660,661,663,666,668	2	15,16,17,18,19,20,21,22,23,24,25,26,27,28	97	96	1009	40|10|1|3|2|1|15|11|1|3|1|3
GA	Allmis	LTR	ERV4	SFV1-13_AMi-I	JH734759:80504-81508+	JH738596:14080-15730-	59	119	0	179,181,184,187,188,22,23,24,32,35,53	178,180,183,186,187,22,23,24,32,35,53	2	1,2,3,4,5,6,10,11,12,13,14	42	166	1003	59|15|4|2|3|2|11|13|0|1|1|2
GA	Allmis	LTR	ERV4	SFV1-13_AMi-I	JH734759:80504-81508+	JH738206:39380-40456-	51	101	0	628,637,649,650,652,658,861,870,879,883,887,889	590,599,611,612,614,620,823,832,841,845,849,851	2	24,25,26,27,28,29,42,43,44,45,46,47	60	262	965	51|10|3|0|2|3|15|11|0|2|1|2
GA	Allmis	LTR	ERV4	SFV1-13_AMi-I	JH734759:80504-81508+	JH736112:7666-9426+	78	123	0	139,141,154,160,174,176,178,179,181,183,226,227,228,231,234,24,262,268,318,319,322,39,41,42,53,592,594,596,598,628,635,637,639,640,649,650,652,870,879,880,882,883	137,139,152,158,172,174,176,177,179,181,226,227,228,23,231,234,262,268,318,319,322,38,40,41,52,592,594,596,598,628,635,637,639,640,649,650,652,870,879,880,882,883	6	1,2,3,4,5,9,10,11,12,13,14,15,16,17,18,20,21,22,23,24,26,27,28,29,30,44,45,46,47,48,49,50,51,52,53,54,55,68,69,70,71,72	220	861	1004	78|12|2|0|3|1|10|12|0|1|1|1
GA	Allmis	LTR	ERV4	SFV1-13_AMi-I	JH734759:80504-81508+	JH735997:352974-353999-	49	101	0	349,356,361,363,381,504,506,508,510,535,550	261,268,273,275,293,416,418,420,422,447,462	2	9,10,11,12,13,18,19,20,21,22,23	80	202	916	49|12|3|2|1|2|14|9|0|3|2|3
GA	Allmis	LTR	ERV4	SFV1-13_AMi-I	JH734759:80504-81508+	JH737364:69084-70907-	98	150	0	134,136,139,141,158,193,194,198,199,201,203,204,218,219,226,227,228,231,234,385,390,391,421,423,424,425,562,576,580,587,592,594,595,596,598,622,628,631,635,637,639,640,870,872,879,880,882,883,936,943,949,950,952,955,957,959,965,973,986	133,135,138,140,157,192,193,197,198,200,202,203,217,218,225,226,227,230,233,384,389,390,419,421,422,423,560,574,578,585,590,592,593,594,596,620,626,629,633,635,637,638,868,870,877,878,880,881,934,941,947,948,950,953,955,957,963,971,984	8	11,12,13,14,15,18,19,20,21,22,23,24,25,26,27,28,29,30,31,42,43,44,45,46,47,48,53,54,55,56,57,58,59,60,61,62,63,64,65,66,67,68,81,82,83,84,85,86,88,89,90,91,92,93,94,95,96,97,98	253	852	1003	98|13|2|1|2|1|8|11|1|2|4|4
GA	Allmis	LTR	ERV4	SFV1-13_AMi-I	JH734759:80504-81508+	JH739617:371791-373996-	89	145	0	260,262,268,299,319,390,391,396,403,412,562,576,580,587,592,594,596,598,628,631,635,637,639,640,650,930,949,950,955,957,973	259,261,267,298,318,389,390,395,402,411,561,575,579,586,591,593,595,597,627,630,634,636,638,639,649,925,944,945,950,952,968	5	25,26,27,28,29,34,35,36,37,38,51,52,53,54,55,56,57,58,59,60,61,62,63,64,65,84,85,86,87,88,89	217	710	1001	89|11|1|2|5|4|16|12|0|0|2|2
GA	Allmis	LTR	ERV4	SFV1-13_AMi-I	JH734759:80504-81508+	JH739633:30555-31415+	35	84	0	576,587,596,598,622,631,635,637,649,650,652,655,657,658	582,593,602,604,628,637,641,643,656,657,659,662,665,666	1	12,13,14,15,16,17,18,19,20,21,22,23,24,25	85	85	856	35|13|0|1|3|1|13|11|2|2|1|1
GA	Allmis	LTR	ERV4	SFV1-13_AMi-I	JH734759:80504-81508+	JH736990:97190-99315-	85	141	0	100,107,108,109,141,149,152,158,160,161,171,174,176,184,187,193,194,214,216,218,219,220,260,262,268,310,312,322,562,576,580,587,596,598,622,635,637,639,640,649,650,652,655,85	106,107,108,140,148,151,157,159,160,170,173,175,183,186,192,193,213,215,217,218,219,271,273,279,321,323,333,573,587,591,598,607,609,633,646,648,650,651,660,661,663,666,84,99	5	4,5,6,7,8,9,10,11,12,13,14,15,16,17,18,19,20,21,22,23,24,25,26,31,32,33,34,35,36,52,53,54,55,56,57,58,59,60,61,62,63,64,65,66	295	583	1006	85|15|0|4|4|2|13|11|1|2|3|0
GA	Allmis	LTR	ERV4	SFV1-13_AMi-I	JH734759:80504-81508+	JH737439:86470-88420-	82	128	0	299,310,312,313,315,319,349,355,356,361,363,372,381,382,399,400,401,403,404,412,421,535,547,550,562,576,580,587,861,870,872,879,880,882,883,949,950,952,955,957,959,965,972,973,986	303,314,316,317,319,323,353,359,360,365,367,376,385,386,403,404,405,407,408,417,426,539,551,554,566,580,584,591,867,876,878,885,886,888,889,955,956,958,961,963,965,971,978,979,992	6	5,6,7,8,9,10,12,13,14,15,16,17,18,19,23,24,25,26,27,28,29,39,40,41,42,43,44,45,63,64,65,66,67,68,69,73,74,75,76,77,78,79,80,81,82	193	690	760	82|8|3|1|1|2|12|10|0|2|4|2
GA	Allmis	LTR	ERV4	SFV1-13_AMi-I	JH734802:248341-249679-	JH736990:97190-99315-	69	102	0	12,156,158,16,163,164,166,167,18,613,625,66,661,663,676,697,699,701,72,764,783,791,795,797,798,799,803,805,807,808,820,826	1031,1033,1038,1039,1041,1042,1490,1502,1538,1540,1553,1574,1576,1578,1641,1660,1668,1672,1674,1675,1676,1680,1682,1684,1685,1696,1702,887,891,893,941,947	4	1,2,3,4,5,9,10,11,12,13,14,43,44,45,46,47,48,49,50,57,58,59,60,61,62,63,64,65,66,67,68,69	224	816	843	69|8|1|3|2|1|2|8|2|1|4|1
GA	Allmis	LTR	ERV4	SFV1-13_AMi-I	JH734802:248341-249679-	JH737633:135276-136813+	50	82	0	246,263,275,278,281,287,529,543,574,586,613,625,640,66,91,93,94,95	1121,1138,1150,1153,1156,1164,1406,1420,1451,1463,1490,1502,1517,941,966,968,969,970	3	3,4,5,6,7,13,14,15,16,17,18,44,45,46,47,48,49,50	186	577	661	50|7|1|3|2|1|4|9|2|1|1|1
GA	Allmis	LTR	ERV4	SFV1-13_AMi-I	JH734802:248341-249679-	JH737439:86470-88420-	81	111	0	156,157,158,163,164,167,183,185,219,229,232,234,236,263,271,275,281,287,511,513,517,518,523,625,640,653,657,66,674,676,697,699,701,711,719,721,723,725,730,735,743,746,85,86,88,91,93,94,95	1026,1027,1028,1033,1034,1037,1053,1055,1089,1099,1102,1104,1106,1133,1141,1145,1151,1158,1381,1383,1387,1388,1393,1495,1510,1523,1527,1544,1546,1567,1569,1571,1581,1589,1591,1593,1595,1600,1605,1613,1616,936,955,956,958,961,963,964,965	6	3,4,5,6,7,8,9,10,15,16,17,18,19,20,21,22,26,27,28,29,30,32,33,34,35,36,57,58,59,60,61,64,65,66,67,68,69,70,71,72,73,74,75,76,77,78,79,80,81	239	681	725	81|4|1|2|0|2|7|9|0|1|3|1
GA	Allmis	LTR	ERV4	SFV1-13_AMi-I	JH734802:248341-249679-	JH735343:300293-301615+	86	119	0	163,164,166,167,183,185,192,193,202,263,271,275,278,281,287,503,510,511,513,517,518,523,598,613,625,653,657,674,676,692,697,699,701,706,711,719,721,723,725,730,735,739,743,85,86,91,93,94,95	1052,1067,1079,1107,1111,1128,1130,1146,1151,1153,1155,1160,1165,1173,1175,1177,1179,1184,1189,1193,1197,537,538,543,545,546,547,615,616,618,619,635,637,644,645,654,715,723,727,730,733,741,957,964,965,967,971,972,977	5	3,4,5,6,7,8,14,15,16,17,18,19,20,21,22,26,27,28,29,30,31,55,56,57,58,59,60,61,65,66,67,68,69,70,71,72,73,74,75,76,77,78,79,80,81,82,83,84,85	245	661	736	86|7|1|3|2|4|3|9|0|1|1|2
GA	Allmis	LTR	ERV4	SFV1-13_AMi-I	JH734802:248341-249679-	JH739720:39577-41375-	40	69	0	674,676,701,706,711,719,721,725,730,735,739,743,761,764,773,774,776,778,779,783,791	1471,1473,1498,1503,1508,1516,1518,1522,1527,1532,1536,1540,1558,1561,1570,1571,1573,1575,1576,1580,1588	2	20,21,22,23,24,25,26,27,28,29,30,31,32,33,34,35,36,37,38,39,40	119	118	487	40|6|2|0|1|4|6|8|0|1|1|0
GA	Allmis	LTR	ERV4	SFV1-13_AMi-I	JH734802:248341-249679-	JH737047:67755-69165-	47	69	0	510,511,517,518,523,697,699,701,711,719,721,730,735,739,743,746	1122,1123,1128,1129,1134,1308,1310,1312,1322,1330,1332,1339,1344,1348,1352,1355	2	23,24,25,26,27,37,38,39,40,41,42,43,44,45,46,47	61	234	441	47|4|1|0|0|4|4|8|0|0|1|0
GA	Allmis	LTR	ERV4	SFV1-13_AMi-I	JH734802:248341-249679-	JH737047:67755-69165-	34	44	0	151,157,158,163,164,166,167,79,85,86,88,91,93,94,95	531,537,538,540,543,545,546,547,603,609,610,615,616,618,619	2	9,10,11,12,13,14,15,16,23,24,25,26,27,28,29	34	89	249	34|4|0|1|0|0|1|2|0|0|1|1
GA	Allmis	LTR	ERV4	SFV1-13_AMi-I	JH734802:248341-249679-	JH737364:69084-70907-	51	79	0	663,674,676,684,697,699,701,706,711,719,721,723,725	1685,1696,1698,1706,1719,1721,1723,1728,1733,1741,1743,1745,1747	1	35,36,37,38,39,40,41,42,43,44,45,46,47	63	63	443	51|7|1|0|2|3|4|8|0|1|2|0
GA	Allmis	LTR	ERV4	SFV1-13_AMi-I	JH734802:248341-249679-	JH737364:69084-70907-	24	32	0	12,16,18,6,66,72,79,8,85,86,88,91,93,94,95	868,870,874,878,880,928,934,941,947,948,950,953,955,956,957	2	1,2,3,4,5,6,7,8,9,10,11,12,13,14,15	91	90	249	24|2|0|1|0|0|0|2|0|0|2|1
GA	Allmis	LTR	ERV4	SFV1-13_AMi-I	AKHW01054353:117-767-	JH738777:1497300-1499481-	28	48	0	382,388,390,397,401,409,410,411,598,606,621,623,628	1907,1913,1915,1922,1926,1934,1935,1936,2129,2137,2152,2154,2159	2	6,7,8,9,10,11,12,13,24,25,26,27,28	61	253	411	28|7|0|0|2|1|4|0|0|1|0|2
GA	Allmis	LTR	ERV4	SFV1-13_AMi-I	JH734891:187215-189375-	JH737633:135276-136813+	84	150	0	1134,1146,1149,1152,1160,213,225,226,227,233,266,271,273,279,282,414,422,423,426,436,572,575,586,590,601,629,638,642,644,646,745,755,757,764,770,783,831,857,864,880,883,926,962,964,965,966	1138,1150,1153,1156,1164,213,225,226,227,233,266,271,273,279,282,414,422,423,426,436,573,576,587,591,602,633,642,646,648,650,749,759,761,768,774,787,835,861,868,884,887,930,966,968,969,970	9	9,10,11,12,13,14,15,16,17,18,26,27,28,29,30,36,37,38,39,40,41,42,43,44,45,54,55,56,57,58,59,63,64,65,66,67,69,70,71,72,73,80,81,82,83,84	333	952	1194	84|25|1|4|2|1|8|16|3|1|2|2
GA	Allmis	LTR	ERV4	SFV1-13_AMi-I	JH734891:187215-189375-	JH737633:135276-136813+	20	28	0	1368,1372,1384,1398,1404,1468,1474,1480,1495,1505	1390,1394,1406,1420,1426,1490,1496,1502,1517,1527	2	9,10,11,12,13,16,17,18,19,20	75	138	256	20|2|0|0|1|0|1|1|1|0|0|2
GA	Allmis	LTR	ERV4	SFV1-13_AMi-I	JH734891:187215-189375-	JH737364:315692-316816-	65	132	0	207,219,225,226,227,266,271,273,279,282,305,572,575,586,590,601,608,644,646,656,657,659,660,662,664	207,219,225,226,227,266,271,273,279,282,305,573,576,587,591,602,609,648,650,660,661,663,664,666,668	3	5,6,7,8,9,11,12,13,14,15,16,26,27,28,29,30,31,32,33,34,35,36,37,38,39	157	462	1122	65|24|0|2|3|0|6|17|2|2|4|5
GA	Allmis	LTR	ERV4	SFV1-13_AMi-I	JH734891:187215-189375-	JH736323:348134-349246-	65	137	0	205,207,225,226,227,271,273,279,282,572,575,590,601,608,629,642,644,646,956,965,966,980,992	205,207,225,226,227,259,261,267,270,561,564,579,590,597,621,634,636,638,948,957,958,972,984	3	5,6,7,8,9,10,11,12,13,26,27,28,29,30,31,32,33,34,54,55,56,57,58	181	780	1116	65|24|1|6|4|0|10|15|1|1|4|4
GA	Allmis	LTR	ERV4	SFV1-13_AMi-I	JH734891:187215-189375-	JH735459:207399-208878+	73	147	0	23,25,42,53,572,575,586,590,601,65,67,831,856,857,868,883,926,956,957,965,966	23,25,42,53,561,564,575,579,590,65,67,816,841,842,853,868,911,941,942,950,951	4	1,2,3,4,5,6,36,37,38,39,40,57,58,59,60,61,63,64,65,66,67	169	929	1185	73|29|3|3|2|1|7|19|2|0|4|4
GA	Allmis	LTR	ERV4	SFV1-13_AMi-I	JH734891:187215-189375-	JH736112:7666-9426+	99	164	0	136,138,140,153,159,173,175,177,180,182,193,24,25,266,273,279,282,305,36,360,367,369,372,374,39,41,42,53,601,602,604,606,608,626,642,644,646,656,657,659,660,824,825,856,857,877,883	135,137,139,152,158,172,174,176,179,181,192,23,24,255,262,268,271,294,349,35,356,358,361,363,38,40,41,52,591,592,594,596,598,619,635,637,639,649,650,652,653,817,818,849,850,870,876	7	1,2,3,4,5,6,7,10,11,12,13,14,15,16,17,18,19,20,25,26,27,28,29,33,34,35,36,37,49,50,51,52,53,54,55,56,57,58,59,60,61,76,77,78,79,80,81	267	854	1188	99|24|1|2|6|2|4|17|1|0|3|3
GA	Allmis	LTR	ERV4	SFV1-13_AMi-I	JH734891:187215-189375-	JH739617:371791-373996-	109	167	0	186,192,193,205,207,219,225,226,227,23,230,24,25,257,266,271,273,279,282,305,310,35,360,367,369,372,374,39,41,414,42,422,423,432,434,435,436,447,463,516,518,520,53,539,545,560,572,575,586,590,601,602,604,606,608,638,642,644,646,657,665,745,755,757,760,764,770,783,824,826,856,857,877,879,956,957,962,964,965	186,192,193,205,207,219,225,226,227,23,230,24,245,25,254,259,261,267,270,293,298,348,35,355,357,360,362,39,402,41,410,411,42,420,422,423,424,435,452,505,507,509,528,53,534,549,561,564,575,579,590,591,593,595,597,630,634,636,638,649,657,734,744,746,749,753,759,772,813,815,845,846,866,868,944,945,950,952,953	9	1,2,3,4,5,6,7,8,14,15,16,17,18,19,20,21,22,23,24,25,26,27,28,29,30,31,33,34,35,36,37,42,43,44,45,46,47,48,49,50,51,52,53,54,55,56,57,58,59,60,61,62,63,64,65,66,67,68,69,70,71,75,76,77,78,79,80,81,87,88,89,90,91,92,97,98,99,100,101	522	931	1186	109|20|0|2|3|3|6|14|1|1|2|5
GA	Allmis	LTR	ERV4	SFV1-13_AMi-I	JH734891:187215-189375-	JH736990:97190-99315-	120	188	0	1027,1029,1034,1035,1038,106,107,108,140,148,151,157,159,160,170,173,175,207,213,215,217,218,219,225,226,227,233,250,255,257,269,271,273,279,282,305,360,367,369,372,374,572,575,586,590,601,606,608,638,642,644,646,656,657,659,660,662,745,755,757,764,767,770,782,783,95,99	1031,1033,1038,1039,1042,106,107,108,140,148,151,157,159,160,170,173,175,207,213,215,217,218,219,225,226,227,233,250,255,257,269,271,273,279,282,305,360,367,369,372,374,573,576,587,591,602,607,609,642,646,648,650,660,661,663,664,666,749,759,761,768,771,774,786,787,95,99	9	5,6,7,8,9,10,11,12,13,14,15,16,17,18,24,25,26,27,28,29,30,31,32,33,34,35,36,37,38,39,40,41,42,45,46,47,48,49,63,64,65,66,67,68,69,71,72,73,74,75,76,77,78,79,82,83,84,85,86,87,88,89,106,107,108,109,110	310	948	1194	120|26|1|5|4|0|6|16|2|2|2|3
GA	Allmis	LTR	ERV4	SFV1-13_AMi-I	JH734891:187215-189375-	JH736990:97190-99315-	25	49	0	1770,1774,1775,1782,1783,1892,1898,1899,1900,1907	1729,1733,1734,1741,1742,1851,1857,1858,1859,1866	2	1,2,3,4,5,9,10,11,12,13	30	138	402	25|5|1|4|0|2|3|7|1|0|0|1
GA	Allmis	LTR	ERV4	SFV1-13_AMi-I	JH734891:187215-189375-	JH738206:39380-40456-	69	138	0	207,225,226,227,266,271,273,300,305,572,575,586,601,605,644,656,657,659,660,665	167,187,188,189,216,221,223,250,255,524,527,538,553,557,599,611,612,614,615,620	3	3,4,5,6,7,8,9,10,11,26,27,28,29,30,31,32,33,34,35,36	187	454	1078	69|24|2|2|3|1|7|18|3|0|4|4
GA	Allmis	LTR	ERV4	SFV1-13_AMi-I	JH734891:187215-189375-	JH738596:14080-15730-	78	163	0	180,183,186,187,193,22,23,24,25,32,35,36,53,926,956,957,959,965,966	180,183,186,187,193,22,23,24,25,32,35,36,53,918,948,949,951,957,958	3	1,2,3,4,5,6,7,8,12,13,14,15,16,67,68,69,70,71,72	87	937	1116	78|30|4|3|5|1|6|20|2|0|3|5
GA	Allmis	LTR	ERV4	SFV1-13_AMi-I	JH734891:187215-189375-	JH739633:30555-31415+	47	94	0	402,422,436,447,455,575,586,601,606,608,626,656,657,659,660,662,664	397,417,431,442,450,571,582,597,602,604,625,655,656,658,659,661,663	3	11,12,13,14,15,17,18,19,20,21,22,27,28,29,30,31,32	118	267	855	47|14|1|2|3|0|9|11|2|1|0|3
GA	Allmis	LTR	ERV4	SFV1-13_AMi-I	JH734891:187215-189375-	JH735963:100479-101354-	38	83	0	1631,1645,1662,1663,1665,1666,1694,1716,1720,1729,1732	340,354,371,372,374,375,403,425,429,438,441	1	14,15,16,17,18,19,20,21,22,23,24	102	102	863	38|7|1|2|1|3|13|11|0|1|2|3
GA	Allmis	LTR	ERV4	SFV1-13_AMi-I	JH734891:187215-189375-	JH739720:39577-41375-	49	108	0	575,590,601,604,626,638,644,646,659,660,662,664,665	343,358,369,372,397,409,415,417,430,431,433,435,436	1	17,18,19,20,21,22,23,24,25,26,27,28,29	94	94	869	49|21|1|2|3|0|8|14|0|1|4|3
GA	Allmis	LTR	ERV4	SFV1-13_AMi-I	JH734891:187215-189375-	JH737364:69084-70907-	122	188	0	133,135,136,138,140,157,186,192,193,197,198,200,202,203,204,207,217,218,22,225,226,227,23,230,233,24,25,266,271,273,279,282,35,423,426,432,434,435,436,447,572,575,586,590,601,602,604,605,606,608,626,629,638,642,644,646,660,852,856,857,877,879,883,943,950,956,957,959,962,964,965,966	133,135,136,138,140,157,186,192,193,197,198,200,202,203,204,207,217,218,22,225,226,227,23,230,233,24,25,254,259,261,267,270,35,410,413,419,421,422,423,434,560,563,574,578,589,590,592,593,594,596,617,620,629,633,635,637,651,843,847,848,868,870,874,934,941,947,948,950,953,955,956,957	8	1,2,3,4,5,11,12,13,14,15,16,18,19,20,21,22,23,24,25,26,27,28,29,30,31,32,33,34,35,36,37,38,39,50,51,52,53,54,55,56,61,62,63,64,65,66,67,68,69,70,71,72,73,74,75,76,77,95,96,97,98,99,100,106,107,108,109,110,111,112,113,114	298	936	1115	122|23|2|2|2|0|3|16|2|2|6|5
GA	Allmis	LTR	ERV4	SFV1-13_AMi-I	JH734891:187215-189375-	JH737439:86470-88420-	153	233	0	1090,1100,1103,1105,1107,157,159,180,182,183,185,186,187,200,202,203,204,205,213,215,217,218,219,22,23,24,25,269,271,273,279,282,35,353,36,360,366,367,369,372,374,38,392,393,395,401,402,407,41,414,415,42,422,423,426,432,53,545,557,560,572,575,586,590,601,638,64,644,65,67,824,831,852,856,857,868,877,879,956,957,959,962,964,965,966	1089,1099,1102,1104,1106,157,159,177,179,180,182,183,184,193,195,196,197,198,206,208,210,211,212,22,23,24,25,262,264,266,272,275,346,35,353,359,36,360,362,365,367,38,385,386,388,394,395,400,407,408,41,416,417,42,420,426,53,539,551,554,566,569,580,584,595,635,64,641,65,67,821,828,851,855,856,867,876,878,955,956,958,961,963,964,965	12	1,2,3,4,5,6,7,8,9,10,11,12,13,20,21,22,23,24,25,26,27,28,29,30,31,32,33,34,35,36,37,42,43,44,45,46,53,54,55,56,57,58,59,61,62,63,64,65,66,70,71,72,73,74,75,85,86,87,88,89,90,91,92,93,94,110,111,112,113,114,115,116,117,123,124,125,126,127,128,129,144,145,146,147,148	366	1085	1191	153|20|5|5|3|4|7|21|2|2|6|4
GA	Allmis	LTR	ERV4	SFV1-13_AMi-I	JH734891:187215-189375-	JH737439:86470-88420-	27	40	0	1716,1720,1726,1729,1732,1739,1744,1749,1752,1766,1892,1898,1899,1900,1903	1727,1731,1737,1740,1743,1750,1755,1760,1763,1777,1903,1909,1910,1911,1914	3	1,2,3,4,5,6,7,8,9,10,20,21,22,23,24	64	188	226	27|4|0|0|0|1|1|5|0|1|0|1
GA	Allmis	LTR	ERV4	SFV1-13_AMi-I	JH734891:187215-189375-	JH735272:170248-171677+	33	71	0	601,604,629,638,642,644,656,657,659,660,664	11,14,42,51,55,57,69,70,72,73,77	2	1,2,3,4,5,6,7,8,9,10,11	68	67	604	33|14|0|2|3|0|5|11|0|0|1|1
GA	Allmis	LTR	ERV4	SFV1-13_AMi-I	JH735011:592006-592720+	JH736112:7666-9426+	31	60	0	385,387,396,427,430,434,440,442,461,463,464,469,471	1580,1582,1591,1622,1625,1629,1635,1637,1655,1657,1658,1663,1665	1	15,16,17,18,19,20,21,22,23,24,25,26,27	86	86	557	31|2|3|0|1|0|17|5|0|0|1|0
GA	Allmis	LTR	ERV4	SFV1-13_AMi-I	JH735011:592006-592720+	JH735343:300293-301615+	53	81	0	13,14,19,21,30,32,33,340,358,363,365,368,385,387,396,401,405,417,427,430,434,435,438,439,440,442,461,463,464,469,485,495,498,499,506,513,527	1128,1146,1151,1153,1156,1173,1175,1184,1189,1193,1205,1215,1218,1222,1223,1226,1227,1228,1230,1249,1251,1252,1257,1271,1278,1281,1282,1289,1296,1310,806,807,812,814,823,825,826	4	1,2,3,4,5,6,7,24,25,26,27,28,29,30,31,32,33,34,35,36,37,38,39,40,41,42,43,44,45,46,47,48,49,50,51,52,53	206	505	532	53|6|0|3|0|1|9|4|1|0|2|2
GA	Allmis	LTR	ERV4	SFV1-13_AMi-I	JH735011:592006-592720+	JH737047:67755-69165-	40	65	0	32,33,396,40,401,405,412,417,418,419,42,420,421,424,427,430,434,438,439,54,66,78,81	1005,1017,1029,1032,1339,1344,1348,1355,1360,1361,1362,1363,1364,1367,1370,1373,1377,1381,1382,983,984,991,993	2	4,5,6,7,8,9,10,11,25,26,27,28,29,30,31,32,33,34,35,36,37,38,39	94	400	454	40|5|1|0|0|3|9|5|0|0|2|0
GA	Allmis	LTR	ERV4	SFV1-13_AMi-I	JH735011:592006-592720+	JH737364:69084-70907-	43	73	0	30,32,33,340,350,363,365,368,385,387,396,40,401,405,417,418,419,42,420,421,424,427,46	1391,1393,1394,1401,1403,1407,1696,1706,1719,1721,1724,1741,1743,1752,1757,1761,1773,1774,1775,1776,1777,1780,1783	3	3,4,5,6,7,8,23,24,25,26,27,28,29,30,31,32,33,34,35,36,37,38,39	106	393	451	43|8|1|0|1|3|11|4|0|0|2|0
GA	Allmis	LTR	ERV4	SFV1-13_AMi-I	JH735011:684535-685743-	JH736379:905617-907163+	49	116	0	671,681,683,684,693,711,732,743,748,754,755,791,805,817,824,834,836,841	1009,1019,1021,1022,1031,1049,1070,1081,1086,1092,1093,1129,1143,1155,1162,1172,1174,1179	3	22,23,24,25,26,27,28,29,30,31,32,33,34,35,36,37,38,39	173	171	1209	49|19|2|0|3|3|22|8|1|6|2|0
GA	Allmis	LTR	ERV4	SFV1-13_AMi-I	JH735011:684535-685743-	JH735272:170248-171677+	49	100	0	503,518,525,539,542,544,743,746,748,749,754,780,786,805,808,812,816,817,834,836,853	1166,1169,1171,1172,1177,1202,1208,1232,1235,1239,1243,1244,1261,1263,1280,921,936,943,957,960,962	3	13,14,15,16,17,18,32,33,34,35,36,37,38,39,40,41,42,43,44,45,46	158	360	1003	49|9|3|3|4|4|14|7|1|1|4|1
GA	Allmis	LTR	ERV4	SFV1-13_AMi-I	JH735011:684535-685743-	JH736112:7666-9426+	51	86	0	262,264,274,276,297,565,579,587,589,591,593,598,611,629,632,636,642,644,646,647,651,654,659	1254,1256,1266,1268,1289,1558,1572,1580,1582,1584,1586,1591,1604,1622,1625,1629,1635,1637,1639,1640,1644,1647,1652	3	9,10,11,12,13,26,27,28,29,30,31,32,33,34,35,36,37,38,39,40,41,42,43	132	399	742	51|5|4|1|4|2|9|6|1|1|1|1
GA	Allmis	LTR	ERV4	SFV1-13_AMi-I	JH735011:684535-685743-	JH736990:97190-99315-	54	92	0	23,240,241,25,258,262,264,30,31,33,493,518,529,531,539,544,629,632,651,654,659	1031,1033,1038,1039,1041,1248,1249,1266,1270,1272,1502,1527,1538,1540,1548,1553,1638,1641,1660,1663,1668	4	1,2,3,4,5,16,17,18,19,20,29,30,31,32,33,34,41,42,43,44,45	119	638	716	54|7|0|5|3|4|6|6|2|1|4|0
GA	Allmis	LTR	ERV4	SFV1-13_AMi-I	JH735011:684535-685743-	JH736990:97190-99315-	25	42	0	812,816,817,824,825,841,853,884,903,934,940,942	1729,1733,1734,1741,1742,1758,1770,1801,1820,1851,1857,1859	2	1,2,3,4,5,6,7,8,9,10,11,12	132	131	403	25|3|1|0|0|1|6|3|1|1|0|1
GA	Allmis	LTR	ERV4	SFV1-13_AMi-I	JH735011:684535-685743-	JH737439:86470-88420-	60	84	0	101,103,210,222,23,235,24,241,248,25,262,264,274,276,30,31,487,493,508,518,521,525,539,542,544,565,579,587,589,591,593,598,603,611,614,619,622,626,629,632,69,96,99	1026,1027,1028,1033,1034,1072,1099,1102,1104,1106,1211,1223,1236,1242,1249,1263,1265,1275,1277,1489,1495,1510,1520,1523,1527,1541,1544,1546,1567,1581,1589,1591,1593,1595,1600,1605,1613,1616,1621,1624,1628,1631,1634	5	1,2,3,4,5,10,11,12,13,14,19,20,21,22,23,24,25,26,27,37,38,39,40,41,42,43,44,45,46,47,48,49,50,51,52,53,54,55,56,57,58,59,60	258	609	637	60|2|1|1|2|4|6|4|0|1|3|0
GA	Allmis	LTR	ERV4	SFV1-13_AMi-I	JH735011:684535-685743-	JH737633:135276-136813+	37	67	0	210,230,232,235,238,248,250,262,264,274,276	1218,1238,1240,1243,1246,1256,1258,1270,1272,1282,1284	2	9,10,11,12,13,15,16,17,18,19,20	58	67	528	37|6|0|1|4|2|4|6|3|2|1|1
GA	Allmis	LTR	ERV4	SFV1-13_AMi-I	JH735031:227293-228440+	JH735272:170248-171677+	47	109	0	1007,1010,1012,102,1033,1035,1037,1047,106,120,121,123,128,93,986,99,993	42,48,51,55,69,70,72,77,936,943,957,960,962,983,985,987,997	2	2,3,4,5,6,7,8,9,36,37,38,39,40,41,42,43,44	98	956	1097	47|9|1|1|5|1|23|17|2|1|1|1
GA	Allmis	LTR	ERV4	SFV1-13_AMi-I	JH735031:227293-228440+	JH736990:97190-99315-	76	131	0	1007,1012,1033,1035,1037,106,110,111,120,121,123,126,33,347,350,351,353,354,47,51,520,537,554,564,571,67,69,93,986,997,999	1060,1077,1094,1104,1111,1527,1538,1540,1548,1553,1574,1576,1578,573,587,591,607,609,633,646,650,651,660,661,663,666,887,890,891,893,894	5	2,3,4,5,6,7,8,9,10,11,12,13,14,23,24,25,26,27,32,33,34,35,36,61,62,63,64,65,66,67,68	207	1006	1147	76|11|0|4|3|1|12|17|3|1|2|1
GA	Allmis	LTR	ERV4	SFV1-13_AMi-I	JH735031:227293-228440+	JH736112:7666-9426+	78	130	0	1007,1012,1033,1035,1037,1047,1055,106,1066,110,111,1110,1112,1114,1115,1119,1127,1139,120,121,123,288,289,321,341,347,350,351,353,354,63,65,67,69,730,732,734,754,757,765,770,785,90,981,986,99	1254,1256,1258,1278,1281,1289,1294,1309,1506,1511,1532,1537,1558,1560,1562,1572,1580,1591,1635,1637,1639,1640,1644,1652,1663,592,594,596,598,619,628,635,639,640,649,650,652,817,818,850,870,876,879,880,882,883	6	5,6,7,8,9,10,11,12,13,14,15,16,24,25,26,27,28,29,30,31,32,45,46,47,48,49,50,51,52,58,59,60,61,62,63,64,65,66,67,72,73,74,75,76,77,78	300	1072	1144	78|9|3|1|3|1|15|17|0|0|1|1
GA	Allmis	LTR	ERV4	SFV1-13_AMi-I	JH735031:227293-228440+	JH739617:371791-373996-	81	135	0	1007,1012,102,1033,1035,1037,1047,1055,106,110,111,121,288,290,321,33,341,343,47,51,63,65,67,678,69,703,706,709,716,718,99	1202,1227,1230,1233,1240,1242,1532,1537,1558,1560,1562,1572,1580,561,575,579,591,593,595,597,627,630,634,638,639,649,813,815,846,866,868	4	3,4,5,6,7,8,9,10,11,12,13,14,15,25,26,27,28,29,45,46,47,48,49,50,67,68,69,70,71,72,73	235	1020	1145	81|8|0|0|4|3|16|16|1|1|3|2
GA	Allmis	LTR	ERV4	SFV1-13_AMi-I	JH735031:227293-228440+	JH737439:86470-88420-	100	149	0	1007,1010,1012,1033,1035,1037,1047,1055,1066,1079,1082,1087,1088,1090,1094,1097,1100,288,295,316,321,332,341,343,347,350,353,354,423,426,428,429,430,518,520,527,528,537,554,564,567,569,571,579,848,850,854,855,860,961,986,989,993	1053,1055,1062,1063,1072,1089,1099,1102,1104,1106,1114,1381,1383,1387,1388,1393,1495,1520,1523,1527,1541,1544,1546,1567,1569,1571,1581,1589,1600,1613,1616,1621,1622,1624,1628,1631,1634,821,828,849,854,867,876,878,882,885,887,888,958,961,963,964,965	5	16,17,18,19,20,21,22,23,24,25,26,29,30,31,32,33,41,42,43,44,45,46,47,48,49,50,51,72,73,74,75,76,80,81,82,83,84,85,86,87,88,89,90,91,92,93,94,95,96,97,98,99,100	291	814	1107	100|6|1|2|2|1|11|17|1|2|5|1
GA	Allmis	LTR	ERV4	SFV1-13_AMi-I	JH735031:227293-228440+	JH737633:135276-136813+	67	124	0	102,106,110,120,121,123,321,328,344,347,350,598,610,613,616,624,678,698,700,703,706,709,730,732,734,754,757,911,923,93,955,961,986,99	1138,1150,1153,1156,1164,1218,1238,1240,1243,1246,1249,1270,1272,1274,1294,1297,1451,1463,1496,1502,1527,633,639,642,646,650,660,661,663,861,868,884,887,890	6	5,6,7,8,9,10,11,12,21,22,23,24,25,35,36,37,38,39,40,41,42,43,44,45,48,49,50,51,52,63,64,65,66,67	279	895	996	67|11|0|3|3|3|15|18|2|0|1|1
GA	Allmis	LTR	ERV4	SFV1-13_AMi-I	JH735031:227293-228440+	JH735343:300293-301615+	129	181	0	1007,1010,1012,102,1028,1033,1035,1037,1042,1047,1055,106,1066,1075,1079,1087,1097,110,1100,1104,1105,1108,1109,111,1110,1112,1114,1115,1119,1127,1139,121,123,126,128,129,165,177,180,182,193,288,295,316,321,332,341,343,344,347,353,354,527,528,537,554,564,598,606,610,613,616,624,689,690,695,697,698,700,703,706,708,709,730,732,734,840,848,850,854,855,860,93,986,989,99,993	1104,1107,1111,1125,1128,1130,1146,1151,1153,1155,1160,1165,1173,1184,1193,1197,1205,1215,1218,1222,1223,1226,1227,1228,1230,1232,1233,1237,1245,1257,212,218,221,225,229,230,239,241,244,246,247,283,295,298,300,311,406,413,434,439,450,459,461,462,465,469,470,644,645,654,671,681,715,723,727,730,733,741,806,807,812,814,815,817,820,823,825,826,847,849,851,957,965,967,971,972,977	10	11,12,13,14,15,16,17,18,19,20,21,23,24,25,26,27,33,34,35,36,37,38,39,40,41,42,43,56,57,58,59,60,62,63,64,65,66,67,71,72,73,74,75,76,77,78,79,80,81,82,83,88,89,90,91,92,93,100,101,102,103,104,105,106,107,108,109,110,111,112,113,114,115,116,117,118,119,120,121,122,123,124,125,126,127,128,129	418	1046	1145	129|9|2|3|4|4|5|17|1|1|2|3
GA	Allmis	LTR	ERV4	SFV1-13_AMi-I	JH735031:227293-228440+	JH739720:39577-41375-	21	60	0	102,110,111,123,126,128,129,51,65,90,99	358,372,397,406,409,417,418,430,433,435,436	1	2,3,4,5,6,7,8,9,10,11,12	79	79	584	21|9|0|1|1|0|13|12|0|0|2|1
GA	Allmis	LTR	ERV4	SFV1-13_AMi-I	JH735031:227293-228440+	JH739720:39577-41375-	26	52	0	1010,1012,1037,1042,1047,1055,1066,1075,1079,1097,1100,981,986,997,999	1442,1447,1458,1460,1471,1473,1498,1503,1508,1516,1527,1536,1540,1558,1561	2	12,13,14,15,16,17,18,19,20,21,22,23,24,25,26	121	120	460	26|6|1|0|1|2|7|8|0|1|0|0
GA	Allmis	LTR	ERV4	SFV1-13_AMi-I	JH735031:227293-228440+	JH738206:39380-40456-	32	68	0	120,121,123,129,165,177,180,182,193,33,332,341,347,350,354,360,47,66,99	524,538,557,590,611,612,614,620,656,668,671,673,684,823,832,838,841,845,851	3	2,3,4,5,6,7,8,9,10,11,12,13,14,20,21,22,23,24,25	191	328	584	32|7|0|1|1|1|10|13|1|0|1|1
GA	Allmis	LTR	ERV4	SFV1-13_AMi-I	JH735031:227293-228440+	JH737047:67755-69165-	60	88	0	102,106,110,111,113,121,123,126,128,129,316,321,328,33,341,343,344,347,350,414,423,426,428,429,430,436,443,444,456,457,47,51,69,90,93,99	150,164,168,186,207,210,216,219,223,227,228,230,238,240,243,245,246,433,438,445,458,460,461,464,467,531,540,543,545,546,547,553,560,561,573,574	5	3,4,5,6,7,8,9,10,11,12,13,14,15,16,17,18,19,29,30,31,32,33,34,35,36,40,41,42,43,44,45,46,47,48,49,50	178	425	584	60|5|0|2|1|0|6|12|0|0|1|1
GA	Allmis	LTR	ERV4	SFV1-13_AMi-LTR	JH731135:1052910-1053651-	JH736990:99315-100082-	33	52	0	158,164,183,197,208,512,522,543,552,555,567,607,624	161,167,186,200,211,517,527,547,556,559,571,611,628	2	6,7,8,9,10,22,23,24,25,26,27,28,29	163	468	743	33|5|0|2|2|0|2|3|1|0|3|1
GA	Allmis	LTR	ERV4	SFV1-13_AMi-I	JH735031:227293-228440+	JH737047:67755-69165-	42	61	0	1007,1010,1012,1033,1035,1037,1047,1066,1075,1079,1082,730,732,734,754,757,765,770,986,997,999	1005,1007,1009,1029,1032,1040,1045,1261,1272,1274,1282,1285,1287,1308,1310,1312,1322,1339,1348,1352,1355	3	11,12,13,14,15,16,17,29,30,31,32,33,34,35,36,37,38,39,40,41,42	137	351	441	42|4|0|0|0|3|4|6|0|1|1|0
GA	Allmis	LTR	ERV4	SFV1-13_AMi-LTR	JH731135:1052910-1053651-	JH737548:38014-38783-	25	67	0	101,132,139,603,605,607,619,624,662,67,97	103,107,138,145,609,611,613,625,630,668,73	2	1,2,3,4,5,18,19,20,21,22,23	133	596	719	25|4|0|1|2|0|2|4|0|0|3|1
GA	Allmis	LTR	ERV4	SFV1-13_AMi-LTR	JH731135:1052910-1053651-	JH738606:45170-45925+	30	61	0	227,228,229,231,233,597,600,607,624,630	216,217,218,220,222,589,592,599,616,622	2	8,9,10,11,12,25,26,27,28,29	41	407	737	30|6|1|1|3|2|7|3|0|1|5|2
GA	Allmis	LTR	ERV4	SFV1-13_AMi-LTR	JH731135:1052910-1053651-	JH732391:381235-382001+	42	71	0	512,522,529,536,543,555,567,597,607,624,630,635,637,718,720,721,728,729,730	515,525,532,539,546,558,570,600,610,627,633,638,640,721,723,724,731,732,733	2	22,23,24,25,26,27,28,29,30,31,32,33,34,37,38,39,40,41,42	139	219	740	42|7|0|3|4|1|4|2|1|2|2|3
GA	Allmis	LTR	ERV4	SFV1-13_AMi-LTR	JH731135:1052910-1053651-	JH731638:70993-71749+	33	62	0	253,258,300,302,307,347,349,352,365,377,512,522,529,543,555,567	243,248,290,292,297,337,339,342,357,369,505,515,522,536,548,560	3	9,10,11,12,13,14,15,16,17,18,25,26,27,28,29,30	184	318	737	33|4|2|2|4|3|6|3|0|1|2|2
GA	Allmis	LTR	ERV4	SFV1-13_AMi-LTR	JH731135:1052910-1053651-	JH737242:1129367-1130125-	32	62	0	139,147,158,164,197,227,228,229,231,233,555,567,597,600,605,607,637	140,148,159,165,198,219,220,221,223,225,550,562,592,595,600,602,632	3	4,5,6,7,8,10,11,12,13,14,24,25,26,27,28,29,30	149	493	738	32|5|1|3|5|3|4|4|1|0|3|1
GA	Allmis	LTR	ERV4	SFV1-13_AMi-LTR	JH731135:1052910-1053651-	JH738772:94377-95140-	35	61	0	101,107,120,18,253,262,266,300,302,307,67,73	102,108,123,18,248,257,261,295,297,302,68,74	2	1,2,3,4,5,6,12,13,14,15,16,17	161	285	741	35|5|2|3|5|3|0|4|1|0|3|0
GA	Allmis	LTR	ERV4	SFV1-13_AMi-LTR	JH731135:1052910-1053651-	JH739617:371028-371790-	27	60	0	297,300,302,307,314,555,567,603,605,607	294,297,299,304,311,554,566,602,604,606	2	8,9,10,11,12,20,21,22,23,24	71	313	740	27|7|1|2|5|4|4|4|0|0|3|3
GA	Allmis	LTR	ERV4	SFV1-13_AMi-LTR	JH731135:1052910-1053651-	JH734091:183738-184507+	43	71	0	207,208,227,228,229,231,392,396,398,400,402,512,522,543,555,567,575	208,209,228,229,230,232,399,403,405,407,409,519,529,550,562,574,582	3	11,12,13,14,15,16,23,24,25,26,27,32,33,34,35,36,37	100	375	744	43|6|1|2|2|2|5|5|2|0|3|0
GA	Allmis	LTR	ERV4	SFV1-13_AMi-LTR	JH731135:1052910-1053651-	JH732651:36399-37165+	49	81	0	253,294,297,299,300,302,307,314,392,396,398,400,402,601,603,605,607,624	254,295,298,300,301,303,308,315,395,399,401,403,405,604,606,608,610,627	3	8,9,10,11,12,13,14,15,20,21,22,23,24,38,39,40,41,42	97	374	742	49|9|0|2|2|2|2|6|1|0|3|4
GA	Allmis	LTR	ERV4	SFV1-13_AMi-I	JH735041:21289-22788+	JH736379:905617-907163+	57	133	0	1023,1034,1039,1045,1046,1078,1082,1108,1125,1127,1132	1070,1081,1086,1092,1093,1125,1129,1155,1172,1174,1179	2	33,34,35,36,37,38,39,40,41,42,43	111	110	1498	57|19|1|1|2|4|25|15|0|4|1|2
GA	Allmis	LTR	ERV4	SFV1-13_AMi-LTR	JH731135:1052910-1053651-	JH734117:638217-638971+	40	76	0	392,396,398,400,402,505,512,522,525,543,555,567,600,605,607,624	383,387,389,391,393,496,503,513,516,534,546,558,591,596,598,615	2	17,18,19,20,21,25,26,27,28,29,30,31,32,33,34,35	131	233	736	40|8|2|2|3|3|5|4|0|0|3|1
GA	Allmis	LTR	ERV4	SFV1-13_AMi-I	JH735041:21289-22788+	JH739617:371791-373996-	109	165	0	1017,106,1077,1078,108,1082,1085,1099,1103,1107,1108,112,1125,1127,1132,1144,1153,1165,1168,1320,1336,1339,1345,1347,1354,1355,1361,1371,1383,1386,238,239,244,246,247,27,37,39,42,52,544,548,550,551,552,65,85,852,854,856,876,880,885,890,891,898,934,938,941,950,952,953,958,960,962,97,981,995,999	1250,1254,1256,1257,1258,1558,1560,1562,1581,1585,1591,1596,1597,1604,1640,1644,1647,1656,1658,1659,1664,1666,1668,1687,1701,1705,1723,1784,1785,1789,1792,1806,1810,1814,1815,1832,1834,1839,1851,1860,1872,1875,2027,2043,2046,2052,2054,2061,2062,2068,2078,2090,2093,734,744,746,749,759,772,792,804,813,815,819,944,945,950,952,953	10	1,2,3,4,5,6,7,8,9,10,11,18,19,20,21,22,31,32,33,34,35,46,47,48,49,50,51,52,53,54,55,56,57,58,59,60,61,62,63,64,65,66,67,70,71,72,73,74,75,76,77,78,79,80,81,82,83,84,90,91,92,93,94,95,96,97,98,99,100	434	1360	1496	109|12|1|2|4|6|8|15|2|0|1|4
GA	Allmis	LTR	ERV4	SFV1-13_AMi-LTR	JH731135:1052910-1053651-	JH732157:38293-39045+	36	66	0	253,266,273,300,307,522,555,567,603,605,607,624	246,259,266,293,300,518,544,556,592,594,596,613	2	11,12,13,14,15,23,24,25,26,27,28,29	151	368	735	36|4|1|2|3|3|4|5|2|0|3|3
GA	Allmis	LTR	ERV4	SFV1-13_AMi-I	JH735041:21289-22788+	JH735272:170248-171677+	67	142	0	1034,1037,1039,1040,1045,1071,1077,1078,1099,1103,1107,1108,544,548,550,551,552,560,919,929,938,941,950,952,953,954	1050,1060,1069,1072,1081,1083,1084,1085,1166,1169,1171,1172,1177,1202,1208,1209,1235,1239,1243,1244,675,679,681,682,683,691	4	15,16,17,18,19,20,36,37,38,39,40,41,42,43,48,49,50,51,52,53,54,55,56,57,58,59	133	570	1292	67|14|1|1|4|3|26|20|0|0|3|2
GA	Allmis	LTR	ERV4	SFV1-13_AMi-LTR	JH731135:1052910-1053651-	JH732157:41448-42200+	38	70	0	253,266,300,302,307,522,552,555,567,597,601,603,605,607,624	247,260,294,296,301,518,541,544,556,586,590,592,594,596,613	3	12,13,14,15,16,22,23,24,25,26,27,28,29,30,31	152	367	735	38|4|2|3|4|4|5|3|1|0|3|3
GA	Allmis	LTR	ERV4	SFV1-13_AMi-I	JH735041:21289-22788+	JH738247:100154-101411-	63	134	0	1039,1040,1045,1046,1055,548,550,551,552,560,880,885,890,891,894	1027,1032,1037,1038,1041,1187,1188,1193,1194,1206,700,702,703,704,712	3	17,18,19,20,21,36,37,38,39,40,54,55,56,57,58	48	507	1107	63|15|0|2|2|4|23|17|1|1|3|2
GA	Allmis	LTR	ERV4	SFV1-13_AMi-I	JH735041:21289-22788+	JH736990:97190-99315-	76	121	0	27,309,311,316,317,319,320,37,39,49,52,544,548,550,551,552,950,952,953,954,958,960,962,975,981	1031,1033,1038,1039,1041,1042,1266,1270,1272,1273,1274,1672,1674,1675,1676,1680,1682,1684,1696,1702,749,759,761,771,774	4	1,2,3,4,5,19,20,21,22,23,24,35,36,37,38,39,68,69,70,71,72,73,74,75,76	78	954	997	76|7|0|1|2|0|11|14|3|0|2|4
GA	Allmis	LTR	ERV4	SFV1-13_AMi-I	JH735041:21289-22788+	JH736990:97190-99315-	26	37	0	1103,1107,1108,1116,1132,1144,1299,1336,1339,1345,1354,1361,1371,1383,1441,1455,1467,1470,1487,1489	1729,1733,1734,1742,1758,1770,1925,1962,1965,1971,1980,1987,1997,2009,2067,2081,2093,2096,2113,2115	3	1,2,3,4,5,6,12,13,14,15,16,17,18,19,21,22,23,24,25,26	176	387	405	26|2|1|0|1|1|3|1|1|0|0|1
GA	Allmis	LTR	ERV4	SFV1-13_AMi-LTR	JH731135:1052910-1053651-	JH734215:45816-46564+	37	67	0	603,605,607,619,624,718,720,721,722,728,729,730	588,590,592,604,609,703,705,706,707,713,714,715	2	23,24,25,26,27,31,32,33,34,35,36,37	35	128	733	37|5|1|2|3|3|6|4|1|0|3|2
GA	Allmis	LTR	ERV4	SFV1-13_AMi-LTR	JH731135:1052910-1053651-	JH735343:299021-299775+	54	85	0	253,266,300,302,307,396,398,400,402,410,512,543,552,555,567,601,603,605,607,619,624,718,720,721,728,729,730,737	243,256,290,292,297,388,390,392,394,402,503,534,543,546,558,592,594,596,598,610,615,709,711,712,719,720,721,728	4	13,14,15,16,17,21,22,23,24,25,33,34,35,36,37,38,39,40,41,42,43,48,49,50,51,52,53,54	203	486	736	54|5|4|2|3|3|2|5|0|1|3|3
GA	Allmis	LTR	ERV4	SFV1-13_AMi-I	JH735041:21289-22788+	JH737633:135276-136813+	52	94	0	112,139,146,162,168,23,27,37,39,52,548,550,551,552,560,575,668,672,678,684,698	1270,1272,1273,1274,1282,1297,1390,1394,1400,1406,1420,745,749,759,761,774,834,861,868,884,890	4	1,2,3,4,5,7,8,9,10,11,31,32,33,34,35,36,42,43,44,45,46	146	676	810	52|8|0|1|1|2|10|14|2|1|1|1
GA	Allmis	LTR	ERV4	SFV1-13_AMi-I	JH735041:21289-22788+	JH735343:300293-301615+	101	148	0	106,112,134,138,139,150,159,161,162,171,172,238,239,244,246,247,248,316,317,319,320,336,496,507,508,513,515,516,518,521,524,527,548,550,551,552,658,666,668,672,673,678,684,852,854,856,861,874,876,880,885,890,891,894,898	1151,1153,1155,1160,1173,1175,1179,1184,1189,1190,1193,1197,406,412,434,438,439,450,459,461,462,469,470,537,538,543,545,546,547,615,616,618,619,635,795,806,807,812,814,815,817,820,823,826,847,849,850,851,957,965,967,971,972,977,983	6	12,13,14,15,16,17,18,19,20,21,22,23,24,25,26,27,28,33,34,35,36,37,50,51,52,53,54,55,56,57,58,59,60,61,62,63,69,70,71,72,73,74,75,88,89,90,91,92,93,94,95,96,97,98,99	295	792	921	101|9|1|3|1|3|6|17|1|0|2|2
GA	Allmis	LTR	ERV4	SFV1-13_AMi-I	JH735041:21289-22788+	JH737439:86470-88420-	99	151	0	106,112,134,138,139,150,159,161,171,172,238,239,241,244,246,247,248,309,310,311,316,317,320,336,345,346,355,385,387,389,548,550,551,552,560,666,668,672,673,678,684,852,854,856,874,876,880,885,890,891,898,901,907,909,913,916,919	1026,1027,1028,1033,1034,1037,1053,1062,1063,1072,1102,1104,1106,1263,1265,1266,1267,1275,1381,1383,1387,1388,1393,1399,1567,1569,1571,1589,1591,1595,1600,1605,1606,1613,1616,1622,1624,1628,1631,1634,821,827,851,855,856,867,876,878,886,887,955,956,958,961,963,964,965	7	10,11,12,13,14,15,16,17,18,19,22,23,24,25,26,27,28,33,34,35,36,37,38,39,41,42,43,44,45,46,57,58,59,60,61,69,70,71,72,73,74,84,85,86,87,88,89,90,91,92,93,94,95,96,97,98,99	251	814	925	99|8|1|1|0|0|13|20|0|2|4|2
GA	Allmis	LTR	ERV4	SFV1-13_AMi-LTR	JH731135:1052910-1053651-	JH733622:687916-688674-	62	91	0	101,115,118,120,124,132,227,228,229,231,233,253,262,266,299,300,302,307,313,314,392,396,398,400,402,410,601,603,605,607,624,97	102,116,119,121,125,134,220,221,222,224,226,246,255,259,292,293,295,300,306,307,388,392,394,396,398,406,596,598,600,602,619,98	5	4,5,6,7,8,9,10,18,19,20,21,22,23,24,25,26,27,28,29,30,31,37,38,39,40,41,42,54,55,56,57,58	169	522	738	62|6|1|1|3|5|2|5|0|0|4|1
GA	Allmis	LTR	ERV4	SFV1-13_AMi-LTR	JH731135:1052910-1053651-	JH737439:88420-89179-	48	88	0	227,228,229,231,233,253,266,300,302,307,354,355,356,358,365,377,597,601,603,605,607,624	218,219,220,222,224,244,257,291,293,298,347,348,349,351,358,370,593,597,599,601,603,620	4	13,14,15,16,17,18,19,20,21,22,25,26,27,28,29,30,42,43,44,45,46,47	134	403	739	48|8|2|1|4|6|2|9|0|1|5|2
GA	Allmis	LTR	ERV4	SFV1-13_AMi-I	JH735041:21289-22788+	JH737364:69084-70907-	34	62	0	134,138,139,159,161,168,169,171,172,232,238,239,241,244,246,247,248	843,847,848,868,870,877,878,880,881,941,947,948,950,953,955,956,957	2	11,12,13,14,15,16,17,18,19,20,21,22,23,24,25,26,27	116	115	402	34|7|0|0|0|0|5|10|0|1|2|3
GA	Allmis	LTR	ERV4	SFV1-13_AMi-LTR	JH731135:1052910-1053651-	JH731344:0-613-	32	62	0	276,300,302,307,313,509,512,522,543,555,567,597,607	267,291,293,298,304,505,508,518,539,551,563,593,603	2	14,15,16,17,18,25,26,27,28,29,30,31,32	137	337	612	32|9|2|2|1|3|4|3|0|1|1|3
GA	Allmis	LTR	ERV4	SFV1-13_AMi-I	JH735245:1077903-1078762+	JH739720:39577-41375-	42	82	0	499,520,533,560,561,565,620,623,633,635,645,776,784,787,789,797	1442,1458,1471,1498,1499,1503,1558,1561,1571,1573,1583,1714,1722,1725,1727,1735	3	18,19,20,21,22,23,27,28,29,30,31,34,35,36,37,38	110	294	854	42|4|1|0|3|1|18|8|1|1|2|0
GA	Allmis	LTR	ERV4	SFV1-13_AMi-I	JH735245:1077903-1078762+	JH737364:69084-70907-	58	77	0	14,16,18,20,220,223,226,233,239,247,26,261,271,39,530,533,543,556,558,560,561,565,584,589,602,610,611,612,613,614,617	1182,1184,1186,1188,1194,1207,1388,1391,1394,1401,1407,1415,1429,1439,1693,1696,1706,1719,1721,1723,1724,1728,1747,1752,1765,1773,1774,1775,1776,1777,1780	4	1,2,3,4,5,6,18,19,20,21,22,23,24,25,37,38,39,40,41,42,43,44,45,46,47,48,49,50,51,52,53	167	599	658	58|2|2|0|1|1|4|5|1|0|2|0
GA	Allmis	LTR	ERV4	SFV1-13_AMi-I	JH735245:1077903-1078762+	JH737047:67755-69165-	57	75	0	16,18,20,26,30,37,39,47,50,556,558,560,561,57,58,589,602,605,610,611,612,613,614,617,69,71,78,81,82	1308,1310,1312,1313,1339,1352,1355,1360,1361,1362,1363,1364,1367,774,776,778,784,788,795,797,805,808,815,816,827,829,836,839,840	3	1,2,3,4,5,6,7,8,9,10,11,12,13,14,15,16,39,40,41,42,43,44,45,46,47,48,49,50,51	128	594	655	57|1|2|0|0|1|2|7|1|0|2|1
GA	Allmis	LTR	ERV4	SFV1-13_AMi-I	JH735245:1077903-1078762+	JH737439:86470-88420-	42	81	0	530,533,556,558,560,561,584,589,602,605,610,611,613,617	1541,1544,1567,1569,1571,1572,1595,1600,1613,1616,1621,1622,1624,1628	2	23,24,25,26,27,28,29,30,31,32,33,34,35,36	89	88	509	42|3|2|1|1|4|11|9|1|0|2|5
GA	Allmis	LTR	ERV4	SFV1-13_AMi-I	JH735245:1077903-1078762+	JH735343:300293-301615+	47	78	0	530,533,551,556,558,560,561,565,584,589,602,620,623,627,628,631,633,635,645	1125,1128,1146,1151,1153,1155,1156,1160,1179,1184,1197,1215,1218,1222,1223,1226,1228,1230,1240	2	27,28,29,30,31,32,33,34,35,36,37,39,40,41,42,43,44,45,46	99	116	503	47|6|1|2|0|2|5|9|2|0|1|3
GA	Allmis	LTR	ERV4	SFV1-13_AMi-I	JH735272:170248-171677+	JH736112:7666-9426+	52	111	0	1005,1007,1011,1016,1022,1029,1047,1054,1062,1064,1065,290,299,300,302,303	1580,1582,1586,1591,1597,1604,1622,1629,1637,1639,1640,870,879,880,882,883	2	16,17,18,19,20,39,40,41,42,43,44,45,46,47,48,49	75	771	1182	52|12|3|0|5|1|17|11|0|1|7|1
GA	Allmis	LTR	ERV4	SFV1-13_AMi-I	JH735272:170248-171677+	JH737439:86470-88420-	77	118	0	1005,1007,1011,1016,1021,1022,1029,1032,1037,1038,1040,1044,1047,201,205,216,244,281,290,292,299,300,302,303,318,319,369,372,375,377,378,379,440,441,442,447,448,467,469,471,477,486,513,516,518,520,926,939	1026,1027,1028,1033,1034,1053,1055,1057,1063,1072,1099,1102,1104,1106,1510,1523,1589,1591,1595,1600,1605,1606,1613,1616,1621,1622,1624,1628,1631,785,789,800,828,867,876,878,885,886,888,889,904,905,955,958,961,963,964,965	5	7,8,9,10,11,12,13,14,15,16,17,18,19,20,21,22,23,24,25,30,31,32,33,34,35,36,37,38,39,40,41,42,43,63,64,65,66,67,68,69,70,71,72,73,74,75,76,77	386	847	1056	77|4|2|2|0|1|15|8|0|3|5|1
GA	Allmis	LTR	ERV4	SFV1-13_AMi-I	JH735272:170248-171677+	JH735343:300293-301615+	107	166	0	1005,1007,1011,1016,1021,1022,1025,1029,1037,1047,1054,1055,1058,1059,1062,1064,1065,1116,1119,1120,1127,1134,177,183,198,201,205,216,225,281,290,292,293,300,302,303,369,375,377,378,379,646,647,649,652,655,657,658,789,796,797,803,804,809,939,978,992	1107,1146,1160,1173,1175,1179,1184,1189,1190,1193,1197,1205,1215,1222,1223,1226,1227,1230,1232,1233,1278,1281,1282,1289,1296,346,352,367,370,374,385,394,450,459,461,462,468,470,471,537,543,545,546,547,814,815,817,820,823,825,826,957,964,965,971,972,977	8	15,16,17,18,19,20,21,23,24,25,26,27,28,29,32,33,34,35,36,61,62,63,64,65,66,67,70,71,72,73,74,75,81,82,83,84,85,86,87,88,89,90,91,92,93,94,95,96,97,98,99,100,101,102,103,104,105	308	951	1154	107|13|1|4|5|4|6|13|1|0|7|4
GA	Allmis	LTR	ERV4	SFV1-13_AMi-I	JH735272:170248-171677+	JH737633:135276-136813+	48	106	0	129,154,168,170,177,647,649,652,655,658,665,667	1238,1240,1243,1246,1249,1256,1258,720,745,759,761,768	2	3,4,5,6,7,28,29,30,31,32,33,34	70	539	946	48|15|0|1|3|1|15|14|1|2|4|2
GA	Allmis	LTR	ERV4	SFV1-13_AMi-I	JH735272:170248-171677+	JH739720:39577-41375-	21	57	0	1016,1021,1022,1025,1029,1047,1059,1062,1064,1065,992	1503,1527,1532,1533,1536,1540,1558,1570,1573,1575,1576	1	11,12,13,14,15,16,17,18,19,20,21	74	74	480	21|8|2|0|2|2|13|8|0|0|0|1
GA	Allmis	LTR	ERV4	SFV1-13_AMi-I	JH735272:170248-171677+	JH737364:69084-70907-	37	59	0	129,168,170,177,183,290,292,299,300,302,303,356,363,369,372,375,377,378,379	707,746,748,755,761,868,870,877,878,880,881,934,941,947,950,953,955,956,957	3	9,10,11,12,13,17,18,19,20,21,22,24,25,26,27,28,29,30,31	93	251	533	37|4|1|1|0|0|6|6|0|0|3|1
GA	Allmis	LTR	ERV4	SFV1-13_AMi-I	JH735272:170248-171677+	JH737364:69084-70907-	47	78	0	1005,1007,1011,1016,1021,1022,1025,1029,1037,1038,1039,1040,1041,1044,1047,1058,1059,1062,1064,1065,949,970,992	1685,1706,1728,1741,1743,1747,1752,1757,1758,1761,1765,1773,1774,1775,1776,1777,1780,1783,1794,1795,1798,1800,1801	3	25,26,27,28,29,30,31,32,33,34,35,36,37,38,39,40,41,42,43,44,45,46,47	119	117	494	47|8|0|0|3|4|7|6|0|0|2|1
GA	Allmis	LTR	ERV4	SFV1-13_AMi-I	JH735272:170248-171677+	JH738206:39380-40456-	25	59	0	129,142,168,170,177,183,281,290,299,303,307,309	671,684,710,712,719,725,823,832,841,845,849,851	2	4,5,6,7,8,9,13,14,15,16,17,18	84	181	533	25|7|2|0|0|1|13|8|1|0|2|0
GA	Allmis	LTR	ERV4	SFV1-13_AMi-I	JH735272:170248-171677+	JH737047:67755-69165-	47	70	0	129,154,168,170,173,183,277,290,292,293,299,363,369,372,375,377,378,379,385,392,393,405,406,435,441,442,447,448,450,469,471,75,78	243,246,297,322,336,338,341,351,445,458,460,461,467,531,537,540,543,545,546,547,553,560,561,573,574,603,609,610,615,616,618,637,639	5	6,7,8,9,10,11,12,13,16,17,18,19,20,25,26,27,28,29,30,31,32,33,34,35,36,38,39,40,41,42,43,44,45	214	397	533	47|6|2|0|0|0|4|8|0|0|2|1
GA	Allmis	LTR	ERV4	SFV1-13_AMi-I	JH735272:170248-171677+	JH737047:67755-69165-	46	75	0	1005,1016,1021,1022,1025,1029,1032,1037,1038,1039,1040,1041,1044,1047,1054,1058,1059,796,797,803,804,809	1122,1123,1128,1129,1134,1330,1339,1344,1345,1348,1352,1355,1360,1361,1362,1363,1364,1367,1370,1377,1381,1382	2	16,17,18,19,20,27,28,29,30,31,32,33,34,35,36,37,38,39,40,41,42,43	66	261	492	46|6|0|0|2|4|7|7|0|0|2|1
GA	Allmis	LTR	ERV4	SFV1-13_AMi-I	JH735324:174480-174703-	JH739617:371791-373996-	11	17	0	163,172,210,212,220,48,58,65,70,73	1078,1088,1095,1100,1103,1193,1202,1240,1242,1250	2	1,2,3,4,5,7,8,9,10,11	84	173	223	11|2|0|0|0|1|1|1|0|0|0|1
GA	Allmis	LTR	ERV4	SFV1-13_AMi-LTR	JH731165:1200137-1200900+	JH736990:99315-100082-	31	74	0	102,18,397,40,401,409,411,427,431,68,98	102,18,393,397,40,405,407,423,427,68,98	2	1,2,3,4,5,13,14,15,16,17,18	120	410	765	31|7|1|1|0|6|5|16|1|1|2|2
GA	Allmis	LTR	ERV4	SFV1-13_AMi-LTR	JH731165:1200137-1200900+	JH734215:45816-46564+	37	77	0	603,605,607,619,624,718,720,721,722,728,729,730,753,754,755	588,590,592,604,609,703,705,706,707,713,714,715,738,739,740	2	19,20,21,22,23,28,29,30,31,32,33,34,35,36,37	60	153	755	37|2|0|1|1|7|9|15|0|1|1|2
GA	Allmis	LTR	ERV4	SFV1-13_AMi-LTR	JH731165:1200137-1200900+	JH732391:381235-382001+	43	85	0	397,405,407,409,411,427,607,624,630,635,637,718,720,721,728,729,730,740,753,754,760	392,400,402,404,406,422,610,627,633,638,640,721,723,724,731,732,733,743,756,757,763	3	12,13,14,15,16,17,26,27,28,29,30,34,35,36,37,38,39,40,41,42,43	105	372	764	43|7|1|1|1|4|7|15|1|2|1|1
GA	Allmis	LTR	ERV4	SFV1-13_AMi-LTR	JH731165:1200137-1200900+	JH737548:38014-38783-	36	94	0	603,605,607,619,624,717,718,720,721,722,728,729,730,732,760	609,611,613,625,630,723,724,726,727,728,734,735,736,738,766	2	18,19,20,21,22,27,28,29,30,31,32,33,34,35,36	66	158	766	36|3|0|1|0|6|7|14|0|3|1|3
GA	Allmis	LTR	ERV4	SFV1-13_AMi-LTR	JH731165:1200137-1200900+	JH734091:183738-184507+	41	89	0	203,213,233,234,235,237,306,308,313,353,373,397,401,405,407,409,411,427,431	198,208,228,229,230,232,304,306,311,351,371,395,399,403,405,407,409,425,429	3	9,10,11,12,13,14,15,16,17,18,19,21,22,23,24,25,26,27,28	210	232	766	41|5|3|0|1|8|6|17|2|1|3|1
GA	Allmis	LTR	ERV4	SFV1-13_AMi-LTR	JH731165:1200137-1200900+	JH732651:36399-37165+	47	95	0	303,305,306,308,313,320,397,401,405,407,409,411,427,431	298,300,301,303,308,315,391,395,399,401,403,405,421,425	2	10,11,12,13,14,15,19,20,21,22,23,24,25,26	53	128	764	47|7|1|2|0|5|5|16|0|4|2|4
GA	Allmis	LTR	ERV4	SFV1-13_AMi-LTR	JH731165:1200137-1200900+	JH738772:94377-95140-	36	84	0	102,108,18,397,40,401,411,427,431,68,74	102,108,18,385,389,399,40,415,419,68,74	2	1,2,3,4,5,6,19,20,21,22,23	126	402	760	36|4|2|2|3|7|5|16|1|2|2|3
GA	Allmis	LTR	ERV4	SFV1-13_AMi-LTR	JH731165:1200137-1200900+	JH735597:1032167-1032920+	60	101	0	247,259,264,272,300,305,306,308,313,319,355,366,397,407,409,411,419,427	239,251,256,264,292,297,298,300,305,311,347,358,388,398,400,402,410,418	3	13,14,15,16,17,18,19,20,21,22,23,24,25,26,27,28,29,30	182	180	758	60|4|0|2|2|7|4|16|1|1|1|2
GA	Allmis	LTR	ERV4	SFV1-13_AMi-LTR	JH731165:1200137-1200900+	JH735343:299021-299775+	51	97	0	405,407,409,411,419,427,603,605,607,619,624,718,720,721,728,729,730,737	388,390,392,394,402,410,594,596,598,610,615,709,711,712,719,720,721,728	3	19,20,21,22,23,24,35,36,37,38,39,45,46,47,48,49,50,51	65	341	747	51|4|4|2|0|7|5|18|0|2|1|2
GA	Allmis	LTR	ERV4	SFV1-13_AMi-LTR	JH731165:1200137-1200900+	JH731237:96003-96719+	47	113	0	213,218,227,233,234,235,603,605,607,619,624	214,219,228,234,235,236,608,610,612,624,629	2	10,11,12,13,14,15,41,42,43,44,45	45	416	696	47|11|3|3|1|13|4|18|2|3|5|2
GA	Allmis	LTR	ERV4	SFV1-13_AMi-I	JH735405:43540-44830-	JH736112:7666-9426+	49	77	0	347,35,359,382,387,406,41,417,48,54,57,625,630,651,653,655,665,673,679,684,715,718,722,728,730,732,733,737,740,745	1254,1266,1289,1294,1313,1324,1532,1537,1558,1560,1562,1572,1580,1586,1591,1622,1625,1629,1635,1637,1639,1640,1644,1647,1652,930,936,943,949,952	4	1,2,3,4,5,13,14,15,16,17,18,25,26,27,28,29,30,31,32,33,34,35,36,37,38,39,40,41,42,43	216	723	838	49|3|3|0|0|2|7|10|0|0|0|1
GA	Allmis	LTR	ERV4	SFV1-13_AMi-I	JH735405:43540-44830-	JH738247:100154-101411-	50	92	0	715,718,749,751,759,761,786,787,838,839,844,845,854,855,856,864,866,870	1063,1066,1097,1099,1108,1110,1135,1136,1187,1188,1193,1194,1206,1207,1208,1216,1218,1222	2	26,27,28,29,30,31,32,33,37,38,39,40,41,42,43,44,45,46	110	160	913	50|8|1|1|1|1|16|8|0|1|2|2
GA	Allmis	LTR	ERV4	SFV1-13_AMi-I	JH735405:43540-44830-	JH736990:97190-99315-	52	81	0	158,175,185,192,200,320,323,326,343,347,417,426,467,471,472,483,617,625,630,651,653,655,715,718,737,740,745,749,751,757,759,761,774,780	1077,1094,1104,1111,1119,1243,1246,1249,1266,1270,1340,1349,1390,1394,1395,1406,1540,1548,1553,1574,1576,1578,1638,1641,1660,1663,1668,1672,1674,1680,1682,1684,1696,1702	6	10,11,12,13,14,17,18,19,20,21,23,24,25,26,27,28,33,34,35,36,37,38,41,42,43,44,45,46,47,48,49,50,51,52	243	626	805	52|5|1|2|1|0|7|7|2|0|2|1
GA	Allmis	LTR	ERV4	SFV1-13_AMi-I	JH735405:43540-44830-	JH737439:86470-88420-	67	93	0	139,149,158,175,185,188,190,192,35,414,417,421,465,467,471,472,477,483,54,55,57,60,62,625,628,630,64,651,653,655,665,673,679,684,689,700,705,706,708,712,715,718	1053,1063,1072,1089,1099,1102,1104,1106,1330,1333,1337,1381,1383,1387,1388,1393,1399,1541,1544,1546,1567,1569,1571,1581,1589,1595,1600,1605,1616,1621,1622,1624,1628,1631,1634,936,955,956,958,961,963,965	5	1,2,3,4,5,6,7,15,16,17,18,19,20,21,22,35,36,37,38,39,40,41,42,43,50,51,52,53,54,55,56,57,58,59,60,61,62,63,64,65,66,67	249	699	727	67|2|1|1|0|1|8|8|0|1|2|1
GA	Allmis	LTR	ERV4	SFV1-13_AMi-I	JH735405:43540-44830-	JH737047:67755-69165-	39	58	0	326,333,335,347,359,382,387,464,465,471,472,477,483,651,653,655,665,684,689,693	1005,1017,1040,1045,1122,1123,1128,1129,1134,1140,1308,1310,1312,1322,1339,1344,1348,984,991,993	3	7,8,9,10,11,12,13,16,17,18,19,20,21,32,33,34,35,36,37,38	122	365	439	39|4|1|0|0|3|4|5|0|0|1|0
GA	Allmis	LTR	ERV4	SFV1-13_AMi-I	JH735442:277214-277748+	JH736990:97190-99315-	20	33	0	257,259,261,267,309,321,389,390,402,411,414	269,271,273,279,321,333,401,402,414,423,426	2	1,2,3,4,5,6,11,12,13,14,15	91	158	289	20|6|0|0|1|0|4|1|0|0|1|0
GA	Allmis	LTR	ERV4	SFV1-13_AMi-I	JH735442:277214-277748+	JH736990:97190-99315-	21	24	0	106,107,108,140,148,151,157,159,160,170,173,175,183,186,84,95,99	106,107,108,140,148,151,157,159,160,170,173,175,183,186,84,95,99	2	5,6,7,8,9,10,11,12,13,14,15,16,17,18,19,20,21	104	103	190	21|2|0|0|0|0|0|1|0|0|0|0
GA	Allmis	LTR	ERV4	SFV1-13_AMi-I	JH735442:277214-277748+	JH739617:371791-373996-	25	40	0	243,245,259,261,267,298,389,390,395,402,411,420,422,423,424,435,452	243,245,259,261,267,298,389,390,395,402,411,420,422,423,424,435,452	3	1,2,3,4,5,6,12,13,14,15,16,17,18,19,20,21,22	121	210	304	25|6|0|0|2|0|3|1|0|0|2|0
GA	Allmis	LTR	ERV4	SFV1-13_AMi-I	JH735451:2683-4924-	JH735459:207399-208878+	70	141	0	192,193,204,226,227,41,42,53,65,67,843,854,855,866,881,935,954,955,963,964,978	192,193,204,226,227,41,42,53,65,67,830,841,842,853,868,922,941,942,950,951,965	4	3,4,5,6,7,12,13,14,15,16,54,55,56,57,58,60,61,62,63,64,65	146	925	1184	70|28|2|2|2|1|10|13|4|2|2|3
GA	Allmis	LTR	ERV4	SFV1-13_AMi-I	JH735451:2683-4924-	JH737633:135276-136813+	85	149	0	1113,1132,1144,1147,1150,1158,213,225,226,227,233,254,259,261,267,633,636,638,640,642,644,699,711,714,716,739,753,755,762,781,829,843,855,862,878,881,935,960,962,963,964	1119,1138,1150,1153,1156,1164,213,225,226,227,233,266,271,273,279,639,642,644,646,648,650,705,717,720,722,745,759,761,768,787,835,849,861,868,884,887,941,966,968,969,970	6	10,11,12,13,14,15,16,17,18,41,42,43,44,45,46,50,51,52,53,54,55,56,57,58,62,63,64,65,66,67,69,70,71,72,73,80,81,82,83,84,85	291	952	1194	85|23|2|3|1|1|12|10|6|2|1|1
GA	Allmis	LTR	ERV4	SFV1-13_AMi-I	JH735451:2683-4924-	JH736112:7666-9426+	98	161	0	204,225,226,227,230,233,240,633,638,640,642,644,645,822,823,843,854,855,875,881,935,941,948,954,957,978	203,226,227,228,231,234,241,628,633,635,637,639,640,817,818,838,849,850,870,876,930,936,943,949,952,973	4	20,21,22,23,24,25,26,53,54,55,56,57,58,74,75,76,77,78,79,80,85,86,87,88,89,90	156	771	1188	98|25|0|1|5|0|9|15|1|1|1|2
GA	Allmis	LTR	ERV4	SFV1-13_AMi-I	JH735451:2683-4924-	JH739617:371791-373996-	105	169	0	219,225,226,227,230,240,245,254,259,261,267,293,298,633,636,638,640,642,644,645,695,711,714,716,753,755,758,762,781,822,824,843,854,855,875,877,954,955,960,962,963,978	219,225,226,227,230,240,245,254,259,261,267,293,298,627,630,632,634,636,638,639,686,702,705,707,744,746,749,753,772,813,815,834,845,846,866,868,944,945,950,952,953,968	6	18,19,20,21,22,23,24,25,26,27,28,29,30,60,61,62,63,64,65,66,69,70,71,72,73,74,75,76,77,82,83,84,85,86,87,88,93,94,95,96,97,98	262	750	1186	105|21|1|1|5|5|12|10|1|1|1|4
GA	Allmis	LTR	ERV4	SFV1-13_AMi-I	JH735451:2683-4924-	JH738596:14080-15730-	76	158	0	22,23,24,25,32,35,935,954,955,957,963,964	22,23,24,25,32,35,929,948,949,951,957,958	2	1,2,3,4,5,6,65,66,67,68,69,70	44	937	1115	76|29|3|2|3|3|10|16|2|2|2|4
GA	Allmis	LTR	ERV4	SFV1-13_AMi-I	JH735451:2683-4924-	JH736990:97190-99315-	115	180	0	106,107,1071,1088,1098,1105,1113,1144,1150,1158,183,186,192,193,204,213,215,217,218,219,225,226,227,233,245,257,259,261,267,293,638,640,642,644,645,711,714,716,753,755,762,765,780,781,84,95,99	106,107,1077,1094,1104,1111,1119,1150,1156,1164,183,186,192,193,204,213,215,217,218,219,225,226,227,233,257,269,271,273,279,305,644,646,648,650,651,717,720,722,759,761,768,771,786,787,84,95,99	5	5,6,7,8,9,18,19,20,21,22,23,24,25,26,27,28,29,30,31,32,33,34,35,36,37,65,66,67,68,69,74,75,76,77,78,79,80,81,82,108,109,110,111,112,113,114,115	314	1081	1194	115|24|1|3|4|0|12|11|4|2|0|2
GA	Allmis	LTR	ERV4	SFV1-13_AMi-I	JH735451:2683-4924-	JH739720:39577-41375-	45	110	0	633,636,638,642,644,645,935,941,954,963,964,978	406,409,411,415,417,418,708,714,727,736,737,751	2	17,18,19,20,21,22,37,38,39,40,41,42	57	346	888	45|25|2|1|2|0|8|16|2|2|2|3
GA	Allmis	LTR	ERV4	SFV1-13_AMi-I	JH735451:2683-4924-	JH737364:69084-70907-	120	193	0	133,136,138,140,157,159,192,193,197,198,200,202,203,204,217,218,22,225,226,227,23,230,233,24,25,35,633,636,638,640,642,644,645,711,714,716,753,755,762,850,854,855,875,877,881,935,941,948,954,955,957,960,962,963,964,970,978	133,136,138,140,157,159,192,193,197,198,200,202,203,204,217,218,22,225,226,227,23,230,233,24,25,35,626,629,631,633,635,637,638,704,707,709,746,748,755,843,847,848,868,870,874,928,934,941,947,948,950,953,955,956,957,963,971	7	1,2,3,4,5,12,13,14,15,16,17,19,20,21,22,23,24,25,26,27,28,29,30,31,32,33,69,70,71,72,73,74,75,76,77,78,79,80,81,91,92,93,94,95,96,101,102,103,104,105,106,107,108,109,110,111,112	290	950	1114	120|25|3|1|2|1|9|15|4|2|4|4
GA	Allmis	LTR	ERV4	SFV1-13_AMi-I	JH735451:2683-4924-	JH737439:86470-88420-	110	170	0	1032,1033,1036,1049,1052,1054,1061,1062,1071,1088,1098,1101,1103,1105,309,311,312,314,318,348,354,355,360,362,395,398,399,400,402,403,410,414,420,422,423,424,822,829,843,850,854,855,866,875,877,881,935,954,955,957,960,962,963,964,970,977,978	1033,1034,1037,1050,1053,1055,1062,1063,1072,1089,1099,1102,1104,1106,314,316,317,319,323,353,359,360,365,367,398,403,404,405,407,408,416,420,426,428,429,430,821,828,842,849,853,854,867,876,878,882,936,955,956,958,961,963,964,965,971,978,979	8	7,8,9,10,11,12,13,14,15,16,21,22,23,24,25,26,27,28,29,30,31,32,61,62,63,64,65,66,67,68,69,70,77,78,79,80,81,82,83,84,85,86,87,92,93,94,95,96,97,98,99,100,101,102,103,104,105	270	793	945	110|17|4|3|2|2|7|13|1|4|2|3
GA	Allmis	LTR	ERV4	SFV1-13_AMi-I	JH735459:207399-208878+	JH736112:7666-9426+	55	129	0	136,138,140,159,173,175,177,178,180,182,634,638,639,649,651	135,137,139,158,172,174,176,177,179,181,635,639,640,650,652	2	4,5,6,7,8,9,10,11,12,13,29,30,31,32,33	65	518	1480	55|10|1|2|5|4|24|20|1|1|3|1
GA	Allmis	LTR	ERV4	SFV1-13_AMi-I	JH735459:207399-208878+	JH739617:371791-373996-	63	151	0	219,225,230,240,243,245,528,549,591,593,595,597	219,225,230,240,243,245,528,549,591,593,595,597	2	8,9,10,11,12,13,28,29,30,31,32,33	97	379	1477	63|12|0|2|9|8|22|23|2|1|4|4
GA	Allmis	LTR	ERV4	SFV1-13_AMi-I	JH735459:207399-208878+	JH736990:97190-99315-	72	157	0	1022,1023,1041,106,107,108,1085,1092,1131,1145,140,148,151,157,159,160,170,173,175,183,186,213,215,217,218,219,225,233,630,634,638,639,649,651,654,95	1041,1042,106,1060,107,108,1104,1111,1150,1164,140,148,151,157,159,160,170,173,175,183,186,213,215,217,218,219,225,233,642,646,650,651,661,663,666,95	4	3,4,5,6,7,8,9,10,11,12,13,14,15,16,17,18,19,20,21,22,23,24,40,41,42,43,44,45,46,58,59,60,61,62,63,64	289	1070	1485	72|17|1|2|5|3|23|23|4|0|4|2
GA	Allmis	LTR	ERV4	SFV1-13_AMi-I	JH735459:207399-208878+	JH737439:86470-88420-	105	175	0	1039,1041,1048,1049,1085,1088,1090,1092,1237,1263,1265,1278,1286,157,159,173,175,177,178,180,182,183,213,215,217,218,219,22,225,24,341,35,354,36,360,371,38,380,381,383,395,398,399,40,400,403,420,422,423,424,64,784,837,862,864,871,872,874,944,947,949,957,964,978	1053,1055,1062,1063,1099,1102,1104,1106,1249,1275,1277,1290,1298,157,159,173,175,177,178,180,182,183,206,208,210,211,212,219,22,24,346,35,359,36,365,376,38,385,386,388,40,400,403,404,405,408,426,428,429,430,64,789,849,876,878,885,886,888,958,961,963,971,978,992	9	1,2,3,4,5,6,7,12,13,14,15,16,17,18,19,20,23,24,25,26,27,28,35,36,37,38,39,40,41,42,43,44,45,46,47,48,49,50,61,62,63,64,65,66,67,70,71,72,73,74,75,81,82,83,84,85,86,87,88,95,96,97,98,99	409	1277	1482	105|6|3|3|3|3|16|24|1|2|7|1
GA	Allmis	LTR	ERV4	SFV1-13_AMi-I	JH735459:207399-208878+	JH738596:14080-15730-	42	123	0	178,180,183,186,187,22,24,32,35,36	178,180,183,186,187,22,24,32,35,36	2	1,2,3,4,5,8,9,10,11,12	25	166	1108	42|15|1|1|3|1|33|17|0|1|2|2
GA	Allmis	LTR	ERV4	SFV1-13_AMi-I	JH735459:207399-208878+	JH737364:69084-70907-	66	123	0	133,135,136,138,140,197,198,200,202,203,217,218,225,230,233,549,591,593,594,595,597,862,864,871,872,874,928,935,944,947,949,957,978	133,135,136,138,140,197,198,200,202,203,217,218,225,230,233,548,590,592,593,594,596,868,870,877,878,880,934,941,950,953,955,963,984	5	6,7,8,9,10,14,15,16,17,18,19,20,21,22,23,37,38,39,40,41,42,52,53,54,55,56,57,58,59,60,61,62,63	212	852	1108	66|12|0|1|1|1|14|17|1|1|4|3
GA	Allmis	LTR	ERV4	SFV1-13_AMi-I	JH735459:207399-208878+	JH737047:67755-69165-	52	80	0	498,503,505,507,515,528,549,597,630,634,638,639,641,935,944,947,949,957,964,977,978	104,117,138,186,219,223,227,228,230,531,540,543,545,553,560,573,574,87,92,94,96	3	5,6,7,8,9,10,11,12,15,16,17,18,19,36,37,38,39,40,41,42,43	156	488	697	52|6|0|1|0|2|3|13|0|0|1|2
GA	Allmis	LTR	ERV4	SFV1-13_AMi-LTR	JH731181:575226-575489-	JH737548:38014-38783-	12	20	0	103,119,162,181,184,217,218,220,222,228,230	609,625,668,687,690,723,724,726,728,734,736	2	1,2,3,4,5,6,7,8,9,10,11	129	128	231	12|0|0|0|1|0|1|0|0|0|2|2
GA	Allmis	LTR	ERV4	SFV1-13_AMi-I	JH735641:657524-659164+	JH736112:7666-9426+	72	122	0	1011,1013,1031,1033,1035,1037,1042,1055,255,265,296,297,317,323,326,327,329,330,708,710,718,720,730,733,746,75,82,86,87,96,97,983,988,99	1256,1258,1266,1268,1278,1281,1294,1532,1537,1560,1562,1580,1582,1584,1586,1591,1604,628,635,639,640,649,650,652,808,818,849,850,870,876,879,880,882,883	5	9,10,11,12,13,14,15,24,25,26,27,28,29,30,31,32,33,47,48,49,50,51,52,53,63,64,65,66,67,68,69,70,71,72	214	977	1070	72|12|2|0|3|0|15|14|0|0|3|0
GA	Allmis	LTR	ERV4	SFV1-13_AMi-I	JH735641:657524-659164+	JH736990:97190-99315-	78	150	0	1011,1013,102,23,27,323,326,327,329,330,43,45,467,469,474,475,477,478,540,547,555,592,600,679,682,684,685,69,708,710,82,86,87,9,96,97,973,983,988,99	1031,1033,1038,1039,1041,1042,1104,1111,1119,1156,1164,1243,1246,1248,1249,1272,1274,1538,1548,1553,1576,1578,573,587,591,607,609,633,646,650,651,660,661,663,666,887,890,891,893,894	7	1,2,3,4,5,6,7,8,9,10,11,12,13,24,25,26,27,28,33,34,35,36,37,38,42,43,44,45,46,48,49,50,51,52,53,67,68,69,70,71	249	1006	1113	78|16|1|6|4|2|16|18|3|0|5|1
GA	Allmis	LTR	ERV4	SFV1-13_AMi-I	JH735641:657524-659164+	JH737439:86470-88420-	150	221	0	1011,1013,1031,1033,1035,1037,1042,1047,1055,1058,1063,1064,1066,1070,1073,1085,1086,1122,1125,1129,1131,1132,1135,1136,1139,1143,1144,1153,1154,1156,1167,1169,1170,1171,1172,1174,1180,1183,1184,1186,1199,1202,1205,1217,1218,1222,1225,1247,255,271,292,296,297,308,317,319,323,326,327,329,330,396,397,399,402,404,405,406,467,468,469,474,475,478,494,496,504,983,986,988	1026,1027,1028,1033,1034,1037,1053,1055,1063,1541,1544,1546,1569,1571,1589,1591,1593,1595,1600,1605,1613,1616,1621,1622,1624,1628,1631,1636,1637,1660,1663,1667,1669,1670,1673,1674,1677,1681,1682,1691,1692,1694,1705,1707,1708,1709,1710,1712,1718,1721,1722,1724,1737,1740,1743,1755,1756,1760,1763,1786,812,828,851,855,856,867,876,878,882,885,886,888,889,955,956,958,961,963,964,965	8	15,16,17,18,19,20,21,22,23,24,25,26,27,30,31,32,33,34,35,36,41,42,43,44,45,46,47,48,49,89,90,91,92,93,94,95,96,97,98,99,100,101,102,103,104,105,106,107,108,109,110,111,112,113,114,115,116,117,118,119,120,121,122,123,124,125,126,127,128,129,130,131,132,133,134,135,136,137,138,139	377	975	1402	150|11|4|3|1|2|20|18|1|3|7|1
GA	Allmis	LTR	ERV4	SFV1-13_AMi-I	JH735641:657524-659164+	JH739617:371791-373996-	79	146	0	1011,1013,1031,1033,1037,1042,1047,1055,1063,1078,23,266,27,296,297,317,319,323,327,329,39,396,397,402,404,405,41,43,45,679,682,685,692,694,708,710,720,730,75,78,82,86,87,9,97,983,988	1227,1230,1233,1240,1242,1256,1258,1268,1278,1532,1537,1560,1562,1580,1582,1585,1591,1596,1604,1612,1627,561,575,579,591,593,595,597,627,630,634,638,639,649,815,845,846,866,868,872,876,878,944,945,950,952,953	7	1,2,3,4,5,6,7,8,9,10,11,12,13,24,25,26,27,28,29,30,31,32,33,34,35,36,47,48,49,50,51,52,53,54,55,68,69,70,71,72,73,74,75,76,77,78,79	379	1067	1097	79|13|1|2|4|5|19|18|1|0|3|1
GA	Allmis	LTR	ERV4	SFV1-13_AMi-I	JH735641:657524-659164+	JH737633:135276-136813+	69	129	0	156,157,181,182,185,555,574,589,592,600,674,676,679,682,685,69,708,710,718,720,730,733,75,78,82,86,96,97,99	1119,1138,1153,1156,1164,1238,1240,1243,1246,1249,1272,1274,1282,1284,1294,1297,633,639,642,646,650,660,661,663,720,721,745,746,749	5	4,5,6,7,8,9,10,11,12,13,14,15,16,35,36,37,38,39,41,42,43,44,45,48,49,50,51,52,53	202	665	972	69|16|1|2|2|2|15|18|2|1|1|0
GA	Allmis	LTR	ERV4	SFV1-13_AMi-I	JH735641:657524-659164+	JH736241:1279566-1280918-	34	87	0	323,329,330,334,336,708,710,718,720,730,733	1271,1273,1281,1283,1293,1296,886,892,893,897,899	2	12,13,14,15,16,28,29,30,31,32,33	40	411	787	34|17|1|0|0|0|20|10|3|0|2|0
GA	Allmis	LTR	ERV4	SFV1-13_AMi-I	JH735641:657524-659164+	JH736323:348134-349246-	28	58	0	396,405,406,420,432,69,75,82,86,96	621,627,634,638,648,948,957,958,972,984	2	4,5,6,7,8,18,19,20,21,22	65	364	560	28|9|1|0|1|0|10|7|0|0|1|0
GA	Allmis	LTR	ERV4	SFV1-13_AMi-I	JH735641:657524-659164+	JH739720:39577-41375-	29	55	0	1013,1018,1031,1033,1037,1042,1047,1051,1055,1073,1076,1078	1498,1503,1516,1518,1522,1527,1532,1536,1540,1558,1561,1563	1	18,19,20,21,22,23,24,25,26,27,28,29	66	66	460	29|5|1|0|1|1|8|10|0|0|0|0
GA	Allmis	LTR	ERV4	SFV1-13_AMi-I	JH735641:657524-659164+	JH738206:39380-40456-	30	59	0	156,157,169,182,185,323,326,330,334,336	671,672,684,697,700,838,841,846,850,852	2	8,9,10,11,12,20,21,22,23,24	45	182	560	30|9|1|0|0|1|7|8|1|0|2|0
GA	Allmis	LTR	ERV4	SFV1-13_AMi-I	JH735641:657524-659164+	JH737364:69084-70907-	52	81	0	23,27,292,296,297,317,319,323,326,327,329,330,383,39,390,396,397,399,402,404,405,406,41,42,43,45,66,69,75,78,82,86,87,9	560,574,578,590,592,593,594,596,617,620,626,629,633,637,638,843,847,848,868,870,874,877,878,880,881,934,941,947,948,950,953,955,956,957	5	1,2,3,4,5,6,7,8,9,10,11,12,13,14,15,26,27,28,29,30,31,32,33,34,35,36,37,38,39,40,41,42,43,44	197	398	560	52|9|1|0|0|0|8|8|0|0|2|1
GA	Allmis	LTR	ERV4	SFV1-13_AMi-I	JH735641:657524-659164+	JH737047:67755-69165-	62	92	0	149,156,157,181,182,185,292,296,297,304,317,319,320,323,326,345,346,347,390,396,397,399,402,404,405,406,412,419,420,432,433,462,468,469,474,475,477,478,66,69,75,78,82,86,87,89	207,210,216,219,223,227,228,230,290,297,298,322,323,326,433,437,438,445,458,460,461,464,467,486,487,488,531,537,538,540,543,545,546,547,553,560,561,573,574,603,609,610,615,616,618,619	7	5,6,7,8,9,10,11,12,17,18,19,20,21,22,27,28,29,30,31,32,33,34,35,36,37,38,39,40,41,42,43,44,45,46,47,48,49,50,51,52,53,54,55,56,57,58	252	413	560	62|10|1|1|0|0|7|10|0|0|1|0
GA	Allmis	LTR	ERV4	SFV1-13_AMi-I	JH735673:183426-184298-	JH737364:69084-70907-	58	78	0	100,101,154,161,167,168,170,173,175,176,177,274,275,355,361,372,402,404,406,414,415,63,68,714,720,734,752,753,755,88,90,98	1054,1055,1135,1141,1152,1182,1184,1186,1194,1195,1494,1500,1514,1532,1533,1535,843,848,868,870,878,880,881,934,941,947,948,950,953,955,956,957	4	4,5,6,7,8,9,10,11,12,13,14,15,16,17,18,19,23,24,25,26,27,28,29,30,31,32,50,51,52,53,54,55	300	693	868	58|5|2|0|3|0|5|3|0|0|1|0
GA	Allmis	LTR	ERV4	SFV1-13_AMi-I	JH735673:183426-184298-	JH737047:67755-69165-	71	93	0	116,117,118,161,167,168,170,173,175,176,177,183,190,203,204,216,239,240,245,246,248,375,389,404,406,414,415,418,433,435,445,446,457,459,600,602,605,611,614,63,635,649,659,670,675,68,731,75,752,753,760,765,816,828,854,860,88,90,91	1005,1019,1029,1040,1045,1101,1122,1123,1129,1134,1185,1197,1224,1230,433,438,445,458,460,461,486,487,488,531,537,538,540,543,545,546,547,553,560,573,574,586,609,610,615,616,618,745,759,774,776,784,785,788,803,805,815,816,827,829,970,972,975,981,984	8	4,5,6,7,8,9,10,11,12,13,14,15,16,17,18,19,20,21,22,23,24,25,27,28,29,30,31,36,37,38,39,40,41,42,43,44,45,46,47,48,53,54,55,56,57,58,59,60,61,62,63,64,65,66,67,68,69,70,71	514	798	872	71|5|2|0|0|0|7|5|0|0|0|2
GA	Allmis	LTR	ERV4	SFV1-13_AMi-I	JH735673:183426-184298-	JH737439:86470-88420-	37	52	0	100,101,167,168,170,173,175,176,177,238,239,240,245,246,265,42,63,68,79,88,90,98	1026,1027,1028,1033,1034,1053,828,851,856,867,876,878,886,888,889,955,956,958,961,963,964,965	3	4,5,6,7,8,9,10,11,12,15,16,17,18,19,20,21,25,26,27,28,29,30	101	226	332	37|2|2|1|0|0|3|4|0|1|2|0
GA	Allmis	LTR	ERV4	SFV1-13_AMi-I	JH735963:100479-101354-	JH737439:86470-88420-	61	83	0	12,16,220,223,246,248,250,251,279,284,285,295,300,301,303,307,310,313,365,367,368,379,380,389,390,392,405,406,407,408,410,416,419,420,422,435,453,501,503,508,520,541,570,594,60,601,607,609,612,62,66,72,9	1330,1333,1337,1381,1383,1387,1393,1541,1544,1567,1569,1571,1572,1600,1605,1606,1616,1621,1622,1624,1628,1631,1634,1667,1669,1670,1681,1682,1691,1692,1694,1707,1708,1709,1710,1712,1718,1721,1722,1724,1737,1755,1803,1805,1810,1822,1843,1872,1896,1903,1909,1911,1914	6	1,2,3,4,5,6,7,12,13,14,15,16,17,18,19,20,21,22,23,24,25,26,27,28,29,30,31,32,33,34,35,36,37,38,39,40,41,42,43,44,45,46,50,51,52,53,54,55,56,57,58,59,60	394	585	638	61|3|2|2|2|2|6|2|0|1|1|1
GA	Allmis	LTR	ERV4	SFV1-13_AMi-LTR	JH731194:301104-301858+	JH734215:45816-46564+	35	53	0	185,210,212,223,231,233,591,593,595,607,612,709,711,712,713,719,720,721	183,208,210,221,229,231,588,590,592,604,609,703,705,706,707,713,714,715	3	6,7,8,9,10,11,21,22,23,24,25,29,30,31,32,33,34,35	84	533	740	35|3|1|0|0|0|6|5|1|0|0|1
GA	Allmis	LTR	ERV4	SFV1-13_AMi-LTR	JH731194:301104-301858+	JH732397:417969-418722-	25	54	0	102,136,151,167,185,206,210,212,40,74	102,133,147,163,183,204,208,210,40,74	1	1,2,3,4,5,6,7,8,9,10	171	171	753	25|3|0|1|2|1|6|8|3|0|2|1
GA	Allmis	LTR	ERV4	SFV1-13_AMi-LTR	JH731194:301104-301858+	JH732157:41448-42200+	40	61	0	102,108,138,162,167,185,223,231,247,249,260,294,517,531,540,543,555,589,591,593,595,612	103,109,136,160,165,185,223,231,247,249,260,294,518,532,541,544,556,590,592,594,596,613	4	3,4,5,6,7,8,11,12,13,14,15,16,22,23,24,25,26,28,29,30,31,32	218	511	742	40|3|1|0|1|0|5|5|1|0|2|2
GA	Allmis	LTR	ERV4	SFV1-13_AMi-LTR	JH731194:301104-301858+	JH737242:1129367-1130125-	30	56	0	102,136,138,151,167,210,219,220,221,223,585,588,593,595,625	102,133,135,148,164,209,219,220,221,223,592,595,600,602,632	3	3,4,5,6,7,8,9,10,11,12,24,25,26,27,28	164	531	756	30|4|1|2|1|2|6|6|1|0|1|1
GA	Allmis	LTR	ERV4	SFV1-13_AMi-LTR	JH731194:301104-301858+	JH737633:134518-135276+	29	57	0	162,167,185,210,212,223,585,588,593,595,612	158,163,183,209,211,222,592,595,600,602,619	2	6,7,8,9,10,11,23,24,25,26,27	93	462	756	29|11|0|1|1|0|4|6|0|0|2|2
GA	Allmis	LTR	ERV4	SFV1-13_AMi-LTR	JH731194:301104-301858+	JH731638:70993-71749+	33	57	0	210,212,223,231,247,249,252,294,361,373,384,388,396,398	208,210,221,229,243,245,248,290,357,369,381,385,393,395	2	4,5,6,7,8,9,10,11,16,17,18,19,20,21	122	188	755	33|3|1|1|1|0|6|6|2|1|1|1
GA	Allmis	LTR	ERV4	SFV1-13_AMi-LTR	JH731194:301104-301858+	JH738772:94377-95140-	41	62	0	102,108,124,138,167,18,247,249,256,260,294,373,384,388,398,40,414,418,593,595,612,652,659,672,74	102,108,123,137,166,18,248,250,257,261,295,374,385,389,399,40,415,419,605,607,624,664,671,681,74	4	1,2,3,4,5,6,7,8,13,14,15,16,17,21,22,23,24,25,26,34,35,36,37,38,39	320	664	754	41|4|1|1|2|0|4|5|1|0|1|1
GA	Allmis	LTR	ERV4	SFV1-13_AMi-LTR	JH731194:301104-301858+	JH732272:69733-70490-	32	63	0	162,167,185,210,212,223,233,235,373,384,398,414,418,426	159,164,184,209,211,223,233,235,371,382,396,412,416,424	2	5,6,7,8,9,10,11,12,16,17,18,19,20,21	131	266	755	32|6|1|1|2|1|10|4|1|0|1|3
GA	Allmis	LTR	ERV4	SFV1-13_AMi-LTR	JH731194:301104-301858+	JH738606:45170-45925+	31	63	0	219,220,221,223,231,260,268,270,585,588,595,612,618	216,217,218,220,228,255,263,265,589,592,599,616,622	2	7,8,9,10,11,12,13,14,25,26,27,28,29	84	407	754	31|5|2|0|2|1|9|4|1|1|4|2
GA	Allmis	LTR	ERV4	SFV1-13_AMi-LTR	JH731194:301104-301858+	JH735341:1473633-1474397+	33	56	0	149,162,167,185,210,212,219,220,221,223,249,291,294,346,361,373,384,396,398,593,595,612,652,659,672	153,166,171,191,216,218,225,226,227,229,255,297,300,352,367,379,391,403,405,614,616,633,673,680,690	4	1,2,3,4,5,6,7,8,9,10,11,12,13,16,17,18,19,20,21,28,29,30,31,32,33	280	538	738	33|4|2|0|0|0|5|4|1|0|1|1
GA	Allmis	LTR	ERV4	SFV1-13_AMi-LTR	JH731194:301104-301858+	JH732467:745001-745753+	37	60	0	396,398,414,418,426,588,593,595,612,659	389,391,407,411,419,589,594,596,613,660	2	17,18,19,20,21,28,29,30,31,32	103	272	753	37|7|2|0|0|0|5|4|1|0|2|1
GA	Allmis	LTR	ERV4	SFV1-13_AMi-LTR	JH731194:301104-301858+	JH736990:99315-100082-	33	67	0	102,138,18,373,384,388,396,398,40,414,418,98	102,137,18,382,393,397,40,405,407,423,427,98	2	1,2,3,4,5,15,16,17,18,19,20,21	166	410	760	33|7|2|1|1|1|7|6|3|0|1|4
GA	Allmis	LTR	ERV4	SFV1-13_AMi-LTR	JH731194:301104-301858+	JH735597:1032167-1032920+	61	79	0	136,138,149,151,167,185,210,212,223,231,233,235,247,249,252,260,288,293,294,373,384,394,396,398,406,414,517,520,524,531,543,555,563,585,591,593,595,612,659,672	138,140,151,153,169,189,214,216,227,235,237,239,251,253,256,264,292,297,298,377,388,398,400,402,410,418,520,523,527,534,546,558,566,588,594,596,598,615,661,671	4	4,5,6,7,8,9,10,11,12,13,14,15,16,17,18,19,20,21,22,28,29,30,31,32,33,34,41,42,43,44,45,46,47,48,49,50,51,52,53,54	356	534	753	61|3|0|2|2|0|3|5|1|0|0|1
GA	Allmis	LTR	ERV4	SFV1-13_AMi-LTR	JH731194:301104-301858+	JH734117:638217-638971+	41	73	0	343,346,350,351,352,384,388,392,394,396,398,588,593,595,612,659	338,341,345,346,347,379,383,387,389,391,393,591,596,598,615,662	3	10,11,12,13,14,16,17,18,19,20,21,31,32,33,34,35	97	325	754	41|7|2|1|1|1|7|5|0|0|1|1
GA	Allmis	LTR	ERV4	SFV1-13_AMi-LTR	JH731194:301104-301858+	JH734091:183738-184507+	33	66	0	373,384,388,392,394,396,398,414,418,517,531,543,555,563	384,395,399,403,405,407,409,425,429,529,550,562,574,582	2	12,13,14,15,16,17,18,19,20,24,25,26,27,28	100	199	761	33|5|1|2|4|3|5|7|2|0|2|1
GA	Allmis	LTR	ERV4	SFV1-13_AMi-LTR	JH731194:301104-301858+	JH735343:299021-299775+	54	79	0	102,124,136,18,223,231,247,249,260,294,392,394,396,398,40,406,414,589,591,593,595,607,612,709,711,712,719,720,721	102,121,133,18,220,229,243,245,256,290,388,390,392,394,40,402,410,592,594,596,598,610,615,709,711,712,719,720,721	5	1,2,3,4,5,9,10,11,12,13,14,21,22,23,24,25,26,35,36,37,38,39,40,45,46,47,48,49,50	247	704	754	54|3|5|1|1|1|3|5|1|1|2|1
GA	Allmis	LTR	ERV4	SFV1-13_AMi-I	JH735984:71996-73344+	JH738596:14080-15730-	76	172	0	22,23,24,25,32,35,36,393,395,396,423,426,53,965,966,968,974,975	22,23,24,25,32,35,36,381,383,384,411,414,53,948,949,951,957,958	3	1,2,3,4,5,6,7,8,29,30,31,32,33,69,70,71,72,73	77	937	1089	76|35|6|2|6|5|6|19|2|2|3|5
GA	Allmis	LTR	ERV4	SFV1-13_AMi-I	JH735984:71996-73344+	JH736112:7666-9426+	94	171	0	24,25,254,266,273,279,281,36,39,41,42,53,645,652,654,656,657,813,820,824,825,826,865,866,871,886,892,895,896,898,899	23,24,243,255,262,268,270,35,38,40,41,52,628,635,637,639,640,796,804,808,809,810,849,850,855,870,876,879,880,882,883	5	1,2,3,4,5,6,7,24,25,26,27,28,54,55,56,57,58,71,72,73,74,75,79,80,81,82,83,84,85,86,87	121	861	1090	94|31|4|0|8|6|5|15|1|1|2|3
GA	Allmis	LTR	ERV4	SFV1-13_AMi-I	JH735984:71996-73344+	JH736990:97190-99315-	116	190	0	1038,1043,1044,1046,1047,106,107,108,148,151,157,159,160,207,213,215,217,218,219,223,225,226,227,233,250,252,254,255,257,269,271,273,279,281,401,402,414,423,426,579,582,593,597,608,723,726,727,755,767,774,777,780,892,895,896,898,899,927,95,99	1033,1038,1039,1041,1042,106,107,108,148,151,157,159,160,207,213,215,217,218,219,223,225,226,227,233,250,252,254,255,257,269,271,273,279,281,401,402,414,423,426,573,576,587,591,602,717,720,721,749,761,768,771,774,887,890,891,893,894,922,95,99	9	6,7,8,9,10,11,12,13,14,15,21,22,23,24,25,26,27,28,29,30,31,32,33,34,35,36,37,38,39,40,41,51,52,53,54,55,65,66,67,68,69,81,82,83,84,85,86,87,88,99,100,101,102,103,104,110,111,112,113,114	303	948	1095	116|29|2|3|7|2|8|13|2|2|2|4
GA	Allmis	LTR	ERV4	SFV1-13_AMi-I	JH735984:71996-73344+	JH739617:371791-373996-	106	177	0	205,207,219,223,225,226,227,23,230,24,240,25,257,266,271,273,279,281,35,39,401,402,407,41,414,42,423,432,53,579,582,593,597,608,645,648,652,654,656,657,723,726,727,755,767,770,774,780,813,820,824,825,826,865,866,871,886,888,965,966,971,973,974	205,207,219,223,225,226,227,23,230,24,240,245,25,254,259,261,267,269,35,389,39,390,395,402,41,411,42,420,53,561,564,575,579,590,627,630,634,636,638,639,702,705,706,734,746,749,753,759,792,800,804,805,806,845,846,851,866,868,944,945,950,952,953	10	1,2,3,4,5,6,7,8,16,17,18,19,20,21,22,23,24,25,26,27,28,29,30,40,41,42,43,44,45,57,58,59,60,61,65,66,67,68,69,70,74,75,76,77,78,79,80,81,83,84,85,86,87,91,92,93,94,95,101,102,103,104,105	279	931	1087	106|25|2|1|6|4|9|15|2|1|2|4
GA	Allmis	LTR	ERV4	SFV1-13_AMi-I	JH735984:71996-73344+	JH739720:39577-41375-	49	116	0	645,648,654,656,657,669,670,672,674,675,866,871,892,895,927	406,409,415,417,418,430,431,433,435,436,628,633,654,657,689	3	21,22,23,24,25,26,27,28,29,30,39,40,41,42,43	94	284	841	49|25|1|1|3|2|8|17|1|1|3|4
GA	Allmis	LTR	ERV4	SFV1-13_AMi-LTR	JH731194:301104-301858+	JH733622:687916-688674-	59	87	0	122,124,128,136,138,180,185,206,210,212,219,220,221,223,231,247,249,256,260,293,294,343,346,351,373,384,388,392,394,396,398,406,414,422,589,591,593,595,612	119,121,125,133,135,181,186,207,211,213,220,221,222,224,232,246,248,255,259,292,293,342,345,350,372,384,388,392,394,396,398,406,414,422,596,598,600,602,619	6	6,7,8,9,10,12,13,14,15,16,17,18,19,20,21,22,23,24,25,26,27,32,33,34,35,36,37,38,39,40,41,42,43,44,51,52,53,54,55	237	501	745	59|5|1|0|2|4|3|6|0|0|4|1
GA	Allmis	LTR	ERV4	SFV1-13_AMi-LTR	JH731194:301104-301858+	JH735459:209550-210156+	22	46	0	167,210,212,223,231,270,388,392,394,396,398	11,114,232,236,238,240,242,56,58,69,77	2	1,2,3,4,5,6,8,9,10,11,12	115	232	602	22|4|2|0|0|0|8|6|2|0|1|0
GA	Allmis	LTR	ERV4	SFV1-13_AMi-I	JH735997:352575-352934-	JH737047:67755-69165-	22	31	0	101,229,234,243,264,278,33,35,37,4,47,62,64,74,75,86,88,98,99	1005,1019,745,774,776,778,788,803,805,815,816,827,829,839,840,842,970,975,984	3	1,2,3,4,5,6,7,8,9,10,11,12,13,14,16,17,18,19,20	149	275	359	22|1|0|0|0|0|4|3|0|0|0|1
GA	Allmis	LTR	ERV4	SFV1-13_AMi-I	JH735997:352974-353999-	JH736112:7666-9426+	39	95	0	12,49,51,53,66,86,88,90,91,93,95	135,137,139,152,172,174,176,177,179,181,98	2	1,2,3,4,5,6,7,8,9,10,11	85	84	1026	39|12|0|2|6|2|15|13|1|1|1|1
GA	Allmis	LTR	ERV4	SFV1-13_AMi-I	JH735997:352974-353999-	JH737364:69084-70907-	59	105	0	105,106,110,111,113,115,116,117,46,48,49,504,506,507,508,51,510,53,531,534,540,551,552,70,855,862,864,867,869,870	133,135,136,138,140,157,192,193,197,198,200,202,203,204,590,592,593,594,596,617,620,626,637,638,941,948,950,953,955,956	5	1,2,3,4,5,6,8,9,10,11,12,13,14,15,32,33,34,35,36,37,38,39,40,41,48,49,50,51,52,53	104	824	1024	59|7|0|2|2|2|14|8|2|0|3|3
GA	Allmis	LTR	ERV4	SFV1-13_AMi-I	JH735997:352974-353999-	JH739617:371791-373996-	43	109	0	132,143,153,156,158,441,504,506,508,510	219,230,240,243,245,528,591,593,595,597	2	5,6,7,8,9,22,23,24,25,26	97	379	1013	43|14|0|2|5|5|17|17|1|1|1|3
GA	Allmis	LTR	ERV4	SFV1-13_AMi-I	JH735997:352974-353999-	JH736990:97190-99315-	53	126	0	105,106,117,12,126,128,19,20,21,53,61,64,70,73,8,83,86,88	106,107,108,140,148,151,157,160,170,173,175,192,193,204,213,215,95,99	3	1,2,3,4,5,6,7,8,9,10,11,12,13,14,15,16,17,18	123	121	1031	53|19|1|3|6|5|15|16|2|0|3|2
GA	Allmis	LTR	ERV4	SFV1-13_AMi-I	JH735997:352974-353999-	JH737439:86470-88420-	56	108	0	211,222,224,225,227,231,254,267,284,294,296,308,312,313,315,316,327,333,335,336,337,862,864,867,869,870	303,314,316,317,319,323,346,359,376,386,388,400,404,405,407,408,420,426,428,429,430,956,958,961,963,964	4	3,4,5,6,7,8,9,10,11,12,13,14,15,16,17,18,19,20,21,22,23,37,38,39,40,41	139	662	875	56|8|2|2|4|2|9|15|1|3|4|1
GA	Allmis	LTR	ERV4	SFV1-13_AMi-I	JH735997:352974-353999-	JH737047:67755-69165-	47	76	0	531,534,540,551,552,554,720,769,782,784,785,855,862,864,867,869,870,897,898,910,927,933,934	207,210,216,227,228,230,396,445,458,460,461,531,538,540,543,545,546,573,574,586,603,609,610	4	10,11,12,13,14,15,22,23,24,25,26,30,31,32,33,34,35,38,39,40,41,42,43	144	404	701	47|4|0|2|3|2|7|9|0|0|0|1
GA	Allmis	LTR	ERV4	SFV1-13_AMi-I	JH736051:148039-150039+	JH738777:1497300-1499481-	87	206	0	1496,1499,1502,1512,1514,1533,1535,1536,1537,1538,1597,1598,1617,1619,1620,1626,1645,1651,1654,1657	1597,1600,1603,1613,1615,1634,1636,1637,1638,1639,1700,1701,1720,1722,1723,1729,1747,1753,1756,1759	3	48,49,50,51,52,55,56,57,58,59,60,61,63,64,65,66,67,68,69,70	127	163	2002	87|20|4|7|4|3|38|23|0|1|4|4
GA	Allmis	LTR	ERV4	SFV1-13_AMi-I	JH736051:148039-150039+	JH739617:371791-373996-	145	239	0	126,131,145,147,1521,1524,153,1533,1535,1536,1538,1541,1543,1545,1563,1577,1581,1598,1604,1628,1635,1636,1637,1645,1651,1654,1657,1662,1665,1679,1683,1687,1704,1706,1732,184,1933,1934,1950,1965,1987,1997,204,234,241,246,248,269,316,317,318,329,346,455,469,473,485,487,489,491,521,524,528,532,543	1644,1647,1656,1658,1659,1661,1664,1666,1668,1687,1701,1705,1723,1729,1754,1761,1762,1763,1771,1777,1781,1784,1789,1792,1806,1810,1814,1832,1834,1860,2061,2062,2078,2093,2115,2125,240,245,259,261,267,298,318,348,355,360,362,383,422,423,424,435,452,561,575,579,591,593,595,597,627,630,634,638,649	7	8,9,10,11,12,13,14,15,16,17,18,19,23,24,25,26,27,35,36,37,38,39,40,41,42,43,44,45,46,99,100,101,102,103,104,105,106,107,108,109,110,111,112,113,114,115,116,117,118,119,120,121,122,123,124,125,126,127,128,140,141,142,143,144,145	548	1886	2003	145|18|2|3|7|7|21|19|2|0|3|3
GA	Allmis	LTR	ERV4	SFV1-13_AMi-I	JH736051:148039-150039+	JH736379:905617-907163+	49	127	0	1521,1533,1538,1554,1556,1557,1566,1584,1604,1619,1625,1626,1628,587,595,602,628,631,635	1002,1019,1021,1022,1031,1049,1070,1086,1092,1093,1095,32,40,47,73,76,80,985,997	3	1,2,3,4,5,6,24,25,26,27,28,29,30,31,32,33,34,35,36	161	1064	1456	49|15|2|1|2|2|39|12|0|4|0|0
GA	Allmis	LTR	ERV4	SFV1-13_AMi-I	JH736051:148039-150039+	JH736112:7666-9426+	101	170	0	1137,1139,1149,1159,1170,1175,1190,1194,1205,1449,1459,1463,1468,147,1481,1499,1502,1506,1512,1514,1521,1524,153,1533,1535,1536,1537,1541,1543,203,204,207,39,45,485,487,489,491,512,521,528,532,542,543,545,59,61,63,64,66,763,769,773,775,776	1256,1258,1268,1278,1289,1294,1309,1313,1324,152,1572,158,1582,1586,1591,1604,1622,1625,1629,1635,1637,1644,1647,1656,1658,1659,1660,1663,1665,172,174,176,177,179,262,268,318,319,322,592,594,596,598,619,628,635,639,649,650,652,870,876,880,882,883	8	4,5,6,7,8,9,10,17,18,19,20,21,34,35,36,37,38,39,40,41,42,43,44,54,55,56,57,58,64,65,66,67,68,69,70,71,72,81,82,83,84,85,86,87,88,89,90,91,92,93,94,95,96,97,98	329	1514	1618	101|12|4|1|4|3|17|16|0|0|2|0
GA	Allmis	LTR	ERV4	SFV1-13_AMi-I	JH736051:148039-150039+	JH736990:97190-99315-	117	189	0	101,103,104,105,111,119,131,143,145,147,1521,1524,153,1533,1535,1536,1537,1538,1541,1543,1545,1549,1557,1563,195,197,207,37,43,45,455,46,469,473,489,491,515,528,532,542,543,545,56,59,61,69,72,78,79,90,913,915,921,923,924,99	1031,1033,1039,1041,1042,151,157,159,160,1660,1663,1672,1674,1675,1676,1677,1680,1682,1684,1688,1696,170,1702,173,175,183,186,192,193,204,213,215,217,218,219,225,233,257,269,271,273,279,321,323,333,573,587,591,607,609,633,646,650,660,661,663	7	3,4,5,6,7,8,9,10,11,12,13,14,15,16,17,18,19,20,21,22,23,24,25,26,27,28,29,44,45,46,47,48,49,50,51,52,53,54,71,72,73,74,75,105,106,107,108,109,110,111,112,113,114,115,116,117	332	1552	1588	117|14|1|2|5|2|17|15|2|0|3|2
GA	Allmis	LTR	ERV4	SFV1-13_AMi-I	JH736051:148039-150039+	JH738247:100154-101411-	61	136	0	1463,1468,1473,1477,1499,1502,1533,1535,1536,1537,1538,1577,1581,1604,1617,1619,1620,1625,1626,1635,1636,1637,1645,1651,1654,1657	1027,1032,1037,1041,1063,1066,1097,1099,1100,1101,1102,1143,1147,1171,1188,1190,1191,1196,1197,1206,1207,1208,1216,1222,1225,1228	4	30,31,32,33,34,35,36,37,38,39,40,45,46,47,48,49,50,51,52,53,54,55,56,57,58,59	164	202	1244	61|13|2|2|4|1|30|15|2|1|3|1
GA	Allmis	LTR	ERV4	SFV1-13_AMi-I	JH736051:148039-150039+	JH737439:86470-88420-	123	194	0	1159,1170,1187,1202,1205,1209,1253,1449,1459,1463,1468,1473,1481,1484,1489,1490,1492,1496,1499,1502,184,195,197,198,200,204,227,234,240,241,246,248,257,266,267,269,754,763,765,769,775,776,850,851,865,866,879,913,914,915,921,924	1026,1027,1028,1034,1037,1287,1298,1315,1330,1333,1337,1381,1581,1591,1595,1600,1605,1613,1616,1621,1622,1624,1628,1631,1634,303,314,316,317,319,323,346,353,359,360,365,367,376,385,386,388,867,876,878,882,887,888,963,964,978,979,992	7	5,6,7,8,9,10,11,12,13,14,15,16,17,18,19,20,53,54,55,56,57,58,64,65,66,67,68,69,70,71,72,73,90,91,92,93,94,95,96,111,112,113,114,115,116,117,118,119,120,121,122,123	334	1332	1385	123|7|4|4|2|1|16|14|1|3|4|1
GA	Allmis	LTR	ERV4	SFV1-13_AMi-I	JH736051:148039-150039+	JH737364:315692-316816-	31	74	0	105,111,145,147,153,204,521,532,542,543,545	219,225,271,273,279,330,639,650,660,661,663	2	2,3,4,5,6,7,17,18,19,20,21	137	445	942	31|7|1|2|1|0|10|9|1|1|0|1
GA	Allmis	LTR	ERV4	SFV1-13_AMi-I	JH736051:148039-150039+	JH739720:39577-41375-	28	55	0	1463,1468,1473,1477,1481,1499,1502,1511,1512,1514,1521,1524	1522,1527,1532,1536,1540,1558,1561,1570,1571,1573,1580,1583	1	17,18,19,20,21,22,23,24,25,26,27,28	62	62	485	28|7|1|0|1|3|6|8|0|0|1|0
GA	Allmis	LTR	ERV4	SFV1-13_AMi-I	JH736051:148039-150039+	JH737364:69084-70907-	83	128	0	103,104,111,116,119,19,21,22,24,26,455,469,473,485,487,488,489,491,512,515,521,524,528,532,763,765,769,773,775,776,78,79,829,83,836,84,842,845,848,86,88,89,90	133,135,136,138,140,192,193,197,198,200,202,203,204,217,218,225,230,233,560,574,578,590,592,593,594,596,617,620,626,629,633,637,868,870,874,878,880,881,934,941,947,950,953	5	1,2,3,4,5,9,10,11,12,13,14,15,16,17,18,19,20,21,43,44,45,46,47,48,49,50,51,52,53,54,55,56,67,68,69,70,71,72,73,74,75,76,77	215	821	935	83|11|2|1|0|1|7|9|1|0|2|2
GA	Allmis	LTR	ERV4	SFV1-13_AMi-I	JH736051:148039-150039+	JH737364:69084-70907-	39	61	0	1108,1114,1121,1123,1127,1137,1139,1149,1159,1175,1409,1412,1414,1435,1437,1439,1444	1388,1394,1401,1403,1407,1417,1419,1429,1439,1455,1693,1696,1698,1719,1721,1723,1728	3	5,6,7,8,9,10,11,12,13,14,26,27,28,29,30,31,32	105	341	441	39|7|1|0|1|3|3|6|0|0|1|0
GA	Allmis	LTR	ERV4	SFV1-13_AMi-I	JH736051:148039-150039+	JH737047:67755-69165-	64	97	0	392,397,399,401,403,455,469,473,491,512,515,521,524,528,532,535,550,551,595,599,602,738,742,743,763,765,766,769,850,851,865,866,878,879,908,914,915,921,923,924	150,164,168,186,207,210,216,219,223,227,230,245,246,290,294,297,433,437,438,458,460,461,464,545,546,560,561,573,574,603,609,610,616,618,619,87,92,94,96,98	6	6,7,8,9,10,15,16,17,18,19,20,21,22,23,24,25,28,29,30,31,32,38,39,40,41,42,43,44,52,53,54,55,56,57,59,60,61,62,63,64	225	533	636	64|7|2|3|1|1|5|10|0|0|0|1
GA	Allmis	LTR	ERV4	SFV1-13_AMi-I	JH736051:148039-150039+	JH737047:67755-69165-	36	56	0	1137,1139,1149,1159,1170,1175,1449,1468,1473,1477,1481,1484	1007,1009,1019,1029,1040,1045,1322,1339,1344,1348,1352,1355	2	8,9,10,11,12,13,31,32,33,34,35,36	73	349	439	36|5|1|0|0|3|3|7|0|0|1|0
GA	Allmis	LTR	ERV4	SFV1-13_AMi-LTR	JH731195:184744-185436-	JH737242:1129367-1130125-	30	68	0	222,223,224,226,229,534,546,576,584,586	219,220,221,223,226,550,562,592,600,602	2	8,9,10,11,12,23,24,25,26,27	61	384	685	30|7|1|3|4|3|7|9|1|1|1|1
GA	Allmis	LTR	ERV4	SFV1-13_AMi-I	JH736112:7666-9426+	JH736990:97190-99315-	63	177	0	1020,1022,1027,1028,1030,1031,191,195,212,214,216,217,218	1031,1033,1038,1039,1041,1042,192,196,213,215,217,218,219	2	12,13,14,15,16,17,18,41,42,43,44,45,46	40	851	1714	63|22|0|2|7|1|48|18|4|1|5|5
GA	Allmis	LTR	ERV4	SFV1-13_AMi-I	JH736112:7666-9426+	JH737439:86470-88420-	107	212	0	1020,1021,1022,1027,1028,1031,1372,1374,1378,1379,1384,1514,1518,1535,1596,1607,1612,1613,1615,1619,212,214,216,217,218,299,310,312,313,315,399,400,401,403,404,415,421,950,955,957,958,959,965,972,986	1026,1027,1028,1033,1034,1037,1381,1383,1387,1388,1393,1523,1527,1544,1605,1616,1621,1622,1624,1628,206,208,210,211,212,303,314,316,317,319,403,404,405,407,408,420,426,956,961,963,964,965,971,978,992	7	15,16,17,18,19,22,23,24,25,26,34,35,36,37,38,39,40,59,60,61,62,63,64,65,66,67,68,69,70,71,72,89,90,91,92,93,97,98,99,100,101,102,103,104,105	250	1423	1674	107|12|3|2|7|3|41|16|3|3|9|5
GA	Allmis	LTR	ERV4	SFV1-13_AMi-I	JH736112:7666-9426+	JH737364:69084-70907-	47	114	0	185,191,195,196,197,199,201,202,216,217,385,390,421,423,424,425,950,955,957,958,959,965,986	186,192,196,197,198,200,202,203,217,218,384,389,419,421,422,423,948,953,955,956,957,963,984	3	7,8,9,10,11,12,13,14,15,16,21,22,23,24,25,26,37,38,39,40,41,42,43	110	799	1112	47|13|1|0|2|0|24|13|1|1|6|3
GA	Allmis	LTR	ERV4	SFV1-13_AMi-I	JH736112:7666-9426+	JH737364:69084-70907-	35	63	0	1230,1232,1240,1242,1246,1596,1600,1612,1613,1614,1615,1616,1619	1391,1393,1401,1403,1407,1757,1761,1773,1774,1775,1776,1777,1780	2	5,6,7,8,9,26,27,28,29,30,31,32,33	41	390	488	35|7|0|0|1|3|8|3|3|0|3|0
GA	Allmis	LTR	ERV4	SFV1-13_AMi-I	JH736112:7666-9426+	JH737047:67755-69165-	45	95	0	1015,1021,1022,1027,1028,1030,1031,504,506,508,516,529,550,950,955,957,958,959,965,972,985,986	104,117,138,538,543,545,546,547,553,560,573,574,603,609,610,615,616,618,619,92,94,96	3	5,6,7,8,9,10,27,28,29,30,31,32,33,34,35,37,38,39,40,41,42,43	101	528	701	45|9|1|1|2|1|15|15|0|0|2|3
GA	Allmis	LTR	ERV4	SFV1-13_AMi-I	JH736112:7666-9426+	JH737047:67755-69165-	33	55	0	1371,1372,1378,1379,1384,1596,1600,1607,1612,1613,1614,1615,1616,1619,1633,1634	1122,1123,1128,1129,1134,1344,1348,1355,1360,1361,1362,1363,1364,1367,1381,1382	2	11,12,13,14,15,23,24,25,26,27,28,29,30,31,32,33	52	261	487	33|4|0|0|0|3|6|3|3|0|3|0
GA	Allmis	LTR	ERV4	SFV1-15_AMi-I	JH733086:1260560-1262426+	JH736384:88946-91296-	60	180	0	1022,1044,1047,1050,1061,1067,1648,1652,1655,1661,1664	1025,1047,1050,1053,1064,1070,1651,1655,1658,1664,1667	2	31,32,33,34,35,36,51,52,53,54,55	63	643	1858	60|43|3|7|4|2|26|26|2|1|3|0
GA	Allmis	LTR	ERV4	SFV1-13_AMi-I	JH736241:1279566-1280918-	JH737633:135276-136813+	71	146	0	213,225,226,227,233,643,645,649,659,660,662,663,834,860,867,883,889	213,225,226,227,233,644,646,650,660,661,663,664,835,861,868,884,890	3	10,11,12,13,14,30,31,32,33,34,35,36,46,47,48,49,50	98	678	1352	71|19|3|2|5|2|20|19|4|0|0|1
GA	Allmis	LTR	ERV4	SFV1-13_AMi-I	JH736241:1279566-1280918-	JH736990:97190-99315-	99	166	0	106,107,108,140,148,151,157,160,170,173,175,183,186,207,213,215,217,218,219,225,226,227,233,250,252,255,257,269,271,273,643,645,649,650,659,660,662,663,665,95,99	106,107,108,140,148,151,157,160,170,173,175,183,186,207,213,215,217,218,219,225,226,227,233,250,252,255,257,269,271,273,644,646,650,651,660,661,663,664,666,95,99	5	5,6,7,8,9,10,11,12,13,14,15,16,17,18,19,22,23,24,25,26,27,28,29,30,31,32,33,34,35,36,37,38,58,59,60,61,62,63,64,65,66	184	572	1352	99|19|2|3|4|1|17|17|3|0|1|0
GA	Allmis	LTR	ERV4	SFV1-13_AMi-I	JH736241:1279566-1280918-	JH739617:371791-373996-	92	159	0	205,207,219,22,225,226,227,23,230,24,25,255,257,266,271,273,35,394,400,406,413,431,433,434,435,446,463,518,520,539,545,560,572,586,602,604,606,608,643,645,649,650,660,668,818,829,859,860,880,882,959,960,965,967,968	205,207,219,22,225,226,227,23,230,24,243,245,25,254,259,261,35,383,389,395,402,420,422,423,424,435,452,507,509,528,534,549,561,575,591,593,595,597,632,634,638,639,649,657,804,815,845,846,866,868,944,945,950,952,953	7	1,2,3,4,5,16,17,18,19,20,21,22,23,24,25,26,27,31,32,33,34,35,36,37,38,39,40,43,44,45,46,47,48,49,50,51,52,53,54,55,56,57,58,59,70,71,72,73,74,75,76,77,78,79,80	444	932	1344	92|13|1|2|6|5|18|17|0|0|2|3
GA	Allmis	LTR	ERV4	SFV1-13_AMi-I	JH736241:1279566-1280918-	JH737364:315692-316816-	42	107	0	207,219,225,226,227,643,649,650,659,660,662,663,665,667	207,219,225,226,227,644,650,651,660,661,663,664,666,668	2	5,6,7,8,9,22,23,24,25,26,27,28,29,30	46	462	1123	42|16|2|2|4|1|19|14|1|2|1|2
GA	Allmis	LTR	ERV4	SFV1-13_AMi-I	JH736241:1279566-1280918-	JH736323:348134-349246-	41	107	0	205,207,225,226,227,255,271,273,643,645,649,659,663,668	205,207,225,226,227,243,259,261,632,634,638,648,652,657	2	5,6,7,8,9,10,11,12,21,22,23,24,25,26	83	453	1117	41|17|4|3|4|1|20|14|0|0|1|1
GA	Allmis	LTR	ERV4	SFV1-13_AMi-I	JH736241:1279566-1280918-	JH737439:86470-88420-	136	195	0	1031,1032,1037,1041,1057,1059,106,1066,1067,107,1076,1103,1106,1108,1110,157,178,180,182,183,185,186,187,202,203,204,205,213,215,217,218,219,22,23,24,25,269,271,273,310,321,323,324,326,35,36,38,382,391,392,394,40,400,406,409,41,410,411,413,414,42,425,431,53,64,65,67,82,834,855,859,860,87,871,880,882,95,959,960,962,965,967,968,969,982,99,996	1027,1028,1033,1037,1053,1055,106,1062,1063,107,1072,1099,1102,1104,1106,157,175,177,179,180,182,183,184,195,196,197,198,206,208,210,211,212,22,23,24,25,262,264,266,303,314,316,317,319,35,36,376,38,385,386,388,394,40,400,403,404,405,407,408,41,419,42,426,53,64,65,67,82,828,849,853,854,867,87,876,878,95,955,956,958,961,963,964,965,978,99,992	10	1,2,3,4,5,6,7,8,9,10,11,12,13,14,15,16,17,18,19,20,21,22,23,24,25,26,27,28,29,30,31,32,33,34,35,36,37,42,43,44,45,46,47,48,49,54,55,56,57,58,59,60,61,62,63,64,65,66,93,94,95,96,97,98,99,102,103,104,105,106,107,108,109,110,111,112,113,114,115,116,117,118,119,120,121,122,123	508	1085	1349	136|6|2|3|4|1|13|19|2|1|7|1
GA	Allmis	LTR	ERV4	SFV1-13_AMi-I	JH736241:1279566-1280918-	JH738206:39380-40456-	48	112	0	207,225,226,227,266,271,273,643,659,660,662,663,668	167,187,188,189,216,221,223,595,611,612,614,615,620	2	3,4,5,6,7,8,9,23,24,25,26,27,28	83	454	1079	48|15|5|0|3|2|20|15|1|1|1|1
GA	Allmis	LTR	ERV4	SFV1-13_AMi-I	JH736241:1279566-1280918-	JH738596:14080-15730-	60	137	0	178,180,183,186,187,22,23,24,25,32,35,36,959,960,962,968,969	178,180,183,186,187,22,23,24,25,32,35,36,948,949,951,957,958	3	1,2,3,4,5,6,7,12,13,14,15,16,54,55,56,57,58	36	937	1117	60|18|6|3|5|1|19|15|0|2|1|2
GA	Allmis	LTR	ERV4	SFV1-13_AMi-I	JH736241:1279566-1280918-	JH737364:69084-70907-	90	140	0	133,136,138,140,157,186,192,197,198,200,207,217,218,22,225,226,227,23,230,233,24,25,266,271,273,35,395,400,431,433,434,435,446,53,560,572,586,602,604,605,606,608,64,643,645,649,65,650,663,67,79,855,859,860,880,882,890,946,953,959,960,962,965,967,968,969,996	133,136,138,140,157,186,192,197,198,200,207,217,218,22,225,226,227,23,230,233,24,25,254,259,261,35,384,389,419,421,422,423,434,53,548,560,574,590,592,593,594,596,631,633,637,638,64,65,651,67,79,843,847,848,868,870,877,934,941,947,948,950,953,955,956,957,984	8	1,2,3,4,5,6,7,8,9,10,11,12,13,14,15,16,17,18,19,20,24,25,26,27,28,29,30,31,32,33,34,39,40,41,42,43,44,45,49,50,51,52,53,54,55,56,57,58,59,60,61,72,73,74,75,76,77,78,79,80,81,82,83,84,85,86,87	534	963	1117	90|15|4|1|2|0|5|14|1|1|2|3
GA	Allmis	LTR	ERV4	SFV1-13_AMi-I	JH736241:1279566-1280918-	JH738571:107420-108228-	33	74	0	207,225,227,257,266,273,545,572,586,606,608	207,225,227,245,254,261,536,563,577,597,599	2	9,10,11,12,13,14,23,24,25,26,27	119	393	810	33|6|2|3|3|0|12|10|0|2|2|1
GA	Allmis	LTR	ERV4	SFV1-13_AMi-I	JH736241:1279566-1280918-	JH737047:67755-69165-	69	111	0	1031,1032,1037,1040,1041,539,545,560,572,586,608,643,645,649,650,652,660,662,663,665,667,668,855,859,860,867,880,882,883,889,953,959,960,962,965,967,968,969,982,995,996	117,123,138,150,164,186,221,223,227,228,230,238,240,241,243,245,246,433,437,438,445,458,460,461,467,531,537,538,540,543,545,546,547,560,573,574,609,610,615,618,619	5	11,12,13,14,15,16,17,18,19,20,21,22,23,24,25,26,27,38,39,40,41,42,43,44,45,49,50,51,52,53,54,55,56,57,58,59,62,63,64,65,66	221	503	701	69|10|4|2|2|1|8|13|0|0|1|1
GA	Allmis	LTR	ERV4	SFV1-13_AMi-I	JH736323:347807-348090-	JH737047:67755-69165-	26	33	0	233,236,239,246,260,264,274,33,43,50,52,63,70,71,82,84,91,94,95,97	1005,1009,1019,778,788,795,797,808,815,816,827,829,836,839,840,842,978,981,984,991	2	4,5,6,7,8,9,10,11,12,13,14,15,16,20,21,22,23,24,25,26	107	242	283	26|2|0|0|0|0|2|2|0|0|0|1
GA	Allmis	LTR	ERV4	SFV1-13_AMi-I	JH736323:348134-349246-	JH738596:14080-15730-	47	115	0	178,180,183,186,187,193,882,886,928,949,951	178,180,183,186,187,193,882,886,928,949,951	2	10,11,12,13,14,15,41,42,43,44,45	86	774	1112	47|13|1|1|2|1|24|11|0|4|3|2
GA	Allmis	LTR	ERV4	SFV1-13_AMi-I	JH736323:348134-349246-	JH737364:69084-70907-	76	120	0	133,135,136,138,140,157,186,192,193,197,198,200,202,203,204,35,384,411,420,422,423,424,435,53,575,591,593,594,595,618,630,639,64,65,67,795,823,844,848,849,935,942,949,951,954,956	133,135,136,138,140,157,186,192,193,197,198,200,202,203,204,35,384,411,419,421,422,423,434,53,574,590,592,593,594,617,629,638,64,65,67,794,822,843,847,848,934,941,948,950,953,955	7	5,6,7,8,9,10,11,12,13,14,15,17,18,19,20,21,22,23,24,25,35,36,37,38,39,40,41,45,46,47,48,49,50,51,52,57,58,59,60,61,67,68,69,70,71,72	336	921	1111	76|6|2|0|1|0|14|7|1|3|4|3
GA	Allmis	LTR	ERV4	SFV1-13_AMi-I	JH736323:348134-349246-	JH739617:371791-373996-	65	139	0	177,186,192,193,219,230,240,245,254,383,395,402,411,420,422,423,424,435	177,186,192,193,219,230,240,245,254,383,395,402,411,420,422,423,424,435	2	12,13,14,15,16,17,18,19,20,24,25,26,27,28,29,30,31,32	131	259	1110	65|15|0|2|4|6|20|17|1|2|3|3
GA	Allmis	LTR	ERV4	SFV1-13_AMi-I	JH736323:348134-349246-	JH736990:97190-99315-	70	142	0	140,148,151,157,159,160,173,175,183,186,213,215,217,218,219,233,245,257,630,639,649,651,654,879,881,882,928,935	140,148,151,157,159,160,173,175,183,186,213,215,217,218,219,233,257,269,642,651,661,663,666,891,893,894,940,947	4	10,11,12,13,14,15,16,17,18,19,23,24,25,26,27,28,29,30,46,47,48,49,50,59,60,61,62,63	186	808	1118	70|19|0|2|5|3|16|17|2|2|4|1
GA	Allmis	LTR	ERV4	SFV1-13_AMi-I	JH736323:348134-349246-	JH737439:86470-88420-	70	120	0	1020,1021,1026,1027,1046,298,309,311,312,314,318,398,399,400,402,403,411,414,420,928,949,951,954,956	1027,1028,1033,1034,1053,303,314,316,317,319,323,403,404,405,407,408,417,420,426,935,956,958,961,963	4	2,3,4,5,6,7,15,16,17,18,19,20,21,22,53,54,55,56,57,61,62,63,64,65	101	751	870	70|7|2|2|2|1|14|13|1|2|5|0
GA	Allmis	LTR	ERV4	SFV1-13_AMi-I	JH736323:348134-349246-	JH737047:67755-69165-	55	76	0	1014,1020,1021,1026,1027,1029,498,503,505,509,515,528,549,575,618,630,639,641,649,651,654,656,701,705,733,737,752,823,844,848,849,856,869,871,897,898,899,928,942,949,951,954,956,964,971,985,997	104,117,138,164,207,219,228,230,238,240,243,245,290,294,322,326,341,412,433,437,438,445,458,460,486,487,488,517,531,538,540,543,545,553,560,574,586,603,609,610,615,616,618,87,92,94,98	8	6,7,8,9,10,11,12,13,14,15,16,17,18,19,20,21,22,23,24,25,26,29,30,31,32,33,34,35,36,37,38,39,40,41,42,43,44,45,46,47,48,49,50,51,52,53,54	468	532	701	55|4|0|0|0|0|5|8|0|0|1|2
GA	Allmis	LTR	ERV4	SFV1-13_AMi-I	JH736324:948697-950899+	JH739617:371791-373996-	181	273	0	1062,1077,1079,1089,1096,1237,1241,1243,1251,1255,1257,1259,1269,1279,1460,1481,1487,1529,1534,1555,1557,1559,1581,1601,1636,1639,1643,1648,1652,1654,1655,1660,1662,1664,1665,1683,1697,1701,1757,1758,1759,1767,1773,1776,1784,1787,1801,1805,1809,1810,1827,1829,1999,2020,2036,2045,2047,2055,2061,2062,2071,23,24,25,345,352,357,359,36,38,380,387,39,392,399,408,417,50,502,504,525,531,546,572,588,590,592,594,624,627,631,633,635,636,646,654,686,702,734,744,746,749	1061,1076,1078,1088,1095,1236,1240,1242,1250,1254,1256,1258,1268,1278,1459,1480,1486,1532,1537,1558,1560,1562,1583,1604,1640,1643,1647,1652,1656,1658,1659,1664,1666,1668,1669,1687,1701,1705,1761,1762,1763,1771,1777,1781,1789,1792,1806,1810,1814,1815,1832,1834,2006,2027,2043,2052,2054,2062,2068,2069,2078,23,24,25,348,355,360,362,383,39,390,395,402,41,411,42,420,505,507,528,53,534,549,575,591,593,595,597,627,630,634,636,638,639,649,657,686,702,734,744,746,749	12	1,2,3,4,5,6,7,29,30,31,32,33,34,35,36,37,38,44,45,46,47,48,50,51,52,53,54,55,56,57,58,59,60,61,62,63,64,65,66,67,68,89,90,91,92,93,98,99,100,101,102,103,104,105,106,114,115,116,117,118,119,120,121,122,127,128,129,130,131,132,133,134,135,136,137,138,139,140,141,143,144,145,146,147,148,149,150,151,152,153,154,155,156,164,165,166,167,168,169,170,171,172	778	2056	2201	181|27|1|1|7|8|19|13|1|3|8|4
GA	Allmis	LTR	ERV4	SFV1-13_AMi-I	JH736324:948697-950899+	JH736379:905617-907163+	64	153	0	1639,1648,1652,1664,1674,1676,1677,1784,1810,1817,1827,1829	1009,1019,1021,1022,1129,1155,1162,1172,1174,984,993,997	2	36,37,38,39,40,41,42,48,49,50,51,52	85	191	1545	64|28|2|0|4|3|27|14|1|5|3|1
GA	Allmis	LTR	ERV4	SFV1-13_AMi-I	JH736324:948697-950899+	JH736990:97190-99315-	148	232	0	1016,1018,1024,1026,1027,1062,1077,1079,1089,1096,1141,1149,1234,1237,1251,1255,1257,1259,137,145,148,1519,1521,1529,1534,154,1555,1557,1559,156,157,1618,1621,1639,1643,1648,1652,1654,1655,1656,1660,1662,1664,1665,167,1677,1683,170,172,180,183,189,190,201,210,212,214,215,216,618,631,633,635,636,645,646,648,649,651,867,872,876,878,926,932	1031,1033,1039,1041,1042,1077,1092,1094,1104,1111,1156,1164,1249,1252,1266,1270,1272,1274,140,148,151,1538,1540,1548,1553,157,1574,1576,1578,159,160,1638,1641,1659,1663,1668,1672,1674,1675,1676,1680,1682,1684,1685,1696,170,1702,173,175,183,186,192,193,204,213,215,217,218,219,633,646,648,650,651,660,661,663,664,666,882,887,891,893,941,947	9	10,11,12,13,14,15,16,17,18,19,20,21,22,23,24,25,26,27,28,61,62,63,64,65,66,67,68,69,70,81,82,83,84,85,86,89,90,91,92,93,95,96,97,98,99,100,101,104,105,106,107,108,109,122,123,124,125,126,127,128,134,135,136,137,138,139,140,141,142,143,144,145,146,147,148	413	1563	1709	148|26|1|2|5|4|16|16|3|3|7|1
GA	Allmis	LTR	ERV4	SFV1-13_AMi-I	JH736324:948697-950899+	JH736990:97190-99315-	22	36	0	1805,1809,1810,1817,1818,2036,2045,2061,2062,2071	1729,1733,1734,1741,1742,1962,1971,1987,1988,1997	2	1,2,3,4,5,11,12,13,14,15	50	269	405	22|4|1|0|0|1|2|2|1|1|0|2
GA	Allmis	LTR	ERV4	SFV1-13_AMi-I	JH736324:948697-950899+	JH737633:135276-136813+	104	190	0	1203,1223,1225,1228,1237,1241,1243,1255,1257,1259,1267,1269,1279,1282,1298,1379,1385,1391,1392,1405,1448,1475,1481,1487,1498,224,230,256,258,264,618,624,627,631,633,635,645,646,648,649,690,702,730,734,744,746	1218,1238,1240,1243,1252,1256,1258,1270,1272,1274,1282,1284,1294,1297,1313,1394,1400,1406,1407,1420,1463,1490,1496,1502,1517,227,233,271,273,279,633,639,642,646,648,650,660,661,663,664,705,717,745,749,759,761	7	12,13,14,15,16,35,36,37,38,39,40,41,42,43,44,45,46,47,48,49,50,75,76,77,78,79,80,81,82,83,84,85,86,87,88,89,93,94,95,96,97,100,101,102,103,104	362	1291	1527	104|25|2|1|3|4|20|16|4|4|5|2
GA	Allmis	LTR	ERV4	SFV1-13_AMi-I	JH736324:948697-950899+	JH738206:39380-40456-	56	112	0	591,624,633,645,646,648,649,654,690,702,718,734,744,746,759,866,867,872,883,885	557,590,599,611,612,614,615,620,656,668,684,700,710,712,725,832,833,838,849,851	3	22,23,24,25,26,27,28,29,30,31,32,33,34,35,36,44,45,46,47,48	190	295	1074	56|17|1|0|2|3|14|10|1|4|2|2
GA	Allmis	LTR	ERV4	SFV1-13_AMi-I	JH736324:948697-950899+	JH738596:14080-15730-	65	130	0	22,23,24,25,32,33,345,357,359,378,380,50,883,926,945,954,955	22,23,24,25,348,35,36,360,362,381,383,53,886,929,948,957,958	3	1,2,3,4,5,6,7,26,27,28,29,30,55,56,57,58,59	141	937	1110	65|21|2|1|3|2|11|9|0|4|4|3
GA	Allmis	LTR	ERV4	SFV1-13_AMi-I	JH736324:948697-950899+	JH737439:86470-88420-	138	205	0	1016,1017,1018,1024,1027,1043,1052,1053,1062,1077,1079,1089,1092,1094,1096,1190,1198,1203,1215,1228,1234,1237,1241,1255,1257,1259,1267,1269,1373,1379,1380,1385,1391,1392,1529,1532,1534,1555,1557,1559,1579,1581,1588,290,295,306,309,311,315,338,345,351,352,357,359,368,377,378,380,395,397,399,400,408,411,417,420,421,813,820,841,845,846,857,866,867,868,872,876,878,926,945,951,953,954,955,961,968,969,982	1026,1027,1028,1034,1037,1053,1062,1063,1072,1087,1089,1099,1102,1104,1106,1198,1206,1211,1223,1236,1242,1245,1249,1263,1265,1267,1275,1277,1381,1387,1388,1393,1399,1400,1541,1544,1546,1567,1569,1571,1591,1593,1600,298,303,314,317,319,323,346,353,359,360,365,367,376,385,386,388,404,405,407,408,417,420,426,429,430,821,828,851,855,856,867,876,877,878,882,886,888,936,955,961,963,964,965,971,978,979,992	12	5,6,7,8,9,10,12,13,14,15,16,17,18,19,20,21,23,24,25,26,27,28,29,30,31,55,56,57,58,59,60,61,62,63,64,65,66,69,70,71,72,73,74,75,76,77,78,79,80,81,82,83,84,86,87,88,89,90,91,92,93,94,98,99,100,101,102,103,104,105,106,107,108,109,110,117,118,119,120,121,122,130,131,132,133,134,135,136,137,138	490	1303	1359	138|12|5|2|4|4|15|13|1|4|6|1
GA	Allmis	LTR	ERV4	SFV1-13_AMi-I	JH736324:948697-950899+	JH739720:39577-41375-	36	85	0	590,615,624,627,633,635,636,648,649,651,653,654	372,397,406,409,415,417,418,430,431,433,435,436	1	11,12,13,14,15,16,17,18,19,20,21,22	65	65	885	36|18|1|0|2|0|12|9|0|3|2|1
GA	Allmis	LTR	ERV4	SFV1-13_AMi-I	JH736324:948697-950899+	JH737364:69084-70907-	105	161	0	130,132,133,135,137,154,189,190,194,195,197,199,200,201,214,215,290,309,311,315,326,572,588,590,591,592,594,615,618,624,627,631,633,635,636,649,702,734,744,746,759,866,867,868,872,876,878,926,932,939,945,951,953,954,955,961,969,982	133,135,136,138,140,157,192,193,197,198,200,202,203,204,217,218,293,312,314,318,329,574,590,592,593,594,596,617,620,626,629,633,635,637,638,651,704,736,746,748,761,868,869,870,874,878,880,928,934,941,947,953,955,956,957,963,971,984	7	9,10,11,12,13,14,17,18,19,20,21,22,23,24,25,26,34,35,36,37,38,53,54,55,56,57,58,59,60,61,62,63,64,65,66,67,69,70,71,72,73,83,84,85,86,87,88,89,90,91,92,93,94,95,96,97,98,99	343	852	1110	105|19|1|1|1|1|7|9|1|4|7|3
GA	Allmis	LTR	ERV4	SFV1-13_AMi-I	JH736324:948697-950899+	JH737047:67755-69165-	78	111	0	1011,1017,1018,1024,1026,1027,1045,1062,1065,1077,1079,572,594,615,618,624,627,631,633,635,636,638,646,648,649,651,653,654,698,702,730,734,744,746,749,866,867,868,869,872,939,945,951,953,954,955,961,968,969,981,982	164,186,207,210,216,219,223,225,227,228,230,238,240,241,243,245,246,290,294,322,326,336,338,341,458,459,460,461,464,531,537,543,545,546,547,553,560,561,573,574,603,609,610,616,618,619,637,654,657,669,671	7	14,15,16,17,18,19,20,21,22,23,24,25,26,27,28,29,30,31,32,33,34,35,36,37,47,48,49,50,51,56,57,58,59,60,61,62,63,64,65,66,68,69,70,71,72,73,74,75,76,77,78	301	508	701	78|10|1|2|2|2|5|7|0|1|2|1
GA	Allmis	LTR	ERV4	SFV1-13_AMi-I	JH736342:5310-6616+	JH739617:371791-373996-	79	142	0	1038,1041,1048,1050,1058,1076,190,196,202,209,224,541,551,553,556,579,599,611,620,622,626	1230,1233,1240,1242,1250,1268,383,389,395,402,420,734,744,746,749,772,792,804,813,815,819	3	13,14,15,16,17,36,37,38,39,40,41,42,43,44,45,66,67,68,69,70,71	163	886	1303	79|8|5|1|4|6|19|11|1|3|1|3
GA	Allmis	LTR	ERV4	SFV1-13_AMi-I	JH736342:5310-6616+	JH737633:135276-136813+	68	138	0	425,436,442,452,453,455,456,537,541,551,553,579,911,930,942,945,948,956	1119,1138,1150,1153,1156,1164,633,644,650,660,661,663,664,745,749,759,761,787	3	15,16,17,18,19,20,21,25,26,27,28,29,44,45,46,47,48,49	121	532	1311	68|11|6|3|4|3|20|13|3|3|2|1
GA	Allmis	LTR	ERV4	SFV1-13_AMi-I	JH736342:5310-6616+	JH736990:97190-99315-	72	138	0	436,442,443,452,453,455,456,458,541,551,553,563,578,579,626,679,682,683,685,686,825,830,831,833,834,886,896,903,911,942,948,956	1033,1038,1039,1041,1042,1094,1104,1111,1119,1150,1156,1164,644,650,651,660,661,663,664,666,749,759,761,771,786,787,834,887,890,891,893,894	5	19,20,21,22,23,24,25,26,29,30,31,32,33,34,35,40,41,42,43,44,46,47,48,49,50,52,53,54,55,56,57,58	198	521	1253	72|12|6|1|4|1|19|11|4|3|1|3
GA	Allmis	LTR	ERV4	SFV1-13_AMi-I	JH736342:5310-6616+	JH737439:86470-88420-	107	192	0	105,116,118,1180,1182,1186,1187,119,1192,121,148,161,167,169,187,188,190,202,205,206,207,209,210,218,224,226,227,228,673,675,679,685,686,755,758,760,761,768,824,825,830,831,834,886,896,899,901,903	1027,1028,1033,1034,1037,1089,1099,1102,1104,1106,1381,1383,1387,1388,1393,303,314,316,317,319,346,359,365,367,385,386,388,399,403,404,405,407,408,420,426,428,429,430,876,878,882,886,887,958,961,963,964,971	8	4,5,6,7,8,9,10,11,12,13,14,15,16,17,18,19,20,21,22,23,24,25,26,54,55,56,57,58,61,62,63,64,65,69,70,71,72,73,78,79,80,81,82,101,102,103,104,105	198	1091	1257	107|11|8|2|4|2|23|19|1|6|5|3
GA	Allmis	LTR	ERV4	SFV1-13_AMi-I	JH736342:5310-6616+	JH737364:69084-70907-	70	134	0	24,25,32,37,395,397,398,399,40,422,425,436,442,443,456,673,675,679,682,683,685,686,739,746,755,758,760,761,768	217,218,225,230,233,590,592,593,594,617,620,631,637,638,651,868,870,874,877,878,880,881,934,941,950,953,955,956,963	5	1,2,3,4,5,23,24,25,26,27,28,29,30,31,32,49,50,51,52,53,54,55,56,57,58,59,60,61,62	177	747	905	70|13|6|0|2|1|11|17|2|2|4|4
GA	Allmis	LTR	ERV4	SFV1-13_AMi-I	JH736342:5310-6616+	JH737047:67755-69165-	65	114	0	307,309,311,313,319,353,425,436,442,443,445,453,455,456,458,460,537,541,551,553,556,673,675,676,679,682,746,755,758,760,761,768,824,825,830,831,833,834	104,138,210,221,227,228,230,238,240,241,243,245,322,326,336,338,341,458,460,461,464,467,531,540,543,545,546,553,609,610,615,616,618,619,92,94,96,98	7	4,5,6,7,8,9,11,12,13,14,15,16,17,18,19,20,24,25,26,27,28,37,38,39,40,41,45,46,47,48,49,50,56,57,58,59,60,61	148	528	698	65|9|6|3|4|2|6|13|0|1|3|1
GA	Allmis	LTR	ERV4	SFV1-13_AMi-I	JH736352:149027-149720-	JH738596:14080-15730-	44	100	0	178,180,183,186,187,22,23,24,25,32,35,36,53	178,180,183,186,187,22,23,24,25,32,35,36,53	2	1,2,3,4,5,6,7,8,11,12,13,14,15	42	166	617	44|17|4|0|2|5|11|10|1|1|2|2
GA	Allmis	LTR	ERV4	SFV1-13_AMi-I	JH736352:149027-149720-	JH739617:371791-373996-	59	109	0	205,207,219,225,226,227,23,230,24,240,243,245,25,35,389,39,390,395,41,411,42,420,53	205,207,219,225,226,227,23,230,24,240,243,245,25,35,389,39,390,395,41,411,42,420,53	3	1,2,3,4,5,6,7,8,17,18,19,20,21,22,23,24,25,26,38,39,40,41,42	104	398	581	59|12|1|1|3|4|13|7|3|1|2|3
GA	Allmis	LTR	ERV4	SFV1-13_AMi-LTR	JH731211:34641-35088-	JH731237:96003-96719+	26	38	0	127,133,135,149,179,192,195,274,294,301,316,322,324,338	402,408,410,424,454,467,470,560,580,587,602,608,610,624	2	8,9,10,11,12,13,14,19,20,21,22,23,24,25	134	223	435	26|2|1|0|2|0|1|4|2|0|0|0
GA	Allmis	LTR	ERV4	SFV1-13_AMi-I	JH736379:905617-907163+	JH738777:1497300-1499481-	69	169	0	1112,1114,1118,1121,1124,960,963,966,976,978,980,988	1597,1600,1603,1613,1615,1617,1625,1747,1749,1753,1756,1759	2	34,35,36,37,38,39,40,46,47,48,49,50	42	163	1545	69|11|0|4|1|2|43|25|1|0|3|8
GA	Allmis	LTR	ERV4	SFV1-13_AMi-I	JH736379:905617-907163+	JH739617:371791-373996-	100	169	0	1000,1005,1007,101,1010,1102,1103,1104,1112,1114,1118,1121,1124,1132,114,1146,1150,1154,134,1392,1394,1401,1402,1408,1409,1418,1430,1455,146,1465,1502,1519,155,157,187,188,208,210,287,293,295,296,311,404,421,438,443,446,572,582,584,592,596,598,599,600,610,88,91,937,945,95,953,981,988,999	1061,1078,1095,1100,1103,1229,1240,1242,1250,1254,1256,1257,1258,1268,1596,1604,1612,1640,1647,1658,1659,1664,1666,1669,1761,1762,1763,1771,1773,1777,1781,1784,1792,1806,1810,1814,2052,2054,2061,2062,2068,2069,2078,2090,2115,2125,2162,2179,746,749,753,759,772,792,804,813,815,845,846,866,868,944,950,952,953,968	8	3,4,5,6,7,8,9,10,11,12,13,14,15,18,19,20,21,22,23,24,25,26,27,32,33,34,35,36,37,38,39,40,53,54,55,56,57,58,59,60,61,62,67,68,69,70,71,72,73,74,75,76,77,78,88,89,90,91,92,93,94,95,96,97,98,99	581	1434	1542	100|8|0|3|4|3|25|15|2|0|3|5
GA	Allmis	LTR	ERV4	SFV1-13_AMi-I	JH736379:905617-907163+	JH736990:97190-99315-	63	117	0	1000,1001,1005,1007,101,1010,113,114,358,360,365,366,368,369,569,572,575,592,596,598,599,600,88,945,95,963,966,98,988,999	1031,1033,1038,1039,1041,1042,1243,1246,1249,1266,1270,1272,1273,1274,1620,1638,1641,1663,1674,1675,1676,1680,1682,1685,761,768,771,774,786,787	4	2,3,4,5,6,7,17,18,19,20,21,22,29,30,31,32,33,34,35,36,52,53,54,55,56,57,58,59,60,61	137	925	1050	63|8|0|6|2|0|14|17|3|0|3|0
GA	Allmis	LTR	ERV4	SFV1-13_AMi-I	JH736379:905617-907163+	JH737633:135276-136813+	46	90	0	101,114,162,188,195,211,582,584,596,598,599,600,608,610,623,88,95	1256,1258,1270,1272,1273,1274,1282,1284,1297,761,768,774,787,835,861,868,884	2	3,4,5,6,7,8,9,10,28,29,30,31,32,33,34,35,36	166	537	863	46|6|0|5|2|1|8|17|1|1|1|1
GA	Allmis	LTR	ERV4	SFV1-13_AMi-I	JH736379:905617-907163+	JH737439:86470-88420-	91	146	0	155,162,183,187,188,199,208,210,220,221,287,290,293,295,296,297,303,310,311,324,358,359,360,365,366,369,404,421,434,436,438,575,582,596,598,599,600,608,610,899,913,921,927,932,937,945,948,953,954,956,960,963,966	1026,1027,1028,1033,1034,1037,1072,1089,1102,1104,1106,1242,1249,1263,1265,1266,1267,1275,1277,1567,1581,1589,1595,1600,1605,1613,1616,1621,1622,1624,1628,1631,1634,821,828,851,855,856,867,876,878,887,888,955,958,961,963,964,965,971,978,979,992	7	9,10,11,12,13,14,15,16,17,18,21,22,23,24,25,26,27,28,29,30,31,32,33,34,35,36,40,41,42,43,44,54,55,56,57,58,59,60,61,78,79,80,81,82,83,84,85,86,87,88,89,90,91	292	814	973	91|7|1|5|0|1|14|21|0|1|4|0
GA	Allmis	LTR	ERV4	SFV1-13_AMi-I	JH736379:905617-907163+	JH737047:67755-69165-	43	71	0	183,187,188,195,208,210,211,281,287,290,293,295,296,297,303,310,311,323,324,359,360,365,366,368,369	433,437,438,445,458,460,461,531,537,540,543,545,546,547,553,560,561,573,574,609,610,615,616,618,619	3	10,11,12,13,14,15,16,20,21,22,23,24,25,26,27,28,29,30,31,34,35,36,37,38,39	84	187	451	43|6|0|2|0|0|5|14|0|0|1|0
GA	Allmis	LTR	ERV4	SFV1-13_AMi-I	JH736379:905617-907163+	JH737364:69084-70907-	36	68	0	183,187,188,208,210,218,220,221,274,281,287,290,293,295,296,297,303,311,324	843,847,848,868,870,878,880,881,934,941,947,950,953,955,956,957,963,971,984	2	12,13,14,15,16,17,18,19,20,21,22,23,24,25,26,27,28,29,30	143	142	451	36|7|0|1|0|0|6|15|0|0|2|1
GA	Allmis	LTR	ERV4	SFV1-13_AMi-LTR	JH731211:34641-35088-	JH735597:1032167-1032920+	33	63	0	195,203,205,210,218,231,262,274,294,316,322,324	457,465,467,472,480,504,534,546,566,588,594,596	2	17,18,19,20,21,22,26,27,28,29,30,31	111	140	427	33|7|0|0|4|3|3|9|0|0|1|3
GA	Allmis	LTR	ERV4	SFV1-13_AMi-I	JH736403:101280-103393-	JH737047:67755-69165-	52	98	0	1320,1321,1324,1331,1333,1363,1365,1372,1375,1376,1378,1527,1529,1541,1543,1545	1005,1007,1009,784,785,788,795,797,827,829,836,839,840,842,991,993	3	4,5,6,7,8,13,14,15,16,17,18,26,27,28,29,30	49	226	559	52|9|1|0|2|4|8|11|0|1|1|3
GA	Allmis	LTR	ERV4	SFV1-13_AMi-I	JH736486:7808-8909+	JH737439:86470-88420-	106	146	0	166,191,192,203,212,214,218,291,294,297,299,300,301,307,314,315,328,335,389,391,399,408,425,435,438,440,442,600,602,604,612,614,624,627,635,652,667,670,674,718,724,725,756,781,832,847,857,860,864,878,883,904,906,908,918,926,928,930,937,942,943,950,953,958,959,961,965,968,971	1053,1055,1063,1072,1089,1099,1102,1104,1106,1263,1265,1267,1275,1277,1287,1290,1298,1315,1330,1333,1337,1381,1387,1388,1419,1444,1495,1510,1520,1523,1527,1541,1546,1567,1569,1571,1581,1589,1591,1593,1600,1605,1606,1613,1616,1621,1622,1624,1628,1631,1634,828,855,856,867,876,878,882,955,958,961,963,964,965,971,978,979,992,999	8	11,12,13,14,15,16,17,25,26,27,28,29,30,31,32,33,34,35,43,44,45,46,47,48,49,50,51,64,65,66,67,68,69,70,71,72,73,74,75,76,77,78,79,80,82,83,84,85,86,87,88,89,90,91,92,93,94,95,96,97,98,99,100,101,102,103,104,105,106	479	807	977	106|3|5|2|0|0|10|10|0|1|4|0
GA	Allmis	LTR	ERV4	SFV1-13_AMi-I	JH736486:7808-8909+	JH737633:135276-136813+	65	117	0	450,469,481,484,495,568,570,573,576,579,600,602,604,612,614,781,793,820,826,832,847,857	1119,1138,1150,1153,1164,1238,1240,1243,1246,1249,1270,1272,1274,1282,1284,1451,1463,1490,1496,1502,1517,1527	4	29,30,31,32,33,36,37,38,39,40,43,44,45,46,47,59,60,61,62,63,64,65	150	409	863	65|10|3|2|3|1|11|13|2|0|2|1
GA	Allmis	LTR	ERV4	SFV1-13_AMi-I	JH736486:7808-8909+	JH737364:69084-70907-	38	62	0	191,192,212,214,218,278,285,291,294,297,299,300,301,307,315,328,334,335	847,848,868,870,874,934,941,947,950,953,955,956,957,963,971,984,990,991	3	10,11,12,13,14,20,21,22,23,24,25,26,27,28,29,30,31,32	87	145	455	38|2|2|2|0|0|3|6|0|0|2|2
GA	Allmis	LTR	ERV4	SFV1-13_AMi-I	JH736486:7808-8909+	JH737047:67755-69165-	47	65	0	600,602,604,612,614,717,718,724,725,756,904,906,908,918,926,937,942,943,946,950,953	1005,1007,1009,1017,1019,1122,1123,1128,1129,1160,1308,1310,1312,1322,1330,1339,1344,1345,1348,1352,1355	3	12,13,14,15,16,23,24,25,26,27,37,38,39,40,41,42,43,44,45,46,47	102	351	441	47|3|0|1|1|3|2|6|0|0|1|1
GA	Allmis	LTR	ERV4	SFV1-13_AMi-I	JH736486:7808-8909+	JH737047:67755-69165-	50	80	0	191,192,199,212,214,215,218,285,291,294,297,299,300,301,307,314,315,327,328,334,335	437,438,445,458,460,461,464,531,537,540,543,545,546,547,553,560,561,573,574,580,581	3	12,13,14,15,16,17,18,23,24,25,26,27,28,29,30,31,32,33,34,35,36	80	145	455	50|5|3|1|0|0|5|9|0|0|1|1
GA	Allmis	LTR	ERV4	SFV1-13_AMi-I	JH736847:26774-28974+	JH737633:135276-136813+	74	137	0	213,225,226,227,233,742,746,756,758,765,771,784	213,225,226,227,233,745,749,759,761,768,774,787	2	9,10,11,12,13,48,49,50,51,52,53,54	64	575	1199	74|20|2|2|1|1|11|11|5|2|2|1
GA	Allmis	LTR	ERV4	SFV1-13_AMi-I	JH736847:26774-28974+	JH737364:315692-316816-	54	114	0	266,271,273,279,305,330,570,584,588,599,606,647,657,658,660,663,665	266,271,273,279,305,330,573,587,591,602,609,650,660,661,663,666,668	3	12,13,14,15,16,17,24,25,26,27,28,30,31,32,33,34,35	121	403	1126	54|16|1|1|1|1|10|11|4|2|4|3
GA	Allmis	LTR	ERV4	SFV1-13_AMi-I	JH736847:26774-28974+	JH738206:39380-40456-	57	119	0	225,226,227,266,271,273,360,372,374,383,396,570,584,599,603,636	187,188,189,216,221,223,310,322,324,333,346,524,538,553,557,590	3	4,5,6,7,8,9,12,13,14,15,16,24,25,26,27,28	141	404	1082	57|16|3|1|1|2|10|13|4|1|5|1
GA	Allmis	LTR	ERV4	SFV1-13_AMi-I	JH736847:26774-28974+	JH736990:97190-99315-	107	171	0	140,148,151,157,159,160,170,173,175,183,186,213,215,217,218,219,225,226,227,233,250,252,255,257,269,271,273,279,305,321,323,333,401,402,414,423,426,570,584,588,599,604,606,647,657,658,660,663,746,756,758,765,768,771,783,784	140,148,151,157,159,160,170,173,175,183,186,213,215,217,218,219,225,226,227,233,250,252,255,257,269,271,273,279,305,321,323,333,401,402,414,423,426,573,587,591,602,607,609,650,660,661,663,666,749,759,761,768,771,774,786,787	7	10,11,12,13,14,15,16,17,18,19,20,25,26,27,28,29,30,31,32,33,34,35,36,37,38,39,40,41,42,43,44,45,50,51,52,53,54,61,62,63,64,65,66,69,70,71,72,73,76,77,78,79,80,81,82,83	288	648	1199	107|21|2|2|4|0|11|11|4|1|3|0
GA	Allmis	LTR	ERV4	SFV1-13_AMi-I	JH736847:26774-28974+	JH736990:97190-99315-	27	38	0	1808,1809,1816,1817,1845,2037,2040,2046,2063,2084,2142,2143,2156,2160,2168,2171,2188,2190	1733,1734,1741,1742,1770,1962,1965,1971,1988,2009,2067,2068,2081,2085,2093,2096,2113,2115	3	2,3,4,5,6,14,15,16,17,18,20,21,22,23,24,25,26,27	135	383	403	27|3|0|0|0|2|2|1|1|1|0|1
GA	Allmis	LTR	ERV4	SFV1-13_AMi-I	JH736847:26774-28974+	JH736990:97190-99315-	37	50	0	1469,1475,1481,1506,1517,1519,1639,1642,1647,1653,1654,1655,1659,1661,1663,1664,1676,1682	1490,1496,1502,1527,1538,1540,1660,1663,1668,1674,1675,1676,1680,1682,1684,1685,1696,1702	2	9,10,11,12,13,14,26,27,28,29,30,31,32,33,34,35,36,37	94	213	437	37|1|0|1|0|0|2|5|2|0|2|0
GA	Allmis	LTR	ERV4	SFV1-13_AMi-I	JH736847:26774-28974+	JH739617:371791-373996-	96	156	0	219,225,226,227,230,255,257,266,271,273,279,305,310,330,360,367,372,374,395,401,402,407,414,423,516,518,537,543,558,570,584,588,599,600,602,604,606,636,639,643,746,756,758,761,765,771,784,965,966,971,973,974,989	219,225,226,227,230,243,245,254,259,261,267,293,298,318,348,355,360,362,383,389,390,395,402,411,507,509,528,534,549,561,575,579,590,591,593,595,597,627,630,634,734,744,746,749,753,759,772,944,945,950,952,953,968	7	18,19,20,21,22,23,24,25,26,27,28,29,30,31,32,33,34,35,36,37,38,39,40,41,47,48,49,50,51,52,53,54,55,56,57,58,59,60,61,62,68,69,70,71,72,73,74,85,86,87,88,89,90	388	750	1191	96|14|1|2|4|5|10|11|2|0|3|3
GA	Allmis	LTR	ERV4	SFV1-13_AMi-I	JH736847:26774-28974+	JH739617:371791-373996-	85	113	0	1527,1532,1555,1567,1575,1577,1579,1580,1581,1635,1639,1642,1647,1653,1654,1659,1661,1663,1664,1682,1696,1700,1707,1724,1756,1757,1758,1766,1768,1772,1775,1808,1809,1826,1828,1845,1854,1866,2021,2037,2040,2046,2048,2056,2063,2084,2087,2109,2119,2139,2142,2143,2151,2156	1532,1537,1560,1572,1580,1582,1584,1585,1586,1640,1644,1647,1652,1658,1659,1664,1666,1668,1669,1687,1701,1705,1712,1729,1761,1762,1763,1771,1773,1777,1781,1814,1815,1832,1834,1851,1860,1872,2027,2043,2046,2052,2054,2062,2069,2090,2093,2115,2125,2145,2148,2149,2157,2162	5	12,13,14,15,16,17,18,19,20,25,26,27,28,29,30,31,32,33,34,35,36,37,38,39,40,41,42,43,44,45,46,50,51,52,53,54,55,56,66,67,68,69,70,71,72,73,74,75,76,77,78,79,80,81	393	631	934	85|7|0|0|2|3|6|4|3|0|3|0
GA	Allmis	LTR	ERV4	SFV1-13_AMi-I	JH736847:26774-28974+	JH738596:14080-15730-	69	143	0	178,180,183,186,187,22,23,24,25,32,35,36,360,372,374,393,395,396,423,426,965,966,968,974,975	178,180,183,186,187,22,23,24,25,32,348,35,36,360,362,381,383,384,411,414,948,949,951,957,958	4	1,2,3,4,5,6,7,12,13,14,15,16,28,29,30,31,32,33,34,35,59,60,61,62,63	103	937	1120	69|19|5|1|4|1|9|13|2|2|4|4
GA	Allmis	LTR	ERV4	SFV1-13_AMi-I	JH736847:26774-28974+	JH739633:30555-31415+	35	76	0	584,599,604,606,627,657,658,660,663,665,730,732,746,756,758,765	582,597,602,604,625,656,657,659,662,665,730,732,746,756,758,765	2	12,13,14,15,16,20,21,22,23,24,25,26,27,28,29,30	154	184	856	35|13|1|0|2|0|9|8|3|1|1|1
GA	Allmis	LTR	ERV4	SFV1-13_AMi-I	JH736847:26774-28974+	JH738571:107420-108228-	37	78	0	225,227,257,266,273,305,323,330,570,584,588,599,604,606,636,643	225,227,245,254,261,293,311,318,563,577,581,592,597,599,629,636	2	7,8,9,10,11,12,13,14,26,27,28,29,30,31,32,33	168	412	811	37|10|2|3|1|0|8|8|2|2|4|1
GA	Allmis	LTR	ERV4	SFV1-13_AMi-I	JH736847:26774-28974+	JH737364:69084-70907-	111	176	0	1002,133,135,136,138,140,157,192,193,197,198,200,202,203,204,217,218,22,225,226,227,23,230,233,24,25,266,271,273,279,305,323,324,326,330,35,53,570,584,588,599,600,602,603,604,606,627,630,636,639,643,952,965,966,968,971,973,974,975,981,989	133,135,136,138,140,157,192,193,197,198,200,202,203,204,217,218,22,225,226,227,23,230,233,24,25,254,259,261,267,293,311,312,314,318,35,53,560,574,578,589,590,592,593,594,596,617,620,626,629,633,934,947,948,950,953,955,956,957,963,971,984	7	1,2,3,4,5,6,11,12,13,14,15,16,19,20,21,22,23,24,25,26,28,29,30,31,32,33,34,35,36,37,38,39,40,41,42,43,58,59,60,61,62,63,64,65,66,67,68,69,70,71,94,95,96,97,98,99,100,101,102,103,104	298	963	1120	111|17|3|0|2|0|8|13|3|2|6|4
GA	Allmis	LTR	ERV4	SFV1-13_AMi-I	JH736847:26774-28974+	JH737439:86470-88420-	143	212	0	1002,1043,1044,1047,1060,1063,1065,1072,1073,1082,1099,1112,1114,1116,157,159,178,180,182,183,185,186,187,213,215,217,218,219,22,23,24,25,305,310,321,323,324,326,330,35,36,360,366,367,372,374,38,383,392,393,395,40,407,41,410,411,412,414,415,42,423,426,53,543,555,558,570,584,588,599,857,858,869,878,880,965,966,968,971,973,974,975,981,988,989	1033,1034,1037,1050,1053,1055,1062,1063,1072,1089,1102,1104,1106,157,159,175,177,179,180,182,183,184,206,208,210,211,212,22,23,24,25,298,303,314,316,317,319,323,35,353,359,36,360,365,367,376,38,385,386,388,398,40,403,404,405,407,408,41,417,42,420,53,539,551,554,566,580,584,595,853,854,867,876,878,955,956,958,961,963,964,965,971,978,979,992	11	1,2,3,4,5,6,7,8,9,10,11,21,22,23,24,25,26,27,28,29,35,36,37,38,39,48,49,50,51,52,53,54,56,57,58,59,60,61,62,63,64,65,66,67,68,69,70,71,72,80,81,82,83,84,85,86,102,103,104,105,106,112,113,114,115,116,117,118,119,120,121,122,126,127,128,129,130,131,132,133,134,135,136,137,138	358	1085	1195	143|12|5|3|2|3|13|14|3|2|5|2
GA	Allmis	LTR	ERV4	SFV1-13_AMi-I	JH736847:26774-28974+	JH737439:86470-88420-	33	42	0	1481,1496,1506,1509,1513,1527,1530,1532,1555,1567,1575,1577,1579,1580,1581,1586,1591,1599,1602	1495,1510,1520,1523,1527,1541,1544,1546,1569,1581,1589,1591,1593,1594,1595,1600,1605,1613,1616	2	15,16,17,18,19,20,21,22,23,24,25,26,27,28,29,30,31,32,33	123	122	346	33|1|0|0|0|1|3|3|0|0|1|0
GA	Allmis	LTR	ERV4	SFV1-13_AMi-I	JH736847:26774-28974+	JH737047:67755-69165-	76	119	0	1001,1002,570,584,588,599,606,627,630,636,639,643,742,746,756,758,761,857,858,865,878,880,881,965,966,968,971,973,974,975,981,988,989	150,164,168,179,186,207,210,216,219,223,322,326,336,338,341,437,438,445,458,460,461,537,538,540,543,545,546,547,553,560,561,573,574	4	13,14,15,16,17,18,19,20,21,22,32,33,34,35,36,42,43,44,45,46,47,51,52,53,54,55,56,57,58,59,60,61,62	157	425	703	76|11|2|3|1|1|5|10|1|0|3|1
GA	Allmis	LTR	ERV4	SFV1-13_AMi-I	JH736847:26774-28974+	JH737047:67755-69165-	30	39	0	1273,1276,1284,1339,1345,1555,1567,1575,1577,1579,1586,1591,1595,1599,1602	1029,1032,1040,1095,1101,1310,1322,1330,1332,1334,1339,1344,1348,1352,1355	2	1,2,3,4,5,21,22,23,24,25,26,27,28,29,30	119	327	345	30|3|0|0|0|2|1|3|0|0|0|0
GA	Allmis	LTR	ERV4	SFV1-13_AMi-I	JH736990:97190-99315-	JH737439:86470-88420-	93	203	0	1058,1067,1068,1107,1109,1607,1612,1623,1628,1629,1631,1635,35,36,366,38,383,392,393,395,40,407,41,410,411,412,415,42,427,53,64,65,67	1053,1062,1063,1102,1104,1600,1605,1616,1621,1622,1624,1628,35,359,36,376,38,385,386,388,40,400,403,404,405,408,41,42,421,53,64,65,67	5	1,2,3,4,5,6,7,8,9,10,24,25,26,27,28,29,30,31,32,33,34,63,64,65,66,67,87,88,89,90,91,92,93	178	1594	1643	93|15|6|1|4|3|41|26|0|3|9|2
GA	Allmis	LTR	ERV4	SFV1-13_AMi-I	JH737238:240693-241884-	JH737364:315692-316816-	46	96	0	626,637,638,647,648,650,653,655,736,746,748,755,761	639,650,651,660,661,663,666,668,749,759,761,768,774	2	18,19,20,21,22,23,24,25,27,28,29,30,31	56	136	1117	46|8|1|4|3|0|11|16|1|2|1|1
GA	Allmis	LTR	ERV4	SFV1-13_AMi-I	JH737238:240693-241884-	JH738206:39380-40456-	50	99	0	514,527,548,560,574,593,626,647,648,650,656,736,746,748,755,761,867,873,876,880,886	478,491,512,524,538,557,590,611,612,614,620,700,710,712,719,725,832,838,841,845,851	4	13,14,15,16,17,18,19,20,21,22,23,28,29,30,31,32,39,40,41,42,43	190	374	1073	50|9|5|0|4|3|8|15|1|1|1|1
GA	Allmis	LTR	ERV4	SFV1-13_AMi-I	JH737238:240693-241884-	JH737633:135276-136813+	70	132	0	1105,1124,1136,1139,1142,1150,213,225,233,259,261,267,626,629,633,637,647,648,650	1119,1138,1150,1153,1156,1164,213,225,233,271,273,279,639,642,646,650,660,661,663	3	10,11,12,13,14,15,32,33,34,35,36,37,38,65,66,67,68,69,70	138	952	1198	70|16|3|3|3|3|11|18|2|1|1|0
GA	Allmis	LTR	ERV4	SFV1-13_AMi-I	JH737238:240693-241884-	JH738596:14080-15730-	64	129	0	178,180,183,186,187,22,23,24,25,32,35,36,946,947,949,955,956	178,180,183,186,187,22,23,24,25,32,35,36,948,949,951,957,958	3	1,2,3,4,5,6,7,12,13,14,15,16,55,56,57,58,59	36	937	1111	64|14|4|4|5|2|8|16|0|2|2|2
GA	Allmis	LTR	ERV4	SFV1-13_AMi-I	JH737238:240693-241884-	JH739617:371791-373996-	95	149	0	240,243,245,259,261,267,298,318,383,389,395,402,411,420,422,423,424,527,533,548,560,574,578,590,592,594,596,626,629,633,637,638,648,736,746,748,751,755,946,947,952,954,955,970	240,243,245,259,261,267,298,318,383,389,395,402,411,420,422,423,424,528,534,549,561,575,579,591,593,595,597,627,630,634,638,639,649,734,744,746,749,753,944,945,950,952,953,968	6	21,22,23,24,25,26,27,28,31,32,33,34,35,36,37,38,39,45,46,47,48,49,50,51,52,53,54,55,56,57,58,59,60,65,66,67,68,69,84,85,86,87,88,89	289	729	1189	95|10|1|3|5|5|10|17|0|0|1|1
GA	Allmis	LTR	ERV4	SFV1-13_AMi-I	JH737238:240693-241884-	JH739720:39577-41375-	35	74	0	626,629,637,638,650,653,655,656,933,946,955,956,970	406,409,417,418,430,433,435,436,714,727,736,737,751	2	14,15,16,17,18,19,20,21,29,30,31,32,33	69	346	890	35|7|4|0|4|0|10|10|0|1|1|1
GA	Allmis	LTR	ERV4	SFV1-13_AMi-I	JH737238:240693-241884-	JH737364:69084-70907-	105	157	0	192,193,197,198,203,204,217,218,22,225,23,230,233,24,25,35,384,389,414,420,422,423,424,53,548,560,574,578,590,592,593,594,596,617,626,629,633,637,638,64,65,67,736,746,748,755,761,867,869,873,876,877,879,880,933,940,946,947,949,952,954,955,956,962,970	192,193,197,198,203,204,217,218,22,225,23,230,233,24,25,35,384,389,413,419,421,422,423,53,548,560,574,578,590,592,593,594,596,617,626,629,633,637,638,64,65,67,736,746,748,755,761,868,870,874,877,878,880,881,934,941,947,948,950,953,955,956,957,963,971	9	1,2,3,4,5,6,7,8,9,19,20,21,22,23,24,25,26,27,28,29,38,39,40,41,42,43,44,49,50,51,52,53,54,55,56,57,58,60,61,62,63,64,68,69,70,71,72,81,82,83,84,85,86,87,88,89,90,91,92,93,94,95,96,97,98	343	950	1110	105|10|3|2|3|1|6|16|1|1|3|3
GA	Allmis	LTR	ERV4	SFV1-13_AMi-I	JH737238:240693-241884-	JH739633:30555-31415+	36	82	0	574,594,596,617,620,629,633,647,648,650,653,655	582,602,604,625,628,637,641,655,656,658,661,663	2	12,13,14,15,16,17,18,19,20,21,22,23	83	82	850	36|11|2|0|2|1|13|14|2|0|0|0
GA	Allmis	LTR	ERV4	SFV1-13_AMi-I	JH737238:240693-241884-	JH737439:86470-88420-	100	143	0	1017,1018,1019,1024,1025,1028,1044,1046,1053,1054,1063,1080,298,309,311,312,314,318,341,348,354,355,371,381,383,395,398,399,400,402,403,411,414,420,736,746,748,755,761,779,783,794,806,867,869,873,876,879,880,946,947,949,952,954,955,956,962,969,970	1026,1027,1028,1033,1034,1037,1053,1055,1062,1063,1072,1089,303,314,316,317,319,323,346,353,359,360,376,386,388,399,403,404,405,407,408,417,420,426,742,752,754,761,767,785,789,800,812,876,878,882,885,887,888,955,956,958,961,963,964,965,971,978,979	8	5,6,7,8,9,10,11,12,13,14,15,16,17,18,19,20,21,22,23,24,25,26,46,47,48,49,50,51,52,53,54,61,62,63,64,65,66,69,70,71,72,73,74,75,76,77,78,80,81,82,83,84,85,86,87,88,89,90,91	300	787	950	100|6|2|3|4|0|7|14|0|3|3|1
GA	Allmis	LTR	ERV4	SFV1-13_AMi-I	JH737364:69084-70907-	JH737439:86470-88420-	56	130	0	1018,1019,1020,1025,1045,1047,178,180,182,183,185,187,36,38,40,41,42	1026,1027,1028,1033,1053,1055,175,177,179,180,182,184,36,38,40,41,42	3	1,2,3,4,5,11,12,13,14,15,16,46,47,48,49,50,51	47	1020	1115	56|8|4|3|5|2|28|14|0|4|3|1
GA	Allmis	LTR	ERV4	SFV1-13_AMi-I	JH737364:315692-316816-	JH738596:14080-15730-	42	98	0	178,180,183,186,187,193,22,23,24,32,35,898,960,961,969,970	178,180,183,186,187,193,22,23,24,32,35,886,948,949,957,958	3	1,2,3,4,5,9,10,11,12,13,14,34,35,36,37,38	103	937	1118	42|11|2|1|2|1|22|8|0|0|1|2
GA	Allmis	LTR	ERV4	SFV1-13_AMi-I	JH737364:315692-316816-	JH739617:371791-373996-	62	123	0	177,186,192,193,205,230,310,367,395,401,402,407,414,432,434,435,436,447,540,546,561,603,605,607,621,642,646	177,186,192,193,205,230,298,355,383,389,390,395,402,420,422,423,424,435,528,534,549,591,593,595,609,630,634	3	12,13,14,15,16,17,18,19,20,21,22,23,24,25,26,27,28,29,34,35,36,37,38,39,40,41,42	367	458	1116	62|15|0|2|3|5|17|13|0|1|2|2
GA	Allmis	LTR	ERV4	SFV1-13_AMi-I	JH737364:315692-316816-	JH737439:86470-88420-	111	176	0	1031,1032,1033,1038,1039,1042,1058,1060,157,159,178,180,182,183,185,186,187,200,22,23,24,310,321,323,324,326,35,353,366,367,38,383,392,393,395,40,401,402,407,41,410,411,412,414,415,42,432,53,64,65,67,82,856,860,861,872,881,883,891,893,960,961,966,968,969,970,976,983,997	1026,1027,1028,1033,1034,1037,1053,1055,157,159,175,177,179,180,182,183,184,193,22,23,24,303,314,316,317,319,346,35,359,360,376,38,385,386,388,394,395,40,400,403,404,405,407,408,41,42,426,53,64,65,67,82,849,853,854,867,876,878,886,888,955,956,961,963,964,965,971,978,992	9	1,2,3,4,5,6,7,8,9,10,11,12,13,18,19,20,21,22,23,24,25,26,27,39,40,41,42,43,44,45,46,47,48,49,50,51,52,53,54,55,56,57,58,59,79,80,81,82,83,84,85,86,89,90,91,92,93,94,95,96,97,98,99,100,101,102,103,104,105	367	1034	1121	111|9|3|2|2|2|20|16|0|3|6|1
GA	Allmis	LTR	ERV4	SFV1-13_AMi-I	JH737364:375796-377704-	JH739720:39577-41375-	102	193	0	1097,1100,1128,1132,1134,1144,1145,1549,1565,1567,1578,1580,1610,1623,1629,1639,1665,1668,1678,1683,1687,1690,1695,1709,1714,1715,1716,1717,1749,1750,1766,1770,1771,1777,1790,1836,1839,1841,1844,1846,1849,1853,499,508,511,519,520,531,532,533,535,537	1026,1030,1032,1042,1043,1442,1458,1460,1471,1473,1503,1516,1522,1532,1558,1561,1571,1576,1580,1583,1588,1602,1607,1608,1609,1610,1642,1643,1659,1663,1664,1670,1683,1722,1725,1727,1730,1732,1735,1740,397,406,409,417,418,429,430,431,433,435,995,998	7	13,14,15,16,17,18,19,20,21,22,40,41,42,43,44,45,46,63,64,65,66,67,68,69,70,71,72,73,74,75,76,77,78,79,80,81,82,83,84,85,86,87,88,89,90,91,92,93,94,95,96,97	391	1344	1782	102|24|3|2|5|4|18|17|1|1|4|2
GA	Allmis	LTR	ERV4	SFV1-13_AMi-I	JH737364:375796-377704-	JH738596:14080-15730-	83	179	0	1285,1293,1299,1301,1309,1367,1406,1422,1427,1433,1453,229,241,243,262,264,265,47,49,52,55,56	1404,1412,1418,1420,1428,1486,1526,1542,1547,1553,1573,178,180,183,186,187,348,360,362,381,383,384	4	2,3,4,5,6,15,16,17,18,19,20,68,69,70,71,72,75,76,77,78,79,80	160	1396	1524	83|29|4|3|7|3|8|17|2|2|4|2
GA	Allmis	LTR	ERV4	SFV1-13_AMi-I	JH737364:375796-377704-	JH738206:39380-40456-	55	105	0	135,140,142,22,229,241,243,252,265,295,508,530,531,532,533,574,586,589,602,606,618,628,630,637,643,94,95,96	113,187,188,189,216,221,223,310,322,324,333,346,376,590,612,613,614,615,656,668,671,684,688,700,710,712,719,725	4	1,2,3,4,5,6,7,9,10,11,12,13,14,21,22,23,24,25,26,27,28,29,30,31,32,33,34,35	315	613	989	55|12|3|0|2|3|6|9|1|1|3|1
GA	Allmis	LTR	ERV4	SFV1-13_AMi-I	JH737364:375796-377704-	JH737633:135276-136813+	64	128	0	102,135,140,142,148,199,502,508,511,515,519,530,531,532,533,574,586,589,606,614,618,628,630,637,82,94,95,96	213,225,226,227,233,266,271,273,279,330,633,639,642,646,650,661,662,663,664,705,717,720,737,745,749,759,761,768	4	3,4,5,6,7,8,9,10,11,12,29,30,31,32,33,34,35,36,37,38,39,40,41,42,43,44,45,46	256	556	993	64|17|2|2|4|2|8|10|3|1|4|2
GA	Allmis	LTR	ERV4	SFV1-13_AMi-I	JH737364:375796-377704-	JH739617:371791-373996-	82	140	0	124,126,135,140,142,148,229,236,241,243,264,270,271,276,301,303,304,305,316,334,456,460,472,474,476,478,508,511,515,519,520,570,586,589,606,618,628,630,633,637,829,830,835,837,838,88,94,95,96,99	219,225,226,227,230,243,245,254,259,261,267,348,355,360,362,383,389,390,395,420,422,423,424,435,453,575,579,591,593,595,597,627,630,634,638,639,686,702,705,722,734,744,746,749,753,944,945,950,952,953	7	5,6,7,8,9,10,11,12,13,14,15,18,19,20,21,22,23,24,25,26,27,28,29,30,31,39,40,41,42,43,44,45,46,47,48,49,52,53,54,55,56,57,58,59,60,72,73,74,75,76	300	735	976	82|16|0|2|4|3|6|12|0|0|4|2
GA	Allmis	LTR	ERV4	SFV1-13_AMi-I	JH737364:375796-377704-	JH739633:30555-31415+	38	75	0	199,202,229,236,271,502,511,515,530,531,532,533,535,537,606,618,628,630,637	325,328,355,362,397,628,637,641,656,657,658,659,661,663,734,746,756,758,765	3	3,4,5,6,7,18,19,20,21,22,23,24,25,26,28,29,30,31,32	141	441	721	38|11|0|0|2|1|9|3|1|0|2|1
GA	Allmis	LTR	ERV4	SFV1-13_AMi-I	JH737364:375796-377704-	JH737439:86470-88420-	97	150	0	138,140,142,148,179,190,192,193,195,199,222,229,235,236,241,243,252,261,262,264,270,271,276,279,280,281,284,295,301,618,628,630,637,643,661,665,676,829,830,832,835,837,838	262,264,266,272,303,314,316,317,319,323,346,353,359,360,365,367,376,385,386,388,394,395,400,403,404,405,408,419,426,742,752,754,761,767,785,789,800,955,956,958,961,963,964	5	1,2,3,4,5,6,7,8,9,10,11,12,13,14,15,16,17,18,19,20,21,22,23,24,25,26,27,28,29,53,54,55,56,57,58,59,60,75,76,77,78,79,80	236	703	874	97|11|3|2|2|1|7|9|1|1|7|1
GA	Allmis	LTR	ERV4	SFV1-12_AMi-LTR	JH734059:1524259-1524800+	JH739382:78323-78909-	17	36	0	107,115,180,186,211,218,247,258,262,98	132,141,149,214,220,245,252,281,292,296	2	4,5,6,7,8,9,10,11,12,13	166	165	546	17|7|1|0|0|1|4|3|0|1|2|0
GA	Allmis	LTR	ERV4	SFV1-13_AMi-LTR	JH731240:1086423-1087169+	JH738606:45170-45925+	31	80	0	222,223,225,260,268,270,367,374,375,377,384	217,218,220,255,263,265,363,369,370,372,380	2	9,10,11,12,13,14,16,17,18,19,20	67	164	750	31|8|1|2|3|6|5|7|2|3|3|5
GA	Allmis	LTR	ERV4	SFV1-13_AMi-LTR	JH731240:1086423-1087169+	JH732467:745001-745753+	37	85	0	367,374,375,377,384,414,426,456,466,479	360,366,367,369,377,407,419,446,456,469	2	16,17,18,19,20,23,24,25,26,27	81	110	749	37|9|1|0|3|5|4|10|1|1|3|7
GA	Allmis	LTR	ERV4	SFV1-13_AMi-LTR	JH731240:1086423-1087169+	JH732970:1100569-1101249+	25	59	0	214,222,223,225,247,249,367,374,375,377,384	135,143,144,146,168,170,288,294,295,297,305	2	3,4,5,6,7,8,12,13,14,15,16	54	171	646	25|7|2|0|0|2|4|7|3|0|2|3
GA	Allmis	LTR	ERV4	SFV1-13_AMi-LTR	JH731240:1086423-1087169+	JH737439:88420-89179-	47	87	0	222,223,225,247,249,260,350,351,352,354,367,374,375,377,384,388,596,600,602,604,606	219,220,222,244,246,257,347,348,349,351,364,370,371,373,381,385,593,597,599,601,603	3	15,16,17,18,19,20,25,26,27,28,29,30,31,32,33,34,41,42,43,44,45	89	385	752	47|8|1|1|5|5|1|8|0|1|4|2
GA	Allmis	LTR	ERV4	SFV1-13_AMi-I	JH737633:135276-136813+	JH739617:371791-373996-	63	155	0	177,186,192,193,205,207,22,23,24,25,35,510,517,519,521,561	177,186,192,193,205,207,22,23,24,25,35,498,505,507,509,549	3	1,2,3,4,5,11,12,13,14,15,16,29,30,31,32,33	97	528	1528	63|9|2|3|5|4|47|13|2|2|3|2
GA	Allmis	LTR	ERV4	SFV1-13_AMi-I	JH737788:27992-30210+	JH739617:371791-373996-	188	298	0	1254,1256,1258,1268,1278,1290,1542,1563,1565,1567,1568,1577,1585,1587,1591,1596,1601,1602,1609,1617,1676,1678,1680,1681,1699,1713,1717,1735,1741,1773,1774,1775,1783,1785,1789,1801,1804,1818,1822,1826,1827,1844,1846,1863,1872,1928,1944,1950,1952,1959,2018,2039,205,2055,2058,2064,2066,2074,2081,2089,2090,2105,219,225,226,227,230,240,245,259,261,267,293,298,318,561,575,579,591,593,595,597,627,630,634,638,639,649,657,737,747,749,752,756,762,775,948,949,954,956,957	1254,1256,1258,1268,1278,1290,1537,1558,1560,1562,1563,1572,1580,1582,1585,1591,1596,1597,1604,1612,1664,1666,1668,1669,1687,1701,1705,1723,1729,1761,1762,1763,1771,1773,1777,1789,1792,1806,1810,1814,1815,1832,1834,1851,1860,1916,1932,1938,1940,1947,2006,2027,2043,2046,205,2052,2054,2062,2069,2077,2078,2093,219,225,226,227,230,240,245,259,261,267,293,298,318,561,575,579,591,593,595,597,627,630,634,638,639,649,657,734,744,746,749,753,759,772,944,945,950,952,953	14	16,17,18,19,20,21,22,23,24,25,26,27,28,29,47,48,49,50,51,52,53,54,55,56,57,58,59,60,64,65,66,67,68,69,70,82,83,84,85,86,102,103,104,105,106,107,117,118,119,120,121,122,123,124,125,126,127,128,129,130,136,137,138,139,140,141,142,143,144,145,146,147,148,149,150,151,152,153,154,155,156,157,158,159,160,163,164,165,166,167,170,171,172,173,174,175,176,177,178,179,180	695	1889	2208	188|24|2|5|6|11|11|24|4|4|4|5
GA	Allmis	LTR	ERV4	SFV1-13_AMi-I	JH737788:27992-30210+	JH738206:39380-40456-	56	120	0	627,648,649,651,652,657,875,878,882,886,888	590,611,612,614,615,620,838,841,845,849,851	2	22,23,24,25,26,27,44,45,46,47,48	45	262	1074	56|16|3|1|2|4|10|18|1|2|3|1
GA	Allmis	LTR	ERV4	SFV1-13_AMi-I	JH737788:27992-30210+	JH738596:14080-15730-	67	145	0	22,23,24,25,32,53,948,949,951,957,958	22,23,24,25,32,53,948,949,951,957,958	2	1,2,3,4,5,6,57,58,59,60,61	43	937	1112	67|22|5|0|4|3|9|19|0|2|3|3
GA	Allmis	LTR	ERV4	SFV1-13_AMi-LTR	JH731266:83098-83828+	JH735259:229764-230473-	35	62	0	264,306,308,319,320,372,393,401,407,409,423,431,645,671,681,695,700	258,300,302,313,314,366,387,395,401,403,417,425,641,667,677,691,696	3	9,10,11,12,13,14,15,16,17,18,19,20,31,32,33,34,35	225	439	709	35|7|2|0|2|1|7|2|0|2|2|2
GA	Allmis	LTR	ERV4	SFV1-13_AMi-I	AKHW01093968:10-1090+	JH739720:39577-41375-	37	75	0	749,762,764,794,813,818,823,831,849,852	1458,1471,1473,1503,1522,1527,1532,1540,1558,1561	1	10,11,12,13,14,15,16,17,18,19	104	104	689	37|6|1|0|1|3|14|10|0|1|2|0
GA	Allmis	LTR	ERV4	SFV1-13_AMi-LTR	JH731266:83098-83828+	JH732651:36399-37165+	45	123	0	300,303,305,306,308,320,479,487,492,503,511	295,298,300,301,303,315,470,478,483,496,504	2	9,10,11,12,13,14,28,29,30,31,32	56	210	696	45|17|2|1|6|6|10|13|3|4|3|13
GA	Allmis	LTR	ERV4	SFV1-13_AMi-I	JH738206:39380-40456-	JH738596:14080-15730-	37	106	0	138,140,143,146,147,912,913,915,921,922	178,180,183,186,187,948,949,951,957,958	2	4,5,6,7,8,29,30,31,32,33	21	781	1074	37|15|2|1|2|0|30|10|0|0|1|3
GA	Allmis	LTR	ERV4	SFV1-13_AMi-I	JH738206:39380-40456-	JH739617:371791-373996-	54	125	0	202,205,207,229,232,27,33,39,42,44,497,542,554,560,593,597,601,602,912,913,918,920,921	240,243,245,267,270,534,579,591,597,630,634,638,639,67,73,79,82,84,944,945,950,952,953	4	2,3,4,5,6,12,13,14,15,16,33,34,35,36,37,38,39,40,47,48,49,50,51	165	887	1070	54|15|1|1|5|4|23|14|1|0|2|5
GA	Allmis	LTR	ERV4	SFV1-13_AMi-I	JH738247:100154-101411-	JH739617:371791-373996-	70	144	0	128,14,30,32,34,36,379,390,395,397,398,66,673,676,679,686,688,69,696,73,77,78,88,96	1227,1230,1233,1240,1242,1250,575,591,593,595,597,627,630,634,638,639,649,657,686,934,945,950,952,953	4	1,2,3,4,5,6,7,8,9,10,11,12,13,26,27,28,29,30,40,41,42,43,44,45	157	676	1254	70|11|0|0|6|6|25|15|1|1|4|5
GA	Allmis	LTR	ERV4	SFV1-13_AMi-I	JH738432:567777-568916-	JH739617:371791-373996-	80	143	0	134,146,152,153,154,157,182,184,198,200,206,322,328,334,341,350,359,361,362,374,514,518,530,532,536,566,573,577,578,588,596,628,734,746,755,757,787,788,808,810	207,219,225,226,227,230,243,245,259,261,267,383,389,395,402,411,420,422,423,435,575,579,591,593,597,627,634,638,639,649,657,686,792,804,813,815,845,846,866,868	6	5,6,7,8,9,10,11,12,13,14,15,21,22,23,24,25,26,27,28,29,39,40,41,42,43,44,45,46,47,48,49,50,61,62,63,64,65,66,67,68	305	662	1119	80|12|0|2|4|5|12|18|1|0|4|2
GA	Allmis	LTR	ERV4	SFV1-13_AMi-LTR	JH731270:131248-132020+	JH732391:381235-382001+	31	64	0	352,397,405,407,427,727,729,730,737,739,749,762,763,769	349,392,400,402,422,721,723,724,731,733,743,756,757,763	2	9,10,11,12,13,23,24,25,26,27,28,29,30,31	117	415	769	31|9|0|1|1|1|12|5|1|2|0|1
GA	Allmis	LTR	ERV4	SFV1-13_AMi-LTR	JH731270:131248-132020+	JH732651:36399-37165+	31	64	0	299,302,304,305,307,319,397,401,405,407,427	295,298,300,301,303,315,391,395,399,401,421	2	6,7,8,9,10,11,15,16,17,18,19	52	127	769	31|10|0|1|1|1|8|7|1|0|2|1
GA	Allmis	LTR	ERV4	SFV1-13_AMi-I	JH738571:105239-106146-	JH739720:39577-41375-	39	74	0	619,624,638,643,652,656,677,686,687,689,691,692,696,699,725,727,833,841,844,846,855,859	1503,1508,1522,1527,1536,1540,1561,1570,1571,1573,1575,1576,1580,1583,1607,1609,1714,1722,1725,1727,1736,1740	3	13,14,15,16,17,18,19,20,21,22,23,24,25,26,27,28,31,32,33,34,35,36	135	238	899	39|3|0|0|4|1|12|4|1|0|3|0
GA	Allmis	LTR	ERV4	SFV1-13_AMi-I	JH738571:107420-108228-	JH738596:14080-15730-	35	83	0	178,180,183,186,187,22,23,24,25,32,35	178,180,183,186,187,22,23,24,25,32,35	2	1,2,3,4,5,6,10,11,12,13,14	24	166	806	35|9|2|1|2|2|22|4|0|0|0|1
GA	Allmis	LTR	ERV4	SFV1-13_AMi-I	JH738571:107420-108228-	JH739617:371791-373996-	52	93	0	192,193,205,219,226,230,240,243,259,267,298,530,551,593,595,632,640,641,651	192,193,205,219,226,230,240,243,259,267,298,528,549,591,593,630,638,639,649	2	13,14,15,16,17,18,19,20,21,22,23,37,38,39,40,41,42,43,44	229	458	805	52|9|0|1|3|4|12|7|1|1|2|1
GA	Allmis	LTR	ERV4	SFV1-13_AMi-LTR	JH731270:131248-132020+	JH733622:687916-688674-	43	73	0	304,305,307,318,319,352,354,357,362,397,401,405,407,419,427	292,293,295,306,307,340,342,345,350,384,388,392,394,406,414	1	21,22,23,24,25,26,27,28,29,30,31,32,33,34,35	123	123	754	43|6|0|0|2|3|5|9|0|1|2|1
GA	Allmis	LTR	ERV4	SFV1-13_AMi-LTR	JH731270:131248-132020+	JH735597:1032167-1032920+	40	64	0	217,228,246,258,263,271,299,304,305,307,318,354,365,397,407,419,427	219,227,239,251,256,264,292,297,298,300,311,347,358,388,398,410,418	2	7,8,9,10,11,12,13,14,15,16,17,18,19,20,21,22,23	201	200	762	40|4|0|2|4|2|3|5|2|0|0|2
GA	Allmis	LTR	ERV4	SFV1-13_AMi-LTR	JH731270:131248-132020+	JH733438:131269-131742-	31	47	0	305,307,318,319,361,362,363,365,374,397,401,405,407,427,737,739,741,743,762,763	103,107,109,11,129,22,23,438,440,442,444,463,464,65,66,67,69,76,9,99	2	1,2,3,4,5,6,7,8,9,10,11,12,13,14,26,27,28,29,30,31	148	456	474	31|4|0|0|1|1|3|4|0|0|1|1
GA	Allmis	LTR	ERV4	SFV1-13_AMi-I	JH738777:1497300-1499481-	JH739617:371791-373996-	118	232	0	1167,1171,1180,1205,1208,1218,1220,1228,1232,1234,1236,1642,1644,1646,1647,1665,1679,1683,2018,2027,2029,2037,2044,2065,2068,398,399,400,411,428,474,481,483,485,487,783,792,794,845,847	1189,1193,1202,1227,1230,1240,1242,1250,1254,1256,1258,1664,1666,1668,1669,1687,1701,1705,2043,2052,2054,2062,2069,2090,2093,422,423,424,435,452,498,505,507,509,511,804,813,815,866,868	7	25,26,27,28,29,30,31,32,33,34,51,52,53,54,55,65,66,67,68,69,70,71,72,73,74,75,90,91,92,93,94,95,96,108,109,110,111,112,113,114	320	1672	2177	118|22|1|2|11|13|35|16|2|1|6|3
GA	Allmis	LTR	ERV4	SFV1-13_AMi-I	JH739351:58757-60513-	JH739617:371791-373996-	127	213	0	1206,1215,1240,1253,1255,1546,1551,1572,1576,1594,1596,1600,1605,1610,1611,1618,1626,1654,1658,1661,1666,1672,1673,1678,1680,1682,1683,1701,1715,1719,1737,1743,228,234,235,236,239,270,276,307,322,327,364,369,371,392,398,404,411,420,429,431,432,433,444,461,537,570,584,600,602,604,606,66,666,698,714,717,719,72,78,81,83	1193,1202,1227,1240,1242,1532,1537,1558,1562,1580,1582,1585,1591,1596,1597,1604,1612,1640,1644,1647,1652,1658,1659,1664,1666,1668,1669,1687,1701,1705,1723,1729,219,225,226,227,230,261,267,298,313,318,355,360,362,383,389,395,402,411,420,422,423,424,435,452,528,561,575,591,593,595,597,657,67,686,702,705,707,73,79,82,84	9	8,9,10,11,12,15,16,17,18,19,23,24,25,26,27,28,29,30,31,32,33,34,35,36,37,38,39,40,41,46,47,48,49,50,51,52,57,58,59,60,61,84,85,86,87,88,101,102,103,104,105,106,107,108,109,110,111,112,113,114,115,116,117,118,119,120,121,122,123,124,125,126,127	593	1663	1749	127|19|0|2|6|9|15|26|2|0|3|3
GA	Allmis	LTR	ERV4	SFV1-13_AMi-I	JH739351:58757-60513-	JH739720:39577-41375-	25	49	0	1576,1581,1594,1596,1600,1605,1610,1611,1614,1618,1636,1639	1498,1503,1516,1518,1522,1527,1532,1533,1536,1540,1558,1561	1	14,15,16,17,18,19,20,21,22,23,24,25	64	64	463	25|5|0|0|2|3|4|9|0|0|0|0
GA	Allmis	LTR	ERV4	LT-47_AMi-I	JH732628:3388401-3389459+	JH736847:572341-573330-	32	90	0	189,195,209,239,242,246,463,465,467,484,485	108,111,115,335,337,339,356,357,58,64,78	2	2,3,4,5,6,7,12,13,14,15,16	81	300	780	32|14|3|1|2|1|8|16|5|4|0|0
GA	Allmis	LTR	ERV4	SFV1-13_AMi-I	JH739570:4243-5853+	JH739617:371791-373996-	125	204	0	1049,1052,1057,1061,1063,1069,107,1071,1073,1092,110,1106,1110,112,1128,1166,1167,1168,1176,1178,1182,1185,1188,1193,1196,1210,1214,1218,1219,1236,1238,1264,136,139,1447,1456,1458,1466,1472,1473,1482,1494,1497,1519,1549,1552,1561,1566,1570,1581,1583,29,32,350,356,358,359,374,378,393,40,41,484,494,501,506,509,51,59,91,937,942,963,965,967	1078,1088,1095,1100,1103,1532,1537,1558,1560,1562,1644,1647,1652,1656,1658,1664,1666,1668,1687,1701,1705,1723,1761,1762,1763,1771,1773,1777,1781,1784,1789,1792,1806,1810,1814,1815,1832,1834,1860,2043,2052,2054,2062,2068,2069,2078,2090,2093,2115,2145,2148,2157,2162,2166,2177,2179,627,630,638,639,649,657,686,702,705,707,731,734,944,950,952,953,968,972,987	10	1,2,3,4,5,6,7,8,9,10,11,12,22,23,24,25,26,27,28,31,32,33,34,35,56,57,58,59,60,68,69,70,71,72,73,74,75,76,77,78,79,80,81,82,83,84,85,86,87,88,89,90,91,92,93,94,95,96,108,109,110,111,112,113,114,115,116,117,118,119,120,121,122,123,124	567	1553	1606	125|15|4|3|5|7|15|20|3|1|3|3
GA	Allmis	LTR	ERV4	SFV1-13_AMi-I	JH739570:4243-5853+	JH739720:39577-41375-	23	63	0	359,360,374,378,393,40,41,53,56,58,59	417,418,430,433,435,436,736,737,751,755,770	2	4,5,6,7,8,9,16,17,18,19,20	55	354	514	23|10|1|2|1|0|12|12|0|1|1|0
GA	Allmis	LTR	ERV4	SFV1-13_AMi-LTR	JH731281:46337-47059+	JH735259:229764-230473-	31	49	0	236,238,298,300,311,312,385,393,399,401,415,423,595,597,599,601,618,637,663	238,240,300,302,313,314,387,395,401,403,417,425,599,601,603,605,622,641,667	3	6,7,8,9,10,11,13,14,15,16,17,18,22,23,24,25,26,27,28	185	430	705	31|3|1|1|1|0|4|4|1|1|2|0
GA	Allmis	LTR	ERV4	SFV1-13_AMi-LTR	JH731283:390505-390851-	JH735597:1032167-1032920+	22	28	0	154,158,177,202,215,223,225,227,239,244,285,286,288,293,299,335	165,170,189,214,227,235,237,239,251,256,297,298,300,305,311,347	2	7,8,9,10,11,12,13,14,15,16,17,18,19,20,21,22	184	183	351	22|2|0|1|0|0|0|2|0|0|1|0
GA	Allmis	LTR	ERV4	SFV1-13_AMi-LTR	JH731284:0-506+	JH732391:381235-382001+	32	51	0	107,129,137,141,143,159,437,461,463,464,483,496,497,503	371,392,400,404,406,422,697,721,723,724,743,756,757,763	2	4,5,6,7,8,9,25,26,27,28,29,30,31,32	119	393	504	32|6|0|0|0|0|2|3|0|1|1|0
GA	Allmis	LTR	ERV4	SFV1-13_AMi-LTR	JH731284:0-506+	JH734215:45816-46564+	23	43	0	424,438,443,461,463,464,465,496,497,498	666,680,685,703,705,706,707,738,739,740	1	14,15,16,17,18,19,20,21,22,23	75	75	500	23|2|0|0|0|0|6|5|0|0|1|0
GA	Allmis	LTR	ERV4	SFV1-13_AMi-LTR	JH731284:0-506+	JH733622:687916-688674-	34	54	0	107,129,133,137,141,143,151,159,37,38,40,45,51,52	292,293,295,300,306,307,362,384,388,392,396,398,406,414	2	2,3,4,5,6,7,12,13,14,15,16,17,18,19	69	123	493	34|2|0|0|0|1|4|4|0|0|2|0
GA	Allmis	LTR	ERV4	SFV1-13_AMi-LTR	JH731284:0-506+	JH735343:299021-299775+	35	55	0	137,141,143,151,159,420,424,438,461,463,464,480	388,392,394,402,410,668,672,686,709,711,712,728	2	9,10,11,12,13,29,30,31,32,33,34,35	84	341	493	35|4|0|1|0|1|2|4|0|1|1|0
GA	Allmis	LTR	ERV4	SFV1-13_AMi-LTR	JH731284:0-506+	JH732651:36399-37165+	39	66	0	129,133,137,141,143,159,35,37,38,40,45,52	298,300,301,303,308,315,391,395,399,403,405,421	2	2,3,4,5,6,7,12,13,14,15,16,17	49	124	504	39|5|0|0|0|0|6|6|0|0|2|1
GA	Allmis	LTR	ERV4	SFV1-13_AMi-LTR	JH731284:0-506+	JH733438:131269-131742-	42	60	0	105,107,129,133,137,141,143,159,38,40,438,443,444,45,461,463,464,465,51,52,94,95,96,98	103,107,11,111,113,129,16,22,23,405,410,411,428,430,431,432,65,66,67,69,76,78,9,99	4	1,2,3,4,5,6,7,8,9,10,11,12,13,14,15,16,17,32,33,34,35,36,37,38	151	424	475	42|3|0|0|1|0|3|3|0|0|2|0
GA	Allmis	LTR	ERV4	SFV1-13_AMi-LTR	JH731295:569384-570145+	JH738772:94377-95140-	31	63	0	108,123,297,330,386,390,40,400,416,420,68,74	108,123,297,330,385,389,399,40,415,419,68,74	2	1,2,3,4,5,12,13,14,15,16,17,18	207	380	759	31|6|2|0|2|2|6|8|2|0|2|2
GA	Allmis	LTR	ERV4	SFV1-13_AMi-LTR	JH731295:569384-570145+	JH735343:299021-299775+	40	65	0	394,396,398,400,408,416,716,718,719,726,727,728,735	388,390,392,394,402,410,709,711,712,719,720,721,728	2	14,15,16,17,18,19,34,35,36,37,38,39,40	43	341	746	40|4|3|1|0|2|1|8|1|1|3|1
GA	Allmis	LTR	ERV4	SFV1-13_AMi-LTR	JH731295:569384-570145+	JH735597:1032167-1032920+	49	70	0	213,232,234,236,248,253,386,396,398,400,408,416,442,452,455,465,470,478,503	216,235,237,239,251,256,388,398,400,402,410,418,444,454,457,467,472,480,504	3	7,8,9,10,11,12,20,21,22,23,24,25,26,27,28,29,30,31,32	159	289	757	49|5|1|1|1|0|3|7|2|0|1|0
GA	Allmis	LTR	ERV4	SFV1-13_AMi-LTR	JH731295:569384-570145+	JH733622:687916-688674-	49	75	0	118,121,123,127,135,297,308,309,342,344,347,352,386,390,394,396,398,400,408,416,424,98	116,119,121,125,135,295,306,307,340,342,345,350,384,388,392,394,396,398,406,414,422,98	2	4,5,6,7,8,9,22,23,24,25,26,27,28,29,30,31,32,33,34,35,36,37	166	325	748	49|4|0|1|1|2|2|8|1|1|5|0
GA	Allmis	LTR	ERV4	SFV1-13_AMi-LTR	JH731295:569384-570145+	JH732391:381235-382001+	38	72	0	342,386,394,396,398,400,416,716,718,719,726,727,728,738,751,752,758	349,392,400,402,404,406,422,721,723,724,731,732,733,743,756,757,763	2	9,10,11,12,13,14,15,29,30,31,32,33,34,35,36,37,38	117	415	763	38|7|1|2|1|1|11|4|3|2|1|1
GA	Allmis	LTR	ERV4	SFV1-13_AMi-LTR	JH731295:569384-570145+	JH737439:88420-89179-	38	82	0	220,221,222,232,248,342,344,351,352,353,355,362,386,390	218,219,220,230,244,338,340,347,348,349,351,358,381,385	2	9,10,11,12,13,16,17,18,19,20,21,22,23,24	75	168	760	38|10|1|0|1|6|4|11|1|2|7|1
GA	Allmis	LTR	ERV4	SFV1-13_AMi-LTR	JH731344:0-613-	JH735597:1032167-1032920+	31	57	0	131,132,133,144,146,207,209,220,228,230	138,139,140,151,153,214,216,227,235,237	2	2,3,4,5,6,7,8,9,10,11	101	100	607	31|3|0|0|1|1|8|9|1|0|0|2
GA	Allmis	LTR	ERV4	SFV1-13_AMi-LTR	JH731344:0-613-	JH733622:687916-688674-	39	70	0	117,119,131,132,133,216,217,218,220,228,389,393,395,397,399,407	119,121,135,136,137,220,221,222,224,232,388,392,394,396,398,406	3	5,6,7,8,9,13,14,15,16,17,27,28,29,30,31,32	51	288	609	39|2|0|0|2|2|6|11|1|1|3|1
GA	Allmis	LTR	ERV4	SFV1-13_AMi-LTR	JH731344:0-613-	JH737439:88420-89179-	30	72	0	216,217,218,220,228,338,340,347,348,349,351	218,219,220,222,230,338,340,347,348,349,351	2	8,9,10,11,12,16,17,18,19,20,21	27	134	610	30|7|0|0|2|3|9|12|1|2|4|1
GA	Allmis	LTR	ERV4	SFV1-13_AMi-LTR	JH731368:88419-89171+	JH738772:94377-95140-	33	61	0	108,123,18,246,255,259,293,295,300,36,362,383,387,397,40,413,74	108,123,18,248,257,261,295,297,302,36,364,385,389,399,40,415,74	3	1,2,3,4,5,6,11,12,13,14,15,16,18,19,20,21,22	213	398	754	33|7|0|3|1|3|4|10|0|0|0|0
GA	Allmis	LTR	ERV4	SFV1-13_AMi-LTR	JH731368:88419-89171+	JH739617:371028-371790-	30	62	0	207,210,215,224,226,290,293,295,300,307	209,214,218,226,228,294,297,299,304,311	2	5,6,7,8,9,10,11,12,13,14	104	103	757	30|6|1|2|2|1|10|7|1|0|1|1
GA	Allmis	LTR	ERV4	SFV1-13_AMi-LTR	JH731368:88419-89171+	JH731638:70993-71749+	31	71	0	246,251,293,295,300,360,362,383,387,395,397	243,248,290,292,297,357,359,381,385,393,395	2	7,8,9,10,11,15,16,17,18,19,20	94	153	754	31|7|2|2|2|2|8|10|2|2|2|1
GA	Allmis	LTR	ERV4	SFV1-13_AMi-LTR	JH731368:88419-89171+	JH734091:183738-184507+	33	63	0	383,387,391,393,395,397,413,476,508,518,556,564	395,399,403,405,407,409,425,487,519,529,574,582	2	16,17,18,19,20,21,22,24,25,26,27,28	127	188	760	33|6|1|2|0|3|7|9|1|0|1|0
GA	Allmis	LTR	ERV4	SFV1-13_AMi-LTR	JH731368:88419-89171+	JH734117:638217-638971+	40	80	0	340,342,345,349,350,351,383,387,391,393,395,397,501,508,518,521,556	336,338,341,345,346,347,379,383,387,389,391,393,496,503,513,516,558	3	11,12,13,14,15,16,17,18,19,20,21,22,26,27,28,29,30	122	223	753	40|10|2|2|1|2|8|9|0|0|1|0
GA	Allmis	LTR	ERV4	SFV1-13_AMi-LTR	JH731368:88419-89171+	JH732651:36399-37165+	41	71	0	234,246,287,290,292,293,295,300,307,383,387,391,393,395,397,413	242,254,295,298,300,301,303,308,315,391,395,399,401,403,405,421	2	4,5,6,7,8,9,10,11,12,17,18,19,20,21,22,23	105	180	759	41|9|1|3|0|2|3|6|2|0|2|1
GA	Allmis	LTR	ERV4	SFV1-13_AMi-LTR	JH731368:88419-89171+	JH732970:1100569-1101249+	24	56	0	215,220,221,222,224,226,340,342,350,383,413,435	138,142,143,144,146,148,262,264,272,305,335,356	2	3,4,5,6,7,8,10,11,12,13,14,15	106	219	678	24|5|0|2|1|3|7|10|1|0|1|2
GA	Allmis	LTR	ERV4	LT-47_AMi-I	JH732689:872680-873507-	JH737585:48090-50324-	47	141	0	175,197,198,199,214,515,517,518,520,530,725,727,728,735,737,740	175,197,198,199,214,515,517,518,520,530,725,727,728,735,737,740	3	6,7,8,9,10,24,25,26,27,28,41,42,43,44,45,46	72	566	761	47|18|4|4|5|3|30|21|1|1|3|4
GA	Allmis	LTR	ERV4	SFV1-13_AMi-LTR	JH731368:88419-89171+	JH735597:1032167-1032920+	56	91	0	234,246,251,259,287,292,293,295,300,306,342,353,383,393,395,397,405,413	239,251,256,264,292,297,298,300,305,311,347,358,388,398,400,402,410,418	2	13,14,15,16,17,18,19,20,21,22,23,24,25,26,27,28,29,30	181	180	752	56|5|1|3|4|2|4|11|2|0|0|3
GA	Allmis	LTR	ERV4	SFV1-13_AMi-LTR	JH731373:61086-61835-	JH731638:70993-71749+	34	76	0	218,240,242,245,287,289,294,354,356,366,377,381	221,243,245,248,290,292,297,357,359,369,381,385	2	5,6,7,8,9,10,11,15,16,17,18,19	106	165	752	34|10|1|0|6|1|10|8|1|2|2|1
GA	Allmis	LTR	ERV4	SFV1-13_AMi-LTR	JH731373:61086-61835-	JH738772:94377-95140-	40	74	0	240,242,249,253,287,289,294,322,356,366,377,381	248,250,257,261,295,297,302,330,364,374,385,389	1	13,14,15,16,17,18,19,20,21,22,23,24	142	142	753	40|7|2|1|5|2|6|5|2|2|1|1
GA	Allmis	LTR	ERV4	SFV1-13_AMi-LTR	JH731373:61086-61835-	JH732970:1100569-1101249+	24	60	0	207,215,216,218,240,242,334,336,344,366,377	135,143,144,146,168,170,262,264,272,294,305	2	3,4,5,6,7,8,9,10,11,12,13	172	171	677	24|8|2|0|5|1|7|8|2|1|1|1
GA	Allmis	LTR	ERV4	SFV1-13_AMi-LTR	JH731373:61086-61835-	JH737439:88420-89179-	48	83	0	215,216,218,240,242,253,287,289,294,334,336,343,344,345,347,354,356,366,377,381,583,587,589,591,593,610	219,220,222,244,246,257,291,293,298,338,340,347,348,349,351,358,360,370,381,385,593,597,599,601,603,620	3	12,13,14,15,16,17,18,19,20,21,22,23,24,25,26,27,28,29,30,31,41,42,43,44,45,46	196	402	754	48|8|1|0|2|5|5|6|1|3|3|1
GA	Allmis	LTR	ERV4	SFV1-13_AMi-LTR	JH731373:61086-61835-	JH734215:45816-46564+	36	69	0	589,591,593,605,610,704,706,707,708,714,715,716,739,740,741	588,590,592,604,609,703,705,706,707,713,714,715,738,739,740	2	18,19,20,21,22,27,28,29,30,31,32,33,34,35,36	60	153	748	36|5|1|0|5|2|10|7|0|0|1|2
GA	Allmis	LTR	ERV4	SFV1-13_AMi-LTR	JH731373:61086-61835-	JH732157:41448-42200+	41	80	0	218,240,242,253,287,289,294,336,366,587,589,591,593,610,702,707,714,715,739,740	223,247,249,260,294,296,301,343,374,590,592,594,596,613,705,710,717,718,742,743	3	11,12,13,14,15,16,17,18,19,27,28,29,30,31,36,37,38,39,40,41	215	521	750	41|7|1|1|5|2|9|5|2|1|3|3
GA	Allmis	LTR	ERV4	SFV1-13_AMi-LTR	JH731373:61086-61835-	JH732651:36399-37165+	47	81	0	228,240,242,281,284,286,287,289,294,301,336,339,344,356,366,587,589,591,593,610	242,254,256,295,298,300,301,303,308,315,350,353,358,370,380,604,606,608,610,627	3	8,9,10,11,12,13,14,15,16,17,18,19,20,21,22,36,37,38,39,40	164	386	757	47|10|0|1|4|2|5|4|2|1|2|2
GA	Allmis	LTR	ERV4	SFV1-13_AMi-LTR	JH731373:61086-61835-	JH734091:183738-184507+	35	78	0	287,289,294,334,354,356,366,377,381,385,389	304,306,311,351,371,373,384,395,399,403,407	2	10,11,12,13,14,15,16,17,18,19,20	105	104	759	35|9|3|0|4|5|7|7|3|1|2|2
GA	Allmis	LTR	ERV4	SFV1-13_AMi-LTR	JH731373:61086-61835-	JH735341:1473633-1474397+	36	78	0	242,284,287,289,294,339,354,356,366,377	255,297,300,302,307,352,367,369,379,391	2	11,12,13,14,15,16,17,18,19,20	138	137	735	36|9|1|0|5|2|11|6|0|0|2|2
GA	Allmis	LTR	ERV4	SFV1-13_AMi-LTR	JH731373:61086-61835-	JH735343:299021-299775+	54	93	0	216,218,240,242,253,287,289,294,322,587,589,591,593,605,610,704,706,707,714,715,716,723	219,221,243,245,256,290,292,297,325,592,594,596,598,610,615,709,711,712,719,720,721,728	3	11,12,13,14,15,16,17,18,19,38,39,40,41,42,43,48,49,50,51,52,53,54	151	510	740	54|8|2|0|5|3|5|7|0|1|5|3
GA	Allmis	LTR	ERV4	SFV1-13_AMi-LTR	JH731373:61086-61835-	JH732391:381235-382001+	45	91	0	289,334,356,366,377,385,389,704,706,707,714,715,716,726,739,740,746	304,349,371,381,392,400,404,721,723,724,731,732,733,743,756,757,763	2	11,12,13,14,15,16,17,36,37,38,39,40,41,42,43,44,45	144	460	757	45|12|1|2|6|2|8|5|1|2|2|5
GA	Allmis	LTR	ERV4	SFV1-13_AMi-LTR	JH731373:61086-61835-	JH733622:687916-688674-	62	98	0	113,116,118,122,130,240,242,249,253,286,287,289,294,300,301,334,336,339,344,356,366,377,381,385,389,587,589,591,593,610,68,75	116,119,121,125,135,246,248,255,259,292,293,295,300,306,307,340,342,345,350,362,372,384,388,392,396,596,598,600,602,619,68,75	3	4,5,6,7,8,9,10,22,23,24,25,26,27,28,29,30,31,32,33,34,35,36,37,38,39,40,41,53,54,55,56,57	243	552	742	62|8|1|0|5|2|7|7|0|1|3|1
GA	Allmis	LTR	ERV4	SFV1-13_AMi-LTR	JH731373:61086-61835-	JH735597:1032167-1032920+	59	92	0	218,228,240,242,245,253,281,286,287,289,294,300,336,347,366,377,389,443,446,453,458,466,583,589,591,593,610	227,239,251,253,256,264,292,297,298,300,305,311,347,358,377,388,400,454,457,467,472,480,588,594,596,598,615	3	12,13,14,15,16,17,18,19,20,21,22,23,24,25,26,27,28,33,34,35,36,37,43,44,45,46,47	229	389	751	59|7|1|1|6|2|6|5|1|0|1|3
GA	Allmis	LTR	ERV4	SFV1-13_AMi-LTR	JH731378:85539-86292-	JH734117:638217-638971+	38	66	0	335,337,340,344,345,346,495,502,512,515,533,545,557,590	336,338,341,345,346,347,496,503,513,516,534,546,558,591	2	7,8,9,10,11,12,22,23,24,25,26,27,28,29	108	256	751	38|9|1|0|1|0|5|5|0|1|1|0
GA	Allmis	LTR	ERV4	SFV1-13_AMi-LTR	JH731378:85539-86292-	JH738772:94377-95140-	36	63	0	100,106,119,132,156,158,162,18,288,290,295,323,367,378,382,40,72	102,108,123,136,161,163,167,18,295,297,302,330,374,385,389,40,74	3	1,2,3,4,5,6,7,8,9,10,16,17,18,19,20,21,22	246	372	753	36|8|1|0|2|1|3|9|1|1|0|1
GA	Allmis	LTR	ERV4	SFV1-13_AMi-LTR	JH731378:85539-86292-	JH734488:249461-250226+	21	57	0	502,512,542,545,557,706,712,719,730,734	514,524,554,557,569,718,724,731,742,746	2	9,10,11,12,13,17,18,19,20,21	85	233	757	21|10|0|0|1|1|9|8|0|1|1|5
GA	Allmis	LTR	ERV4	SFV1-13_AMi-LTR	JH731378:85539-86292-	JH732157:41448-42200+	38	67	0	132,156,158,162,181,512,542,545,557,587,706,711,718,719,743,744	135,160,162,166,185,518,541,544,556,586,705,710,717,718,742,743	3	5,6,7,8,9,22,23,24,25,26,33,34,35,36,37,38	159	609	750	38|5|0|1|3|0|8|7|1|1|2|1
GA	Allmis	LTR	ERV4	SFV1-13_AMi-LTR	JH731378:85539-86292-	JH734215:45816-46564+	36	60	0	131,132,156,158,162,708,710,711,712,718,719,720,743,744,745	132,133,158,160,164,703,705,706,707,713,714,715,738,739,740	2	3,4,5,6,7,27,28,29,30,31,32,33,34,35,36	71	609	748	36|5|0|0|1|0|9|7|0|1|0|1
GA	Allmis	LTR	ERV4	SFV1-13_AMi-LTR	JH731378:85539-86292-	JH734091:183738-184507+	36	71	0	288,290,295,335,355,465,502,512,533,545,557,565	304,306,311,351,371,482,519,529,550,562,574,582	2	10,11,12,13,14,23,24,25,26,27,28,29	169	279	759	36|7|2|0|1|3|9|8|2|1|1|1
GA	Allmis	LTR	ERV4	SFV1-13_AMi-LTR	JH731378:85539-86292-	JH735343:299021-299775+	47	74	0	367,378,390,392,400,408,502,533,542,545,557,591,597,609,614,708,710,711,718,719,720,727	369,380,392,394,402,410,503,534,543,546,558,592,598,610,615,709,711,712,719,720,721,728	3	16,17,18,19,20,21,28,29,30,31,32,33,34,35,36,41,42,43,44,45,46,47	175	360	740	47|5|3|1|1|1|3|8|0|1|2|2
GA	Allmis	LTR	ERV4	SFV1-13_AMi-LTR	JH731378:85539-86292-	JH732391:381235-382001+	46	82	0	502,512,519,526,533,545,557,587,708,710,711,718,719,720,730,743,744,750	515,525,532,539,546,558,570,600,721,723,724,731,732,733,743,756,757,763	2	23,24,25,26,27,28,29,30,37,38,39,40,41,42,43,44,45,46	129	249	757	46|9|0|2|2|1|10|5|1|2|1|3
GA	Allmis	LTR	ERV4	SFV1-13_AMi-LTR	JH731378:85539-86292-	JH733622:687916-688674-	61	86	0	215,216,217,219,229,287,288,290,295,301,302,335,337,340,345,367,378,382,386,390,392,400,408	220,221,222,224,234,292,293,295,300,306,307,340,342,345,350,372,384,388,392,396,398,406,414	3	19,20,21,22,23,27,28,29,30,31,32,33,34,35,36,37,38,39,40,41,42,43,44	139	195	742	61|6|0|0|1|0|4|8|0|2|3|0
GA	Allmis	LTR	ERV4	SFV1-13_AMi-LTR	JH731378:85539-86292-	JH737439:88420-89179-	47	89	0	215,216,217,219,241,254,335,337,344,345,346,348,355,367,378,382	218,219,220,222,244,257,338,340,347,348,349,351,358,370,381,385	2	14,15,16,17,18,19,23,24,25,26,27,28,29,30,31,32	88	168	754	47|12|0|0|1|5|4|12|0|3|4|1
GA	Allmis	LTR	ERV4	SFV1-13_AMi-LTR	JH731378:85539-86292-	JH735597:1032167-1032920+	58	81	0	131,132,144,146,156,158,162,181,206,219,229,241,246,254,282,287,288,290,295,301,337,348,512,515,519,545,557,565,587,597,614	138,139,151,153,164,166,170,189,214,227,239,251,256,264,292,297,298,300,305,311,347,358,520,523,527,546,558,566,588,598,615	3	4,5,6,7,8,9,10,11,12,13,14,15,16,17,18,19,20,21,22,23,24,25,39,40,41,42,43,44,45,46,47	318	478	751	58|6|0|1|2|0|4|7|1|1|0|1
GA	Allmis	LTR	ERV4	SFV1-13_AMi-LTR	JH731378:85539-86292-	JH736342:4488-5097+	15	38	0	132,156,158,162,201,206,290,335,348,378,382	137,162,164,168,207,212,305,350,363,394,398	2	2,3,4,5,6,7,9,10,11,12,13	170	262	603	15|7|0|1|1|0|11|2|0|0|0|1
GA	Allmis	LTR	ERV4	SFV1-13_AMi-LTR	JH731379:5765-5974+	JH738109:223708-224467-	10	13	0	105,122,124,136,138,149,151,167,40,71	102,120,122,134,136,147,149,165,40,68	1	1,2,3,4,5,6,7,8,9,10	126	126	208	10|0|1|0|0|0|2|0|0|0|0|0
GA	Allmis	LTR	ERV4	SFV1-13_AMi-LTR	JH731398:68284-69045-	JH734215:45816-46564+	28	50	0	187,212,225,233,235,716,718,719,720,726,727,728,751,752,753	183,208,221,229,231,703,705,706,707,713,714,715,738,739,740	2	3,4,5,6,7,19,20,21,22,23,24,25,26,27,28	87	558	754	28|5|0|1|0|1|9|4|1|0|0|1
GA	Allmis	LTR	ERV4	SFV1-13_AMi-LTR	JH731398:68284-69045-	JH732157:41448-42200+	30	55	0	225,233,249,251,262,296,303,714,719,726,727,751,752	223,231,247,249,260,294,301,705,710,717,718,742,743	2	5,6,7,8,9,10,11,25,26,27,28,29,30	118	521	756	30|5|0|2|1|0|9|4|2|0|2|0
GA	Allmis	LTR	ERV4	SFV1-13_AMi-LTR	JH731398:68284-69045-	JH732391:381235-382001+	36	70	0	395,397,399,401,417,595,605,628,633,635,716,718,719,726,727,728,738,751,752,758	400,402,404,406,422,600,610,633,638,640,721,723,724,731,732,733,743,756,757,763	3	9,10,11,12,13,20,21,22,23,24,27,28,29,30,31,32,33,34,35,36	107	364	763	36|9|0|2|1|1|10|4|3|1|0|3
GA	Allmis	LTR	ERV4	SFV1-13_AMi-LTR	JH731398:68284-69045-	JH735343:299021-299775+	42	71	0	225,233,249,251,262,296,303,395,397,399,401,409,417,599,601,603,605,617,716,718,719,726,727,728,735	220,229,243,245,256,290,297,388,390,392,394,402,410,592,594,596,598,610,709,711,712,719,720,721,728	4	4,5,6,7,8,9,10,13,14,15,16,17,18,27,28,29,30,31,36,37,38,39,40,41,42	140	509	746	42|5|3|2|0|3|6|5|1|1|2|1
GA	Allmis	LTR	ERV4	SFV1-13_AMi-LTR	JH731398:68284-69045-	JH735597:1032167-1032920+	50	72	0	187,212,225,233,235,237,249,251,254,262,290,295,296,303,309,397,399,401,409,417,573,595,601,603,605	189,214,227,235,237,239,251,253,256,264,292,297,298,305,311,398,400,402,410,418,566,588,594,596,598	3	5,6,7,8,9,10,11,12,13,14,15,16,17,18,19,23,24,25,26,27,37,38,39,40,41	177	410	757	50|6|0|2|1|1|5|4|2|0|0|1
GA	Allmis	LTR	ERV4	SFV1-13_AMi-LTR	JH731398:68284-69045-	JH733622:687916-688674-	49	78	0	221,222,223,225,233,249,251,258,262,295,296,303,309,395,397,399,401,409,417,425	220,221,222,224,232,246,248,255,259,292,293,300,306,392,394,396,398,406,414,422	3	12,13,14,15,16,17,18,19,20,21,22,23,24,30,31,32,33,34,35,36	119	203	748	49|5|0|1|2|5|5|5|0|0|4|1
GA	Allmis	LTR	ERV4	SFV1-13_AMi-LTR	JH731398:68284-69045-	JH737439:88420-89179-	39	79	0	221,222,223,225,233,249,251,262,296,303,343,345,352,353,354,356,387,595,599,601,603,605	218,219,220,222,230,244,246,257,291,298,338,340,347,348,349,351,381,593,597,599,601,603	3	8,9,10,11,12,13,14,15,16,17,18,19,20,21,22,23,24,34,35,36,37,38	176	386	760	39|9|0|1|1|6|6|7|1|2|6|1
GA	Allmis	LTR	ERV4	SFV1-13_AMi-LTR	JH731398:68284-69045-	JH732651:36399-37165+	39	81	0	237,249,251,290,293,295,296,303,395,397,399,401,417,421	242,254,256,295,298,300,301,308,399,401,403,405,421,425	2	2,3,4,5,6,7,8,9,14,15,16,17,18,19	94	184	763	39|11|1|1|1|3|10|6|2|0|2|4
GA	Allmis	LTR	ERV4	SFV1-13_AMi-LTR	JH731401:37952-38722+	JH738777:1496552-1497300-	28	75	0	134,147,164,165,181,184,373,380,381,383,390	138,151,169,170,186,189,369,375,376,378,386	2	3,4,5,6,7,8,11,12,13,14,15	70	249	759	28|6|3|2|0|8|7|10|2|3|2|4
GA	Allmis	LTR	ERV4	SFV1-13_AMi-LTR	JH731401:37952-38722+	JH733596:78776-79535+	28	82	0	122,134,149,164,165,179,373,380,381,383,390	124,136,151,167,168,182,367,373,374,376,384	2	3,4,5,6,7,8,15,16,17,18,19	77	261	764	28|10|2|0|4|2|14|8|2|1|4|7
GA	Allmis	LTR	ERV4	SFV1-13_AMi-LTR	JH731401:37952-38722+	JH738772:94377-95140-	39	79	0	18,36,373,380,381,383,390,394,40,68,74	18,36,368,374,375,377,385,389,40,68,74	2	1,2,3,4,5,18,19,20,21,22,23	79	372	763	39|7|2|2|1|3|10|4|2|1|4|4
GA	Allmis	LTR	ERV4	SFV1-13_AMi-LTR	JH731401:37952-38722+	JH738109:223708-224467-	30	83	0	120,122,134,147,149,367,373,380,381,383	120,122,134,147,149,361,367,373,374,376	2	4,5,6,7,8,15,16,17,18,19	46	257	764	30|10|2|0|2|3|14|8|2|2|4|6
GA	Allmis	LTR	ERV4	SFV1-13_AMi-LTR	JH731401:37952-38722+	JH732157:38293-39045+	37	87	0	373,380,381,383,400,659,666,672,679,709,728	366,372,373,375,394,653,660,666,673,697,710	2	13,14,15,16,17,29,30,31,32,33,34	87	345	761	37|10|1|0|1|3|10|8|4|1|4|8
GA	Allmis	LTR	ERV4	SFV1-13_AMi-LTR	JH731401:37952-38722+	JH739617:371028-371790-	33	81	0	288,291,293,298,305,373,380,381,383,390	294,297,299,304,311,370,376,377,379,388	2	8,9,10,11,12,13,14,15,16,17	96	95	766	33|11|1|0|2|2|14|6|2|1|4|5
GA	Allmis	LTR	ERV4	SFV1-13_AMi-LTR	JH731401:37952-38722+	JH734215:45816-46564+	38	83	0	666,676,690,709,725,727,728,735,736,737	656,666,680,693,703,705,706,713,714,715	1	26,27,28,29,30,31,32,33,34,35	60	60	759	38|7|1|0|1|1|13|8|2|1|3|8
GA	Allmis	LTR	ERV4	SFV1-13_AMi-LTR	JH731401:37952-38722+	JH735343:299021-299775+	44	84	0	373,380,381,383,390,394,596,598,600,602,614	363,369,370,372,380,384,592,594,596,598,610	2	17,18,19,20,21,22,36,37,38,39,40	41	248	697	44|7|2|0|1|2|4|6|1|1|8|8
GA	Allmis	LTR	ERV4	SFV1-13_AMi-LTR	JH731401:37952-38722+	JH735597:1032167-1032920+	50	94	0	285,290,291,293,298,304,373,380,381,383,390,400	292,297,298,300,305,311,371,377,378,380,388,398	2	17,18,19,20,21,22,24,25,26,27,28,29	48	107	689	50|8|1|0|3|3|7|8|2|1|3|8
GA	Allmis	LTR	ERV4	SFV1-13_AMi-LTR	JH731420:674167-675012-	JH737439:88420-89179-	31	67	0	414,415,416,418,425,448,452,671,673,675,677,694	347,348,349,351,358,381,385,597,599,601,603,620	2	9,10,11,12,13,14,15,26,27,28,29,30	63	274	545	31|7|2|1|2|3|6|10|0|2|2|1
GA	Allmis	LTR	ERV4	SFV1-13_AMi-LTR	JH731420:674167-675012-	JH735343:299021-299775+	33	66	0	458,460,462,464,470,478,671,673,675,677,689,694,711	390,392,394,396,402,410,592,594,596,598,610,615,632	2	10,11,12,13,14,15,25,26,27,28,29,30,31	62	243	479	33|9|1|0|1|3|2|11|1|1|1|3
GA	Allmis	LTR	ERV4	SFV1-13_AMi-LTR	JH731423:513154-513913-	JH737439:88420-89179-	39	84	0	246,248,259,260,293,315,340,342,350,351,353,360,383,387	244,246,257,258,291,313,338,340,348,349,351,358,381,385	2	14,15,16,17,18,21,22,23,24,25,26,27,28,29	121	142	759	39|10|1|1|1|3|4|11|2|2|5|5
GA	Allmis	LTR	ERV4	SFV1-13_AMi-LTR	JH731423:513154-513913-	JH731638:70993-71749+	32	81	0	246,248,251,260,293,360,383,387,395,397,399	243,245,248,257,290,357,381,385,393,395,397	2	6,7,8,9,10,17,18,19,20,21,22	89	155	757	32|8|1|1|4|0|14|9|3|1|5|3
GA	Allmis	LTR	ERV4	SFV1-13_AMi-LTR	JH731423:513154-513913-	JH734117:638217-638971+	37	88	0	315,340,342,345,350,351,383,387,391,393,395,397,399	311,336,338,341,346,347,379,383,387,389,391,393,395	2	11,12,13,14,15,16,17,18,19,20,21,22,23	86	85	756	37|13|3|1|1|0|11|9|1|0|3|4
GA	Allmis	LTR	ERV4	SFV1-13_AMi-LTR	JH731423:513154-513913-	JH735343:299021-299775+	52	100	0	246,248,259,260,293,391,393,395,397,399,405,714,716,717,724,725,726	243,245,256,257,290,388,390,392,394,396,402,709,711,712,719,720,721	3	10,11,12,13,14,21,22,23,24,25,26,43,44,45,46,47,48	76	479	756	52|8|3|1|3|1|7|10|2|1|7|5
GA	Allmis	LTR	ERV4	SFV1-13_AMi-LTR	JH731423:513154-513913-	JH733622:687916-688674-	56	103	0	116,119,121,125,130,133,135,246,248,255,259,260,292,293,295,300,306,307,315,340,342,345,350,383,387,391,393,395,397,399,405	116,119,121,125,132,135,137,246,248,255,259,260,292,293,295,300,306,307,315,340,342,345,350,384,388,392,394,396,398,400,406	4	5,6,7,8,9,10,11,19,20,21,22,23,24,25,26,27,28,29,30,31,32,33,34,35,36,37,38,39,40,41,42	185	291	758	56|11|1|1|3|0|6|11|1|1|6|5
GA	Allmis	LTR	ERV4	SFV1-13_AMi-LTR	JH731423:513154-513913-	JH732391:381235-382001+	38	95	0	255,260,293,295,315,340,383,391,393,395,397,399,714,716,717,724,725,726	264,269,302,304,324,349,392,400,402,404,406,408,721,723,724,731,732,733	3	8,9,10,11,12,13,14,15,16,17,18,19,32,33,34,35,36,37	159	470	751	38|12|1|4|4|1|11|8|5|1|4|6
GA	Allmis	LTR	ERV4	SFV1-13_AMi-LTR	JH731423:513154-513913-	JH735597:1032167-1032920+	53	99	0	130,133,135,146,148,184,230,232,234,246,248,251,259,260,287,292,293,295,300,306,315,342,383,393,395,397,399,405	135,138,140,151,153,189,235,237,239,251,253,256,264,265,292,297,298,300,305,311,320,347,388,398,400,402,404,410	4	4,5,6,7,8,9,10,11,12,13,14,15,16,17,18,19,20,21,22,23,24,25,27,28,29,30,31,32	238	276	756	53|8|1|2|5|0|8|11|2|0|2|7
GA	Allmis	LTR	ERV4	SFV1-13_AMi-LTR	JH731423:513154-513913-	JH732651:36399-37165+	43	102	0	246,248,260,287,290,292,293,383,387,391,393,395,397,399	254,256,268,295,298,300,301,391,395,399,401,403,405,407	2	6,7,8,9,10,11,12,20,21,22,23,24,25,26	65	154	762	43|14|2|2|2|1|12|10|4|0|5|6
GA	Allmis	LTR	ERV4	SFV1-13_AMi-LTR	JH731426:396899-397654-	JH738109:223708-224467-	29	60	0	118,127,132,134,145,147,158,294,299,345,359,363	120,129,134,136,147,149,160,296,301,347,361,365	2	4,5,6,7,8,9,10,13,14,15,16,17	111	246	756	29|7|1|0|2|1|6|9|0|2|2|1
GA	Allmis	LTR	ERV4	SFV1-13_AMi-LTR	JH731426:396899-397654-	JH731638:70993-71749+	39	65	0	208,210,221,229,245,247,250,292,395,397,450,497,504,514,521	208,210,221,229,243,245,248,290,393,395,450,498,505,515,522	2	6,7,8,9,10,11,12,13,24,25,26,27,28,29,30	213	315	754	39|4|0|0|2|1|6|6|1|3|2|1
GA	Allmis	LTR	ERV4	SFV1-13_AMi-LTR	JH731426:396899-397654-	JH738772:94377-95140-	42	69	0	100,127,134,158,164,245,247,254,258,292,294,299,327,345,363,383	102,130,137,161,167,248,250,257,261,295,297,302,330,348,366,385	3	5,6,7,8,9,14,15,16,17,18,19,20,21,22,23,24	205	284	755	42|5|1|1|3|2|3|6|1|1|2|2
GA	Allmis	LTR	ERV4	SFV1-13_AMi-LTR	JH731426:396899-397654-	JH737242:1129367-1130125-	34	68	0	127,132,134,147,158,164,208,217,218,219,221	128,133,135,148,159,165,209,218,219,220,222	2	4,5,6,7,8,9,10,11,12,13,14	96	95	755	34|6|1|2|3|2|8|8|0|1|2|1
GA	Allmis	LTR	ERV4	SFV1-13_AMi-LTR	JH731426:396899-397654-	JH732157:38293-39045+	39	66	0	221,245,247,258,265,292,299,341,345,363,371	222,246,248,259,266,293,300,342,346,364,372	2	11,12,13,14,15,16,17,18,19,20,21	152	151	752	39|5|0|1|2|1|4|7|1|2|2|2
GA	Allmis	LTR	ERV4	SFV1-13_AMi-LTR	JH731426:396899-397654-	JH734215:45816-46564+	42	67	0	127,132,134,158,164,183,208,210,221,229,231,595,597,599,611,616,710,712,713,714,720,721,722,745,746	127,132,134,158,164,183,208,210,221,229,231,588,590,592,604,609,703,705,706,707,713,714,715,738,739	4	4,5,6,7,8,9,10,11,12,13,14,25,26,27,28,29,34,35,36,37,38,39,40,41,42	165	613	750	42|4|0|1|2|1|8|6|0|0|1|2
GA	Allmis	LTR	ERV4	SFV1-13_AMi-LTR	JH731426:396899-397654-	JH732582:146-879+	35	75	0	158,164,178,183,204,233,413,417,425,450,485	135,141,155,160,181,210,389,393,401,428,463	2	5,6,7,8,9,10,19,20,21,22,23	151	329	733	35|10|2|0|3|3|7|6|1|1|2|3
GA	Allmis	LTR	ERV4	SFV1-13_AMi-LTR	JH731426:396899-397654-	JH735341:1473633-1474397+	38	67	0	158,164,183,208,210,217,218,219,221,247,289,292,344,345,359,363,371,383	166,172,191,216,218,225,226,227,229,255,297,300,352,353,367,371,379,391	3	3,4,5,6,7,8,9,10,11,12,13,14,17,18,19,20,21,22	176	226	739	38|5|0|0|1|2|6|6|0|0|2|3
GA	Allmis	LTR	ERV4	SFV1-13_AMi-LTR	JH731426:396899-397654-	JH732391:381235-382001+	44	73	0	254,292,294,339,345,363,383,599,616,622,627,629,710,712,713,720,721,722,732	264,302,304,349,355,373,392,610,627,633,638,640,721,723,724,731,732,733,743	3	9,10,11,12,13,14,15,30,31,32,33,34,38,39,40,41,42,43,44	183	480	748	44|8|0|2|2|1|5|4|2|1|2|2
GA	Allmis	LTR	ERV4	SFV1-13_AMi-LTR	JH731426:396899-397654-	JH735343:299021-299775+	56	84	0	219,221,229,245,247,258,292,393,395,397,405,413,421,425,450,465,493,593,595,597,599,611,616,710,712,713,720,721,722,729	219,221,229,243,245,256,290,390,392,394,402,410,418,422,449,464,492,592,594,596,598,610,615,709,711,712,719,720,721,728	5	11,12,13,14,15,16,17,24,25,26,27,28,29,30,31,32,33,39,40,41,42,43,44,50,51,52,53,54,55,56	220	510	742	56|6|2|1|1|2|2|8|0|2|3|1
GA	Allmis	LTR	ERV4	SFV1-13_AMi-LTR	JH731426:396899-397654-	JH734091:183738-184507+	39	80	0	294,299,339,345,359,393,395,397,413,417	306,311,351,357,371,405,407,409,425,429	2	11,12,13,14,15,19,20,21,22,23	91	124	761	39|6|2|1|5|5|5|8|2|2|2|3
GA	Allmis	LTR	ERV4	SFV1-13_AMi-LTR	JH731426:396899-397654-	JH733622:687916-688674-	66	95	0	115,118,124,127,132,134,178,183,204,208,210,217,218,219,221,229,245,247,254,258,291,292,294,299,305,306,339,341,344,345,349,363,371,383,393,395,397,405,413,421,593,595,597,599,616	116,119,125,130,135,137,181,186,207,211,213,220,221,222,224,232,246,248,255,259,292,293,295,300,306,307,340,342,345,346,350,364,372,384,394,396,398,406,414,422,596,598,600,602,619	7	7,8,9,10,11,12,15,16,17,18,19,20,21,22,23,24,25,26,27,28,29,30,31,32,33,34,35,36,37,38,39,40,41,42,43,44,45,46,47,48,57,58,59,60,61	292	504	744	66|6|0|0|2|2|2|8|0|2|5|1
GA	Allmis	LTR	ERV4	SFV1-13_AMi-LTR	JH731426:396899-397654-	JH736342:4488-5097+	14	30	0	127,134,158,164,203,208,221,294,339,345,352,363,383	131,138,162,168,207,212,223,305,350,356,363,374,394	2	2,3,4,5,6,7,8,9,10,11,12,13,14	265	264	605	14|7|0|0|0|0|2|4|1|0|1|1
GA	Allmis	LTR	ERV4	SFV1-13_AMi-LTR	JH731426:396899-397654-	JH735597:1032167-1032920+	67	92	0	127,132,134,145,147,158,164,183,208,210,221,229,231,233,245,247,250,258,286,291,292,294,299,305,341,345,352,393,395,397,405,413,437,447,450,460,465,473,497	133,138,140,151,153,164,170,189,214,216,227,235,237,239,251,253,256,264,292,297,298,300,305,311,347,351,358,398,400,402,410,418,444,454,457,467,472,480,504	3	5,6,7,8,9,10,11,12,13,14,15,16,17,18,19,20,21,22,23,24,25,26,27,28,29,30,31,34,35,36,37,38,39,40,41,42,43,44,45	334	372	753	67|5|0|1|2|0|7|6|1|1|1|1
GA	Allmis	LTR	ERV4	SFV1-13_AMi-LTR	JH731426:396899-397654-	JH732651:36399-37165+	54	96	0	233,245,247,286,289,291,292,341,344,345,349,363,393,395,397,413,417,450,593,595,597,599,616	242,254,256,295,298,300,301,350,353,354,358,372,401,403,405,421,425,460,604,606,608,610,627	4	8,9,10,11,12,13,14,18,19,20,21,22,24,25,26,27,28,29,42,43,44,45,46	167	386	759	54|12|1|0|1|2|7|9|2|2|2|3
GA	Allmis	LTR	ERV4	SFV1-13_AMi-LTR	JH731426:396899-397654-	JH737439:88420-89179-	54	102	0	217,218,219,221,229,245,247,258,292,339,341,345,348,349,350,352,359,363,383,593,595,597,599,616	218,219,220,222,230,244,246,257,291,338,340,344,347,348,349,351,358,362,381,597,599,601,603,620	3	14,15,16,17,18,19,20,21,22,25,26,27,28,29,30,31,32,33,34,48,49,50,51,52	142	403	756	54|11|0|0|4|4|6|11|0|4|6|2
GA	Allmis	LTR	ERV4	SFV1-13_AMi-LTR	JH731446:17448-18192-	JH738109:223708-224467-	27	59	0	113,115,127,140,153,156,255,281,286,346,348,358	120,122,134,147,160,163,270,296,301,361,363,373	2	3,4,5,6,7,8,9,10,11,12,13,14	255	254	751	27|5|0|0|2|1|5|7|1|1|1|1
GA	Allmis	LTR	ERV4	SFV1-13_AMi-LTR	JH731446:17448-18192-	JH732157:38293-39045+	35	65	0	245,252,279,286,328,348,358,379,502,516,517,528,540	259,266,293,300,342,362,372,394,518,532,533,544,556	2	10,11,12,13,14,15,16,17,20,21,22,23,24	175	298	748	35|4|0|0|3|1|4|6|2|0|0|2
GA	Allmis	LTR	ERV4	SFV1-13_AMi-LTR	JH731446:17448-18192-	JH734215:45816-46564+	39	66	0	153,156,159,178,203,205,216,218,279,281,358,381,383,576,578,580,592,597,699,701,702,703,709,710,711	158,161,164,183,208,210,229,231,292,294,371,395,397,588,590,592,604,609,703,705,706,707,713,714,715	4	4,5,6,7,8,9,10,11,12,13,14,15,16,21,22,23,24,25,30,31,32,33,34,35,36	276	558	746	39|3|0|0|2|0|7|5|1|0|0|1
GA	Allmis	LTR	ERV4	SFV1-13_AMi-LTR	JH731446:17448-18192-	JH738772:94377-95140-	37	67	0	241,245,279,281,286,314,348,358,369,373,383,399	257,261,295,297,302,330,364,374,385,389,399,415	1	14,15,16,17,18,19,20,21,22,23,24,25	159	159	750	37|5|1|2|3|0|3|6|0|0|1|1
GA	Allmis	LTR	ERV4	SFV1-13_AMi-LTR	JH731446:17448-18192-	JH732272:69733-70490-	29	67	0	178,203,205,218,220,348,358,369,383,399	184,210,212,233,235,361,371,382,396,412	2	7,8,9,10,11,14,15,16,17,18	104	229	750	29|8|1|1|1|2|6|5|1|0|1|4
GA	Allmis	LTR	ERV4	SFV1-13_AMi-LTR	JH731446:17448-18192-	JH731638:70993-71749+	33	66	0	203,205,216,232,237,346,348,358,369,373,381,383	208,210,229,243,248,357,359,369,381,385,393,395	2	4,5,6,7,8,15,16,17,18,19,20,21	80	188	750	33|3|1|1|3|0|6|6|2|1|1|1
GA	Allmis	LTR	ERV4	SFV1-13_AMi-LTR	JH731446:17448-18192-	JH732157:41448-42200+	41	75	0	245,279,281,286,328,358,399,502,516,517,525,528,540,574,576,578,580,597	260,294,296,301,343,373,415,518,532,533,541,544,556,590,592,594,596,613	3	13,14,15,16,17,18,19,20,21,22,23,24,25,27,28,29,30,31	322	354	748	41|4|0|1|3|1|6|6|2|0|1|2
GA	Allmis	LTR	ERV4	SFV1-13_AMi-LTR	JH731446:17448-18192-	JH735597:1032167-1032920+	53	70	0	127,140,153,156,159,178,203,205,216,218,220,232,237,245,273,278,279,281,286,292,328,339,358,369,379,381,383,391,399,502,505,509,516,517,528,540,548,570,576,578,580,597	138,151,164,167,170,189,214,216,235,237,239,251,256,264,292,297,298,300,305,311,347,358,377,388,398,400,402,410,418,520,523,527,534,535,546,558,566,588,594,596,598,615	5	5,6,7,8,9,10,11,12,13,14,15,16,17,18,19,20,21,22,23,24,25,26,27,28,29,30,31,32,33,39,40,41,42,43,44,45,46,47,48,49,50,51	380	478	677	53|2|0|0|1|0|2|5|0|1|0|0
GA	Allmis	LTR	ERV4	SFV1-13_AMi-LTR	JH731446:17448-18192-	JH735343:299021-299775+	49	85	0	245,279,281,286,314,377,379,381,383,391,399,574,576,578,580,592,597,699,701,702,709,710,711	256,290,292,297,325,388,390,392,394,402,410,592,594,596,598,610,615,709,711,712,719,720,721	4	11,12,13,14,15,20,21,22,23,24,25,33,34,35,36,37,38,43,44,45,46,47,48	130	466	738	49|5|2|2|2|1|2|9|1|1|1|2
GA	Allmis	LTR	ERV4	SFV1-13_AMi-LTR	JH731446:17448-18192-	JH732391:381235-382001+	44	83	0	281,326,348,358,369,377,379,381,383,399,570,580,597,603,608,699,701,702,709,710,711	304,349,371,381,392,400,402,404,406,422,600,610,627,633,638,721,723,724,731,732,733	3	11,12,13,14,15,16,17,18,19,20,27,28,29,30,31,35,36,37,38,39,40	171	430	755	44|8|1|2|2|0|6|5|4|1|0|2
GA	Allmis	LTR	ERV4	SFV1-13_AMi-LTR	JH731446:17448-18192-	JH734091:183738-184507+	40	85	0	279,281,286,326,346,348,358,369,373,377,379,381,383,399	304,306,311,351,371,373,383,395,399,403,405,407,409,425	2	12,13,14,15,16,17,18,19,20,21,22,23,24,25	123	122	756	40|5|2|2|3|3|8|8|2|1|2|1
GA	Allmis	LTR	ERV4	SFV1-13_AMi-LTR	JH731446:17448-18192-	JH737439:88420-89179-	50	102	0	326,328,335,336,337,339,346,348,358,369,373,570,574,576,578,580,597	338,340,347,348,349,351,358,360,370,381,385,593,597,599,601,603,620	2	21,22,23,24,25,26,27,28,29,30,31,43,44,45,46,47,48	76	283	751	50|8|0|0|5|6|5|10|1|3|4|2
GA	Allmis	LTR	ERV4	SFV1-13_AMi-LTR	JH731446:17448-18192-	JH733622:687916-688674-	58	95	0	110,113,115,119,127,173,178,199,203,205,241,245,278,279,281,286,292,293,326,328,331,336,348,358,369,373,377,379,381,383,391,399,574,576,578,580,597	116,119,121,125,135,181,186,207,215,219,255,259,292,293,295,300,306,307,340,342,345,350,362,373,384,388,392,394,396,398,406,414,596,598,600,602,619	4	5,6,7,8,9,13,14,15,16,17,20,21,22,23,24,25,26,27,28,29,30,31,32,33,34,35,36,37,38,39,40,41,50,51,52,53,54	243	504	740	58|5|0|0|5|2|4|7|0|1|3|1
GA	Allmis	LTR	ERV4	SFV1-13_AMi-LTR	JH731446:17448-18192-	JH732651:36399-37165+	50	94	0	273,276,278,279,281,286,293,328,331,336,348,358,369,373,377,379,381,383,399,574,576,578,580,597	295,298,300,301,303,308,315,350,353,358,370,380,391,395,399,401,403,405,421,604,606,608,610,627	4	9,10,11,12,13,14,15,16,17,18,19,20,21,22,23,24,25,26,27,38,39,40,41,42	153	333	755	50|9|2|1|1|1|6|6|4|0|2|3
GA	Allmis	LTR	ERV4	SFV1-13_AMi-LTR	JH731462:656095-656375+	JH734488:249461-250226+	12	21	0	124,141,154,217,239,246,29,39,69,72,84	514,524,554,557,569,609,626,639,702,724,731	2	1,2,3,4,5,6,7,8,9,10,11	219	218	280	12|2|0|0|0|0|3|2|0|0|0|2
GA	Allmis	LTR	ERV4	SFV1-13_AMi-LTR	JH731462:656095-656375+	JH733438:134519-134803-	13	25	0	118,120,122,124,141,26,29,39,72,84	122,124,126,128,145,30,33,43,76,88	2	1,2,3,4,5,6,7,8,9,10	117	116	280	13|2|0|0|0|0|7|1|0|1|1|0
GA	Allmis	LTR	ERV4	SFV1-13_AMi-LTR	JH731466:184166-184913+	JH731638:70993-71749+	33	63	0	243,248,290,292,297,357,359,369,380,384,392,394,514,521,535,547,559	243,248,290,292,297,357,359,370,381,385,393,395,515,522,536,548,560	3	9,10,11,12,13,17,18,19,20,21,22,23,25,26,27,28,29	140	318	751	33|3|1|1|2|2|12|4|1|1|3|0
GA	Allmis	LTR	ERV4	SFV1-13_AMi-LTR	JH731466:184166-184913+	JH734117:638217-638971+	36	72	0	337,339,342,346,347,380,384,388,390,392,394,514,517,535,547,559	336,338,341,345,346,379,383,387,389,391,393,513,516,534,546,558	3	8,9,10,11,12,14,15,16,17,18,19,24,25,26,27,28	72	223	750	36|6|3|1|2|3|10|3|0|0|3|0
GA	Allmis	LTR	ERV4	SFV1-13_AMi-LTR	JH731466:184166-184913+	JH738772:94377-95140-	36	70	0	243,252,256,290,292,297,359,369,380,384,394	248,257,261,295,297,302,364,374,385,389,399	2	13,14,15,16,17,18,19,20,21,22,23	153	152	752	36|5|2|2|3|3|10|5|1|0|2|1
GA	Allmis	LTR	ERV4	SFV1-13_AMi-LTR	JH731466:184166-184913+	JH735343:299021-299775+	48	71	0	243,256,290,292,297,388,390,392,394,410,593,595,597,611,616,702,704,705,712,713,714,721	243,256,290,292,297,388,390,392,394,410,592,594,596,610,615,709,711,712,719,720,721,728	4	14,15,16,17,18,23,24,25,26,27,35,36,37,38,39,42,43,44,45,46,47,48	122	486	739	48|2|3|2|1|3|5|3|0|1|3|0
GA	Allmis	LTR	ERV4	SFV1-13_AMi-LTR	JH731466:184166-184913+	JH732157:41448-42200+	35	65	0	243,256,290,292,297,685,705,712,713,737,738	247,260,294,296,301,690,710,717,718,742,743	2	14,15,16,17,18,30,31,32,33,34,35	109	497	749	35|4|2|2|2|2|10|3|1|1|3|0
GA	Allmis	LTR	ERV4	SFV1-13_AMi-LTR	JH731466:184166-184913+	JH735341:1473633-1474397+	32	64	0	158,160,164,208,211,217,218,219,221,223,357,359,369,380,392,394	166,168,172,216,219,225,226,227,229,231,367,369,379,391,403,405	3	3,4,5,6,7,8,9,10,11,12,18,19,20,21,22,23	106	240	734	32|5|1|1|1|2|12|4|0|0|2|0
GA	Allmis	LTR	ERV4	SFV1-13_AMi-LTR	JH731466:184166-184913+	JH732391:381235-382001+	41	76	0	359,369,380,388,390,392,394,514,521,528,535,547,559,702,704,705,712,713,714,724,737,738,744	371,381,392,400,402,404,406,525,532,539,546,558,570,721,723,724,731,732,733,743,756,757,763	3	12,13,14,15,16,17,18,20,21,22,23,24,25,32,33,34,35,36,37,38,39,40,41	125	393	756	41|8|1|3|2|1|10|4|1|2|3|0
GA	Allmis	LTR	ERV4	SFV1-13_AMi-LTR	JH731466:184166-184913+	JH737439:88420-89179-	44	85	0	217,218,219,221,223,243,256,290,292,297,337,339,346,347,357,359,369,380,384	218,219,220,222,224,244,257,291,293,298,338,340,347,348,358,360,370,381,385	3	12,13,14,15,16,17,18,19,20,21,22,23,24,25,26,27,28,29,30	170	168	753	44|10|1|1|1|6|7|8|0|2|5|0
GA	Allmis	LTR	ERV4	SFV1-13_AMi-LTR	JH731466:184166-184913+	JH735597:1032167-1032920+	55	76	0	158,160,164,208,211,221,223,243,248,256,284,289,290,292,297,303,369,380,390,392,394,410,436,446,459,472,514,517,521,547,559	164,166,170,214,217,227,229,251,256,264,292,297,298,300,305,311,377,388,398,400,402,418,444,454,467,480,520,523,527,546,558	4	8,9,10,11,12,13,14,15,16,17,18,19,20,21,22,23,25,26,27,28,29,30,31,32,33,34,36,37,38,39,40	292	395	750	55|2|0|3|2|2|5|4|1|0|2|0
GA	Allmis	LTR	ERV4	SFV1-13_AMi-LTR	JH731466:184166-184913+	JH733622:687916-688674-	58	87	0	102,116,119,121,125,217,218,219,221,223,243,252,256,289,290,292,297,303,304,359,369,380,384,388,390,392,394,410,418,98	102,116,119,121,125,220,221,222,224,226,246,255,259,292,293,295,300,306,307,362,373,384,388,392,394,396,398,414,422,98	4	5,6,7,8,9,10,19,20,21,22,23,24,25,26,27,28,29,30,31,32,37,38,39,40,41,42,43,44,45,46	178	325	741	58|4|1|1|2|3|6|5|0|1|5|0
GA	Allmis	LTR	ERV4	SFV1-13_AMi-LTR	JH731466:184166-184913+	JH732651:36399-37165+	48	85	0	243,284,287,289,290,292,297,304,380,384,388,390,392,394	254,295,298,300,301,303,308,315,391,395,399,401,403,405	2	8,9,10,11,12,13,14,15,21,22,23,24,25,26	77	152	756	48|9|1|1|1|2|11|5|1|0|4|1
GA	Allmis	LTR	ERV4	SFV1-13_AMi-LTR	JH731467:159409-160187-	JH731694:176382-176832-	23	37	0	709,715,716,727,731,733,735,736,737,743,744,745,747,755,759,768,769	381,387,388,399,403,405,407,408,409,415,416,417,419,427,431,440,441	2	7,8,9,10,11,12,13,14,15,16,17,18,19,20,21,22,23	62	61	300	23|7|0|1|1|0|2|2|0|0|1|0
GA	Allmis	LTR	ERV4	SFV1-13_AMi-LTR	JH731558:426440-427196+	JH732157:38293-39045+	36	53	0	343,363,373,394,453,463,501,517,531,543,555,591,593,595,612	342,362,373,394,453,463,502,518,532,544,556,592,594,596,613	2	17,18,19,20,21,22,23,24,25,26,27,28,29,30,31	273	272	754	36|2|0|0|0|1|7|3|1|0|2|1
GA	Allmis	LTR	ERV4	SFV1-13_AMi-LTR	JH731558:426440-427196+	JH739617:371028-371790-	29	52	0	291,294,301,308,323,517,543,555,591,593,595	294,297,304,311,326,521,554,566,602,604,606	2	8,9,10,11,12,19,20,21,22,23,24	119	313	759	29|8|0|0|1|0|7|6|0|0|1|0
GA	Allmis	LTR	ERV4	SFV1-13_AMi-LTR	JH731558:426440-427196+	JH734215:45816-46564+	38	56	0	185,210,212,223,231,233,591,593,595,607,612,683,688,706,708,721,722,723,746,747,748	183,208,210,221,229,231,588,590,592,604,609,680,685,703,705,713,714,715,738,739,740	3	7,8,9,10,11,12,22,23,24,25,26,29,30,31,32,33,34,35,36,37,38	132	558	752	38|3|0|0|0|0|10|4|0|0|1|0
GA	Allmis	LTR	ERV4	SFV1-13_AMi-LTR	JH731558:426440-427196+	JH737242:1129367-1130125-	30	54	0	103,134,149,160,166,210,219,220,221,223,543,555,585,588,593,595	102,133,148,159,165,209,218,219,220,222,550,562,592,595,600,602	3	3,4,5,6,7,8,9,10,11,12,24,25,26,27,28,29	175	501	757	30|4|0|3|1|2|7|5|0|0|2|0
GA	Allmis	LTR	ERV4	SFV1-13_AMi-LTR	JH731558:426440-427196+	JH733809:264312-265068+	32	55	0	363,373,388,396,398,453,517,543,555,588,593,595	361,372,387,395,397,452,516,549,561,594,599,601	2	15,16,17,18,19,20,22,23,24,25,26,27	178	241	756	32|3|0|1|0|1|9|6|0|0|3|0
GA	Allmis	LTR	ERV4	SFV1-13_AMi-LTR	JH731558:426440-427196+	JH732157:41448-42200+	42	67	0	517,531,540,543,555,585,589,591,593,595,612,689,704,721,722,746,747	518,532,541,544,556,586,590,592,594,596,613,690,705,717,718,742,743	3	23,24,25,26,27,28,29,30,31,32,33,37,38,39,40,41,42	151	226	754	42|3|0|1|1|1|10|4|1|0|3|1
GA	Allmis	LTR	ERV4	SFV1-13_AMi-LTR	JH731558:426440-427196+	JH735459:206640-207399+	26	60	0	160,166,210,212,223,231,540,543,555,591,595,612	159,165,209,211,222,230,548,551,563,599,603,620	2	5,6,7,8,9,10,20,21,22,23,24,25	145	462	757	26|6|1|0|0|0|12|7|0|0|3|1
GA	Allmis	LTR	ERV4	SFV1-13_AMi-LTR	JH731558:426440-427196+	JH732397:417969-418722-	27	61	0	103,149,160,166,185,206,210,212,343,363,373,384,398,69,75	102,147,158,164,183,204,208,210,339,359,369,380,394,68,74	2	2,3,4,5,6,7,8,9,10,11,18,19,20,21,22	199	327	754	27|6|0|0|2|1|9|10|2|0|3|0
GA	Allmis	LTR	ERV4	SFV1-13_AMi-LTR	JH731558:426440-427196+	JH731638:70993-71749+	35	61	0	210,212,223,231,247,249,361,363,373,384,388,396,398,453	208,210,221,229,243,245,357,359,369,381,385,393,395,450	2	4,5,6,7,8,9,16,17,18,19,20,21,22,23	132	243	756	35|5|1|0|1|0|9|6|1|1|2|0
GA	Allmis	LTR	ERV4	SFV1-13_AMi-LTR	JH731558:426440-427196+	JH733596:78776-79535+	27	64	0	210,212,221,223,231,543,555,593,595,612	212,214,223,225,233,551,563,601,603,620	2	8,9,10,11,12,19,20,21,22,23	92	409	757	27|9|1|0|3|2|10|8|0|0|3|1
GA	Allmis	LTR	ERV4	SFV1-13_AMi-LTR	JH731558:426440-427196+	JH737633:134518-135276+	33	67	0	166,185,210,212,223,540,555,585,588,593,595,612	164,183,208,210,222,547,562,592,595,600,602,619	2	6,7,8,9,10,23,24,25,26,27,28,29	132	456	757	33|13|0|0|0|1|10|6|0|0|3|1
GA	Allmis	LTR	ERV4	SFV1-13_AMi-LTR	JH731558:426440-427196+	JH738772:94377-95140-	39	68	0	103,109,122,160,166,294,301,323,363,373,384,388,398,414,418,69,75	102,108,123,161,167,295,302,324,364,374,385,389,399,415,419,68,74	2	3,4,5,6,7,8,9,18,19,20,21,22,23,24,25,26,27	225	352	756	39|6|2|1|2|1|6|7|1|0|2|1
GA	Allmis	LTR	ERV4	SFV1-13_AMi-LTR	JH731558:426440-427196+	JH732272:69733-70490-	32	75	0	160,166,185,210,212,223,233,235,363,373,384,398,414,418,426	159,165,184,210,212,223,233,235,361,371,382,396,412,416,424	2	5,6,7,8,9,10,11,12,16,17,18,19,20,21,22	141	266	756	32|10|2|0|2|3|14|6|1|0|2|3
GA	Allmis	LTR	ERV4	SFV1-13_AMi-LTR	JH731558:426440-427196+	JH734117:638217-638971+	42	76	0	341,343,346,350,351,352,384,388,392,394,396,398,543,555,588,593,595,612	336,338,341,345,346,347,379,383,387,389,391,393,546,558,591,596,598,615	3	8,9,10,11,12,13,15,16,17,18,19,20,29,30,31,32,33,34	97	280	755	42|8|3|0|1|1|9|5|0|0|2|0
GA	Allmis	LTR	ERV4	SFV1-13_AMi-LTR	JH731558:426440-427196+	JH736342:4488-5097+	13	27	0	160,166,205,210,223,341,354,363,384,388,392	162,168,207,212,223,350,363,372,394,398,402	2	2,3,4,5,6,8,9,10,11,12,13	115	241	604	13|5|0|1|0|0|5|2|0|0|1|0
GA	Allmis	LTR	ERV4	SFV1-13_AMi-LTR	JH731558:426440-427196+	JH735341:1473633-1474397+	35	64	0	160,166,185,210,212,219,220,221,223,249,346,361,363,373,384,396,398,450,453	166,172,191,216,218,225,226,227,229,255,352,367,369,379,391,403,405,457,460	3	2,3,4,5,6,7,8,9,10,11,16,17,18,19,20,21,22,23,24	200	295	739	35|5|1|0|0|1|10|5|0|0|2|1
GA	Allmis	LTR	ERV4	SFV1-13_AMi-LTR	JH731558:426440-427196+	JH732970:1100569-1101249+	31	61	0	210,212,219,220,221,223,231,247,249,341,343,351,373,384,414,418,435,453	133,135,142,143,144,146,154,168,170,262,264,272,294,305,335,339,356,374	2	4,5,6,7,8,9,10,11,12,14,15,16,17,18,19,20,21,22	151	242	680	31|4|1|0|2|1|12|7|1|0|1|1
GA	Allmis	LTR	ERV4	SFV1-13_AMi-LTR	JH731558:426440-427196+	JH735343:299021-299775+	54	82	0	221,223,231,247,249,392,394,396,398,406,414,531,540,543,555,589,591,593,595,607,612,683,706,721,722,723,730	219,221,229,243,245,388,390,392,394,402,410,534,543,546,558,592,594,596,598,610,615,686,709,719,720,721,728	4	10,11,12,13,14,23,24,25,26,27,28,35,36,37,38,39,40,41,42,43,44,49,50,51,52,53,54	175	510	744	54|6|2|1|0|1|7|7|0|1|3|0
GA	Allmis	LTR	ERV4	SFV1-13_AMi-LTR	JH731558:426440-427196+	JH735459:209550-210156+	24	49	0	160,166,210,212,223,231,388,392,394,396,398	12,232,236,238,240,242,56,58,6,69,77	2	1,2,3,4,5,6,9,10,11,12,13	83	237	604	24|4|1|0|0|1|11|6|1|0|1|0
GA	Allmis	LTR	ERV4	SFV1-13_AMi-LTR	JH731558:426440-427196+	JH733590:96359-96909+	15	37	0	363,373,414,418,450,517,520,543,570,591,612	151,161,202,206,238,309,312,342,369,390,411	2	4,5,6,7,8,9,10,11,12,13,14	262	261	547	15|6|1|0|2|0|8|4|0|0|1|0
GA	Allmis	LTR	ERV4	SFV1-13_AMi-LTR	JH731633:236189-236476+	JH735341:1473633-1474397+	11	21	0	162,168,187,212,214,221,222,223,225,251	166,172,191,216,218,225,226,227,229,255	2	2,3,4,5,6,7,8,9,10,11	91	90	287	11|1|0|1|0|1|2|2|0|0|1|2
GA	Allmis	LTR	ERV4	SFV1-13_AMi-LTR	JH731633:236189-236476+	JH735597:1032167-1032920+	20	27	0	162,168,187,212,214,225,233,235,237,249,251,254,262	164,170,189,214,216,227,235,237,239,251,253,256,264	1	8,9,10,11,12,13,14,15,16,17,18,19,20	101	101	288	20|2|0|1|0|0|0|3|0|0|0|1
GA	Allmis	LTR	ERV4	SFV1-13_AMi-LTR	JH731638:70993-71749+	JH733622:687916-688674-	39	62	0	115,118,120,124,132,157,159,177,182,203,389,391,403,411,419,97	116,119,121,125,135,161,163,181,186,207,392,394,406,414,422,98	3	5,6,7,8,9,10,11,12,13,14,15,26,27,28,29,30	142	325	757	39|5|1|1|1|1|4|4|0|1|4|0
GA	Allmis	LTR	ERV4	SFV1-13_AMi-LTR	JH731638:70993-71749+	JH735343:299021-299775+	35	67	0	688,711,713,714,721,722,723,730,748,753	686,709,711,712,719,720,721,728,746,751	1	26,27,28,29,30,31,32,33,34,35	66	66	755	35|5|3|3|1|1|9|5|0|1|4|0
GA	Allmis	LTR	ERV4	SFV1-13_AMi-LTR	JH731638:70993-71749+	JH734215:45816-46564+	21	54	0	688,693,711,713,714,715,721,722,723,748	680,685,703,705,706,707,713,714,715,740	1	12,13,14,15,16,17,18,19,20,21	61	61	752	21|5|1|1|1|0|18|5|1|0|1|0
GA	Allmis	LTR	ERV4	SFV1-13_AMi-LTR	JH731638:70993-71749+	JH735597:1032167-1032920+	39	63	0	132,145,147,157,159,182,231,256,284,289,391,403,411,437,447,460,465,473	138,151,153,164,166,189,239,264,292,297,398,410,418,444,454,467,472,480	3	4,5,6,7,8,9,10,11,12,13,16,17,18,19,20,21,22,23	244	343	754	39|5|1|2|2|0|8|4|1|0|1|0
GA	Allmis	LTR	ERV4	SFV1-13_AMi-LTR	JH731638:70993-71749+	JH733438:131269-131742-	28	44	0	346,347,348,350,389,391,411,415,664,688,693,694,711,713,714,715,721,722,723,725,727	107,109,129,133,381,405,410,411,428,430,431,432,438,439,440,442,444,65,66,67,69	3	3,4,5,6,7,8,9,10,16,17,18,19,20,21,22,23,24,25,26,27,28	134	380	474	28|2|1|1|1|0|6|2|0|0|2|0
GA	Allmis	LTR	ERV4	SFV1-13_AMi-LTR	JH731643:58476-59211+	JH737466:160079-160813-	15	37	0	520,524,533,547,559,586,673,683,702,717,719	522,526,535,549,561,588,675,685,704,719,721	2	1,2,3,4,5,6,11,12,13,14,15	114	200	733	15|9|0|0|0|0|2|2|1|0|0|0
GA	Allmis	LTR	ERV4	SFV1-13_AMi-LTR	JH731643:58476-59211+	JH735259:229764-230473-	35	57	0	307,309,320,321,373,394,402,408,410,424,432	300,302,313,314,366,387,395,401,403,417,425	1	11,12,13,14,15,16,17,18,19,20,21	126	126	710	35|5|2|1|2|1|2|4|1|1|2|1
GA	Allmis	LTR	ERV4	SFV1-13_AMi-LTR	JH731691:179918-180677+	JH733809:260623-261381+	25	56	0	373,389,397,399,426,596,599,601,603,620	372,388,396,398,425,595,598,600,602,619	2	8,9,10,11,12,18,19,20,21,22	79	248	758	25|9|1|1|1|1|7|6|0|0|1|2
GA	Allmis	LTR	ERV4	SFV1-13_AMi-LTR	JH731691:179918-180677+	JH733809:264312-265068+	31	58	0	373,389,397,399,426,551,563,596,601,603	371,387,395,397,424,549,561,594,599,601	2	14,15,16,17,18,22,23,24,25,26	107	231	757	31|4|1|1|0|2|5|8|0|0|2|2
GA	Allmis	LTR	ERV4	SFV1-13_AMi-LTR	JH731691:179918-180677+	JH737242:1129367-1130125-	31	60	0	210,219,220,221,223,551,563,593,596,601,603	209,219,220,221,223,550,562,592,595,600,602	2	9,10,11,12,13,24,25,26,27,28,29	68	394	758	31|5|0|3|1|3|6|7|0|0|1|1
GA	Allmis	LTR	ERV4	SFV1-13_AMi-LTR	JH731691:179918-180677+	JH735459:206640-207399+	26	63	0	389,397,399,419,426,548,551,563,599,603,620	385,393,395,415,422,548,551,563,599,603,620	2	14,15,16,17,18,20,21,22,23,24,25	111	236	759	26|7|2|0|0|1|9|8|0|0|2|2
GA	Allmis	LTR	ERV4	SFV1-13_AMi-LTR	JH731691:179918-180677+	JH733596:78776-79535+	29	66	0	210,212,221,223,231,551,563,601,603,620	212,214,223,225,233,551,563,601,603,620	2	9,10,11,12,13,21,22,23,24,25	92	409	759	29|7|2|0|3|3|9|7|0|0|2|2
GA	Allmis	LTR	ERV4	SFV1-13_AMi-LTR	JH731691:179918-180677+	JH738606:45170-45925+	32	64	0	219,220,221,223,231,593,596,603,620,626	216,217,218,220,228,589,592,599,616,622	2	8,9,10,11,12,26,27,28,29,30	47	407	757	32|6|1|0|1|2|8|5|0|1|5|1
GA	Allmis	LTR	ERV4	SFV1-13_AMi-LTR	JH731691:179918-180677+	JH738772:94377-95140-	42	70	0	102,108,123,385,389,399,415,419,426,68,74	102,108,123,385,389,399,415,419,426,68,74	2	3,4,5,6,7,21,22,23,24,25,26	98	359	758	42|5|2|1|1|3|5|5|1|0|2|1
GA	Allmis	LTR	ERV4	SFV1-13_AMi-LTR	JH731691:179918-180677+	JH734215:45816-46564+	41	61	0	210,212,223,231,233,599,601,603,615,620,714,716,717,718,724,725,726,749,750,751	208,210,221,229,231,588,590,592,604,609,703,705,706,707,713,714,715,738,739,740	3	9,10,11,12,13,23,24,25,26,27,32,33,34,35,36,37,38,39,40,41	84	533	753	41|4|1|0|0|0|7|6|0|0|0|0
GA	Allmis	LTR	ERV4	SFV1-13_AMi-LTR	JH731691:179918-180677+	JH732272:69733-70490-	35	72	0	210,212,223,233,235,247,249,385,399,415,419,426,427	209,211,223,233,235,247,249,382,396,412,416,423,424	2	9,10,11,12,13,14,15,18,19,20,21,22,23	84	216	758	35|7|2|0|2|3|11|4|1|0|2|3
GA	Allmis	LTR	ERV4	SFV1-13_AMi-LTR	JH731691:179918-180677+	JH734488:249461-250226+	24	61	0	508,518,548,551,563,712,718,725,736,740	514,524,554,557,569,718,724,731,742,746	2	10,11,12,13,14,20,21,22,23,24	85	233	762	24|9|1|1|1|1|8|7|1|1|2|3
GA	Allmis	LTR	ERV4	SFV1-13_AMi-LTR	JH731691:179918-180677+	JH734117:638217-638971+	42	78	0	343,346,350,351,352,385,389,393,395,397,399,508,518,521,539,551,563,596,601,603,620	338,341,345,346,347,379,383,387,389,391,393,503,513,516,534,546,558,591,596,598,615	3	8,9,10,11,12,13,14,15,16,17,18,25,26,27,28,29,30,31,32,33,34	170	278	756	42|9|3|0|1|2|6|6|0|0|2|0
GA	Allmis	LTR	ERV4	SFV1-13_AMi-LTR	JH731691:179918-180677+	JH735341:1473633-1474397+	38	67	0	148,160,162,166,185,346,361,373,385,397,399,426	153,166,168,172,191,352,367,379,391,403,405,432	2	1,2,3,4,5,17,18,19,20,21,22,23	120	280	740	38|5|1|0|0|1|8|6|0|0|1|1
GA	Allmis	LTR	ERV4	SFV1-13_AMi-LTR	JH731691:179918-180677+	JH732157:41448-42200+	44	74	0	518,548,551,563,593,597,599,601,603,620,712,717,724,725,749,750	518,541,544,556,586,590,592,594,596,613,705,710,717,718,742,743	3	25,26,27,28,29,30,31,32,33,34,39,40,41,42,43,44	136	226	755	44|5|1|1|1|1|8|7|1|0|2|1
GA	Allmis	LTR	ERV4	SFV1-13_AMi-LTR	JH731691:179918-180677+	JH736990:99315-100082-	38	74	0	385,389,397,399,415,419,426,508,518,539,548,551,563,603,620	393,397,405,407,423,427,434,517,527,547,556,559,571,611,628	2	17,18,19,20,21,22,23,26,27,28,29,30,31,32,33	154	236	763	38|8|1|1|0|2|8|7|2|0|1|4
GA	Allmis	LTR	ERV4	SFV1-13_AMi-LTR	JH731691:179918-180677+	JH732391:381235-382001+	44	75	0	385,393,395,397,399,415,508,518,525,532,539,551,563,593,603,620,626,631,714,716,717,724,725,726,736,749,750,756	392,400,402,404,406,422,515,525,532,539,546,558,570,600,610,627,633,638,721,723,724,731,732,733,743,756,757,763	3	11,12,13,14,15,16,20,21,22,23,24,25,26,27,28,29,30,31,35,36,37,38,39,40,41,42,43,44	198	372	762	44|8|1|3|1|1|5|5|2|1|0|2
GA	Allmis	LTR	ERV4	SFV1-13_AMi-LTR	JH731691:179918-180677+	JH735343:299021-299775+	56	84	0	393,395,397,399,407,415,508,539,548,551,563,597,599,601,603,615,620,714,716,717,724,725,726,733	388,390,392,394,402,410,503,534,543,546,558,592,594,596,598,610,615,709,711,712,719,720,721,728	3	22,23,24,25,26,27,34,35,36,37,38,39,40,41,42,43,44,50,51,52,53,54,55,56	156	341	745	56|5|3|1|0|2|4|7|0|1|2|1
GA	Allmis	LTR	ERV4	SFV1-13_AMi-LTR	JH731691:179918-180677+	JH736342:4488-5097+	11	26	0	160,162,166,210,223,354,385,389,393,426	162,164,168,212,223,363,394,398,402,435	2	2,3,4,5,6,7,8,9,10,11	275	274	608	11|5|1|0|0|1|2|3|0|0|0|1
GA	Allmis	LTR	ERV4	SFV1-13_AMi-LTR	JH731691:179918-180677+	JH733622:687916-688674-	65	94	0	102,118,121,123,127,135,219,220,221,223,231,293,294,301,307,308,343,346,351,373,385,389,393,395,397,399,407,415,423,426,597,599,601,603,620,98	102,116,119,121,125,135,220,221,222,224,232,292,293,300,306,307,342,345,350,372,384,388,392,394,396,398,406,414,422,425,596,598,600,602,619,98	5	5,6,7,8,9,10,11,20,21,22,23,24,29,30,31,32,33,34,35,36,37,38,39,40,41,42,43,44,45,46,47,56,57,58,59,60	210	522	747	65|5|1|0|1|2|4|7|0|1|4|1
GA	Allmis	LTR	ERV4	SFV1-13_AMi-LTR	JH731691:179918-180677+	JH734091:183738-184507+	41	86	0	373,385,389,393,395,397,399,415,419,426,508,518,539,551,563,571	383,395,399,403,405,407,409,425,429,436,519,529,550,562,574,582	2	15,16,17,18,19,20,21,22,23,24,29,30,31,32,33,34	118	200	764	41|7|3|1|4|5|9|8|2|0|3|1
GA	Allmis	LTR	ERV4	SFV1-13_AMi-LTR	JH731691:179918-180677+	JH735597:1032167-1032920+	65	93	0	148,150,160,162,166,185,210,212,223,231,233,235,288,293,294,301,307,385,395,397,399,407,415,426,539,551,563,571,593,599,601,603,620	151,153,164,166,170,189,214,216,227,235,237,239,292,297,298,305,311,388,398,400,402,410,418,429,534,546,558,566,588,594,596,598,615	5	6,7,8,9,10,11,12,13,14,15,16,17,23,24,25,26,27,30,31,32,33,34,35,36,45,46,47,48,49,50,51,52,53	234	465	756	65|4|1|2|2|1|6|6|2|0|0|2
GA	Allmis	LTR	ERV4	SFV1-13_AMi-LTR	JH731691:179918-180677+	JH732651:36399-37165+	53	94	0	288,291,293,294,301,308,385,389,393,395,397,399,415,419,426,597,599,601,603,620	295,298,300,301,308,315,391,395,399,401,403,405,421,425,432,604,606,608,610,627	3	11,12,13,14,15,16,20,21,22,23,24,25,26,27,28,41,42,43,44,45	87	333	762	53|12|2|1|0|2|9|6|2|0|3|1
GA	Allmis	LTR	ERV4	SFV1-13_AMi-LTR	JH731691:179918-180677+	JH737439:88420-89179-	53	97	0	219,220,221,223,231,343,350,351,352,354,361,385,389,397,399,415,419,426,593,597,599,601,603,620	218,219,220,222,230,340,347,348,349,351,358,381,385,393,395,411,415,422,593,597,599,601,603,620	4	14,15,16,17,18,25,26,27,28,29,30,31,32,33,34,35,36,37,46,47,48,49,50,51	125	403	759	53|10|1|0|1|6|6|9|0|2|6|1
GA	Allmis	LTR	ERV4	SFV1-13_AMi-LTR	JH731694:178576-179299-	JH734735:652264-652991+	32	69	0	102,118,120,157,219,220,222,230,232,247,267,293,294,307,342,350,373,376,98	103,121,123,160,222,223,225,233,235,250,270,296,297,310,345,351,374,377,99	3	5,6,7,8,9,10,11,12,13,14,15,16,17,18,19,20,21,22,23	281	279	725	32|6|1|0|5|1|14|4|0|1|4|1
GA	Allmis	LTR	ERV4	SFV1-13_AMi-LTR	JH731694:178576-179299-	JH737364:67877-68602-	45	85	0	219,220,222,230,232,342,350,362,373,374,376,392,530,538,560,563,565,584,590,597	219,220,222,230,232,342,350,362,373,374,376,392,532,540,562,565,567,586,592,599	3	6,7,8,9,10,20,21,22,23,24,25,26,35,36,37,38,39,40,41,42	133	381	724	45|6|0|1|4|2|14|4|1|1|5|1
GA	Allmis	LTR	ERV4	SFV1-13_AMi-LTR	JH731694:178576-179299-	JH738206:37267-37987-	44	82	0	294,307,308,342,350,373,374,376,384,522,545,563,565,579,584	286,299,300,334,342,365,366,368,376,516,543,561,563,577,582	2	12,13,14,15,16,17,18,19,20,36,37,38,39,40,41	158	297	719	44|5|0|2|3|3|15|4|2|1|2|1
GA	Allmis	LTR	ERV4	SFV1-13_AMi-LTR	JH731701:414034-414730+	JH735259:229764-230473-	40	101	0	299,301,306,312,313,584,586,588,590,607	300,302,307,313,314,599,601,603,605,622	2	16,17,18,19,20,33,34,35,36,37	39	323	683	40|16|3|2|4|6|5|13|2|5|2|3
GA	Allmis	LTR	ERV4	SFV1-13_AMi-LTR	JH731741:979035-979794-	JH732651:36399-37165+	45	89	0	259,300,303,305,306,313,320,402,406,408,410,424,597,599,601,603,620	254,295,298,300,301,308,315,399,403,405,407,421,604,606,608,610,627	3	11,12,13,14,15,16,17,23,24,25,26,27,34,35,36,37,38	109	374	762	45|12|1|4|2|1|1|10|2|2|4|4
GA	Allmis	LTR	ERV4	SFV1-13_AMi-LTR	JH731741:979035-979794-	JH732391:381235-382001+	44	86	0	402,406,408,410,424,518,525,532,539,551,603,620,626,631,633,690,714,716,717,724,725,726,736	400,404,406,408,422,525,532,539,546,558,610,627,633,638,640,697,721,723,724,731,732,733,743	4	16,17,18,19,20,21,22,23,24,25,27,28,29,30,31,34,35,36,37,38,39,40,41	238	344	762	44|9|0|4|2|1|5|11|2|1|3|4
GA	Allmis	LTR	ERV4	SFV1-13_AMi-LTR	JH731741:979035-979794-	JH732467:745001-745753+	38	87	0	233,234,235,237,239,406,408,410,424,436	214,215,216,218,220,389,391,393,407,419	2	14,15,16,17,18,21,22,23,24,25	38	206	755	38|10|0|5|2|3|9|11|1|1|3|4
GA	Allmis	LTR	ERV4	SFV1-13_AMi-LTR	JH731741:979035-979794-	JH737548:38014-38783-	18	25	0	599,601,603,615,620,658,713,714,716,717,718,724,725,726,728	609,611,613,625,630,668,723,724,726,727,728,734,735,736,738	2	1,2,3,4,5,6,9,10,11,12,13,14,15,16,17	76	130	231	18|0|0|0|0|0|1|2|0|0|2|0
GA	Allmis	LTR	ERV4	SFV1-13_AMi-LTR	JH731753:1014483-1015242+	JH735459:206640-207399+	18	44	0	161,200,211,213,224,548,551,563,603,667	159,198,209,211,222,548,551,563,603,667	2	3,4,5,6,7,14,15,16,17,18	184	509	757	18|5|1|0|0|0|5|5|0|1|3|1
GA	Allmis	LTR	ERV4	SFV1-13_AMi-LTR	JH731753:1014483-1015242+	JH738772:94377-95140-	33	56	0	246,248,255,259,293,300,328,384,388,398,414,418	248,250,257,261,295,302,330,385,389,399,415,419	1	9,10,11,12,13,14,15,16,17,18,19,20	172	172	756	33|5|1|0|2|2|1|4|1|0|2|2
GA	Allmis	LTR	ERV4	SFV1-13_AMi-LTR	JH731753:1014483-1015242+	JH732467:745001-745753+	33	53	0	186,200,207,211,213,396,398,414,418,426	181,195,202,206,208,389,391,407,411,419	2	4,5,6,7,8,13,14,15,16,17	59	239	753	33|5|0|0|0|0|4|3|0|1|3|1
GA	Allmis	LTR	ERV4	SFV1-13_AMi-LTR	JH731753:1014483-1015242+	JH732157:38293-39045+	31	52	0	246,248,259,266,293,518,551,563,601,603	246,248,259,266,293,518,544,556,594,596	2	8,9,10,11,12,20,21,22,23,24	127	351	753	31|5|0|0|0|1|3|4|1|1|2|1
GA	Allmis	LTR	ERV4	SFV1-13_AMi-LTR	JH731753:1014483-1015242+	JH736990:99315-100082-	30	56	0	384,388,396,398,414,418,508,518,539,548,551,563	393,397,405,407,423,427,517,527,547,556,559,571	2	13,14,15,16,17,18,20,21,22,23,24,25	90	179	761	30|7|0|0|0|1|3|4|2|1|3|2
GA	Allmis	LTR	ERV4	SFV1-13_AMi-LTR	JH731753:1014483-1015242+	JH734215:45816-46564+	34	50	0	186,200,211,213,224,691,696,714,716,717,718,724,725,726,749,750,751	183,197,208,210,221,680,685,703,705,706,707,713,714,715,738,739,740	2	5,6,7,8,9,23,24,25,26,27,28,29,30,31,32,33,34	100	558	751	34|3|0|0|0|0|5|3|0|1|1|0
GA	Allmis	LTR	ERV4	SFV1-13_AMi-LTR	JH731753:1014483-1015242+	JH734488:249461-250226+	21	53	0	508,518,548,551,563,696,712,718,725,736,740	514,524,554,557,569,702,718,724,731,742,746	2	7,8,9,10,11,16,17,18,19,20,21	101	233	760	21|7|0|0|1|0|8|4|0|2|3|4
GA	Allmis	LTR	ERV4	SFV1-13_AMi-LTR	JH731753:1014483-1015242+	JH735341:1473633-1474397+	32	55	0	161,186,200,211,213,345,360,372,384,396,398,501,505,508,518,539	166,191,205,216,218,352,367,379,391,403,405,514,518,521,531,552	3	2,3,4,5,6,15,16,17,18,19,20,22,23,24,25,26	146	387	742	32|3|0|1|0|1|6|1|0|1|2|1
GA	Allmis	LTR	ERV4	SFV1-13_AMi-LTR	JH731753:1014483-1015242+	JH732157:41448-42200+	33	59	0	224,246,248,259,293,300,342,518,548,551,563,593,697,712,717,724,725,749,750	223,247,249,260,294,301,343,518,541,544,556,586,690,705,710,717,718,742,743	3	7,8,9,10,11,12,13,17,18,19,20,21,27,28,29,30,31,32,33	244	521	753	33|5|1|1|1|2|4|4|1|1|2|1
GA	Allmis	LTR	ERV4	SFV1-13_AMi-LTR	JH731753:1014483-1015242+	JH734117:638217-638971+	40	71	0	200,211,213,293,300,307,340,342,345,349,350,351,384,388,392,394,396,398,508,518,521,539,551,563,596	197,207,209,289,296,303,336,338,341,345,346,347,379,383,387,389,391,393,503,513,516,534,546,558,591	4	2,3,4,5,6,7,8,9,10,11,12,13,14,15,16,17,18,19,25,26,27,28,29,30,31	288	395	754	40|7|2|0|0|1|7|3|0|1|2|0
GA	Allmis	LTR	ERV4	SFV1-13_AMi-LTR	JH731753:1014483-1015242+	JH732272:69733-70490-	28	67	0	161,186,200,211,213,224,384,398,414,418,426	159,184,198,210,212,223,382,396,412,416,424	2	4,5,6,7,8,9,13,14,15,16,17	108	266	756	28|9|1|0|2|4|10|3|1|1|2|3
GA	Allmis	LTR	ERV4	SFV1-13_AMi-LTR	JH731753:1014483-1015242+	JH732391:381235-382001+	40	68	0	340,384,392,394,396,398,414,505,508,518,525,532,539,551,563,593,690,714,716,717,724,725,726,736,749,750,756	349,392,400,402,404,406,422,512,515,525,532,539,546,558,570,600,697,721,723,724,731,732,733,743,756,757,763	3	8,9,10,11,12,13,14,16,17,18,19,20,21,22,23,24,30,31,32,33,34,35,36,37,38,39,40	230	415	760	40|9|0|1|1|0|3|3|1|3|2|2
GA	Allmis	LTR	ERV4	SFV1-13_AMi-LTR	JH731753:1014483-1015242+	JH735343:299021-299775+	47	69	0	224,246,248,259,293,300,328,392,394,396,398,406,414,505,508,539,548,551,563,597,601,603,615,691,714,716,717,724,725,726,733	220,243,245,256,290,297,325,388,390,392,394,402,410,500,503,534,543,546,558,592,596,598,610,686,709,711,712,719,720,721,728	4	8,9,10,11,12,13,14,17,18,19,20,21,22,27,28,29,30,31,32,33,34,35,36,40,41,42,43,44,45,46,47	283	509	743	47|4|3|1|0|1|1|4|0|2|3|0
GA	Allmis	LTR	ERV4	SFV1-13_AMi-LTR	JH731753:1014483-1015242+	JH734091:183738-184507+	37	69	0	372,384,388,392,394,396,398,414,418,508,518,539,551,563,571	383,395,399,403,405,407,409,425,429,519,529,550,562,574,582	2	14,15,16,17,18,19,20,21,22,26,27,28,29,30,31	111	200	762	37|5|2|0|1|4|7|4|2|1|3|1
GA	Allmis	LTR	ERV4	SFV1-13_AMi-LTR	JH731753:1014483-1015242+	JH733622:687916-688674-	57	81	0	181,186,200,207,211,213,220,221,222,224,234,246,248,255,259,292,293,300,306,307,340,342,345,350,372,384,388,392,394,396,398,406,414,422	181,186,200,207,211,213,220,221,222,224,234,246,248,255,259,292,293,300,306,307,340,342,345,350,372,384,388,392,394,396,398,406,414,422	3	9,10,11,12,13,14,15,16,17,18,19,20,21,22,23,24,25,26,27,28,29,30,31,32,33,34,35,36,37,38,39,40,41,42	244	242	745	57|3|0|0|1|4|1|5|0|1|4|1
GA	Allmis	LTR	ERV4	SFV1-13_AMi-LTR	JH731753:1014483-1015242+	JH732651:36399-37165+	45	73	0	234,246,248,287,290,292,293,300,307,384,388,392,394,396,398,414,418	242,254,256,295,298,300,301,308,315,391,395,399,401,403,405,421,425	2	4,5,6,7,8,9,10,11,12,16,17,18,19,20,21,22,23	109	184	760	45|9|0|0|0|1|3|5|1|1|3|1
GA	Allmis	LTR	ERV4	SFV1-13_AMi-LTR	JH731753:1014483-1015242+	JH735597:1032167-1032920+	53	75	0	135,148,150,161,186,200,211,213,224,234,246,248,251,259,287,292,293,300,306,342,353,384,394,396,398,406,414,440,463,468,539,551,563,571,593,601,603,667	138,151,153,164,189,203,214,216,227,239,251,253,256,264,292,297,298,305,311,347,358,388,398,400,402,410,418,444,467,472,534,546,558,566,588,596,598,661	3	4,5,6,7,8,9,10,11,12,13,14,15,16,17,18,19,20,21,22,23,24,25,26,27,28,29,30,31,32,33,36,37,38,39,40,41,42,43	464	524	754	53|3|0|3|3|1|2|2|2|1|1|1
GA	Allmis	LTR	ERV4	SFV1-13_AMi-LTR	JH731753:1014483-1015242+	JH735459:209550-210156+	20	38	0	161,200,211,213,224,269,388,392,394,396,398	114,232,236,238,240,242,45,56,58,6,69	2	1,2,3,4,5,6,7,8,9,10,11	238	237	605	20|3|1|0|0|1|6|2|1|0|1|0
GA	Allmis	LTR	ERV4	SFV1-13_AMi-LTR	JH731753:1014483-1015242+	JH737439:88420-89179-	43	80	0	220,221,222,224,246,248,259,293,300,340,342,349,350,351,353,360,384,388	218,219,220,222,244,246,257,291,298,338,340,347,348,349,351,358,381,385	2	10,11,12,13,14,15,16,17,18,19,20,21,22,23,24,25,26,27	169	168	757	43|9|0|0|1|6|2|7|0|2|6|1
GA	Allmis	LTR	ERV4	SFV1-13_AMi-LTR	JH731753:1014483-1015242+	JH736342:4488-5097+	12	30	0	161,200,206,211,224,340,353,384,388,392	162,201,207,212,223,350,363,394,398,402	2	2,3,4,5,6,7,8,9,10,11	242	241	606	12|6|0|0|0|0|7|3|0|1|1|0
GA	Allmis	LTR	ERV4	LT46D_AMi-LTR	JH733181:148546-149255-	JH734483:155505-156236-	32	65	0	142,150,163,164,167,198,202,257,274,276,277,279,290,296,314,324,326,329	142,150,163,164,167,198,202,278,295,297,298,300,311,317,335,345,347,350	2	3,4,5,6,7,8,9,10,11,12,13,14,15,16,17,18,19,20	210	209	720	32|13|0|1|0|0|8|5|2|1|2|1
GA	Allmis	LTR	ERV4	SFV1-13_AMi-LTR	JH731763:1306747-1307484+	JH734735:652264-652991+	38	68	0	101,105,122,124,225,226,227,239,251,468,476,478,486,502,71	103,121,123,221,222,223,238,250,465,473,475,483,489,69,99	3	5,6,7,8,9,13,14,15,16,17,27,28,29,30,31	110	421	732	38|5|2|1|1|1|6|10|1|0|3|0
GA	Allmis	LTR	ERV4	SFV1-13_AMi-LTR	JH731763:1306747-1307484+	JH737364:67877-68602-	49	78	0	145,163,165,212,218,225,226,227,239,251,476,478,486,488,502	139,157,159,205,211,218,219,220,232,247,472,474,482,484,490	3	4,5,6,7,8,9,10,11,12,13,31,32,33,34,35	129	352	731	49|3|2|2|1|1|4|10|2|1|1|1
GA	Allmis	LTR	ERV4	SFV1-13_AMi-LTR	JH731763:1306747-1307484+	JH738206:37267-37987-	52	83	0	101,105,122,124,128,17,18,40,488,490,492,494,498,502,71	102,118,120,124,17,18,40,472,474,476,478,482,486,68,98	2	1,2,3,4,5,6,7,8,9,36,37,38,39,40,41	123	470	726	52|4|2|0|2|2|9|10|2|0|0|0
GA	Allmis	LTR	ERV4	SFV1-13_AMi-LTR	JH731785:259398-259856-	JH736990:99315-100082-	18	33	0	112,116,238,247,250,262,302,359,372,61,82,86,94,96	372,393,397,405,407,423,427,547,556,559,571,611,668,681	2	1,2,3,4,5,6,7,11,12,13,14,15,16,17	191	310	457	18|5|0|0|0|1|4|0|0|1|3|1
GA	Allmis	LTR	ERV4	SFV1-13_AMi-LTR	JH731785:259398-259856-	JH732157:38293-39045+	17	29	0	238,250,262,298,300,302,359,372,416,423,424	532,544,556,592,594,596,653,666,710,717,718	2	6,7,8,9,10,11,12,13,14,15,16	188	187	454	17|2|0|1|1|0|4|0|0|1|2|1
GA	Allmis	LTR	ERV4	SFV1-13_AMi-LTR	JH731785:259398-259856-	JH732391:381235-382001+	33	48	0	112,238,250,262,292,302,325,330,332,389,413,415,416,423,424,425,435,61,82,90,92,94,96	371,392,400,402,404,406,422,546,558,570,600,610,633,638,640,697,721,723,724,731,732,733,743	3	2,3,4,5,6,7,8,14,15,16,17,18,19,20,21,23,24,25,26,27,28,29,30	194	373	457	33|6|0|0|0|1|4|0|0|1|1|2
GA	Allmis	LTR	ERV4	SFV1-13_AMi-LTR	JH731785:259398-259856-	JH733622:687916-688674-	31	46	0	104,112,39,41,44,49,5,6,61,82,86,90,92,94,96	306,307,340,342,345,350,362,384,388,392,394,396,398,406,414	2	1,2,3,4,5,6,7,8,9,10,11,12,13,14,15	110	109	446	31|3|0|0|0|2|4|0|0|1|3|1
GA	Allmis	LTR	ERV4	SFV1-13_AMi-LTR	JH731785:259398-259856-	JH735343:299021-299775+	34	50	0	104,112,238,247,250,262,296,298,300,302,314,390,413,415,416,423,424,425,432,90,92,94,96	388,390,392,394,402,410,534,543,546,558,592,594,596,598,610,686,709,711,712,719,720,721,728	3	5,6,7,8,9,10,15,16,17,18,19,20,21,22,23,27,28,29,30,31,32,33,34	143	341	446	34|5|0|1|0|2|3|0|0|2|2|1
GA	Allmis	LTR	ERV4	SFV1-13_AMi-LTR	JH731785:259398-259856-	JH737439:88420-89179-	26	52	0	292,296,298,300,302,39,41,48,49,50	338,340,347,348,349,593,597,599,601,603	2	1,2,3,4,5,21,22,23,24,25	23	266	459	26|6|0|0|1|4|5|3|0|1|5|1
GA	Allmis	LTR	ERV4	SFV1-13_AMi-LTR	JH731785:259398-259856-	JH734117:638217-638971+	32	55	0	238,250,262,295,300,302,39,41,44,48,49,50,82,86,90,92,94,96	336,338,341,345,346,347,379,383,387,389,391,393,534,546,558,591,596,598	3	2,3,4,5,6,7,8,9,10,11,12,13,20,21,22,23,24,25	124	263	457	32|9|2|0|0|2|5|0|0|1|3|1
GA	Allmis	LTR	ERV4	SFV1-13_AMi-LTR	JH731785:259398-259856-	JH733438:131269-131742-	41	58	0	112,116,292,296,298,300,302,390,395,396,413,415,416,417,423,424,425,427,429,48,49,5,50,59,6,61,82,86,90,92,94,96	103,107,109,111,113,129,133,22,23,307,311,313,315,317,405,410,411,428,430,431,432,438,439,440,442,444,65,66,67,76,78,99	5	1,2,3,4,5,6,7,8,9,10,11,12,13,14,15,22,23,24,25,26,28,29,30,31,32,33,34,35,36,37,38,39	165	423	457	41|5|0|0|1|2|3|0|1|0|3|1
GA	Allmis	LTR	ERV4	SFV1-13_AMi-LTR	JH731796:203774-204534+	JH732397:417969-418722-	25	52	0	148,159,165,184,205,209,211,293,300,342,362,372,383,397	147,158,164,183,204,208,210,290,297,339,359,369,380,394	2	5,6,7,8,9,10,11,15,16,17,18,19,20,21	169	248	751	25|5|0|1|1|3|5|8|1|1|1|0
GA	Allmis	LTR	ERV4	SFV1-13_AMi-LTR	JH731796:203774-204534+	JH734488:249461-250226+	21	53	0	604,621,634,661,668,697,713,719,726,737	609,626,639,666,673,702,718,724,731,742	2	12,13,14,15,16,17,18,19,20,21	135	134	762	21|8|0|2|2|2|5|7|1|1|0|4
GA	Allmis	LTR	ERV4	SFV1-13_AMi-LTR	JH731796:203774-204534+	JH738772:94377-95140-	41	69	0	102,18,328,362,372,383,387,397,40,602,604,621,661,668,678,68,74	102,18,330,364,374,385,389,399,40,605,607,624,664,671,68,681,74	3	1,2,3,4,5,19,20,21,22,23,24,34,35,36,37,38,39	232	664	756	41|7|1|3|2|3|4|7|1|0|0|0
GA	Allmis	LTR	ERV4	SFV1-13_AMi-LTR	JH731796:203774-204534+	JH734117:638217-638971+	39	71	0	340,342,345,349,350,351,383,387,391,393,395,397,519,522,540,552,564,597,602,604,621,668	336,338,341,345,346,347,379,383,387,389,391,393,513,516,534,546,558,591,596,598,615,662	4	7,8,9,10,11,12,14,15,16,17,18,19,24,25,26,27,28,29,30,31,32,33	178	327	752	39|9|2|1|1|2|5|7|0|0|0|0
GA	Allmis	LTR	ERV4	SFV1-13_AMi-LTR	JH731796:203774-204534+	JH736990:99315-100082-	35	65	0	102,18,362,372,383,387,395,397,40,519,540,549,552,564,604,621,661,668,674,68,681,98	102,18,372,382,393,397,40,405,407,527,547,556,559,571,611,628,668,675,68,681,688,98	4	1,2,3,4,5,15,16,17,18,19,20,24,25,26,27,28,29,30,31,32,33,34	284	671	763	35|9|0|2|0|2|5|7|1|1|0|3
GA	Allmis	LTR	ERV4	SFV1-13_AMi-LTR	JH731796:203774-204534+	JH735341:1473633-1474397+	34	61	0	159,165,184,209,211,218,219,220,222,248,345,360,362,372,383,395,397,602,604,621,661,668,678,697	166,172,191,216,218,225,226,227,229,255,352,367,369,379,391,403,405,614,616,633,673,680,690,709	4	2,3,4,5,6,7,8,9,10,11,14,15,16,17,18,19,20,28,29,30,31,32,33,34	241	544	741	34|6|0|1|2|3|4|4|0|0|1|2
GA	Allmis	LTR	ERV4	SFV1-13_AMi-LTR	JH731796:203774-204534+	JH734215:45816-46564+	36	58	0	184,209,211,222,230,232,600,602,604,616,621,668,678,692,697,715,717,718,719,725,726,727	183,208,210,221,229,231,588,590,592,604,609,656,666,680,685,703,705,706,707,713,714,715	3	7,8,9,10,11,12,21,22,23,24,25,26,27,28,29,30,31,32,33,34,35,36	178	533	743	36|4|0|2|1|2|6|6|0|0|0|1
GA	Allmis	LTR	ERV4	SFV1-13_AMi-LTR	JH731796:203774-204534+	JH732970:1100569-1101249+	28	59	0	209,211,218,219,220,222,230,246,248,340,342,350,372,383	133,135,142,143,144,146,154,168,170,262,264,272,294,305	2	4,5,6,7,8,9,10,11,12,13,14,15,16,17	174	173	677	28|5|1|1|4|2|7|7|0|1|1|2
GA	Allmis	LTR	ERV4	SFV1-13_AMi-LTR	JH731796:203774-204534+	JH732998:349203-349955+	30	73	0	209,211,230,248,251,604,621,668,674,681,697	209,211,230,246,249,596,613,660,666,673,689	2	4,5,6,7,8,24,25,26,27,28,29	135	481	754	30|10|1|3|3|2|8|11|1|1|2|1
GA	Allmis	LTR	ERV4	SFV1-13_AMi-LTR	JH731796:203774-204534+	JH734091:183738-184507+	37	73	0	372,383,387,391,393,395,397,519,540,552,564,572	384,395,399,403,405,407,409,529,550,562,574,582	2	15,16,17,18,19,20,21,27,28,29,30,31	80	199	759	37|6|1|2|4|5|6|7|2|0|2|1
GA	Allmis	LTR	ERV4	SFV1-13_AMi-LTR	JH731796:203774-204534+	JH735343:299021-299775+	54	82	0	391,393,395,397,405,598,600,602,604,616,621,674,678,692,715,717,718,725,726,727,734	388,390,392,394,402,592,594,596,598,610,615,668,672,686,709,711,712,719,720,721,728	3	22,23,24,25,26,37,38,39,40,41,42,45,46,47,48,49,50,51,52,53,54	100	341	746	54|5|3|1|2|3|2|7|0|1|2|2
GA	Allmis	LTR	ERV4	SFV1-13_AMi-LTR	JH731796:203774-204534+	JH732391:381235-382001+	42	76	0	340,362,372,383,391,393,395,397,519,526,533,540,552,564,594,604,621,627,632,634,691,715,717,718,725,726,727,737	349,371,381,392,400,402,404,406,525,532,539,546,558,570,600,610,627,633,638,640,697,721,723,724,731,732,733,743	4	10,11,12,13,14,15,16,17,21,22,23,24,25,26,27,28,29,30,31,32,35,36,37,38,39,40,41,42	222	395	752	42|10|0|3|3|2|5|5|2|2|0|2
GA	Allmis	LTR	ERV4	SFV1-13_AMi-LTR	JH731796:203774-204534+	JH737439:88420-89179-	51	89	0	218,219,220,222,230,246,248,340,342,349,350,351,353,360,362,372,383,387,598,600,602,604,621	218,219,220,222,230,244,246,338,340,347,348,349,351,358,360,370,381,385,597,599,601,603,620	3	13,14,15,16,17,18,19,23,24,25,26,27,28,29,30,31,32,33,45,46,47,48,49	101	403	759	51|9|0|0|1|8|4|10|0|1|4|1
GA	Allmis	LTR	ERV4	SFV1-13_AMi-LTR	JH731796:203774-204534+	JH732651:36399-37165+	49	86	0	287,292,293,300,307,342,345,350,362,372,383,387,391,393,395,397,598,600,602,604,621	295,300,301,308,315,350,353,358,370,380,391,395,399,401,403,405,604,606,608,610,627	4	9,10,11,12,13,14,15,16,17,18,19,20,21,22,23,24,37,38,39,40,41	137	333	763	49|11|1|2|1|3|5|8|2|0|1|2
GA	Allmis	LTR	ERV4	SFV1-13_AMi-LTR	JH731796:203774-204534+	JH735459:209550-210156+	23	47	0	159,165,209,211,222,230,387,391,393,395,397	12,232,236,238,240,242,56,58,6,69,77	2	1,2,3,4,5,6,9,10,11,12,13	83	237	606	23|4|1|0|1|2|7|8|1|0|0|0
GA	Allmis	LTR	ERV4	SFV1-13_AMi-LTR	JH731796:203774-204534+	JH733622:687916-688674-	67	95	0	179,184,205,209,211,218,219,220,222,230,292,293,300,306,307,340,342,345,350,362,372,383,387,391,393,395,397,405,598,600,602,604,621	181,186,207,211,213,220,221,222,224,232,292,293,300,306,307,340,342,345,350,362,373,384,388,392,394,396,398,406,596,598,600,602,619	5	14,15,16,17,18,19,20,21,22,23,28,29,30,31,32,33,34,35,36,37,38,39,40,41,42,43,44,45,55,56,57,58,59	193	439	759	67|7|0|1|1|2|3|9|0|1|3|0
GA	Allmis	LTR	ERV4	SFV1-13_AMi-LTR	JH731796:203774-204534+	JH735597:1032167-1032920+	63	85	0	146,148,159,165,184,209,211,222,230,232,234,246,248,251,342,353,372,383,393,395,397,405,451,454,464,469,477,519,522,526,552,564,572,594,600,602,604,621,668,678	151,153,164,170,189,214,216,227,235,237,239,251,253,256,347,358,377,388,398,400,402,410,454,457,467,472,480,520,523,527,546,558,566,588,594,596,598,615,661,671	5	6,7,8,9,10,11,12,13,14,15,16,17,18,19,26,27,28,29,30,31,32,33,36,37,38,39,40,42,43,44,45,46,47,48,49,50,51,52,53,54	350	521	751	63|5|0|2|2|2|3|6|1|0|0|1
GA	Allmis	LTR	ERV4	SFV1-13_AMi-LTR	JH731799:190107-190866+	JH732157:41448-42200+	27	58	0	244,246,257,291,293,298,697,712,717,724,725	247,249,260,294,296,301,690,705,710,717,718	2	8,9,10,11,12,13,23,24,25,26,27	84	472	744	27|3|0|3|2|1|8|10|0|0|4|0
GA	Allmis	LTR	ERV4	SFV1-13_AMi-LTR	JH731799:190107-190866+	JH735343:299021-299775+	43	71	0	244,246,257,291,293,298,326,389,391,393,395,403,714,716,717,724,725,726,733,749,750,756	243,245,256,290,292,297,325,388,390,392,394,402,709,711,712,719,720,721,728,744,745,751	3	8,9,10,11,12,13,14,17,18,19,20,21,34,35,36,37,38,39,40,41,42,43	141	509	756	43|3|1|2|1|2|2|10|0|1|6|0
GA	Allmis	LTR	ERV4	SFV1-13_AMi-LTR	JH731799:190107-190866+	JH732391:381235-382001+	32	68	0	381,389,391,393,395,714,716,717,724,725,726,736	392,400,402,404,406,721,723,724,731,732,733,743	2	10,11,12,13,14,26,27,28,29,30,31,32	38	352	751	32|5|0|3|2|1|10|8|1|2|2|2
GA	Allmis	LTR	ERV4	SFV1-13_AMi-LTR	JH731799:190107-190866+	JH737439:88420-89179-	34	74	0	220,244,246,257,291,293,298,338,340,347,348,349,351	220,244,246,257,291,293,298,338,340,347,348,349,351	2	9,10,11,12,13,14,15,16,17,18,19,20,21	133	132	759	34|9|0|0|1|5|4|14|0|1|6|0
GA	Allmis	LTR	ERV4	SFV1-13_AMi-LTR	JH731799:190107-190866+	JH733622:687916-688674-	50	80	0	244,246,253,257,290,291,293,298,304,305,381,385,389,391,393,395,403,728,730,733,749,750	246,248,255,259,292,293,295,300,306,307,384,388,392,394,396,398,406,727,729,732,748,749	3	18,19,20,21,22,23,24,25,26,27,32,33,34,35,36,37,38,46,47,48,49,50	108	504	758	50|5|0|0|2|3|2|11|0|0|6|0
GA	Allmis	LTR	ERV4	SFV1-13_AMi-LTR	JH731799:190107-190866+	JH735597:1032167-1032920+	48	78	0	232,244,246,249,257,285,290,291,293,298,304,381,391,393,395,403	237,251,253,256,264,292,297,298,300,305,311,388,398,400,402,410	2	10,11,12,13,14,15,16,17,18,19,20,23,24,25,26,27	98	174	756	48|4|0|2|2|1|6|10|1|0|2|2
GA	Allmis	LTR	ERV4	SFV1-13_AMi-LTR	JH731799:190107-190866+	JH732651:36399-37165+	41	91	0	232,244,246,285,288,290,291,293,298,305,381,385,389,391,393,395,415	242,254,256,295,298,300,301,303,308,315,391,395,399,401,403,405,425	2	5,6,7,8,9,10,11,12,13,14,18,19,20,21,22,23,24	109	184	762	41|10|0|2|1|3|12|13|1|0|5|2
GA	Allmis	LTR	ERV4	SFV1-13_AMi-LTR	JH731809:564117-564414+	JH735597:1032167-1032920+	16	22	0	133,146,165,184,209,232,244,246,249,257	138,151,170,189,214,237,251,253,256,264	1	4,5,6,7,8,9,10,11,12,13	127	127	300	16|2|0|0|0|0|2|1|1|0|0|0
GA	Allmis	LTR	ERV4	SFV1-13_AMi-LTR	JH731809:566640-567407+	JH734117:638217-638971+	32	73	0	349,351,354,358,359,360,392,396,400,402,404,406,408	336,338,341,345,346,347,379,383,387,389,391,393,395	2	7,8,9,10,11,12,13,14,15,16,17,18,19	61	60	755	32|8|2|0|0|0|7|8|0|0|2|1
GA	Allmis	LTR	ERV4	SFV1-13_AMi-LTR	JH731809:566640-567407+	JH732391:381235-382001+	33	91	0	349,392,400,402,404,406,408,422,722,724,725,732,734	349,392,400,402,404,406,408,422,721,723,724,731,733	2	9,10,11,12,13,14,15,16,28,29,30,31,32	87	385	755	33|11|1|1|2|0|9|9|2|3|3|2
GA	Allmis	LTR	ERV4	SFV1-13_AMi-LTR	JH731809:566640-567407+	JH735343:299021-299775+	45	86	0	400,402,404,406,408,414,422,722,724,725,732,734	388,390,392,394,396,402,410,709,711,712,719,721	2	18,19,20,21,22,23,24,40,41,42,43,44	36	334	749	45|5|3|0|1|1|5|10|1|1|4|3
GA	Allmis	LTR	ERV4	SFV1-13_AMi-LTR	JH731809:566640-567407+	JH732651:36399-37165+	37	100	0	301,302,304,309,316,392,396,400,402,404,406,408,422	300,301,303,308,315,391,395,399,401,403,405,407,421	2	5,6,7,8,9,13,14,15,16,17,18,19,20	47	122	766	37|13|1|1|0|2|10|12|2|0|4|2
GA	Allmis	LTR	ERV4	SFV1-13_AMi-LTR	JH731809:566640-567407+	JH733622:687916-688674-	54	98	0	219,220,221,223,231,301,302,304,309,315,316,349,351,354,359,392,396,400,402,404,406,408,414,422	220,221,222,224,232,292,293,295,300,306,307,340,342,345,350,384,388,392,394,396,398,400,406,414	3	15,16,17,18,19,22,23,24,25,26,27,28,29,30,31,32,33,34,35,36,37,38,39,40	137	195	762	54|7|1|0|2|0|6|12|0|1|5|1
GA	Allmis	LTR	ERV4	SFV1-13_AMi-LTR	JH731809:566640-567407+	JH737439:88420-89179-	38	91	0	219,220,221,223,231,349,351,358,359,360,362,369,392,396	218,219,220,222,230,338,340,347,348,349,351,358,381,385	2	9,10,11,12,13,18,19,20,21,22,23,24,25,26	61	168	763	38|10|1|0|1|5|5|14|1|2|5|2
GA	Allmis	LTR	ERV4	SFV1-13_AMi-LTR	JH731809:566640-567407+	JH733438:131269-131742-	38	62	0	302,304,309,315,316,358,359,360,362,369,392,396,400,402,404,406,408,422	103,107,109,11,111,113,115,129,16,22,23,65,66,67,69,76,9,99	2	1,2,3,4,5,6,7,8,9,10,11,12,13,14,15,16,17,18	122	121	473	38|4|1|0|2|0|1|9|0|0|2|2
GA	Allmis	LTR	ERV4	SFV1-13_AMi-LTR	JH731845:3896-4636+	JH732467:745001-745753+	39	71	0	394,396,398,405,412,424,658,672,705,706,721	389,391,393,400,407,419,670,684,717,718,733	2	17,18,19,20,21,22,35,36,37,38,39	95	345	746	39|7|1|0|3|5|5|6|1|0|1|1
GA	Allmis	LTR	ERV4	SFV1-13_AMi-LTR	JH731845:3896-4636+	JH732272:69733-70490-	32	72	0	106,137,162,164,168,187,396,398,405,412,424	102,133,159,161,165,184,396,398,405,412,424	2	4,5,6,7,8,9,18,19,20,21,22	112	323	748	32|10|2|0|4|5|9|6|2|0|0|0
GA	Allmis	LTR	ERV4	SFV1-13_AMi-LTR	JH731845:3896-4636+	JH734215:45816-46564+	40	78	0	580,582,584,596,601,648,658,672,677,695,697,698,699,705,706,707,730,731,732	588,590,592,604,609,656,666,680,685,703,705,706,707,713,714,715,738,739,740	2	22,23,24,25,26,27,28,29,30,31,32,33,34,35,36,37,38,39,40	154	153	744	40|6|1|0|4|5|10|8|1|0|0|1
GA	Allmis	LTR	ERV4	SFV1-13_AMi-LTR	JH731845:3896-4636+	JH732157:41448-42200+	43	86	0	578,580,582,584,601,678,693,698,705,706,730,731	590,592,594,596,613,690,705,710,717,718,742,743	2	29,30,31,32,33,37,38,39,40,41,42,43	78	154	746	43|8|1|2|5|6|8|6|2|0|2|1
GA	Allmis	LTR	ERV4	SFV1-13_AMi-LTR	JH731845:3896-4636+	JH737439:88420-89179-	48	88	0	162,164,168,187,214,350,352,359,361,382,394,396,398,405,412,578,580,582,584,601	159,161,165,184,211,347,349,358,360,381,393,395,397,404,411,597,599,601,603,620	4	11,12,13,14,15,26,27,28,29,30,32,33,34,35,36,42,43,44,45,46	131	462	749	48|7|3|1|3|8|4|6|0|2|2|2
GA	Allmis	LTR	ERV4	SFV1-3_AMi-I	JH731047:20979-26471+	JH739497:124156-128967+	314	626	0	103,1146,1158,1161,1163,1168,1265,1280,1290,1291,1292,1305,1313,1332,1334,1347,2072,2073,2095,2096,2097,2104,2109,2112,2113,2117,2125,2128,2130,2136,2901,2902,2932,2933,2935,2940,2948,2949,3199,3235,3236,3237,3240,3293,3295,3296,3312,3313,3314,3318,3340,3347,3603,3604,3605,3609,3610,3624,3626,3629,3716,3719,3724,3727,3728,3729,3745,3842,3854,3867,3868,3871,3973,3992,3995,3998,4000,4001,4005,4006,4039,4043,4044,4047,4050,4060,4065,4066,4075,601,603,606,610,615,616,618,66,68,767,774,775,780,787,790,87,88,89	1132,1134,1137,1141,1146,1147,1149,1298,1305,1306,1311,1318,1321,1684,1696,1699,1701,1706,1803,1818,1828,1829,1830,1843,1850,1869,1871,1884,2634,2635,2657,2658,2659,2666,2671,2674,2675,2679,2687,2690,2692,2698,3464,3465,3495,3496,3498,3503,3511,3512,3762,3798,3799,3800,3803,3873,3875,3876,3892,3893,3894,3898,3920,3927,4183,4184,4185,4189,4190,4204,4206,4209,4296,4299,4304,4307,4308,4309,4325,4422,4434,4447,4448,4451,4553,4572,4575,4578,4580,4581,4585,4586,4619,4623,4624,4627,4630,4640,4645,4646,4655,603,605,624,625,626,640	15	2,3,4,5,6,7,43,44,45,46,47,48,49,54,55,56,57,58,59,77,78,79,80,81,84,85,86,87,88,89,90,91,92,93,141,142,143,144,145,146,147,148,149,150,151,152,153,154,207,208,209,210,211,212,213,214,230,231,232,233,234,235,236,237,238,239,240,241,242,243,257,258,259,260,261,262,263,264,270,271,272,273,274,275,276,285,286,287,288,289,293,294,295,296,297,298,299,300,301,302,303,304,305,306,307,308,309	658	4053	4246	314|68|11|8|23|20|54|83|4|10|21|7
GA	Allmis	LTR	ERV4	SFV1-3_AMi-I	JH731047:20979-26471+	JH732414:30493-33692-	171	408	0	1557,1583,1587,1595,1611,1615,1624,1626,2056,2063,2073,2093,2095,2097,2104,2901,2902,2917,2933,2935,2959,3603,3604,3605,3609,3610,3626,3629	1282,1289,1299,1319,1321,1323,1330,2128,2129,2144,2160,2162,2186,2845,2846,2847,2851,2852,2868,2871,783,809,813,821,837,841,850,852	4	26,27,28,29,30,31,32,33,54,55,56,57,58,59,60,112,113,114,115,116,117,148,149,150,151,152,153,154	205	2089	3173	171|39|5|7|12|14|56|66|8|9|15|5
GA	Allmis	LTR	ERV4	SFV1-3_AMi-I	JH731047:20979-26471+	AKHW01012874:0-3468-	158	365	0	2795,2800,2809,2810,2824,2827,3295,3296,3312,3313,3314,3318,3340,3347,3512,3519,3520,3521,3522,3604,3609,3610,3624,3626,3629,3992,3993,3995,3998,4000,4001,4006,4047,4050,4060,4065,4075,4976,4977,4978,4983,4987,5003,5004,5011,5024	1002,1365,1366,1368,1371,1373,1374,1379,1420,1423,1433,1438,1448,151,156,165,166,180,183,2348,2349,2350,2355,2359,2375,2376,2383,2396,668,669,685,686,687,691,713,720,885,892,893,894,895,977,982,983,997,999	7	2,3,4,5,6,7,26,27,28,29,30,31,32,33,42,43,44,45,46,49,50,51,52,53,54,73,74,75,76,77,78,79,81,82,83,84,85,122,123,124,125,126,127,128,129,130	216	2246	2832	158|53|8|5|12|13|36|51|3|8|11|6
GA	Allmis	LTR	ERV4	SFV1-3_AMi-I	JH731237:96736-97763+	JH739497:124156-128967+	46	82	0	601,616,622,623,624,638,692,713,721,731,740,752,754,768	603,618,624,625,626,640,694,715,723,733,742,754,756,770	2	22,23,24,25,26,27,28,29,30,31,32,33,34,35	169	168	1028	46|8|0|0|3|0|16|5|0|3|0|0
GA	Allmis	LTR	ERV4	SFV1-3_AMi-I	JH731256:95221-95844-	JH739497:124156-128967+	35	41	0	133,140,162,190,192,200,201,254,262,277,283,284,285,299,33,413,415,429,44,458,460,462,518,524,566,568,586,62,63,74	373,384,402,403,414,473,480,502,530,532,541,542,595,603,618,624,625,626,640,754,756,770,799,801,803,859,865,907,909,927	4	1,2,3,4,5,6,7,8,9,10,11,12,13,14,15,16,17,18,19,24,25,26,27,28,29,30,31,32,33,34	444	555	623	35|2|0|0|0|0|2|2|0|0|0|0
GA	Allmis	LTR	ERV4	SFV1-3_AMi-I	JH731436:0-1800-	JH739497:124156-128967+	100	160	0	1025,1026,1044,1053,1058,1059,11,1182,1184,1217,1218,1230,1233,1257,1258,1383,1407,1414,1419,1431,1596,1608,1611,1613,1618,1730,1740,1741,1742,1755,1758,1767,18,19,20,415,420,443,445,453,454,48,507,515,530,536,537,538,58,627,635,645,654,663,774,777,819,821,839,959,974,993,994,996	1047,106,1062,107,108,1081,1082,1084,1113,1114,1132,1141,1146,1147,1270,1272,1305,1306,1318,1321,1345,1346,136,146,1471,1495,1502,1507,1519,1684,1696,1699,1701,1706,1818,1828,1829,1830,1843,1846,1854,502,507,530,532,541,542,595,603,618,624,625,626,715,723,733,742,751,862,865,907,909,927,99	11	1,2,3,4,5,6,18,19,20,21,22,23,24,25,26,27,28,29,32,33,34,35,36,44,45,46,47,48,53,54,55,56,57,58,59,60,61,62,63,66,67,68,69,70,71,72,73,77,78,79,80,81,86,87,88,89,90,92,93,94,95,96,97,98	565	1756	1799	100|12|2|0|3|0|16|10|1|3|2|2
GA	Allmis	LTR	ERV4	SFV1-3_AMi-I	JH731436:0-1800-	AKHW01012874:3442-5102-	47	95	0	1398,1406,1407,1414,1419,1725,1740,1742,1755,1758	1233,1248,1250,1263,1266,906,914,915,922,927	2	31,32,33,34,35,42,43,44,45,46	56	361	1308	47|14|2|0|2|0|12|8|1|2|2|1
GA	Allmis	LTR	ERV4	SFV1-13_AMi-LTR	JH731851:393365-394086-	JH734735:652264-652991+	39	60	0	102,118,120,132,157,211,219,220,222,230,232,247,249,267,68,98	103,121,123,135,160,214,222,223,225,233,235,250,252,270,69,99	2	4,5,6,7,8,9,10,11,12,13,14,15,16,17,18,19	203	202	724	39|4|0|0|1|1|4|7|0|0|2|0
GA	Allmis	LTR	ERV4	SFV1-13_AMi-LTR	JH731851:393365-394086-	JH737364:67877-68602-	52	73	0	102,132,157,159,205,211,219,220,222,230,232,429,431,444,472,486,489,497,558,561,563,565,582	102,132,157,159,205,211,219,220,222,230,232,429,431,444,472,490,493,501,562,565,567,569,586	4	3,4,5,6,7,8,9,10,11,12,13,31,32,33,34,35,36,37,41,42,43,44,45	230	485	712	52|3|0|0|0|2|3|5|1|1|2|1
GA	Allmis	LTR	ERV4	SFV1-13_AMi-LTR	JH731851:393365-394086-	JH738206:37267-37987-	45	61	0	102,118,120,124,132,159,18,205,211,230,232,249,294,296,307,308,342,373,374,376,392,397,40,400,404,516,561,563,565,577,582,68,98	102,118,120,124,132,151,18,197,203,222,224,241,286,288,299,300,334,365,366,368,384,389,392,396,40,516,561,563,565,577,582,68,98	4	1,2,3,4,5,6,7,8,9,10,11,12,13,14,15,16,17,18,19,20,21,22,23,24,25,26,27,37,38,39,40,41,42	448	565	708	45|2|1|0|2|1|0|5|2|1|0|0
GA	Allmis	LTR	ERV4	SFV1-3_AMi-I	JH731763:1306434-1306747+	JH738206:37987-38299-	32	39	0	100,102,103,115,139,149,158,169,172,175,176,33,41,42,57,58,64,65,9,94,96	100,102,103,115,139,149,158,168,171,174,175,33,41,42,57,58,64,65,9,94,96	3	1,2,3,4,5,6,7,8,11,12,13,14,15,16,17,18,19,20,21,22,23	140	167	312	32|2|0|0|0|1|0|2|0|0|0|2
GA	Allmis	LTR	ERV4	SFV1-3_AMi-I	JH731763:1306434-1306747+	JH737364:68602-68914-	24	36	0	100,102,103,115,139,149,33,41,42,58,64,65,9,94,96	100,102,103,115,139,149,33,41,42,58,64,65,9,94,96	2	1,2,3,4,5,6,7,9,10,11,12,13,14,15,16	113	141	299	24|2|0|0|0|0|2|5|0|2|0|1
GA	Allmis	LTR	ERV4	SFV1-3_AMi-I	AKHW01012874:0-3468-	JH739497:124156-128967+	56	116	0	1089,1092,1097,1100,1101,1102,1135,1146,1149,1162,1184,1186,1190,1192,257,288,289,291,296,304,305	3464,3495,3496,3498,3503,3511,3512,4296,4299,4304,4307,4308,4309,4342,4353,4356,4369,4391,4393,4397,4399	3	6,7,8,9,10,11,12,34,35,36,37,38,39,40,41,42,43,44,45,46,47	154	936	1589	56|10|0|1|3|1|26|13|1|0|4|0
GA	Allmis	LTR	ERV4	SFV1-3_AMi-I	JH732243:171026-172046-	JH738255:0-2409+	41	77	0	100,117,143,36,411,418,419,440,465,488,500,509,512,636,659,666,669,686,707,72	1428,1464,1492,1509,1535,1795,1802,1803,1824,1849,1872,1884,1893,1896,2020,2042,2049,2052,2069,2096	3	1,2,3,4,5,10,11,12,13,14,15,16,17,18,21,22,23,24,25,26	287	669	1018	41|3|1|1|0|1|4|7|1|2|0|1
GA	Allmis	LTR	ERV4	SFV1-3_AMi-I	JH732414:30493-33692-	JH739497:124156-128967+	119	228	0	1001,1010,1041,1060,1335,1338,1339,1351,1356,2539,2540,2556,2557,2558,2562,2961,2966,2969,2970,2971,3004,3018,3031,3053,3055,926,930,955,999	2261,2265,2290,2334,2336,2345,2376,2395,2671,2674,2675,2687,2692,3875,3876,3892,3893,3894,3898,4299,4304,4307,4308,4309,4342,4356,4369,4391,4393	5	37,38,39,40,41,42,43,44,52,53,54,55,56,91,92,93,94,95,96,106,107,108,109,110,111,112,113,114,115	277	2133	3200	119|19|4|2|3|4|47|15|2|2|3|4
GA	Allmis	LTR	ERV4	SFV1-3_AMi-I	JH732647:871242-873878-	JH739497:124156-128967+	124	216	0	10,122,1223,1233,1234,1235,1260,130,140,149,158,161,163,177,1771,1774,1790,1795,1826,1833,1834,1845,206,2065,2068,2069,208,2081,2086,2092,210,25,2530,2532,2540,2542,2543,31,32,33,454,469,47,488,489,491,520,521,539,548,553,554	1047,1062,1081,1082,1084,1113,1114,1132,1141,1146,1147,1818,1828,1829,1830,1854,2376,2379,2395,2400,2431,2438,2439,2450,2671,2674,2675,2687,2692,2698,3136,3138,3146,3148,3149,603,618,624,625,626,640,715,723,733,742,751,754,756,770,799,801,803	7	1,2,3,4,5,6,8,9,10,11,12,13,14,15,16,17,18,24,25,26,27,28,29,30,31,32,33,34,57,58,59,60,61,79,80,81,82,83,84,85,86,95,96,97,98,99,100,117,118,119,120,121	382	2547	2640	124|14|3|2|5|8|22|26|1|2|4|2
GA	Allmis	LTR	ERV4	SFV1-3_AMi-I	JH732647:873877-876473-	JH739497:124156-128967+	113	205	0	1046,106,1061,107,108,1080,1081,1083,1112,1113,1131,1140,1145,1146,136,1815,1825,1826,1827,1852,2363,2366,2382,2387,2418,2425,2426,2437,530,532,540,602,617,623,624,625,639,714,722,732,741,750,753,755,769,798,800,802,99	1047,106,1062,107,108,1081,1082,1084,1113,1114,1132,1141,1146,1147,136,1818,1828,1829,1830,1854,2376,2379,2395,2400,2431,2438,2439,2450,530,532,541,603,618,624,625,626,640,715,723,733,742,751,754,756,770,799,801,803,99	6	3,4,5,6,7,22,23,24,25,26,27,28,29,30,32,33,34,35,36,37,38,39,40,41,42,48,49,50,51,52,53,54,55,56,57,58,81,82,83,84,85,103,104,105,106,107,108,109,110	451	2352	2603	113|17|2|1|5|7|21|25|0|2|5|3
GA	Allmis	LTR	ERV4	SFV1-3_AMi-I	JH732903:16728-22448+	JH739497:124156-128967+	368	714	0	1416,1431,1440,1455,1468,1815,1825,1826,1827,1840,1848,1852,1854,1858,2388,2393,2398,2429,2437,2448,2615,2629,2631,2632,2654,2655,2656,2663,2668,2671,2672,2900,2915,2927,2928,2944,3367,3368,3372,3382,3385,3459,3460,3490,3491,3492,3493,3498,3506,3507,3757,3793,3794,3795,3798,3868,3870,3871,3887,3888,3889,3893,3973,3979,3988,3999,4000,4153,4162,4163,4178,4179,4180,4184,4185,4186,4194,4199,4201,4204,4262,4291,4294,4299,4302,4303,4304,4314,4318,4351,4358,4364,4365,4371,4417,4429,4442,4443,4447,4567,4570,4573,4576,4580,4581,4624,4625,4640,4641,4644,507,533,534,541,542,602,604,623,624,625,639	1419,1434,1443,1458,1471,1818,1828,1829,1830,1843,1850,1854,1856,1860,2390,2395,2400,2431,2439,2450,2618,2632,2634,2635,2657,2658,2659,2666,2671,2674,2675,2903,2918,2930,2931,2947,3372,3373,3377,3387,3390,3464,3465,3495,3496,3497,3498,3503,3511,3512,3762,3798,3799,3800,3803,3873,3875,3876,3892,3893,3894,3898,3978,3984,3993,4004,4005,4158,4167,4168,4183,4184,4185,4189,4190,4191,4199,4204,4206,4209,4267,4296,4299,4304,4307,4308,4309,4319,4323,4356,4363,4369,4370,4376,4422,4434,4447,4448,4452,4572,4575,4578,4581,4585,4586,4629,4630,4645,4646,4649,507,535,536,542,543,603,605,624,625,626,640	18	31,32,33,34,35,38,39,40,41,42,43,108,109,110,111,112,130,131,132,133,134,135,136,137,138,176,177,178,179,180,181,189,190,191,192,193,194,195,196,197,198,199,212,213,214,215,216,245,246,247,248,249,252,253,254,255,256,257,258,259,260,278,279,280,281,282,285,286,287,288,289,290,291,294,295,296,297,298,305,306,307,308,309,310,311,312,313,314,315,316,317,324,325,326,327,328,329,330,331,332,335,336,337,338,339,343,344,345,346,347,350,351,352,353,354,355,358,359,360,361,362	696	4143	4804	368|92|16|6|19|29|69|70|7|8|21|6
GA	Allmis	LTR	ERV4	SFV1-13_AMi-LTR	JH731918:76358-77077+	JH734735:652264-652991+	40	63	0	102,118,120,132,219,220,222,230,232,247,267,68,98	103,121,123,135,222,223,225,233,235,250,270,69,99	2	4,5,6,7,8,9,12,13,14,15,16,17,18	116	202	723	40|5|1|1|1|0|3|5|0|0|4|0
GA	Allmis	LTR	ERV4	SFV1-13_AMi-LTR	JH731918:76358-77077+	JH737364:67877-68602-	55	78	0	219,220,222,230,232,340,348,360,371,372,374,427,429,442,470,484,487,491,495,514,526,534,556,561,563,580,586,593	219,220,222,230,232,342,350,362,373,374,376,429,431,444,472,490,493,497,501,520,532,540,562,567,569,586,592,599	4	9,10,11,12,13,24,25,26,27,28,29,31,32,33,34,35,36,37,38,39,40,41,42,43,44,45,46,47	221	381	722	55|4|0|1|0|0|3|4|1|1|4|1
GA	Allmis	LTR	ERV4	SFV1-13_AMi-LTR	JH731918:76358-77077+	JH738206:37267-37987-	50	66	0	102,118,120,124,132,159,205,211,230,232,294,296,307,308,340,348,371,372,374,382,40,514,561,563,575,580,68,98	102,118,120,124,132,151,197,203,222,224,286,288,299,300,334,342,365,366,368,376,40,516,563,565,577,582,68,98	3	2,3,4,5,6,7,8,9,10,11,12,13,14,15,16,17,18,19,20,21,22,23,24,39,40,41,42,43	405	543	717	50|3|1|0|0|0|2|5|2|0|1|0
GA	Allmis	LTR	ERV4	SFV1-3_AMi-I	JH732903:16728-22448+	JH735817:0-2837+	40	102	0	4246,4254,4262,4263,4277,4570,4573,4576,4581,4602	392,400,408,409,423,716,719,722,727,748	2	22,23,24,25,26,31,32,33,34,35	65	357	1032	40|21|2|0|4|5|13|11|1|1|1|1
GA	Allmis	LTR	ERV4	SFV1-3_AMi-I	JH732903:16728-22448+	JH738486:995-1952+	34	97	0	4254,4258,4262,4276,4277,4287,4314,4336,4807,4808,4820,4825,4830	107,134,156,627,628,640,645,650,74,78,82,96,97	2	4,5,6,7,8,9,10,11,25,26,27,28,29	107	577	947	34|21|1|1|2|4|15|9|3|2|2|3
GA	Allmis	LTR	ERV4	SFV1-3_AMi-I	JH733966:260833-261144+	JH737364:68602-68914-	24	31	0	101,114,138,148,170,173,174,183,198,40,41,57,64,77,95	102,115,139,149,171,174,175,184,199,41,42,58,65,78,96	2	6,7,8,9,10,11,12,13,14,15,17,18,19,20,21	138	159	298	24|1|0|0|0|0|2|4|0|0|0|0
GA	Allmis	LTR	ERV4	SFV1-3_AMi-I	JH733966:260833-261144+	JH738206:37987-38299-	34	38	0	101,114,138,148,157,167,170,173,174,183,198,207,220,234,250,253,262,267,40,41,56,57,64,82,84,86,87,88,95	102,115,139,149,158,168,171,174,175,184,199,208,221,235,251,254,263,268,41,42,57,58,65,83,85,87,88,89,96	3	6,7,8,9,10,11,12,13,14,15,16,17,18,19,20,21,22,23,24,25,26,27,28,29,30,31,32,33,34	230	228	311	34|1|0|0|0|0|1|1|0|0|0|1
GA	Allmis	LTR	ERV4	SFV1-3_AMi-I	JH733966:260833-261144+	JH739720:39343-39588-	19	26	0	159,170,173,174,220,230,234,64,84,86,87,88,95	159,170,173,174,220,230,234,64,84,86,87,88,95	2	7,8,9,10,11,12,13,14,15,16,17,18,19	172	171	245	19|0|0|0|0|0|3|3|0|0|0|0
GA	Allmis	LTR	ERV4	SFV1-3_AMi-I	JH734362:443287-443600-	JH737364:68602-68914-	13	20	0	103,116,140,150,169,172,200,59,79,95	102,115,139,149,168,171,199,58,78,94	1	4,5,6,7,8,9,10,11,12,13	142	142	299	13|0|0|0|0|0|3|4|0|0|0|0
GA	Allmis	LTR	ERV4	SFV1-3_AMi-I	JH734985:489138-490222-	JH738255:0-2409+	40	76	0	102,138,166,183,209,445,446,448,469,476,477,594,657,694,717,724,727,744	1428,1464,1492,1509,1535,1771,1772,1774,1795,1802,1803,1920,1983,2020,2042,2049,2052,2069	3	2,3,4,5,6,8,9,10,11,12,13,20,21,22,23,24,25,26	291	642	1083	40|3|2|2|0|3|10|3|2|2|1|0
GA	Allmis	LTR	ERV4	SFV1-3_AMi-I	JH734985:489138-490222-	JH737364:68602-68914-	28	52	0	779,782,789,791,792,940,943,946,947,956,971	16,168,171,174,175,18,184,19,199,6,9	2	1,2,3,4,5,21,22,23,24,25,26	46	194	298	28|5|2|1|1|1|5|6|0|1|1|1
GA	Allmis	LTR	ERV4	SFV1-3_AMi-I	JH735239:211217-213459-	JH739497:124156-128967+	24	41	0	132,134,135,150,151,154,160,77,80,83,86,90,91	4572,4575,4578,4581,4585,4586,4627,4629,4630,4645,4646,4649,4655	2	3,4,5,6,7,8,11,12,13,14,15,16,17	44	84	316	24|6|0|0|2|2|2|5|0|0|0|0
GA	Allmis	LTR	ERV4	SFV1-3_AMi-I	JH735239:214113-218602-	JH739497:124156-128967+	339	692	0	1828,1829,1830,1843,1851,1855,1857,2073,2086,2092,2093,2094,2623,2624,2626,2627,2648,2649,2905,2909,2916,2921,2922,2938,3363,3364,3368,3378,3381,3410,3414,3486,3487,3488,3489,3502,3503,3513,3518,3848,3855,3862,3865,3881,3882,3883,3887,3909,3967,3973,3982,3993,3994,4172,4173,4174,4179,4180,4193,4195,4198,4210,4217,4285,4288,4293,4296,4297,4298,4308,4312,533,534,540,541,542,602,604,623,624,625,639	1828,1829,1830,1843,1850,1854,1856,2071,2084,2090,2091,2092,2631,2632,2634,2635,2658,2659,2914,2918,2925,2930,2931,2947,3372,3373,3377,3387,3390,3419,3423,3495,3496,3497,3498,3511,3512,3522,3527,3859,3866,3873,3876,3892,3893,3894,3898,3920,3978,3984,3993,4004,4005,4183,4184,4185,4190,4191,4204,4206,4209,4221,4228,4296,4299,4304,4307,4308,4309,4319,4323,535,536,541,542,543,603,605,624,625,626,640	12	32,33,34,35,36,39,40,41,42,43,44,130,131,132,133,134,135,136,153,154,155,156,157,188,189,190,191,192,193,211,212,213,214,215,216,243,244,245,246,247,248,249,252,253,254,255,256,257,258,259,279,280,281,282,283,284,285,286,287,288,289,290,291,292,302,303,304,305,306,307,308,309,310,311,316,317,318,319,320,321,322,323	468	3789	4494	339|84|13|6|21|21|75|77|8|10|24|10
GA	Allmis	LTR	ERV4	SFV1-3_AMi-I	JH735292:281622-283387+	JH739497:124156-128967+	65	104	0	104,114,115,116,129,137,141,366,379,385,386,387,451,454,471,491,498,926,929,936,952,953,960,965,968,969	1818,1828,1829,1830,1843,1850,1854,2071,2084,2090,2091,2092,2156,2159,2176,2196,2203,2632,2635,2642,2658,2659,2666,2671,2674,2675	4	2,3,4,5,6,7,8,21,22,23,24,25,27,28,29,30,31,53,54,55,56,57,58,59,60,61	151	858	1017	65|5|0|1|2|4|7|9|0|0|2|3
GA	Allmis	LTR	ERV4	SFV1-3_AMi-I	JH735673:182746-183058-	JH738206:37987-38299-	23	27	0	102,103,139,149,158,168,171,175,83,85,87,89,94,96	102,103,139,149,158,168,171,175,83,85,87,89,94,96	2	5,6,7,8,9,10,11,12,13,14,15,16,17,18	94	93	312	23|2|0|0|0|1|0|0|0|0|0|1
GA	Allmis	LTR	ERV4	SFV1-3_AMi-I	JH735817:0-2837+	JH739497:124156-128967+	56	82	0	119,134,188,209,229,33,34,35,39,445,448,449,450,464,466,483,494,497,504,510,68,7,764,765,768,770,771,786,787,790,832,845,865	3866,3892,3893,3894,3898,3927,3978,3993,4047,4068,4088,4304,4307,4308,4309,4323,4325,4342,4353,4356,4363,4369,4623,4624,4627,4629,4630,4645,4646,4649,4691,4704,4724	5	1,2,3,4,5,6,7,8,9,10,11,23,24,25,26,27,28,29,30,31,32,33,46,47,48,49,50,51,52,53,54,55,56	393	859	952	56|6|0|0|1|1|7|9|0|0|1|0
GA	Allmis	LTR	ERV4	SFV1-3_AMi-I	JH736080:166163-172869+	JH739497:124156-128967+	348	702	0	1089,1090,1108,1113,1117,1122,1123,1125,1242,1248,1274,1281,1282,1779,1794,1804,1805,1806,1819,1827,1831,2415,2416,2427,2435,2439,2594,2608,2610,2611,2634,2654,2656,2662,2665,2667,2904,2905,2921,2927,2928,2950,3000,3003,3006,3012,3015,3438,3439,3469,3470,3472,3477,3485,3486,3866,3867,3868,3872,3894,4157,4158,4159,4163,4164,4165,4178,4180,4183,4233,4234,4249,4270,4273,4278,4281,4282,4283,4297,4299,4546,4549,4552,4555,4559,4560,4601,4604,4619,4623,4629,708,718,720,727,739,741,743	1113,1114,1132,1137,1141,1146,1147,1149,1266,1272,1298,1305,1306,1803,1818,1828,1829,1830,1843,1850,1854,2438,2439,2450,2458,2462,2618,2632,2634,2635,2658,2679,2681,2687,2690,2692,2930,2931,2947,2953,2954,2976,3026,3029,3032,3038,3041,3464,3465,3495,3496,3498,3503,3511,3512,3892,3893,3894,3898,3920,4183,4184,4185,4189,4190,4191,4204,4206,4209,4259,4260,4275,4296,4299,4304,4307,4308,4309,4323,4325,4572,4575,4578,4581,4585,4586,4627,4630,4645,4649,4655,723,733,735,742,754,756,758	15	46,47,48,49,50,51,52,79,80,81,82,83,84,85,86,91,92,93,94,95,126,127,128,129,130,131,132,133,173,174,175,176,177,180,181,182,183,184,189,190,191,192,193,206,207,208,209,210,211,216,217,218,219,220,242,243,244,245,246,247,248,249,275,276,277,278,279,292,293,294,295,296,297,298,299,300,303,304,305,306,307,308,309,310,311,312,313,330,331,332,333,334,335,339,340,341,342,343	525	3933	4798	348|81|9|4|19|31|66|86|7|11|22|9
GA	Allmis	LTR	ERV4	SFV1-3_AMi-I	JH736080:166163-172869+	JH738255:0-2409+	103	279	0	6070,6071,6073,6094,6101,6102,6319,6342,6349,6352,6369,6407,6414,6416,6417,6423	1771,1772,1774,1795,1802,1803,2020,2042,2049,2052,2069,2107,2114,2116,2117,2123	3	63,64,65,66,67,68,77,78,79,80,81,84,85,86,87,88	100	353	2406	103|43|2|2|9|8|33|46|3|6|12|4
GA	Allmis	LTR	ERV4	SFV1-3_AMi-I	AKHW01072279:0-1521+	JH739497:124156-128967+	83	123	0	104,1262,1263,1275,1278,1302,1303,1376,1391,1415,1428,1452,1459,1464,1476,41,552,560,57,575,581,582,583,597,64,65,66,672,680,690,699,708,711,713,727,756,758,760,816,819,822,864,866,94	106,107,108,1305,1306,1318,1321,1345,1346,136,1419,1434,1458,146,1471,1495,1502,1507,1519,595,603,618,624,625,626,640,715,723,733,742,751,754,756,770,799,801,803,83,859,862,865,907,909,99	6	1,2,3,4,5,6,7,26,27,28,29,30,31,32,34,35,36,37,38,39,40,41,42,43,44,45,46,47,48,49,70,71,72,73,74,75,76,77,78,79,80,81,82,83	522	1437	1521	83|5|0|0|1|2|13|16|0|1|2|0
GA	Allmis	LTR	ERV4	SFV1-3_AMi-I	JH736660:106279-107003-	JH739497:124156-128967+	45	76	0	100,101,16,17,190,198,208,217,226,334,337,340,382,384,556,557,559,588,589,6,70,78,8,93,99	1081,1082,1084,1113,1114,530,532,541,542,595,603,618,624,625,626,715,723,733,742,751,859,862,865,907,909	4	1,2,3,4,5,6,7,8,9,10,12,13,14,15,16,23,24,25,26,27,35,36,37,38,39	219	585	724	45|3|1|0|0|0|6|5|0|0|2|1
GA	Allmis	LTR	ERV4	SFV1-3_AMi-I	JH736660:107439-110166-	JH739497:124156-128967+	76	117	0	1001,1009,1010,1020,1025,1051,1052,1059,130,132,133,140,156,157,164,169,172,173,634,636,644,646,647,688,993,994,996	2632,2634,2635,2642,2658,2659,2666,2671,2674,2675,3136,3138,3146,3148,3149,3190,3495,3496,3498,3503,3511,3512,3522,3527,3553,3554,3561	3	3,4,5,6,7,8,9,10,11,12,39,40,41,42,43,44,58,59,60,61,62,63,64,65,66,67,68	166	930	1286	76|7|1|1|2|1|5|10|1|0|2|2
GA	Allmis	LTR	ERV4	SFV1-3_AMi-I	JH736660:107439-110166-	JH739497:124156-128967+	37	62	0	1858,1869,1872,1879,1885,1886,1938,1950,1963,1964,1967,2060,2069,2088,2091,2094,2097,2101,2145,2146,2161,2162,2165,2195,2199,2207,2220,2240	4342,4353,4356,4363,4369,4370,4422,4434,4447,4448,4451,4544,4553,4572,4575,4578,4581,4585,4629,4630,4645,4646,4649,4679,4683,4691,4704,4724	5	1,2,3,4,5,6,11,12,13,14,15,18,19,20,21,22,23,24,28,29,30,31,32,33,34,35,36,37	198	383	486	37|5|1|0|2|0|3|5|1|0|4|4
GA	Allmis	LTR	ERV4	SFV1-3_AMi-I	JH737803:138864-145607-	JH739497:124156-128967+	311	524	0	106,107,108,1107,1108,1126,1135,1140,1141,136,146,2066,2079,2085,2086,2087,2394,2425,2433,2436,2444,2904,2919,2931,2948,2954,3348,3349,3373,3374,3388,3391,3424,3496,3497,3499,3512,3513,3523,3528,3554,3555,3562,3860,3867,3874,3876,3877,3967,3979,3985,3994,4006,4048,4150,4159,4168,4169,4184,4185,4186,4276,4297,4300,4305,4308,4309,4310,4324,4343,4357,4364,4371,4392,4423,4435,4448,4449,4452,4459,4545,4554,4573,4576,4579,4582,4586,4628,4630,4631,4646,4647,497,502,525,528,536,853,856,859,901,903,921,99	106,107,108,1113,1114,1132,1141,1146,1147,136,146,2071,2084,2090,2091,2092,2400,2431,2439,2442,2450,2903,2918,2930,2947,2953,3347,3348,3372,3373,3387,3390,3423,3495,3496,3498,3511,3512,3522,3527,3553,3554,3561,3859,3866,3873,3875,3876,3966,3978,3984,3993,4005,4047,4149,4158,4167,4168,4183,4184,4185,4275,4296,4299,4304,4307,4308,4309,4323,4342,4356,4363,4370,4391,4422,4434,4447,4448,4451,4458,4544,4553,4572,4575,4578,4581,4585,4627,4629,4630,4645,4646,502,507,530,535,542,859,862,865,907,909,927,99	18	4,5,6,7,8,9,23,24,25,26,27,51,52,53,54,55,56,67,68,69,70,71,72,125,126,127,128,129,147,148,149,150,151,177,178,179,180,181,203,204,205,206,207,208,209,212,213,214,215,216,217,218,219,220,221,234,235,236,237,238,245,246,247,248,249,250,255,256,257,258,259,260,261,270,271,272,273,274,275,276,277,278,279,280,281,282,284,285,286,287,288,289,292,293,294,295,296,297,298,302,303,304,305,306	816	4548	4806	311|56|4|4|9|12|39|43|4|4|9|8
GA	Allmis	LTR	ERV4	SFV1-3_AMi-I	JH737803:138864-145607-	JH738255:0-2409+	87	183	0	4435,4452,4477,4478,4480,4539,4545,4579,4582,4594,6316,6353,6376,6383,6386,6403,6441,6448,6450,6451,6457	109,126,151,152,154,1983,2020,2042,2049,2052,2069,2107,2114,2116,2117,2123,213,219,253,256,268	4	1,2,3,4,5,6,7,8,9,10,66,67,68,69,70,71,73,74,75,76,77	265	2015	2413	87|21|1|2|0|2|25|22|3|3|3|1
GA	Allmis	LTR	ERV4	SFV1-3_AMi-I	AKHW01093968:1078-1298+	JH739720:39343-39588-	15	20	0	16,18,19,25,6,85,87,88,89,9,94,96	15,17,18,24,5,8,84,86,87,88,93,95	2	1,2,3,4,5,6,8,9,10,11,12,13	32	91	219	15|0|0|0|0|0|1|1|0|0|1|1
GA	Allmis	LTR	ERV4	SFV1-3_AMi-I	JH738255:0-2409+	JH739497:124156-128967+	29	44	0	17,298,299,302,304,305,31,320,321,324,325,358,366,38,44,45,66,68,72,74	4342,4356,4363,4369,4370,4391,4393,4397,4399,4623,4624,4627,4629,4630,4645,4646,4649,4650,4683,4691	2	1,2,3,4,5,6,7,8,9,19,20,21,22,23,24,25,26,27,28,29	127	350	486	29|1|1|0|1|0|7|5|0|0|0|0
GA	Allmis	LTR	ERV4	SFV1-3_AMi-I	JH738309:619641-620858-	JH739497:124156-128967+	66	107	0	1051,1060,1061,1076,1077,1078,1082,1097,1099,1189,1192,1197,1200,1201,1202,28,30,38,387,388,395,40,403,404,41	3136,3138,3146,3148,3149,3495,3496,3503,3511,3512,4158,4167,4168,4183,4184,4185,4189,4204,4206,4296,4299,4304,4307,4308,4309	4	1,2,3,4,5,18,19,20,21,22,49,50,51,52,53,54,55,56,57,61,62,63,64,65,66	95	1174	1214	66|7|1|2|0|0|7|10|1|1|2|0
GA	Allmis	LTR	ERV4	SFV1-3_AMi-I	JH738486:0-895+	JH739497:124156-128967+	54	77	0	314,316,338,339,346,351,354,355,359,367,372,378,687,712,721,759,770,789,815,817,825,827,886,888	2632,2634,2658,2659,2666,2671,2674,2675,2679,2687,2692,2698,3007,3032,3041,3079,3090,3110,3136,3138,3146,3148,3207,3209	3	14,15,16,17,18,19,20,21,22,23,24,25,43,44,45,46,47,48,49,50,51,52,53,54	271	578	897	54|4|1|1|0|1|8|5|0|0|1|0
GA	Allmis	LTR	ERV4	SFV1-3_AMi-I	JH738486:995-1952+	JH739497:124156-128967+	45	66	0	111,114,119,122,123,124,138,171,178,184,185,19,206,208,21,212,214,237,24,249,262,266,359,36,368,387,390,400,43,438,439,442,460,464	4204,4206,4209,4221,4228,4296,4299,4304,4307,4308,4309,4323,4356,4363,4369,4370,4391,4393,4397,4399,4422,4434,4447,4451,4544,4553,4572,4575,4585,4623,4624,4627,4645,4649	4	1,2,3,4,5,7,8,9,10,11,12,13,15,16,17,18,19,20,21,22,23,24,25,26,31,32,33,34,35,36,37,38,39,40	255	446	622	45|4|1|1|1|1|8|4|0|0|0|1
GA	Allmis	LTR	ERV4	SFV1-3_AMi-I	JH738571:104931-105234-	JH739720:39343-39588-	15	23	0	162,165,166,222,226,76,78,80,85,87	170,173,174,230,234,84,86,88,93,95	2	3,4,5,6,7,11,12,13,14,15	77	151	237	15|0|0|0|0|0|4|3|0|0|0|0
GA	Allmis	LTR	ERV4	SFV1-3_AMi-I	JH738745:375272-378666+	JH739497:124156-128967+	191	329	0	1033,1057,1058,1072,1075,1089,1104,1108,1149,1150,1180,1181,1182,1183,1544,1551,1558,1560,1561,1577,1578,1579,1583,1612,1651,1663,1669,1678,1690,1843,1852,1853,1868,1869,1870,1874,1875,1889,1891,1894,1906,1913,1981,1984,1989,1992,1993,1994,2027,2038,2041,2048,2054,2055,2107,2119,2132,2133,2136,2229,2238,2257,2260,2263,2266,2270,2271,2312,2314,2315,2325,2330,2331,2334,2340,318,319,326,342,343,350,355,358,359,661,671,676,684,685	2634,2635,2642,2658,2659,2666,2671,2674,2675,2976,2986,2991,2999,3000,3348,3372,3373,3387,3390,3404,3419,3423,3464,3465,3495,3496,3497,3498,3859,3866,3873,3875,3876,3892,3893,3894,3898,3927,3966,3978,3984,3993,4005,4158,4167,4168,4183,4184,4185,4189,4190,4204,4206,4209,4221,4228,4296,4299,4304,4307,4308,4309,4342,4353,4356,4363,4369,4370,4422,4434,4447,4448,4451,4544,4553,4572,4575,4578,4581,4585,4586,4627,4629,4630,4640,4645,4646,4649,4655	13	19,20,21,22,23,24,25,26,27,45,46,47,48,49,69,70,71,72,73,74,75,76,77,78,79,80,81,82,106,107,108,109,110,111,112,113,114,115,117,118,119,120,121,128,129,130,131,132,133,134,135,136,137,138,139,140,144,145,146,147,148,149,152,153,154,155,156,157,161,162,163,164,165,168,169,170,171,172,173,174,175,179,180,181,182,183,184,185,186	545	2022	2493	191|30|4|3|7|8|27|36|3|4|10|1
GA	Allmis	LTR	ERV4	SFV1-3_AMi-I	JH739214:0-1400-	JH739497:124156-128967+	74	107	0	1012,1013,1031,1040,1045,1046,37,47,494,502,517,523,524,525,593,614,622,632,641,650,698,7,700,758,761,764,8,9,946,961,980,981,983	1047,106,1062,107,108,1081,1082,1084,1113,1114,1132,1141,1146,1147,136,146,595,603,618,624,625,626,694,715,723,733,742,751,799,801,859,862,865	6	1,2,3,4,5,22,23,24,25,26,27,29,30,31,32,33,34,38,39,40,41,42,50,51,52,53,54,55,56,57,58,59,60	300	1042	1401	74|6|0|0|1|0|11|11|1|0|2|1
GA	Allmis	LTR	ERV4	LT46D_AMi-LTR	JH733350:419694-420428-	JH734483:155505-156236-	38	71	0	142,150,163,164,167,275,277,278,295,297,298,300,311,317,536,565,569,589,593	142,150,163,164,167,275,277,278,295,297,298,300,311,317,534,562,566,586,590	3	3,4,5,6,7,14,15,16,17,18,19,20,21,22,31,32,33,34,35	126	449	722	38|10|1|2|0|0|7|8|2|1|2|0
GA	Allmis	LTR	ERV4	SFV1-13_AMi-LTR	JH731962:151056-151809+	JH733809:264312-265068+	29	53	0	368,383,391,393,448,545,557,590,595,597	372,387,395,397,452,549,561,594,599,601	2	13,14,15,16,17,20,21,22,23,24	134	230	754	29|2|0|2|1|2|2|9|0|0|3|1
GA	Allmis	LTR	ERV4	SFV1-13_AMi-LTR	JH731962:151056-151809+	JH732467:745001-745753+	37	61	0	391,393,409,413,421,448,458,471,590,595,597,614,661,671	389,391,407,411,419,446,456,469,589,594,596,613,660,670	2	16,17,18,19,20,21,22,23,28,29,30,31,32,33	163	282	752	37|7|0|2|1|1|1|8|0|0|2|0
GA	Allmis	LTR	ERV4	SFV1-13_AMi-LTR	JH731962:151056-151809+	JH739617:371028-371790-	30	62	0	286,289,291,296,303,545,557,593,595,597	294,297,299,304,311,554,566,602,604,606	2	7,8,9,10,11,20,21,22,23,24	71	313	757	30|7|0|3|3|2|4|8|0|0|1|2
GA	Allmis	LTR	ERV4	SFV1-13_AMi-LTR	JH731962:151056-151809+	JH732272:69733-70490-	32	63	0	147,157,159,163,182,368,379,393,409,413,421	148,159,161,165,184,371,382,396,412,416,424	2	4,5,6,7,8,15,16,17,18,19,20	91	277	755	32|6|1|1|2|3|7|7|1|0|0|1
GA	Allmis	LTR	ERV4	SFV1-13_AMi-LTR	JH731962:151056-151809+	JH734488:249461-250226+	25	56	0	502,512,542,545,557,597,614,627,654,661,706,712,719,730,734	514,524,554,557,569,609,626,639,666,673,718,724,731,742,746	3	11,12,13,14,15,16,17,18,19,20,21,22,23,24,25	235	233	759	25|7|0|1|2|1|5|7|0|1|2|3
GA	Allmis	LTR	ERV4	SFV1-13_AMi-LTR	JH731962:151056-151809+	JH734117:638217-638971+	44	74	0	336,338,341,345,346,347,379,383,387,389,391,393,502,512,515,533,545,557,590,595,597,614,661,671	336,338,341,345,346,347,379,383,387,389,391,393,503,513,516,534,546,558,591,596,598,615,662,672	3	8,9,10,11,12,13,15,16,17,18,19,20,27,28,29,30,31,32,33,34,35,36,37,38	197	337	753	44|6|2|1|1|2|4|6|0|0|1|0
GA	Allmis	LTR	ERV4	SFV1-13_AMi-LTR	JH731962:151056-151809+	JH732157:38293-39045+	37	61	0	368,389,448,458,495,512,545,557,593,595,597,614	373,394,453,463,502,518,544,556,592,594,596,613	2	18,19,20,21,22,23,24,25,26,27,28,29	242	241	752	37|5|0|1|1|1|3|9|0|0|2|0
GA	Allmis	LTR	ERV4	SFV1-13_AMi-LTR	JH731962:151056-151809+	JH738772:94377-95140-	43	68	0	230,242,244,251,255,368,379,383,393,409,413,595,597,614,654,661	236,248,250,257,261,374,385,389,399,415,419,605,607,624,664,671	3	13,14,15,16,17,22,23,24,25,26,27,36,37,38,39,40	139	436	755	43|3|1|2|2|2|4|7|1|0|1|0
GA	Allmis	LTR	ERV4	SFV1-13_AMi-LTR	JH731962:151056-151809+	JH734215:45816-46564+	38	58	0	593,595,597,609,614,685,708,710,711,712,718,719,720,743,744,745	588,590,592,604,609,680,703,705,706,707,713,714,715,738,739,740	2	21,22,23,24,25,28,29,30,31,32,33,34,35,36,37,38	83	153	750	38|3|0|1|1|1|3|8|0|0|1|0
GA	Allmis	LTR	ERV4	SFV1-13_AMi-LTR	JH731962:151056-151809+	JH736990:99315-100082-	38	65	0	368,379,383,391,393,409,413,502,512,533,542,545,557,597,614,654,661	382,393,397,405,407,423,427,517,527,547,556,559,571,611,628,668,675	2	17,18,19,20,21,22,23,26,27,28,29,30,31,32,33,34,35	205	294	760	38|5|0|1|1|2|4|7|1|0|2|2
GA	Allmis	LTR	ERV4	SFV1-13_AMi-LTR	JH731962:151056-151809+	JH735341:1473633-1474397+	35	60	0	368,379,391,393,445,448,595,597,614,654,661	380,391,403,405,457,460,614,616,633,673,680	2	18,19,20,21,22,23,30,31,32,33,34	148	301	737	35|3|0|1|1|1|4|7|0|0|2|0
GA	Allmis	LTR	ERV4	SFV1-13_AMi-LTR	JH731962:151056-151809+	JH732157:41448-42200+	42	70	0	512,542,545,557,587,591,593,595,597,614,691,706,711,718,719,743,744	518,541,544,556,586,590,592,594,596,613,690,705,710,717,718,742,743	3	23,24,25,26,27,28,29,30,31,32,36,37,38,39,40,41,42	151	226	752	42|4|0|2|2|1|4|9|1|0|3|0
GA	Allmis	LTR	ERV4	SFV1-13_AMi-LTR	JH731962:151056-151809+	JH732391:381235-382001+	48	78	0	368,379,387,389,391,393,409,502,512,519,526,533,545,557,587,597,614,620,625,627,708,710,711,718,719,720,730,743,744,750	381,392,400,402,404,406,422,515,525,532,539,546,558,570,600,610,627,633,638,640,721,723,724,731,732,733,743,756,757,763	3	14,15,16,17,18,19,20,23,24,25,26,27,28,29,30,31,32,33,34,35,39,40,41,42,43,44,45,46,47,48	211	383	759	48|6|0|3|2|1|4|6|1|1|2|2
GA	Allmis	LTR	ERV4	SFV1-13_AMi-LTR	JH731962:151056-151809+	JH735343:299021-299775+	54	83	0	387,389,391,393,401,409,417,421,448,463,491,502,533,542,545,557,591,593,595,597,609,614,708,710,711,718,719,720,727	388,390,392,394,402,410,418,422,449,464,492,503,534,543,546,558,592,594,596,598,610,615,709,711,712,719,720,721,728	4	21,22,23,24,25,26,27,28,29,30,31,32,33,34,35,36,37,38,39,40,41,42,48,49,50,51,52,53,54	250	341	742	54|4|2|3|1|2|1|9|0|1|4|0
GA	Allmis	LTR	ERV4	SFV1-13_AMi-LTR	JH731962:151056-151809+	JH734091:183738-184507+	40	71	0	368,379,383,387,389,391,393,409,413,502,512,533,545,557,565	384,395,399,403,405,407,409,425,429,519,529,550,562,574,582	2	16,17,18,19,20,21,22,23,24,29,30,31,32,33,34	110	199	761	40|2|2|1|2|5|6|6|2|0|2|1
GA	Allmis	LTR	ERV4	SFV1-13_AMi-LTR	JH731962:151056-151809+	JH737439:88420-89179-	52	89	0	336,338,345,346,347,349,356,587,591,593,595,597,614	338,340,347,348,349,351,358,593,597,599,601,603,620	2	23,24,25,26,27,28,29,45,46,47,48,49,50	49	283	756	52|9|0|1|1|5|2|10|0|2|5|0
GA	Allmis	LTR	ERV4	SFV1-13_AMi-LTR	JH731962:151056-151809+	JH733622:687916-688674-	65	92	0	115,118,120,124,132,288,289,291,296,302,303,368,379,383,387,389,391,393,401,409,417,591,593,595,597,614	116,119,121,125,135,292,293,295,300,306,307,373,384,388,392,394,396,398,406,414,422,596,598,600,602,619	4	7,8,9,10,11,28,29,30,31,32,33,38,39,40,41,42,43,44,45,46,47,56,57,58,59,60	110	504	744	65|4|0|1|2|2|1|9|0|1|4|0
GA	Allmis	LTR	ERV4	SFV1-13_AMi-LTR	JH731962:151056-151809+	JH735597:1032167-1032920+	62	84	0	242,244,247,255,283,288,289,291,296,302,368,379,389,391,393,401,409,435,445,448,458,463,471,495,512,515,519,545,557,565,587,593,595,597,614,661	251,253,256,264,292,297,298,300,305,311,377,388,398,400,402,410,418,444,454,457,467,472,480,504,520,523,527,546,558,566,588,594,596,598,615,661	4	15,16,17,18,19,20,21,22,23,24,27,28,29,30,31,32,33,34,35,36,37,38,39,40,41,42,43,44,45,46,47,48,49,50,51,52	348	411	753	62|4|0|3|2|2|1|7|1|0|0|0
GA	Allmis	LTR	ERV4	SFV1-13_AMi-LTR	JH731962:151056-151809+	JH732651:36399-37165+	54	88	0	286,288,289,291,296,303,379,383,387,389,391,393,409,413,448,591,593,595,597,614	298,300,301,303,308,315,391,395,399,401,403,405,421,425,460,604,606,608,610,627	3	12,13,14,15,16,17,22,23,24,25,26,27,28,29,30,43,44,45,46,47	112	330	759	54|8|0|1|1|2|5|9|1|0|2|2
GA	Allmis	LTR	ERV4	SFV1-3_AMi-LTR	JH732538:140602-141017+	JH737364:70907-71622-	26	41	0	384,396,400,405,407,44,56,67,68,70	344,356,367,368,370,684,696,700,705,707	2	1,2,3,4,5,22,23,24,25,26	51	364	415	26|4|2|0|1|0|3|4|0|0|0|1
GA	Allmis	LTR	ERV4	SFV1-13_AMi-LTR	JH731962:344669-345414+	JH734117:638217-638971+	37	89	0	338,340,343,347,348,349,385,389,391,393,395,397	336,338,341,345,346,347,383,387,389,391,393,395	2	8,9,10,11,12,13,16,17,18,19,20,21	25	60	749	37|15|2|2|3|1|10|10|0|2|1|2
GA	Allmis	LTR	ERV4	SFV1-13_AMi-LTR	JH731962:344669-345414+	JH735343:299021-299775+	52	91	0	389,391,393,395,397,403,411,700,702,703,710,711,712,719	388,390,392,394,396,402,410,709,711,712,719,720,721,728	2	24,25,26,27,28,29,30,46,47,48,49,50,51,52	43	341	738	52|6|1|1|5|1|5|11|0|2|4|3
GA	Allmis	LTR	ERV4	LT-47_AMi-I	JH733169:303184-304551-	JH735394:57888-58569-	28	60	0	1087,1095,1097,1099,1101,1104,1105,957,960,964,972,995,996	274,277,281,289,312,313,403,411,413,415,417,420,421	2	11,12,13,14,15,16,18,19,20,21,22,23,24	59	148	682	28|10|2|2|0|2|7|8|0|0|0|0
GA	Allmis	LTR	ERV4	SFV1-3_AMi-LTR	AKHW01045168:1512-1918-	JH737364:70907-71622-	23	37	0	116,129,145,174,343,344,35,375,387,391,396,398,47,58,59,61,99	344,356,367,368,370,408,425,438,454,483,652,653,684,696,700,705,707	3	1,2,3,4,5,6,7,8,9,10,17,18,19,20,21,22,23	197	364	406	23|2|1|0|0|1|4|4|0|0|2|0
GA	Allmis	LTR	ERV4	SFV1-13_AMi-LTR	JH731973:234595-235352-	JH738772:94377-95140-	24	34	0	121,135,18,248,255,259,260,293,295,300,68,74	123,137,18,250,257,261,262,295,297,302,68,74	2	1,2,3,4,5,11,12,13,14,15,16,17	173	285	503	24|2|0|1|0|2|0|2|0|0|1|1
GA	Allmis	LTR	ERV4	SFV1-13_AMi-LTR	JH731973:234595-235352-	JH738606:45170-45925+	16	36	0	218,219,220,222,230,259,260,267,269,295	216,217,218,220,228,255,256,263,265,291	2	5,6,7,8,9,10,11,12,13,14	77	76	499	16|2|0|1|2|1|6|3|0|1|2|1
GA	Allmis	LTR	ERV4	SFV1-13_AMi-LTR	JH731973:234595-235352-	JH735343:299021-299775+	27	44	0	248,259,260,293,295,300,391,393,395,397,405,413	245,256,257,290,292,297,388,390,392,394,402,410	2	10,11,12,13,14,15,18,19,20,21,22,23	76	166	492	27|1|3|1|0|1|1|4|0|1|2|2
GA	Allmis	LTR	ERV4	SFV1-13_AMi-LTR	JH731973:234595-235352-	JH734117:638217-638971+	23	47	0	260,293,295,300,307,340,342,345,349,350,351,387,391,393,395,397	256,289,291,296,303,336,338,341,345,346,347,383,387,389,391,393	3	5,6,7,8,9,10,11,12,13,14,15,16,17,18,19,20	140	138	496	23|5|1|1|1|1|6|3|0|0|0|0
GA	Allmis	LTR	ERV4	SFV1-13_AMi-LTR	JH731973:234595-235352-	JH733622:687916-688674-	45	63	0	116,119,121,125,133,135,179,184,205,209,211,218,219,220,222,230,248,255,259,260,292,293,295,300,306,307,387,391,393,395,397,405,413	116,119,121,125,133,135,181,186,207,211,213,220,221,222,224,232,248,255,259,260,292,293,295,300,306,307,388,392,394,396,398,406,414	5	5,6,7,8,9,10,11,12,13,14,15,16,17,18,19,20,22,23,24,25,26,27,28,29,30,31,36,37,38,39,40,41,42	206	299	500	45|2|0|1|1|3|2|4|0|0|3|1
GA	Allmis	LTR	ERV4	SFV1-13_AMi-LTR	JH731973:234595-235352-	JH737439:88420-89179-	34	59	0	218,219,220,222,230,248,259,260,293,295,300,340,342,349,350,351,353,360	218,219,220,222,230,246,257,258,291,293,298,338,340,347,348,349,351,358	3	10,11,12,13,14,16,17,18,19,20,21,22,23,24,25,26,27,28	127	141	501	34|5|0|1|0|3|2|6|0|2|4|1
GA	Allmis	LTR	ERV4	SFV1-13_AMi-LTR	JH731973:234595-235352-	JH735343:301968-302453+	45	61	0	116,119,121,125,133,135,18,287,29,290,292,293,295,300,306,387,391,393,395,397,405,413,421,425,452,467,68	113,116,118,122,130,132,18,282,285,287,288,29,290,295,301,378,382,384,386,388,396,404,412,416,443,458,68	3	1,2,3,4,5,6,7,8,9,24,25,26,27,28,29,30,35,36,37,38,39,40,41,42,43,44,45	216	441	489	45|3|1|1|0|2|0|4|1|0|2|1
GA	Allmis	LTR	ERV4	SFV1-13_AMi-LTR	JH731973:415874-416318-	JH738772:94377-95140-	25	37	0	109,122,245,247,254,258,292,299,359,380,384,394,396,40,410,69,75,80	108,123,248,250,257,261,295,302,364,385,389,399,40,401,415,68,74,79	3	2,3,4,5,6,7,13,14,15,16,17,18,20,21,22,23,24,25	191	376	445	25|2|0|0|0|1|4|4|0|0|1|0
GA	Allmis	LTR	ERV4	SFV1-13_AMi-LTR	JH731973:415874-416318-	JH734117:638217-638971+	19	42	0	292,299,306,341,344,380,384,388,390,392,394,396	289,296,303,338,341,379,383,387,389,391,393,395	2	5,6,7,8,9,12,13,14,15,16,17,18	70	107	443	19|5|2|0|0|1|5|4|0|0|1|0
GA	Allmis	LTR	ERV4	SFV1-13_AMi-LTR	JH731973:415874-416318-	JH735343:299021-299775+	29	48	0	122,160,166,185,245,247,258,292,299,388,390,392,394,396,40,402,410,69,80	121,158,164,183,243,245,256,290,297,388,390,392,394,396,40,402,410,68,79	3	2,3,4,5,6,7,8,12,13,14,15,16,21,22,23,24,25,26,27	222	371	439	29|1|2|0|0|1|3|5|0|1|5|1
GA	Allmis	LTR	ERV4	SFV1-13_AMi-LTR	JH731973:415874-416318-	JH735597:1032167-1032920+	31	46	0	245,247,250,258,286,291,292,299,305,350,380,390,392,394,396,402,410	251,253,256,264,292,297,298,305,311,358,388,398,400,402,404,410,418	2	14,15,16,17,18,19,20,21,22,24,25,26,27,28,29,30,31	122	168	443	31|3|1|0|0|0|4|6|0|0|1|0
GA	Allmis	LTR	ERV4	SFV1-13_AMi-LTR	JH731973:415874-416318-	JH737439:88420-89179-	32	56	0	245,247,258,292,299,348,350,357,359,380,384	244,246,257,291,298,347,349,358,360,381,385	2	16,17,18,19,20,23,24,25,26,27,28	94	142	443	32|4|2|0|0|4|3|4|0|2|4|1
GA	Allmis	LTR	ERV4	SFV1-13_AMi-LTR	JH731973:415874-416318-	JH733622:687916-688674-	44	62	0	117,120,122,126,134,245,247,254,258,291,292,299,305,306,346,359,380,384,388,390,392,394,396,402,410,99	116,119,121,125,135,246,248,255,259,292,293,300,306,307,347,362,384,388,392,394,396,398,400,406,414,98	3	6,7,8,9,10,11,22,23,24,25,26,27,28,29,30,33,34,35,36,37,38,39,40,41,42,43	168	317	446	44|3|1|0|0|2|3|4|0|1|4|0
GA	Allmis	LTR	ERV4	SFV1-13_AMi-LTR	JH731976:728967-729719-	JH735118:20912-21675-	18	38	0	269,271,294,295,297,302,346,364,374,407,441	272,274,297,298,300,305,349,367,377,411,445	2	3,4,5,6,7,8,9,10,11,12,13	175	174	757	18|6|0|2|0|0|2|6|0|2|0|0
GA	Allmis	LTR	ERV4	SFV1-13_AMi-LTR	JH731976:728967-729719-	JH732157:38293-39045+	40	59	0	364,374,395,454,464,653,660,666,673,710,717,718	362,372,394,453,463,653,660,666,673,710,717,718	2	19,20,21,22,23,33,34,35,36,37,38,39	168	357	752	40|3|0|1|0|0|3|6|1|2|1|1
GA	Allmis	LTR	ERV4	SFV1-13_AMi-LTR	JH731976:728967-729719-	JH734215:45816-46564+	38	55	0	186,211,213,224,232,234,592,594,596,608,613,660,670,684,689,707,709,710,711,717,718,719	183,208,210,221,229,231,588,590,592,604,609,656,666,680,685,703,705,706,707,713,714,715	3	7,8,9,10,11,12,23,24,25,26,27,28,29,30,31,32,33,34,35,36,37,38	178	533	739	38|3|0|1|0|0|5|6|0|1|0|0
GA	Allmis	LTR	ERV4	SFV1-13_AMi-LTR	JH731976:728967-729719-	JH732157:41448-42200+	41	62	0	295,297,302,344,346,690,705,710,717,718	294,296,301,343,345,690,705,710,717,718	2	17,18,19,20,21,37,38,39,40,41	81	425	741	41|3|1|1|1|0|3|5|0|2|2|2
GA	Allmis	LTR	ERV4	SFV1-13_AMi-LTR	JH731976:728967-729719-	JH732272:69733-70490-	34	69	0	186,211,213,224,234,236,385,399,415,419,427	184,209,211,223,233,235,382,396,412,416,424	2	7,8,9,10,11,12,19,20,21,22,23	95	241	754	34|7|2|1|2|3|7|4|1|2|2|3
GA	Allmis	LTR	ERV4	SFV1-3_AMi-LTR	JH735963:1462-1976+	JH737364:313724-314249-	16	24	0	284,290,292,346,369,370,425,427,460,463,482	101,107,109,163,186,187,242,244,277,280,299	2	4,5,6,7,8,9,11,12,13,14,15	145	199	326	16|0|1|0|1|0|5|0|0|0|0|1
GA	Allmis	LTR	ERV4	SFV1-13_AMi-LTR	JH731976:728967-729719-	JH738772:94377-95140-	44	75	0	295,297,302,330,346,385,389,399,415,419	295,297,302,330,346,385,389,399,415,419	2	18,19,20,21,22,25,26,27,28,29	87	125	753	44|5|2|2|2|2|4|7|1|1|2|2
GA	Allmis	LTR	ERV4	SFV1-13_AMi-LTR	JH731976:728967-729719-	JH732467:745001-745753+	41	70	0	397,399,415,419,427,454,464,670,684,717,718,733	389,391,407,411,419,446,456,670,684,717,718,733	2	19,20,21,22,23,24,25,37,38,39,40,41	132	345	752	41|8|0|1|0|0|3|9|0|2|3|2
GA	Allmis	LTR	ERV4	SFV1-13_AMi-LTR	JH731976:728967-729719-	JH735597:1032167-1032920+	66	86	0	186,211,213,224,232,234,236,248,250,253,261,289,294,295,297,302,308,344,346,385,395,397,399,407,415,441,451,454,464,469,477,502,509,518,521,525,532	189,214,216,227,235,237,239,251,253,256,264,292,297,298,300,305,311,347,349,388,398,400,402,410,418,444,454,457,467,472,480,504,511,520,523,527,534	5	9,10,11,12,13,14,15,16,17,18,19,20,21,22,23,24,25,26,27,30,31,32,33,34,35,36,37,38,39,40,41,42,43,44,45,46,47	311	346	752	66|4|0|2|1|1|2|6|1|1|1|0
GA	Allmis	LTR	ERV4	SFV1-13_AMi-LTR	JH731976:728967-729719-	JH732970:1100569-1101249+	31	65	0	211,213,220,221,222,224,232,385,415,419,436,454	133,135,142,143,144,146,154,305,335,339,356,374	2	5,6,7,8,9,10,11,19,20,21,22,23	92	242	678	31|5|1|1|2|2|6|10|1|1|2|2
GA	Allmis	LTR	ERV4	SFV1-13_AMi-LTR	JH731976:728967-729719-	JH735343:299021-299775+	58	83	0	393,395,397,399,407,415,590,592,594,596,608,613,630,666,670,684,707,709,710,717,718,719,726	388,390,392,394,402,410,592,594,596,598,610,615,632,668,672,686,709,711,712,719,720,721,728	3	25,26,27,28,29,30,41,42,43,44,45,46,47,49,50,51,52,53,54,55,56,57,58	125	341	742	58|4|2|2|0|1|3|7|0|2|3|0
GA	Allmis	LTR	ERV4	SFV1-13_AMi-LTR	JH731976:728967-729719-	JH733622:687916-688674-	66	94	0	102,118,121,123,127,135,137,181,186,207,211,213,220,221,222,224,232,294,295,297,302,308,309,342,344,346,347,352,364,374,385,389,393,395,397,399,407,415,423,590,592,594,596,613,98	102,116,119,121,125,135,137,181,186,207,211,213,220,221,222,224,232,292,293,295,300,306,307,340,342,344,345,350,362,372,384,388,392,394,396,398,406,414,422,596,598,600,602,619,98	6	5,6,7,8,9,10,11,12,14,15,16,17,18,19,20,21,22,23,28,29,30,31,32,33,34,35,36,37,38,39,40,41,42,43,44,45,46,47,48,49,57,58,59,60,61	249	522	744	66|6|0|1|1|2|3|7|0|2|4|0
GA	Allmis	LTR	ERV4	SFV1-3_AMi-LTR	JH736113:1969561-1970275+	JH737364:313724-314249-	26	37	0	211,218,219,220,222,246,285,291,293,347,370,371,373,414,426,461,464,483,494,509,556,558,575	101,107,109,163,186,187,189,230,24,242,277,280,299,31,310,32,329,33,35,367,369,386,62	4	1,2,3,4,5,6,7,8,9,10,11,12,13,14,15,16,17,18,19,20,21,22,23	366	363	526	26|4|0|1|1|1|2|1|0|0|0|1
GA	Allmis	LTR	ERV4	SFV1-3_AMi-LTR	JH736113:1969561-1970275+	JH737364:70907-71622-	30	37	0	347,359,370,371,373,389,411,441,457,483,486,490,494,509,521,529,536,622,632,651,652,683,695,699,704,706	344,356,367,368,370,386,408,438,454,480,483,487,491,510,522,530,537,623,633,652,653,684,696,700,705,707	4	5,6,7,8,9,10,11,12,13,14,15,16,17,18,19,20,21,22,23,24,25,26,27,28,29,30	367	364	485	30|3|1|0|0|0|1|2|0|0|0|0
GA	Allmis	LTR	ERV4	SFV1-13_AMi-LTR	JH731978:324855-325562-	JH735259:229764-230473-	37	94	0	139,149,164,166,170,597,599,601,603,620	140,150,165,167,171,599,601,603,605,622	2	6,7,8,9,10,31,32,33,34,35	56	483	689	37|15|2|3|4|4|2|11|1|3|6|6
GA	Allmis	LTR	ERV4	LT46D_AMi-LTR	JH733400:802793-803527+	JH734483:155505-156236-	41	76	0	150,163,164,167,191,198,202,295,297,298,300,311,317	150,163,164,167,191,198,202,295,297,298,300,311,317	2	5,6,7,8,9,10,11,19,20,21,22,23,24	76	168	732	41|13|1|2|0|0|7|6|2|1|3|0
GA	Allmis	LTR	ERV4	SFV1-13_AMi-LTR	JH731993:272476-273176-	JH735245:1079056-1079777+	19	33	0	249,285,350,381,389,653,659,667,669,697	250,286,351,382,390,674,680,688,690,718	2	2,3,4,5,6,15,16,17,18,19	186	469	710	19|4|1|0|0|1|2|4|0|0|0|2
GA	Allmis	LTR	ERV4	SFV1-13_AMi-LTR	JH731993:272476-273176-	JH734735:652264-652991+	38	57	0	218,219,220,222,232,244,246,264,290,291,293,304,339,347,370,373,461,469,485,488,496	221,222,223,225,235,250,252,270,296,297,299,310,345,351,374,377,465,473,489,492,500	2	12,13,14,15,16,17,18,19,20,21,22,23,24,25,26,27,28,29,30,31,32	281	280	713	38|4|1|1|1|0|1|9|1|0|1|0
GA	Allmis	LTR	ERV4	SFV1-13_AMi-LTR	JH731993:272476-273176-	JH737364:67877-68602-	49	69	0	218,219,220,222,232,244,246,249,339,347,359,370,371,373,531,553,556,558,560,577,583,590	218,219,220,222,232,247,249,252,342,350,362,373,374,376,540,562,565,567,569,586,592,599	3	9,10,11,12,13,14,15,16,25,26,27,28,29,30,40,41,42,43,44,45,46,47	130	382	641	49|5|1|0|0|1|2|6|1|1|1|1
GA	Allmis	LTR	ERV4	SFV1-13_AMi-LTR	JH731993:272476-273176-	JH738206:37267-37987-	52	66	0	102,118,120,124,132,159,18,205,211,218,232,246,291,293,304,305,339,347,370,371,373,381,389,394,397,40,401,538,556,558,560,572,577,68,98	102,118,120,124,132,151,18,197,203,210,224,241,286,288,299,300,334,342,365,366,368,376,384,389,392,396,40,543,561,563,565,577,582,68,98	3	1,2,3,4,5,6,7,8,9,10,11,12,13,14,15,16,17,18,19,20,21,22,23,24,25,26,27,28,29,40,41,42,43,44,45	420	565	707	52|3|0|0|0|1|3|4|2|0|0|1
GA	Allmis	LTR	ERV4	SFV1-13_AMi-LTR	JH731993:272476-273176-	JH732157:41448-42200+	16	30	0	102,108,18,222,244,246,257,278,291,293,40,68	103,109,18,223,247,249,260,281,294,296,40,69	2	1,2,3,4,5,10,11,12,13,14,15,16	166	279	331	16|2|0|0|1|3|0|5|0|1|2|0
GA	Allmis	LTR	ERV4	SFV1-13_AMi-LTR	JH732004:287220-287975+	JH734117:638217-638971+	38	80	0	335,341,343,346,350,351,352,388,392,394,396,398	330,336,338,341,345,346,347,383,387,389,391,393	2	7,8,9,10,11,12,13,16,17,18,19,20	29	64	752	38|8|2|1|2|0|11|9|0|0|1|0
GA	Allmis	LTR	ERV4	SFV1-13_AMi-LTR	JH732004:287220-287975+	JH735343:299021-299775+	53	92	0	392,394,396,398,406,414,597,599,601,603,615,673,677,691,714,716,717,724,725,726,733	388,390,392,394,402,410,592,594,596,598,610,668,672,686,709,711,712,719,720,721,728	3	22,23,24,25,26,27,38,39,40,41,42,44,45,46,47,48,49,50,51,52,53	103	341	745	53|5|1|1|2|1|7|11|0|1|5|2
GA	Allmis	LTR	ERV4	SFV1-13_AMi-LTR	JH732004:287220-287975+	JH733622:687916-688674-	60	91	0	293,294,296,301,307,308,335,341,343,346,351,388,392,394,396,398,406,414,667,677,728,730,733	292,293,295,300,306,307,334,340,342,345,350,388,392,394,396,398,406,414,666,676,727,729,732	4	24,25,26,27,28,29,30,31,32,33,34,37,38,39,40,41,42,43,56,57,58,59,60	154	441	747	60|4|0|1|1|0|7|10|0|1|3|0
GA	Allmis	LTR	ERV4	SFV1-13_AMi-LTR	JH732004:287220-287975+	JH732651:36399-37165+	51	98	0	291,293,294,296,301,308,388,392,394,396,398,414	298,300,301,303,308,315,395,399,401,403,405,421	2	11,12,13,14,15,16,23,24,25,26,27,28	45	124	758	51|10|0|1|1|1|11|11|2|0|2|4
GA	Allmis	LTR	ERV4	SFV1-13_AMi-LTR	JH732004:287220-287975+	JH735597:1032167-1032920+	57	92	0	293,294,296,301,307,394,396,398,406,414,450,453,463,468,476	297,298,300,305,311,398,400,402,410,418,454,457,467,472,480	3	18,19,20,21,22,28,29,30,31,32,34,35,36,37,38	63	184	752	57|5|0|2|3|0|8|10|1|0|1|2
GA	Allmis	LTR	ERV4	LT46D_AMi-LTR	JH733404:445092-445869-	JH734483:155505-156236-	27	51	0	142,150,163,164,167,191,198,202,297,298,300,311,317	142,150,163,164,167,191,198,202,297,298,300,311,317	2	4,5,6,7,8,9,10,11,18,19,20,21,22	82	176	470	27|9|2|1|0|0|4|5|0|2|1|0
GA	Allmis	LTR	ERV4	SFV1-13_AMi-LTR	JH732014:1526087-1526810-	JH734735:652264-652991+	40	57	0	219,220,222,230,232,247,267,293,294,296,307,342,350,373,376,488,491,499,518,530	222,223,225,233,235,250,270,296,297,299,310,345,351,374,377,489,492,500,519,531	3	12,13,14,15,16,17,18,19,20,21,22,23,24,25,26,29,30,31,32,33	200	310	725	40|6|0|1|1|0|5|2|0|0|1|0
GA	Allmis	LTR	ERV4	SFV1-13_AMi-LTR	JH732014:1526087-1526810-	JH738206:37267-37987-	50	64	0	102,118,120,124,132,18,205,211,230,232,294,296,307,308,342,350,373,374,376,384,392,397,40,400,404,518,545,563,565,567,631,641,68,704,713,714,715,98	102,118,120,124,132,18,197,203,222,224,286,288,299,300,334,342,365,366,368,376,384,389,392,396,40,516,543,561,563,565,629,639,68,702,711,712,713,98	5	1,2,3,4,5,6,7,8,9,10,11,12,13,14,15,16,17,18,19,20,21,22,23,24,25,26,27,38,39,40,41,42,45,46,47,48,49,50	516	696	719	50|4|0|1|1|0|4|1|2|0|0|0
GA	Allmis	LTR	ERV4	SFV1-13_AMi-LTR	JH732014:1526087-1526810-	JH737364:67877-68602-	55	78	0	219,220,222,230,232,342,350,362,373,374,376,495,499,518,530,538,560,563,565,567,631,641,660,661,704,708,713,715	219,220,222,230,232,342,350,362,373,374,376,497,501,520,532,540,562,565,567,569,633,643,662,663,706,710,715,717	4	8,9,10,11,12,23,24,25,26,27,28,36,37,38,39,40,41,42,43,44,48,49,50,51,52,53,54,55	207	499	724	55|7|0|1|0|1|6|1|1|1|2|1
GA	Allmis	LTR	ERV4	SFV1-13_AMi-LTR	JH732014:1526087-1526810-	JH734362:442498-443287-	21	29	0	488,491,495,499,506,518,530,565,567,631,641,660,680,682	554,557,561,565,572,584,596,631,633,697,707,726,746,748	2	7,8,9,10,11,12,13,14,15,17,18,19,20,21	132	195	375	21|2|0|1|0|0|2|1|1|0|0|0
GA	Allmis	LTR	ERV4	LT-47_AMi-LTR	JH732647:807426-808081-	JH732886:191898-192574+	20	49	0	356,365,385,387,401,616,619,621,630,651	375,384,404,406,421,638,641,643,652,672	2	9,10,11,12,13,16,17,18,19,20	82	298	665	20|8|0|1|2|2|5|6|1|1|1|1
GA	Allmis	LTR	ERV4	SFV1-13_AMi-LTR	JH732051:601306-602071+	JH739617:371028-371790-	32	48	0	295,298,300,305,312,495,514,524,531,557,559,569	294,297,299,304,311,492,511,521,528,554,556,566	2	7,8,9,10,11,17,18,19,20,21,22,23	93	273	763	32|3|0|1|1|0|2|8|0|0|1|0
GA	Allmis	LTR	ERV4	SFV1-13_AMi-LTR	JH732051:601306-602071+	JH736241:1280918-1281680-	29	55	0	102,140,169,189,216,399,401,403,419,423,431,458,68	102,139,168,188,215,395,397,399,415,419,427,454,68	2	3,4,5,6,7,8,13,14,15,16,17,18,19	208	387	763	29|3|1|1|1|2|4|10|0|0|4|0
GA	Allmis	LTR	ERV4	SFV1-13_AMi-LTR	JH732051:601306-602071+	JH732397:417969-418722-	26	59	0	102,140,153,169,189,210,216,40,68,74	102,134,147,163,183,204,210,40,68,74	2	1,2,3,4,5,6,7,8,9,10	172	171	759	26|4|1|1|2|2|4|14|1|1|2|0
GA	Allmis	LTR	ERV4	SFV1-13_AMi-LTR	JH732051:601306-602071+	JH737633:134518-135276+	35	61	0	102,138,140,164,169,189,216,227,538,554,559,569,599,68,98	103,133,135,158,163,183,211,222,531,547,552,562,592,68,99	3	2,3,4,5,6,7,8,9,10,11,23,24,25,26,27	218	525	761	35|7|0|2|1|0|3|9|0|0|2|2
GA	Allmis	LTR	ERV4	SFV1-13_AMi-LTR	JH732051:601306-602071+	JH738606:45170-45925+	33	69	0	102,138,140,223,224,225,227,235,40,68	102,132,134,216,217,218,220,228,40,68	2	1,2,3,4,5,8,9,10,11,12	108	189	760	33|6|1|1|1|2|6|11|1|1|5|1
GA	Allmis	LTR	ERV4	SFV1-13_AMi-LTR	JH732051:601306-602071+	JH732582:146-879+	34	67	0	164,169,184,189,210,298,300,305,311,333	135,140,155,160,181,269,271,276,282,304	2	5,6,7,8,9,12,13,14,15,16	83	170	737	34|7|3|1|2|2|4|8|1|0|1|2
GA	Allmis	LTR	ERV4	SFV1-13_AMi-LTR	JH732051:601306-602071+	JH738772:94377-95140-	42	73	0	102,108,126,140,18,243,251,253,264,298,300,305,40,68,74	102,108,123,137,18,240,248,250,261,295,297,302,40,68,74	2	1,2,3,4,5,6,7,8,13,14,15,16,17,18,19	183	285	761	42|6|2|2|2|2|2|12|1|0|2|0
GA	Allmis	LTR	ERV4	SFV1-13_AMi-LTR	JH732051:601306-602071+	JH734215:45816-46564+	40	66	0	189,216,227,235,237,605,607,609,621,626,720,722,723,724,730,731,732	183,210,221,229,231,588,590,592,604,609,703,705,706,707,713,714,715	3	7,8,9,10,11,22,23,24,25,26,31,32,33,34,35,36,37	84	533	756	40|3|1|2|3|0|5|11|0|0|1|0
GA	Allmis	LTR	ERV4	SFV1-13_AMi-LTR	JH732051:601306-602071+	JH736990:99315-100082-	37	69	0	102,140,18,40,545,554,557,559,569,68,98	102,137,18,40,547,556,559,561,571,68,98	2	1,2,3,4,5,6,26,27,28,29,30	145	554	766	37|6|1|1|1|1|4|11|2|0|3|2
GA	Allmis	LTR	ERV4	SFV1-13_AMi-LTR	JH732051:601306-602071+	JH732998:349203-349955+	32	73	0	524,557,559,584,599,673,679,686,702,731	518,544,546,571,586,660,666,673,689,718	2	21,22,23,24,25,28,29,30,31,32	128	201	753	32|5|3|3|3|3|7|13|1|0|2|1
GA	Allmis	LTR	ERV4	SFV1-13_AMi-LTR	JH732051:601306-602071+	JH732391:381235-382001+	47	85	0	545,557,559,569,599,720,722,723,730,731,732	546,558,560,570,600,721,723,724,731,732,733	2	25,26,27,28,29,38,39,40,41,42,43	68	188	765	47|9|1|2|3|1|2|11|1|2|3|3
GA	Allmis	LTR	ERV4	SFV1-13_AMi-LTR	JH732051:601306-602071+	JH735343:299021-299775+	55	86	0	102,126,140,18,399,40,401,403,411,419,545,554,557,559,569,603,605,607,609,621,626,68,720,722,723,730,731,732,739	102,121,134,18,390,392,394,40,402,410,534,543,546,548,558,592,594,596,598,610,615,68,709,711,712,719,720,721,728	5	1,2,3,4,5,6,23,24,25,26,27,34,35,36,37,38,39,40,41,42,43,44,49,50,51,52,53,54,55	241	711	748	55|4|3|2|2|2|1|11|0|1|5|0
GA	Allmis	LTR	ERV4	SFV1-13_AMi-LTR	JH732051:601306-602071+	JH735597:1032167-1032920+	65	94	0	153,169,189,216,227,235,237,239,264,292,297,298,300,305,311,399,401,403,411,419,445,455,458,468,473,524,527,545,557,559,569,577,599	153,169,189,216,227,235,237,239,264,292,297,298,300,305,311,398,400,402,410,418,444,454,457,467,472,520,523,534,546,548,558,566,588	4	8,9,10,11,12,13,14,15,20,21,22,23,24,25,26,30,31,32,33,34,35,36,37,38,39,42,43,44,45,46,47,48,49	279	436	759	65|5|1|2|3|0|3|12|1|1|1|0
GA	Allmis	LTR	ERV4	SFV1-13_AMi-LTR	JH732051:601306-602071+	JH734091:183738-184507+	39	82	0	399,401,403,419,423,545,557,559,569,577	405,407,409,425,429,550,562,564,574,582	2	18,19,20,21,22,28,29,30,31,32	58	178	767	39|7|4|1|1|6|6|13|2|0|2|1
GA	Allmis	LTR	ERV4	SFV1-13_AMi-LTR	JH732051:601306-602071+	JH733622:687916-688674-	65	94	0	102,121,124,126,130,138,140,223,224,225,227,235,251,253,264,297,298,300,305,311,312,345,347,350,355,377,389,393,397,399,401,403,411,419,427,603,605,607,609,626,98	102,116,119,121,125,135,137,220,221,222,224,232,246,248,259,292,293,295,300,306,307,340,342,345,350,372,384,388,392,394,396,398,406,414,422,596,598,600,602,619,98	6	5,6,7,8,9,10,11,12,18,19,20,21,22,24,25,26,27,28,29,30,31,32,33,34,35,36,37,38,39,40,41,42,43,44,45,46,56,57,58,59,60	256	522	750	65|5|1|1|1|2|1|12|0|1|4|0
GA	Allmis	LTR	ERV4	SFV1-13_AMi-LTR	JH732051:601306-602071+	JH732651:36399-37165+	54	93	0	292,295,297,298,300,305,312,399,401,403,419,423,458,603,605,607,609,626	295,298,300,301,303,308,315,401,403,405,421,425,460,604,606,608,610,627	3	10,11,12,13,14,15,16,23,24,25,26,27,28,42,43,44,45,46	105	333	765	54|8|2|1|1|2|7|10|2|0|2|3
GA	Allmis	LTR	ERV4	SFV1-13_AMi-LTR	JH732051:601306-602071+	JH737439:88420-89179-	53	102	0	223,224,225,227,235,345,347,354,355,356,358,365,389,393,603,605,607,609,626	218,219,220,222,230,338,340,347,348,349,351,358,381,385,597,599,601,603,620	3	13,14,15,16,17,24,25,26,27,28,29,30,31,32,47,48,49,50,51	85	403	762	53|7|2|1|4|6|4|14|0|3|6|2
GA	Allmis	LTR	ERV4	SFV1-13_AMi-LTR	JH732116:951321-952086+	JH738109:223708-224467-	32	81	0	137,139,150,152,168,362,368,375,376,378	134,136,147,149,165,361,367,373,374,376	2	9,10,11,12,13,18,19,20,21,22	48	243	762	32|10|2|0|4|4|12|10|1|1|0|4
GA	Allmis	LTR	ERV4	SFV1-13_AMi-LTR	JH732116:951321-952086+	JH738772:94377-95140-	38	79	0	18,257,261,27,287,295,302,36,368,375,376,378,385,40,55	18,257,261,27,287,295,302,36,368,374,375,377,385,40,55	3	1,2,3,4,5,14,15,16,17,18,20,21,22,23,24	102	368	761	38|6|3|3|3|5|6|8|3|0|1|2
GA	Allmis	LTR	ERV4	SFV1-13_AMi-LTR	JH732116:951321-952086+	JH739617:371028-371790-	30	78	0	287,292,295,302,309,368,375,376,378,385	289,294,297,304,311,370,376,377,379,388	2	8,9,10,11,12,14,15,16,17,18	42	100	763	30|9|1|3|4|7|10|8|2|0|0|3
GA	Allmis	LTR	ERV4	SFV1-13_AMi-LTR	JH732125:286533-286948-	JH733622:687916-688674-	26	39	0	10,15,48,5,52,56,58,60,62,7,70,78,86	340,342,345,350,384,388,392,394,396,398,406,414,422	1	1,2,3,4,5,6,7,8,9,10,11,12,13	83	83	419	26|3|0|0|0|1|1|5|0|0|3|0
GA	Allmis	LTR	ERV4	SFV1-13_AMi-LTR	JH732125:286533-286948-	JH732391:381235-382001+	26	41	0	346,370,372,373,380,381,382,48,5,56,58,60,62,78	349,392,400,402,404,406,422,697,721,723,724,731,732,733	2	1,2,3,4,5,6,7,19,20,21,22,23,24,25	111	385	407	26|6|0|0|0|1|1|4|0|0|2|1
GA	Allmis	LTR	ERV4	SFV1-13_AMi-LTR	JH732125:286533-286948-	JH735343:299021-299775+	28	44	0	329,333,347,370,372,373,380,381,382,389,56,58,60,62,70,78	388,390,392,394,402,410,668,672,686,709,711,712,719,720,721,728	2	3,4,5,6,7,8,19,20,21,22,23,24,25,26,27,28	84	341	407	28|4|0|1|0|2|1|4|0|1|2|1
GA	Allmis	LTR	ERV4	SFV1-13_AMi-LTR	JH732125:286533-286948-	JH733438:131269-131742-	33	52	0	14,15,16,18,25,347,352,353,370,372,373,374,380,381,382,384,386,48,52,56,58,60,62,78,82	103,107,109,111,113,129,133,405,410,411,428,430,431,432,438,439,440,442,444,65,66,67,69,76,99	3	1,2,3,4,5,6,7,8,9,10,11,12,13,20,21,22,23,24,25,26,27,28,29,30,31	110	380	418	33|4|0|1|1|1|1|6|0|0|3|1
GA	Allmis	LTR	ERV4	SFV1-13_AMi-LTR	JH732125:286533-286948-	JH737439:85502-85955-	26	51	0	25,333,368,370,372,373,380,381,382,384,386,48,52,56,58,60,62,78,82	101,371,406,408,410,411,418,419,420,422,424,44,67,71,75,77,79,81,97	3	1,2,3,4,5,6,7,8,9,16,17,18,19,20,21,22,23,24,25	113	381	406	26|3|3|0|1|2|2|8|0|0|2|0
GA	Allmis	LTR	ERV4	LT46D_AMi-LTR	JH733554:25698-26442-	JH734483:155505-156236-	32	85	0	305,307,310,321,327,545,574,578,598,602	295,297,300,311,317,534,562,566,586,590	2	14,15,16,17,18,24,25,26,27,28	80	296	737	32|16|5|3|1|1|7|9|4|2|1|3
GA	Allmis	LTR	ERV4	SFV1-13_AMi-LTR	JH732127:764248-765000-	JH739617:371028-371790-	28	49	0	293,296,298,303,310,653,660,670,718,743,749	294,297,299,304,311,663,670,680,728,753,759	2	7,8,9,10,11,23,24,25,26,27,28	115	466	757	28|9|0|0|1|1|4|4|0|1|0|1
GA	Allmis	LTR	ERV4	SFV1-13_AMi-LTR	JH732127:764248-765000-	JH734215:45816-46564+	39	55	0	187,212,214,225,233,235,592,594,596,608,613,660,670,684,689,707,709,710,711,717,718,719,742,743,744	183,208,210,221,229,231,588,590,592,604,609,656,666,680,685,703,705,706,707,713,714,715,738,739,740	3	7,8,9,10,11,12,21,22,23,24,25,26,27,28,29,30,31,32,33,34,35,36,37,38,39	203	558	750	39|4|0|0|0|1|7|2|0|1|0|1
GA	Allmis	LTR	ERV4	SFV1-13_AMi-LTR	JH732127:764248-765000-	JH732157:38293-39045+	36	55	0	225,249,251,262,269,502,518,532,544,556,653,660,666,673,710,717,718	222,246,248,259,266,502,518,532,544,556,653,660,666,673,710,717,718	3	9,10,11,12,13,20,21,22,23,24,29,30,31,32,33,34,35	166	497	752	36|5|0|0|0|2|4|3|1|1|1|2
GA	Allmis	LTR	ERV4	SFV1-13_AMi-LTR	JH732127:764248-765000-	JH732157:41448-42200+	41	67	0	225,233,249,251,262,518,532,541,544,556,590,592,594,596,613,690,705,710,717,718,742,743	223,231,247,249,260,518,532,541,544,556,590,592,594,596,613,690,705,710,717,718,742,743	4	10,11,12,13,14,21,22,23,24,25,27,28,29,30,31,35,36,37,38,39,40,41	155	521	752	41|5|0|1|1|3|7|3|1|1|2|2
GA	Allmis	LTR	ERV4	SFV1-13_AMi-LTR	JH732127:764248-765000-	JH737633:134518-135276+	31	63	0	162,167,187,212,214,225,586,589,594,596,613	158,163,183,209,211,222,592,595,600,602,619	2	6,7,8,9,10,11,23,24,25,26,27	93	462	755	31|15|0|0|0|1|5|5|0|1|3|2
GA	Allmis	LTR	ERV4	SFV1-13_AMi-LTR	JH732127:764248-765000-	JH735341:1473633-1474397+	34	61	0	162,167,187,212,214,221,222,223,225,251,348,363,375,387,399,401	166,171,191,216,218,225,226,227,229,255,352,367,379,391,403,405	3	2,3,4,5,6,7,8,9,10,11,16,17,18,19,20,21	145	240	737	34|6|1|0|0|2|7|3|0|1|1|2
GA	Allmis	LTR	ERV4	SFV1-13_AMi-LTR	JH732127:764248-765000-	JH732467:745001-745753+	37	65	0	399,401,417,421,429,670,684,717,718,733	389,391,407,411,419,670,684,717,718,733	2	16,17,18,19,20,33,34,35,36,37	95	345	752	37|12|0|0|0|1|5|5|0|1|3|1
GA	Allmis	LTR	ERV4	SFV1-13_AMi-LTR	JH732127:764248-765000-	JH735597:1032167-1032920+	64	83	0	151,162,167,187,212,214,225,233,235,237,249,251,254,262,290,295,296,298,303,309,387,397,399,401,409,417,502,509,518,521,525,532,544,556,564,586,592,594,596,613	153,164,169,189,214,216,227,235,237,239,251,253,256,264,292,297,298,300,305,311,388,398,400,402,410,418,504,511,520,523,527,534,546,558,566,588,594,596,598,615	5	7,8,9,10,11,12,13,14,15,16,17,18,19,20,21,22,23,24,25,26,29,30,31,32,33,34,39,40,41,42,43,44,45,46,47,48,49,50,51,52	304	463	752	64|6|0|1|1|1|4|3|1|1|0|1
GA	Allmis	LTR	ERV4	SFV1-13_AMi-LTR	JH732127:764248-765000-	JH732272:69733-70490-	31	72	0	162,167,187,212,214,225,235,237,387,401,417,421,429	159,164,184,209,211,223,233,235,382,396,412,416,424	2	5,6,7,8,9,10,11,12,16,17,18,19,20	120	266	754	31|11|2|0|2|4|10|4|1|1|1|5
GA	Allmis	LTR	ERV4	SFV1-13_AMi-LTR	JH732127:764248-765000-	JH736342:4488-5097+	12	28	0	162,167,207,212,225,343,356,387,391,395	162,167,207,212,223,350,363,394,398,402	2	2,3,4,5,6,8,9,10,11,12	115	241	604	12|6|0|0|0|1|6|2|0|0|0|1
GA	Allmis	LTR	ERV4	SFV1-13_AMi-LTR	JH732127:764248-765000-	JH735343:299021-299775+	52	78	0	223,225,233,249,251,262,395,397,399,401,409,417,590,592,594,596,608,613,666,670,684,707,709,710,717,718,719,726	219,221,229,243,245,256,388,390,392,394,402,410,592,594,596,598,610,615,668,672,686,709,711,712,719,720,721,728	4	10,11,12,13,14,15,21,22,23,24,25,26,35,36,37,38,39,40,43,44,45,46,47,48,49,50,51,52	146	510	742	52|7|3|1|0|2|3|5|0|2|2|1
GA	Allmis	LTR	ERV4	SFV1-13_AMi-LTR	JH732127:764248-765000-	JH735459:209550-210156+	21	43	0	162,167,212,214,225,233,391,395,397,399,401	11,232,236,238,240,242,56,58,6,69,77	2	1,2,3,4,5,6,7,8,9,10,11	238	237	601	21|6|1|0|0|1|7|3|1|1|1|1
GA	Allmis	LTR	ERV4	SFV1-13_AMi-LTR	JH732157:38293-39045+	JH735597:1032167-1032920+	37	58	0	287,292,295,306,353,384,396,398,406,414,440,450,468,476,509,521,525,564,586	292,297,300,311,358,388,400,402,410,418,444,454,472,480,511,523,527,566,588	2	10,11,12,13,14,15,16,17,18,19,20,21,22,23,24,25,26,27,28	298	297	752	37|4|1|0|2|1|7|3|1|0|0|2
GA	Allmis	LTR	ERV4	SFV1-13_AMi-LTR	JH732157:38293-39045+	JH735343:299021-299775+	31	58	0	392,396,398,406,414,684,707,709,719,726	388,392,394,402,410,686,709,711,721,728	2	9,10,11,12,13,24,25,26,27,28	66	341	753	31|5|3|1|0|2|7|5|0|1|2|1
GA	Allmis	LTR	ERV4	SFV1-13_AMi-LTR	JH732157:38293-39045+	JH732467:745001-745753+	20	54	0	184,205,219,220,230,396,398,414,418,426,476	181,202,215,216,226,389,391,407,411,419,469	2	3,4,5,6,7,9,10,11,12,13,14	127	289	752	20|8|0|0|0|0|17|6|0|0|2|1
GA	Allmis	LTR	ERV4	SFV1-13_AMi-LTR	JH732157:38293-39045+	JH733622:687916-688674-	40	68	0	116,119,121,125,133,179,184,205,218,219,220,230,292,295,306,307,340,345,350,384,388,392,396,398,406,414,422,98	116,119,121,125,133,181,186,207,220,221,222,232,292,295,306,307,340,345,350,384,388,392,396,398,406,414,422,98	3	2,3,4,5,6,7,8,9,10,11,12,13,14,16,17,18,19,20,21,22,23,24,25,26,27,28,29,30	267	325	755	40|6|1|0|1|3|9|4|0|0|2|1
GA	Allmis	LTR	ERV4	SFV1-13_AMi-LTR	JH732157:38293-39045+	JH732651:36399-37165+	24	66	0	287,290,292,295,307,384,388,392,396,398,414,418	295,298,300,303,315,391,395,399,403,405,421,425	2	3,4,5,6,7,10,11,12,13,14,15,16	56	131	759	24|9|2|0|2|2|13|5|2|0|2|4
GA	Allmis	LTR	ERV4	SFV1-13_AMi-LTR	JH732157:38293-39045+	JH732391:381235-382001+	27	71	0	384,392,396,398,414,683,707,709,719,729	392,400,404,406,422,697,721,723,733,743	2	8,9,10,11,12,21,22,23,24,25	78	352	759	27|7|0|2|3|0|21|4|2|2|0|3
GA	Allmis	LTR	ERV4	SFV1-13_AMi-LTR	JH732157:41448-42200+	JH735597:1032167-1032920+	33	56	0	233,235,252,288,293,307,354,385,395,397,399,407	237,239,256,292,297,311,358,388,398,400,402,410	1	5,6,7,8,9,10,11,12,13,14,15,16	174	174	741	33|4|0|0|3|2|5|3|1|1|1|3
GA	Allmis	LTR	ERV4	SFV1-13_AMi-LTR	JH732157:41448-42200+	JH733622:687916-688674-	36	64	0	117,120,122,126,134,256,293,307,308,341,346,351,363,385,389,393,395,397,399,407,423	116,119,121,125,133,255,292,306,307,340,345,350,362,384,388,392,394,396,398,406,422	2	3,4,5,6,7,13,14,15,16,17,18,19,20,21,22,23,24,25,26,27,28	186	307	746	36|5|0|0|2|3|8|4|0|1|3|1
GA	Allmis	LTR	ERV4	LT46D_AMi-LTR	JH733598:925473-926190+	JH734483:155505-156236-	32	72	0	142,149,162,163,166,190,197,201,275,277,280,299,308	142,150,163,164,167,191,198,202,295,297,300,317,326	2	4,5,6,7,8,9,10,11,16,17,18,19,20	93	185	724	32|18|2|2|0|0|3|8|2|1|3|1
GA	Allmis	LTR	ERV4	SFV1-13_AMi-LTR	JH732157:41448-42200+	JH733438:131269-131742-	26	43	0	350,351,352,354,361,363,385,389,393,395,397,399,419	103,107,109,111,113,133,65,66,67,69,76,78,99	1	3,4,5,6,7,8,9,10,11,12,13,14,15	69	69	470	26|5|1|0|1|0|3|4|0|1|1|0
GA	Allmis	LTR	ERV4	SFV1-13_AMi-LTR	JH732157:41448-42200+	JH735343:301968-302453+	33	48	0	117,120,122,126,134,350,351,352,354,385,389,393,395,397,399,407,419,423,427	113,116,118,122,130,344,345,346,348,374,378,382,384,386,388,396,408,412,416	2	2,3,4,5,6,18,19,20,21,22,23,24,25,26,27,28,29,30,31	91	304	491	33|3|0|0|1|2|1|3|1|1|2|1
GA	Allmis	LTR	ERV4	SFV1-13_AMi-LTR	JH732165:1625835-1626201+	JH734735:652264-652991+	21	41	0	218,220,232,244,246,264,290,291,293,304,339,347	221,223,238,250,252,270,296,297,299,310,345,351	1	10,11,12,13,14,15,16,17,18,19,20,21	131	131	368	21|0|0|1|0|0|1|17|0|0|1|0
GA	Allmis	LTR	ERV4	SFV1-13_AMi-LTR	JH732165:1628186-1628904+	JH734735:652264-652991+	29	66	0	218,220,232,244,246,264,290,291,293,304	221,223,238,250,252,270,296,297,299,310	1	10,11,12,13,14,15,16,17,18,19	90	90	722	29|5|0|1|1|1|6|18|0|1|3|0
GA	Allmis	LTR	ERV4	SFV1-13_AMi-LTR	JH732165:1628186-1628904+	JH737364:67877-68602-	41	78	0	218,220,232,244,246,249,469,490,494,513,533	218,220,235,247,249,252,476,497,501,520,540	2	6,7,8,9,10,11,26,27,28,29,30	100	323	721	41|5|1|1|0|3|4|16|1|2|2|0
GA	Allmis	LTR	ERV4	SFV1-13_AMi-LTR	JH732165:1628186-1628904+	JH738206:37267-37987-	41	71	0	232,246,291,293,304,305,339,347,371,381,389,394,397,401	227,241,286,288,299,300,334,342,366,376,384,389,392,396	1	13,14,15,16,17,18,19,20,21,22,23,24,25,26	170	170	716	41|3|0|0|0|1|6|15|2|2|0|0
GA	Allmis	LTR	ERV4	SFV1-13_AMi-LTR	JH732173:1262005-1262722-	JH734735:652264-652991+	38	55	0	102,118,120,132,157,211,219,220,222,230,232,247,267,293,294,296,307,350,373,376,464,472,486,489,497,505,516,98	103,121,123,135,160,214,222,223,225,233,235,250,270,296,297,299,310,351,374,377,465,473,489,492,500,508,519,99	4	5,6,7,8,9,10,11,12,13,14,15,16,17,18,19,20,21,22,23,24,25,26,27,28,29,30,31,32	424	421	722	38|7|0|0|2|0|2|1|0|1|4|0
GA	Allmis	LTR	ERV4	SFV1-13_AMi-LTR	JH732173:1262005-1262722-	JH737364:67877-68602-	54	76	0	102,132,157,159,205,211,219,220,222,230,232,342,350,362,373,374,376,429,431,444,472,486,489,493,497,505,516,532,554,557,559,561,578,591	102,132,157,159,205,211,219,220,222,230,232,342,350,362,373,374,376,429,431,444,472,490,493,497,501,509,520,540,562,565,567,569,586,599	5	3,4,5,6,7,8,9,10,11,12,13,24,25,26,27,28,29,31,32,33,34,35,36,37,38,39,40,41,42,43,44,45,46,47	339	498	721	54|8|0|0|1|1|3|0|1|2|4|1
GA	Allmis	LTR	ERV4	SFV1-13_AMi-LTR	JH732173:1262005-1262722-	JH738206:37267-37987-	52	68	0	102,118,120,124,132,159,205,211,230,232,294,296,307,308,342,350,373,374,376,384,392,397,400,404,505,516,539,557,559,561,573,578,98	102,118,120,124,132,151,197,203,222,224,286,288,299,300,334,342,365,366,368,376,384,389,392,396,505,516,543,561,563,565,577,582,98	3	4,5,6,7,8,9,10,11,12,13,14,15,16,17,18,19,20,21,22,23,24,25,26,27,28,39,40,41,42,43,44,45,46	378	485	716	52|5|0|0|2|0|4|0|2|1|2|0
GA	Allmis	LTR	ERV4	SFV1-13_AMi-LTR	JH732173:1262005-1262722-	JH734362:442498-443287-	20	28	0	373,376,417,429,431,472,486,489,493,497,504,505,516,559,561,578	437,440,481,493,495,536,554,557,561,565,572,573,584,631,633,650	2	1,2,3,4,5,6,7,8,9,10,11,12,13,14,15,16	215	214	372	20|1|0|0|1|0|3|0|1|1|1|0
GA	Allmis	LTR	ERV4	SFV1-13_AMi-LTR	JH732211:151780-152541+	JH733596:78776-79535+	26	56	0	212,214,223,225,233,553,565,603,605,622	212,214,223,225,233,551,563,601,603,620	2	7,8,9,10,11,18,19,20,21,22	92	409	760	26|5|1|0|4|2|9|5|1|0|1|1
GA	Allmis	LTR	ERV4	SFV1-13_AMi-LTR	JH732211:151780-152541+	JH735459:206640-207399+	23	53	0	162,168,212,214,225,233,550,553,565,601,605,622	159,165,209,211,222,230,548,551,563,599,603,620	2	4,5,6,7,8,9,17,18,19,20,21,22	145	462	760	23|5|1|0|1|0|9|6|1|0|1|1
GA	Allmis	LTR	ERV4	SFV1-13_AMi-LTR	JH732211:151780-152541+	JH737242:1129367-1130125-	28	54	0	212,221,222,223,225,553,565,595,598,603,605	209,218,219,220,222,550,562,592,595,600,602	2	7,8,9,10,11,21,22,23,24,25,26	67	394	759	28|6|1|2|3|1|6|5|1|0|0|0
GA	Allmis	LTR	ERV4	SFV1-13_AMi-LTR	JH732211:151780-152541+	JH738606:45170-45925+	30	60	0	221,222,223,225,233,595,598,605,622,628	216,217,218,220,228,589,592,599,616,622	2	7,8,9,10,11,25,26,27,28,29	47	407	758	30|6|0|0|2|1|9|5|1|1|3|1
GA	Allmis	LTR	ERV4	SFV1-13_AMi-LTR	JH732211:151780-152541+	JH737633:134518-135276+	32	66	0	162,168,187,212,214,225,550,565,595,598,603,605,622	158,164,183,209,211,222,547,562,592,595,600,602,619	2	5,6,7,8,9,10,23,24,25,26,27,28,29	138	462	759	32|12|0|0|2|0|7|7|1|0|2|2
GA	Allmis	LTR	ERV4	SFV1-13_AMi-LTR	JH732211:151780-152541+	JH732272:69733-70490-	30	65	0	162,168,187,212,214,225,235,237,387,401,417,421,429	159,165,184,209,211,223,233,235,382,396,412,416,424	2	3,4,5,6,7,8,9,10,14,15,16,17,18	120	266	759	30|8|2|0|3|3|9|3|2|0|1|3
GA	Allmis	LTR	ERV4	SFV1-13_AMi-LTR	JH732211:151780-152541+	JH735341:1473633-1474397+	34	61	0	162,168,187,212,214,221,222,223,225,293,296,348,363,375,387,399,401	166,172,191,216,218,225,226,227,229,297,300,352,367,379,391,403,405	3	2,3,4,5,6,7,8,9,10,11,12,15,16,17,18,19,20	190	240	741	34|5|0|1|3|1|7|3|0|0|1|1
GA	Allmis	LTR	ERV4	SFV1-13_AMi-LTR	JH732211:151780-152541+	JH734215:45816-46564+	38	60	0	187,212,214,225,233,235,601,603,605,617,622,716,718,719,720,726,727,728	183,208,210,221,229,231,588,590,592,604,609,703,705,706,707,713,714,715	3	6,7,8,9,10,11,21,22,23,24,25,29,30,31,32,33,34,35	84	533	754	38|3|0|1|3|0|8|6|0|0|0|0
GA	Allmis	LTR	ERV4	SFV1-13_AMi-LTR	JH732211:151780-152541+	JH736990:99315-100082-	34	63	0	387,391,399,401,417,421,510,520,541,550,553,565,605,622	393,397,405,407,423,427,517,527,547,556,559,571,611,628	2	14,15,16,17,18,19,22,23,24,25,26,27,28,29	147	236	764	34|6|0|1|2|1|8|5|2|0|0|3
GA	Allmis	LTR	ERV4	SFV1-13_AMi-LTR	JH732211:151780-152541+	JH734117:638217-638971+	41	75	0	343,345,348,352,353,354,387,391,395,397,399,401,510,520,523,541,553,565,598,603,605,622	336,338,341,345,346,347,379,383,387,389,391,393,503,513,516,534,546,558,591,596,598,615	3	8,9,10,11,12,13,14,15,16,17,18,19,25,26,27,28,29,30,31,32,33,34	172	280	757	41|8|2|0|3|1|9|5|0|0|0|0
GA	Allmis	LTR	ERV4	SFV1-13_AMi-LTR	JH732211:151780-152541+	JH732391:381235-382001+	44	73	0	343,387,395,397,399,401,417,510,520,527,534,541,553,565,595,605,622,628,633,716,718,719,726,727,728,738	349,392,400,402,404,406,422,515,525,532,539,546,558,570,600,610,627,633,638,721,723,724,731,732,733,743	3	11,12,13,14,15,16,17,20,21,22,23,24,25,26,27,28,29,30,31,35,36,37,38,39,40,41	221	395	763	44|7|0|1|4|0|8|4|2|1|0|1
GA	Allmis	LTR	ERV4	SFV1-13_AMi-LTR	JH732211:151780-152541+	JH735597:1032167-1032920+	60	79	0	136,149,162,168,187,212,214,225,233,235,237,249,254,262,290,295,296,387,397,399,401,409,417,443,453,456,466,471,479,520,523,527,553,565,573,595,601,603,605,622	138,151,164,170,189,214,216,227,235,237,239,251,256,264,292,297,298,388,398,400,402,410,418,444,454,457,467,472,480,520,523,527,546,558,566,588,594,596,598,615	4	4,5,6,7,8,9,10,11,12,13,14,15,16,17,18,19,20,26,27,28,29,30,31,32,33,34,35,36,37,39,40,41,42,43,44,45,46,47,48,49	351	478	757	60|3|0|2|4|0|4|4|1|0|0|0
GA	Allmis	LTR	ERV4	SFV1-13_AMi-LTR	JH732211:151780-152541+	JH735343:299021-299775+	53	77	0	223,225,233,249,262,296,303,321,331,387,391,395,397,399,401,409,417,510,541,550,553,565,599,601,603,605,617,622,716,718,719,726,727,728,735	219,221,229,243,256,290,297,315,325,380,384,388,390,392,394,402,410,503,534,543,546,558,592,594,596,598,610,615,709,711,712,719,720,721,728	5	9,10,11,12,13,14,15,16,17,18,19,20,21,22,23,24,25,31,32,33,34,35,36,37,38,39,40,41,47,48,49,50,51,52,53	327	510	746	53|3|2|1|3|1|5|5|0|1|2|0
GA	Allmis	LTR	ERV4	SFV1-13_AMi-LTR	JH732211:151780-152541+	JH734091:183738-184507+	37	79	0	375,387,391,395,397,399,401,417,421,510,520,541,553,565,573	383,395,399,403,405,407,409,425,429,519,529,550,562,574,582	2	14,15,16,17,18,19,20,21,22,27,28,29,30,31,32	111	200	765	37|5|1|2|6|4|10|7|2|1|2|1
GA	Allmis	LTR	ERV4	SFV1-13_AMi-LTR	JH732211:151780-152541+	JH733622:687916-688674-	63	90	0	119,122,124,128,136,182,187,208,212,214,221,222,223,225,233,249,258,262,295,296,343,345,348,353,375,387,391,395,397,399,401,409,417,425,599,601,603,605,622	116,119,121,125,135,181,186,207,211,213,220,221,222,224,232,246,255,259,292,293,340,342,345,350,372,384,388,392,394,396,398,406,414,422,596,598,600,602,619	6	6,7,8,9,10,13,14,15,16,17,18,19,20,21,22,23,24,25,26,27,32,33,34,35,36,37,38,39,40,41,42,43,44,45,54,55,56,57,58	242	504	748	63|5|0|0|3|1|5|7|0|1|3|0
GA	Allmis	LTR	ERV4	SFV1-13_AMi-LTR	JH732211:151780-152541+	JH735459:209550-210156+	24	47	0	162,168,212,214,225,233,391,395,397,399,401	12,232,236,238,240,242,56,58,6,69,77	2	1,2,3,4,5,6,9,10,11,12,13	83	237	605	24|4|1|0|1|1|9|4|2|0|0|0
GA	Allmis	LTR	ERV4	SFV1-13_AMi-LTR	JH732211:151780-152541+	JH732651:36399-37165+	50	87	0	237,249,290,293,295,296,387,391,395,397,399,401,417,421,599,601,603,605,622	242,254,295,298,300,301,391,395,399,401,403,405,421,425,604,606,608,610,627	3	6,7,8,9,10,11,18,19,20,21,22,23,24,25,39,40,41,42,43	119	386	763	50|10|1|0|2|1|9|7|2|0|1|2
GA	Allmis	LTR	ERV4	SFV1-13_AMi-LTR	JH732211:151780-152541+	JH736342:4488-5097+	12	31	0	162,168,207,212,225,343,356,387,391,395	162,168,207,212,223,350,363,394,398,402	2	2,3,4,5,6,8,9,10,11,12	115	241	609	12|5|0|1|2|0|5|6|0|0|0|0
GA	Allmis	LTR	ERV4	SFV1-13_AMi-LTR	JH732211:151780-152541+	JH737439:88420-89179-	50	90	0	221,222,223,225,233,249,262,296,343,345,352,353,354,356,363,387,391,595,599,601,603,605,622	218,219,220,222,230,244,257,291,338,340,347,348,349,351,358,381,385,593,597,599,601,603,620	3	12,13,14,15,16,17,18,19,22,23,24,25,26,27,28,29,30,43,44,45,46,47,48	150	403	760	50|9|0|0|3|5|7|8|0|2|4|1
GA	Allmis	LTR	ERV4	SFV1-13_AMi-LTR	JH732235:68347-68641+	JH735597:1032167-1032920+	18	24	0	185,210,212,223,231,233,235,247,249,252,260,288	189,214,216,227,235,237,239,251,253,256,264,292	1	7,8,9,10,11,12,13,14,15,16,17,18	104	104	294	18|3|0|0|0|1|0|0|0|1|0|0
GA	Allmis	LTR	ERV4	SFV1-13_AMi-LTR	JH732242:1471-2222+	JH739617:371028-371790-	26	48	0	108,138,208,225,291,294,296,301,308,40	108,139,209,226,294,297,299,304,311,40	2	1,2,3,4,5,6,7,8,9,10	273	272	756	26|7|0|0|1|0|6|6|0|1|1|0
GA	Allmis	LTR	ERV4	SFV1-13_AMi-LTR	JH732242:1471-2222+	JH734215:45816-46564+	33	53	0	591,593,595,607,612,706,708,709,710,716,717,718	588,590,592,604,609,703,705,706,707,713,714,715	2	19,20,21,22,23,27,28,29,30,31,32,33	35	128	738	33|4|0|0|0|0|7|7|0|1|1|0
GA	Allmis	LTR	ERV4	SFV1-13_AMi-LTR	JH732242:1471-2222+	JH733809:260623-261381+	25	54	0	518,543,555,588,591,593,595,612,652,659	517,550,562,595,598,600,602,619,659,666	1	15,16,17,18,19,20,21,22,23,24	150	150	754	25|6|0|1|1|0|11|6|0|2|2|0
GA	Allmis	LTR	ERV4	SFV1-13_AMi-LTR	JH732242:1471-2222+	JH738606:45170-45925+	30	62	0	221,222,223,225,260,543,555,585,588,595,612,618	216,217,218,220,255,547,559,589,592,599,616,622	2	9,10,11,12,13,22,23,24,25,26,27,28	116	407	753	30|6|1|0|1|2|9|6|0|1|5|1
GA	Allmis	LTR	ERV4	SFV1-13_AMi-LTR	JH732242:1471-2222+	JH735597:1032167-1032920+	59	76	0	102,136,138,149,151,167,187,212,215,225,235,247,249,252,260,293,294,296,301,307,386,398,400,402,408,416,452,455,465,470,478,502,509,518,521,525,531,543,555,563,585,591,593,595,612,659,98	102,138,140,151,153,169,189,214,217,227,237,251,253,256,264,297,298,300,305,311,388,400,402,404,410,418,454,457,467,472,480,504,511,520,523,527,534,546,558,566,588,594,596,598,615,661,98	5	3,4,5,6,7,8,9,10,11,12,13,14,15,16,17,18,19,20,21,22,23,26,27,28,29,30,31,32,33,34,35,36,37,38,39,40,41,42,43,44,45,46,47,48,49,50,51	491	564	752	59|4|0|1|1|0|2|6|1|1|1|0
GA	Allmis	LTR	ERV4	SFV1-13_AMi-LTR	JH732242:1471-2222+	JH737242:1129367-1130125-	31	62	0	402,416,420,424,437,585,588,593,595,625	398,412,416,420,433,592,595,600,602,632	2	14,15,16,17,18,25,26,27,28,29	77	235	754	31|7|0|1|1|1|8|9|0|1|2|1
GA	Allmis	LTR	ERV4	SFV1-13_AMi-LTR	JH732242:1471-2222+	JH737633:134518-135276+	31	67	0	162,167,187,212,215,225,585,588,593,595,612	158,163,183,209,212,222,592,595,600,602,619	2	7,8,9,10,11,12,24,25,26,27,28	93	462	754	31|14|0|0|0|1|7|8|0|1|4|1
GA	Allmis	LTR	ERV4	SFV1-13_AMi-LTR	JH732242:1471-2222+	JH735341:1473633-1474397+	34	62	0	149,162,167,187,212,215,593,595,612,652,659,688	153,166,171,191,216,219,614,616,633,673,680,709	2	1,2,3,4,5,6,29,30,31,32,33,34	163	557	736	34|6|1|0|0|0|8|6|0|1|2|0
GA	Allmis	LTR	ERV4	SFV1-13_AMi-LTR	JH732242:1471-2222+	JH732467:745001-745753+	37	68	0	398,400,402,416,420,428,588,593,595,612,659	389,391,393,407,411,419,589,594,596,613,660	2	16,17,18,19,20,21,29,30,31,32,33	103	272	751	37|9|0|1|0|1|7|8|0|1|3|1
GA	Allmis	LTR	ERV4	SFV1-13_AMi-LTR	JH732242:1471-2222+	JH734117:638217-638971+	41	78	0	341,343,346,350,351,352,386,390,394,398,400,402,588,593,595,612,659	336,338,341,345,346,347,379,383,387,391,393,395,591,596,598,615,662	3	9,10,11,12,13,14,15,16,17,18,19,20,32,33,34,35,36	133	327	752	41|9|3|0|1|1|8|7|0|1|2|0
GA	Allmis	LTR	ERV4	SFV1-13_AMi-LTR	JH732242:1471-2222+	JH732272:69733-70490-	32	74	0	162,167,187,212,215,225,400,402,416,420,428	159,164,184,209,212,223,396,398,412,416,424	2	6,7,8,9,10,11,17,18,19,20,21	94	266	754	32|9|2|0|2|2|13|7|1|1|2|3
GA	Allmis	LTR	ERV4	SFV1-13_AMi-LTR	JH732242:1471-2222+	JH735343:299021-299775+	54	82	0	394,398,400,402,408,416,589,591,593,595,607,612,706,708,709,716,717,718,725,741,742,743	388,392,394,396,402,410,592,594,596,598,610,615,709,711,712,719,720,721,728,744,745,746	3	20,21,22,23,24,25,35,36,37,38,39,40,45,46,47,48,49,50,51,52,53,54	85	359	752	54|5|4|1|0|1|4|8|0|2|3|0
GA	Allmis	LTR	ERV4	SFV1-13_AMi-LTR	JH732242:1471-2222+	JH733622:687916-688674-	62	92	0	119,122,124,128,136,138,182,187,208,212,215,221,222,223,225,235,293,294,296,301,307,308,386,390,394,398,400,402,408,416,424,589,591,593,595,612	116,119,121,125,135,137,181,186,207,211,214,220,221,222,224,234,292,293,295,300,306,307,384,388,392,396,398,400,406,414,422,596,598,600,602,619	6	7,8,9,10,11,12,14,15,16,17,18,19,20,21,22,23,28,29,30,31,32,33,38,39,40,41,42,43,44,45,46,54,55,56,57,58	156	504	743	62|7|0|0|1|1|4|10|0|2|4|0
GA	Allmis	LTR	ERV4	SFV1-13_AMi-LTR	JH732242:240122-240874+	JH738606:45170-45925+	25	55	0	206,214,215,216,218,253,261,263,501,511,532,544,556,586,589,596,613,619	207,216,217,218,220,255,263,265,504,514,535,547,559,589,592,599,616,622	3	3,4,5,6,7,8,9,10,15,16,17,18,19,20,21,22,23,24	179	416	753	25|6|1|0|2|2|5|7|1|1|2|2
GA	Allmis	LTR	ERV4	SFV1-13_AMi-LTR	JH732242:240122-240874+	JH734117:638217-638971+	39	73	0	294,301,334,336,339,343,344,345,589,594,596,613,660	296,303,336,338,341,345,346,347,591,596,598,615,662	2	4,5,6,7,8,9,10,11,29,30,31,32,33	124	367	753	39|7|1|0|2|4|4|6|0|0|2|2
GA	Allmis	LTR	ERV4	SFV1-13_AMi-LTR	JH732242:240122-240874+	JH738772:94377-95140-	39	69	0	240,242,249,253,287,594,596,613,653,660,670	248,250,257,261,295,605,607,624,664,671,681	2	12,13,14,15,16,32,33,34,35,36,37	125	434	754	39|6|0|3|2|2|5|8|0|1|1|1
GA	Allmis	LTR	ERV4	SFV1-13_AMi-LTR	JH732242:240122-240874+	JH737242:1129367-1130125-	32	71	0	206,214,215,216,218,586,589,594,596,626	209,219,220,221,223,592,595,600,602,632	2	8,9,10,11,12,26,27,28,29,30	56	424	755	32|6|1|2|3|4|9|9|1|0|1|2
GA	Allmis	LTR	ERV4	SFV1-13_AMi-LTR	JH732242:240122-240874+	JH735341:1473633-1474397+	37	78	0	181,206,214,215,216,218,594,596,613,653,660,670	191,216,225,226,227,229,614,616,633,673,680,690	2	6,7,8,9,10,11,31,32,33,34,35,36	116	500	737	37|7|1|2|2|2|9|7|1|1|2|2
GA	Allmis	LTR	ERV4	SFV1-13_AMi-LTR	JH732242:240122-240874+	JH737439:88420-89179-	48	93	0	214,215,216,218,240,242,253,287,334,336,343,344,345,347,356,362,366,381,532,544,556,586,590,592,594,596,613	218,219,220,222,244,246,257,291,338,340,347,348,349,351,360,366,370,385,539,551,563,593,597,599,601,603,620	3	12,13,14,15,16,17,18,19,21,22,23,24,25,26,27,28,29,30,38,39,40,41,42,43,44,45,46	204	403	755	48|8|1|1|3|6|4|11|1|2|4|3
GA	Allmis	LTR	ERV4	SFV1-13_AMi-LTR	JH732242:240122-240874+	JH735343:299021-299775+	50	85	0	218,240,242,253,287,356,362,366,385,389,391,399,407,590,592,594,596,608,613	220,243,245,256,290,359,365,369,390,392,394,402,410,592,594,596,598,610,615	3	8,9,10,11,12,15,16,17,18,19,20,21,22,33,34,35,36,37,38	147	396	742	50|4|4|1|2|3|5|9|1|0|2|3
GA	Allmis	LTR	ERV4	SFV1-13_AMi-LTR	JH732242:240122-240874+	JH732391:381235-382001+	47	92	0	385,387,389,391,407,518,525,532,544,556,586,596,613,619,624,626	400,402,404,406,422,532,539,546,558,570,600,610,627,633,638,640	3	14,15,16,17,18,24,25,26,27,28,29,30,31,32,33,34	133	241	759	47|9|1|4|3|3|10|6|1|2|2|3
GA	Allmis	LTR	ERV4	SFV1-13_AMi-LTR	JH732242:240122-240874+	JH732651:36399-37165+	50	94	0	228,240,242,281,284,286,287,385,387,389,391,407,590,592,594,596,613	242,254,256,295,298,300,301,399,401,403,405,421,604,606,608,610,627	3	6,7,8,9,10,11,12,22,23,24,25,26,38,39,40,41,42	107	386	759	50|10|1|0|1|4|8|10|2|0|2|4
GA	Allmis	LTR	ERV4	SFV1-13_AMi-LTR	JH732242:240122-240874+	JH735597:1032167-1032920+	59	92	0	181,206,218,228,240,242,245,253,281,286,287,387,389,391,399,407,586,592,594,596,613,660,670	189,215,227,239,251,253,256,264,292,297,298,398,400,402,410,418,588,594,596,598,615,661,671	3	10,11,12,13,14,15,16,17,18,19,20,27,28,29,30,31,44,45,46,47,48,49,50	215	483	752	59|4|1|2|4|3|6|7|1|0|0|4
GA	Allmis	LTR	ERV4	SFV1-13_AMi-LTR	JH732242:240122-240874+	JH733622:687916-688674-	63	102	0	114,117,119,123,176,181,202,206,214,215,216,218,228,240,242,249,253,286,287,385,387,389,391,399,407,590,592,594,596,613,94,98	102,116,119,121,125,181,186,207,211,220,221,222,224,234,246,248,255,259,292,293,392,394,396,398,406,414,596,598,600,602,619,98	5	3,4,5,6,7,8,13,14,15,16,17,18,19,20,21,22,23,24,25,26,27,39,40,41,42,43,44,55,56,57,58,59	189	522	744	63|6|1|0|3|4|7|10|0|1|3|2
GA	Allmis	LTR	ERV4	SFV1-13_AMi-LTR	JH732243:170182-170515-	JH735259:229764-230473-	20	32	0	11,206,208,210,212,229,248,25,274,284,298,3,303,33,9	395,401,403,417,425,599,601,603,605,622,641,667,677,691,696	3	1,2,3,4,5,11,12,13,14,15,16,17,18,19,20	130	302	314	20|5|0|0|1|0|4|1|0|0|1|0
GA	Allmis	LTR	ERV4	SFV1-13_AMi-LTR	JH732254:364196-364960+	JH733596:78776-79535+	26	74	0	122,134,149,160,166,180,367,374,375,377,384	124,136,151,162,168,182,367,373,374,376,384	2	3,4,5,6,7,8,14,15,16,17,18	77	261	750	26|10|1|1|5|3|8|11|2|1|3|3
GA	Allmis	LTR	ERV4	SFV1-13_AMi-LTR	JH732254:364196-364960+	JH738109:223708-224467-	29	70	0	120,122,134,147,149,361,367,374,375,377	120,122,134,147,149,361,367,374,375,377	2	4,5,6,7,8,14,15,16,17,18	47	258	759	29|9|2|0|6|2|9|8|0|1|2|2
GA	Allmis	LTR	ERV4	SFV1-13_AMi-LTR	JH732254:364196-364960+	JH738772:94377-95140-	42	77	0	18,247,249,256,260,294,296,36,367,374,375,377,384,388,40,69,75	18,248,250,257,261,295,297,36,368,374,375,377,385,389,40,68,74	3	1,2,3,4,5,12,13,14,15,16,17,20,21,22,23,24,25	129	372	760	42|6|1|2|2|4|6|8|2|0|3|1
GA	Allmis	LTR	ERV4	SFV1-13_AMi-LTR	JH732254:364196-364960+	JH738777:1496552-1497300-	28	70	0	134,147,160,166,182,185,367,374,375,377,384	138,151,164,170,186,189,369,375,376,378,386	2	3,4,5,6,7,8,13,14,15,16,17	70	249	745	28|7|3|1|2|8|4|12|2|2|0|1
GA	Allmis	LTR	ERV4	SFV1-13_AMi-LTR	JH732254:364196-364960+	JH737633:134518-135276+	30	79	0	367,374,375,377,384,586,589,594,596,613	366,372,373,375,384,592,595,600,602,619	2	12,13,14,15,16,24,25,26,27,28	47	254	757	30|16|0|1|5|4|6|9|1|0|4|3
GA	Allmis	LTR	ERV4	SFV1-13_AMi-LTR	JH732254:364196-364960+	JH735343:299021-299775+	48	84	0	247,249,260,294,296,367,374,375,377,384,388,590,592,594,596,608,613	243,245,256,290,292,363,369,370,372,380,384,592,594,596,598,610,615	3	11,12,13,14,15,18,19,20,21,22,23,37,38,39,40,41,42	96	373	694	48|7|1|0|4|3|4|8|0|1|5|3
GA	Allmis	LTR	ERV4	SFV1-13_AMi-LTR	JH732254:364196-364960+	JH735597:1032167-1032920+	52	89	0	247,249,252,260,288,293,294,296,367,374,375,377,384,394,586,592,594,596,613	251,253,256,264,292,297,298,300,371,377,378,380,388,398,588,594,596,598,615	3	14,15,16,17,18,19,20,21,25,26,27,28,29,30,45,46,47,48,49	106	365	686	52|8|1|0|5|3|4|11|0|0|1|4
GA	Allmis	LTR	ERV4	SFV1-13_AMi-LTR	JH732255:51110-51834-	JH734735:652264-652991+	35	60	0	220,221,223,231,233,268,294,295,297,308,462,465,473,487,490,498	222,223,225,233,235,270,296,297,299,310,462,465,473,489,492,500	3	10,11,12,13,14,15,16,17,18,19,22,23,24,25,26,27	129	279	725	35|4|1|0|0|1|2|8|0|0|3|0
GA	Allmis	LTR	ERV4	SFV1-13_AMi-LTR	JH732255:51110-51834-	JH737364:67877-68602-	50	85	0	220,221,223,231,233,253,261,269,282,289	219,220,222,230,232,252,260,268,281,288	2	7,8,9,10,11,12,13,14,15,16	71	70	724	50|5|1|0|0|2|3|9|1|1|4|1
GA	Allmis	LTR	ERV4	SFV1-13_AMi-LTR	JH732255:51110-51834-	JH738206:37267-37987-	46	74	0	125,133,160,206,212,231,233,374,375,377,385,393,398,401	124,132,151,197,203,222,224,365,366,368,376,384,389,392	2	6,7,8,9,10,11,12,18,19,20,21,22,23,24	129	269	720	46|3|1|0|0|1|4|9|2|0|1|0
GA	Allmis	LTR	ERV4	SFV1-13_AMi-LTR	JH732272:69733-70490-	JH738772:94377-95140-	26	56	0	108,121,18,294,296,301,329,346,40,74,90	108,123,18,295,297,302,330,349,40,74,90	2	1,2,3,4,5,6,11,12,13,14,15	161	332	757	26|4|1|1|1|3|10|9|0|0|0|1
GA	Allmis	LTR	ERV4	SFV1-13_AMi-LTR	JH732272:69733-70490-	JH733622:687916-688674-	45	84	0	116,119,121,125,293,294,296,301,307,308,341,346,349,386,390,392,394,404,98	116,119,121,125,292,293,295,300,306,307,340,347,350,388,392,394,396,406,98	3	5,6,7,8,9,18,19,20,21,22,23,24,25,26,27,28,29,30,31	144	309	757	45|6|1|0|3|2|5|12|0|1|5|3
GA	Allmis	LTR	ERV4	SFV1-13_AMi-LTR	JH732272:69733-70490-	JH732391:381235-382001+	36	85	0	506,516,523,530,579,591,712,714,715,722,724	515,525,532,539,588,600,721,723,724,731,733	2	17,18,19,20,21,22,29,30,31,32,33	99	219	761	36|7|1|1|2|2|16|7|3|2|2|6
GA	Allmis	LTR	ERV4	LT46D_AMi-LTR	JH733718:484305-485037-	JH734483:155505-156236-	38	78	0	163,164,167,191,198,202,275,277,278,295,297,298,300,317,335,345,347,350,534,563,567,587,591	163,164,167,191,198,202,275,277,278,295,297,298,300,317,335,345,347,350,534,562,566,586,590	3	6,7,8,9,10,11,16,17,18,19,20,21,22,23,24,25,26,27,32,33,34,35,36	173	428	731	38|15|1|2|0|0|10|5|2|2|2|1
GA	Allmis	LTR	ERV4	SFV1-13_AMi-LTR	JH732313:638512-639234+	JH738777:1496552-1497300-	28	60	0	148,154,170,173,200,452,515,527,567,584,590,597	164,170,186,189,216,470,540,552,592,609,615,622	2	4,5,6,7,8,15,16,17,18,19,20,21	206	459	735	28|4|1|1|0|5|5|11|2|1|0|2
GA	Allmis	LTR	ERV4	SFV1-13_AMi-LTR	JH732313:638512-639234+	JH737242:1129367-1130125-	29	64	0	148,154,208,209,211,557,560,565,567,597	159,165,219,220,222,592,595,600,602,632	2	5,6,7,8,9,22,23,24,25,26	105	474	740	29|7|0|2|3|4|6|10|0|1|0|2
GA	Allmis	LTR	ERV4	SFV1-13_AMi-LTR	JH732313:638512-639234+	JH732467:745001-745753+	36	69	0	380,382,384,398,410,515,527,535,542,560,565,567,584,629,631	389,391,393,407,419,544,556,564,571,589,594,596,613,658,660	2	13,14,15,16,17,22,23,24,25,26,27,28,29,30,31	148	272	737	36|7|0|0|3|3|6|9|0|0|2|3
GA	Allmis	LTR	ERV4	SFV1-13_AMi-LTR	JH732313:638512-639234+	JH738772:94377-95140-	36	70	0	362,368,382,384,398,565,567,584,624,629,631	379,385,399,401,415,605,607,624,664,669,671	2	17,18,19,20,21,28,29,30,31,32,33	104	293	739	36|8|1|2|3|4|2|9|1|0|1|3
GA	Allmis	LTR	ERV4	SFV1-13_AMi-LTR	JH732313:638512-639234+	JH734215:45816-46564+	37	77	0	563,565,567,579,584,677,679,680,681,687,688,689	588,590,592,604,609,703,705,706,707,713,714,715	2	18,19,20,21,22,28,29,30,31,32,33,34	35	128	735	37|8|0|0|2|5|8|12|0|0|0|5
GA	Allmis	LTR	ERV4	SFV1-13_AMi-LTR	JH732313:638512-639234+	JH734117:638217-638971+	38	82	0	368,376,378,380,382,384,560,565,567,584,629,631	379,387,389,391,393,395,591,596,598,615,660,662	2	12,13,14,15,16,17,26,27,28,29,30,31	89	284	738	38|11|3|0|3|4|6|9|0|1|1|2
GA	Allmis	LTR	ERV4	SFV1-13_AMi-LTR	JH732313:638512-639234+	JH735459:209550-210156+	22	53	0	376,378,380,382,384,565,567,584,629,631	236,238,240,242,244,448,450,467,512,514	2	7,8,9,10,11,18,19,20,21,22	76	279	593	22|6|1|0|1|3|5|11|1|1|0|2
GA	Allmis	LTR	ERV4	SFV1-13_AMi-LTR	JH732313:638512-639234+	JH735597:1032167-1032920+	61	100	0	211,221,233,235,238,378,380,382,384,390,398,557,563,565,567,584,629,631	227,239,251,253,256,398,400,402,404,410,418,588,594,596,598,615,659,661	3	10,11,12,13,14,26,27,28,29,30,31,44,45,46,47,48,49,50	125	435	737	61|9|0|1|3|5|3|12|1|0|0|5
GA	Allmis	LTR	ERV4	SFV1-13_AMi-LTR	JH732314:210765-211491+	JH738606:45170-45925+	33	76	0	216,219,220,221,223,225,564,576,579,586,603,609	211,216,217,218,220,222,577,589,592,599,616,622	2	9,10,11,12,13,14,26,27,28,29,30,31	58	412	740	33|9|0|1|1|4|9|8|2|3|2|4
GA	Allmis	LTR	ERV4	SFV1-13_AMi-LTR	JH732314:210765-211491+	JH734117:638217-638971+	42	91	0	384,388,390,392,393,394,396,564,579,584,586,603	383,387,389,391,392,393,395,576,591,596,598,615	2	18,19,20,21,22,23,24,32,33,34,35,36	53	233	740	42|11|2|1|2|5|8|8|1|2|0|4
GA	Allmis	LTR	ERV4	SFV1-13_AMi-LTR	JH732314:210765-211491+	JH735597:1032167-1032920+	50	93	0	363,365,390,392,393,394,396,402,410,564,576,582,584,586,603	371,373,398,400,401,402,404,410,418,576,588,594,596,598,615	2	27,28,29,30,31,32,33,34,35,44,45,46,47,48,49	88	245	664	50|13|1|2|1|4|4|10|1|1|1|5
GA	Allmis	LTR	ERV4	SFV1-13_AMi-LTR	JH732361:73284-73973+	JH738772:94377-95140-	41	86	0	255,259,293,295,300,371,372,374,381,385	257,261,295,297,302,375,376,378,385,389	2	16,17,18,19,20,22,23,24,25,26	61	133	684	41|11|1|0|5|7|3|9|2|2|2|2
GA	Allmis	LTR	ERV4	SFV1-13_AMi-LTR	JH732377:220123-220893+	JH739617:371028-371790-	33	92	0	291,294,296,301,308,550,562,598,600,602	294,297,299,304,311,554,566,602,604,606	2	9,10,11,12,13,24,25,26,27,28	71	313	766	33|14|1|6|6|7|7|14|1|1|0|2
GA	Allmis	LTR	ERV4	SFV1-13_AMi-LTR	JH732377:220123-220893+	JH737242:1129367-1130125-	34	98	0	162,168,222,223,225,550,562,592,595,600,602,632	159,165,219,220,222,550,562,592,595,600,602,632	2	9,10,11,12,13,26,27,28,29,30,31,32	147	474	764	34|15|2|7|6|8|6|16|1|1|1|1
GA	Allmis	LTR	ERV4	SFV1-13_AMi-LTR	JH732391:381235-382001+	JH733622:687916-688674-	33	71	0	229,230,231,233,235,309,315,316,351,354,359,396,414	220,221,222,224,226,300,306,307,342,345,350,388,406	2	9,10,11,12,13,19,20,21,22,23,24,25,26	114	187	757	33|4|1|1|2|4|11|10|0|1|3|0
GA	Allmis	LTR	ERV4	SFV1-13_AMi-LTR	JH732391:381235-382001+	JH735343:301968-302453+	31	50	0	229,230,231,233,235,358,359,360,362,396,414	215,216,217,219,221,344,345,346,348,378,396	2	10,11,12,13,14,23,24,25,26,27,28	60	182	494	31|3|2|1|1|3|2|5|1|0|1|0
GA	Allmis	LTR	ERV4	SFV1-13_AMi-LTR	JH732397:394236-395002-	JH732589:99526-100293+	21	54	0	102,123,135,161,167,200,222,305,40,75	102,123,135,161,167,200,222,305,40,75	2	1,2,3,4,5,6,7,8,9,10	267	266	766	21|8|0|0|2|2|14|2|0|0|2|2
GA	Allmis	LTR	ERV4	SFV1-13_AMi-LTR	JH732397:394236-395002-	JH737548:38014-38783-	32	79	0	606,608,610,622,627,684,687,720,721,723,724,725,731,733,735	609,611,613,625,630,687,690,723,724,726,727,728,734,736,738	2	15,16,17,18,19,22,23,24,25,26,27,28,29,30,31	74	130	767	32|5|0|1|1|1|9|4|0|1|0|0
GA	Allmis	LTR	ERV4	SFV1-13_AMi-LTR	JH732397:394236-395002-	JH732651:36399-37165+	44	77	0	244,256,297,300,302,303,305,317,604,606,608,610,627	242,254,295,298,300,301,303,315,604,606,608,610,627	2	8,9,10,11,12,13,14,15,35,36,37,38,39	98	386	766	44|10|0|1|1|3|6|6|1|0|2|2
GA	Allmis	LTR	ERV4	SFV1-13_AMi-LTR	JH732397:394236-395002-	JH737242:1129367-1130125-	33	70	0	161,167,200,210,215,219,220,221,222,224,226	159,165,198,210,214,218,219,220,221,223,225	1	5,6,7,8,9,10,11,12,13,14,15	67	67	762	33|8|1|2|2|2|14|7|0|1|0|0
GA	Allmis	LTR	ERV4	SFV1-13_AMi-LTR	JH732397:394236-395002-	JH735343:299021-299775+	50	81	0	604,606,608,610,622,627,684,698,721,723,724,731,733,740	592,594,596,598,610,615,672,686,709,711,712,719,721,728	2	32,33,34,35,36,37,40,41,42,43,44,45,46,47	81	137	760	50|6|3|1|2|5|4|6|0|1|1|2
GA	Allmis	LTR	ERV4	SFV1-13_AMi-LTR	JH732397:394236-395002-	JH734215:45816-46564+	33	67	0	606,608,610,622,627,684,698,703,721,723,724,725,731,733	588,590,592,604,609,666,680,685,703,705,706,707,713,715	2	17,18,19,20,21,23,24,25,26,27,28,29,30,31	72	128	757	33|6|0|1|3|5|11|5|1|0|1|1
GA	Allmis	LTR	ERV4	SFV1-13_AMi-LTR	JH732397:394236-395002-	JH737439:88420-89179-	44	92	0	230,231,232,234,236,357,358,359,361,368,370,391,600,604,606,608,610,627	218,219,220,222,224,347,348,349,351,358,360,381,593,597,599,601,603,620	3	12,13,14,15,16,23,24,25,26,27,28,29,37,38,39,40,41,42	70	403	762	44|10|1|1|4|7|7|11|0|3|2|2
GA	Allmis	LTR	ERV4	SFV1-13_AMi-LTR	JH732397:394236-395002-	JH733622:687916-688674-	61	96	0	118,121,123,127,135,230,231,232,234,236,256,265,269,302,303,305,316,317,358,370,391,399,401,413,604,606,608,610,627	116,119,121,125,135,220,221,222,224,226,246,255,259,292,293,295,306,307,350,362,384,392,394,406,596,598,600,602,619	5	5,6,7,8,9,17,18,19,20,21,23,24,25,26,27,28,29,30,34,35,36,37,38,39,50,51,52,53,54	170	504	762	61|8|0|1|3|3|7|8|0|1|3|0
GA	Allmis	LTR	ERV4	SFV1-13_AMi-LTR	JH732397:394236-395002-	JH733438:131269-131742-	41	60	0	357,358,359,361,368,370,391,399,401,600,604,606,608,610,627,698,703,704,721,723,724,725	107,109,307,311,313,315,317,334,405,410,411,428,430,431,432,65,66,67,69,76,78,99	3	5,6,7,8,9,10,11,12,13,22,23,24,25,26,27,30,31,32,33,34,35,36	101	368	472	41|6|0|1|2|0|5|2|0|0|1|1
GA	Allmis	LTR	ERV4	SFV1-13_AMi-LTR	JH732397:417969-418722-	JH735343:299021-299775+	42	77	0	593,595,597,611,616,685,708,710,711,718,720,727,743,744,745	592,594,596,610,615,686,709,711,712,719,721,728,744,745,746	3	24,25,26,27,28,33,34,35,36,37,38,39,40,41,42	86	155	753	42|8|4|0|2|1|6|5|0|1|5|2
GA	Allmis	LTR	ERV4	SFV1-13_AMi-LTR	JH732397:417969-418722-	JH733622:687916-688674-	45	74	0	116,119,121,125,217,218,219,221,231,337,342,347,384,388,390,392,402,98	116,119,121,125,220,221,222,224,234,340,345,350,388,392,394,396,406,98	3	3,4,5,6,7,9,10,11,12,13,20,21,22,23,24,25,26,27	110	309	744	45|8|2|0|2|1|4|5|0|0|5|0
GA	Allmis	LTR	ERV4	SFV1-13_AMi-LTR	JH732397:417969-418722-	JH737439:88420-89179-	31	72	0	217,218,219,221,256,257,337,346,347,348,350,357,384,589,593,595,597,616	218,219,220,222,257,258,338,347,348,349,351,358,385,593,597,599,601,620	3	5,6,7,8,9,10,11,12,13,14,15,16,17,25,26,27,28,29	197	403	751	31|12|2|0|1|5|4|9|0|1|5|1
GA	Allmis	LTR	ERV4	SFV1-13_AMi-LTR	JH732397:417969-418722-	JH735597:1032167-1032920+	42	70	0	221,231,248,256,257,446,449,459,464,472	227,237,256,264,265,454,457,467,472,480	2	4,5,6,7,8,18,19,20,21,22	66	254	753	42|8|2|1|3|0|6|4|1|0|1|1
GA	Allmis	LTR	ERV4	SFV1-13_AMi-LTR	JH732401:7934-8702+	JH734215:45816-46564+	29	65	0	608,610,612,624,629,723,725,726,727,733,734,735	588,590,592,604,609,703,705,706,707,713,714,715	2	14,15,16,17,18,23,24,25,26,27,28,29	35	128	747	29|2|0|3|1|6|14|4|1|0|1|4
GA	Allmis	LTR	ERV4	SFV1-13_AMi-LTR	JH732401:7934-8702+	JH735343:299021-299775+	48	82	0	379,381,383,385,393,401,606,608,610,612,624,629,723,725,726,733,734,735	388,390,392,394,402,410,592,594,596,598,610,615,709,711,712,719,720,721	3	18,19,20,21,22,23,32,33,34,35,36,37,42,43,44,45,46,47	60	334	750	48|4|1|1|2|3|4|8|0|2|5|4
GA	Allmis	LTR	ERV4	SFV1-13_AMi-LTR	JH732401:7934-8702+	JH733622:687916-688674-	61	92	0	106,109,111,115,123,125,18,280,281,283,294,295,350,360,371,375,379,381,383,385,393,40,401,606,608,610,612,629,68,739,742,758,759,760,86,90	102,116,119,121,125,135,137,18,292,293,295,306,307,362,373,384,388,392,394,396,398,40,406,414,596,598,600,602,619,68,729,732,748,749,750,98	6	1,2,3,4,5,6,7,8,9,10,11,23,24,25,26,27,32,33,34,35,36,37,38,39,40,41,49,50,51,52,53,57,58,59,60,61	236	733	763	61|4|0|1|1|2|7|8|0|2|3|2
GA	Allmis	LTR	ERV4	SFV1-13_AMi-LTR	JH732401:7934-8702+	JH735597:1032167-1032920+	54	86	0	123,125,136,138,18,220,222,234,238,239,247,341,360,371,381,383,385,393,401,68,86,90	102,138,140,151,153,18,235,237,251,255,256,264,358,377,388,398,400,402,410,418,68,98	3	1,2,3,4,5,6,7,8,11,12,13,14,15,16,23,24,25,26,27,28,29,30	227	401	755	54|4|0|2|2|4|9|6|1|0|1|3
GA	Allmis	LTR	ERV4	SFV1-13_AMi-LTR	JH732401:10589-11348+	JH734215:45816-46564+	32	73	0	599,601,603,615,620,714,717,718,724,725,726	588,590,592,604,609,703,706,707,713,714,715	2	15,16,17,18,19,24,25,26,27,28,29	35	128	753	32|3|1|3|2|2|12|11|0|0|0|5
GA	Allmis	LTR	ERV4	SFV1-13_AMi-LTR	JH732401:10589-11348+	JH735343:299021-299775+	48	88	0	597,599,601,603,615,620,714,717,724,725,726,733	592,594,596,598,610,615,709,712,719,720,721,728	2	32,33,34,35,36,37,43,44,45,46,47,48	44	137	745	48|6|2|2|0|3|4|12|0|1|3|5
GA	Allmis	LTR	ERV4	SFV1-13_AMi-LTR	JH732401:10589-11348+	JH737439:88420-89179-	43	91	0	350,351,352,354,361,597,599,601,603,620	347,348,349,351,358,597,599,601,603,620	2	21,22,23,24,25,37,38,39,40,41	36	274	759	43|11|1|1|0|5|5|16|0|2|2|3
GA	Allmis	LTR	ERV4	SFV1-13_AMi-LTR	JH732401:10589-11348+	JH733622:687916-688674-	57	96	0	120,123,125,129,137,183,188,209,222,233,235,293,294,296,307,308,373,384,388,392,396,398,406,597,599,601,603,620	116,119,121,125,135,181,186,207,221,232,234,292,293,295,306,307,373,384,388,392,396,398,406,596,598,600,602,619	5	7,8,9,10,11,13,14,15,16,17,18,23,24,25,26,27,32,33,34,35,36,37,38,48,49,50,51,52	148	504	747	57|6|1|2|1|1|5|13|0|1|3|3
GA	Allmis	LTR	ERV4	SFV1-13_AMi-LTR	JH732401:10589-11348+	JH735597:1032167-1032920+	55	94	0	233,235,247,249,252,288,293,294,296,307,373,384,396,398,406,450,453,463,468,476,539,571,599,601,603,620	235,237,251,253,256,292,297,298,300,311,377,388,400,402,410,454,457,467,472,480,534,566,594,596,598,615	5	10,11,12,13,14,16,17,18,19,20,23,24,25,26,27,30,31,32,33,34,39,40,41,42,43,44	185	381	756	55|6|1|3|2|2|7|11|1|0|0|4
GA	Allmis	LTR	ERV4	SFV1-13_AMi-LTR	JH732401:10589-11348+	JH732651:36399-37165+	47	101	0	288,291,293,294,296,308,384,388,392,396,398,597,599,601,603,620	295,298,300,301,303,315,391,395,399,403,405,604,606,608,610,627	3	9,10,11,12,13,14,19,20,21,22,23,35,36,37,38,39	60	333	762	47|13|1|2|0|2|8|15|1|0|2|7
GA	Allmis	LTR	ERV4	SFV1-13_AMi-LTR	JH732436:274794-275545-	JH735488:355599-356357+	20	52	0	356,358,368,389,409,413,543,558,596,598,612	360,362,372,393,413,417,547,562,600,602,619	2	8,9,10,11,12,13,15,16,17,18,19	131	260	754	20|6|1|0|3|3|5|3|0|1|0|0
GA	Allmis	LTR	ERV4	SFV1-13_AMi-LTR	JH732436:274794-275545-	JH733809:264312-265068+	32	55	0	358,368,383,391,393,546,558,591,596,598	361,372,387,395,397,549,561,594,599,601	2	15,16,17,18,19,23,24,25,26,27	90	241	753	32|5|0|1|2|3|5|3|0|0|2|1
GA	Allmis	LTR	ERV4	SFV1-13_AMi-LTR	JH732436:274794-275545-	JH733596:78776-79535+	28	59	0	208,211,219,221,256,546,558,596,598,612	212,215,223,225,260,551,563,601,603,620	2	10,11,12,13,14,20,21,22,23,24	119	409	755	28|9|1|0|4|4|7|3|0|0|1|1
GA	Allmis	LTR	ERV4	SFV1-13_AMi-LTR	JH732436:274794-275545-	JH733397:3506-4273-	29	52	0	102,121,133,368,387,389,393,40,430,68,98	102,122,134,379,398,40,400,404,441,68,98	2	1,2,3,4,5,6,17,18,19,20,21	158	402	759	29|8|1|0|2|2|5|2|0|1|0|1
GA	Allmis	LTR	ERV4	SFV1-13_AMi-LTR	JH732436:274794-275545-	JH737633:134518-135276+	34	60	0	102,133,158,160,164,183,208,211,221,543,558,588,591,596,598,612,68,98	103,133,158,160,164,183,209,212,222,547,562,592,595,600,602,619,68,99	3	2,3,4,5,6,7,8,9,10,11,12,24,25,26,27,28,29,30	229	552	754	34|13|0|0|1|2|5|2|1|0|0|1
GA	Allmis	LTR	ERV4	SFV1-13_AMi-LTR	JH732436:274794-275545-	JH734488:249461-250226+	26	57	0	503,513,543,546,558,704,710,717,728,732	514,524,554,557,569,718,724,731,742,746	2	12,13,14,15,16,22,23,24,25,26	85	233	758	26|10|0|0|2|2|8|2|1|1|1|3
GA	Allmis	LTR	ERV4	SFV1-13_AMi-LTR	JH732436:274794-275545-	JH734117:638217-638971+	42	72	0	379,383,387,389,391,393,503,513,516,534,546,558,591,596,598,612	379,383,387,389,391,393,503,513,516,534,546,558,591,596,598,615	2	13,14,15,16,17,18,25,26,27,28,29,30,31,32,33,34	128	237	752	42|10|2|0|2|3|6|1|0|0|0|0
GA	Allmis	LTR	ERV4	SFV1-13_AMi-LTR	JH732436:274794-275545-	JH732970:1100569-1101249+	28	50	0	208,211,217,218,219,221,243,245,337,339,368,379,409,413,430	133,136,142,143,144,146,168,170,262,264,294,305,335,339,356	2	4,5,6,7,8,9,10,11,12,13,14,15,16,17,18	225	224	678	28|6|1|0|3|2|5|3|1|0|0|0
GA	Allmis	LTR	ERV4	SFV1-13_AMi-LTR	JH732436:274794-275545-	JH738772:94377-95140-	43	70	0	102,108,121,18,358,368,379,383,393,40,409,413,68,74	102,108,123,18,364,374,385,389,399,40,415,419,68,74	2	1,2,3,4,5,6,7,21,22,23,24,25,26,27	162	402	754	43|8|1|1|3|4|6|1|1|0|1|0
GA	Allmis	LTR	ERV4	SFV1-13_AMi-LTR	JH732436:274794-275545-	JH736990:99315-100082-	38	66	0	102,18,358,368,379,383,391,393,40,409,413,503,513,534,543,546,558,598,612,68,98	102,18,372,382,393,397,40,405,407,423,427,517,527,547,556,559,571,611,628,68,98	3	1,2,3,4,5,17,18,19,20,21,22,23,24,27,28,29,30,31,32,33,34	253	611	759	38|8|0|0|2|3|7|2|2|0|1|2
GA	Allmis	LTR	ERV4	SFV1-13_AMi-LTR	JH732436:274794-275545-	JH734215:45816-46564+	39	58	0	594,596,598,607,612,683,706,708,709,710,716,717,718,741,742,743	588,590,592,604,609,680,703,705,706,707,713,714,715,738,739,740	2	22,23,24,25,26,29,30,31,32,33,34,35,36,37,38,39	83	153	749	39|6|0|0|2|2|6|2|0|0|0|0
GA	Allmis	LTR	ERV4	SFV1-13_AMi-LTR	JH732436:274794-275545-	JH735343:299021-299775+	56	83	0	102,121,18,387,389,391,393,40,401,409,503,534,543,546,558,592,594,596,598,607,612,68,706,708,709,716,717,718,725	102,121,18,388,390,392,394,40,402,410,503,534,543,546,558,592,594,596,598,610,615,68,709,711,712,719,720,721,728	4	1,2,3,4,5,23,24,25,26,27,28,34,35,36,37,38,39,40,41,42,43,44,50,51,52,53,54,55,56	260	711	741	56|5|3|2|3|3|5|2|0|1|2|0
GA	Allmis	LTR	ERV4	SFV1-13_AMi-LTR	JH732436:274794-275545-	JH734091:183738-184507+	41	73	0	368,379,383,387,389,391,393,409,413,503,513,534,546,558,566	384,395,399,403,405,407,409,425,429,519,529,550,562,574,582	2	18,19,20,21,22,23,24,25,26,31,32,33,34,35,36	110	199	760	41|6|2|0|3|6|7|2|2|0|2|1
GA	Allmis	LTR	ERV4	SFV1-13_AMi-LTR	JH732436:274794-275545-	JH737439:88420-89179-	52	87	0	217,218,219,221,243,245,256,337,339,347,349,356,358,368,379,383,588,592,594,596,598,612	218,219,220,222,244,246,257,338,340,349,351,358,360,370,381,385,593,597,599,601,603,620	3	14,15,16,17,18,19,20,24,25,26,27,28,29,30,31,32,45,46,47,48,49,50	116	403	755	52|12|0|0|1|7|5|4|0|2|3|0
GA	Allmis	LTR	ERV4	SFV1-13_AMi-LTR	JH732436:274794-275545-	JH732651:36399-37165+	52	85	0	284,287,289,290,292,297,379,383,387,389,391,393,409,413,592,594,596,598,612	295,298,300,301,303,308,391,395,399,401,403,405,421,425,604,606,608,610,627	3	11,12,13,14,15,16,22,23,24,25,26,27,28,29,42,43,44,45,46	73	333	758	52|13|0|1|1|3|6|4|1|0|1|1
GA	Allmis	LTR	ERV4	SFV1-13_AMi-LTR	JH732436:274794-275545-	JH733622:687916-688674-	67	92	0	102,116,119,121,125,133,178,183,204,208,211,217,218,219,221,231,337,339,342,358,368,379,383,387,389,391,393,401,409,417,448,463,503,513,520,592,594,596,598,612,98	102,116,119,121,125,135,181,186,207,211,214,220,221,222,224,234,340,342,345,362,373,384,388,392,394,396,398,406,414,422,453,468,507,517,524,596,598,600,602,619,98	6	5,6,7,8,9,10,11,16,17,18,19,20,21,22,23,24,25,36,37,38,39,40,41,42,43,44,45,46,47,48,49,50,51,52,53,54,58,59,60,61,62	303	522	743	67|7|0|0|2|3|4|3|0|1|3|0
GA	Allmis	LTR	ERV4	SFV1-13_AMi-LTR	JH732436:274794-275545-	JH735597:1032167-1032920+	63	85	0	164,183,208,211,221,231,243,245,248,256,284,289,290,292,297,349,368,379,389,391,393,401,409,435,445,448,458,463,471,496,513,516,520,546,558,566,588,594,596,598,612	170,189,214,217,227,237,251,253,256,264,292,297,298,300,305,358,377,388,398,400,402,410,418,444,454,457,467,472,480,504,520,523,527,546,558,566,588,594,596,598,615	5	10,11,12,13,14,15,16,17,18,19,20,21,22,23,24,27,28,29,30,31,32,33,34,35,36,37,38,39,40,41,42,43,44,45,46,47,48,49,50,51,52	397	446	752	63|6|0|2|4|2|4|2|1|0|0|0
GA	Allmis	LTR	ERV4	SFV1-13_AMi-LTR	JH732455:8575-9268-	JH737242:1129367-1130125-	38	100	0	218,219,220,221,223,226,565,577,580,585,587	217,218,219,220,222,226,580,592,595,600,602	2	11,12,13,14,15,16,30,31,32,33,34	33	386	693	38|18|1|2|4|5|10|12|1|1|2|5
GA	Allmis	LTR	ERV4	SFV1-13_AMi-LTR	JH732455:8575-9268-	JH734117:638217-638971+	41	111	0	339,341,344,347,348,349,565,580,585,587,604	336,338,341,345,346,347,576,591,596,598,615	2	14,15,16,17,18,19,34,35,36,37,38	52	280	691	41|15|2|1|9|5|11|10|0|2|4|5
GA	Allmis	LTR	ERV4	SFV1-13_AMi-LTR	JH732467:745001-745753+	JH735343:299021-299775+	30	60	0	253,287,289,294,322,666,707,709,710,719,726	256,290,292,297,325,668,709,711,712,721,728	2	5,6,7,8,9,25,26,27,28,29,30	131	473	742	30|4|0|0|1|2|9|8|1|0|4|1
GA	Allmis	LTR	ERV4	SFV1-13_AMi-LTR	JH732467:745001-745753+	JH733622:687916-688674-	37	68	0	249,253,286,287,289,294,300,301,334,336,339,344,356,381	255,259,292,293,295,300,306,307,340,342,345,350,362,388	1	11,12,13,14,15,16,17,18,19,20,21,22,23,24	134	134	744	37|5|0|0|1|1|10|9|0|2|2|0
GA	Allmis	LTR	ERV4	SFV1-13_AMi-LTR	JH732484:242676-242931+	JH737364:67877-68602-	18	23	0	116,122,129,50,62,70,92,95,97,99	520,532,540,562,565,567,569,586,592,599	1	3,4,5,6,7,8,9,10,11,12	80	80	249	18|3|0|0|1|0|0|1|0|0|0|0
GA	Allmis	LTR	ERV4	SFV1-13_AMi-LTR	JH732526:695848-696605+	JH733596:78776-79535+	25	58	0	208,210,219,221,229,549,561,599,601,618	212,214,223,225,233,551,563,601,603,620	2	9,10,11,12,13,18,19,20,21,22	92	409	758	25|7|0|0|1|2|11|10|0|0|1|1
GA	Allmis	LTR	ERV4	SFV1-13_AMi-LTR	JH732526:695848-696605+	JH738772:94377-95140-	38	64	0	102,108,361,383,397,413,417,55,68,74	102,108,364,385,399,415,419,54,68,74	2	3,4,5,6,7,21,22,23,24,25	111	366	756	38|6|0|1|1|1|7|9|0|0|1|0
GA	Allmis	LTR	ERV4	SFV1-13_AMi-LTR	JH732526:695848-696605+	JH737242:1129367-1130125-	30	67	0	208,217,218,219,221,549,561,591,594,599,601	209,218,219,220,222,550,562,592,595,600,602	2	7,8,9,10,11,22,23,24,25,26,27	67	394	757	30|5|0|3|2|2|12|9|1|0|2|1
GA	Allmis	LTR	ERV4	SFV1-13_AMi-LTR	JH732526:695848-696605+	JH737633:134518-135276+	32	72	0	102,39,41,546,55,561,591,594,599,601,618,68,98	103,38,40,547,55,562,592,595,600,602,619,68,99	2	1,2,3,4,5,6,24,25,26,27,28,29,30	139	582	757	32|11|0|0|2|1|10|9|0|0|4|3
GA	Allmis	LTR	ERV4	SFV1-13_AMi-LTR	JH732526:695848-696605+	JH734117:638217-638971+	38	71	0	341,344,348,349,350,383,391,393,395,397,549,561,594,599,601,618	338,341,345,346,347,379,387,389,391,393,546,558,591,596,598,615	3	9,10,11,12,13,14,15,16,17,18,26,27,28,29,30,31	127	278	755	38|7|1|0|1|2|8|6|0|0|2|1
GA	Allmis	LTR	ERV4	SFV1-13_AMi-LTR	JH732526:695848-696605+	JH734215:45816-46564+	33	64	0	183,208,210,221,229,231,597,599,601,613,618,712,714,715,716,722,723,724	183,208,210,221,229,231,588,590,592,604,609,703,705,706,707,713,714,715	3	6,7,8,9,10,11,18,19,20,21,22,27,28,29,30,31,32,33	84	533	741	33|4|0|1|1|2|10|8|1|0|2|2
GA	Allmis	LTR	ERV4	SFV1-13_AMi-LTR	JH732526:695848-696605+	JH736990:99315-100082-	32	71	0	361,383,395,397,413,417,546,549,561,601,618	372,393,405,407,423,427,556,559,571,611,628	2	15,16,17,18,19,20,24,25,26,27,28	129	257	762	32|8|0|1|0|2|9|10|3|0|2|4
GA	Allmis	LTR	ERV4	SFV1-13_AMi-LTR	JH732526:695848-696605+	JH735343:299021-299775+	53	87	0	391,393,395,397,405,413,546,549,561,595,597,599,601,613,618,712,714,715,722,723,724	388,390,392,394,402,410,543,546,558,592,594,596,598,610,615,709,711,712,719,720,721	3	19,20,21,22,23,24,31,32,33,34,35,36,37,38,39,44,45,46,47,48,49	109	334	755	53|4|3|2|1|2|6|9|1|1|4|1
GA	Allmis	LTR	ERV4	SFV1-13_AMi-LTR	JH732526:695848-696605+	JH735597:1032167-1032920+	57	87	0	183,208,210,221,229,231,233,245,286,291,292,299,305,393,395,397,405,413,449,452,549,561,569,591,597,599,601,618	189,214,216,227,235,237,239,251,292,297,298,305,311,398,400,402,410,418,454,457,546,558,566,588,594,596,598,615	4	10,11,12,13,14,15,16,17,21,22,23,24,25,29,30,31,32,33,34,35,40,41,42,43,44,45,46,47	213	427	755	57|5|0|1|3|1|6|9|1|0|1|3
GA	Allmis	LTR	ERV4	SFV1-13_AMi-LTR	JH732526:695848-696605+	JH733622:687916-688674-	61	96	0	178,183,204,208,210,217,218,219,221,229,291,292,299,305,306,341,344,349,361,371,383,391,393,395,397,405,413,421,595,597,599,601,618	181,186,207,211,213,220,221,222,224,232,292,293,300,306,307,342,345,350,362,372,384,392,394,396,398,406,414,422,596,598,600,602,619	5	14,15,16,17,18,19,20,21,22,23,28,29,30,31,32,33,34,35,36,37,38,39,40,41,42,43,44,45,53,54,55,56,57	209	439	746	61|6|0|0|2|2|6|11|0|1|5|1
GA	Allmis	LTR	ERV4	SFV1-13_AMi-LTR	JH732526:695848-696605+	JH732651:36399-37165+	48	92	0	286,289,291,292,299,306,383,391,393,395,397,413,417,595,597,599,601,618	295,298,300,301,308,315,391,399,401,403,405,421,425,604,606,608,610,627	3	10,11,12,13,14,15,20,21,22,23,24,25,26,37,38,39,40,41	80	333	761	48|11|1|1|0|2|10|10|3|0|3|2
GA	Allmis	LTR	ERV4	SFV1-13_AMi-LTR	JH732526:695848-696605+	JH737439:88420-89179-	48	94	0	217,218,219,221,229,245,341,348,349,350,352,591,595,597,599,601,618	218,219,220,222,230,244,340,347,348,349,351,593,597,599,601,603,620	3	13,14,15,16,17,18,23,24,25,26,27,41,42,43,44,45,46	67	403	753	48|9|0|0|1|6|7|12|1|2|6|2
GA	Allmis	LTR	ERV4	SFV1-13_AMi-LTR	JH732528:230906-231664+	JH734117:638217-638971+	41	64	0	340,342,345,349,350,351,372,383,387,391,393,395,397,500,507,517,520,538,550,562,595	336,338,341,345,346,347,368,379,383,387,389,391,393,496,503,513,516,534,546,558,591	3	7,8,9,10,11,12,13,14,15,16,17,18,19,23,24,25,26,27,28,29,30	155	256	756	41|5|1|0|0|2|3|4|0|0|0|1
GA	Allmis	LTR	ERV4	SFV1-13_AMi-LTR	JH732528:230906-231664+	JH734488:249461-250226+	22	55	0	507,517,547,550,562,632,659,666,695,711,717,724	514,524,554,557,569,639,666,673,702,718,724,731	2	7,8,9,10,11,14,15,16,17,18,19,20	149	218	761	22|8|0|0|1|2|4|8|1|1|1|5
GA	Allmis	LTR	ERV4	SFV1-13_AMi-LTR	JH732528:230906-231664+	JH736990:99315-100082-	32	57	0	383,387,395,397,413,507,517,538,547,550,562	393,397,405,407,423,517,527,547,556,559,571	2	14,15,16,17,18,20,21,22,23,24,25	86	179	762	32|6|0|0|0|2|1|8|2|0|1|3
GA	Allmis	LTR	ERV4	SFV1-13_AMi-LTR	JH732528:230906-231664+	JH735343:299021-299775+	53	81	0	222,224,246,248,259,293,300,328,391,393,395,397,405,413,507,538,547,550,562,596,672,676,690,713,715,716,723,724,725	219,221,243,245,256,290,297,325,388,390,392,394,402,410,503,534,543,546,558,592,668,672,686,709,711,712,719,720,721	4	9,10,11,12,13,14,15,16,20,21,22,23,24,25,32,33,34,35,36,37,44,45,46,47,48,49,50,51,52	274	503	745	53|4|2|0|1|2|1|9|1|1|3|2
GA	Allmis	LTR	ERV4	SFV1-13_AMi-LTR	JH732528:230906-231664+	JH734091:183738-184507+	35	69	0	383,387,391,393,395,397,413,507,517,538,550,562,570	395,399,403,405,407,409,425,519,529,550,562,574,582	2	13,14,15,16,17,18,19,23,24,25,26,27,28	95	188	763	35|6|1|0|1|5|4|10|2|0|1|2
GA	Allmis	LTR	ERV4	SFV1-13_AMi-LTR	JH732528:230906-231664+	JH737439:88420-89179-	47	82	0	220,221,222,224,246,248,259,293,300,340,342,349,350,351,353,360,372	218,219,220,222,244,246,257,291,298,338,340,347,348,349,351,358,370	2	12,13,14,15,16,17,18,19,20,21,22,23,24,25,26,27,28	154	153	758	47|6|0|1|1|5|1|10|1|2|5|1
GA	Allmis	LTR	ERV4	SFV1-13_AMi-LTR	JH732528:230906-231664+	JH733622:687916-688674-	61	87	0	220,221,222,224,234,246,248,255,259,292,293,300,306,307,340,342,345,350,372,383,387,391,393,395,397,405,413	220,221,222,224,234,246,248,255,259,292,293,300,306,307,340,342,345,350,373,384,388,392,394,396,398,406,414	4	17,18,19,20,21,22,23,24,25,26,27,28,29,30,31,32,33,34,35,36,37,38,39,40,41,42,43	198	195	747	61|3|0|0|2|2|2|9|0|1|3|1
GA	Allmis	LTR	ERV4	SFV1-13_AMi-LTR	JH732528:230906-231664+	JH732651:36399-37165+	49	85	0	234,246,248,287,290,292,293,300,307,383,387,391,393,395,397,413	242,254,256,295,298,300,301,308,315,391,395,399,401,403,405,421	2	6,7,8,9,10,11,12,13,14,19,20,21,22,23,24,25	105	180	762	49|10|0|0|0|2|4|11|2|0|1|3
GA	Allmis	LTR	ERV4	SFV1-13_AMi-LTR	JH732528:230906-231664+	JH735597:1032167-1032920+	59	84	0	148,150,167,186,211,224,234,246,248,251,259,287,292,293,300,306,383,393,395,397,405,413,439,449,452,462,467,475,517,520,524,550,562,570,592	151,153,170,189,214,227,237,251,253,256,264,292,297,298,305,311,388,398,400,402,410,418,444,454,457,467,472,480,520,523,527,546,558,566,588	4	6,7,8,9,10,11,12,13,14,15,16,17,18,19,20,21,25,26,27,28,29,30,31,32,33,34,35,36,39,40,41,42,43,44,45	324	438	755	59|5|0|1|3|1|3|8|0|1|0|1
GA	Allmis	LTR	ERV4	SFV1-13_AMi-LTR	JH732533:175831-176206+	JH738772:94377-95140-	20	27	0	103,109,18,239,247,249,256,294,296,301,40,75	102,108,18,240,248,250,257,295,297,302,40,74	2	1,2,3,4,5,13,14,15,16,17,18,19	154	285	372	20|2|0|1|0|0|1|1|0|0|1|1
GA	Allmis	LTR	ERV4	SFV1-13_AMi-LTR	JH732533:175831-176206+	JH735597:1032167-1032920+	26	35	0	134,147,149,160,166,185,210,223,231,233,235,247,249,252,288,293,294,296,301,307	138,151,153,164,170,189,214,227,235,237,239,251,253,256,292,297,298,300,305,311	3	4,5,6,7,8,9,10,11,12,13,14,16,17,18,19,20,21,22,23,24	164	174	374	26|3|0|1|0|0|1|1|0|0|2|1
GA	Allmis	LTR	ERV4	LT-47_AMi-I	JH733718:378880-379918-	JH735394:57888-58569-	21	40	0	1007,1009,1011,1013,1016,837,852,869,872,907,908,999	242,257,274,277,312,313,403,411,413,415,417,420	2	9,10,11,12,13,14,16,17,18,19,20,21	90	179	442	21|7|0|2|0|0|5|3|0|0|2|0
GA	Allmis	LTR	ERV4	SFV1-5_AMi-I	JH731726:65885-66494-	JH737933:223689-229201-	32	58	0	108,124,133,184,191,364,369,372,373,382	5016,5032,5041,5092,5099,5271,5276,5279,5280,5289	2	5,6,7,8,9,20,21,22,23,24	103	274	606	32|9|0|1|1|0|7|4|1|3|0|0
GA	Allmis	LTR	ERV4	LT-47_AMi-I	JH733723:210397-211082+	JH735394:57888-58569-	34	57	0	225,260,277,280,284,315,316,363,408,416,418,420,422,425	222,257,274,277,281,312,313,358,403,411,413,415,417,420	2	14,15,16,17,18,19,20,21,22,23,24,25,26,27	200	199	681	34|7|1|0|1|2|3|6|0|1|1|0
GA	Allmis	LTR	ERV4	SFV1-13_AMi-LTR	JH732582:146-879+	JH734117:638217-638971+	30	76	0	363,367,369,371,373,686,699,700,724,730	383,387,389,391,393,707,720,721,745,751	2	15,16,17,18,19,26,27,28,29,30	56	369	731	30|7|2|0|1|2|17|7|0|0|2|1
GA	Allmis	LTR	ERV4	SFV1-13_AMi-LTR	JH732582:146-879+	JH734215:45816-46564+	23	65	0	185,187,198,206,208,688,690,691,692,699,700	208,210,221,229,231,703,705,706,707,714,715	2	3,4,5,6,7,15,16,17,18,19,20	37	508	728	23|4|1|0|0|2|17|9|2|0|2|3
GA	Allmis	LTR	ERV4	SFV1-13_AMi-LTR	JH732582:146-879+	JH735343:299021-299775+	34	78	0	367,369,371,373,381,688,690,691,699,700	388,390,392,394,402,709,711,712,720,721	2	13,14,15,16,17,29,30,31,32,33	28	334	720	34|4|4|0|2|3|10|10|1|1|4|3
GA	Allmis	LTR	ERV4	SFV1-13_AMi-LTR	JH732582:146-879+	JH733622:687916-688674-	41	81	0	194,195,196,198,206,222,224,235,236,268,283,363,367,369,371,373,381	220,221,222,224,232,246,248,259,260,292,307,388,392,394,396,398,406	3	11,12,13,14,15,16,17,18,19,20,21,27,28,29,30,31,32	108	187	722	41|4|1|0|3|3|8|11|0|1|4|2
GA	Allmis	LTR	ERV4	SFV1-13_AMi-LTR	JH732582:146-879+	JH735597:1032167-1032920+	40	80	0	185,187,198,206,208,415,425,438,443,451	214,216,227,235,237,444,454,467,472,480	2	5,6,7,8,9,24,25,26,27,28	61	267	731	40|5|1|1|3|2|9|10|1|0|1|5
GA	Allmis	LTR	ERV4	SFV1-13_AMi-LTR	JH732582:146-879+	JH737439:88420-89179-	31	86	0	194,195,196,198,206,325,326,327,329,336,350	218,219,220,222,230,347,348,349,351,358,372	2	7,8,9,10,11,18,19,20,21,22,23	39	155	734	31|9|1|0|2|6|12|12|1|2|6|2
GA	Allmis	LTR	ERV4	SFV1-13_AMi-LTR	JH732589:99526-100293+	JH732651:36399-37165+	40	76	0	244,256,297,300,302,303,310,317,393,397,401,403,405,407,423,427	242,254,295,298,300,301,308,315,391,395,399,401,403,405,421,425	2	3,4,5,6,7,8,9,10,15,16,17,18,19,20,21,22	109	184	766	40|9|0|1|1|2|8|9|1|0|2|1
GA	Allmis	LTR	ERV4	SFV1-13_AMi-LTR	JH732589:99526-100293+	JH738772:94377-95140-	30	65	0	256,265,269,303,310,393,397,407,423,427	248,257,261,295,302,385,389,399,415,419	2	6,7,8,9,10,13,14,15,16,17	90	172	762	30|3|1|2|4|4|10|7|1|0|1|1
GA	Allmis	LTR	ERV4	SFV1-13_AMi-LTR	JH732589:99526-100293+	JH737548:38014-38783-	32	85	0	607,609,611,623,666,721,722,724,725,726,732,733,734,736	609,611,613,625,668,723,724,726,727,728,734,735,736,738	2	15,16,17,18,19,23,24,25,26,27,28,29,30,31	76	130	768	32|3|0|1|1|2|10|8|0|1|0|1
GA	Allmis	LTR	ERV4	SFV1-13_AMi-LTR	JH732589:99526-100293+	JH735343:299021-299775+	41	71	0	401,403,405,407,415,423,547,556,605,607,609,611,623,722,724,725,732,733,734	388,390,392,394,402,410,534,543,592,594,596,598,610,709,711,712,719,720,721	3	14,15,16,17,18,19,25,26,27,28,29,30,31,36,37,38,39,40,41	113	334	749	41|4|3|2|1|3|5|10|0|1|0|0
GA	Allmis	LTR	ERV4	SFV1-13_AMi-LTR	JH732589:99526-100293+	JH733622:687916-688674-	48	80	0	230,231,232,234,236,256,265,269,302,303,310,316,317,350,352,355,360,376,393,397,401,403,405,407,415,423,431	220,221,222,224,226,246,255,259,292,293,300,306,307,340,342,345,350,366,384,388,392,394,396,398,406,414,422	4	10,11,12,13,14,16,17,18,19,20,21,22,23,24,25,26,27,28,29,30,31,32,33,34,35,36,37	186	203	751	48|5|0|1|3|3|3|11|0|1|3|0
GA	Allmis	LTR	ERV4	SFV1-13_AMi-LTR	JH732589:99526-100293+	JH735597:1032167-1032920+	50	80	0	244,256,261,269,297,302,303,310,316,393,403,405,407,415,423,449,459,462,472,477,529,579,601,607,609,611	239,251,256,264,292,297,298,305,311,388,398,400,402,410,418,444,454,457,467,472,523,566,588,594,596,598	4	9,10,11,12,13,14,15,16,17,21,22,23,24,25,26,27,28,29,30,31,34,35,36,37,38,39	235	360	760	50|4|0|3|3|3|7|7|2|0|0|0
GA	Allmis	LTR	ERV4	SFV1-13_AMi-LTR	JH732589:99526-100293+	JH737439:88420-89179-	39	91	0	230,231,232,234,236,350,352,359,360,361,363,370,376,601,605,607,609,611	218,219,220,222,224,338,340,347,348,349,351,358,364,593,597,599,601,603	3	6,7,8,9,10,15,16,17,18,19,20,21,22,33,34,35,36,37	45	386	763	39|7|1|1|5|7|9|12|0|3|4|2
GA	Allmis	LTR	ERV4	SFV1-13_AMi-LTR	JH732628:1845896-1846150-	JH734488:249461-250226+	16	23	0	13,207,213,220,231,235,3,43,46,58	514,524,554,557,569,718,724,731,742,746	2	1,2,3,4,5,12,13,14,15,16	85	233	254	16|1|0|0|0|0|2|3|0|0|0|1
GA	Allmis	LTR	ERV4	SFV1-13_AMi-LTR	JH732643:220311-220669+	JH738772:94377-95140-	23	35	0	102,108,121,135,165,188,198,208,213,224,68,74	102,108,123,137,167,190,200,212,216,226,68,74	2	3,4,5,6,7,8,10,11,12,13,14,15	130	159	360	23|1|0|2|5|1|0|3|0|0|0|0
GA	Allmis	LTR	ERV4	SFV1-13_AMi-LTR	JH732651:36399-37165+	JH735343:301968-302453+	27	53	0	108,116,119,121,125,146,148,18,29,68	105,113,116,118,122,144,146,18,29,68	2	1,2,3,4,5,6,7,8,9,10	130	129	494	27|5|2|0|2|1|8|6|0|1|1|0
GA	Allmis	LTR	ERV4	SFV1-13_AMi-LTR	JH732651:58392-59129+	JH738772:94377-95140-	40	80	0	248,250,257,261,295,297,368,375,376,378,385,389,595,597,614,654,661	248,250,257,261,295,297,368,374,375,377,385,389,605,607,624,664,671	3	13,14,15,16,17,18,20,21,22,23,24,25,34,35,36,37,38	139	424	747	40|5|5|5|3|3|6|9|1|0|1|2
GA	Allmis	LTR	ERV4	SFV1-13_AMi-LTR	JH732651:58392-59129+	JH737242:1129367-1130125-	34	81	0	213,222,223,224,226,587,590,595,597,627	209,219,220,221,223,592,595,600,602,632	2	11,12,13,14,15,29,30,31,32,33	56	424	747	34|9|3|3|2|2|8|12|2|1|1|4
GA	Allmis	LTR	ERV4	SFV1-13_AMi-LTR	JH732651:58392-59129+	JH737633:134518-135276+	32	80	0	368,375,376,378,385,587,590,595,597,614	366,372,373,375,384,592,595,600,602,619	2	14,15,16,17,18,25,26,27,28,29	47	254	747	32|14|2|1|2|3|5|11|1|1|3|5
GA	Allmis	LTR	ERV4	SFV1-13_AMi-LTR	JH732668:0-629+	JH735259:229764-230473-	31	53	0	270,291,299,305,307,321,329,502,504,506,508,525	366,387,395,401,403,417,425,599,601,603,605,622	2	12,13,14,15,16,17,18,22,23,24,25,26	84	257	606	31|5|2|0|2|1|2|3|0|1|1|1
GA	Allmis	LTR	ERV4	SFV1-13_AMi-LTR	JH732700:676073-676824+	JH738109:223708-224467-	26	48	0	102,119,133,146,269,295,300,360,372,68	102,120,134,147,270,296,301,361,373,68	2	1,2,3,4,5,10,11,12,13,14	184	306	755	26|5|0|0|2|1|6|6|0|1|1|0
GA	Allmis	LTR	ERV4	SFV1-13_AMi-LTR	JH732700:676073-676824+	JH739617:371028-371790-	27	46	0	290,293,295,300,307,517,543,555,591,593,595	294,297,299,304,311,521,554,566,602,604,606	2	6,7,8,9,10,17,18,19,20,21,22	104	313	756	27|7|0|0|2|0|4|5|0|0|1|0
GA	Allmis	LTR	ERV4	SFV1-13_AMi-LTR	JH732700:676073-676824+	JH735459:206640-207399+	22	55	0	159,164,209,211,222,230,540,543,555,591,595,612	159,164,209,211,222,230,548,551,563,599,603,620	2	4,5,6,7,8,9,16,17,18,19,20,21	145	462	755	22|7|1|0|1|2|7|6|0|0|4|1
GA	Allmis	LTR	ERV4	SFV1-13_AMi-LTR	JH732700:676073-676824+	JH733596:78776-79535+	25	54	0	209,211,220,222,230,259,543,555,593,595,612	212,214,223,225,233,260,551,563,601,603,620	2	6,7,8,9,10,11,17,18,19,20,21	119	409	755	25|7|1|0|3|3|7|5|0|0|2|1
GA	Allmis	LTR	ERV4	SFV1-13_AMi-LTR	JH732700:676073-676824+	JH738606:45170-45925+	29	55	0	218,219,220,222,230,259,585,588,595,612,618	216,217,218,220,228,255,589,592,599,616,622	2	7,8,9,10,11,12,23,24,25,26,27	74	407	753	29|5|1|0|1|1|7|4|1|1|4|1
GA	Allmis	LTR	ERV4	SFV1-13_AMi-LTR	JH732700:676073-676824+	JH737242:1129367-1130125-	31	57	0	209,218,219,220,222,543,555,585,588,593,595,625	209,219,220,221,223,550,562,592,595,600,602,632	2	7,8,9,10,11,23,24,25,26,27,28,29	98	424	754	31|6|0|2|3|1|7|6|0|0|1|0
GA	Allmis	LTR	ERV4	SFV1-13_AMi-LTR	JH732700:676073-676824+	JH734215:45816-46564+	39	56	0	184,209,211,222,230,232,591,593,595,607,612,706,708,709,710,716,717,718,741,742,743	183,208,210,221,229,231,588,590,592,604,609,703,705,706,707,713,714,715,738,739,740	3	7,8,9,10,11,12,21,22,23,24,25,30,31,32,33,34,35,36,37,38,39	109	558	749	39|4|0|0|0|0|7|6|0|0|0|0
GA	Allmis	LTR	ERV4	SFV1-13_AMi-LTR	JH732700:676073-676824+	JH738772:94377-95140-	37	62	0	293,295,300,328,372,383,387,397,413,417,593,595,612,659,669	295,297,302,330,374,385,389,399,415,419,605,607,624,671,681	2	16,17,18,19,20,21,22,23,24,25,31,32,33,34,35	202	387	754	37|6|1|1|3|3|2|5|1|0|2|1
GA	Allmis	LTR	ERV4	SFV1-13_AMi-LTR	JH732700:676073-676824+	JH737633:134518-135276+	30	59	0	164,184,209,211,222,517,540,555,585,588,593,595,612	163,183,208,210,222,517,547,562,592,595,600,602,619	2	5,6,7,8,9,19,20,21,22,23,24,25,26	163	457	754	30|12|0|0|1|1|6|6|0|0|2|1
GA	Allmis	LTR	ERV4	SFV1-13_AMi-LTR	JH732700:676073-676824+	JH736990:99315-100082-	34	64	0	372,383,387,395,397,413,417,540,543,555,595,612,659,665,672	382,393,397,405,407,423,427,556,559,571,611,628,675,681,688	2	15,16,17,18,19,20,21,26,27,28,29,30,31,32,33	179	307	759	34|7|1|1|1|1|7|6|2|0|1|3
GA	Allmis	LTR	ERV4	SFV1-13_AMi-LTR	JH732700:676073-676824+	JH735341:1473633-1474397+	34	62	0	159,164,184,209,211,218,219,220,222,248,345,360,372,383,395,397,593,595,612,659,669	166,171,191,216,218,225,226,227,229,255,352,367,379,391,403,405,614,616,633,680,690	4	2,3,4,5,6,7,8,9,10,11,16,17,18,19,20,21,29,30,31,32,33	222	525	736	34|6|1|0|0|1|7|6|1|0|1|1
GA	Allmis	LTR	ERV4	SFV1-13_AMi-LTR	JH732700:676073-676824+	JH734117:638217-638971+	44	80	0	340,342,345,349,350,351,383,387,391,393,395,397,531,543,555,588,593,595,612	336,338,341,345,346,347,379,383,387,389,391,393,534,546,558,591,596,598,615	3	9,10,11,12,13,14,16,17,18,19,20,21,30,31,32,33,34,35,36	109	280	752	44|9|2|0|1|2|10|5|1|0|1|0
GA	Allmis	LTR	ERV4	SFV1-13_AMi-LTR	JH732700:676073-676824+	JH735597:1032167-1032920+	64	83	0	148,159,164,184,209,211,222,230,232,234,246,248,251,259,287,292,293,295,300,306,342,353,372,383,393,395,397,405,413,449,524,531,543,555,563,585,591,593,595,612	153,164,169,189,214,216,227,235,237,239,251,253,256,264,292,297,298,300,305,311,347,358,377,388,398,400,402,410,418,454,527,534,546,558,566,588,594,596,598,615	4	7,8,9,10,11,12,13,14,15,16,17,18,19,20,21,22,23,24,25,26,27,28,29,30,31,32,33,34,35,36,43,44,45,46,47,48,49,50,51,52	393	463	752	64|5|0|1|1|0|4|6|2|0|0|0
GA	Allmis	LTR	ERV4	SFV1-13_AMi-LTR	JH732700:676073-676824+	JH736342:4488-5097+	12	28	0	159,164,204,209,222,295,340,353,383,387,391	162,167,207,212,223,305,350,363,394,398,402	2	2,3,4,5,6,7,8,9,10,11,12	242	241	604	12|6|0|1|0|0|5|3|1|0|0|0
GA	Allmis	LTR	ERV4	SFV1-13_AMi-LTR	JH732700:676073-676824+	JH732970:1100569-1101249+	30	59	0	209,211,218,219,220,222,230,246,248,372,383,413,417,434	133,135,142,143,144,146,154,168,170,294,305,335,339,356	2	4,5,6,7,8,9,10,11,12,16,17,18,19,20	101	224	678	30|5|1|0|2|1|9|8|1|0|1|1
GA	Allmis	LTR	ERV4	SFV1-13_AMi-LTR	JH732700:676073-676824+	JH735343:299021-299775+	52	78	0	222,230,246,248,259,391,393,395,397,405,413,540,543,555,589,591,593,595,607,612,706,708,709,716,717,718,725	220,229,243,245,256,388,390,392,394,402,410,543,546,558,592,594,596,598,610,615,709,711,712,719,720,721,728	4	8,9,10,11,12,20,21,22,23,24,25,32,33,34,35,36,37,38,39,40,46,47,48,49,50,51,52	153	509	741	52|5|4|1|1|1|4|7|0|1|2|0
GA	Allmis	LTR	ERV4	SFV1-13_AMi-LTR	JH732700:676073-676824+	JH733622:687916-688674-	62	88	0	102,116,119,125,133,179,184,205,209,211,218,219,220,222,230,292,293,295,300,306,307,340,342,345,350,372,383,387,391,393,395,397,405,413,421,589,591,593,595,612,98	102,116,119,125,135,181,186,207,211,213,220,221,222,224,232,292,293,295,300,306,307,340,342,345,350,372,384,388,392,394,396,398,406,414,422,596,598,600,602,619,98	5	4,5,6,7,8,9,12,13,14,15,16,17,18,19,20,21,26,27,28,29,30,31,32,33,34,35,36,37,38,39,40,41,42,43,44,45,53,54,55,56,57	246	522	743	62|6|0|0|2|2|4|6|0|1|4|0
GA	Allmis	LTR	ERV4	SFV1-13_AMi-LTR	JH732700:676073-676824+	JH735459:209550-210156+	24	47	0	159,164,209,211,222,230,387,391,393,395,397	11,232,236,238,240,242,56,58,6,69,77	2	1,2,3,4,5,6,9,10,11,12,13	83	237	602	24|5|1|0|0|1|8|6|1|0|1|0
GA	Allmis	LTR	ERV4	SFV1-13_AMi-LTR	JH732700:676073-676824+	JH737439:88420-89179-	51	92	0	218,219,220,222,230,246,248,259,340,342,349,350,351,353,360,372,383,387,585,589,591,593,595,612	218,219,220,222,230,244,246,257,338,340,347,348,349,351,358,370,381,385,593,597,599,601,603,620	3	12,13,14,15,16,17,18,19,23,24,25,26,27,28,29,30,31,32,44,45,46,47,48,49	116	403	755	51|10|0|0|2|6|7|8|0|2|5|1
GA	Allmis	LTR	ERV4	SFV1-13_AMi-LTR	JH732702:733117-733835+	JH734735:652264-652991+	39	59	0	212,218,219,220,222,232,244,246,264,290,291,469,483,486,513,525	214,221,222,223,225,238,250,252,270,296,297,473,489,492,519,531	3	11,12,13,14,15,16,17,18,19,20,21,28,29,30,31,32	144	318	722	39|5|2|1|3|1|2|5|0|0|1|0
GA	Allmis	LTR	ERV4	SFV1-13_AMi-LTR	JH732702:733117-733835+	JH737364:67877-68602-	55	81	0	206,212,218,219,220,222,232,347,359,370,371,373,490,513,525,533,555,558,560,562,585,592,655,699,703,708,710	205,211,218,219,220,222,235,350,362,373,374,376,497,520,532,540,562,565,567,569,592,599,662,706,710,715,717	4	7,8,9,10,11,12,13,27,28,29,30,31,39,40,41,42,43,44,45,46,47,48,51,52,53,54,55	217	513	721	55|7|2|0|2|2|3|6|1|1|0|1
GA	Allmis	LTR	ERV4	SFV1-13_AMi-LTR	JH732702:733117-733835+	JH738206:37267-37987-	51	71	0	293,304,305,308,339,347,370,371,373,381,389,394,401,513,540,558,560,562,574	288,299,300,303,334,342,365,366,368,376,384,389,396,516,543,561,563,565,577	3	17,18,19,20,21,22,23,24,25,26,27,28,29,39,40,41,42,43,44	172	290	716	51|4|2|0|2|2|3|5|2|0|0|0
GA	Allmis	LTR	ERV4	SFV1-13_AMi-LTR	JH732834:87312-88051-	JH733596:78776-79535+	22	52	0	121,142,148,165,179,209,211,220,222,225	124,145,151,168,182,212,214,223,225,228	2	2,3,4,5,6,7,8,9,10,11	106	105	749	22|6|0|0|2|0|9|11|1|0|0|1
GA	Allmis	LTR	ERV4	SFV1-13_AMi-LTR	JH732834:87312-88051-	JH734117:638217-638971+	39	77	0	383,387,391,393,395,397,399,692,704,705,706,730,736	379,383,387,389,391,393,395,707,719,720,721,745,751	2	14,15,16,17,18,19,20,34,35,36,37,38,39	62	373	746	39|9|1|0|2|0|9|11|0|0|0|1
GA	Allmis	LTR	ERV4	SFV1-13_AMi-LTR	JH732834:87312-88051-	JH735343:299021-299775+	42	74	0	102,121,142,165,211,391,393,395,397,399,405,413	102,121,141,164,209,388,390,392,394,396,402,410	2	3,4,5,6,7,19,20,21,22,23,24,25	131	309	674	42|7|2|0|3|1|3|11|0|1|2|2
GA	Allmis	LTR	ERV4	SFV1-13_AMi-LTR	JH732834:87312-88051-	JH735341:1473633-1474397+	31	71	0	218,219,220,222,225,360,383,395,397,399	225,226,227,229,232,367,391,403,405,407	2	6,7,8,9,10,16,17,18,19,20	49	183	681	31|8|0|0|3|1|11|10|0|0|1|2
GA	Allmis	LTR	ERV4	SFV1-13_AMi-LTR	JH732834:87312-88051-	JH737439:88420-89179-	42	83	0	218,219,220,222,225,349,350,351,353,360,383,387	218,219,220,222,225,347,348,349,351,358,381,385	2	8,9,10,11,12,20,21,22,23,24,25,26	47	168	749	42|9|0|1|3|5|4|13|1|2|2|1
GA	Allmis	LTR	ERV4	SFV1-13_AMi-LTR	JH732834:87312-88051-	JH735597:1032167-1032920+	45	74	0	165,209,211,222,225,246,248,251,259,383,393,395,397,399,405,413	170,214,216,227,230,251,253,256,264,388,398,400,402,404,410,418	2	7,8,9,10,11,12,13,14,15,23,24,25,26,27,28,29	126	249	673	45|7|0|0|3|0|4|13|0|0|0|2
GA	Allmis	LTR	ERV4	SFV1-13_AMi-LTR	JH732834:87312-88051-	JH733622:687916-688674-	55	86	0	102,116,119,121,125,218,219,220,222,225,350,383,387,391,393,395,397,399,405,413,504,514,521,535,547,559,98	102,116,119,121,125,220,221,222,224,227,350,384,388,392,394,396,398,400,406,414,507,517,524,538,550,562,98	4	4,5,6,7,8,9,16,17,18,19,20,33,34,35,36,37,38,39,40,41,42,46,47,48,49,50,51	157	465	676	55|8|0|0|3|1|3|12|0|0|3|0
GA	Allmis	LTR	ERV4	LT46D_AMi-LTR	JH734123:1763405-1764172+	JH734483:155505-156236-	28	42	0	142,150,157,163,164,167,174,191,198,202,295,297,298,300,319,98	142,150,157,163,164,167,174,191,198,202,295,297,298,300,317,98	2	2,3,4,5,6,7,8,9,10,11,12,19,20,21,22,23	128	220	421	28|6|0|0|0|0|5|3|0|0|0|0
GA	Allmis	LTR	ERV4	SFV1-13_AMi-LTR	JH732841:3076-3820+	JH738606:45170-45925+	33	69	0	103,221,222,223,225,228,366,37,373,374,376,383,41,56,69	102,216,217,218,220,223,36,363,369,370,372,380,40,55,68	3	1,2,3,4,5,7,8,9,10,11,16,17,18,19,20	93	345	749	33|9|1|0|3|3|7|2|2|3|4|2
GA	Allmis	LTR	ERV4	SFV1-13_AMi-LTR	JH732841:3076-3820+	JH738109:223708-224467-	32	77	0	103,120,122,360,366,37,373,374,376,41,56,69	102,120,122,36,361,367,373,374,376,40,55,68	2	1,2,3,4,5,6,7,16,17,18,19,20	103	341	751	32|8|2|1|7|4|10|5|0|3|2|3
GA	Allmis	LTR	ERV4	SFV1-13_AMi-LTR	JH732841:3076-3820+	JH738772:94377-95140-	42	82	0	103,109,122,19,247,249,255,259,293,295,366,37,373,374,376,383,41,56,69,75	102,108,123,18,248,250,257,261,295,297,36,368,374,375,377,385,40,55,68,74	3	1,2,3,4,5,6,7,8,9,14,15,16,17,18,19,21,22,23,24,25	174	368	750	42|7|3|3|7|4|4|3|2|3|2|2
GA	Allmis	LTR	ERV4	SFV1-13_AMi-LTR	JH732841:3076-3820+	JH734215:45816-46564+	41	86	0	584,586,588,600,605,681,683,699,701,702,703,709,710,711	588,590,592,604,609,685,687,703,705,706,707,713,714,715	2	22,23,24,25,26,30,31,32,33,34,35,36,37,38	53	128	746	41|8|2|1|6|6|9|5|1|1|2|4
GA	Allmis	LTR	ERV4	SFV1-13_AMi-LTR	JH732841:3076-3820+	JH732970:1100569-1101249+	31	72	0	221,222,223,225,228,366,373,374,376,383	142,143,144,146,149,288,294,295,297,305	2	3,4,5,6,7,13,14,15,16,17	26	164	674	31|7|3|0|5|4|8|4|3|2|2|3
GA	Allmis	LTR	ERV4	SFV1-13_AMi-LTR	JH732856:302772-303529+	JH738772:94377-95140-	34	56	0	102,121,18,246,253,257,291,293,386,396,40,412,416,438,598,600,617,657,664,68,74	102,123,18,250,257,261,295,297,389,399,40,415,419,441,605,607,624,664,671,68,74	4	1,2,3,4,5,6,11,12,13,14,15,17,18,19,20,21,27,28,29,30,31	274	654	757	34|3|2|1|2|2|1|8|2|0|0|1
GA	Allmis	LTR	ERV4	SFV1-13_AMi-LTR	JH732856:302772-303529+	JH734117:638217-638971+	37	64	0	338,340,343,347,348,349,386,390,392,394,396,593,598,600,617,664,674	336,338,341,345,346,347,383,387,389,391,393,591,596,598,615,662,672	3	5,6,7,8,9,10,11,12,13,14,15,26,27,28,29,30,31	141	337	755	37|5|3|0|1|1|4|6|1|0|0|1
GA	Allmis	LTR	ERV4	SFV1-13_AMi-LTR	JH732856:302772-303529+	JH736990:99315-100082-	31	59	0	102,18,386,394,396,40,412,416,68,98	102,18,397,40,405,407,423,427,68,98	2	1,2,3,4,5,14,15,16,17,18	116	410	762	31|7|1|0|0|1|3|10|2|0|1|3
GA	Allmis	LTR	ERV4	SFV1-13_AMi-LTR	JH732856:302772-303529+	JH734215:45816-46564+	37	63	0	596,598,600,612,617,712,714,715,716,722,723,724	588,590,592,604,609,703,705,706,707,713,714,715	2	20,21,22,23,24,28,29,30,31,32,33,34	35	128	752	37|4|1|0|1|1|6|8|1|1|0|3
GA	Allmis	LTR	ERV4	SFV1-13_AMi-LTR	JH732856:302772-303529+	JH735343:299021-299775+	52	82	0	390,392,394,396,404,412,594,596,598,600,612,617,670,674,688,712,714,715,722,723,724,731	388,390,392,394,402,410,592,594,596,598,610,615,668,672,686,709,711,712,719,720,721,728	3	19,20,21,22,23,24,35,36,37,38,39,40,43,44,45,46,47,48,49,50,51,52	108	341	744	52|4|3|1|0|3|3|9|1|1|3|2
GA	Allmis	LTR	ERV4	SFV1-13_AMi-LTR	JH732856:302772-303529+	JH733622:687916-688674-	60	84	0	116,119,121,125,133,246,253,257,290,291,293,304,305,386,390,392,394,396,404,412,420,594,596,598,600,617,664,674,726,728,731	116,119,121,125,135,248,255,259,292,293,295,306,307,388,392,394,396,398,406,414,422,596,598,600,602,619,666,676,727,729,732	5	7,8,9,10,11,22,23,24,25,26,27,28,29,35,36,37,38,39,40,41,42,51,52,53,54,55,56,57,58,59,60	253	617	746	60|3|1|0|2|1|2|9|0|1|3|1
GA	Allmis	LTR	ERV4	SFV1-13_AMi-LTR	JH732856:302772-303529+	JH737439:88420-89179-	47	89	0	338,340,347,348,349,351,590,594,596,598,600,617	338,340,347,348,349,351,593,597,599,601,603,620	2	22,23,24,25,26,27,40,41,42,43,44,45	42	283	758	47|9|1|0|1|6|3|13|1|2|4|2
GA	Allmis	LTR	ERV4	SFV1-13_AMi-LTR	JH732856:302772-303529+	JH735597:1032167-1032920+	57	83	0	246,249,257,285,290,291,293,304,392,394,396,404,412,515,518,522,548,560,568,590,596,598,600,617,664	253,256,264,292,297,298,300,311,398,400,402,410,418,520,523,527,546,558,566,588,594,596,598,615,661	4	14,15,16,17,18,19,20,21,24,25,26,27,28,36,37,38,39,40,41,42,43,44,45,46,47	223	409	755	57|5|1|1|2|2|3|8|2|0|0|2
GA	Allmis	LTR	ERV4	LT46D_AMi-LTR	JH734144:97705-98487+	JH734483:155505-156236-	30	53	0	142,150,163,164,167,191,198,202,295,297,298,300,311,319,328	142,150,163,164,167,191,198,202,295,297,298,300,311,317,326	2	4,5,6,7,8,9,10,11,18,19,20,21,22,23,24	93	185	473	30|9|0|0|0|0|9|4|0|0|1|0
GA	Allmis	LTR	ERV4	SFV1-13_AMi-LTR	JH732871:89784-90540+	JH736272:32817-33574-	27	80	0	18,36,370,376,377,378,380,387,40,42,55	18,36,366,372,373,374,376,383,40,42,55	2	1,2,3,4,5,14,15,16,17,18,19	56	366	756	27|14|3|3|4|3|10|5|2|2|2|5
GA	Allmis	LTR	ERV4	SFV1-13_AMi-LTR	JH732871:89784-90540+	JH738772:94377-95140-	42	83	0	18,247,249,256,260,301,36,370,376,377,378,380,387,40,42,55	18,248,250,257,261,302,36,368,374,375,376,378,385,40,42,55	3	1,2,3,4,5,12,13,14,15,16,18,19,20,21,22,23	111	368	756	42|9|4|4|5|2|3|6|1|1|2|3
GA	Allmis	LTR	ERV4	SFV1-13_AMi-LTR	JH732871:89784-90540+	JH737242:1129367-1130125-	34	92	0	162,168,18,212,221,222,223,225,36,40,42,55	159,165,18,209,218,219,220,222,36,40,42,55	2	1,2,3,4,5,8,9,10,11,12,13,14	102	205	757	34|16|4|3|5|2|9|7|2|1|3|6
GA	Allmis	LTR	ERV4	SFV1-13_AMi-LTR	JH732871:89784-90540+	JH738606:45170-45925+	35	95	0	221,222,223,225,260,268,270,370,376,377,378,380,387	216,217,218,220,255,263,265,363,369,370,371,373,380	2	10,11,12,13,14,15,16,18,19,20,21,22,23	68	165	755	35|16|1|4|3|2|12|6|2|2|6|6
GA	Allmis	LTR	ERV4	SFV1-13_AMi-LTR	JH732897:361905-362634+	JH738606:45170-45925+	35	93	0	367,374,375,377,384,579,582,589,606,612	363,369,370,372,380,589,592,599,616,622	2	19,20,21,22,23,30,31,32,33,34	52	260	742	35|13|0|1|3|9|9|11|4|5|3|0
GA	Allmis	LTR	ERV4	LT46D_AMi-LTR	JH734209:102215-102951-	JH734483:155505-156236-	30	75	0	163,164,167,198,202,303,305,308,319,325	163,164,167,198,202,295,297,300,311,317	2	6,7,8,9,10,14,15,16,17,18	63	155	733	30|15|1|3|1|0|9|7|4|3|1|1
GA	Allmis	LTR	ERV4	SFV1-13_AMi-LTR	JH732903:830110-830374+	JH734735:652264-652991+	17	21	0	102,118,120,132,157,219,220,222,230,232,247,68,98	103,121,123,135,160,222,223,225,233,235,250,69,99	2	4,5,6,7,8,9,10,12,13,14,15,16,17	121	182	265	17|1|0|0|0|0|0|1|0|0|1|1
GA	Allmis	LTR	ERV4	SFV1-13_AMi-LTR	JH732926:223309-224035-	JH735259:229764-230473-	27	44	0	141,166,168,36,388,396,40,402,404,418,77	140,165,167,36,387,395,40,401,403,417,77	2	1,2,3,4,5,6,12,13,14,15,16	163	382	707	27|5|0|0|1|0|2|4|1|1|3|0
GA	Allmis	LTR	ERV4	SFV1-13_AMi-LTR	JH732941:402818-403586+	JH734488:249461-250226+	21	48	0	612,629,642,669,676,721,727,732,734,745,749	609,626,639,666,673,718,724,729,731,742,746	2	11,12,13,14,15,16,17,18,19,20,21	139	138	766	21|6|0|1|2|1|6|6|0|1|1|3
GA	Allmis	LTR	ERV4	SFV1-13_AMi-LTR	JH732941:402818-403586+	JH737242:1129367-1130125-	31	56	0	150,161,167,200,210,215,219,220,221,222,224,226	148,159,165,198,210,214,218,219,220,221,223,225	1	4,5,6,7,8,9,10,11,12,13,14,15	78	78	763	31|3|1|3|2|3|5|6|0|1|0|1
GA	Allmis	LTR	ERV4	SFV1-13_AMi-LTR	JH732941:402818-403586+	JH738772:94377-95140-	37	62	0	108,123,18,382,393,40,407,423,449,610,612,629,669,676,68,74	108,123,18,374,385,399,40,415,441,605,607,624,664,671,68,74	3	1,2,3,4,5,6,18,19,20,21,22,29,30,31,32,33	241	654	761	37|3|1|2|4|4|3|5|1|0|2|0
GA	Allmis	LTR	ERV4	SFV1-13_AMi-LTR	JH732941:402818-403586+	JH737548:38014-38783-	36	81	0	608,610,612,624,629,667,676,722,723,725,726,727,732,733,734,735,737	609,611,613,625,630,668,677,723,724,726,727,728,733,734,735,736,738	2	18,19,20,21,22,23,24,27,28,29,30,31,32,33,34,35,36	85	130	768	36|3|0|1|1|2|5|5|0|1|0|2
GA	Allmis	LTR	ERV4	SFV1-13_AMi-LTR	JH732941:402818-403586+	JH734091:183738-184507+	40	72	0	200,210,211,230,231,232,234,382,393,401,403,405,407,423	198,208,209,228,229,230,232,384,395,403,405,407,409,425	2	8,9,10,11,12,13,14,20,21,22,23,24,25,26	77	228	768	40|6|2|1|1|4|6|9|2|0|1|0
GA	Allmis	LTR	ERV4	SFV1-13_AMi-LTR	JH732941:402818-403586+	JH734117:638217-638971+	41	78	0	350,352,355,359,360,361,393,401,403,405,407,605,610,612,629,676,686,721,732,733,734,735	336,338,341,345,346,347,379,387,389,391,393,591,596,598,615,662,672,707,718,719,720,721	4	9,10,11,12,13,14,16,17,18,19,20,30,31,32,33,34,35,36,37,38,39,40	159	386	761	41|7|2|1|2|5|7|6|0|0|1|1
GA	Allmis	LTR	ERV4	SFV1-13_AMi-LTR	JH732941:402818-403586+	JH734215:45816-46564+	34	64	0	608,610,612,624,629,723,725,726,727,732,733,734,735	588,590,592,604,609,703,705,706,707,712,713,714,715	2	19,20,21,22,23,27,28,29,30,31,32,33,34	35	128	747	34|3|0|2|3|5|9|6|0|0|0|2
GA	Allmis	LTR	ERV4	SFV1-13_AMi-LTR	JH732941:402818-403586+	JH735343:299021-299775+	57	86	0	401,403,405,407,415,423,606,608,610,612,624,629,723,725,726,732,733,734,735,742,758,759,760	388,390,392,394,402,410,592,594,596,598,610,615,709,711,712,718,719,720,721,728,744,745,746	3	20,21,22,23,24,25,36,37,38,39,40,41,47,48,49,50,51,52,53,54,55,56,57	85	359	761	57|4|3|1|1|5|4|7|0|1|1|2
GA	Allmis	LTR	ERV4	SFV1-13_AMi-LTR	JH732941:402818-403586+	JH733622:687916-688674-	63	90	0	118,121,123,127,135,230,231,232,234,236,302,303,305,310,316,317,350,352,355,360,382,393,401,403,405,407,415,423,606,608,610,612,629,98	116,119,121,125,135,220,221,222,224,226,292,293,295,300,306,307,340,342,345,350,373,384,392,394,396,398,406,414,596,598,600,602,619,98	5	5,6,7,8,9,10,18,19,20,21,22,26,27,28,29,30,31,32,33,34,35,36,37,38,39,40,41,42,43,53,54,55,56,57	193	522	752	63|4|0|1|2|4|3|8|0|1|2|1
GA	Allmis	LTR	ERV4	SFV1-13_AMi-LTR	JH732941:402818-403586+	JH737439:88420-89179-	47	87	0	230,231,232,234,236,350,352,359,360,361,363,606,608,610,612,629	218,219,220,222,224,338,340,347,348,349,351,597,599,601,603,620	3	12,13,14,15,16,22,23,24,25,26,27,40,41,42,43,44	45	403	758	47|7|1|1|2|8|3|11|0|2|3|2
GA	Allmis	LTR	ERV4	SFV1-13_AMi-LTR	JH732950:151809-152503+	JH738772:94377-95140-	38	74	0	247,249,256,260,294,374,375,377,384,388	248,250,257,261,295,374,375,377,385,389	2	12,13,14,15,16,21,22,23,24,25	64	142	686	38|5|0|2|5|4|5|11|1|0|0|2
GA	Allmis	LTR	ERV4	SFV1-13_AMi-LTR	JH732950:151809-152503+	JH737439:88420-89179-	46	95	0	162,164,168,187,214,222,223,225,247,249,260,294,341,343,350,351,352,354,367,374,375,377,384,388,579,583,587,589,606	159,161,165,184,211,219,220,222,244,246,257,291,338,340,347,348,349,351,362,371,372,374,381,385,593,597,601,603,620	5	9,10,11,12,13,14,15,16,17,18,19,20,23,24,25,26,27,28,29,30,31,32,33,34,40,41,42,43,44	211	462	693	46|8|1|3|6|5|4|13|0|2|2|3
GA	Allmis	LTR	ERV4	SFV1-13_AMi-LTR	JH732970:1100569-1101249+	JH734117:638217-638971+	26	61	0	309,313,315,317,319,429,439,442,460,517,522	383,387,389,391,393,503,513,516,534,591,596	2	10,11,12,13,14,17,18,19,20,21,22	105	214	679	26|9|2|0|1|2|10|3|0|0|3|1
GA	Allmis	LTR	ERV4	SFV1-13_AMi-LTR	JH732970:1100569-1101249+	JH735343:299021-299775+	41	72	0	181,215,217,222,250,313,315,317,319,327,429,460,469,518,520,522,536,635,637,638,645,647	256,290,292,297,325,388,390,392,394,402,503,534,543,592,594,596,610,709,711,712,719,721	4	7,8,9,10,11,14,15,16,17,18,23,24,25,26,27,28,29,33,34,35,36,37	206	466	679	41|6|1|0|1|2|5|5|1|1|7|2
GA	Allmis	LTR	ERV4	SFV1-13_AMi-LTR	JH732970:1100569-1101249+	JH733622:687916-688674-	40	68	0	177,181,214,215,217,222,228,229,23,267,284,309,313,315,317,319,327,41,44,46,50	116,119,121,125,255,259,292,293,295,300,306,307,345,362,388,392,394,396,398,406,98	2	1,2,3,4,5,14,15,16,17,18,19,20,21,22,23,24,25,26,27,28,29	180	309	670	40|5|1|0|3|2|4|5|0|1|5|1
GA	Allmis	LTR	ERV4	SFV1-13_AMi-LTR	JH732970:1100569-1101249+	JH735597:1032167-1032920+	42	71	0	181,209,214,215,217,222,228,275,315,317,319,327,439,442,446,492,514,520,522	264,292,297,298,300,305,311,358,398,400,402,410,520,523,527,566,588,594,596	3	11,12,13,14,15,16,17,18,19,20,21,22,29,30,31,32,33,34,35	225	333	679	42|6|1|1|3|1|8|5|1|0|1|2
GA	Allmis	LTR	ERV4	SFV1-13_AMi-LTR	JH732971:1267134-1267892+	JH736990:99315-100082-	28	53	0	292,299,371,382,386,602,659,666,672,679	303,310,382,393,397,611,668,675,681,688	2	12,13,14,15,16,23,24,25,26,27	173	386	762	28|6|0|0|4|0|6|6|1|0|0|2
GA	Allmis	LTR	ERV4	SFV1-13_AMi-LTR	JH732971:1267134-1267892+	JH738772:94377-95140-	35	70	0	245,247,254,258,292,299,327,600,602,659,666,676	248,250,257,261,295,302,330,605,607,664,671,681	2	12,13,14,15,16,17,18,29,30,31,32,33	160	434	757	35|4|1|1|6|3|9|8|1|0|0|2
GA	Allmis	LTR	ERV4	SFV1-13_AMi-LTR	JH732971:1267134-1267892+	JH735343:299021-299775+	50	84	0	245,247,258,292,299,327,713,715,716,723,724,725,732	243,245,256,290,297,325,709,711,712,719,720,721,728	2	14,15,16,17,18,19,44,45,46,47,48,49,50	103	486	744	50|4|3|0|5|3|5|8|0|1|2|3
GA	Allmis	LTR	ERV4	SFV1-13_AMi-LTR	JH732971:1267134-1267892+	JH735341:1473633-1474397+	36	76	0	218,219,220,221,223,225,600,602,659,666,676,695	224,225,226,227,229,231,614,616,673,680,690,709	2	8,9,10,11,12,13,31,32,33,34,35,36	104	486	740	36|5|0|0|4|3|12|7|1|0|1|3
GA	Allmis	LTR	ERV4	SFV1-13_AMi-LTR	JH732971:1267134-1267892+	JH737439:88420-89179-	45	87	0	218,219,220,221,223,225,245,247,258,292,299,348,349,350,352,359,371,382,386	217,218,219,220,222,224,244,246,257,291,298,347,348,349,351,358,370,381,385	3	13,14,15,16,17,18,19,20,21,22,23,26,27,28,29,30,31,32,33	122	169	758	45|8|0|0|4|6|5|10|1|2|4|2
GA	Allmis	LTR	ERV4	SFV1-13_AMi-LTR	JH732971:1267134-1267892+	JH733622:687916-688674-	59	89	0	218,219,220,221,223,225,245,247,254,258,291,292,299,305,306,339,341,344	219,220,221,222,224,226,246,248,255,259,292,293,300,306,307,340,342,345	2	18,19,20,21,22,23,25,26,27,28,29,30,31,32,33,34,35,36	108	127	746	59|5|0|0|4|2|5|9|0|1|2|1
GA	Allmis	LTR	ERV4	SFV1-13_AMi-LTR	JH732971:1267134-1267892+	JH735597:1032167-1032920+	58	92	0	233,245,247,250,258,286,291,292,299,305,341,448,451,461,466,474,598,600,602,666,676	239,251,253,256,264,292,297,298,305,311,347,454,457,467,472,480,594,596,598,661,671	3	15,16,17,18,19,20,21,22,23,24,25,33,34,35,36,37,44,45,46,47,48	214	433	755	58|6|0|1|5|2|8|8|1|0|0|3
GA	Allmis	LTR	ERV4	SFV1-13_AMi-LTR	JH732994:16174-16895-	JH734735:652264-652991+	38	60	0	102,118,132,157,219,220,222,230,232,247,267,293,294,296,307,342,350,373,376,68,98	103,121,135,160,222,223,225,233,235,250,270,296,297,299,310,345,351,374,377,69,99	3	4,5,6,7,8,9,11,12,13,14,15,16,17,18,19,20,21,22,23,24,25	249	309	724	38|5|0|0|1|1|6|6|0|0|2|1
GA	Allmis	LTR	ERV4	SFV1-13_AMi-LTR	JH732994:16174-16895-	JH737364:67877-68602-	54	80	0	219,220,222,230,232,281,288,293,294,296,307,342,350,362,373,374,376,392,472,486,489,493,497,561,563,565,582,588,595	219,220,222,230,232,281,288,293,294,296,307,342,350,362,373,374,376,392,472,490,493,497,501,565,567,569,586,592,599	5	9,10,11,12,13,18,19,20,21,22,23,24,25,26,27,28,29,30,33,34,35,36,37,42,43,44,45,46,47	192	381	723	54|5|0|0|0|2|8|4|1|1|3|1
GA	Allmis	LTR	ERV4	SFV1-13_AMi-LTR	JH732994:16174-16895-	JH738206:37267-37987-	49	73	0	102,118,124,132,159,18,294,296,307,308,342,350,373,374,376,384,40,561,563,565,577,582,68,98	102,118,124,132,151,18,286,288,299,300,334,342,365,366,368,376,40,561,563,565,577,582,68,98	3	1,2,3,4,5,6,7,8,9,14,15,16,17,18,19,20,21,22,23,39,40,41,42,43	247	565	718	49|4|0|0|1|2|7|6|2|0|1|1
GA	Allmis	LTR	ERV4	SFV1-13_AMi-LTR	JH732998:349203-349955+	JH735343:299021-299775+	34	80	0	587,590,592,594,608,707,709,710,717,719,726	589,592,594,596,610,709,711,712,719,721,728	2	21,22,23,24,25,29,30,31,32,33,34	42	140	742	34|9|4|1|3|4|7|9|1|0|5|3
GA	Allmis	LTR	ERV4	SFV1-13_AMi-LTR	JH733013:87759-88494+	JH735259:229764-230473-	31	52	0	324,325,377,398,406,412,414,428,436,474	313,314,366,387,395,401,403,417,425,463	1	10,11,12,13,14,15,16,17,18,19	151	151	711	31|5|2|1|2|1|1|2|0|0|2|1
GA	Allmis	LTR	ERV4	SFV1-13_AMi-LTR	JH733016:519688-520453+	JH734488:249461-250226+	21	42	0	514,524,554,557,569,626,639,666,673,702	514,524,554,557,569,626,639,666,673,702	2	7,8,9,10,11,12,13,14,15,16	190	189	765	21|5|0|0|1|0|6|4|1|1|0|3
GA	Allmis	LTR	ERV4	SFV1-13_AMi-LTR	JH733016:519688-520453+	JH736990:99315-100082-	31	48	0	379,394,402,404,420,514,524,545,554,557,569	382,397,405,407,423,517,527,547,556,559,571	2	14,15,16,17,18,20,21,22,23,24,25	97	190	766	31|6|0|1|0|0|3|5|2|0|0|0
GA	Allmis	LTR	ERV4	SFV1-13_AMi-LTR	JH733016:519688-520453+	JH738109:223708-224467-	27	53	0	119,121,133,146,158,276,302,307,367,379,68	120,122,134,147,160,270,296,301,361,373,68	2	1,2,3,4,5,6,11,12,13,14,15	197	306	762	27|5|1|0|2|1|6|8|0|2|0|1
GA	Allmis	LTR	ERV4	SFV1-13_AMi-LTR	JH733016:519688-520453+	JH737242:1129367-1130125-	30	52	0	133,158,164,197,207,212,216,217,218,219,221,223	133,159,165,198,210,214,218,219,220,221,223,225	1	2,3,4,5,6,7,8,9,10,11,12,13	93	93	761	30|4|1|2|2|1|4|6|1|1|0|0
GA	Allmis	LTR	ERV4	SFV1-13_AMi-LTR	JH733016:519688-520453+	JH737548:38014-38783-	31	73	0	605,607,621,626,664,673,719,720,722,723,724,731,732,734,762	609,611,625,630,668,677,723,724,726,727,728,735,736,738,766	2	15,16,17,18,19,20,23,24,25,26,27,28,29,30,31	113	158	767	31|3|0|2|0|0|3|6|1|1|0|1
GA	Allmis	LTR	ERV4	SFV1-13_AMi-LTR	JH733016:519688-520453+	JH738772:94377-95140-	36	60	0	108,121,18,253,255,262,266,300,302,307,335,379,394,404,420,68,74	108,123,18,248,250,257,261,295,297,302,330,374,389,399,415,68,74	2	1,2,3,4,5,11,12,13,14,15,16,17,18,19,20,21,22	274	398	761	36|4|1|1|3|4|3|6|2|0|0|0
GA	Allmis	LTR	ERV4	SFV1-13_AMi-LTR	JH733016:519688-520453+	JH734091:183738-184507+	41	70	0	197,207,208,227,228,229,231,300,302,307,347,367,379,394,398,400,402,404,420,514,524,545,557,569,577	198,208,209,228,229,230,232,304,306,311,351,371,384,399,403,405,407,409,425,519,529,550,562,574,582	4	8,9,10,11,12,13,14,15,16,17,18,19,20,21,22,23,24,25,26,30,31,32,33,34,35	294	385	767	41|5|2|0|1|3|7|7|3|0|1|0
GA	Allmis	LTR	ERV4	SFV1-13_AMi-LTR	JH733016:519688-520453+	JH734117:638217-638971+	40	70	0	347,349,352,356,357,358,394,398,400,402,404,514,524,527,545,557,569,602,607,626,673,683	336,338,341,345,346,347,383,387,389,391,393,503,513,516,534,546,558,591,596,615,662,672	4	9,10,11,12,13,14,16,17,18,19,20,25,26,27,28,29,30,31,32,33,34,35	194	337	759	40|7|2|0|1|3|6|5|1|0|0|0
GA	Allmis	LTR	ERV4	SFV1-13_AMi-LTR	JH733016:519688-520453+	JH735343:299021-299775+	50	75	0	253,255,266,300,302,307,335,398,400,402,404,412,420,514,545,554,557,569,603,605,607,621,626,720,722,723,731,732,739	243,245,256,290,292,297,325,388,390,392,394,402,410,503,534,543,546,558,592,594,596,610,615,709,711,712,720,721,728	5	11,12,13,14,15,16,17,20,21,22,23,24,25,30,31,32,33,34,35,36,37,38,39,45,46,47,48,49,50	240	486	748	50|4|3|0|2|3|2|8|0|1|0|2
GA	Allmis	LTR	ERV4	SFV1-13_AMi-LTR	JH733016:519688-520453+	JH737439:88420-89179-	47	87	0	227,228,229,231,233,253,255,266,300,302,307,347,349,356,357,358,360,367,379,394	218,219,220,222,224,244,246,257,291,293,298,338,340,347,348,349,351,358,370,385	3	11,12,13,14,15,16,17,18,19,20,21,22,23,24,25,26,27,28,29,30	170	168	762	47|9|1|0|2|7|4|11|1|2|2|1
GA	Allmis	LTR	ERV4	SFV1-13_AMi-LTR	JH733016:519688-520453+	JH733622:687916-688674-	62	88	0	116,119,121,125,133,227,228,229,231,233,253,255,262,266,299,300,302,307,313,314,347,349,352,357,379,394,398,400,402,404,412,420,98	116,119,121,125,135,220,221,222,224,226,246,248,255,259,292,293,295,300,306,307,340,342,345,350,372,388,392,394,396,398,406,414,98	3	4,5,6,7,8,9,17,18,19,20,21,23,24,25,26,27,28,29,30,31,32,33,34,35,36,37,38,39,40,41,42,43,44	214	317	750	62|4|0|0|3|2|5|8|0|1|2|0
GA	Allmis	LTR	ERV4	SFV1-13_AMi-LTR	AKHW01030090:2-601+	JH734215:45816-46564+	31	59	0	25,50,52,554,556,557,558,565,566,589,591,63,71,73	183,208,210,221,229,231,703,705,706,707,714,715,738,740	2	1,2,3,4,5,6,24,25,26,27,28,29,30,31	87	558	594	31|2|1|1|1|1|9|7|0|1|1|3
GA	Allmis	LTR	ERV4	SFV1-13_AMi-LTR	AKHW01030090:2-601+	JH734117:638217-638971+	39	68	0	134,136,141,148,181,183,186,190,191,192,224,228,232,234,236,238	289,291,296,303,336,338,341,345,346,347,379,383,387,389,391,393	2	4,5,6,7,8,9,10,11,12,13,15,16,17,18,19,20	74	105	595	39|8|2|0|0|0|6|7|0|1|3|1
GA	Allmis	LTR	ERV4	SFV1-13_AMi-LTR	AKHW01030090:2-601+	JH737439:88420-89179-	39	71	0	181,183,190,191,192,194,201,337,348,358,379,391,403,59,60,61,63,71	218,219,220,222,230,338,340,347,348,349,351,358,497,508,518,539,551,563	3	3,4,5,6,7,14,15,16,17,18,19,20,28,29,30,31,32,33	101	346	599	39|6|1|0|0|2|5|11|0|2|3|1
GA	Allmis	LTR	ERV4	SFV1-13_AMi-LTR	AKHW01030090:2-601+	JH733622:687916-688674-	53	81	0	134,136,141,147,148,20,213,224,228,232,234,236,238,246,25,254,46,50,52,568,570,573,589,59,591,60,61,63,71	181,186,207,211,213,220,221,222,224,232,293,295,300,306,307,372,384,388,392,394,396,398,406,414,727,729,732,748,750	5	1,2,3,4,5,6,7,8,9,10,15,16,17,18,19,24,25,26,27,28,29,30,31,32,49,50,51,52,53	135	570	598	53|5|1|0|1|1|6|8|0|0|3|1
GA	Allmis	LTR	ERV4	SFV1-13_AMi-LTR	AKHW01030090:2-601+	JH735343:299021-299775+	51	84	0	232,234,236,238,246,254,554,556,557,565,566,573,589,591,596	388,390,392,394,402,410,709,711,712,720,721,728,744,746,751	2	16,17,18,19,20,21,43,44,45,46,47,48,49,50,51	66	364	597	51|5|3|0|1|1|5|8|0|2|4|3
GA	Allmis	LTR	ERV4	SFV1-13_AMi-LTR	JH733072:389380-389600-	JH737364:67877-68602-	12	16	0	15,157,158,201,205,210,212,35,57,60,87,94	520,540,562,565,592,599,662,663,706,710,715,717	2	1,2,3,4,5,6,7,8,9,10,11,12	199	198	220	12|1|0|0|0|0|0|2|0|0|1|0
GA	Allmis	LTR	ERV4	SFV1-13_AMi-LTR	JH733072:392734-392972-	JH737364:67877-68602-	16	20	0	10,105,112,130,176,18,219,223,228,230,37,53,75,78,99	493,501,520,540,562,565,586,592,599,617,663,706,710,715,717	2	1,2,3,4,5,6,7,8,9,10,12,13,14,15,16	180	225	237	16|2|0|0|0|0|0|2|0|0|0|0
GA	Allmis	LTR	ERV4	SFV1-13_AMi-LTR	JH733072:392997-393483-	JH734735:652264-652991+	26	35	0	219,220,221,233,245,247,265,291,292,305	221,222,223,235,250,252,270,296,297,310	1	12,13,14,15,16,17,18,19,20,21	90	90	470	26|1|1|0|0|0|4|2|0|0|1|0
GA	Allmis	LTR	ERV4	SFV1-13_AMi-LTR	JH733072:392997-393483-	JH737364:67877-68602-	31	46	0	219,220,221,233,245,247,250,340,348,360,371,372,374	218,219,220,232,247,249,252,342,350,362,373,374,376	2	9,10,11,12,13,14,15,23,24,25,26,27,28	70	159	470	31|3|1|0|0|1|4|1|1|1|1|1
GA	Allmis	LTR	ERV4	SFV1-13_AMi-LTR	JH733072:392997-393483-	JH738206:37267-37987-	36	44	0	102,119,121,125,133,160,18,206,212,219,233,247,292,305,306,340,348,371,372,374,395,398,40,402,68,98	102,118,120,124,132,151,18,197,203,210,224,241,286,299,300,334,342,365,366,368,389,392,396,40,68,98	4	1,2,3,4,5,6,7,8,9,10,11,12,13,14,15,16,17,18,19,20,21,22,23,24,25,26	382	379	476	36|2|1|0|0|0|3|0|2|0|0|0
GA	Allmis	LTR	ERV4	SFV1-13_AMi-LTR	JH733076:172390-172756-	JH734215:45816-46564+	23	31	0	274,284,298,303,323,324,325,331,332,333,356,357,358	656,666,680,685,705,706,707,713,714,715,738,739,740	1	11,12,13,14,15,16,17,18,19,20,21,22,23	85	85	363	23|3|0|0|0|0|3|2|0|0|0|0
GA	Allmis	LTR	ERV4	SFV1-13_AMi-LTR	JH733076:172390-172756-	JH735343:299021-299775+	28	36	0	146,155,158,170,204,206,208,210,222,280,284,298,323,324,331,332,333,340	534,543,546,558,592,594,596,598,610,668,672,686,711,712,719,720,721,728	2	9,10,11,12,13,14,15,16,17,20,21,22,23,24,25,26,27,28	138	195	347	28|3|0|1|0|1|2|1|0|0|0|0
GA	Allmis	LTR	ERV4	SFV1-13_AMi-LTR	JH733077:162341-163094+	JH735343:299021-299775+	48	98	0	392,394,396,398,400,406,708,710,711,718,719,720,727	388,390,392,394,396,402,709,711,712,719,720,721,728	2	19,20,21,22,23,24,42,43,44,45,46,47,48	35	341	742	48|10|2|3|0|5|2|13|1|2|3|9
GA	Allmis	LTR	ERV4	SFV1-13_AMi-LTR	JH733077:162341-163094+	JH733622:687916-688674-	57	104	0	103,107,122,125,127,131,211,224,225,235,237,295,296,303,309,310,350,384,388,392,394,396,398,400,406	102,116,119,121,125,207,221,222,232,234,292,293,300,306,307,347,384,388,392,394,396,398,400,406,98	4	6,7,8,9,10,11,16,17,18,19,20,25,26,27,28,29,33,34,35,36,37,38,39,40,41	132	309	744	57|8|2|1|3|4|4|13|1|2|2|6
GA	Allmis	LTR	ERV4	SFV1-13_AMi-LTR	JH733077:162341-163094+	JH735597:1032167-1032920+	52	110	0	249,251,254,262,290,384,394,396,398,400,406,456,463,466,471,479	251,253,256,264,292,388,398,400,402,404,410,457,464,467,472,480	3	12,13,14,15,16,23,24,25,26,27,28,29,30,31,32,33	136	230	753	52|11|1|4|3|7|6|14|2|0|1|9
GA	Allmis	LTR	ERV4	SFV1-13_AMi-LTR	JH733097:313546-314306+	JH737242:1129367-1130125-	30	63	0	164,217,218,219,221,552,558,564,594,597,602,604	165,219,220,221,223,550,556,562,592,595,600,602	2	8,9,10,11,12,21,22,23,24,25,26,27	112	438	759	30|7|1|4|2|2|6|6|1|2|1|1
GA	Allmis	LTR	ERV4	SFV1-13_AMi-LTR	JH733097:313546-314306+	JH739617:371028-371790-	30	67	0	289,292,294,299,306,552,558,564,600,602,604	294,297,299,304,311,554,560,566,602,604,606	2	7,8,9,10,11,19,20,21,22,23,24	71	313	761	30|6|1|3|4|3|7|5|1|1|2|4
GA	Allmis	LTR	ERV4	SFV1-13_AMi-LTR	JH733097:313546-314306+	JH734117:638217-638971+	40	78	0	382,390,392,394,396,552,558,564,597,602,604,621	379,387,389,391,393,546,552,558,591,596,598,615	2	14,15,16,17,18,26,27,28,29,30,31,32	85	237	757	40|9|2|2|2|2|6|4|0|2|2|2
GA	Allmis	LTR	ERV4	SFV1-13_AMi-LTR	JH733097:313546-314306+	JH736990:99315-100082-	34	66	0	371,382,394,396,412,540,549,552,558,564,604,621	382,393,405,407,423,548,556,559,565,571,611,628	2	16,17,18,19,20,23,24,25,26,27,28,29	123	247	763	34|7|1|2|1|2|5|2|2|2|4|4
GA	Allmis	LTR	ERV4	SFV1-13_AMi-LTR	JH733097:313546-314306+	JH734215:45816-46564+	41	76	0	600,602,604,616,621,715,717,718,719,725,726,727	588,590,592,604,609,703,705,706,707,713,714,715	2	23,24,25,26,27,32,33,34,35,36,37,38	35	128	754	41|5|1|2|3|1|11|5|2|1|2|2
GA	Allmis	LTR	ERV4	SFV1-13_AMi-LTR	JH733097:313546-314306+	JH737439:88420-89179-	49	95	0	217,218,219,221,229,348,349,350,352,359,371,382,594,598,600,602,604,621	218,219,220,222,230,347,348,349,351,358,370,381,593,597,599,601,603,620	3	14,15,16,17,18,25,26,27,28,29,30,31,42,43,44,45,46,47	76	403	759	49|9|1|2|2|7|4|7|1|4|6|3
GA	Allmis	LTR	ERV4	SFV1-13_AMi-LTR	JH733097:313546-314306+	JH735343:299021-299775+	55	93	0	390,392,394,396,404,412,549,552,558,564,598,600,602,604,616,621,715,717,718,725,726,727	388,390,392,394,402,410,543,546,552,558,592,594,596,598,610,615,709,711,712,719,720,721	3	21,22,23,24,25,26,34,35,36,37,38,39,40,41,42,43,49,50,51,52,53,54	109	334	746	55|5|3|2|3|3|4|6|1|3|5|3
GA	Allmis	LTR	ERV4	SFV1-13_AMi-LTR	JH733097:313546-314306+	JH733622:687916-688674-	62	98	0	217,218,219,221,229,254,291,292,294,299,305,306,349,371,382,390,392,394,396,404,412,598,600,602,604,621	220,221,222,224,232,255,292,293,295,300,306,307,350,372,384,392,394,396,398,406,414,596,598,600,602,619	4	18,19,20,21,22,25,26,27,28,29,30,31,35,36,37,38,39,40,41,42,43,54,55,56,57,58	155	400	748	62|7|1|2|2|3|5|7|0|2|4|2
GA	Allmis	LTR	ERV4	SFV1-13_AMi-LTR	JH733097:313546-314306+	JH735597:1032167-1032920+	62	94	0	210,221,229,231,233,286,291,292,294,299,305,392,394,396,404,412,552,558,564,572,594,600,602,604,621	216,227,235,237,239,292,297,298,300,305,311,398,400,402,410,418,546,552,558,566,588,594,596,598,615	4	11,12,13,14,15,19,20,21,22,23,24,29,30,31,32,33,43,44,45,46,47,48,49,50,51	135	400	756	62|5|2|4|4|1|5|5|1|1|1|3
GA	Allmis	LTR	ERV4	SFV1-13_AMi-LTR	JH733107:93586-94342+	JH737633:134518-135276+	32	62	0	134,159,161,165,209,212,222,545,560,590,598,600,617	133,158,160,164,208,211,222,547,562,592,600,602,619	2	5,6,7,8,9,10,11,23,24,25,26,27,28	163	487	757	32|13|0|0|1|1|3|10|0|0|1|1
GA	Allmis	LTR	ERV4	SFV1-13_AMi-LTR	JH733107:93586-94342+	JH734117:638217-638971+	43	78	0	338,340,343,347,348,349,381,385,389,391,393,395,536,548,560,598,600,617	336,338,341,345,346,347,379,383,387,389,391,393,534,546,558,596,598,615	3	8,9,10,11,12,13,15,16,17,18,19,20,30,31,32,33,34,35	109	280	755	43|9|1|0|2|2|5|9|0|0|2|0
GA	Allmis	LTR	ERV4	SFV1-13_AMi-LTR	JH733107:93586-94342+	JH734215:45816-46564+	39	61	0	596,598,600,612,617,674,688,693,711,713,714,715,721,722,723,746,747,748	588,590,592,604,609,666,680,685,703,705,706,707,713,714,715,738,739,740	2	21,22,23,24,25,27,28,29,30,31,32,33,34,35,36,37,38,39	97	153	752	39|5|0|0|1|1|6|9|0|0|0|0
GA	Allmis	LTR	ERV4	SFV1-13_AMi-LTR	JH733107:93586-94342+	JH735341:1473633-1474397+	36	64	0	159,161,165,209,212,343,360,370,381,393,395,447,450	166,168,172,216,219,352,369,379,391,403,405,457,460	2	3,4,5,6,7,17,18,19,20,21,22,23,24	163	295	739	36|6|0|0|1|1|6|9|0|0|1|0
GA	Allmis	LTR	ERV4	SFV1-13_AMi-LTR	JH733107:93586-94342+	JH735343:299021-299775+	56	85	0	389,391,393,395,403,411,594,596,598,600,612,617,670,674,688,711,713,714,721,722,723,730	388,390,392,394,402,410,592,594,596,598,610,615,668,672,686,709,711,712,719,720,721,728	3	23,24,25,26,27,28,39,40,41,42,43,44,47,48,49,50,51,52,53,54,55,56	108	341	744	56|5|3|1|1|2|4|10|0|1|2|0
GA	Allmis	LTR	ERV4	SFV1-13_AMi-LTR	JH733107:93586-94342+	JH737439:88420-89179-	52	90	0	218,219,220,222,244,338,340,347,348,349,351,360,370,381,385,594,596,598,600,617	218,219,220,222,244,338,340,347,348,349,351,360,370,381,385,597,599,601,603,620	3	13,14,15,16,17,23,24,25,26,27,28,29,30,31,32,46,47,48,49,50	99	403	757	52|10|0|0|1|5|4|12|0|2|4|0
GA	Allmis	LTR	ERV4	SFV1-13_AMi-LTR	JH733107:93586-94342+	JH735597:1032167-1032920+	62	87	0	159,161,165,209,212,222,232,244,370,381,391,393,395,403,411,437,447,450,460,465,536,548,560,568,590	164,166,170,214,217,227,237,251,377,388,398,400,402,410,418,444,454,457,467,472,534,546,558,566,588	3	9,10,11,12,13,14,15,16,28,29,30,31,32,33,34,35,36,37,38,39,42,43,44,45,46	239	425	754	62|5|0|2|3|1|3|9|1|0|0|1
GA	Allmis	LTR	ERV4	SFV1-13_AMi-LTR	JH733107:93586-94342+	JH733622:687916-688674-	67	96	0	117,120,122,126,134,218,219,220,222,232,360,370,381,385,389,391,393,395,403,411,419,594,596,598,600,617	116,119,121,125,135,220,221,222,224,234,362,373,384,388,392,394,396,398,406,414,422,596,598,600,602,619	4	7,8,9,10,11,20,21,22,23,24,39,40,41,42,43,44,45,46,47,48,49,58,59,60,61,62	120	504	746	67|5|0|0|2|2|4|10|0|1|4|0
GA	Allmis	LTR	ERV4	SFV1-13_AMi-LTR	JH733156:591967-592711-	JH738772:94377-95140-	42	74	0	102,108,121,18,229,231,233,237,245,247,40,68,74	102,108,123,18,232,234,236,240,248,250,40,68,74	2	1,2,3,4,5,6,7,13,14,15,16,17,18	125	233	750	42|7|2|1|3|4|6|7|1|1|0|0
GA	Allmis	LTR	ERV4	SFV1-13_AMi-LTR	JH733156:591967-592711-	JH736990:99315-100082-	35	69	0	102,18,370,374,382,384,40,400,439,68,98	102,18,393,397,40,405,407,423,462,68,98	2	1,2,3,4,5,17,18,19,20,21,22	155	445	755	35|8|0|2|2|2|6|7|1|2|1|3
GA	Allmis	LTR	ERV4	SFV1-13_AMi-LTR	JH733156:591967-592711-	JH734215:45816-46564+	42	70	0	584,586,588,600,605,699,701,702,703,709,710,711	588,590,592,604,609,703,705,706,707,713,714,715	2	23,24,25,26,27,33,34,35,36,37,38,39	35	128	746	42|4|0|0|3|2|8|6|0|2|2|1
GA	Allmis	LTR	ERV4	SFV1-13_AMi-LTR	JH733156:591967-592711-	JH735343:299021-299775+	57	90	0	102,121,18,378,380,382,384,392,40,400,524,533,536,548,582,584,586,588,600,605,68,699,701,702,709,710,711,718	102,121,18,388,390,392,394,40,402,410,534,543,546,558,592,594,596,598,610,615,68,709,711,712,719,720,721,728	5	1,2,3,4,5,23,24,25,26,27,28,35,36,37,38,39,40,41,42,43,44,51,52,53,54,55,56,57	230	711	738	57|5|3|0|3|3|5|6|0|3|3|2
GA	Allmis	LTR	ERV4	SFV1-13_AMi-LTR	JH733156:591967-592711-	JH733622:687916-688674-	65	96	0	102,116,119,121,125,133,178,183,204,208,210,217,218,221,229,237,278,279,286,292,293,370,374,378,380,382,384,392,400,493,503,510,524,536,548,98	102,116,119,121,125,135,181,186,207,211,213,220,221,224,232,238,292,293,300,306,307,384,388,392,394,396,398,406,414,507,517,524,538,550,562,98	6	5,6,7,8,9,10,11,16,17,18,19,20,21,22,23,24,25,29,30,31,32,33,38,39,40,41,42,43,44,45,49,50,51,52,53,54	200	465	740	65|5|1|0|3|2|6|6|0|3|4|0
GA	Allmis	LTR	ERV4	SFV1-13_AMi-LTR	JH733156:591967-592711-	JH737439:88420-89179-	52	95	0	217,218,221,229,237,335,336,337,338,347,349	218,219,222,230,236,347,348,349,350,358,360	2	14,15,16,17,18,25,26,27,28,29,30	33	143	751	52|11|0|0|2|6|6|10|0|4|4|0
GA	Allmis	LTR	ERV4	SFV1-13_AMi-LTR	JH733156:591967-592711-	JH733438:131269-131742-	47	70	0	335,336,337,338,347,349,370,374,378,380,382,384,400,709,710,711,713,715	103,107,109,111,113,129,438,439,440,442,444,65,66,67,68,76,78,99	3	5,6,7,8,9,10,11,12,13,14,15,16,17,41,42,43,44,45	73	380	473	47|5|0|0|2|1|4|6|0|2|1|1
GA	Allmis	LTR	ERV4	SFV1-13_AMi-LTR	JH733202:670755-671488+	JH734117:638217-638971+	38	92	0	337,339,342,346,347,348,380,384,388,390,392,394,396	336,338,341,345,346,347,379,383,387,389,391,393,395	2	8,9,10,11,12,13,15,16,17,18,19,20,21	29	60	738	38|10|4|1|3|3|7|6|1|0|1|10
GA	Allmis	LTR	ERV4	SFV1-13_AMi-LTR	JH733202:670755-671488+	JH735343:299021-299775+	46	95	0	120,122,158,164,183,388,390,392,394,396,402,410	121,123,158,164,183,388,390,392,394,396,402,410	2	6,7,8,9,10,24,25,26,27,28,29,30	86	290	662	46|8|1|3|0|4|4|7|1|1|7|10
GA	Allmis	LTR	ERV4	SFV1-13_AMi-LTR	JH733207:408713-409447+	JH738606:45170-45925+	25	68	0	230,257,265,293,313,567,570,577,594,600	228,255,263,291,311,589,592,599,616,622	2	7,8,9,10,11,19,20,21,22,23	118	395	744	25|7|0|3|2|3|5|5|0|2|4|1
GA	Allmis	LTR	ERV4	SFV1-13_AMi-LTR	JH733207:408713-409447+	JH734215:45816-46564+	37	83	0	573,575,577,589,594,666,671,689,691,692,693,699,700,701,724,725,726	588,590,592,604,609,680,685,703,705,706,707,713,714,715,738,739,740	2	20,21,22,23,24,26,27,28,29,30,31,32,33,34,35,36,37	83	153	741	37|10|2|1|1|3|8|7|0|1|0|2
GA	Allmis	LTR	ERV4	SFV1-13_AMi-LTR	JH733207:408713-409447+	JH735343:299021-299775+	50	94	0	291,293,298,313,326,387,391,393,395,401,409,571,573,575,577,589,594,666,689,691,692,699,700,701,708	290,292,297,312,325,388,392,394,396,402,410,592,594,596,598,610,615,686,709,711,712,719,720,721,728	4	14,15,16,17,18,21,22,23,24,25,26,35,36,37,38,39,40,43,44,45,46,47,48,49,50	126	439	733	50|8|2|3|0|4|2|8|0|1|5|1
GA	Allmis	LTR	ERV4	SFV1-13_AMi-LTR	JH733207:408713-409447+	JH735597:1032167-1032920+	61	107	0	133,146,148,159,165,230,232,244,246,249,257,285,290,291,293,298,304,313,340,379,391,393,395,401,409,567,573,575,577,594	137,151,153,164,170,235,237,251,253,256,264,292,297,298,300,305,311,320,347,388,400,402,404,410,418,588,594,596,598,615	5	4,5,6,7,8,11,12,13,14,15,16,17,18,19,20,21,22,23,24,26,27,28,29,30,31,46,47,48,49,50	207	479	743	61|10|1|3|1|3|5|8|1|0|1|2
GA	Allmis	LTR	ERV4	SFV1-13_AMi-LTR	JH733233:144679-144937+	JH735597:1032167-1032920+	17	22	0	133,135,146,148,164,184,209,211,222,230,232,234,246,251	138,140,151,153,169,189,214,216,227,235,237,239,251,256	1	4,5,6,7,8,9,10,11,12,13,14,15,16,17	119	119	260	17|2|0|0|0|0|2|0|0|1|0|0
GA	Allmis	LTR	ERV4	SFV1-13_AMi-LTR	JH733253:17519-18256+	JH735259:229764-230473-	35	66	0	377,398,406,412,414,428,436,652,678,688,702,707	366,387,395,401,403,417,425,641,667,677,691,696	2	15,16,17,18,19,20,21,31,32,33,34,35	116	331	712	35|6|1|1|3|2|5|3|0|3|5|1
GA	Allmis	LTR	ERV4	SFV1-13_AMi-LTR	JH733276:838629-839390+	JH738772:94377-95140-	30	50	0	108,121,135,18,293,300,328,372,383,387,397,40,413,439,74	108,123,137,18,295,302,330,374,385,389,399,40,415,441,74	2	1,2,3,4,5,6,14,15,16,17,18,19,20,21,22	267	424	758	30|4|1|1|1|1|3|2|1|1|1|0
GA	Allmis	LTR	ERV4	SFV1-13_AMi-LTR	JH733276:838629-839390+	JH738606:45170-45925+	24	57	0	218,219,220,222,230,541,565,595,598,605,622,628	216,217,218,220,228,535,559,589,592,599,616,622	2	4,5,6,7,8,17,18,19,20,21,22,23	101	407	758	24|7|0|0|2|0|10|3|0|2|4|1
GA	Allmis	LTR	ERV4	SFV1-13_AMi-LTR	JH733276:838629-839390+	JH736990:99315-100082-	25	59	0	372,383,387,395,397,413,510,520,541,550,565	382,393,397,405,407,423,517,527,547,556,571	2	11,12,13,14,15,16,17,18,19,20,21	191	190	764	25|10|0|1|0|0|8|5|2|1|1|2
GA	Allmis	LTR	ERV4	SFV1-13_AMi-LTR	JH733276:838629-839390+	JH734117:638217-638971+	36	72	0	340,342,345,349,350,351,383,387,391,393,395,397,510,520,523,541,565	336,338,341,345,346,347,379,383,387,389,391,393,503,513,516,534,558	3	7,8,9,10,11,12,14,15,16,17,18,19,23,24,25,26,27	83	223	757	36|10|2|0|1|0|8|4|0|1|1|0
GA	Allmis	LTR	ERV4	SFV1-13_AMi-LTR	JH733276:838629-839390+	JH734215:45816-46564+	32	58	0	601,603,605,617,622,716,718,719,720,726,727,728	588,590,592,604,609,703,705,706,707,713,714,715	2	16,17,18,19,20,24,25,26,27,28,29,30	35	128	754	32|4|0|0|1|1|10|4|0|1|1|0
GA	Allmis	LTR	ERV4	SFV1-13_AMi-LTR	JH733276:838629-839390+	JH735343:299021-299775+	50	78	0	391,393,395,397,405,413,599,601,603,605,617,622,716,718,719,726,727,728,735	388,390,392,394,402,410,592,594,596,598,610,615,709,711,712,719,720,721,728	3	18,19,20,21,22,23,32,33,34,35,36,37,42,43,44,45,46,47,48	67	341	757	50|5|3|0|1|2|4|4|0|2|3|1
GA	Allmis	LTR	ERV4	SFV1-13_AMi-LTR	JH733276:838629-839390+	JH734091:183738-184507+	30	71	0	372,383,387,391,393,395,397,413,510,520,541,565,573	384,395,399,403,405,407,409,425,519,529,550,574,582	2	11,12,13,14,15,16,17,18,20,21,22,23,24	106	199	765	30|8|2|1|4|3|8|6|2|1|2|1
GA	Allmis	LTR	ERV4	SFV1-13_AMi-LTR	JH733276:838629-839390+	JH737439:88420-89179-	45	84	0	218,219,220,222,230,340,342,349,350,351,353,360,372,383,387,595,599,601,603,605,622	218,219,220,222,230,338,340,347,348,349,351,358,370,381,385,593,597,599,601,603,620	3	11,12,13,14,15,21,22,23,24,25,26,27,28,29,30,39,40,41,42,43,44	89	403	755	45|9|0|0|1|5|6|7|0|3|4|1
GA	Allmis	LTR	ERV4	SFV1-13_AMi-LTR	JH733276:838629-839390+	JH733622:687916-688674-	57	86	0	116,119,121,125,133,135,218,219,220,222,230,292,293,300,306,307,340,342,345,350,372,383,387,391,393,395,397,405,413,599,601,603,605,622,98	116,119,121,125,133,135,220,221,222,224,232,292,293,300,306,307,340,342,345,350,372,384,388,392,394,396,398,406,414,596,598,600,602,619,98	4	4,5,6,7,8,9,10,15,16,17,18,19,24,25,26,27,28,29,30,31,32,33,34,35,36,37,38,39,40,41,49,50,51,52,53	198	522	748	57|7|0|0|0|1|5|6|0|1|4|0
GA	Allmis	LTR	ERV4	SFV1-13_AMi-LTR	JH733276:838629-839390+	JH735597:1032167-1032920+	55	82	0	133,135,146,148,184,211,222,230,232,234,287,292,293,300,306,342,353,372,383,393,395,397,405,413,520,523,527,565,573,595,601,603,605,622	138,140,151,153,189,216,227,235,237,239,292,297,298,305,311,347,358,377,388,398,400,402,410,418,520,523,527,558,566,588,594,596,598,615	6	3,4,5,6,7,8,9,10,11,12,17,18,19,20,21,22,23,24,25,26,27,28,29,30,36,37,38,39,40,41,42,43,44,45	328	478	757	55|6|0|1|2|1|6|4|1|1|1|0
GA	Allmis	LTR	ERV4	SFV1-13_AMi-LTR	JH733277:23886-24638-	JH734215:45816-46564+	36	55	0	210,212,223,231,233,684,689,707,709,710,711,717,718,719,742,743,744	208,210,221,229,231,680,685,703,705,706,707,713,714,715,738,739,740	2	8,9,10,11,12,25,26,27,28,29,30,31,32,33,34,35,36	85	533	750	36|8|0|0|0|0|7|2|0|0|2|0
GA	Allmis	LTR	ERV4	SFV1-13_AMi-LTR	JH733277:23886-24638-	JH737242:1129367-1130125-	28	53	0	102,134,136,149,165,210,219,220,221,223,544,556,586,589,596	102,133,135,148,164,209,219,220,221,223,550,562,592,595,602	3	3,4,5,6,7,8,9,10,11,12,22,23,24,25,26	176	501	755	28|9|0|2|1|1|5|5|0|0|2|0
GA	Allmis	LTR	ERV4	SFV1-13_AMi-LTR	JH733277:23886-24638-	JH735341:1473633-1474397+	30	54	0	219,220,221,223,249,346,363,385,397,399,451	225,226,227,229,255,352,369,391,403,405,457	2	7,8,9,10,11,14,15,16,17,18,19	137	233	737	30|9|1|0|0|0|5|3|0|0|2|0
GA	Allmis	LTR	ERV4	SFV1-13_AMi-LTR	JH733277:23886-24638-	JH738772:94377-95140-	37	63	0	102,108,124,136,165,363,385,389,399,415,419	102,108,123,137,166,364,385,389,399,415,419	2	5,6,7,8,9,19,20,21,22,23,24	121	318	754	37|9|2|1|2|1|4|3|1|0|2|1
GA	Allmis	LTR	ERV4	SFV1-13_AMi-LTR	JH733277:23886-24638-	JH735597:1032167-1032920+	60	79	0	134,136,147,149,165,210,212,223,231,233,235,247,249,252,288,293,301,307,343,354,385,395,397,399,407,415,441,451,464,469,477,501,518,521,532,544,556,564,586,592,596,613	136,138,151,153,169,214,216,227,235,237,239,251,253,256,292,297,305,311,347,358,388,398,400,402,410,418,444,454,467,472,480,504,520,523,534,546,558,566,588,594,598,615	5	5,6,7,8,9,11,12,13,14,15,16,17,18,19,21,22,23,24,25,26,27,28,29,30,31,32,33,34,35,36,37,38,39,40,41,42,43,44,45,46,47,48	403	480	752	60|9|0|1|1|0|3|3|1|0|1|0
GA	Allmis	LTR	ERV4	SFV1-13_AMi-LTR	JH733277:23886-24638-	JH734117:638217-638971+	40	75	0	341,343,346,350,351,352,385,389,393,395,397,399,532,544,556,589,596,613	336,338,341,345,346,347,379,383,387,389,391,393,534,546,558,591,598,615	3	8,9,10,11,12,13,14,15,16,17,18,19,27,28,29,30,31,32	141	280	753	40|13|2|0|1|3|7|3|0|0|2|0
GA	Allmis	LTR	ERV4	SFV1-13_AMi-LTR	JH733277:23886-24638-	JH735343:299021-299775+	52	76	0	221,223,231,247,249,393,395,397,399,407,415,541,544,556,590,592,596,608,613,630,684,707,709,710,717,718,719,726	219,221,229,243,245,388,390,392,394,402,410,543,546,558,592,594,598,610,615,632,686,709,711,712,719,720,721,728	4	11,12,13,14,15,22,23,24,25,26,27,33,34,35,36,37,38,39,40,41,45,46,47,48,49,50,51,52	183	510	742	52|8|3|1|0|1|4|3|0|1|3|0
GA	Allmis	LTR	ERV4	SFV1-13_AMi-LTR	JH733277:23886-24638-	JH733622:687916-688674-	58	84	0	102,119,122,124,128,134,136,219,220,221,223,231,293,301,307,308,341,343,346,351,363,385,389,393,395,397,399,407,415,423,98	102,116,119,121,125,135,137,220,221,222,224,232,292,300,306,307,340,342,345,350,362,384,388,392,394,396,398,406,414,422,98	4	5,6,7,8,9,10,11,12,19,20,21,22,23,27,28,29,30,31,32,33,34,35,36,37,38,39,40,41,42,43,44	185	325	744	58|10|0|0|1|2|2|4|0|1|5|0
GA	Allmis	LTR	ERV4	SFV1-13_AMi-LTR	JH733279:547687-548453+	JH734091:183738-184507+	35	71	0	208,209,228,229,230,232,245,391,395,399,401,403,414,421	208,209,228,229,230,232,245,395,399,403,405,407,418,425	2	8,9,10,11,12,13,14,20,21,22,23,24,25,26	69	218	767	35|7|3|0|1|2|12|8|2|0|1|0
GA	Allmis	LTR	ERV4	SFV1-13_AMi-LTR	JH733279:547687-548453+	JH737439:88420-89179-	35	84	0	228,229,230,232,234,348,350,358,359,361,368	218,219,220,222,224,338,340,348,349,351,358	2	9,10,11,12,13,19,20,21,22,23,24	28	141	762	35|12|2|0|2|7|5|14|0|2|3|2
GA	Allmis	LTR	ERV4	SFV1-13_AMi-LTR	JH733279:547687-548453+	JH733622:687916-688674-	52	91	0	102,116,119,121,133,228,229,230,232,234,300,301,303,308,314,315,348,350,353,391,395,399,401,403,413,414,421,98	102,116,119,121,135,220,221,222,224,226,292,293,295,300,306,307,340,342,345,384,388,392,394,396,406,407,414,98	4	4,5,6,7,8,9,15,16,17,18,19,24,25,26,27,28,29,30,31,32,34,35,36,37,38,39,40,41	130	317	751	52|8|1|0|2|3|7|13|0|1|2|1
GA	Allmis	LTR	ERV4	SFV1-13_AMi-LTR	JH733279:547687-548453+	JH735597:1032167-1032920+	49	86	0	242,245,254,259,295,300,301,303,308,314,350,391,401,403,413,414,421	239,242,251,256,292,297,298,300,305,311,347,388,398,400,410,411,418	3	13,14,15,16,17,18,19,20,21,22,23,25,26,27,28,29,30	141	180	759	49|7|2|0|4|3|8|9|1|0|0|3
GA	Allmis	LTR	ERV4	SFV1-13_AMi-LTR	JH733284:743034-743788+	JH738772:94377-95140-	37	74	0	235,237,239,243,251,253,260,264,298,300,305,365,386,390,400,402,416	232,234,236,240,248,250,257,261,295,297,302,364,385,389,399,401,415	2	10,11,12,13,14,15,16,17,18,19,20,21,22,23,24,25,26	185	184	755	37|10|1|4|2|5|5|5|1|0|1|3
GA	Allmis	LTR	ERV4	SFV1-13_AMi-LTR	JH733284:743034-743788+	JH734488:249461-250226+	25	75	0	543,546,558,598,615,662,707,713,720,731,735	554,557,569,609,626,673,718,724,731,742,746	2	14,15,16,17,18,19,21,22,23,24,25	149	193	759	25|11|1|3|4|2|12|4|2|2|4|5
GA	Allmis	LTR	ERV4	SFV1-13_AMi-LTR	JH733284:743034-743788+	JH738606:45170-45925+	31	83	0	223,224,225,227,235,588,591,598,615,621	216,217,218,220,228,589,592,599,616,622	2	9,10,11,12,13,25,26,27,28,29	47	407	754	31|12|2|3|1|5|11|4|1|2|6|5
GA	Allmis	LTR	ERV4	SFV1-13_AMi-LTR	JH733284:743034-743788+	JH734215:45816-46564+	42	88	0	216,227,235,237,243,594,596,598,610,615,709,711,712,713,719,720,721,744,745,746	210,221,229,231,237,588,590,592,604,609,703,705,706,707,713,714,715,738,739,740	3	10,11,12,13,14,24,25,26,27,28,33,34,35,36,37,38,39,40,41,42	88	531	751	42|8|1|2|4|2|11|6|2|1|3|6
GA	Allmis	LTR	ERV4	SFV1-13_AMi-LTR	JH733284:743034-743788+	JH735341:1473633-1474397+	34	84	0	223,224,225,227,243,253,295,298,300,305,363,365,386,398,400,402	225,226,227,229,245,255,297,300,302,307,367,369,391,403,405,407	3	7,8,9,10,11,12,13,14,15,16,18,19,20,21,22,23	125	183	738	34|11|1|2|2|6|9|3|1|1|4|6
GA	Allmis	LTR	ERV4	SFV1-13_AMi-LTR	JH733284:743034-743788+	JH737439:88420-89179-	53	103	0	223,224,225,227,235,243,251,253,264,298,300,305,352,353,354,356,363,365,386,390,588,592,594,596,598,615	218,219,220,222,230,236,244,246,257,291,293,298,347,348,349,351,358,360,381,385,593,597,599,601,603,620	4	15,16,17,18,19,20,21,22,23,24,25,26,29,30,31,32,33,34,35,36,46,47,48,49,50,51	149	403	756	53|11|1|1|2|7|8|6|1|3|6|4
GA	Allmis	LTR	ERV4	SFV1-13_AMi-LTR	JH733284:743034-743788+	JH735343:299021-299775+	55	104	0	251,253,264,298,300,305,394,396,398,400,402,408,416,592,594,596,598,610,615,709,711,712,719,720,721,728	243,245,256,290,292,297,388,390,392,394,396,402,410,592,594,596,598,610,615,709,711,712,719,720,721,728	4	15,16,17,18,19,20,24,25,26,27,28,29,30,39,40,41,42,43,44,49,50,51,52,53,54,55	122	486	743	55|10|3|2|3|6|5|5|1|1|7|6
GA	Allmis	LTR	ERV4	SFV1-13_AMi-LTR	JH733284:743034-743788+	JH735597:1032167-1032920+	64	113	0	216,227,235,237,239,243,251,253,256,264,292,297,298,300,305,311,356,386,396,398,400,402,408,416,588,594,596,598,615	216,227,235,237,239,243,251,253,256,264,292,297,298,300,305,311,358,388,398,400,402,404,410,418,588,594,596,598,615	4	12,13,14,15,16,17,18,19,20,21,22,23,24,25,26,27,29,30,31,32,33,34,35,36,48,49,50,51,52	186	400	753	64|10|1|3|5|4|7|7|2|1|2|7
GA	Allmis	LTR	ERV4	SFV1-13_AMi-LTR	JH733284:743034-743788+	JH733622:687916-688674-	64	111	0	121,124,130,138,140,223,224,225,227,235,243,251,253,260,264,297,298,300,305,311,312,352,365,386,390,394,396,398,400,402,408,416,510,520,527,546,558,592,594,596,598,615	116,119,125,135,137,220,221,222,224,232,238,246,248,255,259,292,293,295,300,306,307,347,362,384,388,392,394,396,398,400,406,414,507,517,524,550,562,596,598,600,602,619	6	7,8,9,10,11,18,19,20,21,22,23,24,25,26,27,28,29,30,31,32,33,37,38,39,40,41,42,43,44,45,46,47,50,51,52,53,54,55,56,57,58,59	293	504	745	64|11|1|2|3|4|7|5|1|2|7|3
GA	Allmis	LTR	ERV4	SFV1-13_AMi-LTR	JH733284:1160655-1161447+	JH734215:45816-46564+	37	56	0	632,634,636,648,653,724,729,747,749,750,751,757,758,759	588,590,592,604,609,680,685,703,705,706,707,713,714,715	2	20,21,22,23,24,26,27,28,29,30,31,32,33,34	58	128	639	37|4|0|0|2|1|7|5|0|0|0|0
GA	Allmis	LTR	ERV4	SFV1-13_AMi-LTR	JH733284:1160655-1161447+	JH735597:1032167-1032920+	63	83	0	252,254,273,275,277,289,291,294,330,335,336,338,343,349,385,436,438,440,448,456,482,492,495,505,510,518,542,549,558,561,565,572,584,596,604,626,632,634,636,653	214,216,235,237,239,251,253,256,292,297,298,300,305,311,347,398,400,402,410,418,444,454,457,467,472,480,504,511,520,523,527,534,546,558,566,588,594,596,598,615	6	9,10,11,12,13,14,15,16,18,19,20,21,22,23,24,28,29,30,31,32,33,34,35,36,37,38,39,40,41,42,43,44,45,46,47,48,49,50,51,52	320	402	639	63|4|0|1|3|1|5|5|1|0|0|0
GA	Allmis	LTR	ERV4	SFV1-13_AMi-LTR	JH733284:1160655-1161447+	JH736990:99315-100082-	35	70	0	405,420,426,438,440,456,460,558,572,581,584,596	372,387,393,405,407,423,427,527,547,556,559,571	2	14,15,16,17,18,19,20,24,25,26,27,28	101	200	659	35|10|0|1|2|2|8|6|1|1|1|3
GA	Allmis	LTR	ERV4	SFV1-13_AMi-LTR	JH733284:1160655-1161447+	JH737439:88420-89179-	44	71	0	261,262,263,273,289,291,383,385,393,394,396,403,405,420,426,626,630,632,634,636,653	218,219,220,230,244,246,338,340,348,349,351,358,360,375,381,593,597,599,601,603,620	3	8,9,10,11,12,13,18,19,20,21,22,23,24,25,26,38,39,40,41,42,43	101	403	644	44|6|0|1|1|3|3|7|1|1|4|0
GA	Allmis	LTR	ERV4	SFV1-13_AMi-LTR	JH733284:1160655-1161447+	JH733622:687916-688674-	59	86	0	146,160,163,165,169,177,335,336,338,343,349,350,383,385,388,393,405,420,426,434,436,438,440,448,456,464,630,632,634,636,653	102,116,119,121,125,135,292,293,295,300,306,307,340,342,345,350,362,378,384,392,394,396,398,406,414,422,596,598,600,602,619	4	1,2,3,4,5,6,24,25,26,27,28,29,30,31,32,33,34,35,36,37,38,39,40,41,42,43,51,52,53,54,55	190	518	644	59|7|0|0|3|3|4|7|0|1|1|0
GA	Allmis	LTR	ERV4	SFV1-13_AMi-LTR	JH733310:16382-17109+	JH734735:652264-652991+	39	64	0	102,118,120,132,219,220,222,230,232,267,293,294,307,348,356,379,382,98	103,121,123,135,222,223,225,233,235,270,296,297,310,345,351,374,377,99	3	5,6,7,8,9,12,13,14,15,16,17,18,19,20,21,22,23,24	194	279	727	39|5|0|0|1|1|2|6|0|1|2|1
GA	Allmis	LTR	ERV4	SFV1-13_AMi-LTR	JH733310:16382-17109+	JH737364:67877-68602-	53	82	0	219,220,222,230,232,260,268,281,288,293,294,307,348,356,368,379,380,382,564,567,569,571,588,594,601,635,645,664,665,708,712,717,719	219,220,222,230,232,260,268,281,288,293,294,307,342,350,362,373,374,376,562,565,567,569,586,592,599,633,643,662,663,706,710,715,717	5	9,10,11,12,13,15,16,17,18,19,20,21,22,23,24,25,26,27,39,40,41,42,43,44,45,46,47,48,49,50,51,52,53	289	499	726	53|5|0|0|0|2|3|4|1|2|3|2
GA	Allmis	LTR	ERV4	SFV1-13_AMi-LTR	JH733310:16382-17109+	JH738206:37267-37987-	49	69	0	102,118,120,124,132,159,294,307,308,348,356,379,380,382,390,567,569,571,583,588,628,635,645,708,717,718,719,98	102,118,120,124,132,151,286,299,300,334,342,365,366,368,376,561,563,565,577,582,622,629,639,702,711,712,713,98	4	4,5,6,7,8,9,10,15,16,17,18,19,20,21,22,23,38,39,40,41,42,43,44,45,46,47,48,49	299	616	721	49|2|0|0|0|2|4|3|2|0|0|1
GA	Allmis	LTR	ERV4	SFV1-13_AMi-LTR	JH733310:16382-17109+	JH734362:442498-443287-	20	33	0	478,492,495,499,503,635,645,664,684,686	540,554,557,561,565,697,707,726,746,748	2	5,6,7,8,9,16,17,18,19,20	78	209	374	20|1|0|0|0|0|1|3|1|1|1|0
GA	Allmis	LTR	ERV4	SFV1-5_AMi-I	JH733197:27176-28823-	JH735436:2661-5665-	63	151	0	364,367,374,376,377,762,765,770,775,788,790	1359,1362,1367,1372,1385,1387,961,964,971,973,974	2	5,6,7,8,9,40,41,42,43,44,45	43	427	1215	63|30|4|3|4|0|18|16|0|1|3|2
GA	Allmis	LTR	ERV4	SFV1-13_AMi-LTR	JH733348:562933-563649-	JH734735:652264-652991+	38	53	0	117,119,131,156,210,218,219,221,229,231,246,266,292,293,295,306	121,123,135,160,214,222,223,225,233,235,250,270,296,297,299,310	2	8,9,10,11,12,13,14,15,16,17,18,19,20,21,22,23	191	190	721	38|4|1|0|1|0|3|4|0|0|2|0
GA	Allmis	LTR	ERV4	SFV1-13_AMi-LTR	JH733348:562933-563649-	JH737364:67877-68602-	52	65	0	131,156,158,204,210,218,219,221,229,231,341,349,361,372,375,428,443,471,485,488,496,531,553,556,558,560,577,583,590,624,634,653,654,697,701,706,708	132,157,159,205,211,219,220,222,230,232,342,350,362,373,376,429,444,472,490,493,501,540,562,565,567,569,586,592,599,633,643,662,663,706,710,715,717	5	4,5,6,7,8,9,10,11,12,13,24,25,26,27,28,30,31,32,33,34,35,37,38,39,40,41,42,43,44,45,46,47,48,49,50,51,52	388	586	720	52|3|1|0|0|1|1|1|1|1|2|1
GA	Allmis	LTR	ERV4	SFV1-13_AMi-LTR	JH733348:562933-563649-	JH738206:37267-37987-	50	62	0	101,117,119,123,131,158,17,18,204,210,229,231,293,295,306,307,341,349,372,375,383,391,396,399,40,403,496,515,538,556,558,560,572,577,617,624,634,68,697,706,707,708,97	102,118,120,124,132,151,17,18,197,203,222,224,286,288,299,300,334,342,365,368,376,384,389,392,396,40,497,516,543,561,563,565,577,582,622,629,639,68,702,711,712,713,98	4	1,2,3,4,5,6,7,8,9,10,11,12,13,14,15,16,17,18,19,20,21,22,23,24,25,26,27,28,36,37,38,39,40,41,42,43,44,45,46,47,48,49,50	599	697	715	50|2|1|0|2|1|2|2|2|0|0|0
GA	Allmis	LTR	ERV4	SFV1-13_AMi-LTR	JH733348:882033-882788+	JH737633:134518-135276+	30	86	0	364,374,385,401,407,581,584,589,591,608	362,372,384,400,406,592,595,600,602,619	2	11,12,13,14,15,23,24,25,26,27	73	258	756	30|12|1|2|4|0|7|14|1|0|5|6
GA	Allmis	LTR	ERV4	SFV1-13_AMi-LTR	JH733348:882033-882788+	JH734215:45816-46564+	34	85	0	587,589,591,603,608,710,712,713,714,720,721,722	588,590,592,604,609,703,705,706,707,713,714,715	2	19,20,21,22,23,28,29,30,31,32,33,34	35	128	740	34|6|2|1|4|1|7|15|1|0|3|7
GA	Allmis	LTR	ERV4	SFV1-13_AMi-LTR	JH733348:882033-882788+	JH735343:299021-299775+	56	112	0	395,397,399,401,407,415,585,587,589,591,603,608,710,712,713,720,721,722,729,745,746,747	390,392,394,396,402,410,592,594,596,598,610,615,709,711,712,719,720,721,728,744,745,746	3	23,24,25,26,27,28,36,37,38,39,40,41,47,48,49,50,51,52,53,54,55,56	83	357	754	56|9|2|2|1|2|2|17|1|1|6|9
GA	Allmis	LTR	ERV4	SFV1-13_AMi-LTR	JH733354:139754-140509+	JH734215:45816-46564+	27	76	0	663,673,687,710,712,713,714,720,721,722,745,746,747	656,666,680,703,705,706,707,713,714,715,738,739,740	1	15,16,17,18,19,20,21,22,23,24,25,26,27	85	85	751	27|5|1|1|1|2|10|3|0|0|1|1
GA	Allmis	LTR	ERV4	SFV1-13_AMi-LTR	JH733354:139754-140509+	JH735343:299021-299775+	42	91	0	389,391,393,395,403,535,544,547,559,593,597,599,611,616,710,712,713,720,721,722,729	388,390,392,394,402,534,543,546,558,592,596,598,610,615,709,711,712,719,720,721,728	3	11,12,13,14,15,22,23,24,25,26,27,28,29,30,36,37,38,39,40,41,42	117	341	743	42|6|2|1|1|2|4|4|0|1|4|0
GA	Allmis	LTR	ERV4	SFV1-13_AMi-LTR	JH733354:139754-140509+	JH733622:687916-688674-	49	97	0	292,297,303,304,337,342,381,389,391,393,395,403	295,300,306,307,340,345,384,392,394,396,398,406	2	19,20,21,22,23,24,26,27,28,29,30,31	74	112	745	49|7|1|0|1|2|3|5|0|0|4|0
GA	Allmis	LTR	ERV4	SFV1-13_AMi-LTR	JH733354:139754-140509+	JH737439:88420-89179-	37	97	0	346,347,348,350,381,589,593,597,599,616	347,348,349,351,381,593,597,601,603,620	2	15,16,17,18,19,31,32,33,34,35	63	274	757	37|11|1|0|1|6|3|7|0|2|5|0
GA	Allmis	LTR	ERV4	SFV1-13_AMi-LTR	JH733354:139754-140509+	JH735597:1032167-1032920+	47	96	0	437,447,450,460,465,535,547,559,567,589,597,599,616,663,673	444,454,457,467,472,534,546,558,566,588,596,598,615,661,671	2	21,22,23,24,25,29,30,31,32,33,34,35,36,37,38	167	228	754	47|7|1|1|2|1|6|4|1|0|1|1
GA	Allmis	LTR	ERV4	SFV1-13_AMi-LTR	JH733354:139754-140509+	JH733438:131269-131742-	42	53	0	346,347,348,350,381,389,391,393,395,589,593,597,599,616,663,687,693,710,712,713,714,720,721,722,724,726,745,746	107,109,111,113,307,311,315,317,334,381,405,411,428,430,431,432,438,439,440,442,444,463,464,65,66,67,69,99	4	6,7,8,9,10,11,12,13,14,23,24,25,26,27,28,30,31,32,33,34,35,36,37,38,39,40,41,42	185	400	473	42|4|0|0|1|0|2|3|0|0|0|0
GA	Allmis	LTR	ERV4	SFV1-13_AMi-LTR	JH733397:3506-4273-	JH735343:299021-299775+	34	58	0	547,556,571,605,607,609,623,681,685,699,722,724,725,732,733,734,741	534,543,558,592,594,596,610,668,672,686,709,711,712,719,720,721,728	2	17,18,19,20,21,22,23,25,26,27,28,29,30,31,32,33,34	138	195	749	34|4|2|2|0|2|6|6|1|1|0|0
GA	Allmis	LTR	ERV4	SFV1-13_AMi-LTR	JH733397:3506-4273-	JH735597:1032167-1032920+	42	66	0	214,225,243,255,260,301,309,315,446,456,459,469,474,482,571,579,601,607,609,685	219,227,239,251,256,297,305,311,444,454,457,467,472,480,558,566,588,594,596,671	3	6,7,8,9,10,11,12,13,20,21,22,23,24,25,28,29,30,31,32,33	244	453	760	42|6|0|2|2|1|6|6|1|0|0|0
GA	Allmis	LTR	ERV4	SFV1-13_AMi-LTR	JH733397:3506-4273-	JH733438:131269-131742-	33	48	0	369,390,394,402,420,424,699,704,705,722,724,725,726,732,733,734,736,738	103,111,129,133,405,410,411,428,430,431,432,438,439,440,442,444,78,99	3	7,8,9,10,11,12,22,23,24,25,26,27,28,29,30,31,32,33	97	367	462	33|4|0|0|1|0|3|4|1|0|1|0
GA	Allmis	LTR	ERV4	SFV1-13_AMi-LTR	JH733400:722466-723233+	JH737633:134518-135276+	35	93	0	137,162,164,168,187,589,592,597,599,616	133,158,160,164,183,592,595,600,602,619	2	5,6,7,8,9,27,28,29,30,31	79	487	762	35|15|2|3|4|6|9|9|2|0|2|5
GA	Allmis	LTR	ERV4	SFV1-13_AMi-LTR	JH733400:722466-723233+	JH737242:1129367-1130125-	35	91	0	162,164,168,222,223,225,589,592,597,599,629	159,161,165,219,220,222,592,595,600,602,632	2	9,10,11,12,13,14,28,29,30,31,32	105	474	762	35|11|2|3|7|4|10|9|2|0|3|4
GA	Allmis	LTR	ERV4	SFV1-13_AMi-LTR	JH733400:722466-723233+	JH735343:299021-299775+	47	106	0	247,249,260,294,296,301,593,595,597,599,611,616	243,245,256,290,292,297,592,594,596,598,610,615	2	15,16,17,18,19,20,38,39,40,41,42,43	79	373	695	47|12|4|2|8|4|3|13|1|0|6|5
GA	Allmis	LTR	ERV4	SFV1-13_AMi-LTR	JH733417:362677-363398+	JH734735:652264-652991+	39	56	0	102,118,120,132,157,211,219,220,222,230,232,247,267,293,294,296,307,464,472,486,489,497,516,528,68,98	103,121,123,135,160,214,222,223,225,233,235,250,270,296,297,299,310,465,473,489,492,500,519,531,69,99	3	4,5,6,7,8,9,10,11,12,13,14,15,16,17,18,19,20,21,22,26,27,28,29,30,31,32	310	463	724	39|3|0|0|1|0|4|3|1|0|2|1
GA	Allmis	LTR	ERV4	SFV1-13_AMi-LTR	JH733417:362677-363398+	JH737364:67877-68602-	54	79	0	102,132,157,159,205,211,219,220,222,230,232,350,362,373,374,376,429,431,444,472,486,489,493,497,516,528,536,558,561,563,565,582,588	102,132,157,159,205,211,219,220,222,230,232,350,362,373,374,376,429,431,444,472,490,493,497,501,520,532,540,562,565,567,569,586,592	6	3,4,5,6,7,8,9,10,11,12,13,24,25,26,27,28,30,31,32,33,34,35,36,37,38,39,40,41,42,43,44,45,46	325	491	723	54|5|0|0|1|1|5|2|2|1|4|1
GA	Allmis	LTR	ERV4	SFV1-13_AMi-LTR	JH733417:362677-363398+	JH738206:37267-37987-	50	68	0	102,118,120,124,132,159,18,205,211,230,232,294,296,307,308,350,373,374,376,384,392,397,40,400,404,561,563,565,577,582,68,98	102,118,120,124,132,151,18,197,203,222,224,286,288,299,300,342,365,366,368,376,384,389,392,396,40,561,563,565,577,582,68,98	3	1,2,3,4,5,6,7,8,9,10,11,12,13,14,15,16,17,18,19,20,21,22,23,24,25,26,27,39,40,41,42,43	402	565	718	50|3|0|0|1|0|5|3|3|0|1|0
GA	Allmis	LTR	ERV4	SFV1-13_AMi-LTR	JH733428:144532-144731+	JH738206:37267-37987-	13	14	0	100,107,117,180,189,190,191,21,39,41,43,55,60	543,561,563,565,577,582,622,629,639,702,711,712,713	2	1,2,3,4,5,6,7,8,9,10,11,12,13	172	171	198	13|0|0|0|0|0|1|0|0|0|0|0
GA	Allmis	LTR	ERV4	SFV1-13_AMi-LTR	JH733430:28650-29042-	JH733438:131269-131742-	25	43	0	24,28,32,34,357,358,359,36,361,363,38,382,383	103,107,109,111,113,438,439,440,442,444,463,464,99	2	1,2,3,4,5,6,19,20,21,22,23,24,25	42	366	394	25|6|0|0|1|1|3|5|0|0|1|0
GA	Allmis	LTR	ERV4	SFV1-13_AMi-LTR	JH733447:288398-289177-	JH733809:264312-265068+	32	64	0	374,384,400,408,410,535,545,571,583,616	361,371,387,395,397,506,516,549,561,594	2	15,16,17,18,19,23,24,25,26,27	126	234	761	32|3|0|2|2|2|6|8|0|3|4|2
GA	Allmis	LTR	ERV4	SFV1-13_AMi-LTR	JH733447:288398-289177-	JH734117:638217-638971+	43	80	0	352,354,357,361,362,363,396,400,404,406,408,410,535,545,548,571,583,616,687,697,732,744,745,746	336,338,341,345,346,347,379,383,387,389,391,393,503,513,516,546,558,591,662,672,707,719,720,721	4	8,9,10,11,12,13,14,15,16,17,18,19,28,29,30,31,32,33,37,38,39,40,41,42	208	386	760	43|5|1|1|2|1|8|8|0|2|3|1
GA	Allmis	LTR	ERV4	SFV1-13_AMi-LTR	JH733447:288398-289177-	JH738772:94377-95140-	39	77	0	104,18,374,396,40,400,410,426,430,70,76	102,18,364,385,389,399,40,415,419,68,74	2	1,2,3,4,5,20,21,22,23,24,25	141	402	765	39|6|4|2|3|3|5|8|1|2|2|2
GA	Allmis	LTR	ERV4	SFV1-13_AMi-LTR	JH733447:288398-289177-	JH735597:1032167-1032920+	61	93	0	299,304,305,307,312,318,354,396,406,408,410,418,426,559,571,583,591,613,621,623,640	292,297,298,300,305,311,347,388,398,400,402,410,418,534,546,558,566,588,596,598,615	2	19,20,21,22,23,24,25,26,27,28,29,30,31,43,44,45,46,47,48,49,50	209	324	760	61|4|2|1|4|1|3|8|1|2|2|4
GA	Allmis	LTR	ERV4	SFV1-13_AMi-LTR	JH733447:288398-289177-	JH737439:88420-89179-	46	96	0	352,354,361,362,363,372,374,396,400,613,617,621,623,640	338,340,347,348,349,358,360,381,385,593,597,601,603,620	2	21,22,23,24,25,26,27,28,29,40,41,42,43,44	76	283	763	46|7|2|2|2|10|4|15|0|2|4|2
GA	Allmis	LTR	ERV4	SFV1-13_AMi-LTR	JH733480:70454-70916-	JH734488:249461-250226+	20	34	0	251,254,266,306,323,336,363,370,399,415,421,428,439,443	554,557,569,609,626,639,666,673,702,718,724,731,742,746	2	7,8,9,10,11,12,13,14,15,16,17,18,19,20	194	193	461	20|4|0|0|1|0|5|3|0|1|0|0
GA	Allmis	LTR	ERV4	SFV1-13_AMi-LTR	JH733480:70454-70916-	JH734117:638217-638971+	33	50	0	101,11,299,304,306,323,370,380,4,44,46,49,53,54,87,91,95,97,99	296,303,336,338,341,345,346,379,383,387,389,391,393,591,596,598,615,662,672	3	1,2,3,4,5,6,7,9,10,11,12,13,14,23,24,25,26,27,28	148	377	462	33|7|2|0|0|1|3|4|0|0|0|0
GA	Allmis	LTR	ERV4	SFV1-13_AMi-LTR	JH733480:70454-70916-	JH738772:94377-95140-	23	47	0	101,304,306,323,363,370,66,76,87,91	364,374,385,389,399,605,607,624,664,671	2	3,4,5,6,7,16,17,18,19,20	103	308	459	23|6|1|1|1|1|5|7|1|0|1|0
GA	Allmis	LTR	ERV4	SFV1-13_AMi-LTR	JH733480:70454-70916-	JH735341:1473633-1474397+	22	43	0	101,304,306,323,363,370,64,66,76,87,99	367,369,380,391,403,405,614,616,633,673,680	2	3,4,5,6,7,8,16,17,18,19,20	106	314	442	22|4|0|0|1|0|6|6|0|0|0|0
GA	Allmis	LTR	ERV4	SFV1-13_AMi-LTR	JH733480:70454-70916-	JH733622:687916-688674-	35	51	0	101,109,300,302,304,306,323,66,76,87,91,95,97,99	362,373,384,388,392,394,396,398,406,596,598,600,602,619	2	8,9,10,11,12,13,14,15,16,26,27,28,29,30	69	258	451	35|3|0|0|0|1|5|6|0|0|0|0
GA	Allmis	LTR	ERV4	SFV1-13_AMi-LTR	JH733480:70454-70916-	JH737439:88420-89179-	28	53	0	296,300,302,304,306,323,44,46,53,54,57,64,66,76,87,91	338,340,347,348,351,358,360,370,381,385,593,597,599,601,603,620	2	2,3,4,5,6,7,8,9,10,11,21,22,23,24,25,26	76	283	458	28|6|0|0|1|2|3|10|0|1|2|0
GA	Allmis	LTR	ERV4	SFV1-13_AMi-LTR	JH733480:70454-70916-	JH735597:1032167-1032920+	36	56	0	101,109,143,153,156,166,171,296,302,304,306,323,370,57,76,87,97,99	358,377,388,398,400,402,410,444,454,457,467,472,588,594,596,598,615,661	3	4,5,6,7,8,9,10,12,13,14,15,16,21,22,23,24,25,26	156	304	457	36|2|0|2|4|0|4|6|1|0|0|1
GA	Allmis	LTR	ERV4	LT-47_AMi-I	JH734278:380893-381649-	JH735017:58869-61045+	52	156	0	317,320,321,329,330,331,618,619,624,634,636,637	317,320,321,329,330,331,623,624,629,639,641,642	2	20,21,22,23,24,25,40,41,42,43,44,45	35	326	758	52|21|5|5|8|1|26|21|2|3|6|5
GA	Allmis	LTR	ERV4	SFV1-13_AMi-LTR	JH733526:1761-2518+	JH738606:45170-45925+	31	69	0	220,221,222,224,232,594,597,604,618,624	216,217,218,220,228,589,592,599,616,622	2	7,8,9,10,11,26,27,28,29,30	47	407	756	31|7|0|1|1|1|12|7|2|1|4|2
GA	Allmis	LTR	ERV4	SFV1-13_AMi-LTR	JH733526:1761-2518+	JH734117:638217-638971+	41	73	0	342,344,347,352,353,374,385,389,393,397,399,597,602,604,618,665	336,338,341,346,347,368,379,383,387,391,393,591,596,598,615,662	3	10,11,12,13,14,15,16,17,18,19,20,32,33,34,35,36	131	327	750	41|7|1|1|1|1|10|4|0|0|1|1
GA	Allmis	LTR	ERV4	SFV1-13_AMi-LTR	JH733526:1761-2518+	JH734215:45816-46564+	34	60	0	600,602,604,613,618,712,714,715,716,722,723,724	588,590,592,604,609,703,705,706,707,713,714,715	2	20,21,22,23,24,28,29,30,31,32,33,34	35	128	741	34|4|0|1|2|0|10|6|1|0|1|1
GA	Allmis	LTR	ERV4	SFV1-13_AMi-LTR	JH733526:1761-2518+	JH735343:299021-299775+	49	79	0	393,397,399,407,415,598,600,602,604,613,618,712,714,715,722,723,724	388,392,394,402,410,592,594,596,598,610,615,709,711,712,719,720,721	3	19,20,21,22,23,33,34,35,36,37,38,43,44,45,46,47,48	60	334	744	49|5|4|1|2|1|4|7|1|1|2|2
GA	Allmis	LTR	ERV4	SFV1-13_AMi-LTR	JH733526:1761-2518+	JH735597:1032167-1032920+	58	86	0	150,166,213,224,232,234,236,248,250,261,289,294,295,385,397,399,407,415,441,451,454,464,469,477,502,594,600,602,604,618,665	153,169,216,227,235,237,239,251,253,264,292,297,298,388,400,402,410,418,444,454,457,467,472,480,504,588,594,596,598,615,661	5	7,8,9,10,11,12,13,15,16,17,18,19,20,27,28,29,30,31,32,33,34,35,36,37,38,45,46,47,48,49,50	327	509	750	58|6|0|2|4|0|6|7|1|0|1|1
GA	Allmis	LTR	ERV4	SFV1-13_AMi-LTR	JH733526:1761-2518+	JH733622:687916-688674-	64	95	0	118,121,123,127,135,137,220,221,222,224,232,385,389,393,397,399,407,415,454,469,509,519,526,598,600,602,604,618	116,119,121,125,135,137,220,221,222,224,232,384,388,392,396,398,406,414,453,468,507,517,524,596,598,600,602,619	5	6,7,8,9,10,11,16,17,18,19,20,38,39,40,41,42,43,44,46,47,48,49,50,54,55,56,57,58	162	504	757	64|5|0|1|3|1|7|7|0|1|4|1
GA	Allmis	LTR	ERV4	SFV1-13_AMi-LTR	JH733526:1761-2518+	JH737439:88420-89179-	50	99	0	220,221,222,224,232,342,344,352,353,355,362,364,374,594,598,600,602,604,618	218,219,220,222,230,338,340,348,349,351,358,360,370,593,597,599,601,603,620	3	12,13,14,15,16,23,24,25,26,27,28,29,30,44,45,46,47,48,49	74	403	758	50|8|0|1|4|5|8|10|1|3|6|3
GA	Allmis	LTR	ERV4	SFV1-13_AMi-LTR	JH733540:129720-130478+	JH738606:45170-45925+	31	62	0	217,218,219,221,229,592,595,602,619,625	216,217,218,220,228,589,592,599,616,622	2	8,9,10,11,12,25,26,27,28,29	47	407	756	31|6|0|0|2|1|6|7|0|1|6|1
GA	Allmis	LTR	ERV4	SFV1-13_AMi-LTR	JH733540:129720-130478+	JH737242:1129367-1130125-	31	64	0	132,134,147,158,164,208,217,218,219,221,592,595,600,602,632	133,135,148,159,165,209,219,220,221,223,592,595,600,602,632	3	3,4,5,6,7,8,9,10,11,12,25,26,27,28,29	133	500	758	31|8|0|2|3|1|5|10|0|0|3|0
GA	Allmis	LTR	ERV4	SFV1-13_AMi-LTR	JH733540:129720-130478+	JH737633:134518-135276+	33	71	0	158,164,183,208,210,221,592,595,600,602,619	158,164,183,209,211,222,592,595,600,602,619	2	6,7,8,9,10,11,25,26,27,28,29	93	462	758	33|14|0|0|2|0|4|10|0|0|5|2
GA	Allmis	LTR	ERV4	SFV1-13_AMi-LTR	JH733540:129720-130478+	JH735341:1473633-1474397+	35	58	0	158,164,183,208,210,217,218,219,221,289,292	166,172,191,216,218,225,226,227,229,297,300	2	2,3,4,5,6,7,8,9,10,11,12	136	135	740	35|5|0|0|0|1|4|5|1|0|3|1
GA	Allmis	LTR	ERV4	SFV1-13_AMi-LTR	JH733540:129720-130478+	JH734488:249461-250226+	24	60	0	507,517,547,550,562,695,711,717,724,735	514,524,554,557,569,702,718,724,731,742	2	9,10,11,12,13,19,20,21,22,23	97	229	761	24|9|0|1|1|0|7|8|2|1|3|3
GA	Allmis	LTR	ERV4	SFV1-13_AMi-LTR	JH733540:129720-130478+	JH734215:45816-46564+	39	62	0	183,208,210,221,229,231,598,600,602,614,619,666,676,690,695,713,715,716,717,723,724,725	183,208,210,221,229,231,588,590,592,604,609,656,666,680,685,703,705,706,707,713,714,715	3	7,8,9,10,11,12,21,22,23,24,25,26,27,28,29,30,31,32,33,34,35,36	178	533	753	39|6|0|0|1|0|5|8|0|0|2|0
GA	Allmis	LTR	ERV4	SFV1-13_AMi-LTR	JH733540:129720-130478+	JH734117:638217-638971+	44	78	0	339,341,344,348,349,350,507,517,520,538,550,562	336,338,341,345,346,347,503,513,516,534,546,558	2	9,10,11,12,13,14,27,28,29,30,31,32	68	223	756	44|8|2|0|1|1|7|5|0|1|3|0
GA	Allmis	LTR	ERV4	SFV1-13_AMi-LTR	JH733540:129720-130478+	JH735343:299021-299775+	51	78	0	221,229,245,258,292,383,391,395,397,405,413,507,538,547,550,562,596,598,600,602,614,619,672,676,690,713,715,716,723,724,725,732	220,229,243,256,290,380,390,392,394,402,410,503,534,543,546,558,592,594,596,598,610,615,668,672,686,709,711,712,719,720,721,728	5	10,11,12,13,14,18,19,20,21,22,23,29,30,31,32,33,34,35,36,37,38,39,42,43,44,45,46,47,48,49,50,51	277	509	745	51|5|3|1|1|1|2|8|0|1|4|0
GA	Allmis	LTR	ERV4	SFV1-13_AMi-LTR	JH733540:129720-130478+	JH734091:183738-184507+	39	84	0	391,393,395,397,413,507,517,538,550,562,570	403,405,407,409,425,519,529,550,562,574,582	2	17,18,19,20,21,27,28,29,30,31,32	87	180	763	39|8|2|1|5|4|7|10|2|0|4|1
GA	Allmis	LTR	ERV4	SFV1-13_AMi-LTR	JH733540:129720-130478+	JH733622:687916-688674-	63	94	0	118,120,124,132,134,178,183,204,208,210,217,218,219,221,229,245,254,258,291,292,294,299,305,306,339,341,344,349,391,393,395,397,405,413,596,598,600,602,619	119,121,125,135,137,181,186,207,211,213,220,221,222,224,232,246,255,259,292,293,295,300,306,307,340,342,345,350,392,394,396,398,406,414,596,598,600,602,619	7	6,7,8,9,10,13,14,15,16,17,18,19,20,21,22,23,24,25,26,27,28,29,30,31,32,33,34,35,39,40,41,42,43,44,54,55,56,57,58	239	501	747	63|7|0|0|2|1|2|10|0|1|6|0
GA	Allmis	LTR	ERV4	SFV1-13_AMi-LTR	JH733540:129720-130478+	JH735597:1032167-1032920+	62	86	0	132,134,145,147,158,164,183,208,210,221,229,231,233,245,250,258,286,291,292,294,299,305,341,352,393,395,397,405,413,517,520,524,550,562,570,592,598,600,602,619	138,140,151,153,164,170,189,214,216,227,235,237,239,251,256,264,292,297,298,300,305,311,347,358,398,400,402,410,418,520,523,527,546,558,566,588,594,596,598,615	5	4,5,6,7,8,9,10,11,12,13,14,15,16,17,18,19,20,21,22,23,24,25,26,27,29,30,31,32,33,40,41,42,43,44,45,46,47,48,49,50	340	478	755	62|7|0|1|2|0|2|8|1|0|2|0
GA	Allmis	LTR	ERV4	SFV1-13_AMi-LTR	JH733540:129720-130478+	JH737439:88420-89179-	51	95	0	217,218,219,221,229,245,258,292,339,341,348,349,350,352,359,592,596,598,600,602,619	218,219,220,222,230,244,257,291,338,340,347,348,349,351,358,593,597,599,601,603,620	3	13,14,15,16,17,18,19,20,23,24,25,26,27,28,29,44,45,46,47,48,49	123	403	758	51|11|0|0|2|5|3|10|0|3|8|1
GA	Allmis	LTR	ERV4	SFV1-13_AMi-LTR	JH733540:137200-137390+	JH738772:94377-95140-	10	10	0	103,109,125,163,169,18,40,48,69,75	102,108,123,161,167,18,40,48,68,74	1	1,2,3,4,5,6,7,8,9,10	150	150	189	10|0|0|0|0|0|0|0|0|0|0|0
GA	Allmis	LTR	ERV4	SFV1-13_AMi-LTR	JH733540:137200-137390+	JH738109:223708-224467-	10	10	0	103,123,125,137,150,152,163,40,48,69	102,120,122,134,147,149,160,40,48,68	1	1,2,3,4,5,6,7,8,9,10	121	121	187	10|0|0|0|0|0|0|0|0|0|0|0
GA	Allmis	LTR	ERV4	SFV1-13_AMi-LTR	JH733542:49747-50504+	JH733809:264312-265068+	28	49	0	360,370,386,394,396,549,561,594,599,601	361,371,387,395,397,549,561,594,599,601	2	13,14,15,16,17,20,21,22,23,24	90	241	756	28|3|0|1|0|1|7|4|0|2|2|1
GA	Allmis	LTR	ERV4	SFV1-13_AMi-LTR	JH733542:49747-50504+	JH738606:45170-45925+	28	53	0	218,219,220,222,257,265,267,317,591,594,601,618,624	216,217,218,220,255,263,265,315,589,592,599,616,622	2	7,8,9,10,11,12,13,14,23,24,25,26,27	134	407	756	28|5|0|0|0|1|9|1|1|3|4|1
GA	Allmis	LTR	ERV4	SFV1-13_AMi-LTR	JH733542:49747-50504+	JH739617:371028-371790-	29	54	0	288,291,298,305,317,549,561,597,599,601	294,297,304,311,323,554,566,602,604,606	2	7,8,9,10,11,20,21,22,23,24	83	313	759	29|7|0|0|2|0|8|4|0|2|1|1
GA	Allmis	LTR	ERV4	SFV1-13_AMi-LTR	JH733542:49747-50504+	JH737242:1129367-1130125-	29	56	0	133,148,159,165,218,219,220,222,549,561,591,594,599,601	133,148,159,165,218,219,220,222,550,562,592,595,600,602	2	4,5,6,7,8,9,10,11,23,24,25,26,27,28	143	470	757	29|6|0|2|2|1|9|4|0|2|1|0
GA	Allmis	LTR	ERV4	SFV1-13_AMi-LTR	JH733542:49747-50504+	JH738772:94377-95140-	35	58	0	102,108,18,244,246,253,257,291,298,317,360,382,386,396,40,412,416,68,74	102,108,18,248,250,257,261,295,302,321,364,385,389,399,40,415,419,68,74	3	1,2,3,4,5,6,10,11,12,13,14,15,16,17,18,19,20,21,22	264	402	757	35|5|1|1|2|2|5|3|1|1|1|1
GA	Allmis	LTR	ERV4	SFV1-13_AMi-LTR	JH733542:49747-50504+	JH734117:638217-638971+	36	66	0	338,340,343,348,349,382,386,390,392,394,396,506,516,519,549,561,594,599,601,618	336,338,341,346,347,379,383,387,389,391,393,503,513,516,546,558,591,596,598,615	3	6,7,8,9,10,11,12,13,14,15,16,21,22,23,24,25,26,27,28,29	172	280	755	36|9|2|0|1|1|6|3|0|2|1|0
GA	Allmis	LTR	ERV4	SFV1-13_AMi-LTR	JH733542:49747-50504+	JH736990:99315-100082-	32	57	0	102,18,360,382,386,394,396,40,412,416,506,516,546,549,561,601,618,68,98	102,18,372,393,397,40,405,407,423,427,517,527,556,559,571,611,628,68,98	3	1,2,3,4,5,15,16,17,18,19,20,21,23,24,25,26,27,28,29	253	611	762	32|7|0|0|0|1|6|3|2|2|2|2
GA	Allmis	LTR	ERV4	SFV1-13_AMi-LTR	JH733542:49747-50504+	JH734215:45816-46564+	35	55	0	597,599,601,613,618,714,715,716,722,723,724,747,748,749	588,590,592,604,609,705,706,707,713,714,715,738,739,740	2	19,20,21,22,23,27,28,29,30,31,32,33,34,35	58	153	752	35|5|0|0|0|1|8|4|1|1|0|0
GA	Allmis	LTR	ERV4	SFV1-13_AMi-LTR	JH733542:49747-50504+	JH735343:299021-299775+	48	70	0	220,222,244,246,257,291,298,317,390,392,394,396,404,412,506,546,549,561,595,597,599,601,613,618,714,715,722,723,724,731	219,221,243,245,256,290,297,316,388,390,392,394,402,410,503,543,546,558,592,594,596,598,610,615,711,712,719,720,721,728	4	9,10,11,12,13,14,15,16,20,21,22,23,24,25,30,31,32,33,34,35,36,37,38,39,43,44,45,46,47,48	252	510	744	48|5|2|1|0|3|3|4|0|1|3|0
GA	Allmis	LTR	ERV4	SFV1-13_AMi-LTR	JH733542:49747-50504+	JH735341:1473633-1474397+	32	58	0	246,288,291,298,317,358,360,370,382,394,396,448	255,297,300,307,326,367,369,379,391,403,405,457	2	10,11,12,13,14,16,17,18,19,20,21,22	163	203	739	32|6|0|1|0|1|8|3|0|1|1|1
GA	Allmis	LTR	ERV4	SFV1-13_AMi-LTR	JH733542:49747-50504+	JH734091:183738-184507+	37	72	0	370,382,386,390,392,394,396,412,416,506,516,549,561,569	383,395,399,403,405,407,409,425,429,519,529,562,574,582	2	14,15,16,17,18,19,20,21,22,26,27,28,29,30	111	200	763	37|6|2|0|1|5|11|4|2|1|2|1
GA	Allmis	LTR	ERV4	SFV1-13_AMi-LTR	JH733542:49747-50504+	JH733622:687916-688674-	61	87	0	218,219,220,222,232,244,246,253,257,290,291,298,304,305,317,348,360,370,382,386,390,392,394,396,404,412,420,595,597,599,601,618	220,221,222,224,234,246,248,255,259,292,293,300,306,307,319,350,362,372,384,388,392,394,396,398,406,414,422,596,598,600,602,619	4	17,18,19,20,21,22,23,24,25,26,27,28,29,30,31,35,36,37,38,39,40,41,42,43,44,45,46,53,54,55,56,57	198	400	746	61|6|0|0|1|2|5|5|0|2|4|0
GA	Allmis	LTR	ERV4	SFV1-13_AMi-LTR	JH733542:49747-50504+	JH735597:1032167-1032920+	55	75	0	133,146,148,159,165,184,211,222,232,244,246,249,257,285,290,291,298,304,317,351,382,392,394,396,404,412,438,448,461,466,474,549,561,569,591,597,599,601,618	138,151,153,164,170,189,216,227,237,251,253,256,264,292,297,298,305,311,324,358,388,398,400,402,410,418,444,454,467,472,480,546,558,566,588,594,596,598,615	4	5,6,7,8,9,10,11,12,13,14,15,16,17,18,19,20,21,22,23,25,26,27,28,29,30,31,32,33,34,35,36,38,39,40,41,42,43,44,45	381	478	755	55|6|0|1|1|1|4|4|1|1|0|1
GA	Allmis	LTR	ERV4	SFV1-13_AMi-LTR	JH733542:49747-50504+	JH737439:88420-89179-	48	87	0	218,219,220,222,244,246,257,291,298,338,340,348,349,351,358,360,382,386,591,595,597,599,601,618	218,219,220,222,244,246,257,291,298,338,340,348,349,351,358,360,381,385,593,597,599,601,603,620	3	13,14,15,16,17,18,19,20,21,23,24,25,26,27,28,29,30,31,42,43,44,45,46,47	157	403	758	48|10|0|0|1|5|6|6|0|4|6|1
GA	Allmis	LTR	ERV4	SFV1-13_AMi-LTR	JH733545:41084-41802+	JH738206:37267-37987-	45	57	0	102,118,120,124,159,18,205,211,343,351,374,375,377,385,393,398,40,401,405,487,490,498,517,540,558,560,562,574,579,68,98	102,118,120,124,151,18,197,203,334,342,365,366,368,376,384,389,392,396,40,486,489,497,516,543,561,563,565,577,582,68,98	4	1,2,3,4,5,6,7,8,9,10,11,17,18,19,20,21,22,23,24,25,26,33,34,35,36,37,38,39,40,41,42	347	565	706	45|3|0|0|0|0|4|3|2|0|0|0
GA	Allmis	LTR	ERV4	SFV1-13_AMi-LTR	JH733545:41084-41802+	JH737364:67877-68602-	50	74	0	343,351,363,374,375,377,533,555,558,560,562,579,585,592	342,350,362,373,374,376,540,562,565,567,569,586,592,599	2	22,23,24,25,26,27,38,39,40,41,42,43,44,45	95	258	710	50|6|1|0|0|1|5|4|1|1|3|1
GA	Allmis	LTR	ERV4	SFV1-13_AMi-LTR	JH733545:41084-41802+	JH734362:442498-443287-	20	31	0	374,377,418,430,432,473,487,490,494,498	437,440,481,493,495,536,554,557,561,565	2	1,2,3,4,5,7,8,9,10,11	89	129	372	20|1|1|0|0|0|5|2|1|0|1|0
GA	Allmis	LTR	ERV4	SFV1-13_AMi-LTR	JH733588:833407-833858-	JH734215:45816-46564+	26	42	0	291,293,295,307,312,406,408,409,410,416,417,418	588,590,592,604,609,703,705,706,707,713,714,715	2	8,9,10,11,12,17,18,19,20,21,22,23	35	128	452	26|2|0|0|1|0|3|6|1|0|1|2
GA	Allmis	LTR	ERV4	SFV1-13_AMi-LTR	JH733588:834517-835272-	JH738109:223708-224467-	27	57	0	102,122,124,136,149,151,162,167,40,68	102,120,122,134,147,149,160,165,40,68	1	1,2,3,4,5,6,7,8,9,10	126	126	757	27|5|0|0|1|1|11|9|0|1|2|0
GA	Allmis	LTR	ERV4	SFV1-13_AMi-LTR	JH733588:834517-835272-	JH734215:45816-46564+	34	58	0	599,601,603,615,620,666,667,677,691,696,714,716,717,718,745,746,747	588,590,592,604,609,655,656,666,680,685,703,705,706,707,738,739,740	3	18,19,20,21,22,23,24,25,26,27,28,29,30,31,32,33,34	155	153	751	34|3|0|1|1|0|11|8|0|0|0|0
GA	Allmis	LTR	ERV4	SFV1-13_AMi-LTR	JH733588:834517-835272-	JH736990:99315-100082-	33	61	0	385,389,397,399,415,508,518,539,548,551,660,666,667,673,680	393,397,405,407,423,517,527,547,556,559,668,674,675,681,688	3	15,16,17,18,19,21,22,23,24,25,28,29,30,31,32	95	296	761	33|7|0|0|0|1|7|7|0|1|3|2
GA	Allmis	LTR	ERV4	SFV1-13_AMi-LTR	JH733588:834517-835272-	JH734117:638217-638971+	38	74	0	294,296,301,308,311,341,343,346,350,351,352,385,389,393,395,397,399	289,291,296,303,306,336,338,341,345,346,347,379,383,387,389,391,393	3	3,4,5,6,7,8,9,10,11,12,13,14,15,16,17,18,19	107	105	754	38|8|1|0|1|2|10|7|0|0|2|0
GA	Allmis	LTR	ERV4	SFV1-13_AMi-LTR	JH733588:834517-835272-	JH735341:1473633-1474397+	35	69	0	346,361,373,385,397,399,660,666,667,677,696	352,367,379,391,403,405,673,679,680,690,709	2	14,15,16,17,18,19,31,32,33,34,35	91	358	757	35|5|0|0|2|2|11|7|0|0|2|1
GA	Allmis	LTR	ERV4	SFV1-13_AMi-LTR	JH733588:834517-835272-	JH735343:299021-299775+	50	75	0	393,395,397,399,407,415,597,599,601,603,615,620	388,390,392,394,402,410,592,594,596,598,610,615	2	21,22,23,24,25,26,36,37,38,39,40,41	47	228	743	50|3|2|0|0|2|5|7|0|1|4|1
GA	Allmis	LTR	ERV4	SFV1-13_AMi-LTR	JH733588:834517-835272-	JH735597:1032167-1032920+	57	82	0	136,149,151,162,167,187,212,225,235,247,252,293,294,296,301,307,311,385,395,397,399,407,415	138,151,153,164,169,189,214,227,237,251,256,297,298,300,305,311,315,388,398,400,402,410,418	4	5,6,7,8,9,10,11,12,13,14,15,18,19,20,21,22,23,26,27,28,29,30,31	170	281	754	57|5|0|1|1|0|8|8|1|0|1|0
GA	Allmis	LTR	ERV4	SFV1-13_AMi-LTR	JH733588:834517-835272-	JH733622:687916-688674-	61	92	0	102,119,122,124,128,136,221,222,223,225,235,293,294,296,301,307,308,311,341,343,346,351,373,385,389,393,395,397,399,407,415,597,599,601,603,620,98	102,116,119,121,125,135,220,221,222,224,234,292,293,295,300,306,307,310,340,342,345,350,372,384,388,392,394,396,398,406,414,596,598,600,602,619,98	5	5,6,7,8,9,10,11,17,18,19,20,21,25,26,27,28,29,30,31,32,33,34,35,36,37,38,39,40,41,42,43,44,53,54,55,56,57	201	522	745	61|5|0|0|1|2|7|9|0|1|5|0
GA	Allmis	LTR	ERV4	SFV1-13_AMi-LTR	JH733588:834517-835272-	JH737439:88420-89179-	49	93	0	221,222,223,225,247,341,343,350,351,352,354,361,385,389,597,599,601,603,620	218,219,220,222,244,338,340,347,348,349,351,358,381,385,597,599,601,603,620	3	13,14,15,16,17,23,24,25,26,27,28,29,30,31,42,43,44,45,46	99	403	757	49|9|0|0|1|6|7|11|0|2|7|1
GA	Allmis	LTR	ERV4	SFV1-13_AMi-LTR	JH733590:96359-96909+	JH733622:687916-688674-	34	53	0	129,131,134,139,172,176,180,182,184,186,194,81,82,84,89,95,96	292,293,295,300,306,307,340,342,345,350,384,388,392,394,396,398,406	2	4,5,6,7,8,9,10,11,12,13,14,15,16,17,18,19,20	116	115	525	34|3|0|0|1|1|5|6|0|0|2|0
GA	Allmis	LTR	ERV4	SFV1-13_AMi-LTR	JH733590:96359-96909+	JH735597:1032167-1032920+	42	61	0	131,172,182,184,186,194,76,81,82,84,89,95	292,297,298,300,305,311,347,388,398,400,402,410	2	7,8,9,10,11,12,13,15,16,17,18,19	79	119	543	42|3|0|1|1|1|4|6|1|0|2|0
GA	Allmis	LTR	ERV4	SFV1-13_AMi-LTR	JH733590:98599-98926+	JH735343:299021-299775+	21	32	0	107,116,131,165,167,169,171,183,282,284,292,293,294,301	534,543,558,592,594,596,598,610,709,711,719,720,721,728	2	5,6,7,8,9,10,11,12,16,17,18,19,20,21	97	195	314	21|3|0|0|0|2|2|3|0|0|1|0
GA	Allmis	LTR	ERV4	SFV1-13_AMi-LTR	JH733596:78776-79535+	JH735343:299021-299775+	43	74	0	247,249,294,296,301,392,394,396,398,399,539,548,597,599,615,714,716,717,724,725,726	243,245,290,292,297,388,390,392,394,395,534,543,592,594,610,709,711,712,719,720,721	4	5,6,7,8,9,13,14,15,16,17,27,28,29,30,31,36,37,38,39,40,41	153	479	756	43|4|2|0|2|2|4|6|1|1|6|3
GA	Allmis	LTR	ERV4	SFV1-13_AMi-LTR	JH733596:78776-79535+	JH733622:687916-688674-	48	76	0	247,249,256,293,294,296,301,308,363,388,392,394,396,398,399	246,248,255,292,293,295,300,307,362,388,392,394,396,398,399	2	14,15,16,17,18,19,20,21,26,27,28,29,30,31,32	100	154	753	48|5|0|0|3|1|3|7|0|1|6|1
GA	Allmis	LTR	ERV4	SFV1-13_AMi-LTR	JH733596:78776-79535+	JH737439:88420-89179-	36	73	0	221,222,247,249,294,296,301,341,343,350,351,352,354,361	218,219,244,246,291,293,298,338,340,347,348,349,351,358	2	8,9,10,11,12,13,14,15,16,17,18,19,20,21	142	141	747	36|8|0|0|0|5|5|9|1|2|5|2
GA	Allmis	LTR	ERV4	SFV1-13_AMi-LTR	JH733596:78776-79535+	JH735597:1032167-1032920+	46	77	0	235,247,249,252,288,293,294,296,301,539,571,593,599,667	239,251,253,256,292,297,298,300,305,534,566,588,594,661	2	7,8,9,10,11,12,13,14,15,34,35,36,37,38	195	423	756	46|5|0|1|4|1|8|7|1|0|1|3
GA	Allmis	LTR	ERV4	SFV1-13_AMi-LTR	JH733613:7519-8198+	JH737242:1129367-1130125-	35	95	0	132,140,145,161,168,216,217,218,220,223	133,143,148,164,171,218,219,220,222,226	2	7,8,9,10,11,12,13,14,15,16	95	94	685	35|18|0|3|3|5|5|15|1|3|5|2
GA	Allmis	LTR	ERV4	SFV1-13_AMi-LTR	JH733622:689061-689527-	JH735343:301968-302453+	41	66	0	147,158,178,180,183,345,346,347,349,380,384,388,390,392,394,402,410,414	146,157,177,179,182,344,345,346,348,374,378,382,384,386,388,396,404,408	2	11,12,13,14,15,27,28,29,30,31,32,33,34,35,36,37,38,39	102	263	460	41|4|2|0|2|1|3|4|1|1|5|2
GA	Allmis	LTR	ERV4	SFV1-13_AMi-LTR	JH733625:137723-138479-	JH736241:1280918-1281680-	29	53	0	159,161,165,184,209,369,380,390,392,394,410,414	163,165,169,188,213,374,385,395,397,399,415,419	2	6,7,8,9,10,14,15,16,17,18,19,20	97	257	759	29|4|0|0|2|2|4|8|0|1|3|0
GA	Allmis	LTR	ERV4	SFV1-13_AMi-LTR	JH733625:137723-138479-	JH737633:134518-135276+	32	55	0	103,134,159,161,165,184,209,222,69,99	103,133,158,160,164,183,209,222,68,99	1	2,3,4,5,6,7,8,9,10,11	155	155	757	32|10|0|0|1|1|3|6|0|1|0|1
GA	Allmis	LTR	ERV4	SFV1-13_AMi-LTR	JH733625:137723-138479-	JH734117:638217-638971+	40	71	0	337,339,342,346,347,348,384,388,390,392,394,592,597,599,616,663,673	336,338,341,345,346,347,383,387,389,391,393,591,596,598,615,662,672	3	7,8,9,10,11,12,15,16,17,18,19,29,30,31,32,33,34	105	337	755	40|7|2|0|2|3|4|6|1|0|1|0
GA	Allmis	LTR	ERV4	SFV1-13_AMi-LTR	JH733625:137723-138479-	JH734215:45816-46564+	38	60	0	595,597,599,611,616,711,713,714,715,721,722,723	588,590,592,604,609,703,705,706,707,713,714,715	2	21,22,23,24,25,29,30,31,32,33,34,35	35	128	752	38|3|0|0|2|2|6|7|1|0|0|1
GA	Allmis	LTR	ERV4	SFV1-13_AMi-LTR	JH733625:137723-138479-	JH736990:99315-100082-	37	67	0	103,18,384,392,394,40,410,414,69,99	102,18,397,40,405,407,423,427,68,98	2	1,2,3,4,5,19,20,21,22,23	116	410	761	37|8|0|0|1|2|3|9|2|1|2|2
GA	Allmis	LTR	ERV4	SFV1-13_AMi-LTR	JH733625:137723-138479-	JH738772:94377-95140-	44	77	0	103,109,122,18,253,257,291,293,298,319,40,597,599,616,656,663,69,75	102,108,123,18,257,261,295,297,302,324,40,605,607,624,664,671,68,74	3	1,2,3,4,5,6,7,16,17,18,19,20,21,37,38,39,40,41	241	654	756	44|7|1|1|3|2|5|9|2|1|2|0
GA	Allmis	LTR	ERV4	SFV1-13_AMi-LTR	JH733625:137723-138479-	JH735341:1473633-1474397+	36	67	0	159,161,165,184,209,288,291,293,298,319,597,599,616,656,663	166,168,172,191,216,297,300,302,307,329,614,616,633,673,680	3	3,4,5,6,7,13,14,15,16,17,31,32,33,34,35	151	515	739	36|6|0|0|3|1|6|7|1|1|2|0
GA	Allmis	LTR	ERV4	SFV1-13_AMi-LTR	JH733625:137723-138479-	JH737439:88420-89179-	52	85	0	218,219,220,222,244,246,337,339,346,347,348,350,357,369,380,593,595,597,599,616	218,219,220,222,244,246,338,340,347,348,349,351,358,370,381,597,599,601,603,620	3	14,15,16,17,18,19,25,26,27,28,29,30,31,32,33,46,47,48,49,50	97	403	757	52|8|0|0|1|5|3|8|0|4|4|0
GA	Allmis	LTR	ERV4	SFV1-13_AMi-LTR	JH733625:137723-138479-	JH735343:299021-299775+	57	87	0	103,122,159,161,165,18,184,209,257,291,293,298,319,388,390,392,394,40,402,410,593,595,597,599,611,616,669,673,687,69,711,713,714,721,722,723,730	102,121,158,160,164,18,183,208,256,290,292,297,319,388,390,392,394,40,402,410,592,594,596,598,610,615,668,672,68,686,709,711,712,719,720,721,728	6	1,2,3,4,5,7,8,9,10,11,16,17,18,19,20,25,26,27,28,29,30,40,41,42,43,44,45,48,49,50,51,52,53,54,55,56,57	327	711	744	57|5|2|1|2|2|2|9|1|2|4|0
GA	Allmis	LTR	ERV4	SFV1-13_AMi-LTR	JH733625:137723-138479-	JH735597:1032167-1032920+	59	83	0	161,165,184,209,222,232,244,246,257,285,290,291,293,298,319,390,392,394,402,410,436,446,449,459,464,472,497,595,597,599,616,663	165,170,189,214,227,237,251,253,264,292,297,298,300,305,327,398,400,402,410,418,444,454,457,467,472,480,504,594,596,598,615,661	4	9,10,11,12,13,14,15,16,17,18,19,20,21,22,23,28,29,30,31,32,33,34,35,36,37,38,39,45,46,47,48,49	339	497	754	59|4|0|2|4|2|2|7|1|0|1|1
GA	Allmis	LTR	ERV4	SFV1-13_AMi-LTR	JH733625:137723-138479-	JH738777:1496552-1497300-	33	76	0	159,161,165,181,184,676,722,746,747,748	164,166,170,186,189,669,714,738,739,740	2	7,8,9,10,11,29,30,31,32,33	98	577	752	33|6|1|1|2|7|4|15|1|4|1|1
GA	Allmis	LTR	ERV4	SFV1-13_AMi-LTR	JH733627:588927-589649+	JH735597:1032167-1032920+	26	33	0	187,212,225,233,235,237,249,295,296,303,309,345,356	189,214,227,235,237,239,251,297,298,305,311,347,358	2	10,11,12,13,14,15,16,21,22,23,24,25,26	125	170	376	26|2|0|0|0|0|1|4|0|0|0|0
GA	Allmis	LTR	ERV4	SFV1-13_AMi-LTR	JH733653:242279-242978-	JH738606:45170-45925+	31	68	0	102,133,218,219,221,256,264,36,40,68	102,132,217,218,220,255,263,36,40,68	2	1,2,3,4,5,8,9,10,11,12	144	228	684	31|10|1|1|3|2|5|5|1|1|4|3
GA	Allmis	LTR	ERV4	SFV1-13_AMi-LTR	JH733672:102200-102970-	JH739617:371028-371790-	30	60	0	208,211,216,225,227,301,304,306,311,318	209,214,218,226,228,294,297,299,304,311	2	4,5,6,7,8,9,10,11,12,13	104	103	766	30|7|1|2|1|2|4|4|0|1|0|3
GA	Allmis	LTR	ERV4	SFV1-13_AMi-LTR	JH733672:102200-102970-	JH737548:38014-38783-	36	84	0	610,612,614,626,631,724,725,727,728,729,735,736,737,739	609,611,613,625,630,723,724,726,727,728,734,735,736,738	2	19,20,21,22,23,28,29,30,31,32,33,34,35,36	38	130	769	36|5|0|2|0|0|4|4|0|2|0|1
GA	Allmis	LTR	ERV4	SFV1-13_AMi-LTR	JH733672:102200-102970-	JH734091:183738-184507+	40	74	0	201,211,212,232,233,235,304,306,311,351,371,383,394,398,402,404,406,408	198,208,209,229,230,232,304,306,311,351,371,383,395,399,403,405,407,409	3	8,9,10,11,12,13,14,15,16,17,18,19,20,21,22,23,24,25	214	212	769	40|7|2|0|1|3|6|5|2|1|2|0
GA	Allmis	LTR	ERV4	SFV1-13_AMi-LTR	JH733672:102200-102970-	JH738772:94377-95140-	38	70	0	110,18,304,306,311,339,383,394,398,40,408,70,76	108,18,295,297,302,330,374,385,389,399,40,68,74	2	1,2,3,4,5,16,17,18,19,20,21,22,23	196	382	762	38|5|1|2|3|4|4|5|1|1|1|0
GA	Allmis	LTR	ERV4	SFV1-13_AMi-LTR	JH733672:102200-102970-	JH734215:45816-46564+	35	61	0	610,612,614,626,631,725,727,728,729,735,736,737	588,590,592,604,609,703,705,706,707,713,714,715	2	20,21,22,23,24,29,30,31,32,33,34,35	35	128	748	35|3|0|2|2|1|7|4|0|0|0|2
GA	Allmis	LTR	ERV4	SFV1-13_AMi-LTR	JH733672:102200-102970-	JH735343:299021-299775+	57	87	0	402,404,406,408,416,608,610,612,614,626,631,725,727,728,735,736,737,744,760,761,762	388,390,392,394,402,592,594,596,598,610,615,709,711,712,719,720,721,728,744,745,746	3	22,23,24,25,26,38,39,40,41,42,43,48,49,50,51,52,53,54,55,56,57	77	359	762	57|6|2|0|1|2|3|7|0|2|1|1
GA	Allmis	LTR	ERV4	SFV1-13_AMi-LTR	JH733672:102200-102970-	JH737439:88420-89179-	48	90	0	351,353,360,361,362,364,371,383,394,398,608,610,612,614,631	338,340,347,348,349,351,358,370,381,385,597,599,601,603,620	2	23,24,25,26,27,28,29,30,31,32,42,43,44,45,46	72	283	759	48|8|1|0|3|6|3|9|0|3|2|2
GA	Allmis	LTR	ERV4	SFV1-13_AMi-LTR	JH733684:73147-73868-	JH734735:652264-652991+	43	64	0	102,118,120,132,157,219,220,222,230,232,247,267,293,294,296,307,453,464,472,486,489,68,98	103,121,123,135,160,222,223,225,233,235,250,270,296,297,299,310,454,465,473,489,492,69,99	3	4,5,6,7,8,9,10,12,13,14,15,16,17,18,19,20,21,22,27,28,29,30,31	220	424	724	43|4|1|1|2|0|3|6|1|0|2|1
GA	Allmis	LTR	ERV4	SFV1-13_AMi-LTR	JH733684:73147-73868-	JH737364:67877-68602-	56	81	0	219,220,222,230,232,342,350,362,373,374,376,444,453,472,486,489,536,558,561,563,565,582,588,595	219,220,222,230,232,342,350,362,373,374,376,444,453,472,490,493,540,562,565,567,569,586,592,599	4	9,10,11,12,13,24,25,26,27,28,29,33,34,35,36,37,41,42,43,44,45,46,47,48	159	381	723	56|5|1|1|1|1|2|5|2|1|3|2
GA	Allmis	LTR	ERV4	SFV1-13_AMi-LTR	JH733684:73147-73868-	JH738206:37267-37987-	52	72	0	102,118,120,124,132,159,18,205,211,230,232,294,296,307,342,350,373,374,376,384,392,397,40,400,417,543,561,563,565,577,582,68,98	102,118,120,124,132,151,18,197,203,222,224,286,288,299,334,342,365,366,368,376,384,389,392,40,409,543,561,563,565,577,582,68,98	4	1,2,3,4,5,6,7,8,9,10,11,12,13,14,15,16,17,18,19,20,21,22,23,24,25,26,27,39,40,41,42,43,44	434	565	718	52|3|1|1|3|0|4|6|1|0|0|1
GA	Allmis	LTR	ERV4	SFV1-13_AMi-LTR	JH733684:1129867-1130588+	JH734735:652264-652991+	31	57	0	118,120,132,157,211,247,267,293,294,296,307	121,123,135,160,214,250,270,296,297,299,310	2	7,8,9,10,11,16,17,18,19,20,21	155	190	724	31|4|0|1|1|0|7|7|0|0|2|2
GA	Allmis	LTR	ERV4	SFV1-13_AMi-LTR	JH733684:1129867-1130588+	JH737364:67877-68602-	42	66	0	132,157,159,205,211,350,362,373,374,376,392,658,659,702,706,711,713	132,157,159,205,211,350,362,373,374,376,392,662,663,706,710,715,717	3	4,5,6,7,8,24,25,26,27,28,29,37,38,39,40,41,42	179	586	723	42|4|0|1|0|0|4|5|1|1|3|2
GA	Allmis	LTR	ERV4	SFV1-13_AMi-LTR	JH733684:1129867-1130588+	JH738206:37267-37987-	41	65	0	102,118,120,124,132,159,18,205,211,350,373,374,376,384,40,68,98	102,118,120,124,132,151,18,197,203,342,365,366,368,376,40,68,98	3	1,2,3,4,5,6,7,8,9,10,11,12,20,21,22,23,24	222	359	718	41|2|0|1|1|0|7|6|2|0|1|2
GA	Allmis	LTR	ERV4	SFV1-13_AMi-LTR	JH733713:173640-174384+	JH734215:45816-46564+	35	79	0	585,587,589,601,606,699,701,702,703,709,710,711	588,590,592,604,609,703,705,706,707,713,714,715	2	20,21,22,23,24,29,30,31,32,33,34,35	35	128	735	35|7|1|2|3|4|7|11|1|1|3|4
GA	Allmis	LTR	ERV4	SFV1-13_AMi-LTR	JH733713:173640-174384+	JH735343:299021-299775+	54	106	0	393,395,397,399,405,413,585,587,589,601,606,699,701,702,709,710,711,718	390,392,394,396,402,410,594,596,598,610,615,709,711,712,719,720,721,728	3	23,24,25,26,27,28,38,39,40,41,42,48,49,50,51,52,53,54	63	339	738	54|12|4|1|2|4|3|13|0|2|5|6
GA	Allmis	LTR	ERV4	SFV1-13_AMi-LTR	JH733730:11261-11591+	JH737364:67877-68602-	23	32	0	103,106,125,137,145,167,170,172,174,191,197,46,48,61,89	429,431,444,476,490,501,520,532,540,562,565,567,569,586,592	1	2,3,4,5,6,7,8,9,10,11,12,13,14,15,16	164	164	336	23|2|0|0|0|1|0|0|0|0|0|0
GA	Allmis	LTR	ERV4	SFV1-13_AMi-LTR	JH733751:104961-105661-	JH737466:159290-159789-	17	26	0	492,501,515,527,548,572,577,579,596,613	291,300,314,326,347,371,376,378,395,412	2	3,4,5,6,7,9,10,11,12,13	99	122	323	17|2|0|0|2|0|0|3|1|0|0|0
GA	Allmis	LTR	ERV4	SFV1-13_AMi-LTR	JH733765:210816-211571+	JH738772:94377-95140-	39	86	0	249,258,262,296,298,331,375,386,390,400,402,416	248,257,261,295,297,330,374,385,389,399,401,415	2	11,12,13,14,15,16,17,18,19,20,21,22	169	168	756	39|9|1|2|5|3|6|13|3|0|1|4
GA	Allmis	LTR	ERV4	SFV1-13_AMi-LTR	JH733765:210816-211571+	JH734117:638217-638971+	41	92	0	296,298,310,343,345,348,352,353,354,386,390,394,396,398,400,402,592,597,599,616,623	289,291,303,336,338,341,345,346,347,379,383,387,389,391,393,395,591,596,598,615,622	3	4,5,6,7,8,9,10,11,12,14,15,16,17,18,19,20,30,31,32,33,34	108	334	754	41|10|1|0|5|2|9|12|2|1|1|3
GA	Allmis	LTR	ERV4	SFV1-13_AMi-LTR	JH733765:210816-211571+	JH734215:45816-46564+	38	88	0	595,597,599,611,616,623,710,712,713,714,720,721,722	588,590,592,604,609,616,703,705,706,707,713,714,715	2	19,20,21,22,23,24,29,30,31,32,33,34,35	42	128	751	38|10|0|1|5|3|11|13|3|0|2|2
GA	Allmis	LTR	ERV4	SFV1-13_AMi-LTR	JH733765:210816-211571+	JH735343:299021-299775+	53	98	0	225,227,249,262,296,298,394,396,398,400,402,408,416,593,595,597,599,611,616,623,710,712,713,720,721,722,729	219,221,243,256,290,292,388,390,392,394,396,402,410,592,594,596,598,610,615,622,709,711,712,719,720,721,728	4	11,12,13,14,15,16,21,22,23,24,25,26,27,36,37,38,39,40,41,42,47,48,49,50,51,52,53	148	510	743	53|8|0|1|4|3|3|14|1|2|4|5
GA	Allmis	LTR	ERV4	SFV1-13_AMi-LTR	JH733765:210816-211571+	JH737439:88420-89179-	45	103	0	225,227,249,262,296,298,343,345,352,353,354,356,363,375,386,390,589,593,595,597,599,616	220,222,244,257,291,293,338,340,347,348,349,351,358,370,381,385,593,597,599,601,603,620	3	12,13,14,15,16,17,18,19,20,21,22,23,24,25,26,27,37,38,39,40,41,42	195	401	757	45|9|0|3|6|6|5|15|1|3|3|7
GA	Allmis	LTR	ERV4	SFV1-13_AMi-LTR	JH733803:351023-351490+	JH734735:652264-652991+	23	35	0	115,117,129,130,18,21,262,288,289,291,302,337,345,38,65	121,123,135,136,18,21,270,296,297,299,310,345,351,40,69	2	1,2,3,4,5,6,7,8,14,15,16,17,18,19,20	201	334	468	23|0|0|0|2|1|2|4|0|1|1|1
GA	Allmis	LTR	ERV4	SFV1-13_AMi-LTR	JH733803:351023-351490+	JH738206:37267-37987-	33	49	0	115,117,121,129,130,289,291,302,303,337,345,368,369,371,379,387,392,395,399,65	118,120,124,132,133,286,288,299,300,334,342,365,366,368,376,384,389,392,396,68	3	3,4,5,6,7,8,13,14,15,16,17,18,19,20,21,22,23,24,25,26	178	329	461	33|2|0|0|2|1|4|3|2|1|0|1
GA	Allmis	LTR	ERV4	SFV1-13_AMi-LTR	JH733809:260623-261381+	JH734215:45816-46564+	27	52	0	184,209,211,222,230,232,713,715,716,717,723,724,725,748,749,750	183,208,210,221,229,231,703,705,706,707,713,714,715,738,739,740	2	4,5,6,7,8,9,18,19,20,21,22,23,24,25,26,27	87	558	753	27|3|0|1|1|0|11|7|0|1|1|0
GA	Allmis	LTR	ERV4	SFV1-13_AMi-LTR	JH733809:260623-261381+	JH735597:1032167-1032920+	49	71	0	134,147,149,159,161,184,209,211,222,230,232,234,246,251,259,287,292,293,295,306	138,151,153,164,166,189,214,216,227,235,237,239,251,256,264,292,297,298,300,311	2	3,4,5,6,7,8,9,10,11,12,13,14,15,16,17,18,19,20,21,22	175	174	755	49|4|0|1|2|0|6|6|1|1|1|0
GA	Allmis	LTR	ERV4	SFV1-13_AMi-LTR	JH733809:260623-261381+	JH737439:88420-89179-	34	76	0	218,219,220,222,230,246,259,340,342,349,350,351,353	218,219,220,222,230,244,257,338,340,347,348,349,351	2	10,11,12,13,14,15,16,19,20,21,22,23,24	54	134	758	34|8|0|0|2|7|5|11|1|1|6|1
GA	Allmis	LTR	ERV4	SFV1-13_AMi-LTR	JH733809:264312-265068+	JH737439:88420-89179-	28	71	0	217,218,229,245,247,339,341,349,350,352	218,219,230,244,246,338,340,348,349,351	2	6,7,8,9,10,14,15,16,17,18	43	134	752	28|11|0|0|2|7|7|8|0|1|5|2
GA	Allmis	LTR	ERV4	SFV1-13_AMi-LTR	JH733809:264312-265068+	JH735597:1032167-1032920+	42	69	0	229,231,233,245,247,250,393,405,413,439,449,462,467	235,237,239,251,253,256,398,410,418,444,454,467,472	2	6,7,8,9,10,11,21,22,23,24,25,26,27	97	238	754	42|7|0|1|3|0|9|4|1|1|0|1
GA	Allmis	LTR	ERV4	SFV1-13_AMi-LTR	JH733810:223223-223979+	JH738772:94377-95140-	35	60	0	102,108,121,244,246,253,291,293,298,370,381,395,397,40,411,74	102,108,123,248,250,257,295,297,302,374,385,399,40,401,415,74	3	2,3,4,5,6,11,12,13,14,15,16,17,18,19,20,21	253	376	756	35|5|0|1|2|1|4|9|0|0|2|1
GA	Allmis	LTR	ERV4	SFV1-13_AMi-LTR	JH733810:223223-223979+	JH734117:638217-638971+	41	71	0	338,340,343,347,348,349,381,389,391,393,395,397	336,338,341,345,346,347,379,387,389,391,393,395	2	8,9,10,11,12,13,15,16,17,18,19,20	29	60	755	41|5|1|0|1|1|7|4|0|0|5|1
GA	Allmis	LTR	ERV4	SFV1-13_AMi-LTR	JH733810:223223-223979+	JH735343:299021-299775+	49	83	0	222,244,246,291,293,298,389,391,393,395,397,403,411,594,596,598,600,612,617,711,713,714,721,722,723	220,243,245,290,292,297,388,390,392,394,396,402,410,592,594,596,598,610,615,709,711,712,719,720,721	4	8,9,10,11,12,13,16,17,18,19,20,21,22,32,33,34,35,36,37,43,44,45,46,47,48	138	502	744	49|4|4|0|2|2|3|8|1|1|6|3
GA	Allmis	LTR	ERV4	SFV1-13_AMi-LTR	JH733810:223223-223979+	JH734215:45816-46564+	37	71	0	596,598,600,612,617,711,713,714,715,721,722,723	588,590,592,604,609,703,705,706,707,713,714,715	2	19,20,21,22,23,28,29,30,31,32,33,34	35	128	752	37|4|1|0|2|1|11|8|1|0|4|2
GA	Allmis	LTR	ERV4	SFV1-13_AMi-LTR	JH733810:223223-223979+	JH737439:88420-89179-	48	97	0	218,219,220,222,244,246,291,293,298,338,340,347,348,349,351,594,596,598,600,617	218,219,220,222,244,246,291,293,298,338,340,347,348,349,351,597,599,601,603,620	3	13,14,15,16,17,18,19,20,21,22,23,24,25,26,27,42,43,44,45,46	159	403	757	48|10|1|0|2|6|5|12|1|2|8|2
GA	Allmis	LTR	ERV4	SFV1-13_AMi-LTR	JH733810:223223-223979+	JH735597:1032167-1032920+	59	89	0	135,146,148,165,184,209,222,232,244,246,249,285,290,291,293,298,304,391,393,395,397,403,411	140,151,153,170,189,214,227,237,251,253,256,292,297,298,300,305,311,398,400,402,404,410,418	2	5,6,7,8,9,10,11,12,13,14,15,16,17,18,19,20,21,26,27,28,29,30,31	193	279	754	59|3|1|1|4|1|8|7|0|0|2|3
GA	Allmis	LTR	ERV4	SFV1-13_AMi-LTR	JH733816:38334-39038-	JH737242:1129367-1130125-	30	77	0	221,222,223,225,228,241,546,558,588,591,596,598	218,219,220,222,226,239,550,562,592,595,600,602	2	7,8,9,10,11,12,22,23,24,25,26,27	75	385	697	30|13|3|1|4|4|5|8|2|1|3|3
GA	Allmis	LTR	ERV4	SFV1-13_AMi-LTR	JH733829:443620-444369+	JH738772:94377-95140-	34	70	0	234,236,243,247,281,360,371,375,385,401	248,250,257,261,295,374,385,389,399,415	2	9,10,11,12,13,17,18,19,20,21	90	168	753	34|5|1|3|5|2|8|9|1|0|1|0
GA	Allmis	LTR	ERV4	SFV1-13_AMi-LTR	JH733829:443620-444369+	JH734117:638217-638971+	37	78	0	328,330,333,337,338,339,371,375,379,381,383,385,657,667,702,714,715,716	336,338,341,345,346,347,379,383,387,389,391,393,662,672,707,719,720,721	3	7,8,9,10,11,12,14,15,16,17,18,19,30,31,32,33,34,35	87	386	751	37|9|2|1|3|1|9|9|0|0|1|0
GA	Allmis	LTR	ERV4	SFV1-13_AMi-LTR	JH733829:443620-444369+	JH734215:45816-46564+	32	65	0	681,686,704,706,707,708,714,715,716,739,740,741	680,685,703,705,706,707,713,714,715,738,739,740	1	21,22,23,24,25,26,27,28,29,30,31,32	61	61	748	32|5|0|2|5|1|9|10|0|0|0|0
GA	Allmis	LTR	ERV4	SFV1-13_AMi-LTR	JH733829:443620-444369+	JH735343:299021-299775+	47	79	0	379,381,383,385,393,401,681,704,706,707,714,715,716,723	388,390,392,394,402,410,686,709,711,712,719,720,721,728	2	18,19,20,21,22,23,40,41,42,43,44,45,46,47	66	341	740	47|5|0|2|3|2|2|11|0|1|4|1
GA	Allmis	LTR	ERV4	SFV1-13_AMi-LTR	JH733829:443620-444369+	JH735597:1032167-1032920+	56	85	0	234,236,239,247,275,280,281,283,288,294,330,341,360,371,381,383,385,393,401	251,253,256,264,292,297,298,300,305,311,347,358,377,388,398,400,402,410,418	3	11,12,13,14,15,16,17,18,19,20,21,22,23,24,25,26,27,28,29	170	168	751	56|5|0|2|5|1|5|9|1|0|0|0
GA	Allmis	LTR	ERV4	SFV1-13_AMi-LTR	JH733983:39336-39601+	JH734215:45816-46564+	21	27	0	105,107,109,121,126,220,222,223,224,230,231,232,255,256,257	588,590,592,604,609,703,705,706,707,713,714,715,738,739,740	2	4,5,6,7,8,12,13,14,15,16,17,18,19,20,21	60	153	263	21|1|0|0|0|0|2|3|0|0|0|0
GA	Allmis	LTR	ERV4	SFV1-13_AMi-LTR	JH734035:562969-563187-	JH737364:67877-68602-	14	17	0	126,155,156,199,203,58,62,79,85,92	565,569,586,592,599,633,662,663,706,710	2	5,6,7,8,9,10,11,12,13,14	147	146	207	14|2|0|0|0|0|0|1|0|0|0|0
GA	Allmis	LTR	ERV4	SFV1-13_AMi-LTR	JH734059:1667982-1668701+	JH735245:1079056-1079777+	22	35	0	250,286,351,382,390,657,672,678,686,688,716	250,286,351,382,390,659,674,680,688,690,718	2	3,4,5,6,7,17,18,19,20,21,22	201	469	720	22|6|0|0|0|0|5|0|0|0|0|1
GA	Allmis	LTR	ERV4	SFV1-13_AMi-LTR	JH734059:1667982-1668701+	JH734735:652264-652991+	41	54	0	100,116,118,130,155,209,217,218,220,228,230,245,265,291,292,294,305,340,348,371,374,462,470,484,487,495,514,526,96	103,121,123,135,160,214,222,223,225,233,235,250,270,296,297,299,310,345,351,374,377,465,473,489,492,500,519,531,99	3	5,6,7,8,9,10,11,12,13,14,15,16,17,18,19,20,21,22,23,24,25,26,27,28,29,30,31,32,33	435	433	723	41|5|0|0|1|1|3|0|0|0|2|0
GA	Allmis	LTR	ERV4	SFV1-13_AMi-LTR	JH734059:1667982-1668701+	JH738206:37267-37987-	51	61	0	100,116,118,122,130,157,203,209,228,230,292,294,305,306,340,348,371,372,374,382,390,395,398,402,514,541,551,559,561,563,575,580,637,700,709,710,711,96	102,118,120,124,132,151,197,203,222,224,286,288,299,300,334,342,365,366,368,376,384,389,392,396,516,543,553,561,563,565,577,582,639,702,711,712,713,98	3	4,5,6,7,8,9,10,11,12,13,14,15,16,17,18,19,20,21,22,23,24,25,26,27,28,38,39,40,41,42,43,44,45,47,48,49,50,51	441	616	717	51|3|0|0|0|0|4|0|2|0|0|0
GA	Allmis	LTR	ERV4	SFV1-13_AMi-LTR	JH734059:1667982-1668701+	JH737364:67877-68602-	56	75	0	100,130,155,157,203,209,217,218,220,228,230,340,348,360,371,372,374,427,429,442,470,484,487,491,495,514,526,534,551,556,559,561,563,580,586,637,656,657,700,704,709,711	102,132,157,159,205,211,219,220,222,230,232,342,350,362,373,374,376,429,431,444,472,490,493,497,501,520,532,540,557,562,565,567,569,586,592,643,662,663,706,710,715,717	6	3,4,5,6,7,8,9,10,11,12,13,24,25,26,27,28,29,31,32,33,34,35,36,37,38,39,40,41,42,43,44,45,46,47,48,50,51,52,53,54,55,56	407	616	722	56|6|0|0|0|1|4|0|1|1|3|1
GA	Allmis	LTR	ERV4	SFV1-13_AMi-LTR	JH734059:1667982-1668701+	JH734362:442498-443287-	21	28	0	470,484,487,491,495,502,514,526,551,561,563,580	536,554,557,561,565,572,584,596,621,631,633,650	1	5,6,7,8,9,10,11,12,13,14,15,16	115	115	374	21|1|0|0|0|0|3|0|1|0|1|0
GA	Allmis	LTR	ERV4	SFV1-13_AMi-LTR	JH734076:99730-100480+	JH738772:94377-95140-	41	77	0	18,245,247,254,258,292,299,36,40,593,595,612,652,659,669,72,78	18,248,250,257,261,295,302,36,40,605,607,624,664,671,68,681,74	3	1,2,3,4,5,14,15,16,17,18,19,34,35,36,37,38,39	189	664	753	41|5|2|1|5|3|8|8|1|1|2|0
GA	Allmis	LTR	ERV4	SFV1-13_AMi-LTR	JH734076:99730-100480+	JH734215:45816-46564+	36	73	0	591,593,595,607,612,706,708,709,710,715,716,717	588,590,592,604,609,703,705,706,707,713,714,715	2	19,20,21,22,23,27,28,29,30,31,32,33	35	128	749	36|7|0|2|2|4|7|10|1|1|1|2
GA	Allmis	LTR	ERV4	SFV1-13_AMi-LTR	JH734076:99730-100480+	JH737439:88420-89179-	49	86	0	160,162,166,185,212,220,221,223,245,247,258,292,299,339,341,348,349,350,352,359,361,589,591,593,595,612	159,161,165,184,211,219,220,222,244,246,257,291,298,338,340,347,348,349,351,358,360,597,599,601,603,620	4	10,11,12,13,14,15,16,17,18,19,20,21,22,23,24,25,26,27,28,29,30,43,44,45,46,47	228	462	754	49|8|0|2|1|5|4|8|0|3|4|2
GA	Allmis	LTR	ERV4	SFV1-13_AMi-LTR	JH734076:99730-100480+	JH735343:299021-299775+	57	98	0	221,223,245,247,258,292,299,392,394,396,398,404,412,589,591,593,595,607,612,706,708,709,715,716,717,724	219,221,243,245,256,290,297,390,392,394,396,402,410,592,594,596,598,610,615,709,711,712,719,720,721,728	4	14,15,16,17,18,19,20,26,27,28,29,30,31,40,41,42,43,44,45,51,52,53,54,55,56,57	144	510	741	57|8|1|1|2|3|4|11|0|2|7|2
GA	Allmis	LTR	ERV4	SFV1-13_AMi-LTR	JH734076:99730-100480+	JH735597:1032167-1032920+	60	95	0	223,233,245,247,250,258,286,291,292,299,305,392,394,396,398,404,412,451,454,461,464,469,591,593,595,612,659,669	227,237,251,253,256,264,292,297,298,305,311,398,400,402,404,410,418,454,457,464,467,472,594,596,598,615,661,671	4	14,15,16,17,18,19,20,21,22,23,24,28,29,30,31,32,33,35,36,37,38,39,46,47,48,49,50,51	203	445	751	60|5|1|2|5|2|5|9|1|1|3|1
GA	Allmis	LTR	ERV4	SFV1-13_AMi-LTR	JH734079:37068-37773+	JH735597:1032167-1032920+	46	118	0	293,298,299,301,312,375,381,382,383,385,392	292,297,298,300,311,371,377,378,379,381,388	2	15,16,17,18,19,22,23,24,25,26,27	38	97	696	46|15|1|5|7|12|7|15|0|1|2|7
GA	Allmis	LTR	ERV4	SFV1-13_AMi-LTR	JH734079:209330-210100+	JH737548:38014-38783-	36	85	0	163,169,202,213,260,384,395,407,409,411,610,612,614,626,631,669,678,688,691,724,725,727,728,729,735,737	164,170,203,214,261,383,394,406,408,410,609,611,613,625,630,668,677,687,690,723,724,726,727,728,734,736	4	5,6,7,8,9,13,14,15,16,17,21,22,23,24,25,26,27,28,29,30,31,32,33,34,35,36	255	573	769	36|6|0|2|2|1|9|3|0|1|0|0
GA	Allmis	LTR	ERV4	SFV1-13_AMi-LTR	JH734079:209330-210100+	JH734091:183738-184507+	44	80	0	202,212,213,232,233,234,236,384,395,399,403,405,407,409,411	198,208,209,228,229,230,232,383,395,399,403,405,407,409,411	2	9,10,11,12,13,14,15,20,21,22,23,24,25,26,27	64	214	769	44|8|1|1|2|4|11|6|2|0|1|0
GA	Allmis	LTR	ERV4	SFV1-13_AMi-LTR	JH734079:209330-210100+	JH737242:1129367-1130125-	36	74	0	163,169,202,212,217,221,222,223,224,226,228	159,165,198,210,214,218,219,220,221,223,225	1	6,7,8,9,10,11,12,13,14,15,16	67	67	764	36|9|1|3|3|2|11|7|1|1|0|0
GA	Allmis	LTR	ERV4	SFV1-13_AMi-LTR	JH734079:209330-210100+	JH735343:299021-299775+	55	85	0	403,405,407,409,411,610,612,614,626,631,684,688,702,725,727,728,735,737	388,390,392,394,396,594,596,598,610,615,668,672,686,709,711,712,719,721	3	21,22,23,24,25,38,39,40,41,42,44,45,46,47,48,49,50,51	85	334	762	55|7|3|1|1|5|3|6|1|1|0|2
GA	Allmis	LTR	ERV4	SFV1-13_AMi-LTR	JH734079:209330-210100+	JH734215:45816-46564+	36	70	0	610,612,614,626,631,678,688,702,707,725,727,728,729,735,737	588,590,592,604,609,656,666,680,685,703,705,706,707,713,715	2	22,23,24,25,26,27,28,29,30,31,32,33,34,35,36	129	128	748	36|7|0|1|2|5|11|6|1|0|0|1
GA	Allmis	LTR	ERV4	SFV1-13_AMi-LTR	JH734079:209330-210100+	JH735341:1473633-1474397+	40	81	0	221,222,223,224,226,228,384,395,407,409,411	224,225,226,227,229,231,380,391,403,405,407	2	9,10,11,12,13,14,21,22,23,24,25	36	184	746	40|9|1|1|1|5|10|5|1|1|1|2
GA	Allmis	LTR	ERV4	SFV1-13_AMi-LTR	JH734079:209330-210100+	JH737439:88420-89179-	51	97	0	232,233,234,236,238,361,362,363,365,372	218,219,220,222,224,347,348,349,351,358	2	12,13,14,15,16,24,25,26,27,28	19	141	759	51|10|1|1|3|8|8|9|1|2|2|1
GA	Allmis	LTR	ERV4	SFV1-13_AMi-LTR	AKHW01044523:16912-17635+	JH737439:88420-89179-	45	84	0	192,193,195,217,230,311,313,321,322,324,333,354	219,220,222,244,257,338,340,348,349,351,360,381	2	13,14,15,16,17,21,22,23,24,25,26,27	83	163	728	45|10|0|1|3|5|3|13|0|2|2|0
GA	Allmis	LTR	ERV4	SFV1-13_AMi-LTR	AKHW01044523:16912-17635+	JH735597:1032167-1032920+	57	104	0	195,205,217,222,230,364,366,368,370,376,384,423,426,433,436,441,449	227,237,251,256,264,398,400,402,404,410,418,454,457,464,467,472,480	3	12,13,14,15,16,26,27,28,29,30,31,32,33,34,35,36,37	122	254	725	57|11|0|4|5|3|5|15|1|0|1|2
GA	Allmis	LTR	ERV4	SFV1-13_AMi-LTR	JH734091:183738-184507+	JH735343:301968-302453+	27	45	0	106,114,123,131,133,360,361,362,364,417,433,437	105,113,122,131,133,344,345,346,348,396,412,416	2	3,4,5,6,7,19,20,21,22,23,24,25	102	312	496	27|3|0|0|1|2|4|5|1|0|1|1
GA	Allmis	LTR	ERV4	SFV1-13_AMi-LTR	JH734113:292221-292973+	JH734215:45816-46564+	32	56	0	660,670,684,689,707,709,710,711,717,718,719,742,743,744	656,666,680,685,703,705,706,707,713,714,715,738,739,740	1	19,20,21,22,23,24,25,26,27,28,29,30,31,32	85	85	750	32|4|0|1|1|3|10|2|0|0|1|0
GA	Allmis	LTR	ERV4	SFV1-13_AMi-LTR	JH734113:292221-292973+	JH737242:1129367-1130125-	25	48	0	142,159,202,207,211,212,213,214,216,218	148,165,210,214,218,219,220,221,223,225	1	2,3,4,5,6,7,8,9,10,11	78	78	755	25|3|1|3|1|3|4|2|1|1|1|1
GA	Allmis	LTR	ERV4	SFV1-13_AMi-LTR	JH734113:292221-292973+	JH737548:38014-38783-	31	70	0	651,660,670,673,706,707,709,710,711,717,718,719,721,749	668,677,687,690,723,724,726,727,728,734,735,736,738,766	1	18,19,20,21,22,23,24,25,26,27,28,29,30,31	99	99	760	31|5|0|1|0|2|5|2|0|1|0|1
GA	Allmis	LTR	ERV4	SFV1-13_AMi-LTR	JH734113:292221-292973+	JH738772:94377-95140-	30	58	0	116,159,302,330,387,391,401,412,415,59,65,99	108,123,167,302,330,385,389,399,411,415,68,74	2	2,3,4,5,6,13,14,15,16,17,18,19	214	348	754	30|5|2|2|3|4|4|2|1|0|2|1
GA	Allmis	LTR	ERV4	SFV1-13_AMi-LTR	JH734113:292221-292973+	JH735341:1473633-1474397+	33	64	0	211,212,213,214,216,218,347,362,387,399,401,412	224,225,226,227,229,231,352,367,391,403,405,418	2	7,8,9,10,11,12,17,18,19,20,21,22	75	195	737	33|5|1|0|0|4|7|3|1|1|1|2
GA	Allmis	LTR	ERV4	SFV1-13_AMi-LTR	JH734113:292221-292973+	JH735597:1032167-1032920+	54	77	0	236,251,253,261,289,387,397,399,401,409,412,415,441,451,464,469,501,564,586,592,594,613	239,254,256,264,292,388,398,400,402,410,414,418,444,454,467,472,504,566,588,594,596,615	4	11,12,13,14,15,22,23,24,25,26,27,28,29,30,31,32,33,38,39,40,41,42	222	377	752	54|6|0|1|2|3|4|3|1|0|1|0
GA	Allmis	LTR	ERV4	SFV1-13_AMi-LTR	JH734113:292221-292973+	JH735343:299021-299775+	45	74	0	590,592,594,608,613,666,670,684,707,709,710,717,718,719,726	592,594,596,610,615,668,672,686,709,711,712,719,720,721,728	2	29,30,31,32,33,36,37,38,39,40,41,42,43,44,45	85	137	742	45|6|5|1|0|3|4|5|0|1|1|1
GA	Allmis	LTR	ERV4	SFV1-13_AMi-LTR	JH734113:292221-292973+	JH737439:88420-89179-	41	81	0	222,223,224,226,228,342,344,351,352,353,355,362,387,391,586,590,592,594,613	218,219,220,222,224,338,340,347,348,349,351,358,381,385,593,597,599,601,620	3	8,9,10,11,12,17,18,19,20,21,22,23,24,25,35,36,37,38,39	83	403	755	41|9|1|1|1|8|4|6|0|2|5|1
GA	Allmis	LTR	ERV4	SFV1-13_AMi-LTR	JH734113:295035-295788+	JH735597:1032167-1032920+	48	74	0	236,253,261,289,294,295,297,308,396,398,400,408,416,522,526,533,557,565,587,593,595	239,256,264,292,297,298,300,311,398,400,402,410,418,523,527,534,558,566,588,594,596	3	10,11,12,13,14,15,16,17,21,22,23,24,25,30,31,32,33,34,35,36,37	168	358	753	48|5|1|1|2|3|4|5|1|0|2|0
GA	Allmis	LTR	ERV4	SFV1-13_AMi-LTR	JH734113:295035-295788+	JH735343:299021-299775+	41	74	0	394,396,398,400,408,416,533,542,557,591,593,595,609,708,710,711,718,719,720,727	388,390,392,394,402,410,534,543,558,592,594,596,610,709,711,712,719,720,721,728	3	14,15,16,17,18,19,24,25,26,27,28,29,30,35,36,37,38,39,40,41	120	341	742	41|6|4|2|0|3|6|7|0|1|2|0
GA	Allmis	LTR	ERV4	SFV1-13_AMi-LTR	JH734113:295035-295788+	JH737439:88420-89179-	35	81	0	222,223,224,226,228,342,344,351,352,353,355	218,219,220,222,224,338,340,347,348,349,351	2	7,8,9,10,11,15,16,17,18,19,20	21	134	756	35|9|2|1|1|8|6|8|0|2|6|1
GA	Allmis	LTR	ERV4	SFV1-13_AMi-LTR	JH734117:638217-638971+	JH735597:1032167-1032920+	32	70	0	146,148,158,160,164,183,220,230,242,244,247,255,283,288,302	151,153,164,166,170,189,227,239,251,253,256,264,292,297,311	1	3,4,5,6,7,8,9,10,11,12,13,14,15,16,17	161	161	753	32|4|0|1|4|0|14|7|1|0|0|2
GA	Allmis	LTR	ERV4	SFV1-13_AMi-LTR	JH734133:324044-324792+	JH738109:223708-224467-	30	50	0	102,119,121,133,146,148,159,287,292,352,354,364,40,53,68	102,120,122,134,147,149,160,296,301,361,363,373,40,53,68	2	1,2,3,4,5,6,7,8,9,10,13,14,15,16,17	199	334	753	30|4|0|0|1|0|5|6|0|1|2|1
GA	Allmis	LTR	ERV4	SFV1-13_AMi-LTR	JH734133:324044-324792+	JH738606:45170-45925+	31	58	0	102,133,40,528,53,540,552,582,592,609,615,68	102,132,40,53,535,547,559,589,599,616,622,68	2	1,2,3,4,5,23,24,25,26,27,28,29	181	583	751	31|6|1|0|1|1|6|4|0|1|6|1
GA	Allmis	LTR	ERV4	SFV1-13_AMi-LTR	JH734133:324044-324792+	JH737242:1129367-1130125-	33	60	0	102,133,148,159,165,209,218,219,220,222	102,133,148,159,165,209,219,220,221,223	2	4,5,6,7,8,9,10,11,12,13	123	122	753	33|6|0|2|2|1|5|8|0|0|3|0
GA	Allmis	LTR	ERV4	SFV1-13_AMi-LTR	JH734133:324044-324792+	JH737633:134518-135276+	33	62	0	102,133,159,165,184,209,211,222,230,53,68,98	103,133,158,164,183,209,211,222,238,54,68,99	2	2,3,4,5,6,7,8,9,10,11,12,13	186	185	753	33|12|0|0|1|0|4|6|0|0|4|2
GA	Allmis	LTR	ERV4	SFV1-13_AMi-LTR	JH734133:324044-324792+	JH738772:94377-95140-	41	64	0	102,108,121,159,165,18,285,287,292,320,354,364,375,40,53,68,74	102,108,123,161,167,18,295,297,302,330,364,374,385,40,53,68,74	2	1,2,3,4,5,6,7,8,9,10,17,18,19,20,21,22,23	241	368	752	41|4|1|1|2|1|3|6|1|0|3|1
GA	Allmis	LTR	ERV4	SFV1-13_AMi-LTR	JH734133:324044-324792+	JH734215:45816-46564+	38	55	0	588,590,592,604,609,656,680,685,703,705,706,707,713,714,715,738,739,740	588,590,592,604,609,656,680,685,703,705,706,707,713,714,715,738,739,740	2	21,22,23,24,25,26,27,28,29,30,31,32,33,34,35,36,37,38	154	153	748	38|5|0|0|0|0|5|6|0|0|1|0
GA	Allmis	LTR	ERV4	SFV1-13_AMi-LTR	JH734133:324044-324792+	JH735343:299021-299775+	56	79	0	102,121,18,385,387,389,397,40,405,53,586,588,590,592,604,609,662,68,680,703,705,706,713,714,715,722	102,121,18,390,392,394,40,402,410,53,592,594,596,598,610,615,668,68,686,709,711,712,719,720,721,728	4	1,2,3,4,5,6,25,26,27,28,29,40,41,42,43,44,45,48,49,50,51,52,53,54,55,56	210	711	740	56|4|2|1|0|1|3|7|0|1|3|1
GA	Allmis	LTR	ERV4	SFV1-13_AMi-LTR	JH734133:324044-324792+	JH735597:1032167-1032920+	63	82	0	133,146,148,159,165,184,209,211,222,230,238,284,285,287,292,298,334,345,364,375,385,387,389,397,405,431,441,444,454,459,467,507,510,514,540,552,560	138,151,153,164,170,189,214,216,227,243,251,297,298,300,305,311,347,358,377,388,398,400,402,410,418,444,454,457,467,472,480,520,523,527,546,558,566	4	6,7,8,9,10,11,12,13,14,15,16,21,22,23,24,25,26,27,28,29,30,31,32,33,34,35,36,37,38,39,40,42,43,44,45,46,47	346	429	750	63|6|0|1|1|0|3|6|1|0|1|0
GA	Allmis	LTR	ERV4	SFV1-13_AMi-LTR	JH734133:324044-324792+	JH737439:88420-89179-	53	92	0	218,219,220,222,238,332,334,341,342,343,345,352,354,364,375,586,588,590,592,609	218,219,220,222,244,338,340,347,348,349,351,358,360,370,381,597,599,601,603,620	3	14,15,16,17,18,24,25,26,27,28,29,30,31,32,33,48,49,50,51,52	95	403	753	53|10|0|0|1|5|5|8|0|2|7|1
GA	Allmis	LTR	ERV4	SFV1-13_AMi-LTR	JH734133:324044-324792+	JH736342:4488-5097+	14	31	0	159,165,204,209,222,287,332,345,354,375	162,168,207,212,223,305,350,363,372,394	2	3,4,5,6,7,8,9,10,11,12	234	233	602	14|8|0|1|0|0|3|5|0|0|0|0
GA	Allmis	LTR	ERV4	SFV1-13_AMi-LTR	JH734142:102573-103294-	JH734735:652264-652991+	41	61	0	102,118,120,132,157,211,219,220,222,230,232,247,267,293,294,296,307,342,350,373,376,68,70,98	103,121,123,135,160,214,222,223,225,233,235,250,270,296,297,299,310,345,351,374,377,69,71,99	2	5,6,7,8,9,10,11,12,13,14,15,16,17,18,19,20,21,22,23,24,25,26,27,28	310	309	724	41|5|1|0|1|0|3|5|2|0|2|1
GA	Allmis	LTR	ERV4	SFV1-13_AMi-LTR	JH734142:102573-103294-	JH737364:67877-68602-	53	77	0	102,132,157,159,205,211,219,220,222,230,232,342,350,362,373,374,376,528,536,558,561,563,565,582,588	102,132,157,159,205,211,219,220,222,230,232,342,350,362,373,374,376,532,540,562,565,567,569,586,592	4	3,4,5,6,7,8,9,10,11,12,13,24,25,26,27,28,29,38,39,40,41,42,43,44,45	228	491	723	53|6|1|1|1|0|4|4|2|1|3|0
GA	Allmis	LTR	ERV4	SFV1-13_AMi-LTR	JH734142:102573-103294-	JH738206:37267-37987-	52	66	0	102,118,120,124,132,159,17,18,205,211,230,232,294,296,307,308,342,350,373,374,376,384,40,543,561,563,565,577,582,68,70,98	102,118,120,124,132,151,17,18,197,203,222,224,286,288,299,300,334,342,365,366,368,376,40,543,561,563,565,577,582,68,70,98	2	1,2,3,4,5,6,7,8,9,10,11,12,13,14,15,16,17,18,19,20,21,22,23,24,25,26,41,42,43,44,45,46	400	566	718	52|2|1|0|0|0|3|3|4|0|0|1
GA	Allmis	LTR	ERV4	SFV1-13_AMi-LTR	JH734142:102573-103294-	JH738772:94377-95140-	17	33	0	102,108,247,256,260,281,294,296,68,70,74	102,108,248,257,261,282,295,297,68,70,74	2	4,5,6,7,8,12,13,14,15,16,17	91	230	328	17|3|0|1|2|3|1|3|0|2|0|1
GA	Allmis	LTR	ERV4	SFV1-13_AMi-LTR	JH734152:221510-222228-	JH739617:371028-371790-	30	53	0	287,292,295,297,302,309,312,519,545,557,593,595,597,654,661,671	289,294,297,299,304,311,314,521,554,566,602,604,606,663,670,680	2	8,9,10,11,12,13,14,22,23,24,25,26,27,28,29,30	186	392	722	30|8|0|0|1|1|4|6|0|0|3|0
GA	Allmis	LTR	ERV4	SFV1-13_AMi-LTR	JH734152:221510-222228-	JH734215:45816-46564+	31	50	0	211,213,224,232,234,593,595,597,609,614	208,210,221,229,231,588,590,592,604,609	2	7,8,9,10,11,23,24,25,26,27	46	402	704	31|5|0|0|0|1|4|6|0|1|2|0
GA	Allmis	LTR	ERV4	SFV1-13_AMi-LTR	JH734152:221510-222228-	JH738772:94377-95140-	41	66	0	287,295,297,302,312,330,390,400,416,420,442	287,295,297,302,312,330,389,399,415,419,441	2	15,16,17,18,19,20,23,24,25,26,27	97	155	723	41|5|0|1|2|3|1|7|1|1|2|2
GA	Allmis	LTR	ERV4	SFV1-13_AMi-LTR	JH734152:221510-222228-	JH737242:1129367-1130125-	32	62	0	211,220,221,222,224,545,557,587,590,595,597	209,219,220,221,223,550,562,592,595,600,602	2	8,9,10,11,12,24,25,26,27,28,29	68	394	720	32|7|0|2|1|3|4|9|0|1|3|0
GA	Allmis	LTR	ERV4	SFV1-13_AMi-LTR	JH734152:221510-222228-	JH738606:45170-45925+	29	64	0	220,221,222,224,232,269,271,287,297,312	216,217,218,220,228,263,265,281,291,306	2	6,7,8,9,10,11,12,13,14,15	92	91	719	29|9|1|0|2|2|4|8|0|2|6|1
GA	Allmis	LTR	ERV4	SFV1-13_AMi-LTR	JH734152:221510-222228-	JH735597:1032167-1032920+	56	71	0	211,213,224,232,234,236,248,253,287,289,294,295,297,302,308,312,344,355,396,398,400,408,416,455,465,470,478,502,519,522,526,533,545,557,565,587,593,595,597,614	214,216,227,235,237,239,251,256,290,292,297,298,300,305,311,315,347,358,398,400,402,410,418,457,467,472,480,504,520,523,527,534,546,558,566,588,594,596,598,615	5	10,11,12,13,14,15,16,17,18,19,20,21,22,23,24,25,26,27,29,30,31,32,33,36,37,38,39,40,41,42,43,44,45,46,47,48,49,50,51,52	327	402	707	56|6|0|0|0|1|0|6|0|0|2|0
GA	Allmis	LTR	ERV4	SFV1-13_AMi-LTR	JH734152:221510-222228-	JH735687:678338-679095+	29	66	0	287,295,297,302,312,519,545,557,595,597,614	286,294,296,301,311,516,549,561,599,601,618	2	4,5,6,7,8,19,20,21,22,23,24	129	333	720	29|12|1|0|1|3|5|8|0|2|4|1
GA	Allmis	LTR	ERV4	SFV1-13_AMi-LTR	JH734152:221510-222228-	JH736990:99315-100082-	36	68	0	287,295,297,302,312,390,398,400,416,420,519,533,542,545,557,597,614	295,303,305,310,320,397,405,407,423,427,527,547,556,559,571,611,628	3	11,12,13,14,15,18,19,20,21,22,26,27,28,29,30,31,32	159	334	725	36|8|0|1|0|2|4|9|2|0|2|4
GA	Allmis	LTR	ERV4	SFV1-13_AMi-LTR	JH734152:221510-222228-	JH735343:299021-299775+	49	78	0	287,295,297,302,312,330,394,396,398,400,408,416,542,545,557,591,593,595,597,609,614	282,290,292,297,307,325,388,390,392,394,402,410,543,546,558,592,594,596,598,610,615	3	12,13,14,15,16,17,21,22,23,24,25,26,33,34,35,36,37,38,39,40,41	140	334	717	49|7|4|1|0|2|0|9|0|2|4|0
GA	Allmis	LTR	ERV4	SFV1-13_AMi-LTR	JH734158:99106-99868+	JH738772:94377-95140-	37	74	0	102,18,247,249,256,294,296,301,363,365,384,398,40,400,68,74	102,18,248,250,257,295,297,302,364,366,385,399,40,401,68,74	3	1,2,3,4,5,11,12,13,14,15,16,18,19,20,21,22	178	384	759	37|7|2|3|3|2|7|8|1|1|1|1
GA	Allmis	LTR	ERV4	SFV1-13_AMi-LTR	JH734158:99106-99868+	JH737439:88420-89179-	46	75	0	104,110,126,128,136,221,222,223,247,249,294,296,301,350,351,352,361,363,365,384	104,107,123,125,134,218,219,220,244,246,291,293,298,347,348,349,358,360,362,381	3	7,8,9,10,11,15,16,17,18,19,20,21,22,24,25,26,27,28,29,30	147	278	760	46|5|1|1|0|4|4|7|0|2|3|1
GA	Allmis	LTR	ERV4	SFV1-13_AMi-LTR	JH734158:99106-99868+	JH736990:99315-100082-	35	74	0	102,104,18,363,365,384,396,398,40,400,68,98	102,104,18,372,374,393,40,405,407,409,68,98	2	1,2,3,4,5,6,16,17,18,19,20,21	125	392	764	35|9|0|3|0|1|8|8|2|1|3|3
GA	Allmis	LTR	ERV4	SFV1-13_AMi-LTR	JH734158:99106-99868+	JH735343:299021-299775+	54	92	0	223,247,249,294,296,301,392,394,396,398,400,406,600,602,604,606,618,694,717,719,720,727,728,729,736	219,243,245,290,292,297,388,390,392,394,396,402,592,594,596,598,610,686,709,711,712,719,720,721,728	4	10,11,12,13,14,15,20,21,22,23,24,25,38,39,40,41,42,47,48,49,50,51,52,53,54	156	510	746	54|6|2|1|3|2|6|10|0|2|4|1
GA	Allmis	LTR	ERV4	SFV1-13_AMi-LTR	JH734158:99106-99868+	JH735597:1032167-1032920+	57	89	0	126,136,149,151,162,187,212,235,247,249,252,288,293,294,296,301,307,394,396,398,400,406	128,138,151,153,164,189,214,237,251,253,256,292,297,298,300,305,311,398,400,402,404,410	3	6,7,8,9,10,11,12,13,14,15,16,17,18,19,20,21,22,26,27,28,29,30	198	283	757	57|4|0|4|3|2|4|7|2|1|1|3
GA	Allmis	LTR	ERV4	SFV1-13_AMi-LTR	AKHW01045656:25628-26355-	JH734735:652264-652991+	29	46	0	119,121,133,158,212,220,223,248,268,294,295,297,308,351,374,377,465,473,489,492,98	121,123,135,160,214,222,225,250,270,296,297,299,310,351,374,377,465,473,489,492,99	3	4,5,6,7,8,9,10,11,12,13,14,15,16,17,18,19,20,21,22,23,24	396	394	727	29|4|0|0|2|0|4|2|0|0|4|0
GA	Allmis	LTR	ERV4	SFV1-13_AMi-LTR	AKHW01045656:25628-26355-	JH737364:67877-68602-	43	68	0	133,158,160,206,212,351,363,374,375,377,430,432,445,473,489,492	132,157,159,205,211,350,362,373,374,376,429,431,444,472,490,493	3	2,3,4,5,6,19,20,21,22,23,25,26,27,28,29,30	172	362	721	43|5|0|0|2|1|3|3|1|1|4|2
GA	Allmis	LTR	ERV4	SFV1-13_AMi-LTR	AKHW01045656:25628-26355-	JH738206:37267-37987-	39	57	0	119,121,125,133,160,18,206,212,351,374,375,377,385,393,398,40,401,405,98	118,120,124,132,151,18,197,203,342,365,366,368,376,384,389,392,396,40,98	2	1,2,3,4,5,6,7,8,9,10,15,16,17,18,19,20,21,22,23	241	379	712	39|3|0|0|2|0|5|2|2|0|2|0
GA	Allmis	LTR	ERV4	SFV1-13_AMi-LTR	AKHW01045656:25628-26355-	JH735343:299021-299775+	17	24	0	565,567,569,583,605,692,693,694,701,718,719	592,594,596,610,632,719,720,721,728,745,746	2	3,4,5,6,7,12,13,14,15,16,17	69	155	215	17|2|0|0|1|1|1|1|0|0|1|0
GA	Allmis	LTR	ERV4	SFV1-13_AMi-LTR	JH734170:524697-525446-	JH737242:1129367-1130125-	28	57	0	208,213,217,218,219,220,222,224,541,553,583,586,591,593	210,214,218,219,220,221,223,225,550,562,592,595,600,602	2	5,6,7,8,9,10,11,12,21,22,23,24,25,26	69	393	753	28|4|2|2|1|2|6|6|2|0|1|3
GA	Allmis	LTR	ERV4	SFV1-13_AMi-LTR	JH734170:524697-525446-	JH736990:99315-100082-	31	57	0	370,381,385,393,395,411,450,538,541,553,593,610	382,393,397,405,407,423,462,556,559,571,611,628	2	14,15,16,17,18,19,20,23,24,25,26,27	154	247	758	31|8|2|0|0|1|6|5|2|0|1|1
GA	Allmis	LTR	ERV4	SFV1-13_AMi-LTR	JH734170:524697-525446-	JH739617:373996-374760-	21	58	0	205,208,213,222,224,553,586,591,593,610	209,214,218,226,228,568,601,606,608,625	2	3,4,5,6,7,15,16,17,18,19	78	417	756	21|5|2|2|3|3|8|6|2|1|1|4
GA	Allmis	LTR	ERV4	SFV1-13_AMi-LTR	JH734170:524697-525446-	JH738606:45170-45925+	31	66	0	217,218,219,220,222,224,583,586,593,610,616	215,216,217,218,220,222,589,592,599,616,622	2	8,9,10,11,12,13,26,27,28,29,30	42	408	752	31|5|1|1|1|3|11|5|1|1|4|2
GA	Allmis	LTR	ERV4	SFV1-13_AMi-LTR	JH734170:524697-525446-	JH739617:371028-371790-	29	63	0	288,291,293,298,305,541,553,589,591,593	294,297,299,304,311,554,566,602,604,606	2	7,8,9,10,11,19,20,21,22,23	71	313	755	29|7|2|0|1|3|10|6|1|0|1|3
GA	Allmis	LTR	ERV4	SFV1-13_AMi-LTR	JH734170:524697-525446-	JH734215:45816-46564+	39	75	0	589,591,593,605,610,704,706,707,708,714,715,716	588,590,592,604,609,703,705,706,707,713,714,715	2	21,22,23,24,25,30,31,32,33,34,35,36	35	128	748	39|5|2|0|1|3|12|8|1|0|1|3
GA	Allmis	LTR	ERV4	SFV1-13_AMi-LTR	JH734170:524697-525446-	JH735597:1032167-1032920+	61	95	0	290,291,293,298,304,370,381,391,393,395,403,411,529,541,553,561,583,589,591,593,610	297,298,300,305,311,377,388,398,400,402,410,418,534,546,558,566,588,594,596,598,615	3	19,20,21,22,23,26,27,28,29,30,31,32,42,43,44,45,46,47,48,49,50	139	319	751	61|5|2|1|3|3|7|8|1|0|0|4
GA	Allmis	LTR	ERV4	SFV1-13_AMi-LTR	JH734170:524697-525446-	JH737439:88420-89179-	51	98	0	217,218,219,220,222,224,338,340,347,348,349,351,358,370,381,385,583,587,589,591,593,610	217,218,219,220,222,224,338,340,347,348,349,351,358,370,381,385,593,597,599,601,603,620	3	13,14,15,16,17,18,25,26,27,28,29,30,31,32,33,34,44,45,46,47,48,49	84	404	754	51|9|2|0|1|8|8|9|1|2|5|2
GA	Allmis	LTR	ERV4	SFV1-13_AMi-LTR	JH734215:45816-46564+	JH735597:1032167-1032920+	34	46	0	233,245,247,250,258,259,286,291,299,305,341,352,383,393,405,413,449,452,462,467,475,498,505,517,521,528,560,582,583	239,251,253,256,264,265,292,297,305,311,347,358,388,398,410,418,454,457,467,472,480,504,511,523,527,534,566,588,589	1	4,5,6,7,8,9,10,11,12,13,14,15,16,17,18,19,20,21,22,23,24,25,26,27,28,29,30,31,32	351	351	739	34|4|0|0|1|0|2|3|1|0|0|1
GA	Allmis	LTR	ERV4	SFV1-13_AMi-LTR	JH734215:45816-46564+	JH738772:94377-95140-	22	58	0	245,247,254,258,259,299,327,361,383,387	248,250,257,261,262,302,330,364,385,389	1	5,6,7,8,9,10,11,12,13,14	142	142	752	22|5|2|0|2|1|18|4|1|0|1|2
GA	Allmis	LTR	ERV4	SFV1-13_AMi-LTR	JH734215:45816-46564+	JH737439:88420-89179-	30	74	0	217,218,219,245,247,258,259,299,339,341,348,349,350,352,359,361,383,387	218,219,220,244,246,257,258,298,338,340,347,348,349,351,358,360,381,385	2	4,5,6,7,8,9,10,11,12,13,14,15,16,17,18,19,20,21	169	168	741	30|6|1|0|2|5|11|5|0|4|6|4
GA	Allmis	LTR	ERV4	SFV1-13_AMi-LTR	JH734222:195088-195842-	JH735343:299021-299775+	47	75	0	158,160,164,183,208,503,534,543,558,592,594,596,610,668,672,686,709,711,712,719,720,721,728	158,160,164,183,208,503,534,543,558,592,594,596,610,668,672,686,709,711,712,719,720,721,728	3	7,8,9,10,11,28,29,30,31,32,33,34,35,38,39,40,41,42,43,44,45,46,47	220	571	743	47|7|1|0|2|3|3|6|1|0|3|1
GA	Allmis	LTR	ERV4	SFV1-13_AMi-LTR	JH734222:517503-518270-	JH737439:88420-89179-	45	101	0	224,225,226,228,250,252,601,605,607,609,611	218,219,220,222,244,246,593,597,599,601,603	2	11,12,13,14,15,16,38,39,40,41,42	40	386	763	45|12|3|1|1|5|7|11|2|2|4|7
GA	Allmis	LTR	ERV4	SFV1-13_AMi-LTR	JH734222:517503-518270-	JH735597:1032167-1032920+	52	99	0	228,238,250,252,255,291,296,297,299,304,310,405,407,409,415,423	227,237,251,253,256,292,297,298,300,305,311,400,402,404,410,418	3	9,10,11,12,13,14,15,16,17,18,19,23,24,25,26,27	105	192	760	52|10|2|2|4|2|5|9|2|0|0|10
GA	Allmis	LTR	ERV4	SFV1-13_AMi-LTR	JH734285:22948-23405-	JH737364:67877-68602-	32	51	0	132,157,159,205,211,218,219,220,222,232	132,157,159,205,211,218,219,220,222,232	2	4,5,6,7,8,9,10,11,12,13	102	101	456	32|4|0|1|0|3|2|2|1|1|2|1
GA	Allmis	LTR	ERV4	SFV1-13_AMi-LTR	JH734285:22948-23405-	JH738206:37267-37987-	33	44	0	124,132,159,205,211,218,232,370,371,373,381,389,394,397,401	124,132,151,197,203,210,224,365,366,368,376,384,389,392,396	2	8,9,10,11,12,13,14,21,22,23,24,25,26,27,28	133	273	450	33|2|0|1|0|2|0|2|2|0|1|0
GA	Allmis	LTR	ERV4	SFV1-13_AMi-LTR	JH734304:120386-121150-	JH737548:38014-38783-	25	68	0	604,620,663,672,682,718,719,721,722,723,729,730,731,733	609,625,668,677,687,723,724,726,727,728,734,735,736,738	2	12,13,14,15,16,17,18,19,20,21,22,23,24,25	131	130	766	25|3|0|1|0|1|10|2|0|1|0|0
GA	Allmis	LTR	ERV4	SFV1-13_AMi-LTR	JH734325:196106-196821+	JH735259:229764-230473-	33	52	0	239,299,312,313,366,387,395,401,403,417,425,588,590,592,594,611	240,300,313,314,366,387,395,401,403,417,425,599,601,603,605,622	2	7,8,9,10,11,12,13,14,15,16,17,23,24,25,26,27	210	383	698	33|5|0|0|2|0|5|2|1|0|1|0
GA	Allmis	LTR	ERV4	SFV1-13_AMi-LTR	JH734331:223715-224445-	JH737439:88420-89179-	44	88	0	225,227,249,251,262,350,351,352,354,361,373,384,580,584,586,588,590	220,222,244,246,257,347,348,349,351,358,370,381,593,597,599,601,603	3	13,14,15,16,17,23,24,25,26,27,28,29,37,38,39,40,41	84	384	739	44|9|1|3|2|4|4|10|1|2|4|4
GA	Allmis	LTR	ERV4	SFV1-13_AMi-LTR	JH734335:620687-621443-	JH739617:371028-371790-	28	61	0	108,126,138,208,212,291,294,296,301,308	108,127,139,209,213,294,297,299,304,311	2	3,4,5,6,7,9,10,11,12,13	124	204	759	28|7|1|0|2|0|8|10|1|0|1|3
GA	Allmis	LTR	ERV4	SFV1-13_AMi-LTR	JH734335:620687-621443-	JH737242:1129367-1130125-	27	62	0	126,136,138,151,167,551,563,593,601,603	123,133,135,148,164,550,562,592,600,602	2	4,5,6,7,8,20,21,22,23,24	95	480	757	27|9|1|2|2|0|7|11|1|0|1|1
GA	Allmis	LTR	ERV4	SFV1-13_AMi-LTR	JH734335:620687-621443-	JH737633:134518-135276+	31	71	0	162,167,187,212,214,548,563,593,601,603	158,163,183,209,211,547,562,592,600,602	2	8,9,10,11,12,24,25,26,27,28	110	445	757	31|12|1|0|2|1|9|9|0|0|2|4
GA	Allmis	LTR	ERV4	SFV1-13_AMi-LTR	JH734335:620687-621443-	JH735343:299021-299775+	52	87	0	392,394,396,398,406,414,597,599,601,603,615,711,713,714,721,722,723	388,390,392,394,402,410,592,594,596,598,610,709,711,712,719,720,721	3	20,21,22,23,24,25,36,37,38,39,40,46,47,48,49,50,51	55	334	744	52|6|3|0|1|1|5|10|1|1|4|3
GA	Allmis	LTR	ERV4	SFV1-13_AMi-LTR	JH734335:620687-621443-	JH735597:1032167-1032920+	59	93	0	126,136,138,149,151,167,187,212,214,225,235,247,249,252,260,288,293,294,296,301,307,394,396,398,406,414,539,551,563,571,593	128,138,140,151,153,169,189,214,216,227,237,251,253,256,264,292,297,298,300,305,311,398,400,402,410,418,534,546,558,566,588	5	4,5,6,7,8,9,10,11,12,13,14,15,16,17,18,19,20,21,22,23,24,28,29,30,31,32,41,42,43,44,45	262	461	754	59|5|1|2|3|0|7|11|1|0|0|4
GA	Allmis	LTR	ERV4	SFV1-13_AMi-LTR	JH734358:106420-107120+	JH735259:229764-230473-	39	95	0	297,299,304,310,311,544,556,590,592,594,596	300,302,307,313,314,553,565,599,601,603,605	2	15,16,17,18,19,32,33,34,35,36,37	68	306	686	39|13|1|1|3|6|3|9|1|3|4|2
GA	Allmis	LTR	ERV4	SFV1-13_AMi-LTR	JH734362:269746-270060-	JH734488:249461-250226+	17	28	0	156,173,186,213,220,267,273,280,291,295	609,626,639,666,673,718,724,731,742,746	2	7,8,9,10,11,13,14,15,16,17	94	138	313	17|3|1|1|1|0|1|3|0|0|1|0
GA	Allmis	LTR	ERV4	LT-47_AMi-I	JH735131:512011-512698+	JH735394:57888-58569-	27	55	0	218,223,258,27,275,278,282,405,413,415,419,422,52,68,83,87	217,222,257,26,274,277,281,403,411,413,417,420,51,67,82,86	3	1,2,3,4,5,10,11,12,13,14,15,17,18,19,20,21	144	395	683	27|7|1|2|0|1|10|4|0|1|0|1
GA	Allmis	LTR	ERV4	SFV1-13_AMi-LTR	JH734368:53996-54401+	JH737466:159290-159789-	16	23	0	142,189,196,205,219,231,276,281,283,301,318	237,284,291,300,314,326,371,376,378,395,412	2	2,3,4,5,6,7,8,9,10,11,12	177	176	404	16|1|1|0|0|0|1|3|0|0|0|0
GA	Allmis	LTR	ERV4	SFV1-13_AMi-LTR	JH734370:111792-112034+	JH737364:67877-68602-	20	24	0	103,109,179,180,223,227,232,234,37,49,57,79,82,84,86	520,532,540,562,565,567,569,586,592,662,663,706,710,715,717	2	4,5,6,7,8,9,10,11,12,15,16,17,18,19,20	129	198	242	20|2|1|0|0|0|0|1|0|0|0|0
GA	Allmis	LTR	ERV4	SFV1-13_AMi-LTR	JH734417:31495-32262+	JH736272:32817-33574-	20	40	0	148,150,160,163,166,185,462,472,497,526,559	146,148,159,162,165,184,452,462,487,516,549	2	3,4,5,6,7,8,13,14,15,16,17	137	404	762	20|5|0|1|3|0|6|4|0|1|0|0
GA	Allmis	LTR	ERV4	SFV1-13_AMi-LTR	JH734417:31495-32262+	JH738772:94377-95140-	37	58	0	108,123,160,163,166,255,264,268,302,304,309,337,393,397,407,423	108,123,161,164,167,248,257,261,295,297,302,330,385,389,399,415	2	5,6,7,8,9,11,12,13,14,15,16,17,18,19,20,21	228	308	762	37|4|1|1|4|1|2|5|1|0|1|1
GA	Allmis	LTR	ERV4	SFV1-13_AMi-LTR	JH734417:31495-32262+	JH735341:1473633-1474397+	34	54	0	148,160,163,166,185,354,369,381,393,405,407	153,166,169,172,191,352,367,379,391,403,405	2	1,2,3,4,5,14,15,16,17,18,19	93	253	744	34|3|0|0|2|0|7|4|0|0|0|0
GA	Allmis	LTR	ERV4	SFV1-13_AMi-LTR	JH734417:31495-32262+	JH737548:38014-38783-	37	84	0	607,609,611,623,628,721,722,724,725,726,732,733,734,736,764	609,611,613,625,630,723,724,726,727,728,734,735,736,738,766	2	19,20,21,22,23,28,29,30,31,32,33,34,35,36,37	66	158	768	37|4|0|0|1|1|7|5|0|1|0|3
GA	Allmis	LTR	ERV4	SFV1-13_AMi-LTR	JH734417:31495-32262+	JH735343:299021-299775+	53	71	0	231,233,255,268,302,304,309,337,401,403,405,407,415,423,431,435,462,477,505,605,607,609,611,623,628,699,722,724,725,732,733,734,741	219,221,243,256,290,292,297,325,388,390,392,394,402,410,418,422,449,464,492,592,594,596,598,610,615,686,709,711,712,719,720,721,728	5	10,11,12,13,14,15,16,17,20,21,22,23,24,25,26,27,28,29,30,36,37,38,39,40,41,46,47,48,49,50,51,52,53	280	510	749	53|3|2|0|1|1|2|6|0|1|1|1
GA	Allmis	LTR	ERV4	SFV1-13_AMi-LTR	JH734417:31495-32262+	JH737439:88420-89179-	49	88	0	231,233,255,268,302,304,309,349,351,358,359,360,362,369,393,397,601,605,607,609,611,628	220,222,244,257,291,293,298,338,340,347,348,349,351,358,381,385,593,597,599,601,603,620	3	15,16,17,18,19,20,21,22,23,24,25,26,27,28,29,30,42,43,44,45,46,47	195	401	763	49|7|3|0|4|4|4|8|0|3|4|2
GA	Allmis	LTR	ERV4	SFV1-13_AMi-LTR	JH734417:31495-32262+	JH735597:1032167-1032920+	59	79	0	135,148,150,160,163,166,185,233,243,255,260,268,296,301,302,304,309,315,351,362,393,403,405,407,415,423,449,459,462,472,477,485,509,601,607,609,611,628	138,151,153,164,167,170,189,227,239,251,256,264,292,297,298,300,305,311,347,358,388,398,400,402,410,418,444,454,457,467,472,480,504,588,594,596,598,615	5	5,6,7,8,9,10,11,12,13,14,15,16,17,18,19,20,21,22,23,24,25,26,27,28,29,30,31,32,33,34,35,36,37,43,44,45,46,47	398	478	760	59|4|0|2|3|0|4|4|2|0|0|1
GA	Allmis	LTR	ERV4	SFV1-13_AMi-LTR	JH734448:729511-729721-	JH737364:67877-68602-	14	18	0	118,128,147,148,17,195,200,202,25,47,50,52,77,84	532,540,562,565,567,592,599,633,643,662,663,710,715,717	2	1,2,3,4,5,6,7,8,9,10,11,12,13,14	187	186	205	14|2|0|0|0|0|2|0|0|0|0|0
GA	Allmis	LTR	ERV4	SFV1-13_AMi-LTR	JH734483:22996-23722+	JH735259:229764-230473-	36	51	0	134,138,163,165,599,601,603,605,622,77	136,140,165,167,599,601,603,605,622,77	2	3,4,5,6,7,27,28,29,30,31	115	546	707	36|3|1|0|1|0|2|3|3|0|1|0
GA	Allmis	LTR	ERV4	SFV1-13_AMi-LTR	JH734488:249461-250226+	JH737548:38014-38783-	29	76	0	160,166,199,210,257,719,720,722,723,730,732,734	164,170,203,214,261,723,724,726,727,734,736,738	2	6,7,8,9,10,22,23,24,25,26,27,28	114	575	767	29|1|0|2|0|2|10|5|0|1|1|0
GA	Allmis	LTR	ERV4	SFV1-13_AMi-LTR	JH734488:249461-250226+	JH737242:1129367-1130125-	24	61	0	160,166,199,209,214,218,219,220,221,223,225	159,165,198,210,214,218,219,220,221,223,225	1	6,7,8,9,10,11,12,13,14,15,16	67	67	761	24|5|1|2|2|4|13|8|0|1|1|0
GA	Allmis	LTR	ERV4	SFV1-13_AMi-LTR	JH734488:249461-250226+	JH737439:88420-89179-	38	90	0	229,230,231,233,235,356,357,358,360,367	218,219,220,222,224,347,348,349,351,358	2	13,14,15,16,17,23,24,25,26,27	19	141	762	38|10|1|1|2|8|10|13|0|2|4|1
GA	Allmis	LTR	ERV4	SFV1-13_AMi-LTR	JH734502:69653-70428-	JH737242:1129367-1130125-	33	90	0	161,167,18,211,220,221,222,36,40,42,55,597,600,605,607,637	159,165,18,209,218,219,220,36,40,42,55,592,595,600,602,632	3	1,2,3,4,5,9,10,11,12,13,14,28,29,30,31,32	141	615	761	33|16|2|3|4|5|5|11|2|1|2|6
GA	Allmis	LTR	ERV4	SFV1-13_AMi-LTR	JH734554:297107-297485+	JH738772:94377-95140-	17	25	0	18,247,249,256,260,294,301,36,68,70,74	18,248,250,257,261,295,302,36,68,70,74	2	1,2,3,4,5,11,12,13,14,15,16	112	285	366	17|1|1|0|1|1|1|1|0|1|1|0
GA	Allmis	LTR	ERV4	SFV1-13_AMi-LTR	JH734554:316115-316875+	JH738772:94377-95140-	38	66	0	386,390,400,416,420,602,604,621,661,668	385,389,399,415,419,605,607,624,664,671	2	18,19,20,21,22,31,32,33,34,35	102	287	758	38|5|1|1|2|2|5|5|2|1|2|2
GA	Allmis	LTR	ERV4	SFV1-13_AMi-LTR	JH734554:316115-316875+	JH735341:1473633-1474397+	32	57	0	386,398,400,452,455,602,604,621,661,668	391,403,405,457,460,614,616,633,673,680	2	16,17,18,19,20,26,27,28,29,30	137	290	741	32|3|0|1|0|1|6|4|1|1|1|3
GA	Allmis	LTR	ERV4	SFV1-13_AMi-LTR	JH734554:316115-316875+	JH736990:99315-100082-	33	61	0	386,390,398,400,416,420,540,549,552,564,604,621,661,668	393,397,405,407,423,427,547,556,559,571,611,628,668,675	2	14,15,16,17,18,19,24,25,26,27,28,29,30,31	164	283	763	33|8|0|0|0|1|4|6|2|1|3|3
GA	Allmis	LTR	ERV4	SFV1-13_AMi-LTR	JH734554:316115-316875+	JH735687:678338-679095+	28	64	0	351,361,363,398,400,552,564,602,604,621,627	351,361,363,395,397,549,561,599,601,618,624	2	6,7,8,9,10,18,19,20,21,22,23	123	274	758	28|11|0|0|1|2|6|6|1|3|4|2
GA	Allmis	LTR	ERV4	SFV1-13_AMi-LTR	JH734554:316115-316875+	JH737633:134518-135276+	31	67	0	162,168,187,212,225,549,564,594,597,602,604,621	158,164,183,209,222,547,562,592,595,600,602,619	2	6,7,8,9,10,21,22,23,24,25,26,27	138	462	759	31|13|0|0|1|1|6|6|1|1|4|3
GA	Allmis	LTR	ERV4	SFV1-13_AMi-LTR	JH734554:316115-316875+	JH735343:299021-299775+	49	75	0	394,396,398,400,408,416,540,549,552,564,598,600,602,604,616,621,692,715,717,718,725,726,727,734	388,390,392,394,402,410,534,543,546,558,592,594,596,598,610,615,686,709,711,712,719,720,721,728	3	17,18,19,20,21,22,28,29,30,31,32,33,34,35,36,37,42,43,44,45,46,47,48,49	148	341	746	49|5|3|1|0|1|2|7|1|3|2|1
GA	Allmis	LTR	ERV4	SFV1-13_AMi-LTR	JH734554:316115-316875+	JH735597:1032167-1032920+	57	75	0	136,149,151,162,168,187,212,225,235,247,252,260,288,293,294,301,307,343,354,386,396,398,400,408,416,442,452,455,465,522,526,552,564,572,594,600,602,604,621,668	138,151,153,164,170,189,214,227,237,251,256,264,292,297,298,305,311,347,358,388,398,400,402,410,418,444,454,457,467,523,527,546,558,566,588,594,596,598,615,661	4	5,6,7,8,9,10,11,12,13,14,15,16,17,18,19,20,21,22,23,24,25,26,27,28,29,30,31,32,33,36,37,38,39,40,41,42,43,44,45,46	471	524	756	57|5|0|1|1|1|2|4|2|0|2|0
GA	Allmis	LTR	ERV4	SFV1-13_AMi-LTR	JH734554:316115-316875+	JH737439:88420-89179-	50	92	0	221,222,223,225,247,260,341,343,350,351,352,354,361,363,594,598,600,602,604,621	218,219,220,222,244,257,338,340,347,348,349,351,358,360,593,597,599,601,603,620	3	13,14,15,16,17,18,21,22,23,24,25,26,27,28,43,44,45,46,47,48	91	403	759	50|10|0|0|1|5|5|8|1|3|7|2
GA	Allmis	LTR	ERV4	SFV1-13_AMi-LTR	JH734580:420610-421365-	JH738772:94377-95140-	35	60	0	102,108,121,135,165,244,246,252,256,290,292,297,325,359,381,395,411,415,68,74	102,108,123,137,167,248,250,257,261,295,297,302,330,364,385,399,415,419,68,74	3	3,4,5,6,7,8,9,12,13,14,15,16,17,18,19,20,21,22,23,24	273	352	756	35|7|1|1|2|1|4|6|1|1|1|0
GA	Allmis	LTR	ERV4	SFV1-13_AMi-LTR	JH734580:420610-421365-	JH735343:299021-299775+	49	72	0	220,244,246,256,290,292,297,325,389,391,393,395,403,411,593,595,597,611,633,669,673,687,710,712,720,721,722,729	219,243,245,256,290,292,297,325,388,390,392,394,402,410,592,594,596,610,632,668,672,686,709,711,719,720,721,728	4	10,11,12,13,14,15,16,17,20,21,22,23,24,25,35,36,37,38,39,41,42,43,44,45,46,47,48,49	232	510	743	49|5|2|1|1|1|2|6|0|2|3|0
GA	Allmis	LTR	ERV4	SFV1-13_AMi-LTR	JH734580:420610-421365-	JH735597:1032167-1032920+	55	75	0	133,135,146,148,165,184,209,232,244,246,249,256,284,289,290,292,297,303,339,391,393,395,403,411,437,447,460,465,473,497	138,140,151,153,170,189,214,239,251,253,256,264,292,297,298,300,305,311,347,398,400,402,410,418,444,454,467,472,480,504	4	5,6,7,8,9,10,11,12,13,14,15,16,17,18,19,20,21,22,23,26,27,28,29,30,31,32,33,34,35,36	319	367	754	55|7|0|0|2|0|1|7|1|1|0|1
GA	Allmis	LTR	ERV4	SFV1-13_AMi-LTR	JH734580:420610-421365-	JH737439:88420-89179-	46	87	0	218,219,220,244,246,256,290,292,297,346,347,348,350,357,359,381	218,219,220,244,246,257,291,293,298,347,348,349,351,358,360,381	2	13,14,15,16,17,18,19,20,21,24,25,26,27,28,29,30	116	164	757	46|12|0|0|1|5|4|10|0|3|5|1
GA	Allmis	LTR	ERV4	SFV1-13_AMi-LTR	JH734594:245782-246585-	JH738772:94377-95140-	19	24	0	102,108,122,136,160,166,245,247,254,258,292,294,299,68,74	102,108,123,137,161,167,248,250,257,261,295,297,302,68,74	2	3,4,5,6,7,8,9,10,13,14,15,16,17,18,19	155	235	321	19|1|0|1|1|0|1|1|0|0|0|0
GA	Allmis	LTR	ERV4	SFV1-13_AMi-LTR	JH734594:245782-246585-	JH735343:299021-299775+	22	31	0	583,592,595,607,641,643,645,647,659,664,758,760,761,768,769,770	534,543,546,558,592,594,596,598,610,615,709,711,712,719,720,721	2	1,2,3,4,5,6,7,8,9,10,16,17,18,19,20,21	95	188	232	22|2|1|0|0|1|0|1|1|0|2|1
GA	Allmis	LTR	ERV4	SFV1-13_AMi-LTR	JH734594:245782-246585-	JH735597:1032167-1032920+	24	28	0	134,136,147,149,160,166,185,210,223,233,245,247,250,258,286,291,292,294,299,305	138,140,151,153,164,170,189,214,227,237,251,253,256,264,292,297,298,300,305,311	2	5,6,7,8,9,10,11,12,13,14,15,16,17,18,19,20,21,22,23,24	175	174	323	24|2|0|1|0|0|0|1|0|0|0|0
GA	Allmis	LTR	ERV4	SFV1-13_AMi-LTR	JH734594:245782-246585-	JH735597:1032167-1032920+	19	27	0	595,607,615,637,643,645,647,664,711,721	546,558,566,588,594,596,598,615,661,671	1	1,2,3,4,5,6,7,8,9,10	126	126	219	19|0|1|1|2|0|0|0|1|0|0|3
GA	Allmis	LTR	ERV4	SFV1-13_AMi-LTR	JH734630:67049-67817+	JH737242:1129367-1130125-	29	70	0	135,150,167,210,215,219,220,221,222,224,226	133,148,165,210,214,218,219,220,221,223,225	1	4,5,6,7,8,9,10,11,12,13,14	93	93	763	29|4|2|2|1|2|10|9|0|1|3|0
GA	Allmis	LTR	ERV4	SFV1-13_AMi-LTR	JH734630:67049-67817+	JH738772:94377-95140-	29	71	0	102,108,18,256,269,303,305,310,338,40,74	102,108,18,248,261,295,297,302,330,40,74	2	1,2,3,4,5,10,11,12,13,14,15	174	313	760	29|3|3|2|3|5|7|7|1|0|3|1
GA	Allmis	LTR	ERV4	SFV1-13_AMi-LTR	JH734630:67049-67817+	JH735343:299021-299775+	43	78	0	269,303,305,310,338,401,403,407,415,423,606,608,610,612,624,723,725,726,733,735,742	256,290,292,297,325,388,390,394,402,410,592,594,596,598,610,709,711,712,719,721,728	4	11,12,13,14,15,17,18,19,20,21,31,32,33,34,35,38,39,40,41,42,43	132	473	750	43|3|4|0|0|3|4|9|0|1|2|2
GA	Allmis	LTR	ERV4	SFV1-13_AMi-LTR	JH734630:67049-67817+	JH737439:88420-89179-	41	96	0	230,231,232,234,236,350,352,359,360,361,363,602,606,608,610,612	218,219,220,222,224,338,340,347,348,349,351,593,597,599,601,603	3	11,12,13,14,15,21,22,23,24,25,26,37,38,39,40,41	32	386	763	41|6|2|1|3|7|7|13|0|2|5|2
GA	Allmis	LTR	ERV4	SFV1-13_AMi-LTR	JH734654:948868-949613-	JH735343:299021-299775+	52	104	0	392,396,398,400,406,414,700,702,703,710,711,712,719,735,736,737	388,392,394,396,402,410,709,711,712,719,720,721,728,744,745,746	2	20,21,22,23,24,25,43,44,45,46,47,48,49,50,51,52	61	359	749	52|12|2|1|1|5|3|10|1|1|6|9
GA	Allmis	LTR	ERV4	SFV1-13_AMi-LTR	JH734654:951658-952111-	JH737439:88420-89179-	31	59	0	288,292,294,296,298,58,59,60,62,69	347,348,349,351,358,593,597,599,601,603	2	6,7,8,9,10,24,25,26,27,28	23	257	457	31|5|1|0|2|4|4|9|0|2|0|1
GA	Allmis	LTR	ERV4	SFV1-13_AMi-LTR	JH734700:458917-459648+	JH735343:299021-299775+	37	57	0	364,366,368,370,378,386,686,688,689,696,697,698	388,390,392,394,402,410,709,711,712,719,720,721	2	4,5,6,7,8,9,31,32,33,34,35,36	36	334	435	37|4|1|2|1|1|3|6|0|1|1|0
GA	Allmis	LTR	ERV4	SFV1-13_AMi-LTR	JH734729:91520-92291+	JH738777:1496552-1497300-	34	82	0	127,137,150,185,188,382,383,384,386,393,681,710,737,761,762,763	128,138,151,186,189,375,376,377,379,386,669,693,714,738,739,740	3	5,6,7,8,9,16,17,18,19,20,29,30,31,32,33,34	146	613	759	34|8|3|3|4|4|8|7|2|2|2|3
GA	Allmis	LTR	ERV4	SFV1-13_AMi-LTR	JH734729:91520-92291+	JH738772:94377-95140-	38	83	0	259,263,297,299,304,382,383,384,386,393	257,261,295,297,302,374,375,376,378,385	2	14,15,16,17,18,20,21,22,23,24	58	129	764	38|12|3|3|4|2|3|6|2|0|4|4
GA	Allmis	LTR	ERV4	SFV1-13_AMi-LTR	JH734729:91520-92291+	JH739617:371028-371790-	30	81	0	294,297,299,304,311,382,383,384,386,393	294,297,299,304,311,376,377,378,380,388	2	8,9,10,11,12,13,14,15,16,17	96	95	766	30|14|0|3|5|2|9|6|2|0|4|4
GA	Allmis	LTR	ERV4	SFV1-13_AMi-LTR	JH734729:91520-92291+	JH738606:45170-45925+	36	90	0	222,223,224,226,234,382,383,384,386,393	216,217,218,220,228,369,370,371,373,380	2	9,10,11,12,13,19,20,21,22,23	25	165	763	36|15|1|2|2|2|12|5|2|1|6|4
GA	Allmis	LTR	ERV4	SFV1-13_AMi-LTR	JH734729:93596-94365-	JH736990:99315-100082-	34	62	0	372,382,393,397,405,423,558,561,573,613,630	372,382,393,397,405,423,556,559,571,611,628	2	16,17,18,19,20,21,26,27,28,29,30	125	257	768	34|6|0|0|1|3|4|11|1|0|1|1
GA	Allmis	LTR	ERV4	SFV1-13_AMi-LTR	JH734729:93596-94365-	JH737548:38014-38783-	34	85	0	609,611,613,625,630,723,724,726,727,728,734,735,736,738	609,611,613,625,630,723,724,726,727,728,734,735,736,738	2	18,19,20,21,22,26,27,28,29,30,31,32,33,34	38	130	764	34|3|0|1|1|2|5|11|0|1|0|2
GA	Allmis	LTR	ERV4	SFV1-13_AMi-LTR	JH734729:93596-94365-	JH737242:1129367-1130125-	36	72	0	200,210,215,219,220,221,222,224,226,561,573,603,606,611,613,643	198,210,214,218,219,220,221,223,225,550,562,592,595,600,602,632	2	8,9,10,11,12,13,14,15,16,28,29,30,31,32,33,34	111	435	763	36|4|1|2|3|3|8|13|0|1|0|1
GA	Allmis	LTR	ERV4	SFV1-13_AMi-LTR	JH734729:93596-94365-	JH738606:45170-45925+	33	75	0	230,231,232,234,236,603,606,613,630,636	216,217,218,220,222,589,592,599,616,622	2	8,9,10,11,12,27,28,29,30,31	41	407	762	33|6|0|0|3|4|10|14|0|1|2|2
GA	Allmis	LTR	ERV4	SFV1-13_AMi-LTR	JH734729:93596-94365-	JH735341:1473633-1474397+	38	77	0	219,220,221,222,224,226,370,372,382,393,405	224,225,226,227,229,231,367,369,380,391,403	2	9,10,11,12,13,14,20,21,22,23,24	45	180	745	38|5|1|0|2|4|7|12|0|1|1|2
GA	Allmis	LTR	ERV4	SFV1-13_AMi-LTR	JH734729:93596-94365-	JH735343:299021-299775+	55	86	0	401,403,405,415,423,549,558,561,573,607,609,611,613,625,630,724,726,727,734,735,736,743	388,390,392,402,410,534,543,546,558,592,594,596,598,610,615,709,711,712,719,720,721,728	3	23,24,25,26,27,34,35,36,37,38,39,40,41,42,43,49,50,51,52,53,54,55	125	341	750	55|3|3|0|2|4|4|12|0|1|0|2
GA	Allmis	LTR	ERV4	LT-47_AMi-I	JH735292:337232-337531+	JH735394:57888-58569-	12	32	0	11,21,23,25,28,54,61,72,90,99	403,413,415,417,420,446,453,464,482,491	1	1,2,3,4,5,6,7,8,9,10	89	89	294	12|3|1|0|0|2|8|4|1|0|0|0
GA	Allmis	LTR	ERV4	SFV1-13_AMi-LTR	JH734733:17682-18440-	JH737439:88420-89179-	43	107	0	340,342,349,350,351,353,395,397,399,413,452	338,340,347,348,349,351,393,395,397,411,453	2	16,17,18,19,20,21,26,27,28,29,30	75	116	758	43|9|3|1|2|10|9|20|0|2|4|4
GA	Allmis	LTR	ERV4	SFV1-13_AMi-LTR	JH734733:17682-18440-	JH735343:299021-299775+	49	109	0	391,393,395,405,413,596,598,600,602,614,713,715,716,723,724,725,732	390,392,394,402,410,592,594,596,598,610,709,711,712,719,720,721,728	3	17,18,19,20,21,32,33,34,35,36,43,44,45,46,47,48,49	60	339	745	49|8|3|1|2|6|9|20|0|1|6|4
GA	Allmis	LTR	ERV4	SFV1-13_AMi-LTR	JH734746:43019-43628+	JH736241:1280918-1281680-	23	41	0	10,12,16,245,247,249,265,269,277,35,62	163,165,169,188,214,395,397,399,415,419,427	2	1,2,3,4,5,9,10,11,12,13,14	85	265	609	23|1|0|1|0|1|5|6|0|0|3|1
GA	Allmis	LTR	ERV4	SFV1-13_AMi-LTR	JH734746:43019-43628+	JH738772:94377-95140-	33	53	0	106,110,144,151,179,235,249,265,269,291,97	248,257,261,295,302,330,385,399,415,419,441	2	8,9,10,11,12,13,14,15,16,17,18	195	194	608	33|2|1|2|2|1|3|6|1|0|0|2
GA	Allmis	LTR	ERV4	SFV1-13_AMi-LTR	JH734746:43019-43628+	JH735341:1473633-1474397+	32	47	0	10,12,141,144,151,16,196,211,223,235,35,60,62,69,70,71,73	166,168,172,191,216,218,225,226,227,229,297,300,307,352,367,379,391	2	1,2,3,4,5,6,7,8,9,10,11,12,13,14,15,16,17	227	226	590	32|1|0|1|0|0|2|4|0|0|2|1
GA	Allmis	LTR	ERV4	SFV1-13_AMi-LTR	JH734746:43019-43628+	JH736990:99315-100082-	28	54	0	235,247,249,265,269,368,389,398,401,413	393,405,407,423,427,527,547,556,559,571	2	10,11,12,13,14,17,18,19,20,21	80	179	613	28|6|0|2|0|0|4|7|2|0|2|3
GA	Allmis	LTR	ERV4	SFV1-13_AMi-LTR	JH734746:43019-43628+	JH735343:299021-299775+	47	67	0	10,110,12,144,151,16,243,245,247,249,257,265,35,447,449,451,453,465,470,487,523,527,541,564,566,567,574,575,576,583,62,71,73,81,97	158,160,164,183,209,219,221,229,243,256,290,297,388,390,392,394,402,410,592,594,596,598,610,615,632,668,672,686,709,711,712,719,720,721,728	5	1,2,3,4,5,6,7,8,9,10,11,12,15,16,17,18,19,20,30,31,32,33,34,35,36,38,39,40,41,42,43,44,45,46,47	266	571	597	47|3|2|2|0|1|1|6|0|1|3|1
GA	Allmis	LTR	ERV4	SFV1-13_AMi-LTR	JH734746:43019-43628+	JH737439:88420-89179-	41	69	0	110,144,151,191,193,200,201,202,204,211,235,447,449,451,453,470,69,70,71,73,81,97	218,219,220,222,230,244,257,291,298,338,340,347,348,349,351,358,381,597,599,601,603,620	3	6,7,8,9,10,11,12,13,14,15,16,17,18,19,20,21,22,35,36,37,38,39	189	403	608	41|7|0|1|1|2|2|10|0|1|4|0
GA	Allmis	LTR	ERV4	SFV1-13_AMi-LTR	JH734851:695051-695279+	JH739617:371028-371790-	10	14	0	129,136,146,194,20,219,32,68,70,72	554,566,602,604,606,663,670,680,728,753	2	1,2,3,4,5,6,7,8,9,10	201	200	228	10|1|0|0|0|0|0|2|0|0|0|1
GA	Allmis	LTR	ERV4	SFV1-13_AMi-LTR	JH734896:61932-62673-	JH736272:32817-33574-	21	38	0	146,148,159,164,184,222,453,463,488,517,529,550	146,148,159,164,184,222,452,462,487,516,528,549	2	3,4,5,6,7,8,13,14,15,16,17,18	175	404	749	21|4|0|1|1|0|4|6|0|1|0|0
GA	Allmis	LTR	ERV4	SFV1-13_AMi-LTR	JH734896:61932-62673-	JH738109:223708-224467-	28	45	0	102,119,121,133,135,146,148,164,40,68	102,120,122,134,136,147,149,165,40,68	1	1,2,3,4,5,6,7,8,9,10	126	126	682	28|4|0|0|1|0|3|7|0|1|1|0
GA	Allmis	LTR	ERV4	SFV1-13_AMi-LTR	JH734896:61932-62673-	JH739617:371028-371790-	28	45	0	108,135,205,209,222,290,293,295,300,307,40	108,139,209,213,226,294,297,299,304,311,40	2	1,2,3,4,5,6,7,8,9,10,11	273	272	684	28|5|0|0|2|0|1|7|0|0|1|1
GA	Allmis	LTR	ERV4	SFV1-13_AMi-LTR	JH734896:61932-62673-	JH737242:1129367-1130125-	32	56	0	102,133,135,148,164,209,218,219,220,222,592,595,600,602,632	102,133,135,148,164,209,219,220,221,223,592,595,600,602,632	3	3,4,5,6,7,8,9,10,11,12,27,28,29,30,31	164	531	749	32|4|0|2|1|2|5|8|1|0|1|0
GA	Allmis	LTR	ERV4	SFV1-13_AMi-LTR	JH734896:61932-62673-	JH738606:45170-45925+	34	60	0	102,133,135,218,219,220,222,230,40,507,517,529,538,550,562,592,595,602,619,625,68	102,132,134,216,217,218,220,228,40,504,514,526,535,547,559,589,592,599,616,622,68	4	1,2,3,4,5,9,10,11,12,13,23,24,25,26,27,28,29,30,31,32,33	228	583	748	34|4|0|0|1|2|7|6|0|1|4|1
GA	Allmis	LTR	ERV4	SFV1-13_AMi-LTR	JH734896:61932-62673-	JH737633:134518-135276+	32	56	0	102,133,135,159,164,184,209,211,222,592,595,600,602,619,68,98	103,133,135,158,163,183,209,211,222,592,595,600,602,619,68,99	3	2,3,4,5,6,7,8,9,10,11,12,27,28,29,30,31	184	552	682	32|10|0|0|1|0|2|7|0|0|2|2
GA	Allmis	LTR	ERV4	SFV1-13_AMi-LTR	JH734896:61932-62673-	JH738772:94377-95140-	42	57	0	102,108,121,135,164,18,255,259,293,295,300,328,373,384,388,398,40,414,418,68,74	102,108,123,137,166,18,257,261,295,297,302,330,374,385,389,399,40,415,419,68,74	3	1,2,3,4,5,6,7,8,9,16,17,18,19,20,21,22,23,24,25,26,27	313	402	684	42|3|0|1|0|1|2|6|0|0|1|1
GA	Allmis	LTR	ERV4	SFV1-13_AMi-LTR	JH734896:61932-62673-	JH735341:1473633-1474397+	36	55	0	146,159,164,184,209,211,360,373,384,396,398	153,166,171,191,216,218,367,379,391,403,405	2	1,2,3,4,5,6,17,18,19,20,21	105	253	687	36|4|0|0|0|0|3|7|0|0|1|0
GA	Allmis	LTR	ERV4	SFV1-13_AMi-LTR	JH734896:61932-62673-	JH735343:299021-299775+	49	69	0	102,121,135,18,259,293,295,300,328,392,394,396,398,40,406,414,529,538,547,550,562,596,598,600,602,614,619,68	102,121,134,18,256,290,292,297,325,388,390,392,394,40,402,410,525,534,543,546,558,592,594,596,598,610,615,68	5	1,2,3,4,5,6,15,16,17,18,19,23,24,25,26,27,28,35,36,37,38,39,40,41,42,43,44,45	302	598	680	49|4|2|1|0|1|1|8|0|1|2|0
GA	Allmis	LTR	ERV4	SFV1-13_AMi-LTR	JH734896:61932-62673-	JH736990:99315-100082-	37	67	0	102,135,18,373,384,388,396,398,40,414,418,529,538,547,550,562,68,98	102,137,18,382,393,397,40,405,407,423,427,539,547,556,559,571,68,98	3	1,2,3,4,5,6,16,17,18,19,20,21,22,27,28,29,30,31	199	554	754	37|7|0|1|0|1|7|8|1|1|1|3
GA	Allmis	LTR	ERV4	SFV1-13_AMi-LTR	JH734896:61932-62673-	JH735597:1032167-1032920+	55	69	0	133,135,146,148,164,184,209,211,222,230,232,234,259,287,292,293,295,300,306,342,373,384,394,396,398,406,414,440,450,453,463,468,476,500,592,598,600,602,619	138,140,151,153,169,189,214,216,227,235,237,239,264,292,297,298,300,305,311,347,377,388,398,400,402,410,418,444,454,457,467,472,480,504,588,594,596,598,615	5	5,6,7,8,9,10,11,12,13,14,15,16,20,21,22,23,24,25,26,27,29,30,31,32,33,34,35,36,37,38,39,40,41,42,49,50,51,52,53	343	478	679	55|4|0|0|0|0|2|8|0|0|0|0
GA	Allmis	LTR	ERV4	SFV1-13_AMi-LTR	JH734896:61932-62673-	JH737439:88420-89179-	54	85	0	218,219,220,222,230,340,342,350,351,353,592,596,598,600,602,619	218,219,220,222,230,338,340,348,349,351,593,597,599,601,603,620	3	14,15,16,17,18,25,26,27,28,29,47,48,49,50,51,52	55	403	682	54|7|0|0|1|3|2|10|0|2|5|1
GA	Allmis	LTR	ERV4	SFV1-13_AMi-LTR	JH734928:333994-334719-	JH735259:229764-230473-	33	53	0	366,387,395,401,403,417,425,598,600,602,604,621	366,387,395,401,403,417,425,599,601,603,605,622	2	12,13,14,15,16,17,18,24,25,26,27,28	84	257	706	33|3|0|0|1|1|2|5|1|3|1|3
GA	Allmis	LTR	ERV4	SFV1-13_AMi-LTR	JH734985:488384-488808-	JH737466:159290-159789-	19	34	0	209,212,216,225,239,251,293,296,301,303,320	284,287,291,300,314,326,368,371,376,378,395	2	4,5,6,7,8,9,10,11,12,13,14	113	112	424	19|3|0|0|0|0|3|5|0|2|1|0
GA	Allmis	LTR	ERV4	SFV1-13_AMi-LTR	JH734985:488384-488808-	JH737466:160079-160813-	17	36	0	212,216,225,239,251,278,293,303,320,326	522,526,535,549,561,588,603,613,630,636	2	2,3,4,5,6,7,8,9,10,11	116	115	422	17|3|0|0|0|0|3|4|0|2|1|0
GA	Allmis	LTR	ERV4	SFV1-13_AMi-LTR	JH734985:488384-488808-	JH735259:229764-230473-	25	39	0	101,103,117,125,297,299,301,303,320,66,87,95	366,387,395,401,403,417,425,599,601,603,605,622	2	3,4,5,6,7,8,9,16,17,18,19,20	84	257	406	25|3|1|0|1|0|3|4|0|1|0|1
GA	Allmis	LTR	ERV4	SFV1-13_AMi-LTR	JH734996:466364-467092-	JH735245:1079056-1079777+	20	36	0	361,392,400,439,468,666,681,687,695,697,725	351,382,390,429,458,659,674,680,688,690,718	2	5,6,7,8,9,15,16,17,18,19,20	168	368	724	20|4|0|1|1|0|3|1|0|0|0|2
GA	Allmis	LTR	ERV4	SFV1-13_AMi-LTR	JH734996:466364-467092-	JH737364:67877-68602-	52	73	0	219,220,222,230,232,358,370,381,382,384,437,439,452,493,496,523,535,543,565,568,570,572,589,595,602,636,665,666,709,713,718,720	219,220,222,230,232,350,362,373,374,376,429,431,444,490,493,520,532,540,562,565,567,569,586,592,599,633,662,663,706,710,715,717	5	8,9,10,11,12,23,24,25,26,27,29,30,31,32,33,36,37,38,39,40,41,42,43,44,45,46,47,48,49,50,51,52	305	499	726	52|5|0|1|0|1|2|1|0|1|3|1
GA	Allmis	LTR	ERV4	SFV1-13_AMi-LTR	JH735011:683773-684535-	JH737242:1129367-1130125-	29	62	0	134,136,149,152,165,210,219,220,221,223	133,135,148,151,164,209,219,220,221,223	2	3,4,5,6,7,8,9,10,11,12	92	91	760	29|9|0|2|1|2|6|11|0|0|0|1
GA	Allmis	LTR	ERV4	SFV1-13_AMi-LTR	JH735011:683773-684535-	JH738772:94377-95140-	41	72	0	109,122,136,152,165,247,249,256,260,294,296,301,329,373,384,388,398,400,414	108,123,137,153,166,248,250,257,261,295,297,302,330,374,385,389,399,401,415	3	5,6,7,8,9,14,15,16,17,18,19,20,21,22,23,24,25,26,27	228	308	757	41|7|1|0|2|3|5|8|1|0|1|2
GA	Allmis	LTR	ERV4	SFV1-13_AMi-LTR	JH735011:683773-684535-	JH737439:88420-89179-	49	84	0	219,220,221,223,231,247,249,260,294,296,301,341,343,350,351,352,354,361,373,384,388	218,219,220,222,230,244,246,257,291,293,298,338,340,347,348,349,351,358,370,381,385	3	13,14,15,16,17,18,19,20,21,22,23,24,25,26,27,28,29,30,31,32,33	170	168	760	49|8|0|0|0|6|4|10|0|2|2|2
GA	Allmis	LTR	ERV4	SFV1-13_AMi-LTR	JH735011:683773-684535-	JH735341:1473633-1474397+	38	75	0	249,291,294,296,301,346,361,373,384,396,398,400	255,297,300,302,307,352,367,379,391,403,405,407	2	12,13,14,15,16,17,18,19,20,21,22,23	154	153	742	38|7|0|0|3|1|9|9|0|0|2|1
GA	Allmis	LTR	ERV4	SFV1-13_AMi-LTR	JH735011:683773-684535-	JH735343:299021-299775+	56	92	0	247,249,260,294,296,301,392,394,396,398,400,406,414,717,719,720,727,728,729,736	243,245,256,290,292,297,388,390,392,394,396,402,410,709,711,712,719,720,721,728	3	13,14,15,16,17,18,23,24,25,26,27,28,29,50,51,52,53,54,55,56	98	486	747	56|6|2|0|3|2|6|10|0|1|3|2
GA	Allmis	LTR	ERV4	SFV1-13_AMi-LTR	JH735011:683773-684535-	JH735597:1032167-1032920+	61	94	0	134,136,147,149,152,165,185,210,212,223,231,233,235,247,249,252,260,288,293,294,296,301,307,373,384,394,396,398,400,406,414	138,140,151,153,156,169,189,214,216,227,235,237,239,251,253,256,264,292,297,298,300,305,311,377,388,398,400,402,404,410,418	4	3,4,5,6,7,8,9,10,11,12,13,14,15,16,17,18,19,20,21,22,23,24,25,28,29,30,31,32,33,34,35	218	281	752	61|8|0|1|4|1|5|11|1|0|0|1
GA	Allmis	LTR	ERV4	SFV1-13_AMi-LTR	JH735028:296362-297135+	JH737439:88420-89179-	49	104	0	225,226,228,250,252,344,346,351,352,353,355,364,599,603,605,607,609,626	219,220,222,244,246,338,340,347,348,349,351,358,593,597,599,601,603,620	3	13,14,15,16,17,21,22,23,24,25,26,27,42,43,44,45,46,47	77	402	766	49|14|1|1|1|6|7|9|1|2|3|4
GA	Allmis	LTR	ERV4	SFV1-13_AMi-LTR	JH735041:22788-23553+	JH738109:223708-224467-	29	73	0	110,112,124,126,13,137,139,155,41,75	102,120,122,134,136,147,149,165,40,68	1	1,2,3,4,5,6,7,8,9,10	126	126	748	29|4|3|0|2|2|12|9|1|2|2|1
GA	Allmis	LTR	ERV4	SFV1-13_AMi-LTR	JH735041:22788-23553+	JH737548:38014-38783-	35	93	0	124,126,41,596,598,600,612,617,71,719,720,722,723,724,730,731,732,75	103,107,138,140,609,611,613,625,630,723,724,726,727,728,73,734,735,736	3	2,3,4,5,6,19,20,21,22,23,27,28,29,30,31,32,33,34	104	664	753	35|4|1|0|3|1|7|11|0|2|2|2
GA	Allmis	LTR	ERV4	SFV1-13_AMi-LTR	JH735041:22788-23553+	JH737633:134518-135276+	31	81	0	124,126,41,560,590,598,600,617,71,75	103,133,135,562,592,600,602,619,68,99	2	2,3,4,5,6,25,26,27,28,29	126	552	748	31|10|2|0|3|4|9|9|0|1|2|4
GA	Allmis	LTR	ERV4	SFV1-13_AMi-LTR	JH735041:22788-23553+	JH735343:299021-299775+	53	96	0	112,126,13,392,394,396,404,41,412,594,596,598,600,612,617,720,722,723,730,731,732,75	102,121,134,390,392,394,40,402,410,592,594,596,598,610,615,68,709,711,712,719,720,721	4	1,2,3,4,5,22,23,24,25,26,35,36,37,38,39,40,44,45,46,47,48,49	153	682	746	53|4|5|0|3|2|4|13|1|1|2|2
GA	Allmis	LTR	ERV4	SFV1-13_AMi-LTR	JH735053:13273-14022-	JH738772:94377-95140-	35	74	0	103,18,380,384,394,396,40,410,69,75	102,18,385,389,399,40,401,415,68,74	2	1,2,3,4,5,17,18,19,20,21	116	398	753	35|9|2|2|4|3|2|8|1|0|2|1
GA	Allmis	LTR	ERV4	SFV1-13_AMi-LTR	JH735053:13273-14022-	JH735343:299021-299775+	49	89	0	388,390,392,394,396,402,410,587,589,591,593,605,610,704,706,707,714,715,716,723	388,390,392,394,396,402,410,592,594,596,598,610,615,709,711,712,719,720,721,728	3	18,19,20,21,22,23,24,33,34,35,36,37,38,43,44,45,46,47,48,49	67	341	740	49|8|3|1|2|3|3|8|0|1|4|2
GA	Allmis	LTR	ERV4	SFV1-13_AMi-LTR	JH735053:13273-14022-	JH735597:1032167-1032920+	58	100	0	223,233,245,247,250,291,292,294,299,305,380,390,392,394,396,402,410,583,589,591,593,610	227,237,251,253,256,297,298,300,305,311,388,398,400,402,404,410,418,588,594,596,598,615	4	12,13,14,15,16,18,19,20,21,22,25,26,27,28,29,30,31,42,43,44,45,46	104	389	751	58|9|1|2|4|5|5|6|1|0|2|2
GA	Allmis	LTR	ERV4	SFV1-13_AMi-LTR	JH735057:70453-71212-	JH736990:99315-100082-	28	48	0	261,268,294,296,301,538,547,550,552,562,602,619	270,277,303,305,310,547,556,559,561,571,611,628	2	3,4,5,6,7,17,18,19,20,21,22,23	123	359	518	28|3|0|0|0|1|2|10|1|0|2|0
GA	Allmis	LTR	ERV4	SFV1-13_AMi-LTR	JH735057:70453-71212-	JH739617:371028-371790-	25	52	0	291,294,296,301,308,550,552,562,598,600,602	294,297,299,304,311,554,556,566,602,604,606	2	2,3,4,5,6,14,15,16,17,18,19	71	313	519	25|6|0|0|2|0|2|13|0|0|2|1
GA	Allmis	LTR	ERV4	SFV1-13_AMi-LTR	JH735057:70453-71212-	JH735343:299021-299775+	44	66	0	392,394,396,404,412,538,547,550,552,562,596,598,600,602,614,619,714,716,717,724,725,726,733	390,392,394,402,410,534,543,546,548,558,592,594,596,598,610,615,709,711,712,719,720,721,728	3	12,13,14,15,16,22,23,24,25,26,27,28,29,30,31,32,38,39,40,41,42,43,44	123	339	507	44|5|0|0|0|1|1|13|0|0|0|1
GA	Allmis	LTR	ERV4	SFV1-13_AMi-LTR	JH735057:70453-71212-	JH735597:1032167-1032920+	47	72	0	247,249,252,260,261,288,293,294,296,301,307,392,394,396,404,412,538,550,552,562,570,592,598,600,602,619	251,253,256,264,265,292,297,298,300,305,311,398,400,402,410,418,534,546,548,558,566,588,594,596,598,615	4	1,2,3,4,5,6,7,8,9,10,11,16,17,18,19,20,27,28,29,30,31,32,33,34,35,36	165	365	514	47|2|0|2|2|2|1|12|1|0|1|1
GA	Allmis	LTR	ERV4	SFV1-13_AMi-LTR	JH735071:69071-69828+	JH738772:94377-95140-	36	61	0	102,108,123,18,245,254,258,292,294,40,599,601,618,625,658,675,68,74	102,108,123,18,248,257,261,295,297,40,605,607,624,631,664,68,681,74	3	1,2,3,4,5,6,7,12,13,14,15,16,29,30,31,32,33,34	233	664	756	36|6|1|1|2|1|4|8|0|0|2|0
GA	Allmis	LTR	ERV4	SFV1-13_AMi-LTR	JH735071:69071-69828+	JH736990:99315-100082-	31	63	0	102,18,40,601,618,625,658,671,678,68,98	102,18,40,611,628,635,668,68,681,688,98	2	1,2,3,4,5,25,26,27,28,29,30	163	671	762	31|6|2|0|1|2|5|7|3|0|3|3
GA	Allmis	LTR	ERV4	SFV1-13_AMi-LTR	JH735071:69071-69828+	JH735343:299021-299775+	55	87	0	102,123,18,221,223,245,258,292,294,40,595,597,599,601,613,618,625,68	102,121,18,219,221,243,256,290,292,40,592,594,596,598,610,615,622,68	3	1,2,3,4,5,9,10,11,12,13,14,35,36,37,38,39,40,41	209	605	755	55|4|4|0|2|2|3|8|1|1|5|2
GA	Allmis	LTR	ERV4	SFV1-13_AMi-LTR	JH735071:69071-69828+	JH737439:88420-89179-	45	84	0	219,220,221,223,245,258,292,294,348,349,350,352,359,361,371,382,386,595,597,599,601,618	218,219,220,222,244,257,291,293,347,348,349,351,358,360,370,381,385,597,599,601,603,620	3	11,12,13,14,15,16,17,18,21,22,23,24,25,26,27,28,29,39,40,41,42,43	139	403	753	45|8|2|0|1|5|2|11|1|2|6|1
GA	Allmis	LTR	ERV4	SFV1-13_AMi-LTR	JH735071:69071-69828+	JH735597:1032167-1032920+	54	80	0	160,162,223,233,245,250,258,286,291,292,294,305,438,448,451,461,466,597,599,601,618,625,675	164,166,227,237,251,256,264,292,297,298,300,311,444,454,457,467,472,594,596,598,615,622,671	3	9,10,11,12,13,14,15,16,17,18,19,20,29,30,31,32,33,42,43,44,45,46,47	255	508	755	54|3|2|1|3|1|3|8|2|0|0|3
GA	Allmis	LTR	ERV4	SFV1-13_AMi-LTR	JH735078:281986-282701-	JH737364:67877-68602-	18	26	0	510,522,530,552,555,557,559,576,582,589	520,532,540,562,565,567,569,586,592,599	1	1,2,3,4,5,6,7,8,9,10	80	80	224	18|3|0|0|0|0|2|2|0|0|1|0
GA	Allmis	LTR	ERV4	SFV1-13_AMi-LTR	JH735097:368170-368931+	JH739617:371028-371790-	30	51	0	108,138,208,225,241,293,296,298,303,310,40,527,553,565,603,605	108,139,209,226,242,294,297,299,304,311,40,528,554,566,604,606	3	1,2,3,4,5,6,7,8,9,10,11,21,22,23,24,25	352	567	756	30|6|0|0|2|1|2|7|0|0|3|0
GA	Allmis	LTR	ERV4	SFV1-13_AMi-LTR	JH735097:368170-368931+	JH738109:223708-224467-	31	54	0	102,122,124,136,138,149,151,167,40,68	102,120,122,134,136,147,149,165,40,68	1	1,2,3,4,5,6,7,8,9,10	126	126	760	31|3|0|0|1|2|6|7|0|1|3|0
GA	Allmis	LTR	ERV4	SFV1-13_AMi-LTR	JH735097:368170-368931+	JH737242:1129367-1130125-	33	58	0	102,136,138,151,167,221,222,223,225,241	102,133,135,148,164,219,220,221,223,239	2	3,4,5,6,7,8,9,10,11,12	139	138	759	33|4|0|2|1|3|5|8|0|0|2|0
GA	Allmis	LTR	ERV4	SFV1-13_AMi-LTR	JH735097:368170-368931+	JH738606:45170-45925+	33	63	0	102,136,138,221,222,223,225,233,241,40,68	102,132,134,216,217,218,220,228,234,40,68	2	1,2,3,4,5,8,9,10,11,12,13	114	195	758	33|5|0|0|1|3|5|6|1|1|7|1
GA	Allmis	LTR	ERV4	SFV1-13_AMi-LTR	JH735097:368170-368931+	JH737633:134518-135276+	35	64	0	102,136,138,162,167,187,214,225,520,534,550,565,595,598,68,98	103,133,135,158,163,183,211,222,517,531,547,562,592,595,68,99	3	2,3,4,5,6,7,8,9,10,11,24,25,26,27,28,29	235	528	754	35|10|0|0|1|1|4|7|0|0|4|2
GA	Allmis	LTR	ERV4	SFV1-13_AMi-LTR	JH735097:368170-368931+	JH735341:1473633-1474397+	37	62	0	149,162,167,187,214,221,222,223,225,241,363,365,375,387,393,399,401	153,166,171,191,218,225,226,227,229,245,367,369,379,391,397,403,405	3	1,2,3,4,5,6,7,8,9,10,17,18,19,20,21,22,23	133	253	741	37|5|0|0|1|2|2|7|0|0|4|0
GA	Allmis	LTR	ERV4	SFV1-13_AMi-LTR	JH735097:368170-368931+	JH738772:94377-95140-	44	71	0	102,108,124,138,167,18,233,235,237,241,249,251,258,262,296,298,303,331,365,387,391,393,40,401,417,68,74	102,108,123,137,166,18,232,234,236,240,248,250,257,261,295,297,302,330,364,385,389,391,399,40,415,68,74	4	1,2,3,4,5,6,7,8,9,10,11,12,13,14,15,16,17,18,19,20,21,22,23,24,25,26,27	401	398	757	44|5|1|0|2|3|3|7|1|0|3|2
GA	Allmis	LTR	ERV4	SFV1-13_AMi-LTR	JH735097:368170-368931+	JH736990:99315-100082-	39	73	0	102,138,18,365,387,391,393,399,40,401,417,68,98	102,137,18,372,393,397,399,40,405,407,423,68,98	2	1,2,3,4,5,6,17,18,19,20,21,22,23	172	406	764	39|8|0|0|1|2|5|9|2|0|5|2
GA	Allmis	LTR	ERV4	SFV1-13_AMi-LTR	JH735097:368170-368931+	JH735597:1032167-1032920+	62	82	0	136,138,149,151,167,187,214,225,233,235,237,241,254,262,290,295,296,298,303,309,345,356,387,393,397,399,401,409,417,453,456,466,471,479,503,520,523,541,553,565,573,595,603,605	138,140,151,153,169,189,216,227,235,237,239,243,256,264,292,297,298,300,305,311,347,358,388,394,398,400,402,410,418,454,457,467,472,480,504,520,523,534,546,558,566,588,596,598	5	5,6,7,8,9,10,11,12,13,14,15,16,19,20,21,22,23,24,25,26,27,28,29,30,31,32,33,34,35,37,38,39,40,41,42,43,44,45,46,47,48,49,50,51	416	461	752	62|5|0|1|2|1|1|7|1|0|2|0
GA	Allmis	LTR	ERV4	SFV1-13_AMi-LTR	JH735097:368170-368931+	JH735343:299021-299775+	57	86	0	102,124,138,18,262,296,298,303,331,393,395,397,399,40,401,409,417,541,550,553,565,599,603,605,617,68,716,718,719,726,727,728,735	102,121,134,18,256,290,292,297,325,386,388,390,392,394,40,402,410,534,543,546,558,592,596,598,610,68,709,711,712,719,720,721,728	5	1,2,3,4,5,6,16,17,18,19,20,24,25,26,27,28,29,30,37,38,39,40,41,42,43,44,51,52,53,54,55,56,57	309	711	746	57|5|2|1|1|3|2|8|0|1|6|0
GA	Allmis	LTR	ERV4	SFV1-13_AMi-LTR	JH735097:368170-368931+	JH737439:88420-89179-	55	94	0	221,222,223,225,233,241,343,345,352,353,354,356	218,219,220,222,230,236,338,340,347,348,349,351	2	14,15,16,17,18,19,26,27,28,29,30,31	33	134	760	55|7|0|0|1|7|4|9|0|2|8|1
GA	Allmis	LTR	ERV4	SFV1-13_AMi-LTR	JH735102:154393-155092-	JH736990:99315-100082-	18	29	0	328,336,338,354,358,393,458,488,491,503,543	397,405,407,423,427,462,527,556,559,571,611	2	3,4,5,6,7,8,9,10,11,12,13	216	215	395	18|3|0|0|0|0|1|3|1|0|2|1
GA	Allmis	LTR	ERV4	SFV1-13_AMi-LTR	JH735102:154393-155092-	JH737242:1129367-1130125-	16	38	0	354,358,362,375,393,491,503,533,536,541,543	412,416,420,433,451,550,562,592,595,600,602	2	2,3,4,5,6,8,9,10,11,12,13	93	191	396	16|6|0|2|1|0|4|5|1|0|2|1
GA	Allmis	LTR	ERV4	SFV1-13_AMi-LTR	JH735102:154393-155092-	JH735343:299021-299775+	35	52	0	332,334,336,338,346,354,488,491,503,537,539,541,543,555,654,656,657,664,665,666	388,390,392,394,402,410,543,546,558,592,594,596,598,610,709,711,712,719,720,721	3	4,5,6,7,8,9,16,17,18,19,20,21,22,23,29,30,31,32,33,34	104	334	384	35|3|0|1|1|1|2|3|1|1|2|2
GA	Allmis	LTR	ERV4	SFV1-13_AMi-LTR	JH735105:430441-431192-	JH736272:32817-33574-	24	65	0	17,19,366,37,373,374,376,383,41,56	16,18,36,366,372,373,375,383,40,55	2	1,2,3,4,5,14,15,16,17,18	58	368	754	24|6|1|2|5|4|11|9|1|2|0|0
GA	Allmis	LTR	ERV4	SFV1-13_AMi-LTR	JH735105:430441-431192-	JH738606:45170-45925+	32	65	0	103,17,221,222,224,259,267,269,366,37,373,374,376,383,41,56,69	102,16,217,218,220,255,263,265,36,363,369,370,372,380,40,55,68	3	1,2,3,4,5,6,9,10,11,12,13,14,16,17,18,19,20	154	365	753	32|5|0|1|2|3|8|8|1|3|2|0
GA	Allmis	LTR	ERV4	SFV1-13_AMi-LTR	JH735105:430441-431192-	JH739617:371028-371790-	30	71	0	290,293,295,300,307,366,373,374,376,383	294,297,299,304,311,370,376,377,379,388	2	10,11,12,13,14,16,17,18,19,20	37	95	756	30|7|1|2|5|4|5|11|2|2|0|2
GA	Allmis	LTR	ERV4	SFV1-13_AMi-LTR	JH735105:430441-431192-	JH738772:94377-95140-	43	81	0	103,17,19,366,37,373,374,376,383,387,41,56,69,75	102,16,18,36,368,374,375,377,385,389,40,55,68,74	2	1,2,3,4,5,6,7,8,23,24,25,26,27,28	109	374	753	43|5|2|2|4|6|6|9|2|2|0|0
GA	Allmis	LTR	ERV4	SFV1-13_AMi-LTR	JH735105:430441-431192-	JH735343:299021-299775+	56	97	0	103,17,19,366,37,373,374,376,383,387,41,56,589,591,593,595,607,612,69,706,708,709,716,717,718,725,741,742,743	102,16,18,36,363,369,370,372,380,384,40,55,592,594,596,598,610,615,68,709,711,712,719,720,721,728,744,745,746	4	1,2,3,4,5,6,7,19,20,21,22,23,24,36,37,38,39,40,41,47,48,49,50,51,52,53,54,55,56	171	731	752	56|6|3|2|5|5|3|11|0|2|3|1
GA	Allmis	LTR	ERV4	SFV1-13_AMi-LTR	JH735118:20912-21675-	JH736990:99315-100082-	29	61	0	100,104,18,40,543,552,555,567,624,70	102,18,40,547,556,559,571,628,68,98	2	1,2,3,4,5,20,21,22,23,24	167	611	765	29|4|0|1|0|2|11|5|2|1|1|4
GA	Allmis	LTR	ERV4	SFV1-13_AMi-LTR	JH735118:20912-21675-	JH737242:1129367-1130125-	27	65	0	214,223,224,225,227,555,567,597,600,605,637	209,218,219,220,222,550,562,592,595,600,632	2	7,8,9,10,11,20,21,22,23,24,25	97	424	760	27|5|1|2|2|3|14|7|0|1|1|1
GA	Allmis	LTR	ERV4	SFV1-13_AMi-LTR	JH735118:20912-21675-	JH735343:299021-299775+	47	79	0	225,227,235,251,253,264,397,399,401,403,419,543,552,555,567,601,603,605,619,624,718,720,721,728,729,730,737	219,221,229,243,245,256,388,390,392,394,410,534,543,546,558,592,594,596,610,615,709,711,712,719,720,721,728	4	9,10,11,12,13,14,17,18,19,20,21,27,28,29,30,31,32,33,34,35,41,42,43,44,45,46,47	163	510	747	47|4|2|1|0|3|8|8|0|2|2|1
GA	Allmis	LTR	ERV4	SFV1-13_AMi-LTR	JH735118:20912-21675-	JH735597:1032167-1032920+	54	80	0	189,214,216,227,235,237,239,251,253,256,264,389,399,401,403,419,455,458,468,473,481,543,555,567,575,597,603,605,624	189,214,216,227,235,237,239,251,253,256,264,388,398,400,402,418,454,457,467,472,480,534,546,558,566,588,594,596,615	3	9,10,11,12,13,14,15,16,17,18,19,24,25,26,27,28,29,30,31,32,33,36,37,38,39,40,41,42,43	251	427	758	54|5|0|1|1|1|6|8|1|1|0|1
GA	Allmis	LTR	ERV4	SFV1-13_AMi-LTR	JH735118:20912-21675-	JH737439:88420-89179-	46	97	0	223,224,225,227,235,251,253,264,354,355,356,358,365,389,393,597,601,603,605,624	218,219,220,222,230,244,246,257,347,348,349,351,358,381,385,593,597,599,601,620	3	12,13,14,15,16,17,18,19,22,23,24,25,26,27,28,40,41,42,43,44	107	403	761	46|8|0|0|3|6|10|11|0|4|6|2
GA	Allmis	LTR	ERV4	SFV1-13_AMi-LTR	JH735134:63160-63856+	JH738606:45170-45925+	38	97	0	220,222,223,225,228,233,578,581,588,605,611	215,217,218,220,223,228,589,592,599,616,622	2	10,11,12,13,14,15,33,34,35,36,37	48	408	692	38|14|0|2|3|8|8|8|2|7|5|2
GA	Allmis	LTR	ERV4	SFV1-13_AMi-LTR	JH735184:259671-260037+	JH737364:67877-68602-	30	45	0	138,142,161,173,181,203,206,208,210,303,304,347,351,356,358	497,501,520,532,540,562,565,567,569,662,663,706,710,715,717	2	11,12,13,14,15,16,17,18,19,25,26,27,28,29,30	129	221	367	30|5|0|0|0|1|3|3|0|1|1|0
GA	Allmis	LTR	ERV4	SFV1-13_AMi-LTR	JH735184:259671-260037+	JH738206:37267-37987-	31	45	0	16,161,17,188,19,206,208,210,27,35,40,43,47	365,366,368,376,384,389,392,396,516,543,561,563,565	2	1,2,3,4,5,6,7,8,18,19,20,21,22	82	201	368	31|4|0|0|0|0|4|3|2|1|0|0
GA	Allmis	LTR	ERV4	SFV1-13_AMi-LTR	JH735245:1079056-1079777+	JH738206:37267-37987-	41	67	0	102,119,160,18,206,212,219,233,247,292,294,305,306,340,348,371,372,374,395,398,40,402,68,98	102,118,151,18,197,203,210,224,241,286,288,299,300,334,342,365,366,368,389,392,396,40,68,98	4	1,2,3,4,5,6,9,10,11,12,13,14,15,16,17,18,19,20,21,22,23,24,25,26	349	379	708	41|3|1|0|1|2|12|5|2|0|0|0
GA	Allmis	LTR	ERV4	SFV1-13_AMi-LTR	JH735272:167772-168093+	JH738772:94377-95140-	13	19	0	108,123,137,18,246,248,255,259,293,295,300,74	108,123,137,18,248,250,257,261,295,297,302,74	2	1,2,3,4,5,7,8,9,10,11,12,13	175	285	322	13|1|0|0|1|1|1|1|0|0|0|1
GA	Allmis	LTR	ERV4	SFV1-13_AMi-LTR	JH735272:167772-168093+	JH735597:1032167-1032920+	19	25	0	166,186,224,246,248,251,259,287,292,293,295,300,306	169,189,227,251,253,256,264,292,297,298,300,305,311	1	7,8,9,10,11,12,13,14,15,16,17,18,19	143	143	323	19|1|0|0|0|1|1|1|1|0|0|1
GA	Allmis	LTR	ERV4	SFV1-13_AMi-LTR	JH735273:0-647-	JH736990:99315-100082-	30	60	0	374,385,389,397,399,415,509,519,540,549,552,564,604	382,393,397,405,407,423,517,527,547,556,559,571,611	2	17,18,19,20,21,22,23,24,25,26,27,28,29	231	230	650	30|6|0|1|0|0|5|11|1|1|1|3
GA	Allmis	LTR	ERV4	SFV1-13_AMi-LTR	JH735273:0-647-	JH735343:299021-299775+	45	75	0	393,395,397,399,407,415,509,540,549,552,564,598,600,602,604,616	388,390,392,394,402,410,503,534,543,546,558,592,594,596,598,610	2	23,24,25,26,27,28,34,35,36,37,38,39,40,41,42,43	131	223	644	45|3|2|0|1|1|3|12|0|1|4|2
GA	Allmis	LTR	ERV4	SFV1-13_AMi-LTR	JH735273:0-647-	JH735597:1032167-1032920+	53	79	0	135,137,148,150,166,261,262,289,294,295,374,385,395,397,399,407,415,519,522,526,552,564,572,594,600,602,604	138,140,151,153,169,264,265,292,297,298,377,388,398,400,402,410,418,520,523,527,546,558,566,588,594,596,598	4	5,6,7,8,9,20,21,22,23,24,30,31,32,33,34,35,36,43,44,45,46,47,48,49,50,51,52	188	461	643	53|4|0|0|1|0|5|13|0|0|1|1
GA	Allmis	LTR	ERV4	SFV1-13_AMi-LTR	JH735273:0-647-	JH737439:88420-89179-	48	86	0	342,344,351,353,355,362,374,385,389,594,598,600,602,604	338,340,347,349,351,358,370,381,385,593,597,599,601,603	2	25,26,27,28,29,30,31,32,33,43,44,45,46,47	59	266	646	48|8|0|0|1|4|2|15|0|2|4|1
GA	Allmis	LTR	ERV4	SFV1-13_AMi-LTR	JH735287:915501-916090+	JH737242:1129367-1130125-	24	60	0	376,388,41,418,42,421,426,428,43,45,61,78,82	218,219,220,222,239,256,260,550,562,592,595,600,602	2	1,2,3,4,5,6,7,16,17,18,19,20,21	96	385	585	24|6|1|2|1|1|2|9|1|0|2|0
GA	Allmis	LTR	ERV4	SFV1-13_AMi-LTR	JH735287:915501-916090+	JH739617:371028-371790-	25	61	0	113,116,118,123,130,376,388,424,426,428	294,297,299,304,311,554,566,602,604,606	2	4,5,6,7,8,17,18,19,20,21	71	313	580	25|6|1|0|3|1|1|8|1|0|3|1
GA	Allmis	LTR	ERV4	SFV1-13_AMi-LTR	JH735287:915501-916090+	JH738606:45170-45925+	27	65	0	41,418,42,421,428,43,445,45,451,53	216,217,218,220,228,589,592,599,616,622	2	2,3,4,5,6,21,22,23,24,25	47	407	584	27|6|2|1|1|1|3|8|1|0|4|0
GA	Allmis	LTR	ERV4	SFV1-13_AMi-LTR	JH735287:915501-916090+	JH737439:88420-89179-	43	81	0	163,165,172,173,174,176,183,185,195,41,418,42,422,424,426,428,43,445,45,53,61	218,219,220,222,230,236,338,340,347,348,349,351,358,360,370,593,597,599,601,603,620	3	3,4,5,6,7,8,15,16,17,18,19,20,21,22,23,36,37,38,39,40,41	80	403	585	43|4|1|0|1|3|1|9|1|1|6|0
GA	Allmis	LTR	ERV4	SFV1-13_AMi-LTR	JH735289:133091-133810+	JH737364:67877-68602-	54	75	0	133,158,160,206,212,219,220,221,223,233,245,247,250,340,348,360,371,372,374,470,484,487,491,495,559,561,563,580,586	132,157,159,205,211,218,219,220,222,232,247,249,252,342,350,362,373,374,376,472,490,493,497,501,565,567,569,586,592	5	4,5,6,7,8,9,10,11,12,13,14,15,16,25,26,27,28,29,30,35,36,37,38,39,43,44,45,46,47	215	461	722	54|4|0|2|0|1|3|5|1|1|1|1
GA	Allmis	LTR	ERV4	SFV1-13_AMi-LTR	JH735289:133091-133810+	JH738206:37267-37987-	53	70	0	102,119,121,125,133,160,18,206,212,219,233,247,292,294,305,306,340,348,371,372,374,382,390,395,398,40,402,559,561,563,575,580,68,98	102,118,120,124,132,151,18,197,203,210,224,241,286,288,299,300,334,342,365,366,368,376,384,389,392,396,40,561,563,565,577,582,68,98	3	1,2,3,4,5,6,7,8,9,10,11,12,13,14,15,16,17,18,19,20,21,22,23,24,25,26,27,28,29,42,43,44,45,46	402	565	717	53|1|1|1|1|0|6|4|2|0|0|0
GA	Allmis	LTR	ERV4	SFV1-13_AMi-LTR	JH735311:284396-285153-	JH735459:206640-207399+	25	58	0	159,161,165,209,211,547,550,562,598,602,619	159,161,165,209,211,548,551,563,599,603,620	2	5,6,7,8,9,19,20,21,22,23,24	126	462	758	25|8|1|0|1|0|7|8|0|0|2|2
GA	Allmis	LTR	ERV4	SFV1-13_AMi-LTR	JH735311:284396-285153-	JH735687:678338-679095+	29	61	0	496,500,507,517,550,562,600,602,619,625	495,499,506,516,549,561,599,601,618,624	1	16,17,18,19,20,21,22,23,24,25	130	130	757	29|11|0|0|2|2|5|6|0|1|3|2
GA	Allmis	LTR	ERV4	SFV1-13_AMi-LTR	JH735311:284396-285153-	JH737242:1129367-1130125-	33	59	0	134,149,159,161,165,550,562,592,595,600,602	133,148,159,161,165,550,562,592,595,600,602	2	4,5,6,7,8,27,28,29,30,31,32	86	470	757	33|7|0|2|2|2|6|6|0|0|1|0
GA	Allmis	LTR	ERV4	SFV1-13_AMi-LTR	JH735311:284396-285153-	JH739617:371028-371790-	32	62	0	260,290,293,295,300,307,550,562,598,600,602	264,294,297,299,304,311,554,566,602,604,606	2	6,7,8,9,10,11,22,23,24,25,26	101	343	759	32|9|0|1|3|1|5|7|0|0|1|3
GA	Allmis	LTR	ERV4	SFV1-13_AMi-LTR	JH735311:284396-285153-	JH736241:1280918-1281680-	30	54	0	159,161,165,184,211,394,396,414,418,426	163,165,169,188,214,395,397,415,419,427	2	5,6,7,8,9,16,17,18,19,20	85	265	759	30|6|0|0|1|1|6|7|0|0|2|1
GA	Allmis	LTR	ERV4	SFV1-13_AMi-LTR	JH735311:284396-285153-	JH738606:45170-45925+	34	64	0	218,219,220,222,230,259,260,267,269,295,592,595,602,619,625	216,217,218,220,228,255,256,263,265,291,589,592,599,616,622	3	8,9,10,11,12,13,14,15,16,17,28,29,30,31,32	111	407	756	34|8|0|0|1|0|8|6|1|1|4|1
GA	Allmis	LTR	ERV4	SFV1-13_AMi-LTR	JH735311:284396-285153-	JH738772:94377-95140-	43	67	0	103,122,159,161,165,248,255,259,260,293,295,300	102,123,161,163,167,250,257,261,262,295,297,302	2	5,6,7,8,9,15,16,17,18,19,20,21	119	201	757	43|6|1|1|2|2|4|6|1|0|0|1
GA	Allmis	LTR	ERV4	SFV1-13_AMi-LTR	JH735311:284396-285153-	JH737633:134518-135276+	37	71	0	159,161,165,184,209,211,547,562,592,595,600,602,619	158,160,164,183,209,211,547,562,592,595,600,602,619	2	6,7,8,9,10,11,27,28,29,30,31,32,33	127	462	757	37|13|0|0|2|0|7|6|0|0|3|3
GA	Allmis	LTR	ERV4	SFV1-13_AMi-LTR	JH735311:284396-285153-	JH736990:99315-100082-	38	63	0	362,384,396,414,418,507,517,538,547,550,562,602,619	372,393,405,423,427,517,527,547,556,559,571,611,628	2	20,21,22,23,24,27,28,29,30,31,32,33,34	168	257	762	38|8|0|0|1|0|6|5|2|0|2|1
GA	Allmis	LTR	ERV4	SFV1-13_AMi-LTR	JH735311:284396-285153-	JH735341:1473633-1474397+	39	67	0	147,159,161,165,184,209,211,248,260,290,293,295,300	153,166,168,172,191,216,218,255,267,297,300,302,307	2	1,2,3,4,5,6,7,12,13,14,15,16,17	119	155	739	39|7|0|0|1|0|7|6|0|0|1|2
GA	Allmis	LTR	ERV4	SFV1-13_AMi-LTR	JH735311:284396-285153-	JH735343:299021-299775+	57	84	0	159,161,165,184,211,248,259,260,293,295,300,392,394,396,406,414,507,538,547,550,562,596,598,600,602,614,619,689,712,714,715,722,723,724,731	158,160,164,183,209,245,256,257,290,292,297,388,390,392,402,410,503,534,543,546,558,592,594,596,598,610,615,686,709,711,712,719,720,721,728	5	6,7,8,9,10,15,16,17,18,19,20,25,26,27,28,29,35,36,37,38,39,40,41,42,43,44,45,50,51,52,53,54,55,56,57	284	571	744	57|7|2|1|1|1|4|7|0|1|2|1
GA	Allmis	LTR	ERV4	SFV1-13_AMi-LTR	JH735311:284396-285153-	JH737439:88420-89179-	53	93	0	218,219,220,222,230,248,259,260,293,295,300,321,340,342,350,351,353,360,362,384,592,596,598,600,602,619	218,219,220,222,230,246,257,258,291,293,298,319,338,340,348,349,351,358,360,381,593,597,599,601,603,620	4	14,15,16,17,18,20,21,22,23,24,25,26,27,28,29,30,31,32,33,34,46,47,48,49,50,51	178	403	758	53|11|0|0|3|4|4|10|0|2|4|2
GA	Allmis	LTR	ERV4	SFV1-13_AMi-LTR	JH735311:284396-285153-	JH735597:1032167-1032920+	66	91	0	134,147,149,159,161,165,184,209,211,248,251,259,260,287,292,293,295,300,306,517,520,524,550,562,570,592,598,600,602,619	138,151,153,164,166,170,189,214,216,253,256,264,265,292,297,298,300,305,311,520,523,527,546,558,566,588,594,596,598,615	3	5,6,7,8,9,10,11,12,13,19,20,21,22,23,24,25,26,27,28,44,45,46,47,48,49,50,51,52,53,54	234	478	755	66|8|0|1|2|0|4|7|1|0|0|2
GA	Allmis	LTR	ERV4	SFV1-13_AMi-LTR	JH735341:1473633-1474397+	JH735343:299021-299775+	32	63	0	104,18,40,55,70,727,729,730,737,738,739,746	102,18,40,55,68,709,711,712,719,720,721,728	2	1,2,3,4,5,26,27,28,29,30,31,32	105	711	738	32|4|0|1|0|2|9|5|0|1|4|1
GA	Allmis	LTR	ERV4	SFV1-13_AMi-LTR	JH735341:1473633-1474397+	JH735597:1032167-1032920+	29	56	0	237,239,241,253,258,266,294,401,413,421,447,464,470	235,237,239,251,256,264,292,398,410,418,444,461,467	2	9,10,11,12,13,14,15,20,21,22,23,24,25	128	233	714	29|5|0|0|1|1|8|5|0|1|0|2
GA	Allmis	LTR	ERV4	SFV1-13_AMi-LTR	JH735341:1473633-1474397+	JH735343:301968-302453+	32	49	0	18,29,356,357,358,360,395,399,40,401,413,421,425,429,433,55,70	18,29,344,345,346,348,378,382,384,396,40,404,408,412,416,55,68	2	1,2,3,4,5,20,21,22,23,24,25,26,27,28,29,30,31	124	399	479	32|3|1|0|0|3|2|5|1|0|1|1
GA	Allmis	LTR	ERV4	SFV1-13_AMi-LTR	JH735379:130980-131700+	JH737364:67877-68602-	51	72	0	218,219,221,229,231,349,361,372,373,375,428,430,443,471,485,488,492,496,515,527,535,557,560,562,564,581	219,220,222,230,232,350,362,373,374,376,429,431,444,472,490,493,497,501,520,532,540,562,565,567,569,586	3	9,10,11,12,13,21,22,23,24,25,27,28,29,30,31,32,33,34,35,36,37,38,39,40,41,42	199	368	722	51|4|0|2|0|1|3|1|1|1|5|2
GA	Allmis	LTR	ERV4	SFV1-13_AMi-LTR	JH735379:130980-131700+	JH738206:37267-37987-	51	65	0	102,117,119,123,131,158,204,210,229,231,293,295,306,307,349,372,373,375,383,391,396,399,403,515,542,560,562,564,576,581,68,98	102,118,120,124,132,151,197,203,222,224,286,288,299,300,342,365,366,368,376,384,389,392,396,516,543,561,563,565,577,582,68,98	4	3,4,5,6,7,8,9,10,11,12,13,14,15,16,17,18,19,20,21,22,23,24,25,26,27,38,39,40,41,42,43,44	398	515	717	51|2|0|1|0|0|5|1|2|0|2|1
GA	Allmis	LTR	ERV4	SFV1-13_AMi-LTR	JH735442:277742-278188+	JH737439:85502-85955-	33	58	0	30,33,37,38,39,411,412,413,415,417,48,60,71,75,79,81,83,85	26,29,33,34,35,418,419,420,422,424,44,56,67,71,75,77,79,81	2	1,2,3,4,5,6,7,8,9,10,11,12,13,28,29,30,31,32	63	399	447	33|4|1|0|1|1|0|9|0|2|1|0
GA	Allmis	LTR	ERV4	SFV1-13_AMi-LTR	JH735459:206640-207399+	JH737439:88420-89179-	31	76	0	218,219,220,244,246,257,347,348,349,351,358,364	218,219,220,244,246,257,347,348,349,351,358,364	2	7,8,9,10,11,12,17,18,19,20,21,22	58	147	759	31|12|0|0|3|6|2|10|0|2|5|1
GA	Allmis	LTR	ERV4	SFV1-13_AMi-LTR	JH735459:206640-207399+	JH735597:1032167-1032920+	45	75	0	184,232,244,246,249,257,285,290,291,293,304,437,450,453,463,468	189,237,251,253,256,264,292,297,298,300,311,444,454,457,467,472	3	6,7,8,9,10,11,12,13,14,15,16,23,24,25,26,27	153	284	756	45|7|0|1|4|1|5|7|1|0|0|0
GA	Allmis	LTR	ERV4	SFV1-13_AMi-LTR	JH735459:209550-210156+	JH737439:88420-89179-	28	57	0	104,185,187,194,195,196,198,199,205,65,66,67,91,93	218,219,220,244,246,257,338,340,347,348,349,351,352,358	2	2,3,4,5,6,7,11,12,13,14,15,16,17,18	61	141	605	28|7|1|0|2|2|4|7|0|1|4|1
GA	Allmis	LTR	ERV4	SFV1-13_AMi-LTR	JH735459:209550-210156+	JH735597:1032167-1032920+	40	61	0	104,132,137,138,140,145,151,187,198,199,284,297,31,310,315,323,348,352,79,91,93,96	189,237,251,253,256,264,292,297,298,300,305,311,347,358,359,444,454,467,472,480,504,508	3	1,2,3,4,5,6,7,8,9,10,11,12,13,14,15,17,18,19,20,21,22,23	237	320	600	40|4|1|1|3|0|5|5|1|0|0|1
GA	Allmis	LTR	ERV4	SFV1-13_AMi-LTR	JH735488:355599-356357+	JH737439:88420-89179-	37	86	0	220,221,222,224,246,340,342,349,350,351,353,383,387	218,219,220,222,244,338,340,347,348,349,351,381,385	2	9,10,11,12,13,17,18,19,20,21,22,23,24	75	168	758	37|10|0|1|1|3|5|7|1|2|7|3
GA	Allmis	LTR	ERV4	SFV1-13_AMi-LTR	JH735494:208664-209383+	JH737364:67877-68602-	53	71	0	221,222,224,232,234,344,352,364,375,376,378,474,488,491,499,504,556,559,561,563,580,586,593,627,637,657,704,709,711	219,220,222,230,232,342,350,362,373,374,376,476,490,493,501,506,562,565,567,569,586,592,599,633,643,663,710,715,717	5	9,10,11,12,13,23,24,25,26,27,28,34,35,36,37,38,41,42,43,44,45,46,47,48,49,50,51,52,53	237	499	722	53|4|0|0|1|2|1|3|1|1|2|2
GA	Allmis	LTR	ERV4	SFV1-13_AMi-LTR	JH735494:208664-209383+	JH738206:37267-37987-	51	68	0	100,104,120,122,126,134,161,18,207,213,232,234,296,309,310,344,352,375,376,378,386,394,399,40,402,405,406,559,561,563,575,580,70	102,118,120,124,132,151,18,197,203,222,224,286,299,300,334,342,365,366,368,376,384,389,392,395,396,40,561,563,565,577,582,68,98	2	1,2,3,4,5,6,7,8,9,10,11,12,13,14,15,16,17,18,19,20,21,22,23,24,25,26,27,28,41,42,43,44,45	401	565	717	51|3|1|0|3|1|2|4|2|0|0|1
GA	Allmis	LTR	ERV4	SFV1-13_AMi-LTR	JH735511:737002-737760-	JH736990:99315-100082-	38	60	0	102,18,370,380,392,396,40,404,406,422,426,562,602,619,659,666,68,98	102,18,372,382,393,397,40,405,407,423,427,571,611,628,668,675,68,98	3	1,2,3,4,5,16,17,18,19,20,21,22,23,30,31,32,33,34	246	658	762	38|7|0|0|2|2|2|8|1|0|0|0
GA	Allmis	LTR	ERV4	SFV1-13_AMi-LTR	JH735511:737002-737760-	JH739607:229258-230035+	21	60	0	159,165,184,198,205,368,370,380,406,422,426	161,167,186,200,207,368,370,380,405,421,425	2	2,3,4,5,6,8,9,10,11,12,13	105	265	767	21|9|0|1|1|2|3|10|1|1|2|1
GA	Allmis	LTR	ERV4	SFV1-13_AMi-LTR	JH735511:737002-737760-	JH738606:45170-45925+	31	62	0	228,229,230,232,234,592,595,602,619,625	216,217,218,220,222,589,592,599,616,622	2	8,9,10,11,12,25,26,27,28,29	41	407	756	31|5|0|0|3|5|4|8|1|2|2|1
GA	Allmis	LTR	ERV4	SFV1-13_AMi-LTR	JH735511:737002-737760-	JH737242:1129367-1130125-	37	63	0	133,148,159,165,198,208,213,217,218,219,220,222,224,562,592,595,600,602,632	133,148,159,165,198,210,214,218,219,220,221,223,225,562,592,595,600,602,632	2	4,5,6,7,8,9,10,11,12,13,14,15,16,29,30,31,32,33,34	164	500	758	37|3|1|1|4|4|4|6|0|2|1|0
GA	Allmis	LTR	ERV4	SFV1-13_AMi-LTR	JH735511:737002-737760-	JH737548:38014-38783-	39	75	0	370,380,392,404,406,598,600,602,614,619,657,666,676,679,697,712,713,715,716,717,723,724,725,727	373,383,394,406,408,609,611,613,625,630,668,677,687,690,708,723,724,726,727,728,734,735,736,738	3	12,13,14,15,16,21,22,23,24,25,26,27,28,29,30,31,32,33,34,35,36,37,38,39	167	366	758	39|3|0|0|2|2|3|7|0|3|0|1
GA	Allmis	LTR	ERV4	SFV1-13_AMi-LTR	JH735532:507197-507930-	JH738606:45170-45925+	31	61	0	219,220,222,257,265,364,371,372,374,381	217,218,220,255,263,363,369,370,372,380	2	7,8,9,10,11,14,15,16,17,18	65	164	744	31|6|0|1|1|2|10|4|1|1|4|0
GA	Allmis	LTR	ERV4	SFV1-13_AMi-LTR	JH735532:507197-507930-	JH738777:1496552-1497300-	31	74	0	159,161,165,181,184,211,364,371,372,374,381	164,166,170,186,189,216,369,376,377,379,386	2	6,7,8,9,10,11,14,15,16,17,18	71	223	740	31|7|2|1|2|7|8|11|1|2|1|1
GA	Allmis	LTR	ERV4	SFV1-13_AMi-LTR	JH735532:507197-507930-	JH738772:94377-95140-	40	68	0	364,371,372,374,381,591,593,610,650,657	368,374,375,377,385,605,607,624,664,671	2	20,21,22,23,24,34,35,36,37,38	85	304	745	40|4|3|0|3|4|7|4|1|0|1|1
GA	Allmis	LTR	ERV4	SFV1-13_AMi-LTR	JH735532:507197-507930-	JH739617:371028-371790-	30	66	0	288,291,293,298,305,364,371,372,374,381	294,297,299,304,311,370,376,377,379,388	2	8,9,10,11,12,14,15,16,17,18	37	95	747	30|7|1|3|4|3|10|4|1|0|1|2
GA	Allmis	LTR	ERV4	SFV1-13_AMi-LTR	JH735532:507197-507930-	JH737439:88420-89179-	47	83	0	159,161,165,18,184,211,219,220,222,244,246,257,347,348,349,351,358,36,364,371,372,374,381,40,575,583,587,591,593,610,69,86	159,161,165,18,184,211,219,220,222,244,246,257,347,348,349,351,358,36,364,370,371,373,381,40,585,593,597,601,603,620,68,85	5	1,2,3,4,5,10,11,12,13,14,15,16,17,18,19,20,25,26,27,28,29,30,31,32,33,34,41,42,43,44,45,46	239	603	746	47|8|2|2|2|7|4|4|0|3|4|0
GA	Allmis	LTR	ERV4	SFV1-13_AMi-LTR	JH735549:517220-517979-	JH737242:1129367-1130125-	28	55	0	207,216,217,218,220,551,563,596,601,603	209,219,220,221,223,550,562,595,600,602	2	7,8,9,10,11,23,24,25,26,27	68	394	758	28|10|0|2|2|2|4|6|1|0|0|0
GA	Allmis	LTR	ERV4	SFV1-13_AMi-LTR	JH735549:517220-517979-	JH737633:134518-135276+	32	66	0	162,182,207,209,220,548,563,596,601,603,620	163,183,208,210,222,547,562,595,600,602,619	2	5,6,7,8,9,24,25,26,27,28,29	133	457	758	32|14|0|0|3|2|6|6|0|0|1|2
GA	Allmis	LTR	ERV4	SFV1-13_AMi-LTR	JH735549:517220-517979-	JH737439:88420-89179-	48	79	0	216,217,218,220,228,338,340,348,349,351,358,370,381,385,393,395,397,411,453,597,599,601,603,620	218,219,220,222,230,338,340,348,349,351,358,370,381,385,393,395,397,411,453,597,599,601,603,620	4	12,13,14,15,16,23,24,25,26,27,28,29,30,31,32,33,34,35,36,43,44,45,46,47	154	403	759	48|10|0|0|1|6|2|6|1|2|2|1
GA	Allmis	LTR	ERV4	SFV1-13_AMi-LTR	JH735549:517220-517979-	JH735597:1032167-1032920+	63	93	0	133,144,146,162,182,207,209,220,228,230,232,391,393,395,397,403,411,539,551,563,571,599,601,603,620	138,151,153,169,189,214,216,227,235,237,239,398,400,402,404,410,418,534,546,558,566,594,596,598,615	3	4,5,6,7,8,9,10,11,12,13,14,29,30,31,32,33,34,45,46,47,48,49,50,51,52	205	478	756	63|10|0|1|5|1|5|7|1|0|0|0
GA	Allmis	LTR	ERV4	SFV1-13_AMi-LTR	JH735561:59252-59719+	JH738772:94377-95140-	27	37	0	103,109,123,137,18,232,236,240,248,250,257,261,330,370,385,389,399,415,69,75	102,108,123,137,18,232,236,240,248,250,257,261,330,370,385,389,399,415,68,74	3	1,2,3,4,5,6,7,9,10,11,12,13,14,15,19,20,21,22,23,24	236	398	468	27|3|0|0|1|0|3|3|0|0|0|0
GA	Allmis	LTR	ERV4	SFV1-13_AMi-LTR	JH735569:541213-541802-	JH738606:45170-45925+	25	54	0	100,102,128,129,423,426,433,450,456,54,65,92	217,228,255,263,265,291,292,589,592,599,616,622	2	2,3,4,5,6,7,8,19,20,21,22,23	110	406	590	25|9|0|0|2|0|5|8|2|0|3|0
GA	Allmis	LTR	ERV4	SFV1-13_AMi-LTR	JH735569:541213-541802-	JH737439:88420-89179-	37	65	0	126,128,129,133,173,175,182,183,184,186,203,214,218,423,427,429,431,433,450,54,65,79,81,92	219,230,244,246,257,291,293,294,298,338,340,347,348,349,351,370,381,385,593,597,599,601,603,620	3	3,4,5,6,7,8,9,10,11,12,13,14,15,16,17,18,19,20,30,31,32,33,34,35	196	402	591	37|7|0|0|2|2|2|10|1|1|3|0
GA	Allmis	LTR	ERV4	SFV1-13_AMi-LTR	JH735569:541213-541802-	JH737548:38014-38783-	29	82	0	429,431,433,445,450,488,543,544,546,547,548,554,555,556	609,611,613,625,630,668,723,724,726,727,728,734,735,736	2	12,13,14,15,16,17,21,22,23,24,25,26,27,28	74	128	594	29|6|0|0|3|0|7|7|0|0|2|3
GA	Allmis	LTR	ERV4	SFV1-13_AMi-LTR	JH735569:544272-544733-	JH735597:1032167-1032920+	35	54	0	133,146,148,159,165,184,244,246,249,257,285,290,291,293,298,304,391,393,395,401,409	138,151,153,164,170,189,251,253,256,264,292,297,298,300,305,311,400,402,404,410,418	4	5,6,7,8,9,10,14,15,16,17,18,19,20,21,22,23,28,29,30,31,32	133	281	465	35|5|0|0|0|1|5|6|1|0|0|1
GA	Allmis	LTR	ERV4	SFV1-13_AMi-LTR	JH735586:651928-652660+	JH738772:94377-95140-	42	72	0	103,109,122,254,258,292,294,299,342,352,354,363,367,377,379,40,69,75	102,108,123,257,261,295,297,302,364,374,376,385,389,399,40,401,68,74	3	2,3,4,5,6,7,14,15,16,17,18,19,20,21,22,23,24,25	230	362	744	42|6|2|1|4|1|6|6|1|0|0|0
GA	Allmis	LTR	ERV4	SFV1-13_AMi-LTR	JH735597:802616-803054-	JH738109:223708-224467-	20	33	0	102,119,121,133,146,148,277,303,308,368,380,40,68	102,120,122,134,147,149,270,296,301,361,373,40,68	2	1,2,3,4,5,6,7,8,14,15,16,17,18	214	334	434	20|3|0|1|1|2|3|1|1|0|1|0
GA	Allmis	LTR	ERV4	SFV1-13_AMi-LTR	JH735597:802616-803054-	JH738772:94377-95140-	22	27	0	102,108,121,18,254,256,267,301,303,308,336,380,40,68,74	102,108,123,18,248,250,261,295,297,302,330,374,40,68,74	2	1,2,3,4,5,6,7,12,13,14,15,16,17,18,19	233	357	435	22|1|0|0|3|1|0|0|0|0|0|0
GA	Allmis	LTR	ERV4	SFV1-13_AMi-LTR	JH735673:182025-182746-	JH737364:67877-68602-	46	66	0	102,132,157,159,205,211,247,252,260,268,281,288,342,350,362,373,374,376,429,431,444,493,497,501,520,536,558,561,563,565,588,595	102,132,157,159,205,211,247,252,260,268,281,288,342,350,362,373,374,376,429,431,444,493,497,501,520,540,562,565,567,569,592,599	5	2,3,4,5,6,7,10,11,12,13,14,15,19,20,21,22,23,24,26,27,28,29,30,31,32,33,34,35,36,37,38,39	359	498	723	46|4|0|0|0|1|4|4|2|1|2|1
GA	Allmis	LTR	ERV4	SFV1-13_AMi-LTR	JH735673:182025-182746-	JH738206:37267-37987-	44	60	0	102,118,120,124,132,159,18,205,211,294,307,308,342,350,373,374,376,384,392,397,40,400,404,520,543,561,563,565,577,98	102,118,120,124,132,151,18,197,203,286,299,300,334,342,365,366,368,376,384,389,392,396,40,516,543,561,563,565,577,98	3	1,2,3,4,5,6,7,8,9,10,11,12,13,14,15,16,17,18,19,20,21,22,23,24,34,35,36,37,38,39	442	560	718	44|3|0|0|0|1|4|5|3|0|0|0
GA	Allmis	LTR	ERV4	SFV1-13_AMi-LTR	JH735675:214973-215696-	JH737364:67877-68602-	54	74	0	132,157,159,205,211,219,220,222,230,232,342,350,362,373,374,376,429,431,444,472,488,491,495,499,518,530,538	132,157,159,205,211,219,220,222,230,232,342,350,362,373,374,376,429,431,444,474,490,493,497,501,520,532,540	5	4,5,6,7,8,9,10,11,12,13,24,25,26,27,28,29,31,32,33,34,35,36,37,38,39,40,41	250	409	713	54|5|1|0|1|1|3|3|1|1|2|1
GA	Allmis	LTR	ERV4	SFV1-13_AMi-LTR	JH735675:214973-215696-	JH738206:37267-37987-	49	64	0	102,118,120,124,132,159,18,205,211,230,232,294,296,307,308,342,350,373,374,376,384,392,397,40,400,404,68,98	102,118,120,124,132,151,18,197,203,222,224,286,288,299,300,334,342,365,366,368,376,384,389,392,396,40,68,98	2	1,2,3,4,5,6,7,8,9,10,11,12,13,14,15,16,17,18,19,20,21,22,23,24,25,26,27,28	380	379	709	49|3|1|0|2|0|3|4|2|0|0|0
GA	Allmis	LTR	ERV4	SFV1-13_AMi-LTR	JH735853:356366-357131+	JH739617:371028-371790-	28	51	0	119,173,219,223,236,304,307,309,314,321	108,163,209,213,226,294,297,299,304,311	2	2,3,4,5,6,7,8,9,10,11	205	204	763	28|7|0|1|1|0|8|5|0|0|1|0
GA	Allmis	LTR	ERV4	SFV1-13_AMi-LTR	JH735853:356366-357131+	JH737439:88420-89179-	48	87	0	232,233,234,236,244,260,354,356,363,364,365,367,374	218,219,220,222,230,244,338,340,347,348,349,351,358	2	12,13,14,15,16,17,21,22,23,24,25,26,27	48	141	762	48|9|0|1|0|4|8|7|0|3|5|2
GA	Allmis	LTR	ERV4	SFV1-13_AMi-LTR	JH735871:211845-212563+	JH737364:67877-68602-	54	79	0	218,219,220,222,232,244,246,249,339,347,359,370,371,373,513,525,533,555,558,560,562,579,585,592,655,656,699,703,708,710	218,219,220,222,232,247,249,252,342,350,362,373,374,376,520,532,540,562,565,567,569,586,592,599,662,663,706,710,715,717	4	9,10,11,12,13,14,15,16,24,25,26,27,28,29,37,38,39,40,41,42,43,44,45,46,49,50,51,52,53,54	206	500	721	54|5|1|0|1|2|3|6|1|1|2|1
GA	Allmis	LTR	ERV4	SFV1-13_AMi-LTR	JH735871:211845-212563+	JH738206:37267-37987-	52	73	0	118,120,124,132,134,205,211,218,232,246,291,304,305,339,347,370,371,373,381,389,394,397,401,494,513,540,558,560,562,574,579	118,120,124,132,134,197,203,210,224,241,286,299,300,334,342,365,366,368,376,384,389,392,396,490,516,543,561,563,565,577,582	3	7,8,9,10,11,12,13,14,15,16,17,18,19,20,21,22,23,24,25,26,27,28,29,38,39,40,41,42,43,44,45	373	465	716	52|3|0|1|2|1|2|7|2|0|1|1
GA	Allmis	LTR	ERV4	SFV1-13_AMi-LTR	JH735886:465079-465768-	JH738772:94377-95140-	31	50	0	104,110,123,365,372,373,375,382,386,70,76	102,108,123,368,374,375,377,385,389,68,74	2	3,4,5,6,7,21,22,23,24,25,26	78	322	488	31|3|1|2|3|2|2|3|1|0|1|1
GA	Allmis	LTR	ERV4	SFV1-13_AMi-LTR	JH735886:465079-465768-	JH737633:134518-135276+	22	51	0	135,160,162,166,185,365,372,373,375,382	133,158,160,164,183,366,372,373,375,384	2	6,7,8,9,10,16,17,18,19,20	70	252	486	22|12|0|1|1|3|4|4|1|0|1|2
GA	Allmis	LTR	ERV4	SFV1-13_AMi-LTR	JH735886:465079-465768-	JH739617:371028-371790-	24	69	0	289,292,294,299,306,365,372,373,375,382	294,297,299,304,311,370,376,377,379,388	2	8,9,10,11,12,14,15,16,17,18	37	95	589	24|10|1|3|4|5|6|9|1|0|2|4
GA	Allmis	LTR	ERV4	SFV1-13_AMi-LTR	JH735944:519749-520503-	JH738109:223708-224467-	29	56	0	102,122,124,136,138,149,151,162,167,40,68	102,120,122,134,136,147,149,160,165,40,68	1	1,2,3,4,5,6,7,8,9,10,11	126	126	756	29|4|0|1|0|2|8|6|0|2|2|1
GA	Allmis	LTR	ERV4	SFV1-13_AMi-LTR	JH735944:519749-520503-	JH737242:1129367-1130125-	30	56	0	102,136,138,151,162,167,212,221,222,223,225	102,133,135,148,159,164,209,218,219,220,222	2	3,4,5,6,7,8,9,10,11,12,13	122	121	756	30|4|0|3|1|2|6|6|0|1|2|0
GA	Allmis	LTR	ERV4	SFV1-13_AMi-LTR	JH735944:519749-520503-	JH738772:94377-95140-	38	61	0	102,108,124,138,162,167,18,296,303,365,375,386,390,40,68,74	102,108,123,137,161,166,18,295,302,364,374,385,389,40,68,74	2	1,2,3,4,5,6,7,8,9,10,16,17,18,19,20,21	244	372	755	38|4|3|0|2|1|3|5|1|0|2|1
GA	Allmis	LTR	ERV4	SFV1-13_AMi-LTR	JH735944:519749-520503-	JH738606:45170-45925+	31	64	0	102,136,138,221,222,223,225,233,40,68	102,132,134,216,217,218,220,228,40,68	2	1,2,3,4,5,9,10,11,12,13	108	189	754	31|6|1|1|1|1|8|6|0|2|5|1
GA	Allmis	LTR	ERV4	SFV1-13_AMi-LTR	JH735944:519749-520503-	JH736990:99315-100082-	35	67	0	102,138,18,40,520,534,543,546,558,68,98	102,137,18,40,527,547,556,559,571,68,98	2	1,2,3,4,5,6,25,26,27,28,29	165	554	760	35|7|0|2|0|1|6|7|2|1|2|3
GA	Allmis	LTR	ERV4	SFV1-13_AMi-LTR	JH735963:99703-100479-	JH736241:1280918-1281680-	30	66	0	101,110,167,173,192,206,412,414,416,432,436,444	102,163,169,188,202,395,397,399,415,419,427,93	2	4,5,6,7,8,9,16,17,18,19,20,21	143	335	769	30|3|0|1|2|6|5|11|2|3|2|1
GA	Allmis	LTR	ERV4	SFV1-13_AMi-LTR	JH735963:99703-100479-	JH737548:38014-38783-	40	99	0	167,173,206,217,248,616,618,620,632,637,730,731,733,734,735,741,742,743	164,170,203,214,245,609,611,613,625,630,723,724,726,727,728,734,735,736	3	7,8,9,10,11,24,25,26,27,28,32,33,34,35,36,37,38,39	118	573	772	40|2|0|1|3|5|9|10|0|3|0|1
GA	Allmis	LTR	ERV4	SFV1-13_AMi-LTR	JH735963:99703-100479-	JH738606:45170-45925+	33	74	0	236,237,238,240,242,556,568,580,610,613,620,637,643	216,217,218,220,222,535,547,559,589,592,599,616,622	2	9,10,11,12,13,24,25,26,27,28,29,30,31	95	407	765	33|4|0|1|2|6|8|9|3|4|3|1
GA	Allmis	LTR	ERV4	SFV1-13_AMi-LTR	JH735963:99703-100479-	JH737439:88420-89179-	53	112	0	236,237,238,240,242,358,360,367,368,369,371,378,380,402,406,610,614,616,618,620,637	218,219,220,222,224,338,340,347,348,349,351,358,360,381,385,593,597,599,601,603,620	3	13,14,15,16,17,24,25,26,27,28,29,30,31,32,33,46,47,48,49,50,51	83	403	767	53|8|2|1|4|11|7|14|2|4|5|1
GA	Allmis	LTR	ERV4	SFV1-13_AMi-LTR	JH735985:117252-118006-	JH736241:1280918-1281680-	31	53	0	158,160,164,183,211,389,391,393,409,413,421	163,165,169,188,215,395,397,399,415,419,427	2	7,8,9,10,11,16,17,18,19,20,21	86	265	758	31|4|0|0|2|3|4|7|0|0|2|0
GA	Allmis	LTR	ERV4	SFV1-13_AMi-LTR	JH735985:117252-118006-	JH739617:371028-371790-	31	53	0	546,558,594,596,598,655,662,672,720,745,751	554,566,602,604,606,663,670,680,728,753,759	2	21,22,23,24,25,26,27,28,29,30,31	207	206	758	31|5|0|1|3|2|4|6|0|0|0|1
GA	Allmis	LTR	ERV4	SFV1-13_AMi-LTR	JH735985:117252-118006-	JH737633:134518-135276+	35	57	0	102,133,158,160,164,183,208,211,221,527,543,558,588,591,596,598,615,98	103,133,158,160,164,183,209,212,222,531,547,562,592,595,600,602,619,99	2	4,5,6,7,8,9,10,11,12,13,24,25,26,27,28,29,30,31	213	521	756	35|11|0|0|1|1|3|6|0|0|0|0
GA	Allmis	LTR	ERV4	SFV1-13_AMi-LTR	JH735985:117252-118006-	JH736990:99315-100082-	40	70	0	358,368,379,383,391,393,409,413,534,543,546,558,598,615	372,382,393,397,405,407,423,427,547,556,559,571,611,628	2	18,19,20,21,22,23,24,25,30,31,32,33,34,35	138	257	760	40|7|0|0|3|2|6|7|1|0|2|2
GA	Allmis	LTR	ERV4	SFV1-13_AMi-LTR	JH735985:117252-118006-	JH737439:88420-89179-	54	87	0	18,217,218,219,221,243,336,338,345,346,347,349,358,36,368,379,383,40,588,592,594,596,598,615,68,85	18,218,219,220,222,244,338,340,347,348,349,351,36,360,370,381,385,40,593,597,599,601,603,620,68,85	4	1,2,3,4,5,15,16,17,18,19,25,26,27,28,29,30,31,32,33,34,47,48,49,50,51,52	171	603	756	54|9|0|0|1|6|3|8|0|3|3|0
GA	Allmis	LTR	ERV4	SFV1-13_AMi-LTR	JH736025:61653-62420+	JH737439:88420-89179-	48	100	0	231,232,233,235,237,360,362,369,381,392,396	218,219,220,222,224,347,349,358,370,381,385	2	13,14,15,16,17,25,26,27,28,29,30	46	168	763	48|8|2|0|2|10|8|13|0|1|4|2
GA	Allmis	LTR	ERV4	SFV1-13_AMi-LTR	JH736028:189091-189808-	JH737364:67877-68602-	57	76	0	215,216,218,226,228,468,482,485,493,512,524,532,554,557,559,561,578,584,591,625,635,654,655,698,702,707,709	219,220,222,230,232,476,490,493,501,520,532,540,562,565,567,569,586,592,599,633,643,662,663,706,710,715,717	3	10,11,12,13,14,36,37,38,39,40,41,42,43,44,45,46,47,48,49,50,51,52,53,54,55,56,57	257	499	721	57|4|1|0|0|1|4|2|1|0|2|2
GA	Allmis	LTR	ERV4	SFV1-13_AMi-LTR	JH736028:189091-189808-	JH738206:37267-37987-	47	66	0	23,245,290,292,303,304,338,36,369,370,372,380,388,393,396,400,512,539,557,559,561,573,578,64,94,98	102,241,27,286,288,299,300,334,365,366,368,376,384,389,392,396,40,516,543,561,563,565,577,582,68,98	4	1,2,3,4,5,14,15,16,17,18,19,21,22,23,24,25,26,27,28,38,39,40,41,42,43,44	269	556	695	47|4|2|0|2|1|3|3|2|0|0|1
GA	Allmis	LTR	ERV4	SFV1-13_AMi-LTR	JH736076:25285-26043-	JH737439:88420-89179-	47	86	0	217,218,219,221,243,245,337,339,346,347,348,350,357,596,598,600,602,619	218,219,220,222,244,246,338,340,347,348,349,351,358,597,599,601,603,620	3	11,12,13,14,15,16,21,22,23,24,25,26,27,42,43,44,45,46	74	403	753	47|9|0|0|1|5|5|10|0|2|4|3
GA	Allmis	LTR	ERV4	SFV1-13_AMi-LTR	JH736087:14114-14864+	JH737439:88420-89179-	39	77	0	218,219,220,230,246,248,259,293,295,300,340,342,349,350,351,353	218,219,220,230,244,246,257,291,293,298,338,340,347,348,349,351	2	10,11,12,13,14,15,16,17,18,19,20,21,22,23,24,25	135	134	754	39|8|0|0|1|6|6|8|0|2|6|1
GA	Allmis	LTR	ERV4	SFV1-13_AMi-LTR	JH736115:30197-30915+	JH737364:67877-68602-	46	61	0	218,219,220,222,232,244,246,249,426,428,441,469,483,486,560,562,579,585,592	218,219,220,222,232,247,249,252,429,431,444,472,490,493,567,569,586,592,599	3	9,10,11,12,13,14,15,16,29,30,31,32,33,34,39,40,41,42,43	133	382	710	46|3|0|0|1|1|2|3|1|1|1|1
GA	Allmis	LTR	ERV4	SFV1-13_AMi-LTR	JH736115:30197-30915+	JH738206:37267-37987-	44	61	0	102,118,120,124,132,159,17,18,205,211,218,232,246,291,293,304,305,370,371,381,389,394,397,40,401,68,98	102,118,120,124,132,151,17,18,197,203,210,224,241,286,288,299,300,365,366,376,384,389,392,396,40,68,98	2	1,2,3,4,5,6,7,8,9,10,11,12,13,14,15,16,17,18,19,20,21,22,23,24,25,26,27	381	380	706	44|3|1|0|2|1|5|3|2|0|0|0
GA	Allmis	LTR	ERV4	SFV1-13_AMi-LTR	JH736162:975677-976441-	JH737439:88420-89179-	32	80	0	228,229,230,232,234,357,359,366,389,393	218,219,220,222,224,347,349,358,381,385	2	7,8,9,10,11,15,16,17,18,19	46	168	761	32|11|2|0|2|11|4|10|1|2|3|2
GA	Allmis	LTR	ERV4	SFV1-13_AMi-LTR	JH736166:147660-148414+	JH737439:88420-89179-	38	77	0	336,338,345,346,347,349,356,358,368,379,383,588,592,594,596,598	338,340,347,348,349,351,358,360,370,381,385,593,597,599,601,603	2	16,17,18,19,20,21,22,23,24,25,26,33,34,35,36,37	59	266	756	38|10|0|0|2|7|4|10|0|2|4|0
GA	Allmis	LTR	ERV4	SFV1-13_AMi-LTR	JH736173:33655-34375-	JH738206:37267-37987-	51	68	0	103,119,125,133,160,18,341,349,372,373,375,383,391,396,399,40,403,542,560,562,576,581,69,99	102,118,124,132,151,18,334,342,365,366,368,376,384,389,392,396,40,543,561,563,577,582,68,98	3	1,2,3,4,5,6,7,8,9,18,19,20,21,22,23,24,25,26,27,40,41,42,43,44	237	565	717	51|4|1|0|1|0|4|4|3|0|0|0
GA	Allmis	LTR	ERV4	SFV1-13_AMi-LTR	JH736173:33655-34375-	JH737364:67877-68602-	55	82	0	220,221,223,231,233,341,349,361,372,373,375	219,220,222,230,232,342,350,362,373,374,376	2	9,10,11,12,13,23,24,25,26,27,28	49	158	722	55|7|1|0|2|1|5|4|1|1|3|1
GA	Allmis	LTR	ERV4	SFV1-13_AMi-LTR	JH736203:213951-214719-	JH739633:29783-30555+	25	47	0	163,169,188,202,209,213,372,374,382,423,427,602,608,635,646,669	162,168,187,201,208,212,373,375,383,424,428,606,612,639,650,673	3	2,3,4,5,6,7,11,12,13,14,15,21,22,23,24,25	175	512	770	25|5|1|1|0|1|5|7|1|0|0|0
GA	Allmis	LTR	ERV4	SFV1-13_AMi-LTR	JH736203:213951-214719-	JH736990:99315-100082-	39	61	0	100,104,18,372,374,382,393,397,40,405,407,423,427,70	102,18,372,374,382,393,397,40,405,407,423,427,68,98	2	1,2,3,4,5,17,18,19,20,21,22,23,24,25	141	410	767	39|6|0|1|1|0|4|7|1|0|1|0
GA	Allmis	LTR	ERV4	SFV1-13_AMi-LTR	JH736203:213951-214719-	JH739607:229258-230035+	22	66	0	163,169,188,202,209,370,372,374,382,407,423,427	161,167,186,200,207,368,370,372,380,405,421,425	2	2,3,4,5,6,10,11,12,13,14,15,16	105	265	772	22|10|0|2|0|1|6|10|1|2|2|1
GA	Allmis	LTR	ERV4	SFV1-13_AMi-LTR	JH736203:213951-214719-	JH738606:45170-45925+	35	64	0	230,231,232,234,236,548,560,572,602,605,612,629	216,217,218,220,222,535,547,559,589,592,599,616	2	9,10,11,12,13,26,27,28,29,30,31,32	89	401	761	35|5|0|0|3|2|7|7|0|0|3|1
GA	Allmis	LTR	ERV4	SFV1-13_AMi-LTR	JH736203:213951-214719-	JH737548:38014-38783-	41	81	0	360,372,374,382,393,405,407,608,610,612,624,629,722,723,725,726,727,733,734,735,737	361,373,375,383,394,406,408,609,611,613,625,630,723,724,726,727,728,734,735,736,738	3	14,15,16,17,18,19,20,24,25,26,27,28,33,34,35,36,37,38,39,40,41	86	378	768	41|2|0|0|0|0|4|6|1|0|0|1
GA	Allmis	LTR	ERV4	SFV1-13_AMi-LTR	JH736203:213951-214719-	JH738772:94377-95140-	45	75	0	104,110,125,18,372,374,382,393,397,40,407,423,427,70,76	102,108,123,18,364,366,374,385,389,399,40,415,419,68,74	2	1,2,3,4,5,6,7,23,24,25,26,27,28,29,30	162	402	761	45|5|1|2|3|4|3|8|2|0|1|0
GA	Allmis	LTR	ERV4	SFV1-13_AMi-LTR	JH736203:213951-214719-	JH737439:88420-89179-	56	92	0	163,169,188,202,224,230,231,232,234,236,350,352,359,360,361,363,370,372,374,382,393,397,602,606,608,610,612,629,676,686	159,165,184,198,212,218,219,220,222,224,338,340,347,348,349,351,358,360,362,370,381,385,593,597,599,601,603,620,667,677	5	9,10,11,12,13,14,15,16,17,18,26,27,28,29,30,31,32,33,34,35,36,37,49,50,51,52,53,54,55,56	201	519	758	56|6|1|0|1|7|4|11|1|1|2|1
GA	Allmis	LTR	ERV4	SFV1-13_AMi-LTR	JH736241:1280918-1281680-	JH737439:88420-89179-	30	70	0	222,223,224,226,248,261,295,297,302,342,344,351,352,353,362,364	218,219,220,222,244,257,291,293,298,338,340,347,348,349,358,360	2	6,7,8,9,10,11,12,13,14,15,16,17,18,19,20,21	144	143	760	30|10|1|0|2|5|7|8|0|2|3|2
GA	Allmis	LTR	ERV4	SFV1-13_AMi-LTR	JH736246:32736-33430-	JH737633:134518-135276+	32	79	0	367,374,375,377,384,579,582,587,589,606	366,372,373,375,384,592,595,600,602,619	2	16,17,18,19,20,27,28,29,30,31	47	254	695	32|13|1|2|3|6|8|7|1|1|1|4
GA	Allmis	LTR	ERV4	SFV1-13_AMi-LTR	JH736246:32736-33430-	JH738777:1496552-1497300-	33	89	0	162,164,168,184,187,214,367,374,375,377,384	164,166,170,186,189,216,369,375,376,378,386	2	9,10,11,12,13,14,18,19,20,21,22	71	223	690	33|7|5|2|3|9|9|12|1|4|1|3
GA	Allmis	LTR	ERV4	SFV1-13_AMi-LTR	JH736246:32736-33430-	JH739617:371028-371790-	31	82	0	291,294,296,301,308,367,374,375,377,384	294,297,299,304,311,370,376,377,379,388	2	10,11,12,13,14,16,17,18,19,20	37	95	697	31|9|2|3|6|6|10|8|1|1|0|5
GA	Allmis	LTR	ERV4	SFV1-13_AMi-LTR	JH736271:196626-197384+	JH738772:94377-95140-	41	71	0	102,108,121,18,359,369,380,384,394,396,40,410,600,602,619,659,666,676,68,74	102,108,123,18,364,374,385,389,399,40,401,415,605,607,624,664,671,68,681,74	3	1,2,3,4,5,6,7,19,20,21,22,23,24,25,34,35,36,37,38,39	235	664	757	41|8|1|0|4|2|4|5|1|0|1|2
GA	Allmis	LTR	ERV4	SFV1-13_AMi-LTR	JH736271:196626-197384+	JH737439:88420-89179-	49	76	0	218,219,221,243,245,256,337,339,346,347,348,350,357,359,369,380,384,392,394,396,410,452	219,220,222,244,246,257,338,340,347,348,349,351,358,360,370,381,385,393,395,397,411,453	3	13,14,15,16,17,18,21,22,23,24,25,26,27,28,29,30,31,32,33,34,35,36	156	235	758	49|9|0|0|0|4|2|5|0|2|2|1
GA	Allmis	LTR	ERV4	SFV1-13_AMi-LTR	JH736271:196626-197384+	JH736990:99315-100082-	37	70	0	102,18,359,369,380,384,392,394,396,40,410,538,540,547,550,562,602,619,659,666,672,679,68,98	102,18,372,382,393,397,40,405,407,409,423,547,549,556,559,571,611,628,668,675,68,681,688,98	4	1,2,3,4,5,15,16,17,18,19,20,21,22,26,27,28,29,30,31,32,33,34,35,36	280	671	762	37|10|0|0|2|1|5|5|2|0|2|4
GA	Allmis	LTR	ERV4	SFV1-13_AMi-LTR	JH736272:32817-33574-	JH738772:94377-95140-	29	56	0	102,108,121,135,246,248,255,293,295,300,74	102,108,123,137,248,250,257,295,297,302,74	2	1,2,3,4,5,10,11,12,13,14,15	119	229	757	29|4|1|1|1|4|7|4|1|0|2|2
GA	Allmis	LTR	ERV4	SFV1-13_AMi-LTR	JH736272:32817-33574-	JH737439:88420-89179-	38	77	0	246,248,293,295,300,340,342,349,350,351,353,360,387	244,246,291,293,298,338,340,347,348,349,351,358,385	2	12,13,14,15,16,17,18,19,20,21,22,23,24	143	142	758	38|7|0|1|1|6|7|8|0|2|5|2
GA	Allmis	LTR	ERV4	SFV1-13_AMi-LTR	JH736323:349246-349969-	JH737364:67877-68602-	53	82	0	221,222,224,232,234,563,565,567,584,590,597,631,641,660,661,704,708,713,715	219,220,222,230,232,565,567,569,586,592,599,633,643,662,663,706,710,715,717	3	8,9,10,11,12,40,41,42,43,44,45,46,47,48,49,50,51,52,53	168	499	724	53|6|0|1|0|2|5|6|1|1|3|2
GA	Allmis	LTR	ERV4	SFV1-13_AMi-LTR	JH736323:349246-349969-	JH738206:37267-37987-	49	69	0	103,120,122,126,161,18,207,213,232,234,386,394,399,40,402,406,563,565,567,579,584,624,631,641,69,704,713,714,715,99	102,118,120,124,151,18,197,203,222,224,376,384,389,392,396,40,561,563,565,577,582,622,629,639,68,702,711,712,713,98	5	1,2,3,4,5,6,7,8,9,10,11,12,13,22,23,24,25,26,38,39,40,41,42,43,44,45,46,47,48,49	383	696	719	49|3|0|1|0|1|5|6|2|0|0|1
GA	Allmis	LTR	ERV4	SFV1-13_AMi-LTR	JH736354:1583040-1583803-	JH739617:371028-371790-	34	95	0	366,373,374,376,383,591,593,595,652,659,669	370,376,377,379,388,602,604,606,663,670,680	2	16,17,18,19,20,27,28,29,30,31,32	98	311	757	34|9|2|2|6|6|5|18|2|5|3|3
GA	Allmis	LTR	ERV4	SFV1-13_AMi-LTR	JH736354:1583040-1583803-	JH737633:134518-135276+	32	90	0	366,373,374,376,383,588,593,595,612,659	366,372,373,375,384,595,600,602,619,666	2	13,14,15,16,17,26,27,28,29,30	91	301	755	32|15|1|1|4|9|3|17|1|1|3|3
GA	Allmis	LTR	ERV4	SFV1-13_AMi-LTR	JH736374:62922-63284-	JH737548:38014-38783-	18	50	0	202,204,218,261,280,283,316,317,319,321,327,328,329,331,359	609,611,625,668,687,690,723,724,726,728,734,735,736,738,766	2	4,5,6,7,8,9,10,11,12,13,14,15,16,17,18	159	158	360	18|0|0|0|0|1|4|2|0|0|1|0
GA	Allmis	LTR	ERV4	SFV1-13_AMi-LTR	JH736403:57912-58675+	JH739617:371028-371790-	34	95	0	289,292,294,299,306,543,555,591,593,595	294,297,299,304,311,554,566,602,604,606	2	9,10,11,12,13,24,25,26,27,28	71	313	762	34|16|1|5|2|3|11|15|2|2|2|2
GA	Allmis	LTR	ERV4	SFV1-13_AMi-LTR	JH736441:87346-88108-	JH738109:223708-224467-	28	48	0	121,123,135,148,150,225,272,298,303,363,365	120,122,134,147,149,223,270,296,301,361,363	2	5,6,7,8,9,11,12,13,14,15,16	171	244	760	28|3|2|0|1|0|3|8|0|1|2|0
GA	Allmis	LTR	ERV4	SFV1-13_AMi-LTR	JH736441:87346-88108-	JH738772:94377-95140-	43	69	0	102,17,18,249,251,258,262,296,298,303,331,365,387,391,40,401,417,68,74	102,17,18,248,250,257,261,295,297,302,330,364,385,389,399,40,415,68,74	2	1,2,3,4,5,6,15,16,17,18,19,20,21,22,23,24,25,26,27	254	399	759	43|4|3|1|2|1|3|8|1|0|2|1
GA	Allmis	LTR	ERV4	SFV1-13_AMi-LTR	JH736441:87346-88108-	JH736990:99315-100082-	37	68	0	102,17,18,365,387,391,399,40,401,417,68,98	102,17,18,372,393,397,40,405,407,423,68,98	2	1,2,3,4,5,6,17,18,19,20,21,22	138	407	764	37|7|2|1|0|1|5|8|2|0|2|3
GA	Allmis	LTR	ERV4	SFV1-13_AMi-LTR	JH736441:87346-88108-	JH737439:88420-89179-	53	96	0	221,222,223,225,233,249,251,262,296,298,303,343,345,352,353,354,356,363,365,387,391,600,602,604,606,623	218,219,220,222,230,244,246,257,291,293,298,338,340,347,348,349,351,358,360,381,385,597,599,601,603,620	3	14,15,16,17,18,19,20,21,22,23,24,25,26,27,28,29,30,31,32,33,34,47,48,49,50,51	193	403	760	53|7|2|0|3|5|4|11|0|3|6|2
GA	Allmis	LTR	ERV4	SFV1-13_AMi-LTR	JH736486:7418-7708+	JH737242:1129367-1130125-	13	22	0	134,136,149,160,166,210,219,220,221,223	133,135,148,159,165,209,218,219,220,222	2	4,5,6,7,8,9,10,11,12,13	91	90	291	13|2|0|1|1|1|3|1|0|0|0|0
GA	Allmis	LTR	ERV4	SFV1-13_AMi-LTR	JH736569:164680-165440-	JH737242:1129367-1130125-	30	63	0	163,169,192,196,223,224,226,552,564,594,597,602,604,634	159,165,188,192,220,221,223,550,562,592,595,600,602,632	2	8,9,10,11,12,13,14,22,23,24,25,26,27,28	148	474	759	30|9|1|2|2|2|4|7|1|0|1|4
GA	Allmis	LTR	ERV4	SFV1-13_AMi-LTR	JH736569:164680-165440-	JH738109:223708-224467-	32	67	0	123,125,137,139,150,152,271,297,302,362,374	120,122,134,136,147,149,270,296,301,361,373	2	4,5,6,7,8,9,14,15,16,17,18	134	254	759	32|9|1|0|1|0|8|8|1|2|1|4
GA	Allmis	LTR	ERV4	SFV1-13_AMi-LTR	JH736569:164680-165440-	JH738777:1496552-1497300-	31	58	0	137,139,150,163,169,185,188,192,196,215	138,140,151,164,170,186,189,193,197,216	1	3,4,5,6,7,8,9,10,11,12	79	79	754	31|6|2|2|0|3|3|6|0|3|1|1
GA	Allmis	LTR	ERV4	SFV1-13_AMi-LTR	JH736569:164680-165440-	JH739617:371028-371790-	33	68	0	292,295,297,302,309,552,564,600,602,604	294,297,299,304,311,554,566,602,604,606	2	10,11,12,13,14,23,24,25,26,27	71	313	761	33|10|1|1|2|0|7|7|1|1|0|5
GA	Allmis	LTR	ERV4	SFV1-13_AMi-LTR	JH736569:164680-165440-	JH738772:94377-95140-	38	70	0	295,297,302,330,374,385,389,399,415,602,604,621,661,668,678	295,297,302,330,374,385,389,399,415,605,607,624,664,671,681	2	15,16,17,18,19,20,21,22,23,31,32,33,34,35,36	198	387	758	38|9|2|2|2|2|2|6|2|0|1|4
GA	Allmis	LTR	ERV4	SFV1-13_AMi-LTR	JH736569:164680-165440-	JH736990:99315-100082-	36	66	0	163,169,188,192,196,374,385,389,397,399,415,552,564,604,621,661,668,674	161,167,186,190,194,382,393,397,405,407,423,559,571,611,628,668,675,681	3	6,7,8,9,10,17,18,19,20,21,22,28,29,30,31,32,33,34	199	521	763	36|9|1|0|0|1|4|4|3|1|2|5
GA	Allmis	LTR	ERV4	SFV1-13_AMi-LTR	JH736569:164680-165440-	JH737633:134518-135276+	34	76	0	163,169,188,192,196,564,594,597,602,604,621	158,164,183,187,191,562,592,595,600,602,619	2	6,7,8,9,10,25,26,27,28,29,30	92	462	759	34|16|1|1|1|1|6|7|1|1|2|5
GA	Allmis	LTR	ERV4	SFV1-13_AMi-LTR	JH736569:164680-165440-	JH737439:88420-89179-	50	90	0	163,169,188,192,196,215,223,224,226,248,250,342,344,351,352,353,355,362,374,385,389,594,598,600,602,604,621	159,165,184,188,192,211,219,220,222,244,246,338,340,347,348,349,351,358,370,381,385,593,597,599,601,603,620	4	9,10,11,12,13,14,15,16,17,18,19,23,24,25,26,27,28,29,30,31,32,43,44,45,46,47,48	165	462	759	50|12|1|0|1|4|2|9|1|2|5|3
GA	Allmis	LTR	ERV4	SFV1-13_AMi-LTR	JH736575:859450-860218-	JH736990:99315-100082-	28	49	0	102,18,40,517,548,557,560,572,612,629,669,676,68,98	102,18,40,517,547,556,559,571,611,628,668,675,68,98	2	1,2,3,4,5,17,18,19,20,21,22,23,24,25	244	658	767	28|8|0|0|1|0|2|5|2|1|2|0
GA	Allmis	LTR	ERV4	SFV1-13_AMi-LTR	JH736575:859450-860218-	JH738772:94377-95140-	30	60	0	102,108,123,18,40,610,612,629,669,676,68,74	102,108,123,18,40,605,607,624,664,671,68,74	2	1,2,3,4,5,6,7,23,24,25,26,27	173	654	762	30|8|1|1|4|4|0|8|2|0|2|0
GA	Allmis	LTR	ERV4	SFV1-13_AMi-LTR	JH736575:859450-860218-	JH737548:38014-38783-	30	78	0	608,610,612,624,629,667,676,689,722,723,725,726,727	609,611,613,625,630,668,677,690,723,724,726,727,728	2	13,14,15,16,17,18,19,21,22,23,24,25,26	108	120	768	30|6|0|0|2|0|3|7|0|2|2|1
GA	Allmis	LTR	ERV4	SFV1-13_AMi-LTR	JH736575:859450-860218-	JH738606:45170-45925+	28	67	0	230,231,232,234,236,602,605,612,629,635	216,217,218,220,222,589,592,599,616,622	2	6,7,8,9,10,22,23,24,25,26	41	407	761	28|9|0|0|2|2|10|8|2|1|4|1
GA	Allmis	LTR	ERV4	SFV1-13_AMi-LTR	JH736575:859450-860218-	JH737439:88420-89179-	42	86	0	230,231,232,234,236,350,352,359,360,361,363,370,602,606,608,610,612,629	218,219,220,222,224,338,340,347,348,349,351,358,593,597,599,601,603,620	3	10,11,12,13,14,18,19,20,21,22,23,24,35,36,37,38,39,40	56	403	763	42|11|1|0|3|7|2|12|1|2|4|1
GA	Allmis	LTR	ERV4	SFV1-13_AMi-LTR	JH736583:172842-173608-	JH738772:94377-95140-	36	69	0	108,121,18,370,380,391,395,40,405,421,68,74	108,123,18,364,374,385,389,399,40,415,68,74	2	1,2,3,4,5,6,19,20,21,22,23,24	158	398	761	36|8|2|1|3|4|3|10|1|0|1|0
GA	Allmis	LTR	ERV4	SFV1-13_AMi-LTR	JH736583:172842-173608-	JH737548:38014-38783-	35	84	0	370,380,391,403,405,720,721,723,724,725,731,732,733,735	373,383,394,406,408,723,724,726,727,728,734,735,736,738	2	12,13,14,15,16,26,27,28,29,30,31,32,33,34	52	366	767	35|7|1|0|0|0|4|10|0|1|0|1
GA	Allmis	LTR	ERV4	SFV1-13_AMi-LTR	JH736583:172842-173608-	JH737439:88420-89179-	46	85	0	228,229,230,232,234,348,350,357,358,359,361,368	218,219,220,222,224,338,340,347,348,349,351,358	2	12,13,14,15,16,22,23,24,25,26,27,28	28	141	762	46|9|2|0|1|7|3|12|0|2|2|1
GA	Allmis	LTR	ERV4	SFV1-13_AMi-LTR	JH736609:242726-243461-	JH738309:616997-617708-	15	25	0	535,549,561,611,613,631,644,676,686,720,722	512,526,538,588,590,607,620,652,662,696,698	2	5,6,7,8,9,10,11,12,13,14,15	188	187	501	15|3|0|0|2|0|1|2|1|0|0|0
GA	Allmis	LTR	ERV4	SFV1-13_AMi-LTR	JH736619:147562-148056-	JH737439:88420-89179-	31	56	0	104,115,328,332,336,338,355,81,82,83,85,92	347,348,349,351,358,370,381,593,597,601,603,620	2	5,6,7,8,9,10,11,25,26,27,28,29	63	274	493	31|6|0|0|0|4|2|9|0|1|2|1
GA	Allmis	LTR	ERV4	SFV1-13_AMi-LTR	JH736646:102913-103674-	JH737439:88420-89179-	41	78	0	249,251,262,296,298,303,352,353,354,356,363,386,390,595,599,601,603,622,669	244,246,257,291,293,298,347,348,349,351,358,381,385,593,597,599,601,620,667	3	13,14,15,16,17,18,21,22,23,24,25,26,27,36,37,38,39,40,41	169	424	760	41|8|1|1|0|5|5|8|0|3|3|3
GA	Allmis	LTR	ERV4	SFV1-13_AMi-LTR	JH736658:45880-46639-	JH738772:94377-95140-	40	75	0	103,109,18,40,601,603,620,660,667,677,69,75	102,108,18,40,605,607,624,664,671,68,681,74	2	1,2,3,4,5,6,33,34,35,36,37,38	168	664	758	40|7|2|1|4|3|7|6|2|0|1|1
GA	Allmis	LTR	ERV4	SFV1-13_AMi-LTR	JH736658:45880-46639-	JH737439:88420-89179-	46	76	0	219,220,244,246,257,338,340,347,348,349,393,395,397,411,453,497,518,597,599,601,603,620	219,220,244,246,257,338,340,347,348,349,393,395,397,411,453,497,518,597,599,601,603,620	4	13,14,15,16,17,21,22,23,24,25,30,31,32,33,34,35,36,40,41,42,43,44	201	402	759	46|8|1|0|1|5|4|6|0|2|2|0
GA	Allmis	LTR	ERV4	SFV1-13_AMi-LTR	JH736658:45880-46639-	JH736990:99315-100082-	35	73	0	103,18,40,603,620,660,667,673,69,99	102,18,40,611,628,668,675,68,681,98	2	1,2,3,4,5,29,30,31,32,33	156	664	763	35|10|1|0|2|2|7|7|3|0|2|3
GA	Allmis	LTR	ERV4	SFV1-13_AMi-LTR	JH736660:105649-106275-	JH738309:616997-617708-	16	38	0	428,442,454,496,504,506,522,535,563,567,611,613	512,526,538,580,588,590,607,620,648,652,696,698	2	5,6,7,8,9,10,11,12,13,14,15,16	188	187	500	16|2|0|2|2|0|6|7|1|0|1|1
GA	Allmis	LTR	ERV4	SFV1-13_AMi-LTR	JH736664:149593-150328+	JH738777:1496552-1497300-	29	71	0	134,147,160,166,182,185,212,365,372,373,375,382	138,151,164,170,186,189,216,369,375,376,378,386	2	5,6,7,8,9,10,11,14,15,16,17,18	97	249	741	29|6|2|1|2|8|9|9|1|2|0|2
GA	Allmis	LTR	ERV4	SFV1-13_AMi-LTR	JH736664:149593-150328+	JH739617:371028-371790-	29	65	0	289,292,294,299,306,365,372,373,375,382	294,297,299,304,311,370,376,377,379,388	2	9,10,11,12,13,15,16,17,18,19	37	95	748	29|8|1|1|4|2|11|6|1|0|0|2
GA	Allmis	LTR	ERV4	SFV1-13_AMi-LTR	JH736664:149593-150328+	JH738109:223708-224467-	28	68	0	103,120,134,147,149,359,36,365,372,373,375,40,55,69	102,120,134,147,149,36,361,367,373,374,376,40,55,68	2	1,2,3,4,5,6,7,8,9,15,16,17,18,19	130	341	747	28|9|1|2|4|2|13|7|0|1|0|1
GA	Allmis	LTR	ERV4	SFV1-13_AMi-LTR	JH736664:149593-150328+	JH738772:94377-95140-	38	69	0	103,109,18,36,365,372,373,375,382,40,55,69,75	102,108,18,36,368,374,375,377,385,40,55,68,74	2	1,2,3,4,5,6,7,8,19,20,21,22,23	109	368	746	38|6|2|2|3|3|8|6|1|0|0|0
GA	Allmis	LTR	ERV4	SFV1-13_AMi-LTR	JH736664:149593-150328+	JH738606:45170-45925+	32	69	0	103,220,221,223,266,268,36,365,372,373,375,382,40,55,585,588,595,612,618,69	102,217,218,220,263,265,36,363,369,370,372,380,40,55,589,592,599,616,622,68	4	1,2,3,4,5,9,10,11,12,13,15,16,17,18,19,26,27,28,29,30	168	587	745	32|6|0|1|2|3|14|4|1|2|3|1
GA	Allmis	LTR	ERV4	SFV1-13_AMi-LTR	JH736664:149593-150328+	JH737633:134518-135276+	35	80	0	365,372,373,375,382,585,588,593,595,612	366,372,373,375,384,592,595,600,602,619	2	15,16,17,18,19,27,28,29,30,31	47	254	746	35|11|0|2|3|4|14|6|1|0|1|3
GA	Allmis	LTR	ERV4	SFV1-13_AMi-LTR	JH736692:182707-183445-	JH738109:223708-224467-	29	85	0	124,126,138,151,153,363,369,376,377,379	120,122,134,147,149,361,367,373,374,376	2	4,5,6,7,8,16,17,18,19,20	46	257	748	29|11|3|2|3|3|6|12|0|2|2|8
GA	Allmis	LTR	ERV4	SFV1-13_AMi-LTR	JH736692:182707-183445-	JH739617:371028-371790-	30	83	0	170,210,214,228,231,293,296,298,303,310,369,376,377,379,386	169,209,213,226,229,294,297,299,304,311,370,376,377,379,388	3	4,5,6,7,8,10,11,12,13,14,16,17,18,19,20	98	220	750	30|9|2|6|1|6|6|8|1|1|1|8
GA	Allmis	LTR	ERV4	SFV1-13_AMi-LTR	JH736692:182707-183445-	JH738606:45170-45925+	31	83	0	224,225,226,228,231,369,376,377,379,386	216,217,218,220,223,363,369,370,372,380	2	7,8,9,10,11,16,17,18,19,20	26	165	746	31|8|2|2|0|5|8|9|1|2|4|7
GA	Allmis	LTR	ERV4	SFV1-13_AMi-LTR	JH736692:182707-183445-	JH737633:134518-135276+	33	85	0	164,170,189,214,216,369,376,377,379,386	158,164,183,208,210,366,372,373,375,384	2	6,7,8,9,10,14,15,16,17,18	72	227	748	33|11|3|3|1|5|5|7|3|1|2|7
GA	Allmis	LTR	ERV4	SFV1-13_AMi-LTR	JH736710:449297-450054+	JH738606:45170-45925+	27	54	0	102,135,137,221,222,224,259,267,269,295,40,68	102,132,134,217,218,220,255,263,265,291,40,68	2	1,2,3,4,5,9,10,11,12,13,14,15	170	252	756	27|7|0|1|1|1|9|0|0|1|4|2
GA	Allmis	LTR	ERV4	SFV1-13_AMi-LTR	JH736710:449297-450054+	JH738772:94377-95140-	38	62	0	102,108,123,137,18,246,248,255,259,293,295,300,328,372,383,387,397,40,413,68,74	102,108,123,137,18,248,250,257,261,295,297,302,330,374,385,389,399,40,415,68,74	3	1,2,3,4,5,6,7,8,13,14,15,16,17,18,19,20,21,22,23,24,25	289	398	757	38|6|2|1|2|1|9|0|1|0|1|0
GA	Allmis	LTR	ERV4	SFV1-13_AMi-LTR	JH736710:449297-450054+	JH736990:99315-100082-	32	57	0	102,137,18,372,383,387,395,397,40,413,68,98	102,137,18,382,393,397,40,405,407,423,68,98	2	1,2,3,4,5,6,17,18,19,20,21,22	162	406	762	32|7|0|1|0|1|8|0|2|0|2|3
GA	Allmis	LTR	ERV4	SFV1-13_AMi-LTR	JH736710:449297-450054+	JH737439:88420-89179-	47	82	0	161,167,186,194,213,221,222,224,246,248,259,293,295,300,340,342,349,350,351,353,360	159,165,184,192,211,219,220,222,244,246,257,291,293,298,338,340,347,348,349,351,358	3	10,11,12,13,14,15,16,17,18,19,20,21,22,23,24,25,26,27,28,29,30	202	200	758	47|9|1|0|0|6|7|3|0|2|4|2
GA	Allmis	LTR	ERV4	SFV1-13_AMi-LTR	JH736715:253044-253803-	JH738109:223708-224467-	26	44	0	102,122,124,136,149,151,162,396,398,435,497,518,68	102,120,122,134,147,149,160,396,398,435,497,518,68	2	2,3,4,5,6,7,8,9,15,16,17,18,19	216	451	759	26|4|0|1|0|1|4|7|0|1|0|0
GA	Allmis	LTR	ERV4	SFV1-13_AMi-LTR	JH736715:253044-253803-	JH737242:1129367-1130125-	31	59	0	102,136,151,162,168,212,221,222,223,225,551,563,593,596,601,603	102,133,148,159,165,209,219,220,221,223,550,562,592,595,600,602	3	3,4,5,6,7,8,9,10,11,12,23,24,25,26,27,28	176	501	758	31|7|0|3|1|2|6|9|0|0|0|0
GA	Allmis	LTR	ERV4	SFV1-13_AMi-LTR	JH736715:253044-253803-	JH736990:99315-100082-	35	62	0	373,384,388,396,398,414,539,548,551,563,603,620	382,393,397,405,407,423,547,556,559,571,611,628	2	16,17,18,19,20,21,26,27,28,29,30,31	124	247	763	35|8|0|2|0|1|4|7|1|0|2|2
GA	Allmis	LTR	ERV4	SFV1-13_AMi-LTR	JH736715:253044-253803-	JH738772:94377-95140-	39	70	0	102,108,124,162,168,294,296,329,373,384,388,398,414,68,74	102,108,123,161,167,295,297,330,374,385,389,399,415,68,74	2	3,4,5,6,7,8,9,17,18,19,20,21,22,23,24	221	348	758	39|8|1|3|2|2|3|9|1|0|2|0
GA	Allmis	LTR	ERV4	SFV1-13_AMi-LTR	JH736715:253044-253803-	JH737439:88420-89179-	51	88	0	221,222,223,225,233,341,343,350,351,352,354,361,373,384,388,593,597,599,601,603,620	218,219,220,222,230,338,340,347,348,349,351,358,370,381,385,593,597,599,601,603,620	3	13,14,15,16,17,23,24,25,26,27,28,29,30,31,32,44,45,46,47,48,49	89	403	759	51|8|0|2|0|6|5|9|0|2|4|1
GA	Allmis	LTR	ERV4	SFV1-13_AMi-LTR	JH736764:26687-27054+	JH736990:99315-100082-	18	33	0	12,133,14,147,156,159,171,30,34,4	397,405,407,423,427,527,547,556,559,571	2	1,2,3,4,5,8,9,10,11,12	76	175	370	18|4|0|0|0|1|2|6|0|0|2|0
GA	Allmis	LTR	ERV4	SFV1-13_AMi-LTR	JH736775:5913-6625+	JH737548:38014-38783-	19	27	0	552,554,556,568,573,666,667,669,670,671,677,678,679,681,709	609,611,613,625,630,723,724,726,727,728,734,735,736,738,766	2	1,2,3,4,5,10,11,12,13,14,15,16,17,18,19	66	158	228	19|0|0|0|0|0|0|5|0|0|1|0
GA	Allmis	LTR	ERV4	SFV1-13_AMi-LTR	JH736825:690988-691756+	JH738772:94377-95140-	40	60	0	102,108,18,251,253,260,264,298,300,305,333,389,393,40,403,419,423,68,74	102,108,18,248,250,257,261,295,297,302,330,385,389,399,40,415,419,68,74	2	1,2,3,4,5,6,13,14,15,16,17,18,19,20,21,22,23,24,25	263	402	762	40|4|1|0|2|1|1|5|1|1|1|2
GA	Allmis	LTR	ERV4	SFV1-13_AMi-LTR	JH736825:690988-691756+	JH736990:99315-100082-	34	61	0	102,18,389,393,40,401,403,419,423,68,98	102,18,393,397,40,405,407,423,427,68,98	2	1,2,3,4,5,15,16,17,18,19,20	120	410	767	34|7|0|1|0|1|4|6|2|1|1|3
GA	Allmis	LTR	ERV4	SFV1-13_AMi-LTR	JH736825:690988-691756+	JH737439:88420-89179-	50	94	0	223,224,225,227,237,251,253,264,298,300,305,345,347,354,355,356,358,365,389,393	218,219,220,222,230,244,246,257,291,293,298,338,340,347,348,349,351,358,381,385	3	12,13,14,15,16,17,18,19,20,21,22,23,24,25,26,27,28,29,30,31	170	168	763	50|7|1|0|4|5|3|9|0|4|6|4
GA	Allmis	LTR	ERV4	SFV1-13_AMi-LTR	JH736847:26013-26774+	JH739617:371028-371790-	32	89	0	286,289,291,296,303,591,593,650,657,667	294,297,299,304,311,604,606,663,670,680	2	8,9,10,11,12,25,26,27,28,29	95	387	761	32|13|2|5|4|7|12|9|0|2|2|1
GA	Allmis	LTR	ERV4	SFV1-13_AMi-LTR	JH736865:60483-61229-	JH737439:88420-89179-	32	69	0	329,331,338,339,340,342,349,351,584,586,588,590,607	338,340,347,348,349,351,358,360,597,599,601,603,620	2	4,5,6,7,8,9,10,11,26,27,28,29,30	47	283	499	32|7|1|0|1|3|9|7|0|4|4|1
GA	Allmis	LTR	ERV4	SFV1-13_AMi-LTR	JH736930:50779-51499+	JH737364:67877-68602-	54	74	0	102,132,157,159,205,211,218,219,220,222,232,244,246,249,347,359,370,371,373,469,485,488,496,515,527,535,557,560,564,581,587,594	102,132,157,159,205,211,218,219,220,222,232,247,249,252,350,362,373,374,376,472,490,493,501,520,532,540,562,565,569,586,592,599	4	3,4,5,6,7,8,9,10,11,12,13,14,15,16,26,27,28,29,30,34,35,36,37,38,39,40,41,42,43,44,45,46	307	498	722	54|4|2|0|0|1|4|4|1|1|1|1
GA	Allmis	LTR	ERV4	SFV1-13_AMi-LTR	JH736930:50779-51499+	JH738206:37267-37987-	49	67	0	102,118,120,124,132,159,205,211,218,232,246,347,370,371,373,381,394,397,40,401,515,542,560,564,576,581,68,98	102,118,120,124,132,151,197,203,210,224,241,342,365,366,368,376,389,392,396,40,516,543,561,565,577,582,68,98	3	2,3,4,5,6,7,8,9,10,11,12,13,14,15,21,22,23,24,25,26,27,28,37,38,39,40,41,42	324	543	717	49|3|3|0|2|1|3|4|1|1|0|0
GA	Allmis	LTR	ERV4	SFV1-13_AMi-LTR	JH736930:50779-51499+	JH739134:200052-200381-	13	18	0	102,157,204,211,218,219,220,222,232,68	102,156,203,210,218,219,220,222,232,68	2	1,2,3,4,5,6,7,8,9,10	166	165	329	13|1|1|0|0|0|2|0|0|0|1|0
GA	Allmis	LTR	ERV4	SFV1-13_AMi-LTR	JH736930:50779-51499+	JH738772:94377-95140-	16	31	0	102,108,120,244,246,257,278,291,293,68,74	102,108,123,248,250,261,282,295,297,68,74	2	3,4,5,6,7,11,12,13,14,15,16	106	230	327	16|2|0|1|2|3|1|3|0|2|0|1
GA	Allmis	LTR	ERV4	SFV1-13_AMi-LTR	JH736943:127324-128042-	JH737364:67877-68602-	54	72	0	218,219,220,222,232,244,469,483,486,494,513,525,533,555,558,560,562,579,585,592,626,636,655,656,699,703,708,710	218,219,220,222,235,247,476,490,493,501,520,532,540,562,565,567,569,586,592,599,633,643,662,663,706,710,715,717	4	9,10,11,12,13,14,33,34,35,36,37,38,39,40,41,42,43,44,45,46,47,48,49,50,51,52,53,54	274	500	721	54|5|0|0|0|1|3|2|1|1|1|1
GA	Allmis	LTR	ERV4	SFV1-13_AMi-LTR	JH736943:127324-128042-	JH738206:37267-37987-	49	66	0	102,118,120,124,132,159,291,293,304,305,339,347,370,371,373,381,389,394,397,401,513,558,560,562,574,579,619,626,636,68,699,708,709,710,98	102,118,120,124,132,151,286,288,299,300,334,342,365,366,368,376,384,389,392,396,516,561,563,565,577,582,622,629,639,68,702,711,712,713,98	5	4,5,6,7,8,9,10,11,16,17,18,19,20,21,22,23,24,25,26,27,28,29,37,38,39,40,41,42,43,44,45,46,47,48,49	395	646	716	49|4|1|0|2|1|2|3|2|0|0|0
GA	Allmis	LTR	ERV4	SFV1-13_AMi-LTR	JH736990:99315-100082-	JH737439:85502-85955-	24	52	0	359,360,361,363,370,401,403,732,733,734,736,738,748	33,34,35,37,418,419,420,422,424,434,44,75,77	2	3,4,5,6,7,8,9,19,20,21,22,23,24	62	402	447	24|4|1|0|2|1|4|8|0|1|1|0
GA	Allmis	LTR	ERV4	SFV1-13_AMi-LTR	JH737012:223268-224015-	JH738772:94377-95140-	41	83	0	102,108,18,358,368,379,383,393,395,40,409,68,74	102,108,18,364,374,385,389,399,40,401,415,68,74	2	1,2,3,4,5,6,20,21,22,23,24,25,26	143	398	752	41|8|1|3|4|5|4|12|1|0|2|2
GA	Allmis	LTR	ERV4	SFV1-13_AMi-LTR	JH737041:986819-987542+	JH737439:88420-89179-	43	107	0	354,355,356,357,364,593,596,598,600,602,619	347,348,349,350,358,594,597,599,601,603,620	2	19,20,21,22,23,36,37,38,39,40,41	39	274	701	43|10|1|4|5|8|5|15|2|4|4|6
GA	Allmis	LTR	ERV4	SFV1-13_AMi-LTR	JH737063:1323448-1324154+	JH737364:67877-68602-	54	74	0	220,221,223,231,233,343,351,363,374,375,377,430,432,445,473,487,490,494,498,517,529,537,559,562,564,566,583,589,596	219,220,222,230,232,342,350,362,373,374,376,429,431,444,472,490,493,497,501,520,532,540,562,565,567,569,586,592,599	4	9,10,11,12,13,24,25,26,27,28,29,31,32,33,34,35,36,37,38,39,40,41,42,43,44,45,46,47,48	221	381	715	54|4|0|0|0|1|1|5|2|2|2|2
GA	Allmis	LTR	ERV4	SFV1-13_AMi-LTR	JH737063:1323448-1324154+	JH738206:37267-37987-	51	63	0	103,119,121,125,133,160,18,206,212,231,233,295,297,308,309,343,351,374,375,377,385,393,398,40,401,405,498,517,544,562,564,566,578,583,69,99	102,118,120,124,132,151,18,197,203,222,224,286,288,299,300,334,342,365,366,368,376,384,389,392,396,40,497,516,543,561,563,565,577,582,68,98	3	1,2,3,4,5,6,7,8,9,10,11,12,13,14,15,16,17,18,19,20,21,22,23,24,25,26,27,28,38,39,40,41,42,43,44,45	466	565	710	51|2|0|0|0|2|1|4|2|0|0|1
GA	Allmis	LTR	ERV4	SFV1-13_AMi-LTR	JH737101:25659-26415-	JH737633:134518-135276+	32	56	0	159,161,184,209,222,590,593,598,600,617	158,160,183,209,222,592,595,600,602,619	2	7,8,9,10,11,24,25,26,27,28	93	462	757	32|11|1|0|1|1|3|4|1|0|1|1
GA	Allmis	LTR	ERV4	SFV1-13_AMi-LTR	JH737101:25659-26415-	JH739617:371028-371790-	32	54	0	288,291,293,298,305,664,674,722,747,753	294,297,299,304,311,670,680,728,753,759	2	10,11,12,13,14,28,29,30,31,32	108	466	759	32|5|1|0|3|1|5|4|1|0|1|1
GA	Allmis	LTR	ERV4	SFV1-13_AMi-LTR	JH737101:25659-26415-	JH737439:88420-89179-	53	91	0	218,219,220,222,244,246,347,348,349,351,358,370,381,385,590,594,596,598,600,617	218,219,220,222,244,246,347,348,349,351,358,370,381,385,593,597,599,601,603,620	3	14,15,16,17,18,19,26,27,28,29,30,31,32,33,46,47,48,49,50,51	96	403	757	53|10|1|0|2|5|4|9|1|1|5|0
GA	Allmis	LTR	ERV4	SFV1-13_AMi-LTR	JH737202:1405484-1406199+	JH737364:67877-68602-	52	66	0	131,156,158,204,210,217,218,219,221,231,243,245,338,346,358,370,372,425,427,440,468,484,487,491,495,514,530,552,555,557,559,576,582,589	132,157,159,205,211,218,219,220,222,232,247,249,342,350,362,374,376,429,431,444,472,490,493,497,501,520,540,562,565,567,569,586,592,599	5	4,5,6,7,8,9,10,11,12,13,14,15,23,24,25,26,27,29,30,31,32,33,34,35,36,37,38,39,40,41,42,43,44,45	326	468	719	52|5|0|0|0|1|1|2|1|1|1|1
GA	Allmis	LTR	ERV4	SFV1-13_AMi-LTR	JH737202:1405484-1406199+	JH738206:37267-37987-	52	65	0	101,117,119,123,131,158,16,17,204,210,217,231,245,290,303,304,338,346,370,372,380,388,39,393,396,400,514,537,555,557,559,571,576,67,97	102,118,120,124,132,151,17,18,197,203,210,224,241,286,299,300,334,342,366,368,376,384,389,392,396,40,516,543,561,563,565,577,582,68,98	4	1,2,3,4,5,6,7,8,9,10,11,12,13,14,15,16,17,18,19,20,21,22,23,24,25,26,27,28,39,40,41,42,43,44,45	449	566	715	52|3|0|0|1|0|4|3|2|0|0|0
GA	Allmis	LTR	ERV4	SFV1-13_AMi-LTR	JH737242:1129367-1130125-	JH738772:94377-95140-	26	60	0	231,233,235,247,249,294,296,301,327,365,382,386	232,234,236,248,250,295,297,302,330,368,385,389	1	5,6,7,8,9,10,11,12,13,14,15,16	158	158	757	26|6|1|1|1|1|14|6|1|2|1|0
GA	Allmis	LTR	ERV4	SFV1-13_AMi-LTR	JH737282:143290-144014-	JH737364:67877-68602-	52	73	0	134,159,161,207,219,220,221,223,231,233,247,252,342,362,373,374,376,429,431,444,472,486,489,493,497,516,528,536	132,157,159,205,218,219,220,222,230,232,247,252,342,362,373,374,376,429,431,444,472,490,493,497,501,520,532,540	4	4,5,6,7,8,9,10,11,12,13,14,15,24,25,26,27,28,30,31,32,33,34,35,36,37,38,39,40	269	409	724	52|5|0|1|0|2|2|6|1|1|1|1
GA	Allmis	LTR	ERV4	SFV1-13_AMi-LTR	JH737282:143290-144014-	JH738206:37267-37987-	49	68	0	102,120,122,126,134,161,18,207,219,231,233,294,296,307,308,342,373,374,376,384,392,397,40,400,404,68,98	102,118,120,124,132,151,18,197,210,222,224,286,288,299,300,334,365,366,368,376,384,389,392,396,40,68,98	3	1,2,3,4,5,6,7,8,9,10,11,12,13,14,15,16,17,18,19,20,21,22,23,24,25,26,27	381	379	719	49|3|0|1|1|1|3|7|2|0|1|0
GA	Allmis	LTR	ERV4	SFV1-13_AMi-LTR	JH737325:174140-174895-	JH738772:94377-95140-	39	81	0	102,108,121,18,368,379,383,393,395,40,409,74,8	102,108,123,18,374,385,389,399,40,401,415,74,8	2	1,2,3,4,5,6,7,19,20,21,22,23,24	158	408	756	39|5|2|2|2|0|4|8|1|0|0|1
GA	Allmis	LTR	ERV4	SFV1-13_AMi-LTR	JH737349:220984-221190-	JH738109:223708-224467-	10	12	0	102,105,119,121,133,146,148,159,40,68	102,105,120,122,134,147,149,160,40,68	1	1,2,3,4,5,6,7,8,9,10	121	121	206	10|0|0|0|0|0|1|1|0|0|0|0
GA	Allmis	LTR	ERV4	SFV1-13_AMi-LTR	JH737349:220984-221190-	JH738772:94377-95140-	10	12	0	102,105,108,121,159,165,18,40,68,74	102,105,108,123,161,167,18,40,68,74	1	1,2,3,4,5,6,7,8,9,10	150	150	207	10|1|0|0|0|0|0|1|0|0|0|0
GA	Allmis	LTR	ERV4	SFV1-13_AMi-LTR	JH737364:374752-375498-	JH737439:88420-89179-	48	96	0	224,225,227,249,251,352,354,363,384,388	219,220,222,244,246,347,349,360,381,385	2	13,14,15,16,17,25,26,27,28,29	67	167	752	48|9|2|3|1|5|3|13|2|2|4|4
GA	Allmis	LTR	ERV4	LT46E_AMi-LTR	JH735208:287793-288576-	JH739632:702158-702840-	13	33	0	309,324,357,389,417,675,695,716,748,757,758	206,221,254,286,314,574,594,615,647,656,657	2	1,2,3,4,5,8,9,10,11,12,13	193	452	535	13|9|0|1|0|0|2|5|0|1|1|1
GA	Allmis	LTR	ERV4	SFV1-13_AMi-LTR	JH737391:82166-82919+	JH739617:371028-371790-	30	50	0	288,291,293,298,305,483,502,512,519,545,557,593,595,597	294,297,299,304,311,492,511,521,528,554,566,602,604,606	2	7,8,9,10,11,16,17,18,19,20,21,22,23,24	133	313	757	30|5|0|0|3|0|8|1|0|0|1|0
GA	Allmis	LTR	ERV4	SFV1-13_AMi-LTR	JH737391:82166-82919+	JH738772:94377-95140-	40	67	0	102,108,121,159,165,18,209,244,253,291,293,298,326,368,379,383,393,40,409,413,68,74	102,108,123,161,167,18,211,248,257,295,297,302,330,374,385,389,399,40,415,419,68,74	2	1,2,3,4,5,6,7,8,9,10,14,15,16,17,18,19,20,21,22,23,24,25	366	402	755	40|5|1|1|4|2|7|1|1|0|3|0
GA	Allmis	LTR	ERV4	SFV1-13_AMi-LTR	JH737391:82166-82919+	JH737439:88420-89179-	48	87	0	338,340,347,348,349,351,368,379,383,587,591,593,595,597,614	338,340,347,348,349,351,370,381,385,593,597,599,601,603,620	2	20,21,22,23,24,25,26,27,28,41,42,43,44,45,46	76	283	756	48|9|1|0|2|6|6|4|0|2|5|2
GA	Allmis	LTR	ERV4	SFV1-13_AMi-LTR	JH737408:626207-626961-	JH738109:223708-224467-	31	56	0	119,121,133,146,148,159,266,292,297,357,359,369	120,122,134,147,149,160,270,296,301,361,363,373	2	4,5,6,7,8,9,11,12,13,14,15,16	145	254	756	31|5|0|1|0|1|9|6|0|1|1|1
GA	Allmis	LTR	ERV4	SFV1-13_AMi-LTR	JH737408:626207-626961-	JH738772:94377-95140-	40	66	0	243,245,252,256,290,292,297,325,359,369,380,384,394,396,410	248,250,257,261,295,297,302,330,364,374,385,389,399,401,415	1	12,13,14,15,16,17,18,19,20,21,22,23,24,25,26	168	168	754	40|6|1|2|2|2|3|7|1|0|1|1
GA	Allmis	LTR	ERV4	SFV1-13_AMi-LTR	JH737408:626207-626961-	JH737439:88420-89179-	51	83	0	217,218,219,221,243,245,256,290,292,297,337,339,346,347,348,350,357,359,369,380,384,592,594,596,598,615	218,219,220,222,244,246,257,291,293,298,338,340,347,348,349,351,358,360,370,381,385,597,599,601,603,620	3	13,14,15,16,17,18,19,20,21,22,23,24,25,26,27,28,29,30,31,32,33,45,46,47,48,49	193	403	751	51|8|0|1|0|5|3|8|0|2|4|1
GA	Allmis	LTR	ERV4	SFV1-13_AMi-LTR	JH737427:221857-222614-	JH738606:45170-45925+	29	56	0	218,219,220,222,257,265,590,593,600,617,623	216,217,218,220,255,263,589,592,599,616,622	2	6,7,8,9,10,11,24,25,26,27,28	82	407	756	29|6|0|0|1|1|8|7|0|1|3|0
GA	Allmis	LTR	ERV4	SFV1-13_AMi-LTR	JH737427:221857-222614-	JH737439:88420-89179-	49	87	0	126,134,159,161,184,218,219,220,222,244,246,257,338,340,347,348,349,351,590,594,596,598,600,617	125,134,159,161,184,218,219,220,222,244,246,257,338,340,347,348,349,351,593,597,599,601,603,620	4	7,8,9,10,11,13,14,15,16,17,18,19,23,24,25,26,27,28,42,43,44,45,46,47	142	496	758	49|9|0|0|1|5|5|11|1|1|5|0
GA	Allmis	LTR	ERV4	SFV1-13_AMi-LTR	JH737537:60167-60935-	JH738772:94377-95140-	38	62	0	102,108,121,123,18,300,302,307,335,379,40,68,74	102,108,123,125,18,295,297,302,330,374,40,68,74	2	1,2,3,4,5,6,7,8,17,18,19,20,21	188	357	762	38|6|2|0|3|4|3|1|1|1|1|1
GA	Allmis	LTR	ERV4	SFV1-13_AMi-LTR	JH737537:60167-60935-	JH737548:38014-38783-	35	78	0	102,123,133,68,722,723,725,726,727,733,734,735,737,765,98	103,107,128,139,723,724,726,727,728,73,734,735,736,738,766	2	2,3,4,5,6,26,27,28,29,30,31,32,33,34,35	111	694	768	35|7|0|0|0|0|3|4|0|2|0|1
GA	Allmis	LTR	ERV4	SFV1-13_AMi-LTR	JH737633:62643-63352-	JH738206:37267-37987-	46	61	0	102,118,120,124,132,159,18,205,211,230,373,374,376,384,392,397,40,400,404,486,489,531,549,551,553,565,68,98	102,118,120,124,132,151,18,197,203,222,365,366,368,376,384,389,392,396,40,486,489,543,561,563,565,577,68,98	4	1,2,3,4,5,6,7,8,9,10,11,12,13,20,21,22,23,24,25,26,27,34,35,36,37,38,39,40	330	560	712	46|2|0|0|1|0|6|1|2|0|2|0
GA	Allmis	LTR	ERV4	SFV1-13_AMi-LTR	JH737651:1337260-1337993-	JH738606:45170-45925+	27	69	0	220,221,222,224,227,232,261,269,271,297	216,217,218,220,223,228,255,263,265,291	1	7,8,9,10,11,12,13,14,15,16	76	76	702	27|10|1|1|2|3|8|6|1|3|5|2
GA	Allmis	LTR	ERV4	SFV1-13_AMi-LTR	JH737685:48481-49250+	JH738606:45170-45925+	30	71	0	221,222,223,225,233,595,598,605,622,628	216,217,218,220,228,589,592,599,616,622	2	8,9,10,11,12,25,26,27,28,29	47	407	762	30|7|1|0|2|1|7|9|0|1|3|1
GA	Allmis	LTR	ERV4	SFV1-13_AMi-LTR	JH737745:28863-29601+	JH738109:223708-224467-	29	61	0	119,121,133,135,146,148,164,267,293,298,341,351,374,376	120,122,134,136,147,149,165,270,296,301,363,373,396,398	2	5,6,7,8,9,10,11,13,14,15,16,17,18,19	175	279	748	29|3|0|0|2|0|10|7|0|2|0|1
GA	Allmis	LTR	ERV4	SFV1-13_AMi-LTR	JH737745:28863-29601+	JH738772:94377-95140-	37	70	0	102,18,253,257,291,293,298,40,45,68,74	102,18,257,261,295,297,302,40,45,68,74	2	1,2,3,4,5,6,14,15,16,17,18	131	285	747	37|5|1|2|2|2|5|8|1|0|0|0
GA	Allmis	LTR	ERV4	SFV1-13_AMi-LTR	JH737804:489042-489763+	JH738206:37267-37987-	46	68	0	102,118,120,124,132,159,18,205,294,307,308,342,350,373,374,376,384,397,40,400,404,543,561,563,565,577,582,68,98	102,118,120,124,132,151,18,197,286,299,300,334,342,365,366,368,376,389,392,396,40,543,561,563,565,577,582,68,98	4	1,2,3,4,5,6,7,8,9,10,11,15,16,17,18,19,20,21,22,23,24,25,26,38,39,40,41,42,43	332	565	708	46|2|0|1|0|0|4|11|2|0|1|0
GA	Allmis	LTR	ERV4	SFV1-13_AMi-LTR	JH737892:59964-60726+	JH739617:371028-371790-	27	72	0	293,296,298,303,310,670,680,691,728,753	294,297,299,304,311,670,680,691,728,753	2	7,8,9,10,11,23,24,25,26,27	102	460	762	27|10|0|4|5|0|6|12|1|1|1|5
GA	Allmis	LTR	ERV4	SFV1-13_AMi-LTR	JH737892:59964-60726+	JH738772:94377-95140-	39	84	0	363,384,388,398,400,414,604,606,623,670,680,691	364,385,389,399,401,415,605,607,624,671,681,692	2	18,19,20,21,22,23,32,33,34,35,36,37	140	329	758	39|9|1|4|4|2|6|11|2|0|1|5
GA	Allmis	LTR	ERV4	SFV1-13_AMi-LTR	JH737950:61496-62215-	JH738206:37267-37987-	48	67	0	100,116,118,122,130,157,18,203,209,228,230,292,294,305,306,340,348,371,372,374,382,390,395,398,40,402,514,541,559,561,563,575,580,66,96	102,118,120,124,132,151,18,197,203,222,224,286,288,299,300,334,342,365,366,368,376,384,389,392,396,40,516,543,561,563,565,577,582,68,98	3	1,2,3,4,5,6,7,8,9,10,11,12,13,14,16,17,18,19,20,21,22,23,24,25,26,27,28,29,39,40,41,42,43,44,45	385	565	707	48|2|1|0|2|1|3|3|2|0|2|0
GA	Allmis	LTR	ERV4	SFV1-13_AMi-LTR	JH737993:15561-16292-	JH739617:371028-371790-	32	93	0	200,204,212,217,220,285,288,290,295,302	209,213,221,226,229,294,297,299,304,311	2	8,9,10,11,12,13,14,15,16,17	104	103	697	32|9|2|8|2|7|6|11|3|2|1|10
GA	Allmis	LTR	ERV4	SFV1-13_AMi-LTR	JH738026:474295-475025+	JH738772:94377-95140-	38	74	0	249,251,257,261,295,297,375,376,378,385,389	248,250,257,261,295,297,374,375,377,385,389	2	12,13,14,15,16,17,19,20,21,22,23	66	142	742	38|6|3|3|4|4|1|7|1|2|2|3
GA	Allmis	LTR	ERV4	SFV1-13_AMi-LTR	JH738078:27393-28152+	JH738109:223708-224467-	20	47	0	120,122,134,136,147,189,223,270,296,301	120,122,134,136,147,189,223,270,296,301	2	2,3,4,5,6,7,8,9,10,11	183	182	759	20|4|2|0|0|1|8|5|1|1|1|1
GA	Allmis	LTR	ERV4	SFV1-13_AMi-LTR	JH738100:630319-630559+	JH738109:223708-224467-	11	15	0	104,121,123,135,137,148,150,166,40,70	102,120,122,134,136,147,149,165,40,68	1	1,2,3,4,5,6,7,8,9,10	126	126	239	11|0|0|0|0|0|3|1|0|0|0|0
GA	Allmis	LTR	ERV4	SFV1-13_AMi-LTR	JH738139:60170-60931+	JH739617:371028-371790-	30	47	0	108,139,163,209,213,294,297,299,304,311,553,565,601,603,605	108,139,163,209,213,294,297,299,304,311,554,566,602,604,606	3	2,3,4,5,6,7,8,9,10,11,21,22,23,24,25	258	499	761	30|6|0|0|2|0|0|6|0|0|1|2
GA	Allmis	LTR	ERV4	SFV1-13_AMi-LTR	JH738139:60170-60931+	JH738606:45170-45925+	34	57	0	222,223,224,234,263,271,273,299,510,520,532,541,553,565,595,598,605,622,628	216,217,218,228,255,263,265,291,504,514,526,535,547,559,589,592,599,616,622	3	9,10,11,12,13,14,15,16,22,23,24,25,26,27,28,29,30,31,32	196	407	758	34|5|0|0|0|1|5|4|1|1|4|2
GA	Allmis	LTR	ERV4	SFV1-13_AMi-LTR	JH738139:60170-60931+	JH738772:94377-95140-	43	64	0	250,252,259,263,297,299,304,332,376,387,391,401,417,421	248,250,257,261,295,297,302,330,374,385,389,399,415,419	1	14,15,16,17,18,19,20,21,22,23,24,25,26,27	172	172	759	43|4|1|1|2|2|2|5|1|0|1|2
GA	Allmis	LTR	ERV4	SFV1-13_AMi-LTR	JH738181:1179321-1180043-	JH738206:37267-37987-	51	65	0	103,119,121,125,129,133,160,18,206,212,231,295,343,351,374,375,377,385,393,398,40,401,405,517,520,544,564,566,578,583,69,99	102,118,120,124,128,132,151,18,197,203,222,286,334,342,365,366,368,376,384,389,392,396,40,516,519,543,563,565,577,582,68,98	4	1,2,3,4,5,6,7,8,9,10,11,12,13,14,15,19,20,21,22,23,24,25,26,27,28,39,40,41,42,43,44,45	400	565	718	51|3|0|0|0|0|1|5|3|0|2|0
GA	Allmis	LTR	ERV4	SFV1-13_AMi-LTR	JH738208:76036-76790+	JH738772:94377-95140-	42	75	0	161,167,232,234,236,240,248,257,261,295,297,302,374,385,389,596,598,615,655,662	161,167,232,234,236,240,248,257,261,295,297,302,374,385,389,605,607,624,664,671	3	7,8,9,10,11,12,13,15,16,17,18,19,20,21,22,35,36,37,38,39	288	511	753	42|5|2|2|4|1|6|9|2|0|2|0
GA	Allmis	LTR	ERV4	SFV1-13_AMi-LTR	JH738208:76036-76790+	JH738606:45170-45925+	31	66	0	220,221,222,224,232,588,591,598,615,621	216,217,218,220,228,589,592,599,616,622	2	7,8,9,10,11,26,27,28,29,30	47	407	752	31|5|2|1|4|0|9|7|1|0|5|1
GA	Allmis	LTR	ERV4	SFV1-13_AMi-LTR	JH738319:183311-184076+	JH738606:45170-45925+	30	66	0	217,218,219,221,229,258,266,268,591,599,602,609,626	216,217,218,220,228,255,263,265,581,589,592,599,616	2	7,8,9,10,11,12,13,14,24,25,26,27,28	86	401	760	30|7|0|0|3|0|4|9|1|1|3|1
GA	Allmis	LTR	ERV4	SFV1-13_AMi-LTR	JH738328:176493-177213-	JH738772:94377-95140-	17	36	0	102,108,120,255,259,280,293,295,55,68,74	102,108,123,257,261,282,295,297,54,68,74	2	3,4,5,6,7,8,13,14,15,16,17	111	244	328	17|2|0|1|2|4|1|4|0|2|2|1
GA	Allmis	LTR	ERV4	SFV1-13_AMi-LTR	JH738328:211371-212139+	JH739617:371028-371790-	34	80	0	293,296,298,303,310,376,382,383,384,386,393,548,560,596,598,600,657,664,707,734,759	294,297,299,304,311,368,376,377,378,380,388,554,566,602,604,606,663,670,707,728,753	4	7,8,9,10,11,13,14,15,16,17,18,24,25,26,27,28,29,30,31,32,33	240	460	765	34|13|0|5|3|1|7|7|3|0|2|5
GA	Allmis	LTR	ERV4	SFV1-13_AMi-LTR	JH738328:211371-212139+	JH738772:94377-95140-	42	84	0	249,251,258,262,296,298,303,376,382,383,384,386,393	248,250,257,261,295,297,302,366,374,375,376,378,385	2	12,13,14,15,16,17,18,20,21,22,23,24,25	75	138	762	42|10|4|5|3|1|4|6|3|0|3|3
GA	Allmis	LTR	ERV4	SFV1-13_AMi-LTR	JH738328:211371-212139+	JH738606:45170-45925+	35	85	0	235,262,270,272,298,376,382,383,384,386,393	228,255,263,265,291,363,369,370,371,373,380	2	10,11,12,13,14,16,17,18,19,20,21	82	153	761	35|13|1|3|3|1|9|5|3|1|7|4
GA	Allmis	LTR	ERV4	SFV1-13_AMi-LTR	JH738427:177513-178274+	JH738772:94377-95140-	42	60	0	102,18,249,251,262,263,296,298,299,303,331,40,603,605,622,662,669,68,74	102,18,248,250,261,262,295,297,298,302,330,40,605,607,624,664,671,68,74	3	1,2,3,4,5,14,15,16,17,18,19,20,21,22,34,35,36,37,38	235	654	759	42|5|0|1|0|1|5|5|0|0|0|1
GA	Allmis	LTR	ERV4	SFV1-13_AMi-LTR	JH738427:177513-178274+	JH738606:45170-45925+	34	65	0	221,222,223,225,233,262,263,270,272,298,299,595,598,605,622,628	216,217,218,220,228,255,256,263,265,291,292,589,592,599,616,622	3	9,10,11,12,13,14,15,16,17,18,19,28,29,30,31,32	112	407	758	34|7|1|0|0|1|9|4|1|1|5|2
GA	Allmis	LTR	ERV4	SFV1-13_AMi-LTR	JH738459:177057-177799-	JH738772:94377-95140-	35	63	0	102,108,122,160,165,245,258,292,294,299,327,369,380,384,394,396,410	102,108,123,161,166,248,261,295,297,302,330,374,385,389,399,401,415	3	4,5,6,7,8,10,11,12,13,14,15,16,17,18,19,20,21	234	314	749	35|7|1|3|3|2|4|5|1|1|0|0
GA	Allmis	LTR	ERV4	SFV1-13_AMi-LTR	JH738553:321777-322534+	JH738772:94377-95140-	39	64	0	245,247,258,292,294,299,327,371,382,386	248,250,261,295,297,302,330,374,385,389	1	12,13,14,15,16,17,18,19,20,21	142	142	757	39|6|0|3|2|0|4|8|0|1|1|0
GA	Allmis	LTR	ERV4	SFV1-13_AMi-LTR	JH738553:321777-322534+	JH739617:371028-371790-	32	64	0	289,292,294,299,306,549,561,597,599,601,658,665	294,297,299,304,311,554,566,602,604,606,663,670	2	8,9,10,11,12,22,23,24,25,26,27,28	135	377	759	32|5|1|2|3|0|8|6|1|1|2|3
GA	Allmis	LTR	ERV4	SFV1-13_AMi-LTR	JH738553:603485-604233+	JH738772:94377-95140-	36	68	0	102,108,18,230,242,244,251,255,289,296,324,68,74	102,108,18,234,248,250,257,261,295,302,330,68,74	2	1,2,3,4,5,11,12,13,14,15,16,17,18	188	313	752	36|5|2|2|4|3|4|7|1|1|0|2
GA	Allmis	LTR	ERV4	SFV1-13_AMi-LTR	JH738582:347468-348236+	JH738606:45170-45925+	30	66	0	230,231,232,234,236,602,605,612,629,635	216,217,218,220,222,589,592,599,616,622	2	7,8,9,10,11,24,25,26,27,28	41	407	761	30|7|1|0|2|4|7|9|0|0|3|1
GA	Allmis	LTR	ERV4	SFV1-13_AMi-LTR	JH738582:347468-348236+	JH738777:1496552-1497300-	31	78	0	161,167,183,186,200,560,572,612,629,635	164,170,186,189,203,540,552,592,609,615	2	6,7,8,9,10,21,22,23,24,25	116	452	758	31|5|2|3|1|10|7|13|0|2|2|0
GA	Allmis	LTR	ERV4	SFV1-13_AMi-LTR	AKHW01101374:4938-5696-	JH739617:371028-371790-	31	62	0	288,291,293,298,305,550,562,598,600,602	294,297,299,304,311,554,566,602,604,606	2	8,9,10,11,12,21,22,23,24,25	71	313	760	31|5|0|1|2|1|8|7|0|1|2|4
GA	Allmis	LTR	ERV4	SFV1-13_AMi-LTR	AKHW01101374:4938-5696-	JH738772:94377-95140-	40	63	0	102,108,122,159,161,165,18,291,293,298,326,370,381,385,395,40,413,74	102,108,123,161,163,167,18,295,297,302,330,374,385,389,399,40,415,74	2	1,2,3,4,5,6,7,8,9,17,18,19,20,21,22,23,24,25	271	398	757	40|5|1|1|1|0|6|6|0|1|2|0
GA	Allmis	LTR	ERV4	SFV1-13_AMi-LTR	JH738672:131902-132653+	JH739617:371028-371790-	26	43	0	290,293,295,300,307,324,517,543,555,586,593,595	294,297,299,304,311,328,521,554,566,597,604,606	2	8,9,10,11,12,13,21,22,23,24,25,26	121	313	628	26|6|0|0|1|1|3|4|0|0|0|0
GA	Allmis	LTR	ERV4	SFV1-13_AMi-LTR	JH738672:131902-132653+	JH738772:94377-95140-	38	57	0	102,18,293,295,300,324,328,362,384,388,398,40,68,74,8	102,18,295,297,302,326,330,364,385,389,399,40,68,74,8	2	1,2,3,4,5,6,17,18,19,20,21,22,23,24,25	200	392	629	38|5|1|0|1|0|2|5|0|0|1|2
GA	Allmis	LTR	ERV4	SFV1-13_AMi-LTR	JH738744:47561-48280+	JH738772:94377-95140-	37	68	0	102,108,120,18,36,382,386,396,398,40,412,74	102,108,123,18,36,385,389,399,40,401,415,74	2	1,2,3,4,5,6,7,18,19,20,21,22	137	398	737	37|3|1|2|2|3|3|11|0|2|1|3
GA	Allmis	LTR	ERV4	SFV1-13_AMi-LTR	JH738747:504794-505535+	JH738772:94377-95140-	40	82	0	386,390,400,402,416,583,585,602,642,649	385,389,399,401,415,605,607,624,664,671	2	21,22,23,24,25,33,34,35,36,37	98	287	749	40|11|1|5|3|3|4|8|2|0|1|4
